company_name,url,contact_url,decision,reason
DICグラフィックス株式会社,https://www.dic-global.com/ja/index.html,https://www.dic-global.com/ja/contact/,review,major_group_keyword_requires_official_check
イトーテック株式会社,https://www.itotec.co.jp/,https://www.itotec.co.jp/toiawase.html,exclude,existing_sheet_match
タック株式会社,https://taias.co.jp/,https://taias.co.jp/contact/,exclude,existing_sheet_match
ハイデルベルグ・ジャパン株式会社,https://www.heidelberg.com/jp/ja/index.jsp,https://www.heidelberg.com/jp/ja/preview_pages/forms/contact_descriptor.jsp,review,major_group_keyword_requires_official_check
プリントス株式会社,https://printos.co.jp/,https://printos.co.jp/contact,exclude,existing_sheet_match
マツモト印刷株式会社,https://www.printing.co.jp/,https://www.printing.co.jp/contact,exclude,existing_sheet_match
モリカワペーパー株式会社,https://morikawa-paper.jp/,https://morikawa-paper.jp/contact/,exclude,existing_sheet_match
モリプリント株式会社,https://mori-print.co.jp/,https://mori-print.co.jp/orderform/,exclude,existing_sheet_match
ユタカ印刷株式会社,https://www.yutaka-ltd.co.jp/,http://www.yutaka-ltd.co.jp/contact/,exclude,existing_sheet_match
リコージャパン株式会社,https://www.ricoh.co.jp/,https://www.ricoh.co.jp/products/line-up/quotation-management-system,review,major_group_keyword_requires_official_check
リョービMHIグラフィックテクノロジー株式会社,https://www.ryobi-group.co.jp/graphic/,https://www.ryobi-group.co.jp/graphic/contact/,review,major_group_keyword_requires_official_check
不二印刷工業株式会社,http://fujip.co.jp/,https://fujip.co.jp/?page_id=275,exclude,existing_sheet_match
伊藤手帳株式会社,https://ito-techo.jp,https://ito-techo.jp/contact/contact-freeform,exclude,existing_sheet_match
半田中央印刷株式会社,https://handa-cp.co.jp/,https://handa-cp.co.jp/contact/,exclude,existing_sheet_match
名鉄局印刷株式会社,https://meitetukyoku.co.jp/,https://meitetukyoku.co.jp/contact/,exclude,existing_sheet_match
太美工芸株式会社,https://www.taibi.co.jp/,https://www.taibi.co.jp/contact/,exclude,existing_sheet_match
安城印刷株式会社,https://www.a-print.co.jp/,https://www.a-print.co.jp/formmail/,exclude,existing_sheet_match
富士フイルムグラフィックソリューションズ株式会社,https://www.fujifilm.com/ffgs/ja,https://www.fujifilm.com/ffgs/ja/contact,exclude,existing_sheet_match
富士凸版印刷株式会社,https://fujitoppan.co.jp/,https://fujitoppan.co.jp/contact,exclude,existing_sheet_match
富士印刷株式会社,https://fuji-insatu.co.jp/,https://fuji-insatu.co.jp/contact,exclude,existing_sheet_match
川口合成株式会社,https://www.kawaguchi-gosei.com/,https://www.kawaguchi-gosei.com/contact/,exclude,existing_sheet_match
新日本印刷株式会社,https://www.s-pri.co.jp/,https://www.s-pri.co.jp/business-2/business-virtualexhibitionplatform.html,exclude,existing_sheet_match
昭和印刷株式会社,https://www.showa-printing.co.jp/,https://www.showa-printing.co.jp/contact/,exclude,existing_sheet_match
昭和印刷株式会社,http://kappan-aichi.jp/,http://kappan-aichi.jp/contact/,exclude,existing_sheet_match
有限会社シンセイ印刷,https://ndprint.jp/,https://ndprint.jp/%e3%81%8a%e5%95%8f%e3%81%84%e5%90%88%e3%82%8f%e3%81%9b/,exclude,existing_sheet_match
有限会社タカハシ印刷,http://www.takahashiinsatsu.com/,http://www.takahashiinsatsu.com/index.php?%E3%81%8A%E5%95%8F%E3%81%84%E5%90%88%E3%82%8F%E3%81%9B,exclude,existing_sheet_match
有限会社丹羽グランド,https://www.niwa-grand.co.jp/,https://www.niwa-grand.co.jp/otoiawase/,exclude,existing_sheet_match
有限会社和弘印刷,https://www.wako-pri.co.jp/,https://www.wako-pri.co.jp/contact/,exclude,existing_sheet_match
有限会社西尾印刷所,https://nishioprinting.com/,https://nishioprinting.com/,exclude,existing_sheet_match
木村紙商事株式会社,https://www.re-papyrus.com/,https://www.re-papyrus.com/お問い合わせ/,exclude,existing_sheet_match
東洋インキ株式会社,https://www.artiencegroup.com/ja/group/toyo-ink/profile.html,https://www.artiencegroup.com/ja/corporate/rd/platform/,review,major_group_keyword_requires_official_check
株式会社アイワット,https://www.iwat.co.jp/,https://www.iwat.co.jp/contact/,exclude,existing_sheet_match
株式会社アオイグラビア,http://www.aoi-g.co.jp/,https://www.aoi-g.co.jp/mail/,exclude,existing_sheet_match
株式会社アサプリホールディングス,https://www.asapri-hd.jp/,https://www.asapri-hd.jp/contact/,exclude,existing_sheet_match
株式会社エムアイシーグループ,https://www.micg.co.jp/,https://www.micg.co.jp/contact/,exclude,existing_sheet_match
株式会社キャン・ドゥ,https://cando-design.jp/,https://cando-design.jp/promotion/corporate-information/,exclude,existing_sheet_match
株式会社キングコーポレーション,http://www.king-corp.co.jp/,http://www.king-corp.co.jp/contact/houjin/,review,major_group_keyword_requires_official_check
株式会社サンジュ堂印刷,https://sanjudo.jp/,https://sanjudo.jp/,exclude,existing_sheet_match
株式会社シイエム・シイ,http://www.cmc.co.jp/,http://www.cmc.co.jp/contact/,review,jpx_name_requires_official_domain_check
株式会社タツミ,https://www.tatsumi-net.com/,https://www.tatsumi-net.com/お問い合わせ,exclude,existing_sheet_match
株式会社フジカ,https://www.fujika1970.co.jp/,https://www.fujika1970.co.jp/contact/,exclude,existing_sheet_match
株式会社マルワ,https://www.maruwanet.co.jp/,https://www.maruwanet.co.jp/ask/,exclude,existing_sheet_match
株式会社ミデコクリエイションズ,http://mideco.jp/,https://mideco.jp/contact,exclude,existing_sheet_match
株式会社モトヤ,https://www.motoya.co.jp/,https://www.motoya.co.jp/contact/free_consultation.html,exclude,existing_sheet_match
株式会社光文堂,https://www.kobundo.co.jp/,https://www.kobundo.co.jp/contact/,exclude,existing_sheet_match
株式会社岡田印刷,https://okada-printing.com/,https://okada-printing.com/contact.html,exclude,existing_sheet_match
株式会社愛知印刷工業,http://aichi-p.co.jp/,https://aichi-p.co.jp/contact/,exclude,existing_sheet_match
株式会社文方社,https://bunposha.co.jp/,https://bunposha.co.jp/,exclude,existing_sheet_match
株式会社活英社,https://katsueisha.com/,https://katsueisha.com/contact/,exclude,existing_sheet_match
株式会社鈴活印刷,http://suzukatsu.com/,http://suzukatsu.com/contact/,exclude,existing_sheet_match
株式会社隆文社,https://www.ryubunsha.co.jp/,https://www.ryubunsha.co.jp/contact/,exclude,existing_sheet_match
知多印刷株式会社,https://chita.co.jp/,https://chita.co.jp/contact,exclude,existing_sheet_match
神田印刷工業株式会社,https://www.kanda-p.co.jp/,https://www.kanda-p.co.jp/contact/,exclude,existing_sheet_match
菱源株式会社,https://hishigen.co.jp/,https://hishigen.co.jp/about-offset-printing,exclude,existing_sheet_match
豊橋合同印刷株式会社,https://tgd.co.jp/,https://tgd.co.jp/,exclude,existing_sheet_match
長苗印刷株式会社,https://www.naganae.co.jp/,https://www.naganae.co.jp/contact/index.php,exclude,existing_sheet_match
駒田印刷株式会社,http://www.kp-c.co.jp/,https://www.kp-c.co.jp/business-information/,exclude,existing_sheet_match
INCLUSIVE株式会社,https://inclusive.co.jp/,https://inclusive.co.jp/news-top/information/,exclude,existing_sheet_match
Momentum株式会社,https://www.m0mentum.co.jp/,https://www.m0mentum.co.jp/contact,exclude,existing_sheet_match
TOPPAN株式会社,https://www.holdings.toppan.com/ja/,https://www.holdings.toppan.com/ja/inquiry.html,exclude,existing_sheet_match
webcreation株式会社,https://webcreation.co.jp/index.html,https://webcreation.co.jp/contact.html,exclude,existing_sheet_match
アドクラフト・トゥーワン株式会社,http://adcraft21.co.jp/,http://adcraft21.co.jp/information/,exclude,existing_sheet_match
ブロス株式会社,https://www.bros-inc.jp/,https://www.bros-inc.jp/inquiry,exclude,existing_sheet_match
北海道テレビ放送株式会社,https://www.htb.co.jp:443/,https://www.htb.co.jp/hodinfo/,exclude,existing_sheet_match
有限会社アシストワーク,https://assistwork.jp/,https://assistwork.jp/contact/,exclude,existing_sheet_match
有限会社アルファ・シリウス,https://www.alpha-sirius.net/,https://www.alpha-sirius.net/contact,exclude,existing_sheet_match
有限会社デザインピークス,https://www.dpeaks.com/,https://www.dpeaks.com/contact.html,exclude,existing_sheet_match
栃木ダイレクトコミュニケーションズ株式会社,https://www.tochigi-dc.co.jp/,https://www.tochigi-dc.co.jp/information/,exclude,existing_sheet_match
株式会社FMNORTHWAVE,https://www.fmnorth.co.jp/,https://www.fmnorth.co.jp/inquiry/,exclude,existing_sheet_match
株式会社JAMROCK,https://jamrock.co.jp/,https://jamrock.co.jp/contact,exclude,existing_sheet_match
株式会社nice,https://www.nice-sapporo.jp/,https://www.nice-sapporo.jp/,exclude,existing_sheet_match
株式会社えんれいしゃ,https://www.enleysha.co.jp/,https://www.enleysha.co.jp/information/post-2.html,exclude,existing_sheet_match
株式会社とちぎテレビ,https://www.tochigi-tv.jp/,http://www.tochigi-tv.jp/subcontents/inquiry.php,exclude,existing_sheet_match
株式会社アイワード,https://iword.co.jp/,https://iword.co.jp/script/mailform/inquiry/,exclude,existing_sheet_match
株式会社アウラ,https://auras.co.jp/,https://auras.co.jp/contact/,exclude,existing_sheet_match
株式会社イザ,https://e-iza.com/,https://e-iza.com/contact/,exclude,existing_sheet_match
株式会社インサイト,http://www.ppi.jp/,https://www.ppi.jp/inquiry/,exclude,existing_sheet_match
株式会社インソース,https://webcons.insource.co.jp/,https://webcons.insource.co.jp/inquiry/,exclude,existing_sheet_match
株式会社ウイングITソリューションズ,https://wingits.co.jp/,https://wingits.co.jp/info/,exclude,existing_sheet_match
株式会社ウエス,https://wess.jp/,https://wess.jp/contact/,exclude,existing_sheet_match
株式会社エフエム北海道,https://www.air-g.co.jp/,https://www.air-g.co.jp/sales1/,exclude,existing_sheet_match
株式会社エフエム栃木,https://www.berry.co.jp/,https://www.berry.co.jp/form/contact/,exclude,existing_sheet_match
株式会社オズ,https://www.oz-design.jp/,https://www.oz-design.jp/,exclude,existing_sheet_match
株式会社サンライズ社,https://www.snr.co.jp/,https://www.snr.co.jp/contact/,exclude,existing_sheet_match
株式会社シンセン,https://www.shinsen.co.jp/,https://www.shinsen.co.jp/shinsen-company,exclude,existing_sheet_match
株式会社ジェイアール東日本企画,https://www.jeki.co.jp/,https://www.jeki.co.jp/contact/,exclude,existing_sheet_match
株式会社ノヴェロ,https://www.novello.co.jp/,https://www.novello.co.jp/contact,exclude,existing_sheet_match
株式会社リアルグロウ,https://realgrow.co.jp/,https://realgrow.co.jp/inquiry/,exclude,existing_sheet_match
株式会社下野新聞社,https://www.shimotsuke.co.jp/,https://www.shimotsuke.co.jp/feature/special/ntt-east-information,exclude,existing_sheet_match
株式会社五光,https://www.goko-net.jp/,https://www.goko-net.jp/information/,exclude,existing_sheet_match
株式会社函館新聞社,https://digital.hakoshin.jp/,https://digital.hakoshin.jp/enquiry/index,exclude,existing_sheet_match
株式会社北方広放社,https://ad-hoppo.com/,https://ad-hoppo.com/contact,exclude,existing_sheet_match
株式会社北日本広告社,https://www.ad-kitanihon.co.jp/,https://www.ad-kitanihon.co.jp/contact/,exclude,existing_sheet_match
株式会社北海道新聞社,https://www.hokkaido-np.co.jp/,https://www.hokkaido-np.co.jp/inquiry/,review,major_group_keyword_requires_official_check
株式会社北海道朝日広告社,https://www.h-asako.com/,https://www.h-asako.com/contact/,exclude,existing_sheet_match
株式会社博報サービス,https://www.hsnet.ne.jp/,https://www.hsnet.ne.jp/contact,exclude,existing_sheet_match
株式会社弘報案内広告社,https://koho-an.com/,https://koho-an.com/contact/,exclude,existing_sheet_match
株式会社新朝プレス,https://www.monmiya.co.jp/,https://www.monmiya.co.jp/contact,exclude,existing_sheet_match
株式会社新生,https://shinsei.com/,https://shinsei.com/contact/,exclude,existing_sheet_match
株式会社朝日サービス,https://asahiservice-sapporo.com/,https://asahiservice-sapporo.com/,exclude,existing_sheet_match
株式会社札幌メールサービス,https://www.sapporomail.jp/,https://www.sapporomail.jp/contact/,exclude,existing_sheet_match
株式会社栃木オリコミ・センター,https://www.tochiori.co.jp/,https://www.tochiori.co.jp/contact,exclude,existing_sheet_match
株式会社栃木プロジェクトプロ,https://tochipro.com/,https://tochipro.com/contact/,exclude,existing_sheet_match
株式会社栃木放送,https://www.crt-radio.co.jp/,https://www.crt-radio.co.jp/info/73,exclude,existing_sheet_match
株式会社苫小牧民報社,http://www.tomamin.co.jp/,http://www.tomamin.co.jp/company/info/,exclude,existing_sheet_match
株式会社関東朝日広告社,https://www.k-asako.com/,https://www.k-asako.com/contact/,exclude,existing_sheet_match
株式会社電通北海道,https://www.dentsu-hokkaido.jp/,https://www.dentsu-hokkaido.jp//contact/,exclude,existing_sheet_match
株式会社須田製版,https://www.suda.co.jp/,https://www.suda.co.jp/inquiry/,exclude,existing_sheet_match
白馬堂印刷株式会社,https://hakubado.co.jp/,https://hakubado.co.jp/inqu/,exclude,existing_sheet_match
イングホールディングス株式会社,https://www.ihc-group.co.jp/,https://ihc-group.co.jp/contact/,exclude,existing_sheet_match
ディーエムソリューションズ株式会社,https://www.dm-s.co.jp/,https://www.dm-s.co.jp/contact/,exclude,existing_sheet_match
国際広宣株式会社,https://www.kokusai-k.jp/,https://www.kokusai-k.jp/お問い合わせ/,exclude,existing_sheet_match
東栄広告株式会社,https://www.toei-ad.jp/,https://www.toei-ad.jp/contact/,exclude,existing_sheet_match
株式会社 3Films,https://3films.com/,https://3films.com/contact,exclude,existing_sheet_match
株式会社 infit,https://in-fit.co.jp/,https://in-fit.co.jp/contact,exclude,existing_sheet_match
株式会社LIGO,https://www.li-go.jp/,https://www.li-go.jp/information/,exclude,existing_sheet_match
株式会社Union,https://union-company.jp/,https://union-company.jp/contact/,exclude,existing_sheet_match
株式会社bサーチ,https://www.bsearch.co.jp/,https://www.bsearch.co.jp/contact,exclude,existing_sheet_match
株式会社アイ・コーポレーション,http://aicorpo.com/,https://aicorpo.com/contact,exclude,existing_sheet_match
株式会社アドバ,https://www.adva.co.jp/,https://www.adva.co.jp/contact/,exclude,existing_sheet_match
株式会社アド・エヌ,https://ad-n.co.jp/,https://ad-n.co.jp/contact,exclude,existing_sheet_match
株式会社アペックスライン,https://www.apex-line.net/,https://www.apex-line.net/contact/,exclude,existing_sheet_match
株式会社アントレ,https://entrenet.jp/corporate/,https://entrenet.jp/corporate/contact/,exclude,existing_sheet_match
株式会社ウインウイン,https://www.winwin-ad.com/,https://winwin-ad.com/support/,exclude,existing_sheet_match
株式会社エス・エム・エス,https://www.bm-sms.co.jp/,https://www.bm-sms.co.jp/contact/,review,jpx_name_requires_official_domain_check
株式会社カラフルカンパニー,https://www.colorfulcompany.co.jp/,https://www.colorfulcompany.co.jp/contact/,exclude,existing_sheet_match
株式会社ガイアコミュニケーションズ,https://gaia-ad.co.jp/,https://gaia-ad.co.jp/contact/,exclude,existing_sheet_match
株式会社クイック,https://919.jp/,https://919.jp/contact/,exclude,existing_sheet_match
株式会社クリエイト,https://www.create-group.co.jp/,https://www.create-group.co.jp/contact/,exclude,existing_sheet_match
株式会社コーセンドー,https://yellowweb.co.jp/,https://yellowweb.co.jp/2017/04/24/%e4%bc%9a%e7%a4%be%e6%a6%82%e8%a6%81/,exclude,existing_sheet_match
株式会社サンヨー,https://www.sanyo-ad.co.jp/,https://www.sanyo-ad.co.jp/contact/,exclude,existing_sheet_match
株式会社チアーズ,https://i-cheers.jp/,https://i-cheers.jp/contact/,exclude,existing_sheet_match
株式会社デイリースポーツ案内広告社,https://www.dac-group.co.jp/,https://www.dac-group.co.jp/contact,review,major_group_keyword_requires_official_check
株式会社デルタ,https://deltagp.co.jp/,https://deltagp.co.jp/form/,exclude,existing_sheet_match
株式会社トップ広告社,https://www.top-ad.co.jp/,https://www.top-ad.co.jp/contact/,exclude,existing_sheet_match
株式会社トーカンエクスプレス,https://www.tokan-express.co.jp/,https://www.tokan-express.co.jp/contact,exclude,existing_sheet_match
株式会社トーコン,https://tokon.co.jp/,https://tokon.co.jp/information/,exclude,existing_sheet_match
株式会社ドラEVER,https://doraever.jp/,https://doraever.jp/contact,exclude,existing_sheet_match
株式会社ニッポン放送,https://www.1242.com/,https://www.1242.com/information/341957/?utm_source=topics,review,major_group_keyword_requires_official_check
株式会社ビーツ,https://www.beeats.co.jp/,https://www.beeats.co.jp/contact/,exclude,existing_sheet_match
株式会社ブレイブ,https://www.bravec.co.jp/,https://www.bravec.co.jp/contact/,exclude,existing_sheet_match
株式会社ブレインズ・コミュニケーション,https://b-com.jp/,https://b-com.jp/contact,exclude,existing_sheet_match
株式会社プレシャスパートナーズ,https://p-partners.co.jp/,https://p-partners.co.jp/information/,exclude,existing_sheet_match
株式会社ベストマッチ,https://www.bestmatch.co.jp/,https://www.bestmatch.co.jp/information/,exclude,existing_sheet_match
株式会社マインドシェア,http://www.mindshare.co.jp/,http://www.mindshare.co.jp/contact/,exclude,existing_sheet_match
株式会社リアルフォース,https://real-force.co.jp/,https://real-force.co.jp/contact,exclude,existing_sheet_match
株式会社リクルーティングサービス,http://www.4191.co.jp/,https://www.4191.co.jp/form/46/,exclude,existing_sheet_match
株式会社リビコー,https://liviko.net/,https://liviko.net/contact,exclude,existing_sheet_match
株式会社十二社,https://juniso.co.jp/,https://juniso.co.jp/contact/,exclude,existing_sheet_match
株式会社千広企画,https://www.senko-edit.com/,https://www.senko-edit.com/contact/,exclude,existing_sheet_match
株式会社和広,https://www.kkwako.co.jp/,https://www.kkwako.co.jp/contact/,exclude,existing_sheet_match
株式会社太陽エージェンシー,https://taiyo-ag.co.jp/,https://taiyo-ag.co.jp/contact/,exclude,existing_sheet_match
株式会社太陽企画,https://www.taiyo-kikaku.co.jp/,https://www.taiyo-kikaku.co.jp/contact/,exclude,existing_sheet_match
株式会社宏和デザイン,https://www.kowa-de.com/,https://www.kowa-de.com/contact/,exclude,existing_sheet_match
株式会社文化放送,http://www.joqr.co.jp/index.php,http://www.joqr.co.jp/qr/article/93105/,exclude,existing_sheet_match
株式会社日宣,https://nissenad.co.jp/,https://nissenad.co.jp/contact/,review,jpx_name_requires_official_domain_check
株式会社日広通信,https://nikko-tsushin.co.jp/,https://nikko-tsushin.co.jp/contact,exclude,existing_sheet_match
株式会社東京アド,https://www.tokyo-ad.net/,https://www.tokyo-ad.net/inquiry/,exclude,existing_sheet_match
株式会社東通メディア,https://www.totsumedia.co.jp/,https://www.totsumedia.co.jp/contact/,exclude,existing_sheet_match
株式会社求人センター,https://q-c.co.jp/,https://q-c.co.jp/contact,exclude,existing_sheet_match
株式会社産経広告社,https://sankei-ad.net/,https://sankei-ad.net/inquiry/,exclude,existing_sheet_match
株式会社産通,https://santsu.com/,https://santsu.com/,exclude,existing_sheet_match
株式会社飛竜企画,https://www.hiryu.co.jp/,https://www.hiryu.co.jp/contact,exclude,existing_sheet_match
横浜エフエム放送株式会社,https://www.fmyokohama.co.jp:443/,https://www.fmyokohama.co.jp:443/corp/contact,exclude,existing_sheet_match
長田広告株式会社,https://ad-nagata.com/,https://ad-nagata.com/contact,exclude,existing_sheet_match
EN.WORKS合同会社,https://en-works.co.jp/,https://en-works.co.jp/information/,exclude,existing_sheet_match
RX Japan合同会社,https://www.rxjapan.jp/,https://www.rxjapan.jp/contact,exclude,existing_sheet_match
キヤノンマーケティングジャパン株式会社,https://canon.jp/,https://canon.jp/support/faq?id=top,exclude,existing_sheet_match
サン・クリエイティブ株式会社,https://www.sun-cre.jp/,https://www.sun-cre.jp/contact/,exclude,existing_sheet_match
デザインプール株式会社,https://designpool.co.jp/,http://designpool.co.jp/contact/,exclude,existing_sheet_match
マルキンアド株式会社,https://www.marukin-ad.co.jp/,https://www.marukin-ad.co.jp/contact/,exclude,existing_sheet_match
有限会社アイル企画,https://www.ill-kikaku.com/,https://www.ill-kikaku.com/news/,exclude,existing_sheet_match
有限会社バウ広告事務所,https://bau-ad.co.jp/,https://bau-ad.co.jp/contact,exclude,existing_sheet_match
株式会社2055,https://2055.jp/,https://2055.jp/contact?hsLang=ja-jp,exclude,existing_sheet_match
株式会社TCD,http://tcd.jp/,http://tcd.jp/contact,exclude,existing_sheet_match
株式会社Too,https://www.too.com/,https://www.too.com/inquiry.html,exclude,existing_sheet_match
株式会社たきコーポレーション,https://www.taki.co.jp/,https://www.taki.co.jp/contact/?lfcpid=4,exclude,existing_sheet_match
株式会社エージー,https://azinc.co.jp/,https://azinc.co.jp/company,exclude,existing_sheet_match
株式会社オックス,https://www.oxox.co.jp/,https://www.oxox.co.jp/contact/,exclude,existing_sheet_match
株式会社オフィスバンズ,https://officebands.com/,https://officebands.com/contact/,exclude,existing_sheet_match
株式会社オリコム,https://www.oricom.co.jp/,https://www.oricom.co.jp/project/green_transformation/,exclude,existing_sheet_match
株式会社シュガー,https://sugarinc.co.jp/,https://sugarinc.co.jp/contact/,exclude,existing_sheet_match
株式会社ショウエイ,https://www.shoei-site.com/,https://www.shoei-site.com/contact/,exclude,existing_sheet_match
株式会社ジェイスリー,https://www.jaythree.com/,https://www.jaythree.com/contact/,exclude,existing_sheet_match
株式会社スキップ,https://www.sqip.com/,https://www.sqip.com/howto/faq.html,exclude,existing_sheet_match
株式会社スタジオテック,https://studiotec.co.jp/,https://studiotec.co.jp/,exclude,existing_sheet_match
株式会社スタヂオ･ユニ,https://www.studio-uni.com/,https://www.studio-uni.com/contact/,exclude,existing_sheet_match
株式会社スパイス,https://spice-group.jp/,https://spice-group.jp/contact/,exclude,existing_sheet_match
株式会社セントラルプロフィックス,https://www.central-p.co.jp/,https://www.central-p.co.jp/お問い合わせ/,exclude,existing_sheet_match
株式会社ノエ,https://noe-inc.com/,https://noe-inc.com/,exclude,existing_sheet_match
株式会社パルック,https://www.paluc.co.jp/,https://www.paluc.co.jp/contact/,exclude,existing_sheet_match
株式会社プロモーションズライト,https://promotionslight.co.jp/,https://promotionslight.co.jp/contact,exclude,existing_sheet_match
株式会社メディアネットワーク,https://www.mnwk.co.jp/,https://www.mnwk.co.jp/contact/,exclude,existing_sheet_match
株式会社モリサワ,https://www.morisawa.co.jp/,https://www.morisawa.co.jp/support/,exclude,existing_sheet_match
株式会社ユウクリ,https://www.y-create.co.jp/,https://www.y-create.co.jp/information,exclude,existing_sheet_match
株式会社ライトアップ,https://www.light-up.co.jp/,https://www.light-up.co.jp/contact-us/,exclude,existing_sheet_match
株式会社二葉企画,https://futaba-dd.jp/,https://futaba-dd.jp/contact,exclude,existing_sheet_match
株式会社博報堂,https://www.hakuhodo.co.jp/,https://www.hakuhodo.co.jp/news/info/267330/,exclude,existing_sheet_match
株式会社宣伝会議,https://www.sendenkaigi.com/marketing/,https://www.sendenkaigi.com/public/inquiry.html,review,major_group_keyword_requires_official_check
株式会社広瀬企画,https://www.hirose-kikaku.co.jp/,https://www.hirose-kikaku.co.jp/contact/,exclude,existing_sheet_match
株式会社日庄プラスワン,https://www.kk-nissho.co.jp/,https://www.kk-nissho.co.jp/contact,exclude,existing_sheet_match
株式会社日東装備,https://nitto-soubi.co.jp/,https://nitto-soubi.co.jp/contact/,exclude,existing_sheet_match
株式会社東京アドデザイナース,https://www.tokyoad.co.jp/,https://www.tokyoad.co.jp/inquiry,exclude,existing_sheet_match
株式会社東北新社,https://www.tfc.co.jp/,https://www.tfc.co.jp/contact/,exclude,existing_sheet_match
株式会社東美,https://www.toubi.co.jp/,https://www.toubi.co.jp/contact,exclude,existing_sheet_match
株式会社竹尾,https://www.takeo.co.jp/,https://www.takeo.co.jp/contact/form/,exclude,existing_sheet_match
株式会社精美堂,https://seibido02.com/,https://seibido02.com/contact,exclude,existing_sheet_match
株式会社読広クリエイティブスタジオ,https://yomikocreativestudio.co.jp/,https://yomikocreativestudio.co.jp/contact/,exclude,existing_sheet_match
株式会社電通,https://www.dentsu.co.jp:443/,https://www.dentsu.co.jp:443/aboutus/working_environment_reform/,exclude,existing_sheet_match
株式会社電通クリエイティブピクチャーズ,https://www.dcrp.co.jp/,https://www.dcrp.co.jp/contact/,exclude,existing_sheet_match
ONEデザインズ株式会社,https://www.koyou-onesd.co.jp/,https://www.koyou-onesd.co.jp/contactus/,exclude,existing_sheet_match
セキスイデザインワークス株式会社,https://sekisui-designworks.co.jp/,https://sekisui-designworks.co.jp/contact/,review,major_group_keyword_requires_official_check
三井ホーム株式会社,https://www.mitsuihome.co.jp/,https://www.mitsuihome.co.jp/information/,review,major_group_keyword_requires_official_check
住友不動産シスコン株式会社,https://www.sumitomo-syscon.com,https://www.sumitomo-syscon.com/contact,review,major_group_keyword_requires_official_check
住友林業ホームテック株式会社,https://www.sumirin-ht.co.jp/,https://www.sumirin-ht.co.jp/reform/about/,review,major_group_keyword_requires_official_check
旭化成ホームズ株式会社,https://www.asahi-kasei.co.jp:443/j-koho/index.html/,https://www.asahi-kasei.co.jp:443/j-koho/contact/index.html/,review,major_group_keyword_requires_official_check
株式会社Ginza,https://r-ginza.jp/,https://r-ginza.jp/inquiry/,review,major_group_keyword_requires_official_check
株式会社OKUTA,https://www.okuta.com/,https://www.okuta.com/contact/inquiry/,review,major_group_keyword_requires_official_check
株式会社フタガミ,https://www.futagami.co.jp/,https://www.futagami.co.jp/contact,exclude,existing_sheet_match
株式会社メック・デザイン・インターナショナル,https://www.mecdesign.co.jp:443/,https://www.mecdesign.co.jp:443/contact/form/,review,major_group_keyword_requires_official_check
株式会社ユーエー,http://www.yu-ei.co.jp/,http://www.yu-ei.co.jp/contact/,exclude,existing_sheet_match
積水ハウス株式会社,https://www.sekisuihouse.co.jp/,https://www.sekisuihouse.co.jp/mail/form.html,review,jpx_name_requires_official_domain_check
DAIKEN株式会社,https://www.daiken.jp/,https://www.daiken.jp/reform/,review,major_group_keyword_requires_official_check
SUMINOE株式会社,https://suminoe.jp/,https://suminoe.jp/pages/contact,review,jpx_name_requires_official_domain_check
TOTO株式会社,https://jp.toto.com/,https://jp.toto.com/reform/,review,jpx_name_requires_official_domain_check
みはし株式会社,https://mihasi.co.jp/,https://mihasi.co.jp/custom-products/,exclude,existing_sheet_match
アスワン株式会社,https://www.aswan.co.jp/,https://www.aswan.co.jp/productinformation/seriesintroduction/curtainseries/,exclude,existing_sheet_match
クリナップ株式会社,https://cleanup.jp/,https://cleanup.jp/select/reform/,review,jpx_name_requires_official_domain_check
シンコールインテリア株式会社,https://sincol-group.jp/index.html,https://sincol-group.jp/corporate_information/,exclude,existing_sheet_match
タカラスタンダード株式会社,https://www.takara-standard.co.jp:443/,https://www.takara-standard.co.jp:443/reform/,review,jpx_name_requires_official_domain_check
トキワ工業株式会社,http://www.tokiwa.net/,http://www.tokiwa.net/form/mypage/,exclude,existing_sheet_match
ドリームベッド株式会社,https://www.dreambed.jp/,https://www.dreambed.jp/inquiry/,review,jpx_name_requires_official_domain_check
ファインオーナメント株式会社,https://sokk.co.jp/,https://sokk.co.jp/contact/,exclude,existing_sheet_match
リック株式会社,https://www.lic-net.jp/,https://www.lic-net.jp/,exclude,existing_sheet_match
リリカラ株式会社,https://www.lilycolor.co.jp:443/,https://www.lilycolor.co.jp:443/interior/contact/index_consumer.html,review,jpx_name_requires_official_domain_check
ルノン株式会社,https://ssl.runon.co.jp/,https://ssl.runon.co.jp/reformpro/,exclude,existing_sheet_match
上野株式会社,https://interior-ueno.co.jp/,https://interior-ueno.co.jp/inquery,exclude,existing_sheet_match
内藤家具インテリア工業株式会社,https://naitokag.co.jp/,https://naitokag.co.jp/contact,exclude,existing_sheet_match
日本フクラ株式会社,https://hukla.co.jp/,https://hukla.co.jp/form_request,exclude,existing_sheet_match
日本ベッド製造株式会社,https://www.nihonbed.com/,https://www.nihonbed.com/information/,exclude,existing_sheet_match
柏木工株式会社,https://www.kashiwa.gr.jp/,https://www.kashiwa.gr.jp/corporation-contact/,exclude,existing_sheet_match
株式会社LIXIL,https://www.lixil.co.jp/,https://www.lixil.co.jp/reform/shop/,review,jpx_name_requires_official_domain_check
株式会社アイワンズ,https://iones.co.jp/,https://iones.co.jp/contact,exclude,existing_sheet_match
株式会社エーディコア・ディバイズ,https://www.adcore.co.jp/,https://www.adcore.co.jp/showroom/form.php,exclude,existing_sheet_match
株式会社カンディハウス,https://condehouse.co.jp/,https://condehouse.co.jp/pages/contact_top,exclude,existing_sheet_match
株式会社サンゲツ,https://www.sangetsu.co.jp:443/,https://www.sangetsu.co.jp:443/style/reform_choose01.html,review,jpx_name_requires_official_domain_check
株式会社システムズヤジマ,https://yjmg.co.jp/,https://yjmg.co.jp/support/faq/,exclude,existing_sheet_match
株式会社ジアス,https://www.jias.co.jp/,https://www.jias.co.jp/contact?hsLang=ja,exclude,existing_sheet_match
株式会社スプリングヴァレー,https://s-v-c.com/,https://s-v-c.com/contact/,exclude,existing_sheet_match
株式会社スリーエスコーポレーション,http://www.3s-corp.co.jp/,http://www.3s-corp.co.jp/contact/,exclude,existing_sheet_match
株式会社ゼロファーストデザイン,https://01st.com/,https://01st.com/contact,exclude,existing_sheet_match
株式会社タマイチ,https://tama1.co.jp/,https://tama1.co.jp/pages/7/,exclude,existing_sheet_match
株式会社ダニエル,https://www.daniel.co.jp/,https://www.daniel.co.jp/catalog_form.html,exclude,existing_sheet_match
株式会社ツカサディザインコマース,https://tsukasa-dc.jp/,https://tsukasa-dc.jp/contact/,exclude,existing_sheet_match
株式会社ニチベイ,http://www.nichi-bei.co.jp/,http://www.nichi-bei.co.jp/jsp/contact/contact.jsp,review,major_group_keyword_requires_official_check
株式会社ハーフェレジャパン,https://www.hafele.co.jp/ja/,https://www.hafele.co.jp/ja/info/-/-/410/,exclude,existing_sheet_match
株式会社フジエテキスタイル,https://www.fujie-textile.co.jp/,https://www.fujie-textile.co.jp/collection/form.html,accept,no_live_or_master_match
株式会社ユザワ,https://yuzawa21.co.jp/index.html,https://yuzawa21.co.jp/contact.html,exclude,existing_sheet_match
株式会社大川,https://o-kawa.jp/,https://o-kawa.jp/contact/,exclude,existing_sheet_match
株式会社天童木工,https://www.tendo-mokko.co.jp/,https://www.tendo-mokko.co.jp/contact/inquiry/,exclude,existing_sheet_match
株式会社太陽,https://www.f-taiyo.co.jp/,https://www.f-taiyo.co.jp/contact.html,accept,no_live_or_master_match
株式会社家具の大正堂,https://www.rooms-taishodo.co.jp/,https://www.rooms-taishodo.co.jp/contact.html,review,major_group_keyword_requires_official_check
株式会社川島織物セルコン,https://www.kawashimaselkon.co.jp/,https://www.kawashimaselkon.co.jp/support/business/,review,major_group_keyword_requires_official_check
株式会社森熊,https://wallpaperhouse.shop/,https://wallpaperhouse.shop/contact,exclude,existing_sheet_match
株式会社翔洋,https://www.shouyo.co.jp/,https://www.shouyo.co.jp/form/form_1.html,exclude,existing_sheet_match
積水成型工業株式会社,https://www.sekisuiseikei.co.jp/,https://www.sekisuiseikei.co.jp/contact/,review,major_group_keyword_requires_official_check
立川ブラインド工業株式会社,https://www.blind.co.jp:443/,https://www.blind.co.jp:443/support/contact/,review,jpx_name_requires_official_domain_check
飛騨産業株式会社,https://hidasangyo.com,https://hidasangyo.com/contact/,exclude,existing_sheet_match
JFEスチール株式会社,https://www.jfe-steel.co.jp/,https://www.jfe-steel.co.jp/toiawase.html,review,major_group_keyword_requires_official_check
アイディッシュ株式会社,https://dishcook.jp/,https://dishcook.jp/contact,exclude,existing_sheet_match
イシダ厨機株式会社,https://www.ishidachuki.com/,https://www.ishidachuki.com/contact/product/,exclude,existing_sheet_match
イトヤ株式会社,https://www.kitchensupport.co.jp/,https://www.kitchensupport.co.jp/contact/,exclude,existing_sheet_match
ウチダステンレス工業株式会社,https://www.uchida-stainless.com/,https://www.uchida-stainless.com/contact/,exclude,existing_sheet_match
エイシン電機株式会社,https://www.eishin-esdk.co.jp/,https://www.eishin-esdk.co.jp/contact.html,exclude,existing_sheet_match
エスキー工機株式会社,https://eski.jp/,https://eski.jp/?page_id=2871,exclude,existing_sheet_match
エムケー厨設株式会社,https://mkc-gr.co.jp/,https://mkc-gr.co.jp/contact/,exclude,existing_sheet_match
オピニオン株式会社,https://www.e-opinion.jp/,https://www.e-opinion.jp/contact,exclude,existing_sheet_match
キタックスエンジニアリング株式会社,https://kitax.jp/,https://kitax.jp/company/information/,exclude,existing_sheet_match
キッチンテクノ株式会社,https://www.kitchen-t.co.jp/,https://www.kitchen-t.co.jp/contact/,exclude,existing_sheet_match
クールフライヤー株式会社,https://coolfryer.co.jp/,https://coolfryer.co.jp/contact/,exclude,existing_sheet_match
サンタ株式会社,https://no1-santa.com/,https://no1-santa.com/contact/,exclude,existing_sheet_match
シンプロメンテ株式会社,https://www.shin-pro.com/,https://www.shin-pro.com/contact,exclude,existing_sheet_match
シンポ株式会社,https://shinpo.jp/,https://shinpo.jp/contact,review,jpx_name_requires_official_domain_check
シーケークリーンアド株式会社,https://www.ck-clean-ad.co.jp/,https://www.ck-clean-ad.co.jp/contact/,exclude,existing_sheet_match
シーバイエス株式会社,https://cxs.co.jp/,https://cxs.co.jp/contact/,exclude,existing_sheet_match
スギコ産業株式会社,https://sugico.co.jp/,https://sugico.co.jp/info,exclude,existing_sheet_match
スズカン株式会社,https://suzukan.co.jp/,https://suzukan.co.jp/business-information/,exclude,existing_sheet_match
タカギ冷機株式会社,https://www.takagi-reiki.com/,https://www.takagi-reiki.com/contact,exclude,existing_sheet_match
タカラ産業株式会社,https://www.takara-s.jp/,https://www.takara-s.jp/reform/,exclude,existing_sheet_match
トーエイ工業株式会社,https://www.toei-inc.co.jp/,https://www.toei-inc.co.jp/form/toei-inc/contact,exclude,existing_sheet_match
トーショー機材株式会社,https://tohshokizai.jp/,https://tohshokizai.jp/contact-us/,exclude,existing_sheet_match
ホクサン厨機株式会社,https://www.hokusan.com/,http://www.hokusan.com/contact/,exclude,existing_sheet_match
ホシザキ京阪株式会社,https://hoshizaki-keihan.co.jp/,https://hoshizaki-keihan.co.jp/toiawase,review,major_group_keyword_requires_official_check
ホシザキ東京株式会社,https://hoshizaki-tokyo.co.jp/,https://hoshizaki-tokyo.co.jp/contact_link,review,major_group_keyword_requires_official_check
ホシザキ東北株式会社,http://www.hoshizaki-tohoku.co.jp/,https://hoshizaki-tohoku.co.jp/business-information/,review,major_group_keyword_requires_official_check
ホシザキ東海株式会社,http://hoshizaki-tokai.co.jp/,http://hoshizaki-tokai.co.jp/contact/,review,major_group_keyword_requires_official_check
ホシザキ沖縄株式会社,https://www.hoshizaki-okinawa.co.jp/,https://www.hoshizaki-okinawa.co.jp/pages/7/,review,major_group_keyword_requires_official_check
ホシザキ販売株式会社,https://www.hoshizaki-sales.co.jp/,https://www.hoshizaki-sales.co.jp/contact,review,major_group_keyword_requires_official_check
ホーコス株式会社,https://www.horkos.co.jp/,https://www.horkos.co.jp/procure/form.php,exclude,existing_sheet_match
マッハ機器株式会社,http://www.e-mach.co.jp/,http://www.e-mach.co.jp/contact,exclude,existing_sheet_match
メイワ冷熱工業株式会社,https://foodtruck-maywa-kagoshima.jp/information/,https://foodtruck-maywa-kagoshima.jp/information/,exclude,existing_sheet_match
ヤマケン株式会社,https://yamakenmanaita.com/,https://yamakenmanaita.com/pages/contact,exclude,existing_sheet_match
ヤマヤ物産有限会社,https://www.yamaya-bussan.com/,https://www.yamaya-bussan.com/contact,exclude,existing_sheet_match
ライステクノプロダクト株式会社,https://ricemini.jp/,https://ricemini.jp/pages/5/,exclude,existing_sheet_match
リンナイ株式会社,https://www.rinnai.co.jp/,https://www.rinnai.co.jp/contact/,review,jpx_name_requires_official_domain_check
三岳工業株式会社,https://www.mitakekogyo.co.jp/,https://www.mitakekogyo.co.jp/contact/,exclude,existing_sheet_match
三幸株式会社,https://www.sanko-controls.com/,https://www.sanko-controls.com/pages/5/,exclude,existing_sheet_match
九州電力株式会社,https://www.kyuden.co.jp/,https://www.kyuden.co.jp/faq-inquiry.html,review,jpx_name_requires_official_domain_check
仲産業株式会社,http://www.naka-sangyo.co.jp/,http://www.naka-sangyo.co.jp/inquiry,exclude,existing_sheet_match
伊藤産業株式会社,https://www.ito-sk.co.jp/kanei/,https://www.ito-sk.co.jp/kanei/form/forM3561.html,exclude,existing_sheet_match
共栄産業株式会社,https://kyoeisangyo.com/,https://kyoeisangyo.com/contact,exclude,existing_sheet_match
兼八産業株式会社,https://kane8.co.jp/,https://kane8.co.jp/news/,exclude,existing_sheet_match
四国厨房器製造株式会社,https://www.scs-yontyu.co.jp/,https://www.scs-yontyu.co.jp/form/yontyu/contact,exclude,existing_sheet_match
四国電力株式会社,https://www.yonden.co.jp/,https://www.yonden.co.jp/customer/contact/,review,jpx_name_requires_official_domain_check
大洋厨房株式会社,https://www.taiyocook.co.jp/,https://www.taiyocook.co.jp/contact/,exclude,existing_sheet_match
富士工業株式会社,https://www.fujioh.com/,https://www.fujioh.com/support/,exclude,existing_sheet_match
山岡金属工業株式会社,https://www.silkroom.co.jp/,https://www.silkroom.co.jp/contact/,exclude,existing_sheet_match
岡山ガス株式会社,https://www.okagas.co.jp/,https://www.okagas.co.jp/family/about/form1,exclude,existing_sheet_match
常盤ステンレス工業株式会社,https://www.tokiwastainless.co.jp/,https://www.tokiwastainless.co.jp/contact,exclude,existing_sheet_match
新成工業株式会社,https://shinsei-industry.co.jp/,https://shinsei-industry.co.jp/contact/,exclude,existing_sheet_match
新日本厨機株式会社,https://www.snc-corp.co.jp/,https://www.snc-corp.co.jp/contact/,exclude,existing_sheet_match
日本エスシー株式会社,https://sc-japan.co.jp/,https://sc-japan.co.jp/otoiawase/,exclude,existing_sheet_match
日本ヒーター機器株式会社,https://heaterkiki.co.jp/,https://heaterkiki.co.jp/contact_us/,exclude,existing_sheet_match
日本給食設備株式会社,https://www.nikkyu.co.jp/,https://www.nikkyu.co.jp/contact.html,exclude,existing_sheet_match
晃洋厨機株式会社,https://koyo-chuki.co.jp/,https://koyo-chuki.co.jp/pages/5/,exclude,existing_sheet_match
有限会社アイジィエー,https://iga-new.com/,https://iga-new.com/consultation,exclude,existing_sheet_match
有限会社エフエスエーシステムズ,https://fsasystems.co.jp/,https://fsasystems.co.jp/contact,exclude,existing_sheet_match
有限会社厨房のウエマツ,https://chubo-uematsu.jp/,https://chubo-uematsu.jp/contact/,exclude,existing_sheet_match
有限会社太田工業,https://www.big-advance.site/c/202/1329,https://www.big-advance.site/c/202/1329/contact,exclude,existing_sheet_match
有限会社藤村製作所,http://fujimurass.co.jp/,https://fujimurass.co.jp/contact/,exclude,existing_sheet_match
服部工業株式会社,https://www.hattorikogyo.com/,https://www.hattorikogyo.com/product_search/search?ible-categoryselectbox1=%E7%82%8A%E9%A3%AF%E6%A9%9F%E5%99%A8&ible-checkboxsolo16=1&ible-keyword3=&ible-keyword1=&formid=shared-area6.formgrid1col2-form,exclude,existing_sheet_match
東京サラヤ株式会社,https://www.saraya.com/,https://www.saraya.com/info,review,major_group_keyword_requires_official_check
東京板金工業株式会社,https://tokyobankin.com/,https://tokyobankin.com/contact/,exclude,existing_sheet_match
東京超音波技研株式会社,https://www.tocho.com/,https://www.tocho.com/contact/,exclude,existing_sheet_match
東産業株式会社,https://www.8929.co.jp/,https://www.8929.co.jp/business/flow/,exclude,existing_sheet_match
東英商事株式会社,https://www.toeishoji.com/,https://www.toeishoji.com/contact/,exclude,existing_sheet_match
東都ビル整備工業株式会社,https://www.totobill.co.jp/,https://www.totobill.co.jp/pages/5/,exclude,existing_sheet_match
株式会社ぞう屋,http://www.zouya.jp/,http://www.zouya.jp/contact_top.php,exclude,existing_sheet_match
株式会社アルテック九州,https://www.alteck-kyusyu.com/,https://www.alteck-kyusyu.com/contact/,exclude,existing_sheet_match
株式会社ウィンターハルター・ジャパン,https://www.winterhalter.com/jp-ja/%E7%94%A8%E9%80%94/%E3%82%AB%E3%83%88%E3%83%A9%E3%83%AA%E3%83%BC%E3%81%AE%E6%B4%97%E6%B5%84/,https://www.winterhalter.com/contact/,review,major_group_keyword_requires_official_check
株式会社エム・アイ・ケー,https://mik-net.co.jp/,https://mik-net.co.jp/inquiry/,exclude,existing_sheet_match
株式会社エム・ワン,https://m-1net.com/,https://m-1net.com/toiawase/,exclude,existing_sheet_match
株式会社エレミック,https://www.elemic.co.jp/,https://www.elemic.co.jp/contact/,exclude,existing_sheet_match
株式会社オーディオテクニカ,https://www.autec.jp/,https://www.autec.jp/contact/office/,review,major_group_keyword_requires_official_check
株式会社キャニオン,https://canyon.jp/,https://canyon.jp/contact.html,exclude,existing_sheet_match
株式会社サムソン,https://www.samson.co.jp:/,https://www.samson.co.jp/contact/,exclude,existing_sheet_match
株式会社シー・エス・シー,https://www.kkcsc.co.jp/,https://www.kkcsc.co.jp/contact,exclude,existing_sheet_match
株式会社ゼロカラ,https://zerokarainc.com/,https://zerokarainc.com/contact/,exclude,existing_sheet_match
株式会社ハイサーブウエノ,https://www.hi-serv.com/,https://www.hi-serv.com/contact.html,exclude,existing_sheet_match
株式会社ハッピージャパン,https://www.happyjpn.com/,https://www.happyjpn.com/contact/,exclude,existing_sheet_match
株式会社パロマ,https://www.paloma.co.jp:443/,https://www.paloma.co.jp:443/support/inquiry/index.html,review,major_group_keyword_requires_official_check
株式会社フカガワ,https://www.ductnet.com/,https://www.ductnet.com/contact/form/,exclude,existing_sheet_match
株式会社フジマックネオ,https://www.fujimak.co.jp/,https://www.fujimak.co.jp/support/inquiry/contact.html,review,major_group_keyword_requires_official_check
株式会社フロムシステムダイレクト,https://www.fsd-net.com/,https://www.fsd-net.com/contact/,exclude,existing_sheet_match
株式会社ブロス,https://www.tokyo-bros.com/,https://www.tokyo-bros.com/performance/,exclude,existing_sheet_match
株式会社マグナ,https://www.magna-i.com/,https://www.magna-i.com/contact.html,exclude,existing_sheet_match
株式会社マルキキッチンソリューション,https://mrk-k.com/,https://mrk-k.com/contact.html,exclude,existing_sheet_match
株式会社メイトー,https://www.meito-ngo.jp/,https://www.meito-ngo.jp/contact,exclude,existing_sheet_match
株式会社モリチュウ,https://www.morichu.co.jp/,https://www.morichu.co.jp/contact/,exclude,existing_sheet_match
株式会社ラショナル・ジャパン,https://www.rational-online.com/ja_jp/home/,https://www.rational-online.com/ja_jp/customercare/contact/,review,major_group_keyword_requires_official_check
株式会社ラックランド,https://www.luckland.co.jp/,https://www.luckland.co.jp/result/casecollection_en/top.html,review,jpx_name_requires_official_domain_check
株式会社ラボー,https://ravo.co.jp/,https://ravo.co.jp/contact.php,exclude,existing_sheet_match
株式会社三栄コーポレーションリミテッド,https://san-ei-ltd.co.jp/,https://san-ei-ltd.co.jp/contact/,exclude,existing_sheet_match
株式会社上野製作所,https://hiserv-ueno.co.jp/,https://hiserv-ueno.co.jp/contact/,exclude,existing_sheet_match
株式会社両津工業,https://www.ryotsu.com/,https://www.ryotsu.com/contact/index.html,exclude,existing_sheet_match
株式会社中松,https://www.nakamatsu-w.co.jp/,https://www.nakamatsu-w.co.jp/contact/,exclude,existing_sheet_match
株式会社中部コーポレーション,https://www.chubu-net.co.jp/food/,https://www.chubu-net.co.jp/food/contact/,exclude,existing_sheet_match
株式会社八木厨房機器製作所,http://www.yagichu.com/,https://www.yagichu.com/contact/,exclude,existing_sheet_match
株式会社創研厨房,https://uckybanana.com/,https://uckybanana.com/contact/,exclude,existing_sheet_match
株式会社千葉工業所,https://www.chiba-ind.co.jp/,https://www.chiba-ind.co.jp/contact/,exclude,existing_sheet_match
株式会社大道産業,https://www.ohmichi.co.jp/,https://www.ohmichi.co.jp/contact/,exclude,existing_sheet_match
株式会社富士工業所,https://www.fujixgroup.co.jp/,https://www.fujixgroup.co.jp/contact/,exclude,existing_sheet_match
株式会社日工テクノ,https://www.nikkotechno.jp/index.php,https://www.nikkotechno.jp/m_search/form_tow.html,exclude,existing_sheet_match
株式会社早川製作所,https://hayakawaseisakusyo.co.jp/,https://hayakawaseisakusyo.co.jp/inquiry,exclude,existing_sheet_match
株式会社明和製作所,https://www.meiwa-ss.jp/,https://www.meiwa-ss.jp,exclude,existing_sheet_match
株式会社晃成技研,https://www.kouseigiken.co.jp/,https://www.kouseigiken.co.jp/inquiry/,exclude,existing_sheet_match
株式会社正和,https://www.net-showa.co.jp/,https://www.net-showa.co.jp/contact/,exclude,existing_sheet_match
株式会社福井廚房,https://www.fukui-chubou.co.jp/,https://www.fukui-chubou.co.jp/お問い合わせ-資料請求/,exclude,existing_sheet_match
桐山工業株式会社,http://www.kiriyama-kettle.co.jp/,http://www.kiriyama-kettle.co.jp/contact/,exclude,existing_sheet_match
王子テック株式会社,https://www.ouji.co.jp/,https://www.ouji.co.jp/contact.html,exclude,existing_sheet_match
秋元ステンレス工業株式会社,https://a-s-k.co.jp/,https://a-s-k.co.jp/form/,exclude,existing_sheet_match
細田工業株式会社,https://hosodakogyo.com/,https://hosodakogyo.com/entryform/,exclude,existing_sheet_match
ＡＣＥ厨設株式会社,https://www.a-kiki.com/,https://www.a-kiki.com/blank-3,exclude,existing_sheet_match
ＳＤＲＳ株式会社,https://www.sdrs.inc/,https://www.sdrs.inc/inquiry/index.html,exclude,existing_sheet_match
AI TECHNOLOGY株式会社,https://ai-technology.co.jp/,https://ai-technology.co.jp/contact/,exclude,existing_sheet_match
ANDCOCO株式会社,https://andcoco.co.jp/,https://andcoco.co.jp/contact/,exclude,existing_sheet_match
TECH CREW株式会社,https://techcrew.co.jp/,https://techcrew.co.jp/,exclude,existing_sheet_match
TechMagic株式会社,https://techmagic.co.jp/,https://techmagic.co.jp/contact/,exclude,existing_sheet_match
アスピランツ株式会社,https://www.aspirants.biz/,https://www.aspirants.biz,exclude,existing_sheet_match
アトム技研株式会社,https://www.atomgiken.co.jp/,https://www.atomgiken.co.jp/contact,exclude,existing_sheet_match
イフコ・ジャパン株式会社,https://www.ifco.com/ja/,https://www.ifco.com/ja/contact/,review,major_group_keyword_requires_official_check
イーサポートリンク株式会社,https://www.e-supportlink.com/,https://www.e-supportlink.com/contact/,review,jpx_name_requires_official_domain_check
イーシームズ株式会社,https://www.e-sems.co.jp/,https://www.e-sems.co.jp/contact/,accept,no_live_or_master_match
ウォーターポイント株式会社,https://waterpoint.co.jp/,https://waterpoint.co.jp/contact/,exclude,existing_sheet_match
エフピコチューパ株式会社,https://chupa.co.jp/,https://chupa.co.jp/contact/,accept,no_live_or_master_match
オザックス株式会社,https://www.ozax.co.jp/,https://www.ozax.co.jp/contact.html,review,major_group_keyword_requires_official_check
カルチュア・エクスペリエンス株式会社,https://cl-ex.co.jp/,https://cl-ex.co.jp/contact/,review,major_group_keyword_requires_official_check
キヤノンプロダクションプリンティングシステムズ株式会社,https://corporate.jp.canon/profile/group/production-printing-systems,https://corporate.jp.canon/profile/group/production-printing-systems/inquiry,review,major_group_keyword_requires_official_check
キングソフト株式会社,https://www.kingsoft.jp/,https://www.kingsoft.jp/contacts/,exclude,existing_sheet_match
クオン株式会社,https://www.q-o-n.com/,https://www.q-o-n.com/contact/,exclude,existing_sheet_match
グリーンスタンプ株式会社,https://www.greenstamp.co.jp/,https://www.greenstamp.co.jp/contact,exclude,existing_sheet_match
グローリー株式会社,https://www.glory.co.jp/,https://www.glory.co.jp/contact/,review,jpx_name_requires_official_domain_check
ケルンメッセ株式会社,https://koelnmesse.jp/,https://koelnmesse.jp/cgi-bin/contact/index.cgi,exclude,existing_sheet_match
ジオパック株式会社,https://www.geopack.jp/,https://www.geopack.jp/contact,exclude,existing_sheet_match
ジャパンエレベーターサービスホールディングス株式会社,https://www.jes24.co.jp/ja/index.html,https://www.jes24.co.jp/ja/contact.html,review,jpx_name_requires_official_domain_check
ジンベイ株式会社,https://jinbay.co.jp/,https://jinbay.co.jp/contact,accept,no_live_or_master_match
セーフィー株式会社,https://safie.co.jp/,https://safie.co.jp/inquiry/,review,jpx_name_requires_official_domain_check
ダイキン工業株式会社,https://www.daikin.co.jp/,https://www.daikin.co.jp/contact,review,jpx_name_requires_official_domain_check
チェックポイントジャパン株式会社,https://checkpointjapan.co.jp/,https://checkpointjapan.co.jp/contact-us/,review,major_group_keyword_requires_official_check
デンカポリマー株式会社,https://www.denkapolymer.co.jp/,https://www.denkapolymer.co.jp/form/denkapolymer/contact,review,major_group_keyword_requires_official_check
データコム株式会社,https://www.datacom.jp/,https://www.datacom.jp/contact,exclude,existing_sheet_match
トヨタ・コニック・プロ株式会社,https://toyotaconiq-pro.co.jp/,https://toyotaconiq-pro.co.jp/information-security,exclude,existing_sheet_match
ニッコーレン株式会社,https://www.nikkohren.com/,https://www.nikkohren.com/entry/form/,exclude,existing_sheet_match
ピープルソフトウェア株式会社,https://pscsrv.co.jp/,https://pscsrv.co.jp/contact/,accept,no_live_or_master_match
フクシマガリレイ株式会社,https://www.galilei.co.jp/,https://www.galilei.co.jp/contact/,review,major_group_keyword_requires_official_check
フランクアート株式会社,https://frankart.jp/,https://frankart.jp/frankart_contact,exclude,existing_sheet_match
フーズテック株式会社,https://www.f-tec-e.com/,https://www.f-tec-e.com/job_information/,exclude,existing_sheet_match
ブラザー販売株式会社,https://www.brother.co.jp/,https://www.brother.co.jp/contact/index.aspx?support_source=footer,accept,no_live_or_master_match
ブルーチップ株式会社,https://www.bluechip.co.jp/,https://www.bluechip.co.jp/inquiry/,exclude,existing_sheet_match
プラスビリーフ株式会社,https://plusbelief.co.jp/,https://plusbelief.co.jp/contact.php,exclude,existing_sheet_match
プリンス電機株式会社,https://www.prince-d.co.jp/,https://www.prince-d.co.jp/support/,exclude,existing_sheet_match
ユニバース株式会社,https://un3.jp/,https://un3.jp/?page_id=17,exclude,existing_sheet_match
リケンテクノス株式会社,https://www.rikentechnos.co.jp/,https://www.rikentechnos.co.jp/information/,review,jpx_name_requires_official_domain_check
リッキービジネスソリューション株式会社,https://rickie-bs.com/,https://rickie-bs.com/contact,exclude,existing_sheet_match
レイテック株式会社,https://www.rei-tech.co.jp/,https://www.rei-tech.co.jp/information,exclude,existing_sheet_match
レンゴー株式会社,https://www.rengo.co.jp/,https://www.rengo.co.jp/inquiry/,review,jpx_name_requires_official_domain_check
ワタナベフードソリューション株式会社,https://www.w-fs.jp/,https://www.w-fs.jp/contact.php,accept,no_live_or_master_match
不二精機株式会社,https://fuji-seiki.co.jp/,https://fuji-seiki.co.jp/contact/,review,jpx_name_requires_official_domain_check
中央化学株式会社,https://www.chuo-kagaku.co.jp/,https://www.chuo-kagaku.co.jp/inquiry/,review,major_group_keyword_requires_official_check
中部流通株式会社,https://www.chuburyutu.co.jp/,https://www.chuburyutu.co.jp/contact,exclude,existing_sheet_match
冷凍食品PR連盟株式会社,https://frozenpr.co.jp/about/,https://frozenpr.co.jp/inquiry,accept,no_live_or_master_match
前田道路株式会社,https://ssl.maedaroad.co.jp/,https://ssl.maedaroad.co.jp/contact/,review,major_group_keyword_requires_official_check
大一産業株式会社,https://www.daiichisangyo.co.jp/,https://www.daiichisangyo.co.jp/contact/,exclude,existing_sheet_match
大阪シーリング印刷株式会社,https://www.osp.co.jp/,https://www.osp.co.jp/forms/inquiry/,review,major_group_keyword_requires_official_check
工機ホールディングスジャパン株式会社,https://www.koki-holdings-japan.co.jp/,https://www.koki-holdings-japan.co.jp/information/information.html,accept,no_live_or_master_match
廣川株式会社,https://hirokawa.holdings/,https://hirokawa.holdings/contact/,exclude,existing_sheet_match
日産スチール工業株式会社,https://nsk-kk.co.jp/,https://nsk-kk.co.jp/contact,exclude,existing_sheet_match
有限会社アルカ,https://www.arca-inc.com/,https://www.arca-inc.com/,exclude,existing_sheet_match
朋和産業株式会社,https://www.howa-s.co.jp/,https://www.howa-s.co.jp/contact/,exclude,existing_sheet_match
東洋株式会社,https://www.toyo-grp.co.jp/,https://www.toyo-grp.co.jp/,exclude,existing_sheet_match
東芝テック株式会社,http://www.toshibatec.co.jp/,http://www.toshibatec.co.jp/support/contact/,review,jpx_name_requires_official_domain_check
株式会社10X,https://10x.co.jp/,https://10x.co.jp/contact/,exclude,existing_sheet_match
株式会社FingerVision,https://www.fingervision.jp/,https://www.fingervision.jp/contact,exclude,existing_sheet_match
株式会社Hパートナー,https://h-partner.co.jp/,https://h-partner.co.jp/contact/,exclude,existing_sheet_match
株式会社KSP-SP,https://www.ksp-sp.com/,https://www.ksp-sp.com/contact_us/,exclude,existing_sheet_match
株式会社MSS,https://mssinc.jp/,https://mssinc.jp/contact,exclude,existing_sheet_match
株式会社Preferred Networks,https://www.preferred.jp/ja,https://www.preferred.jp/ja/contact,accept,no_live_or_master_match
株式会社USEN,https://usen.com/,https://usen.com/contact/,exclude,existing_sheet_match
株式会社unerry,https://www.unerry.co.jp/,https://www.unerry.co.jp/contact/,exclude,existing_sheet_match
株式会社アイ・グリッド・ソリューションズ,https://igrid.co.jp/,https://igrid.co.jp/technology/,accept,no_live_or_master_match
株式会社アクタ,https://www.acta-web.co.jp/,https://www.acta-web.co.jp/negotiation,exclude,existing_sheet_match
株式会社アスコン,https://www.ascon.co.jp/,https://www.ascon.co.jp/contact/,exclude,existing_sheet_match
株式会社アットテーブル,https://www.attable.co.jp/,https://www.attable.co.jp/contact/,accept,no_live_or_master_match
株式会社アースアンドウォーター,https://e-water.co.jp/,https://e-water.co.jp/contact.html,exclude,existing_sheet_match
株式会社イシダ,https://www.ishida.co.jp/ww/jp/,https://www.ishida.co.jp/ww/jp/contact-us/,review,major_group_keyword_requires_official_check
株式会社インテージ,https://www.intage.co.jp/,https://www.intage.co.jp/information/cue-monitor.html,exclude,existing_sheet_match
株式会社エブリー,https://corp.every.tv/,https://corp.every.tv/contacts/new,exclude,existing_sheet_match
株式会社オカムラ,https://www.okamura.co.jp/,https://www.okamura.co.jp/inquiry/,review,jpx_name_requires_official_domain_check
株式会社オルティー,https://olty.jp/shop/default.aspx,https://olty.jp/shop/contact/contact.aspx,exclude,existing_sheet_match
株式会社カノウ冷機,https://www.kanoureiki.com/,https://www.kanoureiki.com/contact/,exclude,existing_sheet_match
株式会社カンテック,https://www.kantec-kk.com/,https://www.kantec-kk.com/contact/,exclude,existing_sheet_match
株式会社ガイアプロモーション,https://www.gaia-pro.co.jp/,https://www.gaia-pro.co.jp/contact/,exclude,existing_sheet_match
株式会社ガルフネット,https://www.gulfnet.co.jp/,https://www.gulfnet.co.jp/contact/,accept,no_live_or_master_match
株式会社クロスディエム,https://cross-d.jp/,https://cross-d.jp/category/information,exclude,existing_sheet_match
株式会社グリーンオート,https://green-auto.jp/,https://green-auto.jp/contact,exclude,existing_sheet_match
株式会社ケーピープラテック,https://www.kpplatec.co.jp/,https://www.kpplatec.co.jp/contact,exclude,existing_sheet_match
株式会社コプラス,http://www.coplas.co.jp/,http://www.coplas.co.jp/contact/,exclude,existing_sheet_match
株式会社サイバーリンクス,https://www.cyber-l.co.jp/,https://www.cyber-l.co.jp/inquiry/,review,jpx_name_requires_official_domain_check
株式会社サンクリエーション,https://www.sun-creation.co.jp/,https://www.sun-creation.co.jp/contact/,exclude,existing_sheet_match
株式会社サンケイアイ,https://sankei-eye.co.jp/,https://sankei-eye.co.jp/contact,exclude,existing_sheet_match
株式会社シノプス,https://www.sinops.jp/,https://www.sinops.jp/contact/,review,jpx_name_requires_official_domain_check
株式会社ショッパーインサイト,https://shopperinsight.co.jp/,https://shopperinsight.co.jp/contact?type=request,exclude,existing_sheet_match
株式会社シンギ,https://www.shingi.co.jp/,https://www.shingi.co.jp/contact/,exclude,existing_sheet_match
株式会社シンク・ラボラトリー,https://www.think-lab.com/,https://www.think-lab.com/contact/,exclude,existing_sheet_match
株式会社ジェーシーエム,https://www.jcm3.co.jp/,https://www.jcm3.co.jp/contact,exclude,existing_sheet_match
株式会社ジョイパレット,https://www.joypalette.co.jp/,https://www.joypalette.co.jp/support,exclude,existing_sheet_match
株式会社スコープ,https://www.scope-inc.co.jp/,https://www.scope-inc.co.jp/contact,exclude,existing_sheet_match
株式会社スーパーメイト,https://www.supermate.co.jp/,https://www.supermate.co.jp/inquiry,accept,no_live_or_master_match
株式会社ゼコー,https://www.zeco.co.jp/,https://www.zeco.co.jp/contact/,exclude,existing_sheet_match
株式会社タイヨーパッケージ,https://www.taiyo-pkg.com/,https://www.taiyo-pkg.com/contact/,review,jpx_name_requires_official_domain_check
株式会社テクニカン,https://technican.co.jp/,https://technican.co.jp/contact/,exclude,existing_sheet_match
株式会社テスク,https://www.kktisc.co.jp/,https://www.kktisc.co.jp/inquiry/,exclude,existing_sheet_match
株式会社ディーエムエス,https://www.dmsjp.co.jp/,https://www.dmsjp.co.jp/ir/business_information/,review,jpx_name_requires_official_domain_check
株式会社デジクル,https://digiclue.jp/,https://digiclue.jp/inquiry/,exclude,existing_sheet_match
株式会社トランザクション・メディア・ネットワークス,https://www.tm-nets.com/,https://www.tm-nets.com/contact/,review,jpx_name_requires_official_domain_check
株式会社ナブアシスト,https://www.nav-assist.co.jp/,https://www.nav-assist.co.jp/products/product_contact/,exclude,existing_sheet_match
株式会社ナンバ,https://nanba1.jp/,https://nanba1.jp/contact,exclude,existing_sheet_match
株式会社ネクスウェイ,https://www.nexway.co.jp/,https://www.nexway.co.jp/inquiries/,exclude,existing_sheet_match
株式会社バックス,https://baxone.com/,https://baxone.com/contact/,exclude,existing_sheet_match
株式会社ビルボ,https://www.bilbo.co.jp/,https://www.bilbo.co.jp/contact/,exclude,existing_sheet_match
株式会社フジパックシステム,https://www.fujipacksystem.co.jp/,https://www.fujipacksystem.co.jp/contact/,exclude,existing_sheet_match
株式会社プログレスデザイン,http://progress-design.com/,http://progress-design.com/contact/,exclude,existing_sheet_match
株式会社ボンマックス,https://bonmax.co.jp/,https://bonmax.co.jp/pages/uniform_business,accept,no_live_or_master_match
株式会社マーケティングアプリケーションズ,https://mkt-apps.com/,https://mkt-apps.com/inquiry/,exclude,existing_sheet_match
株式会社メルカリ,https://about.mercari.com/,https://about.mercari.com/contact/,review,jpx_name_requires_official_domain_check
株式会社ヤマニパッケージ,https://yamani-p.com/,https://yamani-p.com/company/base_information,accept,no_live_or_master_match
株式会社ユニフロー,https://www.uniflow.co.jp/,https://www.uniflow.co.jp/about/performance/,exclude,existing_sheet_match
株式会社ヨネヤマ,https://www.foodware.jp/,https://www.foodware.jp/company,exclude,existing_sheet_match
株式会社ライヴス,https://www.lives.ne.jp/,https://www.lives.ne.jp/contact/,exclude,existing_sheet_match
株式会社リンコム,https://www.linkcom.com/,https://www.linkcom.com/company/contact_us/,exclude,existing_sheet_match
株式会社七洋製作所,https://www.shichiyo.jp/,https://www.shichiyo.jp/,exclude,existing_sheet_match
株式会社三機サービス,https://www.sanki-s.co.jp/,https://www.sanki-s.co.jp/inquiry/,review,jpx_name_requires_official_domain_check
株式会社九州ハイテック,https://www.k-hitec.co.jp/,https://www.k-hitec.co.jp/contact/,exclude,existing_sheet_match
株式会社厨房市場,https://cyubo-ichiba.com/,https://cyubo-ichiba.com/contact,exclude,existing_sheet_match
株式会社味香り戦略研究所,https://mikaku.jp/,https://mikaku.jp/inq/,accept,no_live_or_master_match
株式会社大鹿印刷所,http://www.ohshika.com/,https://ohshika.com/contact,exclude,existing_sheet_match
株式会社太幸,http://www.taiko.net/,http://www.taiko.net/contact/,exclude,existing_sheet_match
株式会社寺岡精工,https://www.teraokaseiko.com/jp/,https://www.teraokaseiko.com/jp/contact/,accept,no_live_or_master_match
株式会社帝国データバンク,https://www.tdb.co.jp/,https://www.tdb.co.jp/contact/,exclude,existing_sheet_match
株式会社平賀,https://www.pp-hiraga.co.jp/,https://www.pp-hiraga.co.jp/contact,exclude,existing_sheet_match
株式会社店研創意,https://www.tenken.co.jp/,https://www.tenken.co.jp/contact/,exclude,existing_sheet_match
株式会社折兼,https://www.orikane.co.jp/,https://www.orikane.co.jp/contact/,exclude,existing_sheet_match
株式会社玉俊工業所,https://www.tamatoshi.co.jp/,https://www.tamatoshi.co.jp/wp/contact/,exclude,existing_sheet_match
株式会社産業経済新聞社,https://www.sankei.jp/,https://www.sankei.jp/inquiry/articles,accept,no_live_or_master_match
株式会社第一興商,https://www.dkkaraoke.co.jp/,https://www.dkkaraoke.co.jp/,review,jpx_name_requires_official_domain_check
株式会社精クリエイティブ,https://showcre.com/,https://showcre.com/contactus,exclude,existing_sheet_match
株式会社電通PRコンサルティング,https://www.dentsuprc.co.jp/,https://www.dentsuprc.co.jp/contact/,exclude,existing_sheet_match
株式会社食品化学新聞社,https://www.foodchemicalnews.co.jp/,https://www.foodchemicalnews.co.jp/memberdm_contact.html,exclude,existing_sheet_match
株式会社食品産業新聞社,https://www.ssnp.co.jp/,https://www.ssnp.co.jp/publication/form/,exclude,existing_sheet_match
株式会社Ａ＆Ａプランニング,https://aaa-plan.com/,https://aaa-plan.com/inquiryform,exclude,existing_sheet_match
棚橋工業株式会社,https://www.tanahashi-kk.co.jp/,https://www.tanahashi-kk.co.jp/request/,exclude,existing_sheet_match
河淳株式会社,https://www.kawajun.co.jp/,https://www.kawajun.co.jp/contact,exclude,existing_sheet_match
田中鉄工株式会社,https://tanaka-iron-works.com/,https://tanaka-iron-works.com/products/formed/,exclude,existing_sheet_match
都市総合建物株式会社,https://www.t-sogo.co.jp/,https://www.t-sogo.co.jp/contact/,exclude,existing_sheet_match
あららぎ不動産株式会社,https://www.araragi.com/,https://www.araragi.com/reform/,accept,no_live_or_master_match
あんしん保証株式会社,https://anshin-gs.co.jp/,https://anshin-gs.co.jp/contact/,review,jpx_name_requires_official_domain_check
いい管理株式会社,https://www.iikanri.com/,https://www.iikanri.com/contact,accept,no_live_or_master_match
かんべ土地建物株式会社,https://www.kanbetochi.co.jp/,https://www.kanbetochi.co.jp/contact/,exclude,existing_sheet_match
くるめ地所株式会社,https://www.kurume-jisyo.co.jp/,https://www.kurume-jisyo.co.jp/contact,exclude,existing_sheet_match
しずなび株式会社,https://corp.s-est.co.jp/,https://corp.s-est.co.jp/contact/,accept,no_live_or_master_match
すまいの日建住器有限会社,https://www.nj1.jp/,https://www.nj1.jp/inquiry.php,exclude,existing_sheet_match
ほっと保証株式会社,https://hothosyou.co.jp/,https://hothosyou.co.jp/contact/,exclude,existing_sheet_match
まさひろ商事不動産株式会社,https://www.masahiro-s.co.jp/,https://www.masahiro-s.co.jp/%e3%81%8a%e5%95%8f%e3%81%84%e5%90%88%e3%82%8f%e3%81%9b/,exclude,existing_sheet_match
まるさ住宅株式会社,https://www.marusa.net/,https://www.marusa.net/form/,exclude,existing_sheet_match
みづほ住販株式会社,https://www.miduho21.com/,https://www.miduho21.com/contact,exclude,existing_sheet_match
みらいずコンサルティング株式会社,https://mi-rize.com/,https://mi-rize.com/contact/,exclude,existing_sheet_match
みらい少額短期保険株式会社,https://www.mirai-hoken.co.jp/,https://www.mirai-hoken.co.jp/contact/,accept,no_live_or_master_match
むさし産業株式会社,https://www.634sangyo.co.jp/,https://www.634sangyo.co.jp/reform,accept,no_live_or_master_match
アイエムジー株式会社,https://www.img-t.co.jp/,https://www.img-t.co.jp/inquiry/,exclude,existing_sheet_match
アイレントホーム株式会社,https://www.airenthome.co.jp/,https://www.airenthome.co.jp/fp-7485/,exclude,existing_sheet_match
アイ・シンクレント株式会社,https://www.ithinkrent.co.jp:443/,https://www.ithinkrent.co.jp/faq,exclude,existing_sheet_match
アイ・リリーフ株式会社,https://i-relief.jp/,https://i-relief.jp/kasitai/,exclude,existing_sheet_match
アクティリビング株式会社,https://www.aktyliving.com/,https://www.aktyliving.com/contact/,exclude,existing_sheet_match
アグレ都市デザイン株式会社,https://about.agr-urban.co.jp/,https://about.agr-urban.co.jp/contact/,review,jpx_name_requires_official_domain_check
アサヒグローバルホーム株式会社,https://asahigloval.co.jp/,https://asahigloval.co.jp/attend_form,exclude,existing_sheet_match
アサヒ住宅株式会社,https://www.asahijyutaku.co.jp/,https://www.asahijyutaku.co.jp/,exclude,existing_sheet_match
アシオット株式会社,https://asiot.jp/,https://asiot.jp/contact,exclude,existing_sheet_match
アシスト株式会社,https://www.d-place.info/,https://www.d-place.info/contact,exclude,existing_sheet_match
アセットテクノロジー株式会社,https://assettech.co.jp/,https://assettech.co.jp/contact,exclude,existing_sheet_match
アットホーム株式会社,https://www.athome.co.jp/,https://www.athome.co.jp/mansion/chuko/reform-renovation/,accept,no_live_or_master_match
アネシスプランニング株式会社,https://www.anesisplan.co.jp/,https://anesisplan.co.jp/contact/,exclude,existing_sheet_match
アパルトマンエージェント株式会社,https://aprt-a.jp/,https://aprt-a.jp/form/,accept,no_live_or_master_match
アペックスホームズ株式会社,https://www.apexhomes.co.jp/,https://www.apexhomes.co.jp/contact,exclude,existing_sheet_match
アポロプロパティマネジメント株式会社,http://apm.apollofm.co.jp/,http://apm.apollofm.co.jp/propertyinformation/,accept,no_live_or_master_match
アムス・インターナショナル株式会社,https://www.amms.co.jp/,https://www.amms.co.jp/contact/,exclude,existing_sheet_match
アラームボックス株式会社,https://alarmbox.co.jp/,https://alarmbox.co.jp/contact/,exclude,existing_sheet_match
アルファ丸嶋株式会社,https://www.m-alfa.co.jp/,https://www.m-alfa.co.jp/contact/,exclude,existing_sheet_match
アートセッティングデリバリー株式会社,https://www.008008.jp/,https://www.008008.jp/moving/single/before-entry.html,accept,no_live_or_master_match
アーバンネット株式会社,https://www.kita-club.co.jp/,https://www.kita-club.co.jp/contact,exclude,existing_sheet_match
アールケイホーム株式会社,https://www.rkhome.co.jp/,https://www.rkhome.co.jp/%e3%81%8a%e5%95%8f%e3%81%84%e5%90%88%e3%81%9b/,exclude,existing_sheet_match
インターナショナル岩田企画株式会社,https://www.iiplan.co.jp/,https://www.iiplan.co.jp/form_nomal/,exclude,existing_sheet_match
イーグルハウス株式会社,https://www.eagle-house.co.jp/,https://www.eagle-house.co.jp/contact,exclude,existing_sheet_match
イー・コネクション株式会社,https://www.e-conexion.co.jp/,https://www.e-conexion.co.jp/contact/,exclude,existing_sheet_match
ウスイホーム株式会社,https://www.usui-home.com/,https://www.usui-home.com/contact/,exclude,existing_sheet_match
エイシン株式会社,https://www.my-chintai.nagoya/,https://www.my-chintai.nagoya/contact/,exclude,existing_sheet_match
エクノフ株式会社,https://eknof.co.jp/,https://eknof.co.jp/company/contact/,accept,no_live_or_master_match
エスアクセス・ファシリティーズ株式会社,https://s-afcity.co.jp/,https://s-afcity.co.jp/contact/,exclude,existing_sheet_match
エステイトアクティフ株式会社,https://www.est-a.co.jp/,https://www.est-a.co.jp/?page_id=11,exclude,existing_sheet_match
エスリード賃貸株式会社,https://www.eslead-chintai.co.jp/,https://www.eslead-chintai.co.jp/buy/,accept,no_live_or_master_match
エス・ケーホーム株式会社,https://skhome.co.jp/,https://skhome.co.jp/real_estate_sales/,exclude,existing_sheet_match
エフタウン株式会社,https://www.f-town.jp/,https://www.f-town.jp/contact/,exclude,existing_sheet_match
エリアリンク株式会社,https://www.arealink.co.jp/,https://www.arealink.co.jp/information/,review,jpx_name_requires_official_domain_check
エルももち株式会社,https://www.lmomochi.com/,https://www.lmomochi.com/contents/inquiry,exclude,existing_sheet_match
エルシーズ株式会社,https://www.lcsgroup.co.jp/,https://www.lcsgroup.co.jp/contact/,exclude,existing_sheet_match
エルズサポート株式会社,https://www.ls-support.co.jp/,https://www.ls-support.co.jp/inquiry/,exclude,existing_sheet_match
エンクル株式会社,https://www.encl.co.jp/,http://www.encl.co.jp/buy/contact/,exclude,existing_sheet_match
エンプラス株式会社,https://enplus.co.jp/,https://enplus.co.jp/contact/,review,jpx_name_requires_official_domain_check
エーチーム株式会社,https://ateaminc.jp/,https://ateaminc.jp/contact/,exclude,existing_sheet_match
エーピーエム株式会社,https://www.apm01.jp/,https://www.apm01.jp/contact,exclude,existing_sheet_match
オオミハウジング株式会社,https://oomihousing.co.jp/,https://oomihousing.co.jp/format-dl/,exclude,existing_sheet_match
オレンジホーム株式会社,https://www.o-home.jp/,https://www.o-home.jp/cf_cgi2/toiawase.htm,exclude,existing_sheet_match
オロク商会株式会社,https://oroku.co.jp/,https://oroku.co.jp/contact/,exclude,existing_sheet_match
オーナーズエージェント株式会社,https://owners-age.com/,https://owners-age.com/form/contact001,exclude,existing_sheet_match
キャピタルハウス株式会社,https://capitalhouse.co.jp/,https://capitalhouse.co.jp/contact,exclude,existing_sheet_match
ギグワークスアドバリュー株式会社,https://add.gig.co.jp/,https://add.gig.co.jp/contact,accept,no_live_or_master_match
クラリティ株式会社,https://clamill.co.jp/,https://clamill.co.jp/,exclude,existing_sheet_match
グッドルーム株式会社,https://www.haptic.co.jp/,https://www.haptic.co.jp/contact/,exclude,existing_sheet_match
グッドワークス株式会社,https://www.goodworks.jp/,https://www.goodworks.jp/contact/,accept,no_live_or_master_match
グランヴァン株式会社,http://www.grandvan.co.jp/,https://www.grandvan.co.jp/contact_all/,accept,no_live_or_master_match
グリートホーム株式会社,https://greethome.com/,https://greethome.com/contact.html,exclude,existing_sheet_match
グリーン・ルーム株式会社,https://green-room-inc.co.jp/,https://green-room-inc.co.jp/contact/,exclude,existing_sheet_match
ケイエスコミュニティ株式会社,https://www.kscommunity.com/,https://www.kscommunity.com/company/performance/index.html,accept,no_live_or_master_match
コスモバンク株式会社,https://cosmobank.co.jp/,https://cosmobank.co.jp/reform/,accept,no_live_or_master_match
コーナン地所株式会社,https://cohnan-jisho.com/,https://cohnan-jisho.com/information/,exclude,existing_sheet_match
ゴールドエイジ株式会社,https://goldage.co.jp/,https://goldage.co.jp/contact/,exclude,existing_sheet_match
ゴールドトラスト株式会社,https://goldtrust.co.jp/,https://goldtrust.co.jp/contact/,exclude,existing_sheet_match
サウスホーム株式会社,https://south-home.com/,https://south-home.com/?page_id=5,exclude,existing_sheet_match
サカグチホールディングスパートナーズ株式会社,https://shp-fukuoka.co.jp/,https://shp-fukuoka.co.jp/contact/,accept,no_live_or_master_match
システムハウジング株式会社,https://system-housing.com/,https://system-housing.com/index.php/contact/,exclude,existing_sheet_match
シマダハウス株式会社,https://www.shimadahouse.co.jp/,https://shimadahouse.co.jp/contact,accept,no_live_or_master_match
シーオーエム株式会社,https://www.chintai-com.jp/,https://www.chintai-com.jp/contact/,exclude,existing_sheet_match
シーズエナジー株式会社,http://rental-syuno.com/,http://rental-syuno.com/category/1745090.html,exclude,existing_sheet_match
ジェイアイ傷害火災保険株式会社,https://www.jihoken.co.jp/,https://www.jihoken.co.jp/inquiry/,exclude,existing_sheet_match
ジェイクレディ株式会社,https://www.j-credit.co.jp/,https://www.j-credit.co.jp/inquiry/index_res.php,exclude,existing_sheet_match
ジェイネッツ株式会社,https://jnets.jp/,https://jnets.jp/contact/,exclude,existing_sheet_match
ジェイリース株式会社,https://www.j-lease.jp/,https://www.j-lease.jp/customer/business-forms,review,jpx_name_requires_official_domain_check
ジェイ・ネットワーク株式会社,https://jnet-work.co.jp/,https://jnet-work.co.jp/contact,exclude,existing_sheet_match
ジェクト株式会社,http://www.jecto.co.jp/,http://www.jecto.co.jp/consulting/,accept,no_live_or_master_match
ジャパンエナジー株式会社,https://j-e.co.jp/,https://j-e.co.jp/info,exclude,existing_sheet_match
ジャパンベストレスキューシステム株式会社,https://www.jbr.co.jp/,https://www.jbr.co.jp/information/,exclude,existing_sheet_match
ジャパン・ビルド株式会社,https://www.j-bld.com/,https://www.j-bld.com/contact/,exclude,existing_sheet_match
スカイコート賃貸センター株式会社,https://www.skyc-chintai.jp/,https://www.skyc-chintai.jp/inquiry/index.php,exclude,existing_sheet_match
スカイポート株式会社,https://www.skyport.jp/,https://www.skyport.jp/contact/,exclude,existing_sheet_match
スターツアメニティー株式会社,https://www.amenity-net.co.jp/,https://www.amenity-net.co.jp/support/,accept,no_live_or_master_match
スターツコーポレートサービス株式会社,https://www.starts-cs.co.jp/,https://www.starts-cs.co.jp/contact,exclude,existing_sheet_match
スターツピタットハウス株式会社,https://www.starts-ph.co.jp/,https://www.starts-ph.co.jp/mail/formComment/,exclude,existing_sheet_match
スターツ九州株式会社,https://www.starts.co.jp/kyushu/,https://www.starts.co.jp/kyushu/business/land/,accept,no_live_or_master_match
スラッシュ株式会社,https://www.s-lash.co.jp/,https://www.s-lash.co.jp/inquiry/,exclude,existing_sheet_match
セイユーコンサルタント株式会社,https://www.seiyu.gr.jp/,https://www.seiyu.gr.jp/contacts/,exclude,existing_sheet_match
セイワパーク株式会社,https://www.seiwapark.co.jp/,https://www.seiwapark.co.jp/step-form_contact,exclude,existing_sheet_match
セイワ不動産鑑定株式会社,https://www.seiwarea.com/,https://www.seiwarea.com/ご相談のご予約/,exclude,existing_sheet_match
セキスイハイム不動産少額短期保険株式会社,https://www.sekifu-ssi.co.jp/,https://www.sekifu-ssi.co.jp/information/index.php,review,major_group_keyword_requires_official_check
セキスイハイム不動産株式会社,https://www.sekifu.co.jp/,https://www.sekifu.co.jp/company/,review,major_group_keyword_requires_official_check
セキスイユニディア株式会社,https://www.unidea.co.jp/,https://www.unidea.co.jp/pdf/contact.pdf,review,major_group_keyword_requires_official_check
タキナミネクスト株式会社,https://takinaminext.com/,https://takinaminext.com/form_sale/,exclude,existing_sheet_match
ツルハホーム株式会社,https://www.tsuruha-h.co.jp/,https://www.tsuruha-h.co.jp/contact/,exclude,existing_sheet_match
テンポラリーハウスサービス株式会社,https://t-house.co.jp/,https://t-house.co.jp/contact/,exclude,existing_sheet_match
トダホームサービス株式会社,https://www.toda-homeservice.co.jp/,https://www.toda-homeservice.co.jp/otoiawase/form.php,exclude,existing_sheet_match
トップランク不動産株式会社,https://toprank-f.co.jp/,https://toprank-f.co.jp/inquiry/index.php,exclude,existing_sheet_match
トヨタホーム東京株式会社,https://www.toyotahome-tokyo.com/,https://www.toyotahome-tokyo.com/estate-trade/buy/inquiry/,exclude,existing_sheet_match
トヨタホーム株式会社,https://www.toyotahome.co.jp/,https://www.toyotahome.co.jp/contact/?ad_cd=hp_top_cta_omatome,exclude,existing_sheet_match
トラストリアルエステート株式会社,https://t-r-e.jp/,https://t-r-e.jp/contact-page/,exclude,existing_sheet_match
トーセイ・コミュニティ株式会社,https://www.tosei-com.co.jp/,https://www.tosei-com.co.jp/rental,exclude,existing_sheet_match
ドリームコネクション株式会社,https://www.dream-c.tokyo/,https://www.dream-c.tokyo/contact/,exclude,existing_sheet_match
ナップ賃貸保証株式会社,http://nap-service.com/,https://nap-service.com/contact/,exclude,existing_sheet_match
ナーブ株式会社,https://www.nurve.jp/,https://www.nurve.jp/contact,exclude,existing_sheet_match
ニッポンインシュア株式会社,https://www.nipponinsure.jp/,https://www.nipponinsure.jp/contact/,review,jpx_name_requires_official_domain_check
ハイネス管理株式会社,https://www.highness.co.jp/,https://www.highness.co.jp/inquiry.html,exclude,existing_sheet_match
ハウスプラザ株式会社,https://houseplaza-sapporo.com/,https://houseplaza-sapporo.com/contact.html,exclude,existing_sheet_match
ハウスリンクマネジメント株式会社,https://h-l-m.jp/,https://h-l-m.jp/update/form.php,exclude,existing_sheet_match
ハウス・エージェント株式会社,http://www.h-agent.jp/,http://www.h-agent.jp/contents/code/contact,exclude,existing_sheet_match
ハッピーハウス株式会社,https://www.happy-house.co.jp/,https://www.happy-house.co.jp/baibai/,accept,no_live_or_master_match
ハンエー地建株式会社,https://han-a.co.jp/,https://han-a.co.jp/contact/,exclude,existing_sheet_match
ハートフルマンション株式会社,https://810ful.com/,https://810ful.com/gest-service-management/customerquestion/,exclude,existing_sheet_match
ハートリビングサポート株式会社,https://hls2002.jp/,https://hls2002.jp/contact,exclude,existing_sheet_match
パキラハウス有限会社,https://www.pakira.co.jp/,https://www.pakira.co.jp/form_reserv/,exclude,existing_sheet_match
パシフィック・ディベロップメントアンドマネージメント株式会社,https://pdmcoltd.com/,https://pdmcoltd.com/inquiry_pm/,exclude,existing_sheet_match
パブリックアソシエイツ株式会社,https://www.public-associates.com/,https://www.public-associates.com/contactus/,exclude,existing_sheet_match
ヒカリホーム株式会社,https://hikarihome.co.jp/,https://hikarihome.co.jp/contact/,exclude,existing_sheet_match
ピタットハウスネットワーク株式会社,https://www.pitatnet.jp/,https://www.pitatnet.jp/contact/,exclude,existing_sheet_match
ファーストリンク株式会社,https://gw-chintaikanri.com/,http://gw-chintaikanri.com/contacts/form/inquiry,exclude,existing_sheet_match
フォーカスメディアジャパン株式会社,https://www.focus-media.co.jp/,https://www.focus-media.co.jp,exclude,existing_sheet_match
フジミ株式会社,https://www.243net.jp/,https://www.243net.jp/articles/16389,accept,no_live_or_master_match
フジ・アメニティサービス株式会社,https://www.fuji-amenity.com/,https://www.fuji-amenity.com/contact,exclude,existing_sheet_match
フーサワ商事株式会社,https://www.2230.jp/,https://www.2230.jp/publics/index/53/,exclude,existing_sheet_match
ブラザー不動産株式会社,https://www.brother-bre.co.jp/,https://www.brother-bre.co.jp/contact/,exclude,existing_sheet_match
ブランディングテクノロジー株式会社,http://www.branding-t.co.jp/,https://www.branding-t.co.jp/company/section/,exclude,existing_sheet_match
プライムパートナー株式会社,https://prime-partner.co.jp/,https://prime-partner.co.jp/contact,exclude,existing_sheet_match
プラチナ出版株式会社,https://www.platinum-pub.co.jp/,https://www.platinum-pub.co.jp/?page_id=9,exclude,existing_sheet_match
プランニングアート株式会社,https://www.pac9811.com/,https://www.pac9811.com/contact/,exclude,existing_sheet_match
プロサーチ株式会社,https://www.pro-search.jp/,https://www.pro-search.jp/soudan/,exclude,existing_sheet_match
プロパゲート株式会社,http://propergate.net/,http://propergate.net/contact/,exclude,existing_sheet_match
プロパティエージェント株式会社,https://www.propertyagent.co.jp/,https://www.propertyagent.co.jp/contact/,exclude,existing_sheet_match
プロパティワコー株式会社,https://www.property-wako.com/,https://www.property-wako.com/form?form_id=4252,accept,no_live_or_master_match
ベストミライクル株式会社,https://bestmiraicle.co.jp/,https://bestmiraicle.co.jp/contact,exclude,existing_sheet_match
ベストライフ有限会社,https://www.bestlife-jp.net/,https://www.bestlife-jp.net/contact,exclude,existing_sheet_match
ホームトラスト株式会社,https://www.hometrust.co.jp/,https://www.hometrust.co.jp/pages/3/,exclude,existing_sheet_match
ホームネット株式会社,https://www.homenet-24.co.jp/,https://www.homenet-24.co.jp/contact/,accept,no_live_or_master_match
マグナスインベストメント株式会社,https://magnusinvestment.jp/,https://magnusinvestment.jp/inquiry/index.php,exclude,existing_sheet_match
マルイ不動産株式会社,https://www.maruifudousan.co.jp/,https://www.maruifudousan.co.jp/inquiry/,exclude,existing_sheet_match
マルフジ住宅株式会社,https://www.marufuji.info/,https://www.marufuji.info/contact.html,accept,no_live_or_master_match
マンション経営保障株式会社,https://elpis.co.jp/,https://elpis.co.jp/contact?id=menu,exclude,existing_sheet_match
ミノラス不動産株式会社,https://www.minorasu.co.jp/,https://www.minorasu.co.jp/inquiry,accept,no_live_or_master_match
モンステラ株式会社,https://kanrisu.space/,https://kanrisu.space/,exclude,existing_sheet_match
ユナイテッドエンジニアリング株式会社,http://united-engineering.co.jp/,http://united-engineering.co.jp/contact/,exclude,existing_sheet_match
ユニオン・メディエイト株式会社,https://www.unionmediate.co.jp/,https://www.unionmediate.co.jp/owner/claim/,accept,no_live_or_master_match
ユニコム株式会社,https://unicom.jp/,https://unicom.jp/contact/,exclude,existing_sheet_match
ユーミーコーポレーション株式会社,https://cp.you-me.co.jp/,https://cp.you-me.co.jp/information,exclude,existing_sheet_match
ライフサポートジャパン株式会社,https://lsjapan.com/,https://lsjapan.com/company/,exclude,existing_sheet_match
ランディット株式会社,https://landit.co.jp/,https://landit.co.jp/contact,exclude,existing_sheet_match
ランドアーク株式会社,http://www.landark.co.jp/,http://www.landark.co.jp/,accept,no_live_or_master_match
リクロス株式会社,https://re-x.net/,https://re-x.net/contact,exclude,existing_sheet_match
リブロ・プロパティエージェント株式会社,https://libro-pa.com/,https://libro-pa.com/contact/,exclude,existing_sheet_match
リングス株式会社,https://www.apaman2000.com/,https://www.apaman2000.com/html/baikyaku-form.html,exclude,existing_sheet_match
リヴプラス株式会社,https://www.miyakojima-fudousan.com/,https://www.miyakojima-fudousan.com/contact,exclude,existing_sheet_match
リードホーム株式会社,https://www.leadhome.co.jp/,https://www.leadhome.co.jp/お問い合わせ/,exclude,existing_sheet_match
ルームファクトリー株式会社,https://www.roomfactory.co.jp/,https://www.roomfactory.co.jp/contact/,exclude,existing_sheet_match
レグラス株式会社,https://www.regulus-k.com:443/,https://www.regulus-k.com:443/contact/,exclude,existing_sheet_match
レジデンス・ビルディングマネジメント株式会社,https://www.r-b-m.co.jp/,https://www.r-b-m.co.jp/company/,accept,no_live_or_master_match
レジデントファースト株式会社,https://www.mitsui-chintai.co.jp/,https://www.mitsui-chintai.co.jp/company/contact/,accept,no_live_or_master_match
レスト・ソリューション株式会社,https://rest-sol.co.jp/,https://rest-sol.co.jp/contact-other,exclude,existing_sheet_match
レプリス株式会社,https://www.lepris.co.jp/,https://www.lepris.co.jp/contact/index.php,exclude,existing_sheet_match
レント建物管理有限会社,https://www.r-tk.com/,https://www.r-tk.com/contact,exclude,existing_sheet_match
ロイヤルハウジング株式会社,https://www.royal-h.jp/,https://www.royal-h.jp/sell/inquiry/,exclude,existing_sheet_match
ロイヤル通商株式会社,https://www.royal-commerce.co.jp/,https://www.royal-commerce.co.jp/contact_owners/,exclude,existing_sheet_match
ワールドポテンシャル株式会社,https://wpo.co.jp/,https://wpo.co.jp/information/36950/,exclude,existing_sheet_match
ヴァンテアン株式会社,https://www.vantean.jp/,https://www.vantean.jp/reform,accept,no_live_or_master_match
三井ホームエステート株式会社,https://www.mhe.co.jp:443/,https://www.mhe.co.jp:443/inquiry/,review,major_group_keyword_requires_official_check
三井不動産リアルティ株式会社,https://www.rehouse.co.jp/,https://www.rehouse.co.jp/special/consultation/,review,major_group_keyword_requires_official_check
三光ソフラン株式会社,https://www.sanko-soflan.co.jp/,https://www.sanko-soflan.co.jp/toiawase/index.html,accept,no_live_or_master_match
三友サービス株式会社,https://sanyu-s.jp/,https://sanyu-s.jp/%e3%81%8a%e5%95%8f%e3%81%84%e5%90%88%e3%82%8f%e3%81%9b/,exclude,existing_sheet_match
三和エステート株式会社,https://www.sanwa-estate.com/,https://www.sanwa-estate.com/inquiry,accept,no_live_or_master_match
三和通産株式会社,https://sanwa-f.co.jp/,https://sanwa-f.co.jp/inquiry/,exclude,existing_sheet_match
三幸ハウス株式会社,https://www.sankoh-h.co.jp/,https://www.sankoh-h.co.jp/p23,exclude,existing_sheet_match
三幸商事株式会社,https://www.sanko-shouji.co.jp/,https://www.sanko-shouji.co.jp/kasitai/,exclude,existing_sheet_match
三洋住宅産業株式会社,https://www.sanyo-j.net/,https://www.sanyo-j.net/inquiry/,exclude,existing_sheet_match
三菱地所ハウスネット株式会社,https://www.mec-h.co.jp/,https://www.mec-h.co.jp/inquiry/,accept,no_live_or_master_match
不動産の窓口株式会社,https://www.mado-guchi.com/,https://www.mado-guchi.com/contact/,exclude,existing_sheet_match
中京ハウジング株式会社,https://chukyo-h.jp/,https://chukyo-h.jp/inquiry?inquiry_id=1&inquiry_type=contents,exclude,existing_sheet_match
中央企画株式会社,https://www.chuo-net.co.jp/,https://www.chuo-net.co.jp/form_reserv/,exclude,existing_sheet_match
中津興産株式会社,https://nakatsukosan.com/,https://nakatsukosan.com/contact/,exclude,existing_sheet_match
中部興産株式会社,https://www.chubu-kosan.co.jp/,https://www.chubu-kosan.co.jp/contact/,exclude,existing_sheet_match
丸一土地建物株式会社,https://www.maruichi-land.co.jp/,https://www.maruichi-land.co.jp/kasitai/,exclude,existing_sheet_match
丸七住宅株式会社,https://www.marushichi-j.com/,https://www.marushichi-j.com/contact/,exclude,existing_sheet_match
丸亀産業株式会社,https://marukame.jp/,https://marukame.jp/contact,exclude,existing_sheet_match
丸友商事株式会社,http://www.marutomo-im.com/,http://www.marutomo-im.com/feedback/,exclude,existing_sheet_match
丸岩産業株式会社,https://www.maruiwasangyo.co.jp/,https://www.maruiwasangyo.co.jp/inquiry.php,exclude,existing_sheet_match
丸紅リアルエステートマネジメント株式会社,http://www.mfmc.co.jp/,https://www.mfmc.co.jp/contact,exclude,existing_sheet_match
丸長ハウス株式会社,https://www.marucho-house.co.jp:443/,https://www.marucho-house.co.jp:443/contact/,exclude,existing_sheet_match
九州セキスイハイム不動産株式会社,https://www.k-816.jp/index.html,https://www.k-816.jp/company/,review,major_group_keyword_requires_official_check
五大ホーム株式会社,https://www.c21godai.co.jp/,https://www.c21godai.co.jp/company/inquiry/,exclude,existing_sheet_match
京商プロパティー株式会社,http://www.kyosho-p.co.jp/,http://www.kyosho-p.co.jp/contact/,exclude,existing_sheet_match
京急不動産株式会社,https://www.keikyu-sumai.com/,https://www.keikyu-sumai.com/contents/code/sell_form,exclude,existing_sheet_match
京成不動産株式会社,https://www.keisei-land.co.jp/,http://www.keisei-land.co.jp/contents/code/reform,exclude,existing_sheet_match
京阪カインド株式会社,https://www.keihan-kind.co.jp/,https://www.keihan-kind.co.jp/topics/wordpress/wp-content/uploads/2024/10/information_20241001.pdf,accept,no_live_or_master_match
今野不動産株式会社,https://www.konno-net.co.jp/,https://www.konno-net.co.jp/contact/form_02/,exclude,existing_sheet_match
仲和プロパティマネジメント株式会社,https://chuwa-property.co.jp/,https://chuwa-property.co.jp/inquiry/index.php,exclude,existing_sheet_match
伏見管理サービス株式会社,https://www.fushimikanri.co.jp/,https://www.fushimikanri.co.jp/information/,accept,no_live_or_master_match
住商レジデンシャル株式会社,https://www.sumisho-resi.co.jp/,https://www.sumisho-resi.co.jp/information/,review,major_group_keyword_requires_official_check
佐藤商業株式会社,https://sato-stc.co.jp/,https://sato-stc.co.jp/information/,exclude,existing_sheet_match
信和不動産株式会社,https://www.0007.co.jp/,https://www.0007.co.jp/contact/,exclude,existing_sheet_match
信和保証株式会社,https://shinwa-hosho.co.jp/,https://shinwa-hosho.co.jp/contact/,exclude,existing_sheet_match
信和物産株式会社,https://www.sundeyokatta.com/,https://www.sundeyokatta.com/?page_id=30,exclude,existing_sheet_match
健美家株式会社,https://www.kenbiya.com/,https://www.kenbiya.com/app/exe/toiawase1,exclude,existing_sheet_match
加和太建設株式会社,https://www.kawata.org/,https://www.kawata.org/contact/,exclude,existing_sheet_match
加来不動産株式会社,https://www.kaku-f.co.jp/,https://www.kaku-f.co.jp/contact/,exclude,existing_sheet_match
北山ハウス産業株式会社,https://kitayamahouse.jp/,https://kitayamahouse.jp/contact/,exclude,existing_sheet_match
北海道東急ビルマネジメント株式会社,https://h-tokyu-bm.co.jp/,https://h-tokyu-bm.co.jp/contact/,exclude,existing_sheet_match
北澤商事株式会社,https://www.kitazawa-s.co.jp/,https://www.kitazawa-s.co.jp/inquiry/index.php,exclude,existing_sheet_match
協永ソフトエンジニアリング株式会社,https://www.kyoei-realty.co.jp/,https://www.kyoei-realty.co.jp/contact/,exclude,existing_sheet_match
南光不動産株式会社,https://www.foryounanko.co.jp/,https://www.foryounanko.co.jp/contact/,exclude,existing_sheet_match
古郡ホーム株式会社,https://www.furugori-fudosan.net/,https://www.furugori-fudosan.net/pg-contact/,exclude,existing_sheet_match
台東プロパティマネジメント株式会社,https://www.taito-pm.co.jp/,https://www.taito-pm.co.jp/contact/,exclude,existing_sheet_match
叶不動産有限会社,https://kanoh-re.com/,https://kanoh-re.com/contact/,exclude,existing_sheet_match
司ネットワークサービス株式会社,https://syataku.tokyo/,https://syataku.tokyo/contact,exclude,existing_sheet_match
合同会社アソウト,https://asouto.jp/,https://asouto.jp/contact,exclude,existing_sheet_match
合同会社ケイズコンサルタント,https://ks-ngy.com/,https://ks-ngy.com/contact/,exclude,existing_sheet_match
合同会社ＡＸＥ,https://axe-llc.co.jp/,https://axe-llc.co.jp/?page_id=91,exclude,existing_sheet_match
吉田不動産株式会社,https://www.yoshida-re.co.jp/,https://www.yoshida-re.co.jp/inquiry/,exclude,existing_sheet_match
名古屋不動産株式会社,https://www.nagoya-est.co.jp/,https://www.nagoya-est.co.jp/contact,exclude,existing_sheet_match
名鉄コミュニティライフ株式会社,https://www.meitetsu-cl.co.jp/,https://www.meitetsu-cl.co.jp/resident/condominium/reform.html,accept,no_live_or_master_match
四葉不動産株式会社,https://luck428.com/,https://luck428.com/contact,exclude,existing_sheet_match
土屋住宅販売株式会社,https://tsuchiya-group.com/fam/,https://tsuchiya-group.com/fam/contact/,exclude,existing_sheet_match
坂戸ハウス株式会社,https://www.sakado-house.co.jp/,https://www.sakado-house.co.jp/kasitai/,exclude,existing_sheet_match
壱岐不動産株式会社,https://www.ikifudosan.com/,https://www.ikifudosan.com/contact,exclude,existing_sheet_match
大分ベスト不動産株式会社,https://www.c21oita.com/,https://www.c21oita.com/contact/,exclude,existing_sheet_match
大和ハウスリアルエステート株式会社,https://www.dh-realestate.co.jp/,https://www.dh-realestate.co.jp/shopinfo,accept,no_live_or_master_match
大和リビング株式会社,https://www.daiwaliving.co.jp/,https://www.daiwaliving.co.jp/inquire/,accept,no_live_or_master_match
大和興産株式会社,https://www.daiwakosan.com:443/,https://www.daiwakosan.com:443/contact/,exclude,existing_sheet_match
大喜工業株式会社,https://daiki-kougyo.co.jp/,https://daiki-kougyo.co.jp/contact/,exclude,existing_sheet_match
大宝商事株式会社,https://taihoh.co.jp/,https://taihoh.co.jp/contact/,exclude,existing_sheet_match
大幸ホーム株式会社,https://www.daiko-rec.co.jp/,https://www.daiko-rec.co.jp/contact,exclude,existing_sheet_match
大成トラスト株式会社,https://www.taisei-tr.com/company,https://www.taisei-tr.com/contact,exclude,existing_sheet_match
大成保証株式会社,https://www.taisei-hs.com/,https://www.taisei-hs.com/?page_id=13,exclude,existing_sheet_match
大晋建設株式会社,https://www.taishinkensetsu.co.jp/,https://www.taishinkensetsu.co.jp/contact/,exclude,existing_sheet_match
大東京不動産株式会社,https://www.dtky.co.jp/,https://www.dtky.co.jp/publics/index/3/,exclude,existing_sheet_match
大東建託パートナーズ株式会社,https://www.kentaku-partners.co.jp/,https://www.kentaku-partners.co.jp/contact,accept,no_live_or_master_match
大東建託リーシング株式会社,https://www.kentaku-leasing.co.jp/,https://www.kentaku-leasing.co.jp/wp-content/uploads/2026/01/partnersinformation_20260123.pdf,accept,no_live_or_master_match
大東建設不動産株式会社,https://www.daito-net.co.jp/,https://www.daito-net.co.jp/shop/contact/shop/,exclude,existing_sheet_match
大生不動産株式会社,https://daiseifudousan.co.jp/,https://daiseifudousan.co.jp/contact,exclude,existing_sheet_match
大興住建株式会社,https://www.daikojuken.co.jp/,https://www.daikojuken.co.jp/contact/,exclude,existing_sheet_match
大英リビングサポート株式会社,https://www.livingsupport.jp/,https://www.livingsupport.jp/contact-us/,accept,no_live_or_master_match
大鏡建設株式会社,https://daikyo-k.net/,https://daikyo-k.net/contact,exclude,existing_sheet_match
大阪ガスファイナンス株式会社,https://www.ogfi.co.jp:443/,https://www.ogfi.co.jp:443/inquiry,accept,no_live_or_master_match
太陽ハウス株式会社,https://www.taiyo-house.co.jp/,https://www.taiyo-house.co.jp/reform/,accept,no_live_or_master_match
富士瓦斯株式会社,https://www.fujigas.com/,https://www.fujigas.com/contact/,exclude,existing_sheet_match
富士通不動産株式会社,https://www.fujitsu-fudousan.co.jp/,https://www.fujitsu-fudousan.co.jp/%e3%81%9d%e3%81%ae%e4%bb%96%e3%81%ae%e3%81%8a%e5%95%8f%e5%90%88%e3%81%9b/,exclude,existing_sheet_match
対馬不動産株式会社,https://www.tsushimafudosan.com/,https://www.tsushimafudosan.com/contact,exclude,existing_sheet_match
小田急不動産株式会社,https://www.odakyu-fudosan.co.jp/,https://www.odakyu-fudosan.co.jp/inquiry/,exclude,existing_sheet_match
山万株式会社,https://yamaman.co.jp/,https://yamaman.co.jp/contact/,exclude,existing_sheet_match
山下興産株式会社,https://www.c21yamashita.co.jp/index.html,https://www.c21yamashita.co.jp/contact.html,exclude,existing_sheet_match
山田宅建合同会社,https://www.yamadatakken.com/,https://www.yamadatakken.com/contactus/,exclude,existing_sheet_match
岡部不動産株式会社,https://okabefudousan.com/,https://okabefudousan.com/contact/,exclude,existing_sheet_match
川崎住宅株式会社,https://www.kawajyuu.co.jp/,https://www.kawajyuu.co.jp/pages/5/,exclude,existing_sheet_match
工藤不動産株式会社,https://www.kudofudosan.co.jp:443/,https://www.kudofudosan.co.jp:443/searchcontact/,exclude,existing_sheet_match
巽建装株式会社,https://tatsumi-kenso.biz/,https://tatsumi-kenso.biz/,exclude,existing_sheet_match
帝国不動産株式会社,https://teikokufudosan.jp/,https://teikokufudosan.jp/contact/,exclude,existing_sheet_match
平和エステート株式会社,https://heiwaes.co.jp/,https://heiwaes.co.jp/inquiry?inquiry_id=1&inquiry_type=contents,exclude,existing_sheet_match
建栄サービス株式会社,https://www.kenei-s.co.jp/,https://www.kenei-s.co.jp/contact/,exclude,existing_sheet_match
掛谷不動産株式会社,https://0726.co.jp/,https://0726.co.jp/buy/salesperformance/,exclude,existing_sheet_match
新垣産業株式会社,https://www.arakaki-sangyou.jp/,https://www.arakaki-sangyou.jp/,accept,no_live_or_master_match
新日本信用保証株式会社,https://snsh.co.jp/,https://snsh.co.jp/contact.html,accept,no_live_or_master_match
新興不動産有限会社,https://www.m-shinko.co.jp/,https://www.m-shinko.co.jp/usedhomes_reform,accept,no_live_or_master_match
新都市総合管理株式会社,https://www.stsk.co.jp/,https://www.stsk.co.jp/hp-2024/contact/,exclude,existing_sheet_match
日光建設株式会社,https://www.nikko-ks.jp/,https://www.nikko-ks.jp/contact/,exclude,existing_sheet_match
日建産業株式会社,https://www.nikken-sangyo.co.jp/,https://www.nikken-sangyo.co.jp/contact,exclude,existing_sheet_match
日昇ホーム株式会社,https://nissho.co.jp/,https://nissho.co.jp/contact,exclude,existing_sheet_match
日本セーフティー株式会社,https://www.nihon-safety.co.jp/,https://www.nihon-safety.co.jp/inquiry/,exclude,existing_sheet_match
日本トルビン株式会社,https://nihon-torubin.co.jp/,https://nihon-torubin.co.jp/?page_id=42,exclude,existing_sheet_match
日本レンタル保証株式会社,https://jrental-g.co.jp/,https://jrental-g.co.jp/contact.html,accept,no_live_or_master_match
日本不動産株式会社,https://www.nihonfudousan.co.jp/,https://www.nihonfudousan.co.jp/contact,exclude,existing_sheet_match
日本情報クリエイト株式会社,https://www.n-create.co.jp/,https://www.n-create.co.jp/contact/inquiry/,exclude,existing_sheet_match
日本海不動産株式会社,https://www.nihonkai-fudousan.co.jp/,https://www.nihonkai-fudousan.co.jp/contact/,exclude,existing_sheet_match
日本瓦斯株式会社,https://www.nichigas.co.jp/,https://www.nichigas.co.jp/for-home/Inquiry,review,jpx_name_requires_official_domain_check
日本社宅サービス株式会社,https://www.syataku.co.jp/#home,https://www.syataku.co.jp/contact/,accept,no_live_or_master_match
日本興業株式会社,https://www.e-heya-hakken.com/,https://www.e-heya-hakken.com/contact,review,jpx_name_requires_official_domain_check
日本賃貸住宅保証機構株式会社,https://www.jrag.co.jp/,https://www.jrag.co.jp/contact,exclude,existing_sheet_match
日本通信紙株式会社,https://www.e-ntk.co.jp/,https://www.e-ntk.co.jp/contact,exclude,existing_sheet_match
日清紡都市開発株式会社,https://www.nisshinbo-tk.co.jp/,https://www.nisshinbo-tk.co.jp/%e3%81%8a%e5%95%8f%e3%81%84%e5%90%88%e3%82%8f%e3%81%9b/,exclude,existing_sheet_match
日産建物管理株式会社,http://nissantatemono.co.jp/,http://nissantatemono.co.jp/,accept,no_live_or_master_match
日神管財株式会社,https://www.nisshinkanzai.co.jp/,https://www.nisshinkanzai.co.jp/lease/contact.html,accept,no_live_or_master_match
旭化成不動産レジデンス株式会社,http://www.afr-web.co.jp/fudousan/index.html/,http://www.afr-web.co.jp/fudousan/corporate/performance.html,review,major_group_keyword_requires_official_check
明成不動産管理株式会社,https://meiseilife.com/,https://meiseilife.com/contact,exclude,existing_sheet_match
昭和有機株式会社,https://www.showayuki-hd.co.jp/,https://www.showayuki-hd.co.jp/contact,exclude,existing_sheet_match
有限会社いわさき不動産,http://www.iwasaki-realestate.com/,http://www.iwasaki-realestate.com/contact,exclude,existing_sheet_match
有限会社おおさん,https://www.oosan.jp/,https://www.oosan.jp/,exclude,existing_sheet_match
有限会社さくらホーム,https://www.sakurahome-co.jp/,https://www.sakurahome-co.jp/company/contact/,exclude,existing_sheet_match
有限会社とみや不動産,https://tomiyahousing.com/,https://tomiyahousing.com/Form/,exclude,existing_sheet_match
有限会社アイホープハウス,https://www.i-hope-house.co.jp:443/,https://www.i-hope-house.co.jp:443/contact/,exclude,existing_sheet_match
有限会社アクティブ,https://active-web.jp/,https://active-web.jp/inquiry?inquiry_id=7&inquiry_type=contents,exclude,existing_sheet_match
有限会社アップルホーム,https://www.chintai-apple.co.jp/,https://www.chintai-apple.co.jp/kasitai/,exclude,existing_sheet_match
有限会社アルズプランニング,https://www.alse.jp/,https://www.alse.jp/contact,accept,no_live_or_master_match
有限会社アールホーム,http://www.r-h.co.jp/,http://www.r-h.co.jp/contact,exclude,existing_sheet_match
有限会社イッセイ住宅,http://www.issei.jp/,http://www.issei.jp/contacts,exclude,existing_sheet_match
有限会社エイム東海,https://www.aimtokai.com/,https://www.aimtokai.com/contact.html,exclude,existing_sheet_match
有限会社エスク,https://yesc.co.jp/,https://yesc.co.jp/%e3%81%8a%e5%95%8f%e3%81%84%e5%90%88%e3%82%8f%e3%81%9b/,exclude,existing_sheet_match
有限会社エスケーケー住宅,http://www.skkjutaku.co.jp/,http://www.skkjutaku.co.jp/contact/,exclude,existing_sheet_match
有限会社エステート三和,https://estsanwa.jp/,https://estsanwa.jp/cf_cgi2/toiawase.htm,exclude,existing_sheet_match
有限会社キタムラコーポレーション,https://kitamuracorp.com/,https://kitamuracorp.com/inquiry/,exclude,existing_sheet_match
有限会社コスモ不動産,https://www.cosmo55.com/,https://www.cosmo55.com/cf_cgi2/toiawase.htm,exclude,existing_sheet_match
有限会社サカイ・エージェンシー,https://sakai-ag.com/,https://sakai-ag.com/contact/,exclude,existing_sheet_match
有限会社ジョイフル,https://sinano-tochi.co.jp/,https://sinano-tochi.co.jp/contact,exclude,existing_sheet_match
有限会社ジョウゲン開発,https://www.jyogen.co.jp:443/,https://www.jyogen.co.jp:443/contact/,exclude,existing_sheet_match
有限会社セントラル・ビル・サービス,https://central-b-s.com/,https://central-b-s.com/contactus/,exclude,existing_sheet_match
有限会社セントラル不動産,https://www.central-fudousan.co.jp/,https://www.central-fudousan.co.jp/contact/,exclude,existing_sheet_match
有限会社タイセイプラン,https://www.taiseyplan.com/,https://www.taiseyplan.com/contact,exclude,existing_sheet_match
有限会社タカラハウジング,https://takara-housing.com/,https://takara-housing.com/contact/,exclude,existing_sheet_match
有限会社ダイ・ハード,https://www.diehard.co.jp/,https://www.diehard.co.jp/company_info/contact/,exclude,existing_sheet_match
有限会社ダン,https://fudousan-dan.com/,https://fudousan-dan.com/contact/,exclude,existing_sheet_match
有限会社ティーエス不動産企画,https://ts-fudousan.com/,https://ts-fudousan.com/pages/3/,exclude,existing_sheet_match
有限会社トラスティーサービス,https://www.trustee.co.jp/,https://www.trustee.co.jp/kasitai/,exclude,existing_sheet_match
有限会社ドルフ,https://www.dorf-web.co.jp/,https://www.dorf-web.co.jp/contact,exclude,existing_sheet_match
有限会社ナカハウジング,https://naka-housing.jp/,https://naka-housing.jp/,exclude,existing_sheet_match
有限会社ニシダハウジング,https://www.nishidahousing.com/,https://www.nishidahousing.com/blank-6,exclude,existing_sheet_match
有限会社ニーズ,https://www.needs-kitami.com/,https://www.needs-kitami.com/information-desk/,exclude,existing_sheet_match
有限会社ヒロックス,https://hirox-net.co.jp/,https://hirox-net.co.jp/publics/index/48/,exclude,existing_sheet_match
有限会社ビッグ開発,https://www.big-okinawa.com/,https://www.big-okinawa.com/contact/,exclude,existing_sheet_match
有限会社プカラス,https://www.pcarass.com/,https://www.pcarass.com/contact.php,exclude,existing_sheet_match
有限会社メリーグロー,https://www.merrygrow.co.jp:443/,https://www.merrygrow.co.jp:443/contact/,exclude,existing_sheet_match
有限会社モリ不動産,https://mori-fudousan.com/,https://mori-fudousan.com/pages/3/,exclude,existing_sheet_match
有限会社ユニハウジング,https://www.yukarigaoka-uni.co.jp/,https://www.yukarigaoka-uni.co.jp/contents/inq,exclude,existing_sheet_match
有限会社ラック,https://ansey.com/,https://ansey.com/contact,exclude,existing_sheet_match
有限会社ワタナベ不動産,https://www.watanabe-real.co.jp/,https://www.watanabe-real.co.jp/faq,accept,no_live_or_master_match
有限会社ワンダーランド,https://0120720901.com/,https://0120720901.com/contents/inquiry_page,exclude,existing_sheet_match
有限会社上池自動車学校,https://www.kamiike.co.jp/,https://www.kamiike.co.jp/cgi-bin/entry/form.cgi,exclude,existing_sheet_match
有限会社上田不動産,https://www.okinawa-ueda.co.jp/,https://www.okinawa-ueda.co.jp/pages/3/,exclude,existing_sheet_match
有限会社不動産のよこやまえり,https://eris-estate.pink/,https://eris-estate.pink/,exclude,existing_sheet_match
有限会社丸美不動産,https://www.marumi-re.co.jp/,https://www.marumi-re.co.jp/customer_support,accept,no_live_or_master_match
有限会社仲川不動産,https://www.nakagawafudosan.co.jp/,https://www.nakagawafudosan.co.jp/%e3%81%8a%e5%95%8f%e3%81%84%e5%90%88%e3%82%8f%e3%81%9b/,exclude,existing_sheet_match
有限会社住宅管理社,https://www.jyutakukanri.co.jp:443/,https://www.jyutakukanri.co.jp:443/contact/,exclude,existing_sheet_match
有限会社信濃不動産,https://shinano-fudousan.co.jp/,https://shinano-fudousan.co.jp/contact/,exclude,existing_sheet_match
有限会社原商事,http://www.hara-syouzi.com/,http://www.hara-syouzi.com/mailform/mailform_1/,exclude,existing_sheet_match
有限会社喜納住宅開発,https://www.kina.co.jp/,https://www.kina.co.jp/contact/,exclude,existing_sheet_match
有限会社大吉宅建,http://www.daikiti-takuken.co.jp/,http://www.daikiti-takuken.co.jp/contact,exclude,existing_sheet_match
有限会社大坪事務所,https://www.otsubo-j.co.jp/,https://www.otsubo-j.co.jp/,exclude,existing_sheet_match
有限会社大堂,https://www.daido-1977.co.jp/,https://www.daido-1977.co.jp/contact/,exclude,existing_sheet_match
有限会社大益,https://www.daimasu-s.co.jp/,https://www.daimasu-s.co.jp/contact/,exclude,existing_sheet_match
有限会社大興不動産延岡,https://www.taiko-nobeoka.com/,https://www.taiko-nobeoka.com/contact,exclude,existing_sheet_match
有限会社大興不動産日向,https://www.taiko-hyuga.co.jp/,https://www.taiko-hyuga.co.jp/contact,exclude,existing_sheet_match
有限会社大阪ホーム・コンサルタント,https://www.osakahome.co.jp/,https://www.osakahome.co.jp/kasitai/,exclude,existing_sheet_match
有限会社太平不動産,https://www.taihei-fudosan.com/,https://www.taihei-fudosan.com/contact,exclude,existing_sheet_match
有限会社帯広ドットコム,https://www.obihiroshi.com/,https://www.obihiroshi.com/contact_campaign.php,exclude,existing_sheet_match
有限会社後藤商会,https://goccha.info/,https://goccha.info/contact.html,exclude,existing_sheet_match
有限会社徳里ハウジング,https://www.tokuzato-hsg.jp/ja/,https://www.tokuzato-hsg.jp/ja/contact-us,exclude,existing_sheet_match
有限会社徳里住建,https://www.tokuzato.com/,https://www.tokuzato.com/company.php,accept,no_live_or_master_match
有限会社拓実住宅,https://www.takumi58.co.jp/,https://www.takumi58.co.jp/?p=6622,accept,no_live_or_master_match
有限会社新地開発,https://www.chintai-okinawa.jp/,https://www.chintai-okinawa.jp/contact/,exclude,existing_sheet_match
有限会社日本マスターリンク社,https://www.hokkaido2103.jp/,https://www.hokkaido2103.jp/inquiry/,exclude,existing_sheet_match
有限会社昭和エンタープライズ,https://happylife-r.com/,https://happylife-r.com/?page_id=19,exclude,existing_sheet_match
有限会社朝日ハウジング,http://www.asahi-okinawa.com/,http://www.asahi-okinawa.com/Contact/,exclude,existing_sheet_match
有限会社潮ライフホーム,https://ushiolife.jp/,https://ushiolife.jp/contact.html,accept,no_live_or_master_match
有限会社田口住宅,https://www.taguchi-jyuutaku.co.jp/,https://www.taguchi-jyuutaku.co.jp/contact/,exclude,existing_sheet_match
有限会社相和不動産,https://www.aiwa-f.co.jp/,https://www.aiwa-f.co.jp/contact/,exclude,existing_sheet_match
有限会社礎,https://isizue.work/,https://isizue.work/contact/,exclude,existing_sheet_match
有限会社第一土地,https://www.daiichi-tochi.co.jp/,https://www.daiichi-tochi.co.jp/contact/,exclude,existing_sheet_match
有限会社高蔵住宅,https://www.takakurajutaku.com/,https://www.takakurajutaku.com/%e3%81%8a%e5%95%8f%e5%90%88%e3%81%9b,exclude,existing_sheet_match
朝日ホームズ株式会社,https://www.asahihomes.jp/,https://www.asahihomes.jp/contact/,exclude,existing_sheet_match
朝日リビング株式会社,https://www.asahi-lv.co.jp/,https://www.asahi-lv.co.jp/pg-contact/,exclude,existing_sheet_match
朝日建設株式会社,https://asahi21.co.jp/,https://asahi21.co.jp/common/contact.html,accept,no_live_or_master_match
朝日産業株式会社,https://www.asahisangyou.co.jp/,https://www.asahisangyou.co.jp/inquiry/,exclude,existing_sheet_match
東京ディフェンス株式会社,https://www.tokyodefense.com/,https://www.tokyodefense.com/contact/,exclude,existing_sheet_match
東京三誠不動産株式会社,https://www.tokyosansei.co.jp/,https://www.tokyosansei.co.jp/contact.html,exclude,existing_sheet_match
東京建物不動産販売株式会社,https://www.ttfuhan.co.jp/,https://www.ttfuhan.co.jp/contact/,accept,no_live_or_master_match
東京海上日動火災保険株式会社,https://www.tokiomarine-nichido.co.jp/,https://www.tokiomarine-nichido.co.jp/service/auto/,exclude,existing_sheet_match
東京綜合管理株式会社,https://tokyosogokanri.net/,https://tokyosogokanri.net/contact/,exclude,existing_sheet_match
東住ハウジング株式会社,http://www.toju.info/,http://www.toju.info/contents/form_assessment.php,exclude,existing_sheet_match
東北セキスイハイム不動産株式会社,https://tohoku-sekifu.jp/,https://tohoku-sekifu.jp/company/,review,major_group_keyword_requires_official_check
東建ビル管理株式会社,https://www.token-bm.co.jp/,https://www.token-bm.co.jp/inquiry/,exclude,existing_sheet_match
東急ライフィア株式会社,https://www.tokyulifia.co.jp/,https://www.tokyulifia.co.jp/land/,accept,no_live_or_master_match
東急住宅リース株式会社,https://www.tokyu-housing-lease.co.jp/,https://www.tokyu-housing-lease.co.jp/residents/,exclude,existing_sheet_match
東急社宅マネジメント株式会社,https://tokyu-corporate-housing-management.co.jp/,https://tokyu-corporate-housing-management.co.jp/contact/,exclude,existing_sheet_match
東日本住宅株式会社,https://www.higashinihonjutaku.co.jp/,https://www.higashinihonjutaku.co.jp/uritai/,exclude,existing_sheet_match
東武不動産株式会社,https://www.tobu-re.co.jp/,https://www.tobu-re.co.jp/contact/,accept,no_live_or_master_match
東洋コミュニティ株式会社,http://toyocommunity.com/,http://toyocommunity.com/contact/,exclude,existing_sheet_match
東洋テック株式会社,https://www.toyo-tec.co.jp/,https://www.toyo-tec.co.jp/contact/,review,jpx_name_requires_official_domain_check
東海建物株式会社,https://www.toukaitatemono.co.jp/,https://www.toukaitatemono.co.jp/tenant_inquiry,exclude,existing_sheet_match
東邦ハウジング株式会社,https://estate.toho-co.com/,https://estate.toho-co.com/contact/,accept,no_live_or_master_match
東邦住建株式会社,http://www.toho-juken.co.jp/,http://www.toho-juken.co.jp/contact/,exclude,existing_sheet_match
東邦金属工業株式会社,https://www.tohometal.co.jp/,https://www.tohometal.co.jp/contact/,exclude,existing_sheet_match
松井産業株式会社,https://www.matsui-sangyou.co.jp/,https://www.matsui-sangyou.co.jp/performance,accept,no_live_or_master_match
松嵜産興株式会社,https://www.matsuzakisanko.co.jp/,https://www.matsuzakisanko.co.jp/contact,exclude,existing_sheet_match
松本ビル管理株式会社,https://www.matumoto-kanri.co.jp/,https://www.matumoto-kanri.co.jp/contact/,exclude,existing_sheet_match
柊コンサルタント合同会社,https://www.hi-ragi-consul.com/,https://www.hi-ragi-consul.com/business,exclude,existing_sheet_match
株式会社あそしあ少額短期保険,https://www.associa-insurance.com/,https://www.associa-insurance.com/basic/,accept,no_live_or_master_match
株式会社あなぶきレジデンシャル流通,https://www.anabuki-rr.co.jp/,https://www.anabuki-rr.co.jp/contact,exclude,existing_sheet_match
株式会社あんしんプラス,https://ansinplus.com/,https://ansinplus.com/contact,exclude,existing_sheet_match
株式会社あんど,https://and.care/,https://and.care/contact/,exclude,existing_sheet_match
株式会社いえらぶコミュニケーションズ,https://www.ielove-communications.co.jp/,https://www.ielove-communications.co.jp/contact,exclude,existing_sheet_match
株式会社いえらぶパーク,https://ielove-park.jp/,https://ielove-park.jp/contact,exclude,existing_sheet_match
株式会社いえらぶパートナーズ,https://ielove-partners.co.jp/,https://ielove-partners.co.jp/agency_information/,accept,no_live_or_master_match
株式会社いるま野サービス,https://irumano.co.jp/,https://irumano.co.jp/funeral/contact,exclude,existing_sheet_match
株式会社えん賃貸管理,https://www.en-pm.jp/,https://www.en-pm.jp/contact/,exclude,existing_sheet_match
株式会社おかたづけ田中くん,https://okataduketanakakun.net/,https://okataduketanakakun.net/%e3%83%9b%e3%83%bc%e3%83%a0%e3%83%9a%e3%83%bc%e3%82%b8%e3%82%bb%e3%82%af%e3%82%b7%e3%83%a7%e3%83%b3/,exclude,existing_sheet_match
株式会社おくの,https://ok-okuno-agent.com/,https://ok-okuno-agent.com/pages/50/,accept,no_live_or_master_match
株式会社きずな,https://kizuna-inc.co.jp/,https://kizuna-inc.co.jp/contact,exclude,existing_sheet_match
株式会社きめたハウジング,https://www.kimeta-housing.com/,https://www.kimeta-housing.com/%e3%81%8a%e5%95%8f%e3%81%84%e5%90%88%e3%82%8f%e3%81%9b/,exclude,existing_sheet_match
株式会社くみん不動産,https://www.kumin.co.jp/,https://www.kumin.co.jp/contact/,exclude,existing_sheet_match
株式会社さいたま住研,https://www.saitama-j.com/,https://www.saitama-j.com/inquiry.php,exclude,existing_sheet_match
株式会社しんにち不動産,https://www.39shinnichi.co.jp/,https://www.39shinnichi.co.jp/contact,exclude,existing_sheet_match
株式会社じげん,https://zigexn.co.jp:443/,https://zigexn.co.jp/ir/ir_contact/,review,jpx_name_requires_official_domain_check
株式会社すがコーポレーション,https://www.sugasuga.co.jp/,https://www.sugasuga.co.jp/?page_id=41,exclude,existing_sheet_match
株式会社すまいる管理,http://www.smile-service.jp/,http://www.smile-service.jp/?page_id=221,exclude,existing_sheet_match
株式会社ちえん,https://www.chien.co.jp/,https://www.chien.co.jp/toiawase.aspx,exclude,existing_sheet_match
株式会社つくば商事,https://www.tsukuba-s.com/,https://www.tsukuba-s.com/contact,exclude,existing_sheet_match
株式会社ときそう,http://tokiso.co.jp/,http://tokiso.co.jp/contact,exclude,existing_sheet_match
株式会社とまと館,https://www.tomatokan.com/,https://www.tomatokan.com/contact_list,accept,no_live_or_master_match
株式会社とみや不動産,https://www.kaiteki-jyunin.com/,https://www.kaiteki-jyunin.com/contact,exclude,existing_sheet_match
株式会社なないろ,https://www.nanairorent.net/,https://www.nanairorent.net/contact/,exclude,existing_sheet_match
株式会社ひろし不動産,https://www.hiroshif.com/,https://www.hiroshif.com/contact,exclude,existing_sheet_match
株式会社ふれんず宅建保証,https://www.f-takken.com/hoshou/,https://www.f-takken.com/hoshou/contact/,exclude,existing_sheet_match
株式会社べるでん,https://werden.jp/,https://werden.jp/contact/,exclude,existing_sheet_match
株式会社まさる建設,https://masaru-kensetu.com/,https://masaru-kensetu.com/contact/,exclude,existing_sheet_match
株式会社まつもと不動産,https://www.matsu-f.jp/,https://www.matsu-f.jp/shop/contact/shop/,exclude,existing_sheet_match
株式会社みずほ不動産,https://www.mizuho-re.com:443/,https://www.mizuho-re.com:443/requests/edit,exclude,existing_sheet_match
株式会社みらいパートナーズ,https://www.mirai-p.okinawa/,https://www.mirai-p.okinawa/,accept,no_live_or_master_match
株式会社むつみホーム,https://mutsumi-home.net/,https://mutsumi-home.net/contact/,exclude,existing_sheet_match
株式会社わのまま,https://wanomama-official.com/,https://wanomama-official.com/reform/,exclude,existing_sheet_match
株式会社アイエフシー・コーポレーション,https://www.ifc-corporation.co.jp/,https://www.ifc-corporation.co.jp/contact/,exclude,existing_sheet_match
株式会社アイケンジャパン,https://aikenjapan.jp/,https://aikenjapan.jp/business/reform_renovation/,accept,no_live_or_master_match
株式会社アイデアル,https://ideal-group.co.jp/,https://ideal-group.co.jp/contact/,exclude,existing_sheet_match
株式会社アイディプロパティ,https://idg-p.jp/,https://idg-p.jp/inquiry/index.php,exclude,existing_sheet_match
株式会社アイランドホーム,http://www.iland-home.com/,http://www.iland-home.com/mailform/mailform_1/index.html,exclude,existing_sheet_match
株式会社アイワホーム,https://www.aiwa-home.jp/,https://www.aiwa-home.jp/formmagazine/,exclude,existing_sheet_match
株式会社アイ・ディー・シー,https://www.id-com.co.jp/,https://www.id-com.co.jp/contact/,exclude,existing_sheet_match
株式会社アオキガーデン,https://www.aoki-garden.co.jp/,https://www.aoki-garden.co.jp/contact,exclude,existing_sheet_match
株式会社アキシム,https://www.akisim.com/,https://www.akisim.com/contact/,exclude,existing_sheet_match
株式会社アクシスコミュニティ,https://www.axiss-community.co.jp/,https://www.axiss-community.co.jp/contact.html,exclude,existing_sheet_match
株式会社アクセス,https://access-21.com/,https://access-21.com/?page_id=2,exclude,existing_sheet_match
株式会社アクティスコーポレーション,https://www.aqutics.co.jp/,https://www.aqutics.co.jp/contact/management/,accept,no_live_or_master_match
株式会社アクトワンプラス,http://www.actoneplus.co.jp/,http://www.actoneplus.co.jp/contact/,exclude,existing_sheet_match
株式会社アサカワクオリネス,https://qualiness.co.jp/,https://qualiness.co.jp/contact/,exclude,existing_sheet_match
株式会社アシスト,https://assist-jpn.com/cms/?page_id=270,https://assist-jpn.com/cms/?page_id=216,exclude,existing_sheet_match
株式会社アスクワン,https://www.askone.co.jp/,https://www.askone.co.jp/inquiry/,accept,no_live_or_master_match
株式会社アスパ,https://www.asset-value.jp/,https://www.asset-value.jp/contact/,exclude,existing_sheet_match
株式会社アズ・スタット,https://www.az-stat.com/,https://www.az-stat.com/contact_cancel/,exclude,existing_sheet_match
株式会社アズーム,https://azoom.jp/,https://azoom.jp/contact,review,jpx_name_requires_official_domain_check
株式会社アズ企画設計,https://www.azplan.co.jp/,https://www.azplan.co.jp/contact/,review,jpx_name_requires_official_domain_check
株式会社アセス信用保証,https://www.assess-credit.co.jp/,https://www.assess-credit.co.jp/contact/,exclude,existing_sheet_match
株式会社アセットリード,https://assetlead.co.jp/,https://assetlead.co.jp/info/,accept,no_live_or_master_match
株式会社アソシエート,https://www.associate.co.jp/,http://www.associate.co.jp/company/,exclude,existing_sheet_match
株式会社アソーク,https://asok-inc.co.jp/,https://asok-inc.co.jp/,exclude,existing_sheet_match
株式会社アチーブメントプラス,https://www.achieve-plus.jp/,https://www.achieve-plus.jp/soudan-form/,exclude,existing_sheet_match
株式会社アットイン,https://atinn.jp/,https://atinn.jp/support,accept,no_live_or_master_match
株式会社アッドバリュー,https://www.add-v.co.jp/,https://www.add-v.co.jp/contact.html/,exclude,existing_sheet_match
株式会社アップル,https://www.apple-apaman.co.jp/,https://www.apple-apaman.co.jp/contact/,exclude,existing_sheet_match
株式会社アップル神奈川,https://www.ap-kanagawa.co.jp/,https://www.ap-kanagawa.co.jp/%e3%81%8a%e5%95%8f%e3%81%84%e5%90%88%e3%82%8f%e3%81%9b/,exclude,existing_sheet_match
株式会社アトワンス,http://www.atonce.jp/,http://www.atonce.jp/contact/,exclude,existing_sheet_match
株式会社アドバンスネット,http://www.advance-real.co.jp/,https://www.advance-real.co.jp/web/contact.php,exclude,existing_sheet_match
株式会社アドバンス・シティ・プランニング,https://acp.hokushinfudosan.co.jp/,https://acp.hokushinfudosan.co.jp/contact,exclude,existing_sheet_match
株式会社アパリエ建築,https://www.apalier.co.jp/,https://www.apalier.co.jp/contact,exclude,existing_sheet_match
株式会社アパートセンターオカモト,https://www.acogroup.co.jp/,https://www.acogroup.co.jp/inquiry/?radio=1,exclude,existing_sheet_match
株式会社アフロ,https://www.aflo-net.com/,https://www.aflo-net.com/contact/,exclude,existing_sheet_match
株式会社アブレイズパートナーズ,https://ablaze-p.co.jp/,https://ablaze-p.co.jp/contact,exclude,existing_sheet_match
株式会社アプリーズ,https://www.aprease.com/,https://www.aprease.com/contact/,exclude,existing_sheet_match
株式会社アミコム,http://www.amicom.jp/,http://www.amicom.jp/contact/,exclude,existing_sheet_match
株式会社アルコ,https://www.arukonet.co.jp/,https://www.arukonet.co.jp/office_information/,exclude,existing_sheet_match
株式会社アルス,https://ars-re.co.jp/,https://ars-re.co.jp/index/inquiry,exclude,existing_sheet_match
株式会社アルゾホーム,https://www.aruzohome.com/,https://www.aruzohome.com/inquiry,exclude,existing_sheet_match
株式会社アルファエステート,https://www.alp-est.com/,https://www.alp-est.com/contact,exclude,existing_sheet_match
株式会社アルファー,https://alpha-k.jp/,https://alpha-k.jp/contact/,exclude,existing_sheet_match
株式会社アルヴェスタ,http://alvesta.co.jp/,https://alvesta.co.jp/contactbs/,exclude,existing_sheet_match
株式会社アレップス,https://town-group.co.jp/,https://town-group.co.jp/contact,exclude,existing_sheet_match
株式会社アロハプロパティ,https://www.aloha-property.co.jp/,https://www.aloha-property.co.jp,exclude,existing_sheet_match
株式会社アンサー倶楽部,https://answerclub.co.jp/,https://answerclub.co.jp/contact/,exclude,existing_sheet_match
株式会社アンティ,https://www.amty.jp/,https://www.amty.jp/contact,exclude,existing_sheet_match
株式会社アンドセレクト,https://andselect.co.jp/,https://andselect.co.jp/contact.html,exclude,existing_sheet_match
株式会社アンビション・バロー,https://www.valor8600.com/,https://www.valor8600.com/valorshinyoko/inquiry/index.php,exclude,existing_sheet_match
株式会社アース,https://www.earthgroup-jp.com/,https://www.earthgroup-jp.com,exclude,existing_sheet_match
株式会社アース保証,https://earth-hosho.co.jp/,https://earth-hosho.co.jp/wp-content/themes/earthhosho/contact/,exclude,existing_sheet_match
株式会社アートアベニュー,https://www.artavenue.co.jp/,https://www.artavenue.co.jp/consult/,exclude,existing_sheet_match
株式会社アーネスト,https://earnest-estate.jp/,https://earnest-estate.jp/reform-renovation/,accept,no_live_or_master_match
株式会社アーバネットリビング,https://www.urbanet.jp/urbanetliving/,https://www.urbanet.jp/urbanetliving/contact/,exclude,existing_sheet_match
株式会社アーバンライフ建築総合研究所,https://urban-a.co.jp/,https://urban-a.co.jp/publics/index/23/,exclude,existing_sheet_match
株式会社アーバンレック,https://www.heya.co.jp/,https://www.heya.co.jp/contact/,exclude,existing_sheet_match
株式会社アーバン企画開発,https://www.urbankk.co.jp/,https://www.urbankk.co.jp/inquiry,exclude,existing_sheet_match
株式会社アービック,http://urbic.co.jp/,http://urbic.co.jp/contact/,exclude,existing_sheet_match
株式会社アール恒産,https://r-kosan.co.jp/,https://r-kosan.co.jp/inquiry,exclude,existing_sheet_match
株式会社イエヰリ,https://www.ieiri-co.jp/,https://www.ieiri-co.jp/contact,exclude,existing_sheet_match
株式会社イケスギ,https://www.ikesugi-re.co.jp/,https://www.ikesugi-re.co.jp/contact/,exclude,existing_sheet_match
株式会社イチイ,https://ichii-re.co.jp/,https://ichii-re.co.jp/service/reform/,exclude,existing_sheet_match
株式会社イディアライズコーポレーション,https://www.idearise.co.jp/,https://www.idearise.co.jp/contact,exclude,existing_sheet_match
株式会社イノベント,https://innovent.co.jp/,https://innovent.co.jp/information,exclude,existing_sheet_match
株式会社イマジン・コーポレーション,https://www.imagine-c.co.jp/,https://www.imagine-c.co.jp/manageandoperation/application-form,exclude,existing_sheet_match
株式会社インサイト,https://www.insite.vc/,https://www.insite.vc/usr/inquiry/fubi/,exclude,existing_sheet_match
株式会社インターレジデンス,https://inter-residence.com/,https://inter-residence.com/wp/contact,exclude,existing_sheet_match
株式会社イントラスト,https://www.entrust-inc.jp/,https://www.entrust-inc.jp/customer/,review,jpx_name_requires_official_domain_check
株式会社インフィニストン,https://infinistone.co.jp/,https://infinistone.co.jp/contact,exclude,existing_sheet_match
株式会社インベストメントエージェント,https://investmentagent.co.jp/,https://investmentagent.co.jp/contact,exclude,existing_sheet_match
株式会社イースト住宅情報,https://www.eastjj.com/,https://www.eastjj.com/contact,exclude,existing_sheet_match
株式会社イーダブルジー,https://ewg.co.jp/,https://ewg.co.jp/contact/,exclude,existing_sheet_match
株式会社ウィズコーポレーション,https://wizco.jp/,https://wizco.jp/contact,exclude,existing_sheet_match
株式会社ウィンドヒル,https://www.web-windhill.com/about.html,https://www.web-windhill.com/contact.html,exclude,existing_sheet_match
株式会社ウィンドワード,https://windward-jpn.com/about/,https://windward-jpn.com/contact/inquiry/,exclude,existing_sheet_match
株式会社ウォーム,https://irm-chintai.com/,https://irm-chintai.com/contact,exclude,existing_sheet_match
株式会社ウチダハウス,https://uchida-house.co.jp/,https://uchida-house.co.jp/contact/,accept,no_live_or_master_match
株式会社エイチピーエム,https://ho10-house.com/,https://ho10-house.com/contact/,accept,no_live_or_master_match
株式会社エクシング,https://www.exing-inc.com:443/,https://www.exing-inc.com:443/contact/,exclude,existing_sheet_match
株式会社エコホームズ,http://www.eco-homes.jp/,https://www.eco-homes.jp/contact/,exclude,existing_sheet_match
株式会社エコラボ・デザインハウス,http://ecolabo-dh.co.jp/,http://ecolabo-dh.co.jp/contact/,exclude,existing_sheet_match
株式会社エスエストラスト,https://ss-trust.co.jp/,https://ss-trust.co.jp/contact/,exclude,existing_sheet_match
株式会社エスクリーン,https://www.s-clean.jp/,https://www.s-clean.jp/,exclude,existing_sheet_match
株式会社エスコ,https://www.esco-co.jp/,https://www.esco-co.jp/mailform,exclude,existing_sheet_match
株式会社エスタス管財,https://s-tus.co.jp/,https://s-tus.co.jp/contact,exclude,existing_sheet_match
株式会社エステート白馬,https://www.e-hakuba.com/,https://www.e-hakuba.com/group/customer/,exclude,existing_sheet_match
株式会社エッジキャピタル,https://edge-c.com/,https://edge-c.com/form-layout-dl/,exclude,existing_sheet_match
株式会社エッジコネクション,https://edge-connection.co.jp/,https://edge-connection.co.jp/contact-us/,exclude,existing_sheet_match
株式会社エッセ,https://esse.co.jp/,https://esse.co.jp/contact/,exclude,existing_sheet_match
株式会社エヌアセット,https://n.n-asset.com/,https://n.n-asset.com/useful,accept,no_live_or_master_match
株式会社エヌアセットホールディングス,https://n-asset-holdings.com/,https://n-asset-holdings.com/,exclude,existing_sheet_match
株式会社エバンス,https://www.evansnet.co.jp/,https://www.evansnet.co.jp/kasitai/,exclude,existing_sheet_match
株式会社エバンスアメニティー,https://www.evanceamenity.jp/,https://www.evanceamenity.jp/inquiry/index.php,exclude,existing_sheet_match
株式会社エフリーフハウス,https://kawaguchi-baikyaku.com/,https://kawaguchi-baikyaku.com/contact/,exclude,existing_sheet_match
株式会社エミエル不動産,https://www.emieru.jp/,https://www.emieru.jp/contact,exclude,existing_sheet_match
株式会社エムズ,https://www.sapporo-ms.co.jp/,https://www.sapporo-ms.co.jp/company/,exclude,existing_sheet_match
株式会社エムズ・ウエスト,https://mswest.co.jp/,https://mswest.co.jp/contact/,exclude,existing_sheet_match
株式会社エリオン,https://www.elion.co.jp/,https://www.elion.co.jp/reform,accept,no_live_or_master_match
株式会社エルシティ,https://www.l-city.co.jp/,https://www.l-city.co.jp/contact,exclude,existing_sheet_match
株式会社エンジョイワークス,https://enjoyworks.jp/,https://enjoyworks.jp/contact/,exclude,existing_sheet_match
株式会社エンジョイ・オーナーズライフ,http://e-owner.jp/,https://e-owner.jp/inquiry/,exclude,existing_sheet_match
株式会社エーアンドエム不動産,https://www.akiya-am.com/,https://www.akiya-am.com/category/works/,exclude,existing_sheet_match
株式会社エージェンシー雅,https://www.ag-miyabi.co.jp/,https://www.ag-miyabi.co.jp/contact,exclude,existing_sheet_match
株式会社オカムラメイト,https://www.okamuramate.com/,https://www.okamuramate.com/inquiry/,exclude,existing_sheet_match
株式会社オキムス,https://sites.google.com/view/okimsmain/,https://sites.google.com/view/okimsmain/information,accept,no_live_or_master_match
株式会社オクゼン不動産,https://www.okuzen.co.jp/,https://www.okuzen.co.jp/contact,exclude,existing_sheet_match
株式会社オリバー,https://olivergroup.jp/,https://olivergroup.jp/residents/,exclude,existing_sheet_match
株式会社オンテック,https://www.on-tec.net/,https://www.on-tec.net/form/contact/,accept,no_live_or_master_match
株式会社オークハウス,https://www.oakhouse.jp/,https://www.oakhouse.jp/company_information/company_overview,accept,no_live_or_master_match
株式会社オーリック不動産,https://alliq.jp/,https://alliq.jp/inquiry/index.php,exclude,existing_sheet_match
株式会社オール,https://or-corp.com/,https://or-corp.com/form/,exclude,existing_sheet_match
株式会社カナヤマ,https://kanayama-inc.co.jp/,https://kanayama-inc.co.jp/form/kaiyaku/,accept,no_live_or_master_match
株式会社カナリー,https://corp.canary-app.jp/,https://corp.canary-app.jp/contact/,exclude,existing_sheet_match
株式会社カンエイ,https://www.kanei.info/,https://www.kanei.info/modelroom/information,exclude,existing_sheet_match
株式会社ガイアフィールド,https://www.gaea-field.com/,https://www.gaea-field.com/service/reform/?hsLang=ja,exclude,existing_sheet_match
株式会社ガーデンシティ,https://www.gardencity6989.com/,https://www.gardencity6989.com/contact,exclude,existing_sheet_match
株式会社キッズウェイ,https://www.kids-way.ne.jp/,https://www.kids-way.ne.jp/contact_hp1/,exclude,existing_sheet_match
株式会社キュービック不動産,https://www.i-cubic.net/,https://www.i-cubic.net/contact/,exclude,existing_sheet_match
株式会社キングホーム,https://kinghome.co.jp/,https://kinghome.co.jp/pages/40/,accept,no_live_or_master_match
株式会社キーメイト渡辺商事,https://www.keymate.co.jp/,https://www.keymate.co.jp/toiawase/,exclude,existing_sheet_match
株式会社ギガプライズ,https://www.gigaprize.co.jp:443/,https://www.gigaprize.co.jp:443/contact/,accept,no_live_or_master_match
株式会社ギムアス,https://www.gim-ms.com/,https://www.gim-ms.com/pages/183/,exclude,existing_sheet_match
株式会社クオリスコミュニティ,https://www.qualis-com.co.jp/,https://www.qualis-com.co.jp/contact,exclude,existing_sheet_match
株式会社クオーレ,https://www.quore.co.jp/,https://www.quore.co.jp/?page_id=21,exclude,existing_sheet_match
株式会社クボタ住宅,https://www.m-kubota.co.jp/,https://www.m-kubota.co.jp/business/,accept,no_live_or_master_match
株式会社クラス不動産,https://www.miyakonojo.info/,https://www.miyakonojo.info/contact,exclude,existing_sheet_match
株式会社クラリス,https://www.clarice-c.com/,https://www.clarice-c.com/contact/,exclude,existing_sheet_match
株式会社クリエイティブ・ウェブ,https://www.creative-web.co.jp/,https://www.creative-web.co.jp/contact/,exclude,existing_sheet_match
株式会社クリーンフォース,https://cleanforce.jp/,https://cleanforce.jp/architect/contact/,accept,no_live_or_master_match
株式会社クルーズ,http://cruise-net.co.jp/,http://cruise-net.co.jp/inquiry/,exclude,existing_sheet_match
株式会社クローバー・ネットワーク・コム,https://clovernetwork.co.jp/,https://clovernetwork.co.jp/contact/,accept,no_live_or_master_match
株式会社グッドコム,https://www.goodcomasset-gc.co.jp:443/,https://www.goodcomasset-gc.co.jp:443/contact/,exclude,existing_sheet_match
株式会社グランドコンフォート,http://g-confort.co.jp/,https://g-confort.co.jp/contact-us/,exclude,existing_sheet_match
株式会社グラート,https://grato-co.com/,https://grato-co.com/contact/,exclude,existing_sheet_match
株式会社グリーン・シップ,http://www.green-ship.co.jp/,https://www.green-ship.co.jp/contact/,exclude,existing_sheet_match
株式会社グローバルアイ,https://g-eye.jp/,https://g-eye.jp/inquiry/,exclude,existing_sheet_match
株式会社グローバルトラストネットワークス,https://www.gtn.co.jp/,https://www.gtn.co.jp/contact,accept,no_live_or_master_match
株式会社グローバルマーケット,https://www.global-market.co.jp/,https://www.global-market.co.jp/contact/,exclude,existing_sheet_match
株式会社グローバル・リンク・マネジメント,https://www.global-link-m.com/,https://www.global-link-m.com/contact/,review,jpx_name_requires_official_domain_check
株式会社グローブプロパティ,https://www.globe-property.co.jp/,https://www.globe-property.co.jp/contact/,exclude,existing_sheet_match
株式会社グローベルス,https://gro-bels.co.jp/,https://gro-bels.co.jp/contact/,exclude,existing_sheet_match
株式会社グローリア・ライフ・クリエイト,https://www.glc-inc.jp/,https://www.glc-inc.jp/contact/,exclude,existing_sheet_match
株式会社ケイズ,http://www.kei-zu.co.jp/,http://www.kei-zu.co.jp/?page_id=20,exclude,existing_sheet_match
株式会社ケン・コーポレーション,https://www.kencorp.co.jp/,https://www.kencorp.co.jp/contact/,accept,no_live_or_master_match
株式会社ケン・ハウジング,https://www.ken-housing.com/,https://www.ken-housing.com/store-choice,accept,no_live_or_master_match
株式会社ケーコーポレーション,https://rent.k-co.jp/,https://rent.k-co.jp/contact/,exclude,existing_sheet_match
株式会社コインパーク,https://www.coinpark.co.jp/,https://www.coinpark.co.jp/inquiry0/,exclude,existing_sheet_match
株式会社コスギ不動産ホールディングス,https://www.kosugi-f.com/,https://www.kosugi-f.com/contact,exclude,existing_sheet_match
株式会社コスモ,https://www.homemate-keihan.com/,https://www.homemate-keihan.com/inquiry/index.php,exclude,existing_sheet_match
株式会社コスモスイニシア,https://www.cigr.co.jp/,https://www.cigr.co.jp/irinfo/information/,review,jpx_name_requires_official_domain_check
株式会社コスモハウジング,https://www.cosmo-h.co.jp/,https://www.cosmo-h.co.jp/contact/,exclude,existing_sheet_match
株式会社コトブキホームセンター,https://www.kotobuki-hs.com/,https://www.kotobuki-hs.com/inquiry/,accept,no_live_or_master_match
株式会社コプラス,https://www.co-plus.co.jp/,https://www.co-plus.co.jp/contact/,exclude,existing_sheet_match
株式会社コモハラ不動産,https://komohara.com/,https://komohara.com/contact/,exclude,existing_sheet_match
株式会社コープリビング九州,https://cooplivingkyushu.co.jp/,https://cooplivingkyushu.co.jp/contact,exclude,existing_sheet_match
株式会社サイン,http://heyamode-hakodate.com/,http://heyamode-hakodate.com/contact.html,exclude,existing_sheet_match
株式会社サキコーポレーション,https://saki-corp.jp/,https://saki-corp.jp/reform,exclude,existing_sheet_match
株式会社サケンホーム,https://www.sakenhome.jp/company,https://www.sakenhome.jp/contact,exclude,existing_sheet_match
株式会社サジェスト,https://www.suggest.co.jp/,https://www.suggest.co.jp/contact/,exclude,existing_sheet_match
株式会社サニックス,https://sanix.jp/,https://sanix.jp/home-service/termite/estimation/,accept,no_live_or_master_match
株式会社サンエイホーム,https://www.sanei-home.co.jp/,https://www.sanei-home.co.jp/about/howto_contact.html,accept,no_live_or_master_match
株式会社サンエース,https://www.sar.co.jp/,https://www.sar.co.jp/cnt/contact,exclude,existing_sheet_match
株式会社サンケイシャーロック,https://www.sharlock.com/,https://www.sharlock.com/%e3%81%8a%e5%95%8f%e3%81%84%e5%90%88%e3%82%8f%e3%81%9b/,exclude,existing_sheet_match
株式会社サンコーポレーション,https://sun-kanri.info/,https://sun-kanri.info/contact/,exclude,existing_sheet_match
株式会社サンノア・トラスト,http://www.sunnoah-trust.jp/,http://www.sunnoah-trust.jp,exclude,existing_sheet_match
株式会社サンフィールド,https://sunfield-pm.jp/,https://sunfield-pm.jp/contact/,exclude,existing_sheet_match
株式会社サンプロシード,https://s-proceed.co.jp/,https://s-proceed.co.jp/contact,exclude,existing_sheet_match
株式会社サンライズワン,http://www.sunriseone-fukuoka.com/,http://www.sunriseone-fukuoka.com/contact.html,exclude,existing_sheet_match
株式会社サークルホーム,https://www.circlehome.co.jp/,https://www.circlehome.co.jp/contact/,exclude,existing_sheet_match
株式会社シイ・アイ・シー,https://cic-pm.co.jp/,https://cic-pm.co.jp/owner-form/,exclude,existing_sheet_match
株式会社シェア１８０,https://www.sharehouse180.net/,https://www.sharehouse180.net/contact-first-step/,exclude,existing_sheet_match
株式会社シエルトパートナー,https://cierto-p.co.jp/,https://cierto-p.co.jp/inquiry/index.php,exclude,existing_sheet_match
株式会社シティハウス管理,https://kanri.cityhouse.co.jp/,https://kanri.cityhouse.co.jp/contact/,exclude,existing_sheet_match
株式会社シティビルサービス札幌,https://www.city-bld.net/,https://www.city-bld.net/inquiry/,exclude,existing_sheet_match
株式会社シノケンファシリティーズ,https://www.shinoken-fcl.com/,https://www.shinoken-fcl.com/tenants/contact/,accept,no_live_or_master_match
株式会社シルクコーポレーション,https://www.silk-cp.com/,https://www.silk-cp.com/contact.html,exclude,existing_sheet_match
株式会社シンカ,https://www.thinca.co.jp/,https://www.thinca.co.jp/contact/,review,jpx_name_requires_official_domain_check
株式会社シンコーハウス,https://www.shinko-house.co.jp:443/,https://www.shinko-house.co.jp:443/contact/,exclude,existing_sheet_match
株式会社シード・コーポレーション,https://seed24.jp/,https://seed24.jp/contact/,exclude,existing_sheet_match
株式会社シーラ,https://syla.jp,https://syla.jp/contact,accept,no_live_or_master_match
株式会社シー・ビー・ティ・ソリューションズ,https://cbt-s.com/,https://cbt-s.com/performance/,accept,no_live_or_master_match
株式会社ジェイエーアメニティーハウス,https://www.ja-amenityhouse.co.jp/,https://www.ja-amenityhouse.co.jp/personal-information/,accept,no_live_or_master_match
株式会社ジョイフルサポート,https://corporate.re-hirota.co.jp/,https://corporate.re-hirota.co.jp/contact/,exclude,existing_sheet_match
株式会社ジーク,https://www.sieg-net.com/,https://www.sieg-net.com/contact.html,exclude,existing_sheet_match
株式会社スウィートホーム住宅サービス,https://www.sweet-home.co.jp/,https://www.sweet-home.co.jp/apoint.html,accept,no_live_or_master_match
株式会社ステージツー,https://stage2.jp/,https://stage2.jp/contact/,exclude,existing_sheet_match
株式会社ステージプランナー,https://www.stageplan.co.jp/,https://www.stageplan.co.jp/,accept,no_live_or_master_match
株式会社ストエネ,https://sutoene.co.jp/,https://sutoene.co.jp/contact/,exclude,existing_sheet_match
株式会社ストライド,https://stride-inc.jp/,https://stride-inc.jp/construction-form/,exclude,existing_sheet_match
株式会社ストーンズ,https://stone-s.co.jp/,https://stone-s.co.jp/tenant/tenant-qa/,accept,no_live_or_master_match
株式会社スペース,https://space-rent.co.jp/,https://space-rent.co.jp/contact/,review,jpx_name_requires_official_domain_check
株式会社スペースリー,https://info.spacely.co.jp/,https://info.spacely.co.jp/contactus/,exclude,existing_sheet_match
株式会社スペースＲデザイン,https://www.space-r.net/,https://www.space-r.net/contact,exclude,existing_sheet_match
株式会社スマサポ,https://www.sumasapo.co.jp/,https://www.sumasapo.co.jp/contact_list.php,review,jpx_name_requires_official_domain_check
株式会社スマートクレジット,https://smartcredit.co.jp/,https://smartcredit.co.jp/contact/,exclude,existing_sheet_match
株式会社スリーワイズエステート,https://www.3wise.co.jp/,https://www.3wise.co.jp/inquiry/,exclude,existing_sheet_match
株式会社スーパー・コート,https://www.supercourt.jp/,https://www.supercourt.jp/inquirys,exclude,existing_sheet_match
株式会社セイワホーム,https://www.seiwahome.jp/,https://www.seiwahome.jp/contact/,exclude,existing_sheet_match
株式会社セイワランドック,https://www.seiwa-l.co.jp/,https://www.seiwa-l.co.jp/お問い合わせ/,exclude,existing_sheet_match
株式会社セイワ地研,https://www.seiwachiken.co.jp/,https://www.seiwachiken.co.jp/contact,exclude,existing_sheet_match
株式会社セクト,https://www.e-sect.co.jp/,https://www.e-sect.co.jp/inquiry/,accept,no_live_or_master_match
株式会社セゾンハウス,https://www.sezonhouse.co.jp/,https://www.sezonhouse.co.jp/form/,exclude,existing_sheet_match
株式会社セゾンリアルティ,https://www.saison-realty.co.jp/,https://www.saison-realty.co.jp/inquiry/,exclude,existing_sheet_match
株式会社セレコーポレーション,https://www.cel-co.com/corporate/outline.php,https://www.cel-co.com/contact/,review,jpx_name_requires_official_domain_check
株式会社セレス・キャピタル,https://www.ceres-capital.co.jp/,https://www.ceres-capital.co.jp/contact/,exclude,existing_sheet_match
株式会社センデン,https://www.able-nagano.com/,https://www.able-nagano.com/contact/,exclude,existing_sheet_match
株式会社セーフティーイノベーション,https://www.s-innov.co.jp/,https://www.s-innov.co.jp/contact/,exclude,existing_sheet_match
株式会社セールスアウトソーシング,https://www.sales-out.co.jp/,https://www.sales-out.co.jp/contact/,exclude,existing_sheet_match
株式会社ゼントラスト,https://www.zentrust.co.jp/,https://www.zentrust.co.jp/contact/,exclude,existing_sheet_match
株式会社ソアレスライフ,https://www.soaleslife.com/,https://www.soaleslife.com,exclude,existing_sheet_match
株式会社ソソグー不動産,https://f-facility.com/,https://f-facility.com/contact,exclude,existing_sheet_match
株式会社ソナーレ,https://www.sonare.co.jp/,https://www.sonare.co.jp/form/,exclude,existing_sheet_match
株式会社タイセイシュアーサービス,https://www.taisei-sure.co.jp/,https://www.taisei-sure.co.jp/contactlist,exclude,existing_sheet_match
株式会社タイセイ・ハウジー,https://www.taisei-hs.co.jp/,https://www.taisei-hs.co.jp/,accept,no_live_or_master_match
株式会社タカギ,https://www.takagi.co.jp/,https://www.takagi.co.jp/mold/performance.html,accept,no_live_or_master_match
株式会社タカギプランニングオフィス,https://www.t-p-o.com/,https://www.t-p-o.com/contact/,exclude,existing_sheet_match
株式会社タカハシ,https://kabu-takahashi.com/,https://kabu-takahashi.com/contact/,exclude,existing_sheet_match
株式会社タカラ,https://e-takara.co.jp/,https://e-takara.co.jp/resident/resident-faq/,exclude,existing_sheet_match
株式会社タカラハウス,https://www.takarahouse4718.jp/,https://www.takarahouse4718.jp/contact/,exclude,existing_sheet_match
株式会社タスシステム,https://www.tassystem.net/index.php,https://www.tassystem.net/contact.php,exclude,existing_sheet_match
株式会社タローズ事務所,https://taros-agency.com/,https://taros-agency.com/taros-reform/,exclude,existing_sheet_match
株式会社ダイワライセット,https://daiwa-l.jp/,https://daiwa-l.jp/contact/,exclude,existing_sheet_match
株式会社ダイワ不動産,https://www.daiwa-fudousan.co.jp:443/,https://www.daiwa-fudousan.co.jp:443/contact/,exclude,existing_sheet_match
株式会社ダンゴネット,https://www.dangonet.co.jp/,https://www.dangonet.co.jp/company/information/,accept,no_live_or_master_match
株式会社ダ・カーポ,https://daca-po.co.jp/,https://daca-po.co.jp/contact/,exclude,existing_sheet_match
株式会社チタコーポレーション,https://chitacoh.com/,https://chitacoh.com/contact/,exclude,existing_sheet_match
株式会社ツインライフ,https://twinlife.co.jp/,https://twinlife.co.jp/application-form/,exclude,existing_sheet_match
株式会社ティーアンドシー,https://t-and-c.co.jp/,https://t-and-c.co.jp/imechen,accept,no_live_or_master_match
株式会社テスク,https://www.tsc-jp.com/,https://www.tsc-jp.com/contact,exclude,existing_sheet_match
株式会社テラスバ,https://terasuba.com/,https://terasuba.com/contact,exclude,existing_sheet_match
株式会社テルミ,https://terumi.jp/,https://terumi.jp/reform/,accept,no_live_or_master_match
株式会社テル・コーポレーション,https://teru-co.co.jp/,https://teru-co.co.jp/contact/,exclude,existing_sheet_match
株式会社テンポイノベーション,https://www.tenpo-r.co.jp/,https://www.tenpo-r.co.jp/contact/,exclude,existing_sheet_match
株式会社テンポスバスターズ,https://www.tenpos.co.jp/,https://www.tenpos.co.jp/contact/,accept,no_live_or_master_match
株式会社デシジョン,https://decision9363.jp/,http://decision9363.jp/contact/form.php,exclude,existing_sheet_match
株式会社デマンド,https://www.demandclub.co.jp/,https://www.demandclub.co.jp/inquiry,exclude,existing_sheet_match
株式会社デュアルタップ,https://www.dualtap.co.jp/,https://www.dualtap.co.jp/contact/,review,jpx_name_requires_official_domain_check
株式会社トビラーク,http://tobilark.co.jp/,http://tobilark.co.jp/contact,exclude,existing_sheet_match
株式会社トラスト,https://trust-realestate.jp/,https://trust-realestate.jp/contact,exclude,existing_sheet_match
株式会社トラストアドバイザーズ,https://trust-advisers.co.jp/,https://trust-advisers.co.jp/contact,exclude,existing_sheet_match
株式会社トラストエージェント,https://www.trustagent.co.jp/,https://www.trustagent.co.jp/inquiry/,exclude,existing_sheet_match
株式会社トラスト賃貸管理,https://www.rising-trust.co.jp/affiliates/lease/,https://www.rising-trust.co.jp/contact/,exclude,existing_sheet_match
株式会社トラッシュアップ,https://trashup.co.jp/,https://trashup.co.jp/contact/,exclude,existing_sheet_match
株式会社トレジャーカンパニー,https://www.treasure-c.co.jp:443/,https://www.treasure-c.co.jp:443/contact/,exclude,existing_sheet_match
株式会社トレジャールーム,https://www.tr-room.co.jp/,https://www.tr-room.co.jp/shop/contact/shop/,exclude,existing_sheet_match
株式会社トータルリフォーム,https://www.totalreform.co.jp/,https://www.totalreform.co.jp/,accept,no_live_or_master_match
株式会社ドリームプランニング,http://dream-planning.co.jp/,http://dream-planning.co.jp/form/index.html,exclude,existing_sheet_match
株式会社ナカミチ,http://e-nakamichi.co.jp/,http://e-nakamichi.co.jp/form_nomal/,exclude,existing_sheet_match
株式会社ナガヨシ,https://www.nagayoshi.info/,https://www.nagayoshi.info/contact/,exclude,existing_sheet_match
株式会社ナニワクオリティ,https://www.naniwa-q.jp/company/,https://www.naniwa-q.jp/contact,exclude,existing_sheet_match
株式会社ナビック,https://na-vic.co.jp/,https://na-vic.co.jp/contact,exclude,existing_sheet_match
株式会社ナミキ,https://www.namiki-grp.co.jp/,https://www.namiki-grp.co.jp/contact2,exclude,existing_sheet_match
株式会社ニコニコ不動産,https://www.nikoniko-f.com/,https://www.nikoniko-f.com/cms/reform,accept,no_live_or_master_match
株式会社ニチワ,https://www.nichiwa-realestate.co.jp:443/,https://www.nichiwa-realestate.co.jp:443/pg-contact-general/,exclude,existing_sheet_match
株式会社ニッテイライフ,https://www.nitteilife.com/,https://www.nitteilife.com/rentalinformation/,exclude,existing_sheet_match
株式会社ニューガイア,https://www.newgaea.com/,https://www.newgaea.com/contact/,exclude,existing_sheet_match
株式会社ニューライフオリジナル,https://www.nlo.co.jp/,https://www.nlo.co.jp/%e3%81%8a%e5%95%8f%e5%90%88%e3%82%8f%e3%81%9b%e5%8f%97%e4%bb%98/,exclude,existing_sheet_match
株式会社ネイブレイン,https://www.nabrain.com/,https://www.nabrain.com/form,exclude,existing_sheet_match
株式会社ネクサス,https://nexus-group.co.jp/,https://nexus-group.co.jp/contact/,exclude,existing_sheet_match
株式会社ネクサスエージェント,https://nexus-agent.com/,https://nexus-agent.com/information,accept,no_live_or_master_match
株式会社ネクステップ,https://www.nexstep.co.jp/,https://www.nexstep.co.jp/business-information_page,accept,no_live_or_master_match
株式会社ネクステップ,https://corp.next-step.co.jp/,https://corp.next-step.co.jp/speed-sell-contact/,exclude,candidate_duplicate
株式会社ネクストライフ,https://www.next-life.co.jp/,https://www.next-life.co.jp/contacts/,exclude,existing_sheet_match
株式会社ネットプラザ,https://netplz.com/,https://netplz.com/contact/,exclude,existing_sheet_match
株式会社ネハヤス不動産,https://www.nehayas.net/,https://www.nehayas.net/お問い合わせ,accept,no_live_or_master_match
株式会社ノグチ不動産,https://www.noguchi-gr.co.jp:443/,https://www.noguchi-gr.co.jp:443/contact/,exclude,existing_sheet_match
株式会社ノザワ産業,https://www.nozawa-g.co.jp/,https://www.nozawa-g.co.jp/inquiry.php,exclude,existing_sheet_match
株式会社ハイアーグラウンド,https://higherground.inc/,https://higherground.inc/service/reform,exclude,existing_sheet_match
株式会社ハイコム,https://estate.8156.jp/,https://estate.8156.jp/contact/,exclude,existing_sheet_match
株式会社ハウジングイースト,https://www.housing-east.co.jp/,https://www.housing-east.co.jp/contact/,exclude,existing_sheet_match
株式会社ハウスクリニック,https://houseclinic.co.jp/,https://houseclinic.co.jp/information/,exclude,existing_sheet_match
株式会社ハウステーションプロパティマネジメント,https://www.howstation.com/,https://www.howstation.com/inquiry.php,exclude,existing_sheet_match
株式会社ハウスパートナー,https://www.h-partner.com/,https://www.h-partner.com/penguin/housepartner/home/public?page=owner,accept,no_live_or_master_match
株式会社ハウスフレンド,https://www.housefriend.co.jp/,https://www.housefriend.co.jp/contact-us/,exclude,existing_sheet_match
株式会社ハウスマート,https://h-mart.co.jp/,https://h-mart.co.jp/inquiry,exclude,existing_sheet_match
株式会社ハウスメイト,https://www.fuji-housemate.jp/company/,http://www.fuji-housemate.jp/contact/,exclude,existing_sheet_match
株式会社ハウスメイトマネジメント,https://www.housemate.co.jp/,https://www.housemate.co.jp/information/index.html,accept,no_live_or_master_match
株式会社ハウスリンク,https://house-link.com/,https://house-link.com/contact/index,exclude,existing_sheet_match
株式会社ハナコソリューション,https://hanako-solution.com/,https://hanako-solution.com/reform/,accept,no_live_or_master_match
株式会社ハル,https://haru-estate.co.jp/,https://haru-estate.co.jp/contact/,exclude,existing_sheet_match
株式会社ハートフルレントエージェント,http://www.heartfulrent.co.jp/,http://heartfulrent.co.jp/page_id142/,exclude,existing_sheet_match
株式会社ハートベストパートナーズ,https://heartb-partners.co.jp/,https://heartb-partners.co.jp/contact.html,exclude,existing_sheet_match
株式会社ハートランド住宅販売,https://heartland-net.co.jp/,https://heartland-net.co.jp/articles/31970,accept,no_live_or_master_match
株式会社バスシステムデザイン研究所,https://bsd.ecobath.com/,https://bsd.ecobath.com/form/,exclude,existing_sheet_match
株式会社バリュー・エージェント,https://www.value-agent.co.jp/,https://www.value-agent.co.jp/?content=contact,exclude,existing_sheet_match
株式会社バレッグス,https://balleggs.jp/,https://balleggs.jp/contact/,review,jpx_name_requires_official_domain_check
株式会社パシ・コム,https://www.pacicom.co.jp/,https://www.pacicom.co.jp/contact/,exclude,existing_sheet_match
株式会社パワーコンサルティングネットワークス,http://powercon.jp/,https://powercon.jp/contact/,exclude,existing_sheet_match
株式会社パワープロパティ,https://power-pro.co.jp/,https://power-pro.co.jp/contact/,exclude,existing_sheet_match
株式会社ヒノキヤグループ,https://www.hinokiya-group.jp/,https://www.hinokiya-group.jp/contact,exclude,existing_sheet_match
株式会社ヒロセの賃貸,https://www.n-hirose.co.jp/,https://www.n-hirose.co.jp/contact/,exclude,existing_sheet_match
株式会社ヒロ・コーポレーション,https://www.hiro-web.co.jp/,https://www.hiro-web.co.jp/information/59871/,exclude,existing_sheet_match
株式会社ビジュアルリサーチ,https://www.visualresearch.jp/,https://www.visualresearch.jp/contact/,exclude,existing_sheet_match
株式会社ビットキー,https://bitkey.co.jp/,https://bitkey.co.jp/contact/,exclude,existing_sheet_match
株式会社ビルドヒューマニー,https://build-humany.co.jp/,https://build-humany.co.jp/contact/,exclude,existing_sheet_match
株式会社ビルネット,https://builnet.co.jp/,https://builnet.co.jp/contact,exclude,existing_sheet_match
株式会社ビーハウジング,https://bee-h.jp/,https://bee-h.jp/contact,exclude,existing_sheet_match
株式会社ビーバーハウス,https://www.beaverlease.com/,https://www.beaverlease.com/form_13626.html,accept,no_live_or_master_match
株式会社ビーロット,https://www.b-lot.co.jp/,https://www.b-lot.co.jp/?page_id=80,review,jpx_name_requires_official_domain_check
株式会社ピーコネクト,https://p-connect.co.jp/,https://p-connect.co.jp/contact/,exclude,existing_sheet_match
株式会社ファイバーゲート,https://www.fibergate.co.jp/,https://www.fibergate.co.jp/contact/,review,jpx_name_requires_official_domain_check
株式会社ファイブ管理,https://5kanri.com/,https://5kanri.com/inquiry/index.php,accept,no_live_or_master_match
株式会社ファミリーネット・ジャパン,https://www.fnj.co.jp/,https://www.fnj.co.jp/contact,accept,no_live_or_master_match
株式会社ファミリープロパティ,https://family-property.co.jp/,https://family-property.co.jp/faq/building-trouble/,exclude,existing_sheet_match
株式会社フィナンシアジャパン,https://www.financia-jp.com/,https://www.financia-jp.com/お問い合わせ/,exclude,existing_sheet_match
株式会社フェイスネットワーク,https://faithnetwork.co.jp/,https://faithnetwork.co.jp/contact/,review,jpx_name_requires_official_domain_check
株式会社フォワードライフ,https://forward-life.jp/,https://forward-life.jp/contact/,exclude,existing_sheet_match
株式会社フォーディー,https://4d2017.com/index.html,https://4d2017.com/form.php,exclude,existing_sheet_match
株式会社フジホーム,https://www.fuji-home.co.jp/,https://www.fuji-home.co.jp/information/,exclude,existing_sheet_match
株式会社フソウアルファ,https://fusou-a.jp/,http://fusou-a.jp/contact/,accept,no_live_or_master_match
株式会社フュディアルコミュニティ,https://www.fudeal-community.jp/,https://www.fudeal-community.jp/contact/,exclude,existing_sheet_match
株式会社フルハウス,https://www.fullhouse-asahikawa.com:443/,https://www.fullhouse-asahikawa.com:443/form-move-in/,exclude,existing_sheet_match
株式会社フレスト,https://frest-estate.co.jp/,https://frest-estate.co.jp/sell/,exclude,existing_sheet_match
株式会社フレンドホーム,https://friend-home.jp/,https://friend-home.jp/contact/,exclude,existing_sheet_match
株式会社フロンティアエステート,https://www.fro-es.com/,https://www.fro-es.com/contact/,exclude,existing_sheet_match
株式会社フロンティアハウス,https://www.frontier-house.co.jp/,https://www.frontier-house.co.jp/contact/,exclude,existing_sheet_match
株式会社フロンティアホーム,https://frontier-home.co.jp/,https://frontier-home.co.jp/business/inheritance/,exclude,existing_sheet_match
株式会社フロントハウジング,https://fronthousing.jp/,https://fronthousing.jp/contact,exclude,existing_sheet_match
株式会社ブライトエステート,https://www.bright-estate.co.jp/,https://www.bright-estate.co.jp/?page_id=104,exclude,existing_sheet_match
株式会社プライマル,https://www.primal-estate.net/,https://www.primal-estate.net/contact,exclude,existing_sheet_match
株式会社プライム,https://www.prime1216.com/,https://www.prime1216.com/contact/,exclude,existing_sheet_match
株式会社プラザサービス,https://plaza-service.co.jp/,https://plaza-service.co.jp/index.php/contact,exclude,existing_sheet_match
株式会社プラネットコーポレーション,https://planet-cp.com/,https://planet-cp.com/inquiry/index.php,exclude,existing_sheet_match
株式会社プラン・ドゥ,https://plan-d.co.jp/,https://plan-d.co.jp/investment/consultation,review,jpx_name_requires_official_domain_check
株式会社プリズミック,https://www.prismic.co.jp/,https://www.prismic.co.jp/contact/,accept,no_live_or_master_match
株式会社プレイスチャームネクサス,https://placecharm.jp/,https://placecharm.jp/contact.html,exclude,existing_sheet_match
株式会社プレニーズ,https://www.pleaneeds.co.jp/,https://www.pleaneeds.co.jp/contact,accept,no_live_or_master_match
株式会社プレミアム住マイル,https://presuma.co.jp/,https://presuma.co.jp/contact,exclude,existing_sheet_match
株式会社プレミアライフ,https://www.premier-life.co.jp/,https://www.premier-life.co.jp/inquiry/index.php,exclude,existing_sheet_match
株式会社プロトソリューション,https://www.protosolution.co.jp/,https://www.protosolution.co.jp/contact/,exclude,existing_sheet_match
株式会社ベステックス,https://www.bestexnet.co.jp/,https://www.bestexnet.co.jp/request/,exclude,existing_sheet_match
株式会社ベストハウジング,https://www.best-housing.co.jp/,https://www.best-housing.co.jp/info/25939/,exclude,existing_sheet_match
株式会社ベツダイ,https://betsudai.jp:443/,https://betsudai.jp/,exclude,existing_sheet_match
株式会社ベネフィット,https://benefit-hakodate.formatline.com/,https://benefit-hakodate.formatline.com/index.php,accept,no_live_or_master_match
株式会社ベルテックス,https://vertex-c.co.jp/,https://vertex-c.co.jp/contact,accept,no_live_or_master_match
株式会社ベル・アンド・ウイング,https://bell-wing.co.jp/,https://bell-wing.co.jp/information/,accept,no_live_or_master_match
株式会社ホワイトホームズ,https://www.white-homes.com/,https://www.white-homes.com/contact/kaiyaku,exclude,existing_sheet_match
株式会社ホープハウスシステム,https://hopehouse.co.jp/,https://hopehouse.co.jp/information,exclude,existing_sheet_match
株式会社ホーミング・ライフ,http://homing.co.jp/,https://homing.co.jp/hl_contact/,accept,no_live_or_master_match
株式会社ホームグラウンド,https://homegroundjp.com/,https://homegroundjp.com/contact/,exclude,existing_sheet_match
株式会社ポートホームズ,https://www.porthomes.co.jp/,https://www.porthomes.co.jp/inquiry.php,exclude,existing_sheet_match
株式会社マイナビ,https://www.mynavi.jp/,https://www.mynavi.jp/info/,accept,no_live_or_master_match
株式会社マイホーム情報不動産,https://www.myhome-info.jp/,https://www.myhome-info.jp/contact,accept,no_live_or_master_match
株式会社マイムコミュニティー,https://www.mym.co.jp/,https://www.mym.co.jp/contact/,exclude,existing_sheet_match
株式会社マエムラ,https://www.maemura.co.jp/,https://www.maemura.co.jp/contact,exclude,existing_sheet_match
株式会社マスター・アドバイザーズ,https://master-01.com/,https://master-01.com/contact.html,exclude,existing_sheet_match
株式会社マツヤマスマイルホーム,https://www.smilehome.co.jp/,https://www.smilehome.co.jp/lineme/lin.ee/yhqSJ2h?id=13190,accept,no_live_or_master_match
株式会社マルイホームサービス,https://www.marui-hs.co.jp/,https://www.marui-hs.co.jp/content/rentcontac/,exclude,existing_sheet_match
株式会社マルユウハウジー,https://www.okinawa-chintai.jp/,https://www.okinawa-chintai.jp/contact/,exclude,existing_sheet_match
株式会社マルヨシ,https://www.century21saitama.com/,https://www.century21saitama.com/reform/,accept,no_live_or_master_match
株式会社マンションセンター,https://mansionc.co.jp/,https://mansionc.co.jp/contact/,exclude,existing_sheet_match
株式会社マンセル,https://www.mansell-re.jp/,https://www.mansell-re.jp/contact/,exclude,existing_sheet_match
株式会社マーケティング・コミュニケーションズ,https://www.mcto.co.jp/company,https://www.mcto.co.jp/contact/,exclude,existing_sheet_match
株式会社ミタホーム,https://mita-home.co.jp/,https://www.mita-home.co.jp/contact/,exclude,existing_sheet_match
株式会社ミツケン,https://mituken.co.jp/,https://mituken.co.jp/contact,accept,no_live_or_master_match
株式会社ミツモア,https://meetsmore.com/,https://meetsmore.com/services/moving/media/142201,exclude,existing_sheet_match
株式会社ミニミニ城東,https://minimini.jp/corp/joto/,https://minimini.jp/main/contact.asp,exclude,existing_sheet_match
株式会社ミヤビグループ,https://miyabi-group.jp/,https://miyabi-group.jp/multiple-contact/,exclude,existing_sheet_match
株式会社ムカサ,https://mukasa-re.jp/,https://mukasa-re.jp/form/taikyo/,exclude,existing_sheet_match
株式会社ムーヴアップ,https://move-up.co.jp/,https://move-up.co.jp/contact/,exclude,existing_sheet_match
株式会社メイクスプラス,https://makes-g.co.jp/makes-p/,https://makes-g.co.jp/makes-p/contact,exclude,existing_sheet_match
株式会社メインランドジャパン,https://www.mljp.co.jp/,https://www.mljp.co.jp/contact-renov/,exclude,existing_sheet_match
株式会社メッツプロパティ,https://metsproperty.jp/,https://metsproperty.jp/contact/,exclude,existing_sheet_match
株式会社メディエイトシップ,https://mediateship.com/,https://mediateship.com/contact/,exclude,existing_sheet_match
株式会社モダンアパートメント,https://m-apartment.co.jp/,https://m-apartment.co.jp/contact/,exclude,existing_sheet_match
株式会社モデスティ,https://modesty.co.jp/,https://modesty.co.jp/contact_mail/,exclude,existing_sheet_match
株式会社モリモトクオリティ,https://www.m-quality.co.jp/,https://www.m-quality.co.jp/inquiry/,accept,no_live_or_master_match
株式会社ユアーズ・コーポレーション,https://www.yoursnet.com/,https://www.yoursnet.com/contact/,exclude,existing_sheet_match
株式会社ユカリエ,https://www.yukarie.co.jp/,https://www.yukarie.co.jp/contact/,exclude,existing_sheet_match
株式会社ユタカコーポレーション,https://www.yutaka-c.co.jp/,https://www.yutaka-c.co.jp/topics/,exclude,existing_sheet_match
株式会社ユニコム,http://www.k-unicom.com/,http://www.k-unicom.com/inquiry/,exclude,existing_sheet_match
株式会社ユニバーサル広告社,https://www.universal-ad.co.jp/,https://www.universal-ad.co.jp/contact/,exclude,existing_sheet_match
株式会社ユニマットライフ,https://www.unimat-life.co.jp/,https://www.unimat-life.co.jp/contact/contact.php,exclude,existing_sheet_match
株式会社ユメックス,https://yumex-saga.com,https://yumex-saga.com/contact,exclude,existing_sheet_match
株式会社ライナフ,https://linough.com/,https://linough.com/contact/,exclude,existing_sheet_match
株式会社ライフアップ,https://lifeap.co.jp/,https://lifeap.co.jp/contact,exclude,existing_sheet_match
株式会社ライフコーポレーション,https://www.life-okinawa.jp/,https://www.life-okinawa.jp/inquiry.php,review,jpx_name_requires_official_domain_check
株式会社ライフサポート,https://lifesupport-pm.jp/,https://lifesupport-pm.jp/contact/,accept,no_live_or_master_match
株式会社ライフビジョン,http://www.life-vision.jp/,http://www.life-vision.jp//contact/,exclude,existing_sheet_match
株式会社ライフポート西洋,https://www.lifeport-s.com/,https://www.lifeport-s.com/inquiry/,accept,no_live_or_master_match
株式会社ライフリンクス,https://www.est-gr.co.jp/owner/,https://www.est-gr.co.jp/owner/page06.html,exclude,existing_sheet_match
株式会社ライフ不動産,https://www.life-kanri.co.jp/,https://www.life-kanri.co.jp/contact/,exclude,existing_sheet_match
株式会社ライフ企画,https://life-k.formatline.com/?from=old,https://life-k.formatline.com/property/sale/search/,exclude,existing_sheet_match
株式会社ライブズナビ,https://lives-navi.co.jp/,https://lives-navi.co.jp/contact/,exclude,existing_sheet_match
株式会社ライブ大興,https://livedaiko.com/,https://livedaiko.com/form_nomal/,exclude,existing_sheet_match
株式会社ラッキー不動産,https://www.luckyfudousan.jp/,https://www.luckyfudousan.jp/contact,exclude,existing_sheet_match
株式会社ラックハウジング,https://www.luckhousing.info/,https://www.luckhousing.info/contact,exclude,existing_sheet_match
株式会社ランドエスパース,https://www.landespace.co.jp/,https://www.landespace.co.jp/contact/,exclude,existing_sheet_match
株式会社ランドトラスト,https://landtrust.co.jp/,https://landtrust.co.jp/customer/,exclude,existing_sheet_match
株式会社ランドネット,https://landnet.co.jp/,https://landnet.co.jp/ir/highlight/performance/,review,jpx_name_requires_official_domain_check
株式会社リアライフ,https://www.rl-group.jp/,https://www.rl-group.jp/contact,exclude,existing_sheet_match
株式会社リアルエステート,https://re-estate.co.jp/,https://re-estate.co.jp/contact/,exclude,existing_sheet_match
株式会社リアルエスト,https://www.nissho-apn.co.jp/,https://www.nissho-apn.co.jp/chintai/contact/,accept,no_live_or_master_match
株式会社リアルタイム,https://century21ace.co.jp/,https://century21ace.co.jp/contact/,accept,no_live_or_master_match
株式会社リアルビジョン,https://www.realv.jp/,https://www.realv.jp/consult/,exclude,existing_sheet_match
株式会社リズムライフ,https://www.rizum.biz/,https://www.rizum.biz/contact/,exclude,existing_sheet_match
株式会社リセールバリュー,https://www.resalevalue.co.jp/,https://www.resalevalue.co.jp/%e3%81%8a%e5%95%8f%e3%81%84%e5%90%88%e3%82%8f%e3%81%9b,exclude,existing_sheet_match
株式会社リゾン,https://www.lizon.co.jp/,https://www.lizon.co.jp/inquiry/,exclude,existing_sheet_match
株式会社リッチロード,https://www.richroad.co.jp/,https://www.richroad.co.jp/contact/,accept,no_live_or_master_match
株式会社リネア建築企画,https://www.linea.co.jp/,https://www.linea.co.jp/company/inquiry/,exclude,existing_sheet_match
株式会社リビングイン,https://livingin.co.jp/,https://livingin.co.jp/contact/,exclude,existing_sheet_match
株式会社リビングギャラリー,https://www.living-gallery.com/,https://www.living-gallery.com/contact/,exclude,existing_sheet_match
株式会社リビングコーポレーション,https://www.living-cp.co.jp/,https://www.living-cp.co.jp/contact,exclude,existing_sheet_match
株式会社リビングステージ,https://livingstage.co.jp/,https://livingstage.co.jp/contact/,exclude,existing_sheet_match
株式会社リファレンス,https://11heya.co.jp/,https://11heya.co.jp/form/,exclude,existing_sheet_match
株式会社リブスタイル,https://www.live-live.jp/,https://www.live-live.jp/contact/,exclude,existing_sheet_match
株式会社リブラン,https://www.livlan.com/,https://www.livlan.com/contact/,exclude,existing_sheet_match
株式会社リベスト,https://www.libest.co.jp/,https://www.libest.co.jp/store/,exclude,existing_sheet_match
株式会社リベロ,https://www.livero.co.jp/,https://www.livero.co.jp/ir/en/inquiry,review,jpx_name_requires_official_domain_check
株式会社リポイント,http://www.lipoint.co.jp/,http://www.lipoint.co.jp/forest/,exclude,existing_sheet_match
株式会社リライフ,https://r-life.jp/,https://r-life.jp/topics/information/,accept,no_live_or_master_match
株式会社リロエステート,https://www.reloestate.jp/index.html,https://www.reloestate.jp/contact.html,accept,no_live_or_master_match
株式会社リロクリエイト,https://www.relocreate.co.jp/,https://www.relocreate.co.jp/contact,exclude,existing_sheet_match
株式会社リロケーション・ジャパン,https://www.relocation.jp/,https://www.relocation.jp/request/,accept,no_live_or_master_match
株式会社リロパートナーズ,https://relo-fudosan.jp/,https://relo-fudosan.jp/contact/,exclude,existing_sheet_match
株式会社リロ・フィナンシャル・ソリューションズ,https://www.relo-fs.jp/,https://www.relo-fs.jp/contents/contact1.php,exclude,existing_sheet_match
株式会社リーガルスムーズ,https://www.legalsmooth.com/,https://www.legalsmooth.com/contact/,exclude,existing_sheet_match
株式会社リードワン,https://lead-kanri.com/,https://lead-kanri.com/contact/,exclude,existing_sheet_match
株式会社ルームバンクインシュア,https://roombankinsure.com/,http://roombankinsure.com/service/customer_appform/,exclude,existing_sheet_match
株式会社ルーム・スタイル,https://roomstyle.co.jp/,https://roomstyle.co.jp/contacts/,exclude,existing_sheet_match
株式会社ルーム・プロパティマネジメント,https://room-pm.jp/,https://room-pm.jp/%e3%81%8a%e5%95%8f%e3%81%84%e5%90%88%e3%82%8f%e3%81%9b/,exclude,existing_sheet_match
株式会社レイニッチ,https://www.rayniche.co.jp/,https://www.rayniche.co.jp/info-baikyaku.html,exclude,existing_sheet_match
株式会社レオコーポレーション,https://www.leo-corp.co.jp:443/,https://www.leo-corp.co.jp:443/contact/,exclude,existing_sheet_match
株式会社レオパレス・リーシング,https://www.leosumu.co.jp/,https://www.leosumu.co.jp/inquiry/examination_inquiry.html,exclude,existing_sheet_match
株式会社レキオス,https://www.lequios.co.jp/,https://www.lequios.co.jp/contact/,exclude,existing_sheet_match
株式会社レグオス,https://www.lexos.jp/,https://www.lexos.jp/inquiry/,exclude,existing_sheet_match
株式会社レグリオ,https://www.regurio.co.jp/,https://www.regurio.co.jp/contact/,exclude,existing_sheet_match
株式会社レック,https://www.yadokari.com/,https://www.yadokari.com/contact,review,jpx_name_requires_official_domain_check
株式会社レベル・ワールド,https://revel-world.co.jp/,https://revel-world.co.jp/,exclude,existing_sheet_match
株式会社レンタルハウス南大阪,http://www.rh-minamiosaka.co.jp/,http://www.rh-minamiosaka.co.jp/contact/,exclude,existing_sheet_match
株式会社レーベンコーポレーション,https://leben-kanri.co.jp/,https://leben-kanri.co.jp/reform/detail.php?id=138,accept,no_live_or_master_match
株式会社ロイヤルエンタープライズ,https://www.always-royal.co.jp/,https://www.always-royal.co.jp/,accept,no_live_or_master_match
株式会社ワイキャピタルエージェンシー,https://ycapi.co.jp/,https://ycapi.co.jp/contact/,exclude,existing_sheet_match
株式会社ワイズストーリー,https://wisestory.jp/,https://wisestory.jp/sale_form/,exclude,existing_sheet_match
株式会社ワイズプランニング,https://www.ys-plan.co.jp/,https://www.ys-plan.co.jp/contact/,exclude,existing_sheet_match
株式会社ワコー,https://waco.tokyo/,https://waco.tokyo/contact/,exclude,existing_sheet_match
株式会社ワタヤコミュニティー,https://www.wataya.org/,https://www.wataya.org/contact/common,exclude,existing_sheet_match
株式会社ワンダーライフ,https://wonderlife.co.jp/,https://wonderlife.co.jp/contact,exclude,existing_sheet_match
株式会社ワン・アイド,https://www.1-eyed.co.jp/,https://www.1-eyed.co.jp/contact/,exclude,existing_sheet_match
株式会社ヴァンガードスミス,https://v-smith.co.jp/,https://v-smith.co.jp/contact/,review,jpx_name_requires_official_domain_check
株式会社ヴィクトリア・マネジメント,https://victoria-investment.co.jp/,https://victoria-investment.co.jp/contact/,exclude,existing_sheet_match
株式会社万事屋本舗,https://yorozuya2020.com/,https://yorozuya2020.com/contact/,exclude,existing_sheet_match
株式会社三共不動産,http://sun-kyo.co.jp/,http://sun-kyo.co.jp/contact/,exclude,existing_sheet_match
株式会社三協管理センター,https://www.sankyokanri.com/,https://www.sankyokanri.com/contact.php,accept,no_live_or_master_match
株式会社三和アイシス,https://www.sanwa-is.co.jp/,https://www.sanwa-is.co.jp/reform/,exclude,existing_sheet_match
株式会社三好不動産,https://www.miyoshi.co.jp/,https://www.miyoshi.co.jp/m-and-a/,accept,no_live_or_master_match
株式会社三島コーポレーション,https://mishima-corp.co.jp/,https://mishima-corp.co.jp/otoiawase/otoiawase.htm,accept,no_live_or_master_match
株式会社三愛,https://www.3-ai.jp/,https://www.3-ai.jp/contact/,exclude,existing_sheet_match
株式会社三春情報センター,https://319.jp/,https://319.jp/contact/,accept,no_live_or_master_match
株式会社三船地所,https://www.mifunejisyo.co.jp/,https://www.mifunejisyo.co.jp/cancellation/form4,exclude,existing_sheet_match
株式会社三英堂商事,http://saneido.co.jp/,https://saneido.co.jp/contact/,exclude,existing_sheet_match
株式会社不二興産,https://fuji-kosan.jp/,https://fuji-kosan.jp/contact/,review,jpx_name_requires_official_domain_check
株式会社不動産のデパートひろた,https://www.kitakyushuchintai.net/,https://www.kitakyushuchintai.net/contact_tel,accept,no_live_or_master_match
株式会社不動産ビジネス研究所,https://www.rb-research.jp/,https://www.rb-research.jp/contact.html,exclude,existing_sheet_match
株式会社不動産中央情報センター,https://www.demand.co.jp/,https://www.demand.co.jp/contacts/,accept,no_live_or_master_match
株式会社不動産情報センター,https://www.afjc.co.jp/,https://www.afjc.co.jp/contact,accept,no_live_or_master_match
株式会社不動産経済研究所,https://www.fudousankeizai.co.jp/,https://www.fudousankeizai.co.jp/footerInfomation?fInfo=5,exclude,existing_sheet_match
株式会社中央不動産センター,http://www.cyuoh-rea.com/,http://www.cyuoh-rea.com/contact/,accept,no_live_or_master_match
株式会社中本不動産,https://www.nakamoto-f.com/,https://www.nakamoto-f.com/toiawase/,exclude,existing_sheet_match
株式会社中村不動産,https://www.nakamura-net.co.jp/,https://www.nakamura-net.co.jp/contact,exclude,existing_sheet_match
株式会社中村不動産開発,https://www.nakafu.com/,https://www.nakafu.com/contact/,exclude,existing_sheet_match
株式会社丸吉住宅センター,https://www.maruyoshi-j.com/,https://www.maruyoshi-j.com/reform/,accept,no_live_or_master_match
株式会社丸巧,https://marutaku.com/,https://www.marutaku.com/contact/,exclude,existing_sheet_match
株式会社丸正池田,https://www.chintai-baibai.jp/,https://www.chintai-baibai.jp/reform,accept,no_live_or_master_match
株式会社久光大分,https://www.hisakai.co.jp/,https://www.hisakai.co.jp/contact/,exclude,existing_sheet_match
株式会社亜久里工業,https://aguri-kougyou.co.jp/,https://aguri-kougyou.co.jp/business/reform/,accept,no_live_or_master_match
株式会社仲みらい,https://nakamirai.jp/,https://nakamirai.jp/inquiry/,exclude,existing_sheet_match
株式会社住まいる,https://www.smile2009.jp/,https://www.smile2009.jp/contact/,exclude,existing_sheet_match
株式会社住まいるアセット,https://www.rara3408.co.jp/,https://www.rara3408.co.jp/kasitai/,exclude,existing_sheet_match
株式会社住宅テックラボ,https://www.j-techlab.com/,https://www.j-techlab.com,exclude,existing_sheet_match
株式会社住宅新報,https://www.jutaku-s.com/,https://www.jutaku-s.com/page/id/3,exclude,existing_sheet_match
株式会社住研川越,https://www.j-kg.com/,https://www.j-kg.com/%e3%81%8a%e5%95%8f%e3%81%84%e5%90%88%e3%82%8f%e3%81%9b/,exclude,existing_sheet_match
株式会社佐藤不動産,https://www.sato-fudosan.co.jp:443/,https://www.sato-fudosan.co.jp:443/contact/,exclude,existing_sheet_match
株式会社依佐美,https://yosami.jp/,https://yosami.jp/contact/,exclude,existing_sheet_match
株式会社健栄,https://e-kenei.co.jp/,https://e-kenei.co.jp/contact/,exclude,existing_sheet_match
株式会社全国賃貸住宅新聞社,https://www.zenchin.com/,https://www.zenchin.com/info/16612.php,exclude,existing_sheet_match
株式会社六耀,http://www.rokuyou.co.jp/,https://www.rokuyou.co.jp/?page_id=697,exclude,existing_sheet_match
株式会社共和ホーム,https://www.kyowanetwork.com/,https://www.kyowanetwork.com/%e3%81%8a%e5%95%8f%e3%81%84%e5%90%88%e3%82%8f%e3%81%9b/,exclude,existing_sheet_match
株式会社内野住宅センター,https://www.uchino.ne.jp/jutaku/,https://www.uchino.ne.jp/jutaku/nyukyo_soudan/,accept,no_live_or_master_match
株式会社前田,https://maedacom.jp/,https://maedacom.jp/inquiry_forms/owner_satei/,exclude,existing_sheet_match
株式会社北村土地,https://www.kitamuratochi.co.jp/,https://www.kitamuratochi.co.jp/contact/,exclude,existing_sheet_match
株式会社北都開発,https://hokuto-re.co.jp/,https://hokuto-re.co.jp/contact/,exclude,existing_sheet_match
株式会社千葉ハイリビング,https://www.jhl.co.jp/,https://www.jhl.co.jp/cf_cgi2/toiawase.htm,exclude,existing_sheet_match
株式会社千葉不動産,https://www.chiba-kumiai.jp/,https://www.chiba-kumiai.jp/contact/,exclude,existing_sheet_match
株式会社南九州不動産,https://www.minamikyusyu.jp/,https://www.minamikyusyu.jp/form/minamikyushu/support,exclude,existing_sheet_match
株式会社南新物産,http://www.nanchan.co.jp/,http://www.nanchan.co.jp/Otoiawase/,exclude,existing_sheet_match
株式会社南荘石井事務所,https://seses-ishii.jp/,https://seses-ishii.jp/contact/,exclude,existing_sheet_match
株式会社南陽ハウジング,https://www.nanyo-h.com/,https://www.nanyo-h.com/contact/,exclude,existing_sheet_match
株式会社司地所,https://www.tukasa-jisho.co.jp/,https://www.tukasa-jisho.co.jp/inquiry/,exclude,existing_sheet_match
株式会社吉住ホーム,https://www.yoshizumihome.co.jp/,https://www.yoshizumihome.co.jp/inquiry,exclude,existing_sheet_match
株式会社吉川不動産,https://yoshikawafudosan.com/,https://yoshikawafudosan.com/contact/,exclude,existing_sheet_match
株式会社土屋ホーム不動産,https://www.tsuchiya.co.jp/,https://www.tsuchiya.co.jp/contact/,accept,no_live_or_master_match
株式会社土谷不動産,http://madrigal.co.jp/,https://madrigal.co.jp/contact/,exclude,existing_sheet_match
株式会社城南エステート,https://www.jonanestate.com/,https://www.jonanestate.com/reform,exclude,existing_sheet_match
株式会社城南キャピタル,https://www.jonan-capital.co.jp/,https://www.jonan-capital.co.jp/contact/,exclude,existing_sheet_match
株式会社壱和不動産,https://ichiwa-re.co.jp/,https://ichiwa-re.co.jp/contact/,exclude,existing_sheet_match
株式会社大京穴吹不動産,https://www.daikyo-anabuki.co.jp/,https://www.daikyo-anabuki.co.jp/contact/,exclude,existing_sheet_match
株式会社大和不動産,https://www.home.co.jp/,https://www.home.co.jp/contact,exclude,existing_sheet_match
株式会社大央,https://www.daio-group.co.jp/,https://www.daio-group.co.jp/contact/,exclude,existing_sheet_match
株式会社大央ハウジング,https://www.daio-h.jp/,https://www.daio-h.jp/reform_page,accept,no_live_or_master_match
株式会社大成出版社,https://www.taisei-shuppan.co.jp/index.html,https://www.taisei-shuppan.co.jp/inquiry.html,exclude,existing_sheet_match
株式会社大昌,https://daishou-rsr.jp/,https://daishou-rsr.jp/contact/,exclude,existing_sheet_match
株式会社大興ネクスタ,https://www.daiko-nexta.co.jp/,https://www.daiko-nexta.co.jp/reform/,accept,no_live_or_master_match
株式会社大道パートナーズ,https://www.daido-p.com/,https://www.daido-p.com/お問い合わせ/,exclude,existing_sheet_match
株式会社大阪ガスファシリティーズ,https://www.ogfa.co.jp/,https://www.ogfa.co.jp/contact/,accept,no_live_or_master_match
株式会社天極,https://www.apa-pla.co.jp/,https://www.apa-pla.co.jp/business/consultation.html,accept,no_live_or_master_match
株式会社宅建,https://www.takken.co.jp/,https://www.takken.co.jp/inquiry/,exclude,existing_sheet_match
株式会社宮崎南不動産,https://m-minami.com/,https://m-minami.com/2024/04/05/assessment/,exclude,existing_sheet_match
株式会社家屋,https://ie-ieya.co.jp/,https://ie-ieya.co.jp/contents/member?form_mode=1,exclude,existing_sheet_match
株式会社富士建設工業,https://fujiken-k.co.jp/,https://fujiken-k.co.jp/contact,exclude,existing_sheet_match
株式会社小出不動産,https://koidefudousan.co.jp/,https://koidefudousan.co.jp/financial-information/,accept,no_live_or_master_match
株式会社小浜土地建物,https://www.kohama.jp/,https://www.kohama.jp/kasitai/,exclude,existing_sheet_match
株式会社小菅不動産,https://www.kosuge.co.jp/,https://www.kosuge.co.jp/support/inquiry/,exclude,existing_sheet_match
株式会社山修,https://www.sansyuu.com/,https://www.sansyuu.com/inquiry/,exclude,existing_sheet_match
株式会社山口不動産,https://www.yamaguchi-re.co.jp/,https://www.yamaguchi-re.co.jp/contactus/,exclude,existing_sheet_match
株式会社山根工務店,https://yamane-koumuten.co.jp/index.html,https://yamane-koumuten.co.jp/job/reform.html,accept,no_live_or_master_match
株式会社山田商店,https://www.yamadashoten.co.jp/,https://www.yamadashoten.co.jp/kaitai/,exclude,existing_sheet_match
株式会社山﨑不動産,https://www.e-yamasaki.co.jp/,https://www.e-yamasaki.co.jp/contact,exclude,existing_sheet_match
株式会社川商ハウス,https://www.roomstation.com/,https://www.roomstation.com/company/contact,accept,no_live_or_master_match
株式会社川島屋不動産,https://www.kawashimaya.net/,https://www.kawashimaya.net/inquiry/,exclude,existing_sheet_match
株式会社川崎中央プランナー,https://www.kcp.gr.jp/,https://kcp.gr.jp/contact/,exclude,existing_sheet_match
株式会社工業市場研究所,https://www.kohken-net.co.jp/,https://www.kohken-net.co.jp/contact/,accept,no_live_or_master_match
株式会社市原市農協サービス,https://www.ja-ichihara.jp/,https://www.ja-ichihara.jp/contact,exclude,existing_sheet_match
株式会社市川不動産,https://www.ichikawa-r.co.jp/,https://www.ichikawa-r.co.jp/inquiry/,exclude,existing_sheet_match
株式会社市萬,https://ichiman.co.jp/,https://ichiman.co.jp/contact/,accept,no_live_or_master_match
株式会社常口アトム,https://www.jogatom.co.jp/,https://www.jogatom.co.jp/performance/,accept,no_live_or_master_match
株式会社常口ミッドプロパティ,https://www.mid-ad.jp/,https://www.mid-ad.jp/inquiry/,exclude,existing_sheet_match
株式会社平和不動産,https://www.heiwa-f.jp/,https://www.heiwa-f.jp/contact/,review,jpx_name_requires_official_domain_check
株式会社平和住宅情報センター,https://www.heiwajuutaku.com/,https://www.heiwajuutaku.com/nyukyosha,accept,no_live_or_master_match
株式会社平和恒産,https://www.peace-room.co.jp/,https://www.peace-room.co.jp/contact,exclude,existing_sheet_match
株式会社平成建設,https://www.heiseikensetu.co.jp/,https://www.heiseikensetu.co.jp/request/r04_requestform.html,exclude,existing_sheet_match
株式会社平沼技建,https://hiranumagiken.com/,https://hiranumagiken.com/contact,exclude,existing_sheet_match
株式会社建築資料研究社,https://www.ksknet.co.jp/nikken/index.aspx,https://www.ksknet.co.jp/RequestForm/?svc=00001,exclude,existing_sheet_match
株式会社建財社,https://www.kenzaisha.co.jp/,https://www.kenzaisha.co.jp/contact,exclude,existing_sheet_match
株式会社快適空間,https://kaitekikukan.jp/,https://kaitekikukan.jp/contact,exclude,existing_sheet_match
株式会社恒和殖産,https://apamanshop.info/,https://apamanshop.info/company/,exclude,existing_sheet_match
株式会社愛和,https://www.aiwachisho.co.jp/,https://www.aiwachisho.co.jp/contact/,accept,no_live_or_master_match
株式会社愛和不動産,https://www.aiwa-f.site/,https://www.aiwa-f.site/contact/,exclude,existing_sheet_match
株式会社成都管理サービス,https://www.seito-kanri-service.com/,https://www.seito-kanri-service.com/contact/inquiry/,exclude,existing_sheet_match
株式会社新日本地所,https://shinnihonjisyo.co.jp/,https://shinnihonjisyo.co.jp/service/consult,accept,no_live_or_master_match
株式会社新聖都市開発,https://www.ap-shinsei.com/,https://www.ap-shinsei.com/inquiry.php,exclude,existing_sheet_match
株式会社新陽,https://www.fudousan-shinyo.co.jp/,https://www.fudousan-shinyo.co.jp/inquiry.php,exclude,existing_sheet_match
株式会社日宅,https://nittaku-hs.co.jp/,https://nittaku-hs.co.jp/info/,exclude,existing_sheet_match
株式会社日専連ジェミス,https://www.nissenrenjemis.jp/,https://www.nissenrenjemis.jp/support/contact/,exclude,existing_sheet_match
株式会社日本エステージ,https://www.hatanodai.co.jp/,https://www.hatanodai.co.jp/form_nomal/,exclude,existing_sheet_match
株式会社日本ヴェルテック,https://vertex-j.com/,https://vertex-j.com/contact/,exclude,existing_sheet_match
株式会社日本信用情報機構,https://www.jicc.co.jp/,https://www.jicc.co.jp/contact,exclude,existing_sheet_match
株式会社日本土地建物,https://www.j-tochi.co.jp/,https://www.j-tochi.co.jp/%e3%81%8a%e5%95%8f%e3%81%84%e5%90%88%e3%82%8f%e3%81%9b,exclude,existing_sheet_match
株式会社日本管理システム,http://kanri-s.co.jp/,http://kanri-s.co.jp/contact,exclude,existing_sheet_match
株式会社日立不動産,https://www.hitachi-estate.co.jp/,https://www.hitachi-estate.co.jp/inquiry/,exclude,existing_sheet_match
株式会社日装・ツツミワークス,https://www.t-works1.com/,https://www.t-works1.com/inquiry/,exclude,existing_sheet_match
株式会社日豊商事,https://www.nippo-syoji.co.jp/,https://www.nippo-syoji.co.jp/contact,exclude,existing_sheet_match
株式会社明和不動産管理,https://www.meiwa.jp/,https://www.meiwa.jp/information/,accept,no_live_or_master_match
株式会社明和地所,https://www.meiwajisho.co.jp/,https://www.meiwajisho.co.jp/contacts/fplife,review,jpx_name_requires_official_domain_check
株式会社明日香ホーム,https://www.asuka-h.com/,https://www.asuka-h.com/,exclude,existing_sheet_match
株式会社明星,https://www.meisei.org/,https://www.meisei.org/contact/,exclude,existing_sheet_match
株式会社明星商事,https://www.meisei-shouji.co.jp/,https://www.meisei-shouji.co.jp/inquiry.php,exclude,existing_sheet_match
株式会社明誠,https://rita-construction.com/,https://rita-construction.com/contact/,exclude,existing_sheet_match
株式会社朝日リビング,https://www.asahiliving.co.jp/,https://www.asahiliving.co.jp/contact/,exclude,existing_sheet_match
株式会社木下の賃貸,https://kinoshita-chintai.com/,https://kinoshita-chintai.com/contact/,exclude,existing_sheet_match
株式会社杉村工務店,https://www.sugimura-kk.jp/,https://www.sugimura-kk.jp/inquiry/,exclude,existing_sheet_match
株式会社杉浦商事,https://www.sugiura-syoji.co.jp/,https://www.sugiura-syoji.co.jp/reform,exclude,existing_sheet_match
株式会社杉田商事,https://www.sugitasyoji.co.jp/,https://www.sugitasyoji.co.jp/assessment_form,exclude,existing_sheet_match
株式会社来実屋,https://www.kurumiya.co.jp/,https://www.kurumiya.co.jp/contact/,exclude,existing_sheet_match
株式会社東上不動産,https://to-jo.co.jp/,https://to-jo.co.jp/inquiry?inquiry_id=3&inquiry_type=contents,exclude,existing_sheet_match
株式会社東亜不動産,https://www.toa-estate.co.jp/,https://www.toa-estate.co.jp/contact/,exclude,existing_sheet_match
株式会社東京アプレイザル,https://t-ap.jp/,https://t-ap.jp/contact,exclude,existing_sheet_match
株式会社東京青山クリエイト,https://www.tokyo-aoyama-c.co.jp/,https://www.tokyo-aoyama-c.co.jp/category/information/,accept,no_live_or_master_match
株式会社東急コミュニティー,https://www.tokyu-com.co.jp/,https://www.tokyu-com.co.jp/inquiry/,exclude,existing_sheet_match
株式会社東洋ハウジング,https://toyohousing.net/,https://toyohousing.net/%e3%81%8a%e5%95%8f%e5%90%88%e3%81%9b/,exclude,existing_sheet_match
株式会社東洋不動産,https://www.tyf.co.jp/,https://www.tyf.co.jp/contact,exclude,existing_sheet_match
株式会社東部不動産開発,https://www.tfkinc.co.jp/,https://www.tfkinc.co.jp/contact,exclude,existing_sheet_match
株式会社東都,https://www.tohto.ne.jp/,https://www.tohto.ne.jp/contact/,accept,no_live_or_master_match
株式会社桐ヶ谷不動産,https://www.kirigaya-fudousan.co.jp/,https://www.kirigaya-fudousan.co.jp/contact,exclude,existing_sheet_match
株式会社桜丘住販,https://www.sakura-jh.com/,https://www.sakura-jh.com/contact,accept,no_live_or_master_match
株式会社武田不動産,http://takeda-re.co.jp/,https://takeda-re.co.jp/contact/,accept,no_live_or_master_match
株式会社毎日コムネットレジデンシャル,http://www.maicom.co.jp/index.html,https://www.maicom.co.jp/contact/index.php,accept,no_live_or_master_match
株式会社民友商事,https://www.minyu-fudosan.jp/,https://www.minyu-fudosan.jp/contact,accept,no_live_or_master_match
株式会社沖縄セブンスターズ,https://www.oki7stars.co.jp/,https://www.oki7stars.co.jp/contact,accept,no_live_or_master_match
株式会社沢田工務店,https://sawada.co.jp/,https://sawada.co.jp/contact/,accept,no_live_or_master_match
株式会社泉不動産,https://izumi-realestate.com/,https://izumi-realestate.com/contact,accept,no_live_or_master_match
株式会社泰山,https://www.taizan.co.jp/,https://www.taizan.co.jp/contact,accept,no_live_or_master_match
株式会社洞口,https://horaguchi.biz/,https://horaguchi.biz/contact/,accept,no_live_or_master_match
株式会社浜商企画,https://www.hamasyoukikaku.com/,https://www.hamasyoukikaku.com/reform/,accept,no_live_or_master_match
株式会社渋沢不動産,https://www.shibusawa-net.co.jp/,https://www.shibusawa-net.co.jp/contact/,accept,no_live_or_master_match
株式会社渡辺住研,https://www.w-juken.com/,https://www.w-juken.com/tenants_contact/,accept,no_live_or_master_match
株式会社港不動産,http://www.minatoweb.com/,http://www.minatoweb.com/service/realestate/,accept,no_live_or_master_match
株式会社湘南宅建,https://shonantakken.com/,https://shonantakken.com/page/contact-list/,accept,no_live_or_master_match
株式会社湘南財産パートナーズ,https://www.shonanzaisan.net/,https://www.shonanzaisan.net/inquiry/,accept,no_live_or_master_match
株式会社満室ラボ,https://www.manshitsulabo.com/,https://www.manshitsulabo.com/kasitai/,accept,no_live_or_master_match
株式会社照正興産,https://www.terumasakousan.co.jp/,https://www.terumasakousan.co.jp/inquiry/index.php,accept,no_live_or_master_match
株式会社琉信ハウジング,https://ryuhau.co.jp/,https://ryuhau.co.jp/kaiyaku-form001/,accept,no_live_or_master_match
株式会社相模ダイワ,https://sagami-daiwa.com/,https://sagami-daiwa.com/information-for-real-estate-owners/,accept,no_live_or_master_match
株式会社真永通商,https://shineigr.co.jp/,https://shineigr.co.jp/contact,accept,no_live_or_master_match
株式会社石原興業,https://www.ikko21.co.jp/,https://www.ikko21.co.jp/reform-menu,accept,no_live_or_master_match
株式会社石川商事,https://www.smile-home.com/,https://www.smile-home.com/form/,accept,no_live_or_master_match
株式会社石橋オフィスサポート,https://www.ishibashi-office.co.jp/,https://www.ishibashi-office.co.jp/form/form.php,accept,no_live_or_master_match
株式会社神宮前プロパティーズ,http://jingu-p.tokyo/,http://jingu-p.tokyo/?page_id=14,accept,no_live_or_master_match
株式会社福住,https://www.fukuju.co.jp/,https://www.fukuju.co.jp/contact/,accept,no_live_or_master_match
株式会社福寿アセット,https://www.fukuju-a.co.jp/,https://www.fukuju-a.co.jp/contact/,accept,no_live_or_master_match
株式会社第一不動産,https://www.daiichi-fu.co.jp/,https://www.daiichi-fu.co.jp/contact,accept,no_live_or_master_match
株式会社箕浦不動産,https://mmm.minoura-re.co.jp/,https://mmm.minoura-re.co.jp/uritai/,accept,no_live_or_master_match
株式会社箱崎不動産,https://www.century21hakozaki.com/,https://www.century21hakozaki.com/contact,accept,no_live_or_master_match
株式会社総合リアルティ,https://s-realty.jp/,https://s-realty.jp/contact/,accept,no_live_or_master_match
株式会社総合資格,https://www.sogoshikaku.co.jp/,https://www.sogoshikaku.co.jp/contact/,accept,no_live_or_master_match
株式会社緑地,https://www.ryokuchi.co.jp/,https://www.ryokuchi.co.jp/form/,accept,no_live_or_master_match
株式会社船井総合研究所,https://www.funaisoken.co.jp/,https://www.funaisoken.co.jp/industry_theme/reform,exclude,existing_sheet_match
株式会社良栄,https://ryoei1991.co.jp/,https://ryoei1991.co.jp/contact/,accept,no_live_or_master_match
株式会社若松商事,https://www.waka1.jp/,https://www.waka1.jp/taikyo_form,accept,no_live_or_master_match
株式会社苫小牧ハウジング,https://www.tomakomai-housing.co.jp/,https://www.tomakomai-housing.co.jp/お問い合わせ,accept,no_live_or_master_match
株式会社菱田住宅相談所,https://www.hishida.co.jp/,https://www.hishida.co.jp/,accept,no_live_or_master_match
株式会社西田コーポレーション,https://www.nishida-cp.co.jp/,https://www.nishida-cp.co.jp/contact/inquiry.html,accept,no_live_or_master_match
株式会社誠興業不動産,http://www.la-merci.co.jp/,http://www.la-merci.co.jp/contact.php,accept,no_live_or_master_match
株式会社調布みつぎ不動産研究所,https://www.mitsugi.biz/,https://www.mitsugi.biz/contact/,accept,no_live_or_master_match
株式会社谷澤総合コンサルタント,https://www.yazawasougou.co.jp/,https://www.yazawasougou.co.jp/theme/reform/,accept,no_live_or_master_match
株式会社豊不動産,https://www.yutaka-re.com/,https://www.yutaka-re.com/contact,accept,no_live_or_master_match
株式会社豊和,https://houwa-net.co.jp/,https://houwa-net.co.jp/reform/,accept,no_live_or_master_match
株式会社豊後ドリームラボ,https://www.bunki.jp/,https://www.bunki.jp/contact/,accept,no_live_or_master_match
株式会社財宅企画サービス,https://www.zaitaku-s.co.jp/,https://www.zaitaku-s.co.jp/?page_id=932,accept,no_live_or_master_match
株式会社財成,https://zaisei.co.jp/,https://zaisei.co.jp/contact/,accept,no_live_or_master_match
株式会社賃貸コーポレーション,https://www.chintai-cop.net/,https://www.chintai-cop.net/?page_id=188,accept,no_live_or_master_match
株式会社週刊住宅タイムズ,https://www.sjt.co.jp/,https://www.sjt.co.jp/contact,accept,no_live_or_master_match
株式会社郵宣企画,https://www.yusen-k.co.jp/,https://www.yusen-k.co.jp/useful-information/,exclude,existing_sheet_match
株式会社鈴木不動産,https://www.forzanet.co.jp:443/,https://www.forzanet.co.jp:443/contact/,accept,no_live_or_master_match
株式会社鈴木不動産,https://www.suzukifudousan.co.jp/,https://www.suzukifudousan.co.jp/contact/common,exclude,candidate_duplicate
株式会社長太郎不動産,https://www.choutarou.co.jp/,https://www.choutarou.co.jp/contact/,accept,no_live_or_master_match
株式会社長谷工ビジネスプロクシー,https://www.haseko-hbp.co.jp/,https://www.haseko-hbp.co.jp/contact/request/,accept,no_live_or_master_match
株式会社関西ホームサービス,http://www.kansai-home.com/,http://www.kansai-home.com/gyoumu.php,accept,no_live_or_master_match
株式会社関西ホームサービス,https://kansai-hs.co.jp/,http://kansai-hs.co.jp/companyinfo/contact/,exclude,candidate_duplicate
株式会社関西ホームサービス,https://www.kansaihome.co.jp/,https://www.kansaihome.co.jp/form_taikyo/,exclude,candidate_duplicate
株式会社関西建設,https://www.kanken-g.jp/,https://www.kanken-g.jp/,accept,no_live_or_master_match
株式会社電通ハウジング,https://den2h.jp/,https://den2h.jp/inquiry/index.php,review,major_group_keyword_requires_official_check
株式会社青山メインランド,https://www.aml.co.jp/,https://www.aml.co.jp/contact,accept,no_live_or_master_match
株式会社青山メイン企画,https://www.amknet.jp/,https://www.amknet.jp/application_forms/,accept,no_live_or_master_match
株式会社高島屋,https://www.takashimaya-f.co.jp/,https://www.takashimaya-f.co.jp/inquiry/,review,jpx_name_requires_official_domain_check
株式会社高野不動産販売,https://www.tknf.co.jp/,https://www.tknf.co.jp/contact/,accept,no_live_or_master_match
株式会社鹿児島不動産バンク,https://www.k-fb.co.jp/,https://www.k-fb.co.jp/index/inquiry,accept,no_live_or_master_match
株式会社ＥＡＳＴコーポレーション,https://www.east-net.jp/,https://www.east-net.jp/kasitai/,accept,no_live_or_master_match
株式会社ＥＬＥＭＡＸ,https://elemax.co.jp/,https://elemax.co.jp/contact,accept,no_live_or_master_match
株式会社ＥＳＴＡＴＥ ＳＹＳＴＥＭ,https://www.estate-system.jp/,https://www.estate-system.jp/mail,accept,no_live_or_master_match
株式会社ＨＯＭＥプロデューサーＺＥＲＯ,https://www.home-p-zero.co.jp/,https://www.home-p-zero.co.jp/inquiry/,accept,no_live_or_master_match
株式会社Ｈｏｍｅ Ｖｉｌｌａｇｅ,https://homevillage.jp/,https://homevillage.jp/contact,accept,no_live_or_master_match
株式会社Ｉ・Ｓ・Ｅ,https://ise-i.com/,https://ise-i.com/inquiry/index.php,accept,no_live_or_master_match
株式会社Ｋｅｉｓｈｉｎ,http://keishin2004.co.jp/,https://keishin2004.co.jp/contact,accept,no_live_or_master_match
株式会社Ｌ＆Ｆ,https://l-f.co.jp/,https://l-f.co.jp/contact.html,accept,no_live_or_master_match
株式会社Ｌｉｆｅ,https://life-pm.jp/,https://life-pm.jp/contact,exclude,existing_sheet_match
株式会社ＮＲＥ管理,https://www.nrekanri.com/,https://www.nrekanri.com/contact,accept,no_live_or_master_match
株式会社ＳＱＵＡＲＥ,https://www.chintaihiroba.co.jp/,https://www.chintaihiroba.co.jp/contact/,exclude,existing_sheet_match
株式会社ＳＴトラスト,http://www.st-trust.com/,http://www.st-trust.com/contact/,accept,no_live_or_master_match
株式会社ＴＡＰＰ,https://tapp-co.jp/,https://tapp-co.jp/contact/,accept,no_live_or_master_match
株式会社ＴＴＲＵＳＴ,https://deporent.jp/,https://deporent.jp/contact/,accept,no_live_or_master_match
株式会社ｉｉｍｏｎ,https://iimon.co.jp/,https://iimon.co.jp/estimate,accept,no_live_or_master_match
桜上居株式会社,https://sakurajokyo.co.jp/,https://sakurajokyo.co.jp/contact-form/,accept,no_live_or_master_match
楽天損害保険株式会社,https://www.rakuten-sonpo.co.jp/,https://www.rakuten-sonpo.co.jp/company/tabid/227/Default.aspx,review,major_group_keyword_requires_official_check
武蔵コミュニティー株式会社,https://www.musashi-corporation.com/cs/,https://www.musashi-corporation.com/cs/faq/page_housing.php,accept,no_live_or_master_match
江坂リアルティ株式会社,https://www.esaka-realty.com/,https://www.esaka-realty.com/contact/index.html,accept,no_live_or_master_match
池屋住宅株式会社,https://www.ikeyanet.co.jp/,https://www.ikeyanet.co.jp/contact/,accept,no_live_or_master_match
清興不動産株式会社,https://seiko-realestate.com/,https://seiko-realestate.com/contact,accept,no_live_or_master_match
照栄不動産株式会社,https://shoeifudousan.co.jp/,https://shoeifudousan.co.jp/inhabitant,accept,no_live_or_master_match
熊本賃貸サポート株式会社,https://www.kumasapo.com/,https://www.kumasapo.com/inquiry.php,accept,no_live_or_master_match
琉球不動産コンサルティング株式会社,https://www.ryukyu-rc.com/,https://www.ryukyu-rc.com/faq,accept,no_live_or_master_match
田口不動産株式会社,https://www.taguchi-fd3.co.jp/,https://www.taguchi-fd3.co.jp/contact/,accept,no_live_or_master_match
田畑土地株式会社,https://www.tabata-tochi.com/,https://www.tabata-tochi.com/karitai/,accept,no_live_or_master_match
白井不動産株式会社,https://sirai-f.co.jp/,https://sirai-f.co.jp/contactform/,accept,no_live_or_master_match
相互住宅株式会社,https://www.sohgo-jyutaku.co.jp/,https://www.sohgo-jyutaku.co.jp/contact/,accept,no_live_or_master_match
福禄不動産有限会社,https://fukuroku.jp/,https://fukuroku.jp/contact,accept,no_live_or_master_match
稲岡ハウジング株式会社,https://www.inaoka-h.com/,https://www.inaoka-h.com/contact/,accept,no_live_or_master_match
第一ハウジング株式会社,https://www.machikado.co.jp/,https://www.machikado.co.jp/reform/,accept,no_live_or_master_match
第一交通産業株式会社,http://www.daiichi-koutsu.co.jp/,http://www.daiichi-koutsu.co.jp/contact,accept,no_live_or_master_match
第一建物株式会社,https://www.dtj.co.jp/,https://www.dtj.co.jp/contact/,accept,no_live_or_master_match
粕屋殖産株式会社,https://www.kasuyashokusan.net/,https://www.kasuyashokusan.net/information/,accept,no_live_or_master_match
絹山不動産株式会社,https://kinuyama-fudosan.co.jp/,https://kinuyama-fudosan.co.jp/contact/,accept,no_live_or_master_match
美濃善不動産株式会社,https://www.minozen.co.jp/,https://www.minozen.co.jp/architecture/,accept,no_live_or_master_match
興和アシスト株式会社,https://www.kowa-assist.jp/,https://www.kowa-assist.jp/inquiry/,accept,no_live_or_master_match
芦川商事株式会社,https://www.e-ashikawa.com/,https://www.e-ashikawa.com/contact,accept,no_live_or_master_match
若林設備工業株式会社,https://www.wakabayashi-inc.co.jp/,https://www.wakabayashi-inc.co.jp/contact,accept,no_live_or_master_match
茅ヶ崎不動産株式会社,https://chigasaki-fudousan.co.jp/,https://chigasaki-fudousan.co.jp/contact/,accept,no_live_or_master_match
菊池不動産株式会社,https://www.kikuchifudosan.co.jp/,https://www.kikuchifudosan.co.jp/%e3%81%8a%e5%95%8f%e3%81%84%e5%90%88%e3%82%8f%e3%81%9b-2/,accept,no_live_or_master_match
西日本産業株式会社,https://www.aladdin-boy.com/,https://www.aladdin-boy.com/inquiry_select_page/,accept,no_live_or_master_match
西松地所株式会社,https://www.n-jisho.co.jp/,https://www.n-jisho.co.jp/contact/,accept,no_live_or_master_match
西鉄不動産株式会社,https://www.nishitetsu-fudosan.co.jp/,https://www.nishitetsu-fudosan.co.jp/contact/,accept,no_live_or_master_match
誠不動産株式会社,http://makotofudousan.com/,http://makotofudousan.com/contact/,accept,no_live_or_master_match
豊栄建設株式会社,http://hou-ei.com/,http://hou-ei.com/contact/,accept,no_live_or_master_match
賃貸管理株式会社,https://www.chintai-k.jp/,https://www.chintai-k.jp/contact,accept,no_live_or_master_match
都築電気株式会社,https://www.tsuzuki.co.jp/,https://www.tsuzuki.co.jp/contact/,review,jpx_name_requires_official_domain_check
酒巻不動産株式会社,http://www.sakamaki-f.net/,https://www.sakamaki-f.net/contact/,accept,no_live_or_master_match
野村不動産函館株式会社,https://www.h-nomura.com/,https://www.h-nomura.com/aboutus/form,accept,no_live_or_master_match
錦不動産株式会社,https://nishikirealestate.co.jp/,https://nishikirealestate.co.jp/order/,accept,no_live_or_master_match
阪急阪神不動産株式会社,https://www.hhp.co.jp/,https://www.hhp.co.jp/services/living/reform/,accept,no_live_or_master_match
青山コーポレーション株式会社,https://aoyama-corp.co.jp/,https://aoyama-corp.co.jp/information/,accept,no_live_or_master_match
青山地建株式会社,https://www.aoyamackn.co.jp/,https://www.aoyamackn.co.jp/inquiry/,accept,no_live_or_master_match
青山物産株式会社,https://aoyamabussan.co.jp/,https://aoyamabussan.co.jp/contact/,accept,no_live_or_master_match
青木ハウジング株式会社,https://aokihousing.co.jp/,https://aokihousing.co.jp/contact/,accept,no_live_or_master_match
静岡鉄道株式会社,https://www.shizutetsu.co.jp/,https://www.shizutetsu.co.jp/inquiry,accept,no_live_or_master_match
首都圏建物管理株式会社,https://www.shutokentatemono.co.jp/,https://www.shutokentatemono.co.jp/contact/,accept,no_live_or_master_match
首都開発株式会社,https://shutokaihatsu.com/,https://shutokaihatsu.com/category/information/osirase/,accept,no_live_or_master_match
馬場ハウス工業株式会社,https://baba-house.com/,https://baba-house.com/?page_id=1635,accept,no_live_or_master_match
駅前管理システム株式会社,https://www.ekimae-kanri.com/,https://www.ekimae-kanri.com/contact/,accept,no_live_or_master_match
高野商事株式会社,https://www.takanoshoji.co.jp/,https://www.takanoshoji.co.jp/inquiry,accept,no_live_or_master_match
ＡＡＡコンサルティング株式会社,https://www.aaa-c.jp/,https://www.aaa-c.jp/corporateinformation,accept,no_live_or_master_match
ＩＮＲＩＳＥ株式会社,https://www.inrise.co.jp/,https://www.inrise.co.jp/contact/,accept,no_live_or_master_match
ＮＣＳ＆Ａ株式会社,https://ncsa.jp/,https://ncsa.jp/sustainability/social/work-style-reform,review,jpx_name_requires_official_domain_check
