match_type,match_value,normalized_value,decision,source,source_date
company_exact,極洋,極洋,high,JPX,2026-06-30
company_exact,Ｖｅｒｉｔａｓ　Ｉｎ　Ｓｉｌｉｃｏ,veritasinsilico,high,JPX,2026-06-30
company_exact,ＣＣＮグループ,ccnグループ,high,JPX,2026-06-30
company_exact,アイエヌホールディングス,アイエヌホールディングス,high,JPX,2026-06-30
company_exact,ニッスイ,ニッスイ,high,JPX,2026-06-30
company_exact,Ｕｍｉｏｓ,umios,high,JPX,2026-06-30
company_exact,アプライズ,アプライズ,high,JPX,2026-06-30
company_exact,ＶＲＡＩＮ　Ｓｏｌｕｔｉｏｎ,vrainsolution,high,JPX,2026-06-30
company_exact,ユキグニファクトリー,ユキグニファクトリー,high,JPX,2026-06-30
company_exact,カネコ種苗,カネコ種苗,high,JPX,2026-06-30
company_exact,サカタのタネ,サカタのタネ,high,JPX,2026-06-30
company_exact,ホクト,ホクト,high,JPX,2026-06-30
company_exact,Ｃｏｃｏｌｉｖｅ,cocolive,high,JPX,2026-06-30
company_exact,秋川牧園,秋川牧園,high,JPX,2026-06-30
company_exact,アクシーズ,アクシーズ,high,JPX,2026-06-30
company_exact,ホーブ,ホーブ,high,JPX,2026-06-30
company_exact,ベルグアース,ベルグアース,high,JPX,2026-06-30
company_exact,ホクリヨウ,ホクリヨウ,high,JPX,2026-06-30
company_exact,光フードサービス,光フードサービス,high,JPX,2026-06-30
company_exact,東日本地所,東日本地所,high,JPX,2026-06-30
company_exact,エムビーエス,エムビーエス,high,JPX,2026-06-30
company_exact,ウエストホールディングス,ウエストホールディングス,high,JPX,2026-06-30
company_exact,ショーボンドホールディングス,ショーボンドホールディングス,high,JPX,2026-06-30
company_exact,ミライト・ワン,ミライトワン,high,JPX,2026-06-30
company_exact,インターライフホールディングス,インターライフホールディングス,high,JPX,2026-06-30
company_exact,タマホーム,タマホーム,high,JPX,2026-06-30
company_exact,トライアルホールディングス,トライアルホールディングス,high,JPX,2026-06-30
company_exact,サンヨーホームズ,サンヨーホームズ,high,JPX,2026-06-30
company_exact,日本アクア,日本アクア,high,JPX,2026-06-30
company_exact,ジンジブ,ジンジブ,high,JPX,2026-06-30
company_exact,ファーストコーポレーション,ファーストコーポレーション,high,JPX,2026-06-30
company_exact,Ｌｉｂ　Ｗｏｒｋ,libwork,high,JPX,2026-06-30
company_exact,動力,動力,high,JPX,2026-06-30
company_exact,ベステラ,ベステラ,high,JPX,2026-06-30
company_exact,ＪＥＳＣＯホールディングス,jescoホールディングス,high,JPX,2026-06-30
company_exact,ｒｏｂｏｔ　ｈｏｍｅ,robothome,high,JPX,2026-06-30
company_exact,グリーンエナジー＆カンパニー,グリーンエナジー&カンパニー,high,JPX,2026-06-30
company_exact,岐阜造園,岐阜造園,high,JPX,2026-06-30
company_exact,イシン,イシン,high,JPX,2026-06-30
company_exact,技研ホールディングス,技研ホールディングス,high,JPX,2026-06-30
company_exact,ニッソウ,ニッソウ,high,JPX,2026-06-30
company_exact,ひかりホールディングス,ひかりホールディングス,high,JPX,2026-06-30
company_exact,キャンディル,キャンディル,high,JPX,2026-06-30
company_exact,ＳＡＡＦホールディングス,saafホールディングス,high,JPX,2026-06-30
company_exact,エネルギーパワー,エネルギーパワー,high,JPX,2026-06-30
company_exact,ＴＡＮＡＫＥＮ,tanaken,high,JPX,2026-06-30
company_exact,横浜ライト工業,横浜ライト工業,high,JPX,2026-06-30
company_exact,Ｌ　ｉｓ　Ｂ,lisb,high,JPX,2026-06-30
company_exact,コロンビア・ワークス,コロンビアワークス,high,JPX,2026-06-30
company_exact,ソラコム,ソラコム,high,JPX,2026-06-30
company_exact,ハッチ・ワーク,ハッチワーク,high,JPX,2026-06-30
company_exact,中外鉱業,中外鉱業,high,JPX,2026-06-30
company_exact,シンカ,シンカ,high,JPX,2026-06-30
company_exact,ＪＳＨ,jsh,high,JPX,2026-06-30
company_exact,住石ホールディングス,住石ホールディングス,high,JPX,2026-06-30
company_exact,日鉄鉱業,日鉄鉱業,high,JPX,2026-06-30
company_exact,三井松島ホールディングス,三井松島ホールディングス,high,JPX,2026-06-30
company_exact,ダイブ,ダイブ,high,JPX,2026-06-30
company_exact,オプティ,オプティ,high,JPX,2026-06-30
company_exact,カウリス,カウリス,high,JPX,2026-06-30
company_exact,ＧＡＩＡ,gaia,high,JPX,2026-06-30
company_exact,情報戦略テクノロジー,情報戦略テクノロジー,high,JPX,2026-06-30
company_exact,マテリアルグループ,マテリアルグループ,high,JPX,2026-06-30
company_exact,グリーンモンスター,グリーンモンスター,high,JPX,2026-06-30
company_exact,エクセリ,エクセリ,high,JPX,2026-06-30
company_exact,ＩＮＰＥＸ,inpex,high,JPX,2026-06-30
company_exact,アズパートナーズ,アズパートナーズ,high,JPX,2026-06-30
company_exact,三葉,三葉,high,JPX,2026-06-30
company_exact,アップルパーク,アップルパーク,high,JPX,2026-06-30
company_exact,石油資源開発,石油資源開発,high,JPX,2026-06-30
company_exact,Ｋ＆Ｏエナジーグループ,k&oエナジーグループ,high,JPX,2026-06-30
company_exact,タスキホールディングス,タスキホールディングス,high,JPX,2026-06-30
company_exact,リョーサン菱洋ホールディングス,リョーサン菱洋ホールディングス,high,JPX,2026-06-30
company_exact,イタミアート,イタミアート,high,JPX,2026-06-30
company_exact,ＳＤＳホールディングス,sdsホールディングス,high,JPX,2026-06-30
company_exact,第一カッター興業,第一カッター興業,high,JPX,2026-06-30
company_exact,明豊ファシリティワークス,明豊ファシリティワークス,high,JPX,2026-06-30
company_exact,美樹工業,美樹工業,high,JPX,2026-06-30
company_exact,安藤・間,安藤間,high,JPX,2026-06-30
company_exact,ゼロジャパン,ゼロジャパン,high,JPX,2026-06-30
company_exact,東急建設,東急建設,high,JPX,2026-06-30
company_exact,コムシスホールディングス,コムシスホールディングス,high,JPX,2026-06-30
company_exact,日本電技,日本電技,high,JPX,2026-06-30
company_exact,シンクレイヤ,シンクレイヤ,high,JPX,2026-06-30
company_exact,ネオホーム,ネオホーム,high,JPX,2026-06-30
company_exact,オーテック,オーテック,high,JPX,2026-06-30
company_exact,ハンモック,ハンモック,high,JPX,2026-06-30
company_exact,太洋基礎工業,太洋基礎工業,high,JPX,2026-06-30
company_exact,Ｗｉｌｌ　Ｓｍａｒｔ,willsmart,high,JPX,2026-06-30
company_exact,高松コンストラクショングループ,高松コンストラクショングループ,high,JPX,2026-06-30
company_exact,工藤建設,工藤建設,high,JPX,2026-06-30
company_exact,東建コーポレーション,東建コーポレーション,high,JPX,2026-06-30
company_exact,ソネック,ソネック,high,JPX,2026-06-30
company_exact,藤田エンジニアリング,藤田エンジニアリング,high,JPX,2026-06-30
company_exact,ワイ・ティー・エル・コーポレーション・バーハッド,ワイティーエルコーポレーションバーハッド,high,JPX,2026-06-30
company_exact,コージンバイオ,コージンバイオ,high,JPX,2026-06-30
company_exact,ヤマウラ,ヤマウラ,high,JPX,2026-06-30
company_exact,ｆａｎｔａｓｉｓｔａ,fantasista,high,JPX,2026-06-30
company_exact,オリエンタル白石,オリエンタル白石,high,JPX,2026-06-30
company_exact,ナカボーテック,ナカボーテック,high,JPX,2026-06-30
company_exact,三東工業社,三東工業社,high,JPX,2026-06-30
company_exact,大本組,大本組,high,JPX,2026-06-30
company_exact,マサル,マサル,high,JPX,2026-06-30
company_exact,守谷商会,守谷商会,high,JPX,2026-06-30
company_exact,第一建設工業,第一建設工業,high,JPX,2026-06-30
company_exact,大成建設,大成建設,high,JPX,2026-06-30
company_exact,大林組,大林組,high,JPX,2026-06-30
company_exact,清水建設,清水建設,high,JPX,2026-06-30
company_exact,佐藤渡辺,佐藤渡辺,high,JPX,2026-06-30
company_exact,長谷工コーポレーション,長谷工コーポレーション,high,JPX,2026-06-30
company_exact,松井建設,松井建設,high,JPX,2026-06-30
company_exact,錢高組,錢高組,high,JPX,2026-06-30
company_exact,鹿島建設,鹿島建設,high,JPX,2026-06-30
company_exact,不動テトラ,不動テトラ,high,JPX,2026-06-30
company_exact,大末建設,大末建設,high,JPX,2026-06-30
company_exact,鉄建建設,鉄建建設,high,JPX,2026-06-30
company_exact,西松建設,西松建設,high,JPX,2026-06-30
company_exact,大豊建設,大豊建設,high,JPX,2026-06-30
company_exact,佐田建設,佐田建設,high,JPX,2026-06-30
company_exact,ナカノフドー建設,ナカノフドー建設,high,JPX,2026-06-30
company_exact,田辺工業,田辺工業,high,JPX,2026-06-30
company_exact,奥村組,奥村組,high,JPX,2026-06-30
company_exact,東鉄工業,東鉄工業,high,JPX,2026-06-30
company_exact,土屋ホールディングス,土屋ホールディングス,high,JPX,2026-06-30
company_exact,大盛工業,大盛工業,high,JPX,2026-06-30
company_exact,イチケン,イチケン,high,JPX,2026-06-30
company_exact,富士ピー・エス,富士ピーエス,high,JPX,2026-06-30
company_exact,学びエイド,学びエイド,high,JPX,2026-06-30
company_exact,南海辰村建設,南海辰村建設,high,JPX,2026-06-30
company_exact,淺沼組,淺沼組,high,JPX,2026-06-30
company_exact,森組,森組,high,JPX,2026-06-30
company_exact,リサイクルテック・ジャパン,リサイクルテックジャパン,high,JPX,2026-06-30
company_exact,戸田建設,戸田建設,high,JPX,2026-06-30
company_exact,熊谷組,熊谷組,high,JPX,2026-06-30
company_exact,北野建設,北野建設,high,JPX,2026-06-30
company_exact,植木組,植木組,high,JPX,2026-06-30
company_exact,アストロスケールホールディングス,アストロスケールホールディングス,high,JPX,2026-06-30
company_exact,矢作建設工業,矢作建設工業,high,JPX,2026-06-30
company_exact,ピーエス・コンストラクション,ピーエスコンストラクション,high,JPX,2026-06-30
company_exact,日本ハウスホールディングス,日本ハウスホールディングス,high,JPX,2026-06-30
company_exact,大東建託,大東建託,high,JPX,2026-06-30
company_exact,新日本建設,新日本建設,high,JPX,2026-06-30
company_exact,東亜道路工業,東亜道路工業,high,JPX,2026-06-30
company_exact,東亜建設工業,東亜建設工業,high,JPX,2026-06-30
company_exact,日本国土開発,日本国土開発,high,JPX,2026-06-30
company_exact,若築建設,若築建設,high,JPX,2026-06-30
company_exact,五洋建設,五洋建設,high,JPX,2026-06-30
company_exact,金下建設,金下建設,high,JPX,2026-06-30
company_exact,世紀東急工業,世紀東急工業,high,JPX,2026-06-30
company_exact,福田組,福田組,high,JPX,2026-06-30
company_exact,Ｄ＆Ｍカンパニー,d&mカンパニー,high,JPX,2026-06-30
company_exact,大成温調,大成温調,high,JPX,2026-06-30
company_exact,テノックス,テノックス,high,JPX,2026-06-30
company_exact,日本ドライケミカル,日本ドライケミカル,high,JPX,2026-06-30
company_exact,Ｃｈｏｒｄｉａ　Ｔｈｅｒａｐｅｕｔｉｃｓ,chordiatherapeutics,high,JPX,2026-06-30
company_exact,住友林業,住友林業,high,JPX,2026-06-30
company_exact,日本基礎技術,日本基礎技術,high,JPX,2026-06-30
company_exact,ミモザ,ミモザ,high,JPX,2026-06-30
company_exact,巴コーポレーション,巴コーポレーション,high,JPX,2026-06-30
company_exact,大和ハウス工業,大和ハウス工業,high,JPX,2026-06-30
company_exact,ライト工業,ライト工業,high,JPX,2026-06-30
company_exact,積水ハウス,積水ハウス,high,JPX,2026-06-30
company_exact,日特建設,日特建設,high,JPX,2026-06-30
company_exact,インテグループ,インテグループ,high,JPX,2026-06-30
company_exact,北陸電気工事,北陸電気工事,high,JPX,2026-06-30
company_exact,ユアテック,ユアテック,high,JPX,2026-06-30
company_exact,日本リーテック,日本リーテック,high,JPX,2026-06-30
company_exact,四電工,四電工,high,JPX,2026-06-30
company_exact,中電工,中電工,high,JPX,2026-06-30
company_exact,関電工,関電工,high,JPX,2026-06-30
company_exact,きんでん,きんでん,high,JPX,2026-06-30
company_exact,東京エネシス,東京エネシス,high,JPX,2026-06-30
company_exact,トーエネック,トーエネック,high,JPX,2026-06-30
company_exact,弘電社,弘電社,high,JPX,2026-06-30
company_exact,ＷＯＬＶＥＳ　ＨＡＮＤ,wolveshand,high,JPX,2026-06-30
company_exact,日本電設工業,日本電設工業,high,JPX,2026-06-30
company_exact,エクシオグループ,エクシオグループ,high,JPX,2026-06-30
company_exact,新日本空調,新日本空調,high,JPX,2026-06-30
company_exact,クラフティア,クラフティア,high,JPX,2026-06-30
company_exact,ＭＵＳＣＡＴ　ＧＲＯＵＰ,muscatgroup,high,JPX,2026-06-30
company_exact,サンテック,サンテック,high,JPX,2026-06-30
company_exact,三機工業,三機工業,high,JPX,2026-06-30
company_exact,日揮ホールディングス,日揮ホールディングス,high,JPX,2026-06-30
company_exact,中外炉工業,中外炉工業,high,JPX,2026-06-30
company_exact,テクノ菱和,テクノ菱和,high,JPX,2026-06-30
company_exact,高田工業所,高田工業所,high,JPX,2026-06-30
company_exact,ヤマト,ヤマト,high,JPX,2026-06-30
company_exact,太平電業,太平電業,high,JPX,2026-06-30
company_exact,高砂熱学工業,高砂熱学工業,high,JPX,2026-06-30
company_exact,ＭＦＳ,mfs,high,JPX,2026-06-30
company_exact,三晃金属工業,三晃金属工業,high,JPX,2026-06-30
company_exact,朝日工業社,朝日工業社,high,JPX,2026-06-30
company_exact,明星工業,明星工業,high,JPX,2026-06-30
company_exact,大氣社,大氣社,high,JPX,2026-06-30
company_exact,タウンズ,タウンズ,high,JPX,2026-06-30
company_exact,ダイダン,ダイダン,high,JPX,2026-06-30
company_exact,協和日成,協和日成,high,JPX,2026-06-30
company_exact,日比谷総合設備,日比谷総合設備,high,JPX,2026-06-30
company_exact,ＰｏｓｔＰｒｉｍｅ,postprime,high,JPX,2026-06-30
company_exact,神田通信機,神田通信機,high,JPX,2026-06-30
company_exact,高橋カーテンウォール工業,高橋カーテンウォール工業,high,JPX,2026-06-30
company_exact,暁飯島工業,暁飯島工業,high,JPX,2026-06-30
company_exact,メディエア,メディエア,high,JPX,2026-06-30
company_exact,ニップン,ニップン,high,JPX,2026-06-30
company_exact,日清製粉グループ本社,日清製粉グループ本社,high,JPX,2026-06-30
company_exact,日東富士製粉,日東富士製粉,high,JPX,2026-06-30
company_exact,昭和産業,昭和産業,high,JPX,2026-06-30
company_exact,鳥越製粉,鳥越製粉,high,JPX,2026-06-30
company_exact,シュンビン,シュンビン,high,JPX,2026-06-30
company_exact,タイヨーパッケージ,タイヨーパッケージ,high,JPX,2026-06-30
company_exact,中部飼料,中部飼料,high,JPX,2026-06-30
company_exact,日和産業,日和産業,high,JPX,2026-06-30
company_exact,ロゴスホールディングス,ロゴスホールディングス,high,JPX,2026-06-30
company_exact,フィード・ワン,フィードワン,high,JPX,2026-06-30
company_exact,ＰＲＩＳＭ　ＢｉｏＬａｂ,prismbiolab,high,JPX,2026-06-30
company_exact,ライジングコーポレーション,ライジングコーポレーション,high,JPX,2026-06-30
company_exact,構造計画研究所ホールディングス,構造計画研究所ホールディングス,high,JPX,2026-06-30
company_exact,小野谷機工,小野谷機工,high,JPX,2026-06-30
company_exact,日本甜菜製糖,日本甜菜製糖,high,JPX,2026-06-30
company_exact,ＤＭ三井製糖,dm三井製糖,high,JPX,2026-06-30
company_exact,塩水港精糖,塩水港精糖,high,JPX,2026-06-30
company_exact,フジ日本,フジ日本,high,JPX,2026-06-30
company_exact,ウェルネオシュガー,ウェルネオシュガー,high,JPX,2026-06-30
company_exact,カドス・コーポレーション,カドスコーポレーション,high,JPX,2026-06-30
company_exact,ＬＩＦＵＬＬ,lifull,high,JPX,2026-06-30
company_exact,ＭＩＸＩ,mixi,high,JPX,2026-06-30
company_exact,インタースペース,インタースペース,high,JPX,2026-06-30
company_exact,ジェイエイシーリクルートメント,ジェイエイシーリクルートメント,high,JPX,2026-06-30
company_exact,日本Ｍ＆Ａセンターホールディングス,日本m&aセンターホールディングス,high,JPX,2026-06-30
company_exact,フィットイージー,フィットイージー,high,JPX,2026-06-30
company_exact,メンバーズ,メンバーズ,high,JPX,2026-06-30
company_exact,北浜キャピタルパートナーズ,北浜キャピタルパートナーズ,high,JPX,2026-06-30
company_exact,ヒップ,ヒップ,high,JPX,2026-06-30
company_exact,クルーズ,クルーズ,high,JPX,2026-06-30
company_exact,中広,中広,high,JPX,2026-06-30
company_exact,ＵＴグループ,utグループ,high,JPX,2026-06-30
company_exact,アイティメディア,アイティメディア,high,JPX,2026-06-30
company_exact,幼児活動研究会,幼児活動研究会,high,JPX,2026-06-30
company_exact,Ｅ・Ｊホールディングス,ejホールディングス,high,JPX,2026-06-30
company_exact,オープンアップグループ,オープンアップグループ,high,JPX,2026-06-30
company_exact,セーラー広告,セーラー広告,high,JPX,2026-06-30
company_exact,コシダカホールディングス,コシダカホールディングス,high,JPX,2026-06-30
company_exact,ＦＲＯＮＴＥＯ,fronteo,high,JPX,2026-06-30
company_exact,タイミー,タイミー,high,JPX,2026-06-30
company_exact,ジーエヌアイグループ,ジーエヌアイグループ,high,JPX,2026-06-30
company_exact,ｎｍｓ　ホールディングス,nmsホールディングス,high,JPX,2026-06-30
company_exact,アルトナー,アルトナー,high,JPX,2026-06-30
company_exact,地域新聞社,地域新聞社,high,JPX,2026-06-30
company_exact,パソナグループ,パソナグループ,high,JPX,2026-06-30
company_exact,ＣＤＳ,cds,high,JPX,2026-06-30
company_exact,ライフクリエイト,ライフクリエイト,high,JPX,2026-06-30
company_exact,リンクアンドモチベーション,リンクアンドモチベーション,high,JPX,2026-06-30
company_exact,博展,博展,high,JPX,2026-06-30
company_exact,エス・エム・エス,エスエムエス,high,JPX,2026-06-30
company_exact,成学社,成学社,high,JPX,2026-06-30
company_exact,サポート,サポート,high,JPX,2026-06-30
company_exact,サニーサイドアップグループ,サニーサイドアップグループ,high,JPX,2026-06-30
company_exact,パーソルホールディングス,パーソルホールディングス,high,JPX,2026-06-30
company_exact,リニカル,リニカル,high,JPX,2026-06-30
company_exact,シイエム・シイ,シイエムシイ,high,JPX,2026-06-30
company_exact,ソーバル,ソーバル,high,JPX,2026-06-30
company_exact,Ｌｉｂｅｒａｗａｒｅ,liberaware,high,JPX,2026-06-30
company_exact,クックパッド,クックパッド,high,JPX,2026-06-30
company_exact,アミタホールディングス,アミタホールディングス,high,JPX,2026-06-30
company_exact,アイ・ケイ・ケイホールディングス,アイケイケイホールディングス,high,JPX,2026-06-30
company_exact,Ｈｅａｒｔｓｅｅｄ,heartseed,high,JPX,2026-06-30
company_exact,森永製菓,森永製菓,high,JPX,2026-06-30
company_exact,中村屋,中村屋,high,JPX,2026-06-30
company_exact,江崎グリコ,江崎グリコ,high,JPX,2026-06-30
company_exact,ｍｅｉｔｏ,meito,high,JPX,2026-06-30
company_exact,ブルボン,ブルボン,high,JPX,2026-06-30
company_exact,井村屋グループ,井村屋グループ,high,JPX,2026-06-30
company_exact,Ｆａｂｅｒ　Ｃｏｍｐａｎｙ,fabercompany,high,JPX,2026-06-30
company_exact,不二家,不二家,high,JPX,2026-06-30
company_exact,山崎製パン,山崎製パン,high,JPX,2026-06-30
company_exact,第一屋製パン,第一屋製パン,high,JPX,2026-06-30
company_exact,カンロ,カンロ,high,JPX,2026-06-30
company_exact,モロゾフ,モロゾフ,high,JPX,2026-06-30
company_exact,亀田製菓,亀田製菓,high,JPX,2026-06-30
company_exact,岩塚製菓,岩塚製菓,high,JPX,2026-06-30
company_exact,寿スピリッツ,寿スピリッツ,high,JPX,2026-06-30
company_exact,コモ,コモ,high,JPX,2026-06-30
company_exact,湖池屋,湖池屋,high,JPX,2026-06-30
company_exact,カルビー,カルビー,high,JPX,2026-06-30
company_exact,ＮＩＣＳ,nics,high,JPX,2026-06-30
company_exact,森永乳業,森永乳業,high,JPX,2026-06-30
company_exact,六甲バター,六甲バター,high,JPX,2026-06-30
company_exact,ヤクルト本社,ヤクルト本社,high,JPX,2026-06-30
company_exact,Ｂ－Ｒ　サーティワン　アイスクリーム,b-rサーティワンアイスクリーム,high,JPX,2026-06-30
company_exact,明治ホールディングス,明治ホールディングス,high,JPX,2026-06-30
company_exact,勝美ジャパン,勝美ジャパン,high,JPX,2026-06-30
company_exact,雪印メグミルク,雪印メグミルク,high,JPX,2026-06-30
company_exact,ＩＮＳＩＧＨＴ　ＬＡＢ,insightlab,high,JPX,2026-06-30
company_exact,プリマハム,プリマハム,high,JPX,2026-06-30
company_exact,日本ハム,日本ハム,high,JPX,2026-06-30
company_exact,林兼産業,林兼産業,high,JPX,2026-06-30
company_exact,丸大食品,丸大食品,high,JPX,2026-06-30
company_exact,オプロ,オプロ,high,JPX,2026-06-30
company_exact,福留ハム,福留ハム,high,JPX,2026-06-30
company_exact,Ｓ　Ｆｏｏｄｓ,sfoods,high,JPX,2026-06-30
company_exact,滝沢ハム,滝沢ハム,high,JPX,2026-06-30
company_exact,柿安本店,柿安本店,high,JPX,2026-06-30
company_exact,伊藤ハム米久ホールディングス,伊藤ハム米久ホールディングス,high,JPX,2026-06-30
company_exact,アスミホールディングス,アスミホールディングス,high,JPX,2026-06-30
company_exact,きょくとう,きょくとう,high,JPX,2026-06-30
company_exact,学情,学情,high,JPX,2026-06-30
company_exact,ドーン,ドーン,high,JPX,2026-06-30
company_exact,ＣＳＳホールディングス,cssホールディングス,high,JPX,2026-06-30
company_exact,スタジオアリス,スタジオアリス,high,JPX,2026-06-30
company_exact,クロスキャット,クロスキャット,high,JPX,2026-06-30
company_exact,エプコ,エプコ,high,JPX,2026-06-30
company_exact,ＣＡＩＣＡ　ＤＩＧＩＴＡＬ,caicadigital,high,JPX,2026-06-30
company_exact,システナ,システナ,high,JPX,2026-06-30
company_exact,ソフトフロントホールディングス,ソフトフロントホールディングス,high,JPX,2026-06-30
company_exact,ｆｏｎｆｕｎ,fonfun,high,JPX,2026-06-30
company_exact,ＮＪＳ,njs,high,JPX,2026-06-30
company_exact,デジタルアーツ,デジタルアーツ,high,JPX,2026-06-30
company_exact,日鉄ソリューションズ,日鉄ソリューションズ,high,JPX,2026-06-30
company_exact,東北新社,東北新社,high,JPX,2026-06-30
company_exact,フォーサイド,フォーサイド,high,JPX,2026-06-30
company_exact,ＡＬＳＯＫ,alsok,high,JPX,2026-06-30
company_exact,クエスト,クエスト,high,JPX,2026-06-30
company_exact,イオレ,イオレ,high,JPX,2026-06-30
company_exact,キューブシステム,キューブシステム,high,JPX,2026-06-30
company_exact,いちご,いちご,high,JPX,2026-06-30
company_exact,クオンタムソリューションズ,クオンタムソリューションズ,high,JPX,2026-06-30
company_exact,極楽湯ホールディングス,極楽湯ホールディングス,high,JPX,2026-06-30
company_exact,アルバイトタイムス,アルバイトタイムス,high,JPX,2026-06-30
company_exact,トランスジェニックグループ,トランスジェニックグループ,high,JPX,2026-06-30
company_exact,ＨＯＤＬ１,hodl1,high,JPX,2026-06-30
company_exact,エヌアイデイ,エヌアイデイ,high,JPX,2026-06-30
company_exact,ＡＳＪ,asj,high,JPX,2026-06-30
company_exact,日本駐車場開発,日本駐車場開発,high,JPX,2026-06-30
company_exact,ＹＥ　ＤＩＧＩＴＡＬ,yedigital,high,JPX,2026-06-30
company_exact,コア,コア,high,JPX,2026-06-30
company_exact,メディネット,メディネット,high,JPX,2026-06-30
company_exact,カカクコム,カカクコム,high,JPX,2026-06-30
company_exact,ケア２１,ケア21,high,JPX,2026-06-30
company_exact,ギグワークス,ギグワークス,high,JPX,2026-06-30
company_exact,サイネックス,サイネックス,high,JPX,2026-06-30
company_exact,ルネサンス,ルネサンス,high,JPX,2026-06-30
company_exact,ディップ,ディップ,high,JPX,2026-06-30
company_exact,ＳＢＳホールディングス,sbsホールディングス,high,JPX,2026-06-30
company_exact,総医研ホールディングス,総医研ホールディングス,high,JPX,2026-06-30
company_exact,ウェッジホールディングス,ウェッジホールディングス,high,JPX,2026-06-30
company_exact,プラネット,プラネット,high,JPX,2026-06-30
company_exact,日本ケアサプライ,日本ケアサプライ,high,JPX,2026-06-30
company_exact,新日本科学,新日本科学,high,JPX,2026-06-30
company_exact,バレッグス,バレッグス,high,JPX,2026-06-30
company_exact,鉄人化ホールディングス,鉄人化ホールディングス,high,JPX,2026-06-30
company_exact,ＫＧ情報,kg情報,high,JPX,2026-06-30
company_exact,キャリアデザインセンター,キャリアデザインセンター,high,JPX,2026-06-30
company_exact,ゲンダイエージェンシー,ゲンダイエージェンシー,high,JPX,2026-06-30
company_exact,エムスリー,エムスリー,high,JPX,2026-06-30
company_exact,ヒューマンホールディングス,ヒューマンホールディングス,high,JPX,2026-06-30
company_exact,ツカダ・グローバルホールディング,ツカダグローバルホールディング,high,JPX,2026-06-30
company_exact,ＲＯＸＸ,roxx,high,JPX,2026-06-30
company_exact,ブラス,ブラス,high,JPX,2026-06-30
company_exact,ケアサービス,ケアサービス,high,JPX,2026-06-30
company_exact,ウェルネット,ウェルネット,high,JPX,2026-06-30
company_exact,ワールドホールディングス,ワールドホールディングス,high,JPX,2026-06-30
company_exact,ディー・エヌ・エー,ディーエヌエー,high,JPX,2026-06-30
company_exact,博報堂ＤＹホールディングス,博報堂dyホールディングス,high,JPX,2026-06-30
company_exact,シダー,シダー,high,JPX,2026-06-30
company_exact,共同ピーアール,共同ピーアール,high,JPX,2026-06-30
company_exact,Ｓｈｉｎｗａ　Ｗｉｓｅ　Ｈｏｌｄｉｎｇｓ,shinwawiseholdings,high,JPX,2026-06-30
company_exact,アスカネット,アスカネット,high,JPX,2026-06-30
company_exact,トップス,トップス,high,JPX,2026-06-30
company_exact,ぐるなび,ぐるなび,high,JPX,2026-06-30
company_exact,タカミヤ,タカミヤ,high,JPX,2026-06-30
company_exact,プラップジャパン,プラップジャパン,high,JPX,2026-06-30
company_exact,グロースエクスパートナーズ,グロースエクスパートナーズ,high,JPX,2026-06-30
company_exact,コンピュータマインド,コンピュータマインド,high,JPX,2026-06-30
company_exact,オールアバウト,オールアバウト,high,JPX,2026-06-30
company_exact,アウンコンサルティング,アウンコンサルティング,high,JPX,2026-06-30
company_exact,ＩＮＧＳ,ings,high,JPX,2026-06-30
company_exact,ファンコミュニケーションズ,ファンコミュニケーションズ,high,JPX,2026-06-30
company_exact,ライク,ライク,high,JPX,2026-06-30
company_exact,Ａｏｂａ‐ＢＢＴ,aoba‐bbt,high,JPX,2026-06-30
company_exact,ヒビノ,ヒビノ,high,JPX,2026-06-30
company_exact,アスア,アスア,high,JPX,2026-06-30
company_exact,エスプール,エスプール,high,JPX,2026-06-30
company_exact,ＷＤＢホールディングス,wdbホールディングス,high,JPX,2026-06-30
company_exact,手間いらず,手間いらず,high,JPX,2026-06-30
company_exact,ジェイテック,ジェイテック,high,JPX,2026-06-30
company_exact,Ａｉロボティクス,aiロボティクス,high,JPX,2026-06-30
company_exact,システム・ロケーション,システムロケーション,high,JPX,2026-06-30
company_exact,タウンニュース社,タウンニュース社,high,JPX,2026-06-30
company_exact,翻訳センター,翻訳センター,high,JPX,2026-06-30
company_exact,出前館,出前館,high,JPX,2026-06-30
company_exact,ティア,ティア,high,JPX,2026-06-30
company_exact,ＪＴＰ,jtp,high,JPX,2026-06-30
company_exact,アドウェイズ,アドウェイズ,high,JPX,2026-06-30
company_exact,キッズスター,キッズスター,high,JPX,2026-06-30
company_exact,バリューコマース,バリューコマース,high,JPX,2026-06-30
company_exact,インフォマート,インフォマート,high,JPX,2026-06-30
company_exact,イーサポートリンク,イーサポートリンク,high,JPX,2026-06-30
company_exact,ユナイテッド,ユナイテッド,high,JPX,2026-06-30
company_exact,オリエンタルコンサルタンツホールディングス,オリエンタルコンサルタンツホールディングス,high,JPX,2026-06-30
company_exact,日本和装ホールディングス,日本和装ホールディングス,high,JPX,2026-06-30
company_exact,ヒューマンアジャスト,ヒューマンアジャスト,high,JPX,2026-06-30
company_exact,サッポロホールディングス,サッポロホールディングス,high,JPX,2026-06-30
company_exact,アサヒグループホールディングス,アサヒグループホールディングス,high,JPX,2026-06-30
company_exact,キリンホールディングス,キリンホールディングス,high,JPX,2026-06-30
company_exact,シマダヤ,シマダヤ,high,JPX,2026-06-30
company_exact,ニューロマジック,ニューロマジック,high,JPX,2026-06-30
company_exact,ウェッジ,ウェッジ,high,JPX,2026-06-30
company_exact,宝ホールディングス,宝ホールディングス,high,JPX,2026-06-30
company_exact,オエノンホールディングス,オエノンホールディングス,high,JPX,2026-06-30
company_exact,ＥＴＳグループ,etsグループ,high,JPX,2026-06-30
company_exact,ＡＩフュージョンキャピタルグループ,aiフュージョンキャピタルグループ,high,JPX,2026-06-30
company_exact,ジーエルテクノホールディングス,ジーエルテクノホールディングス,high,JPX,2026-06-30
company_exact,飛島ホールディングス,飛島ホールディングス,high,JPX,2026-06-30
company_exact,北海道コカ・コーラボトリング,北海道コカコーラボトリング,high,JPX,2026-06-30
company_exact,コカ・コーラ　ボトラーズジャパンホールディングス,コカコーラボトラーズジャパンホールディングス,high,JPX,2026-06-30
company_exact,ライフドリンク　カンパニー,ライフドリンクカンパニー,high,JPX,2026-06-30
company_exact,フルッタフルッタ,フルッタフルッタ,high,JPX,2026-06-30
company_exact,サントリービバレッジ＆フード,サントリービバレッジ&フード,high,JPX,2026-06-30
company_exact,プレミアムウォーターホールディングス,プレミアムウォーターホールディングス,high,JPX,2026-06-30
company_exact,ダイドーグループホールディングス,ダイドーグループホールディングス,high,JPX,2026-06-30
company_exact,伊藤園,伊藤園,high,JPX,2026-06-30
company_exact,伊藤園第１種優先株式,伊藤園第1種優先株式,high,JPX,2026-06-30
company_exact,キーコーヒー,キーコーヒー,high,JPX,2026-06-30
company_exact,ユニカフェ,ユニカフェ,high,JPX,2026-06-30
company_exact,日清オイリオグループ,日清オイリオグループ,high,JPX,2026-06-30
company_exact,不二製油,不二製油,high,JPX,2026-06-30
company_exact,かどや製油,かどや製油,high,JPX,2026-06-30
company_exact,Ｊ－オイルミルズ,j-オイルミルズ,high,JPX,2026-06-30
company_exact,日水コン,日水コン,high,JPX,2026-06-30
company_exact,インターメスティック,インターメスティック,high,JPX,2026-06-30
company_exact,デジタルキューブ,デジタルキューブ,high,JPX,2026-06-30
company_exact,Ｓｃｈｏｏ,schoo,high,JPX,2026-06-30
company_exact,まんだらけ,まんだらけ,high,JPX,2026-06-30
company_exact,イオン九州,イオン九州,high,JPX,2026-06-30
company_exact,アスモ,アスモ,high,JPX,2026-06-30
company_exact,ベクターホールディングス,ベクターホールディングス,high,JPX,2026-06-30
company_exact,サンエー,サンエー,high,JPX,2026-06-30
company_exact,Ｈｍｃｏｍｍ,hmcomm,high,JPX,2026-06-30
company_exact,カワチ薬品,カワチ薬品,high,JPX,2026-06-30
company_exact,オートウェーブ,オートウェーブ,high,JPX,2026-06-30
company_exact,イメージ　ワン,イメージワン,high,JPX,2026-06-30
company_exact,タビオ,タビオ,high,JPX,2026-06-30
company_exact,カネ美食品,カネ美食品,high,JPX,2026-06-30
company_exact,グローカルマーケティング,グローカルマーケティング,high,JPX,2026-06-30
company_exact,エービーシー・マート,エービーシーマート,high,JPX,2026-06-30
company_exact,夢みつけ隊,夢みつけ隊,high,JPX,2026-06-30
company_exact,ハードオフコーポレーション,ハードオフコーポレーション,high,JPX,2026-06-30
company_exact,高千穂交易,高千穂交易,high,JPX,2026-06-30
company_exact,アスクル,アスクル,high,JPX,2026-06-30
company_exact,トワライズ,トワライズ,high,JPX,2026-06-30
company_exact,ゲオホールディングス,ゲオホールディングス,high,JPX,2026-06-30
company_exact,魚喜,魚喜,high,JPX,2026-06-30
company_exact,アンドエスティＨＤ,アンドエスティhd,high,JPX,2026-06-30
company_exact,シー・ヴイ・エス・ベイエリア,シーヴイエスベイエリア,high,JPX,2026-06-30
company_exact,オルバヘルスケアホールディングス,オルバヘルスケアホールディングス,high,JPX,2026-06-30
company_exact,リガク・ホールディングス,リガクホールディングス,high,JPX,2026-06-30
company_exact,ＹＫＴ,ykt,high,JPX,2026-06-30
company_exact,焼肉坂井ホールディングス,焼肉坂井ホールディングス,high,JPX,2026-06-30
company_exact,くら寿司,くら寿司,high,JPX,2026-06-30
company_exact,キャンドゥ,キャンドゥ,high,JPX,2026-06-30
company_exact,Ｓａｐｅｅｔ,sapeet,high,JPX,2026-06-30
company_exact,木徳神糧,木徳神糧,high,JPX,2026-06-30
company_exact,日本マクドナルドホールディングス,日本マクドナルドホールディングス,high,JPX,2026-06-30
company_exact,大戸屋ホールディングス,大戸屋ホールディングス,high,JPX,2026-06-30
company_exact,久世,久世,high,JPX,2026-06-30
company_exact,アクセリア,アクセリア,high,JPX,2026-06-30
company_exact,ジェイホールディングス,ジェイホールディングス,high,JPX,2026-06-30
company_exact,ＩＫホールディングス,ikホールディングス,high,JPX,2026-06-30
company_exact,パルグループホールディングス,パルグループホールディングス,high,JPX,2026-06-30
company_exact,エディオン,エディオン,high,JPX,2026-06-30
company_exact,あらた,あらた,high,JPX,2026-06-30
company_exact,サーラコーポレーション,サーラコーポレーション,high,JPX,2026-06-30
company_exact,ワッツ,ワッツ,high,JPX,2026-06-30
company_exact,フェスタリアホールディングス,フェスタリアホールディングス,high,JPX,2026-06-30
company_exact,トーメンデバイス,トーメンデバイス,high,JPX,2026-06-30
company_exact,ハローズ,ハローズ,high,JPX,2026-06-30
company_exact,北雄ラッキー,北雄ラッキー,high,JPX,2026-06-30
company_exact,ＪＰホールディングス,jpホールディングス,high,JPX,2026-06-30
company_exact,ガーデン,ガーデン,high,JPX,2026-06-30
company_exact,石光商事,石光商事,high,JPX,2026-06-30
company_exact,テンポスホールディングス,テンポスホールディングス,high,JPX,2026-06-30
company_exact,フジオフードグループ本社,フジオフードグループ本社,high,JPX,2026-06-30
company_exact,あみやき亭,あみやき亭,high,JPX,2026-06-30
company_exact,東京エレクトロン　デバイス,東京エレクトロンデバイス,high,JPX,2026-06-30
company_exact,ＳＡＮＫＯ　ＭＡＲＫＥＴＩＮＧ　ＦＯＯＤＳ,sankomarketingfoods,high,JPX,2026-06-30
company_exact,エフティグループ,エフティグループ,high,JPX,2026-06-30
company_exact,ひらまつ,ひらまつ,high,JPX,2026-06-30
company_exact,円谷フィールズホールディングス,円谷フィールズホールディングス,high,JPX,2026-06-30
company_exact,双日,双日,high,JPX,2026-06-30
company_exact,ヴィレッジヴァンガードコーポレーション,ヴィレッジヴァンガードコーポレーション,high,JPX,2026-06-30
company_exact,ククレブ・アドバイザーズ,ククレブアドバイザーズ,high,JPX,2026-06-30
company_exact,新都ホールディングス,新都ホールディングス,high,JPX,2026-06-30
company_exact,パレモ・ホールディングス,パレモホールディングス,high,JPX,2026-06-30
company_exact,グロービング,グロービング,high,JPX,2026-06-30
company_exact,コメ兵ホールディングス,コメ兵ホールディングス,high,JPX,2026-06-30
company_exact,セリア,セリア,high,JPX,2026-06-30
company_exact,アルフレッサ　ホールディングス,アルフレッサホールディングス,high,JPX,2026-06-30
company_exact,アップルインターナショナル,アップルインターナショナル,high,JPX,2026-06-30
company_exact,カルラ,カルラ,high,JPX,2026-06-30
company_exact,Ｔｅｒｒａ　Ｄｒｏｎｅ,terradrone,high,JPX,2026-06-30
company_exact,ナフコ,ナフコ,high,JPX,2026-06-30
company_exact,大黒天物産,大黒天物産,high,JPX,2026-06-30
company_exact,ハニーズホールディングス,ハニーズホールディングス,high,JPX,2026-06-30
company_exact,日本プリメックス,日本プリメックス,high,JPX,2026-06-30
company_exact,ファーマライズホールディングス,ファーマライズホールディングス,high,JPX,2026-06-30
company_exact,ワイズテーブルコーポレーション,ワイズテーブルコーポレーション,high,JPX,2026-06-30
company_exact,インターグ,インターグ,high,JPX,2026-06-30
company_exact,キッコーマン,キッコーマン,high,JPX,2026-06-30
company_exact,味の素,味の素,high,JPX,2026-06-30
company_exact,ブルドックソース,ブルドックソース,high,JPX,2026-06-30
company_exact,ヱスビー食品,ヱスビー食品,high,JPX,2026-06-30
company_exact,ユタカフーズ,ユタカフーズ,high,JPX,2026-06-30
company_exact,キユーピー,キユーピー,high,JPX,2026-06-30
company_exact,ＴＭＨ,tmh,high,JPX,2026-06-30
company_exact,ハウス食品グループ本社,ハウス食品グループ本社,high,JPX,2026-06-30
company_exact,カゴメ,カゴメ,high,JPX,2026-06-30
company_exact,和弘食品,和弘食品,high,JPX,2026-06-30
company_exact,佐藤食品工業,佐藤食品工業,high,JPX,2026-06-30
company_exact,アリアケジャパン,アリアケジャパン,high,JPX,2026-06-30
company_exact,ダイショー,ダイショー,high,JPX,2026-06-30
company_exact,ピエトロ,ピエトロ,high,JPX,2026-06-30
company_exact,エバラ食品工業,エバラ食品工業,high,JPX,2026-06-30
company_exact,インフォメティス,インフォメティス,high,JPX,2026-06-30
company_exact,やまみ,やまみ,high,JPX,2026-06-30
company_exact,はごろもフーズ,はごろもフーズ,high,JPX,2026-06-30
company_exact,フクヤ建設,フクヤ建設,high,JPX,2026-06-30
company_exact,キオクシアホールディングス,キオクシアホールディングス,high,JPX,2026-06-30
company_exact,ユカリア,ユカリア,high,JPX,2026-06-30
company_exact,ニチレイ,ニチレイ,high,JPX,2026-06-30
company_exact,セイヒョー,セイヒョー,high,JPX,2026-06-30
company_exact,横浜冷凍,横浜冷凍,high,JPX,2026-06-30
company_exact,東洋水産,東洋水産,high,JPX,2026-06-30
company_exact,デルソーレ,デルソーレ,high,JPX,2026-06-30
company_exact,日東ベスト,日東ベスト,high,JPX,2026-06-30
company_exact,黒田グループ,黒田グループ,high,JPX,2026-06-30
company_exact,イートアンドホールディングス,イートアンドホールディングス,high,JPX,2026-06-30
company_exact,大冷,大冷,high,JPX,2026-06-30
company_exact,ヨシムラ・フード・ホールディングス,ヨシムラフードホールディングス,high,JPX,2026-06-30
company_exact,ラクサス・テクノロジーズ,ラクサステクノロジーズ,high,JPX,2026-06-30
company_exact,日本食品化工,日本食品化工,high,JPX,2026-06-30
company_exact,石井食品,石井食品,high,JPX,2026-06-30
company_exact,日清食品ホールディングス,日清食品ホールディングス,high,JPX,2026-06-30
company_exact,ウェルディッシュ,ウェルディッシュ,high,JPX,2026-06-30
company_exact,シノブフーズ,シノブフーズ,high,JPX,2026-06-30
company_exact,一正蒲鉾,一正蒲鉾,high,JPX,2026-06-30
company_exact,あじかん,あじかん,high,JPX,2026-06-30
company_exact,フジッコ,フジッコ,high,JPX,2026-06-30
company_exact,Ｓｙｎｓｐｅｃｔｉｖｅ,synspective,high,JPX,2026-06-30
company_exact,ロック・フィールド,ロックフィールド,high,JPX,2026-06-30
company_exact,旭松食品,旭松食品,high,JPX,2026-06-30
company_exact,日本たばこ産業,日本たばこ産業,high,JPX,2026-06-30
company_exact,ケンコーマヨネーズ,ケンコーマヨネーズ,high,JPX,2026-06-30
company_exact,仙波糖化工業,仙波糖化工業,high,JPX,2026-06-30
company_exact,大森屋,大森屋,high,JPX,2026-06-30
company_exact,わらべや日洋ホールディングス,わらべや日洋ホールディングス,high,JPX,2026-06-30
company_exact,リスキル,リスキル,high,JPX,2026-06-30
company_exact,なとり,なとり,high,JPX,2026-06-30
company_exact,サトウ食品,サトウ食品,high,JPX,2026-06-30
company_exact,イフジ産業,イフジ産業,high,JPX,2026-06-30
company_exact,篠崎屋,篠崎屋,high,JPX,2026-06-30
company_exact,ＡＦＣ－ＨＤアムスライフサイエンス,afc-hdアムスライフサイエンス,high,JPX,2026-06-30
company_exact,ファーマフーズ,ファーマフーズ,high,JPX,2026-06-30
company_exact,エスアイイー,エスアイイー,high,JPX,2026-06-30
company_exact,北の達人コーポレーション,北の達人コーポレーション,high,JPX,2026-06-30
company_exact,ユーグレナ,ユーグレナ,high,JPX,2026-06-30
company_exact,ＳＴＩフードホールディングス,stiフードホールディングス,high,JPX,2026-06-30
company_exact,紀文食品,紀文食品,high,JPX,2026-06-30
company_exact,ジェイフロンティア,ジェイフロンティア,high,JPX,2026-06-30
company_exact,ピックルスホールディングス,ピックルスホールディングス,high,JPX,2026-06-30
company_exact,ベースフード,ベースフード,high,JPX,2026-06-30
company_exact,サンクゼール,サンクゼール,high,JPX,2026-06-30
company_exact,オカムラ食品工業,オカムラ食品工業,high,JPX,2026-06-30
company_exact,ＢＡＢＹ　ＪＯＢ,babyjob,high,JPX,2026-06-30
company_exact,日本調理機,日本調理機,high,JPX,2026-06-30
company_exact,テクニスコ,テクニスコ,high,JPX,2026-06-30
company_exact,令和アカウンティング・ホールディングス,令和アカウンティングホールディングス,high,JPX,2026-06-30
company_exact,ＧＬＣ　ＧＲＯＵＰ,glcgroup,high,JPX,2026-06-30
company_exact,スター・マイカ・ホールディングス,スターマイカホールディングス,high,JPX,2026-06-30
company_exact,ツクルバ,ツクルバ,high,JPX,2026-06-30
company_exact,アルピコホールディングス,アルピコホールディングス,high,JPX,2026-06-30
company_exact,ＳＲＥホールディングス,sreホールディングス,high,JPX,2026-06-30
company_exact,ランディックス,ランディックス,high,JPX,2026-06-30
company_exact,ＡＤワークスグループ,adワークスグループ,high,JPX,2026-06-30
company_exact,アールプランナー,アールプランナー,high,JPX,2026-06-30
company_exact,ヤマイチエステート,ヤマイチエステート,high,JPX,2026-06-30
company_exact,ファーストステージ,ファーストステージ,high,JPX,2026-06-30
company_exact,ＬＡホールディングス,laホールディングス,high,JPX,2026-06-30
company_exact,ＧＶＡ　ＴＥＣＨ,gvatech,high,JPX,2026-06-30
company_exact,アイダ設計,アイダ設計,high,JPX,2026-06-30
company_exact,ランドネット,ランドネット,high,JPX,2026-06-30
company_exact,アーバンライク,アーバンライク,high,JPX,2026-06-30
company_exact,長栄,長栄,high,JPX,2026-06-30
company_exact,アンサーホールディングス,アンサーホールディングス,high,JPX,2026-06-30
company_exact,ジェイレックス・コーポレーション,ジェイレックスコーポレーション,high,JPX,2026-06-30
company_exact,ストレージ王,ストレージ王,high,JPX,2026-06-30
company_exact,クリアル,クリアル,high,JPX,2026-06-30
company_exact,ホームポジション,ホームポジション,high,JPX,2026-06-30
company_exact,クラシル,クラシル,high,JPX,2026-06-30
company_exact,片倉工業,片倉工業,high,JPX,2026-06-30
company_exact,グンゼ,グンゼ,high,JPX,2026-06-30
company_exact,ヒューリック,ヒューリック,high,JPX,2026-06-30
company_exact,神栄,神栄,high,JPX,2026-06-30
company_exact,ＭＩＣ,mic,high,JPX,2026-06-30
company_exact,ポラリス・ホールディングス,ポラリスホールディングス,high,JPX,2026-06-30
company_exact,バナーズ,バナーズ,high,JPX,2026-06-30
company_exact,インデックス,インデックス,high,JPX,2026-06-30
company_exact,アプライド,アプライド,high,JPX,2026-06-30
company_exact,パシフィックネット,パシフィックネット,high,JPX,2026-06-30
company_exact,ラサ商事,ラサ商事,high,JPX,2026-06-30
company_exact,クリエイト,クリエイト,high,JPX,2026-06-30
company_exact,アルペン,アルペン,high,JPX,2026-06-30
company_exact,ビースタイルホールディングス,ビースタイルホールディングス,high,JPX,2026-06-30
company_exact,ハブ,ハブ,high,JPX,2026-06-30
company_exact,ラクーンホールディングス,ラクーンホールディングス,high,JPX,2026-06-30
company_exact,クオールホールディングス,クオールホールディングス,high,JPX,2026-06-30
company_exact,ケイティケイ,ケイティケイ,high,JPX,2026-06-30
company_exact,アルコニックス,アルコニックス,high,JPX,2026-06-30
company_exact,神戸物産,神戸物産,high,JPX,2026-06-30
company_exact,ｖｉｓｕｍｏ,visumo,high,JPX,2026-06-30
company_exact,ソリトンシステムズ,ソリトンシステムズ,high,JPX,2026-06-30
company_exact,ビューティカダンホールディングス,ビューティカダンホールディングス,high,JPX,2026-06-30
company_exact,セキュアヴェイル,セキュアヴェイル,high,JPX,2026-06-30
company_exact,カワサキ,カワサキ,high,JPX,2026-06-30
company_exact,ジンズホールディングス,ジンズホールディングス,high,JPX,2026-06-30
company_exact,ビックカメラ,ビックカメラ,high,JPX,2026-06-30
company_exact,フォルシア,フォルシア,high,JPX,2026-06-30
company_exact,ＤＣＭホールディングス,dcmホールディングス,high,JPX,2026-06-30
company_exact,ペッパーフードサービス,ペッパーフードサービス,high,JPX,2026-06-30
company_exact,ハイパー,ハイパー,high,JPX,2026-06-30
company_exact,三洋堂ホールディングス,三洋堂ホールディングス,high,JPX,2026-06-30
company_exact,ヒラキ,ヒラキ,high,JPX,2026-06-30
company_exact,ダブルツリー,ダブルツリー,high,JPX,2026-06-30
company_exact,ジェイグループホールディングス,ジェイグループホールディングス,high,JPX,2026-06-30
company_exact,ＭｏｎｏｔａＲＯ,monotaro,high,JPX,2026-06-30
company_exact,ライフフーズ,ライフフーズ,high,JPX,2026-06-30
company_exact,東京一番フーズ,東京一番フーズ,high,JPX,2026-06-30
company_exact,ＷＤＩ,wdi,high,JPX,2026-06-30
company_exact,ＪＦＬＡホールディングス,jflaホールディングス,high,JPX,2026-06-30
company_exact,ジェリービーンズグループ,ジェリービーンズグループ,high,JPX,2026-06-30
company_exact,ストリーム,ストリーム,high,JPX,2026-06-30
company_exact,銚子丸,銚子丸,high,JPX,2026-06-30
company_exact,あい　ホールディングス,あいホールディングス,high,JPX,2026-06-30
company_exact,ホリイフードサービス,ホリイフードサービス,high,JPX,2026-06-30
company_exact,ディーブイエックス,ディーブイエックス,high,JPX,2026-06-30
company_exact,ハウジング・スタッフ,ハウジングスタッフ,high,JPX,2026-06-30
company_exact,ジェーソン,ジェーソン,high,JPX,2026-06-30
company_exact,きちりホールディングス,きちりホールディングス,high,JPX,2026-06-30
company_exact,スターシーズ,スターシーズ,high,JPX,2026-06-30
company_exact,Ｊ．フロント　リテイリング,j.フロントリテイリング,high,JPX,2026-06-30
company_exact,ドトール・日レスホールディングス,ドトール日レスホールディングス,high,JPX,2026-06-30
company_exact,マツキヨココカラ＆カンパニー,マツキヨココカラ&カンパニー,high,JPX,2026-06-30
company_exact,テクノアルファ,テクノアルファ,high,JPX,2026-06-30
company_exact,ぽすとめいとホールディングス,ぽすとめいとホールディングス,high,JPX,2026-06-30
company_exact,ブロンコビリー,ブロンコビリー,high,JPX,2026-06-30
company_exact,ＺＯＺＯ,zozo,high,JPX,2026-06-30
company_exact,トレジャー・ファクトリー,トレジャーファクトリー,high,JPX,2026-06-30
company_exact,オーシャンシステム,オーシャンシステム,high,JPX,2026-06-30
company_exact,物語コーポレーション,物語コーポレーション,high,JPX,2026-06-30
company_exact,三越伊勢丹ホールディングス,三越伊勢丹ホールディングス,high,JPX,2026-06-30
company_exact,コスモス調剤,コスモス調剤,high,JPX,2026-06-30
company_exact,東洋紡,東洋紡,high,JPX,2026-06-30
company_exact,ユニチカ,ユニチカ,high,JPX,2026-06-30
company_exact,富士紡ホールディングス,富士紡ホールディングス,high,JPX,2026-06-30
company_exact,日清紡ホールディングス,日清紡ホールディングス,high,JPX,2026-06-30
company_exact,倉敷紡績,倉敷紡績,high,JPX,2026-06-30
company_exact,ダイワボウホールディングス,ダイワボウホールディングス,high,JPX,2026-06-30
company_exact,シキボウ,シキボウ,high,JPX,2026-06-30
company_exact,サーティーフォー,サーティーフォー,high,JPX,2026-06-30
company_exact,日東紡績,日東紡績,high,JPX,2026-06-30
company_exact,オーミケンシ,オーミケンシ,high,JPX,2026-06-30
company_exact,ＵＮＩＶＡ・Ｏａｋホールディングス,univaoakホールディングス,high,JPX,2026-06-30
company_exact,トヨタ紡織,トヨタ紡織,high,JPX,2026-06-30
company_exact,ＮＰＴ,npt,high,JPX,2026-06-30
company_exact,マーチャント・バンカーズ,マーチャントバンカーズ,high,JPX,2026-06-30
company_exact,サイボー,サイボー,high,JPX,2026-06-30
company_exact,シンコーホールディングス,シンコーホールディングス,high,JPX,2026-06-30
company_exact,シンデン・ハイテックス,シンデンハイテックス,high,JPX,2026-06-30
company_exact,マクニカホールディングス,マクニカホールディングス,high,JPX,2026-06-30
company_exact,海帆,海帆,high,JPX,2026-06-30
company_exact,Ｈａｍｅｅ,hamee,high,JPX,2026-06-30
company_exact,マーケットエンタープライズ,マーケットエンタープライズ,high,JPX,2026-06-30
company_exact,ファンデリー,ファンデリー,high,JPX,2026-06-30
company_exact,富士山マガジンサービス,富士山マガジンサービス,high,JPX,2026-06-30
company_exact,ラクト・ジャパン,ラクトジャパン,high,JPX,2026-06-30
company_exact,ＢＲＵＮＯ,bruno,high,JPX,2026-06-30
company_exact,オーウイル,オーウイル,high,JPX,2026-06-30
company_exact,クリエイトＳＤホールディングス,クリエイトsdホールディングス,high,JPX,2026-06-30
company_exact,グリムス,グリムス,high,JPX,2026-06-30
company_exact,バイタルケーエスケー・ホールディングス,バイタルケーエスケーホールディングス,high,JPX,2026-06-30
company_exact,八洲電機,八洲電機,high,JPX,2026-06-30
company_exact,メディアスホールディングス,メディアスホールディングス,high,JPX,2026-06-30
company_exact,レスター,レスター,high,JPX,2026-06-30
company_exact,ジオリーブグループ,ジオリーブグループ,high,JPX,2026-06-30
company_exact,丸善ＣＨＩホールディングス,丸善chiホールディングス,high,JPX,2026-06-30
company_exact,大光,大光,high,JPX,2026-06-30
company_exact,アゼアス,アゼアス,high,JPX,2026-06-30
company_exact,ＯＣＨＩホールディングス,ochiホールディングス,high,JPX,2026-06-30
company_exact,ＴＯＫＡＩホールディングス,tokaiホールディングス,high,JPX,2026-06-30
company_exact,ＭＥＲＦ,merf,high,JPX,2026-06-30
company_exact,ミサワ,ミサワ,high,JPX,2026-06-30
company_exact,ティーライフ,ティーライフ,high,JPX,2026-06-30
company_exact,Ｃｏｍｉｎｉｘ,cominix,high,JPX,2026-06-30
company_exact,ハピネス・アンド・ディ,ハピネスアンドディ,high,JPX,2026-06-30
company_exact,エー・ピーホールディングス,エーピーホールディングス,high,JPX,2026-06-30
company_exact,三洋貿易,三洋貿易,high,JPX,2026-06-30
company_exact,ありがとうサービス,ありがとうサービス,high,JPX,2026-06-30
company_exact,チムニー,チムニー,high,JPX,2026-06-30
company_exact,シュッピン,シュッピン,high,JPX,2026-06-30
company_exact,エス・エム・エス・データテック,エスエムエスデータテック,high,JPX,2026-06-30
company_exact,ビューティガレージ,ビューティガレージ,high,JPX,2026-06-30
company_exact,買取王国,買取王国,high,JPX,2026-06-30
company_exact,オイシックス・ラ・大地,オイシックスラ大地,high,JPX,2026-06-30
company_exact,ウイン・パートナーズ,ウインパートナーズ,high,JPX,2026-06-30
company_exact,ＩＣＤＡホールディングス,icdaホールディングス,high,JPX,2026-06-30
company_exact,夢展望,夢展望,high,JPX,2026-06-30
company_exact,ネクステージ,ネクステージ,high,JPX,2026-06-30
company_exact,ミラタップ,ミラタップ,high,JPX,2026-06-30
company_exact,ＡＮＡＰホールディングス,anapホールディングス,high,JPX,2026-06-30
company_exact,ホットマン,ホットマン,high,JPX,2026-06-30
company_exact,ジョイフル本田,ジョイフル本田,high,JPX,2026-06-30
company_exact,白鳩,白鳩,high,JPX,2026-06-30
company_exact,エターナルホスピタリティグループ,エターナルホスピタリティグループ,high,JPX,2026-06-30
company_exact,ジェネレーションパス,ジェネレーションパス,high,JPX,2026-06-30
company_exact,ホットランドホールディングス,ホットランドホールディングス,high,JPX,2026-06-30
company_exact,すかいらーくホールディングス,すかいらーくホールディングス,high,JPX,2026-06-30
company_exact,綿半ホールディングス,綿半ホールディングス,high,JPX,2026-06-30
company_exact,技術承継機構,技術承継機構,high,JPX,2026-06-30
company_exact,日本毛織,日本毛織,high,JPX,2026-06-30
company_exact,ダイトウボウ,ダイトウボウ,high,JPX,2026-06-30
company_exact,トーア紡コーポレーション,トーア紡コーポレーション,high,JPX,2026-06-30
company_exact,ダイドーリミテッド,ダイドーリミテッド,high,JPX,2026-06-30
company_exact,Ｄ＆Ｉ,d&i,high,JPX,2026-06-30
company_exact,ヒューマンステージホールディングス,ヒューマンステージホールディングス,high,JPX,2026-06-30
company_exact,ヨシックスホールディングス,ヨシックスホールディングス,high,JPX,2026-06-30
company_exact,ユナイテッド・スーパーマーケット・ホールディングス,ユナイテッドスーパーマーケットホールディングス,high,JPX,2026-06-30
company_exact,エスエルディー,エスエルディー,high,JPX,2026-06-30
company_exact,ゼネラル・オイスター,ゼネラルオイスター,high,JPX,2026-06-30
company_exact,ヒメジ理化,ヒメジ理化,high,JPX,2026-06-30
company_exact,野村不動産ホールディングス,野村不動産ホールディングス,high,JPX,2026-06-30
company_exact,三重交通グループホールディングス,三重交通グループホールディングス,high,JPX,2026-06-30
company_exact,プロパスト,プロパスト,high,JPX,2026-06-30
company_exact,イントランス,イントランス,high,JPX,2026-06-30
company_exact,セントラル総合開発,セントラル総合開発,high,JPX,2026-06-30
company_exact,フライヤー,フライヤー,high,JPX,2026-06-30
company_exact,ウィル,ウィル,high,JPX,2026-06-30
company_exact,アーバネットコーポレーション,アーバネットコーポレーション,high,JPX,2026-06-30
company_exact,ディア・ライフ,ディアライフ,high,JPX,2026-06-30
company_exact,コーセーアールイー,コーセーアールイー,high,JPX,2026-06-30
company_exact,アールエイジ,アールエイジ,high,JPX,2026-06-30
company_exact,ブッキングリゾート,ブッキングリゾート,high,JPX,2026-06-30
company_exact,地主,地主,high,JPX,2026-06-30
company_exact,ＴＥＮＴＩＡＬ,tential,high,JPX,2026-06-30
company_exact,グランディーズ,グランディーズ,high,JPX,2026-06-30
company_exact,ファンドクリエーショングループ,ファンドクリエーショングループ,high,JPX,2026-06-30
company_exact,フィル・カンパニー,フィルカンパニー,high,JPX,2026-06-30
company_exact,ａｅｒｏ　ｌａｂ　ｉｎｔｅｒｎａｔｉｏｎａｌ,aerolabinternational,high,JPX,2026-06-30
company_exact,ＴＨＥグローバル社,theグローバル社,high,JPX,2026-06-30
company_exact,ＪＰＭＣ,jpmc,high,JPX,2026-06-30
company_exact,サンセイランディック,サンセイランディック,high,JPX,2026-06-30
company_exact,エストラスト,エストラスト,high,JPX,2026-06-30
company_exact,フージャースホールディングス,フージャースホールディングス,high,JPX,2026-06-30
company_exact,トラストホールディングス,トラストホールディングス,high,JPX,2026-06-30
company_exact,オープンハウスグループ,オープンハウスグループ,high,JPX,2026-06-30
company_exact,東急不動産ホールディングス,東急不動産ホールディングス,high,JPX,2026-06-30
company_exact,飯田グループホールディングス,飯田グループホールディングス,high,JPX,2026-06-30
company_exact,アズマハウス,アズマハウス,high,JPX,2026-06-30
company_exact,東武住販,東武住販,high,JPX,2026-06-30
company_exact,ムゲンエステート,ムゲンエステート,high,JPX,2026-06-30
company_exact,ジールアソシエイツ,ジールアソシエイツ,high,JPX,2026-06-30
company_exact,アンビション　ＤＸ　ホールディングス,アンビションdxホールディングス,high,JPX,2026-06-30
company_exact,帝国繊維,帝国繊維,high,JPX,2026-06-30
company_exact,日本製麻,日本製麻,high,JPX,2026-06-30
company_exact,ＴａｌｅｎｔＸ,talentx,high,JPX,2026-06-30
company_exact,日本コークス工業,日本コークス工業,high,JPX,2026-06-30
company_exact,フライングガーデン,フライングガーデン,high,JPX,2026-06-30
company_exact,メディックス,メディックス,high,JPX,2026-06-30
company_exact,クロスプラス,クロスプラス,high,JPX,2026-06-30
company_exact,ミタチ産業,ミタチ産業,high,JPX,2026-06-30
company_exact,レカム,レカム,high,JPX,2026-06-30
company_exact,ランシステム,ランシステム,high,JPX,2026-06-30
company_exact,東和フードサービス,東和フードサービス,high,JPX,2026-06-30
company_exact,ミーク,ミーク,high,JPX,2026-06-30
company_exact,あさひ,あさひ,high,JPX,2026-06-30
company_exact,テクノスマイル,テクノスマイル,high,JPX,2026-06-30
company_exact,コスモス薬品,コスモス薬品,high,JPX,2026-06-30
company_exact,ビジュアル・プロセッシング・ジャパン,ビジュアルプロセッシングジャパン,high,JPX,2026-06-30
company_exact,メタプラネット,メタプラネット,high,JPX,2026-06-30
company_exact,バッファロー,バッファロー,high,JPX,2026-06-30
company_exact,メディカル一光グループ,メディカル一光グループ,high,JPX,2026-06-30
company_exact,クリヤマホールディングス,クリヤマホールディングス,high,JPX,2026-06-30
company_exact,Ｔｒａｉｌｈｅａｄ　Ｇｌｏｂａｌ　Ｈｏｌｄｉｎｇｓ,trailheadglobalholdings,high,JPX,2026-06-30
company_exact,ｃｏｔｔａ,cotta,high,JPX,2026-06-30
company_exact,ミライロ,ミライロ,high,JPX,2026-06-30
company_exact,シップヘルスケアホールディングス,シップヘルスケアホールディングス,high,JPX,2026-06-30
company_exact,トーエル,トーエル,high,JPX,2026-06-30
company_exact,ダイナミックマッププラットフォーム,ダイナミックマッププラットフォーム,high,JPX,2026-06-30
company_exact,フジタコーポレーション,フジタコーポレーション,high,JPX,2026-06-30
company_exact,ソフトクリエイトホールディングス,ソフトクリエイトホールディングス,high,JPX,2026-06-30
company_exact,関門海,関門海,high,JPX,2026-06-30
company_exact,内外テック,内外テック,high,JPX,2026-06-30
company_exact,ＺＯＡ,zoa,high,JPX,2026-06-30
company_exact,バイク王＆カンパニー,バイク王&カンパニー,high,JPX,2026-06-30
company_exact,セブン＆アイ・ホールディングス,セブン&アイホールディングス,high,JPX,2026-06-30
company_exact,コスモ・バイオ,コスモバイオ,high,JPX,2026-06-30
company_exact,クリエイト・レストランツ・ホールディングス,クリエイトレストランツホールディングス,high,JPX,2026-06-30
company_exact,明治電機工業,明治電機工業,high,JPX,2026-06-30
company_exact,ＺｅｎｍｕＴｅｃｈ,zenmutech,high,JPX,2026-06-30
company_exact,ツルハホールディングス,ツルハホールディングス,high,JPX,2026-06-30
company_exact,デリカフーズホールディングス,デリカフーズホールディングス,high,JPX,2026-06-30
company_exact,スターティアホールディングス,スターティアホールディングス,high,JPX,2026-06-30
company_exact,サンマルクホールディングス,サンマルクホールディングス,high,JPX,2026-06-30
company_exact,フェリシモ,フェリシモ,high,JPX,2026-06-30
company_exact,トリドールホールディングス,トリドールホールディングス,high,JPX,2026-06-30
company_exact,丸千代山岡家,丸千代山岡家,high,JPX,2026-06-30
company_exact,プログレス・テクノロジーズ　グループ,プログレステクノロジーズグループ,high,JPX,2026-06-30
company_exact,帝人,帝人,high,JPX,2026-06-30
company_exact,東レ,東レ,high,JPX,2026-06-30
company_exact,クラレ,クラレ,high,JPX,2026-06-30
company_exact,旭化成,旭化成,high,JPX,2026-06-30
company_exact,北紡,北紡,high,JPX,2026-06-30
company_exact,ジグザグ,ジグザグ,high,JPX,2026-06-30
company_exact,ＴＯＫＹＯ　ＢＡＳＥ,tokyobase,high,JPX,2026-06-30
company_exact,ピクスタ,ピクスタ,high,JPX,2026-06-30
company_exact,大木ヘルスケアホールディングス,大木ヘルスケアホールディングス,high,JPX,2026-06-30
company_exact,バルニバービ,バルニバービ,high,JPX,2026-06-30
company_exact,トヨコー,トヨコー,high,JPX,2026-06-30
company_exact,ケー・エフ・シー,ケーエフシー,high,JPX,2026-06-30
company_exact,稲葉製作所,稲葉製作所,high,JPX,2026-06-30
company_exact,Ｊ－ＭＡＸ,j-max,high,JPX,2026-06-30
company_exact,エスイー,エスイー,high,JPX,2026-06-30
company_exact,アトムリビンテック,アトムリビンテック,high,JPX,2026-06-30
company_exact,宮地エンジニアリンググループ,宮地エンジニアリンググループ,high,JPX,2026-06-30
company_exact,トーカロ,トーカロ,high,JPX,2026-06-30
company_exact,アルファＣｏ,アルファco,high,JPX,2026-06-30
company_exact,サンコーテクノ,サンコーテクノ,high,JPX,2026-06-30
company_exact,ＳＵＭＣＯ,sumco,high,JPX,2026-06-30
company_exact,特殊電極,特殊電極,high,JPX,2026-06-30
company_exact,三ツ知,三ツ知,high,JPX,2026-06-30
company_exact,ＩＡＣＥトラベル,iaceトラベル,high,JPX,2026-06-30
company_exact,日創グループ,日創グループ,high,JPX,2026-06-30
company_exact,山王,山王,high,JPX,2026-06-30
company_exact,川田テクノロジーズ,川田テクノロジーズ,high,JPX,2026-06-30
company_exact,菊池製作所,菊池製作所,high,JPX,2026-06-30
company_exact,ＲＳ　Ｔｅｃｈｎｏｌｏｇｉｅｓ,rstechnologies,high,JPX,2026-06-30
company_exact,ジェイテックコーポレーション,ジェイテックコーポレーション,high,JPX,2026-06-30
company_exact,信和,信和,high,JPX,2026-06-30
company_exact,清鋼材,清鋼材,high,JPX,2026-06-30
company_exact,テクノフレックス,テクノフレックス,high,JPX,2026-06-30
company_exact,サトウ産業,サトウ産業,high,JPX,2026-06-30
company_exact,ビーロット,ビーロット,high,JPX,2026-06-30
company_exact,ファーストブラザーズ,ファーストブラザーズ,high,JPX,2026-06-30
company_exact,Ａｎｄ　Ｄｏホールディングス,anddoホールディングス,high,JPX,2026-06-30
company_exact,パルマ,パルマ,high,JPX,2026-06-30
company_exact,ケイアイスター不動産,ケイアイスター不動産,high,JPX,2026-06-30
company_exact,アグレ都市デザイン,アグレ都市デザイン,high,JPX,2026-06-30
company_exact,デュアルタップ,デュアルタップ,high,JPX,2026-06-30
company_exact,Ｇ－ＦＡＣＴＯＲＹ,g-factory,high,JPX,2026-06-30
company_exact,グッドコムアセット,グッドコムアセット,high,JPX,2026-06-30
company_exact,フォーライフ,フォーライフ,high,JPX,2026-06-30
company_exact,ＴＫＰ,tkp,high,JPX,2026-06-30
company_exact,ＧＲＯＷＴＨ　ＰＯＷＥＲ,growthpower,high,JPX,2026-06-30
company_exact,ジェイ・エス・ビー,ジェイエスビー,high,JPX,2026-06-30
company_exact,ロードスターキャピタル,ロードスターキャピタル,high,JPX,2026-06-30
company_exact,翔栄,翔栄,high,JPX,2026-06-30
company_exact,イノベーションホールディングス,イノベーションホールディングス,high,JPX,2026-06-30
company_exact,グローバル・リンク・マネジメント,グローバルリンクマネジメント,high,JPX,2026-06-30
company_exact,フェイスネットワーク,フェイスネットワーク,high,JPX,2026-06-30
company_exact,アズ企画設計,アズ企画設計,high,JPX,2026-06-30
company_exact,ＧＡ　ｔｅｃｈｎｏｌｏｇｉｅｓ,gatechnologies,high,JPX,2026-06-30
company_exact,マリオン,マリオン,high,JPX,2026-06-30
company_exact,香陵住販,香陵住販,high,JPX,2026-06-30
company_exact,アズーム,アズーム,high,JPX,2026-06-30
company_exact,霞ヶ関キャピタル,霞ヶ関キャピタル,high,JPX,2026-06-30
company_exact,ＳＵＭＩＮＯＥ,suminoe,high,JPX,2026-06-30
company_exact,デジタルグリッド,デジタルグリッド,high,JPX,2026-06-30
company_exact,日本フエルト,日本フエルト,high,JPX,2026-06-30
company_exact,イチカワ,イチカワ,high,JPX,2026-06-30
company_exact,アクシスＩＴパートナーズ,アクシスitパートナーズ,high,JPX,2026-06-30
company_exact,テルマー湯ホールディングス,テルマー湯ホールディングス,high,JPX,2026-06-30
company_exact,日東製網,日東製網,high,JPX,2026-06-30
company_exact,アツギ,アツギ,high,JPX,2026-06-30
company_exact,ＬＯＩＶＥ,loive,high,JPX,2026-06-30
company_exact,アクサスホールディングス,アクサスホールディングス,high,JPX,2026-06-30
company_exact,昭栄薬品,昭栄薬品,high,JPX,2026-06-30
company_exact,ウイルプラスホールディングス,ウイルプラスホールディングス,high,JPX,2026-06-30
company_exact,ＪＭホールディングス,jmホールディングス,high,JPX,2026-06-30
company_exact,ベガコーポレーション,ベガコーポレーション,high,JPX,2026-06-30
company_exact,コメダホールディングス,コメダホールディングス,high,JPX,2026-06-30
company_exact,サツドラホールディングス,サツドラホールディングス,high,JPX,2026-06-30
company_exact,ユニシアホールディングス,ユニシアホールディングス,high,JPX,2026-06-30
company_exact,バロックジャパンリミテッド,バロックジャパンリミテッド,high,JPX,2026-06-30
company_exact,クスリのアオキホールディングス,クスリのアオキホールディングス,high,JPX,2026-06-30
company_exact,スタジオアタオ,スタジオアタオ,high,JPX,2026-06-30
company_exact,ダイニック,ダイニック,high,JPX,2026-06-30
company_exact,共和レザー,共和レザー,high,JPX,2026-06-30
company_exact,リネットジャパングループ,リネットジャパングループ,high,JPX,2026-06-30
company_exact,ユナイテッド＆コレクティブ,ユナイテッド&コレクティブ,high,JPX,2026-06-30
company_exact,ジェイドグループ,ジェイドグループ,high,JPX,2026-06-30
company_exact,ピーバンドットコム,ピーバンドットコム,high,JPX,2026-06-30
company_exact,ナウビレッジ,ナウビレッジ,high,JPX,2026-06-30
company_exact,ほぼ日,ほぼ日,high,JPX,2026-06-30
company_exact,力の源ホールディングス,力の源ホールディングス,high,JPX,2026-06-30
company_exact,Ｎｏ．１,no.1,high,JPX,2026-06-30
company_exact,ＦＯＯＤ　＆　ＬＩＦＥ　ＣＯＭＰＡＮＩＥＳ,food&lifecompanies,high,JPX,2026-06-30
company_exact,アセンテック,アセンテック,high,JPX,2026-06-30
company_exact,ユニフォームネクスト,ユニフォームネクスト,high,JPX,2026-06-30
company_exact,セーレン,セーレン,high,JPX,2026-06-30
company_exact,ソトー,ソトー,high,JPX,2026-06-30
company_exact,東海染工,東海染工,high,JPX,2026-06-30
company_exact,エフアンドエフ,エフアンドエフ,high,JPX,2026-06-30
company_exact,小松マテーレ,小松マテーレ,high,JPX,2026-06-30
company_exact,オーベクス,オーベクス,high,JPX,2026-06-30
company_exact,ゼン・ランド,ゼンランド,high,JPX,2026-06-30
company_exact,ワコールホールディングス,ワコールホールディングス,high,JPX,2026-06-30
company_exact,自重堂,自重堂,high,JPX,2026-06-30
company_exact,山喜,山喜,high,JPX,2026-06-30
company_exact,ＮＥＸＴ　ＳＴＡＧＥ,nextstage,high,JPX,2026-06-30
company_exact,フジックス,フジックス,high,JPX,2026-06-30
company_exact,クラウディアホールディングス,クラウディアホールディングス,high,JPX,2026-06-30
company_exact,ＴＳＩホールディングス,tsiホールディングス,high,JPX,2026-06-30
company_exact,マツオカコーポレーション,マツオカコーポレーション,high,JPX,2026-06-30
company_exact,ワールド,ワールド,high,JPX,2026-06-30
company_exact,リビングハウス,リビングハウス,high,JPX,2026-06-30
company_exact,ネットイヤーグループ,ネットイヤーグループ,high,JPX,2026-06-30
company_exact,ビリングシステム,ビリングシステム,high,JPX,2026-06-30
company_exact,アクセルマーク,アクセルマーク,high,JPX,2026-06-30
company_exact,テックファームホールディングス,テックファームホールディングス,high,JPX,2026-06-30
company_exact,ＴＩＳ,tis,high,JPX,2026-06-30
company_exact,テクミラホールディングス,テクミラホールディングス,high,JPX,2026-06-30
company_exact,データホライゾン,データホライゾン,high,JPX,2026-06-30
company_exact,エクシオホールディングス,エクシオホールディングス,high,JPX,2026-06-30
company_exact,グリーホールディングス,グリーホールディングス,high,JPX,2026-06-30
company_exact,ＧＭＯペパボ,gmoペパボ,high,JPX,2026-06-30
company_exact,ソケッツ,ソケッツ,high,JPX,2026-06-30
company_exact,コーエーテクモホールディングス,コーエーテクモホールディングス,high,JPX,2026-06-30
company_exact,三菱総合研究所,三菱総合研究所,high,JPX,2026-06-30
company_exact,ボルテージ,ボルテージ,high,JPX,2026-06-30
company_exact,電算,電算,high,JPX,2026-06-30
company_exact,パピレス,パピレス,high,JPX,2026-06-30
company_exact,メディカルネット,メディカルネット,high,JPX,2026-06-30
company_exact,駅探,駅探,high,JPX,2026-06-30
company_exact,アスリナ,アスリナ,high,JPX,2026-06-30
company_exact,ＡＧＳ,ags,high,JPX,2026-06-30
company_exact,ファインデックス,ファインデックス,high,JPX,2026-06-30
company_exact,ディジタルメディアプロフェッショナル,ディジタルメディアプロフェッショナル,high,JPX,2026-06-30
company_exact,モルフォ,モルフォ,high,JPX,2026-06-30
company_exact,ＫＬａｂ,klab,high,JPX,2026-06-30
company_exact,ポールトゥウィンホールディングス,ポールトゥウィンホールディングス,high,JPX,2026-06-30
company_exact,ネクソン,ネクソン,high,JPX,2026-06-30
company_exact,伊澤タオル,伊澤タオル,high,JPX,2026-06-30
company_exact,アイスタイル,アイスタイル,high,JPX,2026-06-30
company_exact,エムアップホールディングス,エムアップホールディングス,high,JPX,2026-06-30
company_exact,エイチームホールディングス,エイチームホールディングス,high,JPX,2026-06-30
company_exact,セルシス,セルシス,high,JPX,2026-06-30
company_exact,ＷＩＺＥ,wize,high,JPX,2026-06-30
company_exact,エニグモ,エニグモ,high,JPX,2026-06-30
company_exact,ｅｎｉｓｈ,enish,high,JPX,2026-06-30
company_exact,コロプラ,コロプラ,high,JPX,2026-06-30
company_exact,ウェルネス・コミュニケーションズ,ウェルネスコミュニケーションズ,high,JPX,2026-06-30
company_exact,協立情報通信,協立情報通信,high,JPX,2026-06-30
company_exact,ソフトマックス,ソフトマックス,high,JPX,2026-06-30
company_exact,オルトプラス,オルトプラス,high,JPX,2026-06-30
company_exact,ブロードリーフ,ブロードリーフ,high,JPX,2026-06-30
company_exact,オークファン,オークファン,high,JPX,2026-06-30
company_exact,クロス・マーケティンググループ,クロスマーケティンググループ,high,JPX,2026-06-30
company_exact,デジタルハーツホールディングス,デジタルハーツホールディングス,high,JPX,2026-06-30
company_exact,メディアドゥ,メディアドゥ,high,JPX,2026-06-30
company_exact,じげん,じげん,high,JPX,2026-06-30
company_exact,プリモグローバルホールディングス,プリモグローバルホールディングス,high,JPX,2026-06-30
company_exact,ホットリンク,ホットリンク,high,JPX,2026-06-30
company_exact,ブイキューブ,ブイキューブ,high,JPX,2026-06-30
company_exact,エンカレッジ・テクノロジ,エンカレッジテクノロジ,high,JPX,2026-06-30
company_exact,サイバーリンクス,サイバーリンクス,high,JPX,2026-06-30
company_exact,ディー・エル・イー,ディーエルイー,high,JPX,2026-06-30
company_exact,フィックスターズ,フィックスターズ,high,JPX,2026-06-30
company_exact,北里コーポレーション,北里コーポレーション,high,JPX,2026-06-30
company_exact,イルグルム,イルグルム,high,JPX,2026-06-30
company_exact,デジタルプラス,デジタルプラス,high,JPX,2026-06-30
company_exact,ＦＦＲＩセキュリティ,ffriセキュリティ,high,JPX,2026-06-30
company_exact,オプティム,オプティム,high,JPX,2026-06-30
company_exact,ＧＭＯプロダクトプラットフォーム,gmoプロダクトプラットフォーム,high,JPX,2026-06-30
company_exact,セレス,セレス,high,JPX,2026-06-30
company_exact,ＳＨＩＦＴ,shift,high,JPX,2026-06-30
company_exact,ＣＲＩ・ミドルウェア,criミドルウェア,high,JPX,2026-06-30
company_exact,エータイ,エータイ,high,JPX,2026-06-30
company_exact,特種東海製紙,特種東海製紙,high,JPX,2026-06-30
company_exact,リバイブル,リバイブル,high,JPX,2026-06-30
company_exact,ジョルダン,ジョルダン,high,JPX,2026-06-30
company_exact,情報企画,情報企画,high,JPX,2026-06-30
company_exact,ＡＩストーム,aiストーム,high,JPX,2026-06-30
company_exact,デージーネット,デージーネット,high,JPX,2026-06-30
company_exact,日本ファルコム,日本ファルコム,high,JPX,2026-06-30
company_exact,フォーシーズＨＤ,フォーシーズhd,high,JPX,2026-06-30
company_exact,アプリックス,アプリックス,high,JPX,2026-06-30
company_exact,レント,レント,high,JPX,2026-06-30
company_exact,ソフトウェア・サービス,ソフトウェアサービス,high,JPX,2026-06-30
company_exact,リップス,リップス,high,JPX,2026-06-30
company_exact,セック,セック,high,JPX,2026-06-30
company_exact,サイオス,サイオス,high,JPX,2026-06-30
company_exact,インタートレード,インタートレード,high,JPX,2026-06-30
company_exact,樋口総合研究所,樋口総合研究所,high,JPX,2026-06-30
company_exact,ＡＤＲ１２０Ｓ,adr120s,high,JPX,2026-06-30
company_exact,フライトソリューションズ,フライトソリューションズ,high,JPX,2026-06-30
company_exact,アエリア,アエリア,high,JPX,2026-06-30
company_exact,ＹＡＫホールディングス,yakホールディングス,high,JPX,2026-06-30
company_exact,ケイブ,ケイブ,high,JPX,2026-06-30
company_exact,テクマトリックス,テクマトリックス,high,JPX,2026-06-30
company_exact,プロシップ,プロシップ,high,JPX,2026-06-30
company_exact,ガンホー・オンライン・エンターテイメント,ガンホーオンラインエンターテイメント,high,JPX,2026-06-30
company_exact,システムズ・デザイン,システムズデザイン,high,JPX,2026-06-30
company_exact,リスクモンスター,リスクモンスター,high,JPX,2026-06-30
company_exact,ＧＭＯペイメントゲートウェイ,gmoペイメントゲートウェイ,high,JPX,2026-06-30
company_exact,システムリサーチ,システムリサーチ,high,JPX,2026-06-30
company_exact,ウェルス・マネジメント,ウェルスマネジメント,high,JPX,2026-06-30
company_exact,アドバンスト・メディア,アドバンストメディア,high,JPX,2026-06-30
company_exact,インターネットイニシアティブ,インターネットイニシアティブ,high,JPX,2026-06-30
company_exact,ブロードバンドタワー,ブロードバンドタワー,high,JPX,2026-06-30
company_exact,環境フレンドリーホールディングス,環境フレンドリーホールディングス,high,JPX,2026-06-30
company_exact,さくらインターネット,さくらインターネット,high,JPX,2026-06-30
company_exact,ジェイ・エスコムホールディングス,ジェイエスコムホールディングス,high,JPX,2026-06-30
company_exact,テクノマセマティカル,テクノマセマティカル,high,JPX,2026-06-30
company_exact,ＧＭＯグローバルサイン・ホールディングス,gmoグローバルサインホールディングス,high,JPX,2026-06-30
company_exact,ヒット,ヒット,high,JPX,2026-06-30
company_exact,ＩＧポート,igポート,high,JPX,2026-06-30
company_exact,ドリコム,ドリコム,high,JPX,2026-06-30
company_exact,いい生活,いい生活,high,JPX,2026-06-30
company_exact,ＵＬＳグループ,ulsグループ,high,JPX,2026-06-30
company_exact,キーウェアソリューションズ,キーウェアソリューションズ,high,JPX,2026-06-30
company_exact,ユニリタ,ユニリタ,high,JPX,2026-06-30
company_exact,エコミック,エコミック,high,JPX,2026-06-30
company_exact,イメージ情報開発,イメージ情報開発,high,JPX,2026-06-30
company_exact,システム　ディ,システムディ,high,JPX,2026-06-30
company_exact,フィスコ,フィスコ,high,JPX,2026-06-30
company_exact,サイバーステップホールディングス,サイバーステップホールディングス,high,JPX,2026-06-30
company_exact,メディア工房,メディア工房,high,JPX,2026-06-30
company_exact,大和コンピューター,大和コンピューター,high,JPX,2026-06-30
company_exact,ＳＲＡホールディングス,sraホールディングス,high,JPX,2026-06-30
company_exact,ＴＨＥ　ＷＨＹ　ＨＯＷ　ＤＯ　ＣＯＭＰＡＮＹ,thewhyhowdocompany,high,JPX,2026-06-30
company_exact,リミックスポイント,リミックスポイント,high,JPX,2026-06-30
company_exact,システムインテグレータ,システムインテグレータ,high,JPX,2026-06-30
company_exact,朝日ネット,朝日ネット,high,JPX,2026-06-30
company_exact,ｅＢＡＳＥ,ebase,high,JPX,2026-06-30
company_exact,アバントグループ,アバントグループ,high,JPX,2026-06-30
company_exact,アドソル日進,アドソル日進,high,JPX,2026-06-30
company_exact,ＯＤＫソリューションズ,odkソリューションズ,high,JPX,2026-06-30
company_exact,パス,パス,high,JPX,2026-06-30
company_exact,ジーダット,ジーダット,high,JPX,2026-06-30
company_exact,ネクストジェン,ネクストジェン,high,JPX,2026-06-30
company_exact,フリービット,フリービット,high,JPX,2026-06-30
company_exact,コムチュア,コムチュア,high,JPX,2026-06-30
company_exact,アイフリークモバイル,アイフリークモバイル,high,JPX,2026-06-30
company_exact,データ・アプリケーション,データアプリケーション,high,JPX,2026-06-30
company_exact,エヌ・ティ・ティ・データ・イントラマート,エヌティティデータイントラマート,high,JPX,2026-06-30
company_exact,日本一ソフトウェア,日本一ソフトウェア,high,JPX,2026-06-30
company_exact,アステリア,アステリア,high,JPX,2026-06-30
company_exact,アイル,アイル,high,JPX,2026-06-30
company_exact,Ａｂａｌａｎｃｅ,abalance,high,JPX,2026-06-30
company_exact,ユビキタスＡＩ,ユビキタスai,high,JPX,2026-06-30
company_exact,山本通産,山本通産,high,JPX,2026-06-30
company_exact,王子ホールディングス,王子ホールディングス,high,JPX,2026-06-30
company_exact,日本製紙,日本製紙,high,JPX,2026-06-30
company_exact,三菱製紙,三菱製紙,high,JPX,2026-06-30
company_exact,北越コーポレーション,北越コーポレーション,high,JPX,2026-06-30
company_exact,みのや,みのや,high,JPX,2026-06-30
company_exact,中越パルプ工業,中越パルプ工業,high,JPX,2026-06-30
company_exact,巴川コーポレーション,巴川コーポレーション,high,JPX,2026-06-30
company_exact,フラー,フラー,high,JPX,2026-06-30
company_exact,大王製紙,大王製紙,high,JPX,2026-06-30
company_exact,ニッポン高度紙工業,ニッポン高度紙工業,high,JPX,2026-06-30
company_exact,岡山製紙,岡山製紙,high,JPX,2026-06-30
company_exact,ハビックス,ハビックス,high,JPX,2026-06-30
company_exact,阿波製紙,阿波製紙,high,JPX,2026-06-30
company_exact,八光オートメーション,八光オートメーション,high,JPX,2026-06-30
company_exact,クラウドワークス,クラウドワークス,high,JPX,2026-06-30
company_exact,マークラインズ,マークラインズ,high,JPX,2026-06-30
company_exact,ｇｕｍｉ,gumi,high,JPX,2026-06-30
company_exact,カヤック,カヤック,high,JPX,2026-06-30
company_exact,データセクション,データセクション,high,JPX,2026-06-30
company_exact,シリコンスタジオ,シリコンスタジオ,high,JPX,2026-06-30
company_exact,コラボス,コラボス,high,JPX,2026-06-30
company_exact,ショーケース,ショーケース,high,JPX,2026-06-30
company_exact,エムケイシステム,エムケイシステム,high,JPX,2026-06-30
company_exact,Ａｉｍｉｎｇ,aiming,high,JPX,2026-06-30
company_exact,モバイルファクトリー,モバイルファクトリー,high,JPX,2026-06-30
company_exact,ＧｒｅｅｎＢｅｅ,greenbee,high,JPX,2026-06-30
company_exact,ＪＩＧ－ＳＡＷ,jig-saw,high,JPX,2026-06-30
company_exact,テラスカイ,テラスカイ,high,JPX,2026-06-30
company_exact,デジタル・インフォメーション・テクノロジー,デジタルインフォメーションテクノロジー,high,JPX,2026-06-30
company_exact,アイリッジ,アイリッジ,high,JPX,2026-06-30
company_exact,ＰＣＩホールディングス,pciホールディングス,high,JPX,2026-06-30
company_exact,アイビーシー,アイビーシー,high,JPX,2026-06-30
company_exact,ネオジャパン,ネオジャパン,high,JPX,2026-06-30
company_exact,ＰＲ　ＴＩＭＥＳ,prtimes,high,JPX,2026-06-30
company_exact,ラクス,ラクス,high,JPX,2026-06-30
company_exact,ダブルスタンダード,ダブルスタンダード,high,JPX,2026-06-30
company_exact,オープンドア,オープンドア,high,JPX,2026-06-30
company_exact,フーバーブレイン,フーバーブレイン,high,JPX,2026-06-30
company_exact,マイネット,マイネット,high,JPX,2026-06-30
company_exact,ソーシャルワイヤー,ソーシャルワイヤー,high,JPX,2026-06-30
company_exact,はてな,はてな,high,JPX,2026-06-30
company_exact,バリューゴルフ,バリューゴルフ,high,JPX,2026-06-30
company_exact,アカツキ,アカツキ,high,JPX,2026-06-30
company_exact,チエル,チエル,high,JPX,2026-06-30
company_exact,ベネフィットジャパン,ベネフィットジャパン,high,JPX,2026-06-30
company_exact,エディア,エディア,high,JPX,2026-06-30
company_exact,グローバルウェイ,グローバルウェイ,high,JPX,2026-06-30
company_exact,Ｕｂｉｃｏｍホールディングス,ubicomホールディングス,high,JPX,2026-06-30
company_exact,カナミックネットワーク,カナミックネットワーク,high,JPX,2026-06-30
company_exact,ＲｉｔａＸ,ritax,high,JPX,2026-06-30
company_exact,ノムラシステムコーポレーション,ノムラシステムコーポレーション,high,JPX,2026-06-30
company_exact,レンゴー,レンゴー,high,JPX,2026-06-30
company_exact,大石産業,大石産業,high,JPX,2026-06-30
company_exact,古林紙工,古林紙工,high,JPX,2026-06-30
company_exact,スーパーバッグ,スーパーバッグ,high,JPX,2026-06-30
company_exact,トーモク,トーモク,high,JPX,2026-06-30
company_exact,ダイナパック,ダイナパック,high,JPX,2026-06-30
company_exact,光ビジネスフォーム,光ビジネスフォーム,high,JPX,2026-06-30
company_exact,ザ・パック,ザパック,high,JPX,2026-06-30
company_exact,朝日印刷,朝日印刷,high,JPX,2026-06-30
company_exact,大村紙業,大村紙業,high,JPX,2026-06-30
company_exact,昭和パックス,昭和パックス,high,JPX,2026-06-30
company_exact,イムラ,イムラ,high,JPX,2026-06-30
company_exact,笹徳印刷,笹徳印刷,high,JPX,2026-06-30
company_exact,チェンジホールディングス,チェンジホールディングス,high,JPX,2026-06-30
company_exact,シンクロ・フード,シンクロフード,high,JPX,2026-06-30
company_exact,オークネット,オークネット,high,JPX,2026-06-30
company_exact,キャピタル・アセット・プランニング,キャピタルアセットプランニング,high,JPX,2026-06-30
company_exact,エルテス,エルテス,high,JPX,2026-06-30
company_exact,セグエグループ,セグエグループ,high,JPX,2026-06-30
company_exact,エイトレッド,エイトレッド,high,JPX,2026-06-30
company_exact,イノベーション,イノベーション,high,JPX,2026-06-30
company_exact,ＳＣＡＴ,scat,high,JPX,2026-06-30
company_exact,シャノン,シャノン,high,JPX,2026-06-30
company_exact,うるる,うるる,high,JPX,2026-06-30
company_exact,ビーグリー,ビーグリー,high,JPX,2026-06-30
company_exact,オロ,オロ,high,JPX,2026-06-30
company_exact,ユーザーローカル,ユーザーローカル,high,JPX,2026-06-30
company_exact,テモナ,テモナ,high,JPX,2026-06-30
company_exact,ビーブレイクシステムズ,ビーブレイクシステムズ,high,JPX,2026-06-30
company_exact,エコモット,エコモット,high,JPX,2026-06-30
company_exact,ＳＹＳホールディングス,sysホールディングス,high,JPX,2026-06-30
company_exact,シェアリングテクノロジー,シェアリングテクノロジー,high,JPX,2026-06-30
company_exact,リアルクオリティ,リアルクオリティ,high,JPX,2026-06-30
company_exact,ウォンテッドリー,ウォンテッドリー,high,JPX,2026-06-30
company_exact,ニーズウェル,ニーズウェル,high,JPX,2026-06-30
company_exact,ＰＫＳＨＡ　Ｔｅｃｈｎｏｌｏｇｙ,pkshatechnology,high,JPX,2026-06-30
company_exact,マネーフォワード,マネーフォワード,high,JPX,2026-06-30
company_exact,サインポスト,サインポスト,high,JPX,2026-06-30
company_exact,トレードワークス,トレードワークス,high,JPX,2026-06-30
company_exact,すららネット,すららネット,high,JPX,2026-06-30
company_exact,レゾナック・ホールディングス,レゾナックホールディングス,high,JPX,2026-06-30
company_exact,住友化学,住友化学,high,JPX,2026-06-30
company_exact,住友精化,住友精化,high,JPX,2026-06-30
company_exact,ヘッドウォータース,ヘッドウォータース,high,JPX,2026-06-30
company_exact,アクシス,アクシス,high,JPX,2026-06-30
company_exact,勤次郎,勤次郎,high,JPX,2026-06-30
company_exact,カラダノート,カラダノート,high,JPX,2026-06-30
company_exact,ペイクラウドホールディングス,ペイクラウドホールディングス,high,JPX,2026-06-30
company_exact,ＭＩＴホールディングス,mitホールディングス,high,JPX,2026-06-30
company_exact,クリーマ,クリーマ,high,JPX,2026-06-30
company_exact,スタメン,スタメン,high,JPX,2026-06-30
company_exact,ビートレンド,ビートレンド,high,JPX,2026-06-30
company_exact,日産化学,日産化学,high,JPX,2026-06-30
company_exact,ラサ工業,ラサ工業,high,JPX,2026-06-30
company_exact,クレハ,クレハ,high,JPX,2026-06-30
company_exact,多木化学,多木化学,high,JPX,2026-06-30
company_exact,神島化学工業,神島化学工業,high,JPX,2026-06-30
company_exact,テイカ,テイカ,high,JPX,2026-06-30
company_exact,石原産業,石原産業,high,JPX,2026-06-30
company_exact,アクセルスペースホールディングス,アクセルスペースホールディングス,high,JPX,2026-06-30
company_exact,片倉コープアグリ,片倉コープアグリ,high,JPX,2026-06-30
company_exact,北條組,北條組,high,JPX,2026-06-30
company_exact,南海化学,南海化学,high,JPX,2026-06-30
company_exact,日本曹達,日本曹達,high,JPX,2026-06-30
company_exact,東ソー,東ソー,high,JPX,2026-06-30
company_exact,トクヤマ,トクヤマ,high,JPX,2026-06-30
company_exact,セントラル硝子,セントラル硝子,high,JPX,2026-06-30
company_exact,東亞合成,東亞合成,high,JPX,2026-06-30
company_exact,大阪ソーダ,大阪ソーダ,high,JPX,2026-06-30
company_exact,関東電化工業,関東電化工業,high,JPX,2026-06-30
company_exact,ＧＭＯフィナンシャルゲート,gmoフィナンシャルゲート,high,JPX,2026-06-30
company_exact,フィーチャ,フィーチャ,high,JPX,2026-06-30
company_exact,Ｓｕｎ　Ａｓｔｅｒｉｓｋ,sunasterisk,high,JPX,2026-06-30
company_exact,日本情報クリエイト,日本情報クリエイト,high,JPX,2026-06-30
company_exact,ティアンドエスグループ,ティアンドエスグループ,high,JPX,2026-06-30
company_exact,ニューラルグループ,ニューラルグループ,high,JPX,2026-06-30
company_exact,インターファクトリー,インターファクトリー,high,JPX,2026-06-30
company_exact,トヨクモ,トヨクモ,high,JPX,2026-06-30
company_exact,まぐまぐ,まぐまぐ,high,JPX,2026-06-30
company_exact,コヤマ・ミライエ,コヤマミライエ,high,JPX,2026-06-30
company_exact,ｒａｋｕｍｏ,rakumo,high,JPX,2026-06-30
company_exact,デンカ,デンカ,high,JPX,2026-06-30
company_exact,イビデン,イビデン,high,JPX,2026-06-30
company_exact,信越化学工業,信越化学工業,high,JPX,2026-06-30
company_exact,日本カーバイド工業,日本カーバイド工業,high,JPX,2026-06-30
company_exact,ベイシス,ベイシス,high,JPX,2026-06-30
company_exact,ＢｌｕｅＭｅｍｅ,bluememe,high,JPX,2026-06-30
company_exact,環境のミカタホールディングス,環境のミカタホールディングス,high,JPX,2026-06-30
company_exact,プラスアルファ・コンサルティング,プラスアルファコンサルティング,high,JPX,2026-06-30
company_exact,電算システムホールディングス,電算システムホールディングス,high,JPX,2026-06-30
company_exact,ジィ・シィ企画,ジィシィ企画,high,JPX,2026-06-30
company_exact,ラキール,ラキール,high,JPX,2026-06-30
company_exact,ブレインズテクノロジー,ブレインズテクノロジー,high,JPX,2026-06-30
company_exact,シイエヌエス,シイエヌエス,high,JPX,2026-06-30
company_exact,堺化学工業,堺化学工業,high,JPX,2026-06-30
company_exact,ＵＮＩＣＯＮホールディングス,uniconホールディングス,high,JPX,2026-06-30
company_exact,第一稀元素化学工業,第一稀元素化学工業,high,JPX,2026-06-30
company_exact,エア・ウォーター,エアウォーター,high,JPX,2026-06-30
company_exact,日本酸素ホールディングス,日本酸素ホールディングス,high,JPX,2026-06-30
company_exact,日本化学工業,日本化学工業,high,JPX,2026-06-30
company_exact,東邦アセチレン,東邦アセチレン,high,JPX,2026-06-30
company_exact,日本化学産業,日本化学産業,high,JPX,2026-06-30
company_exact,日本パーカライジング,日本パーカライジング,high,JPX,2026-06-30
company_exact,高圧ガス工業,高圧ガス工業,high,JPX,2026-06-30
company_exact,チタン工業,チタン工業,high,JPX,2026-06-30
company_exact,四国化成ホールディングス,四国化成ホールディングス,high,JPX,2026-06-30
company_exact,オリオンビール,オリオンビール,high,JPX,2026-06-30
company_exact,戸田工業,戸田工業,high,JPX,2026-06-30
company_exact,丸尾カルシウム,丸尾カルシウム,high,JPX,2026-06-30
company_exact,伊勢化学工業,伊勢化学工業,high,JPX,2026-06-30
company_exact,ステラ　ケミファ,ステラケミファ,high,JPX,2026-06-30
company_exact,ＧＭＯコマース,gmoコマース,high,JPX,2026-06-30
company_exact,保土谷化学工業,保土谷化学工業,high,JPX,2026-06-30
company_exact,田岡化学工業,田岡化学工業,high,JPX,2026-06-30
company_exact,日本触媒,日本触媒,high,JPX,2026-06-30
company_exact,大日精化工業,大日精化工業,high,JPX,2026-06-30
company_exact,カネカ,カネカ,high,JPX,2026-06-30
company_exact,日本ピグメントホールディングス,日本ピグメントホールディングス,high,JPX,2026-06-30
company_exact,日本マリタイムバンク,日本マリタイムバンク,high,JPX,2026-06-30
company_exact,スガイ化学工業,スガイ化学工業,high,JPX,2026-06-30
company_exact,大阪油化工業,大阪油化工業,high,JPX,2026-06-30
company_exact,三和油化工業,三和油化工業,high,JPX,2026-06-30
company_exact,オーバーラップホールディングス,オーバーラップホールディングス,high,JPX,2026-06-30
company_exact,協和キリン,協和キリン,high,JPX,2026-06-30
company_exact,ＧＭＯ　ＴＥＣＨホールディングス,gmotechホールディングス,high,JPX,2026-06-30
company_exact,プレイド,プレイド,high,JPX,2026-06-30
company_exact,かっこ,かっこ,high,JPX,2026-06-30
company_exact,ココペリ,ココペリ,high,JPX,2026-06-30
company_exact,ヤプリ,ヤプリ,high,JPX,2026-06-30
company_exact,ＥＮＥＣＨＡＮＧＥ,enechange,high,JPX,2026-06-30
company_exact,富士ユナイトホールディングス,富士ユナイトホールディングス,high,JPX,2026-06-30
company_exact,Ｋａｉｚｅｎ　Ｐｌａｔｆｏｒｍ,kaizenplatform,high,JPX,2026-06-30
company_exact,グローバルインフォメーション,グローバルインフォメーション,high,JPX,2026-06-30
company_exact,Ｈｉクラテス,hiクラテス,high,JPX,2026-06-30
company_exact,アピリッツ,アピリッツ,high,JPX,2026-06-30
company_exact,ｃｏｌｙ,coly,high,JPX,2026-06-30
company_exact,ココナラ,ココナラ,high,JPX,2026-06-30
company_exact,ｉ‐ｐｌｕｇ,i‐plug,high,JPX,2026-06-30
company_exact,Ｓｈａｒｉｎｇ　Ｉｎｎｏｖａｔｉｏｎｓ,sharinginnovations,high,JPX,2026-06-30
company_exact,ジーネクスト,ジーネクスト,high,JPX,2026-06-30
company_exact,ブルーゾーンホールディングス,ブルーゾーンホールディングス,high,JPX,2026-06-30
company_exact,Ａｐｐｉｅｒ　Ｇｒｏｕｐ,appiergroup,high,JPX,2026-06-30
company_exact,三菱瓦斯化学,三菱瓦斯化学,high,JPX,2026-06-30
company_exact,三井化学,三井化学,high,JPX,2026-06-30
company_exact,東京応化工業,東京応化工業,high,JPX,2026-06-30
company_exact,大阪有機化学工業,大阪有機化学工業,high,JPX,2026-06-30
company_exact,三菱ケミカルグループ,三菱ケミカルグループ,high,JPX,2026-06-30
company_exact,ＫＨネオケム,khネオケム,high,JPX,2026-06-30
company_exact,スパイダープラス,スパイダープラス,high,JPX,2026-06-30
company_exact,ファブリカホールディングス,ファブリカホールディングス,high,JPX,2026-06-30
company_exact,ビジョナル,ビジョナル,high,JPX,2026-06-30
company_exact,ネオマーケティング,ネオマーケティング,high,JPX,2026-06-30
company_exact,アスマーク,アスマーク,high,JPX,2026-06-30
company_exact,テンダ,テンダ,high,JPX,2026-06-30
company_exact,ワンダープラネット,ワンダープラネット,high,JPX,2026-06-30
company_exact,ラングローブ,ラングローブ,high,JPX,2026-06-30
company_exact,ダイセル,ダイセル,high,JPX,2026-06-30
company_exact,住友ベークライト,住友ベークライト,high,JPX,2026-06-30
company_exact,積水化学工業,積水化学工業,high,JPX,2026-06-30
company_exact,日本ゼオン,日本ゼオン,high,JPX,2026-06-30
company_exact,アイカ工業,アイカ工業,high,JPX,2026-06-30
company_exact,ＵＢＥ,ube,high,JPX,2026-06-30
company_exact,積水樹脂,積水樹脂,high,JPX,2026-06-30
company_exact,旭有機材,旭有機材,high,JPX,2026-06-30
company_exact,ニチバン,ニチバン,high,JPX,2026-06-30
company_exact,ムービン・ストラテジック・キャリア,ムービンストラテジックキャリア,high,JPX,2026-06-30
company_exact,リケンテクノス,リケンテクノス,high,JPX,2026-06-30
company_exact,大倉工業,大倉工業,high,JPX,2026-06-30
company_exact,児玉化学工業,児玉化学工業,high,JPX,2026-06-30
company_exact,ロンシール工業,ロンシール工業,high,JPX,2026-06-30
company_exact,積水化成品工業,積水化成品工業,high,JPX,2026-06-30
company_exact,群栄化学工業,群栄化学工業,high,JPX,2026-06-30
company_exact,ｔａｎｅ　ＣＲＥＡＴＩＶＥ,tanecreative,high,JPX,2026-06-30
company_exact,タイガースポリマー,タイガースポリマー,high,JPX,2026-06-30
company_exact,サンエー化研,サンエー化研,high,JPX,2026-06-30
company_exact,ウルトラファブリックス・ホールディングス,ウルトラファブリックスホールディングス,high,JPX,2026-06-30
company_exact,フジプレアム,フジプレアム,high,JPX,2026-06-30
company_exact,ミライアル,ミライアル,high,JPX,2026-06-30
company_exact,ライオン事務器,ライオン事務器,high,JPX,2026-06-30
company_exact,クラスターテクノロジー,クラスターテクノロジー,high,JPX,2026-06-30
company_exact,アテクト,アテクト,high,JPX,2026-06-30
company_exact,タカギセイコー,タカギセイコー,high,JPX,2026-06-30
company_exact,ニックス,ニックス,high,JPX,2026-06-30
company_exact,ダイキアクシス,ダイキアクシス,high,JPX,2026-06-30
company_exact,ダイキョーニシカワ,ダイキョーニシカワ,high,JPX,2026-06-30
company_exact,ポバール興業,ポバール興業,high,JPX,2026-06-30
company_exact,竹本容器,竹本容器,high,JPX,2026-06-30
company_exact,森六,森六,high,JPX,2026-06-30
company_exact,恵和,恵和,high,JPX,2026-06-30
company_exact,ＴＨＥＣＯＯ,thecoo,high,JPX,2026-06-30
company_exact,サインド,サインド,high,JPX,2026-06-30
company_exact,網屋,網屋,high,JPX,2026-06-30
company_exact,エクサウィザーズ,エクサウィザーズ,high,JPX,2026-06-30
company_exact,ハイブリッドテクノロジーズ,ハイブリッドテクノロジーズ,high,JPX,2026-06-30
company_exact,アジアクエスト,アジアクエスト,high,JPX,2026-06-30
company_exact,ニフティライフスタイル,ニフティライフスタイル,high,JPX,2026-06-30
company_exact,サスメド,サスメド,high,JPX,2026-06-30
company_exact,セキュア,セキュア,high,JPX,2026-06-30
company_exact,Ｉｎｓｔｉｔｕｔｉｏｎ　ｆｏｒ　ａ　Ｇｌｏｂａｌ　Ｓｏｃｉｅｔｙ,institutionforaglobalsociety,high,JPX,2026-06-30
company_exact,ＢｅｅＸ,beex,high,JPX,2026-06-30
company_exact,日本化薬,日本化薬,high,JPX,2026-06-30
company_exact,細谷火工,細谷火工,high,JPX,2026-06-30
company_exact,カーリット,カーリット,high,JPX,2026-06-30
company_exact,ソルクシーズ,ソルクシーズ,high,JPX,2026-06-30
company_exact,ＣＬホールディングス,clホールディングス,high,JPX,2026-06-30
company_exact,ジャストプランニング,ジャストプランニング,high,JPX,2026-06-30
company_exact,アズジェント,アズジェント,high,JPX,2026-06-30
company_exact,サイプレス・ホールディングス,サイプレスホールディングス,high,JPX,2026-06-30
company_exact,プレステージ・インターナショナル,プレステージインターナショナル,high,JPX,2026-06-30
company_exact,セプテーニ・ホールディングス,セプテーニホールディングス,high,JPX,2026-06-30
company_exact,ハイマックス,ハイマックス,high,JPX,2026-06-30
company_exact,テクセンドフォトマスク,テクセンドフォトマスク,high,JPX,2026-06-30
company_exact,アミューズ,アミューズ,high,JPX,2026-06-30
company_exact,野村総合研究所,野村総合研究所,high,JPX,2026-06-30
company_exact,Ｊストリーム,jストリーム,high,JPX,2026-06-30
company_exact,ネクストハンズ,ネクストハンズ,high,JPX,2026-06-30
company_exact,ドリームインキュベータ,ドリームインキュベータ,high,JPX,2026-06-30
company_exact,ビーマップ,ビーマップ,high,JPX,2026-06-30
company_exact,レイ,レイ,high,JPX,2026-06-30
company_exact,クイック,クイック,high,JPX,2026-06-30
company_exact,ユーソナー,ユーソナー,high,JPX,2026-06-30
company_exact,ＣＥホールディングス,ceホールディングス,high,JPX,2026-06-30
company_exact,日本システム技術,日本システム技術,high,JPX,2026-06-30
company_exact,電通グループ,電通グループ,high,JPX,2026-06-30
company_exact,インテージホールディングス,インテージホールディングス,high,JPX,2026-06-30
company_exact,クリニファー,クリニファー,high,JPX,2026-06-30
company_exact,テイクアンドギヴ・ニーズ,テイクアンドギヴニーズ,high,JPX,2026-06-30
company_exact,ユークス,ユークス,high,JPX,2026-06-30
company_exact,ＩＰＳホールディングス,ipsホールディングス,high,JPX,2026-06-30
company_exact,ぴあ,ぴあ,high,JPX,2026-06-30
company_exact,ＭＪＥ,mje,high,JPX,2026-06-30
company_exact,西菱電機,西菱電機,high,JPX,2026-06-30
company_exact,イオンファンタジー,イオンファンタジー,high,JPX,2026-06-30
company_exact,ソースネクスト,ソースネクスト,high,JPX,2026-06-30
company_exact,シーティーエス,シーティーエス,high,JPX,2026-06-30
company_exact,ＮＥＸＹＺ．Ｇｒｏｕｐ,nexyz.group,high,JPX,2026-06-30
company_exact,ブロードメディア,ブロードメディア,high,JPX,2026-06-30
company_exact,ＬＯＯＰＬＡＣＥ,looplace,high,JPX,2026-06-30
company_exact,メディカルシステムネットワーク,メディカルシステムネットワーク,high,JPX,2026-06-30
company_exact,山田再生系債権回収総合事務所,山田再生系債権回収総合事務所,high,JPX,2026-06-30
company_exact,応用技術,応用技術,high,JPX,2026-06-30
company_exact,マナック・ケミカル・パートナーズ,マナックケミカルパートナーズ,high,JPX,2026-06-30
company_exact,川口化学工業,川口化学工業,high,JPX,2026-06-30
company_exact,日本精化,日本精化,high,JPX,2026-06-30
company_exact,松本油脂製薬,松本油脂製薬,high,JPX,2026-06-30
company_exact,ダイトーケミックス,ダイトーケミックス,high,JPX,2026-06-30
company_exact,広栄化学,広栄化学,high,JPX,2026-06-30
company_exact,扶桑化学工業,扶桑化学工業,high,JPX,2026-06-30
company_exact,トリケミカル研究所,トリケミカル研究所,high,JPX,2026-06-30
company_exact,サイバーソリューションズ,サイバーソリューションズ,high,JPX,2026-06-30
company_exact,モビルス,モビルス,high,JPX,2026-06-30
company_exact,コアコンセプト・テクノロジー,コアコンセプトテクノロジー,high,JPX,2026-06-30
company_exact,ユミルリンク,ユミルリンク,high,JPX,2026-06-30
company_exact,シンプレクス・ホールディングス,シンプレクスホールディングス,high,JPX,2026-06-30
company_exact,ＲＯＢＯＴ　ＰＡＹＭＥＮＴ,robotpayment,high,JPX,2026-06-30
company_exact,セーフィー,セーフィー,high,JPX,2026-06-30
company_exact,くふうカンパニーホールディングス,くふうカンパニーホールディングス,high,JPX,2026-06-30
company_exact,ワンキャリア,ワンキャリア,high,JPX,2026-06-30
company_exact,ＣＩＮＣ,cinc,high,JPX,2026-06-30
company_exact,Ｐｈｏｔｏｓｙｎｔｈ,photosynth,high,JPX,2026-06-30
company_exact,ジェイウェイブ,ジェイウェイブ,high,JPX,2026-06-30
company_exact,Ｍマート,mマート,high,JPX,2026-06-30
company_exact,ビープラッツ,ビープラッツ,high,JPX,2026-06-30
company_exact,ＨＥＲＯＺ,heroz,high,JPX,2026-06-30
company_exact,メルカリ,メルカリ,high,JPX,2026-06-30
company_exact,ＳＩＧグループ,sigグループ,high,JPX,2026-06-30
company_exact,ＺＵＵ,zuu,high,JPX,2026-06-30
company_exact,エーアイ,エーアイ,high,JPX,2026-06-30
company_exact,プロパティデータバンク,プロパティデータバンク,high,JPX,2026-06-30
company_exact,インフキュリオン,インフキュリオン,high,JPX,2026-06-30
company_exact,ＩＰＳ,ips,high,JPX,2026-06-30
company_exact,ロジザード,ロジザード,high,JPX,2026-06-30
company_exact,ＦＩＧ,fig,high,JPX,2026-06-30
company_exact,バンク・オブ・イノベーション,バンクオブイノベーション,high,JPX,2026-06-30
company_exact,エクスモーション,エクスモーション,high,JPX,2026-06-30
company_exact,アクリート,アクリート,high,JPX,2026-06-30
company_exact,システムサポートホールディングス,システムサポートホールディングス,high,JPX,2026-06-30
company_exact,チームスピリット,チームスピリット,high,JPX,2026-06-30
company_exact,ブロードバンドセキュリティ,ブロードバンドセキュリティ,high,JPX,2026-06-30
company_exact,アクトビ,アクトビ,high,JPX,2026-06-30
company_exact,ＡＤＥＫＡ,adeka,high,JPX,2026-06-30
company_exact,日油,日油,high,JPX,2026-06-30
company_exact,ミヨシ油脂,ミヨシ油脂,high,JPX,2026-06-30
company_exact,新日本理化,新日本理化,high,JPX,2026-06-30
company_exact,東邦化学工業,東邦化学工業,high,JPX,2026-06-30
company_exact,ハリマ化成グループ,ハリマ化成グループ,high,JPX,2026-06-30
company_exact,サイエンスアーツ,サイエンスアーツ,high,JPX,2026-06-30
company_exact,ボードルア,ボードルア,high,JPX,2026-06-30
company_exact,フレクト,フレクト,high,JPX,2026-06-30
company_exact,ブロードエンタープライズ,ブロードエンタープライズ,high,JPX,2026-06-30
company_exact,Ｔｒｕｅ　Ｄａｔａ,truedata,high,JPX,2026-06-30
company_exact,グローバルセキュリティエキスパート,グローバルセキュリティエキスパート,high,JPX,2026-06-30
company_exact,ＪＤＳＣ,jdsc,high,JPX,2026-06-30
company_exact,Ｆｉｎａｔｅｘｔホールディングス,finatextホールディングス,high,JPX,2026-06-30
company_exact,ＮＥ,ne,high,JPX,2026-06-30
company_exact,イーソル,イーソル,high,JPX,2026-06-30
company_exact,ディ・アイ・システム,ディアイシステム,high,JPX,2026-06-30
company_exact,ＶＡＬＵＥＮＥＸ,valuenex,high,JPX,2026-06-30
company_exact,Ａｍａｚｉａ,amazia,high,JPX,2026-06-30
company_exact,Ｋｕｄａｎ,kudan,high,JPX,2026-06-30
company_exact,パスロジ,パスロジ,high,JPX,2026-06-30
company_exact,ＥｄｕＬａｂ,edulab,high,JPX,2026-06-30
company_exact,シノプス,シノプス,high,JPX,2026-06-30
company_exact,リックソフト,リックソフト,high,JPX,2026-06-30
company_exact,クラシコ,クラシコ,high,JPX,2026-06-30
company_exact,東海ソフト,東海ソフト,high,JPX,2026-06-30
company_exact,スマレジ,スマレジ,high,JPX,2026-06-30
company_exact,ウイングアーク１ｓｔ,ウイングアーク1st,high,JPX,2026-06-30
company_exact,ヒト・コミュニケーションズ・ホールディングス,ヒトコミュニケーションズホールディングス,high,JPX,2026-06-30
company_exact,サーバーワークス,サーバーワークス,high,JPX,2026-06-30
company_exact,ミンカブ・ジ・インフォノイド,ミンカブジインフォノイド,high,JPX,2026-06-30
company_exact,ｇｏｏｄｄａｙｓホールディングス,gooddaysホールディングス,high,JPX,2026-06-30
company_exact,Ｗｅｌｂｙ,welby,high,JPX,2026-06-30
company_exact,東名,東名,high,JPX,2026-06-30
company_exact,ヴィッツ,ヴィッツ,high,JPX,2026-06-30
company_exact,トビラシステムズ,トビラシステムズ,high,JPX,2026-06-30
company_exact,バルテス・ホールディングス,バルテスホールディングス,high,JPX,2026-06-30
company_exact,Ｓａｎｓａｎ,sansan,high,JPX,2026-06-30
company_exact,インフォネット,インフォネット,high,JPX,2026-06-30
company_exact,リビン・テクノロジーズ,リビンテクノロジーズ,high,JPX,2026-06-30
company_exact,Ｌｉｎｋ－Ｕグループ,link-uグループ,high,JPX,2026-06-30
company_exact,ピー・ビーシステムズ,ピービーシステムズ,high,JPX,2026-06-30
company_exact,ｋｕｂｅｌｌ,kubell,high,JPX,2026-06-30
company_exact,アイテル,アイテル,high,JPX,2026-06-30
company_exact,パワーソリューションズ,パワーソリューションズ,high,JPX,2026-06-30
company_exact,花王,花王,high,JPX,2026-06-30
company_exact,東洋コーポレーション,東洋コーポレーション,high,JPX,2026-06-30
company_exact,第一工業製薬,第一工業製薬,high,JPX,2026-06-30
company_exact,石原ケミカル,石原ケミカル,high,JPX,2026-06-30
company_exact,日華化学,日華化学,high,JPX,2026-06-30
company_exact,ソフト９９コーポレーション,ソフト99コーポレーション,high,JPX,2026-06-30
company_exact,ニイタカ,ニイタカ,high,JPX,2026-06-30
company_exact,ノースサンド,ノースサンド,high,JPX,2026-06-30
company_exact,三洋化成工業,三洋化成工業,high,JPX,2026-06-30
company_exact,ＨＥＮＮＧＥ,hennge,high,JPX,2026-06-30
company_exact,ＡＩ　ＣＲＯＳＳ,aicross,high,JPX,2026-06-30
company_exact,ＢＡＳＥ,base,high,JPX,2026-06-30
company_exact,フリー,フリー,high,JPX,2026-06-30
company_exact,マクアケ,マクアケ,high,JPX,2026-06-30
company_exact,メドレー,メドレー,high,JPX,2026-06-30
company_exact,ベース,ベース,high,JPX,2026-06-30
company_exact,ウィルズ,ウィルズ,high,JPX,2026-06-30
company_exact,ＪＭＤＣ,jmdc,high,JPX,2026-06-30
company_exact,ランサーズ,ランサーズ,high,JPX,2026-06-30
company_exact,ユナイトアンドグロウ,ユナイトアンドグロウ,high,JPX,2026-06-30
company_exact,スペースマーケット,スペースマーケット,high,JPX,2026-06-30
company_exact,ＡＩ　ｉｎｓｉｄｅ,aiinside,high,JPX,2026-06-30
company_exact,ビザスク,ビザスク,high,JPX,2026-06-30
company_exact,コンピューターマネージメント,コンピューターマネージメント,high,JPX,2026-06-30
company_exact,ゼネテック,ゼネテック,high,JPX,2026-06-30
company_exact,サイバーセキュリティクラウド,サイバーセキュリティクラウド,high,JPX,2026-06-30
company_exact,アイキューブドシステムズ,アイキューブドシステムズ,high,JPX,2026-06-30
company_exact,コマースＯｎｅホールディングス,コマースoneホールディングス,high,JPX,2026-06-30
company_exact,サイバートラスト,サイバートラスト,high,JPX,2026-06-30
company_exact,Ｓｐｅｅｅ,speee,high,JPX,2026-06-30
company_exact,武田薬品工業,武田薬品工業,high,JPX,2026-06-30
company_exact,アステラス製薬,アステラス製薬,high,JPX,2026-06-30
company_exact,住友ファーマ,住友ファーマ,high,JPX,2026-06-30
company_exact,塩野義製薬,塩野義製薬,high,JPX,2026-06-30
company_exact,わかもと製薬,わかもと製薬,high,JPX,2026-06-30
company_exact,日本新薬,日本新薬,high,JPX,2026-06-30
company_exact,中外製薬,中外製薬,high,JPX,2026-06-30
company_exact,科研製薬,科研製薬,high,JPX,2026-06-30
company_exact,エーザイ,エーザイ,high,JPX,2026-06-30
company_exact,森下仁丹,森下仁丹,high,JPX,2026-06-30
company_exact,理研ビタミン,理研ビタミン,high,JPX,2026-06-30
company_exact,ロート製薬,ロート製薬,high,JPX,2026-06-30
company_exact,小野薬品工業,小野薬品工業,high,JPX,2026-06-30
company_exact,有機合成薬品工業,有機合成薬品工業,high,JPX,2026-06-30
company_exact,持田製薬,持田製薬,high,JPX,2026-06-30
company_exact,参天製薬,参天製薬,high,JPX,2026-06-30
company_exact,扶桑薬品工業,扶桑薬品工業,high,JPX,2026-06-30
company_exact,日本ケミファ,日本ケミファ,high,JPX,2026-06-30
company_exact,ツムラ,ツムラ,high,JPX,2026-06-30
company_exact,テルモ,テルモ,high,JPX,2026-06-30
company_exact,Ｈ．Ｕ．グループホールディングス,h.u.グループホールディングス,high,JPX,2026-06-30
company_exact,キッセイ薬品工業,キッセイ薬品工業,high,JPX,2026-06-30
company_exact,生化学工業,生化学工業,high,JPX,2026-06-30
company_exact,栄研化学,栄研化学,high,JPX,2026-06-30
company_exact,ＪＣＲファーマ,jcrファーマ,high,JPX,2026-06-30
company_exact,東和薬品,東和薬品,high,JPX,2026-06-30
company_exact,富士製薬工業,富士製薬工業,high,JPX,2026-06-30
company_exact,中京医薬品,中京医薬品,high,JPX,2026-06-30
company_exact,ゼリア新薬工業,ゼリア新薬工業,high,JPX,2026-06-30
company_exact,バリューソフトホールディングス,バリューソフトホールディングス,high,JPX,2026-06-30
company_exact,アンジェス,アンジェス,high,JPX,2026-06-30
company_exact,オンコセラピー・サイエンス,オンコセラピーサイエンス,high,JPX,2026-06-30
company_exact,ネクセラファーマ,ネクセラファーマ,high,JPX,2026-06-30
company_exact,第一三共,第一三共,high,JPX,2026-06-30
company_exact,杏林製薬,杏林製薬,high,JPX,2026-06-30
company_exact,ＨＵＭＡＮ　ＭＡＤＥ,humanmade,high,JPX,2026-06-30
company_exact,免疫生物研究所,免疫生物研究所,high,JPX,2026-06-30
company_exact,ＮＡＮＯホールディングス,nanoホールディングス,high,JPX,2026-06-30
company_exact,カルナバイオサイエンス,カルナバイオサイエンス,high,JPX,2026-06-30
company_exact,大幸薬品,大幸薬品,high,JPX,2026-06-30
company_exact,キャンバス,キャンバス,high,JPX,2026-06-30
company_exact,デ・ウエスタン・セラピテクス研究所,デウエスタンセラピテクス研究所,high,JPX,2026-06-30
company_exact,ダイト,ダイト,high,JPX,2026-06-30
company_exact,大塚ホールディングス,大塚ホールディングス,high,JPX,2026-06-30
company_exact,ラクオリア創薬,ラクオリア創薬,high,JPX,2026-06-30
company_exact,ルリアン,ルリアン,high,JPX,2026-06-30
company_exact,シンバイオ製薬,シンバイオ製薬,high,JPX,2026-06-30
company_exact,カイオム・バイオサイエンス,カイオムバイオサイエンス,high,JPX,2026-06-30
company_exact,キッズウェル・バイオ,キッズウェルバイオ,high,JPX,2026-06-30
company_exact,メドレックス,メドレックス,high,JPX,2026-06-30
company_exact,ペプチドリーム,ペプチドリーム,high,JPX,2026-06-30
company_exact,オンコリスバイオファーマ,オンコリスバイオファーマ,high,JPX,2026-06-30
company_exact,プラン・ドゥ,プランドゥ,high,JPX,2026-06-30
company_exact,リボミック,リボミック,high,JPX,2026-06-30
company_exact,サンバイオ,サンバイオ,high,JPX,2026-06-30
company_exact,ヘリオス,ヘリオス,high,JPX,2026-06-30
company_exact,ブライトパス・バイオ,ブライトパスバイオ,high,JPX,2026-06-30
company_exact,ミズホメディー,ミズホメディー,high,JPX,2026-06-30
company_exact,窪田製薬ホールディングス,窪田製薬ホールディングス,high,JPX,2026-06-30
company_exact,ソレイジア・ファーマ,ソレイジアファーマ,high,JPX,2026-06-30
company_exact,Ｄｅｌｔａ－Ｆｌｙ　Ｐｈａｒｍａ,delta-flypharma,high,JPX,2026-06-30
company_exact,ステムリム,ステムリム,high,JPX,2026-06-30
company_exact,ＢＲＡＮＵ,branu,high,JPX,2026-06-30
company_exact,大日本塗料,大日本塗料,high,JPX,2026-06-30
company_exact,日本ペイントホールディングス,日本ペイントホールディングス,high,JPX,2026-06-30
company_exact,関西ペイント,関西ペイント,high,JPX,2026-06-30
company_exact,神東塗料,神東塗料,high,JPX,2026-06-30
company_exact,川上塗料,川上塗料,high,JPX,2026-06-30
company_exact,中国塗料,中国塗料,high,JPX,2026-06-30
company_exact,日本特殊塗料,日本特殊塗料,high,JPX,2026-06-30
company_exact,藤倉化成,藤倉化成,high,JPX,2026-06-30
company_exact,アサヒペン,アサヒペン,high,JPX,2026-06-30
company_exact,イサム塗料,イサム塗料,high,JPX,2026-06-30
company_exact,アトミクス,アトミクス,high,JPX,2026-06-30
company_exact,太陽ホールディングス,太陽ホールディングス,high,JPX,2026-06-30
company_exact,ナトコ,ナトコ,high,JPX,2026-06-30
company_exact,エスケー化研,エスケー化研,high,JPX,2026-06-30
company_exact,大伸化学,大伸化学,high,JPX,2026-06-30
company_exact,ＦＵＮＤＩＮＮＯ,fundinno,high,JPX,2026-06-30
company_exact,ＤＩＣ,dic,high,JPX,2026-06-30
company_exact,サカタインクス,サカタインクス,high,JPX,2026-06-30
company_exact,ａｒｔｉｅｎｃｅ,artience,high,JPX,2026-06-30
company_exact,東京インキ,東京インキ,high,JPX,2026-06-30
company_exact,インテリックスホールディングス,インテリックスホールディングス,high,JPX,2026-06-30
company_exact,アルプス技研,アルプス技研,high,JPX,2026-06-30
company_exact,オリジナル設計,オリジナル設計,high,JPX,2026-06-30
company_exact,イマジニア,イマジニア,high,JPX,2026-06-30
company_exact,市進ホールディングス,市進ホールディングス,high,JPX,2026-06-30
company_exact,ＱＰＳホールディングス,qpsホールディングス,high,JPX,2026-06-30
company_exact,ＳＤエンターテイメント,sdエンターテイメント,high,JPX,2026-06-30
company_exact,サニックスホールディングス,サニックスホールディングス,high,JPX,2026-06-30
company_exact,環境管理センター,環境管理センター,high,JPX,2026-06-30
company_exact,日本空調サービス,日本空調サービス,high,JPX,2026-06-30
company_exact,オリエンタルランド,オリエンタルランド,high,JPX,2026-06-30
company_exact,フォーカスシステムズ,フォーカスシステムズ,high,JPX,2026-06-30
company_exact,アール・エス・シー,アールエスシー,high,JPX,2026-06-30
company_exact,ダスキン,ダスキン,high,JPX,2026-06-30
company_exact,パーク２４,パーク24,high,JPX,2026-06-30
company_exact,アイサンテクノロジー,アイサンテクノロジー,high,JPX,2026-06-30
company_exact,明光ネットワークジャパン,明光ネットワークジャパン,high,JPX,2026-06-30
company_exact,ファルコホールディングス,ファルコホールディングス,high,JPX,2026-06-30
company_exact,川崎地質,川崎地質,high,JPX,2026-06-30
company_exact,クレスコ,クレスコ,high,JPX,2026-06-30
company_exact,フジ・メディア・ホールディングス,フジメディアホールディングス,high,JPX,2026-06-30
company_exact,秀英予備校,秀英予備校,high,JPX,2026-06-30
company_exact,田谷,田谷,high,JPX,2026-06-30
company_exact,ラウンドワン,ラウンドワン,high,JPX,2026-06-30
company_exact,リゾートトラスト,リゾートトラスト,high,JPX,2026-06-30
company_exact,オービック,オービック,high,JPX,2026-06-30
company_exact,菱友システムズ,菱友システムズ,high,JPX,2026-06-30
company_exact,ジャストシステム,ジャストシステム,high,JPX,2026-06-30
company_exact,ＴＤＣソフト,tdcソフト,high,JPX,2026-06-30
company_exact,ＬＩＮＥヤフー,lineヤフー,high,JPX,2026-06-30
company_exact,ワシントンホテル,ワシントンホテル,high,JPX,2026-06-30
company_exact,ビー・エム・エル,ビーエムエル,high,JPX,2026-06-30
company_exact,フィットクルー,フィットクルー,high,JPX,2026-06-30
company_exact,トレンドマイクロ,トレンドマイクロ,high,JPX,2026-06-30
company_exact,クリップコーポレーション,クリップコーポレーション,high,JPX,2026-06-30
company_exact,キタック,キタック,high,JPX,2026-06-30
company_exact,ＩＤホールディングス,idホールディングス,high,JPX,2026-06-30
company_exact,ローカル,ローカル,high,JPX,2026-06-30
company_exact,ＫｅｙＨｏｌｄｅｒ,keyholder,high,JPX,2026-06-30
company_exact,リソー教育グループ,リソー教育グループ,high,JPX,2026-06-30
company_exact,日本オラクル,日本オラクル,high,JPX,2026-06-30
company_exact,早稲田アカデミー,早稲田アカデミー,high,JPX,2026-06-30
company_exact,アルファシステムズ,アルファシステムズ,high,JPX,2026-06-30
company_exact,ＮＳグループ,nsグループ,high,JPX,2026-06-30
company_exact,城南進学研究社,城南進学研究社,high,JPX,2026-06-30
company_exact,フューチャー,フューチャー,high,JPX,2026-06-30
company_exact,ＣＡＣ　Ｈｏｌｄｉｎｇｓ,cacholdings,high,JPX,2026-06-30
company_exact,トーセ,トーセ,high,JPX,2026-06-30
company_exact,ミラティブ,ミラティブ,high,JPX,2026-06-30
company_exact,ユー・エス・エス,ユーエスエス,high,JPX,2026-06-30
company_exact,オービックビジネスコンサルタント,オービックビジネスコンサルタント,high,JPX,2026-06-30
company_exact,京進,京進,high,JPX,2026-06-30
company_exact,日本ラッド,日本ラッド,high,JPX,2026-06-30
company_exact,アイティフォー,アイティフォー,high,JPX,2026-06-30
company_exact,東計電算,東計電算,high,JPX,2026-06-30
company_exact,ダイサン,ダイサン,high,JPX,2026-06-30
company_exact,サイバーエージェント,サイバーエージェント,high,JPX,2026-06-30
company_exact,昭和システムエンジニアリング,昭和システムエンジニアリング,high,JPX,2026-06-30
company_exact,トスネット,トスネット,high,JPX,2026-06-30
company_exact,楽天グループ,楽天グループ,high,JPX,2026-06-30
company_exact,ギミック,ギミック,high,JPX,2026-06-30
company_exact,アルファ,アルファ,high,JPX,2026-06-30
company_exact,さくらケーシーエス,さくらケーシーエス,high,JPX,2026-06-30
company_exact,エックスネット,エックスネット,high,JPX,2026-06-30
company_exact,クリーク・アンド・リバー社,クリークアンドリバー社,high,JPX,2026-06-30
company_exact,ＳＢＩグローバルアセットマネジメント,sbiグローバルアセットマネジメント,high,JPX,2026-06-30
company_exact,ピーエイ,ピーエイ,high,JPX,2026-06-30
company_exact,テー・オー・ダブリュー,テーオーダブリュー,high,JPX,2026-06-30
company_exact,大塚商会,大塚商会,high,JPX,2026-06-30
company_exact,ＩＣ,ic,high,JPX,2026-06-30
company_exact,辻・本郷ＩＴコンサルティング,辻本郷itコンサルティング,high,JPX,2026-06-30
company_exact,エフアンドエム,エフアンドエム,high,JPX,2026-06-30
company_exact,ＳＭ　ＥＮＴＥＲＴＡＩＮＭＥＮＴ　ＪＡＰＡＮ,smentertainmentjapan,high,JPX,2026-06-30
company_exact,サイボウズ,サイボウズ,high,JPX,2026-06-30
company_exact,ガーラ,ガーラ,high,JPX,2026-06-30
company_exact,スタートライン,スタートライン,high,JPX,2026-06-30
company_exact,ＮＣＤ,ncd,high,JPX,2026-06-30
company_exact,ＧＭＯインターネット,gmoインターネット,high,JPX,2026-06-30
company_exact,フツパー,フツパー,high,JPX,2026-06-30
company_exact,山田コンサルティンググループ,山田コンサルティンググループ,high,JPX,2026-06-30
company_exact,ＰＲＯＮＩ,proni,high,JPX,2026-06-30
company_exact,オリコン,オリコン,high,JPX,2026-06-30
company_exact,セントラルスポーツ,セントラルスポーツ,high,JPX,2026-06-30
company_exact,パラカ,パラカ,high,JPX,2026-06-30
company_exact,リブ・コンサルティング,リブコンサルティング,high,JPX,2026-06-30
company_exact,ドリーム・アーツ,ドリームアーツ,high,JPX,2026-06-30
company_exact,電通総研,電通総研,high,JPX,2026-06-30
company_exact,ＡＣＣＥＳＳ,access,high,JPX,2026-06-30
company_exact,ネクストウェア,ネクストウェア,high,JPX,2026-06-30
company_exact,東映アニメーション,東映アニメーション,high,JPX,2026-06-30
company_exact,デジタルガレージ,デジタルガレージ,high,JPX,2026-06-30
company_exact,ＪＳｅｃｕｒｉｔｙ,jsecurity,high,JPX,2026-06-30
company_exact,イーエムシステムズ,イーエムシステムズ,high,JPX,2026-06-30
company_exact,ウェザーニューズ,ウェザーニューズ,high,JPX,2026-06-30
company_exact,ＣＩＪ,cij,high,JPX,2026-06-30
company_exact,ビジネスエンジニアリング,ビジネスエンジニアリング,high,JPX,2026-06-30
company_exact,日本エンタープライズ,日本エンタープライズ,high,JPX,2026-06-30
company_exact,ＪＦＥシステムズ,jfeシステムズ,high,JPX,2026-06-30
company_exact,Ｄｅｆ　ｃｏｎｓｕｌｔｉｎｇ,defconsulting,high,JPX,2026-06-30
company_exact,スペースシャワーＳＫＩＹＡＫＩホールディングス,スペースシャワーskiyakiホールディングス,high,JPX,2026-06-30
company_exact,ＷＯＷＯＷ,wowow,high,JPX,2026-06-30
company_exact,テラテクノロジー,テラテクノロジー,high,JPX,2026-06-30
company_exact,トライアイズ,トライアイズ,high,JPX,2026-06-30
company_exact,スカラ,スカラ,high,JPX,2026-06-30
company_exact,インテリジェント　ウェイブ,インテリジェントウェイブ,high,JPX,2026-06-30
company_exact,フルキャストホールディングス,フルキャストホールディングス,high,JPX,2026-06-30
company_exact,エン,エン,high,JPX,2026-06-30
company_exact,ニューズドテック,ニューズドテック,high,JPX,2026-06-30
company_exact,パワーエックス,パワーエックス,high,JPX,2026-06-30
company_exact,メディシノバ・インク,メディシノバインク,high,JPX,2026-06-30
company_exact,セルソース,セルソース,high,JPX,2026-06-30
company_exact,ファンペップ,ファンペップ,high,JPX,2026-06-30
company_exact,ペルセウスプロテオミクス,ペルセウスプロテオミクス,high,JPX,2026-06-30
company_exact,モダリス,モダリス,high,JPX,2026-06-30
company_exact,クリングルファーマ,クリングルファーマ,high,JPX,2026-06-30
company_exact,室町ケミカル,室町ケミカル,high,JPX,2026-06-30
company_exact,あすか製薬ホールディングス,あすか製薬ホールディングス,high,JPX,2026-06-30
company_exact,サワイグループホールディングス,サワイグループホールディングス,high,JPX,2026-06-30
company_exact,ステラファーマ,ステラファーマ,high,JPX,2026-06-30
company_exact,レナサイエンス,レナサイエンス,high,JPX,2026-06-30
company_exact,坪田ラボ,坪田ラボ,high,JPX,2026-06-30
company_exact,ティムス,ティムス,high,JPX,2026-06-30
company_exact,サイフューズ,サイフューズ,high,JPX,2026-06-30
company_exact,ノイルイミューン・バイオテック,ノイルイミューンバイオテック,high,JPX,2026-06-30
company_exact,クオリプス,クオリプス,high,JPX,2026-06-30
company_exact,ケイファーマ,ケイファーマ,high,JPX,2026-06-30
company_exact,富士フイルムホールディングス,富士フイルムホールディングス,high,JPX,2026-06-30
company_exact,コニカミノルタ,コニカミノルタ,high,JPX,2026-06-30
company_exact,センス・トラスト,センストラスト,high,JPX,2026-06-30
company_exact,資生堂,資生堂,high,JPX,2026-06-30
company_exact,ライオン,ライオン,high,JPX,2026-06-30
company_exact,高砂香料工業,高砂香料工業,high,JPX,2026-06-30
company_exact,アイビー化粧品,アイビー化粧品,high,JPX,2026-06-30
company_exact,ミルボン,ミルボン,high,JPX,2026-06-30
company_exact,日本色材工業研究所,日本色材工業研究所,high,JPX,2026-06-30
company_exact,コーセーホールディングス,コーセーホールディングス,high,JPX,2026-06-30
company_exact,コタ,コタ,high,JPX,2026-06-30
company_exact,ハーバー研究所,ハーバー研究所,high,JPX,2026-06-30
company_exact,シーボン,シーボン,high,JPX,2026-06-30
company_exact,ポーラ・オルビスホールディングス,ポーラオルビスホールディングス,high,JPX,2026-06-30
company_exact,ノエビアホールディングス,ノエビアホールディングス,high,JPX,2026-06-30
company_exact,アジュバンホールディングス,アジュバンホールディングス,high,JPX,2026-06-30
company_exact,新日本製薬,新日本製薬,high,JPX,2026-06-30
company_exact,アルマード,アルマード,high,JPX,2026-06-30
company_exact,Ｉ－ｎｅ,i-ne,high,JPX,2026-06-30
company_exact,プレミアアンチエイジング,プレミアアンチエイジング,high,JPX,2026-06-30
company_exact,リベルタ,リベルタ,high,JPX,2026-06-30
company_exact,アクシージア,アクシージア,high,JPX,2026-06-30
company_exact,Ｗａｑｏｏ,waqoo,high,JPX,2026-06-30
company_exact,エステー,エステー,high,JPX,2026-06-30
company_exact,コニシ,コニシ,high,JPX,2026-06-30
company_exact,長谷川香料,長谷川香料,high,JPX,2026-06-30
company_exact,ケミプロ化成,ケミプロ化成,high,JPX,2026-06-30
company_exact,上村工業,上村工業,high,JPX,2026-06-30
company_exact,小林製薬,小林製薬,high,JPX,2026-06-30
company_exact,荒川化学工業,荒川化学工業,high,JPX,2026-06-30
company_exact,東洋合成工業,東洋合成工業,high,JPX,2026-06-30
company_exact,メック,メック,high,JPX,2026-06-30
company_exact,綜研化学,綜研化学,high,JPX,2026-06-30
company_exact,日本高純度化学,日本高純度化学,high,JPX,2026-06-30
company_exact,ＪＣＵ,jcu,high,JPX,2026-06-30
company_exact,東洋ドライルーブ,東洋ドライルーブ,high,JPX,2026-06-30
company_exact,新田ゼラチン,新田ゼラチン,high,JPX,2026-06-30
company_exact,リプロセル,リプロセル,high,JPX,2026-06-30
company_exact,ＯＡＴアグリオ,oatアグリオ,high,JPX,2026-06-30
company_exact,デクセリアルズ,デクセリアルズ,high,JPX,2026-06-30
company_exact,アース製薬,アース製薬,high,JPX,2026-06-30
company_exact,昭和化学工業,昭和化学工業,high,JPX,2026-06-30
company_exact,北興化学工業,北興化学工業,high,JPX,2026-06-30
company_exact,大成ラミックグループ,大成ラミックグループ,high,JPX,2026-06-30
company_exact,クミアイ化学工業,クミアイ化学工業,high,JPX,2026-06-30
company_exact,日本農薬,日本農薬,high,JPX,2026-06-30
company_exact,フマキラー,フマキラー,high,JPX,2026-06-30
company_exact,ＴＯブックス,toブックス,high,JPX,2026-06-30
company_exact,日本精蝋,日本精蝋,high,JPX,2026-06-30
company_exact,ニチレキグループ,ニチレキグループ,high,JPX,2026-06-30
company_exact,ユシロ,ユシロ,high,JPX,2026-06-30
company_exact,ビーピー・カストロール,ビーピーカストロール,high,JPX,2026-06-30
company_exact,ＪＸ金属,jx金属,high,JPX,2026-06-30
company_exact,ＭＯＲＥＳＣＯ,moresco,high,JPX,2026-06-30
company_exact,出光興産,出光興産,high,JPX,2026-06-30
company_exact,プレシャスパートナーズ,プレシャスパートナーズ,high,JPX,2026-06-30
company_exact,ＥＮＥＯＳホールディングス,eneosホールディングス,high,JPX,2026-06-30
company_exact,コスモエネルギーホールディングス,コスモエネルギーホールディングス,high,JPX,2026-06-30
company_exact,レボインターナショナル,レボインターナショナル,high,JPX,2026-06-30
company_exact,マーキュリー,マーキュリー,high,JPX,2026-06-30
company_exact,トリプルアイズ,トリプルアイズ,high,JPX,2026-06-30
company_exact,ＡｎｙＭｉｎｄ　Ｇｒｏｕｐ,anymindgroup,high,JPX,2026-06-30
company_exact,セカンドサイトアナリティカ,セカンドサイトアナリティカ,high,JPX,2026-06-30
company_exact,サークレイス,サークレイス,high,JPX,2026-06-30
company_exact,モイ,モイ,high,JPX,2026-06-30
company_exact,ＡＮＹＣＯＬＯＲ,anycolor,high,JPX,2026-06-30
company_exact,ヌーラボ,ヌーラボ,high,JPX,2026-06-30
company_exact,ｕｎｅｒｒｙ,unerry,high,JPX,2026-06-30
company_exact,ＨＯＵＳＥＩ,housei,high,JPX,2026-06-30
company_exact,日本ビジネスシステムズ,日本ビジネスシステムズ,high,JPX,2026-06-30
company_exact,フィットワークス,フィットワークス,high,JPX,2026-06-30
company_exact,ｅＷｅＬＬ,ewell,high,JPX,2026-06-30
company_exact,ベルチャイルド,ベルチャイルド,high,JPX,2026-06-30
company_exact,イノバセル,イノバセル,high,JPX,2026-06-30
company_exact,ギークリー,ギークリー,high,JPX,2026-06-30
company_exact,シンカナース,シンカナース,high,JPX,2026-06-30
company_exact,ヴィス,ヴィス,high,JPX,2026-06-30
company_exact,アートフォースジャパン,アートフォースジャパン,high,JPX,2026-06-30
company_exact,テスホールディングス,テスホールディングス,high,JPX,2026-06-30
company_exact,インフロニア・ホールディングス,インフロニアホールディングス,high,JPX,2026-06-30
company_exact,インフロニア・ホールディングス第１回社債型種類株式,インフロニアホールディングス第1回社債型種類株式,high,JPX,2026-06-30
company_exact,ハンズ,ハンズ,high,JPX,2026-06-30
company_exact,セレコーポレーション,セレコーポレーション,high,JPX,2026-06-30
company_exact,ノバック,ノバック,high,JPX,2026-06-30
company_exact,デジタル・ナレッジ,デジタルナレッジ,high,JPX,2026-06-30
company_exact,横浜ゴム,横浜ゴム,high,JPX,2026-06-30
company_exact,昭和ホールディングス,昭和ホールディングス,high,JPX,2026-06-30
company_exact,ＴＯＹＯ　ＴＩＲＥ,toyotire,high,JPX,2026-06-30
company_exact,ブリヂストン,ブリヂストン,high,JPX,2026-06-30
company_exact,ハートアップ,ハートアップ,high,JPX,2026-06-30
company_exact,住友ゴム工業,住友ゴム工業,high,JPX,2026-06-30
company_exact,ヴァンガードスミス,ヴァンガードスミス,high,JPX,2026-06-30
company_exact,藤倉コンポジット,藤倉コンポジット,high,JPX,2026-06-30
company_exact,オカモト,オカモト,high,JPX,2026-06-30
company_exact,ファインズ,ファインズ,high,JPX,2026-06-30
company_exact,ポーターズ,ポーターズ,high,JPX,2026-06-30
company_exact,ＦＩＸＥＲ,fixer,high,JPX,2026-06-30
company_exact,ヒロホールディングス,ヒロホールディングス,high,JPX,2026-06-30
company_exact,リンカーズ,リンカーズ,high,JPX,2026-06-30
company_exact,ｐｌｕｓｚｅｒｏ,pluszero,high,JPX,2026-06-30
company_exact,テリロジーホールディングス,テリロジーホールディングス,high,JPX,2026-06-30
company_exact,ＰＯＰＥＲ,poper,high,JPX,2026-06-30
company_exact,ＡＩＲ－Ｕ,air-u,high,JPX,2026-06-30
company_exact,ｔｒｉｐｌａ,tripla,high,JPX,2026-06-30
company_exact,スマートドライブ,スマートドライブ,high,JPX,2026-06-30
company_exact,Ｒｅｂａｓｅ,rebase,high,JPX,2026-06-30
company_exact,オープンワーク,オープンワーク,high,JPX,2026-06-30
company_exact,アキレス,アキレス,high,JPX,2026-06-30
company_exact,孫の手,孫の手,high,JPX,2026-06-30
company_exact,西川ゴム工業,西川ゴム工業,high,JPX,2026-06-30
company_exact,朝日ラバー,朝日ラバー,high,JPX,2026-06-30
company_exact,ニチリン,ニチリン,high,JPX,2026-06-30
company_exact,フコク,フコク,high,JPX,2026-06-30
company_exact,ニッタ,ニッタ,high,JPX,2026-06-30
company_exact,クリエートメディック,クリエートメディック,high,JPX,2026-06-30
company_exact,櫻護謨,櫻護謨,high,JPX,2026-06-30
company_exact,三ツ星ベルト,三ツ星ベルト,high,JPX,2026-06-30
company_exact,相模ゴム工業,相模ゴム工業,high,JPX,2026-06-30
company_exact,バンドー化学,バンドー化学,high,JPX,2026-06-30
company_exact,不二ラテックス,不二ラテックス,high,JPX,2026-06-30
company_exact,ベーシック,ベーシック,high,JPX,2026-06-30
company_exact,ＡＧＣ,agc,high,JPX,2026-06-30
company_exact,日本板硝子,日本板硝子,high,JPX,2026-06-30
company_exact,石塚硝子,石塚硝子,high,JPX,2026-06-30
company_exact,有沢製作所,有沢製作所,high,JPX,2026-06-30
company_exact,ジェイファーマ,ジェイファーマ,high,JPX,2026-06-30
company_exact,日本山村硝子,日本山村硝子,high,JPX,2026-06-30
company_exact,日本電気硝子,日本電気硝子,high,JPX,2026-06-30
company_exact,倉元製作所,倉元製作所,high,JPX,2026-06-30
company_exact,オハラ,オハラ,high,JPX,2026-06-30
company_exact,ＣＯＥＬ,coel,high,JPX,2026-06-30
company_exact,住友大阪セメント,住友大阪セメント,high,JPX,2026-06-30
company_exact,太平洋セメント,太平洋セメント,high,JPX,2026-06-30
company_exact,ノザワ,ノザワ,high,JPX,2026-06-30
company_exact,セイワホールディングス,セイワホールディングス,high,JPX,2026-06-30
company_exact,ｍｏｎｏＡＩ　ｔｅｃｈｎｏｌｏｇｙ,monoaitechnology,high,JPX,2026-06-30
company_exact,アイズ,アイズ,high,JPX,2026-06-30
company_exact,ｎｏｔｅ,note,high,JPX,2026-06-30
company_exact,ｊｉｇ．ｊｐ,jig.jp,high,JPX,2026-06-30
company_exact,ＥＬＥＭＥＮＴＳ,elements,high,JPX,2026-06-30
company_exact,ＢＴＭ,btm,high,JPX,2026-06-30
company_exact,テクノロジーズ,テクノロジーズ,high,JPX,2026-06-30
company_exact,あさかわシステムズ,あさかわシステムズ,high,JPX,2026-06-30
company_exact,田村ビルズグループ,田村ビルズグループ,high,JPX,2026-06-30
company_exact,ＧＭＯプライム・ストラテジー,gmoプライムストラテジー,high,JPX,2026-06-30
company_exact,ウイズ・ワン,ウイズワン,high,JPX,2026-06-30
company_exact,日本ナレッジ,日本ナレッジ,high,JPX,2026-06-30
company_exact,カバー,カバー,high,JPX,2026-06-30
company_exact,Ａｒｅｎｔ,arent,high,JPX,2026-06-30
company_exact,モンスターラボ,モンスターラボ,high,JPX,2026-06-30
company_exact,Ｆｕｓｉｃ,fusic,high,JPX,2026-06-30
company_exact,ノバシステム,ノバシステム,high,JPX,2026-06-30
company_exact,トランザクション・メディア・ネットワークス,トランザクションメディアネットワークス,high,JPX,2026-06-30
company_exact,ｍａｎｅｂｉ,manebi,high,JPX,2026-06-30
company_exact,リソルホールディングス,リソルホールディングス,high,JPX,2026-06-30
company_exact,日本ヒューム,日本ヒューム,high,JPX,2026-06-30
company_exact,旭コンクリート工業,旭コンクリート工業,high,JPX,2026-06-30
company_exact,日本コンクリート工業,日本コンクリート工業,high,JPX,2026-06-30
company_exact,トーヨーアサノ,トーヨーアサノ,high,JPX,2026-06-30
company_exact,三谷セキサン,三谷セキサン,high,JPX,2026-06-30
company_exact,日本興業,日本興業,high,JPX,2026-06-30
company_exact,ＮＯＳＥ　ＳＨＯＰ,noseshop,high,JPX,2026-06-30
company_exact,ヨシコン,ヨシコン,high,JPX,2026-06-30
company_exact,ジオスター,ジオスター,high,JPX,2026-06-30
company_exact,高見澤,高見澤,high,JPX,2026-06-30
company_exact,ヤマウホールディングス,ヤマウホールディングス,high,JPX,2026-06-30
company_exact,ヤマックス,ヤマックス,high,JPX,2026-06-30
company_exact,イトーヨーギョー,イトーヨーギョー,high,JPX,2026-06-30
company_exact,アジアパイルホールディングス,アジアパイルホールディングス,high,JPX,2026-06-30
company_exact,フリースタイル,フリースタイル,high,JPX,2026-06-30
company_exact,ベルテクスコーポレーション,ベルテクスコーポレーション,high,JPX,2026-06-30
company_exact,東海カーボン,東海カーボン,high,JPX,2026-06-30
company_exact,日本カーボン,日本カーボン,high,JPX,2026-06-30
company_exact,ＳＥＣカーボン,secカーボン,high,JPX,2026-06-30
company_exact,東洋炭素,東洋炭素,high,JPX,2026-06-30
company_exact,ノリタケ,ノリタケ,high,JPX,2026-06-30
company_exact,ＴＯＴＯ,toto,high,JPX,2026-06-30
company_exact,ＮＧＫ,ngk,high,JPX,2026-06-30
company_exact,日本特殊陶業,日本特殊陶業,high,JPX,2026-06-30
company_exact,ダントーホールディングス,ダントーホールディングス,high,JPX,2026-06-30
company_exact,ＡＳＡＨＩ　ＥＩＴＯホールディングス,asahieitoホールディングス,high,JPX,2026-06-30
company_exact,ＭＡＲＵＷＡ,maruwa,high,JPX,2026-06-30
company_exact,品川リフラ,品川リフラ,high,JPX,2026-06-30
company_exact,日本坩堝,日本坩堝,high,JPX,2026-06-30
company_exact,美濃窯業,美濃窯業,high,JPX,2026-06-30
company_exact,ヨータイ,ヨータイ,high,JPX,2026-06-30
company_exact,東京窯業,東京窯業,high,JPX,2026-06-30
company_exact,ニッカトー,ニッカトー,high,JPX,2026-06-30
company_exact,日本インシュレーション,日本インシュレーション,high,JPX,2026-06-30
company_exact,新東,新東,high,JPX,2026-06-30
company_exact,マイポックス,マイポックス,high,JPX,2026-06-30
company_exact,フジミインコーポレーテッド,フジミインコーポレーテッド,high,JPX,2026-06-30
company_exact,クニミネ工業,クニミネ工業,high,JPX,2026-06-30
company_exact,エーアンドエーマテリアル,エーアンドエーマテリアル,high,JPX,2026-06-30
company_exact,ニチアス,ニチアス,high,JPX,2026-06-30
company_exact,日本製鉄,日本製鉄,high,JPX,2026-06-30
company_exact,神戸製鋼所,神戸製鋼所,high,JPX,2026-06-30
company_exact,中山製鋼所,中山製鋼所,high,JPX,2026-06-30
company_exact,合同製鐵,合同製鐵,high,JPX,2026-06-30
company_exact,ＪＦＥホールディングス,jfeホールディングス,high,JPX,2026-06-30
company_exact,東京製鐵,東京製鐵,high,JPX,2026-06-30
company_exact,ビタブリッドジャパン,ビタブリッドジャパン,high,JPX,2026-06-30
company_exact,ＡＲＣＨＩＯＮ,archion,high,JPX,2026-06-30
company_exact,共英製鋼,共英製鋼,high,JPX,2026-06-30
company_exact,大和工業,大和工業,high,JPX,2026-06-30
company_exact,東京鐵鋼,東京鐵鋼,high,JPX,2026-06-30
company_exact,北越メタル,北越メタル,high,JPX,2026-06-30
company_exact,大阪製鐵,大阪製鐵,high,JPX,2026-06-30
company_exact,ＧＭＳグループ,gmsグループ,high,JPX,2026-06-30
company_exact,ヨドコウ,ヨドコウ,high,JPX,2026-06-30
company_exact,高砂鐵工,高砂鐵工,high,JPX,2026-06-30
company_exact,トランヴィア,トランヴィア,high,JPX,2026-06-30
company_exact,中部鋼鈑,中部鋼鈑,high,JPX,2026-06-30
company_exact,丸一鋼管,丸一鋼管,high,JPX,2026-06-30
company_exact,モリ工業,モリ工業,high,JPX,2026-06-30
company_exact,ＭＩＲＡＩＮＩホールディングス,mirainiホールディングス,high,JPX,2026-06-30
company_exact,大同特殊鋼,大同特殊鋼,high,JPX,2026-06-30
company_exact,ムニノバホールディングス,ムニノバホールディングス,high,JPX,2026-06-30
company_exact,日本冶金工業,日本冶金工業,high,JPX,2026-06-30
company_exact,愛知製鋼,愛知製鋼,high,JPX,2026-06-30
company_exact,東北特殊鋼,東北特殊鋼,high,JPX,2026-06-30
company_exact,システムエグゼ,システムエグゼ,high,JPX,2026-06-30
company_exact,日本金属,日本金属,high,JPX,2026-06-30
company_exact,ヒトトヒトホールディングス,ヒトトヒトホールディングス,high,JPX,2026-06-30
company_exact,ソフトテックス,ソフトテックス,high,JPX,2026-06-30
company_exact,ＩＺＵＭＩグループ,izumiグループ,high,JPX,2026-06-30
company_exact,フロンティアホールディングス,フロンティアホールディングス,high,JPX,2026-06-30
company_exact,ｐｒｏｐｅｒｔｙ　ｔｅｃｈｎｏｌｏｇｉｅｓ,propertytechnologies,high,JPX,2026-06-30
company_exact,フロンティアハウス,フロンティアハウス,high,JPX,2026-06-30
company_exact,エヌバイテクノロジーズ,エヌバイテクノロジーズ,high,JPX,2026-06-30
company_exact,リアルゲイト,リアルゲイト,high,JPX,2026-06-30
company_exact,エリッツホールディングス,エリッツホールディングス,high,JPX,2026-06-30
company_exact,エンゼルグループ,エンゼルグループ,high,JPX,2026-06-30
company_exact,ミガロホールディングス,ミガロホールディングス,high,JPX,2026-06-30
company_exact,京橋アートレジデンス,京橋アートレジデンス,high,JPX,2026-06-30
company_exact,ＡｌｂａＬｉｎｋ,albalink,high,JPX,2026-06-30
company_exact,大平洋金属,大平洋金属,high,JPX,2026-06-30
company_exact,新報国マテリアル,新報国マテリアル,high,JPX,2026-06-30
company_exact,バトンズ,バトンズ,high,JPX,2026-06-30
company_exact,北王ＧＲＯＵＰ,北王group,high,JPX,2026-06-30
company_exact,新日本電工,新日本電工,high,JPX,2026-06-30
company_exact,犬猫生活,犬猫生活,high,JPX,2026-06-30
company_exact,ジェノバ,ジェノバ,high,JPX,2026-06-30
company_exact,エキサイトホールディングス,エキサイトホールディングス,high,JPX,2026-06-30
company_exact,Ｒｉｄｇｅ－ｉ,ridge-i,high,JPX,2026-06-30
company_exact,働楽ホールディングス,働楽ホールディングス,high,JPX,2026-06-30
company_exact,ＡＢＥＪＡ,abeja,high,JPX,2026-06-30
company_exact,Ｇｌｏｂｅｅ,globee,high,JPX,2026-06-30
company_exact,オービーシステム,オービーシステム,high,JPX,2026-06-30
company_exact,ＡＲアドバンストテクノロジ,arアドバンストテクノロジ,high,JPX,2026-06-30
company_exact,フェリエスト,フェリエスト,high,JPX,2026-06-30
company_exact,プロディライト,プロディライト,high,JPX,2026-06-30
company_exact,カイテクノロジー,カイテクノロジー,high,JPX,2026-06-30
company_exact,グリッド,グリッド,high,JPX,2026-06-30
company_exact,Ｓｔｒａｗｂｅｒｒｙ　ｊａｍｓ,strawberryjams,high,JPX,2026-06-30
company_exact,Ｌａｂｏｒｏ．ＡＩ,laboro.ai,high,JPX,2026-06-30
company_exact,インバウンドプラットフォーム,インバウンドプラットフォーム,high,JPX,2026-06-30
company_exact,ファーストアカウンティング,ファーストアカウンティング,high,JPX,2026-06-30
company_exact,オートサーバー,オートサーバー,high,JPX,2026-06-30
company_exact,ＳＱＵＥＥＺＥ,squeeze,high,JPX,2026-06-30
company_exact,ネットスターズ,ネットスターズ,high,JPX,2026-06-30
company_exact,ＡＶＩＬＥＮ,avilen,high,JPX,2026-06-30
company_exact,くすりの窓口,くすりの窓口,high,JPX,2026-06-30
company_exact,エム・デー・ビー,エムデービー,high,JPX,2026-06-30
company_exact,ブルーイノベーション,ブルーイノベーション,high,JPX,2026-06-30
company_exact,Ｙｏｔｔａｖｉａｓ,yottavias,high,JPX,2026-06-30
company_exact,Ｓ＆Ｊ,s&j,high,JPX,2026-06-30
company_exact,梅乃宿酒造,梅乃宿酒造,high,JPX,2026-06-30
company_exact,栗本鐵工所,栗本鐵工所,high,JPX,2026-06-30
company_exact,虹技,虹技,high,JPX,2026-06-30
company_exact,日本鋳造,日本鋳造,high,JPX,2026-06-30
company_exact,オカダコーポレーション,オカダコーポレーション,high,JPX,2026-06-30
company_exact,日本鋳鉄管,日本鋳鉄管,high,JPX,2026-06-30
company_exact,雨風太陽,雨風太陽,high,JPX,2026-06-30
company_exact,ウィル・ドゥ,ウィルドゥ,high,JPX,2026-06-30
company_exact,ナイル,ナイル,high,JPX,2026-06-30
company_exact,マーソ,マーソ,high,JPX,2026-06-30
company_exact,マークスライフ,マークスライフ,high,JPX,2026-06-30
company_exact,エスピーオー,エスピーオー,high,JPX,2026-06-30
company_exact,ヒューマンテクノロジーズ,ヒューマンテクノロジーズ,high,JPX,2026-06-30
company_exact,ワンビ,ワンビ,high,JPX,2026-06-30
company_exact,寶結,寶結,high,JPX,2026-06-30
company_exact,日本製鋼所,日本製鋼所,high,JPX,2026-06-30
company_exact,三菱製鋼,三菱製鋼,high,JPX,2026-06-30
company_exact,メタルアート,メタルアート,high,JPX,2026-06-30
company_exact,日亜鋼業,日亜鋼業,high,JPX,2026-06-30
company_exact,日本精線,日本精線,high,JPX,2026-06-30
company_exact,ＦＦＦホールディングス,fffホールディングス,high,JPX,2026-06-30
company_exact,神鋼鋼線工業,神鋼鋼線工業,high,JPX,2026-06-30
company_exact,ディープラス,ディープラス,high,JPX,2026-06-30
company_exact,パウダーテック,パウダーテック,high,JPX,2026-06-30
company_exact,サンユウ,サンユウ,high,JPX,2026-06-30
company_exact,エンビプロ・ホールディングス,エンビプロホールディングス,high,JPX,2026-06-30
company_exact,イボキン,イボキン,high,JPX,2026-06-30
company_exact,大紀アルミニウム工業所,大紀アルミニウム工業所,high,JPX,2026-06-30
company_exact,日本軽金属ホールディングス,日本軽金属ホールディングス,high,JPX,2026-06-30
company_exact,ＪＭＣ,jmc,high,JPX,2026-06-30
company_exact,三井金属,三井金属,high,JPX,2026-06-30
company_exact,東邦亜鉛,東邦亜鉛,high,JPX,2026-06-30
company_exact,三菱マテリアル,三菱マテリアル,high,JPX,2026-06-30
company_exact,住友金属鉱山,住友金属鉱山,high,JPX,2026-06-30
company_exact,ＤＯＷＡホールディングス,dowaホールディングス,high,JPX,2026-06-30
company_exact,古河機械金属,古河機械金属,high,JPX,2026-06-30
company_exact,エスクリプトエナジー,エスクリプトエナジー,high,JPX,2026-06-30
company_exact,アサカ理研,アサカ理研,high,JPX,2026-06-30
company_exact,大阪チタニウムテクノロジーズ,大阪チタニウムテクノロジーズ,high,JPX,2026-06-30
company_exact,日本精鉱,日本精鉱,high,JPX,2026-06-30
company_exact,ＵＡＣＪ,uacj,high,JPX,2026-06-30
company_exact,エヌアイシ・オートテック,エヌアイシオートテック,high,JPX,2026-06-30
company_exact,ＬＡＳＳＩＣ,lassic,high,JPX,2026-06-30
company_exact,日本伸銅,日本伸銅,high,JPX,2026-06-30
company_exact,ＣＫサンエツ,ckサンエツ,high,JPX,2026-06-30
company_exact,前澤ホールディングス,前澤ホールディングス,high,JPX,2026-06-30
company_exact,古河電気工業,古河電気工業,high,JPX,2026-06-30
company_exact,住友電気工業,住友電気工業,high,JPX,2026-06-30
company_exact,フジクラ,フジクラ,high,JPX,2026-06-30
company_exact,ＳＷＣＣ,swcc,high,JPX,2026-06-30
company_exact,オーナンバ,オーナンバ,high,JPX,2026-06-30
company_exact,ＪＭＡＣＳ,jmacs,high,JPX,2026-06-30
company_exact,カナレ電気,カナレ電気,high,JPX,2026-06-30
company_exact,ＧＯ,go,high,JPX,2026-06-30
company_exact,三ッ星,三ッ星,high,JPX,2026-06-30
company_exact,平河ヒューテック,平河ヒューテック,high,JPX,2026-06-30
company_exact,いよぎんホールディングス,いよぎんホールディングス,high,JPX,2026-06-30
company_exact,しずおかフィナンシャルグループ,しずおかフィナンシャルグループ,high,JPX,2026-06-30
company_exact,ちゅうぎんフィナンシャルグループ,ちゅうぎんフィナンシャルグループ,high,JPX,2026-06-30
company_exact,ＳＢＩリーシングサービス,sbiリーシングサービス,high,JPX,2026-06-30
company_exact,楽天銀行,楽天銀行,high,JPX,2026-06-30
company_exact,不動産流通システム,不動産流通システム,high,JPX,2026-06-30
company_exact,日本総険,日本総険,high,JPX,2026-06-30
company_exact,インテグラル,インテグラル,high,JPX,2026-06-30
company_exact,ニッポンインシュア,ニッポンインシュア,high,JPX,2026-06-30
company_exact,京都フィナンシャルグループ,京都フィナンシャルグループ,high,JPX,2026-06-30
company_exact,全保連,全保連,high,JPX,2026-06-30
company_exact,ＬｉＮＫＸ,linkx,high,JPX,2026-06-30
company_exact,リョービ,リョービ,high,JPX,2026-06-30
company_exact,アーレスティ,アーレスティ,high,JPX,2026-06-30
company_exact,ＡＲＥホールディングス,areホールディングス,high,JPX,2026-06-30
company_exact,ＳＴＧ,stg,high,JPX,2026-06-30
company_exact,ＷｉｚＢｉｚ,wizbiz,high,JPX,2026-06-30
company_exact,エスネットワークス,エスネットワークス,high,JPX,2026-06-30
company_exact,ロココ,ロココ,high,JPX,2026-06-30
company_exact,早稲田学習研究会,早稲田学習研究会,high,JPX,2026-06-30
company_exact,ナルネットコミュニケーションズ,ナルネットコミュニケーションズ,high,JPX,2026-06-30
company_exact,ＳＯＬＩＺＥ　Ｈｏｌｄｉｎｇｓ,solizeholdings,high,JPX,2026-06-30
company_exact,クラダシ,クラダシ,high,JPX,2026-06-30
company_exact,ジーデップ・アドバンス,ジーデップアドバンス,high,JPX,2026-06-30
company_exact,ＯＯＫＡＢＥ　ＧＬＡＳＳ,ookabeglass,high,JPX,2026-06-30
company_exact,光響,光響,high,JPX,2026-06-30
company_exact,ＤＡＩＷＡ　ＣＹＣＬＥ,daiwacycle,high,JPX,2026-06-30
company_exact,Ｊａｐａｎ　Ｅｙｅｗｅａｒ　Ｈｏｌｄｉｎｇｓ,japaneyewearholdings,high,JPX,2026-06-30
company_exact,オフィスバスターズ,オフィスバスターズ,high,JPX,2026-06-30
company_exact,魁力屋,魁力屋,high,JPX,2026-06-30
company_exact,ｙｕｔｏｒｉ,yutori,high,JPX,2026-06-30
company_exact,ＲＡＶＩＰＡ,ravipa,high,JPX,2026-06-30
company_exact,ネイス,ネイス,high,JPX,2026-06-30
company_exact,ダイケン,ダイケン,high,JPX,2026-06-30
company_exact,東洋製罐グループホールディングス,東洋製罐グループホールディングス,high,JPX,2026-06-30
company_exact,ホッカンホールディングス,ホッカンホールディングス,high,JPX,2026-06-30
company_exact,シンポ,シンポ,high,JPX,2026-06-30
company_exact,日本製罐,日本製罐,high,JPX,2026-06-30
company_exact,エムケー精工,エムケー精工,high,JPX,2026-06-30
company_exact,コロナ,コロナ,high,JPX,2026-06-30
company_exact,横河ブリッジホールディングス,横河ブリッジホールディングス,high,JPX,2026-06-30
company_exact,駒井ハルテック,駒井ハルテック,high,JPX,2026-06-30
company_exact,瀧上工業,瀧上工業,high,JPX,2026-06-30
company_exact,西條,西條,high,JPX,2026-06-30
company_exact,川岸工業,川岸工業,high,JPX,2026-06-30
company_exact,那須電機鉄工,那須電機鉄工,high,JPX,2026-06-30
company_exact,高田機工,高田機工,high,JPX,2026-06-30
company_exact,アルメタックス,アルメタックス,high,JPX,2026-06-30
company_exact,三和ホールディングス,三和ホールディングス,high,JPX,2026-06-30
company_exact,文化シヤッター,文化シヤッター,high,JPX,2026-06-30
company_exact,三協立山,三協立山,high,JPX,2026-06-30
company_exact,アルインコ,アルインコ,high,JPX,2026-06-30
company_exact,東洋シヤッター,東洋シヤッター,high,JPX,2026-06-30
company_exact,ＬＩＸＩＬ,lixil,high,JPX,2026-06-30
company_exact,大谷工業,大谷工業,high,JPX,2026-06-30
company_exact,不二サッシ,不二サッシ,high,JPX,2026-06-30
company_exact,中西製作所,中西製作所,high,JPX,2026-06-30
company_exact,日本フイルコン,日本フイルコン,high,JPX,2026-06-30
company_exact,ノーリツ,ノーリツ,high,JPX,2026-06-30
company_exact,天龍製鋸,天龍製鋸,high,JPX,2026-06-30
company_exact,長府製作所,長府製作所,high,JPX,2026-06-30
company_exact,リンナイ,リンナイ,high,JPX,2026-06-30
company_exact,ユニプレス,ユニプレス,high,JPX,2026-06-30
company_exact,日本パワーファスニング,日本パワーファスニング,high,JPX,2026-06-30
company_exact,ダイニチ工業,ダイニチ工業,high,JPX,2026-06-30
company_exact,アマテイ,アマテイ,high,JPX,2026-06-30
company_exact,ワイズホールディングス,ワイズホールディングス,high,JPX,2026-06-30
company_exact,トーソー,トーソー,high,JPX,2026-06-30
company_exact,日東精工,日東精工,high,JPX,2026-06-30
company_exact,三洋工業,三洋工業,high,JPX,2026-06-30
company_exact,岡部,岡部,high,JPX,2026-06-30
company_exact,不二興産,不二興産,high,JPX,2026-06-30
company_exact,浅香工業,浅香工業,high,JPX,2026-06-30
company_exact,フジマック,フジマック,high,JPX,2026-06-30
company_exact,京都機械工具,京都機械工具,high,JPX,2026-06-30
company_exact,ＴＯＮＥ,tone,high,JPX,2026-06-30
company_exact,ロブテックス,ロブテックス,high,JPX,2026-06-30
company_exact,ジーテクト,ジーテクト,high,JPX,2026-06-30
company_exact,共和工業所,共和工業所,high,JPX,2026-06-30
company_exact,トーアミ,トーアミ,high,JPX,2026-06-30
company_exact,中国工業,中国工業,high,JPX,2026-06-30
company_exact,東プレ,東プレ,high,JPX,2026-06-30
company_exact,高周波熱錬,高周波熱錬,high,JPX,2026-06-30
company_exact,東京製綱,東京製綱,high,JPX,2026-06-30
company_exact,マルゼン,マルゼン,high,JPX,2026-06-30
company_exact,イワブチ,イワブチ,high,JPX,2026-06-30
company_exact,兼房,兼房,high,JPX,2026-06-30
company_exact,サンコール,サンコール,high,JPX,2026-06-30
company_exact,モリテック　スチール,モリテックスチール,high,JPX,2026-06-30
company_exact,オーネックス,オーネックス,high,JPX,2026-06-30
company_exact,パイオラックス,パイオラックス,high,JPX,2026-06-30
company_exact,エイチワン,エイチワン,high,JPX,2026-06-30
company_exact,スーパーツール,スーパーツール,high,JPX,2026-06-30
company_exact,日本発條,日本発條,high,JPX,2026-06-30
company_exact,中央発條,中央発條,high,JPX,2026-06-30
company_exact,ファインシンター,ファインシンター,high,JPX,2026-06-30
company_exact,協立エアテック,協立エアテック,high,JPX,2026-06-30
company_exact,アドバネクス,アドバネクス,high,JPX,2026-06-30
company_exact,三浦工業,三浦工業,high,JPX,2026-06-30
company_exact,タクマ,タクマ,high,JPX,2026-06-30
company_exact,ジャパンエンジンコーポレーション,ジャパンエンジンコーポレーション,high,JPX,2026-06-30
company_exact,阪神内燃機工業,阪神内燃機工業,high,JPX,2026-06-30
company_exact,赤阪鐵工所,赤阪鐵工所,high,JPX,2026-06-30
company_exact,ダイハツインフィニアース,ダイハツインフィニアース,high,JPX,2026-06-30
company_exact,弁護士ドットコム,弁護士ドットコム,high,JPX,2026-06-30
company_exact,アトラグループ,アトラグループ,high,JPX,2026-06-30
company_exact,アドベンチャー,アドベンチャー,high,JPX,2026-06-30
company_exact,ＺＥＴＡ,zeta,high,JPX,2026-06-30
company_exact,エクストリーム,エクストリーム,high,JPX,2026-06-30
company_exact,ＭＲＴ,mrt,high,JPX,2026-06-30
company_exact,アイ・アールジャパンホールディングス,アイアールジャパンホールディングス,high,JPX,2026-06-30
company_exact,ＫｅｅＰｅｒ技研,keeper技研,high,JPX,2026-06-30
company_exact,楽待,楽待,high,JPX,2026-06-30
company_exact,イード,イード,high,JPX,2026-06-30
company_exact,日本動物高度医療センター,日本動物高度医療センター,high,JPX,2026-06-30
company_exact,日本スキー場開発,日本スキー場開発,high,JPX,2026-06-30
company_exact,ニッキ,ニッキ,high,JPX,2026-06-30
company_exact,三機サービス,三機サービス,high,JPX,2026-06-30
company_exact,レントラックス,レントラックス,high,JPX,2026-06-30
company_exact,リンクバル,リンクバル,high,JPX,2026-06-30
company_exact,Ｇｕｎｏｓｙ,gunosy,high,JPX,2026-06-30
company_exact,イトクロ,イトクロ,high,JPX,2026-06-30
company_exact,イー・ガーディアン,イーガーディアン,high,JPX,2026-06-30
company_exact,リブセンス,リブセンス,high,JPX,2026-06-30
company_exact,ジャパンマテリアル,ジャパンマテリアル,high,JPX,2026-06-30
company_exact,ベクトル,ベクトル,high,JPX,2026-06-30
company_exact,ウチヤマホールディングス,ウチヤマホールディングス,high,JPX,2026-06-30
company_exact,ユニバーサル園芸社,ユニバーサル園芸社,high,JPX,2026-06-30
company_exact,チャーム・ケア・コーポレーション,チャームケアコーポレーション,high,JPX,2026-06-30
company_exact,日本エマージェンシーアシスタンス,日本エマージェンシーアシスタンス,high,JPX,2026-06-30
company_exact,トレンダーズ,トレンダーズ,high,JPX,2026-06-30
company_exact,キャリアリンク,キャリアリンク,high,JPX,2026-06-30
company_exact,ＩＢＪ,ibj,high,JPX,2026-06-30
company_exact,地盤ネットホールディングス,地盤ネットホールディングス,high,JPX,2026-06-30
company_exact,アサンテ,アサンテ,high,JPX,2026-06-30
company_exact,ジェイエスエス,ジェイエスエス,high,JPX,2026-06-30
company_exact,バリューＨＲ,バリューhr,high,JPX,2026-06-30
company_exact,Ｍ＆Ａキャピタルパートナーズ,m&aキャピタルパートナーズ,high,JPX,2026-06-30
company_exact,アライドアーキテクツ,アライドアーキテクツ,high,JPX,2026-06-30
company_exact,ライドオンエクスプレスホールディングス,ライドオンエクスプレスホールディングス,high,JPX,2026-06-30
company_exact,ＥＲＩホールディングス,eriホールディングス,high,JPX,2026-06-30
company_exact,アーキテクツ・スタジオ・ジャパン,アーキテクツスタジオジャパン,high,JPX,2026-06-30
company_exact,シンメンテホールディングス,シンメンテホールディングス,high,JPX,2026-06-30
company_exact,アビスト,アビスト,high,JPX,2026-06-30
company_exact,シグマクシス・ホールディングス,シグマクシスホールディングス,high,JPX,2026-06-30
company_exact,ウィルグループ,ウィルグループ,high,JPX,2026-06-30
company_exact,ヒューマン・メタボローム・テクノロジーズ,ヒューマンメタボロームテクノロジーズ,high,JPX,2026-06-30
company_exact,ウエスコホールディングス,ウエスコホールディングス,high,JPX,2026-06-30
company_exact,エンバイオ・ホールディングス,エンバイオホールディングス,high,JPX,2026-06-30
company_exact,ミトラグループ,ミトラグループ,high,JPX,2026-06-30
company_exact,フリークアウト・ホールディングス,フリークアウトホールディングス,high,JPX,2026-06-30
company_exact,レアジョブ,レアジョブ,high,JPX,2026-06-30
company_exact,リクルートホールディングス,リクルートホールディングス,high,JPX,2026-06-30
company_exact,エラン,エラン,high,JPX,2026-06-30
company_exact,ツガミ,ツガミ,high,JPX,2026-06-30
company_exact,オークマ,オークマ,high,JPX,2026-06-30
company_exact,芝浦機械,芝浦機械,high,JPX,2026-06-30
company_exact,アマダ,アマダ,high,JPX,2026-06-30
company_exact,アイダエンジニアリング,アイダエンジニアリング,high,JPX,2026-06-30
company_exact,岡本工作機械製作所,岡本工作機械製作所,high,JPX,2026-06-30
company_exact,ＦＵＪＩ,fuji,high,JPX,2026-06-30
company_exact,牧野フライス製作所,牧野フライス製作所,high,JPX,2026-06-30
company_exact,オーエスジー,オーエスジー,high,JPX,2026-06-30
company_exact,小池酸素工業,小池酸素工業,high,JPX,2026-06-30
company_exact,ダイジェット工業,ダイジェット工業,high,JPX,2026-06-30
company_exact,旭ダイヤモンド工業,旭ダイヤモンド工業,high,JPX,2026-06-30
company_exact,ＤＭＧ森精機,dmg森精機,high,JPX,2026-06-30
company_exact,ソディック,ソディック,high,JPX,2026-06-30
company_exact,西部電機,西部電機,high,JPX,2026-06-30
company_exact,ＮＩＴＴＯＫＵ,nittoku,high,JPX,2026-06-30
company_exact,ディスコ,ディスコ,high,JPX,2026-06-30
company_exact,ヤマザキ,ヤマザキ,high,JPX,2026-06-30
company_exact,小田原エンジニアリング,小田原エンジニアリング,high,JPX,2026-06-30
company_exact,タケダ機械,タケダ機械,high,JPX,2026-06-30
company_exact,日東工器,日東工器,high,JPX,2026-06-30
company_exact,高松機械工業,高松機械工業,high,JPX,2026-06-30
company_exact,エーワン精密,エーワン精密,high,JPX,2026-06-30
company_exact,日進工具,日進工具,high,JPX,2026-06-30
company_exact,和井田製作所,和井田製作所,high,JPX,2026-06-30
company_exact,ミクロン精密,ミクロン精密,high,JPX,2026-06-30
company_exact,エスティック,エスティック,high,JPX,2026-06-30
company_exact,パンチ工業,パンチ工業,high,JPX,2026-06-30
company_exact,中村超硬,中村超硬,high,JPX,2026-06-30
company_exact,冨士ダイス,冨士ダイス,high,JPX,2026-06-30
company_exact,ＯＮＥ　ＧＲＯＵＰ,onegroup,high,JPX,2026-06-30
company_exact,土木管理総合試験所,土木管理総合試験所,high,JPX,2026-06-30
company_exact,デンタス,デンタス,high,JPX,2026-06-30
company_exact,ブランジスタ,ブランジスタ,high,JPX,2026-06-30
company_exact,ＡｐｐＢａｎｋ,appbank,high,JPX,2026-06-30
company_exact,日本郵政,日本郵政,high,JPX,2026-06-30
company_exact,ＧＭＯメディア,gmoメディア,high,JPX,2026-06-30
company_exact,タメニー,タメニー,high,JPX,2026-06-30
company_exact,メタリアル,メタリアル,high,JPX,2026-06-30
company_exact,ベルシステム２４ホールディングス,ベルシステム24ホールディングス,high,JPX,2026-06-30
company_exact,鎌倉新書,鎌倉新書,high,JPX,2026-06-30
company_exact,ＳＭＮ,smn,high,JPX,2026-06-30
company_exact,一蔵,一蔵,high,JPX,2026-06-30
company_exact,グローバルキッズＣＯＭＰＡＮＹ,グローバルキッズcompany,high,JPX,2026-06-30
company_exact,フェニックスバイオ,フェニックスバイオ,high,JPX,2026-06-30
company_exact,エアトリ,エアトリ,high,JPX,2026-06-30
company_exact,バーチャレクス・ホールディングス,バーチャレクスホールディングス,high,JPX,2026-06-30
company_exact,アトラエ,アトラエ,high,JPX,2026-06-30
company_exact,ホープ,ホープ,high,JPX,2026-06-30
company_exact,ストライクグループ,ストライクグループ,high,JPX,2026-06-30
company_exact,ソラスト,ソラスト,high,JPX,2026-06-30
company_exact,キャリア,キャリア,high,JPX,2026-06-30
company_exact,セラク,セラク,high,JPX,2026-06-30
company_exact,インソース,インソース,high,JPX,2026-06-30
company_exact,豊和工業,豊和工業,high,JPX,2026-06-30
company_exact,石川製作所,石川製作所,high,JPX,2026-06-30
company_exact,リケンＮＰＲ,リケンnpr,high,JPX,2026-06-30
company_exact,津田駒工業,津田駒工業,high,JPX,2026-06-30
company_exact,エンシュウ,エンシュウ,high,JPX,2026-06-30
company_exact,島精機製作所,島精機製作所,high,JPX,2026-06-30
company_exact,西部技研,西部技研,high,JPX,2026-06-30
company_exact,ＪＲＣ,jrc,high,JPX,2026-06-30
company_exact,守谷輸送機工業,守谷輸送機工業,high,JPX,2026-06-30
company_exact,ＡＩメカテック,aiメカテック,high,JPX,2026-06-30
company_exact,ジェイ・イー・ティ,ジェイイーティ,high,JPX,2026-06-30
company_exact,オーケーエム,オーケーエム,high,JPX,2026-06-30
company_exact,ＳＡＮＥＩ,sanei,high,JPX,2026-06-30
company_exact,木村工機,木村工機,high,JPX,2026-06-30
company_exact,ＡＣＳＬ,acsl,high,JPX,2026-06-30
company_exact,ＫＬＡＳＳ,klass,high,JPX,2026-06-30
company_exact,オプトラン,オプトラン,high,JPX,2026-06-30
company_exact,イワキポンプ,イワキポンプ,high,JPX,2026-06-30
company_exact,フリュー,フリュー,high,JPX,2026-06-30
company_exact,ナガオカ,ナガオカ,high,JPX,2026-06-30
company_exact,ヤマシンフィルタ,ヤマシンフィルタ,high,JPX,2026-06-30
company_exact,ヒラノテクシード,ヒラノテクシード,high,JPX,2026-06-30
company_exact,テクノスマート,テクノスマート,high,JPX,2026-06-30
company_exact,日阪製作所,日阪製作所,high,JPX,2026-06-30
company_exact,横田製作所,横田製作所,high,JPX,2026-06-30
company_exact,ゲームカードホールディングス,ゲームカードホールディングス,high,JPX,2026-06-30
company_exact,やまびこ,やまびこ,high,JPX,2026-06-30
company_exact,野村マイクロ・サイエンス,野村マイクロサイエンス,high,JPX,2026-06-30
company_exact,エヌ・ピー・シー,エヌピーシー,high,JPX,2026-06-30
company_exact,藤商事,藤商事,high,JPX,2026-06-30
company_exact,平田機工,平田機工,high,JPX,2026-06-30
company_exact,ＰＥＧＡＳＵＳ,pegasus,high,JPX,2026-06-30
company_exact,マルマエ,マルマエ,high,JPX,2026-06-30
company_exact,コンバム,コンバム,high,JPX,2026-06-30
company_exact,タツモ,タツモ,high,JPX,2026-06-30
company_exact,ゼネラルパッカー,ゼネラルパッカー,high,JPX,2026-06-30
company_exact,ナブテスコ,ナブテスコ,high,JPX,2026-06-30
company_exact,三井海洋開発,三井海洋開発,high,JPX,2026-06-30
company_exact,レオン自動機,レオン自動機,high,JPX,2026-06-30
company_exact,ＳＭＣ,smc,high,JPX,2026-06-30
company_exact,シリウスビジョン,シリウスビジョン,high,JPX,2026-06-30
company_exact,ホソカワミクロン,ホソカワミクロン,high,JPX,2026-06-30
company_exact,ユニオンツール,ユニオンツール,high,JPX,2026-06-30
company_exact,瑞光,瑞光,high,JPX,2026-06-30
company_exact,オイレス工業,オイレス工業,high,JPX,2026-06-30
company_exact,日精エー・エス・ビー機械,日精エーエスビー機械,high,JPX,2026-06-30
company_exact,靜甲,靜甲,high,JPX,2026-06-30
company_exact,サトー,サトー,high,JPX,2026-06-30
company_exact,技研製作所,技研製作所,high,JPX,2026-06-30
company_exact,日本エアーテック,日本エアーテック,high,JPX,2026-06-30
company_exact,カワタ,カワタ,high,JPX,2026-06-30
company_exact,オカダアイヨン,オカダアイヨン,high,JPX,2026-06-30
company_exact,ワイエイシイホールディングス,ワイエイシイホールディングス,high,JPX,2026-06-30
company_exact,小松製作所,小松製作所,high,JPX,2026-06-30
company_exact,住友重機械工業,住友重機械工業,high,JPX,2026-06-30
company_exact,日立建機,日立建機,high,JPX,2026-06-30
company_exact,日工,日工,high,JPX,2026-06-30
company_exact,サンセイ,サンセイ,high,JPX,2026-06-30
company_exact,巴工業,巴工業,high,JPX,2026-06-30
company_exact,井関農機,井関農機,high,JPX,2026-06-30
company_exact,ＴＯＷＡ,towa,high,JPX,2026-06-30
company_exact,丸山製作所,丸山製作所,high,JPX,2026-06-30
company_exact,北川鉄工所,北川鉄工所,high,JPX,2026-06-30
company_exact,タクミナ,タクミナ,high,JPX,2026-06-30
company_exact,ローツェ,ローツェ,high,JPX,2026-06-30
company_exact,ハーモニック・ドライブ・システムズ,ハーモニックドライブシステムズ,high,JPX,2026-06-30
company_exact,タカキタ,タカキタ,high,JPX,2026-06-30
company_exact,クボタ,クボタ,high,JPX,2026-06-30
company_exact,北川精機,北川精機,high,JPX,2026-06-30
company_exact,荏原実業,荏原実業,high,JPX,2026-06-30
company_exact,東洋エンジニアリング,東洋エンジニアリング,high,JPX,2026-06-30
company_exact,三菱化工機,三菱化工機,high,JPX,2026-06-30
company_exact,月島ホールディングス,月島ホールディングス,high,JPX,2026-06-30
company_exact,ＴＥＩＫＯＫＵ,teikoku,high,JPX,2026-06-30
company_exact,明治機械,明治機械,high,JPX,2026-06-30
company_exact,東京機械製作所,東京機械製作所,high,JPX,2026-06-30
company_exact,石井表記,石井表記,high,JPX,2026-06-30
company_exact,テセック,テセック,high,JPX,2026-06-30
company_exact,タカトリ,タカトリ,high,JPX,2026-06-30
company_exact,新東工業,新東工業,high,JPX,2026-06-30
company_exact,澁谷工業,澁谷工業,high,JPX,2026-06-30
company_exact,太平製作所,太平製作所,high,JPX,2026-06-30
company_exact,フリージア・マクロス,フリージアマクロス,high,JPX,2026-06-30
company_exact,アイチ　コーポレーション,アイチコーポレーション,high,JPX,2026-06-30
company_exact,キクカワエンタープライズ,キクカワエンタープライズ,high,JPX,2026-06-30
company_exact,プラコー,プラコー,high,JPX,2026-06-30
company_exact,小森コーポレーション,小森コーポレーション,high,JPX,2026-06-30
company_exact,鶴見製作所,鶴見製作所,high,JPX,2026-06-30
company_exact,日本ギア工業,日本ギア工業,high,JPX,2026-06-30
company_exact,三精テクノロジーズ,三精テクノロジーズ,high,JPX,2026-06-30
company_exact,酒井重工業,酒井重工業,high,JPX,2026-06-30
company_exact,東京自働機械製作所,東京自働機械製作所,high,JPX,2026-06-30
company_exact,荏原製作所,荏原製作所,high,JPX,2026-06-30
company_exact,酉島製作所,酉島製作所,high,JPX,2026-06-30
company_exact,ＡＩＲＭＡＮ,airman,high,JPX,2026-06-30
company_exact,電業社機械製作所,電業社機械製作所,high,JPX,2026-06-30
company_exact,千代田化工建設,千代田化工建設,high,JPX,2026-06-30
company_exact,ダイキン工業,ダイキン工業,high,JPX,2026-06-30
company_exact,オルガノ,オルガノ,high,JPX,2026-06-30
company_exact,トーヨーカネツ,トーヨーカネツ,high,JPX,2026-06-30
company_exact,栗田工業,栗田工業,high,JPX,2026-06-30
company_exact,椿本チエイン,椿本チエイン,high,JPX,2026-06-30
company_exact,日機装,日機装,high,JPX,2026-06-30
company_exact,木村化工機,木村化工機,high,JPX,2026-06-30
company_exact,レイズネクスト,レイズネクスト,high,JPX,2026-06-30
company_exact,オリエンタルチエン工業,オリエンタルチエン工業,high,JPX,2026-06-30
company_exact,アネスト岩田,アネスト岩田,high,JPX,2026-06-30
company_exact,トリニティ工業,トリニティ工業,high,JPX,2026-06-30
company_exact,ダイフク,ダイフク,high,JPX,2026-06-30
company_exact,昭和真空,昭和真空,high,JPX,2026-06-30
company_exact,サムコ,サムコ,high,JPX,2026-06-30
company_exact,加藤製作所,加藤製作所,high,JPX,2026-06-30
company_exact,加地テック,加地テック,high,JPX,2026-06-30
company_exact,ヤマダコーポレーション,ヤマダコーポレーション,high,JPX,2026-06-30
company_exact,油研工業,油研工業,high,JPX,2026-06-30
company_exact,タダノ,タダノ,high,JPX,2026-06-30
company_exact,宇野澤組鐵工所,宇野澤組鐵工所,high,JPX,2026-06-30
company_exact,不二精機,不二精機,high,JPX,2026-06-30
company_exact,兼松エンジニアリング,兼松エンジニアリング,high,JPX,2026-06-30
company_exact,鈴茂器工,鈴茂器工,high,JPX,2026-06-30
company_exact,ＣＫＤ,ckd,high,JPX,2026-06-30
company_exact,小倉クラッチ,小倉クラッチ,high,JPX,2026-06-30
company_exact,平和,平和,high,JPX,2026-06-30
company_exact,理想科学工業,理想科学工業,high,JPX,2026-06-30
company_exact,ＳＡＮＫＹＯ,sankyo,high,JPX,2026-06-30
company_exact,日本金銭機械,日本金銭機械,high,JPX,2026-06-30
company_exact,マースグループホールディングス,マースグループホールディングス,high,JPX,2026-06-30
company_exact,ガリレイ,ガリレイ,high,JPX,2026-06-30
company_exact,高見沢サイバネティックス,高見沢サイバネティックス,high,JPX,2026-06-30
company_exact,ユニバーサルエンターテインメント,ユニバーサルエンターテインメント,high,JPX,2026-06-30
company_exact,オーイズミ,オーイズミ,high,JPX,2026-06-30
company_exact,ダイコク電機,ダイコク電機,high,JPX,2026-06-30
company_exact,竹内製作所,竹内製作所,high,JPX,2026-06-30
company_exact,ヒーハイスト,ヒーハイスト,high,JPX,2026-06-30
company_exact,アマノ,アマノ,high,JPX,2026-06-30
company_exact,ＪＵＫＩ,juki,high,JPX,2026-06-30
company_exact,サンデン,サンデン,high,JPX,2026-06-30
company_exact,ジャノメ,ジャノメ,high,JPX,2026-06-30
company_exact,ブラザー工業,ブラザー工業,high,JPX,2026-06-30
company_exact,マックス,マックス,high,JPX,2026-06-30
company_exact,モリタホールディングス,モリタホールディングス,high,JPX,2026-06-30
company_exact,グローリー,グローリー,high,JPX,2026-06-30
company_exact,新晃工業,新晃工業,high,JPX,2026-06-30
company_exact,大和冷機工業,大和冷機工業,high,JPX,2026-06-30
company_exact,セガサミーホールディングス,セガサミーホールディングス,high,JPX,2026-06-30
company_exact,ＴＰＲ,tpr,high,JPX,2026-06-30
company_exact,ツバキ・ナカシマ,ツバキナカシマ,high,JPX,2026-06-30
company_exact,ホシザキ,ホシザキ,high,JPX,2026-06-30
company_exact,ＴＶＥ,tve,high,JPX,2026-06-30
company_exact,ニチダイ,ニチダイ,high,JPX,2026-06-30
company_exact,放電精密加工研究所,放電精密加工研究所,high,JPX,2026-06-30
company_exact,大豊工業,大豊工業,high,JPX,2026-06-30
company_exact,日本精工,日本精工,high,JPX,2026-06-30
company_exact,ＮＴＮ,ntn,high,JPX,2026-06-30
company_exact,ジェイテクト,ジェイテクト,high,JPX,2026-06-30
company_exact,不二越,不二越,high,JPX,2026-06-30
company_exact,ミネベアミツミ,ミネベアミツミ,high,JPX,2026-06-30
company_exact,日本トムソン,日本トムソン,high,JPX,2026-06-30
company_exact,ＴＨＫ,thk,high,JPX,2026-06-30
company_exact,ＹＵＳＨＩＮ,yushin,high,JPX,2026-06-30
company_exact,ＫＶＫ,kvk,high,JPX,2026-06-30
company_exact,前澤給装工業,前澤給装工業,high,JPX,2026-06-30
company_exact,イーグル工業,イーグル工業,high,JPX,2026-06-30
company_exact,ヨシタケ,ヨシタケ,high,JPX,2026-06-30
company_exact,ＰＩＬＬＡＲ,pillar,high,JPX,2026-06-30
company_exact,岡野バルブ製造,岡野バルブ製造,high,JPX,2026-06-30
company_exact,ＮＩＴＴＡＮ,nittan,high,JPX,2026-06-30
company_exact,ＮＦＫホールディングス,nfkホールディングス,high,JPX,2026-06-30
company_exact,宮入バルブ製作所,宮入バルブ製作所,high,JPX,2026-06-30
company_exact,中北製作所,中北製作所,high,JPX,2026-06-30
company_exact,ハマイ,ハマイ,high,JPX,2026-06-30
company_exact,キッツ,キッツ,high,JPX,2026-06-30
company_exact,日立製作所,日立製作所,high,JPX,2026-06-30
company_exact,三菱電機,三菱電機,high,JPX,2026-06-30
company_exact,富士電機,富士電機,high,JPX,2026-06-30
company_exact,東洋電機製造,東洋電機製造,high,JPX,2026-06-30
company_exact,安川電機,安川電機,high,JPX,2026-06-30
company_exact,シンフォニアテクノロジー,シンフォニアテクノロジー,high,JPX,2026-06-30
company_exact,明電舎,明電舎,high,JPX,2026-06-30
company_exact,オリジン,オリジン,high,JPX,2026-06-30
company_exact,山洋電気,山洋電気,high,JPX,2026-06-30
company_exact,デンヨー,デンヨー,high,JPX,2026-06-30
company_exact,三相電機,三相電機,high,JPX,2026-06-30
company_exact,オキサイド,オキサイド,high,JPX,2026-06-30
company_exact,アスタリスク,アスタリスク,high,JPX,2026-06-30
company_exact,ＰＨＣホールディングス,phcホールディングス,high,JPX,2026-06-30
company_exact,湖北工業,湖北工業,high,JPX,2026-06-30
company_exact,ＫＯＫＵＳＡＩ　ＥＬＥＣＴＲＩＣ,kokusaielectric,high,JPX,2026-06-30
company_exact,ソシオネクスト,ソシオネクスト,high,JPX,2026-06-30
company_exact,ワカ製作所,ワカ製作所,high,JPX,2026-06-30
company_exact,ベイカレント,ベイカレント,high,JPX,2026-06-30
company_exact,Ｏｒｃｈｅｓｔｒａ　Ｈｏｌｄｉｎｇｓ,orchestraholdings,high,JPX,2026-06-30
company_exact,アイモバイル,アイモバイル,high,JPX,2026-06-30
company_exact,ＷＡＳＨハウス,washハウス,high,JPX,2026-06-30
company_exact,ディスラプターズ,ディスラプターズ,high,JPX,2026-06-30
company_exact,ＭＳ－Ｊａｐａｎ,ms-japan,high,JPX,2026-06-30
company_exact,船場,船場,high,JPX,2026-06-30
company_exact,日宣,日宣,high,JPX,2026-06-30
company_exact,ジャパンエレベーターサービスホールディングス,ジャパンエレベーターサービスホールディングス,high,JPX,2026-06-30
company_exact,インターネットインフィニティー,インターネットインフィニティー,high,JPX,2026-06-30
company_exact,フルテック,フルテック,high,JPX,2026-06-30
company_exact,グリーンズ,グリーンズ,high,JPX,2026-06-30
company_exact,旅工房,旅工房,high,JPX,2026-06-30
company_exact,ディーエムソリューションズ,ディーエムソリューションズ,high,JPX,2026-06-30
company_exact,ツナググループ・ホールディングス,ツナググループホールディングス,high,JPX,2026-06-30
company_exact,ＧａｍｅＷｉｔｈ,gamewith,high,JPX,2026-06-30
company_exact,エスユーエス,エスユーエス,high,JPX,2026-06-30
company_exact,ＭＳ＆Ｃｏｎｓｕｌｔｉｎｇ,ms&consulting,high,JPX,2026-06-30
company_exact,ＡＩＡＩグループ,aiaiグループ,high,JPX,2026-06-30
company_exact,クックビズ,クックビズ,high,JPX,2026-06-30
company_exact,エル・ティー・エス,エルティーエス,high,JPX,2026-06-30
company_exact,ＨＡＮＡＴＯＵＲ　ＪＡＰＡＮ,hanatourjapan,high,JPX,2026-06-30
company_exact,ジーニー,ジーニー,high,JPX,2026-06-30
company_exact,みらいワークス,みらいワークス,high,JPX,2026-06-30
company_exact,ミダックホールディングス,ミダックホールディングス,high,JPX,2026-06-30
company_exact,要興業,要興業,high,JPX,2026-06-30
company_exact,神戸天然物化学,神戸天然物化学,high,JPX,2026-06-30
company_exact,共和コーポレーション,共和コーポレーション,high,JPX,2026-06-30
company_exact,キュービーネットホールディングス,キュービーネットホールディングス,high,JPX,2026-06-30
company_exact,オープングループ,オープングループ,high,JPX,2026-06-30
company_exact,ＣＲＡＶＩＡ,cravia,high,JPX,2026-06-30
company_exact,コンヴァノ,コンヴァノ,high,JPX,2026-06-30
company_exact,揚工舎,揚工舎,high,JPX,2026-06-30
company_exact,ベストワンドットコム,ベストワンドットコム,high,JPX,2026-06-30
company_exact,コレックホールディングス,コレックホールディングス,high,JPX,2026-06-30
company_exact,ログリー,ログリー,high,JPX,2026-06-30
company_exact,ライトアップ,ライトアップ,high,JPX,2026-06-30
company_exact,三櫻工業,三櫻工業,high,JPX,2026-06-30
company_exact,マキタ,マキタ,high,JPX,2026-06-30
company_exact,東芝テック,東芝テック,high,JPX,2026-06-30
company_exact,芝浦メカトロニクス,芝浦メカトロニクス,high,JPX,2026-06-30
company_exact,マブチモーター,マブチモーター,high,JPX,2026-06-30
company_exact,ニデック,ニデック,high,JPX,2026-06-30
company_exact,筑波精工,筑波精工,high,JPX,2026-06-30
company_exact,ＨＰＣシステムズ,hpcシステムズ,high,JPX,2026-06-30
company_exact,エブレン,エブレン,high,JPX,2026-06-30
company_exact,バルミューダ,バルミューダ,high,JPX,2026-06-30
company_exact,ＱＤレーザ,qdレーザ,high,JPX,2026-06-30
company_exact,シキノハイテック,シキノハイテック,high,JPX,2026-06-30
company_exact,ユー・エム・シー・エレクトロニクス,ユーエムシーエレクトロニクス,high,JPX,2026-06-30
company_exact,トレックス・セミコンダクター,トレックスセミコンダクター,high,JPX,2026-06-30
company_exact,東光高岳,東光高岳,high,JPX,2026-06-30
company_exact,ダブル・スコープ,ダブルスコープ,high,JPX,2026-06-30
company_exact,宮越ホールディングス,宮越ホールディングス,high,JPX,2026-06-30
company_exact,ダイヘン,ダイヘン,high,JPX,2026-06-30
company_exact,ＪＡＬＣＯホールディングス,jalcoホールディングス,high,JPX,2026-06-30
company_exact,ＳＥＭＩＴＥＣ,semitec,high,JPX,2026-06-30
company_exact,テラプローブ,テラプローブ,high,JPX,2026-06-30
company_exact,テクノホライゾン,テクノホライゾン,high,JPX,2026-06-30
company_exact,ヤーマン,ヤーマン,high,JPX,2026-06-30
company_exact,ＪＶＣケンウッド,jvcケンウッド,high,JPX,2026-06-30
company_exact,ＣＧＳホールディングス,cgsホールディングス,high,JPX,2026-06-30
company_exact,ＪＮグループ,jnグループ,high,JPX,2026-06-30
company_exact,大日光・エンジニアリング,大日光エンジニアリング,high,JPX,2026-06-30
company_exact,寺崎電気産業,寺崎電気産業,high,JPX,2026-06-30
company_exact,ミマキエンジニアリング,ミマキエンジニアリング,high,JPX,2026-06-30
company_exact,戸上電機製作所,戸上電機製作所,high,JPX,2026-06-30
company_exact,大崎電気工業,大崎電気工業,high,JPX,2026-06-30
company_exact,オムロン,オムロン,high,JPX,2026-06-30
company_exact,森尾電機,森尾電機,high,JPX,2026-06-30
company_exact,かわでん,かわでん,high,JPX,2026-06-30
company_exact,日東工業,日東工業,high,JPX,2026-06-30
company_exact,ＩＤＥＣ,idec,high,JPX,2026-06-30
company_exact,正興電機製作所,正興電機製作所,high,JPX,2026-06-30
company_exact,不二電機工業,不二電機工業,high,JPX,2026-06-30
company_exact,インスペック,インスペック,high,JPX,2026-06-30
company_exact,シライ電子工業,シライ電子工業,high,JPX,2026-06-30
company_exact,メディアリンクス,メディアリンクス,high,JPX,2026-06-30
company_exact,ユビテック,ユビテック,high,JPX,2026-06-30
company_exact,太洋テクノレックス,太洋テクノレックス,high,JPX,2026-06-30
company_exact,オプトエレクトロニクス,オプトエレクトロニクス,high,JPX,2026-06-30
company_exact,リバーエレテック,リバーエレテック,high,JPX,2026-06-30
company_exact,アドテック　プラズマ　テクノロジー,アドテックプラズマテクノロジー,high,JPX,2026-06-30
company_exact,ジーエス・ユアサ　コーポレーション,ジーエスユアサコーポレーション,high,JPX,2026-06-30
company_exact,サクサ,サクサ,high,JPX,2026-06-30
company_exact,ＢＵＦＦＡＬＯ,buffalo,high,JPX,2026-06-30
company_exact,エスケーエレクトロニクス,エスケーエレクトロニクス,high,JPX,2026-06-30
company_exact,テクノメディカ,テクノメディカ,high,JPX,2026-06-30
company_exact,ズーム,ズーム,high,JPX,2026-06-30
company_exact,キャストリコ,キャストリコ,high,JPX,2026-06-30
company_exact,トラース・オン・プロダクト,トラースオンプロダクト,high,JPX,2026-06-30
company_exact,ダイヤモンドエレクトリックホールディングス,ダイヤモンドエレクトリックホールディングス,high,JPX,2026-06-30
company_exact,日本電気,日本電気,high,JPX,2026-06-30
company_exact,富士通,富士通,high,JPX,2026-06-30
company_exact,沖電気工業,沖電気工業,high,JPX,2026-06-30
company_exact,電気興業,電気興業,high,JPX,2026-06-30
company_exact,サンケン電気,サンケン電気,high,JPX,2026-06-30
company_exact,アイホン,アイホン,high,JPX,2026-06-30
company_exact,ウインテスト,ウインテスト,high,JPX,2026-06-30
company_exact,ルネサスエレクトロニクス,ルネサスエレクトロニクス,high,JPX,2026-06-30
company_exact,セイコーエプソン,セイコーエプソン,high,JPX,2026-06-30
company_exact,ワコム,ワコム,high,JPX,2026-06-30
company_exact,アルバック,アルバック,high,JPX,2026-06-30
company_exact,アクセル,アクセル,high,JPX,2026-06-30
company_exact,ピクセラ,ピクセラ,high,JPX,2026-06-30
company_exact,サン電子,サン電子,high,JPX,2026-06-30
company_exact,ＥＩＺＯ,eizo,high,JPX,2026-06-30
company_exact,ジャパンディスプレイ,ジャパンディスプレイ,high,JPX,2026-06-30
company_exact,日本信号,日本信号,high,JPX,2026-06-30
company_exact,京三製作所,京三製作所,high,JPX,2026-06-30
company_exact,大同信号,大同信号,high,JPX,2026-06-30
company_exact,能美防災,能美防災,high,JPX,2026-06-30
company_exact,ホーチキ,ホーチキ,high,JPX,2026-06-30
company_exact,星和電機,星和電機,high,JPX,2026-06-30
company_exact,エレコム,エレコム,high,JPX,2026-06-30
company_exact,パナソニック　ホールディングス,パナソニックホールディングス,high,JPX,2026-06-30
company_exact,シャープ,シャープ,high,JPX,2026-06-30
company_exact,アンリツ,アンリツ,high,JPX,2026-06-30
company_exact,ＯＳＧコーポレーション,osgコーポレーション,high,JPX,2026-06-30
company_exact,ソニーグループ,ソニーグループ,high,JPX,2026-06-30
company_exact,ＴＤＫ,tdk,high,JPX,2026-06-30
company_exact,帝国通信工業,帝国通信工業,high,JPX,2026-06-30
company_exact,タムラ製作所,タムラ製作所,high,JPX,2026-06-30
company_exact,ザインエレクトロニクス,ザインエレクトロニクス,high,JPX,2026-06-30
company_exact,アルプスアルパイン,アルプスアルパイン,high,JPX,2026-06-30
company_exact,池上通信機,池上通信機,high,JPX,2026-06-30
company_exact,東京コスモス電機,東京コスモス電機,high,JPX,2026-06-30
company_exact,ＴＢグループ,tbグループ,high,JPX,2026-06-30
company_exact,天昇電気工業,天昇電気工業,high,JPX,2026-06-30
company_exact,ｓａｎｔｅｃ　Ｈｏｌｄｉｎｇｓ,santecholdings,high,JPX,2026-06-30
company_exact,アルチザネットワークス,アルチザネットワークス,high,JPX,2026-06-30
company_exact,日本電波工業,日本電波工業,high,JPX,2026-06-30
company_exact,鈴木,鈴木,high,JPX,2026-06-30
company_exact,ＲＶＨ,rvh,high,JPX,2026-06-30
company_exact,メイコー,メイコー,high,JPX,2026-06-30
company_exact,日本トリム,日本トリム,high,JPX,2026-06-30
company_exact,フォスター電機,フォスター電機,high,JPX,2026-06-30
company_exact,名古屋電機工業,名古屋電機工業,high,JPX,2026-06-30
company_exact,ＳＭＫ,smk,high,JPX,2026-06-30
company_exact,ヨコオ,ヨコオ,high,JPX,2026-06-30
company_exact,ティアック,ティアック,high,JPX,2026-06-30
company_exact,ホシデン,ホシデン,high,JPX,2026-06-30
company_exact,ヒロセ電機,ヒロセ電機,high,JPX,2026-06-30
company_exact,日本航空電子工業,日本航空電子工業,high,JPX,2026-06-30
company_exact,ＴＯＡ,toa,high,JPX,2026-06-30
company_exact,マクセル,マクセル,high,JPX,2026-06-30
company_exact,古野電気,古野電気,high,JPX,2026-06-30
company_exact,スミダコーポレーション,スミダコーポレーション,high,JPX,2026-06-30
company_exact,伊豆シャボテンリゾート,伊豆シャボテンリゾート,high,JPX,2026-06-30
company_exact,アイコム,アイコム,high,JPX,2026-06-30
company_exact,大井電気,大井電気,high,JPX,2026-06-30
company_exact,リオン,リオン,high,JPX,2026-06-30
company_exact,新コスモス電機,新コスモス電機,high,JPX,2026-06-30
company_exact,アオイ電子,アオイ電子,high,JPX,2026-06-30
company_exact,精工技研,精工技研,high,JPX,2026-06-30
company_exact,アライドテレシスホールディングス,アライドテレシスホールディングス,high,JPX,2026-06-30
company_exact,ぷらっとホーム,ぷらっとホーム,high,JPX,2026-06-30
company_exact,京写,京写,high,JPX,2026-06-30
company_exact,多摩川ホールディングス,多摩川ホールディングス,high,JPX,2026-06-30
company_exact,ＡＫＩＢＡホールディングス,akibaホールディングス,high,JPX,2026-06-30
company_exact,横河電機,横河電機,high,JPX,2026-06-30
company_exact,新電元工業,新電元工業,high,JPX,2026-06-30
company_exact,アズビル,アズビル,high,JPX,2026-06-30
company_exact,東亜ディーケーケー,東亜ディーケーケー,high,JPX,2026-06-30
company_exact,日本光電工業,日本光電工業,high,JPX,2026-06-30
company_exact,チノー,チノー,high,JPX,2026-06-30
company_exact,共和電業,共和電業,high,JPX,2026-06-30
company_exact,日本電子材料,日本電子材料,high,JPX,2026-06-30
company_exact,堀場製作所,堀場製作所,high,JPX,2026-06-30
company_exact,アドバンテスト,アドバンテスト,high,JPX,2026-06-30
company_exact,小野測器,小野測器,high,JPX,2026-06-30
company_exact,エスペック,エスペック,high,JPX,2026-06-30
company_exact,キーエンス,キーエンス,high,JPX,2026-06-30
company_exact,ミナトホールディングス,ミナトホールディングス,high,JPX,2026-06-30
company_exact,ニレコ,ニレコ,high,JPX,2026-06-30
company_exact,エヌエフホールディングス,エヌエフホールディングス,high,JPX,2026-06-30
company_exact,日置電機,日置電機,high,JPX,2026-06-30
company_exact,リーダー電子,リーダー電子,high,JPX,2026-06-30
company_exact,シスメックス,シスメックス,high,JPX,2026-06-30
company_exact,日本フェンオール,日本フェンオール,high,JPX,2026-06-30
company_exact,日本マイクロニクス,日本マイクロニクス,high,JPX,2026-06-30
company_exact,協立電機,協立電機,high,JPX,2026-06-30
company_exact,メガチップス,メガチップス,high,JPX,2026-06-30
company_exact,ＯＢＡＲＡ　ＧＲＯＵＰ,obaragroup,high,JPX,2026-06-30
company_exact,三社電機製作所,三社電機製作所,high,JPX,2026-06-30
company_exact,アクモス,アクモス,high,JPX,2026-06-30
company_exact,フェローテック,フェローテック,high,JPX,2026-06-30
company_exact,パルステック工業,パルステック工業,high,JPX,2026-06-30
company_exact,ツインバード,ツインバード,high,JPX,2026-06-30
company_exact,トミタ電機,トミタ電機,high,JPX,2026-06-30
company_exact,ＡＳＴＩ,asti,high,JPX,2026-06-30
company_exact,デンソー,デンソー,high,JPX,2026-06-30
company_exact,原田工業,原田工業,high,JPX,2026-06-30
company_exact,コーセル,コーセル,high,JPX,2026-06-30
company_exact,ジオマテック,ジオマテック,high,JPX,2026-06-30
company_exact,イリソ電子工業,イリソ電子工業,high,JPX,2026-06-30
company_exact,菊水ホールディングス,菊水ホールディングス,high,JPX,2026-06-30
company_exact,オプテックスグループ,オプテックスグループ,high,JPX,2026-06-30
company_exact,千代田インテグレ,千代田インテグレ,high,JPX,2026-06-30
company_exact,アバールデータ,アバールデータ,high,JPX,2026-06-30
company_exact,ケル,ケル,high,JPX,2026-06-30
company_exact,レーザーテック,レーザーテック,high,JPX,2026-06-30
company_exact,スタンレー電気,スタンレー電気,high,JPX,2026-06-30
company_exact,ウシオ電機,ウシオ電機,high,JPX,2026-06-30
company_exact,岡谷電機産業,岡谷電機産業,high,JPX,2026-06-30
company_exact,ヘリオス　テクノ　ホールディング,ヘリオステクノホールディング,high,JPX,2026-06-30
company_exact,エノモト,エノモト,high,JPX,2026-06-30
company_exact,日本セラミック,日本セラミック,high,JPX,2026-06-30
company_exact,遠藤照明,遠藤照明,high,JPX,2026-06-30
company_exact,山一電機,山一電機,high,JPX,2026-06-30
company_exact,ソフィアホールディングス,ソフィアホールディングス,high,JPX,2026-06-30
company_exact,ＮＫＫスイッチズ,nkkスイッチズ,high,JPX,2026-06-30
company_exact,日本アビオニクス,日本アビオニクス,high,JPX,2026-06-30
company_exact,図研,図研,high,JPX,2026-06-30
company_exact,日本電子,日本電子,high,JPX,2026-06-30
company_exact,カシオ計算機,カシオ計算機,high,JPX,2026-06-30
company_exact,ファナック,ファナック,high,JPX,2026-06-30
company_exact,ＦＤＫ,fdk,high,JPX,2026-06-30
company_exact,日本シイエムケイ,日本シイエムケイ,high,JPX,2026-06-30
company_exact,フクダ電子,フクダ電子,high,JPX,2026-06-30
company_exact,エンプラス,エンプラス,high,JPX,2026-06-30
company_exact,大真空,大真空,high,JPX,2026-06-30
company_exact,ローム,ローム,high,JPX,2026-06-30
company_exact,サンコー,サンコー,high,JPX,2026-06-30
company_exact,浜松ホトニクス,浜松ホトニクス,high,JPX,2026-06-30
company_exact,三井ハイテック,三井ハイテック,high,JPX,2026-06-30
company_exact,松尾電機,松尾電機,high,JPX,2026-06-30
company_exact,京セラ,京セラ,high,JPX,2026-06-30
company_exact,太陽誘電,太陽誘電,high,JPX,2026-06-30
company_exact,日本抵抗器製作所,日本抵抗器製作所,high,JPX,2026-06-30
company_exact,村田製作所,村田製作所,high,JPX,2026-06-30
company_exact,リード,リード,high,JPX,2026-06-30
company_exact,双葉電子工業,双葉電子工業,high,JPX,2026-06-30
company_exact,日東電工,日東電工,high,JPX,2026-06-30
company_exact,北陸電気工業,北陸電気工業,high,JPX,2026-06-30
company_exact,大黒屋ホールディングス,大黒屋ホールディングス,high,JPX,2026-06-30
company_exact,指月電機製作所,指月電機製作所,high,JPX,2026-06-30
company_exact,東海理化電機製作所,東海理化電機製作所,high,JPX,2026-06-30
company_exact,ニチコン,ニチコン,high,JPX,2026-06-30
company_exact,日本ケミコン,日本ケミコン,high,JPX,2026-06-30
company_exact,日本タングステン,日本タングステン,high,JPX,2026-06-30
company_exact,ＫＯＡ,koa,high,JPX,2026-06-30
company_exact,三井Ｅ＆Ｓ,三井e&s,high,JPX,2026-06-30
company_exact,カナデビア,カナデビア,high,JPX,2026-06-30
company_exact,三菱重工業,三菱重工業,high,JPX,2026-06-30
company_exact,川崎重工業,川崎重工業,high,JPX,2026-06-30
company_exact,ＩＨＩ,ihi,high,JPX,2026-06-30
company_exact,名村造船所,名村造船所,high,JPX,2026-06-30
company_exact,内海造船,内海造船,high,JPX,2026-06-30
company_exact,ニッチツ,ニッチツ,high,JPX,2026-06-30
company_exact,サノヤスホールディングス,サノヤスホールディングス,high,JPX,2026-06-30
company_exact,スプリックス,スプリックス,high,JPX,2026-06-30
company_exact,インバウンドテック,インバウンドテック,high,JPX,2026-06-30
company_exact,マネジメントソリューションズ,マネジメントソリューションズ,high,JPX,2026-06-30
company_exact,プロレド・パートナーズ,プロレドパートナーズ,high,JPX,2026-06-30
company_exact,ａｎｄ　ｆａｃｔｏｒｙ,andfactory,high,JPX,2026-06-30
company_exact,イーエムネットジャパン,イーエムネットジャパン,high,JPX,2026-06-30
company_exact,テノ．ホールディングス,テノ.ホールディングス,high,JPX,2026-06-30
company_exact,フロンティア・マネジメント,フロンティアマネジメント,high,JPX,2026-06-30
company_exact,ブリッジインターナショナルグループ,ブリッジインターナショナルグループ,high,JPX,2026-06-30
company_exact,サン・ライフホールディング,サンライフホールディング,high,JPX,2026-06-30
company_exact,ＣＲＧホールディングス,crgホールディングス,high,JPX,2026-06-30
company_exact,アクセスグループ・ホールディングス,アクセスグループホールディングス,high,JPX,2026-06-30
company_exact,アルー,アルー,high,JPX,2026-06-30
company_exact,ピアラ,ピアラ,high,JPX,2026-06-30
company_exact,ＴＤＳＥ,tdse,high,JPX,2026-06-30
company_exact,ポート,ポート,high,JPX,2026-06-30
company_exact,ベルトラ,ベルトラ,high,JPX,2026-06-30
company_exact,識学,識学,high,JPX,2026-06-30
company_exact,フロンティアインターナショナル,フロンティアインターナショナル,high,JPX,2026-06-30
company_exact,エヌ・シー・エヌ,エヌシーエヌ,high,JPX,2026-06-30
company_exact,共栄セキュリティーサービス,共栄セキュリティーサービス,high,JPX,2026-06-30
company_exact,コプロ・ホールディングス,コプロホールディングス,high,JPX,2026-06-30
company_exact,ギークス,ギークス,high,JPX,2026-06-30
company_exact,日本ホスピスホールディングス,日本ホスピスホールディングス,high,JPX,2026-06-30
company_exact,フレアス,フレアス,high,JPX,2026-06-30
company_exact,Ｂｉｒｄｍａｎ,birdman,high,JPX,2026-06-30
company_exact,ハウテレビジョン,ハウテレビジョン,high,JPX,2026-06-30
company_exact,ユーピーアール,ユーピーアール,high,JPX,2026-06-30
company_exact,ピアズ,ピアズ,high,JPX,2026-06-30
company_exact,ブランディングテクノロジー,ブランディングテクノロジー,high,JPX,2026-06-30
company_exact,フィードフォースグループ,フィードフォースグループ,high,JPX,2026-06-30
company_exact,サイバー・バズ,サイバーバズ,high,JPX,2026-06-30
company_exact,アンビスホールディングス,アンビスホールディングス,high,JPX,2026-06-30
company_exact,インティメート・マージャー,インティメートマージャー,high,JPX,2026-06-30
company_exact,ジェイック,ジェイック,high,JPX,2026-06-30
company_exact,トゥエンティーフォーセブンホールディングス,トゥエンティーフォーセブンホールディングス,high,JPX,2026-06-30
company_exact,ＱＬＳホールディングス,qlsホールディングス,high,JPX,2026-06-30
company_exact,ＡＬｉＮＫインターネット,alinkインターネット,high,JPX,2026-06-30
company_exact,ＩＮＣＬＵＳＩＶＥ　Ｈｏｌｄｉｎｇｓ,inclusiveholdings,high,JPX,2026-06-30
company_exact,ＷＤＢココ,wdbココ,high,JPX,2026-06-30
company_exact,スポーツフィールド,スポーツフィールド,high,JPX,2026-06-30
company_exact,コーユーレンティア,コーユーレンティア,high,JPX,2026-06-30
company_exact,ジモティー,ジモティー,high,JPX,2026-06-30
company_exact,ＡＨＣグループ,ahcグループ,high,JPX,2026-06-30
company_exact,Ｓｍｉｌｅ　Ｈｏｌｄｉｎｇｓ,smileholdings,high,JPX,2026-06-30
company_exact,カーブスホールディングス,カーブスホールディングス,high,JPX,2026-06-30
company_exact,ウイルテック,ウイルテック,high,JPX,2026-06-30
company_exact,フォースタートアップス,フォースタートアップス,high,JPX,2026-06-30
company_exact,リグア,リグア,high,JPX,2026-06-30
company_exact,リビングプラットフォーム,リビングプラットフォーム,high,JPX,2026-06-30
company_exact,アディッシュ,アディッシュ,high,JPX,2026-06-30
company_exact,ＮｅｘＴｏｎｅ,nextone,high,JPX,2026-06-30
company_exact,Ｍａｃｂｅｅ　Ｐｌａｎｅｔ,macbeeplanet,high,JPX,2026-06-30
company_exact,ステムセル研究所,ステムセル研究所,high,JPX,2026-06-30
company_exact,さくらさくプラス,さくらさくプラス,high,JPX,2026-06-30
company_exact,エージェント,エージェント,high,JPX,2026-06-30
company_exact,日本車輌製造,日本車輌製造,high,JPX,2026-06-30
company_exact,クラシコム,クラシコム,high,JPX,2026-06-30
company_exact,ＩＮＥＳＴ,inest,high,JPX,2026-06-30
company_exact,キューブ,キューブ,high,JPX,2026-06-30
company_exact,フーディソン,フーディソン,high,JPX,2026-06-30
company_exact,アルファパーチェス,アルファパーチェス,high,JPX,2026-06-30
company_exact,ハルメクホールディングス,ハルメクホールディングス,high,JPX,2026-06-30
company_exact,ＳＨＩＮＫＯ,shinko,high,JPX,2026-06-30
company_exact,近畿車輛,近畿車輛,high,JPX,2026-06-30
company_exact,グローバルスタイル,グローバルスタイル,high,JPX,2026-06-30
company_exact,一家ホールディングス,一家ホールディングス,high,JPX,2026-06-30
company_exact,ユニソルホールディングス,ユニソルホールディングス,high,JPX,2026-06-30
company_exact,ミアヘルサホールディングス,ミアヘルサホールディングス,high,JPX,2026-06-30
company_exact,ヤマエグループホールディングス,ヤマエグループホールディングス,high,JPX,2026-06-30
company_exact,のむら産業,のむら産業,high,JPX,2026-06-30
company_exact,フローバル,フローバル,high,JPX,2026-06-30
company_exact,ＨＹＵＧＡ　ＰＲＩＭＡＲＹ　ＣＡＲＥ,hyugaprimarycare,high,JPX,2026-06-30
company_exact,アップガレージグループ,アップガレージグループ,high,JPX,2026-06-30
company_exact,ジャパンクラフトホールディングス,ジャパンクラフトホールディングス,high,JPX,2026-06-30
company_exact,グラントマト,グラントマト,high,JPX,2026-06-30
company_exact,ＴＯＲＩＣＯ,torico,high,JPX,2026-06-30
company_exact,東京高圧山崎,東京高圧山崎,high,JPX,2026-06-30
company_exact,ペットゴー,ペットゴー,high,JPX,2026-06-30
company_exact,ＦＰＧ,fpg,high,JPX,2026-06-30
company_exact,島根銀行,島根銀行,high,JPX,2026-06-30
company_exact,ライフネット生命保険,ライフネット生命保険,high,JPX,2026-06-30
company_exact,じもとホールディングス,じもとホールディングス,high,JPX,2026-06-30
company_exact,アストマックス,アストマックス,high,JPX,2026-06-30
company_exact,全国保証,全国保証,high,JPX,2026-06-30
company_exact,めぶきフィナンシャルグループ,めぶきフィナンシャルグループ,high,JPX,2026-06-30
company_exact,中央インターナショナルグループ,中央インターナショナルグループ,high,JPX,2026-06-30
company_exact,ジャパンインベストメントアドバイザー,ジャパンインベストメントアドバイザー,high,JPX,2026-06-30
company_exact,東京きらぼしフィナンシャルグループ,東京きらぼしフィナンシャルグループ,high,JPX,2026-06-30
company_exact,今村証券,今村証券,high,JPX,2026-06-30
company_exact,シンプレクス・ファイナンシャル・ホールディングス,シンプレクスファイナンシャルホールディングス,high,JPX,2026-06-30
company_exact,ＧＭＯフィナンシャルホールディングス,gmoフィナンシャルホールディングス,high,JPX,2026-06-30
company_exact,九州フィナンシャルグループ,九州フィナンシャルグループ,high,JPX,2026-06-30
company_exact,かんぽ生命保険,かんぽ生命保険,high,JPX,2026-06-30
company_exact,ゆうちょ銀行,ゆうちょ銀行,high,JPX,2026-06-30
company_exact,あんしん保証,あんしん保証,high,JPX,2026-06-30
company_exact,富山第一銀行,富山第一銀行,high,JPX,2026-06-30
company_exact,ヒロセ通商,ヒロセ通商,high,JPX,2026-06-30
company_exact,横浜フィナンシャルグループ,横浜フィナンシャルグループ,high,JPX,2026-06-30
company_exact,ジェイリース,ジェイリース,high,JPX,2026-06-30
company_exact,西日本フィナンシャルホールディングス,西日本フィナンシャルホールディングス,high,JPX,2026-06-30
company_exact,イントラスト,イントラスト,high,JPX,2026-06-30
company_exact,日本モーゲージサービス,日本モーゲージサービス,high,JPX,2026-06-30
company_exact,Ｃａｓａ,casa,high,JPX,2026-06-30
company_exact,ＳＢＩアルヒ,sbiアルヒ,high,JPX,2026-06-30
company_exact,プレミアグループ,プレミアグループ,high,JPX,2026-06-30
company_exact,日産自動車,日産自動車,high,JPX,2026-06-30
company_exact,いすゞ自動車,いすゞ自動車,high,JPX,2026-06-30
company_exact,トヨタ自動車,トヨタ自動車,high,JPX,2026-06-30
company_exact,カネミツ,カネミツ,high,JPX,2026-06-30
company_exact,三菱自動車工業,三菱自動車工業,high,JPX,2026-06-30
company_exact,エフテック,エフテック,high,JPX,2026-06-30
company_exact,レシップホールディングス,レシップホールディングス,high,JPX,2026-06-30
company_exact,ＧＭＢ,gmb,high,JPX,2026-06-30
company_exact,ファルテック,ファルテック,high,JPX,2026-06-30
company_exact,テイン,テイン,high,JPX,2026-06-30
company_exact,田中精密工業,田中精密工業,high,JPX,2026-06-30
company_exact,エッチ・ケー・エス,エッチケーエス,high,JPX,2026-06-30
company_exact,武蔵精密工業,武蔵精密工業,high,JPX,2026-06-30
company_exact,日産車体,日産車体,high,JPX,2026-06-30
company_exact,新明和工業,新明和工業,high,JPX,2026-06-30
company_exact,極東開発工業,極東開発工業,high,JPX,2026-06-30
company_exact,デイトナ,デイトナ,high,JPX,2026-06-30
company_exact,トピー工業,トピー工業,high,JPX,2026-06-30
company_exact,東京ラヂエーター製造,東京ラヂエーター製造,high,JPX,2026-06-30
company_exact,ティラド,ティラド,high,JPX,2026-06-30
company_exact,曙ブレーキ工業,曙ブレーキ工業,high,JPX,2026-06-30
company_exact,タチエス,タチエス,high,JPX,2026-06-30
company_exact,ＮＯＫ,nok,high,JPX,2026-06-30
company_exact,フタバ産業,フタバ産業,high,JPX,2026-06-30
company_exact,カヤバ,カヤバ,high,JPX,2026-06-30
company_exact,市光工業,市光工業,high,JPX,2026-06-30
company_exact,大同メタル工業,大同メタル工業,high,JPX,2026-06-30
company_exact,プレス工業,プレス工業,high,JPX,2026-06-30
company_exact,ミクニ,ミクニ,high,JPX,2026-06-30
company_exact,ユニバンス,ユニバンス,high,JPX,2026-06-30
company_exact,桜井製作所,桜井製作所,high,JPX,2026-06-30
company_exact,河西工業,河西工業,high,JPX,2026-06-30
company_exact,アイシン,アイシン,high,JPX,2026-06-30
company_exact,マツダ,マツダ,high,JPX,2026-06-30
company_exact,ムロコーポレーション,ムロコーポレーション,high,JPX,2026-06-30
company_exact,エイケン工業,エイケン工業,high,JPX,2026-06-30
company_exact,今仙電機製作所,今仙電機製作所,high,JPX,2026-06-30
company_exact,本田技研工業,本田技研工業,high,JPX,2026-06-30
company_exact,スズキ,スズキ,high,JPX,2026-06-30
company_exact,ＳＵＢＡＲＵ,subaru,high,JPX,2026-06-30
company_exact,安永,安永,high,JPX,2026-06-30
company_exact,ヤマハ発動機,ヤマハ発動機,high,JPX,2026-06-30
company_exact,イクヨ,イクヨ,high,JPX,2026-06-30
company_exact,小糸製作所,小糸製作所,high,JPX,2026-06-30
company_exact,ＴＢＫ,tbk,high,JPX,2026-06-30
company_exact,エクセディ,エクセディ,high,JPX,2026-06-30
company_exact,ハイレックスコーポレーション,ハイレックスコーポレーション,high,JPX,2026-06-30
company_exact,ミツバ,ミツバ,high,JPX,2026-06-30
company_exact,豊田合成,豊田合成,high,JPX,2026-06-30
company_exact,愛三工業,愛三工業,high,JPX,2026-06-30
company_exact,盟和産業,盟和産業,high,JPX,2026-06-30
company_exact,日本精機,日本精機,high,JPX,2026-06-30
company_exact,日本プラスト,日本プラスト,high,JPX,2026-06-30
company_exact,村上開明堂,村上開明堂,high,JPX,2026-06-30
company_exact,ヨロズ,ヨロズ,high,JPX,2026-06-30
company_exact,エフ・シー・シー,エフシーシー,high,JPX,2026-06-30
company_exact,カーメイト,カーメイト,high,JPX,2026-06-30
company_exact,フジオーゼックス,フジオーゼックス,high,JPX,2026-06-30
company_exact,新家工業,新家工業,high,JPX,2026-06-30
company_exact,シマノ,シマノ,high,JPX,2026-06-30
company_exact,テイ・エス　テック,テイエステック,high,JPX,2026-06-30
company_exact,小田原機器,小田原機器,high,JPX,2026-06-30
company_exact,松屋アールアンドディ,松屋アールアンドディ,high,JPX,2026-06-30
company_exact,セレンディップ・ホールディングス,セレンディップホールディングス,high,JPX,2026-06-30
company_exact,Ｓｏｌｖｖｙ,solvvy,high,JPX,2026-06-30
company_exact,三十三フィナンシャルグループ,三十三フィナンシャルグループ,high,JPX,2026-06-30
company_exact,アイリックコーポレーション,アイリックコーポレーション,high,JPX,2026-06-30
company_exact,ＳＢＩインシュアランスグループ,sbiインシュアランスグループ,high,JPX,2026-06-30
company_exact,第四北越フィナンシャルグループ,第四北越フィナンシャルグループ,high,JPX,2026-06-30
company_exact,ひろぎんホールディングス,ひろぎんホールディングス,high,JPX,2026-06-30
company_exact,ブロードマインド,ブロードマインド,high,JPX,2026-06-30
company_exact,アイ・パートナーズフィナンシャル,アイパートナーズフィナンシャル,high,JPX,2026-06-30
company_exact,マーキュリアホールディングス,マーキュリアホールディングス,high,JPX,2026-06-30
company_exact,おきなわフィナンシャルグループ,おきなわフィナンシャルグループ,high,JPX,2026-06-30
company_exact,グッドパッチ,グッドパッチ,high,JPX,2026-06-30
company_exact,ＴＷＯＳＴＯＮＥ＆Ｓｏｎｓ,twostone&sons,high,JPX,2026-06-30
company_exact,ＫＩＹＯラーニング,kiyoラーニング,high,JPX,2026-06-30
company_exact,ダイレクトマーケティングミックス,ダイレクトマーケティングミックス,high,JPX,2026-06-30
company_exact,一寸房,一寸房,high,JPX,2026-06-30
company_exact,Ｒｅｔｔｙ,retty,high,JPX,2026-06-30
company_exact,ジオコード,ジオコード,high,JPX,2026-06-30
company_exact,ポピンズ,ポピンズ,high,JPX,2026-06-30
company_exact,東京通信グループ,東京通信グループ,high,JPX,2026-06-30
company_exact,オンデック,オンデック,high,JPX,2026-06-30
company_exact,ヒューマンクリエイションホールディングス,ヒューマンクリエイションホールディングス,high,JPX,2026-06-30
company_exact,Ｔ．Ｓ．Ｉ,t.s.i,high,JPX,2026-06-30
company_exact,ベビーカレンダー,ベビーカレンダー,high,JPX,2026-06-30
company_exact,琉球アスティーダスポーツクラブ,琉球アスティーダスポーツクラブ,high,JPX,2026-06-30
company_exact,ＬＩＴＡＬＩＣＯ,litalico,high,JPX,2026-06-30
company_exact,セルム,セルム,high,JPX,2026-06-30
company_exact,表示灯,表示灯,high,JPX,2026-06-30
company_exact,メイホーホールディングス,メイホーホールディングス,high,JPX,2026-06-30
company_exact,Ｅｎｊｉｎ,enjin,high,JPX,2026-06-30
company_exact,Ｚｅｎｋｅｎ,zenken,high,JPX,2026-06-30
company_exact,デコルテ・ホールディングス,デコルテホールディングス,high,JPX,2026-06-30
company_exact,アイドマ・ホールディングス,アイドマホールディングス,high,JPX,2026-06-30
company_exact,コンフィデンス・インターワークス,コンフィデンスインターワークス,high,JPX,2026-06-30
company_exact,リファインバースグループ,リファインバースグループ,high,JPX,2026-06-30
company_exact,ＢＣＣ,bcc,high,JPX,2026-06-30
company_exact,ＤＮホールディングス,dnホールディングス,high,JPX,2026-06-30
company_exact,アシロ,アシロ,high,JPX,2026-06-30
company_exact,十六フィナンシャルグループ,十六フィナンシャルグループ,high,JPX,2026-06-30
company_exact,ＣＣＩグループ,cciグループ,high,JPX,2026-06-30
company_exact,ネットプロテクションズホールディングス,ネットプロテクションズホールディングス,high,JPX,2026-06-30
company_exact,プロクレアホールディングス,プロクレアホールディングス,high,JPX,2026-06-30
company_exact,ＦＰパートナー,fpパートナー,high,JPX,2026-06-30
company_exact,あいちフィナンシャルグループ,あいちフィナンシャルグループ,high,JPX,2026-06-30
company_exact,ナンシン,ナンシン,high,JPX,2026-06-30
company_exact,ＡｅｒｏＥｄｇｅ,aeroedge,high,JPX,2026-06-30
company_exact,アトム,アトム,high,JPX,2026-06-30
company_exact,創健社,創健社,high,JPX,2026-06-30
company_exact,小野建,小野建,high,JPX,2026-06-30
company_exact,はるやまホールディングス,はるやまホールディングス,high,JPX,2026-06-30
company_exact,南陽,南陽,high,JPX,2026-06-30
company_exact,ノジマ,ノジマ,high,JPX,2026-06-30
company_exact,カッパ・クリエイト,カッパクリエイト,high,JPX,2026-06-30
company_exact,東邦レマック,東邦レマック,high,JPX,2026-06-30
company_exact,初穂商事,初穂商事,high,JPX,2026-06-30
company_exact,山大,山大,high,JPX,2026-06-30
company_exact,エコートレーディング,エコートレーディング,high,JPX,2026-06-30
company_exact,伯東,伯東,high,JPX,2026-06-30
company_exact,オータケ,オータケ,high,JPX,2026-06-30
company_exact,ナ・デックス,ナデックス,high,JPX,2026-06-30
company_exact,コンドーテック,コンドーテック,high,JPX,2026-06-30
company_exact,中山福,中山福,high,JPX,2026-06-30
company_exact,横浜魚類,横浜魚類,high,JPX,2026-06-30
company_exact,ハリマ共和物産,ハリマ共和物産,high,JPX,2026-06-30
company_exact,東北化学薬品,東北化学薬品,high,JPX,2026-06-30
company_exact,ナガイレーベン,ナガイレーベン,high,JPX,2026-06-30
company_exact,良品計画,良品計画,high,JPX,2026-06-30
company_exact,松田産業,松田産業,high,JPX,2026-06-30
company_exact,第一興商,第一興商,high,JPX,2026-06-30
company_exact,メディパルホールディングス,メディパルホールディングス,high,JPX,2026-06-30
company_exact,ヤギ,ヤギ,high,JPX,2026-06-30
company_exact,キムラ,キムラ,high,JPX,2026-06-30
company_exact,ＣＡＰＩＴＡ,capita,high,JPX,2026-06-30
company_exact,アドヴァングループ,アドヴァングループ,high,JPX,2026-06-30
company_exact,セフテック,セフテック,high,JPX,2026-06-30
company_exact,ＳＰＫ,spk,high,JPX,2026-06-30
company_exact,鳥羽洋行,鳥羽洋行,high,JPX,2026-06-30
company_exact,アルビス,アルビス,high,JPX,2026-06-30
company_exact,アズワン,アズワン,high,JPX,2026-06-30
company_exact,ムラキ,ムラキ,high,JPX,2026-06-30
company_exact,スズデン,スズデン,high,JPX,2026-06-30
company_exact,尾家産業,尾家産業,high,JPX,2026-06-30
company_exact,シモジマ,シモジマ,high,JPX,2026-06-30
company_exact,ドウシシャ,ドウシシャ,high,JPX,2026-06-30
company_exact,サンリン,サンリン,high,JPX,2026-06-30
company_exact,小津産業,小津産業,high,JPX,2026-06-30
company_exact,日新商事,日新商事,high,JPX,2026-06-30
company_exact,コナカ,コナカ,high,JPX,2026-06-30
company_exact,西川計測,西川計測,high,JPX,2026-06-30
company_exact,ティムコ,ティムコ,high,JPX,2026-06-30
company_exact,プラザホールディングス,プラザホールディングス,high,JPX,2026-06-30
company_exact,高速,高速,high,JPX,2026-06-30
company_exact,扶桑電通,扶桑電通,high,JPX,2026-06-30
company_exact,ハウス　オブ　ローゼ,ハウスオブローゼ,high,JPX,2026-06-30
company_exact,Ｇ‐７ホールディングス,g‐7ホールディングス,high,JPX,2026-06-30
company_exact,アイエーグループ,アイエーグループ,high,JPX,2026-06-30
company_exact,たけびし,たけびし,high,JPX,2026-06-30
company_exact,イオン北海道,イオン北海道,high,JPX,2026-06-30
company_exact,コジマ,コジマ,high,JPX,2026-06-30
company_exact,ヒマラヤ,ヒマラヤ,high,JPX,2026-06-30
company_exact,マルヨシセンター,マルヨシセンター,high,JPX,2026-06-30
company_exact,コーナン商事,コーナン商事,high,JPX,2026-06-30
company_exact,エコス,エコス,high,JPX,2026-06-30
company_exact,ムサシ,ムサシ,high,JPX,2026-06-30
company_exact,ワタミ,ワタミ,high,JPX,2026-06-30
company_exact,アールビバン,アールビバン,high,JPX,2026-06-30
company_exact,マルシェ,マルシェ,high,JPX,2026-06-30
company_exact,リックス,リックス,high,JPX,2026-06-30
company_exact,システムソフト,システムソフト,high,JPX,2026-06-30
company_exact,清和中央ホールディングス,清和中央ホールディングス,high,JPX,2026-06-30
company_exact,パン・パシフィック・インターナショナルホールディングス,パンパシフィックインターナショナルホールディングス,high,JPX,2026-06-30
company_exact,丸文,丸文,high,JPX,2026-06-30
company_exact,大水,大水,high,JPX,2026-06-30
company_exact,アイナボホールディングス,アイナボホールディングス,high,JPX,2026-06-30
company_exact,スリーエフ,スリーエフ,high,JPX,2026-06-30
company_exact,西松屋チェーン,西松屋チェーン,high,JPX,2026-06-30
company_exact,ゼンショーホールディングス,ゼンショーホールディングス,high,JPX,2026-06-30
company_exact,ゼンショーホールディングス第１回社債型種類株式,ゼンショーホールディングス第1回社債型種類株式,high,JPX,2026-06-30
company_exact,ウェッズ,ウェッズ,high,JPX,2026-06-30
company_exact,ハピネット,ハピネット,high,JPX,2026-06-30
company_exact,幸楽苑,幸楽苑,high,JPX,2026-06-30
company_exact,大田花き,大田花き,high,JPX,2026-06-30
company_exact,ハークスレイ,ハークスレイ,high,JPX,2026-06-30
company_exact,安楽亭,安楽亭,high,JPX,2026-06-30
company_exact,ワークマン,ワークマン,high,JPX,2026-06-30
company_exact,萬世電機,萬世電機,high,JPX,2026-06-30
company_exact,栄電子,栄電子,high,JPX,2026-06-30
company_exact,橋本総業ホールディングス,橋本総業ホールディングス,high,JPX,2026-06-30
company_exact,ヤマノホールディングス,ヤマノホールディングス,high,JPX,2026-06-30
company_exact,日本ライフライン,日本ライフライン,high,JPX,2026-06-30
company_exact,ニチリョク,ニチリョク,high,JPX,2026-06-30
company_exact,サイゼリヤ,サイゼリヤ,high,JPX,2026-06-30
company_exact,かんなん丸,かんなん丸,high,JPX,2026-06-30
company_exact,タカショー,タカショー,high,JPX,2026-06-30
company_exact,ＶＴホールディングス,vtホールディングス,high,JPX,2026-06-30
company_exact,アルゴグラフィックス,アルゴグラフィックス,high,JPX,2026-06-30
company_exact,魚力,魚力,high,JPX,2026-06-30
company_exact,ＩＤＯＭ,idom,high,JPX,2026-06-30
company_exact,日本エム・ディ・エム,日本エムディエム,high,JPX,2026-06-30
company_exact,ポプラ,ポプラ,high,JPX,2026-06-30
company_exact,レダックス,レダックス,high,JPX,2026-06-30
company_exact,ジーイエット,ジーイエット,high,JPX,2026-06-30
company_exact,梅の花グループ,梅の花グループ,high,JPX,2026-06-30
company_exact,ユナイテッドアローズ,ユナイテッドアローズ,high,JPX,2026-06-30
company_exact,進和,進和,high,JPX,2026-06-30
company_exact,エスケイジャパン,エスケイジャパン,high,JPX,2026-06-30
company_exact,ダイトロン,ダイトロン,high,JPX,2026-06-30
company_exact,テイツー,テイツー,high,JPX,2026-06-30
company_exact,ハイデイ日高,ハイデイ日高,high,JPX,2026-06-30
company_exact,シークス,シークス,high,JPX,2026-06-30
company_exact,オーエムツーネットワーク,オーエムツーネットワーク,high,JPX,2026-06-30
company_exact,京都きもの友禅ホールディングス,京都きもの友禅ホールディングス,high,JPX,2026-06-30
company_exact,コロワイド,コロワイド,high,JPX,2026-06-30
company_exact,田中商事,田中商事,high,JPX,2026-06-30
company_exact,うかい,うかい,high,JPX,2026-06-30
company_exact,ＮａＩＴＯ,naito,high,JPX,2026-06-30
company_exact,グローバルダイニング,グローバルダイニング,high,JPX,2026-06-30
company_exact,オーハシテクニカ,オーハシテクニカ,high,JPX,2026-06-30
company_exact,壱番屋,壱番屋,high,JPX,2026-06-30
company_exact,星医療酸器,星医療酸器,high,JPX,2026-06-30
company_exact,ハンズマン,ハンズマン,high,JPX,2026-06-30
company_exact,白銅,白銅,high,JPX,2026-06-30
company_exact,ＮＥＷ　ＡＲＴ　ＨＯＬＤＩＮＧＳ,newartholdings,high,JPX,2026-06-30
company_exact,トップカルチャー,トップカルチャー,high,JPX,2026-06-30
company_exact,ダイイチ,ダイイチ,high,JPX,2026-06-30
company_exact,ＰＬＡＮＴ,plant,high,JPX,2026-06-30
company_exact,スギホールディングス,スギホールディングス,high,JPX,2026-06-30
company_exact,オーウエル,オーウエル,high,JPX,2026-06-30
company_exact,ダイコー通産,ダイコー通産,high,JPX,2026-06-30
company_exact,ＮＡＴＴＹ　ＳＷＡＮＫＹホールディングス,nattyswankyホールディングス,high,JPX,2026-06-30
company_exact,ヤシマキザイ,ヤシマキザイ,high,JPX,2026-06-30
company_exact,あさくま,あさくま,high,JPX,2026-06-30
company_exact,薬王堂ホールディングス,薬王堂ホールディングス,high,JPX,2026-06-30
company_exact,軽自動車館,軽自動車館,high,JPX,2026-06-30
company_exact,レオクラン,レオクラン,high,JPX,2026-06-30
company_exact,浜木綿,浜木綿,high,JPX,2026-06-30
company_exact,ダブルエー,ダブルエー,high,JPX,2026-06-30
company_exact,ＢｕｙＳｅｌｌ　Ｔｅｃｈｎｏｌｏｇｉｅｓ,buyselltechnologies,high,JPX,2026-06-30
company_exact,ひとまいる,ひとまいる,high,JPX,2026-06-30
company_exact,ミクリード,ミクリード,high,JPX,2026-06-30
company_exact,コパ・コーポレーション,コパコーポレーション,high,JPX,2026-06-30
company_exact,カレント自動車,カレント自動車,high,JPX,2026-06-30
company_exact,Ｃ　Ｃｈａｎｎｅｌ,cchannel,high,JPX,2026-06-30
company_exact,アースインフィニティ,アースインフィニティ,high,JPX,2026-06-30
company_exact,北海道歯科産業,北海道歯科産業,high,JPX,2026-06-30
company_exact,いつも,いつも,high,JPX,2026-06-30
company_exact,交換できるくん,交換できるくん,high,JPX,2026-06-30
company_exact,アイスコ,アイスコ,high,JPX,2026-06-30
company_exact,オムニ・プラス・システム・リミテッド　ＪＤＲ,オムニプラスシステムリミテッドjdr,high,JPX,2026-06-30
company_exact,島津製作所,島津製作所,high,JPX,2026-06-30
company_exact,ＪＭＳ,jms,high,JPX,2026-06-30
company_exact,プレシジョン・システム・サイエンス,プレシジョンシステムサイエンス,high,JPX,2026-06-30
company_exact,クボテック,クボテック,high,JPX,2026-06-30
company_exact,助川電気工業,助川電気工業,high,JPX,2026-06-30
company_exact,シグマ光機,シグマ光機,high,JPX,2026-06-30
company_exact,長野計器,長野計器,high,JPX,2026-06-30
company_exact,ナカニシ,ナカニシ,high,JPX,2026-06-30
company_exact,ブイ・テクノロジー,ブイテクノロジー,high,JPX,2026-06-30
company_exact,東京衡機,東京衡機,high,JPX,2026-06-30
company_exact,東京計器,東京計器,high,JPX,2026-06-30
company_exact,国際計測器,国際計測器,high,JPX,2026-06-30
company_exact,愛知時計電機,愛知時計電機,high,JPX,2026-06-30
company_exact,インターアクション,インターアクション,high,JPX,2026-06-30
company_exact,黒田精工,黒田精工,high,JPX,2026-06-30
company_exact,オーバル,オーバル,high,JPX,2026-06-30
company_exact,東京精密,東京精密,high,JPX,2026-06-30
company_exact,マニー,マニー,high,JPX,2026-06-30
company_exact,ニコン,ニコン,high,JPX,2026-06-30
company_exact,オリンパス,オリンパス,high,JPX,2026-06-30
company_exact,理研計器,理研計器,high,JPX,2026-06-30
company_exact,ＳＣＲＥＥＮホールディングス,screenホールディングス,high,JPX,2026-06-30
company_exact,タムロン,タムロン,high,JPX,2026-06-30
company_exact,ＨＯＹＡ,hoya,high,JPX,2026-06-30
company_exact,シード,シード,high,JPX,2026-06-30
company_exact,ノーリツ鋼機,ノーリツ鋼機,high,JPX,2026-06-30
company_exact,Ａ＆Ｄホロンホールディングス,a&dホロンホールディングス,high,JPX,2026-06-30
company_exact,岡本硝子,岡本硝子,high,JPX,2026-06-30
company_exact,朝日インテック,朝日インテック,high,JPX,2026-06-30
company_exact,メディキット,メディキット,high,JPX,2026-06-30
company_exact,キヤノン,キヤノン,high,JPX,2026-06-30
company_exact,リコー,リコー,high,JPX,2026-06-30
company_exact,ＩＭＶ,imv,high,JPX,2026-06-30
company_exact,シチズン時計,シチズン時計,high,JPX,2026-06-30
company_exact,リズム,リズム,high,JPX,2026-06-30
company_exact,日本精密,日本精密,high,JPX,2026-06-30
company_exact,ジャパン・ティッシュエンジニアリング,ジャパンティッシュエンジニアリング,high,JPX,2026-06-30
company_exact,大研医器,大研医器,high,JPX,2026-06-30
company_exact,セルシード,セルシード,high,JPX,2026-06-30
company_exact,スリー・ディー・マトリックス,スリーディーマトリックス,high,JPX,2026-06-30
company_exact,ＣＹＢＥＲＤＹＮＥ,cyberdyne,high,JPX,2026-06-30
company_exact,メニコン,メニコン,high,JPX,2026-06-30
company_exact,平山ホールディングス,平山ホールディングス,high,JPX,2026-06-30
company_exact,シンシア,シンシア,high,JPX,2026-06-30
company_exact,ドリームベッド,ドリームベッド,high,JPX,2026-06-30
company_exact,コラントッテ,コラントッテ,high,JPX,2026-06-30
company_exact,イメージ・マジック,イメージマジック,high,JPX,2026-06-30
company_exact,イーディーピー,イーディーピー,high,JPX,2026-06-30
company_exact,ＫＹＯＲＩＴＳＵ,kyoritsu,high,JPX,2026-06-30
company_exact,アミファ,アミファ,high,JPX,2026-06-30
company_exact,ブシロード,ブシロード,high,JPX,2026-06-30
company_exact,ビーアンドピー,ビーアンドピー,high,JPX,2026-06-30
company_exact,プリントネット,プリントネット,high,JPX,2026-06-30
company_exact,ＭＴＧ,mtg,high,JPX,2026-06-30
company_exact,幸和製作所,幸和製作所,high,JPX,2026-06-30
company_exact,シー・エス・ランバー,シーエスランバー,high,JPX,2026-06-30
company_exact,壽屋,壽屋,high,JPX,2026-06-30
company_exact,クロスフォー,クロスフォー,high,JPX,2026-06-30
company_exact,中本パックス,中本パックス,high,JPX,2026-06-30
company_exact,クレステック,クレステック,high,JPX,2026-06-30
company_exact,プラッツ,プラッツ,high,JPX,2026-06-30
company_exact,日本創発グループ,日本創発グループ,high,JPX,2026-06-30
company_exact,東京ボード工業,東京ボード工業,high,JPX,2026-06-30
company_exact,トランザクション,トランザクション,high,JPX,2026-06-30
company_exact,粧美堂,粧美堂,high,JPX,2026-06-30
company_exact,ニホンフラッシュ,ニホンフラッシュ,high,JPX,2026-06-30
company_exact,前田工繊,前田工繊,high,JPX,2026-06-30
company_exact,永大産業,永大産業,high,JPX,2026-06-30
company_exact,アートネイチャー,アートネイチャー,high,JPX,2026-06-30
company_exact,フルヤ金属,フルヤ金属,high,JPX,2026-06-30
company_exact,オービス,オービス,high,JPX,2026-06-30
company_exact,ウイルコホールディングス,ウイルコホールディングス,high,JPX,2026-06-30
company_exact,バンダイナムコホールディングス,バンダイナムコホールディングス,high,JPX,2026-06-30
company_exact,アイフィスジャパン,アイフィスジャパン,high,JPX,2026-06-30
company_exact,アビックス,アビックス,high,JPX,2026-06-30
company_exact,アールシーコア,アールシーコア,high,JPX,2026-06-30
company_exact,ＳＨＯＥＩ,shoei,high,JPX,2026-06-30
company_exact,フランスベッドホールディングス,フランスベッドホールディングス,high,JPX,2026-06-30
company_exact,遠藤製作所,遠藤製作所,high,JPX,2026-06-30
company_exact,マーベラス,マーベラス,high,JPX,2026-06-30
company_exact,パイロットコーポレーション,パイロットコーポレーション,high,JPX,2026-06-30
company_exact,グラファイトデザイン,グラファイトデザイン,high,JPX,2026-06-30
company_exact,スターツ出版,スターツ出版,high,JPX,2026-06-30
company_exact,総合商研,総合商研,high,JPX,2026-06-30
company_exact,カワセコンピュータサプライ,カワセコンピュータサプライ,high,JPX,2026-06-30
company_exact,萩原工業,萩原工業,high,JPX,2026-06-30
company_exact,セキ,セキ,high,JPX,2026-06-30
company_exact,アルメディオ,アルメディオ,high,JPX,2026-06-30
company_exact,エイベックス,エイベックス,high,JPX,2026-06-30
company_exact,平賀,平賀,high,JPX,2026-06-30
company_exact,フジシールインターナショナル,フジシールインターナショナル,high,JPX,2026-06-30
company_exact,ピープル,ピープル,high,JPX,2026-06-30
company_exact,タカラトミー,タカラトミー,high,JPX,2026-06-30
company_exact,広済堂ホールディングス,広済堂ホールディングス,high,JPX,2026-06-30
company_exact,フクビ化学工業,フクビ化学工業,high,JPX,2026-06-30
company_exact,エステールホールディングス,エステールホールディングス,high,JPX,2026-06-30
company_exact,レック,レック,high,JPX,2026-06-30
company_exact,竹田ｉＰホールディングス,竹田ipホールディングス,high,JPX,2026-06-30
company_exact,永大化工,永大化工,high,JPX,2026-06-30
company_exact,光・彩,光彩,high,JPX,2026-06-30
company_exact,ノダ,ノダ,high,JPX,2026-06-30
company_exact,サンメッセ,サンメッセ,high,JPX,2026-06-30
company_exact,タカノ,タカノ,high,JPX,2026-06-30
company_exact,ヤマト　モビリティ　＆　Ｍｆｇ．,ヤマトモビリティ&mfg.,high,JPX,2026-06-30
company_exact,南海プライウッド,南海プライウッド,high,JPX,2026-06-30
company_exact,三光合成,三光合成,high,JPX,2026-06-30
company_exact,プロネクサス,プロネクサス,high,JPX,2026-06-30
company_exact,セブン工業,セブン工業,high,JPX,2026-06-30
company_exact,ホクシン,ホクシン,high,JPX,2026-06-30
company_exact,ウッドワン,ウッドワン,high,JPX,2026-06-30
company_exact,マツモト,マツモト,high,JPX,2026-06-30
company_exact,ソノコム,ソノコム,high,JPX,2026-06-30
company_exact,ヨネックス,ヨネックス,high,JPX,2026-06-30
company_exact,きもと,きもと,high,JPX,2026-06-30
company_exact,ＴＯＰＰＡＮホールディングス,toppanホールディングス,high,JPX,2026-06-30
company_exact,大日本印刷,大日本印刷,high,JPX,2026-06-30
company_exact,共同印刷,共同印刷,high,JPX,2026-06-30
company_exact,ＮＩＳＳＨＡ,nissha,high,JPX,2026-06-30
company_exact,光村印刷,光村印刷,high,JPX,2026-06-30
company_exact,ＺＡＣＲＯＳ,zacros,high,JPX,2026-06-30
company_exact,ヴィア・ホールディングス,ヴィアホールディングス,high,JPX,2026-06-30
company_exact,野崎印刷紙業,野崎印刷紙業,high,JPX,2026-06-30
company_exact,ＴＡＫＡＲＡ　＆　ＣＯＭＰＡＮＹ,takara&company,high,JPX,2026-06-30
company_exact,ムトー精工,ムトー精工,high,JPX,2026-06-30
company_exact,旭化学工業,旭化学工業,high,JPX,2026-06-30
company_exact,未来工業,未来工業,high,JPX,2026-06-30
company_exact,ニッピ,ニッピ,high,JPX,2026-06-30
company_exact,アシックス,アシックス,high,JPX,2026-06-30
company_exact,ツツミ,ツツミ,high,JPX,2026-06-30
company_exact,リーガルコーポレーション,リーガルコーポレーション,high,JPX,2026-06-30
company_exact,研創,研創,high,JPX,2026-06-30
company_exact,ウェーブロックホールディングス,ウェーブロックホールディングス,high,JPX,2026-06-30
company_exact,ＪＳＰ,jsp,high,JPX,2026-06-30
company_exact,ニチハ,ニチハ,high,JPX,2026-06-30
company_exact,ローランド,ローランド,high,JPX,2026-06-30
company_exact,光陽社,光陽社,high,JPX,2026-06-30
company_exact,エフピコ,エフピコ,high,JPX,2026-06-30
company_exact,小松ウオール工業,小松ウオール工業,high,JPX,2026-06-30
company_exact,ヤマハ,ヤマハ,high,JPX,2026-06-30
company_exact,河合楽器製作所,河合楽器製作所,high,JPX,2026-06-30
company_exact,菊水化学工業,菊水化学工業,high,JPX,2026-06-30
company_exact,クリナップ,クリナップ,high,JPX,2026-06-30
company_exact,ピジョン,ピジョン,high,JPX,2026-06-30
company_exact,フジコピアン,フジコピアン,high,JPX,2026-06-30
company_exact,キングジム,キングジム,high,JPX,2026-06-30
company_exact,興研,興研,high,JPX,2026-06-30
company_exact,象印マホービン,象印マホービン,high,JPX,2026-06-30
company_exact,リンテック,リンテック,high,JPX,2026-06-30
company_exact,信越ポリマー,信越ポリマー,high,JPX,2026-06-30
company_exact,東リ,東リ,high,JPX,2026-06-30
company_exact,イトーキ,イトーキ,high,JPX,2026-06-30
company_exact,任天堂,任天堂,high,JPX,2026-06-30
company_exact,リヒトラブ,リヒトラブ,high,JPX,2026-06-30
company_exact,三菱鉛筆,三菱鉛筆,high,JPX,2026-06-30
company_exact,松風,松風,high,JPX,2026-06-30
company_exact,重松製作所,重松製作所,high,JPX,2026-06-30
company_exact,タカラスタンダード,タカラスタンダード,high,JPX,2026-06-30
company_exact,ミロク,ミロク,high,JPX,2026-06-30
company_exact,コクヨ,コクヨ,high,JPX,2026-06-30
company_exact,ネポン,ネポン,high,JPX,2026-06-30
company_exact,日本アイ・エス・ケイ,日本アイエスケイ,high,JPX,2026-06-30
company_exact,ナカバヤシ,ナカバヤシ,high,JPX,2026-06-30
company_exact,ニフコ,ニフコ,high,JPX,2026-06-30
company_exact,立川ブラインド工業,立川ブラインド工業,high,JPX,2026-06-30
company_exact,グローブライド,グローブライド,high,JPX,2026-06-30
company_exact,マミヤ・オーピー,マミヤオーピー,high,JPX,2026-06-30
company_exact,セーラー万年筆,セーラー万年筆,high,JPX,2026-06-30
company_exact,オカムラ,オカムラ,high,JPX,2026-06-30
company_exact,バルカー,バルカー,high,JPX,2026-06-30
company_exact,くろがね工作所,くろがね工作所,high,JPX,2026-06-30
company_exact,伊藤忠商事,伊藤忠商事,high,JPX,2026-06-30
company_exact,丸紅,丸紅,high,JPX,2026-06-30
company_exact,スクロール,スクロール,high,JPX,2026-06-30
company_exact,ユアサ・フナショク,ユアサフナショク,high,JPX,2026-06-30
company_exact,高島,高島,high,JPX,2026-06-30
company_exact,ヨンドシーホールディングス,ヨンドシーホールディングス,high,JPX,2026-06-30
company_exact,三陽商会,三陽商会,high,JPX,2026-06-30
company_exact,長瀬産業,長瀬産業,high,JPX,2026-06-30
company_exact,ナイガイ,ナイガイ,high,JPX,2026-06-30
company_exact,蝶理,蝶理,high,JPX,2026-06-30
company_exact,豊田通商,豊田通商,high,JPX,2026-06-30
company_exact,オンワードホールディングス,オンワードホールディングス,high,JPX,2026-06-30
company_exact,三共生興,三共生興,high,JPX,2026-06-30
company_exact,兼松,兼松,high,JPX,2026-06-30
company_exact,美津濃,美津濃,high,JPX,2026-06-30
company_exact,ＤＡＩＫＯ　ＸＴＥＣＨ,daikoxtech,high,JPX,2026-06-30
company_exact,ツカモトコーポレーション,ツカモトコーポレーション,high,JPX,2026-06-30
company_exact,ルックホールディングス,ルックホールディングス,high,JPX,2026-06-30
company_exact,中央魚類,中央魚類,high,JPX,2026-06-30
company_exact,三井物産,三井物産,high,JPX,2026-06-30
company_exact,日本紙パルプ商事,日本紙パルプ商事,high,JPX,2026-06-30
company_exact,東京エレクトロン,東京エレクトロン,high,JPX,2026-06-30
company_exact,カメイ,カメイ,high,JPX,2026-06-30
company_exact,築地魚市場,築地魚市場,high,JPX,2026-06-30
company_exact,東京ソワール,東京ソワール,high,JPX,2026-06-30
company_exact,ＯＵＧホールディングス,ougホールディングス,high,JPX,2026-06-30
company_exact,スターゼン,スターゼン,high,JPX,2026-06-30
company_exact,横浜丸魚,横浜丸魚,high,JPX,2026-06-30
company_exact,丸藤シートパイル,丸藤シートパイル,high,JPX,2026-06-30
company_exact,セイコーグループ,セイコーグループ,high,JPX,2026-06-30
company_exact,山善,山善,high,JPX,2026-06-30
company_exact,椿本興業,椿本興業,high,JPX,2026-06-30
company_exact,住友商事,住友商事,high,JPX,2026-06-30
company_exact,ＢＩＰＲＯＧＹ,biprogy,high,JPX,2026-06-30
company_exact,内田洋行,内田洋行,high,JPX,2026-06-30
company_exact,三菱商事,三菱商事,high,JPX,2026-06-30
company_exact,第一実業,第一実業,high,JPX,2026-06-30
company_exact,キヤノンマーケティングジャパン,キヤノンマーケティングジャパン,high,JPX,2026-06-30
company_exact,西華産業,西華産業,high,JPX,2026-06-30
company_exact,佐藤商事,佐藤商事,high,JPX,2026-06-30
company_exact,三谷商事,三谷商事,high,JPX,2026-06-30
company_exact,東京産業,東京産業,high,JPX,2026-06-30
company_exact,ＹＵＡＳＡ,yuasa,high,JPX,2026-06-30
company_exact,神鋼商事,神鋼商事,high,JPX,2026-06-30
company_exact,カノークス,カノークス,high,JPX,2026-06-30
company_exact,トルク,トルク,high,JPX,2026-06-30
company_exact,阪和興業,阪和興業,high,JPX,2026-06-30
company_exact,正栄食品工業,正栄食品工業,high,JPX,2026-06-30
company_exact,カナデン,カナデン,high,JPX,2026-06-30
company_exact,ＲＹＯＤＥＮ,ryoden,high,JPX,2026-06-30
company_exact,ナラサキ産業,ナラサキ産業,high,JPX,2026-06-30
company_exact,ニプロ,ニプロ,high,JPX,2026-06-30
company_exact,岩谷産業,岩谷産業,high,JPX,2026-06-30
company_exact,ナイス,ナイス,high,JPX,2026-06-30
company_exact,ニチモウ,ニチモウ,high,JPX,2026-06-30
company_exact,極東貿易,極東貿易,high,JPX,2026-06-30
company_exact,アステナホールディングス,アステナホールディングス,high,JPX,2026-06-30
company_exact,三愛オブリ,三愛オブリ,high,JPX,2026-06-30
company_exact,稲畑産業,稲畑産業,high,JPX,2026-06-30
company_exact,ＧＳＩクレオス,gsiクレオス,high,JPX,2026-06-30
company_exact,明和産業,明和産業,high,JPX,2026-06-30
company_exact,クワザワホールディングス,クワザワホールディングス,high,JPX,2026-06-30
company_exact,Ｂｉｔｃｏｉｎ　Ｊａｐａｎ,bitcoinjapan,high,JPX,2026-06-30
company_exact,キムラタン,キムラタン,high,JPX,2026-06-30
company_exact,ゴールドウイン,ゴールドウイン,high,JPX,2026-06-30
company_exact,ユニ・チャーム,ユニチャーム,high,JPX,2026-06-30
company_exact,ムーンバット,ムーンバット,high,JPX,2026-06-30
company_exact,中央自動車工業,中央自動車工業,high,JPX,2026-06-30
company_exact,キング,キング,high,JPX,2026-06-30
company_exact,三栄コーポレーション,三栄コーポレーション,high,JPX,2026-06-30
company_exact,川辺,川辺,high,JPX,2026-06-30
company_exact,ワキタ,ワキタ,high,JPX,2026-06-30
company_exact,ヤマトインターナショナル,ヤマトインターナショナル,high,JPX,2026-06-30
company_exact,東邦ホールディングス,東邦ホールディングス,high,JPX,2026-06-30
company_exact,サンゲツ,サンゲツ,high,JPX,2026-06-30
company_exact,ミツウロコグループホールディングス,ミツウロコグループホールディングス,high,JPX,2026-06-30
company_exact,シナネンホールディングス,シナネンホールディングス,high,JPX,2026-06-30
company_exact,伊藤忠エネクス,伊藤忠エネクス,high,JPX,2026-06-30
company_exact,ゼット,ゼット,high,JPX,2026-06-30
company_exact,サンリオ,サンリオ,high,JPX,2026-06-30
company_exact,サンワテクノス,サンワテクノス,high,JPX,2026-06-30
company_exact,三京化成,三京化成,high,JPX,2026-06-30
company_exact,ナガホリ,ナガホリ,high,JPX,2026-06-30
company_exact,新光商事,新光商事,high,JPX,2026-06-30
company_exact,トーホー,トーホー,high,JPX,2026-06-30
company_exact,ラピーヌ,ラピーヌ,high,JPX,2026-06-30
company_exact,デンキョーグループホールディングス,デンキョーグループホールディングス,high,JPX,2026-06-30
company_exact,トミタ,トミタ,high,JPX,2026-06-30
company_exact,三信電気,三信電気,high,JPX,2026-06-30
company_exact,東陽テクニカ,東陽テクニカ,high,JPX,2026-06-30
company_exact,ソマール,ソマール,high,JPX,2026-06-30
company_exact,モスフードサービス,モスフードサービス,high,JPX,2026-06-30
company_exact,加賀電子,加賀電子,high,JPX,2026-06-30
company_exact,都築電気,都築電気,high,JPX,2026-06-30
company_exact,ソーダニッカ,ソーダニッカ,high,JPX,2026-06-30
company_exact,立花エレテック,立花エレテック,high,JPX,2026-06-30
company_exact,木曽路,木曽路,high,JPX,2026-06-30
company_exact,ＳＲＳホールディングス,srsホールディングス,high,JPX,2026-06-30
company_exact,千趣会,千趣会,high,JPX,2026-06-30
company_exact,タカキュー,タカキュー,high,JPX,2026-06-30
company_exact,リテールパートナーズ,リテールパートナーズ,high,JPX,2026-06-30
company_exact,Ｊｏｓｈｉｎ,joshin,high,JPX,2026-06-30
company_exact,日本瓦斯,日本瓦斯,high,JPX,2026-06-30
company_exact,ロイヤルホールディングス,ロイヤルホールディングス,high,JPX,2026-06-30
company_exact,東天紅,東天紅,high,JPX,2026-06-30
company_exact,チヨダ,チヨダ,high,JPX,2026-06-30
company_exact,ライフコーポレーション,ライフコーポレーション,high,JPX,2026-06-30
company_exact,マックスバリュ東海,マックスバリュ東海,high,JPX,2026-06-30
company_exact,リンガーハット,リンガーハット,high,JPX,2026-06-30
company_exact,ラオックスホールディングス,ラオックスホールディングス,high,JPX,2026-06-30
company_exact,ＭｒＭａｘＨＤ,mrmaxhd,high,JPX,2026-06-30
company_exact,テンアライド,テンアライド,high,JPX,2026-06-30
company_exact,ＡＯＫＩホールディングス,aokiホールディングス,high,JPX,2026-06-30
company_exact,オークワ,オークワ,high,JPX,2026-06-30
company_exact,コメリ,コメリ,high,JPX,2026-06-30
company_exact,青山商事,青山商事,high,JPX,2026-06-30
company_exact,タカチホ,タカチホ,high,JPX,2026-06-30
company_exact,理経,理経,high,JPX,2026-06-30
company_exact,しまむら,しまむら,high,JPX,2026-06-30
company_exact,はせがわ,はせがわ,high,JPX,2026-06-30
company_exact,高島屋,高島屋,high,JPX,2026-06-30
company_exact,松屋,松屋,high,JPX,2026-06-30
company_exact,エイチ・ツー・オー　リテイリング,エイチツーオーリテイリング,high,JPX,2026-06-30
company_exact,近鉄百貨店,近鉄百貨店,high,JPX,2026-06-30
company_exact,大和,大和,high,JPX,2026-06-30
company_exact,丸井グループ,丸井グループ,high,JPX,2026-06-30
company_exact,クレディセゾン,クレディセゾン,high,JPX,2026-06-30
company_exact,さいか屋,さいか屋,high,JPX,2026-06-30
company_exact,アクシアル　リテイリング,アクシアルリテイリング,high,JPX,2026-06-30
company_exact,井筒屋,井筒屋,high,JPX,2026-06-30
company_exact,イオン,イオン,high,JPX,2026-06-30
company_exact,イズミ,イズミ,high,JPX,2026-06-30
company_exact,フォーバル,フォーバル,high,JPX,2026-06-30
company_exact,平和堂,平和堂,high,JPX,2026-06-30
company_exact,フジ,フジ,high,JPX,2026-06-30
company_exact,ゼビオホールディングス,ゼビオホールディングス,high,JPX,2026-06-30
company_exact,ケーズホールディングス,ケーズホールディングス,high,JPX,2026-06-30
company_exact,ＰＡＬＴＡＣ,paltac,high,JPX,2026-06-30
company_exact,三谷産業,三谷産業,high,JPX,2026-06-30
company_exact,日産東京販売ホールディングス,日産東京販売ホールディングス,high,JPX,2026-06-30
company_exact,ＳＢＩ新生銀行,sbi新生銀行,high,JPX,2026-06-30
company_exact,あおぞら銀行,あおぞら銀行,high,JPX,2026-06-30
company_exact,三菱ＵＦＪフィナンシャル・グループ,三菱ufjフィナンシャルグループ,high,JPX,2026-06-30
company_exact,りそなホールディングス,りそなホールディングス,high,JPX,2026-06-30
company_exact,三井住友トラストグループ,三井住友トラストグループ,high,JPX,2026-06-30
company_exact,三井住友フィナンシャルグループ,三井住友フィナンシャルグループ,high,JPX,2026-06-30
company_exact,千葉銀行,千葉銀行,high,JPX,2026-06-30
company_exact,群馬銀行,群馬銀行,high,JPX,2026-06-30
company_exact,武蔵野銀行,武蔵野銀行,high,JPX,2026-06-30
company_exact,千葉興業銀行,千葉興業銀行,high,JPX,2026-06-30
company_exact,筑波銀行,筑波銀行,high,JPX,2026-06-30
company_exact,七十七銀行,七十七銀行,high,JPX,2026-06-30
company_exact,秋田銀行,秋田銀行,high,JPX,2026-06-30
company_exact,山形銀行,山形銀行,high,JPX,2026-06-30
company_exact,岩手銀行,岩手銀行,high,JPX,2026-06-30
company_exact,東邦銀行,東邦銀行,high,JPX,2026-06-30
company_exact,東北銀行,東北銀行,high,JPX,2026-06-30
company_exact,ふくおかフィナンシャルグループ,ふくおかフィナンシャルグループ,high,JPX,2026-06-30
company_exact,スルガ銀行,スルガ銀行,high,JPX,2026-06-30
company_exact,八十二長野銀行,八十二長野銀行,high,JPX,2026-06-30
company_exact,山梨中央銀行,山梨中央銀行,high,JPX,2026-06-30
company_exact,大垣共立銀行,大垣共立銀行,high,JPX,2026-06-30
company_exact,福井銀行,福井銀行,high,JPX,2026-06-30
company_exact,清水銀行,清水銀行,high,JPX,2026-06-30
company_exact,富山銀行,富山銀行,high,JPX,2026-06-30
company_exact,滋賀銀行,滋賀銀行,high,JPX,2026-06-30
company_exact,南都銀行,南都銀行,high,JPX,2026-06-30
company_exact,百五銀行,百五銀行,high,JPX,2026-06-30
company_exact,紀陽銀行,紀陽銀行,high,JPX,2026-06-30
company_exact,ほくほくフィナンシャルグループ,ほくほくフィナンシャルグループ,high,JPX,2026-06-30
company_exact,山陰合同銀行,山陰合同銀行,high,JPX,2026-06-30
company_exact,鳥取銀行,鳥取銀行,high,JPX,2026-06-30
company_exact,百十四銀行,百十四銀行,high,JPX,2026-06-30
company_exact,四国銀行,四国銀行,high,JPX,2026-06-30
company_exact,阿波銀行,阿波銀行,high,JPX,2026-06-30
company_exact,大分銀行,大分銀行,high,JPX,2026-06-30
company_exact,宮崎銀行,宮崎銀行,high,JPX,2026-06-30
company_exact,佐賀銀行,佐賀銀行,high,JPX,2026-06-30
company_exact,琉球銀行,琉球銀行,high,JPX,2026-06-30
company_exact,セブン銀行,セブン銀行,high,JPX,2026-06-30
company_exact,みずほフィナンシャルグループ,みずほフィナンシャルグループ,high,JPX,2026-06-30
company_exact,高知銀行,高知銀行,high,JPX,2026-06-30
company_exact,山口フィナンシャルグループ,山口フィナンシャルグループ,high,JPX,2026-06-30
company_exact,芙蓉総合リース,芙蓉総合リース,high,JPX,2026-06-30
company_exact,みずほリース,みずほリース,high,JPX,2026-06-30
company_exact,東京センチュリー,東京センチュリー,high,JPX,2026-06-30
company_exact,ＳＢＩホールディングス,sbiホールディングス,high,JPX,2026-06-30
company_exact,Ｊトラスト,jトラスト,high,JPX,2026-06-30
company_exact,日本証券金融,日本証券金融,high,JPX,2026-06-30
company_exact,日本アジア投資,日本アジア投資,high,JPX,2026-06-30
company_exact,名古屋銀行,名古屋銀行,high,JPX,2026-06-30
company_exact,北洋銀行,北洋銀行,high,JPX,2026-06-30
company_exact,大光銀行,大光銀行,high,JPX,2026-06-30
company_exact,愛媛銀行,愛媛銀行,high,JPX,2026-06-30
company_exact,トマト銀行,トマト銀行,high,JPX,2026-06-30
company_exact,京葉銀行,京葉銀行,high,JPX,2026-06-30
company_exact,栃木銀行,栃木銀行,high,JPX,2026-06-30
company_exact,北日本銀行,北日本銀行,high,JPX,2026-06-30
company_exact,東和銀行,東和銀行,high,JPX,2026-06-30
company_exact,福島銀行,福島銀行,high,JPX,2026-06-30
company_exact,大東銀行,大東銀行,high,JPX,2026-06-30
company_exact,リコーリース,リコーリース,high,JPX,2026-06-30
company_exact,イオンフィナンシャルサービス,イオンフィナンシャルサービス,high,JPX,2026-06-30
company_exact,アコム,アコム,high,JPX,2026-06-30
company_exact,ジャックス,ジャックス,high,JPX,2026-06-30
company_exact,オリエントコーポレーション,オリエントコーポレーション,high,JPX,2026-06-30
company_exact,オリックス,オリックス,high,JPX,2026-06-30
company_exact,三菱ＨＣキャピタル,三菱hcキャピタル,high,JPX,2026-06-30
company_exact,ジャフコ　グループ,ジャフコグループ,high,JPX,2026-06-30
company_exact,九州リースサービス,九州リースサービス,high,JPX,2026-06-30
company_exact,トモニホールディングス,トモニホールディングス,high,JPX,2026-06-30
company_exact,大和証券グループ本社,大和証券グループ本社,high,JPX,2026-06-30
company_exact,野村ホールディングス,野村ホールディングス,high,JPX,2026-06-30
company_exact,岡三証券グループ,岡三証券グループ,high,JPX,2026-06-30
company_exact,丸三証券,丸三証券,high,JPX,2026-06-30
company_exact,東洋証券,東洋証券,high,JPX,2026-06-30
company_exact,東海東京フィナンシャル・ホールディングス,東海東京フィナンシャルホールディングス,high,JPX,2026-06-30
company_exact,光世証券,光世証券,high,JPX,2026-06-30
company_exact,水戸証券,水戸証券,high,JPX,2026-06-30
company_exact,いちよし証券,いちよし証券,high,JPX,2026-06-30
company_exact,松井証券,松井証券,high,JPX,2026-06-30
company_exact,ＳＯＭＰＯホールディングス,sompoホールディングス,high,JPX,2026-06-30
company_exact,日本取引所グループ,日本取引所グループ,high,JPX,2026-06-30
company_exact,マネックスグループ,マネックスグループ,high,JPX,2026-06-30
company_exact,ＨＳホールディングス,hsホールディングス,high,JPX,2026-06-30
company_exact,丸八証券,丸八証券,high,JPX,2026-06-30
company_exact,トレイダーズホールディングス,トレイダーズホールディングス,high,JPX,2026-06-30
company_exact,日産証券グループ,日産証券グループ,high,JPX,2026-06-30
company_exact,極東証券,極東証券,high,JPX,2026-06-30
company_exact,岩井コスモホールディングス,岩井コスモホールディングス,high,JPX,2026-06-30
company_exact,アイザワ証券グループ,アイザワ証券グループ,high,JPX,2026-06-30
company_exact,フィデアホールディングス,フィデアホールディングス,high,JPX,2026-06-30
company_exact,池田泉州ホールディングス,池田泉州ホールディングス,high,JPX,2026-06-30
company_exact,アニコム　ホールディングス,アニコムホールディングス,high,JPX,2026-06-30
company_exact,ＭＳ＆ＡＤインシュアランスグループホールディングス,ms&adインシュアランスグループホールディングス,high,JPX,2026-06-30
company_exact,ソニーフィナンシャルグループ,ソニーフィナンシャルグループ,high,JPX,2026-06-30
company_exact,あかつき本社,あかつき本社,high,JPX,2026-06-30
company_exact,スパークス・グループ,スパークスグループ,high,JPX,2026-06-30
company_exact,小林洋行,小林洋行,high,JPX,2026-06-30
company_exact,ｕｎｂａｎｋｅｄ,unbanked,high,JPX,2026-06-30
company_exact,豊トラスティ証券,豊トラスティ証券,high,JPX,2026-06-30
company_exact,第一ライフグループ,第一ライフグループ,high,JPX,2026-06-30
company_exact,東京海上ホールディングス,東京海上ホールディングス,high,JPX,2026-06-30
company_exact,アドバンテッジリスクマネジメント,アドバンテッジリスクマネジメント,high,JPX,2026-06-30
company_exact,イー・ギャランティ,イーギャランティ,high,JPX,2026-06-30
company_exact,アサックス,アサックス,high,JPX,2026-06-30
company_exact,ａｂｃ,abc,high,JPX,2026-06-30
company_exact,フィンテック　グローバル,フィンテックグローバル,high,JPX,2026-06-30
company_exact,ＮＥＣキャピタルソリューション,necキャピタルソリューション,high,JPX,2026-06-30
company_exact,Ｔ＆Ｄホールディングス,t&dホールディングス,high,JPX,2026-06-30
company_exact,アドバンスクリエイト,アドバンスクリエイト,high,JPX,2026-06-30
company_exact,三井不動産,三井不動産,high,JPX,2026-06-30
company_exact,三菱地所,三菱地所,high,JPX,2026-06-30
company_exact,平和不動産,平和不動産,high,JPX,2026-06-30
company_exact,東京建物,東京建物,high,JPX,2026-06-30
company_exact,京阪神ビルディング,京阪神ビルディング,high,JPX,2026-06-30
company_exact,住友不動産,住友不動産,high,JPX,2026-06-30
company_exact,太平洋興発,太平洋興発,high,JPX,2026-06-30
company_exact,ＲＩＳＥ,rise,high,JPX,2026-06-30
company_exact,テーオーシー,テーオーシー,high,JPX,2026-06-30
company_exact,コスモスイニシア,コスモスイニシア,high,JPX,2026-06-30
company_exact,レオパレス２１,レオパレス21,high,JPX,2026-06-30
company_exact,スターツコーポレーション,スターツコーポレーション,high,JPX,2026-06-30
company_exact,フジ住宅,フジ住宅,high,JPX,2026-06-30
company_exact,空港施設,空港施設,high,JPX,2026-06-30
company_exact,明和地所,明和地所,high,JPX,2026-06-30
company_exact,ゴールドクレスト,ゴールドクレスト,high,JPX,2026-06-30
company_exact,リログループ,リログループ,high,JPX,2026-06-30
company_exact,エスリード,エスリード,high,JPX,2026-06-30
company_exact,日神グループホールディングス,日神グループホールディングス,high,JPX,2026-06-30
company_exact,シーラホールディングス,シーラホールディングス,high,JPX,2026-06-30
company_exact,ＡＭＧホールディングス,amgホールディングス,high,JPX,2026-06-30
company_exact,エスコン,エスコン,high,JPX,2026-06-30
company_exact,ＲＥＶＯＬＵＴＩＯＮ,revolution,high,JPX,2026-06-30
company_exact,ＭＩＲＡＲＴＨホールディングス,mirarthホールディングス,high,JPX,2026-06-30
company_exact,センチュリー２１・ジャパン,センチュリー21ジャパン,high,JPX,2026-06-30
company_exact,ＡＶＡＮＴＩＡ,avantia,high,JPX,2026-06-30
company_exact,毎日コムネット,毎日コムネット,high,JPX,2026-06-30
company_exact,エリアクエスト,エリアクエスト,high,JPX,2026-06-30
company_exact,エリアリンク,エリアリンク,high,JPX,2026-06-30
company_exact,ファースト住建,ファースト住建,high,JPX,2026-06-30
company_exact,ランド,ランド,high,JPX,2026-06-30
company_exact,カチタス,カチタス,high,JPX,2026-06-30
company_exact,東祥,東祥,high,JPX,2026-06-30
company_exact,シーズクリエイト,シーズクリエイト,high,JPX,2026-06-30
company_exact,トーセイ,トーセイ,high,JPX,2026-06-30
company_exact,明豊エンタープライズ,明豊エンタープライズ,high,JPX,2026-06-30
company_exact,穴吹興産,穴吹興産,high,JPX,2026-06-30
company_exact,青山財産ネットワークス,青山財産ネットワークス,high,JPX,2026-06-30
company_exact,和田興産,和田興産,high,JPX,2026-06-30
company_exact,サンフロンティア不動産,サンフロンティア不動産,high,JPX,2026-06-30
company_exact,ＦＪネクストホールディングス,fjネクストホールディングス,high,JPX,2026-06-30
company_exact,グローム・ホールディングス,グロームホールディングス,high,JPX,2026-06-30
company_exact,ランドビジネス,ランドビジネス,high,JPX,2026-06-30
company_exact,サンネクスタグループ,サンネクスタグループ,high,JPX,2026-06-30
company_exact,ＡＳＩＡＮ　ＳＴＡＲ,asianstar,high,JPX,2026-06-30
company_exact,誠建設工業,誠建設工業,high,JPX,2026-06-30
company_exact,ハウスフリーダム,ハウスフリーダム,high,JPX,2026-06-30
company_exact,グランディハウス,グランディハウス,high,JPX,2026-06-30
company_exact,東武鉄道,東武鉄道,high,JPX,2026-06-30
company_exact,相鉄ホールディングス,相鉄ホールディングス,high,JPX,2026-06-30
company_exact,東急,東急,high,JPX,2026-06-30
company_exact,京浜急行電鉄,京浜急行電鉄,high,JPX,2026-06-30
company_exact,小田急電鉄,小田急電鉄,high,JPX,2026-06-30
company_exact,京王電鉄,京王電鉄,high,JPX,2026-06-30
company_exact,京成電鉄,京成電鉄,high,JPX,2026-06-30
company_exact,富士急行,富士急行,high,JPX,2026-06-30
company_exact,秩父鉄道,秩父鉄道,high,JPX,2026-06-30
company_exact,新潟交通,新潟交通,high,JPX,2026-06-30
company_exact,東日本旅客鉄道,東日本旅客鉄道,high,JPX,2026-06-30
company_exact,西日本旅客鉄道,西日本旅客鉄道,high,JPX,2026-06-30
company_exact,東海旅客鉄道,東海旅客鉄道,high,JPX,2026-06-30
company_exact,東京地下鉄,東京地下鉄,high,JPX,2026-06-30
company_exact,西武ホールディングス,西武ホールディングス,high,JPX,2026-06-30
company_exact,鴻池運輸,鴻池運輸,high,JPX,2026-06-30
company_exact,ゼロ,ゼロ,high,JPX,2026-06-30
company_exact,ヒガシホールディングス,ヒガシホールディングス,high,JPX,2026-06-30
company_exact,西日本鉄道,西日本鉄道,high,JPX,2026-06-30
company_exact,広島電鉄,広島電鉄,high,JPX,2026-06-30
company_exact,南総通運,南総通運,high,JPX,2026-06-30
company_exact,東部ネットワーク,東部ネットワーク,high,JPX,2026-06-30
company_exact,ハマキョウレックス,ハマキョウレックス,high,JPX,2026-06-30
company_exact,サカイ引越センター,サカイ引越センター,high,JPX,2026-06-30
company_exact,近鉄グループホールディングス,近鉄グループホールディングス,high,JPX,2026-06-30
company_exact,阪急阪神ホールディングス,阪急阪神ホールディングス,high,JPX,2026-06-30
company_exact,ＮＡＮＫＡＩ,nankai,high,JPX,2026-06-30
company_exact,京阪ホールディングス,京阪ホールディングス,high,JPX,2026-06-30
company_exact,神戸電鉄,神戸電鉄,high,JPX,2026-06-30
company_exact,名古屋鉄道,名古屋鉄道,high,JPX,2026-06-30
company_exact,京福電気鉄道,京福電気鉄道,high,JPX,2026-06-30
company_exact,センコン物流,センコン物流,high,JPX,2026-06-30
company_exact,山陽電気鉄道,山陽電気鉄道,high,JPX,2026-06-30
company_exact,遠州トラック,遠州トラック,high,JPX,2026-06-30
company_exact,カンダホールディングス,カンダホールディングス,high,JPX,2026-06-30
company_exact,日本ロジテム,日本ロジテム,high,JPX,2026-06-30
company_exact,岡山県貨物運送,岡山県貨物運送,high,JPX,2026-06-30
company_exact,ヤマトホールディングス,ヤマトホールディングス,high,JPX,2026-06-30
company_exact,山九,山九,high,JPX,2026-06-30
company_exact,丸全昭和運輸,丸全昭和運輸,high,JPX,2026-06-30
company_exact,センコーグループホールディングス,センコーグループホールディングス,high,JPX,2026-06-30
company_exact,ニッコンホールディングス,ニッコンホールディングス,high,JPX,2026-06-30
company_exact,京極運輸商事,京極運輸商事,high,JPX,2026-06-30
company_exact,日本石油輸送,日本石油輸送,high,JPX,2026-06-30
company_exact,福山通運,福山通運,high,JPX,2026-06-30
company_exact,セイノーホールディングス,セイノーホールディングス,high,JPX,2026-06-30
company_exact,神奈川中央交通,神奈川中央交通,high,JPX,2026-06-30
company_exact,大和自動車交通,大和自動車交通,high,JPX,2026-06-30
company_exact,神姫バス,神姫バス,high,JPX,2026-06-30
company_exact,タカセ,タカセ,high,JPX,2026-06-30
company_exact,ＡＺ－ＣＯＭ丸和ホールディングス,az-com丸和ホールディングス,high,JPX,2026-06-30
company_exact,日本郵船,日本郵船,high,JPX,2026-06-30
company_exact,商船三井,商船三井,high,JPX,2026-06-30
company_exact,川崎汽船,川崎汽船,high,JPX,2026-06-30
company_exact,ＮＳユナイテッド海運,nsユナイテッド海運,high,JPX,2026-06-30
company_exact,明海グループ,明海グループ,high,JPX,2026-06-30
company_exact,飯野海運,飯野海運,high,JPX,2026-06-30
company_exact,玉井商船,玉井商船,high,JPX,2026-06-30
company_exact,共栄タンカー,共栄タンカー,high,JPX,2026-06-30
company_exact,九州旅客鉄道,九州旅客鉄道,high,JPX,2026-06-30
company_exact,ＳＧホールディングス,sgホールディングス,high,JPX,2026-06-30
company_exact,ビーイングホールディングス,ビーイングホールディングス,high,JPX,2026-06-30
company_exact,五健堂ホールディングス,五健堂ホールディングス,high,JPX,2026-06-30
company_exact,ＮＩＰＰＯＮ　ＥＸＰＲＥＳＳホールディングス,nipponexpressホールディングス,high,JPX,2026-06-30
company_exact,大友ロジスティクスサービス,大友ロジスティクスサービス,high,JPX,2026-06-30
company_exact,はなホールディングス,はなホールディングス,high,JPX,2026-06-30
company_exact,シーユーシー,シーユーシー,high,JPX,2026-06-30
company_exact,Ｗ　ＴＯＫＹＯ,wtokyo,high,JPX,2026-06-30
company_exact,オンザページ,オンザページ,high,JPX,2026-06-30
company_exact,ブリーチ,ブリーチ,high,JPX,2026-06-30
company_exact,ナレルグループ,ナレルグループ,high,JPX,2026-06-30
company_exact,クオルテック,クオルテック,high,JPX,2026-06-30
company_exact,ＧＥＮＤＡ,genda,high,JPX,2026-06-30
company_exact,ライズ・コンサルティング・グループ,ライズコンサルティンググループ,high,JPX,2026-06-30
company_exact,大伸社,大伸社,high,JPX,2026-06-30
company_exact,栗林商船,栗林商船,high,JPX,2026-06-30
company_exact,東海汽船,東海汽船,high,JPX,2026-06-30
company_exact,東京汽船,東京汽船,high,JPX,2026-06-30
company_exact,日本航空,日本航空,high,JPX,2026-06-30
company_exact,日本航空株式会社第１回社債型種類株式,日本航空第1回社債型種類株式,high,JPX,2026-06-30
company_exact,ＡＮＡホールディングス,anaホールディングス,high,JPX,2026-06-30
company_exact,ＡＮＡホールディングス第１回社債型種類株式,anaホールディングス第1回社債型種類株式,high,JPX,2026-06-30
company_exact,スカイマーク,スカイマーク,high,JPX,2026-06-30
company_exact,スターフライヤー,スターフライヤー,high,JPX,2026-06-30
company_exact,エフ・コード,エフコード,high,JPX,2026-06-30
company_exact,Ｇｒｅｅｎ　Ｅａｒｔｈ　Ｉｎｓｔｉｔｕｔｅ,greenearthinstitute,high,JPX,2026-06-30
company_exact,セイファート,セイファート,high,JPX,2026-06-30
company_exact,Ｒｅｃｏｖｅｒｙ　Ｉｎｔｅｒｎａｔｉｏｎａｌ,recoveryinternational,high,JPX,2026-06-30
company_exact,ＣａＳｙ,casy,high,JPX,2026-06-30
company_exact,ビーウィズ,ビーウィズ,high,JPX,2026-06-30
company_exact,メンタルヘルステクノロジーズ,メンタルヘルステクノロジーズ,high,JPX,2026-06-30
company_exact,ギックス,ギックス,high,JPX,2026-06-30
company_exact,エフビー介護サービス,エフビー介護サービス,high,JPX,2026-06-30
company_exact,フルハシＥＰＯ,フルハシepo,high,JPX,2026-06-30
company_exact,ｍａｎａｂｙ,manaby,high,JPX,2026-06-30
company_exact,ＡＳＮＯＶＡ,asnova,high,JPX,2026-06-30
company_exact,ブリッジコンサルティンググループ,ブリッジコンサルティンググループ,high,JPX,2026-06-30
company_exact,アイガー,アイガー,high,JPX,2026-06-30
company_exact,マイクロ波化学,マイクロ波化学,high,JPX,2026-06-30
company_exact,サンウェルズ,サンウェルズ,high,JPX,2026-06-30
company_exact,アジア航測,アジア航測,high,JPX,2026-06-30
company_exact,売れるネット広告社グループ,売れるネット広告社グループ,high,JPX,2026-06-30
company_exact,ジャパンＭ＆Ａソリューション,ジャパンm&aソリューション,high,JPX,2026-06-30
company_exact,笑美面,笑美面,high,JPX,2026-06-30
company_exact,バリュークリエーション,バリュークリエーション,high,JPX,2026-06-30
company_exact,ケーイーティ,ケーイーティ,high,JPX,2026-06-30
company_exact,デリバリーコンサルティング,デリバリーコンサルティング,high,JPX,2026-06-30
company_exact,フューチャーリンクネットワーク,フューチャーリンクネットワーク,high,JPX,2026-06-30
company_exact,メディア総研,メディア総研,high,JPX,2026-06-30
company_exact,富士テクノホールディングス,富士テクノホールディングス,high,JPX,2026-06-30
company_exact,デジタリフト,デジタリフト,high,JPX,2026-06-30
company_exact,リベロ,リベロ,high,JPX,2026-06-30
company_exact,プロジェクトホールディングス,プロジェクトホールディングス,high,JPX,2026-06-30
company_exact,ＴＲＥホールディングス,treホールディングス,high,JPX,2026-06-30
company_exact,人・夢・技術グループ,人夢技術グループ,high,JPX,2026-06-30
company_exact,日本エコシステム,日本エコシステム,high,JPX,2026-06-30
company_exact,ＧＲＣＳ,grcs,high,JPX,2026-06-30
company_exact,ＡＢ＆Ｃｏｍｐａｎｙ,ab&company,high,JPX,2026-06-30
company_exact,ラストワンマイル,ラストワンマイル,high,JPX,2026-06-30
company_exact,スローガン,スローガン,high,JPX,2026-06-30
company_exact,ラバブルマーケティンググループ,ラバブルマーケティンググループ,high,JPX,2026-06-30
company_exact,サクシード,サクシード,high,JPX,2026-06-30
company_exact,ＹＣＰホールディングス（グローバル）リミテッド　ＪＤＲ,ycpホールディングス(グローバル)リミテッドjdr,high,JPX,2026-06-30
company_exact,ＣＳ－Ｃ,cs-c,high,JPX,2026-06-30
company_exact,タカヨシホールディングス,タカヨシホールディングス,high,JPX,2026-06-30
company_exact,シルバーライフ,シルバーライフ,high,JPX,2026-06-30
company_exact,ポエック,ポエック,high,JPX,2026-06-30
company_exact,ヤマシタヘルスケアホールディングス,ヤマシタヘルスケアホールディングス,high,JPX,2026-06-30
company_exact,Ｇｅｎｋｙ　ＤｒｕｇＳｔｏｒｅｓ,genkydrugstores,high,JPX,2026-06-30
company_exact,オプティマスグループ,オプティマスグループ,high,JPX,2026-06-30
company_exact,バリュエンスホールディングス,バリュエンスホールディングス,high,JPX,2026-06-30
company_exact,和心,和心,high,JPX,2026-06-30
company_exact,ブティックス,ブティックス,high,JPX,2026-06-30
company_exact,コーア商事ホールディングス,コーア商事ホールディングス,high,JPX,2026-06-30
company_exact,ＫＰＰグループホールディングス,kppグループホールディングス,high,JPX,2026-06-30
company_exact,ブックオフグループホールディングス,ブックオフグループホールディングス,high,JPX,2026-06-30
company_exact,ギフトホールディングス,ギフトホールディングス,high,JPX,2026-06-30
company_exact,三菱倉庫,三菱倉庫,high,JPX,2026-06-30
company_exact,三井倉庫ホールディングス,三井倉庫ホールディングス,high,JPX,2026-06-30
company_exact,住友倉庫,住友倉庫,high,JPX,2026-06-30
company_exact,澁澤倉庫,澁澤倉庫,high,JPX,2026-06-30
company_exact,ヤマタネ,ヤマタネ,high,JPX,2026-06-30
company_exact,東陽倉庫,東陽倉庫,high,JPX,2026-06-30
company_exact,杉村倉庫,杉村倉庫,high,JPX,2026-06-30
company_exact,乾汽船,乾汽船,high,JPX,2026-06-30
company_exact,日本トランスシティ,日本トランスシティ,high,JPX,2026-06-30
company_exact,アサガミ,アサガミ,high,JPX,2026-06-30
company_exact,ケイヒン,ケイヒン,high,JPX,2026-06-30
company_exact,丸八倉庫,丸八倉庫,high,JPX,2026-06-30
company_exact,中央倉庫,中央倉庫,high,JPX,2026-06-30
company_exact,川西倉庫,川西倉庫,high,JPX,2026-06-30
company_exact,安田倉庫,安田倉庫,high,JPX,2026-06-30
company_exact,ファイズホールディングス,ファイズホールディングス,high,JPX,2026-06-30
company_exact,関通ホールディングス,関通ホールディングス,high,JPX,2026-06-30
company_exact,イー・ロジット,イーロジット,high,JPX,2026-06-30
company_exact,揚羽,揚羽,high,JPX,2026-06-30
company_exact,キャスター,キャスター,high,JPX,2026-06-30
company_exact,ＮＩＳＳＯホールディングス,nissoホールディングス,high,JPX,2026-06-30
company_exact,アイビスホールディングス,アイビスホールディングス,high,JPX,2026-06-30
company_exact,テクノクリエイティブ,テクノクリエイティブ,high,JPX,2026-06-30
company_exact,大栄環境,大栄環境,high,JPX,2026-06-30
company_exact,トリドリ,トリドリ,high,JPX,2026-06-30
company_exact,コーチ・エィ,コーチエィ,high,JPX,2026-06-30
company_exact,アソインターナショナル,アソインターナショナル,high,JPX,2026-06-30
company_exact,ＧＥＮＯＶＡ,genova,high,JPX,2026-06-30
company_exact,スマサポ,スマサポ,high,JPX,2026-06-30
company_exact,アイビス,アイビス,high,JPX,2026-06-30
company_exact,アクシスコンサルティング,アクシスコンサルティング,high,JPX,2026-06-30
company_exact,ビズメイツ,ビズメイツ,high,JPX,2026-06-30
company_exact,ココルポート,ココルポート,high,JPX,2026-06-30
company_exact,日本管財ホールディングス,日本管財ホールディングス,high,JPX,2026-06-30
company_exact,ｉｓｐａｃｅ,ispace,high,JPX,2026-06-30
company_exact,東洋埠頭,東洋埠頭,high,JPX,2026-06-30
company_exact,櫻島埠頭,櫻島埠頭,high,JPX,2026-06-30
company_exact,リンコーコーポレーション,リンコーコーポレーション,high,JPX,2026-06-30
company_exact,鈴与シンワート,鈴与シンワート,high,JPX,2026-06-30
company_exact,伏木海陸運送,伏木海陸運送,high,JPX,2026-06-30
company_exact,兵機海運,兵機海運,high,JPX,2026-06-30
company_exact,大運,大運,high,JPX,2026-06-30
company_exact,上組,上組,high,JPX,2026-06-30
company_exact,トレーディア,トレーディア,high,JPX,2026-06-30
company_exact,サンリツ,サンリツ,high,JPX,2026-06-30
company_exact,大東港運,大東港運,high,JPX,2026-06-30
company_exact,キムラユニティー,キムラユニティー,high,JPX,2026-06-30
company_exact,キユーソー流通システム,キユーソー流通システム,high,JPX,2026-06-30
company_exact,ユーラシア旅行社,ユーラシア旅行社,high,JPX,2026-06-30
company_exact,東海運,東海運,high,JPX,2026-06-30
company_exact,エーアイテイー,エーアイテイー,high,JPX,2026-06-30
company_exact,ショーエイコーポレーション,ショーエイコーポレーション,high,JPX,2026-06-30
company_exact,ビート・ホールディングス・リミテッド,ビートホールディングスリミテッド,high,JPX,2026-06-30
company_exact,ＴＢＳホールディングス,tbsホールディングス,high,JPX,2026-06-30
company_exact,日本テレビホールディングス,日本テレビホールディングス,high,JPX,2026-06-30
company_exact,朝日放送グループホールディングス,朝日放送グループホールディングス,high,JPX,2026-06-30
company_exact,ＢＳＮメディアホールディングス,bsnメディアホールディングス,high,JPX,2026-06-30
company_exact,テレビ朝日ホールディングス,テレビ朝日ホールディングス,high,JPX,2026-06-30
company_exact,スカパーＪＳＡＴ,スカパーjsat,high,JPX,2026-06-30
company_exact,テレビ東京ホールディングス,テレビ東京ホールディングス,high,JPX,2026-06-30
company_exact,日本ＢＳ放送,日本bs放送,high,JPX,2026-06-30
company_exact,ビジョン,ビジョン,high,JPX,2026-06-30
company_exact,スマートバリュー,スマートバリュー,high,JPX,2026-06-30
company_exact,Ｕ－ＮＥＸＴ　ＨＯＬＤＩＮＧＳ,u-nextholdings,high,JPX,2026-06-30
company_exact,ワイヤレスゲート,ワイヤレスゲート,high,JPX,2026-06-30
company_exact,エヌジェイホールディングス,エヌジェイホールディングス,high,JPX,2026-06-30
company_exact,フォーバル・リアルストレート,フォーバルリアルストレート,high,JPX,2026-06-30
company_exact,日本通信,日本通信,high,JPX,2026-06-30
company_exact,ＲｅＹｕｕ　Ｊａｐａｎ,reyuujapan,high,JPX,2026-06-30
company_exact,クロップス,クロップス,high,JPX,2026-06-30
company_exact,ＮＴＴ,ntt,high,JPX,2026-06-30
company_exact,ＫＤＤＩ,kddi,high,JPX,2026-06-30
company_exact,ソフトバンク,ソフトバンク,high,JPX,2026-06-30
company_exact,ソフトバンク第１回社債型種類株式,ソフトバンク第1回社債型種類株式,high,JPX,2026-06-30
company_exact,ソフトバンク第２回社債型種類株式,ソフトバンク第2回社債型種類株式,high,JPX,2026-06-30
company_exact,光通信,光通信,high,JPX,2026-06-30
company_exact,沖縄セルラー電話,沖縄セルラー電話,high,JPX,2026-06-30
company_exact,エムティーアイ,エムティーアイ,high,JPX,2026-06-30
company_exact,エム・エイチ・グループ,エムエイチグループ,high,JPX,2026-06-30
company_exact,ベルパーク,ベルパーク,high,JPX,2026-06-30
company_exact,トーシンホールディングス,トーシンホールディングス,high,JPX,2026-06-30
company_exact,フォーバルテレコム,フォーバルテレコム,high,JPX,2026-06-30
company_exact,サカイホールディングス,サカイホールディングス,high,JPX,2026-06-30
company_exact,ＧＭＯインターネットグループ,gmoインターネットグループ,high,JPX,2026-06-30
company_exact,ファイバーゲート,ファイバーゲート,high,JPX,2026-06-30
company_exact,アイドママーケティングコミュニケーション,アイドママーケティングコミュニケーション,high,JPX,2026-06-30
company_exact,アルファポリス,アルファポリス,high,JPX,2026-06-30
company_exact,ＫＡＤＯＫＡＷＡ,kadokawa,high,JPX,2026-06-30
company_exact,学研ホールディングス,学研ホールディングス,high,JPX,2026-06-30
company_exact,ゼンリン,ゼンリン,high,JPX,2026-06-30
company_exact,昭文社ホールディングス,昭文社ホールディングス,high,JPX,2026-06-30
company_exact,中央経済社ホールディングス,中央経済社ホールディングス,high,JPX,2026-06-30
company_exact,ＳＥホールディングス・アンド・インキュベーションズ,seホールディングスアンドインキュベーションズ,high,JPX,2026-06-30
company_exact,東京電力ホールディングス,東京電力ホールディングス,high,JPX,2026-06-30
company_exact,中部電力,中部電力,high,JPX,2026-06-30
company_exact,関西電力,関西電力,high,JPX,2026-06-30
company_exact,中国電力,中国電力,high,JPX,2026-06-30
company_exact,北陸電力,北陸電力,high,JPX,2026-06-30
company_exact,東北電力,東北電力,high,JPX,2026-06-30
company_exact,四国電力,四国電力,high,JPX,2026-06-30
company_exact,九州電力,九州電力,high,JPX,2026-06-30
company_exact,北海道電力,北海道電力,high,JPX,2026-06-30
company_exact,沖縄電力,沖縄電力,high,JPX,2026-06-30
company_exact,電源開発,電源開発,high,JPX,2026-06-30
company_exact,エフオン,エフオン,high,JPX,2026-06-30
company_exact,イーレックス,イーレックス,high,JPX,2026-06-30
company_exact,レノバ,レノバ,high,JPX,2026-06-30
company_exact,東京瓦斯,東京瓦斯,high,JPX,2026-06-30
company_exact,大阪瓦斯,大阪瓦斯,high,JPX,2026-06-30
company_exact,東邦瓦斯,東邦瓦斯,high,JPX,2026-06-30
company_exact,北海道瓦斯,北海道瓦斯,high,JPX,2026-06-30
company_exact,広島ガス,広島ガス,high,JPX,2026-06-30
company_exact,西部ガスホールディングス,西部ガスホールディングス,high,JPX,2026-06-30
company_exact,北陸瓦斯,北陸瓦斯,high,JPX,2026-06-30
company_exact,京葉瓦斯,京葉瓦斯,high,JPX,2026-06-30
company_exact,静岡ガス,静岡ガス,high,JPX,2026-06-30
company_exact,メタウォーター,メタウォーター,high,JPX,2026-06-30
company_exact,クオンツ総研ホールディングス,クオンツ総研ホールディングス,high,JPX,2026-06-30
company_exact,マイクロアド,マイクロアド,high,JPX,2026-06-30
company_exact,ＡＶｉＣ,avic,high,JPX,2026-06-30
company_exact,ＩＮＴＬＯＯＰ,intloop,high,JPX,2026-06-30
company_exact,エアークローゼット,エアークローゼット,high,JPX,2026-06-30
company_exact,ジャパニアス,ジャパニアス,high,JPX,2026-06-30
company_exact,プログリット,プログリット,high,JPX,2026-06-30
company_exact,グラッドキューブ,グラッドキューブ,high,JPX,2026-06-30
company_exact,ビジネスコーチ,ビジネスコーチ,high,JPX,2026-06-30
company_exact,Ａｔｌａｓ　Ｔｅｃｈｎｏｌｏｇｉｅｓ,atlastechnologies,high,JPX,2026-06-30
company_exact,ＦＣＥ,fce,high,JPX,2026-06-30
company_exact,ＧＬＯＥ,gloe,high,JPX,2026-06-30
company_exact,松竹,松竹,high,JPX,2026-06-30
company_exact,東宝,東宝,high,JPX,2026-06-30
company_exact,エイチ・アイ・エス,エイチアイエス,high,JPX,2026-06-30
company_exact,東映,東映,high,JPX,2026-06-30
company_exact,ウィルソン・ラーニング　ワールドワイド,ウィルソンラーニングワールドワイド,high,JPX,2026-06-30
company_exact,ラックランド,ラックランド,high,JPX,2026-06-30
company_exact,共立メンテナンス,共立メンテナンス,high,JPX,2026-06-30
company_exact,イチネンホールディングス,イチネンホールディングス,high,JPX,2026-06-30
company_exact,建設技術研究所,建設技術研究所,high,JPX,2026-06-30
company_exact,スペース,スペース,high,JPX,2026-06-30
company_exact,セレスポ,セレスポ,high,JPX,2026-06-30
company_exact,アインホールディングス,アインホールディングス,high,JPX,2026-06-30
company_exact,燦ホールディングス,燦ホールディングス,high,JPX,2026-06-30
company_exact,ピー・シー・エー,ピーシーエー,high,JPX,2026-06-30
company_exact,スバル興業,スバル興業,high,JPX,2026-06-30
company_exact,東京テアトル,東京テアトル,high,JPX,2026-06-30
company_exact,武蔵野興業,武蔵野興業,high,JPX,2026-06-30
company_exact,きんえい,きんえい,high,JPX,2026-06-30
company_exact,三協フロンテア,三協フロンテア,high,JPX,2026-06-30
company_exact,セゾンテクノロジー,セゾンテクノロジー,high,JPX,2026-06-30
company_exact,タナベコンサルティンググループ,タナベコンサルティンググループ,high,JPX,2026-06-30
company_exact,協和コンサルタンツ,協和コンサルタンツ,high,JPX,2026-06-30
company_exact,日本プロセス,日本プロセス,high,JPX,2026-06-30
company_exact,グリーンランドリゾート,グリーンランドリゾート,high,JPX,2026-06-30
company_exact,ビジネスブレイン太田昭和,ビジネスブレイン太田昭和,high,JPX,2026-06-30
company_exact,歌舞伎座,歌舞伎座,high,JPX,2026-06-30
company_exact,ナガワ,ナガワ,high,JPX,2026-06-30
company_exact,東京都競馬,東京都競馬,high,JPX,2026-06-30
company_exact,カナモト,カナモト,high,JPX,2026-06-30
company_exact,ホウライ,ホウライ,high,JPX,2026-06-30
company_exact,ＤＴＳ,dts,high,JPX,2026-06-30
company_exact,スクウェア・エニックス・ホールディングス,スクウェアエニックスホールディングス,high,JPX,2026-06-30
company_exact,ＫＹＣＯＭホールディングス,kycomホールディングス,high,JPX,2026-06-30
company_exact,東洋テック,東洋テック,high,JPX,2026-06-30
company_exact,ＫＳＫ,ksk,high,JPX,2026-06-30
company_exact,両毛システムズ,両毛システムズ,high,JPX,2026-06-30
company_exact,シーイーシー,シーイーシー,high,JPX,2026-06-30
company_exact,カプコン,カプコン,high,JPX,2026-06-30
company_exact,クレオ,クレオ,high,JPX,2026-06-30
company_exact,ニシオホールディングス,ニシオホールディングス,high,JPX,2026-06-30
company_exact,東京會舘,東京會舘,high,JPX,2026-06-30
company_exact,アイ・エス・ビー,アイエスビー,high,JPX,2026-06-30
company_exact,アゴーラ　ホスピタリティー　グループ,アゴーラホスピタリティーグループ,high,JPX,2026-06-30
company_exact,日本空港ビルデング,日本空港ビルデング,high,JPX,2026-06-30
company_exact,帝国ホテル,帝国ホテル,high,JPX,2026-06-30
company_exact,ＮＣＳ＆Ａ,ncs&a,high,JPX,2026-06-30
company_exact,ロイヤルホテル,ロイヤルホテル,high,JPX,2026-06-30
company_exact,トランス・コスモス,トランスコスモス,high,JPX,2026-06-30
company_exact,乃村工藝社,乃村工藝社,high,JPX,2026-06-30
company_exact,ホテル、ニューグランド,ホテル、ニューグランド,high,JPX,2026-06-30
company_exact,藤田観光,藤田観光,high,JPX,2026-06-30
company_exact,京都ホテル,京都ホテル,high,JPX,2026-06-30
company_exact,ＫＮＴ－ＣＴホールディングス,knt-ctホールディングス,high,JPX,2026-06-30
company_exact,トーカイ,トーカイ,high,JPX,2026-06-30
company_exact,白洋舎,白洋舎,high,JPX,2026-06-30
company_exact,ナガセ,ナガセ,high,JPX,2026-06-30
company_exact,セコム,セコム,high,JPX,2026-06-30
company_exact,ＮＳＷ,nsw,high,JPX,2026-06-30
company_exact,セントラル警備保障,セントラル警備保障,high,JPX,2026-06-30
company_exact,アイネス,アイネス,high,JPX,2026-06-30
company_exact,丹青社,丹青社,high,JPX,2026-06-30
company_exact,メイテックグループホールディングス,メイテックグループホールディングス,high,JPX,2026-06-30
company_exact,ＴＫＣ,tkc,high,JPX,2026-06-30
company_exact,アイエックス・ナレッジ,アイエックスナレッジ,high,JPX,2026-06-30
company_exact,応用地質,応用地質,high,JPX,2026-06-30
company_exact,船井総研ホールディングス,船井総研ホールディングス,high,JPX,2026-06-30
company_exact,ＮＳＤ,nsd,high,JPX,2026-06-30
company_exact,進学会ホールディングス,進学会ホールディングス,high,JPX,2026-06-30
company_exact,東海リース,東海リース,high,JPX,2026-06-30
company_exact,丸建リース,丸建リース,high,JPX,2026-06-30
company_exact,オオバ,オオバ,high,JPX,2026-06-30
company_exact,コナミグループ,コナミグループ,high,JPX,2026-06-30
company_exact,日建工学,日建工学,high,JPX,2026-06-30
company_exact,いであ,いであ,high,JPX,2026-06-30
company_exact,学究社,学究社,high,JPX,2026-06-30
company_exact,昴,昴,high,JPX,2026-06-30
company_exact,ハリマビステム,ハリマビステム,high,JPX,2026-06-30
company_exact,ディーエムエス,ディーエムエス,high,JPX,2026-06-30
company_exact,ナック,ナック,high,JPX,2026-06-30
company_exact,福井コンピュータホールディングス,福井コンピュータホールディングス,high,JPX,2026-06-30
company_exact,ビケンテクノ,ビケンテクノ,high,JPX,2026-06-30
company_exact,ダイセキ,ダイセキ,high,JPX,2026-06-30
company_exact,ステップ,ステップ,high,JPX,2026-06-30
company_exact,旭情報サービス,旭情報サービス,high,JPX,2026-06-30
company_exact,テーオーホールディングス,テーオーホールディングス,high,JPX,2026-06-30
company_exact,ストライダーズ,ストライダーズ,high,JPX,2026-06-30
company_exact,大丸エナウィン,大丸エナウィン,high,JPX,2026-06-30
company_exact,エムティジェネックス,エムティジェネックス,high,JPX,2026-06-30
company_exact,マミーマートホールディングス,マミーマートホールディングス,high,JPX,2026-06-30
company_exact,泉州電業,泉州電業,high,JPX,2026-06-30
company_exact,リリカラ,リリカラ,high,JPX,2026-06-30
company_exact,Ｇｅｎｋｉ　Ｇｌｏｂａｌ　Ｄｉｎｉｎｇ　Ｃｏｎｃｅｐｔｓ,genkiglobaldiningconcepts,high,JPX,2026-06-30
company_exact,トラスコ中山,トラスコ中山,high,JPX,2026-06-30
company_exact,ヤマダホールディングス,ヤマダホールディングス,high,JPX,2026-06-30
company_exact,オートバックスセブン,オートバックスセブン,high,JPX,2026-06-30
company_exact,ジュンテンドー,ジュンテンドー,high,JPX,2026-06-30
company_exact,モリト,モリト,high,JPX,2026-06-30
company_exact,アークランズ,アークランズ,high,JPX,2026-06-30
company_exact,ニトリホールディングス,ニトリホールディングス,high,JPX,2026-06-30
company_exact,パーカーコーポレーション,パーカーコーポレーション,high,JPX,2026-06-30
company_exact,天満屋ストア,天満屋ストア,high,JPX,2026-06-30
company_exact,共同紙販ホールディングス,共同紙販ホールディングス,high,JPX,2026-06-30
company_exact,グルメ杵屋,グルメ杵屋,high,JPX,2026-06-30
company_exact,銀座ルノアール,銀座ルノアール,high,JPX,2026-06-30
company_exact,愛眼,愛眼,high,JPX,2026-06-30
company_exact,ケーユーホールディングス,ケーユーホールディングス,high,JPX,2026-06-30
company_exact,英和,英和,high,JPX,2026-06-30
company_exact,吉野家ホールディングス,吉野家ホールディングス,high,JPX,2026-06-30
company_exact,ソレキア,ソレキア,high,JPX,2026-06-30
company_exact,加藤産業,加藤産業,high,JPX,2026-06-30
company_exact,北恵,北恵,high,JPX,2026-06-30
company_exact,コックス,コックス,high,JPX,2026-06-30
company_exact,セキド,セキド,high,JPX,2026-06-30
company_exact,イノテック,イノテック,high,JPX,2026-06-30
company_exact,イエローハット,イエローハット,high,JPX,2026-06-30
company_exact,シャルレ,シャルレ,high,JPX,2026-06-30
company_exact,松屋フーズホールディングス,松屋フーズホールディングス,high,JPX,2026-06-30
company_exact,ＵＥＸ,uex,high,JPX,2026-06-30
company_exact,ＪＢＣＣホールディングス,jbccホールディングス,high,JPX,2026-06-30
company_exact,マキヤ,マキヤ,high,JPX,2026-06-30
company_exact,コンセック,コンセック,high,JPX,2026-06-30
company_exact,ＪＫホールディングス,jkホールディングス,high,JPX,2026-06-30
company_exact,サガミホールディングス,サガミホールディングス,high,JPX,2026-06-30
company_exact,日伝,日伝,high,JPX,2026-06-30
company_exact,カンセキ,カンセキ,high,JPX,2026-06-30
company_exact,ベリテ,ベリテ,high,JPX,2026-06-30
company_exact,藤井産業,藤井産業,high,JPX,2026-06-30
company_exact,日本電計,日本電計,high,JPX,2026-06-30
company_exact,日邦産業,日邦産業,high,JPX,2026-06-30
company_exact,植松商会,植松商会,high,JPX,2026-06-30
company_exact,ミロク情報サービス,ミロク情報サービス,high,JPX,2026-06-30
company_exact,平和紙業,平和紙業,high,JPX,2026-06-30
company_exact,北沢産業,北沢産業,high,JPX,2026-06-30
company_exact,杉本商事,杉本商事,high,JPX,2026-06-30
company_exact,因幡電機産業,因幡電機産業,high,JPX,2026-06-30
company_exact,王将フードサービス,王将フードサービス,high,JPX,2026-06-30
company_exact,太洋物産,太洋物産,high,JPX,2026-06-30
company_exact,ミニストップ,ミニストップ,high,JPX,2026-06-30
company_exact,アークス,アークス,high,JPX,2026-06-30
company_exact,ハチバン,ハチバン,high,JPX,2026-06-30
company_exact,ヨンキュウ,ヨンキュウ,high,JPX,2026-06-30
company_exact,バローホールディングス,バローホールディングス,high,JPX,2026-06-30
company_exact,アシードホールディングス,アシードホールディングス,high,JPX,2026-06-30
company_exact,東テク,東テク,high,JPX,2026-06-30
company_exact,ミスミグループ本社,ミスミグループ本社,high,JPX,2026-06-30
company_exact,ショクブン,ショクブン,high,JPX,2026-06-30
company_exact,アルテック,アルテック,high,JPX,2026-06-30
company_exact,ＫＯＺＯホールディングス,kozoホールディングス,high,JPX,2026-06-30
company_exact,ベルク,ベルク,high,JPX,2026-06-30
company_exact,セキチュー,セキチュー,high,JPX,2026-06-30
company_exact,文教堂グループホールディングス,文教堂グループホールディングス,high,JPX,2026-06-30
company_exact,大庄,大庄,high,JPX,2026-06-30
company_exact,ＭＲＫホールディングス,mrkホールディングス,high,JPX,2026-06-30
company_exact,タキヒヨー,タキヒヨー,high,JPX,2026-06-30
company_exact,ファーストリテイリング,ファーストリテイリング,high,JPX,2026-06-30
company_exact,ソフトバンクグループ,ソフトバンクグループ,high,JPX,2026-06-30
company_exact,蔵王産業,蔵王産業,high,JPX,2026-06-30
company_exact,スズケン,スズケン,high,JPX,2026-06-30
company_exact,サンドラッグ,サンドラッグ,high,JPX,2026-06-30
company_exact,サックスバー　ホールディングス,サックスバーホールディングス,high,JPX,2026-06-30
company_exact,ジェコス,ジェコス,high,JPX,2026-06-30
company_exact,ヤマザワ,ヤマザワ,high,JPX,2026-06-30
company_exact,やまや,やまや,high,JPX,2026-06-30
company_exact,サトー商会,サトー商会,high,JPX,2026-06-30
company_exact,ベルーナ,ベルーナ,high,JPX,2026-06-30
company_contains,電通,電通,review,major_group_keyword,2026-08-02
company_contains,博報堂,博報堂,review,major_group_keyword,2026-08-02
company_contains,サイバーエージェント,サイバーエージェント,review,major_group_keyword,2026-08-02
company_contains,GMO,gmo,review,major_group_keyword,2026-08-02
company_contains,セプテーニ,セプテーニ,review,major_group_keyword,2026-08-02
company_contains,オプト,オプト,review,major_group_keyword,2026-08-02
company_contains,デジタルホールディングス,デジタルホールディングス,review,major_group_keyword,2026-08-02
company_contains,CARTA,carta,review,major_group_keyword,2026-08-02
company_contains,フリークアウト,フリークアウト,review,major_group_keyword,2026-08-02
company_contains,トランスコスモス,トランスコスモス,review,major_group_keyword,2026-08-02
company_contains,リクルート,リクルート,review,major_group_keyword,2026-08-02
company_contains,LINEヤフー,lineヤフー,review,major_group_keyword,2026-08-02
company_contains,楽天,楽天,review,major_group_keyword,2026-08-02
company_contains,ソフトバンク,ソフトバンク,review,major_group_keyword,2026-08-02
company_contains,NTT,ntt,review,major_group_keyword,2026-08-02
company_contains,TOPPAN,toppan,review,major_group_keyword,2026-08-02
