batch_no,sample_position,sheet_row,company_name,url,contact_url,proposal_class,existing_evidence,classification,reason,official_status,contact_status,form_exists,service_hits,client_hits,weak_only_hits,enterprise_review_term,final_url,contact_final_url,evidence_pages
1,1,2,D-Style,https://www.dental-hp.net/,https://www.dental-hp.net/info/contact.html,S｜業界特化Web制作,医療・歯科・介護等の業界特化Web制作・運用,review_weak_service,集客・制作・広告・販促等の受託根拠を機械確認できず,200,200,yes,,,,,https://www.dental-hp.net/,https://www.dental-hp.net/info/contact.html,https://www.dental-hp.net/service/index.html / https://www.dental-hp.net/service/design.html
1,11,12,株式会社メディケアネット,https://mc-net.jp/service/hp_production/,https://mc-net.jp/contact/,S｜業界特化Web制作,医療・歯科・介護等の業界特化Web制作・運用,strategic_valid,受託サービス・地域顧客接点・実フォームを確認,200,200,yes,web制作 / ホームページ制作 / seo対策 / meo対策 / 経営支援,クリニック / 制作実績,,,https://mc-net.jp/service/hp_production/,https://mc-net.jp/contact/,https://mc-net.jp/service/ / https://mc-net.jp/service_category/it/ / https://mc-net.jp/service_category/web/
1,21,22,株式会社リバティーフェローシップ,https://tahlab.net/,https://tahlab.net/contact/,S｜業界特化Web制作,医療・歯科・介護等の業界特化Web制作・運用,strategic_valid,受託サービス・地域顧客接点・実フォームを確認,200,200,yes,ホームページ制作 / webマーケ / sns運用 / 動画制作 / プロモーション,医院 / クリニック / 歯科,,,https://tahlab.net/,https://tahlab.net/contact/,
1,31,32,株式会社バンラボ,https://netclinic119.net/,https://netclinic119.net/contact,S｜業界特化Web制作,医療・歯科・介護等の業界特化Web制作・運用,strategic_valid,受託サービス・地域顧客接点・実フォームを確認,200,200,yes,ホームページ制作 / 広告運用 / ブランディング / プロモーション / seo対策,医院 / クリニック / 歯科 / 制作実績,,,https://netclinic119.net/,https://netclinic119.net/contact,https://netclinic119.net/works / https://netclinic119.net/service / https://netclinic119.net/casestudy
1,41,42,株式会社AllSO,https://allso.co.jp/website/,https://allso.co.jp/contact/,S｜業界特化Web制作,医療・歯科・介護等の業界特化Web制作・運用,strategic_valid,受託サービス・地域顧客接点・実フォームを確認,200,200,yes,ホームページ制作 / sns運用 / seo対策 / meo対策,店舗,,,https://allso.co.jp/website/,https://allso.co.jp/contact/,https://allso.co.jp/website/ / https://allso.co.jp/foodservice/
2,1,52,株式会社プロジェ・アキ,https://www.salon-chirashiwork.com/,https://www.salon-chirashiwork.com/form.html,S｜業界特化Web制作,美容室・サロン特化支援：美容室／web制作,review_weak_service,集客・制作・広告・販促等の受託根拠を機械確認できず,200,200,no,,,,,https://www.salon-chirashiwork.com/,https://www.salon-chirashiwork.com/form.html,
2,11,62,有限会社じん,https://ractory.co.jp/,https://ractory.co.jp/contact/,S｜業界特化Web制作,美容室・サロン特化支援：美容サロン／マーケティング,strategic_valid,受託サービス・地域顧客接点・実フォームを確認,200,200,yes,webマーケ / 広告運用,店舗 / サロン,,,https://ractory.co.jp/,https://ractory.co.jp/contact/,https://ractory.co.jp/store/
2,21,72,株式会社カミシマ,https://kamishima-beauty.com/,https://kamishima-beauty.com/contact/,S｜業界特化Web制作,美容室・サロン特化支援：理美容／ホームページ制作,strategic_valid,受託サービス・地域顧客接点・実フォームを確認,200,200,yes,ホームページ制作 / プロモーション / 開業支援,店舗 / サロン / 中小企業,商材販売,,https://kamishima-beauty.com/,https://kamishima-beauty.com/contact/,https://kamishima-beauty.com/service/ / https://kamishima-beauty.com/service/sales/ / https://kamishima-beauty.com/service/support/
2,31,82,株式会社カタリヨ,https://catariyo.com/,https://catariyo.com/contact,S｜業界特化Web制作,美容室・サロン特化支援：理美容／ウェブ制作,strategic_valid,受託サービス・地域顧客接点・実フォームを確認,200,200,yes,web制作 / ホームページ制作 / ウェブ制作 / サイト制作 / マーケティング支援,サロン,機器販売,,https://catariyo.com/,https://catariyo.com/contact,https://catariyo.com/service / https://catariyo.com/service/web / https://catariyo.com/service/marketing
2,41,92,株式会社 Lonfiee,https://www.lonfiee.com/,https://www.lonfiee.com/contact,S｜業界特化Web制作,美容室・サロン特化支援：美容室／ホームページ制作,strategic_valid,受託サービス・地域顧客接点・実フォームを確認,200,200,yes,ホームページ制作 / 集客支援 / sns運用 / 動画制作 / プロモーション,店舗 / クリニック / 美容室 / サロン,,,https://www.lonfiee.com/,https://www.lonfiee.com/contact,https://www.lonfiee.com/marketing-support / https://www.lonfiee.com/video-sns-service / https://www.lonfiee.com/independence-support
3,1,102,株式会社タートル,https://foodapp.jp/,https://foodapp.jp/download.html,S｜業界特化Web制作,飲食店特化支援：飲食店／予約システム,review_weak_service,集客・制作・広告・販促等の受託根拠を機械確認できず,200,200,yes,,,,,https://foodapp.jp/,https://foodapp.jp/download.html,https://foodapp.jp/#showcase
3,11,112,株式会社くだら,https://www.qudara.co.jp/,https://www.qudara.co.jp/cathand/otoiawase.php?serial=05753,S｜業界特化Web制作,飲食店特化支援：飲食店／開業支援,review_weak_service,集客・制作・広告・販促等の受託根拠を機械確認できず,200,200,yes,,,,,https://www.qudara.co.jp/,https://www.qudara.co.jp/cathand/otoiawase.php?serial=05753,
3,21,122,株式会社カレント,https://www.currentcoffee.co.jp/,https://www.currentcoffee.co.jp/contact,S｜業界特化Web制作,飲食店特化支援：飲食店／店舗運営,review_weak_service,集客・制作・広告・販促等の受託根拠を機械確認できず,200,200,yes,,店舗 / 飲食店 / ホテル / 小売店,,,https://www.currentcoffee.co.jp/,https://www.currentcoffee.co.jp/contact,https://www.currentcoffee.co.jp/business / https://www.currentcoffee.co.jp/business/wholesale / https://www.currentcoffee.co.jp/mocha-chai-coffee
3,31,132,株式会社テイクパート,https://takepart.co.jp/,https://takepart.co.jp/contact,S｜飲食店DX・集客支援,飲食店特化支援：QRオーダー・店舗運営,strategic_valid,受託サービス・地域顧客接点・実フォームを確認,200,200,yes,運営支援 / 制作会社,店舗 / 飲食店,,,https://takepart.co.jp/,https://takepart.co.jp/contact/,https://takepart.co.jp/line/ / https://takepart.co.jp/performance/
3,41,142,E・ウェルスマネジメント株式会社,https://www.ewm.jp/,https://www.ewm.jp/,S｜業界特化Web制作,飲食・観光業向け：Web制作・SNS・集客支援,strategic_valid,受託サービス・地域顧客接点・実フォームを確認,200,200,yes,sns運用 / ブランディング / プロモーション,店舗 / 観光 / クライアント,,,https://www.ewm.jp/,https://www.ewm.jp/,https://www.ewm.jp/#service
4,1,152,NBSホテルズ＆リゾーツ株式会社,https://www.toroca.jp,https://www.toroca.jp/contact.php,S｜業界特化Web制作,旅館・ホテル・観光特化支援：旅館／集客支援,strategic_valid,受託サービス・地域顧客接点・実フォームを確認,200,200,yes,集客支援 / 集客コンサル / プロモーション,宿泊施設 / ホテル / 旅館,,,https://www.toroca.jp/,https://www.toroca.jp/contact.php,https://www.toroca.jp/#service
4,11,162,株式会社スニットコンピュータ,https://www.snitcomputer.net,https://www.snitcomputer.net/contact-9,S｜業界特化Web制作,旅館・ホテル・観光特化支援：旅館／予約管理,review_weak_service,集客・制作・広告・販促等の受託根拠を機械確認できず,200,200,yes,,宿泊施設 / ホテル / 旅館 / 導入事例,,,https://www.snitcomputer.net/,https://www.snitcomputer.net/contact-9,
4,21,172,株式会社ノサル,https://nosaru.co.jp,https://nosaru.co.jp//contact/,S｜業界特化Web制作,旅館・ホテル・観光特化支援：ホテル／マーケティング,strategic_valid,受託サービス・地域顧客接点・実フォームを確認,200,200,yes,開業支援,宿泊施設 / ホテル,予約システム,,https://nosaru.co.jp/,https://nosaru.co.jp/contact/,https://nosaru.co.jp/service/ / https://nosaru.co.jp/cleaning/ / https://nosaru.co.jp/works/
4,31,182,xxx株式会社,https://www.hotelsmart.jp,https://www.hotelsmart.jp/contact/,S｜業界特化Web制作,旅館・ホテル・観光特化支援：宿泊施設向けPMS・運用代行,review_form,実フォームを機械確認できず,200,404,no,ホームページ制作,宿泊施設 / ホテル / 旅館 / 観光 / 導入事例,クラウドサービス / 予約システム,,https://www.hotelsmart.jp/,https://www.hotelsmart.jp/contact/,https://www.hotelsmart.jp/ / https://www.hotelsmart.jp/cancel-fee/ / https://www.hotelsmart.jp/business-hotel-pms/
4,41,192,株式会社フォーセット,https://hoteza.jp,https://hoteza.jp/#contact,S｜業界特化Web制作,旅館・ホテル・観光特化支援：ホテル清掃管理DX支援,review_weak_service,集客・制作・広告・販促等の受託根拠を機械確認できず,200,200,yes,,ホテル / 導入事例,,,https://hoteza.jp/,https://hoteza.jp/#contact,https://hoteza.jp/#results
5,1,202,株式会社 HAGS,https://www.customer-now.jp/,https://embed.customer-now.jp/inquiries/mmPpZKjpT_a80wSDeDQbMw,S｜業界特化Web制作,不動産特化支援：不動産業／マーケティング,review_weak_service,集客・制作・広告・販促等の受託根拠を機械確認できず,200,200,yes,,導入事例,,,https://www.customer-now.jp/,https://embed.customer-now.jp/inquiries/mmPpZKjpT_a80wSDeDQbMw,https://www.customer-now.jp/solutions/ / https://www.customer-now.jp/case/
5,11,212,株式会社レコ,https://www.kajicon.jp/,https://www.kajicon.jp/contact/,S｜業界特化Web制作,不動産特化支援：不動産会社／ホームページ制作,strategic_valid,受託サービス・地域顧客接点・実フォームを確認,200,200,yes,ホームページ制作 / seo対策 / 制作会社,店舗 / 不動産会社 / クライアント / 制作実績,賃貸管理,,https://www.kajicon.jp/,https://www.kajicon.jp/contact/,https://www.kajicon.jp/results/ / https://www.kajicon.jp/caseblog/5938/ / https://www.kajicon.jp/caseblog/5824/
5,21,222,業プロ株式会社,https://www.gyo-pro.co.jp/,https://www.gyo-pro.co.jp/contact.html,S｜業界特化Web制作,不動産特化支援：不動産会社／dx支援,likely_not_hub,SaaS・機器・商材・不動産管理等の単体支援のみ検出,200,200,yes,,不動産会社,saas,,https://www.gyo-pro.co.jp/,https://www.gyo-pro.co.jp/contact.html,https://www.gyo-pro.co.jp/#services / https://www.gyo-pro.co.jp/#achievements
5,31,232,株式会社リーテック,https://www.retech-network.com/,https://www.retech-network.com/contact/,S｜業界特化Web制作,不動産業界特化支援：不動産会社向けIT・集客支援,review_form,実フォームを機械確認できず,200,404,no,デジタルマーケ / ブランディング,店舗 / 不動産会社 / 中小企業 / 導入事例,賃貸管理 / 不動産仲介,,https://www.retech-network.com/,https://www.retech-network.com/contact/,https://www.retech-network.com/posts/business/ / https://www.retech-network.com/posts/business/improvement/ / https://www.retech-network.com/posts/business/skill/
5,41,242,株式会社ロカオプ,https://locaop.jp/,https://locaop.jp/contact/,S｜業界特化Web制作,不動産業界特化支援：不動産店舗向けMEO・口コミ集客支援,strategic_valid,受託サービス・地域顧客接点・実フォームを確認,200,200,yes,サイト制作 / meo対策,店舗 / クリニック / 飲食店 / 小売店 / 導入事例,予約システム,,https://locaop.jp/,https://locaop.jp/contact/,https://locaop.jp/casestudy/ / https://locaop.jp/casestudy/yoshihisa/ / https://locaop.jp/casestudy/kajikaji/
6,1,252,株式会社ラング,https://rang.jp/,https://rang.jp/contact/,S｜業界特化Web制作,建築・工務店・リフォーム特化支援：リフォーム会社／webサイト,review_weak_service,集客・制作・広告・販促等の受託根拠を機械確認できず,200,200,yes,,,,,https://rang.jp/,https://rang.jp/contact/,https://rang.jp/%E8%BC%B8%E5%87%BA%E4%BA%8B%E6%A5%AD/ / https://rang.jp/example/
6,11,262,シェルフィー株式会社,https://www.shelfy.co.jp/,https://www.shelfy.co.jp/contact,S｜業界特化Web制作,建築・工務店・リフォーム特化支援：建設業／建設dx,review_weak_service,集客・制作・広告・販促等の受託根拠を機械確認できず,200,200,yes,,,,,https://www.shelfy.co.jp/,https://www.shelfy.co.jp/contact,https://www.shelfy.co.jp/service
6,21,272,ITPOINT合同会社,https://kensetumirai.com/,https://kensetumirai.com/contact,S｜業界特化Web制作,建築・工務店・リフォーム特化支援：建設業／施工管理,likely_not_hub,SaaS・機器・商材・不動産管理等の単体支援のみ検出,200,200,no,,導入事例,saas,,https://kensetumirai.com/,https://kensetumirai.com/contact,https://kensetumirai.com/resources/case-studies
6,31,282,株式会社建設新聞社,https://www.kensetsu-sinbun.co.jp/,https://www.kensetsu-sinbun.co.jp/company/,S｜業界特化Web制作,建築・工務店特化支援：地域建設業界向け専門メディア,review_weak_service,集客・制作・広告・販促等の受託根拠を機械確認できず,200,200,no,,店舗 / 地域企業,,,https://www.kensetsu-sinbun.co.jp/,https://www.kensetsu-sinbun.co.jp/company/,https://www.kensetsu-sinbun.co.jp/information/ichimen/45440/ / https://www.kensetsu-sinbun.co.jp/information/miyagi/45606/ / https://www.kensetsu-sinbun.co.jp/information/miyagi/45546/
6,41,292,株式会社住宅産業新聞社,https://www.jyutaku-sangyo.co.jp/,https://www.jyutaku-sangyo.co.jp/contact/,S｜業界特化Web制作,建築・工務店特化支援：住宅産業向け専門メディア,review_weak_service,集客・制作・広告・販促等の受託根拠を機械確認できず,200,200,yes,,店舗 / 工務店,,,https://www.jyutaku-sangyo.co.jp/,https://www.jyutaku-sangyo.co.jp/contact/,https://jyutaku-sangyo.co.jp/works/ / https://jyutaku-sangyo.co.jp/tsuyama-renovation/ / https://jyutaku-sangyo.co.jp/voices/?tab=case
7,1,302,株式会社アイ・エス・アイソフトウェアー,https://www.isi-grp.co.jp/,https://www.isi-grp.co.jp/inquiry/,S｜業界特化Web制作・店舗支援ハブ,自動車業界特化支援：自動車整備業向け顧客・車両管理システム,review_weak_service,集客・制作・広告・販促等の受託根拠を機械確認できず,200,200,no,,店舗 / 導入事例,,,https://www.isi-grp.co.jp/,https://www.isi-grp.co.jp/inquiry/,https://www.isi-grp.co.jp/solution/acceleration-dx/ / https://www.isi-grp.co.jp/solution/new-technologies/ / https://www.isi-grp.co.jp/solution/renewal-system-structure/
7,11,312,プレミアソフトプランナー株式会社,https://softplanner.co.jp/,https://softplanner.co.jp/contact,S｜業界特化Web制作・店舗支援ハブ,自動車業界特化支援：自動車整備・車両販売ソフト,review_weak_service,集客・制作・広告・販促等の受託根拠を機械確認できず,200,200,yes,,整備工場 / 導入事例,,,https://softplanner.co.jp/,https://softplanner.co.jp/contact/,https://softplanner.co.jp/#service
7,21,322,株式会社cantik,https://cantik.co.jp/,https://cantik.co.jp/contact/,S｜業界特化Web制作・店舗支援ハブ,自動車業界特化支援：車検・整備・中古車販売向けWeb集客,strategic_valid,受託サービス・地域顧客接点・実フォームを確認,200,200,yes,web制作 / ホームページ制作 / サイト制作 / 集客支援 / 広告運用,店舗 / 医院 / クリニック / 歯科 / 美容室,,,https://cantik.co.jp/,https://cantik.co.jp/contact/,https://cantik.co.jp/sns/ / https://cantik.co.jp/staff/ / https://cantik.co.jp/recruitment/
7,31,332,株式会社7Reasons,https://rakumeka.com/,https://rakumeka.com/contact/,S｜業界特化Web制作・店舗支援ハブ,自動車業界特化支援：自動車整備士特化採用支援,strategic_valid,受託サービス・地域顧客接点・実フォームを確認,200,200,yes,広告代理,整備工場 / 導入事例,,,https://rakumeka.com/,https://rakumeka.com/contact/,https://rakumeka.com/#case / https://rakumeka.com/#service
7,41,342,有限会社整備新聞社,https://seibi-news.com/,https://seibi-news.com/contact/,S｜業界特化Web制作・店舗支援ハブ,自動車業界特化支援：自動車整備業界専門新聞・広告媒体,strategic_valid,受託サービス・地域顧客接点・実フォームを確認,200,200,yes,ホームページ制作 / 経営支援,店舗 / ホテル / 整備工場,,,https://seibi-news.com/,https://seibi-news.com/contact/,https://seibi-news.com/other-works/ / https://seibi-news.com/other-works/#other-pt / https://seibi-news.com/other-works/#other-hp
8,1,352,株式会社PLAN-B,https://www.planb-pet.com/,https://www.planb-pet.com/counseling/,S｜業界特化Web制作・店舗支援ハブ,ペット業界特化支援：動物病院専門経営・組織コンサルティング,review_weak_hub,複数の地域事業者との顧客接点を機械確認できず,200,200,yes,ブランディング / 経営支援,,,,https://www.planb-pet.com/,https://www.planb-pet.com/counseling/,https://www.planb-pet.com/%E3%82%B5%E3%83%BC%E3%83%93%E3%82%B9/ / https://www.planb-pet.com/%E3%82%B5%E3%83%BC%E3%83%93%E3%82%B9/%E3%82%AA%E3%83%B3%E3%83%A9%E3%82%A4%E3%83%B3%E3%81%A7%E3%81%AE%E7%B5%8C%E5%96%B6%E6%94%AF%E6%8F%B4/ / https://www.planb-pet.com/%E3%82%B5%E3%83%BC%E3%83%93%E3%82%B9/%E3%82%B3%E3%83%B3%E3%82%B5%E3%83%AB%E3%83%86%E3%82%A3%E3%83%B3%E3%82%B0%E3%83%97%E3%83%AD%E3%82%B0%E3%83%A9%E3%83%A0/
8,11,362,株式会社ハロペ,https://halope.co.jp/,https://form.run/@halope-5000,S｜業界特化Web制作・店舗支援ハブ,ペット業界特化支援：動物病院・ペットサロン向けWeb・顧客管理,review_weak_service,集客・制作・広告・販促等の受託根拠を機械確認できず,200,200,yes,,,,,https://halope.co.jp/,https://form.run/@halope-5000,
8,21,372,有限会社ランタック,https://rantac.jp/,https://rantac.jp/#contact,S｜業界特化Web制作・店舗支援ハブ,ペット業界特化支援：動物病院開業・医療機器・設計支援,strategic_valid,受託サービス・地域顧客接点・実フォームを確認,200,200,yes,開業支援,クリニック / 不動産会社 / 工務店 / 建設会社,機器販売,,https://rantac.jp/,https://rantac.jp/#contact,https://rantac.jp/kaigyou-support/ / https://rantac.jp/kaigyou-support/ / https://rantac.jp/kaigyou-support/
8,31,382,株式会社ベッツソリューション,https://www.plus-petorelu.jp/,https://www.plus-petorelu.jp/contact/,S｜業界特化Web制作・店舗支援ハブ,ペット業界特化支援：動物病院向けクラウド診療・予約管理,review_weak_service,集客・制作・広告・販促等の受託根拠を機械確認できず,200,200,yes,,クリニック / 導入事例,,,https://www.plus-petorelu.jp/,https://www.plus-petorelu.jp/contact/,
8,41,392,株式会社オフィスDB,https://officedb.jp/,https://officedb.jp/contact.html,S｜業界特化Web制作・店舗支援ハブ,ペット業界特化支援：動物病院専門建築・Web・ブランディング支援,review_form,実フォームを機械確認できず,200,404,no,ブランディング / seo対策,クライアント,,,https://officedb.jp/,https://officedb.jp/contact.html,https://officedb.jp/solution.html / https://officedb.jp/works/index.html
9,1,402,アートム株式会社,https://www.artme.co.jp/,https://www.artme.co.jp/contact/,S｜業界特化Web制作・店舗支援ハブ,フィットネス業界特化支援：スポーツ施設メディア・Web制作・スクール申込決済,strategic_valid,受託サービス・地域顧客接点・実フォームを確認,200,200,yes,web制作 / ホームページ制作 / webマーケ / 動画制作 / ブランディング,店舗 / 制作実績,,,https://www.artme.co.jp/,https://www.artme.co.jp/contact/,https://www.artme.co.jp/services/ / https://www.artme.co.jp/results/ / https://www.artme.co.jp/services/#construction
9,11,412,株式会社シーディアイ,https://www.cdi.jpn.com/,https://www.cdi.jpn.com/contact/,S｜業界特化Web制作・店舗支援ハブ,フィットネス業界特化支援：スポーツ体験機器・サイネージ支援,likely_not_hub,SaaS・機器・商材・不動産管理等の単体支援のみ検出,200,200,yes,,店舗,機器販売,,https://www.cdi.jpn.com/,https://www.cdi.jpn.com/contact/,https://www.cdi.jpn.com/jigyo/ / https://www.cdi.jpn.com/ai/ / https://www.cdi.jpn.com/jigyo/fa/
9,21,422,特定非営利活動法人日本トレーニング指導者協会,https://jati.jp/,https://jati.jp/form/,S｜業界特化Web制作・店舗支援ハブ,フィットネス業界特化支援：トレーニング指導者資格・教育,likely_not_hub,SaaS・機器・商材・不動産管理等の単体支援のみ検出,200,200,yes,,,教材,,https://jati.jp/,https://jati.jp/form/,https://jati.jp/about/service.php / https://jati.jp/about/service.php#sect_balance / https://jati.jp/kids/
9,31,432,株式会社プライムエデュケーション,http://www.prime-e.jp/,https://prime-e.jp/contact_access/#access,S｜業界特化Web制作・店舗支援ハブ,フィットネス業界特化支援：運動プログラム・指導者教育,review_weak_service,集客・制作・広告・販促等の受託根拠を機械確認できず,200,200,yes,,,,,https://prime-e.jp/,https://prime-e.jp/contact_access/#access,https://prime-e.jp/#fitness_education
9,41,442,株式会社ワイルド・ライフ・コーポレーション,https://wildlife.jpn.com/,https://wildlife.jpn.com/inquiry/,S｜業界特化Web制作・店舗支援ハブ,フィットネス業界特化支援：ジム開業・内装・運営コンサルティング,strategic_valid,受託サービス・地域顧客接点・実フォームを確認,200,200,yes,ホームページ制作 / seo対策 / meo対策,店舗 / 美容室 / 飲食店 / ホテル / 建設会社,研修サービス / 機器販売 / 内装工事,,https://wildlife.jpn.com/,https://wildlife.jpn.com/inquiry/,https://wildlife.jpn.com/company/management-philosophy/ / https://wildlife.jpn.com/business-introduction/ / https://wildlife.jpn.com/business-introduction/support/
10,1,452,FLENS株式会社,https://www.flens.jp:443/,https://www.flens.jp/contact,S｜業界特化Web制作・店舗支援ハブ,教育業界ハブ：学習塾・予備校向け支援,review_form,実フォームを機械確認できず,200,200,no,ブランディング,導入事例,,,https://www.flens.jp:443/,https://www.flens.jp/contact,https://www.flens.jp:443/topic/case / https://www.flens.jp:443/topic/case/lead / https://www.flens.jp:443/topic/case/up-edu
10,11,462,合資会社マネジメント・ブレイン・アソシエイツ,https://management-brain.co.jp/,https://management-brain.co.jp/contact/,S｜業界特化Web制作・店舗支援ハブ,教育業界ハブ：学習塾・予備校向け支援,review_weak_hub,複数の地域事業者との顧客接点を機械確認できず,200,200,yes,web制作,,,,https://management-brain.co.jp/,https://management-brain.co.jp/contact/,https://management-brain.co.jp/services/ / https://management-brain.co.jp/services/mba%E4%BC%9A%E5%93%A1%E6%A7%98%E5%B0%82%E7%94%A8%E5%85%A5%E3%82%8A%E5%8F%A3.html / https://management-brain.co.jp/services/%E3%83%A1%E3%83%BC%E3%83%AB%E3%83%9E%E3%82%AC%E3%82%B8%E3%83%B3%E7%99%BB%E9%8C%B22.html
10,21,472,株式会社エンペイ,https://www.enpay.co.jp/service/top,https://www.enpay.co.jp/inquiry,S｜業界特化Web制作・店舗支援ハブ,教育業界ハブ：教育施設向け決済・集金支援,review_weak_service,集客・制作・広告・販促等の受託根拠を機械確認できず,200,200,no,,導入事例,,,https://www.enpay.co.jp/service/top,https://www.enpay.co.jp/inquiry,https://www.enpay.co.jp/service/collecting-money / https://www.enpay.co.jp/service/corporate-option / https://www.enpay.co.jp/service/ai-invoice-import
10,31,482,株式会社好学出版,https://www.kogaku-pub.com/,https://www.kogaku-pub.com/contact/others/,S｜業界特化Web制作・店舗支援ハブ,教育業界ハブ：学習塾・予備校向け支援,likely_not_hub,SaaS・機器・商材・不動産管理等の単体支援のみ検出,200,200,yes,,,教材,,https://www.kogaku-pub.com/,https://www.kogaku-pub.com/contact/others/,
10,41,492,株式会社ＳＲＪ,https://speedreading.co.jp/,https://speedreading.co.jp/contact/,S｜業界特化Web制作・店舗支援ハブ,教育業界ハブ：学習塾・予備校向け支援,likely_not_hub,SaaS・機器・商材・不動産管理等の単体支援のみ検出,200,200,yes,,導入事例,教材,,https://speedreading.co.jp/,https://speedreading.co.jp/contact/,https://speedreading.co.jp/terrace/case-study/ / https://speedreading.co.jp/events/od-260729-case-lower/ / https://speedreading.co.jp/events/od-260729-case-as/
11,1,502,株式会社CAN EAT,https://biz.caneat.jp/allergyhearing/,https://biz.caneat.jp/allergycontact/contact,S｜業界特化Web制作・店舗支援ハブ,ブライダル・写真業界ハブ：アレルギー対応ITサービス「CAN EAT」,review_weak_service,集客・制作・広告・販促等の受託根拠を機械確認できず,200,200,no,,飲食店 / 宿泊施設 / ホテル / 導入事例,,,https://biz.caneat.jp/allergyhearing/,https://biz.caneat.jp/allergyhearing/contact/,https://biz.caneat.jp/allergyhearing/#! / https://biz.caneat.jp/allergenlist/ / https://biz.caneat.jp/other/
11,11,512,株式会社オリジナルあい,https://original-ai.jp/,https://original-ai.jp/contact/mailform.php,S｜業界特化Web制作・店舗支援ハブ,ブライダル・写真業界ハブ：ブライダル業界向け商品・運営支援,review_weak_service,集客・制作・広告・販促等の受託根拠を機械確認できず,200,200,yes,,,,,https://original-ai.jp/,https://original-ai.jp/contact/mailform.php,https://original-ai.jp/concept
11,21,522,ユニオンビズ株式会社,https://ub-activelife.jp/,https://ub-activelife.jp/contact/contact_corporation,S｜業界特化Web制作・店舗支援ハブ,ブライダル・写真業界ハブ：メモリーターフ（人工芝）、moreleaf(人工壁面緑化パネル),likely_not_hub,SaaS・機器・商材・不動産管理等の単体支援のみ検出,200,200,yes,,ホテル / 旅館,卸売,,https://ub-activelife.jp/,https://ub-activelife.jp/contact/contact_corporation/,https://ub-activelife.jp/business/ / https://ub-activelife.jp/business/zaikou/ / https://ub-activelife.jp/business/partner/
11,31,532,一般社団法人写真整理協会,https://photokeep.org/,https://photokeep.org/contact/,S｜業界特化Web制作・店舗支援ハブ,写真業界ハブ：写真・アルバム・撮影関連支援,review_weak_service,集客・制作・広告・販促等の受託根拠を機械確認できず,200,200,yes,,,,,https://photokeep.org/,https://photokeep.org/contact/,
11,41,542,株式会社セキセイ,http://www.sedia.co.jp/,https://www.sedia.co.jp/inquiry,S｜業界特化Web制作・店舗支援ハブ,写真業界ハブ：写真・アルバム・撮影関連支援,review_weak_service,集客・制作・広告・販促等の受託根拠を機械確認できず,200,200,yes,,店舗,,,http://www.sedia.co.jp/,https://www.sedia.co.jp/inquiry/,
12,1,552,HIROM株式会社,https://hirom.co.jp/,https://hirom.co.jp/pages/contact,S｜業界特化Web制作・店舗支援ハブ,葬祭・供養業界ハブ：HARIOの耐熱ガラスを用いたメモリアルポットを出展。 山中塗りと有田焼、本金の金彩を組み合わせた上質な骨壺を中心に、手元供養からペット供養まで、暮らしに馴染む葬祭用品をご提案します。 出展製品情報,review_weak_service,集客・制作・広告・販促等の受託根拠を機械確認できず,200,200,yes,,店舗,,,https://hirom.co.jp/,https://hirom.co.jp/pages/contact,https://hirom.co.jp/policies/terms-of-service
12,11,562,大栄株式会社,https://www.butsui.com/,https://www.butsui.com/inquiry,S｜業界特化Web制作・店舗支援ハブ,葬祭・供養業界ハブ：待望の仏衣新作の発表、大栄仏衣83着の中からご遺族の満足度の高い仏衣や葬儀社様から「案内しやすい」と評判の仏衣の展示。更に、2年前に女性向けを発売し好評をいただいた仏衣の男性向けをご覧いただけます。そして目玉は、仏衣＋αの商品。ご満足いただ,review_weak_service,集客・制作・広告・販促等の受託根拠を機械確認できず,200,200,yes,,,,,https://www.butsui.com/,https://www.butsui.com/inquiry/,
12,21,572,株式会社こもりコーポレーション,https://www.komori-corp.co.jp/,https://www.komori-corp.co.jp/contact/,S｜業界特化Web制作・店舗支援ハブ,葬祭・供養業界ハブ：線香・ローソク・位牌・葬儀消耗品全般 出展製品情報 ネオアイスパック,review_weak_service,集客・制作・広告・販促等の受託根拠を機械確認できず,200,200,yes,,,,,https://www.komori-corp.co.jp/,https://www.komori-corp.co.jp/contact/,https://www.komori-corp.co.jp/news/2025/121863/
12,31,582,株式会社ファンテックス,https://www.fantechs.net/,https://www.fantechs.net/contact/,S｜業界特化Web制作・店舗支援ハブ,葬祭・供養業界ハブ：・祭壇マッピング ・ＬＥＤビジョン（シームレスビジョン） 出展製品情報,review_weak_service,集客・制作・広告・販促等の受託根拠を機械確認できず,200,200,yes,,,,,https://www.fantechs.net/,https://www.fantechs.net/contact/,https://www.fantechs.net/company/location.html / https://www.fantechs.net/bridal/#oparation
12,41,592,株式会社創心社,https://soshinsha.co.jp/,https://soshinsha.co.jp/contact.html,S｜業界特化Web制作・店舗支援ハブ,葬祭・供養業界ハブ：寡占化が進む中ライバル会社攻勢に打ち勝つ為には勝てる原因を作る必要があります。一番大切なことはライバル会社に勝てる商品サービス力と営業力が必要です。私共はお葬式の中で最も目立つ祭壇部分を故人の人柄や生き様を表現するサイネージ映像でご遺族や会,strategic_valid,受託サービス・地域顧客接点・実フォームを確認,200,200,yes,ホームページ制作,葬儀社,,,https://soshinsha.co.jp/,https://soshinsha.co.jp/contact.html,https://soshinsha.co.jp/p_category/issue-resolution / https://soshinsha.co.jp/p_solution / https://soshinsha.co.jp/p_solution_cat/customer-development
13,1,602,SKD株式会社,https://www.skd-kk.com/,https://www.skd-kk.com/contact.html,S｜地方広告・印刷・看板・ブランディング,日本サイン協会公式会員：看板・屋外広告・サイン制作,review_weak_service,集客・制作・広告・販促等の受託根拠を機械確認できず,200,200,yes,,,,,https://www.skd-kk.com/,https://www.skd-kk.com/contact.html,https://www.skd-kk.com/service.html / https://www.skd-kk.com/works.html
13,11,612,ジャパンレンタル株式会社,https://www.japanrental.co.jp/,https://www.japanrental.co.jp/contact/,S｜地方広告・印刷・看板・ブランディング,日本サイン協会公式会員：看板・屋外広告・サイン制作,review_weak_service,集客・制作・広告・販促等の受託根拠を機械確認できず,200,200,yes,,,,,https://www.japanrental.co.jp/,https://www.japanrental.co.jp/contact/,
13,21,622,新和興業株式会社,https://www.sinwa-inc.co.jp/,https://www.sinwa-inc.co.jp/inquiry/,S｜地方広告・印刷・看板・ブランディング,日本サイン協会公式会員：看板・屋外広告・サイン制作,review_weak_service,集客・制作・広告・販促等の受託根拠を機械確認できず,200,200,yes,,店舗 / ホテル,,,https://www.sinwa-inc.co.jp/,https://www.sinwa-inc.co.jp/inquiry/,
13,31,632,東京電装工業株式会社,https://tokyo-denso.com/,https://tokyo-denso.com/inquiry/,S｜地方広告・印刷・看板・ブランディング,日本サイン協会公式会員：看板・屋外広告・サイン制作,review_weak_service,集客・制作・広告・販促等の受託根拠を機械確認できず,200,200,yes,,,,,https://tokyo-denso.com/,https://tokyo-denso.com/inquiry/,https://tokyo-denso.com/works/
13,41,642,株式会社オートレント,https://www.autorent.co.jp/,https://www.autorent.co.jp/contact/,S｜地方広告・印刷・看板・ブランディング,日本サイン協会公式会員：看板・屋外広告・サイン制作,review_weak_service,集客・制作・広告・販促等の受託根拠を機械確認できず,200,200,yes,,,,,https://www.autorent.co.jp/,https://www.autorent.co.jp/contact/,
14,1,652,株式会社10X,https://10x.co.jp/,https://10x.co.jp/contact,A｜POS・予約・店舗DX・OA販売,店舗DXハブ：10Xは小売業のDXを支えるプラットフォーム「Stailer」を提供している。ネットスーパーやAI発注、AIプライシングなどスーパーの経営課題に直結するプロダクト群を展開している ,review_weak_service,集客・制作・広告・販促等の受託根拠を機械確認できず,200,200,no,,店舗 / 中小企業,,,https://10x.co.jp/,https://10x.co.jp/contact/,https://10x.co.jp/news/stailer_hojyokin/
14,11,662,アイニックス株式会社,https://www.ainix.co.jp/,https://www.ainix.co.jp/contact/aboutus.html,A｜POS・予約・店舗DX・OA販売,店舗DXハブ：次世代電子棚札(ESL):Newtonシリーズや電子ペーパーを使ったデジタルサイネージ等を導入事例を交えて製品紹介する。Meferi社製品:Android15を搭載しAER認証を取得した最新の業務用モバイル端末、ME40K(キー付きモデル),likely_not_hub,SaaS・機器・商材・不動産管理等の単体支援のみ検出,200,200,yes,,ホテル / 導入事例,posシステム,,https://www.ainix.co.jp/,https://www.ainix.co.jp/contact/aboutus.html,https://www.ainix.co.jp/products/tablet/business_tablet/ / https://www.ainix.co.jp/solution/ / https://www.ainix.co.jp/solution/type/logistics/
14,21,672,スターマーケティングジャパン株式会社,https://www.smjp.star-m.jp/,https://www.smjp.star-m.jp/contact,A｜POS・予約・店舗DX・OA販売,店舗DXハブ：人手不足や賃金高騰、変化する消費者のニーズへの対応など店舗が抱えるお悩みを解決するDX化をご提案。 mPOS、オーダーシステム、順番待ち、デリバリーのシステムと連動したレシートプリンター、食品ラベルや製品ラベルなどラベルが印刷できるラベルプ,review_weak_service,集客・制作・広告・販促等の受託根拠を機械確認できず,200,200,yes,,店舗 / 導入事例,,,https://www.smjp.star-m.jp/,https://www.smjp.star-m.jp/contact,https://www.smjp.star-m.jp/solution / https://www.smjp.star-m.jp/casestudy / https://www.smjp.star-m.jp/repair
14,31,682,データコム株式会社,https://www.datacom.jp/,https://www.datacom.jp/contact/,A｜POS・予約・店舗DX・OA販売,店舗DXハブ：小売業において企業戦略やマーケティングなど、あらゆるシーンに必要となるデータ。 そんな大切なデータを各方面から収集し、最大限に活用できるシステムとアイデアを提案。 ,review_weak_service,集客・制作・広告・販促等の受託根拠を機械確認できず,200,200,no,,店舗 / 小売店 / 導入事例,,,https://www.datacom.jp/,https://www.datacom.jp/contact/,https://www.datacom.jp/solution/ / https://www.datacom.jp/case/ / https://www.datacom.jp/4253/news/
14,41,692,ルミーズ株式会社,https://www.remise.co.jp/,https://www.remise.co.jp/form/partnership/index.html,A｜POS・予約・店舗DX・OA販売,店舗DXハブ：完全無人環境で利用できる自動精算機・自動販売機向け組込型マルチ決済「salo-02」やIoT決済プラットフォームを活用したNFCタグ/QRコード決済など、さまざまなシーンで利用できる決済端末や決済サービスをデモンストレーションと共に紹介する,review_weak_service,集客・制作・広告・販促等の受託根拠を機械確認できず,200,200,yes,,,,,https://www.remise.co.jp/,https://www.remise.co.jp/form/partnership/,https://www.remise.co.jp/service/ / https://www.remise.co.jp/service/automatic-pay-machine.html / https://www.remise.co.jp/service/ec/
15,1,702,トゥエンティフォー株式会社,https://24-sweets.com/,https://24-sweets.com/contact/,A｜開業・出店・FC・店舗コンサル,FC・多店舗ハブ：スイーツを専門とした無人ショップであり、トレンドスイーツから全国各地のお取り寄せスイーツまで幅広くセレクトしたスイーツを紹介。,review_weak_service,集客・制作・広告・販促等の受託根拠を機械確認できず,200,200,yes,,店舗,,,https://24-sweets.com/,https://24-sweets.com/contact/,
15,11,712,株式会社LeaguE,https://league-jp.com/,https://league-jp.com/contact/,A｜開業・出店・FC・店舗コンサル,FC・多店舗ハブ：株式会社LeaguEは、海外の隠れた逸品を発掘し日本市場に展開するほか、商品をお持ちでない方でも独自ブランドを立ち上げられる様、商品選定から運用までトータルサポートしている。さらに、クラウドファンディングでの資金調達支援やネット業務の丸投げ,strategic_valid,受託サービス・地域顧客接点・実フォームを確認,200,200,yes,デジタルマーケ / 販売促進,中小企業 / フランチャイズ,,,https://league-jp.com/,https://league-jp.com/contact/,https://league-jp.com/service/ / https://league-jp.com/seminar/20260630_archive/ / https://league-jp.com/service/#tools
15,21,722,株式会社アクアネット,https://aqnet.co.jp/,https://aqnet.co.jp/toiawase/,A｜開業・出店・FC・店舗コンサル,FC・多店舗ハブ：フランチャイズ本部構築(FC本部立上げ)、本部体制の整備、企業のフランチャイズ加盟による新規参入のご相談を受け付けている。 FC本部へのコンサルティング経験が豊富なコンサルタントが相談に応じている。 【主な相談内容】 フランチャイズ本部構築,review_weak_service,集客・制作・広告・販促等の受託根拠を機械確認できず,200,200,yes,,店舗 / 中小企業 / 多店舗 / フランチャイズ / クライアント,,,https://aqnet.co.jp/,https://aqnet.co.jp/toiawase/,https://aqnet.co.jp/serviceinfo/ / https://aqnet.co.jp/serviceinfo/fccon/ / https://aqnet.co.jp/serviceinfo/emindp/
15,31,732,株式会社マコトフードサービス,https://www.makotofood.co.jp/,https://www.makotofood.co.jp/mailform/,A｜開業・出店・FC・店舗コンサル,FC・多店舗ハブ：「まこと屋」は、「家族が喜ぶラーメン屋」をコンセプトに、関西エリアを中心に国内外105店舗を展開。 他にない「牛骨醤油」という商品力で他社との差別化を図り、全国展開を計画。,likely_not_hub,SaaS・機器・商材・不動産管理等の単体支援のみ検出,200,200,yes,,店舗 / 飲食店 / ホテル / 観光 / フランチャイズ,内装工事,,https://www.makotofood.co.jp/,https://www.makotofood.co.jp/mailform/,https://www.makotofood.co.jp/location/ / https://www.makotofood.co.jp/construction/
15,41,742,株式会社ECOLIFE COCO,https://ecolife-coco.com/,https://ecolife-coco.com/contact/,A｜開業・出店・FC・店舗コンサル,FC・多店舗ハブ：【全国36店舗展開中】ECOLIFE COCOは子供服、育児用品に特化したリユース&アウトレットチェーン店です。 「小さな服から始まる、大きな未来づくりへ」をコンセプトに地球環境をまもる・家計をまもる・地域をつなぐ企業へを企業理念に、SDG,strategic_valid,受託サービス・地域顧客接点・実フォームを確認,200,200,yes,集客支援 / 販売促進,店舗 / フランチャイズ,内装工事,,https://ecolife-coco.com/,https://ecolife-coco.com/contact/,https://ecolife-coco.com/fc/
16,1,752,Paintnote株式会社,https://saposuke.jp/,https://saposuke.jp/contact,A｜清掃・設備・店舗運営支援,ビルメンフェア：サポスケは、現場仕事向けのスケジュール管理クラウドです。Excelやホワイトボードなどで行なっている現場とスタッフのスケジュール管理・共有を、シンプルな操作で大きく効率化。ビルメンテナンス、清掃、専門工事、警備、訪問看護・介護など多くの業種,review_weak_service,集客・制作・広告・販促等の受託根拠を機械確認できず,200,200,no,,導入事例,,,https://saposuke.jp/,https://saposuke.jp/contact,https://saposuke.jp/pro / https://saposuke.jp/cases / https://saposuke.jp/document
16,11,762,エフ・ソリューションズ株式会社,https://www.picattecapet.jp/,https://www.picattecapet.jp/#toc-8,A｜清掃・設備・店舗運営支援,ビルメンフェア：～タイルカーペットは棄てずに洗う時代へ～ 清掃サービスを主にビルメンテナンス業を営む富士管理では、より社会貢献性を意識した事業展開をするようになってまいりました。そのなかでもタイルカーペット延命利用（廃棄物抑制）を目指すリユースカーペット事,review_weak_service,集客・制作・広告・販促等の受託根拠を機械確認できず,200,200,no,,宿泊施設 / ホテル / 建設会社,,,https://www.picattecapet.jp/,https://www.picattecapet.jp/#toc-8,
16,21,772,株式会社アスプルンド,https://www.asplund.co.jp/,https://www.asplund.co.jp/contact/,A｜清掃・設備・店舗運営支援,JAPAN SHOP：衣料廃材(デニム)を原料にアップサイクルしたボード素材STELAPOP(ステラポップ)。⾊ごとに分別して保管するデニム端材から作られたステラポップは⾐料廃棄材とは思えない鮮やかなカラーと豊かな表情を兼ね備える。⽊材と同じく簡単に加⼯でき、店,likely_not_hub,SaaS・機器・商材・不動産管理等の単体支援のみ検出,200,200,yes,,店舗 / ホテル,内装工事,,https://www.asplund.co.jp/,https://www.asplund.co.jp/contact/,https://www.asplund.co.jp/business/ / https://www.asplund.co.jp/business/contract/ / https://www.asplund.co.jp/business/office/
16,31,782,ニッシントーア・岩尾株式会社,https://www.nisshintoaiwao.co.jp:443/,https://www.nisshintoaiwao.co.jp:443/nti/contact/index.html,A｜清掃・設備・店舗運営支援,JAPAN SHOP：商業施設・企業・公共空間・工場など幅広いシーンに対応し、販促・情報共有・ブランディングまでトータルにサポート。機器選定から運用までワンストップで対応。 会場では実機展示と活用事例をご紹介。,review_weak_service,集客・制作・広告・販促等の受託根拠を機械確認できず,200,200,yes,,,,,https://www.nisshintoaiwao.co.jp/index.html,https://www.nisshintoaiwao.co.jp/contact/index.html,https://www.nisshintoaiwao.co.jp/newbp/airgle/news/campfire/index.html / https://www.nisshintoaiwao.co.jp/textile/index.html
16,41,792,双葉コーポレーション株式会社,https://www.futabakinzoku.co.jp/,https://www.futabakinzoku.co.jp/contact/,A｜清掃・設備・店舗運営支援,JAPAN SHOP：スライドレール、キャスターなど、住宅設備、オフィス家具、木製品、産業機器向け部品及びAV機器の付属部品並びにその他機構部品の製造販売。,review_weak_service,集客・制作・広告・販促等の受託根拠を機械確認できず,200,200,yes,,店舗,,,https://www.futabakinzoku.co.jp/,https://www.futabakinzoku.co.jp/contact/,
17,1,802,晃洋厨機株式会社,https://koyo-chuki.co.jp/,https://koyo-chuki.co.jp/pages/5/,H｜飲食店・厨房・開業・店舗設備支援,日本厨房工業会公式会員：業務用厨房設備機器の生産・販売・施工・コンサルティング,strategic_valid,受託サービス・地域顧客接点・実フォームを確認,200,200,yes,店舗開発,店舗 / 飲食店 / ホテル / クライアント,機器販売 / 厨房機器,,https://koyo-chuki.co.jp/,https://koyo-chuki.co.jp/pages/5/,https://koyo-chuki.co.jp/pages/33/
17,11,812,クールフライヤー株式会社,https://coolfryer.co.jp/,https://coolfryer.co.jp/contact/,H｜飲食店・厨房・開業・店舗設備支援,日本厨房工業会公式会員：業務用厨房設備機器の生産・販売・施工・コンサルティング,likely_not_hub,SaaS・機器・商材・不動産管理等の単体支援のみ検出,200,200,yes,,店舗 / 飲食店 / 導入事例,不動産仲介,,https://coolfryer.co.jp/,https://coolfryer.co.jp/contact/,https://coolfryer.co.jp/case/ / https://coolfryer.co.jp/category/blog/ / https://coolfryer.co.jp/case/interview-hagi/
17,21,822,ホクサン厨機株式会社,https://www.hokusan.com/,http://www.hokusan.com/contact/,H｜飲食店・厨房・開業・店舗設備支援,日本厨房工業会公式会員：業務用厨房設備機器の生産・販売・施工・コンサルティング,likely_not_hub,SaaS・機器・商材・不動産管理等の単体支援のみ検出,200,200,yes,,,厨房機器,,https://www.hokusan.com/,https://www.hokusan.com/contact/,https://www.hokusan.com/service/ / https://www.hokusan.com/service/ / https://www.hokusan.com/service/maintenance
17,31,832,ヤマケン株式会社,https://yamakenmanaita.com/,https://yamakenmanaita.com/pages/contact,H｜飲食店・厨房・開業・店舗設備支援,日本厨房工業会公式会員：業務用厨房設備機器の生産・販売・施工・コンサルティング,strategic_valid,受託サービス・地域顧客接点・実フォームを確認,200,200,yes,プロモーション,店舗 / 飲食店,,,https://yamakenmanaita.com/,https://yamakenmanaita.com/pages/contact,https://yamakenmanaita.com/policies/terms-of-service
17,41,842,大洋厨房株式会社,https://www.taiyocook.co.jp/,https://www.taiyocook.co.jp/contact/,H｜飲食店・厨房・開業・店舗設備支援,日本厨房工業会公式会員：業務用厨房設備機器の生産・販売・施工・コンサルティング,likely_not_hub,SaaS・機器・商材・不動産管理等の単体支援のみ検出,200,200,yes,,店舗 / 飲食店 / ホテル / 旅館,厨房機器,,https://www.taiyocook.co.jp/,https://www.taiyocook.co.jp/contact/,
18,1,852,東京超音波技研株式会社,https://www.tocho.com/,https://www.tocho.com/contact/,H｜飲食店・厨房・開業・店舗設備支援,日本厨房工業会公式会員：業務用厨房設備機器の生産・販売・施工・コンサルティング,review_weak_service,集客・制作・広告・販促等の受託根拠を機械確認できず,200,200,yes,,導入事例,,,https://www.tocho.com/,https://www.tocho.com/contact/,https://www.tocho.com/works/ / https://www.tocho.com/works/607/ / https://www.tocho.com/works/597/
18,11,862,株式会社サムソン,https://www.samson.co.jp:/,https://www.samson.co.jp/contact/,H｜飲食店・厨房・開業・店舗設備支援,日本厨房工業会公式会員：業務用厨房設備機器の生産・販売・施工・コンサルティング,review_weak_service,集客・制作・広告・販促等の受託根拠を機械確認できず,200,200,yes,,,,,https://www.samson.co.jp/,https://www.samson.co.jp/contact/,https://www.samson.co.jp/solution/ / https://www.samson.co.jp/solution/exhibition.html#FT26 / https://www.samson.co.jp/solution/taste.html
18,21,872,株式会社モリチュウ,https://www.morichu.co.jp/,https://www.morichu.co.jp/contact/,H｜飲食店・厨房・開業・店舗設備支援,日本厨房工業会公式会員：業務用厨房設備機器の生産・販売・施工・コンサルティング,likely_not_hub,SaaS・機器・商材・不動産管理等の単体支援のみ検出,200,200,yes,,,厨房機器,,https://www.morichu.co.jp/,https://www.morichu.co.jp/contact/,
18,31,882,株式会社大道産業,https://www.ohmichi.co.jp/,https://www.ohmichi.co.jp/contact/,H｜飲食店・厨房・開業・店舗設備支援,日本厨房工業会公式会員：業務用厨房設備機器の生産・販売・施工・コンサルティング,review_weak_service,集客・制作・広告・販促等の受託根拠を機械確認できず,200,200,yes,,,,,https://www.ohmichi.co.jp/,https://www.ohmichi.co.jp/contact/,
18,41,892,秋元ステンレス工業株式会社,https://a-s-k.co.jp/,https://a-s-k.co.jp/form/,H｜飲食店・厨房・開業・店舗設備支援,日本厨房工業会公式会員：業務用厨房設備機器の生産・販売・施工・コンサルティング,likely_not_hub,SaaS・機器・商材・不動産管理等の単体支援のみ検出,200,200,yes,,,厨房機器,,https://a-s-k.co.jp/,https://a-s-k.co.jp/form/,
19,1,902,Momentum株式会社,https://www.m0mentum.co.jp/,https://www.m0mentum.co.jp/contact,S｜地域広告・販促・Web・クリエイティブ支援,北海道広告業協会公式会員：広告・印刷・Web・動画・販促支援,review_form,実フォームを機械確認できず,200,200,no,デジタルマーケ / 広告運用,クライアント / 導入事例,,,https://www.m0mentum.co.jp/,https://www.m0mentum.co.jp/contact,https://www.m0mentum.co.jp/service / https://www.m0mentum.co.jp/service/hytra-dashboard / https://www.m0mentum.co.jp/service/hytra-hornet
19,11,912,株式会社アイワード,https://iword.co.jp/,https://iword.co.jp/script/mailform/inquiry/,S｜地域広告・販促・Web・クリエイティブ支援,北海道広告業協会公式会員：広告・印刷・Web・動画・販促支援,likely_not_hub,SaaS・機器・商材・不動産管理等の単体支援のみ検出,200,200,yes,,歯科 / 観光 / 中小企業,クラウドサービス / 教材,,https://iword.co.jp/,https://iword.co.jp/script/mailform/inquiry/,https://iword.co.jp/company/05shien.php / https://iword.co.jp/works / https://iword.co.jp/works/category01
19,21,922,株式会社栃木オリコミ・センター,https://www.tochiori.co.jp/,https://www.tochiori.co.jp/contact,S｜地域広告・販促・Web・クリエイティブ支援,栃木県広告業協会公式会員：広告・印刷・Web・動画・販促支援,review_weak_hub,複数の地域事業者との顧客接点を機械確認できず,200,200,yes,広告代理,,,,https://www.tochiori.co.jp/,https://www.tochiori.co.jp/contact/,https://www.tochiori.co.jp/adv/#eiga / https://www.tochiori.co.jp/news/62
19,31,932,株式会社千広企画,https://www.senko-edit.com/,https://www.senko-edit.com/contact/,S｜地域広告・販促・Web・クリエイティブ支援,広告業協同組合公式会員：カタログ・パンフレット全般、企業案内、企業史、企業広報誌、ニュースリリース制作、など 文化出版局、財界研究所ほか出版社 出版,review_weak_service,集客・制作・広告・販促等の受託根拠を機械確認できず,200,200,yes,,,,,https://www.senko-edit.com/,https://www.senko-edit.com/contact/,https://www.senko-edit.com/
19,41,942,株式会社フタガミ,https://www.futagami.co.jp/,https://www.futagami.co.jp/contact,H｜店舗内装・設計施工・什器・設備支援,インテリア産業協会公式会員：住宅・施工業（ゼネコン、住宅、増改築、内装等）,review_weak_service,集客・制作・広告・販促等の受託根拠を機械確認できず,200,200,no,,店舗,,,https://www.futagami.co.jp/,https://www.futagami.co.jp/contact,
20,1,952,イトーテック株式会社,https://www.itotec.co.jp/,https://www.itotec.co.jp/toiawase.html,S｜地域印刷・販促物・ポスティング支援,愛知県印刷工業組合公式会員：商業印刷・販促物・企画制作,review_weak_service,集客・制作・広告・販促等の受託根拠を機械確認できず,200,200,no,,,,,https://www.itotec.co.jp/,https://www.itotec.co.jp/toiawase.html,https://www.itotec.co.jp/regular_support.html / https://www.itotec.co.jp/agencies.html
20,11,962,安城印刷株式会社,https://www.a-print.co.jp/,https://www.a-print.co.jp/formmail/,S｜地域印刷・販促物・ポスティング支援,愛知県印刷工業組合公式会員：商業印刷・販促物・企画制作,review_weak_service,集客・制作・広告・販促等の受託根拠を機械確認できず,200,200,yes,,,,,https://www.a-print.co.jp/,https://www.a-print.co.jp/formmail/,https://www.a-print.co.jp/service/
20,21,972,木村紙商事株式会社,https://www.re-papyrus.com/,https://www.re-papyrus.com/お問い合わせ/,S｜地域印刷・販促物・ポスティング支援,愛知県印刷工業組合公式会員：商業印刷・販促物・企画制作,review_weak_service,集客・制作・広告・販促等の受託根拠を機械確認できず,200,200,no,,,,,https://www.re-papyrus.com/,https://www.re-papyrus.com/%E3%81%8A%E5%95%8F%E3%81%84%E5%90%88%E3%82%8F%E3%81%9B/,
20,31,982,株式会社文方社,https://bunposha.co.jp/,https://bunposha.co.jp/,S｜地域印刷・販促物・ポスティング支援,愛知県印刷工業組合公式会員：商業印刷・販促物・企画制作,review_weak_service,集客・制作・広告・販促等の受託根拠を機械確認できず,200,200,no,,,,,https://bunposha.co.jp/,https://bunposha.co.jp/,
20,41,992,株式会社エーディコア・ディバイズ,https://www.adcore.co.jp/,https://www.adcore.co.jp/showroom/form.php,H｜店舗内装・設計施工・什器・設備支援,インテリア産業協会公式会員：家具,review_weak_service,集客・制作・広告・販促等の受託根拠を機械確認できず,200,200,yes,,店舗 / サロン / 宿泊施設 / ホテル / 旅館,,,https://www.adcore.co.jp/,https://www.adcore.co.jp/showroom/form.php,https://www.adcore.co.jp/business/ / https://www.adcore.co.jp/works/ / https://www.adcore.co.jp/works/wkcat/home/
21,1,1002,さくら精機株式会社,https://sakura-seiki.co.jp/,https://sakura-seiki.co.jp/contact/,H｜オフィス移転・什器・OA・IT環境支援,日本オフィス家具協会公式会員：オフィス家具・移転・空間・関連設備支援,likely_not_hub,SaaS・機器・商材・不動産管理等の単体支援のみ検出,200,200,yes,,,オフィス家具,,https://sakura-seiki.co.jp/,https://sakura-seiki.co.jp/contact/,https://sakura-seiki.co.jp/product/ / https://sakura-seiki.co.jp/product/#bookbinding / https://sakura-seiki.co.jp/product/#education
21,11,1012,ドリックス株式会社,https://www.dorix.co.jp/,https://www.dorix.co.jp/contact/,H｜オフィス移転・什器・OA・IT環境支援,日本オフィス家具協会公式会員：オフィス家具・移転・空間・関連設備支援,likely_not_hub,SaaS・機器・商材・不動産管理等の単体支援のみ検出,200,200,yes,,店舗 / ホテル,オフィス家具,,https://www.dorix.co.jp/,https://www.dorix.co.jp/contact/,https://www.dorix.co.jp/works/ / https://www.dorix.co.jp/business/
21,21,1022,平山スチール工業株式会社,http://tohira.co.jp/company/,https://tohira.co.jp/contact/,H｜オフィス移転・什器・OA・IT環境支援,日本オフィス家具協会公式会員：オフィス家具・移転・空間・関連設備支援,strategic_valid,受託サービス・地域顧客接点・実フォームを確認,200,200,yes,制作会社,店舗 / 美容室,オフィス家具 / 内装工事,,http://tohira.co.jp/company/,https://tohira.co.jp/contact/,https://tohira.co.jp/office-furniture/unit-case/ / https://tohira.co.jp/case/
21,31,1032,株式会社イヨベ工芸社,https://www.iyobe.com/,https://www.iyobe.com/reform/,H｜オフィス移転・什器・OA・IT環境支援,日本オフィス家具協会公式会員：オフィス家具・移転・空間・関連設備支援,review_weak_service,集客・制作・広告・販促等の受託根拠を機械確認できず,200,200,no,,ホテル,,,https://www.iyobe.com/,https://www.iyobe.com/reform/,https://www.iyobe.com/works/ / https://www.iyobe.com/works/74/
21,41,1042,株式会社ノーリツイス,https://www.noritsuisu.co.jp/,https://www.noritsuisu.co.jp/contact/,H｜オフィス移転・什器・OA・IT環境支援,日本オフィス家具協会公式会員：オフィス家具・移転・空間・関連設備支援,review_weak_service,集客・制作・広告・販促等の受託根拠を機械確認できず,200,200,yes,,中小企業,,,https://www.noritsuisu.co.jp/,https://www.noritsuisu.co.jp/contact/,
22,1,1052,A-NEXT株式会社,https://www.a-nexthome.com/,https://www.a-nexthome.com/?page_id=59,H｜店舗物件・テナント仲介・出店支援,不動産競売流通協会公式会員：不動産売買・仲介・物件活用支援,likely_not_hub,SaaS・機器・商材・不動産管理等の単体支援のみ検出,200,200,yes,,店舗,賃貸管理 / 不動産仲介,,https://www.a-nexthome.com/,https://www.a-nexthome.com/inquiries/,
22,11,1062,商工ほうむ不動産株式会社,https://sh-g.jp/,https://sh-g.jp/contact-form/,H｜店舗物件・テナント仲介・出店支援,不動産競売流通協会公式会員：不動産売買・仲介・物件活用支援,review_weak_service,集客・制作・広告・販促等の受託根拠を機械確認できず,200,200,yes,,不動産会社,,,https://sh-g.jp/,https://sh-g.jp/contact-form/,
22,21,1072,株式会社EX不動産,https://exre.jp/,https://exre.jp/contact/,H｜店舗物件・テナント仲介・出店支援,不動産競売流通協会公式会員：不動産売買・仲介・物件活用支援,likely_not_hub,SaaS・機器・商材・不動産管理等の単体支援のみ検出,200,200,yes,,不動産会社,賃貸管理,,https://exre.jp/,https://exre.jp/contact/,https://exre.jp/lp/%E3%81%B5%E3%82%8B%E3%81%95%E3%81%A8%E7%B4%8D%E7%A8%8E%E3%81%A7%E7%A9%BA%E3%81%8D%E5%AE%B6%E7%AE%A1%E7%90%86%E3%82%B5%E3%83%BC%E3%83%93%E3%82%B9/ / https://exre.jp/lp/%E3%81%B5%E3%82%8B%E3%81%95%E3%81%A8%E7%B4%8D%E7%A8%8E%E3%81%A7%E7%A9%BA%E3%81%8D%E5%AE%B6%E7%AE%A1%E7%90%86%E3%82%B5%E3%83%BC%E3%83%93%E3%82%B9/
22,31,1082,株式会社エムエス・トラスト,https://www.ms-trust.com/,https://www.ms-trust.com/company-profile/contact/,H｜店舗物件・テナント仲介・出店支援,不動産競売流通協会公式会員：不動産売買・仲介・物件活用支援,likely_not_hub,SaaS・機器・商材・不動産管理等の単体支援のみ検出,200,200,yes,,クライアント,賃貸管理 / 不動産仲介,,https://www.ms-trust.com/,https://www.ms-trust.com/company-profile/contact/,https://www.ms-trust.com/business-guide/home-inspection/ / https://www.ms-trust.com/business-guide/vacant-house-measures/ / https://www.ms-trust.com/business-guide/architecture/
22,41,1092,株式会社リアルシティ・コーポレーション,https://www.realcity.jp/,https://www.realcity.jp/cgi-bin/binmail/mail.html,H｜店舗物件・テナント仲介・出店支援,不動産競売流通協会公式会員：不動産売買・仲介・物件活用支援,review_form,実フォームを機械確認できず,200,200,no,店舗開発,店舗 / 飲食店 / 観光,賃貸管理,,https://www.realcity.jp/,https://www.realcity.jp/cgi-bin/binmail/mail.html,https://www.realcity.jp/#fudousan / https://www.realcity.jp/sisan/renovat/index.html / https://www.realcity.jp/desc_estate.html
23,1,1102,アオヤギ株式会社,https://aoyagi-f.co.jp/,https://aoyagi-f.co.jp/information/9/detail,S｜地域印刷・販促物・ポスティング支援,福岡県印刷工業組合公式会員：商業印刷・販促物・企画制作,review_form,実フォームを機械確認できず,200,200,no,動画制作,店舗,,,https://aoyagi-f.co.jp/,https://aoyagi-f.co.jp/information/9/detail,https://aoyagi-f.co.jp/pickup/8/detail / https://aoyagi-f.co.jp/service/service01.html / https://aoyagi-f.co.jp/service/service04.html
23,11,1112,井上紙工印刷株式会社,https://e-isp.jp/,https://e-isp.jp/contact/,S｜地域印刷・販促物・ポスティング支援,福岡県印刷工業組合公式会員：商業印刷・販促物・企画制作,likely_not_hub,SaaS・機器・商材・不動産管理等の単体支援のみ検出,200,200,yes,,観光,教材,,https://e-isp.jp/,https://e-isp.jp/contact/,
23,21,1122,幡本印刷株式会社,https://www.hatamoto.cc/,https://www.hatamoto.cc/contact.php,S｜地域印刷・販促物・ポスティング支援,北海道印刷工業組合公式会員：商業印刷・販促物・企画制作,review_weak_hub,複数の地域事業者との顧客接点を機械確認できず,200,200,yes,販売促進,,,,https://www.hatamoto.cc/,https://www.hatamoto.cc/contact.php,https://www.hatamoto.cc/print.php
23,31,1132,服部印刷株式会社,https://www.hattori-p.com/,https://www.hattori-p.com/form/hattori-p/contact,S｜地域印刷・販促物・ポスティング支援,福岡県印刷工業組合公式会員：商業印刷・販促物・企画制作,review_weak_service,集客・制作・広告・販促等の受託根拠を機械確認できず,200,200,yes,,,,,https://www.hattori-p.com/,https://web.gogo.jp/hattori-p/form/contact,https://www.hattori-p.com/service
23,41,1142,株式会社三協舎印刷所,http://sankyosya.co.jp/,http://sankyosya.co.jp/contact/,S｜地域印刷・販促物・ポスティング支援,福岡県印刷工業組合公式会員：商業印刷・販促物・企画制作,review_weak_service,集客・制作・広告・販促等の受託根拠を機械確認できず,200,200,yes,,,,,http://sankyosya.co.jp/,http://sankyosya.co.jp/contact/,
24,1,1152,HOTARU株式会社,https://hotaru.ltd/,https://hotaru.ltd/contact/,S｜地域印刷・販促物・ポスティング支援,大阪府印刷工業組合公式会員：商業印刷・販促物・企画制作,review_weak_service,集客・制作・広告・販促等の受託根拠を機械確認できず,200,200,yes,,,,,https://hotaru.ltd/,https://hotaru.ltd/contact/,https://hotaru.ltd/business/ / https://hotaru.ltd/case/ / https://hotaru.ltd/case/h-industry/
24,11,1162,ヘリオグラビア印刷株式会社,http://www.heliogravure.co.jp/,http://www.heliogravure.co.jp/contact/contact.html,S｜地域印刷・販促物・ポスティング支援,大阪府印刷工業組合公式会員：商業印刷・販促物・企画制作,review_weak_service,集客・制作・広告・販促等の受託根拠を機械確認できず,200,200,no,,,,,http://www.heliogravure.co.jp/,http://www.heliogravure.co.jp/contact/contact.html,http://www.heliogravure.co.jp/about/about.html#business_policy / http://www.heliogravure.co.jp/service/service-top.html / http://www.heliogravure.co.jp/service/maiyou.html
24,21,1172,大信印刷株式会社,https://dprint.co.jp/,https://dprint.co.jp/contact,S｜地域印刷・販促物・ポスティング支援,大阪府印刷工業組合公式会員：商業印刷・販促物・企画制作,review_weak_service,集客・制作・広告・販促等の受託根拠を機械確認できず,200,200,yes,,制作実績,,,https://dprint.co.jp/,https://dprint.co.jp/contact/,https://dprint.co.jp/services/ / https://dprint.co.jp/works/ / https://dprint.co.jp/item/post-1235/
24,31,1182,富士精版印刷株式会社,https://www.fujiseihan.co.jp/,https://www.fujiseihan.co.jp/contact/,S｜地域印刷・販促物・ポスティング支援,大阪府印刷工業組合公式会員：商業印刷・販促物・企画制作,review_form,実フォームを機械確認できず,200,200,no,ホームページ制作 / プロモーション,観光 / 制作実績,,,https://www.fujiseihan.co.jp/,https://www.fujiseihan.co.jp/contact/,https://www.fujiseihan.co.jp/concierge/ / https://www.fujiseihan.co.jp/business/ / https://www.fujiseihan.co.jp/business/creative/
24,41,1192,明文堂工業株式会社,https://www.meibundo.co.jp/,https://www.meibundo.co.jp/information,S｜地域印刷・販促物・ポスティング支援,大阪府印刷工業組合公式会員：商業印刷・販促物・企画制作,review_weak_service,集客・制作・広告・販促等の受託根拠を機械確認できず,200,200,yes,,,,,https://www.meibundo.co.jp/,https://www.meibundo.co.jp/information,https://www.meibundo.co.jp/information/plant / https://www.meibundo.co.jp/information/plant/kobe / https://www.meibundo.co.jp/contact/contact-products
25,1,1202,おうち・ぷらす株式会社,https://ouchiplus.design/,https://ouchiplus.design/reform/,H｜店舗内装・設計施工・什器・設備支援,日本店装チェーン公式会員：商業施設・店舗の企画設計・施工・什器制作,review_weak_service,集客・制作・広告・販促等の受託根拠を機械確認できず,200,200,yes,,店舗 / クリニック,,,https://ouchiplus.design/,https://ouchiplus.design/reform/,https://ouchiplus.design/works/
25,11,1212,株式会社日研,https://nikken-d.jp/,https://nikken-d.jp/contact/,H｜店舗内装・設計施工・什器・設備支援,日本店装チェーン公式会員：商業施設・店舗の企画設計・施工・什器制作,review_weak_service,集客・制作・広告・販促等の受託根拠を機械確認できず,200,200,yes,,店舗 / クリニック,,,https://nikken-d.jp/,https://nikken-d.jp/contact/,https://nikken-d.jp/business/ / https://nikken-d.jp/achievemen/
25,21,1222,サンプロダクト株式会社,https://www.sun-product.co.jp/,https://www.sun-product.co.jp/contact/,H｜店舗内装・設計施工・什器・設備支援,日本ディスプレイ業団体連合会公式構成員：店舗・商業空間の企画設計・施工支援,review_weak_service,集客・制作・広告・販促等の受託根拠を機械確認できず,200,200,yes,,店舗,,,https://www.sun-product.co.jp/,https://www.sun-product.co.jp/contact/,https://www.sun-product.co.jp/business/ / https://www.sun-product.co.jp/works/
25,31,1232,中西電気株式会社,https://nakanishidenki.co.jp/,https://nakanishidenki.co.jp/contact/,H｜店舗内装・設計施工・什器・設備支援,日本ディスプレイ業団体連合会公式構成員：店舗・商業空間の企画設計・施工支援,likely_not_hub,SaaS・機器・商材・不動産管理等の単体支援のみ検出,200,200,yes,,ホテル / 中小企業,厨房機器,,https://nakanishidenki.co.jp/,https://nakanishidenki.co.jp/contact/,https://nakanishidenki.co.jp/works/?active-tab=tab-1
25,41,1242,有限会社ディスプレイ大分,http://www.display-oita.co.jp/,http://www.display-oita.co.jp/contact.php,H｜店舗内装・設計施工・什器・設備支援,日本ディスプレイ業団体連合会公式構成員：店舗・商業空間の企画設計・施工支援,review_weak_service,集客・制作・広告・販促等の受託根拠を機械確認できず,200,200,yes,,店舗 / 医院 / クリニック,,,http://www.display-oita.co.jp/,http://www.display-oita.co.jp/contact.php,http://www.display-oita.co.jp/achievement.php
26,1,1252,AI TECHNOLOGY株式会社,https://ai-technology.co.jp/,https://ai-technology.co.jp/contact/,I｜小売・スーパー向け店舗設備・販促・システム支援,全国スーパーマーケット協会公式賛助会員：情報・サービス・販売促進・研究・メディア,review_weak_service,集客・制作・広告・販促等の受託根拠を機械確認できず,200,200,yes,,店舗 / 導入事例,,,https://ai-technology.co.jp/,https://ai-technology.co.jp/contact/,https://ai-technology.co.jp/solution/ / https://ai-technology.co.jp/case/ / https://ai-technology.co.jp/solution/security/
26,11,1262,ジオパック株式会社,https://www.geopack.jp/,https://www.geopack.jp/contact,I｜小売・スーパー向け店舗設備・販促・システム支援,全国スーパーマーケット協会公式賛助会員：店舗用品・資材,review_weak_service,集客・制作・広告・販促等の受託根拠を機械確認できず,200,200,yes,,,,,https://www.geopack.jp/,https://www.geopack.jp/contact,
26,21,1272,朋和産業株式会社,https://www.howa-s.co.jp/,https://www.howa-s.co.jp/contact/,I｜小売・スーパー向け店舗設備・販促・システム支援,全国スーパーマーケット協会公式賛助会員：店舗用品・資材,review_weak_service,集客・制作・広告・販促等の受託根拠を機械確認できず,200,200,no,,,,,https://www.howa-s.co.jp/,https://www.howa-s.co.jp/contact/,https://www.howa-s.co.jp/company/news/detail20250401.html / https://www.howa-s.co.jp/company/news/detail20230714.html
26,31,1282,株式会社グリーンオート,https://green-auto.jp/,https://green-auto.jp/contact,I｜小売・スーパー向け店舗設備・販促・システム支援,全国スーパーマーケット協会公式賛助会員：店舗設備・システム・設計・エネルギー,strategic_valid,受託サービス・地域顧客接点・実フォームを確認,200,200,yes,プロモーション,店舗,,,https://green-auto.jp/,https://green-auto.jp/contact,https://green-auto.jp/video-achievements / https://green-auto.jp/etc / https://green-auto.jp/works
26,41,1292,株式会社ナンバ,https://nanba1.jp/,https://nanba1.jp/contact,I｜小売・スーパー向け店舗設備・販促・システム支援,全国スーパーマーケット協会公式賛助会員：店舗設備・システム・設計・エネルギー,likely_not_hub,SaaS・機器・商材・不動産管理等の単体支援のみ検出,200,200,yes,,店舗 / ホテル,設備保守,,https://nanba1.jp/,https://nanba1.jp/contact,https://nanba1.jp/business-guide / https://nanba1.jp/business-guide#01 / https://nanba1.jp/business-guide#02
27,1,1302,OASIS INNOVATION株式会社,https://oasis-innovation.co.jp/service/service8/,https://oasis-innovation.co.jp/contact/,J｜医療IT・診療所システム導入支援,ORCA公式認定サポート事業所：医療機関への日医IT導入・運用支援,review_weak_hub,複数の地域事業者との顧客接点を機械確認できず,200,200,yes,経営支援,,クラウドサービス,,https://oasis-innovation.co.jp/service/service8/,https://oasis-innovation.co.jp/contact/,https://oasis-innovation.co.jp/service/ / https://oasis-innovation.co.jp/service_category/service-category1/ / https://oasis-innovation.co.jp/service/service1/
27,11,1312,日本PCサービス株式会社,https://www.j-pcs.jp/,https://www.j-pcs.jp/contact/,J｜医療IT・診療所システム導入支援,ORCA公式認定サポート事業所：医療機関への日医IT導入・運用支援,strategic_valid,受託サービス・地域顧客接点・実フォームを確認,200,200,yes,web制作,店舗 / 中小企業 / 導入事例,卸売 / オフィス家具,,https://www.j-pcs.jp/,https://www.j-pcs.jp/contact/,https://www.j-pcs.jp/service/#content / https://www.j-pcs.jp/business/ / https://www.j-pcs.jp/news/post-2412/
27,21,1322,株式会社オープンスター,https://openstar.biz/,https://openstar.biz/inquiry/,J｜医療IT・診療所システム導入支援,ORCA公式認定サポート事業所：医療機関への日医IT導入・運用支援,review_weak_service,集客・制作・広告・販促等の受託根拠を機械確認できず,200,200,yes,,クリニック / 導入事例,,,https://openstar.biz/,https://openstar.biz/inquiry/,https://openstar.biz/service/ / https://openstar.biz/service/notta/ / https://openstar.biz/service/%E3%82%AA%E3%83%B3%E3%83%A9%E3%82%A4%E3%83%B3%E8%B3%87%E6%A0%BC%E7%A2%BA%E8%AA%8D/
27,31,1332,株式会社メディカルコネクト,https://m-cnct.co.jp/orca/,https://m-cnct.co.jp/contact/,J｜医療IT・診療所システム導入支援,ORCA公式認定サポート事業所：医療機関への日医IT導入・運用支援,review_weak_service,集客・制作・広告・販促等の受託根拠を機械確認できず,200,200,yes,,,,,https://m-cnct.co.jp/orca/,https://m-cnct.co.jp/contact/,https://m-cnct.co.jp/service/ / https://m-cnct.co.jp/service/#link1 / https://m-cnct.co.jp/service/#link2
27,41,1342,株式会社プラスメディ,https://plus-medi-corp.com/,https://plus-medi-corp.com/contact,J｜医療IT・診療所システム導入支援,JAHIS公式会員：医療機関向けシステム支援,review_weak_service,集客・制作・広告・販促等の受託根拠を機械確認できず,200,200,yes,,,,,https://plus-medi-corp.com/,https://plus-medi-corp.com/contact/,https://plus-medi-corp.com/business/ / https://plus-medi-corp.com/%E9%80%9A%E9%99%A2%E6%94%AF%E6%8F%B4%E3%82%A2%E3%83%97%E3%83%AA%E3%80%8Ewellcne%EF%BC%88%E3%82%A6%E3%82%A7%E3%83%AB%E3%82%B3%E3%83%8D%EF%BC%89%E3%80%8F%E7%B7%8F%E5%90%88%E7%97%85%E9%99%A2-%E8%81%96/
28,1,1352,アップルハウジング株式会社,https://www.apple-housing.co.jp/,https://www.apple-housing.co.jp/contact/,K｜地域不動産・賃貸管理・物件活用支援,日本賃貸住宅管理協会公式会員：地域の賃貸管理・不動産活用支援,review_weak_service,集客・制作・広告・販促等の受託根拠を機械確認できず,200,200,yes,,店舗 / ホテル,,,https://www.apple-housing.co.jp/,https://www.apple-housing.co.jp/contact/,https://www.apple-housing.co.jp/works/ / https://www.apple-housing.co.jp/business/ / https://www.apple-housing.co.jp/business/tenkin/
28,11,1362,ランド・ジャパン有限会社,https://www.landjapan.co.jp/,https://www.landjapan.co.jp/reform/,K｜地域不動産・賃貸管理・物件活用支援,日本賃貸住宅管理協会公式会員：地域の賃貸管理・不動産活用支援,review_weak_service,集客・制作・広告・販促等の受託根拠を機械確認できず,200,200,yes,,店舗 / ホテル / 不動産会社 / リフォーム会社,,,https://www.landjapan.co.jp/,https://www.landjapan.co.jp/reform/,https://www.landjapan.co.jp/information/
28,21,1372,千歳不動産株式会社,http://chitose-fudosan.co.jp/,https://chitose-fudosan.co.jp/contact,K｜地域不動産・賃貸管理・物件活用支援,日本賃貸住宅管理協会公式会員：地域の賃貸管理・不動産活用支援,review_weak_service,集客・制作・広告・販促等の受託根拠を機械確認できず,200,200,yes,,店舗,,,http://chitose-fudosan.co.jp/,https://chitose-fudosan.co.jp/contact/,https://chitose-fudosan.co.jp/tenant/ / https://chitose-fudosan.co.jp/two-area/ / http://chitose-fudosan.co.jp/#sup
28,31,1382,有限会社アルプス不動産,https://www.alps-fd.co.jp/,https://www.alps-fd.co.jp/contact/contact01.html,K｜地域不動産・賃貸管理・物件活用支援,日本賃貸住宅管理協会公式会員：地域の賃貸管理・不動産活用支援,review_weak_service,集客・制作・広告・販促等の受託根拠を機械確認できず,200,200,yes,,店舗,,,https://www.alps-fd.co.jp/,https://www.alps-fd.co.jp/contact/contact01.html,https://www.alps-fd.co.jp/npist_db/detail.php?scd=91_43353 / https://www.alps-fd.co.jp/npist_db/detail.php?scd=91_4334- / https://www.alps-fd.co.jp/service/
28,41,1392,有限会社友豊,https://www.ufo-fukui.net/,https://www.ufo-fukui.net/inquiry/,K｜地域不動産・賃貸管理・物件活用支援,日本賃貸住宅管理協会公式会員：地域の賃貸管理・不動産活用支援,review_weak_service,集客・制作・広告・販促等の受託根拠を機械確認できず,200,200,yes,,店舗 / 不動産会社,,,https://www.ufo-fukui.net/,https://www.ufo-fukui.net/inquiry/,
29,1,1402,丸与デザインテック株式会社,https://www.haki.co.jp/,https://www.haki.co.jp/safe-performance/,H｜店舗内装・設計施工・什器・設備支援,日本ディスプレイ業団体連合会公式構成員：店舗・商業空間の企画設計・施工支援,review_weak_service,集客・制作・広告・販促等の受託根拠を機械確認できず,200,200,no,,ホテル,,,https://www.haki.co.jp/,https://www.haki.co.jp/safe-performance/,https://www.haki.co.jp/works/
29,11,1412,株式会社アイレス,https://www.i-res.co.jp/,https://www.i-res.co.jp/contact/,H｜店舗内装・設計施工・什器・設備支援,日本ディスプレイ業団体連合会公式構成員：店舗・商業空間の企画設計・施工支援,likely_not_hub,SaaS・機器・商材・不動産管理等の単体支援のみ検出,200,200,yes,,店舗,厨房機器 / 内装工事,,https://www.i-res.co.jp/,https://www.i-res.co.jp/contact/,https://www.i-res.co.jp/rental/
29,21,1422,株式会社アービック,https://www.ar-bic.co.jp/,https://www.ar-bic.co.jp/contact/,H｜店舗内装・設計施工・什器・設備支援,日本ディスプレイ業団体連合会公式構成員：店舗・商業空間の企画設計・施工支援,review_weak_service,集客・制作・広告・販促等の受託根拠を機械確認できず,200,200,yes,,,,,https://www.ar-bic.co.jp/,https://www.ar-bic.co.jp/contact/,https://www.ar-bic.co.jp/work/
29,31,1432,株式会社オーティス,https://otis.ne.jp/,https://otis.ne.jp/,H｜店舗内装・設計施工・什器・設備支援,日本ディスプレイ業団体連合会公式構成員：店舗・商業空間の企画設計・施工支援,strategic_valid,受託サービス・地域顧客接点・実フォームを確認,200,200,yes,ホームページ制作,店舗 / 観光 / 制作実績,,,https://otis.ne.jp/,https://otis.ne.jp/,https://otis.ne.jp/service#event / https://otis.ne.jp/service#movie / https://otis.ne.jp/service#media
29,41,1442,株式会社サウンドエイト,https://www.soundeight.net/,https://www.soundeight.net/contact/,H｜店舗内装・設計施工・什器・設備支援,日本ディスプレイ業団体連合会公式構成員：店舗・商業空間の企画設計・施工支援,review_weak_service,集客・制作・広告・販促等の受託根拠を機械確認できず,200,200,yes,,,,,https://www.soundeight.net/,https://www.soundeight.net/contact/,https://www.soundeight.net/work/sound/ / https://www.soundeight.net/work/online-event-support-service/
30,1,1452,株式会社あしたのチーム,https://www.ashita-team.com/,https://www.ashita-team.com/ashita-platform/,K｜地域不動産・賃貸管理・物件活用支援,日本賃貸住宅管理協会公式会員：地域の賃貸管理・不動産活用支援,likely_not_hub,SaaS・機器・商材・不動産管理等の単体支援のみ検出,200,200,no,,中小企業 / 導入事例,卸売,,https://www.ashita-team.com/,https://www.ashita-team.com/ashita-platform/,https://www.ashita-team.com/service/ashita-team/ / https://www.ashita-team.com/servicepage/m16/ / https://www.ashita-team.com/service/ashita-cloud/
30,11,1462,株式会社エアフォルク,https://www.erfolg-ap.com/,https://www.erfolg-ap.com/inquiry.html,K｜地域不動産・賃貸管理・物件活用支援,日本賃貸住宅管理協会公式会員：地域の賃貸管理・不動産活用支援,review_weak_service,集客・制作・広告・販促等の受託根拠を機械確認できず,200,200,yes,,店舗,,,https://www.erfolg-ap.com/,https://www.erfolg-ap.com/inquiry.html,
30,21,1472,株式会社サンコーすまいる,https://www.smile-sanko.com/,https://www.smile-sanko.com/contact/,K｜地域不動産・賃貸管理・物件活用支援,日本賃貸住宅管理協会公式会員：地域の賃貸管理・不動産活用支援,review_weak_service,集客・制作・広告・販促等の受託根拠を機械確認できず,200,200,yes,,,,,https://www.smile-sanko.com/,https://www.smile-sanko.com/contact/,https://www.smile-sanko.com/service/ / https://www.smile-sanko.com/service/bkt/ / https://www.smile-sanko.com/service/wall/
30,31,1482,株式会社ピッタリハウス,https://www.morikawafudousan.co.jp/,https://www.morikawafudousan.co.jp/article/information,K｜地域不動産・賃貸管理・物件活用支援,日本賃貸住宅管理協会公式会員：地域の賃貸管理・不動産活用支援,review_weak_service,集客・制作・広告・販促等の受託根拠を機械確認できず,200,200,no,,店舗,,,https://www.morikawafudousan.co.jp/,https://www.morikawafudousan.co.jp/article/information,https://www.morikawafudousan.co.jp/
30,41,1492,株式会社中央開発,https://www.chuokaihatsu.co.jp/,https://www.chuokaihatsu.co.jp/koushin_form,K｜地域不動産・賃貸管理・物件活用支援,日本賃貸住宅管理協会公式会員：地域の賃貸管理・不動産活用支援,likely_not_hub,SaaS・機器・商材・不動産管理等の単体支援のみ検出,200,200,yes,,店舗 / 不動産会社,不動産仲介,,https://www.chuokaihatsu.co.jp/,https://www.chuokaihatsu.co.jp/koushin_form,https://www.chuokaihatsu.co.jp/business-services/ / https://www.chuokaihatsu.co.jp/sale/detail/30020-91?parts=1
31,1,1502,あくら不動産株式会社,http://www.akura.co.jp/,http://www.akura.co.jp/contact/index.cgi,K｜地域不動産・賃貸管理・物件活用支援,日本賃貸住宅管理協会公式会員：地域の賃貸管理・不動産活用支援,likely_not_hub,SaaS・機器・商材・不動産管理等の単体支援のみ検出,200,200,yes,,店舗 / 不動産会社,賃貸管理,,http://www.akura.co.jp/,http://www.akura.co.jp/contact/index.cgi,http://www.akura.co.jp/company/ / http://www.akura.co.jp/category/property/rent_office/
31,11,1512,ソーワホーム株式会社,https://www.sowahome.com:443/,https://www.sowahome.com:443/contact/,K｜地域不動産・賃貸管理・物件活用支援,日本賃貸住宅管理協会公式会員：地域の賃貸管理・不動産活用支援,likely_not_hub,SaaS・機器・商材・不動産管理等の単体支援のみ検出,200,200,yes,,店舗 / クリニック / ホテル,賃貸管理,,https://www.sowahome.com:443/,https://www.sowahome.com:443/contact/,
31,21,1522,不動産プロ株式会社,http://iepro.co.jp/,http://iepro.co.jp/,K｜地域不動産・賃貸管理・物件活用支援,日本賃貸住宅管理協会公式会員：地域の賃貸管理・不動産活用支援,likely_not_hub,SaaS・機器・商材・不動産管理等の単体支援のみ検出,200,200,yes,,,賃貸管理,,http://iepro.co.jp/,http://iepro.co.jp/,http://iepro.co.jp/#works
31,31,1532,有限会社フロンティアホーム,https://frontierhome.jp/,https://frontierhome.jp/contact_form/,K｜地域不動産・賃貸管理・物件活用支援,日本賃貸住宅管理協会公式会員：地域の賃貸管理・不動産活用支援,likely_not_hub,SaaS・機器・商材・不動産管理等の単体支援のみ検出,200,200,yes,,,賃貸管理,,https://frontierhome.jp/,https://frontierhome.jp/contact_form/,https://frontierhome.jp/caselist/ / https://frontierhome.jp/case_post/%E4%B8%AD%E5%8F%A4%E5%88%86%E8%AD%B2%E3%83%9E%E3%83%B3%E3%82%B7%E3%83%A7%E3%83%B3%E3%80%80%E5%BA%8A%E4%B8%8B%E9%85%8D%E7%AE%A1%E3%81%8B%E3%82%89%E6%96%B0%E8%A8%AD/ / https://frontierhome.jp/case_post/%E9%89%84%E7%AD%8B%E3%82%B3%E3%83%B3%E3%82%AF%E3%83%AA%E3%83%BC%E3%83%88%E3%80%80%E3%82%BF%E3%82%A4%E3%83%AB%E5%BC%B5%E3%83%9E%E3%83%B3%E3%82%B7%E3%83%A7%E3%83%B3%E3%81%AE%E5%A4%96%E5%A3%81%E5%B7%A5/
31,41,1542,株式会社のぞみハウジング,https://www.nozomi-kanri.co.jp/,https://www.nozomi-kanri.co.jp/toiawase/index.html,K｜地域不動産・賃貸管理・物件活用支援,日本賃貸住宅管理協会公式会員：地域の賃貸管理・不動産活用支援,review_form,実フォームを機械確認できず,200,200,no,プロモーション,医院 / クリニック / 歯科,賃貸管理,,https://www.nozomi-kanri.co.jp/,https://www.nozomi-kanri.co.jp/toiawase/index.html,https://www.nozomi-kanri.co.jp/co_navi/a268269903bb61b8cd520fed-277.html / https://www.nozomi-kanri.co.jp/co_navi/KAL20161014175439-267.html / https://www.nozomi-kanri.co.jp/co_navi/Oie20160226142726-255.html
32,1,1552,株式会社チヨダディステム,https://www.distem.co.jp/,https://www.distem.co.jp/inquiry.html,H｜店舗内装・設計施工・什器・設備支援,日本ディスプレイ業団体連合会公式構成員：店舗・商業空間の企画設計・施工支援,strategic_valid,受託サービス・地域顧客接点・実フォームを確認,200,200,yes,プロモーション,店舗 / ホテル / 観光 / 導入事例,,,https://www.distem.co.jp/,https://www.distem.co.jp/inquiry.html,https://www.distem.co.jp/case.html / https://www.distem.co.jp/case.html#A / https://www.distem.co.jp/case.html#B
32,11,1562,株式会社ナカムラ綜美,https://nakamura-soubi.co.jp/,https://nakamura-soubi.co.jp/contact/,H｜店舗内装・設計施工・什器・設備支援,日本ディスプレイ業団体連合会公式構成員：店舗・商業空間の企画設計・施工支援,review_weak_service,集客・制作・広告・販促等の受託根拠を機械確認できず,200,200,yes,,制作実績,,,https://nakamura-soubi.co.jp/,https://nakamura-soubi.co.jp/contact/,https://nakamura-soubi.co.jp/business/ / https://nakamura-soubi.co.jp/works/ / https://nakamura-soubi.co.jp/works/
32,21,1572,株式会社ヒラカワ,http://hirakawa-display.com/,http://hirakawa-display.com/contact/,H｜店舗内装・設計施工・什器・設備支援,日本ディスプレイ業団体連合会公式構成員：店舗・商業空間の企画設計・施工支援,review_weak_service,集客・制作・広告・販促等の受託根拠を機械確認できず,200,200,no,,,,,http://hirakawa-display.com/,http://hirakawa-display.com/contact/,http://hirakawa-display.com/works/
32,31,1582,株式会社ホクスイ,https://www.hokusui.store/,https://www.hokusui.store/contact,H｜店舗内装・設計施工・什器・設備支援,日本ディスプレイ業団体連合会公式構成員：店舗・商業空間の企画設計・施工支援,review_weak_service,集客・制作・広告・販促等の受託根拠を機械確認できず,200,200,yes,,,,,https://www.hokusui.store/,https://www.hokusui.store/contact,
32,41,1592,株式会社ライブアド,https://www.livead.co.jp/,https://www.livead.co.jp/contact/,H｜店舗内装・設計施工・什器・設備支援,日本ディスプレイ業団体連合会公式構成員：店舗・商業空間の企画設計・施工支援,review_weak_service,集客・制作・広告・販促等の受託根拠を機械確認できず,200,200,yes,,制作実績,,,https://www.livead.co.jp/,https://www.livead.co.jp/contact/,https://www.livead.co.jp/works.html
33,1,1602,株式会社フォルト,https://www.fort-net.com/,https://www.fort-net.com/contact/,S｜地方広告・印刷・看板・ブランディング,日本サイン協会公式会員：看板・屋外広告・サイン制作,review_weak_service,集客・制作・広告・販促等の受託根拠を機械確認できず,200,200,yes,,店舗 / 工務店,,,https://www.fort-net.com/,https://www.fort-net.com/contact/,https://www.fort-net.com/services/ / https://www.fort-net.com/services/#importance / https://www.fort-net.com/services/#gyoumu
33,11,1612,株式会社天洋工芸,http://tenyoukougei.com/,http://tenyoukougei.com/%e3%81%8a%e5%95%8f%e5%90%88%e3%81%9b/,S｜地方広告・印刷・看板・ブランディング,日本サイン協会公式会員：看板・屋外広告・サイン制作,review_weak_service,集客・制作・広告・販促等の受託根拠を機械確認できず,200,200,yes,,,,,http://tenyoukougei.com/,http://tenyoukougei.com/%E3%81%8A%E5%95%8F%E5%90%88%E3%81%9B/,
33,21,1622,株式会社東京システック,https://t-systec.com/,https://t-systec.com/contactform2/,S｜地方広告・印刷・看板・ブランディング,日本サイン協会公式会員：看板・屋外広告・サイン制作,review_weak_service,集客・制作・広告・販促等の受託根拠を機械確認できず,200,200,yes,,,,,https://t-systec.com/,https://t-systec.com/contactform2/,https://t-systec.com/portfolio-else/
33,31,1632,飛鳥東北株式会社,https://www.asukatohoku.jp/,https://www.asukatohoku.jp/form/CP15357908515391/info,S｜地方広告・印刷・看板・ブランディング,日本サイン協会公式会員：看板・屋外広告・サイン制作,review_weak_service,集客・制作・広告・販促等の受託根拠を機械確認できず,200,200,yes,,店舗 / 制作実績,,,https://www.asukatohoku.jp/,https://web.gogo.jp/CP15357908515391/form/info,https://www.asukatohoku.jp/business / https://www.asukatohoku.jp/works / https://www.asukatohoku.jp/service
33,41,1642,有限会社ニシデ,http://www.ad-nishide.com/,http://www.ad-nishide.com/toi/,S｜屋外広告・看板・サイン・店舗外装支援,大阪屋外広告美術協同組合公式組合員：各種看板の企画、デザイン、製作、設置、広告媒体,review_weak_service,集客・制作・広告・販促等の受託根拠を機械確認できず,200,200,yes,,,,,http://www.ad-nishide.com/,http://www.ad-nishide.com/toi/,
34,1,1652,かんべ土地建物株式会社,https://www.kanbetochi.co.jp/,https://www.kanbetochi.co.jp/contact/,K｜地域不動産・賃貸管理・物件活用支援,日本賃貸住宅管理協会公式会員：地域の賃貸管理・不動産活用支援,review_weak_service,集客・制作・広告・販促等の受託根拠を機械確認できず,200,200,yes,,店舗,,,https://www.kanbetochi.co.jp/,https://www.kanbetochi.co.jp/contact/,https://www.kanbetochi.co.jp/business/ / https://www.kanbetochi.co.jp/realestate/ / https://www.kanbetochi.co.jp/insurance/
34,11,1662,アイ・リリーフ株式会社,https://i-relief.jp/,https://i-relief.jp/kasitai/,K｜地域不動産・賃貸管理・物件活用支援,日本賃貸住宅管理協会公式会員：地域の賃貸管理・不動産活用支援,likely_not_hub,SaaS・機器・商材・不動産管理等の単体支援のみ検出,200,200,yes,,店舗,賃貸管理,,https://i-relief.jp/,https://i-relief.jp/kasitai/,
34,21,1672,アーバンネット株式会社,https://www.kita-club.co.jp/,https://www.kita-club.co.jp/contact,K｜地域不動産・賃貸管理・物件活用支援,日本賃貸住宅管理協会公式会員：地域の賃貸管理・不動産活用支援,review_weak_service,集客・制作・広告・販促等の受託根拠を機械確認できず,200,200,yes,,飲食店,,,https://www.kita-club.co.jp/,https://www.kita-club.co.jp/contact,https://www.kita-club.co.jp/user-service
34,31,1682,エルももち株式会社,https://www.lmomochi.com/,https://www.lmomochi.com/contents/inquiry,K｜地域不動産・賃貸管理・物件活用支援,日本賃貸住宅管理協会公式会員：地域の賃貸管理・不動産活用支援,likely_not_hub,SaaS・機器・商材・不動産管理等の単体支援のみ検出,200,200,yes,,店舗 / 不動産会社 / フランチャイズ,賃貸管理,,https://www.lmomochi.com/,https://www.lmomochi.com/contents/inquiry,https://www.lmomochi.com/contents/sale_result / https://www.lmomochi.com/contents/build_result
34,41,1692,クラリティ株式会社,https://clamill.co.jp/,https://clamill.co.jp/,K｜地域不動産・賃貸管理・物件活用支援,日本賃貸住宅管理協会公式会員：地域の賃貸管理・不動産活用支援,likely_not_hub,SaaS・機器・商材・不動産管理等の単体支援のみ検出,200,200,yes,,店舗,賃貸管理,,https://clamill.co.jp/,https://clamill.co.jp/,
35,1,1702,シーズエナジー株式会社,http://rental-syuno.com/,http://rental-syuno.com/category/1745090.html,K｜地域不動産・賃貸管理・物件活用支援,日本賃貸住宅管理協会公式会員：地域の賃貸管理・不動産活用支援,review_weak_service,集客・制作・広告・販促等の受託根拠を機械確認できず,200,200,yes,,不動産会社,,,http://rental-syuno.com/,http://rental-syuno.com/category/1745090.html,
35,11,1712,スターツコーポレートサービス株式会社,https://www.starts-cs.co.jp/,https://www.starts-cs.co.jp/contact,K｜地域不動産・賃貸管理・物件活用支援,日本賃貸住宅管理協会公式会員：地域の賃貸管理・不動産活用支援,strategic_valid,受託サービス・地域顧客接点・実フォームを確認,200,200,yes,広告代理,店舗 / 宿泊施設 / ホテル / 不動産会社,不動産仲介,,https://www.starts-cs.co.jp/,https://www.starts-cs.co.jp/contact/,https://www.starts-cs.co.jp/investment_04/ / https://www.starts-cs.co.jp/works/ / https://www.starts-cs.co.jp/news/2026/0713/
35,21,1722,トヨタホーム株式会社,https://www.toyotahome.co.jp/,https://www.toyotahome.co.jp/contact/?ad_cd=hp_top_cta_omatome,K｜地域不動産・賃貸管理・物件活用支援,日本賃貸住宅管理協会公式会員：地域の賃貸管理・不動産活用支援,review_weak_service,集客・制作・広告・販促等の受託根拠を機械確認できず,200,200,yes,,店舗 / サロン,,,https://www.toyotahome.co.jp/,https://www.toyotahome.co.jp/contact/?ad_cd=hp_top_cta_omatome,https://www.toyotahome.co.jp/s/tochikatsuyou/jitsurei/ / https://www.toyotahome.co.jp/corporate/annai/business/about_plt.html
35,31,1732,ハンエー地建株式会社,https://han-a.co.jp/,https://han-a.co.jp/contact/,K｜地域不動産・賃貸管理・物件活用支援,日本賃貸住宅管理協会公式会員：地域の賃貸管理・不動産活用支援,likely_not_hub,SaaS・機器・商材・不動産管理等の単体支援のみ検出,200,200,yes,,店舗 / 不動産会社,賃貸管理,,https://han-a.co.jp/,https://han-a.co.jp/contact,
35,41,1742,フジ・アメニティサービス株式会社,https://www.fuji-amenity.com/,https://www.fuji-amenity.com/contact,K｜地域不動産・賃貸管理・物件活用支援,日本賃貸住宅管理協会公式会員：地域の賃貸管理・不動産活用支援,review_weak_service,集客・制作・広告・販促等の受託根拠を機械確認できず,200,200,yes,,,,,https://www.fuji-amenity.com/,https://www.fuji-amenity.com/contact/,https://www.fuji-amenity.com/index.html
36,1,1752,ホームトラスト株式会社,https://www.hometrust.co.jp/,https://www.hometrust.co.jp/pages/3/,K｜地域不動産・賃貸管理・物件活用支援,日本賃貸住宅管理協会公式会員：地域の賃貸管理・不動産活用支援,likely_not_hub,SaaS・機器・商材・不動産管理等の単体支援のみ検出,200,200,yes,,,賃貸管理,,https://www.hometrust.co.jp/,https://www.hometrust.co.jp/pages/3/,https://www.hometrust.co.jp/pages/99/
36,11,1762,リングス株式会社,https://www.apaman2000.com/,https://www.apaman2000.com/html/baikyaku-form.html,K｜地域不動産・賃貸管理・物件活用支援,日本賃貸住宅管理協会公式会員：地域の賃貸管理・不動産活用支援,likely_not_hub,SaaS・機器・商材・不動産管理等の単体支援のみ検出,200,200,yes,,店舗,賃貸管理,,https://www.apaman2000.com/,https://www.apaman2000.com/html/baikyaku-form.html,
36,21,1772,ワールドポテンシャル株式会社,https://wpo.co.jp/,https://wpo.co.jp/information/36950/,K｜地域不動産・賃貸管理・物件活用支援,日本賃貸住宅管理協会公式会員：地域の賃貸管理・不動産活用支援,likely_not_hub,SaaS・機器・商材・不動産管理等の単体支援のみ検出,200,200,yes,,飲食店 / 宿泊施設 / ホテル / 観光,賃貸管理 / 不動産仲介,,https://wpo.co.jp/,https://wpo.co.jp/information/36950/,https://wpo.co.jp/monthly-mansion/serviceoption/ / https://wpo.co.jp/service/ / https://wpo.co.jp/monthly-mansion/
36,31,1782,丸一土地建物株式会社,https://www.maruichi-land.co.jp/,https://www.maruichi-land.co.jp/kasitai/,K｜地域不動産・賃貸管理・物件活用支援,日本賃貸住宅管理協会公式会員：地域の賃貸管理・不動産活用支援,likely_not_hub,SaaS・機器・商材・不動産管理等の単体支援のみ検出,200,200,yes,,観光,賃貸管理,,https://www.maruichi-land.co.jp/,https://www.maruichi-land.co.jp/kasitai/,https://www.maruichi-land.co.jp/feature/2884/
36,41,1792,京成不動産株式会社,https://www.keisei-land.co.jp/,http://www.keisei-land.co.jp/contents/code/reform,K｜地域不動産・賃貸管理・物件活用支援,日本賃貸住宅管理協会公式会員：地域の賃貸管理・不動産活用支援,review_weak_service,集客・制作・広告・販促等の受託根拠を機械確認できず,200,200,yes,,店舗 / ホテル / 不動産会社,,,https://www.keisei-land.co.jp/,https://www.keisei-land.co.jp/contents/code/reform,https://www.keisei-land.co.jp/contents/code/campaign/ / https://www.keisei-land.co.jp/contents/code/shueki
37,1,1802,北山ハウス産業株式会社,https://kitayamahouse.jp/,https://kitayamahouse.jp/contact/,K｜地域不動産・賃貸管理・物件活用支援,日本賃貸住宅管理協会公式会員：地域の賃貸管理・不動産活用支援,likely_not_hub,SaaS・機器・商材・不動産管理等の単体支援のみ検出,200,200,yes,,,賃貸管理,,https://kitayamahouse.jp/,https://kitayamahouse.jp/contact/,
37,11,1812,合同会社ケイズコンサルタント,https://ks-ngy.com/,https://ks-ngy.com/contact/,K｜地域不動産・賃貸管理・物件活用支援,日本賃貸住宅管理協会公式会員：地域の賃貸管理・不動産活用支援,likely_not_hub,SaaS・機器・商材・不動産管理等の単体支援のみ検出,200,200,yes,,,賃貸管理,,https://ks-ngy.com/,https://ks-ngy.com/contact/,https://ks-ngy.com/service/
37,21,1822,大喜工業株式会社,https://daiki-kougyo.co.jp/,https://daiki-kougyo.co.jp/contact/,K｜地域不動産・賃貸管理・物件活用支援,日本賃貸住宅管理協会公式会員：地域の賃貸管理・不動産活用支援,review_weak_service,集客・制作・広告・販促等の受託根拠を機械確認できず,200,200,yes,,宿泊施設 / ホテル / 観光 / 中小企業,,,https://daiki-kougyo.co.jp/,https://daiki-kougyo.co.jp/contact/,https://daiki-kougyo.co.jp/kan_kousei/ / https://daiki-kougyo.co.jp/category/construction/#1986 / https://daiki-kougyo.co.jp/category/construction/#1982
37,31,1832,大鏡建設株式会社,https://daikyo-k.net/,https://daikyo-k.net/contact,K｜地域不動産・賃貸管理・物件活用支援,日本賃貸住宅管理協会公式会員：地域の賃貸管理・不動産活用支援,review_weak_service,集客・制作・広告・販促等の受託根拠を機械確認できず,200,200,no,,店舗 / 建設会社,,,https://daikyo-k.net/,https://daikyo-k.net/contact,https://daikyo-k.net/service / https://daikyo-k.net/service/project / https://daikyo-k.net/service/application
37,41,1842,巽建装株式会社,https://tatsumi-kenso.biz/,https://tatsumi-kenso.biz/,K｜地域不動産・賃貸管理・物件活用支援,日本賃貸住宅管理協会公式会員：地域の賃貸管理・不動産活用支援,review_weak_service,集客・制作・広告・販促等の受託根拠を機械確認できず,200,200,yes,,,,,https://tatsumi-kenso.biz/,https://tatsumi-kenso.biz/,
38,1,1852,日本トルビン株式会社,https://nihon-torubin.co.jp/,https://nihon-torubin.co.jp/?page_id=42,K｜地域不動産・賃貸管理・物件活用支援,日本賃貸住宅管理協会公式会員：地域の賃貸管理・不動産活用支援,review_weak_service,集客・制作・広告・販促等の受託根拠を機械確認できず,200,200,yes,,店舗,,,https://nihon-torubin.co.jp/,https://nihon-torubin.co.jp/?page_id=42,https://nihon-torubin.co.jp/?bukken=rentbusiness / https://nihon-torubin.co.jp/?bukken=rentbusiness02 / https://nihon-torubin.co.jp/?bukken=rentbusiness01
38,11,1862,有限会社さくらホーム,https://www.sakurahome-co.jp/,https://www.sakurahome-co.jp/company/contact/,K｜地域不動産・賃貸管理・物件活用支援,日本賃貸住宅管理協会公式会員：地域の賃貸管理・不動産活用支援,review_weak_service,集客・制作・広告・販促等の受託根拠を機械確認できず,200,200,yes,,店舗 / 不動産会社,,,https://www.sakurahome-co.jp/,https://www.sakurahome-co.jp/company/contact/,
38,21,1872,有限会社エステート三和,https://estsanwa.jp/,https://estsanwa.jp/cf_cgi2/toiawase.htm,K｜地域不動産・賃貸管理・物件活用支援,日本賃貸住宅管理協会公式会員：地域の賃貸管理・不動産活用支援,likely_not_hub,SaaS・機器・商材・不動産管理等の単体支援のみ検出,200,200,yes,,サロン,不動産仲介,,https://estsanwa.jp/,https://estsanwa.jp/cf_cgi2/toiawase.htm,
38,31,1882,有限会社ダン,https://fudousan-dan.com/,https://fudousan-dan.com/contact/,K｜地域不動産・賃貸管理・物件活用支援,日本賃貸住宅管理協会公式会員：地域の賃貸管理・不動産活用支援,likely_not_hub,SaaS・機器・商材・不動産管理等の単体支援のみ検出,200,200,yes,,店舗,賃貸管理,,https://fudousan-dan.com/,https://fudousan-dan.com/contact/,
38,41,1892,有限会社モリ不動産,https://mori-fudousan.com/,https://mori-fudousan.com/pages/3/,K｜地域不動産・賃貸管理・物件活用支援,日本賃貸住宅管理協会公式会員：地域の賃貸管理・不動産活用支援,review_weak_service,集客・制作・広告・販促等の受託根拠を機械確認できず,200,200,yes,,店舗,,,https://mori-fudousan.com/,https://mori-fudousan.com/pages/3/,
39,1,1902,有限会社原商事,http://www.hara-syouzi.com/,http://www.hara-syouzi.com/mailform/mailform_1/,K｜地域不動産・賃貸管理・物件活用支援,日本賃貸住宅管理協会公式会員：地域の賃貸管理・不動産活用支援,review_weak_service,集客・制作・広告・販促等の受託根拠を機械確認できず,200,200,yes,,店舗 / 不動産会社,,,http://www.hara-syouzi.com/,http://www.hara-syouzi.com/mailform/mailform_1/,http://www.hara-syouzi.com/other/multi17.html / http://www.hara-syouzi.com/other/multi18.html
39,11,1912,有限会社帯広ドットコム,https://www.obihiroshi.com/,https://www.obihiroshi.com/contact_campaign.php,K｜地域不動産・賃貸管理・物件活用支援,日本賃貸住宅管理協会公式会員：地域の賃貸管理・不動産活用支援,likely_not_hub,SaaS・機器・商材・不動産管理等の単体支援のみ検出,200,200,yes,,店舗 / 飲食店,賃貸管理 / 内装工事,,https://www.obihiroshi.com/,https://www.obihiroshi.com/contact_campaign.php,https://www.obihiroshi.com/list_buy.php?type=5
39,21,1922,有限会社高蔵住宅,https://www.takakurajutaku.com/,https://www.takakurajutaku.com/%e3%81%8a%e5%95%8f%e5%90%88%e3%81%9b,K｜地域不動産・賃貸管理・物件活用支援,日本賃貸住宅管理協会公式会員：地域の賃貸管理・不動産活用支援,review_weak_service,集客・制作・広告・販促等の受託根拠を機械確認できず,200,200,yes,,不動産会社,,,https://www.takakurajutaku.com/,https://www.takakurajutaku.com/%E3%81%8A%E5%95%8F%E5%90%88%E3%81%9B,
39,31,1932,東急住宅リース株式会社,https://www.tokyu-housing-lease.co.jp/,https://www.tokyu-housing-lease.co.jp/residents/,K｜地域不動産・賃貸管理・物件活用支援,日本賃貸住宅管理協会公式会員：地域の賃貸管理・不動産活用支援,likely_not_hub,SaaS・機器・商材・不動産管理等の単体支援のみ検出,200,200,yes,,店舗 / 建設会社,賃貸管理,,https://www.tokyu-housing-lease.co.jp/,https://www.tokyu-housing-lease.co.jp/residents/,https://www.tokyu-housing-lease.co.jp/corporate/office/ / https://www.tokyu-housing-lease.co.jp/service/ / https://www.tokyu-housing-lease.co.jp/service/mng-buildings/
39,41,1942,株式会社あなぶきレジデンシャル流通,https://www.anabuki-rr.co.jp/,https://www.anabuki-rr.co.jp/contact,K｜地域不動産・賃貸管理・物件活用支援,日本賃貸住宅管理協会公式会員：地域の賃貸管理・不動産活用支援,review_weak_service,集客・制作・広告・販促等の受託根拠を機械確認できず,200,200,yes,,店舗 / ホテル,,,https://www.anabuki-rr.co.jp/,https://www.anabuki-rr.co.jp/contact/,https://www.anabuki-rr.co.jp/company/office/ / https://www.anabuki-rr.co.jp/parking/
40,1,1952,株式会社くみん不動産,https://www.kumin.co.jp/,https://www.kumin.co.jp/contact/,K｜地域不動産・賃貸管理・物件活用支援,日本賃貸住宅管理協会公式会員：地域の賃貸管理・不動産活用支援,likely_not_hub,SaaS・機器・商材・不動産管理等の単体支援のみ検出,200,200,yes,,,賃貸管理,,https://www.kumin.co.jp/,https://www.kumin.co.jp/contact/,
40,11,1962,株式会社ふれんず宅建保証,https://www.f-takken.com/hoshou/,https://www.f-takken.com/hoshou/contact/,K｜地域不動産・賃貸管理・物件活用支援,日本賃貸住宅管理協会公式会員：地域の賃貸管理・不動産活用支援,review_weak_service,集客・制作・広告・販促等の受託根拠を機械確認できず,200,200,yes,,,,,https://www.f-takken.com/hoshou/,https://www.f-takken.com/hoshou/contact,https://www.f-takken.com/hoshou/service / https://www.f-takken.com/hoshou/freins_delivery
40,21,1972,株式会社アイワホーム,https://www.aiwa-home.jp/,https://www.aiwa-home.jp/formmagazine/,K｜地域不動産・賃貸管理・物件活用支援,日本賃貸住宅管理協会公式会員：地域の賃貸管理・不動産活用支援,review_weak_service,集客・制作・広告・販促等の受託根拠を機械確認できず,200,200,yes,,店舗,,,https://www.aiwa-home.jp/,https://www.aiwa-home.jp/formmagazine/,https://www.aiwa-home.jp/business/
40,31,1982,株式会社アソーク,https://asok-inc.co.jp/,https://asok-inc.co.jp/,K｜地域不動産・賃貸管理・物件活用支援,日本賃貸住宅管理協会公式会員：地域の賃貸管理・不動産活用支援,likely_not_hub,SaaS・機器・商材・不動産管理等の単体支援のみ検出,200,200,no,,店舗 / 不動産会社,賃貸管理 / 不動産仲介,,https://asok-inc.co.jp/,https://asok-inc.co.jp/,
40,41,1992,株式会社アフロ,https://www.aflo-net.com/,https://www.aflo-net.com/contact/,K｜地域不動産・賃貸管理・物件活用支援,日本賃貸住宅管理協会公式会員：地域の賃貸管理・不動産活用支援,likely_not_hub,SaaS・機器・商材・不動産管理等の単体支援のみ検出,200,200,yes,,店舗 / サロン,不動産仲介,,https://www.aflo-net.com/,https://www.aflo-net.com/contact/,https://www.aflo-net.com/real-estate-agent/ / https://www.aflo-net.com/development/
41,1,2002,株式会社アレップス,https://town-group.co.jp/,https://town-group.co.jp/contact,K｜地域不動産・賃貸管理・物件活用支援,日本賃貸住宅管理協会公式会員：地域の賃貸管理・不動産活用支援,likely_not_hub,SaaS・機器・商材・不動産管理等の単体支援のみ検出,200,200,yes,,店舗 / 飲食店 / 多店舗,賃貸管理 / 不動産仲介,,https://town-group.co.jp/,https://town-group.co.jp/contact,https://town-group.co.jp/groupinfo#town-hikkoshi / https://town-group.co.jp/groupinfo#shxinmen
41,11,2012,株式会社アーバンライフ建築総合研究所,https://urban-a.co.jp/,https://urban-a.co.jp/publics/index/23/,K｜地域不動産・賃貸管理・物件活用支援,日本賃貸住宅管理協会公式会員：地域の賃貸管理・不動産活用支援,review_weak_service,集客・制作・広告・販促等の受託根拠を機械確認できず,200,200,yes,,,,,https://urban-a.co.jp/,https://urban-a.co.jp/publics/index/23/,
41,21,2022,株式会社インターレジデンス,https://inter-residence.com/,https://inter-residence.com/wp/contact,K｜地域不動産・賃貸管理・物件活用支援,日本賃貸住宅管理協会公式会員：地域の賃貸管理・不動産活用支援,likely_not_hub,SaaS・機器・商材・不動産管理等の単体支援のみ検出,200,200,yes,,,賃貸管理,,https://inter-residence.com/,https://inter-residence.com/contact/,https://inter-residence.com/business/ / https://inter-residence.com/business/#estate / https://inter-residence.com/business/#rent
41,31,2032,株式会社エコホームズ,http://www.eco-homes.jp/,https://www.eco-homes.jp/contact/,K｜地域不動産・賃貸管理・物件活用支援,日本賃貸住宅管理協会公式会員：地域の賃貸管理・不動産活用支援,likely_not_hub,SaaS・機器・商材・不動産管理等の単体支援のみ検出,200,200,yes,,店舗 / 建設会社,賃貸管理 / 不動産仲介,,http://www.eco-homes.jp/,https://www.eco-homes.jp/contact/,https://www.eco-homes.jp/#j_management / https://www.eco-homes.jp/service/ / https://www.eco-homes.jp/seminar/seminar-232/
41,41,2042,株式会社エバンスアメニティー,https://www.evanceamenity.jp/,https://www.evanceamenity.jp/inquiry/index.php,K｜地域不動産・賃貸管理・物件活用支援,日本賃貸住宅管理協会公式会員：地域の賃貸管理・不動産活用支援,likely_not_hub,SaaS・機器・商材・不動産管理等の単体支援のみ検出,200,200,yes,,店舗,賃貸管理,,https://www.evanceamenity.jp/,https://www.evanceamenity.jp/inquiry/index.php,https://www.evanceamenity.jp/build-archive/page-1.html
42,1,2052,株式会社オーリック不動産,https://alliq.jp/,https://alliq.jp/inquiry/index.php,K｜地域不動産・賃貸管理・物件活用支援,日本賃貸住宅管理協会公式会員：地域の賃貸管理・不動産活用支援,review_weak_service,集客・制作・広告・販促等の受託根拠を機械確認できず,200,200,yes,,店舗,,,https://alliq.jp/,https://alliq.jp/inquiry/index.php,https://alliq.jp/diary-detail-582105/ / https://alliq.jp/diary-detail-574617/ / https://alliq.jp/build-archive/
42,11,2062,株式会社クラリス,https://www.clarice-c.com/,https://www.clarice-c.com/contact/,K｜地域不動産・賃貸管理・物件活用支援,日本賃貸住宅管理協会公式会員：地域の賃貸管理・不動産活用支援,likely_not_hub,SaaS・機器・商材・不動産管理等の単体支援のみ検出,200,200,yes,,店舗,賃貸管理 / 設備保守,,https://www.clarice-c.com/,https://www.clarice-c.com/contact/,https://www.clarice-c.com/business/pm.html / https://www.clarice-c.com/business/bm.html / https://www.clarice-c.com/business/renovation.html#page01
42,21,2072,株式会社グローリア・ライフ・クリエイト,https://www.glc-inc.jp/,https://www.glc-inc.jp/contact/,K｜地域不動産・賃貸管理・物件活用支援,日本賃貸住宅管理協会公式会員：地域の賃貸管理・不動産活用支援,review_weak_hub,複数の地域事業者との顧客接点を機械確認できず,200,200,yes,プロモーション,,賃貸管理,,https://www.glc-inc.jp/,https://www.glc-inc.jp/contact/,https://www.glc-inc.jp/service/ / https://www.glc-inc.jp/service/plan/ / https://www.glc-inc.jp/service/vacancy-measures/
42,31,2082,株式会社サンエース,https://www.sar.co.jp/,https://www.sar.co.jp/cnt/contact,K｜地域不動産・賃貸管理・物件活用支援,日本賃貸住宅管理協会公式会員：地域の賃貸管理・不動産活用支援,strategic_valid,受託サービス・地域顧客接点・実フォームを確認,200,200,yes,開業支援 / 店舗開発,店舗 / 建設会社,賃貸管理,,https://www.sar.co.jp/,https://www.sar.co.jp/cnt/contact,https://www.sar.co.jp/land/welfare/case.html / https://www.sar.co.jp/land/welfare/matching.html / https://www.sar.co.jp/management/manage02.html
42,41,2092,株式会社シティハウス管理,https://kanri.cityhouse.co.jp/,https://kanri.cityhouse.co.jp/contact/,K｜地域不動産・賃貸管理・物件活用支援,日本賃貸住宅管理協会公式会員：地域の賃貸管理・不動産活用支援,likely_not_hub,SaaS・機器・商材・不動産管理等の単体支援のみ検出,200,200,yes,,,賃貸管理,,https://kanri.cityhouse.co.jp/,https://kanri.cityhouse.co.jp/contact/,
43,1,2102,株式会社丸八テント商会,https://08tent.co.jp/,https://08tent.co.jp/contact_us/,H｜店舗内装・設計施工・什器・設備支援,日本ディスプレイ業団体連合会公式構成員：店舗・商業空間の企画設計・施工支援,review_weak_service,集客・制作・広告・販促等の受託根拠を機械確認できず,200,200,yes,,店舗 / 医院 / 歯科 / 飲食店 / ホテル,,,https://08tent.co.jp/,https://08tent.co.jp/contact_us/,https://08tent.co.jp/products/ / https://08tent.co.jp/works-top/ / https://08tent.co.jp/works_kw/pick-industrial/
43,11,2112,株式会社富士造型,https://www.f-zokei.com/,https://www.f-zokei.com/contact/,H｜店舗内装・設計施工・什器・設備支援,日本ディスプレイ業団体連合会公式構成員：店舗・商業空間の企画設計・施工支援,review_weak_service,集客・制作・広告・販促等の受託根拠を機械確認できず,200,200,yes,,店舗,,,https://www.f-zokei.com/,https://www.f-zokei.com/contact/,https://www.f-zokei.com/business/
43,21,2122,株式会社新創,https://www.shinso-inc.jp/,https://www.shinso-inc.jp/contact,H｜店舗内装・設計施工・什器・設備支援,日本ディスプレイ業団体連合会公式構成員：店舗・商業空間の企画設計・施工支援,review_weak_service,集客・制作・広告・販促等の受託根拠を機械確認できず,200,200,yes,,,,,https://www.shinso-inc.jp/,https://www.shinso-inc.jp/contact,
43,31,2132,株式会社泉宣宏社,http://www.izmi.bz/,http://www.izmi.bz/contact/,H｜店舗内装・設計施工・什器・設備支援,日本ディスプレイ業団体連合会公式構成員：店舗・商業空間の企画設計・施工支援,strategic_valid,受託サービス・地域顧客接点・実フォームを確認,200,200,yes,プロモーション,店舗,,,http://www.izmi.bz/,http://www.izmi.bz/contact/,http://www.izmi.bz/%E4%BA%8B%E6%A5%AD%E5%86%85%E5%AE%B9/ / http://www.izmi.bz/works-list/ / http://www.izmi.bz/business/
43,41,2142,真野背景株式会社,https://mano-haikei.co.jp/,https://mano-haikei.co.jp/%e3%81%8a%e5%95%8f%e5%90%88%e3%81%9b/,H｜店舗内装・設計施工・什器・設備支援,日本ディスプレイ業団体連合会公式構成員：店舗・商業空間の企画設計・施工支援,review_weak_service,集客・制作・広告・販促等の受託根拠を機械確認できず,200,200,yes,,店舗,,,https://mano-haikei.co.jp/,https://mano-haikei.co.jp/%E3%81%8A%E5%95%8F%E5%90%88%E3%81%9B/,
44,1,2152,株式会社スペースＲデザイン,https://www.space-r.net/,https://www.space-r.net/contact,K｜地域不動産・賃貸管理・物件活用支援,日本賃貸住宅管理協会公式会員：地域の賃貸管理・不動産活用支援,strategic_valid,受託サービス・地域顧客接点・実フォームを確認,200,200,yes,ブランディング / プロモーション,店舗 / 美容室 / サロン,不動産仲介,,https://www.space-r.net/,https://www.space-r.net/contact,https://www.space-r.net/renovation_case / https://www.space-r.net/rent/suginomiya/501 / https://www.space-r.net/rent/shintakasago/105
44,11,2162,株式会社センデン,https://www.able-nagano.com/,https://www.able-nagano.com/contact/,K｜地域不動産・賃貸管理・物件活用支援,日本賃貸住宅管理協会公式会員：地域の賃貸管理・不動産活用支援,likely_not_hub,SaaS・機器・商材・不動産管理等の単体支援のみ検出,200,200,no,,店舗,オフィス家具 / 内装工事,,https://www.able-nagano.com/,https://www.able-nagano.com/contact/,https://www.able-nagano.com/owners/ / https://www.able-nagano.com/btob/
44,21,2172,株式会社タカラ,https://e-takara.co.jp/,https://e-takara.co.jp/resident/resident-faq/,K｜地域不動産・賃貸管理・物件活用支援,日本賃貸住宅管理協会公式会員：地域の賃貸管理・不動産活用支援,likely_not_hub,SaaS・機器・商材・不動産管理等の単体支援のみ検出,200,200,yes,,店舗 / 宿泊施設 / ホテル,賃貸管理,,https://e-takara.co.jp/,https://e-takara.co.jp/resident/resident-faq/,https://e-takara.co.jp/business/ / https://e-takara.co.jp/business/company/ / https://e-takara.co.jp/business/our-business/
44,31,2182,株式会社テル・コーポレーション,https://teru-co.co.jp/,https://teru-co.co.jp/contact/,K｜地域不動産・賃貸管理・物件活用支援,日本賃貸住宅管理協会公式会員：地域の賃貸管理・不動産活用支援,strategic_valid,受託サービス・地域顧客接点・実フォームを確認,200,200,yes,サイト制作,不動産会社,賃貸管理,,https://teru-co.co.jp/,https://teru-co.co.jp/contact/,https://teru-co.co.jp/services/ / https://teru-co.co.jp/sponsored-group01/ / https://teru-co.co.jp/sg01_activity-report-24/
44,41,2192,株式会社トレジャールーム,https://www.tr-room.co.jp/,https://www.tr-room.co.jp/shop/contact/shop/,K｜地域不動産・賃貸管理・物件活用支援,日本賃貸住宅管理協会公式会員：地域の賃貸管理・不動産活用支援,review_weak_service,集客・制作・広告・販促等の受託根拠を機械確認できず,200,200,yes,,店舗,,,https://www.tr-room.co.jp/,https://www.tr-room.co.jp/shop/contact/shop/,https://www.tr-room.co.jp/rent/business/rail/ / https://www.tr-room.co.jp/rent/business/area/ / https://www.tr-room.co.jp/rent/business/school/
45,1,2202,スターツピタットハウス株式会社,https://www.starts-ph.co.jp/,https://www.starts-ph.co.jp/mail/formComment/,K｜地域不動産・賃貸管理・物件活用支援,日本賃貸住宅管理協会公式会員：地域の賃貸管理・不動産活用支援,likely_not_hub,SaaS・機器・商材・不動産管理等の単体支援のみ検出,200,200,yes,,店舗 / ホテル,不動産仲介,,https://www.starts-ph.co.jp/,https://www.starts-ph.co.jp/mail/formComment/,https://www.starts-ph.co.jp/business/ / https://www.starts-ph.co.jp/business/sell/ / https://www.starts-ph.co.jp/business/buy/
45,11,2212,株式会社ハウスフレンド,https://www.housefriend.co.jp/,https://www.housefriend.co.jp/contact-us/,K｜地域不動産・賃貸管理・物件活用支援,日本賃貸住宅管理協会公式会員：地域の賃貸管理・不動産活用支援,likely_not_hub,SaaS・機器・商材・不動産管理等の単体支援のみ検出,200,200,yes,,,賃貸管理,,https://www.housefriend.co.jp/,https://www.housefriend.co.jp/contact-us/,https://www.housefriend.co.jp/service-page/ / https://www.housefriend.co.jp/service/management/ / https://www.housefriend.co.jp/service/property/
45,21,2222,株式会社パワープロパティ,https://power-pro.co.jp/,https://power-pro.co.jp/contact/,K｜地域不動産・賃貸管理・物件活用支援,日本賃貸住宅管理協会公式会員：地域の賃貸管理・不動産活用支援,review_weak_service,集客・制作・広告・販促等の受託根拠を機械確認できず,200,200,yes,,不動産会社,,,https://power-pro.co.jp/,https://power-pro.co.jp/contact/,https://power-pro.co.jp/outline/
45,31,2232,株式会社ファミリープロパティ,https://family-property.co.jp/,https://family-property.co.jp/faq/building-trouble/,K｜地域不動産・賃貸管理・物件活用支援,日本賃貸住宅管理協会公式会員：地域の賃貸管理・不動産活用支援,review_weak_service,集客・制作・広告・販促等の受託根拠を機械確認できず,200,200,no,,,,,https://family-property.co.jp/,https://family-property.co.jp/faq/building-trouble/,
45,41,2242,株式会社ブライトエステート,https://www.bright-estate.co.jp/,https://www.bright-estate.co.jp/?page_id=104,K｜地域不動産・賃貸管理・物件活用支援,日本賃貸住宅管理協会公式会員：地域の賃貸管理・不動産活用支援,review_weak_service,集客・制作・広告・販促等の受託根拠を機械確認できず,200,200,no,,店舗,,,https://www.bright-estate.co.jp/,https://www.bright-estate.co.jp/?page_id=104,https://www.bright-estate.co.jp/?page_id=115
46,1,2252,株式会社ベツダイ,https://betsudai.jp:443/,https://betsudai.jp/,K｜地域不動産・賃貸管理・物件活用支援,日本賃貸住宅管理協会公式会員：地域の賃貸管理・不動産活用支援,likely_not_hub,SaaS・機器・商材・不動産管理等の単体支援のみ検出,200,200,yes,,,賃貸管理,,https://betsudai.jp:443/,https://betsudai.jp/,
46,11,2262,株式会社マンセル,https://www.mansell-re.jp/,https://www.mansell-re.jp/contact/,K｜地域不動産・賃貸管理・物件活用支援,日本賃貸住宅管理協会公式会員：地域の賃貸管理・不動産活用支援,review_weak_service,集客・制作・広告・販促等の受託根拠を機械確認できず,200,200,yes,,店舗,,,https://www.mansell-re.jp/,https://www.mansell-re.jp/contact/,https://www.mansell-re.jp/?post_type=renovation / https://www.mansell-re.jp/?post_type=news#038;p=2495
46,21,2272,株式会社メディエイトシップ,https://mediateship.com/,https://mediateship.com/contact/,K｜地域不動産・賃貸管理・物件活用支援,日本賃貸住宅管理協会公式会員：地域の賃貸管理・不動産活用支援,review_weak_service,集客・制作・広告・販促等の受託根拠を機械確認できず,200,200,yes,,不動産会社,,,https://mediateship.com/,https://mediateship.com/contact/,https://mediateship.com/business/
46,31,2282,株式会社ライフアップ,https://lifeap.co.jp/,https://lifeap.co.jp/contact,K｜地域不動産・賃貸管理・物件活用支援,日本賃貸住宅管理協会公式会員：地域の賃貸管理・不動産活用支援,strategic_valid,受託サービス・地域顧客接点・実フォームを確認,200,200,yes,sns運用,不動産会社 / 導入事例,,,https://lifeap.co.jp/,https://lifeap.co.jp/contact/,https://lifeap.co.jp/news/%E3%80%90%E4%BA%8B%E6%A5%AD%E9%83%A8%E7%B4%B9%E4%BB%8B%E3%80%91%EF%BC%BC%E3%80%80%E5%83%8D%E3%81%8F%E3%83%A1%E3%83%B3%E3%83%90%E3%83%BC%E3%81%A8%E3%81%8A%E4%BB%95%E4%BA%8B%E5%86%85%E5%AE%B9%E3%80%80/
46,41,2292,株式会社ランドトラスト,https://landtrust.co.jp/,https://landtrust.co.jp/customer/,K｜地域不動産・賃貸管理・物件活用支援,日本賃貸住宅管理協会公式会員：地域の賃貸管理・不動産活用支援,review_weak_service,集客・制作・広告・販促等の受託根拠を機械確認できず,200,200,no,,不動産会社,,,https://landtrust.co.jp/,https://landtrust.co.jp/customer/,https://landtrust.co.jp/service/ / https://landtrust.co.jp/service/landmaster/ / https://landtrust.co.jp/service/landmaster/voices/
47,1,2302,株式会社ハーフェレジャパン,https://www.hafele.co.jp/ja/,https://www.hafele.co.jp/ja/info/-/-/410/,H｜店舗内装・設計施工・什器・設備支援,インテリア産業協会公式会員：住宅部品（金物、塗料、建具、床材、天井材等）,review_weak_service,集客・制作・広告・販促等の受託根拠を機械確認できず,200,200,yes,,店舗,,,https://www.hafele.co.jp/ja/,https://www.hafele.co.jp/ja/info/-/-/410/,https://www.hafele.co.jp/ja/&#47;ja&%2347;info&%2347;service_and_support&%2347;403&%2347; / https://www.hafele.co.jp/ja/&#47;ja&%2347;info&%2347;-&%2347;service-&%2347;169574&%2347; / https://www.hafele.co.jp/ja/&#47;ja&%2347;info&%2347;-&%2347;haefele-lighting&%2347;185172&%2347;
47,11,2312,株式会社太幸,http://www.taiko.net/,http://www.taiko.net/contact/,I｜小売・スーパー向け店舗設備・販促・システム支援,全国スーパーマーケット協会公式賛助会員：店舗設備・システム・設計・エネルギー,review_weak_service,集客・制作・広告・販促等の受託根拠を機械確認できず,200,200,yes,,店舗,,,http://www.taiko.net/,http://www.taiko.net/contact/,
47,21,2322,田中鉄工株式会社,https://tanaka-iron-works.com/,https://tanaka-iron-works.com/products/formed/,I｜小売・スーパー向け店舗設備・販促・システム支援,全国スーパーマーケット協会公式賛助会員：店舗設備・システム・設計・エネルギー,review_form,実フォームを機械確認できず,200,200,no,プロモーション,小売店,,,https://tanaka-iron-works.com/,https://tanaka-iron-works.com/products/formed/,https://tanaka-iron-works.com/ / https://tanaka-iron-works.com/sdgs/ / https://tanaka-iron-works.com/oil/
47,31,2332,株式会社リロパートナーズ,https://relo-fudosan.jp/,https://relo-fudosan.jp/contact/,K｜地域不動産・賃貸管理・物件活用支援,日本賃貸住宅管理協会公式会員：地域の賃貸管理・不動産活用支援,strategic_valid,受託サービス・地域顧客接点・実フォームを確認,200,200,yes,経営支援,店舗 / 不動産会社 / フランチャイズ,賃貸管理,,https://relo-fudosan.jp/,https://relo-fudosan.jp/contact/,https://relo-fudosan.jp/flow/ / https://relo-fudosan.jp/buysell/ / https://relo-fudosan.jp/borrow/
47,41,2342,株式会社レキオス,https://www.lequios.co.jp/,https://www.lequios.co.jp/contact/,K｜地域不動産・賃貸管理・物件活用支援,日本賃貸住宅管理協会公式会員：地域の賃貸管理・不動産活用支援,likely_not_hub,SaaS・機器・商材・不動産管理等の単体支援のみ検出,200,200,yes,,,賃貸管理,,https://www.lequios.co.jp/,https://www.lequios.co.jp/contact/,https://www.lequios.co.jp/%E3%81%8A%E7%9F%A5%E3%82%89%E3%81%9B/4865/ / https://www.lequios.co.jp/%E3%81%8A%E7%9F%A5%E3%82%89%E3%81%9B/4851/ / https://www.lequios.co.jp/%E3%81%8A%E7%9F%A5%E3%82%89%E3%81%9B/4833/
48,1,2352,株式会社ワン・アイド,https://www.1-eyed.co.jp/,https://www.1-eyed.co.jp/contact/,K｜地域不動産・賃貸管理・物件活用支援,日本賃貸住宅管理協会公式会員：地域の賃貸管理・不動産活用支援,likely_not_hub,SaaS・機器・商材・不動産管理等の単体支援のみ検出,200,200,yes,,,不動産仲介,,https://www.1-eyed.co.jp/,https://www.1-eyed.co.jp/contact/,https://www.1-eyed.co.jp/solution/ / https://www.1-eyed.co.jp/construction/ / https://www.1-eyed.co.jp/welfare/
48,11,2362,株式会社中村不動産,https://www.nakamura-net.co.jp/,https://www.nakamura-net.co.jp/contact,K｜地域不動産・賃貸管理・物件活用支援,日本賃貸住宅管理協会公式会員：地域の賃貸管理・不動産活用支援,review_weak_service,集客・制作・広告・販促等の受託根拠を機械確認できず,200,200,yes,,店舗,,,https://www.nakamura-net.co.jp/,https://www.nakamura-net.co.jp/contact,
48,21,2372,株式会社佐藤不動産,https://www.sato-fudosan.co.jp:443/,https://www.sato-fudosan.co.jp:443/contact/,K｜地域不動産・賃貸管理・物件活用支援,日本賃貸住宅管理協会公式会員：地域の賃貸管理・不動産活用支援,review_weak_service,集客・制作・広告・販促等の受託根拠を機械確認できず,200,200,yes,,店舗,,,https://www.sato-fudosan.co.jp:443/,https://www.sato-fudosan.co.jp:443/contact/,
48,31,2382,株式会社千葉不動産,https://www.chiba-kumiai.jp/,https://www.chiba-kumiai.jp/contact/,K｜地域不動産・賃貸管理・物件活用支援,日本賃貸住宅管理協会公式会員：地域の賃貸管理・不動産活用支援,review_weak_service,集客・制作・広告・販促等の受託根拠を機械確認できず,200,200,yes,,,,,https://www.chiba-kumiai.jp/,https://www.chiba-kumiai.jp/contact/,https://www.chiba-kumiai.jp/#service1 / https://www.chiba-kumiai.jp/#service2 / https://www.chiba-kumiai.jp/#service3
48,41,2392,株式会社城南キャピタル,https://www.jonan-capital.co.jp/,https://www.jonan-capital.co.jp/contact/,K｜地域不動産・賃貸管理・物件活用支援,日本賃貸住宅管理協会公式会員：地域の賃貸管理・不動産活用支援,likely_not_hub,SaaS・機器・商材・不動産管理等の単体支援のみ検出,200,200,yes,,,賃貸管理,,https://www.jonan-capital.co.jp/,https://www.jonan-capital.co.jp/contact/,https://www.jonan-capital.co.jp/management/
49,1,2402,株式会社家屋,https://ie-ieya.co.jp/,https://ie-ieya.co.jp/contents/member?form_mode=1,K｜地域不動産・賃貸管理・物件活用支援,日本賃貸住宅管理協会公式会員：地域の賃貸管理・不動産活用支援,review_weak_service,集客・制作・広告・販促等の受託根拠を機械確認できず,200,200,yes,,店舗,,,https://ie-ieya.co.jp/,https://ie-ieya.co.jp/contents/member?form_mode=1,
49,11,2412,株式会社市原市農協サービス,https://www.ja-ichihara.jp/,https://www.ja-ichihara.jp/contact,K｜地域不動産・賃貸管理・物件活用支援,日本賃貸住宅管理協会公式会員：地域の賃貸管理・不動産活用支援,review_weak_service,集客・制作・広告・販促等の受託根拠を機械確認できず,200,200,yes,,,,,https://www.ja-ichihara.jp/,https://www.ja-ichihara.jp/contact,https://www.ja-ichihara.jp/
49,21,2422,株式会社愛和不動産,https://www.aiwa-f.site/,https://www.aiwa-f.site/contact/,K｜地域不動産・賃貸管理・物件活用支援,日本賃貸住宅管理協会公式会員：地域の賃貸管理・不動産活用支援,review_weak_service,集客・制作・広告・販促等の受託根拠を機械確認できず,200,200,yes,,店舗 / 飲食店,,,https://www.aiwa-f.site/,https://www.aiwa-f.site/contact/,https://www.aiwa-f.site/forbusiness/
49,31,2432,株式会社日本管理システム,http://kanri-s.co.jp/,http://kanri-s.co.jp/contact,K｜地域不動産・賃貸管理・物件活用支援,日本賃貸住宅管理協会公式会員：地域の賃貸管理・不動産活用支援,likely_not_hub,SaaS・機器・商材・不動産管理等の単体支援のみ検出,200,200,yes,,不動産会社,賃貸管理,,http://kanri-s.co.jp/,http://kanri-s.co.jp/contact/,http://kanri-s.co.jp/business/ / http://kanri-s.co.jp/business/#a / http://kanri-s.co.jp/business/#b
49,41,2442,株式会社杉田商事,https://www.sugitasyoji.co.jp/,https://www.sugitasyoji.co.jp/assessment_form,K｜地域不動産・賃貸管理・物件活用支援,日本賃貸住宅管理協会公式会員：地域の賃貸管理・不動産活用支援,review_weak_service,集客・制作・広告・販促等の受託根拠を機械確認できず,200,200,yes,,店舗 / 飲食店,,,https://www.sugitasyoji.co.jp/,https://www.sugitasyoji.co.jp/assessment_form,https://www.sugitasyoji.co.jp/rent_feature/result/232009
50,1,2452,株式会社桜丘住販,https://www.sakura-jh.com/,https://www.sakura-jh.com/contact,K｜地域不動産・賃貸管理・物件活用支援,日本賃貸住宅管理協会公式会員：地域の賃貸管理・不動産活用支援,review_weak_service,集客・制作・広告・販促等の受託根拠を機械確認できず,200,200,yes,,,,,https://www.sakura-jh.com/,https://www.sakura-jh.com/contact/,
50,11,2462,株式会社渋沢不動産,https://www.shibusawa-net.co.jp/,https://www.shibusawa-net.co.jp/contact/,K｜地域不動産・賃貸管理・物件活用支援,日本賃貸住宅管理協会公式会員：地域の賃貸管理・不動産活用支援,likely_not_hub,SaaS・機器・商材・不動産管理等の単体支援のみ検出,200,200,yes,,店舗,賃貸管理,,https://www.shibusawa-net.co.jp/,https://www.shibusawa-net.co.jp/contact/,https://www.shibusawa-net.co.jp/landlord/ / https://www.shibusawa-net.co.jp/landlord/#service / https://www.shibusawa-net.co.jp/tenant/#service
50,21,2472,株式会社石川商事,https://www.smile-home.com/,https://www.smile-home.com/form/,K｜地域不動産・賃貸管理・物件活用支援,日本賃貸住宅管理協会公式会員：地域の賃貸管理・不動産活用支援,likely_not_hub,SaaS・機器・商材・不動産管理等の単体支援のみ検出,200,200,yes,,店舗,賃貸管理,,https://www.smile-home.com/,https://www.smile-home.com/sogo_form/,https://www.smile-home.com/services/bloglist.php?g=140
50,31,2482,株式会社良栄,https://ryoei1991.co.jp/,https://ryoei1991.co.jp/contact/,K｜地域不動産・賃貸管理・物件活用支援,日本賃貸住宅管理協会公式会員：地域の賃貸管理・不動産活用支援,likely_not_hub,SaaS・機器・商材・不動産管理等の単体支援のみ検出,200,200,yes,,店舗,賃貸管理,,https://ryoei1991.co.jp/,https://ryoei1991.co.jp/contact/,https://ryoei1991.co.jp/service/development/ / https://ryoei1991.co.jp/service/leasing/ / https://ryoei1991.co.jp/service/funding/
50,41,2492,株式会社賃貸コーポレーション,https://www.chintai-cop.net/,https://www.chintai-cop.net/?page_id=188,K｜地域不動産・賃貸管理・物件活用支援,日本賃貸住宅管理協会公式会員：地域の賃貸管理・不動産活用支援,likely_not_hub,SaaS・機器・商材・不動産管理等の単体支援のみ検出,200,200,yes,,店舗,不動産仲介,,https://www.chintai-cop.net/,https://www.chintai-cop.net/?page_id=188,https://www.chintai-cop.net/?page_id=725
51,1,2502,JMDインターナショナル株式会社,https://xn--ycrq3a1i928e9h3b.jp/,https://xn--ycrq3a1i928e9h3b.jp/page6.html,S｜地域印刷・販促・Web支援,印刷工業組合公式会員：印刷・販促・企画制作,review_weak_service,集客・制作・広告・販促等の受託根拠を機械確認できず,200,200,yes,,,,,https://xn--ycrq3a1i928e9h3b.jp/,https://xn--ycrq3a1i928e9h3b.jp/page6.html,https://xn--ycrq3a1i928e9h3b.jp/page9.html
51,11,2512,日本貿易印刷株式会社,https://nichiboh.co.jp/,https://nichiboh.co.jp/contact/,S｜地域印刷・販促・Web支援,印刷工業組合公式会員：印刷・販促・企画制作,strategic_valid,受託サービス・地域顧客接点・実フォームを確認,200,200,yes,サイト制作 / 販促支援 / プロモーション / seo対策 / マーケティング支援,整備工場 / 顧客企業 / 導入事例,,,https://nichiboh.co.jp/,https://nichiboh.co.jp/contact/,https://nichiboh.co.jp/business/ / https://nichiboh.co.jp/business/ / https://nichiboh.co.jp/business/
51,21,2522,株式会社アド・マインド,https://admind.jp/,https://admind.jp/contact,S｜地域印刷・販促・Web支援,印刷工業組合公式会員：印刷・販促・企画制作,strategic_valid,受託サービス・地域顧客接点・実フォームを確認,200,200,yes,プロモーション,店舗 / 歯科 / ホテル / クライアント,,,https://admind.jp/,https://admind.jp/contact,https://admind.jp/works
51,31,2532,株式会社太洋社印刷所,https://www.taiyosha-insatsu.co.jp/,https://www.taiyosha-insatsu.co.jp/,S｜地域印刷・販促・Web支援,印刷工業組合公式会員：印刷・販促・企画制作,review_form,実フォームを機械確認できず,200,200,no,サイト制作 / 販促支援 / 販売促進 / 動画制作 / ブランディング,店舗 / クライアント,,,https://www.taiyosha-insatsu.co.jp/,https://www.taiyosha-insatsu.co.jp/,https://www.taiyosha-insatsu.co.jp/#service / https://www.taiyosha-insatsu.co.jp/service/support/ / https://www.taiyosha-insatsu.co.jp/service/creative/
51,41,2542,笹氣出版印刷株式会社,https://www.sasappa.co.jp/index.html,https://www.sasappa.co.jp/contact/inquiry.html,S｜地域印刷・販促・Web支援,印刷工業組合公式会員：印刷・販促・企画制作,review_weak_hub,複数の地域事業者との顧客接点を機械確認できず,200,200,yes,サイト制作,,,,https://www.sasappa.co.jp/index.html,https://www.sasappa.co.jp/contact/inquiry.html,https://www.sasappa.co.jp/work.html / https://www.sasappa.co.jp/service.html / https://www.sasappa.co.jp/service-production.html
52,1,2552,アールプロセス株式会社,https://r-pro.co.jp/,https://r-pro.co.jp/contact/,S｜地域印刷・販促・Web支援,東京都印刷工業組合Connect公式会員：印刷・販促・企画・Web制作,review_weak_service,集客・制作・広告・販促等の受託根拠を機械確認できず,200,200,yes,,クライアント,,,https://r-pro.co.jp/,https://r-pro.co.jp/contact/,https://r-pro.co.jp/service/ / https://r-pro.co.jp/service/prepress/ / https://r-pro.co.jp/service/proof/
52,11,2562,岩岡印刷工業株式会社,https://www.iwaoka.co.jp/,https://www.iwaoka.co.jp/contact/,S｜地域印刷・販促・Web支援,東京都印刷工業組合Connect公式会員：印刷・販促・企画・Web制作,review_weak_service,集客・制作・広告・販促等の受託根拠を機械確認できず,200,200,yes,,クライアント,,,https://www.iwaoka.co.jp/,https://www.iwaoka.co.jp/contact/,https://www.iwaoka.co.jp/service/ / https://www.iwaoka.co.jp/service/print/ / https://www.iwaoka.co.jp/service/binding/
52,21,2572,有限会社鈴木商店,https://suzukisyouten103608.com/,https://suzukisyouten103608.com/,S｜地域印刷・販促・Web支援,東京都印刷工業組合Connect公式会員：印刷・販促・企画・Web制作,review_weak_service,集客・制作・広告・販促等の受託根拠を機械確認できず,200,200,yes,,,,,https://suzukisyouten103608.com/,https://suzukisyouten103608.com/,https://suzukisyouten103608.com/#section-100
52,31,2582,株式会社久栄社,https://www.kyueisha.com/,https://www.kyueisha.com/お問い合わせ/,S｜地域印刷・販促・Web支援,東京都印刷工業組合Connect公式会員：印刷・販促・企画・Web制作,strategic_valid,受託サービス・地域顧客接点・実フォームを確認,200,200,yes,広告代理 / 動画制作 / プロモーション / 制作会社,飲食店 / ホテル / 旅館 / クライアント,,,https://www.kyueisha.com/,https://www.kyueisha.com/%E3%81%8A%E5%95%8F%E3%81%84%E5%90%88%E3%82%8F%E3%81%9B/,https://www.kyueisha.com/printing-service/ / https://www.kyueisha.com/printing-service/3d%E3%83%88%E3%83%AA%E3%83%83%E3%82%AF%E3%82%A2%E3%83%BC%E3%83%88%E3%83%97%E3%83%AA%E3%83%B3%E3%83%88/ / https://www.kyueisha.com/printing-service/3d%E3%83%88%E3%83%AA%E3%83%83%E3%82%AF%E3%82%A2%E3%83%BC%E3%83%88%E3%83%97%E3%83%AA%E3%83%B3%E3%83%88/%E3%82%B5%E3%83%B3%E3%83%97%E3%83%AB%E4%BA%8B%E4%BE%8B/
52,41,2592,株式会社昇文堂,https://www.shobundo.org/,https://www.shobundo.org/contact/mitsumori_others/,S｜地域印刷・販促・Web支援,東京都印刷工業組合Connect公式会員：印刷・販促・企画・Web制作,review_weak_service,集客・制作・広告・販促等の受託根拠を機械確認できず,200,200,yes,,工務店,,,https://www.shobundo.org/,https://www.shobundo.org/contact/mitsumori_others/,
53,1,2602,石牧印刷株式会社,https://isimakiinsatu.com/,https://isimakiinsatu.com/%e3%81%8a%e5%95%8f%e3%81%84%e5%90%88%e3%82%8f%e3%81%9b/,S｜地域印刷・販促・Web支援,東京都印刷工業組合Connect公式会員：印刷・販促・企画・Web制作,review_weak_service,集客・制作・広告・販促等の受託根拠を機械確認できず,200,200,yes,,,,,https://isimakiinsatu.com/,https://isimakiinsatu.com/%E3%81%8A%E5%95%8F%E3%81%84%E5%90%88%E3%82%8F%E3%81%9B/,
53,11,2612,株式会社プリンティアナカヤマ,https://www.printia.co.jp/,http://www.printia.co.jp/contact/,S｜地域印刷・販促・Web支援,長野県印刷工業組合公式会員：印刷・販促・企画制作,review_weak_service,集客・制作・広告・販促等の受託根拠を機械確認できず,200,200,yes,,制作実績,,,https://www.printia.co.jp/,https://www.printia.co.jp/test/newcontact/,https://www.printia.co.jp/service/ / https://www.printia.co.jp/result/ / https://www.printia.co.jp/service/sp_toner.html
53,21,2622,株式会社DIPalette,https://www.dip.co.jp/,https://www.dip.co.jp/contact/,S｜地域印刷・販促・Web支援,新潟県印刷工業組合公式会員：印刷・販促・企画制作,strategic_valid,受託サービス・地域顧客接点・実フォームを確認,200,200,yes,プロモーション,店舗 / 飲食店 / ホテル / 観光,,,https://www.dip.co.jp/,https://www.dip.co.jp/contact/,https://www.dip.co.jp/ / https://www.dip.co.jp/printingsolution/ / https://www.dip.co.jp/printingsolution/#kiwami
53,31,2632,株式会社ＴＡＰＰ,https://tapp-co.jp/,https://tapp-co.jp/contact/,K｜地域不動産・賃貸管理・物件活用支援,日本賃貸住宅管理協会公式会員：地域の賃貸管理・不動産活用支援,review_weak_hub,複数の地域事業者との顧客接点を機械確認できず,200,200,yes,ブランディング,,,,https://tapp-co.jp/,https://tapp-co.jp/contact/,https://tapp-co.jp/business/ / https://tapp-co.jp/service/ / https://tapp-co.jp/business/seminar/
53,41,2642,田畑土地株式会社,https://www.tabata-tochi.com/,https://www.tabata-tochi.com/karitai/,K｜地域不動産・賃貸管理・物件活用支援,日本賃貸住宅管理協会公式会員：地域の賃貸管理・不動産活用支援,likely_not_hub,SaaS・機器・商材・不動産管理等の単体支援のみ検出,200,200,yes,,,賃貸管理,,https://www.tabata-tochi.com/,https://www.tabata-tochi.com/karitai/,
54,1,2652,茅ヶ崎不動産株式会社,https://chigasaki-fudousan.co.jp/,https://chigasaki-fudousan.co.jp/contact/,K｜地域不動産・賃貸管理・物件活用支援,日本賃貸住宅管理協会公式会員：地域の賃貸管理・不動産活用支援,review_weak_service,集客・制作・広告・販促等の受託根拠を機械確認できず,200,200,yes,,店舗,,,https://chigasaki-fudousan.co.jp/,https://chigasaki-fudousan.co.jp/contact/,
54,11,2662,青山物産株式会社,https://aoyamabussan.co.jp/,https://aoyamabussan.co.jp/contact/,K｜地域不動産・賃貸管理・物件活用支援,日本賃貸住宅管理協会公式会員：地域の賃貸管理・不動産活用支援,likely_not_hub,SaaS・機器・商材・不動産管理等の単体支援のみ検出,200,200,yes,,不動産会社,賃貸管理 / 不動産仲介,,https://aoyamabussan.co.jp/,https://aoyamabussan.co.jp/contact/,https://aoyamabussan.co.jp/#service
54,21,2672,有限会社紫波印刷,https://print-shiwa.co.jp/,https://print-shiwa.co.jp/contact,S｜地域印刷・販促・Web支援,県印刷工業組合公式会員：印刷・販促・企画制作,review_weak_service,集客・制作・広告・販促等の受託根拠を機械確認できず,200,200,yes,,観光,,,https://print-shiwa.co.jp/,https://print-shiwa.co.jp/contact,https://print-shiwa.co.jp/menu
54,31,2682,株式会社DNET,https://www.dnet-pub.com/,https://www.dnet-pub.com/contact,S｜地域印刷・販促物・ポスティング支援,大阪府印刷工業組合公式会員：商業印刷・販促物・企画制作,strategic_valid,受託サービス・地域顧客接点・実フォームを確認,200,200,yes,サイト制作 / 動画制作,店舗,教材,,https://www.dnet-pub.com/,https://www.dnet-pub.com/contact,https://www.dnet-pub.com/
54,41,2692,株式会社キングプリンターズ,https://kingprinters.com/,https://kingprinters.com/quickdesign/info/faq,S｜地域印刷・販促物・ポスティング支援,大阪府印刷工業組合公式会員：商業印刷・販促物・企画制作,strategic_valid,受託サービス・地域顧客接点・実フォームを確認,200,200,yes,販売促進 / プロモーション,店舗 / 美容室 / サロン / 飲食店 / ホテル,教材,,https://kingprinters.com/,https://kingprinters.com/quickdesign/info/faq,https://kingprinters.com/naire/novelty-info/nosibako#plasticcase / https://kingprinters.com/quickdesign/templates/maskcase / https://kingprinters.com/quickdesign/info/map
55,1,2702,株式会社TRUST,https://trust-doctor.co.jp/,https://trust-doctor.co.jp/contact.html,A｜医院・クリニック開業・経営支援,医院・クリニック顧客＋開業・経営・運営支援,review_weak_service,集客・制作・広告・販促等の受託根拠を機械確認できず,200,200,yes,,店舗 / 医院 / クリニック / 歯科,,,https://trust-doctor.co.jp/,https://trust-doctor.co.jp/contact.html,https://trust-doctor.co.jp/result.html
55,11,2712,株式会社ケイジェンド・プロダクツ,https://www.insatu.co.jp/,https://www.insatu.co.jp/contact2/,S｜地域広告・販促・Web支援,公式サイト確認：Web制作＋広告・マーケティング・SNS＋継続支援,review_weak_service,集客・制作・広告・販促等の受託根拠を機械確認できず,200,200,yes,,クライアント,,,https://www.insatu.co.jp/,https://www.insatu.co.jp/contact2/,https://www.insatu.co.jp/pack_f/ / https://www.insatu.co.jp/analysis/ / https://www.insatu.co.jp/case-study/
55,21,2722,赤木印刷株式会社,https://www.akagi-printing.co.jp/,https://www.akagi-printing.co.jp/inquiry/index.php,S｜地域広告・販促・Web支援,公式サイト確認：Web制作＋広告＋継続支援,strategic_valid,受託サービス・地域顧客接点・実フォームを確認,200,200,yes,販売促進 / ブランディング / プロモーション,店舗 / クライアント,,,https://www.akagi-printing.co.jp/,https://www.akagi-printing.co.jp/inquiry/index.php,https://www.akagi-printing.co.jp/products/ / https://www.akagi-printing.co.jp/commit/index.php?id=pl3
55,31,2732,整骨院web,https://seikotsuinweb.com/,https://seikotsuinweb.com/,S｜整骨院・治療院特化Web・集客支援,公式サイト確認：整骨院・治療院顧客＋Web／広告／SNSの受託運用,review_weak_hub,複数の地域事業者との顧客接点を機械確認できず,200,200,yes,ホームページ制作 / サイト制作 / 広告運用 / seo対策 / 制作会社,,予約システム,,https://seikotsuinweb.com/,https://seikotsuinweb.com/,https://seikotsuinweb.com/#services
55,41,2742,株式会社CoCoDigi,https://cocodigi.co.jp/,https://cocodigi.co.jp/,A｜地域広告・販促・Web支援,地域中小事業者顧客＋Web制作＋SNS広告運用,strategic_valid,受託サービス・地域顧客接点・実フォームを確認,200,200,yes,sns運用,店舗 / 中小企業,,,https://cocodigi.co.jp/,https://cocodigi.co.jp/,https://cocodigi.co.jp/%E5%A5%B3%E6%80%A7%E3%81%AE%E3%83%87%E3%82%B8%E3%82%BF%E3%83%AB%E4%BA%BA%E6%9D%90%E8%82%B2%E6%88%90%E4%BA%8B%E6%A5%AD%E3%80%81%E3%82%B9%E3%82%BF%E3%83%BC%E3%83%88%E3%81%97%E3%81%BE%E3%81%99/ / https://cocodigi.co.jp/kintone_menu/
56,1,2752,不動くん株式会社,https://www.fudoukun.jp/,https://www.fudoukun.jp/contact/,S｜不動産会社特化Web・集客支援,不動産会社顧客＋Web集客＋公開後運用支援,strategic_valid,受託サービス・地域顧客接点・実フォームを確認,200,200,yes,プロモーション / seo対策 / meo対策 / 制作会社,店舗 / 不動産会社 / 導入事例,賃貸管理,,https://www.fudoukun.jp/,https://www.fudoukun.jp/contact/,https://www.fudoukun.jp/works / https://www.fudoukun.jp/category/what-new/service/
56,11,2762,株式会社MIALI,https://miali.co.jp/,https://miali.co.jp/,A｜地域Web・SNS運用支援,地域事業者・店舗顧客＋Web制作＋SNSまたは広告の継続運用,review_form,実フォームを機械確認できず,200,200,no,web制作 / ホームページ制作 / サイト制作 / 集客支援 / 広告運用,飲食店 / 宿泊施設 / 中小企業,クラウドサービス,,https://miali.co.jp/,https://miali.co.jp/,https://miali.co.jp/services/ / https://miali.co.jp/it-consulting/ / https://miali.co.jp/ses/
56,21,2772,株式会社ベルストラード,https://www.berstrads.com/,https://www.berstrads.com/contact,S｜飲食・観光SNS集客支援,地域事業者・店舗顧客＋Web制作＋SNSまたは広告の継続運用,strategic_valid,受託サービス・地域顧客接点・実フォームを確認,200,200,yes,集客支援 / sns運用 / 動画制作 / ブランディング / プロモーション,店舗 / 飲食店 / 観光,研修サービス,,https://www.berstrads.com/,https://www.berstrads.com/contact,https://www.berstrads.com/works / https://www.berstrads.com/%E7%A7%81%E3%81%9F%E3%81%A1%E3%81%AB%E3%81%A4%E3%81%84%E3%81%A6
56,31,2782,株式会社小橋印刷,https://www.kobashiprinting.co.jp/,https://www.kobashiprinting.co.jp/contact/,A｜地域販促・広告クリエイティブ支援,公式組合会員＋商業印刷＋販促物・企画制作,review_weak_service,集客・制作・広告・販促等の受託根拠を機械確認できず,200,200,yes,,店舗,,,https://www.kobashiprinting.co.jp/,https://www.kobashiprinting.co.jp/contact/,https://www.kobashiprinting.co.jp/about/ / https://www.kobashiprinting.co.jp/category/works/ / https://www.kobashiprinting.co.jp/about/
56,41,2792,株式会社秀永,https://syuei-inc.co.jp/,https://syuei-inc.co.jp/contact/,A｜地域販促・広告クリエイティブ支援,公式組合会員＋商業印刷＋販促物・企画制作,review_weak_service,集客・制作・広告・販促等の受託根拠を機械確認できず,200,200,yes,,自動車販売,,,https://syuei-inc.co.jp/,https://syuei-inc.co.jp/contact/,https://syuei-inc.co.jp/service/ / https://syuei-inc.co.jp/service/corporate-services/ / https://syuei-inc.co.jp/service/corporate-printing/
57,1,2802,株式会社ブンテック,http://buntec.e-shigotonin.net/,http://buntec.e-shigotonin.net/%E3%81%8A%E5%95%8F%E3%81%84%E5%90%88%E3%82%8F%E3%81%9B/,A｜地域広告・販促・Web支援,公式サイト確認：企画力・デザイン,review_weak_service,集客・制作・広告・販促等の受託根拠を機械確認できず,200,200,yes,,,,,http://buntec.e-shigotonin.net/,http://buntec.e-shigotonin.net/%E3%81%8A%E5%95%8F%E3%81%84%E5%90%88%E3%82%8F%E3%81%9B/,
57,11,2812,株式会社ユー・エス・シー,https://www.ca-usc.com/,https://www.ca-usc.com/%E3%81%8A%E5%95%8F%E3%81%84%E5%90%88%E3%82%8F%E3%81%9B/,A｜地域広告・販促・Web支援,公式サイト確認：マーケティング＋広告代理,strategic_valid,受託サービス・地域顧客接点・実フォームを確認,200,200,yes,広告代理,クライアント,,,https://www.ca-usc.com/,https://www.ca-usc.com/%E3%81%8A%E5%95%8F%E3%81%84%E5%90%88%E3%82%8F%E3%81%9B/,
57,21,2822,株式会社中日広告社,http://www.chunichi-koh.co.jp/,http://www.chunichi-koh.co.jp/contact/,A｜地域広告・販促・Web支援,公式サイト確認：プロモーション,strategic_valid,受託サービス・地域顧客接点・実フォームを確認,200,200,yes,プロモーション / 出店支援,店舗,教材,,http://www.chunichi-koh.co.jp/,http://www.chunichi-koh.co.jp/contact/,http://www.chunichi-koh.co.jp/logistics/ / http://www.chunichi-koh.co.jp/logistics/
57,31,2832,富士高速印刷株式会社,https://fujikousoku.co.jp/,https://fujikousoku.co.jp/contact/,A｜地域広告・販促・Web支援,公式サイト確認：WEB制作＋web制作＋ブランディング＋プロモーション＋マーケティング＋企画デザイン,strategic_valid,受託サービス・地域顧客接点・実フォームを確認,200,200,yes,web制作 / サイト制作 / デジタルマーケ / 広告運用 / ブランディング,店舗 / クライアント,,,https://fujikousoku.co.jp/,https://fujikousoku.co.jp/contact/,https://fujikousoku.co.jp/service/ / https://fujikousoku.co.jp/service/%E5%95%86%E6%A5%AD%E5%8D%B0%E5%88%B7/ / https://fujikousoku.co.jp/web%E9%96%A2%E9%80%A3/
57,41,2842,有限会社高木印刷所,http://kobe-takagi.co.jp/,https://kobe-takagi.co.jp/cta/,A｜地域広告・販促・Web支援,公式サイト確認：マーケティング＋動画制作,strategic_valid,受託サービス・地域顧客接点・実フォームを確認,200,200,yes,sns運用 / 動画制作,中小企業,,,http://kobe-takagi.co.jp/,https://kobe-takagi.co.jp/cta/,https://kobe-takagi.co.jp/syouhin/ / https://kobe-takagi.co.jp/%E5%8B%95%E7%94%BB%E4%BD%9C%E6%88%90%E3%83%BB%E3%83%81%E3%83%A3%E3%83%B3%E3%83%8D%E3%83%AB%E9%81%8B%E5%96%B6%E3%82%B5%E3%83%BC%E3%83%93%E3%82%B9/
