company_name,url,address,phone,contact_url,区分,検出ワード,source_url,profile_url,company_confirmed,fetch
(株)エージーエーコーポレーション,https://www.aza.co.jp/,,,https://www.aza.co.jp/contact/,H｜店舗内装・設計施工・什器・設備支援,日本ディスプレイ業団体連合会公式構成員：店舗・商業空間の企画設計・施工支援,https://www.display.or.jp/memberslist/memlist.php,https://www.aza.co.jp/,no,ok
(株)デイズ,https://deis.jp/,,,,H｜店舗内装・設計施工・什器・設備支援,日本ディスプレイ業団体連合会公式構成員：店舗・商業空間の企画設計・施工支援,https://www.display.or.jp/memberslist/memlist.php,https://deis.jp/,no,ok
(株)ドリームファング,https://dreamfang-japan.com/,,,https://dreamfang-japan.com/?page_id=781,H｜店舗内装・設計施工・什器・設備支援,日本ディスプレイ業団体連合会公式構成員：店舗・商業空間の企画設計・施工支援,https://www.display.or.jp/memberslist/memlist.php,https://dreamfang-japan.com/,no,ok
(株)ＹＡＴＴＥＭＩＲＵ,https://yattemiru.co.jp/,,,https://yattemiru.co.jp/contact/,H｜店舗内装・設計施工・什器・設備支援,日本ディスプレイ業団体連合会公式構成員：店舗・商業空間の企画設計・施工支援,https://www.display.or.jp/memberslist/memlist.php,https://yattemiru.co.jp/,no,ok
TSP太陽株式会社名古屋営業所,https://www.tsp-taiyo.co.jp/,,,,H｜店舗内装・設計施工・什器・設備支援,日本ディスプレイ業団体連合会公式構成員：店舗・商業空間の企画設計・施工支援,https://www.display.or.jp/memberslist/memlist.php,https://www.tsp-taiyo.co.jp/,no,ok
てんねん企画株式会社,http://www.tennen.co.jp/,,,,H｜店舗内装・設計施工・什器・設備支援,日本ディスプレイ業団体連合会公式構成員：店舗・商業空間の企画設計・施工支援,https://www.display.or.jp/memberslist/memlist.php,http://www.tennen.co.jp/,no,ok
まどか株式会社,http://www.spmadoka.co.jp/,,,,H｜店舗内装・設計施工・什器・設備支援,日本ディスプレイ業団体連合会公式構成員：店舗・商業空間の企画設計・施工支援,https://www.display.or.jp/memberslist/memlist.php,http://www.spmadoka.co.jp/,no,ok
アイテック株式会社,https://www.aitec-j.com/,,,https://www.aitec-j.com/service/facility/information,H｜店舗内装・設計施工・什器・設備支援,日本ディスプレイ業団体連合会公式構成員：店舗・商業空間の企画設計・施工支援,https://www.display.or.jp/memberslist/memlist.php,https://www.aitec-j.com/company/news/,yes,ok
アサヒアイドマ株式会社,https://aidma.ne.jp/,,,https://aidma.ne.jp/contact/,H｜店舗内装・設計施工・什器・設備支援,日本ディスプレイ業団体連合会公式構成員：店舗・商業空間の企画設計・施工支援,https://www.display.or.jp/memberslist/memlist.php,https://aidma.ne.jp/company/,yes,ok
アサヒ装飾株式会社,https://www.asahi-soushoku.co.jp/,,,https://www.asahi-soushoku.co.jp/inquiry/,H｜店舗内装・設計施工・什器・設備支援,日本ディスプレイ業団体連合会公式構成員：店舗・商業空間の企画設計・施工支援,https://www.display.or.jp/memberslist/memlist.php,https://www.asahi-soushoku.co.jp/company/,yes,ok
アズコーポレーション株式会社,https://www.azcorp.co.jp/,,,https://www.azcorp.co.jp/contact/,H｜店舗内装・設計施工・什器・設備支援,日本ディスプレイ業団体連合会公式構成員：店舗・商業空間の企画設計・施工支援,https://www.display.or.jp/memberslist/memlist.php,https://www.azcorp.co.jp/company/,yes,ok
アドグラフィ株式会社,https://adgraphy.net/,,,https://adgraphy.net/contact.html,H｜店舗内装・設計施工・什器・設備支援,日本ディスプレイ業団体連合会公式構成員：店舗・商業空間の企画設計・施工支援,https://www.display.or.jp/memberslist/memlist.php,https://adgraphy.net/,no,ok
アートユニオン株式会社,https://www.art-union.co.jp/,,,https://www.art-union.co.jp/contact/,H｜店舗内装・設計施工・什器・設備支援,日本ディスプレイ業団体連合会公式構成員：店舗・商業空間の企画設計・施工支援,https://www.display.or.jp/memberslist/memlist.php,https://www.art-union.co.jp/company/,yes,ok
ウイング株式会社,https://wing1985.com/,,,http://wing1985.com/contact/,H｜店舗内装・設計施工・什器・設備支援,日本ディスプレイ業団体連合会公式構成員：店舗・商業空間の企画設計・施工支援,https://www.display.or.jp/memberslist/memlist.php,https://wing1985.com/%E4%BC%9A%E7%A4%BE%E6%A6%82%E8%A6%81-2/,yes,ok
ウエル・ユーカン株式会社,https://www.welu-kan.co.jp/,,,https://www.welu-kan.co.jp/contact/index.html,H｜店舗内装・設計施工・什器・設備支援,日本ディスプレイ業団体連合会公式構成員：店舗・商業空間の企画設計・施工支援,https://www.display.or.jp/memberslist/memlist.php,https://www.welu-kan.co.jp/,no,ok
エイアンドアイ株式会社,http://www.a-and-i.jp/,,,,H｜店舗内装・設計施工・什器・設備支援,日本ディスプレイ業団体連合会公式構成員：店舗・商業空間の企画設計・施工支援,https://www.display.or.jp/memberslist/memlist.php,http://www.a-and-i.jp/,no,ok
エイトレント株式会社,https://www.eightrent.co.jp:443/,,,https://www.eightrent.co.jp:443/contact/,H｜店舗内装・設計施工・什器・設備支援,日本ディスプレイ業団体連合会公式構成員：店舗・商業空間の企画設計・施工支援,https://www.display.or.jp/memberslist/memlist.php,https://www.eightrent.co.jp:443/company/,yes,ok
エントロス株式会社,http://www.endlos.jp/,,,,H｜店舗内装・設計施工・什器・設備支援,日本ディスプレイ業団体連合会公式構成員：店舗・商業空間の企画設計・施工支援,https://www.display.or.jp/memberslist/memlist.php,http://www.endlos.jp/,no,ok
エービーシー株式会社,http://www.abc-ad.co.jp/,,,http://www.abc-ad.co.jp/contact/,H｜店舗内装・設計施工・什器・設備支援,日本ディスプレイ業団体連合会公式構成員：店舗・商業空間の企画設計・施工支援,https://www.display.or.jp/memberslist/memlist.php,http://www.abc-ad.co.jp/,no,ok
クニトミ工芸,https://www.kunitomi.jp/,,,,H｜店舗内装・設計施工・什器・設備支援,日本ディスプレイ業団体連合会公式構成員：店舗・商業空間の企画設計・施工支援,https://www.display.or.jp/memberslist/memlist.php,,no,HTTPError
クレアプランニング株式会社,https://www.crea-p.co.jp/,,,https://www.crea-p.co.jp/contact/,H｜店舗内装・設計施工・什器・設備支援,日本ディスプレイ業団体連合会公式構成員：店舗・商業空間の企画設計・施工支援,https://www.display.or.jp/memberslist/memlist.php,https://www.crea-p.co.jp/about/,yes,ok
コーユーレンティア株式会社 関西支店,https://www.koyou.co.jp/,,,,H｜店舗内装・設計施工・什器・設備支援,日本ディスプレイ業団体連合会公式構成員：店舗・商業空間の企画設計・施工支援,https://www.display.or.jp/memberslist/memlist.php,https://www.koyou.co.jp/,no,ok
サカタラボステーション株式会社,https://labostation.co.jp/,,,,H｜店舗内装・設計施工・什器・設備支援,日本ディスプレイ業団体連合会公式構成員：店舗・商業空間の企画設計・施工支援,https://www.display.or.jp/memberslist/memlist.php,https://labostation.co.jp/,no,ok
サクラインターナショナル株式会社,https://www.sakurain.co.jp/,,,https://www.sakurain.co.jp/contact/index.html,H｜店舗内装・設計施工・什器・設備支援,日本ディスプレイ業団体連合会公式構成員：店舗・商業空間の企画設計・施工支援,https://www.display.or.jp/memberslist/memlist.php,https://www.sakurain.co.jp/,yes,ok
サンプロダクト株式会社,https://www.sun-product.co.jp/,,,https://www.sun-product.co.jp/contact/,H｜店舗内装・設計施工・什器・設備支援,日本ディスプレイ業団体連合会公式構成員：店舗・商業空間の企画設計・施工支援,https://www.display.or.jp/memberslist/memlist.php,https://www.sun-product.co.jp/about/,yes,ok
サードエイジ株式会社,https://thirdage-bin.com/,,,https://thirdage-bin.com/contact/labor-dispatch-law/,H｜店舗内装・設計施工・什器・設備支援,日本ディスプレイ業団体連合会公式構成員：店舗・商業空間の企画設計・施工支援,https://www.display.or.jp/memberslist/memlist.php,https://thirdage-bin.com/company/,yes,ok
シーケークリーンアド株式会社,https://www.ck-clean-ad.co.jp/,,,https://www.ck-clean-ad.co.jp/contact/,H｜店舗内装・設計施工・什器・設備支援,日本ディスプレイ業団体連合会公式構成員：店舗・商業空間の企画設計・施工支援,https://www.display.or.jp/memberslist/memlist.php,https://www.ck-clean-ad.co.jp/company/access.html,yes,ok
ジーク株式会社,https://zycc.jp/,,,https://zycc.jp/スマホお問い合わせ/,H｜店舗内装・設計施工・什器・設備支援,日本ディスプレイ業団体連合会公式構成員：店舗・商業空間の企画設計・施工支援,https://www.display.or.jp/memberslist/memlist.php,https://zycc.jp/%E4%BC%9A%E7%A4%BE%E6%A6%82%E8%A6%81/,yes,ok
ジーク株式会社東京店,https://zycc.jp/,,,https://zycc.jp/スマホお問い合わせ/,H｜店舗内装・設計施工・什器・設備支援,日本ディスプレイ業団体連合会公式構成員：店舗・商業空間の企画設計・施工支援,https://www.display.or.jp/memberslist/memlist.php,https://zycc.jp/,no,ok
スガ電工株式会社,https://www.suga-denko.jp/,,,,H｜店舗内装・設計施工・什器・設備支援,日本ディスプレイ業団体連合会公式構成員：店舗・商業空間の企画設計・施工支援,https://www.display.or.jp/memberslist/memlist.php,https://www.suga-denko.jp/,no,ok
スペースデザインシステム,http://s2design.jimdo.com/,,,,H｜店舗内装・設計施工・什器・設備支援,日本ディスプレイ業団体連合会公式構成員：店舗・商業空間の企画設計・施工支援,https://www.display.or.jp/memberslist/memlist.php,,no,SSLError
セコムエンジニアリング株式会社仙台支社,http://www.secom-tep.co.jp/,,,https://www.secom-tep.co.jp/contact,H｜店舗内装・設計施工・什器・設備支援,日本ディスプレイ業団体連合会公式構成員：店舗・商業空間の企画設計・施工支援,https://www.display.or.jp/memberslist/memlist.php,http://www.secom-tep.co.jp/,no,ok
セリアート株式会社,https://www.seriart.co.jp/,,,,H｜店舗内装・設計施工・什器・設備支援,日本ディスプレイ業団体連合会公式構成員：店舗・商業空間の企画設計・施工支援,https://www.display.or.jp/memberslist/memlist.php,,no,SSLError
ダイニック・ジュノ株式会社,http://www.dyjuno.co.jp,,,,H｜店舗内装・設計施工・什器・設備支援,日本ディスプレイ業団体連合会公式構成員：店舗・商業空間の企画設計・施工支援,https://www.display.or.jp/memberslist/memlist.php,,no,SSLError
デザインルーツ株式会社,https://www.designro-ts.com/,,,,H｜店舗内装・設計施工・什器・設備支援,日本ディスプレイ業団体連合会公式構成員：店舗・商業空間の企画設計・施工支援,https://www.display.or.jp/memberslist/memlist.php,https://www.designro-ts.com/,no,ok
トップサイン,https://www.showado.co.jp/,,,https://www.showado.co.jp/contact/,H｜店舗内装・設計施工・什器・設備支援,日本ディスプレイ業団体連合会公式構成員：店舗・商業空間の企画設計・施工支援,https://www.display.or.jp/memberslist/memlist.php,https://www.showado.co.jp/,no,ok
トーアン株式会社 盛岡営業所,https://toansafety.jp/,,,https://toansafety.jp/contact/,H｜店舗内装・設計施工・什器・設備支援,日本ディスプレイ業団体連合会公式構成員：店舗・商業空間の企画設計・施工支援,https://www.display.or.jp/memberslist/memlist.php,https://toansafety.jp/,no,ok
トーギ株式会社,http://www.tohgi.com/,,,,H｜店舗内装・設計施工・什器・設備支援,日本ディスプレイ業団体連合会公式構成員：店舗・商業空間の企画設計・施工支援,https://www.display.or.jp/memberslist/memlist.php,http://www.tohgi.com/,no,ok
ナカダ株式会社,https://nkdinc.co.jp/,,,https://nkdinc.co.jp/inquiry/,H｜店舗内装・設計施工・什器・設備支援,日本ディスプレイ業団体連合会公式構成員：店舗・商業空間の企画設計・施工支援,https://www.display.or.jp/memberslist/memlist.php,https://nkdinc.co.jp/outline/,yes,ok
ニッケン産業株式会社,http://www.nikkensangyo.jp/,,,,H｜店舗内装・設計施工・什器・設備支援,日本ディスプレイ業団体連合会公式構成員：店舗・商業空間の企画設計・施工支援,https://www.display.or.jp/memberslist/memlist.php,http://www.nikkensangyo.jp/,no,ok
ネクスト株式会社,https://www.next-bin.com/,,,https://next-bin.com/company/contact-us/,H｜店舗内装・設計施工・什器・設備支援,日本ディスプレイ業団体連合会公式構成員：店舗・商業空間の企画設計・施工支援,https://www.display.or.jp/memberslist/memlist.php,https://next-bin.com/company/,yes,ok
バンセイ株式会社,https://www.bansei-gp.com/,,,https://www.bansei-gp.com/contact/,H｜店舗内装・設計施工・什器・設備支援,日本ディスプレイ業団体連合会公式構成員：店舗・商業空間の企画設計・施工支援,https://www.display.or.jp/memberslist/memlist.php,https://www.bansei-gp.com/,no,ok
ヒビノメディアテクニカル株式会社,https://www.media-t.co.jp/,,,https://www.media-t.co.jp/contact/,H｜店舗内装・設計施工・什器・設備支援,日本ディスプレイ業団体連合会公式構成員：店舗・商業空間の企画設計・施工支援,https://www.display.or.jp/memberslist/memlist.php,https://www.media-t.co.jp/company/,yes,ok
フクエイ株式会社,https://fukuei-kg.jp/,,,https://fukuei-kg.jp/contact/,H｜店舗内装・設計施工・什器・設備支援,日本ディスプレイ業団体連合会公式構成員：店舗・商業空間の企画設計・施工支援,https://www.display.or.jp/memberslist/memlist.php,https://fukuei-kg.jp/company/,yes,ok
フジヤ広告株式会社,https://fujiyakoukoku.amebaownd.com/,,,,H｜店舗内装・設計施工・什器・設備支援,日本ディスプレイ業団体連合会公式構成員：店舗・商業空間の企画設計・施工支援,https://www.display.or.jp/memberslist/memlist.php,https://fujiyakoukoku.amebaownd.com/pages/787985/profile,yes,ok
ミライノ株式会社,https://miraino-logi.co.jp/,,,https://miraino-logi.co.jp/contact/,H｜店舗内装・設計施工・什器・設備支援,日本ディスプレイ業団体連合会公式構成員：店舗・商業空間の企画設計・施工支援,https://www.display.or.jp/memberslist/memlist.php,https://miraino-logi.co.jp/outline/company/,yes,ok
ユタカ株式会社,https://www.yutaka-inc.jp/,,,https://www.yutaka-inc.jp/contact/,H｜店舗内装・設計施工・什器・設備支援,日本ディスプレイ業団体連合会公式構成員：店舗・商業空間の企画設計・施工支援,https://www.display.or.jp/memberslist/memlist.php,https://www.yutaka-inc.jp/company/,yes,ok
ユニオンテック株式会社,https://www.union-tec.jp/,,,https://www.union-tec.jp/contact/,H｜店舗内装・設計施工・什器・設備支援,日本ディスプレイ業団体連合会公式構成員：店舗・商業空間の企画設計・施工支援,https://www.display.or.jp/memberslist/memlist.php,https://www.union-tec.jp/company/,yes,ok
ヨシダ宣伝株式会社福井営業所,https://www.yoshida-senden.co.jp/,,,https://www.yoshida-senden.co.jp/contact/index.html,H｜店舗内装・設計施工・什器・設備支援,日本ディスプレイ業団体連合会公式構成員：店舗・商業空間の企画設計・施工支援,https://www.display.or.jp/memberslist/memlist.php,https://www.yoshida-senden.co.jp/,no,ok
ライトワン株式会社,https://www.light-one.jp/,,,https://www.light-one.jp/contact.html,H｜店舗内装・設計施工・什器・設備支援,日本ディスプレイ業団体連合会公式構成員：店舗・商業空間の企画設計・施工支援,https://www.display.or.jp/memberslist/memlist.php,https://www.light-one.jp/company.html,yes,ok
ラッキー工芸株式会社,https://www.lucky-kogei.com/,,,https://www.lucky-kogei.com/contact/,H｜店舗内装・設計施工・什器・設備支援,日本ディスプレイ業団体連合会公式構成員：店舗・商業空間の企画設計・施工支援,https://www.display.or.jp/memberslist/memlist.php,https://www.lucky-kogei.com/about/,yes,ok
ラック工芸株式会社,https://www.lac-kougei.com/,,,https://www.lac-kougei.com/contact/,H｜店舗内装・設計施工・什器・設備支援,日本ディスプレイ業団体連合会公式構成員：店舗・商業空間の企画設計・施工支援,https://www.display.or.jp/memberslist/memlist.php,https://www.lac-kougei.com/company/,yes,ok
リビングワークス株式会社,http://www.livingworks.co.jp/,,,,H｜店舗内装・設計施工・什器・設備支援,日本ディスプレイ業団体連合会公式構成員：店舗・商業空間の企画設計・施工支援,https://www.display.or.jp/memberslist/memlist.php,http://www.livingworks.co.jp/,no,ok
レプラスデザイン株式会社,https://replus-d.co.jp/,,,https://replus-d.co.jp/contact,H｜店舗内装・設計施工・什器・設備支援,日本ディスプレイ業団体連合会公式構成員：店舗・商業空間の企画設計・施工支援,https://www.display.or.jp/memberslist/memlist.php,https://replus-d.co.jp/company/,yes,ok
レントオール仙台株式会社,http://www.rent-all-sendai.com/,,,http://www.rent-all-sendai.com/contacts/index.html,H｜店舗内装・設計施工・什器・設備支援,日本ディスプレイ業団体連合会公式構成員：店舗・商業空間の企画設計・施工支援,https://www.display.or.jp/memberslist/memlist.php,http://www.rent-all-sendai.com/,no,ok
ワンプロモーション株式会社,https://www.onepro.co.jp/,,,https://www.onepro.co.jp/contact/,H｜店舗内装・設計施工・什器・設備支援,日本ディスプレイ業団体連合会公式構成員：店舗・商業空間の企画設計・施工支援,https://www.display.or.jp/memberslist/memlist.php,https://www.onepro.co.jp/company/,yes,ok
三共ディスプレイ株式会社,https://www.sankyo-d.com/,,,,H｜店舗内装・設計施工・什器・設備支援,日本ディスプレイ業団体連合会公式構成員：店舗・商業空間の企画設計・施工支援,https://www.display.or.jp/memberslist/memlist.php,https://www.sankyo-d.com/company/outline/,yes,ok
三立工芸株式会社,http://sanritsukogei.com/,,,http://sanritsukogei.com/contact/,H｜店舗内装・設計施工・什器・設備支援,日本ディスプレイ業団体連合会公式構成員：店舗・商業空間の企画設計・施工支援,https://www.display.or.jp/memberslist/memlist.php,http://sanritsukogei.com/profile/,yes,ok
中央イベントリース株式会社,https://kir-event.com/,,,https://kir-event.com/contact/,H｜店舗内装・設計施工・什器・設備支援,日本ディスプレイ業団体連合会公式構成員：店舗・商業空間の企画設計・施工支援,https://www.display.or.jp/memberslist/memlist.php,https://kir-event.com/,no,ok
中央宣伝企画株式会社,https://www.chuosenden.co.jp/,,,https://www.chuosenden.co.jp/contact,H｜店舗内装・設計施工・什器・設備支援,日本ディスプレイ業団体連合会公式構成員：店舗・商業空間の企画設計・施工支援,https://www.display.or.jp/memberslist/memlist.php,https://www.chuosenden.co.jp/company,yes,ok
中日本装備株式会社,https://nakanihonsobi.com/,,,https://nakanihonsobi.com/%e3%81%8a%e5%95%8f%e3%81%84%e5%90%88%e3%82%8f%e3%81%9b/,H｜店舗内装・設計施工・什器・設備支援,日本ディスプレイ業団体連合会公式構成員：店舗・商業空間の企画設計・施工支援,https://www.display.or.jp/memberslist/memlist.php,https://nakanihonsobi.com/%E4%BC%9A%E7%A4%BE%E6%A6%82%E8%A6%81/,yes,ok
中村展設株式会社,https://nakaten.co.jp,,,https://nakaten.co.jp/contact,H｜店舗内装・設計施工・什器・設備支援,日本ディスプレイ業団体連合会公式構成員：店舗・商業空間の企画設計・施工支援,https://www.display.or.jp/memberslist/memlist.php,https://nakaten.co.jp/company,yes,ok
中西電気株式会社,https://nakanishidenki.co.jp/,,,https://nakanishidenki.co.jp/contact/,H｜店舗内装・設計施工・什器・設備支援,日本ディスプレイ業団体連合会公式構成員：店舗・商業空間の企画設計・施工支援,https://www.display.or.jp/memberslist/memlist.php,https://nakanishidenki.co.jp/company/,yes,ok
丸与デザインテック株式会社,https://www.haki.co.jp/,,,https://www.haki.co.jp/safe-performance/,H｜店舗内装・設計施工・什器・設備支援,日本ディスプレイ業団体連合会公式構成員：店舗・商業空間の企画設計・施工支援,https://www.display.or.jp/memberslist/memlist.php,https://www.haki.co.jp/company/,yes,ok
会社名:ピコ・インターナショナル株式会社,https://www.pico.com/ja/we-are-pico,,,,H｜店舗内装・設計施工・什器・設備支援,日本ディスプレイ業団体連合会公式構成員：店舗・商業空間の企画設計・施工支援,https://www.display.or.jp/memberslist/memlist.php,,no,HTTPError
加藤秀金属株式会社,http://www.katohide.co.jp/,,,http://www.katohide.co.jp/contact/,H｜店舗内装・設計施工・什器・設備支援,日本ディスプレイ業団体連合会公式構成員：店舗・商業空間の企画設計・施工支援,https://www.display.or.jp/memberslist/memlist.php,http://www.katohide.co.jp/company/,yes,ok
合同会社イマテク,https://imatech-led.jp/,,,https://imatech-led.jp/contact/,H｜店舗内装・設計施工・什器・設備支援,日本ディスプレイ業団体連合会公式構成員：店舗・商業空間の企画設計・施工支援,https://www.display.or.jp/memberslist/memlist.php,https://imatech-led.jp/company/,yes,ok
名古屋樹脂工業株式会社,https://www.nagoyajushi.co.jp/,,,https://www.nagoyajushi.co.jp/contact/,H｜店舗内装・設計施工・什器・設備支援,日本ディスプレイ業団体連合会公式構成員：店舗・商業空間の企画設計・施工支援,https://www.display.or.jp/memberslist/memlist.php,https://www.nagoyajushi.co.jp/company/,yes,ok
名古屋貸物設備株式会社,https://www.kashimono.com/,,,https://www.kashimono.com/,H｜店舗内装・設計施工・什器・設備支援,日本ディスプレイ業団体連合会公式構成員：店舗・商業空間の企画設計・施工支援,https://www.display.or.jp/memberslist/memlist.php,https://www.kashimono.com/,no,ok
国際装飾株式会社,https://kokusaisoushoku.co.jp/,,,https://kokusaisoushoku.co.jp/contact/,H｜店舗内装・設計施工・什器・設備支援,日本ディスプレイ業団体連合会公式構成員：店舗・商業空間の企画設計・施工支援,https://www.display.or.jp/memberslist/memlist.php,https://kokusaisoushoku.co.jp/about/,yes,ok
国際電氣工業株式会社,https://www.kokusaid.com/,,,https://www.kokusaid.com/contact,H｜店舗内装・設計施工・什器・設備支援,日本ディスプレイ業団体連合会公式構成員：店舗・商業空間の企画設計・施工支援,https://www.display.or.jp/memberslist/memlist.php,https://www.kokusaid.com/about,yes,ok
坪田電機株式会社,http://www.tsubota-denki.com/,,,http://www.tsubota-denki.com/index.html,H｜店舗内装・設計施工・什器・設備支援,日本ディスプレイ業団体連合会公式構成員：店舗・商業空間の企画設計・施工支援,https://www.display.or.jp/memberslist/memlist.php,http://www.tsubota-denki.com/index.html,yes,ok
堀内運送株式会社,https://www.horiuchiunso.co.jp/,,,https://www.horiuchiunso.co.jp/inquiry/,H｜店舗内装・設計施工・什器・設備支援,日本ディスプレイ業団体連合会公式構成員：店舗・商業空間の企画設計・施工支援,https://www.display.or.jp/memberslist/memlist.php,https://www.horiuchiunso.co.jp/company/,yes,ok
大昌工芸株式会社,https://www.taishokougei.co.jp/,,,https://www.taishokougei.co.jp/inquiry/,H｜店舗内装・設計施工・什器・設備支援,日本ディスプレイ業団体連合会公式構成員：店舗・商業空間の企画設計・施工支援,https://www.display.or.jp/memberslist/memlist.php,https://www.taishokougei.co.jp/company/,yes,ok
小松屋装飾株式会社,https://www.komatsuya.jp/,,,https://www.komatsuya.jp/pages/5/,H｜店舗内装・設計施工・什器・設備支援,日本ディスプレイ業団体連合会公式構成員：店舗・商業空間の企画設計・施工支援,https://www.display.or.jp/memberslist/memlist.php,https://www.komatsuya.jp/pages/19/,yes,ok
小林電装株式会社,http://kobadenn.co.jp/,,,,H｜店舗内装・設計施工・什器・設備支援,日本ディスプレイ業団体連合会公式構成員：店舗・商業空間の企画設計・施工支援,https://www.display.or.jp/memberslist/memlist.php,http://kobadenn.co.jp/,no,ok
小田原電機工業株式会社,http://www.odawara-web.com/,,,,H｜店舗内装・設計施工・什器・設備支援,日本ディスプレイ業団体連合会公式構成員：店舗・商業空間の企画設計・施工支援,https://www.display.or.jp/memberslist/memlist.php,http://www.odawara-web.com/,no,ok
山新建装株式会社,https://yamashin-kenso.co.jp/,,,https://yamashin-kenso.co.jp/contact.html,H｜店舗内装・設計施工・什器・設備支援,日本ディスプレイ業団体連合会公式構成員：店舗・商業空間の企画設計・施工支援,https://www.display.or.jp/memberslist/memlist.php,https://yamashin-kenso.co.jp/company.html,yes,ok
山王スペース＆レンタル株式会社,https://www.ssr-rental.com/,,,,H｜店舗内装・設計施工・什器・設備支援,日本ディスプレイ業団体連合会公式構成員：店舗・商業空間の企画設計・施工支援,https://www.display.or.jp/memberslist/memlist.php,https://www.ssr-rental.com/example/event/corporate_training.html,yes,ok
山王スペース＆レンタル株式会社 福岡営業所,https://www.sanno-sr.co.jp/,,,https://www.sanno-sr.co.jp/contact/,H｜店舗内装・設計施工・什器・設備支援,日本ディスプレイ業団体連合会公式構成員：店舗・商業空間の企画設計・施工支援,https://www.display.or.jp/memberslist/memlist.php,https://www.sanno-sr.co.jp/,no,ok
手塚運輸株式会社,https://tezuka-exp.com/,,,https://tezuka-exp.com/inquiry/,H｜店舗内装・設計施工・什器・設備支援,日本ディスプレイ業団体連合会公式構成員：店舗・商業空間の企画設計・施工支援,https://www.display.or.jp/memberslist/memlist.php,https://tezuka-exp.com/company/,yes,ok
日本ステージ株式会社,https://nihonstage.co.jp/,,,https://nihonstage.co.jp/information/,H｜店舗内装・設計施工・什器・設備支援,日本ディスプレイ業団体連合会公式構成員：店舗・商業空間の企画設計・施工支援,https://www.display.or.jp/memberslist/memlist.php,https://nihonstage.co.jp/,yes,ok
日研硝子株式会社関東事業センター,https://www.nikken-g.co.jp/,,,https://www.nikken-g.co.jp/contact/,H｜店舗内装・設計施工・什器・設備支援,日本ディスプレイ業団体連合会公式構成員：店舗・商業空間の企画設計・施工支援,https://www.display.or.jp/memberslist/memlist.php,https://www.nikken-g.co.jp/,no,ok
日豊機工株式会社,https://www.nippoh-kiko.co.jp/,,,https://www.nippoh-kiko.co.jp/contact/,H｜店舗内装・設計施工・什器・設備支援,日本ディスプレイ業団体連合会公式構成員：店舗・商業空間の企画設計・施工支援,https://www.display.or.jp/memberslist/memlist.php,https://www.nippoh-kiko.co.jp/company/sales/,yes,ok
有限会社アート工房,http://www.art-koubou.com/,,,,H｜店舗内装・設計施工・什器・設備支援,日本ディスプレイ業団体連合会公式構成員：店舗・商業空間の企画設計・施工支援,https://www.display.or.jp/memberslist/memlist.php,http://www.art-koubou.com/,no,ok
有限会社アート長崎,http://www.artnagasaki.com/,,,,H｜店舗内装・設計施工・什器・設備支援,日本ディスプレイ業団体連合会公式構成員：店舗・商業空間の企画設計・施工支援,https://www.display.or.jp/memberslist/memlist.php,http://www.artnagasaki.com/,no,ok
有限会社イトバン,https://www.itoban.com/,,,https://www.itoban.com/Contact/index.html,H｜店舗内装・設計施工・什器・設備支援,日本ディスプレイ業団体連合会公式構成員：店舗・商業空間の企画設計・施工支援,https://www.display.or.jp/memberslist/memlist.php,https://www.itoban.com/,no,ok
有限会社ウェルカム,http://www.welkam.co.jp/en/,,,http://welkam.co.jp/en/contact/,H｜店舗内装・設計施工・什器・設備支援,日本ディスプレイ業団体連合会公式構成員：店舗・商業空間の企画設計・施工支援,https://www.display.or.jp/memberslist/memlist.php,http://www.welkam.co.jp/en/,no,ok
有限会社キング工芸,http://www.king-kogei.co.jp/,,,,H｜店舗内装・設計施工・什器・設備支援,日本ディスプレイ業団体連合会公式構成員：店舗・商業空間の企画設計・施工支援,https://www.display.or.jp/memberslist/memlist.php,http://www.king-kogei.co.jp/,no,ok
有限会社ステージコラボレーションＩＧＡ,http://www.stageiga.com/,,,http://www.stageiga.com/9%20contact%20.html,H｜店舗内装・設計施工・什器・設備支援,日本ディスプレイ業団体連合会公式構成員：店舗・商業空間の企画設計・施工支援,https://www.display.or.jp/memberslist/memlist.php,http://www.stageiga.com/,no,ok
有限会社スペック,https://www.speck-sign.com/,,,https://www.speck-sign.com/お問合せ/,H｜店舗内装・設計施工・什器・設備支援,日本ディスプレイ業団体連合会公式構成員：店舗・商業空間の企画設計・施工支援,https://www.display.or.jp/memberslist/memlist.php,https://www.speck-sign.com/,yes,ok
有限会社ダーズ,https://dooez.info/,,,,H｜店舗内装・設計施工・什器・設備支援,日本ディスプレイ業団体連合会公式構成員：店舗・商業空間の企画設計・施工支援,https://www.display.or.jp/memberslist/memlist.php,https://dooez.info/%E4%BC%9A%E7%A4%BE%E6%A6%82%E8%A6%81/,yes,ok
有限会社ティーエスライティング,https://tslighting.net/,,,https://tslighting.net/pages/5/,H｜店舗内装・設計施工・什器・設備支援,日本ディスプレイ業団体連合会公式構成員：店舗・商業空間の企画設計・施工支援,https://www.display.or.jp/memberslist/memlist.php,https://tslighting.net/,yes,ok
有限会社ディスプレイ大分,http://www.display-oita.co.jp/,,,http://www.display-oita.co.jp/contact.php,H｜店舗内装・設計施工・什器・設備支援,日本ディスプレイ業団体連合会公式構成員：店舗・商業空間の企画設計・施工支援,https://www.display.or.jp/memberslist/memlist.php,http://www.display-oita.co.jp/company.php,yes,ok
有限会社ニシムラ工芸,http://nishimurakogei.com/,,,,H｜店舗内装・設計施工・什器・設備支援,日本ディスプレイ業団体連合会公式構成員：店舗・商業空間の企画設計・施工支援,https://www.display.or.jp/memberslist/memlist.php,,no,ConnectionError
有限会社ネクサス,http://www.jp-nexus.com/,,,http://www.jp-nexus.com/contact-2/,H｜店舗内装・設計施工・什器・設備支援,日本ディスプレイ業団体連合会公式構成員：店舗・商業空間の企画設計・施工支援,https://www.display.or.jp/memberslist/memlist.php,http://www.jp-nexus.com/about/,yes,ok
有限会社ハタヤ,https://hataya-kobe.co.jp/,,,https://hataya-kobe.co.jp/contact/,H｜店舗内装・設計施工・什器・設備支援,日本ディスプレイ業団体連合会公式構成員：店舗・商業空間の企画設計・施工支援,https://www.display.or.jp/memberslist/memlist.php,https://hataya-kobe.co.jp/about-hataya/,yes,ok
有限会社ホソカワアートディスプレイ,http://hosokawa-art.blogspot.com/,,,,H｜店舗内装・設計施工・什器・設備支援,日本ディスプレイ業団体連合会公式構成員：店舗・商業空間の企画設計・施工支援,https://www.display.or.jp/memberslist/memlist.php,http://hosokawa-art.blogspot.com/2013/01/blog-post.html,yes,ok
有限会社レンタル若葉,http://rentall-matsusaka.jp/,,,http://rentall-matsusaka.jp/contact,H｜店舗内装・設計施工・什器・設備支援,日本ディスプレイ業団体連合会公式構成員：店舗・商業空間の企画設計・施工支援,https://www.display.or.jp/memberslist/memlist.php,http://rentall-matsusaka.jp/company/,yes,ok
有限会社三栄堂,http://www.saneido.net/,,,,H｜店舗内装・設計施工・什器・設備支援,日本ディスプレイ業団体連合会公式構成員：店舗・商業空間の企画設計・施工支援,https://www.display.or.jp/memberslist/memlist.php,http://www.saneido.net/,no,ok
有限会社丸東企画,http://www.marutoukikaku.co.jp/,,,,H｜店舗内装・設計施工・什器・設備支援,日本ディスプレイ業団体連合会公式構成員：店舗・商業空間の企画設計・施工支援,https://www.display.or.jp/memberslist/memlist.php,http://www.marutoukikaku.co.jp/,no,ok
有限会社佐藤防水店,https://sato-bosui.com/,,,https://sato-bosui.com/company-profile,H｜店舗内装・設計施工・什器・設備支援,日本ディスプレイ業団体連合会公式構成員：店舗・商業空間の企画設計・施工支援,https://www.display.or.jp/memberslist/memlist.php,https://sato-bosui.com/company-profile,yes,ok
有限会社堀田巧芸,https://hotta-kogei.com/,,,https://hotta-kogei.com/contact.html,H｜店舗内装・設計施工・什器・設備支援,日本ディスプレイ業団体連合会公式構成員：店舗・商業空間の企画設計・施工支援,https://www.display.or.jp/memberslist/memlist.php,https://hotta-kogei.com/company.html,yes,ok
有限会社政屋,https://masaya-corwill.com/,,,,H｜店舗内装・設計施工・什器・設備支援,日本ディスプレイ業団体連合会公式構成員：店舗・商業空間の企画設計・施工支援,https://www.display.or.jp/memberslist/memlist.php,,no,ConnectionError
有限会社日新,https://nisshin-design.co.jp/,,,https://nisshin-design.co.jp/,H｜店舗内装・設計施工・什器・設備支援,日本ディスプレイ業団体連合会公式構成員：店舗・商業空間の企画設計・施工支援,https://www.display.or.jp/memberslist/memlist.php,https://nisshin-design.co.jp/about,yes,ok
有限会社現代工房,https://www.gendai-koubou.co.jp/,,,https://www.gendai-koubou.co.jp/contact/index.html,H｜店舗内装・設計施工・什器・設備支援,日本ディスプレイ業団体連合会公式構成員：店舗・商業空間の企画設計・施工支援,https://www.display.or.jp/memberslist/memlist.php,https://www.gendai-koubou.co.jp/,no,ok
有限会社美術工芸大光,http://www.design-daiko.com/,,,http://www.design-daiko.com/contact.html,H｜店舗内装・設計施工・什器・設備支援,日本ディスプレイ業団体連合会公式構成員：店舗・商業空間の企画設計・施工支援,https://www.display.or.jp/memberslist/memlist.php,http://www.design-daiko.com/,no,ok
有限会社藤田テント商会,https://fujitatent.co.jp/,,,https://fujitatent.co.jp/form/,H｜店舗内装・設計施工・什器・設備支援,日本ディスプレイ業団体連合会公式構成員：店舗・商業空間の企画設計・施工支援,https://www.display.or.jp/memberslist/memlist.php,https://fujitatent.co.jp/company/,yes,ok
有限会社長沢燃料店,http://www.naganen.jp,,,,H｜店舗内装・設計施工・什器・設備支援,日本ディスプレイ業団体連合会公式構成員：店舗・商業空間の企画設計・施工支援,https://www.display.or.jp/memberslist/memlist.php,,no,ConnectionError
東イン株式会社,http://www.toin-inc.co.jp/,,,http://www.toin-inc.co.jp/,H｜店舗内装・設計施工・什器・設備支援,日本ディスプレイ業団体連合会公式構成員：店舗・商業空間の企画設計・施工支援,https://www.display.or.jp/memberslist/memlist.php,http://www.toin-inc.co.jp/about/,yes,ok
東京インターナショナルプランニング株式会社,https://www.tipexpos.com/,,,,H｜店舗内装・設計施工・什器・設備支援,日本ディスプレイ業団体連合会公式構成員：店舗・商業空間の企画設計・施工支援,https://www.display.or.jp/memberslist/memlist.php,https://www.tipexpos.com/,no,ok
東京リスマチック株式会社,https://www.lithmatic.net/,,,https://www.lithmatic.net/corporate_information,H｜店舗内装・設計施工・什器・設備支援,日本ディスプレイ業団体連合会公式構成員：店舗・商業空間の企画設計・施工支援,https://www.display.or.jp/memberslist/memlist.php,https://www.lithmatic.net/corporate_information,yes,ok
東京造形美術株式会社,https://www.tzb.jp/,,,https://www.tzb.jp/contact,H｜店舗内装・設計施工・什器・設備支援,日本ディスプレイ業団体連合会公式構成員：店舗・商業空間の企画設計・施工支援,https://www.display.or.jp/memberslist/memlist.php,https://www.tzb.jp/,yes,ok
東京電装工業株式会社,https://tokyo-denso.com/,,,https://tokyo-denso.com/inquiry/,H｜店舗内装・設計施工・什器・設備支援,日本ディスプレイ業団体連合会公式構成員：店舗・商業空間の企画設計・施工支援,https://www.display.or.jp/memberslist/memlist.php,https://tokyo-denso.com/company/,yes,ok
東北カラーデュープ株式会社,http://www.t-c-d.co.jp/,,,http://www.t-c-d.co.jp/08tcd_contact.html,H｜店舗内装・設計施工・什器・設備支援,日本ディスプレイ業団体連合会公式構成員：店舗・商業空間の企画設計・施工支援,https://www.display.or.jp/memberslist/memlist.php,http://www.t-c-d.co.jp/,no,ok
東明興業株式会社,http://www.tomei-ems.co.jp/,,,,H｜店舗内装・設計施工・什器・設備支援,日本ディスプレイ業団体連合会公式構成員：店舗・商業空間の企画設計・施工支援,https://www.display.or.jp/memberslist/memlist.php,http://www.tomei-ems.co.jp/,no,ok
栄総合設備株式会社,https://www.sakae-ss.co.jp/,,,,H｜店舗内装・設計施工・什器・設備支援,日本ディスプレイ業団体連合会公式構成員：店舗・商業空間の企画設計・施工支援,https://www.display.or.jp/memberslist/memlist.php,https://www.sakae-ss.co.jp/company/,yes,ok
株式会社 NEXTリビング,https://www.nextliving.jp/,,,https://www.nextliving.jp/satei/,H｜店舗内装・設計施工・什器・設備支援,日本ディスプレイ業団体連合会公式構成員：店舗・商業空間の企画設計・施工支援,https://www.display.or.jp/memberslist/memlist.php,https://www.nextliving.jp/company/,yes,ok
株式会社BRAVO,https://www.bravo21.co.jp/,,,https://www.bravo21.co.jp/contact.php,H｜店舗内装・設計施工・什器・設備支援,日本ディスプレイ業団体連合会公式構成員：店舗・商業空間の企画設計・施工支援,https://www.display.or.jp/memberslist/memlist.php,https://www.bravo21.co.jp/company.php,yes,ok
株式会社GLORY,https://www.gloryad.jp/,,,https://www.gloryad.jp/12362218392151212379.html,H｜店舗内装・設計施工・什器・設備支援,日本ディスプレイ業団体連合会公式構成員：店舗・商業空間の企画設計・施工支援,https://www.display.or.jp/memberslist/memlist.php,https://www.gloryad.jp/20250310382701035201.html,yes,ok
株式会社HDフラワーホールディングス,https://www.hd-flower.co.jp/,,,https://www.hd-flower.co.jp/contact/,H｜店舗内装・設計施工・什器・設備支援,日本ディスプレイ業団体連合会公式構成員：店舗・商業空間の企画設計・施工支援,https://www.display.or.jp/memberslist/memlist.php,https://www.hd-flower.co.jp/company/,yes,ok
株式会社HOKUSHIN,http://www.m-hokushin.co.jp/company,,,http://www.m-hokushin.co.jp/contact,H｜店舗内装・設計施工・什器・設備支援,日本ディスプレイ業団体連合会公式構成員：店舗・商業空間の企画設計・施工支援,https://www.display.or.jp/memberslist/memlist.php,http://www.m-hokushin.co.jp/company,yes,ok
株式会社IDEAL建築設計研究所,http://www.office-harada.co.jp/ideal/,,,,H｜店舗内装・設計施工・什器・設備支援,日本ディスプレイ業団体連合会公式構成員：店舗・商業空間の企画設計・施工支援,https://www.display.or.jp/memberslist/memlist.php,,no,SSLError
株式会社MCクラフト,https://mc-craft.net/,,,https://mc-craft.net/contact/,H｜店舗内装・設計施工・什器・設備支援,日本ディスプレイ業団体連合会公式構成員：店舗・商業空間の企画設計・施工支援,https://www.display.or.jp/memberslist/memlist.php,https://mc-craft.net/about/,yes,ok
株式会社MIT,http://www.mit.fukuoka.jp/,,,https://www.mit.fukuoka.jp/contact,H｜店舗内装・設計施工・什器・設備支援,日本ディスプレイ業団体連合会公式構成員：店舗・商業空間の企画設計・施工支援,https://www.display.or.jp/memberslist/memlist.php,https://www.mit.fukuoka.jp/about/,yes,ok
株式会社MagnaRecta,https://www.130onethirty.com/,,,https://www.130onethirty.com/contact,H｜店舗内装・設計施工・什器・設備支援,日本ディスプレイ業団体連合会公式構成員：店舗・商業空間の企画設計・施工支援,https://www.display.or.jp/memberslist/memlist.php,https://www.130onethirty.com/,yes,ok
株式会社SHO-CASE,https://sho-case.net/,,,,H｜店舗内装・設計施工・什器・設備支援,日本ディスプレイ業団体連合会公式構成員：店舗・商業空間の企画設計・施工支援,https://www.display.or.jp/memberslist/memlist.php,https://sho-case.net/,yes,ok
株式会社SUMPLUS,https://www.sumplus.jp/,,,,H｜店舗内装・設計施工・什器・設備支援,日本ディスプレイ業団体連合会公式構成員：店舗・商業空間の企画設計・施工支援,https://www.display.or.jp/memberslist/memlist.php,https://www.sumplus.jp/company_profile/,yes,ok
株式会社Sプロデュース,https://s-produce.co.jp/,,,https://s-produce.co.jp/contact,H｜店舗内装・設計施工・什器・設備支援,日本ディスプレイ業団体連合会公式構成員：店舗・商業空間の企画設計・施工支援,https://www.display.or.jp/memberslist/memlist.php,https://s-produce.co.jp/company/,yes,ok
株式会社morioka,http://www.moriokadenki.com/,,,http://www.moriokadenki.com/contact/,H｜店舗内装・設計施工・什器・設備支援,日本ディスプレイ業団体連合会公式構成員：店舗・商業空間の企画設計・施工支援,https://www.display.or.jp/memberslist/memlist.php,http://www.moriokadenki.com/company/,yes,ok
株式会社いづみ,https://www.izm21.com:443/,,,,H｜店舗内装・設計施工・什器・設備支援,日本ディスプレイ業団体連合会公式構成員：店舗・商業空間の企画設計・施工支援,https://www.display.or.jp/memberslist/memlist.php,https://www.izm21.com:443/,yes,ok
株式会社さくら工芸社,http://www.sakurakougeisya.co.jp/,,,http://www.sakurakougeisya.co.jp/index.html?m=contact&No=6,H｜店舗内装・設計施工・什器・設備支援,日本ディスプレイ業団体連合会公式構成員：店舗・商業空間の企画設計・施工支援,https://www.display.or.jp/memberslist/memlist.php,http://www.sakurakougeisya.co.jp/,no,ok
株式会社す屋吉,https://suyakichi.co.jp/,,,https://suyakichi.co.jp/inquiry/,H｜店舗内装・設計施工・什器・設備支援,日本ディスプレイ業団体連合会公式構成員：店舗・商業空間の企画設計・施工支援,https://www.display.or.jp/memberslist/memlist.php,https://suyakichi.co.jp/,yes,ok
株式会社つくし巧芸,http://www.tsukushikougei.co.jp/,,,,H｜店舗内装・設計施工・什器・設備支援,日本ディスプレイ業団体連合会公式構成員：店舗・商業空間の企画設計・施工支援,https://www.display.or.jp/memberslist/memlist.php,http://www.tsukushikougei.co.jp/,no,ok
株式会社つむら工芸,https://tsumura-kogei.com/,,,https://tsumura-kogei.com/contact/,H｜店舗内装・設計施工・什器・設備支援,日本ディスプレイ業団体連合会公式構成員：店舗・商業空間の企画設計・施工支援,https://www.display.or.jp/memberslist/memlist.php,https://tsumura-kogei.com/company/,yes,ok
株式会社ひかり塗装,https://hikaritoso.com/,,,https://hikaritoso.com/contact/,H｜店舗内装・設計施工・什器・設備支援,日本ディスプレイ業団体連合会公式構成員：店舗・商業空間の企画設計・施工支援,https://www.display.or.jp/memberslist/memlist.php,https://hikaritoso.com/corporation/,yes,ok
株式会社ひまわり,https://www.himawari-inc.com/,,,https://www.himawari-inc.com/inquiry/site/,H｜店舗内装・設計施工・什器・設備支援,日本ディスプレイ業団体連合会公式構成員：店舗・商業空間の企画設計・施工支援,https://www.display.or.jp/memberslist/memlist.php,https://www.himawari-inc.com/company/,yes,ok
株式会社みづま工房,https://www.mizma.co.jp/index.html,,,https://www.mizma.co.jp/contact/index.html,H｜店舗内装・設計施工・什器・設備支援,日本ディスプレイ業団体連合会公式構成員：店舗・商業空間の企画設計・施工支援,https://www.display.or.jp/memberslist/memlist.php,https://www.mizma.co.jp/company.html,yes,ok
株式会社みはし工芸,https://kogei.mihasi.co.jp/,,,https://kogei.mihasi.co.jp/contact/contact-2/,H｜店舗内装・設計施工・什器・設備支援,日本ディスプレイ業団体連合会公式構成員：店舗・商業空間の企画設計・施工支援,https://www.display.or.jp/memberslist/memlist.php,https://kogei.mihasi.co.jp/company/,yes,ok
株式会社アイセイ社,https://aiseisya.co.jp/,,,http://aiseisya.co.jp/re/%e3%81%8a%e5%95%8f%e3%81%84%e5%90%88%e3%82%8f%e3%81%9b/,H｜店舗内装・設計施工・什器・設備支援,日本ディスプレイ業団体連合会公式構成員：店舗・商業空間の企画設計・施工支援,https://www.display.or.jp/memberslist/memlist.php,https://aiseisya.co.jp/%E4%BC%81%E6%A5%AD%E6%83%85%E5%A0%B1/,yes,ok
株式会社アイテック,http://www.itecebis.co.jp/,,,,H｜店舗内装・設計施工・什器・設備支援,日本ディスプレイ業団体連合会公式構成員：店舗・商業空間の企画設計・施工支援,https://www.display.or.jp/memberslist/memlist.php,http://www.itecebis.co.jp/,yes,ok
株式会社アイレス,https://www.i-res.co.jp/,,,https://www.i-res.co.jp/contact/,H｜店舗内装・設計施工・什器・設備支援,日本ディスプレイ業団体連合会公式構成員：店舗・商業空間の企画設計・施工支援,https://www.display.or.jp/memberslist/memlist.php,https://www.i-res.co.jp/company/,yes,ok
株式会社アイ工芸,https://ai-kougei.co.jp/,,,,H｜店舗内装・設計施工・什器・設備支援,日本ディスプレイ業団体連合会公式構成員：店舗・商業空間の企画設計・施工支援,https://www.display.or.jp/memberslist/memlist.php,https://ai-kougei.co.jp/company-2/,yes,ok
株式会社アカシオ,http://www.akashio.co.jp/,,,http://www.akashio.co.jp/contact.html,H｜店舗内装・設計施工・什器・設備支援,日本ディスプレイ業団体連合会公式構成員：店舗・商業空間の企画設計・施工支援,https://www.display.or.jp/memberslist/memlist.php,http://www.akashio.co.jp/,no,ok
株式会社アクティオ プラザ事業部,https://www.aktio.co.jp/,,,https://www.aktio.co.jp/inquiry/,H｜店舗内装・設計施工・什器・設備支援,日本ディスプレイ業団体連合会公式構成員：店舗・商業空間の企画設計・施工支援,https://www.display.or.jp/memberslist/memlist.php,https://www.aktio.co.jp/,no,ok
株式会社アクティブハヤシ,https://www.a-884.com/,,,https://www.a-884.com/form.html,H｜店舗内装・設計施工・什器・設備支援,日本ディスプレイ業団体連合会公式構成員：店舗・商業空間の企画設計・施工支援,https://www.display.or.jp/memberslist/memlist.php,https://www.a-884.com/,no,ok
株式会社アクティベーション,https://www.activation.jp/,,,https://www.activation.jp/,H｜店舗内装・設計施工・什器・設備支援,日本ディスプレイ業団体連合会公式構成員：店舗・商業空間の企画設計・施工支援,https://www.display.or.jp/memberslist/memlist.php,https://www.activation.jp/,yes,ok
株式会社アサヒ,https://www.c-asahi.co.jp/,,,https://www.c-asahi.co.jp/pages/74/,H｜店舗内装・設計施工・什器・設備支援,日本ディスプレイ業団体連合会公式構成員：店舗・商業空間の企画設計・施工支援,https://www.display.or.jp/memberslist/memlist.php,https://www.c-asahi.co.jp/,yes,ok
株式会社アスカ,http://www.asuka2000.co.jp/,,,,H｜店舗内装・設計施工・什器・設備支援,日本ディスプレイ業団体連合会公式構成員：店舗・商業空間の企画設計・施工支援,https://www.display.or.jp/memberslist/memlist.php,http://www.asuka2000.co.jp/,no,ok
株式会社アスナカノ,http://www.asnakano.co.jp/,,,http://www.asnakano.co.jp/contact.html,H｜店舗内装・設計施工・什器・設備支援,日本ディスプレイ業団体連合会公式構成員：店舗・商業空間の企画設計・施工支援,https://www.display.or.jp/memberslist/memlist.php,http://www.asnakano.co.jp/,no,ok
株式会社アズサ,https://www.azusa-design.com/,,,https://www.azusa-design.com/contact/,H｜店舗内装・設計施工・什器・設備支援,日本ディスプレイ業団体連合会公式構成員：店舗・商業空間の企画設計・施工支援,https://www.display.or.jp/memberslist/memlist.php,https://www.azusa-design.com/company/,yes,ok
株式会社アズ・シーン,https://www.azscene.co.jp/,,,https://www.azscene.co.jp/contact,H｜店舗内装・設計施工・什器・設備支援,日本ディスプレイ業団体連合会公式構成員：店舗・商業空間の企画設計・施工支援,https://www.display.or.jp/memberslist/memlist.php,https://www.azscene.co.jp/company,yes,ok
株式会社アダチ 東京営業所,http://www.adachi-web.co.jp/,,,https://www.adachi-web.co.jp/inquiry/,H｜店舗内装・設計施工・什器・設備支援,日本ディスプレイ業団体連合会公式構成員：店舗・商業空間の企画設計・施工支援,https://www.display.or.jp/memberslist/memlist.php,http://www.adachi-web.co.jp/,no,ok
株式会社アドルーム,https://adroom.co.jp/,,,https://www.adroom.co.jp/contact2,H｜店舗内装・設計施工・什器・設備支援,日本ディスプレイ業団体連合会公式構成員：店舗・商業空間の企画設計・施工支援,https://www.display.or.jp/memberslist/memlist.php,https://www.adroom.co.jp/about,yes,ok
株式会社アドワン,https://www.adone-taishi.com/,,,https://www.adone-taishi.com/contact/,H｜店舗内装・設計施工・什器・設備支援,日本ディスプレイ業団体連合会公式構成員：店舗・商業空間の企画設計・施工支援,https://www.display.or.jp/memberslist/memlist.php,https://www.adone-taishi.com/,yes,ok
株式会社アドヴァンス企画,https://www.adv-k.co.jp/,,,https://www.adv-k.co.jp/welcome/お問合せ/,H｜店舗内装・設計施工・什器・設備支援,日本ディスプレイ業団体連合会公式構成員：店舗・商業空間の企画設計・施工支援,https://www.display.or.jp/memberslist/memlist.php,https://www.adv-k.co.jp/about-us/,yes,ok
株式会社アド・エスピイ,https://www.adsp-j.co.jp/,,,,H｜店舗内装・設計施工・什器・設備支援,日本ディスプレイ業団体連合会公式構成員：店舗・商業空間の企画設計・施工支援,https://www.display.or.jp/memberslist/memlist.php,,no,SSLError
株式会社アド建装社,http://adokensousya.com/,,,http://adokensousya.com/contact/,H｜店舗内装・設計施工・什器・設備支援,日本ディスプレイ業団体連合会公式構成員：店舗・商業空間の企画設計・施工支援,https://www.display.or.jp/memberslist/memlist.php,http://adokensousya.com/company,yes,ok
株式会社アビ・コミュニティ,http://www.avi-com.jp/,,,https://www.avi-com.jp/contact,H｜店舗内装・設計施工・什器・設備支援,日本ディスプレイ業団体連合会公式構成員：店舗・商業空間の企画設計・施工支援,https://www.display.or.jp/memberslist/memlist.php,https://www.avi-com.jp/corporate,yes,ok
株式会社アム・トゥ－ワン,http://www.am21.co.jp/,,,http://www.am21.co.jp/,H｜店舗内装・設計施工・什器・設備支援,日本ディスプレイ業団体連合会公式構成員：店舗・商業空間の企画設計・施工支援,https://www.display.or.jp/memberslist/memlist.php,http://www.am21.co.jp/,no,ok
株式会社アリア,http://aria.main.jp/,,,,H｜店舗内装・設計施工・什器・設備支援,日本ディスプレイ業団体連合会公式構成員：店舗・商業空間の企画設計・施工支援,https://www.display.or.jp/memberslist/memlist.php,http://aria.main.jp/,no,ok
株式会社アルダグラム,https://aldagram.com/company/,,,,H｜店舗内装・設計施工・什器・設備支援,日本ディスプレイ業団体連合会公式構成員：店舗・商業空間の企画設計・施工支援,https://www.display.or.jp/memberslist/memlist.php,https://aldagram.com/company/,no,ok
株式会社アルファアーツ,https://alfaarts.co.jp/,,,https://alfaarts.co.jp/contact/,H｜店舗内装・設計施工・什器・設備支援,日本ディスプレイ業団体連合会公式構成員：店舗・商業空間の企画設計・施工支援,https://www.display.or.jp/memberslist/memlist.php,https://alfaarts.co.jp/about/,yes,ok
株式会社アレックス,http://www.alex-okinawa.com/,,,https://www.alex-okinawa.com/contact,H｜店舗内装・設計施工・什器・設備支援,日本ディスプレイ業団体連合会公式構成員：店舗・商業空間の企画設計・施工支援,https://www.display.or.jp/memberslist/memlist.php,https://www.alex-okinawa.com/company/,yes,ok
株式会社アートサイン,http://artsign-inc.jp/,,,http://artsign-inc.jp/,H｜店舗内装・設計施工・什器・設備支援,日本ディスプレイ業団体連合会公式構成員：店舗・商業空間の企画設計・施工支援,https://www.display.or.jp/memberslist/memlist.php,http://artsign-inc.jp/,no,ok
株式会社アートビークルー,https://www.artbecrew.com/,,,https://www.artbecrew.com/contact/,H｜店舗内装・設計施工・什器・設備支援,日本ディスプレイ業団体連合会公式構成員：店舗・商業空間の企画設計・施工支援,https://www.display.or.jp/memberslist/memlist.php,https://www.artbecrew.com/company/,yes,ok
株式会社アートフリーク,https://artfreak.co.jp/,,,https://artfreak.co.jp/contact/,H｜店舗内装・設計施工・什器・設備支援,日本ディスプレイ業団体連合会公式構成員：店舗・商業空間の企画設計・施工支援,https://www.display.or.jp/memberslist/memlist.php,https://artfreak.co.jp/aboutus/,yes,ok
株式会社アーバン,http://www.urban-mito.co.jp/,,,http://www.urban-mito.co.jp/,H｜店舗内装・設計施工・什器・設備支援,日本ディスプレイ業団体連合会公式構成員：店舗・商業空間の企画設計・施工支援,https://www.display.or.jp/memberslist/memlist.php,http://www.urban-mito.co.jp/,no,ok
株式会社アーバン工房,https://urban-k.co.jp/,,,https://urban-k.co.jp/contact/,H｜店舗内装・設計施工・什器・設備支援,日本ディスプレイ業団体連合会公式構成員：店舗・商業空間の企画設計・施工支援,https://www.display.or.jp/memberslist/memlist.php,https://urban-k.co.jp/company/,yes,ok
株式会社アービック,https://www.ar-bic.co.jp/,,,https://www.ar-bic.co.jp/contact/,H｜店舗内装・設計施工・什器・設備支援,日本ディスプレイ業団体連合会公式構成員：店舗・商業空間の企画設計・施工支援,https://www.display.or.jp/memberslist/memlist.php,https://www.ar-bic.co.jp/company/,yes,ok
株式会社イフリート,https://www.ivreat.com/,,,,H｜店舗内装・設計施工・什器・設備支援,日本ディスプレイ業団体連合会公式構成員：店舗・商業空間の企画設計・施工支援,https://www.display.or.jp/memberslist/memlist.php,https://www.ivreat.com/,no,ok
株式会社イマジン,https://imajine.jp/,,,https://imajine.jp/contact_us/,H｜店舗内装・設計施工・什器・設備支援,日本ディスプレイ業団体連合会公式構成員：店舗・商業空間の企画設計・施工支援,https://www.display.or.jp/memberslist/memlist.php,https://imajine.jp/about-us/,yes,ok
株式会社インターコスモス 仙台支店,https://www.inter-cosmos.co.jp/,,,https://www.inter-cosmos.co.jp/contact.html,H｜店舗内装・設計施工・什器・設備支援,日本ディスプレイ業団体連合会公式構成員：店舗・商業空間の企画設計・施工支援,https://www.display.or.jp/memberslist/memlist.php,https://www.inter-cosmos.co.jp/,no,ok
株式会社インタースペース,https://www.is-1988.co.jp:443/,,,,H｜店舗内装・設計施工・什器・設備支援,日本ディスプレイ業団体連合会公式構成員：店舗・商業空間の企画設計・施工支援,https://www.display.or.jp/memberslist/memlist.php,https://www.is-1988.co.jp:443/,yes,ok
株式会社インテリアニシダ,https://www.in-nishida.co.jp/,,,https://www.in-nishida.co.jp/contact/,H｜店舗内装・設計施工・什器・設備支援,日本ディスプレイ業団体連合会公式構成員：店舗・商業空間の企画設計・施工支援,https://www.display.or.jp/memberslist/memlist.php,https://www.in-nishida.co.jp/,no,ok
株式会社インテルナ石原,http://interuna.com/index.html,,,,H｜店舗内装・設計施工・什器・設備支援,日本ディスプレイ業団体連合会公式構成員：店舗・商業空間の企画設計・施工支援,https://www.display.or.jp/memberslist/memlist.php,http://interuna.com/index.html,no,ok
株式会社イーストクルー,https://eastcrew.com/,,,https://eastcrew.com/performance/,H｜店舗内装・設計施工・什器・設備支援,日本ディスプレイ業団体連合会公式構成員：店舗・商業空間の企画設計・施工支援,https://www.display.or.jp/memberslist/memlist.php,https://eastcrew.com/,yes,ok
株式会社イーストフォレスト,http://www.eastforest.co.jp/,,,http://www.eastforest.co.jp/contact.html,H｜店舗内装・設計施工・什器・設備支援,日本ディスプレイ業団体連合会公式構成員：店舗・商業空間の企画設計・施工支援,https://www.display.or.jp/memberslist/memlist.php,http://www.eastforest.co.jp/,no,ok
株式会社ウェザーコック,https://weathercock.co.jp/,,,https://weathercock.co.jp/,H｜店舗内装・設計施工・什器・設備支援,日本ディスプレイ業団体連合会公式構成員：店舗・商業空間の企画設計・施工支援,https://www.display.or.jp/memberslist/memlist.php,https://weathercock.co.jp/,yes,ok
株式会社ウエムラ,http://www.uemuradsp.com/,,,https://www.uemuradsp.com/news/,H｜店舗内装・設計施工・什器・設備支援,日本ディスプレイ業団体連合会公式構成員：店舗・商業空間の企画設計・施工支援,https://www.display.or.jp/memberslist/memlist.php,https://www.uemuradsp.com/company/,yes,ok
株式会社ウエルオン,https://www.well-on.co.jp/,,,https://www.well-on.co.jp/inquiry.html,H｜店舗内装・設計施工・什器・設備支援,日本ディスプレイ業団体連合会公式構成員：店舗・商業空間の企画設計・施工支援,https://www.display.or.jp/memberslist/memlist.php,https://www.well-on.co.jp/,no,ok
株式会社ウスキ電機,http://www.usuki-denki.co.jp/,,,http://www.usuki-denki.co.jp/,H｜店舗内装・設計施工・什器・設備支援,日本ディスプレイ業団体連合会公式構成員：店舗・商業空間の企画設計・施工支援,https://www.display.or.jp/memberslist/memlist.php,http://www.usuki-denki.co.jp/,no,ok
株式会社エキスポインターナショナル,https://expo.co.jp/,,,https://expo.co.jp/contact/,H｜店舗内装・設計施工・什器・設備支援,日本ディスプレイ業団体連合会公式構成員：店舗・商業空間の企画設計・施工支援,https://www.display.or.jp/memberslist/memlist.php,https://expo.co.jp/about/,yes,ok
株式会社エクセリ,https://www.exseli.com/,,,https://www.exseli.com/contact/,H｜店舗内装・設計施工・什器・設備支援,日本ディスプレイ業団体連合会公式構成員：店舗・商業空間の企画設計・施工支援,https://www.display.or.jp/memberslist/memlist.php,https://www.exseli.com/maker/onscompany/,yes,ok
株式会社エスパ,https://esp-mie.co.jp/,,,https://esp-mie.co.jp/inquiry/,H｜店舗内装・設計施工・什器・設備支援,日本ディスプレイ業団体連合会公式構成員：店舗・商業空間の企画設計・施工支援,https://www.display.or.jp/memberslist/memlist.php,https://esp-mie.co.jp/company/,yes,ok
株式会社エス・ケイ・ティー,https://www.skt-tec.co.jp,,,,H｜店舗内装・設計施工・什器・設備支援,日本ディスプレイ業団体連合会公式構成員：店舗・商業空間の企画設計・施工支援,https://www.display.or.jp/memberslist/memlist.php,,no,SSLError
株式会社エス・ピー・ディー明治,https://www.spd-meiji.co.jp/,,,https://www.spd-meiji.co.jp/inquiry/,H｜店舗内装・設計施工・什器・設備支援,日本ディスプレイ業団体連合会公式構成員：店舗・商業空間の企画設計・施工支援,https://www.display.or.jp/memberslist/memlist.php,https://www.spd-meiji.co.jp/company/,yes,ok
株式会社エトワール,http://etoile-td.jp/,,,http://etoile-td.jp/contact,H｜店舗内装・設計施工・什器・設備支援,日本ディスプレイ業団体連合会公式構成員：店舗・商業空間の企画設計・施工支援,https://www.display.or.jp/memberslist/memlist.php,http://etoile-td.jp/about/,yes,ok
株式会社エフ広芸,https://fcraft.com/,,,https://fcraft.com/contact/,H｜店舗内装・設計施工・什器・設備支援,日本ディスプレイ業団体連合会公式構成員：店舗・商業空間の企画設計・施工支援,https://www.display.or.jp/memberslist/memlist.php,https://fcraft.com/about/,yes,ok
株式会社エーゼット企画,https://az-g.co.jp/,,,,H｜店舗内装・設計施工・什器・設備支援,日本ディスプレイ業団体連合会公式構成員：店舗・商業空間の企画設計・施工支援,https://www.display.or.jp/memberslist/memlist.php,https://az-g.co.jp/,yes,ok
株式会社オオウチ工芸,https://oouchi-k.co.jp/,,,https://oouchi-k.co.jp/contact/,H｜店舗内装・設計施工・什器・設備支援,日本ディスプレイ業団体連合会公式構成員：店舗・商業空間の企画設計・施工支援,https://www.display.or.jp/memberslist/memlist.php,https://oouchi-k.co.jp/about/,yes,ok
株式会社オオミヤ,http://www.works0038.com/,,,http://www.works0038.com/informations/rec.html,H｜店舗内装・設計施工・什器・設備支援,日本ディスプレイ業団体連合会公式構成員：店舗・商業空間の企画設計・施工支援,https://www.display.or.jp/memberslist/memlist.php,http://www.works0038.com/,no,ok
株式会社オオモリ総建,http://oomori-soken.co.jp/,,,https://oomori-soken.co.jp/contact/,H｜店舗内装・設計施工・什器・設備支援,日本ディスプレイ業団体連合会公式構成員：店舗・商業空間の企画設計・施工支援,https://www.display.or.jp/memberslist/memlist.php,http://oomori-soken.co.jp/company/,yes,ok
株式会社オスク,https://iii-osk.co.jp/,,,https://iii-osk.co.jp/contact/,H｜店舗内装・設計施工・什器・設備支援,日本ディスプレイ業団体連合会公式構成員：店舗・商業空間の企画設計・施工支援,https://www.display.or.jp/memberslist/memlist.php,https://iii-osk.co.jp/aboutus/,yes,ok
株式会社オトムラ,https://www.otomura.co.jp/,,,https://www.otomura.co.jp/contact/,H｜店舗内装・設計施工・什器・設備支援,日本ディスプレイ業団体連合会公式構成員：店舗・商業空間の企画設計・施工支援,https://www.display.or.jp/memberslist/memlist.php,https://www.otomura.co.jp/about/,yes,ok
株式会社オマージュ,http://www.hommage-osc.co.jp/,,,https://www.hommage-osc.co.jp/contact/,H｜店舗内装・設計施工・什器・設備支援,日本ディスプレイ業団体連合会公式構成員：店舗・商業空間の企画設計・施工支援,https://www.display.or.jp/memberslist/memlist.php,https://www.hommage-osc.co.jp/about/,yes,ok
株式会社オークエンジニアリング,http://www.oak-engineering.co.jp/,,,http://www.oak-engineering.co.jp/inquiry.html,H｜店舗内装・設計施工・什器・設備支援,日本ディスプレイ業団体連合会公式構成員：店舗・商業空間の企画設計・施工支援,https://www.display.or.jp/memberslist/memlist.php,http://www.oak-engineering.co.jp/,no,ok
株式会社オーティス,https://otis.ne.jp/,,,https://otis.ne.jp/,H｜店舗内装・設計施工・什器・設備支援,日本ディスプレイ業団体連合会公式構成員：店舗・商業空間の企画設計・施工支援,https://www.display.or.jp/memberslist/memlist.php,https://otis.ne.jp/company,yes,ok
株式会社カトウスタヂオ,http://www.katostudio.jp/,,,http://www.katostudio.jp/contact/,H｜店舗内装・設計施工・什器・設備支援,日本ディスプレイ業団体連合会公式構成員：店舗・商業空間の企画設計・施工支援,https://www.display.or.jp/memberslist/memlist.php,http://www.katostudio.jp/,no,ok
株式会社カブキヤ,https://kabukiya.co.jp/,,,http://kabukiya.co.jp/contact/,H｜店舗内装・設計施工・什器・設備支援,日本ディスプレイ業団体連合会公式構成員：店舗・商業空間の企画設計・施工支援,https://www.display.or.jp/memberslist/memlist.php,https://kabukiya.co.jp/company/,yes,ok
株式会社カマタデザインルーム,http://www.kamata-designroom.co.jp/,,,,H｜店舗内装・設計施工・什器・設備支援,日本ディスプレイ業団体連合会公式構成員：店舗・商業空間の企画設計・施工支援,https://www.display.or.jp/memberslist/memlist.php,http://www.kamata-designroom.co.jp/,no,ok
株式会社カマテック,https://www.kamatec.jp/,,,https://www.kamatec.jp/contact/,H｜店舗内装・設計施工・什器・設備支援,日本ディスプレイ業団体連合会公式構成員：店舗・商業空間の企画設計・施工支援,https://www.display.or.jp/memberslist/memlist.php,https://www.kamatec.jp/about/,yes,ok
株式会社カワハラネオン広告,https://k-neon.jp/,,,https://k-neon.jp/contact/,H｜店舗内装・設計施工・什器・設備支援,日本ディスプレイ業団体連合会公式構成員：店舗・商業空間の企画設計・施工支援,https://www.display.or.jp/memberslist/memlist.php,https://k-neon.jp/about/,yes,ok
株式会社カンコー 広告部,https://www.web-kanko.co.jp/,,,https://www.web-kanko.co.jp/contact/,H｜店舗内装・設計施工・什器・設備支援,日本ディスプレイ業団体連合会公式構成員：店舗・商業空間の企画設計・施工支援,https://www.display.or.jp/memberslist/memlist.php,https://www.web-kanko.co.jp/,no,ok
株式会社カーム,https://calm-kukan.co.jp/,,,https://calm-kukan.co.jp/contact/,H｜店舗内装・設計施工・什器・設備支援,日本ディスプレイ業団体連合会公式構成員：店舗・商業空間の企画設計・施工支援,https://www.display.or.jp/memberslist/memlist.php,https://calm-kukan.co.jp/company/,yes,ok
株式会社ガルーダシップ,https://garudaship.com/index.html,,,,H｜店舗内装・設計施工・什器・設備支援,日本ディスプレイ業団体連合会公式構成員：店舗・商業空間の企画設計・施工支援,https://www.display.or.jp/memberslist/memlist.php,,no,ConnectionError
株式会社キヌガワ福岡 大分店,https://www.kinugawa.com/,,,https://www.kinugawa.com/contact.php,H｜店舗内装・設計施工・什器・設備支援,日本ディスプレイ業団体連合会公式構成員：店舗・商業空間の企画設計・施工支援,https://www.display.or.jp/memberslist/memlist.php,https://www.kinugawa.com/,no,ok
株式会社クラフティ,https://www.crafty.co.jp/,,,https://www.crafty.co.jp/form-select/,H｜店舗内装・設計施工・什器・設備支援,日本ディスプレイ業団体連合会公式構成員：店舗・商業空間の企画設計・施工支援,https://www.display.or.jp/memberslist/memlist.php,https://www.crafty.co.jp/corporate/,yes,ok
株式会社クリスタル アイ,http://www.crystal-i.co.jp/,,,http://www.crystal-i.co.jp/contact,H｜店舗内装・設計施工・什器・設備支援,日本ディスプレイ業団体連合会公式構成員：店舗・商業空間の企画設計・施工支援,https://www.display.or.jp/memberslist/memlist.php,http://www.crystal-i.co.jp/company/,yes,ok
株式会社グラフィックス・シード,https://www.graphixseed.co.jp/,,,https://www.graphixseed.co.jp/contact,H｜店舗内装・設計施工・什器・設備支援,日本ディスプレイ業団体連合会公式構成員：店舗・商業空間の企画設計・施工支援,https://www.display.or.jp/memberslist/memlist.php,https://www.graphixseed.co.jp/about,yes,ok
株式会社グリフィン プロモーション事業部,https://ledpanel-rental.com/,,,,H｜店舗内装・設計施工・什器・設備支援,日本ディスプレイ業団体連合会公式構成員：店舗・商業空間の企画設計・施工支援,https://www.display.or.jp/memberslist/memlist.php,https://ledpanel-rental.com/,no,ok
株式会社グローバルアート,http://www.kanazawa-net.ne.jp/~global/,,,http://www.kanazawa-net.ne.jp/~global/contactus.html,H｜店舗内装・設計施工・什器・設備支援,日本ディスプレイ業団体連合会公式構成員：店舗・商業空間の企画設計・施工支援,https://www.display.or.jp/memberslist/memlist.php,http://www.kanazawa-net.ne.jp/~global/,no,ok
株式会社コウキ,http://kouki-sapporo.jimdo.com/,,,,H｜店舗内装・設計施工・什器・設備支援,日本ディスプレイ業団体連合会公式構成員：店舗・商業空間の企画設計・施工支援,https://www.display.or.jp/memberslist/memlist.php,,no,SSLError
株式会社コクシン,https://kokusin.com/,,,https://kokusin.com/omitsumori,H｜店舗内装・設計施工・什器・設備支援,日本ディスプレイ業団体連合会公式構成員：店舗・商業空間の企画設計・施工支援,https://www.display.or.jp/memberslist/memlist.php,https://kokusin.com/company/,yes,ok
株式会社コスギ,https://kosugi-ltd.co.jp/,,,https://kosugi-ltd.co.jp/contact/,H｜店舗内装・設計施工・什器・設備支援,日本ディスプレイ業団体連合会公式構成員：店舗・商業空間の企画設計・施工支援,https://www.display.or.jp/memberslist/memlist.php,https://kosugi-ltd.co.jp/company/,yes,ok
株式会社コバヤシ,http://www.kobayashi-corporation.co.jp/,,,,H｜店舗内装・設計施工・什器・設備支援,日本ディスプレイ業団体連合会公式構成員：店舗・商業空間の企画設計・施工支援,https://www.display.or.jp/memberslist/memlist.php,http://www.kobayashi-corporation.co.jp/,no,ok
株式会社コムレイド,https://www.com-rade.co.jp/,,,https://www.com-rade.co.jp/contact,H｜店舗内装・設計施工・什器・設備支援,日本ディスプレイ業団体連合会公式構成員：店舗・商業空間の企画設計・施工支援,https://www.display.or.jp/memberslist/memlist.php,https://www.com-rade.co.jp/about,yes,ok
株式会社コラボデザイン,https://co-lab003.com/,,,https://co-lab003.com/contact/,H｜店舗内装・設計施工・什器・設備支援,日本ディスプレイ業団体連合会公式構成員：店舗・商業空間の企画設計・施工支援,https://www.display.or.jp/memberslist/memlist.php,https://co-lab003.com/company/,yes,ok
株式会社コルボ,https://www.colbo.co.jp/,,,https://www.colbo.co.jp/contact/,H｜店舗内装・設計施工・什器・設備支援,日本ディスプレイ業団体連合会公式構成員：店舗・商業空間の企画設計・施工支援,https://www.display.or.jp/memberslist/memlist.php,https://www.colbo.co.jp/about/,yes,ok
株式会社サウンドエイト,https://www.soundeight.net/,,,https://www.soundeight.net/contact/,H｜店舗内装・設計施工・什器・設備支援,日本ディスプレイ業団体連合会公式構成員：店舗・商業空間の企画設計・施工支援,https://www.display.or.jp/memberslist/memlist.php,https://www.soundeight.net/company/niigata/,yes,ok
株式会社サンアップ,https://www.sunup.co.jp/,,,https://www.sunup.co.jp/contact.html,H｜店舗内装・設計施工・什器・設備支援,日本ディスプレイ業団体連合会公式構成員：店舗・商業空間の企画設計・施工支援,https://www.display.or.jp/memberslist/memlist.php,https://www.sunup.co.jp/company.html,yes,ok
株式会社サンコウ,https://3kou.co.jp/,,,https://3kou.co.jp/contact-form,H｜店舗内装・設計施工・什器・設備支援,日本ディスプレイ業団体連合会公式構成員：店舗・商業空間の企画設計・施工支援,https://www.display.or.jp/memberslist/memlist.php,https://3kou.co.jp/company,yes,ok
株式会社サンコー造型,https://sanko-zoukei.com/,,,https://sanko-zoukei.com/pages/3/,H｜店舗内装・設計施工・什器・設備支援,日本ディスプレイ業団体連合会公式構成員：店舗・商業空間の企画設計・施工支援,https://www.display.or.jp/memberslist/memlist.php,https://sanko-zoukei.com/,yes,ok
株式会社サンサイン,https://www.sansign.com/,,,https://www.sansign.com/contact/index.html,H｜店舗内装・設計施工・什器・設備支援,日本ディスプレイ業団体連合会公式構成員：店舗・商業空間の企画設計・施工支援,https://www.display.or.jp/memberslist/memlist.php,https://www.sansign.com/,no,ok
株式会社サンセーコー,http://www.sanseco.co.jp/,,,,H｜店舗内装・設計施工・什器・設備支援,日本ディスプレイ業団体連合会公式構成員：店舗・商業空間の企画設計・施工支援,https://www.display.or.jp/memberslist/memlist.php,http://www.sanseco.co.jp/,no,ok
株式会社シコー,http://www.shiko.co.jp/,,,http://www.shiko.co.jp/form.html,H｜店舗内装・設計施工・什器・設備支援,日本ディスプレイ業団体連合会公式構成員：店舗・商業空間の企画設計・施工支援,https://www.display.or.jp/memberslist/memlist.php,http://www.shiko.co.jp/,no,ok
株式会社シマスタジオ,https://www.shimastudio.co.jp/,,,https://www.shimastudio.co.jp/inquiry/,H｜店舗内装・設計施工・什器・設備支援,日本ディスプレイ業団体連合会公式構成員：店舗・商業空間の企画設計・施工支援,https://www.display.or.jp/memberslist/memlist.php,https://www.shimastudio.co.jp/,yes,ok
株式会社シンク・タンク,https://hiroshima-think-tank.co.jp/,,,https://hiroshima-think-tank.co.jp/contact/,H｜店舗内装・設計施工・什器・設備支援,日本ディスプレイ業団体連合会公式構成員：店舗・商業空間の企画設計・施工支援,https://www.display.or.jp/memberslist/memlist.php,https://hiroshima-think-tank.co.jp/company/,yes,ok
株式会社シ・ピ・エル,https://www.cpl-japan.com/,,,https://www.cpl-japan.com/contact/,H｜店舗内装・設計施工・什器・設備支援,日本ディスプレイ業団体連合会公式構成員：店舗・商業空間の企画設計・施工支援,https://www.display.or.jp/memberslist/memlist.php,https://www.cpl-japan.com/about/,yes,ok
株式会社シーエーリーディング,https://www.ca-leading.com/,,,https://www.ca-leading.com/,H｜店舗内装・設計施工・什器・設備支援,日本ディスプレイ業団体連合会公式構成員：店舗・商業空間の企画設計・施工支援,https://www.display.or.jp/memberslist/memlist.php,https://www.ca-leading.com/,yes,ok
株式会社シーマ 九州支店,https://www.cima-net.co.jp/,,,https://www.cima-net.co.jp/contact/,H｜店舗内装・設計施工・什器・設備支援,日本ディスプレイ業団体連合会公式構成員：店舗・商業空間の企画設計・施工支援,https://www.display.or.jp/memberslist/memlist.php,https://www.cima-net.co.jp/,no,ok
株式会社ジェイレンタル,http://www.j-rental.co.jp/,,,,H｜店舗内装・設計施工・什器・設備支援,日本ディスプレイ業団体連合会公式構成員：店舗・商業空間の企画設計・施工支援,https://www.display.or.jp/memberslist/memlist.php,http://www.j-rental.co.jp/about_use/,yes,ok
株式会社ジュリアン企画,https://www.jurian.co.jp/,,,https://www.jurian.co.jp/toiawase/toiawase.html,H｜店舗内装・設計施工・什器・設備支援,日本ディスプレイ業団体連合会公式構成員：店舗・商業空間の企画設計・施工支援,https://www.display.or.jp/memberslist/memlist.php,https://www.jurian.co.jp/,no,ok
株式会社ジークラフト,https://www.g-craft.ne.jp/,,,https://www.g-craft.ne.jp/form/,H｜店舗内装・設計施工・什器・設備支援,日本ディスプレイ業団体連合会公式構成員：店舗・商業空間の企画設計・施工支援,https://www.display.or.jp/memberslist/memlist.php,https://www.g-craft.ne.jp/about,yes,ok
株式会社ジールアソシエイツ,https://zeal-as.co.jp/,,,https://zeal-as.co.jp/contact/,H｜店舗内装・設計施工・什器・設備支援,日本ディスプレイ業団体連合会公式構成員：店舗・商業空間の企画設計・施工支援,https://www.display.or.jp/memberslist/memlist.php,https://zeal-as.co.jp/company/,yes,ok
株式会社スカワ,http://sukawa.co.jp/,,,https://sukawa.co.jp/?page_id=21,H｜店舗内装・設計施工・什器・設備支援,日本ディスプレイ業団体連合会公式構成員：店舗・商業空間の企画設計・施工支援,https://www.display.or.jp/memberslist/memlist.php,https://sukawa.co.jp/?page_id=249,yes,ok
株式会社スタジオ オー,https://www.studio-o.co.jp/,,,,H｜店舗内装・設計施工・什器・設備支援,日本ディスプレイ業団体連合会公式構成員：店舗・商業空間の企画設計・施工支援,https://www.display.or.jp/memberslist/memlist.php,https://www.studio-o.co.jp/company/,yes,ok
株式会社スタジオハル,http://www.studio-haru.jp/,,,,H｜店舗内装・設計施工・什器・設備支援,日本ディスプレイ業団体連合会公式構成員：店舗・商業空間の企画設計・施工支援,https://www.display.or.jp/memberslist/memlist.php,http://www.studio-haru.jp/,no,ok
株式会社スタジオピース,http://www.peace-t.com/,,,http://www.peace-t.com/contact.html,H｜店舗内装・設計施工・什器・設備支援,日本ディスプレイ業団体連合会公式構成員：店舗・商業空間の企画設計・施工支援,https://www.display.or.jp/memberslist/memlist.php,http://www.peace-t.com/,no,ok
株式会社ステラ,https://stella-exp.jp/,,,https://stella-exp.jp/contact,H｜店舗内装・設計施工・什器・設備支援,日本ディスプレイ業団体連合会公式構成員：店舗・商業空間の企画設計・施工支援,https://www.display.or.jp/memberslist/memlist.php,https://stella-exp.jp/company/,yes,ok
株式会社スパーク・クリエイション,https://spark-creation.com,,,,H｜店舗内装・設計施工・什器・設備支援,日本ディスプレイ業団体連合会公式構成員：店舗・商業空間の企画設計・施工支援,https://www.display.or.jp/memberslist/memlist.php,,no,SSLError
株式会社スペース,https://www.space-tokyo.co.jp/,,,https://www.space-tokyo.co.jp/contact/,H｜店舗内装・設計施工・什器・設備支援,日本ディスプレイ業団体連合会公式構成員：店舗・商業空間の企画設計・施工支援,https://www.display.or.jp/memberslist/memlist.php,https://www.space-tokyo.co.jp/company/,yes,ok
株式会社スマートノート,https://smartnote.jp/,,,https://smartnote.jp/contact/,H｜店舗内装・設計施工・什器・設備支援,日本ディスプレイ業団体連合会公式構成員：店舗・商業空間の企画設計・施工支援,https://www.display.or.jp/memberslist/memlist.php,https://smartnote.jp/company/,yes,ok
株式会社スリーエイト,http://www.three8.co.jp/,,,http://www.three8.co.jp/contact.php,H｜店舗内装・設計施工・什器・設備支援,日本ディスプレイ業団体連合会公式構成員：店舗・商業空間の企画設計・施工支援,https://www.display.or.jp/memberslist/memlist.php,http://www.three8.co.jp/about.php,yes,ok
株式会社セレスポ,https://www.cerespo.co.jp/,,,https://www.cerespo.co.jp/ir/management-information/?PHPSESSID=4db3d3c7e5f624c02b620322c09278b6,H｜店舗内装・設計施工・什器・設備支援,日本ディスプレイ業団体連合会公式構成員：店舗・商業空間の企画設計・施工支援,https://www.display.or.jp/memberslist/memlist.php,https://www.cerespo.co.jp/,no,ok
株式会社タップス ビトウ,http://www.tapsbito.co.jp/,,,,H｜店舗内装・設計施工・什器・設備支援,日本ディスプレイ業団体連合会公式構成員：店舗・商業空間の企画設計・施工支援,https://www.display.or.jp/memberslist/memlist.php,http://www.tapsbito.co.jp/company.html,yes,ok
株式会社タナックス,https://tanax-yokohama.com/,,,https://tanax-yokohama.com/contact/,H｜店舗内装・設計施工・什器・設備支援,日本ディスプレイ業団体連合会公式構成員：店舗・商業空間の企画設計・施工支援,https://www.display.or.jp/memberslist/memlist.php,https://tanax-yokohama.com/,no,ok
株式会社タナベ建装,https://tanabekenso.co.jp/,,,https://tanabekenso.co.jp/contact,H｜店舗内装・設計施工・什器・設備支援,日本ディスプレイ業団体連合会公式構成員：店舗・商業空間の企画設計・施工支援,https://www.display.or.jp/memberslist/memlist.php,https://tanabekenso.co.jp/company/,yes,ok
株式会社チクバ装飾社,http://www.chikubasoshoku.co.jp/,,,http://www.chikubasoshoku.co.jp/contact.html,H｜店舗内装・設計施工・什器・設備支援,日本ディスプレイ業団体連合会公式構成員：店舗・商業空間の企画設計・施工支援,https://www.display.or.jp/memberslist/memlist.php,http://www.chikubasoshoku.co.jp/,no,ok
株式会社チヨダディステム,https://www.distem.co.jp/,,,https://www.distem.co.jp/inquiry.html,H｜店舗内装・設計施工・什器・設備支援,日本ディスプレイ業団体連合会公式構成員：店舗・商業空間の企画設計・施工支援,https://www.display.or.jp/memberslist/memlist.php,https://www.distem.co.jp/company.html,yes,ok
株式会社ツカサ創研,https://www.tsukasa-soken.co.jp/,,,https://www.tsukasa-soken.co.jp/contact/,H｜店舗内装・設計施工・什器・設備支援,日本ディスプレイ業団体連合会公式構成員：店舗・商業空間の企画設計・施工支援,https://www.display.or.jp/memberslist/memlist.php,https://www.tsukasa-soken.co.jp/company/,yes,ok
株式会社ティ・シィ・エス,http://www.t-c-s.co.jp/,,,http://www.t-c-s.co.jp/contact/index.php,H｜店舗内装・設計施工・什器・設備支援,日本ディスプレイ業団体連合会公式構成員：店舗・商業空間の企画設計・施工支援,https://www.display.or.jp/memberslist/memlist.php,http://www.t-c-s.co.jp/outline/index.php,yes,ok
株式会社テック,https://www.tekcoltd.com/,,,,H｜店舗内装・設計施工・什器・設備支援,日本ディスプレイ業団体連合会公式構成員：店舗・商業空間の企画設計・施工支援,https://www.display.or.jp/memberslist/memlist.php,https://www.tekcoltd.com/company/,yes,ok
株式会社テプロス,https://www.tepros.co.jp:443/,,,https://www.tepros.co.jp:443/,H｜店舗内装・設計施工・什器・設備支援,日本ディスプレイ業団体連合会公式構成員：店舗・商業空間の企画設計・施工支援,https://www.display.or.jp/memberslist/memlist.php,https://www.tepros.co.jp:443/,yes,ok
株式会社テン,https://www.teninc.co.jp/,,,https://www.teninc.co.jp/,H｜店舗内装・設計施工・什器・設備支援,日本ディスプレイ業団体連合会公式構成員：店舗・商業空間の企画設計・施工支援,https://www.display.or.jp/memberslist/memlist.php,https://www.teninc.co.jp/,no,ok
株式会社ディスプレイミワボシ大阪店,https://www.miwaboshi.com/,,,https://www.miwaboshi.com/contact.html,H｜店舗内装・設計施工・什器・設備支援,日本ディスプレイ業団体連合会公式構成員：店舗・商業空間の企画設計・施工支援,https://www.display.or.jp/memberslist/memlist.php,https://www.miwaboshi.com/,no,ok
株式会社ディスプレイ日工,https://www.display-nikko.jp/,,,https://www.display-nikko.jp/inquiry.html,H｜店舗内装・設計施工・什器・設備支援,日本ディスプレイ業団体連合会公式構成員：店舗・商業空間の企画設計・施工支援,https://www.display.or.jp/memberslist/memlist.php,https://www.display-nikko.jp/,no,ok
株式会社ディー・ファクトリー,https://dfact.co.jp/,,,https://dfact.co.jp/contact/,H｜店舗内装・設計施工・什器・設備支援,日本ディスプレイ業団体連合会公式構成員：店舗・商業空間の企画設計・施工支援,https://www.display.or.jp/memberslist/memlist.php,https://dfact.co.jp/company/,yes,ok
株式会社デコラム,http://www.decoram.co.jp/,,,http://www.decoram.co.jp/product/marking-film/conformable/,H｜店舗内装・設計施工・什器・設備支援,日本ディスプレイ業団体連合会公式構成員：店舗・商業空間の企画設計・施工支援,https://www.display.or.jp/memberslist/memlist.php,http://www.decoram.co.jp/aboutus/,yes,ok
株式会社デコラート,http://www.decorart.biz/,,,,H｜店舗内装・設計施工・什器・設備支援,日本ディスプレイ業団体連合会公式構成員：店舗・商業空間の企画設計・施工支援,https://www.display.or.jp/memberslist/memlist.php,http://www.decorart.biz/,no,ok
株式会社デコール,https://www.decor1995.com/,,,https://www.decor1995.com/,H｜店舗内装・設計施工・什器・設備支援,日本ディスプレイ業団体連合会公式構成員：店舗・商業空間の企画設計・施工支援,https://www.display.or.jp/memberslist/memlist.php,https://www.decor1995.com/company/,yes,ok
株式会社デザインアートセンター,http://www.dac-jp.com/,,,http://www.dac-jp.com/contact/,H｜店舗内装・設計施工・什器・設備支援,日本ディスプレイ業団体連合会公式構成員：店舗・商業空間の企画設計・施工支援,https://www.display.or.jp/memberslist/memlist.php,http://www.dac-jp.com/about/,yes,ok
株式会社トコウ,https://toko-toso.com/,,,https://toko-toso.com/contact,H｜店舗内装・設計施工・什器・設備支援,日本ディスプレイ業団体連合会公式構成員：店舗・商業空間の企画設計・施工支援,https://www.display.or.jp/memberslist/memlist.php,https://toko-toso.com/company,yes,ok
株式会社トーガシ大阪支店,https://www.tohgashi.co.jp/,,,https://www.tohgashi.co.jp/contact/,H｜店舗内装・設計施工・什器・設備支援,日本ディスプレイ業団体連合会公式構成員：店舗・商業空間の企画設計・施工支援,https://www.display.or.jp/memberslist/memlist.php,https://www.tohgashi.co.jp/,no,ok
株式会社トーフォーアド,https://tfa-sign.com/,,,https://tfa-sign.com/contact,H｜店舗内装・設計施工・什器・設備支援,日本ディスプレイ業団体連合会公式構成員：店舗・商業空間の企画設計・施工支援,https://www.display.or.jp/memberslist/memlist.php,https://tfa-sign.com/information,yes,ok
株式会社ナカムラ綜美,https://nakamura-soubi.co.jp/,,,https://nakamura-soubi.co.jp/contact/,H｜店舗内装・設計施工・什器・設備支援,日本ディスプレイ業団体連合会公式構成員：店舗・商業空間の企画設計・施工支援,https://www.display.or.jp/memberslist/memlist.php,https://nakamura-soubi.co.jp/company/,yes,ok
株式会社ニカヤコーポレーション,https://www.nikaya.co.jp/,,,https://www.nikaya.co.jp/,H｜店舗内装・設計施工・什器・設備支援,日本ディスプレイ業団体連合会公式構成員：店舗・商業空間の企画設計・施工支援,https://www.display.or.jp/memberslist/memlist.php,https://www.nikaya.co.jp/company.php,yes,ok
株式会社ニシケン,https://www.inkjet-navi.jp/,,,https://www.inkjet-navi.jp/contact/,H｜店舗内装・設計施工・什器・設備支援,日本ディスプレイ業団体連合会公式構成員：店舗・商業空間の企画設計・施工支援,https://www.display.or.jp/memberslist/memlist.php,https://www.inkjet-navi.jp/processing/,yes,ok
株式会社ニチナン,https://www.nichinan.cc/,,,https://www.nichinan.cc/contact/,H｜店舗内装・設計施工・什器・設備支援,日本ディスプレイ業団体連合会公式構成員：店舗・商業空間の企画設計・施工支援,https://www.display.or.jp/memberslist/memlist.php,https://www.nichinan.cc/,no,ok
株式会社ニップコーポレーション 北九州営業所,https://www.nip-co.co.jp/,,,https://www.nip-co.co.jp/contact/catalog/,H｜店舗内装・設計施工・什器・設備支援,日本ディスプレイ業団体連合会公式構成員：店舗・商業空間の企画設計・施工支援,https://www.display.or.jp/memberslist/memlist.php,https://www.nip-co.co.jp/,no,ok
株式会社ニホンディスプレイ,https://www.nihondisplay.co.jp/,,,https://www.nihondisplay.co.jp/contactus/,H｜店舗内装・設計施工・什器・設備支援,日本ディスプレイ業団体連合会公式構成員：店舗・商業空間の企画設計・施工支援,https://www.display.or.jp/memberslist/memlist.php,https://www.nihondisplay.co.jp/aboutus/,yes,ok
株式会社ノムラアークス,https://www.nomura-archs.co.jp/,,,https://www.nomura-archs.co.jp/contact/,H｜店舗内装・設計施工・什器・設備支援,日本ディスプレイ業団体連合会公式構成員：店舗・商業空間の企画設計・施工支援,https://www.display.or.jp/memberslist/memlist.php,https://www.nomura-archs.co.jp/company/topmessage/,yes,ok
株式会社ノムラメディアス,https://www.nomura-medias.co.jp/,,,https://www.nomura-medias.co.jp/contact/,H｜店舗内装・設計施工・什器・設備支援,日本ディスプレイ業団体連合会公式構成員：店舗・商業空間の企画設計・施工支援,https://www.display.or.jp/memberslist/memlist.php,https://www.nomura-medias.co.jp/about/,yes,ok
株式会社ノーブル,https://www.noble-lofty.co.jp/,,,https://www.noble-lofty.co.jp/contact/,H｜店舗内装・設計施工・什器・設備支援,日本ディスプレイ業団体連合会公式構成員：店舗・商業空間の企画設計・施工支援,https://www.display.or.jp/memberslist/memlist.php,https://www.noble-lofty.co.jp/company/,yes,ok
株式会社ハセ巧芸,http://hasekougei.com/,,,https://hasekougei.com/contact/,H｜店舗内装・設計施工・什器・設備支援,日本ディスプレイ業団体連合会公式構成員：店舗・商業空間の企画設計・施工支援,https://www.display.or.jp/memberslist/memlist.php,https://hasekougei.com/company,yes,ok
株式会社ハダ工芸社,https://hadakogeisha.com/,,,https://hadakogeisha.com/contact.php,H｜店舗内装・設計施工・什器・設備支援,日本ディスプレイ業団体連合会公式構成員：店舗・商業空間の企画設計・施工支援,https://www.display.or.jp/memberslist/memlist.php,https://hadakogeisha.com/company.php,yes,ok
株式会社ハマジ,https://www.k-hamaji.com/,,,https://www.k-hamaji.com/contact/index.html,H｜店舗内装・設計施工・什器・設備支援,日本ディスプレイ業団体連合会公式構成員：店舗・商業空間の企画設計・施工支援,https://www.display.or.jp/memberslist/memlist.php,https://www.k-hamaji.com/company/index.html,yes,ok
株式会社ハートス,https://www.heart-s.co.jp/,,,https://www.heart-s.co.jp/inquiry/,H｜店舗内装・設計施工・什器・設備支援,日本ディスプレイ業団体連合会公式構成員：店舗・商業空間の企画設計・施工支援,https://www.display.or.jp/memberslist/memlist.php,https://www.heart-s.co.jp/company/,yes,ok
株式会社バルデザイングループ,https://val-designgroup.com/,,,https://val-designgroup.com/contact/,H｜店舗内装・設計施工・什器・設備支援,日本ディスプレイ業団体連合会公式構成員：店舗・商業空間の企画設計・施工支援,https://www.display.or.jp/memberslist/memlist.php,https://val-designgroup.com/about/,yes,ok
株式会社パワーアップ,https://www.power-up.co.jp/,,,https://www.power-up.co.jp/form/63707/adoption-inquiry,H｜店舗内装・設計施工・什器・設備支援,日本ディスプレイ業団体連合会公式構成員：店舗・商業空間の企画設計・施工支援,https://www.display.or.jp/memberslist/memlist.php,https://www.power-up.co.jp/corporate,yes,ok
株式会社ヒラカワ,http://hirakawa-display.com/,,,http://hirakawa-display.com/contact/,H｜店舗内装・設計施工・什器・設備支援,日本ディスプレイ業団体連合会公式構成員：店舗・商業空間の企画設計・施工支援,https://www.display.or.jp/memberslist/memlist.php,http://hirakawa-display.com/company/,yes,ok
株式会社ヒラツカ・リース,http://www.hiratsuka-lease.co.jp/,,,http://www.hiratsuka-lease.co.jp/contact/,H｜店舗内装・設計施工・什器・設備支援,日本ディスプレイ業団体連合会公式構成員：店舗・商業空間の企画設計・施工支援,https://www.display.or.jp/memberslist/memlist.php,http://www.hiratsuka-lease.co.jp/,no,ok
株式会社ヒラミヤ,https://www.hiramiya.co.jp/<br>,,,,H｜店舗内装・設計施工・什器・設備支援,日本ディスプレイ業団体連合会公式構成員：店舗・商業空間の企画設計・施工支援,https://www.display.or.jp/memberslist/memlist.php,,no,HTTPError
株式会社ヒート・システム,http://heatsystem.co.jp/,,,,H｜店舗内装・設計施工・什器・設備支援,日本ディスプレイ業団体連合会公式構成員：店舗・商業空間の企画設計・施工支援,https://www.display.or.jp/memberslist/memlist.php,http://heatsystem.co.jp/,no,ok
株式会社ビジネス・アート,http://www.business-art.co.jp/,,,http://www.business-art.co.jp/contact.html,H｜店舗内装・設計施工・什器・設備支援,日本ディスプレイ業団体連合会公式構成員：店舗・商業空間の企画設計・施工支援,https://www.display.or.jp/memberslist/memlist.php,http://www.business-art.co.jp/,no,ok
株式会社ビービー・ワン,https://bb-1.co.jp/,,,https://bb-1.co.jp/contact.php,H｜店舗内装・設計施工・什器・設備支援,日本ディスプレイ業団体連合会公式構成員：店舗・商業空間の企画設計・施工支援,https://www.display.or.jp/memberslist/memlist.php,https://bb-1.co.jp/company/,yes,ok
株式会社ビーピーエー,https://www.bpa.co.jp/,,,https://www.bpa.co.jp/,H｜店舗内装・設計施工・什器・設備支援,日本ディスプレイ業団体連合会公式構成員：店舗・商業空間の企画設計・施工支援,https://www.display.or.jp/memberslist/memlist.php,https://www.bpa.co.jp/,no,ok
株式会社ピオ・プランナーズ,https://pio-p.co.jp/,,,https://pio-p.co.jp/contact/,H｜店舗内装・設計施工・什器・設備支援,日本ディスプレイ業団体連合会公式構成員：店舗・商業空間の企画設計・施工支援,https://www.display.or.jp/memberslist/memlist.php,https://pio-p.co.jp/aboutus/,yes,ok
株式会社ファイブス,https://www.fives-s.jp/,,,https://www.fives-s.jp/inquiry/,H｜店舗内装・設計施工・什器・設備支援,日本ディスプレイ業団体連合会公式構成員：店舗・商業空間の企画設計・施工支援,https://www.display.or.jp/memberslist/memlist.php,https://www.fives-s.jp/about/,yes,ok
株式会社ファクト,https://fact-2012.co.jp/,,,https://fact-2012.co.jp/contact/,H｜店舗内装・設計施工・什器・設備支援,日本ディスプレイ業団体連合会公式構成員：店舗・商業空間の企画設計・施工支援,https://www.display.or.jp/memberslist/memlist.php,https://fact-2012.co.jp/company/,yes,ok
株式会社ファースト,https://www.first-sp.com/,,,https://www.first-sp.com/toiawaseform/toiawaseform.html,H｜店舗内装・設計施工・什器・設備支援,日本ディスプレイ業団体連合会公式構成員：店舗・商業空間の企画設計・施工支援,https://www.display.or.jp/memberslist/memlist.php,https://www.first-sp.com/corporate/vision.html,yes,ok
株式会社フォトクラフト社,https://www.photocraft.co.jp/,,,https://www.photocraft.co.jp/contact/,H｜店舗内装・設計施工・什器・設備支援,日本ディスプレイ業団体連合会公式構成員：店舗・商業空間の企画設計・施工支援,https://www.display.or.jp/memberslist/memlist.php,https://www.photocraft.co.jp/company/,yes,ok
株式会社フォーク,http://www.folk-avc.com/,,,http://www.folk-avc.com/contact-2/,H｜店舗内装・設計施工・什器・設備支援,日本ディスプレイ業団体連合会公式構成員：店舗・商業空間の企画設計・施工支援,https://www.display.or.jp/memberslist/memlist.php,http://www.folk-avc.com/,yes,ok
株式会社フォーバックス,https://www.f-backs.co.jp/,,,https://www.f-backs.co.jp/contact/,H｜店舗内装・設計施工・什器・設備支援,日本ディスプレイ業団体連合会公式構成員：店舗・商業空間の企画設計・施工支援,https://www.display.or.jp/memberslist/memlist.php,https://www.f-backs.co.jp/,yes,ok
株式会社フジコー 九州支店,https://fujiko-inc.co.jp/,,,https://fujiko-inc.co.jp/contact/,H｜店舗内装・設計施工・什器・設備支援,日本ディスプレイ業団体連合会公式構成員：店舗・商業空間の企画設計・施工支援,https://www.display.or.jp/memberslist/memlist.php,https://fujiko-inc.co.jp/,no,ok
株式会社フジヤ 福岡支店,https://www.fujiya-net.co.jp/,,,https://www.fujiya-net.co.jp/contact,H｜店舗内装・設計施工・什器・設備支援,日本ディスプレイ業団体連合会公式構成員：店舗・商業空間の企画設計・施工支援,https://www.display.or.jp/memberslist/memlist.php,https://www.fujiya-net.co.jp/,no,ok
株式会社フレンドシップ,http://g-friendship.co.jp/,,,http://g-friendship.co.jp/contact/,H｜店舗内装・設計施工・什器・設備支援,日本ディスプレイ業団体連合会公式構成員：店舗・商業空間の企画設計・施工支援,https://www.display.or.jp/memberslist/memlist.php,http://g-friendship.co.jp/company/,yes,ok
株式会社ブルー,https://www.blue-japan.co.jp/,,,,H｜店舗内装・設計施工・什器・設備支援,日本ディスプレイ業団体連合会公式構成員：店舗・商業空間の企画設計・施工支援,https://www.display.or.jp/memberslist/memlist.php,https://www.blue-japan.co.jp/,no,ok
株式会社プラスワン,http://www.plusone.tv/,,,http://www.plusone.tv/contents/contact.html,H｜店舗内装・設計施工・什器・設備支援,日本ディスプレイ業団体連合会公式構成員：店舗・商業空間の企画設計・施工支援,https://www.display.or.jp/memberslist/memlist.php,http://www.plusone.tv/,no,ok
株式会社プランニング大分,https://www.planning-oita.jp/,,,https://www.planning-oita.jp/contact,H｜店舗内装・設計施工・什器・設備支援,日本ディスプレイ業団体連合会公式構成員：店舗・商業空間の企画設計・施工支援,https://www.display.or.jp/memberslist/memlist.php,https://www.planning-oita.jp/message/,yes,ok
株式会社ヘルム喜早,https://www.kisoh.com/,,,https://www.kisoh.com/contact,H｜店舗内装・設計施工・什器・設備支援,日本ディスプレイ業団体連合会公式構成員：店舗・商業空間の企画設計・施工支援,https://www.display.or.jp/memberslist/memlist.php,https://www.kisoh.com/,no,ok
株式会社ベスト,https://best-inc.net/,,,https://www.best-inc.net/contact/,H｜店舗内装・設計施工・什器・設備支援,日本ディスプレイ業団体連合会公式構成員：店舗・商業空間の企画設計・施工支援,https://www.display.or.jp/memberslist/memlist.php,https://www.best-inc.net/about/,yes,ok
株式会社ベネフィットライン,http://www.benefit-l.co.jp/,,,http://www.benefit-l.co.jp/partner_contact/,H｜店舗内装・設計施工・什器・設備支援,日本ディスプレイ業団体連合会公式構成員：店舗・商業空間の企画設計・施工支援,https://www.display.or.jp/memberslist/memlist.php,http://www.benefit-l.co.jp/profile/,yes,ok
株式会社ベルアドワイズ,https://www.signweb.co.jp/,,,https://www.signweb.co.jp/inquiry,H｜店舗内装・設計施工・什器・設備支援,日本ディスプレイ業団体連合会公式構成員：店舗・商業空間の企画設計・施工支援,https://www.display.or.jp/memberslist/memlist.php,https://www.signweb.co.jp/company.html,yes,ok
株式会社ベルアドワイズ,https://www.belleadwise.jp/,,,https://www.belleadwise.jp/contact/,H｜店舗内装・設計施工・什器・設備支援,日本ディスプレイ業団体連合会公式構成員：店舗・商業空間の企画設計・施工支援,https://www.display.or.jp/memberslist/memlist.php,https://www.belleadwise.jp/company/,yes,ok
株式会社ホクスイ,https://www.hokusui.store/,,,https://www.hokusui.store/contact,H｜店舗内装・設計施工・什器・設備支援,日本ディスプレイ業団体連合会公式構成員：店舗・商業空間の企画設計・施工支援,https://www.display.or.jp/memberslist/memlist.php,https://www.hokusui.store/about,yes,ok
株式会社ボックス・ツー,https://box2.co.jp/,,,https://box2.co.jp/information/,H｜店舗内装・設計施工・什器・設備支援,日本ディスプレイ業団体連合会公式構成員：店舗・商業空間の企画設計・施工支援,https://www.display.or.jp/memberslist/memlist.php,https://box2.co.jp/about/,yes,ok
株式会社ボックス・ワン,https://www.box1.co.jp,,,,H｜店舗内装・設計施工・什器・設備支援,日本ディスプレイ業団体連合会公式構成員：店舗・商業空間の企画設計・施工支援,https://www.display.or.jp/memberslist/memlist.php,,no,SSLError
株式会社マエダ,https://www.kk-maeda.co.jp/,,,https://www.kk-maeda.co.jp/maeda-top-page/company-information/,H｜店舗内装・設計施工・什器・設備支援,日本ディスプレイ業団体連合会公式構成員：店舗・商業空間の企画設計・施工支援,https://www.display.or.jp/memberslist/memlist.php,https://www.kk-maeda.co.jp/category/pick-up-company-landscape/,yes,ok
株式会社マックスサポート,https://maxsupport.co.jp/,,,https://maxsupport.co.jp/contact/,H｜店舗内装・設計施工・什器・設備支援,日本ディスプレイ業団体連合会公式構成員：店舗・商業空間の企画設計・施工支援,https://www.display.or.jp/memberslist/memlist.php,https://maxsupport.co.jp/company/,yes,ok
株式会社マッシュ,https://www.mash-co.co.jp/,,,,H｜店舗内装・設計施工・什器・設備支援,日本ディスプレイ業団体連合会公式構成員：店舗・商業空間の企画設計・施工支援,https://www.display.or.jp/memberslist/memlist.php,https://www.mash-co.co.jp/,no,ok
株式会社マツシタ,https://www.matusita.co.jp/,,,https://www.matusita.co.jp/contact.html,H｜店舗内装・設計施工・什器・設備支援,日本ディスプレイ業団体連合会公式構成員：店舗・商業空間の企画設計・施工支援,https://www.display.or.jp/memberslist/memlist.php,https://www.matusita.co.jp/,no,ok
株式会社ミケランジェロ,https://michelangelo.co.jp/,,,,H｜店舗内装・設計施工・什器・設備支援,日本ディスプレイ業団体連合会公式構成員：店舗・商業空間の企画設計・施工支援,https://www.display.or.jp/memberslist/memlist.php,https://michelangelo.co.jp/company/,yes,ok
株式会社ミマキエンジニアリング,https://japan.mimaki.com/,,,https://japan.mimaki.com/inquiry/,H｜店舗内装・設計施工・什器・設備支援,日本ディスプレイ業団体連合会公式構成員：店舗・商業空間の企画設計・施工支援,https://www.display.or.jp/memberslist/memlist.php,https://japan.mimaki.com/,yes,ok
株式会社ミュージッククラブ,https://musicclub.co.jp/,,,https://musicclub.co.jp/contact/index.php,H｜店舗内装・設計施工・什器・設備支援,日本ディスプレイ業団体連合会公式構成員：店舗・商業空間の企画設計・施工支援,https://www.display.or.jp/memberslist/memlist.php,https://musicclub.co.jp/,yes,ok
株式会社ムラコシ工芸,https://www.murakoshi-inc.co.jp/,,,https://www.murakoshi-inc.co.jp/contact/,H｜店舗内装・設計施工・什器・設備支援,日本ディスプレイ業団体連合会公式構成員：店舗・商業空間の企画設計・施工支援,https://www.display.or.jp/memberslist/memlist.php,https://www.murakoshi-inc.co.jp/news/establishment_of_new_company/,yes,ok
株式会社ムラック,https://www.muraq.co.jp/,,,https://www.muraq.co.jp/service/,H｜店舗内装・設計施工・什器・設備支援,日本ディスプレイ業団体連合会公式構成員：店舗・商業空間の企画設計・施工支援,https://www.display.or.jp/memberslist/memlist.php,https://www.muraq.co.jp/,no,ok
株式会社ムラヤマ関西支社,https://www.murayama.co.jp/,,,https://www.murayama.co.jp/company/information/,H｜店舗内装・設計施工・什器・設備支援,日本ディスプレイ業団体連合会公式構成員：店舗・商業空間の企画設計・施工支援,https://www.display.or.jp/memberslist/memlist.php,https://www.murayama.co.jp/,no,ok
株式会社ムーヴ 南日本統括部,https://www.move-grp.co.jp/,,,,H｜店舗内装・設計施工・什器・設備支援,日本ディスプレイ業団体連合会公式構成員：店舗・商業空間の企画設計・施工支援,https://www.display.or.jp/memberslist/memlist.php,https://www.move-grp.co.jp/,no,ok
株式会社メイショー,http://meisho-jpn.com/,,,,H｜店舗内装・設計施工・什器・設備支援,日本ディスプレイ業団体連合会公式構成員：店舗・商業空間の企画設計・施工支援,https://www.display.or.jp/memberslist/memlist.php,http://meisho-jpn.com/profile.html,yes,ok
株式会社モダンパラダイス,https://modern-paradise.co.jp/,,,https://modern-paradise.co.jp/contact/,H｜店舗内装・設計施工・什器・設備支援,日本ディスプレイ業団体連合会公式構成員：店舗・商業空間の企画設計・施工支援,https://www.display.or.jp/memberslist/memlist.php,https://modern-paradise.co.jp/company/,yes,ok
株式会社モノクローム,https://ldmonochrome.com/,,,,H｜店舗内装・設計施工・什器・設備支援,日本ディスプレイ業団体連合会公式構成員：店舗・商業空間の企画設計・施工支援,https://www.display.or.jp/memberslist/memlist.php,https://ldmonochrome.com/,yes,ok
株式会社モリタ装芸,https://www.dejimo.co.jp/,,,https://www.dejimo.co.jp/contact/,H｜店舗内装・設計施工・什器・設備支援,日本ディスプレイ業団体連合会公式構成員：店舗・商業空間の企画設計・施工支援,https://www.display.or.jp/memberslist/memlist.php,https://www.dejimo.co.jp/company/,yes,ok
株式会社ヤマテ・サイン,https://yamate-sign.jp/,,,https://yamate-sign.jp/contact/,H｜店舗内装・設計施工・什器・設備支援,日本ディスプレイ業団体連合会公式構成員：店舗・商業空間の企画設計・施工支援,https://www.display.or.jp/memberslist/memlist.php,https://yamate-sign.jp/about/,yes,ok
株式会社ヤマトクリエイション 仙台営業所,https://yamato-creation.com/,,,https://yamato-creation.com/contact/,H｜店舗内装・設計施工・什器・設備支援,日本ディスプレイ業団体連合会公式構成員：店舗・商業空間の企画設計・施工支援,https://www.display.or.jp/memberslist/memlist.php,https://yamato-creation.com/,no,ok
株式会社ヤマトマネキン・イースト,https://www.yamatomannequin-east.com/,,,https://www.yamatomannequin-east.com/contact/,H｜店舗内装・設計施工・什器・設備支援,日本ディスプレイ業団体連合会公式構成員：店舗・商業空間の企画設計・施工支援,https://www.display.or.jp/memberslist/memlist.php,https://www.yamatomannequin-east.com/about/,yes,ok
株式会社ヤマフジ 所沢工場,https://www.yamafuji-inc.co.jp/,,,https://www.yamafuji-inc.co.jp/pages/3/,H｜店舗内装・設計施工・什器・設備支援,日本ディスプレイ業団体連合会公式構成員：店舗・商業空間の企画設計・施工支援,https://www.display.or.jp/memberslist/memlist.php,https://www.yamafuji-inc.co.jp/,no,ok
株式会社ユウキ創芸,http://www.yuki-sogei.com/,,,,H｜店舗内装・設計施工・什器・設備支援,日本ディスプレイ業団体連合会公式構成員：店舗・商業空間の企画設計・施工支援,https://www.display.or.jp/memberslist/memlist.php,,no,HTTPError
株式会社ユニオンアルファ,https://www.union-alpha.jp/,,,https://www.union-alpha.jp/contact.html,H｜店舗内装・設計施工・什器・設備支援,日本ディスプレイ業団体連合会公式構成員：店舗・商業空間の企画設計・施工支援,https://www.display.or.jp/memberslist/memlist.php,https://www.union-alpha.jp/about.html,yes,ok
株式会社ユニティー,https://www.unity-grp.co.jp/,,,https://www.unity-grp.co.jp/service/employment-information/,H｜店舗内装・設計施工・什器・設備支援,日本ディスプレイ業団体連合会公式構成員：店舗・商業空間の企画設計・施工支援,https://www.display.or.jp/memberslist/memlist.php,https://www.unity-grp.co.jp/company/%E7%A4%BE%E9%95%B7%E6%8C%A8%E6%8B%B6/,yes,ok
株式会社ユニ・マックス,https://www.unimax.co.jp/,,,https://www.unimax.co.jp/estimate,H｜店舗内装・設計施工・什器・設備支援,日本ディスプレイ業団体連合会公式構成員：店舗・商業空間の企画設計・施工支援,https://www.display.or.jp/memberslist/memlist.php,https://www.unimax.co.jp/company,yes,ok
株式会社ヨシイスタジオ,https://www.yoshiistudio.com/,,,http://yoshiistudio.com/desk/contact.html,H｜店舗内装・設計施工・什器・設備支援,日本ディスプレイ業団体連合会公式構成員：店舗・商業空間の企画設計・施工支援,https://www.display.or.jp/memberslist/memlist.php,https://yoshiistudio.com/report.html,yes,ok
株式会社ライブアド,https://www.livead.co.jp/,,,https://www.livead.co.jp/contact/,H｜店舗内装・設計施工・什器・設備支援,日本ディスプレイ業団体連合会公式構成員：店舗・商業空間の企画設計・施工支援,https://www.display.or.jp/memberslist/memlist.php,https://www.livead.co.jp/about.html,yes,ok
株式会社ラインナップ,https://www.lineup-grp.jp/,,,https://www.lineup-grp.jp/contact/,H｜店舗内装・設計施工・什器・設備支援,日本ディスプレイ業団体連合会公式構成員：店舗・商業空間の企画設計・施工支援,https://www.display.or.jp/memberslist/memlist.php,https://www.lineup-grp.jp/company/,yes,ok
株式会社ラックランド,https://www.luckland.co.jp/,,,https://www.luckland.co.jp/result/casecollection_en/top.html,H｜店舗内装・設計施工・什器・設備支援,日本ディスプレイ業団体連合会公式構成員：店舗・商業空間の企画設計・施工支援,https://www.display.or.jp/memberslist/memlist.php,https://www.luckland.co.jp/company/index.html,yes,ok
株式会社ラボ東京,https://labtokyo.co.jp/,,,https://labtokyo.co.jp/contact.php,H｜店舗内装・設計施工・什器・設備支援,日本ディスプレイ業団体連合会公式構成員：店舗・商業空間の企画設計・施工支援,https://www.display.or.jp/memberslist/memlist.php,https://labtokyo.co.jp/company.php,yes,ok
株式会社リグリード,https://liglead.co.jp/,,,https://liglead.co.jp/contact.html,H｜店舗内装・設計施工・什器・設備支援,日本ディスプレイ業団体連合会公式構成員：店舗・商業空間の企画設計・施工支援,https://www.display.or.jp/memberslist/memlist.php,https://liglead.co.jp/company.html,yes,ok
株式会社リッチマネキン,http://www.richmq.co.jp/,,,,H｜店舗内装・設計施工・什器・設備支援,日本ディスプレイ業団体連合会公式構成員：店舗・商業空間の企画設計・施工支援,https://www.display.or.jp/memberslist/memlist.php,http://www.richmq.co.jp/,no,ok
株式会社レインボウ,https://www.kk-rainbow.co.jp/,,,https://www.kk-rainbow.co.jp/contact/,H｜店舗内装・設計施工・什器・設備支援,日本ディスプレイ業団体連合会公式構成員：店舗・商業空間の企画設計・施工支援,https://www.display.or.jp/memberslist/memlist.php,https://www.kk-rainbow.co.jp/aboutus/,yes,ok
株式会社レント,https://www.rent.co.jp/,,,https://www.rent.co.jp/contact/,H｜店舗内装・設計施工・什器・設備支援,日本ディスプレイ業団体連合会公式構成員：店舗・商業空間の企画設計・施工支援,https://www.display.or.jp/memberslist/memlist.php,https://www.rent.co.jp/outline/,yes,ok
株式会社ワンウェイ,https://www.one-way.co.jp/,,,https://www.one-way.co.jp/contact_us,H｜店舗内装・設計施工・什器・設備支援,日本ディスプレイ業団体連合会公式構成員：店舗・商業空間の企画設計・施工支援,https://www.display.or.jp/memberslist/memlist.php,https://www.one-way.co.jp/company,yes,ok
株式会社ワークシステム,http://www.work-system.jp/,,,,H｜店舗内装・設計施工・什器・設備支援,日本ディスプレイ業団体連合会公式構成員：店舗・商業空間の企画設計・施工支援,https://www.display.or.jp/memberslist/memlist.php,http://www.work-system.jp/,no,ok
株式会社ワールドカラー,https://www.worldcolor.co.jp/,,,https://www.worldcolor.co.jp/contact,H｜店舗内装・設計施工・什器・設備支援,日本ディスプレイ業団体連合会公式構成員：店舗・商業空間の企画設計・施工支援,https://www.display.or.jp/memberslist/memlist.php,https://www.worldcolor.co.jp/company/,yes,ok
株式会社ヴィオラ,https://www.viola2015.co.jp/,,,https://www.viola2015.co.jp/contact/,H｜店舗内装・設計施工・什器・設備支援,日本ディスプレイ業団体連合会公式構成員：店舗・商業空間の企画設計・施工支援,https://www.display.or.jp/memberslist/memlist.php,https://www.viola2015.co.jp/about/,yes,ok
株式会社三共,http://www.kksankyo.com,,,,H｜店舗内装・設計施工・什器・設備支援,日本ディスプレイ業団体連合会公式構成員：店舗・商業空間の企画設計・施工支援,https://www.display.or.jp/memberslist/memlist.php,,no,HTTPError
株式会社三恵社,http://www.sankeisya.co.jp,,,,H｜店舗内装・設計施工・什器・設備支援,日本ディスプレイ業団体連合会公式構成員：店舗・商業空間の企画設計・施工支援,https://www.display.or.jp/memberslist/memlist.php,,no,SSLError
株式会社三美堂,https://sanbido.info/,,,https://sanbido.info/contact,H｜店舗内装・設計施工・什器・設備支援,日本ディスプレイ業団体連合会公式構成員：店舗・商業空間の企画設計・施工支援,https://www.display.or.jp/memberslist/memlist.php,https://sanbido.info/company/,yes,ok
株式会社三翔堂,http://www.sunshowdo.com/,,,,H｜店舗内装・設計施工・什器・設備支援,日本ディスプレイ業団体連合会公式構成員：店舗・商業空間の企画設計・施工支援,https://www.display.or.jp/memberslist/memlist.php,http://www.sunshowdo.com/,yes,ok
株式会社中京アドサイン,https://www.chukyo-ad.co.jp/,,,https://www.chukyo-ad.co.jp/contact,H｜店舗内装・設計施工・什器・設備支援,日本ディスプレイ業団体連合会公式構成員：店舗・商業空間の企画設計・施工支援,https://www.display.or.jp/memberslist/memlist.php,https://www.chukyo-ad.co.jp/company,yes,ok
株式会社中国ステージ,https://www.chugoku-st.com/,,,,H｜店舗内装・設計施工・什器・設備支援,日本ディスプレイ業団体連合会公式構成員：店舗・商業空間の企画設計・施工支援,https://www.display.or.jp/memberslist/memlist.php,https://www.chugoku-st.com/blank-1,yes,ok
株式会社中央工芸,http://www.chuo-kogei.co.jp,,,,H｜店舗内装・設計施工・什器・設備支援,日本ディスプレイ業団体連合会公式構成員：店舗・商業空間の企画設計・施工支援,https://www.display.or.jp/memberslist/memlist.php,,no,SSLError
株式会社中川堂,http://www.nakagawado.co.jp/index.html,,,http://www.nakagawado.co.jp/contact/index.html,H｜店舗内装・設計施工・什器・設備支援,日本ディスプレイ業団体連合会公式構成員：店舗・商業空間の企画設計・施工支援,https://www.display.or.jp/memberslist/memlist.php,http://www.nakagawado.co.jp/index.html,no,ok
株式会社中村住装,https://www.juso.co.jp/,,,https://www.juso.co.jp/contact/,H｜店舗内装・設計施工・什器・設備支援,日本ディスプレイ業団体連合会公式構成員：店舗・商業空間の企画設計・施工支援,https://www.display.or.jp/memberslist/memlist.php,https://www.juso.co.jp/company/,yes,ok
株式会社中村工社,https://www.nakamurakosha.jp/index.html,,,https://www.nakamurakosha.jp/information/index.html,H｜店舗内装・設計施工・什器・設備支援,日本ディスプレイ業団体連合会公式構成員：店舗・商業空間の企画設計・施工支援,https://www.display.or.jp/memberslist/memlist.php,https://www.nakamurakosha.jp/index.html,no,ok
株式会社中村建装,http://www.nakaken-id.com/,,,,H｜店舗内装・設計施工・什器・設備支援,日本ディスプレイ業団体連合会公式構成員：店舗・商業空間の企画設計・施工支援,https://www.display.or.jp/memberslist/memlist.php,http://www.nakaken-id.com/,no,ok
株式会社丸八テント商会,https://08tent.co.jp/,,,https://08tent.co.jp/contact_us/,H｜店舗内装・設計施工・什器・設備支援,日本ディスプレイ業団体連合会公式構成員：店舗・商業空間の企画設計・施工支援,https://www.display.or.jp/memberslist/memlist.php,https://08tent.co.jp/company/,yes,ok
株式会社丹青ディスプレイ,https://tanseidisplay.co.jp/,,,https://tanseidisplay.co.jp/contact/,H｜店舗内装・設計施工・什器・設備支援,日本ディスプレイ業団体連合会公式構成員：店舗・商業空間の企画設計・施工支援,https://www.display.or.jp/memberslist/memlist.php,https://tanseidisplay.co.jp/,yes,ok
株式会社丹青社,https://www.tanseisha.co.jp/,,,https://www.tanseisha.co.jp/contact,H｜店舗内装・設計施工・什器・設備支援,日本ディスプレイ業団体連合会公式構成員：店舗・商業空間の企画設計・施工支援,https://www.display.or.jp/memberslist/memlist.php,https://www.tanseisha.co.jp/about/,yes,ok
株式会社乃村工藝社 沖縄営業所,https://www.nomurakougei.co.jp/,,,https://www.nomurakougei.co.jp/inquiry/,H｜店舗内装・設計施工・什器・設備支援,日本ディスプレイ業団体連合会公式構成員：店舗・商業空間の企画設計・施工支援,https://www.display.or.jp/memberslist/memlist.php,https://www.nomurakougei.co.jp/,no,ok
株式会社五光,https://www.goko-net.jp/,,,https://www.goko-net.jp/information/,H｜店舗内装・設計施工・什器・設備支援,日本ディスプレイ業団体連合会公式構成員：店舗・商業空間の企画設計・施工支援,https://www.display.or.jp/memberslist/memlist.php,https://www.goko-net.jp/,yes,ok
株式会社京屋,https://kk-kyoya.co.jp/,,,https://kk-kyoya.co.jp/publics/index/105/,H｜店舗内装・設計施工・什器・設備支援,日本ディスプレイ業団体連合会公式構成員：店舗・商業空間の企画設計・施工支援,https://www.display.or.jp/memberslist/memlist.php,https://kk-kyoya.co.jp/publics/index/53/,yes,ok
株式会社仙台造型,http://www.senzou.co.jp/,,,http://www.senzou.co.jp/wp/contact/,H｜店舗内装・設計施工・什器・設備支援,日本ディスプレイ業団体連合会公式構成員：店舗・商業空間の企画設計・施工支援,https://www.display.or.jp/memberslist/memlist.php,http://www.senzou.co.jp/,no,ok
株式会社仲工芸,https://www.nakakohgei.com/,,,https://www.nakakohgei.com/contact-9,H｜店舗内装・設計施工・什器・設備支援,日本ディスプレイ業団体連合会公式構成員：店舗・商業空間の企画設計・施工支援,https://www.display.or.jp/memberslist/memlist.php,https://www.nakakohgei.com/%E4%BC%9A%E7%A4%BE%E6%A6%82%E8%A6%81,yes,ok
株式会社佐藤内装,https://www.s-naiso.net/,,,https://www.s-naiso.net/contact,H｜店舗内装・設計施工・什器・設備支援,日本ディスプレイ業団体連合会公式構成員：店舗・商業空間の企画設計・施工支援,https://www.display.or.jp/memberslist/memlist.php,https://www.s-naiso.net/company,yes,ok
株式会社光装飾,https://www.hikari-sign.com/,,,,H｜店舗内装・設計施工・什器・設備支援,日本ディスプレイ業団体連合会公式構成員：店舗・商業空間の企画設計・施工支援,https://www.display.or.jp/memberslist/memlist.php,https://www.hikari-sign.com/blank-4,yes,ok
株式会社光響社,https://www.the-renter.co.jp/,,,https://www.the-renter.co.jp/contact/,H｜店舗内装・設計施工・什器・設備支援,日本ディスプレイ業団体連合会公式構成員：店舗・商業空間の企画設計・施工支援,https://www.display.or.jp/memberslist/memlist.php,https://www.the-renter.co.jp/,no,ok
株式会社入江工芸社,http://irie-display.co.jp/,,,http://irie-display.co.jp/inquiry,H｜店舗内装・設計施工・什器・設備支援,日本ディスプレイ業団体連合会公式構成員：店舗・商業空間の企画設計・施工支援,https://www.display.or.jp/memberslist/memlist.php,http://irie-display.co.jp/info,yes,ok
株式会社六書堂,https://www.6sho.jp/,,,,H｜店舗内装・設計施工・什器・設備支援,日本ディスプレイ業団体連合会公式構成員：店舗・商業空間の企画設計・施工支援,https://www.display.or.jp/memberslist/memlist.php,https://6sho.jp/?page_id=18,yes,ok
株式会社共美工芸,https://k-kyobi.co.jp/,,,https://k-kyobi.co.jp/%e3%81%8a%e5%95%8f%e3%81%84%e5%90%88%e3%82%8f%e3%81%9b/,H｜店舗内装・設計施工・什器・設備支援,日本ディスプレイ業団体連合会公式構成員：店舗・商業空間の企画設計・施工支援,https://www.display.or.jp/memberslist/memlist.php,https://k-kyobi.co.jp/%E4%BC%9A%E7%A4%BE%E6%A6%82%E8%A6%81/,yes,ok
株式会社共臨社,https://kyorinsha-ws.jp/,,,https://kyorinsha-ws.jp/contact,H｜店舗内装・設計施工・什器・設備支援,日本ディスプレイ業団体連合会公式構成員：店舗・商業空間の企画設計・施工支援,https://www.display.or.jp/memberslist/memlist.php,https://kyorinsha-ws.jp/,no,ok
株式会社内本商會,https://uchimoto-shokai.co.jp/,,,https://uchimoto-shokai.co.jp/contents/contact/,H｜店舗内装・設計施工・什器・設備支援,日本ディスプレイ業団体連合会公式構成員：店舗・商業空間の企画設計・施工支援,https://www.display.or.jp/memberslist/memlist.php,https://uchimoto-shokai.co.jp/contents/profile/,yes,ok
株式会社創美社,https://www.sobisya-yamagata.com/,,,https://www.sobisya-yamagata.com/contact/,H｜店舗内装・設計施工・什器・設備支援,日本ディスプレイ業団体連合会公式構成員：店舗・商業空間の企画設計・施工支援,https://www.display.or.jp/memberslist/memlist.php,https://www.sobisya-yamagata.com/company/,yes,ok
株式会社創美社,https://sobisha-oita.com/,,,https://sobisha-oita.com/contact,H｜店舗内装・設計施工・什器・設備支援,日本ディスプレイ業団体連合会公式構成員：店舗・商業空間の企画設計・施工支援,https://www.display.or.jp/memberslist/memlist.php,https://sobisha-oita.com/company/,yes,ok
株式会社創電,http://www.souden-n.com/,,,,H｜店舗内装・設計施工・什器・設備支援,日本ディスプレイ業団体連合会公式構成員：店舗・商業空間の企画設計・施工支援,https://www.display.or.jp/memberslist/memlist.php,http://www.souden-n.com/,no,ok
株式会社北陸共立,https://hokuriku-kyoritz.jp/,,,,H｜店舗内装・設計施工・什器・設備支援,日本ディスプレイ業団体連合会公式構成員：店舗・商業空間の企画設計・施工支援,https://www.display.or.jp/memberslist/memlist.php,https://hokuriku-kyoritz.jp/,no,ok
株式会社千幸社,https://www.k-senkosha.jp/,,,,H｜店舗内装・設計施工・什器・設備支援,日本ディスプレイ業団体連合会公式構成員：店舗・商業空間の企画設計・施工支援,https://www.display.or.jp/memberslist/memlist.php,https://www.k-senkosha.jp/,yes,ok
株式会社千葉工芸社,http://chiba-kougeisya.com/,,,,H｜店舗内装・設計施工・什器・設備支援,日本ディスプレイ業団体連合会公式構成員：店舗・商業空間の企画設計・施工支援,https://www.display.or.jp/memberslist/memlist.php,http://chiba-kougeisya.com/,no,ok
株式会社博展 西日本事業所,https://www.hakuten.co.jp/,,,https://www.hakuten.co.jp/contact,H｜店舗内装・設計施工・什器・設備支援,日本ディスプレイ業団体連合会公式構成員：店舗・商業空間の企画設計・施工支援,https://www.display.or.jp/memberslist/memlist.php,https://www.hakuten.co.jp/,no,ok
株式会社双葉店飾社,https://www.gradis28.co.jp/index.html,,,https://www.gradis28.co.jp/contact.html,H｜店舗内装・設計施工・什器・設備支援,日本ディスプレイ業団体連合会公式構成員：店舗・商業空間の企画設計・施工支援,https://www.display.or.jp/memberslist/memlist.php,https://www.gradis28.co.jp/about.html,yes,ok
株式会社古崎,https://www.furusaki.com/,,,https://www.furusaki.com/contact,H｜店舗内装・設計施工・什器・設備支援,日本ディスプレイ業団体連合会公式構成員：店舗・商業空間の企画設計・施工支援,https://www.display.or.jp/memberslist/memlist.php,https://www.furusaki.com/company,yes,ok
株式会社吉田鉄工所,http://www.yoshida-kyt.com/,,,,H｜店舗内装・設計施工・什器・設備支援,日本ディスプレイ業団体連合会公式構成員：店舗・商業空間の企画設計・施工支援,https://www.display.or.jp/memberslist/memlist.php,http://www.yoshida-kyt.com/,no,ok
株式会社名古屋シミズ,https://shimizu758.com/,,,,H｜店舗内装・設計施工・什器・設備支援,日本ディスプレイ業団体連合会公式構成員：店舗・商業空間の企画設計・施工支援,https://www.display.or.jp/memberslist/memlist.php,,no,SSLError
株式会社名古屋電飾,https://denshoku.nagoya/,,,https://denshoku.nagoya/infomation/,H｜店舗内装・設計施工・什器・設備支援,日本ディスプレイ業団体連合会公式構成員：店舗・商業空間の企画設計・施工支援,https://www.display.or.jp/memberslist/memlist.php,https://denshoku.nagoya/about-us/,yes,ok
株式会社四元工美,https://www.yotsumotokohbi.co.jp:443/,,,,H｜店舗内装・設計施工・什器・設備支援,日本ディスプレイ業団体連合会公式構成員：店舗・商業空間の企画設計・施工支援,https://www.display.or.jp/memberslist/memlist.php,https://www.yotsumotokohbi.co.jp:443/,yes,ok
株式会社城北電機商会,http://www.johokudenki.jp/,,,,H｜店舗内装・設計施工・什器・設備支援,日本ディスプレイ業団体連合会公式構成員：店舗・商業空間の企画設計・施工支援,https://www.display.or.jp/memberslist/memlist.php,http://www.johokudenki.jp/,no,ok
株式会社塚本巧芸,https://www.tsukamoto-kogei.co.jp/,,,https://www.tsukamoto-kogei.co.jp/?page_id=6045,H｜店舗内装・設計施工・什器・設備支援,日本ディスプレイ業団体連合会公式構成員：店舗・商業空間の企画設計・施工支援,https://www.display.or.jp/memberslist/memlist.php,https://www.tsukamoto-kogei.co.jp/?page_id=6014,yes,ok
株式会社大和工芸,https://www.daiwa-web.co.jp/,,,https://www.daiwa-web.co.jp/contact/,H｜店舗内装・設計施工・什器・設備支援,日本ディスプレイ業団体連合会公式構成員：店舗・商業空間の企画設計・施工支援,https://www.display.or.jp/memberslist/memlist.php,https://www.daiwa-web.co.jp/company/,yes,ok
株式会社大宣,https://www.daisen21.co.jp/,,,https://www.daisen21.co.jp/contact/,H｜店舗内装・設計施工・什器・設備支援,日本ディスプレイ業団体連合会公式構成員：店舗・商業空間の企画設計・施工支援,https://www.display.or.jp/memberslist/memlist.php,https://www.daisen21.co.jp/company/,yes,ok
株式会社大宣看板,http://www.nsknet.or.jp/daisen/,,,,H｜店舗内装・設計施工・什器・設備支援,日本ディスプレイ業団体連合会公式構成員：店舗・商業空間の企画設計・施工支援,https://www.display.or.jp/memberslist/memlist.php,http://www.nsknet.or.jp/daisen/,no,ok
株式会社大阪シミズ,https://www.shimizu-group.co.jp/,,,https://www.shimizu-group.co.jp/contact/,H｜店舗内装・設計施工・什器・設備支援,日本ディスプレイ業団体連合会公式構成員：店舗・商業空間の企画設計・施工支援,https://www.display.or.jp/memberslist/memlist.php,https://www.shimizu-group.co.jp/,no,ok
株式会社宝来社石川,https://horaisha.com/,,,https://horaisha.com/contact,H｜店舗内装・設計施工・什器・設備支援,日本ディスプレイ業団体連合会公式構成員：店舗・商業空間の企画設計・施工支援,https://www.display.or.jp/memberslist/memlist.php,https://horaisha.com/company/greeting,yes,ok
株式会社富士工芸,http://www.fk-jimbocho.co.jp/,,,,H｜店舗内装・設計施工・什器・設備支援,日本ディスプレイ業団体連合会公式構成員：店舗・商業空間の企画設計・施工支援,https://www.display.or.jp/memberslist/memlist.php,http://www.fk-jimbocho.co.jp/,no,ok
株式会社富士工芸社,https://www.fuji-kogei.co.jp/,,,https://www.fuji-kogei.co.jp/?contact/,H｜店舗内装・設計施工・什器・設備支援,日本ディスプレイ業団体連合会公式構成員：店舗・商業空間の企画設計・施工支援,https://www.display.or.jp/memberslist/memlist.php,https://www.fuji-kogei.co.jp/?company/,yes,ok
株式会社富士造型,https://www.f-zokei.com/,,,https://www.f-zokei.com/contact/,H｜店舗内装・設計施工・什器・設備支援,日本ディスプレイ業団体連合会公式構成員：店舗・商業空間の企画設計・施工支援,https://www.display.or.jp/memberslist/memlist.php,https://www.f-zokei.com/company/,yes,ok
株式会社小林工芸社,https://kobayashi-kk.net/,,,https://kobayashi-kk.net/information-security/,H｜店舗内装・設計施工・什器・設備支援,日本ディスプレイ業団体連合会公式構成員：店舗・商業空間の企画設計・施工支援,https://www.display.or.jp/memberslist/memlist.php,https://kobayashi-kk.net/aboutus/,yes,ok
株式会社小泉デザイン事務所,https://koizumi-design.wixsite.com/koizumi-design,,,https://koizumi-design.wixsite.com/koizumi-design/複製-contact,H｜店舗内装・設計施工・什器・設備支援,日本ディスプレイ業団体連合会公式構成員：店舗・商業空間の企画設計・施工支援,https://www.display.or.jp/memberslist/memlist.php,https://koizumi-design.wixsite.com/koizumi-design/%E8%A4%87%E8%A3%BD-about,yes,ok
株式会社小泉創芸,http://www.koizumisougei.com/,,,http://www.koizumisougei.com/toiawase/,H｜店舗内装・設計施工・什器・設備支援,日本ディスプレイ業団体連合会公式構成員：店舗・商業空間の企画設計・施工支援,https://www.display.or.jp/memberslist/memlist.php,http://www.koizumisougei.com/,no,ok
株式会社小西造型,https://konishizokei.co.jp/,,,https://konishizokei.co.jp/contact/,H｜店舗内装・設計施工・什器・設備支援,日本ディスプレイ業団体連合会公式構成員：店舗・商業空間の企画設計・施工支援,https://www.display.or.jp/memberslist/memlist.php,https://konishizokei.co.jp/company/,yes,ok
株式会社小野電気,http://www.ono-denki.jp/,,,http://www.ono-denki.jp/contact.html,H｜店舗内装・設計施工・什器・設備支援,日本ディスプレイ業団体連合会公式構成員：店舗・商業空間の企画設計・施工支援,https://www.display.or.jp/memberslist/memlist.php,http://www.ono-denki.jp/,no,ok
株式会社展示構成,https://tenjikousei.co.jp/,,,https://tenjikousei.co.jp/contact/,H｜店舗内装・設計施工・什器・設備支援,日本ディスプレイ業団体連合会公式構成員：店舗・商業空間の企画設計・施工支援,https://www.display.or.jp/memberslist/memlist.php,https://tenjikousei.co.jp/companyprofile/,yes,ok
株式会社山一ハガネ,https://yamaichi-hagane.jp/,,,https://yamaichi-hagane.jp/aboutus/information/,H｜店舗内装・設計施工・什器・設備支援,日本ディスプレイ業団体連合会公式構成員：店舗・商業空間の企画設計・施工支援,https://www.display.or.jp/memberslist/memlist.php,https://yamaichi-hagane.jp/aboutus/,yes,ok
株式会社山口電気,https://yama-den.co/,,,,H｜店舗内装・設計施工・什器・設備支援,日本ディスプレイ業団体連合会公式構成員：店舗・商業空間の企画設計・施工支援,https://www.display.or.jp/memberslist/memlist.php,https://yama-den.co/profile.html,yes,ok
株式会社山田スタジオ,https://yamada-studio.xii.jp/,,,https://yamada-studio.xii.jp/contact/contact,H｜店舗内装・設計施工・什器・設備支援,日本ディスプレイ業団体連合会公式構成員：店舗・商業空間の企画設計・施工支援,https://www.display.or.jp/memberslist/memlist.php,https://yamada-studio.xii.jp/,no,ok
株式会社山英,http://www.kk-san-a.com,,,,H｜店舗内装・設計施工・什器・設備支援,日本ディスプレイ業団体連合会公式構成員：店舗・商業空間の企画設計・施工支援,https://www.display.or.jp/memberslist/memlist.php,,no,HTTPError
株式会社岡元工業所,https://www.okamoto-works.co.jp/,,,https://www.okamoto-works.co.jp/,H｜店舗内装・設計施工・什器・設備支援,日本ディスプレイ業団体連合会公式構成員：店舗・商業空間の企画設計・施工支援,https://www.display.or.jp/memberslist/memlist.php,https://www.okamoto-works.co.jp/,yes,ok
株式会社岡本造花店,https://okazou.co.jp/,,,https://okazou.co.jp/contact,H｜店舗内装・設計施工・什器・設備支援,日本ディスプレイ業団体連合会公式構成員：店舗・商業空間の企画設計・施工支援,https://www.display.or.jp/memberslist/memlist.php,https://okazou.co.jp/company/,yes,ok
株式会社巍峨,https://www.giga-d.com/,,,https://www.giga-d.com/company-overview/,H｜店舗内装・設計施工・什器・設備支援,日本ディスプレイ業団体連合会公式構成員：店舗・商業空間の企画設計・施工支援,https://www.display.or.jp/memberslist/memlist.php,https://www.giga-d.com/company-overview/,yes,ok
株式会社工芸社 大阪営業所,http://www.kogeisha.co.jp/,,,http://www.kogeisha.co.jp/contact/,H｜店舗内装・設計施工・什器・設備支援,日本ディスプレイ業団体連合会公式構成員：店舗・商業空間の企画設計・施工支援,https://www.display.or.jp/memberslist/memlist.php,http://www.kogeisha.co.jp/,no,ok
株式会社巧匠,https://koushou-inc.jp/,,,https://koushou-inc.jp/contact,H｜店舗内装・設計施工・什器・設備支援,日本ディスプレイ業団体連合会公式構成員：店舗・商業空間の企画設計・施工支援,https://www.display.or.jp/memberslist/memlist.php,https://koushou-inc.jp/aboutus,yes,ok
株式会社広伸社,https://www.k-koshinsha.co.jp/,,,,H｜店舗内装・設計施工・什器・設備支援,日本ディスプレイ業団体連合会公式構成員：店舗・商業空間の企画設計・施工支援,https://www.display.or.jp/memberslist/memlist.php,https://www.k-koshinsha.co.jp/,yes,ok
株式会社廣目屋,http://www.hiromeya.co.jp/,,,http://www.hiromeya.co.jp/contactus/index.html,H｜店舗内装・設計施工・什器・設備支援,日本ディスプレイ業団体連合会公式構成員：店舗・商業空間の企画設計・施工支援,https://www.display.or.jp/memberslist/memlist.php,http://www.hiromeya.co.jp/,no,ok
株式会社彩工社,https://saikohsha.co.jp/,,,https://saikohsha.co.jp/contact/,H｜店舗内装・設計施工・什器・設備支援,日本ディスプレイ業団体連合会公式構成員：店舗・商業空間の企画設計・施工支援,https://www.display.or.jp/memberslist/memlist.php,https://saikohsha.co.jp/about/,yes,ok
株式会社文創,https://www.fumiso.com/,,,,H｜店舗内装・設計施工・什器・設備支援,日本ディスプレイ業団体連合会公式構成員：店舗・商業空間の企画設計・施工支援,https://www.display.or.jp/memberslist/memlist.php,https://www.fumiso.com/,no,ok
株式会社文化社,https://bunka-sha.jp/,,,https://bunka-sha.jp/contact,H｜店舗内装・設計施工・什器・設備支援,日本ディスプレイ業団体連合会公式構成員：店舗・商業空間の企画設計・施工支援,https://www.display.or.jp/memberslist/memlist.php,https://bunka-sha.jp/aboutus,yes,ok
株式会社新創,https://www.shinso-inc.jp/,,,https://www.shinso-inc.jp/contact,H｜店舗内装・設計施工・什器・設備支援,日本ディスプレイ業団体連合会公式構成員：店舗・商業空間の企画設計・施工支援,https://www.display.or.jp/memberslist/memlist.php,https://www.shinso-inc.jp/about,yes,ok
株式会社新宣,https://shinsen.biz/,,,https://shinsen.biz/contact/,H｜店舗内装・設計施工・什器・設備支援,日本ディスプレイ業団体連合会公式構成員：店舗・商業空間の企画設計・施工支援,https://www.display.or.jp/memberslist/memlist.php,https://shinsen.biz/company/,yes,ok
株式会社日交,http://www.nikko-agc.co.jp/,,,https://www.nikko-agc.co.jp/contact/index.php,H｜店舗内装・設計施工・什器・設備支援,日本ディスプレイ業団体連合会公式構成員：店舗・商業空間の企画設計・施工支援,https://www.display.or.jp/memberslist/memlist.php,http://www.nikko-agc.co.jp/,no,ok
株式会社日創工芸,https://www.nissokogei.co.jp/,,,https://www.nissokogei.co.jp/contact/,H｜店舗内装・設計施工・什器・設備支援,日本ディスプレイ業団体連合会公式構成員：店舗・商業空間の企画設計・施工支援,https://www.display.or.jp/memberslist/memlist.php,https://www.nissokogei.co.jp/about/,yes,ok
株式会社日商インターライフ,http://www.n-interlife.co.jp/nil/,,,https://www.n-interlife.co.jp/nil/contact,H｜店舗内装・設計施工・什器・設備支援,日本ディスプレイ業団体連合会公式構成員：店舗・商業空間の企画設計・施工支援,https://www.display.or.jp/memberslist/memlist.php,https://www.n-interlife.co.jp/nil/company/,yes,ok
株式会社日展,https://www.nitten.com,,,,H｜店舗内装・設計施工・什器・設備支援,日本ディスプレイ業団体連合会公式構成員：店舗・商業空間の企画設計・施工支援,https://www.display.or.jp/memberslist/memlist.php,,no,SSLError
株式会社日東工業,http://www.nittoh-k.com/,,,http://www.nittoh-k.com/contact/,H｜店舗内装・設計施工・什器・設備支援,日本ディスプレイ業団体連合会公式構成員：店舗・商業空間の企画設計・施工支援,https://www.display.or.jp/memberslist/memlist.php,http://www.nittoh-k.com/company/,yes,ok
株式会社日東建装社,https://www.nittokensosha.co.jp/,,,,H｜店舗内装・設計施工・什器・設備支援,日本ディスプレイ業団体連合会公式構成員：店舗・商業空間の企画設計・施工支援,https://www.display.or.jp/memberslist/memlist.php,https://www.nittokensosha.co.jp/,yes,ok
株式会社日邦,https://www.nippo-rental.co.jp/,,,https://www.nippo-rental.co.jp/contact/,H｜店舗内装・設計施工・什器・設備支援,日本ディスプレイ業団体連合会公式構成員：店舗・商業空間の企画設計・施工支援,https://www.display.or.jp/memberslist/memlist.php,https://www.nippo-rental.co.jp/company/,yes,ok
株式会社昌文堂,http://shobundou.net/index_kaishagaiyou.html,,,,H｜店舗内装・設計施工・什器・設備支援,日本ディスプレイ業団体連合会公式構成員：店舗・商業空間の企画設計・施工支援,https://www.display.or.jp/memberslist/memlist.php,http://shobundou.net/index_kaishagaiyou.html,no,ok
株式会社明和工芸,https://www.meiwa-kougei.co.jp/,,,https://www.meiwa-kougei.co.jp/contact.html,H｜店舗内装・設計施工・什器・設備支援,日本ディスプレイ業団体連合会公式構成員：店舗・商業空間の企画設計・施工支援,https://www.display.or.jp/memberslist/memlist.php,https://www.meiwa-kougei.co.jp/company.html,yes,ok
株式会社昭和技研,http://www.showa-g.com,,,,H｜店舗内装・設計施工・什器・設備支援,日本ディスプレイ業団体連合会公式構成員：店舗・商業空間の企画設計・施工支援,https://www.display.or.jp/memberslist/memlist.php,,no,HTTPError
株式会社杉孝,https://www.sugiko.co.jp/,,,https://www.sugiko.co.jp/inquiry/form/,H｜店舗内装・設計施工・什器・設備支援,日本ディスプレイ業団体連合会公式構成員：店舗・商業空間の企画設計・施工支援,https://www.display.or.jp/memberslist/memlist.php,https://www.sugiko.co.jp/about/,yes,ok
株式会社東京タカラ商会,https://www.t-takara.co.jp/,,,https://www.t-takara.co.jp/contact,H｜店舗内装・設計施工・什器・設備支援,日本ディスプレイ業団体連合会公式構成員：店舗・商業空間の企画設計・施工支援,https://www.display.or.jp/memberslist/memlist.php,https://www.t-takara.co.jp/,yes,ok
株式会社東北シミズ,https://www.tohokushimizu.co.jp/,,,https://www.tohokushimizu.co.jp/form/tohokushimizu/contact,H｜店舗内装・設計施工・什器・設備支援,日本ディスプレイ業団体連合会公式構成員：店舗・商業空間の企画設計・施工支援,https://www.display.or.jp/memberslist/memlist.php,https://www.tohokushimizu.co.jp/company,yes,ok
株式会社東広,https://www.to-ko.com/,,,https://www.to-ko.com/contact/,H｜店舗内装・設計施工・什器・設備支援,日本ディスプレイ業団体連合会公式構成員：店舗・商業空間の企画設計・施工支援,https://www.display.or.jp/memberslist/memlist.php,https://www.to-ko.com/aboutus/,yes,ok
株式会社東建,https://www.token-sendai.com/,,,https://www.token-sendai.com/form/,H｜店舗内装・設計施工・什器・設備支援,日本ディスプレイ業団体連合会公式構成員：店舗・商業空間の企画設計・施工支援,https://www.display.or.jp/memberslist/memlist.php,https://www.token-sendai.com/,no,ok
株式会社松山建装社,https://kensosya.co.jp/,,,https://kensosya.co.jp/pages/5/,H｜店舗内装・設計施工・什器・設備支援,日本ディスプレイ業団体連合会公式構成員：店舗・商業空間の企画設計・施工支援,https://www.display.or.jp/memberslist/memlist.php,https://kensosya.co.jp/pages/19/,yes,ok
株式会社椿や,https://www.tsubakiya.info/,,,https://www.tsubakiya.info/contact,H｜店舗内装・設計施工・什器・設備支援,日本ディスプレイ業団体連合会公式構成員：店舗・商業空間の企画設計・施工支援,https://www.display.or.jp/memberslist/memlist.php,https://www.tsubakiya.info/company,yes,ok
株式会社毎日舞台,https://mainichibutai.com/,,,https://mainichibutai.com/contact.html,H｜店舗内装・設計施工・什器・設備支援,日本ディスプレイ業団体連合会公式構成員：店舗・商業空間の企画設計・施工支援,https://www.display.or.jp/memberslist/memlist.php,https://mainichibutai.com/,yes,ok
株式会社池田看板,http://www.ikeda-kanban.com/,,,,H｜店舗内装・設計施工・什器・設備支援,日本ディスプレイ業団体連合会公式構成員：店舗・商業空間の企画設計・施工支援,https://www.display.or.jp/memberslist/memlist.php,http://www.ikeda-kanban.com/,no,ok
株式会社泉宣宏社,http://www.izmi.bz/,,,http://www.izmi.bz/contact/,H｜店舗内装・設計施工・什器・設備支援,日本ディスプレイ業団体連合会公式構成員：店舗・商業空間の企画設計・施工支援,https://www.display.or.jp/memberslist/memlist.php,http://www.izmi.bz/company/,yes,ok
株式会社泉建築設計事務所,http://www.wireless.co.jp/,,,,H｜店舗内装・設計施工・什器・設備支援,日本ディスプレイ業団体連合会公式構成員：店舗・商業空間の企画設計・施工支援,https://www.display.or.jp/memberslist/memlist.php,http://www.wireless.co.jp/,no,ok
株式会社洛東工芸,http://www.rakuto.co.jp/,,,http://www.rakuto.co.jp/,H｜店舗内装・設計施工・什器・設備支援,日本ディスプレイ業団体連合会公式構成員：店舗・商業空間の企画設計・施工支援,https://www.display.or.jp/memberslist/memlist.php,http://www.rakuto.co.jp/,no,ok
株式会社照明社,http://www.shomeisha.jp/,,,http://www.shomeisha.jp/contact,H｜店舗内装・設計施工・什器・設備支援,日本ディスプレイ業団体連合会公式構成員：店舗・商業空間の企画設計・施工支援,https://www.display.or.jp/memberslist/memlist.php,http://www.shomeisha.jp/page/company,yes,ok
株式会社白水社大阪支店,https://www.d-hakusuisha.co.jp/,,,https://www.d-hakusuisha.co.jp/contact/index.html,H｜店舗内装・設計施工・什器・設備支援,日本ディスプレイ業団体連合会公式構成員：店舗・商業空間の企画設計・施工支援,https://www.display.or.jp/memberslist/memlist.php,https://www.d-hakusuisha.co.jp/,no,ok
株式会社研創,https://www.kensoh.co.jp/,,,https://www.kensoh.co.jp/first/,H｜店舗内装・設計施工・什器・設備支援,日本ディスプレイ業団体連合会公式構成員：店舗・商業空間の企画設計・施工支援,https://www.display.or.jp/memberslist/memlist.php,https://www.kensoh.co.jp/company/,yes,ok
株式会社第一スタジオ,http://www.d1st.co.jp/,,,,H｜店舗内装・設計施工・什器・設備支援,日本ディスプレイ業団体連合会公式構成員：店舗・商業空間の企画設計・施工支援,https://www.display.or.jp/memberslist/memlist.php,http://www.d1st.co.jp/,no,ok
株式会社第一テント商会,https://daiichi-tent.jp/,,,https://daiichi-tent.jp/inquiry/,H｜店舗内装・設計施工・什器・設備支援,日本ディスプレイ業団体連合会公式構成員：店舗・商業空間の企画設計・施工支援,https://www.display.or.jp/memberslist/memlist.php,https://daiichi-tent.jp/company/,yes,ok
株式会社第一宣伝,https://www.daiichi-senden.com/,,,https://www.daiichi-senden.com/news/,H｜店舗内装・設計施工・什器・設備支援,日本ディスプレイ業団体連合会公式構成員：店舗・商業空間の企画設計・施工支援,https://www.display.or.jp/memberslist/memlist.php,https://www.daiichi-senden.com/company/,yes,ok
株式会社第一広房OSAKA,https://www.daiichikobo.co.jp/,,,https://www.daiichikobo.co.jp/contact/,H｜店舗内装・設計施工・什器・設備支援,日本ディスプレイ業団体連合会公式構成員：店舗・商業空間の企画設計・施工支援,https://www.display.or.jp/memberslist/memlist.php,https://www.daiichikobo.co.jp/company/,yes,ok
株式会社純光社,http://www.junkosha.jp/,,,http://www.junkosha.jp/contact/,H｜店舗内装・設計施工・什器・設備支援,日本ディスプレイ業団体連合会公式構成員：店舗・商業空間の企画設計・施工支援,https://www.display.or.jp/memberslist/memlist.php,http://www.junkosha.jp/aboutus/,yes,ok
株式会社綜合デザイン,https://www.sogodesign.co.jp/,,,https://www.sogodesign.co.jp/contact,H｜店舗内装・設計施工・什器・設備支援,日本ディスプレイ業団体連合会公式構成員：店舗・商業空間の企画設計・施工支援,https://www.display.or.jp/memberslist/memlist.php,https://www.sogodesign.co.jp/about,yes,ok
株式会社綜合工芸社,http://www.sogoweb.jp/,,,,H｜店舗内装・設計施工・什器・設備支援,日本ディスプレイ業団体連合会公式構成員：店舗・商業空間の企画設計・施工支援,https://www.display.or.jp/memberslist/memlist.php,http://www.sogoweb.jp/,no,ok
株式会社美也古商会,https://www.miyakoshoukai.co.jp/,,,https://www.miyakoshoukai.co.jp/contact/index.html,H｜店舗内装・設計施工・什器・設備支援,日本ディスプレイ業団体連合会公式構成員：店舗・商業空間の企画設計・施工支援,https://www.display.or.jp/memberslist/memlist.php,https://www.miyakoshoukai.co.jp/,no,ok
株式会社美建ビルサービス,http://www.bics.jp/,,,,H｜店舗内装・設計施工・什器・設備支援,日本ディスプレイ業団体連合会公式構成員：店舗・商業空間の企画設計・施工支援,https://www.display.or.jp/memberslist/memlist.php,,no,HTTPError
株式会社美術センター,http://bicen.co.jp/,,,http://bicen.co.jp/information.html,H｜店舗内装・設計施工・什器・設備支援,日本ディスプレイ業団体連合会公式構成員：店舗・商業空間の企画設計・施工支援,https://www.display.or.jp/memberslist/memlist.php,http://bicen.co.jp/,no,ok
株式会社翔栄,https://syoei-leasing.com/,,,https://syoei-leasing.com/contact/,H｜店舗内装・設計施工・什器・設備支援,日本ディスプレイ業団体連合会公式構成員：店舗・商業空間の企画設計・施工支援,https://www.display.or.jp/memberslist/memlist.php,https://syoei-leasing.com/company/,yes,ok
株式会社花とみどり社,http://www.midorisha.com/,,,http://www.midorisha.com/contact.html,H｜店舗内装・設計施工・什器・設備支援,日本ディスプレイ業団体連合会公式構成員：店舗・商業空間の企画設計・施工支援,https://www.display.or.jp/memberslist/memlist.php,http://www.midorisha.com/,no,ok
株式会社花泉,https://www.hana-izumi.co.jp/,,,https://www.hana-izumi.co.jp/contact/,H｜店舗内装・設計施工・什器・設備支援,日本ディスプレイ業団体連合会公式構成員：店舗・商業空間の企画設計・施工支援,https://www.display.or.jp/memberslist/memlist.php,https://www.hana-izumi.co.jp/company/,yes,ok
株式会社茨木春草園,https://www.iba-shun.co.jp/,,,https://www.iba-shun.co.jp/contact/,H｜店舗内装・設計施工・什器・設備支援,日本ディスプレイ業団体連合会公式構成員：店舗・商業空間の企画設計・施工支援,https://www.display.or.jp/memberslist/memlist.php,https://www.iba-shun.co.jp/company/,yes,ok
株式会社藤田建装,https://fujitakenso.jp/,,,https://fujitakenso.jp/contact/,H｜店舗内装・設計施工・什器・設備支援,日本ディスプレイ業団体連合会公式構成員：店舗・商業空間の企画設計・施工支援,https://www.display.or.jp/memberslist/memlist.php,https://fujitakenso.jp/,yes,ok
株式会社西山装飾,http://www.n-nishiyama.com/,,,http://www.n-nishiyama.com/contact/,H｜店舗内装・設計施工・什器・設備支援,日本ディスプレイ業団体連合会公式構成員：店舗・商業空間の企画設計・施工支援,https://www.display.or.jp/memberslist/memlist.php,http://www.n-nishiyama.com/about/,yes,ok
株式会社西日本シネ用品,https://www.nisicine.com/,,,https://www.nisicine.com/contact,H｜店舗内装・設計施工・什器・設備支援,日本ディスプレイ業団体連合会公式構成員：店舗・商業空間の企画設計・施工支援,https://www.display.or.jp/memberslist/memlist.php,https://www.nisicine.com/about/,yes,ok
株式会社西産装美,http://www.nishisansoubi.co.jp,,,,H｜店舗内装・設計施工・什器・設備支援,日本ディスプレイ業団体連合会公式構成員：店舗・商業空間の企画設計・施工支援,https://www.display.or.jp/memberslist/memlist.php,,no,ConnectionError
株式会社誠建設,https://makoto-kensetsu.jp/,,,,H｜店舗内装・設計施工・什器・設備支援,日本ディスプレイ業団体連合会公式構成員：店舗・商業空間の企画設計・施工支援,https://www.display.or.jp/memberslist/memlist.php,https://makoto-kensetsu.jp/,yes,ok
株式会社誠興社,http://www.kk-seikosha.co.jp/,,,http://www.kk-seikosha.co.jp/inquiry.html,H｜店舗内装・設計施工・什器・設備支援,日本ディスプレイ業団体連合会公式構成員：店舗・商業空間の企画設計・施工支援,https://www.display.or.jp/memberslist/memlist.php,http://www.kk-seikosha.co.jp/,no,ok
株式会社豊靖社,http://www.ho-sei.com/,,,,H｜店舗内装・設計施工・什器・設備支援,日本ディスプレイ業団体連合会公式構成員：店舗・商業空間の企画設計・施工支援,https://www.display.or.jp/memberslist/memlist.php,http://www.ho-sei.com/,no,ok
株式会社近創,https://www.kinsou.com/,,,,H｜店舗内装・設計施工・什器・設備支援,日本ディスプレイ業団体連合会公式構成員：店舗・商業空間の企画設計・施工支援,https://www.display.or.jp/memberslist/memlist.php,https://www.kinsou.com/,yes,ok
株式会社金沢舞台,http://www.kanazawa-butai.co.jp/,,,,H｜店舗内装・設計施工・什器・設備支援,日本ディスプレイ業団体連合会公式構成員：店舗・商業空間の企画設計・施工支援,https://www.display.or.jp/memberslist/memlist.php,http://www.kanazawa-butai.co.jp/,no,ok
株式会社鈴木電機,https://www.suzukidenki.co.jp/,,,https://www.suzukidenki.co.jp/inquiry/,H｜店舗内装・設計施工・什器・設備支援,日本ディスプレイ業団体連合会公式構成員：店舗・商業空間の企画設計・施工支援,https://www.display.or.jp/memberslist/memlist.php,https://www.suzukidenki.co.jp/company/,yes,ok
株式会社陽気堂,http://youkido.co.jp/,,,http://youkido.co.jp/youkido/contact/,H｜店舗内装・設計施工・什器・設備支援,日本ディスプレイ業団体連合会公式構成員：店舗・商業空間の企画設計・施工支援,https://www.display.or.jp/memberslist/memlist.php,http://youkido.co.jp/youkido/about/,yes,ok
株式会社駒林,https://www.comer.co.jp/,,,https://www.comer.co.jp/mail/form.html,H｜店舗内装・設計施工・什器・設備支援,日本ディスプレイ業団体連合会公式構成員：店舗・商業空間の企画設計・施工支援,https://www.display.or.jp/memberslist/memlist.php,https://www.comer.co.jp/,no,ok
株式会社齋藤組,https://www.tobi-saitogumi.co.jp,,,,H｜店舗内装・設計施工・什器・設備支援,日本ディスプレイ業団体連合会公式構成員：店舗・商業空間の企画設計・施工支援,https://www.display.or.jp/memberslist/memlist.php,,no,ConnectionError
株式会社Ｉ＆Ｓ,https://www.iands.jp/,,,,H｜店舗内装・設計施工・什器・設備支援,日本ディスプレイ業団体連合会公式構成員：店舗・商業空間の企画設計・施工支援,https://www.display.or.jp/memberslist/memlist.php,https://www.iands.jp/,no,ok
株式会社Ｒｏｃｋｓ,https://www.rocks-kyoto.jp/,,,https://www.rocks-kyoto.jp/,H｜店舗内装・設計施工・什器・設備支援,日本ディスプレイ業団体連合会公式構成員：店舗・商業空間の企画設計・施工支援,https://www.display.or.jp/memberslist/memlist.php,https://www.rocks-kyoto.jp/,no,ok
水戸工栄,https://mitokouei.com/,,,,H｜店舗内装・設計施工・什器・設備支援,日本ディスプレイ業団体連合会公式構成員：店舗・商業空間の企画設計・施工支援,https://www.display.or.jp/memberslist/memlist.php,https://mitokouei.com/,yes,ok
甲三堂造花有限会社deco⁺,https://decoplus.jp/,,,https://decoplus.jp/contact/,H｜店舗内装・設計施工・什器・設備支援,日本ディスプレイ業団体連合会公式構成員：店舗・商業空間の企画設計・施工支援,https://www.display.or.jp/memberslist/memlist.php,https://decoplus.jp/,no,ok
真野背景株式会社,https://mano-haikei.co.jp/,,,https://mano-haikei.co.jp/%e3%81%8a%e5%95%8f%e5%90%88%e3%81%9b/,H｜店舗内装・設計施工・什器・設備支援,日本ディスプレイ業団体連合会公式構成員：店舗・商業空間の企画設計・施工支援,https://www.display.or.jp/memberslist/memlist.php,https://mano-haikei.co.jp/%E4%BC%9A%E7%A4%BE%E6%A6%82%E8%A6%81/,yes,ok
福動興業株式会社名古屋営業所,http://www.fukudo.co.jp/,,,,H｜店舗内装・設計施工・什器・設備支援,日本ディスプレイ業団体連合会公式構成員：店舗・商業空間の企画設計・施工支援,https://www.display.or.jp/memberslist/memlist.php,http://www.fukudo.co.jp/,no,ok
第一工芸株式会社,https://www.daiichi-kohgei.jp/,,,https://www.daiichi-kohgei.jp/form.html,H｜店舗内装・設計施工・什器・設備支援,日本ディスプレイ業団体連合会公式構成員：店舗・商業空間の企画設計・施工支援,https://www.display.or.jp/memberslist/memlist.php,https://www.daiichi-kohgei.jp/company.html,yes,ok
細見工業株式会社,https://www.hosomi-kogyo.co.jp/,,,https://www.hosomi-kogyo.co.jp/contact/,H｜店舗内装・設計施工・什器・設備支援,日本ディスプレイ業団体連合会公式構成員：店舗・商業空間の企画設計・施工支援,https://www.display.or.jp/memberslist/memlist.php,https://www.hosomi-kogyo.co.jp/,no,ok
花文貸物装飾株式会社,https://www.hanabun.jp/,,,,H｜店舗内装・設計施工・什器・設備支援,日本ディスプレイ業団体連合会公式構成員：店舗・商業空間の企画設計・施工支援,https://www.display.or.jp/memberslist/memlist.php,https://www.hanabun.jp/,no,ok
西尾レントオール株式会社RA神戸営業所,https://www.nishio-rent.co.jp/rentall/,,,https://www.nishio-rent.co.jp/rentall/product/product_cat/photograph-relay/monitor-display/wave_form-_monitor/,H｜店舗内装・設計施工・什器・設備支援,日本ディスプレイ業団体連合会公式構成員：店舗・商業空間の企画設計・施工支援,https://www.display.or.jp/memberslist/memlist.php,https://www.nishio-rent.co.jp/rentall/,no,ok
西尾レントオール株式会社RA西日本営業部RA福岡営業所,http://kyushu-nishio-rent.jp/,,,,H｜店舗内装・設計施工・什器・設備支援,日本ディスプレイ業団体連合会公式構成員：店舗・商業空間の企画設計・施工支援,https://www.display.or.jp/memberslist/memlist.php,,no,ConnectionError
近藤産興株式会社,http://www.nandemo.co.jp/,,,,H｜店舗内装・設計施工・什器・設備支援,日本ディスプレイ業団体連合会公式構成員：店舗・商業空間の企画設計・施工支援,https://www.display.or.jp/memberslist/memlist.php,http://www.nandemo.co.jp/,no,ok
長谷川工業株式会社,https://www.hasegawa-kogyo.co.jp/,,,https://www.hasegawa-kogyo.co.jp/product/category/work-platform,H｜店舗内装・設計施工・什器・設備支援,日本ディスプレイ業団体連合会公式構成員：店舗・商業空間の企画設計・施工支援,https://www.display.or.jp/memberslist/memlist.php,https://www.hasegawa-kogyo.co.jp/company/,yes,ok
飯田電機工業株式会社,https://iidae.jp/,,,https://iidae.jp/free/iida_performancerecord,H｜店舗内装・設計施工・什器・設備支援,日本ディスプレイ業団体連合会公式構成員：店舗・商業空間の企画設計・施工支援,https://www.display.or.jp/memberslist/memlist.php,https://iidae.jp/about,yes,ok
飯田電機工業株式会社,http://www.iidae.co.jp/,,,,H｜店舗内装・設計施工・什器・設備支援,日本ディスプレイ業団体連合会公式構成員：店舗・商業空間の企画設計・施工支援,https://www.display.or.jp/memberslist/memlist.php,http://www.iidae.co.jp/,no,ok
鳳電気土木株式会社,http://www.ootoridenki.com,,,,H｜店舗内装・設計施工・什器・設備支援,日本ディスプレイ業団体連合会公式構成員：店舗・商業空間の企画設計・施工支援,https://www.display.or.jp/memberslist/memlist.php,,no,HTTPError
龍木工芸株式会社,http://www.tatsukikougei.co.jp/,,,,H｜店舗内装・設計施工・什器・設備支援,日本ディスプレイ業団体連合会公式構成員：店舗・商業空間の企画設計・施工支援,https://www.display.or.jp/memberslist/memlist.php,http://www.tatsukikougei.co.jp/,no,ok
