"company_name","url","address","phone","maps_url","area_hint","query"
"㈱doco","https://www.do-co.jp/","旭川市 ９条通８丁目２４８６−２１","0166-26-1010","https://www.google.com/maps/place/%E3%88%B1doco/data=!4m7!3m6!1s0x5f0ce66ae8d6d3cf:0x619d559f151ee786!8m2!3d43.7744022!4d142.3647099!16s%2Fg%2F1td7n398!19sChIJz9PW6GrmDF8RhuceFZ9VnWE?authuser=0&hl=ja&rclk=1","旭川市","旭川市 Webマーケティング会社"
"ライナー専属代理店 ㈱ライナー企画","https://liner-kikaku.com/","旭川市 豊岡１２条７丁目１−５","0166-33-5096","https://www.google.com/maps/place/%E3%83%A9%E3%82%A4%E3%83%8A%E3%83%BC%E5%B0%82%E5%B1%9E%E4%BB%A3%E7%90%86%E5%BA%97+%E3%88%B1%E3%83%A9%E3%82%A4%E3%83%8A%E3%83%BC%E4%BC%81%E7%94%BB/data=!4m7!3m6!1s0x5f0ce6f7321a9931:0xd04154ce92ec40b!8m2!3d43.7694135!4d142.413206!16s%2Fg%2F1thd6gtj!19sChIJMZkaMvfmDF8RC8Qu6UwVBA0?authuser=0&hl=ja&rclk=1","旭川市","旭川市 広告代理店"
"㈱美広社","https://www.bikosya.info/","旭川市 永山８条１丁目１−１４","0166-23-7780","https://www.google.com/maps/place/%E3%88%B1%E7%BE%8E%E5%BA%83%E7%A4%BE/data=!4m7!3m6!1s0x5f0ce68e4dc03373:0x5af796c3ac018ae8!8m2!3d43.7812193!4d142.4017243!16s%2Fg%2F1wk7qnrh!19sChIJczPATY7mDF8R6IoBrMOW91o?authuser=0&hl=ja&rclk=1","旭川市","旭川市 広告代理店"
"㈱青いぽすと","https://aopos.jp/","函館市 桔梗町３７９−２７","0138-84-1002","https://www.google.com/maps/place/%E3%88%B1%E9%9D%92%E3%81%84%E3%81%BD%E3%81%99%E3%81%A8/data=!4m7!3m6!1s0x5f9ef39967d89455:0xcbc82d31e4499cb5!8m2!3d41.8376208!4d140.7319658!16s%2Fg%2F11dynwzykg!19sChIJVZTYZ5nznl8RtZxJ5DEtyMs?authuser=0&hl=ja&rclk=1","函館市","函館市 広告代理店"
"㈱総合広告アドバンス / ㈱アドバンス","https://www.h-adv.jp/","函館市 本通１丁目５０−９","0138-55-3399","https://www.google.com/maps/place/%E3%88%B1%E7%B7%8F%E5%90%88%E5%BA%83%E5%91%8A%E3%82%A2%E3%83%89%E3%83%90%E3%83%B3%E3%82%B9+%2F+%E3%88%B1%E3%82%A2%E3%83%89%E3%83%90%E3%83%B3%E3%82%B9/data=!4m7!3m6!1s0x5f9ef4692b4390a5:0xd86b7ff5d892847c!8m2!3d41.8004451!4d140.7658369!16s%2Fg%2F11btrr6d50!19sChIJpZBDK2n0nl8RfISS2PV_a9g?authuser=0&hl=ja&rclk=1","函館市","函館市 広告代理店"
"㈱フジプロ 帯広オフィス","http://www.fujipro-inc.com/","帯広市 東１条南１４丁目１−２","0155-28-6833","https://www.google.com/maps/place/%E3%88%B1%E3%83%95%E3%82%B8%E3%83%97%E3%83%AD+%E5%B8%AF%E5%BA%83%E3%82%AA%E3%83%95%E3%82%A3%E3%82%B9/data=!4m7!3m6!1s0x5f73996aea69fc0f:0x47a2561961401e38!8m2!3d42.916407!4d143.2074411!16s%2Fg%2F1v2kx7b7!19sChIJD_xp6mqZc18ROB5AYRlWokc?authuser=0&hl=ja&rclk=1","帯広市","帯広市 広告代理店"
"㈱総合エージェンシー","https://agencycompany.web.fc2.com/","帯広市 東２条南４丁目３−４","0155-23-5555","https://www.google.com/maps/place/%E3%88%B1%E7%B7%8F%E5%90%88%E3%82%A8%E3%83%BC%E3%82%B8%E3%82%A7%E3%83%B3%E3%82%B7%E3%83%BC/data=!4m7!3m6!1s0x5f739930780fbbf3:0xf6d79450c6f88b4e!8m2!3d42.9281111!4d143.2073361!16s%2Fg%2F1tdf14jz!19sChIJ87sPeDCZc18RTov4xlCU1_Y?authuser=0&hl=ja&rclk=1","帯広市","帯広市 広告代理店"
"ドットウェブ","http://www.e053.com/","苫小牧市 汐見町３丁目１２−１１","0144-38-2060","https://www.google.com/maps/place/%E3%83%89%E3%83%83%E3%83%88%E3%82%A6%E3%82%A7%E3%83%96/data=!4m7!3m6!1s0x5f7510e8e0a2f269:0x794316b1c7830156!8m2!3d42.6290303!4d141.609866!16s%2Fg%2F1tmbvy52!19sChIJafKi4OgQdV8RVgGDx7EWQ3k?authuser=0&hl=ja&rclk=1","苫小牧市","苫小牧市 Webマーケティング会社"
"ミツモリーナ","https://mitsumorina-lp.otis.company/","苫小牧市 弥生町２丁目３−１","0144-78-3500","https://www.google.com/maps/place/%E3%83%9F%E3%83%84%E3%83%A2%E3%83%AA%E3%83%BC%E3%83%8A/data=!4m7!3m6!1s0x5f7511fa4bdc73ed:0xfd2fb4fd4f80b1ca!8m2!3d42.6267127!4d141.5791836!16s%2Fg%2F11zhr3pgq4!19sChIJ7XPcS_oRdV8RyrGAT_20L_0?authuser=0&hl=ja&rclk=1","苫小牧市","苫小牧市 広告代理店"
"ポップアラヤ","https://tomakomai.mypl.net/shop/00000364049/","苫小牧市 元町１丁目６−２０","0144-73-5920","https://www.google.com/maps/place/%E3%83%9D%E3%83%83%E3%83%97%E3%82%A2%E3%83%A9%E3%83%A4/data=!4m7!3m6!1s0x5f751121bb80bca9:0x5791adaf5af5cbcf!8m2!3d42.625237!4d141.5860401!16s%2Fg%2F1tfhg6qr!19sChIJqbyAuyERdV8Rz8v1Wq-tkVc?authuser=0&hl=ja&rclk=1","苫小牧市","苫小牧市 広告代理店"
"㈱E-wings","http://e-wings.jp/","釧路市 昭和中央６丁目２４−１","0154-65-7525","https://www.google.com/maps/place/%E3%88%B1E-wings/data=!4m7!3m6!1s0x5f721609f298599d:0xd13d0e5ed232099e!8m2!3d43.0299!4d144.3539428!16s%2Fg%2F11c328g2zs!19sChIJnVmY8gkWcl8Rngky0l4OPdE?authuser=0&hl=ja&rclk=1","釧路市","釧路市 Webマーケティング会社"
"KNMマーケティングオフィス合同会社","http://knm-moffice.com/","釧路市 曙４丁目６−６ 6番地6","0154-65-1178","https://www.google.com/maps/place/KNM%E3%83%9E%E3%83%BC%E3%82%B1%E3%83%86%E3%82%A3%E3%83%B3%E3%82%B0%E3%82%AA%E3%83%95%E3%82%A3%E3%82%B9%E5%90%88%E5%90%8C%E4%BC%9A%E7%A4%BE/data=!4m7!3m6!1s0x5f7217a53d2a139f:0x8058a31b4ca30066!8m2!3d43.0154124!4d144.4124259!16s%2Fg%2F11tp264tmt!19sChIJnxMqPaUXcl8RZgCjTBujWIA?authuser=0&hl=ja&rclk=1","釧路市","釧路市 Webマーケティング会社"
"SipuoFare!","http://www.web-p.jp/","釧路市 新川町１−７","0154-32-4080","https://www.google.com/maps/place/SipuoFare!/data=!4m7!3m6!1s0x5f72162c6d8ee1e9:0x75d0e025fab8533b!8m2!3d43.0024709!4d144.3774584!16s%2Fg%2F11r926m7b!19sChIJ6eGObSwWcl8RO1O4-iXg0HU?authuser=0&hl=ja&rclk=1","釧路市","釧路市 広告代理店"
"㈱プラスアート","http://www.plusart.co.jp/about/","釧路市 光和３丁目１３","0154-39-6060","https://www.google.com/maps/place/%E3%88%B1%E3%83%97%E3%83%A9%E3%82%B9%E3%82%A2%E3%83%BC%E3%83%88/data=!4m7!3m6!1s0x5f7217b59bcd6869:0x51703dc9cb931586!8m2!3d43.0058197!4d144.4022434!16s%2Fg%2F11g68zdv8s!19sChIJaWjNm7UXcl8RhhWTy8k9cFE?authuser=0&hl=ja&rclk=1","釧路市","釧路市 広告代理店"
"㈱WORK-S","http://www.work-s-inc.jp/","釧路市 東陽西３丁目1−１","0154-65-6837","https://www.google.com/maps/place/%E3%88%B1WORK-S/data=!4m7!3m6!1s0x5f72173b8216e911:0xa3ebe4d67bd4f953!8m2!3d42.9992151!4d144.4254725!16s%2Fg%2F11jzvd2fc6!19sChIJEekWgjsXcl8RU_nUe9bk66M?authuser=0&hl=ja&rclk=1","釧路市","釧路市 広告代理店"
"週刊求人誌求人君 釧路オフィス","http://www.q-jinkun.info/","釧路市 若松町１−５１ タカオビル","0154-64-9478","https://www.google.com/maps/place/%E9%80%B1%E5%88%8A%E6%B1%82%E4%BA%BA%E8%AA%8C%E6%B1%82%E4%BA%BA%E5%90%9B+%E9%87%A7%E8%B7%AF%E3%82%AA%E3%83%95%E3%82%A3%E3%82%B9/data=!4m7!3m6!1s0x5f7217dc3ff875e9:0xda1b8c8082049d5d!8m2!3d42.991459!4d144.3835802!16s%2Fg%2F1hdz9h38l!19sChIJ6XX4P9wXcl8RXZ0EgoCMG9o?authuser=0&hl=ja&rclk=1","釧路市","釧路市 広告代理店"
"デジタルハリウッドSTUDIO青森","https://school.dhw.co.jp/school/aomori/","青森市 新町２丁目８−１２ aomori Wanon B棟 3F","017-776-0015","https://www.google.com/maps/place/%E3%83%87%E3%82%B8%E3%82%BF%E3%83%AB%E3%83%8F%E3%83%AA%E3%82%A6%E3%83%83%E3%83%89STUDIO%E9%9D%92%E6%A3%AE/data=!4m7!3m6!1s0x5f9b9f4f2baeda35:0x5526bab3b216b56d!8m2!3d40.8247519!4d140.7450243!16s%2Fg%2F11n5v_5yn0!19sChIJNdquK0-fm18RbbUWsrO6JlU?authuser=0&hl=ja&rclk=1","青森市","青森市 Webマーケティング会社"
"ブレイン株式会社青森オフィス","https://www.blayn.co.jp/","青森市 新町１丁目１２−５ 奥瀬ビル","050-5433-6977","https://www.google.com/maps/place/%E3%83%96%E3%83%AC%E3%82%A4%E3%83%B3%E6%A0%AA%E5%BC%8F%E4%BC%9A%E7%A4%BE%E9%9D%92%E6%A3%AE%E3%82%AA%E3%83%95%E3%82%A3%E3%82%B9/data=!4m7!3m6!1s0x5f9b9f3ef12aeb93:0xd8f4d621d0e507f9!8m2!3d40.8262831!4d140.7383703!16s%2Fg%2F11j6wn7b0s!19sChIJk-sq8T6fm18R-Qfl0CHW9Ng?authuser=0&hl=ja&rclk=1","青森市","青森市 Webマーケティング会社"
"ACTION","http://www.action-s.jp/index.html","青森市 安方１丁目４−８","","https://www.google.com/maps/place/ACTION/data=!4m7!3m6!1s0x5f9b9f1e1589d7bf:0x198bbb2b13e6f9f7!8m2!3d40.8280878!4d140.7386296!16s%2Fg%2F11hbqkzlcq!19sChIJv9eJFR6fm18R9_nmEyu7ixk?authuser=0&hl=ja&rclk=1","青森市","青森市 広告代理店"
"㈱協同","http://www.kyodo-ad.com/","青森市 堤町２丁目１−１ 協同ビル","017-777-4191","https://www.google.com/maps/place/%E3%88%B1%E5%8D%94%E5%90%8C/data=!4m7!3m6!1s0x5f9b9efe9fb9e9d9:0x41952c0f85a5cbf4!8m2!3d40.8234244!4d140.7549848!16s%2Fg%2F1vs1rqc_!19sChIJ2em5n_6em18R9MulhQ8slUE?authuser=0&hl=ja&rclk=1","青森市","青森市 広告代理店"
"Winch,LLC","http://www.winch-llc.jp/","八戸市 田向１丁目１４−１０","0178-32-0146","https://www.google.com/maps/place/Winch,LLC/data=!4m7!3m6!1s0x5f9b527f2df9b1f7:0xbeadc8c82439ab86!8m2!3d40.4953479!4d141.5072882!16s%2Fg%2F11g8lh0l3x!19sChIJ97H5LX9Sm18Rhqs5JMjIrb4?authuser=0&hl=ja&rclk=1","八戸市","八戸市 Webマーケティング会社"
"㈱スマーティ","https://smarty.co.jp/","八戸市 下長４丁目１９−３ オフィス河原木 10号","0178-21-6612","https://www.google.com/maps/place/%E3%88%B1%E3%82%B9%E3%83%9E%E3%83%BC%E3%83%86%E3%82%A3/data=!4m7!3m6!1s0x5f9b51bfbce8602f:0x70dd933de7137197!8m2!3d40.5379832!4d141.4742798!16s%2Fg%2F1tgkh3k0!19sChIJL2DovL9Rm18Rl3ET5z2T3XA?authuser=0&hl=ja&rclk=1","八戸市","八戸市 Webマーケティング会社"
"㈱フージェット","https://www.fudget.co.jp/","八戸市 十三日町２５番地 オオハシヒルズ ４階","0178-38-0075","https://www.google.com/maps/place/%E3%88%B1%E3%83%95%E3%83%BC%E3%82%B8%E3%82%A7%E3%83%83%E3%83%88/data=!4m7!3m6!1s0x5f9b5209681da713:0xa2ed4046884ffd75!8m2!3d40.5086893!4d141.4892637!16s%2Fg%2F11c72lycb9!19sChIJE6cdaAlSm18Rdf1PiEZA7aI?authuser=0&hl=ja&rclk=1","八戸市","八戸市 Webマーケティング会社"
"株式会社ゼストリー","https://hachinohe.mypl.net/shop/00000368278/","八戸市 田面木堤下３","0178-32-7591","https://www.google.com/maps/place/%E6%A0%AA%E5%BC%8F%E4%BC%9A%E7%A4%BE%E3%82%BC%E3%82%B9%E3%83%88%E3%83%AA%E3%83%BC/data=!4m7!3m6!1s0x5f9b4d3c4a893a05:0x85be1fd57d823ef8!8m2!3d40.4988615!4d141.4478237!16s%2Fg%2F11pkc_tzgy!19sChIJBTqJSjxNm18R-D6CfdUfvoU?authuser=0&hl=ja&rclk=1","八戸市","八戸市 Webマーケティング会社"
"㈱ニシキデザイン","http://nishiki-design.net/","八戸市 長苗代前田１１−１","0178-27-5454","https://www.google.com/maps/place/%E3%88%B1%E3%83%8B%E3%82%B7%E3%82%AD%E3%83%87%E3%82%B6%E3%82%A4%E3%83%B3/data=!4m7!3m6!1s0x5f9b4dc099ec7f0d:0x74bfb70f4b0942ec!8m2!3d40.5134248!4d141.4494588!16s%2Fg%2F1tnl16t2!19sChIJDX_smcBNm18R7EIJSw-3v3Q?authuser=0&hl=ja&rclk=1","八戸市","八戸市 広告代理店"
"㈱岩手日報広告社","http://www.inp-ad.com/","盛岡市 菜園１丁目３−６","019-653-6125","https://www.google.com/maps/place/%E3%88%B1%E5%B2%A9%E6%89%8B%E6%97%A5%E5%A0%B1%E5%BA%83%E5%91%8A%E7%A4%BE/data=!4m7!3m6!1s0x5f85762f6e2f41bd:0xc53822aff6e17028!8m2!3d39.700939!4d141.149204!16s%2Fg%2F1tvyll50!19sChIJvUEvbi92hV8RKHDh9q8iOMU?authuser=0&hl=ja&rclk=1","盛岡市","盛岡市 広告代理店"
"㈱アド秋田","http://www.ado-akita.jp/","秋田市 外旭川堂ノ前８−８","018-864-1504","https://www.google.com/maps/place/%E3%88%B1%E3%82%A2%E3%83%89%E7%A7%8B%E7%94%B0/data=!4m7!3m6!1s0x5f8fdd5cb607d877:0xf0b25840b6ff93ff!8m2!3d39.745255!4d140.095239!16s%2Fg%2F1xg5shl2!19sChIJd9gHtlzdj18R_5P_tkBYsvA?authuser=0&hl=ja&rclk=1","秋田市","秋田市 広告代理店"
"㈱秋田毎日広告社","http://www.t-mainichi.jp/akita/index.html","秋田市 山王６丁目２０−２２","018-864-4120","https://www.google.com/maps/place/%E3%88%B1%E7%A7%8B%E7%94%B0%E6%AF%8E%E6%97%A5%E5%BA%83%E5%91%8A%E7%A4%BE/data=!4m7!3m6!1s0x5f8fc2deb94085d1:0x96ec75fdd1c98a64!8m2!3d39.715323!4d140.0976774!16s%2Fg%2F1tc_kzjs!19sChIJ0YVAud7Cj18RZIrJ0f117JY?authuser=0&hl=ja&rclk=1","秋田市","秋田市 広告代理店"
"Focus（広告代理店）","https://focus-yg.com/","山形市 本町１丁目５−19 3Fｰ11","080-9010-1080","https://www.google.com/maps/place/Focus%EF%BC%88%E5%BA%83%E5%91%8A%E4%BB%A3%E7%90%86%E5%BA%97%EF%BC%89/data=!4m7!3m6!1s0x5f8bb76180c5af8f:0xf2328fd65b1c2d58!8m2!3d38.2505023!4d140.3362951!16s%2Fg%2F11s8zpx65z!19sChIJj6_FgGG3i18RWC0cW9aPMvI?authuser=0&hl=ja&rclk=1","山形市","山形市 広告代理店"
"合同会社シェアード・エスイー","https://s-se.co.jp/","福島市 宮代一本木１５−２","024-553-4013","https://www.google.com/maps/place/%E5%90%88%E5%90%8C%E4%BC%9A%E7%A4%BE%E3%82%B7%E3%82%A7%E3%82%A2%E3%83%BC%E3%83%89%E3%83%BB%E3%82%A8%E3%82%B9%E3%82%A4%E3%83%BC/data=!4m7!3m6!1s0x5f8a886f40f9521d:0x1d66e37a762da449!8m2!3d37.8079436!4d140.4899891!16s%2Fg%2F1q67b3q4c!19sChIJHVL5QG-Iil8RSaQtdnrjZh0?authuser=0&hl=ja&rclk=1","福島市","福島市 Webマーケティング会社"
"アドポス福島センター","https://www.adpos.jp/company/fukushima/","福島市 南中央２丁目３５−１","0120-311-502","https://www.google.com/maps/place/%E3%82%A2%E3%83%89%E3%83%9D%E3%82%B9%E7%A6%8F%E5%B3%B6%E3%82%BB%E3%83%B3%E3%82%BF%E3%83%BC/data=!4m7!3m6!1s0x5f8a85a9db848821:0x698a07d66657f074!8m2!3d37.7605135!4d140.4357431!16s%2Fg%2F1tj5kzp0!19sChIJIYiE26mFil8RdPBXZtYHimk?authuser=0&hl=ja&rclk=1","福島市","福島市 広告代理店"
"アド・エージェント","https://adagent.jp/","福島市 御山清水尻２７−１５","024-533-7796","https://www.google.com/maps/place/%E3%82%A2%E3%83%89%E3%83%BB%E3%82%A8%E3%83%BC%E3%82%B8%E3%82%A7%E3%83%B3%E3%83%88/data=!4m7!3m6!1s0x5f8a8608d5b2d6b7:0x726a1ca2be4a44b1!8m2!3d37.774574!4d140.466048!16s%2Fg%2F11b6jgplwl!19sChIJt9ay1QiGil8RsURKvqIcanI?authuser=0&hl=ja&rclk=1","福島市","福島市 広告代理店"
".WAVE","https://dot-wave.com/","郡山市 島２丁目４４−１３ プレシード郡山 301","","https://www.google.com/maps/place/.WAVE/data=!4m7!3m6!1s0x602013da3b809e4d:0x1e6904b0e787b641!8m2!3d37.397347!4d140.3462842!16s%2Fg%2F11jz9n5s2w!19sChIJTZ6AO9oTIGARQbaH57AEaR4?authuser=0&hl=ja&rclk=1","郡山市","郡山市 Webマーケティング会社"
"SESSION株式会社","https://session-inc.net/","郡山市 富久山町八山田尾池８０−２","","https://www.google.com/maps/place/SESSION%E6%A0%AA%E5%BC%8F%E4%BC%9A%E7%A4%BE/data=!4m7!3m6!1s0x60206d9b7a828457:0x4712647c6f18aac8!8m2!3d37.4323662!4d140.365403!16s%2Fg%2F11yvktc_cb!19sChIJV4SCepttIGARyKoYb3xkEkc?authuser=0&hl=ja&rclk=1","郡山市","郡山市 広告代理店"
"サンシャイン・ソリューション","https://sun-sol.jp/","いわき市 山田町井上16","","https://www.google.com/maps/place/%E3%82%B5%E3%83%B3%E3%82%B7%E3%83%A3%E3%82%A4%E3%83%B3%E3%83%BB%E3%82%BD%E3%83%AA%E3%83%A5%E3%83%BC%E3%82%B7%E3%83%A7%E3%83%B3/data=!4m7!3m6!1s0x60210bb34671fa85:0x81f09df3d4c2cd98!8m2!3d36.9276976!4d140.7552856!16s%2Fg%2F11jff1tyj0!19sChIJhfpxRrMLIWARmM3C1POd8IE?authuser=0&hl=ja&rclk=1","いわき市","いわき市 Webマーケティング会社"
"有限会社ビーボックス","https://bbox-i.com/","いわき市 平南白土２丁目２−１２","0246-22-7800","https://www.google.com/maps/place/%EF%BC%88%E6%9C%89%EF%BC%89%E3%83%93%E3%83%BC%E3%83%9C%E3%83%83%E3%82%AF%E3%82%B9/data=!4m7!3m6!1s0x6021111842b43bfd:0xbe4b891ec61aa111!8m2!3d37.0456477!4d140.9067195!16s%2Fg%2F1tf9yjcd!19sChIJ_Tu0QhgRIWAREaEaxh6JS74?authuser=0&hl=ja&rclk=1","いわき市","いわき市 広告代理店"
"株式会社アベ広告","https://f-kanban.jp/member-iwaki-abekoukoku/","いわき市 平下荒川砂田４９","0246-28-9029","https://www.google.com/maps/place/%EF%BC%88%E6%A0%AA%EF%BC%89%E3%82%A2%E3%83%99%E5%BA%83%E5%91%8A/data=!4m7!3m6!1s0x60211111e9e6d45f:0xe0f67398ae59315a!8m2!3d37.0375319!4d140.8987519!16s%2Fg%2F11btrqwc9y!19sChIJX9Tm6RERIWARWjFZrphz9uA?authuser=0&hl=ja&rclk=1","いわき市","いわき市 広告代理店"
"有限会社スエヒロ広告","https://iwaki-kanban.com/","いわき市 内郷御厩町４丁目１５","0246-26-5677","https://www.google.com/maps/place/%EF%BC%88%E6%9C%89%EF%BC%89%E3%82%B9%E3%82%A8%E3%83%92%E3%83%AD%E5%BA%83%E5%91%8A/data=!4m7!3m6!1s0x6021104452948bf3:0x6f3791723aadc78d!8m2!3d37.0516358!4d140.8736402!16s%2Fg%2F1tg9ssy_!19sChIJ84uUUkQQIWARjcetOnKRN28?authuser=0&hl=ja&rclk=1","いわき市","いわき市 広告代理店"
"株式会社 秋南企画","https://shunankikaku.studio.site/","いわき市 平北白土ネキ内１−３","0246-23-4034","https://www.google.com/maps/place/%E6%A0%AA%E5%BC%8F%E4%BC%9A%E7%A4%BE+%E7%A7%8B%E5%8D%97%E4%BC%81%E7%94%BB/data=!4m7!3m6!1s0x60211121f80e3683:0x64d1f97ed91450c6!8m2!3d37.0517861!4d140.9139706!16s%2Fg%2F1tfj_z3n!19sChIJgzYO-CERIWARxlAU2X750WQ?authuser=0&hl=ja&rclk=1","いわき市","いわき市 広告代理店"
"Hi Magazine","https://hi-maga.com/","いわき市 いわき市 平字三町目35 三町目館2F","0246-84-5618","https://www.google.com/maps/place/Hi+Magazine/data=!4m7!3m6!1s0x602110f9e480aedf:0xd4e251ab52f1d2a4!8m2!3d37.0559977!4d140.891698!16s%2Fg%2F11fnwh12nr!19sChIJ366A5PkQIWARpNLxUqtR4tQ?authuser=0&hl=ja&rclk=1","いわき市","いわき市 広告代理店"
"くすのき経営事務所","https://kusunoki-keiei.com/","新潟市 本町通６番町１１４１−１ ストークビル新潟一番館 3階 314号室","","https://www.google.com/maps/place/%E3%81%8F%E3%81%99%E3%81%AE%E3%81%8D%E7%B5%8C%E5%96%B6%E4%BA%8B%E5%8B%99%E6%89%80/data=!4m7!3m6!1s0x5ff4c9d5691e496d:0x5c8b7aa368bac83e!8m2!3d37.9213286!4d139.0471127!16s%2Fg%2F11yx0gnptv!19sChIJbUkeadXJ9F8RPsi6aKN6i1w?authuser=0&hl=ja&rclk=1","新潟市","新潟市 Webマーケティング会社"
"株式会社リプロネクスト 新潟オフィス","https://lipronext.com/","新潟市 小針が丘２−５４ 2F","050-1724-4946","https://www.google.com/maps/place/%E6%A0%AA%E5%BC%8F%E4%BC%9A%E7%A4%BE%E3%83%AA%E3%83%97%E3%83%AD%E3%83%8D%E3%82%AF%E3%82%B9%E3%83%88+%E6%96%B0%E6%BD%9F%E3%82%AA%E3%83%95%E3%82%A3%E3%82%B9/data=!4m7!3m6!1s0x5ff4ca1e228f6713:0xfd18765b1c12cfa4!8m2!3d37.8910808!4d138.9904143!16s%2Fg%2F11c6q81l9s!19sChIJE2ePIh7K9F8RpM8SHFt2GP0?authuser=0&hl=ja&rclk=1","新潟市","新潟市 Webマーケティング会社"
"株式会社アイ･シー･オー","https://www.ico-ad.co.jp/","新潟市 米山２丁目７−４ ITPケヤキビル3階","025-246-5000","https://www.google.com/maps/place/%28%E6%A0%AA%29%E3%82%A2%E3%82%A4%EF%BD%A5%E3%82%B7%E3%83%BC%EF%BD%A5%E3%82%AA%E3%83%BC/data=!4m7!3m6!1s0x5ff4c99923b1bc85:0xf3b218297094987d!8m2!3d37.9084365!4d139.0580674!16s%2Fg%2F1vsprbb7!19sChIJhbyxI5nJ9F8RfZiUcCkYsvM?authuser=0&hl=ja&rclk=1","新潟市","新潟市 広告代理店"
"サイン&ディスプレイ サンクラフト","https://suncraft.seesaa.net/category/3584527-1.html","長岡市 千歳３丁目９−２３","0258-39-6260","https://www.google.com/maps/place/%E3%82%B5%E3%82%A4%E3%83%B3%26%E3%83%87%E3%82%A3%E3%82%B9%E3%83%97%E3%83%AC%E3%82%A4+%E3%82%B5%E3%83%B3%E3%82%AF%E3%83%A9%E3%83%95%E3%83%88/data=!4m7!3m6!1s0x5ff5a900055b3279:0x9ee8a7dadbfe2363!8m2!3d37.4389087!4d138.8462933!16s%2Fg%2F11nr3fky82!19sChIJeTJbBQCp9V8RYyP-29qn6J4?authuser=0&hl=ja&rclk=1","長岡市","長岡市 広告代理店"
"株式会社エル・イー・オー","https://www.l-e-o-nagaoka.com/","長岡市 南七日町６８−１５","0258-46-0046","https://www.google.com/maps/place/%EF%BC%88%E6%A0%AA%EF%BC%89%E3%82%A8%E3%83%AB%E3%83%BB%E3%82%A4%E3%83%BC%E3%83%BB%E3%82%AA%E3%83%BC/data=!4m7!3m6!1s0x5ff5a93f501ec8db:0x120691e03975815d!8m2!3d37.44517!4d138.79913!16s%2Fg%2F1xpwjmfq!19sChIJ28geUD-p9V8RXYF1OeCRBhI?authuser=0&hl=ja&rclk=1","長岡市","長岡市 広告代理店"
"株式会社速報社 オリコミ広告センター","https://www.sokuhosha-orikomi.jp/","長岡市 蓮潟３丁目４−１８","0258-29-6357","https://www.google.com/maps/place/%28%E6%A0%AA%29%E9%80%9F%E5%A0%B1%E7%A4%BE+%E3%82%AA%E3%83%AA%E3%82%B3%E3%83%9F%E5%BA%83%E5%91%8A%E3%82%BB%E3%83%B3%E3%82%BF%E3%83%BC/data=!4m7!3m6!1s0x5ff5a98c0c56104d:0x57efb652e0b4e09f!8m2!3d37.470342!4d138.8264461!16s%2Fg%2F1vxz9gdl!19sChIJTRBWDIyp9V8Rn-C04FK271c?authuser=0&hl=ja&rclk=1","長岡市","長岡市 広告代理店"
"クラシード新潟","https://craceed-niigata.jp/","長岡市 中興野９２−６","0258-84-7109","https://www.google.com/maps/place/%E3%82%AF%E3%83%A9%E3%82%B7%E3%83%BC%E3%83%89%E6%96%B0%E6%BD%9F/data=!4m7!3m6!1s0x5ff5011487fc44ab:0x24d93bc8c84c4829!8m2!3d37.5208127!4d138.8812732!16s%2Fg%2F11gh9dyyg6!19sChIJq0T8hxQB9V8RKUhMyMg72SQ?authuser=0&hl=ja&rclk=1","長岡市","長岡市 広告代理店"
"オースタイル株式会社","http://www.o-style1.com/","富山市 二口町３丁目１−１３","076-424-6687","https://www.google.com/maps/place/%E3%82%AA%E3%83%BC%E3%82%B9%E3%82%BF%E3%82%A4%E3%83%AB%E6%A0%AA%E5%BC%8F%E4%BC%9A%E7%A4%BE/data=!4m7!3m6!1s0x5ff79037cd39273d:0xb2d1a270d4c8fd04!8m2!3d36.669634!4d137.2074361!16s%2Fg%2F1tj45rth!19sChIJPSc5zTeQ918RBP3I1HCi0bI?authuser=0&hl=ja&rclk=1","富山市","富山市 広告代理店"
"有限会社アクシス","http://axsis-toyama.com/","富山市 千成町１９−２４","076-451-5885","https://www.google.com/maps/place/%EF%BC%88%E6%9C%89%EF%BC%89%E3%82%A2%E3%82%AF%E3%82%B7%E3%82%B9/data=!4m7!3m6!1s0x5ff799fd2fd2c04b:0x4e3ae0f67d30a5f7!8m2!3d36.7200761!4d137.2443407!16s%2Fg%2F1tgz5b7s!19sChIJS8DSL_2Z918R96UwffbgOk4?authuser=0&hl=ja&rclk=1","富山市","富山市 広告代理店"
"日本海広告株式会社","https://nihonkai-ad.jp/","富山市 黒崎５０７−１","076-425-3218","https://www.google.com/maps/place/%E6%97%A5%E6%9C%AC%E6%B5%B7%E5%BA%83%E5%91%8A%EF%BC%88%E6%A0%AA%EF%BC%89/data=!4m7!3m6!1s0x5ff78e279005f0f3:0x893925938243e8ca!8m2!3d36.654555!4d137.20591!16s%2Fg%2F1td0y9t4!19sChIJ8_AFkCeO918RyuhDgpMlOYk?authuser=0&hl=ja&rclk=1","富山市","富山市 広告代理店"
"ISM株式会社（金沢開発室）","https://ism-tech.jp/","金沢市 駅西本町４丁目３−１９","","https://www.google.com/maps/place/ISM%E6%A0%AA%E5%BC%8F%E4%BC%9A%E7%A4%BE%EF%BC%88%E9%87%91%E6%B2%A2%E9%96%8B%E7%99%BA%E5%AE%A4%EF%BC%89/data=!4m7!3m6!1s0x5ff8333e6ea55bcf:0x53e636244bfe3968!8m2!3d36.583769!4d136.6335159!16s%2Fg%2F11yz2y7n04!19sChIJz1ulbj4z-F8RaDn-SyQ25lM?authuser=0&hl=ja&rclk=1","金沢市","金沢市 Webマーケティング会社"
"有限会社プラネッツ広告通信社","http://planets101.web.fc2.com/","金沢市 山科３丁目６−４ プラネッツ広告通信社","076-242-9574","https://www.google.com/maps/place/%EF%BC%88%E6%9C%89%EF%BC%89%E3%83%97%E3%83%A9%E3%83%8D%E3%83%83%E3%83%84%E5%BA%83%E5%91%8A%E9%80%9A%E4%BF%A1%E7%A4%BE/data=!4m7!3m6!1s0x5ff8342cefc5e31b:0xfaeb0216f2c1e8b6!8m2!3d36.529271!4d136.646562!16s%2Fg%2F1w04jz7q!19sChIJG-PF7yw0-F8RtujB8hYC6_o?authuser=0&hl=ja&rclk=1","金沢市","金沢市 広告代理店"
"デジタルサイネージショールーム 福井","https://signage-media.jp/","福井市 文京４丁目１−１ 1F","0776-76-3245","https://www.google.com/maps/place/%E3%83%87%E3%82%B8%E3%82%BF%E3%83%AB%E3%82%B5%E3%82%A4%E3%83%8D%E3%83%BC%E3%82%B8%E3%82%B7%E3%83%A7%E3%83%BC%E3%83%AB%E3%83%BC%E3%83%A0+%E7%A6%8F%E4%BA%95/data=!4m7!3m6!1s0x5ff8bfc66eae56c1:0xc564b5c3767d74f8!8m2!3d36.0742279!4d136.2120765!16s%2Fg%2F11mzvylyc9!19sChIJwVaubsa_-F8R-HR9dsO1ZMU?authuser=0&hl=ja&rclk=1","福井市","福井市 Webマーケティング会社"
"アート・アイエヌジー株式会社","https://art-ing.co.jp/","福井市 高木２丁目１１０７","0776-52-0741","https://www.google.com/maps/place/%E3%82%A2%E3%83%BC%E3%83%88%E3%83%BB%E3%82%A2%E3%82%A4%E3%82%A8%E3%83%8C%E3%82%B8%E3%83%BC%EF%BC%88%E6%A0%AA%EF%BC%89/data=!4m7!3m6!1s0x5ff8bfc66891780f:0x8b6500f972b94ad8!8m2!3d36.0925305!4d136.2281956!16s%2Fg%2F1tfsmvs8!19sChIJD3iRaMa_-F8R2Eq5cvkAZYs?authuser=0&hl=ja&rclk=1","福井市","福井市 広告代理店"
"有限会社山梨広告社","http://yamanashi-koukoku.co.jp/","甲府市 中央３丁目１２−９","055-233-5344","https://www.google.com/maps/place/%E6%9C%89%E9%99%90%E4%BC%9A%E7%A4%BE%E5%B1%B1%E6%A2%A8%E5%BA%83%E5%91%8A%E7%A4%BE/data=!4m7!3m6!1s0x601bf9c0cc1ef21f:0x26e862450544b60f!8m2!3d35.6600602!4d138.5771777!16s%2Fg%2F1tdnf9z0!19sChIJH_IezMD5G2ARD7ZEBUVi6CY?authuser=0&hl=ja&rclk=1","甲府市","甲府市 広告代理店"
"ライブサイン","http://www.livesign.org/","甲府市 緑が丘２丁目３−１８","055-253-2051","https://www.google.com/maps/place/%E3%83%A9%E3%82%A4%E3%83%96%E3%82%B5%E3%82%A4%E3%83%B3/data=!4m7!3m6!1s0x601bf827030f5d01:0x7fbfa0f1509acd27!8m2!3d35.6790914!4d138.5612205!16s%2Fg%2F1tj45_0v!19sChIJAV0PAyf4G2ARJ82aUPGgv38?authuser=0&hl=ja&rclk=1","甲府市","甲府市 広告代理店"
"プラスIT","https://service.plus-it.biz/p/line?ftid=LtjSV09o8UAK","長野市 高田五分一４２０","","https://www.google.com/maps/place/%E3%83%97%E3%83%A9%E3%82%B9IT/data=!4m7!3m6!1s0x601d870957c252f3:0x5484062f43517f2b!8m2!3d36.647544!4d138.2130778!16s%2Fg%2F11xktl3_mr!19sChIJ81LCVwmHHWARK39RQy8GhFQ?authuser=0&hl=ja&rclk=1","長野市","長野市 Webマーケティング会社"
"Lotus株式会社","https://n-creator.com/","長野市 鶴賀権堂町２３２１ 4KS長野第二ビル 3階","","https://www.google.com/maps/place/Lotus%E6%A0%AA%E5%BC%8F%E4%BC%9A%E7%A4%BE/data=!4m7!3m6!1s0x601d876ee027a13b:0x7f7320458883d4c2!8m2!3d36.6532687!4d138.1876881!16s%2Fg%2F11v9kl_y9r!19sChIJO6En4G6HHWARwtSDiEUgc38?authuser=0&hl=ja&rclk=1","長野市","長野市 Webマーケティング会社"
"HI-TECH（ハイテック）Sign＆Wraps","https://hi-tech-nagano.com/","長野市 村山５６６","090-5195-2354","https://www.google.com/maps/place/HI-TECH%EF%BC%88%E3%83%8F%E3%82%A4%E3%83%86%E3%83%83%E3%82%AF%EF%BC%89Sign%EF%BC%86Wraps/data=!4m7!3m6!1s0x601d85a2e3ab44f7:0xf6c9ecb304b20a66!8m2!3d36.6716776!4d138.2658888!16s%2Fg%2F11vs237ktf!19sChIJ90Sr46KFHWARZgqyBLPsyfY?authuser=0&hl=ja&rclk=1","長野市","長野市 広告代理店"
"株式会社長野県折込広告センター 長野本社","http://www.naganokenori.co.jp/","長野市 南長池１３８","026-268-4566","https://www.google.com/maps/place/%EF%BC%88%E6%A0%AA%EF%BC%89%E9%95%B7%E9%87%8E%E7%9C%8C%E6%8A%98%E8%BE%BC%E5%BA%83%E5%91%8A%E3%82%BB%E3%83%B3%E3%82%BF%E3%83%BC+%E9%95%B7%E9%87%8E%E6%9C%AC%E7%A4%BE/data=!4m7!3m6!1s0x601d85fbc05b6d07:0x31a44f7c29e996e3!8m2!3d36.6406295!4d138.2331615!16s%2Fg%2F1td42kvc!19sChIJB21bwPuFHWAR45bpKXxPpDE?authuser=0&hl=ja&rclk=1","長野市","長野市 広告代理店"
"フィラント株式会社","http://www.firant.co.jp/","岐阜市 六条江東３丁目４−１３","058-274-6018","https://www.google.com/maps/place/%E3%83%95%E3%82%A3%E3%83%A9%E3%83%B3%E3%83%88%E6%A0%AA%E5%BC%8F%E4%BC%9A%E7%A4%BE/data=!4m7!3m6!1s0x6003af2a6b5b347b:0x7510a132264538cb!8m2!3d35.387908!4d136.744271!16s%2Fg%2F1tf7xnnh!19sChIJezRbayqvA2ARyzhFJjKhEHU?authuser=0&hl=ja&rclk=1","岐阜市","岐阜市 広告代理店"
"株式会社アールエーピー","http://kassei-jbg.com/","岐阜市 六条江東１丁目１−３","058-213-8180","https://www.google.com/maps/place/%E6%A0%AA%E5%BC%8F%E4%BC%9A%E7%A4%BE%E3%82%A2%E3%83%BC%E3%83%AB%E3%82%A8%E3%83%BC%E3%83%94%E3%83%BC/data=!4m7!3m6!1s0x6003aed4c8faefa5:0xed1ca71ce2b687fa!8m2!3d35.3933368!4d136.7473562!16s%2Fg%2F12jc0yxd3!19sChIJpe_6yNSuA2AR-oe24hynHO0?authuser=0&hl=ja&rclk=1","岐阜市","岐阜市 広告代理店"
"フジヤ広告株式会社","https://fujiyakoukoku.amebaownd.com/pages/787985/profile","大垣市 木戸町１２２","0584-81-1328","https://www.google.com/maps/place/%E3%83%95%E3%82%B8%E3%83%A4%E5%BA%83%E5%91%8A%EF%BC%88%E6%A0%AA%EF%BC%89/data=!4m7!3m6!1s0x6003b3e37c4ec41d:0x45f72868ce881dea!8m2!3d35.366825!4d136.604982!16s%2Fg%2F1tnbl208!19sChIJHcROfOOzA2AR6h2Izmgo90U?authuser=0&hl=ja&rclk=1","大垣市","大垣市 広告代理店"
"TKC看板 大垣本店","http://tkc-kanban.sifrx.jp/","大垣市 静里町６３１−２","0584-51-2524","https://www.google.com/maps/place/TKC%E7%9C%8B%E6%9D%BF+%E5%A4%A7%E5%9E%A3%E6%9C%AC%E5%BA%97/data=!4m7!3m6!1s0x4367bc6777f7d8f5:0x82bfb4d8c429297!8m2!3d35.3555311!4d136.5928768!16s%2Fg%2F11q4bqmrhk!19sChIJ9dj3d2e8Z0MRl5JCjE37Kwg?authuser=0&hl=ja&rclk=1","大垣市","大垣市 広告代理店"
"株式会社コミュニケーションサービス","http://cs-adcreation.jp/","津市 栄町２丁目４２０","059-228-1500","https://www.google.com/maps/place/%EF%BC%88%E6%A0%AA%EF%BC%89%E3%82%B3%E3%83%9F%E3%83%A5%E3%83%8B%E3%82%B1%E3%83%BC%E3%82%B7%E3%83%A7%E3%83%B3%E3%82%B5%E3%83%BC%E3%83%93%E3%82%B9/data=!4m7!3m6!1s0x60040cca012bfd53:0xb6448acd9730b841!8m2!3d34.72948!4d136.511699!16s%2Fg%2F1tgws663!19sChIJU_0rAcoMBGARQbgwl82KRLY?authuser=0&hl=ja&rclk=1","津市","津市 広告代理店"
"株式会社美光","http://bikoh.jp/%E4%BC%9A%E7%A4%BE%E6%A6%82%E8%A6%81/","津市 寿町８−２６","059-223-1105","https://www.google.com/maps/place/%EF%BC%88%E6%A0%AA%EF%BC%89%E7%BE%8E%E5%85%89/data=!4m7!3m6!1s0x600472d5766097bd:0xc70b069060876fa9!8m2!3d34.7139432!4d136.5185566!16s%2Fg%2F1v1sl52l!19sChIJvZdgdtVyBGARqW-HYJAGC8c?authuser=0&hl=ja&rclk=1","津市","津市 広告代理店"
"有限会社 Office Lan","https://mieken.ne.jp/","津市 一身田大古曽２９５","059-233-0139","https://www.google.com/maps/place/%E6%9C%89%E9%99%90%E4%BC%9A%E7%A4%BE+Office+Lan/data=!4m7!3m6!1s0x60040b442ef0e6bb:0xbbb9263d9001118a!8m2!3d34.7572569!4d136.5039646!16s%2Fg%2F1vhq3nfx!19sChIJu-bwLkQLBGARihEBkD0mubs?authuser=0&hl=ja&rclk=1","津市","津市 広告代理店"
"広益社","http://www.koekisha-ad.jp/","四日市市 鵜の森１丁目１５−９","059-351-5059","https://www.google.com/maps/place/%E5%BA%83%E7%9B%8A%E7%A4%BE/data=!4m7!3m6!1s0x60038eee7b949bdb:0xd93bf61aceeafc5d!8m2!3d34.963519!4d136.617775!16s%2Fg%2F1tfhgbr_!19sChIJ25uUe-6OA2ARXfzqzhr2O9k?authuser=0&hl=ja&rclk=1","四日市市","四日市市 広告代理店"
"山中看板","http://www.yama-kan.net/","四日市市 日永２丁目５−３５","059-345-5319","https://www.google.com/maps/place/%E5%B1%B1%E4%B8%AD%E7%9C%8B%E6%9D%BF/data=!4m7!3m6!1s0x60038e96ee181c07:0xb4ddd642b729554e!8m2!3d34.9540354!4d136.6062009!16s%2Fg%2F1thvsmtr!19sChIJBxwY7paOA2ARTlUpt0LW3bQ?authuser=0&hl=ja&rclk=1","四日市市","四日市市 広告代理店"
"株式会社ウェブプラン","https://www.webplan.co.jp/","松江市 東津田町１７３３−３","0852-55-2433","https://www.google.com/maps/place/%E6%A0%AA%E5%BC%8F%E4%BC%9A%E7%A4%BE%E3%82%A6%E3%82%A7%E3%83%96%E3%83%97%E3%83%A9%E3%83%B3/data=!4m7!3m6!1s0x35571accf4366043:0xa8599954212a6e48!8m2!3d35.450273!4d133.0856033!16s%2Fg%2F1tf5n1nt!19sChIJQ2A29MwaVzURSG4qIVSZWag?authuser=0&hl=ja&rclk=1","松江市","松江市 Webマーケティング会社"
"株式会社 山陰メディア通信社 松江本社(ねこの手 松江)","https://com-pass.co.jp/","松江市 東津田町１２０５−２","0852-25-9110","https://www.google.com/maps/place/%E6%A0%AA%E5%BC%8F%E4%BC%9A%E7%A4%BE+%E5%B1%B1%E9%99%B0%E3%83%A1%E3%83%87%E3%82%A3%E3%82%A2%E9%80%9A%E4%BF%A1%E7%A4%BE+%E6%9D%BE%E6%B1%9F%E6%9C%AC%E7%A4%BE%28%E3%81%AD%E3%81%93%E3%81%AE%E6%89%8B+%E6%9D%BE%E6%B1%9F%29/data=!4m7!3m6!1s0x355704ed5b214167:0x42767fd590d4bf8e!8m2!3d35.4562795!4d133.0833048!16s%2Fg%2F1tcwtksb!19sChIJZ0EhW-0EVzURjr_UkNV_dkI?authuser=0&hl=ja&rclk=1","松江市","松江市 広告代理店"
"株式会社創舎 松江営業所","https://www.sosha.co.jp/","松江市 西津田７丁目１１−８","0852-20-2883","https://www.google.com/maps/place/%EF%BC%88%E6%A0%AA%EF%BC%89%E5%89%B5%E8%88%8E+%E6%9D%BE%E6%B1%9F%E5%96%B6%E6%A5%AD%E6%89%80/data=!4m7!3m6!1s0x355704e630319ebb:0x5ab0556347aa3a7a!8m2!3d35.4570015!4d133.0673848!16s%2Fg%2F1tgdqzqv!19sChIJu54xMOYEVzURejqqR2NVsFo?authuser=0&hl=ja&rclk=1","松江市","松江市 広告代理店"
"リュージョンコンサルティング株式会社","https://www.lusion.jp/","鳥取市 賀露町４３０ KKT コスモス","0857-30-2430","https://www.google.com/maps/place/%E3%83%AA%E3%83%A5%E3%83%BC%E3%82%B8%E3%83%A7%E3%83%B3%E3%82%B3%E3%83%B3%E3%82%B5%E3%83%AB%E3%83%86%E3%82%A3%E3%83%B3%E3%82%B0%EF%BC%88%E6%A0%AA%EF%BC%89/data=!4m7!3m6!1s0x35558e5b77e29acb:0x3714de0272561440!8m2!3d35.526143!4d134.196375!16s%2Fg%2F1wk49xg_!19sChIJy5rid1uOVTURQBRWcgLeFDc?authuser=0&hl=ja&rclk=1","鳥取市","鳥取市 Webマーケティング会社"
"株式会社LEAD（リード） 鳥取営業所","https://lead-net.co.jp/","鳥取市 扇町３ 東栄ビル 3F","0857-50-1186","https://www.google.com/maps/place/%E6%A0%AA%E5%BC%8F%E4%BC%9A%E7%A4%BELEAD%EF%BC%88%E3%83%AA%E3%83%BC%E3%83%89%EF%BC%89+%E9%B3%A5%E5%8F%96%E5%96%B6%E6%A5%AD%E6%89%80/data=!4m7!3m6!1s0x35558f0005752af7:0x7ced80a0878fa2e9!8m2!3d35.4928534!4d134.225981!16s%2Fg%2F11yny032bw!19sChIJ9yp1BQCPVTUR6aKPh6CA7Xw?authuser=0&hl=ja&rclk=1","鳥取市","鳥取市 Webマーケティング会社"
"倉敷プリント","https://kurashiki-print.com/","倉敷市 鶴の浦２丁目２−１２","086-441-7015","https://www.google.com/maps/place/%E5%80%89%E6%95%B7%E3%83%97%E3%83%AA%E3%83%B3%E3%83%88/data=!4m7!3m6!1s0x35515b005458a951:0xe954e11196e93d57!8m2!3d34.5425419!4d133.7045951!16s%2Fg%2F11xvxzq79v!19sChIJUalYVABbUTURVz3plhHhVOk?authuser=0&hl=ja&rclk=1","倉敷市","倉敷市 広告代理店"
"株式会社協同プライニング","http://kyo-pla.net/","倉敷市 松島１０３７","086-463-1535","https://www.google.com/maps/place/%28%E6%A0%AA%29%E5%8D%94%E5%90%8C%E3%83%97%E3%83%A9%E3%82%A4%E3%83%8B%E3%83%B3%E3%82%B0/data=!4m7!3m6!1s0x3553fe391c14594b:0x445bcc5bd7ed0fbf!8m2!3d34.6290358!4d133.8072971!16s%2Fg%2F1tqtvqgv!19sChIJS1kUHDn-UzURvw_t11vMW0Q?authuser=0&hl=ja&rclk=1","倉敷市","倉敷市 広告代理店"
"株式会社 アドクリエイト","http://adcreate.co.jp/","広島市 大塚西３丁目２６−６","082-962-0214","https://www.google.com/maps/place/%E6%A0%AA%E5%BC%8F%E4%BC%9A%E7%A4%BE+%E3%82%A2%E3%83%89%E3%82%AF%E3%83%AA%E3%82%A8%E3%82%A4%E3%83%88/data=!4m7!3m6!1s0x355a981998d8ffff:0xd5c3dc96c1ae0bc3!8m2!3d34.4386424!4d132.4015691!16s%2Fg%2F11cm_bsztv!19sChIJ___YmBmYWjURwwuuwZbcw9U?authuser=0&hl=ja&rclk=1","広島市","広島市 広告代理店"
"株式会社アドリンク クリエイティブエージェンシー","https://adlink-jp.com/","広島市 上幟町４−７ 縮景園ひろえビル 2F","082-555-1193","https://www.google.com/maps/place/%E6%A0%AA%E5%BC%8F%E4%BC%9A%E7%A4%BE%E3%82%A2%E3%83%89%E3%83%AA%E3%83%B3%E3%82%AF+%E3%82%AF%E3%83%AA%E3%82%A8%E3%82%A4%E3%83%86%E3%82%A3%E3%83%96%E3%82%A8%E3%83%BC%E3%82%B8%E3%82%A7%E3%83%B3%E3%82%B7%E3%83%BC/data=!4m7!3m6!1s0x355a98a867bf5251:0x6b6184680d1f7c0a!8m2!3d34.3987231!4d132.4672017!16s%2Fg%2F12llg2gd_!19sChIJUVK_Z6iYWjURCnwfDWiEYWs?authuser=0&hl=ja&rclk=1","広島市","広島市 広告代理店"
"株式会社カフ．ウェブ．システム","https://kaf-web-system.com/","福山市 西町１丁目１−１ 1F iti SETOUCHI コワーキングスペースtovio","080-6333-9990","https://www.google.com/maps/place/%E6%A0%AA%E5%BC%8F%E4%BC%9A%E7%A4%BE%E3%82%AB%E3%83%95%EF%BC%8E%E3%82%A6%E3%82%A7%E3%83%96%EF%BC%8E%E3%82%B7%E3%82%B9%E3%83%86%E3%83%A0/data=!4m7!3m6!1s0x355111db457381b1:0x38f56695df751ca9!8m2!3d34.4877861!4d133.357976!16s%2Fg%2F11vhbs2hgt!19sChIJsYFzRdsRUTURqRx135Vm9Tg?authuser=0&hl=ja&rclk=1","福山市","福山市 Webマーケティング会社"
"株式会社 広島朝日広告社 福山支社","https://www.hiroasa.jp/","福山市 引野町４丁目５−１８ 2階","084-999-1545","https://www.google.com/maps/place/%E6%A0%AA%E5%BC%8F%E4%BC%9A%E7%A4%BE+%E5%BA%83%E5%B3%B6%E6%9C%9D%E6%97%A5%E5%BA%83%E5%91%8A%E7%A4%BE+%E7%A6%8F%E5%B1%B1%E6%94%AF%E7%A4%BE/data=!4m7!3m6!1s0x355110fc5fb2775d:0x16c720319d83199c!8m2!3d34.4947689!4d133.412594!16s%2Fg%2F1tlcy_dw!19sChIJXXeyX_wQUTURnBmDnTEgxxY?authuser=0&hl=ja&rclk=1","福山市","福山市 広告代理店"
"アイケー美創有限会社","https://ikbiso.com/","呉市 川尻町小仁方１丁目１６−１６番２４号","0823-87-5511","https://www.google.com/maps/place/%E3%82%A2%E3%82%A4%E3%82%B1%E3%83%BC%E7%BE%8E%E5%89%B5%EF%BC%88%E6%9C%89%EF%BC%89/data=!4m7!3m6!1s0x3550093a170f464f:0x54097566f3cbbf2f!8m2!3d34.2148848!4d132.67888!16s%2Fg%2F1txflz3q!19sChIJT0YPFzoJUDURL7_L82Z1CVQ?authuser=0&hl=ja&rclk=1","呉市","呉市 広告代理店"
"松村プリント_看板_インクジェット出力_Tシャツ_ウォンツ広白石店の目の前","https://matsupri.design/","呉市 広白石１丁目１−１６","0823-61-8836","https://www.google.com/maps/place/%E6%9D%BE%E6%9D%91%E3%83%97%E3%83%AA%E3%83%B3%E3%83%88_%E7%9C%8B%E6%9D%BF_%E3%82%A4%E3%83%B3%E3%82%AF%E3%82%B8%E3%82%A7%E3%83%83%E3%83%88%E5%87%BA%E5%8A%9B_T%E3%82%B7%E3%83%A3%E3%83%84_%E3%82%A6%E3%82%A9%E3%83%B3%E3%83%84%E5%BA%83%E7%99%BD%E7%9F%B3%E5%BA%97%E3%81%AE%E7%9B%AE%E3%81%AE%E5%89%8D/data=!4m7!3m6!1s0x35500de1a8b59901:0x1cb814a6536c52c!8m2!3d34.2273936!4d132.6330634!16s%2Fg%2F11cs4lgc31!19sChIJAZm1qOENUDURLMU2ZUqBywE?authuser=0&hl=ja&rclk=1","呉市","呉市 広告代理店"
"サンデー山口","https://www.sunday-yamaguchi.co.jp/","山口市 神田町８−１","083-925-7912","https://www.google.com/maps/place/%E3%82%B5%E3%83%B3%E3%83%87%E3%83%BC%E5%B1%B1%E5%8F%A3/data=!4m7!3m6!1s0x3544974460b75af5:0xdd26be8a56e16932!8m2!3d34.1725716!4d131.4540067!16s%2Fg%2F1vxvfnnp!19sChIJ9Vq3YESXRDURMmnhVoq-Jt0?authuser=0&hl=ja&rclk=1","山口市","山口市 広告代理店"
"合同会社E-NES","http://e-nes.jp/","下関市 卸新町８−３ アロー印刷西工場","083-227-3377","https://www.google.com/maps/place/%E5%90%88%E5%90%8C%E4%BC%9A%E7%A4%BEE-NES/data=!4m7!3m6!1s0x3543bde7aad72ca1:0xcc410c9d2a2b5c1f!8m2!3d33.9846076!4d130.9493151!16s%2Fg%2F11ly6t67xz!19sChIJoSzXque9QzURH1wrKp0MQcw?authuser=0&hl=ja&rclk=1","下関市","下関市 Webマーケティング会社"
"SRMコンサルティング合同会社","http://srm-consul.com/","下関市 永田本町１丁目５−３","083-250-9996","https://www.google.com/maps/place/SRM%E3%82%B3%E3%83%B3%E3%82%B5%E3%83%AB%E3%83%86%E3%82%A3%E3%83%B3%E3%82%B0%E5%90%88%E5%90%8C%E4%BC%9A%E7%A4%BE/data=!4m7!3m6!1s0x3543a3ea93f95555:0x2ef855512da444ec!8m2!3d34.0728711!4d130.8971094!16s%2Fg%2F11sctyq4_r!19sChIJVVX5k-qjQzUR7ESkLVFV-C4?authuser=0&hl=ja&rclk=1","下関市","下関市 Webマーケティング会社"
"フォルト","https://www.fort-net.com/","下関市 椋野町３丁目５−１６","083-227-2115","https://www.google.com/maps/place/%E3%83%95%E3%82%A9%E3%83%AB%E3%83%88/data=!4m7!3m6!1s0x3543bd43183749b7:0xafffac7be13d05c8!8m2!3d33.9800026!4d130.9475177!16s%2Fg%2F11btrrhq3l!19sChIJt0k3GEO9QzURyAU94Xus_68?authuser=0&hl=ja&rclk=1","下関市","下関市 広告代理店"
"株式会社セファード","http://www.t-po.jp/","徳島市 かちどき橋１丁目６０−１","088-655-9997","https://www.google.com/maps/place/%E6%A0%AA%E5%BC%8F%E4%BC%9A%E7%A4%BE%E3%82%BB%E3%83%95%E3%82%A1%E3%83%BC%E3%83%89/data=!4m7!3m6!1s0x35536d184a9848c5:0x29e9972265e5fe87!8m2!3d34.0651998!4d134.5564297!16s%2Fg%2F11h6nfv8zf!19sChIJxUiYShhtUzURh_7lZSKX6Sk?authuser=0&hl=ja&rclk=1","徳島市","徳島市 広告代理店"
"ミッドサービス","https://midservice.com/","徳島市 東沖洲２丁目５８−５","088-679-1119","https://www.google.com/maps/place/%E3%83%9F%E3%83%83%E3%83%89%E3%82%B5%E3%83%BC%E3%83%93%E3%82%B9/data=!4m7!3m6!1s0x35536d3fdb0fe0a5:0x90f3c3690e4d8921!8m2!3d34.0603515!4d134.5983439!16s%2Fg%2F1tdz2n2n!19sChIJpeAP2z9tUzURIYlNDmnD85A?authuser=0&hl=ja&rclk=1","徳島市","徳島市 広告代理店"
"SUNABACO高松","https://sunabaco.com/takamatsu/","高松市 常盤町1−３−１ 瓦町Flag 10F SUNABACO 高松","","https://www.google.com/maps/place/SUNABACO%E9%AB%98%E6%9D%BE/data=!4m7!3m6!1s0x3553eb820bc781d5:0x20f2437027e8dc13!8m2!3d34.3394359!4d134.0528198!16s%2Fg%2F11ftwfslc0!19sChIJ1YHHC4LrUzURE9zoJ3BD8iA?authuser=0&hl=ja&rclk=1","高松市","高松市 Webマーケティング会社"
"さんた広告㈱","http://santa-ad.sakura.ne.jp/","高松市 木太町１２２３−２","087-813-6585","https://www.google.com/maps/place/%E3%81%95%E3%82%93%E3%81%9F%E5%BA%83%E5%91%8A%E3%88%B1/data=!4m7!3m6!1s0x3553eb110aede545:0x4dc704a21bca53ea!8m2!3d34.3200209!4d134.069917!16s%2Fg%2F1twyxbxw!19sChIJReXtChHrUzUR6lPKG6IEx00?authuser=0&hl=ja&rclk=1","高松市","高松市 広告代理店"
"株式会社関西広告社 香川営業所","https://www.kansai-k.com/","高松市 松並町９３８−１","087-897-2115","https://www.google.com/maps/place/%28%E6%A0%AA%29%E9%96%A2%E8%A5%BF%E5%BA%83%E5%91%8A%E7%A4%BE+%E9%A6%99%E5%B7%9D%E5%96%B6%E6%A5%AD%E6%89%80/data=!4m7!3m6!1s0x3553c3d757fa8bed:0x23ca2bc6116c7b0e!8m2!3d34.3199639!4d134.0307955!16s%2Fg%2F11jn0xbsvz!19sChIJ7Yv6V9fDUzURDntsEcYryiM?authuser=0&hl=ja&rclk=1","高松市","高松市 広告代理店"
"ANUN","https://www.anun-japan.com/","丸亀市 浜町310番地","0120-676-315","https://www.google.com/maps/place/ANUN/data=!4m7!3m6!1s0x3553d9e3469c4d59:0x86d92712f104988a!8m2!3d34.2930719!4d133.7946277!16s%2Fg%2F11vyqjgkzg!19sChIJWU2cRuPZUzURipgE8RIn2YY?authuser=0&hl=ja&rclk=1","丸亀市","丸亀市 Webマーケティング会社"
"bharlys","https://bharlys.com/","丸亀市 南条町１−１ 丸亀ビル 2F bharlys","0877-85-8206","https://www.google.com/maps/place/bharlys/data=!4m7!3m6!1s0x3553d93486aac973:0x2f0519186e246949!8m2!3d34.2900668!4d133.7927535!16s%2Fg%2F11pwv4_xh1!19sChIJc8mqhjTZUzURSWkkbhgZBS8?authuser=0&hl=ja&rclk=1","丸亀市","丸亀市 Webマーケティング会社"
"マネードクター高松支社 丸亀オフィス","https://fp-moneydoctor.com/place/shop/kagawa/marugame/?code=12419","丸亀市 塩飽町４８−１ 丸亀プラザ 3F 302","0120-800-857","https://www.google.com/maps/place/%E3%83%9E%E3%83%8D%E3%83%BC%E3%83%89%E3%82%AF%E3%82%BF%E3%83%BC%E9%AB%98%E6%9D%BE%E6%94%AF%E7%A4%BE+%E4%B8%B8%E4%BA%80%E3%82%AA%E3%83%95%E3%82%A3%E3%82%B9/data=!4m7!3m6!1s0x3553d9087d0329eb:0xc0216842ea9000cb!8m2!3d34.2892897!4d133.7948439!16s%2Fg%2F11z55mdk7n!19sChIJ6ykDfQjZUzURywCQ6kJoIcA?authuser=0&hl=ja&rclk=1","丸亀市","丸亀市 Webマーケティング会社"
"株式会社Ａ－ＳＴＹＬＥ","https://a.style-kagawa.com/","丸亀市 飯山町下法軍寺５６７−４","","https://www.google.com/maps/place/%28%E6%A0%AA%29%EF%BC%A1%EF%BC%8D%EF%BC%B3%EF%BC%B4%EF%BC%B9%EF%BC%AC%EF%BC%A5/data=!4m7!3m6!1s0x3553db513ec81983:0x5520cd92eb548e67!8m2!3d34.2583184!4d133.8583478!16s%2Fg%2F11s3p90sv0!19sChIJgxnIPlHbUzURZ45U65LNIFU?authuser=0&hl=ja&rclk=1","丸亀市","丸亀市 広告代理店"
"有限会社タカシマ工芸","http://www.kanban-t.jp/","丸亀市 柞原町４８１−１","0877-24-8950","https://www.google.com/maps/place/%28%E6%9C%89%29%E3%82%BF%E3%82%AB%E3%82%B7%E3%83%9E%E5%B7%A5%E8%8A%B8/data=!4m7!3m6!1s0x3553d86f93339685:0xf4d93f178e0a999!8m2!3d34.271867!4d133.803126!16s%2Fg%2F1tfzpr9r!19sChIJhZYzk2_YUzURmangePGTTQ8?authuser=0&hl=ja&rclk=1","丸亀市","丸亀市 広告代理店"
"W-UP","https://ehime-web.jp/","松山市 湊町４丁目５−６","089-989-3823","https://www.google.com/maps/place/W-UP/data=!4m7!3m6!1s0x354fe52132992ce3:0x19f0b4977a216ac!8m2!3d33.8358301!4d132.7649953!16s%2Fg%2F11n0cm3h2h!19sChIJ4yyZMiHlTzURrBaid0kLnwE?authuser=0&hl=ja&rclk=1","松山市","松山市 Webマーケティング会社"
"株式会社まちづくり松山","http://machi-matsuyama.com/","松山市 湊町４丁目７−１５ ２階 きらりん","089-998-3533","https://www.google.com/maps/place/%E6%A0%AA%E5%BC%8F%E4%BC%9A%E7%A4%BE%E3%81%BE%E3%81%A1%E3%81%A5%E3%81%8F%E3%82%8A%E6%9D%BE%E5%B1%B1/data=!4m7!3m6!1s0x354fe5f2472b4fe7:0xdfd83a9377fb935e!8m2!3d33.8358993!4d132.7670529!16s%2Fg%2F1tdr5z_p!19sChIJ508rR_LlTzURXpP7d5M62N8?authuser=0&hl=ja&rclk=1","松山市","松山市 広告代理店"
"株式会社マジカルサイト","https://www.magicalsite.co.jp/","今治市 喜田村１丁目４−１２ 2F","0898-47-5500","https://www.google.com/maps/place/%E6%A0%AA%E5%BC%8F%E4%BC%9A%E7%A4%BE%E3%83%9E%E3%82%B8%E3%82%AB%E3%83%AB%E3%82%B5%E3%82%A4%E3%83%88/data=!4m7!3m6!1s0x35503a9dedf1f17f:0x33a9026a435e550!8m2!3d34.0459023!4d133.0193195!16s%2Fg%2F1wbfy6df!19sChIJf_Hx7Z06UDURUOU1pCaQOgM?authuser=0&hl=ja&rclk=1","今治市","今治市 Webマーケティング会社"
"株式会社ライオン広告舎","http://lion-sign.co.jp/","今治市 古国分３丁目５−４３","0898-35-1331","https://www.google.com/maps/place/%EF%BC%88%E6%A0%AA%EF%BC%89%E3%83%A9%E3%82%A4%E3%82%AA%E3%83%B3%E5%BA%83%E5%91%8A%E8%88%8E/data=!4m7!3m6!1s0x3550301641cb9929:0x60f949fcb85699f3!8m2!3d34.0257745!4d133.0372489!16s%2Fg%2F11c2jvlkj8!19sChIJKZnLQRYwUDUR85lWuPxJ-WA?authuser=0&hl=ja&rclk=1","今治市","今治市 広告代理店"
"メディアプロ","http://www.mediapro-is.com/","今治市 片山１丁目９−５","0898-22-4904","https://www.google.com/maps/place/%E3%83%A1%E3%83%87%E3%82%A3%E3%82%A2%E3%83%97%E3%83%AD/data=!4m7!3m6!1s0x35503b216156374f:0x8318d96ad58613e8!8m2!3d34.0562481!4d132.9782942!16s%2Fg%2F11h0ynk_6h!19sChIJTzdWYSE7UDUR6BOG1WrZGIM?authuser=0&hl=ja&rclk=1","今治市","今治市 広告代理店"
"株式会社今治せとうち広告","https://setouchikoukoku.com/","今治市 朝倉上甲２４５９−５","0898-52-7803","https://www.google.com/maps/place/%EF%BC%88%E6%A0%AA%EF%BC%89%E4%BB%8A%E6%B2%BB%E3%81%9B%E3%81%A8%E3%81%86%E3%81%A1%E5%BA%83%E5%91%8A/data=!4m7!3m6!1s0x35502f8cac3d02df:0x2f2d59ddb37f2b0c!8m2!3d33.9781218!4d133.0228699!16s%2Fg%2F11rx423605!19sChIJ3wI9rIwvUDURDCt_s91ZLS8?authuser=0&hl=ja&rclk=1","今治市","今治市 広告代理店"
"㈱ユーエスケー","https://www.usk-ad.com/","高知市 北本町３丁目１０−２８","088-883-3322","https://www.google.com/maps/place/%E3%88%B1%E3%83%A6%E3%83%BC%E3%82%A8%E3%82%B9%E3%82%B1%E3%83%BC/data=!4m7!3m6!1s0x354e1eb279dcfcd7:0xcfddcac29f45decf!8m2!3d33.5663885!4d133.5510059!16s%2Fg%2F1tq6b9dz!19sChIJ1_zcebIeTjURz95Fn8LK3c8?authuser=0&hl=ja&rclk=1","高知市","高知市 広告代理店"
"ウェブインプルーブ","https://web-improve.com/","北九州市 馬借１丁目１５−１６","080-7038-1977","https://www.google.com/maps/place/%E3%82%A6%E3%82%A7%E3%83%96%E3%82%A4%E3%83%B3%E3%83%97%E3%83%AB%E3%83%BC%E3%83%96/data=!4m7!3m6!1s0x3543b9054c3fcf91:0xb973c5dc6ffd8144!8m2!3d33.8793415!4d130.877128!16s%2Fg%2F11rf7jh7hq!19sChIJkc8_TAW5QzURRIH9b9zFc7k?authuser=0&hl=ja&rclk=1","北九州市","北九州市 Webマーケティング会社"
"ましじめ株式会社","https://masizime.com/","北九州市 魚町２丁目１−７ ACT松永ビル 5F","050-3708-1017","https://www.google.com/maps/place/%E3%81%BE%E3%81%97%E3%81%98%E3%82%81%E6%A0%AA%E5%BC%8F%E4%BC%9A%E7%A4%BE/data=!4m7!3m6!1s0x3543c74ff6f72d7d:0x730e722e57c967a3!8m2!3d33.8839682!4d130.8795722!16s%2Fg%2F11hdx7r_p_!19sChIJfS339k_HQzURo2fJVy5yDnM?authuser=0&hl=ja&rclk=1","北九州市","北九州市 Webマーケティング会社"
"株式会社 LAM COMPANY","https://www.moji-lamcompany.com/","北九州市 栄町２−２２ きただや第一ビル １F BONGO内","093-342-7321","https://www.google.com/maps/place/%E6%A0%AA%E5%BC%8F%E4%BC%9A%E7%A4%BE+LAM+COMPANY/data=!4m7!3m6!1s0x3543bf7f628ed251:0xb1a7ccb88c6b4353!8m2!3d33.9447457!4d130.9650354!16s%2Fg%2F11ffv3p7jn!19sChIJUdKOYn-_QzURU0NrjLjMp7E?authuser=0&hl=ja&rclk=1","北九州市","北九州市 Webマーケティング会社"
"広告社マルコー有限会社","https://www.maruko1970.com/","北九州市 上の原１丁目１−４６ マルコー","093-613-1494","https://www.google.com/maps/place/%E5%BA%83%E5%91%8A%E7%A4%BE%E3%83%9E%E3%83%AB%E3%82%B3%E3%83%BC%EF%BC%88%E6%9C%89%EF%BC%89/data=!4m7!3m6!1s0x3543cf264a45e3df:0x2af084610fdb4a93!8m2!3d33.8370328!4d130.7591363!16s%2Fg%2F1tfqz6dr!19sChIJ3-NFSibPQzURk0rbD2GE8Co?authuser=0&hl=ja&rclk=1","北九州市","北九州市 広告代理店"
"ブレイクビルド","http://breakbuild.jp/","北九州市 鷹見台１丁目４−１３","","https://www.google.com/maps/place/%E3%83%96%E3%83%AC%E3%82%A4%E3%82%AF%E3%83%93%E3%83%AB%E3%83%89/data=!4m7!3m6!1s0x3543ce98c7640001:0xd913bb6cbc59d760!8m2!3d33.8427058!4d130.721782!16s%2Fg%2F11p9q2lg5s!19sChIJAQBkx5jOQzURYNdZvGy7E9k?authuser=0&hl=ja&rclk=1","北九州市","北九州市 広告代理店"
"久留米ホームページ制作てらす","https://kurume.website/","久留米市 東合川町3−10−４３ 105","","https://www.google.com/maps/place/%E4%B9%85%E7%95%99%E7%B1%B3%E3%83%9B%E3%83%BC%E3%83%A0%E3%83%9A%E3%83%BC%E3%82%B8%E5%88%B6%E4%BD%9C%E3%81%A6%E3%82%89%E3%81%99/data=!4m7!3m6!1s0x3541a767cde7033f:0xe5ab1a93bf239f48!8m2!3d33.3179291!4d130.5484147!16s%2Fg%2F11v3kw2q2k!19sChIJPwPnzWenQTURSJ8jv5Maq-U?authuser=0&hl=ja&rclk=1","久留米市","久留米市 Webマーケティング会社"
"MOTONAGA","https://motonaga.jp/","久留米市 野中町８４２−２３","","https://www.google.com/maps/place/MOTONAGA/data=!4m7!3m6!1s0x3541a5596fb96611:0x97a6e2590a25d726!8m2!3d33.3087195!4d130.5349592!16s%2Fg%2F11j0j1g632!19sChIJEWa5b1mlQTURJtclClnippc?authuser=0&hl=ja&rclk=1","久留米市","久留米市 Webマーケティング会社"
"web制作久留米オフィス","https://web-kurume.com/","久留米市 安武町住吉７８５","050-1024-1692","https://www.google.com/maps/place/web%E5%88%B6%E4%BD%9C%E4%B9%85%E7%95%99%E7%B1%B3%E3%82%AA%E3%83%95%E3%82%A3%E3%82%B9/data=!4m7!3m6!1s0x3541af623a367973:0xd43710bac8b6f41!8m2!3d33.2846336!4d130.4770868!16s%2Fg%2F11mtjv96h9!19sChIJc3k2OmKvQTURQW-LrAtxQw0?authuser=0&hl=ja&rclk=1","久留米市","久留米市 Webマーケティング会社"
"ドナルド","http://site258149-9733-1197.strikingly.com/","久留米市 花畑３丁目１８−３","0800-555-9951","https://www.google.com/maps/place/%E3%83%89%E3%83%8A%E3%83%AB%E3%83%89/data=!4m7!3m6!1s0x3541a5a9bc6a11b1:0x49420f495c29b805!8m2!3d33.3039692!4d130.5155783!16s%2Fg%2F1wk49vr9!19sChIJsRFqvKmlQTURBbgpXEkPQkk?authuser=0&hl=ja&rclk=1","久留米市","久留米市 Webマーケティング会社"
"屋外広告看板","http://hirosyo.jp/","久留米市 合川町１０５９−１","0942-45-2466","https://www.google.com/maps/place/%E5%B1%8B%E5%A4%96%E5%BA%83%E5%91%8A%E7%9C%8B%E6%9D%BF/data=!4m7!3m6!1s0x3541a41793272281:0xa3de4b8988a8d5a1!8m2!3d33.317512!4d130.542409!16s%2Fg%2F1tr79lcw!19sChIJgSInkxekQTURodWoiIlL3qM?authuser=0&hl=ja&rclk=1","久留米市","久留米市 広告代理店"
"株式会社ミッド久留米","http://midkurume.com/","久留米市 梅満町２５２","0942-38-6880","https://www.google.com/maps/place/%EF%BC%88%E6%A0%AA%EF%BC%89%E3%83%9F%E3%83%83%E3%83%89%E4%B9%85%E7%95%99%E7%B1%B3/data=!4m7!3m6!1s0x3541a523113f500d:0x496acf12847e9feb!8m2!3d33.3114794!4d130.4908676!16s%2Fg%2F11b6d4bf9b!19sChIJDVA_ESOlQTUR659-hBLPakk?authuser=0&hl=ja&rclk=1","久留米市","久留米市 広告代理店"
"日展コーポレーション","https://nitten-corporation.com/","久留米市 梅満町１５９８","0942-33-8281","https://www.google.com/maps/place/%E6%97%A5%E5%B1%95%E3%82%B3%E3%83%BC%E3%83%9D%E3%83%AC%E3%83%BC%E3%82%B7%E3%83%A7%E3%83%B3/data=!4m7!3m6!1s0x3541a51794766993:0xec07253949893e44!8m2!3d33.3067226!4d130.4940365!16s%2Fg%2F1tdvmj7y!19sChIJk2l2lBelQTURRD6JSTklB-w?authuser=0&hl=ja&rclk=1","久留米市","久留米市 広告代理店"
"総合広告代理店AD PLAN／アドプラン","https://adplan.jp/","佐賀市 大財２丁目４−２６ 1","080-1735-6488","https://www.google.com/maps/place/%E7%B7%8F%E5%90%88%E5%BA%83%E5%91%8A%E4%BB%A3%E7%90%86%E5%BA%97AD+PLAN%EF%BC%8F%E3%82%A2%E3%83%89%E3%83%97%E3%83%A9%E3%83%B3/data=!4m7!3m6!1s0x3541b55db864564d:0x7c5466a05eb68de9!8m2!3d33.2585814!4d130.3090217!16s%2Fg%2F11yywsg0xj!19sChIJTVZkuF21QTUR6Y22XqBmVHw?authuser=0&hl=ja&rclk=1","佐賀市","佐賀市 広告代理店"
"コスモ広告","https://www.cosmokoukoku.com/","佐賀市 巨勢町牛島１７９−１","0952-22-2230","https://www.google.com/maps/place/%E3%82%B3%E3%82%B9%E3%83%A2%E5%BA%83%E5%91%8A/data=!4m7!3m6!1s0x3541b5f21106da73:0x81d586544626641f!8m2!3d33.257564!4d130.318259!16s%2Fg%2F1tgj6m85!19sChIJc9oGEfK1QTURH2QmRlSG1YE?authuser=0&hl=ja&rclk=1","佐賀市","佐賀市 広告代理店"
"株式会社アドキュウ","https://ad-kyu.com/","佐賀市 大和町大字尼寺２８５７−１ アドキュウ","0952-37-8711","https://www.google.com/maps/place/%EF%BC%88%E6%A0%AA%EF%BC%89%E3%82%A2%E3%83%89%E3%82%AD%E3%83%A5%E3%82%A6/data=!4m7!3m6!1s0x3541c9943e35a88d:0x69d855bc716170f7!8m2!3d33.300921!4d130.2844409!16s%2Fg%2F11cs5s4rmz!19sChIJjag1PpTJQTUR93BhcbxV2Gk?authuser=0&hl=ja&rclk=1","佐賀市","佐賀市 広告代理店"
"大波止ビジョン","https://led.minamihara.co.jp/nagasaki-ohato-vision/","長崎市 元船町１３−１４","0957-48-2020","https://www.google.com/maps/place/%E5%A4%A7%E6%B3%A2%E6%AD%A2%E3%83%93%E3%82%B8%E3%83%A7%E3%83%B3/data=!4m7!3m6!1s0x351553bb299e6a73:0xb4c6fd813610b32f!8m2!3d32.746172!4d129.8718092!16s%2Fg%2F11z5qthn3w!19sChIJc2qeKbtTFTURL7MQNoH9xrQ?authuser=0&hl=ja&rclk=1","長崎市","長崎市 広告代理店"
"セイコーラボ","http://seiko-labo.jp/","長崎市 扇町２６−２０","095-845-7239","https://www.google.com/maps/place/%E3%82%BB%E3%82%A4%E3%82%B3%E3%83%BC%E3%83%A9%E3%83%9C/data=!4m7!3m6!1s0x356aacc2aa00084f:0x1eeaf9d83d5b8456!8m2!3d32.784126!4d129.868517!16s%2Fg%2F1xg5qkk8!19sChIJTwgAqsKsajURVoRbPdj56h4?authuser=0&hl=ja&rclk=1","長崎市","長崎市 広告代理店"
"株式会社栄広エージェンシー","https://www.eikohag.co.jp/","佐世保市 卸本町５−４８","0956-34-1100","https://www.google.com/maps/place/%28%E6%A0%AA%29%E6%A0%84%E5%BA%83%E3%82%A8%E3%83%BC%E3%82%B8%E3%82%A7%E3%83%B3%E3%82%B7%E3%83%BC/data=!4m7!3m6!1s0x356a96fa7abec943:0x6dafc67b3f70d59d!8m2!3d33.1519682!4d129.7658586!16s%2Fg%2F1tmkhvx6!19sChIJQ8m-evqWajURndVwP3vGr20?authuser=0&hl=ja&rclk=1","佐世保市","佐世保市 広告代理店"
"株式会社カワハラネオン広告","http://k-neon.jp/","佐世保市 指方町７５７−１ カワハラネオン","0120-583-766","https://www.google.com/maps/place/%28%E6%A0%AA%29%E3%82%AB%E3%83%AF%E3%83%8F%E3%83%A9%E3%83%8D%E3%82%AA%E3%83%B3%E5%BA%83%E5%91%8A/data=!4m7!3m6!1s0x356a97c5ddc25357:0xba299e791feccd82!8m2!3d33.113295!4d129.787283!16s%2Fg%2F1tgp84mc!19sChIJV1PC3cWXajURgs3sH3meKbo?authuser=0&hl=ja&rclk=1","佐世保市","佐世保市 広告代理店"
"熊本広告株式会社","http://kumakoo.co.jp/","熊本市 保田窪１丁目１０−７","096-384-0235","https://www.google.com/maps/place/%E7%86%8A%E6%9C%AC%E5%BA%83%E5%91%8A%EF%BC%88%E6%A0%AA%EF%BC%89/data=!4m7!3m6!1s0x3540f3d882831b49:0xc09bd3eeb0479a70!8m2!3d32.805306!4d130.743217!16s%2Fg%2F11btrrlc6w!19sChIJSRuDgtjzQDURcJpHsO7Tm8A?authuser=0&hl=ja&rclk=1","熊本市","熊本市 広告代理店"
"株式会社Ｍ広告","http://www.m-koukoku.com/","熊本市 御幸笛田６丁目７−４９ よつ葉の里","096-273-9515","https://www.google.com/maps/place/%EF%BC%88%E6%A0%AA%EF%BC%89%EF%BC%AD%E5%BA%83%E5%91%8A/data=!4m7!3m6!1s0x3540f4a184565fb1:0x806153d471e5bf48!8m2!3d32.759438!4d130.711253!16s%2Fg%2F11g68y207v!19sChIJsV9WhKH0QDURSL_lcdRTYYA?authuser=0&hl=ja&rclk=1","熊本市","熊本市 広告代理店"
"株式会社日本交通広告社","http://www.nichikou.net/","熊本市 帯山４丁目５３−１７","096-381-0101","https://www.google.com/maps/place/%EF%BC%88%E6%A0%AA%EF%BC%89%E6%97%A5%E6%9C%AC%E4%BA%A4%E9%80%9A%E5%BA%83%E5%91%8A%E7%A4%BE/data=!4m7!3m6!1s0x3540f17c02a86727:0x6f031e3cd864fe29!8m2!3d32.8062523!4d130.7513643!16s%2Fg%2F1ts3cc_f!19sChIJJ2eoAnzxQDURKf5k2DweA28?authuser=0&hl=ja&rclk=1","熊本市","熊本市 広告代理店"
"株式会社NAINAI","https://nainai.co.jp/","八代市 花園町１１−１ ガレリア 4F","0965-45-9393","https://www.google.com/maps/place/%E6%A0%AA%E5%BC%8F%E4%BC%9A%E7%A4%BENAINAI/data=!4m7!3m6!1s0x35407e32ceb5ea35:0xd0643f514ada56c3!8m2!3d32.5035875!4d130.6118549!16s%2Fg%2F11cjhk7p62!19sChIJNeq1zjJ-QDURw1baSlE_ZNA?authuser=0&hl=ja&rclk=1","八代市","八代市 広告代理店"
"有限会社八代ネオン電工","http://y-neon.jp/","八代市 花園町８−５","0965-32-2919","https://www.google.com/maps/place/%EF%BC%88%E6%9C%89%EF%BC%89%E5%85%AB%E4%BB%A3%E3%83%8D%E3%82%AA%E3%83%B3%E9%9B%BB%E5%B7%A5/data=!4m7!3m6!1s0x35407fb8c6ef653b:0x7ee1abc2964a1771!8m2!3d32.50351!4d130.612909!16s%2Fg%2F1wj_r0y1!19sChIJO2Xvxrh_QDURcRdKlsKr4X4?authuser=0&hl=ja&rclk=1","八代市","八代市 広告代理店"
"BAIRA-DESIGN","http://baira-design.tumblr.com/","八代市 島田町８７６","","https://www.google.com/maps/place/BAIRA-DESIGN/data=!4m7!3m6!1s0x35407e27bc8f25c1:0xbe5d962b6ddc37ac!8m2!3d32.5199871!4d130.6333325!16s%2Fg%2F11cn944zbx!19sChIJwSWPvCd-QDURrDfcbSuWXb4?authuser=0&hl=ja&rclk=1","八代市","八代市 広告代理店"
"株式会社キュープロデュース","http://q-pro.co.jp/","大分市 千代町１丁目３−２２ 松本ビル Chiyo-machi 1-3-22, Matsumoto Building 2F","097-533-7878","https://www.google.com/maps/place/%E6%A0%AA%E5%BC%8F%E4%BC%9A%E7%A4%BE%E3%82%AD%E3%83%A5%E3%83%BC%E3%83%97%E3%83%AD%E3%83%87%E3%83%A5%E3%83%BC%E3%82%B9/data=!4m7!3m6!1s0x35469f6bd74b8da1:0x3478db96d343e553!8m2!3d33.2447848!4d131.6067737!16s%2Fg%2F11p0gnl2ns!19sChIJoY1L12ufRjURU-VD05bbeDQ?authuser=0&hl=ja&rclk=1","大分市","大分市 広告代理店"
"株式会社 日本工事広告","http://www.nkk-sign.com/","大分市 横田１丁目１０−５","097-593-2300","https://www.google.com/maps/place/%E6%A0%AA%E5%BC%8F%E4%BC%9A%E7%A4%BE+%E6%97%A5%E6%9C%AC%E5%B7%A5%E4%BA%8B%E5%BA%83%E5%91%8A/data=!4m7!3m6!1s0x35442776fe99b0ed:0xc1072cc74ec9e23d!8m2!3d33.2493286!4d131.7180206!16s%2Fg%2F1ttdw7bc!19sChIJ7bCZ_nYnRDURPeLJTscsB8E?authuser=0&hl=ja&rclk=1","大分市","大分市 広告代理店"
"∞CREATE","https://mugen-create.site/","宮崎市 本郷南方４７７４−７","050-5372-3087","https://www.google.com/maps/place/%E2%88%9ECREATE/data=!4m7!3m6!1s0x3538b71aefebea65:0x38f5d04be9562c9d!8m2!3d31.8577122!4d131.4269106!16s%2Fg%2F11hqttb5pz!19sChIJZerr7xq3ODURnSxW6UvQ9Tg?authuser=0&hl=ja&rclk=1","宮崎市","宮崎市 Webマーケティング会社"
"宮日総合広告株式会社","http://www.mskad.jp/","宮崎市 高千穂通１丁目１−３３","0985-77-5555","https://www.google.com/maps/place/%E5%AE%AE%E6%97%A5%E7%B7%8F%E5%90%88%E5%BA%83%E5%91%8A%E6%A0%AA%E5%BC%8F%E4%BC%9A%E7%A4%BE/data=!4m7!3m6!1s0x3538b741876a708b:0x1d5a9da0e0e40c1d!8m2!3d31.917355!4d131.4262389!16s%2Fg%2F1tfv2wz8!19sChIJi3Bqh0G3ODURHQzk4KCdWh0?authuser=0&hl=ja&rclk=1","宮崎市","宮崎市 広告代理店"
"株式会社宮崎毎日広告社","https://www.miyazaki-maiko.jp/","宮崎市 広島１丁目４−１２ 日興ビル","0985-23-6268","https://www.google.com/maps/place/%EF%BC%88%E6%A0%AA%EF%BC%89%E5%AE%AE%E5%B4%8E%E6%AF%8E%E6%97%A5%E5%BA%83%E5%91%8A%E7%A4%BE/data=!4m7!3m6!1s0x3538b741ee8f8a19:0xbc8af8e624a349c0!8m2!3d31.916062!4d131.425404!16s%2Fg%2F1tdycd3j!19sChIJGYqP7kG3ODURwEmjJOb4irw?authuser=0&hl=ja&rclk=1","宮崎市","宮崎市 広告代理店"
"株式会社CMYK","http://www.cmykdesign.jp/","宮崎市 柳丸町１０４−１","0985-61-7792","https://www.google.com/maps/place/%E6%A0%AA%E5%BC%8F%E4%BC%9A%E7%A4%BECMYK/data=!4m7!3m6!1s0x3538b74627972429:0xfede9347e83b4156!8m2!3d31.9268068!4d131.4328833!16s%2Fg%2F1hc9zh708!19sChIJKSSXJ0a3ODURVkE76EeT3v4?authuser=0&hl=ja&rclk=1","宮崎市","宮崎市 広告代理店"
"縄文時代マーケティング","https://portfolio.myfolio.jp/","那覇市 大道１４−８","","https://www.google.com/maps/place/%E7%B8%84%E6%96%87%E6%99%82%E4%BB%A3%E3%83%9E%E3%83%BC%E3%82%B1%E3%83%86%E3%82%A3%E3%83%B3%E3%82%B0/data=!4m7!3m6!1s0x34e56d75e34adacd:0x9e2c00474ca94a68!8m2!3d26.2210058!4d127.7003721!16s%2Fg%2F11kg0yz1f6!19sChIJzdpK43Vt5TQRaEqpTEcALJ4?authuser=0&hl=ja&rclk=1","那覇市","那覇市 Webマーケティング会社"
"Web Clear ホームページ制作","https://web-clear.jp/","那覇市 識名１丁目１６−２９","","https://www.google.com/maps/place/Web+Clear+%E3%83%9B%E3%83%BC%E3%83%A0%E3%83%9A%E3%83%BC%E3%82%B8%E5%88%B6%E4%BD%9C/data=!4m7!3m6!1s0x34e569497ccd8e65:0x16f213792828d61c!8m2!3d26.2059217!4d127.7056768!16s%2Fg%2F12q4r9y6d!19sChIJZY7NfElp5TQRHNYoKHkT8hY?authuser=0&hl=ja&rclk=1","那覇市","那覇市 Webマーケティング会社"
"あげなカンパニー株式会社","https://agena358.jp/","那覇市 泊１丁目27−９ 301","090-3915-7778","https://www.google.com/maps/place/%E3%81%82%E3%81%92%E3%81%AA%E3%82%AB%E3%83%B3%E3%83%91%E3%83%8B%E3%83%BC%E6%A0%AA%E5%BC%8F%E4%BC%9A%E7%A4%BE/data=!4m7!3m6!1s0x34e56bd1d70153e5:0x663dedfd89083255!8m2!3d26.2222095!4d127.6911514!16s%2Fg%2F11k1f8pmzr!19sChIJ5VMB19Fr5TQRVTIIif3tPWY?authuser=0&hl=ja&rclk=1","那覇市","那覇市 Webマーケティング会社"
"WEBまーる","https://webma-ru.com/","那覇市 若狭１丁目１７−５","080-6911-6201","https://www.google.com/maps/place/WEB%E3%81%BE%E3%83%BC%E3%82%8B/data=!4m7!3m6!1s0x34e5698527635edb:0x51d78c7185c3644!8m2!3d26.2204941!4d127.6732177!16s%2Fg%2F11g9ngbq23!19sChIJ215jJ4Vp5TQRRDZcGMd4HQU?authuser=0&hl=ja&rclk=1","那覇市","那覇市 Webマーケティング会社"
"NECRE 株式会社","http://necre.net/","那覇市 首里石嶺町３丁目41−１","050-5526-1804","https://www.google.com/maps/place/NECRE+%E6%A0%AA%E5%BC%8F%E4%BC%9A%E7%A4%BE/data=!4m7!3m6!1s0x34e56c09b0000001:0x971f949d7a1ca6dc!8m2!3d26.2319915!4d127.7254398!16s%2Fg%2F11tjqwy39n!19sChIJAQAAsAls5TQR3KYcep2UH5c?authuser=0&hl=ja&rclk=1","那覇市","那覇市 Webマーケティング会社"
"有限会社ワールド広告社","https://world-okinawa.com/","那覇市 安謝６２０−３９","098-861-2228","https://www.google.com/maps/place/%28%E6%9C%89%29%E3%83%AF%E3%83%BC%E3%83%AB%E3%83%89%E5%BA%83%E5%91%8A%E7%A4%BE/data=!4m7!3m6!1s0x34e56bcccae3c57d:0x292ce2bba2d19e4b!8m2!3d26.2391074!4d127.6914616!16s%2Fg%2F1tzvt9f5!19sChIJfcXjysxr5TQRS57RorviLCk?authuser=0&hl=ja&rclk=1","那覇市","那覇市 広告代理店"
"㈱アセンシア","https://ascencia-connect.com/","札幌市 大通西１５丁目３−１２","050-6861-7212","https://www.google.com/maps/place/%E3%88%B1%E3%82%A2%E3%82%BB%E3%83%B3%E3%82%B7%E3%82%A2/data=!4m7!3m6!1s0x5f0b2965fdced49b:0xaa8f10c5e8eccfa7!8m2!3d43.0582997!4d141.3341392!16s%2Fg%2F11y_z_b1gd!19sChIJm9TO_WUpC18Rp8_s6MUQj6o?authuser=0&hl=ja&rclk=1","札幌市","札幌市 集客支援会社"
"㈱スマイル･リンク","http://www.smile-link.jp/","札幌市 南２条西３丁目12−2 B1","011-242-2666","https://www.google.com/maps/place/%E3%88%B1%E3%82%B9%E3%83%9E%E3%82%A4%E3%83%AB%EF%BD%A5%E3%83%AA%E3%83%B3%E3%82%AF/data=!4m7!3m6!1s0x5f0b29e0fa1c8c97:0xb182389e40fec706!8m2!3d43.0584295!4d141.3538353!16s%2Fg%2F11fkt7wtmg!19sChIJl4wc-uApC18RBsf-QJ44grE?authuser=0&hl=ja&rclk=1","札幌市","札幌市 集客支援会社"
"㈱スタート","https://hokkaido-start.com/","札幌市 北９条西４丁目1−番地","011-776-7776","https://www.google.com/maps/place/%E3%88%B1%E3%82%B9%E3%82%BF%E3%83%BC%E3%83%88/data=!4m7!3m6!1s0x5f0b297380ed379f:0xa3e4edbe67b304ab!8m2!3d43.0717654!4d141.3490147!16s%2Fg%2F11rcl772by!19sChIJnzftgHMpC18RqwSzZ77t5KM?authuser=0&hl=ja&rclk=1","札幌市","札幌市 集客支援会社"
"㈱TTK コミュニティ事業本部","http://www.ttk-g.co.jp/","仙台市 中倉２丁目２−２３ ＴＴＫ 中倉ビル","022-297-5099","https://www.google.com/maps/place/%E3%88%B1TTK+%E3%82%B3%E3%83%9F%E3%83%A5%E3%83%8B%E3%83%86%E3%82%A3%E4%BA%8B%E6%A5%AD%E6%9C%AC%E9%83%A8/data=!4m7!3m6!1s0x5f8a27f6c8efb49f:0x7f494aa974aed914!8m2!3d38.243328!4d140.9153078!16s%2Fg%2F1wf38f8n!19sChIJn7TvyPYnil8RFNmudKlKSX8?authuser=0&hl=ja&rclk=1","仙台市","仙台市 集客支援会社"
"株式会社マネジメントサポート 仙台サテライトオフィス","https://www.ma-support.co.jp/","仙台市 本町１丁目５−２８ カーニープレイス 603","050-6883-2466","https://www.google.com/maps/place/%E6%A0%AA%E5%BC%8F%E4%BC%9A%E7%A4%BE%E3%83%9E%E3%83%8D%E3%82%B8%E3%83%A1%E3%83%B3%E3%83%88%E3%82%B5%E3%83%9D%E3%83%BC%E3%83%88+%E4%BB%99%E5%8F%B0%E3%82%B5%E3%83%86%E3%83%A9%E3%82%A4%E3%83%88%E3%82%AA%E3%83%95%E3%82%A3%E3%82%B9/data=!4m7!3m6!1s0x5f8a29001552d2f7:0xf2fd38b2c290b6e0!8m2!3d38.2650443!4d140.8796939!16s%2Fg%2F11zgt4xnt7!19sChIJ99JSFQApil8R4LaQwrI4_fI?authuser=0&hl=ja&rclk=1","仙台市","仙台市 集客支援会社"
"水戸就労ケアマネジメント","https://snabi.jp/facility/2813","水戸市 城南１丁目２−４３ 406","029-303-6222","https://www.google.com/maps/place/%E6%B0%B4%E6%88%B8%E5%B0%B1%E5%8A%B4%E3%82%B1%E3%82%A2%E3%83%9E%E3%83%8D%E3%82%B8%E3%83%A1%E3%83%B3%E3%83%88/data=!4m7!3m6!1s0x602225019941c735:0x1651407309cefc0e!8m2!3d36.3674325!4d140.474347!16s%2Fg%2F11c30rfhsd!19sChIJNcdBmQElImARDvzOCXNAURY?authuser=0&hl=ja&rclk=1","水戸市","水戸市 集客支援会社"
"就労移行支援事業所 ディーキャリア水戸オフィス","https://dd-career.com/office_data/mito/","水戸市 泉町１丁目２−１ アーバンスクエア水戸ビル 4階A号室","029-303-7557","https://www.google.com/maps/place/%E5%B0%B1%E5%8A%B4%E7%A7%BB%E8%A1%8C%E6%94%AF%E6%8F%B4%E4%BA%8B%E6%A5%AD%E6%89%80+%E3%83%87%E3%82%A3%E3%83%BC%E3%82%AD%E3%83%A3%E3%83%AA%E3%82%A2%E6%B0%B4%E6%88%B8%E3%82%AA%E3%83%95%E3%82%A3%E3%82%B9/data=!4m7!3m6!1s0x602225a2793189e3:0xdae82acd22efb806!8m2!3d36.3785095!4d140.4655533!16s%2Fg%2F11t0wlstxf!19sChIJ44kxeaIlImARBrjvIs0q6No?authuser=0&hl=ja&rclk=1","水戸市","水戸市 集客支援会社"
"ＪＵＮ代行","https://www.jun-daikou.com/","つくば市 大角豆２０１２−７５８","029-858-2300","https://www.google.com/maps/place/%EF%BC%AA%EF%BC%B5%EF%BC%AE%E4%BB%A3%E8%A1%8C/data=!4m7!3m6!1s0x602273284a215c59:0xaec3546d9be2a8c2!8m2!3d36.048591!4d140.140697!16s%2Fg%2F1tcvj63_!19sChIJWVwhSihzImARwqjim21Uw64?authuser=0&hl=ja&rclk=1","つくば市","つくば市 SNS運用代行会社"
"株式会社つくば研究支援センター","http://www.tsukuba-tci.co.jp/","つくば市 千現２丁目１−６","029-858-6000","https://www.google.com/maps/place/%EF%BC%88%E6%A0%AA%EF%BC%89%E3%81%A4%E3%81%8F%E3%81%B0%E7%A0%94%E7%A9%B6%E6%94%AF%E6%8F%B4%E3%82%BB%E3%83%B3%E3%82%BF%E3%83%BC/data=!4m7!3m6!1s0x60220cc14d5ba39f:0x2dbae9bd594a6ed!8m2!3d36.0639844!4d140.126247!16s%2Fg%2F1tmkl281!19sChIJn6NbTcEMImAR7aaU1Zuu2wI?authuser=0&hl=ja&rclk=1","つくば市","つくば市 集客支援会社"
"つくば未来経営コンサルティング事務所","http://miraitsukuri.com/","つくば市 中島２００","0297-21-4744","https://www.google.com/maps/place/%E3%81%A4%E3%81%8F%E3%81%B0%E6%9C%AA%E6%9D%A5%E7%B5%8C%E5%96%B6%E3%82%B3%E3%83%B3%E3%82%B5%E3%83%AB%E3%83%86%E3%82%A3%E3%83%B3%E3%82%B0%E4%BA%8B%E5%8B%99%E6%89%80/data=!4m7!3m6!1s0x602275d2c0000001:0xf8f83d6db47a008d!8m2!3d35.9577285!4d140.0585609!16s%2Fg%2F11h62jg01w!19sChIJAQAAwNJ1ImARjQB6tG09-Pg?authuser=0&hl=ja&rclk=1","つくば市","つくば市 集客支援会社"
"株式会社つくばビジネスソリューション","http://tsukubabs.com/","つくば市 二の宮３丁目8−１","029-869-8051","https://www.google.com/maps/place/%E6%A0%AA%E5%BC%8F%E4%BC%9A%E7%A4%BE%E3%81%A4%E3%81%8F%E3%81%B0%E3%83%93%E3%82%B8%E3%83%8D%E3%82%B9%E3%82%BD%E3%83%AA%E3%83%A5%E3%83%BC%E3%82%B7%E3%83%A7%E3%83%B3/data=!4m7!3m6!1s0x60220dcd37fbaa55:0xc80b667805c76e87!8m2!3d36.069794!4d140.1150039!16s%2Fg%2F11g0hllxzy!19sChIJVar7N80NImARh27HBXhmC8g?authuser=0&hl=ja&rclk=1","つくば市","つくば市 集客支援会社"
"つくば桜川集客マーケティング","https://www.moomin.info/","つくば市 真壁町白井６４８","0296-54-1363","https://www.google.com/maps/place/%E3%81%A4%E3%81%8F%E3%81%B0%E6%A1%9C%E5%B7%9D%E9%9B%86%E5%AE%A2%E3%83%9E%E3%83%BC%E3%82%B1%E3%83%86%E3%82%A3%E3%83%B3%E3%82%B0/data=!4m7!3m6!1s0x602203175a9571a1:0xbd6ce41646e2910c!8m2!3d36.2891165!4d140.1064612!16s%2Fg%2F11vlv28b66!19sChIJoXGVWhcDImARDJHiRhbkbL0?authuser=0&hl=ja&rclk=1","つくば市","つくば市 集客支援会社"
"わくわく 就労移行支援・自立訓練(生活訓練)","https://beelandwork.jp/","つくば市 竹園２丁目７−８","029-869-7827","https://www.google.com/maps/place/%E3%82%8F%E3%81%8F%E3%82%8F%E3%81%8F+%E5%B0%B1%E5%8A%B4%E7%A7%BB%E8%A1%8C%E6%94%AF%E6%8F%B4%E3%83%BB%E8%87%AA%E7%AB%8B%E8%A8%93%E7%B7%B4%28%E7%94%9F%E6%B4%BB%E8%A8%93%E7%B7%B4%29/data=!4m7!3m6!1s0x60220c8ce586a6df:0x65628ccb91c0fe6d!8m2!3d36.0778053!4d140.1198407!16s%2Fg%2F11gdq13vjm!19sChIJ36aG5YwMImARbf7AkcuMYmU?authuser=0&hl=ja&rclk=1","つくば市","つくば市 集客支援会社"
"ココアップズ株式会社","https://kokoupz.com/","つくば市 千現２丁目１−６","050-1871-0756","https://www.google.com/maps/place/%E3%82%B3%E3%82%B3%E3%82%A2%E3%83%83%E3%83%97%E3%82%BA%E6%A0%AA%E5%BC%8F%E4%BC%9A%E7%A4%BE/data=!4m7!3m6!1s0x60220cc14e300001:0xb86f8f3774081b07!8m2!3d36.0640747!4d140.1259761!16s%2Fg%2F11dzdt55b8!19sChIJAQAwTsEMImARBxsIdDePb7g?authuser=0&hl=ja&rclk=1","つくば市","つくば市 集客支援会社"
"リクルートキャリアコンサルティング 宇都宮オフィス","http://www.recruit-cc.co.jp/map/utsunomiya.html","宇都宮市 大通り４丁目１−１８ 1F","","https://www.google.com/maps/place/%E3%83%AA%E3%82%AF%E3%83%AB%E3%83%BC%E3%83%88%E3%82%AD%E3%83%A3%E3%83%AA%E3%82%A2%E3%82%B3%E3%83%B3%E3%82%B5%E3%83%AB%E3%83%86%E3%82%A3%E3%83%B3%E3%82%B0+%E5%AE%87%E9%83%BD%E5%AE%AE%E3%82%AA%E3%83%95%E3%82%A3%E3%82%B9/data=!4m7!3m6!1s0x601f671ec04b5d47:0x54ca795c80f4a016!8m2!3d36.5604366!4d139.8940111!16s%2Fg%2F11q2qg3tfy!19sChIJR11LwB5nH2ARFqD0gFx5ylQ?authuser=0&hl=ja&rclk=1","宇都宮市","宇都宮市 集客支援会社"
"Web活ドットコム","https://webkatsu.com/","宇都宮市 中央１丁目１１−１１","028-627-1862","https://www.google.com/maps/place/Web%E6%B4%BB%E3%83%89%E3%83%83%E3%83%88%E3%82%B3%E3%83%A0/data=!4m7!3m6!1s0x601f67465f472025:0x5b5d60ac3d93fb85!8m2!3d36.5578971!4d139.8838643!16s%2Fg%2F11ml08pwws!19sChIJJSBHX0ZnH2ARhfuTPaxgXVs?authuser=0&hl=ja&rclk=1","宇都宮市","宇都宮市 集客支援会社"
"TSCコネクト株式会社","https://tscconnect.com/","宇都宮市 西川田３丁目２１−３","028-666-8519","https://www.google.com/maps/place/TSC%E3%82%B3%E3%83%8D%E3%82%AF%E3%83%88%E6%A0%AA%E5%BC%8F%E4%BC%9A%E7%A4%BE/data=!4m7!3m6!1s0x853cf9f20d7e52eb:0x6a1e4803350b2e65!8m2!3d36.5133829!4d139.8542667!16s%2Fg%2F11vscm9hjv!19sChIJ61J-DfL5PIURZS4LNQNIHmo?authuser=0&hl=ja&rclk=1","宇都宮市","宇都宮市 集客支援会社"
"商業支援組合合同会社（新電力バンク運営）","https://csullc.jp/","宇都宮市 滝の原１丁目３−５２ アメニティフラットⅡ 303","028-684-1885","https://www.google.com/maps/place/%E5%95%86%E6%A5%AD%E6%94%AF%E6%8F%B4%E7%B5%84%E5%90%88%E5%90%88%E5%90%8C%E4%BC%9A%E7%A4%BE%EF%BC%88%E6%96%B0%E9%9B%BB%E5%8A%9B%E3%83%90%E3%83%B3%E3%82%AF%E9%81%8B%E5%96%B6%EF%BC%89/data=!4m7!3m6!1s0x601f67214c153bf3:0x909553544628c466!8m2!3d36.5462417!4d139.8648116!16s%2Fg%2F11ys8zv7lh!19sChIJ8zsVTCFnH2ARZsQoRlRTlZA?authuser=0&hl=ja&rclk=1","宇都宮市","宇都宮市 集客支援会社"
"チャレンジドジャパン 宇都宮センター 就労移行支援","https://ch-j.co.jp/","宇都宮市 中央１丁目１−１ 宇都宮アクシスビル 3階","028-678-5385","https://www.google.com/maps/place/%E3%83%81%E3%83%A3%E3%83%AC%E3%83%B3%E3%82%B8%E3%83%89%E3%82%B8%E3%83%A3%E3%83%91%E3%83%B3+%E5%AE%87%E9%83%BD%E5%AE%AE%E3%82%BB%E3%83%B3%E3%82%BF%E3%83%BC+%E5%B0%B1%E5%8A%B4%E7%A7%BB%E8%A1%8C%E6%94%AF%E6%8F%B4/data=!4m7!3m6!1s0x601f67b97f1e1bdd:0xcc4f4572072afd5f!8m2!3d36.5595331!4d139.8822124!16s%2Fg%2F11xlksy81!19sChIJ3Rsef7lnH2ARX_0qB3JFT8w?authuser=0&hl=ja&rclk=1","宇都宮市","宇都宮市 集客支援会社"
"宇都宮市 起業家支援施設「宇都宮ベンチャーズ」","https://utsunomiya-ventures.com/","宇都宮市 中央３丁目１−４ 栃木県産業会館 3F","028-680-6010","https://www.google.com/maps/place/%E5%AE%87%E9%83%BD%E5%AE%AE%E5%B8%82+%E8%B5%B7%E6%A5%AD%E5%AE%B6%E6%94%AF%E6%8F%B4%E6%96%BD%E8%A8%AD%E3%80%8C%E5%AE%87%E9%83%BD%E5%AE%AE%E3%83%99%E3%83%B3%E3%83%81%E3%83%A3%E3%83%BC%E3%82%BA%E3%80%8D/data=!4m7!3m6!1s0x601f67bd4fedf1ab:0x29b480ba73dae993!8m2!3d36.5570011!4d139.8848679!16s%2Fg%2F11bccmh3dw!19sChIJq_HtT71nH2ARk-nac7qAtCk?authuser=0&hl=ja&rclk=1","宇都宮市","宇都宮市 集客支援会社"
"合同会社DLC【SNS広告、コンサルティング】","https://dlc-japan.com/","宇都宮市 平松本町３２５−９","050-3188-5266","https://www.google.com/maps/place/%E5%90%88%E5%90%8C%E4%BC%9A%E7%A4%BEDLC%E3%80%90SNS%E5%BA%83%E5%91%8A%E3%80%81%E3%82%B3%E3%83%B3%E3%82%B5%E3%83%AB%E3%83%86%E3%82%A3%E3%83%B3%E3%82%B0%E3%80%91/data=!4m7!3m6!1s0x601f5dbe47a3027b:0x48911a7aeada21fb!8m2!3d36.5459533!4d139.9081124!16s%2Fg%2F11h_sh1yq6!19sChIJewKjR75dH2AR-yHa6noakUg?authuser=0&hl=ja&rclk=1","宇都宮市","宇都宮市 集客支援会社"
"㈱ＴＭＣ経営支援センター 宇都宮営業所","https://www.tmc-jinji.com/","宇都宮市 宝木本町１１４０−２００ ＴＭＣ経営支援センター宇都宮支","028-666-3005","https://www.google.com/maps/place/%E3%88%B1%EF%BC%B4%EF%BC%AD%EF%BC%A3%E7%B5%8C%E5%96%B6%E6%94%AF%E6%8F%B4%E3%82%BB%E3%83%B3%E3%82%BF%E3%83%BC+%E5%AE%87%E9%83%BD%E5%AE%AE%E5%96%B6%E6%A5%AD%E6%89%80/data=!4m7!3m6!1s0x601f6f506b7d9e9d:0x32e6cfdae43db291!8m2!3d36.603447!4d139.845891!16s%2Fg%2F1thcmwk2!19sChIJnZ59a1BvH2ARkbI95NrP5jI?authuser=0&hl=ja&rclk=1","宇都宮市","宇都宮市 集客支援会社"
"株式会社高崎総合コンサルタンツ","https://tsc-gk.co.jp/","高崎市 矢中町６１７−１","027-347-0993","https://www.google.com/maps/place/%EF%BC%88%E6%A0%AA%EF%BC%89%E9%AB%98%E5%B4%8E%E7%B7%8F%E5%90%88%E3%82%B3%E3%83%B3%E3%82%B5%E3%83%AB%E3%82%BF%E3%83%B3%E3%83%84/data=!4m7!3m6!1s0x601eed263105a61d:0xeb4315f124d3d696!8m2!3d36.3096232!4d139.0522211!16s%2Fg%2F1tgdj26f!19sChIJHaYFMSbtHmARltbTJPEVQ-s?authuser=0&hl=ja&rclk=1","高崎市","高崎市 集客支援会社"
"高崎商工会議所まちなか経済情報センター","https://www.takasakicci.or.jp/","高崎市 鞘町８０ １F","027-386-6850","https://www.google.com/maps/place/%E9%AB%98%E5%B4%8E%E5%95%86%E5%B7%A5%E4%BC%9A%E8%AD%B0%E6%89%80%E3%81%BE%E3%81%A1%E3%81%AA%E3%81%8B%E7%B5%8C%E6%B8%88%E6%83%85%E5%A0%B1%E3%82%BB%E3%83%B3%E3%82%BF%E3%83%BC/data=!4m7!3m6!1s0x601e8d9d2f7868bd:0x6de1eff00395ba5f!8m2!3d36.3244517!4d139.005729!16s%2Fg%2F11pzblljh2!19sChIJvWh4L52NHmARX7qVA_Dv4W0?authuser=0&hl=ja&rclk=1","高崎市","高崎市 集客支援会社"
"有限会社 緑コンサルティング","http://midori-ct.com/","高崎市 並榎町１６６−１ 緑コンサルティング","027-310-3358","https://www.google.com/maps/place/%E6%9C%89%E9%99%90%E4%BC%9A%E7%A4%BE+%E7%B7%91%E3%82%B3%E3%83%B3%E3%82%B5%E3%83%AB%E3%83%86%E3%82%A3%E3%83%B3%E3%82%B0/data=!4m7!3m6!1s0x601e8da20a41a3a5:0xdcd649254749a344!8m2!3d36.337566!4d138.9948448!16s%2Fg%2F1hhjcjrzt!19sChIJpaNBCqKNHmARRKNJRyVJ1tw?authuser=0&hl=ja&rclk=1","高崎市","高崎市 集客支援会社"
"キャリカク前橋駅前オフィス","https://kyarikaku-maebashi.com/","前橋市 表町１丁目１２−１ セントラルビル B","027-226-6338","https://www.google.com/maps/place/%E3%82%AD%E3%83%A3%E3%83%AA%E3%82%AB%E3%82%AF%E5%89%8D%E6%A9%8B%E9%A7%85%E5%89%8D%E3%82%AA%E3%83%95%E3%82%A3%E3%82%B9/data=!4m7!3m6!1s0x601ef383de6367ed:0xe9f1df7abef59180!8m2!3d36.3867009!4d139.0680244!16s%2Fg%2F11myv7gg3z!19sChIJ7Wdj3oPzHmARgJH1vnrf8ek?authuser=0&hl=ja&rclk=1","前橋市","前橋市 集客支援会社"
"株式会社綜合キャリアトラストSAKURA前橋センター","https://sakura-trust.jp/","前橋市 表町２丁目３０−８ AQERU（アクエル）前橋 4F","027-220-5535","https://www.google.com/maps/place/%E6%A0%AA%E5%BC%8F%E4%BC%9A%E7%A4%BE%E7%B6%9C%E5%90%88%E3%82%AD%E3%83%A3%E3%83%AA%E3%82%A2%E3%83%88%E3%83%A9%E3%82%B9%E3%83%88SAKURA%E5%89%8D%E6%A9%8B%E3%82%BB%E3%83%B3%E3%82%BF%E3%83%BC/data=!4m7!3m6!1s0x601ef3727684b9e1:0x36ab8d2f60869a9d!8m2!3d36.3837999!4d139.0714517!16s%2Fg%2F11k8557nk6!19sChIJ4bmEdnLzHmARnZqGYC-NqzY?authuser=0&hl=ja&rclk=1","前橋市","前橋市 集客支援会社"
"Maebashi Machinaka Agency","https://www.machinaka.agency/","前橋市 千代田町２丁目１０−２","027-212-2117","https://www.google.com/maps/place/Maebashi+Machinaka+Agency/data=!4m7!3m6!1s0x601ef30dccb463df:0x6c6f24606f142e7d!8m2!3d36.3927989!4d139.0696881!16s%2Fg%2F11fjtbk5fm!19sChIJ32O0zA3zHmARfS4Ub2Akb2w?authuser=0&hl=ja&rclk=1","前橋市","前橋市 集客支援会社"
"前橋市指定障害者相談支援事業所みらいく","http://mira-iku.org/","前橋市 西片貝町４丁目12−２５ 西片貝 ロイヤルマンション 105号","","https://www.google.com/maps/place/%E5%89%8D%E6%A9%8B%E5%B8%82%E6%8C%87%E5%AE%9A%E9%9A%9C%E5%AE%B3%E8%80%85%E7%9B%B8%E8%AB%87%E6%94%AF%E6%8F%B4%E4%BA%8B%E6%A5%AD%E6%89%80%E3%81%BF%E3%82%89%E3%81%84%E3%81%8F/data=!4m7!3m6!1s0x601eed6932399cbf:0xff9e2861ab283608!8m2!3d36.3849233!4d139.0939182!16s%2Fg%2F11ks028c8c!19sChIJv5w5MmntHmARCDYoq2Eonv8?authuser=0&hl=ja&rclk=1","前橋市","前橋市 集客支援会社"
"就労移行支援事業所アクセスジョブ熊谷","https://www.accessjob.jp/office-kumagaya","熊谷市 宮前町２丁目１０４ サルーテ熊谷","048-501-6506","https://www.google.com/maps/place/%E5%B0%B1%E5%8A%B4%E7%A7%BB%E8%A1%8C%E6%94%AF%E6%8F%B4%E4%BA%8B%E6%A5%AD%E6%89%80%E3%82%A2%E3%82%AF%E3%82%BB%E3%82%B9%E3%82%B8%E3%83%A7%E3%83%96%E7%86%8A%E8%B0%B7/data=!4m7!3m6!1s0x601f29ab98f2468b:0xe5dd031fb2861a9a!8m2!3d36.1389939!4d139.3868754!16s%2Fg%2F11rrr2b9v3!19sChIJi0bymKspH2ARmhqGsh8D3eU?authuser=0&hl=ja&rclk=1","熊谷市","熊谷市 集客支援会社"
"株式会社データ総研熊谷","http://www.data-kumagaya.com/","熊谷市 中央１丁目２３６","048-526-5454","https://www.google.com/maps/place/%EF%BC%88%E6%A0%AA%EF%BC%89%E3%83%87%E3%83%BC%E3%82%BF%E7%B7%8F%E7%A0%94%E7%86%8A%E8%B0%B7/data=!4m7!3m6!1s0x601f284cb4f3cbed:0xc668812c9245d0dd!8m2!3d36.1561157!4d139.3917651!16s%2Fg%2F1td1dhvv!19sChIJ7cvztEwoH2AR3dBFkiyBaMY?authuser=0&hl=ja&rclk=1","熊谷市","熊谷市 集客支援会社"
"株式会社 ツクリベニッセ キャリアコンサルティング事業部事業部","https://www.tsukuribe-nisse.co.jp/","熊谷市 冑山３５６−５３","03-5964-6799","https://www.google.com/maps/place/%E6%A0%AA%E5%BC%8F%E4%BC%9A%E7%A4%BE+%E3%83%84%E3%82%AF%E3%83%AA%E3%83%99%E3%83%8B%E3%83%83%E3%82%BB+%E3%82%AD%E3%83%A3%E3%83%AA%E3%82%A2%E3%82%B3%E3%83%B3%E3%82%B5%E3%83%AB%E3%83%86%E3%82%A3%E3%83%B3%E3%82%B0%E4%BA%8B%E6%A5%AD%E9%83%A8%E4%BA%8B%E6%A5%AD%E9%83%A8/data=!4m7!3m6!1s0x601892b5ad895555:0x75e8cddff725a619!8m2!3d36.0760377!4d139.4135347!16s%2Fg%2F11fl9lwy7l!19sChIJVVWJrbWSGGARGaYl99_N6HU?authuser=0&hl=ja&rclk=1","熊谷市","熊谷市 集客支援会社"
"いいオフィス熊谷 by しろくまコワーキング/レンタルオフィス/自習室","https://e-office.space/spaces/kanto/saitama/kumagayashi/kumagaya-by-shirokuma","熊谷市 本町１丁目２２２ しろくまビルヂング ３階","050-3189-2650","https://www.google.com/maps/place/%E3%81%84%E3%81%84%E3%82%AA%E3%83%95%E3%82%A3%E3%82%B9%E7%86%8A%E8%B0%B7+by+%E3%81%97%E3%82%8D%E3%81%8F%E3%81%BE%E3%82%B3%E3%83%AF%E3%83%BC%E3%82%AD%E3%83%B3%E3%82%B0%2F%E3%83%AC%E3%83%B3%E3%82%BF%E3%83%AB%E3%82%AA%E3%83%95%E3%82%A3%E3%82%B9%2F%E8%87%AA%E7%BF%92%E5%AE%A4/data=!4m7!3m6!1s0x601f29004da52585:0xb90ce721bd6e60ca!8m2!3d36.1437771!4d139.3847797!16s%2Fg%2F11ymjzmtm4!19sChIJhSWlTQApH2ARymBuvSHnDLk?authuser=0&hl=ja&rclk=1","熊谷市","熊谷市 集客支援会社"
"株式会社マーブル 熊谷オフィス","https://www.marble-corp.co.jp/","熊谷市 万平町１丁目４０ アルファソフトウェア熊谷ビル","048-522-9611","https://www.google.com/maps/place/%EF%BC%88%E6%A0%AA%EF%BC%89%E3%83%9E%E3%83%BC%E3%83%96%E3%83%AB+%E7%86%8A%E8%B0%B7%E3%82%AA%E3%83%95%E3%82%A3%E3%82%B9/data=!4m7!3m6!1s0x601f2995ebeacabf:0xe027e0d4e614147b!8m2!3d36.136141!4d139.389673!16s%2Fg%2F1tg81k9g!19sChIJv8rq65UpH2ARexQU5tTgJ-A?authuser=0&hl=ja&rclk=1","熊谷市","熊谷市 集客支援会社"
"サテライト熊谷オフィス","https://skillplaza.co.jp/","熊谷市 問屋町２丁目４−１８","048-526-1150","https://www.google.com/maps/place/%E3%82%B5%E3%83%86%E3%83%A9%E3%82%A4%E3%83%88%E7%86%8A%E8%B0%B7%E3%82%AA%E3%83%95%E3%82%A3%E3%82%B9/data=!4m7!3m6!1s0x601f2bdfe090fb45:0xad06dd5eb680a269!8m2!3d36.1326068!4d139.4260577!16s%2Fg%2F11cjhrr3ny!19sChIJRfuQ4N8rH2ARaaKAtl7dBq0?authuser=0&hl=ja&rclk=1","熊谷市","熊谷市 集客支援会社"
"就労移行支援事業所リンクス川越東口","https://links-service.jp/centers/kawagoe-higashi","川越市 脇田町16−２９ 川越脇田ビル 4階","049-298-4906","https://www.google.com/maps/place/%E5%B0%B1%E5%8A%B4%E7%A7%BB%E8%A1%8C%E6%94%AF%E6%8F%B4%E4%BA%8B%E6%A5%AD%E6%89%80%E3%83%AA%E3%83%B3%E3%82%AF%E3%82%B9%E5%B7%9D%E8%B6%8A%E6%9D%B1%E5%8F%A3/data=!4m7!3m6!1s0x6018dbb70ae829cf:0xcee12e30729bddf1!8m2!3d35.9092306!4d139.4842583!16s%2Fg%2F11nxqyb4k7!19sChIJzynoCrfbGGAR8d2bcjAu4c4?authuser=0&hl=ja&rclk=1","川越市","川越市 集客支援会社"
"川越 会社設立・起業相談オフィス","http://kawagoe-kaisyasetsuritsu.com/","川越市 新宿町１丁目１５番地６ ヨシノビル ３階","0120-966-641","https://www.google.com/maps/place/%E5%B7%9D%E8%B6%8A+%E4%BC%9A%E7%A4%BE%E8%A8%AD%E7%AB%8B%E3%83%BB%E8%B5%B7%E6%A5%AD%E7%9B%B8%E8%AB%87%E3%82%AA%E3%83%95%E3%82%A3%E3%82%B9/data=!4m7!3m6!1s0x6018da51546801dd:0x985d2b2ba96275fa!8m2!3d35.9019086!4d139.4796038!16s%2Fg%2F11dxnrdwkx!19sChIJ3QFoVFHaGGAR-nViqSsrXZg?authuser=0&hl=ja&rclk=1","川越市","川越市 集客支援会社"
"REQUESTA川越（リクエスタ川越）サテライトオフィス","https://requesta.jp/","川越市 脇田本町10−２４ 藤蔵ロイヤルビル 4F","049-265-6533","https://www.google.com/maps/place/REQUESTA%E5%B7%9D%E8%B6%8A%EF%BC%88%E3%83%AA%E3%82%AF%E3%82%A8%E3%82%B9%E3%82%BF%E5%B7%9D%E8%B6%8A%EF%BC%89%E3%82%B5%E3%83%86%E3%83%A9%E3%82%A4%E3%83%88%E3%82%AA%E3%83%95%E3%82%A3%E3%82%B9/data=!4m7!3m6!1s0x6018dbfafefd2f23:0x5dd9948343ffa980!8m2!3d35.9050251!4d139.4807583!16s%2Fg%2F11sr_4sy02!19sChIJIy_9_vrbGGARgKn_Q4OU2V0?authuser=0&hl=ja&rclk=1","川越市","川越市 集客支援会社"
"株式会社KOTONARI","https://k-kotonari.co.jp/","川越市 神明町1−４５","049-238-8738","https://www.google.com/maps/place/%E6%A0%AA%E5%BC%8F%E4%BC%9A%E7%A4%BEKOTONARI/data=!4m7!3m6!1s0x6018dba9ea0a421f:0x84af5f330f66e550!8m2!3d35.9286573!4d139.4825179!16s%2Fg%2F11qldznt0t!19sChIJH0IK6qnbGGARUOVmDzNfr4Q?authuser=0&hl=ja&rclk=1","川越市","川越市 集客支援会社"
"株式会社KCT","https://www.kct5.com/","越谷市 新越谷１丁目17−７−３０１","048-966-1104","https://www.google.com/maps/place/%E6%A0%AA%E5%BC%8F%E4%BC%9A%E7%A4%BEKCT/data=!4m7!3m6!1s0x60189687eaaaaaab:0xcbbcb771123ff83e!8m2!3d35.8770947!4d139.7818608!16s%2Fg%2F11h5dmzgmm!19sChIJq6qq6oeWGGARPvg_EnG3vMs?authuser=0&hl=ja&rclk=1","越谷市","越谷市 集客支援会社"
"ビジネスサポートセンターこしがや","https://www.city.koshigaya.saitama.jp/kurashi_shisei/jigyosha/sougyou/oshirase/nibankan.html","越谷市 １丁目５−６ 越谷市産業雇用支援センター二番館","048-967-2424","https://www.google.com/maps/place/%E3%83%93%E3%82%B8%E3%83%8D%E3%82%B9%E3%82%B5%E3%83%9D%E3%83%BC%E3%83%88%E3%82%BB%E3%83%B3%E3%82%BF%E3%83%BC%E3%81%93%E3%81%97%E3%81%8C%E3%82%84/data=!4m7!3m6!1s0x6018975f0fe85191:0x29c7fddee994776d!8m2!3d35.8919015!4d139.7942089!16s%2Fg%2F11z9qxnnq0!19sChIJkVHoD1-XGGARbXeU6d79xyk?authuser=0&hl=ja&rclk=1","越谷市","越谷市 集客支援会社"
"有限会社コスモメディアサービス","https://www.meishishop.com/","越谷市 大成町７丁目１６０９−８","048-940-7131","https://www.google.com/maps/place/%E6%9C%89%E9%99%90%E4%BC%9A%E7%A4%BE%E3%82%B3%E3%82%B9%E3%83%A2%E3%83%A1%E3%83%87%E3%82%A3%E3%82%A2%E3%82%B5%E3%83%BC%E3%83%93%E3%82%B9/data=!4m7!3m6!1s0x6018970d91999cfb:0x5ca0ab52a768d454!8m2!3d35.8869135!4d139.8307905!16s%2Fg%2F1tdwq2yw!19sChIJ-5yZkQ2XGGARVNRop1KroFw?authuser=0&hl=ja&rclk=1","越谷市","越谷市 集客支援会社"
"合同会社アイティス","http://itis-inc.jp/","越谷市 レイクタウン５丁目2−６","","https://www.google.com/maps/place/%E5%90%88%E5%90%8C%E4%BC%9A%E7%A4%BE%E3%82%A2%E3%82%A4%E3%83%86%E3%82%A3%E3%82%B9/data=!4m7!3m6!1s0x6018966dfed003a3:0x5c3080fb7d409293!8m2!3d35.879451!4d139.8285359!16s%2Fg%2F11n6cjgvkc!19sChIJowPQ_m2WGGARk5JAffuAMFw?authuser=0&hl=ja&rclk=1","越谷市","越谷市 集客支援会社"
"キャリアデザイン研究所（ＮＰＯ法人）","http://www.npo-cdi.org/","柏市 末広町５−１６","04-7137-7470","https://www.google.com/maps/place/%E3%82%AD%E3%83%A3%E3%83%AA%E3%82%A2%E3%83%87%E3%82%B6%E3%82%A4%E3%83%B3%E7%A0%94%E7%A9%B6%E6%89%80%EF%BC%88%EF%BC%AE%EF%BC%B0%EF%BC%AF%E6%B3%95%E4%BA%BA%EF%BC%89/data=!4m7!3m6!1s0x60189cde67f56c17:0x352a2d93b007c653!8m2!3d35.8636722!4d139.9683737!16s%2Fg%2F1tj4bh44!19sChIJF2z1Z96cGGARU8YHsJMtKjU?authuser=0&hl=ja&rclk=1","柏市","柏市 集客支援会社"
"スマイルハート柏市役所前","https://smileheart-ai.jp/","柏市 柏５丁目７−２３ サンシティビル2階","04-7128-7831","https://www.google.com/maps/place/%E3%82%B9%E3%83%9E%E3%82%A4%E3%83%AB%E3%83%8F%E3%83%BC%E3%83%88%E6%9F%8F%E5%B8%82%E5%BD%B9%E6%89%80%E5%89%8D/data=!4m7!3m6!1s0x60189dbd91f6180d:0xd3e9aac1065c27a2!8m2!3d35.8667681!4d139.9754089!16s%2Fg%2F11fhsybjzj!19sChIJDRj2kb2dGGARoidcBsGq6dM?authuser=0&hl=ja&rclk=1","柏市","柏市 集客支援会社"
"就労移行支援事業所 テレワーカーズ柏","https://a-teleworkers.com/","柏市 新柏３丁目１−４","04-7128-5944","https://www.google.com/maps/place/%E5%B0%B1%E5%8A%B4%E7%A7%BB%E8%A1%8C%E6%94%AF%E6%8F%B4%E4%BA%8B%E6%A5%AD%E6%89%80+%E3%83%86%E3%83%AC%E3%83%AF%E3%83%BC%E3%82%AB%E3%83%BC%E3%82%BA%E6%9F%8F/data=!4m7!3m6!1s0x60189dccc7974e39:0x3f232f2625724163!8m2!3d35.841715!4d139.9714214!16s%2Fg%2F11s467x8ky!19sChIJOU6Xx8ydGGARY0FyJSYvIz8?authuser=0&hl=ja&rclk=1","柏市","柏市 集客支援会社"
"千葉の創業融資支援・起業支援・会社設立支援・補助金支援「株式会社NTOコンサルティング」","https://kigyo-startbook.com/","千葉市 新町２２−１ 新町５５ビル","043-307-2883","https://www.google.com/maps/place/%E5%8D%83%E8%91%89%E3%81%AE%E5%89%B5%E6%A5%AD%E8%9E%8D%E8%B3%87%E6%94%AF%E6%8F%B4%E3%83%BB%E8%B5%B7%E6%A5%AD%E6%94%AF%E6%8F%B4%E3%83%BB%E4%BC%9A%E7%A4%BE%E8%A8%AD%E7%AB%8B%E6%94%AF%E6%8F%B4%E3%83%BB%E8%A3%9C%E5%8A%A9%E9%87%91%E6%94%AF%E6%8F%B4%E3%80%8C%E6%A0%AA%E5%BC%8F%E4%BC%9A%E7%A4%BENTO%E3%82%B3%E3%83%B3%E3%82%B5%E3%83%AB%E3%83%86%E3%82%A3%E3%83%B3%E3%82%B0%E3%80%8D/data=!4m7!3m6!1s0x6022852d9a638979:0xeb13a8670d83c2cc!8m2!3d35.6099034!4d140.1123385!16s%2Fg%2F11yk4b055z!19sChIJeYljmi2FImARzMKDDWeoE-s?authuser=0&hl=ja&rclk=1","千葉市","千葉市 集客支援会社"
"CHIBA-LABO（チバラボ）","http://www.chiba-labo.jp/","千葉市 中央２丁目５−１ 7階","043-215-8812","https://www.google.com/maps/place/CHIBA-LABO%EF%BC%88%E3%83%81%E3%83%90%E3%83%A9%E3%83%9C%EF%BC%89/data=!4m7!3m6!1s0x602284ca70935ed7:0x6063880fb519f1e7!8m2!3d35.6096411!4d140.1219186!16s%2Fg%2F1hjgp8rbh!19sChIJ116TcMqEImAR5_EZtQ-IY2A?authuser=0&hl=ja&rclk=1","千葉市","千葉市 集客支援会社"
"木更津市ビジネスサポートセンター らづ-Biz","https://razu-biz.jp/","木更津市 潮浜１丁目１７−５９ 木更津商工会館 １階","0438-53-7100","https://www.google.com/maps/place/%E6%9C%A8%E6%9B%B4%E6%B4%A5%E5%B8%82%E3%83%93%E3%82%B8%E3%83%8D%E3%82%B9%E3%82%B5%E3%83%9D%E3%83%BC%E3%83%88%E3%82%BB%E3%83%B3%E3%82%BF%E3%83%BC+%E3%82%89%E3%81%A5-Biz/data=!4m7!3m6!1s0x60187333eb4c8df5:0x88ab57c0090dcc0!8m2!3d35.3787701!4d139.9100966!16s%2Fg%2F11ckvw7pkc!19sChIJ9Y1M6zNzGGARwNyQAHy1igg?authuser=0&hl=ja&rclk=1","木更津市","木更津市 集客支援会社"
"株式会社シーリンク 木更津出張所","http://sea-link.jp/company/access.asp?code=kisarazu","木更津市 畑沢１２５０ 内 オリックス自動車(株","0438-38-6817","https://www.google.com/maps/place/%28%E6%A0%AA%29%E3%82%B7%E3%83%BC%E3%83%AA%E3%83%B3%E3%82%AF+%E6%9C%A8%E6%9B%B4%E6%B4%A5%E5%87%BA%E5%BC%B5%E6%89%80/data=!4m7!3m6!1s0x60180c61925b3125:0xa74eb4846300f338!8m2!3d35.3410955!4d139.9202834!16s%2Fg%2F11c1pknpr6!19sChIJJTFbkmEMGGAROPMAY4S0Tqc?authuser=0&hl=ja&rclk=1","木更津市","木更津市 集客支援会社"
"なせば成る株式会社","http://nnhd.jp/","木更津市 東中央２丁目４−１３ 富士火災木更津ビル 6階","","https://www.google.com/maps/place/%E3%81%AA%E3%81%9B%E3%81%B0%E6%88%90%E3%82%8B%E6%A0%AA%E5%BC%8F%E4%BC%9A%E7%A4%BE/data=!4m7!3m6!1s0x60180ca9641aaaab:0xe53930ae9ec7e888!8m2!3d35.3795192!4d139.9331899!16s%2Fg%2F11kh2d9l2d!19sChIJq6oaZKkMGGARiOjHnq4wOeU?authuser=0&hl=ja&rclk=1","木更津市","木更津市 集客支援会社"
"木更津商工会議所青年部（木更津YEG）","https://www.kisarazu-yeg.com/","木更津市 潮浜１丁目１７−５９","0438-37-8700","https://www.google.com/maps/place/%E6%9C%A8%E6%9B%B4%E6%B4%A5%E5%95%86%E5%B7%A5%E4%BC%9A%E8%AD%B0%E6%89%80%E9%9D%92%E5%B9%B4%E9%83%A8%EF%BC%88%E6%9C%A8%E6%9B%B4%E6%B4%A5YEG%EF%BC%89/data=!4m7!3m6!1s0x60187323085ab7df:0xe8df95688e480d7a!8m2!3d35.3787822!4d139.9100082!16s%2Fg%2F11hv1jknrg!19sChIJ37daCCNzGGAReg1IjmiV3-g?authuser=0&hl=ja&rclk=1","木更津市","木更津市 集客支援会社"
"Atomic Design","https://atomic-design.jp/","木更津市 大堀１４５２","","https://www.google.com/maps/place/Atomic+Design/data=!4m7!3m6!1s0x60180d1caed2c279:0xaf6c53ceeb09b9df!8m2!3d35.3383292!4d139.8612145!16s%2Fg%2F11q1vm_94j!19sChIJecLSrhwNGGAR37kJ685TbK8?authuser=0&hl=ja&rclk=1","木更津市","木更津市 集客支援会社"
"木更津商工会議所","https://www.kisarazu-cci.or.jp/","木更津市 潮浜１丁目１７−５９","0438-37-8700","https://www.google.com/maps/place/%E6%9C%A8%E6%9B%B4%E6%B4%A5%E5%95%86%E5%B7%A5%E4%BC%9A%E8%AD%B0%E6%89%80/data=!4m7!3m6!1s0x6018733394b11303:0x680d81c473a42e2d!8m2!3d35.3787348!4d139.9100104!16s%2Fg%2F1tf3nwx1!19sChIJAxOxlDNzGGARLS6kc8SBDWg?authuser=0&hl=ja&rclk=1","木更津市","木更津市 集客支援会社"
"Yume Design","https://yume-design.net/","","080-6622-2244","https://www.google.com/maps/place/Yume+Design/data=!4m7!3m6!1s0x303fdd2902fc7cb:0x63a48d3166fc0745!8m2!3d35.4337076!4d140.0712269!16s%2Fg%2F11z7p8l7_h!19sChIJy8cvkNL9AwMRRQf8ZjGNpGM?authuser=0&hl=ja&rclk=1","木更津市","木更津市 集客支援会社"
"集客実践会","http://xn--rvz621d.co/","横浜市 中央２丁目１２−８","080-5493-3351","https://www.google.com/maps/place/%E9%9B%86%E5%AE%A2%E5%AE%9F%E8%B7%B5%E4%BC%9A/data=!4m7!3m6!1s0x60185c7746ceff4f:0x3822d18ce6948e4f!8m2!3d35.4511918!4d139.6136994!16s%2Fg%2F11btt5gg0r!19sChIJT__ORndcGGART46U5ozRIjg?authuser=0&hl=ja&rclk=1","横浜市","横浜市 集客支援会社"
"SEO GEEKS","https://seogeeks.jp/","横浜市 潮田町４丁目１５２−１２","","https://www.google.com/maps/place/SEO+GEEKS/data=!4m7!3m6!1s0x601867623e01a3ad:0xa899b2830c4e7cbb!8m2!3d35.5025204!4d139.6931863!16s%2Fg%2F11pxfstvlz!19sChIJraMBPmJnGGARu3xODIOymag?authuser=0&hl=ja&rclk=1","横浜市","横浜市 集客支援会社"
"acssemble","https://www.acssemble.com/","横浜市 常盤町３丁目30−１ SOLACUBE横濱関内 4F","","https://www.google.com/maps/place/acssemble/data=!4m7!3m6!1s0x60185d5055edf29b:0x707afed38ecece65!8m2!3d35.4460297!4d139.6365927!16s%2Fg%2F11h0ms4z1k!19sChIJm_LtVVBdGGARZc7OjtP-enA?authuser=0&hl=ja&rclk=1","横浜市","横浜市 集客支援会社"
"運転代行安心","http://daikou-ansin.com/","川崎市 下新城２丁目３−２３ ドリームハウス","0120-850-200","https://www.google.com/maps/place/%E9%81%8B%E8%BB%A2%E4%BB%A3%E8%A1%8C%E5%AE%89%E5%BF%83/data=!4m7!3m6!1s0x6018f595f4c58d81:0xe98c8a8447473c!8m2!3d35.577571!4d139.633775!16s%2Fg%2F1tftl7q4!19sChIJgY3F9JX1GGARPEdHhIqM6QA?authuser=0&hl=ja&rclk=1","川崎市","川崎市 SNS運用代行会社"
"ケイエスガード【就労移行・就労B型】","https://www.ksguard.com/","川崎市 南町１２−１ パートナーズ川崎 2階","044-223-7603","https://www.google.com/maps/place/%E3%82%B1%E3%82%A4%E3%82%A8%E3%82%B9%E3%82%AC%E3%83%BC%E3%83%89%E3%80%90%E5%B0%B1%E5%8A%B4%E7%A7%BB%E8%A1%8C%E3%83%BB%E5%B0%B1%E5%8A%B4B%E5%9E%8B%E3%80%91/data=!4m7!3m6!1s0x601861dfb094650d:0x4975b88331dec80f!8m2!3d35.5260643!4d139.6988267!16s%2Fg%2F11ll8xmnk1!19sChIJDWWUsN9hGGARD8jeMYO4dUk?authuser=0&hl=ja&rclk=1","川崎市","川崎市 集客支援会社"
"Kaien川崎 ー就労移行支援","https://www.kaien-lab.com/offices/kc/","川崎市 小川町１４−１９ 浜屋八秀ビル 2F","045-594-7079","https://www.google.com/maps/place/Kaien%E5%B7%9D%E5%B4%8E+%E3%83%BC%E5%B0%B1%E5%8A%B4%E7%A7%BB%E8%A1%8C%E6%94%AF%E6%8F%B4/data=!4m7!3m6!1s0x601860a306ec0001:0xcbce46c19b1af489!8m2!3d35.5277103!4d139.6991082!16s%2Fg%2F11c2p9x39h!19sChIJAQDsBqNgGGARifQam8FGzss?authuser=0&hl=ja&rclk=1","川崎市","川崎市 集客支援会社"
"就労移行支援事業所CONNECT川崎","https://www.connect-syurou.com/center/kawasaki/","川崎市 大宮町14−４ 川崎中野ビル601号室","044-280-7162","https://www.google.com/maps/place/%E5%B0%B1%E5%8A%B4%E7%A7%BB%E8%A1%8C%E6%94%AF%E6%8F%B4%E4%BA%8B%E6%A5%AD%E6%89%80CONNECT%E5%B7%9D%E5%B4%8E/data=!4m7!3m6!1s0x601861986ad03633:0x185825ecdb40d40e!8m2!3d35.5314042!4d139.6928552!16s%2Fg%2F11vzqc10vs!19sChIJMzbQaphhGGARDtRA2-wlWBg?authuser=0&hl=ja&rclk=1","川崎市","川崎市 集客支援会社"
"共感Work","https://kyoukanwork.com/","相模原市 上溝２６１３ サンビレッジN","090-1196-5053","https://www.google.com/maps/place/%E5%85%B1%E6%84%9FWork/data=!4m7!3m6!1s0x6efdcd7d3aaacb61:0x1989a375e93f328b!8m2!3d35.5525591!4d139.3575468!16s%2Fg%2F11ynv8x7n7!19sChIJYcuqOn3N_W4RizI_6XWjiRk?authuser=0&hl=ja&rclk=1","相模原市","相模原市 集客支援会社"
"KUBO中小企業診断士事務所","https://kubo.consulting/","相模原市 佐野川659‐3 2階","","https://www.google.com/maps/place/KUBO%E4%B8%AD%E5%B0%8F%E4%BC%81%E6%A5%AD%E8%A8%BA%E6%96%AD%E5%A3%AB%E4%BA%8B%E5%8B%99%E6%89%80/data=!4m7!3m6!1s0x601917a44bceb6df:0x2962e5285923bd4d!8m2!3d35.6513641!4d139.1490275!16s%2Fg%2F11mw5wj_ys!19sChIJ37bOS6QXGWARTb0jWSjlYik?authuser=0&hl=ja&rclk=1","相模原市","相模原市 集客支援会社"
"就労継続支援A型事業所ラック","http://www.senju.co/rakku/","相模原市 鹿沼台１丁目１１−６ ＳＴ淵野辺ビル","042-704-8561","https://www.google.com/maps/place/%E5%B0%B1%E5%8A%B4%E7%B6%99%E7%B6%9A%E6%94%AF%E6%8F%B4A%E5%9E%8B%E4%BA%8B%E6%A5%AD%E6%89%80%E3%83%A9%E3%83%83%E3%82%AF/data=!4m7!3m6!1s0x6018fd74c9576ee1:0xc1fc9794f6a14527!8m2!3d35.5689885!4d139.3936843!16s%2Fg%2F11bccmj3ly!19sChIJ4W5XyXT9GGARJ0Wh9pSX_ME?authuser=0&hl=ja&rclk=1","相模原市","相模原市 集客支援会社"
"株式会社アーチ・コミュニケーションズ","https://www.arch-c.com/","厚木市 寿町３丁目１−１ ルリエ本厚木 10階 1001号室","","https://www.google.com/maps/place/%E6%A0%AA%E5%BC%8F%E4%BC%9A%E7%A4%BE%E3%82%A2%E3%83%BC%E3%83%81%E3%83%BB%E3%82%B3%E3%83%9F%E3%83%A5%E3%83%8B%E3%82%B1%E3%83%BC%E3%82%B7%E3%83%A7%E3%83%B3%E3%82%BA/data=!4m7!3m6!1s0x6019ab320d04aacf:0xb6bf9275d85cd2ac!8m2!3d35.4437471!4d139.3632861!16s%2Fg%2F11w4k8yxtm!19sChIJz6oEDTKrGWARrNJc2HWSv7Y?authuser=0&hl=ja&rclk=1","厚木市","厚木市 集客支援会社"
"あつぎエリアマネジメント","https://atsugi-am.com/","厚木市 中町３丁目１８−１４ 第一会田ビル 2階1号室","","https://www.google.com/maps/place/%E3%81%82%E3%81%A4%E3%81%8E%E3%82%A8%E3%83%AA%E3%82%A2%E3%83%9E%E3%83%8D%E3%82%B8%E3%83%A1%E3%83%B3%E3%83%88/data=!4m7!3m6!1s0x6019ab1c9b2dacaf:0x66633fa3e7e51e67!8m2!3d35.4426071!4d139.3632904!16s%2Fg%2F11kqw7trmh!19sChIJr6wtmxyrGWARZx7l56M_Y2Y?authuser=0&hl=ja&rclk=1","厚木市","厚木市 集客支援会社"
"株式会社KOG","https://www.kog.co.jp/","厚木市 栄町１丁目１０−３","050-3703-8046","https://www.google.com/maps/place/%E6%A0%AA%E5%BC%8F%E4%BC%9A%E7%A4%BEKOG/data=!4m7!3m6!1s0x6019ab324b24ecf7:0x3e72d7ffc27aa260!8m2!3d35.4416735!4d139.3589065!16s%2Fg%2F11rwgvk0bg!19sChIJ9-wkSzKrGWARYKJ6wv_Xcj4?authuser=0&hl=ja&rclk=1","厚木市","厚木市 集客支援会社"
"コワーキングスペース&シェアオフィス AGORA Hon-atsugi","https://www.agora-office.com/","厚木市 泉町１−１ 本厚木ミロード ①６F","046-271-8145","https://www.google.com/maps/place/%E3%82%B3%E3%83%AF%E3%83%BC%E3%82%AD%E3%83%B3%E3%82%B0%E3%82%B9%E3%83%9A%E3%83%BC%E3%82%B9%26%E3%82%B7%E3%82%A7%E3%82%A2%E3%82%AA%E3%83%95%E3%82%A3%E3%82%B9+AGORA+Hon-atsugi/data=!4m7!3m6!1s0x6019ab063239d389:0x164fd03a6eac8bb!8m2!3d35.4396137!4d139.3639713!16s%2Fg%2F11q4jmvgcw!19sChIJidM5MgarGWARu8jqpgP9ZAE?authuser=0&hl=ja&rclk=1","厚木市","厚木市 集客支援会社"
"EXPACT株式会社｜社会にインパクトを生む“最初の一歩”に並走するスタートアップパートナー｜","https://links.expact.jp/","静岡市 紺屋町８−１２","","https://www.google.com/maps/place/EXPACT%E6%A0%AA%E5%BC%8F%E4%BC%9A%E7%A4%BE%EF%BD%9C%E7%A4%BE%E4%BC%9A%E3%81%AB%E3%82%A4%E3%83%B3%E3%83%91%E3%82%AF%E3%83%88%E3%82%92%E7%94%9F%E3%82%80%E2%80%9C%E6%9C%80%E5%88%9D%E3%81%AE%E4%B8%80%E6%AD%A9%E2%80%9D%E3%81%AB%E4%B8%A6%E8%B5%B0%E3%81%99%E3%82%8B%E3%82%B9%E3%82%BF%E3%83%BC%E3%83%88%E3%82%A2%E3%83%83%E3%83%97%E3%83%91%E3%83%BC%E3%83%88%E3%83%8A%E3%83%BC%EF%BD%9C/data=!4m7!3m6!1s0x601a490258593a05:0x23414b1554190aff!8m2!3d34.9730032!4d138.3867688!16s%2Fg%2F11h12gh1pz!19sChIJBTpZWAJJGmAR_woZVBVLQSM?authuser=0&hl=ja&rclk=1","静岡市","静岡市 集客支援会社"
"株式会社カチカ Cachica.inc","http://cachica.co.jp/","静岡市 森下町１−３９ SOZOSYA森下町ビル 2A","","https://www.google.com/maps/place/%E6%A0%AA%E5%BC%8F%E4%BC%9A%E7%A4%BE%E3%82%AB%E3%83%81%E3%82%AB+Cachica.inc/data=!4m7!3m6!1s0x60188bf004c00001:0x9228c0a57f11d07f!8m2!3d34.9717545!4d138.3916469!16s%2Fg%2F11vt5yljjp!19sChIJAQDABPCLGGARf9ARf6XAKJI?authuser=0&hl=ja&rclk=1","静岡市","静岡市 集客支援会社"
"株式会社アセットコンサルティング","https://myfp.co.jp/","静岡市 伝馬町９−３ 芝田ビル ３階","054-269-5557","https://www.google.com/maps/place/%E6%A0%AA%E5%BC%8F%E4%BC%9A%E7%A4%BE%E3%82%A2%E3%82%BB%E3%83%83%E3%83%88%E3%82%B3%E3%83%B3%E3%82%B5%E3%83%AB%E3%83%86%E3%82%A3%E3%83%B3%E3%82%B0/data=!4m7!3m6!1s0x601a49f7cbde9431:0xf82c46d55fb8b23d!8m2!3d34.9751208!4d138.3884174!16s%2Fg%2F11b6j7ydkz!19sChIJMZTey_dJGmARPbK4X9VGLPg?authuser=0&hl=ja&rclk=1","静岡市","静岡市 集客支援会社"
"就労移行支援シグマ","https://sigma-jp.co.jp/landing/empSupport/index.shtml","静岡市 御幸町８−１ ＪＡＤＥビル 8F","050-5050-3459","https://www.google.com/maps/place/%E5%B0%B1%E5%8A%B4%E7%A7%BB%E8%A1%8C%E6%94%AF%E6%8F%B4%E3%82%B7%E3%82%B0%E3%83%9E/data=!4m7!3m6!1s0x601a49e0c080108f:0xeb2434aa4acd5c40!8m2!3d34.9732813!4d138.3868913!16s%2Fg%2F11nqt7mz9l!19sChIJjxCAwOBJGmARQFzNSqo0JOs?authuser=0&hl=ja&rclk=1","静岡市","静岡市 集客支援会社"
"はままつ中小企業診断士事務所","https://hamamatsu-smec.jp/","浜松市 千歳町９１−１","","https://www.google.com/maps/place/%E3%81%AF%E3%81%BE%E3%81%BE%E3%81%A4%E4%B8%AD%E5%B0%8F%E4%BC%81%E6%A5%AD%E8%A8%BA%E6%96%AD%E5%A3%AB%E4%BA%8B%E5%8B%99%E6%89%80/data=!4m7!3m6!1s0x637f769240a06e1b:0x607c895c37bbbeb6!8m2!3d34.7036901!4d137.7310412!16s%2Fg%2F11p5gh6sfy!19sChIJG26gQJJ2f2MRtr67N1yJfGA?authuser=0&hl=ja&rclk=1","浜松市","浜松市 集客支援会社"
"合同会社SGコンサルティング","https://sepiaglasses.amebaownd.com/","浜松市 富塚町５７８−４ 小宮オークビル 201","090-7860-2162","https://www.google.com/maps/place/%E5%90%88%E5%90%8C%E4%BC%9A%E7%A4%BESG%E3%82%B3%E3%83%B3%E3%82%B5%E3%83%AB%E3%83%86%E3%82%A3%E3%83%B3%E3%82%B0/data=!4m7!3m6!1s0x601adf045a98d7f7:0x2dbcf15d2c0df4d1!8m2!3d34.7232453!4d137.7044689!16s%2Fg%2F11gxtjxh5x!19sChIJ99eYWgTfGmAR0fQNLF3xvC0?authuser=0&hl=ja&rclk=1","浜松市","浜松市 集客支援会社"
"リージョンコンパス","https://region-compass.jp/","浜松市 貴布祢２６５−８","080-5837-6104","https://www.google.com/maps/place/%E3%83%AA%E3%83%BC%E3%82%B8%E3%83%A7%E3%83%B3%E3%82%B3%E3%83%B3%E3%83%91%E3%82%B9/data=!4m7!3m6!1s0x601b1f8e4245c6d9:0xc341f4a534d420ef!8m2!3d34.7937915!4d137.7805208!16s%2Fg%2F11ypcccqpc!19sChIJ2cZFQo4fG2AR7yDUNKX0QcM?authuser=0&hl=ja&rclk=1","浜松市","浜松市 集客支援会社"
"㈱東海経営コンサルティング","https://tokaikeiei.com/","豊橋市 駅前大通１丁目５５","0532-57-3030","https://www.google.com/maps/place/%E3%88%B1%E6%9D%B1%E6%B5%B7%E7%B5%8C%E5%96%B6%E3%82%B3%E3%83%B3%E3%82%B5%E3%83%AB%E3%83%86%E3%82%A3%E3%83%B3%E3%82%B0/data=!4m7!3m6!1s0x6004d20eed9f7923:0xef655399a2e1d05c!8m2!3d34.7623932!4d137.3838157!16s%2Fg%2F11bx1sdskq!19sChIJI3mf7Q7SBGARXNDhoplTZe8?authuser=0&hl=ja&rclk=1","豊橋市","豊橋市 集客支援会社"
"N代行 岡崎","http://n-daikou.com/","岡崎市 橋目町竹之内５９−１ C号","090-2570-2313","https://www.google.com/maps/place/N%E4%BB%A3%E8%A1%8C+%E5%B2%A1%E5%B4%8E/data=!4m7!3m6!1s0x6004a3304d741263:0x5738adcfbdb3b12d!8m2!3d34.9814128!4d137.1391778!16s%2Fg%2F11xmzb7k3s!19sChIJYxJ0TTCjBGARLbGzvc-tOFc?authuser=0&hl=ja&rclk=1","岡崎市","岡崎市 SNS運用代行会社"
"運転代行の中日本サービス","https://nakanihon-service.com/","岡崎市 井田南町９−４","0564-25-3600","https://www.google.com/maps/place/%E9%81%8B%E8%BB%A2%E4%BB%A3%E8%A1%8C%E3%81%AE%E4%B8%AD%E6%97%A5%E6%9C%AC%E3%82%B5%E3%83%BC%E3%83%93%E3%82%B9/data=!4m7!3m6!1s0x6004a2c45f695f5d:0xe537e51f999a5f0e!8m2!3d34.9741664!4d137.16295!16s%2Fg%2F1tmxfhqk!19sChIJXV9pX8SiBGARDl-amR_lN-U?authuser=0&hl=ja&rclk=1","岡崎市","岡崎市 SNS運用代行会社"
"アクト（就労継続支援B型・就労移行）","http://act-okazaki.com/","岡崎市 稲熊町１丁目７４−７４","0564-79-8910","https://www.google.com/maps/place/%E3%82%A2%E3%82%AF%E3%83%88%EF%BC%88%E5%B0%B1%E5%8A%B4%E7%B6%99%E7%B6%9A%E6%94%AF%E6%8F%B4B%E5%9E%8B%E3%83%BB%E5%B0%B1%E5%8A%B4%E7%A7%BB%E8%A1%8C%EF%BC%89/data=!4m7!3m6!1s0x6004bcd4a056b08f:0x9e24dd117d4580f5!8m2!3d34.9681073!4d137.1799263!16s%2Fg%2F11fnmnqt2l!19sChIJj7BWoNS8BGAR9YBFfRHdJJ4?authuser=0&hl=ja&rclk=1","岡崎市","岡崎市 集客支援会社"
"岡崎 開業支援相談所","https://www.okazaki-setsuritsu.com/contact","","0120-377-817","https://www.google.com/maps/place/%E5%B2%A1%E5%B4%8E+%E9%96%8B%E6%A5%AD%E6%94%AF%E6%8F%B4%E7%9B%B8%E8%AB%87%E6%89%80/data=!4m7!3m6!1s0x6004bd16eba631cf:0x654784f24c5a9d04!8m2!3d34.9402921!4d137.161982!16s%2Fg%2F11p0ms7yrj!19sChIJzzGm6xa9BGARBJ1aTPKER2U?authuser=0&hl=ja&rclk=1","岡崎市","岡崎市 集客支援会社"
"みんなの障害年金相談所","https://link-nenkin.com/","岡崎市 真宮町３−３","0120-553-944","https://www.google.com/maps/place/%E3%81%BF%E3%82%93%E3%81%AA%E3%81%AE%E9%9A%9C%E5%AE%B3%E5%B9%B4%E9%87%91%E7%9B%B8%E8%AB%87%E6%89%80/data=!4m7!3m6!1s0x6004bd0939149429:0x84460124a4b29c3!8m2!3d34.9430538!4d137.1525087!16s%2Fg%2F1tfbn8br!19sChIJKZQUOQm9BGARwylLShJgRAg?authuser=0&hl=ja&rclk=1","岡崎市","岡崎市 集客支援会社"
"コネクトスポット","https://npo.connect-spot.net/","岡崎市 伝馬通２丁目４９","0564-73-6388","https://www.google.com/maps/place/%E3%82%B3%E3%83%8D%E3%82%AF%E3%83%88%E3%82%B9%E3%83%9D%E3%83%83%E3%83%88/data=!4m7!3m6!1s0x6004bdab2e956b3d:0x39c29b90cfb7a5fb!8m2!3d34.9579899!4d137.1706415!16s%2Fg%2F11hynw11yt!19sChIJPWuVLqu9BGAR-6W3z5Cbwjk?authuser=0&hl=ja&rclk=1","岡崎市","岡崎市 集客支援会社"
"税理士法人鶴田会計 岡崎事務所","http://www.tsurutax.com/","岡崎市 棟2階, 2-5 LaLa B 戸崎元町","0564-73-0101","https://www.google.com/maps/place/%E7%A8%8E%E7%90%86%E5%A3%AB%E6%B3%95%E4%BA%BA%E9%B6%B4%E7%94%B0%E4%BC%9A%E8%A8%88+%E5%B2%A1%E5%B4%8E%E4%BA%8B%E5%8B%99%E6%89%80/data=!4m7!3m6!1s0x6004bdd518ea0d05:0x5d1570a63a5703fd!8m2!3d34.9347374!4d137.1606555!16s%2Fg%2F11g10n9lqg!19sChIJBQ3qGNW9BGAR_QNXOqZwFV0?authuser=0&hl=ja&rclk=1","岡崎市","岡崎市 集客支援会社"
"就労移行支援 はたらくの窓口 本校（猿投駅前）","http://www.t-careercenter.com/","豊田市 井上町１２丁目１１４","0565-41-7111","https://www.google.com/maps/place/%E5%B0%B1%E5%8A%B4%E7%A7%BB%E8%A1%8C%E6%94%AF%E6%8F%B4+%E3%81%AF%E3%81%9F%E3%82%89%E3%81%8F%E3%81%AE%E7%AA%93%E5%8F%A3+%E6%9C%AC%E6%A0%A1%EF%BC%88%E7%8C%BF%E6%8A%95%E9%A7%85%E5%89%8D%EF%BC%89/data=!4m7!3m6!1s0x60035fc5aafa5793:0x17053e0913f6c92b!8m2!3d35.1224326!4d137.1756798!16s%2Fg%2F11g1zw77h0!19sChIJk1f6qsVfA2ARK8n2Ewk-BRc?authuser=0&hl=ja&rclk=1","豊田市","豊田市 集客支援会社"
"WEB先案内","https://web-navigator.com/","豊田市 小坂本町１丁目5−５ YAMATO BLDG 2F","080-5742-9495","https://www.google.com/maps/place/WEB%E5%85%88%E6%A1%88%E5%86%85/data=!4m7!3m6!1s0x6004a17331f7b0ff:0x22ac953d23d3f864!8m2!3d35.0881292!4d137.1524893!16s%2Fg%2F11svbhvzrd!19sChIJ_7D3MXOhBGARZPjTIz2VrCI?authuser=0&hl=ja&rclk=1","豊田市","豊田市 集客支援会社"
"Gaku-u豊田オフィス","http://www.gaku-u.jp/","豊田市 神田町１丁目１−１ 西山地産ビル２Ｆ","0565-34-2603","https://www.google.com/maps/place/Gaku-u%E8%B1%8A%E7%94%B0%E3%82%AA%E3%83%95%E3%82%A3%E3%82%B9/data=!4m7!3m6!1s0x6004a03fb6e2ce05:0x7aacdbace1222e24!8m2!3d35.0829194!4d137.1537212!16s%2Fg%2F11f4r3y2y3!19sChIJBc7itj-gBGARJC4i4azbrHo?authuser=0&hl=ja&rclk=1","豊田市","豊田市 集客支援会社"
"障害者就労移行支援事業所 LITALICOワークス 豊田","https://works.litalico.jp/center/nagoya/toyota/","豊田市 西町５丁目36−１ ウエスト5ビル 4階","0565-42-3354","https://www.google.com/maps/place/%E9%9A%9C%E5%AE%B3%E8%80%85%E5%B0%B1%E5%8A%B4%E7%A7%BB%E8%A1%8C%E6%94%AF%E6%8F%B4%E4%BA%8B%E6%A5%AD%E6%89%80+LITALICO%E3%83%AF%E3%83%BC%E3%82%AF%E3%82%B9+%E8%B1%8A%E7%94%B0/data=!4m7!3m6!1s0x6004a197940d5b27:0xd65d51b4b5759794!8m2!3d35.0847128!4d137.1552878!16s%2Fg%2F11msr73qwv!19sChIJJ1sNlJehBGARlJd1tbRRXdY?authuser=0&hl=ja&rclk=1","豊田市","豊田市 集客支援会社"
"なかよし経営相談事務所","http://nakayoshi-keiei.com/","一宮市 今伊勢町馬寄中屋敷３２−５","090-7048-1874","https://www.google.com/maps/place/%E3%81%AA%E3%81%8B%E3%82%88%E3%81%97%E7%B5%8C%E5%96%B6%E7%9B%B8%E8%AB%87%E4%BA%8B%E5%8B%99%E6%89%80/data=!4m7!3m6!1s0x6003a766d1c55551:0x530188933ef40d7!8m2!3d35.3263079!4d136.7936364!16s%2Fg%2F11gxql6k_1!19sChIJUVXF0WanA2AR10DvM4kYMAU?authuser=0&hl=ja&rclk=1","一宮市","一宮市 集客支援会社"
"アイタック","https://kk-itac.jp/","一宮市 木曽川町黒田十二ノ通り１５","0586-84-1911","https://www.google.com/maps/place/%E3%82%A2%E3%82%A4%E3%82%BF%E3%83%83%E3%82%AF/data=!4m7!3m6!1s0x6003a7b15b94eb39:0x8aeba5d1b912b13c!8m2!3d35.3508928!4d136.7915137!16s%2Fg%2F1wnf0_5z!19sChIJOeuUW7GnA2ARPLESudGl64o?authuser=0&hl=ja&rclk=1","一宮市","一宮市 集客支援会社"
"ランウィズ","https://runwith-ai.com/","一宮市 0568-29-5335","0568-29-5335","https://www.google.com/maps/place/%E3%83%A9%E3%83%B3%E3%82%A6%E3%82%A3%E3%82%BA/data=!4m7!3m6!1s0x1bcc6452ffff3fd:0xa05c4a871decd9c!8m2!3d35.2059768!4d136.887688!16s%2Fg%2F11z4yz007x!19sChIJ_fP_L0XGvAERnM3ecajEBQo?authuser=0&hl=ja&rclk=1","一宮市","一宮市 集客支援会社"
"ミツケルにほんのしごと｜外国人材の就職は株式会社京進","https://mycareer-jp.com/","京都市 烏丸通五条下る大坂町３８２−１","075-342-5075","https://www.google.com/maps/place/%E3%83%9F%E3%83%84%E3%82%B1%E3%83%AB%E3%81%AB%E3%81%BB%E3%82%93%E3%81%AE%E3%81%97%E3%81%94%E3%81%A8%EF%BD%9C%E5%A4%96%E5%9B%BD%E4%BA%BA%E6%9D%90%E3%81%AE%E5%B0%B1%E8%81%B7%E3%81%AF%E6%A0%AA%E5%BC%8F%E4%BC%9A%E7%A4%BE%E4%BA%AC%E9%80%B2/data=!4m7!3m6!1s0x600109060eae3325:0x7e2acda56f641aff!8m2!3d34.9953751!4d135.7594978!16s%2Fg%2F11rn1nd3x4!19sChIJJTOuDgYJAWAR_xpkb6XNKn4?authuser=0&hl=ja&rclk=1","京都市","京都市 集客支援会社"
"SEE KYOTO CONSULTING","https://seekyoto.jp/","京都市 京都市下京区仏光寺通室町 東入ル釘隠町255 小川京都ビル SoloTime京都208","075-606-4168","https://www.google.com/maps/place/SEE+KYOTO+CONSULTING/data=!4m7!3m6!1s0x211baed6440eb85d:0x25e51e35ccdf18de!8m2!3d35.0012015!4d135.7592137!16s%2Fg%2F11ynsvtrg9!19sChIJXbgORNauGyER3hjfzDUe5SU?authuser=0&hl=ja&rclk=1","京都市","京都市 集客支援会社"
"六連京都株式会社（六連コンサルティング）","https://www.mutsura-realestate.com/","京都市 新町通六角下る六角町３５７−３","075-754-8069","https://www.google.com/maps/place/%E5%85%AD%E9%80%A3%E4%BA%AC%E9%83%BD%E6%A0%AA%E5%BC%8F%E4%BC%9A%E7%A4%BE%EF%BC%88%E5%85%AD%E9%80%A3%E3%82%B3%E3%83%B3%E3%82%B5%E3%83%AB%E3%83%86%E3%82%A3%E3%83%B3%E3%82%B0%EF%BC%89/data=!4m7!3m6!1s0x60010912893693ef:0x67f34c96307b93aa!8m2!3d35.0068858!4d135.756775!16s%2Fg%2F11hskpt41_!19sChIJ75M2iRIJAWARqpN7MJZM82c?authuser=0&hl=ja&rclk=1","京都市","京都市 集客支援会社"
"滋賀県産業支援プラザ","https://www.shigaplaza.or.jp/","大津市 打出浜２−１ コラボしが21 2階","077-511-1410","https://www.google.com/maps/place/%E6%BB%8B%E8%B3%80%E7%9C%8C%E7%94%A3%E6%A5%AD%E6%94%AF%E6%8F%B4%E3%83%97%E3%83%A9%E3%82%B6/data=!4m7!3m6!1s0x60010ce5537a0725:0xb02e16d68b297777!8m2!3d35.006472!4d135.875545!16s%2Fg%2F1tdqnkdb!19sChIJJQd6U-UMAWARd3cpi9YWLrA?authuser=0&hl=ja&rclk=1","大津市","大津市 集客支援会社"
"おおつ働き・暮らし応援センター","https://osk-hatakura.net/","大津市 京町３丁目４−１２","077-522-5142","https://www.google.com/maps/place/%E3%81%8A%E3%81%8A%E3%81%A4%E5%83%8D%E3%81%8D%E3%83%BB%E6%9A%AE%E3%82%89%E3%81%97%E5%BF%9C%E6%8F%B4%E3%82%BB%E3%83%B3%E3%82%BF%E3%83%BC/data=!4m7!3m6!1s0x60010cf7b21984b5:0x93f942943e3d366b!8m2!3d35.005839!4d135.8682214!16s%2Fg%2F1tjpqdb7!19sChIJtYQZsvcMAWARazY9PpRC-ZM?authuser=0&hl=ja&rclk=1","大津市","大津市 集客支援会社"
"みらい指針株式会社","https://www.osaka-shindanshi.org/member/n428573/","大津市 090-1918-8333","090-1918-8333","https://www.google.com/maps/place/%E3%81%BF%E3%82%89%E3%81%84%E6%8C%87%E9%87%9D%E6%A0%AA%E5%BC%8F%E4%BC%9A%E7%A4%BE/data=!4m7!3m6!1s0x45b479095495b0d9:0x4ccffa24c4b731df!8m2!3d34.9672029!4d135.3538764!16s%2Fg%2F11npsf7m1k!19sChIJ2bCVVAl5tEUR3zG3xCT6z0w?authuser=0&hl=ja&rclk=1","大津市","大津市 集客支援会社"
"アルバ通信株式会社 ポスティング事業部","https://www.posting.co.jp/","大津市 西草津２丁目３−１７","077-566-6185","https://www.google.com/maps/place/%E3%82%A2%E3%83%AB%E3%83%90%E9%80%9A%E4%BF%A1%EF%BC%88%E6%A0%AA%EF%BC%89+%E3%83%9D%E3%82%B9%E3%83%86%E3%82%A3%E3%83%B3%E3%82%B0%E4%BA%8B%E6%A5%AD%E9%83%A8/data=!4m7!3m6!1s0x60017242c2f9466b:0x6df523bb9cc98e0c!8m2!3d35.0166974!4d135.9525893!16s%2Fg%2F1tgq6kdl!19sChIJa0b5wkJyAWARDI7JnLsj9W0?authuser=0&hl=ja&rclk=1","大津市","大津市 集客支援会社"
"コワーキングスペース大津","http://www.coworking-otsu.com/","大津市 京町４丁目５−１３ 澤甚本館ビル","077-526-5671","https://www.google.com/maps/place/%E3%82%B3%E3%83%AF%E3%83%BC%E3%82%AD%E3%83%B3%E3%82%B0%E3%82%B9%E3%83%9A%E3%83%BC%E3%82%B9%E5%A4%A7%E6%B4%A5/data=!4m7!3m6!1s0x60010cfa0c767d63:0x12c13b7a5bab1fd4!8m2!3d35.0046027!4d135.8716109!16s%2Fg%2F11csqcd_sc!19sChIJY312DPoMAWAR1B-rW3o7wRI?authuser=0&hl=ja&rclk=1","大津市","大津市 集客支援会社"
"コラボしが21","http://www.collaboshiga21.jp/","大津市 打出浜２−１","077-511-1400","https://www.google.com/maps/place/%E3%82%B3%E3%83%A9%E3%83%9C%E3%81%97%E3%81%8C21/data=!4m7!3m6!1s0x60010ce5537a0725:0x5f25a403cb7e5a48!8m2!3d35.0064697!4d135.8755798!16s%2Fg%2F11btrrt2cz!19sChIJJQd6U-UMAWARSFp-ywOkJV8?authuser=0&hl=ja&rclk=1","大津市","大津市 集客支援会社"
"株式会社グッドリンク 奈良営業所","https://good-link.biz/","奈良市 高天市町15−１ ライフ２１ビル","0742-22-5000","https://www.google.com/maps/place/%E6%A0%AA%E5%BC%8F%E4%BC%9A%E7%A4%BE%E3%82%B0%E3%83%83%E3%83%89%E3%83%AA%E3%83%B3%E3%82%AF+%E5%A5%88%E8%89%AF%E5%96%B6%E6%A5%AD%E6%89%80/data=!4m7!3m6!1s0x60013b9d4996632b:0xf4840a9c387791c1!8m2!3d34.6854942!4d135.825797!16s%2Fg%2F11z261929t!19sChIJK2OWSZ07AWARwZF3OJwKhPQ?authuser=0&hl=ja&rclk=1","奈良市","奈良市 集客支援会社"
"地域情報ネットワーク株式会社","http://www.mytown-nara.com/","奈良市 法蓮町９８６−２","0742-27-1061","https://www.google.com/maps/place/%E5%9C%B0%E5%9F%9F%E6%83%85%E5%A0%B1%E3%83%8D%E3%83%83%E3%83%88%E3%83%AF%E3%83%BC%E3%82%AF%E6%A0%AA%E5%BC%8F%E4%BC%9A%E7%A4%BE/data=!4m7!3m6!1s0x60013a25969e9cdf:0xe570056cf5aea681!8m2!3d34.6898149!4d135.822156!16s%2Fg%2F1tjpqdmj!19sChIJ35yeliU6AWARgaau9WwFcOU?authuser=0&hl=ja&rclk=1","奈良市","奈良市 集客支援会社"
"集客ドクター株式会社","http://standup.wakayama.jp/","和歌山市 北出島７５−９","073-488-2670","https://www.google.com/maps/place/%E9%9B%86%E5%AE%A2%E3%83%89%E3%82%AF%E3%82%BF%E3%83%BC%E6%A0%AA%E5%BC%8F%E4%BC%9A%E7%A4%BE/data=!4m7!3m6!1s0x6000b32cccd8dcfd:0x119efbe5ac03f76!8m2!3d34.2218533!4d135.1931731!16s%2Fg%2F11l2_0d5hb!19sChIJ_dzYzCyzAGARdj_AWr7vGQE?authuser=0&hl=ja&rclk=1","和歌山市","和歌山市 集客支援会社"
"わかやま地域課題解決型起業支援チーム","https://yarukiouendan.or.jp/business/region/","和歌山市 本町２丁目 フォルテワジマ６階 公益財団法人わかやま産業振興財団","073-432-3220","https://www.google.com/maps/place/%E3%82%8F%E3%81%8B%E3%82%84%E3%81%BE%E5%9C%B0%E5%9F%9F%E8%AA%B2%E9%A1%8C%E8%A7%A3%E6%B1%BA%E5%9E%8B%E8%B5%B7%E6%A5%AD%E6%94%AF%E6%8F%B4%E3%83%81%E3%83%BC%E3%83%A0/data=!4m7!3m6!1s0x6000b33ca55b869d:0x9d4af6d556fe509c!8m2!3d34.2342039!4d135.1740892!16s%2Fg%2F11mx5tws6p!19sChIJnYZbpTyzAGARnFD-VtX2Sp0?authuser=0&hl=ja&rclk=1","和歌山市","和歌山市 集客支援会社"
"株式会社IHA","https://iha-cloudservice-support.jp/","和歌山市 園部１４１１−１","050-1726-1111","https://www.google.com/maps/place/%E6%A0%AA%E5%BC%8F%E4%BC%9A%E7%A4%BEIHA/data=!4m7!3m6!1s0x6000b3309249a03f:0xb3469839ecbf4cff!8m2!3d34.2621623!4d135.1967227!16s%2Fg%2F11x6gk20dq!19sChIJP6BJkjCzAGAR_0y_7DmYRrM?authuser=0&hl=ja&rclk=1","和歌山市","和歌山市 集客支援会社"
"和歌山県よろず支援拠点（無料経営相談所）","https://yorozuw.go.jp/","和歌山市 本町２丁目１ フォルテワジマ ６ 階","073-433-3100","https://www.google.com/maps/place/%E5%92%8C%E6%AD%8C%E5%B1%B1%E7%9C%8C%E3%82%88%E3%82%8D%E3%81%9A%E6%94%AF%E6%8F%B4%E6%8B%A0%E7%82%B9%EF%BC%88%E7%84%A1%E6%96%99%E7%B5%8C%E5%96%B6%E7%9B%B8%E8%AB%87%E6%89%80%EF%BC%89/data=!4m7!3m6!1s0x6000b2e93f9415ad:0x5287dc1cd9d6b0f4!8m2!3d34.2340768!4d135.1741169!16s%2Fg%2F11b8c5cj7r!19sChIJrRWUP-myAGAR9LDW2Rzch1I?authuser=0&hl=ja&rclk=1","和歌山市","和歌山市 集客支援会社"
"わくわくワーク広場 本社","https://j-sp.jp/","和歌山市 黒田９７−６","0120-024-510","https://www.google.com/maps/place/%E3%82%8F%E3%81%8F%E3%82%8F%E3%81%8F%E3%83%AF%E3%83%BC%E3%82%AF%E5%BA%83%E5%A0%B4+%E6%9C%AC%E7%A4%BE/data=!4m7!3m6!1s0x6000b3241ef63b91:0xdd3c2ce42b6f587d!8m2!3d34.2335422!4d135.1917355!16s%2Fg%2F1vzv3jjz!19sChIJkTv2HiSzAGARfVhvK-QsPN0?authuser=0&hl=ja&rclk=1","和歌山市","和歌山市 集客支援会社"
"（一社）クリエイターズ","https://www.creators.or.jp/","和歌山市 湊１８３３−３","073-499-1063","https://www.google.com/maps/place/%EF%BC%88%E4%B8%80%E7%A4%BE%EF%BC%89%E3%82%AF%E3%83%AA%E3%82%A8%E3%82%A4%E3%82%BF%E3%83%BC%E3%82%BA/data=!4m7!3m6!1s0x6000b2eb59d8f329:0x4d6b5937f395bec0!8m2!3d34.2358947!4d135.152763!16s%2Fg%2F11ckvvhb2h!19sChIJKfPYWeuyAGARwL6V8zdZa00?authuser=0&hl=ja&rclk=1","和歌山市","和歌山市 集客支援会社"
"株式会社Maneql (マネクル)","https://social-db.co.jp/","堺市 中百舌鳥町５丁７６４−２ 中百舌鳥ビル 3F","072-230-4510","https://www.google.com/maps/place/%E6%A0%AA%E5%BC%8F%E4%BC%9A%E7%A4%BEManeql+%28%E3%83%9E%E3%83%8D%E3%82%AF%E3%83%AB%29/data=!4m7!3m6!1s0x6000dbb9bcd2e417:0x736ef044ecaa5b96!8m2!3d34.5537559!4d135.502317!16s%2Fg%2F11g4jrwbh7!19sChIJF-TSvLnbAGARlluq7ETwbnM?authuser=0&hl=ja&rclk=1","堺市","堺市 集客支援会社"
"デジタルヒーロー合同会社","https://digitalhero.super.site/","堺市 長曽根町130番地42 さかい新事業創造センタ 327号室","072-275-5155","https://www.google.com/maps/place/%E3%83%87%E3%82%B8%E3%82%BF%E3%83%AB%E3%83%92%E3%83%BC%E3%83%AD%E3%83%BC%E5%90%88%E5%90%8C%E4%BC%9A%E7%A4%BE/data=!4m7!3m6!1s0xa3f20b332fc24d25:0xfa89f3d57b178259!8m2!3d34.558698!4d135.5069309!16s%2Fg%2F11v3zw18zg!19sChIJJU3CLzML8qMRWYIXe9Xzifo?authuser=0&hl=ja&rclk=1","堺市","堺市 集客支援会社"
"株式会社ユーマスブレーン","http://www.youmas-b.co.jp/","堺市 熊野町東４丁４−２４","072-221-7666","https://www.google.com/maps/place/%EF%BC%88%E6%A0%AA%EF%BC%89%E3%83%A6%E3%83%BC%E3%83%9E%E3%82%B9%E3%83%96%E3%83%AC%E3%83%BC%E3%83%B3/data=!4m7!3m6!1s0x6000dc90216fdff7:0x921e2847e4b7552f!8m2!3d34.576848!4d135.477804!16s%2Fg%2F1tdx8l0y!19sChIJ999vIZDcAGARL1W35EcoHpI?authuser=0&hl=ja&rclk=1","堺市","堺市 集客支援会社"
"ウェブプロモート","https://webpromote.jp/","小樽市 相生町８−１３","0134-32-4234","https://www.google.com/maps/place/%E3%82%A6%E3%82%A7%E3%83%96%E3%83%97%E3%83%AD%E3%83%A2%E3%83%BC%E3%83%88/data=!4m7!3m6!1s0x5f0ae05a22a17e0d:0x8b824acf987aef1b!8m2!3d43.189952!4d141.004803!16s%2Fg%2F1tl1n76q!19sChIJDX6hIlrgCl8RG-96mM9Kgos?authuser=0&hl=ja&rclk=1","小樽市","小樽市 Web広告運用"
"マルナカデザイン","https://nkb-jp.com/","小樽市 080-4045-2894","080-4045-2894","https://www.google.com/maps/place/%E3%83%9E%E3%83%AB%E3%83%8A%E3%82%AB%E3%83%87%E3%82%B6%E3%82%A4%E3%83%B3/data=!4m7!3m6!1s0x6fb0b84775350a55:0x7d35eb3c129cad1f!8m2!3d43.264389!4d141.8659965!16s%2Fg%2F11nq_fwb00!19sChIJVQo1dUe4sG8RH62cEjzrNX0?authuser=0&hl=ja&rclk=1","小樽市","小樽市 Web広告運用"
"マスグラフィックス","https://mathgraphics.net/","弘前市 石川村元９４","","https://www.google.com/maps/place/%E3%83%9E%E3%82%B9%E3%82%B0%E3%83%A9%E3%83%95%E3%82%A3%E3%83%83%E3%82%AF%E3%82%B9/data=!4m7!3m6!1s0x5f9b03101fab1d0d:0xf6fcbd598ca4cbaa!8m2!3d40.5556956!4d140.5424788!16s%2Fg%2F11jp8h75l3!19sChIJDR2rHxADm18RqsukjFm9_PY?authuser=0&hl=ja&rclk=1","弘前市","弘前市 Web広告運用"
"株式会社Daisou","http://daisoucorp.com/","石巻市 羽黒町１丁目１０−２０ SKハウス A","050-3554-5970","https://www.google.com/maps/place/%E6%A0%AA%E5%BC%8F%E4%BC%9A%E7%A4%BEDaisou/data=!4m7!3m6!1s0x5f89a363959fc0a3:0x9dd8ec2709d04e17!8m2!3d38.4314775!4d141.3013531!16s%2Fg%2F11lds02znj!19sChIJo8CflWOjiV8RF07QCSfs2J0?authuser=0&hl=ja&rclk=1","石巻市","石巻市 Web広告運用"
"BEYOND","https://www.i-beyond.jp/","石巻市 鹿妻南３丁目４−１１","0225-98-9087","https://www.google.com/maps/place/BEYOND/data=!4m7!3m6!1s0x5f89bb42b5678041:0x5a32c98249c9e065!8m2!3d38.4197693!4d141.3422157!16s%2Fg%2F11wy6_m5gx!19sChIJQYBntUK7iV8RZeDJSYLJMlo?authuser=0&hl=ja&rclk=1","石巻市","石巻市 Web広告運用"
"㈱JET","http://www.jet13.net/","石巻市 和渕清水６４−１","0225-25-6284","https://www.google.com/maps/place/%E3%88%B1JET/data=!4m7!3m6!1s0x5f89a4b2cd4eaaab:0xf48a61a001a711a6!8m2!3d38.5272185!4d141.2217597!16s%2Fg%2F11cs5w8jb7!19sChIJq6pOzbKkiV8RphGnAaBhivQ?authuser=0&hl=ja&rclk=1","石巻市","石巻市 Web広告運用"
"印刷館（ビヨンド）","http://www.insatsukan.jp/","石巻市 鹿妻南３丁目４−１１","0120-809-087","https://www.google.com/maps/place/%E5%8D%B0%E5%88%B7%E9%A4%A8%EF%BC%88%E3%83%93%E3%83%A8%E3%83%B3%E3%83%89%EF%BC%89/data=!4m7!3m6!1s0x5f89bb52405fcdb1:0x7eb74dd614417bc4!8m2!3d38.4197924!4d141.3421295!16s%2Fg%2F1v1kpp5g!19sChIJsc1fQFK7iV8RxHtBFNZNt34?authuser=0&hl=ja&rclk=1","石巻市","石巻市 Web広告運用"
"dework(デワーク)","http://dework.net/","鶴岡市 道田町１２−２５","080-1832-9629","https://www.google.com/maps/place/dework%28%E3%83%87%E3%83%AF%E3%83%BC%E3%82%AF%29/data=!4m7!3m6!1s0x5f8c1a7b6921925d:0x88ae2d8e21b50025!8m2!3d38.7287894!4d139.8006339!16s%2Fg%2F1tfmc1gj!19sChIJXZIhaXsajF8RJQC1IY4trog?authuser=0&hl=ja&rclk=1","鶴岡市","鶴岡市 Web広告運用"
"㈲鶴岡タイムス社","http://www.t-times.jp/","鶴岡市 新形町１６−４０","0235-28-1101","https://www.google.com/maps/place/%E3%88%B2%E9%B6%B4%E5%B2%A1%E3%82%BF%E3%82%A4%E3%83%A0%E3%82%B9%E7%A4%BE/data=!4m7!3m6!1s0x5f8c1a8ef827fdaf:0x923b93e5eac72f82!8m2!3d38.7359668!4d139.8247199!16s%2Fg%2F1tfj2_5p!19sChIJr_0n-I4ajF8Rgi_H6uWTO5I?authuser=0&hl=ja&rclk=1","鶴岡市","鶴岡市 Web広告運用"
"ホームページ ドクター","https://hp-doctor.com/","鶴岡市 末広町６−１３","080-9540-5362","https://www.google.com/maps/place/%E3%83%9B%E3%83%BC%E3%83%A0%E3%83%9A%E3%83%BC%E3%82%B8+%E3%83%89%E3%82%AF%E3%82%BF%E3%83%BC/data=!4m7!3m6!1s0x5f8c1b2e04cd2955:0x5942e502f7705b84!8m2!3d38.7376131!4d139.8356091!16s%2Fg%2F11gv0w2h8p!19sChIJVSnNBC4bjF8RhFtw9wLlQlk?authuser=0&hl=ja&rclk=1","鶴岡市","鶴岡市 Web広告運用"
"リーフレット・デザインワークス","https://www.leafletweb.com/","鶴岡市 城北町４３−７","0235-29-6626","https://www.google.com/maps/place/%E3%83%AA%E3%83%BC%E3%83%95%E3%83%AC%E3%83%83%E3%83%88%E3%83%BB%E3%83%87%E3%82%B6%E3%82%A4%E3%83%B3%E3%83%AF%E3%83%BC%E3%82%AF%E3%82%B9/data=!4m7!3m6!1s0x5f8c1a8896a5820b:0xeb641a9e529bcb43!8m2!3d38.7371663!4d139.8186605!16s%2Fg%2F1tksn5fh!19sChIJC4KllogajF8RQ8ubUp4aZOs?authuser=0&hl=ja&rclk=1","鶴岡市","鶴岡市 Web広告運用"
"SWITCH デザイン","https://swi-design.jp/","酒田市 生石十二ノ木１９９","090-4476-1216","https://www.google.com/maps/place/SWITCH+%E3%83%87%E3%82%B6%E3%82%A4%E3%83%B3/data=!4m7!3m6!1s0xa1e4021f21738e73:0xc71772e1b02090ba!8m2!3d38.9207215!4d139.9401103!16s%2Fg%2F11k3xgb_nj!19sChIJc45zIR8C5KERupAgsOFyF8c?authuser=0&hl=ja&rclk=1","酒田市","酒田市 Web広告運用"
"グラフィックデザイン 山水里塾","https://sansuirijuku.com/","酒田市 錦町１丁目2−３０","0234-31-3522","https://www.google.com/maps/place/%E3%82%B0%E3%83%A9%E3%83%95%E3%82%A3%E3%83%83%E3%82%AF%E3%83%87%E3%82%B6%E3%82%A4%E3%83%B3+%E5%B1%B1%E6%B0%B4%E9%87%8C%E5%A1%BE/data=!4m7!3m6!1s0x5f8c2129a1d70c6d:0xb4077232d092a53f!8m2!3d38.8814268!4d139.8375744!16s%2Fg%2F11v5jm71gn!19sChIJbQzXoSkhjF8RP6WS0DJyB7Q?authuser=0&hl=ja&rclk=1","酒田市","酒田市 Web広告運用"
"株式会社セブン・マークス","https://www.seven-marcs.com/","酒田市 上安町２丁目９−６","0234-25-3600","https://www.google.com/maps/place/%EF%BC%88%E6%A0%AA%EF%BC%89%E3%82%BB%E3%83%96%E3%83%B3%E3%83%BB%E3%83%9E%E3%83%BC%E3%82%AF%E3%82%B9/data=!4m7!3m6!1s0x5f8e9eeb31760513:0x71fd5e7a0b3026a2!8m2!3d38.9275949!4d139.8625924!16s%2Fg%2F1q6n2rfvr!19sChIJEwV2Meuejl8RoiYwC3pe_XE?authuser=0&hl=ja&rclk=1","酒田市","酒田市 Web広告運用"
"カナエルエディット","https://kanaeru-edit-design.studio.site/","","","https://www.google.com/maps/place/%E3%82%AB%E3%83%8A%E3%82%A8%E3%83%AB%E3%82%A8%E3%83%87%E3%82%A3%E3%83%83%E3%83%88/data=!4m7!3m6!1s0xaca748d6adf5fd4b:0xfacf89ddef68d7b0!8m2!3d38.9947987!4d139.8353646!16s%2Fg%2F11s7w_c1t1!19sChIJS_31rdZIp6wRsNdo792Jz_o?authuser=0&hl=ja&rclk=1","酒田市","酒田市 Web広告運用"
"ホームページ制作 e-Family合同会社","https://efamily.co.jp/","会津若松市 一箕町大字鶴賀下居合１４５番地２ 内 会津大学産学イノベーションセンタ","070-2805-7897","https://www.google.com/maps/place/%E3%83%9B%E3%83%BC%E3%83%A0%E3%83%9A%E3%83%BC%E3%82%B8%E5%88%B6%E4%BD%9C+e-Family%E5%90%88%E5%90%8C%E4%BC%9A%E7%A4%BE/data=!4m7!3m6!1s0x5f8aadf57703a303:0x437957c52b2cc04e!8m2!3d37.5245781!4d139.9390622!16s%2Fg%2F11x8w913lm!19sChIJA6MDd_Wtil8RTsAsK8VXeUM?authuser=0&hl=ja&rclk=1","会津若松市","会津若松市 Web広告運用"
"株式会社 桐朋","http://www.toholink.com/","上越市 南本町２丁目６−番 14号","025-526-0066","https://www.google.com/maps/place/%E6%A0%AA%E5%BC%8F%E4%BC%9A%E7%A4%BE+%E6%A1%90%E6%9C%8B/data=!4m7!3m6!1s0x5ff6714c8cad8747:0xd57697498695dadd!8m2!3d37.0980614!4d138.2515088!16s%2Fg%2F1ptzqvy43!19sChIJR4etjExx9l8R3dqVhkmXdtU?authuser=0&hl=ja&rclk=1","上越市","上越市 Web広告運用"
"オフィスジルベルト","http://officegilberto.net/","上越市 大町４丁目４−９","025-525-8704","https://www.google.com/maps/place/%E3%82%AA%E3%83%95%E3%82%A3%E3%82%B9%E3%82%B8%E3%83%AB%E3%83%99%E3%83%AB%E3%83%88/data=!4m7!3m6!1s0x5ff676d1d00e7539:0x226aeaed11e13e2c!8m2!3d37.1139821!4d138.2458886!16s%2Fg%2F1tdds111!19sChIJOXUO0NF29l8RLD7hEe3qaiI?authuser=0&hl=ja&rclk=1","上越市","上越市 Web広告運用"
"Len.Design","https://len-design.com/","","080-1207-9026","https://www.google.com/maps/place/Len.Design/data=!4m7!3m6!1s0xfcc674b9b9b86e7:0x21cb2518930a780e!8m2!3d36.8759776!4d138.3340437!16s%2Fg%2F11ntcngp7m!19sChIJ54abm0tnzA8RDngKkxglyyE?authuser=0&hl=ja&rclk=1","上越市","上越市 Web広告運用"
"１００えん代行本店","https://100yen-daikou.jp/","松本市 島立６３８−３","090-5303-2468","https://www.google.com/maps/place/%EF%BC%91%EF%BC%90%EF%BC%90%E3%81%88%E3%82%93%E4%BB%A3%E8%A1%8C%E6%9C%AC%E5%BA%97/data=!4m7!3m6!1s0x601d0f65b590afdb:0x76a190cd4b50ef5a!8m2!3d36.2359136!4d137.9487267!16s%2Fg%2F11x85gn0jx!19sChIJ26-QtWUPHWARWu9QS82QoXY?authuser=0&hl=ja&rclk=1","松本市","松本市 SNS運用代行"
"中信運転代行","https://www.chushin-untendaikou.com/","松本市 野溝東１丁目５−４４","0120-263-290","https://www.google.com/maps/place/%E4%B8%AD%E4%BF%A1%E9%81%8B%E8%BB%A2%E4%BB%A3%E8%A1%8C/data=!4m7!3m6!1s0x601d0fa97a118d01:0x95905fa2d353f0f0!8m2!3d36.201066!4d137.9585653!16s%2Fg%2F1v3khl95!19sChIJAY0ReqkPHWAR8PBT06JfkJU?authuser=0&hl=ja&rclk=1","松本市","松本市 SNS運用代行"
"松本折込広告","http://www.i-shinshu.com/","松本市 城西１丁目２","0263-36-7733","https://www.google.com/maps/place/%E6%9D%BE%E6%9C%AC%E6%8A%98%E8%BE%BC%E5%BA%83%E5%91%8A/data=!4m7!3m6!1s0x601d0e86fdfd03e7:0x4ead21b28442a325!8m2!3d36.2377802!4d137.9638983!16s%2Fg%2F1tfmc9hn!19sChIJ5wP9_YYOHWARJaNChLIhrU4?authuser=0&hl=ja&rclk=1","松本市","松本市 Web広告運用"
"Whisker Design Partners (ウィスカー ) | Webデザイン・グラフィックデザイン・AI","https://www.whisker.design/","富士市 依田橋町１−５ 3F","080-8996-2310","https://www.google.com/maps/place/Whisker+Design+Partners+%28%E3%82%A6%E3%82%A3%E3%82%B9%E3%82%AB%E3%83%BC+%29+%7C+Web%E3%83%87%E3%82%B6%E3%82%A4%E3%83%B3%E3%83%BB%E3%82%B0%E3%83%A9%E3%83%95%E3%82%A3%E3%83%83%E3%82%AF%E3%83%87%E3%82%B6%E3%82%A4%E3%83%B3%E3%83%BBAI/data=!4m7!3m6!1s0x601a2b621fb33101:0x761b8c28426a2dd3!8m2!3d35.1580033!4d138.6965844!16s%2Fg%2F11x_5pkk95!19sChIJATGzH2IrGmAR0y1qQiiMG3Y?authuser=0&hl=ja&rclk=1","富士市","富士市 Web広告運用"
"WEBUNIVERSE","https://webuniverse-design.com/","富士市 永田町１丁目１２８−２","090-6532-4142","https://www.google.com/maps/place/WEBUNIVERSE/data=!4m7!3m6!1s0x8cd9d4aa7057468f:0x894eb51bb2d10f2a!8m2!3d35.1618825!4d138.6736311!16s%2Fg%2F11smjk_wtz!19sChIJj0ZXcKrU2YwRKg_Rshu1Tok?authuser=0&hl=ja&rclk=1","富士市","富士市 Web広告運用"
"ウェブサービス・ディベロップメント","http://wsd.co.jp/","富士市 上横割１８４−３ プラザ横割 ３階 ニュ BC","050-3569-8312","https://www.google.com/maps/place/%E3%82%A6%E3%82%A7%E3%83%96%E3%82%B5%E3%83%BC%E3%83%93%E3%82%B9%E3%83%BB%E3%83%87%E3%82%A3%E3%83%99%E3%83%AD%E3%83%83%E3%83%97%E3%83%A1%E3%83%B3%E3%83%88/data=!4m7!3m6!1s0x6018605d13863b21:0x205b12ef14281e28!8m2!3d35.144146!4d138.6544044!16s%2Fg%2F11f5h8cvt8!19sChIJITuGE11gGGARKB4oFO8SWyA?authuser=0&hl=ja&rclk=1","富士市","富士市 Web広告運用"
"くまふメディア制作事務所","http://kumafu.com/","磐田市 向笠竹之内１２７４−９","0538-86-6386","https://www.google.com/maps/place/%E3%81%8F%E3%81%BE%E3%81%B5%E3%83%A1%E3%83%87%E3%82%A3%E3%82%A2%E5%88%B6%E4%BD%9C%E4%BA%8B%E5%8B%99%E6%89%80/data=!4m7!3m6!1s0x601ae41d0f759b2d:0x243f2bcf8b32fcd6!8m2!3d34.7551417!4d137.8618975!16s%2Fg%2F11gl36dmd_!19sChIJLZt1Dx3kGmAR1vwyi88rPyQ?authuser=0&hl=ja&rclk=1","磐田市","磐田市 Web広告運用"
"ソイソース","http://www.soysource.biz/","磐田市 宮之一色４３７","0538-35-5536","https://www.google.com/maps/place/%E3%82%BD%E3%82%A4%E3%82%BD%E3%83%BC%E3%82%B9/data=!4m7!3m6!1s0x601ae6912da6b58d:0xacdb10cc305ae4c6!8m2!3d34.7180598!4d137.8298494!16s%2Fg%2F12vs1ywyj!19sChIJjbWmLZHmGmARxuRaMMwQ26w?authuser=0&hl=ja&rclk=1","磐田市","磐田市 Web広告運用"
"大進堂","https://taishindo.co.jp/","磐田市 岩井２２９５","0538-32-9165","https://www.google.com/maps/place/%E5%A4%A7%E9%80%B2%E5%A0%82/data=!4m7!3m6!1s0x601ae458e8a55d33:0x643a2edd2c3c7c65!8m2!3d34.7382498!4d137.8804449!16s%2Fg%2F1td0sy_0!19sChIJM12l6FjkGmARZXw8LN0uOmQ?authuser=0&hl=ja&rclk=1","磐田市","磐田市 Web広告運用"
"株式会社ogawa.","https://www.ogawa-cnct.com/","磐田市 080-5117-1286","080-5117-1286","https://www.google.com/maps/place/%E6%A0%AA%E5%BC%8F%E4%BC%9A%E7%A4%BEogawa./data=!4m7!3m6!1s0xa15bd168e25f1231:0xfa67269192e81554!8m2!3d32.9998961!4d138.4293072!16s%2Fg%2F11msb8b2m2!19sChIJMRJf4mjRW6ERVBXokpEmZ_o?authuser=0&hl=ja&rclk=1","磐田市","磐田市 Web広告運用"
"オレンジ運転代行","https://www.orangedesignateddriverservice.com/","春日井市 東野町５丁目12番地12","0568-50-2670","https://www.google.com/maps/place/%E3%82%AA%E3%83%AC%E3%83%B3%E3%82%B8%E9%81%8B%E8%BB%A2%E4%BB%A3%E8%A1%8C/data=!4m7!3m6!1s0x60036d15712425df:0xfce4c5bb5a63711b!8m2!3d35.2677653!4d136.9892341!16s%2Fg%2F11fs4_yzb_!19sChIJ3yUkcRVtA2ARG3FjWrvF5Pw?authuser=0&hl=ja&rclk=1","春日井市","春日井市 SNS運用代行"
"㈱Rec","https://rec-inc.net/","春日井市 八田町１丁目3−４","0568-37-4407","https://www.google.com/maps/place/%E3%88%B1Rec/data=!4m7!3m6!1s0x600373b487274543:0xfb63648f1ec8925c!8m2!3d35.2506637!4d136.9680772!16s%2Fg%2F11ptkq15qx!19sChIJQ0Unh7RzA2ARXJLIHo9kY_s?authuser=0&hl=ja&rclk=1","春日井市","春日井市 Web広告運用"
"㈱パッコム","http://www.paccom.co.jp/company.html","小牧市 池之内２９１５","0568-79-5007","https://www.google.com/maps/place/%E3%88%B1%E3%83%91%E3%83%83%E3%82%B3%E3%83%A0/data=!4m7!3m6!1s0x600372ac216b33b1:0x4b98fdaccd097d3c!8m2!3d35.3070238!4d136.9742182!16s%2Fg%2F1tcvp5wm!19sChIJsTNrIaxyA2ARPH0Jzaz9mEs?authuser=0&hl=ja&rclk=1","小牧市","小牧市 Web広告運用"
"㈱中日PRセンター","http://www.q-green.jp/","小牧市 外堀１丁目１４０","0568-72-3371","https://www.google.com/maps/place/%E3%88%B1%E4%B8%AD%E6%97%A5PR%E3%82%BB%E3%83%B3%E3%82%BF%E3%83%BC/data=!4m7!3m6!1s0x6003734dd0c52173:0xc4ceca0d9c046472!8m2!3d35.280828!4d136.91446!16s%2Fg%2F1tgcm6q4!19sChIJcyHF0E1zA2ARcmQEnA3KzsQ?authuser=0&hl=ja&rclk=1","小牧市","小牧市 Web広告運用"
"刈谷代行","https://daikonavi.com/aichi/t012158/","刈谷市 若松町３丁目9番地 YFBLD3階","070-2164-7000","https://www.google.com/maps/place/%E5%88%88%E8%B0%B7%E4%BB%A3%E8%A1%8C/data=!4m7!3m6!1s0x60049dcf3c96849b:0xb274dd5b264c965!8m2!3d34.9877214!4d137.0070004!16s%2Fg%2F11n0dvwnzf!19sChIJm4SWPM-dBGARZclkstVNJws?authuser=0&hl=ja&rclk=1","刈谷市","刈谷市 SNS運用代行"
"キャッチネットワーク","https://www.katch.co.jp/","刈谷市 野田町大ヒゴ１−１","0566-27-2112","https://www.google.com/maps/place/%E3%82%AD%E3%83%A3%E3%83%83%E3%83%81%E3%83%8D%E3%83%83%E3%83%88%E3%83%AF%E3%83%BC%E3%82%AF/data=!4m7!3m6!1s0x60049b789d8843eb:0xe7eefba5ebd0de7c!8m2!3d34.9614949!4d137.0393243!16s%2Fg%2F11j7g06xl1!19sChIJ60OInXibBGARfN7Q66X77uc?authuser=0&hl=ja&rclk=1","刈谷市","刈谷市 Web広告運用"
"フリーサイズ","https://freesides.com/","刈谷市 野田町大脇道２４−１","0566-29-0917","https://www.google.com/maps/place/%E3%83%95%E3%83%AA%E3%83%BC%E3%82%B5%E3%82%A4%E3%82%BA/data=!4m7!3m6!1s0x60049c77b2ef2c19:0xf10718c3ad11a7f8!8m2!3d34.9783687!4d137.0313747!16s%2Fg%2F1tsr34k8!19sChIJGSzvsnecBGAR-KcRrcMYB_E?authuser=0&hl=ja&rclk=1","刈谷市","刈谷市 Web広告運用"
"プランエイチ㈱","https://plan-h.info/","刈谷市 幸町３丁目２−６","0566-78-3276","https://www.google.com/maps/place/%E3%83%97%E3%83%A9%E3%83%B3%E3%82%A8%E3%82%A4%E3%83%81%E3%88%B1/data=!4m7!3m6!1s0x60049bfcc6dc5839:0x416b36d933f00917!8m2!3d34.9959339!4d137.0165284!16s%2Fg%2F1tdb46x1!19sChIJOVjcxvybBGARFwnwM9k2a0E?authuser=0&hl=ja&rclk=1","刈谷市","刈谷市 Web広告運用"
"株式会社カンドタカメ","https://www.candotakeme.com/","安城市 三河安城南町１丁目15−８ サンテラス三河安城 6F","050-1808-8619","https://www.google.com/maps/place/%E6%A0%AA%E5%BC%8F%E4%BC%9A%E7%A4%BE%E3%82%AB%E3%83%B3%E3%83%89%E3%82%BF%E3%82%AB%E3%83%A1/data=!4m7!3m6!1s0x600499b066069861:0x37af47e9c782c458!8m2!3d34.9661675!4d137.0601357!16s%2Fg%2F11m6tqynxv!19sChIJYZgGZrCZBGARWMSCx-lHrzc?authuser=0&hl=ja&rclk=1","安城市","安城市 Web広告運用"
"シティタワー","http://www.citytower.jp/","安城市 三河安城南町１丁目１５−１０","0566-73-9339","https://www.google.com/maps/place/%E3%82%B7%E3%83%86%E3%82%A3%E3%82%BF%E3%83%AF%E3%83%BC/data=!4m7!3m6!1s0x6004996226376e8f:0x8f9c7387aad82825!8m2!3d34.9665532!4d137.0600886!16s%2Fg%2F11b6dfwd99!19sChIJj243JmKZBGARJSjYqodznI8?authuser=0&hl=ja&rclk=1","安城市","安城市 Web広告運用"
"Office K-3","http://k-3.jp/","安城市 三河安城本町２丁目１−１０ KAGAYAKI SQUARE 514","","https://www.google.com/maps/place/Office+K-3/data=!4m7!3m6!1s0x60049bdf88f2883b:0x72e01ead87aefdce!8m2!3d34.9679558!4d137.0594072!16s%2Fg%2F11jyg658_p!19sChIJO4jyiN-bBGARzv2uh60e4HI?authuser=0&hl=ja&rclk=1","安城市","安城市 Web広告運用"
"WEBLIC LLC","https://www.weblic.co.jp/","安城市 新田町郷西１３２","","https://www.google.com/maps/place/WEBLIC+LLC/data=!4m7!3m6!1s0x600370cbe2fa59df:0x3d8a7ce4e22ff5fd!8m2!3d34.9630541!4d137.0934557!16s%2Fg%2F12628vq99!19sChIJ31n64stwA2AR_fUv4uR8ij0?authuser=0&hl=ja&rclk=1","安城市","安城市 Web広告運用"
"Web Solutions Japan","http://www.websolutions.jp/","鈴鹿市 神戸８丁目２−２１","080-4223-4683","https://www.google.com/maps/place/Web+Solutions+Japan/data=!4m7!3m6!1s0x60040d73b6408a07:0xe53064d806788cf5!8m2!3d34.8845456!4d136.5816297!16s%2Fg%2F11pc45y78k!19sChIJB4pAtnMNBGAR9Yx4BthkMOU?authuser=0&hl=ja&rclk=1","鈴鹿市","鈴鹿市 Web広告運用"
"ザ・ビッグエクストラ 鈴鹿玉垣店","https://www.aeon.com/store/%E3%82%B6%E3%83%BB%E3%83%93%E3%83%83%E3%82%B0/%E3%82%B6%E3%83%BB%E3%83%93%E3%83%83%E3%82%B0%E3%82%A8%E3%82%AF%E3%82%B9%E3%83%88%E3%83%A9%E9%88%B4%E9%B9%BF%E7%8E%89%E5%9E%A3%E5%BA%97/","鈴鹿市 南玉垣町５５２０−１０６","059-381-5570","https://www.google.com/maps/place/%E3%82%B6%E3%83%BB%E3%83%93%E3%83%83%E3%82%B0%E3%82%A8%E3%82%AF%E3%82%B9%E3%83%88%E3%83%A9+%E9%88%B4%E9%B9%BF%E7%8E%89%E5%9E%A3%E5%BA%97/data=!4m7!3m6!1s0x60038a0f7099aeeb:0x483b06756217bbb8!8m2!3d34.8579692!4d136.5827719!16s%2Fg%2F11c1_vdf_n!19sChIJ666ZcA-KA2ARuLsXYnUGO0g?authuser=0&hl=ja&rclk=1","鈴鹿市","鈴鹿市 Web広告運用"
"株式会社オフィスワイズ","https://ys-japan.com/","草津市 草津町１５１４−１","077-569-0288","https://www.google.com/maps/place/%E6%A0%AA%E5%BC%8F%E4%BC%9A%E7%A4%BE%E3%82%AA%E3%83%95%E3%82%A3%E3%82%B9%E3%83%AF%E3%82%A4%E3%82%BA/data=!4m7!3m6!1s0x6001724ecb39e13f:0xb644aea6fefa0b0b!8m2!3d35.0188736!4d135.9479987!16s%2Fg%2F1tlbtmxq!19sChIJP-E5y05yAWARCwv6_qauRLY?authuser=0&hl=ja&rclk=1","草津市","草津市 Web広告運用"
"TSUNAGU MARKETING","https://tsunagumarketing.com/","草津市 南笠東２丁目６−１６ cozy court 南笠 東 2F C","","https://www.google.com/maps/place/TSUNAGU+MARKETING/data=!4m7!3m6!1s0x600173206a92be8f:0xc8b7289f846a1e74!8m2!3d34.9941315!4d135.9403172!16s%2Fg%2F11ykl9lvqn!19sChIJj76SaiBzAWARdB5qhJ8ot8g?authuser=0&hl=ja&rclk=1","草津市","草津市 Web広告運用"
"株式会社エヌイーエフ","http://nef.co.jp/","草津市 野路２丁目２０−８","077-575-1551","https://www.google.com/maps/place/%E6%A0%AA%E5%BC%8F%E4%BC%9A%E7%A4%BE%E3%82%A8%E3%83%8C%E3%82%A4%E3%83%BC%E3%82%A8%E3%83%95/data=!4m7!3m6!1s0x60016d874b0bffff:0xa8886b38aee3b315!8m2!3d35.0001993!4d135.9468618!16s%2Fg%2F11f24wv35d!19sChIJ__8LS4dtAWARFbPjrjhriKg?authuser=0&hl=ja&rclk=1","草津市","草津市 Web広告運用"
"株式会社ビジネスストーリークリエイト","https://www.yc-orikomi.com/","草津市 南笠東２丁目７−７ YKSビル 202","077-563-2986","https://www.google.com/maps/place/%E6%A0%AA%E5%BC%8F%E4%BC%9A%E7%A4%BE%E3%83%93%E3%82%B8%E3%83%8D%E3%82%B9%E3%82%B9%E3%83%88%E3%83%BC%E3%83%AA%E3%83%BC%E3%82%AF%E3%83%AA%E3%82%A8%E3%82%A4%E3%83%88/data=!4m7!3m6!1s0x600173ae7e2b8527:0xe9af6d395fcf8a41!8m2!3d34.9939374!4d135.9400611!16s%2Fg%2F11y4b8hn1s!19sChIJJ4Urfq5zAWARQYrPXzltr-k?authuser=0&hl=ja&rclk=1","草津市","草津市 Web広告運用"
"あさらぼ｜ASA lab.","https://www.asalab-web.com/","","","https://www.google.com/maps/place/%E3%81%82%E3%81%95%E3%82%89%E3%81%BC%EF%BD%9CASA+lab./data=!4m7!3m6!1s0x61afc89f7594aef:0x24273018ff1867b4!8m2!3d34.6614336!4d135.4192968!16s%2Fg%2F11shd8f3b9!19sChIJ70pZ94n8GgYRtGcY_xgwJyQ?authuser=0&hl=ja&rclk=1","枚方市","枚方市 Web広告運用"
"OFFICEHIGHLIFE Inc.","https://www.officehighlife.jp/","茨木市 西駅前町１３−２１ 3F","072-665-8821","https://www.google.com/maps/place/OFFICEHIGHLIFE+Inc./data=!4m7!3m6!1s0x6000e32b652a152d:0xe1b72f88d55ed7c7!8m2!3d34.8156308!4d135.5586594!16s%2Fg%2F1thztprz!19sChIJLRUqZSvjAGARx9de1Ygvt-E?authuser=0&hl=ja&rclk=1","茨木市","茨木市 Web広告運用"
"大阪の個人ホームページ制作ひつじウェブ","https://sheep-w.com/","","","https://www.google.com/maps/place/%E5%A4%A7%E9%98%AA%E3%81%AE%E5%80%8B%E4%BA%BA%E3%83%9B%E3%83%BC%E3%83%A0%E3%83%9A%E3%83%BC%E3%82%B8%E5%88%B6%E4%BD%9C%E3%81%B2%E3%81%A4%E3%81%98%E3%82%A6%E3%82%A7%E3%83%96/data=!4m7!3m6!1s0x22abcc3d7319dc91:0xc7dc271808b879ad!8m2!3d34.6614336!4d135.4192968!16s%2Fg%2F11xp4155gx!19sChIJkdwZcz3MqyIRrXm4CBgn3Mc?authuser=0&hl=ja&rclk=1","茨木市","茨木市 Web広告運用"
"＋GREEN","https://plusgreen.group/","東大阪市 070-9456-6567","070-9456-6567","https://www.google.com/maps/place/%EF%BC%8BGREEN/data=!4m7!3m6!1s0x6000e11c212a62ed:0xf96238af50282602!8m2!3d34.6614336!4d135.4192968!16s%2Fg%2F11rpd9fwfg!19sChIJ7WIqIRzhAGARAiYoUK84Yvk?authuser=0&hl=ja&rclk=1","東大阪市","東大阪市 Web広告運用"
"株式会社J-MEDIA(ジェイメディア)","https://www.jmedia.biz/","東大阪市 花園西町２丁目７−２９","072-942-4467","https://www.google.com/maps/place/%E6%A0%AA%E5%BC%8F%E4%BC%9A%E7%A4%BEJ-MEDIA%28%E3%82%B8%E3%82%A7%E3%82%A4%E3%83%A1%E3%83%87%E3%82%A3%E3%82%A2%29/data=!4m7!3m6!1s0x6000e6e29241349b:0xd845a7b0ca1be921!8m2!3d34.6577091!4d135.6161051!16s%2Fg%2F12xqqrkbk!19sChIJmzRBkuLmAGARIekbyrCnRdg?authuser=0&hl=ja&rclk=1","東大阪市","東大阪市 Web広告運用"
"本氣メディア株式会社","http://maji.tv/","東大阪市 東淡路４丁目３０−２ イーズメディテラスⅡ 5F","0120-539-501","https://www.google.com/maps/place/%E6%9C%AC%E6%B0%A3%E3%83%A1%E3%83%87%E3%82%A3%E3%82%A2%E6%A0%AA%E5%BC%8F%E4%BC%9A%E7%A4%BE/data=!4m7!3m6!1s0x6000e3f28d1b998b:0xc7e0737115a37716!8m2!3d34.7394127!4d135.5185283!16s%2Fg%2F1tfnswyx!19sChIJi5kbjfLjAGARFnejFXFz4Mc?authuser=0&hl=ja&rclk=1","東大阪市","東大阪市 Web広告運用"
"hope webdesign","https://hope-webdesign.com/","姫路市 080-4499-7760","080-4499-7760","https://www.google.com/maps/place/hope+webdesign/data=!4m7!3m6!1s0x8b3ca9f0c816c177:0x794eb6f5b9e2e3c1!8m2!3d34.8436733!4d134.61785!16s%2Fg%2F11vwm50z94!19sChIJd8EWyPCpPIsRwePiufW2Tnk?authuser=0&hl=ja&rclk=1","姫路市","姫路市 Web広告運用"
"エアライフ","https://airlife-lab.com/","姫路市 本町１２７ 大手前ダイネンBLD.II 3 階","090-1959-8394","https://www.google.com/maps/place/%E3%82%A8%E3%82%A2%E3%83%A9%E3%82%A4%E3%83%95/data=!4m7!3m6!1s0x3554e1e764c5630b:0xbed81e6375b375a9!8m2!3d34.8325074!4d134.6915497!16s%2Fg%2F11yf2770fv!19sChIJC2PFZOfhVDURqXWzdWMe2L4?authuser=0&hl=ja&rclk=1","姫路市","姫路市 Web広告運用"
"株式会社未来絵","https://milaie.com/","西宮市 笠屋町１０−２７","0798-31-2561","https://www.google.com/maps/place/%E6%A0%AA%E5%BC%8F%E4%BC%9A%E7%A4%BE%E6%9C%AA%E6%9D%A5%E7%B5%B5/data=!4m7!3m6!1s0x6000ee7541d3ffff:0xa79939c654e5d536!8m2!3d34.7140337!4d135.3755464!16s%2Fg%2F11hzjwx67m!19sChIJ___TQXXuAGARNtXlVMY5mac?authuser=0&hl=ja&rclk=1","西宮市","西宮市 Web広告運用"
"株式会社 夢現","http://yumegen.com/","西宮市 南昭和町９−１４","0798-78-3434","https://www.google.com/maps/place/%E6%A0%AA%E5%BC%8F%E4%BC%9A%E7%A4%BE+%E5%A4%A2%E7%8F%BE/data=!4m7!3m6!1s0x6000f211379c80b5:0x6170fcaabab6dbe2!8m2!3d34.7474121!4d135.3542137!16s%2Fg%2F1td32ynm!19sChIJtYCcNxHyAGAR4tu2uqr8cGE?authuser=0&hl=ja&rclk=1","西宮市","西宮市 Web広告運用"
"堂島広告","https://dojima.net/","西宮市 小松南町１丁目６−１２ 前林ビル","0798-48-8757","https://www.google.com/maps/place/%E5%A0%82%E5%B3%B6%E5%BA%83%E5%91%8A/data=!4m7!3m6!1s0x6000ee0c3f2c0001:0x323c815627dea048!8m2!3d34.7209534!4d135.3806895!16s%2Fg%2F11c0tk2b_z!19sChIJAQAsPwzuAGARSKDeJ1aBPDI?authuser=0&hl=ja&rclk=1","西宮市","西宮市 Web広告運用"
"有限会社ふぁいと（求人のふぁいと）","https://www.fight117.co.jp/","西宮市 高座町１４−１２","0798-73-2255","https://www.google.com/maps/place/%E6%9C%89%E9%99%90%E4%BC%9A%E7%A4%BE%E3%81%B5%E3%81%81%E3%81%84%E3%81%A8%EF%BC%88%E6%B1%82%E4%BA%BA%E3%81%AE%E3%81%B5%E3%81%81%E3%81%84%E3%81%A8%EF%BC%89/data=!4m7!3m6!1s0x6000f3acb2625195:0x955bc22d24075d25!8m2!3d34.7531089!4d135.3422494!16s%2Fg%2F11h5jvmnph!19sChIJlVFisqzzAGARJV0HJC3CW5U?authuser=0&hl=ja&rclk=1","西宮市","西宮市 Web広告運用"
"MEOドクター","https://www.doctormeo.com/","西宮市 今津久寿川町６−１７ 202","080-7318-3205","https://www.google.com/maps/place/MEO%E3%83%89%E3%82%AF%E3%82%BF%E3%83%BC/data=!4m7!3m6!1s0x6000e70cb2616ed3:0xf943a10391124b5a!8m2!3d34.724248!4d135.3560216!16s%2Fg%2F11f782tl5g!19sChIJ025hsgznAGARWksSkQOhQ_k?authuser=0&hl=ja&rclk=1","西宮市","西宮市 Web広告運用"
"DKデジタルマーケティング","https://dk-digital.jp/","尼崎市 080-6369-0144","080-6369-0144","https://www.google.com/maps/place/DK%E3%83%87%E3%82%B8%E3%82%BF%E3%83%AB%E3%83%9E%E3%83%BC%E3%82%B1%E3%83%86%E3%82%A3%E3%83%B3%E3%82%B0/data=!4m7!3m6!1s0x8390b2bc0a2ea195:0x8aac8da7926a9f78!8m2!3d25.6270567!4d125.6732708!16s%2Fg%2F11pzd_cscz!19sChIJlaEuCryykIMReJ9qkqeNrIo?authuser=0&hl=ja&rclk=1","尼崎市","尼崎市 Web広告運用"
"イーケーサプライズ","http://eksurprise.com/","尼崎市 南武庫之荘３丁目１０−２２−４０１","06-6435-8482","https://www.google.com/maps/place/%E3%82%A4%E3%83%BC%E3%82%B1%E3%83%BC%E3%82%B5%E3%83%97%E3%83%A9%E3%82%A4%E3%82%BA/data=!4m7!3m6!1s0x6000f1dc4b8c6939:0x72555b11efeaac46!8m2!3d34.7480758!4d135.395916!16s%2Fg%2F11h3dhvh0_!19sChIJOWmMS9zxAGARRqzq7xFbVXI?authuser=0&hl=ja&rclk=1","尼崎市","尼崎市 Web広告運用"
"株式会社大和企画","http://www.daiwakikaku.com/","尼崎市 東園田町９丁目１５−４","06-6352-6225","https://www.google.com/maps/place/%EF%BC%88%E6%A0%AA%EF%BC%89%E5%A4%A7%E5%92%8C%E4%BC%81%E7%94%BB/data=!4m7!3m6!1s0x6000eff44eb33675:0x3267dcd166f486e4!8m2!3d34.7511912!4d135.44731!16s%2Fg%2F11h_rcxcpl!19sChIJdTazTvTvAGAR5Ib0ZtHcZzI?authuser=0&hl=ja&rclk=1","尼崎市","尼崎市 Web広告運用"
"MOBO株式会社","http://mo-bo.co.jp/","明石市 ３７９１−３２ 2, 朝霧南町","090-6977-0505","https://www.google.com/maps/place/MOBO%E6%A0%AA%E5%BC%8F%E4%BC%9A%E7%A4%BE/data=!4m7!3m6!1s0x6000818d4d92b0a1:0xe373e5a2b20cf41f!8m2!3d34.6463795!4d135.0189906!16s%2Fg%2F11cm0g6xyn!19sChIJobCSTY2BAGARH_QMsqLlc-M?authuser=0&hl=ja&rclk=1","明石市","明石市 Web広告運用"
"Lync-CMS","https://lync-cms.com/","明石市 本町１丁目２−３３ 興生ビル ４Ｆ","070-5652-2887","https://www.google.com/maps/place/Lync-CMS/data=!4m7!3m6!1s0x3554d43c8180022d:0xeef6b64239b3f03a!8m2!3d34.6474121!4d134.991967!16s%2Fg%2F1th54t_1!19sChIJLQKAgTzUVDUROvCzOUK29u4?authuser=0&hl=ja&rclk=1","明石市","明石市 Web広告運用"
"ハンドクラップ","https://handclap.info/","明石市 大久保町大窪１０８５−３","078-779-8208","https://www.google.com/maps/place/%E3%83%8F%E3%83%B3%E3%83%89%E3%82%AF%E3%83%A9%E3%83%83%E3%83%97/data=!4m7!3m6!1s0x3554d449fcb128ed:0xb74f3780e5f44044!8m2!3d34.6857265!4d134.9442682!16s%2Fg%2F11h1pw03jy!19sChIJ7Six_EnUVDURRED05YA3T7c?authuser=0&hl=ja&rclk=1","明石市","明石市 Web広告運用"
"いいオフィス明石 AreaDrive","https://office.areadrive.com/","明石市 本町１丁目２−３３ 興生ビル ４Ｆ","070-5652-2887","https://www.google.com/maps/place/%E3%81%84%E3%81%84%E3%82%AA%E3%83%95%E3%82%A3%E3%82%B9%E6%98%8E%E7%9F%B3+AreaDrive/data=!4m7!3m6!1s0x3554d4b7156859c9:0x5962f32b8f5b2c50!8m2!3d34.6474121!4d134.991967!16s%2Fg%2F11c5427jz0!19sChIJyVloFbfUVDURUCxbjyvzYlk?authuser=0&hl=ja&rclk=1","明石市","明石市 Web広告運用"
"有限会社米子広告センター","http://yonakou.web.fc2.com/","米子市 両三柳３４０−２","0859-29-2121","https://www.google.com/maps/place/%EF%BC%88%E6%9C%89%EF%BC%89%E7%B1%B3%E5%AD%90%E5%BA%83%E5%91%8A%E3%82%BB%E3%83%B3%E3%82%BF%E3%83%BC/data=!4m7!3m6!1s0x3556f8192c2dff31:0x3cf30b8ac76450de!8m2!3d35.450272!4d133.324361!16s%2Fg%2F1tfml6v2!19sChIJMf8tLBn4VjUR3lBkx4oL8zw?authuser=0&hl=ja&rclk=1","米子市","米子市 Web広告運用"
"株式会社バリューエージェンシー","https://www.v-agency.co.jp/","出雲市 浜町３３３−３","0853-21-0022","https://www.google.com/maps/place/%E6%A0%AA%E5%BC%8F%E4%BC%9A%E7%A4%BE%E3%83%90%E3%83%AA%E3%83%A5%E3%83%BC%E3%82%A8%E3%83%BC%E3%82%B8%E3%82%A7%E3%83%B3%E3%82%B7%E3%83%BC/data=!4m7!3m6!1s0x35574359fb30ffc1:0x263f9b5c583452bd!8m2!3d35.3783024!4d132.7177592!16s%2Fg%2F1hc5812gp!19sChIJwf8w-1lDVzURvVI0WFybPyY?authuser=0&hl=ja&rclk=1","出雲市","出雲市 Web広告運用"
"有限会社ネットワーク作州","https://sakushu.co.jp/","津山市 上横野４７１２−１","0868-27-7377","https://www.google.com/maps/place/%28%E6%9C%89%29%E3%83%8D%E3%83%83%E3%83%88%E3%83%AF%E3%83%BC%E3%82%AF%E4%BD%9C%E5%B7%9E/data=!4m7!3m6!1s0x3554304f6162d903:0xadd33fe79f9e8514!8m2!3d35.1162257!4d134.0100768!16s%2Fg%2F1th6bnsl!19sChIJA9liYU8wVDURFIWen-c_060?authuser=0&hl=ja&rclk=1","津山市","津山市 Web広告運用"
"こころ広告社","http://www.kokoro-ad.jp/","東広島市 西大沢１丁目１５−２０","082-426-3111","https://www.google.com/maps/place/%E3%81%93%E3%81%93%E3%82%8D%E5%BA%83%E5%91%8A%E7%A4%BE/data=!4m7!3m6!1s0x35506e14df923c43:0xc2f6c2a497fa3ee6!8m2!3d34.3738218!4d132.7261146!16s%2Fg%2F11b5phpbt3!19sChIJQzyS3xRuUDUR5j76l6TC9sI?authuser=0&hl=ja&rclk=1","東広島市","東広島市 Web広告運用"
"株式会社アンネイムド 尾道事務所","https://unnamed.co.jp/","尾道市 門田町１８−２８","0848-38-1465","https://www.google.com/maps/place/%E6%A0%AA%E5%BC%8F%E4%BC%9A%E7%A4%BE%E3%82%A2%E3%83%B3%E3%83%8D%E3%82%A4%E3%83%A0%E3%83%89+%E5%B0%BE%E9%81%93%E4%BA%8B%E5%8B%99%E6%89%80/data=!4m7!3m6!1s0x3551013bab49891f:0x942352dbec2c55e8!8m2!3d34.4199732!4d133.1837654!16s%2Fg%2F11fslmw5mk!19sChIJH4lJqzsBUTUR6FUs7NtSI5Q?authuser=0&hl=ja&rclk=1","尾道市","尾道市 Web広告運用"
"株式会社ワイズオフィス","http://www.ysoffice.net/company.html","周南市 二番町３丁目１５","0834-21-5588","https://www.google.com/maps/place/%EF%BC%88%E6%A0%AA%EF%BC%89%E3%83%AF%E3%82%A4%E3%82%BA%E3%82%AA%E3%83%95%E3%82%A3%E3%82%B9/data=!4m7!3m6!1s0x3544e71a652cc537:0x56c81d7543d8e91!8m2!3d34.05708!4d131.813363!16s%2Fg%2F1tc_z8bd!19sChIJN8UsZRrnRDURkY49VNeBbAU?authuser=0&hl=ja&rclk=1","周南市","周南市 Web広告運用"
"株式会社ＫＲＹプロモーション","https://kry.co.jp/other/k_pro/","周南市 0834-22-9211","0834-22-9211","https://www.google.com/maps/place/%EF%BC%88%E6%A0%AA%EF%BC%89%EF%BC%AB%EF%BC%B2%EF%BC%B9%E3%83%97%E3%83%AD%E3%83%A2%E3%83%BC%E3%82%B7%E3%83%A7%E3%83%B3/data=!4m7!3m6!1s0x3544e713717f1eb3:0x17e2f5810973ba91!8m2!3d34.0625585!4d131.8142522!16s%2Fg%2F1tzzs95h!19sChIJsx5_cRPnRDURkbpzCYH14hc?authuser=0&hl=ja&rclk=1","周南市","周南市 Web広告運用"
"広告会社ナレーション","https://narrations.jp/","新居浜市 中村４丁目１７−２７","0897-47-0100","https://www.google.com/maps/place/%E5%BA%83%E5%91%8A%E4%BC%9A%E7%A4%BE%E3%83%8A%E3%83%AC%E3%83%BC%E3%82%B7%E3%83%A7%E3%83%B3/data=!4m7!3m6!1s0x3551ce4dca45235b:0x61413449bd1735c2!8m2!3d33.921958!4d133.287114!16s%2Fg%2F1th1rwf_!19sChIJWyNFyk3OUTURwjUXvUk0QWE?authuser=0&hl=ja&rclk=1","新居浜市","新居浜市 Web広告運用"
"東田印刷株式会社","http://www.higasidainsatu.jp/","新居浜市 北新町２−２７","0897-34-5656","https://www.google.com/maps/place/%E6%9D%B1%E7%94%B0%E5%8D%B0%E5%88%B7%E6%A0%AA%E5%BC%8F%E4%BC%9A%E7%A4%BE/data=!4m7!3m6!1s0x3551cec0f2c7d3bb:0xb8c24797593d6014!8m2!3d33.9602049!4d133.2724916!16s%2Fg%2F1tfjcc7l!19sChIJu9PH8sDOUTURFGA9WZdHwrg?authuser=0&hl=ja&rclk=1","新居浜市","新居浜市 Web広告運用"
"株式会社ひとぼし","https://hitoboshi.co.jp/","飯塚市 多田２７５−１２","0948-31-1565","https://www.google.com/maps/place/%E6%A0%AA%E5%BC%8F%E4%BC%9A%E7%A4%BE%E3%81%B2%E3%81%A8%E3%81%BC%E3%81%97/data=!4m7!3m6!1s0x3543d5841489732d:0x9e44555eebef351b!8m2!3d33.6449958!4d130.7359771!16s%2Fg%2F1thc_lx5!19sChIJLXOJFITVQzURGzXv615VRJ4?authuser=0&hl=ja&rclk=1","飯塚市","飯塚市 Web広告運用"
"GREEN","http://green-cr.net/","飯塚市 横田６６９−８７","","https://www.google.com/maps/place/GREEN/data=!4m7!3m6!1s0x35417fc76ae26765:0xd045ef95c11ae8ce!8m2!3d33.6449403!4d130.6614859!16s%2Fg%2F11vdg5ys24!19sChIJZWfiasd_QTURzugawZXvRdA?authuser=0&hl=ja&rclk=1","飯塚市","飯塚市 Web広告運用"
"有限会社うえすぎ折込広告社","https://uesugi-ad.com/","諫早市 永昌町９−５","0957-25-5222","https://www.google.com/maps/place/%28%E6%9C%89%29%E3%81%86%E3%81%88%E3%81%99%E3%81%8E%E6%8A%98%E8%BE%BC%E5%BA%83%E5%91%8A%E7%A4%BE/data=!4m7!3m6!1s0x35400335261fce7b:0x25c111171a056ffc!8m2!3d32.850604!4d130.040454!16s%2Fg%2F11btrqz1zl!19sChIJe84fJjUDQDUR_G8FGhcRwSU?authuser=0&hl=ja&rclk=1","諫早市","諫早市 Web広告運用"
"有限会社アクセスメディア","http://access-media.co.jp/","諫早市 城見町２３−２５","0957-27-0139","https://www.google.com/maps/place/%28%E6%9C%89%29%E3%82%A2%E3%82%AF%E3%82%BB%E3%82%B9%E3%83%A1%E3%83%87%E3%82%A3%E3%82%A2/data=!4m7!3m6!1s0x35401cb2d434dafb:0xc606465efee4b994!8m2!3d32.8476095!4d130.0507425!16s%2Fg%2F1tdkpkf9!19sChIJ-9o01LIcQDURlLnk_l5GBsY?authuser=0&hl=ja&rclk=1","諫早市","諫早市 Web広告運用"
"株式会社CONNECT","https://connect095.co.jp/","諫早市 小川町７３−１","0957-56-9355","https://www.google.com/maps/place/%E6%A0%AA%E5%BC%8F%E4%BC%9A%E7%A4%BECONNECT/data=!4m7!3m6!1s0x356aadadd6b186e3:0x98d0a6523326338c!8m2!3d32.8323167!4d130.0561019!16s%2Fg%2F11h1klyhqk!19sChIJ44ax1q2tajURjDMmM1Km0Jg?authuser=0&hl=ja&rclk=1","諫早市","諫早市 Web広告運用"
"ケンナン広告社","http://nice-isahaya.b1388.jp/category/0001933.html","諫早市 福田町６−４５","0957-22-3328","https://www.google.com/maps/place/%E3%82%B1%E3%83%B3%E3%83%8A%E3%83%B3%E5%BA%83%E5%91%8A%E7%A4%BE/data=!4m7!3m6!1s0x35401ca8e68316e9:0xfc5175ffc357dc87!8m2!3d32.8513192!4d130.0597682!16s%2Fg%2F1tknykd1!19sChIJ6RaD5qgcQDURh9xXw_91Ufw?authuser=0&hl=ja&rclk=1","諫早市","諫早市 Web広告運用"
"STFウェブプランニング","http://www.web-stf.jp/","別府市 ４丁目２−１６","0977-25-2299","https://www.google.com/maps/place/STF%E3%82%A6%E3%82%A7%E3%83%96%E3%83%97%E3%83%A9%E3%83%B3%E3%83%8B%E3%83%B3%E3%82%B0/data=!4m7!3m6!1s0x3546a718e10ad13f:0xc8ce1b2b1b166e62!8m2!3d33.29541!4d131.498944!16s%2Fg%2F1tczn4pn!19sChIJP9EK4RinRjURYm4WGysbzsg?authuser=0&hl=ja&rclk=1","別府市","別府市 Web広告運用"
"W3（ワスリー）","https://w3japan2022.studio.site/","別府市 上野口町６−１５ 101","","https://www.google.com/maps/place/W3%EF%BC%88%E3%83%AF%E3%82%B9%E3%83%AA%E3%83%BC%EF%BC%89/data=!4m7!3m6!1s0x3546a726aebc6393:0x72fe5e00c59f498b!8m2!3d33.2854835!4d131.4914939!16s%2Fg%2F11s808gnz5!19sChIJk2O8rianRjURi0mfxQBe_nI?authuser=0&hl=ja&rclk=1","別府市","別府市 Web広告運用"
"フリーランス魂 沖縄/ホームページ制作 WEB集客 マーケティング","https://freelance-tamashii.okinawa/","沖縄市 照屋４丁目７−３２","098-979-5111","https://www.google.com/maps/place/%E3%83%95%E3%83%AA%E3%83%BC%E3%83%A9%E3%83%B3%E3%82%B9%E9%AD%82+%E6%B2%96%E7%B8%84%2F%E3%83%9B%E3%83%BC%E3%83%A0%E3%83%9A%E3%83%BC%E3%82%B8%E5%88%B6%E4%BD%9C+WEB%E9%9B%86%E5%AE%A2+%E3%83%9E%E3%83%BC%E3%82%B1%E3%83%86%E3%82%A3%E3%83%B3%E3%82%B0/data=!4m7!3m6!1s0x8df1dc9d9bb932f9:0xe99b677ca6e4fe32!8m2!3d26.3335733!4d127.8172928!16s%2Fg%2F11jscpyhxg!19sChIJ-TK5m53c8Y0RMv7kpnxnm-k?authuser=0&hl=ja&rclk=1","沖縄市","沖縄市 Web広告運用"
"samurai growth hack","https://samurai-glowthhack.com/","沖縄市 070-4311-8321","070-4311-8321","https://www.google.com/maps/place/samurai+growth+hack/data=!4m7!3m6!1s0x2a5459b2159678a3:0x4dba3dd8abbcb86d!8m2!3d26.3458428!4d127.8577242!16s%2Fg%2F11y12_cns5!19sChIJo3iWFbJZVCoRbbi8q9g9uk0?authuser=0&hl=ja&rclk=1","沖縄市","沖縄市 Web広告運用"
