"company_name","url","address","phone","maps_url","area_hint","query"
"㈱アスタリスク","http://www.ast-risk.net/","旭川市 ８条通８丁目43−５ ８条ビル","0166-24-5155","https://www.google.com/maps/place/%E3%88%B1%E3%82%A2%E3%82%B9%E3%82%BF%E3%83%AA%E3%82%B9%E3%82%AF/data=!4m7!3m6!1s0x5f0ce6730ca9b09f:0xb82ea066f9a6918d!8m2!3d43.7734325!4d142.3637941!16s%2Fg%2F1tdbwk6b!19sChIJn7CpDHPmDF8RjZGm-WagLrg?authuser=0&hl=ja&rclk=1","旭川市","旭川市 SEO対策会社"
"FLOKKA","https://flokka-22.com/","旭川市 台場２条２丁目５ ５番２号","090-7583-4717","https://www.google.com/maps/place/FLOKKA/data=!4m7!3m6!1s0x5f0cef4473b96155:0x4c3c13c5b9469893!8m2!3d43.7681194!4d142.2818807!16s%2Fg%2F11frrg89mj!19sChIJVWG5c0TvDF8Rk5hGucUTPEw?authuser=0&hl=ja&rclk=1","旭川市","旭川市 SEO対策会社"
"岩間創作室","https://iwama-artwork.com/","旭川市 忠和４条４丁目３−３","090-9844-3365","https://www.google.com/maps/place/%E5%B2%A9%E9%96%93%E5%89%B5%E4%BD%9C%E5%AE%A4/data=!4m7!3m6!1s0x83ebcc96a5efc759:0xd1426f29f3efb47c!8m2!3d43.7780831!4d142.3146002!16s%2Fg%2F11lykx_2yz!19sChIJWcfvpZbM64MRfLTv8ylvQtE?authuser=0&hl=ja&rclk=1","旭川市","旭川市 ホームページ集客支援"
"TUKASA企画合同会社","https://tukasa-kikaku.com/","旭川市 神楽岡１４条４丁目３−１０","0166-64-6655","https://www.google.com/maps/place/TUKASA%E4%BC%81%E7%94%BB%E5%90%88%E5%90%8C%E4%BC%9A%E7%A4%BE/data=!4m7!3m6!1s0x5f0ce75b94667a7f:0x5524ab2d40fc707d!8m2!3d43.739587!4d142.3591664!16s%2Fg%2F11pc0s3m1n!19sChIJf3pmlFvnDF8RfXD8QC2rJFU?authuser=0&hl=ja&rclk=1","旭川市","旭川市 ホームページ集客支援"
"マーケティングリサーチ函館","https://mktg-r.com/","函館市 川原町８−１４","090-6693-9726","https://www.google.com/maps/place/%E3%83%9E%E3%83%BC%E3%82%B1%E3%83%86%E3%82%A3%E3%83%B3%E3%82%B0%E3%83%AA%E3%82%B5%E3%83%BC%E3%83%81%E5%87%BD%E9%A4%A8/data=!4m7!3m6!1s0x5f9ef53d7a0049a9:0xc89e21115b992040!8m2!3d41.7937626!4d140.771246!16s%2Fg%2F11jsmpq4j4!19sChIJqUkAej31nl8RQCCZWxEhnsg?authuser=0&hl=ja&rclk=1","函館市","函館市 SEO対策会社"
"㈱スタイルシックス｜STYLE6 Inc.","https://style6.com/","函館市 五稜郭町７−１０","0138-84-6204","https://www.google.com/maps/place/%E3%88%B1%E3%82%B9%E3%82%BF%E3%82%A4%E3%83%AB%E3%82%B7%E3%83%83%E3%82%AF%E3%82%B9%EF%BD%9CSTYLE6+Inc./data=!4m7!3m6!1s0x5f9ef538bd75c2df:0x735c581ee63e6211!8m2!3d41.7944749!4d140.7495123!16s%2Fg%2F11nfw4dmd4!19sChIJ38J1vTj1nl8REWI-5h5YXHM?authuser=0&hl=ja&rclk=1","函館市","函館市 SEO対策会社"
"有限会社リバーマーケティング","https://www.river-m.com/company/","函館市 日乃出町２２−３８","0138-87-2260","https://www.google.com/maps/place/%E6%9C%89%E9%99%90%E4%BC%9A%E7%A4%BE%E3%83%AA%E3%83%90%E3%83%BC%E3%83%9E%E3%83%BC%E3%82%B1%E3%83%86%E3%82%A3%E3%83%B3%E3%82%B0/data=!4m7!3m6!1s0x5f9ef300603b2823:0x4efc0c91e2876647!8m2!3d41.7742903!4d140.7538586!16s%2Fg%2F11ms3kjc7r!19sChIJIyg7YADznl8RR2aH4pEM_E4?authuser=0&hl=ja&rclk=1","函館市","函館市 SEO対策会社"
"パソコンやウェブ周りの函館オンライン秘書「CRAZY OFFICE」","https://mmk0810.com/secretary/","函館市 海岸町5−３−４０２","090-7512-8731","https://www.google.com/maps/place/%E3%83%91%E3%82%BD%E3%82%B3%E3%83%B3%E3%82%84%E3%82%A6%E3%82%A7%E3%83%96%E5%91%A8%E3%82%8A%E3%81%AE%E5%87%BD%E9%A4%A8%E3%82%AA%E3%83%B3%E3%83%A9%E3%82%A4%E3%83%B3%E7%A7%98%E6%9B%B8%E3%80%8CCRAZY+OFFICE%E3%80%8D/data=!4m7!3m6!1s0x5f9ef5b495f465b3:0x555cdd6e232c1cae!8m2!3d41.7791571!4d140.7310324!16s%2Fg%2F11mwm2tv_c!19sChIJs2X0lbT1nl8RrhwsI27dXFU?authuser=0&hl=ja&rclk=1","函館市","函館市 SEO対策会社"
"SEO TOKYO 青森駅前店","https://seo-tokyo.jp/aomori/","青森市 ￥3,000～4,000","017-763-0131","https://www.google.com/maps/place/SEO+TOKYO+%E9%9D%92%E6%A3%AE%E9%A7%85%E5%89%8D%E5%BA%97/data=!4m7!3m6!1s0x5f9b9fe254805e2f:0xb2fe733aa31d67c6!8m2!3d40.8283086!4d140.7356426!16s%2Fg%2F11x03hq272!19sChIJL16AVOKfm18Rxmcdozpz_rI?authuser=0&hl=ja&rclk=1","青森市","青森市 SEO対策会社"
"株式会社ワンクルー","http://one-clue.com/","仙台市 KTビル 4F, ４丁目-５-５ 榴岡","022-742-2033","https://www.google.com/maps/place/%E6%A0%AA%E5%BC%8F%E4%BC%9A%E7%A4%BE%E3%83%AF%E3%83%B3%E3%82%AF%E3%83%AB%E3%83%BC/data=!4m7!3m6!1s0x5f8a2819799c953f:0x3f76e21f328feac4!8m2!3d38.2587611!4d140.8866707!16s%2Fg%2F1ptx6ndbt!19sChIJP5WceRkoil8RxOqPMh_idj8?authuser=0&hl=ja&rclk=1","仙台市","仙台市 SEO対策会社"
"ホームページ制作・仙台ウェブ","https://www.sendai-hp.jp/","仙台市 中央２丁目１１−１９ 仙南ビル 4階 -A","022-725-6404","https://www.google.com/maps/place/%E3%83%9B%E3%83%BC%E3%83%A0%E3%83%9A%E3%83%BC%E3%82%B8%E5%88%B6%E4%BD%9C%E3%83%BB%E4%BB%99%E5%8F%B0%E3%82%A6%E3%82%A7%E3%83%96/data=!4m7!3m6!1s0x5f8981aed8e5c95d:0xdc0a404b90e1f061!8m2!3d38.2626759!4d140.8771183!16s%2Fg%2F11dxm1pq0b!19sChIJXcnl2K6BiV8RYfDhkEtACtw?authuser=0&hl=ja&rclk=1","仙台市","仙台市 SEO対策会社"
"有限会社サイトマネジメント","http://www.e-site.co.jp/","秋田市 広面川崎１３９−３","018-884-6781","https://www.google.com/maps/place/%E6%9C%89%E9%99%90%E4%BC%9A%E7%A4%BE%E3%82%B5%E3%82%A4%E3%83%88%E3%83%9E%E3%83%8D%E3%82%B8%E3%83%A1%E3%83%B3%E3%83%88/data=!4m7!3m6!1s0x5f8fe824279d30c3:0x1b55b334c79b9c0!8m2!3d39.7274506!4d140.1526087!16s%2Fg%2F1tdd52ng!19sChIJwzCdJyToj18RwLl5TDNbtQE?authuser=0&hl=ja&rclk=1","秋田市","秋田市 SEO対策会社"
"イデアデザイン","https://ideadesign.jp/","山形市 鈴川町２丁目３−２４","023-624-5893","https://www.google.com/maps/place/%E3%82%A4%E3%83%87%E3%82%A2%E3%83%87%E3%82%B6%E3%82%A4%E3%83%B3/data=!4m7!3m6!1s0x5f8bb44bf8494421:0x92f373bd5fca0615!8m2!3d38.2680799!4d140.3553951!16s%2Fg%2F1v3drz1d!19sChIJIURJ-Eu0i18RFQbKX71z85I?authuser=0&hl=ja&rclk=1","山形市","山形市 SEO対策会社"
"S.E.Onetop合同会社/S.E.Onetop.LLC","https://se-onetop.com/","山形市 楯岡荒町２丁目１−１ LinkMURAYAMA A305","0237-53-0100","https://www.google.com/maps/place/S.E.Onetop%E5%90%88%E5%90%8C%E4%BC%9A%E7%A4%BE%2FS.E.Onetop.LLC/data=!4m7!3m6!1s0x5f8bdd1d8c304c8b:0x92b35a037c9ed3a2!8m2!3d38.4766104!4d140.3916227!16s%2Fg%2F11h5dm_mc9!19sChIJi0wwjB3di18RotOefANas5I?authuser=0&hl=ja&rclk=1","山形市","山形市 SEO対策会社"
"株式会社パルティード","https://partido.co.jp/","","","https://www.google.com/maps/place/%E6%A0%AA%E5%BC%8F%E4%BC%9A%E7%A4%BE%E3%83%91%E3%83%AB%E3%83%86%E3%82%A3%E3%83%BC%E3%83%89/data=!4m7!3m6!1s0x97d9df6227cf451:0xe49f0311997c7ae6!8m2!3d38.2477838!4d140.3549553!16s%2Fg%2F11msxtc2f5!19sChIJUfR8IvadfQkR5np8mREDn-Q?authuser=0&hl=ja&rclk=1","山形市","山形市 SEO対策会社"
"Y-biz (ワイビズ) | 山形市売上増進支援センター","https://ybiz.jp/","山形市 旅篭町３丁目５−１ 須藤ビル 1階","023-616-7900","https://www.google.com/maps/place/Y-biz+%28%E3%83%AF%E3%82%A4%E3%83%93%E3%82%BA%29+%7C+%E5%B1%B1%E5%BD%A2%E5%B8%82%E5%A3%B2%E4%B8%8A%E5%A2%97%E9%80%B2%E6%94%AF%E6%8F%B4%E3%82%BB%E3%83%B3%E3%82%BF%E3%83%BC/data=!4m7!3m6!1s0x5f8bc95308aa57b9:0xa2f56a80225f1785!8m2!3d38.2558558!4d140.34197!16s%2Fg%2F11h20ml4zv!19sChIJuVeqCFPJi18RhRdfIoBq9aI?authuser=0&hl=ja&rclk=1","山形市","山形市 ホームページ集客支援"
"山形転職","https://yamagata-tenshoku.com/","山形市 松栄１丁目３−８ 産業創造支援センタ","023-644-5015","https://www.google.com/maps/place/%E5%B1%B1%E5%BD%A2%E8%BB%A2%E8%81%B7/data=!4m7!3m6!1s0x5f8bb70b18938573:0x179adfb6cccc75f6!8m2!3d38.2391012!4d140.2973608!16s%2Fg%2F11j8kczjsd!19sChIJc4WTGAu3i18R9nXMzLbfmhc?authuser=0&hl=ja&rclk=1","山形市","山形市 ホームページ集客支援"
"AY-Net","https://ay-net.jp/","福島市 090-9539-5222","090-9539-5222","https://www.google.com/maps/place/AY-Net/data=!4m7!3m6!1s0x5f8a8755f25aa3e3:0x5593074cf1de2e62!8m2!3d37.7374746!4d140.6349843!16s%2Fg%2F11h15wjz5s!19sChIJ46Na8lWHil8RYi7e8UwHk1U?authuser=0&hl=ja&rclk=1","福島市","福島市 SEO対策会社"
"認定NPO法人キャリア・デザイナーズ","https://npocd.jp/","郡山市 昭和ニ丁目２−７ さとうビル ２Ｆ","024-973-5667","https://www.google.com/maps/place/%E8%AA%8D%E5%AE%9ANPO%E6%B3%95%E4%BA%BA%E3%82%AD%E3%83%A3%E3%83%AA%E3%82%A2%E3%83%BB%E3%83%87%E3%82%B6%E3%82%A4%E3%83%8A%E3%83%BC%E3%82%BA/data=!4m7!3m6!1s0x60206b83419a038d:0x963cf9084e00bd8a!8m2!3d37.3874184!4d140.3936408!16s%2Fg%2F1tjhxrys!19sChIJjQOaQYNrIGARir0ATgj5PJY?authuser=0&hl=ja&rclk=1","郡山市","郡山市 ホームページ集客支援"
"新潟SEO情報局","https://niigata-seo.com/","新潟市 竜玄４５１","090-6117-2896","https://www.google.com/maps/place/%E6%96%B0%E6%BD%9FSEO%E6%83%85%E5%A0%B1%E5%B1%80/data=!4m7!3m6!1s0x5ff4dbc3771d96b5:0x33b3c22fa339339e!8m2!3d37.7674578!4d139.090835!16s%2Fg%2F11y2k90cj6!19sChIJtZYdd8Pb9F8RnjM5oy_CszM?authuser=0&hl=ja&rclk=1","新潟市","新潟市 SEO対策会社"
"スティーク株式会社｜新潟のAI・業務システム開発","https://steeq.jp/","新潟市 万代３丁目３−２７ ＤＮビル 2F","025-378-2881","https://www.google.com/maps/place/%E3%82%B9%E3%83%86%E3%82%A3%E3%83%BC%E3%82%AF%E6%A0%AA%E5%BC%8F%E4%BC%9A%E7%A4%BE%EF%BD%9C%E6%96%B0%E6%BD%9F%E3%81%AEAI%E3%83%BB%E6%A5%AD%E5%8B%99%E3%82%B7%E3%82%B9%E3%83%86%E3%83%A0%E9%96%8B%E7%99%BA/data=!4m7!3m6!1s0x5ff4c9e13cf4b6bd:0x6cfaaa5013cd8525!8m2!3d37.9202472!4d139.0565327!16s%2Fg%2F11jcy38sv9!19sChIJvbb0POHJ9F8RJYXNE1Cq-mw?authuser=0&hl=ja&rclk=1","新潟市","新潟市 SEO対策会社"
"Giftation株式会社","https://giftation.jp/","新潟市 本町通７番町１０９８−１ WORKWITH本町","03-4500-8172","https://www.google.com/maps/place/Giftation%E6%A0%AA%E5%BC%8F%E4%BC%9A%E7%A4%BE/data=!4m7!3m6!1s0x5ff4c980f18c9d57:0xfcf1eb64ad7487c7!8m2!3d37.9223348!4d139.0473237!16s%2Fg%2F11lthmftln!19sChIJV52M8YDJ9F8Rx4d0rWTr8fw?authuser=0&hl=ja&rclk=1","新潟市","新潟市 ホームページ集客支援"
"新潟転職Komachi","https://niigata-oshigoto.com/","新潟市 米山４丁目１−２３ 米山Ｎビルディング 3F","","https://www.google.com/maps/place/%E6%96%B0%E6%BD%9F%E8%BB%A2%E8%81%B7Komachi/data=!4m7!3m6!1s0x5ff4c98a7ce7b137:0xa708667eadcfc443!8m2!3d37.9073419!4d139.0585007!16s%2Fg%2F11tr_wnp5j!19sChIJN7HnfIrJ9F8RQ8TPrX5mCKc?authuser=0&hl=ja&rclk=1","新潟市","新潟市 ホームページ集客支援"
"株式会社アスプロ | ASPR","https://www.aspr.co.jp/","長岡市 西千手１丁目１−１ アテンドビル 4F","0800-800-8339","https://www.google.com/maps/place/%E6%A0%AA%E5%BC%8F%E4%BC%9A%E7%A4%BE%E3%82%A2%E3%82%B9%E3%83%97%E3%83%AD+%7C+ASPR/data=!4m7!3m6!1s0x5ff5a91b5e2226ff:0xe608f749ffcbac97!8m2!3d37.4399201!4d138.8421085!16s%2Fg%2F11c6cnw_v9!19sChIJ_yYiXhup9V8Rl6zL_0n3COY?authuser=0&hl=ja&rclk=1","長岡市","長岡市 SEO対策会社"
"CS合同会社","https://csllc.co.jp/","長岡市 東坂之上町１丁目４−３ スカイハイツ 201","0258-94-4904","https://www.google.com/maps/place/CS%E5%90%88%E5%90%8C%E4%BC%9A%E7%A4%BE/data=!4m7!3m6!1s0x5ff5a852c0cf82b9:0x7b7dfef592491c52!8m2!3d37.4469025!4d138.8505816!16s%2Fg%2F11ckvvkwzg!19sChIJuYLPwFKo9V8RUhxJkvX-fXs?authuser=0&hl=ja&rclk=1","長岡市","長岡市 SEO対策会社"
"デザインワークス","https://www.design-works.site/","長岡市 山田３丁目２−１６ クレセール西千手 １２号室","","https://www.google.com/maps/place/%E3%83%87%E3%82%B6%E3%82%A4%E3%83%B3%E3%83%AF%E3%83%BC%E3%82%AF%E3%82%B9/data=!4m7!3m6!1s0x5ff5a9007b12bb15:0x2fc9668c64f4852f!8m2!3d37.4465022!4d138.8397049!16s%2Fg%2F11df0qr7qd!19sChIJFbsSewCp9V8RL4X0ZIxmyS8?authuser=0&hl=ja&rclk=1","長岡市","長岡市 SEO対策会社"
"有限会社データサット","https://www.datasat.co.jp/","富山市 天正寺１０８３ 天正寺カワカミビル 6F","076-420-7677","https://www.google.com/maps/place/%EF%BC%88%E6%9C%89%EF%BC%89%E3%83%87%E3%83%BC%E3%82%BF%E3%82%B5%E3%83%83%E3%83%88/data=!4m7!3m6!1s0x5ff7911e19983fb3:0x24de66ff859204b7!8m2!3d36.6844498!4d137.2511534!16s%2Fg%2F1tfw2wt7!19sChIJsz-YGR6R918RtwSShf9m3iQ?authuser=0&hl=ja&rclk=1","富山市","富山市 SEO対策会社"
"クレアスタイル","http://clairestyle.jp/","富山市 松若町１１−１１ 11","076-411-4018","https://www.google.com/maps/place/%E3%82%AF%E3%83%AC%E3%82%A2%E3%82%B9%E3%82%BF%E3%82%A4%E3%83%AB/data=!4m7!3m6!1s0x5ff79a047814615b:0x41e37b241a4e049e!8m2!3d36.7161243!4d137.2252657!16s%2Fg%2F1w0j40_m!19sChIJW2EUeASa918RngROGiR740E?authuser=0&hl=ja&rclk=1","富山市","富山市 SEO対策会社"
"SCOP TOYAMA 富山県創業支援センター／創業・移住促進住宅","https://scop-toyama.jp/","富山市 蓮町１丁目７−７","076-456-7373","https://www.google.com/maps/place/SCOP+TOYAMA+%E5%AF%8C%E5%B1%B1%E7%9C%8C%E5%89%B5%E6%A5%AD%E6%94%AF%E6%8F%B4%E3%82%BB%E3%83%B3%E3%82%BF%E3%83%BC%EF%BC%8F%E5%89%B5%E6%A5%AD%E3%83%BB%E7%A7%BB%E4%BD%8F%E4%BF%83%E9%80%B2%E4%BD%8F%E5%AE%85/data=!4m7!3m6!1s0x5ff799a542463c19:0xe76d8fdbc4b84119!8m2!3d36.7410227!4d137.2251155!16s%2Fg%2F11t7j12f27!19sChIJGTxGQqWZ918RGUG4xNuPbec?authuser=0&hl=ja&rclk=1","富山市","富山市 ホームページ集客支援"
"株式会社ＳＥＯ","http://seoc.jp/","金沢市 粟崎町４丁目56番地3","","https://www.google.com/maps/place/%E6%A0%AA%E5%BC%8F%E4%BC%9A%E7%A4%BE%EF%BC%B3%EF%BC%A5%EF%BC%AF/data=!4m7!3m6!1s0x5ff9cdbd38c157e3:0x86b5e56ad3bebcd8!8m2!3d36.6313753!4d136.6241818!16s%2Fg%2F1tmqln59!19sChIJ41fBOL3N-V8R2Ly-02rltYY?authuser=0&hl=ja&rclk=1","金沢市","金沢市 SEO対策会社"
"sikumi合同会社","https://sikumi-jp.com/","金沢市 神宮寺３丁目６−１","080-3748-8464","https://www.google.com/maps/place/sikumi%E5%90%88%E5%90%8C%E4%BC%9A%E7%A4%BE/data=!4m7!3m6!1s0x5ff73de4503b3e31:0xb9ca277b21a8ceca!8m2!3d36.5877438!4d136.6677447!16s%2Fg%2F11pksb1q87!19sChIJMT47UOQ9918Rys6oIXsnyrk?authuser=0&hl=ja&rclk=1","金沢市","金沢市 ホームページ集客支援"
"真空ラボ","http://www.shin-qoo.com/","福井市 城東３丁目１２−３３","0776-28-1456","https://www.google.com/maps/place/%E7%9C%9F%E7%A9%BA%E3%83%A9%E3%83%9C/data=!4m7!3m6!1s0x5ff8be85f6aa3fdf:0x48b77bd99ed44799!8m2!3d36.0598315!4d136.238873!16s%2Fg%2F11bydkmh36!19sChIJ3z-q9oW--F8RmUfUntl7t0g?authuser=0&hl=ja&rclk=1","福井市","福井市 SEO対策会社"
"株式会社ミエリ studio cafe","https://mieli.co.jp/","福井市 松本３丁目９−２７","0776-97-6070","https://www.google.com/maps/place/%E6%A0%AA%E5%BC%8F%E4%BC%9A%E7%A4%BE%E3%83%9F%E3%82%A8%E3%83%AA+studio+cafe/data=!4m7!3m6!1s0x5ff8bef802e26449:0x8fd584608b0bf40!8m2!3d36.07172!4d136.224925!16s%2Fg%2F11bx5pbrp7!19sChIJSWTiAvi--F8RQL-wCEZY_Qg?authuser=0&hl=ja&rclk=1","福井市","福井市 SEO対策会社"
"Think inc.（シンク株式会社）","https://thinkinc.jp/","福井市 高木中央２丁目1726番","","https://www.google.com/maps/place/Think+inc.%EF%BC%88%E3%82%B7%E3%83%B3%E3%82%AF%E6%A0%AA%E5%BC%8F%E4%BC%9A%E7%A4%BE%EF%BC%89/data=!4m7!3m6!1s0x5ff8be9eef423bbd:0x8a456ad48690d9df!8m2!3d36.0932103!4d136.2360365!16s%2Fg%2F11c1_wn0j9!19sChIJvTtC756--F8R39mQhtRqRYo?authuser=0&hl=ja&rclk=1","福井市","福井市 SEO対策会社"
"株式会社REQ（リキュー）","https://req-inc.com/","福井市 花堂北２丁目９−２","0776-84-2088","https://www.google.com/maps/place/%E6%A0%AA%E5%BC%8F%E4%BC%9A%E7%A4%BEREQ%EF%BC%88%E3%83%AA%E3%82%AD%E3%83%A5%E3%83%BC%EF%BC%89/data=!4m7!3m6!1s0x5ff8bff38e256261:0x75f3f5d34fb57c7e!8m2!3d36.0414483!4d136.2142776!16s%2Fg%2F11vk7jk149!19sChIJYWIljvO_-F8Rfny1T9P183U?authuser=0&hl=ja&rclk=1","福井市","福井市 ホームページ集客支援"
"SOKKA","https://sokka.ltd/","福井市 京町１丁目１−９","","https://www.google.com/maps/place/SOKKA/data=!4m7!3m6!1s0x5ff8ad367ae5aa6f:0xa591fe0f6b7ad3c4!8m2!3d35.9023625!4d136.1653745!16s%2Fg%2F11fsgp30jj!19sChIJb6rlejat-F8RxNN6aw_-kaU?authuser=0&hl=ja&rclk=1","福井市","福井市 ホームページ集客支援"
"キオミル株式会社 福井オフィス","https://kiomiru-fukui.jp/","福井市 元町１丁目６−１７","0779-64-5726","https://www.google.com/maps/place/%E3%82%AD%E3%82%AA%E3%83%9F%E3%83%AB%E6%A0%AA%E5%BC%8F%E4%BC%9A%E7%A4%BE+%E7%A6%8F%E4%BA%95%E3%82%AA%E3%83%95%E3%82%A3%E3%82%B9/data=!4m7!3m6!1s0x5ff89bcd25bfd583:0x2a37b54394144620!8m2!3d36.0623309!4d136.5020585!16s%2Fg%2F11nx2thhkc!19sChIJg9W_Jc2b-F8RIEYUlEO1Nyo?authuser=0&hl=ja&rclk=1","福井市","福井市 ホームページ集客支援"
"株式会社戦略デザインラボ","https://www.s-d-lab.jp/","長野市 アークス９−１４","026-219-2175","https://www.google.com/maps/place/%E6%A0%AA%E5%BC%8F%E4%BC%9A%E7%A4%BE%E6%88%A6%E7%95%A5%E3%83%87%E3%82%B6%E3%82%A4%E3%83%B3%E3%83%A9%E3%83%9C/data=!4m7!3m6!1s0x601d87acd0872127:0x4203fe112e310de0!8m2!3d36.6235868!4d138.1980454!16s%2Fg%2F11qn9vl5w0!19sChIJJyGH0KyHHWAR4A0xLhH-A0I?authuser=0&hl=ja&rclk=1","長野市","長野市 SEO対策会社"
"デジタルデマンド株式会社","https://www.digitaldemand.jp/","長野市 安茂里杏花台５９０−１３","050-3204-4647","https://www.google.com/maps/place/%E3%83%87%E3%82%B8%E3%82%BF%E3%83%AB%E3%83%87%E3%83%9E%E3%83%B3%E3%83%89%E6%A0%AA%E5%BC%8F%E4%BC%9A%E7%A4%BE/data=!4m7!3m6!1s0x601d875d0854f043:0xeec4f0168b685cf6!8m2!3d36.640592!4d138.1681688!16s%2Fg%2F11g4jfrqvs!19sChIJQ_BUCF2HHWAR9lxoixbwxO4?authuser=0&hl=ja&rclk=1","長野市","長野市 SEO対策会社"
"住宅コンサルティング・不動産売買仲介・WEBマーケティング","https://www.kosotame-akiya.com/","松本市 宮田３７−37‐8","0263-74-8666","https://www.google.com/maps/place/%E4%BD%8F%E5%AE%85%E3%82%B3%E3%83%B3%E3%82%B5%E3%83%AB%E3%83%86%E3%82%A3%E3%83%B3%E3%82%B0%E3%83%BB%E4%B8%8D%E5%8B%95%E7%94%A3%E5%A3%B2%E8%B2%B7%E4%BB%B2%E4%BB%8B%E3%83%BBWEB%E3%83%9E%E3%83%BC%E3%82%B1%E3%83%86%E3%82%A3%E3%83%B3%E3%82%B0/data=!4m7!3m6!1s0x601d0f33969a11a7:0x6873dc287c71a769!8m2!3d36.2058145!4d137.9543796!16s%2Fg%2F11vqlsghgv!19sChIJpxGaljMPHWARaadxfCjcc2g?authuser=0&hl=ja&rclk=1","松本市","松本市 SEO対策会社"
"ことおり｜地域で事業を営む方のWeb集客支援","https://kotoori.com/","","090-4057-1937","https://www.google.com/maps/place/%E3%81%93%E3%81%A8%E3%81%8A%E3%82%8A%EF%BD%9C%E5%9C%B0%E5%9F%9F%E3%81%A7%E4%BA%8B%E6%A5%AD%E3%82%92%E5%96%B6%E3%82%80%E6%96%B9%E3%81%AEWeb%E9%9B%86%E5%AE%A2%E6%94%AF%E6%8F%B4/data=!4m7!3m6!1s0x9686fa5f0a9ef2b:0x34486a95f47fe522!8m2!3d32.9998961!4d138.4293072!16s%2Fg%2F11yp31slkn!19sChIJK--p8KVvaAkRIuV_9JVqSDQ?authuser=0&hl=ja&rclk=1","松本市","松本市 ホームページ集客支援"
"株式会社メディアブレイン","https://media-b.com/","甲府市 下石田２丁目１４−８","055-268-2960","https://www.google.com/maps/place/%EF%BC%88%E6%A0%AA%EF%BC%89%E3%83%A1%E3%83%87%E3%82%A3%E3%82%A2%E3%83%96%E3%83%AC%E3%82%A4%E3%83%B3/data=!4m7!3m6!1s0x601bf768e8be6805:0x8db2a6fd6278a033!8m2!3d35.6472338!4d138.5525036!16s%2Fg%2F1tf5dtng!19sChIJBWi-6Gj3G2ARM6B4Yv2mso0?authuser=0&hl=ja&rclk=1","甲府市","甲府市 SEO対策会社"
"フューチャーマインド","http://www.futuremind.jp/","水戸市 渡里町３２６８−６１−２０７","029-233-6075","https://www.google.com/maps/place/%E3%83%95%E3%83%A5%E3%83%BC%E3%83%81%E3%83%A3%E3%83%BC%E3%83%9E%E3%82%A4%E3%83%B3%E3%83%89/data=!4m7!3m6!1s0x6022214ae6fb6501:0x6498efe236c10410!8m2!3d36.4065622!4d140.4294245!16s%2Fg%2F1tfpzywc!19sChIJAWX75kohImAREATBNuLvmGQ?authuser=0&hl=ja&rclk=1","水戸市","水戸市 SEO対策会社"
"つくばホームページ制作45DC","https://www.tsukubashi.net/","つくば市 桜２丁目３９−２","029-857-8245","https://www.google.com/maps/place/%E3%81%A4%E3%81%8F%E3%81%B0%E3%83%9B%E3%83%BC%E3%83%A0%E3%83%9A%E3%83%BC%E3%82%B8%E5%88%B6%E4%BD%9C45DC/data=!4m7!3m6!1s0x60220c1b412de5d3:0x9865087f99fc7843!8m2!3d36.1122525!4d140.112216!16s%2Fg%2F11fhz5qfrq!19sChIJ0-UtQRsMImARQ3j8mX8IZZg?authuser=0&hl=ja&rclk=1","つくば市","つくば市 SEO対策会社"
"株式会社エフズフィールド","http://www.fsfield.jp/","つくば市 千現２丁目１−６ つくば研究支援センターC-A-7","029-846-4677","https://www.google.com/maps/place/%E6%A0%AA%E5%BC%8F%E4%BC%9A%E7%A4%BE%E3%82%A8%E3%83%95%E3%82%BA%E3%83%95%E3%82%A3%E3%83%BC%E3%83%AB%E3%83%89/data=!4m7!3m6!1s0x60220cc1466b5bb7:0x373ce1d9a3b53a11!8m2!3d36.0637926!4d140.1261113!16s%2Fg%2F1tdz01mn!19sChIJt1trRsEMImARETq1o9nhPDc?authuser=0&hl=ja&rclk=1","つくば市","つくば市 SEO対策会社"
"㈱インソースマーケティングデザイン","https://insource-mkd.co.jp/","宇都宮市 東宿郷３丁目１−１２ 吉田ビル8F","028-614-8330","https://www.google.com/maps/place/%E3%88%B1%E3%82%A4%E3%83%B3%E3%82%BD%E3%83%BC%E3%82%B9%E3%83%9E%E3%83%BC%E3%82%B1%E3%83%86%E3%82%A3%E3%83%B3%E3%82%B0%E3%83%87%E3%82%B6%E3%82%A4%E3%83%B3/data=!4m7!3m6!1s0x601f67702cb5f709:0x5825310d63dabd7!8m2!3d36.5578834!4d139.9055332!16s%2Fg%2F1tfc2391!19sChIJCfe1LHBnH2AR16s91hBTggU?authuser=0&hl=ja&rclk=1","宇都宮市","宇都宮市 SEO対策会社"
"IT-cares（アイティーケアーズ）","https://it-cares.biz/","宇都宮市 大通り３丁目５−１８","028-680-7190","https://www.google.com/maps/place/IT-cares%EF%BC%88%E3%82%A2%E3%82%A4%E3%83%86%E3%82%A3%E3%83%BC%E3%82%B1%E3%82%A2%E3%83%BC%E3%82%BA%EF%BC%89/data=!4m7!3m6!1s0x601f679f70c71e0d:0x6b247c331bd759a8!8m2!3d36.5589126!4d139.8927883!16s%2Fg%2F1q667921j!19sChIJDR7HcJ9nH2ARqFnXGzN8JGs?authuser=0&hl=ja&rclk=1","宇都宮市","宇都宮市 ホームページ集客支援"
"株式会社トライアーチ","https://triarch.co.jp/","高崎市 貝沢町９５５−７","027-329-6587","https://www.google.com/maps/place/%E6%A0%AA%E5%BC%8F%E4%BC%9A%E7%A4%BE%E3%83%88%E3%83%A9%E3%82%A4%E3%82%A2%E3%83%BC%E3%83%81/data=!4m7!3m6!1s0x601e8d69fe8ed8db:0xe696985e4ede831a!8m2!3d36.3438375!4d139.0198204!16s%2Fg%2F11c55j_0hg!19sChIJ29iO_mmNHmARGoPeTl6YluY?authuser=0&hl=ja&rclk=1","高崎市","高崎市 SEO対策会社"
"デザイン事務所|TT-Arts","https://tt-arts.jp/","高崎市 飯塚町６３４−６","070-7670-6644","https://www.google.com/maps/place/%E3%83%87%E3%82%B6%E3%82%A4%E3%83%B3%E4%BA%8B%E5%8B%99%E6%89%80%7CTT-Arts/data=!4m7!3m6!1s0x601e8d6c3949fcc1:0x13cdcc9e77a7e11c!8m2!3d36.3424632!4d139.0030784!16s%2Fg%2F11yr8622k6!19sChIJwfxJOWyNHmARHOGnd57MzRM?authuser=0&hl=ja&rclk=1","高崎市","高崎市 ホームページ集客支援"
"株式会社OPENSCHEMA","https://openschema.co.jp/","前橋市 城東町２丁目１０−１ Rejidens Azabu 2F","027-289-6310","https://www.google.com/maps/place/%E6%A0%AA%E5%BC%8F%E4%BC%9A%E7%A4%BEOPENSCHEMA/data=!4m7!3m6!1s0x4953465e3b04741b:0x781924127f61d86!8m2!3d36.3930647!4d139.0749638!16s%2Fg%2F11wtzv3ssd!19sChIJG3QEO15GU0kRhh32J0GSgQc?authuser=0&hl=ja&rclk=1","前橋市","前橋市 SEO対策会社"
"ミズマ前橋","https://mizuma-2.jp/","前橋市 城東町１丁目10−１４","0120-380-581","https://www.google.com/maps/place/%E3%83%9F%E3%82%BA%E3%83%9E%E5%89%8D%E6%A9%8B/data=!4m7!3m6!1s0x601ef3b41c54cc9d:0x52225f0f02ccde2a!8m2!3d36.3941124!4d139.0751246!16s%2Fg%2F11w2mb7jf4!19sChIJncxUHLTzHmARKt7MAg9fIlI?authuser=0&hl=ja&rclk=1","前橋市","前橋市 SEO対策会社"
"オーケーデザイン","https://www.okdesign-net.com/","熊谷市 三ケ尻２９５０","048-530-1322","https://www.google.com/maps/place/%E3%82%AA%E3%83%BC%E3%82%B1%E3%83%BC%E3%83%87%E3%82%B6%E3%82%A4%E3%83%B3/data=!4m7!3m6!1s0x601ed75536e2912d:0xeaa774ab20f04936!8m2!3d36.1598746!4d139.3187104!16s%2Fg%2F1v_sn9tn!19sChIJLZHiNlXXHmARNknwIKt0p-o?authuser=0&hl=ja&rclk=1","熊谷市","熊谷市 SEO対策会社"
"デザインオフィス マックス","https://www.dmacs.net/","熊谷市 肥塚１２１５−５","070-7658-7192","https://www.google.com/maps/place/%E3%83%87%E3%82%B6%E3%82%A4%E3%83%B3%E3%82%AA%E3%83%95%E3%82%A3%E3%82%B9+%E3%83%9E%E3%83%83%E3%82%AF%E3%82%B9/data=!4m7!3m6!1s0x601f29521678a687:0xc8bc646cb42cb165!8m2!3d36.1645803!4d139.3884229!16s%2Fg%2F11fnsz78z0!19sChIJh6Z4FlIpH2ARZbEstGxkvMg?authuser=0&hl=ja&rclk=1","熊谷市","熊谷市 SEO対策会社"
"社会保険労務士おがわオフィス","https://www.sharo-ogawa.com/","熊谷市 美土里町２丁目１２６","070-3794-0798","https://www.google.com/maps/place/%E7%A4%BE%E4%BC%9A%E4%BF%9D%E9%99%BA%E5%8A%B4%E5%8B%99%E5%A3%AB%E3%81%8A%E3%81%8C%E3%82%8F%E3%82%AA%E3%83%95%E3%82%A3%E3%82%B9/data=!4m7!3m6!1s0x601ed91aa15c1bb9:0x23477f04d59bcc55!8m2!3d36.1691004!4d139.3151364!16s%2Fg%2F11vwdx510h!19sChIJuRtcoRrZHmARVcyb1QR_RyM?authuser=0&hl=ja&rclk=1","熊谷市","熊谷市 SEO対策会社"
"アミカレッジ","http://www.amicollege.co.jp/","熊谷市 上之７１９ アイエス熊谷ビル","048-501-2626","https://www.google.com/maps/place/%E3%82%A2%E3%83%9F%E3%82%AB%E3%83%AC%E3%83%83%E3%82%B8/data=!4m7!3m6!1s0x601f29aa7259617d:0x74e4e1ffcdac55cb!8m2!3d36.158437!4d139.4054138!16s%2Fg%2F1hc41g74k!19sChIJfWFZcqopH2ARy1Wszf_h5HQ?authuser=0&hl=ja&rclk=1","熊谷市","熊谷市 ホームページ集客支援"
"熊谷市役所","http://www.city.kumagaya.lg.jp/","熊谷市 宮町２丁目４７−１","048-524-1111","https://www.google.com/maps/place/%E7%86%8A%E8%B0%B7%E5%B8%82%E5%BD%B9%E6%89%80/data=!4m7!3m6!1s0x601f29b70faabbe9:0xb449c72aa7e0e8c5!8m2!3d36.1471881!4d139.3888433!16s%2Fg%2F1hc1gs1n8!19sChIJ6buqD7cpH2ARxejgpyrHSbQ?authuser=0&hl=ja&rclk=1","熊谷市","熊谷市 ホームページ集客支援"
"カウニスクッカ","https://kauniskukka.com/","","","https://www.google.com/maps/place/%E3%82%AB%E3%82%A6%E3%83%8B%E3%82%B9%E3%82%AF%E3%83%83%E3%82%AB/data=!4m7!3m6!1s0x2f1469bfeeaa36db:0x28607da89fac078!8m2!3d35.8999437!4d139.4678663!16s%2Fg%2F11sh4_3jfb!19sChIJ2zaq7r9pFC8ReMD6idoHhgI?authuser=0&hl=ja&rclk=1","川越市","川越市 SEO対策会社"
"株式会社ネット集客ラボ","https://netlab.works/","船橋市 080-3090-8122","080-3090-8122","https://www.google.com/maps/place/%E6%A0%AA%E5%BC%8F%E4%BC%9A%E7%A4%BE%E3%83%8D%E3%83%83%E3%83%88%E9%9B%86%E5%AE%A2%E3%83%A9%E3%83%9C/data=!4m7!3m6!1s0x42d4e95f8ddfe179:0x7f2a5cba76045372!8m2!3d35.7316826!4d140.0141989!16s%2Fg%2F11yr041443!19sChIJeeHfjV_p1EIRclMEdrpcKn8?authuser=0&hl=ja&rclk=1","船橋市","船橋市 SEO対策会社"
"株式会社マップ","http://mapro.co.jp/","船橋市 本町２丁目１１−２４ 増橋ビル 2F","047-434-7611","https://www.google.com/maps/place/%E6%A0%AA%E5%BC%8F%E4%BC%9A%E7%A4%BE%E3%83%9E%E3%83%83%E3%83%97/data=!4m7!3m6!1s0x60187fd5ea3c588b:0x385eb1a5f03b8f05!8m2!3d35.6975569!4d139.9818313!16s%2Fg%2F11srd35kw_!19sChIJi1g86tV_GGARBY878KWxXjg?authuser=0&hl=ja&rclk=1","船橋市","船橋市 SEO対策会社"
"ネクストイノベーション株式会社","https://nextinnovation-inc.com/","千葉市 新宿２丁目３−５ 新宿ミハマビル 5F","03-5656-9772","https://www.google.com/maps/place/%E3%83%8D%E3%82%AF%E3%82%B9%E3%83%88%E3%82%A4%E3%83%8E%E3%83%99%E3%83%BC%E3%82%B7%E3%83%A7%E3%83%B3%E6%A0%AA%E5%BC%8F%E4%BC%9A%E7%A4%BE/data=!4m7!3m6!1s0x602284b3f2276e57:0x84fd256acceb1ecf!8m2!3d35.6081527!4d140.1158272!16s%2Fg%2F11c5_1x7fz!19sChIJV24n8rOEImARzx7rzGol_YQ?authuser=0&hl=ja&rclk=1","千葉市","千葉市 SEO対策会社"
"HONEYdesign株式会社","https://honeydesign.net/","千葉市 本町３丁目６−１０ メイプルハウス 101号室","0120-965-828","https://www.google.com/maps/place/HONEYdesign%E6%A0%AA%E5%BC%8F%E4%BC%9A%E7%A4%BE/data=!4m7!3m6!1s0x60229b15ee94df83:0x7abdaaa1764660a4!8m2!3d35.6065537!4d140.1260604!16s%2Fg%2F11fnd12hqm!19sChIJg9-U7hWbImARpGBGdqGqvXo?authuser=0&hl=ja&rclk=1","千葉市","千葉市 SEO対策会社"
"アバウトネット株式会社 千葉オフィス","https://aboutnet88.com/chiba/","千葉市 中瀬１丁目６ m BAY POINT幕張 低層 棟2F","0120-202-376","https://www.google.com/maps/place/%E3%82%A2%E3%83%90%E3%82%A6%E3%83%88%E3%83%8D%E3%83%83%E3%83%88%E6%A0%AA%E5%BC%8F%E4%BC%9A%E7%A4%BE+%E5%8D%83%E8%91%89%E3%82%AA%E3%83%95%E3%82%A3%E3%82%B9/data=!4m7!3m6!1s0x6022814cf64a4e23:0xd30508a4dd90f2e5!8m2!3d35.6527967!4d140.0391412!16s%2Fg%2F11xt9y9x38!19sChIJI05K9kyBImAR5fKQ3aQIBdM?authuser=0&hl=ja&rclk=1","千葉市","千葉市 SEO対策会社"
"AssistBOX／店舗開業支援・WEBデザイン","https://www.ab-chiba.com/","千葉市 園生町５２６−５ 403","070-9262-3381","https://www.google.com/maps/place/AssistBOX%EF%BC%8F%E5%BA%97%E8%88%97%E9%96%8B%E6%A5%AD%E6%94%AF%E6%8F%B4%E3%83%BBWEB%E3%83%87%E3%82%B6%E3%82%A4%E3%83%B3/data=!4m7!3m6!1s0x21fc90065c927d79:0x7cac473ad634e106!8m2!3d35.6473994!4d140.1156221!16s%2Fg%2F11yc64zg7_!19sChIJeX2SXAaQ_CERBuE01jpHrHw?authuser=0&hl=ja&rclk=1","千葉市","千葉市 ホームページ集客支援"
"ホームページ制作 アイスペース","https://ispace-net.com/","千葉市 中央区２６−２６ 白旗3-26-7-203 ホームページ制作アイスペース","050-5375-6060","https://www.google.com/maps/place/%E3%83%9B%E3%83%BC%E3%83%A0%E3%83%9A%E3%83%BC%E3%82%B8%E5%88%B6%E4%BD%9C+%E3%82%A2%E3%82%A4%E3%82%B9%E3%83%9A%E3%83%BC%E3%82%B9/data=!4m7!3m6!1s0x60229b0175d4388d:0x311774ae515b6a0e!8m2!3d35.5805636!4d140.1394148!16s%2Fg%2F1ptz942rt!19sChIJjTjUdQGbImARDmpbUa50FzE?authuser=0&hl=ja&rclk=1","千葉市","千葉市 ホームページ集客支援"
"ツージーデザイン","https://web.2-g-design.com/","千葉市 富士見２丁目７−９ 富士見ビル 609号","043-400-0203","https://www.google.com/maps/place/%E3%83%84%E3%83%BC%E3%82%B8%E3%83%BC%E3%83%87%E3%82%B6%E3%82%A4%E3%83%B3/data=!4m7!3m6!1s0x60228141c8c42c4d:0x9a81d6f8f1bff263!8m2!3d35.6104236!4d140.1178414!16s%2Fg%2F11j8_5j3zr!19sChIJTSzEyEGBImARY_K_8fjWgZo?authuser=0&hl=ja&rclk=1","千葉市","千葉市 ホームページ集客支援"
"株式会社ウェッピー","https://weppy.design/","千葉市 中央２丁目５−１ ７階 LABO","","https://www.google.com/maps/place/%E6%A0%AA%E5%BC%8F%E4%BC%9A%E7%A4%BE%E3%82%A6%E3%82%A7%E3%83%83%E3%83%94%E3%83%BC/data=!4m7!3m6!1s0x602283b1e3b01bd1:0x1bfc27d6d1e89473!8m2!3d35.6097033!4d140.1219481!16s%2Fg%2F11vqhprwcx!19sChIJ0Ruw47GDImARc5To0dYn_Bs?authuser=0&hl=ja&rclk=1","千葉市","千葉市 ホームページ集客支援"
"アイシープ","https://i-sheep.jp/","横浜市 山下町１３２−２","","https://www.google.com/maps/place/%E3%82%A2%E3%82%A4%E3%82%B7%E3%83%BC%E3%83%97/data=!4m7!3m6!1s0x60185ce39bb8d263:0x3a18847792be50cc!8m2!3d35.4421817!4d139.6460783!16s%2Fg%2F11f04wsjvv!19sChIJY9K4m-NcGGARzFC-kneEGDo?authuser=0&hl=ja&rclk=1","横浜市","横浜市 ホームページ集客支援"
"株式会社システナ 川崎デザインスタジオ","https://www.systena.co.jp/","川崎市 日進町1−１４ ＪＭＦビル川崎01 5F","044-201-4912","https://www.google.com/maps/place/%E6%A0%AA%E5%BC%8F%E4%BC%9A%E7%A4%BE%E3%82%B7%E3%82%B9%E3%83%86%E3%83%8A+%E5%B7%9D%E5%B4%8E%E3%83%87%E3%82%B6%E3%82%A4%E3%83%B3%E3%82%B9%E3%82%BF%E3%82%B8%E3%82%AA/data=!4m7!3m6!1s0x60186177ac8d2beb:0x11271c7f36b25de8!8m2!3d35.5291859!4d139.6958465!16s%2Fg%2F11j8z20kkk!19sChIJ6yuNrHdhGGAR6F2yNn8cJxE?authuser=0&hl=ja&rclk=1","川崎市","川崎市 SEO対策会社"
"ホームページコンサルタント永友事務所","https://8-8-8.jp/","藤沢市 藤沢９７２−１−１２０９","0466-25-8351","https://www.google.com/maps/place/%E3%83%9B%E3%83%BC%E3%83%A0%E3%83%9A%E3%83%BC%E3%82%B8%E3%82%B3%E3%83%B3%E3%82%B5%E3%83%AB%E3%82%BF%E3%83%B3%E3%83%88%E6%B0%B8%E5%8F%8B%E4%BA%8B%E5%8B%99%E6%89%80/data=!4m7!3m6!1s0x60184e33c44ad137:0x2740dc911752b5b6!8m2!3d35.3394558!4d139.4831076!16s%2Fg%2F1xfsnq7w!19sChIJN9FKxDNOGGARtrVSF5HcQCc?authuser=0&hl=ja&rclk=1","藤沢市","藤沢市 SEO対策会社"
"株式会社Catch the Web","https://catch-the-web.com/","藤沢市 湘南台１丁目７−９ フォーレ湘南台 5階","0466-21-8884","https://www.google.com/maps/place/%E6%A0%AA%E5%BC%8F%E4%BC%9A%E7%A4%BECatch+the+Web/data=!4m7!3m6!1s0x60185114ef487e51:0x74d704838cae8754!8m2!3d35.3980251!4d139.4685865!16s%2Fg%2F1th0y9m9!19sChIJUX5I7xRRGGARVIeujIME13Q?authuser=0&hl=ja&rclk=1","藤沢市","藤沢市 SEO対策会社"
"＠ＷＥＢ屋 シルフィード","https://sylpheed.biz/","藤沢市 本藤沢６丁目１４−４","080-3753-5068","https://www.google.com/maps/place/%EF%BC%A0%EF%BC%B7%EF%BC%A5%EF%BC%A2%E5%B1%8B+%E3%82%B7%E3%83%AB%E3%83%95%E3%82%A3%E3%83%BC%E3%83%89/data=!4m7!3m6!1s0x60185141d49bbccd:0x523846071fcb6abb!8m2!3d35.3587083!4d139.4729368!16s%2Fg%2F12q4t7v_s!19sChIJzbyb1EFRGGARu2rLHwdGOFI?authuser=0&hl=ja&rclk=1","藤沢市","藤沢市 SEO対策会社"
"S-CreateGarage│ホームページ制作＆保守運用 | 藤沢市、湘南地域","https://www.s-creategarage.com/","","","https://www.google.com/maps/place/S-CreateGarage%E2%94%82%E3%83%9B%E3%83%BC%E3%83%A0%E3%83%9A%E3%83%BC%E3%82%B8%E5%88%B6%E4%BD%9C%EF%BC%86%E4%BF%9D%E5%AE%88%E9%81%8B%E7%94%A8+%7C+%E8%97%A4%E6%B2%A2%E5%B8%82%E3%80%81%E6%B9%98%E5%8D%97%E5%9C%B0%E5%9F%9F/data=!4m7!3m6!1s0x1ee02c140c67a4f:0x50cbe66667a4ddbe!8m2!3d28.1607645!4d145.0282385!16s%2Fg%2F11yhrkch54!19sChIJT3rGQMEC7gERvt2kZ2bmy1A?authuser=0&hl=ja&rclk=1","藤沢市","藤沢市 ホームページ集客支援"
"出張お片付けサービスGoodwave","https://goodwave.work/","藤沢市 鵠沼石上２丁目５−１ 湘南鵠沼 BLD3階C号室","0120-545-918","https://www.google.com/maps/place/%E5%87%BA%E5%BC%B5%E3%81%8A%E7%89%87%E4%BB%98%E3%81%91%E3%82%B5%E3%83%BC%E3%83%93%E3%82%B9Goodwave/data=!4m7!3m6!1s0xadeda5f81d3c56b3:0xffef90b13afdda74!8m2!3d35.3344867!4d139.4876634!16s%2Fg%2F11ykvn5771!19sChIJs1Y8Hfil7a0RdNr9OrGQ7_8?authuser=0&hl=ja&rclk=1","藤沢市","藤沢市 ホームページ集客支援"
"はるこHP制作","https://haruko-31.com/","","","https://www.google.com/maps/place/%E3%81%AF%E3%82%8B%E3%81%93HP%E5%88%B6%E4%BD%9C/data=!4m7!3m6!1s0x601903086123e7cf:0x82d5f8fe9f86d3ae!8m2!3d32.9998961!4d138.4293072!16s%2Fg%2F11l29x_749!19sChIJz-cjYQgDGWARrtOGn_741YI?authuser=0&hl=ja&rclk=1","相模原市","相模原市 ホームページ集客支援"
"株式会社KLEE","https://kleedesign.jp/","静岡市 常磐町３丁目６−２ ２Ｆ","054-266-3663","https://www.google.com/maps/place/%E6%A0%AA%E5%BC%8F%E4%BC%9A%E7%A4%BEKLEE/data=!4m7!3m6!1s0x601a49f528372a25:0x32d1bf5ce382b8b4!8m2!3d34.969931!4d138.3793554!16s%2Fg%2F1wj_62ph!19sChIJJSo3KPVJGmARtLiC41y_0TI?authuser=0&hl=ja&rclk=1","静岡市","静岡市 SEO対策会社"
"株式会社ジェイ・エスト ShizuokaBASE","https://www.j-est.net/","静岡市 七間町５−８","054-204-0534","https://www.google.com/maps/place/%E6%A0%AA%E5%BC%8F%E4%BC%9A%E7%A4%BE%E3%82%B8%E3%82%A7%E3%82%A4%E3%83%BB%E3%82%A8%E3%82%B9%E3%83%88+ShizuokaBASE/data=!4m7!3m6!1s0x601a4bf595fc85b7:0x15a7d985c0c1201f!8m2!3d34.9736749!4d138.3812472!16s%2Fg%2F11qh88ylnf!19sChIJt4X8lfVLGmARHyDBwIXZpxU?authuser=0&hl=ja&rclk=1","静岡市","静岡市 SEO対策会社"
"エスクリエイト","http://www.s-cre.com/","静岡市 辻１丁目７−９","054-361-3311","https://www.google.com/maps/place/%E3%82%A8%E3%82%B9%E3%82%AF%E3%83%AA%E3%82%A8%E3%82%A4%E3%83%88/data=!4m7!3m6!1s0x601a33f711540ca3:0x6d72fb0d4e7e342f!8m2!3d35.0274288!4d138.4882517!16s%2Fg%2F1tcx1l6t!19sChIJowxUEfczGmARLzR-Tg37cm0?authuser=0&hl=ja&rclk=1","静岡市","静岡市 SEO対策会社"
"株式会社hub（ハブ）","https://hubinc.jp/","静岡市 人宿町１丁目１−１０","050-3706-5948","https://www.google.com/maps/place/%E6%A0%AA%E5%BC%8F%E4%BC%9A%E7%A4%BEhub%EF%BC%88%E3%83%8F%E3%83%96%EF%BC%89/data=!4m7!3m6!1s0x601a4bb23b53f529:0x68f473d2b393dc00!8m2!3d34.9735997!4d138.3801454!16s%2Fg%2F11t_swmw0p!19sChIJKfVTO7JLGmARANyTs9Jz9Gg?authuser=0&hl=ja&rclk=1","静岡市","静岡市 ホームページ集客支援"
"ジオデザイン","http://www.geodesign.in/","浜松市 中央２丁目４−２２ サザン・ビル １F","053-528-7561","https://www.google.com/maps/place/%E3%82%B8%E3%82%AA%E3%83%87%E3%82%B6%E3%82%A4%E3%83%B3/data=!4m7!3m6!1s0x601ade493e2a0ec3:0x321dd93f89257f3d!8m2!3d34.7104294!4d137.7406613!16s%2Fg%2F1hf42wpkt!19sChIJww4qPkneGmARPX8liT_ZHTI?authuser=0&hl=ja&rclk=1","浜松市","浜松市 SEO対策会社"
"MP","https://www.mpcreative.jp/","浜松市 鴨江３丁目２−７","053-453-8141","https://www.google.com/maps/place/MP/data=!4m7!3m6!1s0x601adeeee6820201:0xa1c4c5c0851baec8!8m2!3d34.7057249!4d137.7163263!16s%2Fg%2F1tlbjmp_!19sChIJAQKC5u7eGmARyK4bhcDFxKE?authuser=0&hl=ja&rclk=1","浜松市","浜松市 SEO対策会社"
"株式会社Relation","https://relation-movie.com/","岡崎市 大門５丁目19番地4","080-6964-8523","https://www.google.com/maps/place/%E6%A0%AA%E5%BC%8F%E4%BC%9A%E7%A4%BERelation/data=!4m7!3m6!1s0x6004a32642193347:0xdf187a01bf304d58!8m2!3d34.9846044!4d137.151105!16s%2Fg%2F11x27pzfp6!19sChIJRzMZQiajBGARWE0wvwF6GN8?authuser=0&hl=ja&rclk=1","岡崎市","岡崎市 SEO対策会社"
"GUUMA DESIGN","https://guuma.design/","岡崎市 赤渋町下河原１８−１","0564-74-1326","https://www.google.com/maps/place/GUUMA+DESIGN/data=!4m7!3m6!1s0x6004bd625cb066d5:0x1948a4212be6896e!8m2!3d34.9267987!4d137.1377749!16s%2Fg%2F11bw475814!19sChIJ1WawXGK9BGARbonmKyGkSBk?authuser=0&hl=ja&rclk=1","岡崎市","岡崎市 SEO対策会社"
"ホームぺージ安くレンタル","https://www.hp-yr.com/","岡崎市 樫山町八ツ田３３−１ 株式会社ストラテジック内","0564-85-0055","https://www.google.com/maps/place/%E3%83%9B%E3%83%BC%E3%83%A0%E3%81%BA%E3%83%BC%E3%82%B8%E5%AE%89%E3%81%8F%E3%83%AC%E3%83%B3%E3%82%BF%E3%83%AB/data=!4m7!3m6!1s0x6004b9d34877996d:0x8468cdd2f92f9274!8m2!3d34.9183596!4d137.2883799!16s%2Fg%2F11pkhp7lh1!19sChIJbZl3SNO5BGARdJIv-dLNaIQ?authuser=0&hl=ja&rclk=1","岡崎市","岡崎市 ホームページ集客支援"
"有限会社KBデザイン","https://kb-design.jp/","津市 久居元町２０３０","059-254-4370","https://www.google.com/maps/place/%E6%9C%89%E9%99%90%E4%BC%9A%E7%A4%BEKB%E3%83%87%E3%82%B6%E3%82%A4%E3%83%B3/data=!4m7!3m6!1s0x60040d9a6cfc1f77:0x114842338132ed8e!8m2!3d34.6681676!4d136.466609!16s%2Fg%2F11f1q66byj!19sChIJdx_8bJoNBGARju0ygTNCSBE?authuser=0&hl=ja&rclk=1","津市","津市 SEO対策会社"
"うろぼろす","https://uroborosu.com/","津市 安濃町川西１２７３−２","","https://www.google.com/maps/place/%E3%81%86%E3%82%8D%E3%81%BC%E3%82%8D%E3%81%99/data=!4m7!3m6!1s0x60040cc9260a9981:0x6a24e363d33cd981!8m2!3d34.7579043!4d136.4476968!16s%2Fg%2F11fy9hbbn_!19sChIJgZkKJskMBGARgdk802PjJGo?authuser=0&hl=ja&rclk=1","津市","津市 SEO対策会社"
"プライドワンコーポレーション","http://salonshukyaku.com/","津市 東丸之内１６−２４","059-253-5077","https://www.google.com/maps/place/%E3%83%97%E3%83%A9%E3%82%A4%E3%83%89%E3%83%AF%E3%83%B3%E3%82%B3%E3%83%BC%E3%83%9D%E3%83%AC%E3%83%BC%E3%82%B7%E3%83%A7%E3%83%B3/data=!4m7!3m6!1s0x60040cd47cedada5:0xc5755e663f2bb158!8m2!3d34.7165374!4d136.5136465!16s%2Fg%2F11h1rbp41k!19sChIJpa3tfNQMBGARWLErP2ZedcU?authuser=0&hl=ja&rclk=1","津市","津市 ホームページ集客支援"
"株式会社ジット","http://z-it.jp/","津市 岩田１４−７","","https://www.google.com/maps/place/%E6%A0%AA%E5%BC%8F%E4%BC%9A%E7%A4%BE%E3%82%B8%E3%83%83%E3%83%88/data=!4m7!3m6!1s0x60040cd785555555:0x3f82c7c111354c9a!8m2!3d34.7113562!4d136.5072046!16s%2Fg%2F11sv87qt5s!19sChIJVVVVhdcMBGARmkw1EcHHgj8?authuser=0&hl=ja&rclk=1","津市","津市 ホームページ集客支援"
"株式会社 三重の会社 カラフル","http://colorful25.com/","津市 一志町田尻３４６−５３","0120-718-825","https://www.google.com/maps/place/%E6%A0%AA%E5%BC%8F%E4%BC%9A%E7%A4%BE+%E4%B8%89%E9%87%8D%E3%81%AE%E4%BC%9A%E7%A4%BE+%E3%82%AB%E3%83%A9%E3%83%95%E3%83%AB/data=!4m7!3m6!1s0x60040e6b4bfabbaf:0x8257b1764fea1d8b!8m2!3d34.6549286!4d136.4239457!16s%2Fg%2F11gmcdznt2!19sChIJr7v6S2sOBGARix3qT3axV4I?authuser=0&hl=ja&rclk=1","津市","津市 ホームページ集客支援"
"株式会社地域サポート・KAPPA","http://rs-kappa.net/","津市 南が丘２丁目１２−５","059-253-8759","https://www.google.com/maps/place/%E6%A0%AA%E5%BC%8F%E4%BC%9A%E7%A4%BE%E5%9C%B0%E5%9F%9F%E3%82%B5%E3%83%9D%E3%83%BC%E3%83%88%E3%83%BBKAPPA/data=!4m7!3m6!1s0x60040d3c39215555:0x3fc31612c38eb776!8m2!3d34.6940517!4d136.5002786!16s%2Fg%2F11ryr2ntkc!19sChIJVVUhOTwNBGARdreOwxIWwz8?authuser=0&hl=ja&rclk=1","津市","津市 ホームページ集客支援"
"株式会社STAND UP","https://standup.design/","大津市 大萱１丁目７−３","077-544-3566","https://www.google.com/maps/place/%E6%A0%AA%E5%BC%8F%E4%BC%9A%E7%A4%BESTAND+UP/data=!4m7!3m6!1s0x600173e1c3073303:0xddadff7a56d6ab9b!8m2!3d34.9846032!4d135.9243647!16s%2Fg%2F11mb0g293m!19sChIJAzMHw-FzAWARm6vWVnr_rd0?authuser=0&hl=ja&rclk=1","大津市","大津市 SEO対策会社"
"株式会社 Piic","https://piic.co.jp/","大津市 雄琴３丁目２−３８ 2F","050-8893-8670","https://www.google.com/maps/place/%E6%A0%AA%E5%BC%8F%E4%BC%9A%E7%A4%BE+Piic/data=!4m7!3m6!1s0x600175bae7553a71:0x48a3321a707f2d36!8m2!3d35.0964014!4d135.9011415!16s%2Fg%2F11tsn0qzv3!19sChIJcTpV57p1AWARNi1_cBoyo0g?authuser=0&hl=ja&rclk=1","大津市","大津市 SEO対策会社"
"株式会社ロックウェーブ","https://www.aiship.jp/","大津市 逢坂１丁目１−1番1 プエルタ大津 1F","0120-173-163","https://www.google.com/maps/place/%E6%A0%AA%E5%BC%8F%E4%BC%9A%E7%A4%BE%E3%83%AD%E3%83%83%E3%82%AF%E3%82%A6%E3%82%A7%E3%83%BC%E3%83%96/data=!4m7!3m6!1s0x60010d208d7e88fb:0x9718b8814519b937!8m2!3d35.0025907!4d135.8649703!16s%2Fg%2F1v44dw9p!19sChIJ-4h-jSANAWARN7kZRYG4GJc?authuser=0&hl=ja&rclk=1","大津市","大津市 SEO対策会社"
"株式会社 晴々屋","https://harebareya.jp/","大津市 打出浜２−１ BizBaseコラボ21","077-599-4661","https://www.google.com/maps/place/%E6%A0%AA%E5%BC%8F%E4%BC%9A%E7%A4%BE+%E6%99%B4%E3%80%85%E5%B1%8B/data=!4m7!3m6!1s0x60010aca199cd787:0xed3433e840ccbcd0!8m2!3d35.0065801!4d135.8755307!16s%2Fg%2F1ts2_53w!19sChIJh9ecGcoKAWAR0LzMQOgzNO0?authuser=0&hl=ja&rclk=1","大津市","大津市 SEO対策会社"
"株式会社オズ・リンク","https://ozlink.co.jp/","京都市 蛸薬師下る手洗水町651-1 第14長谷ビル6F","075-334-8562","https://www.google.com/maps/place/%E6%A0%AA%E5%BC%8F%E4%BC%9A%E7%A4%BE%E3%82%AA%E3%82%BA%E3%83%BB%E3%83%AA%E3%83%B3%E3%82%AF/data=!4m7!3m6!1s0x600108830327bcf9:0x587aafd52cd15535!8m2!3d35.0058623!4d135.7593935!16s%2Fg%2F11bxf3rvlb!19sChIJ-bwnA4MIAWARNVXRLNWvelg?authuser=0&hl=ja&rclk=1","京都市","京都市 SEO対策会社"
"SEODESIGN 株式会社","http://www.seo-design.jp/","京都市 椹木町通烏丸西入養安町２４２−１","075-257-3661","https://www.google.com/maps/place/SEODESIGN+%E6%A0%AA%E5%BC%8F%E4%BC%9A%E7%A4%BE/data=!4m7!3m6!1s0x600108879db9397b:0x2fafe06163e97f57!8m2!3d35.018621!4d135.7590166!16s%2Fg%2F1tdcw_gz!19sChIJezm5nYcIAWARV3_pY2Hgry8?authuser=0&hl=ja&rclk=1","京都市","京都市 SEO対策会社"
"株式会社ドラマ","https://drama.co.jp/","京都市 朱雀正会町1番地1","075-585-5352","https://www.google.com/maps/place/%E6%A0%AA%E5%BC%8F%E4%BC%9A%E7%A4%BE%E3%83%89%E3%83%A9%E3%83%9E/data=!4m7!3m6!1s0x60010e10ce16c95b:0x19fd743919939f47!8m2!3d34.9893363!4d135.7433514!16s%2Fg%2F11cn8y915l!19sChIJW8kWzhAOAWARR5-TGTl0_Rk?authuser=0&hl=ja&rclk=1","京都市","京都市 SEO対策会社"
"株式会社メディアインパクト","https://www.mediaimpact.co.jp/","京都市 甲斐守町９７ 2F","075-406-1349","https://www.google.com/maps/place/%E6%A0%AA%E5%BC%8F%E4%BC%9A%E7%A4%BE%E3%83%A1%E3%83%87%E3%82%A3%E3%82%A2%E3%82%A4%E3%83%B3%E3%83%91%E3%82%AF%E3%83%88/data=!4m7!3m6!1s0x60010876358172a5:0xdf92be212ccb0b20!8m2!3d35.0248989!4d135.7533519!16s%2Fg%2F1hc3vfmkq!19sChIJpXKBNXYIAWARIAvLLCG-kt8?authuser=0&hl=ja&rclk=1","京都市","京都市 SEO対策会社"
"有限会社パースアシスタント","http://www.tsurukame.net/","京都市 太秦垂箕山町１１−２","075-872-4060","https://www.google.com/maps/place/%E6%9C%89%E9%99%90%E4%BC%9A%E7%A4%BE%E3%83%91%E3%83%BC%E3%82%B9%E3%82%A2%E3%82%B7%E3%82%B9%E3%82%BF%E3%83%B3%E3%83%88/data=!4m7!3m6!1s0x600107660968fda7:0xcb23a1cb0d454a57!8m2!3d35.0161276!4d135.6997726!16s%2Fg%2F1tghph10!19sChIJp_1oCWYHAWARV0pFDcuhI8s?authuser=0&hl=ja&rclk=1","京都市","京都市 SEO対策会社"
"ホームページ制作","https://www.nexus-hld.co.jp/","京都市 笹屋町４３６ 永和御池ビル 606号","075-600-2673","https://www.google.com/maps/place/%E3%83%9B%E3%83%BC%E3%83%A0%E3%83%9A%E3%83%BC%E3%82%B8%E5%88%B6%E4%BD%9C/data=!4m7!3m6!1s0x60010994d6da8d29:0xe98630aaafe8d3dd!8m2!3d35.0105249!4d135.7613356!16s%2Fg%2F11y2n1nvzf!19sChIJKY3a1pQJAWAR3dPor6owhuk?authuser=0&hl=ja&rclk=1","京都市","京都市 ホームページ集客支援"
"Kitchen-Lab KACOM","https://www.kacom.net/","奈良市 学園南３丁目２−１１","090-1965-3903","https://www.google.com/maps/place/Kitchen-Lab+KACOM/data=!4m7!3m6!1s0x6001230300470f25:0xf4e816c2076d1b03!8m2!3d34.6936998!4d135.7515169!16s%2Fg%2F11rsb1q2hx!19sChIJJQ9HAAMjAWARAxttB8IW6PQ?authuser=0&hl=ja&rclk=1","奈良市","奈良市 ホームページ集客支援"
"キステム","http://www.kistem.com/","奈良市 高天町１０−１ T.T.ビル 4階","0742-22-1731","https://www.google.com/maps/place/%E3%82%AD%E3%82%B9%E3%83%86%E3%83%A0/data=!4m7!3m6!1s0x60013a29423e3b27:0x406ea487d0cc8908!8m2!3d34.6847016!4d135.8263353!16s%2Fg%2F1td0myfn!19sChIJJzs-Qik6AWARCInM0IekbkA?authuser=0&hl=ja&rclk=1","奈良市","奈良市 ホームページ集客支援"
"WEBコンサル","https://re-fect.net/","和歌山市 布施屋８４５","090-2012-3757","https://www.google.com/maps/place/WEB%E3%82%B3%E3%83%B3%E3%82%B5%E3%83%AB/data=!4m7!3m6!1s0x60074be9f3edcc3b:0x403ae5a9819e3ffc!8m2!3d34.2433836!4d135.2555403!16s%2Fg%2F11z3cf7gkn!19sChIJO8zt8-lLB2AR_D-eganlOkA?authuser=0&hl=ja&rclk=1","和歌山市","和歌山市 SEO対策会社"
"株式会社ウェスタナ","https://www.westana.co.jp/","神戸市 向洋町中６丁目９ 神戸ファッションマート 7F","078-891-6922","https://www.google.com/maps/place/%E6%A0%AA%E5%BC%8F%E4%BC%9A%E7%A4%BE%E3%82%A6%E3%82%A7%E3%82%B9%E3%82%BF%E3%83%8A/data=!4m7!3m6!1s0x60008d9d96ee97f1:0xf0820657374f1f6b!8m2!3d34.6891397!4d135.2681585!16s%2Fg%2F11yw9n4s7q!19sChIJ8Zfulp2NAGARax9PN1cGgvA?authuser=0&hl=ja&rclk=1","神戸市","神戸市 SEO対策会社"
"nextcircle","https://next-circle.com/","神戸市 岩屋中町５丁目２−２９","080-7092-4895","https://www.google.com/maps/place/nextcircle/data=!4m7!3m6!1s0x3554e102582d0e2d:0x678c03ffa405d2d0!8m2!3d34.7033644!4d135.2170454!16s%2Fg%2F11shhmltw6!19sChIJLQ4tWALhVDUR0NIFpP8DjGc?authuser=0&hl=ja&rclk=1","神戸市","神戸市 SEO対策会社"
"神戸市片付けレスキュー","https://rescue-am.com/","神戸市 磯辺１丁目１−１８ カサベラ国際ビル 707","078-939-7315","https://www.google.com/maps/place/%E7%A5%9E%E6%88%B8%E5%B8%82%E7%89%87%E4%BB%98%E3%81%91%E3%83%AC%E3%82%B9%E3%82%AD%E3%83%A5%E3%83%BC/data=!4m7!3m6!1s0x2fcd12ddbdba58ef:0xcda1b15a6279b7df!8m2!3d34.6904661!4d135.2001324!16s%2Fg%2F11yzrcd789!19sChIJ71i6vd0SzS8R37d5Ylqxoc0?authuser=0&hl=ja&rclk=1","神戸市","神戸市 ホームページ集客支援"
"兵庫姫路ホームページ作成 I-D WEB DESIGN","https://id-webdesign.ise-daisuke.com/","姫路市 080-8943-9202","080-8943-9202","https://www.google.com/maps/place/%E5%85%B5%E5%BA%AB%E5%A7%AB%E8%B7%AF%E3%83%9B%E3%83%BC%E3%83%A0%E3%83%9A%E3%83%BC%E3%82%B8%E4%BD%9C%E6%88%90+I-D+WEB+DESIGN/data=!4m7!3m6!1s0x240faf7790f83c11:0x755a3eb77fef0d!8m2!3d32.9998961!4d138.4293072!16s%2Fg%2F11ylxt1009!19sChIJETz4kHevDyQRDe9_tz5adQA?authuser=0&hl=ja&rclk=1","姫路市","姫路市 SEO対策会社"
"Deebo","https://www.deebo.co.jp/","姫路市 六角４２３−３","080-3848-1133","https://www.google.com/maps/place/Deebo/data=!4m7!3m6!1s0x35551fc2090abbf3:0xce6fbcb9b3a8556c!8m2!3d34.8829064!4d134.6382098!16s%2Fg%2F11rvbj34r5!19sChIJ87sKCcIfVTURbFWos7m8b84?authuser=0&hl=ja&rclk=1","姫路市","姫路市 SEO対策会社"
"起業プラザひょうご姫路","https://kip-himeji.biz/","姫路市 本町127 番地 大手前ダイネンBLD.II 3 階","079-287-8686","https://www.google.com/maps/place/%E8%B5%B7%E6%A5%AD%E3%83%97%E3%83%A9%E3%82%B6%E3%81%B2%E3%82%87%E3%81%86%E3%81%94%E5%A7%AB%E8%B7%AF/data=!4m7!3m6!1s0x3554e15f4b9ff6d9:0x8baab77c5916f61b!8m2!3d34.832517!4d134.6915014!16s%2Fg%2F11jttn6gjn!19sChIJ2fafS1_hVDURG_YWWXy3qos?authuser=0&hl=ja&rclk=1","姫路市","姫路市 ホームページ集客支援"
"株式会社エクシード 岡山営業所","https://www.exeed.biz/","岡山市 下石井２丁目１０−１２ 杜の街グレースオフィススクエア 7F","086-232-7011","https://www.google.com/maps/place/%E6%A0%AA%E5%BC%8F%E4%BC%9A%E7%A4%BE%E3%82%A8%E3%82%AF%E3%82%B7%E3%83%BC%E3%83%89+%E5%B2%A1%E5%B1%B1%E5%96%B6%E6%A5%AD%E6%89%80/data=!4m7!3m6!1s0x3554070d6c6a1d23:0xe6448592f7db6565!8m2!3d34.6577487!4d133.9186272!16s%2Fg%2F11l32_1h88!19sChIJIx1qbA0HVDURZWXb95KFROY?authuser=0&hl=ja&rclk=1","岡山市","岡山市 ホームページ集客支援"
"EB Hiroshima Mobile","https://www.eastbridge.co.jp/","広島市 WAKO広島駅前ビル, 401, １-３ 京橋町","082-546-9805","https://www.google.com/maps/place/EB+Hiroshima+Mobile/data=!4m7!3m6!1s0x355a9f39def29bb7:0xd197374bfea9fade!8m2!3d34.3947392!4d132.4730359!16s%2Fg%2F11y0tbr_yz!19sChIJt5vy3jmfWjUR3vqp_ks3l9E?authuser=0&hl=ja&rclk=1","広島市","広島市 ホームページ集客支援"
"合同会社デジタルボーイ 山口オフィス","https://bigdata-analytics.jp/","山口市 大内長野１９１９−１","050-8893-6771","https://www.google.com/maps/place/%E5%90%88%E5%90%8C%E4%BC%9A%E7%A4%BE%E3%83%87%E3%82%B8%E3%82%BF%E3%83%AB%E3%83%9C%E3%83%BC%E3%82%A4+%E5%B1%B1%E5%8F%A3%E3%82%AA%E3%83%95%E3%82%A3%E3%82%B9/data=!4m7!3m6!1s0x3544974b25f37cb9:0x170ec11cddf8754f!8m2!3d34.15879!4d131.5084475!16s%2Fg%2F11wn62slnz!19sChIJuXzzJUuXRDURT3X43RzBDhc?authuser=0&hl=ja&rclk=1","山口市","山口市 SEO対策会社"
"香川県高松市のホームページ制作スライム","https://xn--eckyb2g8a.jp/","高松市 神在川窪町２１６−１","070-3791-5336","https://www.google.com/maps/place/%E9%A6%99%E5%B7%9D%E7%9C%8C%E9%AB%98%E6%9D%BE%E5%B8%82%E3%81%AE%E3%83%9B%E3%83%BC%E3%83%A0%E3%83%9A%E3%83%BC%E3%82%B8%E5%88%B6%E4%BD%9C%E3%82%B9%E3%83%A9%E3%82%A4%E3%83%A0/data=!4m7!3m6!1s0x2a7f437448064fa3:0x6baf2bc623b2013b!8m2!3d34.3570783!4d133.9824943!16s%2Fg%2F11nj2cb230!19sChIJo08GSHRDfyoROwGyI8Yrr2s?authuser=0&hl=ja&rclk=1","高松市","高松市 SEO対策会社"
"株式会社タケダ AI導入支援事業部","https://web.takedaz.co.jp/","高松市 木太町１１４７−１","087-868-6688","https://www.google.com/maps/place/%E6%A0%AA%E5%BC%8F%E4%BC%9A%E7%A4%BE%E3%82%BF%E3%82%B1%E3%83%80+AI%E5%B0%8E%E5%85%A5%E6%94%AF%E6%8F%B4%E4%BA%8B%E6%A5%AD%E9%83%A8/data=!4m7!3m6!1s0x3553ebf987f58017:0x2432af65e5d0092d!8m2!3d34.3218571!4d134.068779!16s%2Fg%2F11vk3vjyrf!19sChIJF4D1h_nrUzURLQnQ5WWvMiQ?authuser=0&hl=ja&rclk=1","高松市","高松市 SEO対策会社"
"しごと計画学校 高松校","https://school.e-arpa.jp/","高松市 今里町２丁目１１−１７","087-834-3901","https://www.google.com/maps/place/%E3%81%97%E3%81%94%E3%81%A8%E8%A8%88%E7%94%BB%E5%AD%A6%E6%A0%A1+%E9%AB%98%E6%9D%BE%E6%A0%A1/data=!4m7!3m6!1s0x3553eba4ee5bcaf5:0x5fbbb7162b351d02!8m2!3d34.3245717!4d134.0639509!16s%2Fg%2F11h_6rrs1k!19sChIJ9cpb7qTrUzURAh01Kxa3u18?authuser=0&hl=ja&rclk=1","高松市","高松市 ホームページ集客支援"
"ホームページ作成","https://spica.co.jp/","松山市 山越１丁目２−２７ ２０２号","089-994-6460","https://www.google.com/maps/place/%E3%83%9B%E3%83%BC%E3%83%A0%E3%83%9A%E3%83%BC%E3%82%B8%E4%BD%9C%E6%88%90/data=!4m7!3m6!1s0x354fe5b168e7646d:0x887ff1a06e163549!8m2!3d33.8573107!4d132.7571345!16s%2Fg%2F11mdn_4xcr!19sChIJbWTnaLHlTzURSTUWbqDxf4g?authuser=0&hl=ja&rclk=1","松山市","松山市 ホームページ集客支援"
"クルービジョン株式会社","https://www.crew-vision.co.jp/","高知市 稲荷町7−２１−４０３","088-881-7907","https://www.google.com/maps/place/%E3%82%AF%E3%83%AB%E3%83%BC%E3%83%93%E3%82%B8%E3%83%A7%E3%83%B3%E6%A0%AA%E5%BC%8F%E4%BC%9A%E7%A4%BE/data=!4m7!3m6!1s0x354e19b0043ae93b:0x49a0660d300bc330!8m2!3d33.5547011!4d133.5603768!16s%2Fg%2F11q3cp2p39!19sChIJO-k6BLAZTjURMMMLMA1moEk?authuser=0&hl=ja&rclk=1","高知市","高知市 SEO対策会社"
"株式会社カミノバ・バサラ","http://www.basara-web.com/","高知市 北本町１丁目１０−３１","088-854-7010","https://www.google.com/maps/place/%E6%A0%AA%E5%BC%8F%E4%BC%9A%E7%A4%BE%E3%82%AB%E3%83%9F%E3%83%8E%E3%83%90%E3%83%BB%E3%83%90%E3%82%B5%E3%83%A9/data=!4m7!3m6!1s0x354e1eccbce26b1b:0x497baa85d3526862!8m2!3d33.5664736!4d133.5398148!16s%2Fg%2F1tfwmryr!19sChIJG2vivMweTjURYmhS04Wqe0k?authuser=0&hl=ja&rclk=1","高知市","高知市 SEO対策会社"
"企業支援コンサルティング株式会社","https://www.cloudkyujin.com/","高知市 新本町２丁目５−１４","0120-926-629","https://www.google.com/maps/place/%E4%BC%81%E6%A5%AD%E6%94%AF%E6%8F%B4%E3%82%B3%E3%83%B3%E3%82%B5%E3%83%AB%E3%83%86%E3%82%A3%E3%83%B3%E3%82%B0%E6%A0%AA%E5%BC%8F%E4%BC%9A%E7%A4%BE/data=!4m7!3m6!1s0x354e19d7a6b27623:0xecc1293acf924f6f!8m2!3d33.5685865!4d133.5467485!16s%2Fg%2F11p7402127!19sChIJI3ayptcZTjURb0-Szzopwew?authuser=0&hl=ja&rclk=1","高知市","高知市 SEO対策会社"
"STAY GOLD 北九州の起業・集客コンサルタント","https://st-gold.jp/","北九州市 長尾４丁目２７","090-5949-5588","https://www.google.com/maps/place/STAY+GOLD+%E5%8C%97%E4%B9%9D%E5%B7%9E%E3%81%AE%E8%B5%B7%E6%A5%AD%E3%83%BB%E9%9B%86%E5%AE%A2%E3%82%B3%E3%83%B3%E3%82%B5%E3%83%AB%E3%82%BF%E3%83%B3%E3%83%88/data=!4m7!3m6!1s0x3543c7a46988dc59:0xa26b4a5deee884b7!8m2!3d33.8224489!4d130.8557369!16s%2Fg%2F11ngxrz0m2!19sChIJWdyIaaTHQzURt4To7l1Ka6I?authuser=0&hl=ja&rclk=1","北九州市","北九州市 SEO対策会社"
"株式会社 ＳＥＯ","https://www.sasaeai-k.com/","北九州市 東篠崎１丁目４−１ ＴＡＫＡビル片野","","https://www.google.com/maps/place/%E6%A0%AA%E5%BC%8F%E4%BC%9A%E7%A4%BE+%EF%BC%B3%EF%BC%A5%EF%BC%AF/data=!4m7!3m6!1s0x3543c19b5e3e2903:0x1e6f1f13cd03d776!8m2!3d33.8666851!4d130.8795587!16s%2Fg%2F11j1lyzv35!19sChIJAyk-XpvBQzURdtcDzRMfbx4?authuser=0&hl=ja&rclk=1","北九州市","北九州市 SEO対策会社"
"株式会社スゴヨク 福岡本社","https://sugoyoku.com/","福岡市 舞鶴１丁目８−３９ 3F","0120-102-106","https://www.google.com/maps/place/%E6%A0%AA%E5%BC%8F%E4%BC%9A%E7%A4%BE%E3%82%B9%E3%82%B4%E3%83%A8%E3%82%AF+%E7%A6%8F%E5%B2%A1%E6%9C%AC%E7%A4%BE/data=!4m7!3m6!1s0x354184375882cdc1:0x49bf871d85e5c671!8m2!3d33.5929105!4d130.3948326!16s%2Fg%2F11bx82gp2l!19sChIJwc2CWDeEQTURccblhR2Hv0k?authuser=0&hl=ja&rclk=1","福岡市","福岡市 SEO対策会社"
"セブンアイズ","http://7eyese.com/","福岡市 赤坂３丁目４−３１","090-2518-4196","https://www.google.com/maps/place/%E3%82%BB%E3%83%96%E3%83%B3%E3%82%A2%E3%82%A4%E3%82%BA/data=!4m7!3m6!1s0x354193fc0f230da3:0x3499fcd7de6337f6!8m2!3d33.582682!4d130.384036!16s%2Fg%2F11g_x66hd7!19sChIJow0jD_yTQTUR9jdj3tf8mTQ?authuser=0&hl=ja&rclk=1","福岡市","福岡市 SEO対策会社"
"合同会社フィット (SHIN-FIT)","https://hp-seisaku.fukuoka.jp/","福岡市 博多駅南４丁目１−３０ ロフティ博多駅ウエルス 401号室","092-481-1080","https://www.google.com/maps/place/%E5%90%88%E5%90%8C%E4%BC%9A%E7%A4%BE%E3%83%95%E3%82%A3%E3%83%83%E3%83%88+%28SHIN-FIT%29/data=!4m7!3m6!1s0x354191b4616f2f37:0x4fc0b3782a72ab53!8m2!3d33.5822915!4d130.4285117!16s%2Fg%2F1tfbqnm0!19sChIJNy9vYbSRQTURU6tyKnizwE8?authuser=0&hl=ja&rclk=1","福岡市","福岡市 ホームページ集客支援"
"ＧＬＡＤＮＩＮＥ","https://gladnine.jp/otoiawase","久留米市 国分町１１０６−２９","090-4582-9950","https://www.google.com/maps/place/%EF%BC%A7%EF%BC%AC%EF%BC%A1%EF%BC%A4%EF%BC%AE%EF%BC%A9%EF%BC%AE%EF%BC%A5/data=!4m7!3m6!1s0x3541a5b7107e76e3:0x3114926d81c14e26!8m2!3d33.2943563!4d130.5329213!16s%2Fg%2F11f54r14t_!19sChIJ43Z-ELelQTURJk7BgW2SFDE?authuser=0&hl=ja&rclk=1","久留米市","久留米市 SEO対策会社"
"DSSコンサルティング","https://consulting-office.biz/","長崎市 樺島町9−３２−２０４","090-3662-7846","https://www.google.com/maps/place/DSS%E3%82%B3%E3%83%B3%E3%82%B5%E3%83%AB%E3%83%86%E3%82%A3%E3%83%B3%E3%82%B0/data=!4m7!3m6!1s0x3515533e90808ec9:0x4373d916a4914ed!8m2!3d32.7472013!4d129.8739951!16s%2Fg%2F11t5_9xbhf!19sChIJyY6AkD5TFTUR7RRJapE9NwQ?authuser=0&hl=ja&rclk=1","長崎市","長崎市 SEO対策会社"
"AI電脳助人長崎株式会社","https://aipc.co.jp/","長崎市 柳谷町２６−４","095-815-8417","https://www.google.com/maps/place/AI%E9%9B%BB%E8%84%B3%E5%8A%A9%E4%BA%BA%E9%95%B7%E5%B4%8E%E6%A0%AA%E5%BC%8F%E4%BC%9A%E7%A4%BE/data=!4m7!3m6!1s0x356aad1ec561edc5:0x4febdc5bac7eaee1!8m2!3d32.7929207!4d129.8534141!16s%2Fg%2F11ggz48885!19sChIJxe1hxR6tajUR4a5-rFvc608?authuser=0&hl=ja&rclk=1","長崎市","長崎市 SEO対策会社"
"長崎のデジタルワークセットアップ","https://setup-n.com/","長崎市 油木町２−１６","095-865-8493","https://www.google.com/maps/place/%E9%95%B7%E5%B4%8E%E3%81%AE%E3%83%87%E3%82%B8%E3%82%BF%E3%83%AB%E3%83%AF%E3%83%BC%E3%82%AF%E3%82%BB%E3%83%83%E3%83%88%E3%82%A2%E3%83%83%E3%83%97/data=!4m7!3m6!1s0x356aad1776ffaee1:0x9cf8c847a8366a5f!8m2!3d32.7780772!4d129.8585503!16s%2Fg%2F11fthg2b8q!19sChIJ4a7_dhetajURX2o2qEfI-Jw?authuser=0&hl=ja&rclk=1","長崎市","長崎市 SEO対策会社"
"合同会社Assist 長崎営業所","https://assist-ngs.com/","長崎市 中園町２１−２３ 中村ビル 202号","095-800-1748","https://www.google.com/maps/place/%E5%90%88%E5%90%8C%E4%BC%9A%E7%A4%BEAssist+%E9%95%B7%E5%B4%8E%E5%96%B6%E6%A5%AD%E6%89%80/data=!4m7!3m6!1s0x356aad002d740519:0x959ae8637e089ff8!8m2!3d32.7937004!4d129.8574165!16s%2Fg%2F11vm7dm3tr!19sChIJGQV0LQCtajUR-J8IfmPompU?authuser=0&hl=ja&rclk=1","長崎市","長崎市 ホームページ集客支援"
"Rapid Grow","https://rapidgrow541402970.wordpress.com/","熊本市 白藤２丁目３−８１","080-2701-0371","https://www.google.com/maps/place/Rapid+Grow/data=!4m7!3m6!1s0x35408bd3e3ba1739:0xd3020bdc51e8dc71!8m2!3d32.7493785!4d130.6812837!16s%2Fg%2F11q_085nf5!19sChIJORe649OLQDURcdzoUdwLAtM?authuser=0&hl=ja&rclk=1","熊本市","熊本市 SEO対策会社"
"株式会社PLEASURE","https://m-pleasure.com/","熊本市 健軍本町２２−１１","096-288-7190","https://www.google.com/maps/place/%E6%A0%AA%E5%BC%8F%E4%BC%9A%E7%A4%BEPLEASURE/data=!4m7!3m6!1s0x3540f232e1268185:0x4f9cca5e1a6483c4!8m2!3d32.7880605!4d130.7578443!16s%2Fg%2F11fd56bf3s!19sChIJhYEm4TLyQDURxINkGl7KnE8?authuser=0&hl=ja&rclk=1","熊本市","熊本市 ホームページ集客支援"
"テコハブ株式会社","https://teco-hub.com/","熊本市 迎町１丁目４−１４ 石橋ビル 202","096-240-3217","https://www.google.com/maps/place/%E3%83%86%E3%82%B3%E3%83%8F%E3%83%96%E6%A0%AA%E5%BC%8F%E4%BC%9A%E7%A4%BE/data=!4m7!3m6!1s0x3540f391f05d9909:0x7f1e13b0ca741e43!8m2!3d32.7915759!4d130.7020472!16s%2Fg%2F11gy68bjph!19sChIJCZld8JHzQDURQx50yrATHn8?authuser=0&hl=ja&rclk=1","熊本市","熊本市 ホームページ集客支援"
"ほり中小企業診断士事務所","https://www.hori-rmc-office.com/","大分市 末広町１丁目５−１６ ユナイテッド末広ビル 3F","050-1726-5793","https://www.google.com/maps/place/%E3%81%BB%E3%82%8A%E4%B8%AD%E5%B0%8F%E4%BC%81%E6%A5%AD%E8%A8%BA%E6%96%AD%E5%A3%AB%E4%BA%8B%E5%8B%99%E6%89%80/data=!4m7!3m6!1s0x354698b7799c3379:0x335d993dfecc56ba!8m2!3d33.2352859!4d131.6054823!16s%2Fg%2F11ddzyvmbf!19sChIJeTOcebeYRjURulbM_j2ZXTM?authuser=0&hl=ja&rclk=1","大分市","大分市 SEO対策会社"
"ムビサポQ - シェアードクリエイション株式会社","https://movie-support.jp/","大分市 金池南１丁目１０−２７ 金池木村ビル 1F","097-574-5252","https://www.google.com/maps/place/%E3%83%A0%E3%83%93%E3%82%B5%E3%83%9DQ+-+%E3%82%B7%E3%82%A7%E3%82%A2%E3%83%BC%E3%83%89%E3%82%AF%E3%83%AA%E3%82%A8%E3%82%A4%E3%82%B7%E3%83%A7%E3%83%B3%E6%A0%AA%E5%BC%8F%E4%BC%9A%E7%A4%BE/data=!4m7!3m6!1s0x35469f9f38290b07:0xd294b6a84876427f!8m2!3d33.2287292!4d131.6070061!16s%2Fg%2F11p00c49t5!19sChIJBwspOJ-fRjURf0J2SKi2lNI?authuser=0&hl=ja&rclk=1","大分市","大分市 ホームページ集客支援"
"株式会社まなびと","https://manabito.biz/","宮崎市 橘通東４丁目９−３","0985-71-2605","https://www.google.com/maps/place/%E6%A0%AA%E5%BC%8F%E4%BC%9A%E7%A4%BE%E3%81%BE%E3%81%AA%E3%81%B3%E3%81%A8/data=!4m7!3m6!1s0x3538b7c73abedf53:0x1e3b13cc6b1915a5!8m2!3d31.9178224!4d131.4253073!16s%2Fg%2F11h3fqxqgh!19sChIJU9--Ose3ODURpRUZa8wTOx4?authuser=0&hl=ja&rclk=1","宮崎市","宮崎市 SEO対策会社"
"株式会社エフオーアール","https://for-i.com/","宮崎市 神宮東３丁目１−２ 神宮ステーションビル 1F","0985-83-0815","https://www.google.com/maps/place/%E6%A0%AA%E5%BC%8F%E4%BC%9A%E7%A4%BE%E3%82%A8%E3%83%95%E3%82%AA%E3%83%BC%E3%82%A2%E3%83%BC%E3%83%AB/data=!4m7!3m6!1s0x3538b0b23bca0e85:0xe1bd5133135d3e6!8m2!3d31.9363222!4d131.4295385!16s%2Fg%2F11dxnnml37!19sChIJhQ7KO7KwODUR5tM1MRPVGw4?authuser=0&hl=ja&rclk=1","宮崎市","宮崎市 SEO対策会社"
"株式会社レッドキリン 宮崎サテライトオフィス","http://miyazaki.redkirin.co.jp/","宮崎市 橘通西３丁目１０−10番32号 宮崎ナナイロ東館 8階 ATOMica内","092-726-5550","https://www.google.com/maps/place/%E6%A0%AA%E5%BC%8F%E4%BC%9A%E7%A4%BE%E3%83%AC%E3%83%83%E3%83%89%E3%82%AD%E3%83%AA%E3%83%B3+%E5%AE%AE%E5%B4%8E%E3%82%B5%E3%83%86%E3%83%A9%E3%82%A4%E3%83%88%E3%82%AA%E3%83%95%E3%82%A3%E3%82%B9/data=!4m7!3m6!1s0x3538b711b6c1c857:0xd039287b37c362e3!8m2!3d31.9160404!4d131.4227653!16s%2Fg%2F11dx9fzpny!19sChIJV8jBthG3ODUR42LDN3soOdA?authuser=0&hl=ja&rclk=1","宮崎市","宮崎市 ホームページ集客支援"
"株式会社シイツウ","https://www.c2-inc.com/","鹿児島市 下荒田１丁目１−２０ そうごビル","099-297-5711","https://www.google.com/maps/place/%E6%A0%AA%E5%BC%8F%E4%BC%9A%E7%A4%BE%E3%82%B7%E3%82%A4%E3%83%84%E3%82%A6/data=!4m7!3m6!1s0x353e60b326fa6441:0xf8b53b62e45775d0!8m2!3d31.57931!4d130.5542535!16s%2Fg%2F1tp0bfft!19sChIJQWT6JrNgPjUR0HVX5GI7tfg?authuser=0&hl=ja&rclk=1","鹿児島市","鹿児島市 SEO対策会社"
"株式会社STUDIO K","https://studiok-co.jp/","鹿児島市 中央町１４−９ 三森ビル 302","099-203-0477","https://www.google.com/maps/place/%E6%A0%AA%E5%BC%8F%E4%BC%9A%E7%A4%BESTUDIO+K/data=!4m7!3m6!1s0x353e674e48131ff9:0xe04eaf79d15547c!8m2!3d31.583574!4d130.546359!16s%2Fg%2F11f_1bv980!19sChIJ-R8TSE5nPjURfFQVnffqBA4?authuser=0&hl=ja&rclk=1","鹿児島市","鹿児島市 SEO対策会社"
"集客天道 〜Lady Beetles 〜","http://ladybeetles.info/","鹿児島市 平之町６−５ イズミビル 503","080-6444-8856","https://www.google.com/maps/place/%E9%9B%86%E5%AE%A2%E5%A4%A9%E9%81%93+%E3%80%9CLady+Beetles+%E3%80%9C/data=!4m7!3m6!1s0x353e67cbb0f1a12b:0x10f2ccfeb794c386!8m2!3d31.5912663!4d130.5454355!16s%2Fg%2F11fwvrvtf5!19sChIJK6HxsMtnPjURhsOUt_7M8hA?authuser=0&hl=ja&rclk=1","鹿児島市","鹿児島市 ホームページ集客支援"
"沖縄SEO対策センター","http://www.okinawaseo.jp/","那覇市 若狭２丁目２０−９","090-7270-2968","https://www.google.com/maps/place/%E6%B2%96%E7%B8%84SEO%E5%AF%BE%E7%AD%96%E3%82%BB%E3%83%B3%E3%82%BF%E3%83%BC/data=!4m7!3m6!1s0x34e569846e290521:0x8bc6b52449722f4f!8m2!3d26.222378!4d127.675231!16s%2Fg%2F11f24wsy8h!19sChIJIQUpboRp5TQRTy9ySSS1xos?authuser=0&hl=ja&rclk=1","那覇市","那覇市 SEO対策会社"
"沖縄MEOサポート TOGO","https://actyufed.gensparkspace.com/","那覇市 安謝６１９−１１ シャトーグロワール","090-6367-7324","https://www.google.com/maps/place/%E6%B2%96%E7%B8%84MEO%E3%82%B5%E3%83%9D%E3%83%BC%E3%83%88+TOGO/data=!4m7!3m6!1s0x34e56b86282c5e4d:0xc8b52b3a0d930fad!8m2!3d26.2392044!4d127.6954227!16s%2Fg%2F11n432l6tp!19sChIJTV4sKIZr5TQRrQ-TDTortcg?authuser=0&hl=ja&rclk=1","那覇市","那覇市 SEO対策会社"
"沖縄ホームページ制作","http://xn--yck7ccu3lc7455c30ebl3e4owb.com/","那覇市 曙１丁目１６−３６","","https://www.google.com/maps/place/%E6%B2%96%E7%B8%84%E3%83%9B%E3%83%BC%E3%83%A0%E3%83%9A%E3%83%BC%E3%82%B8%E5%88%B6%E4%BD%9C/data=!4m7!3m6!1s0x34e56bcd54452215:0xa755e4fc1d4acb5b!8m2!3d26.2374606!4d127.6813734!16s%2Fg%2F1hc1y2jwn!19sChIJFSJFVM1r5TQRW8tKHfzkVac?authuser=0&hl=ja&rclk=1","那覇市","那覇市 SEO対策会社"
"ワマル㈱","https://wamaru8.com/","札幌市 南１条西４丁目13番地 日之出ビル 6階 ピクシー株式会社内","011-522-7681","https://www.google.com/maps/place/%E3%83%AF%E3%83%9E%E3%83%AB%E3%88%B1/data=!4m7!3m6!1s0x5f0b29760c6848a7:0x5b20635717d7f751!8m2!3d43.0593263!4d141.3520512!16s%2Fg%2F11dftc1r39!19sChIJp0hoDHYpC18RUffXF1djIFs?authuser=0&hl=ja&rclk=1","札幌市","札幌市 Webコンサルティング会社"
"コモノ㈱","https://commono.co.jp/","札幌市 北４条西１７丁目１−１１ 吉田ビル","011-215-8660","https://www.google.com/maps/place/%E3%82%B3%E3%83%A2%E3%83%8E%E3%88%B1/data=!4m7!3m6!1s0x5f0b29bc53b3c091:0xea09afc736ac1f0!8m2!3d43.062943!4d141.3292687!16s%2Fg%2F11c67tv_x_!19sChIJkcCzU7wpC18R8MFqc_yaoA4?authuser=0&hl=ja&rclk=1","札幌市","札幌市 Webコンサルティング会社"
"人にやさしいクリエイション","https://hitoniyasashii.com/","札幌市 011-600-0174","011-600-0174","https://www.google.com/maps/place/%E4%BA%BA%E3%81%AB%E3%82%84%E3%81%95%E3%81%97%E3%81%84%E3%82%AF%E3%83%AA%E3%82%A8%E3%82%A4%E3%82%B7%E3%83%A7%E3%83%B3/data=!4m7!3m6!1s0x5f0b29e72e223e11:0xe1f147bcb5288b71!8m2!3d42.9961379!4d141.4535288!16s%2Fg%2F11x16_cj6z!19sChIJET4iLucpC18RcYsotbxH8eE?authuser=0&hl=ja&rclk=1","札幌市","札幌市 Webコンサルティング会社"
"AK DESIGN STUDIO｜札幌ホームページ制作","https://ak-designstudio.com/","札幌市 本通４丁目南７−１９ 左側","090-9434-3039","https://www.google.com/maps/place/AK+DESIGN+STUDIO%EF%BD%9C%E6%9C%AD%E5%B9%8C%E3%83%9B%E3%83%BC%E3%83%A0%E3%83%9A%E3%83%BC%E3%82%B8%E5%88%B6%E4%BD%9C/data=!4m7!3m6!1s0x5f0b2bc2def0a527:0xcfac3211b54de2d0!8m2!3d43.0473234!4d141.4097783!16s%2Fg%2F11smv764vt!19sChIJJ6Xw3sIrC18R0OJNtREyrM8?authuser=0&hl=ja&rclk=1","札幌市","札幌市 Webコンサルティング会社"
"㈱イースト･デイリー","https://www.east-daily.jp/","札幌市 北１条西９丁目3−１ 南大通ビルN1 N1","011-208-1351","https://www.google.com/maps/place/%E3%88%B1%E3%82%A4%E3%83%BC%E3%82%B9%E3%83%88%EF%BD%A5%E3%83%87%E3%82%A4%E3%83%AA%E3%83%BC/data=!4m7!3m6!1s0x5f0b299fba22b99f:0xbe0942f27101534d!8m2!3d43.0605888!4d141.3427711!16s%2Fg%2F1tdlv1tz!19sChIJn7kiup8pC18RTVMBcfJCCb4?authuser=0&hl=ja&rclk=1","札幌市","札幌市 リスティング広告運用会社"
"㈱創文","http://www.soubunn.co.jp/","札幌市 南１条西４丁目 日之出ビル 7F","011-200-8611","https://www.google.com/maps/place/%E3%88%B1%E5%89%B5%E6%96%87/data=!4m7!3m6!1s0x5f0b2975e89db0bf:0xc8e65814b520384f!8m2!3d43.0591233!4d141.3521086!16s%2Fg%2F1tdbf6s7!19sChIJv7Cd6HUpC18RTzggtRRY5sg?authuser=0&hl=ja&rclk=1","札幌市","札幌市 リスティング広告運用会社"
"㈱InnoBell｜広告代理店","https://innobell.co.jp/","札幌市 北３条西７丁目１−１ SAKURA-N3(SKY-OFFICE) J室","","https://www.google.com/maps/place/%E3%88%B1InnoBell%EF%BD%9C%E5%BA%83%E5%91%8A%E4%BB%A3%E7%90%86%E5%BA%97/data=!4m7!3m6!1s0x5f0b29fe1203580d:0x15e3e8d1f880eb99!8m2!3d43.0639064!4d141.3452656!16s%2Fg%2F11xn5z0pz3!19sChIJDVgDEv4pC18RmeuA-NHo4xU?authuser=0&hl=ja&rclk=1","札幌市","札幌市 リスティング広告運用会社"
"札幌広告㈱","http://clean.ihin-recycle.jp/","札幌市 西野７条９丁目１１−１１","011-213-7735","https://www.google.com/maps/place/%E6%9C%AD%E5%B9%8C%E5%BA%83%E5%91%8A%E3%88%B1/data=!4m7!3m6!1s0x5f0b28207f222c49:0xf0b8856ff93fde53!8m2!3d43.0725105!4d141.261791!16s%2Fg%2F11btrsc05f!19sChIJSSwifyAoC18RU94_-W-FuPA?authuser=0&hl=ja&rclk=1","札幌市","札幌市 リスティング広告運用会社"
"株式会社フロンティア 仙台オフィス","https://frontier-w.co.jp/","仙台市 本町２丁目２−３ 鹿島広業ビル 12F","022-797-8618","https://www.google.com/maps/place/%E6%A0%AA%E5%BC%8F%E4%BC%9A%E7%A4%BE%E3%83%95%E3%83%AD%E3%83%B3%E3%83%86%E3%82%A3%E3%82%A2+%E4%BB%99%E5%8F%B0%E3%82%AA%E3%83%95%E3%82%A3%E3%82%B9/data=!4m7!3m6!1s0x5f8a29730f05a067:0x5b162db076e6ba02!8m2!3d38.2631433!4d140.8763087!16s%2Fg%2F11z31knfmn!19sChIJZ6AFD3Mpil8RArrmdrAtFls?authuser=0&hl=ja&rclk=1","仙台市","仙台市 Webコンサルティング会社"
"ヒューレックス㈱ 仙台本社（転職エージェント）","https://www.hurex.jp/","仙台市 中央１丁目３−１ Aer, 17階","0120-141-150","https://www.google.com/maps/place/%E3%83%92%E3%83%A5%E3%83%BC%E3%83%AC%E3%83%83%E3%82%AF%E3%82%B9%E3%88%B1+%E4%BB%99%E5%8F%B0%E6%9C%AC%E7%A4%BE%EF%BC%88%E8%BB%A2%E8%81%B7%E3%82%A8%E3%83%BC%E3%82%B8%E3%82%A7%E3%83%B3%E3%83%88%EF%BC%89/data=!4m7!3m6!1s0x5f8a28222c148811:0x217b381abbc0c313!8m2!3d38.2625085!4d140.8815304!16s%2Fg%2F1td1v7wc!19sChIJEYgULCIoil8RE8PAuxo4eyE?authuser=0&hl=ja&rclk=1","仙台市","仙台市 Webコンサルティング会社"
"㈱アイエムシー","https://i-m-c.co.jp/ad/listing_sendai/","仙台市 子平町１０−２","022-728-9974","https://www.google.com/maps/place/%E3%88%B1%E3%82%A2%E3%82%A4%E3%82%A8%E3%83%A0%E3%82%B7%E3%83%BC/data=!4m7!3m6!1s0x5f8a29c535c51d65:0xbd98ab6a3e57fcb1!8m2!3d38.2764222!4d140.8499139!16s%2Fg%2F11hblbddkh!19sChIJZR3FNcUpil8RsfxXPmqrmL0?authuser=0&hl=ja&rclk=1","仙台市","仙台市 リスティング広告運用会社"
"㈱第一プランニング","https://d1p.jp/","仙台市 中央４丁目１−２６ ４F","022-217-8080","https://www.google.com/maps/place/%E3%88%B1%E7%AC%AC%E4%B8%80%E3%83%97%E3%83%A9%E3%83%B3%E3%83%8B%E3%83%B3%E3%82%B0/data=!4m7!3m6!1s0x5f8a2815ed9cf0eb:0xecb7fa47869ecae4!8m2!3d38.2583662!4d140.8798568!16s%2Fg%2F1tfdynv3!19sChIJ6_Cc7RUoil8R5Mqehkf6t-w?authuser=0&hl=ja&rclk=1","仙台市","仙台市 リスティング広告運用会社"
"株式会社アイビーウィル","https://ibwill.com/","新潟市 神道寺南２丁目７−４３","025-385-7770","https://www.google.com/maps/place/%E6%A0%AA%E5%BC%8F%E4%BC%9A%E7%A4%BE%E3%82%A2%E3%82%A4%E3%83%93%E3%83%BC%E3%82%A6%E3%82%A3%E3%83%AB/data=!4m7!3m6!1s0x5ff4c93cb66d7f3f:0x4a37bf4fdbc0a577!8m2!3d37.8944904!4d139.0578508!16s%2Fg%2F11t_hs_v85!19sChIJP39ttjzJ9F8Rd6XA20-_N0o?authuser=0&hl=ja&rclk=1","新潟市","新潟市 Webコンサルティング会社"
"株式会社広伸","http://ad-koushin.co.jp/","新潟市 山木戸４丁目７−３","025-384-8144","https://www.google.com/maps/place/%28%E6%A0%AA%29%E5%BA%83%E4%BC%B8/data=!4m7!3m6!1s0x5ff4c84c8b448037:0xa379471301ad69c0!8m2!3d37.9218249!4d139.0839519!16s%2Fg%2F1tfc1w0v!19sChIJN4BEi0zI9F8RwGmtARNHeaM?authuser=0&hl=ja&rclk=1","新潟市","新潟市 リスティング広告運用会社"
"コラボ株式会社","https://www.collabo.link/","金沢市 横川７丁目２６ 2F","076-287-0026","https://www.google.com/maps/place/%E3%82%B3%E3%83%A9%E3%83%9C%E6%A0%AA%E5%BC%8F%E4%BC%9A%E7%A4%BE/data=!4m7!3m6!1s0x5ff8354c4f71a545:0xfb34468a211f9496!8m2!3d36.5425387!4d136.6248278!16s%2Fg%2F11pfcdfj83!19sChIJRaVxT0w1-F8RlpQfIYpGNPs?authuser=0&hl=ja&rclk=1","金沢市","金沢市 Webコンサルティング会社"
"シナジーコンサルティング株式会社","http://synergy-consul.com/","金沢市 幸町２３−23番地1 シナジービル","","https://www.google.com/maps/place/%E3%82%B7%E3%83%8A%E3%82%B8%E3%83%BC%E3%82%B3%E3%83%B3%E3%82%B5%E3%83%AB%E3%83%86%E3%82%A3%E3%83%B3%E3%82%B0%E6%A0%AA%E5%BC%8F%E4%BC%9A%E7%A4%BE/data=!4m7!3m6!1s0x5ff83470a499ba23:0xe2a8fd84c4348300!8m2!3d36.5542593!4d136.656672!16s%2Fg%2F11fy1j5dpq!19sChIJI7qZpHA0-F8RAIM0xIT9qOI?authuser=0&hl=ja&rclk=1","金沢市","金沢市 Webコンサルティング会社"
"株式会社あおばコンサルティング 長野オフィス","https://aoba-consult.jp/","長野市 南県町 1002番5クロススクエア長野県庁前403","026-219-6077","https://www.google.com/maps/place/%E6%A0%AA%E5%BC%8F%E4%BC%9A%E7%A4%BE%E3%81%82%E3%81%8A%E3%81%B0%E3%82%B3%E3%83%B3%E3%82%B5%E3%83%AB%E3%83%86%E3%82%A3%E3%83%B3%E3%82%B0+%E9%95%B7%E9%87%8E%E3%82%AA%E3%83%95%E3%82%A3%E3%82%B9/data=!4m7!3m6!1s0x601d871a0a4568f3:0xc1eb659a9d19d60e!8m2!3d36.6496345!4d138.1822835!16s%2Fg%2F11zd5bpghy!19sChIJ82hFChqHHWARDtYZnZpl68E?authuser=0&hl=ja&rclk=1","長野市","長野市 Webコンサルティング会社"
"株式会社ISTコンサルティング","http://ist-c.co.jp/","長野市 西尾張部１１１５−２ BSビル 1115-2","026-259-0480","https://www.google.com/maps/place/%E6%A0%AA%E5%BC%8F%E4%BC%9A%E7%A4%BEIST%E3%82%B3%E3%83%B3%E3%82%B5%E3%83%AB%E3%83%86%E3%82%A3%E3%83%B3%E3%82%B0/data=!4m7!3m6!1s0x601d860648c4b5dd:0x677ee5004915efb5!8m2!3d36.6480318!4d138.2309026!16s%2Fg%2F11b7h47_bw!19sChIJ3bXESAaGHWARte8VSQDlfmc?authuser=0&hl=ja&rclk=1","長野市","長野市 Webコンサルティング会社"
"家たてる・コンサル 水戸","https://ietateru-consul.com/","水戸市 元吉田町１４７４−１ 家たてる・コンサル水戸","0120-444-306","https://www.google.com/maps/place/%E5%AE%B6%E3%81%9F%E3%81%A6%E3%82%8B%E3%83%BB%E3%82%B3%E3%83%B3%E3%82%B5%E3%83%AB+%E6%B0%B4%E6%88%B8/data=!4m7!3m6!1s0x602225e7051872b9:0x6232c12fb2e05538!8m2!3d36.3418988!4d140.4706794!16s%2Fg%2F11q97t96lh!19sChIJuXIYBeclImAROFXgsi_BMmI?authuser=0&hl=ja&rclk=1","水戸市","水戸市 Webコンサルティング会社"
"WEBコンサルティングのイープレス","http://www.e-press.info/","水戸市 元吉田町１−３９８−１","029-247-5945","https://www.google.com/maps/place/WEB%E3%82%B3%E3%83%B3%E3%82%B5%E3%83%AB%E3%83%86%E3%82%A3%E3%83%B3%E3%82%B0%E3%81%AE%E3%82%A4%E3%83%BC%E3%83%97%E3%83%AC%E3%82%B9/data=!4m7!3m6!1s0x602224e2eb1678c9:0xe615439b607691ac!8m2!3d36.3593167!4d140.4707969!16s%2Fg%2F11gh352x2d!19sChIJyXgW6-IkImARrJF2YJtDFeY?authuser=0&hl=ja&rclk=1","水戸市","水戸市 Webコンサルティング会社"
"アバウトネット㈱ 水戸オフィス","https://about-web.jp/","水戸市 泉町２丁目２−３３ 水戸泉町ビル 7階","0120-202-376","https://www.google.com/maps/place/%E3%82%A2%E3%83%90%E3%82%A6%E3%83%88%E3%83%8D%E3%83%83%E3%83%88%E3%88%B1+%E6%B0%B4%E6%88%B8%E3%82%AA%E3%83%95%E3%82%A3%E3%82%B9/data=!4m7!3m6!1s0x602225fd99392447:0x2c35cdd2a025e0f7!8m2!3d36.3787299!4d140.4628355!16s%2Fg%2F11ksp47fj4!19sChIJRyQ5mf0lImAR9-AloNLNNSw?authuser=0&hl=ja&rclk=1","水戸市","水戸市 Webコンサルティング会社"
"税理士法人ゼニックス・コンサルティング 茨城事務所","http://xenixconsulting-ibaraki.com/","水戸市 元山町２丁目２−３６","029-353-8862","https://www.google.com/maps/place/%E7%A8%8E%E7%90%86%E5%A3%AB%E6%B3%95%E4%BA%BA%E3%82%BC%E3%83%8B%E3%83%83%E3%82%AF%E3%82%B9%E3%83%BB%E3%82%B3%E3%83%B3%E3%82%B5%E3%83%AB%E3%83%86%E3%82%A3%E3%83%B3%E3%82%B0+%E8%8C%A8%E5%9F%8E%E4%BA%8B%E5%8B%99%E6%89%80/data=!4m7!3m6!1s0x6022251d7997c39f:0xa741d4ef0f6bb479!8m2!3d36.3779097!4d140.4511907!16s%2Fg%2F11_v5g87m!19sChIJn8OXeR0lImARebRrD-_UQac?authuser=0&hl=ja&rclk=1","水戸市","水戸市 Webコンサルティング会社"
"有限会社双葉広告","https://futaba-agc.com/wp/","水戸市 鯉淵町４９９","029-257-0031","https://www.google.com/maps/place/%EF%BC%88%E6%9C%89%EF%BC%89%E5%8F%8C%E8%91%89%E5%BA%83%E5%91%8A/data=!4m7!3m6!1s0x60222243fbe92e97:0xd9bc48b6f15e1247!8m2!3d36.344851!4d140.373633!16s%2Fg%2F1v6p8z7v!19sChIJly7p-0MiImARRxJe8bZIvNk?authuser=0&hl=ja&rclk=1","水戸市","水戸市 リスティング広告運用会社"
"㈲時の広告社","http://tokino.co.jp/","水戸市 見川５丁目３０２−１","029-241-9216","https://www.google.com/maps/place/%E3%88%B2%E6%99%82%E3%81%AE%E5%BA%83%E5%91%8A%E7%A4%BE/data=!4m7!3m6!1s0x602224768eddad1f:0x203ff80fd8742398!8m2!3d36.3681868!4d140.4338543!16s%2Fg%2F1tks6f35!19sChIJH63djnYkImARmCN02A_4PyA?authuser=0&hl=ja&rclk=1","水戸市","水戸市 リスティング広告運用会社"
"株式会社弘栄","http://www.koei-ad.com/","水戸市 笠原町１７１１−１４ MKビル 2F","029-305-5173","https://www.google.com/maps/place/%EF%BC%88%E6%A0%AA%EF%BC%89%E5%BC%98%E6%A0%84/data=!4m7!3m6!1s0x602224f3707f5141:0xb3d7f86fc3256099!8m2!3d36.3398573!4d140.4530412!16s%2Fg%2F1tj9tfrm!19sChIJQVF_cPMkImARmWAlw2_417M?authuser=0&hl=ja&rclk=1","水戸市","水戸市 リスティング広告運用会社"
"株式会社 一期コンサルティング","http://ichigo-consulting.co.jp/","宇都宮市 宿郷３丁目１６−１２ 青木ビル 2F","028-678-5978","https://www.google.com/maps/place/%E6%A0%AA%E5%BC%8F%E4%BC%9A%E7%A4%BE+%E4%B8%80%E6%9C%9F%E3%82%B3%E3%83%B3%E3%82%B5%E3%83%AB%E3%83%86%E3%82%A3%E3%83%B3%E3%82%B0/data=!4m7!3m6!1s0x601f36f90e6b71a5:0x3c4d1d3763520b05!8m2!3d36.5554704!4d139.9084624!16s%2Fg%2F11gf9kp6_7!19sChIJpXFrDvk2H2ARBQtSYzcdTTw?authuser=0&hl=ja&rclk=1","宇都宮市","宇都宮市 Webコンサルティング会社"
"㈱マーケットネットワーク","https://www.market-n.co.jp/","宇都宮市 西一の沢町１２−２６","028-647-0200","https://www.google.com/maps/place/%E3%88%B1%E3%83%9E%E3%83%BC%E3%82%B1%E3%83%83%E3%83%88%E3%83%8D%E3%83%83%E3%83%88%E3%83%AF%E3%83%BC%E3%82%AF/data=!4m7!3m6!1s0x601f662b498e35f1:0xe76444131ca7735d!8m2!3d36.5640927!4d139.8585678!16s%2Fg%2F1tgmwcqq!19sChIJ8TWOSStmH2ARXXOnHBNEZOc?authuser=0&hl=ja&rclk=1","宇都宮市","宇都宮市 リスティング広告運用会社"
"株式会社アドブレイン","http://www.ad-brain.co.jp/","宇都宮市 中央５丁目１−１ ８KAMAGAWA LIVING 1F","028-678-6831","https://www.google.com/maps/place/%E6%A0%AA%E5%BC%8F%E4%BC%9A%E7%A4%BE%E3%82%A2%E3%83%89%E3%83%96%E3%83%AC%E3%82%A4%E3%83%B3/data=!4m7!3m6!1s0x601f67a2da9c3433:0xa8d22146b56217c0!8m2!3d36.558731!4d139.8862167!16s%2Fg%2F11jp9vqx9k!19sChIJMzSc2qJnH2ARwBditUYh0qg?authuser=0&hl=ja&rclk=1","宇都宮市","宇都宮市 リスティング広告運用会社"
"株式会社なないろ広告社","https://www.716ad.com/","宇都宮市 江曽島町１４１５−１９","028-645-6476","https://www.google.com/maps/place/%E6%A0%AA%E5%BC%8F%E4%BC%9A%E7%A4%BE%E3%81%AA%E3%81%AA%E3%81%84%E3%82%8D%E5%BA%83%E5%91%8A%E7%A4%BE/data=!4m7!3m6!1s0x601f5d19675546e7:0x15ae4d662c0ca47e!8m2!3d36.5254829!4d139.8793926!16s%2Fg%2F11h1p5l5h1!19sChIJ50ZVZxldH2ARfqQMLGZNrhU?authuser=0&hl=ja&rclk=1","宇都宮市","宇都宮市 リスティング広告運用会社"
"㈱下野広告社","http://www.shimotsuke-cm.jp/","宇都宮市 本町９−１７","028-666-8123","https://www.google.com/maps/place/%E3%88%B1%E4%B8%8B%E9%87%8E%E5%BA%83%E5%91%8A%E7%A4%BE/data=!4m7!3m6!1s0x601f67ba0cb80073:0xea70a3afdb1138a4!8m2!3d36.5637732!4d139.8815718!16s%2Fg%2F1z4507v99!19sChIJcwC4DLpnH2ARpDgR26-jcOo?authuser=0&hl=ja&rclk=1","宇都宮市","宇都宮市 リスティング広告運用会社"
"㈱アド広宣","https://ad-kousen.deci.jp/kan_bannoado_guang_xuan/hui_she_gai_yao.html","宇都宮市 徳次郎町２２３８−２","028-665-6204","https://www.google.com/maps/place/%E3%88%B1%E3%82%A2%E3%83%89%E5%BA%83%E5%AE%A3/data=!4m7!3m6!1s0x601f6f8ee67663d5:0x8cfc1308727a3bc2!8m2!3d36.6516284!4d139.8432601!16s%2Fg%2F1vtqw5_7!19sChIJ1WN25o5vH2ARwjt6cggT_Iw?authuser=0&hl=ja&rclk=1","宇都宮市","宇都宮市 リスティング広告運用会社"
"株式会社YNOコンサルティング","https://ynoconsulting.com/contact/","高崎市 藤塚町５１","080-3737-7834","https://www.google.com/maps/place/%E6%A0%AA%E5%BC%8F%E4%BC%9A%E7%A4%BEYNO%E3%82%B3%E3%83%B3%E3%82%B5%E3%83%AB%E3%83%86%E3%82%A3%E3%83%B3%E3%82%B0/data=!4m7!3m6!1s0x601e8ccab6ac3c9b:0xb95ae71d052e2663!8m2!3d36.3332731!4d138.9596789!16s%2Fg%2F11p0mshcbc!19sChIJmzystsqMHmARYyYuBR3nWrk?authuser=0&hl=ja&rclk=1","高崎市","高崎市 Webコンサルティング会社"
"株式会社スリーエイト","http://www.888inc.jp/","高崎市 下之城町５８４−７０ 産業創造館内","027-387-0440","https://www.google.com/maps/place/%E6%A0%AA%E5%BC%8F%E4%BC%9A%E7%A4%BE%E3%82%B9%E3%83%AA%E3%83%BC%E3%82%A8%E3%82%A4%E3%83%88/data=!4m7!3m6!1s0x601e92d0f3ada4bb:0x425e41a1860f3ba!8m2!3d36.3052322!4d139.0327278!16s%2Fg%2F1jkz231zc!19sChIJu6St89CSHmARuvNgGBrkJQQ?authuser=0&hl=ja&rclk=1","高崎市","高崎市 Webコンサルティング会社"
"ビズクリエイト","http://biz-create.com/","高崎市 上豊岡町７４７−７","027-329-6636","https://www.google.com/maps/place/%E3%83%93%E3%82%BA%E3%82%AF%E3%83%AA%E3%82%A8%E3%82%A4%E3%83%88/data=!4m7!3m6!1s0x601e8dd3612fd455:0xf4f35d6095490a95!8m2!3d36.3420225!4d138.9661482!16s%2Fg%2F11h0blzn2!19sChIJVdQvYdONHmARlQpJlWBd8_Q?authuser=0&hl=ja&rclk=1","高崎市","高崎市 Webコンサルティング会社"
"上信エージェンシー株式会社","https://www.joshin-ag.com/","高崎市 鶴見町５１","027-328-6613","https://www.google.com/maps/place/%E4%B8%8A%E4%BF%A1%E3%82%A8%E3%83%BC%E3%82%B8%E3%82%A7%E3%83%B3%E3%82%B7%E3%83%BC%E6%A0%AA%E5%BC%8F%E4%BC%9A%E7%A4%BE/data=!4m7!3m6!1s0x601e928528538437:0x35fb70451c13bd7e!8m2!3d36.319812!4d139.0119378!16s%2Fg%2F1tf8t5g7!19sChIJN4RTKIWSHmARfr0THEVw-zU?authuser=0&hl=ja&rclk=1","高崎市","高崎市 リスティング広告運用会社"
"ヒューマンドリームズ","http://www.h-dreams.co.jp/company/index.html","高崎市 東貝沢町２丁目３０−６","027-364-1191","https://www.google.com/maps/place/%E3%83%92%E3%83%A5%E3%83%BC%E3%83%9E%E3%83%B3%E3%83%89%E3%83%AA%E3%83%BC%E3%83%A0%E3%82%BA/data=!4m7!3m6!1s0x601e8d51f115d80d:0x44dfd3efbdc36633!8m2!3d36.3446825!4d139.035841!16s%2Fg%2F11b6hszl15!19sChIJDdgV8VGNHmARM2bDve_T30Q?authuser=0&hl=ja&rclk=1","高崎市","高崎市 リスティング広告運用会社"
"株式会社ユナイトリンク","https://unitelink.co.jp/","高崎市 江木町１５１０−１ シロタビル 3F","027-386-3242","https://www.google.com/maps/place/%E6%A0%AA%E5%BC%8F%E4%BC%9A%E7%A4%BE%E3%83%A6%E3%83%8A%E3%82%A4%E3%83%88%E3%83%AA%E3%83%B3%E3%82%AF/data=!4m7!3m6!1s0x601e8d6510ec1329:0xcdbcd9cefd6425bd!8m2!3d36.3330575!4d139.0275493!16s%2Fg%2F11lym1b29f!19sChIJKRPsEGWNHmARvSVk_c7ZvM0?authuser=0&hl=ja&rclk=1","高崎市","高崎市 リスティング広告運用会社"
"フォックスコンサルティング株式会社","https://foxconsul.com/","さいたま市 北浦和３丁目１６−３","070-3343-0100","https://www.google.com/maps/place/%E3%83%95%E3%82%A9%E3%83%83%E3%82%AF%E3%82%B9%E3%82%B3%E3%83%B3%E3%82%B5%E3%83%AB%E3%83%86%E3%82%A3%E3%83%B3%E3%82%B0%E6%A0%AA%E5%BC%8F%E4%BC%9A%E7%A4%BE/data=!4m7!3m6!1s0x6b21cb9203d30747:0x727788043abc13b6!8m2!3d35.8763381!4d139.6450312!16s%2Fg%2F11z8_8xhcb!19sChIJRwfTA5LLIWsRthO8OgSId3I?authuser=0&hl=ja&rclk=1","さいたま市","さいたま市 Webコンサルティング会社"
"合同会社リンド/ホームページ・アプリ制作/マーケティング/SEO/MEO","https://rind.co.jp/","さいたま市 太田窪３丁目８−１１","090-9311-7179","https://www.google.com/maps/place/%E5%90%88%E5%90%8C%E4%BC%9A%E7%A4%BE%E3%83%AA%E3%83%B3%E3%83%89%2F%E3%83%9B%E3%83%BC%E3%83%A0%E3%83%9A%E3%83%BC%E3%82%B8%E3%83%BB%E3%82%A2%E3%83%97%E3%83%AA%E5%88%B6%E4%BD%9C%2F%E3%83%9E%E3%83%BC%E3%82%B1%E3%83%86%E3%82%A3%E3%83%B3%E3%82%B0%2FSEO%2FMEO/data=!4m7!3m6!1s0x6018eaa3b7c3ce11:0x1d021a91ade62448!8m2!3d35.863171!4d139.673819!16s%2Fg%2F11f_1b4yf2!19sChIJEc7Dt6PqGGARSCTmrZEaAh0?authuser=0&hl=ja&rclk=1","さいたま市","さいたま市 Webコンサルティング会社"
"合同会社サクセシオ","https://successio.co.jp/","さいたま市 新中里５丁目１５−１８ ライオンズマンション与野 601","080-1052-3917","https://www.google.com/maps/place/%E5%90%88%E5%90%8C%E4%BC%9A%E7%A4%BE%E3%82%B5%E3%82%AF%E3%82%BB%E3%82%B7%E3%82%AA/data=!4m7!3m6!1s0x6018c11b1d3c9d4b:0x65a4ec39a07c94d7!8m2!3d35.8801803!4d139.6361704!16s%2Fg%2F11vys5jk14!19sChIJS508HRvBGGAR15R8oDnspGU?authuser=0&hl=ja&rclk=1","さいたま市","さいたま市 Webコンサルティング会社"
"㈱サムライ","https://www.samurai86.net/","さいたま市 大戸５丁目２０−１","048-834-3311","https://www.google.com/maps/place/%E3%88%B1%E3%82%B5%E3%83%A0%E3%83%A9%E3%82%A4/data=!4m7!3m6!1s0x6018c1c65d1a67f3:0x865cb4d847d4ca2c!8m2!3d35.8695482!4d139.6381037!16s%2Fg%2F1tdy_zs_!19sChIJ82caXcbBGGARLMrUR9i0XIY?authuser=0&hl=ja&rclk=1","さいたま市","さいたま市 リスティング広告運用会社"
"株式会社エース広告 大宮店","https://ace-k18.com/","さいたま市 東町２丁目１６ クリーンビル秋谷 101","048-658-0018","https://www.google.com/maps/place/%E6%A0%AA%E5%BC%8F%E4%BC%9A%E7%A4%BE%E3%82%A8%E3%83%BC%E3%82%B9%E5%BA%83%E5%91%8A+%E5%A4%A7%E5%AE%AE%E5%BA%97/data=!4m7!3m6!1s0x6018c13fcd77410d:0x6566e5950ab8ae94!8m2!3d35.9077563!4d139.6324179!16s%2Fg%2F1tqg0bgk!19sChIJDUF3zT_BGGARlK64CpXlZmU?authuser=0&hl=ja&rclk=1","さいたま市","さいたま市 リスティング広告運用会社"
"新日本広告社","http://www.adomaru.com/overview.html","さいたま市 東大宮３丁目３−１０","048-664-9389","https://www.google.com/maps/place/%E6%96%B0%E6%97%A5%E6%9C%AC%E5%BA%83%E5%91%8A%E7%A4%BE/data=!4m7!3m6!1s0x6018c6f28f5a256f:0xb5d223aad9fa046!8m2!3d35.9533408!4d139.6321915!16s%2Fg%2F1v3khj9g!19sChIJbyVaj_LGGGARRqCfrToiXQs?authuser=0&hl=ja&rclk=1","さいたま市","さいたま市 リスティング広告運用会社"
"株式会社千葉システムコンサルタント","https://www.cscinfo.co.jp/","千葉市 新宿２丁目５−１６ LKパークビル 3F","043-238-8546","https://www.google.com/maps/place/%EF%BC%88%E6%A0%AA%EF%BC%89%E5%8D%83%E8%91%89%E3%82%B7%E3%82%B9%E3%83%86%E3%83%A0%E3%82%B3%E3%83%B3%E3%82%B5%E3%83%AB%E3%82%BF%E3%83%B3%E3%83%88/data=!4m7!3m6!1s0x602284b380fc89c3:0x666a7b148cf3f341!8m2!3d35.607084!4d140.116226!16s%2Fg%2F1td65fb3!19sChIJw4n8gLOEImARQfPzjBR7amY?authuser=0&hl=ja&rclk=1","千葉市","千葉市 Webコンサルティング会社"
"株式会社トライズコンサルティング","https://trise-c.jp/","千葉市 弁天１丁目１５−３ B1F","043-400-3119","https://www.google.com/maps/place/%E6%A0%AA%E5%BC%8F%E4%BC%9A%E7%A4%BE%E3%83%88%E3%83%A9%E3%82%A4%E3%82%BA%E3%82%B3%E3%83%B3%E3%82%B5%E3%83%AB%E3%83%86%E3%82%A3%E3%83%B3%E3%82%B0/data=!4m7!3m6!1s0x602285c9891d3d33:0x7ed13d83f6bd8976!8m2!3d35.6146828!4d140.1127174!16s%2Fg%2F11j7hn0z0d!19sChIJMz0dicmFImARdom99oM90X4?authuser=0&hl=ja&rclk=1","千葉市","千葉市 Webコンサルティング会社"
"株式会社ＣＫコンサルティング","https://ckconsul.com/","千葉市 登戸１丁目２３−１６ 3階","043-441-3980","https://www.google.com/maps/place/%EF%BC%88%E6%A0%AA%EF%BC%89%EF%BC%A3%EF%BC%AB%E3%82%B3%E3%83%B3%E3%82%B5%E3%83%AB%E3%83%86%E3%82%A3%E3%83%B3%E3%82%B0/data=!4m7!3m6!1s0x6022853a6bd4d245:0xff42d9cb681c8d5e!8m2!3d35.609179!4d140.108177!16s%2Fg%2F11qpx0vk6q!19sChIJRdLUazqFImARXo0caMvZQv8?authuser=0&hl=ja&rclk=1","千葉市","千葉市 Webコンサルティング会社"
"株式会社アド総研","http://www.ad-souken.co.jp/","千葉市 中央２丁目３−１６","0120-938-127","https://www.google.com/maps/place/%E6%A0%AA%E5%BC%8F%E4%BC%9A%E7%A4%BE%E3%82%A2%E3%83%89%E7%B7%8F%E7%A0%94/data=!4m7!3m6!1s0x602284b57c6b2a81:0xc16f625f3b1bb920!8m2!3d35.6092771!4d140.1205533!16s%2Fg%2F1tdq63l9!19sChIJgSprfLWEImARILkbO19ib8E?authuser=0&hl=ja&rclk=1","千葉市","千葉市 リスティング広告運用会社"
"株式会社LiNC","https://linc-ad.jp/","千葉市 稲毛東３丁目７−４ 3F","043-301-6723","https://www.google.com/maps/place/%E6%A0%AA%E5%BC%8F%E4%BC%9A%E7%A4%BELiNC/data=!4m7!3m6!1s0x602283ca9b1f447f:0x8f6700e4e2e5f5c8!8m2!3d35.6367819!4d140.089966!16s%2Fg%2F11vxpdscn3!19sChIJf0Qfm8qDImARyPXl4uQAZ48?authuser=0&hl=ja&rclk=1","千葉市","千葉市 リスティング広告運用会社"
"株式会社ガーネットコンサルティング","https://gcltd.co.jp/","船橋市 本町１丁目２２−８","050-5369-1317","https://www.google.com/maps/place/%E6%A0%AA%E5%BC%8F%E4%BC%9A%E7%A4%BE%E3%82%AC%E3%83%BC%E3%83%8D%E3%83%83%E3%83%88%E3%82%B3%E3%83%B3%E3%82%B5%E3%83%AB%E3%83%86%E3%82%A3%E3%83%B3%E3%82%B0/data=!4m7!3m6!1s0x60187fda7191acff:0x9969d9c1a88174b8!8m2!3d35.6997068!4d139.9811576!16s%2Fg%2F11y9m01ywy!19sChIJ_6yRcdp_GGARuHSBqMHZaZk?authuser=0&hl=ja&rclk=1","船橋市","船橋市 Webコンサルティング会社"
"株式会社LINER広告社 船橋支社","http://www.liner-chiba.com/company.html","船橋市 印内町６８２−２","047-432-1223","https://www.google.com/maps/place/%EF%BC%88%E6%A0%AA%EF%BC%89LINER%E5%BA%83%E5%91%8A%E7%A4%BE+%E8%88%B9%E6%A9%8B%E6%94%AF%E7%A4%BE/data=!4m7!3m6!1s0x60188095cad46751:0x594e3ceb65acb61d!8m2!3d35.7046641!4d139.9597622!16s%2Fg%2F11btwv85z7!19sChIJUWfUypWAGGARHbasZes8Tlk?authuser=0&hl=ja&rclk=1","船橋市","船橋市 リスティング広告運用会社"
"株式会社アドベンチャー","http://www.attiban.com/","船橋市 高根町１５３４","0120-356-508","https://www.google.com/maps/place/%EF%BC%88%E6%A0%AA%EF%BC%89%E3%82%A2%E3%83%89%E3%83%99%E3%83%B3%E3%83%81%E3%83%A3%E3%83%BC/data=!4m7!3m6!1s0x60188011b43d4d8f:0xc84d4fb321997bb9!8m2!3d35.718641!4d140.0056901!16s%2Fg%2F1th56zf_!19sChIJj009tBGAGGARuXuZIbNPTcg?authuser=0&hl=ja&rclk=1","船橋市","船橋市 リスティング広告運用会社"
"アスタノット株式会社 - 柏の葉オフィス","https://asteknot.co.jp/","柏市 若柴178番地4 ショップ&オフィス棟 148街区2 柏の葉キャンパス 6F","03-6859-7336","https://www.google.com/maps/place/%E3%82%A2%E3%82%B9%E3%82%BF%E3%83%8E%E3%83%83%E3%83%88%E6%A0%AA%E5%BC%8F%E4%BC%9A%E7%A4%BE+-+%E6%9F%8F%E3%81%AE%E8%91%89%E3%82%AA%E3%83%95%E3%82%A3%E3%82%B9/data=!4m7!3m6!1s0x60189dbb3cf81151:0x565b933778da498f!8m2!3d35.8948839!4d139.9514703!16s%2Fg%2F11nnw4801t!19sChIJURH4PLudGGARj0naeDeTW1Y?authuser=0&hl=ja&rclk=1","柏市","柏市 リスティング広告運用会社"
"株式会社 星広告","https://www.had.co.jp/","柏市 東上町６−３１ HADビル","04-7166-7111","https://www.google.com/maps/place/%E6%A0%AA%E5%BC%8F%E4%BC%9A%E7%A4%BE+%E6%98%9F%E5%BA%83%E5%91%8A/data=!4m7!3m6!1s0x60189cdf9f25837b:0x4cf1b3f5070c8962!8m2!3d35.859911!4d139.976562!16s%2Fg%2F1tgkh93_!19sChIJe4Mln9-cGGARYokMB_Wz8Uw?authuser=0&hl=ja&rclk=1","柏市","柏市 リスティング広告運用会社"
"株式会社フィルズリンクス","https://www.fills.jp/","柏市 東２丁目３−６ 1階","04-7170-2293","https://www.google.com/maps/place/%E6%A0%AA%E5%BC%8F%E4%BC%9A%E7%A4%BE%E3%83%95%E3%82%A3%E3%83%AB%E3%82%BA%E3%83%AA%E3%83%B3%E3%82%AF%E3%82%B9/data=!4m7!3m6!1s0x60189d26fc487739:0xd024d8f3e44e8f79!8m2!3d35.8570318!4d139.9804589!16s%2Fg%2F119t9qt_f!19sChIJOXdI_CadGGAReY9O5PPYJNA?authuser=0&hl=ja&rclk=1","柏市","柏市 リスティング広告運用会社"
"株式会社FORCLE","https://forcle.co.jp/","横浜市 金港町７−３ 金港ビル 6階","045-900-9915","https://www.google.com/maps/place/%E6%A0%AA%E5%BC%8F%E4%BC%9A%E7%A4%BEFORCLE/data=!4m7!3m6!1s0x60188f6bbf40c96b:0x8d969512bce9d91!8m2!3d35.4698252!4d139.6267983!16s%2Fg%2F11sh4_py0s!19sChIJa8lAv2uPGGARkZ3OK1Fp2Qg?authuser=0&hl=ja&rclk=1","横浜市","横浜市 リスティング広告運用会社"
"㈱旭広告社","https://asahi-ad.co.jp/","横浜市 常盤町２丁目１９ 旭広告社本社ビル","045-681-2831","https://www.google.com/maps/place/%E3%88%B1%E6%97%AD%E5%BA%83%E5%91%8A%E7%A4%BE/data=!4m7!3m6!1s0x60185cf1290fc505:0x69cadb8bbf77af83!8m2!3d35.4455583!4d139.6373418!16s%2Fg%2F1trxk7hd!19sChIJBcUPKfFcGGARg693v4vbymk?authuser=0&hl=ja&rclk=1","横浜市","横浜市 リスティング広告運用会社"
"総合広告会社","https://www.tsuwa-mono.com/","横浜市 万代町１丁目2−３ 座間ビル B1","045-306-6770","https://www.google.com/maps/place/%E7%B7%8F%E5%90%88%E5%BA%83%E5%91%8A%E4%BC%9A%E7%A4%BE/data=!4m7!3m6!1s0x60185de3a5b672c3:0xf2d899e707fe87b8!8m2!3d35.4425229!4d139.6362355!16s%2Fg%2F11nr7l4zz0!19sChIJw3K2peNdGGARuIf-B-eZ2PI?authuser=0&hl=ja&rclk=1","横浜市","横浜市 リスティング広告運用会社"
"AOBコンサルティング","https://aobconsulting.co.jp/","川崎市 駅前本町１１−２ 4階","","https://www.google.com/maps/place/AOB%E3%82%B3%E3%83%B3%E3%82%B5%E3%83%AB%E3%83%86%E3%82%A3%E3%83%B3%E3%82%B0/data=!4m7!3m6!1s0x6018610ca6a72cbd:0x55d89064d47cdf12!8m2!3d35.5316263!4d139.6993142!16s%2Fg%2F11qmncrt3j!19sChIJvSynpgxhGGAREt981GSQ2FU?authuser=0&hl=ja&rclk=1","川崎市","川崎市 Webコンサルティング会社"
"スマート・ウェブ・コンサルティング合同会社","https://sw-consul.com/","川崎市 新川崎３−１−１４０８ イニシア新川崎","044-385-2063","https://www.google.com/maps/place/%E3%82%B9%E3%83%9E%E3%83%BC%E3%83%88%E3%83%BB%E3%82%A6%E3%82%A7%E3%83%96%E3%83%BB%E3%82%B3%E3%83%B3%E3%82%B5%E3%83%AB%E3%83%86%E3%82%A3%E3%83%B3%E3%82%B0%E5%90%88%E5%90%8C%E4%BC%9A%E7%A4%BE/data=!4m7!3m6!1s0x60185fbf6c128d1f:0x107c78bdb264784!8m2!3d35.5520991!4d139.6697071!16s%2Fg%2F11vt6p5xh4!19sChIJH40SbL9fGGARhEcm24vHBwE?authuser=0&hl=ja&rclk=1","川崎市","川崎市 Webコンサルティング会社"
"シアスト株式会社","https://xiast.jp/","川崎市 駅前本町11−２ 川崎フロンティアビル 4階","","https://www.google.com/maps/place/%E3%82%B7%E3%82%A2%E3%82%B9%E3%83%88%E6%A0%AA%E5%BC%8F%E4%BC%9A%E7%A4%BE/data=!4m7!3m6!1s0x60186121b9b4c31f:0x84fddee1d7b97178!8m2!3d35.5316263!4d139.6993142!16s%2Fg%2F11nr8v9rlh!19sChIJH8O0uSFhGGAReHG51-He_YQ?authuser=0&hl=ja&rclk=1","川崎市","川崎市 リスティング広告運用会社"
"サンアンドサンズコンサルティング株式会社","http://www.sunsons.jp/","藤沢市 藤沢４８４−１ 4F","0466-50-2011","https://www.google.com/maps/place/%E3%82%B5%E3%83%B3%E3%82%A2%E3%83%B3%E3%83%89%E3%82%B5%E3%83%B3%E3%82%BA%E3%82%B3%E3%83%B3%E3%82%B5%E3%83%AB%E3%83%86%E3%82%A3%E3%83%B3%E3%82%B0%EF%BC%88%E6%A0%AA%EF%BC%89/data=!4m7!3m6!1s0x60188b6ccc14b24b:0xd34345336801c2f9!8m2!3d35.3400525!4d139.4856563!16s%2Fg%2F11b7lhrbbb!19sChIJS7IUzGyLGGAR-cIBaDNFQ9M?authuser=0&hl=ja&rclk=1","藤沢市","藤沢市 Webコンサルティング会社"
"株式会社秀コンサルティング","https://www.shu-consulting.co.jp/","藤沢市 弥勒寺１丁目１１−２","0466-28-2251","https://www.google.com/maps/place/%EF%BC%88%E6%A0%AA%EF%BC%89%E7%A7%80%E3%82%B3%E3%83%B3%E3%82%B5%E3%83%AB%E3%83%86%E3%82%A3%E3%83%B3%E3%82%B0/data=!4m7!3m6!1s0x60184fc8746cd90f:0x537aad1c9e10b2c8!8m2!3d35.3403597!4d139.4972161!16s%2Fg%2F1tdpg4l4!19sChIJD9lsdMhPGGARyLIQnhytelM?authuser=0&hl=ja&rclk=1","藤沢市","藤沢市 Webコンサルティング会社"
"株式会社イズム","http://www.146.co.jp/","藤沢市 南藤沢１６−１６","0466-24-8282","https://www.google.com/maps/place/%EF%BC%88%E6%A0%AA%EF%BC%89%E3%82%A4%E3%82%BA%E3%83%A0/data=!4m7!3m6!1s0x60184fb5e6f8fe23:0xb347b6fce4373655!8m2!3d35.3358762!4d139.491908!16s%2Fg%2F1vmr1bh1!19sChIJI_745rVPGGARVTY35Py2R7M?authuser=0&hl=ja&rclk=1","藤沢市","藤沢市 リスティング広告運用会社"
"株式会社弁天堂 藤沢営業所","https://www.benten-do.co.jp/","藤沢市 大鋸２丁目８−５ グレースＫ 1F-Ａ","0466-55-4502","https://www.google.com/maps/place/%E6%A0%AA%E5%BC%8F%E4%BC%9A%E7%A4%BE%E5%BC%81%E5%A4%A9%E5%A0%82+%E8%97%A4%E6%B2%A2%E5%96%B6%E6%A5%AD%E6%89%80/data=!4m7!3m6!1s0x60184fd2da7f2109:0xe12d072e92b2099d!8m2!3d35.3462555!4d139.4880728!16s%2Fg%2F11h4c93_cf!19sChIJCSF_2tJPGGARnQmyki4HLeE?authuser=0&hl=ja&rclk=1","藤沢市","藤沢市 リスティング広告運用会社"
"ポスティングの町田広告【藤沢支店】","https://fujisawa-posting.jimdofree.com/","藤沢市 鵠沼石上１丁目７−８","080-4949-2890","https://www.google.com/maps/place/%E3%83%9D%E3%82%B9%E3%83%86%E3%82%A3%E3%83%B3%E3%82%B0%E3%81%AE%E7%94%BA%E7%94%B0%E5%BA%83%E5%91%8A%E3%80%90%E8%97%A4%E6%B2%A2%E6%94%AF%E5%BA%97%E3%80%91/data=!4m7!3m6!1s0x60184f676828f26f:0xc0cb831ed2f45c64!8m2!3d35.3357653!4d139.4886968!16s%2Fg%2F11fszhv3mb!19sChIJb_IoaGdPGGARZFz00h6Dy8A?authuser=0&hl=ja&rclk=1","藤沢市","藤沢市 リスティング広告運用会社"
"地元法人マーチオークシー","https://mokoshi.jp/","藤沢市 片瀬海岸１丁目１２−４ ビーチサイドビジネスセンター内","","https://www.google.com/maps/place/%E5%9C%B0%E5%85%83%E6%B3%95%E4%BA%BA%E3%83%9E%E3%83%BC%E3%83%81%E3%82%AA%E3%83%BC%E3%82%AF%E3%82%B7%E3%83%BC/data=!4m7!3m6!1s0x60184efd3f00dacd:0x418c950032574bbe!8m2!3d35.3078509!4d139.4858626!16s%2Fg%2F11c469dnpc!19sChIJzdoAP_1OGGARvktXMgCVjEE?authuser=0&hl=ja&rclk=1","藤沢市","藤沢市 リスティング広告運用会社"
"有限会社アイ・リンク・コンサルタント","https://www.katoken.gr.jp/","静岡市 鷹匠２丁目１０−６","054-205-3320","https://www.google.com/maps/place/%E6%9C%89%E9%99%90%E4%BC%9A%E7%A4%BE%E3%82%A2%E3%82%A4%E3%83%BB%E3%83%AA%E3%83%B3%E3%82%AF%E3%83%BB%E3%82%B3%E3%83%B3%E3%82%B5%E3%83%AB%E3%82%BF%E3%83%B3%E3%83%88/data=!4m7!3m6!1s0x601a4a02df3c27b5:0xf262ead5a38b2289!8m2!3d34.9782269!4d138.3894585!16s%2Fg%2F1tld0741!19sChIJtSc83wJKGmARiSKLo9XqYvI?authuser=0&hl=ja&rclk=1","静岡市","静岡市 Webコンサルティング会社"
"株式会社 耕世コンサルティング","https://kosei-consul.com/","静岡市 丸山町12番地 エーワイビル 1階","054-246-8871","https://www.google.com/maps/place/%E6%A0%AA%E5%BC%8F%E4%BC%9A%E7%A4%BE+%E8%80%95%E4%B8%96%E3%82%B3%E3%83%B3%E3%82%B5%E3%83%AB%E3%83%86%E3%82%A3%E3%83%B3%E3%82%B0/data=!4m7!3m6!1s0x601a4bb760d0c0e5:0xaba3096d4c9a9385!8m2!3d34.9851591!4d138.3763462!16s%2Fg%2F11fpq72fj_!19sChIJ5cDQYLdLGmARhZOaTG0Jo6s?authuser=0&hl=ja&rclk=1","静岡市","静岡市 Webコンサルティング会社"
"株式会社ACO","https://www.a-c-o.com/","静岡市 紺屋町４−８ ガーデンスクエア第3ビル","054-272-3222","https://www.google.com/maps/place/%E6%A0%AA%E5%BC%8F%E4%BC%9A%E7%A4%BEACO/data=!4m7!3m6!1s0x601a4ff3e833723b:0x8178021a92ce8faf!8m2!3d34.9727906!4d138.3849209!16s%2Fg%2F1thp815h!19sChIJO3Iz6PNPGmARr4_OkhoCeIE?authuser=0&hl=ja&rclk=1","静岡市","静岡市 Webコンサルティング会社"
"株式会社ブランサーチマーケティング","https://blanc-search.com/","静岡市 南岡町６−３４","054-374-5539","https://www.google.com/maps/place/%E6%A0%AA%E5%BC%8F%E4%BC%9A%E7%A4%BE%E3%83%96%E3%83%A9%E3%83%B3%E3%82%B5%E3%83%BC%E3%83%81%E3%83%9E%E3%83%BC%E3%82%B1%E3%83%86%E3%82%A3%E3%83%B3%E3%82%B0/data=!4m7!3m6!1s0x601a314e5dad3e8d:0xf4b3920355bcc808!8m2!3d35.0052113!4d138.4851099!16s%2Fg%2F11h2fmln7v!19sChIJjT6tXU4xGmARCMi8VQOSs_Q?authuser=0&hl=ja&rclk=1","静岡市","静岡市 リスティング広告運用会社"
"株式会社静鉄アド・パートナーズ","https://www.shizutetsu-ad.co.jp/","静岡市 日出町８−３ 静鉄日出町ビル 1F","054-252-3131","https://www.google.com/maps/place/%E6%A0%AA%E5%BC%8F%E4%BC%9A%E7%A4%BE%E9%9D%99%E9%89%84%E3%82%A2%E3%83%89%E3%83%BB%E3%83%91%E3%83%BC%E3%83%88%E3%83%8A%E3%83%BC%E3%82%BA/data=!4m7!3m6!1s0x601a49fee512391f:0x308d94882a8ed93e!8m2!3d34.9761228!4d138.3955677!16s%2Fg%2F1tfrmd92!19sChIJHzkS5f5JGmARPtmOKoiUjTA?authuser=0&hl=ja&rclk=1","静岡市","静岡市 リスティング広告運用会社"
"株式会社サイラン","https://www.sairan.co.jp/","静岡市 鷹匠３丁目１１−４","054-255-3105","https://www.google.com/maps/place/%E6%A0%AA%E5%BC%8F%E4%BC%9A%E7%A4%BE%E3%82%B5%E3%82%A4%E3%83%A9%E3%83%B3/data=!4m7!3m6!1s0x601a4a0332267d13:0x8c84ee3ac578332f!8m2!3d34.9791982!4d138.3891405!16s%2Fg%2F1tmz6_ff!19sChIJE30mMgNKGmARLzN4xTruhIw?authuser=0&hl=ja&rclk=1","静岡市","静岡市 リスティング広告運用会社"
"アクロス静岡","http://www.acrossshizuoka.jp/","静岡市 巴町４−１６","054-340-8181","https://www.google.com/maps/place/%E3%82%A2%E3%82%AF%E3%83%AD%E3%82%B9%E9%9D%99%E5%B2%A1/data=!4m7!3m6!1s0x601a33fd780438b5:0xaa1f32221537ae51!8m2!3d35.0172427!4d138.4862435!16s%2Fg%2F1tjhxqlz!19sChIJtTgEeP0zGmARUa43FSIyH6o?authuser=0&hl=ja&rclk=1","静岡市","静岡市 リスティング広告運用会社"
"エムケイルDXコンサルティング株式会社 浜松支店","https://s.lmes.jp/landing-qr/1657786262-a9XqpqNU?uLand=dqGZNu","浜松市 相生町１−４","090-7889-3915","https://www.google.com/maps/place/%E3%82%A8%E3%83%A0%E3%82%B1%E3%82%A4%E3%83%ABDX%E3%82%B3%E3%83%B3%E3%82%B5%E3%83%AB%E3%83%86%E3%82%A3%E3%83%B3%E3%82%B0%E6%A0%AA%E5%BC%8F%E4%BC%9A%E7%A4%BE+%E6%B5%9C%E6%9D%BE%E6%94%AF%E5%BA%97/data=!4m7!3m6!1s0x601adfb8c3e22a05:0xd0125f007f71a644!8m2!3d34.7093506!4d137.7452051!16s%2Fg%2F11nr5h0v0q!19sChIJBSriw7jfGmARRKZxfwBfEtA?authuser=0&hl=ja&rclk=1","浜松市","浜松市 Webコンサルティング会社"
"NBNコンサルティング・静岡経理アウトソーシングオフィス＠浜松","https://www.shizuoka-keiri.com/","浜松市 元城町２１６ 4 ノーススタービル浜松6 階601号","053-458-0815","https://www.google.com/maps/place/NBN%E3%82%B3%E3%83%B3%E3%82%B5%E3%83%AB%E3%83%86%E3%82%A3%E3%83%B3%E3%82%B0%E3%83%BB%E9%9D%99%E5%B2%A1%E7%B5%8C%E7%90%86%E3%82%A2%E3%82%A6%E3%83%88%E3%82%BD%E3%83%BC%E3%82%B7%E3%83%B3%E3%82%B0%E3%82%AA%E3%83%95%E3%82%A3%E3%82%B9%EF%BC%A0%E6%B5%9C%E6%9D%BE/data=!4m7!3m6!1s0x601ade611567863d:0x9994b32219fc276b!8m2!3d34.7099436!4d137.7272132!16s%2Fg%2F1tgk0pyp!19sChIJPYZnFWHeGmARayf8GSKzlJk?authuser=0&hl=ja&rclk=1","浜松市","浜松市 Webコンサルティング会社"
"㈱ポスティング浜松 poshama.jp","https://www.poshama.jp/","浜松市 上西町３２−２","053-461-6151","https://www.google.com/maps/place/%E3%88%B1%E3%83%9D%E3%82%B9%E3%83%86%E3%82%A3%E3%83%B3%E3%82%B0%E6%B5%9C%E6%9D%BE+poshama.jp/data=!4m7!3m6!1s0x601ade17dcd54765:0x6cb8905a0ba80b3b!8m2!3d34.721661!4d137.7523008!16s%2Fg%2F11btrrlcq6!19sChIJZUfV3BfeGmAROwuoC1qQuGw?authuser=0&hl=ja&rclk=1","浜松市","浜松市 リスティング広告運用会社"
"株式会社TROBZ (トロブズ)","https://trobz.co.jp/","名古屋市 名駅３丁目４−１０ アルティメイト名駅1st ホーム 2","","https://www.google.com/maps/place/%E6%A0%AA%E5%BC%8F%E4%BC%9A%E7%A4%BETROBZ+%28%E3%83%88%E3%83%AD%E3%83%96%E3%82%BA%29/data=!4m7!3m6!1s0x600375ea2f2c750f:0x20d65b5e6481ef4f!8m2!3d35.1733815!4d136.8879156!16s%2Fg%2F11wfslmfx3!19sChIJD3UsL-p1A2ART--BZF5b1iA?authuser=0&hl=ja&rclk=1","名古屋市","名古屋市 Webコンサルティング会社"
"マーケティングプラス 名古屋営業所","https://plusline-nagoya.jp/","名古屋市 泉１丁目１−３１ 吉泉ビル 301","052-962-4704","https://www.google.com/maps/place/%E3%83%9E%E3%83%BC%E3%82%B1%E3%83%86%E3%82%A3%E3%83%B3%E3%82%B0%E3%83%97%E3%83%A9%E3%82%B9+%E5%90%8D%E5%8F%A4%E5%B1%8B%E5%96%B6%E6%A5%AD%E6%89%80/data=!4m7!3m6!1s0x6003712b1f9248bf:0xa24f47ff52baf753!8m2!3d35.1772505!4d136.9088474!16s%2Fg%2F1tdk52xt!19sChIJv0iSHytxA2ARU_e6Uv9HT6I?authuser=0&hl=ja&rclk=1","名古屋市","名古屋市 Webコンサルティング会社"
"みなりパートナーズ株式会社","https://minari-partners.co.jp/","名古屋市 名駅２丁目４５−１４ 東進名駅ビル 4階","052-856-2158","https://www.google.com/maps/place/%E3%81%BF%E3%81%AA%E3%82%8A%E3%83%91%E3%83%BC%E3%83%88%E3%83%8A%E3%83%BC%E3%82%BA%E6%A0%AA%E5%BC%8F%E4%BC%9A%E7%A4%BE/data=!4m7!3m6!1s0x60037734ee7e013b:0xc89cfeb99929732a!8m2!3d35.1732565!4d136.8831455!16s%2Fg%2F11njmh0055!19sChIJOwF-7jR3A2ARKnMpmbn-nMg?authuser=0&hl=ja&rclk=1","名古屋市","名古屋市 Webコンサルティング会社"
"ASUE株式会社｜名古屋本社","https://asue.jp/","名古屋市 丸の内３丁目２０−９ 三晃社本社ビル 4F","052-212-7917","https://www.google.com/maps/place/ASUE%E6%A0%AA%E5%BC%8F%E4%BC%9A%E7%A4%BE%EF%BD%9C%E5%90%8D%E5%8F%A4%E5%B1%8B%E6%9C%AC%E7%A4%BE/data=!4m7!3m6!1s0x600370d6ef936f5f:0xb62f952804179fa3!8m2!3d35.1743671!4d136.9059073!16s%2Fg%2F1hhh51pjs!19sChIJX2-T79ZwA2ARo58XBCiVL7Y?authuser=0&hl=ja&rclk=1","名古屋市","名古屋市 リスティング広告運用会社"
"中京広告","https://chukyo-ad.com/","名古屋市 ４ 栄二丁目4番3 TOSHIN広小路本町ビル7F","052-218-7779","https://www.google.com/maps/place/%E4%B8%AD%E4%BA%AC%E5%BA%83%E5%91%8A/data=!4m7!3m6!1s0x600370d6270b1c47:0x9369de4d5b9f3504!8m2!3d35.168191!4d136.901477!16s%2Fg%2F1wn33lkm!19sChIJRxwLJ9ZwA2ARBDWfW03eaZM?authuser=0&hl=ja&rclk=1","名古屋市","名古屋市 リスティング広告運用会社"
"廣告社株式会社 名古屋支社","https://www.kokokusha.co.jp/","名古屋市 栄４丁目１４−２ 5F","052-261-1051","https://www.google.com/maps/place/%E5%BB%A3%E5%91%8A%E7%A4%BE%28%E6%A0%AA%29+%E5%90%8D%E5%8F%A4%E5%B1%8B%E6%94%AF%E7%A4%BE/data=!4m7!3m6!1s0x6003772ccd25d4c7:0x115f616c3ff1594a!8m2!3d35.167691!4d136.9095457!16s%2Fg%2F1tg5zknb!19sChIJx9QlzSx3A2ARSlnxP2xhXxE?authuser=0&hl=ja&rclk=1","名古屋市","名古屋市 リスティング広告運用会社"
"カルテットコミュニケーションズ","https://quartet-communications.com/","名古屋市 錦２丁目４−１５ ORE錦二丁目ビル11階","0120-993-414","https://www.google.com/maps/place/%E3%82%AB%E3%83%AB%E3%83%86%E3%83%83%E3%83%88%E3%82%B3%E3%83%9F%E3%83%A5%E3%83%8B%E3%82%B1%E3%83%BC%E3%82%B7%E3%83%A7%E3%83%B3%E3%82%BA/data=!4m7!3m6!1s0x6003772bb92e0517:0x1831395e29bb1a5e!8m2!3d35.1725121!4d136.901472!16s%2Fg%2F1w0j43bc!19sChIJFwUuuSt3A2ARXhq7KV45MRg?authuser=0&hl=ja&rclk=1","名古屋市","名古屋市 リスティング広告運用会社"
"Global seed株式会社","https://globalseed.co.jp/","岐阜市 茜部寺屋敷１丁目８−２","","https://www.google.com/maps/place/Global+seed%E6%A0%AA%E5%BC%8F%E4%BC%9A%E7%A4%BE/data=!4m7!3m6!1s0x6003a9d1731b615f:0x14c97ecb4434caac!8m2!3d35.3796675!4d136.7522887!16s%2Fg%2F11whtjtyb2!19sChIJX2Ebc9GpA2ARrMo0RMt-yRQ?authuser=0&hl=ja&rclk=1","岐阜市","岐阜市 Webコンサルティング会社"
"株式会社システムイノベーション","https://s-innovation.jp/","津市 羽所町６０１ 決断サポートビル 2B","059-253-2215","https://www.google.com/maps/place/%E6%A0%AA%E5%BC%8F%E4%BC%9A%E7%A4%BE%E3%82%B7%E3%82%B9%E3%83%86%E3%83%A0%E3%82%A4%E3%83%8E%E3%83%99%E3%83%BC%E3%82%B7%E3%83%A7%E3%83%B3/data=!4m7!3m6!1s0x60040d54372ccd0d:0x36b3c7793f9c5c49!8m2!3d34.7311183!4d136.5108825!16s%2Fg%2F11zjlyhx2z!19sChIJDc0sN1QNBGARSVycP3nHszY?authuser=0&hl=ja&rclk=1","津市","津市 Webコンサルティング会社"
"株式会社N-BASE","https://nbase-design.com/","津市 城山３丁目１３−３７","","https://www.google.com/maps/place/%E6%A0%AA%E5%BC%8F%E4%BC%9A%E7%A4%BEN-BASE/data=!4m7!3m6!1s0x60040d1ede5b602f:0x3c2210e9508ad824!8m2!3d34.67893!4d136.5032875!16s%2Fg%2F11zfthrj1z!19sChIJL2Bb3h4NBGARJNiKUOkQIjw?authuser=0&hl=ja&rclk=1","津市","津市 Webコンサルティング会社"
"モートゥ（ＭＯＡＴＳ）株式会社","https://moats.co.jp/","津市 丸之内８−１ ひろハウス","059-269-6880","https://www.google.com/maps/place/%E3%83%A2%E3%83%BC%E3%83%88%E3%82%A5%EF%BC%88%EF%BC%AD%EF%BC%AF%EF%BC%A1%EF%BC%B4%EF%BC%B3%EF%BC%89%E6%A0%AA%E5%BC%8F%E4%BC%9A%E7%A4%BE/data=!4m7!3m6!1s0x60040cd0ca5508b9:0x6b9f958f58d62004!8m2!3d34.7146529!4d136.5079871!16s%2Fg%2F11ss4qby8j!19sChIJuQhVytAMBGARBCDWWI-Vn2s?authuser=0&hl=ja&rclk=1","津市","津市 Webコンサルティング会社"
"アクセルコンサルティング株式会社","https://www.accelc.co.jp/","京都市 綾小路下ル扇酒屋町２８９ 6F","","https://www.google.com/maps/place/%E3%82%A2%E3%82%AF%E3%82%BB%E3%83%AB%E3%82%B3%E3%83%B3%E3%82%B5%E3%83%AB%E3%83%86%E3%82%A3%E3%83%B3%E3%82%B0%E6%A0%AA%E5%BC%8F%E4%BC%9A%E7%A4%BE/data=!4m7!3m6!1s0x600109376bfe1ab5:0xe884666634d6f613!8m2!3d35.0019543!4d135.7612442!16s%2Fg%2F11g0hpylz4!19sChIJtRr-azcJAWARE_bWNGZmhOg?authuser=0&hl=ja&rclk=1","京都市","京都市 Webコンサルティング会社"
"カラスマコンサルティング","https://krsm.jp/","京都市 丸屋町159番地1","075-744-0989","https://www.google.com/maps/place/%E3%82%AB%E3%83%A9%E3%82%B9%E3%83%9E%E3%82%B3%E3%83%B3%E3%82%B5%E3%83%AB%E3%83%86%E3%82%A3%E3%83%B3%E3%82%B0/data=!4m7!3m6!1s0x6018f3690da1e441:0x3b50e07092058fb9!8m2!3d35.008247!4d135.7626155!16s%2Fg%2F1thgh1v7!19sChIJQeShDWnzGGARuY8FknDgUDs?authuser=0&hl=ja&rclk=1","京都市","京都市 Webコンサルティング会社"
"ARMS DESIGN INC | デザインコンサルティング","https://www.arms.vc/","京都市 小結棚町４４０ 三放ビル 3F","075-222-2827","https://www.google.com/maps/place/ARMS+DESIGN+INC+%7C+%E3%83%87%E3%82%B6%E3%82%A4%E3%83%B3%E3%82%B3%E3%83%B3%E3%82%B5%E3%83%AB%E3%83%86%E3%82%A3%E3%83%B3%E3%82%B0/data=!4m7!3m6!1s0x6001089c82876a9f:0x9b7f5ea3a7529a84!8m2!3d35.004148!4d135.7568279!16s%2Fg%2F1tvylp0l!19sChIJn2qHgpwIAWARhJpSp6Nef5s?authuser=0&hl=ja&rclk=1","京都市","京都市 Webコンサルティング会社"
"株式会社ペコリス","https://peccolis.com/","京都市 高辻下る吉文字町471番地1","0120-268-207","https://www.google.com/maps/place/%E6%A0%AA%E5%BC%8F%E4%BC%9A%E7%A4%BE%E3%83%9A%E3%82%B3%E3%83%AA%E3%82%B9/data=!4m7!3m6!1s0x6001075cfccc1e0d:0x920629859555f990!8m2!3d34.9991424!4d135.7512772!16s%2Fg%2F11gtbnv0_2!19sChIJDR7M_FwHAWARkPlVlYUpBpI?authuser=0&hl=ja&rclk=1","京都市","京都市 リスティング広告運用会社"
"株式会社 CAPサービス","https://cap-service.jp/","大阪市 淡路町３丁目５−１３ 創建御堂筋ビル 3階","0120-144-551","https://www.google.com/maps/place/%E6%A0%AA%E5%BC%8F%E4%BC%9A%E7%A4%BE+CAP%E3%82%B5%E3%83%BC%E3%83%93%E3%82%B9/data=!4m7!3m6!1s0x6000e7c39cd4ec91:0x16c574318640c1c7!8m2!3d34.6871413!4d135.5012215!16s%2Fg%2F11h6x6147l!19sChIJkezUnMPnAGARx8FAhjF0xRY?authuser=0&hl=ja&rclk=1","大阪市","大阪市 リスティング広告運用会社"
"ZOOST株式会社","https://zoost.co.jp/","大阪市 南本町１丁目８−１４ JRE堺筋本町ビル 9階","050-3135-3589","https://www.google.com/maps/place/ZOOST%E6%A0%AA%E5%BC%8F%E4%BC%9A%E7%A4%BE/data=!4m7!3m6!1s0x6000e6e2c51a7207:0x879b0b1805ba9bd2!8m2!3d34.6829494!4d135.5069413!16s%2Fg%2F1tdb8qp6!19sChIJB3IaxeLmAGAR0pu6BRgLm4c?authuser=0&hl=ja&rclk=1","大阪市","大阪市 リスティング広告運用会社"
"株式会社グラッドキューブ","https://www.glad-cube.com/","大阪市 瓦町２丁目４−７ 新瓦町ビル ８Ｆ","06-6105-0315","https://www.google.com/maps/place/%E6%A0%AA%E5%BC%8F%E4%BC%9A%E7%A4%BE%E3%82%B0%E3%83%A9%E3%83%83%E3%83%89%E3%82%AD%E3%83%A5%E3%83%BC%E3%83%96/data=!4m7!3m6!1s0x6000e719d62f6e37:0xba405de4fe1242bb!8m2!3d34.6862379!4d135.5052342!16s%2Fg%2F11r8smpgv!19sChIJN24v1hnnAGARu0IS_uRdQLo?authuser=0&hl=ja&rclk=1","大阪市","大阪市 リスティング広告運用会社"
"株式会社アルティエ","https://artie-office.net/","大阪市 本町橋２−２３ 第７松屋ビル 621号室","050-7109-6692","https://www.google.com/maps/place/%E6%A0%AA%E5%BC%8F%E4%BC%9A%E7%A4%BE%E3%82%A2%E3%83%AB%E3%83%86%E3%82%A3%E3%82%A8/data=!4m7!3m6!1s0x6000e74c9e83ece3:0x90681bfc31f3f213!8m2!3d34.6836851!4d135.5109426!16s%2Fg%2F11tt6h5yv1!19sChIJ4-yDnkznAGARE_LzMfwbaJA?authuser=0&hl=ja&rclk=1","大阪市","大阪市 リスティング広告運用会社"
"​堺経営ラボand next","https://nakamoz.com/contact/","堺市 百舌鳥梅北町３丁目 １２５番地","080-3524-4679","https://www.google.com/maps/place/%E2%80%8B%E5%A0%BA%E7%B5%8C%E5%96%B6%E3%83%A9%E3%83%9Cand+next/data=!4m7!3m6!1s0x6000dba09273a279:0x9fa14e61066454aa!8m2!3d34.5599143!4d135.4955024!16s%2Fg%2F11qk2p11ht!19sChIJeaJzkqDbAGARqlRkBmFOoZ8?authuser=0&hl=ja&rclk=1","堺市","堺市 Webコンサルティング会社"
"株式会社ハナシパナシ","https://hanapana.co.jp/","堺市 南花田口町2丁目３−２０ 三共堺東ビル北館 4F I 室","072-288-4813","https://www.google.com/maps/place/%E6%A0%AA%E5%BC%8F%E4%BC%9A%E7%A4%BE%E3%83%8F%E3%83%8A%E3%82%B7%E3%83%91%E3%83%8A%E3%82%B7/data=!4m7!3m6!1s0x6000d141acd2c20b:0x27fc8a558d4c2d73!8m2!3d34.576853!4d135.4842034!16s%2Fg%2F11y3wf8qnp!19sChIJC8LSrEHRAGARcy1MjVWK_Cc?authuser=0&hl=ja&rclk=1","堺市","堺市 Webコンサルティング会社"
"株式会社アドバンクコミュニケーションズ","https://adbanq.com/","堺市 ヒルズ中百舌鳥 1F, ２丁-2-２５ 中百舌鳥町","072-240-0878","https://www.google.com/maps/place/%EF%BC%88%E6%A0%AA%EF%BC%89%E3%82%A2%E3%83%89%E3%83%90%E3%83%B3%E3%82%AF%E3%82%B3%E3%83%9F%E3%83%A5%E3%83%8B%E3%82%B1%E3%83%BC%E3%82%B7%E3%83%A7%E3%83%B3%E3%82%BA/data=!4m7!3m6!1s0x6000dbbee051f199:0xf1284980515dbea!8m2!3d34.5575744!4d135.5038652!16s%2Fg%2F1tjg_74m!19sChIJmfFR4L7bAGAR6tsVBZiEEg8?authuser=0&hl=ja&rclk=1","堺市","堺市 リスティング広告運用会社"
"シンクインク株式会社","https://think-inc4209.com/","神戸市 山本通２丁目１３−１５ 神⼾市中央区⼭本通2丁目13番15号 WALLSQUARE北野坂","078-862-5501","https://www.google.com/maps/place/%E3%82%B7%E3%83%B3%E3%82%AF%E3%82%A4%E3%83%B3%E3%82%AF%E6%A0%AA%E5%BC%8F%E4%BC%9A%E7%A4%BE/data=!4m7!3m6!1s0xa79f912cc3ebb1b1:0x29e6206024e51f1d!8m2!3d34.6988843!4d135.1896526!16s%2Fg%2F11qbr5sq_1!19sChIJsbHrwyyRn6cRHR_lJGAg5ik?authuser=0&hl=ja&rclk=1","神戸市","神戸市 Webコンサルティング会社"
"株式会社ライフコンサルティング","https://www.l-consult.co.jp/","神戸市 三宮町３丁目９−２０ 南泰ビルディング ８F","078-331-5324","https://www.google.com/maps/place/%E6%A0%AA%E5%BC%8F%E4%BC%9A%E7%A4%BE%E3%83%A9%E3%82%A4%E3%83%95%E3%82%B3%E3%83%B3%E3%82%B5%E3%83%AB%E3%83%86%E3%82%A3%E3%83%B3%E3%82%B0/data=!4m7!3m6!1s0x60008efcdb0eb9f9:0xcb4e007b3b8fb511!8m2!3d34.6904222!4d135.18978!16s%2Fg%2F12hpl2j6y!19sChIJ-bkO2_yOAGAREbWPO3sATss?authuser=0&hl=ja&rclk=1","神戸市","神戸市 Webコンサルティング会社"
"ブルーラベル株式会社","https://www.blue-label.com/","神戸市 雲井通５丁目３−１ サンパル 6階","078-201-3874","https://www.google.com/maps/place/%E3%83%96%E3%83%AB%E3%83%BC%E3%83%A9%E3%83%99%E3%83%AB%E6%A0%AA%E5%BC%8F%E4%BC%9A%E7%A4%BE/data=!4m7!3m6!1s0x60008eef950aa8fb:0xe8f5339d81e0722c!8m2!3d34.6958916!4d135.1973531!16s%2Fg%2F11f3vg7bgh!19sChIJ-6gKle-OAGARLHLggZ0z9eg?authuser=0&hl=ja&rclk=1","神戸市","神戸市 Webコンサルティング会社"
"クリックマーク株式会社 (ホームページ制作)","https://www.clickmark.co.jp/","神戸市 御幸通８丁目１−６","078-380-9456","https://www.google.com/maps/place/%E3%82%AF%E3%83%AA%E3%83%83%E3%82%AF%E3%83%9E%E3%83%BC%E3%82%AF%E6%A0%AA%E5%BC%8F%E4%BC%9A%E7%A4%BE+%28%E3%83%9B%E3%83%BC%E3%83%A0%E3%83%9A%E3%83%BC%E3%82%B8%E5%88%B6%E4%BD%9C%29/data=!4m7!3m6!1s0x60008fbf393d5a85:0xa5f253e7afb61c6f!8m2!3d34.6921373!4d135.1958143!16s%2Fg%2F11fr2lkl7d!19sChIJhVo9Ob-PAGARbxy2r-dT8qU?authuser=0&hl=ja&rclk=1","神戸市","神戸市 Webコンサルティング会社"
"株式会社アディス","https://www.adisnet.com/","神戸市 磯上通４丁目１−１４ 三宮スカイビル 5F","078-265-6336","https://www.google.com/maps/place/%E6%A0%AA%E5%BC%8F%E4%BC%9A%E7%A4%BE%E3%82%A2%E3%83%87%E3%82%A3%E3%82%B9/data=!4m7!3m6!1s0x60008ef15909631b:0x6c4c7aa98b4f6c8e!8m2!3d34.6924819!4d135.1999827!16s%2Fg%2F1q6n2nbj6!19sChIJG2MJWfGOAGARjmxPi6l6TGw?authuser=0&hl=ja&rclk=1","神戸市","神戸市 リスティング広告運用会社"
"売れる広告研究所","https://c-ureken.com/","神戸市 磯上通６丁目１−１４ ＢＥＬＳＩＡ ＫＯＢＥ ＳＡＮＮＯＭＩＹＡ ３Ｆ 通り6-1-14BELSIAKobe三宮6F","078-351-5661","https://www.google.com/maps/place/%E5%A3%B2%E3%82%8C%E3%82%8B%E5%BA%83%E5%91%8A%E7%A0%94%E7%A9%B6%E6%89%80/data=!4m7!3m6!1s0x60008ff4a9fc45bd:0xcfa07e7e143ca9b!8m2!3d34.6924166!4d135.1979019!16s%2Fg%2F11ftscw7qn!19sChIJvUX8qfSPAGARm8pD4ecH-gw?authuser=0&hl=ja&rclk=1","神戸市","神戸市 リスティング広告運用会社"
"VisiOnNow 神戸三宮","https://stadium-kobe.com/visionnow-kobesannomiya/","神戸市 下山手通１丁目１−２ みそのビル 4F","","https://www.google.com/maps/place/VisiOnNow+%E7%A5%9E%E6%88%B8%E4%B8%89%E5%AE%AE/data=!4m7!3m6!1s0x60008f8e49d9ec07:0x4f4b9c04dd6468ac!8m2!3d34.6935253!4d135.1912631!16s%2Fg%2F11z9463ws7!19sChIJB-zZSY6PAGARrGhk3QScS08?authuser=0&hl=ja&rclk=1","神戸市","神戸市 リスティング広告運用会社"
"株式会社SBC","https://sbc-hd.com/","姫路市 三左衛門堀西の町６５ SBC本社ビル","079-225-8687","https://www.google.com/maps/place/%E6%A0%AA%E5%BC%8F%E4%BC%9A%E7%A4%BESBC/data=!4m7!3m6!1s0x3554e06582dce9eb:0xd6def1748543b911!8m2!3d34.817963!4d134.688769!16s%2Fg%2F1tdx6jx3!19sChIJ6-ncgmXgVDUREblDhXTx3tY?authuser=0&hl=ja&rclk=1","姫路市","姫路市 Webコンサルティング会社"
"デジタルハリウッドSTUDIO姫路","https://www.dhw-himeji.com/","姫路市 南駅前町87番地 リンクスビル 1F","0120-969-632","https://www.google.com/maps/place/%E3%83%87%E3%82%B8%E3%82%BF%E3%83%AB%E3%83%8F%E3%83%AA%E3%82%A6%E3%83%83%E3%83%89STUDIO%E5%A7%AB%E8%B7%AF/data=!4m7!3m6!1s0x3554e012d7c9d181:0xa7f10e2a8f1d0ea5!8m2!3d34.825815!4d134.6931153!16s%2Fg%2F11f405hdlc!19sChIJgdHJ1xLgVDURpQ4djyoO8ac?authuser=0&hl=ja&rclk=1","姫路市","姫路市 Webコンサルティング会社"
"広告代理店グラフ・クリエーション","http://www.takaishi.biz/contacts.html","姫路市 大黒壱丁町３１ 大黒ビル","079-286-8666","https://www.google.com/maps/place/%E5%BA%83%E5%91%8A%E4%BB%A3%E7%90%86%E5%BA%97%E3%82%B0%E3%83%A9%E3%83%95%E3%83%BB%E3%82%AF%E3%83%AA%E3%82%A8%E3%83%BC%E3%82%B7%E3%83%A7%E3%83%B3/data=!4m7!3m6!1s0x3554e00704f838e5:0xa066dbb0bd8dbbd1!8m2!3d34.834198!4d134.6986781!16s%2Fg%2F11fngzc5f9!19sChIJ5Tj4BAfgVDUR0buNvbDbZqA?authuser=0&hl=ja&rclk=1","姫路市","姫路市 リスティング広告運用会社"
"株式会社マス・ブレーン","http://www.mass-b.co.jp/","姫路市 土山５丁目６−３３ 奥野ビル","079-296-4305","https://www.google.com/maps/place/%EF%BC%88%E6%A0%AA%EF%BC%89%E3%83%9E%E3%82%B9%E3%83%BB%E3%83%96%E3%83%AC%E3%83%BC%E3%83%B3/data=!4m7!3m6!1s0x3554e0483295cae5:0xe96df90d61df00bc!8m2!3d34.8353004!4d134.6701945!16s%2Fg%2F11h5jtx9d7!19sChIJ5cqVMkjgVDURvADfYQ35bek?authuser=0&hl=ja&rclk=1","姫路市","姫路市 リスティング広告運用会社"
"ANSWER株式会社","http://answer-job.co.jp/","姫路市 御立西２丁目６−２２","079-260-6730","https://www.google.com/maps/place/ANSWER%E6%A0%AA%E5%BC%8F%E4%BC%9A%E7%A4%BE/data=!4m7!3m6!1s0x3554e053092ffff9:0x8615bcf176bb38d1!8m2!3d34.8623465!4d134.6659295!16s%2Fg%2F11fjv4vkrl!19sChIJ-f8vCVPgVDUR0Ti7dvG8FYY?authuser=0&hl=ja&rclk=1","姫路市","姫路市 リスティング広告運用会社"
"Nagata KIkaku","https://www.nagata-kikaku.com/","姫路市 白浜町甲418","079-255-8020","https://www.google.com/maps/place/Nagata+KIkaku/data=!4m7!3m6!1s0x3554dfc720061849:0x43501c3fbda5c343!8m2!3d34.784926!4d134.7046396!16s%2Fg%2F11pkgyvvl8!19sChIJSRgGIMffVDURQ8OlvT8cUEM?authuser=0&hl=ja&rclk=1","姫路市","姫路市 リスティング広告運用会社"
"Webで良くするLabo","https://naraweb-lab.com/","奈良市 ３丁目１０９６−１７","","https://www.google.com/maps/place/Web%E3%81%A7%E8%89%AF%E3%81%8F%E3%81%99%E3%82%8BLabo/data=!4m7!3m6!1s0x600123e1fb29cb81:0xeb9acd7c86c2821f!8m2!3d34.7046014!4d135.7289859!16s%2Fg%2F11vz2hbbq5!19sChIJgcsp--EjAWARH4LChnzNmus?authuser=0&hl=ja&rclk=1","奈良市","奈良市 Webコンサルティング会社"
"レジオン","http://e-region.jp/company.html","奈良市 藤ノ木台３丁目３−２６","0742-46-1222","https://www.google.com/maps/place/%E3%83%AC%E3%82%B8%E3%82%AA%E3%83%B3/data=!4m7!3m6!1s0x60013bb12128a54f:0x729e6ce142bebaa8!8m2!3d34.6780914!4d135.7567182!16s%2Fg%2F1td69skb!19sChIJT6UoIbE7AWARqLq-QuFsnnI?authuser=0&hl=ja&rclk=1","奈良市","奈良市 リスティング広告運用会社"
"ライフ21株式会社","http://www.life-21.co.jp/","奈良市 高天市町１５−１","0120-717-710","https://www.google.com/maps/place/%E3%83%A9%E3%82%A4%E3%83%9521%E6%A0%AA%E5%BC%8F%E4%BC%9A%E7%A4%BE/data=!4m7!3m6!1s0x60013a296bb3b605:0x71fd4839e225d69!8m2!3d34.685556!4d135.8257378!16s%2Fg%2F1tf_0_8k!19sChIJBbazayk6AWARaV0inoPUHwc?authuser=0&hl=ja&rclk=1","奈良市","奈良市 リスティング広告運用会社"
"株式会社ライフパートナーズ","https://life-partners-support.com/","奈良市 杉ヶ町33−3−４０２","0742-22-2721","https://www.google.com/maps/place/%E6%A0%AA%E5%BC%8F%E4%BC%9A%E7%A4%BE%E3%83%A9%E3%82%A4%E3%83%95%E3%83%91%E3%83%BC%E3%83%88%E3%83%8A%E3%83%BC%E3%82%BA/data=!4m7!3m6!1s0x60013b372dc74a3b:0x21333030601e4c0f!8m2!3d34.678739!4d135.8201355!16s%2Fg%2F11kq20ph0l!19sChIJO0rHLTc7AWARD0weYDAwMyE?authuser=0&hl=ja&rclk=1","奈良市","奈良市 リスティング広告運用会社"
"株式会社 ワースコンサル","http://www.wasco.co.jp/","和歌山市 ３７５−５","073-462-1231","https://www.google.com/maps/place/%E6%A0%AA%E5%BC%8F%E4%BC%9A%E7%A4%BE+%E3%83%AF%E3%83%BC%E3%82%B9%E3%82%B3%E3%83%B3%E3%82%B5%E3%83%AB/data=!4m7!3m6!1s0x6000b363338c66e5:0x9d5e68d2c2c6c2ed!8m2!3d34.2604785!4d135.2210687!16s%2Fg%2F1vl9rc00!19sChIJ5WaMM2OzAGAR7cLGwtJoXp0?authuser=0&hl=ja&rclk=1","和歌山市","和歌山市 Webコンサルティング会社"
"ウェルビーイング コンサルティング オフィス","https://wellbeing-wakayama.com/","和歌山市 友田町５丁目43番地","073-494-7778","https://www.google.com/maps/place/%E3%82%A6%E3%82%A7%E3%83%AB%E3%83%93%E3%83%BC%E3%82%A4%E3%83%B3%E3%82%B0+%E3%82%B3%E3%83%B3%E3%82%B5%E3%83%AB%E3%83%86%E3%82%A3%E3%83%B3%E3%82%B0+%E3%82%AA%E3%83%95%E3%82%A3%E3%82%B9/data=!4m7!3m6!1s0x6000b35aa7e9a8b3:0x4315ec587753db7b!8m2!3d34.2332004!4d135.1894317!16s%2Fg%2F11h6jnk_hl!19sChIJs6jpp1qzAGARe9tTd1jsFUM?authuser=0&hl=ja&rclk=1","和歌山市","和歌山市 Webコンサルティング会社"
"株式会社リビングリレーションズ ｜和歌山 ネット広告 WEB広告 和歌山市","http://www.livingrelations.jp/","和歌山市 小野町１丁目１８ サンケイ丸の内ビル 5F","073-433-1231","https://www.google.com/maps/place/%EF%BC%88%E6%A0%AA%EF%BC%89%E3%83%AA%E3%83%93%E3%83%B3%E3%82%B0%E3%83%AA%E3%83%AC%E3%83%BC%E3%82%B7%E3%83%A7%E3%83%B3%E3%82%BA+%EF%BD%9C%E5%92%8C%E6%AD%8C%E5%B1%B1+%E3%83%8D%E3%83%83%E3%83%88%E5%BA%83%E5%91%8A+WEB%E5%BA%83%E5%91%8A+%E5%92%8C%E6%AD%8C%E5%B1%B1%E5%B8%82/data=!4m7!3m6!1s0x6000b294a8489585:0x41a8b93454c387c4!8m2!3d34.2322326!4d135.1677134!16s%2Fg%2F1tf_sr4x!19sChIJhZVIqJSyAGARxIfDVDS5qEE?authuser=0&hl=ja&rclk=1","和歌山市","和歌山市 リスティング広告運用会社"
"アドネット株式会社","https://www.adnet-ltd.com/","和歌山市 和歌川町５−３","073-448-3303","https://www.google.com/maps/place/%E3%82%A2%E3%83%89%E3%83%8D%E3%83%83%E3%83%88%E6%A0%AA%E5%BC%8F%E4%BC%9A%E7%A4%BE/data=!4m7!3m6!1s0x60074d184de5daed:0x1bcc3d108bba65f5!8m2!3d34.1954269!4d135.1796104!16s%2Fg%2F1w2yzdm9!19sChIJ7drlTRhNB2AR9WW6ixA9zBs?authuser=0&hl=ja&rclk=1","和歌山市","和歌山市 リスティング広告運用会社"
"株式会社 和歌山印刷所","https://www.wa-in.co.jp/","和歌山市 狐島609番地の9","073-451-4111","https://www.google.com/maps/place/%E6%A0%AA%E5%BC%8F%E4%BC%9A%E7%A4%BE+%E5%92%8C%E6%AD%8C%E5%B1%B1%E5%8D%B0%E5%88%B7%E6%89%80/data=!4m7!3m6!1s0x6000b27735483b61:0x314bcd41942efacf!8m2!3d34.2489638!4d135.1540373!16s%2Fg%2F11btrr9kzs!19sChIJYTtINXeyAGARz_oulEHNSzE?authuser=0&hl=ja&rclk=1","和歌山市","和歌山市 リスティング広告運用会社"
"hum design","https://humdesign.jp/","岡山市 大供２丁目８−５ プレアール 2 1F","086-238-4113","https://www.google.com/maps/place/hum+design/data=!4m7!3m6!1s0x355407a4c4445927:0x960f8a3850fe9965!8m2!3d34.6557826!4d133.9180128!16s%2Fg%2F11b5pjnjg8!19sChIJJ1lExKQHVDURZZn-UDiKD5Y?authuser=0&hl=ja&rclk=1","岡山市","岡山市 Webコンサルティング会社"
"バズアンドタッチ","https://www.buzzandtatchi.shop/","岡山市 清水４９１−１","090-5693-0505","https://www.google.com/maps/place/%E3%83%90%E3%82%BA%E3%82%A2%E3%83%B3%E3%83%89%E3%82%BF%E3%83%83%E3%83%81/data=!4m7!3m6!1s0x81fccf0dbbae3189:0x65c31397967b2fb2!8m2!3d34.6828032!4d133.965517!16s%2Fg%2F11xnn123pr!19sChIJiTGuuw3P_IERsi97lpcTw2U?authuser=0&hl=ja&rclk=1","岡山市","岡山市 Webコンサルティング会社"
"株式会社シンシア","https://cynthia72.co.jp/","岡山市 邑久町上山田６８１","090-2297-0002","https://www.google.com/maps/place/%E6%A0%AA%E5%BC%8F%E4%BC%9A%E7%A4%BE%E3%82%B7%E3%83%B3%E3%82%B7%E3%82%A2/data=!4m7!3m6!1s0x355473211a52e323:0xae08de43bab1dc03!8m2!3d34.6409449!4d134.1155276!16s%2Fg%2F11zfq9gx7s!19sChIJI-NSGiFzVDURA9yxukPeCK4?authuser=0&hl=ja&rclk=1","岡山市","岡山市 リスティング広告運用会社"
"合同会社WEBコンサルティングα","http://www.webconsul.jp/","広島市 広瀬北町３−１１ 和光広瀬ビル4F","082-205-0522","https://www.google.com/maps/place/%E5%90%88%E5%90%8C%E4%BC%9A%E7%A4%BEWEB%E3%82%B3%E3%83%B3%E3%82%B5%E3%83%AB%E3%83%86%E3%82%A3%E3%83%B3%E3%82%B0%CE%B1/data=!4m7!3m6!1s0x355aa275effac49b:0xd4c3aaaa3e4716c7!8m2!3d34.4033372!4d132.4485637!16s%2Fg%2F12cnpnblx!19sChIJm8T673WiWjURxxZHPqqqw9Q?authuser=0&hl=ja&rclk=1","広島市","広島市 Webコンサルティング会社"
"KYSコンサルティング株式会社","https://kys-consulting.com/","広島市 橋本町２−１８ Ｆｏｒｕｍ幟町 2番18-702号","090-9410-1499","https://www.google.com/maps/place/KYS%E3%82%B3%E3%83%B3%E3%82%B5%E3%83%AB%E3%83%86%E3%82%A3%E3%83%B3%E3%82%B0%E6%A0%AA%E5%BC%8F%E4%BC%9A%E7%A4%BE/data=!4m7!3m6!1s0x355a9942e7dd08f1:0x7313e3531fed6106!8m2!3d34.396095!4d132.4689513!16s%2Fg%2F11jzd1g6x5!19sChIJ8Qjd50KZWjURBmHtH1PjE3M?authuser=0&hl=ja&rclk=1","広島市","広島市 Webコンサルティング会社"
"マネジメントコンサルティング株式会社","https://mcc.jp.net/","福山市 寺町９−１２ ３F","050-7114-0556","https://www.google.com/maps/place/%E3%83%9E%E3%83%8D%E3%82%B8%E3%83%A1%E3%83%B3%E3%83%88%E3%82%B3%E3%83%B3%E3%82%B5%E3%83%AB%E3%83%86%E3%82%A3%E3%83%B3%E3%82%B0%E6%A0%AA%E5%BC%8F%E4%BC%9A%E7%A4%BE/data=!4m7!3m6!1s0x35511171cbb8b9fd:0x27fe6ae4276c8afd!8m2!3d34.4903762!4d133.3724863!16s%2Fg%2F11j0qmtv7v!19sChIJ_bm4y3ERUTUR_YpsJ-Rq_ic?authuser=0&hl=ja&rclk=1","福山市","福山市 Webコンサルティング会社"
"IXIEED株式会社（イクシード）","https://ixieed.co.jp/","福山市 野上町３丁目１２−１２","084-973-0211","https://www.google.com/maps/place/IXIEED%E6%A0%AA%E5%BC%8F%E4%BC%9A%E7%A4%BE%EF%BC%88%E3%82%A4%E3%82%AF%E3%82%B7%E3%83%BC%E3%83%89%EF%BC%89/data=!4m7!3m6!1s0x355110f4d6ffffff:0x6ebd92fe441587dc!8m2!3d34.4767043!4d133.3630048!16s%2Fg%2F11flgnm_c6!19sChIJ____1vQQUTUR3IcVRP6SvW4?authuser=0&hl=ja&rclk=1","福山市","福山市 リスティング広告運用会社"
"株式会社リクチコンサルタント","http://www.rikuchi-net.jp/","山口市 富田原町１−３０","083-922-1698","https://www.google.com/maps/place/%E6%A0%AA%E5%BC%8F%E4%BC%9A%E7%A4%BE%E3%83%AA%E3%82%AF%E3%83%81%E3%82%B3%E3%83%B3%E3%82%B5%E3%83%AB%E3%82%BF%E3%83%B3%E3%83%88/data=!4m7!3m6!1s0x354497005bf11933:0xfdea561df8509923!8m2!3d34.1626144!4d131.4665909!16s%2Fg%2F11yshgz_z2!19sChIJMxnxWwCXRDURI5lQ-B1W6v0?authuser=0&hl=ja&rclk=1","山口市","山口市 Webコンサルティング会社"
"合同会社システイル","https://sistail.jp/","徳島市 佐古四番町４−１５ くらまち 内","080-1988-5487","https://www.google.com/maps/place/%E5%90%88%E5%90%8C%E4%BC%9A%E7%A4%BE%E3%82%B7%E3%82%B9%E3%83%86%E3%82%A4%E3%83%AB/data=!4m7!3m6!1s0x355373302444f30d:0x5220210c69a9b229!8m2!3d34.0774545!4d134.5334424!16s%2Fg%2F11y_t72y6_!19sChIJDfNEJDBzUzURKbKpaQwhIFI?authuser=0&hl=ja&rclk=1","徳島市","徳島市 Webコンサルティング会社"
"株式会社クリミティブ","http://www.cremitive.co.jp/","徳島市 応神町古川戎子野74−４ グリーンハイツ 106","088-624-8784","https://www.google.com/maps/place/%28%E6%A0%AA%29%E3%82%AF%E3%83%AA%E3%83%9F%E3%83%86%E3%82%A3%E3%83%96/data=!4m7!3m6!1s0x35536e0091bc0185:0x502ea280cbaf5dc3!8m2!3d34.102381!4d134.557516!16s%2Fg%2F11ddz9tcbf!19sChIJhQG8kQBuUzURw12vy4CiLlA?authuser=0&hl=ja&rclk=1","徳島市","徳島市 Webコンサルティング会社"
"ひとざい投資104株式会社","https://www.hitozaitoushi104.com/","徳島市 佐古六番町１１−11番8号 ヒトザイビル3 階A","080-3924-3148","https://www.google.com/maps/place/%E3%81%B2%E3%81%A8%E3%81%96%E3%81%84%E6%8A%95%E8%B3%87104%E6%A0%AA%E5%BC%8F%E4%BC%9A%E7%A4%BE/data=!4m7!3m6!1s0x355373c8ff25fdcf:0x31fc4349b7a8e334!8m2!3d34.0789077!4d134.5264653!16s%2Fg%2F11s0zj_t4b!19sChIJz_0l_8hzUzURNOOot0lD_DE?authuser=0&hl=ja&rclk=1","徳島市","徳島市 Webコンサルティング会社"
"株式会社アイデル","http://aidel.jp/","徳島市 東沖洲１丁目７ 1F","088-677-6777","https://www.google.com/maps/place/%EF%BC%88%E6%A0%AA%EF%BC%89%E3%82%A2%E3%82%A4%E3%83%87%E3%83%AB/data=!4m7!3m6!1s0x35536cf7147b5aad:0x84a97053725c8155!8m2!3d34.0645881!4d134.5984308!16s%2Fg%2F12m9c5wrq!19sChIJrVp7FPdsUzURVYFcclNwqYQ?authuser=0&hl=ja&rclk=1","徳島市","徳島市 リスティング広告運用会社"
"株式会社 小島マネジメント","https://ko-manage.com/","高松市 寿町２丁目２−１０ 高松寿町プライムビル ４階","087-804-7629","https://www.google.com/maps/place/%28%E6%A0%AA%29+%E5%B0%8F%E5%B3%B6%E3%83%9E%E3%83%8D%E3%82%B8%E3%83%A1%E3%83%B3%E3%83%88/data=!4m7!3m6!1s0x3553eb2828124a17:0x2c6e916c8941d0dd!8m2!3d34.3473179!4d134.0482126!16s%2Fg%2F11p18l0mhy!19sChIJF0oSKCjrUzUR3dBBiWyRbiw?authuser=0&hl=ja&rclk=1","高松市","高松市 Webコンサルティング会社"
"経費削減コンサルティングのCOAT株式会社","https://www.coat-sop6.com/","高松市 林町２２１７−１５ 香川産業頭脳化センタ 2107号","080-4027-2545","https://www.google.com/maps/place/%E7%B5%8C%E8%B2%BB%E5%89%8A%E6%B8%9B%E3%82%B3%E3%83%B3%E3%82%B5%E3%83%AB%E3%83%86%E3%82%A3%E3%83%B3%E3%82%B0%E3%81%AECOAT%28%E6%A0%AA%29/data=!4m7!3m6!1s0x3553ebff872654f7:0x3631f57ecfc16dd7!8m2!3d34.2943199!4d134.073219!16s%2Fg%2F11jj1wdk0c!19sChIJ91Qmh__rUzUR123Bz371MTY?authuser=0&hl=ja&rclk=1","高松市","高松市 Webコンサルティング会社"
"株式会社ジェイアール四国企画","https://www.jr-shikoku.co.jp/jr-kikaku/","高松市 浜ノ町８−２４","087-851-6885","https://www.google.com/maps/place/%28%E6%A0%AA%29%E3%82%B8%E3%82%A7%E3%82%A4%E3%82%A2%E3%83%BC%E3%83%AB%E5%9B%9B%E5%9B%BD%E4%BC%81%E7%94%BB/data=!4m7!3m6!1s0x3553eb8c549075a3:0xdcdd795251c2a46a!8m2!3d34.3497907!4d134.0415435!16s%2Fg%2F1vzg01xj!19sChIJo3WQVIzrUzURaqTCUVJ53dw?authuser=0&hl=ja&rclk=1","高松市","高松市 リスティング広告運用会社"
"株式会社フロコン","https://frocon.jp/","松山市 久万ノ台４１４ シエロドラーゴ 久万ノ台 302","089-993-7280","https://www.google.com/maps/place/%E6%A0%AA%E5%BC%8F%E4%BC%9A%E7%A4%BE%E3%83%95%E3%83%AD%E3%82%B3%E3%83%B3/data=!4m7!3m6!1s0x354fe5a65723b931:0x30b84e330dc52a2e!8m2!3d33.8627816!4d132.7496425!16s%2Fg%2F1v2kv7p3!19sChIJMbkjV6blTzURLirFDTNOuDA?authuser=0&hl=ja&rclk=1","松山市","松山市 Webコンサルティング会社"
"株式会社ビオトープ biotope","http://biotope-consulting.co.jp/","松山市 リパップビル 6F、〒 愛媛 県 松山 市 三 番 町 ５ 丁目 １３−１０, ５丁目-１３-１０ 三番町","089-932-9517","https://www.google.com/maps/place/%E6%A0%AA%E5%BC%8F%E4%BC%9A%E7%A4%BE%E3%83%93%E3%82%AA%E3%83%88%E3%83%BC%E3%83%97+biotope/data=!4m7!3m6!1s0x354fe58c35b95555:0xda7ef6c9adc9659a!8m2!3d33.8385752!4d132.7624796!16s%2Fg%2F11cltg27kn!19sChIJVVW5NYzlTzURmmXJrcn2fto?authuser=0&hl=ja&rclk=1","松山市","松山市 Webコンサルティング会社"
"Ciras株式会社","https://www.ciras.jp/","松山市 萱町３丁目２番３ 9cross ５０１","050-3637-6324","https://www.google.com/maps/place/Ciras%E6%A0%AA%E5%BC%8F%E4%BC%9A%E7%A4%BE/data=!4m7!3m6!1s0x354fe54e6735b889:0x6d42c35c4071bf02!8m2!3d33.845601!4d132.7568388!16s%2Fg%2F11h3bsfmmb!19sChIJibg1Z07lTzURAr9xQFzDQm0?authuser=0&hl=ja&rclk=1","松山市","松山市 Webコンサルティング会社"
"ウェブ コンサルティング ラボ株式会社 関西オフィス","http://webconsultinglab.com/","松山市 辻町９−９","03-6876-1875","https://www.google.com/maps/place/%E3%82%A6%E3%82%A7%E3%83%96+%E3%82%B3%E3%83%B3%E3%82%B5%E3%83%AB%E3%83%86%E3%82%A3%E3%83%B3%E3%82%B0+%E3%83%A9%E3%83%9C%E6%A0%AA%E5%BC%8F%E4%BC%9A%E7%A4%BE+%E9%96%A2%E8%A5%BF%E3%82%AA%E3%83%95%E3%82%A3%E3%82%B9/data=!4m7!3m6!1s0x354fe583c762089f:0xf1d7ab6d575fb667!8m2!3d33.8429847!4d132.7499593!16s%2Fg%2F11wqj1yng7!19sChIJnwhix4PlTzURZ7ZfV22r1_E?authuser=0&hl=ja&rclk=1","松山市","松山市 Webコンサルティング会社"
"HR PLUS合同会社","https://hr-plus-saiyou.jp/","高知市 帯屋町１丁目１４−９ ゑり忠ビル 2F","","https://www.google.com/maps/place/HR+PLUS%E5%90%88%E5%90%8C%E4%BC%9A%E7%A4%BE/data=!4m7!3m6!1s0x354e194df27a5d0f:0x63902f5ba3e6777f!8m2!3d33.5606227!4d133.5383288!16s%2Fg%2F11y6g0vrks!19sChIJD1168k0ZTjURf3fmo1svkGM?authuser=0&hl=ja&rclk=1","高知市","高知市 Webコンサルティング会社"
"株式会社MXコンサルタント（上町支社）","https://mx-kochi.jp/","高知市 上町４丁目５−３","088-821-0007","https://www.google.com/maps/place/%E6%A0%AA%E5%BC%8F%E4%BC%9A%E7%A4%BEMX%E3%82%B3%E3%83%B3%E3%82%B5%E3%83%AB%E3%82%BF%E3%83%B3%E3%83%88%EF%BC%88%E4%B8%8A%E7%94%BA%E6%94%AF%E7%A4%BE%EF%BC%89/data=!4m7!3m6!1s0x354e1944ee4dc6fd:0xaeae2d193d71082a!8m2!3d33.5569748!4d133.5206982!16s%2Fg%2F11j6gqmrpn!19sChIJ_cZN7kQZTjURKghxPRktrq4?authuser=0&hl=ja&rclk=1","高知市","高知市 Webコンサルティング会社"
"WHITE DISH株式会社","https://whitedish.co.jp/","福岡市 天神２丁目３−3番10号 天神パインクレスト 719","","https://www.google.com/maps/place/WHITE+DISH%E6%A0%AA%E5%BC%8F%E4%BC%9A%E7%A4%BE/data=!4m7!3m6!1s0x354191aafdf48b6d:0xf1d45e0e065f9d2d!8m2!3d33.5868968!4d130.3980948!16s%2Fg%2F11mw597xwy!19sChIJbYv0_aqRQTURLZ1fBg5e1PE?authuser=0&hl=ja&rclk=1","福岡市","福岡市 リスティング広告運用会社"
"ロードランナー株式会社","http://loderunner.jp/","福岡市 薬院２丁目２−１８ 大地ビル 3階","","https://www.google.com/maps/place/%E3%83%AD%E3%83%BC%E3%83%89%E3%83%A9%E3%83%B3%E3%83%8A%E3%83%BC%E6%A0%AA%E5%BC%8F%E4%BC%9A%E7%A4%BE/data=!4m7!3m6!1s0x3541918cc92f347d:0x3ad1a62fffd964e5!8m2!3d33.5820343!4d130.3962996!16s%2Fg%2F11h191zm5j!19sChIJfTQvyYyRQTUR5WTZ_y-m0To?authuser=0&hl=ja&rclk=1","福岡市","福岡市 リスティング広告運用会社"
"株式会社マイティーエース【西日本新聞グループ】","https://mightyace.co.jp/","福岡市 今泉１丁目９−１４ 西日本新聞天神南ビル","092-737-8400","https://www.google.com/maps/place/%28%E6%A0%AA%29%E3%83%9E%E3%82%A4%E3%83%86%E3%82%A3%E3%83%BC%E3%82%A8%E3%83%BC%E3%82%B9%E3%80%90%E8%A5%BF%E6%97%A5%E6%9C%AC%E6%96%B0%E8%81%9E%E3%82%B0%E3%83%AB%E3%83%BC%E3%83%97%E3%80%91/data=!4m7!3m6!1s0x354191927e5490d5:0x77b12420c3fe1b86!8m2!3d33.5855593!4d130.4001517!16s%2Fg%2F11bbrnj_vt!19sChIJ1ZBUfpKRQTURhhv-wyAksXc?authuser=0&hl=ja&rclk=1","福岡市","福岡市 リスティング広告運用会社"
"株式会社Mapコンサルティング 北九州支店","https://www.map-con.co.jp/","北九州市 足原２丁目６−１ サンロワール足原","093-932-8850","https://www.google.com/maps/place/%EF%BC%88%E6%A0%AA%EF%BC%89Map%E3%82%B3%E3%83%B3%E3%82%B5%E3%83%AB%E3%83%86%E3%82%A3%E3%83%B3%E3%82%B0+%E5%8C%97%E4%B9%9D%E5%B7%9E%E6%94%AF%E5%BA%97/data=!4m7!3m6!1s0x3543c0a05d73f99d:0xd7d804e4252d6a9b!8m2!3d33.8661734!4d130.8960274!16s%2Fg%2F1hc5mbd_w!19sChIJnflzXaDAQzURm2otJeQE2Nc?authuser=0&hl=ja&rclk=1","北九州市","北九州市 Webコンサルティング会社"
"株式会社メディアリンク","http://an-link.co.jp/","北九州市 上蓮花寺１丁目２−１","0120-774-620","https://www.google.com/maps/place/%E6%A0%AA%E5%BC%8F%E4%BC%9A%E7%A4%BE%E3%83%A1%E3%83%87%E3%82%A3%E3%82%A2%E3%83%AA%E3%83%B3%E3%82%AF/data=!4m7!3m6!1s0x3543cf1e7040c927:0xd408954c907ada8a!8m2!3d33.822973!4d130.7254635!16s%2Fg%2F11bvwdlbz5!19sChIJJ8lAcB7PQzURitp6kEyVCNQ?authuser=0&hl=ja&rclk=1","北九州市","北九州市 リスティング広告運用会社"
"株式会社九広 本社","http://kyuko.co.jp/company.html","北九州市 竪町１丁目６−７ ジェイリンクビル","093-562-0931","https://www.google.com/maps/place/%EF%BC%88%E6%A0%AA%EF%BC%89%E4%B9%9D%E5%BA%83+%E6%9C%AC%E7%A4%BE/data=!4m7!3m6!1s0x3543b8af071f64d3:0xc458ea79f7976d22!8m2!3d33.884706!4d130.869875!16s%2Fg%2F1thk6jd9!19sChIJ02QfB6-4QzURIm2X93nqWMQ?authuser=0&hl=ja&rclk=1","北九州市","北九州市 リスティング広告運用会社"
"大和コンサル株式会社","http://www.daiwaconsul.co.jp/","久留米市 城南町２３−３","0942-33-8191","https://www.google.com/maps/place/%E5%A4%A7%E5%92%8C%E3%82%B3%E3%83%B3%E3%82%B5%E3%83%AB%EF%BC%88%E6%A0%AA%EF%BC%89/data=!4m7!3m6!1s0x3541a4f778f96a69:0x9ede0d0b335d4acc!8m2!3d33.32005!4d130.510029!16s%2Fg%2F1tk8lccq!19sChIJaWr5ePekQTURzEpdMwsN3p4?authuser=0&hl=ja&rclk=1","久留米市","久留米市 Webコンサルティング会社"
"福岡県久留米市の看板屋さん 株式会社 ピカソ","http://www.sign-picasso.com/","久留米市 東合川４丁目４−３","0942-43-0303","https://www.google.com/maps/place/%E7%A6%8F%E5%B2%A1%E7%9C%8C%E4%B9%85%E7%95%99%E7%B1%B3%E5%B8%82%E3%81%AE%E7%9C%8B%E6%9D%BF%E5%B1%8B%E3%81%95%E3%82%93+%E6%A0%AA%E5%BC%8F%E4%BC%9A%E7%A4%BE+%E3%83%94%E3%82%AB%E3%82%BD/data=!4m7!3m6!1s0x3541a6a692e6317d:0xef93ec08ca0debda!8m2!3d33.3168206!4d130.5573044!16s%2Fg%2F1tqfz34q!19sChIJfTHmkqamQTUR2usNygjsk-8?authuser=0&hl=ja&rclk=1","久留米市","久留米市 リスティング広告運用会社"
"株式会社ツクリテ くるめナビ編集局","https://kurumenavi.com/","久留米市 御井町４３９","0942-43-0588","https://www.google.com/maps/place/%E6%A0%AA%E5%BC%8F%E4%BC%9A%E7%A4%BE%E3%83%84%E3%82%AF%E3%83%AA%E3%83%86+%E3%81%8F%E3%82%8B%E3%82%81%E3%83%8A%E3%83%93%E7%B7%A8%E9%9B%86%E5%B1%80/data=!4m7!3m6!1s0x3541a447998d4007:0x18b5d2b1608a8e9b!8m2!3d33.3024883!4d130.552542!16s%2Fg%2F1tjz5r17!19sChIJB0CNmUekQTURm46KYLHStRg?authuser=0&hl=ja&rclk=1","久留米市","久留米市 リスティング広告運用会社"
"アスリードコンサルティングファーム株式会社","https://us-lead.jp/","佐賀市 呉服元町５−１９ 2階","0952-97-7330","https://www.google.com/maps/place/%E3%82%A2%E3%82%B9%E3%83%AA%E3%83%BC%E3%83%89%E3%82%B3%E3%83%B3%E3%82%B5%E3%83%AB%E3%83%86%E3%82%A3%E3%83%B3%E3%82%B0%E3%83%95%E3%82%A1%E3%83%BC%E3%83%A0%E6%A0%AA%E5%BC%8F%E4%BC%9A%E7%A4%BE/data=!4m7!3m6!1s0x3541cbd0782d1f29:0x1facf0ff51659cc2!8m2!3d33.2549307!4d130.3032706!16s%2Fg%2F11rn7p3jw8!19sChIJKR8teNDLQTURwpxlUf_wrB8?authuser=0&hl=ja&rclk=1","佐賀市","佐賀市 Webコンサルティング会社"
"株式会社エイチ・コンサルティング","http://www.eichi-con.com/","佐賀市 呉服元町２−１５ 呉服元町2-15 COTOCO215","0952-37-5883","https://www.google.com/maps/place/%28%E6%A0%AA%29%E3%82%A8%E3%82%A4%E3%83%81%E3%83%BB%E3%82%B3%E3%83%B3%E3%82%B5%E3%83%AB%E3%83%86%E3%82%A3%E3%83%B3%E3%82%B0/data=!4m7!3m6!1s0x3541ca73ff7eaaab:0x7b4e17abe8826487!8m2!3d33.25467!4d130.3037373!16s%2Fg%2F11dd_rmxsn!19sChIJq6p-_3PKQTURh2SC6KsXTns?authuser=0&hl=ja&rclk=1","佐賀市","佐賀市 Webコンサルティング会社"
"株式会社ローカルメディアラボ","https://lm-labs.com/","佐賀市 唐人２丁目５−８ 佐賀中央通りビル 6F","0952-97-9605","https://www.google.com/maps/place/%E6%A0%AA%E5%BC%8F%E4%BC%9A%E7%A4%BE%E3%83%AD%E3%83%BC%E3%82%AB%E3%83%AB%E3%83%A1%E3%83%87%E3%82%A3%E3%82%A2%E3%83%A9%E3%83%9C/data=!4m7!3m6!1s0x3541ca72a5cc001f:0xaee71a8f91ed3b02!8m2!3d33.2583633!4d130.2993365!16s%2Fg%2F1v_z23p3!19sChIJHwDMpXLKQTURAjvtkY8a564?authuser=0&hl=ja&rclk=1","佐賀市","佐賀市 Webコンサルティング会社"
"エンターアイ","https://enter-i.jp/","佐賀市 本庄町２８６−５","0952-24-3222","https://www.google.com/maps/place/%E3%82%A8%E3%83%B3%E3%82%BF%E3%83%BC%E3%82%A2%E3%82%A4/data=!4m7!3m6!1s0x3541ca8721bba4a5:0xbaefea77970a3b53!8m2!3d33.2387147!4d130.3025845!16s%2Fg%2F1xb2bbs_!19sChIJpaS7IYfKQTURUzsKl3fq77o?authuser=0&hl=ja&rclk=1","佐賀市","佐賀市 リスティング広告運用会社"
"アスタスク株式会社 佐賀営業所","https://astask.co.jp/","佐賀市 紺屋町７−１６","0952-37-6641","https://www.google.com/maps/place/%E3%82%A2%E3%82%B9%E3%82%BF%E3%82%B9%E3%82%AF%E6%A0%AA%E5%BC%8F%E4%BC%9A%E7%A4%BE+%E4%BD%90%E8%B3%80%E5%96%B6%E6%A5%AD%E6%89%80/data=!4m7!3m6!1s0x3541b5888d2bbb0b:0xd07708abaf5e778a!8m2!3d33.2478238!4d130.3119056!16s%2Fg%2F11jp9vlcdd!19sChIJC7srjYi1QTURinder6sId9A?authuser=0&hl=ja&rclk=1","佐賀市","佐賀市 リスティング広告運用会社"
"株式会社オリエントアイエヌジー","https://orient-ing.jp/","長崎市 馬町５５","095-821-5656","https://www.google.com/maps/place/%E6%A0%AA%E5%BC%8F%E4%BC%9A%E7%A4%BE%E3%82%AA%E3%83%AA%E3%82%A8%E3%83%B3%E3%83%88%E3%82%A2%E3%82%A4%E3%82%A8%E3%83%8C%E3%82%B8%E3%83%BC/data=!4m7!3m6!1s0x35155348df0410a9:0xf4f6b85eaaf933d3!8m2!3d32.7524883!4d129.882575!16s%2Fg%2F1tzglz_x!19sChIJqRAE30hTFTUR0zP5ql649vQ?authuser=0&hl=ja&rclk=1","長崎市","長崎市 Webコンサルティング会社"
"グローバル・マネジメント株式会社","https://glo-mana.jp/","長崎市 大浜町１６０５−１","095-895-5501","https://www.google.com/maps/place/%E3%82%B0%E3%83%AD%E3%83%BC%E3%83%90%E3%83%AB%E3%83%BB%E3%83%9E%E3%83%8D%E3%82%B8%E3%83%A1%E3%83%B3%E3%83%88%E6%A0%AA%E5%BC%8F%E4%BC%9A%E7%A4%BE/data=!4m7!3m6!1s0x3515533c759e3621:0xb2857edb277774a7!8m2!3d32.7446315!4d129.8294785!16s%2Fg%2F11clwjq0cq!19sChIJITaedTxTFTURp3R3J9t-hbI?authuser=0&hl=ja&rclk=1","長崎市","長崎市 Webコンサルティング会社"
"インプルーブ熊本","https://www.microbubble-men.com/","熊本市 上南部３丁目３２−１０","096-295-1704","https://www.google.com/maps/place/%E3%82%A4%E3%83%B3%E3%83%97%E3%83%AB%E3%83%BC%E3%83%96%E7%86%8A%E6%9C%AC/data=!4m7!3m6!1s0x3540f0d8524334ef:0x760bd41cbdb552c4!8m2!3d32.8382641!4d130.7757127!16s%2Fg%2F1pp2tzyt_!19sChIJ7zRDUtjwQDURxFK1vRzUC3Y?authuser=0&hl=ja&rclk=1","熊本市","熊本市 Webコンサルティング会社"
"株式会社CDP 熊本","http://www.cdp-inc.jp/","熊本市 本荘４丁目７−１４","096-374-8100","https://www.google.com/maps/place/%E6%A0%AA%E5%BC%8F%E4%BC%9A%E7%A4%BECDP+%E7%86%8A%E6%9C%AC/data=!4m7!3m6!1s0x3540f4713dc7b5af:0xce22528327b84399!8m2!3d32.7934297!4d130.7096305!16s%2Fg%2F1tg9qgfv!19sChIJr7XHPXH0QDURmUO4J4NSIs4?authuser=0&hl=ja&rclk=1","熊本市","熊本市 Webコンサルティング会社"
"株式会社エイトラボ","https://8lab.co.jp/","熊本市 清水万石４丁目５−５３","096-202-1881","https://www.google.com/maps/place/%E6%A0%AA%E5%BC%8F%E4%BC%9A%E7%A4%BE%E3%82%A8%E3%82%A4%E3%83%88%E3%83%A9%E3%83%9C/data=!4m7!3m6!1s0x3540f0d8524334ef:0xe55c6d4948745066!8m2!3d32.8327858!4d130.7288061!16s%2Fg%2F1hdzgx2kf!19sChIJ7zRDUtjwQDURZlB0SEltXOU?authuser=0&hl=ja&rclk=1","熊本市","熊本市 Webコンサルティング会社"
"株式会社ネットワーク・株式会社家族の窓口","https://network-net.co.jp/","熊本市 九品寺３丁目１５−４","096-366-2277","https://www.google.com/maps/place/%E6%A0%AA%E5%BC%8F%E4%BC%9A%E7%A4%BE%E3%83%8D%E3%83%83%E3%83%88%E3%83%AF%E3%83%BC%E3%82%AF%E3%83%BB%E6%A0%AA%E5%BC%8F%E4%BC%9A%E7%A4%BE%E5%AE%B6%E6%97%8F%E3%81%AE%E7%AA%93%E5%8F%A3/data=!4m7!3m6!1s0x3540f38abae7959d:0xa38459e389810550!8m2!3d32.7962396!4d130.716567!16s%2Fg%2F1tnjgbff!19sChIJnZXnuorzQDURUAWBieNZhKM?authuser=0&hl=ja&rclk=1","熊本市","熊本市 リスティング広告運用会社"
"株式会社 THINK-DO.BE","https://www.think-do-be.jp/","大分市 今津留２丁目１−1番27号 ラトゥール今津留 302","097-535-8311","https://www.google.com/maps/place/%E6%A0%AA%E5%BC%8F%E4%BC%9A%E7%A4%BE+THINK-DO.BE/data=!4m7!3m6!1s0x35469f81e6ec79b7:0x3b746b01622420ca!8m2!3d33.2408045!4d131.6260315!16s%2Fg%2F11j7dbsq5r!19sChIJt3ns5oGfRjURyiAkYgFrdDs?authuser=0&hl=ja&rclk=1","大分市","大分市 Webコンサルティング会社"
"株式会社 リライアブル・コンサルティング","https://reliable-consulting.info/","大分市 豊饒２丁目２−2番54 フォレストB／Ⅱ９０２","097-547-7177","https://www.google.com/maps/place/%E6%A0%AA%E5%BC%8F%E4%BC%9A%E7%A4%BE+%E3%83%AA%E3%83%A9%E3%82%A4%E3%82%A2%E3%83%96%E3%83%AB%E3%83%BB%E3%82%B3%E3%83%B3%E3%82%B5%E3%83%AB%E3%83%86%E3%82%A3%E3%83%B3%E3%82%B0/data=!4m7!3m6!1s0x3546a303f51bc551:0x4a47cf78ee6e0fd2!8m2!3d33.2098551!4d131.5972992!16s%2Fg%2F11h_4_7hcy!19sChIJUcUb9QOjRjUR0g9u7njPR0o?authuser=0&hl=ja&rclk=1","大分市","大分市 Webコンサルティング会社"
"LRコンサルティング株式会社","https://lrconsul.com/about/","大分市 中春日町５−３２ サンライト春日 208号","097-547-8887","https://www.google.com/maps/place/LR%E3%82%B3%E3%83%B3%E3%82%B5%E3%83%AB%E3%83%86%E3%82%A3%E3%83%B3%E3%82%B0%E6%A0%AA%E5%BC%8F%E4%BC%9A%E7%A4%BE/data=!4m7!3m6!1s0x3546a1ab8a5bc4dd:0x63cabf76a2505958!8m2!3d33.2387812!4d131.5976089!16s%2Fg%2F11rs0ssp39!19sChIJ3cRbiquhRjURWFlQona_ymM?authuser=0&hl=ja&rclk=1","大分市","大分市 Webコンサルティング会社"
"Shiiimo","https://shiiimo.com/","大分市 青葉台２丁目１−８","","https://www.google.com/maps/place/Shiiimo/data=!4m7!3m6!1s0x4d094147cc62492d:0xb477b0b567ec4ade!8m2!3d33.2285957!4d131.5782784!16s%2Fg%2F11sr0h1n0s!19sChIJLUlizEdBCU0R3krsZ7Wwd7Q?authuser=0&hl=ja&rclk=1","大分市","大分市 リスティング広告運用会社"
"大分折込株式会社","https://oita-orikomi.co.jp/","大分市 王子港町１−２５","097-533-1128","https://www.google.com/maps/place/%E5%A4%A7%E5%88%86%E6%8A%98%E8%BE%BC%EF%BC%88%E6%A0%AA%EF%BC%89/data=!4m7!3m6!1s0x3546a1cfbaf2dad9:0x95ab0c1d3efb43f6!8m2!3d33.2450168!4d131.5894368!16s%2Fg%2F1td1mp1x!19sChIJ2dryus-hRjUR9kP7Ph0Mq5U?authuser=0&hl=ja&rclk=1","大分市","大分市 リスティング広告運用会社"
"株式会社あふれる","http://www.afureru.jp/","宮崎市 橘通東３丁目６−３３ 井脇ビル","0985-82-7820","https://www.google.com/maps/place/%E6%A0%AA%E5%BC%8F%E4%BC%9A%E7%A4%BE%E3%81%82%E3%81%B5%E3%82%8C%E3%82%8B/data=!4m7!3m6!1s0x3538b75f7678df63:0x61922aff45995ec!8m2!3d31.9152478!4d131.424979!16s%2Fg%2F11mtgkw79z!19sChIJY994dl-3ODUR7JVZ9K8iGQY?authuser=0&hl=ja&rclk=1","宮崎市","宮崎市 リスティング広告運用会社"
"株式会社ポリバレント","https://www.polyvalent.co.jp/","宮崎市 恒久３丁目２番地１８","0985-89-5883","https://www.google.com/maps/place/%EF%BC%88%E6%A0%AA%EF%BC%89%E3%83%9D%E3%83%AA%E3%83%90%E3%83%AC%E3%83%B3%E3%83%88/data=!4m7!3m6!1s0x3538b77155532373:0x4f2722467efb1d1d!8m2!3d31.8951442!4d131.4318649!16s%2Fg%2F11bccmx4tl!19sChIJcyNTVXG3ODURHR37fkYiJ08?authuser=0&hl=ja&rclk=1","宮崎市","宮崎市 リスティング広告運用会社"
"MS企画株式会社 宮崎オフィス","https://mspad.jp/","宮崎市 神宮１丁目２５０ COMPLEX2階","0985-64-8716","https://www.google.com/maps/place/MS%E4%BC%81%E7%94%BB%28%E6%A0%AA%29+%E5%AE%AE%E5%B4%8E%E3%82%AA%E3%83%95%E3%82%A3%E3%82%B9/data=!4m7!3m6!1s0x3538b7c1257fa047:0xcda59fb9d8fce9a9!8m2!3d31.9332183!4d131.4214423!16s%2Fg%2F11try3m5m7!19sChIJR6B_JcG3ODURqen82Lmfpc0?authuser=0&hl=ja&rclk=1","宮崎市","宮崎市 リスティング広告運用会社"
"株式会社ＷＩＳＨシステムコンサルティング","https://wish-sc.co.jp/","鹿児島市 東千石町１４−１０ 天文館Nnビル 7F","099-219-7623","https://www.google.com/maps/place/%EF%BC%88%E6%A0%AA%EF%BC%89%EF%BC%B7%EF%BC%A9%EF%BC%B3%EF%BC%A8%E3%82%B7%E3%82%B9%E3%83%86%E3%83%A0%E3%82%B3%E3%83%B3%E3%82%B5%E3%83%AB%E3%83%86%E3%82%A3%E3%83%B3%E3%82%B0/data=!4m7!3m6!1s0x353e5e002625aa57:0x1abe54633874549d!8m2!3d31.5912129!4d130.5552663!16s%2Fg%2F11btrrf1z9!19sChIJV6olJgBePjURnVR0OGNUvho?authuser=0&hl=ja&rclk=1","鹿児島市","鹿児島市 Webコンサルティング会社"
"株式会社WEBLOG","http://weblog-co-ltd.com/","鹿児島市 樋之口町９−１ かまつきビル 3F","099-248-7377","https://www.google.com/maps/place/%E6%A0%AA%E5%BC%8F%E4%BC%9A%E7%A4%BEWEBLOG/data=!4m7!3m6!1s0x353e61da54e0e967:0x66367f34ee0e75dc!8m2!3d31.5867619!4d130.5552861!16s%2Fg%2F11fv4jzfc5!19sChIJZ-ngVNphPjUR3HUO7jR_NmY?authuser=0&hl=ja&rclk=1","鹿児島市","鹿児島市 Webコンサルティング会社"
"キング鉄道広告株式会社","https://king-ad.jp/","鹿児島市 中央町9−１９−１０１","099-258-1381","https://www.google.com/maps/place/%E3%82%AD%E3%83%B3%E3%82%B0%E9%89%84%E9%81%93%E5%BA%83%E5%91%8A%EF%BC%88%E6%A0%AA%EF%BC%89/data=!4m7!3m6!1s0x353e674fc520e7db:0x776c097e57f6a40f!8m2!3d31.584705!4d130.544984!16s%2Fg%2F1tdpczc5!19sChIJ2-cgxU9nPjURD6T2V34JbHc?authuser=0&hl=ja&rclk=1","鹿児島市","鹿児島市 リスティング広告運用会社"
"株式会社サイズサイン","https://sizesign.olly.jp/","鹿児島市 西別府町３１１６−１３９","099-248-9140","https://www.google.com/maps/place/%E6%A0%AA%E5%BC%8F%E4%BC%9A%E7%A4%BE%E3%82%B5%E3%82%A4%E3%82%BA%E3%82%B5%E3%82%A4%E3%83%B3/data=!4m7!3m6!1s0x353e67409a843889:0xf746dbda3b507083!8m2!3d31.5883749!4d130.5068053!16s%2Fg%2F11bzq1kww_!19sChIJiTiEmkBnPjURg3BQO9rbRvc?authuser=0&hl=ja&rclk=1","鹿児島市","鹿児島市 リスティング広告運用会社"
"株式会社ノイズ・バリュー社","https://noisevalue.co.jp/","那覇市 泉崎２丁目2−７ 5階","098-987-5775","https://www.google.com/maps/place/%E6%A0%AA%E5%BC%8F%E4%BC%9A%E7%A4%BE%E3%83%8E%E3%82%A4%E3%82%BA%E3%83%BB%E3%83%90%E3%83%AA%E3%83%A5%E3%83%BC%E7%A4%BE/data=!4m7!3m6!1s0x34e56bdd262d302d:0x8dd06e1426b4034b!8m2!3d26.2104872!4d127.6817689!16s%2Fg%2F12hv4w4pm!19sChIJLTAtJt1r5TQRSwO0JhRu0I0?authuser=0&hl=ja&rclk=1","那覇市","那覇市 Webコンサルティング会社"
"株式会社 Double Squares","https://double-squares.co.jp/","那覇市 久茂地１丁目１−１ 9階","098-894-2617","https://www.google.com/maps/place/%E6%A0%AA%E5%BC%8F%E4%BC%9A%E7%A4%BE+Double+Squares/data=!4m7!3m6!1s0x34e5699dbf5d4f01:0x6efa16535b4e3e7c!8m2!3d26.2138009!4d127.6793009!16s%2Fg%2F11ggmh5plt!19sChIJAU9dv51p5TQRfD5OW1MW-m4?authuser=0&hl=ja&rclk=1","那覇市","那覇市 Webコンサルティング会社"
"北海道定着就労支援","https://subsaku.com/hokkaido_shuroshien/","旭川市 緑が丘南１条２丁目４−６","0166-73-6709","https://www.google.com/maps/place/%E5%8C%97%E6%B5%B7%E9%81%93%E5%AE%9A%E7%9D%80%E5%B0%B1%E5%8A%B4%E6%94%AF%E6%8F%B4/data=!4m7!3m6!1s0x5f0ce9d0e34e93af:0x767a7ef00951920f!8m2!3d43.7302313!4d142.3733715!16s%2Fg%2F11z4sf__5g!19sChIJr5NO49DpDF8RD5JRCfB-enY?authuser=0&hl=ja&rclk=1","旭川市","旭川市 販促支援会社"
"㈱ルシダス 旭川本社","https://www.lucidas.co.jp/","旭川市 西神楽２線","","https://www.google.com/maps/place/%E3%88%B1%E3%83%AB%E3%82%B7%E3%83%80%E3%82%B9+%E6%97%AD%E5%B7%9D%E6%9C%AC%E7%A4%BE/data=!4m7!3m6!1s0x5f0cc48104d0effb:0x4f3d1aa3c9e6fa4e!8m2!3d43.6426075!4d142.4515096!16s%2Fg%2F11g6xksj_k!19sChIJ--_QBIHEDF8RTvrmyaMaPU8?authuser=0&hl=ja&rclk=1","旭川市","旭川市 販促支援会社"
"エンターテインメントアカデミーでじるみ旭川 就労継続支援B型事業所","https://digilumi.jp/asahikawa/","旭川市 旭町１条５丁目８４１−２１","0166-73-3319","https://www.google.com/maps/place/%E3%82%A8%E3%83%B3%E3%82%BF%E3%83%BC%E3%83%86%E3%82%A4%E3%83%B3%E3%83%A1%E3%83%B3%E3%83%88%E3%82%A2%E3%82%AB%E3%83%87%E3%83%9F%E3%83%BC%E3%81%A7%E3%81%98%E3%82%8B%E3%81%BF%E6%97%AD%E5%B7%9D+%E5%B0%B1%E5%8A%B4%E7%B6%99%E7%B6%9A%E6%94%AF%E6%8F%B4B%E5%9E%8B%E4%BA%8B%E6%A5%AD%E6%89%80/data=!4m7!3m6!1s0x5f0ce519539a8a47:0x84dd0535271ef7d7!8m2!3d43.7842443!4d142.3560072!16s%2Fg%2F11ld37sqh9!19sChIJR4qaUxnlDF8R1_ceJzUF3YQ?authuser=0&hl=ja&rclk=1","旭川市","旭川市 販促支援会社"
"旭川会社設立・経営相談「北海道中小企業みらい研究所」","http://www.switzerland.co.jp/","旭川市 4丁目234番地2F","050-5532-7888","https://www.google.com/maps/place/%E6%97%AD%E5%B7%9D%E4%BC%9A%E7%A4%BE%E8%A8%AD%E7%AB%8B%E3%83%BB%E7%B5%8C%E5%96%B6%E7%9B%B8%E8%AB%87%E3%80%8C%E5%8C%97%E6%B5%B7%E9%81%93%E4%B8%AD%E5%B0%8F%E4%BC%81%E6%A5%AD%E3%81%BF%E3%82%89%E3%81%84%E7%A0%94%E7%A9%B6%E6%89%80%E3%80%8D/data=!4m7!3m6!1s0x5f0cc2f52e611071:0xc52987fc535457a9!8m2!3d43.68356!4d142.386704!16s%2Fg%2F1hc22x8f5!19sChIJcRBhLvXCDF8RqVdUU_yHKcU?authuser=0&hl=ja&rclk=1","旭川市","旭川市 販促支援会社"
"一般財団法人 旭川産業創造プラザ","https://www.arc-net.or.jp/","旭川市 緑が丘東１条３丁目１−６","0166-68-2820","https://www.google.com/maps/place/%E4%B8%80%E8%88%AC%E8%B2%A1%E5%9B%A3%E6%B3%95%E4%BA%BA+%E6%97%AD%E5%B7%9D%E7%94%A3%E6%A5%AD%E5%89%B5%E9%80%A0%E3%83%97%E3%83%A9%E3%82%B6/data=!4m7!3m6!1s0x5f0ce80a150945bd:0xea0eb1d0bacaa656!8m2!3d43.7245497!4d142.3941356!16s%2Fg%2F1tcwlc8r!19sChIJvUUJFQroDF8RVqbKutCxDuo?authuser=0&hl=ja&rclk=1","旭川市","旭川市 販促支援会社"
"障害者就労支援事業Step","http://www.step-asahikawa.jp/","旭川市 ５条通１８丁目７６５−５","0166-73-8058","https://www.google.com/maps/place/%E9%9A%9C%E5%AE%B3%E8%80%85%E5%B0%B1%E5%8A%B4%E6%94%AF%E6%8F%B4%E4%BA%8B%E6%A5%ADStep/data=!4m7!3m6!1s0x5f0ce66a60f7ceab:0x685a2b03cd1a0a7f!8m2!3d43.7652729!4d142.3773146!16s%2Fg%2F11b5pj93ln!19sChIJq873YGrmDF8RfwoazQMrWmg?authuser=0&hl=ja&rclk=1","旭川市","旭川市 販促支援会社"
"セールスプロモーションのマーキュリー 北北海道採用センター｜㈱マーキュリー","https://mercury-group.co.jp/","旭川市 １条通８丁目５４２−４ 一条緑橋通ビル6階","0166-74-5232","https://www.google.com/maps/place/%E3%82%BB%E3%83%BC%E3%83%AB%E3%82%B9%E3%83%97%E3%83%AD%E3%83%A2%E3%83%BC%E3%82%B7%E3%83%A7%E3%83%B3%E3%81%AE%E3%83%9E%E3%83%BC%E3%82%AD%E3%83%A5%E3%83%AA%E3%83%BC+%E5%8C%97%E5%8C%97%E6%B5%B7%E9%81%93%E6%8E%A1%E7%94%A8%E3%82%BB%E3%83%B3%E3%82%BF%E3%83%BC%EF%BD%9C%E3%88%B1%E3%83%9E%E3%83%BC%E3%82%AD%E3%83%A5%E3%83%AA%E3%83%BC/data=!4m7!3m6!1s0x5f0ce7d4982ed22b:0x5825e856e6742d6d!8m2!3d43.7656833!4d142.3604691!16s%2Fg%2F11t0pvr5g9!19sChIJK9IumNTnDF8RbS105lboJVg?authuser=0&hl=ja&rclk=1","旭川市","旭川市 プロモーション会社"
"Rave project","http://raveproject.jp/","旭川市 豊岡４条６丁目１３−３","050-3391-6134","https://www.google.com/maps/place/Rave+project/data=!4m7!3m6!1s0x5f0ce76320d73db1:0x2e0984488051e572!8m2!3d43.7591404!4d142.4086387!16s%2Fg%2F11g0g936y9!19sChIJsT3XIGPnDF8RcuVRgEiECS4?authuser=0&hl=ja&rclk=1","旭川市","旭川市 プロモーション会社"
"㈱アド･レシーブ","https://adreceive.webnode.jp/","旭川市 旭神１条５丁目１−３８","0166-68-2051","https://www.google.com/maps/place/%E3%88%B1%E3%82%A2%E3%83%89%EF%BD%A5%E3%83%AC%E3%82%B7%E3%83%BC%E3%83%96/data=!4m7!3m6!1s0x5f0ce7db4245eeeb:0xd470c988bc77bf5c!8m2!3d43.7356515!4d142.396347!16s%2Fg%2F1tjtj212!19sChIJ6-5FQtvnDF8RXL93vIjJcNQ?authuser=0&hl=ja&rclk=1","旭川市","旭川市 プロモーション会社"
"㈱北海道録画センター","http://www.eolas.co.jp/rokuga/","旭川市 ７条通１３丁目６０−１９ メディアビル 2階","0166-25-2700","https://www.google.com/maps/place/%E3%88%B1%E5%8C%97%E6%B5%B7%E9%81%93%E9%8C%B2%E7%94%BB%E3%82%BB%E3%83%B3%E3%82%BF%E3%83%BC/data=!4m7!3m6!1s0x5f0ce66db042d1b7:0x1fcf7645d1025fcd!8m2!3d43.7701599!4d142.3707682!16s%2Fg%2F1tf1bk89!19sChIJt9FCsG3mDF8RzV8C0UV2zx8?authuser=0&hl=ja&rclk=1","旭川市","旭川市 プロモーション会社"
"㈱20パーセント","http://www.20pct.com/","旭川市 ２条通８丁目左１","0166-76-1045","https://www.google.com/maps/place/%E3%88%B120%E3%83%91%E3%83%BC%E3%82%BB%E3%83%B3%E3%83%88/data=!4m7!3m6!1s0x5f0ce6126bf86e0b:0x88600fd131c3347f!8m2!3d43.767032!4d142.3601742!16s%2Fg%2F11r96zl1m!19sChIJC274axLmDF8RfzTDMdEPYIg?authuser=0&hl=ja&rclk=1","旭川市","旭川市 プロモーション会社"
"㈲サウンド企画","http://www.sound-kikaku.com/","旭川市 近文町１３丁目２６８８−１５","0166-76-9490","https://www.google.com/maps/place/%E3%88%B2%E3%82%B5%E3%82%A6%E3%83%B3%E3%83%89%E4%BC%81%E7%94%BB/data=!4m7!3m6!1s0x5f0ce68c4b7f9b4b:0xf03eed58a10e630f!8m2!3d43.782651!4d142.3354367!16s%2Fg%2F1tg9hbzn!19sChIJS5t_S4zmDF8RD2MOoVjtPvA?authuser=0&hl=ja&rclk=1","旭川市","旭川市 プロモーション会社"
"㈱tone","http://to-ne.jp/","旭川市 ９条通８丁目２４８６−２１","","https://www.google.com/maps/place/%E3%88%B1tone/data=!4m7!3m6!1s0x5f0ce67392784b93:0x18cd861beffb672d!8m2!3d43.7744525!4d142.3647183!16s%2Fg%2F11vyr0yw16!19sChIJk0t4knPmDF8RLWf77xuGzRg?authuser=0&hl=ja&rclk=1","旭川市","旭川市 プロモーション会社"
"就労移行支援事業所 ポンテ","http://ponte-hakodate.com/","函館市 本町２９−２９ ２F","0138-30-3366","https://www.google.com/maps/place/%E5%B0%B1%E5%8A%B4%E7%A7%BB%E8%A1%8C%E6%94%AF%E6%8F%B4%E4%BA%8B%E6%A5%AD%E6%89%80+%E3%83%9D%E3%83%B3%E3%83%86/data=!4m7!3m6!1s0x5f9ef47ac2893999:0x30991cc38da7daa9!8m2!3d41.7882633!4d140.7550665!16s%2Fg%2F11hcdrwkh_!19sChIJmTmJwnr0nl8RqdqnjcMcmTA?authuser=0&hl=ja&rclk=1","函館市","函館市 販促支援会社"
"就労支援準備支援事務所リビングシンク","https://www.st-h.org/lt/","函館市 杉並町８−２０ オカダビル","0138-83-6950","https://www.google.com/maps/place/%E5%B0%B1%E5%8A%B4%E6%94%AF%E6%8F%B4%E6%BA%96%E5%82%99%E6%94%AF%E6%8F%B4%E4%BA%8B%E5%8B%99%E6%89%80%E3%83%AA%E3%83%93%E3%83%B3%E3%82%B0%E3%82%B7%E3%83%B3%E3%82%AF/data=!4m7!3m6!1s0x5f9ef500595b90cf:0xb9fb0fd2d08ec74e!8m2!3d41.7890973!4d140.7569453!16s%2Fg%2F11wmt6fz1n!19sChIJz5BbWQD1nl8RTseO0NIP-7k?authuser=0&hl=ja&rclk=1","函館市","函館市 販促支援会社"
"すくえあーはこだて｜㈱NTS","https://square-nts.jp/","函館市 桔梗３丁目２５−４","0138-76-6000","https://www.google.com/maps/place/%E3%81%99%E3%81%8F%E3%81%88%E3%81%82%E3%83%BC%E3%81%AF%E3%81%93%E3%81%A0%E3%81%A6%EF%BD%9C%E3%88%B1NTS/data=!4m7!3m6!1s0x5f9ef79085368787:0x888a83c3d41e3009!8m2!3d41.8466796!4d140.7241597!16s%2Fg%2F11yfg29ffy!19sChIJh4c2hZD3nl8RCTAe1MODiog?authuser=0&hl=ja&rclk=1","函館市","函館市 販促支援会社"
"地域サービスセンターはこだて 就労継続支援B型事業所","https://jledhokkaido.jimdofree.com/","函館市 中島町２５−１８ ３Ｆ 中島れんばいふれあいセンタ","","https://www.google.com/maps/place/%E5%9C%B0%E5%9F%9F%E3%82%B5%E3%83%BC%E3%83%93%E3%82%B9%E3%82%BB%E3%83%B3%E3%82%BF%E3%83%BC%E3%81%AF%E3%81%93%E3%81%A0%E3%81%A6+%E5%B0%B1%E5%8A%B4%E7%B6%99%E7%B6%9A%E6%94%AF%E6%8F%B4B%E5%9E%8B%E4%BA%8B%E6%A5%AD%E6%89%80/data=!4m7!3m6!1s0x5f9ef31c062e6ad7:0x62cdd10175bff656!8m2!3d41.7816685!4d140.7423718!16s%2Fg%2F11v5xxm5cr!19sChIJ12ouBhzznl8RVva_dQHRzWI?authuser=0&hl=ja&rclk=1","函館市","函館市 販促支援会社"
"キャリアバンク㈱ 函館支店","http://www.career-bank.co.jp/company/branch/hakodate.html","函館市 五稜郭町１−１４","0138-55-2001","https://www.google.com/maps/place/%E3%82%AD%E3%83%A3%E3%83%AA%E3%82%A2%E3%83%90%E3%83%B3%E3%82%AF%E3%88%B1+%E5%87%BD%E9%A4%A8%E6%94%AF%E5%BA%97/data=!4m7!3m6!1s0x5f9ef46e19ae223b:0x7e6b382c43a23bc!8m2!3d41.792496!4d140.7513321!16s%2Fg%2F1t_kgb_j!19sChIJOyKuGW70nl8RvCM6xIKz5gc?authuser=0&hl=ja&rclk=1","函館市","函館市 販促支援会社"
"理想福祉 多機能型事業所 あすらら","http://riso.crayonsite.net/","函館市 千歳町２２−６","0138-83-8373","https://www.google.com/maps/place/%E7%90%86%E6%83%B3%E7%A6%8F%E7%A5%89+%E5%A4%9A%E6%A9%9F%E8%83%BD%E5%9E%8B%E4%BA%8B%E6%A5%AD%E6%89%80+%E3%81%82%E3%81%99%E3%82%89%E3%82%89/data=!4m7!3m6!1s0x5f9ef39d03495cdb:0x66fe9e1bd0e8255f!8m2!3d41.7750022!4d140.7375197!16s%2Fg%2F11f4r2qz07!19sChIJ21xJA53znl8RXyXo0Bue_mY?authuser=0&hl=ja&rclk=1","函館市","函館市 販促支援会社"
"㈱はこだてティーエムオー","http://www.hakodate-tmo.com/","函館市 若松町１８−１ 3F","0138-24-0033","https://www.google.com/maps/place/%E3%88%B1%E3%81%AF%E3%81%93%E3%81%A0%E3%81%A6%E3%83%86%E3%82%A3%E3%83%BC%E3%82%A8%E3%83%A0%E3%82%AA%E3%83%BC/data=!4m7!3m6!1s0x5f9ef39f0ee72db3:0x6a04d8f32fa24739!8m2!3d41.7724455!4d140.7295116!16s%2Fg%2F1v96lmq9!19sChIJsy3nDp_znl8ROUeiL_PYBGo?authuser=0&hl=ja&rclk=1","函館市","函館市 プロモーション会社"
"ワールドメイト アポロンポロン幸せ飛び出る函館支部","https://area.worldmate.or.jp/dtail/263.html","","0138-62-5133","https://www.google.com/maps/place/%E3%83%AF%E3%83%BC%E3%83%AB%E3%83%89%E3%83%A1%E3%82%A4%E3%83%88+%E3%82%A2%E3%83%9D%E3%83%AD%E3%83%B3%E3%83%9D%E3%83%AD%E3%83%B3%E5%B9%B8%E3%81%9B%E9%A3%9B%E3%81%B3%E5%87%BA%E3%82%8B%E5%87%BD%E9%A4%A8%E6%94%AF%E9%83%A8/data=!4m7!3m6!1s0x5f9ef6824b2282fb:0xf0dd7236bd6c5427!8m2!3d41.8004647!4d140.7297463!16s%2Fg%2F1tl8kjz9!19sChIJ-4IiS4L2nl8RJ1RsvTZy3fA?authuser=0&hl=ja&rclk=1","函館市","函館市 プロモーション会社"
"地域限定旅行業サポート函館","https://hakodate.square.site/","函館市 中島町１１−７","080-3295-6110","https://www.google.com/maps/place/%E5%9C%B0%E5%9F%9F%E9%99%90%E5%AE%9A%E6%97%85%E8%A1%8C%E6%A5%AD%E3%82%B5%E3%83%9D%E3%83%BC%E3%83%88%E5%87%BD%E9%A4%A8/data=!4m7!3m6!1s0x5f9ef316eee3420f:0x11d6204d32423c88!8m2!3d41.7835937!4d140.7414234!16s%2Fg%2F11z82qx1nk!19sChIJD0Lj7hbznl8RiDxCMk0g1hE?authuser=0&hl=ja&rclk=1","函館市","函館市 プロモーション会社"
"㈱テレ･マーカー 函館出張所","https://www.telemarker.co.jp/","函館市 亀田本町６０−１４ ＮＴＴ函館支店亀田ビル","0138-44-5008","https://www.google.com/maps/place/%E3%88%B1%E3%83%86%E3%83%AC%EF%BD%A5%E3%83%9E%E3%83%BC%E3%82%AB%E3%83%BC+%E5%87%BD%E9%A4%A8%E5%87%BA%E5%BC%B5%E6%89%80/data=!4m7!3m6!1s0x5f9ef4105db9bf91:0xb249732140eef56a!8m2!3d41.8021907!4d140.7384068!16s%2Fg%2F11j5j41lm7!19sChIJkb-5XRD0nl8RavXuQCFzSbI?authuser=0&hl=ja&rclk=1","函館市","函館市 プロモーション会社"
"ange promotion","https://ange-pro.com/","函館市 時任町９−１３","050-3550-8616","https://www.google.com/maps/place/ange+promotion/data=!4m7!3m6!1s0x5f9ef599cf5129f7:0x44fb5ee0cc286673!8m2!3d41.7844403!4d140.7524633!16s%2Fg%2F11y4zm0wlg!19sChIJ9ylRz5n1nl8Rc2YozOBe-0Q?authuser=0&hl=ja&rclk=1","函館市","函館市 プロモーション会社"
"㈱NIPPO 函館出張所","https://www.nippo-c.co.jp/","函館市 西桔梗町６９９−２６","0138-49-3933","https://www.google.com/maps/place/%E3%88%B1NIPPO+%E5%87%BD%E9%A4%A8%E5%87%BA%E5%BC%B5%E6%89%80/data=!4m7!3m6!1s0x5f9ef6feafc1b3f3:0x51b60a612925da47!8m2!3d41.8416158!4d140.7182412!16s%2Fg%2F1ptymksg9!19sChIJ87PBr_72nl8RR9olKWEKtlE?authuser=0&hl=ja&rclk=1","函館市","函館市 プロモーション会社"
"函館ロケット＝ロケコーディネート／ロケサービス","https://www.hakodate-rocket.com/","函館市 上野町３４−２６","090-6991-9847","https://www.google.com/maps/place/%E5%87%BD%E9%A4%A8%E3%83%AD%E3%82%B1%E3%83%83%E3%83%88%EF%BC%9D%E3%83%AD%E3%82%B1%E3%82%B3%E3%83%BC%E3%83%87%E3%82%A3%E3%83%8D%E3%83%BC%E3%83%88%EF%BC%8F%E3%83%AD%E3%82%B1%E3%82%B5%E3%83%BC%E3%83%93%E3%82%B9/data=!4m7!3m6!1s0x5f9ef55358faf1e9:0x3a7ffd20940a85c0!8m2!3d41.7853744!4d140.8003916!16s%2Fg%2F11r9q6t68h!19sChIJ6fH6WFP1nl8RwIUKlCD9fzo?authuser=0&hl=ja&rclk=1","函館市","函館市 プロモーション会社"
"障がい者就労支援事業所 ㈱実","http://www.kk-minori.jp/","青森市 久須志３丁目１５−２０","017-752-0791","https://www.google.com/maps/place/%E9%9A%9C%E3%81%8C%E3%81%84%E8%80%85%E5%B0%B1%E5%8A%B4%E6%94%AF%E6%8F%B4%E4%BA%8B%E6%A5%AD%E6%89%80+%E3%88%B1%E5%AE%9F/data=!4m7!3m6!1s0x5f9b9f120f6f4469:0xd6e0075ea045a5fc!8m2!3d40.8180326!4d140.7280572!16s%2Fg%2F1ptyc_gh4!19sChIJaURvDxKfm18R_KVFoF4H4NY?authuser=0&hl=ja&rclk=1","青森市","青森市 販促支援会社"
"公益財団法人２１あおもり産業総合支援センター","https://www.21aomori.or.jp/","青森市 新町２丁目４−１ 青森県共同ビル","017-777-4066","https://www.google.com/maps/place/%E5%85%AC%E7%9B%8A%E8%B2%A1%E5%9B%A3%E6%B3%95%E4%BA%BA%EF%BC%92%EF%BC%91%E3%81%82%E3%81%8A%E3%82%82%E3%82%8A%E7%94%A3%E6%A5%AD%E7%B7%8F%E5%90%88%E6%94%AF%E6%8F%B4%E3%82%BB%E3%83%B3%E3%82%BF%E3%83%BC/data=!4m7!3m6!1s0x5f9b9f1d141622ff:0xa4ff2849f1499912!8m2!3d40.825066!4d140.742818!16s%2Fg%2F1tdbktyb!19sChIJ_yIWFB2fm18REplJ8Uko_6Q?authuser=0&hl=ja&rclk=1","青森市","青森市 販促支援会社"
"自立訓練･ひきこもり支援 株式会社BaDeYa","http://badeya.jp/","青森市 浪岡大字浪岡稲村１３１−１","0172-88-7536","https://www.google.com/maps/place/%E8%87%AA%E7%AB%8B%E8%A8%93%E7%B7%B4%EF%BD%A5%E3%81%B2%E3%81%8D%E3%81%93%E3%82%82%E3%82%8A%E6%94%AF%E6%8F%B4+%E6%A0%AA%E5%BC%8F%E4%BC%9A%E7%A4%BEBaDeYa/data=!4m7!3m6!1s0x5f9b097d747983ab:0xc29aaca74af578f9!8m2!3d40.705867!4d140.5944859!16s%2Fg%2F11qbccz7bd!19sChIJq4N5dH0Jm18R-Xj1SqesmsI?authuser=0&hl=ja&rclk=1","青森市","青森市 販促支援会社"
"ビルシャナ(NPO法人)(就労継続支援A型事業所)","http://vairocana.or.jp/","青森市 富田２丁目１５−６","017-763-0073","https://www.google.com/maps/place/%E3%83%93%E3%83%AB%E3%82%B7%E3%83%A3%E3%83%8A%28NPO%E6%B3%95%E4%BA%BA%29%28%E5%B0%B1%E5%8A%B4%E7%B6%99%E7%B6%9A%E6%94%AF%E6%8F%B4A%E5%9E%8B%E4%BA%8B%E6%A5%AD%E6%89%80%29/data=!4m7!3m6!1s0x5f9b9f3baf6f38c3:0xd7637426dba466cd!8m2!3d40.8290586!4d140.7151464!16s%2Fg%2F11b5pklfw3!19sChIJwzhvrzufm18RzWak2yZ0Y9c?authuser=0&hl=ja&rclk=1","青森市","青森市 販促支援会社"
"エヌ･コム","http://n-com-n.co.jp/","青森市 中央１丁目２４−４","017-764-6553","https://www.google.com/maps/place/%E3%82%A8%E3%83%8C%EF%BD%A5%E3%82%B3%E3%83%A0/data=!4m7!3m6!1s0x5f9b9fb97c7b30c1:0x2f430bdf1f7d2f52!8m2!3d40.8230986!4d140.7498809!16s%2Fg%2F1tlqptyy!19sChIJwTB7fLmfm18RUi99H98LQy8?authuser=0&hl=ja&rclk=1","青森市","青森市 販促支援会社"
"青森ひと創りサポート株式会社","https://aomori-arena.jp/%E4%BC%81%E6%A5%AD%E6%83%85%E5%A0%B1/","青森市 浦町橋本３３５−１７","017-762-7105","https://www.google.com/maps/place/%E9%9D%92%E6%A3%AE%E3%81%B2%E3%81%A8%E5%89%B5%E3%82%8A%E3%82%B5%E3%83%9D%E3%83%BC%E3%83%88%E6%A0%AA%E5%BC%8F%E4%BC%9A%E7%A4%BE/data=!4m7!3m6!1s0x5f9b9f663e4e22e7:0xe5eb1bc992a888b3!8m2!3d40.8133481!4d140.745969!16s%2Fg%2F11s2n2mhgs!19sChIJ5yJOPmafm18Rs4iokskb6-U?authuser=0&hl=ja&rclk=1","青森市","青森市 販促支援会社"
"㈱青森イベントサービス","http://www.aomorieventservice.com/","青森市 本町４丁目９−１６","017-773-4363","https://www.google.com/maps/place/%E3%88%B1%E9%9D%92%E6%A3%AE%E3%82%A4%E3%83%99%E3%83%B3%E3%83%88%E3%82%B5%E3%83%BC%E3%83%93%E3%82%B9/data=!4m7!3m6!1s0x5f9b9ee52bd52d2f:0x66f84241f1d6da26!8m2!3d40.8282441!4d140.7537757!16s%2Fg%2F1tgb_lxn!19sChIJLy3VK-Wem18RJtrW8UFC-GY?authuser=0&hl=ja&rclk=1","青森市","青森市 販促支援会社"
"Workin(ワーキン) 青森","https://workin.jp/aomori","青森市 栄町１丁目４−１ Ｋ・Ｋビル 5F","0800-500-0162","https://www.google.com/maps/place/Workin%28%E3%83%AF%E3%83%BC%E3%82%AD%E3%83%B3%29+%E9%9D%92%E6%A3%AE/data=!4m7!3m6!1s0x5f9b9f286cdbc213:0x64c56f3a0b0bcbaf!8m2!3d40.8242222!4d140.76269!16s%2Fg%2F11h2nzgj7n!19sChIJE8LbbCifm18Rr8sLCzpvxWQ?authuser=0&hl=ja&rclk=1","青森市","青森市 販促支援会社"
"株式会社アオプロ","https://www.aopro.net/about","青森市 桜川３丁目３−３","090-2046-3776","https://www.google.com/maps/place/%E6%A0%AA%E5%BC%8F%E4%BC%9A%E7%A4%BE%E3%82%A2%E3%82%AA%E3%83%97%E3%83%AD/data=!4m7!3m6!1s0x5f9b9f27f3c2a417:0x72881b34e5a72f5f!8m2!3d40.8161828!4d140.7693747!16s%2Fg%2F11twhzhcgz!19sChIJF6TC8yefm18RXy-n5TQbiHI?authuser=0&hl=ja&rclk=1","青森市","青森市 プロモーション会社"
"あおもり創生パートナーズ株式会社","https://www.aomori-creation-partners.co.jp/","青森市 017-774-1390","017-774-1390","https://www.google.com/maps/place/%E3%81%82%E3%81%8A%E3%82%82%E3%82%8A%E5%89%B5%E7%94%9F%E3%83%91%E3%83%BC%E3%83%88%E3%83%8A%E3%83%BC%E3%82%BA%E6%A0%AA%E5%BC%8F%E4%BC%9A%E7%A4%BE/data=!4m7!3m6!1s0x5f9b9f203a1e81b1:0x6ea97fa5b84f977!8m2!3d40.8149343!4d140.7526601!16s%2Fg%2F11pcnp1bpr!19sChIJsYEeOiCfm18Rd_mEW_qX6gY?authuser=0&hl=ja&rclk=1","青森市","青森市 プロモーション会社"
"トゥルーピクト","http://www.true-pict.com/","青森市 矢田前本泉２１−３０","017-752-9554","https://www.google.com/maps/place/%E3%83%88%E3%82%A5%E3%83%AB%E3%83%BC%E3%83%94%E3%82%AF%E3%83%88/data=!4m7!3m6!1s0x5f9b9e782de079d7:0xb21e83c0a3c4c7c!8m2!3d40.8303301!4d140.8071469!16s%2Fg%2F1td1d7hp!19sChIJ13ngLXiem18RfEw8CjzoIQs?authuser=0&hl=ja&rclk=1","青森市","青森市 プロモーション会社"
"㈱ふぁーすと(就労継続支援A型事業所)","http://www.first-support.co.jp/","八戸市 類家４丁目１７−２","0178-20-8622","https://www.google.com/maps/place/%E3%88%B1%E3%81%B5%E3%81%81%E3%83%BC%E3%81%99%E3%81%A8%28%E5%B0%B1%E5%8A%B4%E7%B6%99%E7%B6%9A%E6%94%AF%E6%8F%B4A%E5%9E%8B%E4%BA%8B%E6%A5%AD%E6%89%80%29/data=!4m7!3m6!1s0x5f9b52098894d603:0xae3e71ae8586ae36!8m2!3d40.5063958!4d141.5058654!16s%2Fg%2F11bx1s12mh!19sChIJA9aUiAlSm18RNq6Gha5xPq4?authuser=0&hl=ja&rclk=1","八戸市","八戸市 販促支援会社"
"株式会社 ノーマライゼーション","https://www.normaliz.jp/","八戸市 大工町２９","0178-79-7748","https://www.google.com/maps/place/%E6%A0%AA%E5%BC%8F%E4%BC%9A%E7%A4%BE+%E3%83%8E%E3%83%BC%E3%83%9E%E3%83%A9%E3%82%A4%E3%82%BC%E3%83%BC%E3%82%B7%E3%83%A7%E3%83%B3/data=!4m7!3m6!1s0x5f9b4f2d7a4a6f65:0xe42da5ed7631b3eb!8m2!3d40.5074744!4d141.4912762!16s%2Fg%2F11vdj_9z22!19sChIJZW9Kei1Pm18R67Mxdu2lLeQ?authuser=0&hl=ja&rclk=1","八戸市","八戸市 販促支援会社"
"合同会社付加価値経営研究所","http://fukakachi-keiei.com/","八戸市 ２１ 根城4-21-5-A","080-5575-4476","https://www.google.com/maps/place/%E5%90%88%E5%90%8C%E4%BC%9A%E7%A4%BE%E4%BB%98%E5%8A%A0%E4%BE%A1%E5%80%A4%E7%B5%8C%E5%96%B6%E7%A0%94%E7%A9%B6%E6%89%80/data=!4m7!3m6!1s0x5f9b524fbb4ba933:0xc6380880f081f7af!8m2!3d40.507583!4d141.474045!16s%2Fg%2F11bwm815k5!19sChIJM6lLu09Sm18Rr_eB8IAIOMY?authuser=0&hl=ja&rclk=1","八戸市","八戸市 販促支援会社"
"B.F.T.C","https://www.bftc.biz/","八戸市 沼館２丁目８−１１","","https://www.google.com/maps/place/B.F.T.C/data=!4m7!3m6!1s0x5f9b518baaaaaaab:0x723c16d1cae82f52!8m2!3d40.5246468!4d141.4873418!16s%2Fg%2F11h7p9msvg!19sChIJq6qqqotRm18RUi_oytEWPHI?authuser=0&hl=ja&rclk=1","八戸市","八戸市 プロモーション会社"
"Marudai Creation(マルダイクリエーション)","https://marudai-creation.com/","八戸市 下長１丁目９−１０","","https://www.google.com/maps/place/Marudai+Creation%28%E3%83%9E%E3%83%AB%E3%83%80%E3%82%A4%E3%82%AF%E3%83%AA%E3%82%A8%E3%83%BC%E3%82%B7%E3%83%A7%E3%83%B3%29/data=!4m7!3m6!1s0x5f84ad295378e439:0xaa8a6eb42fd3001c!8m2!3d40.5287725!4d141.4686478!16s%2Fg%2F11kjp7h043!19sChIJOeR4UymthF8RHADTL7Ruiqo?authuser=0&hl=ja&rclk=1","八戸市","八戸市 プロモーション会社"
"ワラビノーツ","https://warabi-notes.com/","八戸市 長苗代１丁目１１−５ 内 風笑堂","","https://www.google.com/maps/place/%E3%83%AF%E3%83%A9%E3%83%93%E3%83%8E%E3%83%BC%E3%83%84/data=!4m7!3m6!1s0x5f9b5196c56b8fff:0x38504a0f15afed0a!8m2!3d40.521225!4d141.4679926!16s%2Fg%2F11h108_w0g!19sChIJ_49rxZZRm18RCu2vFQ9KUDg?authuser=0&hl=ja&rclk=1","八戸市","八戸市 プロモーション会社"
"株式会社宝幸 八戸工場","https://www.hko.co.jp/corporate/office/","八戸市 市川町尻引前山３１−２０３ 宝幸八戸工場 町尻引前山３１−２０３","0178-20-2880","https://www.google.com/maps/place/%E6%A0%AA%E5%BC%8F%E4%BC%9A%E7%A4%BE%E5%AE%9D%E5%B9%B8+%E5%85%AB%E6%88%B8%E5%B7%A5%E5%A0%B4/data=!4m7!3m6!1s0x5f9b5067056220b9:0x9f6188062e847bfc!8m2!3d40.567133!4d141.4484716!16s%2Fg%2F1tdwkbgl!19sChIJuSBiBWdQm18R_HuELgaIYZ8?authuser=0&hl=ja&rclk=1","八戸市","八戸市 プロモーション会社"
"東北生活支援センター株式会社","http://www.tlsc-co.jp/","盛岡市 本宮１丁目１５−１４ 藤ヴィレッジビル","019-681-0166","https://www.google.com/maps/place/%E6%9D%B1%E5%8C%97%E7%94%9F%E6%B4%BB%E6%94%AF%E6%8F%B4%E3%82%BB%E3%83%B3%E3%82%BF%E3%83%BC%EF%BC%88%E6%A0%AA%EF%BC%89/data=!4m7!3m6!1s0x5f859d7dc2cc0607:0xc7373bc5d2dfa2c0!8m2!3d39.6897997!4d141.1407032!16s%2Fg%2F1vhkkc2p!19sChIJBwbMwn2dhV8RwKLf0sU7N8c?authuser=0&hl=ja&rclk=1","盛岡市","盛岡市 販促支援会社"
"㈱盛岡書房(就労継続支援B型盛岡書房)","http://www.npo-ipf.org/","盛岡市 本宮１丁目９−１２","019-681-3971","https://www.google.com/maps/place/%E3%88%B1%E7%9B%9B%E5%B2%A1%E6%9B%B8%E6%88%BF%28%E5%B0%B1%E5%8A%B4%E7%B6%99%E7%B6%9A%E6%94%AF%E6%8F%B4B%E5%9E%8B%E7%9B%9B%E5%B2%A1%E6%9B%B8%E6%88%BF%29/data=!4m7!3m6!1s0x5f8582b78d06efcf:0xe034e8cebf8553e0!8m2!3d39.6896736!4d141.1435152!16s%2Fg%2F1ts1s0zm!19sChIJz-8GjbeChV8R4FOFv87oNOA?authuser=0&hl=ja&rclk=1","盛岡市","盛岡市 販促支援会社"
"次世代IME福祉サービス株式会社","https://zisedaiime.info/","盛岡市 本宮１丁目１６−１２ エコビル 102","019-681-6023","https://www.google.com/maps/place/%E6%AC%A1%E4%B8%96%E4%BB%A3IME%E7%A6%8F%E7%A5%89%E3%82%B5%E3%83%BC%E3%83%93%E3%82%B9%E6%A0%AA%E5%BC%8F%E4%BC%9A%E7%A4%BE/data=!4m7!3m6!1s0x5f859dc8be1d77ef:0x2c8477a806a75f08!8m2!3d39.6893849!4d141.1415323!16s%2Fg%2F11yvh9fm3t!19sChIJ73cdvsidhV8RCF-nBqh3hCw?authuser=0&hl=ja&rclk=1","盛岡市","盛岡市 販促支援会社"
"独立行政法人高齢･障害･求職者雇用支援機構 岩手支部 高齢･障害者業務課 求職者支援課","https://www.jeed.go.jp/location/shibu/iwate/index.html","盛岡市 菜園１丁目１２−１８ 盛岡菜園センタービル 3階","019-654-2081","https://www.google.com/maps/place/%E7%8B%AC%E7%AB%8B%E8%A1%8C%E6%94%BF%E6%B3%95%E4%BA%BA%E9%AB%98%E9%BD%A2%EF%BD%A5%E9%9A%9C%E5%AE%B3%EF%BD%A5%E6%B1%82%E8%81%B7%E8%80%85%E9%9B%87%E7%94%A8%E6%94%AF%E6%8F%B4%E6%A9%9F%E6%A7%8B+%E5%B2%A9%E6%89%8B%E6%94%AF%E9%83%A8+%E9%AB%98%E9%BD%A2%EF%BD%A5%E9%9A%9C%E5%AE%B3%E8%80%85%E6%A5%AD%E5%8B%99%E8%AA%B2+%E6%B1%82%E8%81%B7%E8%80%85%E6%94%AF%E6%8F%B4%E8%AA%B2/data=!4m7!3m6!1s0x5f8577874c260201:0x57ad5d464c26e63c!8m2!3d39.7019732!4d141.1473928!16s%2Fg%2F11h00172ry!19sChIJAQImTId3hV8RPOYmTEZdrVc?authuser=0&hl=ja&rclk=1","盛岡市","盛岡市 販促支援会社"
"㈱CREVAS GROUP 盛岡支店","https://crevas-group.co.jp/","盛岡市 菜園１丁目３−６ 農林会館 307","019-623-2200","https://www.google.com/maps/place/%E3%88%B1CREVAS+GROUP+%E7%9B%9B%E5%B2%A1%E6%94%AF%E5%BA%97/data=!4m7!3m6!1s0x5f857713e17429ad:0xd7e50667cc1bd897!8m2!3d39.7008938!4d141.1490917!16s%2Fg%2F11wwmk5mjq!19sChIJrSl04RN3hV8Rl9gbzGcG5dc?authuser=0&hl=ja&rclk=1","盛岡市","盛岡市 販促支援会社"
"岩手県就労支援事業者機構","https://iwate-shien-kiko.or.jp/","盛岡市 松尾町１７−９","019-681-7940","https://www.google.com/maps/place/%E5%B2%A9%E6%89%8B%E7%9C%8C%E5%B0%B1%E5%8A%B4%E6%94%AF%E6%8F%B4%E4%BA%8B%E6%A5%AD%E8%80%85%E6%A9%9F%E6%A7%8B/data=!4m7!3m6!1s0x5f857622fef7fc57:0x5da84414d6d98a20!8m2!3d39.6946519!4d141.1601474!16s%2Fg%2F1hhh5kk7w!19sChIJV_z3_iJ2hV8RIIrZ1hREqF0?authuser=0&hl=ja&rclk=1","盛岡市","盛岡市 販促支援会社"
"手をつなぐ安心生活支援センター mu•cre","http://www.sawaraen.jp/tewotsunagu/facility/tonan/mucre/","盛岡市 下飯岡１５地割７７−３","019-613-7200","https://www.google.com/maps/place/%E6%89%8B%E3%82%92%E3%81%A4%E3%81%AA%E3%81%90%E5%AE%89%E5%BF%83%E7%94%9F%E6%B4%BB%E6%94%AF%E6%8F%B4%E3%82%BB%E3%83%B3%E3%82%BF%E3%83%BC+mu%E2%80%A2cre/data=!4m7!3m6!1s0x5f859d355bd1c60d:0x624c2422605e87c0!8m2!3d39.664348!4d141.122188!16s%2Fg%2F11c30r2f1_!19sChIJDcbRWzWdhV8RwIdeYCIkTGI?authuser=0&hl=ja&rclk=1","盛岡市","盛岡市 販促支援会社"
"株式会社プロモーションアトラクト","http://prom-at.com/","盛岡市 飯岡新田６地割22","","https://www.google.com/maps/place/%E6%A0%AA%E5%BC%8F%E4%BC%9A%E7%A4%BE%E3%83%97%E3%83%AD%E3%83%A2%E3%83%BC%E3%82%B7%E3%83%A7%E3%83%B3%E3%82%A2%E3%83%88%E3%83%A9%E3%82%AF%E3%83%88/data=!4m7!3m6!1s0x5f859d3913eade13:0x6fe9daab93992442!8m2!3d39.6671479!4d141.1419627!16s%2Fg%2F11jfcjz3dz!19sChIJE97qEzmdhV8RQiSZk6va6W8?authuser=0&hl=ja&rclk=1","盛岡市","盛岡市 プロモーション会社"
"盛岡ベース株式会社","http://morioka-base.jp/","盛岡市 中央通２丁目７−１２","","https://www.google.com/maps/place/%E7%9B%9B%E5%B2%A1%E3%83%99%E3%83%BC%E3%82%B9%E6%A0%AA%E5%BC%8F%E4%BC%9A%E7%A4%BE/data=!4m7!3m6!1s0x5f8577143b43bf83:0x4aac079362e05653!8m2!3d39.7061255!4d141.1448619!16s%2Fg%2F11fhrygvrn!19sChIJg79DOxR3hV8RU1bgYpMHrEo?authuser=0&hl=ja&rclk=1","盛岡市","盛岡市 プロモーション会社"
"㈱Oプロモーション","http://o-pro.co.jp/","盛岡市 又兵エ新田４−３２９","019-681-1194","https://www.google.com/maps/place/%E3%88%B1O%E3%83%97%E3%83%AD%E3%83%A2%E3%83%BC%E3%82%B7%E3%83%A7%E3%83%B3/data=!4m7!3m6!1s0x5f8584825f469d13:0x39c49a668e4a7a05!8m2!3d39.6147155!4d141.144171!16s%2Fg%2F11cs5pghqs!19sChIJE51GX4KEhV8RBXpKjmaaxDk?authuser=0&hl=ja&rclk=1","盛岡市","盛岡市 プロモーション会社"
"株式会社サンフィード","http://www.3feed.jp/","盛岡市 本宮１丁目３−２０","019-613-9277","https://www.google.com/maps/place/%EF%BC%88%E6%A0%AA%EF%BC%89%E3%82%B5%E3%83%B3%E3%83%95%E3%82%A3%E3%83%BC%E3%83%89/data=!4m7!3m6!1s0x5f8577d5f3aa4ddd:0x398a4de7aa357071!8m2!3d39.6915927!4d141.1408798!16s%2Fg%2F12hsqm9pp!19sChIJ3U2q89V3hV8RcXA1qudNijk?authuser=0&hl=ja&rclk=1","盛岡市","盛岡市 プロモーション会社"
"認定支援機関 株式会社スタートアップ","http://startup-akita.com/","秋田市 大町２丁目６−４６ Bright Mansion 竿燈大通り","070-8367-6551","https://www.google.com/maps/place/%E8%AA%8D%E5%AE%9A%E6%94%AF%E6%8F%B4%E6%A9%9F%E9%96%A2+%E6%A0%AA%E5%BC%8F%E4%BC%9A%E7%A4%BE%E3%82%B9%E3%82%BF%E3%83%BC%E3%83%88%E3%82%A2%E3%83%83%E3%83%97/data=!4m7!3m6!1s0x5f9aa06181381707:0xb8cb67f2a0c1ec0a!8m2!3d39.7188365!4d140.112584!16s%2Fg%2F11rrvkbdwt!19sChIJBxc4gWGgml8RCuzBoPJny7g?authuser=0&hl=ja&rclk=1","秋田市","秋田市 販促支援会社"
"秋田県よろず支援拠点","https://akita-yorozu.go.jp/","秋田市 山王３丁目１−１ ２階","018-860-5605","https://www.google.com/maps/place/%E7%A7%8B%E7%94%B0%E7%9C%8C%E3%82%88%E3%82%8D%E3%81%9A%E6%94%AF%E6%8F%B4%E6%8B%A0%E7%82%B9/data=!4m7!3m6!1s0x5f8fc31ff606f583:0xcd364299a623909d!8m2!3d39.718826!4d140.104701!16s%2Fg%2F11qp07ckn7!19sChIJg_UG9h_Dj18RnZAjpplCNs0?authuser=0&hl=ja&rclk=1","秋田市","秋田市 販促支援会社"
"特定非営利活動法人あきた結いネット","https://akitayuinet.com/","秋田市 桜２丁目２４−２４","018-874-8897","https://www.google.com/maps/place/%E7%89%B9%E5%AE%9A%E9%9D%9E%E5%96%B6%E5%88%A9%E6%B4%BB%E5%8B%95%E6%B3%95%E4%BA%BA%E3%81%82%E3%81%8D%E3%81%9F%E7%B5%90%E3%81%84%E3%83%8D%E3%83%83%E3%83%88/data=!4m7!3m6!1s0x5f8fc2cbda339d07:0xd5039a50f72e6f0b!8m2!3d39.7074773!4d140.1495969!16s%2Fg%2F11d_w646_d!19sChIJB50z2svCj18RC28u91CaA9U?authuser=0&hl=ja&rclk=1","秋田市","秋田市 販促支援会社"
"Barrier Free山王(バリアフリー) 障がい者就労継続支援A型","https://barrierfree.co.jp/","秋田市 旭北栄町１−４９ GOWINビル 2F","018-893-3181","https://www.google.com/maps/place/Barrier+Free%E5%B1%B1%E7%8E%8B%28%E3%83%90%E3%83%AA%E3%82%A2%E3%83%95%E3%83%AA%E3%83%BC%29+%E9%9A%9C%E3%81%8C%E3%81%84%E8%80%85%E5%B0%B1%E5%8A%B4%E7%B6%99%E7%B6%9A%E6%94%AF%E6%8F%B4A%E5%9E%8B/data=!4m7!3m6!1s0x5f8fc3725fb6deff:0xb10d7e9ef68c95b2!8m2!3d39.719497!4d140.1091577!16s%2Fg%2F11sd666316!19sChIJ_962X3LDj18RspWM9p5-DbE?authuser=0&hl=ja&rclk=1","秋田市","秋田市 販促支援会社"
"SOCIALSQUARE(ソーシャルスクエア) 秋田駅前店ー就労移行支援・自立訓練(生活訓練）","https://socialsquare.life/","秋田市 中通２丁目１−５１ アムズ「Akita Micro-Society」（旧福祉相談センター）内","080-7358-5276","https://www.google.com/maps/place/SOCIALSQUARE%28%E3%82%BD%E3%83%BC%E3%82%B7%E3%83%A3%E3%83%AB%E3%82%B9%E3%82%AF%E3%82%A8%E3%82%A2%29+%E7%A7%8B%E7%94%B0%E9%A7%85%E5%89%8D%E5%BA%97%E3%83%BC%E5%B0%B1%E5%8A%B4%E7%A7%BB%E8%A1%8C%E6%94%AF%E6%8F%B4%E3%83%BB%E8%87%AA%E7%AB%8B%E8%A8%93%E7%B7%B4%28%E7%94%9F%E6%B4%BB%E8%A8%93%E7%B7%B4%EF%BC%89/data=!4m7!3m6!1s0x5f8fc3560fcec5d5:0xddd5705fa0e025b7!8m2!3d39.7173385!4d140.1227175!16s%2Fg%2F11z34sjfw4!19sChIJ1cXOD1bDj18RtyXgoF9w1d0?authuser=0&hl=ja&rclk=1","秋田市","秋田市 販促支援会社"
"㈱なんで・なんで(旧:あきた総研)","http://akt-c.com/","秋田市 将軍野東１丁目８−２６","","https://www.google.com/maps/place/%E3%88%B1%E3%81%AA%E3%82%93%E3%81%A7%E3%83%BB%E3%81%AA%E3%82%93%E3%81%A7%28%E6%97%A7:%E3%81%82%E3%81%8D%E3%81%9F%E7%B7%8F%E7%A0%94%29/data=!4m7!3m6!1s0x5f8fc299bf321fe7:0x14221e6db06124d!8m2!3d39.7588172!4d140.0842098!16s%2Fg%2F11g68wrcl8!19sChIJ5x8yv5nCj18RTRIG2-YhQgE?authuser=0&hl=ja&rclk=1","秋田市","秋田市 販促支援会社"
"㈱プリッツプロモーション","https://prets-p.co.jp/","秋田市 外旭川梶ノ目５１０−１ アルカディア•里 33号","018-893-5047","https://www.google.com/maps/place/%E3%88%B1%E3%83%97%E3%83%AA%E3%83%83%E3%83%84%E3%83%97%E3%83%AD%E3%83%A2%E3%83%BC%E3%82%B7%E3%83%A7%E3%83%B3/data=!4m7!3m6!1s0x5f8fc2ec34d831ef:0xe113e65310b05126!8m2!3d39.7461929!4d140.1063194!16s%2Fg%2F11f2wlp1w3!19sChIJ7zHYNOzCj18RJlGwEFPmE-E?authuser=0&hl=ja&rclk=1","秋田市","秋田市 プロモーション会社"
"株式会社イノベーション 秋田本社","https://innovation-akita.com/","秋田市 八橋本町３丁目１３−１７","018-853-1219","https://www.google.com/maps/place/%E6%A0%AA%E5%BC%8F%E4%BC%9A%E7%A4%BE%E3%82%A4%E3%83%8E%E3%83%99%E3%83%BC%E3%82%B7%E3%83%A7%E3%83%B3+%E7%A7%8B%E7%94%B0%E6%9C%AC%E7%A4%BE/data=!4m7!3m6!1s0x5f8fc2cbd2d1297d:0x7165ed510227f3dc!8m2!3d39.7255627!4d140.1008387!16s%2Fg%2F11b5pjgtm1!19sChIJfSnR0svCj18R3PMnAlHtZXE?authuser=0&hl=ja&rclk=1","秋田市","秋田市 プロモーション会社"
"SPGF秋田","https://www.spgf-akita.jp/","秋田市 中通３丁目１−９ ダイアビル秋田 9階","018-838-7833","https://www.google.com/maps/place/SPGF%E7%A7%8B%E7%94%B0/data=!4m7!3m6!1s0x5f8fc3270a0e3e4b:0xaa81fcc3888af03a!8m2!3d39.7162903!4d140.1189884!16s%2Fg%2F11yjfldm5c!19sChIJSz4OCifDj18ROvCKiMP8gao?authuser=0&hl=ja&rclk=1","秋田市","秋田市 プロモーション会社"
"Outcrop Inc. | 株式会社アウトクロップ","https://outcrop.jp/","秋田市 保戸野原の町７−６８ アトレデルタ4F","080-3710-3184","https://www.google.com/maps/place/Outcrop+Inc.+%7C+%E6%A0%AA%E5%BC%8F%E4%BC%9A%E7%A4%BE%E3%82%A2%E3%82%A6%E3%83%88%E3%82%AF%E3%83%AD%E3%83%83%E3%83%97/data=!4m7!3m6!1s0x5f8fc3b3939b3771:0xdc2b4b23021b6a66!8m2!3d39.725913!4d140.1169147!16s%2Fg%2F11wr95twbr!19sChIJcTebk7PDj18RZmobAiNLK9w?authuser=0&hl=ja&rclk=1","秋田市","秋田市 プロモーション会社"
"㈲プラス･プロ","http://www.pluspro.jp/","秋田市 外旭川堂ノ前８−１ ＡＡビル","018-896-5677","https://www.google.com/maps/place/%E3%88%B2%E3%83%97%E3%83%A9%E3%82%B9%EF%BD%A5%E3%83%97%E3%83%AD/data=!4m7!3m6!1s0x5f8fdd434a973ffd:0x2691b3723bf7f6b!8m2!3d39.7450435!4d140.0948579!16s%2Fg%2F1vlk1d7s!19sChIJ_T-XSkPdj18Ra3-_IzcbaQI?authuser=0&hl=ja&rclk=1","秋田市","秋田市 プロモーション会社"
"秋田美人フォワード株式会社","http://abf.team/","秋田市 八橋大畑２丁目３−１ White Cube 205","","https://www.google.com/maps/place/%E7%A7%8B%E7%94%B0%E7%BE%8E%E4%BA%BA%E3%83%95%E3%82%A9%E3%83%AF%E3%83%BC%E3%83%89%E6%A0%AA%E5%BC%8F%E4%BC%9A%E7%A4%BE/data=!4m7!3m6!1s0x5f8fdd4a7503ffff:0x8e5cc2a09b2e116b!8m2!3d39.7335695!4d140.0963749!16s%2Fg%2F11vx081p7c!19sChIJ__8DdUrdj18RaxEum6DCXI4?authuser=0&hl=ja&rclk=1","秋田市","秋田市 プロモーション会社"
"㈶やまがた産業支援機構","http://www.ynet.or.jp/","山形市 城南町１丁目１−１ 霞城セントラル 13階","023-647-0660","https://www.google.com/maps/place/%E3%88%B6%E3%82%84%E3%81%BE%E3%81%8C%E3%81%9F%E7%94%A3%E6%A5%AD%E6%94%AF%E6%8F%B4%E6%A9%9F%E6%A7%8B/data=!4m7!3m6!1s0x5f8bb60e2ef3059f:0xb1379d0094dc66d6!8m2!3d38.2500682!4d140.3263441!16s%2Fg%2F1tdw_c2t!19sChIJnwXzLg62i18R1mbclACdN7E?authuser=0&hl=ja&rclk=1","山形市","山形市 販促支援会社"
"株式会社情報技術サービス","http://www.its-net.co.jp/","山形市 双葉町２丁目１−１ 結城ビル 2F","023-644-0377","https://www.google.com/maps/place/%EF%BC%88%E6%A0%AA%EF%BC%89%E6%83%85%E5%A0%B1%E6%8A%80%E8%A1%93%E3%82%B5%E3%83%BC%E3%83%93%E3%82%B9/data=!4m7!3m6!1s0x5f8bb6118a98878b:0xd8709ac1a69f3980!8m2!3d38.250095!4d140.322948!16s%2Fg%2F1vtqvy57!19sChIJi4eYihG2i18RgDmfpsGacNg?authuser=0&hl=ja&rclk=1","山形市","山形市 販促支援会社"
"アイデアルキャリアカレッジ","https://suzukico.net/","山形市 松栄１丁目３ 山形県産業創造支援センター ＳＳ ０１","0238-93-0090","https://www.google.com/maps/place/%E3%82%A2%E3%82%A4%E3%83%87%E3%82%A2%E3%83%AB%E3%82%AD%E3%83%A3%E3%83%AA%E3%82%A2%E3%82%AB%E3%83%AC%E3%83%83%E3%82%B8/data=!4m7!3m6!1s0x4480c1b242d8ff69:0xae1b3f7583a76b86!8m2!3d38.2388302!4d140.2968311!16s%2Fg%2F11xtzwp819!19sChIJaf_YQrLBgEQRhmung3U_G64?authuser=0&hl=ja&rclk=1","山形市","山形市 販促支援会社"
"一般社団法人やまがたデジタルキャリア支援機構","https://www.ydcs.or.jp/","山形市 松栄１丁目３−８ ２０８ 産業創造支援センタ","090-5256-6447","https://www.google.com/maps/place/%E4%B8%80%E8%88%AC%E7%A4%BE%E5%9B%A3%E6%B3%95%E4%BA%BA%E3%82%84%E3%81%BE%E3%81%8C%E3%81%9F%E3%83%87%E3%82%B8%E3%82%BF%E3%83%AB%E3%82%AD%E3%83%A3%E3%83%AA%E3%82%A2%E6%94%AF%E6%8F%B4%E6%A9%9F%E6%A7%8B/data=!4m7!3m6!1s0x5f8bb7ecad35fbe3:0xc688332dcc614f!8m2!3d38.2388302!4d140.2971315!16s%2Fg%2F11yn9qd786!19sChIJ4_s1rey3i18RT2HMLTOIxgA?authuser=0&hl=ja&rclk=1","山形市","山形市 販促支援会社"
"ゼルプロモーション㈱","https://zele-pro.com/","山形市 中桜田２丁目１−３","023-615-7513","https://www.google.com/maps/place/%E3%82%BC%E3%83%AB%E3%83%97%E3%83%AD%E3%83%A2%E3%83%BC%E3%82%B7%E3%83%A7%E3%83%B3%E3%88%B1/data=!4m7!3m6!1s0x5f8bb5b3224a71e3:0x8d2e733e6e5d2db5!8m2!3d38.2190423!4d140.3336481!16s%2Fg%2F11ff43gzyh!19sChIJ43FKIrO1i18RtS1dbj5zLo0?authuser=0&hl=ja&rclk=1","山形市","山形市 プロモーション会社"
"合同会社ミヤビイノベーション","https://miyabi-innovation.com/","山形市 城南町１丁目１−１ 霞城セントラル ２階 スタートアップステーションジョージ山形","090-6689-9110","https://www.google.com/maps/place/%E5%90%88%E5%90%8C%E4%BC%9A%E7%A4%BE%E3%83%9F%E3%83%A4%E3%83%93%E3%82%A4%E3%83%8E%E3%83%99%E3%83%BC%E3%82%B7%E3%83%A7%E3%83%B3/data=!4m7!3m6!1s0x6dc86293a743ce8b:0x2b08f700da0f9488!8m2!3d38.2500145!4d140.3268123!16s%2Fg%2F11z4b06gg3!19sChIJi85Dp5NiyG0RiJQP2gD3CCs?authuser=0&hl=ja&rclk=1","山形市","山形市 プロモーション会社"
"日非studio","https://www.hibistudio.com/","山形市 香澄町１丁目１１−１８ とみひろビル 01","","https://www.google.com/maps/place/%E6%97%A5%E9%9D%9Estudio/data=!4m7!3m6!1s0x5f8bb7fa7a8b44dd:0xbec161434a13cbae!8m2!3d38.2491002!4d140.330794!16s%2Fg%2F11n5ncsqvj!19sChIJ3USLevq3i18RrssTSkNhwb4?authuser=0&hl=ja&rclk=1","山形市","山形市 プロモーション会社"
"株式会社ライトワークコミュニケーション","https://www.lightworkcom.jp/","山形市 中野１８８","","https://www.google.com/maps/place/%E6%A0%AA%E5%BC%8F%E4%BC%9A%E7%A4%BE%E3%83%A9%E3%82%A4%E3%83%88%E3%83%AF%E3%83%BC%E3%82%AF%E3%82%B3%E3%83%9F%E3%83%A5%E3%83%8B%E3%82%B1%E3%83%BC%E3%82%B7%E3%83%A7%E3%83%B3/data=!4m7!3m6!1s0x5f8bb7e31090bfbb:0x3e9a5c15d06ceda0!8m2!3d38.3065403!4d140.3015641!16s%2Fg%2F11pcrl3jm4!19sChIJu7-QEOO3i18RoO1s0BVcmj4?authuser=0&hl=ja&rclk=1","山形市","山形市 プロモーション会社"
"~Business Coordinate~未来創造 株式会社","http://mirai-souzo.net/","山形市 上桜田４丁目２−１８","023-674-7425","https://www.google.com/maps/place/~Business+Coordinate~%E6%9C%AA%E6%9D%A5%E5%89%B5%E9%80%A0+%E6%A0%AA%E5%BC%8F%E4%BC%9A%E7%A4%BE/data=!4m7!3m6!1s0x5f8bb5f049a1b881:0xca5bc1a39fb7d6ad!8m2!3d38.2204126!4d140.3429479!16s%2Fg%2F1tk1yw4_!19sChIJgbihSfC1i18Rrda3n6PBW8o?authuser=0&hl=ja&rclk=1","山形市","山形市 プロモーション会社"
"イベントプロデュースガッツ","http://www.gutspro.com/","山形市 松波１丁目７−１ 第１ハウス","023-635-0576","https://www.google.com/maps/place/%E3%82%A4%E3%83%99%E3%83%B3%E3%83%88%E3%83%97%E3%83%AD%E3%83%87%E3%83%A5%E3%83%BC%E3%82%B9%E3%82%AC%E3%83%83%E3%83%84/data=!4m7!3m6!1s0x5f8bb5f23fa2d1df:0x4e0bc420141636f!8m2!3d38.2377812!4d140.3551827!16s%2Fg%2F1tf42sn2!19sChIJ39GiP_K1i18Rb2NBAUK84AQ?authuser=0&hl=ja&rclk=1","山形市","山形市 プロモーション会社"
"㈱山形企業","http://www.y-kigyo.co.jp/","山形市 小白川町３丁目５−６","023-641-6959","https://www.google.com/maps/place/%E3%88%B1%E5%B1%B1%E5%BD%A2%E4%BC%81%E6%A5%AD/data=!4m7!3m6!1s0x5f8bca072702b69d:0xd55a3bbc969e206d!8m2!3d38.2480607!4d140.3570645!16s%2Fg%2F1tfjw2wk!19sChIJnbYCJwfKi18RbSCelrw7WtU?authuser=0&hl=ja&rclk=1","山形市","山形市 プロモーション会社"
"福島広域雇用促進支援協議会 福島統括窓口","https://fkkoyou.mhlw.go.jp/","福島市 中町４−２０ エスケー中町ビル 202号","024-524-2121","https://www.google.com/maps/place/%E7%A6%8F%E5%B3%B6%E5%BA%83%E5%9F%9F%E9%9B%87%E7%94%A8%E4%BF%83%E9%80%B2%E6%94%AF%E6%8F%B4%E5%8D%94%E8%AD%B0%E4%BC%9A+%E7%A6%8F%E5%B3%B6%E7%B5%B1%E6%8B%AC%E7%AA%93%E5%8F%A3/data=!4m7!3m6!1s0x5f8a85b5589fb831:0x34f2197edb3426bd!8m2!3d37.7498637!4d140.4650077!16s%2Fg%2F11f3zyh09m!19sChIJMbifWLWFil8RvSY0234Z8jQ?authuser=0&hl=ja&rclk=1","福島市","福島市 販促支援会社"
"福島市就労支援凸_就労移行支援_自立訓練(生活訓練)","https://www.decofukushima.com/","福島市 置賜町１−２９ 佐平ビル 803","024-572-6310","https://www.google.com/maps/place/%E7%A6%8F%E5%B3%B6%E5%B8%82%E5%B0%B1%E5%8A%B4%E6%94%AF%E6%8F%B4%E5%87%B8_%E5%B0%B1%E5%8A%B4%E7%A7%BB%E8%A1%8C%E6%94%AF%E6%8F%B4_%E8%87%AA%E7%AB%8B%E8%A8%93%E7%B7%B4%28%E7%94%9F%E6%B4%BB%E8%A8%93%E7%B7%B4%29/data=!4m7!3m6!1s0x5f8a8516bc9e47a9:0xc4f167561f08e8e4!8m2!3d37.7554688!4d140.4616191!16s%2Fg%2F11fl8mkrkp!19sChIJqUeevBaFil8R5OgIH1Zn8cQ?authuser=0&hl=ja&rclk=1","福島市","福島市 販促支援会社"
"株式会社Cuddle-i（かどるあい）","https://cuddle-i.jp/","福島市 三河南町１−２０ コラッセふくしま ホーム 6 福島駅西口インキュベートルーム","","https://www.google.com/maps/place/%E6%A0%AA%E5%BC%8F%E4%BC%9A%E7%A4%BECuddle-i%EF%BC%88%E3%81%8B%E3%81%A9%E3%82%8B%E3%81%82%E3%81%84%EF%BC%89/data=!4m7!3m6!1s0x4f3b2c82ac370e47:0x8a95d98d2ac11a02!8m2!3d37.7568353!4d140.458201!16s%2Fg%2F11mm8sy6xb!19sChIJRw43rIIsO08RAhrBKo3ZlYo?authuser=0&hl=ja&rclk=1","福島市","福島市 販促支援会社"
"株式会社福島情報サービス","http://www.fjs.co.jp/","福島市 松山町8番地の1","024-529-6255","https://www.google.com/maps/place/%E6%A0%AA%E5%BC%8F%E4%BC%9A%E7%A4%BE%E7%A6%8F%E5%B3%B6%E6%83%85%E5%A0%B1%E3%82%B5%E3%83%BC%E3%83%93%E3%82%B9/data=!4m7!3m6!1s0x5f8a85cd1df68275:0xe687f8c67b2ffd42!8m2!3d37.7723369!4d140.4827614!16s%2Fg%2F1tnpf7k7!19sChIJdYL2Hc2Fil8RQv0ve8b4h-Y?authuser=0&hl=ja&rclk=1","福島市","福島市 販促支援会社"
"プロモコム株式会社","http://www.promocom.co.jp/","福島市 福島７丁目１９−１３ マトバビル","06-6454-2022","https://www.google.com/maps/place/%E3%83%97%E3%83%AD%E3%83%A2%E3%82%B3%E3%83%A0%EF%BC%88%E6%A0%AA%EF%BC%89/data=!4m7!3m6!1s0x6000e662355c5055:0x3542a82f476bc910!8m2!3d34.700131!4d135.485194!16s%2Fg%2F11h5jtftzb!19sChIJVVBcNWLmAGAREMlrRy-oQjU?authuser=0&hl=ja&rclk=1","福島市","福島市 プロモーション会社"
"株式会社Ｉ・Ｐ・Ｍコンサルティング","http://www.ipm-mas.jp/","福島市 岡島向２４−２","024-573-0388","https://www.google.com/maps/place/%E6%A0%AA%E5%BC%8F%E4%BC%9A%E7%A4%BE%EF%BC%A9%E3%83%BB%EF%BC%B0%E3%83%BB%EF%BC%AD%E3%82%B3%E3%83%B3%E3%82%B5%E3%83%AB%E3%83%86%E3%82%A3%E3%83%B3%E3%82%B0/data=!4m7!3m6!1s0x5f8a87cc84c0eaa5:0x22f784a1e0a52b5a!8m2!3d37.78876!4d140.5066259!16s%2Fg%2F11c58sk_gh!19sChIJperAhMyHil8RWiul4KGE9yI?authuser=0&hl=ja&rclk=1","福島市","福島市 プロモーション会社"
"合同会社のりぷろ","https://noripuro.com/","福島市 置賜町１−２９","080-8210-1944","https://www.google.com/maps/place/%E5%90%88%E5%90%8C%E4%BC%9A%E7%A4%BE%E3%81%AE%E3%82%8A%E3%81%B7%E3%82%8D/data=!4m7!3m6!1s0x5f8a85c8ebcff405:0x647e734715e186d4!8m2!3d37.7554446!4d140.4616223!16s%2Fg%2F11t4f0d38_!19sChIJBfTP68iFil8R1IbhFUdzfmQ?authuser=0&hl=ja&rclk=1","福島市","福島市 プロモーション会社"
"株式会社エルモ","https://www.elmo-c.jp/mov/","福島市 福島４丁目４−１２","06-6443-6691","https://www.google.com/maps/place/%E6%A0%AA%E5%BC%8F%E4%BC%9A%E7%A4%BE%E3%82%A8%E3%83%AB%E3%83%A2/data=!4m7!3m6!1s0x6000e65dfdec8681:0x10025e99622a72c!8m2!3d34.6931683!4d135.4827847!16s%2Fg%2F1td539sn!19sChIJgYbs_V3mAGARLKciluklAAE?authuser=0&hl=ja&rclk=1","福島市","福島市 プロモーション会社"
"あいメッセージ（ＮＰＯ法人）(就労継続支援A型・B型・相談支援）","https://www.i-message.or.jp/","郡山市 富田東５丁目１６１","024-922-1488","https://www.google.com/maps/place/%E3%81%82%E3%81%84%E3%83%A1%E3%83%83%E3%82%BB%E3%83%BC%E3%82%B8%EF%BC%88%EF%BC%AE%EF%BC%B0%EF%BC%AF%E6%B3%95%E4%BA%BA%EF%BC%89%28%E5%B0%B1%E5%8A%B4%E7%B6%99%E7%B6%9A%E6%94%AF%E6%8F%B4A%E5%9E%8B%E3%83%BBB%E5%9E%8B%E3%83%BB%E7%9B%B8%E8%AB%87%E6%94%AF%E6%8F%B4%EF%BC%89/data=!4m7!3m6!1s0x60206c58f068b419:0x54b1282283ae5ad0!8m2!3d37.4239475!4d140.3725178!16s%2Fg%2F1hf01yfx8!19sChIJGbRo8FhsIGAR0FqugyIosVQ?authuser=0&hl=ja&rclk=1","郡山市","郡山市 販促支援会社"
"株式会社波デザイン 本社","https://www.nami-d.co.jp/","郡山市 朝日２丁目１８−３４","024-933-3018","https://www.google.com/maps/place/%E6%A0%AA%E5%BC%8F%E4%BC%9A%E7%A4%BE%E6%B3%A2%E3%83%87%E3%82%B6%E3%82%A4%E3%83%B3+%E6%9C%AC%E7%A4%BE/data=!4m7!3m6!1s0x60206cc5d8b2a799:0x5036ad7f0c26293b!8m2!3d37.4047065!4d140.3601201!16s%2Fg%2F11btmqpl9g!19sChIJmaey2MVsIGAROykmDH-tNlA?authuser=0&hl=ja&rclk=1","郡山市","郡山市 販促支援会社"
"NPOモラトリアム","https://npo-moratorium.crayonsite.com/","郡山市 安積町日出山２丁目１１８ コーポ 日出山 202号","070-9142-6659","https://www.google.com/maps/place/NPO%E3%83%A2%E3%83%A9%E3%83%88%E3%83%AA%E3%82%A2%E3%83%A0/data=!4m7!3m6!1s0x60206b5a6324f377:0xe573a8562a6c44b3!8m2!3d37.3730763!4d140.3830103!16s%2Fg%2F11yct4gb11!19sChIJd_MkY1prIGARs0RsKlaoc-U?authuser=0&hl=ja&rclk=1","郡山市","郡山市 販促支援会社"
"株式会社 メディアCoCo","http://mdcoco.jp/","郡山市 安積２丁目368番地3","024-983-8742","https://www.google.com/maps/place/%E6%A0%AA%E5%BC%8F%E4%BC%9A%E7%A4%BE+%E3%83%A1%E3%83%87%E3%82%A3%E3%82%A2CoCo/data=!4m7!3m6!1s0x60206b0550a725c7:0xb3770e3ae3aba905!8m2!3d37.3602415!4d140.3646829!16s%2Fg%2F11gm7gh66n!19sChIJxyWnUAVrIGARBamr4zoOd7M?authuser=0&hl=ja&rclk=1","郡山市","郡山市 プロモーション会社"
"株式会社福島クリエーティブ","http://www.fukushima-cr.co.jp/","郡山市 土瓜１丁目２２５−２","024-961-1131","https://www.google.com/maps/place/%28%E6%A0%AA%29%E7%A6%8F%E5%B3%B6%E3%82%AF%E3%83%AA%E3%82%A8%E3%83%BC%E3%83%86%E3%82%A3%E3%83%96/data=!4m7!3m6!1s0x602012b59dea05af:0x6601ccbc2a25b685!8m2!3d37.3997096!4d140.3304984!16s%2Fg%2F1thw6v47!19sChIJrwXqnbUSIGARhbYlKrzMAWY?authuser=0&hl=ja&rclk=1","郡山市","郡山市 プロモーション会社"
"株式会社アルス・プログレス","http://www.e-ars.co.jp/","郡山市 安積３丁目１３６","024-945-0635","https://www.google.com/maps/place/%EF%BC%88%E6%A0%AA%EF%BC%89%E3%82%A2%E3%83%AB%E3%82%B9%E3%83%BB%E3%83%97%E3%83%AD%E3%82%B0%E3%83%AC%E3%82%B9/data=!4m7!3m6!1s0x60206b3d2b4a39c7:0xcac446abe27b5008!8m2!3d37.3573809!4d140.366468!16s%2Fg%2F1tgf39pt!19sChIJxzlKKz1rIGARCFB74qtGxMo?authuser=0&hl=ja&rclk=1","郡山市","郡山市 プロモーション会社"
"株式会社 テリーナテリーナ","https://tereena.jp/","郡山市 方八町２丁目５−１６−３１７","024-953-5364","https://www.google.com/maps/place/%E6%A0%AA%E5%BC%8F%E4%BC%9A%E7%A4%BE+%E3%83%86%E3%83%AA%E3%83%BC%E3%83%8A%E3%83%86%E3%83%AA%E3%83%BC%E3%83%8A/data=!4m7!3m6!1s0x60206b716a657141:0xfbe3dc6a21a37adb!8m2!3d37.3932393!4d140.3909184!16s%2Fg%2F11jn0t_qw1!19sChIJQXFlanFrIGAR23qjIWrc4_s?authuser=0&hl=ja&rclk=1","郡山市","郡山市 プロモーション会社"
"株式会社Simple ながおか仕事と介護の両立支援室 彩りケアプラン","https://simple-irodori.com/","長岡市 金房３丁目８−１","070-8340-4155","https://www.google.com/maps/place/%E6%A0%AA%E5%BC%8F%E4%BC%9A%E7%A4%BESimple+%E3%81%AA%E3%81%8C%E3%81%8A%E3%81%8B%E4%BB%95%E4%BA%8B%E3%81%A8%E4%BB%8B%E8%AD%B7%E3%81%AE%E4%B8%A1%E7%AB%8B%E6%94%AF%E6%8F%B4%E5%AE%A4+%E5%BD%A9%E3%82%8A%E3%82%B1%E3%82%A2%E3%83%97%E3%83%A9%E3%83%B3/data=!4m7!3m6!1s0x5ff5a9a71cf98bf7:0x931e37f67ddeb917!8m2!3d37.4397792!4d138.8530781!16s%2Fg%2F11z3k37x_2!19sChIJ94v5HKep9V8RF7neffY3HpM?authuser=0&hl=ja&rclk=1","長岡市","長岡市 販促支援会社"
"小規模企業成長支援株式会社","https://www.sseichoshien.com/","長岡市 新保１丁目１９−２７","0258-38-0283","https://www.google.com/maps/place/%E5%B0%8F%E8%A6%8F%E6%A8%A1%E4%BC%81%E6%A5%AD%E6%88%90%E9%95%B7%E6%94%AF%E6%8F%B4%E6%A0%AA%E5%BC%8F%E4%BC%9A%E7%A4%BE/data=!4m7!3m6!1s0x5ff5a9a5c53f6f29:0x9923b5be93051d46!8m2!3d37.4622293!4d138.8675681!16s%2Fg%2F11v5vk5bgg!19sChIJKW8_xaWp9V8RRh0Fk761I5k?authuser=0&hl=ja&rclk=1","長岡市","長岡市 販促支援会社"
"就労支援ワーク＆カレッジ Oneながおか","http://www.one-nagaoka.com/","長岡市 表町１丁目１０−５ アーバンヒルズ長岡第２ 表町1-10-5 アーバンヒルズ長岡第二101","0258-89-8973","https://www.google.com/maps/place/%E5%B0%B1%E5%8A%B4%E6%94%AF%E6%8F%B4%E3%83%AF%E3%83%BC%E3%82%AF%EF%BC%86%E3%82%AB%E3%83%AC%E3%83%83%E3%82%B8+One%E3%81%AA%E3%81%8C%E3%81%8A%E3%81%8B/data=!4m7!3m6!1s0x5ff5a854b3105461:0xd3c5a97e6c2399a1!8m2!3d37.4472856!4d138.8466014!16s%2Fg%2F11c6s3pl30!19sChIJYVQQs1So9V8RoZkjbH6pxdM?authuser=0&hl=ja&rclk=1","長岡市","長岡市 販促支援会社"
"ながおか就職・Uターンサポートデスク","http://www.de-job-ra.net/","長岡市 高見町５４９−１ アルプス物流新潟","0120-750-514","https://www.google.com/maps/place/%E3%81%AA%E3%81%8C%E3%81%8A%E3%81%8B%E5%B0%B1%E8%81%B7%E3%83%BBU%E3%82%BF%E3%83%BC%E3%83%B3%E3%82%B5%E3%83%9D%E3%83%BC%E3%83%88%E3%83%87%E3%82%B9%E3%82%AF/data=!4m7!3m6!1s0x5ff500c4e014966b:0xc77899a8d9242768!8m2!3d37.5023038!4d138.8629162!16s%2Fg%2F11bx1s6lq7!19sChIJa5YU4MQA9V8RaCck2aiZeMc?authuser=0&hl=ja&rclk=1","長岡市","長岡市 販促支援会社"
"ながおか・若者・しごと機構","https://n-wakamonokikou.net/","長岡市 大手通２丁目３−１０","0258-86-6008","https://www.google.com/maps/place/%E3%81%AA%E3%81%8C%E3%81%8A%E3%81%8B%E3%83%BB%E8%8B%A5%E8%80%85%E3%83%BB%E3%81%97%E3%81%94%E3%81%A8%E6%A9%9F%E6%A7%8B/data=!4m7!3m6!1s0x5ff5a853350610eb:0xf62c5ba9e78c3b3f!8m2!3d37.4483975!4d138.848863!16s%2Fg%2F11flt33w2d!19sChIJ6xAGNVOo9V8RPzuM56lbLPY?authuser=0&hl=ja&rclk=1","長岡市","長岡市 販促支援会社"
"株式会社アルファスブライト","https://nmi-net.com/group/aboutus/alphasbright/","長岡市 緑町１丁目３８−４３１ コパスビル","0258-84-7277","https://www.google.com/maps/place/%EF%BC%88%E6%A0%AA%EF%BC%89%E3%82%A2%E3%83%AB%E3%83%95%E3%82%A1%E3%82%B9%E3%83%96%E3%83%A9%E3%82%A4%E3%83%88/data=!4m7!3m6!1s0x5ff5a90c7a1e39cb:0xdc017dc1821bd4f!8m2!3d37.450273!4d138.8221274!16s%2Fg%2F11fvxl5n95!19sChIJyzkeegyp9V8RT70hGNwXwA0?authuser=0&hl=ja&rclk=1","長岡市","長岡市 販促支援会社"
"株式会社エスワイプロモーション 新潟営業所","https://www.sy-pro.co.jp/","長岡市 新産３丁目６−２２","0258-47-5030","https://www.google.com/maps/place/%EF%BC%88%E6%A0%AA%EF%BC%89%E3%82%A8%E3%82%B9%E3%83%AF%E3%82%A4%E3%83%97%E3%83%AD%E3%83%A2%E3%83%BC%E3%82%B7%E3%83%A7%E3%83%B3+%E6%96%B0%E6%BD%9F%E5%96%B6%E6%A5%AD%E6%89%80/data=!4m7!3m6!1s0x5ff5aecd64889f77:0x2ddbc11e0ef75dd2!8m2!3d37.433082!4d138.790046!16s%2Fg%2F1tc_3ylb!19sChIJd5-IZM2u9V8R0l33Dh7B2y0?authuser=0&hl=ja&rclk=1","長岡市","長岡市 プロモーション会社"
"有限会社ＮＣプロモーション","http://wmat.jp/","長岡市 北園町２−５１","0258-24-7321","https://www.google.com/maps/place/%EF%BC%88%E6%9C%89%EF%BC%89%EF%BC%AE%EF%BC%A3%E3%83%97%E3%83%AD%E3%83%A2%E3%83%BC%E3%82%B7%E3%83%A7%E3%83%B3/data=!4m7!3m6!1s0x5ff5075866e6d89b:0x1c570850062995cd!8m2!3d37.4776949!4d138.857878!16s%2Fg%2F1tnpkvn1!19sChIJm9jmZlgH9V8RzZUpBlAIVxw?authuser=0&hl=ja&rclk=1","長岡市","長岡市 プロモーション会社"
"株式会社LUCK DIRECTION SERVICE","http://luckds.jp/","長岡市 四郎丸２丁目３−８","0258-94-4944","https://www.google.com/maps/place/%E6%A0%AA%E5%BC%8F%E4%BC%9A%E7%A4%BELUCK+DIRECTION+SERVICE/data=!4m7!3m6!1s0x5ff5a99d9d3794c9:0x32f425c425a8f582!8m2!3d37.4403949!4d138.8568393!16s%2Fg%2F11q8jvnb0s!19sChIJyZQ3nZ2p9V8RgvWoJcQl9DI?authuser=0&hl=ja&rclk=1","長岡市","長岡市 プロモーション会社"
"長岡観光コンベンション協会","https://www.nagaoka-navi.or.jp/","長岡市 大手通２丁目２−６ 2階","0258-32-1187","https://www.google.com/maps/place/%E9%95%B7%E5%B2%A1%E8%A6%B3%E5%85%89%E3%82%B3%E3%83%B3%E3%83%99%E3%83%B3%E3%82%B7%E3%83%A7%E3%83%B3%E5%8D%94%E4%BC%9A/data=!4m7!3m6!1s0x5ff5a8530a78365d:0xc88602d9455cc7d6!8m2!3d37.4480175!4d138.8500129!16s%2Fg%2F1tk6_bfp!19sChIJXTZ4ClOo9V8R1sdcRdkChsg?authuser=0&hl=ja&rclk=1","長岡市","長岡市 プロモーション会社"
"高速印刷株式会社","https://www.kousoku-print.jp/","長岡市 北陽１丁目５３−４１","0258-21-2350","https://www.google.com/maps/place/%E9%AB%98%E9%80%9F%E5%8D%B0%E5%88%B7%28%E6%A0%AA%29/data=!4m7!3m6!1s0x5ff50737e15e630d:0x27a19725b831aa40!8m2!3d37.4873897!4d138.8739712!16s%2Fg%2F1tf7xkgr!19sChIJDWNe4TcH9V8RQKoxuCWXoSc?authuser=0&hl=ja&rclk=1","長岡市","長岡市 プロモーション会社"
"株式会社バーツプロダクション ポスティング部","https://www.virts.jp/posting/","長岡市 喜多町３８６","0258-86-8773","https://www.google.com/maps/place/%EF%BC%88%E6%A0%AA%EF%BC%89%E3%83%90%E3%83%BC%E3%83%84%E3%83%97%E3%83%AD%E3%83%80%E3%82%AF%E3%82%B7%E3%83%A7%E3%83%B3+%E3%83%9D%E3%82%B9%E3%83%86%E3%82%A3%E3%83%B3%E3%82%B0%E9%83%A8/data=!4m7!3m6!1s0x5ff5a96c0c8efd35:0x6aa0ec09b475c4d5!8m2!3d37.451689!4d138.804954!16s%2Fg%2F11qq29lh0z!19sChIJNf2ODGyp9V8R1cR1tAnsoGo?authuser=0&hl=ja&rclk=1","長岡市","長岡市 プロモーション会社"
"株式会社eiki social work IT事業部","https://www.eiki-kk.com/social-work/","富山市 金泉寺４００−１","076-456-6324","https://www.google.com/maps/place/%E6%A0%AA%E5%BC%8F%E4%BC%9A%E7%A4%BEeiki+social+work+IT%E4%BA%8B%E6%A5%AD%E9%83%A8/data=!4m7!3m6!1s0x5ff7976a35b4794d:0x941503dde801887c!8m2!3d36.7254162!4d137.2635233!16s%2Fg%2F11sk4nz_4k!19sChIJTXm0NWqX918RfIgB6N0DFZQ?authuser=0&hl=ja&rclk=1","富山市","富山市 販促支援会社"
"合同会社AK","https://www.activekikk.com/","富山市 大栗６７−６","076-483-4877","https://www.google.com/maps/place/%E5%90%88%E5%90%8C%E4%BC%9A%E7%A4%BEAK/data=!4m7!3m6!1s0x5ff78dec01c08751:0x3cc78f03d48a4bde!8m2!3d36.6140079!4d137.2796982!16s%2Fg%2F11ys099c6f!19sChIJUYfAAeyN918R3kuK1AOPxzw?authuser=0&hl=ja&rclk=1","富山市","富山市 販促支援会社"
"株式会社オレンジ","https://orange-toyama.com/","富山市 針原中町２８７−７","076-407-5355","https://www.google.com/maps/place/%EF%BC%88%E6%A0%AA%EF%BC%89%E3%82%AA%E3%83%AC%E3%83%B3%E3%82%B8/data=!4m7!3m6!1s0x5ff790a4333c254b:0x2f2460bc62950284!8m2!3d36.7227451!4d137.2663712!16s%2Fg%2F1pp2wx49v!19sChIJSyU8M6SQ918RhAKVYrxgJC8?authuser=0&hl=ja&rclk=1","富山市","富山市 販促支援会社"
"日本社会福祉デザインセンター株式会社（就労継続支援A型・B型）","https://nsdc-toyama.com/","富山市 高田５２７ 総合情報センタービル 4階","076-411-7631","https://www.google.com/maps/place/%E6%97%A5%E6%9C%AC%E7%A4%BE%E4%BC%9A%E7%A6%8F%E7%A5%89%E3%83%87%E3%82%B6%E3%82%A4%E3%83%B3%E3%82%BB%E3%83%B3%E3%82%BF%E3%83%BC%28%E6%A0%AA%29%EF%BC%88%E5%B0%B1%E5%8A%B4%E7%B6%99%E7%B6%9A%E6%94%AF%E6%8F%B4A%E5%9E%8B%E3%83%BBB%E5%9E%8B%EF%BC%89/data=!4m7!3m6!1s0x5ff79077a85c6055:0x707508cf8f2b5029!8m2!3d36.6909597!4d137.1878533!16s%2Fg%2F1pp2wx2kx!19sChIJVWBcqHeQ918RKVArj88IdXA?authuser=0&hl=ja&rclk=1","富山市","富山市 販促支援会社"
"株式会社ライズウィル","http://rise-will.com/","富山市 高田５２７ 情報ビル5階","076-471-5458","https://www.google.com/maps/place/%E6%A0%AA%E5%BC%8F%E4%BC%9A%E7%A4%BE%E3%83%A9%E3%82%A4%E3%82%BA%E3%82%A6%E3%82%A3%E3%83%AB/data=!4m7!3m6!1s0x5ff791485476ae43:0x359f5c097bd24fd3!8m2!3d36.6908225!4d137.1880942!16s%2Fg%2F11g4j6gb3j!19sChIJQ652VEiR918R00_SewlcnzU?authuser=0&hl=ja&rclk=1","富山市","富山市 販促支援会社"
"就労移行支援事業所ウェルビー富山センター","https://www.welbe.co.jp/center/toyama/toyama.html","富山市 新桜町２−2 番 21 号 MKD.9富山ビル 1階","076-411-7835","https://www.google.com/maps/place/%E5%B0%B1%E5%8A%B4%E7%A7%BB%E8%A1%8C%E6%94%AF%E6%8F%B4%E4%BA%8B%E6%A5%AD%E6%89%80%E3%82%A6%E3%82%A7%E3%83%AB%E3%83%93%E3%83%BC%E5%AF%8C%E5%B1%B1%E3%82%BB%E3%83%B3%E3%82%BF%E3%83%BC/data=!4m7!3m6!1s0x5ff7912c48de95f3:0x74cf25282ace7d1b!8m2!3d36.6977701!4d137.2147348!16s%2Fg%2F11pzxqlbtx!19sChIJ85XeSCyR918RG33OKiglz3Q?authuser=0&hl=ja&rclk=1","富山市","富山市 販促支援会社"
"富山県よろず支援拠点","https://toyama-yorozushien.go.jp/","富山市 高田527番地 情報ビル 1F 公財 新世紀産業機構内","076-444-5605","https://www.google.com/maps/place/%E5%AF%8C%E5%B1%B1%E7%9C%8C%E3%82%88%E3%82%8D%E3%81%9A%E6%94%AF%E6%8F%B4%E6%8B%A0%E7%82%B9/data=!4m7!3m6!1s0x5ff7912dc879e377:0xc8a18398bc1fd572!8m2!3d36.6911982!4d137.1877009!16s%2Fg%2F11j9dkskrm!19sChIJd-N5yC2R918RctUfvJiDocg?authuser=0&hl=ja&rclk=1","富山市","富山市 販促支援会社"
"日本ペアレントトレーニング子育て支援協会","https://parent-training-kosodate.com/about","富山市 中央通り２丁目３−２２ 中教院モルティハイツ 2階","050-8889-5015","https://www.google.com/maps/place/%E6%97%A5%E6%9C%AC%E3%83%9A%E3%82%A2%E3%83%AC%E3%83%B3%E3%83%88%E3%83%88%E3%83%AC%E3%83%BC%E3%83%8B%E3%83%B3%E3%82%B0%E5%AD%90%E8%82%B2%E3%81%A6%E6%94%AF%E6%8F%B4%E5%8D%94%E4%BC%9A/data=!4m7!3m6!1s0x5ff79100623daa81:0xd1f7d0198c04349!8m2!3d36.6897197!4d137.220444!16s%2Fg%2F11z5_g8rhg!19sChIJgao9YgCR918RSUPAmAF9Hw0?authuser=0&hl=ja&rclk=1","富山市","富山市 販促支援会社"
"ラックプロ株式会社","https://www.luckpro.co.jp/","富山市 稲荷元町３丁目２−６ ラックビル","076-433-3050","https://www.google.com/maps/place/%E3%83%A9%E3%83%83%E3%82%AF%E3%83%97%E3%83%AD%EF%BC%88%E6%A0%AA%EF%BC%89/data=!4m7!3m6!1s0x5ff790bd41e1656f:0xabe419e2eeeff4f3!8m2!3d36.7012346!4d137.2285572!16s%2Fg%2F1wb8tjyb!19sChIJb2XhQb2Q918R8_Tv7uIZ5Ks?authuser=0&hl=ja&rclk=1","富山市","富山市 プロモーション会社"
"有限会社ユーウィン プロモーション事業部","http://toyama-jinzai.com/","富山市 梅沢町３丁目８−番23号","090-4683-1123","https://www.google.com/maps/place/%E6%9C%89%E9%99%90%E4%BC%9A%E7%A4%BE%E3%83%A6%E3%83%BC%E3%82%A6%E3%82%A3%E3%83%B3+%E3%83%97%E3%83%AD%E3%83%A2%E3%83%BC%E3%82%B7%E3%83%A7%E3%83%B3%E4%BA%8B%E6%A5%AD%E9%83%A8/data=!4m7!3m6!1s0x5ff79058aa78bea9:0xbce95f898b909e26!8m2!3d36.6852671!4d137.2209351!16s%2Fg%2F11f7r4nmwm!19sChIJqb54qliQ918RJp6Qi4lf6bw?authuser=0&hl=ja&rclk=1","富山市","富山市 プロモーション会社"
"芸能プロダクション ビプロ","https://bepro.jp/","富山市 五福３５４８−１４","076-407-5003","https://www.google.com/maps/place/%E8%8A%B8%E8%83%BD%E3%83%97%E3%83%AD%E3%83%80%E3%82%AF%E3%82%B7%E3%83%A7%E3%83%B3+%E3%83%93%E3%83%97%E3%83%AD/data=!4m7!3m6!1s0x5ff79b6b52b148f1:0xf7539696083c4147!8m2!3d36.7020693!4d137.1873428!16s%2Fg%2F11btrr85rz!19sChIJ8UixUmub918RR0E8CJaWU_c?authuser=0&hl=ja&rclk=1","富山市","富山市 プロモーション会社"
"株式会社TOYAMATO","https://toyamato.jp/company","富山市 安住町２−１４ 北日本スクエア","076-471-5030","https://www.google.com/maps/place/%E6%A0%AA%E5%BC%8F%E4%BC%9A%E7%A4%BETOYAMATO/data=!4m7!3m6!1s0x5ff791f1891fe421:0xc206fe45780bd391!8m2!3d36.6959962!4d137.2094301!16s%2Fg%2F11vbczslgw!19sChIJIeQfifGR918RkdMLeEX-BsI?authuser=0&hl=ja&rclk=1","富山市","富山市 プロモーション会社"
"quod, LLC","https://cfquod.jp/","富山市 蓮町１丁目７−３ SCOP TOYAMA創業支援センタ 309号","0766-95-4317","https://www.google.com/maps/place/quod,+LLC/data=!4m7!3m6!1s0x60188b4cf70d81ab:0x242ad728c534831a!8m2!3d36.7409398!4d137.2253376!16s%2Fg%2F11fsmc05dg!19sChIJq4EN90yLGGARGoM0xSjXKiQ?authuser=0&hl=ja&rclk=1","富山市","富山市 プロモーション会社"
"有限会社プロモート・S","https://www.promote-s.co.jp/","福井市 開発１丁目201番地1","0776-54-8600","https://www.google.com/maps/place/%E6%9C%89%E9%99%90%E4%BC%9A%E7%A4%BE%E3%83%97%E3%83%AD%E3%83%A2%E3%83%BC%E3%83%88%E3%83%BBS/data=!4m7!3m6!1s0x5ff8bef4e395e041:0xa3c4e0dea336aaf8!8m2!3d36.0768108!4d136.2387723!16s%2Fg%2F1tf3z6wy!19sChIJQeCV4_S--F8R-Ko2o97gxKM?authuser=0&hl=ja&rclk=1","福井市","福井市 プロモーション会社"
"福井ジョブチャンネル運営事務局","https://jobchan.net/","福井市 二の宮２丁目１９−２ OE3階 NEOプロモーション内","0776-43-1165","https://www.google.com/maps/place/%E7%A6%8F%E4%BA%95%E3%82%B8%E3%83%A7%E3%83%96%E3%83%81%E3%83%A3%E3%83%B3%E3%83%8D%E3%83%AB%E9%81%8B%E5%96%B6%E4%BA%8B%E5%8B%99%E5%B1%80/data=!4m7!3m6!1s0x5ff8bfab2d67cbb5:0x1f0a4453cd59cdcd!8m2!3d36.0863114!4d136.2263482!16s%2Fg%2F11fr3gqb0n!19sChIJtctnLau_-F8Rzc1ZzVNECh8?authuser=0&hl=ja&rclk=1","福井市","福井市 プロモーション会社"
"名響社","https://mks-co.biz/","福井市 成和１丁目１７２１ トーヨー","0776-27-0038","https://www.google.com/maps/place/%E5%90%8D%E9%9F%BF%E7%A4%BE/data=!4m7!3m6!1s0x5ff8be82fe47408f:0x829057a51e57f814!8m2!3d36.0556921!4d136.2439594!16s%2Fg%2F1vfn6hz3!19sChIJj0BH_oK--F8RFPhXHqVXkII?authuser=0&hl=ja&rclk=1","福井市","福井市 プロモーション会社"
"障害者就労継続支援A型事業所 【KEIPE〈ケイプ〉甲府】","https://keipe.co.jp/","甲府市 丸の内１丁目１５−２ 第5丸銀ビル 2階A号室","055-225-3262","https://www.google.com/maps/place/%E9%9A%9C%E5%AE%B3%E8%80%85%E5%B0%B1%E5%8A%B4%E7%B6%99%E7%B6%9A%E6%94%AF%E6%8F%B4A%E5%9E%8B%E4%BA%8B%E6%A5%AD%E6%89%80+%E3%80%90KEIPE%E3%80%88%E3%82%B1%E3%82%A4%E3%83%97%E3%80%89%E7%94%B2%E5%BA%9C%E3%80%91/data=!4m7!3m6!1s0x601bf9cf62c3ffff:0xb373190b4e58b73!8m2!3d35.6627262!4d138.5706287!16s%2Fg%2F11gdsft5td!19sChIJ___DYs_5G2ARc4vltJAxNws?authuser=0&hl=ja&rclk=1","甲府市","甲府市 販促支援会社"
"就労移行支援事業所コリード甲府","https://colead-kofu.com/","甲府市 国母７丁目５−１７ サンライン甲府ビル ４階","055-288-0370","https://www.google.com/maps/place/%E5%B0%B1%E5%8A%B4%E7%A7%BB%E8%A1%8C%E6%94%AF%E6%8F%B4%E4%BA%8B%E6%A5%AD%E6%89%80%E3%82%B3%E3%83%AA%E3%83%BC%E3%83%89%E7%94%B2%E5%BA%9C/data=!4m7!3m6!1s0x601bf737e89fdd59:0x4537b29fd49f16f0!8m2!3d35.6369901!4d138.5478949!16s%2Fg%2F11r2yd97jl!19sChIJWd2f6Df3G2AR8Baf1J-yN0U?authuser=0&hl=ja&rclk=1","甲府市","甲府市 販促支援会社"
"self-Aこころと甲府","https://www.brbpo.services/","甲府市 貢川本町９−８ 1階","055-234-5920","https://www.google.com/maps/place/self-A%E3%81%93%E3%81%93%E3%82%8D%E3%81%A8%E7%94%B2%E5%BA%9C/data=!4m7!3m6!1s0x601bf77b3b28877b:0xd2fb0e1baf8cc474!8m2!3d35.6548235!4d138.5506624!16s%2Fg%2F11h0c04x9l!19sChIJe4coO3v3G2ARdMSMrxsO-9I?authuser=0&hl=ja&rclk=1","甲府市","甲府市 販促支援会社"
"（公財）やまなし産業支援機構","https://www.yiso.or.jp/","甲府市 大津町２１９２−８ 3F","055-243-1888","https://www.google.com/maps/place/%EF%BC%88%E5%85%AC%E8%B2%A1%EF%BC%89%E3%82%84%E3%81%BE%E3%81%AA%E3%81%97%E7%94%A3%E6%A5%AD%E6%94%AF%E6%8F%B4%E6%A9%9F%E6%A7%8B/data=!4m7!3m6!1s0x601bfa7b9587868f:0xe512a5f89716d4d9!8m2!3d35.6020464!4d138.5653574!16s%2Fg%2F1vxw8b8x!19sChIJj4aHlXv6G2AR2dQWl_ilEuU?authuser=0&hl=ja&rclk=1","甲府市","甲府市 販促支援会社"
"やまなし地域デザイン株式会社","https://www.yrdinc.co.jp/","甲府市 丸の内１丁目２０−８","055-225-0016","https://www.google.com/maps/place/%E3%82%84%E3%81%BE%E3%81%AA%E3%81%97%E5%9C%B0%E5%9F%9F%E3%83%87%E3%82%B6%E3%82%A4%E3%83%B3%E6%A0%AA%E5%BC%8F%E4%BC%9A%E7%A4%BE/data=!4m7!3m6!1s0x601bf900185aae73:0x8d377e5abe86840d!8m2!3d35.6616938!4d138.5697768!16s%2Fg%2F11n47qx21v!19sChIJc65aGAD5G2ARDYSGvlp-N40?authuser=0&hl=ja&rclk=1","甲府市","甲府市 販促支援会社"
"テクノプロ・デザイン社 甲府支店","http://www.technopro.com/design/","甲府市 相生２丁目３−１６","055-221-8701","https://www.google.com/maps/place/%E3%83%86%E3%82%AF%E3%83%8E%E3%83%97%E3%83%AD%E3%83%BB%E3%83%87%E3%82%B6%E3%82%A4%E3%83%B3%E7%A4%BE+%E7%94%B2%E5%BA%9C%E6%94%AF%E5%BA%97/data=!4m7!3m6!1s0x601bf82aae39c96f:0x9e140b9b973d790!8m2!3d35.6574037!4d138.5684246!16s%2Fg%2F11c31qc5vh!19sChIJb8k5rir4G2ARkNdzublA4Qk?authuser=0&hl=ja&rclk=1","甲府市","甲府市 プロモーション会社"
"株式会社アクロプラス","https://www.acro-plus.com/","甲府市 住吉５丁目２５−２７","055-267-7404","https://www.google.com/maps/place/%E6%A0%AA%E5%BC%8F%E4%BC%9A%E7%A4%BE%E3%82%A2%E3%82%AF%E3%83%AD%E3%83%97%E3%83%A9%E3%82%B9/data=!4m7!3m6!1s0x601bfa0e1cba785f:0xed5e3b5907b665ca!8m2!3d35.6355257!4d138.5790612!16s%2Fg%2F11d_tlwhsb!19sChIJX3i6HA76G2ARymW2B1k7Xu0?authuser=0&hl=ja&rclk=1","甲府市","甲府市 プロモーション会社"
"株式会社アグスト","http://agust.co.jp/","甲府市 貢川１丁目１０−１５","055-268-3371","https://www.google.com/maps/place/%E6%A0%AA%E5%BC%8F%E4%BC%9A%E7%A4%BE%E3%82%A2%E3%82%B0%E3%82%B9%E3%83%88/data=!4m7!3m6!1s0x601bf9ee289a909f:0x740c98e8f8a5d45!8m2!3d35.6578145!4d138.537374!16s%2Fg%2F11fjxgcfmg!19sChIJn5CaKO75G2ARRV2Kj47JQAc?authuser=0&hl=ja&rclk=1","甲府市","甲府市 プロモーション会社"
"YKコンサルティング","https://www.ykconsulting.jp/","甲府市 丸の内２丁目３３−１１ マンショングリーンアース","","https://www.google.com/maps/place/YK%E3%82%B3%E3%83%B3%E3%82%B5%E3%83%AB%E3%83%86%E3%82%A3%E3%83%B3%E3%82%B0/data=!4m7!3m6!1s0x601bf93494a8b305:0xa8a4b214d3e22c7f!8m2!3d35.6627272!4d138.5659641!16s%2Fg%2F11gsmw50db!19sChIJBbOolDT5G2ARfyzi0xSypKg?authuser=0&hl=ja&rclk=1","甲府市","甲府市 プロモーション会社"
"合同会社RIGHT MAN GROUP","https://www.cram.co.jp/","松本市 県１丁目６−３ 松林ビル 2F","0263-88-8820","https://www.google.com/maps/place/%E5%90%88%E5%90%8C%E4%BC%9A%E7%A4%BERIGHT+MAN+GROUP/data=!4m7!3m6!1s0x601d0f9788d8bb3f:0xb4b29021c0891141!8m2!3d36.2339089!4d137.9800168!16s%2Fg%2F11z8gjf356!19sChIJP7vYiJcPHWARQRGJwCGQsrQ?authuser=0&hl=ja&rclk=1","松本市","松本市 販促支援会社"
"障害者就労継続支援A型 STOVE松本","https://www.st-ove.co.jp/","松本市 蟻ケ崎１丁目１−２４ 2F","0263-31-0857","https://www.google.com/maps/place/%E9%9A%9C%E5%AE%B3%E8%80%85%E5%B0%B1%E5%8A%B4%E7%B6%99%E7%B6%9A%E6%94%AF%E6%8F%B4A%E5%9E%8B+STOVE%E6%9D%BE%E6%9C%AC/data=!4m7!3m6!1s0x601d0fa6150e433b:0x6ff7ee2ad20856c2!8m2!3d36.2411094!4d137.9623572!16s%2Fg%2F11j4lj5g02!19sChIJO0MOFaYPHWARwlYI0iru928?authuser=0&hl=ja&rclk=1","松本市","松本市 販促支援会社"
"株式会社デザイン計画（バックパネル・販促ツール制作・メディカルデザイン）","http://d-plan.cc/","松本市 波田１５２８−２","0263-92-8500","https://www.google.com/maps/place/%E6%A0%AA%E5%BC%8F%E4%BC%9A%E7%A4%BE%E3%83%87%E3%82%B6%E3%82%A4%E3%83%B3%E8%A8%88%E7%94%BB%EF%BC%88%E3%83%90%E3%83%83%E3%82%AF%E3%83%91%E3%83%8D%E3%83%AB%E3%83%BB%E8%B2%A9%E4%BF%83%E3%83%84%E3%83%BC%E3%83%AB%E5%88%B6%E4%BD%9C%E3%83%BB%E3%83%A1%E3%83%87%E3%82%A3%E3%82%AB%E3%83%AB%E3%83%87%E3%82%B6%E3%82%A4%E3%83%B3%EF%BC%89/data=!4m7!3m6!1s0x601d117d5afb0aa5:0x7372dc34c624450e!8m2!3d36.204758!4d137.873094!16s%2Fg%2F1tj21mg9!19sChIJpQr7Wn0RHWARDkUkxjTccnM?authuser=0&hl=ja&rclk=1","松本市","松本市 販促支援会社"
"合同会社わいわい信州 就労継続支援B型事業所トリドリ","https://www.toridori-matsumoto.com/","松本市 本庄１丁目３−１２ アカギビル 2階、4階","0263-88-5743","https://www.google.com/maps/place/%E5%90%88%E5%90%8C%E4%BC%9A%E7%A4%BE%E3%82%8F%E3%81%84%E3%82%8F%E3%81%84%E4%BF%A1%E5%B7%9E+%E5%B0%B1%E5%8A%B4%E7%B6%99%E7%B6%9A%E6%94%AF%E6%8F%B4B%E5%9E%8B%E4%BA%8B%E6%A5%AD%E6%89%80%E3%83%88%E3%83%AA%E3%83%89%E3%83%AA/data=!4m7!3m6!1s0x601d0f587f3e8cbd:0xe0dbc4dc28e02ab!8m2!3d36.2278092!4d137.9691067!16s%2Fg%2F11pldxshs9!19sChIJvYw-f1gPHWARqwKOwk28DQ4?authuser=0&hl=ja&rclk=1","松本市","松本市 販促支援会社"
"合同会社ReConnect〜移住と仕事.jp〜","https://ijutoshigoto.jp/","松本市 中央３丁目２−１２ ナカマチテラス 302","","https://www.google.com/maps/place/%E5%90%88%E5%90%8C%E4%BC%9A%E7%A4%BEReConnect%E3%80%9C%E7%A7%BB%E4%BD%8F%E3%81%A8%E4%BB%95%E4%BA%8B.jp%E3%80%9C/data=!4m7!3m6!1s0x601d0fec51f9a4ab:0xa0b2fc693ad7789b!8m2!3d36.2336573!4d137.9717446!16s%2Fg%2F11j_y2h1r9!19sChIJq6T5UewPHWARm3jXOmn8sqA?authuser=0&hl=ja&rclk=1","松本市","松本市 販促支援会社"
"セキュリティ・プロモーション","https://www.securitypromotion.co.jp/","松本市 野溝木工２丁目７−１５","0263-24-0711","https://www.google.com/maps/place/%E3%82%BB%E3%82%AD%E3%83%A5%E3%83%AA%E3%83%86%E3%82%A3%E3%83%BB%E3%83%97%E3%83%AD%E3%83%A2%E3%83%BC%E3%82%B7%E3%83%A7%E3%83%B3/data=!4m7!3m6!1s0x601d0fac039d0365:0x47db1eaa46fa746d!8m2!3d36.200732!4d137.9559946!16s%2Fg%2F1tm8f1lt!19sChIJZQOdA6wPHWARbXT6Rqoe20c?authuser=0&hl=ja&rclk=1","松本市","松本市 プロモーション会社"
"えむやん イベントプロモーション","https://myan2022.com/","松本市 大手４丁目１−１３ SWEET WORK","0263-88-7036","https://www.google.com/maps/place/%E3%81%88%E3%82%80%E3%82%84%E3%82%93+%E3%82%A4%E3%83%99%E3%83%B3%E3%83%88%E3%83%97%E3%83%AD%E3%83%A2%E3%83%BC%E3%82%B7%E3%83%A7%E3%83%B3/data=!4m7!3m6!1s0x601d0f288ba5aeb9:0x68cc0227bc438750!8m2!3d36.2346581!4d137.971051!16s%2Fg%2F11v007nn9s!19sChIJua6liygPHWARUIdDvCcCzGg?authuser=0&hl=ja&rclk=1","松本市","松本市 プロモーション会社"
"松本フィルムコミッション","https://matsumoto-film.jp/","松本市 丸の内４−１８","","https://www.google.com/maps/place/%E6%9D%BE%E6%9C%AC%E3%83%95%E3%82%A3%E3%83%AB%E3%83%A0%E3%82%B3%E3%83%9F%E3%83%83%E3%82%B7%E3%83%A7%E3%83%B3/data=!4m7!3m6!1s0x601d0f771a9625a9:0x9fe76b0d69cd6ca1!8m2!3d36.2368111!4d137.9710287!16s%2Fg%2F11yxmh3hjj!19sChIJqSWWGncPHWARoWzNaQ1r558?authuser=0&hl=ja&rclk=1","松本市","松本市 プロモーション会社"
"株式会社ホットスタッフ松本","https://www.hotstaff.co.jp/hotkensaku/jobsearch/20/search?type=city&branch_id=0947","松本市 筑摩１丁目１５−７ ハチマルビル 103","0120-087-011","https://www.google.com/maps/place/%E6%A0%AA%E5%BC%8F%E4%BC%9A%E7%A4%BE%E3%83%9B%E3%83%83%E3%83%88%E3%82%B9%E3%82%BF%E3%83%83%E3%83%95%E6%9D%BE%E6%9C%AC/data=!4m7!3m6!1s0x601d0ee5e4315555:0xae61721f6579af7a!8m2!3d36.2216938!4d137.9759577!16s%2Fg%2F11dflbqgwb!19sChIJVVUx5OUOHWAReq95ZR9yYa4?authuser=0&hl=ja&rclk=1","松本市","松本市 プロモーション会社"
"株式会社ENLINK","https://enlink.biz/","松本市 寿北５丁目２８−２８ 11YKビル 201","0263-30-1125","https://www.google.com/maps/place/%E6%A0%AA%E5%BC%8F%E4%BC%9A%E7%A4%BEENLINK/data=!4m7!3m6!1s0x601d0f2520964acf:0xb02965222284fb84!8m2!3d36.1984983!4d137.9810605!16s%2Fg%2F11y4lpln46!19sChIJz0qWICUPHWARhPuEIiJlKbA?authuser=0&hl=ja&rclk=1","松本市","松本市 プロモーション会社"
"一般社団法人相続手続支援機構","https://souzokukikou.or.jp/","つくば市 千現２丁目1−６ つくば研究支援センタ Aｰ2","029-869-8111","https://www.google.com/maps/place/%E4%B8%80%E8%88%AC%E7%A4%BE%E5%9B%A3%E6%B3%95%E4%BA%BA%E7%9B%B8%E7%B6%9A%E6%89%8B%E7%B6%9A%E6%94%AF%E6%8F%B4%E6%A9%9F%E6%A7%8B/data=!4m7!3m6!1s0x60220dedae9dc02d:0x61baa2c2de2c9448!8m2!3d36.0643631!4d140.1261981!16s%2Fg%2F11z7m994hj!19sChIJLcCdru0NImARSJQs3sKiumE?authuser=0&hl=ja&rclk=1","つくば市","つくば市 販促支援会社"
"株式会社エーヴィックコム","http://aviccom.net/","つくば市 明神３６７−９","029-871-3144","https://www.google.com/maps/place/%E6%A0%AA%E5%BC%8F%E4%BC%9A%E7%A4%BE%E3%82%A8%E3%83%BC%E3%83%B4%E3%82%A3%E3%83%83%E3%82%AF%E3%82%B3%E3%83%A0/data=!4m7!3m6!1s0x602273d044777065:0x36e5350363097c62!8m2!3d35.9871009!4d140.1334136!16s%2Fg%2F1tglhfd5!19sChIJZXB3RNBzImARYnwJYwM15TY?authuser=0&hl=ja&rclk=1","つくば市","つくば市 販促支援会社"
"サポートセンターきずなPLUS","https://www.fspo-kizuna-group.com/","つくば市 筑穂２丁目１−１ つくばＴＳビル 1階","029-886-7703","https://www.google.com/maps/place/%E3%82%B5%E3%83%9D%E3%83%BC%E3%83%88%E3%82%BB%E3%83%B3%E3%82%BF%E3%83%BC%E3%81%8D%E3%81%9A%E3%81%AAPLUS/data=!4m7!3m6!1s0x6022091eeef3edb5:0x4eab7d72f3e7c02!8m2!3d36.1343134!4d140.0793283!16s%2Fg%2F11rxyb_r0d!19sChIJte3z7h4JImARAnw-L9e36gQ?authuser=0&hl=ja&rclk=1","つくば市","つくば市 販促支援会社"
"株式会社ツクバ・インフォメーション・ラボ","http://www.tilab.co.jp/","つくば市 古来８９６−１","029-863-0555","https://www.google.com/maps/place/%E6%A0%AA%E5%BC%8F%E4%BC%9A%E7%A4%BE%E3%83%84%E3%82%AF%E3%83%90%E3%83%BB%E3%82%A4%E3%83%B3%E3%83%95%E3%82%A9%E3%83%A1%E3%83%BC%E3%82%B7%E3%83%A7%E3%83%B3%E3%83%BB%E3%83%A9%E3%83%9C/data=!4m7!3m6!1s0x60220cf29430076d:0x117399820820bc7f!8m2!3d36.0924038!4d140.1410238!16s%2Fg%2F1vxdycyx!19sChIJbQcwlPIMImARf7wgCIKZcxE?authuser=0&hl=ja&rclk=1","つくば市","つくば市 販促支援会社"
"株式会社アイネクスト","http://inext-print.com/","つくば市 上横場２６７−２","029-836-5765","https://www.google.com/maps/place/%EF%BC%88%E6%A0%AA%EF%BC%89%E3%82%A2%E3%82%A4%E3%83%8D%E3%82%AF%E3%82%B9%E3%83%88/data=!4m7!3m6!1s0x60220b4178644baf:0xeb5cdc4cbb48e15!8m2!3d36.0495958!4d140.0855189!16s%2Fg%2F11b7sy6vq7!19sChIJr0tkeEELImARFY60y8TNtQ4?authuser=0&hl=ja&rclk=1","つくば市","つくば市 販促支援会社"
"クロスネクト","http://crossnect.com/","つくば市 松代４丁目10−１１ 中島ハイツ 105号","090-4522-0595","https://www.google.com/maps/place/%E3%82%AF%E3%83%AD%E3%82%B9%E3%83%8D%E3%82%AF%E3%83%88/data=!4m7!3m6!1s0x60220d6a2227e04d:0x6e85a8c4152c3f1b!8m2!3d36.0657477!4d140.1056603!16s%2Fg%2F11q96kdcvz!19sChIJTeAnImoNImARGz8sFcSohW4?authuser=0&hl=ja&rclk=1","つくば市","つくば市 販促支援会社"
"株式会社RION","https://www.rion2020.com/","つくば市 古来８９６−１","","https://www.google.com/maps/place/%E6%A0%AA%E5%BC%8F%E4%BC%9A%E7%A4%BERION/data=!4m7!3m6!1s0x60220d273e166cb3:0xe2f0ecb76b4fd1d7!8m2!3d36.0924094!4d140.1410198!16s%2Fg%2F11r99g7lx_!19sChIJs2wWPicNImAR19FPa7fs8OI?authuser=0&hl=ja&rclk=1","つくば市","つくば市 プロモーション会社"
"株式会社ライプニツ・リサーチ","https://leibniz-research.jp/","つくば市 二の宮１丁目２番地２ 酒井ビル ３階","029-896-7029","https://www.google.com/maps/place/%E6%A0%AA%E5%BC%8F%E4%BC%9A%E7%A4%BE%E3%83%A9%E3%82%A4%E3%83%97%E3%83%8B%E3%83%84%E3%83%BB%E3%83%AA%E3%82%B5%E3%83%BC%E3%83%81/data=!4m7!3m6!1s0x60188ea9dc0e3e0f:0x740a6f45519778f6!8m2!3d36.0720218!4d140.1146367!16s%2Fg%2F1tdzr3__!19sChIJDz4O3KmOGGAR9niXUUVvCnQ?authuser=0&hl=ja&rclk=1","つくば市","つくば市 プロモーション会社"
"有限会社ヘッドルーム","https://www.headroom.jp/","つくば市 竹園１丁目１２−１ シンコービル 3F","029-851-7230","https://www.google.com/maps/place/%E6%9C%89%E9%99%90%E4%BC%9A%E7%A4%BE%E3%83%98%E3%83%83%E3%83%89%E3%83%AB%E3%83%BC%E3%83%A0/data=!4m7!3m6!1s0x60220c8b97ce37b3:0x30c5385e9c83ee94!8m2!3d36.0800465!4d140.1181634!16s%2Fg%2F1tpc81_h!19sChIJszfOl4sMImARlO6DnF44xTA?authuser=0&hl=ja&rclk=1","つくば市","つくば市 プロモーション会社"
"プレフルワーク前橋","https://prefullwork.pages.dev/","前橋市 広瀬町３丁目2−９","027-215-3882","https://www.google.com/maps/place/%E3%83%97%E3%83%AC%E3%83%95%E3%83%AB%E3%83%AF%E3%83%BC%E3%82%AF%E5%89%8D%E6%A9%8B/data=!4m7!3m6!1s0x601eed5bf7375375:0x98b92bb435c230d4!8m2!3d36.3576163!4d139.1118169!16s%2Fg%2F11msb9t3qr!19sChIJdVM391vtHmAR1DDCNbQruZg?authuser=0&hl=ja&rclk=1","前橋市","前橋市 販促支援会社"
"株式会社 特定技能支援センター","https://tokutei-ginou.jp/","前橋市 表町２丁目３０−３ 駅前ハーモニービル 4階","027-212-0275","https://www.google.com/maps/place/%E6%A0%AA%E5%BC%8F%E4%BC%9A%E7%A4%BE+%E7%89%B9%E5%AE%9A%E6%8A%80%E8%83%BD%E6%94%AF%E6%8F%B4%E3%82%BB%E3%83%B3%E3%82%BF%E3%83%BC/data=!4m7!3m6!1s0x601ef3ea6e7a55f5:0xdb5e3a025e389847!8m2!3d36.3839906!4d139.0707761!16s%2Fg%2F11h3clwr0h!19sChIJ9VV6burzHmARR5g4XgI6Xts?authuser=0&hl=ja&rclk=1","前橋市","前橋市 販促支援会社"
"パーソルダイバース株式会社 まえばし穣工房","https://persol-diverse.co.jp/company/access/k_maebashi_minori/","前橋市 西片貝町４丁目８−２２","","https://www.google.com/maps/place/%E3%83%91%E3%83%BC%E3%82%BD%E3%83%AB%E3%83%80%E3%82%A4%E3%83%90%E3%83%BC%E3%82%B9%E6%A0%AA%E5%BC%8F%E4%BC%9A%E7%A4%BE+%E3%81%BE%E3%81%88%E3%81%B0%E3%81%97%E7%A9%A3%E5%B7%A5%E6%88%BF/data=!4m7!3m6!1s0x601ef3002f25d305:0xb873192c5f43a5cd!8m2!3d36.3863608!4d139.0920374!16s%2Fg%2F11myxnctwt!19sChIJBdMlLwDzHmARzaVDXywZc7g?authuser=0&hl=ja&rclk=1","前橋市","前橋市 販促支援会社"
"ユニティープロモーション株式会社","http://www.uniprogny.com/","前橋市 堀越町２４５２−２","027-288-0232","https://www.google.com/maps/place/%E3%83%A6%E3%83%8B%E3%83%86%E3%82%A3%E3%83%BC%E3%83%97%E3%83%AD%E3%83%A2%E3%83%BC%E3%82%B7%E3%83%A7%E3%83%B3%EF%BC%88%E6%A0%AA%EF%BC%89/data=!4m7!3m6!1s0x601ef100c3158477:0x726e47420b60614!8m2!3d36.4249903!4d139.1585789!16s%2Fg%2F11btrqw5b3!19sChIJd4QVwwDxHmARFAa2IHTkJgc?authuser=0&hl=ja&rclk=1","前橋市","前橋市 プロモーション会社"
"オリエンタルジャパンHD","http://orientaljapan.com/","前橋市 大友町３丁目14−１１","027-255-1414","https://www.google.com/maps/place/%E3%82%AA%E3%83%AA%E3%82%A8%E3%83%B3%E3%82%BF%E3%83%AB%E3%82%B8%E3%83%A3%E3%83%91%E3%83%B3HD/data=!4m7!3m6!1s0x601e8cb36a9612d7:0xe03a4a8025205fad!8m2!3d36.3905711!4d139.0447941!16s%2Fg%2F1v2kxj95!19sChIJ1xKWarOMHmARrV8gJYBKOuA?authuser=0&hl=ja&rclk=1","前橋市","前橋市 プロモーション会社"
"パーソルマーケティング株式会社 前橋サテライト","https://www.persol-mk.co.jp/","前橋市 南町３丁目３８−１ ステーションプラザ前橋ビル","027-289-9185","https://www.google.com/maps/place/%E3%83%91%E3%83%BC%E3%82%BD%E3%83%AB%E3%83%9E%E3%83%BC%E3%82%B1%E3%83%86%E3%82%A3%E3%83%B3%E3%82%B0%E6%A0%AA%E5%BC%8F%E4%BC%9A%E7%A4%BE+%E5%89%8D%E6%A9%8B%E3%82%B5%E3%83%86%E3%83%A9%E3%82%A4%E3%83%88/data=!4m7!3m6!1s0x601ef30020aeb279:0xf15b3f0810370817!8m2!3d36.3821671!4d139.0710615!16s%2Fg%2F11vylfrld9!19sChIJebKuIADzHmARFwg3EAg_W_E?authuser=0&hl=ja&rclk=1","前橋市","前橋市 プロモーション会社"
"就労移行支援 Be happinessとおり町","http://inspirecorp.jp/be-happiness_kawagoe/","川越市 通町５−４ 第一山田ビル 501","049-277-5644","https://www.google.com/maps/place/%E5%B0%B1%E5%8A%B4%E7%A7%BB%E8%A1%8C%E6%94%AF%E6%8F%B4+Be+happiness%E3%81%A8%E3%81%8A%E3%82%8A%E7%94%BA/data=!4m7!3m6!1s0x6018dbc717ea285b:0x72114ec943640123!8m2!3d35.913333!4d139.485408!16s%2Fg%2F11hz58k3h5!19sChIJWyjqF8fbGGARIwFkQ8lOEXI?authuser=0&hl=ja&rclk=1","川越市","川越市 販促支援会社"
"OADEPOT","https://oadepot.net/","川越市 脇田本町11−１３ 渡辺オフィスビル 3F","049-221-7700","https://www.google.com/maps/place/OADEPOT/data=!4m7!3m6!1s0x6018dbee47dc98db:0x98aebf5ef70a29bb!8m2!3d35.9058321!4d139.4798001!16s%2Fg%2F11gjt8pz8f!19sChIJ25jcR-7bGGARuykK916_rpg?authuser=0&hl=ja&rclk=1","川越市","川越市 販促支援会社"
"会社設立サポートセンター","https://www.seturitu-saitama.com/","川越市 東田町２１−７ 駐車場あり","0120-983-884","https://www.google.com/maps/place/%E4%BC%9A%E7%A4%BE%E8%A8%AD%E7%AB%8B%E3%82%B5%E3%83%9D%E3%83%BC%E3%83%88%E3%82%BB%E3%83%B3%E3%82%BF%E3%83%BC/data=!4m7!3m6!1s0x6018da44e3b92e13:0x35fdb952bbe6f68c!8m2!3d35.9100454!4d139.4754301!16s%2Fg%2F1tgm2wnq!19sChIJEy6540TaGGARjPbmu1K5_TU?authuser=0&hl=ja&rclk=1","川越市","川越市 販促支援会社"
"就労継続支援B型スタジオワークデザイン","http://workdesigncenter.sakura.ne.jp/","川越市 小仙波町２丁目２５−１","049-272-7217","https://www.google.com/maps/place/%E5%B0%B1%E5%8A%B4%E7%B6%99%E7%B6%9A%E6%94%AF%E6%8F%B4B%E5%9E%8B%E3%82%B9%E3%82%BF%E3%82%B8%E3%82%AA%E3%83%AF%E3%83%BC%E3%82%AF%E3%83%87%E3%82%B6%E3%82%A4%E3%83%B3/data=!4m7!3m6!1s0x6018db0020b8357f:0x50048520bffcead6!8m2!3d35.9188714!4d139.4970037!16s%2Fg%2F11ms0nz0wt!19sChIJfzW4IADbGGAR1ur8vyCFBFA?authuser=0&hl=ja&rclk=1","川越市","川越市 販促支援会社"
"株式会社はつかり","http://www.hatsukari-p.co.jp/","川越市 山田１５１３","049-225-3535","https://www.google.com/maps/place/%EF%BC%88%E6%A0%AA%EF%BC%89%E3%81%AF%E3%81%A4%E3%81%8B%E3%82%8A/data=!4m7!3m6!1s0x6018d085ecd217e1:0xcbd32d9cb1977ab9!8m2!3d35.945593!4d139.480952!16s%2Fg%2F1tdvvb25!19sChIJ4RfS7IXQGGARuXqXsZwt08s?authuser=0&hl=ja&rclk=1","川越市","川越市 販促支援会社"
"株式会社綜合キャリアオプション 川越店","https://sougo-career.jp/","川越市 脇田本町15−１０ 2F","049-249-4510","https://www.google.com/maps/place/%E6%A0%AA%E5%BC%8F%E4%BC%9A%E7%A4%BE%E7%B6%9C%E5%90%88%E3%82%AD%E3%83%A3%E3%83%AA%E3%82%A2%E3%82%AA%E3%83%97%E3%82%B7%E3%83%A7%E3%83%B3+%E5%B7%9D%E8%B6%8A%E5%BA%97/data=!4m7!3m6!1s0x6018db09fa7fb74f:0xba3180731ff43965!8m2!3d35.9073593!4d139.4816709!16s%2Fg%2F11rflq18n1!19sChIJT7d_-gnbGGARZTn0H3OAMbo?authuser=0&hl=ja&rclk=1","川越市","川越市 プロモーション会社"
"インセプションホールディングス株式会社","https://shunsukekuramochi.com/","川越市 山田1621-1 モンドビル","049-298-3886","https://www.google.com/maps/place/%E3%82%A4%E3%83%B3%E3%82%BB%E3%83%97%E3%82%B7%E3%83%A7%E3%83%B3%E3%83%9B%E3%83%BC%E3%83%AB%E3%83%87%E3%82%A3%E3%83%B3%E3%82%B0%E3%82%B9%E6%A0%AA%E5%BC%8F%E4%BC%9A%E7%A4%BE/data=!4m7!3m6!1s0x6018d084e491f5ad:0x17ad4884beebf9d2!8m2!3d35.9429518!4d139.478785!16s%2Fg%2F11dxf0180j!19sChIJrfWR5ITQGGAR0vnrvoRIrRc?authuser=0&hl=ja&rclk=1","川越市","川越市 プロモーション会社"
"株式会社7th Logic","https://7thlogic.jp/","川越市 旭町３丁目17−６０","050-5307-1718","https://www.google.com/maps/place/%E6%A0%AA%E5%BC%8F%E4%BC%9A%E7%A4%BE7th+Logic/data=!4m7!3m6!1s0x6018db1760647a6d:0xf14272d250e58f73!8m2!3d35.8990977!4d139.4713003!16s%2Fg%2F11l372fj3z!19sChIJbXpkYBfbGGARc4_lUNJyQvE?authuser=0&hl=ja&rclk=1","川越市","川越市 プロモーション会社"
"中古車アクセルプロモーション","http://accel-p.com/","川越市 平塚７９−１","049-231-5669","https://www.google.com/maps/place/%E4%B8%AD%E5%8F%A4%E8%BB%8A%E3%82%A2%E3%82%AF%E3%82%BB%E3%83%AB%E3%83%97%E3%83%AD%E3%83%A2%E3%83%BC%E3%82%B7%E3%83%A7%E3%83%B3/data=!4m7!3m6!1s0x6018d0beda9bec69:0x18d794e3ed3e686c!8m2!3d35.9451977!4d139.4625008!16s%2Fg%2F1tknkgb3!19sChIJaeyb2r7QGGARbGg-7eOU1xg?authuser=0&hl=ja&rclk=1","川越市","川越市 プロモーション会社"
"有限会社 智巧社","https://www.wz-art.co.jp/","越谷市 船渡２４１−６","048-976-4671","https://www.google.com/maps/place/%E6%9C%89%E9%99%90%E4%BC%9A%E7%A4%BE+%E6%99%BA%E5%B7%A7%E7%A4%BE/data=!4m7!3m6!1s0x6018bdeb2da55f9b:0x1e7f52455da38e22!8m2!3d35.932506!4d139.793152!16s%2Fg%2F1thvsqct!19sChIJm1-lLeu9GGARIo6jXUVSfx4?authuser=0&hl=ja&rclk=1","越谷市","越谷市 販促支援会社"
"ココロスキップ","http://cocoro-skip.net/","越谷市 大沢３丁目１０−２８ プラザクラウン","048-978-9198","https://www.google.com/maps/place/%E3%82%B3%E3%82%B3%E3%83%AD%E3%82%B9%E3%82%AD%E3%83%83%E3%83%97/data=!4m7!3m6!1s0x601896050495e0dd:0x778cccb42c4f7e9f!8m2!3d35.904912!4d139.7811138!16s%2Fg%2F11gvg5x5pk!19sChIJ3eCVBAWWGGARn35PLLTMjHc?authuser=0&hl=ja&rclk=1","越谷市","越谷市 販促支援会社"
"株式会社 ポストインサービス","http://postin-s.co.jp/","越谷市 蒲生本町１３−１","0120-812-159","https://www.google.com/maps/place/%E6%A0%AA%E5%BC%8F%E4%BC%9A%E7%A4%BE+%E3%83%9D%E3%82%B9%E3%83%88%E3%82%A4%E3%83%B3%E3%82%B5%E3%83%BC%E3%83%93%E3%82%B9/data=!4m7!3m6!1s0x601896ea8fbc8b83:0x10a472b2b37ae316!8m2!3d35.8635304!4d139.7953551!16s%2Fg%2F1td3llsq!19sChIJg4u8j-qWGGARFuN6s7JypBA?authuser=0&hl=ja&rclk=1","越谷市","越谷市 販促支援会社"
"イントラサービス株式会社","https://intra-service.jp/","越谷市 南越谷４丁目１３−２−３ 階A","048-999-6322","https://www.google.com/maps/place/%E3%82%A4%E3%83%B3%E3%83%88%E3%83%A9%E3%82%B5%E3%83%BC%E3%83%93%E3%82%B9%E6%A0%AA%E5%BC%8F%E4%BC%9A%E7%A4%BE/data=!4m7!3m6!1s0x6018968b8bc3870f:0x64b853bedcc52dd1!8m2!3d35.8745551!4d139.789758!16s%2Fg%2F11dz_lvkbx!19sChIJD4fDi4uWGGAR0S3F3L5TuGQ?authuser=0&hl=ja&rclk=1","越谷市","越谷市 販促支援会社"
"株式会社マース","https://marss.art/","越谷市 レイクタウン６丁目２０−１","","https://www.google.com/maps/place/%E6%A0%AA%E5%BC%8F%E4%BC%9A%E7%A4%BE%E3%83%9E%E3%83%BC%E3%82%B9/data=!4m7!3m6!1s0x601897eae55d9bc1:0x6bc63f5749442bea!8m2!3d35.8717898!4d139.8283633!16s%2Fg%2F11syb6b289!19sChIJwZtd5eqXGGAR6itESVc_xms?authuser=0&hl=ja&rclk=1","越谷市","越谷市 販促支援会社"
"みんなのバッジ","https://www.minnanobadge.com/about-us.html","","048-940-7141","https://www.google.com/maps/place/%E3%81%BF%E3%82%93%E3%81%AA%E3%81%AE%E3%83%90%E3%83%83%E3%82%B8/data=!4m7!3m6!1s0x60189706ffffffff:0x3fa40a9b7f524523!8m2!3d35.8869135!4d139.8307905!16s%2Fg%2F11h_k3st56!19sChIJ_____waXGGARI0VSf5sKpD8?authuser=0&hl=ja&rclk=1","越谷市","越谷市 販促支援会社"
"有限会社 アイプロモーション","http://ipro.jp/","","048-965-8914","https://www.google.com/maps/place/%E6%9C%89%E9%99%90%E4%BC%9A%E7%A4%BE+%E3%82%A2%E3%82%A4%E3%83%97%E3%83%AD%E3%83%A2%E3%83%BC%E3%82%B7%E3%83%A7%E3%83%B3/data=!4m7!3m6!1s0x6018966319180fdf:0x92d5d1d9b7eaca25!8m2!3d35.8795131!4d139.7845761!16s%2Fg%2F11vtbjmxbj!19sChIJ3w8YGWOWGGARJcrqt9nR1ZI?authuser=0&hl=ja&rclk=1","越谷市","越谷市 プロモーション会社"
"PRコート株式会社","http://www.pr-coat.com/","越谷市 小曽川２１５","048-971-7566","https://www.google.com/maps/place/PR%E3%82%B3%E3%83%BC%E3%83%88%E6%A0%AA%E5%BC%8F%E4%BC%9A%E7%A4%BE/data=!4m7!3m6!1s0x6018be151f2a440b:0xadb24e7a3053e130!8m2!3d35.918501!4d139.7546801!16s%2Fg%2F1tsr36mx!19sChIJC0QqHxW-GGARMOFTMHpOsq0?authuser=0&hl=ja&rclk=1","越谷市","越谷市 プロモーション会社"
"ウェブプラ","https://www.webpla.jp/","越谷市 袋山２０４５−１ 光ビル 202号室","048-915-5014","https://www.google.com/maps/place/%E3%82%A6%E3%82%A7%E3%83%96%E3%83%97%E3%83%A9/data=!4m7!3m6!1s0x6018bd8d314cf91d:0xefd7233f963f4773!8m2!3d35.9231556!4d139.7785159!16s%2Fg%2F11fp8byc9t!19sChIJHflMMY29GGARc0c_lj8j1-8?authuser=0&hl=ja&rclk=1","越谷市","越谷市 プロモーション会社"
"株式会社エムプロ","http://mpro-japan.com/","越谷市 増森３０２−１","048-940-3122","https://www.google.com/maps/place/%E6%A0%AA%E5%BC%8F%E4%BC%9A%E7%A4%BE%E3%82%A8%E3%83%A0%E3%83%97%E3%83%AD/data=!4m7!3m6!1s0x601897a93ca72353:0xf081b1afdf2b6811!8m2!3d35.8950956!4d139.8207721!16s%2Fg%2F11h2hhh7pk!19sChIJUyOnPKmXGGAREWgr36-xgfA?authuser=0&hl=ja&rclk=1","越谷市","越谷市 プロモーション会社"
"株式会社ナンバーテン","http://no-ten.net/","越谷市 北越谷４丁目２１−１ ＧＭＣビル 3F ４F２号室","048-973-7641","https://www.google.com/maps/place/%E6%A0%AA%E5%BC%8F%E4%BC%9A%E7%A4%BE%E3%83%8A%E3%83%B3%E3%83%90%E3%83%BC%E3%83%86%E3%83%B3/data=!4m7!3m6!1s0x60189605f4b26a77:0xbb00bc5bad541457!8m2!3d35.9024369!4d139.7792174!16s%2Fg%2F11grvhdjhw!19sChIJd2qy9AWWGGARVxRUrVu8ALs?authuser=0&hl=ja&rclk=1","越谷市","越谷市 プロモーション会社"
"株式会社Rimiens","https://rimiens.co.jp/","越谷市 南越谷４丁目１６−７ ２F","048-940-9356","https://www.google.com/maps/place/%E6%A0%AA%E5%BC%8F%E4%BC%9A%E7%A4%BERimiens/data=!4m7!3m6!1s0x601897007a1a921d:0xb7b94983be45cc97!8m2!3d35.8739343!4d139.7892102!16s%2Fg%2F11wjl3b2gz!19sChIJHZIaegCXGGARl8xFvoNJubc?authuser=0&hl=ja&rclk=1","越谷市","越谷市 プロモーション会社"
"就労継続支援A型 たのしい会社","https://tanoshiikaisha.jp/","木更津市 東中央１丁目１−１３ TSビル 5階B号","0438-20-3377","https://www.google.com/maps/place/%E5%B0%B1%E5%8A%B4%E7%B6%99%E7%B6%9A%E6%94%AF%E6%8F%B4A%E5%9E%8B+%E3%81%9F%E3%81%AE%E3%81%97%E3%81%84%E4%BC%9A%E7%A4%BE/data=!4m7!3m6!1s0x60180d2939c02ad3:0x8f575b29bd2fd89c!8m2!3d35.3820082!4d139.9272576!16s%2Fg%2F11kryq37fy!19sChIJ0yrAOSkNGGARnNgvvSlbV48?authuser=0&hl=ja&rclk=1","木更津市","木更津市 販促支援会社"
"テクノゲートウェイ株式会社","http://techno-gateway.com/","木更津市 八幡台４丁目４−７","","https://www.google.com/maps/place/%E3%83%86%E3%82%AF%E3%83%8E%E3%82%B2%E3%83%BC%E3%83%88%E3%82%A6%E3%82%A7%E3%82%A4%E6%A0%AA%E5%BC%8F%E4%BC%9A%E7%A4%BE/data=!4m7!3m6!1s0x60180b91ad2eaaab:0xb176328ffc080e94!8m2!3d35.3422462!4d139.9490061!16s%2Fg%2F11l2qzvp7n!19sChIJq6ourZELGGARlA4I_I8ydrE?authuser=0&hl=ja&rclk=1","木更津市","木更津市 販促支援会社"
"かずさインキュベーションセンター","http://kap.co.jp/incubation/","木更津市 かずさ鎌足２丁目１","0438-20-5071","https://www.google.com/maps/place/%E3%81%8B%E3%81%9A%E3%81%95%E3%82%A4%E3%83%B3%E3%82%AD%E3%83%A5%E3%83%99%E3%83%BC%E3%82%B7%E3%83%A7%E3%83%B3%E3%82%BB%E3%83%B3%E3%82%BF%E3%83%BC/data=!4m7!3m6!1s0x60180b5a88a37add:0x13d7b26b4477b701!8m2!3d35.3366694!4d139.9896091!16s%2Fg%2F11l9t5xc3c!19sChIJ3XqjiFoLGGARAbd3RGuy1xM?authuser=0&hl=ja&rclk=1","木更津市","木更津市 販促支援会社"
"ワタナベメディアプロダクツ㈱","https://www.protos21.com/","木更津市 潮見４丁目１４−４","0438-36-5361","https://www.google.com/maps/place/%E3%83%AF%E3%82%BF%E3%83%8A%E3%83%99%E3%83%A1%E3%83%87%E3%82%A3%E3%82%A2%E3%83%97%E3%83%AD%E3%83%80%E3%82%AF%E3%83%84%E3%88%B1/data=!4m7!3m6!1s0x60180cc814d34af1:0xd6f4b3d5d826a7e9!8m2!3d35.3689594!4d139.9149008!16s%2Fg%2F1tm68x3h!19sChIJ8UrTFMgMGGAR6acm2NWz9NY?authuser=0&hl=ja&rclk=1","木更津市","木更津市 販促支援会社"
"イベント・コミュニケーションズ 本社","http://www.eventcom.jp/","木更津市 潮浜１丁目１７−１７","0438-30-2611","https://www.google.com/maps/place/%E3%82%A4%E3%83%99%E3%83%B3%E3%83%88%E3%83%BB%E3%82%B3%E3%83%9F%E3%83%A5%E3%83%8B%E3%82%B1%E3%83%BC%E3%82%B7%E3%83%A7%E3%83%B3%E3%82%BA+%E6%9C%AC%E7%A4%BE/data=!4m7!3m6!1s0x601873339816cc81:0x329935436d9209f5!8m2!3d35.3778641!4d139.9103513!16s%2Fg%2F11b6y_vstr!19sChIJgcwWmDNzGGAR9QmSbUM1mTI?authuser=0&hl=ja&rclk=1","木更津市","木更津市 プロモーション会社"
"株式会社 C-PROエンターテイメント","http://c-proentertainment.net/","木更津市 清見台２丁目７−２４ 2F","0438-80-9409","https://www.google.com/maps/place/%E6%A0%AA%E5%BC%8F%E4%BC%9A%E7%A4%BE+C-PRO%E3%82%A8%E3%83%B3%E3%82%BF%E3%83%BC%E3%83%86%E3%82%A4%E3%83%A1%E3%83%B3%E3%83%88/data=!4m7!3m6!1s0x60180b4fe17bffff:0x274ca197967bfcd0!8m2!3d35.3816352!4d139.9471235!16s%2Fg%2F11pdvxb6tn!19sChIJ__974U8LGGAR0Px7lpehTCc?authuser=0&hl=ja&rclk=1","木更津市","木更津市 プロモーション会社"
"MiNx株式会社","https://www.romasia.jp/","木更津市 請西東３丁目１４−４２","0438-36-1169","https://www.google.com/maps/place/MiNx%E6%A0%AA%E5%BC%8F%E4%BC%9A%E7%A4%BE/data=!4m7!3m6!1s0x60180b42fb7a7701:0xe1fd02515d8d6e2b!8m2!3d35.3706378!4d139.9506343!16s%2Fg%2F1tgkh7kn!19sChIJAXd6-0ILGGARK26NXVEC_eE?authuser=0&hl=ja&rclk=1","木更津市","木更津市 プロモーション会社"
"株式会社スカイハイプロダクション","https://www.sky-hi.jp/","木更津市 高柳１６４６−３","0438-53-8763","https://www.google.com/maps/place/%E6%A0%AA%E5%BC%8F%E4%BC%9A%E7%A4%BE%E3%82%B9%E3%82%AB%E3%82%A4%E3%83%8F%E3%82%A4%E3%83%97%E3%83%AD%E3%83%80%E3%82%AF%E3%82%B7%E3%83%A7%E3%83%B3/data=!4m7!3m6!1s0x6018735897ebe7f1:0xd910437c54fa8741!8m2!3d35.3981355!4d139.9359547!16s%2Fg%2F1tdyl5dv!19sChIJ8efrl1hzGGARQYf6VHxDENk?authuser=0&hl=ja&rclk=1","木更津市","木更津市 プロモーション会社"
"株式会社 千歳","https://www.chitose0901.com/","木更津市 木更津２丁目１−３","0438-97-5888","https://www.google.com/maps/place/%E6%A0%AA%E5%BC%8F%E4%BC%9A%E7%A4%BE+%E5%8D%83%E6%AD%B3/data=!4m7!3m6!1s0x60187547e4ec2aa7:0xab3e4f3aeb03f001!8m2!3d35.3825809!4d139.9286207!16s%2Fg%2F11g1s9yd00!19sChIJpyrs5Ed1GGARAfAD6zpPPqs?authuser=0&hl=ja&rclk=1","木更津市","木更津市 プロモーション会社"
"相模原市印刷広告協同組合","http://www.soin.or.jp/","相模原市 中央３丁目７−５","042-776-6100","https://www.google.com/maps/place/%E7%9B%B8%E6%A8%A1%E5%8E%9F%E5%B8%82%E5%8D%B0%E5%88%B7%E5%BA%83%E5%91%8A%E5%8D%94%E5%90%8C%E7%B5%84%E5%90%88/data=!4m7!3m6!1s0x6018fd7b6b40253f:0xd4573c2c7b5cda77!8m2!3d35.5713277!4d139.3715928!16s%2Fg%2F1wl4qnd4!19sChIJPyVAa3v9GGARd9pceyw8V9Q?authuser=0&hl=ja&rclk=1","相模原市","相模原市 販促支援会社"
"株式会社日相印刷/日相出版","https://www.print-nisso.com/","相模原市 麻溝台８丁目２−７ 日相印刷","042-748-6020","https://www.google.com/maps/place/%EF%BC%88%E6%A0%AA%EF%BC%89%E6%97%A5%E7%9B%B8%E5%8D%B0%E5%88%B7%2F%E6%97%A5%E7%9B%B8%E5%87%BA%E7%89%88/data=!4m7!3m6!1s0x6018fe64f9307947:0x4b07a1296a26cc08!8m2!3d35.5265975!4d139.398648!16s%2Fg%2F1vvyy3n6!19sChIJR3kw-WT-GGARCMwmaimhB0s?authuser=0&hl=ja&rclk=1","相模原市","相模原市 販促支援会社"
"ポスティングの町田広告 相模原支店","https://sagamihara-post.jimdofree.com/","相模原市 相模台団地１−１ 相模台団地１－１","042-794-7963","https://www.google.com/maps/place/%E3%83%9D%E3%82%B9%E3%83%86%E3%82%A3%E3%83%B3%E3%82%B0%E3%81%AE%E7%94%BA%E7%94%B0%E5%BA%83%E5%91%8A+%E7%9B%B8%E6%A8%A1%E5%8E%9F%E6%94%AF%E5%BA%97/data=!4m7!3m6!1s0x6018fc2238ffbbbd:0x356bffa398ec4ef3!8m2!3d35.5187002!4d139.4074914!16s%2Fg%2F11c37y_933!19sChIJvbv_OCL8GGAR807smKP_azU?authuser=0&hl=ja&rclk=1","相模原市","相模原市 販促支援会社"
"共同印刷株式会社相模原工場","https://www.kyodoprinting.co.jp/company-profile/offices_plants/map_sagamihara.html","相模原市 大山町４−１","042-703-6177","https://www.google.com/maps/place/%E5%85%B1%E5%90%8C%E5%8D%B0%E5%88%B7%EF%BC%88%E6%A0%AA%EF%BC%89%E7%9B%B8%E6%A8%A1%E5%8E%9F%E5%B7%A5%E5%A0%B4/data=!4m7!3m6!1s0x601902b412400001:0x42553f69eb5545c1!8m2!3d35.5874989!4d139.3493801!16s%2Fg%2F11c74hbsyj!19sChIJAQBAErQCGWARwUVV62k_VUI?authuser=0&hl=ja&rclk=1","相模原市","相模原市 販促支援会社"
"ワンプロモーション株式会社","https://www.onepro.co.jp/","相模原市 東林間６丁目６−１５","042-815-1260","https://www.google.com/maps/place/%E3%83%AF%E3%83%B3%E3%83%97%E3%83%AD%E3%83%A2%E3%83%BC%E3%82%B7%E3%83%A7%E3%83%B3%E6%A0%AA%E5%BC%8F%E4%BC%9A%E7%A4%BE/data=!4m7!3m6!1s0x6018ff2ec1cadf81:0x75e4085a8d37fa24!8m2!3d35.518034!4d139.438456!16s%2Fg%2F1txfp5yn!19sChIJgd_KwS7_GGARJPo3jVoI5HU?authuser=0&hl=ja&rclk=1","相模原市","相模原市 プロモーション会社"
"株式会社メディア・プロモーション・ジャパン (M・P・J)","http://media-promotion-japan.info/","相模原市 鵜野森１丁目３０−３−５０５ 相模原リリエンハイム３号棟","","https://www.google.com/maps/place/%E6%A0%AA%E5%BC%8F%E4%BC%9A%E7%A4%BE%E3%83%A1%E3%83%87%E3%82%A3%E3%82%A2%E3%83%BB%E3%83%97%E3%83%AD%E3%83%A2%E3%83%BC%E3%82%B7%E3%83%A7%E3%83%B3%E3%83%BB%E3%82%B8%E3%83%A3%E3%83%91%E3%83%B3+%28M%E3%83%BBP%E3%83%BBJ%29/data=!4m7!3m6!1s0x6018fea471f249e9:0xa68d0001694791dd!8m2!3d35.5452928!4d139.4319182!16s%2Fg%2F11h4by77k4!19sChIJ6UnycaT-GGAR3ZFHaQEAjaY?authuser=0&hl=ja&rclk=1","相模原市","相模原市 プロモーション会社"
"株式会社PLOOF","https://ploof-co.com/","相模原市 原宿３丁目７−７ ハイツセカンド 101","080-1361-6694","https://www.google.com/maps/place/%E6%A0%AA%E5%BC%8F%E4%BC%9A%E7%A4%BEPLOOF/data=!4m7!3m6!1s0x60191d519287bb3f:0x475682a2405a24da!8m2!3d35.5971679!4d139.3094355!16s%2Fg%2F11t81htgyl!19sChIJP7uHklEdGWAR2iRaQKKCVkc?authuser=0&hl=ja&rclk=1","相模原市","相模原市 プロモーション会社"
"株式会社 ダイプロ","https://diepro.co.jp/","相模原市 田名２３２７−２","042-713-1980","https://www.google.com/maps/place/%E6%A0%AA%E5%BC%8F%E4%BC%9A%E7%A4%BE+%E3%83%80%E3%82%A4%E3%83%97%E3%83%AD/data=!4m7!3m6!1s0x60190366c58f1065:0xb9546c9ed6efb247!8m2!3d35.5639288!4d139.3296693!16s%2Fg%2F11flzktq8l!19sChIJZRCPxWYDGWARR7Lv1p5sVLk?authuser=0&hl=ja&rclk=1","相模原市","相模原市 プロモーション会社"
"株式会社 アイ・シー・エム","http://icm-net.com/","相模原市 相模原２丁目１３−２ 服部相模原ビル","042-758-0351","https://www.google.com/maps/place/%E6%A0%AA%E5%BC%8F%E4%BC%9A%E7%A4%BE+%E3%82%A2%E3%82%A4%E3%83%BB%E3%82%B7%E3%83%BC%E3%83%BB%E3%82%A8%E3%83%A0/data=!4m7!3m6!1s0x6018fd611fa15555:0xb870354998fe7789!8m2!3d35.578397!4d139.3690235!16s%2Fg%2F11f54rkn81!19sChIJVVWhH2H9GGARiXf-mEk1cLg?authuser=0&hl=ja&rclk=1","相模原市","相模原市 プロモーション会社"
"アミプロモーション","https://www.amipro.co.jp/n3site.html","相模原市 小山ヶ丘４丁目９−１","042-700-6122","https://www.google.com/maps/place/%E3%82%A2%E3%83%9F%E3%83%97%E3%83%AD%E3%83%A2%E3%83%BC%E3%82%B7%E3%83%A7%E3%83%B3/data=!4m7!3m6!1s0x60191d43797a50c9:0xb046f2857677c738!8m2!3d35.6067197!4d139.3529097!16s%2Fg%2F11g_v77kld!19sChIJyVB6eUMdGWAROMd3doXyRrA?authuser=0&hl=ja&rclk=1","相模原市","相模原市 プロモーション会社"
"株式会社オーサムプラネッツ","http://awesomeplanets-t.com/","相模原市 相南２丁目２６−５ 205","050-5539-7125","https://www.google.com/maps/place/%E6%A0%AA%E5%BC%8F%E4%BC%9A%E7%A4%BE%E3%82%AA%E3%83%BC%E3%82%B5%E3%83%A0%E3%83%97%E3%83%A9%E3%83%8D%E3%83%83%E3%83%84/data=!4m7!3m6!1s0x6018fedf4054603d:0xaea4ba93262cc0d5!8m2!3d35.514985!4d139.4302237!16s%2Fg%2F11vpzwzrt9!19sChIJPWBUQN_-GGAR1cAsJpO6pK4?authuser=0&hl=ja&rclk=1","相模原市","相模原市 プロモーション会社"
"株式会社スケロク","http://skrock.jp/","相模原市 小山２丁目３−１０ E303号","042-816-2725","https://www.google.com/maps/place/%E6%A0%AA%E5%BC%8F%E4%BC%9A%E7%A4%BE%E3%82%B9%E3%82%B1%E3%83%AD%E3%82%AF/data=!4m7!3m6!1s0x601902a42f9b3f0f:0x4c08ba97c7f53e66!8m2!3d35.5833769!4d139.3597372!16s%2Fg%2F11w20yjy39!19sChIJDz-bL6QCGWARZj71x5e6CEw?authuser=0&hl=ja&rclk=1","相模原市","相模原市 プロモーション会社"
"オキセ 厚木営業所","https://www.okise.co.jp/","厚木市 旭町３丁目７−１２ HMビル 1F","0120-971-948","https://www.google.com/maps/place/%E3%82%AA%E3%82%AD%E3%82%BB+%E5%8E%9A%E6%9C%A8%E5%96%B6%E6%A5%AD%E6%89%80/data=!4m7!3m6!1s0x6018554b6f1b9f0f:0x37b383b180895c37!8m2!3d35.437005!4d139.3696429!16s%2Fg%2F11zchrxlv5!19sChIJD58bb0tVGGARN1yJgLGDszc?authuser=0&hl=ja&rclk=1","厚木市","厚木市 販促支援会社"
"株式会社Voleur（ヴォルール）","https://www.voleur.co.jp/","厚木市 中町２丁目１２−３ 越智第一ビル 5階","046-259-8701","https://www.google.com/maps/place/%E6%A0%AA%E5%BC%8F%E4%BC%9A%E7%A4%BEVoleur%EF%BC%88%E3%83%B4%E3%82%A9%E3%83%AB%E3%83%BC%E3%83%AB%EF%BC%89/data=!4m7!3m6!1s0x6019ab04d0cd7173:0xf2ed21f36447da78!8m2!3d35.4427157!4d139.3650174!16s%2Fg%2F11vjfk6553!19sChIJc3HN0ASrGWAReNpHZPMh7fI?authuser=0&hl=ja&rclk=1","厚木市","厚木市 販促支援会社"
"就労継続支援B型事業所 ラシクラボ本厚木","https://rashikulab.jp/lp/office/honatsugi/","厚木市 旭町２丁目８−２１ ＹＳビル 2-B","050-3529-6389","https://www.google.com/maps/place/%E5%B0%B1%E5%8A%B4%E7%B6%99%E7%B6%9A%E6%94%AF%E6%8F%B4B%E5%9E%8B%E4%BA%8B%E6%A5%AD%E6%89%80+%E3%83%A9%E3%82%B7%E3%82%AF%E3%83%A9%E3%83%9C%E6%9C%AC%E5%8E%9A%E6%9C%A8/data=!4m7!3m6!1s0x601855a1082a47db:0x33c3fa2d6d957ac3!8m2!3d35.4378431!4d139.3659171!16s%2Fg%2F11z95gy6xm!19sChIJ20cqCKFVGGARw3qVbS36wzM?authuser=0&hl=ja&rclk=1","厚木市","厚木市 販促支援会社"
"株式会社アウル 厚木営業所","https://www.owl-eco.co.jp/","厚木市 妻田西１丁目３０−１","046-297-3321","https://www.google.com/maps/place/%E6%A0%AA%E5%BC%8F%E4%BC%9A%E7%A4%BE%E3%82%A2%E3%82%A6%E3%83%AB+%E5%8E%9A%E6%9C%A8%E5%96%B6%E6%A5%AD%E6%89%80/data=!4m7!3m6!1s0x601901aa458c37e7:0x45270f26ec56267a!8m2!3d35.4589579!4d139.3548026!16s%2Fg%2F11z1snbwhc!19sChIJ5zeMRaoBGWAReiZW7CYPJ0U?authuser=0&hl=ja&rclk=1","厚木市","厚木市 販促支援会社"
"01 Marketing","http://01marketing.co.jp/","厚木市 恩名２丁目２０−７１","046-225-6017","https://www.google.com/maps/place/01+Marketing/data=!4m7!3m6!1s0x6019aaa12cb4414b:0xd0c07d0707b440b5!8m2!3d35.4421674!4d139.3500726!16s%2Fg%2F11vrbqnp7v!19sChIJS0G0LKGqGWARtUC0Bwd9wNA?authuser=0&hl=ja&rclk=1","厚木市","厚木市 プロモーション会社"
"有限会社ラインドック","https://line-dock.com/","厚木市 栄町２丁目２−３０−１０４","","https://www.google.com/maps/place/%E6%9C%89%E9%99%90%E4%BC%9A%E7%A4%BE%E3%83%A9%E3%82%A4%E3%83%B3%E3%83%89%E3%83%83%E3%82%AF/data=!4m7!3m6!1s0x6019abef8e34b479:0xe47d48cdb4cf307!8m2!3d35.4404552!4d139.3565222!16s%2Fg%2F11n7wh6gzk!19sChIJebQ0ju-rGWARB_NM24zURw4?authuser=0&hl=ja&rclk=1","厚木市","厚木市 プロモーション会社"
"株式会社シーエム","http://www.k-cm.co.jp/","厚木市 岡田3201-A シカシン75ビル","046-228-3771","https://www.google.com/maps/place/%EF%BC%88%E6%A0%AA%EF%BC%89%E3%82%B7%E3%83%BC%E3%82%A8%E3%83%A0/data=!4m7!3m6!1s0x6019aad4963a68ed:0xb0c2c9d35024ce4e!8m2!3d35.4175891!4d139.3639928!16s%2Fg%2F1th81_j1!19sChIJ7Wg6ltSqGWARTs4kUNPJwrA?authuser=0&hl=ja&rclk=1","厚木市","厚木市 プロモーション会社"
"株式会社カナオリ","http://kanaori.com/profile/","厚木市 岡田３０８８","046-228-0339","https://www.google.com/maps/place/%E6%A0%AA%E5%BC%8F%E4%BC%9A%E7%A4%BE%E3%82%AB%E3%83%8A%E3%82%AA%E3%83%AA/data=!4m7!3m6!1s0x6019aad20ab56aaf:0x392f02ed4e3ee75a!8m2!3d35.4220657!4d139.3620648!16s%2Fg%2F1tn018vf!19sChIJr2q1CtKqGWARWuc-Tu0CLzk?authuser=0&hl=ja&rclk=1","厚木市","厚木市 プロモーション会社"
"エネプログループ","http://liberta-space.jp/","厚木市 金田７７８−１ アドミール 302","046-205-9021","https://www.google.com/maps/place/%E3%82%A8%E3%83%8D%E3%83%97%E3%83%AD%E3%82%B0%E3%83%AB%E3%83%BC%E3%83%97/data=!4m7!3m6!1s0x6018fffc9bf75f09:0x549400d42ae2006e!8m2!3d35.4606139!4d139.370059!16s%2Fg%2F11vyqcf8tk!19sChIJCV_3m_z_GGARbgDiKtQAlFQ?authuser=0&hl=ja&rclk=1","厚木市","厚木市 プロモーション会社"
"株式会社運送社長支援","https://unsoshien.co.jp/","沼津市 大手町５丁目９−４ さくらビル 3F","03-4500-0723","https://www.google.com/maps/place/%E6%A0%AA%E5%BC%8F%E4%BC%9A%E7%A4%BE%E9%81%8B%E9%80%81%E7%A4%BE%E9%95%B7%E6%94%AF%E6%8F%B4/data=!4m7!3m6!1s0x6019850067f6223f:0x80cca1b958af618e!8m2!3d35.1014222!4d138.8582146!16s%2Fg%2F11wfr31sbm!19sChIJPyL2ZwCFGWARjmGvWLmhzIA?authuser=0&hl=ja&rclk=1","沼津市","沼津市 販促支援会社"
"就労継続支援A型アルケミー","https://alchemy0101.com/","沼津市 旭町４３−４","055-928-7677","https://www.google.com/maps/place/%E5%B0%B1%E5%8A%B4%E7%B6%99%E7%B6%9A%E6%94%AF%E6%8F%B4A%E5%9E%8B%E3%82%A2%E3%83%AB%E3%82%B1%E3%83%9F%E3%83%BC/data=!4m7!3m6!1s0x60198fdede8620ef:0x8d8ef167c74d9c63!8m2!3d35.0923575!4d138.8558547!16s%2Fg%2F11yrnt_k0r!19sChIJ7yCG3t6PGWARY5xNx2fxjo0?authuser=0&hl=ja&rclk=1","沼津市","沼津市 販促支援会社"
"ストライド調査事務所 沼津店","https://stride1115.com/","沼津市 高沢町９−１ 高沢パークヒルズ 207号室","0120-285-597","https://www.google.com/maps/place/%E3%82%B9%E3%83%88%E3%83%A9%E3%82%A4%E3%83%89%E8%AA%BF%E6%9F%BB%E4%BA%8B%E5%8B%99%E6%89%80+%E6%B2%BC%E6%B4%A5%E5%BA%97/data=!4m7!3m6!1s0x601985db460c88ed:0xbff3b828db20b4b0!8m2!3d35.1057227!4d138.8559779!16s%2Fg%2F11z1t1958d!19sChIJ7YgMRtuFGWARsLQg2yi4878?authuser=0&hl=ja&rclk=1","沼津市","沼津市 販促支援会社"
"合同会社ラウト(就労継続支援B型事業所)","https://www.laut.asia/","沼津市 筒井町３−３ 2F","055-922-6551","https://www.google.com/maps/place/%E5%90%88%E5%90%8C%E4%BC%9A%E7%A4%BE%E3%83%A9%E3%82%A6%E3%83%88%28%E5%B0%B1%E5%8A%B4%E7%B6%99%E7%B6%9A%E6%94%AF%E6%8F%B4B%E5%9E%8B%E4%BA%8B%E6%A5%AD%E6%89%80%29/data=!4m7!3m6!1s0x6019853f956c0001:0xf0608fc9adb4318!8m2!3d35.1191712!4d138.8640489!16s%2Fg%2F11g9dw49x1!19sChIJAQBslT-FGWARGEPbmvwIBg8?authuser=0&hl=ja&rclk=1","沼津市","沼津市 販促支援会社"
"浮気調査の『アーネット調査事務所 沼津相談室』","https://arnet8349.com/","沼津市 高沢町９−１ 高沢パークヒルズ 202","0120-638-349","https://www.google.com/maps/place/%E6%B5%AE%E6%B0%97%E8%AA%BF%E6%9F%BB%E3%81%AE%E3%80%8E%E3%82%A2%E3%83%BC%E3%83%8D%E3%83%83%E3%83%88%E8%AA%BF%E6%9F%BB%E4%BA%8B%E5%8B%99%E6%89%80+%E6%B2%BC%E6%B4%A5%E7%9B%B8%E8%AB%87%E5%AE%A4%E3%80%8F/data=!4m7!3m6!1s0x601985bf898280e9:0xfee941c317d05403!8m2!3d35.1057524!4d138.8559502!16s%2Fg%2F11z8gn7mcc!19sChIJ6YCCib-FGWARA1TQF8NB6f4?authuser=0&hl=ja&rclk=1","沼津市","沼津市 販促支援会社"
"KINKO","https://kiitenet.jp/","沼津市 西島町２−１３ ビューフォート 102号","055-932-8001","https://www.google.com/maps/place/KINKO/data=!4m7!3m6!1s0x60198f66b5d9b32b:0xe43bb484ad2ca33f!8m2!3d35.0888506!4d138.8632069!16s%2Fg%2F11px6skdhk!19sChIJK7PZtWaPGWARP6MsrYS0O-Q?authuser=0&hl=ja&rclk=1","沼津市","沼津市 販促支援会社"
"ティンクル","http://npo-tinkle.com/","沼津市 大手町１丁目１−３","055-963-5718","https://www.google.com/maps/place/%E3%83%86%E3%82%A3%E3%83%B3%E3%82%AF%E3%83%AB/data=!4m7!3m6!1s0x6019855e11df11c1:0xc9a3e67ef275872!8m2!3d35.1023198!4d138.8607175!16s%2Fg%2F11b6hy4cpy!19sChIJwRHfEV6FGWARclgn72c-mgw?authuser=0&hl=ja&rclk=1","沼津市","沼津市 販促支援会社"
"株式会社サン・プランナー 沼津オフィス","https://www.sunpla.info/","沼津市 高島本町１６−１６ 高島本町ビル 2F","055-920-5020","https://www.google.com/maps/place/%E6%A0%AA%E5%BC%8F%E4%BC%9A%E7%A4%BE%E3%82%B5%E3%83%B3%E3%83%BB%E3%83%97%E3%83%A9%E3%83%B3%E3%83%8A%E3%83%BC+%E6%B2%BC%E6%B4%A5%E3%82%AA%E3%83%95%E3%82%A3%E3%82%B9/data=!4m7!3m6!1s0x6019859b1c9c3c8b:0x8d3c3378e580ab1a!8m2!3d35.1107857!4d138.8596944!16s%2Fg%2F11h12rdwv5!19sChIJizycHJuFGWARGquA5XgzPI0?authuser=0&hl=ja&rclk=1","沼津市","沼津市 販促支援会社"
"就労移行支援事業所 Apoyo（アポーヨ）富士","http://apoyo.co.jp/","富士市 本市場町８２８ ＴＡＳビル 4階","0545-65-6821","https://www.google.com/maps/place/%E5%B0%B1%E5%8A%B4%E7%A7%BB%E8%A1%8C%E6%94%AF%E6%8F%B4%E4%BA%8B%E6%A5%AD%E6%89%80+Apoyo%EF%BC%88%E3%82%A2%E3%83%9D%E3%83%BC%E3%83%A8%EF%BC%89%E5%AF%8C%E5%A3%AB/data=!4m7!3m6!1s0x601a2b359d855553:0x320075c4003dc712!8m2!3d35.1595155!4d138.6597633!16s%2Fg%2F11hbtzvfzj!19sChIJU1WFnTUrGmAREsc9AMR1ADI?authuser=0&hl=ja&rclk=1","富士市","富士市 販促支援会社"
"富士みらいクリエイション","https://jinzai.fujimirai-creation.com/","富士市 本市場２３２−１ 富士昭和ビル Ⅱ ５０１","0545-67-3400","https://www.google.com/maps/place/%E5%AF%8C%E5%A3%AB%E3%81%BF%E3%82%89%E3%81%84%E3%82%AF%E3%83%AA%E3%82%A8%E3%82%A4%E3%82%B7%E3%83%A7%E3%83%B3/data=!4m7!3m6!1s0x601a2b9fc14d8461:0xfd539f4c7f2af8e1!8m2!3d35.1564327!4d138.6573617!16s%2Fg%2F11fm9ktn71!19sChIJYYRNwZ8rGmAR4fgqf0yfU_0?authuser=0&hl=ja&rclk=1","富士市","富士市 販促支援会社"
"富士市地域産業支援センター（Beパレットふじ）","https://be-palette-fuji.com/","富士市 永田北町３−３ 富士市立中央図書館分館","0545-52-6777","https://www.google.com/maps/place/%E5%AF%8C%E5%A3%AB%E5%B8%82%E5%9C%B0%E5%9F%9F%E7%94%A3%E6%A5%AD%E6%94%AF%E6%8F%B4%E3%82%BB%E3%83%B3%E3%82%BF%E3%83%BC%EF%BC%88Be%E3%83%91%E3%83%AC%E3%83%83%E3%83%88%E3%81%B5%E3%81%98%EF%BC%89/data=!4m7!3m6!1s0x601a2b341e171e93:0x33183221f0085fa9!8m2!3d35.1625823!4d138.6787109!16s%2Fg%2F11r_vjnb2b!19sChIJkx4XHjQrGmARqV8I8CEyGDM?authuser=0&hl=ja&rclk=1","富士市","富士市 販促支援会社"
"就労移行支援・自立訓練(生活訓練)事業所growth","https://tobikiri-space.com/","富士市 永田町１丁目９１ スルガビル 2階","0545-67-2604","https://www.google.com/maps/place/%E5%B0%B1%E5%8A%B4%E7%A7%BB%E8%A1%8C%E6%94%AF%E6%8F%B4%E3%83%BB%E8%87%AA%E7%AB%8B%E8%A8%93%E7%B7%B4%28%E7%94%9F%E6%B4%BB%E8%A8%93%E7%B7%B4%29%E4%BA%8B%E6%A5%AD%E6%89%80growth/data=!4m7!3m6!1s0x601a2bee3dd5d5a7:0xa667d384235d21af!8m2!3d35.162255!4d138.6772075!16s%2Fg%2F11krs_6ymx!19sChIJp9XVPe4rGmARryFdI4TTZ6Y?authuser=0&hl=ja&rclk=1","富士市","富士市 販促支援会社"
"【認定経営革新等支援機関】ふじ経営コンサルティング","https://fuji-mc.jp/keieikanri/","富士市 今泉３７０１−１４","090-9176-3338","https://www.google.com/maps/place/%E3%80%90%E8%AA%8D%E5%AE%9A%E7%B5%8C%E5%96%B6%E9%9D%A9%E6%96%B0%E7%AD%89%E6%94%AF%E6%8F%B4%E6%A9%9F%E9%96%A2%E3%80%91%E3%81%B5%E3%81%98%E7%B5%8C%E5%96%B6%E3%82%B3%E3%83%B3%E3%82%B5%E3%83%AB%E3%83%86%E3%82%A3%E3%83%B3%E3%82%B0/data=!4m7!3m6!1s0x601bd5581b1cbe67:0x76aa208d08c6a5cf!8m2!3d35.1802941!4d138.6884553!16s%2Fg%2F11vrzgx3r8!19sChIJZ74cG1jVG2ARz6XGCI0gqnY?authuser=0&hl=ja&rclk=1","富士市","富士市 販促支援会社"
"アグリプロモーション","https://www.agri-promotion.org/","富士市 大渕767—21","080-3010-4546","https://www.google.com/maps/place/%E3%82%A2%E3%82%B0%E3%83%AA%E3%83%97%E3%83%AD%E3%83%A2%E3%83%BC%E3%82%B7%E3%83%A7%E3%83%B3/data=!4m7!3m6!1s0x601a35c834e3c319:0x9eab057e5523bc43!8m2!3d35.2093713!4d138.70526!16s%2Fg%2F11h4qc0yg6!19sChIJGcPjNMg1GmARQ7wjVX4Fq54?authuser=0&hl=ja&rclk=1","富士市","富士市 プロモーション会社"
"人材プロオフィス㈱ 富士営業所","https://www.jinzai-pro-office.co.jp/company/office/detail.php?id=35","富士市 瓜島町１６４ URIJIMA CROSS 201号室","0545-67-5252","https://www.google.com/maps/place/%E4%BA%BA%E6%9D%90%E3%83%97%E3%83%AD%E3%82%AA%E3%83%95%E3%82%A3%E3%82%B9%E3%88%B1+%E5%AF%8C%E5%A3%AB%E5%96%B6%E6%A5%AD%E6%89%80/data=!4m7!3m6!1s0x601a2bc7e5e9d25b:0x7aef4843892fe713!8m2!3d35.163174!4d138.6752622!16s%2Fg%2F11l23r1pmn!19sChIJW9Lp5ccrGmARE-cviUNI73o?authuser=0&hl=ja&rclk=1","富士市","富士市 プロモーション会社"
"アイ・ブロード","https://www.i-broad.co.jp/","富士市 今泉３３９−１","0120-516-856","https://www.google.com/maps/place/%E3%82%A2%E3%82%A4%E3%83%BB%E3%83%96%E3%83%AD%E3%83%BC%E3%83%89/data=!4m7!3m6!1s0x601a2a93456f914b:0x2f1ba8665b0485a1!8m2!3d35.1546534!4d138.6999894!16s%2Fg%2F11gdt82v8j!19sChIJS5FvRZMqGmARoYUEW2aoGy8?authuser=0&hl=ja&rclk=1","富士市","富士市 プロモーション会社"
"フィルムコミッション富士","https://www.fcfuji.com/","富士市 原田４７８−２１","0545-52-5937","https://www.google.com/maps/place/%E3%83%95%E3%82%A3%E3%83%AB%E3%83%A0%E3%82%B3%E3%83%9F%E3%83%83%E3%82%B7%E3%83%A7%E3%83%B3%E5%AF%8C%E5%A3%AB/data=!4m7!3m6!1s0x601a2abb415d3b83:0xb5913c4f1a1a86d0!8m2!3d35.1689861!4d138.7080358!16s%2Fg%2F12mkvmvgp!19sChIJgztdQbsqGmAR0IYaGk88kbU?authuser=0&hl=ja&rclk=1","富士市","富士市 プロモーション会社"
"合同会社MIS CREATION","https://mis1.net/","富士市 厚原１１４１−１５","","https://www.google.com/maps/place/%E5%90%88%E5%90%8C%E4%BC%9A%E7%A4%BEMIS+CREATION/data=!4m7!3m6!1s0x601bd5c92554798d:0xc51258ba62199f82!8m2!3d35.186756!4d138.6641968!16s%2Fg%2F11xn0pvrrv!19sChIJjXlUJcnVG2ARgp8ZYrpYEsU?authuser=0&hl=ja&rclk=1","富士市","富士市 プロモーション会社"
"イーネットビズ(就労継続支援Ａ型・Ｂ型事業所)","https://www.e-nets.biz/","豊橋市 大村町大ノ前１０１","0532-35-9189","https://www.google.com/maps/place/%E3%82%A4%E3%83%BC%E3%83%8D%E3%83%83%E3%83%88%E3%83%93%E3%82%BA%28%E5%B0%B1%E5%8A%B4%E7%B6%99%E7%B6%9A%E6%94%AF%E6%8F%B4%EF%BC%A1%E5%9E%8B%E3%83%BB%EF%BC%A2%E5%9E%8B%E4%BA%8B%E6%A5%AD%E6%89%80%29/data=!4m7!3m6!1s0x6004cd94ce6c53bf:0x2a8f97ef00362953!8m2!3d34.786444!4d137.390606!16s%2Fg%2F11cmqy_k88!19sChIJv1NszpTNBGARUyk2AO-Xjyo?authuser=0&hl=ja&rclk=1","豊橋市","豊橋市 販促支援会社"
"次世代型メタン発酵システムー豊橋バイオマスソリューションズ","https://toyohashibs.com/","豊橋市 豊栄町東４７９−４","050-3612-7796","https://www.google.com/maps/place/%E6%AC%A1%E4%B8%96%E4%BB%A3%E5%9E%8B%E3%83%A1%E3%82%BF%E3%83%B3%E7%99%BA%E9%85%B5%E3%82%B7%E3%82%B9%E3%83%86%E3%83%A0%E3%83%BC%E8%B1%8A%E6%A9%8B%E3%83%90%E3%82%A4%E3%82%AA%E3%83%9E%E3%82%B9%E3%82%BD%E3%83%AA%E3%83%A5%E3%83%BC%E3%82%B7%E3%83%A7%E3%83%B3%E3%82%BA/data=!4m7!3m6!1s0x6004d56392e7a5a9:0xd235563a2d0132fe!8m2!3d34.7059634!4d137.4339643!16s%2Fg%2F11mlfv53xk!19sChIJqaXnkmPVBGAR_jIBLTpWNdI?authuser=0&hl=ja&rclk=1","豊橋市","豊橋市 販促支援会社"
"あいびっと豊橋","https://ibit2010.com/","豊橋市 東小田原町３７","0532-21-7605","https://www.google.com/maps/place/%E3%81%82%E3%81%84%E3%81%B3%E3%81%A3%E3%81%A8%E8%B1%8A%E6%A9%8B/data=!4m7!3m6!1s0x6004d26d1ddd6f05:0x797f4b6e0fc711a9!8m2!3d34.7596835!4d137.3861861!16s%2Fg%2F11b7svh31t!19sChIJBW_dHW3SBGARqRHHD25Lf3k?authuser=0&hl=ja&rclk=1","豊橋市","豊橋市 販促支援会社"
"有限会社プロスタッフ","http://www.p-s.co.jp/","豊橋市 大国町６","0532-52-8822","https://www.google.com/maps/place/%E6%9C%89%E9%99%90%E4%BC%9A%E7%A4%BE%E3%83%97%E3%83%AD%E3%82%B9%E3%82%BF%E3%83%83%E3%83%95/data=!4m7!3m6!1s0x6004d26d4f0ddad9:0xb76b2d2e891cbf5e!8m2!3d34.761469!4d137.390792!16s%2Fg%2F1w455krt!19sChIJ2doNT23SBGARXr8ciS4ta7c?authuser=0&hl=ja&rclk=1","豊橋市","豊橋市 プロモーション会社"
"シンクロ イノベーション","http://www.synchro-innovation.co.jp/","豊橋市 上野町新上野22番地2","0532-21-9311","https://www.google.com/maps/place/%E3%82%B7%E3%83%B3%E3%82%AF%E3%83%AD+%E3%82%A4%E3%83%8E%E3%83%99%E3%83%BC%E3%82%B7%E3%83%A7%E3%83%B3/data=!4m7!3m6!1s0x6004d3a55468e829:0xad267916163ba2a2!8m2!3d34.7250646!4d137.3912857!16s%2Fg%2F11cp7fk48f!19sChIJKehoVKXTBGARoqI7FhZ5Jq0?authuser=0&hl=ja&rclk=1","豊橋市","豊橋市 プロモーション会社"
"モーションスタイル","http://www.motion-style.com/","豊橋市 前田町１丁目６−８","0532-54-2405","https://www.google.com/maps/place/%E3%83%A2%E3%83%BC%E3%82%B7%E3%83%A7%E3%83%B3%E3%82%B9%E3%82%BF%E3%82%A4%E3%83%AB/data=!4m7!3m6!1s0x6004d26ef398f535:0xeb481ac10dd7a721!8m2!3d34.762092!4d137.396544!16s%2Fg%2F1tjkfrjs!19sChIJNfWY827SBGARIafXDcEaSOs?authuser=0&hl=ja&rclk=1","豊橋市","豊橋市 プロモーション会社"
"とよはしフィルムコミッション","https://toyohashi-fc.com/","豊橋市 松葉町２丁目１０ まちなか活性課 1階","0532-75-8394","https://www.google.com/maps/place/%E3%81%A8%E3%82%88%E3%81%AF%E3%81%97%E3%83%95%E3%82%A3%E3%83%AB%E3%83%A0%E3%82%B3%E3%83%9F%E3%83%83%E3%82%B7%E3%83%A7%E3%83%B3/data=!4m7!3m6!1s0x6004d3006b9b73bb:0x7212fd2dbc96c9db!8m2!3d34.7660355!4d137.3834538!16s%2Fg%2F11wtxgh6pj!19sChIJu3ObawDTBGAR28mWvC39EnI?authuser=0&hl=ja&rclk=1","豊橋市","豊橋市 プロモーション会社"
"株式会社グロップ 豊橋サテライトオフィス","https://700700.jp/","豊橋市 駅前大通３丁目６０ 豊橋イーストビル ４F C号室","0532-26-8113","https://www.google.com/maps/place/%E6%A0%AA%E5%BC%8F%E4%BC%9A%E7%A4%BE%E3%82%B0%E3%83%AD%E3%83%83%E3%83%97+%E8%B1%8A%E6%A9%8B%E3%82%B5%E3%83%86%E3%83%A9%E3%82%A4%E3%83%88%E3%82%AA%E3%83%95%E3%82%A3%E3%82%B9/data=!4m7!3m6!1s0x6004d3010e7e735b:0xbedb7e9f01ac53ec!8m2!3d34.7626188!4d137.3888249!16s%2Fg%2F11q9qdbr01!19sChIJW3N-DgHTBGAR7FOsAZ9-274?authuser=0&hl=ja&rclk=1","豊橋市","豊橋市 プロモーション会社"
"合同会社 Prof","https://prof.co.jp/","岡崎市 康生通東２丁目２２−１","","https://www.google.com/maps/place/%E5%90%88%E5%90%8C%E4%BC%9A%E7%A4%BE+Prof/data=!4m7!3m6!1s0x6004bd3638d20825:0x9d7b12e2b74eadf0!8m2!3d34.958241!4d137.1662932!16s%2Fg%2F11l0s1k5lh!19sChIJJQjSODa9BGAR8K1Ot-ISe50?authuser=0&hl=ja&rclk=1","岡崎市","岡崎市 販促支援会社"
"岡崎ビジネスサポートセンター OKa-Biz（オカビズ）","https://www.oka-biz.net/","岡崎市 康生通西４丁目７１","0564-26-2231","https://www.google.com/maps/place/%E5%B2%A1%E5%B4%8E%E3%83%93%E3%82%B8%E3%83%8D%E3%82%B9%E3%82%B5%E3%83%9D%E3%83%BC%E3%83%88%E3%82%BB%E3%83%B3%E3%82%BF%E3%83%BC+OKa-Biz%EF%BC%88%E3%82%AA%E3%82%AB%E3%83%93%E3%82%BA%EF%BC%89/data=!4m7!3m6!1s0x6004bd34c138afe3:0xb74e4e075b79d0ee!8m2!3d34.959695!4d137.1588129!16s%2Fg%2F1ptvz577l!19sChIJ4684wTS9BGAR7tB5WwdOTrc?authuser=0&hl=ja&rclk=1","岡崎市","岡崎市 販促支援会社"
"㈱シエル（CIEL）","https://www.sa-ciel.com/","一宮市 富士１丁目６−６ アレフ２","0586-26-1775","https://www.google.com/maps/place/%E3%88%B1%E3%82%B7%E3%82%A8%E3%83%AB%EF%BC%88CIEL%EF%BC%89/data=!4m7!3m6!1s0x6003a0b067fd4c29:0x935bb563ade9dab!8m2!3d35.3043148!4d136.813773!16s%2Fg%2F11j8sjqwqt!19sChIJKUz9Z7CgA2ARq53eOla7NQk?authuser=0&hl=ja&rclk=1","一宮市","一宮市 販促支援会社"
"エスファンド - 就労継続支援B型","https://sfund-b.com/","一宮市 せんい２丁目１０−６","0586-85-6497","https://www.google.com/maps/place/%E3%82%A8%E3%82%B9%E3%83%95%E3%82%A1%E3%83%B3%E3%83%89+-+%E5%B0%B1%E5%8A%B4%E7%B6%99%E7%B6%9A%E6%94%AF%E6%8F%B4B%E5%9E%8B/data=!4m7!3m6!1s0x6003a0831dd69b8d:0x12f444b2fef6dcc3!8m2!3d35.2878213!4d136.8226841!16s%2Fg%2F11rv1txg4s!19sChIJjZvWHYOgA2ARw9z2_rJE9BI?authuser=0&hl=ja&rclk=1","一宮市","一宮市 販促支援会社"
"就労継続支援B型 ロクザン","https://lian-rokuzan.com/","一宮市 あずら１丁目３−１１","0586-82-2889","https://www.google.com/maps/place/%E5%B0%B1%E5%8A%B4%E7%B6%99%E7%B6%9A%E6%94%AF%E6%8F%B4B%E5%9E%8B+%E3%83%AD%E3%82%AF%E3%82%B6%E3%83%B3/data=!4m7!3m6!1s0x6003a0821f66f649:0x23d4c9ae3c6e0e48!8m2!3d35.285594!4d136.8240911!16s%2Fg%2F11pz0kvhmd!19sChIJSfZmH4KgA2ARSA5uPK7J1CM?authuser=0&hl=ja&rclk=1","一宮市","一宮市 販促支援会社"
"おりすと福祉会（社会福祉法人）おりすと作業所 就労継続支援B型事業所","http://www.orisuto-fukusikai.com/","一宮市 大和町氏永三反割２５","0586-44-1288","https://www.google.com/maps/place/%E3%81%8A%E3%82%8A%E3%81%99%E3%81%A8%E7%A6%8F%E7%A5%89%E4%BC%9A%EF%BC%88%E7%A4%BE%E4%BC%9A%E7%A6%8F%E7%A5%89%E6%B3%95%E4%BA%BA%EF%BC%89%E3%81%8A%E3%82%8A%E3%81%99%E3%81%A8%E4%BD%9C%E6%A5%AD%E6%89%80+%E5%B0%B1%E5%8A%B4%E7%B6%99%E7%B6%9A%E6%94%AF%E6%8F%B4B%E5%9E%8B%E4%BA%8B%E6%A5%AD%E6%89%80/data=!4m7!3m6!1s0x6003a0f22ff8ad2f:0xa5165bbd548526d2!8m2!3d35.2782709!4d136.801651!16s%2Fg%2F1tcy47bt!19sChIJL634L_KgA2AR0iaFVL1bFqU?authuser=0&hl=ja&rclk=1","一宮市","一宮市 販促支援会社"
"株式会社ストライヴ・プロモーション","https://strivepromotion.com/","一宮市 御供所２丁目５４","0587-50-8200","https://www.google.com/maps/place/%E6%A0%AA%E5%BC%8F%E4%BC%9A%E7%A4%BE%E3%82%B9%E3%83%88%E3%83%A9%E3%82%A4%E3%83%B4%E3%83%BB%E3%83%97%E3%83%AD%E3%83%A2%E3%83%BC%E3%82%B7%E3%83%A7%E3%83%B3/data=!4m7!3m6!1s0x60030b3bfa54fe39:0xe3e750474f76080d!8m2!3d35.3135433!4d136.8860941!16s%2Fg%2F11hdsxy0q5!19sChIJOf5U-jsLA2ARDQh2T0dQ5-M?authuser=0&hl=ja&rclk=1","一宮市","一宮市 プロモーション会社"
"アスピレーション株式会社","https://aspiration0721.com/","一宮市 大和町氏永仲林１４０−１ 一宮地方総合卸売市場内","0586-85-6229","https://www.google.com/maps/place/%E3%82%A2%E3%82%B9%E3%83%94%E3%83%AC%E3%83%BC%E3%82%B7%E3%83%A7%E3%83%B3%E6%A0%AA%E5%BC%8F%E4%BC%9A%E7%A4%BE/data=!4m7!3m6!1s0x6003a0f4b2f5fcd5:0xd1d69716d7783737!8m2!3d35.2772525!4d136.8058961!16s%2Fg%2F11btrs0btf!19sChIJ1fz1svSgA2ARNzd41xaX1tE?authuser=0&hl=ja&rclk=1","一宮市","一宮市 プロモーション会社"
"㈱H4","https://www.h-4.jp/","一宮市 森本４丁目１３−８","0586-48-5324","https://www.google.com/maps/place/%E3%88%B1H4/data=!4m7!3m6!1s0x6003a18ac540065f:0x7c2b9e9db911e021!8m2!3d35.2875406!4d136.8171963!16s%2Fg%2F11f7r4d0v7!19sChIJXwZAxYqhA2ARIeARuZ2eK3w?authuser=0&hl=ja&rclk=1","一宮市","一宮市 プロモーション会社"
"合同会社レゴリス","https://regorisu.jp/","一宮市 大江３丁目１２−９ OSスカイビル 201号","0586-52-6346","https://www.google.com/maps/place/%E5%90%88%E5%90%8C%E4%BC%9A%E7%A4%BE%E3%83%AC%E3%82%B4%E3%83%AA%E3%82%B9/data=!4m7!3m6!1s0x6003a140ad0d60f5:0xf62649055f34e33d!8m2!3d35.3016695!4d136.8036635!16s%2Fg%2F11swzhff2t!19sChIJ9WANrUChA2ARPeM0XwVJJvY?authuser=0&hl=ja&rclk=1","一宮市","一宮市 プロモーション会社"
"㈱ワールドアライブ","http://world-alive.co.jp/","一宮市 猿海道３丁目１","0586-64-8169","https://www.google.com/maps/place/%E3%88%B1%E3%83%AF%E3%83%BC%E3%83%AB%E3%83%89%E3%82%A2%E3%83%A9%E3%82%A4%E3%83%96/data=!4m7!3m6!1s0x6003a0858e315557:0x6cc3993af05071b!8m2!3d35.2834004!4d136.8161548!16s%2Fg%2F11fkcz90d4!19sChIJV1UxjoWgA2ARGwcFr5M5zAY?authuser=0&hl=ja&rclk=1","一宮市","一宮市 プロモーション会社"
"ハジメ産業㈱","http://www.hajime-industry.jp/","一宮市 丹陽町九日市場上田２６−４","0586-77-8831","https://www.google.com/maps/place/%E3%83%8F%E3%82%B8%E3%83%A1%E7%94%A3%E6%A5%AD%E3%88%B1/data=!4m7!3m6!1s0x60030a990626d93b:0xf52fcaf43af832e4!8m2!3d35.2695466!4d136.8324325!16s%2Fg%2F1vgw8jyf!19sChIJO9kmBpkKA2AR5DL4OvTKL_U?authuser=0&hl=ja&rclk=1","一宮市","一宮市 プロモーション会社"
"捲春","https://makiharu.co.jp/","一宮市 萩原町萩原高畑６","0586-68-7300","https://www.google.com/maps/place/%E6%8D%B2%E6%98%A5/data=!4m7!3m6!1s0x6003a1528aa2f20b:0xa27a9976379224f5!8m2!3d35.2845378!4d136.7563937!16s%2Fg%2F1wf21t4b!19sChIJC_KiilKhA2AR9SSSN3aZeqI?authuser=0&hl=ja&rclk=1","一宮市","一宮市 プロモーション会社"
"探偵法務’s三重四日市","https://uwaki-yokkaichi.com/","四日市市 鵜の森２丁目１０−２ 三幸ビル ２A号","0120-422-046","https://www.google.com/maps/place/%E6%8E%A2%E5%81%B5%E6%B3%95%E5%8B%99%E2%80%99s%E4%B8%89%E9%87%8D%E5%9B%9B%E6%97%A5%E5%B8%82/data=!4m7!3m6!1s0x60038f01f8190f99:0xcba36426017ca0f0!8m2!3d34.9656894!4d136.6125439!16s%2Fg%2F11z5y41dl7!19sChIJmQ8Z-AGPA2AR8KB8ASZko8s?authuser=0&hl=ja&rclk=1","四日市市","四日市市 販促支援会社"
"司グループ株式会社 四日市営業所","https://tsukasagroup92.co.jp/","四日市市 西伊倉町１−１０","053-935-8016","https://www.google.com/maps/place/%E5%8F%B8%E3%82%B0%E3%83%AB%E3%83%BC%E3%83%97%E6%A0%AA%E5%BC%8F%E4%BC%9A%E7%A4%BE+%E5%9B%9B%E6%97%A5%E5%B8%82%E5%96%B6%E6%A5%AD%E6%89%80/data=!4m7!3m6!1s0x60038f0015854e29:0x656d83706ec2d850!8m2!3d34.9757447!4d136.603!16s%2Fg%2F11n439skgp!19sChIJKU6FFQCPA2ARUNjCbnCDbWU?authuser=0&hl=ja&rclk=1","四日市市","四日市市 販促支援会社"
"株式会社 四日市事務機センター ネットワークトップアシスト株式会社 株式会社クラウドエム","https://www.yj-c.co.jp/","四日市市 日永西２丁目１８−７ 18番地7号","059-346-5411","https://www.google.com/maps/place/%E6%A0%AA%E5%BC%8F%E4%BC%9A%E7%A4%BE+%E5%9B%9B%E6%97%A5%E5%B8%82%E4%BA%8B%E5%8B%99%E6%A9%9F%E3%82%BB%E3%83%B3%E3%82%BF%E3%83%BC+%E3%83%8D%E3%83%83%E3%83%88%E3%83%AF%E3%83%BC%E3%82%AF%E3%83%88%E3%83%83%E3%83%97%E3%82%A2%E3%82%B7%E3%82%B9%E3%83%88%E6%A0%AA%E5%BC%8F%E4%BC%9A%E7%A4%BE+%E6%A0%AA%E5%BC%8F%E4%BC%9A%E7%A4%BE%E3%82%AF%E3%83%A9%E3%82%A6%E3%83%89%E3%82%A8%E3%83%A0/data=!4m7!3m6!1s0x60038e9c36da03c1:0x905f599231bc3f!8m2!3d34.9520732!4d136.5961572!16s%2Fg%2F1tgk0ksz!19sChIJwQPaNpyOA2ARP7wxkllfkAA?authuser=0&hl=ja&rclk=1","四日市市","四日市市 販促支援会社"
"就労移行支援 ・就職支援・ 就労定着支援・障碍者ＩＴカレッジ四日市","https://npo-it.org/","四日市市 中浜田町３−２８ 大進ビル","059-350-1791","https://www.google.com/maps/place/%E5%B0%B1%E5%8A%B4%E7%A7%BB%E8%A1%8C%E6%94%AF%E6%8F%B4+%E3%83%BB%E5%B0%B1%E8%81%B7%E6%94%AF%E6%8F%B4%E3%83%BB+%E5%B0%B1%E5%8A%B4%E5%AE%9A%E7%9D%80%E6%94%AF%E6%8F%B4%E3%83%BB%E9%9A%9C%E7%A2%8D%E8%80%85%EF%BC%A9%EF%BC%B4%E3%82%AB%E3%83%AC%E3%83%83%E3%82%B8%E5%9B%9B%E6%97%A5%E5%B8%82/data=!4m7!3m6!1s0x60038ee4201c4895:0x5d632fc8fc434614!8m2!3d34.9625198!4d136.6187315!16s%2Fg%2F11r8nbq7p!19sChIJlUgcIOSOA2ARFEZD_MgvY10?authuser=0&hl=ja&rclk=1","四日市市","四日市市 販促支援会社"
"有限会社MARIBON","http://maribon.co.jp/","四日市市 波木町２１８−３","059-344-0150","https://www.google.com/maps/place/%E6%9C%89%E9%99%90%E4%BC%9A%E7%A4%BEMARIBON/data=!4m7!3m6!1s0x60038d38333517fd:0x1f8c31f2973457c5!8m2!3d34.9392404!4d136.5758488!16s%2Fg%2F11jd7sv_zd!19sChIJ_Rc1MziNA2ARxVc0l_IxjB8?authuser=0&hl=ja&rclk=1","四日市市","四日市市 プロモーション会社"
"株式会社サンマウスプラス 本社","https://sunmp.jp/","四日市市 西新地１４−１ 太平洋四日市ビル ５Ｆ","059-354-0505","https://www.google.com/maps/place/%E6%A0%AA%E5%BC%8F%E4%BC%9A%E7%A4%BE%E3%82%B5%E3%83%B3%E3%83%9E%E3%82%A6%E3%82%B9%E3%83%97%E3%83%A9%E3%82%B9+%E6%9C%AC%E7%A4%BE/data=!4m7!3m6!1s0x60038e64ffc33825:0x8074474857ba3b8b!8m2!3d34.9703758!4d136.6207448!16s%2Fg%2F1hc22456w!19sChIJJTjD_2SOA2ARizu6V0hHdIA?authuser=0&hl=ja&rclk=1","四日市市","四日市市 プロモーション会社"
"四日市市シティプロモーション部 観光交流課","https://www.city.yokkaichi.lg.jp/www/job/1480072590401/index.html","四日市市 諏訪町１−５","059-354-8176","https://www.google.com/maps/place/%E5%9B%9B%E6%97%A5%E5%B8%82%E5%B8%82%E3%82%B7%E3%83%86%E3%82%A3%E3%83%97%E3%83%AD%E3%83%A2%E3%83%BC%E3%82%B7%E3%83%A7%E3%83%B3%E9%83%A8+%E8%A6%B3%E5%85%89%E4%BA%A4%E6%B5%81%E8%AA%B2/data=!4m7!3m6!1s0x60038f0030c4c629:0x442b0d475145ed73!8m2!3d34.9648844!4d136.6243242!16s%2Fg%2F11vsp0k9zx!19sChIJKcbEMACPA2ARc-1FUUcNK0Q?authuser=0&hl=ja&rclk=1","四日市市","四日市市 プロモーション会社"
"四日市印刷工業","http://www.yp-pack.jp/","四日市市 本郷町２−１","059-331-2111","https://www.google.com/maps/place/%E5%9B%9B%E6%97%A5%E5%B8%82%E5%8D%B0%E5%88%B7%E5%B7%A5%E6%A5%AD/data=!4m7!3m6!1s0x60038e57f2c2497d:0xb940827bfe91a36f!8m2!3d34.9775438!4d136.6226737!16s%2Fg%2F11btm7z0mb!19sChIJfUnC8leOA2ARb6OR_nuCQLk?authuser=0&hl=ja&rclk=1","四日市市","四日市市 プロモーション会社"
"トータルアシストプラン株式会社","https://tap-s.com/","四日市市 富州原町１０−６","059-361-1616","https://www.google.com/maps/place/%E3%83%88%E3%83%BC%E3%82%BF%E3%83%AB%E3%82%A2%E3%82%B7%E3%82%B9%E3%83%88%E3%83%97%E3%83%A9%E3%83%B3%E6%A0%AA%E5%BC%8F%E4%BC%9A%E7%A4%BE/data=!4m7!3m6!1s0x60038fecdaa9ccb9:0x63405e3f26f732bd!8m2!3d35.0105523!4d136.657896!16s%2Fg%2F1tct8nkm!19sChIJucyp2uyPA2ARvTL3Jj9eQGM?authuser=0&hl=ja&rclk=1","四日市市","四日市市 プロモーション会社"
"株式会社ぽりに","http://porini.co.jp/","大津市 浜町２−４９ 奥田テナント ２","077-527-0303","https://www.google.com/maps/place/%E6%A0%AA%E5%BC%8F%E4%BC%9A%E7%A4%BE%E3%81%BD%E3%82%8A%E3%81%AB/data=!4m7!3m6!1s0x60010cf45b63aaab:0xcaa3787eb91b6197!8m2!3d35.0101261!4d135.8691976!16s%2Fg%2F11hzjv9396!19sChIJq6pjW_QMAWARl2EbuX54o8o?authuser=0&hl=ja&rclk=1","大津市","大津市 販促支援会社"
"株式会社アルファス","https://alphace.co.jp/","大津市 梅林１丁目３−２４ 2階","077-524-2008","https://www.google.com/maps/place/%E6%A0%AA%E5%BC%8F%E4%BC%9A%E7%A4%BE%E3%82%A2%E3%83%AB%E3%83%95%E3%82%A1%E3%82%B9/data=!4m7!3m6!1s0x60010cf7423548a5:0x3ea185a297f96e16!8m2!3d35.0037158!4d135.8658841!16s%2Fg%2F1tf31932!19sChIJpUg1QvcMAWARFm75l6KFoT4?authuser=0&hl=ja&rclk=1","大津市","大津市 販促支援会社"
"セレンディップ","https://www.reknit-serendip.org/","大津市 晴嵐１丁目８−１","077-531-1786","https://www.google.com/maps/place/%E3%82%BB%E3%83%AC%E3%83%B3%E3%83%87%E3%82%A3%E3%83%83%E3%83%97/data=!4m7!3m6!1s0x60010d530de5c639:0xff8690b06e544d61!8m2!3d34.9802028!4d135.902138!16s%2Fg%2F11d_9g22m1!19sChIJOcblDVMNAWARYU1UbrCQhv8?authuser=0&hl=ja&rclk=1","大津市","大津市 販促支援会社"
"特定非営利活動法人ＡＬＳしがネット 居宅介護支援事業所もも","https://als-shiga.net/","大津市 浜大津３丁目２−３１","077-535-0055","https://www.google.com/maps/place/%E7%89%B9%E5%AE%9A%E9%9D%9E%E5%96%B6%E5%88%A9%E6%B4%BB%E5%8B%95%E6%B3%95%E4%BA%BA%EF%BC%A1%EF%BC%AC%EF%BC%B3%E3%81%97%E3%81%8C%E3%83%8D%E3%83%83%E3%83%88+%E5%B1%85%E5%AE%85%E4%BB%8B%E8%AD%B7%E6%94%AF%E6%8F%B4%E4%BA%8B%E6%A5%AD%E6%89%80%E3%82%82%E3%82%82/data=!4m7!3m6!1s0x60010c66956fe48b:0x11d70480b7b9b1c0!8m2!3d35.0119909!4d135.8599934!16s%2Fg%2F11c75mms90!19sChIJi-RvlWYMAWARwLG5t4AE1xE?authuser=0&hl=ja&rclk=1","大津市","大津市 販促支援会社"
"株式会社スタンディング・オン","https://kso-de.com/","大津市 大萱１丁目１８−１４ 本郷ビル 2F","077-543-4106","https://www.google.com/maps/place/%E6%A0%AA%E5%BC%8F%E4%BC%9A%E7%A4%BE%E3%82%B9%E3%82%BF%E3%83%B3%E3%83%87%E3%82%A3%E3%83%B3%E3%82%B0%E3%83%BB%E3%82%AA%E3%83%B3/data=!4m7!3m6!1s0x6001729e6717d25f:0xce70caa14ef0b477!8m2!3d34.9874452!4d135.9266819!16s%2Fg%2F1tdqtfzd!19sChIJX9IXZ55yAWARd7TwTqHKcM4?authuser=0&hl=ja&rclk=1","大津市","大津市 プロモーション会社"
"アネモスコンサルティング","https://anemos.my.canva.site/dagy3ieh9ly","大津市 月輪４丁目２１−２２","090-7874-8241","https://www.google.com/maps/place/%E3%82%A2%E3%83%8D%E3%83%A2%E3%82%B9%E3%82%B3%E3%83%B3%E3%82%B5%E3%83%AB%E3%83%86%E3%82%A3%E3%83%B3%E3%82%B0/data=!4m7!3m6!1s0x60016d4926959669:0x1426975fd9c998e7!8m2!3d34.982286!4d135.9434163!16s%2Fg%2F11k58q0rhl!19sChIJaZaVJkltAWAR55jJ2V-XJhQ?authuser=0&hl=ja&rclk=1","大津市","大津市 プロモーション会社"
"株式会社オフィスクラウド","http://08cloud.com/","大津市 穴太３丁目１５−２","090-4284-8062","https://www.google.com/maps/place/%28%E6%A0%AA%29%E3%82%AA%E3%83%95%E3%82%A3%E3%82%B9%E3%82%AF%E3%83%A9%E3%82%A6%E3%83%89/data=!4m7!3m6!1s0x60010ba94e715557:0x3fe0493b1d869a01!8m2!3d35.0575424!4d135.8615259!16s%2Fg%2F11f12_mcd2!19sChIJV1VxTqkLAWARAZqGHTtJ4D8?authuser=0&hl=ja&rclk=1","大津市","大津市 プロモーション会社"
"K2 Video Factory","https://k2vf.biz/","大津市 中央１丁目２","077-523-5571","https://www.google.com/maps/place/K2+Video+Factory/data=!4m7!3m6!1s0x60010c5f1aa6b307:0x7ae621558981a60f!8m2!3d35.0076719!4d135.8641594!16s%2Fg%2F11q9_nzbnv!19sChIJB7OmGl8MAWARD6aBiVUh5no?authuser=0&hl=ja&rclk=1","大津市","大津市 プロモーション会社"
"株式会社 BeViBi OTSU","https://bevibi.jp/","大津市 粟津町１１−１２ ユーストンビル 2F","090-3948-1074","https://www.google.com/maps/place/%E6%A0%AA%E5%BC%8F%E4%BC%9A%E7%A4%BE+BeViBi+OTSU/data=!4m7!3m6!1s0x60010d53e8615555:0x1e4f02dd48b8ac2b!8m2!3d34.9788025!4d135.8998647!16s%2Fg%2F11qzzw9wl3!19sChIJVVVh6FMNAWARK6y4SN0CTx4?authuser=0&hl=ja&rclk=1","大津市","大津市 プロモーション会社"
"リ・プロダクツ㈱","https://www.re-products.co.jp/","大津市 浜町１−１−６ 株式会社","077-525-9111","https://www.google.com/maps/place/%E3%83%AA%E3%83%BB%E3%83%97%E3%83%AD%E3%83%80%E3%82%AF%E3%83%84%E3%88%B1/data=!4m7!3m6!1s0x60010c5f8c2d577b:0xa734c484decd22cd!8m2!3d35.0097559!4d135.8655293!16s%2Fg%2F1tfgp95w!19sChIJe1ctjF8MAWARzSLN3oTENKc?authuser=0&hl=ja&rclk=1","大津市","大津市 プロモーション会社"
"株式会社積想","https://seki-so.co.jp/","大津市 ６","077-575-3135","https://www.google.com/maps/place/%E6%A0%AA%E5%BC%8F%E4%BC%9A%E7%A4%BE%E7%A9%8D%E6%83%B3/data=!4m7!3m6!1s0x60010b1df1814743:0x23c14e4efbeca63a!8m2!3d35.0287153!4d135.8528944!16s%2Fg%2F11smscqpmk!19sChIJQ0eB8R0LAWAROqbs-05OwSM?authuser=0&hl=ja&rclk=1","大津市","大津市 プロモーション会社"
"就労継続支援A型事業所 テックエキスパート","http://techexpert.jp/index.html","高槻市 上田辺町１−３０ 大阪住宅上田辺ビル 5階","072-681-0122","https://www.google.com/maps/place/%E5%B0%B1%E5%8A%B4%E7%B6%99%E7%B6%9A%E6%94%AF%E6%8F%B4A%E5%9E%8B%E4%BA%8B%E6%A5%AD%E6%89%80+%E3%83%86%E3%83%83%E3%82%AF%E3%82%A8%E3%82%AD%E3%82%B9%E3%83%91%E3%83%BC%E3%83%88/data=!4m7!3m6!1s0x600103b741a0d6c7:0xa0fa682801484fbe!8m2!3d34.8505817!4d135.6164096!16s%2Fg%2F11sffp5lkx!19sChIJx9agQbcDAWARvk9IASho-qA?authuser=0&hl=ja&rclk=1","高槻市","高槻市 販促支援会社"
"折元コンサルティングファーム","https://orimoto.xyz/","高槻市 松原町２−６ 英和ビル ２階","072-673-3939","https://www.google.com/maps/place/%E6%8A%98%E5%85%83%E3%82%B3%E3%83%B3%E3%82%B5%E3%83%AB%E3%83%86%E3%82%A3%E3%83%B3%E3%82%B0%E3%83%95%E3%82%A1%E3%83%BC%E3%83%A0/data=!4m7!3m6!1s0x600103796aacd6ff:0x446e04d9dde9dd6f!8m2!3d34.8502751!4d135.6269015!16s%2Fg%2F11pxp0_0zh!19sChIJ_9asankDAWARb93p3dkEbkQ?authuser=0&hl=ja&rclk=1","高槻市","高槻市 販促支援会社"
"株式会社トラベーション 本社","https://travation.co.jp/","高槻市 日吉台二番町１０−５","","https://www.google.com/maps/place/%EF%BC%88%E6%A0%AA%EF%BC%89%E3%83%88%E3%83%A9%E3%83%99%E3%83%BC%E3%82%B7%E3%83%A7%E3%83%B3+%E6%9C%AC%E7%A4%BE/data=!4m7!3m6!1s0x60010300185ac137:0x60979cb02e0e58d4!8m2!3d34.8727056!4d135.6132346!16s%2Fg%2F11wnd_qh9n!19sChIJN8FaGAADAWAR1FgOLrCcl2A?authuser=0&hl=ja&rclk=1","高槻市","高槻市 プロモーション会社"
"株式会社サクソン","http://www.saxonz.com/","高槻市 城北町１丁目４−２６ 102","072-672-7511","https://www.google.com/maps/place/%E6%A0%AA%E5%BC%8F%E4%BC%9A%E7%A4%BE%E3%82%B5%E3%82%AF%E3%82%BD%E3%83%B3/data=!4m7!3m6!1s0x600102caf1a5b419:0x2b7aa5692ee541de!8m2!3d34.8477796!4d135.6211923!16s%2Fg%2F1vzqs4hz!19sChIJGbSl8coCAWAR3kHlLmmleis?authuser=0&hl=ja&rclk=1","高槻市","高槻市 プロモーション会社"
"株式会社 モダンパラダイス","http://www.modern-paradise.co.jp/","高槻市 芥川町２丁目１４−７ ロイヤル高槻 3F","072-686-5568","https://www.google.com/maps/place/%E6%A0%AA%E5%BC%8F%E4%BC%9A%E7%A4%BE+%E3%83%A2%E3%83%80%E3%83%B3%E3%83%91%E3%83%A9%E3%83%80%E3%82%A4%E3%82%B9/data=!4m7!3m6!1s0x600102b9f0bf23b7:0xa6cc6cc6f8b497d8!8m2!3d34.8527773!4d135.6152336!16s%2Fg%2F1tj899_0!19sChIJtyO_8LkCAWAR2Je0-MZszKY?authuser=0&hl=ja&rclk=1","高槻市","高槻市 プロモーション会社"
"ティープロモーション株式会社 本社","https://kawachi-posting.com/","高槻市 高柳１丁目４−１４","0120-812-083","https://www.google.com/maps/place/%E3%83%86%E3%82%A3%E3%83%BC%E3%83%97%E3%83%AD%E3%83%A2%E3%83%BC%E3%82%B7%E3%83%A7%E3%83%B3%28%E6%A0%AA%29+%E6%9C%AC%E7%A4%BE/data=!4m7!3m6!1s0x6000e708664c45cd:0xf0288b90944e8a46!8m2!3d34.764693!4d135.6110183!16s%2Fg%2F1tkq_4d6!19sChIJzUVMZgjnAGARRopOlJCLKPA?authuser=0&hl=ja&rclk=1","高槻市","高槻市 プロモーション会社"
"株式会社bitset","https://bitset.jp/","高槻市 芥川町２丁目１４−７ ロイヤル高槻 2F","050-7119-2899","https://www.google.com/maps/place/%E6%A0%AA%E5%BC%8F%E4%BC%9A%E7%A4%BEbitset/data=!4m7!3m6!1s0x600102c98053d0e1:0x562c5c9e3157e4f0!8m2!3d34.8527924!4d135.6152328!16s%2Fg%2F11d_7vctb3!19sChIJ4dBTgMkCAWAR8ORXMZ5cLFY?authuser=0&hl=ja&rclk=1","高槻市","高槻市 プロモーション会社"
"就労移行支援事業所、就労継続支援B型スマイルプラス","https://www.t-s-corporation.jp/business/smile/","東大阪市 小阪２丁目５−１０ BFレジデンス小阪2F","06-6753-8683","https://www.google.com/maps/place/%E5%B0%B1%E5%8A%B4%E7%A7%BB%E8%A1%8C%E6%94%AF%E6%8F%B4%E4%BA%8B%E6%A5%AD%E6%89%80%E3%80%81%E5%B0%B1%E5%8A%B4%E7%B6%99%E7%B6%9A%E6%94%AF%E6%8F%B4B%E5%9E%8B%E3%82%B9%E3%83%9E%E3%82%A4%E3%83%AB%E3%83%97%E3%83%A9%E3%82%B9/data=!4m7!3m6!1s0x6000df942708367d:0x8c4f1299f1eb912f!8m2!3d34.6648633!4d135.5849305!16s%2Fg%2F11hbtfx5n2!19sChIJfTYIJ5TfAGARL5Hr8ZkST4w?authuser=0&hl=ja&rclk=1","東大阪市","東大阪市 販促支援会社"
"株式会社 フリー","https://fusefree.com/","東大阪市 長堂１丁目２−２０ 陣内興産ビル ３Ｆ","06-6753-8111","https://www.google.com/maps/place/%E6%A0%AA%E5%BC%8F%E4%BC%9A%E7%A4%BE+%E3%83%95%E3%83%AA%E3%83%BC/data=!4m7!3m6!1s0x6000df8cf1944ba3:0xd7bce036e85e01e1!8m2!3d34.6646122!4d135.5624785!16s%2Fg%2F11q2p0gbmq!19sChIJo0uU8YzfAGAR4QFe6DbgvNc?authuser=0&hl=ja&rclk=1","東大阪市","東大阪市 販促支援会社"
"アプレンド（自立訓練（生活訓練）・就労定着支援事業）","https://www.kosaka-ten.or.jp/aprendo.php","東大阪市 永和２丁目８−２ ブランチ永和","06-7639-1401","https://www.google.com/maps/place/%E3%82%A2%E3%83%97%E3%83%AC%E3%83%B3%E3%83%89%EF%BC%88%E8%87%AA%E7%AB%8B%E8%A8%93%E7%B7%B4%EF%BC%88%E7%94%9F%E6%B4%BB%E8%A8%93%E7%B7%B4%EF%BC%89%E3%83%BB%E5%B0%B1%E5%8A%B4%E5%AE%9A%E7%9D%80%E6%94%AF%E6%8F%B4%E4%BA%8B%E6%A5%AD%EF%BC%89/data=!4m7!3m6!1s0x6000df1fc48d1a5d:0x8a045cc032a783da!8m2!3d34.6616215!4d135.574192!16s%2Fg%2F11rfqcnd93!19sChIJXRqNxB_fAGAR2oOnMsBcBIo?authuser=0&hl=ja&rclk=1","東大阪市","東大阪市 販促支援会社"
"障がい者就労継続支援B型事業所 アルファステップ","http://www.sora-osaka.jp/","東大阪市 若江東町６丁目９−４７ 2F","06-6753-7398","https://www.google.com/maps/place/%E9%9A%9C%E3%81%8C%E3%81%84%E8%80%85%E5%B0%B1%E5%8A%B4%E7%B6%99%E7%B6%9A%E6%94%AF%E6%8F%B4B%E5%9E%8B%E4%BA%8B%E6%A5%AD%E6%89%80+%E3%82%A2%E3%83%AB%E3%83%95%E3%82%A1%E3%82%B9%E3%83%86%E3%83%83%E3%83%97/data=!4m7!3m6!1s0x60012103bb6307a7:0x31a0c6edd87e47db!8m2!3d34.65308!4d135.6071976!16s%2Fg%2F11j6hk2vth!19sChIJpwdjuwMhAWAR20d-2O3GoDE?authuser=0&hl=ja&rclk=1","東大阪市","東大阪市 販促支援会社"
"株式会社カワキタ","https://www.k-kawakita.com/","東大阪市 荒川２丁目４−６","06-6723-0002","https://www.google.com/maps/place/%E6%A0%AA%E5%BC%8F%E4%BC%9A%E7%A4%BE%E3%82%AB%E3%83%AF%E3%82%AD%E3%82%BF/data=!4m7!3m6!1s0x6000dfb651257205:0x7c0f2e0afa8f89b2!8m2!3d34.660292!4d135.5696045!16s%2Fg%2F11b6d0lhcr!19sChIJBXIlUbbfAGARsomP-gouD3w?authuser=0&hl=ja&rclk=1","東大阪市","東大阪市 販促支援会社"
"株式会社ジョイサウンドプロモーション","http://www.joysoundpro.co.jp/","東大阪市 長田中１丁目５−２","06-6618-3676","https://www.google.com/maps/place/%EF%BC%88%E6%A0%AA%EF%BC%89%E3%82%B8%E3%83%A7%E3%82%A4%E3%82%B5%E3%82%A6%E3%83%B3%E3%83%89%E3%83%97%E3%83%AD%E3%83%A2%E3%83%BC%E3%82%B7%E3%83%A7%E3%83%B3/data=!4m7!3m6!1s0x6000dfee3c7c5839:0x8aaa8b524e884445!8m2!3d34.67758!4d135.5905086!16s%2Fg%2F1tph1m8f!19sChIJOVh8PO7fAGARRUSITlKLqoo?authuser=0&hl=ja&rclk=1","東大阪市","東大阪市 プロモーション会社"
"ものづくりビジネスセンター大阪（MOBIO)","https://m-osaka.com/","東大阪市 荒本北１丁目４−１７","06-6748-1011","https://www.google.com/maps/place/%E3%82%82%E3%81%AE%E3%81%A5%E3%81%8F%E3%82%8A%E3%83%93%E3%82%B8%E3%83%8D%E3%82%B9%E3%82%BB%E3%83%B3%E3%82%BF%E3%83%BC%E5%A4%A7%E9%98%AA%EF%BC%88MOBIO%29/data=!4m7!3m6!1s0x6000dff5c4a90b01:0x6b49655a1058e0dc!8m2!3d34.6795949!4d135.5995682!16s%2Fg%2F11r9rxnpy!19sChIJAQupxPXfAGAR3OBYEFplSWs?authuser=0&hl=ja&rclk=1","東大阪市","東大阪市 プロモーション会社"
"株式会社ギミクスプロダクション","http://gimmicks-pro.com/","東大阪市 長田中５丁目４−２３","06-4309-2221","https://www.google.com/maps/place/%E6%A0%AA%E5%BC%8F%E4%BC%9A%E7%A4%BE%E3%82%AE%E3%83%9F%E3%82%AF%E3%82%B9%E3%83%97%E3%83%AD%E3%83%80%E3%82%AF%E3%82%B7%E3%83%A7%E3%83%B3/data=!4m7!3m6!1s0x6000dffb310b00cf:0x9a3205b1b3821271!8m2!3d34.684129!4d135.5916363!16s%2Fg%2F1tl_llq0!19sChIJzwALMfvfAGARcRKCs7EFMpo?authuser=0&hl=ja&rclk=1","東大阪市","東大阪市 プロモーション会社"
"コシオカ産業 株式会社","https://www.koshioka.co.jp/","東大阪市 近江堂２丁目２−１７","","https://www.google.com/maps/place/%E3%82%B3%E3%82%B7%E3%82%AA%E3%82%AB%E7%94%A3%E6%A5%AD+%E6%A0%AA%E5%BC%8F%E4%BC%9A%E7%A4%BE/data=!4m7!3m6!1s0x6000df0b538406b5:0x59ee5a3249c78f29!8m2!3d34.645719!4d135.581657!16s%2Fg%2F1w0p5hrh!19sChIJtQaEUwvfAGARKY_HSTJa7lk?authuser=0&hl=ja&rclk=1","東大阪市","東大阪市 プロモーション会社"
"株式会社 アストマネックス","http://astmonex.com/","東大阪市 衣摺５丁目１９−３７ アスト マネックスビル 105 号","06-6724-2322","https://www.google.com/maps/place/%E6%A0%AA%E5%BC%8F%E4%BC%9A%E7%A4%BE+%E3%82%A2%E3%82%B9%E3%83%88%E3%83%9E%E3%83%8D%E3%83%83%E3%82%AF%E3%82%B9/data=!4m7!3m6!1s0x6000df05c8f6aaab:0xee06e72fef28c8df!8m2!3d34.6394005!4d135.5705257!16s%2Fg%2F11s9ksg2z7!19sChIJq6r2yAXfAGAR38go7y_nBu4?authuser=0&hl=ja&rclk=1","東大阪市","東大阪市 プロモーション会社"
"株式会社ポスティングプロ","https://pospro.jp/","西宮市 笠屋町１０−２７","0798-42-6353","https://www.google.com/maps/place/%E6%A0%AA%E5%BC%8F%E4%BC%9A%E7%A4%BE%E3%83%9D%E3%82%B9%E3%83%86%E3%82%A3%E3%83%B3%E3%82%B0%E3%83%97%E3%83%AD/data=!4m7!3m6!1s0x6000ef6c1a518df7:0x45e315c444f3818e!8m2!3d34.7140337!4d135.3755464!16s%2Fg%2F11pv2_bz41!19sChIJ941RGmzvAGARjoHzRMQV40U?authuser=0&hl=ja&rclk=1","西宮市","西宮市 販促支援会社"
"スマリティ 就労継続支援B型事業所","https://asobigoe.jp/","西宮市 甲子園洲鳥町３−２９","070-1321-5798","https://www.google.com/maps/place/%E3%82%B9%E3%83%9E%E3%83%AA%E3%83%86%E3%82%A3+%E5%B0%B1%E5%8A%B4%E7%B6%99%E7%B6%9A%E6%94%AF%E6%8F%B4B%E5%9E%8B%E4%BA%8B%E6%A5%AD%E6%89%80/data=!4m7!3m6!1s0x6000ed5288a483eb:0x1543a7dfe40a41d9!8m2!3d34.7233913!4d135.358732!16s%2Fg%2F11l5rp1fzf!19sChIJ64OkiFLtAGAR2UEK5N-nQxU?authuser=0&hl=ja&rclk=1","西宮市","西宮市 販促支援会社"
"就労移行支援/自立訓練 事業所 Uocmo（ウォクモ）","https://uocmo.site/","西宮市 与古道町２−１８","090-3861-9585","https://www.google.com/maps/place/%E5%B0%B1%E5%8A%B4%E7%A7%BB%E8%A1%8C%E6%94%AF%E6%8F%B4%2F%E8%87%AA%E7%AB%8B%E8%A8%93%E7%B7%B4+%E4%BA%8B%E6%A5%AD%E6%89%80+Uocmo%EF%BC%88%E3%82%A6%E3%82%A9%E3%82%AF%E3%83%A2%EF%BC%89/data=!4m7!3m6!1s0x6000f3e4a994ba57:0xd4fd3b8cf4cf0e32!8m2!3d34.7351536!4d135.3433953!16s%2Fg%2F11h6tgh6z5!19sChIJV7qUqeTzAGARMg7P9Iw7_dQ?authuser=0&hl=ja&rclk=1","西宮市","西宮市 販促支援会社"
"株式会社ZEST","http://zest8.net/","西宮市 田中町５−５−１５ コモド西宮 805号","","https://www.google.com/maps/place/%E6%A0%AA%E5%BC%8F%E4%BC%9A%E7%A4%BEZEST/data=!4m7!3m6!1s0x6000f2f5e54c77cb:0x53a22473240b3237!8m2!3d34.7364415!4d135.3363468!16s%2Fg%2F11jt1wkz2y!19sChIJy3dM5fXyAGARNzILJHMkolM?authuser=0&hl=ja&rclk=1","西宮市","西宮市 プロモーション会社"
"株式会社三日月プランニング","https://mikadukiplanning.jp/","西宮市 能登町３−１２","090-5287-6476","https://www.google.com/maps/place/%E6%A0%AA%E5%BC%8F%E4%BC%9A%E7%A4%BE%E4%B8%89%E6%97%A5%E6%9C%88%E3%83%97%E3%83%A9%E3%83%B3%E3%83%8B%E3%83%B3%E3%82%B0/data=!4m7!3m6!1s0x6000f3e1acf68d8f:0xf807bf4a6c265266!8m2!3d34.7501261!4d135.3524897!16s%2Fg%2F11whtflhdz!19sChIJj432rOHzAGARZlImbEq_B_g?authuser=0&hl=ja&rclk=1","西宮市","西宮市 プロモーション会社"
"株式会社Next Vision","https://www.nextvisionjp.net/?fbclid=PAdGRleAR6QRxleHRuA2FlbQIxMQBzcnRjBmFwcF9pZA8xMjQwMjQ1NzQyODc0MTQAAaeO1qwZOGGsVvmIYga8yJ-bj03JZEhWsgyeQvPq6fUpBxmY_xyaev4Fb_kSuQ_aem_YWdncwC1vWhnbWEKGWwa_3OydFjJ&brid=YWdncwHRvATgENizGpudEUkXVx9T","西宮市 下大市東町４−２ 101","080-2527-3115","https://www.google.com/maps/place/%E6%A0%AA%E5%BC%8F%E4%BC%9A%E7%A4%BENext+Vision/data=!4m7!3m6!1s0x842c5fe48f543c53:0x67e989f1f34d9863!8m2!3d34.7570081!4d135.358472!16s%2Fg%2F11z7p7b941!19sChIJUzxUj-RfLIQRY5hN8_GJ6Wc?authuser=0&hl=ja&rclk=1","西宮市","西宮市 プロモーション会社"
"ケイエヌシステムズ","http://knsystems.biz/","西宮市 上甲子園１丁目１３−２７","0798-44-5946","https://www.google.com/maps/place/%E3%82%B1%E3%82%A4%E3%82%A8%E3%83%8C%E3%82%B7%E3%82%B9%E3%83%86%E3%83%A0%E3%82%BA/data=!4m7!3m6!1s0x6000f206e0eaa549:0x84ef3f7088e9b160!8m2!3d34.7320917!4d135.3685982!16s%2Fg%2F1vzn5fx4!19sChIJSaXq4AbyAGARYLHpiHA_74Q?authuser=0&hl=ja&rclk=1","西宮市","西宮市 プロモーション会社"
"就労移行支援事業所 EnTry","https://www.sfsuisei.org/info/entry/","明石市 天文町２丁目３−２５ 3F","078-917-1122","https://www.google.com/maps/place/%E5%B0%B1%E5%8A%B4%E7%A7%BB%E8%A1%8C%E6%94%AF%E6%8F%B4%E4%BA%8B%E6%A5%AD%E6%89%80+EnTry/data=!4m7!3m6!1s0x60008396159338ff:0x4485c3d6fb96d43a!8m2!3d34.6466354!4d135.0001834!16s%2Fg%2F11g9q1sw_q!19sChIJ_ziTFZaDAGAROtSW-9bDhUQ?authuser=0&hl=ja&rclk=1","明石市","明石市 販促支援会社"
"就労継続支援B型事業所ハピネス｜株式会社ＫＧＮ","https://kgn1.co.jp/","明石市 大明石町１丁目７−３５ 新明ビル ７階","078-915-1237","https://www.google.com/maps/place/%E5%B0%B1%E5%8A%B4%E7%B6%99%E7%B6%9A%E6%94%AF%E6%8F%B4B%E5%9E%8B%E4%BA%8B%E6%A5%AD%E6%89%80%E3%83%8F%E3%83%94%E3%83%8D%E3%82%B9%EF%BD%9C%E6%A0%AA%E5%BC%8F%E4%BC%9A%E7%A4%BE%EF%BC%AB%EF%BC%A7%EF%BC%AE/data=!4m7!3m6!1s0x3554d4b77d443fdd:0xb8aa46d2ce8ab281!8m2!3d34.6485345!4d134.9907583!16s%2Fg%2F11fnmp_14w!19sChIJ3T9EfbfUVDURgbKKztJGqrg?authuser=0&hl=ja&rclk=1","明石市","明石市 販促支援会社"
"就労継続支援A型事業所アップス","http://ups-support.com/","明石市 西新町２丁目１５−１５ 大西ビル 2階C号室","078-924-0506","https://www.google.com/maps/place/%E5%B0%B1%E5%8A%B4%E7%B6%99%E7%B6%9A%E6%94%AF%E6%8F%B4A%E5%9E%8B%E4%BA%8B%E6%A5%AD%E6%89%80%E3%82%A2%E3%83%83%E3%83%97%E3%82%B9/data=!4m7!3m6!1s0x3554d5e671290b0b:0x3c9ba7115b746fe!8m2!3d34.650355!4d134.9807949!16s%2Fg%2F11yj5ry_h3!19sChIJCwspcebVVDUR_ka3FXG6yQM?authuser=0&hl=ja&rclk=1","明石市","明石市 販促支援会社"
"まいぷれ明石市編集部","https://akashi.mypl.net/shop/00000373169/","明石市 相生町２丁目５−５ KSビル 7階","078-915-0180","https://www.google.com/maps/place/%E3%81%BE%E3%81%84%E3%81%B7%E3%82%8C%E6%98%8E%E7%9F%B3%E5%B8%82%E7%B7%A8%E9%9B%86%E9%83%A8/data=!4m7!3m6!1s0x3554d5f76600c889:0x8c9b06a5761eae94!8m2!3d34.6454551!4d134.9971675!16s%2Fg%2F11t_tp60bx!19sChIJicgAZvfVVDURlK4edqUGm4w?authuser=0&hl=ja&rclk=1","明石市","明石市 プロモーション会社"
"川重マリンエンジニアリング株式会社 明石船型研究所","https://www.khi.co.jp/corp/kme/","明石市 川崎町１−３−１","078-922-1200","https://www.google.com/maps/place/%E5%B7%9D%E9%87%8D%E3%83%9E%E3%83%AA%E3%83%B3%E3%82%A8%E3%83%B3%E3%82%B8%E3%83%8B%E3%82%A2%E3%83%AA%E3%83%B3%E3%82%B0%EF%BC%88%E6%A0%AA%EF%BC%89+%E6%98%8E%E7%9F%B3%E8%88%B9%E5%9E%8B%E7%A0%94%E7%A9%B6%E6%89%80/data=!4m7!3m6!1s0x3554d463bb3fce5d:0x47078ab595cd83df!8m2!3d34.659827!4d134.959548!16s%2Fg%2F1vg_53jd!19sChIJXc4_u2PUVDUR34PNlbWKB0c?authuser=0&hl=ja&rclk=1","明石市","明石市 プロモーション会社"
"有限会社ヴァンサンク","http://vingtcinq.com/","明石市 西明石北町３丁目３−２６−１０７","078-965-6653","https://www.google.com/maps/place/%E6%9C%89%E9%99%90%E4%BC%9A%E7%A4%BE%E3%83%B4%E3%82%A1%E3%83%B3%E3%82%B5%E3%83%B3%E3%82%AF/data=!4m7!3m6!1s0x3554d4f6591d20cb:0x4dd511055ae7ca70!8m2!3d34.6692546!4d134.9648618!16s%2Fg%2F11gnq80_lm!19sChIJyyAdWfbUVDURcMrnWgUR1U0?authuser=0&hl=ja&rclk=1","明石市","明石市 プロモーション会社"
"株式会社LT","https://l-to.co.jp/","明石市 西明石南町１丁目７−１６","078-963-5252","https://www.google.com/maps/place/%E6%A0%AA%E5%BC%8F%E4%BC%9A%E7%A4%BELT/data=!4m7!3m6!1s0x3554d7e32df60de1:0xd357936a95171c8e!8m2!3d34.663894!4d134.9608795!16s%2Fg%2F11g1tx0761!19sChIJ4Q32LePXVDURjhwXlWqTV9M?authuser=0&hl=ja&rclk=1","明石市","明石市 プロモーション会社"
"切手のない贈り物実行委員会","https://www.kittenonaiokurimono.com/","倉敷市 阿知３丁目９−９","090-7134-6252","https://www.google.com/maps/place/%E5%88%87%E6%89%8B%E3%81%AE%E3%81%AA%E3%81%84%E8%B4%88%E3%82%8A%E7%89%A9%E5%AE%9F%E8%A1%8C%E5%A7%94%E5%93%A1%E4%BC%9A/data=!4m7!3m6!1s0x355157af853a6211:0x653efd3bcef4152e!8m2!3d34.5994237!4d133.7673703!16s%2Fg%2F11w8q1p5hg!19sChIJEWI6ha9XUTURLhX0zjv9PmU?authuser=0&hl=ja&rclk=1","倉敷市","倉敷市 販促支援会社"
"One (特定非営利活動法人)","https://npoone.jp/","倉敷市 中庄３５２３−１","086-454-9192","https://www.google.com/maps/place/One+%28%E7%89%B9%E5%AE%9A%E9%9D%9E%E5%96%B6%E5%88%A9%E6%B4%BB%E5%8B%95%E6%B3%95%E4%BA%BA%29/data=!4m7!3m6!1s0x3553fe1675d49097:0x52e3513938560d83!8m2!3d34.6228119!4d133.8051589!16s%2Fg%2F11ckvw7p6c!19sChIJl5DUdRb-UzURgw1WODlR41I?authuser=0&hl=ja&rclk=1","倉敷市","倉敷市 販促支援会社"
"倉敷ベンチャーオフィス","http://kvo.jp/","倉敷市 阿知１丁目７−２ くらしきシティプラザ 西ビル 8階 803号","086-427-0841","https://www.google.com/maps/place/%E5%80%89%E6%95%B7%E3%83%99%E3%83%B3%E3%83%81%E3%83%A3%E3%83%BC%E3%82%AA%E3%83%95%E3%82%A3%E3%82%B9/data=!4m7!3m6!1s0x355156440d5a8407:0x83d91adde03bea6f!8m2!3d34.6008714!4d133.7657638!16s%2Fg%2F11vyqwx485!19sChIJB4RaDURWUTURb-o74N0a2YM?authuser=0&hl=ja&rclk=1","倉敷市","倉敷市 販促支援会社"
"くらしき創業サポートセンター","http://kurashiki-sogyo.jp/","倉敷市 西中新田６４０","086-426-3405","https://www.google.com/maps/place/%E3%81%8F%E3%82%89%E3%81%97%E3%81%8D%E5%89%B5%E6%A5%AD%E3%82%B5%E3%83%9D%E3%83%BC%E3%83%88%E3%82%BB%E3%83%B3%E3%82%BF%E3%83%BC/data=!4m7!3m6!1s0x355157caae227469:0x9787ad41de26449c!8m2!3d34.5846773!4d133.7722814!16s%2Fg%2F11g4l0tg27!19sChIJaXQirspXUTURnEQm3kGth5c?authuser=0&hl=ja&rclk=1","倉敷市","倉敷市 販促支援会社"
"高梁川流域CROSSING","http://txing.jp/","倉敷市 阿知３丁目１−２","080-6843-0494","https://www.google.com/maps/place/%E9%AB%98%E6%A2%81%E5%B7%9D%E6%B5%81%E5%9F%9FCROSSING/data=!4m7!3m6!1s0x3551573674503723:0x17c81fb7ec02012!8m2!3d34.6005091!4d133.7664732!16s%2Fg%2F11sgkck84j!19sChIJIzdQdDZXUTUREiDAfvuBfAE?authuser=0&hl=ja&rclk=1","倉敷市","倉敷市 販促支援会社"
"株式会社クラビズヒューマン","https://human.kurabiz.jp/","倉敷市 阿知１丁目５−１７ マルカンビル 3F","086-441-8779","https://www.google.com/maps/place/%E6%A0%AA%E5%BC%8F%E4%BC%9A%E7%A4%BE%E3%82%AF%E3%83%A9%E3%83%93%E3%82%BA%E3%83%92%E3%83%A5%E3%83%BC%E3%83%9E%E3%83%B3/data=!4m7!3m6!1s0x355157b1b3d54ef7:0xd26e28b07ea65ad2!8m2!3d34.602575!4d133.7683577!16s%2Fg%2F11tnjwjljw!19sChIJ907Vs7FXUTUR0lqmfrAobtI?authuser=0&hl=ja&rclk=1","倉敷市","倉敷市 販促支援会社"
"株式会社ジャスト","https://www.just-coltd.jp/","倉敷市 児島上の町１丁目８−８","086-472-7514","https://www.google.com/maps/place/%28%E6%A0%AA%29%E3%82%B8%E3%83%A3%E3%82%B9%E3%83%88/data=!4m7!3m6!1s0x3553e35029b2d5ef:0x49935c122c96983!8m2!3d34.4844926!4d133.8156724!16s%2Fg%2F1td409d9!19sChIJ79WyKVDjUzURg2nJIsE1mQQ?authuser=0&hl=ja&rclk=1","倉敷市","倉敷市 販促支援会社"
"ap company","https://apcmp.com/","倉敷市 中庄６１１−４ レクエルド大町1 108","050-3636-9089","https://www.google.com/maps/place/ap+company/data=!4m7!3m6!1s0x355155c795327f09:0xafc207dfb24dd862!8m2!3d34.6221452!4d133.7907356!16s%2Fg%2F11npr2x2mk!19sChIJCX8ylcdVUTURYthNst8Hwq8?authuser=0&hl=ja&rclk=1","倉敷市","倉敷市 プロモーション会社"
"倉敷エンターテイメント合同会社","https://k-enta.com/","倉敷市 中島２１５７−１ 脇本ビル 2F B2号","086-441-8453","https://www.google.com/maps/place/%E5%80%89%E6%95%B7%E3%82%A8%E3%83%B3%E3%82%BF%E3%83%BC%E3%83%86%E3%82%A4%E3%83%A1%E3%83%B3%E3%83%88%E5%90%88%E5%90%8C%E4%BC%9A%E7%A4%BE/data=!4m7!3m6!1s0x355157719f9aaaab:0xb0876cef44ce5c1d!8m2!3d34.5731113!4d133.7402516!16s%2Fg%2F11fy8_kn4m!19sChIJq6qan3FXUTURHVzORO9sh7A?authuser=0&hl=ja&rclk=1","倉敷市","倉敷市 プロモーション会社"
"タカラプロモ","https://takarapromo.com/","倉敷市 西阿知町５８６−１３","086-451-4720","https://www.google.com/maps/place/%E3%82%BF%E3%82%AB%E3%83%A9%E3%83%97%E3%83%AD%E3%83%A2/data=!4m7!3m6!1s0x355157b9a0c4a9d7:0xd0832520ebdb1c7c!8m2!3d34.5895875!4d133.7348772!16s%2Fg%2F11kgx2stbt!19sChIJ16nEoLlXUTURfBzb6yAlg9A?authuser=0&hl=ja&rclk=1","倉敷市","倉敷市 プロモーション会社"
"有限会社AKI情報コンサルタント","http://www.akijoho.com/","倉敷市 白楽町１０５−６","086-430-6166","https://www.google.com/maps/place/%28%E6%9C%89%29AKI%E6%83%85%E5%A0%B1%E3%82%B3%E3%83%B3%E3%82%B5%E3%83%AB%E3%82%BF%E3%83%B3%E3%83%88/data=!4m7!3m6!1s0x3551564d325a31b9:0x50466f6a83d286e!8m2!3d34.588974!4d133.763826!16s%2Fg%2F11s__f5k70!19sChIJuTFaMk1WUTURbig9qPZmBAU?authuser=0&hl=ja&rclk=1","倉敷市","倉敷市 プロモーション会社"
"ヤンマー バイオイノベーションセンター倉敷ラボ","https://www.yanmar.com/jp/technology/core_excellence/bio_innovation_center/","倉敷市 船穂町柳井原２３０３−２","","https://www.google.com/maps/place/%E3%83%A4%E3%83%B3%E3%83%9E%E3%83%BC+%E3%83%90%E3%82%A4%E3%82%AA%E3%82%A4%E3%83%8E%E3%83%99%E3%83%BC%E3%82%B7%E3%83%A7%E3%83%B3%E3%82%BB%E3%83%B3%E3%82%BF%E3%83%BC%E5%80%89%E6%95%B7%E3%83%A9%E3%83%9C/data=!4m7!3m6!1s0x355156d5add69a75:0x5c4c8d7355577c20!8m2!3d34.6115269!4d133.7172551!16s%2Fg%2F11clyv87m2!19sChIJdZrWrdVWUTURIHxXVXONTFw?authuser=0&hl=ja&rclk=1","倉敷市","倉敷市 プロモーション会社"
"スタイリッシュ・モデル・エージェンシー","https://stylish-inc.com/","倉敷市 川西町１６−１４ モトヤビル","086-425-6102","https://www.google.com/maps/place/%E3%82%B9%E3%82%BF%E3%82%A4%E3%83%AA%E3%83%83%E3%82%B7%E3%83%A5%E3%83%BB%E3%83%A2%E3%83%87%E3%83%AB%E3%83%BB%E3%82%A8%E3%83%BC%E3%82%B8%E3%82%A7%E3%83%B3%E3%82%B7%E3%83%BC/data=!4m7!3m6!1s0x3551564f995d72db:0x19510233e5384493!8m2!3d34.5967566!4d133.7641806!16s%2Fg%2F11b5pj7g80!19sChIJ23JdmU9WUTURk0Q45TMCURk?authuser=0&hl=ja&rclk=1","倉敷市","倉敷市 プロモーション会社"
"有限会社ワンステップ","https://onestep-tv.com/","倉敷市 大島５４３","086-420-0155","https://www.google.com/maps/place/%28%E6%9C%89%29%E3%83%AF%E3%83%B3%E3%82%B9%E3%83%86%E3%83%83%E3%83%97/data=!4m7!3m6!1s0x35515613d75ce97b:0x54111b088f81849d!8m2!3d34.6073586!4d133.7763433!16s%2Fg%2F11h2hlzsnq!19sChIJe-lc1xNWUTURnYSBjwgbEVQ?authuser=0&hl=ja&rclk=1","倉敷市","倉敷市 プロモーション会社"
"サポートオフィスＱＵＥＳＴ","http://www.f-tutuji.or.jp/office/quest/","東広島市 西条町西条４１４−３１","082-490-3211","https://www.google.com/maps/place/%E3%82%B5%E3%83%9D%E3%83%BC%E3%83%88%E3%82%AA%E3%83%95%E3%82%A3%E3%82%B9%EF%BC%B1%EF%BC%B5%EF%BC%A5%EF%BC%B3%EF%BC%B4/data=!4m7!3m6!1s0x3550657a210aa061:0x97a5b95a6c256b04!8m2!3d34.4316975!4d132.7416035!16s%2Fg%2F11b5ph_rx8!19sChIJYaAKIXplUDURBGslbFq5pZc?authuser=0&hl=ja&rclk=1","東広島市","東広島市 販促支援会社"
"東広島市テナント事業者家賃等支援事業","http://higashi-hiroshima-tenant.com/","東広島市 西条中央７丁目２３−３５","082-420-0303","https://www.google.com/maps/place/%E6%9D%B1%E5%BA%83%E5%B3%B6%E5%B8%82%E3%83%86%E3%83%8A%E3%83%B3%E3%83%88%E4%BA%8B%E6%A5%AD%E8%80%85%E5%AE%B6%E8%B3%83%E7%AD%89%E6%94%AF%E6%8F%B4%E4%BA%8B%E6%A5%AD/data=!4m7!3m6!1s0x35506f9029532ffb:0x731b86ab8d5270b6!8m2!3d34.4174226!4d132.734835!16s%2Fg%2F11t5dtf1c9!19sChIJ-y9TKZBvUDURtnBSjauGG3M?authuser=0&hl=ja&rclk=1","東広島市","東広島市 販促支援会社"
"サブカルビジネスセンター東広島","https://subculbusinesscenter.com/school/saijyo/","東広島市 西条本町１３−１１ アーバン ライフ I","082-490-3505","https://www.google.com/maps/place/%E3%82%B5%E3%83%96%E3%82%AB%E3%83%AB%E3%83%93%E3%82%B8%E3%83%8D%E3%82%B9%E3%82%BB%E3%83%B3%E3%82%BF%E3%83%BC%E6%9D%B1%E5%BA%83%E5%B3%B6/data=!4m7!3m6!1s0x355065790dd4a111:0xde4b91c88fcf95d7!8m2!3d34.429527!4d132.743323!16s%2Fg%2F11tj6mz0qr!19sChIJEaHUDXllUDUR15XPj8iRS94?authuser=0&hl=ja&rclk=1","東広島市","東広島市 販促支援会社"
"一般社団法人 広島県鳥獣対策等地域支援機構「tegos」","https://tegos-hiroshima.com/","東広島市 八本松町原６８６９","082-401-4158","https://www.google.com/maps/place/%E4%B8%80%E8%88%AC%E7%A4%BE%E5%9B%A3%E6%B3%95%E4%BA%BA+%E5%BA%83%E5%B3%B6%E7%9C%8C%E9%B3%A5%E7%8D%A3%E5%AF%BE%E7%AD%96%E7%AD%89%E5%9C%B0%E5%9F%9F%E6%94%AF%E6%8F%B4%E6%A9%9F%E6%A7%8B%E3%80%8Ctegos%E3%80%8D/data=!4m7!3m6!1s0x355071002f566879:0x1a9121dceefafa!8m2!3d34.4198558!4d132.7007648!16s%2Fg%2F11z64190g2!19sChIJeWhWLwBxUDUR-vru3CGRGgA?authuser=0&hl=ja&rclk=1","東広島市","東広島市 販促支援会社"
"NPO法人きずな","http://www.kizuna-hiroshima.com/","東広島市 西条町馬木３９１−２","082-425-1303","https://www.google.com/maps/place/NPO%E6%B3%95%E4%BA%BA%E3%81%8D%E3%81%9A%E3%81%AA/data=!4m7!3m6!1s0x35506de2931784ef:0xf5d61e5d2aaff45e!8m2!3d34.359804!4d132.718931!16s%2Fg%2F12hpz95h8!19sChIJ74QXk-JtUDURXvSvKl0e1vU?authuser=0&hl=ja&rclk=1","東広島市","東広島市 販促支援会社"
"広島県ビル経営支援事業団","https://tokyonet123.com/","東広島市 西条町助実１８４１−１ 桜ビル","082-493-6600","https://www.google.com/maps/place/%E5%BA%83%E5%B3%B6%E7%9C%8C%E3%83%93%E3%83%AB%E7%B5%8C%E5%96%B6%E6%94%AF%E6%8F%B4%E4%BA%8B%E6%A5%AD%E5%9B%A3/data=!4m7!3m6!1s0x35506fd0cf61f9dd:0xabda082d8134bb6d!8m2!3d34.4189373!4d132.7466093!16s%2Fg%2F11g6njm3g1!19sChIJ3flhz9BvUDURbbs0gS0I2qs?authuser=0&hl=ja&rclk=1","東広島市","東広島市 販促支援会社"
"マイクロンメモリジャパン 西条オフィス","https://jp.micron.com/","東広島市 西条昭和町１１−２","","https://www.google.com/maps/place/%E3%83%9E%E3%82%A4%E3%82%AF%E3%83%AD%E3%83%B3%E3%83%A1%E3%83%A2%E3%83%AA%E3%82%B8%E3%83%A3%E3%83%91%E3%83%B3+%E8%A5%BF%E6%9D%A1%E3%82%AA%E3%83%95%E3%82%A3%E3%82%B9/data=!4m7!3m6!1s0x35506f006db00fcf:0xe6e50ddfdb716238!8m2!3d34.4233976!4d132.7416577!16s%2Fg%2F11z25q1qp8!19sChIJzw-wbQBvUDUROGJx298N5eY?authuser=0&hl=ja&rclk=1","東広島市","東広島市 プロモーション会社"
"eastcity japan","https://eastcity.jp/","東広島市 西条町下三永８５６−２","082-426-1133","https://www.google.com/maps/place/eastcity+japan/data=!4m7!3m6!1s0x35506f47401dd55b:0x591868b758bc646!8m2!3d34.3935786!4d132.7722573!16s%2Fg%2F11b7tgy1t4!19sChIJW9UdQEdvUDURRsaLdYuGkQU?authuser=0&hl=ja&rclk=1","東広島市","東広島市 プロモーション会社"
"有限会社アサオアドプランニング","http://www.asao.co.jp/","東広島市 八本松東２丁目１５−１７−４２","082-497-0205","https://www.google.com/maps/place/%EF%BC%88%E6%9C%89%EF%BC%89%E3%82%A2%E3%82%B5%E3%82%AA%E3%82%A2%E3%83%89%E3%83%97%E3%83%A9%E3%83%B3%E3%83%8B%E3%83%B3%E3%82%B0/data=!4m7!3m6!1s0x3550700b20c2e51b:0x2ef05452977dbf13!8m2!3d34.4412757!4d132.7101924!16s%2Fg%2F1tt1f0y2!19sChIJG-XCIAtwUDURE799l1JU8C4?authuser=0&hl=ja&rclk=1","東広島市","東広島市 プロモーション会社"
"株式会社サニープロモーション","https://sunnypromotion8.com/","東広島市 祇園３丁目４１−１０","082-832-4771","https://www.google.com/maps/place/%E6%A0%AA%E5%BC%8F%E4%BC%9A%E7%A4%BE%E3%82%B5%E3%83%8B%E3%83%BC%E3%83%97%E3%83%AD%E3%83%A2%E3%83%BC%E3%82%B7%E3%83%A7%E3%83%B3/data=!4m7!3m6!1s0x355a99cae19a4827:0x84384b5cab7cc995!8m2!3d34.4367192!4d132.4596508!16s%2Fg%2F11yl8qfr3m!19sChIJJ0ia4cqZWjURlcl8q1xLOIQ?authuser=0&hl=ja&rclk=1","東広島市","東広島市 プロモーション会社"
"（一社）ディスカバー東広島","https://discover.east-hiroshima.info/","東広島市 西条西本町２８−６ サンスクエア東広島 ３階","082-493-5815","https://www.google.com/maps/place/%EF%BC%88%E4%B8%80%E7%A4%BE%EF%BC%89%E3%83%87%E3%82%A3%E3%82%B9%E3%82%AB%E3%83%90%E3%83%BC%E6%9D%B1%E5%BA%83%E5%B3%B6/data=!4m7!3m6!1s0x3550657c4037a2c5:0xbf7ec905c631b88b!8m2!3d34.427686!4d132.7405266!16s%2Fg%2F11sgb2nlft!19sChIJxaI3QHxlUDURi7gxxgXJfr8?authuser=0&hl=ja&rclk=1","東広島市","東広島市 プロモーション会社"
"e-情報プロモーション株式会社","https://ejp.co.jp/","東広島市 千田町１丁目３−４ 弘法ビル","082-249-5001","https://www.google.com/maps/place/e-%E6%83%85%E5%A0%B1%E3%83%97%E3%83%AD%E3%83%A2%E3%83%BC%E3%82%B7%E3%83%A7%E3%83%B3%E6%A0%AA%E5%BC%8F%E4%BC%9A%E7%A4%BE/data=!4m7!3m6!1s0x355aa23fdd2bff63:0xcf903f4fb0b7501a!8m2!3d34.382757!4d132.4541272!16s%2Fg%2F1th266z0!19sChIJY_8r3T-iWjURGlC3sE8_kM8?authuser=0&hl=ja&rclk=1","東広島市","東広島市 プロモーション会社"
"採用支援サポーター chefs3","http://chefs3.net/","下関市 富任町２丁目３−３２","090-7899-4171","https://www.google.com/maps/place/%E6%8E%A1%E7%94%A8%E6%94%AF%E6%8F%B4%E3%82%B5%E3%83%9D%E3%83%BC%E3%82%BF%E3%83%BC+chefs3/data=!4m7!3m6!1s0x3543a3e53a306751:0x115b81c7c9a36f52!8m2!3d34.0200653!4d130.9192874!16s%2Fg%2F11pyc1mzcx!19sChIJUWcwOuWjQzURUm-jyceBWxE?authuser=0&hl=ja&rclk=1","下関市","下関市 販促支援会社"
"煌（合同会社）","http://www.kirameki-shimonoseki.com/","下関市 長門町１０−１","083-250-8306","https://www.google.com/maps/place/%E7%85%8C%EF%BC%88%E5%90%88%E5%90%8C%E4%BC%9A%E7%A4%BE%EF%BC%89/data=!4m7!3m6!1s0x3543bdb15a8ed763:0x5a9c6514f0dd6a4d!8m2!3d33.954481!4d130.923835!16s%2Fg%2F11c58t6zd1!19sChIJY9eOWrG9QzURTWrd8BRlnFo?authuser=0&hl=ja&rclk=1","下関市","下関市 販促支援会社"
"サンクスラボ 下関オフィス | 就労継続支援Ａ型事業所","https://thankslab-shogaifukushi.jp/office/shimonoseki-office/","下関市 豊前田町３丁目３−１ 国際貿易ビル 601号","083-250-7115","https://www.google.com/maps/place/%E3%82%B5%E3%83%B3%E3%82%AF%E3%82%B9%E3%83%A9%E3%83%9C+%E4%B8%8B%E9%96%A2%E3%82%AA%E3%83%95%E3%82%A3%E3%82%B9+%7C+%E5%B0%B1%E5%8A%B4%E7%B6%99%E7%B6%9A%E6%94%AF%E6%8F%B4%EF%BC%A1%E5%9E%8B%E4%BA%8B%E6%A5%AD%E6%89%80/data=!4m7!3m6!1s0x3543a304b6c4d5d7:0xe087d55dea0ca6b2!8m2!3d33.9501556!4d130.9295028!16s%2Fg%2F11sfd_f97_!19sChIJ19XEtgSjQzURsqYM6l3Vh-A?authuser=0&hl=ja&rclk=1","下関市","下関市 販促支援会社"
"デジタルワークスeCraft","https://ecraft-works.com/","下関市 幡生宮の下町２８−１４ マンション嵯峨野 202","083-242-7055","https://www.google.com/maps/place/%E3%83%87%E3%82%B8%E3%82%BF%E3%83%AB%E3%83%AF%E3%83%BC%E3%82%AF%E3%82%B9eCraft/data=!4m7!3m6!1s0x3543bd144884a923:0x41a419e1a80ce8b9!8m2!3d33.9862226!4d130.9316202!16s%2Fg%2F11zb57bl_l!19sChIJI6mESBS9QzURuegMqOEZpEE?authuser=0&hl=ja&rclk=1","下関市","下関市 販促支援会社"
"スプライフ下関センター","https://wj-is.com/office/shimonoseki","下関市 細江町２丁目２−１","083-250-8340","https://www.google.com/maps/place/%E3%82%B9%E3%83%97%E3%83%A9%E3%82%A4%E3%83%95%E4%B8%8B%E9%96%A2%E3%82%BB%E3%83%B3%E3%82%BF%E3%83%BC/data=!4m7!3m6!1s0x3543bdd0083c8fed:0x3cf346a30e713bc4!8m2!3d33.9518144!4d130.9317795!16s%2Fg%2F11x61kn484!19sChIJ7Y88CNC9QzURxDtxDqNG8zw?authuser=0&hl=ja&rclk=1","下関市","下関市 販促支援会社"
"合同会社テンシステム","http://ten-system.com/","下関市 秋根東町３−３９","083-250-6616","https://www.google.com/maps/place/%E5%90%88%E5%90%8C%E4%BC%9A%E7%A4%BE%E3%83%86%E3%83%B3%E3%82%B7%E3%82%B9%E3%83%86%E3%83%A0/data=!4m7!3m6!1s0x3543a2bb2feaff49:0x8db6cc6919f759be!8m2!3d34.010836!4d130.9537899!16s%2Fg%2F1pyqhbmsy!19sChIJSf_qL7uiQzURvln3GWnMto0?authuser=0&hl=ja&rclk=1","下関市","下関市 販促支援会社"
"CIL下関","https://shimonoseki.cil-support.site/","下関市 秋根南町１丁目１−５","083-263-2687","https://www.google.com/maps/place/CIL%E4%B8%8B%E9%96%A2/data=!4m7!3m6!1s0x3543a2a3921aa577:0xd9bdae5b685abf32!8m2!3d34.0081234!4d130.9521018!16s%2Fg%2F11ghs75pfl!19sChIJd6UakqOiQzURMr9aaFuuvdk?authuser=0&hl=ja&rclk=1","下関市","下関市 販促支援会社"
"創業支援カフェKARASTA.(カラスタ)","https://www.karasta.jp/","下関市 赤間町１−１０","083-227-4747","https://www.google.com/maps/place/%E5%89%B5%E6%A5%AD%E6%94%AF%E6%8F%B4%E3%82%AB%E3%83%95%E3%82%A7KARASTA.%28%E3%82%AB%E3%83%A9%E3%82%B9%E3%82%BF%29/data=!4m7!3m6!1s0x3543bd9e65722ddf:0xf86fb6d22d59c2d3!8m2!3d33.9583788!4d130.942783!16s%2Fg%2F11f0_fgx7s!19sChIJ3y1yZZ69QzUR08JZLdK2b_g?authuser=0&hl=ja&rclk=1","下関市","下関市 販促支援会社"
"合同会社EMYSTI","http://www.emysti.net/","下関市 南大坪町１１−３ 263番 36号","090-8847-2656","https://www.google.com/maps/place/%E5%90%88%E5%90%8C%E4%BC%9A%E7%A4%BEEMYSTI/data=!4m7!3m6!1s0x3543bd007781cce5:0x458f8cc26315ae7e!8m2!3d33.9595102!4d130.9149213!16s%2Fg%2F11l_0ct3xh!19sChIJ5cyBdwC9QzURfq4VY8KMj0U?authuser=0&hl=ja&rclk=1","下関市","下関市 プロモーション会社"
"株式会社 cinepos（シネポス）","https://www.cinepos.com/","下関市 大和町１丁目１３−７ 海町ビル 1 階右","083-242-1868","https://www.google.com/maps/place/%E6%A0%AA%E5%BC%8F%E4%BC%9A%E7%A4%BE+cinepos%EF%BC%88%E3%82%B7%E3%83%8D%E3%83%9D%E3%82%B9%EF%BC%89/data=!4m7!3m6!1s0x3543bd98db766337:0x49415d94dc74a534!8m2!3d33.9460418!4d130.9183863!16s%2Fg%2F11bztdfd92!19sChIJN2N225i9QzURNKV03JRdQUk?authuser=0&hl=ja&rclk=1","下関市","下関市 プロモーション会社"
"ピーエスピー株式会社","https://www.pesp.co.jp/","下関市 豊浦町大字吉永５２６−１","083-774-3366","https://www.google.com/maps/place/%E3%83%94%E3%83%BC%E3%82%A8%E3%82%B9%E3%83%94%E3%83%BC%EF%BC%88%E6%A0%AA%EF%BC%89/data=!4m7!3m6!1s0x3543a05e2b54667b:0xf8cb388bebee1c9d!8m2!3d34.1358234!4d130.9208253!16s%2Fg%2F1trpnkx7!19sChIJe2ZUK16gQzURnRzu64s4y_g?authuser=0&hl=ja&rclk=1","下関市","下関市 プロモーション会社"
"milkyway motion graphics（ミルキーウェイモーショングラフィックス）","https://milkywaysign.com/","下関市 彦島向井町２丁目２１−１５","090-9465-0368","https://www.google.com/maps/place/milkyway+motion+graphics%EF%BC%88%E3%83%9F%E3%83%AB%E3%82%AD%E3%83%BC%E3%82%A6%E3%82%A7%E3%82%A4%E3%83%A2%E3%83%BC%E3%82%B7%E3%83%A7%E3%83%B3%E3%82%B0%E3%83%A9%E3%83%95%E3%82%A3%E3%83%83%E3%82%AF%E3%82%B9%EF%BC%89/data=!4m7!3m6!1s0x3543bf3b14915929:0x522cad5b316b9dc4!8m2!3d33.9166607!4d130.9176763!16s%2Fg%2F11r35y2qt6!19sChIJKVmRFDu_QzURxJ1rMVutLFI?authuser=0&hl=ja&rclk=1","下関市","下関市 プロモーション会社"
"株式会社 広尾メディアスタジオ 下関ブランチ","https://www.hiroo.biz/","下関市 竹崎町３丁目５−２５ BRIDGE下関 2F","080-1747-4014","https://www.google.com/maps/place/%E6%A0%AA%E5%BC%8F%E4%BC%9A%E7%A4%BE+%E5%BA%83%E5%B0%BE%E3%83%A1%E3%83%87%E3%82%A3%E3%82%A2%E3%82%B9%E3%82%BF%E3%82%B8%E3%82%AA+%E4%B8%8B%E9%96%A2%E3%83%96%E3%83%A9%E3%83%B3%E3%83%81/data=!4m7!3m6!1s0x3543bd4f57b59d5b:0x2dfb60251e8d9f68!8m2!3d33.9523447!4d130.9222836!16s%2Fg%2F11vpyxzjk5!19sChIJW521V0-9QzURaJ-NHiVg-y0?authuser=0&hl=ja&rclk=1","下関市","下関市 プロモーション会社"
"HAJIKEN","https://www.hajiken.net/movie-creator","下関市 東大和町２丁目２−１７ 市営東大和改良住宅","080-4262-1945","https://www.google.com/maps/place/HAJIKEN/data=!4m7!3m6!1s0x3543bd682bb3eb3b:0xf0a5330ca36a68cd!8m2!3d33.9428145!4d130.91984!16s%2Fg%2F11sp92s63q!19sChIJO-uzK2i9QzURzWhqowwzpfA?authuser=0&hl=ja&rclk=1","下関市","下関市 プロモーション会社"
"コンチャレ","https://conchalle.com/","下関市 川中本町１５−２５","080-1902-0377","https://www.google.com/maps/place/%E3%82%B3%E3%83%B3%E3%83%81%E3%83%A3%E3%83%AC/data=!4m7!3m6!1s0x35439f576bf33097:0x778e45a8a6220fc7!8m2!3d34.0001675!4d130.9310211!16s%2Fg%2F11fwcd567s!19sChIJlzDza1efQzURxw8ipqhFjnc?authuser=0&hl=ja&rclk=1","下関市","下関市 プロモーション会社"
"株式会社アーチヴェクト","https://archivect.com/","下関市 武久町１丁目１８−２３ 2F","083-249-5485","https://www.google.com/maps/place/%E6%A0%AA%E5%BC%8F%E4%BC%9A%E7%A4%BE%E3%82%A2%E3%83%BC%E3%83%81%E3%83%B4%E3%82%A7%E3%82%AF%E3%83%88/data=!4m7!3m6!1s0x3543bd002ba70099:0x4aa3e84d084a068a!8m2!3d33.9827234!4d130.9254767!16s%2Fg%2F11qg1k7cs6!19sChIJmQCnKwC9QzURigZKCE3oo0o?authuser=0&hl=ja&rclk=1","下関市","下関市 プロモーション会社"
"株式会社協同サポート 働きたい人を応援する会障害者就労継続支援Ａ型施設","http://9410.co.jp/","丸亀市 土器町北１丁目32番地","0877-21-6215","https://www.google.com/maps/place/%28%E6%A0%AA%29%E5%8D%94%E5%90%8C%E3%82%B5%E3%83%9D%E3%83%BC%E3%83%88+%E5%83%8D%E3%81%8D%E3%81%9F%E3%81%84%E4%BA%BA%E3%82%92%E5%BF%9C%E6%8F%B4%E3%81%99%E3%82%8B%E4%BC%9A%E9%9A%9C%E5%AE%B3%E8%80%85%E5%B0%B1%E5%8A%B4%E7%B6%99%E7%B6%9A%E6%94%AF%E6%8F%B4%EF%BC%A1%E5%9E%8B%E6%96%BD%E8%A8%AD/data=!4m7!3m6!1s0x3553d8bc143e7387:0xcc1e3f2680199070!8m2!3d34.304804!4d133.80424!16s%2Fg%2F11f3r99shw!19sChIJh3M-FLzYUzURcJAZgCY_Hsw?authuser=0&hl=ja&rclk=1","丸亀市","丸亀市 販促支援会社"
"一般社団法人hito .toco丸亀","https://hitotoco.or.jp/","丸亀市 大手町３丁目５−１８ セントラル丸亀ビル 4階","0877-85-8360","https://www.google.com/maps/place/%E4%B8%80%E8%88%AC%E7%A4%BE%E5%9B%A3%E6%B3%95%E4%BA%BAhito+.toco%E4%B8%B8%E4%BA%80/data=!4m7!3m6!1s0x3553d9a1160bbb53:0x1fdc00e2a706de7f!8m2!3d34.2876525!4d133.7950868!16s%2Fg%2F11y5l2k9y0!19sChIJU7sLFqHZUzURf94Gp-IA3B8?authuser=0&hl=ja&rclk=1","丸亀市","丸亀市 販促支援会社"
"パワーネット","http://www.zinzai.net/","丸亀市 中府町１丁目１９−１","0877-58-0540","https://www.google.com/maps/place/%E3%83%91%E3%83%AF%E3%83%BC%E3%83%8D%E3%83%83%E3%83%88/data=!4m7!3m6!1s0x3553d876d119dc6f:0x3284478efe01e15b!8m2!3d34.2756222!4d133.7952657!16s%2Fg%2F1tcy6q1j!19sChIJb9wZ0XbYUzURW-EB_o5HhDI?authuser=0&hl=ja&rclk=1","丸亀市","丸亀市 販促支援会社"
"グループホームSMILE","https://www.compass-mitsuba.com/facility/12098","丸亀市 土器町東４丁目780番地 2階","0877-85-5838","https://www.google.com/maps/place/%E3%82%B0%E3%83%AB%E3%83%BC%E3%83%97%E3%83%9B%E3%83%BC%E3%83%A0SMILE/data=!4m7!3m6!1s0x3553d95112df2cab:0x9f64231810e3c0f1!8m2!3d34.2919671!4d133.8157658!16s%2Fg%2F11m_kqbjzh!19sChIJqyzfElHZUzUR8cDjEBgjZJ8?authuser=0&hl=ja&rclk=1","丸亀市","丸亀市 販促支援会社"
"株式会社Recovery","https://recovery-marugame.com/","丸亀市 幸町１丁目７−７","0877-43-2380","https://www.google.com/maps/place/%E6%A0%AA%E5%BC%8F%E4%BC%9A%E7%A4%BERecovery/data=!4m7!3m6!1s0x3553d923e5851545:0x34abe19432c499f!8m2!3d34.2879017!4d133.7908818!16s%2Fg%2F11scjpcs9j!19sChIJRRWF5SPZUzURn0ksQxm-SgM?authuser=0&hl=ja&rclk=1","丸亀市","丸亀市 販促支援会社"
"株式会社ワークスタッフ 丸亀人材採用受付センター","https://navi.ws-gp.com/","丸亀市 金倉町１４３２−３","0877-58-0820","https://www.google.com/maps/place/%E6%A0%AA%E5%BC%8F%E4%BC%9A%E7%A4%BE%E3%83%AF%E3%83%BC%E3%82%AF%E3%82%B9%E3%82%BF%E3%83%83%E3%83%95+%E4%B8%B8%E4%BA%80%E4%BA%BA%E6%9D%90%E6%8E%A1%E7%94%A8%E5%8F%97%E4%BB%98%E3%82%BB%E3%83%B3%E3%82%BF%E3%83%BC/data=!4m7!3m6!1s0x3551639803d1a303:0x9981ea19bc1d4b83!8m2!3d34.2730059!4d133.7835877!16s%2Fg%2F11j02_t79z!19sChIJA6PRA5hjUTURg0sdvBnqgZk?authuser=0&hl=ja&rclk=1","丸亀市","丸亀市 販促支援会社"
"株式会社ＧＰＭＯ 丸亀事務所","https://gpmo.jp/profile/summary/","丸亀市 飯野町西分５０５−１","0877-85-8203","https://www.google.com/maps/place/%28%E6%A0%AA%29%EF%BC%A7%EF%BC%B0%EF%BC%AD%EF%BC%AF+%E4%B8%B8%E4%BA%80%E4%BA%8B%E5%8B%99%E6%89%80/data=!4m7!3m6!1s0x3553d8e374d96ce9:0xec96de85ff2c5655!8m2!3d34.2848097!4d133.8254838!16s%2Fg%2F11h71tkkn4!19sChIJ6WzZdOPYUzURVVYs_4Xeluw?authuser=0&hl=ja&rclk=1","丸亀市","丸亀市 プロモーション会社"
"株式会社インペックス","http://impex-co.jp/","丸亀市 葭町２２−１","0877-23-4193","https://www.google.com/maps/place/%28%E6%A0%AA%29%E3%82%A4%E3%83%B3%E3%83%9A%E3%83%83%E3%82%AF%E3%82%B9/data=!4m7!3m6!1s0x3553d8844cbc0813:0x4c0de333eca1bd57!8m2!3d34.2919775!4d133.7979361!16s%2Fg%2F1xg5qhh2!19sChIJEwi8TITYUzURV72h7DPjDUw?authuser=0&hl=ja&rclk=1","丸亀市","丸亀市 プロモーション会社"
"株式会社スナック","http://snacksnack.jp/","丸亀市 福島町８２ きさらぎハイツ １０１","0877-43-5155","https://www.google.com/maps/place/%28%E6%A0%AA%29%E3%82%B9%E3%83%8A%E3%83%83%E3%82%AF/data=!4m7!3m6!1s0x3553da2b20e813ff:0xaa0a6868337a8634!8m2!3d34.293719!4d133.7928306!16s%2Fg%2F11h6rrwnl6!19sChIJ_xPoICvaUzURNIZ6M2hoCqo?authuser=0&hl=ja&rclk=1","丸亀市","丸亀市 プロモーション会社"
"セレクトショップ ラムネ","https://coubic.com/ramume/4586432","丸亀市 南条町１−１ 丸亀ビル １階 no.8","","https://www.google.com/maps/place/%E3%82%BB%E3%83%AC%E3%82%AF%E3%83%88%E3%82%B7%E3%83%A7%E3%83%83%E3%83%97+%E3%83%A9%E3%83%A0%E3%83%8D/data=!4m7!3m6!1s0x3553d998ba21cd21:0x64f508f98f9c9b00!8m2!3d34.2900109!4d133.7927417!16s%2Fg%2F11txj_x3q4!19sChIJIc0hupjZUzURAJucj_kI9WQ?authuser=0&hl=ja&rclk=1","丸亀市","丸亀市 プロモーション会社"
"㈱ティーエフエム","https://tfmwork.com/","丸亀市 本通３丁目６−６４５−４","0877-32-2288","https://www.google.com/maps/place/%E3%88%B1%E3%83%86%E3%82%A3%E3%83%BC%E3%82%A8%E3%83%95%E3%82%A8%E3%83%A0/data=!4m7!3m6!1s0x35517cd770b116b5:0x693e8381d0f5b39!8m2!3d34.2645062!4d133.7497658!16s%2Fg%2F11bccmcgh9!19sChIJtRaxcNd8UTUROVsPHTjokwY?authuser=0&hl=ja&rclk=1","丸亀市","丸亀市 プロモーション会社"
"サスケ設計工房 今治東 | 就労継続支援A型事業所","https://ss-hd.jp/office/office-imabari_e","今治市 北高下町１丁目３−３５ 1階","0120-063-067","https://www.google.com/maps/place/%E3%82%B5%E3%82%B9%E3%82%B1%E8%A8%AD%E8%A8%88%E5%B7%A5%E6%88%BF+%E4%BB%8A%E6%B2%BB%E6%9D%B1+%7C+%E5%B0%B1%E5%8A%B4%E7%B6%99%E7%B6%9A%E6%94%AF%E6%8F%B4A%E5%9E%8B%E4%BA%8B%E6%A5%AD%E6%89%80/data=!4m7!3m6!1s0x35503bec40bbf8b5:0xebe6277163e816d8!8m2!3d34.0550452!4d133.0142911!16s%2Fg%2F11mlxpfph5!19sChIJtfi7QOw7UDUR2BboY3En5us?authuser=0&hl=ja&rclk=1","今治市","今治市 販促支援会社"
"特定非営利活動法人続ける力","https://t-mirai.or.jp/","今治市 桜井３丁目９−５","0898-35-4288","https://www.google.com/maps/place/%E7%89%B9%E5%AE%9A%E9%9D%9E%E5%96%B6%E5%88%A9%E6%B4%BB%E5%8B%95%E6%B3%95%E4%BA%BA%E7%B6%9A%E3%81%91%E3%82%8B%E5%8A%9B/data=!4m7!3m6!1s0x35503011bf6212c5:0x9a64cc98b3a29950!8m2!3d34.0206132!4d133.0304224!16s%2Fg%2F1pv1c11h_!19sChIJxRJivxEwUDURUJmis5jMZJo?authuser=0&hl=ja&rclk=1","今治市","今治市 販促支援会社"
"日本食研スマイルパートナーズ株式会社","https://www.nihonshokken.co.jp/profile.html","今治市 クリエイティブヒルズ2番1","0898-24-1871","https://www.google.com/maps/place/%E6%97%A5%E6%9C%AC%E9%A3%9F%E7%A0%94%E3%82%B9%E3%83%9E%E3%82%A4%E3%83%AB%E3%83%91%E3%83%BC%E3%83%88%E3%83%8A%E3%83%BC%E3%82%BA%E6%A0%AA%E5%BC%8F%E4%BC%9A%E7%A4%BE/data=!4m7!3m6!1s0x35503b3b9d45f7c1:0x21b7c1bd117c5402!8m2!3d34.0496637!4d132.9691386!16s%2Fg%2F11jmc0_j_s!19sChIJwfdFnTs7UDURAlR8Eb3BtyE?authuser=0&hl=ja&rclk=1","今治市","今治市 販促支援会社"
"就労継続支援B型 職人集団","https://shokunin-shudan.jimdofree.com/","今治市 菊間町浜６５７","0898-35-0260","https://www.google.com/maps/place/%E5%B0%B1%E5%8A%B4%E7%B6%99%E7%B6%9A%E6%94%AF%E6%8F%B4B%E5%9E%8B+%E8%81%B7%E4%BA%BA%E9%9B%86%E5%9B%A3/data=!4m7!3m6!1s0x3550194e57516801:0xc1eea587b9811b50!8m2!3d34.034287!4d132.8395367!16s%2Fg%2F11n0c_t06r!19sChIJAWhRV04ZUDURUBuBuYel7sE?authuser=0&hl=ja&rclk=1","今治市","今治市 販促支援会社"
"今治市 障害者地域活動支援センターときめき","http://www.imabari-shisetsukyo.or.jp/facilities/lc_tokimeki/outline.htm","今治市 天保山町２丁目２−１","0898-34-3081","https://www.google.com/maps/place/%E4%BB%8A%E6%B2%BB%E5%B8%82+%E9%9A%9C%E5%AE%B3%E8%80%85%E5%9C%B0%E5%9F%9F%E6%B4%BB%E5%8B%95%E6%94%AF%E6%8F%B4%E3%82%BB%E3%83%B3%E3%82%BF%E3%83%BC%E3%81%A8%E3%81%8D%E3%82%81%E3%81%8D/data=!4m7!3m6!1s0x35503a720113174d:0x730d61a7bf06411e!8m2!3d34.0673491!4d133.0099648!16s%2Fg%2F1tdgs65q!19sChIJTRcTAXI6UDURHkEGv6dhDXM?authuser=0&hl=ja&rclk=1","今治市","今治市 販促支援会社"
"社会福祉法人来島会 就労継続支援A型事業所ステップ","https://www.kurushimakai.jp/facility/step.html","今治市 玉川町別所３２−１","0898-55-3355","https://www.google.com/maps/place/%E7%A4%BE%E4%BC%9A%E7%A6%8F%E7%A5%89%E6%B3%95%E4%BA%BA%E6%9D%A5%E5%B3%B6%E4%BC%9A+%E5%B0%B1%E5%8A%B4%E7%B6%99%E7%B6%9A%E6%94%AF%E6%8F%B4A%E5%9E%8B%E4%BA%8B%E6%A5%AD%E6%89%80%E3%82%B9%E3%83%86%E3%83%83%E3%83%97/data=!4m7!3m6!1s0x355025d876df8a65:0x41c7df72f272a034!8m2!3d34.0315381!4d132.9712637!16s%2Fg%2F11j7y_klhp!19sChIJZYrfdtglUDURNKBy8nLfx0E?authuser=0&hl=ja&rclk=1","今治市","今治市 販促支援会社"
"株式会社四国ライト","https://s-right.com/","今治市 延喜 甲840番地1","0898-31-8851","https://www.google.com/maps/place/%EF%BC%88%E6%A0%AA%EF%BC%89%E5%9B%9B%E5%9B%BD%E3%83%A9%E3%82%A4%E3%83%88/data=!4m7!3m6!1s0x35503b6dd3da64e9:0x4779c29aa41ec04c!8m2!3d34.0654364!4d132.9567357!16s%2Fg%2F1tfrk49v!19sChIJ6WTa0207UDURTMAepJrCeUc?authuser=0&hl=ja&rclk=1","今治市","今治市 販促支援会社"
"多機能型事業所パドル","http://sign.flips.jp/","今治市 八町東６丁目４−２２","0898-48-5200","https://www.google.com/maps/place/%E5%A4%9A%E6%A9%9F%E8%83%BD%E5%9E%8B%E4%BA%8B%E6%A5%AD%E6%89%80%E3%83%91%E3%83%89%E3%83%AB/data=!4m7!3m6!1s0x35503abecf64225b:0x86dc47abc0433d8b!8m2!3d34.0342289!4d133.0032924!16s%2Fg%2F11b63839zg!19sChIJWyJkz746UDURiz1DwKtH3IY?authuser=0&hl=ja&rclk=1","今治市","今治市 販促支援会社"
"有限会社サウンドプロモーション","http://www.sound-pro.jp/","今治市 東門町１丁目１−３","0898-23-5805","https://www.google.com/maps/place/%EF%BC%88%E6%9C%89%EF%BC%89%E3%82%B5%E3%82%A6%E3%83%B3%E3%83%89%E3%83%97%E3%83%AD%E3%83%A2%E3%83%BC%E3%82%B7%E3%83%A7%E3%83%B3/data=!4m7!3m6!1s0x35503a71deec9e1b:0xc142b58e81d8e3bc!8m2!3d34.065824!4d133.009983!16s%2Fg%2F1tdw18kw!19sChIJG57s3nE6UDURvOPYgY61QsE?authuser=0&hl=ja&rclk=1","今治市","今治市 プロモーション会社"
"ビデオプロ特機株式会社","https://videopro.jp/","今治市 別名１９６−５","0898-31-2575","https://www.google.com/maps/place/%E3%83%93%E3%83%87%E3%82%AA%E3%83%97%E3%83%AD%E7%89%B9%E6%A9%9F%EF%BC%88%E6%A0%AA%EF%BC%89/data=!4m7!3m6!1s0x35503b26f65ae4f9:0xc088cf2f51935ccf!8m2!3d34.0427095!4d132.9773405!16s%2Fg%2F1thxt0g9!19sChIJ-eRa9iY7UDURz1yTUS_PiMA?authuser=0&hl=ja&rclk=1","今治市","今治市 プロモーション会社"
"映像制作 株式会社MANIAC SHOOTING JAPAN","https://gogomsj.com/","今治市 中寺1060番地3 高木第七ビル 503","070-8467-3588","https://www.google.com/maps/place/%E6%98%A0%E5%83%8F%E5%88%B6%E4%BD%9C+%EF%BC%88%E6%A0%AA%EF%BC%89MANIAC+SHOOTING+JAPAN/data=!4m7!3m6!1s0x35503bbabb5bd027:0x5597e9a2e75c1495!8m2!3d34.0417049!4d132.9826767!16s%2Fg%2F11s3fjk6f5!19sChIJJ9Bbu7o7UDURlRRc56Lpl1U?authuser=0&hl=ja&rclk=1","今治市","今治市 プロモーション会社"
"株式会社テイクワン","http://www.e-takeone.com/","今治市 共栄町２丁目２−２０","0898-24-2020","https://www.google.com/maps/place/%28%E6%A0%AA%29%E3%83%86%E3%82%A4%E3%82%AF%E3%83%AF%E3%83%B3/data=!4m7!3m6!1s0x35503a42a2631fc3:0xf820354696a4066a!8m2!3d34.068231!4d132.999635!16s%2Fg%2F1tgnjwsw!19sChIJwx9jokI6UDURagaklkY1IPg?authuser=0&hl=ja&rclk=1","今治市","今治市 プロモーション会社"
"トモケンチクコウボウ","https://www.tomo-kenchikukoubou.com/","今治市 郷本町３丁目３−６","0898-25-8751","https://www.google.com/maps/place/%E3%83%88%E3%83%A2%E3%82%B1%E3%83%B3%E3%83%81%E3%82%AF%E3%82%B3%E3%82%A6%E3%83%9C%E3%82%A6/data=!4m7!3m6!1s0x35503b7a34754963:0x73f05eae3c97a4bd!8m2!3d34.0463909!4d132.9920028!16s%2Fg%2F11rk02dqhq!19sChIJY0l1NHo7UDURvaSXPK5e8HM?authuser=0&hl=ja&rclk=1","今治市","今治市 プロモーション会社"
"みなと交流センター（はーばりー）","http://www.city.imabari.ehime.jp/kouwan/habari/","今治市 片原町１丁目１−２７","0898-36-1545","https://www.google.com/maps/place/%E3%81%BF%E3%81%AA%E3%81%A8%E4%BA%A4%E6%B5%81%E3%82%BB%E3%83%B3%E3%82%BF%E3%83%BC%EF%BC%88%E3%81%AF%E3%83%BC%E3%81%B0%E3%82%8A%E3%83%BC%EF%BC%89/data=!4m7!3m6!1s0x35503a6c00c39b85:0x4af8ffc76f19d2d8!8m2!3d34.0697754!4d133.0050946!16s%2Fg%2F11bzq37wgt!19sChIJhZvDAGw6UDUR2NIZb8f_-Eo?authuser=0&hl=ja&rclk=1","今治市","今治市 プロモーション会社"
"就労継続支援A型事業所｜ドリカムサポート飯塚","http://drecome-s.net/","飯塚市 本町７ 2F","0948-43-3313","https://www.google.com/maps/place/%E5%B0%B1%E5%8A%B4%E7%B6%99%E7%B6%9A%E6%94%AF%E6%8F%B4A%E5%9E%8B%E4%BA%8B%E6%A5%AD%E6%89%80%EF%BD%9C%E3%83%89%E3%83%AA%E3%82%AB%E3%83%A0%E3%82%B5%E3%83%9D%E3%83%BC%E3%83%88%E9%A3%AF%E5%A1%9A/data=!4m7!3m6!1s0x35417e30bd020c19:0x3207040381c3a5b9!8m2!3d33.6403804!4d130.6846666!16s%2Fg%2F11c0w142dp!19sChIJGQwCvTB-QTURuaXDgQMEBzI?authuser=0&hl=ja&rclk=1","飯塚市","飯塚市 販促支援会社"
"就労継続支援B型グッドアビリティ","https://www.abiplus.jp/","飯塚市 堀池１５３−７","0948-22-8801","https://www.google.com/maps/place/%E5%B0%B1%E5%8A%B4%E7%B6%99%E7%B6%9A%E6%94%AF%E6%8F%B4B%E5%9E%8B%E3%82%B0%E3%83%83%E3%83%89%E3%82%A2%E3%83%93%E3%83%AA%E3%83%86%E3%82%A3/data=!4m7!3m6!1s0x35417f40d2284c7f:0x73eff06a2fd3af65!8m2!3d33.6286715!4d130.6831721!16s%2Fg%2F11rr3mccjd!19sChIJf0wo0kB_QTURZa_TL2rw73M?authuser=0&hl=ja&rclk=1","飯塚市","飯塚市 販促支援会社"
"NPO法人嘉飯山ネットBASARA","http://basara-net.jp/","飯塚市 吉原町６−１","0948-23-5560","https://www.google.com/maps/place/NPO%E6%B3%95%E4%BA%BA%E5%98%89%E9%A3%AF%E5%B1%B1%E3%83%8D%E3%83%83%E3%83%88BASARA/data=!4m7!3m6!1s0x35417e3a922df235:0xb33a020dea2fd721!8m2!3d33.641744!4d130.686434!16s%2Fg%2F11btrry_y3!19sChIJNfItkjp-QTURIdcv6g0COrM?authuser=0&hl=ja&rclk=1","飯塚市","飯塚市 販促支援会社"
"就労継続支援B型 輝き","https://katkmut-maker.github.io/kokoronohikari/","飯塚市 立岩１０７７−１６８","090-9475-8566","https://www.google.com/maps/place/%E5%B0%B1%E5%8A%B4%E7%B6%99%E7%B6%9A%E6%94%AF%E6%8F%B4B%E5%9E%8B+%E8%BC%9D%E3%81%8D/data=!4m7!3m6!1s0x3543d596baf40c97:0xa0fccca5b22fa4d8!8m2!3d33.6486163!4d130.7055611!16s%2Fg%2F11yqg04y62!19sChIJlwz0upbVQzUR2KQvsqXM_KA?authuser=0&hl=ja&rclk=1","飯塚市","飯塚市 販促支援会社"
"株式会社 A-POST","https://www.a-post.jp/","飯塚市 佐與１７０１−５","0948-96-8066","https://www.google.com/maps/place/%E6%A0%AA%E5%BC%8F%E4%BC%9A%E7%A4%BE+A-POST/data=!4m7!3m6!1s0x3543d6784a76620d:0x978ecdea8ac66a56!8m2!3d33.6692421!4d130.7181502!16s%2Fg%2F1tl8hhwd!19sChIJDWJ2SnjWQzURVmrGiurNjpc?authuser=0&hl=ja&rclk=1","飯塚市","飯塚市 販促支援会社"
"公益財団法人飯塚研究開発機構","https://www.cird.or.jp/","飯塚市 川津680番地４１","0948-21-1150","https://www.google.com/maps/place/%E5%85%AC%E7%9B%8A%E8%B2%A1%E5%9B%A3%E6%B3%95%E4%BA%BA%E9%A3%AF%E5%A1%9A%E7%A0%94%E7%A9%B6%E9%96%8B%E7%99%BA%E6%A9%9F%E6%A7%8B/data=!4m7!3m6!1s0x3543b8bb1d04b20f:0xe7b11509f134455f!8m2!3d33.6508075!4d130.6711641!16s%2Fg%2F11f31dsj55!19sChIJD7IEHbu4QzURX0U08QkVsec?authuser=0&hl=ja&rclk=1","飯塚市","飯塚市 販促支援会社"
"良創夢 発達支援ルーム らいく穂波店","https://raiku-yume.jp/","飯塚市 弁分15番地11","0948-43-8507","https://www.google.com/maps/place/%E8%89%AF%E5%89%B5%E5%A4%A2+%E7%99%BA%E9%81%94%E6%94%AF%E6%8F%B4%E3%83%AB%E3%83%BC%E3%83%A0+%E3%82%89%E3%81%84%E3%81%8F%E7%A9%82%E6%B3%A2%E5%BA%97/data=!4m7!3m6!1s0x35417fd8d9e15e63:0x5db0c2754dccd5ca!8m2!3d33.6219465!4d130.6691347!16s%2Fg%2F11ywc2qq1s!19sChIJY17h2dh_QTURytXMTXXCsF0?authuser=0&hl=ja&rclk=1","飯塚市","飯塚市 販促支援会社"
"オフィスファイン","http://office-fine.net/","飯塚市 川津４５４−９","0948-26-0067","https://www.google.com/maps/place/%E3%82%AA%E3%83%95%E3%82%A3%E3%82%B9%E3%83%95%E3%82%A1%E3%82%A4%E3%83%B3/data=!4m7!3m6!1s0x35417fcd7fc04e41:0xcb12fa95d009374d!8m2!3d33.64867!4d130.6728132!16s%2Fg%2F1vc_n3mg!19sChIJQU7Af81_QTURTTcJ0JX6Ess?authuser=0&hl=ja&rclk=1","飯塚市","飯塚市 販促支援会社"
"株式会社翔栄プロダクション","https://shoei.pro/","飯塚市 川津６８０−４１ 353号室 福岡県立飯塚研究開発センタ","0948-43-9260","https://www.google.com/maps/place/%E6%A0%AA%E5%BC%8F%E4%BC%9A%E7%A4%BE%E7%BF%94%E6%A0%84%E3%83%97%E3%83%AD%E3%83%80%E3%82%AF%E3%82%B7%E3%83%A7%E3%83%B3/data=!4m7!3m6!1s0x35417f033e5e5505:0xa8bb09d7420ae800!8m2!3d33.6508603!4d130.6713551!16s%2Fg%2F11h8c42t4w!19sChIJBVVePgN_QTURAOgKQtcJu6g?authuser=0&hl=ja&rclk=1","飯塚市","飯塚市 プロモーション会社"
"株式会社トーン","https://tonegraphics.jp/","飯塚市 忠隈７１−４ NERO BOTANICA","0948-26-4777","https://www.google.com/maps/place/%E6%A0%AA%E5%BC%8F%E4%BC%9A%E7%A4%BE%E3%83%88%E3%83%BC%E3%83%B3/data=!4m7!3m6!1s0x35417e44d107dfe3:0x33b48c813aff25f2!8m2!3d33.6240504!4d130.6888121!16s%2Fg%2F1hhh4gzr5!19sChIJ498H0UR-QTUR8iX_OoGMtDM?authuser=0&hl=ja&rclk=1","飯塚市","飯塚市 プロモーション会社"
"有限会社コンサルティングオフィス","http://ag-consulting-office.com/","飯塚市 中３２６−３","0948-22-7081","https://www.google.com/maps/place/%E6%9C%89%E9%99%90%E4%BC%9A%E7%A4%BE%E3%82%B3%E3%83%B3%E3%82%B5%E3%83%AB%E3%83%86%E3%82%A3%E3%83%B3%E3%82%B0%E3%82%AA%E3%83%95%E3%82%A3%E3%82%B9/data=!4m7!3m6!1s0x3543d59bcc295555:0x2ee4ec29aabc5f3e!8m2!3d33.6674522!4d130.682584!16s%2Fg%2F11s3c9yxd0!19sChIJVVUpzJvVQzURPl-8qins5C4?authuser=0&hl=ja&rclk=1","飯塚市","飯塚市 プロモーション会社"
"筑豊印刷株式会社","http://chikuin.com/","飯塚市 新飯塚２４−３５","0948-22-0911","https://www.google.com/maps/place/%E7%AD%91%E8%B1%8A%E5%8D%B0%E5%88%B7%E6%A0%AA%E5%BC%8F%E4%BC%9A%E7%A4%BE/data=!4m7!3m6!1s0x35417e24e96eefdb:0x8beb69bc12daf7cc!8m2!3d33.6437135!4d130.6888824!16s%2Fg%2F1tg_77s6!19sChIJ2-9u6SR-QTURzPfaErxp64s?authuser=0&hl=ja&rclk=1","飯塚市","飯塚市 プロモーション会社"
"株式会社つむぎラボ","https://tsumugi-lab.co.jp/","佐世保市 大和町８３６−２","0956-56-7270","https://www.google.com/maps/place/%E6%A0%AA%E5%BC%8F%E4%BC%9A%E7%A4%BE%E3%81%A4%E3%82%80%E3%81%8E%E3%83%A9%E3%83%9C/data=!4m7!3m6!1s0x356a956b509436ab:0x3af020e6bc24ea16!8m2!3d33.1595051!4d129.7488228!16s%2Fg%2F11jgr5rjk6!19sChIJqzaUUGuVajURFuokvOYg8Do?authuser=0&hl=ja&rclk=1","佐世保市","佐世保市 販促支援会社"
"求人のってる（佐世保の求人広告会社）","https://www.kyuzin-notteru.com/","佐世保市 早岐１丁目１６−１７","070-2332-6515","https://www.google.com/maps/place/%E6%B1%82%E4%BA%BA%E3%81%AE%E3%81%A3%E3%81%A6%E3%82%8B%EF%BC%88%E4%BD%90%E4%B8%96%E4%BF%9D%E3%81%AE%E6%B1%82%E4%BA%BA%E5%BA%83%E5%91%8A%E4%BC%9A%E7%A4%BE%EF%BC%89/data=!4m7!3m6!1s0x356a97aa77f39073:0x79bbfff9790b4097!8m2!3d33.1324451!4d129.7986072!16s%2Fg%2F11y65s8sn8!19sChIJc5Dzd6qXajURl0ALefn_u3k?authuser=0&hl=ja&rclk=1","佐世保市","佐世保市 販促支援会社"
"株式会社 CORE","https://core-sasebo.com/","佐世保市 山祇町１９−５","0956-76-9839","https://www.google.com/maps/place/%E6%A0%AA%E5%BC%8F%E4%BC%9A%E7%A4%BE+CORE/data=!4m7!3m6!1s0x356a9427fb43ada5:0x18d307a7f8edeae2!8m2!3d33.1674585!4d129.7338253!16s%2Fg%2F11gfd73g6s!19sChIJpa1D-yeUajUR4urt-KcH0xg?authuser=0&hl=ja&rclk=1","佐世保市","佐世保市 販促支援会社"
"VSIDE (佐世保市産業支援センター)","https://vside.jp/","佐世保市 松浦町５−１","0956-24-6051","https://www.google.com/maps/place/VSIDE+%28%E4%BD%90%E4%B8%96%E4%BF%9D%E5%B8%82%E7%94%A3%E6%A5%AD%E6%94%AF%E6%8F%B4%E3%82%BB%E3%83%B3%E3%82%BF%E3%83%BC%29/data=!4m7!3m6!1s0x356a9439c3722991:0xc71af17b10af8c1c!8m2!3d33.1740776!4d129.717324!16s%2Fg%2F11g6yggnj8!19sChIJkSlywzmUajURHIyvEHvxGsc?authuser=0&hl=ja&rclk=1","佐世保市","佐世保市 販促支援会社"
"障がい者就労支援事業所ホットライフ(就労移行支援･就労継続支援B型)佐世保市","https://isial.net/","佐世保市 大黒町１１−２４","0956-56-3000","https://www.google.com/maps/place/%E9%9A%9C%E3%81%8C%E3%81%84%E8%80%85%E5%B0%B1%E5%8A%B4%E6%94%AF%E6%8F%B4%E4%BA%8B%E6%A5%AD%E6%89%80%E3%83%9B%E3%83%83%E3%83%88%E3%83%A9%E3%82%A4%E3%83%95%28%E5%B0%B1%E5%8A%B4%E7%A7%BB%E8%A1%8C%E6%94%AF%E6%8F%B4%EF%BD%A5%E5%B0%B1%E5%8A%B4%E7%B6%99%E7%B6%9A%E6%94%AF%E6%8F%B4B%E5%9E%8B%29%E4%BD%90%E4%B8%96%E4%BF%9D%E5%B8%82/data=!4m7!3m6!1s0x356a9566c8dd902b:0x2afa3f45d0f55bb7!8m2!3d33.1550927!4d129.7328108!16s%2Fg%2F11gk8y5tq0!19sChIJK5DdyGaVajURt1v10EU_-io?authuser=0&hl=ja&rclk=1","佐世保市","佐世保市 販促支援会社"
"パーソルビジネスプロセスデザイン株式会社（佐世保第1アウトソーシングセンター）","https://www.persol-bd.co.jp/","佐世保市 常盤町５−３ ラクロスビルディング BLDG 3F.5F.6F","0956-22-1311","https://www.google.com/maps/place/%E3%83%91%E3%83%BC%E3%82%BD%E3%83%AB%E3%83%93%E3%82%B8%E3%83%8D%E3%82%B9%E3%83%97%E3%83%AD%E3%82%BB%E3%82%B9%E3%83%87%E3%82%B6%E3%82%A4%E3%83%B3%E6%A0%AA%E5%BC%8F%E4%BC%9A%E7%A4%BE%EF%BC%88%E4%BD%90%E4%B8%96%E4%BF%9D%E7%AC%AC1%E3%82%A2%E3%82%A6%E3%83%88%E3%82%BD%E3%83%BC%E3%82%B7%E3%83%B3%E3%82%B0%E3%82%BB%E3%83%B3%E3%82%BF%E3%83%BC%EF%BC%89/data=!4m7!3m6!1s0x356a95089475f6a5:0xd8ec712ff7cf43df!8m2!3d33.1739786!4d129.719464!16s%2Fg%2F11rb0kr8w2!19sChIJpfZ1lAiVajUR30PP9y9x7Ng?authuser=0&hl=ja&rclk=1","佐世保市","佐世保市 販促支援会社"
"株式会社LITALCO 佐世保オフィス","http://www.fukushisoft.co.jp/","佐世保市 万徳町１−２０","0956-56-7299","https://www.google.com/maps/place/%28%E6%A0%AA%29LITALCO+%E4%BD%90%E4%B8%96%E4%BF%9D%E3%82%AA%E3%83%95%E3%82%A3%E3%82%B9/data=!4m7!3m6!1s0x356a943f0ac07985:0x23746e55be3389c!8m2!3d33.1812229!4d129.7152836!16s%2Fg%2F11d_w11l25!19sChIJhXnACj-UajURnDjjW-VGNwI?authuser=0&hl=ja&rclk=1","佐世保市","佐世保市 販促支援会社"
"エンポート障害福祉サービス事業所(就労継続支援A型･B型)","https://www.emport.co.jp/","佐世保市 相生町２−３５","0956-37-6780","https://www.google.com/maps/place/%E3%82%A8%E3%83%B3%E3%83%9D%E3%83%BC%E3%83%88%E9%9A%9C%E5%AE%B3%E7%A6%8F%E7%A5%89%E3%82%B5%E3%83%BC%E3%83%93%E3%82%B9%E4%BA%8B%E6%A5%AD%E6%89%80%28%E5%B0%B1%E5%8A%B4%E7%B6%99%E7%B6%9A%E6%94%AF%E6%8F%B4A%E5%9E%8B%EF%BD%A5B%E5%9E%8B%29/data=!4m7!3m6!1s0x356a959bf861cdc5:0xfcf3e6e518eeca86!8m2!3d33.1763881!4d129.7165274!16s%2Fg%2F11kfh6mt13!19sChIJxc1h-JuVajURhsruGOXm8_w?authuser=0&hl=ja&rclk=1","佐世保市","佐世保市 販促支援会社"
"有限会社プロモップ","https://www.ekiten.jp/shop_3936418/","佐世保市 高梨町１２３","0956-55-3113","https://www.google.com/maps/place/%E6%9C%89%E9%99%90%E4%BC%9A%E7%A4%BE%E3%83%97%E3%83%AD%E3%83%A2%E3%83%83%E3%83%97/data=!4m7!3m6!1s0xaa46529ed0168f81:0xc6c24f30e09f1836!8m2!3d33.1799762!4d129.7325058!16s%2Fg%2F11xm08j3_y!19sChIJgY8W0J5SRqoRNhif4DBPwsY?authuser=0&hl=ja&rclk=1","佐世保市","佐世保市 プロモーション会社"
"有限会社ステップ","http://www.eventstep.com/","佐世保市 福田町６−１５","0956-42-5385","https://www.google.com/maps/place/%28%E6%9C%89%29%E3%82%B9%E3%83%86%E3%83%83%E3%83%97/data=!4m7!3m6!1s0x356a9440840e8855:0xa28ed8c615943ba3!8m2!3d33.181627!4d129.713366!16s%2Fg%2F1tql2nxz!19sChIJVYgOhECUajURozuUFcbYjqI?authuser=0&hl=ja&rclk=1","佐世保市","佐世保市 プロモーション会社"
"スターライトプロダクション","https://stl-n.com/","佐世保市 干尽町２４","0956-76-9090","https://www.google.com/maps/place/%E3%82%B9%E3%82%BF%E3%83%BC%E3%83%A9%E3%82%A4%E3%83%88%E3%83%97%E3%83%AD%E3%83%80%E3%82%AF%E3%82%B7%E3%83%A7%E3%83%B3/data=!4m7!3m6!1s0x356a95204f887c07:0x57dafb082eee9bd0!8m2!3d33.1536214!4d129.7234721!16s%2Fg%2F11pls_zvbb!19sChIJB3yITyCVajUR0JvuLgj72lc?authuser=0&hl=ja&rclk=1","佐世保市","佐世保市 プロモーション会社"
"株式会社NSNプランニング","http://nsn-planning.com/","佐世保市 権常寺町２８８−２","0956-55-7721","https://www.google.com/maps/place/%28%E6%A0%AA%29NSN%E3%83%97%E3%83%A9%E3%83%B3%E3%83%8B%E3%83%B3%E3%82%B0/data=!4m7!3m6!1s0x356a977b022ac901:0x74a8005480c88d9a!8m2!3d33.1363052!4d129.8091862!16s%2Fg%2F11f60zhcxr!19sChIJAckqAnuXajURmo3IgFQAqHQ?authuser=0&hl=ja&rclk=1","佐世保市","佐世保市 プロモーション会社"
"ティーズ・アート株式会社","https://teesart.com/","佐世保市 田原町１−１","0956-42-9855","https://www.google.com/maps/place/%E3%83%86%E3%82%A3%E3%83%BC%E3%82%BA%E3%83%BB%E3%82%A2%E3%83%BC%E3%83%88%E6%A0%AA%E5%BC%8F%E4%BC%9A%E7%A4%BE/data=!4m7!3m6!1s0x356a93e5265c1e4d:0x387da415096c3ca6!8m2!3d33.2085076!4d129.7263805!16s%2Fg%2F11btrq_qfm!19sChIJTR5cJuWTajURpjxsCRWkfTg?authuser=0&hl=ja&rclk=1","佐世保市","佐世保市 プロモーション会社"
"まちなか生活研究所","https://www.sirasagi-care.co.jp/company/machiken/","八代市 本町２丁目３−３８","","https://www.google.com/maps/place/%E3%81%BE%E3%81%A1%E3%81%AA%E3%81%8B%E7%94%9F%E6%B4%BB%E7%A0%94%E7%A9%B6%E6%89%80/data=!4m7!3m6!1s0x35407fa0241b23b7:0xfe01e5a32dfc7bb1!8m2!3d32.5044485!4d130.5997184!16s%2Fg%2F11rtcnlkw1!19sChIJtyMbJKB_QDURsXv8LaPlAf4?authuser=0&hl=ja&rclk=1","八代市","八代市 販促支援会社"
"エイジス九州株式会社 八代オフィス","https://www.ajisk.co.jp/","八代市 田中東町１７−１０ １Ｆ","0965-30-0560","https://www.google.com/maps/place/%E3%82%A8%E3%82%A4%E3%82%B8%E3%82%B9%E4%B9%9D%E5%B7%9E%E6%A0%AA%E5%BC%8F%E4%BC%9A%E7%A4%BE+%E5%85%AB%E4%BB%A3%E3%82%AA%E3%83%95%E3%82%A3%E3%82%B9/data=!4m7!3m6!1s0x35407e4d3950c8e9:0xd5a10c61c84836f5!8m2!3d32.5205136!4d130.6058283!16s%2Fg%2F11b5pj2myv!19sChIJ6chQOU1-QDUR9TZIyGEModU?authuser=0&hl=ja&rclk=1","八代市","八代市 販促支援会社"
"熊本県南部就業・生活支援センター結","http://www.fwp.or.jp/company/facility.html","八代市 萩原町２丁目７−２","0965-35-3313","https://www.google.com/maps/place/%E7%86%8A%E6%9C%AC%E7%9C%8C%E5%8D%97%E9%83%A8%E5%B0%B1%E6%A5%AD%E3%83%BB%E7%94%9F%E6%B4%BB%E6%94%AF%E6%8F%B4%E3%82%BB%E3%83%B3%E3%82%BF%E3%83%BC%E7%B5%90/data=!4m7!3m6!1s0x35407f383db8dab1:0x1af234e1e6fe175c!8m2!3d32.5036828!4d130.6193932!16s%2Fg%2F11vf9hlhfl!19sChIJsdq4PTh_QDURXBf-5uE08ho?authuser=0&hl=ja&rclk=1","八代市","八代市 販促支援会社"
"若者サポートステーションやつしろ","https://www.saposute-yatushiro.com/","八代市 大手町２丁目１−１３","0965-37-8739","https://www.google.com/maps/place/%E8%8B%A5%E8%80%85%E3%82%B5%E3%83%9D%E3%83%BC%E3%83%88%E3%82%B9%E3%83%86%E3%83%BC%E3%82%B7%E3%83%A7%E3%83%B3%E3%82%84%E3%81%A4%E3%81%97%E3%82%8D/data=!4m7!3m6!1s0x35407fb78592badf:0xdc26780008c53837!8m2!3d32.5079975!4d130.6124275!16s%2Fg%2F11gbx8q1b_!19sChIJ37qShbd_QDURNzjFCAB4Jtw?authuser=0&hl=ja&rclk=1","八代市","八代市 販促支援会社"
"株式会社コア・プログレスイノベーション","https://cp-innovation.co.jp/","八代市 上日置町４７９１−１","050-1568-6841","https://www.google.com/maps/place/%E6%A0%AA%E5%BC%8F%E4%BC%9A%E7%A4%BE%E3%82%B3%E3%82%A2%E3%83%BB%E3%83%97%E3%83%AD%E3%82%B0%E3%83%AC%E3%82%B9%E3%82%A4%E3%83%8E%E3%83%99%E3%83%BC%E3%82%B7%E3%83%A7%E3%83%B3/data=!4m7!3m6!1s0x35407f8dbaf4ad35:0x71f16639bb6f7920!8m2!3d32.5192037!4d130.6354603!16s%2Fg%2F11g4dfrrkk!19sChIJNa30uo1_QDURIHlvuzlm8XE?authuser=0&hl=ja&rclk=1","八代市","八代市 プロモーション会社"
"メディア株式会社","http://www.media-kk.co.jp/","八代市 西松江城町１１−２７","0965-33-4837","https://www.google.com/maps/place/%E3%83%A1%E3%83%87%E3%82%A3%E3%82%A2%E6%A0%AA%E5%BC%8F%E4%BC%9A%E7%A4%BE/data=!4m7!3m6!1s0x35407fa091e6904d:0x5a874beabf4510b8!8m2!3d32.507951!4d130.594946!16s%2Fg%2F1td_wc40!19sChIJTZDmkaB_QDURuBBFv-pLh1o?authuser=0&hl=ja&rclk=1","八代市","八代市 プロモーション会社"
"株式会社ティミッション","http://tmission.site/","八代市 西宮町１４９０−２","","https://www.google.com/maps/place/%E6%A0%AA%E5%BC%8F%E4%BC%9A%E7%A4%BE%E3%83%86%E3%82%A3%E3%83%9F%E3%83%83%E3%82%B7%E3%83%A7%E3%83%B3/data=!4m7!3m6!1s0x3540807f12bf95bd:0x2fd66f6dd5446dba!8m2!3d32.5048832!4d130.6359541!16s%2Fg%2F11tcl58q4_!19sChIJvZW_En-AQDURum1E1W1v1i8?authuser=0&hl=ja&rclk=1","八代市","八代市 プロモーション会社"
"障害者就労継続支援B型事業所 スバル（SIC合同会社）","https://sic-subaru.com/","別府市 石垣西３丁目２−５ 丸栄ビル 1階","0977-76-8930","https://www.google.com/maps/place/%E9%9A%9C%E5%AE%B3%E8%80%85%E5%B0%B1%E5%8A%B4%E7%B6%99%E7%B6%9A%E6%94%AF%E6%8F%B4B%E5%9E%8B%E4%BA%8B%E6%A5%AD%E6%89%80+%E3%82%B9%E3%83%90%E3%83%AB%EF%BC%88SIC%E5%90%88%E5%90%8C%E4%BC%9A%E7%A4%BE%EF%BC%89/data=!4m7!3m6!1s0x3546a7848712ba09:0xc339c0127a95cd27!8m2!3d33.2922469!4d131.4940609!16s%2Fg%2F11fhts7999!19sChIJCboSh4SnRjURJ82VehLAOcM?authuser=0&hl=ja&rclk=1","別府市","別府市 販促支援会社"
"株式会社みんなの絆（自立訓練（生活訓練）・就労移行・就労継続支援B型）","http://minnano-k.jp/","別府市 実相寺２４−１−７","0977-76-5671","https://www.google.com/maps/place/%E6%A0%AA%E5%BC%8F%E4%BC%9A%E7%A4%BE%E3%81%BF%E3%82%93%E3%81%AA%E3%81%AE%E7%B5%86%EF%BC%88%E8%87%AA%E7%AB%8B%E8%A8%93%E7%B7%B4%EF%BC%88%E7%94%9F%E6%B4%BB%E8%A8%93%E7%B7%B4%EF%BC%89%E3%83%BB%E5%B0%B1%E5%8A%B4%E7%A7%BB%E8%A1%8C%E3%83%BB%E5%B0%B1%E5%8A%B4%E7%B6%99%E7%B6%9A%E6%94%AF%E6%8F%B4B%E5%9E%8B%EF%BC%89/data=!4m7!3m6!1s0x3546a70e7355862f:0x4cad589e30ad6ce4!8m2!3d33.3083553!4d131.4865855!16s%2Fg%2F11fb0jp4mv!19sChIJL4ZVcw6nRjUR5GytMJ5YrUw?authuser=0&hl=ja&rclk=1","別府市","別府市 販促支援会社"
"I.win（就労継続支援B型）","http://i-win.jp/","別府市 若草町９−９","0977-25-1294","https://www.google.com/maps/place/I.win%EF%BC%88%E5%B0%B1%E5%8A%B4%E7%B6%99%E7%B6%9A%E6%94%AF%E6%8F%B4B%E5%9E%8B%EF%BC%89/data=!4m7!3m6!1s0x3546a721b48eca59:0xe29110579d280e02!8m2!3d33.2902703!4d131.5027883!16s%2Fg%2F11bwbwknyp!19sChIJWcqOtCGnRjURAg4onVcQkeI?authuser=0&hl=ja&rclk=1","別府市","別府市 販促支援会社"
"(一社)別府市産業連携·協働プラットフォーム B-biz LINK(ビービズ リンク)","https://www.b-bizlink.or.jp/","別府市 末広町１−３ レンガホール 2階","0977-77-4513","https://www.google.com/maps/place/%28%E4%B8%80%E7%A4%BE%29%E5%88%A5%E5%BA%9C%E5%B8%82%E7%94%A3%E6%A5%AD%E9%80%A3%E6%90%BA%C2%B7%E5%8D%94%E5%83%8D%E3%83%97%E3%83%A9%E3%83%83%E3%83%88%E3%83%95%E3%82%A9%E3%83%BC%E3%83%A0+B-biz+LINK%28%E3%83%93%E3%83%BC%E3%83%93%E3%82%BA+%E3%83%AA%E3%83%B3%E3%82%AF%29/data=!4m7!3m6!1s0x3546a77403291623:0x509b72483aa50187!8m2!3d33.2744342!4d131.5029229!16s%2Fg%2F11ghdpxdql!19sChIJIxYpA3SnRjURhwGlOkhym1A?authuser=0&hl=ja&rclk=1","別府市","別府市 販促支援会社"
"合同会社Keytail 就労継続支援Ｂ型かぎしっぽ","https://keytail222.com/","別府市 北浜３丁目１１−２５","0977-73-7222","https://www.google.com/maps/place/%E5%90%88%E5%90%8C%E4%BC%9A%E7%A4%BEKeytail+%E5%B0%B1%E5%8A%B4%E7%B6%99%E7%B6%9A%E6%94%AF%E6%8F%B4%EF%BC%A2%E5%9E%8B%E3%81%8B%E3%81%8E%E3%81%97%E3%81%A3%E3%81%BD/data=!4m7!3m6!1s0x3546a740b860b731:0xf097646b803d79cc!8m2!3d33.2813594!4d131.5064945!16s%2Fg%2F11pw6jh2sq!19sChIJMbdguECnRjURzHk9gGtkl_A?authuser=0&hl=ja&rclk=1","別府市","別府市 販促支援会社"
"株式会社 リフライ","http://refly.co.jp/","別府市 野口中町１６−番 12号 さつきビル 2階","0977-75-9621","https://www.google.com/maps/place/%E6%A0%AA%E5%BC%8F%E4%BC%9A%E7%A4%BE+%E3%83%AA%E3%83%95%E3%83%A9%E3%82%A4/data=!4m7!3m6!1s0x3546a79bc5e31227:0xe63b88c83eedbae9!8m2!3d33.2836691!4d131.4969434!16s%2Fg%2F1tnhw413!19sChIJJxLjxZunRjUR6brtPsiIO-Y?authuser=0&hl=ja&rclk=1","別府市","別府市 販促支援会社"
"B型事業所つばきラボ","https://tsubakilab.jimdofree.com/","別府市 石垣東３丁目５−２０","0977-27-0020","https://www.google.com/maps/place/B%E5%9E%8B%E4%BA%8B%E6%A5%AD%E6%89%80%E3%81%A4%E3%81%B0%E3%81%8D%E3%83%A9%E3%83%9C/data=!4m7!3m6!1s0x3546a71dd8b3d509:0xa0f801f9da74470a!8m2!3d33.2932013!4d131.4962403!16s%2Fg%2F11flt30b7j!19sChIJCdWz2B2nRjURCkd02vkB-KA?authuser=0&hl=ja&rclk=1","別府市","別府市 販促支援会社"
"訪問介護事業所tetote | 株式会社kokoyori","https://tetote.care/","別府市 弓ヶ浜１−２８ 別府コージェマンション 301","","https://www.google.com/maps/place/%E8%A8%AA%E5%95%8F%E4%BB%8B%E8%AD%B7%E4%BA%8B%E6%A5%AD%E6%89%80tetote+%7C+%E6%A0%AA%E5%BC%8F%E4%BC%9A%E7%A4%BEkokoyori/data=!4m7!3m6!1s0x4256bf76875761e1:0xa25235804493ff57!8m2!3d33.2851941!4d131.5019628!16s%2Fg%2F11k43b5f20!19sChIJ4WFXh3a_VkIRV_-TRIA1UqI?authuser=0&hl=ja&rclk=1","別府市","別府市 販促支援会社"
"株式会社IDM","http://idm-drone.co.jp/","別府市 駅前本町９−２０","","https://www.google.com/maps/place/%E6%A0%AA%E5%BC%8F%E4%BC%9A%E7%A4%BEIDM/data=!4m7!3m6!1s0x3546a6df571ef611:0x8d6c8d620ddad8c3!8m2!3d33.2810137!4d131.5019132!16s%2Fg%2F11hcdv9kht!19sChIJEfYeV9-mRjURw9jaDWKNbI0?authuser=0&hl=ja&rclk=1","別府市","別府市 プロモーション会社"
"株式会社クリエイツ","http://info.co-creates.co.jp/","別府市 亀川東町４−２０","0977-66-3676","https://www.google.com/maps/place/%E6%A0%AA%E5%BC%8F%E4%BC%9A%E7%A4%BE%E3%82%AF%E3%83%AA%E3%82%A8%E3%82%A4%E3%83%84/data=!4m7!3m6!1s0x3546a761527f4707:0x28235b2973e5ff48!8m2!3d33.32291!4d131.4969!16s%2Fg%2F1tj9r48b!19sChIJB0d_UmGnRjURSP_lcylbIyg?authuser=0&hl=ja&rclk=1","別府市","別府市 プロモーション会社"
"株式会社城島高原オペレーションズ","https://www.kijimakogen.jp/","別府市 城島高原１２３","0977-22-1166","https://www.google.com/maps/place/%EF%BC%88%E6%A0%AA%EF%BC%89%E5%9F%8E%E5%B3%B6%E9%AB%98%E5%8E%9F%E3%82%AA%E3%83%9A%E3%83%AC%E3%83%BC%E3%82%B7%E3%83%A7%E3%83%B3%E3%82%BA/data=!4m7!3m6!1s0x3546af43ad43da0f:0x40a7441d20800780!8m2!3d33.2648348!4d131.4287567!16s%2Fg%2F11r96bfvc!19sChIJD9pDrUOvRjURgAeAIB1Ep0A?authuser=0&hl=ja&rclk=1","別府市","別府市 プロモーション会社"
"CyberArts131（サイバーアーツイサイ）","http://cyberarts131.com/","別府市 ６ 上人ヶ浜2-49","","https://www.google.com/maps/place/CyberArts131%EF%BC%88%E3%82%B5%E3%82%A4%E3%83%90%E3%83%BC%E3%82%A2%E3%83%BC%E3%83%84%E3%82%A4%E3%82%B5%E3%82%A4%EF%BC%89/data=!4m7!3m6!1s0x3546a75d6aaaaaab:0x218e77447db389d3!8m2!3d33.3169776!4d131.5025291!16s%2Fg%2F11j394dldv!19sChIJq6qqal2nRjUR04mzfUR3jiE?authuser=0&hl=ja&rclk=1","別府市","別府市 プロモーション会社"
"株式会社トスプロ","http://www.tospro.co.jp/","別府市 春日浦８４３−２５ ＴＯＳ本社 ２F","097-533-1968","https://www.google.com/maps/place/%E6%A0%AA%E5%BC%8F%E4%BC%9A%E7%A4%BE%E3%83%88%E3%82%B9%E3%83%97%E3%83%AD/data=!4m7!3m6!1s0x3546a1d45dc2a98d:0xbeb531d8d49f38a0!8m2!3d33.2468284!4d131.5971779!16s%2Fg%2F11dxdjgv7b!19sChIJjanCXdShRjURoDif1Ngxtb4?authuser=0&hl=ja&rclk=1","別府市","別府市 プロモーション会社"
"株式会社メッセージ","https://message-ado.co.jp/","都城市 祝吉３丁目５−１６","0986-26-3455","https://www.google.com/maps/place/%E6%A0%AA%E5%BC%8F%E4%BC%9A%E7%A4%BE%E3%83%A1%E3%83%83%E3%82%BB%E3%83%BC%E3%82%B8/data=!4m7!3m6!1s0x353f265914fc6f17:0x713e3fec27e0cb92!8m2!3d31.7416267!4d131.0834066!16s%2Fg%2F1tpb8rgw!19sChIJF2_8FFkmPzURksvgJ-w_PnE?authuser=0&hl=ja&rclk=1","都城市","都城市 販促支援会社"
"大淀開発株式会社","https://ooyodokaihatsu.co.jp/","都城市 上長飯町５４２７−１","0986-22-3362","https://www.google.com/maps/place/%E5%A4%A7%E6%B7%80%E9%96%8B%E7%99%BA%E6%A0%AA%E5%BC%8F%E4%BC%9A%E7%A4%BE/data=!4m7!3m6!1s0x353f27bf04e67839:0x8525880f6e7eadc3!8m2!3d31.707106!4d131.097778!16s%2Fg%2F1v_z230x!19sChIJOXjmBL8nPzURw61-bg-IJYU?authuser=0&hl=ja&rclk=1","都城市","都城市 販促支援会社"
"千人力 都城店","https://www.senninriki.jp/","都城市 一万城町１０２−１５","0120-100-076","https://www.google.com/maps/place/%E5%8D%83%E4%BA%BA%E5%8A%9B+%E9%83%BD%E5%9F%8E%E5%BA%97/data=!4m7!3m6!1s0x353f27b472b411ed:0x96f082ea7fae9b53!8m2!3d31.720571!4d131.095388!16s%2Fg%2F1trpnk52!19sChIJ7RG0crQnPzURU5uuf-qC8JY?authuser=0&hl=ja&rclk=1","都城市","都城市 販促支援会社"
"都城まちづくり株式会社","https://www.machidukuri-miyakonojo-city.jp/","都城市 蔵原町１１−２５","0986-26-1100","https://www.google.com/maps/place/%E9%83%BD%E5%9F%8E%E3%81%BE%E3%81%A1%E3%81%A5%E3%81%8F%E3%82%8A%E6%A0%AA%E5%BC%8F%E4%BC%9A%E7%A4%BE/data=!4m7!3m6!1s0x353f2710e9ce9e97:0xa19eb98c210b2646!8m2!3d31.724465!4d131.065885!16s%2Fg%2F1v2j9pmr!19sChIJl57O6RAnPzURRiYLIYy5nqE?authuser=0&hl=ja&rclk=1","都城市","都城市 販促支援会社"
"株式会社オフィス・サプリ","https://office-supple.info/","都城市 五十町２４２１−１","0986-70-0311","https://www.google.com/maps/place/%E6%A0%AA%E5%BC%8F%E4%BC%9A%E7%A4%BE%E3%82%AA%E3%83%95%E3%82%A3%E3%82%B9%E3%83%BB%E3%82%B5%E3%83%97%E3%83%AA/data=!4m7!3m6!1s0x353e6754640d52c1:0xb70840b0b0b6b873!8m2!3d31.7129015!4d131.0339039!16s%2Fg%2F11rx8v0w6m!19sChIJwVINZFRnPjURc7i2sLBACLc?authuser=0&hl=ja&rclk=1","都城市","都城市 販促支援会社"
"Nitto Kogyo 充電スタンド","https://www.city.miyakonojo.miyazaki.jp/map/14528.html","都城市 姫城町６−２１","0986-23-2111","https://www.google.com/maps/place/Nitto+Kogyo+%E5%85%85%E9%9B%BB%E3%82%B9%E3%82%BF%E3%83%B3%E3%83%89/data=!4m7!3m6!1s0x353f271525dc4e21:0x5764d3b4efd100d8!8m2!3d31.7189566!4d131.0617412!16s%2Fg%2F11yysr6fss!19sChIJIU7cJRUnPzUR2ADR77TTZFc?authuser=0&hl=ja&rclk=1","都城市","都城市 販促支援会社"
"合同会社花菜","https://hanana-go.com/","都城市 080-5114-9023","080-5114-9023","https://www.google.com/maps/place/%E5%90%88%E5%90%8C%E4%BC%9A%E7%A4%BE%E8%8A%B1%E8%8F%9C/data=!4m7!3m6!1s0x2c93c110d37e777f:0xbfd0ee3990a45583!8m2!3d32.9998961!4d138.4293072!16s%2Fg%2F11x1p8659d!19sChIJf3d-0xDBkywRg1WkkDnu0L8?authuser=0&hl=ja&rclk=1","都城市","都城市 販促支援会社"
"有限会社都城情報ビジネス","https://www.mjb.jp/","都城市 鷹尾１丁目９−街区18","0986-21-1045","https://www.google.com/maps/place/%28%E6%9C%89%29%E9%83%BD%E5%9F%8E%E6%83%85%E5%A0%B1%E3%83%93%E3%82%B8%E3%83%8D%E3%82%B9/data=!4m7!3m6!1s0x353f2737c8400001:0x105806fbce931bba!8m2!3d31.724931!4d131.0475152!16s%2Fg%2F11vscv9sqj!19sChIJAQBAyDcnPzURuhuTzvsGWBA?authuser=0&hl=ja&rclk=1","都城市","都城市 プロモーション会社"
"都城映像NEONE","https://www.miyakonojoeizou-neone.com/about.html","都城市 丸谷町３６０−２","090-3324-2955","https://www.google.com/maps/place/%E9%83%BD%E5%9F%8E%E6%98%A0%E5%83%8FNEONE/data=!4m7!3m6!1s0x353f252e77797895:0xfa552a7a0c25a413!8m2!3d31.8097091!4d131.0574277!16s%2Fg%2F11tb_932gh!19sChIJlXh5dy4lPzURE6QlDHoqVfo?authuser=0&hl=ja&rclk=1","都城市","都城市 プロモーション会社"
"株式会社都城印刷（ぷりんと本舗 営業時間：平日朝9:00～夕方6:00）","http://mpcr.jp/","都城市 早鈴町１６１８","0986-22-4392","https://www.google.com/maps/place/%EF%BC%88%E6%A0%AA%EF%BC%89%E9%83%BD%E5%9F%8E%E5%8D%B0%E5%88%B7%EF%BC%88%E3%81%B7%E3%82%8A%E3%82%93%E3%81%A8%E6%9C%AC%E8%88%97+%E5%96%B6%E6%A5%AD%E6%99%82%E9%96%93%EF%BC%9A%E5%B9%B3%E6%97%A5%E6%9C%9D9:00%EF%BD%9E%E5%A4%95%E6%96%B96:00%EF%BC%89/data=!4m7!3m6!1s0x353f270c6641afe7:0x29baeb37f76d0bbc!8m2!3d31.7165294!4d131.0739675!16s%2Fg%2F11b7swm74y!19sChIJ569BZgwnPzURvAtt9zfruik?authuser=0&hl=ja&rclk=1","都城市","都城市 プロモーション会社"
"合同会社YOYE","https://www.yoye.jp/","都城市 若葉町１３−13街区 20号","0986-77-6633","https://www.google.com/maps/place/%E5%90%88%E5%90%8C%E4%BC%9A%E7%A4%BEYOYE/data=!4m7!3m6!1s0x353f275c3b572fe7:0xa99d11932d1c3660!8m2!3d31.7222101!4d131.0757419!16s%2Fg%2F11vm4b69r3!19sChIJ5y9XO1wnPzURYDYcLZMRnak?authuser=0&hl=ja&rclk=1","都城市","都城市 プロモーション会社"
"サービスプラン沖縄","http://accompany-oki.com/","沖縄市 安慶田１丁目１−７","098-989-3901","https://www.google.com/maps/place/%E3%82%B5%E3%83%BC%E3%83%93%E3%82%B9%E3%83%97%E3%83%A9%E3%83%B3%E6%B2%96%E7%B8%84/data=!4m7!3m6!1s0x34e51340b90449f3:0xb28b60313383c9d8!8m2!3d26.337606!4d127.8103248!16s%2Fg%2F11gzqc55h8!19sChIJ80kEuUAT5TQR2MmDMzFgi7I?authuser=0&hl=ja&rclk=1","沖縄市","沖縄市 販促支援会社"
"沖縄の就労継続支援A型 SOONESS山里","https://sooness.co.jp/","沖縄市 山里２丁目２−１","098-911-1802","https://www.google.com/maps/place/%E6%B2%96%E7%B8%84%E3%81%AE%E5%B0%B1%E5%8A%B4%E7%B6%99%E7%B6%9A%E6%94%AF%E6%8F%B4A%E5%9E%8B+SOONESS%E5%B1%B1%E9%87%8C/data=!4m7!3m6!1s0x34e5130ad82e1ff9:0xb3695b313eaa1f2e!8m2!3d26.3230323!4d127.7930689!16s%2Fg%2F11q2f5qkzj!19sChIJ-R8u2AoT5TQRLh-qPjFbabM?authuser=0&hl=ja&rclk=1","沖縄市","沖縄市 販促支援会社"
"相談支援事業所なちゅら","http://www.naturafukushi.net/office.php","沖縄市 美原２丁目２６−５ 信ビル 301","098-894-5183","https://www.google.com/maps/place/%E7%9B%B8%E8%AB%87%E6%94%AF%E6%8F%B4%E4%BA%8B%E6%A5%AD%E6%89%80%E3%81%AA%E3%81%A1%E3%82%85%E3%82%89/data=!4m7!3m6!1s0x34e50fc5f9c3fcfb:0x9cabcb1e8beec53c!8m2!3d26.3472318!4d127.8186614!16s%2Fg%2F11ft_g5g3_!19sChIJ-_zD-cUP5TQRPMXuix7Lq5w?authuser=0&hl=ja&rclk=1","沖縄市","沖縄市 販促支援会社"
"就労継続支援B型きずな げんき厨房","https://yui-taishin.jimdofree.com/%E5%B0%B1%E5%8A%B4%E7%B6%99%E7%B6%9A%E6%94%AF%E6%8F%B4%EF%BD%82%E5%9E%8B-%E3%81%8D%E3%81%9A%E3%81%AA/","沖縄市 泡瀬１丁目５−１４","098-938-1620","https://www.google.com/maps/place/%E5%B0%B1%E5%8A%B4%E7%B6%99%E7%B6%9A%E6%94%AF%E6%8F%B4B%E5%9E%8B%E3%81%8D%E3%81%9A%E3%81%AA+%E3%81%92%E3%82%93%E3%81%8D%E5%8E%A8%E6%88%BF/data=!4m7!3m6!1s0x34e50dc0a96aa981:0x2421091524e52a6a!8m2!3d26.3209894!4d127.8349235!16s%2Fg%2F11btrrsxj9!19sChIJgalqqcAN5TQRairlJBUJISQ?authuser=0&hl=ja&rclk=1","沖縄市","沖縄市 販促支援会社"
"沖縄県よろず支援拠点","https://google.yorozu-okinawa.go.jp/","沖縄市 小禄1831番地１ 414号室","098-851-8460","https://www.google.com/maps/place/%E6%B2%96%E7%B8%84%E7%9C%8C%E3%82%88%E3%82%8D%E3%81%9A%E6%94%AF%E6%8F%B4%E6%8B%A0%E7%82%B9/data=!4m7!3m6!1s0x34e569b78987072f:0xc21ece15738f7203!8m2!3d26.2027765!4d127.6617487!16s%2Fg%2F11c3nzv2s9!19sChIJLweHibdp5TQRA3KPcxXOHsI?authuser=0&hl=ja&rclk=1","沖縄市","沖縄市 販促支援会社"
"沖縄市障がい者福祉協会（ＮＰＯ法人）","https://okishokyo.com/","沖縄市 住吉１丁目１４−２９","098-938-3480","https://www.google.com/maps/place/%E6%B2%96%E7%B8%84%E5%B8%82%E9%9A%9C%E3%81%8C%E3%81%84%E8%80%85%E7%A6%8F%E7%A5%89%E5%8D%94%E4%BC%9A%EF%BC%88%EF%BC%AE%EF%BC%B0%EF%BC%AF%E6%B3%95%E4%BA%BA%EF%BC%89/data=!4m7!3m6!1s0x34e50df7f8043445:0x87cec09a1107d3fb!8m2!3d26.3389124!4d127.809155!16s%2Fg%2F1tdqf6k7!19sChIJRTQE-PcN5TQR-9MHEZrAzoc?authuser=0&hl=ja&rclk=1","沖縄市","沖縄市 販促支援会社"
"プロモーションうるま","https://promo-uruma.com/","沖縄市 田場１３０４−１","098-923-5995","https://www.google.com/maps/place/%E3%83%97%E3%83%AD%E3%83%A2%E3%83%BC%E3%82%B7%E3%83%A7%E3%83%B3%E3%81%86%E3%82%8B%E3%81%BE/data=!4m7!3m6!1s0x34e50ef981bcc1dd:0xd6feb2d9399e8b5b!8m2!3d26.3666827!4d127.8563027!16s%2Fg%2F11bx1rvpjk!19sChIJ3cG8gfkO5TQRW4ueOdmy_tY?authuser=0&hl=ja&rclk=1","沖縄市","沖縄市 プロモーション会社"
"合同会社PROJECT9","http://project-nine.info/","沖縄市 諸見里１丁目１８−１８","090-6859-5385","https://www.google.com/maps/place/%E5%90%88%E5%90%8C%E4%BC%9A%E7%A4%BEPROJECT9/data=!4m7!3m6!1s0x34e513ee8d608da1:0xc8985143181631a7!8m2!3d26.3311973!4d127.7929933!16s%2Fg%2F11gv_hwp_2!19sChIJoY1gje4T5TQRpzEWGENRmMg?authuser=0&hl=ja&rclk=1","沖縄市","沖縄市 プロモーション会社"
"琉球ミライ","http://ryukyumirai.jp/","沖縄市 中央１丁目７−８ Startup Lab Lagoon","","https://www.google.com/maps/place/%E7%90%89%E7%90%83%E3%83%9F%E3%83%A9%E3%82%A4/data=!4m7!3m6!1s0x34e513d06878c177:0xe3c54e794a85d611!8m2!3d26.3367807!4d127.8004108!16s%2Fg%2F11sx517s8k!19sChIJd8F4aNAT5TQREdaFSnlOxeM?authuser=0&hl=ja&rclk=1","沖縄市","沖縄市 プロモーション会社"
"FPコンサルタント不動産","https://www.fpcf.jp/","沖縄市 照屋２丁目２２−３０ コーポ上原 102号","098-923-4330","https://www.google.com/maps/place/FP%E3%82%B3%E3%83%B3%E3%82%B5%E3%83%AB%E3%82%BF%E3%83%B3%E3%83%88%E4%B8%8D%E5%8B%95%E7%94%A3/data=!4m7!3m6!1s0x34e50d18c53818eb:0x6665b1fe97cc426a!8m2!3d26.3336547!4d127.8149352!16s%2Fg%2F11fngzcskh!19sChIJ6xg4xRgN5TQRakLMl_6xZWY?authuser=0&hl=ja&rclk=1","沖縄市","沖縄市 プロモーション会社"
"株式会社アキプロモーション","https://aki-promotion.com/","沖縄市 宮平６６３−４ 栄廣マンション","090-4470-5881","https://www.google.com/maps/place/%E6%A0%AA%E5%BC%8F%E4%BC%9A%E7%A4%BE%E3%82%A2%E3%82%AD%E3%83%97%E3%83%AD%E3%83%A2%E3%83%BC%E3%82%B7%E3%83%A7%E3%83%B3/data=!4m7!3m6!1s0x34e56eb6b425294f:0x6afbcf6cbf3650cb!8m2!3d26.1969122!4d127.7301955!16s%2Fg%2F11h7dx0f1d!19sChIJTykltLZu5TQRy1A2v2zP-2o?authuser=0&hl=ja&rclk=1","沖縄市","沖縄市 プロモーション会社"
"株式会社ドリームプロダクション沖縄","https://www.okinawa-dreamer.net/","沖縄市 真栄原２丁目３−８","098-894-8470","https://www.google.com/maps/place/%E6%A0%AA%E5%BC%8F%E4%BC%9A%E7%A4%BE%E3%83%89%E3%83%AA%E3%83%BC%E3%83%A0%E3%83%97%E3%83%AD%E3%83%80%E3%82%AF%E3%82%B7%E3%83%A7%E3%83%B3%E6%B2%96%E7%B8%84/data=!4m7!3m6!1s0x34e56d04c9aa1ed7:0x6c0e7d9370a81f76!8m2!3d26.2594697!4d127.7423293!16s%2Fg%2F12hlxty7b!19sChIJ1x6qyQRt5TQRdh-ocJN9Dmw?authuser=0&hl=ja&rclk=1","沖縄市","沖縄市 プロモーション会社"
"error株式会社","https://error.co.jp/","沖縄市 園田１丁目８−３１","098-988-5030","https://www.google.com/maps/place/error%E6%A0%AA%E5%BC%8F%E4%BC%9A%E7%A4%BE/data=!4m7!3m6!1s0x34e5136ecbc8ccb5:0xf48a7542110c3efa!8m2!3d26.330589!4d127.798859!16s%2Fg%2F11y3mv29kp!19sChIJtczIy24T5TQR-j4MEUJ1ivQ?authuser=0&hl=ja&rclk=1","沖縄市","沖縄市 プロモーション会社"
"沖縄の映像制作ディレクター サンチュー","https://okinawamovie.com/","沖縄市 090-8298-9509","090-8298-9509","https://www.google.com/maps/place/%E6%B2%96%E7%B8%84%E3%81%AE%E6%98%A0%E5%83%8F%E5%88%B6%E4%BD%9C%E3%83%87%E3%82%A3%E3%83%AC%E3%82%AF%E3%82%BF%E3%83%BC+%E3%82%B5%E3%83%B3%E3%83%81%E3%83%A5%E3%83%BC/data=!4m7!3m6!1s0x424c57a0c7510fcd:0x7668a442dbfa2e09!8m2!3d26.3029727!4d127.8172826!16s%2Fg%2F11n9tv5nj1!19sChIJzQ9Rx6BXTEIRCS7620KkaHY?authuser=0&hl=ja&rclk=1","沖縄市","沖縄市 プロモーション会社"
