company_name,url,address,phone,maps_url,area_hint,query
㈱doco,https://www.do-co.jp/,旭川市 ９条通８丁目２４８６−２１,0166-26-1010,https://www.google.com/maps/place/%E3%88%B1doco/data=!4m7!3m6!1s0x5f0ce66ae8d6d3cf:0x619d559f151ee786!8m2!3d43.7744022!4d142.3647099!16s%2Fg%2F1td7n398!19sChIJz9PW6GrmDF8RhuceFZ9VnWE?authuser=0&hl=ja&rclk=1,旭川市,旭川市 Webマーケティング会社
ライナー専属代理店 ㈱ライナー企画,https://liner-kikaku.com/,旭川市 豊岡１２条７丁目１−５,0166-33-5096,https://www.google.com/maps/place/%E3%83%A9%E3%82%A4%E3%83%8A%E3%83%BC%E5%B0%82%E5%B1%9E%E4%BB%A3%E7%90%86%E5%BA%97+%E3%88%B1%E3%83%A9%E3%82%A4%E3%83%8A%E3%83%BC%E4%BC%81%E7%94%BB/data=!4m7!3m6!1s0x5f0ce6f7321a9931:0xd04154ce92ec40b!8m2!3d43.7694135!4d142.413206!16s%2Fg%2F1thd6gtj!19sChIJMZkaMvfmDF8RC8Qu6UwVBA0?authuser=0&hl=ja&rclk=1,旭川市,旭川市 広告代理店
㈱美広社,https://www.bikosya.info/,旭川市 永山８条１丁目１−１４,0166-23-7780,https://www.google.com/maps/place/%E3%88%B1%E7%BE%8E%E5%BA%83%E7%A4%BE/data=!4m7!3m6!1s0x5f0ce68e4dc03373:0x5af796c3ac018ae8!8m2!3d43.7812193!4d142.4017243!16s%2Fg%2F1wk7qnrh!19sChIJczPATY7mDF8R6IoBrMOW91o?authuser=0&hl=ja&rclk=1,旭川市,旭川市 広告代理店
㈲ドーエープラス,https://www.doa-plus.com/,函館市 本通３丁目１６−４,0138-32-2400,https://www.google.com/maps/place/%E3%88%B2%E3%83%89%E3%83%BC%E3%82%A8%E3%83%BC%E3%83%97%E3%83%A9%E3%82%B9/data=!4m7!3m6!1s0x5f9ef45f1874da03:0x4c92cb11b5fa0883!8m2!3d41.79134!4d140.7784371!16s%2Fg%2F1hhhyb183!19sChIJA9p0GF_0nl8Rgwj6tRHLkkw?authuser=0&hl=ja&rclk=1,函館市,函館市 広告代理店
㈱青いぽすと,https://aopos.jp/,函館市 桔梗町３７９−２７,0138-84-1002,https://www.google.com/maps/place/%E3%88%B1%E9%9D%92%E3%81%84%E3%81%BD%E3%81%99%E3%81%A8/data=!4m7!3m6!1s0x5f9ef39967d89455:0xcbc82d31e4499cb5!8m2!3d41.8376208!4d140.7319658!16s%2Fg%2F11dynwzykg!19sChIJVZTYZ5nznl8RtZxJ5DEtyMs?authuser=0&hl=ja&rclk=1,函館市,函館市 広告代理店
㈱総合エージェンシー,https://agencycompany.web.fc2.com/,帯広市 東２条南４丁目３−４,0155-23-5555,https://www.google.com/maps/place/%E3%88%B1%E7%B7%8F%E5%90%88%E3%82%A8%E3%83%BC%E3%82%B8%E3%82%A7%E3%83%B3%E3%82%B7%E3%83%BC/data=!4m7!3m6!1s0x5f739930780fbbf3:0xf6d79450c6f88b4e!8m2!3d42.9281111!4d143.2073361!16s%2Fg%2F1tdf14jz!19sChIJ87sPeDCZc18RTov4xlCU1_Y?authuser=0&hl=ja&rclk=1,帯広市,帯広市 広告代理店
ドットウェブ,http://www.e053.com/,苫小牧市 汐見町３丁目１２−１１,0144-38-2060,https://www.google.com/maps/place/%E3%83%89%E3%83%83%E3%83%88%E3%82%A6%E3%82%A7%E3%83%96/data=!4m7!3m6!1s0x5f7510e8e0a2f269:0x794316b1c7830156!8m2!3d42.6290303!4d141.609866!16s%2Fg%2F1tmbvy52!19sChIJafKi4OgQdV8RVgGDx7EWQ3k?authuser=0&hl=ja&rclk=1,苫小牧市,苫小牧市 Webマーケティング会社
J-TRADE合同会社(ジェイトレード),https://www.j-trade.org/,苫小牧市 表町１丁目３−４ 大東ビル 1階,0144-84-8617,https://www.google.com/maps/place/J-TRADE%E5%90%88%E5%90%8C%E4%BC%9A%E7%A4%BE%28%E3%82%B8%E3%82%A7%E3%82%A4%E3%83%88%E3%83%AC%E3%83%BC%E3%83%89%29/data=!4m7!3m6!1s0x5f7511dd4ee84165:0x24589867ece2704!8m2!3d42.634453!4d141.6017059!16s%2Fg%2F11t_sp1rr3!19sChIJZUHoTt0RdV8RBCfOfoaJRQI?authuser=0&hl=ja&rclk=1,苫小牧市,苫小牧市 Webマーケティング会社
㈲苫小牧広告美術社,http://fukui-kanban.boy.jp/,苫小牧市 住吉町１丁目９−１６,0144-32-2753,https://www.google.com/maps/place/%E3%88%B2%E8%8B%AB%E5%B0%8F%E7%89%A7%E5%BA%83%E5%91%8A%E7%BE%8E%E8%A1%93%E7%A4%BE/data=!4m7!3m6!1s0x5f751753701e7959:0xbc465a36640c1e87!8m2!3d42.655475!4d141.6099191!16s%2Fg%2F1tfzm47w!19sChIJWXkecFMXdV8Rhx4MZDZaRrw?authuser=0&hl=ja&rclk=1,苫小牧市,苫小牧市 広告代理店
㈱愛京広告,https://aikyo-ad.com/,苫小牧市 植苗１２１−１０,0144-84-1389,https://www.google.com/maps/place/%E3%88%B1%E6%84%9B%E4%BA%AC%E5%BA%83%E5%91%8A/data=!4m7!3m6!1s0x5f751efec2f7989b:0xe5c726add9482103!8m2!3d42.7336478!4d141.7189699!16s%2Fg%2F11gh2wh9_j!19sChIJm5j3wv4edV8RAyFI2a0mx-U?authuser=0&hl=ja&rclk=1,苫小牧市,苫小牧市 広告代理店
ミツモリーナ,https://mitsumorina-lp.otis.company/,苫小牧市 弥生町２丁目３−１,0144-78-3500,https://www.google.com/maps/place/%E3%83%9F%E3%83%84%E3%83%A2%E3%83%AA%E3%83%BC%E3%83%8A/data=!4m7!3m6!1s0x5f7511fa4bdc73ed:0xfd2fb4fd4f80b1ca!8m2!3d42.6267127!4d141.5791836!16s%2Fg%2F11zhr3pgq4!19sChIJ7XPcS_oRdV8RyrGAT_20L_0?authuser=0&hl=ja&rclk=1,苫小牧市,苫小牧市 広告代理店
ポップアラヤ,https://tomakomai.mypl.net/shop/00000364049/,苫小牧市 元町１丁目６−２０,0144-73-5920,https://www.google.com/maps/place/%E3%83%9D%E3%83%83%E3%83%97%E3%82%A2%E3%83%A9%E3%83%A4/data=!4m7!3m6!1s0x5f751121bb80bca9:0x5791adaf5af5cbcf!8m2!3d42.625237!4d141.5860401!16s%2Fg%2F1tfhg6qr!19sChIJqbyAuyERdV8Rz8v1Wq-tkVc?authuser=0&hl=ja&rclk=1,苫小牧市,苫小牧市 広告代理店
SipuoFare!,http://www.web-p.jp/,釧路市 新川町１−７,0154-32-4080,https://www.google.com/maps/place/SipuoFare!/data=!4m7!3m6!1s0x5f72162c6d8ee1e9:0x75d0e025fab8533b!8m2!3d43.0024709!4d144.3774584!16s%2Fg%2F11r926m7b!19sChIJ6eGObSwWcl8RO1O4-iXg0HU?authuser=0&hl=ja&rclk=1,釧路市,釧路市 広告代理店
㈱プラスアート,http://www.plusart.co.jp/about/,釧路市 光和３丁目１３,0154-39-6060,https://www.google.com/maps/place/%E3%88%B1%E3%83%97%E3%83%A9%E3%82%B9%E3%82%A2%E3%83%BC%E3%83%88/data=!4m7!3m6!1s0x5f7217b59bcd6869:0x51703dc9cb931586!8m2!3d43.0058197!4d144.4022434!16s%2Fg%2F11g68zdv8s!19sChIJaWjNm7UXcl8RhhWTy8k9cFE?authuser=0&hl=ja&rclk=1,釧路市,釧路市 広告代理店
㈱WORK-S,http://www.work-s-inc.jp/,釧路市 東陽西３丁目1−１,0154-65-6837,https://www.google.com/maps/place/%E3%88%B1WORK-S/data=!4m7!3m6!1s0x5f72173b8216e911:0xa3ebe4d67bd4f953!8m2!3d42.9992151!4d144.4254725!16s%2Fg%2F11jzvd2fc6!19sChIJEekWgjsXcl8RU_nUe9bk66M?authuser=0&hl=ja&rclk=1,釧路市,釧路市 広告代理店
週刊求人誌求人君 釧路オフィス,http://www.q-jinkun.info/,釧路市 若松町１−５１ タカオビル,0154-64-9478,https://www.google.com/maps/place/%E9%80%B1%E5%88%8A%E6%B1%82%E4%BA%BA%E8%AA%8C%E6%B1%82%E4%BA%BA%E5%90%9B+%E9%87%A7%E8%B7%AF%E3%82%AA%E3%83%95%E3%82%A3%E3%82%B9/data=!4m7!3m6!1s0x5f7217dc3ff875e9:0xda1b8c8082049d5d!8m2!3d42.991459!4d144.3835802!16s%2Fg%2F1hdz9h38l!19sChIJ6XX4P9wXcl8RXZ0EgoCMG9o?authuser=0&hl=ja&rclk=1,釧路市,釧路市 広告代理店
デジタルハリウッドSTUDIO青森,https://school.dhw.co.jp/school/aomori/,青森市 新町２丁目８−１２ aomori Wanon B棟 3F,017-776-0015,https://www.google.com/maps/place/%E3%83%87%E3%82%B8%E3%82%BF%E3%83%AB%E3%83%8F%E3%83%AA%E3%82%A6%E3%83%83%E3%83%89STUDIO%E9%9D%92%E6%A3%AE/data=!4m7!3m6!1s0x5f9b9f4f2baeda35:0x5526bab3b216b56d!8m2!3d40.8247519!4d140.7450243!16s%2Fg%2F11n5v_5yn0!19sChIJNdquK0-fm18RbbUWsrO6JlU?authuser=0&hl=ja&rclk=1,青森市,青森市 Webマーケティング会社
ブレイン株式会社青森オフィス,https://www.blayn.co.jp/,青森市 新町１丁目１２−５ 奥瀬ビル,050-5433-6977,https://www.google.com/maps/place/%E3%83%96%E3%83%AC%E3%82%A4%E3%83%B3%E6%A0%AA%E5%BC%8F%E4%BC%9A%E7%A4%BE%E9%9D%92%E6%A3%AE%E3%82%AA%E3%83%95%E3%82%A3%E3%82%B9/data=!4m7!3m6!1s0x5f9b9f3ef12aeb93:0xd8f4d621d0e507f9!8m2!3d40.8262831!4d140.7383703!16s%2Fg%2F11j6wn7b0s!19sChIJk-sq8T6fm18R-Qfl0CHW9Ng?authuser=0&hl=ja&rclk=1,青森市,青森市 Webマーケティング会社
株式会社KIZUNA,https://kizuna-a.co.jp/,青森市 本町５丁目７−２０,017-718-0281,https://www.google.com/maps/place/%E6%A0%AA%E5%BC%8F%E4%BC%9A%E7%A4%BEKIZUNA/data=!4m7!3m6!1s0x5f9b9efb48efec81:0xdcca367fdb4fe225!8m2!3d40.827279!4d140.753196!16s%2Fg%2F11ddytp_kr!19sChIJgezvSPuem18RJeJP2382ytw?authuser=0&hl=ja&rclk=1,青森市,青森市 Webマーケティング会社
ウェブサポートDRIVER,https://it-driver.jp/,青森市 金沢３丁目２９−２５,050-3567-5774,https://www.google.com/maps/place/%E3%82%A6%E3%82%A7%E3%83%96%E3%82%B5%E3%83%9D%E3%83%BC%E3%83%88DRIVER/data=!4m7!3m6!1s0x5f9b9fa0366b6d73:0x3dd35d140222b1bd!8m2!3d40.8091502!4d140.7367775!16s%2Fg%2F11f4qy3nmw!19sChIJc21rNqCfm18RvbEiAhRd0z0?authuser=0&hl=ja&rclk=1,青森市,青森市 Webマーケティング会社
JapanInsider,https://japaninsider.net/,,,https://www.google.com/maps/place/JapanInsider/data=!4m7!3m6!1s0x5f9b9f2c43d1ca75:0x399c4775e94cf0e4!8m2!3d40.8001268!4d140.7611739!16s%2Fg%2F11zjbkbb0_!19sChIJdcrRQyyfm18R5PBM6XVHnDk?authuser=0&hl=ja&rclk=1,青森市,青森市 Webマーケティング会社
株式会社ルートビジョン,http://rootvision.tokyo/,青森市 浪打２丁目１−１,080-6001-3477,https://www.google.com/maps/place/%E6%A0%AA%E5%BC%8F%E4%BC%9A%E7%A4%BE%E3%83%AB%E3%83%BC%E3%83%88%E3%83%93%E3%82%B8%E3%83%A7%E3%83%B3/data=!4m7!3m6!1s0x5f9b9f064e2e5499:0x1f8de24450803c27!8m2!3d40.8267627!4d140.7796475!16s%2Fg%2F11z354461x!19sChIJmVQuTgafm18RJzyAUETijR8?authuser=0&hl=ja&rclk=1,青森市,青森市 広告代理店
㈱協同,http://www.kyodo-ad.com/,青森市 堤町２丁目１−１ 協同ビル,017-777-4191,https://www.google.com/maps/place/%E3%88%B1%E5%8D%94%E5%90%8C/data=!4m7!3m6!1s0x5f9b9efe9fb9e9d9:0x41952c0f85a5cbf4!8m2!3d40.8234244!4d140.7549848!16s%2Fg%2F1vs1rqc_!19sChIJ2em5n_6em18R9MulhQ8slUE?authuser=0&hl=ja&rclk=1,青森市,青森市 広告代理店
"Winch,LLC",http://www.winch-llc.jp/,八戸市 田向１丁目１４−１０,0178-32-0146,"https://www.google.com/maps/place/Winch,LLC/data=!4m7!3m6!1s0x5f9b527f2df9b1f7:0xbeadc8c82439ab86!8m2!3d40.4953479!4d141.5072882!16s%2Fg%2F11g8lh0l3x!19sChIJ97H5LX9Sm18Rhqs5JMjIrb4?authuser=0&hl=ja&rclk=1",八戸市,八戸市 Webマーケティング会社
㈱スマーティ,https://smarty.co.jp/,八戸市 下長４丁目１９−３ オフィス河原木 10号,0178-21-6612,https://www.google.com/maps/place/%E3%88%B1%E3%82%B9%E3%83%9E%E3%83%BC%E3%83%86%E3%82%A3/data=!4m7!3m6!1s0x5f9b51bfbce8602f:0x70dd933de7137197!8m2!3d40.5379832!4d141.4742798!16s%2Fg%2F1tgkh3k0!19sChIJL2DovL9Rm18Rl3ET5z2T3XA?authuser=0&hl=ja&rclk=1,八戸市,八戸市 Webマーケティング会社
㈱フージェット,https://www.fudget.co.jp/,八戸市 十三日町２５番地 オオハシヒルズ ４階,0178-38-0075,https://www.google.com/maps/place/%E3%88%B1%E3%83%95%E3%83%BC%E3%82%B8%E3%82%A7%E3%83%83%E3%83%88/data=!4m7!3m6!1s0x5f9b5209681da713:0xa2ed4046884ffd75!8m2!3d40.5086893!4d141.4892637!16s%2Fg%2F11c72lycb9!19sChIJE6cdaAlSm18Rdf1PiEZA7aI?authuser=0&hl=ja&rclk=1,八戸市,八戸市 Webマーケティング会社
株式会社ゼストリー,https://hachinohe.mypl.net/shop/00000368278/,八戸市 田面木堤下３,0178-32-7591,https://www.google.com/maps/place/%E6%A0%AA%E5%BC%8F%E4%BC%9A%E7%A4%BE%E3%82%BC%E3%82%B9%E3%83%88%E3%83%AA%E3%83%BC/data=!4m7!3m6!1s0x5f9b4d3c4a893a05:0x85be1fd57d823ef8!8m2!3d40.4988615!4d141.4478237!16s%2Fg%2F11pkc_tzgy!19sChIJBTqJSjxNm18R-D6CfdUfvoU?authuser=0&hl=ja&rclk=1,八戸市,八戸市 Webマーケティング会社
㈱ニシキデザイン,http://nishiki-design.net/,八戸市 長苗代前田１１−１,0178-27-5454,https://www.google.com/maps/place/%E3%88%B1%E3%83%8B%E3%82%B7%E3%82%AD%E3%83%87%E3%82%B6%E3%82%A4%E3%83%B3/data=!4m7!3m6!1s0x5f9b4dc099ec7f0d:0x74bfb70f4b0942ec!8m2!3d40.5134248!4d141.4494588!16s%2Fg%2F1tnl16t2!19sChIJDX_smcBNm18R7EIJSw-3v3Q?authuser=0&hl=ja&rclk=1,八戸市,八戸市 広告代理店
キヤノンマーケティングジャパン㈱ 盛岡営業所,https://cweb.canon.jp/corporate/outline/location.html,盛岡市 盛岡駅西通２丁目９−１ マリオス 15階,019-603-0061,https://www.google.com/maps/place/%E3%82%AD%E3%83%A4%E3%83%8E%E3%83%B3%E3%83%9E%E3%83%BC%E3%82%B1%E3%83%86%E3%82%A3%E3%83%B3%E3%82%B0%E3%82%B8%E3%83%A3%E3%83%91%E3%83%B3%E3%88%B1+%E7%9B%9B%E5%B2%A1%E5%96%B6%E6%A5%AD%E6%89%80/data=!4m7!3m6!1s0x5f857633390c2a33:0x6125a56d4fbb9320!8m2!3d39.7010901!4d141.1335005!16s%2Fg%2F1tj1m9xs!19sChIJMyoMOTN2hV8RIJO7T22lJWE?authuser=0&hl=ja&rclk=1,盛岡市,盛岡市 Webマーケティング会社
㈱岩手日報広告社,http://www.inp-ad.com/,盛岡市 菜園１丁目３−６,019-653-6125,https://www.google.com/maps/place/%E3%88%B1%E5%B2%A9%E6%89%8B%E6%97%A5%E5%A0%B1%E5%BA%83%E5%91%8A%E7%A4%BE/data=!4m7!3m6!1s0x5f85762f6e2f41bd:0xc53822aff6e17028!8m2!3d39.700939!4d141.149204!16s%2Fg%2F1tvyll50!19sChIJvUEvbi92hV8RKHDh9q8iOMU?authuser=0&hl=ja&rclk=1,盛岡市,盛岡市 広告代理店
ティーズ,http://www.ad-ts.com/,盛岡市 高松２丁目２−７,019-601-8030,https://www.google.com/maps/place/%E3%83%86%E3%82%A3%E3%83%BC%E3%82%BA/data=!4m7!3m6!1s0x5f857667a71e085f:0x7ec26421ce651fc8!8m2!3d39.7210707!4d141.1384999!16s%2Fg%2F1ptyrxmrn!19sChIJXwgep2d2hV8RyB9lziFkwn4?authuser=0&hl=ja&rclk=1,盛岡市,盛岡市 広告代理店
KOHOメディア株式会社,https://windcross.co.jp/,盛岡市 開運橋通３−４１ ダビンチビル,019-623-2788,https://www.google.com/maps/place/KOHO%E3%83%A1%E3%83%87%E3%82%A3%E3%82%A2%E6%A0%AA%E5%BC%8F%E4%BC%9A%E7%A4%BE/data=!4m7!3m6!1s0x5f85762e51b932c9:0x9205dead76f1b311!8m2!3d39.7021303!4d141.1416294!16s%2Fg%2F1tx1s_l1!19sChIJyTK5US52hV8REbPxdq3eBZI?authuser=0&hl=ja&rclk=1,盛岡市,盛岡市 広告代理店
㈱アド秋田,http://www.ado-akita.jp/,秋田市 外旭川堂ノ前８−８,018-864-1504,https://www.google.com/maps/place/%E3%88%B1%E3%82%A2%E3%83%89%E7%A7%8B%E7%94%B0/data=!4m7!3m6!1s0x5f8fdd5cb607d877:0xf0b25840b6ff93ff!8m2!3d39.745255!4d140.095239!16s%2Fg%2F1xg5shl2!19sChIJd9gHtlzdj18R_5P_tkBYsvA?authuser=0&hl=ja&rclk=1,秋田市,秋田市 広告代理店
㈱秋田毎日広告社,http://www.t-mainichi.jp/akita/index.html,秋田市 山王６丁目２０−２２,018-864-4120,https://www.google.com/maps/place/%E3%88%B1%E7%A7%8B%E7%94%B0%E6%AF%8E%E6%97%A5%E5%BA%83%E5%91%8A%E7%A4%BE/data=!4m7!3m6!1s0x5f8fc2deb94085d1:0x96ec75fdd1c98a64!8m2!3d39.715323!4d140.0976774!16s%2Fg%2F1tc_kzjs!19sChIJ0YVAud7Cj18RZIrJ0f117JY?authuser=0&hl=ja&rclk=1,秋田市,秋田市 広告代理店
㈱データスケープ,https://www.datascape.co.jp/,山形市 松山３丁目２−２０ データスケープビル 3階,023-676-4311,https://www.google.com/maps/place/%E3%88%B1%E3%83%87%E3%83%BC%E3%82%BF%E3%82%B9%E3%82%B1%E3%83%BC%E3%83%97/data=!4m7!3m6!1s0x5f8bb5ede4c5d9a5:0xea31bc015d878495!8m2!3d38.2373458!4d140.3523486!16s%2Fg%2F1tffp4_8!19sChIJpdnF5O21i18RlYSHXQG8Meo?authuser=0&hl=ja&rclk=1,山形市,山形市 Webマーケティング会社
シー･キャド㈱,https://www.c-cad.jp/,山形市 桜田西３丁目６−７,023-626-3330,https://www.google.com/maps/place/%E3%82%B7%E3%83%BC%EF%BD%A5%E3%82%AD%E3%83%A3%E3%83%89%E3%88%B1/data=!4m7!3m6!1s0x5f8bb5fa8c685675:0xa58c83009c203be1!8m2!3d38.2193401!4d140.3139884!16s%2Fg%2F1thx_mm7!19sChIJdVZojPq1i18R4TsgnACDjKU?authuser=0&hl=ja&rclk=1,山形市,山形市 広告代理店
Focus（広告代理店）,https://focus-yg.com/,山形市 本町１丁目５−19 3Fｰ11,080-9010-1080,https://www.google.com/maps/place/Focus%EF%BC%88%E5%BA%83%E5%91%8A%E4%BB%A3%E7%90%86%E5%BA%97%EF%BC%89/data=!4m7!3m6!1s0x5f8bb76180c5af8f:0xf2328fd65b1c2d58!8m2!3d38.2505023!4d140.3362951!16s%2Fg%2F11s8zpx65z!19sChIJj6_FgGG3i18RWC0cW9aPMvI?authuser=0&hl=ja&rclk=1,山形市,山形市 広告代理店
株式会社MTS&プランニング,https://mts-p.jp/,福島市 西中央２丁目２１番地,024-533-1611,https://www.google.com/maps/place/%E6%A0%AA%E5%BC%8F%E4%BC%9A%E7%A4%BEMTS%26%E3%83%97%E3%83%A9%E3%83%B3%E3%83%8B%E3%83%B3%E3%82%B0/data=!4m7!3m6!1s0x5f8a8590e7e84301:0xfc30994c1d1f0b34!8m2!3d37.7601748!4d140.433222!16s%2Fg%2F1tgmw2h9!19sChIJAUPo55CFil8RNAsfHUyZMPw?authuser=0&hl=ja&rclk=1,福島市,福島市 Webマーケティング会社
合同会社シェアード・エスイー,https://s-se.co.jp/,福島市 宮代一本木１５−２,024-553-4013,https://www.google.com/maps/place/%E5%90%88%E5%90%8C%E4%BC%9A%E7%A4%BE%E3%82%B7%E3%82%A7%E3%82%A2%E3%83%BC%E3%83%89%E3%83%BB%E3%82%A8%E3%82%B9%E3%82%A4%E3%83%BC/data=!4m7!3m6!1s0x5f8a886f40f9521d:0x1d66e37a762da449!8m2!3d37.8079436!4d140.4899891!16s%2Fg%2F1q67b3q4c!19sChIJHVL5QG-Iil8RSaQtdnrjZh0?authuser=0&hl=ja&rclk=1,福島市,福島市 Webマーケティング会社
アドポス福島センター,https://www.adpos.jp/company/fukushima/,福島市 南中央２丁目３５−１,0120-311-502,https://www.google.com/maps/place/%E3%82%A2%E3%83%89%E3%83%9D%E3%82%B9%E7%A6%8F%E5%B3%B6%E3%82%BB%E3%83%B3%E3%82%BF%E3%83%BC/data=!4m7!3m6!1s0x5f8a85a9db848821:0x698a07d66657f074!8m2!3d37.7605135!4d140.4357431!16s%2Fg%2F1tj5kzp0!19sChIJIYiE26mFil8RdPBXZtYHimk?authuser=0&hl=ja&rclk=1,福島市,福島市 広告代理店
アド・エージェント,https://adagent.jp/,福島市 御山清水尻２７−１５,024-533-7796,https://www.google.com/maps/place/%E3%82%A2%E3%83%89%E3%83%BB%E3%82%A8%E3%83%BC%E3%82%B8%E3%82%A7%E3%83%B3%E3%83%88/data=!4m7!3m6!1s0x5f8a8608d5b2d6b7:0x726a1ca2be4a44b1!8m2!3d37.774574!4d140.466048!16s%2Fg%2F11b6jgplwl!19sChIJt9ay1QiGil8RsURKvqIcanI?authuser=0&hl=ja&rclk=1,福島市,福島市 広告代理店
.WAVE,https://dot-wave.com/,郡山市 島２丁目４４−１３ プレシード郡山 301,,https://www.google.com/maps/place/.WAVE/data=!4m7!3m6!1s0x602013da3b809e4d:0x1e6904b0e787b641!8m2!3d37.397347!4d140.3462842!16s%2Fg%2F11jz9n5s2w!19sChIJTZ6AO9oTIGARQbaH57AEaR4?authuser=0&hl=ja&rclk=1,郡山市,郡山市 Webマーケティング会社
サンシャイン・ソリューション,https://sun-sol.jp/,いわき市 山田町井上16,,https://www.google.com/maps/place/%E3%82%B5%E3%83%B3%E3%82%B7%E3%83%A3%E3%82%A4%E3%83%B3%E3%83%BB%E3%82%BD%E3%83%AA%E3%83%A5%E3%83%BC%E3%82%B7%E3%83%A7%E3%83%B3/data=!4m7!3m6!1s0x60210bb34671fa85:0x81f09df3d4c2cd98!8m2!3d36.9276976!4d140.7552856!16s%2Fg%2F11jff1tyj0!19sChIJhfpxRrMLIWARmM3C1POd8IE?authuser=0&hl=ja&rclk=1,いわき市,いわき市 Webマーケティング会社
株式会社アベ広告,https://f-kanban.jp/member-iwaki-abekoukoku/,いわき市 平下荒川砂田４９,0246-28-9029,https://www.google.com/maps/place/%EF%BC%88%E6%A0%AA%EF%BC%89%E3%82%A2%E3%83%99%E5%BA%83%E5%91%8A/data=!4m7!3m6!1s0x60211111e9e6d45f:0xe0f67398ae59315a!8m2!3d37.0375319!4d140.8987519!16s%2Fg%2F11btrqwc9y!19sChIJX9Tm6RERIWARWjFZrphz9uA?authuser=0&hl=ja&rclk=1,いわき市,いわき市 広告代理店
有限会社スエヒロ広告,https://iwaki-kanban.com/,いわき市 内郷御厩町４丁目１５,0246-26-5677,https://www.google.com/maps/place/%EF%BC%88%E6%9C%89%EF%BC%89%E3%82%B9%E3%82%A8%E3%83%92%E3%83%AD%E5%BA%83%E5%91%8A/data=!4m7!3m6!1s0x6021104452948bf3:0x6f3791723aadc78d!8m2!3d37.0516358!4d140.8736402!16s%2Fg%2F1tg9ssy_!19sChIJ84uUUkQQIWARjcetOnKRN28?authuser=0&hl=ja&rclk=1,いわき市,いわき市 広告代理店
株式会社 秋南企画,https://shunankikaku.studio.site/,いわき市 平北白土ネキ内１−３,0246-23-4034,https://www.google.com/maps/place/%E6%A0%AA%E5%BC%8F%E4%BC%9A%E7%A4%BE+%E7%A7%8B%E5%8D%97%E4%BC%81%E7%94%BB/data=!4m7!3m6!1s0x60211121f80e3683:0x64d1f97ed91450c6!8m2!3d37.0517861!4d140.9139706!16s%2Fg%2F1tfj_z3n!19sChIJgzYO-CERIWARxlAU2X750WQ?authuser=0&hl=ja&rclk=1,いわき市,いわき市 広告代理店
Hi Magazine,https://hi-maga.com/,いわき市 いわき市 平字三町目35 三町目館2F,0246-84-5618,https://www.google.com/maps/place/Hi+Magazine/data=!4m7!3m6!1s0x602110f9e480aedf:0xd4e251ab52f1d2a4!8m2!3d37.0559977!4d140.891698!16s%2Fg%2F11fnwh12nr!19sChIJ366A5PkQIWARpNLxUqtR4tQ?authuser=0&hl=ja&rclk=1,いわき市,いわき市 広告代理店
株式会社ドットコム・マーケティング,https://www.com-m.com/,新潟市 米山４丁目１−２３ 3F,025-250-7240,https://www.google.com/maps/place/%E6%A0%AA%E5%BC%8F%E4%BC%9A%E7%A4%BE%E3%83%89%E3%83%83%E3%83%88%E3%82%B3%E3%83%A0%E3%83%BB%E3%83%9E%E3%83%BC%E3%82%B1%E3%83%86%E3%82%A3%E3%83%B3%E3%82%B0/data=!4m7!3m6!1s0x5ff4c8e301ca619d:0x735c6aac4915fd47!8m2!3d37.9073419!4d139.0585007!16s%2Fg%2F1tk8nfkm!19sChIJnWHKAePI9F8RR_0VSaxqXHM?authuser=0&hl=ja&rclk=1,新潟市,新潟市 Webマーケティング会社
くすのき経営事務所,https://kusunoki-keiei.com/,新潟市 本町通６番町１１４１−１ ストークビル新潟一番館 3階 314号室,,https://www.google.com/maps/place/%E3%81%8F%E3%81%99%E3%81%AE%E3%81%8D%E7%B5%8C%E5%96%B6%E4%BA%8B%E5%8B%99%E6%89%80/data=!4m7!3m6!1s0x5ff4c9d5691e496d:0x5c8b7aa368bac83e!8m2!3d37.9213286!4d139.0471127!16s%2Fg%2F11yx0gnptv!19sChIJbUkeadXJ9F8RPsi6aKN6i1w?authuser=0&hl=ja&rclk=1,新潟市,新潟市 Webマーケティング会社
株式会社リプロネクスト 新潟オフィス,https://lipronext.com/,新潟市 小針が丘２−５４ 2F,050-1724-4946,https://www.google.com/maps/place/%E6%A0%AA%E5%BC%8F%E4%BC%9A%E7%A4%BE%E3%83%AA%E3%83%97%E3%83%AD%E3%83%8D%E3%82%AF%E3%82%B9%E3%83%88+%E6%96%B0%E6%BD%9F%E3%82%AA%E3%83%95%E3%82%A3%E3%82%B9/data=!4m7!3m6!1s0x5ff4ca1e228f6713:0xfd18765b1c12cfa4!8m2!3d37.8910808!4d138.9904143!16s%2Fg%2F11c6q81l9s!19sChIJE2ePIh7K9F8RpM8SHFt2GP0?authuser=0&hl=ja&rclk=1,新潟市,新潟市 Webマーケティング会社
株式会社アイ･シー･オー,https://www.ico-ad.co.jp/,新潟市 米山２丁目７−４ ITPケヤキビル3階,025-246-5000,https://www.google.com/maps/place/%28%E6%A0%AA%29%E3%82%A2%E3%82%A4%EF%BD%A5%E3%82%B7%E3%83%BC%EF%BD%A5%E3%82%AA%E3%83%BC/data=!4m7!3m6!1s0x5ff4c99923b1bc85:0xf3b218297094987d!8m2!3d37.9084365!4d139.0580674!16s%2Fg%2F1vsprbb7!19sChIJhbyxI5nJ9F8RfZiUcCkYsvM?authuser=0&hl=ja&rclk=1,新潟市,新潟市 広告代理店
株式会社新潟日報メディアネット,http://www.nnj-net.co.jp/,新潟市 万代３丁目１−１ メディアシップ 14F,025-383-8000,https://www.google.com/maps/place/%28%E6%A0%AA%29%E6%96%B0%E6%BD%9F%E6%97%A5%E5%A0%B1%E3%83%A1%E3%83%87%E3%82%A3%E3%82%A2%E3%83%8D%E3%83%83%E3%83%88/data=!4m7!3m6!1s0x5ff4c9c6577fe1eb:0x1fb6b6e9241c7cb2!8m2!3d37.9185912!4d139.0560579!16s%2Fg%2F1tm8dt_1!19sChIJ6-F_V8bJ9F8RsnwcJOm2th8?authuser=0&hl=ja&rclk=1,新潟市,新潟市 広告代理店
サイン&ディスプレイ サンクラフト,https://suncraft.seesaa.net/category/3584527-1.html,長岡市 千歳３丁目９−２３,0258-39-6260,https://www.google.com/maps/place/%E3%82%B5%E3%82%A4%E3%83%B3%26%E3%83%87%E3%82%A3%E3%82%B9%E3%83%97%E3%83%AC%E3%82%A4+%E3%82%B5%E3%83%B3%E3%82%AF%E3%83%A9%E3%83%95%E3%83%88/data=!4m7!3m6!1s0x5ff5a900055b3279:0x9ee8a7dadbfe2363!8m2!3d37.4389087!4d138.8462933!16s%2Fg%2F11nr3fky82!19sChIJeTJbBQCp9V8RYyP-29qn6J4?authuser=0&hl=ja&rclk=1,長岡市,長岡市 広告代理店
株式会社エル・イー・オー,https://www.l-e-o-nagaoka.com/,長岡市 南七日町６８−１５,0258-46-0046,https://www.google.com/maps/place/%EF%BC%88%E6%A0%AA%EF%BC%89%E3%82%A8%E3%83%AB%E3%83%BB%E3%82%A4%E3%83%BC%E3%83%BB%E3%82%AA%E3%83%BC/data=!4m7!3m6!1s0x5ff5a93f501ec8db:0x120691e03975815d!8m2!3d37.44517!4d138.79913!16s%2Fg%2F1xpwjmfq!19sChIJ28geUD-p9V8RXYF1OeCRBhI?authuser=0&hl=ja&rclk=1,長岡市,長岡市 広告代理店
株式会社ＮＯＤＥＬＩＮＫ 長岡事務所,http://node-ad.info/,長岡市 信濃２丁目６−１ 302,0258-86-4755,https://www.google.com/maps/place/%28%E6%A0%AA%29%EF%BC%AE%EF%BC%AF%EF%BC%A4%EF%BC%A5%EF%BC%AC%EF%BC%A9%EF%BC%AE%EF%BC%AB+%E9%95%B7%E5%B2%A1%E4%BA%8B%E5%8B%99%E6%89%80/data=!4m7!3m6!1s0x5ff5abb9226deda1:0x3d831648073667f9!8m2!3d37.4504974!4d138.8384083!16s%2Fg%2F11rcwfkx05!19sChIJoe1tIrmr9V8R-Wc2B0gWgz0?authuser=0&hl=ja&rclk=1,長岡市,長岡市 広告代理店
オースタイル株式会社,http://www.o-style1.com/,富山市 二口町３丁目１−１３,076-424-6687,https://www.google.com/maps/place/%E3%82%AA%E3%83%BC%E3%82%B9%E3%82%BF%E3%82%A4%E3%83%AB%E6%A0%AA%E5%BC%8F%E4%BC%9A%E7%A4%BE/data=!4m7!3m6!1s0x5ff79037cd39273d:0xb2d1a270d4c8fd04!8m2!3d36.669634!4d137.2074361!16s%2Fg%2F1tj45rth!19sChIJPSc5zTeQ918RBP3I1HCi0bI?authuser=0&hl=ja&rclk=1,富山市,富山市 広告代理店
有限会社アクシス,http://axsis-toyama.com/,富山市 千成町１９−２４,076-451-5885,https://www.google.com/maps/place/%EF%BC%88%E6%9C%89%EF%BC%89%E3%82%A2%E3%82%AF%E3%82%B7%E3%82%B9/data=!4m7!3m6!1s0x5ff799fd2fd2c04b:0x4e3ae0f67d30a5f7!8m2!3d36.7200761!4d137.2443407!16s%2Fg%2F1tgz5b7s!19sChIJS8DSL_2Z918R96UwffbgOk4?authuser=0&hl=ja&rclk=1,富山市,富山市 広告代理店
株式会社Eアンブレラジャパン,https://euj.co.jp/hsp/,"金沢市 横川７丁目３５−１ ルミエール横川４F, 株式会社Eアンブレラジャパン",076-287-3525,https://www.google.com/maps/place/%E6%A0%AA%E5%BC%8F%E4%BC%9A%E7%A4%BEE%E3%82%A2%E3%83%B3%E3%83%96%E3%83%AC%E3%83%A9%E3%82%B8%E3%83%A3%E3%83%91%E3%83%B3/data=!4m7!3m6!1s0x5ff83379591ff069:0x2aff97747c5cdd24!8m2!3d36.5424243!4d136.625186!16s%2Fg%2F11fx8f_8cc!19sChIJafAfWXkz-F8RJN1cfHSX_yo?authuser=0&hl=ja&rclk=1,金沢市,金沢市 Webマーケティング会社
ISM株式会社（金沢開発室）,https://ism-tech.jp/,金沢市 駅西本町４丁目３−１９,,https://www.google.com/maps/place/ISM%E6%A0%AA%E5%BC%8F%E4%BC%9A%E7%A4%BE%EF%BC%88%E9%87%91%E6%B2%A2%E9%96%8B%E7%99%BA%E5%AE%A4%EF%BC%89/data=!4m7!3m6!1s0x5ff8333e6ea55bcf:0x53e636244bfe3968!8m2!3d36.583769!4d136.6335159!16s%2Fg%2F11yz2y7n04!19sChIJz1ulbj4z-F8RaDn-SyQ25lM?authuser=0&hl=ja&rclk=1,金沢市,金沢市 Webマーケティング会社
株式会社PR ENGINE,https://pr-engine.co.jp/,金沢市 横川７丁目３５−１ 2F,076-227-8855,https://www.google.com/maps/place/%E6%A0%AA%E5%BC%8F%E4%BC%9A%E7%A4%BEPR+ENGINE/data=!4m7!3m6!1s0x5ff835baa65491e5:0x17ac826d12dc9bd1!8m2!3d36.5424589!4d136.6251849!16s%2Fg%2F1pv0dcwsr!19sChIJ5ZFUpro1-F8R0ZvcEm2CrBc?authuser=0&hl=ja&rclk=1,金沢市,金沢市 広告代理店
株式会社石川毎日広告社 金沢本社,http://www.siky-g.co.jp/ishimai/,金沢市 南町６−１,076-223-8391,https://www.google.com/maps/place/%EF%BC%88%E6%A0%AA%EF%BC%89%E7%9F%B3%E5%B7%9D%E6%AF%8E%E6%97%A5%E5%BA%83%E5%91%8A%E7%A4%BE+%E9%87%91%E6%B2%A2%E6%9C%AC%E7%A4%BE/data=!4m7!3m6!1s0x5ff8337f0e20630f:0xf202c5afdafe8b11!8m2!3d36.5654387!4d136.6541019!16s%2Fg%2F1tdgpp83!19sChIJD2MgDn8z-F8REYv-2q_FAvI?authuser=0&hl=ja&rclk=1,金沢市,金沢市 広告代理店
有限会社プラネッツ広告通信社,http://planets101.web.fc2.com/,金沢市 山科３丁目６−４ プラネッツ広告通信社,076-242-9574,https://www.google.com/maps/place/%EF%BC%88%E6%9C%89%EF%BC%89%E3%83%97%E3%83%A9%E3%83%8D%E3%83%83%E3%83%84%E5%BA%83%E5%91%8A%E9%80%9A%E4%BF%A1%E7%A4%BE/data=!4m7!3m6!1s0x5ff8342cefc5e31b:0xfaeb0216f2c1e8b6!8m2!3d36.529271!4d136.646562!16s%2Fg%2F1w04jz7q!19sChIJG-PF7yw0-F8RtujB8hYC6_o?authuser=0&hl=ja&rclk=1,金沢市,金沢市 広告代理店
Bigmac inc.,http://big-mac.co.jp/,福井市 中央１丁目３−５ FUKUMACHI BLOCK 901,,https://www.google.com/maps/place/Bigmac+inc./data=!4m7!3m6!1s0x5ff8bfb3afc61149:0xaf19bed1636b0ff3!8m2!3d36.061944!4d136.2216193!16s%2Fg%2F1q5d61rph!19sChIJSRHGr7O_-F8R8w9rY9G-Ga8?authuser=0&hl=ja&rclk=1,福井市,福井市 Webマーケティング会社
デジタルサイネージショールーム 福井,https://signage-media.jp/,福井市 文京４丁目１−１ 1F,0776-76-3245,https://www.google.com/maps/place/%E3%83%87%E3%82%B8%E3%82%BF%E3%83%AB%E3%82%B5%E3%82%A4%E3%83%8D%E3%83%BC%E3%82%B8%E3%82%B7%E3%83%A7%E3%83%BC%E3%83%AB%E3%83%BC%E3%83%A0+%E7%A6%8F%E4%BA%95/data=!4m7!3m6!1s0x5ff8bfc66eae56c1:0xc564b5c3767d74f8!8m2!3d36.0742279!4d136.2120765!16s%2Fg%2F11mzvylyc9!19sChIJwVaubsa_-F8R-HR9dsO1ZMU?authuser=0&hl=ja&rclk=1,福井市,福井市 Webマーケティング会社
株式会社UNFOLD,http://www.un-fold.biz/,福井市 足羽４丁目１２−８,0776-50-3714,https://www.google.com/maps/place/%E6%A0%AA%E5%BC%8F%E4%BC%9A%E7%A4%BEUNFOLD/data=!4m7!3m6!1s0x5ff8bf37d7c71365:0x44c709b48f47cec3!8m2!3d36.0560508!4d136.2026791!16s%2Fg%2F11h__6nz5h!19sChIJZRPH1ze_-F8Rw85Hj7QJx0Q?authuser=0&hl=ja&rclk=1,福井市,福井市 広告代理店
株式会社 武田広告社,https://www.tkd-ad.co.jp/,甲府市 千塚２丁目５−１７,055-252-7227,https://www.google.com/maps/place/%E6%A0%AA%E5%BC%8F%E4%BC%9A%E7%A4%BE+%E6%AD%A6%E7%94%B0%E5%BA%83%E5%91%8A%E7%A4%BE/data=!4m7!3m6!1s0x601bf7ea04edc31d:0xf0462e83561fc518!8m2!3d35.680554!4d138.539243!16s%2Fg%2F1tncszkc!19sChIJHcPtBOr3G2ARGMUfVoMuRvA?authuser=0&hl=ja&rclk=1,甲府市,甲府市 広告代理店
有限会社山梨広告社,http://yamanashi-koukoku.co.jp/,甲府市 中央３丁目１２−９,055-233-5344,https://www.google.com/maps/place/%E6%9C%89%E9%99%90%E4%BC%9A%E7%A4%BE%E5%B1%B1%E6%A2%A8%E5%BA%83%E5%91%8A%E7%A4%BE/data=!4m7!3m6!1s0x601bf9c0cc1ef21f:0x26e862450544b60f!8m2!3d35.6600602!4d138.5771777!16s%2Fg%2F1tdnf9z0!19sChIJH_IezMD5G2ARD7ZEBUVi6CY?authuser=0&hl=ja&rclk=1,甲府市,甲府市 広告代理店
ライブサイン,http://www.livesign.org/,甲府市 緑が丘２丁目３−１８,055-253-2051,https://www.google.com/maps/place/%E3%83%A9%E3%82%A4%E3%83%96%E3%82%B5%E3%82%A4%E3%83%B3/data=!4m7!3m6!1s0x601bf827030f5d01:0x7fbfa0f1509acd27!8m2!3d35.6790914!4d138.5612205!16s%2Fg%2F1tj45_0v!19sChIJAV0PAyf4G2ARJ82aUPGgv38?authuser=0&hl=ja&rclk=1,甲府市,甲府市 広告代理店
プラスIT,https://service.plus-it.biz/p/line?ftid=LtjSV09o8UAK,長野市 高田五分一４２０,,https://www.google.com/maps/place/%E3%83%97%E3%83%A9%E3%82%B9IT/data=!4m7!3m6!1s0x601d870957c252f3:0x5484062f43517f2b!8m2!3d36.647544!4d138.2130778!16s%2Fg%2F11xktl3_mr!19sChIJ81LCVwmHHWARK39RQy8GhFQ?authuser=0&hl=ja&rclk=1,長野市,長野市 Webマーケティング会社
Lotus株式会社,https://n-creator.com/,長野市 鶴賀権堂町２３２１ 4KS長野第二ビル 3階,,https://www.google.com/maps/place/Lotus%E6%A0%AA%E5%BC%8F%E4%BC%9A%E7%A4%BE/data=!4m7!3m6!1s0x601d876ee027a13b:0x7f7320458883d4c2!8m2!3d36.6532687!4d138.1876881!16s%2Fg%2F11v9kl_y9r!19sChIJO6En4G6HHWARwtSDiEUgc38?authuser=0&hl=ja&rclk=1,長野市,長野市 Webマーケティング会社
HI-TECH（ハイテック）Sign＆Wraps,https://hi-tech-nagano.com/,長野市 村山５６６,090-5195-2354,https://www.google.com/maps/place/HI-TECH%EF%BC%88%E3%83%8F%E3%82%A4%E3%83%86%E3%83%83%E3%82%AF%EF%BC%89Sign%EF%BC%86Wraps/data=!4m7!3m6!1s0x601d85a2e3ab44f7:0xf6c9ecb304b20a66!8m2!3d36.6716776!4d138.2658888!16s%2Fg%2F11vs237ktf!19sChIJ90Sr46KFHWARZgqyBLPsyfY?authuser=0&hl=ja&rclk=1,長野市,長野市 広告代理店
株式会社長野県折込広告センター 長野本社,http://www.naganokenori.co.jp/,長野市 南長池１３８,026-268-4566,https://www.google.com/maps/place/%EF%BC%88%E6%A0%AA%EF%BC%89%E9%95%B7%E9%87%8E%E7%9C%8C%E6%8A%98%E8%BE%BC%E5%BA%83%E5%91%8A%E3%82%BB%E3%83%B3%E3%82%BF%E3%83%BC+%E9%95%B7%E9%87%8E%E6%9C%AC%E7%A4%BE/data=!4m7!3m6!1s0x601d85fbc05b6d07:0x31a44f7c29e996e3!8m2!3d36.6406295!4d138.2331615!16s%2Fg%2F1td42kvc!19sChIJB21bwPuFHWAR45bpKXxPpDE?authuser=0&hl=ja&rclk=1,長野市,長野市 広告代理店
株式会社U-CREATE,https://u-create21.com/,岐阜市 加納桜田町２丁目５−２,058-216-0017,https://www.google.com/maps/place/%E6%A0%AA%E5%BC%8F%E4%BC%9A%E7%A4%BEU-CREATE/data=!4m7!3m6!1s0x6003af7879b73b3f:0xb80b1fe64ab7abc!8m2!3d35.4044169!4d136.7477548!16s%2Fg%2F11wmpv4wk_!19sChIJPzu3eXivA2ARvHqrZP6xgAs?authuser=0&hl=ja&rclk=1,岐阜市,岐阜市 Webマーケティング会社
株式会社アドプラン,http://www.ad-plan.net/,岐阜市 鹿島町１丁目１０,058-253-1084,https://www.google.com/maps/place/%E6%A0%AA%E5%BC%8F%E4%BC%9A%E7%A4%BE%E3%82%A2%E3%83%89%E3%83%97%E3%83%A9%E3%83%B3/data=!4m7!3m6!1s0x6003aeadf0e61ed7:0xbaf057a8eb8e9d42!8m2!3d35.415744!4d136.743718!16s%2Fg%2F1tcxpm3k!19sChIJ1x7m8K2uA2ARQp2O66hX8Lo?authuser=0&hl=ja&rclk=1,岐阜市,岐阜市 広告代理店
フィラント株式会社,http://www.firant.co.jp/,岐阜市 六条江東３丁目４−１３,058-274-6018,https://www.google.com/maps/place/%E3%83%95%E3%82%A3%E3%83%A9%E3%83%B3%E3%83%88%E6%A0%AA%E5%BC%8F%E4%BC%9A%E7%A4%BE/data=!4m7!3m6!1s0x6003af2a6b5b347b:0x7510a132264538cb!8m2!3d35.387908!4d136.744271!16s%2Fg%2F1tf7xnnh!19sChIJezRbayqvA2ARyzhFJjKhEHU?authuser=0&hl=ja&rclk=1,岐阜市,岐阜市 広告代理店
アユプロモーション,http://ayupro.co.jp/,岐阜市 境川３丁目85番地,058-272-7301,https://www.google.com/maps/place/%E3%82%A2%E3%83%A6%E3%83%97%E3%83%AD%E3%83%A2%E3%83%BC%E3%82%B7%E3%83%A7%E3%83%B3/data=!4m7!3m6!1s0x6003a9242ecd893b:0x22bb335398fe7ee5!8m2!3d35.3704519!4d136.7519579!16s%2Fg%2F11r3xl9r7h!19sChIJO4nNLiSpA2AR5X7-mFMzuyI?authuser=0&hl=ja&rclk=1,岐阜市,岐阜市 広告代理店
RunLand株式会社(ランランド) 大垣本社,https://runland.co.jp/,大垣市 今宿６丁目５２−１６ ソフトピアジャパンドリーム・コア ３０２号室,0584-73-5123,https://www.google.com/maps/place/RunLand%E6%A0%AA%E5%BC%8F%E4%BC%9A%E7%A4%BE%28%E3%83%A9%E3%83%B3%E3%83%A9%E3%83%B3%E3%83%89%29+%E5%A4%A7%E5%9E%A3%E6%9C%AC%E7%A4%BE/data=!4m7!3m6!1s0x6003b19b4d80f111:0xb8826641aadb9e12!8m2!3d35.3676286!4d136.6373445!16s%2Fg%2F1hc2d5j43!19sChIJEfGATZuxA2AREp7bqkFmgrg?authuser=0&hl=ja&rclk=1,大垣市,大垣市 Webマーケティング会社
フジヤ広告株式会社,https://fujiyakoukoku.amebaownd.com/pages/787985/profile,大垣市 木戸町１２２,0584-81-1328,https://www.google.com/maps/place/%E3%83%95%E3%82%B8%E3%83%A4%E5%BA%83%E5%91%8A%EF%BC%88%E6%A0%AA%EF%BC%89/data=!4m7!3m6!1s0x6003b3e37c4ec41d:0x45f72868ce881dea!8m2!3d35.366825!4d136.604982!16s%2Fg%2F1tnbl208!19sChIJHcROfOOzA2AR6h2Izmgo90U?authuser=0&hl=ja&rclk=1,大垣市,大垣市 広告代理店
TKC看板 大垣本店,http://tkc-kanban.sifrx.jp/,大垣市 静里町６３１−２,0584-51-2524,https://www.google.com/maps/place/TKC%E7%9C%8B%E6%9D%BF+%E5%A4%A7%E5%9E%A3%E6%9C%AC%E5%BA%97/data=!4m7!3m6!1s0x4367bc6777f7d8f5:0x82bfb4d8c429297!8m2!3d35.3555311!4d136.5928768!16s%2Fg%2F11q4bqmrhk!19sChIJ9dj3d2e8Z0MRl5JCjE37Kwg?authuser=0&hl=ja&rclk=1,大垣市,大垣市 広告代理店
株式会社アイキャッチ,https://icatch.co.jp/,津市 豊が丘２丁目３９−１３,059-271-9773,https://www.google.com/maps/place/%E6%A0%AA%E5%BC%8F%E4%BC%9A%E7%A4%BE%E3%82%A2%E3%82%A4%E3%82%AD%E3%83%A3%E3%83%83%E3%83%81/data=!4m7!3m6!1s0x6003f585aca238a5:0x2fef508c3161e8f3!8m2!3d34.8075245!4d136.4704888!16s%2Fg%2F11c2ppcjkv!19sChIJpTiirIX1A2AR8-hhMYxQ7y8?authuser=0&hl=ja&rclk=1,津市,津市 Webマーケティング会社
株式会社美光,http://bikoh.jp/%E4%BC%9A%E7%A4%BE%E6%A6%82%E8%A6%81/,津市 寿町８−２６,059-223-1105,https://www.google.com/maps/place/%EF%BC%88%E6%A0%AA%EF%BC%89%E7%BE%8E%E5%85%89/data=!4m7!3m6!1s0x600472d5766097bd:0xc70b069060876fa9!8m2!3d34.7139432!4d136.5185566!16s%2Fg%2F1v1sl52l!19sChIJvZdgdtVyBGARqW-HYJAGC8c?authuser=0&hl=ja&rclk=1,津市,津市 広告代理店
探偵社ガルエージェンシー伊勢湾,https://www.galu-isewan.com/,四日市市 城東町１７−３３,059-353-6665,https://www.google.com/maps/place/%E6%8E%A2%E5%81%B5%E7%A4%BE%E3%82%AC%E3%83%AB%E3%82%A8%E3%83%BC%E3%82%B8%E3%82%A7%E3%83%B3%E3%82%B7%E3%83%BC%E4%BC%8A%E5%8B%A2%E6%B9%BE/data=!4m7!3m6!1s0x60038e8d6e732b59:0x4614876995da88b9!8m2!3d34.9630004!4d136.6109513!16s%2Fg%2F1vxcwbzf!19sChIJWStzbo2OA2ARuYjalWmHFEY?authuser=0&hl=ja&rclk=1,四日市市,四日市市 広告代理店
山中看板,http://www.yama-kan.net/,四日市市 日永２丁目５−３５,059-345-5319,https://www.google.com/maps/place/%E5%B1%B1%E4%B8%AD%E7%9C%8B%E6%9D%BF/data=!4m7!3m6!1s0x60038e96ee181c07:0xb4ddd642b729554e!8m2!3d34.9540354!4d136.6062009!16s%2Fg%2F1thvsmtr!19sChIJBxwY7paOA2ARTlUpt0LW3bQ?authuser=0&hl=ja&rclk=1,四日市市,四日市市 広告代理店
環境デジタルソリューション㈱,https://kankyodigital-sol.jp/,松江市 北陵町１ テクノアークしまね インキュベーションルーム 南館 レンタルオフィスE,050-1790-7036,https://www.google.com/maps/place/%E7%92%B0%E5%A2%83%E3%83%87%E3%82%B8%E3%82%BF%E3%83%AB%E3%82%BD%E3%83%AA%E3%83%A5%E3%83%BC%E3%82%B7%E3%83%A7%E3%83%B3%E3%88%B1/data=!4m7!3m6!1s0x3557057545bea317:0x8dd99887f70e79ba!8m2!3d35.5002778!4d133.0608535!16s%2Fg%2F11swfjdsy5!19sChIJF6O-RXUFVzURunkO94eY2Y0?authuser=0&hl=ja&rclk=1,松江市,松江市 Webマーケティング会社
株式会社ウェブプラン,https://www.webplan.co.jp/,松江市 東津田町１７３３−３,0852-55-2433,https://www.google.com/maps/place/%E6%A0%AA%E5%BC%8F%E4%BC%9A%E7%A4%BE%E3%82%A6%E3%82%A7%E3%83%96%E3%83%97%E3%83%A9%E3%83%B3/data=!4m7!3m6!1s0x35571accf4366043:0xa8599954212a6e48!8m2!3d35.450273!4d133.0856033!16s%2Fg%2F1tf5n1nt!19sChIJQ2A29MwaVzURSG4qIVSZWag?authuser=0&hl=ja&rclk=1,松江市,松江市 Webマーケティング会社
株式会社 山陰メディア通信社 松江本社(ねこの手 松江),https://com-pass.co.jp/,松江市 東津田町１２０５−２,0852-25-9110,https://www.google.com/maps/place/%E6%A0%AA%E5%BC%8F%E4%BC%9A%E7%A4%BE+%E5%B1%B1%E9%99%B0%E3%83%A1%E3%83%87%E3%82%A3%E3%82%A2%E9%80%9A%E4%BF%A1%E7%A4%BE+%E6%9D%BE%E6%B1%9F%E6%9C%AC%E7%A4%BE%28%E3%81%AD%E3%81%93%E3%81%AE%E6%89%8B+%E6%9D%BE%E6%B1%9F%29/data=!4m7!3m6!1s0x355704ed5b214167:0x42767fd590d4bf8e!8m2!3d35.4562795!4d133.0833048!16s%2Fg%2F1tcwtksb!19sChIJZ0EhW-0EVzURjr_UkNV_dkI?authuser=0&hl=ja&rclk=1,松江市,松江市 広告代理店
株式会社創舎 松江営業所,https://www.sosha.co.jp/,松江市 西津田７丁目１１−８,0852-20-2883,https://www.google.com/maps/place/%EF%BC%88%E6%A0%AA%EF%BC%89%E5%89%B5%E8%88%8E+%E6%9D%BE%E6%B1%9F%E5%96%B6%E6%A5%AD%E6%89%80/data=!4m7!3m6!1s0x355704e630319ebb:0x5ab0556347aa3a7a!8m2!3d35.4570015!4d133.0673848!16s%2Fg%2F1tgdqzqv!19sChIJu54xMOYEVzURejqqR2NVsFo?authuser=0&hl=ja&rclk=1,松江市,松江市 広告代理店
株式会社コスモプラス,https://cosmo-plus.co.jp/,松江市 黒田町４６０−１１,0852-26-7203,https://www.google.com/maps/place/%E6%A0%AA%E5%BC%8F%E4%BC%9A%E7%A4%BE%E3%82%B3%E3%82%B9%E3%83%A2%E3%83%97%E3%83%A9%E3%82%B9/data=!4m7!3m6!1s0xaa424c6a8115e3ab:0x2c6f00347009d896!8m2!3d35.4797234!4d133.0431685!16s%2Fg%2F11xtbc31fr!19sChIJq-MVgWpMQqoRltgJcDQAbyw?authuser=0&hl=ja&rclk=1,松江市,松江市 広告代理店
リュージョンコンサルティング株式会社,https://www.lusion.jp/,鳥取市 賀露町４３０ KKT コスモス,0857-30-2430,https://www.google.com/maps/place/%E3%83%AA%E3%83%A5%E3%83%BC%E3%82%B8%E3%83%A7%E3%83%B3%E3%82%B3%E3%83%B3%E3%82%B5%E3%83%AB%E3%83%86%E3%82%A3%E3%83%B3%E3%82%B0%EF%BC%88%E6%A0%AA%EF%BC%89/data=!4m7!3m6!1s0x35558e5b77e29acb:0x3714de0272561440!8m2!3d35.526143!4d134.196375!16s%2Fg%2F1wk49xg_!19sChIJy5rid1uOVTURQBRWcgLeFDc?authuser=0&hl=ja&rclk=1,鳥取市,鳥取市 Webマーケティング会社
株式会社EAVEL,https://eavel.co.jp/site-production/,岡山市 海吉１５３９−９,090-2868-2709,https://www.google.com/maps/place/%28%E6%A0%AA%29EAVEL/data=!4m7!3m6!1s0x35540924c3cbbd3b:0x1da5e726a5e68416!8m2!3d34.6622541!4d133.9874534!16s%2Fg%2F11vr6p3_xy!19sChIJO73LwyQJVDURFoTmpSbnpR0?authuser=0&hl=ja&rclk=1,岡山市,岡山市 Webマーケティング会社
セーラー広告株式会社 岡山本社,http://www.saylor.co.jp/,岡山市 東古松南町６−２９,086-231-2301,https://www.google.com/maps/place/%E3%82%BB%E3%83%BC%E3%83%A9%E3%83%BC%E5%BA%83%E5%91%8A%28%E6%A0%AA%29+%E5%B2%A1%E5%B1%B1%E6%9C%AC%E7%A4%BE/data=!4m7!3m6!1s0x355407999e361c37:0xbbfec5d50a421322!8m2!3d34.6439609!4d133.9127687!16s%2Fg%2F1tk8ldt2!19sChIJNxw2npkHVDURIhNCCtXF_rs?authuser=0&hl=ja&rclk=1,岡山市,岡山市 広告代理店
ウエストプロモーション株式会社,https://www.west-promotion.jp/,岡山市 中山下１丁目１１−１５ 402,086-250-7678,https://www.google.com/maps/place/%E3%82%A6%E3%82%A8%E3%82%B9%E3%83%88%E3%83%97%E3%83%AD%E3%83%A2%E3%83%BC%E3%82%B7%E3%83%A7%E3%83%B3%E6%A0%AA%E5%BC%8F%E4%BC%9A%E7%A4%BE/data=!4m7!3m6!1s0x355407bd572486a9:0x80537c7163e9b4de!8m2!3d34.6634627!4d133.9282541!16s%2Fg%2F11vdjdwp8d!19sChIJqYYkV70HVDUR3rTpY3F8U4A?authuser=0&hl=ja&rclk=1,岡山市,岡山市 広告代理店
倉敷プリント,https://kurashiki-print.com/,倉敷市 鶴の浦２丁目２−１２,086-441-7015,https://www.google.com/maps/place/%E5%80%89%E6%95%B7%E3%83%97%E3%83%AA%E3%83%B3%E3%83%88/data=!4m7!3m6!1s0x35515b005458a951:0xe954e11196e93d57!8m2!3d34.5425419!4d133.7045951!16s%2Fg%2F11xvxzq79v!19sChIJUalYVABbUTURVz3plhHhVOk?authuser=0&hl=ja&rclk=1,倉敷市,倉敷市 広告代理店
株式会社協同プライニング,http://kyo-pla.net/,倉敷市 松島１０３７,086-463-1535,https://www.google.com/maps/place/%28%E6%A0%AA%29%E5%8D%94%E5%90%8C%E3%83%97%E3%83%A9%E3%82%A4%E3%83%8B%E3%83%B3%E3%82%B0/data=!4m7!3m6!1s0x3553fe391c14594b:0x445bcc5bd7ed0fbf!8m2!3d34.6290358!4d133.8072971!16s%2Fg%2F1tqtvqgv!19sChIJS1kUHDn-UzURvw_t11vMW0Q?authuser=0&hl=ja&rclk=1,倉敷市,倉敷市 広告代理店
有限会社倉敷工芸社,http://www.k-kougeisya.co.jp/,倉敷市 新田２３２１−１,086-422-1398,https://www.google.com/maps/place/%28%E6%9C%89%29%E5%80%89%E6%95%B7%E5%B7%A5%E8%8A%B8%E7%A4%BE/data=!4m7!3m6!1s0x355156327d116963:0x3083b9fe5bdec327!8m2!3d34.583561!4d133.780836!16s%2Fg%2F11b6hyghf1!19sChIJY2kRfTJWUTURJ8PeW_65gzA?authuser=0&hl=ja&rclk=1,倉敷市,倉敷市 広告代理店
株式会社マザーハンズ,https://m-hands.net/,広島市 大手町１丁目１−２６ 402,050-3708-0206,https://www.google.com/maps/place/%E6%A0%AA%E5%BC%8F%E4%BC%9A%E7%A4%BE%E3%83%9E%E3%82%B6%E3%83%BC%E3%83%8F%E3%83%B3%E3%82%BA/data=!4m7!3m6!1s0x355a99ee41921005:0x7408ad80599efa60!8m2!3d34.3954764!4d132.4557494!16s%2Fg%2F11gtfjns59!19sChIJBRCSQe6ZWjURYPqeWYCtCHQ?authuser=0&hl=ja&rclk=1,広島市,広島市 Webマーケティング会社
株式会社宣栄社,http://seneisya.co.jp/,広島市 中町５−１,082-247-2420,https://www.google.com/maps/place/%EF%BC%88%E6%A0%AA%EF%BC%89%E5%AE%A3%E6%A0%84%E7%A4%BE/data=!4m7!3m6!1s0x355aa20e219f7889:0x9e27beca70cfcbb9!8m2!3d34.39055!4d132.459098!16s%2Fg%2F1vgw6h4k!19sChIJiXifIQ6iWjURucvPcMq-J54?authuser=0&hl=ja&rclk=1,広島市,広島市 広告代理店
株式会社 アドクリエイト,http://adcreate.co.jp/,広島市 大塚西３丁目２６−６,082-962-0214,https://www.google.com/maps/place/%E6%A0%AA%E5%BC%8F%E4%BC%9A%E7%A4%BE+%E3%82%A2%E3%83%89%E3%82%AF%E3%83%AA%E3%82%A8%E3%82%A4%E3%83%88/data=!4m7!3m6!1s0x355a981998d8ffff:0xd5c3dc96c1ae0bc3!8m2!3d34.4386424!4d132.4015691!16s%2Fg%2F11cm_bsztv!19sChIJ___YmBmYWjURwwuuwZbcw9U?authuser=0&hl=ja&rclk=1,広島市,広島市 広告代理店
カラフルブリック株式会社,https://colorfulbrick.com/,広島市 中広町１丁目１５−３ 大和ビル 3F,,https://www.google.com/maps/place/%E3%82%AB%E3%83%A9%E3%83%95%E3%83%AB%E3%83%96%E3%83%AA%E3%83%83%E3%82%AF%E6%A0%AA%E5%BC%8F%E4%BC%9A%E7%A4%BE/data=!4m7!3m6!1s0x355aa3dee522ec2b:0x48445c7a8db8602a!8m2!3d34.4009527!4d132.4429017!16s%2Fg%2F11kj97pysh!19sChIJK-wi5d6jWjURKmC4jXpcREg?authuser=0&hl=ja&rclk=1,広島市,広島市 広告代理店
株式会社カフ．ウェブ．システム,https://kaf-web-system.com/,福山市 西町１丁目１−１ 1F iti SETOUCHI コワーキングスペースtovio,080-6333-9990,https://www.google.com/maps/place/%E6%A0%AA%E5%BC%8F%E4%BC%9A%E7%A4%BE%E3%82%AB%E3%83%95%EF%BC%8E%E3%82%A6%E3%82%A7%E3%83%96%EF%BC%8E%E3%82%B7%E3%82%B9%E3%83%86%E3%83%A0/data=!4m7!3m6!1s0x355111db457381b1:0x38f56695df751ca9!8m2!3d34.4877861!4d133.357976!16s%2Fg%2F11vhbs2hgt!19sChIJsYFzRdsRUTURqRx135Vm9Tg?authuser=0&hl=ja&rclk=1,福山市,福山市 Webマーケティング会社
株式会社 広島朝日広告社 福山支社,https://www.hiroasa.jp/,福山市 引野町４丁目５−１８ 2階,084-999-1545,https://www.google.com/maps/place/%E6%A0%AA%E5%BC%8F%E4%BC%9A%E7%A4%BE+%E5%BA%83%E5%B3%B6%E6%9C%9D%E6%97%A5%E5%BA%83%E5%91%8A%E7%A4%BE+%E7%A6%8F%E5%B1%B1%E6%94%AF%E7%A4%BE/data=!4m7!3m6!1s0x355110fc5fb2775d:0x16c720319d83199c!8m2!3d34.4947689!4d133.412594!16s%2Fg%2F1tlcy_dw!19sChIJXXeyX_wQUTURnBmDnTEgxxY?authuser=0&hl=ja&rclk=1,福山市,福山市 広告代理店
株式会社電広,http://www.kure-denko.co.jp/,呉市 西中央５丁目９−１０,0823-25-1177,https://www.google.com/maps/place/%EF%BC%88%E6%A0%AA%EF%BC%89%E9%9B%BB%E5%BA%83/data=!4m7!3m6!1s0x355009cf21a921f1:0xfd7b08365bf406d8!8m2!3d34.2520513!4d132.5645728!16s%2Fg%2F1xfslk45!19sChIJ8SGpIc8JUDUR2Ab0WzYIe_0?authuser=0&hl=ja&rclk=1,呉市,呉市 広告代理店
株式会社ＡＮＥＳＴ,http://ishimoto-kg.jimdo.com/,呉市 中央３丁目５−１０,0823-21-5816,https://www.google.com/maps/place/%E6%A0%AA%E5%BC%8F%E4%BC%9A%E7%A4%BE%EF%BC%A1%EF%BC%AE%EF%BC%A5%EF%BC%B3%EF%BC%B4/data=!4m7!3m6!1s0x355009cda5a8c0cb:0xd6f72f43c2463128!8m2!3d34.2486449!4d132.5624595!16s%2Fg%2F1td_wdfb!19sChIJy8Copc0JUDURKDFGwkMv99Y?authuser=0&hl=ja&rclk=1,呉市,呉市 広告代理店
松村プリント_看板_インクジェット出力_Tシャツ_ウォンツ広白石店の目の前,https://matsupri.design/,呉市 広白石１丁目１−１６,0823-61-8836,https://www.google.com/maps/place/%E6%9D%BE%E6%9D%91%E3%83%97%E3%83%AA%E3%83%B3%E3%83%88_%E7%9C%8B%E6%9D%BF_%E3%82%A4%E3%83%B3%E3%82%AF%E3%82%B8%E3%82%A7%E3%83%83%E3%83%88%E5%87%BA%E5%8A%9B_T%E3%82%B7%E3%83%A3%E3%83%84_%E3%82%A6%E3%82%A9%E3%83%B3%E3%83%84%E5%BA%83%E7%99%BD%E7%9F%B3%E5%BA%97%E3%81%AE%E7%9B%AE%E3%81%AE%E5%89%8D/data=!4m7!3m6!1s0x35500de1a8b59901:0x1cb814a6536c52c!8m2!3d34.2273936!4d132.6330634!16s%2Fg%2F11cs4lgc31!19sChIJAZm1qOENUDURLMU2ZUqBywE?authuser=0&hl=ja&rclk=1,呉市,呉市 広告代理店
サンデー山口,https://www.sunday-yamaguchi.co.jp/,山口市 神田町８−１,083-925-7912,https://www.google.com/maps/place/%E3%82%B5%E3%83%B3%E3%83%87%E3%83%BC%E5%B1%B1%E5%8F%A3/data=!4m7!3m6!1s0x3544974460b75af5:0xdd26be8a56e16932!8m2!3d34.1725716!4d131.4540067!16s%2Fg%2F1vxvfnnp!19sChIJ9Vq3YESXRDURMmnhVoq-Jt0?authuser=0&hl=ja&rclk=1,山口市,山口市 広告代理店
株式会社コマーシャルアーツ,http://www.arts21.jp/,下関市 南部町１９−７ 下関ビル6F,083-228-0200,https://www.google.com/maps/place/%E6%A0%AA%E5%BC%8F%E4%BC%9A%E7%A4%BE%E3%82%B3%E3%83%9E%E3%83%BC%E3%82%B7%E3%83%A3%E3%83%AB%E3%82%A2%E3%83%BC%E3%83%84/data=!4m7!3m6!1s0x3543bd985daf5e31:0xeac758abdd53a3e3!8m2!3d33.953945!4d130.939776!16s%2Fg%2F1ttpdp4n!19sChIJMV6vXZi9QzUR46NT3atYx-o?authuser=0&hl=ja&rclk=1,下関市,下関市 Webマーケティング会社
合同会社E-NES,http://e-nes.jp/,下関市 卸新町８−３ アロー印刷西工場,083-227-3377,https://www.google.com/maps/place/%E5%90%88%E5%90%8C%E4%BC%9A%E7%A4%BEE-NES/data=!4m7!3m6!1s0x3543bde7aad72ca1:0xcc410c9d2a2b5c1f!8m2!3d33.9846076!4d130.9493151!16s%2Fg%2F11ly6t67xz!19sChIJoSzXque9QzURH1wrKp0MQcw?authuser=0&hl=ja&rclk=1,下関市,下関市 Webマーケティング会社
SRMコンサルティング合同会社,http://srm-consul.com/,下関市 永田本町１丁目５−３,083-250-9996,https://www.google.com/maps/place/SRM%E3%82%B3%E3%83%B3%E3%82%B5%E3%83%AB%E3%83%86%E3%82%A3%E3%83%B3%E3%82%B0%E5%90%88%E5%90%8C%E4%BC%9A%E7%A4%BE/data=!4m7!3m6!1s0x3543a3ea93f95555:0x2ef855512da444ec!8m2!3d34.0728711!4d130.8971094!16s%2Fg%2F11sctyq4_r!19sChIJVVX5k-qjQzUR7ESkLVFV-C4?authuser=0&hl=ja&rclk=1,下関市,下関市 Webマーケティング会社
サンデン広告株式会社,http://www.sanden-ad.jp/co_profile.html,下関市 大坪本町２５−３３,083-232-5235,https://www.google.com/maps/place/%E3%82%B5%E3%83%B3%E3%83%87%E3%83%B3%E5%BA%83%E5%91%8A%EF%BC%88%E6%A0%AA%EF%BC%89/data=!4m7!3m6!1s0x3543bd00e69818f1:0xd0b6993a7c683280!8m2!3d33.9705498!4d130.9217961!16s%2Fg%2F11b6d4cb_9!19sChIJ8RiY5gC9QzURgDJofDqZttA?authuser=0&hl=ja&rclk=1,下関市,下関市 広告代理店
フォルト,https://www.fort-net.com/,下関市 椋野町３丁目５−１６,083-227-2115,https://www.google.com/maps/place/%E3%83%95%E3%82%A9%E3%83%AB%E3%83%88/data=!4m7!3m6!1s0x3543bd43183749b7:0xafffac7be13d05c8!8m2!3d33.9800026!4d130.9475177!16s%2Fg%2F11btrrhq3l!19sChIJt0k3GEO9QzURyAU94Xus_68?authuser=0&hl=ja&rclk=1,下関市,下関市 広告代理店
関門ビジョン,https://kanmonvision.stores.jp/,下関市 上田中町１丁目４−１,083-250-8400,https://www.google.com/maps/place/%E9%96%A2%E9%96%80%E3%83%93%E3%82%B8%E3%83%A7%E3%83%B3/data=!4m7!3m6!1s0x3543bd015b0bd3b5:0x2f977f05b3efa949!8m2!3d33.9677719!4d130.9403016!16s%2Fg%2F11fm_m5t05!19sChIJtdMLWwG9QzURSanvswV_ly8?authuser=0&hl=ja&rclk=1,下関市,下関市 広告代理店
朝日オリコミ下関,https://www.asahiorikomi-seibu.co.jp/office,下関市 椋野町２丁目１２−２８,083-232-6380,https://www.google.com/maps/place/%E6%9C%9D%E6%97%A5%E3%82%AA%E3%83%AA%E3%82%B3%E3%83%9F%E4%B8%8B%E9%96%A2/data=!4m7!3m6!1s0x3543bd67ccc0cc55:0xd357d40342e22f96!8m2!3d33.9738045!4d130.9494695!16s%2Fg%2F1th84xqp!19sChIJVczAzGe9QzURli_iQgPUV9M?authuser=0&hl=ja&rclk=1,下関市,下関市 広告代理店
ルーセント・パートナーズ,https://yyoshikazu.com/,下関市 彦島山中町２丁目１４−４,090-8363-0706,https://www.google.com/maps/place/%E3%83%AB%E3%83%BC%E3%82%BB%E3%83%B3%E3%83%88%E3%83%BB%E3%83%91%E3%83%BC%E3%83%88%E3%83%8A%E3%83%BC%E3%82%BA/data=!4m7!3m6!1s0x3543bf0ff5a76cd7:0x4dfc4c2552b31cac!8m2!3d33.9212182!4d130.919019!16s%2Fg%2F11s925v056!19sChIJ12yn9Q-_QzURrByzUiVM_E0?authuser=0&hl=ja&rclk=1,下関市,下関市 広告代理店
株式会社セファード,http://www.t-po.jp/,徳島市 かちどき橋１丁目６０−１,088-655-9997,https://www.google.com/maps/place/%E6%A0%AA%E5%BC%8F%E4%BC%9A%E7%A4%BE%E3%82%BB%E3%83%95%E3%82%A1%E3%83%BC%E3%83%89/data=!4m7!3m6!1s0x35536d184a9848c5:0x29e9972265e5fe87!8m2!3d34.0651998!4d134.5564297!16s%2Fg%2F11h6nfv8zf!19sChIJxUiYShhtUzURh_7lZSKX6Sk?authuser=0&hl=ja&rclk=1,徳島市,徳島市 広告代理店
ミッドサービス,https://midservice.com/,徳島市 東沖洲２丁目５８−５,088-679-1119,https://www.google.com/maps/place/%E3%83%9F%E3%83%83%E3%83%89%E3%82%B5%E3%83%BC%E3%83%93%E3%82%B9/data=!4m7!3m6!1s0x35536d3fdb0fe0a5:0x90f3c3690e4d8921!8m2!3d34.0603515!4d134.5983439!16s%2Fg%2F1tdz2n2n!19sChIJpeAP2z9tUzURIYlNDmnD85A?authuser=0&hl=ja&rclk=1,徳島市,徳島市 広告代理店
SUNABACO高松,https://sunabaco.com/takamatsu/,高松市 常盤町1−３−１ 瓦町Flag 10F SUNABACO 高松,,https://www.google.com/maps/place/SUNABACO%E9%AB%98%E6%9D%BE/data=!4m7!3m6!1s0x3553eb820bc781d5:0x20f2437027e8dc13!8m2!3d34.3394359!4d134.0528198!16s%2Fg%2F11ftwfslc0!19sChIJ1YHHC4LrUzURE9zoJ3BD8iA?authuser=0&hl=ja&rclk=1,高松市,高松市 Webマーケティング会社
㈱ムレコミュニケーションズ 高松,https://www.mure.co.jp/,高松市 朝日町５丁目３−８５,087-822-2600,https://www.google.com/maps/place/%E3%88%B1%E3%83%A0%E3%83%AC%E3%82%B3%E3%83%9F%E3%83%A5%E3%83%8B%E3%82%B1%E3%83%BC%E3%82%B7%E3%83%A7%E3%83%B3%E3%82%BA+%E9%AB%98%E6%9D%BE/data=!4m7!3m6!1s0x3553ec9908d13c73:0x36e9784096c6f2ba!8m2!3d34.348329!4d134.073915!16s%2Fg%2F1tkrjmgj!19sChIJczzRCJnsUzURuvLGlkB46TY?authuser=0&hl=ja&rclk=1,高松市,高松市 Webマーケティング会社
株式会社WEBREX,https://www.webrex24.com/,高松市 今里町１丁目２５−５,,https://www.google.com/maps/place/%E6%A0%AA%E5%BC%8F%E4%BC%9A%E7%A4%BEWEBREX/data=!4m7!3m6!1s0x3553eb06ccea1221:0xd392215f904f599e!8m2!3d34.3247437!4d134.0577997!16s%2Fg%2F11q83xk4rw!19sChIJIRLqzAbrUzURnllPkF8hktM?authuser=0&hl=ja&rclk=1,高松市,高松市 Webマーケティング会社
さんた広告㈱,http://santa-ad.sakura.ne.jp/,高松市 木太町１２２３−２,087-813-6585,https://www.google.com/maps/place/%E3%81%95%E3%82%93%E3%81%9F%E5%BA%83%E5%91%8A%E3%88%B1/data=!4m7!3m6!1s0x3553eb110aede545:0x4dc704a21bca53ea!8m2!3d34.3200209!4d134.069917!16s%2Fg%2F1twyxbxw!19sChIJReXtChHrUzUR6lPKG6IEx00?authuser=0&hl=ja&rclk=1,高松市,高松市 広告代理店
株式会社関西広告社 香川営業所,https://www.kansai-k.com/,高松市 松並町９３８−１,087-897-2115,https://www.google.com/maps/place/%28%E6%A0%AA%29%E9%96%A2%E8%A5%BF%E5%BA%83%E5%91%8A%E7%A4%BE+%E9%A6%99%E5%B7%9D%E5%96%B6%E6%A5%AD%E6%89%80/data=!4m7!3m6!1s0x3553c3d757fa8bed:0x23ca2bc6116c7b0e!8m2!3d34.3199639!4d134.0307955!16s%2Fg%2F11jn0xbsvz!19sChIJ7Yv6V9fDUzURDntsEcYryiM?authuser=0&hl=ja&rclk=1,高松市,高松市 広告代理店
ANUN,https://www.anun-japan.com/,丸亀市 浜町310番地,0120-676-315,https://www.google.com/maps/place/ANUN/data=!4m7!3m6!1s0x3553d9e3469c4d59:0x86d92712f104988a!8m2!3d34.2930719!4d133.7946277!16s%2Fg%2F11vyqjgkzg!19sChIJWU2cRuPZUzURipgE8RIn2YY?authuser=0&hl=ja&rclk=1,丸亀市,丸亀市 Webマーケティング会社
マネードクター高松支社 丸亀オフィス,https://fp-moneydoctor.com/place/shop/kagawa/marugame/?code=12419,丸亀市 塩飽町４８−１ 丸亀プラザ 3F 302,0120-800-857,https://www.google.com/maps/place/%E3%83%9E%E3%83%8D%E3%83%BC%E3%83%89%E3%82%AF%E3%82%BF%E3%83%BC%E9%AB%98%E6%9D%BE%E6%94%AF%E7%A4%BE+%E4%B8%B8%E4%BA%80%E3%82%AA%E3%83%95%E3%82%A3%E3%82%B9/data=!4m7!3m6!1s0x3553d9087d0329eb:0xc0216842ea9000cb!8m2!3d34.2892897!4d133.7948439!16s%2Fg%2F11z55mdk7n!19sChIJ6ykDfQjZUzURywCQ6kJoIcA?authuser=0&hl=ja&rclk=1,丸亀市,丸亀市 Webマーケティング会社
株式会社火燵（こたつ）,https://kotatsu.info/,丸亀市 １８６番地５,0877-49-0403,https://www.google.com/maps/place/%E6%A0%AA%E5%BC%8F%E4%BC%9A%E7%A4%BE%E7%81%AB%E7%87%B5%EF%BC%88%E3%81%93%E3%81%9F%E3%81%A4%EF%BC%89/data=!4m7!3m6!1s0x3553df2edcde018b:0x23b2f422502e40b!8m2!3d34.2981109!4d133.8349974!16s%2Fg%2F11_rqby07!19sChIJiwHe3C7fUzURC-QCJUIvOwI?authuser=0&hl=ja&rclk=1,丸亀市,丸亀市 Webマーケティング会社
有限会社タカシマ工芸,http://www.kanban-t.jp/,丸亀市 柞原町４８１−１,0877-24-8950,https://www.google.com/maps/place/%28%E6%9C%89%29%E3%82%BF%E3%82%AB%E3%82%B7%E3%83%9E%E5%B7%A5%E8%8A%B8/data=!4m7!3m6!1s0x3553d86f93339685:0xf4d93f178e0a999!8m2!3d34.271867!4d133.803126!16s%2Fg%2F1tfzpr9r!19sChIJhZYzk2_YUzURmangePGTTQ8?authuser=0&hl=ja&rclk=1,丸亀市,丸亀市 広告代理店
W-UP,https://ehime-web.jp/,松山市 湊町４丁目５−６,089-989-3823,https://www.google.com/maps/place/W-UP/data=!4m7!3m6!1s0x354fe52132992ce3:0x19f0b4977a216ac!8m2!3d33.8358301!4d132.7649953!16s%2Fg%2F11n0cm3h2h!19sChIJ4yyZMiHlTzURrBaid0kLnwE?authuser=0&hl=ja&rclk=1,松山市,松山市 Webマーケティング会社
株式会社イーエーシー,https://eac711.com/,松山市 市坪南２丁目２−８,089-905-1720,https://www.google.com/maps/place/%EF%BC%88%E6%A0%AA%EF%BC%89%E3%82%A4%E3%83%BC%E3%82%A8%E3%83%BC%E3%82%B7%E3%83%BC/data=!4m7!3m6!1s0x354fe5962bc981c7:0xdd8299d351ebe8d0!8m2!3d33.807664!4d132.7504659!16s%2Fg%2F11btrrrnpt!19sChIJx4HJK5blTzUR0OjrUdOZgt0?authuser=0&hl=ja&rclk=1,松山市,松山市 Webマーケティング会社
株式会社マジカルサイト,https://www.magicalsite.co.jp/,今治市 喜田村１丁目４−１２ 2F,0898-47-5500,https://www.google.com/maps/place/%E6%A0%AA%E5%BC%8F%E4%BC%9A%E7%A4%BE%E3%83%9E%E3%82%B8%E3%82%AB%E3%83%AB%E3%82%B5%E3%82%A4%E3%83%88/data=!4m7!3m6!1s0x35503a9dedf1f17f:0x33a9026a435e550!8m2!3d34.0459023!4d133.0193195!16s%2Fg%2F1wbfy6df!19sChIJf_Hx7Z06UDURUOU1pCaQOgM?authuser=0&hl=ja&rclk=1,今治市,今治市 Webマーケティング会社
株式会社ライオン広告舎,http://lion-sign.co.jp/,今治市 古国分３丁目５−４３,0898-35-1331,https://www.google.com/maps/place/%EF%BC%88%E6%A0%AA%EF%BC%89%E3%83%A9%E3%82%A4%E3%82%AA%E3%83%B3%E5%BA%83%E5%91%8A%E8%88%8E/data=!4m7!3m6!1s0x3550301641cb9929:0x60f949fcb85699f3!8m2!3d34.0257745!4d133.0372489!16s%2Fg%2F11c2jvlkj8!19sChIJKZnLQRYwUDUR85lWuPxJ-WA?authuser=0&hl=ja&rclk=1,今治市,今治市 広告代理店
ウェブインプルーブ,https://web-improve.com/,北九州市 馬借１丁目１５−１６,080-7038-1977,https://www.google.com/maps/place/%E3%82%A6%E3%82%A7%E3%83%96%E3%82%A4%E3%83%B3%E3%83%97%E3%83%AB%E3%83%BC%E3%83%96/data=!4m7!3m6!1s0x3543b9054c3fcf91:0xb973c5dc6ffd8144!8m2!3d33.8793415!4d130.877128!16s%2Fg%2F11rf7jh7hq!19sChIJkc8_TAW5QzURRIH9b9zFc7k?authuser=0&hl=ja&rclk=1,北九州市,北九州市 Webマーケティング会社
ましじめ株式会社,https://masizime.com/,北九州市 魚町２丁目１−７ ACT松永ビル 5F,050-3708-1017,https://www.google.com/maps/place/%E3%81%BE%E3%81%97%E3%81%98%E3%82%81%E6%A0%AA%E5%BC%8F%E4%BC%9A%E7%A4%BE/data=!4m7!3m6!1s0x3543c74ff6f72d7d:0x730e722e57c967a3!8m2!3d33.8839682!4d130.8795722!16s%2Fg%2F11hdx7r_p_!19sChIJfS339k_HQzURo2fJVy5yDnM?authuser=0&hl=ja&rclk=1,北九州市,北九州市 Webマーケティング会社
株式会社 LAM COMPANY,https://www.moji-lamcompany.com/,北九州市 栄町２−２２ きただや第一ビル １F BONGO内,093-342-7321,https://www.google.com/maps/place/%E6%A0%AA%E5%BC%8F%E4%BC%9A%E7%A4%BE+LAM+COMPANY/data=!4m7!3m6!1s0x3543bf7f628ed251:0xb1a7ccb88c6b4353!8m2!3d33.9447457!4d130.9650354!16s%2Fg%2F11ffv3p7jn!19sChIJUdKOYn-_QzURU0NrjLjMp7E?authuser=0&hl=ja&rclk=1,北九州市,北九州市 Webマーケティング会社
有限会社コア,https://www.core-web.co.jp/,北九州市 熊谷３丁目１３−８,093-583-8288,https://www.google.com/maps/place/%E6%9C%89%E9%99%90%E4%BC%9A%E7%A4%BE%E3%82%B3%E3%82%A2/data=!4m7!3m6!1s0x3543c745e6ca4e55:0x19ba8951d262ae45!8m2!3d33.855352!4d130.8645869!16s%2Fg%2F1tfps19x!19sChIJVU7K5kXHQzURRa5i0lGJuhk?authuser=0&hl=ja&rclk=1,北九州市,北九州市 広告代理店
株式会社人材屋,http://jinzai-ya.co.jp/,北九州市 魚町１丁目４−２１ センタービル 7F,093-513-2380,https://www.google.com/maps/place/%E6%A0%AA%E5%BC%8F%E4%BC%9A%E7%A4%BE%E4%BA%BA%E6%9D%90%E5%B1%8B/data=!4m7!3m6!1s0x3543bf4da68ccda3:0xf67e19318953feaf!8m2!3d33.884439!4d130.880624!16s%2Fg%2F11c3n1q337!19sChIJo82Mpk2_QzURr_5TiTEZfvY?authuser=0&hl=ja&rclk=1,北九州市,北九州市 広告代理店
ブレイクビルド,http://breakbuild.jp/,北九州市 鷹見台１丁目４−１３,,https://www.google.com/maps/place/%E3%83%96%E3%83%AC%E3%82%A4%E3%82%AF%E3%83%93%E3%83%AB%E3%83%89/data=!4m7!3m6!1s0x3543ce98c7640001:0xd913bb6cbc59d760!8m2!3d33.8427058!4d130.721782!16s%2Fg%2F11p9q2lg5s!19sChIJAQBkx5jOQzURYNdZvGy7E9k?authuser=0&hl=ja&rclk=1,北九州市,北九州市 広告代理店
久留米ホームページ制作てらす,https://kurume.website/,久留米市 東合川町3−10−４３ 105,,https://www.google.com/maps/place/%E4%B9%85%E7%95%99%E7%B1%B3%E3%83%9B%E3%83%BC%E3%83%A0%E3%83%9A%E3%83%BC%E3%82%B8%E5%88%B6%E4%BD%9C%E3%81%A6%E3%82%89%E3%81%99/data=!4m7!3m6!1s0x3541a767cde7033f:0xe5ab1a93bf239f48!8m2!3d33.3179291!4d130.5484147!16s%2Fg%2F11v3kw2q2k!19sChIJPwPnzWenQTURSJ8jv5Maq-U?authuser=0&hl=ja&rclk=1,久留米市,久留米市 Webマーケティング会社
MOTONAGA,https://motonaga.jp/,久留米市 野中町８４２−２３,,https://www.google.com/maps/place/MOTONAGA/data=!4m7!3m6!1s0x3541a5596fb96611:0x97a6e2590a25d726!8m2!3d33.3087195!4d130.5349592!16s%2Fg%2F11j0j1g632!19sChIJEWa5b1mlQTURJtclClnippc?authuser=0&hl=ja&rclk=1,久留米市,久留米市 Webマーケティング会社
web制作久留米オフィス,https://web-kurume.com/,久留米市 安武町住吉７８５,050-1024-1692,https://www.google.com/maps/place/web%E5%88%B6%E4%BD%9C%E4%B9%85%E7%95%99%E7%B1%B3%E3%82%AA%E3%83%95%E3%82%A3%E3%82%B9/data=!4m7!3m6!1s0x3541af623a367973:0xd43710bac8b6f41!8m2!3d33.2846336!4d130.4770868!16s%2Fg%2F11mtjv96h9!19sChIJc3k2OmKvQTURQW-LrAtxQw0?authuser=0&hl=ja&rclk=1,久留米市,久留米市 Webマーケティング会社
ドナルド,http://site258149-9733-1197.strikingly.com/,久留米市 花畑３丁目１８−３,0800-555-9951,https://www.google.com/maps/place/%E3%83%89%E3%83%8A%E3%83%AB%E3%83%89/data=!4m7!3m6!1s0x3541a5a9bc6a11b1:0x49420f495c29b805!8m2!3d33.3039692!4d130.5155783!16s%2Fg%2F1wk49vr9!19sChIJsRFqvKmlQTURBbgpXEkPQkk?authuser=0&hl=ja&rclk=1,久留米市,久留米市 Webマーケティング会社
屋外広告看板,http://hirosyo.jp/,久留米市 合川町１０５９−１,0942-45-2466,https://www.google.com/maps/place/%E5%B1%8B%E5%A4%96%E5%BA%83%E5%91%8A%E7%9C%8B%E6%9D%BF/data=!4m7!3m6!1s0x3541a41793272281:0xa3de4b8988a8d5a1!8m2!3d33.317512!4d130.542409!16s%2Fg%2F1tr79lcw!19sChIJgSInkxekQTURodWoiIlL3qM?authuser=0&hl=ja&rclk=1,久留米市,久留米市 広告代理店
株式会社ツクリテ,https://www.tukurite.co.jp/,久留米市 御井町４３９,0942-43-0588,https://www.google.com/maps/place/%28%E6%A0%AA%29%E3%83%84%E3%82%AF%E3%83%AA%E3%83%86/data=!4m7!3m6!1s0x3541a4280e422a95:0xf7074ca097ac666c!8m2!3d33.3024907!4d130.552512!16s%2Fg%2F1tdcjr7c!19sChIJlSpCDiikQTURbGasl6BMB_c?authuser=0&hl=ja&rclk=1,久留米市,久留米市 広告代理店
日展コーポレーション,https://nitten-corporation.com/,久留米市 梅満町１５９８,0942-33-8281,https://www.google.com/maps/place/%E6%97%A5%E5%B1%95%E3%82%B3%E3%83%BC%E3%83%9D%E3%83%AC%E3%83%BC%E3%82%B7%E3%83%A7%E3%83%B3/data=!4m7!3m6!1s0x3541a51794766993:0xec07253949893e44!8m2!3d33.3067226!4d130.4940365!16s%2Fg%2F1tdvmj7y!19sChIJk2l2lBelQTURRD6JSTklB-w?authuser=0&hl=ja&rclk=1,久留米市,久留米市 広告代理店
株式会社コムラスグループ,https://comls.co.jp/list/,佐賀市 駅前中央２丁目６−１０ VEGA佐賀駅前 2F,0952-97-8497,https://www.google.com/maps/place/%E6%A0%AA%E5%BC%8F%E4%BC%9A%E7%A4%BE%E3%82%B3%E3%83%A0%E3%83%A9%E3%82%B9%E3%82%B0%E3%83%AB%E3%83%BC%E3%83%97/data=!4m7!3m6!1s0x3541ca12be0ac66f:0x6f7c48fd6ae3cd1!8m2!3d33.2665335!4d130.2972326!16s%2Fg%2F11cs5q368_!19sChIJb8YKvhLKQTUR0Tyu1o_E9wY?authuser=0&hl=ja&rclk=1,佐賀市,佐賀市 Webマーケティング会社
総合広告代理店AD PLAN／アドプラン,https://adplan.jp/,佐賀市 大財２丁目４−２６ 1,080-1735-6488,https://www.google.com/maps/place/%E7%B7%8F%E5%90%88%E5%BA%83%E5%91%8A%E4%BB%A3%E7%90%86%E5%BA%97AD+PLAN%EF%BC%8F%E3%82%A2%E3%83%89%E3%83%97%E3%83%A9%E3%83%B3/data=!4m7!3m6!1s0x3541b55db864564d:0x7c5466a05eb68de9!8m2!3d33.2585814!4d130.3090217!16s%2Fg%2F11yywsg0xj!19sChIJTVZkuF21QTUR6Y22XqBmVHw?authuser=0&hl=ja&rclk=1,佐賀市,佐賀市 広告代理店
コスモ広告,https://www.cosmokoukoku.com/,佐賀市 巨勢町牛島１７９−１,0952-22-2230,https://www.google.com/maps/place/%E3%82%B3%E3%82%B9%E3%83%A2%E5%BA%83%E5%91%8A/data=!4m7!3m6!1s0x3541b5f21106da73:0x81d586544626641f!8m2!3d33.257564!4d130.318259!16s%2Fg%2F1tgj6m85!19sChIJc9oGEfK1QTURH2QmRlSG1YE?authuser=0&hl=ja&rclk=1,佐賀市,佐賀市 広告代理店
大波止ビジョン,https://led.minamihara.co.jp/nagasaki-ohato-vision/,長崎市 元船町１３−１４,0957-48-2020,https://www.google.com/maps/place/%E5%A4%A7%E6%B3%A2%E6%AD%A2%E3%83%93%E3%82%B8%E3%83%A7%E3%83%B3/data=!4m7!3m6!1s0x351553bb299e6a73:0xb4c6fd813610b32f!8m2!3d32.746172!4d129.8718092!16s%2Fg%2F11z5qthn3w!19sChIJc2qeKbtTFTURL7MQNoH9xrQ?authuser=0&hl=ja&rclk=1,長崎市,長崎市 広告代理店
セイコーラボ,http://seiko-labo.jp/,長崎市 扇町２６−２０,095-845-7239,https://www.google.com/maps/place/%E3%82%BB%E3%82%A4%E3%82%B3%E3%83%BC%E3%83%A9%E3%83%9C/data=!4m7!3m6!1s0x356aacc2aa00084f:0x1eeaf9d83d5b8456!8m2!3d32.784126!4d129.868517!16s%2Fg%2F1xg5qkk8!19sChIJTwgAqsKsajURVoRbPdj56h4?authuser=0&hl=ja&rclk=1,長崎市,長崎市 広告代理店
アサヒエージェンシー,http://asahiagency.co.jp/,佐世保市 桑木場町３３０,0956-20-3123,https://www.google.com/maps/place/%E3%82%A2%E3%82%B5%E3%83%92%E3%82%A8%E3%83%BC%E3%82%B8%E3%82%A7%E3%83%B3%E3%82%B7%E3%83%BC/data=!4m7!3m6!1s0x356a99e07ad877eb:0xaf0a01f876f276fe!8m2!3d33.144697!4d129.818839!16s%2Fg%2F1tf7q06d!19sChIJ63fYeuCZajUR_nbydvgBCq8?authuser=0&hl=ja&rclk=1,佐世保市,佐世保市 広告代理店
株式会社カワハラネオン広告,http://k-neon.jp/,佐世保市 指方町７５７−１ カワハラネオン,0120-583-766,https://www.google.com/maps/place/%28%E6%A0%AA%29%E3%82%AB%E3%83%AF%E3%83%8F%E3%83%A9%E3%83%8D%E3%82%AA%E3%83%B3%E5%BA%83%E5%91%8A/data=!4m7!3m6!1s0x356a97c5ddc25357:0xba299e791feccd82!8m2!3d33.113295!4d129.787283!16s%2Fg%2F1tgp84mc!19sChIJV1PC3cWXajURgs3sH3meKbo?authuser=0&hl=ja&rclk=1,佐世保市,佐世保市 広告代理店
株式会社熊本マーケティング研究所,https://www.kumamoto-marketing.co.jp/,熊本市 新屋敷３丁目１−８,096-273-7930,https://www.google.com/maps/place/%E6%A0%AA%E5%BC%8F%E4%BC%9A%E7%A4%BE%E7%86%8A%E6%9C%AC%E3%83%9E%E3%83%BC%E3%82%B1%E3%83%86%E3%82%A3%E3%83%B3%E3%82%B0%E7%A0%94%E7%A9%B6%E6%89%80/data=!4m7!3m6!1s0x3540f3fed6d0da9f:0x946e71fe50527d3a!8m2!3d32.8052493!4d130.720273!16s%2Fg%2F11fwhwzb44!19sChIJn9rQ1v7zQDUROn1SUP5xbpQ?authuser=0&hl=ja&rclk=1,熊本市,熊本市 Webマーケティング会社
株式会社BHK-熊本支店,https://bhk-holdings.co.jp/,熊本市 長嶺南１丁目６−５ 複合店舗 2F,096-277-1511,https://www.google.com/maps/place/%E6%A0%AA%E5%BC%8F%E4%BC%9A%E7%A4%BEBHK-%E7%86%8A%E6%9C%AC%E6%94%AF%E5%BA%97/data=!4m7!3m6!1s0x3540f4089bcbffff:0x8f3fb8b8d4eb248!8m2!3d32.8119296!4d130.7687291!16s%2Fg%2F11mtd4jg_4!19sChIJ___Lmwj0QDURSLJOjYv78wg?authuser=0&hl=ja&rclk=1,熊本市,熊本市 Webマーケティング会社
熊本広告株式会社,http://kumakoo.co.jp/,熊本市 保田窪１丁目１０−７,096-384-0235,https://www.google.com/maps/place/%E7%86%8A%E6%9C%AC%E5%BA%83%E5%91%8A%EF%BC%88%E6%A0%AA%EF%BC%89/data=!4m7!3m6!1s0x3540f3d882831b49:0xc09bd3eeb0479a70!8m2!3d32.805306!4d130.743217!16s%2Fg%2F11btrrlc6w!19sChIJSRuDgtjzQDURcJpHsO7Tm8A?authuser=0&hl=ja&rclk=1,熊本市,熊本市 広告代理店
株式会社NAINAI,https://nainai.co.jp/,八代市 花園町１１−１ ガレリア 4F,0965-45-9393,https://www.google.com/maps/place/%E6%A0%AA%E5%BC%8F%E4%BC%9A%E7%A4%BENAINAI/data=!4m7!3m6!1s0x35407e32ceb5ea35:0xd0643f514ada56c3!8m2!3d32.5035875!4d130.6118549!16s%2Fg%2F11cjhk7p62!19sChIJNeq1zjJ-QDURw1baSlE_ZNA?authuser=0&hl=ja&rclk=1,八代市,八代市 広告代理店
有限会社八代ネオン電工,http://y-neon.jp/,八代市 花園町８−５,0965-32-2919,https://www.google.com/maps/place/%EF%BC%88%E6%9C%89%EF%BC%89%E5%85%AB%E4%BB%A3%E3%83%8D%E3%82%AA%E3%83%B3%E9%9B%BB%E5%B7%A5/data=!4m7!3m6!1s0x35407fb8c6ef653b:0x7ee1abc2964a1771!8m2!3d32.50351!4d130.612909!16s%2Fg%2F1wj_r0y1!19sChIJO2Xvxrh_QDURcRdKlsKr4X4?authuser=0&hl=ja&rclk=1,八代市,八代市 広告代理店
BAIRA-DESIGN,http://baira-design.tumblr.com/,八代市 島田町８７６,,https://www.google.com/maps/place/BAIRA-DESIGN/data=!4m7!3m6!1s0x35407e27bc8f25c1:0xbe5d962b6ddc37ac!8m2!3d32.5199871!4d130.6333325!16s%2Fg%2F11cn944zbx!19sChIJwSWPvCd-QDURrDfcbSuWXb4?authuser=0&hl=ja&rclk=1,八代市,八代市 広告代理店
株式会社シャーロック,https://sherlocks.co.jp/,大分市 府内町３丁目４−番 20号 4階,050-3557-1204,https://www.google.com/maps/place/%E6%A0%AA%E5%BC%8F%E4%BC%9A%E7%A4%BE%E3%82%B7%E3%83%A3%E3%83%BC%E3%83%AD%E3%83%83%E3%82%AF/data=!4m7!3m6!1s0x3546a1d64b844da7:0x71f2816a1b8b0367!8m2!3d33.2388092!4d131.6087825!16s%2Fg%2F11bz0fxddf!19sChIJp02ES9ahRjURZwOLG2qB8nE?authuser=0&hl=ja&rclk=1,大分市,大分市 Webマーケティング会社
株式会社キュープロデュース,http://q-pro.co.jp/,"大分市 千代町１丁目３−２２ 松本ビル Chiyo-machi 1-3-22, Matsumoto Building 2F",097-533-7878,https://www.google.com/maps/place/%E6%A0%AA%E5%BC%8F%E4%BC%9A%E7%A4%BE%E3%82%AD%E3%83%A5%E3%83%BC%E3%83%97%E3%83%AD%E3%83%87%E3%83%A5%E3%83%BC%E3%82%B9/data=!4m7!3m6!1s0x35469f6bd74b8da1:0x3478db96d343e553!8m2!3d33.2447848!4d131.6067737!16s%2Fg%2F11p0gnl2ns!19sChIJoY1L12ufRjURU-VD05bbeDQ?authuser=0&hl=ja&rclk=1,大分市,大分市 広告代理店
株式会社 日本工事広告,http://www.nkk-sign.com/,大分市 横田１丁目１０−５,097-593-2300,https://www.google.com/maps/place/%E6%A0%AA%E5%BC%8F%E4%BC%9A%E7%A4%BE+%E6%97%A5%E6%9C%AC%E5%B7%A5%E4%BA%8B%E5%BA%83%E5%91%8A/data=!4m7!3m6!1s0x35442776fe99b0ed:0xc1072cc74ec9e23d!8m2!3d33.2493286!4d131.7180206!16s%2Fg%2F1ttdw7bc!19sChIJ7bCZ_nYnRDURPeLJTscsB8E?authuser=0&hl=ja&rclk=1,大分市,大分市 広告代理店
∞CREATE,https://mugen-create.site/,宮崎市 本郷南方４７７４−７,050-5372-3087,https://www.google.com/maps/place/%E2%88%9ECREATE/data=!4m7!3m6!1s0x3538b71aefebea65:0x38f5d04be9562c9d!8m2!3d31.8577122!4d131.4269106!16s%2Fg%2F11hqttb5pz!19sChIJZerr7xq3ODURnSxW6UvQ9Tg?authuser=0&hl=ja&rclk=1,宮崎市,宮崎市 Webマーケティング会社
シナジーマーケティング株式会社 宮崎オフィス,https://www.synergy-marketing.co.jp/,宮崎市 橘通東４丁目２−６２ エリーズ宮崎ビル 4F,0120-689-667,https://www.google.com/maps/place/%E3%82%B7%E3%83%8A%E3%82%B8%E3%83%BC%E3%83%9E%E3%83%BC%E3%82%B1%E3%83%86%E3%82%A3%E3%83%B3%E3%82%B0%E6%A0%AA%E5%BC%8F%E4%BC%9A%E7%A4%BE+%E5%AE%AE%E5%B4%8E%E3%82%AA%E3%83%95%E3%82%A3%E3%82%B9/data=!4m7!3m6!1s0x3538b74100531a1b:0x542e7060bf27ca9f!8m2!3d31.9183439!4d131.4238801!16s%2Fg%2F11g9jlfq7j!19sChIJGxpTAEG3ODURn8onv2BwLlQ?authuser=0&hl=ja&rclk=1,宮崎市,宮崎市 Webマーケティング会社
宮日総合広告株式会社,http://www.mskad.jp/,宮崎市 高千穂通１丁目１−３３,0985-77-5555,https://www.google.com/maps/place/%E5%AE%AE%E6%97%A5%E7%B7%8F%E5%90%88%E5%BA%83%E5%91%8A%E6%A0%AA%E5%BC%8F%E4%BC%9A%E7%A4%BE/data=!4m7!3m6!1s0x3538b741876a708b:0x1d5a9da0e0e40c1d!8m2!3d31.917355!4d131.4262389!16s%2Fg%2F1tfv2wz8!19sChIJi3Bqh0G3ODURHQzk4KCdWh0?authuser=0&hl=ja&rclk=1,宮崎市,宮崎市 広告代理店
株式会社宮崎毎日広告社,https://www.miyazaki-maiko.jp/,宮崎市 広島１丁目４−１２ 日興ビル,0985-23-6268,https://www.google.com/maps/place/%EF%BC%88%E6%A0%AA%EF%BC%89%E5%AE%AE%E5%B4%8E%E6%AF%8E%E6%97%A5%E5%BA%83%E5%91%8A%E7%A4%BE/data=!4m7!3m6!1s0x3538b741ee8f8a19:0xbc8af8e624a349c0!8m2!3d31.916062!4d131.425404!16s%2Fg%2F1tdycd3j!19sChIJGYqP7kG3ODURwEmjJOb4irw?authuser=0&hl=ja&rclk=1,宮崎市,宮崎市 広告代理店
縄文時代マーケティング,https://portfolio.myfolio.jp/,那覇市 大道１４−８,,https://www.google.com/maps/place/%E7%B8%84%E6%96%87%E6%99%82%E4%BB%A3%E3%83%9E%E3%83%BC%E3%82%B1%E3%83%86%E3%82%A3%E3%83%B3%E3%82%B0/data=!4m7!3m6!1s0x34e56d75e34adacd:0x9e2c00474ca94a68!8m2!3d26.2210058!4d127.7003721!16s%2Fg%2F11kg0yz1f6!19sChIJzdpK43Vt5TQRaEqpTEcALJ4?authuser=0&hl=ja&rclk=1,那覇市,那覇市 Webマーケティング会社
Web Clear ホームページ制作,https://web-clear.jp/,那覇市 識名１丁目１６−２９,,https://www.google.com/maps/place/Web+Clear+%E3%83%9B%E3%83%BC%E3%83%A0%E3%83%9A%E3%83%BC%E3%82%B8%E5%88%B6%E4%BD%9C/data=!4m7!3m6!1s0x34e569497ccd8e65:0x16f213792828d61c!8m2!3d26.2059217!4d127.7056768!16s%2Fg%2F12q4r9y6d!19sChIJZY7NfElp5TQRHNYoKHkT8hY?authuser=0&hl=ja&rclk=1,那覇市,那覇市 Webマーケティング会社
あげなカンパニー株式会社,https://agena358.jp/,那覇市 泊１丁目27−９ 301,090-3915-7778,https://www.google.com/maps/place/%E3%81%82%E3%81%92%E3%81%AA%E3%82%AB%E3%83%B3%E3%83%91%E3%83%8B%E3%83%BC%E6%A0%AA%E5%BC%8F%E4%BC%9A%E7%A4%BE/data=!4m7!3m6!1s0x34e56bd1d70153e5:0x663dedfd89083255!8m2!3d26.2222095!4d127.6911514!16s%2Fg%2F11k1f8pmzr!19sChIJ5VMB19Fr5TQRVTIIif3tPWY?authuser=0&hl=ja&rclk=1,那覇市,那覇市 Webマーケティング会社
WEBまーる,https://webma-ru.com/,那覇市 若狭１丁目１７−５,080-6911-6201,https://www.google.com/maps/place/WEB%E3%81%BE%E3%83%BC%E3%82%8B/data=!4m7!3m6!1s0x34e5698527635edb:0x51d78c7185c3644!8m2!3d26.2204941!4d127.6732177!16s%2Fg%2F11g9ngbq23!19sChIJ215jJ4Vp5TQRRDZcGMd4HQU?authuser=0&hl=ja&rclk=1,那覇市,那覇市 Webマーケティング会社
NECRE 株式会社,http://necre.net/,那覇市 首里石嶺町３丁目41−１,050-5526-1804,https://www.google.com/maps/place/NECRE+%E6%A0%AA%E5%BC%8F%E4%BC%9A%E7%A4%BE/data=!4m7!3m6!1s0x34e56c09b0000001:0x971f949d7a1ca6dc!8m2!3d26.2319915!4d127.7254398!16s%2Fg%2F11tjqwy39n!19sChIJAQAAsAls5TQR3KYcep2UH5c?authuser=0&hl=ja&rclk=1,那覇市,那覇市 Webマーケティング会社
株式会社エマエンタープライズ,http://www.ema.co.jp/,那覇市 おもろまち１丁目５−２６,098-868-9332,https://www.google.com/maps/place/%EF%BC%88%E6%A0%AA%EF%BC%89%E3%82%A8%E3%83%9E%E3%82%A8%E3%83%B3%E3%82%BF%E3%83%BC%E3%83%97%E3%83%A9%E3%82%A4%E3%82%BA/data=!4m7!3m6!1s0x34e56962947408fd:0xdc6763540b892f39!8m2!3d26.2224871!4d127.6934933!16s%2Fg%2F1tcwj9ly!19sChIJ_Qh0lGJp5TQROS-JC1RjZ9w?authuser=0&hl=ja&rclk=1,那覇市,那覇市 広告代理店
株式会社SEEC 沖縄営業所,https://se-ec.co.jp/,那覇市 泉崎１丁目２０−６ 那覇ビジネスセンタ 7階,098-951-0127,https://www.google.com/maps/place/%E6%A0%AA%E5%BC%8F%E4%BC%9A%E7%A4%BESEEC+%E6%B2%96%E7%B8%84%E5%96%B6%E6%A5%AD%E6%89%80/data=!4m7!3m6!1s0x34e5699f0c0fedb1:0xe3cefb88bab08494!8m2!3d26.2113653!4d127.6769793!16s%2Fg%2F12hrxctv9!19sChIJse0PDJ9p5TQRlISwuoj7zuM?authuser=0&hl=ja&rclk=1,那覇市,那覇市 広告代理店
有限会社ワールド広告社,https://world-okinawa.com/,那覇市 安謝６２０−３９,098-861-2228,https://www.google.com/maps/place/%28%E6%9C%89%29%E3%83%AF%E3%83%BC%E3%83%AB%E3%83%89%E5%BA%83%E5%91%8A%E7%A4%BE/data=!4m7!3m6!1s0x34e56bcccae3c57d:0x292ce2bba2d19e4b!8m2!3d26.2391074!4d127.6914616!16s%2Fg%2F1tzvt9f5!19sChIJfcXjysxr5TQRS57RorviLCk?authuser=0&hl=ja&rclk=1,那覇市,那覇市 広告代理店
㈱シェアスタック​,https://www.surestack.net/,札幌市 北２条西１０丁目２−７ Ｗａｌｌ 003号室,011-522-9739,https://www.google.com/maps/place/%E3%88%B1%E3%82%B7%E3%82%A7%E3%82%A2%E3%82%B9%E3%82%BF%E3%83%83%E3%82%AF%E2%80%8B/data=!4m7!3m6!1s0x5f0b298ff41d9595:0xe303df706bfaa2d0!8m2!3d43.0623944!4d141.3417057!16s%2Fg%2F11fkbh_lcv!19sChIJlZUd9I8pC18R0KL6a3DfA-M?authuser=0&hl=ja&rclk=1,札幌市,札幌市 集客支援会社
㈱アセンシア,https://ascencia-connect.com/,札幌市 大通西１５丁目３−１２,050-6861-7212,https://www.google.com/maps/place/%E3%88%B1%E3%82%A2%E3%82%BB%E3%83%B3%E3%82%B7%E3%82%A2/data=!4m7!3m6!1s0x5f0b2965fdced49b:0xaa8f10c5e8eccfa7!8m2!3d43.0582997!4d141.3341392!16s%2Fg%2F11y_z_b1gd!19sChIJm9TO_WUpC18Rp8_s6MUQj6o?authuser=0&hl=ja&rclk=1,札幌市,札幌市 集客支援会社
㈱スマイル･リンク,http://www.smile-link.jp/,札幌市 南２条西３丁目12−2 B1,011-242-2666,https://www.google.com/maps/place/%E3%88%B1%E3%82%B9%E3%83%9E%E3%82%A4%E3%83%AB%EF%BD%A5%E3%83%AA%E3%83%B3%E3%82%AF/data=!4m7!3m6!1s0x5f0b29e0fa1c8c97:0xb182389e40fec706!8m2!3d43.0584295!4d141.3538353!16s%2Fg%2F11fkt7wtmg!19sChIJl4wc-uApC18RBsf-QJ44grE?authuser=0&hl=ja&rclk=1,札幌市,札幌市 集客支援会社
㈱ティーコネクト,https://tct-connect.com/,札幌市 南９条西５丁目１−５ リバーパーク中島公園 3-A,011-206-6717,https://www.google.com/maps/place/%E3%88%B1%E3%83%86%E3%82%A3%E3%83%BC%E3%82%B3%E3%83%8D%E3%82%AF%E3%83%88/data=!4m7!3m6!1s0x5f0b29c12951caa7:0xa71b3f4f0e1ab1aa!8m2!3d43.0482559!4d141.3524434!16s%2Fg%2F11ty52557r!19sChIJp8pRKcEpC18RqrEaDk8_G6c?authuser=0&hl=ja&rclk=1,札幌市,札幌市 集客支援会社
㈱スタート,https://hokkaido-start.com/,札幌市 北９条西４丁目1−番地,011-776-7776,https://www.google.com/maps/place/%E3%88%B1%E3%82%B9%E3%82%BF%E3%83%BC%E3%83%88/data=!4m7!3m6!1s0x5f0b297380ed379f:0xa3e4edbe67b304ab!8m2!3d43.0717654!4d141.3490147!16s%2Fg%2F11rcl772by!19sChIJnzftgHMpC18RqwSzZ77t5KM?authuser=0&hl=ja&rclk=1,札幌市,札幌市 集客支援会社
㈱TTK コミュニティ事業本部,http://www.ttk-g.co.jp/,仙台市 中倉２丁目２−２３ ＴＴＫ 中倉ビル,022-297-5099,https://www.google.com/maps/place/%E3%88%B1TTK+%E3%82%B3%E3%83%9F%E3%83%A5%E3%83%8B%E3%83%86%E3%82%A3%E4%BA%8B%E6%A5%AD%E6%9C%AC%E9%83%A8/data=!4m7!3m6!1s0x5f8a27f6c8efb49f:0x7f494aa974aed914!8m2!3d38.243328!4d140.9153078!16s%2Fg%2F1wf38f8n!19sChIJn7TvyPYnil8RFNmudKlKSX8?authuser=0&hl=ja&rclk=1,仙台市,仙台市 集客支援会社
株式会社マネジメントサポート 仙台サテライトオフィス,https://www.ma-support.co.jp/,仙台市 本町１丁目５−２８ カーニープレイス 603,050-6883-2466,https://www.google.com/maps/place/%E6%A0%AA%E5%BC%8F%E4%BC%9A%E7%A4%BE%E3%83%9E%E3%83%8D%E3%82%B8%E3%83%A1%E3%83%B3%E3%83%88%E3%82%B5%E3%83%9D%E3%83%BC%E3%83%88+%E4%BB%99%E5%8F%B0%E3%82%B5%E3%83%86%E3%83%A9%E3%82%A4%E3%83%88%E3%82%AA%E3%83%95%E3%82%A3%E3%82%B9/data=!4m7!3m6!1s0x5f8a29001552d2f7:0xf2fd38b2c290b6e0!8m2!3d38.2650443!4d140.8796939!16s%2Fg%2F11zgt4xnt7!19sChIJ99JSFQApil8R4LaQwrI4_fI?authuser=0&hl=ja&rclk=1,仙台市,仙台市 集客支援会社
株式会社トランバード,https://tranbard.co.jp/,仙台市 泉中央１丁目９−３ クレセール泉中央 5F,022-725-5595,https://www.google.com/maps/place/%E6%A0%AA%E5%BC%8F%E4%BC%9A%E7%A4%BE%E3%83%88%E3%83%A9%E3%83%B3%E3%83%90%E3%83%BC%E3%83%89/data=!4m7!3m6!1s0x5f89813707842801:0x48e955522f60f6b7!8m2!3d38.3213723!4d140.8799597!16s%2Fg%2F11hfys_2sd!19sChIJASiEBzeBiV8Rt_ZgL1JV6Ug?authuser=0&hl=ja&rclk=1,仙台市,仙台市 集客支援会社
㈱ デジタルゴリラ,https://digital-gorilla.co.jp/,仙台市 一番町２丁目５−２２ GC青葉通りプラザ 6F-D,,https://www.google.com/maps/place/%E3%88%B1+%E3%83%87%E3%82%B8%E3%82%BF%E3%83%AB%E3%82%B4%E3%83%AA%E3%83%A9/data=!4m7!3m6!1s0x5f8a29cbe78e581b:0xede385fec939bed9!8m2!3d38.2592427!4d140.8714185!16s%2Fg%2F11rxvkxmdv!19sChIJG1iO58spil8R2b45yf6F4-0?authuser=0&hl=ja&rclk=1,仙台市,仙台市 集客支援会社
水戸就労ケアマネジメント,https://snabi.jp/facility/2813,水戸市 城南１丁目２−４３ 406,029-303-6222,https://www.google.com/maps/place/%E6%B0%B4%E6%88%B8%E5%B0%B1%E5%8A%B4%E3%82%B1%E3%82%A2%E3%83%9E%E3%83%8D%E3%82%B8%E3%83%A1%E3%83%B3%E3%83%88/data=!4m7!3m6!1s0x602225019941c735:0x1651407309cefc0e!8m2!3d36.3674325!4d140.474347!16s%2Fg%2F11c30rfhsd!19sChIJNcdBmQElImARDvzOCXNAURY?authuser=0&hl=ja&rclk=1,水戸市,水戸市 集客支援会社
株式会社 日宣パートナーズ,https://nissenpartners.co.jp/,水戸市 元吉田町７１６−１,029-240-0123,https://www.google.com/maps/place/%E6%A0%AA%E5%BC%8F%E4%BC%9A%E7%A4%BE+%E6%97%A5%E5%AE%A3%E3%83%91%E3%83%BC%E3%83%88%E3%83%8A%E3%83%BC%E3%82%BA/data=!4m7!3m6!1s0x60222518bbb41b01:0xc39110ab8ad12f63!8m2!3d36.3551118!4d140.47809!16s%2Fg%2F1tcxpsjt!19sChIJARu0uxglImARYy_RiqsQkcM?authuser=0&hl=ja&rclk=1,水戸市,水戸市 集客支援会社
Pasolack -パソラック-,https://pasolack.salty.style/,水戸市 東原３丁目６−４４,090-4748-8643,https://www.google.com/maps/place/Pasolack+-%E3%83%91%E3%82%BD%E3%83%A9%E3%83%83%E3%82%AF-/data=!4m7!3m6!1s0xa44d44eff1e2bc7:0x49567f6c277b2a22!8m2!3d36.3858771!4d140.4460593!16s%2Fg%2F11krgc76v7!19sChIJxyse_07URAoRIip7J2x_Vkk?authuser=0&hl=ja&rclk=1,水戸市,水戸市 集客支援会社
就労移行支援事業所 ディーキャリア水戸オフィス,https://dd-career.com/office_data/mito/,水戸市 泉町１丁目２−１ アーバンスクエア水戸ビル 4階A号室,029-303-7557,https://www.google.com/maps/place/%E5%B0%B1%E5%8A%B4%E7%A7%BB%E8%A1%8C%E6%94%AF%E6%8F%B4%E4%BA%8B%E6%A5%AD%E6%89%80+%E3%83%87%E3%82%A3%E3%83%BC%E3%82%AD%E3%83%A3%E3%83%AA%E3%82%A2%E6%B0%B4%E6%88%B8%E3%82%AA%E3%83%95%E3%82%A3%E3%82%B9/data=!4m7!3m6!1s0x602225a2793189e3:0xdae82acd22efb806!8m2!3d36.3785095!4d140.4655533!16s%2Fg%2F11t0wlstxf!19sChIJ44kxeaIlImARBrjvIs0q6No?authuser=0&hl=ja&rclk=1,水戸市,水戸市 集客支援会社
ＪＵＮ代行,https://www.jun-daikou.com/,つくば市 大角豆２０１２−７５８,029-858-2300,https://www.google.com/maps/place/%EF%BC%AA%EF%BC%B5%EF%BC%AE%E4%BB%A3%E8%A1%8C/data=!4m7!3m6!1s0x602273284a215c59:0xaec3546d9be2a8c2!8m2!3d36.048591!4d140.140697!16s%2Fg%2F1tcvj63_!19sChIJWVwhSihzImARwqjim21Uw64?authuser=0&hl=ja&rclk=1,つくば市,つくば市 SNS運用代行会社
株式会社つくば研究支援センター,http://www.tsukuba-tci.co.jp/,つくば市 千現２丁目１−６,029-858-6000,https://www.google.com/maps/place/%EF%BC%88%E6%A0%AA%EF%BC%89%E3%81%A4%E3%81%8F%E3%81%B0%E7%A0%94%E7%A9%B6%E6%94%AF%E6%8F%B4%E3%82%BB%E3%83%B3%E3%82%BF%E3%83%BC/data=!4m7!3m6!1s0x60220cc14d5ba39f:0x2dbae9bd594a6ed!8m2!3d36.0639844!4d140.126247!16s%2Fg%2F1tmkl281!19sChIJn6NbTcEMImAR7aaU1Zuu2wI?authuser=0&hl=ja&rclk=1,つくば市,つくば市 集客支援会社
つくば未来経営コンサルティング事務所,http://miraitsukuri.com/,つくば市 中島２００,0297-21-4744,https://www.google.com/maps/place/%E3%81%A4%E3%81%8F%E3%81%B0%E6%9C%AA%E6%9D%A5%E7%B5%8C%E5%96%B6%E3%82%B3%E3%83%B3%E3%82%B5%E3%83%AB%E3%83%86%E3%82%A3%E3%83%B3%E3%82%B0%E4%BA%8B%E5%8B%99%E6%89%80/data=!4m7!3m6!1s0x602275d2c0000001:0xf8f83d6db47a008d!8m2!3d35.9577285!4d140.0585609!16s%2Fg%2F11h62jg01w!19sChIJAQAAwNJ1ImARjQB6tG09-Pg?authuser=0&hl=ja&rclk=1,つくば市,つくば市 集客支援会社
株式会社つくばビジネスソリューション,http://tsukubabs.com/,つくば市 二の宮３丁目8−１,029-869-8051,https://www.google.com/maps/place/%E6%A0%AA%E5%BC%8F%E4%BC%9A%E7%A4%BE%E3%81%A4%E3%81%8F%E3%81%B0%E3%83%93%E3%82%B8%E3%83%8D%E3%82%B9%E3%82%BD%E3%83%AA%E3%83%A5%E3%83%BC%E3%82%B7%E3%83%A7%E3%83%B3/data=!4m7!3m6!1s0x60220dcd37fbaa55:0xc80b667805c76e87!8m2!3d36.069794!4d140.1150039!16s%2Fg%2F11g0hllxzy!19sChIJVar7N80NImARh27HBXhmC8g?authuser=0&hl=ja&rclk=1,つくば市,つくば市 集客支援会社
つくば桜川集客マーケティング,https://www.moomin.info/,つくば市 真壁町白井６４８,0296-54-1363,https://www.google.com/maps/place/%E3%81%A4%E3%81%8F%E3%81%B0%E6%A1%9C%E5%B7%9D%E9%9B%86%E5%AE%A2%E3%83%9E%E3%83%BC%E3%82%B1%E3%83%86%E3%82%A3%E3%83%B3%E3%82%B0/data=!4m7!3m6!1s0x602203175a9571a1:0xbd6ce41646e2910c!8m2!3d36.2891165!4d140.1064612!16s%2Fg%2F11vlv28b66!19sChIJoXGVWhcDImARDJHiRhbkbL0?authuser=0&hl=ja&rclk=1,つくば市,つくば市 集客支援会社
わくわく 就労移行支援・自立訓練(生活訓練),https://beelandwork.jp/,つくば市 竹園２丁目７−８,029-869-7827,https://www.google.com/maps/place/%E3%82%8F%E3%81%8F%E3%82%8F%E3%81%8F+%E5%B0%B1%E5%8A%B4%E7%A7%BB%E8%A1%8C%E6%94%AF%E6%8F%B4%E3%83%BB%E8%87%AA%E7%AB%8B%E8%A8%93%E7%B7%B4%28%E7%94%9F%E6%B4%BB%E8%A8%93%E7%B7%B4%29/data=!4m7!3m6!1s0x60220c8ce586a6df:0x65628ccb91c0fe6d!8m2!3d36.0778053!4d140.1198407!16s%2Fg%2F11gdq13vjm!19sChIJ36aG5YwMImARbf7AkcuMYmU?authuser=0&hl=ja&rclk=1,つくば市,つくば市 集客支援会社
ココアップズ株式会社,https://kokoupz.com/,つくば市 千現２丁目１−６,050-1871-0756,https://www.google.com/maps/place/%E3%82%B3%E3%82%B3%E3%82%A2%E3%83%83%E3%83%97%E3%82%BA%E6%A0%AA%E5%BC%8F%E4%BC%9A%E7%A4%BE/data=!4m7!3m6!1s0x60220cc14e300001:0xb86f8f3774081b07!8m2!3d36.0640747!4d140.1259761!16s%2Fg%2F11dzdt55b8!19sChIJAQAwTsEMImARBxsIdDePb7g?authuser=0&hl=ja&rclk=1,つくば市,つくば市 集客支援会社
筑波大学ヒューマンエンパワーメント推進局キャリア支援チーム,http://syushoku.sec.tsukuba.ac.jp/career/,つくば市 天王台１丁目１,029-853-8444,https://www.google.com/maps/place/%E7%AD%91%E6%B3%A2%E5%A4%A7%E5%AD%A6%E3%83%92%E3%83%A5%E3%83%BC%E3%83%9E%E3%83%B3%E3%82%A8%E3%83%B3%E3%83%91%E3%83%AF%E3%83%BC%E3%83%A1%E3%83%B3%E3%83%88%E6%8E%A8%E9%80%B2%E5%B1%80%E3%82%AD%E3%83%A3%E3%83%AA%E3%82%A2%E6%94%AF%E6%8F%B4%E3%83%81%E3%83%BC%E3%83%A0/data=!4m7!3m6!1s0x60220c0741732477:0xf9b5054b741f0fe3!8m2!3d36.1081766!4d140.101993!16s%2Fg%2F11bwfz79fp!19sChIJdyRzQQcMImAR4w8fdEsFtfk?authuser=0&hl=ja&rclk=1,つくば市,つくば市 集客支援会社
一般社団法人アイン,https://www.ain.or.jp/,つくば市 紫峰ヶ丘３丁目23−２,050-6871-5032,https://www.google.com/maps/place/%E4%B8%80%E8%88%AC%E7%A4%BE%E5%9B%A3%E6%B3%95%E4%BA%BA%E3%82%A2%E3%82%A4%E3%83%B3/data=!4m7!3m6!1s0x60227578ae6b5daf:0x74c8c2952db8f71e!8m2!3d36.0053347!4d140.0385753!16s%2Fg%2F11ftg63xc4!19sChIJr11rrnh1ImARHve4LZXCyHQ?authuser=0&hl=ja&rclk=1,つくば市,つくば市 集客支援会社
リクルートキャリアコンサルティング 宇都宮オフィス,http://www.recruit-cc.co.jp/map/utsunomiya.html,宇都宮市 大通り４丁目１−１８ 1F,,https://www.google.com/maps/place/%E3%83%AA%E3%82%AF%E3%83%AB%E3%83%BC%E3%83%88%E3%82%AD%E3%83%A3%E3%83%AA%E3%82%A2%E3%82%B3%E3%83%B3%E3%82%B5%E3%83%AB%E3%83%86%E3%82%A3%E3%83%B3%E3%82%B0+%E5%AE%87%E9%83%BD%E5%AE%AE%E3%82%AA%E3%83%95%E3%82%A3%E3%82%B9/data=!4m7!3m6!1s0x601f671ec04b5d47:0x54ca795c80f4a016!8m2!3d36.5604366!4d139.8940111!16s%2Fg%2F11q2qg3tfy!19sChIJR11LwB5nH2ARFqD0gFx5ylQ?authuser=0&hl=ja&rclk=1,宇都宮市,宇都宮市 集客支援会社
Web活ドットコム,https://webkatsu.com/,宇都宮市 中央１丁目１１−１１,028-627-1862,https://www.google.com/maps/place/Web%E6%B4%BB%E3%83%89%E3%83%83%E3%83%88%E3%82%B3%E3%83%A0/data=!4m7!3m6!1s0x601f67465f472025:0x5b5d60ac3d93fb85!8m2!3d36.5578971!4d139.8838643!16s%2Fg%2F11ml08pwws!19sChIJJSBHX0ZnH2ARhfuTPaxgXVs?authuser=0&hl=ja&rclk=1,宇都宮市,宇都宮市 集客支援会社
TSCコネクト株式会社,https://tscconnect.com/,宇都宮市 西川田３丁目２１−３,028-666-8519,https://www.google.com/maps/place/TSC%E3%82%B3%E3%83%8D%E3%82%AF%E3%83%88%E6%A0%AA%E5%BC%8F%E4%BC%9A%E7%A4%BE/data=!4m7!3m6!1s0x853cf9f20d7e52eb:0x6a1e4803350b2e65!8m2!3d36.5133829!4d139.8542667!16s%2Fg%2F11vscm9hjv!19sChIJ61J-DfL5PIURZS4LNQNIHmo?authuser=0&hl=ja&rclk=1,宇都宮市,宇都宮市 集客支援会社
商業支援組合合同会社（新電力バンク運営）,https://csullc.jp/,宇都宮市 滝の原１丁目３−５２ アメニティフラットⅡ 303,028-684-1885,https://www.google.com/maps/place/%E5%95%86%E6%A5%AD%E6%94%AF%E6%8F%B4%E7%B5%84%E5%90%88%E5%90%88%E5%90%8C%E4%BC%9A%E7%A4%BE%EF%BC%88%E6%96%B0%E9%9B%BB%E5%8A%9B%E3%83%90%E3%83%B3%E3%82%AF%E9%81%8B%E5%96%B6%EF%BC%89/data=!4m7!3m6!1s0x601f67214c153bf3:0x909553544628c466!8m2!3d36.5462417!4d139.8648116!16s%2Fg%2F11ys8zv7lh!19sChIJ8zsVTCFnH2ARZsQoRlRTlZA?authuser=0&hl=ja&rclk=1,宇都宮市,宇都宮市 集客支援会社
チャレンジドジャパン 宇都宮センター 就労移行支援,https://ch-j.co.jp/,宇都宮市 中央１丁目１−１ 宇都宮アクシスビル 3階,028-678-5385,https://www.google.com/maps/place/%E3%83%81%E3%83%A3%E3%83%AC%E3%83%B3%E3%82%B8%E3%83%89%E3%82%B8%E3%83%A3%E3%83%91%E3%83%B3+%E5%AE%87%E9%83%BD%E5%AE%AE%E3%82%BB%E3%83%B3%E3%82%BF%E3%83%BC+%E5%B0%B1%E5%8A%B4%E7%A7%BB%E8%A1%8C%E6%94%AF%E6%8F%B4/data=!4m7!3m6!1s0x601f67b97f1e1bdd:0xcc4f4572072afd5f!8m2!3d36.5595331!4d139.8822124!16s%2Fg%2F11xlksy81!19sChIJ3Rsef7lnH2ARX_0qB3JFT8w?authuser=0&hl=ja&rclk=1,宇都宮市,宇都宮市 集客支援会社
宇都宮市 起業家支援施設「宇都宮ベンチャーズ」,https://utsunomiya-ventures.com/,宇都宮市 中央３丁目１−４ 栃木県産業会館 3F,028-680-6010,https://www.google.com/maps/place/%E5%AE%87%E9%83%BD%E5%AE%AE%E5%B8%82+%E8%B5%B7%E6%A5%AD%E5%AE%B6%E6%94%AF%E6%8F%B4%E6%96%BD%E8%A8%AD%E3%80%8C%E5%AE%87%E9%83%BD%E5%AE%AE%E3%83%99%E3%83%B3%E3%83%81%E3%83%A3%E3%83%BC%E3%82%BA%E3%80%8D/data=!4m7!3m6!1s0x601f67bd4fedf1ab:0x29b480ba73dae993!8m2!3d36.5570011!4d139.8848679!16s%2Fg%2F11bccmh3dw!19sChIJq_HtT71nH2ARk-nac7qAtCk?authuser=0&hl=ja&rclk=1,宇都宮市,宇都宮市 集客支援会社
合同会社DLC【SNS広告、コンサルティング】,https://dlc-japan.com/,宇都宮市 平松本町３２５−９,050-3188-5266,https://www.google.com/maps/place/%E5%90%88%E5%90%8C%E4%BC%9A%E7%A4%BEDLC%E3%80%90SNS%E5%BA%83%E5%91%8A%E3%80%81%E3%82%B3%E3%83%B3%E3%82%B5%E3%83%AB%E3%83%86%E3%82%A3%E3%83%B3%E3%82%B0%E3%80%91/data=!4m7!3m6!1s0x601f5dbe47a3027b:0x48911a7aeada21fb!8m2!3d36.5459533!4d139.9081124!16s%2Fg%2F11h_sh1yq6!19sChIJewKjR75dH2AR-yHa6noakUg?authuser=0&hl=ja&rclk=1,宇都宮市,宇都宮市 集客支援会社
㈱ＴＭＣ経営支援センター 宇都宮営業所,https://www.tmc-jinji.com/,宇都宮市 宝木本町１１４０−２００ ＴＭＣ経営支援センター宇都宮支,028-666-3005,https://www.google.com/maps/place/%E3%88%B1%EF%BC%B4%EF%BC%AD%EF%BC%A3%E7%B5%8C%E5%96%B6%E6%94%AF%E6%8F%B4%E3%82%BB%E3%83%B3%E3%82%BF%E3%83%BC+%E5%AE%87%E9%83%BD%E5%AE%AE%E5%96%B6%E6%A5%AD%E6%89%80/data=!4m7!3m6!1s0x601f6f506b7d9e9d:0x32e6cfdae43db291!8m2!3d36.603447!4d139.845891!16s%2Fg%2F1thcmwk2!19sChIJnZ59a1BvH2ARkbI95NrP5jI?authuser=0&hl=ja&rclk=1,宇都宮市,宇都宮市 集客支援会社
株式会社高崎総合コンサルタンツ,https://tsc-gk.co.jp/,高崎市 矢中町６１７−１,027-347-0993,https://www.google.com/maps/place/%EF%BC%88%E6%A0%AA%EF%BC%89%E9%AB%98%E5%B4%8E%E7%B7%8F%E5%90%88%E3%82%B3%E3%83%B3%E3%82%B5%E3%83%AB%E3%82%BF%E3%83%B3%E3%83%84/data=!4m7!3m6!1s0x601eed263105a61d:0xeb4315f124d3d696!8m2!3d36.3096232!4d139.0522211!16s%2Fg%2F1tgdj26f!19sChIJHaYFMSbtHmARltbTJPEVQ-s?authuser=0&hl=ja&rclk=1,高崎市,高崎市 集客支援会社
高崎商工会議所まちなか経済情報センター,https://www.takasakicci.or.jp/,高崎市 鞘町８０ １F,027-386-6850,https://www.google.com/maps/place/%E9%AB%98%E5%B4%8E%E5%95%86%E5%B7%A5%E4%BC%9A%E8%AD%B0%E6%89%80%E3%81%BE%E3%81%A1%E3%81%AA%E3%81%8B%E7%B5%8C%E6%B8%88%E6%83%85%E5%A0%B1%E3%82%BB%E3%83%B3%E3%82%BF%E3%83%BC/data=!4m7!3m6!1s0x601e8d9d2f7868bd:0x6de1eff00395ba5f!8m2!3d36.3244517!4d139.005729!16s%2Fg%2F11pzblljh2!19sChIJvWh4L52NHmARX7qVA_Dv4W0?authuser=0&hl=ja&rclk=1,高崎市,高崎市 集客支援会社
有限会社 緑コンサルティング,http://midori-ct.com/,高崎市 並榎町１６６−１ 緑コンサルティング,027-310-3358,https://www.google.com/maps/place/%E6%9C%89%E9%99%90%E4%BC%9A%E7%A4%BE+%E7%B7%91%E3%82%B3%E3%83%B3%E3%82%B5%E3%83%AB%E3%83%86%E3%82%A3%E3%83%B3%E3%82%B0/data=!4m7!3m6!1s0x601e8da20a41a3a5:0xdcd649254749a344!8m2!3d36.337566!4d138.9948448!16s%2Fg%2F1hhjcjrzt!19sChIJpaNBCqKNHmARRKNJRyVJ1tw?authuser=0&hl=ja&rclk=1,高崎市,高崎市 集客支援会社
キャリカク前橋駅前オフィス,https://kyarikaku-maebashi.com/,前橋市 表町１丁目１２−１ セントラルビル B,027-226-6338,https://www.google.com/maps/place/%E3%82%AD%E3%83%A3%E3%83%AA%E3%82%AB%E3%82%AF%E5%89%8D%E6%A9%8B%E9%A7%85%E5%89%8D%E3%82%AA%E3%83%95%E3%82%A3%E3%82%B9/data=!4m7!3m6!1s0x601ef383de6367ed:0xe9f1df7abef59180!8m2!3d36.3867009!4d139.0680244!16s%2Fg%2F11myv7gg3z!19sChIJ7Wdj3oPzHmARgJH1vnrf8ek?authuser=0&hl=ja&rclk=1,前橋市,前橋市 集客支援会社
株式会社綜合キャリアトラストSAKURA前橋センター,https://sakura-trust.jp/,前橋市 表町２丁目３０−８ AQERU（アクエル）前橋 4F,027-220-5535,https://www.google.com/maps/place/%E6%A0%AA%E5%BC%8F%E4%BC%9A%E7%A4%BE%E7%B6%9C%E5%90%88%E3%82%AD%E3%83%A3%E3%83%AA%E3%82%A2%E3%83%88%E3%83%A9%E3%82%B9%E3%83%88SAKURA%E5%89%8D%E6%A9%8B%E3%82%BB%E3%83%B3%E3%82%BF%E3%83%BC/data=!4m7!3m6!1s0x601ef3727684b9e1:0x36ab8d2f60869a9d!8m2!3d36.3837999!4d139.0714517!16s%2Fg%2F11k8557nk6!19sChIJ4bmEdnLzHmARnZqGYC-NqzY?authuser=0&hl=ja&rclk=1,前橋市,前橋市 集客支援会社
（公財）群馬県産業支援機構,http://www.g-inf.or.jp/,前橋市 亀里町８８４−１,027-265-5011,https://www.google.com/maps/place/%EF%BC%88%E5%85%AC%E8%B2%A1%EF%BC%89%E7%BE%A4%E9%A6%AC%E7%9C%8C%E7%94%A3%E6%A5%AD%E6%94%AF%E6%8F%B4%E6%A9%9F%E6%A7%8B/data=!4m7!3m6!1s0x601ef337c82bed07:0x48163787d98f69d0!8m2!3d36.334346!4d139.0872167!16s%2Fg%2F1v8x28kh!19sChIJB-0ryDfzHmAR0GmP2Yc3Fkg?authuser=0&hl=ja&rclk=1,前橋市,前橋市 集客支援会社
前橋市指定障害者相談支援事業所みらいく,http://mira-iku.org/,前橋市 西片貝町４丁目12−２５ 西片貝 ロイヤルマンション 105号,,https://www.google.com/maps/place/%E5%89%8D%E6%A9%8B%E5%B8%82%E6%8C%87%E5%AE%9A%E9%9A%9C%E5%AE%B3%E8%80%85%E7%9B%B8%E8%AB%87%E6%94%AF%E6%8F%B4%E4%BA%8B%E6%A5%AD%E6%89%80%E3%81%BF%E3%82%89%E3%81%84%E3%81%8F/data=!4m7!3m6!1s0x601eed6932399cbf:0xff9e2861ab283608!8m2!3d36.3849233!4d139.0939182!16s%2Fg%2F11ks028c8c!19sChIJv5w5MmntHmARCDYoq2Eonv8?authuser=0&hl=ja&rclk=1,前橋市,前橋市 集客支援会社
就労移行支援事業所アクセスジョブ熊谷,https://www.accessjob.jp/office-kumagaya,熊谷市 宮前町２丁目１０４ サルーテ熊谷,048-501-6506,https://www.google.com/maps/place/%E5%B0%B1%E5%8A%B4%E7%A7%BB%E8%A1%8C%E6%94%AF%E6%8F%B4%E4%BA%8B%E6%A5%AD%E6%89%80%E3%82%A2%E3%82%AF%E3%82%BB%E3%82%B9%E3%82%B8%E3%83%A7%E3%83%96%E7%86%8A%E8%B0%B7/data=!4m7!3m6!1s0x601f29ab98f2468b:0xe5dd031fb2861a9a!8m2!3d36.1389939!4d139.3868754!16s%2Fg%2F11rrr2b9v3!19sChIJi0bymKspH2ARmhqGsh8D3eU?authuser=0&hl=ja&rclk=1,熊谷市,熊谷市 集客支援会社
株式会社データ総研熊谷,http://www.data-kumagaya.com/,熊谷市 中央１丁目２３６,048-526-5454,https://www.google.com/maps/place/%EF%BC%88%E6%A0%AA%EF%BC%89%E3%83%87%E3%83%BC%E3%82%BF%E7%B7%8F%E7%A0%94%E7%86%8A%E8%B0%B7/data=!4m7!3m6!1s0x601f284cb4f3cbed:0xc668812c9245d0dd!8m2!3d36.1561157!4d139.3917651!16s%2Fg%2F1td1dhvv!19sChIJ7cvztEwoH2AR3dBFkiyBaMY?authuser=0&hl=ja&rclk=1,熊谷市,熊谷市 集客支援会社
株式会社 ツクリベニッセ キャリアコンサルティング事業部事業部,https://www.tsukuribe-nisse.co.jp/,熊谷市 冑山３５６−５３,03-5964-6799,https://www.google.com/maps/place/%E6%A0%AA%E5%BC%8F%E4%BC%9A%E7%A4%BE+%E3%83%84%E3%82%AF%E3%83%AA%E3%83%99%E3%83%8B%E3%83%83%E3%82%BB+%E3%82%AD%E3%83%A3%E3%83%AA%E3%82%A2%E3%82%B3%E3%83%B3%E3%82%B5%E3%83%AB%E3%83%86%E3%82%A3%E3%83%B3%E3%82%B0%E4%BA%8B%E6%A5%AD%E9%83%A8%E4%BA%8B%E6%A5%AD%E9%83%A8/data=!4m7!3m6!1s0x601892b5ad895555:0x75e8cddff725a619!8m2!3d36.0760377!4d139.4135347!16s%2Fg%2F11fl9lwy7l!19sChIJVVWJrbWSGGARGaYl99_N6HU?authuser=0&hl=ja&rclk=1,熊谷市,熊谷市 集客支援会社
いいオフィス熊谷 by しろくまコワーキング/レンタルオフィス/自習室,https://e-office.space/spaces/kanto/saitama/kumagayashi/kumagaya-by-shirokuma,熊谷市 本町１丁目２２２ しろくまビルヂング ３階,050-3189-2650,https://www.google.com/maps/place/%E3%81%84%E3%81%84%E3%82%AA%E3%83%95%E3%82%A3%E3%82%B9%E7%86%8A%E8%B0%B7+by+%E3%81%97%E3%82%8D%E3%81%8F%E3%81%BE%E3%82%B3%E3%83%AF%E3%83%BC%E3%82%AD%E3%83%B3%E3%82%B0%2F%E3%83%AC%E3%83%B3%E3%82%BF%E3%83%AB%E3%82%AA%E3%83%95%E3%82%A3%E3%82%B9%2F%E8%87%AA%E7%BF%92%E5%AE%A4/data=!4m7!3m6!1s0x601f29004da52585:0xb90ce721bd6e60ca!8m2!3d36.1437771!4d139.3847797!16s%2Fg%2F11ymjzmtm4!19sChIJhSWlTQApH2ARymBuvSHnDLk?authuser=0&hl=ja&rclk=1,熊谷市,熊谷市 集客支援会社
就労移行支援施設 グリーンジョブくまがや,https://www.greenjob.jp/,熊谷市 万吉２７１０ 2710番地,048-580-5387,https://www.google.com/maps/place/%E5%B0%B1%E5%8A%B4%E7%A7%BB%E8%A1%8C%E6%94%AF%E6%8F%B4%E6%96%BD%E8%A8%AD+%E3%82%B0%E3%83%AA%E3%83%BC%E3%83%B3%E3%82%B8%E3%83%A7%E3%83%96%E3%81%8F%E3%81%BE%E3%81%8C%E3%82%84/data=!4m7!3m6!1s0x601f2904d4d0c60d:0x6938509b168bc1dc!8m2!3d36.1292963!4d139.3714034!16s%2Fg%2F11ln4j_f28!19sChIJDcbQ1AQpH2AR3MGLFptQOGk?authuser=0&hl=ja&rclk=1,熊谷市,熊谷市 集客支援会社
株式会社マーブル 熊谷オフィス,https://www.marble-corp.co.jp/,熊谷市 万平町１丁目４０ アルファソフトウェア熊谷ビル,048-522-9611,https://www.google.com/maps/place/%EF%BC%88%E6%A0%AA%EF%BC%89%E3%83%9E%E3%83%BC%E3%83%96%E3%83%AB+%E7%86%8A%E8%B0%B7%E3%82%AA%E3%83%95%E3%82%A3%E3%82%B9/data=!4m7!3m6!1s0x601f2995ebeacabf:0xe027e0d4e614147b!8m2!3d36.136141!4d139.389673!16s%2Fg%2F1tg81k9g!19sChIJv8rq65UpH2ARexQU5tTgJ-A?authuser=0&hl=ja&rclk=1,熊谷市,熊谷市 集客支援会社
パーソルキャリアコンサルティング株式会社 熊谷コンサルティングオフィス,https://www.persol-cc.co.jp/company/service-office/m-kumagaya/,熊谷市 筑波３丁目４,0120-917-387,https://www.google.com/maps/place/%E3%83%91%E3%83%BC%E3%82%BD%E3%83%AB%E3%82%AD%E3%83%A3%E3%83%AA%E3%82%A2%E3%82%B3%E3%83%B3%E3%82%B5%E3%83%AB%E3%83%86%E3%82%A3%E3%83%B3%E3%82%B0%E6%A0%AA%E5%BC%8F%E4%BC%9A%E7%A4%BE+%E7%86%8A%E8%B0%B7%E3%82%B3%E3%83%B3%E3%82%B5%E3%83%AB%E3%83%86%E3%82%A3%E3%83%B3%E3%82%B0%E3%82%AA%E3%83%95%E3%82%A3%E3%82%B9/data=!4m7!3m6!1s0x601f2900238396d5:0xff728e54aa0419f3!8m2!3d36.1417328!4d139.3905106!16s%2Fg%2F11vylwj918!19sChIJ1ZaDIwApH2AR8xkEqlSOcv8?authuser=0&hl=ja&rclk=1,熊谷市,熊谷市 集客支援会社
サテライト熊谷オフィス,https://skillplaza.co.jp/,熊谷市 問屋町２丁目４−１８,048-526-1150,https://www.google.com/maps/place/%E3%82%B5%E3%83%86%E3%83%A9%E3%82%A4%E3%83%88%E7%86%8A%E8%B0%B7%E3%82%AA%E3%83%95%E3%82%A3%E3%82%B9/data=!4m7!3m6!1s0x601f2bdfe090fb45:0xad06dd5eb680a269!8m2!3d36.1326068!4d139.4260577!16s%2Fg%2F11cjhrr3ny!19sChIJRfuQ4N8rH2ARaaKAtl7dBq0?authuser=0&hl=ja&rclk=1,熊谷市,熊谷市 集客支援会社
マイアイランド,https://myisland.jp/,熊谷市 桜町１丁目４−７,090-3146-0264,https://www.google.com/maps/place/%E3%83%9E%E3%82%A4%E3%82%A2%E3%82%A4%E3%83%A9%E3%83%B3%E3%83%89/data=!4m7!3m6!1s0x601f28305ddecdaf:0xf2baec0596677f1b!8m2!3d36.1499224!4d139.381668!16s%2Fg%2F1v0lkwd9!19sChIJr83eXTAoH2ARG39nlgXsuvI?authuser=0&hl=ja&rclk=1,熊谷市,熊谷市 集客支援会社
就労移行支援事業所リンクス川越東口,https://links-service.jp/centers/kawagoe-higashi,川越市 脇田町16−２９ 川越脇田ビル 4階,049-298-4906,https://www.google.com/maps/place/%E5%B0%B1%E5%8A%B4%E7%A7%BB%E8%A1%8C%E6%94%AF%E6%8F%B4%E4%BA%8B%E6%A5%AD%E6%89%80%E3%83%AA%E3%83%B3%E3%82%AF%E3%82%B9%E5%B7%9D%E8%B6%8A%E6%9D%B1%E5%8F%A3/data=!4m7!3m6!1s0x6018dbb70ae829cf:0xcee12e30729bddf1!8m2!3d35.9092306!4d139.4842583!16s%2Fg%2F11nxqyb4k7!19sChIJzynoCrfbGGAR8d2bcjAu4c4?authuser=0&hl=ja&rclk=1,川越市,川越市 集客支援会社
川越 会社設立・起業相談オフィス,http://kawagoe-kaisyasetsuritsu.com/,川越市 新宿町１丁目１５番地６ ヨシノビル ３階,0120-966-641,https://www.google.com/maps/place/%E5%B7%9D%E8%B6%8A+%E4%BC%9A%E7%A4%BE%E8%A8%AD%E7%AB%8B%E3%83%BB%E8%B5%B7%E6%A5%AD%E7%9B%B8%E8%AB%87%E3%82%AA%E3%83%95%E3%82%A3%E3%82%B9/data=!4m7!3m6!1s0x6018da51546801dd:0x985d2b2ba96275fa!8m2!3d35.9019086!4d139.4796038!16s%2Fg%2F11dxnrdwkx!19sChIJ3QFoVFHaGGAR-nViqSsrXZg?authuser=0&hl=ja&rclk=1,川越市,川越市 集客支援会社
REQUESTA川越（リクエスタ川越）サテライトオフィス,https://requesta.jp/,川越市 脇田本町10−２４ 藤蔵ロイヤルビル 4F,049-265-6533,https://www.google.com/maps/place/REQUESTA%E5%B7%9D%E8%B6%8A%EF%BC%88%E3%83%AA%E3%82%AF%E3%82%A8%E3%82%B9%E3%82%BF%E5%B7%9D%E8%B6%8A%EF%BC%89%E3%82%B5%E3%83%86%E3%83%A9%E3%82%A4%E3%83%88%E3%82%AA%E3%83%95%E3%82%A3%E3%82%B9/data=!4m7!3m6!1s0x6018dbfafefd2f23:0x5dd9948343ffa980!8m2!3d35.9050251!4d139.4807583!16s%2Fg%2F11sr_4sy02!19sChIJIy_9_vrbGGARgKn_Q4OU2V0?authuser=0&hl=ja&rclk=1,川越市,川越市 集客支援会社
株式会社KOTONARI,https://k-kotonari.co.jp/,川越市 神明町1−４５,049-238-8738,https://www.google.com/maps/place/%E6%A0%AA%E5%BC%8F%E4%BC%9A%E7%A4%BEKOTONARI/data=!4m7!3m6!1s0x6018dba9ea0a421f:0x84af5f330f66e550!8m2!3d35.9286573!4d139.4825179!16s%2Fg%2F11qldznt0t!19sChIJH0IK6qnbGGARUOVmDzNfr4Q?authuser=0&hl=ja&rclk=1,川越市,川越市 集客支援会社
株式会社KCT,https://www.kct5.com/,越谷市 新越谷１丁目17−７−３０１,048-966-1104,https://www.google.com/maps/place/%E6%A0%AA%E5%BC%8F%E4%BC%9A%E7%A4%BEKCT/data=!4m7!3m6!1s0x60189687eaaaaaab:0xcbbcb771123ff83e!8m2!3d35.8770947!4d139.7818608!16s%2Fg%2F11h5dmzgmm!19sChIJq6qq6oeWGGARPvg_EnG3vMs?authuser=0&hl=ja&rclk=1,越谷市,越谷市 集客支援会社
ビジネスサポートセンターこしがや,https://www.city.koshigaya.saitama.jp/kurashi_shisei/jigyosha/sougyou/oshirase/nibankan.html,越谷市 １丁目５−６ 越谷市産業雇用支援センター二番館,048-967-2424,https://www.google.com/maps/place/%E3%83%93%E3%82%B8%E3%83%8D%E3%82%B9%E3%82%B5%E3%83%9D%E3%83%BC%E3%83%88%E3%82%BB%E3%83%B3%E3%82%BF%E3%83%BC%E3%81%93%E3%81%97%E3%81%8C%E3%82%84/data=!4m7!3m6!1s0x6018975f0fe85191:0x29c7fddee994776d!8m2!3d35.8919015!4d139.7942089!16s%2Fg%2F11z9qxnnq0!19sChIJkVHoD1-XGGARbXeU6d79xyk?authuser=0&hl=ja&rclk=1,越谷市,越谷市 集客支援会社
有限会社コスモメディアサービス,https://www.meishishop.com/,越谷市 大成町７丁目１６０９−８,048-940-7131,https://www.google.com/maps/place/%E6%9C%89%E9%99%90%E4%BC%9A%E7%A4%BE%E3%82%B3%E3%82%B9%E3%83%A2%E3%83%A1%E3%83%87%E3%82%A3%E3%82%A2%E3%82%B5%E3%83%BC%E3%83%93%E3%82%B9/data=!4m7!3m6!1s0x6018970d91999cfb:0x5ca0ab52a768d454!8m2!3d35.8869135!4d139.8307905!16s%2Fg%2F1tdwq2yw!19sChIJ-5yZkQ2XGGARVNRop1KroFw?authuser=0&hl=ja&rclk=1,越谷市,越谷市 集客支援会社
合同会社アイティス,http://itis-inc.jp/,越谷市 レイクタウン５丁目2−６,,https://www.google.com/maps/place/%E5%90%88%E5%90%8C%E4%BC%9A%E7%A4%BE%E3%82%A2%E3%82%A4%E3%83%86%E3%82%A3%E3%82%B9/data=!4m7!3m6!1s0x6018966dfed003a3:0x5c3080fb7d409293!8m2!3d35.879451!4d139.8285359!16s%2Fg%2F11n6cjgvkc!19sChIJowPQ_m2WGGARk5JAffuAMFw?authuser=0&hl=ja&rclk=1,越谷市,越谷市 集客支援会社
キャリアデザイン研究所（ＮＰＯ法人）,http://www.npo-cdi.org/,柏市 末広町５−１６,04-7137-7470,https://www.google.com/maps/place/%E3%82%AD%E3%83%A3%E3%83%AA%E3%82%A2%E3%83%87%E3%82%B6%E3%82%A4%E3%83%B3%E7%A0%94%E7%A9%B6%E6%89%80%EF%BC%88%EF%BC%AE%EF%BC%B0%EF%BC%AF%E6%B3%95%E4%BA%BA%EF%BC%89/data=!4m7!3m6!1s0x60189cde67f56c17:0x352a2d93b007c653!8m2!3d35.8636722!4d139.9683737!16s%2Fg%2F1tj4bh44!19sChIJF2z1Z96cGGARU8YHsJMtKjU?authuser=0&hl=ja&rclk=1,柏市,柏市 集客支援会社
スマイルハート柏市役所前,https://smileheart-ai.jp/,柏市 柏５丁目７−２３ サンシティビル2階,04-7128-7831,https://www.google.com/maps/place/%E3%82%B9%E3%83%9E%E3%82%A4%E3%83%AB%E3%83%8F%E3%83%BC%E3%83%88%E6%9F%8F%E5%B8%82%E5%BD%B9%E6%89%80%E5%89%8D/data=!4m7!3m6!1s0x60189dbd91f6180d:0xd3e9aac1065c27a2!8m2!3d35.8667681!4d139.9754089!16s%2Fg%2F11fhsybjzj!19sChIJDRj2kb2dGGARoidcBsGq6dM?authuser=0&hl=ja&rclk=1,柏市,柏市 集客支援会社
就労移行支援事業所 テレワーカーズ柏,https://a-teleworkers.com/,柏市 新柏３丁目１−４,04-7128-5944,https://www.google.com/maps/place/%E5%B0%B1%E5%8A%B4%E7%A7%BB%E8%A1%8C%E6%94%AF%E6%8F%B4%E4%BA%8B%E6%A5%AD%E6%89%80+%E3%83%86%E3%83%AC%E3%83%AF%E3%83%BC%E3%82%AB%E3%83%BC%E3%82%BA%E6%9F%8F/data=!4m7!3m6!1s0x60189dccc7974e39:0x3f232f2625724163!8m2!3d35.841715!4d139.9714214!16s%2Fg%2F11s467x8ky!19sChIJOU6Xx8ydGGARY0FyJSYvIz8?authuser=0&hl=ja&rclk=1,柏市,柏市 集客支援会社
就労移行支援 atGPジョブトレIT・Web船橋,https://www.atgp.jp/training_it/access/funabashi/,船橋市 本町３丁目３２−２０ 東信船橋ビル 2階,050-3645-6001,https://www.google.com/maps/place/%E5%B0%B1%E5%8A%B4%E7%A7%BB%E8%A1%8C%E6%94%AF%E6%8F%B4+atGP%E3%82%B8%E3%83%A7%E3%83%96%E3%83%88%E3%83%ACIT%E3%83%BBWeb%E8%88%B9%E6%A9%8B/data=!4m7!3m6!1s0x60187f1f204f39cd:0x6fcd04054079a57c!8m2!3d35.6955624!4d139.9853854!16s%2Fg%2F11ll6jfsq1!19sChIJzTlPIB9_GGARfKV5QAUEzW8?authuser=0&hl=ja&rclk=1,船橋市,船橋市 集客支援会社
千葉の創業融資支援・起業支援・会社設立支援・補助金支援「株式会社NTOコンサルティング」,https://kigyo-startbook.com/,千葉市 新町２２−１ 新町５５ビル,043-307-2883,https://www.google.com/maps/place/%E5%8D%83%E8%91%89%E3%81%AE%E5%89%B5%E6%A5%AD%E8%9E%8D%E8%B3%87%E6%94%AF%E6%8F%B4%E3%83%BB%E8%B5%B7%E6%A5%AD%E6%94%AF%E6%8F%B4%E3%83%BB%E4%BC%9A%E7%A4%BE%E8%A8%AD%E7%AB%8B%E6%94%AF%E6%8F%B4%E3%83%BB%E8%A3%9C%E5%8A%A9%E9%87%91%E6%94%AF%E6%8F%B4%E3%80%8C%E6%A0%AA%E5%BC%8F%E4%BC%9A%E7%A4%BENTO%E3%82%B3%E3%83%B3%E3%82%B5%E3%83%AB%E3%83%86%E3%82%A3%E3%83%B3%E3%82%B0%E3%80%8D/data=!4m7!3m6!1s0x6022852d9a638979:0xeb13a8670d83c2cc!8m2!3d35.6099034!4d140.1123385!16s%2Fg%2F11yk4b055z!19sChIJeYljmi2FImARzMKDDWeoE-s?authuser=0&hl=ja&rclk=1,千葉市,千葉市 集客支援会社
ぐるっと千葉 編集部,https://www.gurutto-chiba.co.jp/,千葉市 富士見１丁目１５−２ クラマンビル 6階,050-8884-4559,https://www.google.com/maps/place/%E3%81%90%E3%82%8B%E3%81%A3%E3%81%A8%E5%8D%83%E8%91%89+%E7%B7%A8%E9%9B%86%E9%83%A8/data=!4m7!3m6!1s0x60229fd3407762b7:0xd0d307bfd7ffc15!8m2!3d35.6112743!4d140.1194022!16s%2Fg%2F11njqp39f8!19sChIJt2J3QNOfImARFfx__XswDQ0?authuser=0&hl=ja&rclk=1,千葉市,千葉市 集客支援会社
CHIBA-LABO（チバラボ）,http://www.chiba-labo.jp/,千葉市 中央２丁目５−１ 7階,043-215-8812,https://www.google.com/maps/place/CHIBA-LABO%EF%BC%88%E3%83%81%E3%83%90%E3%83%A9%E3%83%9C%EF%BC%89/data=!4m7!3m6!1s0x602284ca70935ed7:0x6063880fb519f1e7!8m2!3d35.6096411!4d140.1219186!16s%2Fg%2F1hjgp8rbh!19sChIJ116TcMqEImAR5_EZtQ-IY2A?authuser=0&hl=ja&rclk=1,千葉市,千葉市 集客支援会社
木更津市ビジネスサポートセンター らづ-Biz,https://razu-biz.jp/,木更津市 潮浜１丁目１７−５９ 木更津商工会館 １階,0438-53-7100,https://www.google.com/maps/place/%E6%9C%A8%E6%9B%B4%E6%B4%A5%E5%B8%82%E3%83%93%E3%82%B8%E3%83%8D%E3%82%B9%E3%82%B5%E3%83%9D%E3%83%BC%E3%83%88%E3%82%BB%E3%83%B3%E3%82%BF%E3%83%BC+%E3%82%89%E3%81%A5-Biz/data=!4m7!3m6!1s0x60187333eb4c8df5:0x88ab57c0090dcc0!8m2!3d35.3787701!4d139.9100966!16s%2Fg%2F11ckvw7pkc!19sChIJ9Y1M6zNzGGARwNyQAHy1igg?authuser=0&hl=ja&rclk=1,木更津市,木更津市 集客支援会社
株式会社シーリンク 木更津出張所,http://sea-link.jp/company/access.asp?code=kisarazu,木更津市 畑沢１２５０ 内 オリックス自動車(株,0438-38-6817,https://www.google.com/maps/place/%28%E6%A0%AA%29%E3%82%B7%E3%83%BC%E3%83%AA%E3%83%B3%E3%82%AF+%E6%9C%A8%E6%9B%B4%E6%B4%A5%E5%87%BA%E5%BC%B5%E6%89%80/data=!4m7!3m6!1s0x60180c61925b3125:0xa74eb4846300f338!8m2!3d35.3410955!4d139.9202834!16s%2Fg%2F11c1pknpr6!19sChIJJTFbkmEMGGAROPMAY4S0Tqc?authuser=0&hl=ja&rclk=1,木更津市,木更津市 集客支援会社
なせば成る株式会社,http://nnhd.jp/,木更津市 東中央２丁目４−１３ 富士火災木更津ビル 6階,,https://www.google.com/maps/place/%E3%81%AA%E3%81%9B%E3%81%B0%E6%88%90%E3%82%8B%E6%A0%AA%E5%BC%8F%E4%BC%9A%E7%A4%BE/data=!4m7!3m6!1s0x60180ca9641aaaab:0xe53930ae9ec7e888!8m2!3d35.3795192!4d139.9331899!16s%2Fg%2F11kh2d9l2d!19sChIJq6oaZKkMGGARiOjHnq4wOeU?authuser=0&hl=ja&rclk=1,木更津市,木更津市 集客支援会社
特定非営利活動法人 木更CoN,http://www.kisacon.com/,木更津市 太田４丁目３−７,070-5576-0066,https://www.google.com/maps/place/%E7%89%B9%E5%AE%9A%E9%9D%9E%E5%96%B6%E5%88%A9%E6%B4%BB%E5%8B%95%E6%B3%95%E4%BA%BA+%E6%9C%A8%E6%9B%B4CoN/data=!4m7!3m6!1s0x60180b14df9e41e1:0x74245c1ee230ccc9!8m2!3d35.3736054!4d139.9583461!16s%2Fg%2F11c3trkf2n!19sChIJ4UGe3xQLGGARycww4h5cJHQ?authuser=0&hl=ja&rclk=1,木更津市,木更津市 集客支援会社
木更津商工会議所青年部（木更津YEG）,https://www.kisarazu-yeg.com/,木更津市 潮浜１丁目１７−５９,0438-37-8700,https://www.google.com/maps/place/%E6%9C%A8%E6%9B%B4%E6%B4%A5%E5%95%86%E5%B7%A5%E4%BC%9A%E8%AD%B0%E6%89%80%E9%9D%92%E5%B9%B4%E9%83%A8%EF%BC%88%E6%9C%A8%E6%9B%B4%E6%B4%A5YEG%EF%BC%89/data=!4m7!3m6!1s0x60187323085ab7df:0xe8df95688e480d7a!8m2!3d35.3787822!4d139.9100082!16s%2Fg%2F11hv1jknrg!19sChIJ37daCCNzGGAReg1IjmiV3-g?authuser=0&hl=ja&rclk=1,木更津市,木更津市 集客支援会社
Atomic Design,https://atomic-design.jp/,木更津市 大堀１４５２,,https://www.google.com/maps/place/Atomic+Design/data=!4m7!3m6!1s0x60180d1caed2c279:0xaf6c53ceeb09b9df!8m2!3d35.3383292!4d139.8612145!16s%2Fg%2F11q1vm_94j!19sChIJecLSrhwNGGAR37kJ685TbK8?authuser=0&hl=ja&rclk=1,木更津市,木更津市 集客支援会社
Yume Design,https://yume-design.net/,,080-6622-2244,https://www.google.com/maps/place/Yume+Design/data=!4m7!3m6!1s0x303fdd2902fc7cb:0x63a48d3166fc0745!8m2!3d35.4337076!4d140.0712269!16s%2Fg%2F11z7p8l7_h!19sChIJy8cvkNL9AwMRRQf8ZjGNpGM?authuser=0&hl=ja&rclk=1,木更津市,木更津市 集客支援会社
株式会社ソフィットウェブコンサルティング,http://sophit.biz/,横浜市 不老町１丁目２−１,050-7108-5882,https://www.google.com/maps/place/%EF%BC%88%E6%A0%AA%EF%BC%89%E3%82%BD%E3%83%95%E3%82%A3%E3%83%83%E3%83%88%E3%82%A6%E3%82%A7%E3%83%96%E3%82%B3%E3%83%B3%E3%82%B5%E3%83%AB%E3%83%86%E3%82%A3%E3%83%B3%E3%82%B0/data=!4m7!3m6!1s0x60185cf1b668dfe3:0x4af5a9d40c319611!8m2!3d35.4425327!4d139.6371745!16s%2Fg%2F11fm3ptdwn!19sChIJ499otvFcGGAREZYxDNSp9Uo?authuser=0&hl=ja&rclk=1,横浜市,横浜市 集客支援会社
集客実践会,http://xn--rvz621d.co/,横浜市 中央２丁目１２−８,080-5493-3351,https://www.google.com/maps/place/%E9%9B%86%E5%AE%A2%E5%AE%9F%E8%B7%B5%E4%BC%9A/data=!4m7!3m6!1s0x60185c7746ceff4f:0x3822d18ce6948e4f!8m2!3d35.4511918!4d139.6136994!16s%2Fg%2F11btt5gg0r!19sChIJT__ORndcGGART46U5ozRIjg?authuser=0&hl=ja&rclk=1,横浜市,横浜市 集客支援会社
株式会社モノクロマーケティング,https://monochro-marketing.co.jp/,横浜市 金港町5−１４ クアドリフォリオ 8階,050-1807-1567,https://www.google.com/maps/place/%E6%A0%AA%E5%BC%8F%E4%BC%9A%E7%A4%BE%E3%83%A2%E3%83%8E%E3%82%AF%E3%83%AD%E3%83%9E%E3%83%BC%E3%82%B1%E3%83%86%E3%82%A3%E3%83%B3%E3%82%B0/data=!4m7!3m6!1s0x60185de03f299fed:0x13b4c8bcb902eaaa!8m2!3d35.4681882!4d139.625026!16s%2Fg%2F11x2xfgdjy!19sChIJ7Z8pP-BdGGARquoCubzItBM?authuser=0&hl=ja&rclk=1,横浜市,横浜市 集客支援会社
SEO GEEKS,https://seogeeks.jp/,横浜市 潮田町４丁目１５２−１２,,https://www.google.com/maps/place/SEO+GEEKS/data=!4m7!3m6!1s0x601867623e01a3ad:0xa899b2830c4e7cbb!8m2!3d35.5025204!4d139.6931863!16s%2Fg%2F11pxfstvlz!19sChIJraMBPmJnGGARu3xODIOymag?authuser=0&hl=ja&rclk=1,横浜市,横浜市 集客支援会社
acssemble,https://www.acssemble.com/,横浜市 常盤町３丁目30−１ SOLACUBE横濱関内 4F,,https://www.google.com/maps/place/acssemble/data=!4m7!3m6!1s0x60185d5055edf29b:0x707afed38ecece65!8m2!3d35.4460297!4d139.6365927!16s%2Fg%2F11h0ms4z1k!19sChIJm_LtVVBdGGARZc7OjtP-enA?authuser=0&hl=ja&rclk=1,横浜市,横浜市 集客支援会社
運転代行安心,http://daikou-ansin.com/,川崎市 下新城２丁目３−２３ ドリームハウス,0120-850-200,https://www.google.com/maps/place/%E9%81%8B%E8%BB%A2%E4%BB%A3%E8%A1%8C%E5%AE%89%E5%BF%83/data=!4m7!3m6!1s0x6018f595f4c58d81:0xe98c8a8447473c!8m2!3d35.577571!4d139.633775!16s%2Fg%2F1tftl7q4!19sChIJgY3F9JX1GGARPEdHhIqM6QA?authuser=0&hl=ja&rclk=1,川崎市,川崎市 SNS運用代行会社
ケイエスガード【就労移行・就労B型】,https://www.ksguard.com/,川崎市 南町１２−１ パートナーズ川崎 2階,044-223-7603,https://www.google.com/maps/place/%E3%82%B1%E3%82%A4%E3%82%A8%E3%82%B9%E3%82%AC%E3%83%BC%E3%83%89%E3%80%90%E5%B0%B1%E5%8A%B4%E7%A7%BB%E8%A1%8C%E3%83%BB%E5%B0%B1%E5%8A%B4B%E5%9E%8B%E3%80%91/data=!4m7!3m6!1s0x601861dfb094650d:0x4975b88331dec80f!8m2!3d35.5260643!4d139.6988267!16s%2Fg%2F11ll8xmnk1!19sChIJDWWUsN9hGGARD8jeMYO4dUk?authuser=0&hl=ja&rclk=1,川崎市,川崎市 集客支援会社
Kaien川崎 ー就労移行支援,https://www.kaien-lab.com/offices/kc/,川崎市 小川町１４−１９ 浜屋八秀ビル 2F,045-594-7079,https://www.google.com/maps/place/Kaien%E5%B7%9D%E5%B4%8E+%E3%83%BC%E5%B0%B1%E5%8A%B4%E7%A7%BB%E8%A1%8C%E6%94%AF%E6%8F%B4/data=!4m7!3m6!1s0x601860a306ec0001:0xcbce46c19b1af489!8m2!3d35.5277103!4d139.6991082!16s%2Fg%2F11c2p9x39h!19sChIJAQDsBqNgGGARifQam8FGzss?authuser=0&hl=ja&rclk=1,川崎市,川崎市 集客支援会社
就労移行支援事業所CONNECT川崎,https://www.connect-syurou.com/center/kawasaki/,川崎市 大宮町14−４ 川崎中野ビル601号室,044-280-7162,https://www.google.com/maps/place/%E5%B0%B1%E5%8A%B4%E7%A7%BB%E8%A1%8C%E6%94%AF%E6%8F%B4%E4%BA%8B%E6%A5%AD%E6%89%80CONNECT%E5%B7%9D%E5%B4%8E/data=!4m7!3m6!1s0x601861986ad03633:0x185825ecdb40d40e!8m2!3d35.5314042!4d139.6928552!16s%2Fg%2F11vzqc10vs!19sChIJMzbQaphhGGARDtRA2-wlWBg?authuser=0&hl=ja&rclk=1,川崎市,川崎市 集客支援会社
HK.Pro,https://www.hk-pro.jp/,藤沢市 辻堂東海岸１丁目６−１２,080-3718-9943,https://www.google.com/maps/place/HK.Pro/data=!4m7!3m6!1s0x60184e122b4ea9f7:0x65592e5ce8ab2e78!8m2!3d35.3280693!4d139.4592958!16s%2Fg%2F11b6gm6s8j!19sChIJ96lOKxJOGGAReC6r6FwuWWU?authuser=0&hl=ja&rclk=1,藤沢市,藤沢市 集客支援会社
株式会社cantik,https://cantik.co.jp/,相模原市 南台５丁目２１−１７ セレス南台 203号,080-7084-3102,https://www.google.com/maps/place/%E6%A0%AA%E5%BC%8F%E4%BC%9A%E7%A4%BEcantik/data=!4m7!3m6!1s0x6018ff000b707e83:0x66a0134a22e3c6b3!8m2!3d35.5179469!4d139.4172651!16s%2Fg%2F11xgfs9b05!19sChIJg35wCwD_GGARs8bjIkoToGY?authuser=0&hl=ja&rclk=1,相模原市,相模原市 集客支援会社
共感Work,https://kyoukanwork.com/,相模原市 上溝２６１３ サンビレッジN,090-1196-5053,https://www.google.com/maps/place/%E5%85%B1%E6%84%9FWork/data=!4m7!3m6!1s0x6efdcd7d3aaacb61:0x1989a375e93f328b!8m2!3d35.5525591!4d139.3575468!16s%2Fg%2F11ynv8x7n7!19sChIJYcuqOn3N_W4RizI_6XWjiRk?authuser=0&hl=ja&rclk=1,相模原市,相模原市 集客支援会社
KUBO中小企業診断士事務所,https://kubo.consulting/,相模原市 佐野川659‐3 2階,,https://www.google.com/maps/place/KUBO%E4%B8%AD%E5%B0%8F%E4%BC%81%E6%A5%AD%E8%A8%BA%E6%96%AD%E5%A3%AB%E4%BA%8B%E5%8B%99%E6%89%80/data=!4m7!3m6!1s0x601917a44bceb6df:0x2962e5285923bd4d!8m2!3d35.6513641!4d139.1490275!16s%2Fg%2F11mw5wj_ys!19sChIJ37bOS6QXGWARTb0jWSjlYik?authuser=0&hl=ja&rclk=1,相模原市,相模原市 集客支援会社
就労継続支援A型事業所ラック,http://www.senju.co/rakku/,相模原市 鹿沼台１丁目１１−６ ＳＴ淵野辺ビル,042-704-8561,https://www.google.com/maps/place/%E5%B0%B1%E5%8A%B4%E7%B6%99%E7%B6%9A%E6%94%AF%E6%8F%B4A%E5%9E%8B%E4%BA%8B%E6%A5%AD%E6%89%80%E3%83%A9%E3%83%83%E3%82%AF/data=!4m7!3m6!1s0x6018fd74c9576ee1:0xc1fc9794f6a14527!8m2!3d35.5689885!4d139.3936843!16s%2Fg%2F11bccmj3ly!19sChIJ4W5XyXT9GGARJ0Wh9pSX_ME?authuser=0&hl=ja&rclk=1,相模原市,相模原市 集客支援会社
株式会社アーチ・コミュニケーションズ,https://www.arch-c.com/,厚木市 寿町３丁目１−１ ルリエ本厚木 10階 1001号室,,https://www.google.com/maps/place/%E6%A0%AA%E5%BC%8F%E4%BC%9A%E7%A4%BE%E3%82%A2%E3%83%BC%E3%83%81%E3%83%BB%E3%82%B3%E3%83%9F%E3%83%A5%E3%83%8B%E3%82%B1%E3%83%BC%E3%82%B7%E3%83%A7%E3%83%B3%E3%82%BA/data=!4m7!3m6!1s0x6019ab320d04aacf:0xb6bf9275d85cd2ac!8m2!3d35.4437471!4d139.3632861!16s%2Fg%2F11w4k8yxtm!19sChIJz6oEDTKrGWARrNJc2HWSv7Y?authuser=0&hl=ja&rclk=1,厚木市,厚木市 集客支援会社
あつぎエリアマネジメント,https://atsugi-am.com/,厚木市 中町３丁目１８−１４ 第一会田ビル 2階1号室,,https://www.google.com/maps/place/%E3%81%82%E3%81%A4%E3%81%8E%E3%82%A8%E3%83%AA%E3%82%A2%E3%83%9E%E3%83%8D%E3%82%B8%E3%83%A1%E3%83%B3%E3%83%88/data=!4m7!3m6!1s0x6019ab1c9b2dacaf:0x66633fa3e7e51e67!8m2!3d35.4426071!4d139.3632904!16s%2Fg%2F11kqw7trmh!19sChIJr6wtmxyrGWARZx7l56M_Y2Y?authuser=0&hl=ja&rclk=1,厚木市,厚木市 集客支援会社
株式会社KOG,https://www.kog.co.jp/,厚木市 栄町１丁目１０−３,050-3703-8046,https://www.google.com/maps/place/%E6%A0%AA%E5%BC%8F%E4%BC%9A%E7%A4%BEKOG/data=!4m7!3m6!1s0x6019ab324b24ecf7:0x3e72d7ffc27aa260!8m2!3d35.4416735!4d139.3589065!16s%2Fg%2F11rwgvk0bg!19sChIJ9-wkSzKrGWARYKJ6wv_Xcj4?authuser=0&hl=ja&rclk=1,厚木市,厚木市 集客支援会社
コワーキングスペース&シェアオフィス AGORA Hon-atsugi,https://www.agora-office.com/,厚木市 泉町１−１ 本厚木ミロード ①６F,046-271-8145,https://www.google.com/maps/place/%E3%82%B3%E3%83%AF%E3%83%BC%E3%82%AD%E3%83%B3%E3%82%B0%E3%82%B9%E3%83%9A%E3%83%BC%E3%82%B9%26%E3%82%B7%E3%82%A7%E3%82%A2%E3%82%AA%E3%83%95%E3%82%A3%E3%82%B9+AGORA+Hon-atsugi/data=!4m7!3m6!1s0x6019ab063239d389:0x164fd03a6eac8bb!8m2!3d35.4396137!4d139.3639713!16s%2Fg%2F11q4jmvgcw!19sChIJidM5MgarGWARu8jqpgP9ZAE?authuser=0&hl=ja&rclk=1,厚木市,厚木市 集客支援会社
マンパワーグループ ケアサービス厚木支店,https://www.manpowerjobnet.com/about/branch_map/detail/?baseCd=164,厚木市 旭町１丁目２−１ 日本生命本厚木ビル 4F,046-207-2644,https://www.google.com/maps/place/%E3%83%9E%E3%83%B3%E3%83%91%E3%83%AF%E3%83%BC%E3%82%B0%E3%83%AB%E3%83%BC%E3%83%97+%E3%82%B1%E3%82%A2%E3%82%B5%E3%83%BC%E3%83%93%E3%82%B9%E5%8E%9A%E6%9C%A8%E6%94%AF%E5%BA%97/data=!4m7!3m6!1s0x6019ab61cc620a05:0x4865fc0854916056!8m2!3d35.4387588!4d139.3644047!16s%2Fg%2F11pv319p2p!19sChIJBQpizGGrGWARVmCRVAj8ZUg?authuser=0&hl=ja&rclk=1,厚木市,厚木市 集客支援会社
EXPACT株式会社｜社会にインパクトを生む“最初の一歩”に並走するスタートアップパートナー｜,https://links.expact.jp/,静岡市 紺屋町８−１２,,https://www.google.com/maps/place/EXPACT%E6%A0%AA%E5%BC%8F%E4%BC%9A%E7%A4%BE%EF%BD%9C%E7%A4%BE%E4%BC%9A%E3%81%AB%E3%82%A4%E3%83%B3%E3%83%91%E3%82%AF%E3%83%88%E3%82%92%E7%94%9F%E3%82%80%E2%80%9C%E6%9C%80%E5%88%9D%E3%81%AE%E4%B8%80%E6%AD%A9%E2%80%9D%E3%81%AB%E4%B8%A6%E8%B5%B0%E3%81%99%E3%82%8B%E3%82%B9%E3%82%BF%E3%83%BC%E3%83%88%E3%82%A2%E3%83%83%E3%83%97%E3%83%91%E3%83%BC%E3%83%88%E3%83%8A%E3%83%BC%EF%BD%9C/data=!4m7!3m6!1s0x601a490258593a05:0x23414b1554190aff!8m2!3d34.9730032!4d138.3867688!16s%2Fg%2F11h12gh1pz!19sChIJBTpZWAJJGmAR_woZVBVLQSM?authuser=0&hl=ja&rclk=1,静岡市,静岡市 集客支援会社
株式会社襷プロモーション,https://www.m-tasuki.com/,静岡市 草薙１１７２−１ エルディムサンシティ 102号,,https://www.google.com/maps/place/%EF%BC%88%E6%A0%AA%EF%BC%89%E8%A5%B7%E3%83%97%E3%83%AD%E3%83%A2%E3%83%BC%E3%82%B7%E3%83%A7%E3%83%B3/data=!4m7!3m6!1s0x601a3714307a2953:0xf12af3c804c542e9!8m2!3d34.997484!4d138.4494641!16s%2Fg%2F11rvlpb09n!19sChIJUyl6MBQ3GmAR6ULFBMjzKvE?authuser=0&hl=ja&rclk=1,静岡市,静岡市 集客支援会社
株式会社カチカ Cachica.inc,http://cachica.co.jp/,静岡市 森下町１−３９ SOZOSYA森下町ビル 2A,,https://www.google.com/maps/place/%E6%A0%AA%E5%BC%8F%E4%BC%9A%E7%A4%BE%E3%82%AB%E3%83%81%E3%82%AB+Cachica.inc/data=!4m7!3m6!1s0x60188bf004c00001:0x9228c0a57f11d07f!8m2!3d34.9717545!4d138.3916469!16s%2Fg%2F11vt5yljjp!19sChIJAQDABPCLGGARf9ARf6XAKJI?authuser=0&hl=ja&rclk=1,静岡市,静岡市 集客支援会社
株式会社アセットコンサルティング,https://myfp.co.jp/,静岡市 伝馬町９−３ 芝田ビル ３階,054-269-5557,https://www.google.com/maps/place/%E6%A0%AA%E5%BC%8F%E4%BC%9A%E7%A4%BE%E3%82%A2%E3%82%BB%E3%83%83%E3%83%88%E3%82%B3%E3%83%B3%E3%82%B5%E3%83%AB%E3%83%86%E3%82%A3%E3%83%B3%E3%82%B0/data=!4m7!3m6!1s0x601a49f7cbde9431:0xf82c46d55fb8b23d!8m2!3d34.9751208!4d138.3884174!16s%2Fg%2F11b6j7ydkz!19sChIJMZTey_dJGmARPbK4X9VGLPg?authuser=0&hl=ja&rclk=1,静岡市,静岡市 集客支援会社
就労移行支援シグマ,https://sigma-jp.co.jp/landing/empSupport/index.shtml,静岡市 御幸町８−１ ＪＡＤＥビル 8F,050-5050-3459,https://www.google.com/maps/place/%E5%B0%B1%E5%8A%B4%E7%A7%BB%E8%A1%8C%E6%94%AF%E6%8F%B4%E3%82%B7%E3%82%B0%E3%83%9E/data=!4m7!3m6!1s0x601a49e0c080108f:0xeb2434aa4acd5c40!8m2!3d34.9732813!4d138.3868913!16s%2Fg%2F11nqt7mz9l!19sChIJjxCAwOBJGmARQFzNSqo0JOs?authuser=0&hl=ja&rclk=1,静岡市,静岡市 集客支援会社
はままつ中小企業診断士事務所,https://hamamatsu-smec.jp/,浜松市 千歳町９１−１,,https://www.google.com/maps/place/%E3%81%AF%E3%81%BE%E3%81%BE%E3%81%A4%E4%B8%AD%E5%B0%8F%E4%BC%81%E6%A5%AD%E8%A8%BA%E6%96%AD%E5%A3%AB%E4%BA%8B%E5%8B%99%E6%89%80/data=!4m7!3m6!1s0x637f769240a06e1b:0x607c895c37bbbeb6!8m2!3d34.7036901!4d137.7310412!16s%2Fg%2F11p5gh6sfy!19sChIJG26gQJJ2f2MRtr67N1yJfGA?authuser=0&hl=ja&rclk=1,浜松市,浜松市 集客支援会社
合同会社SGコンサルティング,https://sepiaglasses.amebaownd.com/,浜松市 富塚町５７８−４ 小宮オークビル 201,090-7860-2162,https://www.google.com/maps/place/%E5%90%88%E5%90%8C%E4%BC%9A%E7%A4%BESG%E3%82%B3%E3%83%B3%E3%82%B5%E3%83%AB%E3%83%86%E3%82%A3%E3%83%B3%E3%82%B0/data=!4m7!3m6!1s0x601adf045a98d7f7:0x2dbcf15d2c0df4d1!8m2!3d34.7232453!4d137.7044689!16s%2Fg%2F11gxtjxh5x!19sChIJ99eYWgTfGmAR0fQNLF3xvC0?authuser=0&hl=ja&rclk=1,浜松市,浜松市 集客支援会社
リージョンコンパス,https://region-compass.jp/,浜松市 貴布祢２６５−８,080-5837-6104,https://www.google.com/maps/place/%E3%83%AA%E3%83%BC%E3%82%B8%E3%83%A7%E3%83%B3%E3%82%B3%E3%83%B3%E3%83%91%E3%82%B9/data=!4m7!3m6!1s0x601b1f8e4245c6d9:0xc341f4a534d420ef!8m2!3d34.7937915!4d137.7805208!16s%2Fg%2F11ypcccqpc!19sChIJ2cZFQo4fG2AR7yDUNKX0QcM?authuser=0&hl=ja&rclk=1,浜松市,浜松市 集客支援会社
株式会社シーエムエー,https://www.akindo2000.net/,浜松市 板屋町１１１−２ 浜松アクトタワー 15F,053-459-1510,https://www.google.com/maps/place/%E6%A0%AA%E5%BC%8F%E4%BC%9A%E7%A4%BE%E3%82%B7%E3%83%BC%E3%82%A8%E3%83%A0%E3%82%A8%E3%83%BC/data=!4m7!3m6!1s0x601ade76da818b0b:0x7e6660dbae2e3bb!8m2!3d34.7055657!4d137.7367906!16s%2Fg%2F1td6gk2r!19sChIJC4uB2nbeGmARu-Piug1m5gc?authuser=0&hl=ja&rclk=1,浜松市,浜松市 集客支援会社
㈱東海経営コンサルティング,https://tokaikeiei.com/,豊橋市 駅前大通１丁目５５,0532-57-3030,https://www.google.com/maps/place/%E3%88%B1%E6%9D%B1%E6%B5%B7%E7%B5%8C%E5%96%B6%E3%82%B3%E3%83%B3%E3%82%B5%E3%83%AB%E3%83%86%E3%82%A3%E3%83%B3%E3%82%B0/data=!4m7!3m6!1s0x6004d20eed9f7923:0xef655399a2e1d05c!8m2!3d34.7623932!4d137.3838157!16s%2Fg%2F11bx1sdskq!19sChIJI3mf7Q7SBGARXNDhoplTZe8?authuser=0&hl=ja&rclk=1,豊橋市,豊橋市 集客支援会社
WEBRE株式会社,https://webre.co.jp/,豊橋市 草間町平東１３０ 2-5,0532-75-8393,https://www.google.com/maps/place/WEBRE%E6%A0%AA%E5%BC%8F%E4%BC%9A%E7%A4%BE/data=!4m7!3m6!1s0x6004d3650577415f:0xe6756309daa97e72!8m2!3d34.7378064!4d137.3790521!16s%2Fg%2F11yd7nsml0!19sChIJX0F3BWXTBGARcn6p2gljdeY?authuser=0&hl=ja&rclk=1,豊橋市,豊橋市 集客支援会社
N代行 岡崎,http://n-daikou.com/,岡崎市 橋目町竹之内５９−１ C号,090-2570-2313,https://www.google.com/maps/place/N%E4%BB%A3%E8%A1%8C+%E5%B2%A1%E5%B4%8E/data=!4m7!3m6!1s0x6004a3304d741263:0x5738adcfbdb3b12d!8m2!3d34.9814128!4d137.1391778!16s%2Fg%2F11xmzb7k3s!19sChIJYxJ0TTCjBGARLbGzvc-tOFc?authuser=0&hl=ja&rclk=1,岡崎市,岡崎市 SNS運用代行会社
運転代行の中日本サービス,https://nakanihon-service.com/,岡崎市 井田南町９−４,0564-25-3600,https://www.google.com/maps/place/%E9%81%8B%E8%BB%A2%E4%BB%A3%E8%A1%8C%E3%81%AE%E4%B8%AD%E6%97%A5%E6%9C%AC%E3%82%B5%E3%83%BC%E3%83%93%E3%82%B9/data=!4m7!3m6!1s0x6004a2c45f695f5d:0xe537e51f999a5f0e!8m2!3d34.9741664!4d137.16295!16s%2Fg%2F1tmxfhqk!19sChIJXV9pX8SiBGARDl-amR_lN-U?authuser=0&hl=ja&rclk=1,岡崎市,岡崎市 SNS運用代行会社
アクト（就労継続支援B型・就労移行）,http://act-okazaki.com/,岡崎市 稲熊町１丁目７４−７４,0564-79-8910,https://www.google.com/maps/place/%E3%82%A2%E3%82%AF%E3%83%88%EF%BC%88%E5%B0%B1%E5%8A%B4%E7%B6%99%E7%B6%9A%E6%94%AF%E6%8F%B4B%E5%9E%8B%E3%83%BB%E5%B0%B1%E5%8A%B4%E7%A7%BB%E8%A1%8C%EF%BC%89/data=!4m7!3m6!1s0x6004bcd4a056b08f:0x9e24dd117d4580f5!8m2!3d34.9681073!4d137.1799263!16s%2Fg%2F11fnmnqt2l!19sChIJj7BWoNS8BGAR9YBFfRHdJJ4?authuser=0&hl=ja&rclk=1,岡崎市,岡崎市 集客支援会社
岡崎 開業支援相談所,https://www.okazaki-setsuritsu.com/contact,,0120-377-817,https://www.google.com/maps/place/%E5%B2%A1%E5%B4%8E+%E9%96%8B%E6%A5%AD%E6%94%AF%E6%8F%B4%E7%9B%B8%E8%AB%87%E6%89%80/data=!4m7!3m6!1s0x6004bd16eba631cf:0x654784f24c5a9d04!8m2!3d34.9402921!4d137.161982!16s%2Fg%2F11p0ms7yrj!19sChIJzzGm6xa9BGARBJ1aTPKER2U?authuser=0&hl=ja&rclk=1,岡崎市,岡崎市 集客支援会社
みんなの障害年金相談所,https://link-nenkin.com/,岡崎市 真宮町３−３,0120-553-944,https://www.google.com/maps/place/%E3%81%BF%E3%82%93%E3%81%AA%E3%81%AE%E9%9A%9C%E5%AE%B3%E5%B9%B4%E9%87%91%E7%9B%B8%E8%AB%87%E6%89%80/data=!4m7!3m6!1s0x6004bd0939149429:0x84460124a4b29c3!8m2!3d34.9430538!4d137.1525087!16s%2Fg%2F1tfbn8br!19sChIJKZQUOQm9BGARwylLShJgRAg?authuser=0&hl=ja&rclk=1,岡崎市,岡崎市 集客支援会社
コネクトスポット,https://npo.connect-spot.net/,岡崎市 伝馬通２丁目４９,0564-73-6388,https://www.google.com/maps/place/%E3%82%B3%E3%83%8D%E3%82%AF%E3%83%88%E3%82%B9%E3%83%9D%E3%83%83%E3%83%88/data=!4m7!3m6!1s0x6004bdab2e956b3d:0x39c29b90cfb7a5fb!8m2!3d34.9579899!4d137.1706415!16s%2Fg%2F11hynw11yt!19sChIJPWuVLqu9BGAR-6W3z5Cbwjk?authuser=0&hl=ja&rclk=1,岡崎市,岡崎市 集客支援会社
税理士法人鶴田会計 岡崎事務所,http://www.tsurutax.com/,"岡崎市 棟2階, 2-5 LaLa B 戸崎元町",0564-73-0101,https://www.google.com/maps/place/%E7%A8%8E%E7%90%86%E5%A3%AB%E6%B3%95%E4%BA%BA%E9%B6%B4%E7%94%B0%E4%BC%9A%E8%A8%88+%E5%B2%A1%E5%B4%8E%E4%BA%8B%E5%8B%99%E6%89%80/data=!4m7!3m6!1s0x6004bdd518ea0d05:0x5d1570a63a5703fd!8m2!3d34.9347374!4d137.1606555!16s%2Fg%2F11g10n9lqg!19sChIJBQ3qGNW9BGAR_QNXOqZwFV0?authuser=0&hl=ja&rclk=1,岡崎市,岡崎市 集客支援会社
就労移行支援 はたらくの窓口 本校（猿投駅前）,http://www.t-careercenter.com/,豊田市 井上町１２丁目１１４,0565-41-7111,https://www.google.com/maps/place/%E5%B0%B1%E5%8A%B4%E7%A7%BB%E8%A1%8C%E6%94%AF%E6%8F%B4+%E3%81%AF%E3%81%9F%E3%82%89%E3%81%8F%E3%81%AE%E7%AA%93%E5%8F%A3+%E6%9C%AC%E6%A0%A1%EF%BC%88%E7%8C%BF%E6%8A%95%E9%A7%85%E5%89%8D%EF%BC%89/data=!4m7!3m6!1s0x60035fc5aafa5793:0x17053e0913f6c92b!8m2!3d35.1224326!4d137.1756798!16s%2Fg%2F11g1zw77h0!19sChIJk1f6qsVfA2ARK8n2Ewk-BRc?authuser=0&hl=ja&rclk=1,豊田市,豊田市 集客支援会社
WEB先案内,https://web-navigator.com/,豊田市 小坂本町１丁目5−５ YAMATO BLDG 2F,080-5742-9495,https://www.google.com/maps/place/WEB%E5%85%88%E6%A1%88%E5%86%85/data=!4m7!3m6!1s0x6004a17331f7b0ff:0x22ac953d23d3f864!8m2!3d35.0881292!4d137.1524893!16s%2Fg%2F11svbhvzrd!19sChIJ_7D3MXOhBGARZPjTIz2VrCI?authuser=0&hl=ja&rclk=1,豊田市,豊田市 集客支援会社
豊田市就労支援室,https://www.city.toyota.aichi.jp/shisetsu/sodan/shuroushien/,豊田市 若宮町１丁目５７−１ T-FACE A館 9階,0565-31-1330,https://www.google.com/maps/place/%E8%B1%8A%E7%94%B0%E5%B8%82%E5%B0%B1%E5%8A%B4%E6%94%AF%E6%8F%B4%E5%AE%A4/data=!4m7!3m6!1s0x6004a014dab7bb89:0x27468f636caf02fa!8m2!3d35.0868714!4d137.1553704!16s%2Fg%2F1tfrrw6d!19sChIJibu32hSgBGAR-gKvbGOPRic?authuser=0&hl=ja&rclk=1,豊田市,豊田市 集客支援会社
Gaku-u豊田オフィス,http://www.gaku-u.jp/,豊田市 神田町１丁目１−１ 西山地産ビル２Ｆ,0565-34-2603,https://www.google.com/maps/place/Gaku-u%E8%B1%8A%E7%94%B0%E3%82%AA%E3%83%95%E3%82%A3%E3%82%B9/data=!4m7!3m6!1s0x6004a03fb6e2ce05:0x7aacdbace1222e24!8m2!3d35.0829194!4d137.1537212!16s%2Fg%2F11f4r3y2y3!19sChIJBc7itj-gBGARJC4i4azbrHo?authuser=0&hl=ja&rclk=1,豊田市,豊田市 集客支援会社
障害者就労移行支援事業所 LITALICOワークス 豊田,https://works.litalico.jp/center/nagoya/toyota/,豊田市 西町５丁目36−１ ウエスト5ビル 4階,0565-42-3354,https://www.google.com/maps/place/%E9%9A%9C%E5%AE%B3%E8%80%85%E5%B0%B1%E5%8A%B4%E7%A7%BB%E8%A1%8C%E6%94%AF%E6%8F%B4%E4%BA%8B%E6%A5%AD%E6%89%80+LITALICO%E3%83%AF%E3%83%BC%E3%82%AF%E3%82%B9+%E8%B1%8A%E7%94%B0/data=!4m7!3m6!1s0x6004a197940d5b27:0xd65d51b4b5759794!8m2!3d35.0847128!4d137.1552878!16s%2Fg%2F11msr73qwv!19sChIJJ1sNlJehBGARlJd1tbRRXdY?authuser=0&hl=ja&rclk=1,豊田市,豊田市 集客支援会社
なかよし経営相談事務所,http://nakayoshi-keiei.com/,一宮市 今伊勢町馬寄中屋敷３２−５,090-7048-1874,https://www.google.com/maps/place/%E3%81%AA%E3%81%8B%E3%82%88%E3%81%97%E7%B5%8C%E5%96%B6%E7%9B%B8%E8%AB%87%E4%BA%8B%E5%8B%99%E6%89%80/data=!4m7!3m6!1s0x6003a766d1c55551:0x530188933ef40d7!8m2!3d35.3263079!4d136.7936364!16s%2Fg%2F11gxql6k_1!19sChIJUVXF0WanA2AR10DvM4kYMAU?authuser=0&hl=ja&rclk=1,一宮市,一宮市 集客支援会社
アイタック,https://kk-itac.jp/,一宮市 木曽川町黒田十二ノ通り１５,0586-84-1911,https://www.google.com/maps/place/%E3%82%A2%E3%82%A4%E3%82%BF%E3%83%83%E3%82%AF/data=!4m7!3m6!1s0x6003a7b15b94eb39:0x8aeba5d1b912b13c!8m2!3d35.3508928!4d136.7915137!16s%2Fg%2F1wnf0_5z!19sChIJOeuUW7GnA2ARPLESudGl64o?authuser=0&hl=ja&rclk=1,一宮市,一宮市 集客支援会社
ランウィズ,https://runwith-ai.com/,一宮市 0568-29-5335,0568-29-5335,https://www.google.com/maps/place/%E3%83%A9%E3%83%B3%E3%82%A6%E3%82%A3%E3%82%BA/data=!4m7!3m6!1s0x1bcc6452ffff3fd:0xa05c4a871decd9c!8m2!3d35.2059768!4d136.887688!16s%2Fg%2F11z4yz007x!19sChIJ_fP_L0XGvAERnM3ecajEBQo?authuser=0&hl=ja&rclk=1,一宮市,一宮市 集客支援会社
ミツケルにほんのしごと｜外国人材の就職は株式会社京進,https://mycareer-jp.com/,京都市 烏丸通五条下る大坂町３８２−１,075-342-5075,https://www.google.com/maps/place/%E3%83%9F%E3%83%84%E3%82%B1%E3%83%AB%E3%81%AB%E3%81%BB%E3%82%93%E3%81%AE%E3%81%97%E3%81%94%E3%81%A8%EF%BD%9C%E5%A4%96%E5%9B%BD%E4%BA%BA%E6%9D%90%E3%81%AE%E5%B0%B1%E8%81%B7%E3%81%AF%E6%A0%AA%E5%BC%8F%E4%BC%9A%E7%A4%BE%E4%BA%AC%E9%80%B2/data=!4m7!3m6!1s0x600109060eae3325:0x7e2acda56f641aff!8m2!3d34.9953751!4d135.7594978!16s%2Fg%2F11rn1nd3x4!19sChIJJTOuDgYJAWAR_xpkb6XNKn4?authuser=0&hl=ja&rclk=1,京都市,京都市 集客支援会社
株式会社HRX,https://www.wantedly.com/companies/company_7521459,京都市 上木下町７３−４,,https://www.google.com/maps/place/%E6%A0%AA%E5%BC%8F%E4%BC%9A%E7%A4%BEHRX/data=!4m7!3m6!1s0xa041d2433e824e81:0x3a729fa23e099353!8m2!3d35.0356444!4d135.7564484!16s%2Fg%2F11z5xw6_03!19sChIJgU6CPkPSQaARU5MJPqKfcjo?authuser=0&hl=ja&rclk=1,京都市,京都市 集客支援会社
SEE KYOTO CONSULTING,https://seekyoto.jp/,京都市 京都市下京区仏光寺通室町 東入ル釘隠町255 小川京都ビル SoloTime京都208,075-606-4168,https://www.google.com/maps/place/SEE+KYOTO+CONSULTING/data=!4m7!3m6!1s0x211baed6440eb85d:0x25e51e35ccdf18de!8m2!3d35.0012015!4d135.7592137!16s%2Fg%2F11ynsvtrg9!19sChIJXbgORNauGyER3hjfzDUe5SU?authuser=0&hl=ja&rclk=1,京都市,京都市 集客支援会社
マーケライン/MARKELINE,https://www.lstepoffcial.com/,京都市 090-8651-0850,090-8651-0850,https://www.google.com/maps/place/%E3%83%9E%E3%83%BC%E3%82%B1%E3%83%A9%E3%82%A4%E3%83%B3%2FMARKELINE/data=!4m7!3m6!1s0x600117ec4b97e823:0x3648658047cedd08!8m2!3d35.0012015!4d135.7592137!16s%2Fg%2F11rxrppkvl!19sChIJI-iXS-wXAWARCN3OR4BlSDY?authuser=0&hl=ja&rclk=1,京都市,京都市 集客支援会社
六連京都株式会社（六連コンサルティング）,https://www.mutsura-realestate.com/,京都市 新町通六角下る六角町３５７−３,075-754-8069,https://www.google.com/maps/place/%E5%85%AD%E9%80%A3%E4%BA%AC%E9%83%BD%E6%A0%AA%E5%BC%8F%E4%BC%9A%E7%A4%BE%EF%BC%88%E5%85%AD%E9%80%A3%E3%82%B3%E3%83%B3%E3%82%B5%E3%83%AB%E3%83%86%E3%82%A3%E3%83%B3%E3%82%B0%EF%BC%89/data=!4m7!3m6!1s0x60010912893693ef:0x67f34c96307b93aa!8m2!3d35.0068858!4d135.756775!16s%2Fg%2F11hskpt41_!19sChIJ75M2iRIJAWARqpN7MJZM82c?authuser=0&hl=ja&rclk=1,京都市,京都市 集客支援会社
滋賀県産業支援プラザ,https://www.shigaplaza.or.jp/,大津市 打出浜２−１ コラボしが21 2階,077-511-1410,https://www.google.com/maps/place/%E6%BB%8B%E8%B3%80%E7%9C%8C%E7%94%A3%E6%A5%AD%E6%94%AF%E6%8F%B4%E3%83%97%E3%83%A9%E3%82%B6/data=!4m7!3m6!1s0x60010ce5537a0725:0xb02e16d68b297777!8m2!3d35.006472!4d135.875545!16s%2Fg%2F1tdqnkdb!19sChIJJQd6U-UMAWARd3cpi9YWLrA?authuser=0&hl=ja&rclk=1,大津市,大津市 集客支援会社
おおつ働き・暮らし応援センター,https://osk-hatakura.net/,大津市 京町３丁目４−１２,077-522-5142,https://www.google.com/maps/place/%E3%81%8A%E3%81%8A%E3%81%A4%E5%83%8D%E3%81%8D%E3%83%BB%E6%9A%AE%E3%82%89%E3%81%97%E5%BF%9C%E6%8F%B4%E3%82%BB%E3%83%B3%E3%82%BF%E3%83%BC/data=!4m7!3m6!1s0x60010cf7b21984b5:0x93f942943e3d366b!8m2!3d35.005839!4d135.8682214!16s%2Fg%2F1tjpqdb7!19sChIJtYQZsvcMAWARazY9PpRC-ZM?authuser=0&hl=ja&rclk=1,大津市,大津市 集客支援会社
みらい指針株式会社,https://www.osaka-shindanshi.org/member/n428573/,大津市 090-1918-8333,090-1918-8333,https://www.google.com/maps/place/%E3%81%BF%E3%82%89%E3%81%84%E6%8C%87%E9%87%9D%E6%A0%AA%E5%BC%8F%E4%BC%9A%E7%A4%BE/data=!4m7!3m6!1s0x45b479095495b0d9:0x4ccffa24c4b731df!8m2!3d34.9672029!4d135.3538764!16s%2Fg%2F11npsf7m1k!19sChIJ2bCVVAl5tEUR3zG3xCT6z0w?authuser=0&hl=ja&rclk=1,大津市,大津市 集客支援会社
アルバ通信株式会社 ポスティング事業部,https://www.posting.co.jp/,大津市 西草津２丁目３−１７,077-566-6185,https://www.google.com/maps/place/%E3%82%A2%E3%83%AB%E3%83%90%E9%80%9A%E4%BF%A1%EF%BC%88%E6%A0%AA%EF%BC%89+%E3%83%9D%E3%82%B9%E3%83%86%E3%82%A3%E3%83%B3%E3%82%B0%E4%BA%8B%E6%A5%AD%E9%83%A8/data=!4m7!3m6!1s0x60017242c2f9466b:0x6df523bb9cc98e0c!8m2!3d35.0166974!4d135.9525893!16s%2Fg%2F1tgq6kdl!19sChIJa0b5wkJyAWARDI7JnLsj9W0?authuser=0&hl=ja&rclk=1,大津市,大津市 集客支援会社
コワーキングスペース大津,http://www.coworking-otsu.com/,大津市 京町４丁目５−１３ 澤甚本館ビル,077-526-5671,https://www.google.com/maps/place/%E3%82%B3%E3%83%AF%E3%83%BC%E3%82%AD%E3%83%B3%E3%82%B0%E3%82%B9%E3%83%9A%E3%83%BC%E3%82%B9%E5%A4%A7%E6%B4%A5/data=!4m7!3m6!1s0x60010cfa0c767d63:0x12c13b7a5bab1fd4!8m2!3d35.0046027!4d135.8716109!16s%2Fg%2F11csqcd_sc!19sChIJY312DPoMAWAR1B-rW3o7wRI?authuser=0&hl=ja&rclk=1,大津市,大津市 集客支援会社
コラボしが21,http://www.collaboshiga21.jp/,大津市 打出浜２−１,077-511-1400,https://www.google.com/maps/place/%E3%82%B3%E3%83%A9%E3%83%9C%E3%81%97%E3%81%8C21/data=!4m7!3m6!1s0x60010ce5537a0725:0x5f25a403cb7e5a48!8m2!3d35.0064697!4d135.8755798!16s%2Fg%2F11btrrt2cz!19sChIJJQd6U-UMAWARSFp-ywOkJV8?authuser=0&hl=ja&rclk=1,大津市,大津市 集客支援会社
株式会社グッドリンク 奈良営業所,https://good-link.biz/,奈良市 高天市町15−１ ライフ２１ビル,0742-22-5000,https://www.google.com/maps/place/%E6%A0%AA%E5%BC%8F%E4%BC%9A%E7%A4%BE%E3%82%B0%E3%83%83%E3%83%89%E3%83%AA%E3%83%B3%E3%82%AF+%E5%A5%88%E8%89%AF%E5%96%B6%E6%A5%AD%E6%89%80/data=!4m7!3m6!1s0x60013b9d4996632b:0xf4840a9c387791c1!8m2!3d34.6854942!4d135.825797!16s%2Fg%2F11z261929t!19sChIJK2OWSZ07AWARwZF3OJwKhPQ?authuser=0&hl=ja&rclk=1,奈良市,奈良市 集客支援会社
集客ドクター株式会社,http://standup.wakayama.jp/,和歌山市 北出島７５−９,073-488-2670,https://www.google.com/maps/place/%E9%9B%86%E5%AE%A2%E3%83%89%E3%82%AF%E3%82%BF%E3%83%BC%E6%A0%AA%E5%BC%8F%E4%BC%9A%E7%A4%BE/data=!4m7!3m6!1s0x6000b32cccd8dcfd:0x119efbe5ac03f76!8m2!3d34.2218533!4d135.1931731!16s%2Fg%2F11l2_0d5hb!19sChIJ_dzYzCyzAGARdj_AWr7vGQE?authuser=0&hl=ja&rclk=1,和歌山市,和歌山市 集客支援会社
わかやま地域課題解決型起業支援チーム,https://yarukiouendan.or.jp/business/region/,和歌山市 本町２丁目 フォルテワジマ６階 公益財団法人わかやま産業振興財団,073-432-3220,https://www.google.com/maps/place/%E3%82%8F%E3%81%8B%E3%82%84%E3%81%BE%E5%9C%B0%E5%9F%9F%E8%AA%B2%E9%A1%8C%E8%A7%A3%E6%B1%BA%E5%9E%8B%E8%B5%B7%E6%A5%AD%E6%94%AF%E6%8F%B4%E3%83%81%E3%83%BC%E3%83%A0/data=!4m7!3m6!1s0x6000b33ca55b869d:0x9d4af6d556fe509c!8m2!3d34.2342039!4d135.1740892!16s%2Fg%2F11mx5tws6p!19sChIJnYZbpTyzAGARnFD-VtX2Sp0?authuser=0&hl=ja&rclk=1,和歌山市,和歌山市 集客支援会社
株式会社IHA,https://iha-cloudservice-support.jp/,和歌山市 園部１４１１−１,050-1726-1111,https://www.google.com/maps/place/%E6%A0%AA%E5%BC%8F%E4%BC%9A%E7%A4%BEIHA/data=!4m7!3m6!1s0x6000b3309249a03f:0xb3469839ecbf4cff!8m2!3d34.2621623!4d135.1967227!16s%2Fg%2F11x6gk20dq!19sChIJP6BJkjCzAGAR_0y_7DmYRrM?authuser=0&hl=ja&rclk=1,和歌山市,和歌山市 集客支援会社
和歌山県よろず支援拠点（無料経営相談所）,https://yorozuw.go.jp/,和歌山市 本町２丁目１ フォルテワジマ ６ 階,073-433-3100,https://www.google.com/maps/place/%E5%92%8C%E6%AD%8C%E5%B1%B1%E7%9C%8C%E3%82%88%E3%82%8D%E3%81%9A%E6%94%AF%E6%8F%B4%E6%8B%A0%E7%82%B9%EF%BC%88%E7%84%A1%E6%96%99%E7%B5%8C%E5%96%B6%E7%9B%B8%E8%AB%87%E6%89%80%EF%BC%89/data=!4m7!3m6!1s0x6000b2e93f9415ad:0x5287dc1cd9d6b0f4!8m2!3d34.2340768!4d135.1741169!16s%2Fg%2F11b8c5cj7r!19sChIJrRWUP-myAGAR9LDW2Rzch1I?authuser=0&hl=ja&rclk=1,和歌山市,和歌山市 集客支援会社
わくわくワーク広場 本社,https://j-sp.jp/,和歌山市 黒田９７−６,0120-024-510,https://www.google.com/maps/place/%E3%82%8F%E3%81%8F%E3%82%8F%E3%81%8F%E3%83%AF%E3%83%BC%E3%82%AF%E5%BA%83%E5%A0%B4+%E6%9C%AC%E7%A4%BE/data=!4m7!3m6!1s0x6000b3241ef63b91:0xdd3c2ce42b6f587d!8m2!3d34.2335422!4d135.1917355!16s%2Fg%2F1vzv3jjz!19sChIJkTv2HiSzAGARfVhvK-QsPN0?authuser=0&hl=ja&rclk=1,和歌山市,和歌山市 集客支援会社
（一社）クリエイターズ,https://www.creators.or.jp/,和歌山市 湊１８３３−３,073-499-1063,https://www.google.com/maps/place/%EF%BC%88%E4%B8%80%E7%A4%BE%EF%BC%89%E3%82%AF%E3%83%AA%E3%82%A8%E3%82%A4%E3%82%BF%E3%83%BC%E3%82%BA/data=!4m7!3m6!1s0x6000b2eb59d8f329:0x4d6b5937f395bec0!8m2!3d34.2358947!4d135.152763!16s%2Fg%2F11ckvvhb2h!19sChIJKfPYWeuyAGARwL6V8zdZa00?authuser=0&hl=ja&rclk=1,和歌山市,和歌山市 集客支援会社
株式会社Maneql (マネクル),https://social-db.co.jp/,堺市 中百舌鳥町５丁７６４−２ 中百舌鳥ビル 3F,072-230-4510,https://www.google.com/maps/place/%E6%A0%AA%E5%BC%8F%E4%BC%9A%E7%A4%BEManeql+%28%E3%83%9E%E3%83%8D%E3%82%AF%E3%83%AB%29/data=!4m7!3m6!1s0x6000dbb9bcd2e417:0x736ef044ecaa5b96!8m2!3d34.5537559!4d135.502317!16s%2Fg%2F11g4jrwbh7!19sChIJF-TSvLnbAGARlluq7ETwbnM?authuser=0&hl=ja&rclk=1,堺市,堺市 集客支援会社
デジタルヒーロー合同会社,https://digitalhero.super.site/,堺市 長曽根町130番地42 さかい新事業創造センタ 327号室,072-275-5155,https://www.google.com/maps/place/%E3%83%87%E3%82%B8%E3%82%BF%E3%83%AB%E3%83%92%E3%83%BC%E3%83%AD%E3%83%BC%E5%90%88%E5%90%8C%E4%BC%9A%E7%A4%BE/data=!4m7!3m6!1s0xa3f20b332fc24d25:0xfa89f3d57b178259!8m2!3d34.558698!4d135.5069309!16s%2Fg%2F11v3zw18zg!19sChIJJU3CLzML8qMRWYIXe9Xzifo?authuser=0&hl=ja&rclk=1,堺市,堺市 集客支援会社
株式会社ユーマスブレーン,http://www.youmas-b.co.jp/,堺市 熊野町東４丁４−２４,072-221-7666,https://www.google.com/maps/place/%EF%BC%88%E6%A0%AA%EF%BC%89%E3%83%A6%E3%83%BC%E3%83%9E%E3%82%B9%E3%83%96%E3%83%AC%E3%83%BC%E3%83%B3/data=!4m7!3m6!1s0x6000dc90216fdff7:0x921e2847e4b7552f!8m2!3d34.576848!4d135.477804!16s%2Fg%2F1tdx8l0y!19sChIJ999vIZDcAGARL1W35EcoHpI?authuser=0&hl=ja&rclk=1,堺市,堺市 集客支援会社
ウェブプロモート,https://webpromote.jp/,小樽市 相生町８−１３,0134-32-4234,https://www.google.com/maps/place/%E3%82%A6%E3%82%A7%E3%83%96%E3%83%97%E3%83%AD%E3%83%A2%E3%83%BC%E3%83%88/data=!4m7!3m6!1s0x5f0ae05a22a17e0d:0x8b824acf987aef1b!8m2!3d43.189952!4d141.004803!16s%2Fg%2F1tl1n76q!19sChIJDX6hIlrgCl8RG-96mM9Kgos?authuser=0&hl=ja&rclk=1,小樽市,小樽市 Web広告運用
マルナカデザイン,https://nkb-jp.com/,小樽市 080-4045-2894,080-4045-2894,https://www.google.com/maps/place/%E3%83%9E%E3%83%AB%E3%83%8A%E3%82%AB%E3%83%87%E3%82%B6%E3%82%A4%E3%83%B3/data=!4m7!3m6!1s0x6fb0b84775350a55:0x7d35eb3c129cad1f!8m2!3d43.264389!4d141.8659965!16s%2Fg%2F11nq_fwb00!19sChIJVQo1dUe4sG8RH62cEjzrNX0?authuser=0&hl=ja&rclk=1,小樽市,小樽市 Web広告運用
北海道 WEBマーケット,http://www.1web-m.com/,北見市 上仁頃３３１,090-9083-3625,https://www.google.com/maps/place/%E5%8C%97%E6%B5%B7%E9%81%93+WEB%E3%83%9E%E3%83%BC%E3%82%B1%E3%83%83%E3%83%88/data=!4m7!3m6!1s0x5f6d5444b3d542bb:0x1088628709a7df51!8m2!3d43.8553813!4d143.8199158!16s%2Fg%2F1hf148pfx!19sChIJu0LVs0RUbV8RUd-nCYdiiBA?authuser=0&hl=ja&rclk=1,北見市,北見市 Web広告運用
ザデジタルエックス合同会社/The Digital X合同会社,https://www.thedigitalx.net/,弘前市 駅前３丁目３−１２,050-1808-8615,https://www.google.com/maps/place/%E3%82%B6%E3%83%87%E3%82%B8%E3%82%BF%E3%83%AB%E3%82%A8%E3%83%83%E3%82%AF%E3%82%B9%E5%90%88%E5%90%8C%E4%BC%9A%E7%A4%BE%2FThe+Digital+X%E5%90%88%E5%90%8C%E4%BC%9A%E7%A4%BE/data=!4m7!3m6!1s0x5f9b01f1fe595555:0x39b2ac2cd424a7d1!8m2!3d40.5982834!4d140.4798003!16s%2Fg%2F11v9gbwnjl!19sChIJVVVZ_vEBm18R0ack1Cyssjk?authuser=0&hl=ja&rclk=1,弘前市,弘前市 Web広告運用
マスグラフィックス,https://mathgraphics.net/,弘前市 石川村元９４,,https://www.google.com/maps/place/%E3%83%9E%E3%82%B9%E3%82%B0%E3%83%A9%E3%83%95%E3%82%A3%E3%83%83%E3%82%AF%E3%82%B9/data=!4m7!3m6!1s0x5f9b03101fab1d0d:0xf6fcbd598ca4cbaa!8m2!3d40.5556956!4d140.5424788!16s%2Fg%2F11jp8h75l3!19sChIJDR2rHxADm18RqsukjFm9_PY?authuser=0&hl=ja&rclk=1,弘前市,弘前市 Web広告運用
インクレイブ青森オフィス,https://hirosaki.incrave.co.jp/,弘前市 百石町３８−１ 1F SHIFT,0570-086-190,https://www.google.com/maps/place/%E3%82%A4%E3%83%B3%E3%82%AF%E3%83%AC%E3%82%A4%E3%83%96%E9%9D%92%E6%A3%AE%E3%82%AA%E3%83%95%E3%82%A3%E3%82%B9/data=!4m7!3m6!1s0x5f9b01d0640e568f:0xc6bdf3f3c09a16ed!8m2!3d40.6047446!4d140.4728659!16s%2Fg%2F11j0vdkh7m!19sChIJj1YOZNABm18R7RaawPPzvcY?authuser=0&hl=ja&rclk=1,弘前市,弘前市 Web広告運用
運転代行 葉山,https://department-of-transportation-155.business.site/,石巻市 須江しらさぎ台３丁目17番地4,090-9831-9838,https://www.google.com/maps/place/%E9%81%8B%E8%BB%A2%E4%BB%A3%E8%A1%8C+%E8%91%89%E5%B1%B1/data=!4m7!3m6!1s0x5f89a1fdbb21733f:0xcef82d21944cb81c!8m2!3d38.463715!4d141.2451227!16s%2Fg%2F11hzm4qz_j!19sChIJP3Mhu_2hiV8RHLhMlCEt-M4?authuser=0&hl=ja&rclk=1,石巻市,石巻市 SNS運用代行
BEYOND,https://www.i-beyond.jp/,石巻市 鹿妻南３丁目４−１１,0225-98-9087,https://www.google.com/maps/place/BEYOND/data=!4m7!3m6!1s0x5f89bb42b5678041:0x5a32c98249c9e065!8m2!3d38.4197693!4d141.3422157!16s%2Fg%2F11wy6_m5gx!19sChIJQYBntUK7iV8RZeDJSYLJMlo?authuser=0&hl=ja&rclk=1,石巻市,石巻市 Web広告運用
㈱JET,http://www.jet13.net/,石巻市 和渕清水６４−１,0225-25-6284,https://www.google.com/maps/place/%E3%88%B1JET/data=!4m7!3m6!1s0x5f89a4b2cd4eaaab:0xf48a61a001a711a6!8m2!3d38.5272185!4d141.2217597!16s%2Fg%2F11cs5w8jb7!19sChIJq6pOzbKkiV8RphGnAaBhivQ?authuser=0&hl=ja&rclk=1,石巻市,石巻市 Web広告運用
印刷館（ビヨンド）,http://www.insatsukan.jp/,石巻市 鹿妻南３丁目４−１１,0120-809-087,https://www.google.com/maps/place/%E5%8D%B0%E5%88%B7%E9%A4%A8%EF%BC%88%E3%83%93%E3%83%A8%E3%83%B3%E3%83%89%EF%BC%89/data=!4m7!3m6!1s0x5f89bb52405fcdb1:0x7eb74dd614417bc4!8m2!3d38.4197924!4d141.3421295!16s%2Fg%2F1v1kpp5g!19sChIJsc1fQFK7iV8RxHtBFNZNt34?authuser=0&hl=ja&rclk=1,石巻市,石巻市 Web広告運用
求人プレス,http://sorc.jp/freehand/,鶴岡市 苗津町１１−５,0235-22-1301,https://www.google.com/maps/place/%E6%B1%82%E4%BA%BA%E3%83%97%E3%83%AC%E3%82%B9/data=!4m7!3m6!1s0x5f8c1aa5f45e89af:0x6c78145917d62e13!8m2!3d38.720656!4d139.8384911!16s%2Fg%2F1tkn_m7p!19sChIJr4le9KUajF8REy7WF1kUeGw?authuser=0&hl=ja&rclk=1,鶴岡市,鶴岡市 Web広告運用
dework(デワーク),http://dework.net/,鶴岡市 道田町１２−２５,080-1832-9629,https://www.google.com/maps/place/dework%28%E3%83%87%E3%83%AF%E3%83%BC%E3%82%AF%29/data=!4m7!3m6!1s0x5f8c1a7b6921925d:0x88ae2d8e21b50025!8m2!3d38.7287894!4d139.8006339!16s%2Fg%2F1tfmc1gj!19sChIJXZIhaXsajF8RJQC1IY4trog?authuser=0&hl=ja&rclk=1,鶴岡市,鶴岡市 Web広告運用
㈲鶴岡タイムス社,http://www.t-times.jp/,鶴岡市 新形町１６−４０,0235-28-1101,https://www.google.com/maps/place/%E3%88%B2%E9%B6%B4%E5%B2%A1%E3%82%BF%E3%82%A4%E3%83%A0%E3%82%B9%E7%A4%BE/data=!4m7!3m6!1s0x5f8c1a8ef827fdaf:0x923b93e5eac72f82!8m2!3d38.7359668!4d139.8247199!16s%2Fg%2F1tfj2_5p!19sChIJr_0n-I4ajF8Rgi_H6uWTO5I?authuser=0&hl=ja&rclk=1,鶴岡市,鶴岡市 Web広告運用
ホームページ ドクター,https://hp-doctor.com/,鶴岡市 末広町６−１３,080-9540-5362,https://www.google.com/maps/place/%E3%83%9B%E3%83%BC%E3%83%A0%E3%83%9A%E3%83%BC%E3%82%B8+%E3%83%89%E3%82%AF%E3%82%BF%E3%83%BC/data=!4m7!3m6!1s0x5f8c1b2e04cd2955:0x5942e502f7705b84!8m2!3d38.7376131!4d139.8356091!16s%2Fg%2F11gv0w2h8p!19sChIJVSnNBC4bjF8RhFtw9wLlQlk?authuser=0&hl=ja&rclk=1,鶴岡市,鶴岡市 Web広告運用
リーフレット・デザインワークス,https://www.leafletweb.com/,鶴岡市 城北町４３−７,0235-29-6626,https://www.google.com/maps/place/%E3%83%AA%E3%83%BC%E3%83%95%E3%83%AC%E3%83%83%E3%83%88%E3%83%BB%E3%83%87%E3%82%B6%E3%82%A4%E3%83%B3%E3%83%AF%E3%83%BC%E3%82%AF%E3%82%B9/data=!4m7!3m6!1s0x5f8c1a8896a5820b:0xeb641a9e529bcb43!8m2!3d38.7371663!4d139.8186605!16s%2Fg%2F1tksn5fh!19sChIJC4KllogajF8RQ8ubUp4aZOs?authuser=0&hl=ja&rclk=1,鶴岡市,鶴岡市 Web広告運用
SWITCH デザイン,https://swi-design.jp/,酒田市 生石十二ノ木１９９,090-4476-1216,https://www.google.com/maps/place/SWITCH+%E3%83%87%E3%82%B6%E3%82%A4%E3%83%B3/data=!4m7!3m6!1s0xa1e4021f21738e73:0xc71772e1b02090ba!8m2!3d38.9207215!4d139.9401103!16s%2Fg%2F11k3xgb_nj!19sChIJc45zIR8C5KERupAgsOFyF8c?authuser=0&hl=ja&rclk=1,酒田市,酒田市 Web広告運用
グラフィックデザイン 山水里塾,https://sansuirijuku.com/,酒田市 錦町１丁目2−３０,0234-31-3522,https://www.google.com/maps/place/%E3%82%B0%E3%83%A9%E3%83%95%E3%82%A3%E3%83%83%E3%82%AF%E3%83%87%E3%82%B6%E3%82%A4%E3%83%B3+%E5%B1%B1%E6%B0%B4%E9%87%8C%E5%A1%BE/data=!4m7!3m6!1s0x5f8c2129a1d70c6d:0xb4077232d092a53f!8m2!3d38.8814268!4d139.8375744!16s%2Fg%2F11v5jm71gn!19sChIJbQzXoSkhjF8RP6WS0DJyB7Q?authuser=0&hl=ja&rclk=1,酒田市,酒田市 Web広告運用
株式会社セブン・マークス,https://www.seven-marcs.com/,酒田市 上安町２丁目９−６,0234-25-3600,https://www.google.com/maps/place/%EF%BC%88%E6%A0%AA%EF%BC%89%E3%82%BB%E3%83%96%E3%83%B3%E3%83%BB%E3%83%9E%E3%83%BC%E3%82%AF%E3%82%B9/data=!4m7!3m6!1s0x5f8e9eeb31760513:0x71fd5e7a0b3026a2!8m2!3d38.9275949!4d139.8625924!16s%2Fg%2F1q6n2rfvr!19sChIJEwV2Meuejl8RoiYwC3pe_XE?authuser=0&hl=ja&rclk=1,酒田市,酒田市 Web広告運用
カナエルエディット,https://kanaeru-edit-design.studio.site/,,,https://www.google.com/maps/place/%E3%82%AB%E3%83%8A%E3%82%A8%E3%83%AB%E3%82%A8%E3%83%87%E3%82%A3%E3%83%83%E3%83%88/data=!4m7!3m6!1s0xaca748d6adf5fd4b:0xfacf89ddef68d7b0!8m2!3d38.9947987!4d139.8353646!16s%2Fg%2F11s7w_c1t1!19sChIJS_31rdZIp6wRsNdo792Jz_o?authuser=0&hl=ja&rclk=1,酒田市,酒田市 Web広告運用
㈱帝国データバンク 酒田支店,http://www.tdb.co.jp/,酒田市 本町１丁目２−５２ 酒田共栄火災ビル 酒田共栄火災ビル2Ｆ,0234-24-1230,https://www.google.com/maps/place/%E3%88%B1%E5%B8%9D%E5%9B%BD%E3%83%87%E3%83%BC%E3%82%BF%E3%83%90%E3%83%B3%E3%82%AF+%E9%85%92%E7%94%B0%E6%94%AF%E5%BA%97/data=!4m7!3m6!1s0x5f8e9e5cbbb1b08d:0x9158a7bdacd27f62!8m2!3d38.9141906!4d139.838703!16s%2Fg%2F1tfvyzs7!19sChIJjbCxu1yejl8RYn_SrL2nWJE?authuser=0&hl=ja&rclk=1,酒田市,酒田市 Web広告運用
ホームページ制作 e-Family合同会社,https://efamily.co.jp/,会津若松市 一箕町大字鶴賀下居合１４５番地２ 内 会津大学産学イノベーションセンタ,070-2805-7897,https://www.google.com/maps/place/%E3%83%9B%E3%83%BC%E3%83%A0%E3%83%9A%E3%83%BC%E3%82%B8%E5%88%B6%E4%BD%9C+e-Family%E5%90%88%E5%90%8C%E4%BC%9A%E7%A4%BE/data=!4m7!3m6!1s0x5f8aadf57703a303:0x437957c52b2cc04e!8m2!3d37.5245781!4d139.9390622!16s%2Fg%2F11x8w913lm!19sChIJA6MDd_Wtil8RTsAsK8VXeUM?authuser=0&hl=ja&rclk=1,会津若松市,会津若松市 Web広告運用
オフィスジルベルト,http://officegilberto.net/,上越市 大町４丁目４−９,025-525-8704,https://www.google.com/maps/place/%E3%82%AA%E3%83%95%E3%82%A3%E3%82%B9%E3%82%B8%E3%83%AB%E3%83%99%E3%83%AB%E3%83%88/data=!4m7!3m6!1s0x5ff676d1d00e7539:0x226aeaed11e13e2c!8m2!3d37.1139821!4d138.2458886!16s%2Fg%2F1tdds111!19sChIJOXUO0NF29l8RLD7hEe3qaiI?authuser=0&hl=ja&rclk=1,上越市,上越市 Web広告運用
Len.Design,https://len-design.com/,,080-1207-9026,https://www.google.com/maps/place/Len.Design/data=!4m7!3m6!1s0xfcc674b9b9b86e7:0x21cb2518930a780e!8m2!3d36.8759776!4d138.3340437!16s%2Fg%2F11ntcngp7m!19sChIJ54abm0tnzA8RDngKkxglyyE?authuser=0&hl=ja&rclk=1,上越市,上越市 Web広告運用
１００えん代行本店,https://100yen-daikou.jp/,松本市 島立６３８−３,090-5303-2468,https://www.google.com/maps/place/%EF%BC%91%EF%BC%90%EF%BC%90%E3%81%88%E3%82%93%E4%BB%A3%E8%A1%8C%E6%9C%AC%E5%BA%97/data=!4m7!3m6!1s0x601d0f65b590afdb:0x76a190cd4b50ef5a!8m2!3d36.2359136!4d137.9487267!16s%2Fg%2F11x85gn0jx!19sChIJ26-QtWUPHWARWu9QS82QoXY?authuser=0&hl=ja&rclk=1,松本市,松本市 SNS運用代行
中信運転代行,https://www.chushin-untendaikou.com/,松本市 野溝東１丁目５−４４,0120-263-290,https://www.google.com/maps/place/%E4%B8%AD%E4%BF%A1%E9%81%8B%E8%BB%A2%E4%BB%A3%E8%A1%8C/data=!4m7!3m6!1s0x601d0fa97a118d01:0x95905fa2d353f0f0!8m2!3d36.201066!4d137.9585653!16s%2Fg%2F1v3khl95!19sChIJAY0ReqkPHWAR8PBT06JfkJU?authuser=0&hl=ja&rclk=1,松本市,松本市 SNS運用代行
松本折込広告,http://www.i-shinshu.com/,松本市 城西１丁目２,0263-36-7733,https://www.google.com/maps/place/%E6%9D%BE%E6%9C%AC%E6%8A%98%E8%BE%BC%E5%BA%83%E5%91%8A/data=!4m7!3m6!1s0x601d0e86fdfd03e7:0x4ead21b28442a325!8m2!3d36.2377802!4d137.9638983!16s%2Fg%2F1tfmc9hn!19sChIJ5wP9_YYOHWARJaNChLIhrU4?authuser=0&hl=ja&rclk=1,松本市,松本市 Web広告運用
雄大㈱,https://www.yudai.co.jp/hq/,沼津市 三園町１３−３５,055-931-1111,https://www.google.com/maps/place/%E9%9B%84%E5%A4%A7%E3%88%B1/data=!4m7!3m6!1s0x60198ffbc634c49b:0xe96498d0cb9fca7e!8m2!3d35.0880691!4d138.8674188!16s%2Fg%2F1tr7jfh8!19sChIJm8Q0xvuPGWARfsqfy9CYZOk?authuser=0&hl=ja&rclk=1,沼津市,沼津市 Web広告運用
Whisker Design Partners (ウィスカー ) | Webデザイン・グラフィックデザイン・AI,https://www.whisker.design/,富士市 依田橋町１−５ 3F,080-8996-2310,https://www.google.com/maps/place/Whisker+Design+Partners+%28%E3%82%A6%E3%82%A3%E3%82%B9%E3%82%AB%E3%83%BC+%29+%7C+Web%E3%83%87%E3%82%B6%E3%82%A4%E3%83%B3%E3%83%BB%E3%82%B0%E3%83%A9%E3%83%95%E3%82%A3%E3%83%83%E3%82%AF%E3%83%87%E3%82%B6%E3%82%A4%E3%83%B3%E3%83%BBAI/data=!4m7!3m6!1s0x601a2b621fb33101:0x761b8c28426a2dd3!8m2!3d35.1580033!4d138.6965844!16s%2Fg%2F11x_5pkk95!19sChIJATGzH2IrGmAR0y1qQiiMG3Y?authuser=0&hl=ja&rclk=1,富士市,富士市 Web広告運用
株式会社デキタ,https://dekita.net/,富士市 中島４８０ ホームページ制作会社 広告会社 富士市ホームページ 静岡ホームページ マーケティング,,https://www.google.com/maps/place/%E6%A0%AA%E5%BC%8F%E4%BC%9A%E7%A4%BE%E3%83%87%E3%82%AD%E3%82%BF/data=!4m7!3m6!1s0x601bd4b3e281c8eb:0x4a6af425838d9f98!8m2!3d35.1636447!4d138.6531539!16s%2Fg%2F1th28gpj!19sChIJ68iB4rPUG2ARmJ-NgyX0ako?authuser=0&hl=ja&rclk=1,富士市,富士市 Web広告運用
WEBUNIVERSE,https://webuniverse-design.com/,富士市 永田町１丁目１２８−２,090-6532-4142,https://www.google.com/maps/place/WEBUNIVERSE/data=!4m7!3m6!1s0x8cd9d4aa7057468f:0x894eb51bb2d10f2a!8m2!3d35.1618825!4d138.6736311!16s%2Fg%2F11smjk_wtz!19sChIJj0ZXcKrU2YwRKg_Rshu1Tok?authuser=0&hl=ja&rclk=1,富士市,富士市 Web広告運用
ウェブサービス・ディベロップメント,http://wsd.co.jp/,富士市 上横割１８４−３ プラザ横割 ３階 ニュ BC,050-3569-8312,https://www.google.com/maps/place/%E3%82%A6%E3%82%A7%E3%83%96%E3%82%B5%E3%83%BC%E3%83%93%E3%82%B9%E3%83%BB%E3%83%87%E3%82%A3%E3%83%99%E3%83%AD%E3%83%83%E3%83%97%E3%83%A1%E3%83%B3%E3%83%88/data=!4m7!3m6!1s0x6018605d13863b21:0x205b12ef14281e28!8m2!3d35.144146!4d138.6544044!16s%2Fg%2F11f5h8cvt8!19sChIJITuGE11gGGARKB4oFO8SWyA?authuser=0&hl=ja&rclk=1,富士市,富士市 Web広告運用
ソイソース,http://www.soysource.biz/,磐田市 宮之一色４３７,0538-35-5536,https://www.google.com/maps/place/%E3%82%BD%E3%82%A4%E3%82%BD%E3%83%BC%E3%82%B9/data=!4m7!3m6!1s0x601ae6912da6b58d:0xacdb10cc305ae4c6!8m2!3d34.7180598!4d137.8298494!16s%2Fg%2F12vs1ywyj!19sChIJjbWmLZHmGmARxuRaMMwQ26w?authuser=0&hl=ja&rclk=1,磐田市,磐田市 Web広告運用
大進堂,https://taishindo.co.jp/,磐田市 岩井２２９５,0538-32-9165,https://www.google.com/maps/place/%E5%A4%A7%E9%80%B2%E5%A0%82/data=!4m7!3m6!1s0x601ae458e8a55d33:0x643a2edd2c3c7c65!8m2!3d34.7382498!4d137.8804449!16s%2Fg%2F1td0sy_0!19sChIJM12l6FjkGmARZXw8LN0uOmQ?authuser=0&hl=ja&rclk=1,磐田市,磐田市 Web広告運用
株式会社ogawa.,https://www.ogawa-cnct.com/,磐田市 080-5117-1286,080-5117-1286,https://www.google.com/maps/place/%E6%A0%AA%E5%BC%8F%E4%BC%9A%E7%A4%BEogawa./data=!4m7!3m6!1s0xa15bd168e25f1231:0xfa67269192e81554!8m2!3d32.9998961!4d138.4293072!16s%2Fg%2F11msb8b2m2!19sChIJMRJf4mjRW6ERVBXokpEmZ_o?authuser=0&hl=ja&rclk=1,磐田市,磐田市 Web広告運用
オレンジ運転代行,https://www.orangedesignateddriverservice.com/,春日井市 東野町５丁目12番地12,0568-50-2670,https://www.google.com/maps/place/%E3%82%AA%E3%83%AC%E3%83%B3%E3%82%B8%E9%81%8B%E8%BB%A2%E4%BB%A3%E8%A1%8C/data=!4m7!3m6!1s0x60036d15712425df:0xfce4c5bb5a63711b!8m2!3d35.2677653!4d136.9892341!16s%2Fg%2F11fs4_yzb_!19sChIJ3yUkcRVtA2ARG3FjWrvF5Pw?authuser=0&hl=ja&rclk=1,春日井市,春日井市 SNS運用代行
ドライバーズ愛知 名古屋尾張支店,http://drivers-nagoya.com/,春日井市 鳥居松町２丁目２３８,0120-557-879,https://www.google.com/maps/place/%E3%83%89%E3%83%A9%E3%82%A4%E3%83%90%E3%83%BC%E3%82%BA%E6%84%9B%E7%9F%A5+%E5%90%8D%E5%8F%A4%E5%B1%8B%E5%B0%BE%E5%BC%B5%E6%94%AF%E5%BA%97/data=!4m7!3m6!1s0x6003721b5cc5f769:0x9e477b70aa7e198b!8m2!3d35.2425463!4d136.9697865!16s%2Fg%2F11vwdwcm8_!19sChIJaffFXBtyA2ARixl-qnB7R54?authuser=0&hl=ja&rclk=1,春日井市,春日井市 SNS運用代行
㈱Rec,https://rec-inc.net/,春日井市 八田町１丁目3−４,0568-37-4407,https://www.google.com/maps/place/%E3%88%B1Rec/data=!4m7!3m6!1s0x600373b487274543:0xfb63648f1ec8925c!8m2!3d35.2506637!4d136.9680772!16s%2Fg%2F11ptkq15qx!19sChIJQ0Unh7RzA2ARXJLIHo9kY_s?authuser=0&hl=ja&rclk=1,春日井市,春日井市 Web広告運用
望月正明広告事務所,https://mocchy5.sakura.ne.jp/,春日井市 梅ケ坪町６４−１ グローリアス春日井梅ヶ坪 903号室,090-6591-8855,https://www.google.com/maps/place/%E6%9C%9B%E6%9C%88%E6%AD%A3%E6%98%8E%E5%BA%83%E5%91%8A%E4%BA%8B%E5%8B%99%E6%89%80/data=!4m7!3m6!1s0x6003736a2e8c221b:0x288ca2b4750385cd!8m2!3d35.2535233!4d136.97881!16s%2Fg%2F11p9wmk7cl!19sChIJGyKMLmpzA2ARzYUDdbSijCg?authuser=0&hl=ja&rclk=1,春日井市,春日井市 Web広告運用
エリアップ,https://www.area-up.com/,小牧市 中央２丁目１７９,0568-68-6989,https://www.google.com/maps/place/%E3%82%A8%E3%83%AA%E3%82%A2%E3%83%83%E3%83%97/data=!4m7!3m6!1s0x600373acf90058e7:0xd8855d521aa9ce35!8m2!3d35.287185!4d136.9294007!16s%2Fg%2F11gxs5qqb2!19sChIJ51gA-axzA2ARNc6pGlJdhdg?authuser=0&hl=ja&rclk=1,小牧市,小牧市 Web広告運用
㈱パッコム,http://www.paccom.co.jp/company.html,小牧市 池之内２９１５,0568-79-5007,https://www.google.com/maps/place/%E3%88%B1%E3%83%91%E3%83%83%E3%82%B3%E3%83%A0/data=!4m7!3m6!1s0x600372ac216b33b1:0x4b98fdaccd097d3c!8m2!3d35.3070238!4d136.9742182!16s%2Fg%2F1tcvp5wm!19sChIJsTNrIaxyA2ARPH0Jzaz9mEs?authuser=0&hl=ja&rclk=1,小牧市,小牧市 Web広告運用
㈱中日PRセンター,http://www.q-green.jp/,小牧市 外堀１丁目１４０,0568-72-3371,https://www.google.com/maps/place/%E3%88%B1%E4%B8%AD%E6%97%A5PR%E3%82%BB%E3%83%B3%E3%82%BF%E3%83%BC/data=!4m7!3m6!1s0x6003734dd0c52173:0xc4ceca0d9c046472!8m2!3d35.280828!4d136.91446!16s%2Fg%2F1tgcm6q4!19sChIJcyHF0E1zA2ARcmQEnA3KzsQ?authuser=0&hl=ja&rclk=1,小牧市,小牧市 Web広告運用
刈谷代行,https://daikonavi.com/aichi/t012158/,刈谷市 若松町３丁目9番地 YFBLD3階,070-2164-7000,https://www.google.com/maps/place/%E5%88%88%E8%B0%B7%E4%BB%A3%E8%A1%8C/data=!4m7!3m6!1s0x60049dcf3c96849b:0xb274dd5b264c965!8m2!3d34.9877214!4d137.0070004!16s%2Fg%2F11n0dvwnzf!19sChIJm4SWPM-dBGARZclkstVNJws?authuser=0&hl=ja&rclk=1,刈谷市,刈谷市 SNS運用代行
キャッチネットワーク,https://www.katch.co.jp/,刈谷市 野田町大ヒゴ１−１,0566-27-2112,https://www.google.com/maps/place/%E3%82%AD%E3%83%A3%E3%83%83%E3%83%81%E3%83%8D%E3%83%83%E3%83%88%E3%83%AF%E3%83%BC%E3%82%AF/data=!4m7!3m6!1s0x60049b789d8843eb:0xe7eefba5ebd0de7c!8m2!3d34.9614949!4d137.0393243!16s%2Fg%2F11j7g06xl1!19sChIJ60OInXibBGARfN7Q66X77uc?authuser=0&hl=ja&rclk=1,刈谷市,刈谷市 Web広告運用
フリーサイズ,https://freesides.com/,刈谷市 野田町大脇道２４−１,0566-29-0917,https://www.google.com/maps/place/%E3%83%95%E3%83%AA%E3%83%BC%E3%82%B5%E3%82%A4%E3%82%BA/data=!4m7!3m6!1s0x60049c77b2ef2c19:0xf10718c3ad11a7f8!8m2!3d34.9783687!4d137.0313747!16s%2Fg%2F1tsr34k8!19sChIJGSzvsnecBGAR-KcRrcMYB_E?authuser=0&hl=ja&rclk=1,刈谷市,刈谷市 Web広告運用
プランエイチ㈱,https://plan-h.info/,刈谷市 幸町３丁目２−６,0566-78-3276,https://www.google.com/maps/place/%E3%83%97%E3%83%A9%E3%83%B3%E3%82%A8%E3%82%A4%E3%83%81%E3%88%B1/data=!4m7!3m6!1s0x60049bfcc6dc5839:0x416b36d933f00917!8m2!3d34.9959339!4d137.0165284!16s%2Fg%2F1tdb46x1!19sChIJOVjcxvybBGARFwnwM9k2a0E?authuser=0&hl=ja&rclk=1,刈谷市,刈谷市 Web広告運用
㈱八進,https://hasshin.jp/,刈谷市 野田町１０１−１,0566-21-0350,https://www.google.com/maps/place/%E3%88%B1%E5%85%AB%E9%80%B2/data=!4m7!3m6!1s0x60049c7afcc28c35:0x2f4c80a750e7cb92!8m2!3d34.9818493!4d137.0267651!16s%2Fg%2F1hm1_n6cd!19sChIJNYzC_HqcBGARksvnUKeATC8?authuser=0&hl=ja&rclk=1,刈谷市,刈谷市 Web広告運用
株式会社カンドタカメ,https://www.candotakeme.com/,安城市 三河安城南町１丁目15−８ サンテラス三河安城 6F,050-1808-8619,https://www.google.com/maps/place/%E6%A0%AA%E5%BC%8F%E4%BC%9A%E7%A4%BE%E3%82%AB%E3%83%B3%E3%83%89%E3%82%BF%E3%82%AB%E3%83%A1/data=!4m7!3m6!1s0x600499b066069861:0x37af47e9c782c458!8m2!3d34.9661675!4d137.0601357!16s%2Fg%2F11m6tqynxv!19sChIJYZgGZrCZBGARWMSCx-lHrzc?authuser=0&hl=ja&rclk=1,安城市,安城市 Web広告運用
DIGO PUBLICIDADE,https://digopublicidade.jp/,安城市 篠目町童子２１０−３ グランドール,090-2905-1575,https://www.google.com/maps/place/DIGO+PUBLICIDADE/data=!4m7!3m6!1s0x600499daf71e8b35:0x2794c98f97a72b4c!8m2!3d34.970807!4d137.0686503!16s%2Fg%2F11h113ctgy!19sChIJNYse99qZBGARTCunl4_JlCc?authuser=0&hl=ja&rclk=1,安城市,安城市 Web広告運用
シティタワー,http://www.citytower.jp/,安城市 三河安城南町１丁目１５−１０,0566-73-9339,https://www.google.com/maps/place/%E3%82%B7%E3%83%86%E3%82%A3%E3%82%BF%E3%83%AF%E3%83%BC/data=!4m7!3m6!1s0x6004996226376e8f:0x8f9c7387aad82825!8m2!3d34.9665532!4d137.0600886!16s%2Fg%2F11b6dfwd99!19sChIJj243JmKZBGARJSjYqodznI8?authuser=0&hl=ja&rclk=1,安城市,安城市 Web広告運用
Office K-3,http://k-3.jp/,安城市 三河安城本町２丁目１−１０ KAGAYAKI SQUARE 514,,https://www.google.com/maps/place/Office+K-3/data=!4m7!3m6!1s0x60049bdf88f2883b:0x72e01ead87aefdce!8m2!3d34.9679558!4d137.0594072!16s%2Fg%2F11jyg658_p!19sChIJO4jyiN-bBGARzv2uh60e4HI?authuser=0&hl=ja&rclk=1,安城市,安城市 Web広告運用
WEBLIC LLC,https://www.weblic.co.jp/,安城市 新田町郷西１３２,,https://www.google.com/maps/place/WEBLIC+LLC/data=!4m7!3m6!1s0x600370cbe2fa59df:0x3d8a7ce4e22ff5fd!8m2!3d34.9630541!4d137.0934557!16s%2Fg%2F12628vq99!19sChIJ31n64stwA2AR_fUv4uR8ij0?authuser=0&hl=ja&rclk=1,安城市,安城市 Web広告運用
株式会社クイックリー 三重オフィス,https://quickly.co.jp/,鈴鹿市 岡田３丁目７−３ リバーサイド鈴鹿 401,059-344-4025,https://www.google.com/maps/place/%E6%A0%AA%E5%BC%8F%E4%BC%9A%E7%A4%BE%E3%82%AF%E3%82%A4%E3%83%83%E3%82%AF%E3%83%AA%E3%83%BC+%E4%B8%89%E9%87%8D%E3%82%AA%E3%83%95%E3%82%A3%E3%82%B9/data=!4m7!3m6!1s0x60038b947a555a1b:0x2b775078ff984f53!8m2!3d34.8796923!4d136.5503969!16s%2Fg%2F11fnbd7s0y!19sChIJG1pVepSLA2ARU0-Y_3hQdys?authuser=0&hl=ja&rclk=1,鈴鹿市,鈴鹿市 Web広告運用
Web Solutions Japan,http://www.websolutions.jp/,鈴鹿市 神戸８丁目２−２１,080-4223-4683,https://www.google.com/maps/place/Web+Solutions+Japan/data=!4m7!3m6!1s0x60040d73b6408a07:0xe53064d806788cf5!8m2!3d34.8845456!4d136.5816297!16s%2Fg%2F11pc45y78k!19sChIJB4pAtnMNBGAR9Yx4BthkMOU?authuser=0&hl=ja&rclk=1,鈴鹿市,鈴鹿市 Web広告運用
有限会社マイドソフト,http://maido.co.jp/,鈴鹿市 神戸６丁目４−３０ メイト神戸 1F,059-381-3006,https://www.google.com/maps/place/%E6%9C%89%E9%99%90%E4%BC%9A%E7%A4%BE%E3%83%9E%E3%82%A4%E3%83%89%E3%82%BD%E3%83%95%E3%83%88/data=!4m7!3m6!1s0x60038a34fe78e257:0xd5d2982da618394a!8m2!3d34.8822213!4d136.5765424!16s%2Fg%2F1q6jjk_fw!19sChIJV-J4_jSKA2ARSjkYpi2Y0tU?authuser=0&hl=ja&rclk=1,鈴鹿市,鈴鹿市 Web広告運用
ザ・ビッグエクストラ 鈴鹿玉垣店,https://www.aeon.com/store/%E3%82%B6%E3%83%BB%E3%83%93%E3%83%83%E3%82%B0/%E3%82%B6%E3%83%BB%E3%83%93%E3%83%83%E3%82%B0%E3%82%A8%E3%82%AF%E3%82%B9%E3%83%88%E3%83%A9%E9%88%B4%E9%B9%BF%E7%8E%89%E5%9E%A3%E5%BA%97/,鈴鹿市 南玉垣町５５２０−１０６,059-381-5570,https://www.google.com/maps/place/%E3%82%B6%E3%83%BB%E3%83%93%E3%83%83%E3%82%B0%E3%82%A8%E3%82%AF%E3%82%B9%E3%83%88%E3%83%A9+%E9%88%B4%E9%B9%BF%E7%8E%89%E5%9E%A3%E5%BA%97/data=!4m7!3m6!1s0x60038a0f7099aeeb:0x483b06756217bbb8!8m2!3d34.8579692!4d136.5827719!16s%2Fg%2F11c1_vdf_n!19sChIJ666ZcA-KA2ARuLsXYnUGO0g?authuser=0&hl=ja&rclk=1,鈴鹿市,鈴鹿市 Web広告運用
株式会社オフィスワイズ,https://ys-japan.com/,草津市 草津町１５１４−１,077-569-0288,https://www.google.com/maps/place/%E6%A0%AA%E5%BC%8F%E4%BC%9A%E7%A4%BE%E3%82%AA%E3%83%95%E3%82%A3%E3%82%B9%E3%83%AF%E3%82%A4%E3%82%BA/data=!4m7!3m6!1s0x6001724ecb39e13f:0xb644aea6fefa0b0b!8m2!3d35.0188736!4d135.9479987!16s%2Fg%2F1tlbtmxq!19sChIJP-E5y05yAWARCwv6_qauRLY?authuser=0&hl=ja&rclk=1,草津市,草津市 Web広告運用
TSUNAGU MARKETING,https://tsunagumarketing.com/,草津市 南笠東２丁目６−１６ cozy court 南笠 東 2F C,,https://www.google.com/maps/place/TSUNAGU+MARKETING/data=!4m7!3m6!1s0x600173206a92be8f:0xc8b7289f846a1e74!8m2!3d34.9941315!4d135.9403172!16s%2Fg%2F11ykl9lvqn!19sChIJj76SaiBzAWARdB5qhJ8ot8g?authuser=0&hl=ja&rclk=1,草津市,草津市 Web広告運用
株式会社ロイド,https://royd.co.jp/,草津市 矢橋町１１５−７ 森田ビル 2F,,https://www.google.com/maps/place/%E6%A0%AA%E5%BC%8F%E4%BC%9A%E7%A4%BE%E3%83%AD%E3%82%A4%E3%83%89/data=!4m7!3m6!1s0x6001735e55a7bd4b:0x624293240460794f!8m2!3d35.0096727!4d135.9340342!16s%2Fg%2F11ll5lsjl2!19sChIJS72nVV5zAWART3lgBCSTQmI?authuser=0&hl=ja&rclk=1,草津市,草津市 Web広告運用
株式会社ビジネスストーリークリエイト,https://www.yc-orikomi.com/,草津市 南笠東２丁目７−７ YKSビル 202,077-563-2986,https://www.google.com/maps/place/%E6%A0%AA%E5%BC%8F%E4%BC%9A%E7%A4%BE%E3%83%93%E3%82%B8%E3%83%8D%E3%82%B9%E3%82%B9%E3%83%88%E3%83%BC%E3%83%AA%E3%83%BC%E3%82%AF%E3%83%AA%E3%82%A8%E3%82%A4%E3%83%88/data=!4m7!3m6!1s0x600173ae7e2b8527:0xe9af6d395fcf8a41!8m2!3d34.9939374!4d135.9400611!16s%2Fg%2F11y4b8hn1s!19sChIJJ4Urfq5zAWARQYrPXzltr-k?authuser=0&hl=ja&rclk=1,草津市,草津市 Web広告運用
あさらぼ｜ASA lab.,https://www.asalab-web.com/,,,https://www.google.com/maps/place/%E3%81%82%E3%81%95%E3%82%89%E3%81%BC%EF%BD%9CASA+lab./data=!4m7!3m6!1s0x61afc89f7594aef:0x24273018ff1867b4!8m2!3d34.6614336!4d135.4192968!16s%2Fg%2F11shd8f3b9!19sChIJ70pZ94n8GgYRtGcY_xgwJyQ?authuser=0&hl=ja&rclk=1,枚方市,枚方市 Web広告運用
プチクリエイト,http://www.puti-create.jp/,枚方市 黄金野１丁目２−１,072-850-4178,https://www.google.com/maps/place/%E3%83%97%E3%83%81%E3%82%AF%E3%83%AA%E3%82%A8%E3%82%A4%E3%83%88/data=!4m7!3m6!1s0x60011c91af4a68cf:0xb3d667955ca42a10!8m2!3d34.8408838!4d135.6639998!16s%2Fg%2F1tfnyhf2!19sChIJz2hKr5EcAWARECqkXJVn1rM?authuser=0&hl=ja&rclk=1,枚方市,枚方市 Web広告運用
株式会社ウィット,https://wi-t.co.jp/,高槻市 城北町１丁目１４−１７,072-668-3275,https://www.google.com/maps/place/%E6%A0%AA%E5%BC%8F%E4%BC%9A%E7%A4%BE%E3%82%A6%E3%82%A3%E3%83%83%E3%83%88/data=!4m7!3m6!1s0x600102cb61bd35d7:0x670047d49a2db55f!8m2!3d34.8462126!4d135.618183!16s%2Fg%2F1hhh5dp23!19sChIJ1zW9YcsCAWARX7UtmtRHAGc?authuser=0&hl=ja&rclk=1,高槻市,高槻市 Web広告運用
広告エラビー,https://erabee.net/,高槻市 城北町１丁目１４−１７ 501,072-668-3275,https://www.google.com/maps/place/%E5%BA%83%E5%91%8A%E3%82%A8%E3%83%A9%E3%83%93%E3%83%BC/data=!4m7!3m6!1s0x60010301a9d55eaf:0xb7df13a16a7e59db!8m2!3d34.8461878!4d135.6181612!16s%2Fg%2F11xnnc7xrt!19sChIJr17VqQEDAWAR21l-aqET37c?authuser=0&hl=ja&rclk=1,高槻市,高槻市 Web広告運用
MBマーケティング合同会社,http://mb-mark.com/,高槻市 北園町１３−２９ SAKURAビルII 3F,050-3740-5599,https://www.google.com/maps/place/MB%E3%83%9E%E3%83%BC%E3%82%B1%E3%83%86%E3%82%A3%E3%83%B3%E3%82%B0%E5%90%88%E5%90%8C%E4%BC%9A%E7%A4%BE/data=!4m7!3m6!1s0x600102c981a8d95d:0x3813f2ce63350230!8m2!3d34.8509101!4d135.6218381!16s%2Fg%2F11tw_mn4hl!19sChIJXdmogckCAWARMAI1Y87yEzg?authuser=0&hl=ja&rclk=1,高槻市,高槻市 Web広告運用
OFFICEHIGHLIFE Inc.,https://www.officehighlife.jp/,茨木市 西駅前町１３−２１ 3F,072-665-8821,https://www.google.com/maps/place/OFFICEHIGHLIFE+Inc./data=!4m7!3m6!1s0x6000e32b652a152d:0xe1b72f88d55ed7c7!8m2!3d34.8156308!4d135.5586594!16s%2Fg%2F1thztprz!19sChIJLRUqZSvjAGARx9de1Ygvt-E?authuser=0&hl=ja&rclk=1,茨木市,茨木市 Web広告運用
大阪の個人ホームページ制作ひつじウェブ,https://sheep-w.com/,,,https://www.google.com/maps/place/%E5%A4%A7%E9%98%AA%E3%81%AE%E5%80%8B%E4%BA%BA%E3%83%9B%E3%83%BC%E3%83%A0%E3%83%9A%E3%83%BC%E3%82%B8%E5%88%B6%E4%BD%9C%E3%81%B2%E3%81%A4%E3%81%98%E3%82%A6%E3%82%A7%E3%83%96/data=!4m7!3m6!1s0x22abcc3d7319dc91:0xc7dc271808b879ad!8m2!3d34.6614336!4d135.4192968!16s%2Fg%2F11xp4155gx!19sChIJkdwZcz3MqyIRrXm4CBgn3Mc?authuser=0&hl=ja&rclk=1,茨木市,茨木市 Web広告運用
＋GREEN,https://plusgreen.group/,東大阪市 070-9456-6567,070-9456-6567,https://www.google.com/maps/place/%EF%BC%8BGREEN/data=!4m7!3m6!1s0x6000e11c212a62ed:0xf96238af50282602!8m2!3d34.6614336!4d135.4192968!16s%2Fg%2F11rpd9fwfg!19sChIJ7WIqIRzhAGARAiYoUK84Yvk?authuser=0&hl=ja&rclk=1,東大阪市,東大阪市 Web広告運用
"株式会社 ブローバック／ BLOWBACK CO., LTD.",https://blowback.co.jp/,東大阪市 長田東２丁目２−１１,06-6747-8180,"https://www.google.com/maps/place/%E6%A0%AA%E5%BC%8F%E4%BC%9A%E7%A4%BE+%E3%83%96%E3%83%AD%E3%83%BC%E3%83%90%E3%83%83%E3%82%AF%EF%BC%8F+BLOWBACK+CO.,+LTD./data=!4m7!3m6!1s0x6000dfe43c040001:0x8c89ca7c77ff0e0c!8m2!3d34.6800652!4d135.5927074!16s%2Fg%2F11c6mcqp5n!19sChIJAQAEPOTfAGARDA7_d3zKiYw?authuser=0&hl=ja&rclk=1",東大阪市,東大阪市 Web広告運用
株式会社J-MEDIA(ジェイメディア),https://www.jmedia.biz/,東大阪市 花園西町２丁目７−２９,072-942-4467,https://www.google.com/maps/place/%E6%A0%AA%E5%BC%8F%E4%BC%9A%E7%A4%BEJ-MEDIA%28%E3%82%B8%E3%82%A7%E3%82%A4%E3%83%A1%E3%83%87%E3%82%A3%E3%82%A2%29/data=!4m7!3m6!1s0x6000e6e29241349b:0xd845a7b0ca1be921!8m2!3d34.6577091!4d135.6161051!16s%2Fg%2F12xqqrkbk!19sChIJmzRBkuLmAGARIekbyrCnRdg?authuser=0&hl=ja&rclk=1,東大阪市,東大阪市 Web広告運用
本氣メディア株式会社,http://maji.tv/,東大阪市 東淡路４丁目３０−２ イーズメディテラスⅡ 5F,0120-539-501,https://www.google.com/maps/place/%E6%9C%AC%E6%B0%A3%E3%83%A1%E3%83%87%E3%82%A3%E3%82%A2%E6%A0%AA%E5%BC%8F%E4%BC%9A%E7%A4%BE/data=!4m7!3m6!1s0x6000e3f28d1b998b:0xc7e0737115a37716!8m2!3d34.7394127!4d135.5185283!16s%2Fg%2F1tfnswyx!19sChIJi5kbjfLjAGARFnejFXFz4Mc?authuser=0&hl=ja&rclk=1,東大阪市,東大阪市 Web広告運用
株式会社アドインタメディス,http://aim-ad.co.jp/,東大阪市 安土町１丁目６−１９ 6f 大阪府,06-6271-3401,https://www.google.com/maps/place/%E6%A0%AA%E5%BC%8F%E4%BC%9A%E7%A4%BE%E3%82%A2%E3%83%89%E3%82%A4%E3%83%B3%E3%82%BF%E3%83%A1%E3%83%87%E3%82%A3%E3%82%B9/data=!4m7!3m6!1s0x6000e721bc412ccb:0xb00e3f54f0a5c24c!8m2!3d34.6841214!4d135.5078857!16s%2Fg%2F1tgb_npv!19sChIJyyxBvCHnAGARTMKl8FQ_DrA?authuser=0&hl=ja&rclk=1,東大阪市,東大阪市 Web広告運用
hope webdesign,https://hope-webdesign.com/,姫路市 080-4499-7760,080-4499-7760,https://www.google.com/maps/place/hope+webdesign/data=!4m7!3m6!1s0x8b3ca9f0c816c177:0x794eb6f5b9e2e3c1!8m2!3d34.8436733!4d134.61785!16s%2Fg%2F11vwm50z94!19sChIJd8EWyPCpPIsRwePiufW2Tnk?authuser=0&hl=ja&rclk=1,姫路市,姫路市 Web広告運用
エアライフ,https://airlife-lab.com/,姫路市 本町１２７ 大手前ダイネンBLD.II 3 階,090-1959-8394,https://www.google.com/maps/place/%E3%82%A8%E3%82%A2%E3%83%A9%E3%82%A4%E3%83%95/data=!4m7!3m6!1s0x3554e1e764c5630b:0xbed81e6375b375a9!8m2!3d34.8325074!4d134.6915497!16s%2Fg%2F11yf2770fv!19sChIJC2PFZOfhVDURqXWzdWMe2L4?authuser=0&hl=ja&rclk=1,姫路市,姫路市 Web広告運用
株式会社未来絵,https://milaie.com/,西宮市 笠屋町１０−２７,0798-31-2561,https://www.google.com/maps/place/%E6%A0%AA%E5%BC%8F%E4%BC%9A%E7%A4%BE%E6%9C%AA%E6%9D%A5%E7%B5%B5/data=!4m7!3m6!1s0x6000ee7541d3ffff:0xa79939c654e5d536!8m2!3d34.7140337!4d135.3755464!16s%2Fg%2F11hzjwx67m!19sChIJ___TQXXuAGARNtXlVMY5mac?authuser=0&hl=ja&rclk=1,西宮市,西宮市 Web広告運用
株式会社 夢現,http://yumegen.com/,西宮市 南昭和町９−１４,0798-78-3434,https://www.google.com/maps/place/%E6%A0%AA%E5%BC%8F%E4%BC%9A%E7%A4%BE+%E5%A4%A2%E7%8F%BE/data=!4m7!3m6!1s0x6000f211379c80b5:0x6170fcaabab6dbe2!8m2!3d34.7474121!4d135.3542137!16s%2Fg%2F1td32ynm!19sChIJtYCcNxHyAGAR4tu2uqr8cGE?authuser=0&hl=ja&rclk=1,西宮市,西宮市 Web広告運用
堂島広告,https://dojima.net/,西宮市 小松南町１丁目６−１２ 前林ビル,0798-48-8757,https://www.google.com/maps/place/%E5%A0%82%E5%B3%B6%E5%BA%83%E5%91%8A/data=!4m7!3m6!1s0x6000ee0c3f2c0001:0x323c815627dea048!8m2!3d34.7209534!4d135.3806895!16s%2Fg%2F11c0tk2b_z!19sChIJAQAsPwzuAGARSKDeJ1aBPDI?authuser=0&hl=ja&rclk=1,西宮市,西宮市 Web広告運用
MEOドクター,https://www.doctormeo.com/,西宮市 今津久寿川町６−１７ 202,080-7318-3205,https://www.google.com/maps/place/MEO%E3%83%89%E3%82%AF%E3%82%BF%E3%83%BC/data=!4m7!3m6!1s0x6000e70cb2616ed3:0xf943a10391124b5a!8m2!3d34.724248!4d135.3560216!16s%2Fg%2F11f782tl5g!19sChIJ025hsgznAGARWksSkQOhQ_k?authuser=0&hl=ja&rclk=1,西宮市,西宮市 Web広告運用
DKデジタルマーケティング,https://dk-digital.jp/,尼崎市 080-6369-0144,080-6369-0144,https://www.google.com/maps/place/DK%E3%83%87%E3%82%B8%E3%82%BF%E3%83%AB%E3%83%9E%E3%83%BC%E3%82%B1%E3%83%86%E3%82%A3%E3%83%B3%E3%82%B0/data=!4m7!3m6!1s0x8390b2bc0a2ea195:0x8aac8da7926a9f78!8m2!3d25.6270567!4d125.6732708!16s%2Fg%2F11pzd_cscz!19sChIJlaEuCryykIMReJ9qkqeNrIo?authuser=0&hl=ja&rclk=1,尼崎市,尼崎市 Web広告運用
MOBO株式会社,http://mo-bo.co.jp/,"明石市 ３７９１−３２ 2, 朝霧南町",090-6977-0505,https://www.google.com/maps/place/MOBO%E6%A0%AA%E5%BC%8F%E4%BC%9A%E7%A4%BE/data=!4m7!3m6!1s0x6000818d4d92b0a1:0xe373e5a2b20cf41f!8m2!3d34.6463795!4d135.0189906!16s%2Fg%2F11cm0g6xyn!19sChIJobCSTY2BAGARH_QMsqLlc-M?authuser=0&hl=ja&rclk=1,明石市,明石市 Web広告運用
Lync-CMS,https://lync-cms.com/,明石市 本町１丁目２−３３ 興生ビル ４Ｆ,070-5652-2887,https://www.google.com/maps/place/Lync-CMS/data=!4m7!3m6!1s0x3554d43c8180022d:0xeef6b64239b3f03a!8m2!3d34.6474121!4d134.991967!16s%2Fg%2F1th54t_1!19sChIJLQKAgTzUVDUROvCzOUK29u4?authuser=0&hl=ja&rclk=1,明石市,明石市 Web広告運用
ハンドクラップ,https://handclap.info/,明石市 大久保町大窪１０８５−３,078-779-8208,https://www.google.com/maps/place/%E3%83%8F%E3%83%B3%E3%83%89%E3%82%AF%E3%83%A9%E3%83%83%E3%83%97/data=!4m7!3m6!1s0x3554d449fcb128ed:0xb74f3780e5f44044!8m2!3d34.6857265!4d134.9442682!16s%2Fg%2F11h1pw03jy!19sChIJ7Six_EnUVDURRED05YA3T7c?authuser=0&hl=ja&rclk=1,明石市,明石市 Web広告運用
いいオフィス明石 AreaDrive,https://office.areadrive.com/,明石市 本町１丁目２−３３ 興生ビル ４Ｆ,070-5652-2887,https://www.google.com/maps/place/%E3%81%84%E3%81%84%E3%82%AA%E3%83%95%E3%82%A3%E3%82%B9%E6%98%8E%E7%9F%B3+AreaDrive/data=!4m7!3m6!1s0x3554d4b7156859c9:0x5962f32b8f5b2c50!8m2!3d34.6474121!4d134.991967!16s%2Fg%2F11c5427jz0!19sChIJyVloFbfUVDURUCxbjyvzYlk?authuser=0&hl=ja&rclk=1,明石市,明石市 Web広告運用
有限会社米子広告センター,http://yonakou.web.fc2.com/,米子市 両三柳３４０−２,0859-29-2121,https://www.google.com/maps/place/%EF%BC%88%E6%9C%89%EF%BC%89%E7%B1%B3%E5%AD%90%E5%BA%83%E5%91%8A%E3%82%BB%E3%83%B3%E3%82%BF%E3%83%BC/data=!4m7!3m6!1s0x3556f8192c2dff31:0x3cf30b8ac76450de!8m2!3d35.450272!4d133.324361!16s%2Fg%2F1tfml6v2!19sChIJMf8tLBn4VjUR3lBkx4oL8zw?authuser=0&hl=ja&rclk=1,米子市,米子市 Web広告運用
求人情報誌ぴーぷる,https://www.people1125.com/,米子市 米原６丁目１８−３４ ２階,0859-31-3511,https://www.google.com/maps/place/%E6%B1%82%E4%BA%BA%E6%83%85%E5%A0%B1%E8%AA%8C%E3%81%B4%E3%83%BC%E3%81%B7%E3%82%8B/data=!4m7!3m6!1s0x3556f7f1af992555:0x179ed81f6cf48dcf!8m2!3d35.4480684!4d133.3371577!16s%2Fg%2F1tcyv85y!19sChIJVSWZr_H3VjURz430bB_Ynhc?authuser=0&hl=ja&rclk=1,米子市,米子市 Web広告運用
有限会社ネットワーク作州,https://sakushu.co.jp/,津山市 上横野４７１２−１,0868-27-7377,https://www.google.com/maps/place/%28%E6%9C%89%29%E3%83%8D%E3%83%83%E3%83%88%E3%83%AF%E3%83%BC%E3%82%AF%E4%BD%9C%E5%B7%9E/data=!4m7!3m6!1s0x3554304f6162d903:0xadd33fe79f9e8514!8m2!3d35.1162257!4d134.0100768!16s%2Fg%2F1th6bnsl!19sChIJA9liYU8wVDURFIWen-c_060?authuser=0&hl=ja&rclk=1,津山市,津山市 Web広告運用
こころ広告社,http://www.kokoro-ad.jp/,東広島市 西大沢１丁目１５−２０,082-426-3111,https://www.google.com/maps/place/%E3%81%93%E3%81%93%E3%82%8D%E5%BA%83%E5%91%8A%E7%A4%BE/data=!4m7!3m6!1s0x35506e14df923c43:0xc2f6c2a497fa3ee6!8m2!3d34.3738218!4d132.7261146!16s%2Fg%2F11b5phpbt3!19sChIJQzyS3xRuUDUR5j76l6TC9sI?authuser=0&hl=ja&rclk=1,東広島市,東広島市 Web広告運用
株式会社ビジネスアシスト 周南営業所,https://b-assist.co.jp/,周南市 徳山５５７８−１,0834-33-8850,https://www.google.com/maps/place/%E6%A0%AA%E5%BC%8F%E4%BC%9A%E7%A4%BE%E3%83%93%E3%82%B8%E3%83%8D%E3%82%B9%E3%82%A2%E3%82%B7%E3%82%B9%E3%83%88+%E5%91%A8%E5%8D%97%E5%96%B6%E6%A5%AD%E6%89%80/data=!4m7!3m6!1s0x3544e73fc688a9f5:0xb8a1c8e05cdb7077!8m2!3d34.061971!4d131.82129!16s%2Fg%2F11btrs01h2!19sChIJ9amIxj_nRDURd3DbXODIobg?authuser=0&hl=ja&rclk=1,周南市,周南市 Web広告運用
まいぷれ周南,https://shunan.mypl.net/shop/00000340548/,周南市 桜木１丁目１−３２ 4階,0834-39-0007,https://www.google.com/maps/place/%E3%81%BE%E3%81%84%E3%81%B7%E3%82%8C%E5%91%A8%E5%8D%97/data=!4m7!3m6!1s0x3544e0e2fab12ecf:0xf133ee2c9346a0eb!8m2!3d34.0436421!4d131.837391!16s%2Fg%2F11bbrg6w0k!19sChIJzy6x-uLgRDUR66BGkyzuM_E?authuser=0&hl=ja&rclk=1,周南市,周南市 Web広告運用
株式会社ＫＲＹプロモーション,https://kry.co.jp/other/k_pro/,周南市 0834-22-9211,0834-22-9211,https://www.google.com/maps/place/%EF%BC%88%E6%A0%AA%EF%BC%89%EF%BC%AB%EF%BC%B2%EF%BC%B9%E3%83%97%E3%83%AD%E3%83%A2%E3%83%BC%E3%82%B7%E3%83%A7%E3%83%B3/data=!4m7!3m6!1s0x3544e713717f1eb3:0x17e2f5810973ba91!8m2!3d34.0625585!4d131.8142522!16s%2Fg%2F1tzzs95h!19sChIJsx5_cRPnRDURkbpzCYH14hc?authuser=0&hl=ja&rclk=1,周南市,周南市 Web広告運用
広告会社ナレーション,https://narrations.jp/,新居浜市 中村４丁目１７−２７,0897-47-0100,https://www.google.com/maps/place/%E5%BA%83%E5%91%8A%E4%BC%9A%E7%A4%BE%E3%83%8A%E3%83%AC%E3%83%BC%E3%82%B7%E3%83%A7%E3%83%B3/data=!4m7!3m6!1s0x3551ce4dca45235b:0x61413449bd1735c2!8m2!3d33.921958!4d133.287114!16s%2Fg%2F1th1rwf_!19sChIJWyNFyk3OUTURwjUXvUk0QWE?authuser=0&hl=ja&rclk=1,新居浜市,新居浜市 Web広告運用
東田印刷株式会社,http://www.higasidainsatu.jp/,新居浜市 北新町２−２７,0897-34-5656,https://www.google.com/maps/place/%E6%9D%B1%E7%94%B0%E5%8D%B0%E5%88%B7%E6%A0%AA%E5%BC%8F%E4%BC%9A%E7%A4%BE/data=!4m7!3m6!1s0x3551cec0f2c7d3bb:0xb8c24797593d6014!8m2!3d33.9602049!4d133.2724916!16s%2Fg%2F1tfjcc7l!19sChIJu9PH8sDOUTURFGA9WZdHwrg?authuser=0&hl=ja&rclk=1,新居浜市,新居浜市 Web広告運用
株式会社アイデム四国,http://www.aidem-shikoku.com/,新居浜市 坂井町３丁目１３−１３−４３,0897-40-1414,https://www.google.com/maps/place/%EF%BC%88%E6%A0%AA%EF%BC%89%E3%82%A2%E3%82%A4%E3%83%87%E3%83%A0%E5%9B%9B%E5%9B%BD/data=!4m7!3m6!1s0x3551cf18834d99b1:0x19775f225497ad01!8m2!3d33.946488!4d133.297483!16s%2Fg%2F1v2kv80t!19sChIJsZlNgxjPUTURAa2XVCJfdxk?authuser=0&hl=ja&rclk=1,新居浜市,新居浜市 Web広告運用
株式会社ひとぼし,https://hitoboshi.co.jp/,飯塚市 多田２７５−１２,0948-31-1565,https://www.google.com/maps/place/%E6%A0%AA%E5%BC%8F%E4%BC%9A%E7%A4%BE%E3%81%B2%E3%81%A8%E3%81%BC%E3%81%97/data=!4m7!3m6!1s0x3543d5841489732d:0x9e44555eebef351b!8m2!3d33.6449958!4d130.7359771!16s%2Fg%2F1thc_lx5!19sChIJLXOJFITVQzURGzXv615VRJ4?authuser=0&hl=ja&rclk=1,飯塚市,飯塚市 Web広告運用
GREEN,http://green-cr.net/,飯塚市 横田６６９−８７,,https://www.google.com/maps/place/GREEN/data=!4m7!3m6!1s0x35417fc76ae26765:0xd045ef95c11ae8ce!8m2!3d33.6449403!4d130.6614859!16s%2Fg%2F11vdg5ys24!19sChIJZWfiasd_QTURzugawZXvRdA?authuser=0&hl=ja&rclk=1,飯塚市,飯塚市 Web広告運用
有限会社アクセスメディア,http://access-media.co.jp/,諫早市 城見町２３−２５,0957-27-0139,https://www.google.com/maps/place/%28%E6%9C%89%29%E3%82%A2%E3%82%AF%E3%82%BB%E3%82%B9%E3%83%A1%E3%83%87%E3%82%A3%E3%82%A2/data=!4m7!3m6!1s0x35401cb2d434dafb:0xc606465efee4b994!8m2!3d32.8476095!4d130.0507425!16s%2Fg%2F1tdkpkf9!19sChIJ-9o01LIcQDURlLnk_l5GBsY?authuser=0&hl=ja&rclk=1,諫早市,諫早市 Web広告運用
フェイス・諫早,https://facenagasaki.com/,諫早市 小船越町１００６−１,0957-24-4334,https://www.google.com/maps/place/%E3%83%95%E3%82%A7%E3%82%A4%E3%82%B9%E3%83%BB%E8%AB%AB%E6%97%A9/data=!4m7!3m6!1s0x3540033b6ad33b5d:0x93bb41a88d456b84!8m2!3d32.8406568!4d130.033968!16s%2Fg%2F1q6n2mv5q!19sChIJXTvTajsDQDURhGtFjahBu5M?authuser=0&hl=ja&rclk=1,諫早市,諫早市 Web広告運用
ケンナン広告社,http://nice-isahaya.b1388.jp/category/0001933.html,諫早市 福田町６−４５,0957-22-3328,https://www.google.com/maps/place/%E3%82%B1%E3%83%B3%E3%83%8A%E3%83%B3%E5%BA%83%E5%91%8A%E7%A4%BE/data=!4m7!3m6!1s0x35401ca8e68316e9:0xfc5175ffc357dc87!8m2!3d32.8513192!4d130.0597682!16s%2Fg%2F1tknykd1!19sChIJ6RaD5qgcQDURh9xXw_91Ufw?authuser=0&hl=ja&rclk=1,諫早市,諫早市 Web広告運用
STFウェブプランニング,http://www.web-stf.jp/,別府市 ４丁目２−１６,0977-25-2299,https://www.google.com/maps/place/STF%E3%82%A6%E3%82%A7%E3%83%96%E3%83%97%E3%83%A9%E3%83%B3%E3%83%8B%E3%83%B3%E3%82%B0/data=!4m7!3m6!1s0x3546a718e10ad13f:0xc8ce1b2b1b166e62!8m2!3d33.29541!4d131.498944!16s%2Fg%2F1tczn4pn!19sChIJP9EK4RinRjURYm4WGysbzsg?authuser=0&hl=ja&rclk=1,別府市,別府市 Web広告運用
W3（ワスリー）,https://w3japan2022.studio.site/,別府市 上野口町６−１５ 101,,https://www.google.com/maps/place/W3%EF%BC%88%E3%83%AF%E3%82%B9%E3%83%AA%E3%83%BC%EF%BC%89/data=!4m7!3m6!1s0x3546a726aebc6393:0x72fe5e00c59f498b!8m2!3d33.2854835!4d131.4914939!16s%2Fg%2F11s808gnz5!19sChIJk2O8rianRjURi0mfxQBe_nI?authuser=0&hl=ja&rclk=1,別府市,別府市 Web広告運用
フリーランス魂 沖縄/ホームページ制作 WEB集客 マーケティング,https://freelance-tamashii.okinawa/,沖縄市 照屋４丁目７−３２,098-979-5111,https://www.google.com/maps/place/%E3%83%95%E3%83%AA%E3%83%BC%E3%83%A9%E3%83%B3%E3%82%B9%E9%AD%82+%E6%B2%96%E7%B8%84%2F%E3%83%9B%E3%83%BC%E3%83%A0%E3%83%9A%E3%83%BC%E3%82%B8%E5%88%B6%E4%BD%9C+WEB%E9%9B%86%E5%AE%A2+%E3%83%9E%E3%83%BC%E3%82%B1%E3%83%86%E3%82%A3%E3%83%B3%E3%82%B0/data=!4m7!3m6!1s0x8df1dc9d9bb932f9:0xe99b677ca6e4fe32!8m2!3d26.3335733!4d127.8172928!16s%2Fg%2F11jscpyhxg!19sChIJ-TK5m53c8Y0RMv7kpnxnm-k?authuser=0&hl=ja&rclk=1,沖縄市,沖縄市 Web広告運用
samurai growth hack,https://samurai-glowthhack.com/,沖縄市 070-4311-8321,070-4311-8321,https://www.google.com/maps/place/samurai+growth+hack/data=!4m7!3m6!1s0x2a5459b2159678a3:0x4dba3dd8abbcb86d!8m2!3d26.3458428!4d127.8577242!16s%2Fg%2F11y12_cns5!19sChIJo3iWFbJZVCoRbbi8q9g9uk0?authuser=0&hl=ja&rclk=1,沖縄市,沖縄市 Web広告運用
BRIDGE,https://bridge-dw.com/,沖縄市 山内４丁目１２−１３ シャトー ミリオン M 4,090-9784-5303,https://www.google.com/maps/place/BRIDGE/data=!4m7!3m6!1s0x34e51244148566f3:0x97a29b7f9b916c7a!8m2!3d26.331121!4d127.781182!16s%2Fg%2F1hc1vspqy!19sChIJ82aFFEQS5TQRemyRm3-bopc?authuser=0&hl=ja&rclk=1,沖縄市,沖縄市 Web広告運用
株式会社カフーブリッジ,https://kafuu-bridge.co.jp/,,,https://www.google.com/maps/place/%E6%A0%AA%E5%BC%8F%E4%BC%9A%E7%A4%BE%E3%82%AB%E3%83%95%E3%83%BC%E3%83%96%E3%83%AA%E3%83%83%E3%82%B8/data=!4m7!3m6!1s0x61c0d5ef95e9805:0xc53963cac31e64c0!8m2!3d25.9657442!4d127.1328998!16s%2Fg%2F11ypjv2l73!19sChIJBZhe-V4NHAYRwGQew8pjOcU?authuser=0&hl=ja&rclk=1,沖縄市,沖縄市 Web広告運用
㈱アスタリスク,http://www.ast-risk.net/,旭川市 ８条通８丁目43−５ ８条ビル,0166-24-5155,https://www.google.com/maps/place/%E3%88%B1%E3%82%A2%E3%82%B9%E3%82%BF%E3%83%AA%E3%82%B9%E3%82%AF/data=!4m7!3m6!1s0x5f0ce6730ca9b09f:0xb82ea066f9a6918d!8m2!3d43.7734325!4d142.3637941!16s%2Fg%2F1tdbwk6b!19sChIJn7CpDHPmDF8RjZGm-WagLrg?authuser=0&hl=ja&rclk=1,旭川市,旭川市 SEO対策会社
FLOKKA,https://flokka-22.com/,旭川市 台場２条２丁目５ ５番２号,090-7583-4717,https://www.google.com/maps/place/FLOKKA/data=!4m7!3m6!1s0x5f0cef4473b96155:0x4c3c13c5b9469893!8m2!3d43.7681194!4d142.2818807!16s%2Fg%2F11frrg89mj!19sChIJVWG5c0TvDF8Rk5hGucUTPEw?authuser=0&hl=ja&rclk=1,旭川市,旭川市 SEO対策会社
岩間創作室,https://iwama-artwork.com/,旭川市 忠和４条４丁目３−３,090-9844-3365,https://www.google.com/maps/place/%E5%B2%A9%E9%96%93%E5%89%B5%E4%BD%9C%E5%AE%A4/data=!4m7!3m6!1s0x83ebcc96a5efc759:0xd1426f29f3efb47c!8m2!3d43.7780831!4d142.3146002!16s%2Fg%2F11lykx_2yz!19sChIJWcfvpZbM64MRfLTv8ylvQtE?authuser=0&hl=ja&rclk=1,旭川市,旭川市 ホームページ集客支援
TUKASA企画合同会社,https://tukasa-kikaku.com/,旭川市 神楽岡１４条４丁目３−１０,0166-64-6655,https://www.google.com/maps/place/TUKASA%E4%BC%81%E7%94%BB%E5%90%88%E5%90%8C%E4%BC%9A%E7%A4%BE/data=!4m7!3m6!1s0x5f0ce75b94667a7f:0x5524ab2d40fc707d!8m2!3d43.739587!4d142.3591664!16s%2Fg%2F11pc0s3m1n!19sChIJf3pmlFvnDF8RfXD8QC2rJFU?authuser=0&hl=ja&rclk=1,旭川市,旭川市 ホームページ集客支援
マーケティングリサーチ函館,https://mktg-r.com/,函館市 川原町８−１４,090-6693-9726,https://www.google.com/maps/place/%E3%83%9E%E3%83%BC%E3%82%B1%E3%83%86%E3%82%A3%E3%83%B3%E3%82%B0%E3%83%AA%E3%82%B5%E3%83%BC%E3%83%81%E5%87%BD%E9%A4%A8/data=!4m7!3m6!1s0x5f9ef53d7a0049a9:0xc89e21115b992040!8m2!3d41.7937626!4d140.771246!16s%2Fg%2F11jsmpq4j4!19sChIJqUkAej31nl8RQCCZWxEhnsg?authuser=0&hl=ja&rclk=1,函館市,函館市 SEO対策会社
㈱スタイルシックス｜STYLE6 Inc.,https://style6.com/,函館市 五稜郭町７−１０,0138-84-6204,https://www.google.com/maps/place/%E3%88%B1%E3%82%B9%E3%82%BF%E3%82%A4%E3%83%AB%E3%82%B7%E3%83%83%E3%82%AF%E3%82%B9%EF%BD%9CSTYLE6+Inc./data=!4m7!3m6!1s0x5f9ef538bd75c2df:0x735c581ee63e6211!8m2!3d41.7944749!4d140.7495123!16s%2Fg%2F11nfw4dmd4!19sChIJ38J1vTj1nl8REWI-5h5YXHM?authuser=0&hl=ja&rclk=1,函館市,函館市 SEO対策会社
有限会社リバーマーケティング,https://www.river-m.com/company/,函館市 日乃出町２２−３８,0138-87-2260,https://www.google.com/maps/place/%E6%9C%89%E9%99%90%E4%BC%9A%E7%A4%BE%E3%83%AA%E3%83%90%E3%83%BC%E3%83%9E%E3%83%BC%E3%82%B1%E3%83%86%E3%82%A3%E3%83%B3%E3%82%B0/data=!4m7!3m6!1s0x5f9ef300603b2823:0x4efc0c91e2876647!8m2!3d41.7742903!4d140.7538586!16s%2Fg%2F11ms3kjc7r!19sChIJIyg7YADznl8RR2aH4pEM_E4?authuser=0&hl=ja&rclk=1,函館市,函館市 SEO対策会社
パソコンやウェブ周りの函館オンライン秘書「CRAZY OFFICE」,https://mmk0810.com/secretary/,函館市 海岸町5−３−４０２,090-7512-8731,https://www.google.com/maps/place/%E3%83%91%E3%82%BD%E3%82%B3%E3%83%B3%E3%82%84%E3%82%A6%E3%82%A7%E3%83%96%E5%91%A8%E3%82%8A%E3%81%AE%E5%87%BD%E9%A4%A8%E3%82%AA%E3%83%B3%E3%83%A9%E3%82%A4%E3%83%B3%E7%A7%98%E6%9B%B8%E3%80%8CCRAZY+OFFICE%E3%80%8D/data=!4m7!3m6!1s0x5f9ef5b495f465b3:0x555cdd6e232c1cae!8m2!3d41.7791571!4d140.7310324!16s%2Fg%2F11mwm2tv_c!19sChIJs2X0lbT1nl8RrhwsI27dXFU?authuser=0&hl=ja&rclk=1,函館市,函館市 SEO対策会社
SEO TOKYO 青森駅前店,https://seo-tokyo.jp/aomori/,"青森市 ￥3,000～4,000",017-763-0131,https://www.google.com/maps/place/SEO+TOKYO+%E9%9D%92%E6%A3%AE%E9%A7%85%E5%89%8D%E5%BA%97/data=!4m7!3m6!1s0x5f9b9fe254805e2f:0xb2fe733aa31d67c6!8m2!3d40.8283086!4d140.7356426!16s%2Fg%2F11x03hq272!19sChIJL16AVOKfm18Rxmcdozpz_rI?authuser=0&hl=ja&rclk=1,青森市,青森市 SEO対策会社
株式会社ワンクルー,http://one-clue.com/,"仙台市 KTビル 4F, ４丁目-５-５ 榴岡",022-742-2033,https://www.google.com/maps/place/%E6%A0%AA%E5%BC%8F%E4%BC%9A%E7%A4%BE%E3%83%AF%E3%83%B3%E3%82%AF%E3%83%AB%E3%83%BC/data=!4m7!3m6!1s0x5f8a2819799c953f:0x3f76e21f328feac4!8m2!3d38.2587611!4d140.8866707!16s%2Fg%2F1ptx6ndbt!19sChIJP5WceRkoil8RxOqPMh_idj8?authuser=0&hl=ja&rclk=1,仙台市,仙台市 SEO対策会社
ホームページ制作・仙台ウェブ,https://www.sendai-hp.jp/,仙台市 中央２丁目１１−１９ 仙南ビル 4階 -A,022-725-6404,https://www.google.com/maps/place/%E3%83%9B%E3%83%BC%E3%83%A0%E3%83%9A%E3%83%BC%E3%82%B8%E5%88%B6%E4%BD%9C%E3%83%BB%E4%BB%99%E5%8F%B0%E3%82%A6%E3%82%A7%E3%83%96/data=!4m7!3m6!1s0x5f8981aed8e5c95d:0xdc0a404b90e1f061!8m2!3d38.2626759!4d140.8771183!16s%2Fg%2F11dxm1pq0b!19sChIJXcnl2K6BiV8RYfDhkEtACtw?authuser=0&hl=ja&rclk=1,仙台市,仙台市 SEO対策会社
有限会社サイトマネジメント,http://www.e-site.co.jp/,秋田市 広面川崎１３９−３,018-884-6781,https://www.google.com/maps/place/%E6%9C%89%E9%99%90%E4%BC%9A%E7%A4%BE%E3%82%B5%E3%82%A4%E3%83%88%E3%83%9E%E3%83%8D%E3%82%B8%E3%83%A1%E3%83%B3%E3%83%88/data=!4m7!3m6!1s0x5f8fe824279d30c3:0x1b55b334c79b9c0!8m2!3d39.7274506!4d140.1526087!16s%2Fg%2F1tdd52ng!19sChIJwzCdJyToj18RwLl5TDNbtQE?authuser=0&hl=ja&rclk=1,秋田市,秋田市 SEO対策会社
イデアデザイン,https://ideadesign.jp/,山形市 鈴川町２丁目３−２４,023-624-5893,https://www.google.com/maps/place/%E3%82%A4%E3%83%87%E3%82%A2%E3%83%87%E3%82%B6%E3%82%A4%E3%83%B3/data=!4m7!3m6!1s0x5f8bb44bf8494421:0x92f373bd5fca0615!8m2!3d38.2680799!4d140.3553951!16s%2Fg%2F1v3drz1d!19sChIJIURJ-Eu0i18RFQbKX71z85I?authuser=0&hl=ja&rclk=1,山形市,山形市 SEO対策会社
S.E.Onetop合同会社/S.E.Onetop.LLC,https://se-onetop.com/,山形市 楯岡荒町２丁目１−１ LinkMURAYAMA A305,0237-53-0100,https://www.google.com/maps/place/S.E.Onetop%E5%90%88%E5%90%8C%E4%BC%9A%E7%A4%BE%2FS.E.Onetop.LLC/data=!4m7!3m6!1s0x5f8bdd1d8c304c8b:0x92b35a037c9ed3a2!8m2!3d38.4766104!4d140.3916227!16s%2Fg%2F11h5dm_mc9!19sChIJi0wwjB3di18RotOefANas5I?authuser=0&hl=ja&rclk=1,山形市,山形市 SEO対策会社
株式会社パルティード,https://partido.co.jp/,,,https://www.google.com/maps/place/%E6%A0%AA%E5%BC%8F%E4%BC%9A%E7%A4%BE%E3%83%91%E3%83%AB%E3%83%86%E3%82%A3%E3%83%BC%E3%83%89/data=!4m7!3m6!1s0x97d9df6227cf451:0xe49f0311997c7ae6!8m2!3d38.2477838!4d140.3549553!16s%2Fg%2F11msxtc2f5!19sChIJUfR8IvadfQkR5np8mREDn-Q?authuser=0&hl=ja&rclk=1,山形市,山形市 SEO対策会社
Y-biz (ワイビズ) | 山形市売上増進支援センター,https://ybiz.jp/,山形市 旅篭町３丁目５−１ 須藤ビル 1階,023-616-7900,https://www.google.com/maps/place/Y-biz+%28%E3%83%AF%E3%82%A4%E3%83%93%E3%82%BA%29+%7C+%E5%B1%B1%E5%BD%A2%E5%B8%82%E5%A3%B2%E4%B8%8A%E5%A2%97%E9%80%B2%E6%94%AF%E6%8F%B4%E3%82%BB%E3%83%B3%E3%82%BF%E3%83%BC/data=!4m7!3m6!1s0x5f8bc95308aa57b9:0xa2f56a80225f1785!8m2!3d38.2558558!4d140.34197!16s%2Fg%2F11h20ml4zv!19sChIJuVeqCFPJi18RhRdfIoBq9aI?authuser=0&hl=ja&rclk=1,山形市,山形市 ホームページ集客支援
山形転職,https://yamagata-tenshoku.com/,山形市 松栄１丁目３−８ 産業創造支援センタ,023-644-5015,https://www.google.com/maps/place/%E5%B1%B1%E5%BD%A2%E8%BB%A2%E8%81%B7/data=!4m7!3m6!1s0x5f8bb70b18938573:0x179adfb6cccc75f6!8m2!3d38.2391012!4d140.2973608!16s%2Fg%2F11j8kczjsd!19sChIJc4WTGAu3i18R9nXMzLbfmhc?authuser=0&hl=ja&rclk=1,山形市,山形市 ホームページ集客支援
AY-Net,https://ay-net.jp/,福島市 090-9539-5222,090-9539-5222,https://www.google.com/maps/place/AY-Net/data=!4m7!3m6!1s0x5f8a8755f25aa3e3:0x5593074cf1de2e62!8m2!3d37.7374746!4d140.6349843!16s%2Fg%2F11h15wjz5s!19sChIJ46Na8lWHil8RYi7e8UwHk1U?authuser=0&hl=ja&rclk=1,福島市,福島市 SEO対策会社
認定NPO法人キャリア・デザイナーズ,https://npocd.jp/,郡山市 昭和ニ丁目２−７ さとうビル ２Ｆ,024-973-5667,https://www.google.com/maps/place/%E8%AA%8D%E5%AE%9ANPO%E6%B3%95%E4%BA%BA%E3%82%AD%E3%83%A3%E3%83%AA%E3%82%A2%E3%83%BB%E3%83%87%E3%82%B6%E3%82%A4%E3%83%8A%E3%83%BC%E3%82%BA/data=!4m7!3m6!1s0x60206b83419a038d:0x963cf9084e00bd8a!8m2!3d37.3874184!4d140.3936408!16s%2Fg%2F1tjhxrys!19sChIJjQOaQYNrIGARir0ATgj5PJY?authuser=0&hl=ja&rclk=1,郡山市,郡山市 ホームページ集客支援
新潟SEO情報局,https://niigata-seo.com/,新潟市 竜玄４５１,090-6117-2896,https://www.google.com/maps/place/%E6%96%B0%E6%BD%9FSEO%E6%83%85%E5%A0%B1%E5%B1%80/data=!4m7!3m6!1s0x5ff4dbc3771d96b5:0x33b3c22fa339339e!8m2!3d37.7674578!4d139.090835!16s%2Fg%2F11y2k90cj6!19sChIJtZYdd8Pb9F8RnjM5oy_CszM?authuser=0&hl=ja&rclk=1,新潟市,新潟市 SEO対策会社
スティーク株式会社｜新潟のAI・業務システム開発,https://steeq.jp/,新潟市 万代３丁目３−２７ ＤＮビル 2F,025-378-2881,https://www.google.com/maps/place/%E3%82%B9%E3%83%86%E3%82%A3%E3%83%BC%E3%82%AF%E6%A0%AA%E5%BC%8F%E4%BC%9A%E7%A4%BE%EF%BD%9C%E6%96%B0%E6%BD%9F%E3%81%AEAI%E3%83%BB%E6%A5%AD%E5%8B%99%E3%82%B7%E3%82%B9%E3%83%86%E3%83%A0%E9%96%8B%E7%99%BA/data=!4m7!3m6!1s0x5ff4c9e13cf4b6bd:0x6cfaaa5013cd8525!8m2!3d37.9202472!4d139.0565327!16s%2Fg%2F11jcy38sv9!19sChIJvbb0POHJ9F8RJYXNE1Cq-mw?authuser=0&hl=ja&rclk=1,新潟市,新潟市 SEO対策会社
Giftation株式会社,https://giftation.jp/,新潟市 本町通７番町１０９８−１ WORKWITH本町,03-4500-8172,https://www.google.com/maps/place/Giftation%E6%A0%AA%E5%BC%8F%E4%BC%9A%E7%A4%BE/data=!4m7!3m6!1s0x5ff4c980f18c9d57:0xfcf1eb64ad7487c7!8m2!3d37.9223348!4d139.0473237!16s%2Fg%2F11lthmftln!19sChIJV52M8YDJ9F8Rx4d0rWTr8fw?authuser=0&hl=ja&rclk=1,新潟市,新潟市 ホームページ集客支援
新潟転職Komachi,https://niigata-oshigoto.com/,新潟市 米山４丁目１−２３ 米山Ｎビルディング 3F,,https://www.google.com/maps/place/%E6%96%B0%E6%BD%9F%E8%BB%A2%E8%81%B7Komachi/data=!4m7!3m6!1s0x5ff4c98a7ce7b137:0xa708667eadcfc443!8m2!3d37.9073419!4d139.0585007!16s%2Fg%2F11tr_wnp5j!19sChIJN7HnfIrJ9F8RQ8TPrX5mCKc?authuser=0&hl=ja&rclk=1,新潟市,新潟市 ホームページ集客支援
株式会社アスプロ | ASPR,https://www.aspr.co.jp/,長岡市 西千手１丁目１−１ アテンドビル 4F,0800-800-8339,https://www.google.com/maps/place/%E6%A0%AA%E5%BC%8F%E4%BC%9A%E7%A4%BE%E3%82%A2%E3%82%B9%E3%83%97%E3%83%AD+%7C+ASPR/data=!4m7!3m6!1s0x5ff5a91b5e2226ff:0xe608f749ffcbac97!8m2!3d37.4399201!4d138.8421085!16s%2Fg%2F11c6cnw_v9!19sChIJ_yYiXhup9V8Rl6zL_0n3COY?authuser=0&hl=ja&rclk=1,長岡市,長岡市 SEO対策会社
CS合同会社,https://csllc.co.jp/,長岡市 東坂之上町１丁目４−３ スカイハイツ 201,0258-94-4904,https://www.google.com/maps/place/CS%E5%90%88%E5%90%8C%E4%BC%9A%E7%A4%BE/data=!4m7!3m6!1s0x5ff5a852c0cf82b9:0x7b7dfef592491c52!8m2!3d37.4469025!4d138.8505816!16s%2Fg%2F11ckvvkwzg!19sChIJuYLPwFKo9V8RUhxJkvX-fXs?authuser=0&hl=ja&rclk=1,長岡市,長岡市 SEO対策会社
デザインワークス,https://www.design-works.site/,長岡市 山田３丁目２−１６ クレセール西千手 １２号室,,https://www.google.com/maps/place/%E3%83%87%E3%82%B6%E3%82%A4%E3%83%B3%E3%83%AF%E3%83%BC%E3%82%AF%E3%82%B9/data=!4m7!3m6!1s0x5ff5a9007b12bb15:0x2fc9668c64f4852f!8m2!3d37.4465022!4d138.8397049!16s%2Fg%2F11df0qr7qd!19sChIJFbsSewCp9V8RL4X0ZIxmyS8?authuser=0&hl=ja&rclk=1,長岡市,長岡市 SEO対策会社
有限会社データサット,https://www.datasat.co.jp/,富山市 天正寺１０８３ 天正寺カワカミビル 6F,076-420-7677,https://www.google.com/maps/place/%EF%BC%88%E6%9C%89%EF%BC%89%E3%83%87%E3%83%BC%E3%82%BF%E3%82%B5%E3%83%83%E3%83%88/data=!4m7!3m6!1s0x5ff7911e19983fb3:0x24de66ff859204b7!8m2!3d36.6844498!4d137.2511534!16s%2Fg%2F1tfw2wt7!19sChIJsz-YGR6R918RtwSShf9m3iQ?authuser=0&hl=ja&rclk=1,富山市,富山市 SEO対策会社
クレアスタイル,http://clairestyle.jp/,富山市 松若町１１−１１ 11,076-411-4018,https://www.google.com/maps/place/%E3%82%AF%E3%83%AC%E3%82%A2%E3%82%B9%E3%82%BF%E3%82%A4%E3%83%AB/data=!4m7!3m6!1s0x5ff79a047814615b:0x41e37b241a4e049e!8m2!3d36.7161243!4d137.2252657!16s%2Fg%2F1w0j40_m!19sChIJW2EUeASa918RngROGiR740E?authuser=0&hl=ja&rclk=1,富山市,富山市 SEO対策会社
SCOP TOYAMA 富山県創業支援センター／創業・移住促進住宅,https://scop-toyama.jp/,富山市 蓮町１丁目７−７,076-456-7373,https://www.google.com/maps/place/SCOP+TOYAMA+%E5%AF%8C%E5%B1%B1%E7%9C%8C%E5%89%B5%E6%A5%AD%E6%94%AF%E6%8F%B4%E3%82%BB%E3%83%B3%E3%82%BF%E3%83%BC%EF%BC%8F%E5%89%B5%E6%A5%AD%E3%83%BB%E7%A7%BB%E4%BD%8F%E4%BF%83%E9%80%B2%E4%BD%8F%E5%AE%85/data=!4m7!3m6!1s0x5ff799a542463c19:0xe76d8fdbc4b84119!8m2!3d36.7410227!4d137.2251155!16s%2Fg%2F11t7j12f27!19sChIJGTxGQqWZ918RGUG4xNuPbec?authuser=0&hl=ja&rclk=1,富山市,富山市 ホームページ集客支援
株式会社ＳＥＯ,http://seoc.jp/,金沢市 粟崎町４丁目56番地3,,https://www.google.com/maps/place/%E6%A0%AA%E5%BC%8F%E4%BC%9A%E7%A4%BE%EF%BC%B3%EF%BC%A5%EF%BC%AF/data=!4m7!3m6!1s0x5ff9cdbd38c157e3:0x86b5e56ad3bebcd8!8m2!3d36.6313753!4d136.6241818!16s%2Fg%2F1tmqln59!19sChIJ41fBOL3N-V8R2Ly-02rltYY?authuser=0&hl=ja&rclk=1,金沢市,金沢市 SEO対策会社
sikumi合同会社,https://sikumi-jp.com/,金沢市 神宮寺３丁目６−１,080-3748-8464,https://www.google.com/maps/place/sikumi%E5%90%88%E5%90%8C%E4%BC%9A%E7%A4%BE/data=!4m7!3m6!1s0x5ff73de4503b3e31:0xb9ca277b21a8ceca!8m2!3d36.5877438!4d136.6677447!16s%2Fg%2F11pksb1q87!19sChIJMT47UOQ9918Rys6oIXsnyrk?authuser=0&hl=ja&rclk=1,金沢市,金沢市 ホームページ集客支援
真空ラボ,http://www.shin-qoo.com/,福井市 城東３丁目１２−３３,0776-28-1456,https://www.google.com/maps/place/%E7%9C%9F%E7%A9%BA%E3%83%A9%E3%83%9C/data=!4m7!3m6!1s0x5ff8be85f6aa3fdf:0x48b77bd99ed44799!8m2!3d36.0598315!4d136.238873!16s%2Fg%2F11bydkmh36!19sChIJ3z-q9oW--F8RmUfUntl7t0g?authuser=0&hl=ja&rclk=1,福井市,福井市 SEO対策会社
株式会社ミエリ studio cafe,https://mieli.co.jp/,福井市 松本３丁目９−２７,0776-97-6070,https://www.google.com/maps/place/%E6%A0%AA%E5%BC%8F%E4%BC%9A%E7%A4%BE%E3%83%9F%E3%82%A8%E3%83%AA+studio+cafe/data=!4m7!3m6!1s0x5ff8bef802e26449:0x8fd584608b0bf40!8m2!3d36.07172!4d136.224925!16s%2Fg%2F11bx5pbrp7!19sChIJSWTiAvi--F8RQL-wCEZY_Qg?authuser=0&hl=ja&rclk=1,福井市,福井市 SEO対策会社
Think inc.（シンク株式会社）,https://thinkinc.jp/,福井市 高木中央２丁目1726番,,https://www.google.com/maps/place/Think+inc.%EF%BC%88%E3%82%B7%E3%83%B3%E3%82%AF%E6%A0%AA%E5%BC%8F%E4%BC%9A%E7%A4%BE%EF%BC%89/data=!4m7!3m6!1s0x5ff8be9eef423bbd:0x8a456ad48690d9df!8m2!3d36.0932103!4d136.2360365!16s%2Fg%2F11c1_wn0j9!19sChIJvTtC756--F8R39mQhtRqRYo?authuser=0&hl=ja&rclk=1,福井市,福井市 SEO対策会社
株式会社REQ（リキュー）,https://req-inc.com/,福井市 花堂北２丁目９−２,0776-84-2088,https://www.google.com/maps/place/%E6%A0%AA%E5%BC%8F%E4%BC%9A%E7%A4%BEREQ%EF%BC%88%E3%83%AA%E3%82%AD%E3%83%A5%E3%83%BC%EF%BC%89/data=!4m7!3m6!1s0x5ff8bff38e256261:0x75f3f5d34fb57c7e!8m2!3d36.0414483!4d136.2142776!16s%2Fg%2F11vk7jk149!19sChIJYWIljvO_-F8Rfny1T9P183U?authuser=0&hl=ja&rclk=1,福井市,福井市 ホームページ集客支援
SOKKA,https://sokka.ltd/,福井市 京町１丁目１−９,,https://www.google.com/maps/place/SOKKA/data=!4m7!3m6!1s0x5ff8ad367ae5aa6f:0xa591fe0f6b7ad3c4!8m2!3d35.9023625!4d136.1653745!16s%2Fg%2F11fsgp30jj!19sChIJb6rlejat-F8RxNN6aw_-kaU?authuser=0&hl=ja&rclk=1,福井市,福井市 ホームページ集客支援
キオミル株式会社 福井オフィス,https://kiomiru-fukui.jp/,福井市 元町１丁目６−１７,0779-64-5726,https://www.google.com/maps/place/%E3%82%AD%E3%82%AA%E3%83%9F%E3%83%AB%E6%A0%AA%E5%BC%8F%E4%BC%9A%E7%A4%BE+%E7%A6%8F%E4%BA%95%E3%82%AA%E3%83%95%E3%82%A3%E3%82%B9/data=!4m7!3m6!1s0x5ff89bcd25bfd583:0x2a37b54394144620!8m2!3d36.0623309!4d136.5020585!16s%2Fg%2F11nx2thhkc!19sChIJg9W_Jc2b-F8RIEYUlEO1Nyo?authuser=0&hl=ja&rclk=1,福井市,福井市 ホームページ集客支援
株式会社戦略デザインラボ,https://www.s-d-lab.jp/,長野市 アークス９−１４,026-219-2175,https://www.google.com/maps/place/%E6%A0%AA%E5%BC%8F%E4%BC%9A%E7%A4%BE%E6%88%A6%E7%95%A5%E3%83%87%E3%82%B6%E3%82%A4%E3%83%B3%E3%83%A9%E3%83%9C/data=!4m7!3m6!1s0x601d87acd0872127:0x4203fe112e310de0!8m2!3d36.6235868!4d138.1980454!16s%2Fg%2F11qn9vl5w0!19sChIJJyGH0KyHHWAR4A0xLhH-A0I?authuser=0&hl=ja&rclk=1,長野市,長野市 SEO対策会社
デジタルデマンド株式会社,https://www.digitaldemand.jp/,長野市 安茂里杏花台５９０−１３,050-3204-4647,https://www.google.com/maps/place/%E3%83%87%E3%82%B8%E3%82%BF%E3%83%AB%E3%83%87%E3%83%9E%E3%83%B3%E3%83%89%E6%A0%AA%E5%BC%8F%E4%BC%9A%E7%A4%BE/data=!4m7!3m6!1s0x601d875d0854f043:0xeec4f0168b685cf6!8m2!3d36.640592!4d138.1681688!16s%2Fg%2F11g4jfrqvs!19sChIJQ_BUCF2HHWAR9lxoixbwxO4?authuser=0&hl=ja&rclk=1,長野市,長野市 SEO対策会社
住宅コンサルティング・不動産売買仲介・WEBマーケティング,https://www.kosotame-akiya.com/,松本市 宮田３７−37‐8,0263-74-8666,https://www.google.com/maps/place/%E4%BD%8F%E5%AE%85%E3%82%B3%E3%83%B3%E3%82%B5%E3%83%AB%E3%83%86%E3%82%A3%E3%83%B3%E3%82%B0%E3%83%BB%E4%B8%8D%E5%8B%95%E7%94%A3%E5%A3%B2%E8%B2%B7%E4%BB%B2%E4%BB%8B%E3%83%BBWEB%E3%83%9E%E3%83%BC%E3%82%B1%E3%83%86%E3%82%A3%E3%83%B3%E3%82%B0/data=!4m7!3m6!1s0x601d0f33969a11a7:0x6873dc287c71a769!8m2!3d36.2058145!4d137.9543796!16s%2Fg%2F11vqlsghgv!19sChIJpxGaljMPHWARaadxfCjcc2g?authuser=0&hl=ja&rclk=1,松本市,松本市 SEO対策会社
ことおり｜地域で事業を営む方のWeb集客支援,https://kotoori.com/,,090-4057-1937,https://www.google.com/maps/place/%E3%81%93%E3%81%A8%E3%81%8A%E3%82%8A%EF%BD%9C%E5%9C%B0%E5%9F%9F%E3%81%A7%E4%BA%8B%E6%A5%AD%E3%82%92%E5%96%B6%E3%82%80%E6%96%B9%E3%81%AEWeb%E9%9B%86%E5%AE%A2%E6%94%AF%E6%8F%B4/data=!4m7!3m6!1s0x9686fa5f0a9ef2b:0x34486a95f47fe522!8m2!3d32.9998961!4d138.4293072!16s%2Fg%2F11yp31slkn!19sChIJK--p8KVvaAkRIuV_9JVqSDQ?authuser=0&hl=ja&rclk=1,松本市,松本市 ホームページ集客支援
株式会社メディアブレイン,https://media-b.com/,甲府市 下石田２丁目１４−８,055-268-2960,https://www.google.com/maps/place/%EF%BC%88%E6%A0%AA%EF%BC%89%E3%83%A1%E3%83%87%E3%82%A3%E3%82%A2%E3%83%96%E3%83%AC%E3%82%A4%E3%83%B3/data=!4m7!3m6!1s0x601bf768e8be6805:0x8db2a6fd6278a033!8m2!3d35.6472338!4d138.5525036!16s%2Fg%2F1tf5dtng!19sChIJBWi-6Gj3G2ARM6B4Yv2mso0?authuser=0&hl=ja&rclk=1,甲府市,甲府市 SEO対策会社
フューチャーマインド,http://www.futuremind.jp/,水戸市 渡里町３２６８−６１−２０７,029-233-6075,https://www.google.com/maps/place/%E3%83%95%E3%83%A5%E3%83%BC%E3%83%81%E3%83%A3%E3%83%BC%E3%83%9E%E3%82%A4%E3%83%B3%E3%83%89/data=!4m7!3m6!1s0x6022214ae6fb6501:0x6498efe236c10410!8m2!3d36.4065622!4d140.4294245!16s%2Fg%2F1tfpzywc!19sChIJAWX75kohImAREATBNuLvmGQ?authuser=0&hl=ja&rclk=1,水戸市,水戸市 SEO対策会社
つくばホームページ制作45DC,https://www.tsukubashi.net/,つくば市 桜２丁目３９−２,029-857-8245,https://www.google.com/maps/place/%E3%81%A4%E3%81%8F%E3%81%B0%E3%83%9B%E3%83%BC%E3%83%A0%E3%83%9A%E3%83%BC%E3%82%B8%E5%88%B6%E4%BD%9C45DC/data=!4m7!3m6!1s0x60220c1b412de5d3:0x9865087f99fc7843!8m2!3d36.1122525!4d140.112216!16s%2Fg%2F11fhz5qfrq!19sChIJ0-UtQRsMImARQ3j8mX8IZZg?authuser=0&hl=ja&rclk=1,つくば市,つくば市 SEO対策会社
株式会社エフズフィールド,http://www.fsfield.jp/,つくば市 千現２丁目１−６ つくば研究支援センターC-A-7,029-846-4677,https://www.google.com/maps/place/%E6%A0%AA%E5%BC%8F%E4%BC%9A%E7%A4%BE%E3%82%A8%E3%83%95%E3%82%BA%E3%83%95%E3%82%A3%E3%83%BC%E3%83%AB%E3%83%89/data=!4m7!3m6!1s0x60220cc1466b5bb7:0x373ce1d9a3b53a11!8m2!3d36.0637926!4d140.1261113!16s%2Fg%2F1tdz01mn!19sChIJt1trRsEMImARETq1o9nhPDc?authuser=0&hl=ja&rclk=1,つくば市,つくば市 SEO対策会社
㈱インソースマーケティングデザイン,https://insource-mkd.co.jp/,宇都宮市 東宿郷３丁目１−１２ 吉田ビル8F,028-614-8330,https://www.google.com/maps/place/%E3%88%B1%E3%82%A4%E3%83%B3%E3%82%BD%E3%83%BC%E3%82%B9%E3%83%9E%E3%83%BC%E3%82%B1%E3%83%86%E3%82%A3%E3%83%B3%E3%82%B0%E3%83%87%E3%82%B6%E3%82%A4%E3%83%B3/data=!4m7!3m6!1s0x601f67702cb5f709:0x5825310d63dabd7!8m2!3d36.5578834!4d139.9055332!16s%2Fg%2F1tfc2391!19sChIJCfe1LHBnH2AR16s91hBTggU?authuser=0&hl=ja&rclk=1,宇都宮市,宇都宮市 SEO対策会社
IT-cares（アイティーケアーズ）,https://it-cares.biz/,宇都宮市 大通り３丁目５−１８,028-680-7190,https://www.google.com/maps/place/IT-cares%EF%BC%88%E3%82%A2%E3%82%A4%E3%83%86%E3%82%A3%E3%83%BC%E3%82%B1%E3%82%A2%E3%83%BC%E3%82%BA%EF%BC%89/data=!4m7!3m6!1s0x601f679f70c71e0d:0x6b247c331bd759a8!8m2!3d36.5589126!4d139.8927883!16s%2Fg%2F1q667921j!19sChIJDR7HcJ9nH2ARqFnXGzN8JGs?authuser=0&hl=ja&rclk=1,宇都宮市,宇都宮市 ホームページ集客支援
株式会社トライアーチ,https://triarch.co.jp/,高崎市 貝沢町９５５−７,027-329-6587,https://www.google.com/maps/place/%E6%A0%AA%E5%BC%8F%E4%BC%9A%E7%A4%BE%E3%83%88%E3%83%A9%E3%82%A4%E3%82%A2%E3%83%BC%E3%83%81/data=!4m7!3m6!1s0x601e8d69fe8ed8db:0xe696985e4ede831a!8m2!3d36.3438375!4d139.0198204!16s%2Fg%2F11c55j_0hg!19sChIJ29iO_mmNHmARGoPeTl6YluY?authuser=0&hl=ja&rclk=1,高崎市,高崎市 SEO対策会社
デザイン事務所|TT-Arts,https://tt-arts.jp/,高崎市 飯塚町６３４−６,070-7670-6644,https://www.google.com/maps/place/%E3%83%87%E3%82%B6%E3%82%A4%E3%83%B3%E4%BA%8B%E5%8B%99%E6%89%80%7CTT-Arts/data=!4m7!3m6!1s0x601e8d6c3949fcc1:0x13cdcc9e77a7e11c!8m2!3d36.3424632!4d139.0030784!16s%2Fg%2F11yr8622k6!19sChIJwfxJOWyNHmARHOGnd57MzRM?authuser=0&hl=ja&rclk=1,高崎市,高崎市 ホームページ集客支援
株式会社OPENSCHEMA,https://openschema.co.jp/,前橋市 城東町２丁目１０−１ Rejidens Azabu 2F,027-289-6310,https://www.google.com/maps/place/%E6%A0%AA%E5%BC%8F%E4%BC%9A%E7%A4%BEOPENSCHEMA/data=!4m7!3m6!1s0x4953465e3b04741b:0x781924127f61d86!8m2!3d36.3930647!4d139.0749638!16s%2Fg%2F11wtzv3ssd!19sChIJG3QEO15GU0kRhh32J0GSgQc?authuser=0&hl=ja&rclk=1,前橋市,前橋市 SEO対策会社
ミズマ前橋,https://mizuma-2.jp/,前橋市 城東町１丁目10−１４,0120-380-581,https://www.google.com/maps/place/%E3%83%9F%E3%82%BA%E3%83%9E%E5%89%8D%E6%A9%8B/data=!4m7!3m6!1s0x601ef3b41c54cc9d:0x52225f0f02ccde2a!8m2!3d36.3941124!4d139.0751246!16s%2Fg%2F11w2mb7jf4!19sChIJncxUHLTzHmARKt7MAg9fIlI?authuser=0&hl=ja&rclk=1,前橋市,前橋市 SEO対策会社
オーケーデザイン,https://www.okdesign-net.com/,熊谷市 三ケ尻２９５０,048-530-1322,https://www.google.com/maps/place/%E3%82%AA%E3%83%BC%E3%82%B1%E3%83%BC%E3%83%87%E3%82%B6%E3%82%A4%E3%83%B3/data=!4m7!3m6!1s0x601ed75536e2912d:0xeaa774ab20f04936!8m2!3d36.1598746!4d139.3187104!16s%2Fg%2F1v_sn9tn!19sChIJLZHiNlXXHmARNknwIKt0p-o?authuser=0&hl=ja&rclk=1,熊谷市,熊谷市 SEO対策会社
デザインオフィス マックス,https://www.dmacs.net/,熊谷市 肥塚１２１５−５,070-7658-7192,https://www.google.com/maps/place/%E3%83%87%E3%82%B6%E3%82%A4%E3%83%B3%E3%82%AA%E3%83%95%E3%82%A3%E3%82%B9+%E3%83%9E%E3%83%83%E3%82%AF%E3%82%B9/data=!4m7!3m6!1s0x601f29521678a687:0xc8bc646cb42cb165!8m2!3d36.1645803!4d139.3884229!16s%2Fg%2F11fnsz78z0!19sChIJh6Z4FlIpH2ARZbEstGxkvMg?authuser=0&hl=ja&rclk=1,熊谷市,熊谷市 SEO対策会社
社会保険労務士おがわオフィス,https://www.sharo-ogawa.com/,熊谷市 美土里町２丁目１２６,070-3794-0798,https://www.google.com/maps/place/%E7%A4%BE%E4%BC%9A%E4%BF%9D%E9%99%BA%E5%8A%B4%E5%8B%99%E5%A3%AB%E3%81%8A%E3%81%8C%E3%82%8F%E3%82%AA%E3%83%95%E3%82%A3%E3%82%B9/data=!4m7!3m6!1s0x601ed91aa15c1bb9:0x23477f04d59bcc55!8m2!3d36.1691004!4d139.3151364!16s%2Fg%2F11vwdx510h!19sChIJuRtcoRrZHmARVcyb1QR_RyM?authuser=0&hl=ja&rclk=1,熊谷市,熊谷市 SEO対策会社
アミカレッジ,http://www.amicollege.co.jp/,熊谷市 上之７１９ アイエス熊谷ビル,048-501-2626,https://www.google.com/maps/place/%E3%82%A2%E3%83%9F%E3%82%AB%E3%83%AC%E3%83%83%E3%82%B8/data=!4m7!3m6!1s0x601f29aa7259617d:0x74e4e1ffcdac55cb!8m2!3d36.158437!4d139.4054138!16s%2Fg%2F1hc41g74k!19sChIJfWFZcqopH2ARy1Wszf_h5HQ?authuser=0&hl=ja&rclk=1,熊谷市,熊谷市 ホームページ集客支援
熊谷市役所,http://www.city.kumagaya.lg.jp/,熊谷市 宮町２丁目４７−１,048-524-1111,https://www.google.com/maps/place/%E7%86%8A%E8%B0%B7%E5%B8%82%E5%BD%B9%E6%89%80/data=!4m7!3m6!1s0x601f29b70faabbe9:0xb449c72aa7e0e8c5!8m2!3d36.1471881!4d139.3888433!16s%2Fg%2F1hc1gs1n8!19sChIJ6buqD7cpH2ARxejgpyrHSbQ?authuser=0&hl=ja&rclk=1,熊谷市,熊谷市 ホームページ集客支援
カウニスクッカ,https://kauniskukka.com/,,,https://www.google.com/maps/place/%E3%82%AB%E3%82%A6%E3%83%8B%E3%82%B9%E3%82%AF%E3%83%83%E3%82%AB/data=!4m7!3m6!1s0x2f1469bfeeaa36db:0x28607da89fac078!8m2!3d35.8999437!4d139.4678663!16s%2Fg%2F11sh4_3jfb!19sChIJ2zaq7r9pFC8ReMD6idoHhgI?authuser=0&hl=ja&rclk=1,川越市,川越市 SEO対策会社
株式会社ネット集客ラボ,https://netlab.works/,船橋市 080-3090-8122,080-3090-8122,https://www.google.com/maps/place/%E6%A0%AA%E5%BC%8F%E4%BC%9A%E7%A4%BE%E3%83%8D%E3%83%83%E3%83%88%E9%9B%86%E5%AE%A2%E3%83%A9%E3%83%9C/data=!4m7!3m6!1s0x42d4e95f8ddfe179:0x7f2a5cba76045372!8m2!3d35.7316826!4d140.0141989!16s%2Fg%2F11yr041443!19sChIJeeHfjV_p1EIRclMEdrpcKn8?authuser=0&hl=ja&rclk=1,船橋市,船橋市 SEO対策会社
株式会社マップ,http://mapro.co.jp/,船橋市 本町２丁目１１−２４ 増橋ビル 2F,047-434-7611,https://www.google.com/maps/place/%E6%A0%AA%E5%BC%8F%E4%BC%9A%E7%A4%BE%E3%83%9E%E3%83%83%E3%83%97/data=!4m7!3m6!1s0x60187fd5ea3c588b:0x385eb1a5f03b8f05!8m2!3d35.6975569!4d139.9818313!16s%2Fg%2F11srd35kw_!19sChIJi1g86tV_GGARBY878KWxXjg?authuser=0&hl=ja&rclk=1,船橋市,船橋市 SEO対策会社
ネクストイノベーション株式会社,https://nextinnovation-inc.com/,千葉市 新宿２丁目３−５ 新宿ミハマビル 5F,03-5656-9772,https://www.google.com/maps/place/%E3%83%8D%E3%82%AF%E3%82%B9%E3%83%88%E3%82%A4%E3%83%8E%E3%83%99%E3%83%BC%E3%82%B7%E3%83%A7%E3%83%B3%E6%A0%AA%E5%BC%8F%E4%BC%9A%E7%A4%BE/data=!4m7!3m6!1s0x602284b3f2276e57:0x84fd256acceb1ecf!8m2!3d35.6081527!4d140.1158272!16s%2Fg%2F11c5_1x7fz!19sChIJV24n8rOEImARzx7rzGol_YQ?authuser=0&hl=ja&rclk=1,千葉市,千葉市 SEO対策会社
HONEYdesign株式会社,https://honeydesign.net/,千葉市 本町３丁目６−１０ メイプルハウス 101号室,0120-965-828,https://www.google.com/maps/place/HONEYdesign%E6%A0%AA%E5%BC%8F%E4%BC%9A%E7%A4%BE/data=!4m7!3m6!1s0x60229b15ee94df83:0x7abdaaa1764660a4!8m2!3d35.6065537!4d140.1260604!16s%2Fg%2F11fnd12hqm!19sChIJg9-U7hWbImARpGBGdqGqvXo?authuser=0&hl=ja&rclk=1,千葉市,千葉市 SEO対策会社
アバウトネット株式会社 千葉オフィス,https://aboutnet88.com/chiba/,千葉市 中瀬１丁目６ m BAY POINT幕張 低層 棟2F,0120-202-376,https://www.google.com/maps/place/%E3%82%A2%E3%83%90%E3%82%A6%E3%83%88%E3%83%8D%E3%83%83%E3%83%88%E6%A0%AA%E5%BC%8F%E4%BC%9A%E7%A4%BE+%E5%8D%83%E8%91%89%E3%82%AA%E3%83%95%E3%82%A3%E3%82%B9/data=!4m7!3m6!1s0x6022814cf64a4e23:0xd30508a4dd90f2e5!8m2!3d35.6527967!4d140.0391412!16s%2Fg%2F11xt9y9x38!19sChIJI05K9kyBImAR5fKQ3aQIBdM?authuser=0&hl=ja&rclk=1,千葉市,千葉市 SEO対策会社
AssistBOX／店舗開業支援・WEBデザイン,https://www.ab-chiba.com/,千葉市 園生町５２６−５ 403,070-9262-3381,https://www.google.com/maps/place/AssistBOX%EF%BC%8F%E5%BA%97%E8%88%97%E9%96%8B%E6%A5%AD%E6%94%AF%E6%8F%B4%E3%83%BBWEB%E3%83%87%E3%82%B6%E3%82%A4%E3%83%B3/data=!4m7!3m6!1s0x21fc90065c927d79:0x7cac473ad634e106!8m2!3d35.6473994!4d140.1156221!16s%2Fg%2F11yc64zg7_!19sChIJeX2SXAaQ_CERBuE01jpHrHw?authuser=0&hl=ja&rclk=1,千葉市,千葉市 ホームページ集客支援
ホームページ制作 アイスペース,https://ispace-net.com/,千葉市 中央区２６−２６ 白旗3-26-7-203 ホームページ制作アイスペース,050-5375-6060,https://www.google.com/maps/place/%E3%83%9B%E3%83%BC%E3%83%A0%E3%83%9A%E3%83%BC%E3%82%B8%E5%88%B6%E4%BD%9C+%E3%82%A2%E3%82%A4%E3%82%B9%E3%83%9A%E3%83%BC%E3%82%B9/data=!4m7!3m6!1s0x60229b0175d4388d:0x311774ae515b6a0e!8m2!3d35.5805636!4d140.1394148!16s%2Fg%2F1ptz942rt!19sChIJjTjUdQGbImARDmpbUa50FzE?authuser=0&hl=ja&rclk=1,千葉市,千葉市 ホームページ集客支援
ツージーデザイン,https://web.2-g-design.com/,千葉市 富士見２丁目７−９ 富士見ビル 609号,043-400-0203,https://www.google.com/maps/place/%E3%83%84%E3%83%BC%E3%82%B8%E3%83%BC%E3%83%87%E3%82%B6%E3%82%A4%E3%83%B3/data=!4m7!3m6!1s0x60228141c8c42c4d:0x9a81d6f8f1bff263!8m2!3d35.6104236!4d140.1178414!16s%2Fg%2F11j8_5j3zr!19sChIJTSzEyEGBImARY_K_8fjWgZo?authuser=0&hl=ja&rclk=1,千葉市,千葉市 ホームページ集客支援
株式会社ウェッピー,https://weppy.design/,千葉市 中央２丁目５−１ ７階 LABO,,https://www.google.com/maps/place/%E6%A0%AA%E5%BC%8F%E4%BC%9A%E7%A4%BE%E3%82%A6%E3%82%A7%E3%83%83%E3%83%94%E3%83%BC/data=!4m7!3m6!1s0x602283b1e3b01bd1:0x1bfc27d6d1e89473!8m2!3d35.6097033!4d140.1219481!16s%2Fg%2F11vqhprwcx!19sChIJ0Ruw47GDImARc5To0dYn_Bs?authuser=0&hl=ja&rclk=1,千葉市,千葉市 ホームページ集客支援
アイシープ,https://i-sheep.jp/,横浜市 山下町１３２−２,,https://www.google.com/maps/place/%E3%82%A2%E3%82%A4%E3%82%B7%E3%83%BC%E3%83%97/data=!4m7!3m6!1s0x60185ce39bb8d263:0x3a18847792be50cc!8m2!3d35.4421817!4d139.6460783!16s%2Fg%2F11f04wsjvv!19sChIJY9K4m-NcGGARzFC-kneEGDo?authuser=0&hl=ja&rclk=1,横浜市,横浜市 ホームページ集客支援
株式会社システナ 川崎デザインスタジオ,https://www.systena.co.jp/,川崎市 日進町1−１４ ＪＭＦビル川崎01 5F,044-201-4912,https://www.google.com/maps/place/%E6%A0%AA%E5%BC%8F%E4%BC%9A%E7%A4%BE%E3%82%B7%E3%82%B9%E3%83%86%E3%83%8A+%E5%B7%9D%E5%B4%8E%E3%83%87%E3%82%B6%E3%82%A4%E3%83%B3%E3%82%B9%E3%82%BF%E3%82%B8%E3%82%AA/data=!4m7!3m6!1s0x60186177ac8d2beb:0x11271c7f36b25de8!8m2!3d35.5291859!4d139.6958465!16s%2Fg%2F11j8z20kkk!19sChIJ6yuNrHdhGGAR6F2yNn8cJxE?authuser=0&hl=ja&rclk=1,川崎市,川崎市 SEO対策会社
ホームページコンサルタント永友事務所,https://8-8-8.jp/,藤沢市 藤沢９７２−１−１２０９,0466-25-8351,https://www.google.com/maps/place/%E3%83%9B%E3%83%BC%E3%83%A0%E3%83%9A%E3%83%BC%E3%82%B8%E3%82%B3%E3%83%B3%E3%82%B5%E3%83%AB%E3%82%BF%E3%83%B3%E3%83%88%E6%B0%B8%E5%8F%8B%E4%BA%8B%E5%8B%99%E6%89%80/data=!4m7!3m6!1s0x60184e33c44ad137:0x2740dc911752b5b6!8m2!3d35.3394558!4d139.4831076!16s%2Fg%2F1xfsnq7w!19sChIJN9FKxDNOGGARtrVSF5HcQCc?authuser=0&hl=ja&rclk=1,藤沢市,藤沢市 SEO対策会社
株式会社Catch the Web,https://catch-the-web.com/,藤沢市 湘南台１丁目７−９ フォーレ湘南台 5階,0466-21-8884,https://www.google.com/maps/place/%E6%A0%AA%E5%BC%8F%E4%BC%9A%E7%A4%BECatch+the+Web/data=!4m7!3m6!1s0x60185114ef487e51:0x74d704838cae8754!8m2!3d35.3980251!4d139.4685865!16s%2Fg%2F1th0y9m9!19sChIJUX5I7xRRGGARVIeujIME13Q?authuser=0&hl=ja&rclk=1,藤沢市,藤沢市 SEO対策会社
＠ＷＥＢ屋 シルフィード,https://sylpheed.biz/,藤沢市 本藤沢６丁目１４−４,080-3753-5068,https://www.google.com/maps/place/%EF%BC%A0%EF%BC%B7%EF%BC%A5%EF%BC%A2%E5%B1%8B+%E3%82%B7%E3%83%AB%E3%83%95%E3%82%A3%E3%83%BC%E3%83%89/data=!4m7!3m6!1s0x60185141d49bbccd:0x523846071fcb6abb!8m2!3d35.3587083!4d139.4729368!16s%2Fg%2F12q4t7v_s!19sChIJzbyb1EFRGGARu2rLHwdGOFI?authuser=0&hl=ja&rclk=1,藤沢市,藤沢市 SEO対策会社
S-CreateGarage│ホームページ制作＆保守運用 | 藤沢市、湘南地域,https://www.s-creategarage.com/,,,https://www.google.com/maps/place/S-CreateGarage%E2%94%82%E3%83%9B%E3%83%BC%E3%83%A0%E3%83%9A%E3%83%BC%E3%82%B8%E5%88%B6%E4%BD%9C%EF%BC%86%E4%BF%9D%E5%AE%88%E9%81%8B%E7%94%A8+%7C+%E8%97%A4%E6%B2%A2%E5%B8%82%E3%80%81%E6%B9%98%E5%8D%97%E5%9C%B0%E5%9F%9F/data=!4m7!3m6!1s0x1ee02c140c67a4f:0x50cbe66667a4ddbe!8m2!3d28.1607645!4d145.0282385!16s%2Fg%2F11yhrkch54!19sChIJT3rGQMEC7gERvt2kZ2bmy1A?authuser=0&hl=ja&rclk=1,藤沢市,藤沢市 ホームページ集客支援
出張お片付けサービスGoodwave,https://goodwave.work/,藤沢市 鵠沼石上２丁目５−１ 湘南鵠沼 BLD3階C号室,0120-545-918,https://www.google.com/maps/place/%E5%87%BA%E5%BC%B5%E3%81%8A%E7%89%87%E4%BB%98%E3%81%91%E3%82%B5%E3%83%BC%E3%83%93%E3%82%B9Goodwave/data=!4m7!3m6!1s0xadeda5f81d3c56b3:0xffef90b13afdda74!8m2!3d35.3344867!4d139.4876634!16s%2Fg%2F11ykvn5771!19sChIJs1Y8Hfil7a0RdNr9OrGQ7_8?authuser=0&hl=ja&rclk=1,藤沢市,藤沢市 ホームページ集客支援
はるこHP制作,https://haruko-31.com/,,,https://www.google.com/maps/place/%E3%81%AF%E3%82%8B%E3%81%93HP%E5%88%B6%E4%BD%9C/data=!4m7!3m6!1s0x601903086123e7cf:0x82d5f8fe9f86d3ae!8m2!3d32.9998961!4d138.4293072!16s%2Fg%2F11l29x_749!19sChIJz-cjYQgDGWARrtOGn_741YI?authuser=0&hl=ja&rclk=1,相模原市,相模原市 ホームページ集客支援
株式会社KLEE,https://kleedesign.jp/,静岡市 常磐町３丁目６−２ ２Ｆ,054-266-3663,https://www.google.com/maps/place/%E6%A0%AA%E5%BC%8F%E4%BC%9A%E7%A4%BEKLEE/data=!4m7!3m6!1s0x601a49f528372a25:0x32d1bf5ce382b8b4!8m2!3d34.969931!4d138.3793554!16s%2Fg%2F1wj_62ph!19sChIJJSo3KPVJGmARtLiC41y_0TI?authuser=0&hl=ja&rclk=1,静岡市,静岡市 SEO対策会社
株式会社ジェイ・エスト ShizuokaBASE,https://www.j-est.net/,静岡市 七間町５−８,054-204-0534,https://www.google.com/maps/place/%E6%A0%AA%E5%BC%8F%E4%BC%9A%E7%A4%BE%E3%82%B8%E3%82%A7%E3%82%A4%E3%83%BB%E3%82%A8%E3%82%B9%E3%83%88+ShizuokaBASE/data=!4m7!3m6!1s0x601a4bf595fc85b7:0x15a7d985c0c1201f!8m2!3d34.9736749!4d138.3812472!16s%2Fg%2F11qh88ylnf!19sChIJt4X8lfVLGmARHyDBwIXZpxU?authuser=0&hl=ja&rclk=1,静岡市,静岡市 SEO対策会社
エスクリエイト,http://www.s-cre.com/,静岡市 辻１丁目７−９,054-361-3311,https://www.google.com/maps/place/%E3%82%A8%E3%82%B9%E3%82%AF%E3%83%AA%E3%82%A8%E3%82%A4%E3%83%88/data=!4m7!3m6!1s0x601a33f711540ca3:0x6d72fb0d4e7e342f!8m2!3d35.0274288!4d138.4882517!16s%2Fg%2F1tcx1l6t!19sChIJowxUEfczGmARLzR-Tg37cm0?authuser=0&hl=ja&rclk=1,静岡市,静岡市 SEO対策会社
株式会社hub（ハブ）,https://hubinc.jp/,静岡市 人宿町１丁目１−１０,050-3706-5948,https://www.google.com/maps/place/%E6%A0%AA%E5%BC%8F%E4%BC%9A%E7%A4%BEhub%EF%BC%88%E3%83%8F%E3%83%96%EF%BC%89/data=!4m7!3m6!1s0x601a4bb23b53f529:0x68f473d2b393dc00!8m2!3d34.9735997!4d138.3801454!16s%2Fg%2F11t_swmw0p!19sChIJKfVTO7JLGmARANyTs9Jz9Gg?authuser=0&hl=ja&rclk=1,静岡市,静岡市 ホームページ集客支援
ジオデザイン,http://www.geodesign.in/,浜松市 中央２丁目４−２２ サザン・ビル １F,053-528-7561,https://www.google.com/maps/place/%E3%82%B8%E3%82%AA%E3%83%87%E3%82%B6%E3%82%A4%E3%83%B3/data=!4m7!3m6!1s0x601ade493e2a0ec3:0x321dd93f89257f3d!8m2!3d34.7104294!4d137.7406613!16s%2Fg%2F1hf42wpkt!19sChIJww4qPkneGmARPX8liT_ZHTI?authuser=0&hl=ja&rclk=1,浜松市,浜松市 SEO対策会社
MP,https://www.mpcreative.jp/,浜松市 鴨江３丁目２−７,053-453-8141,https://www.google.com/maps/place/MP/data=!4m7!3m6!1s0x601adeeee6820201:0xa1c4c5c0851baec8!8m2!3d34.7057249!4d137.7163263!16s%2Fg%2F1tlbjmp_!19sChIJAQKC5u7eGmARyK4bhcDFxKE?authuser=0&hl=ja&rclk=1,浜松市,浜松市 SEO対策会社
株式会社Relation,https://relation-movie.com/,岡崎市 大門５丁目19番地4,080-6964-8523,https://www.google.com/maps/place/%E6%A0%AA%E5%BC%8F%E4%BC%9A%E7%A4%BERelation/data=!4m7!3m6!1s0x6004a32642193347:0xdf187a01bf304d58!8m2!3d34.9846044!4d137.151105!16s%2Fg%2F11x27pzfp6!19sChIJRzMZQiajBGARWE0wvwF6GN8?authuser=0&hl=ja&rclk=1,岡崎市,岡崎市 SEO対策会社
GUUMA DESIGN,https://guuma.design/,岡崎市 赤渋町下河原１８−１,0564-74-1326,https://www.google.com/maps/place/GUUMA+DESIGN/data=!4m7!3m6!1s0x6004bd625cb066d5:0x1948a4212be6896e!8m2!3d34.9267987!4d137.1377749!16s%2Fg%2F11bw475814!19sChIJ1WawXGK9BGARbonmKyGkSBk?authuser=0&hl=ja&rclk=1,岡崎市,岡崎市 SEO対策会社
ホームぺージ安くレンタル,https://www.hp-yr.com/,岡崎市 樫山町八ツ田３３−１ 株式会社ストラテジック内,0564-85-0055,https://www.google.com/maps/place/%E3%83%9B%E3%83%BC%E3%83%A0%E3%81%BA%E3%83%BC%E3%82%B8%E5%AE%89%E3%81%8F%E3%83%AC%E3%83%B3%E3%82%BF%E3%83%AB/data=!4m7!3m6!1s0x6004b9d34877996d:0x8468cdd2f92f9274!8m2!3d34.9183596!4d137.2883799!16s%2Fg%2F11pkhp7lh1!19sChIJbZl3SNO5BGARdJIv-dLNaIQ?authuser=0&hl=ja&rclk=1,岡崎市,岡崎市 ホームページ集客支援
有限会社KBデザイン,https://kb-design.jp/,津市 久居元町２０３０,059-254-4370,https://www.google.com/maps/place/%E6%9C%89%E9%99%90%E4%BC%9A%E7%A4%BEKB%E3%83%87%E3%82%B6%E3%82%A4%E3%83%B3/data=!4m7!3m6!1s0x60040d9a6cfc1f77:0x114842338132ed8e!8m2!3d34.6681676!4d136.466609!16s%2Fg%2F11f1q66byj!19sChIJdx_8bJoNBGARju0ygTNCSBE?authuser=0&hl=ja&rclk=1,津市,津市 SEO対策会社
うろぼろす,https://uroborosu.com/,津市 安濃町川西１２７３−２,,https://www.google.com/maps/place/%E3%81%86%E3%82%8D%E3%81%BC%E3%82%8D%E3%81%99/data=!4m7!3m6!1s0x60040cc9260a9981:0x6a24e363d33cd981!8m2!3d34.7579043!4d136.4476968!16s%2Fg%2F11fy9hbbn_!19sChIJgZkKJskMBGARgdk802PjJGo?authuser=0&hl=ja&rclk=1,津市,津市 SEO対策会社
プライドワンコーポレーション,http://salonshukyaku.com/,津市 東丸之内１６−２４,059-253-5077,https://www.google.com/maps/place/%E3%83%97%E3%83%A9%E3%82%A4%E3%83%89%E3%83%AF%E3%83%B3%E3%82%B3%E3%83%BC%E3%83%9D%E3%83%AC%E3%83%BC%E3%82%B7%E3%83%A7%E3%83%B3/data=!4m7!3m6!1s0x60040cd47cedada5:0xc5755e663f2bb158!8m2!3d34.7165374!4d136.5136465!16s%2Fg%2F11h1rbp41k!19sChIJpa3tfNQMBGARWLErP2ZedcU?authuser=0&hl=ja&rclk=1,津市,津市 ホームページ集客支援
株式会社ジット,http://z-it.jp/,津市 岩田１４−７,,https://www.google.com/maps/place/%E6%A0%AA%E5%BC%8F%E4%BC%9A%E7%A4%BE%E3%82%B8%E3%83%83%E3%83%88/data=!4m7!3m6!1s0x60040cd785555555:0x3f82c7c111354c9a!8m2!3d34.7113562!4d136.5072046!16s%2Fg%2F11sv87qt5s!19sChIJVVVVhdcMBGARmkw1EcHHgj8?authuser=0&hl=ja&rclk=1,津市,津市 ホームページ集客支援
株式会社 三重の会社 カラフル,http://colorful25.com/,津市 一志町田尻３４６−５３,0120-718-825,https://www.google.com/maps/place/%E6%A0%AA%E5%BC%8F%E4%BC%9A%E7%A4%BE+%E4%B8%89%E9%87%8D%E3%81%AE%E4%BC%9A%E7%A4%BE+%E3%82%AB%E3%83%A9%E3%83%95%E3%83%AB/data=!4m7!3m6!1s0x60040e6b4bfabbaf:0x8257b1764fea1d8b!8m2!3d34.6549286!4d136.4239457!16s%2Fg%2F11gmcdznt2!19sChIJr7v6S2sOBGARix3qT3axV4I?authuser=0&hl=ja&rclk=1,津市,津市 ホームページ集客支援
株式会社地域サポート・KAPPA,http://rs-kappa.net/,津市 南が丘２丁目１２−５,059-253-8759,https://www.google.com/maps/place/%E6%A0%AA%E5%BC%8F%E4%BC%9A%E7%A4%BE%E5%9C%B0%E5%9F%9F%E3%82%B5%E3%83%9D%E3%83%BC%E3%83%88%E3%83%BBKAPPA/data=!4m7!3m6!1s0x60040d3c39215555:0x3fc31612c38eb776!8m2!3d34.6940517!4d136.5002786!16s%2Fg%2F11ryr2ntkc!19sChIJVVUhOTwNBGARdreOwxIWwz8?authuser=0&hl=ja&rclk=1,津市,津市 ホームページ集客支援
株式会社STAND UP,https://standup.design/,大津市 大萱１丁目７−３,077-544-3566,https://www.google.com/maps/place/%E6%A0%AA%E5%BC%8F%E4%BC%9A%E7%A4%BESTAND+UP/data=!4m7!3m6!1s0x600173e1c3073303:0xddadff7a56d6ab9b!8m2!3d34.9846032!4d135.9243647!16s%2Fg%2F11mb0g293m!19sChIJAzMHw-FzAWARm6vWVnr_rd0?authuser=0&hl=ja&rclk=1,大津市,大津市 SEO対策会社
株式会社 Piic,https://piic.co.jp/,大津市 雄琴３丁目２−３８ 2F,050-8893-8670,https://www.google.com/maps/place/%E6%A0%AA%E5%BC%8F%E4%BC%9A%E7%A4%BE+Piic/data=!4m7!3m6!1s0x600175bae7553a71:0x48a3321a707f2d36!8m2!3d35.0964014!4d135.9011415!16s%2Fg%2F11tsn0qzv3!19sChIJcTpV57p1AWARNi1_cBoyo0g?authuser=0&hl=ja&rclk=1,大津市,大津市 SEO対策会社
株式会社ロックウェーブ,https://www.aiship.jp/,大津市 逢坂１丁目１−1番1 プエルタ大津 1F,0120-173-163,https://www.google.com/maps/place/%E6%A0%AA%E5%BC%8F%E4%BC%9A%E7%A4%BE%E3%83%AD%E3%83%83%E3%82%AF%E3%82%A6%E3%82%A7%E3%83%BC%E3%83%96/data=!4m7!3m6!1s0x60010d208d7e88fb:0x9718b8814519b937!8m2!3d35.0025907!4d135.8649703!16s%2Fg%2F1v44dw9p!19sChIJ-4h-jSANAWARN7kZRYG4GJc?authuser=0&hl=ja&rclk=1,大津市,大津市 SEO対策会社
株式会社 晴々屋,https://harebareya.jp/,大津市 打出浜２−１ BizBaseコラボ21,077-599-4661,https://www.google.com/maps/place/%E6%A0%AA%E5%BC%8F%E4%BC%9A%E7%A4%BE+%E6%99%B4%E3%80%85%E5%B1%8B/data=!4m7!3m6!1s0x60010aca199cd787:0xed3433e840ccbcd0!8m2!3d35.0065801!4d135.8755307!16s%2Fg%2F1ts2_53w!19sChIJh9ecGcoKAWAR0LzMQOgzNO0?authuser=0&hl=ja&rclk=1,大津市,大津市 SEO対策会社
株式会社オズ・リンク,https://ozlink.co.jp/,京都市 蛸薬師下る手洗水町651-1 第14長谷ビル6F,075-334-8562,https://www.google.com/maps/place/%E6%A0%AA%E5%BC%8F%E4%BC%9A%E7%A4%BE%E3%82%AA%E3%82%BA%E3%83%BB%E3%83%AA%E3%83%B3%E3%82%AF/data=!4m7!3m6!1s0x600108830327bcf9:0x587aafd52cd15535!8m2!3d35.0058623!4d135.7593935!16s%2Fg%2F11bxf3rvlb!19sChIJ-bwnA4MIAWARNVXRLNWvelg?authuser=0&hl=ja&rclk=1,京都市,京都市 SEO対策会社
SEODESIGN 株式会社,http://www.seo-design.jp/,京都市 椹木町通烏丸西入養安町２４２−１,075-257-3661,https://www.google.com/maps/place/SEODESIGN+%E6%A0%AA%E5%BC%8F%E4%BC%9A%E7%A4%BE/data=!4m7!3m6!1s0x600108879db9397b:0x2fafe06163e97f57!8m2!3d35.018621!4d135.7590166!16s%2Fg%2F1tdcw_gz!19sChIJezm5nYcIAWARV3_pY2Hgry8?authuser=0&hl=ja&rclk=1,京都市,京都市 SEO対策会社
株式会社ドラマ,https://drama.co.jp/,京都市 朱雀正会町1番地1,075-585-5352,https://www.google.com/maps/place/%E6%A0%AA%E5%BC%8F%E4%BC%9A%E7%A4%BE%E3%83%89%E3%83%A9%E3%83%9E/data=!4m7!3m6!1s0x60010e10ce16c95b:0x19fd743919939f47!8m2!3d34.9893363!4d135.7433514!16s%2Fg%2F11cn8y915l!19sChIJW8kWzhAOAWARR5-TGTl0_Rk?authuser=0&hl=ja&rclk=1,京都市,京都市 SEO対策会社
株式会社メディアインパクト,https://www.mediaimpact.co.jp/,京都市 甲斐守町９７ 2F,075-406-1349,https://www.google.com/maps/place/%E6%A0%AA%E5%BC%8F%E4%BC%9A%E7%A4%BE%E3%83%A1%E3%83%87%E3%82%A3%E3%82%A2%E3%82%A4%E3%83%B3%E3%83%91%E3%82%AF%E3%83%88/data=!4m7!3m6!1s0x60010876358172a5:0xdf92be212ccb0b20!8m2!3d35.0248989!4d135.7533519!16s%2Fg%2F1hc3vfmkq!19sChIJpXKBNXYIAWARIAvLLCG-kt8?authuser=0&hl=ja&rclk=1,京都市,京都市 SEO対策会社
有限会社パースアシスタント,http://www.tsurukame.net/,京都市 太秦垂箕山町１１−２,075-872-4060,https://www.google.com/maps/place/%E6%9C%89%E9%99%90%E4%BC%9A%E7%A4%BE%E3%83%91%E3%83%BC%E3%82%B9%E3%82%A2%E3%82%B7%E3%82%B9%E3%82%BF%E3%83%B3%E3%83%88/data=!4m7!3m6!1s0x600107660968fda7:0xcb23a1cb0d454a57!8m2!3d35.0161276!4d135.6997726!16s%2Fg%2F1tghph10!19sChIJp_1oCWYHAWARV0pFDcuhI8s?authuser=0&hl=ja&rclk=1,京都市,京都市 SEO対策会社
ホームページ制作,https://www.nexus-hld.co.jp/,京都市 笹屋町４３６ 永和御池ビル 606号,075-600-2673,https://www.google.com/maps/place/%E3%83%9B%E3%83%BC%E3%83%A0%E3%83%9A%E3%83%BC%E3%82%B8%E5%88%B6%E4%BD%9C/data=!4m7!3m6!1s0x60010994d6da8d29:0xe98630aaafe8d3dd!8m2!3d35.0105249!4d135.7613356!16s%2Fg%2F11y2n1nvzf!19sChIJKY3a1pQJAWAR3dPor6owhuk?authuser=0&hl=ja&rclk=1,京都市,京都市 ホームページ集客支援
Kitchen-Lab KACOM,https://www.kacom.net/,奈良市 学園南３丁目２−１１,090-1965-3903,https://www.google.com/maps/place/Kitchen-Lab+KACOM/data=!4m7!3m6!1s0x6001230300470f25:0xf4e816c2076d1b03!8m2!3d34.6936998!4d135.7515169!16s%2Fg%2F11rsb1q2hx!19sChIJJQ9HAAMjAWARAxttB8IW6PQ?authuser=0&hl=ja&rclk=1,奈良市,奈良市 ホームページ集客支援
キステム,http://www.kistem.com/,奈良市 高天町１０−１ T.T.ビル 4階,0742-22-1731,https://www.google.com/maps/place/%E3%82%AD%E3%82%B9%E3%83%86%E3%83%A0/data=!4m7!3m6!1s0x60013a29423e3b27:0x406ea487d0cc8908!8m2!3d34.6847016!4d135.8263353!16s%2Fg%2F1td0myfn!19sChIJJzs-Qik6AWARCInM0IekbkA?authuser=0&hl=ja&rclk=1,奈良市,奈良市 ホームページ集客支援
WEBコンサル,https://re-fect.net/,和歌山市 布施屋８４５,090-2012-3757,https://www.google.com/maps/place/WEB%E3%82%B3%E3%83%B3%E3%82%B5%E3%83%AB/data=!4m7!3m6!1s0x60074be9f3edcc3b:0x403ae5a9819e3ffc!8m2!3d34.2433836!4d135.2555403!16s%2Fg%2F11z3cf7gkn!19sChIJO8zt8-lLB2AR_D-eganlOkA?authuser=0&hl=ja&rclk=1,和歌山市,和歌山市 SEO対策会社
株式会社ウェスタナ,https://www.westana.co.jp/,神戸市 向洋町中６丁目９ 神戸ファッションマート 7F,078-891-6922,https://www.google.com/maps/place/%E6%A0%AA%E5%BC%8F%E4%BC%9A%E7%A4%BE%E3%82%A6%E3%82%A7%E3%82%B9%E3%82%BF%E3%83%8A/data=!4m7!3m6!1s0x60008d9d96ee97f1:0xf0820657374f1f6b!8m2!3d34.6891397!4d135.2681585!16s%2Fg%2F11yw9n4s7q!19sChIJ8Zfulp2NAGARax9PN1cGgvA?authuser=0&hl=ja&rclk=1,神戸市,神戸市 SEO対策会社
nextcircle,https://next-circle.com/,神戸市 岩屋中町５丁目２−２９,080-7092-4895,https://www.google.com/maps/place/nextcircle/data=!4m7!3m6!1s0x3554e102582d0e2d:0x678c03ffa405d2d0!8m2!3d34.7033644!4d135.2170454!16s%2Fg%2F11shhmltw6!19sChIJLQ4tWALhVDUR0NIFpP8DjGc?authuser=0&hl=ja&rclk=1,神戸市,神戸市 SEO対策会社
神戸市片付けレスキュー,https://rescue-am.com/,神戸市 磯辺１丁目１−１８ カサベラ国際ビル 707,078-939-7315,https://www.google.com/maps/place/%E7%A5%9E%E6%88%B8%E5%B8%82%E7%89%87%E4%BB%98%E3%81%91%E3%83%AC%E3%82%B9%E3%82%AD%E3%83%A5%E3%83%BC/data=!4m7!3m6!1s0x2fcd12ddbdba58ef:0xcda1b15a6279b7df!8m2!3d34.6904661!4d135.2001324!16s%2Fg%2F11yzrcd789!19sChIJ71i6vd0SzS8R37d5Ylqxoc0?authuser=0&hl=ja&rclk=1,神戸市,神戸市 ホームページ集客支援
兵庫姫路ホームページ作成 I-D WEB DESIGN,https://id-webdesign.ise-daisuke.com/,姫路市 080-8943-9202,080-8943-9202,https://www.google.com/maps/place/%E5%85%B5%E5%BA%AB%E5%A7%AB%E8%B7%AF%E3%83%9B%E3%83%BC%E3%83%A0%E3%83%9A%E3%83%BC%E3%82%B8%E4%BD%9C%E6%88%90+I-D+WEB+DESIGN/data=!4m7!3m6!1s0x240faf7790f83c11:0x755a3eb77fef0d!8m2!3d32.9998961!4d138.4293072!16s%2Fg%2F11ylxt1009!19sChIJETz4kHevDyQRDe9_tz5adQA?authuser=0&hl=ja&rclk=1,姫路市,姫路市 SEO対策会社
Deebo,https://www.deebo.co.jp/,姫路市 六角４２３−３,080-3848-1133,https://www.google.com/maps/place/Deebo/data=!4m7!3m6!1s0x35551fc2090abbf3:0xce6fbcb9b3a8556c!8m2!3d34.8829064!4d134.6382098!16s%2Fg%2F11rvbj34r5!19sChIJ87sKCcIfVTURbFWos7m8b84?authuser=0&hl=ja&rclk=1,姫路市,姫路市 SEO対策会社
起業プラザひょうご姫路,https://kip-himeji.biz/,姫路市 本町127 番地 大手前ダイネンBLD.II 3 階,079-287-8686,https://www.google.com/maps/place/%E8%B5%B7%E6%A5%AD%E3%83%97%E3%83%A9%E3%82%B6%E3%81%B2%E3%82%87%E3%81%86%E3%81%94%E5%A7%AB%E8%B7%AF/data=!4m7!3m6!1s0x3554e15f4b9ff6d9:0x8baab77c5916f61b!8m2!3d34.832517!4d134.6915014!16s%2Fg%2F11jttn6gjn!19sChIJ2fafS1_hVDURG_YWWXy3qos?authuser=0&hl=ja&rclk=1,姫路市,姫路市 ホームページ集客支援
株式会社エクシード 岡山営業所,https://www.exeed.biz/,岡山市 下石井２丁目１０−１２ 杜の街グレースオフィススクエア 7F,086-232-7011,https://www.google.com/maps/place/%E6%A0%AA%E5%BC%8F%E4%BC%9A%E7%A4%BE%E3%82%A8%E3%82%AF%E3%82%B7%E3%83%BC%E3%83%89+%E5%B2%A1%E5%B1%B1%E5%96%B6%E6%A5%AD%E6%89%80/data=!4m7!3m6!1s0x3554070d6c6a1d23:0xe6448592f7db6565!8m2!3d34.6577487!4d133.9186272!16s%2Fg%2F11l32_1h88!19sChIJIx1qbA0HVDURZWXb95KFROY?authuser=0&hl=ja&rclk=1,岡山市,岡山市 ホームページ集客支援
EB Hiroshima Mobile,https://www.eastbridge.co.jp/,"広島市 WAKO広島駅前ビル, 401, １-３ 京橋町",082-546-9805,https://www.google.com/maps/place/EB+Hiroshima+Mobile/data=!4m7!3m6!1s0x355a9f39def29bb7:0xd197374bfea9fade!8m2!3d34.3947392!4d132.4730359!16s%2Fg%2F11y0tbr_yz!19sChIJt5vy3jmfWjUR3vqp_ks3l9E?authuser=0&hl=ja&rclk=1,広島市,広島市 ホームページ集客支援
合同会社デジタルボーイ 山口オフィス,https://bigdata-analytics.jp/,山口市 大内長野１９１９−１,050-8893-6771,https://www.google.com/maps/place/%E5%90%88%E5%90%8C%E4%BC%9A%E7%A4%BE%E3%83%87%E3%82%B8%E3%82%BF%E3%83%AB%E3%83%9C%E3%83%BC%E3%82%A4+%E5%B1%B1%E5%8F%A3%E3%82%AA%E3%83%95%E3%82%A3%E3%82%B9/data=!4m7!3m6!1s0x3544974b25f37cb9:0x170ec11cddf8754f!8m2!3d34.15879!4d131.5084475!16s%2Fg%2F11wn62slnz!19sChIJuXzzJUuXRDURT3X43RzBDhc?authuser=0&hl=ja&rclk=1,山口市,山口市 SEO対策会社
香川県高松市のホームページ制作スライム,https://xn--eckyb2g8a.jp/,高松市 神在川窪町２１６−１,070-3791-5336,https://www.google.com/maps/place/%E9%A6%99%E5%B7%9D%E7%9C%8C%E9%AB%98%E6%9D%BE%E5%B8%82%E3%81%AE%E3%83%9B%E3%83%BC%E3%83%A0%E3%83%9A%E3%83%BC%E3%82%B8%E5%88%B6%E4%BD%9C%E3%82%B9%E3%83%A9%E3%82%A4%E3%83%A0/data=!4m7!3m6!1s0x2a7f437448064fa3:0x6baf2bc623b2013b!8m2!3d34.3570783!4d133.9824943!16s%2Fg%2F11nj2cb230!19sChIJo08GSHRDfyoROwGyI8Yrr2s?authuser=0&hl=ja&rclk=1,高松市,高松市 SEO対策会社
株式会社タケダ AI導入支援事業部,https://web.takedaz.co.jp/,高松市 木太町１１４７−１,087-868-6688,https://www.google.com/maps/place/%E6%A0%AA%E5%BC%8F%E4%BC%9A%E7%A4%BE%E3%82%BF%E3%82%B1%E3%83%80+AI%E5%B0%8E%E5%85%A5%E6%94%AF%E6%8F%B4%E4%BA%8B%E6%A5%AD%E9%83%A8/data=!4m7!3m6!1s0x3553ebf987f58017:0x2432af65e5d0092d!8m2!3d34.3218571!4d134.068779!16s%2Fg%2F11vk3vjyrf!19sChIJF4D1h_nrUzURLQnQ5WWvMiQ?authuser=0&hl=ja&rclk=1,高松市,高松市 SEO対策会社
しごと計画学校 高松校,https://school.e-arpa.jp/,高松市 今里町２丁目１１−１７,087-834-3901,https://www.google.com/maps/place/%E3%81%97%E3%81%94%E3%81%A8%E8%A8%88%E7%94%BB%E5%AD%A6%E6%A0%A1+%E9%AB%98%E6%9D%BE%E6%A0%A1/data=!4m7!3m6!1s0x3553eba4ee5bcaf5:0x5fbbb7162b351d02!8m2!3d34.3245717!4d134.0639509!16s%2Fg%2F11h_6rrs1k!19sChIJ9cpb7qTrUzURAh01Kxa3u18?authuser=0&hl=ja&rclk=1,高松市,高松市 ホームページ集客支援
ホームページ作成,https://spica.co.jp/,松山市 山越１丁目２−２７ ２０２号,089-994-6460,https://www.google.com/maps/place/%E3%83%9B%E3%83%BC%E3%83%A0%E3%83%9A%E3%83%BC%E3%82%B8%E4%BD%9C%E6%88%90/data=!4m7!3m6!1s0x354fe5b168e7646d:0x887ff1a06e163549!8m2!3d33.8573107!4d132.7571345!16s%2Fg%2F11mdn_4xcr!19sChIJbWTnaLHlTzURSTUWbqDxf4g?authuser=0&hl=ja&rclk=1,松山市,松山市 ホームページ集客支援
クルービジョン株式会社,https://www.crew-vision.co.jp/,高知市 稲荷町7−２１−４０３,088-881-7907,https://www.google.com/maps/place/%E3%82%AF%E3%83%AB%E3%83%BC%E3%83%93%E3%82%B8%E3%83%A7%E3%83%B3%E6%A0%AA%E5%BC%8F%E4%BC%9A%E7%A4%BE/data=!4m7!3m6!1s0x354e19b0043ae93b:0x49a0660d300bc330!8m2!3d33.5547011!4d133.5603768!16s%2Fg%2F11q3cp2p39!19sChIJO-k6BLAZTjURMMMLMA1moEk?authuser=0&hl=ja&rclk=1,高知市,高知市 SEO対策会社
株式会社カミノバ・バサラ,http://www.basara-web.com/,高知市 北本町１丁目１０−３１,088-854-7010,https://www.google.com/maps/place/%E6%A0%AA%E5%BC%8F%E4%BC%9A%E7%A4%BE%E3%82%AB%E3%83%9F%E3%83%8E%E3%83%90%E3%83%BB%E3%83%90%E3%82%B5%E3%83%A9/data=!4m7!3m6!1s0x354e1eccbce26b1b:0x497baa85d3526862!8m2!3d33.5664736!4d133.5398148!16s%2Fg%2F1tfwmryr!19sChIJG2vivMweTjURYmhS04Wqe0k?authuser=0&hl=ja&rclk=1,高知市,高知市 SEO対策会社
企業支援コンサルティング株式会社,https://www.cloudkyujin.com/,高知市 新本町２丁目５−１４,0120-926-629,https://www.google.com/maps/place/%E4%BC%81%E6%A5%AD%E6%94%AF%E6%8F%B4%E3%82%B3%E3%83%B3%E3%82%B5%E3%83%AB%E3%83%86%E3%82%A3%E3%83%B3%E3%82%B0%E6%A0%AA%E5%BC%8F%E4%BC%9A%E7%A4%BE/data=!4m7!3m6!1s0x354e19d7a6b27623:0xecc1293acf924f6f!8m2!3d33.5685865!4d133.5467485!16s%2Fg%2F11p7402127!19sChIJI3ayptcZTjURb0-Szzopwew?authuser=0&hl=ja&rclk=1,高知市,高知市 SEO対策会社
STAY GOLD 北九州の起業・集客コンサルタント,https://st-gold.jp/,北九州市 長尾４丁目２７,090-5949-5588,https://www.google.com/maps/place/STAY+GOLD+%E5%8C%97%E4%B9%9D%E5%B7%9E%E3%81%AE%E8%B5%B7%E6%A5%AD%E3%83%BB%E9%9B%86%E5%AE%A2%E3%82%B3%E3%83%B3%E3%82%B5%E3%83%AB%E3%82%BF%E3%83%B3%E3%83%88/data=!4m7!3m6!1s0x3543c7a46988dc59:0xa26b4a5deee884b7!8m2!3d33.8224489!4d130.8557369!16s%2Fg%2F11ngxrz0m2!19sChIJWdyIaaTHQzURt4To7l1Ka6I?authuser=0&hl=ja&rclk=1,北九州市,北九州市 SEO対策会社
株式会社 ＳＥＯ,https://www.sasaeai-k.com/,北九州市 東篠崎１丁目４−１ ＴＡＫＡビル片野,,https://www.google.com/maps/place/%E6%A0%AA%E5%BC%8F%E4%BC%9A%E7%A4%BE+%EF%BC%B3%EF%BC%A5%EF%BC%AF/data=!4m7!3m6!1s0x3543c19b5e3e2903:0x1e6f1f13cd03d776!8m2!3d33.8666851!4d130.8795587!16s%2Fg%2F11j1lyzv35!19sChIJAyk-XpvBQzURdtcDzRMfbx4?authuser=0&hl=ja&rclk=1,北九州市,北九州市 SEO対策会社
株式会社スゴヨク 福岡本社,https://sugoyoku.com/,福岡市 舞鶴１丁目８−３９ 3F,0120-102-106,https://www.google.com/maps/place/%E6%A0%AA%E5%BC%8F%E4%BC%9A%E7%A4%BE%E3%82%B9%E3%82%B4%E3%83%A8%E3%82%AF+%E7%A6%8F%E5%B2%A1%E6%9C%AC%E7%A4%BE/data=!4m7!3m6!1s0x354184375882cdc1:0x49bf871d85e5c671!8m2!3d33.5929105!4d130.3948326!16s%2Fg%2F11bx82gp2l!19sChIJwc2CWDeEQTURccblhR2Hv0k?authuser=0&hl=ja&rclk=1,福岡市,福岡市 SEO対策会社
セブンアイズ,http://7eyese.com/,福岡市 赤坂３丁目４−３１,090-2518-4196,https://www.google.com/maps/place/%E3%82%BB%E3%83%96%E3%83%B3%E3%82%A2%E3%82%A4%E3%82%BA/data=!4m7!3m6!1s0x354193fc0f230da3:0x3499fcd7de6337f6!8m2!3d33.582682!4d130.384036!16s%2Fg%2F11g_x66hd7!19sChIJow0jD_yTQTUR9jdj3tf8mTQ?authuser=0&hl=ja&rclk=1,福岡市,福岡市 SEO対策会社
合同会社フィット (SHIN-FIT),https://hp-seisaku.fukuoka.jp/,福岡市 博多駅南４丁目１−３０ ロフティ博多駅ウエルス 401号室,092-481-1080,https://www.google.com/maps/place/%E5%90%88%E5%90%8C%E4%BC%9A%E7%A4%BE%E3%83%95%E3%82%A3%E3%83%83%E3%83%88+%28SHIN-FIT%29/data=!4m7!3m6!1s0x354191b4616f2f37:0x4fc0b3782a72ab53!8m2!3d33.5822915!4d130.4285117!16s%2Fg%2F1tfbqnm0!19sChIJNy9vYbSRQTURU6tyKnizwE8?authuser=0&hl=ja&rclk=1,福岡市,福岡市 ホームページ集客支援
ＧＬＡＤＮＩＮＥ,https://gladnine.jp/otoiawase,久留米市 国分町１１０６−２９,090-4582-9950,https://www.google.com/maps/place/%EF%BC%A7%EF%BC%AC%EF%BC%A1%EF%BC%A4%EF%BC%AE%EF%BC%A9%EF%BC%AE%EF%BC%A5/data=!4m7!3m6!1s0x3541a5b7107e76e3:0x3114926d81c14e26!8m2!3d33.2943563!4d130.5329213!16s%2Fg%2F11f54r14t_!19sChIJ43Z-ELelQTURJk7BgW2SFDE?authuser=0&hl=ja&rclk=1,久留米市,久留米市 SEO対策会社
DSSコンサルティング,https://consulting-office.biz/,長崎市 樺島町9−３２−２０４,090-3662-7846,https://www.google.com/maps/place/DSS%E3%82%B3%E3%83%B3%E3%82%B5%E3%83%AB%E3%83%86%E3%82%A3%E3%83%B3%E3%82%B0/data=!4m7!3m6!1s0x3515533e90808ec9:0x4373d916a4914ed!8m2!3d32.7472013!4d129.8739951!16s%2Fg%2F11t5_9xbhf!19sChIJyY6AkD5TFTUR7RRJapE9NwQ?authuser=0&hl=ja&rclk=1,長崎市,長崎市 SEO対策会社
AI電脳助人長崎株式会社,https://aipc.co.jp/,長崎市 柳谷町２６−４,095-815-8417,https://www.google.com/maps/place/AI%E9%9B%BB%E8%84%B3%E5%8A%A9%E4%BA%BA%E9%95%B7%E5%B4%8E%E6%A0%AA%E5%BC%8F%E4%BC%9A%E7%A4%BE/data=!4m7!3m6!1s0x356aad1ec561edc5:0x4febdc5bac7eaee1!8m2!3d32.7929207!4d129.8534141!16s%2Fg%2F11ggz48885!19sChIJxe1hxR6tajUR4a5-rFvc608?authuser=0&hl=ja&rclk=1,長崎市,長崎市 SEO対策会社
長崎のデジタルワークセットアップ,https://setup-n.com/,長崎市 油木町２−１６,095-865-8493,https://www.google.com/maps/place/%E9%95%B7%E5%B4%8E%E3%81%AE%E3%83%87%E3%82%B8%E3%82%BF%E3%83%AB%E3%83%AF%E3%83%BC%E3%82%AF%E3%82%BB%E3%83%83%E3%83%88%E3%82%A2%E3%83%83%E3%83%97/data=!4m7!3m6!1s0x356aad1776ffaee1:0x9cf8c847a8366a5f!8m2!3d32.7780772!4d129.8585503!16s%2Fg%2F11fthg2b8q!19sChIJ4a7_dhetajURX2o2qEfI-Jw?authuser=0&hl=ja&rclk=1,長崎市,長崎市 SEO対策会社
合同会社Assist 長崎営業所,https://assist-ngs.com/,長崎市 中園町２１−２３ 中村ビル 202号,095-800-1748,https://www.google.com/maps/place/%E5%90%88%E5%90%8C%E4%BC%9A%E7%A4%BEAssist+%E9%95%B7%E5%B4%8E%E5%96%B6%E6%A5%AD%E6%89%80/data=!4m7!3m6!1s0x356aad002d740519:0x959ae8637e089ff8!8m2!3d32.7937004!4d129.8574165!16s%2Fg%2F11vm7dm3tr!19sChIJGQV0LQCtajUR-J8IfmPompU?authuser=0&hl=ja&rclk=1,長崎市,長崎市 ホームページ集客支援
Rapid Grow,https://rapidgrow541402970.wordpress.com/,熊本市 白藤２丁目３−８１,080-2701-0371,https://www.google.com/maps/place/Rapid+Grow/data=!4m7!3m6!1s0x35408bd3e3ba1739:0xd3020bdc51e8dc71!8m2!3d32.7493785!4d130.6812837!16s%2Fg%2F11q_085nf5!19sChIJORe649OLQDURcdzoUdwLAtM?authuser=0&hl=ja&rclk=1,熊本市,熊本市 SEO対策会社
株式会社PLEASURE,https://m-pleasure.com/,熊本市 健軍本町２２−１１,096-288-7190,https://www.google.com/maps/place/%E6%A0%AA%E5%BC%8F%E4%BC%9A%E7%A4%BEPLEASURE/data=!4m7!3m6!1s0x3540f232e1268185:0x4f9cca5e1a6483c4!8m2!3d32.7880605!4d130.7578443!16s%2Fg%2F11fd56bf3s!19sChIJhYEm4TLyQDURxINkGl7KnE8?authuser=0&hl=ja&rclk=1,熊本市,熊本市 ホームページ集客支援
テコハブ株式会社,https://teco-hub.com/,熊本市 迎町１丁目４−１４ 石橋ビル 202,096-240-3217,https://www.google.com/maps/place/%E3%83%86%E3%82%B3%E3%83%8F%E3%83%96%E6%A0%AA%E5%BC%8F%E4%BC%9A%E7%A4%BE/data=!4m7!3m6!1s0x3540f391f05d9909:0x7f1e13b0ca741e43!8m2!3d32.7915759!4d130.7020472!16s%2Fg%2F11gy68bjph!19sChIJCZld8JHzQDURQx50yrATHn8?authuser=0&hl=ja&rclk=1,熊本市,熊本市 ホームページ集客支援
ほり中小企業診断士事務所,https://www.hori-rmc-office.com/,大分市 末広町１丁目５−１６ ユナイテッド末広ビル 3F,050-1726-5793,https://www.google.com/maps/place/%E3%81%BB%E3%82%8A%E4%B8%AD%E5%B0%8F%E4%BC%81%E6%A5%AD%E8%A8%BA%E6%96%AD%E5%A3%AB%E4%BA%8B%E5%8B%99%E6%89%80/data=!4m7!3m6!1s0x354698b7799c3379:0x335d993dfecc56ba!8m2!3d33.2352859!4d131.6054823!16s%2Fg%2F11ddzyvmbf!19sChIJeTOcebeYRjURulbM_j2ZXTM?authuser=0&hl=ja&rclk=1,大分市,大分市 SEO対策会社
ムビサポQ - シェアードクリエイション株式会社,https://movie-support.jp/,大分市 金池南１丁目１０−２７ 金池木村ビル 1F,097-574-5252,https://www.google.com/maps/place/%E3%83%A0%E3%83%93%E3%82%B5%E3%83%9DQ+-+%E3%82%B7%E3%82%A7%E3%82%A2%E3%83%BC%E3%83%89%E3%82%AF%E3%83%AA%E3%82%A8%E3%82%A4%E3%82%B7%E3%83%A7%E3%83%B3%E6%A0%AA%E5%BC%8F%E4%BC%9A%E7%A4%BE/data=!4m7!3m6!1s0x35469f9f38290b07:0xd294b6a84876427f!8m2!3d33.2287292!4d131.6070061!16s%2Fg%2F11p00c49t5!19sChIJBwspOJ-fRjURf0J2SKi2lNI?authuser=0&hl=ja&rclk=1,大分市,大分市 ホームページ集客支援
株式会社まなびと,https://manabito.biz/,宮崎市 橘通東４丁目９−３,0985-71-2605,https://www.google.com/maps/place/%E6%A0%AA%E5%BC%8F%E4%BC%9A%E7%A4%BE%E3%81%BE%E3%81%AA%E3%81%B3%E3%81%A8/data=!4m7!3m6!1s0x3538b7c73abedf53:0x1e3b13cc6b1915a5!8m2!3d31.9178224!4d131.4253073!16s%2Fg%2F11h3fqxqgh!19sChIJU9--Ose3ODURpRUZa8wTOx4?authuser=0&hl=ja&rclk=1,宮崎市,宮崎市 SEO対策会社
株式会社エフオーアール,https://for-i.com/,宮崎市 神宮東３丁目１−２ 神宮ステーションビル 1F,0985-83-0815,https://www.google.com/maps/place/%E6%A0%AA%E5%BC%8F%E4%BC%9A%E7%A4%BE%E3%82%A8%E3%83%95%E3%82%AA%E3%83%BC%E3%82%A2%E3%83%BC%E3%83%AB/data=!4m7!3m6!1s0x3538b0b23bca0e85:0xe1bd5133135d3e6!8m2!3d31.9363222!4d131.4295385!16s%2Fg%2F11dxnnml37!19sChIJhQ7KO7KwODUR5tM1MRPVGw4?authuser=0&hl=ja&rclk=1,宮崎市,宮崎市 SEO対策会社
株式会社レッドキリン 宮崎サテライトオフィス,http://miyazaki.redkirin.co.jp/,宮崎市 橘通西３丁目１０−10番32号 宮崎ナナイロ東館 8階 ATOMica内,092-726-5550,https://www.google.com/maps/place/%E6%A0%AA%E5%BC%8F%E4%BC%9A%E7%A4%BE%E3%83%AC%E3%83%83%E3%83%89%E3%82%AD%E3%83%AA%E3%83%B3+%E5%AE%AE%E5%B4%8E%E3%82%B5%E3%83%86%E3%83%A9%E3%82%A4%E3%83%88%E3%82%AA%E3%83%95%E3%82%A3%E3%82%B9/data=!4m7!3m6!1s0x3538b711b6c1c857:0xd039287b37c362e3!8m2!3d31.9160404!4d131.4227653!16s%2Fg%2F11dx9fzpny!19sChIJV8jBthG3ODUR42LDN3soOdA?authuser=0&hl=ja&rclk=1,宮崎市,宮崎市 ホームページ集客支援
株式会社シイツウ,https://www.c2-inc.com/,鹿児島市 下荒田１丁目１−２０ そうごビル,099-297-5711,https://www.google.com/maps/place/%E6%A0%AA%E5%BC%8F%E4%BC%9A%E7%A4%BE%E3%82%B7%E3%82%A4%E3%83%84%E3%82%A6/data=!4m7!3m6!1s0x353e60b326fa6441:0xf8b53b62e45775d0!8m2!3d31.57931!4d130.5542535!16s%2Fg%2F1tp0bfft!19sChIJQWT6JrNgPjUR0HVX5GI7tfg?authuser=0&hl=ja&rclk=1,鹿児島市,鹿児島市 SEO対策会社
株式会社STUDIO K,https://studiok-co.jp/,鹿児島市 中央町１４−９ 三森ビル 302,099-203-0477,https://www.google.com/maps/place/%E6%A0%AA%E5%BC%8F%E4%BC%9A%E7%A4%BESTUDIO+K/data=!4m7!3m6!1s0x353e674e48131ff9:0xe04eaf79d15547c!8m2!3d31.583574!4d130.546359!16s%2Fg%2F11f_1bv980!19sChIJ-R8TSE5nPjURfFQVnffqBA4?authuser=0&hl=ja&rclk=1,鹿児島市,鹿児島市 SEO対策会社
集客天道 〜Lady Beetles 〜,http://ladybeetles.info/,鹿児島市 平之町６−５ イズミビル 503,080-6444-8856,https://www.google.com/maps/place/%E9%9B%86%E5%AE%A2%E5%A4%A9%E9%81%93+%E3%80%9CLady+Beetles+%E3%80%9C/data=!4m7!3m6!1s0x353e67cbb0f1a12b:0x10f2ccfeb794c386!8m2!3d31.5912663!4d130.5454355!16s%2Fg%2F11fwvrvtf5!19sChIJK6HxsMtnPjURhsOUt_7M8hA?authuser=0&hl=ja&rclk=1,鹿児島市,鹿児島市 ホームページ集客支援
沖縄SEO対策センター,http://www.okinawaseo.jp/,那覇市 若狭２丁目２０−９,090-7270-2968,https://www.google.com/maps/place/%E6%B2%96%E7%B8%84SEO%E5%AF%BE%E7%AD%96%E3%82%BB%E3%83%B3%E3%82%BF%E3%83%BC/data=!4m7!3m6!1s0x34e569846e290521:0x8bc6b52449722f4f!8m2!3d26.222378!4d127.675231!16s%2Fg%2F11f24wsy8h!19sChIJIQUpboRp5TQRTy9ySSS1xos?authuser=0&hl=ja&rclk=1,那覇市,那覇市 SEO対策会社
沖縄MEOサポート TOGO,https://actyufed.gensparkspace.com/,那覇市 安謝６１９−１１ シャトーグロワール,090-6367-7324,https://www.google.com/maps/place/%E6%B2%96%E7%B8%84MEO%E3%82%B5%E3%83%9D%E3%83%BC%E3%83%88+TOGO/data=!4m7!3m6!1s0x34e56b86282c5e4d:0xc8b52b3a0d930fad!8m2!3d26.2392044!4d127.6954227!16s%2Fg%2F11n432l6tp!19sChIJTV4sKIZr5TQRrQ-TDTortcg?authuser=0&hl=ja&rclk=1,那覇市,那覇市 SEO対策会社
沖縄ホームページ制作,http://xn--yck7ccu3lc7455c30ebl3e4owb.com/,那覇市 曙１丁目１６−３６,,https://www.google.com/maps/place/%E6%B2%96%E7%B8%84%E3%83%9B%E3%83%BC%E3%83%A0%E3%83%9A%E3%83%BC%E3%82%B8%E5%88%B6%E4%BD%9C/data=!4m7!3m6!1s0x34e56bcd54452215:0xa755e4fc1d4acb5b!8m2!3d26.2374606!4d127.6813734!16s%2Fg%2F1hc1y2jwn!19sChIJFSJFVM1r5TQRW8tKHfzkVac?authuser=0&hl=ja&rclk=1,那覇市,那覇市 SEO対策会社
ワマル㈱,https://wamaru8.com/,札幌市 南１条西４丁目13番地 日之出ビル 6階 ピクシー株式会社内,011-522-7681,https://www.google.com/maps/place/%E3%83%AF%E3%83%9E%E3%83%AB%E3%88%B1/data=!4m7!3m6!1s0x5f0b29760c6848a7:0x5b20635717d7f751!8m2!3d43.0593263!4d141.3520512!16s%2Fg%2F11dftc1r39!19sChIJp0hoDHYpC18RUffXF1djIFs?authuser=0&hl=ja&rclk=1,札幌市,札幌市 Webコンサルティング会社
コモノ㈱,https://commono.co.jp/,札幌市 北４条西１７丁目１−１１ 吉田ビル,011-215-8660,https://www.google.com/maps/place/%E3%82%B3%E3%83%A2%E3%83%8E%E3%88%B1/data=!4m7!3m6!1s0x5f0b29bc53b3c091:0xea09afc736ac1f0!8m2!3d43.062943!4d141.3292687!16s%2Fg%2F11c67tv_x_!19sChIJkcCzU7wpC18R8MFqc_yaoA4?authuser=0&hl=ja&rclk=1,札幌市,札幌市 Webコンサルティング会社
人にやさしいクリエイション,https://hitoniyasashii.com/,札幌市 011-600-0174,011-600-0174,https://www.google.com/maps/place/%E4%BA%BA%E3%81%AB%E3%82%84%E3%81%95%E3%81%97%E3%81%84%E3%82%AF%E3%83%AA%E3%82%A8%E3%82%A4%E3%82%B7%E3%83%A7%E3%83%B3/data=!4m7!3m6!1s0x5f0b29e72e223e11:0xe1f147bcb5288b71!8m2!3d42.9961379!4d141.4535288!16s%2Fg%2F11x16_cj6z!19sChIJET4iLucpC18RcYsotbxH8eE?authuser=0&hl=ja&rclk=1,札幌市,札幌市 Webコンサルティング会社
AK DESIGN STUDIO｜札幌ホームページ制作,https://ak-designstudio.com/,札幌市 本通４丁目南７−１９ 左側,090-9434-3039,https://www.google.com/maps/place/AK+DESIGN+STUDIO%EF%BD%9C%E6%9C%AD%E5%B9%8C%E3%83%9B%E3%83%BC%E3%83%A0%E3%83%9A%E3%83%BC%E3%82%B8%E5%88%B6%E4%BD%9C/data=!4m7!3m6!1s0x5f0b2bc2def0a527:0xcfac3211b54de2d0!8m2!3d43.0473234!4d141.4097783!16s%2Fg%2F11smv764vt!19sChIJJ6Xw3sIrC18R0OJNtREyrM8?authuser=0&hl=ja&rclk=1,札幌市,札幌市 Webコンサルティング会社
㈱イースト･デイリー,https://www.east-daily.jp/,札幌市 北１条西９丁目3−１ 南大通ビルN1 N1,011-208-1351,https://www.google.com/maps/place/%E3%88%B1%E3%82%A4%E3%83%BC%E3%82%B9%E3%83%88%EF%BD%A5%E3%83%87%E3%82%A4%E3%83%AA%E3%83%BC/data=!4m7!3m6!1s0x5f0b299fba22b99f:0xbe0942f27101534d!8m2!3d43.0605888!4d141.3427711!16s%2Fg%2F1tdlv1tz!19sChIJn7kiup8pC18RTVMBcfJCCb4?authuser=0&hl=ja&rclk=1,札幌市,札幌市 リスティング広告運用会社
㈱創文,http://www.soubunn.co.jp/,札幌市 南１条西４丁目 日之出ビル 7F,011-200-8611,https://www.google.com/maps/place/%E3%88%B1%E5%89%B5%E6%96%87/data=!4m7!3m6!1s0x5f0b2975e89db0bf:0xc8e65814b520384f!8m2!3d43.0591233!4d141.3521086!16s%2Fg%2F1tdbf6s7!19sChIJv7Cd6HUpC18RTzggtRRY5sg?authuser=0&hl=ja&rclk=1,札幌市,札幌市 リスティング広告運用会社
㈱InnoBell｜広告代理店,https://innobell.co.jp/,札幌市 北３条西７丁目１−１ SAKURA-N3(SKY-OFFICE) J室,,https://www.google.com/maps/place/%E3%88%B1InnoBell%EF%BD%9C%E5%BA%83%E5%91%8A%E4%BB%A3%E7%90%86%E5%BA%97/data=!4m7!3m6!1s0x5f0b29fe1203580d:0x15e3e8d1f880eb99!8m2!3d43.0639064!4d141.3452656!16s%2Fg%2F11xn5z0pz3!19sChIJDVgDEv4pC18RmeuA-NHo4xU?authuser=0&hl=ja&rclk=1,札幌市,札幌市 リスティング広告運用会社
札幌広告㈱,http://clean.ihin-recycle.jp/,札幌市 西野７条９丁目１１−１１,011-213-7735,https://www.google.com/maps/place/%E6%9C%AD%E5%B9%8C%E5%BA%83%E5%91%8A%E3%88%B1/data=!4m7!3m6!1s0x5f0b28207f222c49:0xf0b8856ff93fde53!8m2!3d43.0725105!4d141.261791!16s%2Fg%2F11btrsc05f!19sChIJSSwifyAoC18RU94_-W-FuPA?authuser=0&hl=ja&rclk=1,札幌市,札幌市 リスティング広告運用会社
株式会社フロンティア 仙台オフィス,https://frontier-w.co.jp/,仙台市 本町２丁目２−３ 鹿島広業ビル 12F,022-797-8618,https://www.google.com/maps/place/%E6%A0%AA%E5%BC%8F%E4%BC%9A%E7%A4%BE%E3%83%95%E3%83%AD%E3%83%B3%E3%83%86%E3%82%A3%E3%82%A2+%E4%BB%99%E5%8F%B0%E3%82%AA%E3%83%95%E3%82%A3%E3%82%B9/data=!4m7!3m6!1s0x5f8a29730f05a067:0x5b162db076e6ba02!8m2!3d38.2631433!4d140.8763087!16s%2Fg%2F11z31knfmn!19sChIJZ6AFD3Mpil8RArrmdrAtFls?authuser=0&hl=ja&rclk=1,仙台市,仙台市 Webコンサルティング会社
ヒューレックス㈱ 仙台本社（転職エージェント）,https://www.hurex.jp/,"仙台市 中央１丁目３−１ Aer, 17階",0120-141-150,https://www.google.com/maps/place/%E3%83%92%E3%83%A5%E3%83%BC%E3%83%AC%E3%83%83%E3%82%AF%E3%82%B9%E3%88%B1+%E4%BB%99%E5%8F%B0%E6%9C%AC%E7%A4%BE%EF%BC%88%E8%BB%A2%E8%81%B7%E3%82%A8%E3%83%BC%E3%82%B8%E3%82%A7%E3%83%B3%E3%83%88%EF%BC%89/data=!4m7!3m6!1s0x5f8a28222c148811:0x217b381abbc0c313!8m2!3d38.2625085!4d140.8815304!16s%2Fg%2F1td1v7wc!19sChIJEYgULCIoil8RE8PAuxo4eyE?authuser=0&hl=ja&rclk=1,仙台市,仙台市 Webコンサルティング会社
㈱アイエムシー,https://i-m-c.co.jp/ad/listing_sendai/,仙台市 子平町１０−２,022-728-9974,https://www.google.com/maps/place/%E3%88%B1%E3%82%A2%E3%82%A4%E3%82%A8%E3%83%A0%E3%82%B7%E3%83%BC/data=!4m7!3m6!1s0x5f8a29c535c51d65:0xbd98ab6a3e57fcb1!8m2!3d38.2764222!4d140.8499139!16s%2Fg%2F11hblbddkh!19sChIJZR3FNcUpil8RsfxXPmqrmL0?authuser=0&hl=ja&rclk=1,仙台市,仙台市 リスティング広告運用会社
㈱第一プランニング,https://d1p.jp/,仙台市 中央４丁目１−２６ ４F,022-217-8080,https://www.google.com/maps/place/%E3%88%B1%E7%AC%AC%E4%B8%80%E3%83%97%E3%83%A9%E3%83%B3%E3%83%8B%E3%83%B3%E3%82%B0/data=!4m7!3m6!1s0x5f8a2815ed9cf0eb:0xecb7fa47869ecae4!8m2!3d38.2583662!4d140.8798568!16s%2Fg%2F1tfdynv3!19sChIJ6_Cc7RUoil8R5Mqehkf6t-w?authuser=0&hl=ja&rclk=1,仙台市,仙台市 リスティング広告運用会社
株式会社アイビーウィル,https://ibwill.com/,新潟市 神道寺南２丁目７−４３,025-385-7770,https://www.google.com/maps/place/%E6%A0%AA%E5%BC%8F%E4%BC%9A%E7%A4%BE%E3%82%A2%E3%82%A4%E3%83%93%E3%83%BC%E3%82%A6%E3%82%A3%E3%83%AB/data=!4m7!3m6!1s0x5ff4c93cb66d7f3f:0x4a37bf4fdbc0a577!8m2!3d37.8944904!4d139.0578508!16s%2Fg%2F11t_hs_v85!19sChIJP39ttjzJ9F8Rd6XA20-_N0o?authuser=0&hl=ja&rclk=1,新潟市,新潟市 Webコンサルティング会社
株式会社広伸,http://ad-koushin.co.jp/,新潟市 山木戸４丁目７−３,025-384-8144,https://www.google.com/maps/place/%28%E6%A0%AA%29%E5%BA%83%E4%BC%B8/data=!4m7!3m6!1s0x5ff4c84c8b448037:0xa379471301ad69c0!8m2!3d37.9218249!4d139.0839519!16s%2Fg%2F1tfc1w0v!19sChIJN4BEi0zI9F8RwGmtARNHeaM?authuser=0&hl=ja&rclk=1,新潟市,新潟市 リスティング広告運用会社
コラボ株式会社,https://www.collabo.link/,金沢市 横川７丁目２６ 2F,076-287-0026,https://www.google.com/maps/place/%E3%82%B3%E3%83%A9%E3%83%9C%E6%A0%AA%E5%BC%8F%E4%BC%9A%E7%A4%BE/data=!4m7!3m6!1s0x5ff8354c4f71a545:0xfb34468a211f9496!8m2!3d36.5425387!4d136.6248278!16s%2Fg%2F11pfcdfj83!19sChIJRaVxT0w1-F8RlpQfIYpGNPs?authuser=0&hl=ja&rclk=1,金沢市,金沢市 Webコンサルティング会社
シナジーコンサルティング株式会社,http://synergy-consul.com/,金沢市 幸町２３−23番地1 シナジービル,,https://www.google.com/maps/place/%E3%82%B7%E3%83%8A%E3%82%B8%E3%83%BC%E3%82%B3%E3%83%B3%E3%82%B5%E3%83%AB%E3%83%86%E3%82%A3%E3%83%B3%E3%82%B0%E6%A0%AA%E5%BC%8F%E4%BC%9A%E7%A4%BE/data=!4m7!3m6!1s0x5ff83470a499ba23:0xe2a8fd84c4348300!8m2!3d36.5542593!4d136.656672!16s%2Fg%2F11fy1j5dpq!19sChIJI7qZpHA0-F8RAIM0xIT9qOI?authuser=0&hl=ja&rclk=1,金沢市,金沢市 Webコンサルティング会社
株式会社あおばコンサルティング 長野オフィス,https://aoba-consult.jp/,長野市 南県町 1002番5クロススクエア長野県庁前403,026-219-6077,https://www.google.com/maps/place/%E6%A0%AA%E5%BC%8F%E4%BC%9A%E7%A4%BE%E3%81%82%E3%81%8A%E3%81%B0%E3%82%B3%E3%83%B3%E3%82%B5%E3%83%AB%E3%83%86%E3%82%A3%E3%83%B3%E3%82%B0+%E9%95%B7%E9%87%8E%E3%82%AA%E3%83%95%E3%82%A3%E3%82%B9/data=!4m7!3m6!1s0x601d871a0a4568f3:0xc1eb659a9d19d60e!8m2!3d36.6496345!4d138.1822835!16s%2Fg%2F11zd5bpghy!19sChIJ82hFChqHHWARDtYZnZpl68E?authuser=0&hl=ja&rclk=1,長野市,長野市 Webコンサルティング会社
株式会社ISTコンサルティング,http://ist-c.co.jp/,長野市 西尾張部１１１５−２ BSビル 1115-2,026-259-0480,https://www.google.com/maps/place/%E6%A0%AA%E5%BC%8F%E4%BC%9A%E7%A4%BEIST%E3%82%B3%E3%83%B3%E3%82%B5%E3%83%AB%E3%83%86%E3%82%A3%E3%83%B3%E3%82%B0/data=!4m7!3m6!1s0x601d860648c4b5dd:0x677ee5004915efb5!8m2!3d36.6480318!4d138.2309026!16s%2Fg%2F11b7h47_bw!19sChIJ3bXESAaGHWARte8VSQDlfmc?authuser=0&hl=ja&rclk=1,長野市,長野市 Webコンサルティング会社
家たてる・コンサル 水戸,https://ietateru-consul.com/,水戸市 元吉田町１４７４−１ 家たてる・コンサル水戸,0120-444-306,https://www.google.com/maps/place/%E5%AE%B6%E3%81%9F%E3%81%A6%E3%82%8B%E3%83%BB%E3%82%B3%E3%83%B3%E3%82%B5%E3%83%AB+%E6%B0%B4%E6%88%B8/data=!4m7!3m6!1s0x602225e7051872b9:0x6232c12fb2e05538!8m2!3d36.3418988!4d140.4706794!16s%2Fg%2F11q97t96lh!19sChIJuXIYBeclImAROFXgsi_BMmI?authuser=0&hl=ja&rclk=1,水戸市,水戸市 Webコンサルティング会社
WEBコンサルティングのイープレス,http://www.e-press.info/,水戸市 元吉田町１−３９８−１,029-247-5945,https://www.google.com/maps/place/WEB%E3%82%B3%E3%83%B3%E3%82%B5%E3%83%AB%E3%83%86%E3%82%A3%E3%83%B3%E3%82%B0%E3%81%AE%E3%82%A4%E3%83%BC%E3%83%97%E3%83%AC%E3%82%B9/data=!4m7!3m6!1s0x602224e2eb1678c9:0xe615439b607691ac!8m2!3d36.3593167!4d140.4707969!16s%2Fg%2F11gh352x2d!19sChIJyXgW6-IkImARrJF2YJtDFeY?authuser=0&hl=ja&rclk=1,水戸市,水戸市 Webコンサルティング会社
アバウトネット㈱ 水戸オフィス,https://about-web.jp/,水戸市 泉町２丁目２−３３ 水戸泉町ビル 7階,0120-202-376,https://www.google.com/maps/place/%E3%82%A2%E3%83%90%E3%82%A6%E3%83%88%E3%83%8D%E3%83%83%E3%83%88%E3%88%B1+%E6%B0%B4%E6%88%B8%E3%82%AA%E3%83%95%E3%82%A3%E3%82%B9/data=!4m7!3m6!1s0x602225fd99392447:0x2c35cdd2a025e0f7!8m2!3d36.3787299!4d140.4628355!16s%2Fg%2F11ksp47fj4!19sChIJRyQ5mf0lImAR9-AloNLNNSw?authuser=0&hl=ja&rclk=1,水戸市,水戸市 Webコンサルティング会社
税理士法人ゼニックス・コンサルティング 茨城事務所,http://xenixconsulting-ibaraki.com/,水戸市 元山町２丁目２−３６,029-353-8862,https://www.google.com/maps/place/%E7%A8%8E%E7%90%86%E5%A3%AB%E6%B3%95%E4%BA%BA%E3%82%BC%E3%83%8B%E3%83%83%E3%82%AF%E3%82%B9%E3%83%BB%E3%82%B3%E3%83%B3%E3%82%B5%E3%83%AB%E3%83%86%E3%82%A3%E3%83%B3%E3%82%B0+%E8%8C%A8%E5%9F%8E%E4%BA%8B%E5%8B%99%E6%89%80/data=!4m7!3m6!1s0x6022251d7997c39f:0xa741d4ef0f6bb479!8m2!3d36.3779097!4d140.4511907!16s%2Fg%2F11_v5g87m!19sChIJn8OXeR0lImARebRrD-_UQac?authuser=0&hl=ja&rclk=1,水戸市,水戸市 Webコンサルティング会社
有限会社双葉広告,https://futaba-agc.com/wp/,水戸市 鯉淵町４９９,029-257-0031,https://www.google.com/maps/place/%EF%BC%88%E6%9C%89%EF%BC%89%E5%8F%8C%E8%91%89%E5%BA%83%E5%91%8A/data=!4m7!3m6!1s0x60222243fbe92e97:0xd9bc48b6f15e1247!8m2!3d36.344851!4d140.373633!16s%2Fg%2F1v6p8z7v!19sChIJly7p-0MiImARRxJe8bZIvNk?authuser=0&hl=ja&rclk=1,水戸市,水戸市 リスティング広告運用会社
㈲時の広告社,http://tokino.co.jp/,水戸市 見川５丁目３０２−１,029-241-9216,https://www.google.com/maps/place/%E3%88%B2%E6%99%82%E3%81%AE%E5%BA%83%E5%91%8A%E7%A4%BE/data=!4m7!3m6!1s0x602224768eddad1f:0x203ff80fd8742398!8m2!3d36.3681868!4d140.4338543!16s%2Fg%2F1tks6f35!19sChIJH63djnYkImARmCN02A_4PyA?authuser=0&hl=ja&rclk=1,水戸市,水戸市 リスティング広告運用会社
株式会社弘栄,http://www.koei-ad.com/,水戸市 笠原町１７１１−１４ MKビル 2F,029-305-5173,https://www.google.com/maps/place/%EF%BC%88%E6%A0%AA%EF%BC%89%E5%BC%98%E6%A0%84/data=!4m7!3m6!1s0x602224f3707f5141:0xb3d7f86fc3256099!8m2!3d36.3398573!4d140.4530412!16s%2Fg%2F1tj9tfrm!19sChIJQVF_cPMkImARmWAlw2_417M?authuser=0&hl=ja&rclk=1,水戸市,水戸市 リスティング広告運用会社
株式会社 一期コンサルティング,http://ichigo-consulting.co.jp/,宇都宮市 宿郷３丁目１６−１２ 青木ビル 2F,028-678-5978,https://www.google.com/maps/place/%E6%A0%AA%E5%BC%8F%E4%BC%9A%E7%A4%BE+%E4%B8%80%E6%9C%9F%E3%82%B3%E3%83%B3%E3%82%B5%E3%83%AB%E3%83%86%E3%82%A3%E3%83%B3%E3%82%B0/data=!4m7!3m6!1s0x601f36f90e6b71a5:0x3c4d1d3763520b05!8m2!3d36.5554704!4d139.9084624!16s%2Fg%2F11gf9kp6_7!19sChIJpXFrDvk2H2ARBQtSYzcdTTw?authuser=0&hl=ja&rclk=1,宇都宮市,宇都宮市 Webコンサルティング会社
㈱マーケットネットワーク,https://www.market-n.co.jp/,宇都宮市 西一の沢町１２−２６,028-647-0200,https://www.google.com/maps/place/%E3%88%B1%E3%83%9E%E3%83%BC%E3%82%B1%E3%83%83%E3%83%88%E3%83%8D%E3%83%83%E3%83%88%E3%83%AF%E3%83%BC%E3%82%AF/data=!4m7!3m6!1s0x601f662b498e35f1:0xe76444131ca7735d!8m2!3d36.5640927!4d139.8585678!16s%2Fg%2F1tgmwcqq!19sChIJ8TWOSStmH2ARXXOnHBNEZOc?authuser=0&hl=ja&rclk=1,宇都宮市,宇都宮市 リスティング広告運用会社
株式会社アドブレイン,http://www.ad-brain.co.jp/,宇都宮市 中央５丁目１−１ ８KAMAGAWA LIVING 1F,028-678-6831,https://www.google.com/maps/place/%E6%A0%AA%E5%BC%8F%E4%BC%9A%E7%A4%BE%E3%82%A2%E3%83%89%E3%83%96%E3%83%AC%E3%82%A4%E3%83%B3/data=!4m7!3m6!1s0x601f67a2da9c3433:0xa8d22146b56217c0!8m2!3d36.558731!4d139.8862167!16s%2Fg%2F11jp9vqx9k!19sChIJMzSc2qJnH2ARwBditUYh0qg?authuser=0&hl=ja&rclk=1,宇都宮市,宇都宮市 リスティング広告運用会社
株式会社なないろ広告社,https://www.716ad.com/,宇都宮市 江曽島町１４１５−１９,028-645-6476,https://www.google.com/maps/place/%E6%A0%AA%E5%BC%8F%E4%BC%9A%E7%A4%BE%E3%81%AA%E3%81%AA%E3%81%84%E3%82%8D%E5%BA%83%E5%91%8A%E7%A4%BE/data=!4m7!3m6!1s0x601f5d19675546e7:0x15ae4d662c0ca47e!8m2!3d36.5254829!4d139.8793926!16s%2Fg%2F11h1p5l5h1!19sChIJ50ZVZxldH2ARfqQMLGZNrhU?authuser=0&hl=ja&rclk=1,宇都宮市,宇都宮市 リスティング広告運用会社
㈱下野広告社,http://www.shimotsuke-cm.jp/,宇都宮市 本町９−１７,028-666-8123,https://www.google.com/maps/place/%E3%88%B1%E4%B8%8B%E9%87%8E%E5%BA%83%E5%91%8A%E7%A4%BE/data=!4m7!3m6!1s0x601f67ba0cb80073:0xea70a3afdb1138a4!8m2!3d36.5637732!4d139.8815718!16s%2Fg%2F1z4507v99!19sChIJcwC4DLpnH2ARpDgR26-jcOo?authuser=0&hl=ja&rclk=1,宇都宮市,宇都宮市 リスティング広告運用会社
㈱アド広宣,https://ad-kousen.deci.jp/kan_bannoado_guang_xuan/hui_she_gai_yao.html,宇都宮市 徳次郎町２２３８−２,028-665-6204,https://www.google.com/maps/place/%E3%88%B1%E3%82%A2%E3%83%89%E5%BA%83%E5%AE%A3/data=!4m7!3m6!1s0x601f6f8ee67663d5:0x8cfc1308727a3bc2!8m2!3d36.6516284!4d139.8432601!16s%2Fg%2F1vtqw5_7!19sChIJ1WN25o5vH2ARwjt6cggT_Iw?authuser=0&hl=ja&rclk=1,宇都宮市,宇都宮市 リスティング広告運用会社
株式会社YNOコンサルティング,https://ynoconsulting.com/contact/,高崎市 藤塚町５１,080-3737-7834,https://www.google.com/maps/place/%E6%A0%AA%E5%BC%8F%E4%BC%9A%E7%A4%BEYNO%E3%82%B3%E3%83%B3%E3%82%B5%E3%83%AB%E3%83%86%E3%82%A3%E3%83%B3%E3%82%B0/data=!4m7!3m6!1s0x601e8ccab6ac3c9b:0xb95ae71d052e2663!8m2!3d36.3332731!4d138.9596789!16s%2Fg%2F11p0mshcbc!19sChIJmzystsqMHmARYyYuBR3nWrk?authuser=0&hl=ja&rclk=1,高崎市,高崎市 Webコンサルティング会社
株式会社スリーエイト,http://www.888inc.jp/,高崎市 下之城町５８４−７０ 産業創造館内,027-387-0440,https://www.google.com/maps/place/%E6%A0%AA%E5%BC%8F%E4%BC%9A%E7%A4%BE%E3%82%B9%E3%83%AA%E3%83%BC%E3%82%A8%E3%82%A4%E3%83%88/data=!4m7!3m6!1s0x601e92d0f3ada4bb:0x425e41a1860f3ba!8m2!3d36.3052322!4d139.0327278!16s%2Fg%2F1jkz231zc!19sChIJu6St89CSHmARuvNgGBrkJQQ?authuser=0&hl=ja&rclk=1,高崎市,高崎市 Webコンサルティング会社
ビズクリエイト,http://biz-create.com/,高崎市 上豊岡町７４７−７,027-329-6636,https://www.google.com/maps/place/%E3%83%93%E3%82%BA%E3%82%AF%E3%83%AA%E3%82%A8%E3%82%A4%E3%83%88/data=!4m7!3m6!1s0x601e8dd3612fd455:0xf4f35d6095490a95!8m2!3d36.3420225!4d138.9661482!16s%2Fg%2F11h0blzn2!19sChIJVdQvYdONHmARlQpJlWBd8_Q?authuser=0&hl=ja&rclk=1,高崎市,高崎市 Webコンサルティング会社
上信エージェンシー株式会社,https://www.joshin-ag.com/,高崎市 鶴見町５１,027-328-6613,https://www.google.com/maps/place/%E4%B8%8A%E4%BF%A1%E3%82%A8%E3%83%BC%E3%82%B8%E3%82%A7%E3%83%B3%E3%82%B7%E3%83%BC%E6%A0%AA%E5%BC%8F%E4%BC%9A%E7%A4%BE/data=!4m7!3m6!1s0x601e928528538437:0x35fb70451c13bd7e!8m2!3d36.319812!4d139.0119378!16s%2Fg%2F1tf8t5g7!19sChIJN4RTKIWSHmARfr0THEVw-zU?authuser=0&hl=ja&rclk=1,高崎市,高崎市 リスティング広告運用会社
ヒューマンドリームズ,http://www.h-dreams.co.jp/company/index.html,高崎市 東貝沢町２丁目３０−６,027-364-1191,https://www.google.com/maps/place/%E3%83%92%E3%83%A5%E3%83%BC%E3%83%9E%E3%83%B3%E3%83%89%E3%83%AA%E3%83%BC%E3%83%A0%E3%82%BA/data=!4m7!3m6!1s0x601e8d51f115d80d:0x44dfd3efbdc36633!8m2!3d36.3446825!4d139.035841!16s%2Fg%2F11b6hszl15!19sChIJDdgV8VGNHmARM2bDve_T30Q?authuser=0&hl=ja&rclk=1,高崎市,高崎市 リスティング広告運用会社
株式会社ユナイトリンク,https://unitelink.co.jp/,高崎市 江木町１５１０−１ シロタビル 3F,027-386-3242,https://www.google.com/maps/place/%E6%A0%AA%E5%BC%8F%E4%BC%9A%E7%A4%BE%E3%83%A6%E3%83%8A%E3%82%A4%E3%83%88%E3%83%AA%E3%83%B3%E3%82%AF/data=!4m7!3m6!1s0x601e8d6510ec1329:0xcdbcd9cefd6425bd!8m2!3d36.3330575!4d139.0275493!16s%2Fg%2F11lym1b29f!19sChIJKRPsEGWNHmARvSVk_c7ZvM0?authuser=0&hl=ja&rclk=1,高崎市,高崎市 リスティング広告運用会社
フォックスコンサルティング株式会社,https://foxconsul.com/,さいたま市 北浦和３丁目１６−３,070-3343-0100,https://www.google.com/maps/place/%E3%83%95%E3%82%A9%E3%83%83%E3%82%AF%E3%82%B9%E3%82%B3%E3%83%B3%E3%82%B5%E3%83%AB%E3%83%86%E3%82%A3%E3%83%B3%E3%82%B0%E6%A0%AA%E5%BC%8F%E4%BC%9A%E7%A4%BE/data=!4m7!3m6!1s0x6b21cb9203d30747:0x727788043abc13b6!8m2!3d35.8763381!4d139.6450312!16s%2Fg%2F11z8_8xhcb!19sChIJRwfTA5LLIWsRthO8OgSId3I?authuser=0&hl=ja&rclk=1,さいたま市,さいたま市 Webコンサルティング会社
合同会社リンド/ホームページ・アプリ制作/マーケティング/SEO/MEO,https://rind.co.jp/,さいたま市 太田窪３丁目８−１１,090-9311-7179,https://www.google.com/maps/place/%E5%90%88%E5%90%8C%E4%BC%9A%E7%A4%BE%E3%83%AA%E3%83%B3%E3%83%89%2F%E3%83%9B%E3%83%BC%E3%83%A0%E3%83%9A%E3%83%BC%E3%82%B8%E3%83%BB%E3%82%A2%E3%83%97%E3%83%AA%E5%88%B6%E4%BD%9C%2F%E3%83%9E%E3%83%BC%E3%82%B1%E3%83%86%E3%82%A3%E3%83%B3%E3%82%B0%2FSEO%2FMEO/data=!4m7!3m6!1s0x6018eaa3b7c3ce11:0x1d021a91ade62448!8m2!3d35.863171!4d139.673819!16s%2Fg%2F11f_1b4yf2!19sChIJEc7Dt6PqGGARSCTmrZEaAh0?authuser=0&hl=ja&rclk=1,さいたま市,さいたま市 Webコンサルティング会社
合同会社サクセシオ,https://successio.co.jp/,さいたま市 新中里５丁目１５−１８ ライオンズマンション与野 601,080-1052-3917,https://www.google.com/maps/place/%E5%90%88%E5%90%8C%E4%BC%9A%E7%A4%BE%E3%82%B5%E3%82%AF%E3%82%BB%E3%82%B7%E3%82%AA/data=!4m7!3m6!1s0x6018c11b1d3c9d4b:0x65a4ec39a07c94d7!8m2!3d35.8801803!4d139.6361704!16s%2Fg%2F11vys5jk14!19sChIJS508HRvBGGAR15R8oDnspGU?authuser=0&hl=ja&rclk=1,さいたま市,さいたま市 Webコンサルティング会社
㈱サムライ,https://www.samurai86.net/,さいたま市 大戸５丁目２０−１,048-834-3311,https://www.google.com/maps/place/%E3%88%B1%E3%82%B5%E3%83%A0%E3%83%A9%E3%82%A4/data=!4m7!3m6!1s0x6018c1c65d1a67f3:0x865cb4d847d4ca2c!8m2!3d35.8695482!4d139.6381037!16s%2Fg%2F1tdy_zs_!19sChIJ82caXcbBGGARLMrUR9i0XIY?authuser=0&hl=ja&rclk=1,さいたま市,さいたま市 リスティング広告運用会社
株式会社エース広告 大宮店,https://ace-k18.com/,さいたま市 東町２丁目１６ クリーンビル秋谷 101,048-658-0018,https://www.google.com/maps/place/%E6%A0%AA%E5%BC%8F%E4%BC%9A%E7%A4%BE%E3%82%A8%E3%83%BC%E3%82%B9%E5%BA%83%E5%91%8A+%E5%A4%A7%E5%AE%AE%E5%BA%97/data=!4m7!3m6!1s0x6018c13fcd77410d:0x6566e5950ab8ae94!8m2!3d35.9077563!4d139.6324179!16s%2Fg%2F1tqg0bgk!19sChIJDUF3zT_BGGARlK64CpXlZmU?authuser=0&hl=ja&rclk=1,さいたま市,さいたま市 リスティング広告運用会社
新日本広告社,http://www.adomaru.com/overview.html,さいたま市 東大宮３丁目３−１０,048-664-9389,https://www.google.com/maps/place/%E6%96%B0%E6%97%A5%E6%9C%AC%E5%BA%83%E5%91%8A%E7%A4%BE/data=!4m7!3m6!1s0x6018c6f28f5a256f:0xb5d223aad9fa046!8m2!3d35.9533408!4d139.6321915!16s%2Fg%2F1v3khj9g!19sChIJbyVaj_LGGGARRqCfrToiXQs?authuser=0&hl=ja&rclk=1,さいたま市,さいたま市 リスティング広告運用会社
株式会社千葉システムコンサルタント,https://www.cscinfo.co.jp/,千葉市 新宿２丁目５−１６ LKパークビル 3F,043-238-8546,https://www.google.com/maps/place/%EF%BC%88%E6%A0%AA%EF%BC%89%E5%8D%83%E8%91%89%E3%82%B7%E3%82%B9%E3%83%86%E3%83%A0%E3%82%B3%E3%83%B3%E3%82%B5%E3%83%AB%E3%82%BF%E3%83%B3%E3%83%88/data=!4m7!3m6!1s0x602284b380fc89c3:0x666a7b148cf3f341!8m2!3d35.607084!4d140.116226!16s%2Fg%2F1td65fb3!19sChIJw4n8gLOEImARQfPzjBR7amY?authuser=0&hl=ja&rclk=1,千葉市,千葉市 Webコンサルティング会社
株式会社トライズコンサルティング,https://trise-c.jp/,千葉市 弁天１丁目１５−３ B1F,043-400-3119,https://www.google.com/maps/place/%E6%A0%AA%E5%BC%8F%E4%BC%9A%E7%A4%BE%E3%83%88%E3%83%A9%E3%82%A4%E3%82%BA%E3%82%B3%E3%83%B3%E3%82%B5%E3%83%AB%E3%83%86%E3%82%A3%E3%83%B3%E3%82%B0/data=!4m7!3m6!1s0x602285c9891d3d33:0x7ed13d83f6bd8976!8m2!3d35.6146828!4d140.1127174!16s%2Fg%2F11j7hn0z0d!19sChIJMz0dicmFImARdom99oM90X4?authuser=0&hl=ja&rclk=1,千葉市,千葉市 Webコンサルティング会社
株式会社ＣＫコンサルティング,https://ckconsul.com/,千葉市 登戸１丁目２３−１６ 3階,043-441-3980,https://www.google.com/maps/place/%EF%BC%88%E6%A0%AA%EF%BC%89%EF%BC%A3%EF%BC%AB%E3%82%B3%E3%83%B3%E3%82%B5%E3%83%AB%E3%83%86%E3%82%A3%E3%83%B3%E3%82%B0/data=!4m7!3m6!1s0x6022853a6bd4d245:0xff42d9cb681c8d5e!8m2!3d35.609179!4d140.108177!16s%2Fg%2F11qpx0vk6q!19sChIJRdLUazqFImARXo0caMvZQv8?authuser=0&hl=ja&rclk=1,千葉市,千葉市 Webコンサルティング会社
株式会社アド総研,http://www.ad-souken.co.jp/,千葉市 中央２丁目３−１６,0120-938-127,https://www.google.com/maps/place/%E6%A0%AA%E5%BC%8F%E4%BC%9A%E7%A4%BE%E3%82%A2%E3%83%89%E7%B7%8F%E7%A0%94/data=!4m7!3m6!1s0x602284b57c6b2a81:0xc16f625f3b1bb920!8m2!3d35.6092771!4d140.1205533!16s%2Fg%2F1tdq63l9!19sChIJgSprfLWEImARILkbO19ib8E?authuser=0&hl=ja&rclk=1,千葉市,千葉市 リスティング広告運用会社
株式会社LiNC,https://linc-ad.jp/,千葉市 稲毛東３丁目７−４ 3F,043-301-6723,https://www.google.com/maps/place/%E6%A0%AA%E5%BC%8F%E4%BC%9A%E7%A4%BELiNC/data=!4m7!3m6!1s0x602283ca9b1f447f:0x8f6700e4e2e5f5c8!8m2!3d35.6367819!4d140.089966!16s%2Fg%2F11vxpdscn3!19sChIJf0Qfm8qDImARyPXl4uQAZ48?authuser=0&hl=ja&rclk=1,千葉市,千葉市 リスティング広告運用会社
株式会社ガーネットコンサルティング,https://gcltd.co.jp/,船橋市 本町１丁目２２−８,050-5369-1317,https://www.google.com/maps/place/%E6%A0%AA%E5%BC%8F%E4%BC%9A%E7%A4%BE%E3%82%AC%E3%83%BC%E3%83%8D%E3%83%83%E3%83%88%E3%82%B3%E3%83%B3%E3%82%B5%E3%83%AB%E3%83%86%E3%82%A3%E3%83%B3%E3%82%B0/data=!4m7!3m6!1s0x60187fda7191acff:0x9969d9c1a88174b8!8m2!3d35.6997068!4d139.9811576!16s%2Fg%2F11y9m01ywy!19sChIJ_6yRcdp_GGARuHSBqMHZaZk?authuser=0&hl=ja&rclk=1,船橋市,船橋市 Webコンサルティング会社
株式会社LINER広告社 船橋支社,http://www.liner-chiba.com/company.html,船橋市 印内町６８２−２,047-432-1223,https://www.google.com/maps/place/%EF%BC%88%E6%A0%AA%EF%BC%89LINER%E5%BA%83%E5%91%8A%E7%A4%BE+%E8%88%B9%E6%A9%8B%E6%94%AF%E7%A4%BE/data=!4m7!3m6!1s0x60188095cad46751:0x594e3ceb65acb61d!8m2!3d35.7046641!4d139.9597622!16s%2Fg%2F11btwv85z7!19sChIJUWfUypWAGGARHbasZes8Tlk?authuser=0&hl=ja&rclk=1,船橋市,船橋市 リスティング広告運用会社
株式会社アドベンチャー,http://www.attiban.com/,船橋市 高根町１５３４,0120-356-508,https://www.google.com/maps/place/%EF%BC%88%E6%A0%AA%EF%BC%89%E3%82%A2%E3%83%89%E3%83%99%E3%83%B3%E3%83%81%E3%83%A3%E3%83%BC/data=!4m7!3m6!1s0x60188011b43d4d8f:0xc84d4fb321997bb9!8m2!3d35.718641!4d140.0056901!16s%2Fg%2F1th56zf_!19sChIJj009tBGAGGARuXuZIbNPTcg?authuser=0&hl=ja&rclk=1,船橋市,船橋市 リスティング広告運用会社
アスタノット株式会社 - 柏の葉オフィス,https://asteknot.co.jp/,柏市 若柴178番地4 ショップ&オフィス棟 148街区2 柏の葉キャンパス 6F,03-6859-7336,https://www.google.com/maps/place/%E3%82%A2%E3%82%B9%E3%82%BF%E3%83%8E%E3%83%83%E3%83%88%E6%A0%AA%E5%BC%8F%E4%BC%9A%E7%A4%BE+-+%E6%9F%8F%E3%81%AE%E8%91%89%E3%82%AA%E3%83%95%E3%82%A3%E3%82%B9/data=!4m7!3m6!1s0x60189dbb3cf81151:0x565b933778da498f!8m2!3d35.8948839!4d139.9514703!16s%2Fg%2F11nnw4801t!19sChIJURH4PLudGGARj0naeDeTW1Y?authuser=0&hl=ja&rclk=1,柏市,柏市 リスティング広告運用会社
株式会社 星広告,https://www.had.co.jp/,柏市 東上町６−３１ HADビル,04-7166-7111,https://www.google.com/maps/place/%E6%A0%AA%E5%BC%8F%E4%BC%9A%E7%A4%BE+%E6%98%9F%E5%BA%83%E5%91%8A/data=!4m7!3m6!1s0x60189cdf9f25837b:0x4cf1b3f5070c8962!8m2!3d35.859911!4d139.976562!16s%2Fg%2F1tgkh93_!19sChIJe4Mln9-cGGARYokMB_Wz8Uw?authuser=0&hl=ja&rclk=1,柏市,柏市 リスティング広告運用会社
株式会社フィルズリンクス,https://www.fills.jp/,柏市 東２丁目３−６ 1階,04-7170-2293,https://www.google.com/maps/place/%E6%A0%AA%E5%BC%8F%E4%BC%9A%E7%A4%BE%E3%83%95%E3%82%A3%E3%83%AB%E3%82%BA%E3%83%AA%E3%83%B3%E3%82%AF%E3%82%B9/data=!4m7!3m6!1s0x60189d26fc487739:0xd024d8f3e44e8f79!8m2!3d35.8570318!4d139.9804589!16s%2Fg%2F119t9qt_f!19sChIJOXdI_CadGGAReY9O5PPYJNA?authuser=0&hl=ja&rclk=1,柏市,柏市 リスティング広告運用会社
株式会社FORCLE,https://forcle.co.jp/,横浜市 金港町７−３ 金港ビル 6階,045-900-9915,https://www.google.com/maps/place/%E6%A0%AA%E5%BC%8F%E4%BC%9A%E7%A4%BEFORCLE/data=!4m7!3m6!1s0x60188f6bbf40c96b:0x8d969512bce9d91!8m2!3d35.4698252!4d139.6267983!16s%2Fg%2F11sh4_py0s!19sChIJa8lAv2uPGGARkZ3OK1Fp2Qg?authuser=0&hl=ja&rclk=1,横浜市,横浜市 リスティング広告運用会社
㈱旭広告社,https://asahi-ad.co.jp/,横浜市 常盤町２丁目１９ 旭広告社本社ビル,045-681-2831,https://www.google.com/maps/place/%E3%88%B1%E6%97%AD%E5%BA%83%E5%91%8A%E7%A4%BE/data=!4m7!3m6!1s0x60185cf1290fc505:0x69cadb8bbf77af83!8m2!3d35.4455583!4d139.6373418!16s%2Fg%2F1trxk7hd!19sChIJBcUPKfFcGGARg693v4vbymk?authuser=0&hl=ja&rclk=1,横浜市,横浜市 リスティング広告運用会社
総合広告会社,https://www.tsuwa-mono.com/,横浜市 万代町１丁目2−３ 座間ビル B1,045-306-6770,https://www.google.com/maps/place/%E7%B7%8F%E5%90%88%E5%BA%83%E5%91%8A%E4%BC%9A%E7%A4%BE/data=!4m7!3m6!1s0x60185de3a5b672c3:0xf2d899e707fe87b8!8m2!3d35.4425229!4d139.6362355!16s%2Fg%2F11nr7l4zz0!19sChIJw3K2peNdGGARuIf-B-eZ2PI?authuser=0&hl=ja&rclk=1,横浜市,横浜市 リスティング広告運用会社
AOBコンサルティング,https://aobconsulting.co.jp/,川崎市 駅前本町１１−２ 4階,,https://www.google.com/maps/place/AOB%E3%82%B3%E3%83%B3%E3%82%B5%E3%83%AB%E3%83%86%E3%82%A3%E3%83%B3%E3%82%B0/data=!4m7!3m6!1s0x6018610ca6a72cbd:0x55d89064d47cdf12!8m2!3d35.5316263!4d139.6993142!16s%2Fg%2F11qmncrt3j!19sChIJvSynpgxhGGAREt981GSQ2FU?authuser=0&hl=ja&rclk=1,川崎市,川崎市 Webコンサルティング会社
スマート・ウェブ・コンサルティング合同会社,https://sw-consul.com/,川崎市 新川崎３−１−１４０８ イニシア新川崎,044-385-2063,https://www.google.com/maps/place/%E3%82%B9%E3%83%9E%E3%83%BC%E3%83%88%E3%83%BB%E3%82%A6%E3%82%A7%E3%83%96%E3%83%BB%E3%82%B3%E3%83%B3%E3%82%B5%E3%83%AB%E3%83%86%E3%82%A3%E3%83%B3%E3%82%B0%E5%90%88%E5%90%8C%E4%BC%9A%E7%A4%BE/data=!4m7!3m6!1s0x60185fbf6c128d1f:0x107c78bdb264784!8m2!3d35.5520991!4d139.6697071!16s%2Fg%2F11vt6p5xh4!19sChIJH40SbL9fGGARhEcm24vHBwE?authuser=0&hl=ja&rclk=1,川崎市,川崎市 Webコンサルティング会社
シアスト株式会社,https://xiast.jp/,川崎市 駅前本町11−２ 川崎フロンティアビル 4階,,https://www.google.com/maps/place/%E3%82%B7%E3%82%A2%E3%82%B9%E3%83%88%E6%A0%AA%E5%BC%8F%E4%BC%9A%E7%A4%BE/data=!4m7!3m6!1s0x60186121b9b4c31f:0x84fddee1d7b97178!8m2!3d35.5316263!4d139.6993142!16s%2Fg%2F11nr8v9rlh!19sChIJH8O0uSFhGGAReHG51-He_YQ?authuser=0&hl=ja&rclk=1,川崎市,川崎市 リスティング広告運用会社
サンアンドサンズコンサルティング株式会社,http://www.sunsons.jp/,藤沢市 藤沢４８４−１ 4F,0466-50-2011,https://www.google.com/maps/place/%E3%82%B5%E3%83%B3%E3%82%A2%E3%83%B3%E3%83%89%E3%82%B5%E3%83%B3%E3%82%BA%E3%82%B3%E3%83%B3%E3%82%B5%E3%83%AB%E3%83%86%E3%82%A3%E3%83%B3%E3%82%B0%EF%BC%88%E6%A0%AA%EF%BC%89/data=!4m7!3m6!1s0x60188b6ccc14b24b:0xd34345336801c2f9!8m2!3d35.3400525!4d139.4856563!16s%2Fg%2F11b7lhrbbb!19sChIJS7IUzGyLGGAR-cIBaDNFQ9M?authuser=0&hl=ja&rclk=1,藤沢市,藤沢市 Webコンサルティング会社
株式会社秀コンサルティング,https://www.shu-consulting.co.jp/,藤沢市 弥勒寺１丁目１１−２,0466-28-2251,https://www.google.com/maps/place/%EF%BC%88%E6%A0%AA%EF%BC%89%E7%A7%80%E3%82%B3%E3%83%B3%E3%82%B5%E3%83%AB%E3%83%86%E3%82%A3%E3%83%B3%E3%82%B0/data=!4m7!3m6!1s0x60184fc8746cd90f:0x537aad1c9e10b2c8!8m2!3d35.3403597!4d139.4972161!16s%2Fg%2F1tdpg4l4!19sChIJD9lsdMhPGGARyLIQnhytelM?authuser=0&hl=ja&rclk=1,藤沢市,藤沢市 Webコンサルティング会社
株式会社イズム,http://www.146.co.jp/,藤沢市 南藤沢１６−１６,0466-24-8282,https://www.google.com/maps/place/%EF%BC%88%E6%A0%AA%EF%BC%89%E3%82%A4%E3%82%BA%E3%83%A0/data=!4m7!3m6!1s0x60184fb5e6f8fe23:0xb347b6fce4373655!8m2!3d35.3358762!4d139.491908!16s%2Fg%2F1vmr1bh1!19sChIJI_745rVPGGARVTY35Py2R7M?authuser=0&hl=ja&rclk=1,藤沢市,藤沢市 リスティング広告運用会社
株式会社弁天堂 藤沢営業所,https://www.benten-do.co.jp/,藤沢市 大鋸２丁目８−５ グレースＫ 1F-Ａ,0466-55-4502,https://www.google.com/maps/place/%E6%A0%AA%E5%BC%8F%E4%BC%9A%E7%A4%BE%E5%BC%81%E5%A4%A9%E5%A0%82+%E8%97%A4%E6%B2%A2%E5%96%B6%E6%A5%AD%E6%89%80/data=!4m7!3m6!1s0x60184fd2da7f2109:0xe12d072e92b2099d!8m2!3d35.3462555!4d139.4880728!16s%2Fg%2F11h4c93_cf!19sChIJCSF_2tJPGGARnQmyki4HLeE?authuser=0&hl=ja&rclk=1,藤沢市,藤沢市 リスティング広告運用会社
ポスティングの町田広告【藤沢支店】,https://fujisawa-posting.jimdofree.com/,藤沢市 鵠沼石上１丁目７−８,080-4949-2890,https://www.google.com/maps/place/%E3%83%9D%E3%82%B9%E3%83%86%E3%82%A3%E3%83%B3%E3%82%B0%E3%81%AE%E7%94%BA%E7%94%B0%E5%BA%83%E5%91%8A%E3%80%90%E8%97%A4%E6%B2%A2%E6%94%AF%E5%BA%97%E3%80%91/data=!4m7!3m6!1s0x60184f676828f26f:0xc0cb831ed2f45c64!8m2!3d35.3357653!4d139.4886968!16s%2Fg%2F11fszhv3mb!19sChIJb_IoaGdPGGARZFz00h6Dy8A?authuser=0&hl=ja&rclk=1,藤沢市,藤沢市 リスティング広告運用会社
地元法人マーチオークシー,https://mokoshi.jp/,藤沢市 片瀬海岸１丁目１２−４ ビーチサイドビジネスセンター内,,https://www.google.com/maps/place/%E5%9C%B0%E5%85%83%E6%B3%95%E4%BA%BA%E3%83%9E%E3%83%BC%E3%83%81%E3%82%AA%E3%83%BC%E3%82%AF%E3%82%B7%E3%83%BC/data=!4m7!3m6!1s0x60184efd3f00dacd:0x418c950032574bbe!8m2!3d35.3078509!4d139.4858626!16s%2Fg%2F11c469dnpc!19sChIJzdoAP_1OGGARvktXMgCVjEE?authuser=0&hl=ja&rclk=1,藤沢市,藤沢市 リスティング広告運用会社
有限会社アイ・リンク・コンサルタント,https://www.katoken.gr.jp/,静岡市 鷹匠２丁目１０−６,054-205-3320,https://www.google.com/maps/place/%E6%9C%89%E9%99%90%E4%BC%9A%E7%A4%BE%E3%82%A2%E3%82%A4%E3%83%BB%E3%83%AA%E3%83%B3%E3%82%AF%E3%83%BB%E3%82%B3%E3%83%B3%E3%82%B5%E3%83%AB%E3%82%BF%E3%83%B3%E3%83%88/data=!4m7!3m6!1s0x601a4a02df3c27b5:0xf262ead5a38b2289!8m2!3d34.9782269!4d138.3894585!16s%2Fg%2F1tld0741!19sChIJtSc83wJKGmARiSKLo9XqYvI?authuser=0&hl=ja&rclk=1,静岡市,静岡市 Webコンサルティング会社
株式会社 耕世コンサルティング,https://kosei-consul.com/,静岡市 丸山町12番地 エーワイビル 1階,054-246-8871,https://www.google.com/maps/place/%E6%A0%AA%E5%BC%8F%E4%BC%9A%E7%A4%BE+%E8%80%95%E4%B8%96%E3%82%B3%E3%83%B3%E3%82%B5%E3%83%AB%E3%83%86%E3%82%A3%E3%83%B3%E3%82%B0/data=!4m7!3m6!1s0x601a4bb760d0c0e5:0xaba3096d4c9a9385!8m2!3d34.9851591!4d138.3763462!16s%2Fg%2F11fpq72fj_!19sChIJ5cDQYLdLGmARhZOaTG0Jo6s?authuser=0&hl=ja&rclk=1,静岡市,静岡市 Webコンサルティング会社
株式会社ACO,https://www.a-c-o.com/,静岡市 紺屋町４−８ ガーデンスクエア第3ビル,054-272-3222,https://www.google.com/maps/place/%E6%A0%AA%E5%BC%8F%E4%BC%9A%E7%A4%BEACO/data=!4m7!3m6!1s0x601a4ff3e833723b:0x8178021a92ce8faf!8m2!3d34.9727906!4d138.3849209!16s%2Fg%2F1thp815h!19sChIJO3Iz6PNPGmARr4_OkhoCeIE?authuser=0&hl=ja&rclk=1,静岡市,静岡市 Webコンサルティング会社
株式会社ブランサーチマーケティング,https://blanc-search.com/,静岡市 南岡町６−３４,054-374-5539,https://www.google.com/maps/place/%E6%A0%AA%E5%BC%8F%E4%BC%9A%E7%A4%BE%E3%83%96%E3%83%A9%E3%83%B3%E3%82%B5%E3%83%BC%E3%83%81%E3%83%9E%E3%83%BC%E3%82%B1%E3%83%86%E3%82%A3%E3%83%B3%E3%82%B0/data=!4m7!3m6!1s0x601a314e5dad3e8d:0xf4b3920355bcc808!8m2!3d35.0052113!4d138.4851099!16s%2Fg%2F11h2fmln7v!19sChIJjT6tXU4xGmARCMi8VQOSs_Q?authuser=0&hl=ja&rclk=1,静岡市,静岡市 リスティング広告運用会社
株式会社静鉄アド・パートナーズ,https://www.shizutetsu-ad.co.jp/,静岡市 日出町８−３ 静鉄日出町ビル 1F,054-252-3131,https://www.google.com/maps/place/%E6%A0%AA%E5%BC%8F%E4%BC%9A%E7%A4%BE%E9%9D%99%E9%89%84%E3%82%A2%E3%83%89%E3%83%BB%E3%83%91%E3%83%BC%E3%83%88%E3%83%8A%E3%83%BC%E3%82%BA/data=!4m7!3m6!1s0x601a49fee512391f:0x308d94882a8ed93e!8m2!3d34.9761228!4d138.3955677!16s%2Fg%2F1tfrmd92!19sChIJHzkS5f5JGmARPtmOKoiUjTA?authuser=0&hl=ja&rclk=1,静岡市,静岡市 リスティング広告運用会社
株式会社サイラン,https://www.sairan.co.jp/,静岡市 鷹匠３丁目１１−４,054-255-3105,https://www.google.com/maps/place/%E6%A0%AA%E5%BC%8F%E4%BC%9A%E7%A4%BE%E3%82%B5%E3%82%A4%E3%83%A9%E3%83%B3/data=!4m7!3m6!1s0x601a4a0332267d13:0x8c84ee3ac578332f!8m2!3d34.9791982!4d138.3891405!16s%2Fg%2F1tmz6_ff!19sChIJE30mMgNKGmARLzN4xTruhIw?authuser=0&hl=ja&rclk=1,静岡市,静岡市 リスティング広告運用会社
アクロス静岡,http://www.acrossshizuoka.jp/,静岡市 巴町４−１６,054-340-8181,https://www.google.com/maps/place/%E3%82%A2%E3%82%AF%E3%83%AD%E3%82%B9%E9%9D%99%E5%B2%A1/data=!4m7!3m6!1s0x601a33fd780438b5:0xaa1f32221537ae51!8m2!3d35.0172427!4d138.4862435!16s%2Fg%2F1tjhxqlz!19sChIJtTgEeP0zGmARUa43FSIyH6o?authuser=0&hl=ja&rclk=1,静岡市,静岡市 リスティング広告運用会社
エムケイルDXコンサルティング株式会社 浜松支店,https://s.lmes.jp/landing-qr/1657786262-a9XqpqNU?uLand=dqGZNu,浜松市 相生町１−４,090-7889-3915,https://www.google.com/maps/place/%E3%82%A8%E3%83%A0%E3%82%B1%E3%82%A4%E3%83%ABDX%E3%82%B3%E3%83%B3%E3%82%B5%E3%83%AB%E3%83%86%E3%82%A3%E3%83%B3%E3%82%B0%E6%A0%AA%E5%BC%8F%E4%BC%9A%E7%A4%BE+%E6%B5%9C%E6%9D%BE%E6%94%AF%E5%BA%97/data=!4m7!3m6!1s0x601adfb8c3e22a05:0xd0125f007f71a644!8m2!3d34.7093506!4d137.7452051!16s%2Fg%2F11nr5h0v0q!19sChIJBSriw7jfGmARRKZxfwBfEtA?authuser=0&hl=ja&rclk=1,浜松市,浜松市 Webコンサルティング会社
NBNコンサルティング・静岡経理アウトソーシングオフィス＠浜松,https://www.shizuoka-keiri.com/,浜松市 元城町２１６ 4 ノーススタービル浜松6 階601号,053-458-0815,https://www.google.com/maps/place/NBN%E3%82%B3%E3%83%B3%E3%82%B5%E3%83%AB%E3%83%86%E3%82%A3%E3%83%B3%E3%82%B0%E3%83%BB%E9%9D%99%E5%B2%A1%E7%B5%8C%E7%90%86%E3%82%A2%E3%82%A6%E3%83%88%E3%82%BD%E3%83%BC%E3%82%B7%E3%83%B3%E3%82%B0%E3%82%AA%E3%83%95%E3%82%A3%E3%82%B9%EF%BC%A0%E6%B5%9C%E6%9D%BE/data=!4m7!3m6!1s0x601ade611567863d:0x9994b32219fc276b!8m2!3d34.7099436!4d137.7272132!16s%2Fg%2F1tgk0pyp!19sChIJPYZnFWHeGmARayf8GSKzlJk?authuser=0&hl=ja&rclk=1,浜松市,浜松市 Webコンサルティング会社
㈱ポスティング浜松 poshama.jp,https://www.poshama.jp/,浜松市 上西町３２−２,053-461-6151,https://www.google.com/maps/place/%E3%88%B1%E3%83%9D%E3%82%B9%E3%83%86%E3%82%A3%E3%83%B3%E3%82%B0%E6%B5%9C%E6%9D%BE+poshama.jp/data=!4m7!3m6!1s0x601ade17dcd54765:0x6cb8905a0ba80b3b!8m2!3d34.721661!4d137.7523008!16s%2Fg%2F11btrrlcq6!19sChIJZUfV3BfeGmAROwuoC1qQuGw?authuser=0&hl=ja&rclk=1,浜松市,浜松市 リスティング広告運用会社
株式会社TROBZ (トロブズ),https://trobz.co.jp/,名古屋市 名駅３丁目４−１０ アルティメイト名駅1st ホーム 2,,https://www.google.com/maps/place/%E6%A0%AA%E5%BC%8F%E4%BC%9A%E7%A4%BETROBZ+%28%E3%83%88%E3%83%AD%E3%83%96%E3%82%BA%29/data=!4m7!3m6!1s0x600375ea2f2c750f:0x20d65b5e6481ef4f!8m2!3d35.1733815!4d136.8879156!16s%2Fg%2F11wfslmfx3!19sChIJD3UsL-p1A2ART--BZF5b1iA?authuser=0&hl=ja&rclk=1,名古屋市,名古屋市 Webコンサルティング会社
マーケティングプラス 名古屋営業所,https://plusline-nagoya.jp/,名古屋市 泉１丁目１−３１ 吉泉ビル 301,052-962-4704,https://www.google.com/maps/place/%E3%83%9E%E3%83%BC%E3%82%B1%E3%83%86%E3%82%A3%E3%83%B3%E3%82%B0%E3%83%97%E3%83%A9%E3%82%B9+%E5%90%8D%E5%8F%A4%E5%B1%8B%E5%96%B6%E6%A5%AD%E6%89%80/data=!4m7!3m6!1s0x6003712b1f9248bf:0xa24f47ff52baf753!8m2!3d35.1772505!4d136.9088474!16s%2Fg%2F1tdk52xt!19sChIJv0iSHytxA2ARU_e6Uv9HT6I?authuser=0&hl=ja&rclk=1,名古屋市,名古屋市 Webコンサルティング会社
みなりパートナーズ株式会社,https://minari-partners.co.jp/,名古屋市 名駅２丁目４５−１４ 東進名駅ビル 4階,052-856-2158,https://www.google.com/maps/place/%E3%81%BF%E3%81%AA%E3%82%8A%E3%83%91%E3%83%BC%E3%83%88%E3%83%8A%E3%83%BC%E3%82%BA%E6%A0%AA%E5%BC%8F%E4%BC%9A%E7%A4%BE/data=!4m7!3m6!1s0x60037734ee7e013b:0xc89cfeb99929732a!8m2!3d35.1732565!4d136.8831455!16s%2Fg%2F11njmh0055!19sChIJOwF-7jR3A2ARKnMpmbn-nMg?authuser=0&hl=ja&rclk=1,名古屋市,名古屋市 Webコンサルティング会社
ASUE株式会社｜名古屋本社,https://asue.jp/,名古屋市 丸の内３丁目２０−９ 三晃社本社ビル 4F,052-212-7917,https://www.google.com/maps/place/ASUE%E6%A0%AA%E5%BC%8F%E4%BC%9A%E7%A4%BE%EF%BD%9C%E5%90%8D%E5%8F%A4%E5%B1%8B%E6%9C%AC%E7%A4%BE/data=!4m7!3m6!1s0x600370d6ef936f5f:0xb62f952804179fa3!8m2!3d35.1743671!4d136.9059073!16s%2Fg%2F1hhh51pjs!19sChIJX2-T79ZwA2ARo58XBCiVL7Y?authuser=0&hl=ja&rclk=1,名古屋市,名古屋市 リスティング広告運用会社
中京広告,https://chukyo-ad.com/,名古屋市 ４ 栄二丁目4番3 TOSHIN広小路本町ビル7F,052-218-7779,https://www.google.com/maps/place/%E4%B8%AD%E4%BA%AC%E5%BA%83%E5%91%8A/data=!4m7!3m6!1s0x600370d6270b1c47:0x9369de4d5b9f3504!8m2!3d35.168191!4d136.901477!16s%2Fg%2F1wn33lkm!19sChIJRxwLJ9ZwA2ARBDWfW03eaZM?authuser=0&hl=ja&rclk=1,名古屋市,名古屋市 リスティング広告運用会社
廣告社株式会社 名古屋支社,https://www.kokokusha.co.jp/,名古屋市 栄４丁目１４−２ 5F,052-261-1051,https://www.google.com/maps/place/%E5%BB%A3%E5%91%8A%E7%A4%BE%28%E6%A0%AA%29+%E5%90%8D%E5%8F%A4%E5%B1%8B%E6%94%AF%E7%A4%BE/data=!4m7!3m6!1s0x6003772ccd25d4c7:0x115f616c3ff1594a!8m2!3d35.167691!4d136.9095457!16s%2Fg%2F1tg5zknb!19sChIJx9QlzSx3A2ARSlnxP2xhXxE?authuser=0&hl=ja&rclk=1,名古屋市,名古屋市 リスティング広告運用会社
カルテットコミュニケーションズ,https://quartet-communications.com/,名古屋市 錦２丁目４−１５ ORE錦二丁目ビル11階,0120-993-414,https://www.google.com/maps/place/%E3%82%AB%E3%83%AB%E3%83%86%E3%83%83%E3%83%88%E3%82%B3%E3%83%9F%E3%83%A5%E3%83%8B%E3%82%B1%E3%83%BC%E3%82%B7%E3%83%A7%E3%83%B3%E3%82%BA/data=!4m7!3m6!1s0x6003772bb92e0517:0x1831395e29bb1a5e!8m2!3d35.1725121!4d136.901472!16s%2Fg%2F1w0j43bc!19sChIJFwUuuSt3A2ARXhq7KV45MRg?authuser=0&hl=ja&rclk=1,名古屋市,名古屋市 リスティング広告運用会社
Global seed株式会社,https://globalseed.co.jp/,岐阜市 茜部寺屋敷１丁目８−２,,https://www.google.com/maps/place/Global+seed%E6%A0%AA%E5%BC%8F%E4%BC%9A%E7%A4%BE/data=!4m7!3m6!1s0x6003a9d1731b615f:0x14c97ecb4434caac!8m2!3d35.3796675!4d136.7522887!16s%2Fg%2F11whtjtyb2!19sChIJX2Ebc9GpA2ARrMo0RMt-yRQ?authuser=0&hl=ja&rclk=1,岐阜市,岐阜市 Webコンサルティング会社
株式会社システムイノベーション,https://s-innovation.jp/,津市 羽所町６０１ 決断サポートビル 2B,059-253-2215,https://www.google.com/maps/place/%E6%A0%AA%E5%BC%8F%E4%BC%9A%E7%A4%BE%E3%82%B7%E3%82%B9%E3%83%86%E3%83%A0%E3%82%A4%E3%83%8E%E3%83%99%E3%83%BC%E3%82%B7%E3%83%A7%E3%83%B3/data=!4m7!3m6!1s0x60040d54372ccd0d:0x36b3c7793f9c5c49!8m2!3d34.7311183!4d136.5108825!16s%2Fg%2F11zjlyhx2z!19sChIJDc0sN1QNBGARSVycP3nHszY?authuser=0&hl=ja&rclk=1,津市,津市 Webコンサルティング会社
株式会社N-BASE,https://nbase-design.com/,津市 城山３丁目１３−３７,,https://www.google.com/maps/place/%E6%A0%AA%E5%BC%8F%E4%BC%9A%E7%A4%BEN-BASE/data=!4m7!3m6!1s0x60040d1ede5b602f:0x3c2210e9508ad824!8m2!3d34.67893!4d136.5032875!16s%2Fg%2F11zfthrj1z!19sChIJL2Bb3h4NBGARJNiKUOkQIjw?authuser=0&hl=ja&rclk=1,津市,津市 Webコンサルティング会社
モートゥ（ＭＯＡＴＳ）株式会社,https://moats.co.jp/,津市 丸之内８−１ ひろハウス,059-269-6880,https://www.google.com/maps/place/%E3%83%A2%E3%83%BC%E3%83%88%E3%82%A5%EF%BC%88%EF%BC%AD%EF%BC%AF%EF%BC%A1%EF%BC%B4%EF%BC%B3%EF%BC%89%E6%A0%AA%E5%BC%8F%E4%BC%9A%E7%A4%BE/data=!4m7!3m6!1s0x60040cd0ca5508b9:0x6b9f958f58d62004!8m2!3d34.7146529!4d136.5079871!16s%2Fg%2F11ss4qby8j!19sChIJuQhVytAMBGARBCDWWI-Vn2s?authuser=0&hl=ja&rclk=1,津市,津市 Webコンサルティング会社
アクセルコンサルティング株式会社,https://www.accelc.co.jp/,京都市 綾小路下ル扇酒屋町２８９ 6F,,https://www.google.com/maps/place/%E3%82%A2%E3%82%AF%E3%82%BB%E3%83%AB%E3%82%B3%E3%83%B3%E3%82%B5%E3%83%AB%E3%83%86%E3%82%A3%E3%83%B3%E3%82%B0%E6%A0%AA%E5%BC%8F%E4%BC%9A%E7%A4%BE/data=!4m7!3m6!1s0x600109376bfe1ab5:0xe884666634d6f613!8m2!3d35.0019543!4d135.7612442!16s%2Fg%2F11g0hpylz4!19sChIJtRr-azcJAWARE_bWNGZmhOg?authuser=0&hl=ja&rclk=1,京都市,京都市 Webコンサルティング会社
カラスマコンサルティング,https://krsm.jp/,京都市 丸屋町159番地1,075-744-0989,https://www.google.com/maps/place/%E3%82%AB%E3%83%A9%E3%82%B9%E3%83%9E%E3%82%B3%E3%83%B3%E3%82%B5%E3%83%AB%E3%83%86%E3%82%A3%E3%83%B3%E3%82%B0/data=!4m7!3m6!1s0x6018f3690da1e441:0x3b50e07092058fb9!8m2!3d35.008247!4d135.7626155!16s%2Fg%2F1thgh1v7!19sChIJQeShDWnzGGARuY8FknDgUDs?authuser=0&hl=ja&rclk=1,京都市,京都市 Webコンサルティング会社
ARMS DESIGN INC | デザインコンサルティング,https://www.arms.vc/,京都市 小結棚町４４０ 三放ビル 3F,075-222-2827,https://www.google.com/maps/place/ARMS+DESIGN+INC+%7C+%E3%83%87%E3%82%B6%E3%82%A4%E3%83%B3%E3%82%B3%E3%83%B3%E3%82%B5%E3%83%AB%E3%83%86%E3%82%A3%E3%83%B3%E3%82%B0/data=!4m7!3m6!1s0x6001089c82876a9f:0x9b7f5ea3a7529a84!8m2!3d35.004148!4d135.7568279!16s%2Fg%2F1tvylp0l!19sChIJn2qHgpwIAWARhJpSp6Nef5s?authuser=0&hl=ja&rclk=1,京都市,京都市 Webコンサルティング会社
株式会社ペコリス,https://peccolis.com/,京都市 高辻下る吉文字町471番地1,0120-268-207,https://www.google.com/maps/place/%E6%A0%AA%E5%BC%8F%E4%BC%9A%E7%A4%BE%E3%83%9A%E3%82%B3%E3%83%AA%E3%82%B9/data=!4m7!3m6!1s0x6001075cfccc1e0d:0x920629859555f990!8m2!3d34.9991424!4d135.7512772!16s%2Fg%2F11gtbnv0_2!19sChIJDR7M_FwHAWARkPlVlYUpBpI?authuser=0&hl=ja&rclk=1,京都市,京都市 リスティング広告運用会社
株式会社 CAPサービス,https://cap-service.jp/,大阪市 淡路町３丁目５−１３ 創建御堂筋ビル 3階,0120-144-551,https://www.google.com/maps/place/%E6%A0%AA%E5%BC%8F%E4%BC%9A%E7%A4%BE+CAP%E3%82%B5%E3%83%BC%E3%83%93%E3%82%B9/data=!4m7!3m6!1s0x6000e7c39cd4ec91:0x16c574318640c1c7!8m2!3d34.6871413!4d135.5012215!16s%2Fg%2F11h6x6147l!19sChIJkezUnMPnAGARx8FAhjF0xRY?authuser=0&hl=ja&rclk=1,大阪市,大阪市 リスティング広告運用会社
ZOOST株式会社,https://zoost.co.jp/,大阪市 南本町１丁目８−１４ JRE堺筋本町ビル 9階,050-3135-3589,https://www.google.com/maps/place/ZOOST%E6%A0%AA%E5%BC%8F%E4%BC%9A%E7%A4%BE/data=!4m7!3m6!1s0x6000e6e2c51a7207:0x879b0b1805ba9bd2!8m2!3d34.6829494!4d135.5069413!16s%2Fg%2F1tdb8qp6!19sChIJB3IaxeLmAGAR0pu6BRgLm4c?authuser=0&hl=ja&rclk=1,大阪市,大阪市 リスティング広告運用会社
株式会社グラッドキューブ,https://www.glad-cube.com/,大阪市 瓦町２丁目４−７ 新瓦町ビル ８Ｆ,06-6105-0315,https://www.google.com/maps/place/%E6%A0%AA%E5%BC%8F%E4%BC%9A%E7%A4%BE%E3%82%B0%E3%83%A9%E3%83%83%E3%83%89%E3%82%AD%E3%83%A5%E3%83%BC%E3%83%96/data=!4m7!3m6!1s0x6000e719d62f6e37:0xba405de4fe1242bb!8m2!3d34.6862379!4d135.5052342!16s%2Fg%2F11r8smpgv!19sChIJN24v1hnnAGARu0IS_uRdQLo?authuser=0&hl=ja&rclk=1,大阪市,大阪市 リスティング広告運用会社
株式会社アルティエ,https://artie-office.net/,大阪市 本町橋２−２３ 第７松屋ビル 621号室,050-7109-6692,https://www.google.com/maps/place/%E6%A0%AA%E5%BC%8F%E4%BC%9A%E7%A4%BE%E3%82%A2%E3%83%AB%E3%83%86%E3%82%A3%E3%82%A8/data=!4m7!3m6!1s0x6000e74c9e83ece3:0x90681bfc31f3f213!8m2!3d34.6836851!4d135.5109426!16s%2Fg%2F11tt6h5yv1!19sChIJ4-yDnkznAGARE_LzMfwbaJA?authuser=0&hl=ja&rclk=1,大阪市,大阪市 リスティング広告運用会社
​堺経営ラボand next,https://nakamoz.com/contact/,堺市 百舌鳥梅北町３丁目 １２５番地,080-3524-4679,https://www.google.com/maps/place/%E2%80%8B%E5%A0%BA%E7%B5%8C%E5%96%B6%E3%83%A9%E3%83%9Cand+next/data=!4m7!3m6!1s0x6000dba09273a279:0x9fa14e61066454aa!8m2!3d34.5599143!4d135.4955024!16s%2Fg%2F11qk2p11ht!19sChIJeaJzkqDbAGARqlRkBmFOoZ8?authuser=0&hl=ja&rclk=1,堺市,堺市 Webコンサルティング会社
株式会社ハナシパナシ,https://hanapana.co.jp/,堺市 南花田口町2丁目３−２０ 三共堺東ビル北館 4F I 室,072-288-4813,https://www.google.com/maps/place/%E6%A0%AA%E5%BC%8F%E4%BC%9A%E7%A4%BE%E3%83%8F%E3%83%8A%E3%82%B7%E3%83%91%E3%83%8A%E3%82%B7/data=!4m7!3m6!1s0x6000d141acd2c20b:0x27fc8a558d4c2d73!8m2!3d34.576853!4d135.4842034!16s%2Fg%2F11y3wf8qnp!19sChIJC8LSrEHRAGARcy1MjVWK_Cc?authuser=0&hl=ja&rclk=1,堺市,堺市 Webコンサルティング会社
株式会社アドバンクコミュニケーションズ,https://adbanq.com/,"堺市 ヒルズ中百舌鳥 1F, ２丁-2-２５ 中百舌鳥町",072-240-0878,https://www.google.com/maps/place/%EF%BC%88%E6%A0%AA%EF%BC%89%E3%82%A2%E3%83%89%E3%83%90%E3%83%B3%E3%82%AF%E3%82%B3%E3%83%9F%E3%83%A5%E3%83%8B%E3%82%B1%E3%83%BC%E3%82%B7%E3%83%A7%E3%83%B3%E3%82%BA/data=!4m7!3m6!1s0x6000dbbee051f199:0xf1284980515dbea!8m2!3d34.5575744!4d135.5038652!16s%2Fg%2F1tjg_74m!19sChIJmfFR4L7bAGAR6tsVBZiEEg8?authuser=0&hl=ja&rclk=1,堺市,堺市 リスティング広告運用会社
シンクインク株式会社,https://think-inc4209.com/,神戸市 山本通２丁目１３−１５ 神⼾市中央区⼭本通2丁目13番15号 WALLSQUARE北野坂,078-862-5501,https://www.google.com/maps/place/%E3%82%B7%E3%83%B3%E3%82%AF%E3%82%A4%E3%83%B3%E3%82%AF%E6%A0%AA%E5%BC%8F%E4%BC%9A%E7%A4%BE/data=!4m7!3m6!1s0xa79f912cc3ebb1b1:0x29e6206024e51f1d!8m2!3d34.6988843!4d135.1896526!16s%2Fg%2F11qbr5sq_1!19sChIJsbHrwyyRn6cRHR_lJGAg5ik?authuser=0&hl=ja&rclk=1,神戸市,神戸市 Webコンサルティング会社
株式会社ライフコンサルティング,https://www.l-consult.co.jp/,神戸市 三宮町３丁目９−２０ 南泰ビルディング ８F,078-331-5324,https://www.google.com/maps/place/%E6%A0%AA%E5%BC%8F%E4%BC%9A%E7%A4%BE%E3%83%A9%E3%82%A4%E3%83%95%E3%82%B3%E3%83%B3%E3%82%B5%E3%83%AB%E3%83%86%E3%82%A3%E3%83%B3%E3%82%B0/data=!4m7!3m6!1s0x60008efcdb0eb9f9:0xcb4e007b3b8fb511!8m2!3d34.6904222!4d135.18978!16s%2Fg%2F12hpl2j6y!19sChIJ-bkO2_yOAGAREbWPO3sATss?authuser=0&hl=ja&rclk=1,神戸市,神戸市 Webコンサルティング会社
ブルーラベル株式会社,https://www.blue-label.com/,神戸市 雲井通５丁目３−１ サンパル 6階,078-201-3874,https://www.google.com/maps/place/%E3%83%96%E3%83%AB%E3%83%BC%E3%83%A9%E3%83%99%E3%83%AB%E6%A0%AA%E5%BC%8F%E4%BC%9A%E7%A4%BE/data=!4m7!3m6!1s0x60008eef950aa8fb:0xe8f5339d81e0722c!8m2!3d34.6958916!4d135.1973531!16s%2Fg%2F11f3vg7bgh!19sChIJ-6gKle-OAGARLHLggZ0z9eg?authuser=0&hl=ja&rclk=1,神戸市,神戸市 Webコンサルティング会社
クリックマーク株式会社 (ホームページ制作),https://www.clickmark.co.jp/,神戸市 御幸通８丁目１−６,078-380-9456,https://www.google.com/maps/place/%E3%82%AF%E3%83%AA%E3%83%83%E3%82%AF%E3%83%9E%E3%83%BC%E3%82%AF%E6%A0%AA%E5%BC%8F%E4%BC%9A%E7%A4%BE+%28%E3%83%9B%E3%83%BC%E3%83%A0%E3%83%9A%E3%83%BC%E3%82%B8%E5%88%B6%E4%BD%9C%29/data=!4m7!3m6!1s0x60008fbf393d5a85:0xa5f253e7afb61c6f!8m2!3d34.6921373!4d135.1958143!16s%2Fg%2F11fr2lkl7d!19sChIJhVo9Ob-PAGARbxy2r-dT8qU?authuser=0&hl=ja&rclk=1,神戸市,神戸市 Webコンサルティング会社
株式会社アディス,https://www.adisnet.com/,神戸市 磯上通４丁目１−１４ 三宮スカイビル 5F,078-265-6336,https://www.google.com/maps/place/%E6%A0%AA%E5%BC%8F%E4%BC%9A%E7%A4%BE%E3%82%A2%E3%83%87%E3%82%A3%E3%82%B9/data=!4m7!3m6!1s0x60008ef15909631b:0x6c4c7aa98b4f6c8e!8m2!3d34.6924819!4d135.1999827!16s%2Fg%2F1q6n2nbj6!19sChIJG2MJWfGOAGARjmxPi6l6TGw?authuser=0&hl=ja&rclk=1,神戸市,神戸市 リスティング広告運用会社
売れる広告研究所,https://c-ureken.com/,神戸市 磯上通６丁目１−１４ ＢＥＬＳＩＡ ＫＯＢＥ ＳＡＮＮＯＭＩＹＡ ３Ｆ 通り6-1-14BELSIAKobe三宮6F,078-351-5661,https://www.google.com/maps/place/%E5%A3%B2%E3%82%8C%E3%82%8B%E5%BA%83%E5%91%8A%E7%A0%94%E7%A9%B6%E6%89%80/data=!4m7!3m6!1s0x60008ff4a9fc45bd:0xcfa07e7e143ca9b!8m2!3d34.6924166!4d135.1979019!16s%2Fg%2F11ftscw7qn!19sChIJvUX8qfSPAGARm8pD4ecH-gw?authuser=0&hl=ja&rclk=1,神戸市,神戸市 リスティング広告運用会社
VisiOnNow 神戸三宮,https://stadium-kobe.com/visionnow-kobesannomiya/,神戸市 下山手通１丁目１−２ みそのビル 4F,,https://www.google.com/maps/place/VisiOnNow+%E7%A5%9E%E6%88%B8%E4%B8%89%E5%AE%AE/data=!4m7!3m6!1s0x60008f8e49d9ec07:0x4f4b9c04dd6468ac!8m2!3d34.6935253!4d135.1912631!16s%2Fg%2F11z9463ws7!19sChIJB-zZSY6PAGARrGhk3QScS08?authuser=0&hl=ja&rclk=1,神戸市,神戸市 リスティング広告運用会社
株式会社SBC,https://sbc-hd.com/,姫路市 三左衛門堀西の町６５ SBC本社ビル,079-225-8687,https://www.google.com/maps/place/%E6%A0%AA%E5%BC%8F%E4%BC%9A%E7%A4%BESBC/data=!4m7!3m6!1s0x3554e06582dce9eb:0xd6def1748543b911!8m2!3d34.817963!4d134.688769!16s%2Fg%2F1tdx6jx3!19sChIJ6-ncgmXgVDUREblDhXTx3tY?authuser=0&hl=ja&rclk=1,姫路市,姫路市 Webコンサルティング会社
デジタルハリウッドSTUDIO姫路,https://www.dhw-himeji.com/,姫路市 南駅前町87番地 リンクスビル 1F,0120-969-632,https://www.google.com/maps/place/%E3%83%87%E3%82%B8%E3%82%BF%E3%83%AB%E3%83%8F%E3%83%AA%E3%82%A6%E3%83%83%E3%83%89STUDIO%E5%A7%AB%E8%B7%AF/data=!4m7!3m6!1s0x3554e012d7c9d181:0xa7f10e2a8f1d0ea5!8m2!3d34.825815!4d134.6931153!16s%2Fg%2F11f405hdlc!19sChIJgdHJ1xLgVDURpQ4djyoO8ac?authuser=0&hl=ja&rclk=1,姫路市,姫路市 Webコンサルティング会社
広告代理店グラフ・クリエーション,http://www.takaishi.biz/contacts.html,姫路市 大黒壱丁町３１ 大黒ビル,079-286-8666,https://www.google.com/maps/place/%E5%BA%83%E5%91%8A%E4%BB%A3%E7%90%86%E5%BA%97%E3%82%B0%E3%83%A9%E3%83%95%E3%83%BB%E3%82%AF%E3%83%AA%E3%82%A8%E3%83%BC%E3%82%B7%E3%83%A7%E3%83%B3/data=!4m7!3m6!1s0x3554e00704f838e5:0xa066dbb0bd8dbbd1!8m2!3d34.834198!4d134.6986781!16s%2Fg%2F11fngzc5f9!19sChIJ5Tj4BAfgVDUR0buNvbDbZqA?authuser=0&hl=ja&rclk=1,姫路市,姫路市 リスティング広告運用会社
株式会社マス・ブレーン,http://www.mass-b.co.jp/,姫路市 土山５丁目６−３３ 奥野ビル,079-296-4305,https://www.google.com/maps/place/%EF%BC%88%E6%A0%AA%EF%BC%89%E3%83%9E%E3%82%B9%E3%83%BB%E3%83%96%E3%83%AC%E3%83%BC%E3%83%B3/data=!4m7!3m6!1s0x3554e0483295cae5:0xe96df90d61df00bc!8m2!3d34.8353004!4d134.6701945!16s%2Fg%2F11h5jtx9d7!19sChIJ5cqVMkjgVDURvADfYQ35bek?authuser=0&hl=ja&rclk=1,姫路市,姫路市 リスティング広告運用会社
ANSWER株式会社,http://answer-job.co.jp/,姫路市 御立西２丁目６−２２,079-260-6730,https://www.google.com/maps/place/ANSWER%E6%A0%AA%E5%BC%8F%E4%BC%9A%E7%A4%BE/data=!4m7!3m6!1s0x3554e053092ffff9:0x8615bcf176bb38d1!8m2!3d34.8623465!4d134.6659295!16s%2Fg%2F11fjv4vkrl!19sChIJ-f8vCVPgVDUR0Ti7dvG8FYY?authuser=0&hl=ja&rclk=1,姫路市,姫路市 リスティング広告運用会社
Nagata KIkaku,https://www.nagata-kikaku.com/,姫路市 白浜町甲418,079-255-8020,https://www.google.com/maps/place/Nagata+KIkaku/data=!4m7!3m6!1s0x3554dfc720061849:0x43501c3fbda5c343!8m2!3d34.784926!4d134.7046396!16s%2Fg%2F11pkgyvvl8!19sChIJSRgGIMffVDURQ8OlvT8cUEM?authuser=0&hl=ja&rclk=1,姫路市,姫路市 リスティング広告運用会社
Webで良くするLabo,https://naraweb-lab.com/,奈良市 ３丁目１０９６−１７,,https://www.google.com/maps/place/Web%E3%81%A7%E8%89%AF%E3%81%8F%E3%81%99%E3%82%8BLabo/data=!4m7!3m6!1s0x600123e1fb29cb81:0xeb9acd7c86c2821f!8m2!3d34.7046014!4d135.7289859!16s%2Fg%2F11vz2hbbq5!19sChIJgcsp--EjAWARH4LChnzNmus?authuser=0&hl=ja&rclk=1,奈良市,奈良市 Webコンサルティング会社
レジオン,http://e-region.jp/company.html,奈良市 藤ノ木台３丁目３−２６,0742-46-1222,https://www.google.com/maps/place/%E3%83%AC%E3%82%B8%E3%82%AA%E3%83%B3/data=!4m7!3m6!1s0x60013bb12128a54f:0x729e6ce142bebaa8!8m2!3d34.6780914!4d135.7567182!16s%2Fg%2F1td69skb!19sChIJT6UoIbE7AWARqLq-QuFsnnI?authuser=0&hl=ja&rclk=1,奈良市,奈良市 リスティング広告運用会社
ライフ21株式会社,http://www.life-21.co.jp/,奈良市 高天市町１５−１,0120-717-710,https://www.google.com/maps/place/%E3%83%A9%E3%82%A4%E3%83%9521%E6%A0%AA%E5%BC%8F%E4%BC%9A%E7%A4%BE/data=!4m7!3m6!1s0x60013a296bb3b605:0x71fd4839e225d69!8m2!3d34.685556!4d135.8257378!16s%2Fg%2F1tf_0_8k!19sChIJBbazayk6AWARaV0inoPUHwc?authuser=0&hl=ja&rclk=1,奈良市,奈良市 リスティング広告運用会社
株式会社ライフパートナーズ,https://life-partners-support.com/,奈良市 杉ヶ町33−3−４０２,0742-22-2721,https://www.google.com/maps/place/%E6%A0%AA%E5%BC%8F%E4%BC%9A%E7%A4%BE%E3%83%A9%E3%82%A4%E3%83%95%E3%83%91%E3%83%BC%E3%83%88%E3%83%8A%E3%83%BC%E3%82%BA/data=!4m7!3m6!1s0x60013b372dc74a3b:0x21333030601e4c0f!8m2!3d34.678739!4d135.8201355!16s%2Fg%2F11kq20ph0l!19sChIJO0rHLTc7AWARD0weYDAwMyE?authuser=0&hl=ja&rclk=1,奈良市,奈良市 リスティング広告運用会社
株式会社 ワースコンサル,http://www.wasco.co.jp/,和歌山市 ３７５−５,073-462-1231,https://www.google.com/maps/place/%E6%A0%AA%E5%BC%8F%E4%BC%9A%E7%A4%BE+%E3%83%AF%E3%83%BC%E3%82%B9%E3%82%B3%E3%83%B3%E3%82%B5%E3%83%AB/data=!4m7!3m6!1s0x6000b363338c66e5:0x9d5e68d2c2c6c2ed!8m2!3d34.2604785!4d135.2210687!16s%2Fg%2F1vl9rc00!19sChIJ5WaMM2OzAGAR7cLGwtJoXp0?authuser=0&hl=ja&rclk=1,和歌山市,和歌山市 Webコンサルティング会社
ウェルビーイング コンサルティング オフィス,https://wellbeing-wakayama.com/,和歌山市 友田町５丁目43番地,073-494-7778,https://www.google.com/maps/place/%E3%82%A6%E3%82%A7%E3%83%AB%E3%83%93%E3%83%BC%E3%82%A4%E3%83%B3%E3%82%B0+%E3%82%B3%E3%83%B3%E3%82%B5%E3%83%AB%E3%83%86%E3%82%A3%E3%83%B3%E3%82%B0+%E3%82%AA%E3%83%95%E3%82%A3%E3%82%B9/data=!4m7!3m6!1s0x6000b35aa7e9a8b3:0x4315ec587753db7b!8m2!3d34.2332004!4d135.1894317!16s%2Fg%2F11h6jnk_hl!19sChIJs6jpp1qzAGARe9tTd1jsFUM?authuser=0&hl=ja&rclk=1,和歌山市,和歌山市 Webコンサルティング会社
株式会社リビングリレーションズ ｜和歌山 ネット広告 WEB広告 和歌山市,http://www.livingrelations.jp/,和歌山市 小野町１丁目１８ サンケイ丸の内ビル 5F,073-433-1231,https://www.google.com/maps/place/%EF%BC%88%E6%A0%AA%EF%BC%89%E3%83%AA%E3%83%93%E3%83%B3%E3%82%B0%E3%83%AA%E3%83%AC%E3%83%BC%E3%82%B7%E3%83%A7%E3%83%B3%E3%82%BA+%EF%BD%9C%E5%92%8C%E6%AD%8C%E5%B1%B1+%E3%83%8D%E3%83%83%E3%83%88%E5%BA%83%E5%91%8A+WEB%E5%BA%83%E5%91%8A+%E5%92%8C%E6%AD%8C%E5%B1%B1%E5%B8%82/data=!4m7!3m6!1s0x6000b294a8489585:0x41a8b93454c387c4!8m2!3d34.2322326!4d135.1677134!16s%2Fg%2F1tf_sr4x!19sChIJhZVIqJSyAGARxIfDVDS5qEE?authuser=0&hl=ja&rclk=1,和歌山市,和歌山市 リスティング広告運用会社
アドネット株式会社,https://www.adnet-ltd.com/,和歌山市 和歌川町５−３,073-448-3303,https://www.google.com/maps/place/%E3%82%A2%E3%83%89%E3%83%8D%E3%83%83%E3%83%88%E6%A0%AA%E5%BC%8F%E4%BC%9A%E7%A4%BE/data=!4m7!3m6!1s0x60074d184de5daed:0x1bcc3d108bba65f5!8m2!3d34.1954269!4d135.1796104!16s%2Fg%2F1w2yzdm9!19sChIJ7drlTRhNB2AR9WW6ixA9zBs?authuser=0&hl=ja&rclk=1,和歌山市,和歌山市 リスティング広告運用会社
株式会社 和歌山印刷所,https://www.wa-in.co.jp/,和歌山市 狐島609番地の9,073-451-4111,https://www.google.com/maps/place/%E6%A0%AA%E5%BC%8F%E4%BC%9A%E7%A4%BE+%E5%92%8C%E6%AD%8C%E5%B1%B1%E5%8D%B0%E5%88%B7%E6%89%80/data=!4m7!3m6!1s0x6000b27735483b61:0x314bcd41942efacf!8m2!3d34.2489638!4d135.1540373!16s%2Fg%2F11btrr9kzs!19sChIJYTtINXeyAGARz_oulEHNSzE?authuser=0&hl=ja&rclk=1,和歌山市,和歌山市 リスティング広告運用会社
hum design,https://humdesign.jp/,岡山市 大供２丁目８−５ プレアール 2 1F,086-238-4113,https://www.google.com/maps/place/hum+design/data=!4m7!3m6!1s0x355407a4c4445927:0x960f8a3850fe9965!8m2!3d34.6557826!4d133.9180128!16s%2Fg%2F11b5pjnjg8!19sChIJJ1lExKQHVDURZZn-UDiKD5Y?authuser=0&hl=ja&rclk=1,岡山市,岡山市 Webコンサルティング会社
バズアンドタッチ,https://www.buzzandtatchi.shop/,岡山市 清水４９１−１,090-5693-0505,https://www.google.com/maps/place/%E3%83%90%E3%82%BA%E3%82%A2%E3%83%B3%E3%83%89%E3%82%BF%E3%83%83%E3%83%81/data=!4m7!3m6!1s0x81fccf0dbbae3189:0x65c31397967b2fb2!8m2!3d34.6828032!4d133.965517!16s%2Fg%2F11xnn123pr!19sChIJiTGuuw3P_IERsi97lpcTw2U?authuser=0&hl=ja&rclk=1,岡山市,岡山市 Webコンサルティング会社
株式会社シンシア,https://cynthia72.co.jp/,岡山市 邑久町上山田６８１,090-2297-0002,https://www.google.com/maps/place/%E6%A0%AA%E5%BC%8F%E4%BC%9A%E7%A4%BE%E3%82%B7%E3%83%B3%E3%82%B7%E3%82%A2/data=!4m7!3m6!1s0x355473211a52e323:0xae08de43bab1dc03!8m2!3d34.6409449!4d134.1155276!16s%2Fg%2F11zfq9gx7s!19sChIJI-NSGiFzVDURA9yxukPeCK4?authuser=0&hl=ja&rclk=1,岡山市,岡山市 リスティング広告運用会社
合同会社WEBコンサルティングα,http://www.webconsul.jp/,広島市 広瀬北町３−１１ 和光広瀬ビル4F,082-205-0522,https://www.google.com/maps/place/%E5%90%88%E5%90%8C%E4%BC%9A%E7%A4%BEWEB%E3%82%B3%E3%83%B3%E3%82%B5%E3%83%AB%E3%83%86%E3%82%A3%E3%83%B3%E3%82%B0%CE%B1/data=!4m7!3m6!1s0x355aa275effac49b:0xd4c3aaaa3e4716c7!8m2!3d34.4033372!4d132.4485637!16s%2Fg%2F12cnpnblx!19sChIJm8T673WiWjURxxZHPqqqw9Q?authuser=0&hl=ja&rclk=1,広島市,広島市 Webコンサルティング会社
KYSコンサルティング株式会社,https://kys-consulting.com/,広島市 橋本町２−１８ Ｆｏｒｕｍ幟町 2番18-702号,090-9410-1499,https://www.google.com/maps/place/KYS%E3%82%B3%E3%83%B3%E3%82%B5%E3%83%AB%E3%83%86%E3%82%A3%E3%83%B3%E3%82%B0%E6%A0%AA%E5%BC%8F%E4%BC%9A%E7%A4%BE/data=!4m7!3m6!1s0x355a9942e7dd08f1:0x7313e3531fed6106!8m2!3d34.396095!4d132.4689513!16s%2Fg%2F11jzd1g6x5!19sChIJ8Qjd50KZWjURBmHtH1PjE3M?authuser=0&hl=ja&rclk=1,広島市,広島市 Webコンサルティング会社
マネジメントコンサルティング株式会社,https://mcc.jp.net/,福山市 寺町９−１２ ３F,050-7114-0556,https://www.google.com/maps/place/%E3%83%9E%E3%83%8D%E3%82%B8%E3%83%A1%E3%83%B3%E3%83%88%E3%82%B3%E3%83%B3%E3%82%B5%E3%83%AB%E3%83%86%E3%82%A3%E3%83%B3%E3%82%B0%E6%A0%AA%E5%BC%8F%E4%BC%9A%E7%A4%BE/data=!4m7!3m6!1s0x35511171cbb8b9fd:0x27fe6ae4276c8afd!8m2!3d34.4903762!4d133.3724863!16s%2Fg%2F11j0qmtv7v!19sChIJ_bm4y3ERUTUR_YpsJ-Rq_ic?authuser=0&hl=ja&rclk=1,福山市,福山市 Webコンサルティング会社
IXIEED株式会社（イクシード）,https://ixieed.co.jp/,福山市 野上町３丁目１２−１２,084-973-0211,https://www.google.com/maps/place/IXIEED%E6%A0%AA%E5%BC%8F%E4%BC%9A%E7%A4%BE%EF%BC%88%E3%82%A4%E3%82%AF%E3%82%B7%E3%83%BC%E3%83%89%EF%BC%89/data=!4m7!3m6!1s0x355110f4d6ffffff:0x6ebd92fe441587dc!8m2!3d34.4767043!4d133.3630048!16s%2Fg%2F11flgnm_c6!19sChIJ____1vQQUTUR3IcVRP6SvW4?authuser=0&hl=ja&rclk=1,福山市,福山市 リスティング広告運用会社
株式会社リクチコンサルタント,http://www.rikuchi-net.jp/,山口市 富田原町１−３０,083-922-1698,https://www.google.com/maps/place/%E6%A0%AA%E5%BC%8F%E4%BC%9A%E7%A4%BE%E3%83%AA%E3%82%AF%E3%83%81%E3%82%B3%E3%83%B3%E3%82%B5%E3%83%AB%E3%82%BF%E3%83%B3%E3%83%88/data=!4m7!3m6!1s0x354497005bf11933:0xfdea561df8509923!8m2!3d34.1626144!4d131.4665909!16s%2Fg%2F11yshgz_z2!19sChIJMxnxWwCXRDURI5lQ-B1W6v0?authuser=0&hl=ja&rclk=1,山口市,山口市 Webコンサルティング会社
合同会社システイル,https://sistail.jp/,徳島市 佐古四番町４−１５ くらまち 内,080-1988-5487,https://www.google.com/maps/place/%E5%90%88%E5%90%8C%E4%BC%9A%E7%A4%BE%E3%82%B7%E3%82%B9%E3%83%86%E3%82%A4%E3%83%AB/data=!4m7!3m6!1s0x355373302444f30d:0x5220210c69a9b229!8m2!3d34.0774545!4d134.5334424!16s%2Fg%2F11y_t72y6_!19sChIJDfNEJDBzUzURKbKpaQwhIFI?authuser=0&hl=ja&rclk=1,徳島市,徳島市 Webコンサルティング会社
株式会社クリミティブ,http://www.cremitive.co.jp/,徳島市 応神町古川戎子野74−４ グリーンハイツ 106,088-624-8784,https://www.google.com/maps/place/%28%E6%A0%AA%29%E3%82%AF%E3%83%AA%E3%83%9F%E3%83%86%E3%82%A3%E3%83%96/data=!4m7!3m6!1s0x35536e0091bc0185:0x502ea280cbaf5dc3!8m2!3d34.102381!4d134.557516!16s%2Fg%2F11ddz9tcbf!19sChIJhQG8kQBuUzURw12vy4CiLlA?authuser=0&hl=ja&rclk=1,徳島市,徳島市 Webコンサルティング会社
ひとざい投資104株式会社,https://www.hitozaitoushi104.com/,徳島市 佐古六番町１１−11番8号 ヒトザイビル3 階A,080-3924-3148,https://www.google.com/maps/place/%E3%81%B2%E3%81%A8%E3%81%96%E3%81%84%E6%8A%95%E8%B3%87104%E6%A0%AA%E5%BC%8F%E4%BC%9A%E7%A4%BE/data=!4m7!3m6!1s0x355373c8ff25fdcf:0x31fc4349b7a8e334!8m2!3d34.0789077!4d134.5264653!16s%2Fg%2F11s0zj_t4b!19sChIJz_0l_8hzUzURNOOot0lD_DE?authuser=0&hl=ja&rclk=1,徳島市,徳島市 Webコンサルティング会社
株式会社アイデル,http://aidel.jp/,徳島市 東沖洲１丁目７ 1F,088-677-6777,https://www.google.com/maps/place/%EF%BC%88%E6%A0%AA%EF%BC%89%E3%82%A2%E3%82%A4%E3%83%87%E3%83%AB/data=!4m7!3m6!1s0x35536cf7147b5aad:0x84a97053725c8155!8m2!3d34.0645881!4d134.5984308!16s%2Fg%2F12m9c5wrq!19sChIJrVp7FPdsUzURVYFcclNwqYQ?authuser=0&hl=ja&rclk=1,徳島市,徳島市 リスティング広告運用会社
株式会社 小島マネジメント,https://ko-manage.com/,高松市 寿町２丁目２−１０ 高松寿町プライムビル ４階,087-804-7629,https://www.google.com/maps/place/%28%E6%A0%AA%29+%E5%B0%8F%E5%B3%B6%E3%83%9E%E3%83%8D%E3%82%B8%E3%83%A1%E3%83%B3%E3%83%88/data=!4m7!3m6!1s0x3553eb2828124a17:0x2c6e916c8941d0dd!8m2!3d34.3473179!4d134.0482126!16s%2Fg%2F11p18l0mhy!19sChIJF0oSKCjrUzUR3dBBiWyRbiw?authuser=0&hl=ja&rclk=1,高松市,高松市 Webコンサルティング会社
経費削減コンサルティングのCOAT株式会社,https://www.coat-sop6.com/,高松市 林町２２１７−１５ 香川産業頭脳化センタ 2107号,080-4027-2545,https://www.google.com/maps/place/%E7%B5%8C%E8%B2%BB%E5%89%8A%E6%B8%9B%E3%82%B3%E3%83%B3%E3%82%B5%E3%83%AB%E3%83%86%E3%82%A3%E3%83%B3%E3%82%B0%E3%81%AECOAT%28%E6%A0%AA%29/data=!4m7!3m6!1s0x3553ebff872654f7:0x3631f57ecfc16dd7!8m2!3d34.2943199!4d134.073219!16s%2Fg%2F11jj1wdk0c!19sChIJ91Qmh__rUzUR123Bz371MTY?authuser=0&hl=ja&rclk=1,高松市,高松市 Webコンサルティング会社
株式会社ジェイアール四国企画,https://www.jr-shikoku.co.jp/jr-kikaku/,高松市 浜ノ町８−２４,087-851-6885,https://www.google.com/maps/place/%28%E6%A0%AA%29%E3%82%B8%E3%82%A7%E3%82%A4%E3%82%A2%E3%83%BC%E3%83%AB%E5%9B%9B%E5%9B%BD%E4%BC%81%E7%94%BB/data=!4m7!3m6!1s0x3553eb8c549075a3:0xdcdd795251c2a46a!8m2!3d34.3497907!4d134.0415435!16s%2Fg%2F1vzg01xj!19sChIJo3WQVIzrUzURaqTCUVJ53dw?authuser=0&hl=ja&rclk=1,高松市,高松市 リスティング広告運用会社
株式会社フロコン,https://frocon.jp/,松山市 久万ノ台４１４ シエロドラーゴ 久万ノ台 302,089-993-7280,https://www.google.com/maps/place/%E6%A0%AA%E5%BC%8F%E4%BC%9A%E7%A4%BE%E3%83%95%E3%83%AD%E3%82%B3%E3%83%B3/data=!4m7!3m6!1s0x354fe5a65723b931:0x30b84e330dc52a2e!8m2!3d33.8627816!4d132.7496425!16s%2Fg%2F1v2kv7p3!19sChIJMbkjV6blTzURLirFDTNOuDA?authuser=0&hl=ja&rclk=1,松山市,松山市 Webコンサルティング会社
株式会社ビオトープ biotope,http://biotope-consulting.co.jp/,"松山市 リパップビル 6F、〒 愛媛 県 松山 市 三 番 町 ５ 丁目 １３−１０, ５丁目-１３-１０ 三番町",089-932-9517,https://www.google.com/maps/place/%E6%A0%AA%E5%BC%8F%E4%BC%9A%E7%A4%BE%E3%83%93%E3%82%AA%E3%83%88%E3%83%BC%E3%83%97+biotope/data=!4m7!3m6!1s0x354fe58c35b95555:0xda7ef6c9adc9659a!8m2!3d33.8385752!4d132.7624796!16s%2Fg%2F11cltg27kn!19sChIJVVW5NYzlTzURmmXJrcn2fto?authuser=0&hl=ja&rclk=1,松山市,松山市 Webコンサルティング会社
Ciras株式会社,https://www.ciras.jp/,松山市 萱町３丁目２番３ 9cross ５０１,050-3637-6324,https://www.google.com/maps/place/Ciras%E6%A0%AA%E5%BC%8F%E4%BC%9A%E7%A4%BE/data=!4m7!3m6!1s0x354fe54e6735b889:0x6d42c35c4071bf02!8m2!3d33.845601!4d132.7568388!16s%2Fg%2F11h3bsfmmb!19sChIJibg1Z07lTzURAr9xQFzDQm0?authuser=0&hl=ja&rclk=1,松山市,松山市 Webコンサルティング会社
ウェブ コンサルティング ラボ株式会社 関西オフィス,http://webconsultinglab.com/,松山市 辻町９−９,03-6876-1875,https://www.google.com/maps/place/%E3%82%A6%E3%82%A7%E3%83%96+%E3%82%B3%E3%83%B3%E3%82%B5%E3%83%AB%E3%83%86%E3%82%A3%E3%83%B3%E3%82%B0+%E3%83%A9%E3%83%9C%E6%A0%AA%E5%BC%8F%E4%BC%9A%E7%A4%BE+%E9%96%A2%E8%A5%BF%E3%82%AA%E3%83%95%E3%82%A3%E3%82%B9/data=!4m7!3m6!1s0x354fe583c762089f:0xf1d7ab6d575fb667!8m2!3d33.8429847!4d132.7499593!16s%2Fg%2F11wqj1yng7!19sChIJnwhix4PlTzURZ7ZfV22r1_E?authuser=0&hl=ja&rclk=1,松山市,松山市 Webコンサルティング会社
HR PLUS合同会社,https://hr-plus-saiyou.jp/,高知市 帯屋町１丁目１４−９ ゑり忠ビル 2F,,https://www.google.com/maps/place/HR+PLUS%E5%90%88%E5%90%8C%E4%BC%9A%E7%A4%BE/data=!4m7!3m6!1s0x354e194df27a5d0f:0x63902f5ba3e6777f!8m2!3d33.5606227!4d133.5383288!16s%2Fg%2F11y6g0vrks!19sChIJD1168k0ZTjURf3fmo1svkGM?authuser=0&hl=ja&rclk=1,高知市,高知市 Webコンサルティング会社
株式会社MXコンサルタント（上町支社）,https://mx-kochi.jp/,高知市 上町４丁目５−３,088-821-0007,https://www.google.com/maps/place/%E6%A0%AA%E5%BC%8F%E4%BC%9A%E7%A4%BEMX%E3%82%B3%E3%83%B3%E3%82%B5%E3%83%AB%E3%82%BF%E3%83%B3%E3%83%88%EF%BC%88%E4%B8%8A%E7%94%BA%E6%94%AF%E7%A4%BE%EF%BC%89/data=!4m7!3m6!1s0x354e1944ee4dc6fd:0xaeae2d193d71082a!8m2!3d33.5569748!4d133.5206982!16s%2Fg%2F11j6gqmrpn!19sChIJ_cZN7kQZTjURKghxPRktrq4?authuser=0&hl=ja&rclk=1,高知市,高知市 Webコンサルティング会社
WHITE DISH株式会社,https://whitedish.co.jp/,福岡市 天神２丁目３−3番10号 天神パインクレスト 719,,https://www.google.com/maps/place/WHITE+DISH%E6%A0%AA%E5%BC%8F%E4%BC%9A%E7%A4%BE/data=!4m7!3m6!1s0x354191aafdf48b6d:0xf1d45e0e065f9d2d!8m2!3d33.5868968!4d130.3980948!16s%2Fg%2F11mw597xwy!19sChIJbYv0_aqRQTURLZ1fBg5e1PE?authuser=0&hl=ja&rclk=1,福岡市,福岡市 リスティング広告運用会社
ロードランナー株式会社,http://loderunner.jp/,福岡市 薬院２丁目２−１８ 大地ビル 3階,,https://www.google.com/maps/place/%E3%83%AD%E3%83%BC%E3%83%89%E3%83%A9%E3%83%B3%E3%83%8A%E3%83%BC%E6%A0%AA%E5%BC%8F%E4%BC%9A%E7%A4%BE/data=!4m7!3m6!1s0x3541918cc92f347d:0x3ad1a62fffd964e5!8m2!3d33.5820343!4d130.3962996!16s%2Fg%2F11h191zm5j!19sChIJfTQvyYyRQTUR5WTZ_y-m0To?authuser=0&hl=ja&rclk=1,福岡市,福岡市 リスティング広告運用会社
株式会社マイティーエース【西日本新聞グループ】,https://mightyace.co.jp/,福岡市 今泉１丁目９−１４ 西日本新聞天神南ビル,092-737-8400,https://www.google.com/maps/place/%28%E6%A0%AA%29%E3%83%9E%E3%82%A4%E3%83%86%E3%82%A3%E3%83%BC%E3%82%A8%E3%83%BC%E3%82%B9%E3%80%90%E8%A5%BF%E6%97%A5%E6%9C%AC%E6%96%B0%E8%81%9E%E3%82%B0%E3%83%AB%E3%83%BC%E3%83%97%E3%80%91/data=!4m7!3m6!1s0x354191927e5490d5:0x77b12420c3fe1b86!8m2!3d33.5855593!4d130.4001517!16s%2Fg%2F11bbrnj_vt!19sChIJ1ZBUfpKRQTURhhv-wyAksXc?authuser=0&hl=ja&rclk=1,福岡市,福岡市 リスティング広告運用会社
株式会社Mapコンサルティング 北九州支店,https://www.map-con.co.jp/,北九州市 足原２丁目６−１ サンロワール足原,093-932-8850,https://www.google.com/maps/place/%EF%BC%88%E6%A0%AA%EF%BC%89Map%E3%82%B3%E3%83%B3%E3%82%B5%E3%83%AB%E3%83%86%E3%82%A3%E3%83%B3%E3%82%B0+%E5%8C%97%E4%B9%9D%E5%B7%9E%E6%94%AF%E5%BA%97/data=!4m7!3m6!1s0x3543c0a05d73f99d:0xd7d804e4252d6a9b!8m2!3d33.8661734!4d130.8960274!16s%2Fg%2F1hc5mbd_w!19sChIJnflzXaDAQzURm2otJeQE2Nc?authuser=0&hl=ja&rclk=1,北九州市,北九州市 Webコンサルティング会社
株式会社メディアリンク,http://an-link.co.jp/,北九州市 上蓮花寺１丁目２−１,0120-774-620,https://www.google.com/maps/place/%E6%A0%AA%E5%BC%8F%E4%BC%9A%E7%A4%BE%E3%83%A1%E3%83%87%E3%82%A3%E3%82%A2%E3%83%AA%E3%83%B3%E3%82%AF/data=!4m7!3m6!1s0x3543cf1e7040c927:0xd408954c907ada8a!8m2!3d33.822973!4d130.7254635!16s%2Fg%2F11bvwdlbz5!19sChIJJ8lAcB7PQzURitp6kEyVCNQ?authuser=0&hl=ja&rclk=1,北九州市,北九州市 リスティング広告運用会社
株式会社九広 本社,http://kyuko.co.jp/company.html,北九州市 竪町１丁目６−７ ジェイリンクビル,093-562-0931,https://www.google.com/maps/place/%EF%BC%88%E6%A0%AA%EF%BC%89%E4%B9%9D%E5%BA%83+%E6%9C%AC%E7%A4%BE/data=!4m7!3m6!1s0x3543b8af071f64d3:0xc458ea79f7976d22!8m2!3d33.884706!4d130.869875!16s%2Fg%2F1thk6jd9!19sChIJ02QfB6-4QzURIm2X93nqWMQ?authuser=0&hl=ja&rclk=1,北九州市,北九州市 リスティング広告運用会社
大和コンサル株式会社,http://www.daiwaconsul.co.jp/,久留米市 城南町２３−３,0942-33-8191,https://www.google.com/maps/place/%E5%A4%A7%E5%92%8C%E3%82%B3%E3%83%B3%E3%82%B5%E3%83%AB%EF%BC%88%E6%A0%AA%EF%BC%89/data=!4m7!3m6!1s0x3541a4f778f96a69:0x9ede0d0b335d4acc!8m2!3d33.32005!4d130.510029!16s%2Fg%2F1tk8lccq!19sChIJaWr5ePekQTURzEpdMwsN3p4?authuser=0&hl=ja&rclk=1,久留米市,久留米市 Webコンサルティング会社
福岡県久留米市の看板屋さん 株式会社 ピカソ,http://www.sign-picasso.com/,久留米市 東合川４丁目４−３,0942-43-0303,https://www.google.com/maps/place/%E7%A6%8F%E5%B2%A1%E7%9C%8C%E4%B9%85%E7%95%99%E7%B1%B3%E5%B8%82%E3%81%AE%E7%9C%8B%E6%9D%BF%E5%B1%8B%E3%81%95%E3%82%93+%E6%A0%AA%E5%BC%8F%E4%BC%9A%E7%A4%BE+%E3%83%94%E3%82%AB%E3%82%BD/data=!4m7!3m6!1s0x3541a6a692e6317d:0xef93ec08ca0debda!8m2!3d33.3168206!4d130.5573044!16s%2Fg%2F1tqfz34q!19sChIJfTHmkqamQTUR2usNygjsk-8?authuser=0&hl=ja&rclk=1,久留米市,久留米市 リスティング広告運用会社
株式会社ツクリテ くるめナビ編集局,https://kurumenavi.com/,久留米市 御井町４３９,0942-43-0588,https://www.google.com/maps/place/%E6%A0%AA%E5%BC%8F%E4%BC%9A%E7%A4%BE%E3%83%84%E3%82%AF%E3%83%AA%E3%83%86+%E3%81%8F%E3%82%8B%E3%82%81%E3%83%8A%E3%83%93%E7%B7%A8%E9%9B%86%E5%B1%80/data=!4m7!3m6!1s0x3541a447998d4007:0x18b5d2b1608a8e9b!8m2!3d33.3024883!4d130.552542!16s%2Fg%2F1tjz5r17!19sChIJB0CNmUekQTURm46KYLHStRg?authuser=0&hl=ja&rclk=1,久留米市,久留米市 リスティング広告運用会社
アスリードコンサルティングファーム株式会社,https://us-lead.jp/,佐賀市 呉服元町５−１９ 2階,0952-97-7330,https://www.google.com/maps/place/%E3%82%A2%E3%82%B9%E3%83%AA%E3%83%BC%E3%83%89%E3%82%B3%E3%83%B3%E3%82%B5%E3%83%AB%E3%83%86%E3%82%A3%E3%83%B3%E3%82%B0%E3%83%95%E3%82%A1%E3%83%BC%E3%83%A0%E6%A0%AA%E5%BC%8F%E4%BC%9A%E7%A4%BE/data=!4m7!3m6!1s0x3541cbd0782d1f29:0x1facf0ff51659cc2!8m2!3d33.2549307!4d130.3032706!16s%2Fg%2F11rn7p3jw8!19sChIJKR8teNDLQTURwpxlUf_wrB8?authuser=0&hl=ja&rclk=1,佐賀市,佐賀市 Webコンサルティング会社
株式会社エイチ・コンサルティング,http://www.eichi-con.com/,佐賀市 呉服元町２−１５ 呉服元町2-15 COTOCO215,0952-37-5883,https://www.google.com/maps/place/%28%E6%A0%AA%29%E3%82%A8%E3%82%A4%E3%83%81%E3%83%BB%E3%82%B3%E3%83%B3%E3%82%B5%E3%83%AB%E3%83%86%E3%82%A3%E3%83%B3%E3%82%B0/data=!4m7!3m6!1s0x3541ca73ff7eaaab:0x7b4e17abe8826487!8m2!3d33.25467!4d130.3037373!16s%2Fg%2F11dd_rmxsn!19sChIJq6p-_3PKQTURh2SC6KsXTns?authuser=0&hl=ja&rclk=1,佐賀市,佐賀市 Webコンサルティング会社
株式会社ローカルメディアラボ,https://lm-labs.com/,佐賀市 唐人２丁目５−８ 佐賀中央通りビル 6F,0952-97-9605,https://www.google.com/maps/place/%E6%A0%AA%E5%BC%8F%E4%BC%9A%E7%A4%BE%E3%83%AD%E3%83%BC%E3%82%AB%E3%83%AB%E3%83%A1%E3%83%87%E3%82%A3%E3%82%A2%E3%83%A9%E3%83%9C/data=!4m7!3m6!1s0x3541ca72a5cc001f:0xaee71a8f91ed3b02!8m2!3d33.2583633!4d130.2993365!16s%2Fg%2F1v_z23p3!19sChIJHwDMpXLKQTURAjvtkY8a564?authuser=0&hl=ja&rclk=1,佐賀市,佐賀市 Webコンサルティング会社
エンターアイ,https://enter-i.jp/,佐賀市 本庄町２８６−５,0952-24-3222,https://www.google.com/maps/place/%E3%82%A8%E3%83%B3%E3%82%BF%E3%83%BC%E3%82%A2%E3%82%A4/data=!4m7!3m6!1s0x3541ca8721bba4a5:0xbaefea77970a3b53!8m2!3d33.2387147!4d130.3025845!16s%2Fg%2F1xb2bbs_!19sChIJpaS7IYfKQTURUzsKl3fq77o?authuser=0&hl=ja&rclk=1,佐賀市,佐賀市 リスティング広告運用会社
アスタスク株式会社 佐賀営業所,https://astask.co.jp/,佐賀市 紺屋町７−１６,0952-37-6641,https://www.google.com/maps/place/%E3%82%A2%E3%82%B9%E3%82%BF%E3%82%B9%E3%82%AF%E6%A0%AA%E5%BC%8F%E4%BC%9A%E7%A4%BE+%E4%BD%90%E8%B3%80%E5%96%B6%E6%A5%AD%E6%89%80/data=!4m7!3m6!1s0x3541b5888d2bbb0b:0xd07708abaf5e778a!8m2!3d33.2478238!4d130.3119056!16s%2Fg%2F11jp9vlcdd!19sChIJC7srjYi1QTURinder6sId9A?authuser=0&hl=ja&rclk=1,佐賀市,佐賀市 リスティング広告運用会社
株式会社オリエントアイエヌジー,https://orient-ing.jp/,長崎市 馬町５５,095-821-5656,https://www.google.com/maps/place/%E6%A0%AA%E5%BC%8F%E4%BC%9A%E7%A4%BE%E3%82%AA%E3%83%AA%E3%82%A8%E3%83%B3%E3%83%88%E3%82%A2%E3%82%A4%E3%82%A8%E3%83%8C%E3%82%B8%E3%83%BC/data=!4m7!3m6!1s0x35155348df0410a9:0xf4f6b85eaaf933d3!8m2!3d32.7524883!4d129.882575!16s%2Fg%2F1tzglz_x!19sChIJqRAE30hTFTUR0zP5ql649vQ?authuser=0&hl=ja&rclk=1,長崎市,長崎市 Webコンサルティング会社
グローバル・マネジメント株式会社,https://glo-mana.jp/,長崎市 大浜町１６０５−１,095-895-5501,https://www.google.com/maps/place/%E3%82%B0%E3%83%AD%E3%83%BC%E3%83%90%E3%83%AB%E3%83%BB%E3%83%9E%E3%83%8D%E3%82%B8%E3%83%A1%E3%83%B3%E3%83%88%E6%A0%AA%E5%BC%8F%E4%BC%9A%E7%A4%BE/data=!4m7!3m6!1s0x3515533c759e3621:0xb2857edb277774a7!8m2!3d32.7446315!4d129.8294785!16s%2Fg%2F11clwjq0cq!19sChIJITaedTxTFTURp3R3J9t-hbI?authuser=0&hl=ja&rclk=1,長崎市,長崎市 Webコンサルティング会社
インプルーブ熊本,https://www.microbubble-men.com/,熊本市 上南部３丁目３２−１０,096-295-1704,https://www.google.com/maps/place/%E3%82%A4%E3%83%B3%E3%83%97%E3%83%AB%E3%83%BC%E3%83%96%E7%86%8A%E6%9C%AC/data=!4m7!3m6!1s0x3540f0d8524334ef:0x760bd41cbdb552c4!8m2!3d32.8382641!4d130.7757127!16s%2Fg%2F1pp2tzyt_!19sChIJ7zRDUtjwQDURxFK1vRzUC3Y?authuser=0&hl=ja&rclk=1,熊本市,熊本市 Webコンサルティング会社
株式会社CDP 熊本,http://www.cdp-inc.jp/,熊本市 本荘４丁目７−１４,096-374-8100,https://www.google.com/maps/place/%E6%A0%AA%E5%BC%8F%E4%BC%9A%E7%A4%BECDP+%E7%86%8A%E6%9C%AC/data=!4m7!3m6!1s0x3540f4713dc7b5af:0xce22528327b84399!8m2!3d32.7934297!4d130.7096305!16s%2Fg%2F1tg9qgfv!19sChIJr7XHPXH0QDURmUO4J4NSIs4?authuser=0&hl=ja&rclk=1,熊本市,熊本市 Webコンサルティング会社
株式会社エイトラボ,https://8lab.co.jp/,熊本市 清水万石４丁目５−５３,096-202-1881,https://www.google.com/maps/place/%E6%A0%AA%E5%BC%8F%E4%BC%9A%E7%A4%BE%E3%82%A8%E3%82%A4%E3%83%88%E3%83%A9%E3%83%9C/data=!4m7!3m6!1s0x3540f0d8524334ef:0xe55c6d4948745066!8m2!3d32.8327858!4d130.7288061!16s%2Fg%2F1hdzgx2kf!19sChIJ7zRDUtjwQDURZlB0SEltXOU?authuser=0&hl=ja&rclk=1,熊本市,熊本市 Webコンサルティング会社
株式会社ネットワーク・株式会社家族の窓口,https://network-net.co.jp/,熊本市 九品寺３丁目１５−４,096-366-2277,https://www.google.com/maps/place/%E6%A0%AA%E5%BC%8F%E4%BC%9A%E7%A4%BE%E3%83%8D%E3%83%83%E3%83%88%E3%83%AF%E3%83%BC%E3%82%AF%E3%83%BB%E6%A0%AA%E5%BC%8F%E4%BC%9A%E7%A4%BE%E5%AE%B6%E6%97%8F%E3%81%AE%E7%AA%93%E5%8F%A3/data=!4m7!3m6!1s0x3540f38abae7959d:0xa38459e389810550!8m2!3d32.7962396!4d130.716567!16s%2Fg%2F1tnjgbff!19sChIJnZXnuorzQDURUAWBieNZhKM?authuser=0&hl=ja&rclk=1,熊本市,熊本市 リスティング広告運用会社
株式会社 THINK-DO.BE,https://www.think-do-be.jp/,大分市 今津留２丁目１−1番27号 ラトゥール今津留 302,097-535-8311,https://www.google.com/maps/place/%E6%A0%AA%E5%BC%8F%E4%BC%9A%E7%A4%BE+THINK-DO.BE/data=!4m7!3m6!1s0x35469f81e6ec79b7:0x3b746b01622420ca!8m2!3d33.2408045!4d131.6260315!16s%2Fg%2F11j7dbsq5r!19sChIJt3ns5oGfRjURyiAkYgFrdDs?authuser=0&hl=ja&rclk=1,大分市,大分市 Webコンサルティング会社
株式会社 リライアブル・コンサルティング,https://reliable-consulting.info/,大分市 豊饒２丁目２−2番54 フォレストB／Ⅱ９０２,097-547-7177,https://www.google.com/maps/place/%E6%A0%AA%E5%BC%8F%E4%BC%9A%E7%A4%BE+%E3%83%AA%E3%83%A9%E3%82%A4%E3%82%A2%E3%83%96%E3%83%AB%E3%83%BB%E3%82%B3%E3%83%B3%E3%82%B5%E3%83%AB%E3%83%86%E3%82%A3%E3%83%B3%E3%82%B0/data=!4m7!3m6!1s0x3546a303f51bc551:0x4a47cf78ee6e0fd2!8m2!3d33.2098551!4d131.5972992!16s%2Fg%2F11h_4_7hcy!19sChIJUcUb9QOjRjUR0g9u7njPR0o?authuser=0&hl=ja&rclk=1,大分市,大分市 Webコンサルティング会社
LRコンサルティング株式会社,https://lrconsul.com/about/,大分市 中春日町５−３２ サンライト春日 208号,097-547-8887,https://www.google.com/maps/place/LR%E3%82%B3%E3%83%B3%E3%82%B5%E3%83%AB%E3%83%86%E3%82%A3%E3%83%B3%E3%82%B0%E6%A0%AA%E5%BC%8F%E4%BC%9A%E7%A4%BE/data=!4m7!3m6!1s0x3546a1ab8a5bc4dd:0x63cabf76a2505958!8m2!3d33.2387812!4d131.5976089!16s%2Fg%2F11rs0ssp39!19sChIJ3cRbiquhRjURWFlQona_ymM?authuser=0&hl=ja&rclk=1,大分市,大分市 Webコンサルティング会社
Shiiimo,https://shiiimo.com/,大分市 青葉台２丁目１−８,,https://www.google.com/maps/place/Shiiimo/data=!4m7!3m6!1s0x4d094147cc62492d:0xb477b0b567ec4ade!8m2!3d33.2285957!4d131.5782784!16s%2Fg%2F11sr0h1n0s!19sChIJLUlizEdBCU0R3krsZ7Wwd7Q?authuser=0&hl=ja&rclk=1,大分市,大分市 リスティング広告運用会社
大分折込株式会社,https://oita-orikomi.co.jp/,大分市 王子港町１−２５,097-533-1128,https://www.google.com/maps/place/%E5%A4%A7%E5%88%86%E6%8A%98%E8%BE%BC%EF%BC%88%E6%A0%AA%EF%BC%89/data=!4m7!3m6!1s0x3546a1cfbaf2dad9:0x95ab0c1d3efb43f6!8m2!3d33.2450168!4d131.5894368!16s%2Fg%2F1td1mp1x!19sChIJ2dryus-hRjUR9kP7Ph0Mq5U?authuser=0&hl=ja&rclk=1,大分市,大分市 リスティング広告運用会社
株式会社あふれる,http://www.afureru.jp/,宮崎市 橘通東３丁目６−３３ 井脇ビル,0985-82-7820,https://www.google.com/maps/place/%E6%A0%AA%E5%BC%8F%E4%BC%9A%E7%A4%BE%E3%81%82%E3%81%B5%E3%82%8C%E3%82%8B/data=!4m7!3m6!1s0x3538b75f7678df63:0x61922aff45995ec!8m2!3d31.9152478!4d131.424979!16s%2Fg%2F11mtgkw79z!19sChIJY994dl-3ODUR7JVZ9K8iGQY?authuser=0&hl=ja&rclk=1,宮崎市,宮崎市 リスティング広告運用会社
株式会社ポリバレント,https://www.polyvalent.co.jp/,宮崎市 恒久３丁目２番地１８,0985-89-5883,https://www.google.com/maps/place/%EF%BC%88%E6%A0%AA%EF%BC%89%E3%83%9D%E3%83%AA%E3%83%90%E3%83%AC%E3%83%B3%E3%83%88/data=!4m7!3m6!1s0x3538b77155532373:0x4f2722467efb1d1d!8m2!3d31.8951442!4d131.4318649!16s%2Fg%2F11bccmx4tl!19sChIJcyNTVXG3ODURHR37fkYiJ08?authuser=0&hl=ja&rclk=1,宮崎市,宮崎市 リスティング広告運用会社
MS企画株式会社 宮崎オフィス,https://mspad.jp/,宮崎市 神宮１丁目２５０ COMPLEX2階,0985-64-8716,https://www.google.com/maps/place/MS%E4%BC%81%E7%94%BB%28%E6%A0%AA%29+%E5%AE%AE%E5%B4%8E%E3%82%AA%E3%83%95%E3%82%A3%E3%82%B9/data=!4m7!3m6!1s0x3538b7c1257fa047:0xcda59fb9d8fce9a9!8m2!3d31.9332183!4d131.4214423!16s%2Fg%2F11try3m5m7!19sChIJR6B_JcG3ODURqen82Lmfpc0?authuser=0&hl=ja&rclk=1,宮崎市,宮崎市 リスティング広告運用会社
株式会社ＷＩＳＨシステムコンサルティング,https://wish-sc.co.jp/,鹿児島市 東千石町１４−１０ 天文館Nnビル 7F,099-219-7623,https://www.google.com/maps/place/%EF%BC%88%E6%A0%AA%EF%BC%89%EF%BC%B7%EF%BC%A9%EF%BC%B3%EF%BC%A8%E3%82%B7%E3%82%B9%E3%83%86%E3%83%A0%E3%82%B3%E3%83%B3%E3%82%B5%E3%83%AB%E3%83%86%E3%82%A3%E3%83%B3%E3%82%B0/data=!4m7!3m6!1s0x353e5e002625aa57:0x1abe54633874549d!8m2!3d31.5912129!4d130.5552663!16s%2Fg%2F11btrrf1z9!19sChIJV6olJgBePjURnVR0OGNUvho?authuser=0&hl=ja&rclk=1,鹿児島市,鹿児島市 Webコンサルティング会社
株式会社WEBLOG,http://weblog-co-ltd.com/,鹿児島市 樋之口町９−１ かまつきビル 3F,099-248-7377,https://www.google.com/maps/place/%E6%A0%AA%E5%BC%8F%E4%BC%9A%E7%A4%BEWEBLOG/data=!4m7!3m6!1s0x353e61da54e0e967:0x66367f34ee0e75dc!8m2!3d31.5867619!4d130.5552861!16s%2Fg%2F11fv4jzfc5!19sChIJZ-ngVNphPjUR3HUO7jR_NmY?authuser=0&hl=ja&rclk=1,鹿児島市,鹿児島市 Webコンサルティング会社
キング鉄道広告株式会社,https://king-ad.jp/,鹿児島市 中央町9−１９−１０１,099-258-1381,https://www.google.com/maps/place/%E3%82%AD%E3%83%B3%E3%82%B0%E9%89%84%E9%81%93%E5%BA%83%E5%91%8A%EF%BC%88%E6%A0%AA%EF%BC%89/data=!4m7!3m6!1s0x353e674fc520e7db:0x776c097e57f6a40f!8m2!3d31.584705!4d130.544984!16s%2Fg%2F1tdpczc5!19sChIJ2-cgxU9nPjURD6T2V34JbHc?authuser=0&hl=ja&rclk=1,鹿児島市,鹿児島市 リスティング広告運用会社
株式会社サイズサイン,https://sizesign.olly.jp/,鹿児島市 西別府町３１１６−１３９,099-248-9140,https://www.google.com/maps/place/%E6%A0%AA%E5%BC%8F%E4%BC%9A%E7%A4%BE%E3%82%B5%E3%82%A4%E3%82%BA%E3%82%B5%E3%82%A4%E3%83%B3/data=!4m7!3m6!1s0x353e67409a843889:0xf746dbda3b507083!8m2!3d31.5883749!4d130.5068053!16s%2Fg%2F11bzq1kww_!19sChIJiTiEmkBnPjURg3BQO9rbRvc?authuser=0&hl=ja&rclk=1,鹿児島市,鹿児島市 リスティング広告運用会社
株式会社ノイズ・バリュー社,https://noisevalue.co.jp/,那覇市 泉崎２丁目2−７ 5階,098-987-5775,https://www.google.com/maps/place/%E6%A0%AA%E5%BC%8F%E4%BC%9A%E7%A4%BE%E3%83%8E%E3%82%A4%E3%82%BA%E3%83%BB%E3%83%90%E3%83%AA%E3%83%A5%E3%83%BC%E7%A4%BE/data=!4m7!3m6!1s0x34e56bdd262d302d:0x8dd06e1426b4034b!8m2!3d26.2104872!4d127.6817689!16s%2Fg%2F12hv4w4pm!19sChIJLTAtJt1r5TQRSwO0JhRu0I0?authuser=0&hl=ja&rclk=1,那覇市,那覇市 Webコンサルティング会社
株式会社 Double Squares,https://double-squares.co.jp/,那覇市 久茂地１丁目１−１ 9階,098-894-2617,https://www.google.com/maps/place/%E6%A0%AA%E5%BC%8F%E4%BC%9A%E7%A4%BE+Double+Squares/data=!4m7!3m6!1s0x34e5699dbf5d4f01:0x6efa16535b4e3e7c!8m2!3d26.2138009!4d127.6793009!16s%2Fg%2F11ggmh5plt!19sChIJAU9dv51p5TQRfD5OW1MW-m4?authuser=0&hl=ja&rclk=1,那覇市,那覇市 Webコンサルティング会社
北海道定着就労支援,https://subsaku.com/hokkaido_shuroshien/,旭川市 緑が丘南１条２丁目４−６,0166-73-6709,https://www.google.com/maps/place/%E5%8C%97%E6%B5%B7%E9%81%93%E5%AE%9A%E7%9D%80%E5%B0%B1%E5%8A%B4%E6%94%AF%E6%8F%B4/data=!4m7!3m6!1s0x5f0ce9d0e34e93af:0x767a7ef00951920f!8m2!3d43.7302313!4d142.3733715!16s%2Fg%2F11z4sf__5g!19sChIJr5NO49DpDF8RD5JRCfB-enY?authuser=0&hl=ja&rclk=1,旭川市,旭川市 販促支援会社
㈱ルシダス 旭川本社,https://www.lucidas.co.jp/,旭川市 西神楽２線,,https://www.google.com/maps/place/%E3%88%B1%E3%83%AB%E3%82%B7%E3%83%80%E3%82%B9+%E6%97%AD%E5%B7%9D%E6%9C%AC%E7%A4%BE/data=!4m7!3m6!1s0x5f0cc48104d0effb:0x4f3d1aa3c9e6fa4e!8m2!3d43.6426075!4d142.4515096!16s%2Fg%2F11g6xksj_k!19sChIJ--_QBIHEDF8RTvrmyaMaPU8?authuser=0&hl=ja&rclk=1,旭川市,旭川市 販促支援会社
エンターテインメントアカデミーでじるみ旭川 就労継続支援B型事業所,https://digilumi.jp/asahikawa/,旭川市 旭町１条５丁目８４１−２１,0166-73-3319,https://www.google.com/maps/place/%E3%82%A8%E3%83%B3%E3%82%BF%E3%83%BC%E3%83%86%E3%82%A4%E3%83%B3%E3%83%A1%E3%83%B3%E3%83%88%E3%82%A2%E3%82%AB%E3%83%87%E3%83%9F%E3%83%BC%E3%81%A7%E3%81%98%E3%82%8B%E3%81%BF%E6%97%AD%E5%B7%9D+%E5%B0%B1%E5%8A%B4%E7%B6%99%E7%B6%9A%E6%94%AF%E6%8F%B4B%E5%9E%8B%E4%BA%8B%E6%A5%AD%E6%89%80/data=!4m7!3m6!1s0x5f0ce519539a8a47:0x84dd0535271ef7d7!8m2!3d43.7842443!4d142.3560072!16s%2Fg%2F11ld37sqh9!19sChIJR4qaUxnlDF8R1_ceJzUF3YQ?authuser=0&hl=ja&rclk=1,旭川市,旭川市 販促支援会社
旭川会社設立・経営相談「北海道中小企業みらい研究所」,http://www.switzerland.co.jp/,旭川市 4丁目234番地2F,050-5532-7888,https://www.google.com/maps/place/%E6%97%AD%E5%B7%9D%E4%BC%9A%E7%A4%BE%E8%A8%AD%E7%AB%8B%E3%83%BB%E7%B5%8C%E5%96%B6%E7%9B%B8%E8%AB%87%E3%80%8C%E5%8C%97%E6%B5%B7%E9%81%93%E4%B8%AD%E5%B0%8F%E4%BC%81%E6%A5%AD%E3%81%BF%E3%82%89%E3%81%84%E7%A0%94%E7%A9%B6%E6%89%80%E3%80%8D/data=!4m7!3m6!1s0x5f0cc2f52e611071:0xc52987fc535457a9!8m2!3d43.68356!4d142.386704!16s%2Fg%2F1hc22x8f5!19sChIJcRBhLvXCDF8RqVdUU_yHKcU?authuser=0&hl=ja&rclk=1,旭川市,旭川市 販促支援会社
一般財団法人 旭川産業創造プラザ,https://www.arc-net.or.jp/,旭川市 緑が丘東１条３丁目１−６,0166-68-2820,https://www.google.com/maps/place/%E4%B8%80%E8%88%AC%E8%B2%A1%E5%9B%A3%E6%B3%95%E4%BA%BA+%E6%97%AD%E5%B7%9D%E7%94%A3%E6%A5%AD%E5%89%B5%E9%80%A0%E3%83%97%E3%83%A9%E3%82%B6/data=!4m7!3m6!1s0x5f0ce80a150945bd:0xea0eb1d0bacaa656!8m2!3d43.7245497!4d142.3941356!16s%2Fg%2F1tcwlc8r!19sChIJvUUJFQroDF8RVqbKutCxDuo?authuser=0&hl=ja&rclk=1,旭川市,旭川市 販促支援会社
障害者就労支援事業Step,http://www.step-asahikawa.jp/,旭川市 ５条通１８丁目７６５−５,0166-73-8058,https://www.google.com/maps/place/%E9%9A%9C%E5%AE%B3%E8%80%85%E5%B0%B1%E5%8A%B4%E6%94%AF%E6%8F%B4%E4%BA%8B%E6%A5%ADStep/data=!4m7!3m6!1s0x5f0ce66a60f7ceab:0x685a2b03cd1a0a7f!8m2!3d43.7652729!4d142.3773146!16s%2Fg%2F11b5pj93ln!19sChIJq873YGrmDF8RfwoazQMrWmg?authuser=0&hl=ja&rclk=1,旭川市,旭川市 販促支援会社
セールスプロモーションのマーキュリー 北北海道採用センター｜㈱マーキュリー,https://mercury-group.co.jp/,旭川市 １条通８丁目５４２−４ 一条緑橋通ビル6階,0166-74-5232,https://www.google.com/maps/place/%E3%82%BB%E3%83%BC%E3%83%AB%E3%82%B9%E3%83%97%E3%83%AD%E3%83%A2%E3%83%BC%E3%82%B7%E3%83%A7%E3%83%B3%E3%81%AE%E3%83%9E%E3%83%BC%E3%82%AD%E3%83%A5%E3%83%AA%E3%83%BC+%E5%8C%97%E5%8C%97%E6%B5%B7%E9%81%93%E6%8E%A1%E7%94%A8%E3%82%BB%E3%83%B3%E3%82%BF%E3%83%BC%EF%BD%9C%E3%88%B1%E3%83%9E%E3%83%BC%E3%82%AD%E3%83%A5%E3%83%AA%E3%83%BC/data=!4m7!3m6!1s0x5f0ce7d4982ed22b:0x5825e856e6742d6d!8m2!3d43.7656833!4d142.3604691!16s%2Fg%2F11t0pvr5g9!19sChIJK9IumNTnDF8RbS105lboJVg?authuser=0&hl=ja&rclk=1,旭川市,旭川市 プロモーション会社
Rave project,http://raveproject.jp/,旭川市 豊岡４条６丁目１３−３,050-3391-6134,https://www.google.com/maps/place/Rave+project/data=!4m7!3m6!1s0x5f0ce76320d73db1:0x2e0984488051e572!8m2!3d43.7591404!4d142.4086387!16s%2Fg%2F11g0g936y9!19sChIJsT3XIGPnDF8RcuVRgEiECS4?authuser=0&hl=ja&rclk=1,旭川市,旭川市 プロモーション会社
㈱アド･レシーブ,https://adreceive.webnode.jp/,旭川市 旭神１条５丁目１−３８,0166-68-2051,https://www.google.com/maps/place/%E3%88%B1%E3%82%A2%E3%83%89%EF%BD%A5%E3%83%AC%E3%82%B7%E3%83%BC%E3%83%96/data=!4m7!3m6!1s0x5f0ce7db4245eeeb:0xd470c988bc77bf5c!8m2!3d43.7356515!4d142.396347!16s%2Fg%2F1tjtj212!19sChIJ6-5FQtvnDF8RXL93vIjJcNQ?authuser=0&hl=ja&rclk=1,旭川市,旭川市 プロモーション会社
㈱北海道録画センター,http://www.eolas.co.jp/rokuga/,旭川市 ７条通１３丁目６０−１９ メディアビル 2階,0166-25-2700,https://www.google.com/maps/place/%E3%88%B1%E5%8C%97%E6%B5%B7%E9%81%93%E9%8C%B2%E7%94%BB%E3%82%BB%E3%83%B3%E3%82%BF%E3%83%BC/data=!4m7!3m6!1s0x5f0ce66db042d1b7:0x1fcf7645d1025fcd!8m2!3d43.7701599!4d142.3707682!16s%2Fg%2F1tf1bk89!19sChIJt9FCsG3mDF8RzV8C0UV2zx8?authuser=0&hl=ja&rclk=1,旭川市,旭川市 プロモーション会社
㈱20パーセント,http://www.20pct.com/,旭川市 ２条通８丁目左１,0166-76-1045,https://www.google.com/maps/place/%E3%88%B120%E3%83%91%E3%83%BC%E3%82%BB%E3%83%B3%E3%83%88/data=!4m7!3m6!1s0x5f0ce6126bf86e0b:0x88600fd131c3347f!8m2!3d43.767032!4d142.3601742!16s%2Fg%2F11r96zl1m!19sChIJC274axLmDF8RfzTDMdEPYIg?authuser=0&hl=ja&rclk=1,旭川市,旭川市 プロモーション会社
㈲サウンド企画,http://www.sound-kikaku.com/,旭川市 近文町１３丁目２６８８−１５,0166-76-9490,https://www.google.com/maps/place/%E3%88%B2%E3%82%B5%E3%82%A6%E3%83%B3%E3%83%89%E4%BC%81%E7%94%BB/data=!4m7!3m6!1s0x5f0ce68c4b7f9b4b:0xf03eed58a10e630f!8m2!3d43.782651!4d142.3354367!16s%2Fg%2F1tg9hbzn!19sChIJS5t_S4zmDF8RD2MOoVjtPvA?authuser=0&hl=ja&rclk=1,旭川市,旭川市 プロモーション会社
㈱tone,http://to-ne.jp/,旭川市 ９条通８丁目２４８６−２１,,https://www.google.com/maps/place/%E3%88%B1tone/data=!4m7!3m6!1s0x5f0ce67392784b93:0x18cd861beffb672d!8m2!3d43.7744525!4d142.3647183!16s%2Fg%2F11vyr0yw16!19sChIJk0t4knPmDF8RLWf77xuGzRg?authuser=0&hl=ja&rclk=1,旭川市,旭川市 プロモーション会社
就労移行支援事業所 ポンテ,http://ponte-hakodate.com/,函館市 本町２９−２９ ２F,0138-30-3366,https://www.google.com/maps/place/%E5%B0%B1%E5%8A%B4%E7%A7%BB%E8%A1%8C%E6%94%AF%E6%8F%B4%E4%BA%8B%E6%A5%AD%E6%89%80+%E3%83%9D%E3%83%B3%E3%83%86/data=!4m7!3m6!1s0x5f9ef47ac2893999:0x30991cc38da7daa9!8m2!3d41.7882633!4d140.7550665!16s%2Fg%2F11hcdrwkh_!19sChIJmTmJwnr0nl8RqdqnjcMcmTA?authuser=0&hl=ja&rclk=1,函館市,函館市 販促支援会社
就労支援準備支援事務所リビングシンク,https://www.st-h.org/lt/,函館市 杉並町８−２０ オカダビル,0138-83-6950,https://www.google.com/maps/place/%E5%B0%B1%E5%8A%B4%E6%94%AF%E6%8F%B4%E6%BA%96%E5%82%99%E6%94%AF%E6%8F%B4%E4%BA%8B%E5%8B%99%E6%89%80%E3%83%AA%E3%83%93%E3%83%B3%E3%82%B0%E3%82%B7%E3%83%B3%E3%82%AF/data=!4m7!3m6!1s0x5f9ef500595b90cf:0xb9fb0fd2d08ec74e!8m2!3d41.7890973!4d140.7569453!16s%2Fg%2F11wmt6fz1n!19sChIJz5BbWQD1nl8RTseO0NIP-7k?authuser=0&hl=ja&rclk=1,函館市,函館市 販促支援会社
すくえあーはこだて｜㈱NTS,https://square-nts.jp/,函館市 桔梗３丁目２５−４,0138-76-6000,https://www.google.com/maps/place/%E3%81%99%E3%81%8F%E3%81%88%E3%81%82%E3%83%BC%E3%81%AF%E3%81%93%E3%81%A0%E3%81%A6%EF%BD%9C%E3%88%B1NTS/data=!4m7!3m6!1s0x5f9ef79085368787:0x888a83c3d41e3009!8m2!3d41.8466796!4d140.7241597!16s%2Fg%2F11yfg29ffy!19sChIJh4c2hZD3nl8RCTAe1MODiog?authuser=0&hl=ja&rclk=1,函館市,函館市 販促支援会社
地域サービスセンターはこだて 就労継続支援B型事業所,https://jledhokkaido.jimdofree.com/,函館市 中島町２５−１８ ３Ｆ 中島れんばいふれあいセンタ,,https://www.google.com/maps/place/%E5%9C%B0%E5%9F%9F%E3%82%B5%E3%83%BC%E3%83%93%E3%82%B9%E3%82%BB%E3%83%B3%E3%82%BF%E3%83%BC%E3%81%AF%E3%81%93%E3%81%A0%E3%81%A6+%E5%B0%B1%E5%8A%B4%E7%B6%99%E7%B6%9A%E6%94%AF%E6%8F%B4B%E5%9E%8B%E4%BA%8B%E6%A5%AD%E6%89%80/data=!4m7!3m6!1s0x5f9ef31c062e6ad7:0x62cdd10175bff656!8m2!3d41.7816685!4d140.7423718!16s%2Fg%2F11v5xxm5cr!19sChIJ12ouBhzznl8RVva_dQHRzWI?authuser=0&hl=ja&rclk=1,函館市,函館市 販促支援会社
キャリアバンク㈱ 函館支店,http://www.career-bank.co.jp/company/branch/hakodate.html,函館市 五稜郭町１−１４,0138-55-2001,https://www.google.com/maps/place/%E3%82%AD%E3%83%A3%E3%83%AA%E3%82%A2%E3%83%90%E3%83%B3%E3%82%AF%E3%88%B1+%E5%87%BD%E9%A4%A8%E6%94%AF%E5%BA%97/data=!4m7!3m6!1s0x5f9ef46e19ae223b:0x7e6b382c43a23bc!8m2!3d41.792496!4d140.7513321!16s%2Fg%2F1t_kgb_j!19sChIJOyKuGW70nl8RvCM6xIKz5gc?authuser=0&hl=ja&rclk=1,函館市,函館市 販促支援会社
理想福祉 多機能型事業所 あすらら,http://riso.crayonsite.net/,函館市 千歳町２２−６,0138-83-8373,https://www.google.com/maps/place/%E7%90%86%E6%83%B3%E7%A6%8F%E7%A5%89+%E5%A4%9A%E6%A9%9F%E8%83%BD%E5%9E%8B%E4%BA%8B%E6%A5%AD%E6%89%80+%E3%81%82%E3%81%99%E3%82%89%E3%82%89/data=!4m7!3m6!1s0x5f9ef39d03495cdb:0x66fe9e1bd0e8255f!8m2!3d41.7750022!4d140.7375197!16s%2Fg%2F11f4r2qz07!19sChIJ21xJA53znl8RXyXo0Bue_mY?authuser=0&hl=ja&rclk=1,函館市,函館市 販促支援会社
㈱はこだてティーエムオー,http://www.hakodate-tmo.com/,函館市 若松町１８−１ 3F,0138-24-0033,https://www.google.com/maps/place/%E3%88%B1%E3%81%AF%E3%81%93%E3%81%A0%E3%81%A6%E3%83%86%E3%82%A3%E3%83%BC%E3%82%A8%E3%83%A0%E3%82%AA%E3%83%BC/data=!4m7!3m6!1s0x5f9ef39f0ee72db3:0x6a04d8f32fa24739!8m2!3d41.7724455!4d140.7295116!16s%2Fg%2F1v96lmq9!19sChIJsy3nDp_znl8ROUeiL_PYBGo?authuser=0&hl=ja&rclk=1,函館市,函館市 プロモーション会社
ワールドメイト アポロンポロン幸せ飛び出る函館支部,https://area.worldmate.or.jp/dtail/263.html,,0138-62-5133,https://www.google.com/maps/place/%E3%83%AF%E3%83%BC%E3%83%AB%E3%83%89%E3%83%A1%E3%82%A4%E3%83%88+%E3%82%A2%E3%83%9D%E3%83%AD%E3%83%B3%E3%83%9D%E3%83%AD%E3%83%B3%E5%B9%B8%E3%81%9B%E9%A3%9B%E3%81%B3%E5%87%BA%E3%82%8B%E5%87%BD%E9%A4%A8%E6%94%AF%E9%83%A8/data=!4m7!3m6!1s0x5f9ef6824b2282fb:0xf0dd7236bd6c5427!8m2!3d41.8004647!4d140.7297463!16s%2Fg%2F1tl8kjz9!19sChIJ-4IiS4L2nl8RJ1RsvTZy3fA?authuser=0&hl=ja&rclk=1,函館市,函館市 プロモーション会社
地域限定旅行業サポート函館,https://hakodate.square.site/,函館市 中島町１１−７,080-3295-6110,https://www.google.com/maps/place/%E5%9C%B0%E5%9F%9F%E9%99%90%E5%AE%9A%E6%97%85%E8%A1%8C%E6%A5%AD%E3%82%B5%E3%83%9D%E3%83%BC%E3%83%88%E5%87%BD%E9%A4%A8/data=!4m7!3m6!1s0x5f9ef316eee3420f:0x11d6204d32423c88!8m2!3d41.7835937!4d140.7414234!16s%2Fg%2F11z82qx1nk!19sChIJD0Lj7hbznl8RiDxCMk0g1hE?authuser=0&hl=ja&rclk=1,函館市,函館市 プロモーション会社
㈱テレ･マーカー 函館出張所,https://www.telemarker.co.jp/,函館市 亀田本町６０−１４ ＮＴＴ函館支店亀田ビル,0138-44-5008,https://www.google.com/maps/place/%E3%88%B1%E3%83%86%E3%83%AC%EF%BD%A5%E3%83%9E%E3%83%BC%E3%82%AB%E3%83%BC+%E5%87%BD%E9%A4%A8%E5%87%BA%E5%BC%B5%E6%89%80/data=!4m7!3m6!1s0x5f9ef4105db9bf91:0xb249732140eef56a!8m2!3d41.8021907!4d140.7384068!16s%2Fg%2F11j5j41lm7!19sChIJkb-5XRD0nl8RavXuQCFzSbI?authuser=0&hl=ja&rclk=1,函館市,函館市 プロモーション会社
ange promotion,https://ange-pro.com/,函館市 時任町９−１３,050-3550-8616,https://www.google.com/maps/place/ange+promotion/data=!4m7!3m6!1s0x5f9ef599cf5129f7:0x44fb5ee0cc286673!8m2!3d41.7844403!4d140.7524633!16s%2Fg%2F11y4zm0wlg!19sChIJ9ylRz5n1nl8Rc2YozOBe-0Q?authuser=0&hl=ja&rclk=1,函館市,函館市 プロモーション会社
㈱NIPPO 函館出張所,https://www.nippo-c.co.jp/,函館市 西桔梗町６９９−２６,0138-49-3933,https://www.google.com/maps/place/%E3%88%B1NIPPO+%E5%87%BD%E9%A4%A8%E5%87%BA%E5%BC%B5%E6%89%80/data=!4m7!3m6!1s0x5f9ef6feafc1b3f3:0x51b60a612925da47!8m2!3d41.8416158!4d140.7182412!16s%2Fg%2F1ptymksg9!19sChIJ87PBr_72nl8RR9olKWEKtlE?authuser=0&hl=ja&rclk=1,函館市,函館市 プロモーション会社
函館ロケット＝ロケコーディネート／ロケサービス,https://www.hakodate-rocket.com/,函館市 上野町３４−２６,090-6991-9847,https://www.google.com/maps/place/%E5%87%BD%E9%A4%A8%E3%83%AD%E3%82%B1%E3%83%83%E3%83%88%EF%BC%9D%E3%83%AD%E3%82%B1%E3%82%B3%E3%83%BC%E3%83%87%E3%82%A3%E3%83%8D%E3%83%BC%E3%83%88%EF%BC%8F%E3%83%AD%E3%82%B1%E3%82%B5%E3%83%BC%E3%83%93%E3%82%B9/data=!4m7!3m6!1s0x5f9ef55358faf1e9:0x3a7ffd20940a85c0!8m2!3d41.7853744!4d140.8003916!16s%2Fg%2F11r9q6t68h!19sChIJ6fH6WFP1nl8RwIUKlCD9fzo?authuser=0&hl=ja&rclk=1,函館市,函館市 プロモーション会社
障がい者就労支援事業所 ㈱実,http://www.kk-minori.jp/,青森市 久須志３丁目１５−２０,017-752-0791,https://www.google.com/maps/place/%E9%9A%9C%E3%81%8C%E3%81%84%E8%80%85%E5%B0%B1%E5%8A%B4%E6%94%AF%E6%8F%B4%E4%BA%8B%E6%A5%AD%E6%89%80+%E3%88%B1%E5%AE%9F/data=!4m7!3m6!1s0x5f9b9f120f6f4469:0xd6e0075ea045a5fc!8m2!3d40.8180326!4d140.7280572!16s%2Fg%2F1ptyc_gh4!19sChIJaURvDxKfm18R_KVFoF4H4NY?authuser=0&hl=ja&rclk=1,青森市,青森市 販促支援会社
公益財団法人２１あおもり産業総合支援センター,https://www.21aomori.or.jp/,青森市 新町２丁目４−１ 青森県共同ビル,017-777-4066,https://www.google.com/maps/place/%E5%85%AC%E7%9B%8A%E8%B2%A1%E5%9B%A3%E6%B3%95%E4%BA%BA%EF%BC%92%EF%BC%91%E3%81%82%E3%81%8A%E3%82%82%E3%82%8A%E7%94%A3%E6%A5%AD%E7%B7%8F%E5%90%88%E6%94%AF%E6%8F%B4%E3%82%BB%E3%83%B3%E3%82%BF%E3%83%BC/data=!4m7!3m6!1s0x5f9b9f1d141622ff:0xa4ff2849f1499912!8m2!3d40.825066!4d140.742818!16s%2Fg%2F1tdbktyb!19sChIJ_yIWFB2fm18REplJ8Uko_6Q?authuser=0&hl=ja&rclk=1,青森市,青森市 販促支援会社
自立訓練･ひきこもり支援 株式会社BaDeYa,http://badeya.jp/,青森市 浪岡大字浪岡稲村１３１−１,0172-88-7536,https://www.google.com/maps/place/%E8%87%AA%E7%AB%8B%E8%A8%93%E7%B7%B4%EF%BD%A5%E3%81%B2%E3%81%8D%E3%81%93%E3%82%82%E3%82%8A%E6%94%AF%E6%8F%B4+%E6%A0%AA%E5%BC%8F%E4%BC%9A%E7%A4%BEBaDeYa/data=!4m7!3m6!1s0x5f9b097d747983ab:0xc29aaca74af578f9!8m2!3d40.705867!4d140.5944859!16s%2Fg%2F11qbccz7bd!19sChIJq4N5dH0Jm18R-Xj1SqesmsI?authuser=0&hl=ja&rclk=1,青森市,青森市 販促支援会社
ビルシャナ(NPO法人)(就労継続支援A型事業所),http://vairocana.or.jp/,青森市 富田２丁目１５−６,017-763-0073,https://www.google.com/maps/place/%E3%83%93%E3%83%AB%E3%82%B7%E3%83%A3%E3%83%8A%28NPO%E6%B3%95%E4%BA%BA%29%28%E5%B0%B1%E5%8A%B4%E7%B6%99%E7%B6%9A%E6%94%AF%E6%8F%B4A%E5%9E%8B%E4%BA%8B%E6%A5%AD%E6%89%80%29/data=!4m7!3m6!1s0x5f9b9f3baf6f38c3:0xd7637426dba466cd!8m2!3d40.8290586!4d140.7151464!16s%2Fg%2F11b5pklfw3!19sChIJwzhvrzufm18RzWak2yZ0Y9c?authuser=0&hl=ja&rclk=1,青森市,青森市 販促支援会社
エヌ･コム,http://n-com-n.co.jp/,青森市 中央１丁目２４−４,017-764-6553,https://www.google.com/maps/place/%E3%82%A8%E3%83%8C%EF%BD%A5%E3%82%B3%E3%83%A0/data=!4m7!3m6!1s0x5f9b9fb97c7b30c1:0x2f430bdf1f7d2f52!8m2!3d40.8230986!4d140.7498809!16s%2Fg%2F1tlqptyy!19sChIJwTB7fLmfm18RUi99H98LQy8?authuser=0&hl=ja&rclk=1,青森市,青森市 販促支援会社
青森ひと創りサポート株式会社,https://aomori-arena.jp/%E4%BC%81%E6%A5%AD%E6%83%85%E5%A0%B1/,青森市 浦町橋本３３５−１７,017-762-7105,https://www.google.com/maps/place/%E9%9D%92%E6%A3%AE%E3%81%B2%E3%81%A8%E5%89%B5%E3%82%8A%E3%82%B5%E3%83%9D%E3%83%BC%E3%83%88%E6%A0%AA%E5%BC%8F%E4%BC%9A%E7%A4%BE/data=!4m7!3m6!1s0x5f9b9f663e4e22e7:0xe5eb1bc992a888b3!8m2!3d40.8133481!4d140.745969!16s%2Fg%2F11s2n2mhgs!19sChIJ5yJOPmafm18Rs4iokskb6-U?authuser=0&hl=ja&rclk=1,青森市,青森市 販促支援会社
㈱青森イベントサービス,http://www.aomorieventservice.com/,青森市 本町４丁目９−１６,017-773-4363,https://www.google.com/maps/place/%E3%88%B1%E9%9D%92%E6%A3%AE%E3%82%A4%E3%83%99%E3%83%B3%E3%83%88%E3%82%B5%E3%83%BC%E3%83%93%E3%82%B9/data=!4m7!3m6!1s0x5f9b9ee52bd52d2f:0x66f84241f1d6da26!8m2!3d40.8282441!4d140.7537757!16s%2Fg%2F1tgb_lxn!19sChIJLy3VK-Wem18RJtrW8UFC-GY?authuser=0&hl=ja&rclk=1,青森市,青森市 販促支援会社
Workin(ワーキン) 青森,https://workin.jp/aomori,青森市 栄町１丁目４−１ Ｋ・Ｋビル 5F,0800-500-0162,https://www.google.com/maps/place/Workin%28%E3%83%AF%E3%83%BC%E3%82%AD%E3%83%B3%29+%E9%9D%92%E6%A3%AE/data=!4m7!3m6!1s0x5f9b9f286cdbc213:0x64c56f3a0b0bcbaf!8m2!3d40.8242222!4d140.76269!16s%2Fg%2F11h2nzgj7n!19sChIJE8LbbCifm18Rr8sLCzpvxWQ?authuser=0&hl=ja&rclk=1,青森市,青森市 販促支援会社
株式会社アオプロ,https://www.aopro.net/about,青森市 桜川３丁目３−３,090-2046-3776,https://www.google.com/maps/place/%E6%A0%AA%E5%BC%8F%E4%BC%9A%E7%A4%BE%E3%82%A2%E3%82%AA%E3%83%97%E3%83%AD/data=!4m7!3m6!1s0x5f9b9f27f3c2a417:0x72881b34e5a72f5f!8m2!3d40.8161828!4d140.7693747!16s%2Fg%2F11twhzhcgz!19sChIJF6TC8yefm18RXy-n5TQbiHI?authuser=0&hl=ja&rclk=1,青森市,青森市 プロモーション会社
あおもり創生パートナーズ株式会社,https://www.aomori-creation-partners.co.jp/,青森市 017-774-1390,017-774-1390,https://www.google.com/maps/place/%E3%81%82%E3%81%8A%E3%82%82%E3%82%8A%E5%89%B5%E7%94%9F%E3%83%91%E3%83%BC%E3%83%88%E3%83%8A%E3%83%BC%E3%82%BA%E6%A0%AA%E5%BC%8F%E4%BC%9A%E7%A4%BE/data=!4m7!3m6!1s0x5f9b9f203a1e81b1:0x6ea97fa5b84f977!8m2!3d40.8149343!4d140.7526601!16s%2Fg%2F11pcnp1bpr!19sChIJsYEeOiCfm18Rd_mEW_qX6gY?authuser=0&hl=ja&rclk=1,青森市,青森市 プロモーション会社
トゥルーピクト,http://www.true-pict.com/,青森市 矢田前本泉２１−３０,017-752-9554,https://www.google.com/maps/place/%E3%83%88%E3%82%A5%E3%83%AB%E3%83%BC%E3%83%94%E3%82%AF%E3%83%88/data=!4m7!3m6!1s0x5f9b9e782de079d7:0xb21e83c0a3c4c7c!8m2!3d40.8303301!4d140.8071469!16s%2Fg%2F1td1d7hp!19sChIJ13ngLXiem18RfEw8CjzoIQs?authuser=0&hl=ja&rclk=1,青森市,青森市 プロモーション会社
㈱ふぁーすと(就労継続支援A型事業所),http://www.first-support.co.jp/,八戸市 類家４丁目１７−２,0178-20-8622,https://www.google.com/maps/place/%E3%88%B1%E3%81%B5%E3%81%81%E3%83%BC%E3%81%99%E3%81%A8%28%E5%B0%B1%E5%8A%B4%E7%B6%99%E7%B6%9A%E6%94%AF%E6%8F%B4A%E5%9E%8B%E4%BA%8B%E6%A5%AD%E6%89%80%29/data=!4m7!3m6!1s0x5f9b52098894d603:0xae3e71ae8586ae36!8m2!3d40.5063958!4d141.5058654!16s%2Fg%2F11bx1s12mh!19sChIJA9aUiAlSm18RNq6Gha5xPq4?authuser=0&hl=ja&rclk=1,八戸市,八戸市 販促支援会社
株式会社 ノーマライゼーション,https://www.normaliz.jp/,八戸市 大工町２９,0178-79-7748,https://www.google.com/maps/place/%E6%A0%AA%E5%BC%8F%E4%BC%9A%E7%A4%BE+%E3%83%8E%E3%83%BC%E3%83%9E%E3%83%A9%E3%82%A4%E3%82%BC%E3%83%BC%E3%82%B7%E3%83%A7%E3%83%B3/data=!4m7!3m6!1s0x5f9b4f2d7a4a6f65:0xe42da5ed7631b3eb!8m2!3d40.5074744!4d141.4912762!16s%2Fg%2F11vdj_9z22!19sChIJZW9Kei1Pm18R67Mxdu2lLeQ?authuser=0&hl=ja&rclk=1,八戸市,八戸市 販促支援会社
合同会社付加価値経営研究所,http://fukakachi-keiei.com/,八戸市 ２１ 根城4-21-5-A,080-5575-4476,https://www.google.com/maps/place/%E5%90%88%E5%90%8C%E4%BC%9A%E7%A4%BE%E4%BB%98%E5%8A%A0%E4%BE%A1%E5%80%A4%E7%B5%8C%E5%96%B6%E7%A0%94%E7%A9%B6%E6%89%80/data=!4m7!3m6!1s0x5f9b524fbb4ba933:0xc6380880f081f7af!8m2!3d40.507583!4d141.474045!16s%2Fg%2F11bwm815k5!19sChIJM6lLu09Sm18Rr_eB8IAIOMY?authuser=0&hl=ja&rclk=1,八戸市,八戸市 販促支援会社
B.F.T.C,https://www.bftc.biz/,八戸市 沼館２丁目８−１１,,https://www.google.com/maps/place/B.F.T.C/data=!4m7!3m6!1s0x5f9b518baaaaaaab:0x723c16d1cae82f52!8m2!3d40.5246468!4d141.4873418!16s%2Fg%2F11h7p9msvg!19sChIJq6qqqotRm18RUi_oytEWPHI?authuser=0&hl=ja&rclk=1,八戸市,八戸市 プロモーション会社
Marudai Creation(マルダイクリエーション),https://marudai-creation.com/,八戸市 下長１丁目９−１０,,https://www.google.com/maps/place/Marudai+Creation%28%E3%83%9E%E3%83%AB%E3%83%80%E3%82%A4%E3%82%AF%E3%83%AA%E3%82%A8%E3%83%BC%E3%82%B7%E3%83%A7%E3%83%B3%29/data=!4m7!3m6!1s0x5f84ad295378e439:0xaa8a6eb42fd3001c!8m2!3d40.5287725!4d141.4686478!16s%2Fg%2F11kjp7h043!19sChIJOeR4UymthF8RHADTL7Ruiqo?authuser=0&hl=ja&rclk=1,八戸市,八戸市 プロモーション会社
ワラビノーツ,https://warabi-notes.com/,八戸市 長苗代１丁目１１−５ 内 風笑堂,,https://www.google.com/maps/place/%E3%83%AF%E3%83%A9%E3%83%93%E3%83%8E%E3%83%BC%E3%83%84/data=!4m7!3m6!1s0x5f9b5196c56b8fff:0x38504a0f15afed0a!8m2!3d40.521225!4d141.4679926!16s%2Fg%2F11h108_w0g!19sChIJ_49rxZZRm18RCu2vFQ9KUDg?authuser=0&hl=ja&rclk=1,八戸市,八戸市 プロモーション会社
株式会社宝幸 八戸工場,https://www.hko.co.jp/corporate/office/,八戸市 市川町尻引前山３１−２０３ 宝幸八戸工場 町尻引前山３１−２０３,0178-20-2880,https://www.google.com/maps/place/%E6%A0%AA%E5%BC%8F%E4%BC%9A%E7%A4%BE%E5%AE%9D%E5%B9%B8+%E5%85%AB%E6%88%B8%E5%B7%A5%E5%A0%B4/data=!4m7!3m6!1s0x5f9b5067056220b9:0x9f6188062e847bfc!8m2!3d40.567133!4d141.4484716!16s%2Fg%2F1tdwkbgl!19sChIJuSBiBWdQm18R_HuELgaIYZ8?authuser=0&hl=ja&rclk=1,八戸市,八戸市 プロモーション会社
東北生活支援センター株式会社,http://www.tlsc-co.jp/,盛岡市 本宮１丁目１５−１４ 藤ヴィレッジビル,019-681-0166,https://www.google.com/maps/place/%E6%9D%B1%E5%8C%97%E7%94%9F%E6%B4%BB%E6%94%AF%E6%8F%B4%E3%82%BB%E3%83%B3%E3%82%BF%E3%83%BC%EF%BC%88%E6%A0%AA%EF%BC%89/data=!4m7!3m6!1s0x5f859d7dc2cc0607:0xc7373bc5d2dfa2c0!8m2!3d39.6897997!4d141.1407032!16s%2Fg%2F1vhkkc2p!19sChIJBwbMwn2dhV8RwKLf0sU7N8c?authuser=0&hl=ja&rclk=1,盛岡市,盛岡市 販促支援会社
㈱盛岡書房(就労継続支援B型盛岡書房),http://www.npo-ipf.org/,盛岡市 本宮１丁目９−１２,019-681-3971,https://www.google.com/maps/place/%E3%88%B1%E7%9B%9B%E5%B2%A1%E6%9B%B8%E6%88%BF%28%E5%B0%B1%E5%8A%B4%E7%B6%99%E7%B6%9A%E6%94%AF%E6%8F%B4B%E5%9E%8B%E7%9B%9B%E5%B2%A1%E6%9B%B8%E6%88%BF%29/data=!4m7!3m6!1s0x5f8582b78d06efcf:0xe034e8cebf8553e0!8m2!3d39.6896736!4d141.1435152!16s%2Fg%2F1ts1s0zm!19sChIJz-8GjbeChV8R4FOFv87oNOA?authuser=0&hl=ja&rclk=1,盛岡市,盛岡市 販促支援会社
次世代IME福祉サービス株式会社,https://zisedaiime.info/,盛岡市 本宮１丁目１６−１２ エコビル 102,019-681-6023,https://www.google.com/maps/place/%E6%AC%A1%E4%B8%96%E4%BB%A3IME%E7%A6%8F%E7%A5%89%E3%82%B5%E3%83%BC%E3%83%93%E3%82%B9%E6%A0%AA%E5%BC%8F%E4%BC%9A%E7%A4%BE/data=!4m7!3m6!1s0x5f859dc8be1d77ef:0x2c8477a806a75f08!8m2!3d39.6893849!4d141.1415323!16s%2Fg%2F11yvh9fm3t!19sChIJ73cdvsidhV8RCF-nBqh3hCw?authuser=0&hl=ja&rclk=1,盛岡市,盛岡市 販促支援会社
独立行政法人高齢･障害･求職者雇用支援機構 岩手支部 高齢･障害者業務課 求職者支援課,https://www.jeed.go.jp/location/shibu/iwate/index.html,盛岡市 菜園１丁目１２−１８ 盛岡菜園センタービル 3階,019-654-2081,https://www.google.com/maps/place/%E7%8B%AC%E7%AB%8B%E8%A1%8C%E6%94%BF%E6%B3%95%E4%BA%BA%E9%AB%98%E9%BD%A2%EF%BD%A5%E9%9A%9C%E5%AE%B3%EF%BD%A5%E6%B1%82%E8%81%B7%E8%80%85%E9%9B%87%E7%94%A8%E6%94%AF%E6%8F%B4%E6%A9%9F%E6%A7%8B+%E5%B2%A9%E6%89%8B%E6%94%AF%E9%83%A8+%E9%AB%98%E9%BD%A2%EF%BD%A5%E9%9A%9C%E5%AE%B3%E8%80%85%E6%A5%AD%E5%8B%99%E8%AA%B2+%E6%B1%82%E8%81%B7%E8%80%85%E6%94%AF%E6%8F%B4%E8%AA%B2/data=!4m7!3m6!1s0x5f8577874c260201:0x57ad5d464c26e63c!8m2!3d39.7019732!4d141.1473928!16s%2Fg%2F11h00172ry!19sChIJAQImTId3hV8RPOYmTEZdrVc?authuser=0&hl=ja&rclk=1,盛岡市,盛岡市 販促支援会社
㈱CREVAS GROUP 盛岡支店,https://crevas-group.co.jp/,盛岡市 菜園１丁目３−６ 農林会館 307,019-623-2200,https://www.google.com/maps/place/%E3%88%B1CREVAS+GROUP+%E7%9B%9B%E5%B2%A1%E6%94%AF%E5%BA%97/data=!4m7!3m6!1s0x5f857713e17429ad:0xd7e50667cc1bd897!8m2!3d39.7008938!4d141.1490917!16s%2Fg%2F11wwmk5mjq!19sChIJrSl04RN3hV8Rl9gbzGcG5dc?authuser=0&hl=ja&rclk=1,盛岡市,盛岡市 販促支援会社
岩手県就労支援事業者機構,https://iwate-shien-kiko.or.jp/,盛岡市 松尾町１７−９,019-681-7940,https://www.google.com/maps/place/%E5%B2%A9%E6%89%8B%E7%9C%8C%E5%B0%B1%E5%8A%B4%E6%94%AF%E6%8F%B4%E4%BA%8B%E6%A5%AD%E8%80%85%E6%A9%9F%E6%A7%8B/data=!4m7!3m6!1s0x5f857622fef7fc57:0x5da84414d6d98a20!8m2!3d39.6946519!4d141.1601474!16s%2Fg%2F1hhh5kk7w!19sChIJV_z3_iJ2hV8RIIrZ1hREqF0?authuser=0&hl=ja&rclk=1,盛岡市,盛岡市 販促支援会社
手をつなぐ安心生活支援センター mu•cre,http://www.sawaraen.jp/tewotsunagu/facility/tonan/mucre/,盛岡市 下飯岡１５地割７７−３,019-613-7200,https://www.google.com/maps/place/%E6%89%8B%E3%82%92%E3%81%A4%E3%81%AA%E3%81%90%E5%AE%89%E5%BF%83%E7%94%9F%E6%B4%BB%E6%94%AF%E6%8F%B4%E3%82%BB%E3%83%B3%E3%82%BF%E3%83%BC+mu%E2%80%A2cre/data=!4m7!3m6!1s0x5f859d355bd1c60d:0x624c2422605e87c0!8m2!3d39.664348!4d141.122188!16s%2Fg%2F11c30r2f1_!19sChIJDcbRWzWdhV8RwIdeYCIkTGI?authuser=0&hl=ja&rclk=1,盛岡市,盛岡市 販促支援会社
株式会社プロモーションアトラクト,http://prom-at.com/,盛岡市 飯岡新田６地割22,,https://www.google.com/maps/place/%E6%A0%AA%E5%BC%8F%E4%BC%9A%E7%A4%BE%E3%83%97%E3%83%AD%E3%83%A2%E3%83%BC%E3%82%B7%E3%83%A7%E3%83%B3%E3%82%A2%E3%83%88%E3%83%A9%E3%82%AF%E3%83%88/data=!4m7!3m6!1s0x5f859d3913eade13:0x6fe9daab93992442!8m2!3d39.6671479!4d141.1419627!16s%2Fg%2F11jfcjz3dz!19sChIJE97qEzmdhV8RQiSZk6va6W8?authuser=0&hl=ja&rclk=1,盛岡市,盛岡市 プロモーション会社
盛岡ベース株式会社,http://morioka-base.jp/,盛岡市 中央通２丁目７−１２,,https://www.google.com/maps/place/%E7%9B%9B%E5%B2%A1%E3%83%99%E3%83%BC%E3%82%B9%E6%A0%AA%E5%BC%8F%E4%BC%9A%E7%A4%BE/data=!4m7!3m6!1s0x5f8577143b43bf83:0x4aac079362e05653!8m2!3d39.7061255!4d141.1448619!16s%2Fg%2F11fhrygvrn!19sChIJg79DOxR3hV8RU1bgYpMHrEo?authuser=0&hl=ja&rclk=1,盛岡市,盛岡市 プロモーション会社
㈱Oプロモーション,http://o-pro.co.jp/,盛岡市 又兵エ新田４−３２９,019-681-1194,https://www.google.com/maps/place/%E3%88%B1O%E3%83%97%E3%83%AD%E3%83%A2%E3%83%BC%E3%82%B7%E3%83%A7%E3%83%B3/data=!4m7!3m6!1s0x5f8584825f469d13:0x39c49a668e4a7a05!8m2!3d39.6147155!4d141.144171!16s%2Fg%2F11cs5pghqs!19sChIJE51GX4KEhV8RBXpKjmaaxDk?authuser=0&hl=ja&rclk=1,盛岡市,盛岡市 プロモーション会社
株式会社サンフィード,http://www.3feed.jp/,盛岡市 本宮１丁目３−２０,019-613-9277,https://www.google.com/maps/place/%EF%BC%88%E6%A0%AA%EF%BC%89%E3%82%B5%E3%83%B3%E3%83%95%E3%82%A3%E3%83%BC%E3%83%89/data=!4m7!3m6!1s0x5f8577d5f3aa4ddd:0x398a4de7aa357071!8m2!3d39.6915927!4d141.1408798!16s%2Fg%2F12hsqm9pp!19sChIJ3U2q89V3hV8RcXA1qudNijk?authuser=0&hl=ja&rclk=1,盛岡市,盛岡市 プロモーション会社
認定支援機関 株式会社スタートアップ,http://startup-akita.com/,秋田市 大町２丁目６−４６ Bright Mansion 竿燈大通り,070-8367-6551,https://www.google.com/maps/place/%E8%AA%8D%E5%AE%9A%E6%94%AF%E6%8F%B4%E6%A9%9F%E9%96%A2+%E6%A0%AA%E5%BC%8F%E4%BC%9A%E7%A4%BE%E3%82%B9%E3%82%BF%E3%83%BC%E3%83%88%E3%82%A2%E3%83%83%E3%83%97/data=!4m7!3m6!1s0x5f9aa06181381707:0xb8cb67f2a0c1ec0a!8m2!3d39.7188365!4d140.112584!16s%2Fg%2F11rrvkbdwt!19sChIJBxc4gWGgml8RCuzBoPJny7g?authuser=0&hl=ja&rclk=1,秋田市,秋田市 販促支援会社
秋田県よろず支援拠点,https://akita-yorozu.go.jp/,秋田市 山王３丁目１−１ ２階,018-860-5605,https://www.google.com/maps/place/%E7%A7%8B%E7%94%B0%E7%9C%8C%E3%82%88%E3%82%8D%E3%81%9A%E6%94%AF%E6%8F%B4%E6%8B%A0%E7%82%B9/data=!4m7!3m6!1s0x5f8fc31ff606f583:0xcd364299a623909d!8m2!3d39.718826!4d140.104701!16s%2Fg%2F11qp07ckn7!19sChIJg_UG9h_Dj18RnZAjpplCNs0?authuser=0&hl=ja&rclk=1,秋田市,秋田市 販促支援会社
特定非営利活動法人あきた結いネット,https://akitayuinet.com/,秋田市 桜２丁目２４−２４,018-874-8897,https://www.google.com/maps/place/%E7%89%B9%E5%AE%9A%E9%9D%9E%E5%96%B6%E5%88%A9%E6%B4%BB%E5%8B%95%E6%B3%95%E4%BA%BA%E3%81%82%E3%81%8D%E3%81%9F%E7%B5%90%E3%81%84%E3%83%8D%E3%83%83%E3%83%88/data=!4m7!3m6!1s0x5f8fc2cbda339d07:0xd5039a50f72e6f0b!8m2!3d39.7074773!4d140.1495969!16s%2Fg%2F11d_w646_d!19sChIJB50z2svCj18RC28u91CaA9U?authuser=0&hl=ja&rclk=1,秋田市,秋田市 販促支援会社
Barrier Free山王(バリアフリー) 障がい者就労継続支援A型,https://barrierfree.co.jp/,秋田市 旭北栄町１−４９ GOWINビル 2F,018-893-3181,https://www.google.com/maps/place/Barrier+Free%E5%B1%B1%E7%8E%8B%28%E3%83%90%E3%83%AA%E3%82%A2%E3%83%95%E3%83%AA%E3%83%BC%29+%E9%9A%9C%E3%81%8C%E3%81%84%E8%80%85%E5%B0%B1%E5%8A%B4%E7%B6%99%E7%B6%9A%E6%94%AF%E6%8F%B4A%E5%9E%8B/data=!4m7!3m6!1s0x5f8fc3725fb6deff:0xb10d7e9ef68c95b2!8m2!3d39.719497!4d140.1091577!16s%2Fg%2F11sd666316!19sChIJ_962X3LDj18RspWM9p5-DbE?authuser=0&hl=ja&rclk=1,秋田市,秋田市 販促支援会社
SOCIALSQUARE(ソーシャルスクエア) 秋田駅前店ー就労移行支援・自立訓練(生活訓練）,https://socialsquare.life/,秋田市 中通２丁目１−５１ アムズ「Akita Micro-Society」（旧福祉相談センター）内,080-7358-5276,https://www.google.com/maps/place/SOCIALSQUARE%28%E3%82%BD%E3%83%BC%E3%82%B7%E3%83%A3%E3%83%AB%E3%82%B9%E3%82%AF%E3%82%A8%E3%82%A2%29+%E7%A7%8B%E7%94%B0%E9%A7%85%E5%89%8D%E5%BA%97%E3%83%BC%E5%B0%B1%E5%8A%B4%E7%A7%BB%E8%A1%8C%E6%94%AF%E6%8F%B4%E3%83%BB%E8%87%AA%E7%AB%8B%E8%A8%93%E7%B7%B4%28%E7%94%9F%E6%B4%BB%E8%A8%93%E7%B7%B4%EF%BC%89/data=!4m7!3m6!1s0x5f8fc3560fcec5d5:0xddd5705fa0e025b7!8m2!3d39.7173385!4d140.1227175!16s%2Fg%2F11z34sjfw4!19sChIJ1cXOD1bDj18RtyXgoF9w1d0?authuser=0&hl=ja&rclk=1,秋田市,秋田市 販促支援会社
㈱なんで・なんで(旧:あきた総研),http://akt-c.com/,秋田市 将軍野東１丁目８−２６,,https://www.google.com/maps/place/%E3%88%B1%E3%81%AA%E3%82%93%E3%81%A7%E3%83%BB%E3%81%AA%E3%82%93%E3%81%A7%28%E6%97%A7:%E3%81%82%E3%81%8D%E3%81%9F%E7%B7%8F%E7%A0%94%29/data=!4m7!3m6!1s0x5f8fc299bf321fe7:0x14221e6db06124d!8m2!3d39.7588172!4d140.0842098!16s%2Fg%2F11g68wrcl8!19sChIJ5x8yv5nCj18RTRIG2-YhQgE?authuser=0&hl=ja&rclk=1,秋田市,秋田市 販促支援会社
㈱プリッツプロモーション,https://prets-p.co.jp/,秋田市 外旭川梶ノ目５１０−１ アルカディア•里 33号,018-893-5047,https://www.google.com/maps/place/%E3%88%B1%E3%83%97%E3%83%AA%E3%83%83%E3%83%84%E3%83%97%E3%83%AD%E3%83%A2%E3%83%BC%E3%82%B7%E3%83%A7%E3%83%B3/data=!4m7!3m6!1s0x5f8fc2ec34d831ef:0xe113e65310b05126!8m2!3d39.7461929!4d140.1063194!16s%2Fg%2F11f2wlp1w3!19sChIJ7zHYNOzCj18RJlGwEFPmE-E?authuser=0&hl=ja&rclk=1,秋田市,秋田市 プロモーション会社
株式会社イノベーション 秋田本社,https://innovation-akita.com/,秋田市 八橋本町３丁目１３−１７,018-853-1219,https://www.google.com/maps/place/%E6%A0%AA%E5%BC%8F%E4%BC%9A%E7%A4%BE%E3%82%A4%E3%83%8E%E3%83%99%E3%83%BC%E3%82%B7%E3%83%A7%E3%83%B3+%E7%A7%8B%E7%94%B0%E6%9C%AC%E7%A4%BE/data=!4m7!3m6!1s0x5f8fc2cbd2d1297d:0x7165ed510227f3dc!8m2!3d39.7255627!4d140.1008387!16s%2Fg%2F11b5pjgtm1!19sChIJfSnR0svCj18R3PMnAlHtZXE?authuser=0&hl=ja&rclk=1,秋田市,秋田市 プロモーション会社
SPGF秋田,https://www.spgf-akita.jp/,秋田市 中通３丁目１−９ ダイアビル秋田 9階,018-838-7833,https://www.google.com/maps/place/SPGF%E7%A7%8B%E7%94%B0/data=!4m7!3m6!1s0x5f8fc3270a0e3e4b:0xaa81fcc3888af03a!8m2!3d39.7162903!4d140.1189884!16s%2Fg%2F11yjfldm5c!19sChIJSz4OCifDj18ROvCKiMP8gao?authuser=0&hl=ja&rclk=1,秋田市,秋田市 プロモーション会社
Outcrop Inc. | 株式会社アウトクロップ,https://outcrop.jp/,秋田市 保戸野原の町７−６８ アトレデルタ4F,080-3710-3184,https://www.google.com/maps/place/Outcrop+Inc.+%7C+%E6%A0%AA%E5%BC%8F%E4%BC%9A%E7%A4%BE%E3%82%A2%E3%82%A6%E3%83%88%E3%82%AF%E3%83%AD%E3%83%83%E3%83%97/data=!4m7!3m6!1s0x5f8fc3b3939b3771:0xdc2b4b23021b6a66!8m2!3d39.725913!4d140.1169147!16s%2Fg%2F11wr95twbr!19sChIJcTebk7PDj18RZmobAiNLK9w?authuser=0&hl=ja&rclk=1,秋田市,秋田市 プロモーション会社
㈲プラス･プロ,http://www.pluspro.jp/,秋田市 外旭川堂ノ前８−１ ＡＡビル,018-896-5677,https://www.google.com/maps/place/%E3%88%B2%E3%83%97%E3%83%A9%E3%82%B9%EF%BD%A5%E3%83%97%E3%83%AD/data=!4m7!3m6!1s0x5f8fdd434a973ffd:0x2691b3723bf7f6b!8m2!3d39.7450435!4d140.0948579!16s%2Fg%2F1vlk1d7s!19sChIJ_T-XSkPdj18Ra3-_IzcbaQI?authuser=0&hl=ja&rclk=1,秋田市,秋田市 プロモーション会社
秋田美人フォワード株式会社,http://abf.team/,秋田市 八橋大畑２丁目３−１ White Cube 205,,https://www.google.com/maps/place/%E7%A7%8B%E7%94%B0%E7%BE%8E%E4%BA%BA%E3%83%95%E3%82%A9%E3%83%AF%E3%83%BC%E3%83%89%E6%A0%AA%E5%BC%8F%E4%BC%9A%E7%A4%BE/data=!4m7!3m6!1s0x5f8fdd4a7503ffff:0x8e5cc2a09b2e116b!8m2!3d39.7335695!4d140.0963749!16s%2Fg%2F11vx081p7c!19sChIJ__8DdUrdj18RaxEum6DCXI4?authuser=0&hl=ja&rclk=1,秋田市,秋田市 プロモーション会社
㈶やまがた産業支援機構,http://www.ynet.or.jp/,山形市 城南町１丁目１−１ 霞城セントラル 13階,023-647-0660,https://www.google.com/maps/place/%E3%88%B6%E3%82%84%E3%81%BE%E3%81%8C%E3%81%9F%E7%94%A3%E6%A5%AD%E6%94%AF%E6%8F%B4%E6%A9%9F%E6%A7%8B/data=!4m7!3m6!1s0x5f8bb60e2ef3059f:0xb1379d0094dc66d6!8m2!3d38.2500682!4d140.3263441!16s%2Fg%2F1tdw_c2t!19sChIJnwXzLg62i18R1mbclACdN7E?authuser=0&hl=ja&rclk=1,山形市,山形市 販促支援会社
株式会社情報技術サービス,http://www.its-net.co.jp/,山形市 双葉町２丁目１−１ 結城ビル 2F,023-644-0377,https://www.google.com/maps/place/%EF%BC%88%E6%A0%AA%EF%BC%89%E6%83%85%E5%A0%B1%E6%8A%80%E8%A1%93%E3%82%B5%E3%83%BC%E3%83%93%E3%82%B9/data=!4m7!3m6!1s0x5f8bb6118a98878b:0xd8709ac1a69f3980!8m2!3d38.250095!4d140.322948!16s%2Fg%2F1vtqvy57!19sChIJi4eYihG2i18RgDmfpsGacNg?authuser=0&hl=ja&rclk=1,山形市,山形市 販促支援会社
アイデアルキャリアカレッジ,https://suzukico.net/,山形市 松栄１丁目３ 山形県産業創造支援センター ＳＳ ０１,0238-93-0090,https://www.google.com/maps/place/%E3%82%A2%E3%82%A4%E3%83%87%E3%82%A2%E3%83%AB%E3%82%AD%E3%83%A3%E3%83%AA%E3%82%A2%E3%82%AB%E3%83%AC%E3%83%83%E3%82%B8/data=!4m7!3m6!1s0x4480c1b242d8ff69:0xae1b3f7583a76b86!8m2!3d38.2388302!4d140.2968311!16s%2Fg%2F11xtzwp819!19sChIJaf_YQrLBgEQRhmung3U_G64?authuser=0&hl=ja&rclk=1,山形市,山形市 販促支援会社
一般社団法人やまがたデジタルキャリア支援機構,https://www.ydcs.or.jp/,山形市 松栄１丁目３−８ ２０８ 産業創造支援センタ,090-5256-6447,https://www.google.com/maps/place/%E4%B8%80%E8%88%AC%E7%A4%BE%E5%9B%A3%E6%B3%95%E4%BA%BA%E3%82%84%E3%81%BE%E3%81%8C%E3%81%9F%E3%83%87%E3%82%B8%E3%82%BF%E3%83%AB%E3%82%AD%E3%83%A3%E3%83%AA%E3%82%A2%E6%94%AF%E6%8F%B4%E6%A9%9F%E6%A7%8B/data=!4m7!3m6!1s0x5f8bb7ecad35fbe3:0xc688332dcc614f!8m2!3d38.2388302!4d140.2971315!16s%2Fg%2F11yn9qd786!19sChIJ4_s1rey3i18RT2HMLTOIxgA?authuser=0&hl=ja&rclk=1,山形市,山形市 販促支援会社
ゼルプロモーション㈱,https://zele-pro.com/,山形市 中桜田２丁目１−３,023-615-7513,https://www.google.com/maps/place/%E3%82%BC%E3%83%AB%E3%83%97%E3%83%AD%E3%83%A2%E3%83%BC%E3%82%B7%E3%83%A7%E3%83%B3%E3%88%B1/data=!4m7!3m6!1s0x5f8bb5b3224a71e3:0x8d2e733e6e5d2db5!8m2!3d38.2190423!4d140.3336481!16s%2Fg%2F11ff43gzyh!19sChIJ43FKIrO1i18RtS1dbj5zLo0?authuser=0&hl=ja&rclk=1,山形市,山形市 プロモーション会社
合同会社ミヤビイノベーション,https://miyabi-innovation.com/,山形市 城南町１丁目１−１ 霞城セントラル ２階 スタートアップステーションジョージ山形,090-6689-9110,https://www.google.com/maps/place/%E5%90%88%E5%90%8C%E4%BC%9A%E7%A4%BE%E3%83%9F%E3%83%A4%E3%83%93%E3%82%A4%E3%83%8E%E3%83%99%E3%83%BC%E3%82%B7%E3%83%A7%E3%83%B3/data=!4m7!3m6!1s0x6dc86293a743ce8b:0x2b08f700da0f9488!8m2!3d38.2500145!4d140.3268123!16s%2Fg%2F11z4b06gg3!19sChIJi85Dp5NiyG0RiJQP2gD3CCs?authuser=0&hl=ja&rclk=1,山形市,山形市 プロモーション会社
日非studio,https://www.hibistudio.com/,山形市 香澄町１丁目１１−１８ とみひろビル 01,,https://www.google.com/maps/place/%E6%97%A5%E9%9D%9Estudio/data=!4m7!3m6!1s0x5f8bb7fa7a8b44dd:0xbec161434a13cbae!8m2!3d38.2491002!4d140.330794!16s%2Fg%2F11n5ncsqvj!19sChIJ3USLevq3i18RrssTSkNhwb4?authuser=0&hl=ja&rclk=1,山形市,山形市 プロモーション会社
株式会社ライトワークコミュニケーション,https://www.lightworkcom.jp/,山形市 中野１８８,,https://www.google.com/maps/place/%E6%A0%AA%E5%BC%8F%E4%BC%9A%E7%A4%BE%E3%83%A9%E3%82%A4%E3%83%88%E3%83%AF%E3%83%BC%E3%82%AF%E3%82%B3%E3%83%9F%E3%83%A5%E3%83%8B%E3%82%B1%E3%83%BC%E3%82%B7%E3%83%A7%E3%83%B3/data=!4m7!3m6!1s0x5f8bb7e31090bfbb:0x3e9a5c15d06ceda0!8m2!3d38.3065403!4d140.3015641!16s%2Fg%2F11pcrl3jm4!19sChIJu7-QEOO3i18RoO1s0BVcmj4?authuser=0&hl=ja&rclk=1,山形市,山形市 プロモーション会社
~Business Coordinate~未来創造 株式会社,http://mirai-souzo.net/,山形市 上桜田４丁目２−１８,023-674-7425,https://www.google.com/maps/place/~Business+Coordinate~%E6%9C%AA%E6%9D%A5%E5%89%B5%E9%80%A0+%E6%A0%AA%E5%BC%8F%E4%BC%9A%E7%A4%BE/data=!4m7!3m6!1s0x5f8bb5f049a1b881:0xca5bc1a39fb7d6ad!8m2!3d38.2204126!4d140.3429479!16s%2Fg%2F1tk1yw4_!19sChIJgbihSfC1i18Rrda3n6PBW8o?authuser=0&hl=ja&rclk=1,山形市,山形市 プロモーション会社
イベントプロデュースガッツ,http://www.gutspro.com/,山形市 松波１丁目７−１ 第１ハウス,023-635-0576,https://www.google.com/maps/place/%E3%82%A4%E3%83%99%E3%83%B3%E3%83%88%E3%83%97%E3%83%AD%E3%83%87%E3%83%A5%E3%83%BC%E3%82%B9%E3%82%AC%E3%83%83%E3%83%84/data=!4m7!3m6!1s0x5f8bb5f23fa2d1df:0x4e0bc420141636f!8m2!3d38.2377812!4d140.3551827!16s%2Fg%2F1tf42sn2!19sChIJ39GiP_K1i18Rb2NBAUK84AQ?authuser=0&hl=ja&rclk=1,山形市,山形市 プロモーション会社
㈱山形企業,http://www.y-kigyo.co.jp/,山形市 小白川町３丁目５−６,023-641-6959,https://www.google.com/maps/place/%E3%88%B1%E5%B1%B1%E5%BD%A2%E4%BC%81%E6%A5%AD/data=!4m7!3m6!1s0x5f8bca072702b69d:0xd55a3bbc969e206d!8m2!3d38.2480607!4d140.3570645!16s%2Fg%2F1tfjw2wk!19sChIJnbYCJwfKi18RbSCelrw7WtU?authuser=0&hl=ja&rclk=1,山形市,山形市 プロモーション会社
福島広域雇用促進支援協議会 福島統括窓口,https://fkkoyou.mhlw.go.jp/,福島市 中町４−２０ エスケー中町ビル 202号,024-524-2121,https://www.google.com/maps/place/%E7%A6%8F%E5%B3%B6%E5%BA%83%E5%9F%9F%E9%9B%87%E7%94%A8%E4%BF%83%E9%80%B2%E6%94%AF%E6%8F%B4%E5%8D%94%E8%AD%B0%E4%BC%9A+%E7%A6%8F%E5%B3%B6%E7%B5%B1%E6%8B%AC%E7%AA%93%E5%8F%A3/data=!4m7!3m6!1s0x5f8a85b5589fb831:0x34f2197edb3426bd!8m2!3d37.7498637!4d140.4650077!16s%2Fg%2F11f3zyh09m!19sChIJMbifWLWFil8RvSY0234Z8jQ?authuser=0&hl=ja&rclk=1,福島市,福島市 販促支援会社
福島市就労支援凸_就労移行支援_自立訓練(生活訓練),https://www.decofukushima.com/,福島市 置賜町１−２９ 佐平ビル 803,024-572-6310,https://www.google.com/maps/place/%E7%A6%8F%E5%B3%B6%E5%B8%82%E5%B0%B1%E5%8A%B4%E6%94%AF%E6%8F%B4%E5%87%B8_%E5%B0%B1%E5%8A%B4%E7%A7%BB%E8%A1%8C%E6%94%AF%E6%8F%B4_%E8%87%AA%E7%AB%8B%E8%A8%93%E7%B7%B4%28%E7%94%9F%E6%B4%BB%E8%A8%93%E7%B7%B4%29/data=!4m7!3m6!1s0x5f8a8516bc9e47a9:0xc4f167561f08e8e4!8m2!3d37.7554688!4d140.4616191!16s%2Fg%2F11fl8mkrkp!19sChIJqUeevBaFil8R5OgIH1Zn8cQ?authuser=0&hl=ja&rclk=1,福島市,福島市 販促支援会社
株式会社Cuddle-i（かどるあい）,https://cuddle-i.jp/,福島市 三河南町１−２０ コラッセふくしま ホーム 6 福島駅西口インキュベートルーム,,https://www.google.com/maps/place/%E6%A0%AA%E5%BC%8F%E4%BC%9A%E7%A4%BECuddle-i%EF%BC%88%E3%81%8B%E3%81%A9%E3%82%8B%E3%81%82%E3%81%84%EF%BC%89/data=!4m7!3m6!1s0x4f3b2c82ac370e47:0x8a95d98d2ac11a02!8m2!3d37.7568353!4d140.458201!16s%2Fg%2F11mm8sy6xb!19sChIJRw43rIIsO08RAhrBKo3ZlYo?authuser=0&hl=ja&rclk=1,福島市,福島市 販促支援会社
株式会社福島情報サービス,http://www.fjs.co.jp/,福島市 松山町8番地の1,024-529-6255,https://www.google.com/maps/place/%E6%A0%AA%E5%BC%8F%E4%BC%9A%E7%A4%BE%E7%A6%8F%E5%B3%B6%E6%83%85%E5%A0%B1%E3%82%B5%E3%83%BC%E3%83%93%E3%82%B9/data=!4m7!3m6!1s0x5f8a85cd1df68275:0xe687f8c67b2ffd42!8m2!3d37.7723369!4d140.4827614!16s%2Fg%2F1tnpf7k7!19sChIJdYL2Hc2Fil8RQv0ve8b4h-Y?authuser=0&hl=ja&rclk=1,福島市,福島市 販促支援会社
プロモコム株式会社,http://www.promocom.co.jp/,福島市 福島７丁目１９−１３ マトバビル,06-6454-2022,https://www.google.com/maps/place/%E3%83%97%E3%83%AD%E3%83%A2%E3%82%B3%E3%83%A0%EF%BC%88%E6%A0%AA%EF%BC%89/data=!4m7!3m6!1s0x6000e662355c5055:0x3542a82f476bc910!8m2!3d34.700131!4d135.485194!16s%2Fg%2F11h5jtftzb!19sChIJVVBcNWLmAGAREMlrRy-oQjU?authuser=0&hl=ja&rclk=1,福島市,福島市 プロモーション会社
株式会社Ｉ・Ｐ・Ｍコンサルティング,http://www.ipm-mas.jp/,福島市 岡島向２４−２,024-573-0388,https://www.google.com/maps/place/%E6%A0%AA%E5%BC%8F%E4%BC%9A%E7%A4%BE%EF%BC%A9%E3%83%BB%EF%BC%B0%E3%83%BB%EF%BC%AD%E3%82%B3%E3%83%B3%E3%82%B5%E3%83%AB%E3%83%86%E3%82%A3%E3%83%B3%E3%82%B0/data=!4m7!3m6!1s0x5f8a87cc84c0eaa5:0x22f784a1e0a52b5a!8m2!3d37.78876!4d140.5066259!16s%2Fg%2F11c58sk_gh!19sChIJperAhMyHil8RWiul4KGE9yI?authuser=0&hl=ja&rclk=1,福島市,福島市 プロモーション会社
合同会社のりぷろ,https://noripuro.com/,福島市 置賜町１−２９,080-8210-1944,https://www.google.com/maps/place/%E5%90%88%E5%90%8C%E4%BC%9A%E7%A4%BE%E3%81%AE%E3%82%8A%E3%81%B7%E3%82%8D/data=!4m7!3m6!1s0x5f8a85c8ebcff405:0x647e734715e186d4!8m2!3d37.7554446!4d140.4616223!16s%2Fg%2F11t4f0d38_!19sChIJBfTP68iFil8R1IbhFUdzfmQ?authuser=0&hl=ja&rclk=1,福島市,福島市 プロモーション会社
株式会社エルモ,https://www.elmo-c.jp/mov/,福島市 福島４丁目４−１２,06-6443-6691,https://www.google.com/maps/place/%E6%A0%AA%E5%BC%8F%E4%BC%9A%E7%A4%BE%E3%82%A8%E3%83%AB%E3%83%A2/data=!4m7!3m6!1s0x6000e65dfdec8681:0x10025e99622a72c!8m2!3d34.6931683!4d135.4827847!16s%2Fg%2F1td539sn!19sChIJgYbs_V3mAGARLKciluklAAE?authuser=0&hl=ja&rclk=1,福島市,福島市 プロモーション会社
あいメッセージ（ＮＰＯ法人）(就労継続支援A型・B型・相談支援）,https://www.i-message.or.jp/,郡山市 富田東５丁目１６１,024-922-1488,https://www.google.com/maps/place/%E3%81%82%E3%81%84%E3%83%A1%E3%83%83%E3%82%BB%E3%83%BC%E3%82%B8%EF%BC%88%EF%BC%AE%EF%BC%B0%EF%BC%AF%E6%B3%95%E4%BA%BA%EF%BC%89%28%E5%B0%B1%E5%8A%B4%E7%B6%99%E7%B6%9A%E6%94%AF%E6%8F%B4A%E5%9E%8B%E3%83%BBB%E5%9E%8B%E3%83%BB%E7%9B%B8%E8%AB%87%E6%94%AF%E6%8F%B4%EF%BC%89/data=!4m7!3m6!1s0x60206c58f068b419:0x54b1282283ae5ad0!8m2!3d37.4239475!4d140.3725178!16s%2Fg%2F1hf01yfx8!19sChIJGbRo8FhsIGAR0FqugyIosVQ?authuser=0&hl=ja&rclk=1,郡山市,郡山市 販促支援会社
株式会社波デザイン 本社,https://www.nami-d.co.jp/,郡山市 朝日２丁目１８−３４,024-933-3018,https://www.google.com/maps/place/%E6%A0%AA%E5%BC%8F%E4%BC%9A%E7%A4%BE%E6%B3%A2%E3%83%87%E3%82%B6%E3%82%A4%E3%83%B3+%E6%9C%AC%E7%A4%BE/data=!4m7!3m6!1s0x60206cc5d8b2a799:0x5036ad7f0c26293b!8m2!3d37.4047065!4d140.3601201!16s%2Fg%2F11btmqpl9g!19sChIJmaey2MVsIGAROykmDH-tNlA?authuser=0&hl=ja&rclk=1,郡山市,郡山市 販促支援会社
NPOモラトリアム,https://npo-moratorium.crayonsite.com/,郡山市 安積町日出山２丁目１１８ コーポ 日出山 202号,070-9142-6659,https://www.google.com/maps/place/NPO%E3%83%A2%E3%83%A9%E3%83%88%E3%83%AA%E3%82%A2%E3%83%A0/data=!4m7!3m6!1s0x60206b5a6324f377:0xe573a8562a6c44b3!8m2!3d37.3730763!4d140.3830103!16s%2Fg%2F11yct4gb11!19sChIJd_MkY1prIGARs0RsKlaoc-U?authuser=0&hl=ja&rclk=1,郡山市,郡山市 販促支援会社
株式会社 メディアCoCo,http://mdcoco.jp/,郡山市 安積２丁目368番地3,024-983-8742,https://www.google.com/maps/place/%E6%A0%AA%E5%BC%8F%E4%BC%9A%E7%A4%BE+%E3%83%A1%E3%83%87%E3%82%A3%E3%82%A2CoCo/data=!4m7!3m6!1s0x60206b0550a725c7:0xb3770e3ae3aba905!8m2!3d37.3602415!4d140.3646829!16s%2Fg%2F11gm7gh66n!19sChIJxyWnUAVrIGARBamr4zoOd7M?authuser=0&hl=ja&rclk=1,郡山市,郡山市 プロモーション会社
株式会社福島クリエーティブ,http://www.fukushima-cr.co.jp/,郡山市 土瓜１丁目２２５−２,024-961-1131,https://www.google.com/maps/place/%28%E6%A0%AA%29%E7%A6%8F%E5%B3%B6%E3%82%AF%E3%83%AA%E3%82%A8%E3%83%BC%E3%83%86%E3%82%A3%E3%83%96/data=!4m7!3m6!1s0x602012b59dea05af:0x6601ccbc2a25b685!8m2!3d37.3997096!4d140.3304984!16s%2Fg%2F1thw6v47!19sChIJrwXqnbUSIGARhbYlKrzMAWY?authuser=0&hl=ja&rclk=1,郡山市,郡山市 プロモーション会社
株式会社アルス・プログレス,http://www.e-ars.co.jp/,郡山市 安積３丁目１３６,024-945-0635,https://www.google.com/maps/place/%EF%BC%88%E6%A0%AA%EF%BC%89%E3%82%A2%E3%83%AB%E3%82%B9%E3%83%BB%E3%83%97%E3%83%AD%E3%82%B0%E3%83%AC%E3%82%B9/data=!4m7!3m6!1s0x60206b3d2b4a39c7:0xcac446abe27b5008!8m2!3d37.3573809!4d140.366468!16s%2Fg%2F1tgf39pt!19sChIJxzlKKz1rIGARCFB74qtGxMo?authuser=0&hl=ja&rclk=1,郡山市,郡山市 プロモーション会社
株式会社 テリーナテリーナ,https://tereena.jp/,郡山市 方八町２丁目５−１６−３１７,024-953-5364,https://www.google.com/maps/place/%E6%A0%AA%E5%BC%8F%E4%BC%9A%E7%A4%BE+%E3%83%86%E3%83%AA%E3%83%BC%E3%83%8A%E3%83%86%E3%83%AA%E3%83%BC%E3%83%8A/data=!4m7!3m6!1s0x60206b716a657141:0xfbe3dc6a21a37adb!8m2!3d37.3932393!4d140.3909184!16s%2Fg%2F11jn0t_qw1!19sChIJQXFlanFrIGAR23qjIWrc4_s?authuser=0&hl=ja&rclk=1,郡山市,郡山市 プロモーション会社
株式会社Simple ながおか仕事と介護の両立支援室 彩りケアプラン,https://simple-irodori.com/,長岡市 金房３丁目８−１,070-8340-4155,https://www.google.com/maps/place/%E6%A0%AA%E5%BC%8F%E4%BC%9A%E7%A4%BESimple+%E3%81%AA%E3%81%8C%E3%81%8A%E3%81%8B%E4%BB%95%E4%BA%8B%E3%81%A8%E4%BB%8B%E8%AD%B7%E3%81%AE%E4%B8%A1%E7%AB%8B%E6%94%AF%E6%8F%B4%E5%AE%A4+%E5%BD%A9%E3%82%8A%E3%82%B1%E3%82%A2%E3%83%97%E3%83%A9%E3%83%B3/data=!4m7!3m6!1s0x5ff5a9a71cf98bf7:0x931e37f67ddeb917!8m2!3d37.4397792!4d138.8530781!16s%2Fg%2F11z3k37x_2!19sChIJ94v5HKep9V8RF7neffY3HpM?authuser=0&hl=ja&rclk=1,長岡市,長岡市 販促支援会社
小規模企業成長支援株式会社,https://www.sseichoshien.com/,長岡市 新保１丁目１９−２７,0258-38-0283,https://www.google.com/maps/place/%E5%B0%8F%E8%A6%8F%E6%A8%A1%E4%BC%81%E6%A5%AD%E6%88%90%E9%95%B7%E6%94%AF%E6%8F%B4%E6%A0%AA%E5%BC%8F%E4%BC%9A%E7%A4%BE/data=!4m7!3m6!1s0x5ff5a9a5c53f6f29:0x9923b5be93051d46!8m2!3d37.4622293!4d138.8675681!16s%2Fg%2F11v5vk5bgg!19sChIJKW8_xaWp9V8RRh0Fk761I5k?authuser=0&hl=ja&rclk=1,長岡市,長岡市 販促支援会社
就労支援ワーク＆カレッジ Oneながおか,http://www.one-nagaoka.com/,長岡市 表町１丁目１０−５ アーバンヒルズ長岡第２ 表町1-10-5 アーバンヒルズ長岡第二101,0258-89-8973,https://www.google.com/maps/place/%E5%B0%B1%E5%8A%B4%E6%94%AF%E6%8F%B4%E3%83%AF%E3%83%BC%E3%82%AF%EF%BC%86%E3%82%AB%E3%83%AC%E3%83%83%E3%82%B8+One%E3%81%AA%E3%81%8C%E3%81%8A%E3%81%8B/data=!4m7!3m6!1s0x5ff5a854b3105461:0xd3c5a97e6c2399a1!8m2!3d37.4472856!4d138.8466014!16s%2Fg%2F11c6s3pl30!19sChIJYVQQs1So9V8RoZkjbH6pxdM?authuser=0&hl=ja&rclk=1,長岡市,長岡市 販促支援会社
ながおか就職・Uターンサポートデスク,http://www.de-job-ra.net/,長岡市 高見町５４９−１ アルプス物流新潟,0120-750-514,https://www.google.com/maps/place/%E3%81%AA%E3%81%8C%E3%81%8A%E3%81%8B%E5%B0%B1%E8%81%B7%E3%83%BBU%E3%82%BF%E3%83%BC%E3%83%B3%E3%82%B5%E3%83%9D%E3%83%BC%E3%83%88%E3%83%87%E3%82%B9%E3%82%AF/data=!4m7!3m6!1s0x5ff500c4e014966b:0xc77899a8d9242768!8m2!3d37.5023038!4d138.8629162!16s%2Fg%2F11bx1s6lq7!19sChIJa5YU4MQA9V8RaCck2aiZeMc?authuser=0&hl=ja&rclk=1,長岡市,長岡市 販促支援会社
ながおか・若者・しごと機構,https://n-wakamonokikou.net/,長岡市 大手通２丁目３−１０,0258-86-6008,https://www.google.com/maps/place/%E3%81%AA%E3%81%8C%E3%81%8A%E3%81%8B%E3%83%BB%E8%8B%A5%E8%80%85%E3%83%BB%E3%81%97%E3%81%94%E3%81%A8%E6%A9%9F%E6%A7%8B/data=!4m7!3m6!1s0x5ff5a853350610eb:0xf62c5ba9e78c3b3f!8m2!3d37.4483975!4d138.848863!16s%2Fg%2F11flt33w2d!19sChIJ6xAGNVOo9V8RPzuM56lbLPY?authuser=0&hl=ja&rclk=1,長岡市,長岡市 販促支援会社
株式会社アルファスブライト,https://nmi-net.com/group/aboutus/alphasbright/,長岡市 緑町１丁目３８−４３１ コパスビル,0258-84-7277,https://www.google.com/maps/place/%EF%BC%88%E6%A0%AA%EF%BC%89%E3%82%A2%E3%83%AB%E3%83%95%E3%82%A1%E3%82%B9%E3%83%96%E3%83%A9%E3%82%A4%E3%83%88/data=!4m7!3m6!1s0x5ff5a90c7a1e39cb:0xdc017dc1821bd4f!8m2!3d37.450273!4d138.8221274!16s%2Fg%2F11fvxl5n95!19sChIJyzkeegyp9V8RT70hGNwXwA0?authuser=0&hl=ja&rclk=1,長岡市,長岡市 販促支援会社
株式会社エスワイプロモーション 新潟営業所,https://www.sy-pro.co.jp/,長岡市 新産３丁目６−２２,0258-47-5030,https://www.google.com/maps/place/%EF%BC%88%E6%A0%AA%EF%BC%89%E3%82%A8%E3%82%B9%E3%83%AF%E3%82%A4%E3%83%97%E3%83%AD%E3%83%A2%E3%83%BC%E3%82%B7%E3%83%A7%E3%83%B3+%E6%96%B0%E6%BD%9F%E5%96%B6%E6%A5%AD%E6%89%80/data=!4m7!3m6!1s0x5ff5aecd64889f77:0x2ddbc11e0ef75dd2!8m2!3d37.433082!4d138.790046!16s%2Fg%2F1tc_3ylb!19sChIJd5-IZM2u9V8R0l33Dh7B2y0?authuser=0&hl=ja&rclk=1,長岡市,長岡市 プロモーション会社
有限会社ＮＣプロモーション,http://wmat.jp/,長岡市 北園町２−５１,0258-24-7321,https://www.google.com/maps/place/%EF%BC%88%E6%9C%89%EF%BC%89%EF%BC%AE%EF%BC%A3%E3%83%97%E3%83%AD%E3%83%A2%E3%83%BC%E3%82%B7%E3%83%A7%E3%83%B3/data=!4m7!3m6!1s0x5ff5075866e6d89b:0x1c570850062995cd!8m2!3d37.4776949!4d138.857878!16s%2Fg%2F1tnpkvn1!19sChIJm9jmZlgH9V8RzZUpBlAIVxw?authuser=0&hl=ja&rclk=1,長岡市,長岡市 プロモーション会社
株式会社LUCK DIRECTION SERVICE,http://luckds.jp/,長岡市 四郎丸２丁目３−８,0258-94-4944,https://www.google.com/maps/place/%E6%A0%AA%E5%BC%8F%E4%BC%9A%E7%A4%BELUCK+DIRECTION+SERVICE/data=!4m7!3m6!1s0x5ff5a99d9d3794c9:0x32f425c425a8f582!8m2!3d37.4403949!4d138.8568393!16s%2Fg%2F11q8jvnb0s!19sChIJyZQ3nZ2p9V8RgvWoJcQl9DI?authuser=0&hl=ja&rclk=1,長岡市,長岡市 プロモーション会社
長岡観光コンベンション協会,https://www.nagaoka-navi.or.jp/,長岡市 大手通２丁目２−６ 2階,0258-32-1187,https://www.google.com/maps/place/%E9%95%B7%E5%B2%A1%E8%A6%B3%E5%85%89%E3%82%B3%E3%83%B3%E3%83%99%E3%83%B3%E3%82%B7%E3%83%A7%E3%83%B3%E5%8D%94%E4%BC%9A/data=!4m7!3m6!1s0x5ff5a8530a78365d:0xc88602d9455cc7d6!8m2!3d37.4480175!4d138.8500129!16s%2Fg%2F1tk6_bfp!19sChIJXTZ4ClOo9V8R1sdcRdkChsg?authuser=0&hl=ja&rclk=1,長岡市,長岡市 プロモーション会社
高速印刷株式会社,https://www.kousoku-print.jp/,長岡市 北陽１丁目５３−４１,0258-21-2350,https://www.google.com/maps/place/%E9%AB%98%E9%80%9F%E5%8D%B0%E5%88%B7%28%E6%A0%AA%29/data=!4m7!3m6!1s0x5ff50737e15e630d:0x27a19725b831aa40!8m2!3d37.4873897!4d138.8739712!16s%2Fg%2F1tf7xkgr!19sChIJDWNe4TcH9V8RQKoxuCWXoSc?authuser=0&hl=ja&rclk=1,長岡市,長岡市 プロモーション会社
株式会社バーツプロダクション ポスティング部,https://www.virts.jp/posting/,長岡市 喜多町３８６,0258-86-8773,https://www.google.com/maps/place/%EF%BC%88%E6%A0%AA%EF%BC%89%E3%83%90%E3%83%BC%E3%83%84%E3%83%97%E3%83%AD%E3%83%80%E3%82%AF%E3%82%B7%E3%83%A7%E3%83%B3+%E3%83%9D%E3%82%B9%E3%83%86%E3%82%A3%E3%83%B3%E3%82%B0%E9%83%A8/data=!4m7!3m6!1s0x5ff5a96c0c8efd35:0x6aa0ec09b475c4d5!8m2!3d37.451689!4d138.804954!16s%2Fg%2F11qq29lh0z!19sChIJNf2ODGyp9V8R1cR1tAnsoGo?authuser=0&hl=ja&rclk=1,長岡市,長岡市 プロモーション会社
株式会社eiki social work IT事業部,https://www.eiki-kk.com/social-work/,富山市 金泉寺４００−１,076-456-6324,https://www.google.com/maps/place/%E6%A0%AA%E5%BC%8F%E4%BC%9A%E7%A4%BEeiki+social+work+IT%E4%BA%8B%E6%A5%AD%E9%83%A8/data=!4m7!3m6!1s0x5ff7976a35b4794d:0x941503dde801887c!8m2!3d36.7254162!4d137.2635233!16s%2Fg%2F11sk4nz_4k!19sChIJTXm0NWqX918RfIgB6N0DFZQ?authuser=0&hl=ja&rclk=1,富山市,富山市 販促支援会社
合同会社AK,https://www.activekikk.com/,富山市 大栗６７−６,076-483-4877,https://www.google.com/maps/place/%E5%90%88%E5%90%8C%E4%BC%9A%E7%A4%BEAK/data=!4m7!3m6!1s0x5ff78dec01c08751:0x3cc78f03d48a4bde!8m2!3d36.6140079!4d137.2796982!16s%2Fg%2F11ys099c6f!19sChIJUYfAAeyN918R3kuK1AOPxzw?authuser=0&hl=ja&rclk=1,富山市,富山市 販促支援会社
株式会社オレンジ,https://orange-toyama.com/,富山市 針原中町２８７−７,076-407-5355,https://www.google.com/maps/place/%EF%BC%88%E6%A0%AA%EF%BC%89%E3%82%AA%E3%83%AC%E3%83%B3%E3%82%B8/data=!4m7!3m6!1s0x5ff790a4333c254b:0x2f2460bc62950284!8m2!3d36.7227451!4d137.2663712!16s%2Fg%2F1pp2wx49v!19sChIJSyU8M6SQ918RhAKVYrxgJC8?authuser=0&hl=ja&rclk=1,富山市,富山市 販促支援会社
日本社会福祉デザインセンター株式会社（就労継続支援A型・B型）,https://nsdc-toyama.com/,富山市 高田５２７ 総合情報センタービル 4階,076-411-7631,https://www.google.com/maps/place/%E6%97%A5%E6%9C%AC%E7%A4%BE%E4%BC%9A%E7%A6%8F%E7%A5%89%E3%83%87%E3%82%B6%E3%82%A4%E3%83%B3%E3%82%BB%E3%83%B3%E3%82%BF%E3%83%BC%28%E6%A0%AA%29%EF%BC%88%E5%B0%B1%E5%8A%B4%E7%B6%99%E7%B6%9A%E6%94%AF%E6%8F%B4A%E5%9E%8B%E3%83%BBB%E5%9E%8B%EF%BC%89/data=!4m7!3m6!1s0x5ff79077a85c6055:0x707508cf8f2b5029!8m2!3d36.6909597!4d137.1878533!16s%2Fg%2F1pp2wx2kx!19sChIJVWBcqHeQ918RKVArj88IdXA?authuser=0&hl=ja&rclk=1,富山市,富山市 販促支援会社
株式会社ライズウィル,http://rise-will.com/,富山市 高田５２７ 情報ビル5階,076-471-5458,https://www.google.com/maps/place/%E6%A0%AA%E5%BC%8F%E4%BC%9A%E7%A4%BE%E3%83%A9%E3%82%A4%E3%82%BA%E3%82%A6%E3%82%A3%E3%83%AB/data=!4m7!3m6!1s0x5ff791485476ae43:0x359f5c097bd24fd3!8m2!3d36.6908225!4d137.1880942!16s%2Fg%2F11g4j6gb3j!19sChIJQ652VEiR918R00_SewlcnzU?authuser=0&hl=ja&rclk=1,富山市,富山市 販促支援会社
就労移行支援事業所ウェルビー富山センター,https://www.welbe.co.jp/center/toyama/toyama.html,富山市 新桜町２−2 番 21 号 MKD.9富山ビル 1階,076-411-7835,https://www.google.com/maps/place/%E5%B0%B1%E5%8A%B4%E7%A7%BB%E8%A1%8C%E6%94%AF%E6%8F%B4%E4%BA%8B%E6%A5%AD%E6%89%80%E3%82%A6%E3%82%A7%E3%83%AB%E3%83%93%E3%83%BC%E5%AF%8C%E5%B1%B1%E3%82%BB%E3%83%B3%E3%82%BF%E3%83%BC/data=!4m7!3m6!1s0x5ff7912c48de95f3:0x74cf25282ace7d1b!8m2!3d36.6977701!4d137.2147348!16s%2Fg%2F11pzxqlbtx!19sChIJ85XeSCyR918RG33OKiglz3Q?authuser=0&hl=ja&rclk=1,富山市,富山市 販促支援会社
富山県よろず支援拠点,https://toyama-yorozushien.go.jp/,富山市 高田527番地 情報ビル 1F 公財 新世紀産業機構内,076-444-5605,https://www.google.com/maps/place/%E5%AF%8C%E5%B1%B1%E7%9C%8C%E3%82%88%E3%82%8D%E3%81%9A%E6%94%AF%E6%8F%B4%E6%8B%A0%E7%82%B9/data=!4m7!3m6!1s0x5ff7912dc879e377:0xc8a18398bc1fd572!8m2!3d36.6911982!4d137.1877009!16s%2Fg%2F11j9dkskrm!19sChIJd-N5yC2R918RctUfvJiDocg?authuser=0&hl=ja&rclk=1,富山市,富山市 販促支援会社
日本ペアレントトレーニング子育て支援協会,https://parent-training-kosodate.com/about,富山市 中央通り２丁目３−２２ 中教院モルティハイツ 2階,050-8889-5015,https://www.google.com/maps/place/%E6%97%A5%E6%9C%AC%E3%83%9A%E3%82%A2%E3%83%AC%E3%83%B3%E3%83%88%E3%83%88%E3%83%AC%E3%83%BC%E3%83%8B%E3%83%B3%E3%82%B0%E5%AD%90%E8%82%B2%E3%81%A6%E6%94%AF%E6%8F%B4%E5%8D%94%E4%BC%9A/data=!4m7!3m6!1s0x5ff79100623daa81:0xd1f7d0198c04349!8m2!3d36.6897197!4d137.220444!16s%2Fg%2F11z5_g8rhg!19sChIJgao9YgCR918RSUPAmAF9Hw0?authuser=0&hl=ja&rclk=1,富山市,富山市 販促支援会社
ラックプロ株式会社,https://www.luckpro.co.jp/,富山市 稲荷元町３丁目２−６ ラックビル,076-433-3050,https://www.google.com/maps/place/%E3%83%A9%E3%83%83%E3%82%AF%E3%83%97%E3%83%AD%EF%BC%88%E6%A0%AA%EF%BC%89/data=!4m7!3m6!1s0x5ff790bd41e1656f:0xabe419e2eeeff4f3!8m2!3d36.7012346!4d137.2285572!16s%2Fg%2F1wb8tjyb!19sChIJb2XhQb2Q918R8_Tv7uIZ5Ks?authuser=0&hl=ja&rclk=1,富山市,富山市 プロモーション会社
有限会社ユーウィン プロモーション事業部,http://toyama-jinzai.com/,富山市 梅沢町３丁目８−番23号,090-4683-1123,https://www.google.com/maps/place/%E6%9C%89%E9%99%90%E4%BC%9A%E7%A4%BE%E3%83%A6%E3%83%BC%E3%82%A6%E3%82%A3%E3%83%B3+%E3%83%97%E3%83%AD%E3%83%A2%E3%83%BC%E3%82%B7%E3%83%A7%E3%83%B3%E4%BA%8B%E6%A5%AD%E9%83%A8/data=!4m7!3m6!1s0x5ff79058aa78bea9:0xbce95f898b909e26!8m2!3d36.6852671!4d137.2209351!16s%2Fg%2F11f7r4nmwm!19sChIJqb54qliQ918RJp6Qi4lf6bw?authuser=0&hl=ja&rclk=1,富山市,富山市 プロモーション会社
芸能プロダクション ビプロ,https://bepro.jp/,富山市 五福３５４８−１４,076-407-5003,https://www.google.com/maps/place/%E8%8A%B8%E8%83%BD%E3%83%97%E3%83%AD%E3%83%80%E3%82%AF%E3%82%B7%E3%83%A7%E3%83%B3+%E3%83%93%E3%83%97%E3%83%AD/data=!4m7!3m6!1s0x5ff79b6b52b148f1:0xf7539696083c4147!8m2!3d36.7020693!4d137.1873428!16s%2Fg%2F11btrr85rz!19sChIJ8UixUmub918RR0E8CJaWU_c?authuser=0&hl=ja&rclk=1,富山市,富山市 プロモーション会社
株式会社TOYAMATO,https://toyamato.jp/company,富山市 安住町２−１４ 北日本スクエア,076-471-5030,https://www.google.com/maps/place/%E6%A0%AA%E5%BC%8F%E4%BC%9A%E7%A4%BETOYAMATO/data=!4m7!3m6!1s0x5ff791f1891fe421:0xc206fe45780bd391!8m2!3d36.6959962!4d137.2094301!16s%2Fg%2F11vbczslgw!19sChIJIeQfifGR918RkdMLeEX-BsI?authuser=0&hl=ja&rclk=1,富山市,富山市 プロモーション会社
"quod, LLC",https://cfquod.jp/,富山市 蓮町１丁目７−３ SCOP TOYAMA創業支援センタ 309号,0766-95-4317,"https://www.google.com/maps/place/quod,+LLC/data=!4m7!3m6!1s0x60188b4cf70d81ab:0x242ad728c534831a!8m2!3d36.7409398!4d137.2253376!16s%2Fg%2F11fsmc05dg!19sChIJq4EN90yLGGARGoM0xSjXKiQ?authuser=0&hl=ja&rclk=1",富山市,富山市 プロモーション会社
有限会社プロモート・S,https://www.promote-s.co.jp/,福井市 開発１丁目201番地1,0776-54-8600,https://www.google.com/maps/place/%E6%9C%89%E9%99%90%E4%BC%9A%E7%A4%BE%E3%83%97%E3%83%AD%E3%83%A2%E3%83%BC%E3%83%88%E3%83%BBS/data=!4m7!3m6!1s0x5ff8bef4e395e041:0xa3c4e0dea336aaf8!8m2!3d36.0768108!4d136.2387723!16s%2Fg%2F1tf3z6wy!19sChIJQeCV4_S--F8R-Ko2o97gxKM?authuser=0&hl=ja&rclk=1,福井市,福井市 プロモーション会社
福井ジョブチャンネル運営事務局,https://jobchan.net/,福井市 二の宮２丁目１９−２ OE3階 NEOプロモーション内,0776-43-1165,https://www.google.com/maps/place/%E7%A6%8F%E4%BA%95%E3%82%B8%E3%83%A7%E3%83%96%E3%83%81%E3%83%A3%E3%83%B3%E3%83%8D%E3%83%AB%E9%81%8B%E5%96%B6%E4%BA%8B%E5%8B%99%E5%B1%80/data=!4m7!3m6!1s0x5ff8bfab2d67cbb5:0x1f0a4453cd59cdcd!8m2!3d36.0863114!4d136.2263482!16s%2Fg%2F11fr3gqb0n!19sChIJtctnLau_-F8Rzc1ZzVNECh8?authuser=0&hl=ja&rclk=1,福井市,福井市 プロモーション会社
名響社,https://mks-co.biz/,福井市 成和１丁目１７２１ トーヨー,0776-27-0038,https://www.google.com/maps/place/%E5%90%8D%E9%9F%BF%E7%A4%BE/data=!4m7!3m6!1s0x5ff8be82fe47408f:0x829057a51e57f814!8m2!3d36.0556921!4d136.2439594!16s%2Fg%2F1vfn6hz3!19sChIJj0BH_oK--F8RFPhXHqVXkII?authuser=0&hl=ja&rclk=1,福井市,福井市 プロモーション会社
障害者就労継続支援A型事業所 【KEIPE〈ケイプ〉甲府】,https://keipe.co.jp/,甲府市 丸の内１丁目１５−２ 第5丸銀ビル 2階A号室,055-225-3262,https://www.google.com/maps/place/%E9%9A%9C%E5%AE%B3%E8%80%85%E5%B0%B1%E5%8A%B4%E7%B6%99%E7%B6%9A%E6%94%AF%E6%8F%B4A%E5%9E%8B%E4%BA%8B%E6%A5%AD%E6%89%80+%E3%80%90KEIPE%E3%80%88%E3%82%B1%E3%82%A4%E3%83%97%E3%80%89%E7%94%B2%E5%BA%9C%E3%80%91/data=!4m7!3m6!1s0x601bf9cf62c3ffff:0xb373190b4e58b73!8m2!3d35.6627262!4d138.5706287!16s%2Fg%2F11gdsft5td!19sChIJ___DYs_5G2ARc4vltJAxNws?authuser=0&hl=ja&rclk=1,甲府市,甲府市 販促支援会社
就労移行支援事業所コリード甲府,https://colead-kofu.com/,甲府市 国母７丁目５−１７ サンライン甲府ビル ４階,055-288-0370,https://www.google.com/maps/place/%E5%B0%B1%E5%8A%B4%E7%A7%BB%E8%A1%8C%E6%94%AF%E6%8F%B4%E4%BA%8B%E6%A5%AD%E6%89%80%E3%82%B3%E3%83%AA%E3%83%BC%E3%83%89%E7%94%B2%E5%BA%9C/data=!4m7!3m6!1s0x601bf737e89fdd59:0x4537b29fd49f16f0!8m2!3d35.6369901!4d138.5478949!16s%2Fg%2F11r2yd97jl!19sChIJWd2f6Df3G2AR8Baf1J-yN0U?authuser=0&hl=ja&rclk=1,甲府市,甲府市 販促支援会社
self-Aこころと甲府,https://www.brbpo.services/,甲府市 貢川本町９−８ 1階,055-234-5920,https://www.google.com/maps/place/self-A%E3%81%93%E3%81%93%E3%82%8D%E3%81%A8%E7%94%B2%E5%BA%9C/data=!4m7!3m6!1s0x601bf77b3b28877b:0xd2fb0e1baf8cc474!8m2!3d35.6548235!4d138.5506624!16s%2Fg%2F11h0c04x9l!19sChIJe4coO3v3G2ARdMSMrxsO-9I?authuser=0&hl=ja&rclk=1,甲府市,甲府市 販促支援会社
（公財）やまなし産業支援機構,https://www.yiso.or.jp/,甲府市 大津町２１９２−８ 3F,055-243-1888,https://www.google.com/maps/place/%EF%BC%88%E5%85%AC%E8%B2%A1%EF%BC%89%E3%82%84%E3%81%BE%E3%81%AA%E3%81%97%E7%94%A3%E6%A5%AD%E6%94%AF%E6%8F%B4%E6%A9%9F%E6%A7%8B/data=!4m7!3m6!1s0x601bfa7b9587868f:0xe512a5f89716d4d9!8m2!3d35.6020464!4d138.5653574!16s%2Fg%2F1vxw8b8x!19sChIJj4aHlXv6G2AR2dQWl_ilEuU?authuser=0&hl=ja&rclk=1,甲府市,甲府市 販促支援会社
やまなし地域デザイン株式会社,https://www.yrdinc.co.jp/,甲府市 丸の内１丁目２０−８,055-225-0016,https://www.google.com/maps/place/%E3%82%84%E3%81%BE%E3%81%AA%E3%81%97%E5%9C%B0%E5%9F%9F%E3%83%87%E3%82%B6%E3%82%A4%E3%83%B3%E6%A0%AA%E5%BC%8F%E4%BC%9A%E7%A4%BE/data=!4m7!3m6!1s0x601bf900185aae73:0x8d377e5abe86840d!8m2!3d35.6616938!4d138.5697768!16s%2Fg%2F11n47qx21v!19sChIJc65aGAD5G2ARDYSGvlp-N40?authuser=0&hl=ja&rclk=1,甲府市,甲府市 販促支援会社
テクノプロ・デザイン社 甲府支店,http://www.technopro.com/design/,甲府市 相生２丁目３−１６,055-221-8701,https://www.google.com/maps/place/%E3%83%86%E3%82%AF%E3%83%8E%E3%83%97%E3%83%AD%E3%83%BB%E3%83%87%E3%82%B6%E3%82%A4%E3%83%B3%E7%A4%BE+%E7%94%B2%E5%BA%9C%E6%94%AF%E5%BA%97/data=!4m7!3m6!1s0x601bf82aae39c96f:0x9e140b9b973d790!8m2!3d35.6574037!4d138.5684246!16s%2Fg%2F11c31qc5vh!19sChIJb8k5rir4G2ARkNdzublA4Qk?authuser=0&hl=ja&rclk=1,甲府市,甲府市 プロモーション会社
株式会社アクロプラス,https://www.acro-plus.com/,甲府市 住吉５丁目２５−２７,055-267-7404,https://www.google.com/maps/place/%E6%A0%AA%E5%BC%8F%E4%BC%9A%E7%A4%BE%E3%82%A2%E3%82%AF%E3%83%AD%E3%83%97%E3%83%A9%E3%82%B9/data=!4m7!3m6!1s0x601bfa0e1cba785f:0xed5e3b5907b665ca!8m2!3d35.6355257!4d138.5790612!16s%2Fg%2F11d_tlwhsb!19sChIJX3i6HA76G2ARymW2B1k7Xu0?authuser=0&hl=ja&rclk=1,甲府市,甲府市 プロモーション会社
株式会社アグスト,http://agust.co.jp/,甲府市 貢川１丁目１０−１５,055-268-3371,https://www.google.com/maps/place/%E6%A0%AA%E5%BC%8F%E4%BC%9A%E7%A4%BE%E3%82%A2%E3%82%B0%E3%82%B9%E3%83%88/data=!4m7!3m6!1s0x601bf9ee289a909f:0x740c98e8f8a5d45!8m2!3d35.6578145!4d138.537374!16s%2Fg%2F11fjxgcfmg!19sChIJn5CaKO75G2ARRV2Kj47JQAc?authuser=0&hl=ja&rclk=1,甲府市,甲府市 プロモーション会社
YKコンサルティング,https://www.ykconsulting.jp/,甲府市 丸の内２丁目３３−１１ マンショングリーンアース,,https://www.google.com/maps/place/YK%E3%82%B3%E3%83%B3%E3%82%B5%E3%83%AB%E3%83%86%E3%82%A3%E3%83%B3%E3%82%B0/data=!4m7!3m6!1s0x601bf93494a8b305:0xa8a4b214d3e22c7f!8m2!3d35.6627272!4d138.5659641!16s%2Fg%2F11gsmw50db!19sChIJBbOolDT5G2ARfyzi0xSypKg?authuser=0&hl=ja&rclk=1,甲府市,甲府市 プロモーション会社
合同会社RIGHT MAN GROUP,https://www.cram.co.jp/,松本市 県１丁目６−３ 松林ビル 2F,0263-88-8820,https://www.google.com/maps/place/%E5%90%88%E5%90%8C%E4%BC%9A%E7%A4%BERIGHT+MAN+GROUP/data=!4m7!3m6!1s0x601d0f9788d8bb3f:0xb4b29021c0891141!8m2!3d36.2339089!4d137.9800168!16s%2Fg%2F11z8gjf356!19sChIJP7vYiJcPHWARQRGJwCGQsrQ?authuser=0&hl=ja&rclk=1,松本市,松本市 販促支援会社
障害者就労継続支援A型 STOVE松本,https://www.st-ove.co.jp/,松本市 蟻ケ崎１丁目１−２４ 2F,0263-31-0857,https://www.google.com/maps/place/%E9%9A%9C%E5%AE%B3%E8%80%85%E5%B0%B1%E5%8A%B4%E7%B6%99%E7%B6%9A%E6%94%AF%E6%8F%B4A%E5%9E%8B+STOVE%E6%9D%BE%E6%9C%AC/data=!4m7!3m6!1s0x601d0fa6150e433b:0x6ff7ee2ad20856c2!8m2!3d36.2411094!4d137.9623572!16s%2Fg%2F11j4lj5g02!19sChIJO0MOFaYPHWARwlYI0iru928?authuser=0&hl=ja&rclk=1,松本市,松本市 販促支援会社
株式会社デザイン計画（バックパネル・販促ツール制作・メディカルデザイン）,http://d-plan.cc/,松本市 波田１５２８−２,0263-92-8500,https://www.google.com/maps/place/%E6%A0%AA%E5%BC%8F%E4%BC%9A%E7%A4%BE%E3%83%87%E3%82%B6%E3%82%A4%E3%83%B3%E8%A8%88%E7%94%BB%EF%BC%88%E3%83%90%E3%83%83%E3%82%AF%E3%83%91%E3%83%8D%E3%83%AB%E3%83%BB%E8%B2%A9%E4%BF%83%E3%83%84%E3%83%BC%E3%83%AB%E5%88%B6%E4%BD%9C%E3%83%BB%E3%83%A1%E3%83%87%E3%82%A3%E3%82%AB%E3%83%AB%E3%83%87%E3%82%B6%E3%82%A4%E3%83%B3%EF%BC%89/data=!4m7!3m6!1s0x601d117d5afb0aa5:0x7372dc34c624450e!8m2!3d36.204758!4d137.873094!16s%2Fg%2F1tj21mg9!19sChIJpQr7Wn0RHWARDkUkxjTccnM?authuser=0&hl=ja&rclk=1,松本市,松本市 販促支援会社
合同会社わいわい信州 就労継続支援B型事業所トリドリ,https://www.toridori-matsumoto.com/,松本市 本庄１丁目３−１２ アカギビル 2階、4階,0263-88-5743,https://www.google.com/maps/place/%E5%90%88%E5%90%8C%E4%BC%9A%E7%A4%BE%E3%82%8F%E3%81%84%E3%82%8F%E3%81%84%E4%BF%A1%E5%B7%9E+%E5%B0%B1%E5%8A%B4%E7%B6%99%E7%B6%9A%E6%94%AF%E6%8F%B4B%E5%9E%8B%E4%BA%8B%E6%A5%AD%E6%89%80%E3%83%88%E3%83%AA%E3%83%89%E3%83%AA/data=!4m7!3m6!1s0x601d0f587f3e8cbd:0xe0dbc4dc28e02ab!8m2!3d36.2278092!4d137.9691067!16s%2Fg%2F11pldxshs9!19sChIJvYw-f1gPHWARqwKOwk28DQ4?authuser=0&hl=ja&rclk=1,松本市,松本市 販促支援会社
合同会社ReConnect〜移住と仕事.jp〜,https://ijutoshigoto.jp/,松本市 中央３丁目２−１２ ナカマチテラス 302,,https://www.google.com/maps/place/%E5%90%88%E5%90%8C%E4%BC%9A%E7%A4%BEReConnect%E3%80%9C%E7%A7%BB%E4%BD%8F%E3%81%A8%E4%BB%95%E4%BA%8B.jp%E3%80%9C/data=!4m7!3m6!1s0x601d0fec51f9a4ab:0xa0b2fc693ad7789b!8m2!3d36.2336573!4d137.9717446!16s%2Fg%2F11j_y2h1r9!19sChIJq6T5UewPHWARm3jXOmn8sqA?authuser=0&hl=ja&rclk=1,松本市,松本市 販促支援会社
セキュリティ・プロモーション,https://www.securitypromotion.co.jp/,松本市 野溝木工２丁目７−１５,0263-24-0711,https://www.google.com/maps/place/%E3%82%BB%E3%82%AD%E3%83%A5%E3%83%AA%E3%83%86%E3%82%A3%E3%83%BB%E3%83%97%E3%83%AD%E3%83%A2%E3%83%BC%E3%82%B7%E3%83%A7%E3%83%B3/data=!4m7!3m6!1s0x601d0fac039d0365:0x47db1eaa46fa746d!8m2!3d36.200732!4d137.9559946!16s%2Fg%2F1tm8f1lt!19sChIJZQOdA6wPHWARbXT6Rqoe20c?authuser=0&hl=ja&rclk=1,松本市,松本市 プロモーション会社
えむやん イベントプロモーション,https://myan2022.com/,松本市 大手４丁目１−１３ SWEET WORK,0263-88-7036,https://www.google.com/maps/place/%E3%81%88%E3%82%80%E3%82%84%E3%82%93+%E3%82%A4%E3%83%99%E3%83%B3%E3%83%88%E3%83%97%E3%83%AD%E3%83%A2%E3%83%BC%E3%82%B7%E3%83%A7%E3%83%B3/data=!4m7!3m6!1s0x601d0f288ba5aeb9:0x68cc0227bc438750!8m2!3d36.2346581!4d137.971051!16s%2Fg%2F11v007nn9s!19sChIJua6liygPHWARUIdDvCcCzGg?authuser=0&hl=ja&rclk=1,松本市,松本市 プロモーション会社
松本フィルムコミッション,https://matsumoto-film.jp/,松本市 丸の内４−１８,,https://www.google.com/maps/place/%E6%9D%BE%E6%9C%AC%E3%83%95%E3%82%A3%E3%83%AB%E3%83%A0%E3%82%B3%E3%83%9F%E3%83%83%E3%82%B7%E3%83%A7%E3%83%B3/data=!4m7!3m6!1s0x601d0f771a9625a9:0x9fe76b0d69cd6ca1!8m2!3d36.2368111!4d137.9710287!16s%2Fg%2F11yxmh3hjj!19sChIJqSWWGncPHWARoWzNaQ1r558?authuser=0&hl=ja&rclk=1,松本市,松本市 プロモーション会社
株式会社ホットスタッフ松本,https://www.hotstaff.co.jp/hotkensaku/jobsearch/20/search?type=city&branch_id=0947,松本市 筑摩１丁目１５−７ ハチマルビル 103,0120-087-011,https://www.google.com/maps/place/%E6%A0%AA%E5%BC%8F%E4%BC%9A%E7%A4%BE%E3%83%9B%E3%83%83%E3%83%88%E3%82%B9%E3%82%BF%E3%83%83%E3%83%95%E6%9D%BE%E6%9C%AC/data=!4m7!3m6!1s0x601d0ee5e4315555:0xae61721f6579af7a!8m2!3d36.2216938!4d137.9759577!16s%2Fg%2F11dflbqgwb!19sChIJVVUx5OUOHWAReq95ZR9yYa4?authuser=0&hl=ja&rclk=1,松本市,松本市 プロモーション会社
株式会社ENLINK,https://enlink.biz/,松本市 寿北５丁目２８−２８ 11YKビル 201,0263-30-1125,https://www.google.com/maps/place/%E6%A0%AA%E5%BC%8F%E4%BC%9A%E7%A4%BEENLINK/data=!4m7!3m6!1s0x601d0f2520964acf:0xb02965222284fb84!8m2!3d36.1984983!4d137.9810605!16s%2Fg%2F11y4lpln46!19sChIJz0qWICUPHWARhPuEIiJlKbA?authuser=0&hl=ja&rclk=1,松本市,松本市 プロモーション会社
一般社団法人相続手続支援機構,https://souzokukikou.or.jp/,つくば市 千現２丁目1−６ つくば研究支援センタ Aｰ2,029-869-8111,https://www.google.com/maps/place/%E4%B8%80%E8%88%AC%E7%A4%BE%E5%9B%A3%E6%B3%95%E4%BA%BA%E7%9B%B8%E7%B6%9A%E6%89%8B%E7%B6%9A%E6%94%AF%E6%8F%B4%E6%A9%9F%E6%A7%8B/data=!4m7!3m6!1s0x60220dedae9dc02d:0x61baa2c2de2c9448!8m2!3d36.0643631!4d140.1261981!16s%2Fg%2F11z7m994hj!19sChIJLcCdru0NImARSJQs3sKiumE?authuser=0&hl=ja&rclk=1,つくば市,つくば市 販促支援会社
株式会社エーヴィックコム,http://aviccom.net/,つくば市 明神３６７−９,029-871-3144,https://www.google.com/maps/place/%E6%A0%AA%E5%BC%8F%E4%BC%9A%E7%A4%BE%E3%82%A8%E3%83%BC%E3%83%B4%E3%82%A3%E3%83%83%E3%82%AF%E3%82%B3%E3%83%A0/data=!4m7!3m6!1s0x602273d044777065:0x36e5350363097c62!8m2!3d35.9871009!4d140.1334136!16s%2Fg%2F1tglhfd5!19sChIJZXB3RNBzImARYnwJYwM15TY?authuser=0&hl=ja&rclk=1,つくば市,つくば市 販促支援会社
サポートセンターきずなPLUS,https://www.fspo-kizuna-group.com/,つくば市 筑穂２丁目１−１ つくばＴＳビル 1階,029-886-7703,https://www.google.com/maps/place/%E3%82%B5%E3%83%9D%E3%83%BC%E3%83%88%E3%82%BB%E3%83%B3%E3%82%BF%E3%83%BC%E3%81%8D%E3%81%9A%E3%81%AAPLUS/data=!4m7!3m6!1s0x6022091eeef3edb5:0x4eab7d72f3e7c02!8m2!3d36.1343134!4d140.0793283!16s%2Fg%2F11rxyb_r0d!19sChIJte3z7h4JImARAnw-L9e36gQ?authuser=0&hl=ja&rclk=1,つくば市,つくば市 販促支援会社
株式会社ツクバ・インフォメーション・ラボ,http://www.tilab.co.jp/,つくば市 古来８９６−１,029-863-0555,https://www.google.com/maps/place/%E6%A0%AA%E5%BC%8F%E4%BC%9A%E7%A4%BE%E3%83%84%E3%82%AF%E3%83%90%E3%83%BB%E3%82%A4%E3%83%B3%E3%83%95%E3%82%A9%E3%83%A1%E3%83%BC%E3%82%B7%E3%83%A7%E3%83%B3%E3%83%BB%E3%83%A9%E3%83%9C/data=!4m7!3m6!1s0x60220cf29430076d:0x117399820820bc7f!8m2!3d36.0924038!4d140.1410238!16s%2Fg%2F1vxdycyx!19sChIJbQcwlPIMImARf7wgCIKZcxE?authuser=0&hl=ja&rclk=1,つくば市,つくば市 販促支援会社
株式会社アイネクスト,http://inext-print.com/,つくば市 上横場２６７−２,029-836-5765,https://www.google.com/maps/place/%EF%BC%88%E6%A0%AA%EF%BC%89%E3%82%A2%E3%82%A4%E3%83%8D%E3%82%AF%E3%82%B9%E3%83%88/data=!4m7!3m6!1s0x60220b4178644baf:0xeb5cdc4cbb48e15!8m2!3d36.0495958!4d140.0855189!16s%2Fg%2F11b7sy6vq7!19sChIJr0tkeEELImARFY60y8TNtQ4?authuser=0&hl=ja&rclk=1,つくば市,つくば市 販促支援会社
クロスネクト,http://crossnect.com/,つくば市 松代４丁目10−１１ 中島ハイツ 105号,090-4522-0595,https://www.google.com/maps/place/%E3%82%AF%E3%83%AD%E3%82%B9%E3%83%8D%E3%82%AF%E3%83%88/data=!4m7!3m6!1s0x60220d6a2227e04d:0x6e85a8c4152c3f1b!8m2!3d36.0657477!4d140.1056603!16s%2Fg%2F11q96kdcvz!19sChIJTeAnImoNImARGz8sFcSohW4?authuser=0&hl=ja&rclk=1,つくば市,つくば市 販促支援会社
株式会社RION,https://www.rion2020.com/,つくば市 古来８９６−１,,https://www.google.com/maps/place/%E6%A0%AA%E5%BC%8F%E4%BC%9A%E7%A4%BERION/data=!4m7!3m6!1s0x60220d273e166cb3:0xe2f0ecb76b4fd1d7!8m2!3d36.0924094!4d140.1410198!16s%2Fg%2F11r99g7lx_!19sChIJs2wWPicNImAR19FPa7fs8OI?authuser=0&hl=ja&rclk=1,つくば市,つくば市 プロモーション会社
株式会社ライプニツ・リサーチ,https://leibniz-research.jp/,つくば市 二の宮１丁目２番地２ 酒井ビル ３階,029-896-7029,https://www.google.com/maps/place/%E6%A0%AA%E5%BC%8F%E4%BC%9A%E7%A4%BE%E3%83%A9%E3%82%A4%E3%83%97%E3%83%8B%E3%83%84%E3%83%BB%E3%83%AA%E3%82%B5%E3%83%BC%E3%83%81/data=!4m7!3m6!1s0x60188ea9dc0e3e0f:0x740a6f45519778f6!8m2!3d36.0720218!4d140.1146367!16s%2Fg%2F1tdzr3__!19sChIJDz4O3KmOGGAR9niXUUVvCnQ?authuser=0&hl=ja&rclk=1,つくば市,つくば市 プロモーション会社
有限会社ヘッドルーム,https://www.headroom.jp/,つくば市 竹園１丁目１２−１ シンコービル 3F,029-851-7230,https://www.google.com/maps/place/%E6%9C%89%E9%99%90%E4%BC%9A%E7%A4%BE%E3%83%98%E3%83%83%E3%83%89%E3%83%AB%E3%83%BC%E3%83%A0/data=!4m7!3m6!1s0x60220c8b97ce37b3:0x30c5385e9c83ee94!8m2!3d36.0800465!4d140.1181634!16s%2Fg%2F1tpc81_h!19sChIJszfOl4sMImARlO6DnF44xTA?authuser=0&hl=ja&rclk=1,つくば市,つくば市 プロモーション会社
プレフルワーク前橋,https://prefullwork.pages.dev/,前橋市 広瀬町３丁目2−９,027-215-3882,https://www.google.com/maps/place/%E3%83%97%E3%83%AC%E3%83%95%E3%83%AB%E3%83%AF%E3%83%BC%E3%82%AF%E5%89%8D%E6%A9%8B/data=!4m7!3m6!1s0x601eed5bf7375375:0x98b92bb435c230d4!8m2!3d36.3576163!4d139.1118169!16s%2Fg%2F11msb9t3qr!19sChIJdVM391vtHmAR1DDCNbQruZg?authuser=0&hl=ja&rclk=1,前橋市,前橋市 販促支援会社
株式会社 特定技能支援センター,https://tokutei-ginou.jp/,前橋市 表町２丁目３０−３ 駅前ハーモニービル 4階,027-212-0275,https://www.google.com/maps/place/%E6%A0%AA%E5%BC%8F%E4%BC%9A%E7%A4%BE+%E7%89%B9%E5%AE%9A%E6%8A%80%E8%83%BD%E6%94%AF%E6%8F%B4%E3%82%BB%E3%83%B3%E3%82%BF%E3%83%BC/data=!4m7!3m6!1s0x601ef3ea6e7a55f5:0xdb5e3a025e389847!8m2!3d36.3839906!4d139.0707761!16s%2Fg%2F11h3clwr0h!19sChIJ9VV6burzHmARR5g4XgI6Xts?authuser=0&hl=ja&rclk=1,前橋市,前橋市 販促支援会社
パーソルダイバース株式会社 まえばし穣工房,https://persol-diverse.co.jp/company/access/k_maebashi_minori/,前橋市 西片貝町４丁目８−２２,,https://www.google.com/maps/place/%E3%83%91%E3%83%BC%E3%82%BD%E3%83%AB%E3%83%80%E3%82%A4%E3%83%90%E3%83%BC%E3%82%B9%E6%A0%AA%E5%BC%8F%E4%BC%9A%E7%A4%BE+%E3%81%BE%E3%81%88%E3%81%B0%E3%81%97%E7%A9%A3%E5%B7%A5%E6%88%BF/data=!4m7!3m6!1s0x601ef3002f25d305:0xb873192c5f43a5cd!8m2!3d36.3863608!4d139.0920374!16s%2Fg%2F11myxnctwt!19sChIJBdMlLwDzHmARzaVDXywZc7g?authuser=0&hl=ja&rclk=1,前橋市,前橋市 販促支援会社
ユニティープロモーション株式会社,http://www.uniprogny.com/,前橋市 堀越町２４５２−２,027-288-0232,https://www.google.com/maps/place/%E3%83%A6%E3%83%8B%E3%83%86%E3%82%A3%E3%83%BC%E3%83%97%E3%83%AD%E3%83%A2%E3%83%BC%E3%82%B7%E3%83%A7%E3%83%B3%EF%BC%88%E6%A0%AA%EF%BC%89/data=!4m7!3m6!1s0x601ef100c3158477:0x726e47420b60614!8m2!3d36.4249903!4d139.1585789!16s%2Fg%2F11btrqw5b3!19sChIJd4QVwwDxHmARFAa2IHTkJgc?authuser=0&hl=ja&rclk=1,前橋市,前橋市 プロモーション会社
オリエンタルジャパンHD,http://orientaljapan.com/,前橋市 大友町３丁目14−１１,027-255-1414,https://www.google.com/maps/place/%E3%82%AA%E3%83%AA%E3%82%A8%E3%83%B3%E3%82%BF%E3%83%AB%E3%82%B8%E3%83%A3%E3%83%91%E3%83%B3HD/data=!4m7!3m6!1s0x601e8cb36a9612d7:0xe03a4a8025205fad!8m2!3d36.3905711!4d139.0447941!16s%2Fg%2F1v2kxj95!19sChIJ1xKWarOMHmARrV8gJYBKOuA?authuser=0&hl=ja&rclk=1,前橋市,前橋市 プロモーション会社
パーソルマーケティング株式会社 前橋サテライト,https://www.persol-mk.co.jp/,前橋市 南町３丁目３８−１ ステーションプラザ前橋ビル,027-289-9185,https://www.google.com/maps/place/%E3%83%91%E3%83%BC%E3%82%BD%E3%83%AB%E3%83%9E%E3%83%BC%E3%82%B1%E3%83%86%E3%82%A3%E3%83%B3%E3%82%B0%E6%A0%AA%E5%BC%8F%E4%BC%9A%E7%A4%BE+%E5%89%8D%E6%A9%8B%E3%82%B5%E3%83%86%E3%83%A9%E3%82%A4%E3%83%88/data=!4m7!3m6!1s0x601ef30020aeb279:0xf15b3f0810370817!8m2!3d36.3821671!4d139.0710615!16s%2Fg%2F11vylfrld9!19sChIJebKuIADzHmARFwg3EAg_W_E?authuser=0&hl=ja&rclk=1,前橋市,前橋市 プロモーション会社
就労移行支援 Be happinessとおり町,http://inspirecorp.jp/be-happiness_kawagoe/,川越市 通町５−４ 第一山田ビル 501,049-277-5644,https://www.google.com/maps/place/%E5%B0%B1%E5%8A%B4%E7%A7%BB%E8%A1%8C%E6%94%AF%E6%8F%B4+Be+happiness%E3%81%A8%E3%81%8A%E3%82%8A%E7%94%BA/data=!4m7!3m6!1s0x6018dbc717ea285b:0x72114ec943640123!8m2!3d35.913333!4d139.485408!16s%2Fg%2F11hz58k3h5!19sChIJWyjqF8fbGGARIwFkQ8lOEXI?authuser=0&hl=ja&rclk=1,川越市,川越市 販促支援会社
OADEPOT,https://oadepot.net/,川越市 脇田本町11−１３ 渡辺オフィスビル 3F,049-221-7700,https://www.google.com/maps/place/OADEPOT/data=!4m7!3m6!1s0x6018dbee47dc98db:0x98aebf5ef70a29bb!8m2!3d35.9058321!4d139.4798001!16s%2Fg%2F11gjt8pz8f!19sChIJ25jcR-7bGGARuykK916_rpg?authuser=0&hl=ja&rclk=1,川越市,川越市 販促支援会社
会社設立サポートセンター,https://www.seturitu-saitama.com/,川越市 東田町２１−７ 駐車場あり,0120-983-884,https://www.google.com/maps/place/%E4%BC%9A%E7%A4%BE%E8%A8%AD%E7%AB%8B%E3%82%B5%E3%83%9D%E3%83%BC%E3%83%88%E3%82%BB%E3%83%B3%E3%82%BF%E3%83%BC/data=!4m7!3m6!1s0x6018da44e3b92e13:0x35fdb952bbe6f68c!8m2!3d35.9100454!4d139.4754301!16s%2Fg%2F1tgm2wnq!19sChIJEy6540TaGGARjPbmu1K5_TU?authuser=0&hl=ja&rclk=1,川越市,川越市 販促支援会社
就労継続支援B型スタジオワークデザイン,http://workdesigncenter.sakura.ne.jp/,川越市 小仙波町２丁目２５−１,049-272-7217,https://www.google.com/maps/place/%E5%B0%B1%E5%8A%B4%E7%B6%99%E7%B6%9A%E6%94%AF%E6%8F%B4B%E5%9E%8B%E3%82%B9%E3%82%BF%E3%82%B8%E3%82%AA%E3%83%AF%E3%83%BC%E3%82%AF%E3%83%87%E3%82%B6%E3%82%A4%E3%83%B3/data=!4m7!3m6!1s0x6018db0020b8357f:0x50048520bffcead6!8m2!3d35.9188714!4d139.4970037!16s%2Fg%2F11ms0nz0wt!19sChIJfzW4IADbGGAR1ur8vyCFBFA?authuser=0&hl=ja&rclk=1,川越市,川越市 販促支援会社
株式会社はつかり,http://www.hatsukari-p.co.jp/,川越市 山田１５１３,049-225-3535,https://www.google.com/maps/place/%EF%BC%88%E6%A0%AA%EF%BC%89%E3%81%AF%E3%81%A4%E3%81%8B%E3%82%8A/data=!4m7!3m6!1s0x6018d085ecd217e1:0xcbd32d9cb1977ab9!8m2!3d35.945593!4d139.480952!16s%2Fg%2F1tdvvb25!19sChIJ4RfS7IXQGGARuXqXsZwt08s?authuser=0&hl=ja&rclk=1,川越市,川越市 販促支援会社
株式会社綜合キャリアオプション 川越店,https://sougo-career.jp/,川越市 脇田本町15−１０ 2F,049-249-4510,https://www.google.com/maps/place/%E6%A0%AA%E5%BC%8F%E4%BC%9A%E7%A4%BE%E7%B6%9C%E5%90%88%E3%82%AD%E3%83%A3%E3%83%AA%E3%82%A2%E3%82%AA%E3%83%97%E3%82%B7%E3%83%A7%E3%83%B3+%E5%B7%9D%E8%B6%8A%E5%BA%97/data=!4m7!3m6!1s0x6018db09fa7fb74f:0xba3180731ff43965!8m2!3d35.9073593!4d139.4816709!16s%2Fg%2F11rflq18n1!19sChIJT7d_-gnbGGARZTn0H3OAMbo?authuser=0&hl=ja&rclk=1,川越市,川越市 プロモーション会社
インセプションホールディングス株式会社,https://shunsukekuramochi.com/,川越市 山田1621-1 モンドビル,049-298-3886,https://www.google.com/maps/place/%E3%82%A4%E3%83%B3%E3%82%BB%E3%83%97%E3%82%B7%E3%83%A7%E3%83%B3%E3%83%9B%E3%83%BC%E3%83%AB%E3%83%87%E3%82%A3%E3%83%B3%E3%82%B0%E3%82%B9%E6%A0%AA%E5%BC%8F%E4%BC%9A%E7%A4%BE/data=!4m7!3m6!1s0x6018d084e491f5ad:0x17ad4884beebf9d2!8m2!3d35.9429518!4d139.478785!16s%2Fg%2F11dxf0180j!19sChIJrfWR5ITQGGAR0vnrvoRIrRc?authuser=0&hl=ja&rclk=1,川越市,川越市 プロモーション会社
株式会社7th Logic,https://7thlogic.jp/,川越市 旭町３丁目17−６０,050-5307-1718,https://www.google.com/maps/place/%E6%A0%AA%E5%BC%8F%E4%BC%9A%E7%A4%BE7th+Logic/data=!4m7!3m6!1s0x6018db1760647a6d:0xf14272d250e58f73!8m2!3d35.8990977!4d139.4713003!16s%2Fg%2F11l372fj3z!19sChIJbXpkYBfbGGARc4_lUNJyQvE?authuser=0&hl=ja&rclk=1,川越市,川越市 プロモーション会社
中古車アクセルプロモーション,http://accel-p.com/,川越市 平塚７９−１,049-231-5669,https://www.google.com/maps/place/%E4%B8%AD%E5%8F%A4%E8%BB%8A%E3%82%A2%E3%82%AF%E3%82%BB%E3%83%AB%E3%83%97%E3%83%AD%E3%83%A2%E3%83%BC%E3%82%B7%E3%83%A7%E3%83%B3/data=!4m7!3m6!1s0x6018d0beda9bec69:0x18d794e3ed3e686c!8m2!3d35.9451977!4d139.4625008!16s%2Fg%2F1tknkgb3!19sChIJaeyb2r7QGGARbGg-7eOU1xg?authuser=0&hl=ja&rclk=1,川越市,川越市 プロモーション会社
有限会社 智巧社,https://www.wz-art.co.jp/,越谷市 船渡２４１−６,048-976-4671,https://www.google.com/maps/place/%E6%9C%89%E9%99%90%E4%BC%9A%E7%A4%BE+%E6%99%BA%E5%B7%A7%E7%A4%BE/data=!4m7!3m6!1s0x6018bdeb2da55f9b:0x1e7f52455da38e22!8m2!3d35.932506!4d139.793152!16s%2Fg%2F1thvsqct!19sChIJm1-lLeu9GGARIo6jXUVSfx4?authuser=0&hl=ja&rclk=1,越谷市,越谷市 販促支援会社
ココロスキップ,http://cocoro-skip.net/,越谷市 大沢３丁目１０−２８ プラザクラウン,048-978-9198,https://www.google.com/maps/place/%E3%82%B3%E3%82%B3%E3%83%AD%E3%82%B9%E3%82%AD%E3%83%83%E3%83%97/data=!4m7!3m6!1s0x601896050495e0dd:0x778cccb42c4f7e9f!8m2!3d35.904912!4d139.7811138!16s%2Fg%2F11gvg5x5pk!19sChIJ3eCVBAWWGGARn35PLLTMjHc?authuser=0&hl=ja&rclk=1,越谷市,越谷市 販促支援会社
株式会社 ポストインサービス,http://postin-s.co.jp/,越谷市 蒲生本町１３−１,0120-812-159,https://www.google.com/maps/place/%E6%A0%AA%E5%BC%8F%E4%BC%9A%E7%A4%BE+%E3%83%9D%E3%82%B9%E3%83%88%E3%82%A4%E3%83%B3%E3%82%B5%E3%83%BC%E3%83%93%E3%82%B9/data=!4m7!3m6!1s0x601896ea8fbc8b83:0x10a472b2b37ae316!8m2!3d35.8635304!4d139.7953551!16s%2Fg%2F1td3llsq!19sChIJg4u8j-qWGGARFuN6s7JypBA?authuser=0&hl=ja&rclk=1,越谷市,越谷市 販促支援会社
イントラサービス株式会社,https://intra-service.jp/,越谷市 南越谷４丁目１３−２−３ 階A,048-999-6322,https://www.google.com/maps/place/%E3%82%A4%E3%83%B3%E3%83%88%E3%83%A9%E3%82%B5%E3%83%BC%E3%83%93%E3%82%B9%E6%A0%AA%E5%BC%8F%E4%BC%9A%E7%A4%BE/data=!4m7!3m6!1s0x6018968b8bc3870f:0x64b853bedcc52dd1!8m2!3d35.8745551!4d139.789758!16s%2Fg%2F11dz_lvkbx!19sChIJD4fDi4uWGGAR0S3F3L5TuGQ?authuser=0&hl=ja&rclk=1,越谷市,越谷市 販促支援会社
株式会社マース,https://marss.art/,越谷市 レイクタウン６丁目２０−１,,https://www.google.com/maps/place/%E6%A0%AA%E5%BC%8F%E4%BC%9A%E7%A4%BE%E3%83%9E%E3%83%BC%E3%82%B9/data=!4m7!3m6!1s0x601897eae55d9bc1:0x6bc63f5749442bea!8m2!3d35.8717898!4d139.8283633!16s%2Fg%2F11syb6b289!19sChIJwZtd5eqXGGAR6itESVc_xms?authuser=0&hl=ja&rclk=1,越谷市,越谷市 販促支援会社
みんなのバッジ,https://www.minnanobadge.com/about-us.html,,048-940-7141,https://www.google.com/maps/place/%E3%81%BF%E3%82%93%E3%81%AA%E3%81%AE%E3%83%90%E3%83%83%E3%82%B8/data=!4m7!3m6!1s0x60189706ffffffff:0x3fa40a9b7f524523!8m2!3d35.8869135!4d139.8307905!16s%2Fg%2F11h_k3st56!19sChIJ_____waXGGARI0VSf5sKpD8?authuser=0&hl=ja&rclk=1,越谷市,越谷市 販促支援会社
有限会社 アイプロモーション,http://ipro.jp/,,048-965-8914,https://www.google.com/maps/place/%E6%9C%89%E9%99%90%E4%BC%9A%E7%A4%BE+%E3%82%A2%E3%82%A4%E3%83%97%E3%83%AD%E3%83%A2%E3%83%BC%E3%82%B7%E3%83%A7%E3%83%B3/data=!4m7!3m6!1s0x6018966319180fdf:0x92d5d1d9b7eaca25!8m2!3d35.8795131!4d139.7845761!16s%2Fg%2F11vtbjmxbj!19sChIJ3w8YGWOWGGARJcrqt9nR1ZI?authuser=0&hl=ja&rclk=1,越谷市,越谷市 プロモーション会社
PRコート株式会社,http://www.pr-coat.com/,越谷市 小曽川２１５,048-971-7566,https://www.google.com/maps/place/PR%E3%82%B3%E3%83%BC%E3%83%88%E6%A0%AA%E5%BC%8F%E4%BC%9A%E7%A4%BE/data=!4m7!3m6!1s0x6018be151f2a440b:0xadb24e7a3053e130!8m2!3d35.918501!4d139.7546801!16s%2Fg%2F1tsr36mx!19sChIJC0QqHxW-GGARMOFTMHpOsq0?authuser=0&hl=ja&rclk=1,越谷市,越谷市 プロモーション会社
ウェブプラ,https://www.webpla.jp/,越谷市 袋山２０４５−１ 光ビル 202号室,048-915-5014,https://www.google.com/maps/place/%E3%82%A6%E3%82%A7%E3%83%96%E3%83%97%E3%83%A9/data=!4m7!3m6!1s0x6018bd8d314cf91d:0xefd7233f963f4773!8m2!3d35.9231556!4d139.7785159!16s%2Fg%2F11fp8byc9t!19sChIJHflMMY29GGARc0c_lj8j1-8?authuser=0&hl=ja&rclk=1,越谷市,越谷市 プロモーション会社
株式会社エムプロ,http://mpro-japan.com/,越谷市 増森３０２−１,048-940-3122,https://www.google.com/maps/place/%E6%A0%AA%E5%BC%8F%E4%BC%9A%E7%A4%BE%E3%82%A8%E3%83%A0%E3%83%97%E3%83%AD/data=!4m7!3m6!1s0x601897a93ca72353:0xf081b1afdf2b6811!8m2!3d35.8950956!4d139.8207721!16s%2Fg%2F11h2hhh7pk!19sChIJUyOnPKmXGGAREWgr36-xgfA?authuser=0&hl=ja&rclk=1,越谷市,越谷市 プロモーション会社
株式会社ナンバーテン,http://no-ten.net/,越谷市 北越谷４丁目２１−１ ＧＭＣビル 3F ４F２号室,048-973-7641,https://www.google.com/maps/place/%E6%A0%AA%E5%BC%8F%E4%BC%9A%E7%A4%BE%E3%83%8A%E3%83%B3%E3%83%90%E3%83%BC%E3%83%86%E3%83%B3/data=!4m7!3m6!1s0x60189605f4b26a77:0xbb00bc5bad541457!8m2!3d35.9024369!4d139.7792174!16s%2Fg%2F11grvhdjhw!19sChIJd2qy9AWWGGARVxRUrVu8ALs?authuser=0&hl=ja&rclk=1,越谷市,越谷市 プロモーション会社
株式会社Rimiens,https://rimiens.co.jp/,越谷市 南越谷４丁目１６−７ ２F,048-940-9356,https://www.google.com/maps/place/%E6%A0%AA%E5%BC%8F%E4%BC%9A%E7%A4%BERimiens/data=!4m7!3m6!1s0x601897007a1a921d:0xb7b94983be45cc97!8m2!3d35.8739343!4d139.7892102!16s%2Fg%2F11wjl3b2gz!19sChIJHZIaegCXGGARl8xFvoNJubc?authuser=0&hl=ja&rclk=1,越谷市,越谷市 プロモーション会社
就労継続支援A型 たのしい会社,https://tanoshiikaisha.jp/,木更津市 東中央１丁目１−１３ TSビル 5階B号,0438-20-3377,https://www.google.com/maps/place/%E5%B0%B1%E5%8A%B4%E7%B6%99%E7%B6%9A%E6%94%AF%E6%8F%B4A%E5%9E%8B+%E3%81%9F%E3%81%AE%E3%81%97%E3%81%84%E4%BC%9A%E7%A4%BE/data=!4m7!3m6!1s0x60180d2939c02ad3:0x8f575b29bd2fd89c!8m2!3d35.3820082!4d139.9272576!16s%2Fg%2F11kryq37fy!19sChIJ0yrAOSkNGGARnNgvvSlbV48?authuser=0&hl=ja&rclk=1,木更津市,木更津市 販促支援会社
テクノゲートウェイ株式会社,http://techno-gateway.com/,木更津市 八幡台４丁目４−７,,https://www.google.com/maps/place/%E3%83%86%E3%82%AF%E3%83%8E%E3%82%B2%E3%83%BC%E3%83%88%E3%82%A6%E3%82%A7%E3%82%A4%E6%A0%AA%E5%BC%8F%E4%BC%9A%E7%A4%BE/data=!4m7!3m6!1s0x60180b91ad2eaaab:0xb176328ffc080e94!8m2!3d35.3422462!4d139.9490061!16s%2Fg%2F11l2qzvp7n!19sChIJq6ourZELGGARlA4I_I8ydrE?authuser=0&hl=ja&rclk=1,木更津市,木更津市 販促支援会社
かずさインキュベーションセンター,http://kap.co.jp/incubation/,木更津市 かずさ鎌足２丁目１,0438-20-5071,https://www.google.com/maps/place/%E3%81%8B%E3%81%9A%E3%81%95%E3%82%A4%E3%83%B3%E3%82%AD%E3%83%A5%E3%83%99%E3%83%BC%E3%82%B7%E3%83%A7%E3%83%B3%E3%82%BB%E3%83%B3%E3%82%BF%E3%83%BC/data=!4m7!3m6!1s0x60180b5a88a37add:0x13d7b26b4477b701!8m2!3d35.3366694!4d139.9896091!16s%2Fg%2F11l9t5xc3c!19sChIJ3XqjiFoLGGARAbd3RGuy1xM?authuser=0&hl=ja&rclk=1,木更津市,木更津市 販促支援会社
ワタナベメディアプロダクツ㈱,https://www.protos21.com/,木更津市 潮見４丁目１４−４,0438-36-5361,https://www.google.com/maps/place/%E3%83%AF%E3%82%BF%E3%83%8A%E3%83%99%E3%83%A1%E3%83%87%E3%82%A3%E3%82%A2%E3%83%97%E3%83%AD%E3%83%80%E3%82%AF%E3%83%84%E3%88%B1/data=!4m7!3m6!1s0x60180cc814d34af1:0xd6f4b3d5d826a7e9!8m2!3d35.3689594!4d139.9149008!16s%2Fg%2F1tm68x3h!19sChIJ8UrTFMgMGGAR6acm2NWz9NY?authuser=0&hl=ja&rclk=1,木更津市,木更津市 販促支援会社
イベント・コミュニケーションズ 本社,http://www.eventcom.jp/,木更津市 潮浜１丁目１７−１７,0438-30-2611,https://www.google.com/maps/place/%E3%82%A4%E3%83%99%E3%83%B3%E3%83%88%E3%83%BB%E3%82%B3%E3%83%9F%E3%83%A5%E3%83%8B%E3%82%B1%E3%83%BC%E3%82%B7%E3%83%A7%E3%83%B3%E3%82%BA+%E6%9C%AC%E7%A4%BE/data=!4m7!3m6!1s0x601873339816cc81:0x329935436d9209f5!8m2!3d35.3778641!4d139.9103513!16s%2Fg%2F11b6y_vstr!19sChIJgcwWmDNzGGAR9QmSbUM1mTI?authuser=0&hl=ja&rclk=1,木更津市,木更津市 プロモーション会社
株式会社 C-PROエンターテイメント,http://c-proentertainment.net/,木更津市 清見台２丁目７−２４ 2F,0438-80-9409,https://www.google.com/maps/place/%E6%A0%AA%E5%BC%8F%E4%BC%9A%E7%A4%BE+C-PRO%E3%82%A8%E3%83%B3%E3%82%BF%E3%83%BC%E3%83%86%E3%82%A4%E3%83%A1%E3%83%B3%E3%83%88/data=!4m7!3m6!1s0x60180b4fe17bffff:0x274ca197967bfcd0!8m2!3d35.3816352!4d139.9471235!16s%2Fg%2F11pdvxb6tn!19sChIJ__974U8LGGAR0Px7lpehTCc?authuser=0&hl=ja&rclk=1,木更津市,木更津市 プロモーション会社
MiNx株式会社,https://www.romasia.jp/,木更津市 請西東３丁目１４−４２,0438-36-1169,https://www.google.com/maps/place/MiNx%E6%A0%AA%E5%BC%8F%E4%BC%9A%E7%A4%BE/data=!4m7!3m6!1s0x60180b42fb7a7701:0xe1fd02515d8d6e2b!8m2!3d35.3706378!4d139.9506343!16s%2Fg%2F1tgkh7kn!19sChIJAXd6-0ILGGARK26NXVEC_eE?authuser=0&hl=ja&rclk=1,木更津市,木更津市 プロモーション会社
株式会社スカイハイプロダクション,https://www.sky-hi.jp/,木更津市 高柳１６４６−３,0438-53-8763,https://www.google.com/maps/place/%E6%A0%AA%E5%BC%8F%E4%BC%9A%E7%A4%BE%E3%82%B9%E3%82%AB%E3%82%A4%E3%83%8F%E3%82%A4%E3%83%97%E3%83%AD%E3%83%80%E3%82%AF%E3%82%B7%E3%83%A7%E3%83%B3/data=!4m7!3m6!1s0x6018735897ebe7f1:0xd910437c54fa8741!8m2!3d35.3981355!4d139.9359547!16s%2Fg%2F1tdyl5dv!19sChIJ8efrl1hzGGARQYf6VHxDENk?authuser=0&hl=ja&rclk=1,木更津市,木更津市 プロモーション会社
株式会社 千歳,https://www.chitose0901.com/,木更津市 木更津２丁目１−３,0438-97-5888,https://www.google.com/maps/place/%E6%A0%AA%E5%BC%8F%E4%BC%9A%E7%A4%BE+%E5%8D%83%E6%AD%B3/data=!4m7!3m6!1s0x60187547e4ec2aa7:0xab3e4f3aeb03f001!8m2!3d35.3825809!4d139.9286207!16s%2Fg%2F11g1s9yd00!19sChIJpyrs5Ed1GGARAfAD6zpPPqs?authuser=0&hl=ja&rclk=1,木更津市,木更津市 プロモーション会社
相模原市印刷広告協同組合,http://www.soin.or.jp/,相模原市 中央３丁目７−５,042-776-6100,https://www.google.com/maps/place/%E7%9B%B8%E6%A8%A1%E5%8E%9F%E5%B8%82%E5%8D%B0%E5%88%B7%E5%BA%83%E5%91%8A%E5%8D%94%E5%90%8C%E7%B5%84%E5%90%88/data=!4m7!3m6!1s0x6018fd7b6b40253f:0xd4573c2c7b5cda77!8m2!3d35.5713277!4d139.3715928!16s%2Fg%2F1wl4qnd4!19sChIJPyVAa3v9GGARd9pceyw8V9Q?authuser=0&hl=ja&rclk=1,相模原市,相模原市 販促支援会社
株式会社日相印刷/日相出版,https://www.print-nisso.com/,相模原市 麻溝台８丁目２−７ 日相印刷,042-748-6020,https://www.google.com/maps/place/%EF%BC%88%E6%A0%AA%EF%BC%89%E6%97%A5%E7%9B%B8%E5%8D%B0%E5%88%B7%2F%E6%97%A5%E7%9B%B8%E5%87%BA%E7%89%88/data=!4m7!3m6!1s0x6018fe64f9307947:0x4b07a1296a26cc08!8m2!3d35.5265975!4d139.398648!16s%2Fg%2F1vvyy3n6!19sChIJR3kw-WT-GGARCMwmaimhB0s?authuser=0&hl=ja&rclk=1,相模原市,相模原市 販促支援会社
ポスティングの町田広告 相模原支店,https://sagamihara-post.jimdofree.com/,相模原市 相模台団地１−１ 相模台団地１－１,042-794-7963,https://www.google.com/maps/place/%E3%83%9D%E3%82%B9%E3%83%86%E3%82%A3%E3%83%B3%E3%82%B0%E3%81%AE%E7%94%BA%E7%94%B0%E5%BA%83%E5%91%8A+%E7%9B%B8%E6%A8%A1%E5%8E%9F%E6%94%AF%E5%BA%97/data=!4m7!3m6!1s0x6018fc2238ffbbbd:0x356bffa398ec4ef3!8m2!3d35.5187002!4d139.4074914!16s%2Fg%2F11c37y_933!19sChIJvbv_OCL8GGAR807smKP_azU?authuser=0&hl=ja&rclk=1,相模原市,相模原市 販促支援会社
共同印刷株式会社相模原工場,https://www.kyodoprinting.co.jp/company-profile/offices_plants/map_sagamihara.html,相模原市 大山町４−１,042-703-6177,https://www.google.com/maps/place/%E5%85%B1%E5%90%8C%E5%8D%B0%E5%88%B7%EF%BC%88%E6%A0%AA%EF%BC%89%E7%9B%B8%E6%A8%A1%E5%8E%9F%E5%B7%A5%E5%A0%B4/data=!4m7!3m6!1s0x601902b412400001:0x42553f69eb5545c1!8m2!3d35.5874989!4d139.3493801!16s%2Fg%2F11c74hbsyj!19sChIJAQBAErQCGWARwUVV62k_VUI?authuser=0&hl=ja&rclk=1,相模原市,相模原市 販促支援会社
ワンプロモーション株式会社,https://www.onepro.co.jp/,相模原市 東林間６丁目６−１５,042-815-1260,https://www.google.com/maps/place/%E3%83%AF%E3%83%B3%E3%83%97%E3%83%AD%E3%83%A2%E3%83%BC%E3%82%B7%E3%83%A7%E3%83%B3%E6%A0%AA%E5%BC%8F%E4%BC%9A%E7%A4%BE/data=!4m7!3m6!1s0x6018ff2ec1cadf81:0x75e4085a8d37fa24!8m2!3d35.518034!4d139.438456!16s%2Fg%2F1txfp5yn!19sChIJgd_KwS7_GGARJPo3jVoI5HU?authuser=0&hl=ja&rclk=1,相模原市,相模原市 プロモーション会社
株式会社メディア・プロモーション・ジャパン (M・P・J),http://media-promotion-japan.info/,相模原市 鵜野森１丁目３０−３−５０５ 相模原リリエンハイム３号棟,,https://www.google.com/maps/place/%E6%A0%AA%E5%BC%8F%E4%BC%9A%E7%A4%BE%E3%83%A1%E3%83%87%E3%82%A3%E3%82%A2%E3%83%BB%E3%83%97%E3%83%AD%E3%83%A2%E3%83%BC%E3%82%B7%E3%83%A7%E3%83%B3%E3%83%BB%E3%82%B8%E3%83%A3%E3%83%91%E3%83%B3+%28M%E3%83%BBP%E3%83%BBJ%29/data=!4m7!3m6!1s0x6018fea471f249e9:0xa68d0001694791dd!8m2!3d35.5452928!4d139.4319182!16s%2Fg%2F11h4by77k4!19sChIJ6UnycaT-GGAR3ZFHaQEAjaY?authuser=0&hl=ja&rclk=1,相模原市,相模原市 プロモーション会社
株式会社PLOOF,https://ploof-co.com/,相模原市 原宿３丁目７−７ ハイツセカンド 101,080-1361-6694,https://www.google.com/maps/place/%E6%A0%AA%E5%BC%8F%E4%BC%9A%E7%A4%BEPLOOF/data=!4m7!3m6!1s0x60191d519287bb3f:0x475682a2405a24da!8m2!3d35.5971679!4d139.3094355!16s%2Fg%2F11t81htgyl!19sChIJP7uHklEdGWAR2iRaQKKCVkc?authuser=0&hl=ja&rclk=1,相模原市,相模原市 プロモーション会社
株式会社 ダイプロ,https://diepro.co.jp/,相模原市 田名２３２７−２,042-713-1980,https://www.google.com/maps/place/%E6%A0%AA%E5%BC%8F%E4%BC%9A%E7%A4%BE+%E3%83%80%E3%82%A4%E3%83%97%E3%83%AD/data=!4m7!3m6!1s0x60190366c58f1065:0xb9546c9ed6efb247!8m2!3d35.5639288!4d139.3296693!16s%2Fg%2F11flzktq8l!19sChIJZRCPxWYDGWARR7Lv1p5sVLk?authuser=0&hl=ja&rclk=1,相模原市,相模原市 プロモーション会社
株式会社 アイ・シー・エム,http://icm-net.com/,相模原市 相模原２丁目１３−２ 服部相模原ビル,042-758-0351,https://www.google.com/maps/place/%E6%A0%AA%E5%BC%8F%E4%BC%9A%E7%A4%BE+%E3%82%A2%E3%82%A4%E3%83%BB%E3%82%B7%E3%83%BC%E3%83%BB%E3%82%A8%E3%83%A0/data=!4m7!3m6!1s0x6018fd611fa15555:0xb870354998fe7789!8m2!3d35.578397!4d139.3690235!16s%2Fg%2F11f54rkn81!19sChIJVVWhH2H9GGARiXf-mEk1cLg?authuser=0&hl=ja&rclk=1,相模原市,相模原市 プロモーション会社
アミプロモーション,https://www.amipro.co.jp/n3site.html,相模原市 小山ヶ丘４丁目９−１,042-700-6122,https://www.google.com/maps/place/%E3%82%A2%E3%83%9F%E3%83%97%E3%83%AD%E3%83%A2%E3%83%BC%E3%82%B7%E3%83%A7%E3%83%B3/data=!4m7!3m6!1s0x60191d43797a50c9:0xb046f2857677c738!8m2!3d35.6067197!4d139.3529097!16s%2Fg%2F11g_v77kld!19sChIJyVB6eUMdGWAROMd3doXyRrA?authuser=0&hl=ja&rclk=1,相模原市,相模原市 プロモーション会社
株式会社オーサムプラネッツ,http://awesomeplanets-t.com/,相模原市 相南２丁目２６−５ 205,050-5539-7125,https://www.google.com/maps/place/%E6%A0%AA%E5%BC%8F%E4%BC%9A%E7%A4%BE%E3%82%AA%E3%83%BC%E3%82%B5%E3%83%A0%E3%83%97%E3%83%A9%E3%83%8D%E3%83%83%E3%83%84/data=!4m7!3m6!1s0x6018fedf4054603d:0xaea4ba93262cc0d5!8m2!3d35.514985!4d139.4302237!16s%2Fg%2F11vpzwzrt9!19sChIJPWBUQN_-GGAR1cAsJpO6pK4?authuser=0&hl=ja&rclk=1,相模原市,相模原市 プロモーション会社
株式会社スケロク,http://skrock.jp/,相模原市 小山２丁目３−１０ E303号,042-816-2725,https://www.google.com/maps/place/%E6%A0%AA%E5%BC%8F%E4%BC%9A%E7%A4%BE%E3%82%B9%E3%82%B1%E3%83%AD%E3%82%AF/data=!4m7!3m6!1s0x601902a42f9b3f0f:0x4c08ba97c7f53e66!8m2!3d35.5833769!4d139.3597372!16s%2Fg%2F11w20yjy39!19sChIJDz-bL6QCGWARZj71x5e6CEw?authuser=0&hl=ja&rclk=1,相模原市,相模原市 プロモーション会社
オキセ 厚木営業所,https://www.okise.co.jp/,厚木市 旭町３丁目７−１２ HMビル 1F,0120-971-948,https://www.google.com/maps/place/%E3%82%AA%E3%82%AD%E3%82%BB+%E5%8E%9A%E6%9C%A8%E5%96%B6%E6%A5%AD%E6%89%80/data=!4m7!3m6!1s0x6018554b6f1b9f0f:0x37b383b180895c37!8m2!3d35.437005!4d139.3696429!16s%2Fg%2F11zchrxlv5!19sChIJD58bb0tVGGARN1yJgLGDszc?authuser=0&hl=ja&rclk=1,厚木市,厚木市 販促支援会社
株式会社Voleur（ヴォルール）,https://www.voleur.co.jp/,厚木市 中町２丁目１２−３ 越智第一ビル 5階,046-259-8701,https://www.google.com/maps/place/%E6%A0%AA%E5%BC%8F%E4%BC%9A%E7%A4%BEVoleur%EF%BC%88%E3%83%B4%E3%82%A9%E3%83%AB%E3%83%BC%E3%83%AB%EF%BC%89/data=!4m7!3m6!1s0x6019ab04d0cd7173:0xf2ed21f36447da78!8m2!3d35.4427157!4d139.3650174!16s%2Fg%2F11vjfk6553!19sChIJc3HN0ASrGWAReNpHZPMh7fI?authuser=0&hl=ja&rclk=1,厚木市,厚木市 販促支援会社
就労継続支援B型事業所 ラシクラボ本厚木,https://rashikulab.jp/lp/office/honatsugi/,厚木市 旭町２丁目８−２１ ＹＳビル 2-B,050-3529-6389,https://www.google.com/maps/place/%E5%B0%B1%E5%8A%B4%E7%B6%99%E7%B6%9A%E6%94%AF%E6%8F%B4B%E5%9E%8B%E4%BA%8B%E6%A5%AD%E6%89%80+%E3%83%A9%E3%82%B7%E3%82%AF%E3%83%A9%E3%83%9C%E6%9C%AC%E5%8E%9A%E6%9C%A8/data=!4m7!3m6!1s0x601855a1082a47db:0x33c3fa2d6d957ac3!8m2!3d35.4378431!4d139.3659171!16s%2Fg%2F11z95gy6xm!19sChIJ20cqCKFVGGARw3qVbS36wzM?authuser=0&hl=ja&rclk=1,厚木市,厚木市 販促支援会社
株式会社アウル 厚木営業所,https://www.owl-eco.co.jp/,厚木市 妻田西１丁目３０−１,046-297-3321,https://www.google.com/maps/place/%E6%A0%AA%E5%BC%8F%E4%BC%9A%E7%A4%BE%E3%82%A2%E3%82%A6%E3%83%AB+%E5%8E%9A%E6%9C%A8%E5%96%B6%E6%A5%AD%E6%89%80/data=!4m7!3m6!1s0x601901aa458c37e7:0x45270f26ec56267a!8m2!3d35.4589579!4d139.3548026!16s%2Fg%2F11z1snbwhc!19sChIJ5zeMRaoBGWAReiZW7CYPJ0U?authuser=0&hl=ja&rclk=1,厚木市,厚木市 販促支援会社
01 Marketing,http://01marketing.co.jp/,厚木市 恩名２丁目２０−７１,046-225-6017,https://www.google.com/maps/place/01+Marketing/data=!4m7!3m6!1s0x6019aaa12cb4414b:0xd0c07d0707b440b5!8m2!3d35.4421674!4d139.3500726!16s%2Fg%2F11vrbqnp7v!19sChIJS0G0LKGqGWARtUC0Bwd9wNA?authuser=0&hl=ja&rclk=1,厚木市,厚木市 プロモーション会社
有限会社ラインドック,https://line-dock.com/,厚木市 栄町２丁目２−３０−１０４,,https://www.google.com/maps/place/%E6%9C%89%E9%99%90%E4%BC%9A%E7%A4%BE%E3%83%A9%E3%82%A4%E3%83%B3%E3%83%89%E3%83%83%E3%82%AF/data=!4m7!3m6!1s0x6019abef8e34b479:0xe47d48cdb4cf307!8m2!3d35.4404552!4d139.3565222!16s%2Fg%2F11n7wh6gzk!19sChIJebQ0ju-rGWARB_NM24zURw4?authuser=0&hl=ja&rclk=1,厚木市,厚木市 プロモーション会社
株式会社シーエム,http://www.k-cm.co.jp/,厚木市 岡田3201-A シカシン75ビル,046-228-3771,https://www.google.com/maps/place/%EF%BC%88%E6%A0%AA%EF%BC%89%E3%82%B7%E3%83%BC%E3%82%A8%E3%83%A0/data=!4m7!3m6!1s0x6019aad4963a68ed:0xb0c2c9d35024ce4e!8m2!3d35.4175891!4d139.3639928!16s%2Fg%2F1th81_j1!19sChIJ7Wg6ltSqGWARTs4kUNPJwrA?authuser=0&hl=ja&rclk=1,厚木市,厚木市 プロモーション会社
株式会社カナオリ,http://kanaori.com/profile/,厚木市 岡田３０８８,046-228-0339,https://www.google.com/maps/place/%E6%A0%AA%E5%BC%8F%E4%BC%9A%E7%A4%BE%E3%82%AB%E3%83%8A%E3%82%AA%E3%83%AA/data=!4m7!3m6!1s0x6019aad20ab56aaf:0x392f02ed4e3ee75a!8m2!3d35.4220657!4d139.3620648!16s%2Fg%2F1tn018vf!19sChIJr2q1CtKqGWARWuc-Tu0CLzk?authuser=0&hl=ja&rclk=1,厚木市,厚木市 プロモーション会社
エネプログループ,http://liberta-space.jp/,厚木市 金田７７８−１ アドミール 302,046-205-9021,https://www.google.com/maps/place/%E3%82%A8%E3%83%8D%E3%83%97%E3%83%AD%E3%82%B0%E3%83%AB%E3%83%BC%E3%83%97/data=!4m7!3m6!1s0x6018fffc9bf75f09:0x549400d42ae2006e!8m2!3d35.4606139!4d139.370059!16s%2Fg%2F11vyqcf8tk!19sChIJCV_3m_z_GGARbgDiKtQAlFQ?authuser=0&hl=ja&rclk=1,厚木市,厚木市 プロモーション会社
株式会社運送社長支援,https://unsoshien.co.jp/,沼津市 大手町５丁目９−４ さくらビル 3F,03-4500-0723,https://www.google.com/maps/place/%E6%A0%AA%E5%BC%8F%E4%BC%9A%E7%A4%BE%E9%81%8B%E9%80%81%E7%A4%BE%E9%95%B7%E6%94%AF%E6%8F%B4/data=!4m7!3m6!1s0x6019850067f6223f:0x80cca1b958af618e!8m2!3d35.1014222!4d138.8582146!16s%2Fg%2F11wfr31sbm!19sChIJPyL2ZwCFGWARjmGvWLmhzIA?authuser=0&hl=ja&rclk=1,沼津市,沼津市 販促支援会社
就労継続支援A型アルケミー,https://alchemy0101.com/,沼津市 旭町４３−４,055-928-7677,https://www.google.com/maps/place/%E5%B0%B1%E5%8A%B4%E7%B6%99%E7%B6%9A%E6%94%AF%E6%8F%B4A%E5%9E%8B%E3%82%A2%E3%83%AB%E3%82%B1%E3%83%9F%E3%83%BC/data=!4m7!3m6!1s0x60198fdede8620ef:0x8d8ef167c74d9c63!8m2!3d35.0923575!4d138.8558547!16s%2Fg%2F11yrnt_k0r!19sChIJ7yCG3t6PGWARY5xNx2fxjo0?authuser=0&hl=ja&rclk=1,沼津市,沼津市 販促支援会社
ストライド調査事務所 沼津店,https://stride1115.com/,沼津市 高沢町９−１ 高沢パークヒルズ 207号室,0120-285-597,https://www.google.com/maps/place/%E3%82%B9%E3%83%88%E3%83%A9%E3%82%A4%E3%83%89%E8%AA%BF%E6%9F%BB%E4%BA%8B%E5%8B%99%E6%89%80+%E6%B2%BC%E6%B4%A5%E5%BA%97/data=!4m7!3m6!1s0x601985db460c88ed:0xbff3b828db20b4b0!8m2!3d35.1057227!4d138.8559779!16s%2Fg%2F11z1t1958d!19sChIJ7YgMRtuFGWARsLQg2yi4878?authuser=0&hl=ja&rclk=1,沼津市,沼津市 販促支援会社
合同会社ラウト(就労継続支援B型事業所),https://www.laut.asia/,沼津市 筒井町３−３ 2F,055-922-6551,https://www.google.com/maps/place/%E5%90%88%E5%90%8C%E4%BC%9A%E7%A4%BE%E3%83%A9%E3%82%A6%E3%83%88%28%E5%B0%B1%E5%8A%B4%E7%B6%99%E7%B6%9A%E6%94%AF%E6%8F%B4B%E5%9E%8B%E4%BA%8B%E6%A5%AD%E6%89%80%29/data=!4m7!3m6!1s0x6019853f956c0001:0xf0608fc9adb4318!8m2!3d35.1191712!4d138.8640489!16s%2Fg%2F11g9dw49x1!19sChIJAQBslT-FGWARGEPbmvwIBg8?authuser=0&hl=ja&rclk=1,沼津市,沼津市 販促支援会社
浮気調査の『アーネット調査事務所 沼津相談室』,https://arnet8349.com/,沼津市 高沢町９−１ 高沢パークヒルズ 202,0120-638-349,https://www.google.com/maps/place/%E6%B5%AE%E6%B0%97%E8%AA%BF%E6%9F%BB%E3%81%AE%E3%80%8E%E3%82%A2%E3%83%BC%E3%83%8D%E3%83%83%E3%83%88%E8%AA%BF%E6%9F%BB%E4%BA%8B%E5%8B%99%E6%89%80+%E6%B2%BC%E6%B4%A5%E7%9B%B8%E8%AB%87%E5%AE%A4%E3%80%8F/data=!4m7!3m6!1s0x601985bf898280e9:0xfee941c317d05403!8m2!3d35.1057524!4d138.8559502!16s%2Fg%2F11z8gn7mcc!19sChIJ6YCCib-FGWARA1TQF8NB6f4?authuser=0&hl=ja&rclk=1,沼津市,沼津市 販促支援会社
KINKO,https://kiitenet.jp/,沼津市 西島町２−１３ ビューフォート 102号,055-932-8001,https://www.google.com/maps/place/KINKO/data=!4m7!3m6!1s0x60198f66b5d9b32b:0xe43bb484ad2ca33f!8m2!3d35.0888506!4d138.8632069!16s%2Fg%2F11px6skdhk!19sChIJK7PZtWaPGWARP6MsrYS0O-Q?authuser=0&hl=ja&rclk=1,沼津市,沼津市 販促支援会社
ティンクル,http://npo-tinkle.com/,沼津市 大手町１丁目１−３,055-963-5718,https://www.google.com/maps/place/%E3%83%86%E3%82%A3%E3%83%B3%E3%82%AF%E3%83%AB/data=!4m7!3m6!1s0x6019855e11df11c1:0xc9a3e67ef275872!8m2!3d35.1023198!4d138.8607175!16s%2Fg%2F11b6hy4cpy!19sChIJwRHfEV6FGWARclgn72c-mgw?authuser=0&hl=ja&rclk=1,沼津市,沼津市 販促支援会社
株式会社サン・プランナー 沼津オフィス,https://www.sunpla.info/,沼津市 高島本町１６−１６ 高島本町ビル 2F,055-920-5020,https://www.google.com/maps/place/%E6%A0%AA%E5%BC%8F%E4%BC%9A%E7%A4%BE%E3%82%B5%E3%83%B3%E3%83%BB%E3%83%97%E3%83%A9%E3%83%B3%E3%83%8A%E3%83%BC+%E6%B2%BC%E6%B4%A5%E3%82%AA%E3%83%95%E3%82%A3%E3%82%B9/data=!4m7!3m6!1s0x6019859b1c9c3c8b:0x8d3c3378e580ab1a!8m2!3d35.1107857!4d138.8596944!16s%2Fg%2F11h12rdwv5!19sChIJizycHJuFGWARGquA5XgzPI0?authuser=0&hl=ja&rclk=1,沼津市,沼津市 販促支援会社
就労移行支援事業所 Apoyo（アポーヨ）富士,http://apoyo.co.jp/,富士市 本市場町８２８ ＴＡＳビル 4階,0545-65-6821,https://www.google.com/maps/place/%E5%B0%B1%E5%8A%B4%E7%A7%BB%E8%A1%8C%E6%94%AF%E6%8F%B4%E4%BA%8B%E6%A5%AD%E6%89%80+Apoyo%EF%BC%88%E3%82%A2%E3%83%9D%E3%83%BC%E3%83%A8%EF%BC%89%E5%AF%8C%E5%A3%AB/data=!4m7!3m6!1s0x601a2b359d855553:0x320075c4003dc712!8m2!3d35.1595155!4d138.6597633!16s%2Fg%2F11hbtzvfzj!19sChIJU1WFnTUrGmAREsc9AMR1ADI?authuser=0&hl=ja&rclk=1,富士市,富士市 販促支援会社
富士みらいクリエイション,https://jinzai.fujimirai-creation.com/,富士市 本市場２３２−１ 富士昭和ビル Ⅱ ５０１,0545-67-3400,https://www.google.com/maps/place/%E5%AF%8C%E5%A3%AB%E3%81%BF%E3%82%89%E3%81%84%E3%82%AF%E3%83%AA%E3%82%A8%E3%82%A4%E3%82%B7%E3%83%A7%E3%83%B3/data=!4m7!3m6!1s0x601a2b9fc14d8461:0xfd539f4c7f2af8e1!8m2!3d35.1564327!4d138.6573617!16s%2Fg%2F11fm9ktn71!19sChIJYYRNwZ8rGmAR4fgqf0yfU_0?authuser=0&hl=ja&rclk=1,富士市,富士市 販促支援会社
富士市地域産業支援センター（Beパレットふじ）,https://be-palette-fuji.com/,富士市 永田北町３−３ 富士市立中央図書館分館,0545-52-6777,https://www.google.com/maps/place/%E5%AF%8C%E5%A3%AB%E5%B8%82%E5%9C%B0%E5%9F%9F%E7%94%A3%E6%A5%AD%E6%94%AF%E6%8F%B4%E3%82%BB%E3%83%B3%E3%82%BF%E3%83%BC%EF%BC%88Be%E3%83%91%E3%83%AC%E3%83%83%E3%83%88%E3%81%B5%E3%81%98%EF%BC%89/data=!4m7!3m6!1s0x601a2b341e171e93:0x33183221f0085fa9!8m2!3d35.1625823!4d138.6787109!16s%2Fg%2F11r_vjnb2b!19sChIJkx4XHjQrGmARqV8I8CEyGDM?authuser=0&hl=ja&rclk=1,富士市,富士市 販促支援会社
就労移行支援・自立訓練(生活訓練)事業所growth,https://tobikiri-space.com/,富士市 永田町１丁目９１ スルガビル 2階,0545-67-2604,https://www.google.com/maps/place/%E5%B0%B1%E5%8A%B4%E7%A7%BB%E8%A1%8C%E6%94%AF%E6%8F%B4%E3%83%BB%E8%87%AA%E7%AB%8B%E8%A8%93%E7%B7%B4%28%E7%94%9F%E6%B4%BB%E8%A8%93%E7%B7%B4%29%E4%BA%8B%E6%A5%AD%E6%89%80growth/data=!4m7!3m6!1s0x601a2bee3dd5d5a7:0xa667d384235d21af!8m2!3d35.162255!4d138.6772075!16s%2Fg%2F11krs_6ymx!19sChIJp9XVPe4rGmARryFdI4TTZ6Y?authuser=0&hl=ja&rclk=1,富士市,富士市 販促支援会社
【認定経営革新等支援機関】ふじ経営コンサルティング,https://fuji-mc.jp/keieikanri/,富士市 今泉３７０１−１４,090-9176-3338,https://www.google.com/maps/place/%E3%80%90%E8%AA%8D%E5%AE%9A%E7%B5%8C%E5%96%B6%E9%9D%A9%E6%96%B0%E7%AD%89%E6%94%AF%E6%8F%B4%E6%A9%9F%E9%96%A2%E3%80%91%E3%81%B5%E3%81%98%E7%B5%8C%E5%96%B6%E3%82%B3%E3%83%B3%E3%82%B5%E3%83%AB%E3%83%86%E3%82%A3%E3%83%B3%E3%82%B0/data=!4m7!3m6!1s0x601bd5581b1cbe67:0x76aa208d08c6a5cf!8m2!3d35.1802941!4d138.6884553!16s%2Fg%2F11vrzgx3r8!19sChIJZ74cG1jVG2ARz6XGCI0gqnY?authuser=0&hl=ja&rclk=1,富士市,富士市 販促支援会社
アグリプロモーション,https://www.agri-promotion.org/,富士市 大渕767—21,080-3010-4546,https://www.google.com/maps/place/%E3%82%A2%E3%82%B0%E3%83%AA%E3%83%97%E3%83%AD%E3%83%A2%E3%83%BC%E3%82%B7%E3%83%A7%E3%83%B3/data=!4m7!3m6!1s0x601a35c834e3c319:0x9eab057e5523bc43!8m2!3d35.2093713!4d138.70526!16s%2Fg%2F11h4qc0yg6!19sChIJGcPjNMg1GmARQ7wjVX4Fq54?authuser=0&hl=ja&rclk=1,富士市,富士市 プロモーション会社
人材プロオフィス㈱ 富士営業所,https://www.jinzai-pro-office.co.jp/company/office/detail.php?id=35,富士市 瓜島町１６４ URIJIMA CROSS 201号室,0545-67-5252,https://www.google.com/maps/place/%E4%BA%BA%E6%9D%90%E3%83%97%E3%83%AD%E3%82%AA%E3%83%95%E3%82%A3%E3%82%B9%E3%88%B1+%E5%AF%8C%E5%A3%AB%E5%96%B6%E6%A5%AD%E6%89%80/data=!4m7!3m6!1s0x601a2bc7e5e9d25b:0x7aef4843892fe713!8m2!3d35.163174!4d138.6752622!16s%2Fg%2F11l23r1pmn!19sChIJW9Lp5ccrGmARE-cviUNI73o?authuser=0&hl=ja&rclk=1,富士市,富士市 プロモーション会社
アイ・ブロード,https://www.i-broad.co.jp/,富士市 今泉３３９−１,0120-516-856,https://www.google.com/maps/place/%E3%82%A2%E3%82%A4%E3%83%BB%E3%83%96%E3%83%AD%E3%83%BC%E3%83%89/data=!4m7!3m6!1s0x601a2a93456f914b:0x2f1ba8665b0485a1!8m2!3d35.1546534!4d138.6999894!16s%2Fg%2F11gdt82v8j!19sChIJS5FvRZMqGmARoYUEW2aoGy8?authuser=0&hl=ja&rclk=1,富士市,富士市 プロモーション会社
フィルムコミッション富士,https://www.fcfuji.com/,富士市 原田４７８−２１,0545-52-5937,https://www.google.com/maps/place/%E3%83%95%E3%82%A3%E3%83%AB%E3%83%A0%E3%82%B3%E3%83%9F%E3%83%83%E3%82%B7%E3%83%A7%E3%83%B3%E5%AF%8C%E5%A3%AB/data=!4m7!3m6!1s0x601a2abb415d3b83:0xb5913c4f1a1a86d0!8m2!3d35.1689861!4d138.7080358!16s%2Fg%2F12mkvmvgp!19sChIJgztdQbsqGmAR0IYaGk88kbU?authuser=0&hl=ja&rclk=1,富士市,富士市 プロモーション会社
合同会社MIS CREATION,https://mis1.net/,富士市 厚原１１４１−１５,,https://www.google.com/maps/place/%E5%90%88%E5%90%8C%E4%BC%9A%E7%A4%BEMIS+CREATION/data=!4m7!3m6!1s0x601bd5c92554798d:0xc51258ba62199f82!8m2!3d35.186756!4d138.6641968!16s%2Fg%2F11xn0pvrrv!19sChIJjXlUJcnVG2ARgp8ZYrpYEsU?authuser=0&hl=ja&rclk=1,富士市,富士市 プロモーション会社
イーネットビズ(就労継続支援Ａ型・Ｂ型事業所),https://www.e-nets.biz/,豊橋市 大村町大ノ前１０１,0532-35-9189,https://www.google.com/maps/place/%E3%82%A4%E3%83%BC%E3%83%8D%E3%83%83%E3%83%88%E3%83%93%E3%82%BA%28%E5%B0%B1%E5%8A%B4%E7%B6%99%E7%B6%9A%E6%94%AF%E6%8F%B4%EF%BC%A1%E5%9E%8B%E3%83%BB%EF%BC%A2%E5%9E%8B%E4%BA%8B%E6%A5%AD%E6%89%80%29/data=!4m7!3m6!1s0x6004cd94ce6c53bf:0x2a8f97ef00362953!8m2!3d34.786444!4d137.390606!16s%2Fg%2F11cmqy_k88!19sChIJv1NszpTNBGARUyk2AO-Xjyo?authuser=0&hl=ja&rclk=1,豊橋市,豊橋市 販促支援会社
次世代型メタン発酵システムー豊橋バイオマスソリューションズ,https://toyohashibs.com/,豊橋市 豊栄町東４７９−４,050-3612-7796,https://www.google.com/maps/place/%E6%AC%A1%E4%B8%96%E4%BB%A3%E5%9E%8B%E3%83%A1%E3%82%BF%E3%83%B3%E7%99%BA%E9%85%B5%E3%82%B7%E3%82%B9%E3%83%86%E3%83%A0%E3%83%BC%E8%B1%8A%E6%A9%8B%E3%83%90%E3%82%A4%E3%82%AA%E3%83%9E%E3%82%B9%E3%82%BD%E3%83%AA%E3%83%A5%E3%83%BC%E3%82%B7%E3%83%A7%E3%83%B3%E3%82%BA/data=!4m7!3m6!1s0x6004d56392e7a5a9:0xd235563a2d0132fe!8m2!3d34.7059634!4d137.4339643!16s%2Fg%2F11mlfv53xk!19sChIJqaXnkmPVBGAR_jIBLTpWNdI?authuser=0&hl=ja&rclk=1,豊橋市,豊橋市 販促支援会社
あいびっと豊橋,https://ibit2010.com/,豊橋市 東小田原町３７,0532-21-7605,https://www.google.com/maps/place/%E3%81%82%E3%81%84%E3%81%B3%E3%81%A3%E3%81%A8%E8%B1%8A%E6%A9%8B/data=!4m7!3m6!1s0x6004d26d1ddd6f05:0x797f4b6e0fc711a9!8m2!3d34.7596835!4d137.3861861!16s%2Fg%2F11b7svh31t!19sChIJBW_dHW3SBGARqRHHD25Lf3k?authuser=0&hl=ja&rclk=1,豊橋市,豊橋市 販促支援会社
有限会社プロスタッフ,http://www.p-s.co.jp/,豊橋市 大国町６,0532-52-8822,https://www.google.com/maps/place/%E6%9C%89%E9%99%90%E4%BC%9A%E7%A4%BE%E3%83%97%E3%83%AD%E3%82%B9%E3%82%BF%E3%83%83%E3%83%95/data=!4m7!3m6!1s0x6004d26d4f0ddad9:0xb76b2d2e891cbf5e!8m2!3d34.761469!4d137.390792!16s%2Fg%2F1w455krt!19sChIJ2doNT23SBGARXr8ciS4ta7c?authuser=0&hl=ja&rclk=1,豊橋市,豊橋市 プロモーション会社
シンクロ イノベーション,http://www.synchro-innovation.co.jp/,豊橋市 上野町新上野22番地2,0532-21-9311,https://www.google.com/maps/place/%E3%82%B7%E3%83%B3%E3%82%AF%E3%83%AD+%E3%82%A4%E3%83%8E%E3%83%99%E3%83%BC%E3%82%B7%E3%83%A7%E3%83%B3/data=!4m7!3m6!1s0x6004d3a55468e829:0xad267916163ba2a2!8m2!3d34.7250646!4d137.3912857!16s%2Fg%2F11cp7fk48f!19sChIJKehoVKXTBGARoqI7FhZ5Jq0?authuser=0&hl=ja&rclk=1,豊橋市,豊橋市 プロモーション会社
モーションスタイル,http://www.motion-style.com/,豊橋市 前田町１丁目６−８,0532-54-2405,https://www.google.com/maps/place/%E3%83%A2%E3%83%BC%E3%82%B7%E3%83%A7%E3%83%B3%E3%82%B9%E3%82%BF%E3%82%A4%E3%83%AB/data=!4m7!3m6!1s0x6004d26ef398f535:0xeb481ac10dd7a721!8m2!3d34.762092!4d137.396544!16s%2Fg%2F1tjkfrjs!19sChIJNfWY827SBGARIafXDcEaSOs?authuser=0&hl=ja&rclk=1,豊橋市,豊橋市 プロモーション会社
とよはしフィルムコミッション,https://toyohashi-fc.com/,豊橋市 松葉町２丁目１０ まちなか活性課 1階,0532-75-8394,https://www.google.com/maps/place/%E3%81%A8%E3%82%88%E3%81%AF%E3%81%97%E3%83%95%E3%82%A3%E3%83%AB%E3%83%A0%E3%82%B3%E3%83%9F%E3%83%83%E3%82%B7%E3%83%A7%E3%83%B3/data=!4m7!3m6!1s0x6004d3006b9b73bb:0x7212fd2dbc96c9db!8m2!3d34.7660355!4d137.3834538!16s%2Fg%2F11wtxgh6pj!19sChIJu3ObawDTBGAR28mWvC39EnI?authuser=0&hl=ja&rclk=1,豊橋市,豊橋市 プロモーション会社
株式会社グロップ 豊橋サテライトオフィス,https://700700.jp/,豊橋市 駅前大通３丁目６０ 豊橋イーストビル ４F C号室,0532-26-8113,https://www.google.com/maps/place/%E6%A0%AA%E5%BC%8F%E4%BC%9A%E7%A4%BE%E3%82%B0%E3%83%AD%E3%83%83%E3%83%97+%E8%B1%8A%E6%A9%8B%E3%82%B5%E3%83%86%E3%83%A9%E3%82%A4%E3%83%88%E3%82%AA%E3%83%95%E3%82%A3%E3%82%B9/data=!4m7!3m6!1s0x6004d3010e7e735b:0xbedb7e9f01ac53ec!8m2!3d34.7626188!4d137.3888249!16s%2Fg%2F11q9qdbr01!19sChIJW3N-DgHTBGAR7FOsAZ9-274?authuser=0&hl=ja&rclk=1,豊橋市,豊橋市 プロモーション会社
合同会社 Prof,https://prof.co.jp/,岡崎市 康生通東２丁目２２−１,,https://www.google.com/maps/place/%E5%90%88%E5%90%8C%E4%BC%9A%E7%A4%BE+Prof/data=!4m7!3m6!1s0x6004bd3638d20825:0x9d7b12e2b74eadf0!8m2!3d34.958241!4d137.1662932!16s%2Fg%2F11l0s1k5lh!19sChIJJQjSODa9BGAR8K1Ot-ISe50?authuser=0&hl=ja&rclk=1,岡崎市,岡崎市 販促支援会社
岡崎ビジネスサポートセンター OKa-Biz（オカビズ）,https://www.oka-biz.net/,岡崎市 康生通西４丁目７１,0564-26-2231,https://www.google.com/maps/place/%E5%B2%A1%E5%B4%8E%E3%83%93%E3%82%B8%E3%83%8D%E3%82%B9%E3%82%B5%E3%83%9D%E3%83%BC%E3%83%88%E3%82%BB%E3%83%B3%E3%82%BF%E3%83%BC+OKa-Biz%EF%BC%88%E3%82%AA%E3%82%AB%E3%83%93%E3%82%BA%EF%BC%89/data=!4m7!3m6!1s0x6004bd34c138afe3:0xb74e4e075b79d0ee!8m2!3d34.959695!4d137.1588129!16s%2Fg%2F1ptvz577l!19sChIJ4684wTS9BGAR7tB5WwdOTrc?authuser=0&hl=ja&rclk=1,岡崎市,岡崎市 販促支援会社
㈱シエル（CIEL）,https://www.sa-ciel.com/,一宮市 富士１丁目６−６ アレフ２,0586-26-1775,https://www.google.com/maps/place/%E3%88%B1%E3%82%B7%E3%82%A8%E3%83%AB%EF%BC%88CIEL%EF%BC%89/data=!4m7!3m6!1s0x6003a0b067fd4c29:0x935bb563ade9dab!8m2!3d35.3043148!4d136.813773!16s%2Fg%2F11j8sjqwqt!19sChIJKUz9Z7CgA2ARq53eOla7NQk?authuser=0&hl=ja&rclk=1,一宮市,一宮市 販促支援会社
エスファンド - 就労継続支援B型,https://sfund-b.com/,一宮市 せんい２丁目１０−６,0586-85-6497,https://www.google.com/maps/place/%E3%82%A8%E3%82%B9%E3%83%95%E3%82%A1%E3%83%B3%E3%83%89+-+%E5%B0%B1%E5%8A%B4%E7%B6%99%E7%B6%9A%E6%94%AF%E6%8F%B4B%E5%9E%8B/data=!4m7!3m6!1s0x6003a0831dd69b8d:0x12f444b2fef6dcc3!8m2!3d35.2878213!4d136.8226841!16s%2Fg%2F11rv1txg4s!19sChIJjZvWHYOgA2ARw9z2_rJE9BI?authuser=0&hl=ja&rclk=1,一宮市,一宮市 販促支援会社
就労継続支援B型 ロクザン,https://lian-rokuzan.com/,一宮市 あずら１丁目３−１１,0586-82-2889,https://www.google.com/maps/place/%E5%B0%B1%E5%8A%B4%E7%B6%99%E7%B6%9A%E6%94%AF%E6%8F%B4B%E5%9E%8B+%E3%83%AD%E3%82%AF%E3%82%B6%E3%83%B3/data=!4m7!3m6!1s0x6003a0821f66f649:0x23d4c9ae3c6e0e48!8m2!3d35.285594!4d136.8240911!16s%2Fg%2F11pz0kvhmd!19sChIJSfZmH4KgA2ARSA5uPK7J1CM?authuser=0&hl=ja&rclk=1,一宮市,一宮市 販促支援会社
おりすと福祉会（社会福祉法人）おりすと作業所 就労継続支援B型事業所,http://www.orisuto-fukusikai.com/,一宮市 大和町氏永三反割２５,0586-44-1288,https://www.google.com/maps/place/%E3%81%8A%E3%82%8A%E3%81%99%E3%81%A8%E7%A6%8F%E7%A5%89%E4%BC%9A%EF%BC%88%E7%A4%BE%E4%BC%9A%E7%A6%8F%E7%A5%89%E6%B3%95%E4%BA%BA%EF%BC%89%E3%81%8A%E3%82%8A%E3%81%99%E3%81%A8%E4%BD%9C%E6%A5%AD%E6%89%80+%E5%B0%B1%E5%8A%B4%E7%B6%99%E7%B6%9A%E6%94%AF%E6%8F%B4B%E5%9E%8B%E4%BA%8B%E6%A5%AD%E6%89%80/data=!4m7!3m6!1s0x6003a0f22ff8ad2f:0xa5165bbd548526d2!8m2!3d35.2782709!4d136.801651!16s%2Fg%2F1tcy47bt!19sChIJL634L_KgA2AR0iaFVL1bFqU?authuser=0&hl=ja&rclk=1,一宮市,一宮市 販促支援会社
株式会社ストライヴ・プロモーション,https://strivepromotion.com/,一宮市 御供所２丁目５４,0587-50-8200,https://www.google.com/maps/place/%E6%A0%AA%E5%BC%8F%E4%BC%9A%E7%A4%BE%E3%82%B9%E3%83%88%E3%83%A9%E3%82%A4%E3%83%B4%E3%83%BB%E3%83%97%E3%83%AD%E3%83%A2%E3%83%BC%E3%82%B7%E3%83%A7%E3%83%B3/data=!4m7!3m6!1s0x60030b3bfa54fe39:0xe3e750474f76080d!8m2!3d35.3135433!4d136.8860941!16s%2Fg%2F11hdsxy0q5!19sChIJOf5U-jsLA2ARDQh2T0dQ5-M?authuser=0&hl=ja&rclk=1,一宮市,一宮市 プロモーション会社
アスピレーション株式会社,https://aspiration0721.com/,一宮市 大和町氏永仲林１４０−１ 一宮地方総合卸売市場内,0586-85-6229,https://www.google.com/maps/place/%E3%82%A2%E3%82%B9%E3%83%94%E3%83%AC%E3%83%BC%E3%82%B7%E3%83%A7%E3%83%B3%E6%A0%AA%E5%BC%8F%E4%BC%9A%E7%A4%BE/data=!4m7!3m6!1s0x6003a0f4b2f5fcd5:0xd1d69716d7783737!8m2!3d35.2772525!4d136.8058961!16s%2Fg%2F11btrs0btf!19sChIJ1fz1svSgA2ARNzd41xaX1tE?authuser=0&hl=ja&rclk=1,一宮市,一宮市 プロモーション会社
㈱H4,https://www.h-4.jp/,一宮市 森本４丁目１３−８,0586-48-5324,https://www.google.com/maps/place/%E3%88%B1H4/data=!4m7!3m6!1s0x6003a18ac540065f:0x7c2b9e9db911e021!8m2!3d35.2875406!4d136.8171963!16s%2Fg%2F11f7r4d0v7!19sChIJXwZAxYqhA2ARIeARuZ2eK3w?authuser=0&hl=ja&rclk=1,一宮市,一宮市 プロモーション会社
合同会社レゴリス,https://regorisu.jp/,一宮市 大江３丁目１２−９ OSスカイビル 201号,0586-52-6346,https://www.google.com/maps/place/%E5%90%88%E5%90%8C%E4%BC%9A%E7%A4%BE%E3%83%AC%E3%82%B4%E3%83%AA%E3%82%B9/data=!4m7!3m6!1s0x6003a140ad0d60f5:0xf62649055f34e33d!8m2!3d35.3016695!4d136.8036635!16s%2Fg%2F11swzhff2t!19sChIJ9WANrUChA2ARPeM0XwVJJvY?authuser=0&hl=ja&rclk=1,一宮市,一宮市 プロモーション会社
㈱ワールドアライブ,http://world-alive.co.jp/,一宮市 猿海道３丁目１,0586-64-8169,https://www.google.com/maps/place/%E3%88%B1%E3%83%AF%E3%83%BC%E3%83%AB%E3%83%89%E3%82%A2%E3%83%A9%E3%82%A4%E3%83%96/data=!4m7!3m6!1s0x6003a0858e315557:0x6cc3993af05071b!8m2!3d35.2834004!4d136.8161548!16s%2Fg%2F11fkcz90d4!19sChIJV1UxjoWgA2ARGwcFr5M5zAY?authuser=0&hl=ja&rclk=1,一宮市,一宮市 プロモーション会社
ハジメ産業㈱,http://www.hajime-industry.jp/,一宮市 丹陽町九日市場上田２６−４,0586-77-8831,https://www.google.com/maps/place/%E3%83%8F%E3%82%B8%E3%83%A1%E7%94%A3%E6%A5%AD%E3%88%B1/data=!4m7!3m6!1s0x60030a990626d93b:0xf52fcaf43af832e4!8m2!3d35.2695466!4d136.8324325!16s%2Fg%2F1vgw8jyf!19sChIJO9kmBpkKA2AR5DL4OvTKL_U?authuser=0&hl=ja&rclk=1,一宮市,一宮市 プロモーション会社
捲春,https://makiharu.co.jp/,一宮市 萩原町萩原高畑６,0586-68-7300,https://www.google.com/maps/place/%E6%8D%B2%E6%98%A5/data=!4m7!3m6!1s0x6003a1528aa2f20b:0xa27a9976379224f5!8m2!3d35.2845378!4d136.7563937!16s%2Fg%2F1wf21t4b!19sChIJC_KiilKhA2AR9SSSN3aZeqI?authuser=0&hl=ja&rclk=1,一宮市,一宮市 プロモーション会社
探偵法務’s三重四日市,https://uwaki-yokkaichi.com/,四日市市 鵜の森２丁目１０−２ 三幸ビル ２A号,0120-422-046,https://www.google.com/maps/place/%E6%8E%A2%E5%81%B5%E6%B3%95%E5%8B%99%E2%80%99s%E4%B8%89%E9%87%8D%E5%9B%9B%E6%97%A5%E5%B8%82/data=!4m7!3m6!1s0x60038f01f8190f99:0xcba36426017ca0f0!8m2!3d34.9656894!4d136.6125439!16s%2Fg%2F11z5y41dl7!19sChIJmQ8Z-AGPA2AR8KB8ASZko8s?authuser=0&hl=ja&rclk=1,四日市市,四日市市 販促支援会社
司グループ株式会社 四日市営業所,https://tsukasagroup92.co.jp/,四日市市 西伊倉町１−１０,053-935-8016,https://www.google.com/maps/place/%E5%8F%B8%E3%82%B0%E3%83%AB%E3%83%BC%E3%83%97%E6%A0%AA%E5%BC%8F%E4%BC%9A%E7%A4%BE+%E5%9B%9B%E6%97%A5%E5%B8%82%E5%96%B6%E6%A5%AD%E6%89%80/data=!4m7!3m6!1s0x60038f0015854e29:0x656d83706ec2d850!8m2!3d34.9757447!4d136.603!16s%2Fg%2F11n439skgp!19sChIJKU6FFQCPA2ARUNjCbnCDbWU?authuser=0&hl=ja&rclk=1,四日市市,四日市市 販促支援会社
株式会社 四日市事務機センター ネットワークトップアシスト株式会社 株式会社クラウドエム,https://www.yj-c.co.jp/,四日市市 日永西２丁目１８−７ 18番地7号,059-346-5411,https://www.google.com/maps/place/%E6%A0%AA%E5%BC%8F%E4%BC%9A%E7%A4%BE+%E5%9B%9B%E6%97%A5%E5%B8%82%E4%BA%8B%E5%8B%99%E6%A9%9F%E3%82%BB%E3%83%B3%E3%82%BF%E3%83%BC+%E3%83%8D%E3%83%83%E3%83%88%E3%83%AF%E3%83%BC%E3%82%AF%E3%83%88%E3%83%83%E3%83%97%E3%82%A2%E3%82%B7%E3%82%B9%E3%83%88%E6%A0%AA%E5%BC%8F%E4%BC%9A%E7%A4%BE+%E6%A0%AA%E5%BC%8F%E4%BC%9A%E7%A4%BE%E3%82%AF%E3%83%A9%E3%82%A6%E3%83%89%E3%82%A8%E3%83%A0/data=!4m7!3m6!1s0x60038e9c36da03c1:0x905f599231bc3f!8m2!3d34.9520732!4d136.5961572!16s%2Fg%2F1tgk0ksz!19sChIJwQPaNpyOA2ARP7wxkllfkAA?authuser=0&hl=ja&rclk=1,四日市市,四日市市 販促支援会社
就労移行支援 ・就職支援・ 就労定着支援・障碍者ＩＴカレッジ四日市,https://npo-it.org/,四日市市 中浜田町３−２８ 大進ビル,059-350-1791,https://www.google.com/maps/place/%E5%B0%B1%E5%8A%B4%E7%A7%BB%E8%A1%8C%E6%94%AF%E6%8F%B4+%E3%83%BB%E5%B0%B1%E8%81%B7%E6%94%AF%E6%8F%B4%E3%83%BB+%E5%B0%B1%E5%8A%B4%E5%AE%9A%E7%9D%80%E6%94%AF%E6%8F%B4%E3%83%BB%E9%9A%9C%E7%A2%8D%E8%80%85%EF%BC%A9%EF%BC%B4%E3%82%AB%E3%83%AC%E3%83%83%E3%82%B8%E5%9B%9B%E6%97%A5%E5%B8%82/data=!4m7!3m6!1s0x60038ee4201c4895:0x5d632fc8fc434614!8m2!3d34.9625198!4d136.6187315!16s%2Fg%2F11r8nbq7p!19sChIJlUgcIOSOA2ARFEZD_MgvY10?authuser=0&hl=ja&rclk=1,四日市市,四日市市 販促支援会社
有限会社MARIBON,http://maribon.co.jp/,四日市市 波木町２１８−３,059-344-0150,https://www.google.com/maps/place/%E6%9C%89%E9%99%90%E4%BC%9A%E7%A4%BEMARIBON/data=!4m7!3m6!1s0x60038d38333517fd:0x1f8c31f2973457c5!8m2!3d34.9392404!4d136.5758488!16s%2Fg%2F11jd7sv_zd!19sChIJ_Rc1MziNA2ARxVc0l_IxjB8?authuser=0&hl=ja&rclk=1,四日市市,四日市市 プロモーション会社
株式会社サンマウスプラス 本社,https://sunmp.jp/,四日市市 西新地１４−１ 太平洋四日市ビル ５Ｆ,059-354-0505,https://www.google.com/maps/place/%E6%A0%AA%E5%BC%8F%E4%BC%9A%E7%A4%BE%E3%82%B5%E3%83%B3%E3%83%9E%E3%82%A6%E3%82%B9%E3%83%97%E3%83%A9%E3%82%B9+%E6%9C%AC%E7%A4%BE/data=!4m7!3m6!1s0x60038e64ffc33825:0x8074474857ba3b8b!8m2!3d34.9703758!4d136.6207448!16s%2Fg%2F1hc22456w!19sChIJJTjD_2SOA2ARizu6V0hHdIA?authuser=0&hl=ja&rclk=1,四日市市,四日市市 プロモーション会社
四日市市シティプロモーション部 観光交流課,https://www.city.yokkaichi.lg.jp/www/job/1480072590401/index.html,四日市市 諏訪町１−５,059-354-8176,https://www.google.com/maps/place/%E5%9B%9B%E6%97%A5%E5%B8%82%E5%B8%82%E3%82%B7%E3%83%86%E3%82%A3%E3%83%97%E3%83%AD%E3%83%A2%E3%83%BC%E3%82%B7%E3%83%A7%E3%83%B3%E9%83%A8+%E8%A6%B3%E5%85%89%E4%BA%A4%E6%B5%81%E8%AA%B2/data=!4m7!3m6!1s0x60038f0030c4c629:0x442b0d475145ed73!8m2!3d34.9648844!4d136.6243242!16s%2Fg%2F11vsp0k9zx!19sChIJKcbEMACPA2ARc-1FUUcNK0Q?authuser=0&hl=ja&rclk=1,四日市市,四日市市 プロモーション会社
四日市印刷工業,http://www.yp-pack.jp/,四日市市 本郷町２−１,059-331-2111,https://www.google.com/maps/place/%E5%9B%9B%E6%97%A5%E5%B8%82%E5%8D%B0%E5%88%B7%E5%B7%A5%E6%A5%AD/data=!4m7!3m6!1s0x60038e57f2c2497d:0xb940827bfe91a36f!8m2!3d34.9775438!4d136.6226737!16s%2Fg%2F11btm7z0mb!19sChIJfUnC8leOA2ARb6OR_nuCQLk?authuser=0&hl=ja&rclk=1,四日市市,四日市市 プロモーション会社
トータルアシストプラン株式会社,https://tap-s.com/,四日市市 富州原町１０−６,059-361-1616,https://www.google.com/maps/place/%E3%83%88%E3%83%BC%E3%82%BF%E3%83%AB%E3%82%A2%E3%82%B7%E3%82%B9%E3%83%88%E3%83%97%E3%83%A9%E3%83%B3%E6%A0%AA%E5%BC%8F%E4%BC%9A%E7%A4%BE/data=!4m7!3m6!1s0x60038fecdaa9ccb9:0x63405e3f26f732bd!8m2!3d35.0105523!4d136.657896!16s%2Fg%2F1tct8nkm!19sChIJucyp2uyPA2ARvTL3Jj9eQGM?authuser=0&hl=ja&rclk=1,四日市市,四日市市 プロモーション会社
株式会社ぽりに,http://porini.co.jp/,大津市 浜町２−４９ 奥田テナント ２,077-527-0303,https://www.google.com/maps/place/%E6%A0%AA%E5%BC%8F%E4%BC%9A%E7%A4%BE%E3%81%BD%E3%82%8A%E3%81%AB/data=!4m7!3m6!1s0x60010cf45b63aaab:0xcaa3787eb91b6197!8m2!3d35.0101261!4d135.8691976!16s%2Fg%2F11hzjv9396!19sChIJq6pjW_QMAWARl2EbuX54o8o?authuser=0&hl=ja&rclk=1,大津市,大津市 販促支援会社
株式会社アルファス,https://alphace.co.jp/,大津市 梅林１丁目３−２４ 2階,077-524-2008,https://www.google.com/maps/place/%E6%A0%AA%E5%BC%8F%E4%BC%9A%E7%A4%BE%E3%82%A2%E3%83%AB%E3%83%95%E3%82%A1%E3%82%B9/data=!4m7!3m6!1s0x60010cf7423548a5:0x3ea185a297f96e16!8m2!3d35.0037158!4d135.8658841!16s%2Fg%2F1tf31932!19sChIJpUg1QvcMAWARFm75l6KFoT4?authuser=0&hl=ja&rclk=1,大津市,大津市 販促支援会社
セレンディップ,https://www.reknit-serendip.org/,大津市 晴嵐１丁目８−１,077-531-1786,https://www.google.com/maps/place/%E3%82%BB%E3%83%AC%E3%83%B3%E3%83%87%E3%82%A3%E3%83%83%E3%83%97/data=!4m7!3m6!1s0x60010d530de5c639:0xff8690b06e544d61!8m2!3d34.9802028!4d135.902138!16s%2Fg%2F11d_9g22m1!19sChIJOcblDVMNAWARYU1UbrCQhv8?authuser=0&hl=ja&rclk=1,大津市,大津市 販促支援会社
特定非営利活動法人ＡＬＳしがネット 居宅介護支援事業所もも,https://als-shiga.net/,大津市 浜大津３丁目２−３１,077-535-0055,https://www.google.com/maps/place/%E7%89%B9%E5%AE%9A%E9%9D%9E%E5%96%B6%E5%88%A9%E6%B4%BB%E5%8B%95%E6%B3%95%E4%BA%BA%EF%BC%A1%EF%BC%AC%EF%BC%B3%E3%81%97%E3%81%8C%E3%83%8D%E3%83%83%E3%83%88+%E5%B1%85%E5%AE%85%E4%BB%8B%E8%AD%B7%E6%94%AF%E6%8F%B4%E4%BA%8B%E6%A5%AD%E6%89%80%E3%82%82%E3%82%82/data=!4m7!3m6!1s0x60010c66956fe48b:0x11d70480b7b9b1c0!8m2!3d35.0119909!4d135.8599934!16s%2Fg%2F11c75mms90!19sChIJi-RvlWYMAWARwLG5t4AE1xE?authuser=0&hl=ja&rclk=1,大津市,大津市 販促支援会社
株式会社スタンディング・オン,https://kso-de.com/,大津市 大萱１丁目１８−１４ 本郷ビル 2F,077-543-4106,https://www.google.com/maps/place/%E6%A0%AA%E5%BC%8F%E4%BC%9A%E7%A4%BE%E3%82%B9%E3%82%BF%E3%83%B3%E3%83%87%E3%82%A3%E3%83%B3%E3%82%B0%E3%83%BB%E3%82%AA%E3%83%B3/data=!4m7!3m6!1s0x6001729e6717d25f:0xce70caa14ef0b477!8m2!3d34.9874452!4d135.9266819!16s%2Fg%2F1tdqtfzd!19sChIJX9IXZ55yAWARd7TwTqHKcM4?authuser=0&hl=ja&rclk=1,大津市,大津市 プロモーション会社
アネモスコンサルティング,https://anemos.my.canva.site/dagy3ieh9ly,大津市 月輪４丁目２１−２２,090-7874-8241,https://www.google.com/maps/place/%E3%82%A2%E3%83%8D%E3%83%A2%E3%82%B9%E3%82%B3%E3%83%B3%E3%82%B5%E3%83%AB%E3%83%86%E3%82%A3%E3%83%B3%E3%82%B0/data=!4m7!3m6!1s0x60016d4926959669:0x1426975fd9c998e7!8m2!3d34.982286!4d135.9434163!16s%2Fg%2F11k58q0rhl!19sChIJaZaVJkltAWAR55jJ2V-XJhQ?authuser=0&hl=ja&rclk=1,大津市,大津市 プロモーション会社
株式会社オフィスクラウド,http://08cloud.com/,大津市 穴太３丁目１５−２,090-4284-8062,https://www.google.com/maps/place/%28%E6%A0%AA%29%E3%82%AA%E3%83%95%E3%82%A3%E3%82%B9%E3%82%AF%E3%83%A9%E3%82%A6%E3%83%89/data=!4m7!3m6!1s0x60010ba94e715557:0x3fe0493b1d869a01!8m2!3d35.0575424!4d135.8615259!16s%2Fg%2F11f12_mcd2!19sChIJV1VxTqkLAWARAZqGHTtJ4D8?authuser=0&hl=ja&rclk=1,大津市,大津市 プロモーション会社
K2 Video Factory,https://k2vf.biz/,大津市 中央１丁目２,077-523-5571,https://www.google.com/maps/place/K2+Video+Factory/data=!4m7!3m6!1s0x60010c5f1aa6b307:0x7ae621558981a60f!8m2!3d35.0076719!4d135.8641594!16s%2Fg%2F11q9_nzbnv!19sChIJB7OmGl8MAWARD6aBiVUh5no?authuser=0&hl=ja&rclk=1,大津市,大津市 プロモーション会社
株式会社 BeViBi OTSU,https://bevibi.jp/,大津市 粟津町１１−１２ ユーストンビル 2F,090-3948-1074,https://www.google.com/maps/place/%E6%A0%AA%E5%BC%8F%E4%BC%9A%E7%A4%BE+BeViBi+OTSU/data=!4m7!3m6!1s0x60010d53e8615555:0x1e4f02dd48b8ac2b!8m2!3d34.9788025!4d135.8998647!16s%2Fg%2F11qzzw9wl3!19sChIJVVVh6FMNAWARK6y4SN0CTx4?authuser=0&hl=ja&rclk=1,大津市,大津市 プロモーション会社
リ・プロダクツ㈱,https://www.re-products.co.jp/,大津市 浜町１−１−６ 株式会社,077-525-9111,https://www.google.com/maps/place/%E3%83%AA%E3%83%BB%E3%83%97%E3%83%AD%E3%83%80%E3%82%AF%E3%83%84%E3%88%B1/data=!4m7!3m6!1s0x60010c5f8c2d577b:0xa734c484decd22cd!8m2!3d35.0097559!4d135.8655293!16s%2Fg%2F1tfgp95w!19sChIJe1ctjF8MAWARzSLN3oTENKc?authuser=0&hl=ja&rclk=1,大津市,大津市 プロモーション会社
株式会社積想,https://seki-so.co.jp/,大津市 ６,077-575-3135,https://www.google.com/maps/place/%E6%A0%AA%E5%BC%8F%E4%BC%9A%E7%A4%BE%E7%A9%8D%E6%83%B3/data=!4m7!3m6!1s0x60010b1df1814743:0x23c14e4efbeca63a!8m2!3d35.0287153!4d135.8528944!16s%2Fg%2F11smscqpmk!19sChIJQ0eB8R0LAWAROqbs-05OwSM?authuser=0&hl=ja&rclk=1,大津市,大津市 プロモーション会社
就労継続支援A型事業所 テックエキスパート,http://techexpert.jp/index.html,高槻市 上田辺町１−３０ 大阪住宅上田辺ビル 5階,072-681-0122,https://www.google.com/maps/place/%E5%B0%B1%E5%8A%B4%E7%B6%99%E7%B6%9A%E6%94%AF%E6%8F%B4A%E5%9E%8B%E4%BA%8B%E6%A5%AD%E6%89%80+%E3%83%86%E3%83%83%E3%82%AF%E3%82%A8%E3%82%AD%E3%82%B9%E3%83%91%E3%83%BC%E3%83%88/data=!4m7!3m6!1s0x600103b741a0d6c7:0xa0fa682801484fbe!8m2!3d34.8505817!4d135.6164096!16s%2Fg%2F11sffp5lkx!19sChIJx9agQbcDAWARvk9IASho-qA?authuser=0&hl=ja&rclk=1,高槻市,高槻市 販促支援会社
折元コンサルティングファーム,https://orimoto.xyz/,高槻市 松原町２−６ 英和ビル ２階,072-673-3939,https://www.google.com/maps/place/%E6%8A%98%E5%85%83%E3%82%B3%E3%83%B3%E3%82%B5%E3%83%AB%E3%83%86%E3%82%A3%E3%83%B3%E3%82%B0%E3%83%95%E3%82%A1%E3%83%BC%E3%83%A0/data=!4m7!3m6!1s0x600103796aacd6ff:0x446e04d9dde9dd6f!8m2!3d34.8502751!4d135.6269015!16s%2Fg%2F11pxp0_0zh!19sChIJ_9asankDAWARb93p3dkEbkQ?authuser=0&hl=ja&rclk=1,高槻市,高槻市 販促支援会社
株式会社トラベーション 本社,https://travation.co.jp/,高槻市 日吉台二番町１０−５,,https://www.google.com/maps/place/%EF%BC%88%E6%A0%AA%EF%BC%89%E3%83%88%E3%83%A9%E3%83%99%E3%83%BC%E3%82%B7%E3%83%A7%E3%83%B3+%E6%9C%AC%E7%A4%BE/data=!4m7!3m6!1s0x60010300185ac137:0x60979cb02e0e58d4!8m2!3d34.8727056!4d135.6132346!16s%2Fg%2F11wnd_qh9n!19sChIJN8FaGAADAWAR1FgOLrCcl2A?authuser=0&hl=ja&rclk=1,高槻市,高槻市 プロモーション会社
株式会社サクソン,http://www.saxonz.com/,高槻市 城北町１丁目４−２６ 102,072-672-7511,https://www.google.com/maps/place/%E6%A0%AA%E5%BC%8F%E4%BC%9A%E7%A4%BE%E3%82%B5%E3%82%AF%E3%82%BD%E3%83%B3/data=!4m7!3m6!1s0x600102caf1a5b419:0x2b7aa5692ee541de!8m2!3d34.8477796!4d135.6211923!16s%2Fg%2F1vzqs4hz!19sChIJGbSl8coCAWAR3kHlLmmleis?authuser=0&hl=ja&rclk=1,高槻市,高槻市 プロモーション会社
株式会社 モダンパラダイス,http://www.modern-paradise.co.jp/,高槻市 芥川町２丁目１４−７ ロイヤル高槻 3F,072-686-5568,https://www.google.com/maps/place/%E6%A0%AA%E5%BC%8F%E4%BC%9A%E7%A4%BE+%E3%83%A2%E3%83%80%E3%83%B3%E3%83%91%E3%83%A9%E3%83%80%E3%82%A4%E3%82%B9/data=!4m7!3m6!1s0x600102b9f0bf23b7:0xa6cc6cc6f8b497d8!8m2!3d34.8527773!4d135.6152336!16s%2Fg%2F1tj899_0!19sChIJtyO_8LkCAWAR2Je0-MZszKY?authuser=0&hl=ja&rclk=1,高槻市,高槻市 プロモーション会社
ティープロモーション株式会社 本社,https://kawachi-posting.com/,高槻市 高柳１丁目４−１４,0120-812-083,https://www.google.com/maps/place/%E3%83%86%E3%82%A3%E3%83%BC%E3%83%97%E3%83%AD%E3%83%A2%E3%83%BC%E3%82%B7%E3%83%A7%E3%83%B3%28%E6%A0%AA%29+%E6%9C%AC%E7%A4%BE/data=!4m7!3m6!1s0x6000e708664c45cd:0xf0288b90944e8a46!8m2!3d34.764693!4d135.6110183!16s%2Fg%2F1tkq_4d6!19sChIJzUVMZgjnAGARRopOlJCLKPA?authuser=0&hl=ja&rclk=1,高槻市,高槻市 プロモーション会社
株式会社bitset,https://bitset.jp/,高槻市 芥川町２丁目１４−７ ロイヤル高槻 2F,050-7119-2899,https://www.google.com/maps/place/%E6%A0%AA%E5%BC%8F%E4%BC%9A%E7%A4%BEbitset/data=!4m7!3m6!1s0x600102c98053d0e1:0x562c5c9e3157e4f0!8m2!3d34.8527924!4d135.6152328!16s%2Fg%2F11d_7vctb3!19sChIJ4dBTgMkCAWAR8ORXMZ5cLFY?authuser=0&hl=ja&rclk=1,高槻市,高槻市 プロモーション会社
就労移行支援事業所、就労継続支援B型スマイルプラス,https://www.t-s-corporation.jp/business/smile/,東大阪市 小阪２丁目５−１０ BFレジデンス小阪2F,06-6753-8683,https://www.google.com/maps/place/%E5%B0%B1%E5%8A%B4%E7%A7%BB%E8%A1%8C%E6%94%AF%E6%8F%B4%E4%BA%8B%E6%A5%AD%E6%89%80%E3%80%81%E5%B0%B1%E5%8A%B4%E7%B6%99%E7%B6%9A%E6%94%AF%E6%8F%B4B%E5%9E%8B%E3%82%B9%E3%83%9E%E3%82%A4%E3%83%AB%E3%83%97%E3%83%A9%E3%82%B9/data=!4m7!3m6!1s0x6000df942708367d:0x8c4f1299f1eb912f!8m2!3d34.6648633!4d135.5849305!16s%2Fg%2F11hbtfx5n2!19sChIJfTYIJ5TfAGARL5Hr8ZkST4w?authuser=0&hl=ja&rclk=1,東大阪市,東大阪市 販促支援会社
株式会社 フリー,https://fusefree.com/,東大阪市 長堂１丁目２−２０ 陣内興産ビル ３Ｆ,06-6753-8111,https://www.google.com/maps/place/%E6%A0%AA%E5%BC%8F%E4%BC%9A%E7%A4%BE+%E3%83%95%E3%83%AA%E3%83%BC/data=!4m7!3m6!1s0x6000df8cf1944ba3:0xd7bce036e85e01e1!8m2!3d34.6646122!4d135.5624785!16s%2Fg%2F11q2p0gbmq!19sChIJo0uU8YzfAGAR4QFe6DbgvNc?authuser=0&hl=ja&rclk=1,東大阪市,東大阪市 販促支援会社
アプレンド（自立訓練（生活訓練）・就労定着支援事業）,https://www.kosaka-ten.or.jp/aprendo.php,東大阪市 永和２丁目８−２ ブランチ永和,06-7639-1401,https://www.google.com/maps/place/%E3%82%A2%E3%83%97%E3%83%AC%E3%83%B3%E3%83%89%EF%BC%88%E8%87%AA%E7%AB%8B%E8%A8%93%E7%B7%B4%EF%BC%88%E7%94%9F%E6%B4%BB%E8%A8%93%E7%B7%B4%EF%BC%89%E3%83%BB%E5%B0%B1%E5%8A%B4%E5%AE%9A%E7%9D%80%E6%94%AF%E6%8F%B4%E4%BA%8B%E6%A5%AD%EF%BC%89/data=!4m7!3m6!1s0x6000df1fc48d1a5d:0x8a045cc032a783da!8m2!3d34.6616215!4d135.574192!16s%2Fg%2F11rfqcnd93!19sChIJXRqNxB_fAGAR2oOnMsBcBIo?authuser=0&hl=ja&rclk=1,東大阪市,東大阪市 販促支援会社
障がい者就労継続支援B型事業所 アルファステップ,http://www.sora-osaka.jp/,東大阪市 若江東町６丁目９−４７ 2F,06-6753-7398,https://www.google.com/maps/place/%E9%9A%9C%E3%81%8C%E3%81%84%E8%80%85%E5%B0%B1%E5%8A%B4%E7%B6%99%E7%B6%9A%E6%94%AF%E6%8F%B4B%E5%9E%8B%E4%BA%8B%E6%A5%AD%E6%89%80+%E3%82%A2%E3%83%AB%E3%83%95%E3%82%A1%E3%82%B9%E3%83%86%E3%83%83%E3%83%97/data=!4m7!3m6!1s0x60012103bb6307a7:0x31a0c6edd87e47db!8m2!3d34.65308!4d135.6071976!16s%2Fg%2F11j6hk2vth!19sChIJpwdjuwMhAWAR20d-2O3GoDE?authuser=0&hl=ja&rclk=1,東大阪市,東大阪市 販促支援会社
株式会社カワキタ,https://www.k-kawakita.com/,東大阪市 荒川２丁目４−６,06-6723-0002,https://www.google.com/maps/place/%E6%A0%AA%E5%BC%8F%E4%BC%9A%E7%A4%BE%E3%82%AB%E3%83%AF%E3%82%AD%E3%82%BF/data=!4m7!3m6!1s0x6000dfb651257205:0x7c0f2e0afa8f89b2!8m2!3d34.660292!4d135.5696045!16s%2Fg%2F11b6d0lhcr!19sChIJBXIlUbbfAGARsomP-gouD3w?authuser=0&hl=ja&rclk=1,東大阪市,東大阪市 販促支援会社
株式会社ジョイサウンドプロモーション,http://www.joysoundpro.co.jp/,東大阪市 長田中１丁目５−２,06-6618-3676,https://www.google.com/maps/place/%EF%BC%88%E6%A0%AA%EF%BC%89%E3%82%B8%E3%83%A7%E3%82%A4%E3%82%B5%E3%82%A6%E3%83%B3%E3%83%89%E3%83%97%E3%83%AD%E3%83%A2%E3%83%BC%E3%82%B7%E3%83%A7%E3%83%B3/data=!4m7!3m6!1s0x6000dfee3c7c5839:0x8aaa8b524e884445!8m2!3d34.67758!4d135.5905086!16s%2Fg%2F1tph1m8f!19sChIJOVh8PO7fAGARRUSITlKLqoo?authuser=0&hl=ja&rclk=1,東大阪市,東大阪市 プロモーション会社
ものづくりビジネスセンター大阪（MOBIO),https://m-osaka.com/,東大阪市 荒本北１丁目４−１７,06-6748-1011,https://www.google.com/maps/place/%E3%82%82%E3%81%AE%E3%81%A5%E3%81%8F%E3%82%8A%E3%83%93%E3%82%B8%E3%83%8D%E3%82%B9%E3%82%BB%E3%83%B3%E3%82%BF%E3%83%BC%E5%A4%A7%E9%98%AA%EF%BC%88MOBIO%29/data=!4m7!3m6!1s0x6000dff5c4a90b01:0x6b49655a1058e0dc!8m2!3d34.6795949!4d135.5995682!16s%2Fg%2F11r9rxnpy!19sChIJAQupxPXfAGAR3OBYEFplSWs?authuser=0&hl=ja&rclk=1,東大阪市,東大阪市 プロモーション会社
株式会社ギミクスプロダクション,http://gimmicks-pro.com/,東大阪市 長田中５丁目４−２３,06-4309-2221,https://www.google.com/maps/place/%E6%A0%AA%E5%BC%8F%E4%BC%9A%E7%A4%BE%E3%82%AE%E3%83%9F%E3%82%AF%E3%82%B9%E3%83%97%E3%83%AD%E3%83%80%E3%82%AF%E3%82%B7%E3%83%A7%E3%83%B3/data=!4m7!3m6!1s0x6000dffb310b00cf:0x9a3205b1b3821271!8m2!3d34.684129!4d135.5916363!16s%2Fg%2F1tl_llq0!19sChIJzwALMfvfAGARcRKCs7EFMpo?authuser=0&hl=ja&rclk=1,東大阪市,東大阪市 プロモーション会社
コシオカ産業 株式会社,https://www.koshioka.co.jp/,東大阪市 近江堂２丁目２−１７,,https://www.google.com/maps/place/%E3%82%B3%E3%82%B7%E3%82%AA%E3%82%AB%E7%94%A3%E6%A5%AD+%E6%A0%AA%E5%BC%8F%E4%BC%9A%E7%A4%BE/data=!4m7!3m6!1s0x6000df0b538406b5:0x59ee5a3249c78f29!8m2!3d34.645719!4d135.581657!16s%2Fg%2F1w0p5hrh!19sChIJtQaEUwvfAGARKY_HSTJa7lk?authuser=0&hl=ja&rclk=1,東大阪市,東大阪市 プロモーション会社
株式会社 アストマネックス,http://astmonex.com/,東大阪市 衣摺５丁目１９−３７ アスト マネックスビル 105 号,06-6724-2322,https://www.google.com/maps/place/%E6%A0%AA%E5%BC%8F%E4%BC%9A%E7%A4%BE+%E3%82%A2%E3%82%B9%E3%83%88%E3%83%9E%E3%83%8D%E3%83%83%E3%82%AF%E3%82%B9/data=!4m7!3m6!1s0x6000df05c8f6aaab:0xee06e72fef28c8df!8m2!3d34.6394005!4d135.5705257!16s%2Fg%2F11s9ksg2z7!19sChIJq6r2yAXfAGAR38go7y_nBu4?authuser=0&hl=ja&rclk=1,東大阪市,東大阪市 プロモーション会社
株式会社ポスティングプロ,https://pospro.jp/,西宮市 笠屋町１０−２７,0798-42-6353,https://www.google.com/maps/place/%E6%A0%AA%E5%BC%8F%E4%BC%9A%E7%A4%BE%E3%83%9D%E3%82%B9%E3%83%86%E3%82%A3%E3%83%B3%E3%82%B0%E3%83%97%E3%83%AD/data=!4m7!3m6!1s0x6000ef6c1a518df7:0x45e315c444f3818e!8m2!3d34.7140337!4d135.3755464!16s%2Fg%2F11pv2_bz41!19sChIJ941RGmzvAGARjoHzRMQV40U?authuser=0&hl=ja&rclk=1,西宮市,西宮市 販促支援会社
スマリティ 就労継続支援B型事業所,https://asobigoe.jp/,西宮市 甲子園洲鳥町３−２９,070-1321-5798,https://www.google.com/maps/place/%E3%82%B9%E3%83%9E%E3%83%AA%E3%83%86%E3%82%A3+%E5%B0%B1%E5%8A%B4%E7%B6%99%E7%B6%9A%E6%94%AF%E6%8F%B4B%E5%9E%8B%E4%BA%8B%E6%A5%AD%E6%89%80/data=!4m7!3m6!1s0x6000ed5288a483eb:0x1543a7dfe40a41d9!8m2!3d34.7233913!4d135.358732!16s%2Fg%2F11l5rp1fzf!19sChIJ64OkiFLtAGAR2UEK5N-nQxU?authuser=0&hl=ja&rclk=1,西宮市,西宮市 販促支援会社
就労移行支援/自立訓練 事業所 Uocmo（ウォクモ）,https://uocmo.site/,西宮市 与古道町２−１８,090-3861-9585,https://www.google.com/maps/place/%E5%B0%B1%E5%8A%B4%E7%A7%BB%E8%A1%8C%E6%94%AF%E6%8F%B4%2F%E8%87%AA%E7%AB%8B%E8%A8%93%E7%B7%B4+%E4%BA%8B%E6%A5%AD%E6%89%80+Uocmo%EF%BC%88%E3%82%A6%E3%82%A9%E3%82%AF%E3%83%A2%EF%BC%89/data=!4m7!3m6!1s0x6000f3e4a994ba57:0xd4fd3b8cf4cf0e32!8m2!3d34.7351536!4d135.3433953!16s%2Fg%2F11h6tgh6z5!19sChIJV7qUqeTzAGARMg7P9Iw7_dQ?authuser=0&hl=ja&rclk=1,西宮市,西宮市 販促支援会社
株式会社ZEST,http://zest8.net/,西宮市 田中町５−５−１５ コモド西宮 805号,,https://www.google.com/maps/place/%E6%A0%AA%E5%BC%8F%E4%BC%9A%E7%A4%BEZEST/data=!4m7!3m6!1s0x6000f2f5e54c77cb:0x53a22473240b3237!8m2!3d34.7364415!4d135.3363468!16s%2Fg%2F11jt1wkz2y!19sChIJy3dM5fXyAGARNzILJHMkolM?authuser=0&hl=ja&rclk=1,西宮市,西宮市 プロモーション会社
株式会社三日月プランニング,https://mikadukiplanning.jp/,西宮市 能登町３−１２,090-5287-6476,https://www.google.com/maps/place/%E6%A0%AA%E5%BC%8F%E4%BC%9A%E7%A4%BE%E4%B8%89%E6%97%A5%E6%9C%88%E3%83%97%E3%83%A9%E3%83%B3%E3%83%8B%E3%83%B3%E3%82%B0/data=!4m7!3m6!1s0x6000f3e1acf68d8f:0xf807bf4a6c265266!8m2!3d34.7501261!4d135.3524897!16s%2Fg%2F11whtflhdz!19sChIJj432rOHzAGARZlImbEq_B_g?authuser=0&hl=ja&rclk=1,西宮市,西宮市 プロモーション会社
株式会社Next Vision,https://www.nextvisionjp.net/?fbclid=PAdGRleAR6QRxleHRuA2FlbQIxMQBzcnRjBmFwcF9pZA8xMjQwMjQ1NzQyODc0MTQAAaeO1qwZOGGsVvmIYga8yJ-bj03JZEhWsgyeQvPq6fUpBxmY_xyaev4Fb_kSuQ_aem_YWdncwC1vWhnbWEKGWwa_3OydFjJ&brid=YWdncwHRvATgENizGpudEUkXVx9T,西宮市 下大市東町４−２ 101,080-2527-3115,https://www.google.com/maps/place/%E6%A0%AA%E5%BC%8F%E4%BC%9A%E7%A4%BENext+Vision/data=!4m7!3m6!1s0x842c5fe48f543c53:0x67e989f1f34d9863!8m2!3d34.7570081!4d135.358472!16s%2Fg%2F11z7p7b941!19sChIJUzxUj-RfLIQRY5hN8_GJ6Wc?authuser=0&hl=ja&rclk=1,西宮市,西宮市 プロモーション会社
ケイエヌシステムズ,http://knsystems.biz/,西宮市 上甲子園１丁目１３−２７,0798-44-5946,https://www.google.com/maps/place/%E3%82%B1%E3%82%A4%E3%82%A8%E3%83%8C%E3%82%B7%E3%82%B9%E3%83%86%E3%83%A0%E3%82%BA/data=!4m7!3m6!1s0x6000f206e0eaa549:0x84ef3f7088e9b160!8m2!3d34.7320917!4d135.3685982!16s%2Fg%2F1vzn5fx4!19sChIJSaXq4AbyAGARYLHpiHA_74Q?authuser=0&hl=ja&rclk=1,西宮市,西宮市 プロモーション会社
就労移行支援事業所 EnTry,https://www.sfsuisei.org/info/entry/,明石市 天文町２丁目３−２５ 3F,078-917-1122,https://www.google.com/maps/place/%E5%B0%B1%E5%8A%B4%E7%A7%BB%E8%A1%8C%E6%94%AF%E6%8F%B4%E4%BA%8B%E6%A5%AD%E6%89%80+EnTry/data=!4m7!3m6!1s0x60008396159338ff:0x4485c3d6fb96d43a!8m2!3d34.6466354!4d135.0001834!16s%2Fg%2F11g9q1sw_q!19sChIJ_ziTFZaDAGAROtSW-9bDhUQ?authuser=0&hl=ja&rclk=1,明石市,明石市 販促支援会社
就労継続支援B型事業所ハピネス｜株式会社ＫＧＮ,https://kgn1.co.jp/,明石市 大明石町１丁目７−３５ 新明ビル ７階,078-915-1237,https://www.google.com/maps/place/%E5%B0%B1%E5%8A%B4%E7%B6%99%E7%B6%9A%E6%94%AF%E6%8F%B4B%E5%9E%8B%E4%BA%8B%E6%A5%AD%E6%89%80%E3%83%8F%E3%83%94%E3%83%8D%E3%82%B9%EF%BD%9C%E6%A0%AA%E5%BC%8F%E4%BC%9A%E7%A4%BE%EF%BC%AB%EF%BC%A7%EF%BC%AE/data=!4m7!3m6!1s0x3554d4b77d443fdd:0xb8aa46d2ce8ab281!8m2!3d34.6485345!4d134.9907583!16s%2Fg%2F11fnmp_14w!19sChIJ3T9EfbfUVDURgbKKztJGqrg?authuser=0&hl=ja&rclk=1,明石市,明石市 販促支援会社
就労継続支援A型事業所アップス,http://ups-support.com/,明石市 西新町２丁目１５−１５ 大西ビル 2階C号室,078-924-0506,https://www.google.com/maps/place/%E5%B0%B1%E5%8A%B4%E7%B6%99%E7%B6%9A%E6%94%AF%E6%8F%B4A%E5%9E%8B%E4%BA%8B%E6%A5%AD%E6%89%80%E3%82%A2%E3%83%83%E3%83%97%E3%82%B9/data=!4m7!3m6!1s0x3554d5e671290b0b:0x3c9ba7115b746fe!8m2!3d34.650355!4d134.9807949!16s%2Fg%2F11yj5ry_h3!19sChIJCwspcebVVDUR_ka3FXG6yQM?authuser=0&hl=ja&rclk=1,明石市,明石市 販促支援会社
まいぷれ明石市編集部,https://akashi.mypl.net/shop/00000373169/,明石市 相生町２丁目５−５ KSビル 7階,078-915-0180,https://www.google.com/maps/place/%E3%81%BE%E3%81%84%E3%81%B7%E3%82%8C%E6%98%8E%E7%9F%B3%E5%B8%82%E7%B7%A8%E9%9B%86%E9%83%A8/data=!4m7!3m6!1s0x3554d5f76600c889:0x8c9b06a5761eae94!8m2!3d34.6454551!4d134.9971675!16s%2Fg%2F11t_tp60bx!19sChIJicgAZvfVVDURlK4edqUGm4w?authuser=0&hl=ja&rclk=1,明石市,明石市 プロモーション会社
川重マリンエンジニアリング株式会社 明石船型研究所,https://www.khi.co.jp/corp/kme/,明石市 川崎町１−３−１,078-922-1200,https://www.google.com/maps/place/%E5%B7%9D%E9%87%8D%E3%83%9E%E3%83%AA%E3%83%B3%E3%82%A8%E3%83%B3%E3%82%B8%E3%83%8B%E3%82%A2%E3%83%AA%E3%83%B3%E3%82%B0%EF%BC%88%E6%A0%AA%EF%BC%89+%E6%98%8E%E7%9F%B3%E8%88%B9%E5%9E%8B%E7%A0%94%E7%A9%B6%E6%89%80/data=!4m7!3m6!1s0x3554d463bb3fce5d:0x47078ab595cd83df!8m2!3d34.659827!4d134.959548!16s%2Fg%2F1vg_53jd!19sChIJXc4_u2PUVDUR34PNlbWKB0c?authuser=0&hl=ja&rclk=1,明石市,明石市 プロモーション会社
有限会社ヴァンサンク,http://vingtcinq.com/,明石市 西明石北町３丁目３−２６−１０７,078-965-6653,https://www.google.com/maps/place/%E6%9C%89%E9%99%90%E4%BC%9A%E7%A4%BE%E3%83%B4%E3%82%A1%E3%83%B3%E3%82%B5%E3%83%B3%E3%82%AF/data=!4m7!3m6!1s0x3554d4f6591d20cb:0x4dd511055ae7ca70!8m2!3d34.6692546!4d134.9648618!16s%2Fg%2F11gnq80_lm!19sChIJyyAdWfbUVDURcMrnWgUR1U0?authuser=0&hl=ja&rclk=1,明石市,明石市 プロモーション会社
株式会社LT,https://l-to.co.jp/,明石市 西明石南町１丁目７−１６,078-963-5252,https://www.google.com/maps/place/%E6%A0%AA%E5%BC%8F%E4%BC%9A%E7%A4%BELT/data=!4m7!3m6!1s0x3554d7e32df60de1:0xd357936a95171c8e!8m2!3d34.663894!4d134.9608795!16s%2Fg%2F11g1tx0761!19sChIJ4Q32LePXVDURjhwXlWqTV9M?authuser=0&hl=ja&rclk=1,明石市,明石市 プロモーション会社
切手のない贈り物実行委員会,https://www.kittenonaiokurimono.com/,倉敷市 阿知３丁目９−９,090-7134-6252,https://www.google.com/maps/place/%E5%88%87%E6%89%8B%E3%81%AE%E3%81%AA%E3%81%84%E8%B4%88%E3%82%8A%E7%89%A9%E5%AE%9F%E8%A1%8C%E5%A7%94%E5%93%A1%E4%BC%9A/data=!4m7!3m6!1s0x355157af853a6211:0x653efd3bcef4152e!8m2!3d34.5994237!4d133.7673703!16s%2Fg%2F11w8q1p5hg!19sChIJEWI6ha9XUTURLhX0zjv9PmU?authuser=0&hl=ja&rclk=1,倉敷市,倉敷市 販促支援会社
One (特定非営利活動法人),https://npoone.jp/,倉敷市 中庄３５２３−１,086-454-9192,https://www.google.com/maps/place/One+%28%E7%89%B9%E5%AE%9A%E9%9D%9E%E5%96%B6%E5%88%A9%E6%B4%BB%E5%8B%95%E6%B3%95%E4%BA%BA%29/data=!4m7!3m6!1s0x3553fe1675d49097:0x52e3513938560d83!8m2!3d34.6228119!4d133.8051589!16s%2Fg%2F11ckvw7p6c!19sChIJl5DUdRb-UzURgw1WODlR41I?authuser=0&hl=ja&rclk=1,倉敷市,倉敷市 販促支援会社
倉敷ベンチャーオフィス,http://kvo.jp/,倉敷市 阿知１丁目７−２ くらしきシティプラザ 西ビル 8階 803号,086-427-0841,https://www.google.com/maps/place/%E5%80%89%E6%95%B7%E3%83%99%E3%83%B3%E3%83%81%E3%83%A3%E3%83%BC%E3%82%AA%E3%83%95%E3%82%A3%E3%82%B9/data=!4m7!3m6!1s0x355156440d5a8407:0x83d91adde03bea6f!8m2!3d34.6008714!4d133.7657638!16s%2Fg%2F11vyqwx485!19sChIJB4RaDURWUTURb-o74N0a2YM?authuser=0&hl=ja&rclk=1,倉敷市,倉敷市 販促支援会社
くらしき創業サポートセンター,http://kurashiki-sogyo.jp/,倉敷市 西中新田６４０,086-426-3405,https://www.google.com/maps/place/%E3%81%8F%E3%82%89%E3%81%97%E3%81%8D%E5%89%B5%E6%A5%AD%E3%82%B5%E3%83%9D%E3%83%BC%E3%83%88%E3%82%BB%E3%83%B3%E3%82%BF%E3%83%BC/data=!4m7!3m6!1s0x355157caae227469:0x9787ad41de26449c!8m2!3d34.5846773!4d133.7722814!16s%2Fg%2F11g4l0tg27!19sChIJaXQirspXUTURnEQm3kGth5c?authuser=0&hl=ja&rclk=1,倉敷市,倉敷市 販促支援会社
高梁川流域CROSSING,http://txing.jp/,倉敷市 阿知３丁目１−２,080-6843-0494,https://www.google.com/maps/place/%E9%AB%98%E6%A2%81%E5%B7%9D%E6%B5%81%E5%9F%9FCROSSING/data=!4m7!3m6!1s0x3551573674503723:0x17c81fb7ec02012!8m2!3d34.6005091!4d133.7664732!16s%2Fg%2F11sgkck84j!19sChIJIzdQdDZXUTUREiDAfvuBfAE?authuser=0&hl=ja&rclk=1,倉敷市,倉敷市 販促支援会社
株式会社クラビズヒューマン,https://human.kurabiz.jp/,倉敷市 阿知１丁目５−１７ マルカンビル 3F,086-441-8779,https://www.google.com/maps/place/%E6%A0%AA%E5%BC%8F%E4%BC%9A%E7%A4%BE%E3%82%AF%E3%83%A9%E3%83%93%E3%82%BA%E3%83%92%E3%83%A5%E3%83%BC%E3%83%9E%E3%83%B3/data=!4m7!3m6!1s0x355157b1b3d54ef7:0xd26e28b07ea65ad2!8m2!3d34.602575!4d133.7683577!16s%2Fg%2F11tnjwjljw!19sChIJ907Vs7FXUTUR0lqmfrAobtI?authuser=0&hl=ja&rclk=1,倉敷市,倉敷市 販促支援会社
株式会社ジャスト,https://www.just-coltd.jp/,倉敷市 児島上の町１丁目８−８,086-472-7514,https://www.google.com/maps/place/%28%E6%A0%AA%29%E3%82%B8%E3%83%A3%E3%82%B9%E3%83%88/data=!4m7!3m6!1s0x3553e35029b2d5ef:0x49935c122c96983!8m2!3d34.4844926!4d133.8156724!16s%2Fg%2F1td409d9!19sChIJ79WyKVDjUzURg2nJIsE1mQQ?authuser=0&hl=ja&rclk=1,倉敷市,倉敷市 販促支援会社
ap company,https://apcmp.com/,倉敷市 中庄６１１−４ レクエルド大町1 108,050-3636-9089,https://www.google.com/maps/place/ap+company/data=!4m7!3m6!1s0x355155c795327f09:0xafc207dfb24dd862!8m2!3d34.6221452!4d133.7907356!16s%2Fg%2F11npr2x2mk!19sChIJCX8ylcdVUTURYthNst8Hwq8?authuser=0&hl=ja&rclk=1,倉敷市,倉敷市 プロモーション会社
倉敷エンターテイメント合同会社,https://k-enta.com/,倉敷市 中島２１５７−１ 脇本ビル 2F B2号,086-441-8453,https://www.google.com/maps/place/%E5%80%89%E6%95%B7%E3%82%A8%E3%83%B3%E3%82%BF%E3%83%BC%E3%83%86%E3%82%A4%E3%83%A1%E3%83%B3%E3%83%88%E5%90%88%E5%90%8C%E4%BC%9A%E7%A4%BE/data=!4m7!3m6!1s0x355157719f9aaaab:0xb0876cef44ce5c1d!8m2!3d34.5731113!4d133.7402516!16s%2Fg%2F11fy8_kn4m!19sChIJq6qan3FXUTURHVzORO9sh7A?authuser=0&hl=ja&rclk=1,倉敷市,倉敷市 プロモーション会社
タカラプロモ,https://takarapromo.com/,倉敷市 西阿知町５８６−１３,086-451-4720,https://www.google.com/maps/place/%E3%82%BF%E3%82%AB%E3%83%A9%E3%83%97%E3%83%AD%E3%83%A2/data=!4m7!3m6!1s0x355157b9a0c4a9d7:0xd0832520ebdb1c7c!8m2!3d34.5895875!4d133.7348772!16s%2Fg%2F11kgx2stbt!19sChIJ16nEoLlXUTURfBzb6yAlg9A?authuser=0&hl=ja&rclk=1,倉敷市,倉敷市 プロモーション会社
有限会社AKI情報コンサルタント,http://www.akijoho.com/,倉敷市 白楽町１０５−６,086-430-6166,https://www.google.com/maps/place/%28%E6%9C%89%29AKI%E6%83%85%E5%A0%B1%E3%82%B3%E3%83%B3%E3%82%B5%E3%83%AB%E3%82%BF%E3%83%B3%E3%83%88/data=!4m7!3m6!1s0x3551564d325a31b9:0x50466f6a83d286e!8m2!3d34.588974!4d133.763826!16s%2Fg%2F11s__f5k70!19sChIJuTFaMk1WUTURbig9qPZmBAU?authuser=0&hl=ja&rclk=1,倉敷市,倉敷市 プロモーション会社
ヤンマー バイオイノベーションセンター倉敷ラボ,https://www.yanmar.com/jp/technology/core_excellence/bio_innovation_center/,倉敷市 船穂町柳井原２３０３−２,,https://www.google.com/maps/place/%E3%83%A4%E3%83%B3%E3%83%9E%E3%83%BC+%E3%83%90%E3%82%A4%E3%82%AA%E3%82%A4%E3%83%8E%E3%83%99%E3%83%BC%E3%82%B7%E3%83%A7%E3%83%B3%E3%82%BB%E3%83%B3%E3%82%BF%E3%83%BC%E5%80%89%E6%95%B7%E3%83%A9%E3%83%9C/data=!4m7!3m6!1s0x355156d5add69a75:0x5c4c8d7355577c20!8m2!3d34.6115269!4d133.7172551!16s%2Fg%2F11clyv87m2!19sChIJdZrWrdVWUTURIHxXVXONTFw?authuser=0&hl=ja&rclk=1,倉敷市,倉敷市 プロモーション会社
スタイリッシュ・モデル・エージェンシー,https://stylish-inc.com/,倉敷市 川西町１６−１４ モトヤビル,086-425-6102,https://www.google.com/maps/place/%E3%82%B9%E3%82%BF%E3%82%A4%E3%83%AA%E3%83%83%E3%82%B7%E3%83%A5%E3%83%BB%E3%83%A2%E3%83%87%E3%83%AB%E3%83%BB%E3%82%A8%E3%83%BC%E3%82%B8%E3%82%A7%E3%83%B3%E3%82%B7%E3%83%BC/data=!4m7!3m6!1s0x3551564f995d72db:0x19510233e5384493!8m2!3d34.5967566!4d133.7641806!16s%2Fg%2F11b5pj7g80!19sChIJ23JdmU9WUTURk0Q45TMCURk?authuser=0&hl=ja&rclk=1,倉敷市,倉敷市 プロモーション会社
有限会社ワンステップ,https://onestep-tv.com/,倉敷市 大島５４３,086-420-0155,https://www.google.com/maps/place/%28%E6%9C%89%29%E3%83%AF%E3%83%B3%E3%82%B9%E3%83%86%E3%83%83%E3%83%97/data=!4m7!3m6!1s0x35515613d75ce97b:0x54111b088f81849d!8m2!3d34.6073586!4d133.7763433!16s%2Fg%2F11h2hlzsnq!19sChIJe-lc1xNWUTURnYSBjwgbEVQ?authuser=0&hl=ja&rclk=1,倉敷市,倉敷市 プロモーション会社
サポートオフィスＱＵＥＳＴ,http://www.f-tutuji.or.jp/office/quest/,東広島市 西条町西条４１４−３１,082-490-3211,https://www.google.com/maps/place/%E3%82%B5%E3%83%9D%E3%83%BC%E3%83%88%E3%82%AA%E3%83%95%E3%82%A3%E3%82%B9%EF%BC%B1%EF%BC%B5%EF%BC%A5%EF%BC%B3%EF%BC%B4/data=!4m7!3m6!1s0x3550657a210aa061:0x97a5b95a6c256b04!8m2!3d34.4316975!4d132.7416035!16s%2Fg%2F11b5ph_rx8!19sChIJYaAKIXplUDURBGslbFq5pZc?authuser=0&hl=ja&rclk=1,東広島市,東広島市 販促支援会社
東広島市テナント事業者家賃等支援事業,http://higashi-hiroshima-tenant.com/,東広島市 西条中央７丁目２３−３５,082-420-0303,https://www.google.com/maps/place/%E6%9D%B1%E5%BA%83%E5%B3%B6%E5%B8%82%E3%83%86%E3%83%8A%E3%83%B3%E3%83%88%E4%BA%8B%E6%A5%AD%E8%80%85%E5%AE%B6%E8%B3%83%E7%AD%89%E6%94%AF%E6%8F%B4%E4%BA%8B%E6%A5%AD/data=!4m7!3m6!1s0x35506f9029532ffb:0x731b86ab8d5270b6!8m2!3d34.4174226!4d132.734835!16s%2Fg%2F11t5dtf1c9!19sChIJ-y9TKZBvUDURtnBSjauGG3M?authuser=0&hl=ja&rclk=1,東広島市,東広島市 販促支援会社
サブカルビジネスセンター東広島,https://subculbusinesscenter.com/school/saijyo/,東広島市 西条本町１３−１１ アーバン ライフ I,082-490-3505,https://www.google.com/maps/place/%E3%82%B5%E3%83%96%E3%82%AB%E3%83%AB%E3%83%93%E3%82%B8%E3%83%8D%E3%82%B9%E3%82%BB%E3%83%B3%E3%82%BF%E3%83%BC%E6%9D%B1%E5%BA%83%E5%B3%B6/data=!4m7!3m6!1s0x355065790dd4a111:0xde4b91c88fcf95d7!8m2!3d34.429527!4d132.743323!16s%2Fg%2F11tj6mz0qr!19sChIJEaHUDXllUDUR15XPj8iRS94?authuser=0&hl=ja&rclk=1,東広島市,東広島市 販促支援会社
一般社団法人 広島県鳥獣対策等地域支援機構「tegos」,https://tegos-hiroshima.com/,東広島市 八本松町原６８６９,082-401-4158,https://www.google.com/maps/place/%E4%B8%80%E8%88%AC%E7%A4%BE%E5%9B%A3%E6%B3%95%E4%BA%BA+%E5%BA%83%E5%B3%B6%E7%9C%8C%E9%B3%A5%E7%8D%A3%E5%AF%BE%E7%AD%96%E7%AD%89%E5%9C%B0%E5%9F%9F%E6%94%AF%E6%8F%B4%E6%A9%9F%E6%A7%8B%E3%80%8Ctegos%E3%80%8D/data=!4m7!3m6!1s0x355071002f566879:0x1a9121dceefafa!8m2!3d34.4198558!4d132.7007648!16s%2Fg%2F11z64190g2!19sChIJeWhWLwBxUDUR-vru3CGRGgA?authuser=0&hl=ja&rclk=1,東広島市,東広島市 販促支援会社
NPO法人きずな,http://www.kizuna-hiroshima.com/,東広島市 西条町馬木３９１−２,082-425-1303,https://www.google.com/maps/place/NPO%E6%B3%95%E4%BA%BA%E3%81%8D%E3%81%9A%E3%81%AA/data=!4m7!3m6!1s0x35506de2931784ef:0xf5d61e5d2aaff45e!8m2!3d34.359804!4d132.718931!16s%2Fg%2F12hpz95h8!19sChIJ74QXk-JtUDURXvSvKl0e1vU?authuser=0&hl=ja&rclk=1,東広島市,東広島市 販促支援会社
広島県ビル経営支援事業団,https://tokyonet123.com/,東広島市 西条町助実１８４１−１ 桜ビル,082-493-6600,https://www.google.com/maps/place/%E5%BA%83%E5%B3%B6%E7%9C%8C%E3%83%93%E3%83%AB%E7%B5%8C%E5%96%B6%E6%94%AF%E6%8F%B4%E4%BA%8B%E6%A5%AD%E5%9B%A3/data=!4m7!3m6!1s0x35506fd0cf61f9dd:0xabda082d8134bb6d!8m2!3d34.4189373!4d132.7466093!16s%2Fg%2F11g6njm3g1!19sChIJ3flhz9BvUDURbbs0gS0I2qs?authuser=0&hl=ja&rclk=1,東広島市,東広島市 販促支援会社
マイクロンメモリジャパン 西条オフィス,https://jp.micron.com/,東広島市 西条昭和町１１−２,,https://www.google.com/maps/place/%E3%83%9E%E3%82%A4%E3%82%AF%E3%83%AD%E3%83%B3%E3%83%A1%E3%83%A2%E3%83%AA%E3%82%B8%E3%83%A3%E3%83%91%E3%83%B3+%E8%A5%BF%E6%9D%A1%E3%82%AA%E3%83%95%E3%82%A3%E3%82%B9/data=!4m7!3m6!1s0x35506f006db00fcf:0xe6e50ddfdb716238!8m2!3d34.4233976!4d132.7416577!16s%2Fg%2F11z25q1qp8!19sChIJzw-wbQBvUDUROGJx298N5eY?authuser=0&hl=ja&rclk=1,東広島市,東広島市 プロモーション会社
eastcity japan,https://eastcity.jp/,東広島市 西条町下三永８５６−２,082-426-1133,https://www.google.com/maps/place/eastcity+japan/data=!4m7!3m6!1s0x35506f47401dd55b:0x591868b758bc646!8m2!3d34.3935786!4d132.7722573!16s%2Fg%2F11b7tgy1t4!19sChIJW9UdQEdvUDURRsaLdYuGkQU?authuser=0&hl=ja&rclk=1,東広島市,東広島市 プロモーション会社
有限会社アサオアドプランニング,http://www.asao.co.jp/,東広島市 八本松東２丁目１５−１７−４２,082-497-0205,https://www.google.com/maps/place/%EF%BC%88%E6%9C%89%EF%BC%89%E3%82%A2%E3%82%B5%E3%82%AA%E3%82%A2%E3%83%89%E3%83%97%E3%83%A9%E3%83%B3%E3%83%8B%E3%83%B3%E3%82%B0/data=!4m7!3m6!1s0x3550700b20c2e51b:0x2ef05452977dbf13!8m2!3d34.4412757!4d132.7101924!16s%2Fg%2F1tt1f0y2!19sChIJG-XCIAtwUDURE799l1JU8C4?authuser=0&hl=ja&rclk=1,東広島市,東広島市 プロモーション会社
株式会社サニープロモーション,https://sunnypromotion8.com/,東広島市 祇園３丁目４１−１０,082-832-4771,https://www.google.com/maps/place/%E6%A0%AA%E5%BC%8F%E4%BC%9A%E7%A4%BE%E3%82%B5%E3%83%8B%E3%83%BC%E3%83%97%E3%83%AD%E3%83%A2%E3%83%BC%E3%82%B7%E3%83%A7%E3%83%B3/data=!4m7!3m6!1s0x355a99cae19a4827:0x84384b5cab7cc995!8m2!3d34.4367192!4d132.4596508!16s%2Fg%2F11yl8qfr3m!19sChIJJ0ia4cqZWjURlcl8q1xLOIQ?authuser=0&hl=ja&rclk=1,東広島市,東広島市 プロモーション会社
（一社）ディスカバー東広島,https://discover.east-hiroshima.info/,東広島市 西条西本町２８−６ サンスクエア東広島 ３階,082-493-5815,https://www.google.com/maps/place/%EF%BC%88%E4%B8%80%E7%A4%BE%EF%BC%89%E3%83%87%E3%82%A3%E3%82%B9%E3%82%AB%E3%83%90%E3%83%BC%E6%9D%B1%E5%BA%83%E5%B3%B6/data=!4m7!3m6!1s0x3550657c4037a2c5:0xbf7ec905c631b88b!8m2!3d34.427686!4d132.7405266!16s%2Fg%2F11sgb2nlft!19sChIJxaI3QHxlUDURi7gxxgXJfr8?authuser=0&hl=ja&rclk=1,東広島市,東広島市 プロモーション会社
e-情報プロモーション株式会社,https://ejp.co.jp/,東広島市 千田町１丁目３−４ 弘法ビル,082-249-5001,https://www.google.com/maps/place/e-%E6%83%85%E5%A0%B1%E3%83%97%E3%83%AD%E3%83%A2%E3%83%BC%E3%82%B7%E3%83%A7%E3%83%B3%E6%A0%AA%E5%BC%8F%E4%BC%9A%E7%A4%BE/data=!4m7!3m6!1s0x355aa23fdd2bff63:0xcf903f4fb0b7501a!8m2!3d34.382757!4d132.4541272!16s%2Fg%2F1th266z0!19sChIJY_8r3T-iWjURGlC3sE8_kM8?authuser=0&hl=ja&rclk=1,東広島市,東広島市 プロモーション会社
採用支援サポーター chefs3,http://chefs3.net/,下関市 富任町２丁目３−３２,090-7899-4171,https://www.google.com/maps/place/%E6%8E%A1%E7%94%A8%E6%94%AF%E6%8F%B4%E3%82%B5%E3%83%9D%E3%83%BC%E3%82%BF%E3%83%BC+chefs3/data=!4m7!3m6!1s0x3543a3e53a306751:0x115b81c7c9a36f52!8m2!3d34.0200653!4d130.9192874!16s%2Fg%2F11pyc1mzcx!19sChIJUWcwOuWjQzURUm-jyceBWxE?authuser=0&hl=ja&rclk=1,下関市,下関市 販促支援会社
煌（合同会社）,http://www.kirameki-shimonoseki.com/,下関市 長門町１０−１,083-250-8306,https://www.google.com/maps/place/%E7%85%8C%EF%BC%88%E5%90%88%E5%90%8C%E4%BC%9A%E7%A4%BE%EF%BC%89/data=!4m7!3m6!1s0x3543bdb15a8ed763:0x5a9c6514f0dd6a4d!8m2!3d33.954481!4d130.923835!16s%2Fg%2F11c58t6zd1!19sChIJY9eOWrG9QzURTWrd8BRlnFo?authuser=0&hl=ja&rclk=1,下関市,下関市 販促支援会社
サンクスラボ 下関オフィス | 就労継続支援Ａ型事業所,https://thankslab-shogaifukushi.jp/office/shimonoseki-office/,下関市 豊前田町３丁目３−１ 国際貿易ビル 601号,083-250-7115,https://www.google.com/maps/place/%E3%82%B5%E3%83%B3%E3%82%AF%E3%82%B9%E3%83%A9%E3%83%9C+%E4%B8%8B%E9%96%A2%E3%82%AA%E3%83%95%E3%82%A3%E3%82%B9+%7C+%E5%B0%B1%E5%8A%B4%E7%B6%99%E7%B6%9A%E6%94%AF%E6%8F%B4%EF%BC%A1%E5%9E%8B%E4%BA%8B%E6%A5%AD%E6%89%80/data=!4m7!3m6!1s0x3543a304b6c4d5d7:0xe087d55dea0ca6b2!8m2!3d33.9501556!4d130.9295028!16s%2Fg%2F11sfd_f97_!19sChIJ19XEtgSjQzURsqYM6l3Vh-A?authuser=0&hl=ja&rclk=1,下関市,下関市 販促支援会社
デジタルワークスeCraft,https://ecraft-works.com/,下関市 幡生宮の下町２８−１４ マンション嵯峨野 202,083-242-7055,https://www.google.com/maps/place/%E3%83%87%E3%82%B8%E3%82%BF%E3%83%AB%E3%83%AF%E3%83%BC%E3%82%AF%E3%82%B9eCraft/data=!4m7!3m6!1s0x3543bd144884a923:0x41a419e1a80ce8b9!8m2!3d33.9862226!4d130.9316202!16s%2Fg%2F11zb57bl_l!19sChIJI6mESBS9QzURuegMqOEZpEE?authuser=0&hl=ja&rclk=1,下関市,下関市 販促支援会社
スプライフ下関センター,https://wj-is.com/office/shimonoseki,下関市 細江町２丁目２−１,083-250-8340,https://www.google.com/maps/place/%E3%82%B9%E3%83%97%E3%83%A9%E3%82%A4%E3%83%95%E4%B8%8B%E9%96%A2%E3%82%BB%E3%83%B3%E3%82%BF%E3%83%BC/data=!4m7!3m6!1s0x3543bdd0083c8fed:0x3cf346a30e713bc4!8m2!3d33.9518144!4d130.9317795!16s%2Fg%2F11x61kn484!19sChIJ7Y88CNC9QzURxDtxDqNG8zw?authuser=0&hl=ja&rclk=1,下関市,下関市 販促支援会社
合同会社テンシステム,http://ten-system.com/,下関市 秋根東町３−３９,083-250-6616,https://www.google.com/maps/place/%E5%90%88%E5%90%8C%E4%BC%9A%E7%A4%BE%E3%83%86%E3%83%B3%E3%82%B7%E3%82%B9%E3%83%86%E3%83%A0/data=!4m7!3m6!1s0x3543a2bb2feaff49:0x8db6cc6919f759be!8m2!3d34.010836!4d130.9537899!16s%2Fg%2F1pyqhbmsy!19sChIJSf_qL7uiQzURvln3GWnMto0?authuser=0&hl=ja&rclk=1,下関市,下関市 販促支援会社
CIL下関,https://shimonoseki.cil-support.site/,下関市 秋根南町１丁目１−５,083-263-2687,https://www.google.com/maps/place/CIL%E4%B8%8B%E9%96%A2/data=!4m7!3m6!1s0x3543a2a3921aa577:0xd9bdae5b685abf32!8m2!3d34.0081234!4d130.9521018!16s%2Fg%2F11ghs75pfl!19sChIJd6UakqOiQzURMr9aaFuuvdk?authuser=0&hl=ja&rclk=1,下関市,下関市 販促支援会社
創業支援カフェKARASTA.(カラスタ),https://www.karasta.jp/,下関市 赤間町１−１０,083-227-4747,https://www.google.com/maps/place/%E5%89%B5%E6%A5%AD%E6%94%AF%E6%8F%B4%E3%82%AB%E3%83%95%E3%82%A7KARASTA.%28%E3%82%AB%E3%83%A9%E3%82%B9%E3%82%BF%29/data=!4m7!3m6!1s0x3543bd9e65722ddf:0xf86fb6d22d59c2d3!8m2!3d33.9583788!4d130.942783!16s%2Fg%2F11f0_fgx7s!19sChIJ3y1yZZ69QzUR08JZLdK2b_g?authuser=0&hl=ja&rclk=1,下関市,下関市 販促支援会社
合同会社EMYSTI,http://www.emysti.net/,下関市 南大坪町１１−３ 263番 36号,090-8847-2656,https://www.google.com/maps/place/%E5%90%88%E5%90%8C%E4%BC%9A%E7%A4%BEEMYSTI/data=!4m7!3m6!1s0x3543bd007781cce5:0x458f8cc26315ae7e!8m2!3d33.9595102!4d130.9149213!16s%2Fg%2F11l_0ct3xh!19sChIJ5cyBdwC9QzURfq4VY8KMj0U?authuser=0&hl=ja&rclk=1,下関市,下関市 プロモーション会社
株式会社 cinepos（シネポス）,https://www.cinepos.com/,下関市 大和町１丁目１３−７ 海町ビル 1 階右,083-242-1868,https://www.google.com/maps/place/%E6%A0%AA%E5%BC%8F%E4%BC%9A%E7%A4%BE+cinepos%EF%BC%88%E3%82%B7%E3%83%8D%E3%83%9D%E3%82%B9%EF%BC%89/data=!4m7!3m6!1s0x3543bd98db766337:0x49415d94dc74a534!8m2!3d33.9460418!4d130.9183863!16s%2Fg%2F11bztdfd92!19sChIJN2N225i9QzURNKV03JRdQUk?authuser=0&hl=ja&rclk=1,下関市,下関市 プロモーション会社
ピーエスピー株式会社,https://www.pesp.co.jp/,下関市 豊浦町大字吉永５２６−１,083-774-3366,https://www.google.com/maps/place/%E3%83%94%E3%83%BC%E3%82%A8%E3%82%B9%E3%83%94%E3%83%BC%EF%BC%88%E6%A0%AA%EF%BC%89/data=!4m7!3m6!1s0x3543a05e2b54667b:0xf8cb388bebee1c9d!8m2!3d34.1358234!4d130.9208253!16s%2Fg%2F1trpnkx7!19sChIJe2ZUK16gQzURnRzu64s4y_g?authuser=0&hl=ja&rclk=1,下関市,下関市 プロモーション会社
milkyway motion graphics（ミルキーウェイモーショングラフィックス）,https://milkywaysign.com/,下関市 彦島向井町２丁目２１−１５,090-9465-0368,https://www.google.com/maps/place/milkyway+motion+graphics%EF%BC%88%E3%83%9F%E3%83%AB%E3%82%AD%E3%83%BC%E3%82%A6%E3%82%A7%E3%82%A4%E3%83%A2%E3%83%BC%E3%82%B7%E3%83%A7%E3%83%B3%E3%82%B0%E3%83%A9%E3%83%95%E3%82%A3%E3%83%83%E3%82%AF%E3%82%B9%EF%BC%89/data=!4m7!3m6!1s0x3543bf3b14915929:0x522cad5b316b9dc4!8m2!3d33.9166607!4d130.9176763!16s%2Fg%2F11r35y2qt6!19sChIJKVmRFDu_QzURxJ1rMVutLFI?authuser=0&hl=ja&rclk=1,下関市,下関市 プロモーション会社
株式会社 広尾メディアスタジオ 下関ブランチ,https://www.hiroo.biz/,下関市 竹崎町３丁目５−２５ BRIDGE下関 2F,080-1747-4014,https://www.google.com/maps/place/%E6%A0%AA%E5%BC%8F%E4%BC%9A%E7%A4%BE+%E5%BA%83%E5%B0%BE%E3%83%A1%E3%83%87%E3%82%A3%E3%82%A2%E3%82%B9%E3%82%BF%E3%82%B8%E3%82%AA+%E4%B8%8B%E9%96%A2%E3%83%96%E3%83%A9%E3%83%B3%E3%83%81/data=!4m7!3m6!1s0x3543bd4f57b59d5b:0x2dfb60251e8d9f68!8m2!3d33.9523447!4d130.9222836!16s%2Fg%2F11vpyxzjk5!19sChIJW521V0-9QzURaJ-NHiVg-y0?authuser=0&hl=ja&rclk=1,下関市,下関市 プロモーション会社
HAJIKEN,https://www.hajiken.net/movie-creator,下関市 東大和町２丁目２−１７ 市営東大和改良住宅,080-4262-1945,https://www.google.com/maps/place/HAJIKEN/data=!4m7!3m6!1s0x3543bd682bb3eb3b:0xf0a5330ca36a68cd!8m2!3d33.9428145!4d130.91984!16s%2Fg%2F11sp92s63q!19sChIJO-uzK2i9QzURzWhqowwzpfA?authuser=0&hl=ja&rclk=1,下関市,下関市 プロモーション会社
コンチャレ,https://conchalle.com/,下関市 川中本町１５−２５,080-1902-0377,https://www.google.com/maps/place/%E3%82%B3%E3%83%B3%E3%83%81%E3%83%A3%E3%83%AC/data=!4m7!3m6!1s0x35439f576bf33097:0x778e45a8a6220fc7!8m2!3d34.0001675!4d130.9310211!16s%2Fg%2F11fwcd567s!19sChIJlzDza1efQzURxw8ipqhFjnc?authuser=0&hl=ja&rclk=1,下関市,下関市 プロモーション会社
株式会社アーチヴェクト,https://archivect.com/,下関市 武久町１丁目１８−２３ 2F,083-249-5485,https://www.google.com/maps/place/%E6%A0%AA%E5%BC%8F%E4%BC%9A%E7%A4%BE%E3%82%A2%E3%83%BC%E3%83%81%E3%83%B4%E3%82%A7%E3%82%AF%E3%83%88/data=!4m7!3m6!1s0x3543bd002ba70099:0x4aa3e84d084a068a!8m2!3d33.9827234!4d130.9254767!16s%2Fg%2F11qg1k7cs6!19sChIJmQCnKwC9QzURigZKCE3oo0o?authuser=0&hl=ja&rclk=1,下関市,下関市 プロモーション会社
株式会社協同サポート 働きたい人を応援する会障害者就労継続支援Ａ型施設,http://9410.co.jp/,丸亀市 土器町北１丁目32番地,0877-21-6215,https://www.google.com/maps/place/%28%E6%A0%AA%29%E5%8D%94%E5%90%8C%E3%82%B5%E3%83%9D%E3%83%BC%E3%83%88+%E5%83%8D%E3%81%8D%E3%81%9F%E3%81%84%E4%BA%BA%E3%82%92%E5%BF%9C%E6%8F%B4%E3%81%99%E3%82%8B%E4%BC%9A%E9%9A%9C%E5%AE%B3%E8%80%85%E5%B0%B1%E5%8A%B4%E7%B6%99%E7%B6%9A%E6%94%AF%E6%8F%B4%EF%BC%A1%E5%9E%8B%E6%96%BD%E8%A8%AD/data=!4m7!3m6!1s0x3553d8bc143e7387:0xcc1e3f2680199070!8m2!3d34.304804!4d133.80424!16s%2Fg%2F11f3r99shw!19sChIJh3M-FLzYUzURcJAZgCY_Hsw?authuser=0&hl=ja&rclk=1,丸亀市,丸亀市 販促支援会社
一般社団法人hito .toco丸亀,https://hitotoco.or.jp/,丸亀市 大手町３丁目５−１８ セントラル丸亀ビル 4階,0877-85-8360,https://www.google.com/maps/place/%E4%B8%80%E8%88%AC%E7%A4%BE%E5%9B%A3%E6%B3%95%E4%BA%BAhito+.toco%E4%B8%B8%E4%BA%80/data=!4m7!3m6!1s0x3553d9a1160bbb53:0x1fdc00e2a706de7f!8m2!3d34.2876525!4d133.7950868!16s%2Fg%2F11y5l2k9y0!19sChIJU7sLFqHZUzURf94Gp-IA3B8?authuser=0&hl=ja&rclk=1,丸亀市,丸亀市 販促支援会社
パワーネット,http://www.zinzai.net/,丸亀市 中府町１丁目１９−１,0877-58-0540,https://www.google.com/maps/place/%E3%83%91%E3%83%AF%E3%83%BC%E3%83%8D%E3%83%83%E3%83%88/data=!4m7!3m6!1s0x3553d876d119dc6f:0x3284478efe01e15b!8m2!3d34.2756222!4d133.7952657!16s%2Fg%2F1tcy6q1j!19sChIJb9wZ0XbYUzURW-EB_o5HhDI?authuser=0&hl=ja&rclk=1,丸亀市,丸亀市 販促支援会社
グループホームSMILE,https://www.compass-mitsuba.com/facility/12098,丸亀市 土器町東４丁目780番地 2階,0877-85-5838,https://www.google.com/maps/place/%E3%82%B0%E3%83%AB%E3%83%BC%E3%83%97%E3%83%9B%E3%83%BC%E3%83%A0SMILE/data=!4m7!3m6!1s0x3553d95112df2cab:0x9f64231810e3c0f1!8m2!3d34.2919671!4d133.8157658!16s%2Fg%2F11m_kqbjzh!19sChIJqyzfElHZUzUR8cDjEBgjZJ8?authuser=0&hl=ja&rclk=1,丸亀市,丸亀市 販促支援会社
株式会社Recovery,https://recovery-marugame.com/,丸亀市 幸町１丁目７−７,0877-43-2380,https://www.google.com/maps/place/%E6%A0%AA%E5%BC%8F%E4%BC%9A%E7%A4%BERecovery/data=!4m7!3m6!1s0x3553d923e5851545:0x34abe19432c499f!8m2!3d34.2879017!4d133.7908818!16s%2Fg%2F11scjpcs9j!19sChIJRRWF5SPZUzURn0ksQxm-SgM?authuser=0&hl=ja&rclk=1,丸亀市,丸亀市 販促支援会社
株式会社ワークスタッフ 丸亀人材採用受付センター,https://navi.ws-gp.com/,丸亀市 金倉町１４３２−３,0877-58-0820,https://www.google.com/maps/place/%E6%A0%AA%E5%BC%8F%E4%BC%9A%E7%A4%BE%E3%83%AF%E3%83%BC%E3%82%AF%E3%82%B9%E3%82%BF%E3%83%83%E3%83%95+%E4%B8%B8%E4%BA%80%E4%BA%BA%E6%9D%90%E6%8E%A1%E7%94%A8%E5%8F%97%E4%BB%98%E3%82%BB%E3%83%B3%E3%82%BF%E3%83%BC/data=!4m7!3m6!1s0x3551639803d1a303:0x9981ea19bc1d4b83!8m2!3d34.2730059!4d133.7835877!16s%2Fg%2F11j02_t79z!19sChIJA6PRA5hjUTURg0sdvBnqgZk?authuser=0&hl=ja&rclk=1,丸亀市,丸亀市 販促支援会社
株式会社ＧＰＭＯ 丸亀事務所,https://gpmo.jp/profile/summary/,丸亀市 飯野町西分５０５−１,0877-85-8203,https://www.google.com/maps/place/%28%E6%A0%AA%29%EF%BC%A7%EF%BC%B0%EF%BC%AD%EF%BC%AF+%E4%B8%B8%E4%BA%80%E4%BA%8B%E5%8B%99%E6%89%80/data=!4m7!3m6!1s0x3553d8e374d96ce9:0xec96de85ff2c5655!8m2!3d34.2848097!4d133.8254838!16s%2Fg%2F11h71tkkn4!19sChIJ6WzZdOPYUzURVVYs_4Xeluw?authuser=0&hl=ja&rclk=1,丸亀市,丸亀市 プロモーション会社
株式会社インペックス,http://impex-co.jp/,丸亀市 葭町２２−１,0877-23-4193,https://www.google.com/maps/place/%28%E6%A0%AA%29%E3%82%A4%E3%83%B3%E3%83%9A%E3%83%83%E3%82%AF%E3%82%B9/data=!4m7!3m6!1s0x3553d8844cbc0813:0x4c0de333eca1bd57!8m2!3d34.2919775!4d133.7979361!16s%2Fg%2F1xg5qhh2!19sChIJEwi8TITYUzURV72h7DPjDUw?authuser=0&hl=ja&rclk=1,丸亀市,丸亀市 プロモーション会社
株式会社スナック,http://snacksnack.jp/,丸亀市 福島町８２ きさらぎハイツ １０１,0877-43-5155,https://www.google.com/maps/place/%28%E6%A0%AA%29%E3%82%B9%E3%83%8A%E3%83%83%E3%82%AF/data=!4m7!3m6!1s0x3553da2b20e813ff:0xaa0a6868337a8634!8m2!3d34.293719!4d133.7928306!16s%2Fg%2F11h6rrwnl6!19sChIJ_xPoICvaUzURNIZ6M2hoCqo?authuser=0&hl=ja&rclk=1,丸亀市,丸亀市 プロモーション会社
セレクトショップ ラムネ,https://coubic.com/ramume/4586432,丸亀市 南条町１−１ 丸亀ビル １階 no.8,,https://www.google.com/maps/place/%E3%82%BB%E3%83%AC%E3%82%AF%E3%83%88%E3%82%B7%E3%83%A7%E3%83%83%E3%83%97+%E3%83%A9%E3%83%A0%E3%83%8D/data=!4m7!3m6!1s0x3553d998ba21cd21:0x64f508f98f9c9b00!8m2!3d34.2900109!4d133.7927417!16s%2Fg%2F11txj_x3q4!19sChIJIc0hupjZUzURAJucj_kI9WQ?authuser=0&hl=ja&rclk=1,丸亀市,丸亀市 プロモーション会社
㈱ティーエフエム,https://tfmwork.com/,丸亀市 本通３丁目６−６４５−４,0877-32-2288,https://www.google.com/maps/place/%E3%88%B1%E3%83%86%E3%82%A3%E3%83%BC%E3%82%A8%E3%83%95%E3%82%A8%E3%83%A0/data=!4m7!3m6!1s0x35517cd770b116b5:0x693e8381d0f5b39!8m2!3d34.2645062!4d133.7497658!16s%2Fg%2F11bccmcgh9!19sChIJtRaxcNd8UTUROVsPHTjokwY?authuser=0&hl=ja&rclk=1,丸亀市,丸亀市 プロモーション会社
サスケ設計工房 今治東 | 就労継続支援A型事業所,https://ss-hd.jp/office/office-imabari_e,今治市 北高下町１丁目３−３５ 1階,0120-063-067,https://www.google.com/maps/place/%E3%82%B5%E3%82%B9%E3%82%B1%E8%A8%AD%E8%A8%88%E5%B7%A5%E6%88%BF+%E4%BB%8A%E6%B2%BB%E6%9D%B1+%7C+%E5%B0%B1%E5%8A%B4%E7%B6%99%E7%B6%9A%E6%94%AF%E6%8F%B4A%E5%9E%8B%E4%BA%8B%E6%A5%AD%E6%89%80/data=!4m7!3m6!1s0x35503bec40bbf8b5:0xebe6277163e816d8!8m2!3d34.0550452!4d133.0142911!16s%2Fg%2F11mlxpfph5!19sChIJtfi7QOw7UDUR2BboY3En5us?authuser=0&hl=ja&rclk=1,今治市,今治市 販促支援会社
特定非営利活動法人続ける力,https://t-mirai.or.jp/,今治市 桜井３丁目９−５,0898-35-4288,https://www.google.com/maps/place/%E7%89%B9%E5%AE%9A%E9%9D%9E%E5%96%B6%E5%88%A9%E6%B4%BB%E5%8B%95%E6%B3%95%E4%BA%BA%E7%B6%9A%E3%81%91%E3%82%8B%E5%8A%9B/data=!4m7!3m6!1s0x35503011bf6212c5:0x9a64cc98b3a29950!8m2!3d34.0206132!4d133.0304224!16s%2Fg%2F1pv1c11h_!19sChIJxRJivxEwUDURUJmis5jMZJo?authuser=0&hl=ja&rclk=1,今治市,今治市 販促支援会社
日本食研スマイルパートナーズ株式会社,https://www.nihonshokken.co.jp/profile.html,今治市 クリエイティブヒルズ2番1,0898-24-1871,https://www.google.com/maps/place/%E6%97%A5%E6%9C%AC%E9%A3%9F%E7%A0%94%E3%82%B9%E3%83%9E%E3%82%A4%E3%83%AB%E3%83%91%E3%83%BC%E3%83%88%E3%83%8A%E3%83%BC%E3%82%BA%E6%A0%AA%E5%BC%8F%E4%BC%9A%E7%A4%BE/data=!4m7!3m6!1s0x35503b3b9d45f7c1:0x21b7c1bd117c5402!8m2!3d34.0496637!4d132.9691386!16s%2Fg%2F11jmc0_j_s!19sChIJwfdFnTs7UDURAlR8Eb3BtyE?authuser=0&hl=ja&rclk=1,今治市,今治市 販促支援会社
就労継続支援B型 職人集団,https://shokunin-shudan.jimdofree.com/,今治市 菊間町浜６５７,0898-35-0260,https://www.google.com/maps/place/%E5%B0%B1%E5%8A%B4%E7%B6%99%E7%B6%9A%E6%94%AF%E6%8F%B4B%E5%9E%8B+%E8%81%B7%E4%BA%BA%E9%9B%86%E5%9B%A3/data=!4m7!3m6!1s0x3550194e57516801:0xc1eea587b9811b50!8m2!3d34.034287!4d132.8395367!16s%2Fg%2F11n0c_t06r!19sChIJAWhRV04ZUDURUBuBuYel7sE?authuser=0&hl=ja&rclk=1,今治市,今治市 販促支援会社
今治市 障害者地域活動支援センターときめき,http://www.imabari-shisetsukyo.or.jp/facilities/lc_tokimeki/outline.htm,今治市 天保山町２丁目２−１,0898-34-3081,https://www.google.com/maps/place/%E4%BB%8A%E6%B2%BB%E5%B8%82+%E9%9A%9C%E5%AE%B3%E8%80%85%E5%9C%B0%E5%9F%9F%E6%B4%BB%E5%8B%95%E6%94%AF%E6%8F%B4%E3%82%BB%E3%83%B3%E3%82%BF%E3%83%BC%E3%81%A8%E3%81%8D%E3%82%81%E3%81%8D/data=!4m7!3m6!1s0x35503a720113174d:0x730d61a7bf06411e!8m2!3d34.0673491!4d133.0099648!16s%2Fg%2F1tdgs65q!19sChIJTRcTAXI6UDURHkEGv6dhDXM?authuser=0&hl=ja&rclk=1,今治市,今治市 販促支援会社
社会福祉法人来島会 就労継続支援A型事業所ステップ,https://www.kurushimakai.jp/facility/step.html,今治市 玉川町別所３２−１,0898-55-3355,https://www.google.com/maps/place/%E7%A4%BE%E4%BC%9A%E7%A6%8F%E7%A5%89%E6%B3%95%E4%BA%BA%E6%9D%A5%E5%B3%B6%E4%BC%9A+%E5%B0%B1%E5%8A%B4%E7%B6%99%E7%B6%9A%E6%94%AF%E6%8F%B4A%E5%9E%8B%E4%BA%8B%E6%A5%AD%E6%89%80%E3%82%B9%E3%83%86%E3%83%83%E3%83%97/data=!4m7!3m6!1s0x355025d876df8a65:0x41c7df72f272a034!8m2!3d34.0315381!4d132.9712637!16s%2Fg%2F11j7y_klhp!19sChIJZYrfdtglUDURNKBy8nLfx0E?authuser=0&hl=ja&rclk=1,今治市,今治市 販促支援会社
株式会社四国ライト,https://s-right.com/,今治市 延喜 甲840番地1,0898-31-8851,https://www.google.com/maps/place/%EF%BC%88%E6%A0%AA%EF%BC%89%E5%9B%9B%E5%9B%BD%E3%83%A9%E3%82%A4%E3%83%88/data=!4m7!3m6!1s0x35503b6dd3da64e9:0x4779c29aa41ec04c!8m2!3d34.0654364!4d132.9567357!16s%2Fg%2F1tfrk49v!19sChIJ6WTa0207UDURTMAepJrCeUc?authuser=0&hl=ja&rclk=1,今治市,今治市 販促支援会社
多機能型事業所パドル,http://sign.flips.jp/,今治市 八町東６丁目４−２２,0898-48-5200,https://www.google.com/maps/place/%E5%A4%9A%E6%A9%9F%E8%83%BD%E5%9E%8B%E4%BA%8B%E6%A5%AD%E6%89%80%E3%83%91%E3%83%89%E3%83%AB/data=!4m7!3m6!1s0x35503abecf64225b:0x86dc47abc0433d8b!8m2!3d34.0342289!4d133.0032924!16s%2Fg%2F11b63839zg!19sChIJWyJkz746UDURiz1DwKtH3IY?authuser=0&hl=ja&rclk=1,今治市,今治市 販促支援会社
有限会社サウンドプロモーション,http://www.sound-pro.jp/,今治市 東門町１丁目１−３,0898-23-5805,https://www.google.com/maps/place/%EF%BC%88%E6%9C%89%EF%BC%89%E3%82%B5%E3%82%A6%E3%83%B3%E3%83%89%E3%83%97%E3%83%AD%E3%83%A2%E3%83%BC%E3%82%B7%E3%83%A7%E3%83%B3/data=!4m7!3m6!1s0x35503a71deec9e1b:0xc142b58e81d8e3bc!8m2!3d34.065824!4d133.009983!16s%2Fg%2F1tdw18kw!19sChIJG57s3nE6UDURvOPYgY61QsE?authuser=0&hl=ja&rclk=1,今治市,今治市 プロモーション会社
ビデオプロ特機株式会社,https://videopro.jp/,今治市 別名１９６−５,0898-31-2575,https://www.google.com/maps/place/%E3%83%93%E3%83%87%E3%82%AA%E3%83%97%E3%83%AD%E7%89%B9%E6%A9%9F%EF%BC%88%E6%A0%AA%EF%BC%89/data=!4m7!3m6!1s0x35503b26f65ae4f9:0xc088cf2f51935ccf!8m2!3d34.0427095!4d132.9773405!16s%2Fg%2F1thxt0g9!19sChIJ-eRa9iY7UDURz1yTUS_PiMA?authuser=0&hl=ja&rclk=1,今治市,今治市 プロモーション会社
映像制作 株式会社MANIAC SHOOTING JAPAN,https://gogomsj.com/,今治市 中寺1060番地3 高木第七ビル 503,070-8467-3588,https://www.google.com/maps/place/%E6%98%A0%E5%83%8F%E5%88%B6%E4%BD%9C+%EF%BC%88%E6%A0%AA%EF%BC%89MANIAC+SHOOTING+JAPAN/data=!4m7!3m6!1s0x35503bbabb5bd027:0x5597e9a2e75c1495!8m2!3d34.0417049!4d132.9826767!16s%2Fg%2F11s3fjk6f5!19sChIJJ9Bbu7o7UDURlRRc56Lpl1U?authuser=0&hl=ja&rclk=1,今治市,今治市 プロモーション会社
株式会社テイクワン,http://www.e-takeone.com/,今治市 共栄町２丁目２−２０,0898-24-2020,https://www.google.com/maps/place/%28%E6%A0%AA%29%E3%83%86%E3%82%A4%E3%82%AF%E3%83%AF%E3%83%B3/data=!4m7!3m6!1s0x35503a42a2631fc3:0xf820354696a4066a!8m2!3d34.068231!4d132.999635!16s%2Fg%2F1tgnjwsw!19sChIJwx9jokI6UDURagaklkY1IPg?authuser=0&hl=ja&rclk=1,今治市,今治市 プロモーション会社
トモケンチクコウボウ,https://www.tomo-kenchikukoubou.com/,今治市 郷本町３丁目３−６,0898-25-8751,https://www.google.com/maps/place/%E3%83%88%E3%83%A2%E3%82%B1%E3%83%B3%E3%83%81%E3%82%AF%E3%82%B3%E3%82%A6%E3%83%9C%E3%82%A6/data=!4m7!3m6!1s0x35503b7a34754963:0x73f05eae3c97a4bd!8m2!3d34.0463909!4d132.9920028!16s%2Fg%2F11rk02dqhq!19sChIJY0l1NHo7UDURvaSXPK5e8HM?authuser=0&hl=ja&rclk=1,今治市,今治市 プロモーション会社
みなと交流センター（はーばりー）,http://www.city.imabari.ehime.jp/kouwan/habari/,今治市 片原町１丁目１−２７,0898-36-1545,https://www.google.com/maps/place/%E3%81%BF%E3%81%AA%E3%81%A8%E4%BA%A4%E6%B5%81%E3%82%BB%E3%83%B3%E3%82%BF%E3%83%BC%EF%BC%88%E3%81%AF%E3%83%BC%E3%81%B0%E3%82%8A%E3%83%BC%EF%BC%89/data=!4m7!3m6!1s0x35503a6c00c39b85:0x4af8ffc76f19d2d8!8m2!3d34.0697754!4d133.0050946!16s%2Fg%2F11bzq37wgt!19sChIJhZvDAGw6UDUR2NIZb8f_-Eo?authuser=0&hl=ja&rclk=1,今治市,今治市 プロモーション会社
就労継続支援A型事業所｜ドリカムサポート飯塚,http://drecome-s.net/,飯塚市 本町７ 2F,0948-43-3313,https://www.google.com/maps/place/%E5%B0%B1%E5%8A%B4%E7%B6%99%E7%B6%9A%E6%94%AF%E6%8F%B4A%E5%9E%8B%E4%BA%8B%E6%A5%AD%E6%89%80%EF%BD%9C%E3%83%89%E3%83%AA%E3%82%AB%E3%83%A0%E3%82%B5%E3%83%9D%E3%83%BC%E3%83%88%E9%A3%AF%E5%A1%9A/data=!4m7!3m6!1s0x35417e30bd020c19:0x3207040381c3a5b9!8m2!3d33.6403804!4d130.6846666!16s%2Fg%2F11c0w142dp!19sChIJGQwCvTB-QTURuaXDgQMEBzI?authuser=0&hl=ja&rclk=1,飯塚市,飯塚市 販促支援会社
就労継続支援B型グッドアビリティ,https://www.abiplus.jp/,飯塚市 堀池１５３−７,0948-22-8801,https://www.google.com/maps/place/%E5%B0%B1%E5%8A%B4%E7%B6%99%E7%B6%9A%E6%94%AF%E6%8F%B4B%E5%9E%8B%E3%82%B0%E3%83%83%E3%83%89%E3%82%A2%E3%83%93%E3%83%AA%E3%83%86%E3%82%A3/data=!4m7!3m6!1s0x35417f40d2284c7f:0x73eff06a2fd3af65!8m2!3d33.6286715!4d130.6831721!16s%2Fg%2F11rr3mccjd!19sChIJf0wo0kB_QTURZa_TL2rw73M?authuser=0&hl=ja&rclk=1,飯塚市,飯塚市 販促支援会社
NPO法人嘉飯山ネットBASARA,http://basara-net.jp/,飯塚市 吉原町６−１,0948-23-5560,https://www.google.com/maps/place/NPO%E6%B3%95%E4%BA%BA%E5%98%89%E9%A3%AF%E5%B1%B1%E3%83%8D%E3%83%83%E3%83%88BASARA/data=!4m7!3m6!1s0x35417e3a922df235:0xb33a020dea2fd721!8m2!3d33.641744!4d130.686434!16s%2Fg%2F11btrry_y3!19sChIJNfItkjp-QTURIdcv6g0COrM?authuser=0&hl=ja&rclk=1,飯塚市,飯塚市 販促支援会社
就労継続支援B型 輝き,https://katkmut-maker.github.io/kokoronohikari/,飯塚市 立岩１０７７−１６８,090-9475-8566,https://www.google.com/maps/place/%E5%B0%B1%E5%8A%B4%E7%B6%99%E7%B6%9A%E6%94%AF%E6%8F%B4B%E5%9E%8B+%E8%BC%9D%E3%81%8D/data=!4m7!3m6!1s0x3543d596baf40c97:0xa0fccca5b22fa4d8!8m2!3d33.6486163!4d130.7055611!16s%2Fg%2F11yqg04y62!19sChIJlwz0upbVQzUR2KQvsqXM_KA?authuser=0&hl=ja&rclk=1,飯塚市,飯塚市 販促支援会社
株式会社 A-POST,https://www.a-post.jp/,飯塚市 佐與１７０１−５,0948-96-8066,https://www.google.com/maps/place/%E6%A0%AA%E5%BC%8F%E4%BC%9A%E7%A4%BE+A-POST/data=!4m7!3m6!1s0x3543d6784a76620d:0x978ecdea8ac66a56!8m2!3d33.6692421!4d130.7181502!16s%2Fg%2F1tl8hhwd!19sChIJDWJ2SnjWQzURVmrGiurNjpc?authuser=0&hl=ja&rclk=1,飯塚市,飯塚市 販促支援会社
公益財団法人飯塚研究開発機構,https://www.cird.or.jp/,飯塚市 川津680番地４１,0948-21-1150,https://www.google.com/maps/place/%E5%85%AC%E7%9B%8A%E8%B2%A1%E5%9B%A3%E6%B3%95%E4%BA%BA%E9%A3%AF%E5%A1%9A%E7%A0%94%E7%A9%B6%E9%96%8B%E7%99%BA%E6%A9%9F%E6%A7%8B/data=!4m7!3m6!1s0x3543b8bb1d04b20f:0xe7b11509f134455f!8m2!3d33.6508075!4d130.6711641!16s%2Fg%2F11f31dsj55!19sChIJD7IEHbu4QzURX0U08QkVsec?authuser=0&hl=ja&rclk=1,飯塚市,飯塚市 販促支援会社
良創夢 発達支援ルーム らいく穂波店,https://raiku-yume.jp/,飯塚市 弁分15番地11,0948-43-8507,https://www.google.com/maps/place/%E8%89%AF%E5%89%B5%E5%A4%A2+%E7%99%BA%E9%81%94%E6%94%AF%E6%8F%B4%E3%83%AB%E3%83%BC%E3%83%A0+%E3%82%89%E3%81%84%E3%81%8F%E7%A9%82%E6%B3%A2%E5%BA%97/data=!4m7!3m6!1s0x35417fd8d9e15e63:0x5db0c2754dccd5ca!8m2!3d33.6219465!4d130.6691347!16s%2Fg%2F11ywc2qq1s!19sChIJY17h2dh_QTURytXMTXXCsF0?authuser=0&hl=ja&rclk=1,飯塚市,飯塚市 販促支援会社
オフィスファイン,http://office-fine.net/,飯塚市 川津４５４−９,0948-26-0067,https://www.google.com/maps/place/%E3%82%AA%E3%83%95%E3%82%A3%E3%82%B9%E3%83%95%E3%82%A1%E3%82%A4%E3%83%B3/data=!4m7!3m6!1s0x35417fcd7fc04e41:0xcb12fa95d009374d!8m2!3d33.64867!4d130.6728132!16s%2Fg%2F1vc_n3mg!19sChIJQU7Af81_QTURTTcJ0JX6Ess?authuser=0&hl=ja&rclk=1,飯塚市,飯塚市 販促支援会社
株式会社翔栄プロダクション,https://shoei.pro/,飯塚市 川津６８０−４１ 353号室 福岡県立飯塚研究開発センタ,0948-43-9260,https://www.google.com/maps/place/%E6%A0%AA%E5%BC%8F%E4%BC%9A%E7%A4%BE%E7%BF%94%E6%A0%84%E3%83%97%E3%83%AD%E3%83%80%E3%82%AF%E3%82%B7%E3%83%A7%E3%83%B3/data=!4m7!3m6!1s0x35417f033e5e5505:0xa8bb09d7420ae800!8m2!3d33.6508603!4d130.6713551!16s%2Fg%2F11h8c42t4w!19sChIJBVVePgN_QTURAOgKQtcJu6g?authuser=0&hl=ja&rclk=1,飯塚市,飯塚市 プロモーション会社
株式会社トーン,https://tonegraphics.jp/,飯塚市 忠隈７１−４ NERO BOTANICA,0948-26-4777,https://www.google.com/maps/place/%E6%A0%AA%E5%BC%8F%E4%BC%9A%E7%A4%BE%E3%83%88%E3%83%BC%E3%83%B3/data=!4m7!3m6!1s0x35417e44d107dfe3:0x33b48c813aff25f2!8m2!3d33.6240504!4d130.6888121!16s%2Fg%2F1hhh4gzr5!19sChIJ498H0UR-QTUR8iX_OoGMtDM?authuser=0&hl=ja&rclk=1,飯塚市,飯塚市 プロモーション会社
有限会社コンサルティングオフィス,http://ag-consulting-office.com/,飯塚市 中３２６−３,0948-22-7081,https://www.google.com/maps/place/%E6%9C%89%E9%99%90%E4%BC%9A%E7%A4%BE%E3%82%B3%E3%83%B3%E3%82%B5%E3%83%AB%E3%83%86%E3%82%A3%E3%83%B3%E3%82%B0%E3%82%AA%E3%83%95%E3%82%A3%E3%82%B9/data=!4m7!3m6!1s0x3543d59bcc295555:0x2ee4ec29aabc5f3e!8m2!3d33.6674522!4d130.682584!16s%2Fg%2F11s3c9yxd0!19sChIJVVUpzJvVQzURPl-8qins5C4?authuser=0&hl=ja&rclk=1,飯塚市,飯塚市 プロモーション会社
筑豊印刷株式会社,http://chikuin.com/,飯塚市 新飯塚２４−３５,0948-22-0911,https://www.google.com/maps/place/%E7%AD%91%E8%B1%8A%E5%8D%B0%E5%88%B7%E6%A0%AA%E5%BC%8F%E4%BC%9A%E7%A4%BE/data=!4m7!3m6!1s0x35417e24e96eefdb:0x8beb69bc12daf7cc!8m2!3d33.6437135!4d130.6888824!16s%2Fg%2F1tg_77s6!19sChIJ2-9u6SR-QTURzPfaErxp64s?authuser=0&hl=ja&rclk=1,飯塚市,飯塚市 プロモーション会社
株式会社つむぎラボ,https://tsumugi-lab.co.jp/,佐世保市 大和町８３６−２,0956-56-7270,https://www.google.com/maps/place/%E6%A0%AA%E5%BC%8F%E4%BC%9A%E7%A4%BE%E3%81%A4%E3%82%80%E3%81%8E%E3%83%A9%E3%83%9C/data=!4m7!3m6!1s0x356a956b509436ab:0x3af020e6bc24ea16!8m2!3d33.1595051!4d129.7488228!16s%2Fg%2F11jgr5rjk6!19sChIJqzaUUGuVajURFuokvOYg8Do?authuser=0&hl=ja&rclk=1,佐世保市,佐世保市 販促支援会社
求人のってる（佐世保の求人広告会社）,https://www.kyuzin-notteru.com/,佐世保市 早岐１丁目１６−１７,070-2332-6515,https://www.google.com/maps/place/%E6%B1%82%E4%BA%BA%E3%81%AE%E3%81%A3%E3%81%A6%E3%82%8B%EF%BC%88%E4%BD%90%E4%B8%96%E4%BF%9D%E3%81%AE%E6%B1%82%E4%BA%BA%E5%BA%83%E5%91%8A%E4%BC%9A%E7%A4%BE%EF%BC%89/data=!4m7!3m6!1s0x356a97aa77f39073:0x79bbfff9790b4097!8m2!3d33.1324451!4d129.7986072!16s%2Fg%2F11y65s8sn8!19sChIJc5Dzd6qXajURl0ALefn_u3k?authuser=0&hl=ja&rclk=1,佐世保市,佐世保市 販促支援会社
株式会社 CORE,https://core-sasebo.com/,佐世保市 山祇町１９−５,0956-76-9839,https://www.google.com/maps/place/%E6%A0%AA%E5%BC%8F%E4%BC%9A%E7%A4%BE+CORE/data=!4m7!3m6!1s0x356a9427fb43ada5:0x18d307a7f8edeae2!8m2!3d33.1674585!4d129.7338253!16s%2Fg%2F11gfd73g6s!19sChIJpa1D-yeUajUR4urt-KcH0xg?authuser=0&hl=ja&rclk=1,佐世保市,佐世保市 販促支援会社
VSIDE (佐世保市産業支援センター),https://vside.jp/,佐世保市 松浦町５−１,0956-24-6051,https://www.google.com/maps/place/VSIDE+%28%E4%BD%90%E4%B8%96%E4%BF%9D%E5%B8%82%E7%94%A3%E6%A5%AD%E6%94%AF%E6%8F%B4%E3%82%BB%E3%83%B3%E3%82%BF%E3%83%BC%29/data=!4m7!3m6!1s0x356a9439c3722991:0xc71af17b10af8c1c!8m2!3d33.1740776!4d129.717324!16s%2Fg%2F11g6yggnj8!19sChIJkSlywzmUajURHIyvEHvxGsc?authuser=0&hl=ja&rclk=1,佐世保市,佐世保市 販促支援会社
障がい者就労支援事業所ホットライフ(就労移行支援･就労継続支援B型)佐世保市,https://isial.net/,佐世保市 大黒町１１−２４,0956-56-3000,https://www.google.com/maps/place/%E9%9A%9C%E3%81%8C%E3%81%84%E8%80%85%E5%B0%B1%E5%8A%B4%E6%94%AF%E6%8F%B4%E4%BA%8B%E6%A5%AD%E6%89%80%E3%83%9B%E3%83%83%E3%83%88%E3%83%A9%E3%82%A4%E3%83%95%28%E5%B0%B1%E5%8A%B4%E7%A7%BB%E8%A1%8C%E6%94%AF%E6%8F%B4%EF%BD%A5%E5%B0%B1%E5%8A%B4%E7%B6%99%E7%B6%9A%E6%94%AF%E6%8F%B4B%E5%9E%8B%29%E4%BD%90%E4%B8%96%E4%BF%9D%E5%B8%82/data=!4m7!3m6!1s0x356a9566c8dd902b:0x2afa3f45d0f55bb7!8m2!3d33.1550927!4d129.7328108!16s%2Fg%2F11gk8y5tq0!19sChIJK5DdyGaVajURt1v10EU_-io?authuser=0&hl=ja&rclk=1,佐世保市,佐世保市 販促支援会社
パーソルビジネスプロセスデザイン株式会社（佐世保第1アウトソーシングセンター）,https://www.persol-bd.co.jp/,佐世保市 常盤町５−３ ラクロスビルディング BLDG 3F.5F.6F,0956-22-1311,https://www.google.com/maps/place/%E3%83%91%E3%83%BC%E3%82%BD%E3%83%AB%E3%83%93%E3%82%B8%E3%83%8D%E3%82%B9%E3%83%97%E3%83%AD%E3%82%BB%E3%82%B9%E3%83%87%E3%82%B6%E3%82%A4%E3%83%B3%E6%A0%AA%E5%BC%8F%E4%BC%9A%E7%A4%BE%EF%BC%88%E4%BD%90%E4%B8%96%E4%BF%9D%E7%AC%AC1%E3%82%A2%E3%82%A6%E3%83%88%E3%82%BD%E3%83%BC%E3%82%B7%E3%83%B3%E3%82%B0%E3%82%BB%E3%83%B3%E3%82%BF%E3%83%BC%EF%BC%89/data=!4m7!3m6!1s0x356a95089475f6a5:0xd8ec712ff7cf43df!8m2!3d33.1739786!4d129.719464!16s%2Fg%2F11rb0kr8w2!19sChIJpfZ1lAiVajUR30PP9y9x7Ng?authuser=0&hl=ja&rclk=1,佐世保市,佐世保市 販促支援会社
株式会社LITALCO 佐世保オフィス,http://www.fukushisoft.co.jp/,佐世保市 万徳町１−２０,0956-56-7299,https://www.google.com/maps/place/%28%E6%A0%AA%29LITALCO+%E4%BD%90%E4%B8%96%E4%BF%9D%E3%82%AA%E3%83%95%E3%82%A3%E3%82%B9/data=!4m7!3m6!1s0x356a943f0ac07985:0x23746e55be3389c!8m2!3d33.1812229!4d129.7152836!16s%2Fg%2F11d_w11l25!19sChIJhXnACj-UajURnDjjW-VGNwI?authuser=0&hl=ja&rclk=1,佐世保市,佐世保市 販促支援会社
エンポート障害福祉サービス事業所(就労継続支援A型･B型),https://www.emport.co.jp/,佐世保市 相生町２−３５,0956-37-6780,https://www.google.com/maps/place/%E3%82%A8%E3%83%B3%E3%83%9D%E3%83%BC%E3%83%88%E9%9A%9C%E5%AE%B3%E7%A6%8F%E7%A5%89%E3%82%B5%E3%83%BC%E3%83%93%E3%82%B9%E4%BA%8B%E6%A5%AD%E6%89%80%28%E5%B0%B1%E5%8A%B4%E7%B6%99%E7%B6%9A%E6%94%AF%E6%8F%B4A%E5%9E%8B%EF%BD%A5B%E5%9E%8B%29/data=!4m7!3m6!1s0x356a959bf861cdc5:0xfcf3e6e518eeca86!8m2!3d33.1763881!4d129.7165274!16s%2Fg%2F11kfh6mt13!19sChIJxc1h-JuVajURhsruGOXm8_w?authuser=0&hl=ja&rclk=1,佐世保市,佐世保市 販促支援会社
有限会社プロモップ,https://www.ekiten.jp/shop_3936418/,佐世保市 高梨町１２３,0956-55-3113,https://www.google.com/maps/place/%E6%9C%89%E9%99%90%E4%BC%9A%E7%A4%BE%E3%83%97%E3%83%AD%E3%83%A2%E3%83%83%E3%83%97/data=!4m7!3m6!1s0xaa46529ed0168f81:0xc6c24f30e09f1836!8m2!3d33.1799762!4d129.7325058!16s%2Fg%2F11xm08j3_y!19sChIJgY8W0J5SRqoRNhif4DBPwsY?authuser=0&hl=ja&rclk=1,佐世保市,佐世保市 プロモーション会社
有限会社ステップ,http://www.eventstep.com/,佐世保市 福田町６−１５,0956-42-5385,https://www.google.com/maps/place/%28%E6%9C%89%29%E3%82%B9%E3%83%86%E3%83%83%E3%83%97/data=!4m7!3m6!1s0x356a9440840e8855:0xa28ed8c615943ba3!8m2!3d33.181627!4d129.713366!16s%2Fg%2F1tql2nxz!19sChIJVYgOhECUajURozuUFcbYjqI?authuser=0&hl=ja&rclk=1,佐世保市,佐世保市 プロモーション会社
スターライトプロダクション,https://stl-n.com/,佐世保市 干尽町２４,0956-76-9090,https://www.google.com/maps/place/%E3%82%B9%E3%82%BF%E3%83%BC%E3%83%A9%E3%82%A4%E3%83%88%E3%83%97%E3%83%AD%E3%83%80%E3%82%AF%E3%82%B7%E3%83%A7%E3%83%B3/data=!4m7!3m6!1s0x356a95204f887c07:0x57dafb082eee9bd0!8m2!3d33.1536214!4d129.7234721!16s%2Fg%2F11pls_zvbb!19sChIJB3yITyCVajUR0JvuLgj72lc?authuser=0&hl=ja&rclk=1,佐世保市,佐世保市 プロモーション会社
株式会社NSNプランニング,http://nsn-planning.com/,佐世保市 権常寺町２８８−２,0956-55-7721,https://www.google.com/maps/place/%28%E6%A0%AA%29NSN%E3%83%97%E3%83%A9%E3%83%B3%E3%83%8B%E3%83%B3%E3%82%B0/data=!4m7!3m6!1s0x356a977b022ac901:0x74a8005480c88d9a!8m2!3d33.1363052!4d129.8091862!16s%2Fg%2F11f60zhcxr!19sChIJAckqAnuXajURmo3IgFQAqHQ?authuser=0&hl=ja&rclk=1,佐世保市,佐世保市 プロモーション会社
ティーズ・アート株式会社,https://teesart.com/,佐世保市 田原町１−１,0956-42-9855,https://www.google.com/maps/place/%E3%83%86%E3%82%A3%E3%83%BC%E3%82%BA%E3%83%BB%E3%82%A2%E3%83%BC%E3%83%88%E6%A0%AA%E5%BC%8F%E4%BC%9A%E7%A4%BE/data=!4m7!3m6!1s0x356a93e5265c1e4d:0x387da415096c3ca6!8m2!3d33.2085076!4d129.7263805!16s%2Fg%2F11btrq_qfm!19sChIJTR5cJuWTajURpjxsCRWkfTg?authuser=0&hl=ja&rclk=1,佐世保市,佐世保市 プロモーション会社
まちなか生活研究所,https://www.sirasagi-care.co.jp/company/machiken/,八代市 本町２丁目３−３８,,https://www.google.com/maps/place/%E3%81%BE%E3%81%A1%E3%81%AA%E3%81%8B%E7%94%9F%E6%B4%BB%E7%A0%94%E7%A9%B6%E6%89%80/data=!4m7!3m6!1s0x35407fa0241b23b7:0xfe01e5a32dfc7bb1!8m2!3d32.5044485!4d130.5997184!16s%2Fg%2F11rtcnlkw1!19sChIJtyMbJKB_QDURsXv8LaPlAf4?authuser=0&hl=ja&rclk=1,八代市,八代市 販促支援会社
エイジス九州株式会社 八代オフィス,https://www.ajisk.co.jp/,八代市 田中東町１７−１０ １Ｆ,0965-30-0560,https://www.google.com/maps/place/%E3%82%A8%E3%82%A4%E3%82%B8%E3%82%B9%E4%B9%9D%E5%B7%9E%E6%A0%AA%E5%BC%8F%E4%BC%9A%E7%A4%BE+%E5%85%AB%E4%BB%A3%E3%82%AA%E3%83%95%E3%82%A3%E3%82%B9/data=!4m7!3m6!1s0x35407e4d3950c8e9:0xd5a10c61c84836f5!8m2!3d32.5205136!4d130.6058283!16s%2Fg%2F11b5pj2myv!19sChIJ6chQOU1-QDUR9TZIyGEModU?authuser=0&hl=ja&rclk=1,八代市,八代市 販促支援会社
熊本県南部就業・生活支援センター結,http://www.fwp.or.jp/company/facility.html,八代市 萩原町２丁目７−２,0965-35-3313,https://www.google.com/maps/place/%E7%86%8A%E6%9C%AC%E7%9C%8C%E5%8D%97%E9%83%A8%E5%B0%B1%E6%A5%AD%E3%83%BB%E7%94%9F%E6%B4%BB%E6%94%AF%E6%8F%B4%E3%82%BB%E3%83%B3%E3%82%BF%E3%83%BC%E7%B5%90/data=!4m7!3m6!1s0x35407f383db8dab1:0x1af234e1e6fe175c!8m2!3d32.5036828!4d130.6193932!16s%2Fg%2F11vf9hlhfl!19sChIJsdq4PTh_QDURXBf-5uE08ho?authuser=0&hl=ja&rclk=1,八代市,八代市 販促支援会社
若者サポートステーションやつしろ,https://www.saposute-yatushiro.com/,八代市 大手町２丁目１−１３,0965-37-8739,https://www.google.com/maps/place/%E8%8B%A5%E8%80%85%E3%82%B5%E3%83%9D%E3%83%BC%E3%83%88%E3%82%B9%E3%83%86%E3%83%BC%E3%82%B7%E3%83%A7%E3%83%B3%E3%82%84%E3%81%A4%E3%81%97%E3%82%8D/data=!4m7!3m6!1s0x35407fb78592badf:0xdc26780008c53837!8m2!3d32.5079975!4d130.6124275!16s%2Fg%2F11gbx8q1b_!19sChIJ37qShbd_QDURNzjFCAB4Jtw?authuser=0&hl=ja&rclk=1,八代市,八代市 販促支援会社
株式会社コア・プログレスイノベーション,https://cp-innovation.co.jp/,八代市 上日置町４７９１−１,050-1568-6841,https://www.google.com/maps/place/%E6%A0%AA%E5%BC%8F%E4%BC%9A%E7%A4%BE%E3%82%B3%E3%82%A2%E3%83%BB%E3%83%97%E3%83%AD%E3%82%B0%E3%83%AC%E3%82%B9%E3%82%A4%E3%83%8E%E3%83%99%E3%83%BC%E3%82%B7%E3%83%A7%E3%83%B3/data=!4m7!3m6!1s0x35407f8dbaf4ad35:0x71f16639bb6f7920!8m2!3d32.5192037!4d130.6354603!16s%2Fg%2F11g4dfrrkk!19sChIJNa30uo1_QDURIHlvuzlm8XE?authuser=0&hl=ja&rclk=1,八代市,八代市 プロモーション会社
メディア株式会社,http://www.media-kk.co.jp/,八代市 西松江城町１１−２７,0965-33-4837,https://www.google.com/maps/place/%E3%83%A1%E3%83%87%E3%82%A3%E3%82%A2%E6%A0%AA%E5%BC%8F%E4%BC%9A%E7%A4%BE/data=!4m7!3m6!1s0x35407fa091e6904d:0x5a874beabf4510b8!8m2!3d32.507951!4d130.594946!16s%2Fg%2F1td_wc40!19sChIJTZDmkaB_QDURuBBFv-pLh1o?authuser=0&hl=ja&rclk=1,八代市,八代市 プロモーション会社
株式会社ティミッション,http://tmission.site/,八代市 西宮町１４９０−２,,https://www.google.com/maps/place/%E6%A0%AA%E5%BC%8F%E4%BC%9A%E7%A4%BE%E3%83%86%E3%82%A3%E3%83%9F%E3%83%83%E3%82%B7%E3%83%A7%E3%83%B3/data=!4m7!3m6!1s0x3540807f12bf95bd:0x2fd66f6dd5446dba!8m2!3d32.5048832!4d130.6359541!16s%2Fg%2F11tcl58q4_!19sChIJvZW_En-AQDURum1E1W1v1i8?authuser=0&hl=ja&rclk=1,八代市,八代市 プロモーション会社
障害者就労継続支援B型事業所 スバル（SIC合同会社）,https://sic-subaru.com/,別府市 石垣西３丁目２−５ 丸栄ビル 1階,0977-76-8930,https://www.google.com/maps/place/%E9%9A%9C%E5%AE%B3%E8%80%85%E5%B0%B1%E5%8A%B4%E7%B6%99%E7%B6%9A%E6%94%AF%E6%8F%B4B%E5%9E%8B%E4%BA%8B%E6%A5%AD%E6%89%80+%E3%82%B9%E3%83%90%E3%83%AB%EF%BC%88SIC%E5%90%88%E5%90%8C%E4%BC%9A%E7%A4%BE%EF%BC%89/data=!4m7!3m6!1s0x3546a7848712ba09:0xc339c0127a95cd27!8m2!3d33.2922469!4d131.4940609!16s%2Fg%2F11fhts7999!19sChIJCboSh4SnRjURJ82VehLAOcM?authuser=0&hl=ja&rclk=1,別府市,別府市 販促支援会社
株式会社みんなの絆（自立訓練（生活訓練）・就労移行・就労継続支援B型）,http://minnano-k.jp/,別府市 実相寺２４−１−７,0977-76-5671,https://www.google.com/maps/place/%E6%A0%AA%E5%BC%8F%E4%BC%9A%E7%A4%BE%E3%81%BF%E3%82%93%E3%81%AA%E3%81%AE%E7%B5%86%EF%BC%88%E8%87%AA%E7%AB%8B%E8%A8%93%E7%B7%B4%EF%BC%88%E7%94%9F%E6%B4%BB%E8%A8%93%E7%B7%B4%EF%BC%89%E3%83%BB%E5%B0%B1%E5%8A%B4%E7%A7%BB%E8%A1%8C%E3%83%BB%E5%B0%B1%E5%8A%B4%E7%B6%99%E7%B6%9A%E6%94%AF%E6%8F%B4B%E5%9E%8B%EF%BC%89/data=!4m7!3m6!1s0x3546a70e7355862f:0x4cad589e30ad6ce4!8m2!3d33.3083553!4d131.4865855!16s%2Fg%2F11fb0jp4mv!19sChIJL4ZVcw6nRjUR5GytMJ5YrUw?authuser=0&hl=ja&rclk=1,別府市,別府市 販促支援会社
I.win（就労継続支援B型）,http://i-win.jp/,別府市 若草町９−９,0977-25-1294,https://www.google.com/maps/place/I.win%EF%BC%88%E5%B0%B1%E5%8A%B4%E7%B6%99%E7%B6%9A%E6%94%AF%E6%8F%B4B%E5%9E%8B%EF%BC%89/data=!4m7!3m6!1s0x3546a721b48eca59:0xe29110579d280e02!8m2!3d33.2902703!4d131.5027883!16s%2Fg%2F11bwbwknyp!19sChIJWcqOtCGnRjURAg4onVcQkeI?authuser=0&hl=ja&rclk=1,別府市,別府市 販促支援会社
(一社)別府市産業連携·協働プラットフォーム B-biz LINK(ビービズ リンク),https://www.b-bizlink.or.jp/,別府市 末広町１−３ レンガホール 2階,0977-77-4513,https://www.google.com/maps/place/%28%E4%B8%80%E7%A4%BE%29%E5%88%A5%E5%BA%9C%E5%B8%82%E7%94%A3%E6%A5%AD%E9%80%A3%E6%90%BA%C2%B7%E5%8D%94%E5%83%8D%E3%83%97%E3%83%A9%E3%83%83%E3%83%88%E3%83%95%E3%82%A9%E3%83%BC%E3%83%A0+B-biz+LINK%28%E3%83%93%E3%83%BC%E3%83%93%E3%82%BA+%E3%83%AA%E3%83%B3%E3%82%AF%29/data=!4m7!3m6!1s0x3546a77403291623:0x509b72483aa50187!8m2!3d33.2744342!4d131.5029229!16s%2Fg%2F11ghdpxdql!19sChIJIxYpA3SnRjURhwGlOkhym1A?authuser=0&hl=ja&rclk=1,別府市,別府市 販促支援会社
合同会社Keytail 就労継続支援Ｂ型かぎしっぽ,https://keytail222.com/,別府市 北浜３丁目１１−２５,0977-73-7222,https://www.google.com/maps/place/%E5%90%88%E5%90%8C%E4%BC%9A%E7%A4%BEKeytail+%E5%B0%B1%E5%8A%B4%E7%B6%99%E7%B6%9A%E6%94%AF%E6%8F%B4%EF%BC%A2%E5%9E%8B%E3%81%8B%E3%81%8E%E3%81%97%E3%81%A3%E3%81%BD/data=!4m7!3m6!1s0x3546a740b860b731:0xf097646b803d79cc!8m2!3d33.2813594!4d131.5064945!16s%2Fg%2F11pw6jh2sq!19sChIJMbdguECnRjURzHk9gGtkl_A?authuser=0&hl=ja&rclk=1,別府市,別府市 販促支援会社
株式会社 リフライ,http://refly.co.jp/,別府市 野口中町１６−番 12号 さつきビル 2階,0977-75-9621,https://www.google.com/maps/place/%E6%A0%AA%E5%BC%8F%E4%BC%9A%E7%A4%BE+%E3%83%AA%E3%83%95%E3%83%A9%E3%82%A4/data=!4m7!3m6!1s0x3546a79bc5e31227:0xe63b88c83eedbae9!8m2!3d33.2836691!4d131.4969434!16s%2Fg%2F1tnhw413!19sChIJJxLjxZunRjUR6brtPsiIO-Y?authuser=0&hl=ja&rclk=1,別府市,別府市 販促支援会社
B型事業所つばきラボ,https://tsubakilab.jimdofree.com/,別府市 石垣東３丁目５−２０,0977-27-0020,https://www.google.com/maps/place/B%E5%9E%8B%E4%BA%8B%E6%A5%AD%E6%89%80%E3%81%A4%E3%81%B0%E3%81%8D%E3%83%A9%E3%83%9C/data=!4m7!3m6!1s0x3546a71dd8b3d509:0xa0f801f9da74470a!8m2!3d33.2932013!4d131.4962403!16s%2Fg%2F11flt30b7j!19sChIJCdWz2B2nRjURCkd02vkB-KA?authuser=0&hl=ja&rclk=1,別府市,別府市 販促支援会社
訪問介護事業所tetote | 株式会社kokoyori,https://tetote.care/,別府市 弓ヶ浜１−２８ 別府コージェマンション 301,,https://www.google.com/maps/place/%E8%A8%AA%E5%95%8F%E4%BB%8B%E8%AD%B7%E4%BA%8B%E6%A5%AD%E6%89%80tetote+%7C+%E6%A0%AA%E5%BC%8F%E4%BC%9A%E7%A4%BEkokoyori/data=!4m7!3m6!1s0x4256bf76875761e1:0xa25235804493ff57!8m2!3d33.2851941!4d131.5019628!16s%2Fg%2F11k43b5f20!19sChIJ4WFXh3a_VkIRV_-TRIA1UqI?authuser=0&hl=ja&rclk=1,別府市,別府市 販促支援会社
株式会社IDM,http://idm-drone.co.jp/,別府市 駅前本町９−２０,,https://www.google.com/maps/place/%E6%A0%AA%E5%BC%8F%E4%BC%9A%E7%A4%BEIDM/data=!4m7!3m6!1s0x3546a6df571ef611:0x8d6c8d620ddad8c3!8m2!3d33.2810137!4d131.5019132!16s%2Fg%2F11hcdv9kht!19sChIJEfYeV9-mRjURw9jaDWKNbI0?authuser=0&hl=ja&rclk=1,別府市,別府市 プロモーション会社
株式会社クリエイツ,http://info.co-creates.co.jp/,別府市 亀川東町４−２０,0977-66-3676,https://www.google.com/maps/place/%E6%A0%AA%E5%BC%8F%E4%BC%9A%E7%A4%BE%E3%82%AF%E3%83%AA%E3%82%A8%E3%82%A4%E3%83%84/data=!4m7!3m6!1s0x3546a761527f4707:0x28235b2973e5ff48!8m2!3d33.32291!4d131.4969!16s%2Fg%2F1tj9r48b!19sChIJB0d_UmGnRjURSP_lcylbIyg?authuser=0&hl=ja&rclk=1,別府市,別府市 プロモーション会社
株式会社城島高原オペレーションズ,https://www.kijimakogen.jp/,別府市 城島高原１２３,0977-22-1166,https://www.google.com/maps/place/%EF%BC%88%E6%A0%AA%EF%BC%89%E5%9F%8E%E5%B3%B6%E9%AB%98%E5%8E%9F%E3%82%AA%E3%83%9A%E3%83%AC%E3%83%BC%E3%82%B7%E3%83%A7%E3%83%B3%E3%82%BA/data=!4m7!3m6!1s0x3546af43ad43da0f:0x40a7441d20800780!8m2!3d33.2648348!4d131.4287567!16s%2Fg%2F11r96bfvc!19sChIJD9pDrUOvRjURgAeAIB1Ep0A?authuser=0&hl=ja&rclk=1,別府市,別府市 プロモーション会社
CyberArts131（サイバーアーツイサイ）,http://cyberarts131.com/,別府市 ６ 上人ヶ浜2-49,,https://www.google.com/maps/place/CyberArts131%EF%BC%88%E3%82%B5%E3%82%A4%E3%83%90%E3%83%BC%E3%82%A2%E3%83%BC%E3%83%84%E3%82%A4%E3%82%B5%E3%82%A4%EF%BC%89/data=!4m7!3m6!1s0x3546a75d6aaaaaab:0x218e77447db389d3!8m2!3d33.3169776!4d131.5025291!16s%2Fg%2F11j394dldv!19sChIJq6qqal2nRjUR04mzfUR3jiE?authuser=0&hl=ja&rclk=1,別府市,別府市 プロモーション会社
株式会社トスプロ,http://www.tospro.co.jp/,別府市 春日浦８４３−２５ ＴＯＳ本社 ２F,097-533-1968,https://www.google.com/maps/place/%E6%A0%AA%E5%BC%8F%E4%BC%9A%E7%A4%BE%E3%83%88%E3%82%B9%E3%83%97%E3%83%AD/data=!4m7!3m6!1s0x3546a1d45dc2a98d:0xbeb531d8d49f38a0!8m2!3d33.2468284!4d131.5971779!16s%2Fg%2F11dxdjgv7b!19sChIJjanCXdShRjURoDif1Ngxtb4?authuser=0&hl=ja&rclk=1,別府市,別府市 プロモーション会社
株式会社メッセージ,https://message-ado.co.jp/,都城市 祝吉３丁目５−１６,0986-26-3455,https://www.google.com/maps/place/%E6%A0%AA%E5%BC%8F%E4%BC%9A%E7%A4%BE%E3%83%A1%E3%83%83%E3%82%BB%E3%83%BC%E3%82%B8/data=!4m7!3m6!1s0x353f265914fc6f17:0x713e3fec27e0cb92!8m2!3d31.7416267!4d131.0834066!16s%2Fg%2F1tpb8rgw!19sChIJF2_8FFkmPzURksvgJ-w_PnE?authuser=0&hl=ja&rclk=1,都城市,都城市 販促支援会社
大淀開発株式会社,https://ooyodokaihatsu.co.jp/,都城市 上長飯町５４２７−１,0986-22-3362,https://www.google.com/maps/place/%E5%A4%A7%E6%B7%80%E9%96%8B%E7%99%BA%E6%A0%AA%E5%BC%8F%E4%BC%9A%E7%A4%BE/data=!4m7!3m6!1s0x353f27bf04e67839:0x8525880f6e7eadc3!8m2!3d31.707106!4d131.097778!16s%2Fg%2F1v_z230x!19sChIJOXjmBL8nPzURw61-bg-IJYU?authuser=0&hl=ja&rclk=1,都城市,都城市 販促支援会社
千人力 都城店,https://www.senninriki.jp/,都城市 一万城町１０２−１５,0120-100-076,https://www.google.com/maps/place/%E5%8D%83%E4%BA%BA%E5%8A%9B+%E9%83%BD%E5%9F%8E%E5%BA%97/data=!4m7!3m6!1s0x353f27b472b411ed:0x96f082ea7fae9b53!8m2!3d31.720571!4d131.095388!16s%2Fg%2F1trpnk52!19sChIJ7RG0crQnPzURU5uuf-qC8JY?authuser=0&hl=ja&rclk=1,都城市,都城市 販促支援会社
都城まちづくり株式会社,https://www.machidukuri-miyakonojo-city.jp/,都城市 蔵原町１１−２５,0986-26-1100,https://www.google.com/maps/place/%E9%83%BD%E5%9F%8E%E3%81%BE%E3%81%A1%E3%81%A5%E3%81%8F%E3%82%8A%E6%A0%AA%E5%BC%8F%E4%BC%9A%E7%A4%BE/data=!4m7!3m6!1s0x353f2710e9ce9e97:0xa19eb98c210b2646!8m2!3d31.724465!4d131.065885!16s%2Fg%2F1v2j9pmr!19sChIJl57O6RAnPzURRiYLIYy5nqE?authuser=0&hl=ja&rclk=1,都城市,都城市 販促支援会社
株式会社オフィス・サプリ,https://office-supple.info/,都城市 五十町２４２１−１,0986-70-0311,https://www.google.com/maps/place/%E6%A0%AA%E5%BC%8F%E4%BC%9A%E7%A4%BE%E3%82%AA%E3%83%95%E3%82%A3%E3%82%B9%E3%83%BB%E3%82%B5%E3%83%97%E3%83%AA/data=!4m7!3m6!1s0x353e6754640d52c1:0xb70840b0b0b6b873!8m2!3d31.7129015!4d131.0339039!16s%2Fg%2F11rx8v0w6m!19sChIJwVINZFRnPjURc7i2sLBACLc?authuser=0&hl=ja&rclk=1,都城市,都城市 販促支援会社
Nitto Kogyo 充電スタンド,https://www.city.miyakonojo.miyazaki.jp/map/14528.html,都城市 姫城町６−２１,0986-23-2111,https://www.google.com/maps/place/Nitto+Kogyo+%E5%85%85%E9%9B%BB%E3%82%B9%E3%82%BF%E3%83%B3%E3%83%89/data=!4m7!3m6!1s0x353f271525dc4e21:0x5764d3b4efd100d8!8m2!3d31.7189566!4d131.0617412!16s%2Fg%2F11yysr6fss!19sChIJIU7cJRUnPzUR2ADR77TTZFc?authuser=0&hl=ja&rclk=1,都城市,都城市 販促支援会社
合同会社花菜,https://hanana-go.com/,都城市 080-5114-9023,080-5114-9023,https://www.google.com/maps/place/%E5%90%88%E5%90%8C%E4%BC%9A%E7%A4%BE%E8%8A%B1%E8%8F%9C/data=!4m7!3m6!1s0x2c93c110d37e777f:0xbfd0ee3990a45583!8m2!3d32.9998961!4d138.4293072!16s%2Fg%2F11x1p8659d!19sChIJf3d-0xDBkywRg1WkkDnu0L8?authuser=0&hl=ja&rclk=1,都城市,都城市 販促支援会社
有限会社都城情報ビジネス,https://www.mjb.jp/,都城市 鷹尾１丁目９−街区18,0986-21-1045,https://www.google.com/maps/place/%28%E6%9C%89%29%E9%83%BD%E5%9F%8E%E6%83%85%E5%A0%B1%E3%83%93%E3%82%B8%E3%83%8D%E3%82%B9/data=!4m7!3m6!1s0x353f2737c8400001:0x105806fbce931bba!8m2!3d31.724931!4d131.0475152!16s%2Fg%2F11vscv9sqj!19sChIJAQBAyDcnPzURuhuTzvsGWBA?authuser=0&hl=ja&rclk=1,都城市,都城市 プロモーション会社
都城映像NEONE,https://www.miyakonojoeizou-neone.com/about.html,都城市 丸谷町３６０−２,090-3324-2955,https://www.google.com/maps/place/%E9%83%BD%E5%9F%8E%E6%98%A0%E5%83%8FNEONE/data=!4m7!3m6!1s0x353f252e77797895:0xfa552a7a0c25a413!8m2!3d31.8097091!4d131.0574277!16s%2Fg%2F11tb_932gh!19sChIJlXh5dy4lPzURE6QlDHoqVfo?authuser=0&hl=ja&rclk=1,都城市,都城市 プロモーション会社
株式会社都城印刷（ぷりんと本舗 営業時間：平日朝9:00～夕方6:00）,http://mpcr.jp/,都城市 早鈴町１６１８,0986-22-4392,https://www.google.com/maps/place/%EF%BC%88%E6%A0%AA%EF%BC%89%E9%83%BD%E5%9F%8E%E5%8D%B0%E5%88%B7%EF%BC%88%E3%81%B7%E3%82%8A%E3%82%93%E3%81%A8%E6%9C%AC%E8%88%97+%E5%96%B6%E6%A5%AD%E6%99%82%E9%96%93%EF%BC%9A%E5%B9%B3%E6%97%A5%E6%9C%9D9:00%EF%BD%9E%E5%A4%95%E6%96%B96:00%EF%BC%89/data=!4m7!3m6!1s0x353f270c6641afe7:0x29baeb37f76d0bbc!8m2!3d31.7165294!4d131.0739675!16s%2Fg%2F11b7swm74y!19sChIJ569BZgwnPzURvAtt9zfruik?authuser=0&hl=ja&rclk=1,都城市,都城市 プロモーション会社
合同会社YOYE,https://www.yoye.jp/,都城市 若葉町１３−13街区 20号,0986-77-6633,https://www.google.com/maps/place/%E5%90%88%E5%90%8C%E4%BC%9A%E7%A4%BEYOYE/data=!4m7!3m6!1s0x353f275c3b572fe7:0xa99d11932d1c3660!8m2!3d31.7222101!4d131.0757419!16s%2Fg%2F11vm4b69r3!19sChIJ5y9XO1wnPzURYDYcLZMRnak?authuser=0&hl=ja&rclk=1,都城市,都城市 プロモーション会社
サービスプラン沖縄,http://accompany-oki.com/,沖縄市 安慶田１丁目１−７,098-989-3901,https://www.google.com/maps/place/%E3%82%B5%E3%83%BC%E3%83%93%E3%82%B9%E3%83%97%E3%83%A9%E3%83%B3%E6%B2%96%E7%B8%84/data=!4m7!3m6!1s0x34e51340b90449f3:0xb28b60313383c9d8!8m2!3d26.337606!4d127.8103248!16s%2Fg%2F11gzqc55h8!19sChIJ80kEuUAT5TQR2MmDMzFgi7I?authuser=0&hl=ja&rclk=1,沖縄市,沖縄市 販促支援会社
沖縄の就労継続支援A型 SOONESS山里,https://sooness.co.jp/,沖縄市 山里２丁目２−１,098-911-1802,https://www.google.com/maps/place/%E6%B2%96%E7%B8%84%E3%81%AE%E5%B0%B1%E5%8A%B4%E7%B6%99%E7%B6%9A%E6%94%AF%E6%8F%B4A%E5%9E%8B+SOONESS%E5%B1%B1%E9%87%8C/data=!4m7!3m6!1s0x34e5130ad82e1ff9:0xb3695b313eaa1f2e!8m2!3d26.3230323!4d127.7930689!16s%2Fg%2F11q2f5qkzj!19sChIJ-R8u2AoT5TQRLh-qPjFbabM?authuser=0&hl=ja&rclk=1,沖縄市,沖縄市 販促支援会社
相談支援事業所なちゅら,http://www.naturafukushi.net/office.php,沖縄市 美原２丁目２６−５ 信ビル 301,098-894-5183,https://www.google.com/maps/place/%E7%9B%B8%E8%AB%87%E6%94%AF%E6%8F%B4%E4%BA%8B%E6%A5%AD%E6%89%80%E3%81%AA%E3%81%A1%E3%82%85%E3%82%89/data=!4m7!3m6!1s0x34e50fc5f9c3fcfb:0x9cabcb1e8beec53c!8m2!3d26.3472318!4d127.8186614!16s%2Fg%2F11ft_g5g3_!19sChIJ-_zD-cUP5TQRPMXuix7Lq5w?authuser=0&hl=ja&rclk=1,沖縄市,沖縄市 販促支援会社
就労継続支援B型きずな げんき厨房,https://yui-taishin.jimdofree.com/%E5%B0%B1%E5%8A%B4%E7%B6%99%E7%B6%9A%E6%94%AF%E6%8F%B4%EF%BD%82%E5%9E%8B-%E3%81%8D%E3%81%9A%E3%81%AA/,沖縄市 泡瀬１丁目５−１４,098-938-1620,https://www.google.com/maps/place/%E5%B0%B1%E5%8A%B4%E7%B6%99%E7%B6%9A%E6%94%AF%E6%8F%B4B%E5%9E%8B%E3%81%8D%E3%81%9A%E3%81%AA+%E3%81%92%E3%82%93%E3%81%8D%E5%8E%A8%E6%88%BF/data=!4m7!3m6!1s0x34e50dc0a96aa981:0x2421091524e52a6a!8m2!3d26.3209894!4d127.8349235!16s%2Fg%2F11btrrsxj9!19sChIJgalqqcAN5TQRairlJBUJISQ?authuser=0&hl=ja&rclk=1,沖縄市,沖縄市 販促支援会社
沖縄県よろず支援拠点,https://google.yorozu-okinawa.go.jp/,沖縄市 小禄1831番地１ 414号室,098-851-8460,https://www.google.com/maps/place/%E6%B2%96%E7%B8%84%E7%9C%8C%E3%82%88%E3%82%8D%E3%81%9A%E6%94%AF%E6%8F%B4%E6%8B%A0%E7%82%B9/data=!4m7!3m6!1s0x34e569b78987072f:0xc21ece15738f7203!8m2!3d26.2027765!4d127.6617487!16s%2Fg%2F11c3nzv2s9!19sChIJLweHibdp5TQRA3KPcxXOHsI?authuser=0&hl=ja&rclk=1,沖縄市,沖縄市 販促支援会社
沖縄市障がい者福祉協会（ＮＰＯ法人）,https://okishokyo.com/,沖縄市 住吉１丁目１４−２９,098-938-3480,https://www.google.com/maps/place/%E6%B2%96%E7%B8%84%E5%B8%82%E9%9A%9C%E3%81%8C%E3%81%84%E8%80%85%E7%A6%8F%E7%A5%89%E5%8D%94%E4%BC%9A%EF%BC%88%EF%BC%AE%EF%BC%B0%EF%BC%AF%E6%B3%95%E4%BA%BA%EF%BC%89/data=!4m7!3m6!1s0x34e50df7f8043445:0x87cec09a1107d3fb!8m2!3d26.3389124!4d127.809155!16s%2Fg%2F1tdqf6k7!19sChIJRTQE-PcN5TQR-9MHEZrAzoc?authuser=0&hl=ja&rclk=1,沖縄市,沖縄市 販促支援会社
プロモーションうるま,https://promo-uruma.com/,沖縄市 田場１３０４−１,098-923-5995,https://www.google.com/maps/place/%E3%83%97%E3%83%AD%E3%83%A2%E3%83%BC%E3%82%B7%E3%83%A7%E3%83%B3%E3%81%86%E3%82%8B%E3%81%BE/data=!4m7!3m6!1s0x34e50ef981bcc1dd:0xd6feb2d9399e8b5b!8m2!3d26.3666827!4d127.8563027!16s%2Fg%2F11bx1rvpjk!19sChIJ3cG8gfkO5TQRW4ueOdmy_tY?authuser=0&hl=ja&rclk=1,沖縄市,沖縄市 プロモーション会社
合同会社PROJECT9,http://project-nine.info/,沖縄市 諸見里１丁目１８−１８,090-6859-5385,https://www.google.com/maps/place/%E5%90%88%E5%90%8C%E4%BC%9A%E7%A4%BEPROJECT9/data=!4m7!3m6!1s0x34e513ee8d608da1:0xc8985143181631a7!8m2!3d26.3311973!4d127.7929933!16s%2Fg%2F11gv_hwp_2!19sChIJoY1gje4T5TQRpzEWGENRmMg?authuser=0&hl=ja&rclk=1,沖縄市,沖縄市 プロモーション会社
琉球ミライ,http://ryukyumirai.jp/,沖縄市 中央１丁目７−８ Startup Lab Lagoon,,https://www.google.com/maps/place/%E7%90%89%E7%90%83%E3%83%9F%E3%83%A9%E3%82%A4/data=!4m7!3m6!1s0x34e513d06878c177:0xe3c54e794a85d611!8m2!3d26.3367807!4d127.8004108!16s%2Fg%2F11sx517s8k!19sChIJd8F4aNAT5TQREdaFSnlOxeM?authuser=0&hl=ja&rclk=1,沖縄市,沖縄市 プロモーション会社
FPコンサルタント不動産,https://www.fpcf.jp/,沖縄市 照屋２丁目２２−３０ コーポ上原 102号,098-923-4330,https://www.google.com/maps/place/FP%E3%82%B3%E3%83%B3%E3%82%B5%E3%83%AB%E3%82%BF%E3%83%B3%E3%83%88%E4%B8%8D%E5%8B%95%E7%94%A3/data=!4m7!3m6!1s0x34e50d18c53818eb:0x6665b1fe97cc426a!8m2!3d26.3336547!4d127.8149352!16s%2Fg%2F11fngzcskh!19sChIJ6xg4xRgN5TQRakLMl_6xZWY?authuser=0&hl=ja&rclk=1,沖縄市,沖縄市 プロモーション会社
株式会社アキプロモーション,https://aki-promotion.com/,沖縄市 宮平６６３−４ 栄廣マンション,090-4470-5881,https://www.google.com/maps/place/%E6%A0%AA%E5%BC%8F%E4%BC%9A%E7%A4%BE%E3%82%A2%E3%82%AD%E3%83%97%E3%83%AD%E3%83%A2%E3%83%BC%E3%82%B7%E3%83%A7%E3%83%B3/data=!4m7!3m6!1s0x34e56eb6b425294f:0x6afbcf6cbf3650cb!8m2!3d26.1969122!4d127.7301955!16s%2Fg%2F11h7dx0f1d!19sChIJTykltLZu5TQRy1A2v2zP-2o?authuser=0&hl=ja&rclk=1,沖縄市,沖縄市 プロモーション会社
株式会社ドリームプロダクション沖縄,https://www.okinawa-dreamer.net/,沖縄市 真栄原２丁目３−８,098-894-8470,https://www.google.com/maps/place/%E6%A0%AA%E5%BC%8F%E4%BC%9A%E7%A4%BE%E3%83%89%E3%83%AA%E3%83%BC%E3%83%A0%E3%83%97%E3%83%AD%E3%83%80%E3%82%AF%E3%82%B7%E3%83%A7%E3%83%B3%E6%B2%96%E7%B8%84/data=!4m7!3m6!1s0x34e56d04c9aa1ed7:0x6c0e7d9370a81f76!8m2!3d26.2594697!4d127.7423293!16s%2Fg%2F12hlxty7b!19sChIJ1x6qyQRt5TQRdh-ocJN9Dmw?authuser=0&hl=ja&rclk=1,沖縄市,沖縄市 プロモーション会社
error株式会社,https://error.co.jp/,沖縄市 園田１丁目８−３１,098-988-5030,https://www.google.com/maps/place/error%E6%A0%AA%E5%BC%8F%E4%BC%9A%E7%A4%BE/data=!4m7!3m6!1s0x34e5136ecbc8ccb5:0xf48a7542110c3efa!8m2!3d26.330589!4d127.798859!16s%2Fg%2F11y3mv29kp!19sChIJtczIy24T5TQR-j4MEUJ1ivQ?authuser=0&hl=ja&rclk=1,沖縄市,沖縄市 プロモーション会社
沖縄の映像制作ディレクター サンチュー,https://okinawamovie.com/,沖縄市 090-8298-9509,090-8298-9509,https://www.google.com/maps/place/%E6%B2%96%E7%B8%84%E3%81%AE%E6%98%A0%E5%83%8F%E5%88%B6%E4%BD%9C%E3%83%87%E3%82%A3%E3%83%AC%E3%82%AF%E3%82%BF%E3%83%BC+%E3%82%B5%E3%83%B3%E3%83%81%E3%83%A5%E3%83%BC/data=!4m7!3m6!1s0x424c57a0c7510fcd:0x7668a442dbfa2e09!8m2!3d26.3029727!4d127.8172826!16s%2Fg%2F11n9tv5nj1!19sChIJzQ9Rx6BXTEIRCS7620KkaHY?authuser=0&hl=ja&rclk=1,沖縄市,沖縄市 プロモーション会社
