company_name,url,address,phone,maps_url,area_hint,query
この簡易版検索結果ページについて,https://support.yahoo-net.jp/PccSearch/s/article/H000011627,,,,北海道,北海道 PR会社 SNSマーケティング -おすすめ -比較 -ランキング -求人 -まとめ
広報 PR 担当者×インフルエンサー MEETUP【広報 ...,https://www.sapporo-cci.or.jp/web/events/details/pr_pr_meetup.html,,,,北海道,北海道 PR会社 SNSマーケティング -おすすめ -比較 -ランキング -求人 -まとめ
デジタル マーケティング DIGITAL MARKETING,https://www.i-pro.gs/digitalmarketing/,,,,北海道,北海道 PR会社 SNSマーケティング -おすすめ -比較 -ランキング -求人 -まとめ
北海道 ・札幌のインフルエンサー マーケティング,https://tabito-hokkaido.work/,,,,北海道,北海道 PR会社 SNSマーケティング -おすすめ -比較 -ランキング -求人 -まとめ
マーケティング サービス,https://www.ppi.jp/services/,,,,北海道,北海道 PR会社 SNSマーケティング -おすすめ -比較 -ランキング -求人 -まとめ
北海道 庁新路線就航プロモーション,https://fizjapan.com/works/instagram/%E5%8C%97%E6%B5%B7%E9%81%93%E5%BA%81%E6%96%B0%E8%B7%AF%E7%B7%9A%E5%B0%B1%E8%88%AA%E3%83%97%E3%83%AD%E3%83%A2%E3%83%BC%E3%82%B7%E3%83%A7%E3%83%B3/,,,,北海道,北海道 PR会社 SNSマーケティング -おすすめ -比較 -ランキング -求人 -まとめ
SNSマーケティング も学べるOA事務科,https://www.jeed.go.jp/location/shibu/hokkaido/q2k4vk000000t9xv-att/a1762924269455.pdf,,,,北海道,北海道 PR会社 SNSマーケティング -おすすめ -比較 -ランキング -求人 -まとめ
北海道 ・札幌・富良野・倶知安での マーケティング 支援ならクウカン,https://kukanhokkaido.co.jp/marketing-solution/,,,,北海道,北海道 PR会社 SNSマーケティング -おすすめ -比較 -ランキング -求人 -まとめ
北海道 で心を動かす SNS 運用,https://hokkaido-sns.com/,,,,北海道,北海道 PR会社 SNSマーケティング -おすすめ -比較 -ランキング -求人 -まとめ
株式 会社 MIRUS — SNS 運用・映像制作・インフルエンサー ...,https://mirus-hokkaido.jp/,,,,北海道,北海道 PR会社 SNSマーケティング -おすすめ -比較 -ランキング -求人 -まとめ
プライバシーポリシー,https://www.lycorp.co.jp/ja/company/privacypolicy/,,,,北海道,北海道 PR会社 SNSマーケティング -おすすめ -比較 -ランキング -求人 -まとめ
プライバシーセンター,https://privacy.lycorp.co.jp/ja/,,,,北海道,北海道 PR会社 SNSマーケティング -おすすめ -比較 -ランキング -求人 -まとめ
検索結果への広告掲載,https://www.lycbiz.com/jp/service/yahoo-ads/search_results,,,,北海道,北海道 PR会社 SNSマーケティング -おすすめ -比較 -ランキング -求人 -まとめ
広告 事業,https://www.jrh-sol.co.jp/agency/,,,,北海道,北海道 地域広告代理店 デジタル支援 -おすすめ -比較 -ランキング -求人 -まとめ
地域 に密着するメディアや 広告代理店 など全5社と、SMOUTの取次 ...,https://lab.smout.jp/news/news-20240314,,,,北海道,北海道 地域広告代理店 デジタル支援 -おすすめ -比較 -ランキング -求人 -まとめ
デジタル 変革を進める総合 広告代理店 ADKグループ。イコール ...,https://finance.macloud.jp/offers/3200,,,,北海道,北海道 地域広告代理店 デジタル支援 -おすすめ -比較 -ランキング -求人 -まとめ
パートナー企業に対する 広告 配信技術の提供を加速 〜 マイクロアド ...,https://www.microad.co.jp/news/detail/3206/,,,,北海道,北海道 地域広告代理店 デジタル支援 -おすすめ -比較 -ランキング -求人 -まとめ
OEM導入事例 凸版印刷株式会社様,https://www.fout.co.jp/freakout/solution/oem/interview/toppan.html,,,,北海道,北海道 地域広告代理店 デジタル支援 -おすすめ -比較 -ランキング -求人 -まとめ
LANTERN inc.,https://lantern-inc.jp/,,,,北海道,北海道 ブランディング会社 Web集客 -おすすめ -比較 -ランキング -求人 -まとめ
株式 会社 INDIGO,https://indigo-inc.co.jp/,,,,北海道,北海道 ブランディング会社 Web集客 -おすすめ -比較 -ランキング -求人 -まとめ
ホームページ制作,http://www.a-agent.net/homepage/,,,,北海道,北海道 ブランディング会社 Web集客 -おすすめ -比較 -ランキング -求人 -まとめ
仕事を知る,https://from-north.jp/recruit/job-introduction/,,,,北海道,北海道 ブランディング会社 Web集客 -おすすめ -比較 -ランキング -求人 -まとめ
集客 を最大化する Web 広告運用,https://www.toyo-grp.co.jp/purpose/purpose_ad/,,,,北海道,北海道 ブランディング会社 Web集客 -おすすめ -比較 -ランキング -求人 -まとめ
株式 会社 ARDEM（旧キグナスインターネット株式 会社 ）,https://homepage-kimete.com/company/%E3%82%AD%E3%82%B0%E3%83%8A%E3%82%B9%E3%82%A4%E3%83%B3%E3%82%BF%E3%83%BC%E3%83%8D%E3%83%83%E3%83%88%E6%A0%AA%E5%BC%8F%E4%BC%9A%E7%A4%BE/,,,,北海道,北海道 ブランディング会社 Web集客 -おすすめ -比較 -ランキング -求人 -まとめ
会社 情報,https://camkt.co.jp/outline/,,,,北海道,北海道 ブランディング会社 Web集客 -おすすめ -比較 -ランキング -求人 -まとめ
札幌のホームページ作成費用・運用費用の料金相場や考え方について,https://www.rondomark.jp/bridal/column/web_3210/,,,,北海道,北海道 ブランディング会社 Web集客 -おすすめ -比較 -ランキング -求人 -まとめ
会社 情報,https://glowflag.jp/company/,,,,北海道,北海道 クリエイティブ会社 Webマーケティング -おすすめ -比較 -ランキング -求人 -まとめ
会社 情報,https://threegoround.com/company/,,,,北海道,北海道 クリエイティブ会社 Webマーケティング -おすすめ -比較 -ランキング -求人 -まとめ
会社 概要,https://www.regraphy.com/company/about.html,,,,北海道,北海道 クリエイティブ会社 Webマーケティング -おすすめ -比較 -ランキング -求人 -まとめ
株式 会社 ノースアンビシャス（NORTH AMBITIOUS）ー 北海道 の ...,https://north-ambitious.co.jp/team/,,,,北海道,北海道 クリエイティブ会社 Webマーケティング -おすすめ -比較 -ランキング -求人 -まとめ
company,https://revcreative.co.jp/company,,,,北海道,北海道 クリエイティブ会社 Webマーケティング -おすすめ -比較 -ランキング -求人 -まとめ
デジタル マーケティング,https://www.cn-door.com/service/marketing/,,,,北海道,北海道 クリエイティブ会社 Webマーケティング -おすすめ -比較 -ランキング -求人 -まとめ
ホームページ 制作 北海道 ・札幌・旭川・函館,https://docodoor.co.jp/partner/hokkaido/,,,,北海道,北海道 クリエイティブ会社 Webマーケティング -おすすめ -比較 -ランキング -求人 -まとめ
札幌の ホームページ 制作・ Web 制作 会社,https://www.hp-senka.jp/essay/5508/,,,,北海道,北海道 クリエイティブ会社 Webマーケティング -おすすめ -比較 -ランキング -求人 -まとめ
株式 会社 REPLAY,https://www.replay-0417.info/,,,,北海道,北海道 コンテンツマーケティング 支援会社 -おすすめ -比較 -ランキング -求人 -まとめ
会社 概要,https://www.bloom-promotion.jp/about/company.php,,,,北海道,北海道 コンテンツマーケティング 支援会社 -おすすめ -比較 -ランキング -求人 -まとめ
株式 会社 オロパス 会社 概要,https://www.pascaljp.com/about.html,,,,北海道,北海道 コンテンツマーケティング 支援会社 -おすすめ -比較 -ランキング -求人 -まとめ
株式 会社 スノードーム,https://snowdome-inc.co.jp/,,,,北海道,北海道 コンテンツマーケティング 支援会社 -おすすめ -比較 -ランキング -求人 -まとめ
LINE ・メール マーケティング 支援,https://suzulabo.co.jp/service/nurturing/,,,,北海道,北海道 LINE CRM マーケティング会社 -おすすめ -比較 -ランキング -求人 -まとめ
Lステップ,https://gift-inc.org/lstep/,,,,北海道,北海道 LINE CRM マーケティング会社 -おすすめ -比較 -ランキング -求人 -まとめ
北海道 のスイーツ・パンの専門店『もりもと』の LINE ミニアプリ ...,https://www.betrend.com/news/20260714,,,,北海道,北海道 LINE CRM マーケティング会社 -おすすめ -比較 -ランキング -求人 -まとめ
Growth Cube（グロースキューブ）サービス詳細,https://cnctor.jp/service/growthcube-detail,,,,北海道,北海道 LINE CRM マーケティング会社 -おすすめ -比較 -ランキング -求人 -まとめ
北海道 デジタル・アンド・コンサルティング,https://messe.nikkei.co.jp/exhibitor/info/RT/ja/25023,,,,北海道,北海道 LINE CRM マーケティング会社 -おすすめ -比較 -ランキング -求人 -まとめ
北海道 イノベーション＆インキュベーション株式 会社,https://fama.startrise.jp/companies/89,,,,北海道,北海道 LINE CRM マーケティング会社 -おすすめ -比較 -ランキング -求人 -まとめ
配信を強化するMIX(ミックス)セグメント機能を提供開始,https://newscast.jp/smart/news/1507471,,,,北海道,北海道 LINE CRM マーケティング会社 -おすすめ -比較 -ランキング -求人 -まとめ
CRMマーケティング ・データ分析,https://www.gon-dola.com/service/crm/,,,,北海道,北海道 LINE CRM マーケティング会社 -おすすめ -比較 -ランキング -求人 -まとめ
会社 情報,https://webtribe.co.jp/about/,,,,北海道,北海道 動画広告 マーケティング会社 -おすすめ -比較 -ランキング -求人 -まとめ
SNS 動画 制作・SNS映像制作なら株式 会社 リアクター,https://reactor.jp/reactorsns/,,,,北海道,北海道 動画広告 マーケティング会社 -おすすめ -比較 -ランキング -求人 -まとめ
禅株式 会社,https://www.zen-na.com/,,,,北海道,北海道 動画広告 マーケティング会社 -おすすめ -比較 -ランキング -求人 -まとめ
北海道 エリアの インフルエンサーマーケティング を開始,https://www.rooster.co.jp/news/news-detail.php?id=28,,,,北海道,北海道 インフルエンサー マーケティング会社 -おすすめ -比較 -ランキング -求人 -まとめ
ROY,https://lit.link/royworld,,,,北海道,北海道 インフルエンサー マーケティング会社 -おすすめ -比較 -ランキング -求人 -まとめ
合同会社ライフデザイン,https://lifedesign-marketing.com/,,,,北海道,北海道 採用マーケティング SNS支援 -おすすめ -比較 -ランキング -求人 -まとめ
【正社員】 SNS マーケター／ディレクター（未経験者歓迎）,https://open.talentio.com/r/1/c/revoltjapan/pages/126002,,,,北海道,北海道 採用マーケティング SNS支援 -おすすめ -比較 -ランキング -求人 -まとめ
株式会社SEEK、デジタル マーケティング /ブランディング事業,https://www.seek-net.jp/,,,,北海道,北海道 採用マーケティング SNS支援 -おすすめ -比較 -ランキング -求人 -まとめ
株式会社THE DAY,https://sapporo-theday.com/company,,,,北海道,北海道 採用マーケティング SNS支援 -おすすめ -比較 -ランキング -求人 -まとめ
奥山朋宏 中小企業 診断士事務所,https://smec.jpn.org/,,,,北海道,北海道 中小企業 デジタル販促会社 -おすすめ -比較 -ランキング -求人 -まとめ
取扱業務,https://knm-moffice.com/html/business.html,,,,北海道,北海道 中小企業 デジタル販促会社 -おすすめ -比較 -ランキング -求人 -まとめ
社長ご挨拶,https://triad-pr.jp/our_message/,,,,北海道,北海道 中小企業 デジタル販促会社 -おすすめ -比較 -ランキング -求人 -まとめ
令和7年度 中小 ・小規模 企業デジタル 技術導入等緊急支援事業費 ...,https://www.pref.hokkaido.lg.jp/fs/1/1/9/5/3/9/0/4/_/%E6%8E%A1%E6%8A%9E%E7%B5%90%E6%9E%9C.pdf,,,,北海道,北海道 中小企業 デジタル販促会社 -おすすめ -比較 -ランキング -求人 -まとめ
商業印刷と年賀状印刷を事業の大きな柱として 北海道 をはじめと ...,https://canon.jp/biz/case/production/shouken,,,,北海道,北海道 中小企業 デジタル販促会社 -おすすめ -比較 -ランキング -求人 -まとめ
事業の未来をAIと考える。 北海道 釧路市で酪農ブランディングに挑む ...,https://doubleknot.co.jp/2025/12/01/blog/case-study-2025-7/,,,,北海道,北海道 中小企業 デジタル販促会社 -おすすめ -比較 -ランキング -求人 -まとめ
補助金・助成金の申請支援,https://www.lat994.co.jp/hojokin.html,,,,北海道,北海道 中小企業 デジタル販促会社 -おすすめ -比較 -ランキング -求人 -まとめ
株式会社ADK デジタル オペレーションズ様、 青森県 、八戸市の3者 ...,https://www.hachinohe-yuchi.jp/2024/05/1335/,,,,青森県,青森県 地域広告代理店 デジタル支援 -おすすめ -比較 -ランキング -求人 -まとめ
青森 銀行とウェブ 広告 運用サービスを提供するローカルフォリオが ...,https://prone.jp/press_releases/941,,,,青森県,青森県 地域広告代理店 デジタル支援 -おすすめ -比較 -ランキング -求人 -まとめ
Meta 広告 運用・ デジタル マーケティング 支援 （ 青森 ・東北）,https://minazki.com/,,,,青森県,青森県 地域広告代理店 デジタル支援 -おすすめ -比較 -ランキング -求人 -まとめ
株式会社サンブラッソ・エイティーブイ（公式）ウェブサイト ...,https://www.san-brazo.com/,,,,青森県,青森県 地域広告代理店 デジタル支援 -おすすめ -比較 -ランキング -求人 -まとめ
クリエイティブ人財との連携による創造的商店街構築事業について,https://www.pref.aomori.lg.jp/soshiki/sangyo/chikikigyo/30creativejinzai.html,,,,青森県,青森県 地域広告代理店 デジタル支援 -おすすめ -比較 -ランキング -求人 -まとめ
都内から弘前へ引っ越し。自分がおもしろがることが地域おこしの ...,https://www.aomori-life.jp/interview/message_ijyu/post_6.html,,,,青森県,青森県 地域広告代理店 デジタル支援 -おすすめ -比較 -ランキング -求人 -まとめ
屋外 広告 物,https://www.city.aomori.aomori.jp/shisei/machizukuri/1005842/1005874/1005877.html,,,,青森県,青森県 地域広告代理店 デジタル支援 -おすすめ -比較 -ランキング -求人 -まとめ
【募集終了しました】8月24日(土)&11月2日(土)東京開催！首都圏 ...,https://www.dx-aomori.com/information/2362/,,,,青森県,青森県 地域広告代理店 デジタル支援 -おすすめ -比較 -ランキング -求人 -まとめ
ABOUT,https://abc-snsmarketing.com/about/,,,,青森県,青森県 PR会社 SNSマーケティング -おすすめ -比較 -ランキング -求人 -まとめ
メディア,https://rab-service.co.jp/media.html,,,,青森県,青森県 PR会社 SNSマーケティング -おすすめ -比較 -ランキング -求人 -まとめ
DIGITAL マーケティング,https://delta-imc.co.jp/degital-marketing,,,,青森県,青森県 PR会社 SNSマーケティング -おすすめ -比較 -ランキング -求人 -まとめ
広報・ SNS ・ PR ・ マーケティング,https://career.nect.jp/job-list/public/,,,,青森県,青森県 PR会社 SNSマーケティング -おすすめ -比較 -ランキング -求人 -まとめ
専門家登録情報 №60,https://www.21aomori.or.jp/21aomori/images/2022/06/18adfd622b73800e88ffd75d154f1b1a-1.pdf,,,,青森県,青森県 PR会社 SNSマーケティング -おすすめ -比較 -ランキング -求人 -まとめ
地方副業案件,https://talent.direct.hipro-job.jp/talent/issue/13755/,,,,青森県,青森県 PR会社 SNSマーケティング -おすすめ -比較 -ランキング -求人 -まとめ
WORKS,https://zais.co.jp/works_tag/webstore-management/,,,,青森県,青森県 PR会社 SNSマーケティング -おすすめ -比較 -ランキング -求人 -まとめ
Connect,https://macure.jp/service/connect/,,,,青森県,青森県 クリエイティブ会社 Webマーケティング -おすすめ -比較 -ランキング -求人 -まとめ
Services,https://estowa.jp/services/,,,,青森県,青森県 クリエイティブ会社 Webマーケティング -おすすめ -比較 -ランキング -求人 -まとめ
株式 会社 Naegi（ナエギ）,https://partners.eventbank.jp/company/1353,,,,青森県,青森県 クリエイティブ会社 Webマーケティング -おすすめ -比較 -ランキング -求人 -まとめ
株式 会社 コミュニケーションズ・コ・ア,https://co-a.net/,,,,青森県,青森県 クリエイティブ会社 Webマーケティング -おすすめ -比較 -ランキング -求人 -まとめ
オフィスカナン株式 会社,https://innovation-net-aomori.ina.pref.aomori.lg.jp/portal/company/%E3%82%AA%E3%83%95%E3%82%A3%E3%82%B9%E3%82%AB%E3%83%8A%E3%83%B3%E6%A0%AA%E5%BC%8F%E4%BC%9A%E7%A4%BE/,,,,青森県,青森県 ブランディング会社 Web集客 -おすすめ -比較 -ランキング -求人 -まとめ
会社 案内,https://chihososei-juku.com/company/,,,,青森県,青森県 ブランディング会社 Web集客 -おすすめ -比較 -ランキング -求人 -まとめ
Web 制作実績,https://arte.aomori.jp/work/,,,,青森県,青森県 ブランディング会社 Web集客 -おすすめ -比較 -ランキング -求人 -まとめ
会社案内,https://uwanodd.com/company/index.html,,,,青森県,青森県 ブランディング会社 Web集客 -おすすめ -比較 -ランキング -求人 -まとめ
The Digital X: デジタルマーケティング/グローバル/インバウンド ...,https://www.thedigitalx.net/,,,,青森県,青森県 ブランディング会社 Web集客 -おすすめ -比較 -ランキング -求人 -まとめ
地域活性化事業,https://office-canaan.com/service/local,,,,青森県,青森県 ブランディング会社 Web集客 -おすすめ -比較 -ランキング -求人 -まとめ
ネット で自動 集客 ・ファン化で顧客倍増 完全プル型の Web ...,https://jmcacon.jp/staaage/,,,,青森県,青森県 ブランディング会社 Web集客 -おすすめ -比較 -ランキング -求人 -まとめ
designデザイン事業部,https://rinto-inc.jp/design/,,,,青森県,青森県 ブランディング会社 Web集客 -おすすめ -比較 -ランキング -求人 -まとめ
写真撮影＆ ブランディング,https://human-ware.net/branding.php,,,,青森県,青森県 ブランディング会社 Web集客 -おすすめ -比較 -ランキング -求人 -まとめ
青森県 令和6年度「県内事業者のデジタル マーケティング 活用状況 ...,https://www.toppan-colorer.co.jp/topics/news20250424-01,,,,青森県,青森県 コンテンツマーケティング 支援会社 -おすすめ -比較 -ランキング -求人 -まとめ
The Digital X合同 会社,https://initial.inc/companies/A-LFTRR,,,,青森県,青森県 コンテンツマーケティング 支援会社 -おすすめ -比較 -ランキング -求人 -まとめ
The Digital X合同 会社,https://www.digima-japan.com/company/thedigitalx/,,,,青森県,青森県 コンテンツマーケティング 支援会社 -おすすめ -比較 -ランキング -求人 -まとめ
青森県 三沢市における LINE を活用した市政情報配信を支援,https://www.trans-cosmos.co.jp/company/news/221026.html,,,,青森県,青森県 LINE CRM マーケティング会社 -おすすめ -比較 -ランキング -求人 -まとめ
中小企業の皆様必見!【補助金適正診断】補助金を活用して事業拡大 ...,https://forceinc.kyoto/hojokin/lp/,,,,青森県,青森県 LINE CRM マーケティング会社 -おすすめ -比較 -ランキング -求人 -まとめ
コミューン、国内最大級の マーケティング ギルドコミュニティと第1 ...,https://communeinc.com/ja/news/2024ja01,,,,青森県,青森県 LINE CRM マーケティング会社 -おすすめ -比較 -ランキング -求人 -まとめ
GMO マーケティング DX お申し込みフォーム,https://contract-forms.gmoc.jp/line-official-account-support-fmt-offer/new/entry,,,,青森県,青森県 LINE CRM マーケティング会社 -おすすめ -比較 -ランキング -求人 -まとめ
LINE 広告攻略セミナー,https://info.webbu.jp/SE_20210121_LINE.html,,,,青森県,青森県 LINE CRM マーケティング会社 -おすすめ -比較 -ランキング -求人 -まとめ
"株式 会社 インザーギ inzaghi, Inc.",https://www.inzaghi.jp/,,,,青森県,青森県 LINE CRM マーケティング会社 -おすすめ -比較 -ランキング -求人 -まとめ
お問い合わせ,https://t2c-inc.com/contact/,,,,青森県,青森県 LINE CRM マーケティング会社 -おすすめ -比較 -ランキング -求人 -まとめ
LINE 運用はプロにお任せ！Lサポートで成果アップ,https://l-support.lconnect.co.jp/,,,,青森県,青森県 LINE CRM マーケティング会社 -おすすめ -比較 -ランキング -求人 -まとめ
〈東京都千代田区〉株式 会社 ゴンドラ,https://app.vachanavi.com/2023/07/28/gondola,,,,青森県,青森県 LINE CRM マーケティング会社 -おすすめ -比較 -ランキング -求人 -まとめ
青森県 弘前市の地方創生を支援 DLE プロデュースの「超城合体 ...,https://magicalir.net/Disclosure/-/file/483922,,,,青森県,青森県 動画広告 マーケティング会社 -おすすめ -比較 -ランキング -求人 -まとめ
【ONEVIEW】美容クリエイター・めめろんが所属,https://nahato.co.jp/news/3831/,,,,青森県,青森県 インフルエンサー マーケティング会社 -おすすめ -比較 -ランキング -求人 -まとめ
looply,https://corp.neo-m.jp/entry/form_snscreator/,,,,青森県,青森県 インフルエンサー マーケティング会社 -おすすめ -比較 -ランキング -求人 -まとめ
imadia株式 会社,https://imad.co.jp/influence.php,,,,青森県,青森県 インフルエンサー マーケティング会社 -おすすめ -比較 -ランキング -求人 -まとめ
青森県 の情報通信業（情報サービス・ネット関連など）代表企業,https://clip-corporation.com/column/informationcommunication-aomori/,,,,青森県,青森県 インフルエンサー マーケティング会社 -おすすめ -比較 -ランキング -求人 -まとめ
ローカル インフルエンサー : インフルエンサー 依頼・登録なら,https://www.local-influencer.net/,,,,青森県,青森県 インフルエンサー マーケティング会社 -おすすめ -比較 -ランキング -求人 -まとめ
最も愛される マーケティング グループを創る,https://www.ma.shacho-direct.jp/buyer-needs/60,,,,青森県,青森県 インフルエンサー マーケティング会社 -おすすめ -比較 -ランキング -求人 -まとめ
アディスミューズ 青森 営業所,https://www.addismuse.co.jp/company/network/area_aomori/,,,,青森県,青森県 中小企業 デジタル販促会社 -おすすめ -比較 -ランキング -求人 -まとめ
YUMEDESIGN SHOWROOM,https://showroom.yumedesign.jpn.com/about-2/,,,,青森県,青森県 中小企業 デジタル販促会社 -おすすめ -比較 -ランキング -求人 -まとめ
令和元年度補正予算 小規模事業者持続化補助金＜一般型＞（第3回 ...,https://r1.jizokukahojokin.info/saitaku/doc/r1i_3_touhoku.pdf,,,,青森県,青森県 中小企業 デジタル販促会社 -おすすめ -比較 -ランキング -求人 -まとめ
プリントオンデマンド,https://accc-web.net/printondemand.html,,,,青森県,青森県 中小企業 デジタル販促会社 -おすすめ -比較 -ランキング -求人 -まとめ
Works,https://www.dct-design.jp/works/,,,,青森県,青森県 中小企業 デジタル販促会社 -おすすめ -比較 -ランキング -求人 -まとめ
DMなどの 販促 サービスで成長中老舗印刷 会社 が思い切った方針転換 ...,https://chiikibin.jp/article/1089/,,,,青森県,青森県 中小企業 デジタル販促会社 -おすすめ -比較 -ランキング -求人 -まとめ
株式 会社 ジョイ・ワールド・パシフィック（ 青森県 事業）の評判,https://auba.eiicon.net/projects/44314/quality,,,,青森県,青森県 中小企業 デジタル販促会社 -おすすめ -比較 -ランキング -求人 -まとめ
青森県 若年者就職 支援 センター ジョブカフェあおもり,https://www.career-bank.co.jp/aomori_saiyosokushin/,,,,青森県,青森県 採用マーケティング SNS支援 -おすすめ -比較 -ランキング -求人 -まとめ
ホームページリニューアルのお知らせ,https://www.t-step.or.jp/%E3%83%9B%E3%83%BC%E3%83%A0%E3%83%9A%E3%83%BC%E3%82%B8%E3%83%AA%E3%83%8B%E3%83%A5%E3%83%BC%E3%82%A2%E3%83%AB%E3%81%AE%E3%81%8A%E7%9F%A5%E3%82%89%E3%81%9B/,,,,青森県,青森県 採用マーケティング SNS支援 -おすすめ -比較 -ランキング -求人 -まとめ
SNS 等活用 支援 事業,https://www.mirasapo.jp/subsidy/45755,,,,青森県,青森県 採用マーケティング SNS支援 -おすすめ -比較 -ランキング -求人 -まとめ
県ホームページへのバナー 広告 掲載の募集,https://www.pref.iwate.jp/about/koukoku/1019216.html,,,,岩手県,岩手県 地域広告代理店 デジタル支援 -おすすめ -比較 -ランキング -求人 -まとめ
会員紹介,https://iwateadc.net/wp1/member,,,,岩手県,岩手県 地域広告代理店 デジタル支援 -おすすめ -比較 -ランキング -求人 -まとめ
sembear合同会社 : 地方自治体の デジタル マーケティング戦略立案 ...,https://sembear.biz/,,,,岩手県,岩手県 地域広告代理店 デジタル支援 -おすすめ -比較 -ランキング -求人 -まとめ
補助金申請 支援,https://www.asoffice-inoue.com/service/subsidy,,,,岩手県,岩手県 地域広告代理店 デジタル支援 -おすすめ -比較 -ランキング -求人 -まとめ
コーディネーター紹介,https://yorozu-iwate.go.jp/coordinators/,,,,岩手県,岩手県 地域広告代理店 デジタル支援 -おすすめ -比較 -ランキング -求人 -まとめ
広告 事業  株式会社プラネット,https://advertisingplanet.co.jp/service/,,,,岩手県,岩手県 地域広告代理店 デジタル支援 -おすすめ -比較 -ランキング -求人 -まとめ
Case 23. 岩手 銀行「 地域 社会のDX 支援 」,https://corporate.jp.canon/profile/business/connect-future/case23,,,,岩手県,岩手県 地域広告代理店 デジタル支援 -おすすめ -比較 -ランキング -求人 -まとめ
岩手県 でSEO対策に強いウェブ マーケティング会社 ならオーパス ...,https://opus-plan.net/area/iwate/,,,,岩手県,岩手県 PR会社 SNSマーケティング -おすすめ -比較 -ランキング -求人 -まとめ
岩手 日報』（2023年12月7日付）の政治経済欄にて、弊社 SNS 統括 ...,https://carta-marketing-firm.co.jp/blog/025/,,,,岩手県,岩手県 PR会社 SNSマーケティング -おすすめ -比較 -ランキング -求人 -まとめ
セミナー,https://kamo-shika.studio/seminar.html,,,,岩手県,岩手県 PR会社 SNSマーケティング -おすすめ -比較 -ランキング -求人 -まとめ
岩手県 の SEOコンサルティング,https://flapnext.com/solution/seo-consulting/area/tohoku/iwate/,,,,岩手県,岩手県 PR会社 SNSマーケティング -おすすめ -比較 -ランキング -求人 -まとめ
広報ワークショップ／松栄堂様,https://www.u-media.jp/media/case_study/a470,,,,岩手県,岩手県 PR会社 SNSマーケティング -おすすめ -比較 -ランキング -求人 -まとめ
【消費者庁】「 SNS で PR 投稿すると報酬がもらえる」と ...,https://www.city.kamaishi.iwate.jp/docs/2024103000031/,,,,岩手県,岩手県 PR会社 SNSマーケティング -おすすめ -比較 -ランキング -求人 -まとめ
BUSINESS CONTENTS 業務内容,https://dreamlab.co.jp/business/,,,,岩手県,岩手県 クリエイティブ会社 Webマーケティング -おすすめ -比較 -ランキング -求人 -まとめ
ジョイント株式 会社,https://www.jnt.jp/,,,,岩手県,岩手県 クリエイティブ会社 Webマーケティング -おすすめ -比較 -ランキング -求人 -まとめ
ホームページ 制作,https://www.naturalcom.jp/service/homepage/,,,,岩手県,岩手県 クリエイティブ会社 Webマーケティング -おすすめ -比較 -ランキング -求人 -まとめ
Works 動画を使用した Web サイトのプロジェクト実績,https://alive-web.co.jp/workscat/movie/,,,,岩手県,岩手県 クリエイティブ会社 Webマーケティング -おすすめ -比較 -ランキング -求人 -まとめ
【 岩手県 の住宅 会社 向け】LINE公式アカウント活用術 ...,https://miraie-c.jp/event/seminar/4079/,,,,岩手県,岩手県 ブランディング会社 Web集客 -おすすめ -比較 -ランキング -求人 -まとめ
お問い合わせ,https://beak-promo.jp/contact/,,,,岩手県,岩手県 ブランディング会社 Web集客 -おすすめ -比較 -ランキング -求人 -まとめ
マーケティング – Aqsh,https://aqsh.co.jp/category/marketing/,,,,岩手県,岩手県 ブランディング会社 Web集客 -おすすめ -比較 -ランキング -求人 -まとめ
株式 会社 コミュニケーションズ・コ・ア 詳細ページ,https://tsunaweb.book.mynavi.jp/tsunaweb/company/detail/id=3723,,,,岩手県,岩手県 ブランディング会社 Web集客 -おすすめ -比較 -ランキング -求人 -まとめ
めんこいエンタープライズ コンテンツ事業部制作実績,https://mepdc.net/works/index.html,,,,岩手県,岩手県 ブランディング会社 Web集客 -おすすめ -比較 -ランキング -求人 -まとめ
制作実績,https://www.accs-c.co.jp/webmarketing/works/,,,,岩手県,岩手県 ブランディング会社 Web集客 -おすすめ -比較 -ランキング -求人 -まとめ
岩手県 アーカイブ,https://n-works.link/?prefecture=iwate,,,,岩手県,岩手県 コンテンツマーケティング 支援会社 -おすすめ -比較 -ランキング -求人 -まとめ
地方創生・地域 コンテンツ 開発事業,https://coco-harete.com/regional-revitalization/,,,,岩手県,岩手県 コンテンツマーケティング 支援会社 -おすすめ -比較 -ランキング -求人 -まとめ
【お知らせ】ファン マーケティング サポーター「株式 会社 BOKURA ...,https://www.bigbulls.jp/news/detail/id=14382,,,,岩手県,岩手県 コンテンツマーケティング 支援会社 -おすすめ -比較 -ランキング -求人 -まとめ
会社 概要,https://ai-create.net/company/,,,,岩手県,岩手県 コンテンツマーケティング 支援会社 -おすすめ -比較 -ランキング -求人 -まとめ
Crossover Group株式 会社,https://crossovergroup.jp/cases,,,,岩手県,岩手県 LINE CRM マーケティング会社 -おすすめ -比較 -ランキング -求人 -まとめ
エイジア、ディー・ディー・エス、横河レンタ・リースが ...,https://dds.co.jp/ja/5203/,,,,岩手県,岩手県 LINE CRM マーケティング会社 -おすすめ -比較 -ランキング -求人 -まとめ
about,https://writealight.jp/about/,,,,岩手県,岩手県 動画広告 マーケティング会社 -おすすめ -比較 -ランキング -求人 -まとめ
株式 会社 Lumii,https://www.ikkatsu.jp/eizo/corp/348/,,,,岩手県,岩手県 動画広告 マーケティング会社 -おすすめ -比較 -ランキング -求人 -まとめ
「いわぎん 広告 ・ マーケティング サービス」WEBページ ...,https://www.iwatebank.co.jp/assets/pdf/20240821_admarketing.pdf,,,,岩手県,岩手県 動画広告 マーケティング会社 -おすすめ -比較 -ランキング -求人 -まとめ
SNS 動画広告 企画・運用,https://www.oz-magic.co.jp/youtube,,,,岩手県,岩手県 動画広告 マーケティング会社 -おすすめ -比較 -ランキング -求人 -まとめ
岩手 町 インフルエンサー プロモーション,https://www.flag-pictures.co.jp/works/client/4378/,,,,岩手県,岩手県 インフルエンサー マーケティング会社 -おすすめ -比較 -ランキング -求人 -まとめ
【2025年最新】163万人超のフォロワーを持つ インフルエンサー 達 ...,https://touchtv.jp/blog/1476,,,,岩手県,岩手県 インフルエンサー マーケティング会社 -おすすめ -比較 -ランキング -求人 -まとめ
提案名 岩手県 の内陸沿岸連携によるSBNR層誘客と受入基盤整備,https://www.reconstruction.go.jp/files/user/topics/main-cat1/sub-cat1-19/20210401_model01.pdf,,,,岩手県,岩手県 インフルエンサー マーケティング会社 -おすすめ -比較 -ランキング -求人 -まとめ
トヨタカローラ 岩手 (株)の前年度 採用 データ,https://job.mynavi.jp/28/pc/corpinfo/displayPrevEmployment/index/?corpId=58529&recruitingCourseId=27064593,,,,岩手県,岩手県 採用マーケティング SNS支援 -おすすめ -比較 -ランキング -求人 -まとめ
SNS 動画活用セミナー 開催要領,https://www.shokokai.com/otsuchi/cms/wp-content/uploads/2023/12/SNS%E5%8B%95%E7%94%BB%E6%B4%BB%E7%94%A8%E3%82%BB%E3%83%9F%E3%83%8A%E3%83%BCR5.1.29-%E9%96%8B%E5%82%AC%E8%A6%81%E9%A0%98.pdf,,,,岩手県,岩手県 採用マーケティング SNS支援 -おすすめ -比較 -ランキング -求人 -まとめ
岩手県 県南広域振興局『令和8年度岩手県南中小企業製造業等DX ...,https://www.abeyasu.co.jp/category/news/,,,,岩手県,岩手県 採用マーケティング SNS支援 -おすすめ -比較 -ランキング -求人 -まとめ
洋野町地域おこし協力隊募集要綱,https://www.minami-skh.com/recruit-a/,,,,岩手県,岩手県 採用マーケティング SNS支援 -おすすめ -比較 -ランキング -求人 -まとめ
パートナーシップ,https://thkrc.co.jp/partner/,,,,岩手県,岩手県 中小企業 デジタル販促会社 -おすすめ -比較 -ランキング -求人 -まとめ
生成AI活用で業務効率化・売上アップにつなげる ...,https://work-redesign.com/news-post/event_20260212/,,,,岩手県,岩手県 中小企業 デジタル販促会社 -おすすめ -比較 -ランキング -求人 -まとめ
【DX人材育成セミナー】知識ゼロでもわかるDXマーケティング基礎 ...,https://yahrc.org/dx1-dx-marketing/,,,,岩手県,岩手県 中小企業 デジタル販促会社 -おすすめ -比較 -ランキング -求人 -まとめ
R4Üc_5! L¶i°lh(ê¹È.xlsm,https://jsh.go.jp/r4h/assets/pdf/05/adoption-keieishakoutai_business.pdf,,,,岩手県,岩手県 中小企業 デジタル販促会社 -おすすめ -比較 -ランキング -求人 -まとめ
専門家登録者名簿,https://www.bic-akita.or.jp/uploads/File/%E5%B0%82%E9%96%80%E5%AE%B6%E6%B4%BE%E9%81%A3/301201%E5%85%AC%E9%96%8B%E7%94%A8%E5%90%8D%E7%B0%BF(1).pdf,,,,岩手県,岩手県 中小企業 デジタル販促会社 -おすすめ -比較 -ランキング -求人 -まとめ
岩手県 へ要望書を提出!,https://www.seiei.or.jp/iwate/pdf/seieigenko/115genko.pdf,,,,岩手県,岩手県 中小企業 デジタル販促会社 -おすすめ -比較 -ランキング -求人 -まとめ
宮城県広告 事業の御案内,https://www.pref.miyagi.jp/soshiki/kanzai/koukoku-top.html,,,,宮城県,宮城県 地域広告代理店 デジタル支援 -おすすめ -比較 -ランキング -求人 -まとめ
宮城県 仙台市でリスティング 広告 なら株式会社CONVY,https://convy.co.jp/web/ad/,,,,宮城県,宮城県 地域広告代理店 デジタル支援 -おすすめ -比較 -ランキング -求人 -まとめ
会社概要,https://www.ichico.co.jp/company/information/,,,,宮城県,宮城県 地域広告代理店 デジタル支援 -おすすめ -比較 -ランキング -求人 -まとめ
東北支店,https://tohoku.aap.co.jp/,,,,宮城県,宮城県 地域広告代理店 デジタル支援 -おすすめ -比較 -ランキング -求人 -まとめ
AMU株式会社,https://amu-inc.net/,,,,宮城県,宮城県 地域広告代理店 デジタル支援 -おすすめ -比較 -ランキング -求人 -まとめ
会社概要,https://localio.co.jp/company/,,,,宮城県,宮城県 地域広告代理店 デジタル支援 -おすすめ -比較 -ランキング -求人 -まとめ
店舗まるごと 支援,https://www.orientcoating.jp/support/,,,,宮城県,宮城県 地域広告代理店 デジタル支援 -おすすめ -比較 -ランキング -求人 -まとめ
リアルな消費者の姿を捉え、 地域 から必要とされる存在に。地元 ...,https://digital-shift.jp/micro_dx/6YwLr,,,,宮城県,宮城県 地域広告代理店 デジタル支援 -おすすめ -比較 -ランキング -求人 -まとめ
&life's,https://www.andlifes.co.jp/,,,,宮城県,宮城県 PR会社 SNSマーケティング -おすすめ -比較 -ランキング -求人 -まとめ
ABOUT US,https://aaoo.jp/about/,,,,宮城県,宮城県 PR会社 SNSマーケティング -おすすめ -比較 -ランキング -求人 -まとめ
宮城 ・仙台のWeb制作と拡散力は,https://beprogress.jp/web/,,,,宮城県,宮城県 PR会社 SNSマーケティング -おすすめ -比較 -ランキング -求人 -まとめ
宮城県 仙台市の ホームページ 制作なら株式 会社ウェブ ...,https://web-marketing-lab.com/,,,,宮城県,宮城県 クリエイティブ会社 Webマーケティング -おすすめ -比較 -ランキング -求人 -まとめ
ガチで刺さる Web マーケで話題】のトランバードが『 宮城 を代表 ...,https://madeinlocal.jp/area/miyagi/companies/news/006,,,,宮城県,宮城県 クリエイティブ会社 Webマーケティング -おすすめ -比較 -ランキング -求人 -まとめ
Web 部門,https://www.leprojet.co.jp/recruit-site/works/web/,,,,宮城県,宮城県 クリエイティブ会社 Webマーケティング -おすすめ -比較 -ランキング -求人 -まとめ
COMPANY,https://commedia-net.com/company/,,,,宮城県,宮城県 クリエイティブ会社 Webマーケティング -おすすめ -比較 -ランキング -求人 -まとめ
宮城県 仙台市で映像制作・動画制作ならギビー仙台,https://givee-sendai.com/,,,,宮城県,宮城県 クリエイティブ会社 Webマーケティング -おすすめ -比較 -ランキング -求人 -まとめ
.Lab（ドットラボ ）- 株式 会社 KSB クリエイティブ 事業部,https://ksb-sendai.co.jp/website/creative,,,,宮城県,宮城県 クリエイティブ会社 Webマーケティング -おすすめ -比較 -ランキング -求人 -まとめ
ホームページ制作 仙台,https://www.neoindex.co.jp/sendai/,,,,宮城県,宮城県 ブランディング会社 Web集客 -おすすめ -比較 -ランキング -求人 -まとめ
WEB 商材の販売代理店(株式 会社 ライカマーケティングさん)の詳細 ...,https://shinkin-connect.jp/search1/?mode=disp&key=1004,,,,宮城県,宮城県 ブランディング会社 Web集客 -おすすめ -比較 -ランキング -求人 -まとめ
東京・名古屋の Web サイト制作 会社,https://www.lincom.co.jp/service/web/,,,,宮城県,宮城県 ブランディング会社 Web集客 -おすすめ -比較 -ランキング -求人 -まとめ
想いと人をつなぐセールスプロモーション,https://flot.co.jp/power/promotion/,,,,宮城県,宮城県 ブランディング会社 Web集客 -おすすめ -比較 -ランキング -求人 -まとめ
WEB 事業,https://www.nissenren-sendai.jp/service/web,,,,宮城県,宮城県 ブランディング会社 Web集客 -おすすめ -比較 -ランキング -求人 -まとめ
SNSの力で地方企業の価値を未来へ――SNSの右腕が描く地域 ...,https://kei-do.com/interview2/02737/,,,,宮城県,宮城県 ブランディング会社 Web集客 -おすすめ -比較 -ランキング -求人 -まとめ
WEB コンサルティング,https://www.smt-net.co.jp/service/consulting/,,,,宮城県,宮城県 ブランディング会社 Web集客 -おすすめ -比較 -ランキング -求人 -まとめ
神奈川県鎌倉・ 宮城県 仙台・北海道札幌のA型・B型事業所 株式 会社 ...,https://cocopia-works.jp/blog/20260406/,,,,宮城県,宮城県 コンテンツマーケティング 支援会社 -おすすめ -比較 -ランキング -求人 -まとめ
仙台勤務,https://recruit.sold-out.co.jp/recruit02_detail02,,,,宮城県,宮城県 コンテンツマーケティング 支援会社 -おすすめ -比較 -ランキング -求人 -まとめ
中途,https://www.ab-net.co.jp/recruit/career/tohoku/215/,,,,宮城県,宮城県 LINE CRM マーケティング会社 -おすすめ -比較 -ランキング -求人 -まとめ
ナンダリカンダリ,https://www.nandarycandary.net/,,,,宮城県,宮城県 LINE CRM マーケティング会社 -おすすめ -比較 -ランキング -求人 -まとめ
ナンダリカンダリ,https://nandarycandary.com/,,,,宮城県,宮城県 LINE CRM マーケティング会社 -おすすめ -比較 -ランキング -求人 -まとめ
Hello Friends! W!th LINE ヤフー,https://pages.lycbiz.com/hellofriends2026,,,,宮城県,宮城県 LINE CRM マーケティング会社 -おすすめ -比較 -ランキング -求人 -まとめ
武田 知浩,https://glocal-marketing.jp/staff/takeda/,,,,宮城県,宮城県 LINE CRM マーケティング会社 -おすすめ -比較 -ランキング -求人 -まとめ
カタリナ マーケティング と LINE が提供するポイント還元型サービス ...,https://catalinamarketing.co.jp/press/2022/09/catalina-yorkbenimaru/,,,,宮城県,宮城県 LINE CRM マーケティング会社 -おすすめ -比較 -ランキング -求人 -まとめ
COMPANY 企業情報,https://www.agency.co.jp/company/,,,,宮城県,宮城県 動画広告 マーケティング会社 -おすすめ -比較 -ランキング -求人 -まとめ
ABOUT,https://wecando.co.jp/about/,,,,宮城県,宮城県 動画広告 マーケティング会社 -おすすめ -比較 -ランキング -求人 -まとめ
【期間限定】 宮城県 の飲食店を応援！グルメ特化型 インフル ...,https://adv.tokyo-np.co.jp/prtimes/article72988/,,,,宮城県,宮城県 インフルエンサー マーケティング会社 -おすすめ -比較 -ランキング -求人 -まとめ
わたしたちのこと,https://www.sense-inc.jp/aboutus,,,,宮城県,宮城県 インフルエンサー マーケティング会社 -おすすめ -比較 -ランキング -求人 -まとめ
株式 会社 R＆Jプロモーション,https://randj.co.jp/about.html,,,,宮城県,宮城県 インフルエンサー マーケティング会社 -おすすめ -比較 -ランキング -求人 -まとめ
SNSを活用した集客のDX,https://digibiz-miyagi.jp/archives/516,,,,宮城県,宮城県 インフルエンサー マーケティング会社 -おすすめ -比較 -ランキング -求人 -まとめ
私たちについて,https://seals-marketing.com/about/,,,,宮城県,宮城県 インフルエンサー マーケティング会社 -おすすめ -比較 -ランキング -求人 -まとめ
プロ人材をお探しの皆様へ（助成金・イベント・活用事例等）,https://miyagi-projinzai.jp/area/results.html,,,,宮城県,宮城県 採用マーケティング SNS支援 -おすすめ -比較 -ランキング -求人 -まとめ
専門家のご紹介：三浦 哲志,https://www.siip.city.sendai.jp/ouen/expert/miurasatoshi,,,,宮城県,宮城県 採用マーケティング SNS支援 -おすすめ -比較 -ランキング -求人 -まとめ
ベトナムの SNSマーケティング ・ SNS 運用ならアビリブベトナム,https://www.abilive.vn/service/sns/,,,,宮城県,宮城県 採用マーケティング SNS支援 -おすすめ -比較 -ランキング -求人 -まとめ
支援情報,https://www.sendaicci.or.jp/subsidy/,,,,宮城県,宮城県 中小企業 デジタル販促会社 -おすすめ -比較 -ランキング -求人 -まとめ
支援専門家,https://www.tokeiren-bc.jp/committee.html,,,,宮城県,宮城県 中小企業 デジタル販促会社 -おすすめ -比較 -ランキング -求人 -まとめ
組合情報ナビ,https://www.chuokai-nara.or.jp/chuokai/kumiai_navi.html,,,,宮城県,宮城県 中小企業 デジタル販促会社 -おすすめ -比較 -ランキング -求人 -まとめ
生産性向上支援センターのサポーターを募集しています。【〆切,https://yorozu-miyagi.go.jp/news/koubo20260208/,,,,宮城県,宮城県 中小企業 デジタル販促会社 -おすすめ -比較 -ランキング -求人 -まとめ
エピソード,https://www.so-tech.co.jp/episode,,,,秋田県,秋田県 地域広告代理店 デジタル支援 -おすすめ -比較 -ランキング -求人 -まとめ
会社概要 – 株式会社ジャオダック-屋外 広告 取引市場JAODAQ®,https://jaodaq.co.jp/outline/,,,,秋田県,秋田県 地域広告代理店 デジタル支援 -おすすめ -比較 -ランキング -求人 -まとめ
秋田県,https://www.hyojito.co.jp/business/digitalsignage/navita/akita.php,,,,秋田県,秋田県 地域広告代理店 デジタル支援 -おすすめ -比較 -ランキング -求人 -まとめ
物価高騰生活 支援 事業について,https://www.city.akita.lg.jp/kurashi/1050030.html,,,,秋田県,秋田県 地域広告代理店 デジタル支援 -おすすめ -比較 -ランキング -求人 -まとめ
総合 広告代理,https://www.z-bs.co.jp/business/advertising_agent.html,,,,秋田県,秋田県 地域広告代理店 デジタル支援 -おすすめ -比較 -ランキング -求人 -まとめ
【支援事例： 秋田県 様】インフルエンサー活用で ...,https://www.toonippo.co.jp/articles/-/2298470,,,,秋田県,秋田県 PR会社 SNSマーケティング -おすすめ -比較 -ランキング -求人 -まとめ
県内企業のための SNSマーケティング セミナー,https://mineba.net/2023/05/01/7b09da20-e7e3-11ed-8625-1d5847764ccc,,,,秋田県,秋田県 PR会社 SNSマーケティング -おすすめ -比較 -ランキング -求人 -まとめ
秋田県 で SNSマーケティング 用の写真撮影依頼が可能なカメラマン,https://www.delta.photo/photographers/search/akita-sns-marketing,,,,秋田県,秋田県 PR会社 SNSマーケティング -おすすめ -比較 -ランキング -求人 -まとめ
東北の SNSマーケティング のプロチーム,https://chazzsns.com/,,,,秋田県,秋田県 PR会社 SNSマーケティング -おすすめ -比較 -ランキング -求人 -まとめ
米国東海岸における 秋田県 産米テスト マーケティング 業務委託に ...,https://www.pref.akita.lg.jp/pages/archive/97830,,,,秋田県,秋田県 PR会社 SNSマーケティング -おすすめ -比較 -ランキング -求人 -まとめ
SNS キャンペーン・ SNS 広告・運用代行は【TOPPANクロレ ...,https://www.uniworx.co.jp/sns-marketing,,,,秋田県,秋田県 PR会社 SNSマーケティング -おすすめ -比較 -ランキング -求人 -まとめ
自治体,https://engawa.global/works_cat/businessfield/1/,,,,秋田県,秋田県 PR会社 SNSマーケティング -おすすめ -比較 -ランキング -求人 -まとめ
経営者略歴,https://www.i-cept.jp/company/resume/,,,,秋田県,秋田県 クリエイティブ会社 Webマーケティング -おすすめ -比較 -ランキング -求人 -まとめ
株式 会社 ツバサ,https://kocchake.com/pages/company/c_3296,,,,秋田県,秋田県 クリエイティブ会社 Webマーケティング -おすすめ -比較 -ランキング -求人 -まとめ
株式 会社 ツバサ,https://tohoku6.jp/company-info/%E6%A0%AA%E5%BC%8F%E4%BC%9A%E7%A4%BE%E3%83%84%E3%83%90%E3%82%B5,,,,秋田県,秋田県 クリエイティブ会社 Webマーケティング -おすすめ -比較 -ランキング -求人 -まとめ
職業訓練詳細,https://www.hellowork.mhlw.go.jp/kensaku/GECA150010.do?screenId=GECA150010&action=dispDetailBtn&kRNShubetsu_Detail=01&shinseiNendo_Detail=08&tDFKNo_Detail=05&kRNTsuban_Detail=0001,,,,秋田県,秋田県 クリエイティブ会社 Webマーケティング -おすすめ -比較 -ランキング -求人 -まとめ
秋田 ・東京,https://produce-pro.co.jp/service/produce/,,,,秋田県,秋田県 ブランディング会社 Web集客 -おすすめ -比較 -ランキング -求人 -まとめ
【潟上市・ 秋田 市】のデザイン・ Web 制作,https://www.hibari-design-planing.com/,,,,秋田県,秋田県 ブランディング会社 Web集客 -おすすめ -比較 -ランキング -求人 -まとめ
株式 会社 フォチューナ Web 広告とソーシャルマーケティング支援,https://www.fortuna-inc.jp/company/,,,,秋田県,秋田県 ブランディング会社 Web集客 -おすすめ -比較 -ランキング -求人 -まとめ
弊社と業務提携をお考えの企業様へ,https://www.print-solution.com/partner-01.html,,,,秋田県,秋田県 ブランディング会社 Web集客 -おすすめ -比較 -ランキング -求人 -まとめ
小さな 会社 が ネット集客 で失敗しないための4つの要諦,https://lagrange-point.jp/seminar/%E5%B0%8F%E3%81%95%E3%81%AA%E4%BC%9A%E7%A4%BE%E3%81%8C%E3%83%8D%E3%83%83%E3%83%88%E9%9B%86%E5%AE%A2%E3%81%A7%E5%A4%B1%E6%95%97%E3%81%97%E3%81%AA%E3%81%84%E3%81%9F%E3%82%81%E3%81%AE%EF%BC%94%E3%81%A4,,,,秋田県,秋田県 ブランディング会社 Web集客 -おすすめ -比較 -ランキング -求人 -まとめ
会社 概要 – YAOKI,https://yaoki.biz/aboutus/,,,,秋田県,秋田県 コンテンツマーケティング 支援会社 -おすすめ -比較 -ランキング -求人 -まとめ
会社 概要,https://se-ups.jp/company/,,,,秋田県,秋田県 コンテンツマーケティング 支援会社 -おすすめ -比較 -ランキング -求人 -まとめ
メンバー紹介,https://dotz.co.jp/member/,,,,秋田県,秋田県 LINE CRM マーケティング会社 -おすすめ -比較 -ランキング -求人 -まとめ
不動産 会社 向け顧客管理機能（ CRM ）が、 LINE 登録から自動追客 ...,https://www.ielove-group.jp/news/detail-338,,,,秋田県,秋田県 LINE CRM マーケティング会社 -おすすめ -比較 -ランキング -求人 -まとめ
導入事例,https://www.webcas.jp/casestudy/,,,,秋田県,秋田県 LINE CRM マーケティング会社 -おすすめ -比較 -ランキング -求人 -まとめ
株式 会社秋田 ケーブルテレビ,https://www.content-tokyo.jp/tokyo/ja-jp/search/2026con0407/directory/directory-details.%E6%A0%AA%E5%BC%8F%E4%BC%9A%E7%A4%BE%E7%A7%8B%E7%94%B0%E3%82%B1%E3%83%BC%E3%83%96%E3%83%AB%E3%83%86%E3%83%AC%E3%83%93.org-a4596342-51e1-4fa8-b8ad-b44281e5d3d9.html,,,,秋田県,秋田県 動画広告 マーケティング会社 -おすすめ -比較 -ランキング -求人 -まとめ
CHAZZ代表渡辺様へのインタビュー,https://niaho.co.jp/interview/_Wj573Ke,,,,秋田県,秋田県 インフルエンサー マーケティング会社 -おすすめ -比較 -ランキング -求人 -まとめ
ニュースリリース,https://lmg.co.jp/news/tag/01_newsrelease/,,,,秋田県,秋田県 インフルエンサー マーケティング会社 -おすすめ -比較 -ランキング -求人 -まとめ
著名人キャスティング Twitter 東日本旅客鉄道株式 会社 様 「 秋田県 ...,https://ccpr.jp/works/%E8%91%97%E5%90%8D%E4%BA%BA%E3%82%AD%E3%83%A3%E3%82%B9%E3%83%86%E3%82%A3%E3%83%B3%E3%82%B0%E3%80%80twitter%E3%80%80%E6%9D%B1%E6%97%A5%E6%9C%AC%E6%97%85%E5%AE%A2%E9%89%84%E9%81%93%E6%A0%AA%E5%BC%8F/,,,,秋田県,秋田県 インフルエンサー マーケティング会社 -おすすめ -比較 -ランキング -求人 -まとめ
自治体 マーケティング のパイオニア流山市 秋田県 の挑戦と重ねて ...,https://www.adf.co.jp/dx/akitadxreport/akitadxreport-20250731090000.html,,,,秋田県,秋田県 採用マーケティング SNS支援 -おすすめ -比較 -ランキング -求人 -まとめ
リクルート「サンカク」× 秋田県 プロ人材戦略拠点共同プロジェクト,https://www.akita-projin.com/wp/wp-content/uploads/2023/01/f013a1ee8015f65b348af8c0fd34c353-1.pdf,,,,秋田県,秋田県 採用マーケティング SNS支援 -おすすめ -比較 -ランキング -求人 -まとめ
「スキル補完コース」申込フォーム,https://akita-yorozu.go.jp/meeting/form_course1/,,,,秋田県,秋田県 採用マーケティング SNS支援 -おすすめ -比較 -ランキング -求人 -まとめ
秋田県 のホームページ・WEBサイト制作対応エリア- 株式 会社 ...,https://digital-dive.com/area/2054/,,,,秋田県,秋田県 中小企業 デジタル販促会社 -おすすめ -比較 -ランキング -求人 -まとめ
株式 会社 サキガケ・アド・ブレーン,https://www.city.akita.akita.jp/wp/database/sp/detail.php?id=1438,,,,秋田県,秋田県 中小企業 デジタル販促会社 -おすすめ -比較 -ランキング -求人 -まとめ
省力化投資補助金（ 秋田 ）,https://k-supporterz.jp/05_Akita/syoryokuka.html,,,,秋田県,秋田県 中小企業 デジタル販促会社 -おすすめ -比較 -ランキング -求人 -まとめ
田中徳子,https://chiikishigen-renkei.jp/planner/171,,,,秋田県,秋田県 中小企業 デジタル販促会社 -おすすめ -比較 -ランキング -求人 -まとめ
山形 の総合 広告代理店,https://sam-com.co.jp/page/2/,,,,山形県,山形県 地域広告代理店 デジタル支援 -おすすめ -比較 -ランキング -求人 -まとめ
企業情報,https://www.yamagata-is.jp/company/,,,,山形県,山形県 地域広告代理店 デジタル支援 -おすすめ -比較 -ランキング -求人 -まとめ
山形県,https://www.pref.yamagata.jp/documents/17005/1_menber_koso.pdf,,,,山形県,山形県 地域広告代理店 デジタル支援 -おすすめ -比較 -ランキング -求人 -まとめ
About — CRAFH合同会社,https://crafh.co.jp/about,,,,山形県,山形県 地域広告代理店 デジタル支援 -おすすめ -比較 -ランキング -求人 -まとめ
山形県 の SNSマーケティング なら「MSBY（ムスビー）」,https://msby.work/,,,,山形県,山形県 PR会社 SNSマーケティング -おすすめ -比較 -ランキング -求人 -まとめ
山形県 の魅力を発信します！！2026/27シーズン モンテディオ山形 ...,https://www.montedioyamagata.jp/news/p/30006/,,,,山形県,山形県 PR会社 SNSマーケティング -おすすめ -比較 -ランキング -求人 -まとめ
山形県 山形市の SNSマーケティング : 株式 会社 ARISEARISE,https://www.arise-y.com/,,,,山形県,山形県 PR会社 SNSマーケティング -おすすめ -比較 -ランキング -求人 -まとめ
株式 会社 if,https://if-plus.co.jp/,,,,山形県,山形県 クリエイティブ会社 Webマーケティング -おすすめ -比較 -ランキング -求人 -まとめ
会社 案内,https://tsunagu-hp.jp/company/,,,,山形県,山形県 クリエイティブ会社 Webマーケティング -おすすめ -比較 -ランキング -求人 -まとめ
株式 会社 KUMIHIMO（くみひも）,https://www.kumihimo.one/,,,,山形県,山形県 クリエイティブ会社 Webマーケティング -おすすめ -比較 -ランキング -求人 -まとめ
マーケティング ＆ クリエイティブ （ 山形県 大石田町）,https://www.mogamiya.jp/about/,,,,山形県,山形県 クリエイティブ会社 Webマーケティング -おすすめ -比較 -ランキング -求人 -まとめ
私たちの強み,https://ds-k.site/strengths/,,,,山形県,山形県 ブランディング会社 Web集客 -おすすめ -比較 -ランキング -求人 -まとめ
東北エリア アーカイブ,https://www.glcl.co.jp/area/tohoku/,,,,山形県,山形県 ブランディング会社 Web集客 -おすすめ -比較 -ランキング -求人 -まとめ
M＋B room： 山形県 のマーケティング・ ブランディング会社,https://mbroom.com/,,,,山形県,山形県 ブランディング会社 Web集客 -おすすめ -比較 -ランキング -求人 -まとめ
わたしたちの想い,https://kihachiya.co.jp/website/our_thoughts/,,,,山形県,山形県 ブランディング会社 Web集客 -おすすめ -比較 -ランキング -求人 -まとめ
株式 会社 kagarito（かがりと）,https://kagarito.site/,,,,山形県,山形県 ブランディング会社 Web集客 -おすすめ -比較 -ランキング -求人 -まとめ
コンテンツマーケティング を実践。アクセス数4倍で売上拡大,https://yorozu-yamagata.go.jp/%E6%94%AF%E6%8F%B4%E4%BA%8B%E4%BE%8B/%E3%83%81%E3%83%BC%E3%83%A0%E3%83%93%E3%83%AB%E3%83%87%E3%82%A3%E3%83%B3%E3%82%B0%E3%82%92%E6%94%AF%E6%8F%B4%E3%81%97%E3%80%81%E3%82%B3%E3%83%B3%E3%83%86%E3%83%B3%E3%83%84%E3%83%9E%E3%83%BC%E3%82%B1/,,,,山形県,山形県 コンテンツマーケティング 支援会社 -おすすめ -比較 -ランキング -求人 -まとめ
柳 誠人,https://partido.co.jp/company/masato-yanagi/,,,,山形県,山形県 コンテンツマーケティング 支援会社 -おすすめ -比較 -ランキング -求人 -まとめ
滝口 誠,https://happyanalytics.co.jp/grad_makoto_takiguchi/,,,,山形県,山形県 コンテンツマーケティング 支援会社 -おすすめ -比較 -ランキング -求人 -まとめ
柳誠人.com,https://masatoyanagi.com/,,,,山形県,山形県 コンテンツマーケティング 支援会社 -おすすめ -比較 -ランキング -求人 -まとめ
セグメント配信 Archives,https://www.playnext-lab.co.jp/tag/%E3%82%BB%E3%82%B0%E3%83%A1%E3%83%B3%E3%83%88%E9%85%8D%E4%BF%A1/,,,,山形県,山形県 LINE CRM マーケティング会社 -おすすめ -比較 -ランキング -求人 -まとめ
スーパーヤマザワが全70店舗で「 LINE WORKS」を導入,https://line-works.com/pr/20231107/,,,,山形県,山形県 LINE CRM マーケティング会社 -おすすめ -比較 -ランキング -求人 -まとめ
金山町町制施行100周年記念アニメーション,https://www.g-angle.co.jp/works/11177/,,,,山形県,山形県 動画広告 マーケティング会社 -おすすめ -比較 -ランキング -求人 -まとめ
東北SNS マーケティング ＆ネット 広告 勉強会2025in 山形県 村山市,https://www.japan-affiliate.org/news/murayama251106/,,,,山形県,山形県 動画広告 マーケティング会社 -おすすめ -比較 -ランキング -求人 -まとめ
WEB マーケティング 担当,https://recruit.ych-exceed.com/work/web%E3%83%9E%E3%83%BC%E3%82%B1%E3%83%86%E3%82%A3%E3%83%B3%E3%82%B0%E6%8B%85%E5%BD%93/,,,,山形県,山形県 動画広告 マーケティング会社 -おすすめ -比較 -ランキング -求人 -まとめ
運営 会社,https://webbranding.jp/about/,,,,山形県,山形県 動画広告 マーケティング会社 -おすすめ -比較 -ランキング -求人 -まとめ
ブランドづくり講座,https://iimono-yamagata.jp/wp/wp-content/uploads/kouza_chirashi_teisei.pdf,,,,山形県,山形県 インフルエンサー マーケティング会社 -おすすめ -比較 -ランキング -求人 -まとめ
【8月7日開催】基礎力向上セミナー第9回 SNS マーケティング ...,https://nohaku-manegement.com/2026/07/23/%E3%80%908%E6%9C%887%E6%97%A5%E9%96%8B%E5%82%AC%E3%80%91%E5%9F%BA%E7%A4%8E%E5%8A%9B%E5%90%91%E4%B8%8A%E3%82%BB%E3%83%9F%E3%83%8A%E3%83%BC%E7%AC%AC9%E5%9B%9E-sns%E3%83%9E%E3%83%BC%E3%82%B1%E3%83%86/,,,,山形県,山形県 インフルエンサー マーケティング会社 -おすすめ -比較 -ランキング -求人 -まとめ
R. S.,https://43s.co.jp/people/s002134/,,,,山形県,山形県 インフルエンサー マーケティング会社 -おすすめ -比較 -ランキング -求人 -まとめ
山形県 信用保証協会「 SNS ・WEB マーケティング 個別相談会 ...,https://www.ysh.or.jp/news/news-6649/,,,,山形県,山形県 採用マーケティング SNS支援 -おすすめ -比較 -ランキング -求人 -まとめ
山形県,https://dxpo.jp/real/fox/osaka25/system/product.html?supplier_id=1404&company_name=%E5%B1%B1%E5%BD%A2%E7%9C%8C,,,,山形県,山形県 採用マーケティング SNS支援 -おすすめ -比較 -ランキング -求人 -まとめ
お問い合わせ,https://seethestars.jp/contents/category/contact/,,,,山形県,山形県 採用マーケティング SNS支援 -おすすめ -比較 -ランキング -求人 -まとめ
副業・兼業、プロボノをはじめとする「外部人材活用」の事例動画 ...,https://www.tohoku.meti.go.jp/s_sangi_jinza/topics/230512_2.html,,,,山形県,山形県 採用マーケティング SNS支援 -おすすめ -比較 -ランキング -求人 -まとめ
山形県中小企業 スーパートータルサポ補助金(コンサルティング活用 ...,https://www.chuokai-yamagata.or.jp/chuokai/totalsupport/download/saitaku_consulH29-R2.pdf,,,,山形県,山形県 中小企業 デジタル販促会社 -おすすめ -比較 -ランキング -求人 -まとめ
令和8年度寒河江市 中小企業 販売促進事業費補助金,https://www.city.sagae.yamagata.jp/jigyou/syogyou/hanbaisokushinhojo.html,,,,山形県,山形県 中小企業 デジタル販促会社 -おすすめ -比較 -ランキング -求人 -まとめ
栃木県 中小企業 家同友会 経営フォーラム 自社の「か・だ・い」知っ ...,https://minaterrace.jp/event/2066,,,,山形県,山形県 中小企業 デジタル販促会社 -おすすめ -比較 -ランキング -求人 -まとめ
「Web・ デジタル 活用お悩み相談会」開催のお知らせ,https://www.shonai-sansin.or.jp/otherpost/13029/,,,,山形県,山形県 中小企業 デジタル販促会社 -おすすめ -比較 -ランキング -求人 -まとめ
いわき・郡山の 広告代理店 有限会社ABCいわき,https://abc-iwaki.jp/,,,,福島県,福島県 地域広告代理店 デジタル支援 -おすすめ -比較 -ランキング -求人 -まとめ
サイネージ 広告 会社様のホームページ制作,https://www.fukushima-web.com/works/17459,,,,福島県,福島県 地域広告代理店 デジタル支援 -おすすめ -比較 -ランキング -求人 -まとめ
C orporate P rofile,https://www.light-agc.co.jp/common/pdf/companyprofile.pdf?20251215,,,,福島県,福島県 地域広告代理店 デジタル支援 -おすすめ -比較 -ランキング -求人 -まとめ
企画調整部入札情報,https://www.pref.fukushima.lg.jp/sec/11015a/kikaku-nyuusatsu2.html,,,,福島県,福島県 地域広告代理店 デジタル支援 -おすすめ -比較 -ランキング -求人 -まとめ
会社概要 About us,https://ics-create.com/about-us,,,,福島県,福島県 地域広告代理店 デジタル支援 -おすすめ -比較 -ランキング -求人 -まとめ
仮想発電所と需要調整の動向」（2月4日 17時～）のお知らせ,https://energy-agency-fukushima.com/information/12387/,,,,福島県,福島県 地域広告代理店 デジタル支援 -おすすめ -比較 -ランキング -求人 -まとめ
創業補助金,https://www.f-open.or.jp/support/establish/assistance.html,,,,福島県,福島県 地域広告代理店 デジタル支援 -おすすめ -比較 -ランキング -求人 -まとめ
村の広報,https://www.vill.otama.fukushima.jp/gyousei_jouhou/kouhou/,,,,福島県,福島県 地域広告代理店 デジタル支援 -おすすめ -比較 -ランキング -求人 -まとめ
SERVICE,https://www.timelink-cre.com/service,,,,福島県,福島県 PR会社 SNSマーケティング -おすすめ -比較 -ランキング -求人 -まとめ
福島 ・郡山で効果を出すインフルエンサー マーケティング,https://neith-inc.com/service/influencer/,,,,福島県,福島県 PR会社 SNSマーケティング -おすすめ -比較 -ランキング -求人 -まとめ
福島県,https://dx-fukushima.jp/shortvideo/,,,,福島県,福島県 PR会社 SNSマーケティング -おすすめ -比較 -ランキング -求人 -まとめ
GMO TECH、 福島県 ローカルアンバサダー事業に採択,https://group.gmo/news/article/9999/,,,,福島県,福島県 PR会社 SNSマーケティング -おすすめ -比較 -ランキング -求人 -まとめ
俳優・松重豊主演の 福島県PR 動画「福島 豊」シリーズが累計100万 ...,https://corp.every.tv/news/20251226,,,,福島県,福島県 PR会社 SNSマーケティング -おすすめ -比較 -ランキング -求人 -まとめ
STARS TECH,https://stars-tech.jp/media-lp/,,,,福島県,福島県 PR会社 SNSマーケティング -おすすめ -比較 -ランキング -求人 -まとめ
ふるさと財団「地域再生マネージャー」情報,https://www.furusato-zaidan.or.jp/wp-content/uploads/2025/02/14kashiwagi.chiharu.pdf,,,,福島県,福島県 PR会社 SNSマーケティング -おすすめ -比較 -ランキング -求人 -まとめ
福島 の WEB 制作＆ マーケティング,https://omo-design.jp/,,,,福島県,福島県 クリエイティブ会社 Webマーケティング -おすすめ -比較 -ランキング -求人 -まとめ
WEB コンテンツ制作事業部,https://amy-creative.co.jp/web/,,,,福島県,福島県 クリエイティブ会社 Webマーケティング -おすすめ -比較 -ランキング -求人 -まとめ
メディア・エイジ,https://media-age.co.jp/,,,,福島県,福島県 クリエイティブ会社 Webマーケティング -おすすめ -比較 -ランキング -求人 -まとめ
ふくしま クリエイティブ クラフトアカデミー 第9期生募集中！,https://fukushima-craft.jp/news/1113/,,,,福島県,福島県 クリエイティブ会社 Webマーケティング -おすすめ -比較 -ランキング -求人 -まとめ
Web 関連サービス,https://www.yamakawa-p.co.jp/web/,,,,福島県,福島県 クリエイティブ会社 Webマーケティング -おすすめ -比較 -ランキング -求人 -まとめ
日進堂グループは、日進堂印刷所、トキワ印刷,https://www.nisshindo.jp/about.html,,,,福島県,福島県 クリエイティブ会社 Webマーケティング -おすすめ -比較 -ランキング -求人 -まとめ
サービス内容 » 福島 の WEB ・ホームページ制作＆マーケティング,https://sec-p.com/%E3%82%B5%E3%83%BC%E3%83%93%E3%82%B9%E5%86%85%E5%AE%B9/,,,,福島県,福島県 ブランディング会社 Web集客 -おすすめ -比較 -ランキング -求人 -まとめ
SERVICES,https://g-r-a-f.co.jp/service/,,,,福島県,福島県 ブランディング会社 Web集客 -おすすめ -比較 -ランキング -求人 -まとめ
植松 謙,https://www.fukushima-message.com/innovator/index.php?innovator_id=38,,,,福島県,福島県 ブランディング会社 Web集客 -おすすめ -比較 -ランキング -求人 -まとめ
MQ design,https://mqdesign.jp/,,,,福島県,福島県 ブランディング会社 Web集客 -おすすめ -比較 -ランキング -求人 -まとめ
行政案件への初挑戦,https://plainnovation.com/works/attract-customers-business,,,,福島県,福島県 コンテンツマーケティング 支援会社 -おすすめ -比較 -ランキング -求人 -まとめ
マーケティングと伴走で人と組織のユニークさを ...,https://kazehiraku.com/officeinfo/,,,,福島県,福島県 コンテンツマーケティング 支援会社 -おすすめ -比較 -ランキング -求人 -まとめ
Digitable 福島,https://www.fukushima-cci.or.jp/wp-content/uploads/2024/10/HP%E7%94%A8%E3%80%80DigitableTown%E7%A6%8F%E5%B3%B6_SNS%E3%83%9E%E3%83%BC%E3%82%B1%E3%83%86%E3%82%A3%E3%83%B3%E3%82%B0%EF%BC%88%E5%85%A82%E5%9B%9E%EF%BC%89.pdf,,,,福島県,福島県 コンテンツマーケティング 支援会社 -おすすめ -比較 -ランキング -求人 -まとめ
当社について,https://sun-sol.jp/about/,,,,福島県,福島県 コンテンツマーケティング 支援会社 -おすすめ -比較 -ランキング -求人 -まとめ
株式 会社 toritoke,https://www.zehitomo.com/profile/%E6%A0%AA%E5%BC%8F%E4%BC%9A%E7%A4%BEtoritoke-DvPGATu5M/pro,,,,福島県,福島県 コンテンツマーケティング 支援会社 -おすすめ -比較 -ランキング -求人 -まとめ
【3/5(木)開催】MEO×公式 LINE で実現！店舗集客の最新 ...,https://hd.gmotech.jp/blog/2026/02/05/motechnews20260205/,,,,福島県,福島県 LINE CRM マーケティング会社 -おすすめ -比較 -ランキング -求人 -まとめ
ピープルソフトウェア株式 会社,https://fs-n.info/_assets/pdf/solution_03.pdf,,,,福島県,福島県 LINE CRM マーケティング会社 -おすすめ -比較 -ランキング -求人 -まとめ
ビジネスコミュニケーションツール「 LINE WORKS」を販売開始,https://uhuru.co.jp/news/press-releases/20170223/,,,,福島県,福島県 LINE CRM マーケティング会社 -おすすめ -比較 -ランキング -求人 -まとめ
Web Marketing,https://keyframes.jp/marketing/,,,,福島県,福島県 動画広告 マーケティング会社 -おすすめ -比較 -ランキング -求人 -まとめ
会社 概要_ 動画 ・ウェブサイト・ 広告 制作 会社 の株式 会社 フォーカス,https://focus-cs.jp/f-about/,,,,福島県,福島県 動画広告 マーケティング会社 -おすすめ -比較 -ランキング -求人 -まとめ
マーケティング と 広告 とPRとブランディングの違い,https://wired-brains.co.jp/column/%E3%83%9E%E3%83%BC%E3%82%B1%E3%83%86%E3%82%A3%E3%83%B3%E3%82%B0%E3%81%A8%E5%BA%83%E5%91%8A%E3%81%A8pr%E3%81%A8%E3%83%96%E3%83%A9%E3%83%B3%E3%83%87%E3%82%A3%E3%83%B3%E3%82%B0%E3%81%AE%E9%81%95%E3%81%84/,,,,福島県,福島県 動画広告 マーケティング会社 -おすすめ -比較 -ランキング -求人 -まとめ
動画 コンテンツのご案内,https://like-s.jp/movie.html,,,,福島県,福島県 動画広告 マーケティング会社 -おすすめ -比較 -ランキング -求人 -まとめ
SERVICE,https://createthefuture719.com/?page_id=2,,,,福島県,福島県 インフルエンサー マーケティング会社 -おすすめ -比較 -ランキング -求人 -まとめ
福島県 事業者様,https://e-pace.co.jp/works/fukushima-sns-r5/,,,,福島県,福島県 採用マーケティング SNS支援 -おすすめ -比較 -ランキング -求人 -まとめ
福島県 「ふくしまDXチャレンジ」事業の集大成：県内 企業 の変革を ...,https://funtre.co.jp/news/pressrelease_0316,,,,福島県,福島県 中小企業 デジタル販促会社 -おすすめ -比較 -ランキング -求人 -まとめ
エコアクション21 （環境活動評価プログラム）とは,https://www.daiichiinsatsu.co.jp/300_co/351_ecoaction.html,,,,福島県,福島県 中小企業 デジタル販促会社 -おすすめ -比較 -ランキング -求人 -まとめ
岸本 直樹,https://www.smrj.go.jp/regional_hq/kanto/sme/adviser/ucigs50000005k20.html,,,,福島県,福島県 中小企業 デジタル販促会社 -おすすめ -比較 -ランキング -求人 -まとめ
茨城県 水戸市,https://www.itec-plus.jp/company/index.html,,,,茨城県,茨城県 地域広告代理店 デジタル支援 -おすすめ -比較 -ランキング -求人 -まとめ
県内コーディネーター紹介：コーディネーター・データベース,https://www.iis-net.or.jp/coordinator/coordinator?stype=&group=&special=%E3%83%87%E3%82%B6%E3%82%A4%E3%83%B3,,,,茨城県,茨城県 地域広告代理店 デジタル支援 -おすすめ -比較 -ランキング -求人 -まとめ
インターネット 広告,https://nissenpartners.co.jp/service/ad/,,,,茨城県,茨城県 地域広告代理店 デジタル支援 -おすすめ -比較 -ランキング -求人 -まとめ
サステナビリティ,https://www.seiwado.co.jp/about/torikumi/,,,,茨城県,茨城県 地域広告代理店 デジタル支援 -おすすめ -比較 -ランキング -求人 -まとめ
県庁舎内 広告 の募集,https://www.pref.ibaraki.jp/somu/kanzai/koyu/kokoku/kokokuh26/kokoku-gaiyoh26.html,,,,茨城県,茨城県 地域広告代理店 デジタル支援 -おすすめ -比較 -ランキング -求人 -まとめ
事業概要,https://www.ibakoho.co.jp/contents/jigyou.html,,,,茨城県,茨城県 地域広告代理店 デジタル支援 -おすすめ -比較 -ランキング -求人 -まとめ
学内に デジタル サイネージを設置しました,https://www.ibaraki-ct.ac.jp/info/archives/78582,,,,茨城県,茨城県 地域広告代理店 デジタル支援 -おすすめ -比較 -ランキング -求人 -まとめ
会社概要,https://adesign.jp/company_overview/,,,,茨城県,茨城県 地域広告代理店 デジタル支援 -おすすめ -比較 -ランキング -求人 -まとめ
茨城県 産品のプロモーション支援,https://vivid-creations.biz/works/ibaraki-promotion-singapore-ec-market/,,,,茨城県,茨城県 PR会社 SNSマーケティング -おすすめ -比較 -ランキング -求人 -まとめ
弊社代表の道越が、いばらき広報戦略アドバイザーに就任致しまし ...,https://beyond-global.jp/news/%E5%BC%8A%E7%A4%BE%E4%BB%A3%E8%A1%A8%E3%81%AE%E9%81%93%E8%B6%8A%E3%81%8C%E3%80%81%E3%81%84%E3%81%B0%E3%82%89%E3%81%8D%E5%BA%83%E5%A0%B1%E6%88%A6%E7%95%A5%E3%82%A2%E3%83%89%E3%83%90%E3%82%A4%E3%82%B6/,,,,茨城県,茨城県 PR会社 SNSマーケティング -おすすめ -比較 -ランキング -求人 -まとめ
【いばらき電子申請・届出サービス】手続き申込：手続き説明,https://apply.e-tumo.jp/pref-ibaraki-u/offer/offerList_detail?tempSeq=52217,,,,茨城県,茨城県 PR会社 SNSマーケティング -おすすめ -比較 -ランキング -求人 -まとめ
MAZARU 地域共創 副業人材と 茨城 企業が,https://hipro-job.jp/pro/service/direct/lp/mazaru-ibaraki/,,,,茨城県,茨城県 PR会社 SNSマーケティング -おすすめ -比較 -ランキング -求人 -まとめ
その他コンテンツ制作・流通業× 茨城県 のM&A・事業承継,https://batonz.jp/sell_cases/bk_2000000/bk_2003007/pref_10/,,,,茨城県,茨城県 PR会社 SNSマーケティング -おすすめ -比較 -ランキング -求人 -まとめ
茨城 WEB制作 会社 ・合同 会社 クミディア ウェブマーケティング,https://jp.pinterest.com/kumidia/,,,,茨城県,茨城県 クリエイティブ会社 Webマーケティング -おすすめ -比較 -ランキング -求人 -まとめ
つくば市の ホームページ 制作 会社,https://resonix.co.jp/,,,,茨城県,茨城県 クリエイティブ会社 Webマーケティング -おすすめ -比較 -ランキング -求人 -まとめ
Web コンテンツ制作,https://lookat.co.jp/main-menu/service/web-content/,,,,茨城県,茨城県 クリエイティブ会社 Webマーケティング -おすすめ -比較 -ランキング -求人 -まとめ
COMPANY,https://www.headroom.jp/company/,,,,茨城県,茨城県 クリエイティブ会社 Webマーケティング -おすすめ -比較 -ランキング -求人 -まとめ
会社 案内,https://budby.co.jp/company/,,,,茨城県,茨城県 クリエイティブ会社 Webマーケティング -おすすめ -比較 -ランキング -求人 -まとめ
茨城県 つくば市の WEB サイト制作業界をリードする注目企業,https://kasho-net.com/blog/%E8%8C%A8%E5%9F%8E%E7%9C%8C%E3%81%A4%E3%81%8F%E3%81%B0%E5%B8%82%E3%81%AEweb%E3%82%B5%E3%82%A4%E3%83%88%E5%88%B6%E4%BD%9C%E6%A5%AD%E7%95%8C%E3%82%92%E3%83%AA%E3%83%BC%E3%83%89%E3%81%99%E3%82%8B,,,,茨城県,茨城県 ブランディング会社 Web集客 -おすすめ -比較 -ランキング -求人 -まとめ
CGDA,https://www.cgda.jp/,,,,茨城県,茨城県 ブランディング会社 Web集客 -おすすめ -比較 -ランキング -求人 -まとめ
FUNC,https://func.group/,,,,茨城県,茨城県 ブランディング会社 Web集客 -おすすめ -比較 -ランキング -求人 -まとめ
サービス内容,https://glazestyle.com/service/,,,,茨城県,茨城県 ブランディング会社 Web集客 -おすすめ -比較 -ランキング -求人 -まとめ
Web マーケティング / コンテンツ SEO対策の実績 茨城県 /つくば市 ...,http://www.m-planet.co.jp/example/seo/index.html,,,,茨城県,茨城県 コンテンツマーケティング 支援会社 -おすすめ -比較 -ランキング -求人 -まとめ
運営 会社 情報 — 茨城 のホームページ制作 いばらきWEBサポート,https://ibaraki-yorozu.com/company.html,,,,茨城県,茨城県 コンテンツマーケティング 支援会社 -おすすめ -比較 -ランキング -求人 -まとめ
ホームページ制作,https://www.ibarakidentsu.co.jp/homepage/,,,,茨城県,茨城県 コンテンツマーケティング 支援会社 -おすすめ -比較 -ランキング -求人 -まとめ
LINE で使える「デジタル会員証」を導入！ クラブネッツ×データ ...,https://www.clubnets.jp/infos/id/203,,,,茨城県,茨城県 LINE CRM マーケティング会社 -おすすめ -比較 -ランキング -求人 -まとめ
環境省の LINE 公式アカウントの開設を支援 「熱中症警戒アラート ...,https://www.garage.co.jp/pr/release/20200731/,,,,茨城県,茨城県 LINE CRM マーケティング会社 -おすすめ -比較 -ランキング -求人 -まとめ
雨谷経企のHP,https://www.amakei.me/,,,,茨城県,茨城県 LINE CRM マーケティング会社 -おすすめ -比較 -ランキング -求人 -まとめ
茨城県 の 動画 制作・SNS運用,https://motolifez.site/portfolio_ibaraki,,,,茨城県,茨城県 動画広告 マーケティング会社 -おすすめ -比較 -ランキング -求人 -まとめ
動画 制作実績を掲載しました » 大富印刷株式 会社,https://otomiinsatu.com/2023/07/07/%E5%8B%95%E7%94%BB%E5%88%B6%E4%BD%9C%E5%AE%9F%E7%B8%BE%E3%82%92%E6%8E%B2%E8%BC%89%E3%81%97%E3%81%BE%E3%81%97%E3%81%9F/,,,,茨城県,茨城県 動画広告 マーケティング会社 -おすすめ -比較 -ランキング -求人 -まとめ
会社 概要,https://5win.jp/company/,,,,茨城県,茨城県 動画広告 マーケティング会社 -おすすめ -比較 -ランキング -求人 -まとめ
茨城県 石岡市 様 お客様の声,https://crevo.jp/interviews/18/,,,,茨城県,茨城県 動画広告 マーケティング会社 -おすすめ -比較 -ランキング -求人 -まとめ
こがでくらすと、／ 茨城県 古河市,https://www.gootbox.co.jp/works/web/811/,,,,茨城県,茨城県 動画広告 マーケティング会社 -おすすめ -比較 -ランキング -求人 -まとめ
【インバウンド事例紹介】韓国KOLを起用し、 茨城県 の魅力を ...,https://jtg.capsuleinc.co/news/posts-database/case-korea-ibaraki,,,,茨城県,茨城県 インフルエンサー マーケティング会社 -おすすめ -比較 -ランキング -求人 -まとめ
会社 概要,https://onehope.co.jp/about/,,,,茨城県,茨城県 インフルエンサー マーケティング会社 -おすすめ -比較 -ランキング -求人 -まとめ
(株)トリドリ【9337】,https://mirakin.jp/service/toridori/,,,,茨城県,茨城県 インフルエンサー マーケティング会社 -おすすめ -比較 -ランキング -求人 -まとめ
【自治体×YouTuber】 インフルエンサーマーケティング で社会問題 ...,https://carry0n.co.jp/20250114_01/,,,,茨城県,茨城県 インフルエンサー マーケティング会社 -おすすめ -比較 -ランキング -求人 -まとめ
茨城県 ・苫小牧市様のインバウンド集客事例,https://www.tokyocreative.jp/ja/casestudy-16-%E8%8C%A8%E5%9F%8E%E7%9C%8C%E3%83%BB%E8%8B%AB%E5%B0%8F%E7%89%A7%E5%B8%82%E6%A7%98,,,,茨城県,茨城県 インフルエンサー マーケティング会社 -おすすめ -比較 -ランキング -求人 -まとめ
【2023/8/5イベント】仕事をきっかけに地域とつながる ...,https://ibarakick.etic.or.jp/news/%E3%80%902023-8-5%E3%82%A4%E3%83%99%E3%83%B3%E3%83%88%E9%96%8B%E5%82%AC%EF%BC%81%E3%80%91%E4%BB%95%E4%BA%8B%E3%82%92%E3%81%8D%E3%81%A3%E3%81%8B%E3%81%91%E3%81%AB%E5%9C%B0%E5%9F%9F%E3%81%A8%E3%81%A4/,,,,茨城県,茨城県 採用マーケティング SNS支援 -おすすめ -比較 -ランキング -求人 -まとめ
高度外国人材関心企業株式会社Okwi,https://www.jetro.go.jp/hrportal/company/detail/101219.html,,,,茨城県,茨城県 採用マーケティング SNS支援 -おすすめ -比較 -ランキング -求人 -まとめ
マーケティング部門,https://www.akebono-print.co.jp/department/marketing/,,,,茨城県,茨城県 中小企業 デジタル販促会社 -おすすめ -比較 -ランキング -求人 -まとめ
株式 会社 読売 茨城 広告社,https://mitohojinkai.or.jp/member/%E6%A0%AA%E5%BC%8F%E4%BC%9A%E7%A4%BE%E8%AA%AD%E5%A3%B2%E8%8C%A8%E5%9F%8E%E5%BA%83%E5%91%8A%E7%A4%BE,,,,茨城県,茨城県 中小企業 デジタル販促会社 -おすすめ -比較 -ランキング -求人 -まとめ
販促 物制作事例,https://u-compass.jp/category/hansoku-example/,,,,茨城県,茨城県 中小企業 デジタル販促会社 -おすすめ -比較 -ランキング -求人 -まとめ
会社 概要,https://mx310.jp/mx/about.html,,,,茨城県,茨城県 中小企業 デジタル販促会社 -おすすめ -比較 -ランキング -求人 -まとめ
あけぼの印刷社,https://ibaraki-rs.jp/rolemodel/rolemodel2/,,,,茨城県,茨城県 中小企業 デジタル販促会社 -おすすめ -比較 -ランキング -求人 -まとめ
「世界に通用する デジタル マーケティング人材」の育成を目指す ...,https://www.talent-book.jp/sembear/stories/51296,,,,栃木県,栃木県 地域広告代理店 デジタル支援 -おすすめ -比較 -ランキング -求人 -まとめ
60分でわかる 地域 の観光 デジタル 人材育成,https://dayalive.jp/seminarlp/,,,,栃木県,栃木県 地域広告代理店 デジタル支援 -おすすめ -比較 -ランキング -求人 -まとめ
SDGs普及促進イベント企画・運営業務委託公募型プロポーザルの ...,https://www.pref.tochigi.lg.jp/a01/r8sdgs_taiken.html,,,,栃木県,栃木県 地域広告代理店 デジタル支援 -おすすめ -比較 -ランキング -求人 -まとめ
デジタル ハリウッドSTUDIO宇都宮 2022年3月開校,https://www.dhw.co.jp/press-release/20211220_studio_utsunomiya/,,,,栃木県,栃木県 地域広告代理店 デジタル支援 -おすすめ -比較 -ランキング -求人 -まとめ
サービス,https://curiver.com/service/,,,,栃木県,栃木県 PR会社 SNSマーケティング -おすすめ -比較 -ランキング -求人 -まとめ
会社 概要,https://re-v.co.jp/company/,,,,栃木県,栃木県 PR会社 SNSマーケティング -おすすめ -比較 -ランキング -求人 -まとめ
OTHERS,https://mugi-td.com/service_category/others/,,,,栃木県,栃木県 PR会社 SNSマーケティング -おすすめ -比較 -ランキング -求人 -まとめ
宇都宮のWeb集客,https://tifmo.co.jp/utsunomiya/marketing/,,,,栃木県,栃木県 PR会社 SNSマーケティング -おすすめ -比較 -ランキング -求人 -まとめ
栃木県 小山市の Web サイト制作・デジタル マーケティング,https://amehure.co.jp/webcreate,,,,栃木県,栃木県 クリエイティブ会社 Webマーケティング -おすすめ -比較 -ランキング -求人 -まとめ
デジタル・ WEBマーケティング （集客支援）,https://yori-york.co.jp/digital-marketing,,,,栃木県,栃木県 クリエイティブ会社 Webマーケティング -おすすめ -比較 -ランキング -求人 -まとめ
WEB サイト制作（動画制作 会社 様）,https://tech-d.co.jp/work/webcreation-video-production/,,,,栃木県,栃木県 クリエイティブ会社 Webマーケティング -おすすめ -比較 -ランキング -求人 -まとめ
マーケティング（ 集客 ）,https://mt-tribe.com/?page_id=42,,,,栃木県,栃木県 ブランディング会社 Web集客 -おすすめ -比較 -ランキング -求人 -まとめ
blog,https://www.shilosai.com/blog/,,,,栃木県,栃木県 ブランディング会社 Web集客 -おすすめ -比較 -ランキング -求人 -まとめ
ホームぺージ制作のジェイ・マックス,https://jmaxinc.jp/service/web/,,,,栃木県,栃木県 ブランディング会社 Web集客 -おすすめ -比較 -ランキング -求人 -まとめ
栃木県 でホームページ制作を探しているなら「DisCover」,https://dis-cover.net/discover%E3%81%A8%E3%81%AF/,,,,栃木県,栃木県 ブランディング会社 Web集客 -おすすめ -比較 -ランキング -求人 -まとめ
WEB マーケティング,https://angel-holdings.com/service/web-marketing/,,,,栃木県,栃木県 コンテンツマーケティング 支援会社 -おすすめ -比較 -ランキング -求人 -まとめ
デジタル マーケティング ツール,https://spiralup.bz/works/hashtag/%E3%83%87%E3%82%B8%E3%82%BF%E3%83%AB%E3%83%9E%E3%83%BC%E3%82%B1%E3%83%86%E3%82%A3%E3%83%B3%E3%82%B0%E3%83%84%E3%83%BC%E3%83%AB,,,,栃木県,栃木県 コンテンツマーケティング 支援会社 -おすすめ -比較 -ランキング -求人 -まとめ
フロントスタッフ（デジタル マーケティング 担当）募集のお知らせ,https://www.tochigisc.jp/info/0401_dmk.html,,,,栃木県,栃木県 LINE CRM マーケティング会社 -おすすめ -比較 -ランキング -求人 -まとめ
家電量販店コジマが「MicoCloud」を導入し、Criteoエンジンを活用 ...,https://mico-inc.com/news/3835/,,,,栃木県,栃木県 LINE CRM マーケティング会社 -おすすめ -比較 -ランキング -求人 -まとめ
おりいろ,https://oriiro.design/,,,,栃木県,栃木県 動画広告 マーケティング会社 -おすすめ -比較 -ランキング -求人 -まとめ
デジタル マーケティング を活用したとちぎの暮らし・仕事魅力発信 ...,https://dx-navi.soumu.go.jp/case/pdfcase072,,,,栃木県,栃木県 動画広告 マーケティング会社 -おすすめ -比較 -ランキング -求人 -まとめ
ホームページ制作,https://www.bluefeather.co.jp/website/,,,,栃木県,栃木県 インフルエンサー マーケティング会社 -おすすめ -比較 -ランキング -求人 -まとめ
たあまな,https://www.localink.co.jp/influencer/taamana/,,,,栃木県,栃木県 インフルエンサー マーケティング会社 -おすすめ -比較 -ランキング -求人 -まとめ
商品開発＆WEB マーケティング 部,https://www.flcm.jp/marketing/,,,,栃木県,栃木県 インフルエンサー マーケティング会社 -おすすめ -比較 -ランキング -求人 -まとめ
宇都宮市職員 採用 デジタル マーケティング 業務の公募型 ...,https://www.city.utsunomiya.lg.jp/sangyo/nyusatsu/koubo/1036144.html,,,,栃木県,栃木県 採用マーケティング SNS支援 -おすすめ -比較 -ランキング -求人 -まとめ
SNS 運用代行,https://www.yellowbird.co.jp/sns-operation,,,,栃木県,栃木県 採用マーケティング SNS支援 -おすすめ -比較 -ランキング -求人 -まとめ
栃木県 よろず 支援 拠点,https://tochigi-yorozu.go.jp/,,,,栃木県,栃木県 採用マーケティング SNS支援 -おすすめ -比較 -ランキング -求人 -まとめ
採用 情報,https://licks.co.jp/marketing/company/recruit/,,,,栃木県,栃木県 採用マーケティング SNS支援 -おすすめ -比較 -ランキング -求人 -まとめ
外部の「知」と現場の「技」を混ぜ合わせる。 栃木県 が仕掛ける ...,https://japanstep.jp/learn/2026/02/1669/,,,,栃木県,栃木県 中小企業 デジタル販促会社 -おすすめ -比較 -ランキング -求人 -まとめ
ポストコロナでは、人材を育てていくことが特に重要 − 栃木県 ...,https://itc-shikaku.itc.or.jp/itcact/itcact-araiyuusuke/,,,,栃木県,栃木県 中小企業 デジタル販促会社 -おすすめ -比較 -ランキング -求人 -まとめ
サービス紹介,https://www.d-ic.com/service,,,,群馬県,群馬県 地域広告代理店 デジタル支援 -おすすめ -比較 -ランキング -求人 -まとめ
令和7年度 新しい地方経済・生活環境創生交付金（第2世代 ...,https://www.pref.gunma.jp/uploaded/attachment/692489.pdf,,,,群馬県,群馬県 地域広告代理店 デジタル支援 -おすすめ -比較 -ランキング -求人 -まとめ
群馬県 伊勢崎市での複業人材の活用第二弾で,https://anotherworks.co.jp/wp_post_bxWBuYxS/20230901,,,,群馬県,群馬県 地域広告代理店 デジタル支援 -おすすめ -比較 -ランキング -求人 -まとめ
Tonet LinkのWebサイト,https://tonetlink.jp/about,,,,群馬県,群馬県 地域広告代理店 デジタル支援 -おすすめ -比較 -ランキング -求人 -まとめ
令和7年度新しい地方経済・生活環境創生交付金,https://www.city.kiryu.lg.jp/_res/projects/default_project/_page_/001/024/260/r7shitojisshitaisei.pdf,,,,群馬県,群馬県 地域広告代理店 デジタル支援 -おすすめ -比較 -ランキング -求人 -まとめ
群馬県 高崎市のWEB制作会社,https://crane-inc.io/portfolio,,,,群馬県,群馬県 地域広告代理店 デジタル支援 -おすすめ -比較 -ランキング -求人 -まとめ
株式会社ティーツーシー,https://www.digi-tre.com/company/t2c/,,,,群馬県,群馬県 地域広告代理店 デジタル支援 -おすすめ -比較 -ランキング -求人 -まとめ
マーケティング ／ブランディング,https://designworkplus.jp/service/marketing_branding/,,,,群馬県,群馬県 PR会社 SNSマーケティング -おすすめ -比較 -ランキング -求人 -まとめ
群馬県庁様 tsulunos【 群馬県 公式】 ショートドラマ制作 現役知事の ...,https://studio15.co.jp/column/tsulunos202403,,,,群馬県,群馬県 PR会社 SNSマーケティング -おすすめ -比較 -ランキング -求人 -まとめ
群馬 ・高崎のWEB制作・映像制作・デザイン 会社,https://n-suppo.com/,,,,群馬県,群馬県 PR会社 SNSマーケティング -おすすめ -比較 -ランキング -求人 -まとめ
群馬 県内の街づくり・コトづくりに携わる皆さまへ,https://jns-web.co.jp/forsupport/index_local.html,,,,群馬県,群馬県 PR会社 SNSマーケティング -おすすめ -比較 -ランキング -求人 -まとめ
私たちについて,https://biz-create.com/company/about_biz.htm,,,,群馬県,群馬県 クリエイティブ会社 Webマーケティング -おすすめ -比較 -ランキング -求人 -まとめ
WEBキャリアデザインコース,https://www.wcd-iitc.jp/,,,,群馬県,群馬県 クリエイティブ会社 Webマーケティング -おすすめ -比較 -ランキング -求人 -まとめ
会社 案内,https://s-pr.co.jp/company/,,,,群馬県,群馬県 クリエイティブ会社 Webマーケティング -おすすめ -比較 -ランキング -求人 -まとめ
サービス,https://www.alpha-planning.co.jp/service,,,,群馬県,群馬県 クリエイティブ会社 Webマーケティング -おすすめ -比較 -ランキング -求人 -まとめ
WEBマーケティング に基づいた運用でWEBサイトをビジネスに活用！,https://www.marukin-ad.co.jp/marketing_lp_a/,,,,群馬県,群馬県 クリエイティブ会社 Webマーケティング -おすすめ -比較 -ランキング -求人 -まとめ
Sunset filmsについて,https://sunsetfilms.co.jp/about/,,,,群馬県,群馬県 クリエイティブ会社 Webマーケティング -おすすめ -比較 -ランキング -求人 -まとめ
SEO対策・ WEB集客,https://emo-planning.co.jp/webmarketing/,,,,群馬県,群馬県 ブランディング会社 Web集客 -おすすめ -比較 -ランキング -求人 -まとめ
ブランディング ・企画,https://frontman.co.jp/category/branding/,,,,群馬県,群馬県 ブランディング会社 Web集客 -おすすめ -比較 -ランキング -求人 -まとめ
群馬県 ・埼玉県のホームページ制作『株式 会社 ギークスデザイン』,https://geeks-design.com/,,,,群馬県,群馬県 ブランディング会社 Web集客 -おすすめ -比較 -ランキング -求人 -まとめ
Lotus株式 会社 / 長野県長野市の WEB 制作 会社,https://n-creator.com/works/works13,,,,群馬県,群馬県 ブランディング会社 Web集客 -おすすめ -比較 -ランキング -求人 -まとめ
群馬県 前橋市にある株式 会社 ステッチです。,https://e-stitch.jp/%E7%BE%A4%E9%A6%AC%E7%9C%8C%E5%89%8D%E6%A9%8B%E5%B8%82%E3%81%AB%E3%81%82%E3%82%8B%E6%A0%AA%E5%BC%8F%E4%BC%9A%E7%A4%BE%E3%82%B9%E3%83%86%E3%83%83%E3%83%81%E3%81%A7%E3%81%99%E3%80%82/,,,,群馬県,群馬県 ブランディング会社 Web集客 -おすすめ -比較 -ランキング -求人 -まとめ
コンテンツマーケティング,https://smms.jp/wwd_contents_marketing.php,,,,群馬県,群馬県 コンテンツマーケティング 支援会社 -おすすめ -比較 -ランキング -求人 -まとめ
群馬県 よろず 支援 拠点,https://miali.co.jp/yorozu-support/,,,,群馬県,群馬県 コンテンツマーケティング 支援会社 -おすすめ -比較 -ランキング -求人 -まとめ
自動車業界に特化し、アプリで現場の生産性を向上,https://gmo-app.jp/case_study/9895.html,,,,群馬県,群馬県 LINE CRM マーケティング会社 -おすすめ -比較 -ランキング -求人 -まとめ
デジタル マーケティング 支援,https://kaoiri.co.jp/digital-marketing/,,,,群馬県,群馬県 LINE CRM マーケティング会社 -おすすめ -比較 -ランキング -求人 -まとめ
環境省の LINE 公式アカウントの開設を支援「熱中症警戒アラート ...,https://dgmt.garage.co.jp/news/release/connectbay_alert,,,,群馬県,群馬県 LINE CRM マーケティング会社 -おすすめ -比較 -ランキング -求人 -まとめ
YouTube 動画マーケティング なら 群馬県 の群映,https://emo-planning.com/,,,,群馬県,群馬県 動画広告 マーケティング会社 -おすすめ -比較 -ランキング -求人 -まとめ
株式 会社 Amber brown,https://amberbrown.co.jp/,,,,群馬県,群馬県 動画広告 マーケティング会社 -おすすめ -比較 -ランキング -求人 -まとめ
動画 制作,https://www.g-e-t.co.jp/service/video/,,,,群馬県,群馬県 動画広告 マーケティング会社 -おすすめ -比較 -ランキング -求人 -まとめ
制作実績,https://www.nownever.co.jp/%E5%88%B6%E4%BD%9C%E5%AE%9F%E7%B8%BE,,,,群馬県,群馬県 動画広告 マーケティング会社 -おすすめ -比較 -ランキング -求人 -まとめ
MOVIE MARKETING 動画マーケティング 事業,https://www.sobisya.jp/movie/,,,,群馬県,群馬県 動画広告 マーケティング会社 -おすすめ -比較 -ランキング -求人 -まとめ
動画 （ムービー）制作,https://sobi-capa.co.jp/service/movie_create/contents/,,,,群馬県,群馬県 動画広告 マーケティング会社 -おすすめ -比較 -ランキング -求人 -まとめ
ブログ,https://video.enkuru.com/works/,,,,群馬県,群馬県 動画広告 マーケティング会社 -おすすめ -比較 -ランキング -求人 -まとめ
情報発信源となる 群馬県 のための インフルエンサー 活用方法とは,https://www.netsugen.jp/event/e00003473/,,,,群馬県,群馬県 インフルエンサー マーケティング会社 -おすすめ -比較 -ランキング -求人 -まとめ
群馬 の インフルエンサー が熱演 現地の魅力も楽しめるプロモドラマ,https://www.sendenkaigi.com/marketing/media/sendenkaigi/030578/,,,,群馬県,群馬県 インフルエンサー マーケティング会社 -おすすめ -比較 -ランキング -求人 -まとめ
高崎市新町商工会 生成AI活用セミナー,http://www.shinmachi.or.jp/menu/tool/seminar2024-ura.pdf,,,,群馬県,群馬県 インフルエンサー マーケティング会社 -おすすめ -比較 -ランキング -求人 -まとめ
群馬 県庁公式YouTubeチャンネル×UUUMのコラボレーション第3弾 ...,https://uuum.jp/posts/922224,,,,群馬県,群馬県 インフルエンサー マーケティング会社 -おすすめ -比較 -ランキング -求人 -まとめ
SNS マーケティング,https://alsis.co.jp/service/marketing/sns-marketing/,,,,群馬県,群馬県 インフルエンサー マーケティング会社 -おすすめ -比較 -ランキング -求人 -まとめ
群馬県 よろず 支援 拠点コーディネーター募集案内,https://g-inf.or.jp/pdf/202505_06.pdf,,,,群馬県,群馬県 採用マーケティング SNS支援 -おすすめ -比較 -ランキング -求人 -まとめ
鈴木 雄一,https://www.gcis.or.jp/expert/id2617/,,,,群馬県,群馬県 採用マーケティング SNS支援 -おすすめ -比較 -ランキング -求人 -まとめ
群馬県 のホームページ制作,https://guardian.jpn.com/throughout-japan/gunma/,,,,群馬県,群馬県 中小企業 デジタル販促会社 -おすすめ -比較 -ランキング -求人 -まとめ
AI導入支援・開発なら 群馬県 前橋市のナイヤガラ開発,https://www.naiyagaradev.com/,,,,群馬県,群馬県 中小企業 デジタル販促会社 -おすすめ -比較 -ランキング -求人 -まとめ
もっと『伝わる』 販促 物 はじめての デジタル デザイン講座,https://www.numata-cci.or.jp/koenkai/20260120hansoku.pdf,,,,群馬県,群馬県 中小企業 デジタル販促会社 -おすすめ -比較 -ランキング -求人 -まとめ
群馬県 伊勢崎市のクリエイティブエージェンシー ユニグラード株式 ...,https://isesaki.unigrad.jp/,,,,群馬県,群馬県 中小企業 デジタル販促会社 -おすすめ -比較 -ランキング -求人 -まとめ
株式会社ハイブリッド,https://www.hy-b.co.jp/,,,,埼玉県,埼玉県 地域広告代理店 デジタル支援 -おすすめ -比較 -ランキング -求人 -まとめ
埼玉県 の看板・屋外 広告 を探す,https://www.adokugai.com/area/saitama,,,,埼玉県,埼玉県 地域広告代理店 デジタル支援 -おすすめ -比較 -ランキング -求人 -まとめ
株式会社リビコー,https://www.s-search.jp/r_company.php?id=506403,,,,埼玉県,埼玉県 地域広告代理店 デジタル支援 -おすすめ -比較 -ランキング -求人 -まとめ
コーディネーター紹介,https://saitama-yorozu.go.jp/coordinator/,,,,埼玉県,埼玉県 地域広告代理店 デジタル支援 -おすすめ -比較 -ランキング -求人 -まとめ
オリジナルメディア,https://www.samurai86.net/service/originalmedia/,,,,埼玉県,埼玉県 地域広告代理店 デジタル支援 -おすすめ -比較 -ランキング -求人 -まとめ
埼玉県 法規集データベース,https://www.pref.saitama.lg.jp/a0203/reikisyokigamen.html,,,,埼玉県,埼玉県 地域広告代理店 デジタル支援 -おすすめ -比較 -ランキング -求人 -まとめ
合同 会社 アナット,https://www.saitamadx.com/dx-partner/solution/363/,,,,埼玉県,埼玉県 PR会社 SNSマーケティング -おすすめ -比較 -ランキング -求人 -まとめ
minanokami株式 会社,https://www.kawagoe.or.jp/minanokami-stock-company/,,,,埼玉県,埼玉県 PR会社 SNSマーケティング -おすすめ -比較 -ランキング -求人 -まとめ
令和8年度台湾市場向けプロモーション活動業務の委託 会社 を募集 ...,https://chocotabi-saitama.jp/business/business-topics/210767/,,,,埼玉県,埼玉県 PR会社 SNSマーケティング -おすすめ -比較 -ランキング -求人 -まとめ
COUNTER株式 会社,https://counter-digital.jp/,,,,埼玉県,埼玉県 PR会社 SNSマーケティング -おすすめ -比較 -ランキング -求人 -まとめ
【お知らせ】小さなお店のための マーケティング セミナー( SNS ・AI版),https://www.warabicci.org/250616semi/,,,,埼玉県,埼玉県 PR会社 SNSマーケティング -おすすめ -比較 -ランキング -求人 -まとめ
ホームページ 発注「3つの成功法則」無料メール講座,https://tyranno-ca.co.jp/mail-magazine/,,,,埼玉県,埼玉県 クリエイティブ会社 Webマーケティング -おすすめ -比較 -ランキング -求人 -まとめ
あなたのクリエイティブパートナー,https://sokoage.com/company/,,,,埼玉県,埼玉県 クリエイティブ会社 Webマーケティング -おすすめ -比較 -ランキング -求人 -まとめ
課題解決・事業向上を促進する クリエイティブ 制作,https://shavat.me/creative/,,,,埼玉県,埼玉県 クリエイティブ会社 Webマーケティング -おすすめ -比較 -ランキング -求人 -まとめ
お問い合わせについて,https://spider-webmarketing.co.jp/contact/,,,,埼玉県,埼玉県 クリエイティブ会社 Webマーケティング -おすすめ -比較 -ランキング -求人 -まとめ
デジタルベリー,https://www.d-berry.jp/homepage/marketing/,,,,埼玉県,埼玉県 ブランディング会社 Web集客 -おすすめ -比較 -ランキング -求人 -まとめ
集客 、 ブランディング どちらも叶うページ,https://alltoday.jp/blog/c8766-20260609134441/,,,,埼玉県,埼玉県 ブランディング会社 Web集客 -おすすめ -比較 -ランキング -求人 -まとめ
埼玉県 のホームページ制作・ WEB 制作はアデジナーレ（桶川市 ...,https://www.adesignare.com/,,,,埼玉県,埼玉県 ブランディング会社 Web集客 -おすすめ -比較 -ランキング -求人 -まとめ
埼玉 でホームページ制作ならティラノ・クリエイティブ・アーツ ...,https://www.saikurukai.net/pr/2739/,,,,埼玉県,埼玉県 ブランディング会社 Web集客 -おすすめ -比較 -ランキング -求人 -まとめ
ブランディング 志向型,https://m-as.jp/models/post-300/,,,,埼玉県,埼玉県 ブランディング会社 Web集客 -おすすめ -比較 -ランキング -求人 -まとめ
BtoB,https://successio.co.jp/blogtag/btob,,,,埼玉県,埼玉県 ブランディング会社 Web集客 -おすすめ -比較 -ランキング -求人 -まとめ
ホームページ制作,https://rs-factory.jp/homepage_site/,,,,埼玉県,埼玉県 ブランディング会社 Web集客 -おすすめ -比較 -ランキング -求人 -まとめ
記事ライティング,https://patme.co.jp/service/writing/,,,,埼玉県,埼玉県 コンテンツマーケティング 支援会社 -おすすめ -比較 -ランキング -求人 -まとめ
MEOサービス,https://ss-complex.com/services/meo/,,,,埼玉県,埼玉県 コンテンツマーケティング 支援会社 -おすすめ -比較 -ランキング -求人 -まとめ
ブログ集客・ コンテンツマーケティング,https://waan.takusa.jp/category/achievements/contentsmarketing/,,,,埼玉県,埼玉県 コンテンツマーケティング 支援会社 -おすすめ -比較 -ランキング -求人 -まとめ
事業紹介,https://finext.co.jp/service/,,,,埼玉県,埼玉県 LINE CRM マーケティング会社 -おすすめ -比較 -ランキング -求人 -まとめ
出展者紹介 （川越） SAITAMA DX EXPO 2026,https://dx-expo.pref.saitama.lg.jp/pdf/kaw_seminar_ichiran.pdf,,,,埼玉県,埼玉県 LINE CRM マーケティング会社 -おすすめ -比較 -ランキング -求人 -まとめ
リテールアド・コンソーシアムFORUM「ニューノーマル時代の ...,https://retailadconsortium.jp/forum-profile/,,,,埼玉県,埼玉県 LINE CRM マーケティング会社 -おすすめ -比較 -ランキング -求人 -まとめ
島忠、9月5日より順次Tポイントサービスを開始,https://www.vpoint.co.jp/news/20170831_159/,,,,埼玉県,埼玉県 LINE CRM マーケティング会社 -おすすめ -比較 -ランキング -求人 -まとめ
Microsoft Dynamics 365,https://www.rice-cloud.info/solution-cat/solution02/,,,,埼玉県,埼玉県 LINE CRM マーケティング会社 -おすすめ -比較 -ランキング -求人 -まとめ
動画マーケティング,https://monowith.jp/video-marketing/,,,,埼玉県,埼玉県 動画広告 マーケティング会社 -おすすめ -比較 -ランキング -求人 -まとめ
株式 会社 リベルタス,https://liberthas.co.jp/,,,,埼玉県,埼玉県 動画広告 マーケティング会社 -おすすめ -比較 -ランキング -求人 -まとめ
Webサイト,https://wca11.net/website-2/,,,,埼玉県,埼玉県 動画広告 マーケティング会社 -おすすめ -比較 -ランキング -求人 -まとめ
制作実績／料金,https://cherrybee.tv/work/,,,,埼玉県,埼玉県 動画広告 マーケティング会社 -おすすめ -比較 -ランキング -求人 -まとめ
株式 会社 e マーケティング,https://meetsmore.com/p/aJrib_dmUDavODho/product-videographers,,,,埼玉県,埼玉県 動画広告 マーケティング会社 -おすすめ -比較 -ランキング -求人 -まとめ
業界トップクラスのインフルエンサーマーケティング ...,https://corp.reech.co.jp/corporate/news/20230525-miyoshi,,,,埼玉県,埼玉県 インフルエンサー マーケティング会社 -おすすめ -比較 -ランキング -求人 -まとめ
合同 会社 アナット,https://www.anat-create.com/service,,,,埼玉県,埼玉県 インフルエンサー マーケティング会社 -おすすめ -比較 -ランキング -求人 -まとめ
FORK(フォーク)株式 会社,https://www.fork-inc.co.jp/,,,,埼玉県,埼玉県 インフルエンサー マーケティング会社 -おすすめ -比較 -ランキング -求人 -まとめ
【急募】SNS・ インフルエンサーマーケティング 支援企業の ...,https://sales-ring.com/listing/%E3%80%90%E6%80%A5%E5%8B%9F%E3%80%91sns%E3%83%BB%E3%82%A4%E3%83%B3%E3%83%95%E3%83%AB%E3%82%A8%E3%83%B3%E3%82%B5%E3%83%BC%E3%83%9E%E3%83%BC%E3%82%B1%E3%83%86%E3%82%A3%E3%83%B3%E3%82%B0%E6%94%AF/,,,,埼玉県,埼玉県 インフルエンサー マーケティング会社 -おすすめ -比較 -ランキング -求人 -まとめ
Cross Marketing Group,https://cm-group.co.jp/assets/pdf/CMG_company_profile_v202602.pdf,,,,埼玉県,埼玉県 インフルエンサー マーケティング会社 -おすすめ -比較 -ランキング -求人 -まとめ
株式 会社 DIOのインターンシップ・企業情報,https://www.in-fra.jp/long-internships/companies/4206,,,,埼玉県,埼玉県 インフルエンサー マーケティング会社 -おすすめ -比較 -ランキング -求人 -まとめ
埼玉県 女性キャリアセンター 就職 支援 セミナー（オンライン開催）,https://www.city.misato.lg.jp/soshiki/chiikishinko/shokokanko/shokoinfo/9691.html,,,,埼玉県,埼玉県 採用マーケティング SNS支援 -おすすめ -比較 -ランキング -求人 -まとめ
WORKS事例紹介,https://www.sho-san.co.jp/works/,,,,埼玉県,埼玉県 採用マーケティング SNS支援 -おすすめ -比較 -ランキング -求人 -まとめ
県職員研修,https://www.hitozukuri.or.jp/training/pref/,,,,埼玉県,埼玉県 採用マーケティング SNS支援 -おすすめ -比較 -ランキング -求人 -まとめ
SNS 連携とは,https://sinmido.com/news/p6002/,,,,埼玉県,埼玉県 採用マーケティング SNS支援 -おすすめ -比較 -ランキング -求人 -まとめ
しかけづくり: デジタル サイネージを起点とした 販促 ...,https://www.shikake.info/,,,,埼玉県,埼玉県 中小企業 デジタル販促会社 -おすすめ -比較 -ランキング -求人 -まとめ
関係機関からのお知らせ,https://www.cgc-saitama.or.jp/about/kankei.html,,,,埼玉県,埼玉県 中小企業 デジタル販促会社 -おすすめ -比較 -ランキング -求人 -まとめ
地域密着型 販促 支援サイト  フィールプラス,https://www.feel-plus.jp/,,,,埼玉県,埼玉県 中小企業 デジタル販促会社 -おすすめ -比較 -ランキング -求人 -まとめ
経営Q＆A 埼玉新聞 経済欄,https://sai-smeca.com/executive/faq/saitama-np_archive.html,,,,埼玉県,埼玉県 中小企業 デジタル販促会社 -おすすめ -比較 -ランキング -求人 -まとめ
千葉県 でWeb 広告 運用するなら,https://nex-t-planning.co.jp/service/web/,,,,千葉県,千葉県 地域広告代理店 デジタル支援 -おすすめ -比較 -ランキング -求人 -まとめ
全国20拠点目の 千葉 営業所を開設 ～ 千葉 県内企業の デジタル 化推進 ...,https://www.sold-out.co.jp/news/topic_20211201,,,,千葉県,千葉県 地域広告代理店 デジタル支援 -おすすめ -比較 -ランキング -求人 -まとめ
流山市自由通路等 広告 業務の契約者を決定いたしました,https://www.city.nagareyama.chiba.jp/business/1005422/1005436/1005460.html,,,,千葉県,千葉県 地域広告代理店 デジタル支援 -おすすめ -比較 -ランキング -求人 -まとめ
株式会社モビリィ,https://www.e-funabashi.com/archives/fccimember/mobily,,,,千葉県,千葉県 地域広告代理店 デジタル支援 -おすすめ -比較 -ランキング -求人 -まとめ
4/24インスタ活用セミナー（募集終了）,https://chibakoho.jp/recruiting/415/,,,,千葉県,千葉県 PR会社 SNSマーケティング -おすすめ -比較 -ランキング -求人 -まとめ
SNSマーケティング ‣ 株式 会社 イマココカンパニー,https://imacococompany.com/snsmarketing/,,,,千葉県,千葉県 PR会社 SNSマーケティング -おすすめ -比較 -ランキング -求人 -まとめ
株式 会社 HIGHER,https://higher-official.co.jp/,,,,千葉県,千葉県 PR会社 SNSマーケティング -おすすめ -比較 -ランキング -求人 -まとめ
Airitc株式 会社,https://chiba-digital.jp/user/info/6CWAxzRijVvoyO7wIeD21ZfGK8h9r5Pd0UTScEtFq3BpmsblgaQLMY4XJnuHkN,,,,千葉県,千葉県 PR会社 SNSマーケティング -おすすめ -比較 -ランキング -求人 -まとめ
NEXTGATE LiSMOtech株式 会社,https://microcms.io/partners/lismotech,,,,千葉県,千葉県 PR会社 SNSマーケティング -おすすめ -比較 -ランキング -求人 -まとめ
【商業施設様での SNS 研修】 千葉県 ・ニッケコルトンプラザ様にて ...,https://pr-net.co.jp/information/nikke-cp/,,,,千葉県,千葉県 PR会社 SNSマーケティング -おすすめ -比較 -ランキング -求人 -まとめ
ブランディング デザイン,https://noveltyinc.jp/service/branding-design,,,,千葉県,千葉県 ブランディング会社 Web集客 -おすすめ -比較 -ランキング -求人 -まとめ
受注可能エリア( 千葉県 野田市周辺),https://www.kizuna-33.com/ureruhp/page12.html,,,,千葉県,千葉県 ブランディング会社 Web集客 -おすすめ -比較 -ランキング -求人 -まとめ
会社 案内,https://attlabo.com/profile/,,,,千葉県,千葉県 ブランディング会社 Web集客 -おすすめ -比較 -ランキング -求人 -まとめ
Web集客 の立ち上げとDM改善。オンライン・オフライン両軸で集客 ...,https://smc-mkt.co.jp/case/maruhei/,,,,千葉県,千葉県 ブランディング会社 Web集客 -おすすめ -比較 -ランキング -求人 -まとめ
【 千葉県 】ホームページ制作・ Web 制作 会社,https://e-nexts.co.jp/blog_category/blog-web/,,,,千葉県,千葉県 ブランディング会社 Web集客 -おすすめ -比較 -ランキング -求人 -まとめ
株式 会社 イースト クリエイティブ IT 千葉 みなと支社 ( 千葉 市),https://www.east.co.jp/chiba/,,,,千葉県,千葉県 クリエイティブ会社 Webマーケティング -おすすめ -比較 -ランキング -求人 -まとめ
会社 概要,https://webkid.co.jp/company/,,,,千葉県,千葉県 クリエイティブ会社 Webマーケティング -おすすめ -比較 -ランキング -求人 -まとめ
会社 概要,https://edopon.co.jp/company/,,,,千葉県,千葉県 クリエイティブ会社 Webマーケティング -おすすめ -比較 -ランキング -求人 -まとめ
STUDIO 千葉,https://school.dhw.co.jp/school/chiba/,,,,千葉県,千葉県 クリエイティブ会社 Webマーケティング -おすすめ -比較 -ランキング -求人 -まとめ
リブライズ合同 会社,https://baseconnect.in/companies/37555e5a-e54f-4286-9056-3f8b766b3d79,,,,千葉県,千葉県 LINE CRM マーケティング会社 -おすすめ -比較 -ランキング -求人 -まとめ
【フェヴリナ様ゲスト登壇】リピート通販の売上拡大に必要な顧客 ...,https://penglue.jp/event/202011.html?utm_source=Co-sponsored_seminar&utm_medium=bci,,,,千葉県,千葉県 LINE CRM マーケティング会社 -おすすめ -比較 -ランキング -求人 -まとめ
hachidori_プロダクトサイト事例,https://casestudy.hachidori.io/,,,,千葉県,千葉県 LINE CRM マーケティング会社 -おすすめ -比較 -ランキング -求人 -まとめ
お知らせ,https://line-sm.com/news/20241011.html,,,,千葉県,千葉県 LINE CRM マーケティング会社 -おすすめ -比較 -ランキング -求人 -まとめ
LINE で、 販売・決済・顧客管理をもっと簡単に。,https://freestyle.ne.jp/linems/,,,,千葉県,千葉県 LINE CRM マーケティング会社 -おすすめ -比較 -ランキング -求人 -まとめ
About,https://agaruto-marketing.com/about/,,,,千葉県,千葉県 コンテンツマーケティング 支援会社 -おすすめ -比較 -ランキング -求人 -まとめ
令和8年度「観光 コンテンツ 高付加価値化促進事業」のご案内,https://www.pref.chiba.lg.jp/kankou/contents/contents-guide.html,,,,千葉県,千葉県 コンテンツマーケティング 支援会社 -おすすめ -比較 -ランキング -求人 -まとめ
ホームページのSEOコンサルティングで売上2億円達成！,https://valueagent.co.jp/result/gaihekkitosou_seo,,,,千葉県,千葉県 コンテンツマーケティング 支援会社 -おすすめ -比較 -ランキング -求人 -まとめ
メンバー紹介,https://www.intrix.co.jp/about/members/author/chiba-erika,,,,千葉県,千葉県 コンテンツマーケティング 支援会社 -おすすめ -比較 -ランキング -求人 -まとめ
WEB・IT,https://kid-design.com/service/it/,,,,千葉県,千葉県 動画広告 マーケティング会社 -おすすめ -比較 -ランキング -求人 -まとめ
""" 動画 × 広告 ""で、人が集まる",https://mobilis-kj.co.jp/,,,,千葉県,千葉県 動画広告 マーケティング会社 -おすすめ -比較 -ランキング -求人 -まとめ
会社 概要,https://www.hoshosha.com/about.html,,,,千葉県,千葉県 動画広告 マーケティング会社 -おすすめ -比較 -ランキング -求人 -まとめ
千葉県内 房地域の インフルエンサー 活用PR,https://monogatari-biz.com/case/uchibopr1,,,,千葉県,千葉県 インフルエンサー マーケティング会社 -おすすめ -比較 -ランキング -求人 -まとめ
インバウンド【 千葉県 富津市】×在日台湾人KOL,https://hermandot.co.jp/topics/chiba-futtsu/,,,,千葉県,千葉県 インフルエンサー マーケティング会社 -おすすめ -比較 -ランキング -求人 -まとめ
SNS マーケティング 事業のLP,https://liberadiant-webpartner.com/sns%E3%83%9E%E3%83%BC%E3%82%B1%E3%83%86%E3%82%A3%E3%83%B3%E3%82%B0%E4%BA%8B%E6%A5%AD%E3%81%AElp/,,,,千葉県,千葉県 インフルエンサー マーケティング会社 -おすすめ -比較 -ランキング -求人 -まとめ
SNS を活用した福祉の 採用 活動とは？！その全体像と事例紹介,https://www.uniple-co.jp/seminar/what-snsrecruit-is,,,,千葉県,千葉県 採用マーケティング SNS支援 -おすすめ -比較 -ランキング -求人 -まとめ
センターからのお知らせ,https://www.ccjc-net.or.jp/new_list.php,,,,千葉県,千葉県 中小企業 デジタル販促会社 -おすすめ -比較 -ランキング -求人 -まとめ
【令和7年4月10日受付開始】 千葉県 実施の 中小企業 成長促進補助金 ...,https://www.sme-support.co.jp/column/p1262/,,,,千葉県,千葉県 中小企業 デジタル販促会社 -おすすめ -比較 -ランキング -求人 -まとめ
中小企業 やお店の 販促 と集客力を デジタル 化とオンライン化で強化 ...,https://g-tomo.jp/page/6/,,,,千葉県,千葉県 中小企業 デジタル販促会社 -おすすめ -比較 -ランキング -求人 -まとめ
Untitled,https://www.chiba-cgc.or.jp/wp/wp-content/uploads/2026/07/202608IT-seminar.pdf,,,,千葉県,千葉県 中小企業 デジタル販促会社 -おすすめ -比較 -ランキング -求人 -まとめ
【導入事例】3ヶ月で300件超の 地域 データ獲得。 東京都 の 広告代理 ...,https://www.jimoto-marketing-sb.com/case/xXEyL26x,,,,東京都,東京都 地域広告代理店 デジタル支援 -おすすめ -比較 -ランキング -求人 -まとめ
デジタル ・アドバタイジング・コンソーシアム株式会社,https://www.choicely.jp/company/dac/,,,,東京都,東京都 地域広告代理店 デジタル支援 -おすすめ -比較 -ランキング -求人 -まとめ
企業情報,https://www.adwise.co.jp/about/,,,,東京都,東京都 地域広告代理店 デジタル支援 -おすすめ -比較 -ランキング -求人 -まとめ
広告 事業展開中,https://www.city.adachi.tokyo.jp/hodo/shigoto/koukokujigyo2016.html,,,,東京都,東京都 地域広告代理店 デジタル支援 -おすすめ -比較 -ランキング -求人 -まとめ
COMPANY,https://e-bunt.com/company/,,,,東京都,東京都 地域広告代理店 デジタル支援 -おすすめ -比較 -ランキング -求人 -まとめ
【28新卒】 SNS マーケター,https://ats-entry.hito-link.jp/sites/vectorinc/matter/matters/103943,,,,東京都,東京都 PR会社 SNSマーケティング -おすすめ -比較 -ランキング -求人 -まとめ
会社概要,https://www.shapewin.co.jp/company,,,,東京都,東京都 PR会社 SNSマーケティング -おすすめ -比較 -ランキング -求人 -まとめ
インフルエンサー マーケティング,https://www.kyodo-pr.co.jp/influencer-marketing/,,,,東京都,東京都 PR会社 SNSマーケティング -おすすめ -比較 -ランキング -求人 -まとめ
SNSマーケティング &メディアプロモーション事業,https://realation.jp/business/marketing,,,,東京都,東京都 PR会社 SNSマーケティング -おすすめ -比較 -ランキング -求人 -まとめ
戦略 PR の株式 会社東京 片岡英彦事務所,https://www.kataokahidehiko.com/,,,,東京都,東京都 PR会社 SNSマーケティング -おすすめ -比較 -ランキング -求人 -まとめ
バズからヒトを動かし、ブランド価値をあげる SNS 戦略,https://prsj.or.jp/event/sns-seminar-2025/,,,,東京都,東京都 PR会社 SNSマーケティング -おすすめ -比較 -ランキング -求人 -まとめ
SNS 広告 マーケティング,https://digitalpromotion.co.jp/jobs/sns_marketing_01/,,,,東京都,東京都 PR会社 SNSマーケティング -おすすめ -比較 -ランキング -求人 -まとめ
WEB 制作・ マーケティング 支援,https://tokyosenden.com/services/web,,,,東京都,東京都 クリエイティブ会社 Webマーケティング -おすすめ -比較 -ランキング -求人 -まとめ
サービス,https://www.climarks.com/service/,,,,東京都,東京都 クリエイティブ会社 Webマーケティング -おすすめ -比較 -ランキング -求人 -まとめ
【 東京 】 クリエイティブ ディレクター,https://www.apparel-web.co.jp/recruit/020-2/,,,,東京都,東京都 クリエイティブ会社 Webマーケティング -おすすめ -比較 -ランキング -求人 -まとめ
"Web 制作・運用 株式 会社 ノヴィータ NOVITA,Inc.",https://www.novitanet.com/service/web-integration.html,,,,東京都,東京都 クリエイティブ会社 Webマーケティング -おすすめ -比較 -ランキング -求人 -まとめ
サービス紹介,https://web.j-line.co.jp/service/,,,,東京都,東京都 クリエイティブ会社 Webマーケティング -おすすめ -比較 -ランキング -求人 -まとめ
ホームページ 制作・ クリエイティブ 制作関連,https://www.qps.jp/web001,,,,東京都,東京都 クリエイティブ会社 Webマーケティング -おすすめ -比較 -ランキング -求人 -まとめ
東京都 渋谷区の WEBマーケティング会社,https://shinker.co.jp/tokyo/,,,,東京都,東京都 クリエイティブ会社 Webマーケティング -おすすめ -比較 -ランキング -求人 -まとめ
会社 概要,https://www.cross-field.co.jp/company/,,,,東京都,東京都 クリエイティブ会社 Webマーケティング -おすすめ -比較 -ランキング -求人 -まとめ
ブランディング 専門チーム,https://www.m-hand.co.jp/tokyo/specialist/branding/,,,,東京都,東京都 ブランディング会社 Web集客 -おすすめ -比較 -ランキング -求人 -まとめ
Webブランディング,https://www.gohp.jp/branding/,,,,東京都,東京都 ブランディング会社 Web集客 -おすすめ -比較 -ランキング -求人 -まとめ
PARTNERSHIP,https://acsport.net/partnership/,,,,東京都,東京都 ブランディング会社 Web集客 -おすすめ -比較 -ランキング -求人 -まとめ
集客,https://depart-inc.com/service/attraction/,,,,東京都,東京都 ブランディング会社 Web集客 -おすすめ -比較 -ランキング -求人 -まとめ
志 WEBブランディング,https://web.egao.world/web_branding/,,,,東京都,東京都 ブランディング会社 Web集客 -おすすめ -比較 -ランキング -求人 -まとめ
WEB ・ WEBブランディング,https://apricot-design.com/journalcat/homepage/,,,,東京都,東京都 ブランディング会社 Web集客 -おすすめ -比較 -ランキング -求人 -まとめ
アウンコンサルティング株式 会社,https://www.kaisyahakken.metro.tokyo.lg.jp/company/auncon/,,,,東京都,東京都 ブランディング会社 Web集客 -おすすめ -比較 -ランキング -求人 -まとめ
コンテンツ ・ マーケティング支援,https://b2b-marketing.co.jp/product-cat/contents-marketing/,,,,東京都,東京都 コンテンツマーケティング 支援会社 -おすすめ -比較 -ランキング -求人 -まとめ
コンテンツマーケティング支援,https://www.fabercompany.co.jp/service/contents/,,,,東京都,東京都 コンテンツマーケティング 支援会社 -おすすめ -比較 -ランキング -求人 -まとめ
【コンテンツ 東京 2024】に コンテンツマーケティング支援 サービス ...,https://nyle.co.jp/news/240620_01/,,,,東京都,東京都 コンテンツマーケティング 支援会社 -おすすめ -比較 -ランキング -求人 -まとめ
SEO対策・ コンテンツマーケティング,https://procmo.co.jp/services/content-marketing/,,,,東京都,東京都 コンテンツマーケティング 支援会社 -おすすめ -比較 -ランキング -求人 -まとめ
コンテンツマーケティング支援 サービスを開始。,https://empowershop.co.jp/press/2015/0519.html,,,,東京都,東京都 コンテンツマーケティング 支援会社 -おすすめ -比較 -ランキング -求人 -まとめ
株式 会社 ライトアップ: コンテンツ 制作 会社 がweb マーケティング を ...,https://www.biz4.jp/,,,,東京都,東京都 コンテンツマーケティング 支援会社 -おすすめ -比較 -ランキング -求人 -まとめ
Web マーケティング支援,https://third-scope.com/service/web-marketing-support/,,,,東京都,東京都 コンテンツマーケティング 支援会社 -おすすめ -比較 -ランキング -求人 -まとめ
[デジタル マーケティング エージェンシー],https://fields.canpan.info/organization/detail/1075236735,,,,東京都,東京都 コンテンツマーケティング 支援会社 -おすすめ -比較 -ランキング -求人 -まとめ
LINE MARKETING,https://aitrigger.co.jp/service/line-marketing/,,,,東京都,東京都 LINE CRM マーケティング会社 -おすすめ -比較 -ランキング -求人 -まとめ
LINE 特化型 マーケティング ツール「Ligla」、 運用パートナーとの ...,https://timetechnologies.ltd/archives/861,,,,東京都,東京都 LINE CRM マーケティング会社 -おすすめ -比較 -ランキング -求人 -まとめ
HubSpot× LINE 活用,https://s.creativehope.co.jp/service/hubspot_line,,,,東京都,東京都 LINE CRM マーケティング会社 -おすすめ -比較 -ランキング -求人 -まとめ
ファンクラブ向け LINEマーケティング と会員基盤構築支援,https://www.atiro.co.jp/case/alvark-tokyo,,,,東京都,東京都 LINE CRM マーケティング会社 -おすすめ -比較 -ランキング -求人 -まとめ
株式 会社 アドエイトがご提供するデジタル マーケティング について,https://ad-eight.co.jp/digital_m/,,,,東京都,東京都 動画広告 マーケティング会社 -おすすめ -比較 -ランキング -求人 -まとめ
Skelton,https://skelton.co.jp/,,,,東京都,東京都 動画広告 マーケティング会社 -おすすめ -比較 -ランキング -求人 -まとめ
東京都 渋谷区,https://www.fleffect.com/business/,,,,東京都,東京都 動画広告 マーケティング会社 -おすすめ -比較 -ランキング -求人 -まとめ
AI×CGによる多種多量な 広告 クリエイティブ制作と 広告 運用に強み ...,https://cyberagent.ai/news/press/1350/,,,,東京都,東京都 動画広告 マーケティング会社 -おすすめ -比較 -ランキング -求人 -まとめ
会社 概要,https://cine-mato.com/company/,,,,東京都,東京都 動画広告 マーケティング会社 -おすすめ -比較 -ランキング -求人 -まとめ
株式 会社 Influencer Tech,https://we-eva.com/company,,,,東京都,東京都 インフルエンサー マーケティング会社 -おすすめ -比較 -ランキング -求人 -まとめ
REECH DATABASE,https://reech.co.jp/,,,,東京都,東京都 インフルエンサー マーケティング会社 -おすすめ -比較 -ランキング -求人 -まとめ
AI時代の マーケティング 支援,https://lp.influencerforce.me/%E8%A4%87%E8%A3%BD-%E3%83%9B%E3%83%BC%E3%83%A0,,,,東京都,東京都 インフルエンサー マーケティング会社 -おすすめ -比較 -ランキング -求人 -まとめ
インフルエンサーマーケティング,https://www.strh.co.jp/case/industry-cat/influencer,,,,東京都,東京都 インフルエンサー マーケティング会社 -おすすめ -比較 -ランキング -求人 -まとめ
インフルエンサーマーケティング ／法人営業・企画営業職（ 東京 ...,https://www.socialwire.net/job/pr_solutionsales_tokyo,,,,東京都,東京都 インフルエンサー マーケティング会社 -おすすめ -比較 -ランキング -求人 -まとめ
インフルエンサー 事業 – LeeN合同 会社,https://leen.jp/service/influencer,,,,東京都,東京都 インフルエンサー マーケティング会社 -おすすめ -比較 -ランキング -求人 -まとめ
広報・ SNS 運用科,https://mtkr-career.com/parent/sns/,,,,東京都,東京都 採用マーケティング SNS支援 -おすすめ -比較 -ランキング -求人 -まとめ
令和8年度デジタル マーケティング支援 事業 国内向けにおける ...,https://www.tokyo-kosha.or.jp/kosha/senmonka-bosyu/2512/09_01.html,,,,東京都,東京都 採用マーケティング SNS支援 -おすすめ -比較 -ランキング -求人 -まとめ
令和6年度 キャリア活用 採用 選考(特定任期付) 政策企画局戦略広報部 ...,https://www.seisakukikaku.metro.tokyo.lg.jp/documents/d/seisakukikaku/information-r6koho-2,,,,東京都,東京都 採用マーケティング SNS支援 -おすすめ -比較 -ランキング -求人 -まとめ
デジタル マーケティング,https://19231119.com/careers/digital_marketing/,,,,東京都,東京都 採用マーケティング SNS支援 -おすすめ -比較 -ランキング -求人 -まとめ
中小企業デジタル ツール導入 促進支援事業申請サポート,https://lp.parkfield.jp/digital-tool,,,,東京都,東京都 中小企業 デジタル販促会社 -おすすめ -比較 -ランキング -求人 -まとめ
ファーストステップセミナー,https://digiport.tokyo/learn/seminar/,,,,東京都,東京都 中小企業 デジタル販促会社 -おすすめ -比較 -ランキング -求人 -まとめ
観光事業者の デジタル 化促進事業補助金,https://www.tcvb.or.jp/jp/project/R6_Digital_No.1_Kofuyoko_Beppyo_1.pdf,,,,東京都,東京都 中小企業 デジタル販促会社 -おすすめ -比較 -ランキング -求人 -まとめ
IT導入補助金2024」の支援事業者に認定,https://digiclue.jp/news/18632543/,,,,東京都,東京都 中小企業 デジタル販促会社 -おすすめ -比較 -ランキング -求人 -まとめ
デジタル 活用による成長に向けた取組,https://www.sangyo-rodo.metro.tokyo.lg.jp/documents/d/sangyo-rodo/05_purezen2_r6_3-pdf,,,,東京都,東京都 中小企業 デジタル販促会社 -おすすめ -比較 -ランキング -求人 -まとめ
取扱いメディア例,https://www.areadrive.jp/medias/,,,,神奈川県,神奈川県 地域広告代理店 デジタル支援 -おすすめ -比較 -ランキング -求人 -まとめ
募集終了の 広告 媒体,https://www.pref.kanagawa.jp/docs/gh8/koukoku-syuuryou.html,,,,神奈川県,神奈川県 地域広告代理店 デジタル支援 -おすすめ -比較 -ランキング -求人 -まとめ
SERVICE,https://pr-dice-b.com/service/,,,,神奈川県,神奈川県 地域広告代理店 デジタル支援 -おすすめ -比較 -ランキング -求人 -まとめ
広告 ・デザイン( 神奈川県 ),https://www.bizloop.jp/c00000107/Kanagawa/,,,,神奈川県,神奈川県 地域広告代理店 デジタル支援 -おすすめ -比較 -ランキング -求人 -まとめ
インターネット 広告代理店 企業の売上規模などの情報を検索する,https://biz-maps.com/s/cities/142051/m-inds/474,,,,神奈川県,神奈川県 地域広告代理店 デジタル支援 -おすすめ -比較 -ランキング -求人 -まとめ
会社概要,https://winningfield.net/company-2,,,,神奈川県,神奈川県 地域広告代理店 デジタル支援 -おすすめ -比較 -ランキング -求人 -まとめ
神奈川県 ネット広告（ネット マーケティング 支援）の 会社 (広告 ...,https://www.nikkei.com/compass/search/Y2F0ZWdvcnk9Y29tcGFueSZpbmR1c3RyeVM9MDgyNCZyZWdpb249MTQ,,,,神奈川県,神奈川県 PR会社 SNSマーケティング -おすすめ -比較 -ランキング -求人 -まとめ
エリアファン マーケティング （デジタルプロモーション株式 会社 ）,https://avix.co.jp/digitalpromotion/,,,,神奈川県,神奈川県 PR会社 SNSマーケティング -おすすめ -比較 -ランキング -求人 -まとめ
【実績豊富】 神奈川県 の SNSマーケティング を行う 会社 の株式譲渡,https://ma-navigator.com/projects/3724102025,,,,神奈川県,神奈川県 PR会社 SNSマーケティング -おすすめ -比較 -ランキング -求人 -まとめ
神奈川県 シープロジェクト Feel SHONAN,https://www.bostudio.co.jp/case/feelshonan/,,,,神奈川県,神奈川県 PR会社 SNSマーケティング -おすすめ -比較 -ランキング -求人 -まとめ
私たちの考えと強み,https://www.kazmia.jp/view/,,,,神奈川県,神奈川県 クリエイティブ会社 Webマーケティング -おすすめ -比較 -ランキング -求人 -まとめ
神奈川 ・湘南の ホームページ 制作 会社 -VIVIBOND（ Web 制作と ...,https://vivibond.com/,,,,神奈川県,神奈川県 クリエイティブ会社 Webマーケティング -おすすめ -比較 -ランキング -求人 -まとめ
ceo 村田創真,https://only8.co.jp/member/murata,,,,神奈川県,神奈川県 クリエイティブ会社 Webマーケティング -おすすめ -比較 -ランキング -求人 -まとめ
横浜・関内の Web 制作 会社,https://synval.jp/,,,,神奈川県,神奈川県 クリエイティブ会社 Webマーケティング -おすすめ -比較 -ランキング -求人 -まとめ
カバズワースについて,https://kaba-design.jp/about/,,,,神奈川県,神奈川県 ブランディング会社 Web集客 -おすすめ -比較 -ランキング -求人 -まとめ
神奈川県 でデザイン・ ブランディング に強い制作 会社 3社,https://c-ree.com/partners/feature/branding/kanagawa,,,,神奈川県,神奈川県 ブランディング会社 Web集客 -おすすめ -比較 -ランキング -求人 -まとめ
WEB デザイン,https://www.opengate.jp/category/webdesign/,,,,神奈川県,神奈川県 ブランディング会社 Web集客 -おすすめ -比較 -ランキング -求人 -まとめ
神奈川 のホームページ制作,https://kurum.jp/web/,,,,神奈川県,神奈川県 ブランディング会社 Web集客 -おすすめ -比較 -ランキング -求人 -まとめ
お問い合わせ,https://betterstandard.jp/contact,,,,神奈川県,神奈川県 ブランディング会社 Web集客 -おすすめ -比較 -ランキング -求人 -まとめ
マーケティング支援,https://hamakikaku.co.jp/service/consulting,,,,神奈川県,神奈川県 コンテンツマーケティング 支援会社 -おすすめ -比較 -ランキング -求人 -まとめ
SEO/ コンテンツマーケティング に関するノウハウ記事,https://marketing.clabel.jp/knowhow/seo-content-marketing/,,,,神奈川県,神奈川県 コンテンツマーケティング 支援会社 -おすすめ -比較 -ランキング -求人 -まとめ
会社 概要,https://mayui.co.jp/company/,,,,神奈川県,神奈川県 コンテンツマーケティング 支援会社 -おすすめ -比較 -ランキング -求人 -まとめ
神奈川県 、「県民の安心をつなぐAI CRM 」を#7119に。迷いの一瞬を,https://www.salesforce.com/jp/customer-stories/pref-kanagawa/,,,,神奈川県,神奈川県 LINE CRM マーケティング会社 -おすすめ -比較 -ランキング -求人 -まとめ
株式 会社 DeNA川崎ブレイブサンダース,https://deca.marketing/cases/kawasaki-bravethunders/,,,,神奈川県,神奈川県 LINE CRM マーケティング会社 -おすすめ -比較 -ランキング -求人 -まとめ
マーケティング ・ CRM,https://kirifuda.io/domains/marketing-crm,,,,神奈川県,神奈川県 LINE CRM マーケティング会社 -おすすめ -比較 -ランキング -求人 -まとめ
株式 会社 ワックアップ,https://www.zoho.com/jp/partners/waqup.html,,,,神奈川県,神奈川県 LINE CRM マーケティング会社 -おすすめ -比較 -ランキング -求人 -まとめ
店舗任せの LINE 運営から脱却。多店舗運営の LINE 活用を ...,https://evolany.com/news/pressrelease/1108/,,,,神奈川県,神奈川県 LINE CRM マーケティング会社 -おすすめ -比較 -ランキング -求人 -まとめ
動画マーケティング サポート,http://quickmov.jp/support/,,,,神奈川県,神奈川県 動画広告 マーケティング会社 -おすすめ -比較 -ランキング -求人 -まとめ
神奈川 の 動画 制作・映像制作実績,https://www.jpc-ltd.co.jp/movie/area/kanagawa/,,,,神奈川県,神奈川県 動画広告 マーケティング会社 -おすすめ -比較 -ランキング -求人 -まとめ
YouTube 広告,https://www.urban-sp.jp/service/online_advertising/youtube/,,,,神奈川県,神奈川県 動画広告 マーケティング会社 -おすすめ -比較 -ランキング -求人 -まとめ
"マーケティング 事業 – FastMotion,Inc",https://fastmotion.biz/marketing/,,,,神奈川県,神奈川県 動画広告 マーケティング会社 -おすすめ -比較 -ランキング -求人 -まとめ
YouTube 動画マーケティング,https://www.dolphin-through.jp/make-the-best-use-of-youtube/marketing/,,,,神奈川県,神奈川県 動画広告 マーケティング会社 -おすすめ -比較 -ランキング -求人 -まとめ
SERVICE,https://key-partners.jp/service/,,,,神奈川県,神奈川県 採用マーケティング SNS支援 -おすすめ -比較 -ランキング -求人 -まとめ
マーケティング （データアナリスト・戦略）募集要項,https://www.koeitecmo.co.jp/recruit/career/system/post-19.html,,,,神奈川県,神奈川県 採用マーケティング SNS支援 -おすすめ -比較 -ランキング -求人 -まとめ
X運用代行,https://alpssns.com/work_post/x/,,,,神奈川県,神奈川県 採用マーケティング SNS支援 -おすすめ -比較 -ランキング -求人 -まとめ
Instagram/TikTok マーケティング,https://makelead.co.jp/instagram-tiktok,,,,神奈川県,神奈川県 採用マーケティング SNS支援 -おすすめ -比較 -ランキング -求人 -まとめ
インフルエンサーマーケティング 成功事例紹介,https://yorimichi-local.jp/work/influencer/,,,,神奈川県,神奈川県 インフルエンサー マーケティング会社 -おすすめ -比較 -ランキング -求人 -まとめ
会社 概要,https://hp.livels.jp/about,,,,神奈川県,神奈川県 インフルエンサー マーケティング会社 -おすすめ -比較 -ランキング -求人 -まとめ
実績,https://tiger-e.co.jp/works.html,,,,神奈川県,神奈川県 インフルエンサー マーケティング会社 -おすすめ -比較 -ランキング -求人 -まとめ
SNS運用代行,https://hamon-z.com/service/sns/,,,,神奈川県,神奈川県 インフルエンサー マーケティング会社 -おすすめ -比較 -ランキング -求人 -まとめ
制御技術を武器に、ロボットやAIを活用した未来を描く【横浜電子 ...,https://seisansei.smrj.go.jp/case/20230220.html,,,,神奈川県,神奈川県 中小企業 デジタル販促会社 -おすすめ -比較 -ランキング -求人 -まとめ
神奈川県 スクリーン・ デジタル 印刷協同組合（川崎市）,https://www.navida.ne.jp/snavi/3644_1.html,,,,神奈川県,神奈川県 中小企業 デジタル販促会社 -おすすめ -比較 -ランキング -求人 -まとめ
はじめてばこ,https://www.tvk-yokohama.com/mirai/hajimetebako/,,,,神奈川県,神奈川県 中小企業 デジタル販促会社 -おすすめ -比較 -ランキング -求人 -まとめ
経営力強化支援セミナー,https://www.mapmarketing.co.jp/pdf/FXkanagawa_seminar.pdf,,,,神奈川県,神奈川県 中小企業 デジタル販促会社 -おすすめ -比較 -ランキング -求人 -まとめ
各種補助金に関する情報提供,https://www.yokohama-cci.or.jp/executive/smaller/,,,,神奈川県,神奈川県 中小企業 デジタル販促会社 -おすすめ -比較 -ランキング -求人 -まとめ
企業 概要,https://chuco-ms.co.jp/company/,,,,神奈川県,神奈川県 中小企業 デジタル販促会社 -おすすめ -比較 -ランキング -求人 -まとめ
デジタル マーケティング,https://www.adservice.niigata-mn.co.jp/service/digital/,,,,新潟県,新潟県 地域広告代理店 デジタル支援 -おすすめ -比較 -ランキング -求人 -まとめ
新潟 支店,https://niigata.aap.co.jp/,,,,新潟県,新潟県 地域広告代理店 デジタル支援 -おすすめ -比較 -ランキング -求人 -まとめ
ニュース ユニークワン／ デジタル広告代理店,https://unique1.co.jp/news/page/8/,,,,新潟県,新潟県 地域広告代理店 デジタル支援 -おすすめ -比較 -ランキング -求人 -まとめ
伝統メディアの信頼に デジタル を掛け合わせ、 地域 の未来を切り ...,https://degipro.com/case/niigata-mn,,,,新潟県,新潟県 地域広告代理店 デジタル支援 -おすすめ -比較 -ランキング -求人 -まとめ
会社紹介,https://node-ad.info/company/,,,,新潟県,新潟県 地域広告代理店 デジタル支援 -おすすめ -比較 -ランキング -求人 -まとめ
にいがた進出企業の声,https://www.pref.niigata.lg.jp/site/kigyonokoe/,,,,新潟県,新潟県 地域広告代理店 デジタル支援 -おすすめ -比較 -ランキング -求人 -まとめ
グローカル マーケティング 株式 会社,https://www.nico.or.jp/creative-bank/creator/glocal-marketing/,,,,新潟県,新潟県 クリエイティブ会社 Webマーケティング -おすすめ -比較 -ランキング -求人 -まとめ
S.TAMAKI,https://www.com-m.com/members/s-tamaki/,,,,新潟県,新潟県 クリエイティブ会社 Webマーケティング -おすすめ -比較 -ランキング -求人 -まとめ
アイレップが 新潟 市に クリエイティブ 制作業務専門の拠点,https://www.niikei.jp/2118/,,,,新潟県,新潟県 クリエイティブ会社 Webマーケティング -おすすめ -比較 -ランキング -求人 -まとめ
効果的な伝え方でターゲットに発信,https://www.niigata-cci.or.jp/wp/wp-content/uploads/2020/08/02-03.pdf,,,,新潟県,新潟県 PR会社 SNSマーケティング -おすすめ -比較 -ランキング -求人 -まとめ
ホームページ制作・ECサイト,http://www.4s-company.jp/web/,,,,新潟県,新潟県 ブランディング会社 Web集客 -おすすめ -比較 -ランキング -求人 -まとめ
11/16 13時〜 生成AI x ブランディング セミナー in 新潟,https://web8.co.jp/ai_-seminar_niigata/,,,,新潟県,新潟県 ブランディング会社 Web集客 -おすすめ -比較 -ランキング -求人 -まとめ
ドコドア株式 会社,https://ngt-career.com/archives/43754,,,,新潟県,新潟県 ブランディング会社 Web集客 -おすすめ -比較 -ランキング -求人 -まとめ
新潟,https://branding-bd.co.jp/area/niigata/,,,,新潟県,新潟県 ブランディング会社 Web集客 -おすすめ -比較 -ランキング -求人 -まとめ
新発田市 新潟 のホームページ制作 会社 (株)アテンド,https://www.attend.jp/category/area/shibata,,,,新潟県,新潟県 ブランディング会社 Web集客 -おすすめ -比較 -ランキング -求人 -まとめ
食品製造・飲食店 ホームページ制作/デザイン実績,https://cunelwork.co.jp/works/business_type/food-company/,,,,新潟県,新潟県 ブランディング会社 Web集客 -おすすめ -比較 -ランキング -求人 -まとめ
企業情報,https://eightsmarketing.com/company/,,,,新潟県,新潟県 コンテンツマーケティング 支援会社 -おすすめ -比較 -ランキング -求人 -まとめ
プロモーション 支援,https://digiple.co.jp/service/promotion/,,,,新潟県,新潟県 コンテンツマーケティング 支援会社 -おすすめ -比較 -ランキング -求人 -まとめ
永田 さおり,https://moltsinc.co.jp/member/saori-nagata/,,,,新潟県,新潟県 コンテンツマーケティング 支援会社 -おすすめ -比較 -ランキング -求人 -まとめ
博報堂、 LINE を活用した地域の関係人口創出・拡大ソリューション ...,https://www.hakuhodo.co.jp/news/newsrelease/108807/,,,,新潟県,新潟県 LINE CRM マーケティング会社 -おすすめ -比較 -ランキング -求人 -まとめ
八田 元之,https://san-niigata.com/author/san0108/,,,,新潟県,新潟県 LINE CRM マーケティング会社 -おすすめ -比較 -ランキング -求人 -まとめ
新潟 の地域トレンドを活かした 動画マーケティング 戦略【2026年 ...,https://www.ifilm.co.jp/post/niigata-video-marketing-trend-2026,,,,新潟県,新潟県 動画広告 マーケティング会社 -おすすめ -比較 -ランキング -求人 -まとめ
販促 動画 制作・映像制作,https://www.kousoku-print.jp/service/motion/,,,,新潟県,新潟県 動画広告 マーケティング会社 -おすすめ -比較 -ランキング -求人 -まとめ
新潟 で映像制作を依頼するなら？制作 会社 の選び方と成功する 動画 ...,https://creativelab.biz/news/20260310-2398/,,,,新潟県,新潟県 動画広告 マーケティング会社 -おすすめ -比較 -ランキング -求人 -まとめ
上越・ 新潟 の中小企業が マーケティング支援 で失敗する3つの理由,https://www.highdef.jp/news/n_2ob3tdq/,,,,新潟県,新潟県 採用マーケティング SNS支援 -おすすめ -比較 -ランキング -求人 -まとめ
インフルエンサーマーケティング 企業toridoriが 新潟 支社を開設,https://xexeq.jp/blogs/media/topics33219,,,,新潟県,新潟県 インフルエンサー マーケティング会社 -おすすめ -比較 -ランキング -求人 -まとめ
株式 会社 トリドリが 新潟 市に進出しました,https://www.city.niigata.lg.jp/business/kigyo/ritchi/topics/kigyo20240422.html,,,,新潟県,新潟県 インフルエンサー マーケティング会社 -おすすめ -比較 -ランキング -求人 -まとめ
補助金を使ったサポートのお知らせ,https://www.dip.co.jp/%E8%A3%9C%E5%8A%A9%E9%87%91%E3%82%92%E4%BD%BF%E3%81%A3%E3%81%9F%E3%82%B5%E3%83%9D%E3%83%BC%E3%83%88%E3%81%AE%E3%81%8A%E7%9F%A5%E3%82%89%E3%81%9B/,,,,新潟県,新潟県 中小企業 デジタル販促会社 -おすすめ -比較 -ランキング -求人 -まとめ
イベント・セミナー,https://www.ricoh.co.jp/event,,,,新潟県,新潟県 中小企業 デジタル販促会社 -おすすめ -比較 -ランキング -求人 -まとめ
ディスプレイ 広告 、SNS 広告 の運用代行,https://www.nippon-ag.co.jp/digital/internetadvertising.html,,,,富山県,富山県 地域広告代理店 デジタル支援 -おすすめ -比較 -ランキング -求人 -まとめ
会員登録名 住所 業種 PR HPアドレス 富山県,https://go-centraljapan.jp/ja/service/doc/prlist260105.pdf,,,,富山県,富山県 地域広告代理店 デジタル支援 -おすすめ -比較 -ランキング -求人 -まとめ
【 富山 】クロスメディアセールス（企画営業）,https://knowledge-climber.recruit-site.biz/career/media_planner/,,,,富山県,富山県 地域広告代理店 デジタル支援 -おすすめ -比較 -ランキング -求人 -まとめ
Our Network,https://www.japan.dentsu.com/jp/ournetwork.html,,,,富山県,富山県 地域広告代理店 デジタル支援 -おすすめ -比較 -ランキング -求人 -まとめ
令和8年度 SNSマーケティング に基づいたSNS動画発信 ...,https://www.pref.toyama.jp/810111/press/2026sns.html,,,,富山県,富山県 PR会社 SNSマーケティング -おすすめ -比較 -ランキング -求人 -まとめ
会社 概要,https://www.geomix.co.jp/company/,,,,富山県,富山県 PR会社 SNSマーケティング -おすすめ -比較 -ランキング -求人 -まとめ
ユニスポット,https://creators-navi.jp/archives/3403,,,,富山県,富山県 PR会社 SNSマーケティング -おすすめ -比較 -ランキング -求人 -まとめ
オレンジ マーケティング /Orange Marketing,https://orange-marketing.jp/,,,,富山県,富山県 PR会社 SNSマーケティング -おすすめ -比較 -ランキング -求人 -まとめ
運営 会社,https://seeds-nippon.com/company.html,,,,富山県,富山県 PR会社 SNSマーケティング -おすすめ -比較 -ランキング -求人 -まとめ
クリエイター支援,https://wb-sakura.com/creator/,,,,富山県,富山県 PR会社 SNSマーケティング -おすすめ -比較 -ランキング -求人 -まとめ
WEB デザイン・ ホームページ 制作・SEO対策・動画制作 ...,https://www.strise.info/service/,,,,富山県,富山県 クリエイティブ会社 Webマーケティング -おすすめ -比較 -ランキング -求人 -まとめ
発想が仕事を創る、 クリエイティブ に働くマーケターへの挑戦。,https://netz-wakumag.jp/backnumber/place/77,,,,富山県,富山県 クリエイティブ会社 Webマーケティング -おすすめ -比較 -ランキング -求人 -まとめ
株式 会社 プロジェクトタネ,https://www.sdgs-toyama.jp/company/detail/?company_id=167,,,,富山県,富山県 クリエイティブ会社 Webマーケティング -おすすめ -比較 -ランキング -求人 -まとめ
富山県ウェブ サイトバナー広告,https://wi-t.co.jp/jichitai/banner_toyama/,,,,富山県,富山県 ブランディング会社 Web集客 -おすすめ -比較 -ランキング -求人 -まとめ
富山県 の広報・ ブランディング の専門家・コンサルタント,https://mbp-japan.com/toyama/search/area:16/genre:8:8018/,,,,富山県,富山県 ブランディング会社 Web集客 -おすすめ -比較 -ランキング -求人 -まとめ
オウンドメディア制作,https://www.datasat.co.jp/web/owned-media/,,,,富山県,富山県 ブランディング会社 Web集客 -おすすめ -比較 -ランキング -求人 -まとめ
ブランド戦略入門講座,https://www.tonio.or.jp/joho/voice/20130927voice.html,,,,富山県,富山県 ブランディング会社 Web集客 -おすすめ -比較 -ランキング -求人 -まとめ
SERVICE/04.サブスク型 Web サポート,https://seacloud.jp/subscription/,,,,富山県,富山県 ブランディング会社 Web集客 -おすすめ -比較 -ランキング -求人 -まとめ
マーケティング 実装 支援,https://www.protane.jp/web.html,,,,富山県,富山県 コンテンツマーケティング 支援会社 -おすすめ -比較 -ランキング -求人 -まとめ
マーケティング,https://glic.co.jp/marketing,,,,富山県,富山県 コンテンツマーケティング 支援会社 -おすすめ -比較 -ランキング -求人 -まとめ
会社 情報,https://www.it-keiei.info/company/,,,,富山県,富山県 コンテンツマーケティング 支援会社 -おすすめ -比較 -ランキング -求人 -まとめ
ECビジネスに最適化した 物流インフラを構築します！,https://marketing.f-i-d.jp/fid_innovation/,,,,富山県,富山県 LINE CRM マーケティング会社 -おすすめ -比較 -ランキング -求人 -まとめ
MarkeZine Day 2017 Tohoku,https://event.shoeisha.jp/mzday/20171017,,,,富山県,富山県 LINE CRM マーケティング会社 -おすすめ -比較 -ランキング -求人 -まとめ
エコファミリーしんぶん,https://sui.co.jp/works_case/01/,,,,富山県,富山県 LINE CRM マーケティング会社 -おすすめ -比較 -ランキング -求人 -まとめ
動画 制作,https://www.t-soft.co.jp/movie.html,,,,富山県,富山県 動画広告 マーケティング会社 -おすすめ -比較 -ランキング -求人 -まとめ
【Web制作実績】 metate,https://www.uni-spot.com/works_post/metate-attract/,,,,富山県,富山県 動画広告 マーケティング会社 -おすすめ -比較 -ランキング -求人 -まとめ
Memberメンバー紹介,https://fuuring.jp/member/,,,,富山県,富山県 インフルエンサー マーケティング会社 -おすすめ -比較 -ランキング -求人 -まとめ
地域特産品 大都市圏への販路開拓,https://jeckc.com/market_expansion,,,,富山県,富山県 インフルエンサー マーケティング会社 -おすすめ -比較 -ランキング -求人 -まとめ
WORKS,https://iconic-inc.jp/works/,,,,富山県,富山県 インフルエンサー マーケティング会社 -おすすめ -比較 -ランキング -求人 -まとめ
マーケティング 専攻,https://www.bit.urayama.ac.jp/subject-course/dm,,,,富山県,富山県 採用マーケティング SNS支援 -おすすめ -比較 -ランキング -求人 -まとめ
富山県 サイクル観光の醸成。 SNS を起点としたファン ...,https://addix.co.jp/works/project/toyama_cycling/,,,,富山県,富山県 採用マーケティング SNS支援 -おすすめ -比較 -ランキング -求人 -まとめ
SNS を社内で内製化,https://designtoyama.com/service/consulting,,,,富山県,富山県 採用マーケティング SNS支援 -おすすめ -比較 -ランキング -求人 -まとめ
富山 の 採用 セミナー,https://www.yamabe-jim.com/recruit_support/seminar/,,,,富山県,富山県 採用マーケティング SNS支援 -おすすめ -比較 -ランキング -求人 -まとめ
｢ 富山県中小企業 リバイバル補助金｣受付開始しています｡,https://gne.co.jp/subsidy-info/5079,,,,富山県,富山県 中小企業 デジタル販促会社 -おすすめ -比較 -ランキング -求人 -まとめ
デジタル 技術を用いた経営ビジョンを策定,https://miura-photocraft.jp/news/2023/07/89657/,,,,富山県,富山県 中小企業 デジタル販促会社 -おすすめ -比較 -ランキング -求人 -まとめ
生産性向上支援センター,https://toyama-yorozushien.go.jp/seisansei/,,,,富山県,富山県 中小企業 デジタル販促会社 -おすすめ -比較 -ランキング -求人 -まとめ
富山県,https://www.meti.go.jp/policy/mono_info_service/mono/human-design/r6_cyubu.pdf,,,,富山県,富山県 中小企業 デジタル販促会社 -おすすめ -比較 -ランキング -求人 -まとめ
r3i_10_hokurikusinetsu.pdf,https://r3.jizokukahojokin.info/doc/saitaku10/r3i_10_hokurikusinetsu.pdf,,,,富山県,富山県 中小企業 デジタル販促会社 -おすすめ -比較 -ランキング -求人 -まとめ
株式会社日本エージェンシー,https://toiku-shukatsu.net/search/company/TC0299/index.html,,,,石川県,石川県 地域広告代理店 デジタル支援 -おすすめ -比較 -ランキング -求人 -まとめ
会員企業紹介 MEMBER,https://www.ivig.or.jp/member/,,,,石川県,石川県 地域広告代理店 デジタル支援 -おすすめ -比較 -ランキング -求人 -まとめ
会社概要,https://livefortoday.jp/company/,,,,石川県,石川県 地域広告代理店 デジタル支援 -おすすめ -比較 -ランキング -求人 -まとめ
人材情報,https://www.isico.or.jp/specialist/?offset=60,,,,石川県,石川県 地域広告代理店 デジタル支援 -おすすめ -比較 -ランキング -求人 -まとめ
株式会社アーバンプロジェクト 北陸営業所,https://urban-project.jp/office/hokuriku/,,,,石川県,石川県 地域広告代理店 デジタル支援 -おすすめ -比較 -ランキング -求人 -まとめ
デジタル マーケティング を活用した観光プロモーション事業業務 ...,https://www.hot-ishikawa.jp/business/news/detail_288.html,,,,石川県,石川県 PR会社 SNSマーケティング -おすすめ -比較 -ランキング -求人 -まとめ
SNS 運用サポート – SNS Operation support,https://com-lab.jp/sns-support/,,,,石川県,石川県 PR会社 SNSマーケティング -おすすめ -比較 -ランキング -求人 -まとめ
専  門  家  紹  介,https://www.ishikawa-advisor.jp/141/,,,,石川県,石川県 PR会社 SNSマーケティング -おすすめ -比較 -ランキング -求人 -まとめ
石川県 観光デジタル マーケティング プラットフォーム構築・運用 ...,https://www.pref.ishikawa.lg.jp/kankou/dx/dmp.html,,,,石川県,石川県 PR会社 SNSマーケティング -おすすめ -比較 -ランキング -求人 -まとめ
About Us,https://kanazawa-rimipo.com/aboutus/,,,,石川県,石川県 PR会社 SNSマーケティング -おすすめ -比較 -ランキング -求人 -まとめ
全国の港で初の取り組み＞金沢港振興協会が連携し,https://cruise-ism.com/special/kanazawaport/,,,,石川県,石川県 PR会社 SNSマーケティング -おすすめ -比較 -ランキング -求人 -まとめ
採用情報（ マーケティング プランナー）,https://writerhouse.jp/recruit-mktplanners/,,,,石川県,石川県 クリエイティブ会社 Webマーケティング -おすすめ -比較 -ランキング -求人 -まとめ
サービス紹介,https://colorea.colorfulcompany.co.jp/service,,,,石川県,石川県 クリエイティブ会社 Webマーケティング -おすすめ -比較 -ランキング -求人 -まとめ
会社 情報,https://diorama.tv/company,,,,石川県,石川県 クリエイティブ会社 Webマーケティング -おすすめ -比較 -ランキング -求人 -まとめ
初めての方へ,https://www.prospelago.co.jp/beginner/,,,,石川県,石川県 クリエイティブ会社 Webマーケティング -おすすめ -比較 -ランキング -求人 -まとめ
Webウェブ 事業,https://hayashi-kanazawa.co.jp/service/web/,,,,石川県,石川県 クリエイティブ会社 Webマーケティング -おすすめ -比較 -ランキング -求人 -まとめ
マーケティング重視か。目的に応じて WEB 制作 会社 を選定しよう！,https://kanazawa-homepage.jp/column/column-367/,,,,石川県,石川県 ブランディング会社 Web集客 -おすすめ -比較 -ランキング -求人 -まとめ
コラム,https://mdm-web.jp/column/,,,,石川県,石川県 ブランディング会社 Web集客 -おすすめ -比較 -ランキング -求人 -まとめ
会社 概要,https://internet-promotion.jp/about/,,,,石川県,石川県 ブランディング会社 Web集客 -おすすめ -比較 -ランキング -求人 -まとめ
機能訴求を中心とした施策から抜け出すことで、 新規ユーザーを ...,https://www2.tonio.or.jp/e.phtml?i=31d930170bd413e5f9a25340b884ab82,,,,石川県,石川県 コンテンツマーケティング 支援会社 -おすすめ -比較 -ランキング -求人 -まとめ
会社 概要,https://weeekend.co.jp/companyprofile/,,,,石川県,石川県 コンテンツマーケティング 支援会社 -おすすめ -比較 -ランキング -求人 -まとめ
BtoB コンテンツマーケティング セミナー「リードに刺さる ...,https://btobmarketing.aluha.net/news/20180519-btob-content-marketing/,,,,石川県,石川県 コンテンツマーケティング 支援会社 -おすすめ -比較 -ランキング -求人 -まとめ
会社 概要,https://create-link.jp/company/,,,,石川県,石川県 コンテンツマーケティング 支援会社 -おすすめ -比較 -ランキング -求人 -まとめ
Webサイト運用戦略コンサルティング,https://altocolumn.com/works/workscat/web%E3%82%B5%E3%82%A4%E3%83%88%E9%81%8B%E7%94%A8%E6%88%A6%E7%95%A5%E3%82%B3%E3%83%B3%E3%82%B5%E3%83%AB%E3%83%86%E3%82%A3%E3%83%B3%E3%82%B0/,,,,石川県,石川県 コンテンツマーケティング 支援会社 -おすすめ -比較 -ランキング -求人 -まとめ
SPコンサルタント,https://sp-consultant.my.canva.site/,,,,石川県,石川県 LINE CRM マーケティング会社 -おすすめ -比較 -ランキング -求人 -まとめ
HP制作,https://www.sport2023.com/web-design,,,,石川県,石川県 LINE CRM マーケティング会社 -おすすめ -比較 -ランキング -求人 -まとめ
石川県 の 動画 制作・YouTube運用,https://www.tscreate-office.com/,,,,石川県,石川県 動画広告 マーケティング会社 -おすすめ -比較 -ランキング -求人 -まとめ
CONCEPT,https://movie-mobile.jp/concept/,,,,石川県,石川県 動画広告 マーケティング会社 -おすすめ -比較 -ランキング -求人 -まとめ
映像コンテンツ制作,https://www.notoinsatu.co.jp/business/marketing_communication/videocontentproduction/,,,,石川県,石川県 動画広告 マーケティング会社 -おすすめ -比較 -ランキング -求人 -まとめ
採用 マーケティング,https://kanazawabiyori.jp/case/category/recruitmentmarketing,,,,石川県,石川県 インフルエンサー マーケティング会社 -おすすめ -比較 -ランキング -求人 -まとめ
石川県 能美市訴求用_ インフルエンサー マンガ,https://mangamarketing.jp/ichiran/results/detail_4716.html,,,,石川県,石川県 インフルエンサー マーケティング会社 -おすすめ -比較 -ランキング -求人 -まとめ
WEB マーケティング mori – social first web markething,https://mori-co.com/,,,,石川県,石川県 インフルエンサー マーケティング会社 -おすすめ -比較 -ランキング -求人 -まとめ
石川県 情報システム工業会主催セミナー 「売上拡大・集客倍増の ...,https://www.smmj.jp/%E7%9F%B3%E5%B7%9D%E7%9C%8C%E3%80%81%E7%9F%B3%E5%B7%9D%E7%9C%8C%E6%83%85%E5%A0%B1%E3%82%B7%E3%82%B9%E3%83%86%E3%83%A0%E5%B7%A5%E6%A5%AD%E4%BC%9A%E4%B8%BB%E5%82%AC%E3%82%BB%E3%83%9F%E3%83%8A%E3%83%BC/,,,,石川県,石川県 採用マーケティング SNS支援 -おすすめ -比較 -ランキング -求人 -まとめ
谷口 智彦,https://sindanishikawa.com/member/416188/,,,,石川県,石川県 中小企業 デジタル販促会社 -おすすめ -比較 -ランキング -求人 -まとめ
令和3年度補正予算 中小企業 対策特集 フードピア金沢,https://www.kanazawa-cci.or.jp/report/magazine/pdf/report782.pdf,,,,石川県,石川県 中小企業 デジタル販促会社 -おすすめ -比較 -ランキング -求人 -まとめ
事業紹介,https://kagayaki.nsk.ad.jp/business/overview/,,,,石川県,石川県 中小企業 デジタル販促会社 -おすすめ -比較 -ランキング -求人 -まとめ
福井県 のWebコンサルティング 会社,https://tono-sama.net/consulting/,,,,福井県,福井県 PR会社 SNSマーケティング -おすすめ -比較 -ランキング -求人 -まとめ
あなたもWEB改善のプロになれる。,https://www.keyword-hunter.com/,,,,福井県,福井県 PR会社 SNSマーケティング -おすすめ -比較 -ランキング -求人 -まとめ
Pierre L.,https://jp.linkedin.com/in/pierre-l-a9363b17b/ja,,,,福井県,福井県 PR会社 SNSマーケティング -おすすめ -比較 -ランキング -求人 -まとめ
PR ワイヤー,https://corp.kyodo-d.jp/service/solution/prwire/?rid=202211079337,,,,福井県,福井県 PR会社 SNSマーケティング -おすすめ -比較 -ランキング -求人 -まとめ
【公式】 福井マーケティング 研究所,https://marketing-laboratory.jp/,,,,福井県,福井県 PR会社 SNSマーケティング -おすすめ -比較 -ランキング -求人 -まとめ
"悪質な""エステサロン""事業者に関する注意喚起",https://www.pref.fukui.lg.jp/doc/kenan/syohi/estesalon.html,,,,福井県,福井県 PR会社 SNSマーケティング -おすすめ -比較 -ランキング -求人 -まとめ
【坂井市×AlphaDrive】創業初期の「売れる仕組み」を作る！「Start ...,https://region.alphadrive.co.jp/news/sakaishi2026_01,,,,福井県,福井県 地域広告代理店 デジタル支援 -おすすめ -比較 -ランキング -求人 -まとめ
コーディネーターページ,https://yorozu-fukui.go.jp/page_coordinator/1/,,,,福井県,福井県 地域広告代理店 デジタル支援 -おすすめ -比較 -ランキング -求人 -まとめ
Web 広告の制作と運用,https://ibeinsatsu.co.jp/webkoukoku/,,,,福井県,福井県 クリエイティブ会社 Webマーケティング -おすすめ -比較 -ランキング -求人 -まとめ
福井 初！HP制作・デジタル マーケティング のためのIT展示会,https://www.machidukuri.fukui.jp/news/3044/,,,,福井県,福井県 クリエイティブ会社 Webマーケティング -おすすめ -比較 -ランキング -求人 -まとめ
福井県,https://www.creators-station.jp/category/interview/legends/hokushinetsu/fukui,,,,福井県,福井県 クリエイティブ会社 Webマーケティング -おすすめ -比較 -ランキング -求人 -まとめ
ABOUT,https://vivid-creation.com/about/,,,,福井県,福井県 クリエイティブ会社 Webマーケティング -おすすめ -比較 -ランキング -求人 -まとめ
マーケティング ・プロモーション支援,https://sf.vss.co.jp/service/promotion/,,,,福井県,福井県 クリエイティブ会社 Webマーケティング -おすすめ -比較 -ランキング -求人 -まとめ
福井県 新キャッチコピー・ロゴデザインコンテスト,https://awardg.sendenkaigi.com/fukui,,,,福井県,福井県 クリエイティブ会社 Webマーケティング -おすすめ -比較 -ランキング -求人 -まとめ
SERVICE,https://un-fold.biz/service/,,,,福井県,福井県 ブランディング会社 Web集客 -おすすめ -比較 -ランキング -求人 -まとめ
つくったものと、お客さまの声。,https://prosper-mw.jp/projects/,,,,福井県,福井県 ブランディング会社 Web集客 -おすすめ -比較 -ランキング -求人 -まとめ
会社 案内,https://ofasim.co.jp/company/,,,,福井県,福井県 ブランディング会社 Web集客 -おすすめ -比較 -ランキング -求人 -まとめ
会社 概要,https://include-jp.com/company/,,,,福井県,福井県 ブランディング会社 Web集客 -おすすめ -比較 -ランキング -求人 -まとめ
コーポレートサイト制作時の留意点,https://www.paddledesign.co.jp/point/post-27.html,,,,福井県,福井県 ブランディング会社 Web集客 -おすすめ -比較 -ランキング -求人 -まとめ
SEO対策,https://kiomiru-fukui.jp/service/seo.html,,,,福井県,福井県 コンテンツマーケティング 支援会社 -おすすめ -比較 -ランキング -求人 -まとめ
「美のかかりつけ医」をデジタル マーケティング で実現,https://dms.head-spring.co.jp/company/,,,,福井県,福井県 コンテンツマーケティング 支援会社 -おすすめ -比較 -ランキング -求人 -まとめ
会社 情報,https://contents-lab.com/about/,,,,福井県,福井県 コンテンツマーケティング 支援会社 -おすすめ -比較 -ランキング -求人 -まとめ
運営 会社 「TONOSAMA」について,https://fun-more.net/about-us,,,,福井県,福井県 コンテンツマーケティング 支援会社 -おすすめ -比較 -ランキング -求人 -まとめ
朝日商事 A-LINE,https://r.goope.jp/sr-18-183811s0135/about,,,,福井県,福井県 コンテンツマーケティング 支援会社 -おすすめ -比較 -ランキング -求人 -まとめ
会社 概要,https://big-mac.co.jp/company/data/,,,,福井県,福井県 LINE CRM マーケティング会社 -おすすめ -比較 -ランキング -求人 -まとめ
ファン育成プラットフォーム「FANSHIP」が 福井 県民生活協同組合 ...,https://iridge.jp/news/202112/30535/,,,,福井県,福井県 LINE CRM マーケティング会社 -おすすめ -比較 -ランキング -求人 -まとめ
ABOUT,https://hotice.jp/archive10,,,,福井県,福井県 インフルエンサー マーケティング会社 -おすすめ -比較 -ランキング -求人 -まとめ
第2回「Trend Marketing in Fukui」開催のお知らせ,https://neo-promotion.co.jp/news/%E7%AC%AC2%E5%9B%9E%E3%80%8Ctrend-marketing-in-fukui%E3%80%8D%E9%96%8B%E5%82%AC%E3%81%AE%E3%81%8A%E7%9F%A5%E3%82%89%E3%81%9B/,,,,福井県,福井県 動画広告 マーケティング会社 -おすすめ -比較 -ランキング -求人 -まとめ
動画 制作・ウェブCMはミエリへ,https://mieli.co.jp/plan/,,,,福井県,福井県 動画広告 マーケティング会社 -おすすめ -比較 -ランキング -求人 -まとめ
西村 星彌,https://www.sindan-fukui.jp/member/detail.php?id=99,,,,福井県,福井県 採用マーケティング SNS支援 -おすすめ -比較 -ランキング -求人 -まとめ
【3.11】創業者向け SNS 活用セミナー,https://www.s-project.biz/seminar/2021-3-11,,,,福井県,福井県 採用マーケティング SNS支援 -おすすめ -比較 -ランキング -求人 -まとめ
ファーストトレード株式 会社 、日本 デジタル トランス ...,https://jdxa.org/news/202202fast-trade/,,,,福井県,福井県 中小企業 デジタル販促会社 -おすすめ -比較 -ランキング -求人 -まとめ
2022 fisc総合パンフレット,https://www.fisc.jp/main/wp-content/uploads/2024/02/2022_sougou.pdf,,,,福井県,福井県 中小企業 デジタル販促会社 -おすすめ -比較 -ランキング -求人 -まとめ
株式 会社 エーリンクサービス,https://dxfukui.jp/case/pid104/,,,,福井県,福井県 中小企業 デジタル販促会社 -おすすめ -比較 -ランキング -求人 -まとめ
株式 会社 リソグラの5つの特徴と考え,https://risogra.co.jp/features/,,,,福井県,福井県 中小企業 デジタル販促会社 -おすすめ -比較 -ランキング -求人 -まとめ
県ホームページへの 広告 掲載について,https://www.pref.yamanashi.jp/info/ads.html,,,,山梨県,山梨県 地域広告代理店 デジタル支援 -おすすめ -比較 -ランキング -求人 -まとめ
【 デジタル広告代理店 とは？】広告用語集,https://visipri.com/ad-dictionary/1602-Digital-Advertising-Agency.php?srsltid=AfmBOoq7MPPgMgTh7ukqTMbKqYOLZD-IPwfuII01m2IBrszAc2feLHDG,,,,山梨県,山梨県 地域広告代理店 デジタル支援 -おすすめ -比較 -ランキング -求人 -まとめ
広告 に関するオンライン無料相談サイト,https://www.jrta.co.jp/online-soudan/,,,,山梨県,山梨県 地域広告代理店 デジタル支援 -おすすめ -比較 -ランキング -求人 -まとめ
広告代理店 様のお問合せ,https://malz.io/agency/,,,,山梨県,山梨県 地域広告代理店 デジタル支援 -おすすめ -比較 -ランキング -求人 -まとめ
やまなし デジタル ×コネクト,https://dx-literacy.pref.yamanashi.jp/,,,,山梨県,山梨県 地域広告代理店 デジタル支援 -おすすめ -比較 -ランキング -求人 -まとめ
第54回 山梨広告 賞作品展＆表彰式,https://y-kokoku.jp/past_news.html,,,,山梨県,山梨県 地域広告代理店 デジタル支援 -おすすめ -比較 -ランキング -求人 -まとめ
「 山梨県 」に関するプロジェクト（2ページ目）,https://readyfor.jp/tags/yamanashi?page=2,,,,山梨県,山梨県 地域広告代理店 デジタル支援 -おすすめ -比較 -ランキング -求人 -まとめ
運用型 広告 統合管理プラットフォーム『ATOM』地方応援 ...,https://digital-holdings.co.jp/news/20200618/739,,,,山梨県,山梨県 地域広告代理店 デジタル支援 -おすすめ -比較 -ランキング -求人 -まとめ
"山梨県 甲府市【新世代の町おこし】保存数3,500超え！甲府 ...",https://liddell.tokyo/case/clients-city_kofu/,,,,山梨県,山梨県 PR会社 SNSマーケティング -おすすめ -比較 -ランキング -求人 -まとめ
【 山梨 初】 山梨 の SNSマーケティング 企業、富士ヘルスケア ...,https://fujih-and-s.com/%E3%80%90%E5%B1%B1%E6%A2%A8%E5%88%9D%E3%80%91%E5%B1%B1%E6%A2%A8%E3%81%AEsns%E3%83%9E%E3%83%BC%E3%82%B1%E3%83%86%E3%82%A3%E3%83%B3%E3%82%B0%E4%BC%81%E6%A5%AD%E3%80%81%E5%AF%8C%E5%A3%AB%E3%83%98/,,,,山梨県,山梨県 PR会社 SNSマーケティング -おすすめ -比較 -ランキング -求人 -まとめ
山梨 Web マーケティング 支援,https://www.web-e.biz/,,,,山梨県,山梨県 PR会社 SNSマーケティング -おすすめ -比較 -ランキング -求人 -まとめ
会社 概要,https://zou.bz/company,,,,山梨県,山梨県 クリエイティブ会社 Webマーケティング -おすすめ -比較 -ランキング -求人 -まとめ
会社 案内,https://kikkake-design-labo.com/company/,,,,山梨県,山梨県 クリエイティブ会社 Webマーケティング -おすすめ -比較 -ランキング -求人 -まとめ
ITによる地域社会課題解決・伴走型専門家支援事業,https://www.media-b.com/business/,,,,山梨県,山梨県 クリエイティブ会社 Webマーケティング -おすすめ -比較 -ランキング -求人 -まとめ
事業内容 – 山梨県 甲府市 中小企業 ブランディング はメディアデコ ...,https://mediadeco.net/work/,,,,山梨県,山梨県 ブランディング会社 Web集客 -おすすめ -比較 -ランキング -求人 -まとめ
5分でわかるUNIIDEO,https://uniideo.com/fiveuniideo/,,,,山梨県,山梨県 ブランディング会社 Web集客 -おすすめ -比較 -ランキング -求人 -まとめ
富士吉田市・富士河口湖町のホームページ制作 会社,https://ibee-studio.com/top/company/,,,,山梨県,山梨県 ブランディング会社 Web集客 -おすすめ -比較 -ランキング -求人 -まとめ
YWebDesignStudio（ 山梨 のホームページ制作 会社 ワイ ウェブ ...,https://www.ywebdesign.com/,,,,山梨県,山梨県 ブランディング会社 Web集客 -おすすめ -比較 -ランキング -求人 -まとめ
会社 概要,https://www.biscom.jp/company/,,,,山梨県,山梨県 ブランディング会社 Web集客 -おすすめ -比較 -ランキング -求人 -まとめ
業務 支援 の相談,https://qoox.co.jp/consult/,,,,山梨県,山梨県 コンテンツマーケティング 支援会社 -おすすめ -比較 -ランキング -求人 -まとめ
SEO 支援 実績,https://morthan.jp/seo/,,,,山梨県,山梨県 コンテンツマーケティング 支援会社 -おすすめ -比較 -ランキング -求人 -まとめ
カルチャーレッスン Vol.05 第5回『 マーケティング ってなんだ？』,https://bunkanuma.jp/schedule/1190/,,,,山梨県,山梨県 LINE CRM マーケティング会社 -おすすめ -比較 -ランキング -求人 -まとめ
風間 公太,https://www.koushihaken.com/member/8500/,,,,山梨県,山梨県 LINE CRM マーケティング会社 -おすすめ -比較 -ランキング -求人 -まとめ
山梨 で映像制作ならSTUDIO Fuzzy ROOM,https://fuzzy-room.jp/,,,,山梨県,山梨県 動画広告 マーケティング会社 -おすすめ -比較 -ランキング -求人 -まとめ
BRUSH,https://brush-llc.com/,,,,山梨県,山梨県 動画広告 マーケティング会社 -おすすめ -比較 -ランキング -求人 -まとめ
COMPANY,https://andmount.com/about/,,,,山梨県,山梨県 動画広告 マーケティング会社 -おすすめ -比較 -ランキング -求人 -まとめ
SNS運用・SNS 広告 運用 – PEACE NET,https://peace-web.net/production/sns.html,,,,山梨県,山梨県 動画広告 マーケティング会社 -おすすめ -比較 -ランキング -求人 -まとめ
青野 大星,https://fir-st.co.jp/member/aono-taisei/,,,,山梨県,山梨県 インフルエンサー マーケティング会社 -おすすめ -比較 -ランキング -求人 -まとめ
山梨県 商工会連合会,https://www.mat-ltd.co.jp/yamanashishokokairengokai/,,,,山梨県,山梨県 採用マーケティング SNS支援 -おすすめ -比較 -ランキング -求人 -まとめ
在籍コーディネーター,https://yamanashiyorozu.go.jp/coordinator/,,,,山梨県,山梨県 採用マーケティング SNS支援 -おすすめ -比較 -ランキング -求人 -まとめ
採用 活動における企業の SNS 利用率は？活用されている ...,https://webpub.jp/2024/08/09/snsuse/,,,,山梨県,山梨県 採用マーケティング SNS支援 -おすすめ -比較 -ランキング -求人 -まとめ
【デジサポ！やまなし】大学生の感性を活かしたDXソリューション ...,https://kofucci.or.jp/news/20250626/,,,,山梨県,山梨県 採用マーケティング SNS支援 -おすすめ -比較 -ランキング -求人 -まとめ
山梨 学院大学で実践型セルフブランディング講義を担当（5期目）,https://www.navicus.jp/press-release/1156/,,,,山梨県,山梨県 採用マーケティング SNS支援 -おすすめ -比較 -ランキング -求人 -まとめ
デジサポ！やまなし,https://dejisapo.dxplatform-yamanashi.jp/,,,,山梨県,山梨県 中小企業 デジタル販促会社 -おすすめ -比較 -ランキング -求人 -まとめ
住宅関連事業者のための,https://www.y-kenkyo.or.jp/lcontents/lcontents_dla.php?s=gy&i=375,,,,山梨県,山梨県 中小企業 デジタル販促会社 -おすすめ -比較 -ランキング -求人 -まとめ
実績紹介,https://www.iida-consul.jp/dataroom.html,,,,山梨県,山梨県 中小企業 デジタル販促会社 -おすすめ -比較 -ランキング -求人 -まとめ
中小企業 と組合・やまなし,https://www.chuokai-yamanashi.or.jp/1_siru/5_katsudou.html,,,,山梨県,山梨県 中小企業 デジタル販促会社 -おすすめ -比較 -ランキング -求人 -まとめ
安野 克巳,https://www.shindan-yamanashi.com/shindanshi/%E5%AE%89%E9%87%8E-%E5%85%8B%E5%B7%B3/,,,,山梨県,山梨県 中小企業 デジタル販促会社 -おすすめ -比較 -ランキング -求人 -まとめ
新たな企業価値を創造する マーケティング,https://www.prart.co.jp/marketing/,,,,長野県,長野県 PR会社 SNSマーケティング -おすすめ -比較 -ランキング -求人 -まとめ
TXデザイン部,https://www.nagano-tabi.net/service/txdesign/,,,,長野県,長野県 PR会社 SNSマーケティング -おすすめ -比較 -ランキング -求人 -まとめ
ブランディングやふるさと納税の活用によるSUWAプレミアムの ...,https://challenge-nagano.com/suwa_2,,,,長野県,長野県 PR会社 SNSマーケティング -おすすめ -比較 -ランキング -求人 -まとめ
Web マーケティング,https://www.ns3.co.jp/blog/marketing,,,,長野県,長野県 PR会社 SNSマーケティング -おすすめ -比較 -ランキング -求人 -まとめ
デジタルコミュニケーション,https://www.kyoritz-p.co.jp/service/digital/,,,,長野県,長野県 PR会社 SNSマーケティング -おすすめ -比較 -ランキング -求人 -まとめ
共創推進パートナーの就任について 1 登用する案件の概要 ...,https://www.pref.nagano.lg.jp/koho/documents/20230421press1-2.pdf,,,,長野県,長野県 PR会社 SNSマーケティング -おすすめ -比較 -ランキング -求人 -まとめ
実績紹介,https://www.d2cx.co.jp/works/,,,,長野県,長野県 PR会社 SNSマーケティング -おすすめ -比較 -ランキング -求人 -まとめ
サービス,https://www.nicco-kk.co.jp/service/,,,,長野県,長野県 地域広告代理店 デジタル支援 -おすすめ -比較 -ランキング -求人 -まとめ
会社概要,https://www.cosen.co.jp/about,,,,長野県,長野県 地域広告代理店 デジタル支援 -おすすめ -比較 -ランキング -求人 -まとめ
行政情報等モニター 広告 掲載,https://www.city.nagano.nagano.jp/n085500/contents/p004841.html,,,,長野県,長野県 地域広告代理店 デジタル支援 -おすすめ -比較 -ランキング -求人 -まとめ
アドコマーシャル（株） （ 長野県 伊那市西春近3010-1）,https://www.genkibiz.net/member/59/,,,,長野県,長野県 地域広告代理店 デジタル支援 -おすすめ -比較 -ランキング -求人 -まとめ
信州マーケティング,https://shinshu-mkt.com/,,,,長野県,長野県 地域広告代理店 デジタル支援 -おすすめ -比較 -ランキング -求人 -まとめ
スタッフ紹介,https://matsumoto-web.jp/staff,,,,長野県,長野県 クリエイティブ会社 Webマーケティング -おすすめ -比較 -ランキング -求人 -まとめ
企業理念,https://recruit.viex.co.jp/mission,,,,長野県,長野県 クリエイティブ会社 Webマーケティング -おすすめ -比較 -ランキング -求人 -まとめ
クリエイティブ ・ビジネスコンサルティング,https://atfnagano.co.jp/2022-juntop/creative-business-consulting/,,,,長野県,長野県 クリエイティブ会社 Webマーケティング -おすすめ -比較 -ランキング -求人 -まとめ
アウル,https://owl-inc.ne.jp/,,,,長野県,長野県 クリエイティブ会社 Webマーケティング -おすすめ -比較 -ランキング -求人 -まとめ
長野県 のブランディング・デザイン・ web 長野県 伊那にある ...,https://www.hitokoto-d.com/service,,,,長野県,長野県 クリエイティブ会社 Webマーケティング -おすすめ -比較 -ランキング -求人 -まとめ
「 Web 幹事」に松本市で 集客 に強いホームページ制作 会社 として ...,https://toritoke.jp/news/tc-22/,,,,長野県,長野県 ブランディング会社 Web集客 -おすすめ -比較 -ランキング -求人 -まとめ
WEB サイト制作実績,https://web-design.pascal.ne.jp/website-works/,,,,長野県,長野県 ブランディング会社 Web集客 -おすすめ -比較 -ランキング -求人 -まとめ
広告デザイン制作,https://tone-branding.jp/branding-design/advertisement/,,,,長野県,長野県 ブランディング会社 Web集客 -おすすめ -比較 -ランキング -求人 -まとめ
ブランディング 事業,https://harbor88.jp/service/branding/,,,,長野県,長野県 ブランディング会社 Web集客 -おすすめ -比較 -ランキング -求人 -まとめ
ウェブ マーケティング,https://viex.co.jp/service/webmarketing,,,,長野県,長野県 コンテンツマーケティング 支援会社 -おすすめ -比較 -ランキング -求人 -まとめ
コンテンツマーケティング サービス案内,https://www.aily-lab.co.jp/download/contents/,,,,長野県,長野県 コンテンツマーケティング 支援会社 -おすすめ -比較 -ランキング -求人 -まとめ
JA 長野 中央会,https://www.jbnet.jp/portfolio/naganoken-no-oisiitabekata,,,,長野県,長野県 コンテンツマーケティング 支援会社 -おすすめ -比較 -ランキング -求人 -まとめ
会社 概要,https://mojiwows.co.jp/company/,,,,長野県,長野県 コンテンツマーケティング 支援会社 -おすすめ -比較 -ランキング -求人 -まとめ
情報,https://www.serita-group.com/information_technology/,,,,長野県,長野県 LINE CRM マーケティング会社 -おすすめ -比較 -ランキング -求人 -まとめ
会社 概要,https://www.adbureau.co.jp/corporate/,,,,長野県,長野県 動画広告 マーケティング会社 -おすすめ -比較 -ランキング -求人 -まとめ
会社 概要,https://www.jdoga.net/company/outline/,,,,長野県,長野県 動画広告 マーケティング会社 -おすすめ -比較 -ランキング -求人 -まとめ
インフルエンサーマーケティング 開始,https://www.big-advance.site/c/129/1293/info/detail/5,,,,長野県,長野県 インフルエンサー マーケティング会社 -おすすめ -比較 -ランキング -求人 -まとめ
Web マーケティング セミナー情報,https://www.sunmedix.jp/seminar,,,,長野県,長野県 インフルエンサー マーケティング会社 -おすすめ -比較 -ランキング -求人 -まとめ
【 長野 ・松本市で開催】中小企業の 採用 ・販促を 支援,https://knit-inc.com/press_release/20251119/,,,,長野県,長野県 採用マーケティング SNS支援 -おすすめ -比較 -ランキング -求人 -まとめ
長野県 よろず 支援 拠点 経営 支援 オンラインセミナー,https://www.ucci.or.jp/tanews/2026/06/takikan0003/,,,,長野県,長野県 採用マーケティング SNS支援 -おすすめ -比較 -ランキング -求人 -まとめ
マーケティング 事業部アシスタント,https://recruit.karasawanouki.co.jp/information/marketing-department-assistant/,,,,長野県,長野県 採用マーケティング SNS支援 -おすすめ -比較 -ランキング -求人 -まとめ
Web広告運用セミナー」開催,https://www.mikata-hd.co.jp/news/218/,,,,長野県,長野県 採用マーケティング SNS支援 -おすすめ -比較 -ランキング -求人 -まとめ
【7/24】 デジタル 化（AI×SNS活用）で 販促 力アップセミナー,https://www.mcci.jp/topics/2026/06/11/37294/,,,,長野県,長野県 中小企業 デジタル販促会社 -おすすめ -比較 -ランキング -求人 -まとめ
株式 会社 willB,https://willb-inc.com/,,,,長野県,長野県 中小企業 デジタル販促会社 -おすすめ -比較 -ランキング -求人 -まとめ
2022年度事業報告,https://www.neri.or.jp/040/aboutus/disclosure/2022/2022houkoku.pdf,,,,長野県,長野県 中小企業 デジタル販促会社 -おすすめ -比較 -ランキング -求人 -まとめ
岐阜 でインフルエンサー PR ならライフカラーへ！,https://influencer-lc.com/,,,,岐阜県,岐阜県 PR会社 SNSマーケティング -おすすめ -比較 -ランキング -求人 -まとめ
セールスプロモーション,https://www.asahicreate.co.jp/service/sales.php,,,,岐阜県,岐阜県 PR会社 SNSマーケティング -おすすめ -比較 -ランキング -求人 -まとめ
岐阜 新聞社営業局,https://pr.gifu-np.co.jp/,,,,岐阜県,岐阜県 PR会社 SNSマーケティング -おすすめ -比較 -ランキング -求人 -まとめ
事業内容,https://mr-marketing.jp/service/,,,,岐阜県,岐阜県 PR会社 SNSマーケティング -おすすめ -比較 -ランキング -求人 -まとめ
会社概要,https://chuco.co.jp/company/,,,,岐阜県,岐阜県 地域広告代理店 デジタル支援 -おすすめ -比較 -ランキング -求人 -まとめ
岐阜県 岐阜市）のTOPページリニューアル（分析基盤整備 ...,https://4ad.members.co.jp/case/20211013/,,,,岐阜県,岐阜県 地域広告代理店 デジタル支援 -おすすめ -比較 -ランキング -求人 -まとめ
株式会社アクシスの評判・口コミ,https://netkoukoku-dairiten.com/%E6%A0%AA%E5%BC%8F%E4%BC%9A%E7%A4%BE%E3%82%A2%E3%82%AF%E3%82%B7%E3%82%B9/,,,,岐阜県,岐阜県 地域広告代理店 デジタル支援 -おすすめ -比較 -ランキング -求人 -まとめ
SERVICE（事業案内）,https://prad.co.jp/services/,,,,岐阜県,岐阜県 地域広告代理店 デジタル支援 -おすすめ -比較 -ランキング -求人 -まとめ
お知らせInformation,https://www.sunad.co.jp/info,,,,岐阜県,岐阜県 地域広告代理店 デジタル支援 -おすすめ -比較 -ランキング -求人 -まとめ
新着情報,https://www.pref.gifu.lg.jp/soshiki/list1-141.html,,,,岐阜県,岐阜県 地域広告代理店 デジタル支援 -おすすめ -比較 -ランキング -求人 -まとめ
岐阜 の Web コンサル,https://dreamworks2003.com/,,,,岐阜県,岐阜県 ブランディング会社 Web集客 -おすすめ -比較 -ランキング -求人 -まとめ
企業 ブランディング なら 岐阜県 多治見市の株式 会社 SMC-POWERに ...,https://smc-power.jp/archives/works,,,,岐阜県,岐阜県 ブランディング会社 Web集客 -おすすめ -比較 -ランキング -求人 -まとめ
岐阜 のデザイン 会社,https://masumiwasho.com/,,,,岐阜県,岐阜県 ブランディング会社 Web集客 -おすすめ -比較 -ランキング -求人 -まとめ
合同 会社 369（ミロク）,https://369labo.jp/,,,,岐阜県,岐阜県 ブランディング会社 Web集客 -おすすめ -比較 -ランキング -求人 -まとめ
ブランディング,https://corealize.jp/feature/branding/,,,,岐阜県,岐阜県 ブランディング会社 Web集客 -おすすめ -比較 -ランキング -求人 -まとめ
会社 概要,https://grow4happy.com/company/,,,,岐阜県,岐阜県 ブランディング会社 Web集客 -おすすめ -比較 -ランキング -求人 -まとめ
ホームページ制作,https://design-sober.com/work/suigen,,,,岐阜県,岐阜県 ブランディング会社 Web集客 -おすすめ -比較 -ランキング -求人 -まとめ
WEB制作,https://cellec.jp/works_service/web/,,,,岐阜県,岐阜県 クリエイティブ会社 Webマーケティング -おすすめ -比較 -ランキング -求人 -まとめ
クリエイティブ 制作支援,https://www.lcreator.co.jp/service/creative/,,,,岐阜県,岐阜県 クリエイティブ会社 Webマーケティング -おすすめ -比較 -ランキング -求人 -まとめ
メンバー紹介,https://cyber-intelligence.co.jp/company/member/,,,,岐阜県,岐阜県 クリエイティブ会社 Webマーケティング -おすすめ -比較 -ランキング -求人 -まとめ
SERVICE,https://avantgarde-design.jp/service/,,,,岐阜県,岐阜県 クリエイティブ会社 Webマーケティング -おすすめ -比較 -ランキング -求人 -まとめ
岐阜県 にあるWebコンサルティング＆ マーケティング会社 <br>（株 ...,https://www.e-presence.jp/archives/3183,,,,岐阜県,岐阜県 コンテンツマーケティング 支援会社 -おすすめ -比較 -ランキング -求人 -まとめ
SEO/GEOコンサルティング,https://anema.co.jp/service/seo-consulting/,,,,岐阜県,岐阜県 コンテンツマーケティング 支援会社 -おすすめ -比較 -ランキング -求人 -まとめ
ウェブアクセシビリティ,https://www.chirashiya.com/eazy/webaccessibility/,,,,岐阜県,岐阜県 コンテンツマーケティング 支援会社 -おすすめ -比較 -ランキング -求人 -まとめ
トヨタオートモールクリエイト カラフルタウン 岐阜 が「Mygru CRM ...,https://www.mygru.jp/customers/TjyXYp_e,,,,岐阜県,岐阜県 LINE CRM マーケティング会社 -おすすめ -比較 -ランキング -求人 -まとめ
LINE 開設したけど次に何をすればいいか分からない？成功への3 ...,https://digitalpr.jp/r/113814,,,,岐阜県,岐阜県 LINE CRM マーケティング会社 -おすすめ -比較 -ランキング -求人 -まとめ
【TABITABI郡上】ライター兼業務アシスタント,https://glocal-mind.com/recruit/writer-operator/,,,,岐阜県,岐阜県 LINE CRM マーケティング会社 -おすすめ -比較 -ランキング -求人 -まとめ
総合住宅展示場RKB住宅展を運営するRKB CINCが「Mygru 」を ...,https://www.gixo.jp/news-press/27496/,,,,岐阜県,岐阜県 LINE CRM マーケティング会社 -おすすめ -比較 -ランキング -求人 -まとめ
動画 制作サービス MoviCon,https://www.bungeisya.co.jp/movicon/,,,,岐阜県,岐阜県 動画広告 マーケティング会社 -おすすめ -比較 -ランキング -求人 -まとめ
岐阜県 土岐市ホームページ制作 会社,https://brandea.co.jp/lp/%E5%B2%90%E9%98%9C%E7%9C%8C%E5%9C%9F%E5%B2%90%E5%B8%82%E3%83%9B%E3%83%BC%E3%83%A0%E3%83%9A%E3%83%BC%E3%82%B8%E5%88%B6%E4%BD%9C%E4%BC%9A%E7%A4%BE-2/,,,,岐阜県,岐阜県 動画広告 マーケティング会社 -おすすめ -比較 -ランキング -求人 -まとめ
会社 概要,https://premideo.co.jp/company/,,,,岐阜県,岐阜県 動画広告 マーケティング会社 -おすすめ -比較 -ランキング -求人 -まとめ
SNS マーケティング セミナーのご案内,https://tajimi.or.jp/snsmarketing/,,,,岐阜県,岐阜県 インフルエンサー マーケティング会社 -おすすめ -比較 -ランキング -求人 -まとめ
商工会ExpressNews,https://www.gifushoko.or.jp/wp/wp-content/uploads/2025/11/No.763%E3%80%80R7.11.7.pdf,,,,岐阜県,岐阜県 インフルエンサー マーケティング会社 -おすすめ -比較 -ランキング -求人 -まとめ
「起業女性のためのWEB マーケティング 講座」を開催（参加者募集）,https://gifujo.pref.gifu.lg.jp/event/2025/08/web.html,,,,岐阜県,岐阜県 採用マーケティング SNS支援 -おすすめ -比較 -ランキング -求人 -まとめ
令和7年度 岐阜県 インバウンド向け世界レベルのデジタル ...,https://www.bjamp.jp/bidding/detail/126208,,,,岐阜県,岐阜県 採用マーケティング SNS支援 -おすすめ -比較 -ランキング -求人 -まとめ
会社 概要・沿革,https://www.obora-pri.co.jp/history/,,,,岐阜県,岐阜県 中小企業 デジタル販促会社 -おすすめ -比較 -ランキング -求人 -まとめ
中部圏で デジタル を学ぶ,https://central-japan.info/search,,,,岐阜県,岐阜県 中小企業 デジタル販促会社 -おすすめ -比較 -ランキング -求人 -まとめ
会社 情報,https://senkyakubanrai-sp.jp/company,,,,岐阜県,岐阜県 中小企業 デジタル販促会社 -おすすめ -比較 -ランキング -求人 -まとめ
営業担当が 広告 制作！？独自の提案力で信頼を勝ち取るSBS ...,https://richka.co.jp/work/sbspromotion/,,,,静岡県,静岡県 地域広告代理店 デジタル支援 -おすすめ -比較 -ランキング -求人 -まとめ
会社情報,https://www.daiwaad.co.jp/company/,,,,静岡県,静岡県 地域広告代理店 デジタル支援 -おすすめ -比較 -ランキング -求人 -まとめ
広告・メディア各種 – 静岡県 静岡市の 広告代理店 株式会社サイラン ...,https://www.sairan.co.jp/media,,,,静岡県,静岡県 地域広告代理店 デジタル支援 -おすすめ -比較 -ランキング -求人 -まとめ
三島支店,https://mishima.aap.co.jp/,,,,静岡県,静岡県 地域広告代理店 デジタル支援 -おすすめ -比較 -ランキング -求人 -まとめ
スタジオ・アール,https://ssr.or.jp/kakusin/%E3%82%B9%E3%82%BF%E3%82%B8%E3%82%AA%E3%83%BB%E3%82%A2%E3%83%BC%E3%83%AB/,,,,静岡県,静岡県 地域広告代理店 デジタル支援 -おすすめ -比較 -ランキング -求人 -まとめ
TV / Web 広告 運用・取扱,https://www.fuji-com.ne.jp/service/sample-service2/,,,,静岡県,静岡県 地域広告代理店 デジタル支援 -おすすめ -比較 -ランキング -求人 -まとめ
SNSマーケティング – makida合同 会社,https://makidai.world/snsmarketing/,,,,静岡県,静岡県 PR会社 SNSマーケティング -おすすめ -比較 -ランキング -求人 -まとめ
Service,https://gaaboo.jp/service/,,,,静岡県,静岡県 PR会社 SNSマーケティング -おすすめ -比較 -ランキング -求人 -まとめ
事業内容と職種紹介,https://upsky.jp/recruit/aboutus/strength/,,,,静岡県,静岡県 PR会社 SNSマーケティング -おすすめ -比較 -ランキング -求人 -まとめ
メディア・ SNS 運営,https://riselor.jp/service/media.html,,,,静岡県,静岡県 PR会社 SNSマーケティング -おすすめ -比較 -ランキング -求人 -まとめ
静岡 特化のインフルエンサー PR サービス「エスコネ」が累計 ...,https://dg.chunichi.co.jp/prtimes/tokai/article.php?guid=c111800_r59,,,,静岡県,静岡県 PR会社 SNSマーケティング -おすすめ -比較 -ランキング -求人 -まとめ
インターネット広告,https://www.akindo2000.net/internetad/,,,,静岡県,静岡県 クリエイティブ会社 Webマーケティング -おすすめ -比較 -ランキング -求人 -まとめ
会社 を知る – 株式 会社 あんどぷらす,https://recruit.andplus.co.jp/company/,,,,静岡県,静岡県 クリエイティブ会社 Webマーケティング -おすすめ -比較 -ランキング -求人 -まとめ
静岡 の ホームページ 制作・集客・SEO対策なら,https://shizuoka.kufu.co.jp/hp_shizuoka.html,,,,静岡県,静岡県 クリエイティブ会社 Webマーケティング -おすすめ -比較 -ランキング -求人 -まとめ
JJBは貴社の魅力がグッと伝わる Web サイトを制作いたします。,https://j-j-b.com/service/web/,,,,静岡県,静岡県 クリエイティブ会社 Webマーケティング -おすすめ -比較 -ランキング -求人 -まとめ
集客サービス,https://www.lic-mydo.com/service/,,,,静岡県,静岡県 クリエイティブ会社 Webマーケティング -おすすめ -比較 -ランキング -求人 -まとめ
静岡県 のホームページ制作,https://cantik.co.jp/areas/shizuoka/,,,,静岡県,静岡県 ブランディング会社 Web集客 -おすすめ -比較 -ランキング -求人 -まとめ
静岡 市のホームページ作成・制作・ web 制作 デザインスタジオ ...,https://phoenixdesign.jp/service/create/,,,,静岡県,静岡県 ブランディング会社 Web集客 -おすすめ -比較 -ランキング -求人 -まとめ
お問合せ,https://kleedesign.jp/contact/,,,,静岡県,静岡県 ブランディング会社 Web集客 -おすすめ -比較 -ランキング -求人 -まとめ
「この記事を書いた人」でセルフ ブランディング ？著作者情報が ...,https://tnmg-design.net/blog/web/blogauthor-20230206,,,,静岡県,静岡県 ブランディング会社 Web集客 -おすすめ -比較 -ランキング -求人 -まとめ
地方企業を 支援 するデジタル マーケティング会社 「サンロフト」,https://www.sunloft.co.jp/dx/,,,,静岡県,静岡県 コンテンツマーケティング 支援会社 -おすすめ -比較 -ランキング -求人 -まとめ
静岡県 のWEB マーケティング,https://dekita.net/marketing/,,,,静岡県,静岡県 コンテンツマーケティング 支援会社 -おすすめ -比較 -ランキング -求人 -まとめ
SEOコンサルティング,https://fujiseo.com/blog/consulting/,,,,静岡県,静岡県 コンテンツマーケティング 支援会社 -おすすめ -比較 -ランキング -求人 -まとめ
令和7年度 第2回 静岡県 産業成長戦略会議(R8.2.13(金)開催) 議事録要旨,https://www.pref.shizuoka.jp/_res/projects/default_project/_page_/001/069/422/gijiroku20262_2.pdf,,,,静岡県,静岡県 コンテンツマーケティング 支援会社 -おすすめ -比較 -ランキング -求人 -まとめ
LINE キャンペーンサービス「L-Collect」が、 静岡県 下田市の ...,https://www.pkbsolution.co.jp/press/9742.html,,,,静岡県,静岡県 LINE CRM マーケティング会社 -おすすめ -比較 -ランキング -求人 -まとめ
静岡 市と「関係人口創出に関する連携協定」を締結。「転出者の ...,https://corp.synergy-marketing.co.jp/press/2025/1209143000_15262.html,,,,静岡県,静岡県 LINE CRM マーケティング会社 -おすすめ -比較 -ランキング -求人 -まとめ
自動車販売やOEMグッズ製造を展開するナッシュが「ネクストSFA ...,https://finance-frontend-pc-dist.west.edge.storage-yahoo.jp/disclosure/20260529/20260527550511.pdf,,,,静岡県,静岡県 LINE CRM マーケティング会社 -おすすめ -比較 -ランキング -求人 -まとめ
会社 概要,https://filments.com/company/,,,,静岡県,静岡県 動画広告 マーケティング会社 -おすすめ -比較 -ランキング -求人 -まとめ
プロに任せる 動画 制作,https://accdigital.site/movie,,,,静岡県,静岡県 動画広告 マーケティング会社 -おすすめ -比較 -ランキング -求人 -まとめ
会社 概要,https://belfast.co.jp/company/,,,,静岡県,静岡県 動画広告 マーケティング会社 -おすすめ -比較 -ランキング -求人 -まとめ
映像制作 動画広告 のバイオニック,https://bionic.jp.net/,,,,静岡県,静岡県 動画広告 マーケティング会社 -おすすめ -比較 -ランキング -求人 -まとめ
minasil,https://minasil.jp/,,,,静岡県,静岡県 インフルエンサー マーケティング会社 -おすすめ -比較 -ランキング -求人 -まとめ
株式 会社 スタートライク（ 静岡県 浜松市のSNS運用・動画制作）,https://startlik.online/company/,,,,静岡県,静岡県 インフルエンサー マーケティング会社 -おすすめ -比較 -ランキング -求人 -まとめ
採用 情報,https://recruit.fuerubo.com/upsky-recruit/job-offer?work_location=%E3%80%92422-8067+%E9%9D%99%E5%B2%A1%E7%9C%8C%E9%9D%99%E5%B2%A1%E5%B8%82%E9%A7%BF%E6%B2%B3%E5%8C%BA%E5%8D%97%E7%94%BA10-6+%E6%9D%91%E4%B8%8A%E9%A7%85%E5%8D%97%E3%83%93%E3%83%AB3%E9%9A%8E,,,,静岡県,静岡県 採用マーケティング SNS支援 -おすすめ -比較 -ランキング -求人 -まとめ
富士市新商品等 マーケティング 事業 支援 補助金,https://www.city.fuji.shizuoka.jp/1035070000/p007716.html,,,,静岡県,静岡県 採用マーケティング SNS支援 -おすすめ -比較 -ランキング -求人 -まとめ
静岡県 浜松市で SNS 運用代行、 SNSマーケティング 、生成AI導入 ...,https://innovatecross.com/,,,,静岡県,静岡県 採用マーケティング SNS支援 -おすすめ -比較 -ランキング -求人 -まとめ
中小企業 DX化支援事業,https://www.ric-shizuoka.or.jp/joho/dxka.html,,,,静岡県,静岡県 中小企業 デジタル販促会社 -おすすめ -比較 -ランキング -求人 -まとめ
"熱海商工会議所,熱海市, 中小企業 支援, 静岡県 熱海市",http://www.atamicci.or.jp/,,,,静岡県,静岡県 中小企業 デジタル販促会社 -おすすめ -比較 -ランキング -求人 -まとめ
浜松地域における DX の実践事例,https://www.hrrc.jp/pdf/02/20251117_en.pdf,,,,静岡県,静岡県 中小企業 デジタル販促会社 -おすすめ -比較 -ランキング -求人 -まとめ
中小企業 のための 海外向け デジタル販促 講座,https://www.siba.or.jp/news/1001%E3%83%87%E3%82%B8%E3%82%BF%E3%83%AB%E8%B2%A9%E4%BF%83%E6%B4%BB%E5%8B%95%E8%AC%9B%E5%BA%A7.pdf,,,,静岡県,静岡県 中小企業 デジタル販促会社 -おすすめ -比較 -ランキング -求人 -まとめ
代表紹介,https://kikkallc.com/representative/,,,,愛知県,愛知県 地域広告代理店 デジタル支援 -おすすめ -比較 -ランキング -求人 -まとめ
SNS広告運用なら株式会社バイ・ステップ,https://bystep.co.jp/,,,,愛知県,愛知県 地域広告代理店 デジタル支援 -おすすめ -比較 -ランキング -求人 -まとめ
PROJECT,https://www.denko-ag.co.jp/project,,,,愛知県,愛知県 地域広告代理店 デジタル支援 -おすすめ -比較 -ランキング -求人 -まとめ
中村 デジタル,https://nakamuradigital.com/,,,,愛知県,愛知県 地域広告代理店 デジタル支援 -おすすめ -比較 -ランキング -求人 -まとめ
会社概要,https://www.assh.co.jp/company/,,,,愛知県,愛知県 地域広告代理店 デジタル支援 -おすすめ -比較 -ランキング -求人 -まとめ
デジタル マーケティング 事業,https://smartnote.jp/digital_marketing/,,,,愛知県,愛知県 PR会社 SNSマーケティング -おすすめ -比較 -ランキング -求人 -まとめ
会社 概要,https://inglow.jp/about/,,,,愛知県,愛知県 PR会社 SNSマーケティング -おすすめ -比較 -ランキング -求人 -まとめ
愛・地球博20祭 SNS インフルエンサープロモーション〈 愛知 県庁〉,https://laughgaki.com/works/42056/,,,,愛知県,愛知県 PR会社 SNSマーケティング -おすすめ -比較 -ランキング -求人 -まとめ
名古屋で SNS 運用代行・コンサルティングのサポートなら「合同 ...,https://www.libero-tk.com/,,,,愛知県,愛知県 PR会社 SNSマーケティング -おすすめ -比較 -ランキング -求人 -まとめ
株式 会社マーケティング ・エッセンシャルズ,https://www.aichi-biz.com/search/companies/676/,,,,愛知県,愛知県 PR会社 SNSマーケティング -おすすめ -比較 -ランキング -求人 -まとめ
会社 概要,https://chukyo-ad.com/website/company/,,,,愛知県,愛知県 PR会社 SNSマーケティング -おすすめ -比較 -ランキング -求人 -まとめ
クリエイティブ 制作,https://chita.co.jp/product-cat/creative/,,,,愛知県,愛知県 クリエイティブ会社 Webマーケティング -おすすめ -比較 -ランキング -求人 -まとめ
私たちの想い,https://grow-group.jp/about/,,,,愛知県,愛知県 クリエイティブ会社 Webマーケティング -おすすめ -比較 -ランキング -求人 -まとめ
株式 会社 ゴリラ ウェブ,https://cp.idcn.jp/companies/1344.html,,,,愛知県,愛知県 クリエイティブ会社 Webマーケティング -おすすめ -比較 -ランキング -求人 -まとめ
株式 会社 総合アド 様,https://onca.co.jp/works/p14404/,,,,愛知県,愛知県 クリエイティブ会社 Webマーケティング -おすすめ -比較 -ランキング -求人 -まとめ
株式 会社 Rec,https://rec-inc.net/,,,,愛知県,愛知県 クリエイティブ会社 Webマーケティング -おすすめ -比較 -ランキング -求人 -まとめ
Web 制作について,https://www.ideasource.jp/service/web/,,,,愛知県,愛知県 クリエイティブ会社 Webマーケティング -おすすめ -比較 -ランキング -求人 -まとめ
会社 概要,https://ichi-kichi.jp/company.php,,,,愛知県,愛知県 クリエイティブ会社 Webマーケティング -おすすめ -比較 -ランキング -求人 -まとめ
WEB集客 実績,https://rou-co.com/achivements/,,,,愛知県,愛知県 ブランディング会社 Web集客 -おすすめ -比較 -ランキング -求人 -まとめ
名古屋のホームページ制作・ WEB集客 は株式 会社 ZoDDo,https://www.zoddo.info/web-about/web-open/,,,,愛知県,愛知県 ブランディング会社 Web集客 -おすすめ -比較 -ランキング -求人 -まとめ
ホームページ制作,https://buddycraft.jp/service/web/,,,,愛知県,愛知県 ブランディング会社 Web集客 -おすすめ -比較 -ランキング -求人 -まとめ
C-ENT,https://www.c-ent.jp/business?tab=webdesign,,,,愛知県,愛知県 コンテンツマーケティング 支援会社 -おすすめ -比較 -ランキング -求人 -まとめ
About — 会社 概要,https://www.contents-an.co.jp/about.html,,,,愛知県,愛知県 コンテンツマーケティング 支援会社 -おすすめ -比較 -ランキング -求人 -まとめ
Web マーケティング支援 （HubSpot）,https://www.arkw.co.jp/web/services/marketing.html,,,,愛知県,愛知県 コンテンツマーケティング 支援会社 -おすすめ -比較 -ランキング -求人 -まとめ
株式 会社コンテンツ 庵,https://pit-n.nagoya-cci.or.jp/company/itvendorinfo-318820241121200017/,,,,愛知県,愛知県 コンテンツマーケティング 支援会社 -おすすめ -比較 -ランキング -求人 -まとめ
ホームページ制作,https://www.ccnet.jp/ccnservice/hpcreat/,,,,愛知県,愛知県 コンテンツマーケティング 支援会社 -おすすめ -比較 -ランキング -求人 -まとめ
会社 情報 – 株式 会社 アークポート l SEO対策・Webメディア運用 ...,https://arcport.co.jp/infomation,,,,愛知県,愛知県 コンテンツマーケティング 支援会社 -おすすめ -比較 -ランキング -求人 -まとめ
KAKERU,https://x-kakeru.com/,,,,愛知県,愛知県 LINE CRM マーケティング会社 -おすすめ -比較 -ランキング -求人 -まとめ
お知らせ・コラム,https://www.sogo-ad.jp/blog/,,,,愛知県,愛知県 LINE CRM マーケティング会社 -おすすめ -比較 -ランキング -求人 -まとめ
動画 制作,https://plusline-nagoya.jp/service/movie/,,,,愛知県,愛知県 動画広告 マーケティング会社 -おすすめ -比較 -ランキング -求人 -まとめ
動画 制作・映像制作・WebCM制作 会社,https://www.freestyle-entertainment.co.jp/service/video/,,,,愛知県,愛知県 動画広告 マーケティング会社 -おすすめ -比較 -ランキング -求人 -まとめ
Facebook 広告 運用代行,https://www.marketing-essentials.jp/facebook_adservice/,,,,愛知県,愛知県 動画広告 マーケティング会社 -おすすめ -比較 -ランキング -求人 -まとめ
三井堂株式 会社,https://mitsuido.co.jp/wp/,,,,愛知県,愛知県 動画広告 マーケティング会社 -おすすめ -比較 -ランキング -求人 -まとめ
愛知県 名古屋市の総合 広告 代理店 株式 会社 千年社,https://1000nensha.co.jp/what.html,,,,愛知県,愛知県 動画広告 マーケティング会社 -おすすめ -比較 -ランキング -求人 -まとめ
株式 会社インフルエンサーマーケティング ＆コミュニケーションズ,https://toukibo.ai-con.lawyer/search-service/result/6180001162213,,,,愛知県,愛知県 インフルエンサー マーケティング会社 -おすすめ -比較 -ランキング -求人 -まとめ
トラエルが名古屋・東海エリアで インフルエンサー を起用したPR ...,https://nagoyastartupnews.jp/toraeru-prservice/,,,,愛知県,愛知県 インフルエンサー マーケティング会社 -おすすめ -比較 -ランキング -求人 -まとめ
株式 会社インフルエンサーマーケティング ＆コミュニケーションズ ...,https://info.gbiz.go.jp/hojin/ichiran?hojinBango=6180001162213,,,,愛知県,愛知県 インフルエンサー マーケティング会社 -おすすめ -比較 -ランキング -求人 -まとめ
ネットタレント・ インフルエンサー コース,https://www.n-visual.net/course/p_art/influencer/,,,,愛知県,愛知県 インフルエンサー マーケティング会社 -おすすめ -比較 -ランキング -求人 -まとめ
企業 SNS 運用,https://hure-design.com/hure-creative/creative4/,,,,愛知県,愛知県 採用マーケティング SNS支援 -おすすめ -比較 -ランキング -求人 -まとめ
お問い合わせ,https://puzzlink.jp/contact/,,,,愛知県,愛知県 採用マーケティング SNS支援 -おすすめ -比較 -ランキング -求人 -まとめ
屋外 広告 業の登録申請等について,https://www.pref.mie.lg.jp/KEIMACHI/HP/84216007110.htm,,,,三重県,三重県 地域広告代理店 デジタル支援 -おすすめ -比較 -ランキング -求人 -まとめ
会社概要,https://www.shinko-mie.co.jp/about,,,,三重県,三重県 地域広告代理店 デジタル支援 -おすすめ -比較 -ランキング -求人 -まとめ
【お知らせ】 三重県 「SDGs推進パートナー」に登録されました,https://asakura-mie.com/news-info/sdgs/,,,,三重県,三重県 地域広告代理店 デジタル支援 -おすすめ -比較 -ランキング -求人 -まとめ
WEBマーケティング・ブランディングのコンサルタント 三重 /番頭 ...,https://www.bantousya.jp/,,,,三重県,三重県 地域広告代理店 デジタル支援 -おすすめ -比較 -ランキング -求人 -まとめ
事業紹介,https://www.micg.co.jp/solution/,,,,愛知県,愛知県 中小企業 デジタル販促会社 -おすすめ -比較 -ランキング -求人 -まとめ
補助金・助成金の活用,https://oa-sys.co.jp/business/special/,,,,愛知県,愛知県 中小企業 デジタル販促会社 -おすすめ -比較 -ランキング -求人 -まとめ
会社 を知る,https://www.recruit.sansendo.co.jp/company/,,,,愛知県,愛知県 中小企業 デジタル販促会社 -おすすめ -比較 -ランキング -求人 -まとめ
はじめて学ぶDX入門～ AI・ デジタル で進める業務改善研修,https://www.netlearning.co.jp/aichidx/program-07.html,,,,愛知県,愛知県 中小企業 デジタル販促会社 -おすすめ -比較 -ランキング -求人 -まとめ
会社 概要,https://www.c-e-s.co.jp/company.html,,,,愛知県,愛知県 中小企業 デジタル販促会社 -おすすめ -比較 -ランキング -求人 -まとめ
日本の老舗旅館× 三重県 No.1旅系インフルエンサーのコラボを全面 ...,https://studiofocus.co.jp/case/case-167/,,,,三重県,三重県 PR会社 SNSマーケティング -おすすめ -比較 -ランキング -求人 -まとめ
Instagramフォロワー数1600人突破！副業人材と進めた 三重県 東員町 ...,https://lotsful.jp/biz/case/3805,,,,三重県,三重県 PR会社 SNSマーケティング -おすすめ -比較 -ランキング -求人 -まとめ
【参加無料】オンラインによる 三重県 観光人材育成セミナー ...,https://corp.sagojo.link/sugoi-labo/posts/102,,,,三重県,三重県 PR会社 SNSマーケティング -おすすめ -比較 -ランキング -求人 -まとめ
ホームページ 制作・デザイン 会社 （ 三重県 ）／ブログ,https://www.ad-vision.jp/blog/6162.xhtml,,,,三重県,三重県 クリエイティブ会社 Webマーケティング -おすすめ -比較 -ランキング -求人 -まとめ
SERVICE,https://www.shanti-i.com/service/,,,,三重県,三重県 クリエイティブ会社 Webマーケティング -おすすめ -比較 -ランキング -求人 -まとめ
SNSディレクター,https://www.base-net.co.jp/recruit/detail/257/,,,,三重県,三重県 クリエイティブ会社 Webマーケティング -おすすめ -比較 -ランキング -求人 -まとめ
デザイン制作・ホームページ制作・ ブランディング ・ 集客 サポート,https://be-mo.jp/blog,,,,三重県,三重県 ブランディング会社 Web集客 -おすすめ -比較 -ランキング -求人 -まとめ
アパレルブランドの売上UP！効果的なマーケティング戦略,https://mie-biz.jp/case/58,,,,三重県,三重県 ブランディング会社 Web集客 -おすすめ -比較 -ランキング -求人 -まとめ
BESAND（ビーサンド）,https://besand.jp/,,,,三重県,三重県 ブランディング会社 Web集客 -おすすめ -比較 -ランキング -求人 -まとめ
林建設株式 会社 様 三重県 津市でSEO対策の事例,https://mswebmarketing.co.jp/webmarketingexsample/2206/,,,,三重県,三重県 コンテンツマーケティング 支援会社 -おすすめ -比較 -ランキング -求人 -まとめ
三重県 認知度向上プロモーション企画,https://ozma.co.jp/casestudy/detail/18,,,,三重県,三重県 コンテンツマーケティング 支援会社 -おすすめ -比較 -ランキング -求人 -まとめ
コンテンツマーケティング支援,https://info-de.co.jp/service/contentsmarketingsupport.html,,,,三重県,三重県 コンテンツマーケティング 支援会社 -おすすめ -比較 -ランキング -求人 -まとめ
株式 会社 獅子,https://www.nishinihon-venture.com/company/shishi-w/,,,,三重県,三重県 LINE CRM マーケティング会社 -おすすめ -比較 -ランキング -求人 -まとめ
三重県 では数少ない映像制作に特化した新 会社 を設立いたします。,https://1coma.co.jp/blog/open/,,,,三重県,三重県 動画広告 マーケティング会社 -おすすめ -比較 -ランキング -求人 -まとめ
動画マーケティング,https://www.it-shindanshi.com/service/video/,,,,三重県,三重県 動画広告 マーケティング会社 -おすすめ -比較 -ランキング -求人 -まとめ
三重 の onceのプロフィール,https://youtrust.jp/users/0ce59ecd162f80f0488ca5ae9919430c,,,,三重県,三重県 動画広告 マーケティング会社 -おすすめ -比較 -ランキング -求人 -まとめ
【AI×HP× SNS 】最新 マーケティング 実践講座,https://mie-yorozushien.go.jp/webworkshop2026/,,,,三重県,三重県 採用マーケティング SNS支援 -おすすめ -比較 -ランキング -求人 -まとめ
「あなたにお願いしたい」を構築！ 【AI×HP× SNS 】最新 ...,https://www.miesc.or.jp/support/contents/1552/,,,,三重県,三重県 採用マーケティング SNS支援 -おすすめ -比較 -ランキング -求人 -まとめ
三重県 東員町の地域プロモーションを専門人材が 支援 ！町の魅力を ...,https://www.persol-innovation.co.jp/news/2023-1120,,,,三重県,三重県 採用マーケティング SNS支援 -おすすめ -比較 -ランキング -求人 -まとめ
セミナー・イベント：【AI×HP× SNS 】最新 マーケティング 実践講座,https://j-net21.smrj.go.jp/snavi2/articles/185976,,,,三重県,三重県 採用マーケティング SNS支援 -おすすめ -比較 -ランキング -求人 -まとめ
事例事例,https://www.socialgood.tokyo/cases,,,,三重県,三重県 採用マーケティング SNS支援 -おすすめ -比較 -ランキング -求人 -まとめ
松尾 健治,https://www.osaka-shindanshi.org/member/n411140/,,,,三重県,三重県 中小企業 デジタル販促会社 -おすすめ -比較 -ランキング -求人 -まとめ
地域 中小企業 の デジタル 化支援のため、地方版IoT推進ラボと ...,https://www.pwc.com/jp/ja/press-room/consulting-furusato-co-lead-211005.html,,,,三重県,三重県 中小企業 デジタル販促会社 -おすすめ -比較 -ランキング -求人 -まとめ
過去のお知らせ,https://www.kuwanacci.com/archives/page/2,,,,三重県,三重県 中小企業 デジタル販促会社 -おすすめ -比較 -ランキング -求人 -まとめ
印刷・製本・Web・動画・企画もできる 広告代理店,https://www.omi-in.co.jp/service/degital/,,,,滋賀県,滋賀県 地域広告代理店 デジタル支援 -おすすめ -比較 -ランキング -求人 -まとめ
製造業の会社がつくるホームページ制作,https://ad.alphace.co.jp/mfg/,,,,滋賀県,滋賀県 地域広告代理店 デジタル支援 -おすすめ -比較 -ランキング -求人 -まとめ
会社概要,https://www.deco-planning.com/company/index.html,,,,滋賀県,滋賀県 地域広告代理店 デジタル支援 -おすすめ -比較 -ランキング -求人 -まとめ
あどおーみ株式会社 sdgs宣言,https://adoo-mi.co.jp/SDGs/SDGs.html,,,,滋賀県,滋賀県 地域広告代理店 デジタル支援 -おすすめ -比較 -ランキング -求人 -まとめ
＜7/4  開催＞サービス部会 動画 マーケティング の始め方セミナー,https://moriyama-cci.or.jp/2023/05/26/douga_seminar1/,,,,滋賀県,滋賀県 PR会社 SNSマーケティング -おすすめ -比較 -ランキング -求人 -まとめ
PROUD LAKE,https://www.proudlake.co.jp/,,,,滋賀県,滋賀県 PR会社 SNSマーケティング -おすすめ -比較 -ランキング -求人 -まとめ
ご自身のスマホで動画編集・ SNS 投稿が学べる「情報発信 ...,https://www.pref.shiga.lg.jp/kensei/koho/e-shinbun/bosyuu/327145.html,,,,滋賀県,滋賀県 PR会社 SNSマーケティング -おすすめ -比較 -ランキング -求人 -まとめ
会社 案内,https://www.resite.jp/company/,,,,滋賀県,滋賀県 PR会社 SNSマーケティング -おすすめ -比較 -ランキング -求人 -まとめ
選ばれる6つの理由,https://jeengross.jp/point/,,,,滋賀県,滋賀県 クリエイティブ会社 Webマーケティング -おすすめ -比較 -ランキング -求人 -まとめ
ホームページ 作成,https://web.west-design.com/company/,,,,滋賀県,滋賀県 クリエイティブ会社 Webマーケティング -おすすめ -比較 -ランキング -求人 -まとめ
料金体系 プラン・料金 – WEB サイト制作、 ホームページ 作成,https://web.tsukuredasu.com/plan/,,,,滋賀県,滋賀県 クリエイティブ会社 Webマーケティング -おすすめ -比較 -ランキング -求人 -まとめ
株式 会社 プリムス クリエイティブ,https://nagahama-koukaiki.com/creaters/prems-creative/,,,,滋賀県,滋賀県 クリエイティブ会社 Webマーケティング -おすすめ -比較 -ランキング -求人 -まとめ
会社 情報,https://offton.jp/company/,,,,滋賀県,滋賀県 クリエイティブ会社 Webマーケティング -おすすめ -比較 -ランキング -求人 -まとめ
会社 概要・スタッフ,https://www.starbride.jp/about/,,,,滋賀県,滋賀県 クリエイティブ会社 Webマーケティング -おすすめ -比較 -ランキング -求人 -まとめ
ブランドサイト制作,https://www.studiobeatle.com/service/brandsite/,,,,滋賀県,滋賀県 ブランディング会社 Web集客 -おすすめ -比較 -ランキング -求人 -まとめ
制作の流れ,https://visit-jp.net/flow,,,,滋賀県,滋賀県 ブランディング会社 Web集客 -おすすめ -比較 -ランキング -求人 -まとめ
コーポレートサイト制作,https://bexx-design.com/service_list/corporate/,,,,滋賀県,滋賀県 ブランディング会社 Web集客 -おすすめ -比較 -ランキング -求人 -まとめ
web サイト制作,https://www.aradas.net/shiga/,,,,滋賀県,滋賀県 ブランディング会社 Web集客 -おすすめ -比較 -ランキング -求人 -まとめ
滋賀 ・草津のホームページ制作 15万円〜,https://www.kusana.biz/homepage-seisaku,,,,滋賀県,滋賀県 ブランディング会社 Web集客 -おすすめ -比較 -ランキング -求人 -まとめ
SNS 集客 ・レセプション運営・トータルセールスプロモーション,https://shiga-create.jp/works/sns%E9%9B%86%E5%AE%A2%E3%83%BB%E3%83%AC%E3%82%BB%E3%83%97%E3%82%B7%E3%83%A7%E3%83%B3%E9%81%8B%E5%96%B6%E3%83%BB%E3%83%88%E3%83%BC%E3%82%BF%E3%83%AB%E3%82%BB%E3%83%BC%E3%83%AB%E3%82%B9%E3%83%97/,,,,滋賀県,滋賀県 ブランディング会社 Web集客 -おすすめ -比較 -ランキング -求人 -まとめ
株式 会社 ホッパーアド,https://hopper-ad.com/,,,,滋賀県,滋賀県 動画広告 マーケティング会社 -おすすめ -比較 -ランキング -求人 -まとめ
デジタル事業-リッチコンテンツ,https://www.shiga-web.or.jp/eins/digital/richcontent.php,,,,滋賀県,滋賀県 動画広告 マーケティング会社 -おすすめ -比較 -ランキング -求人 -まとめ
美容に特化した インフルエンサーマーケティング のiHackを子会社化,https://www.strike.co.jp/ma_news/detail.html?id=20250829a,,,,滋賀県,滋賀県 インフルエンサー マーケティング会社 -おすすめ -比較 -ランキング -求人 -まとめ
登録専門家検索,https://www.shigaplaza.or.jp/senmonnw/pro50/y/page/2,,,,滋賀県,滋賀県 採用マーケティング SNS支援 -おすすめ -比較 -ランキング -求人 -まとめ
ウェルネス八日市におじゃまします,https://yorozushiga.jp/wp-content/uploads/2026/07/7a7d180cc17f36913c06c52ec3dae2cd.pdf,,,,滋賀県,滋賀県 採用マーケティング SNS支援 -おすすめ -比較 -ランキング -求人 -まとめ
公益社団法人 滋賀県 建築士会 主催セミナー 「建築業向け SNS ...,https://www.globallinkjapan.com/%E5%85%AC%E7%9B%8A%E7%A4%BE%E5%9B%A3%E6%B3%95%E4%BA%BA-%E6%BB%8B%E8%B3%80%E7%9C%8C%E5%BB%BA%E7%AF%89%E5%A3%AB%E4%BC%9A%E3%80%80%E4%B8%BB%E5%82%AC%E3%82%BB%E3%83%9F%E3%83%8A%E3%83%BC-%E3%80%8C%E5%BB%BA/,,,,滋賀県,滋賀県 採用マーケティング SNS支援 -おすすめ -比較 -ランキング -求人 -まとめ
登録№ 50,https://www.ki21.jp/wordpress/wp-content/uploads/2026/02/f530c8ae141b27d5ad426ee28956a593.pdf,,,,滋賀県,滋賀県 採用マーケティング SNS支援 -おすすめ -比較 -ランキング -求人 -まとめ
組合で取り組むイベント アーカイブ,https://chuokai-shiga.or.jp/case_study_category/event/,,,,滋賀県,滋賀県 中小企業 デジタル販促会社 -おすすめ -比較 -ランキング -求人 -まとめ
MESSAGE,https://organa.jp/message/,,,,滋賀県,滋賀県 中小企業 デジタル販促会社 -おすすめ -比較 -ランキング -求人 -まとめ
創商,https://www.usp.ac.jp/user/filer_public/8e/9b/8e9bebdb-283d-4bba-8d6c-84ae5a70751f/ce667ed934cf569041545c023b64da05.pdf,,,,滋賀県,滋賀県 中小企業 デジタル販促会社 -おすすめ -比較 -ランキング -求人 -まとめ
Advanceffort DXスクール,https://advanceffort.jp/dx-school/,,,,滋賀県,滋賀県 中小企業 デジタル販促会社 -おすすめ -比較 -ランキング -求人 -まとめ
デジタル サイネージ導入事例 株式会社実業 広告 社様,https://digisign.jp/example/8494/,,,,京都府,京都府 地域広告代理店 デジタル支援 -おすすめ -比較 -ランキング -求人 -まとめ
京都府,https://www.pref.kyoto.jp/index.html?fbclid=IwAR20mljU8wfhR2KZaG4DCsuPIErw6iw7F35zw0XgOcslegHtmXK-Di_rdaY%2525252525252525252523course2%25252525252523course,,,,京都府,京都府 地域広告代理店 デジタル支援 -おすすめ -比較 -ランキング -求人 -まとめ
メーカーや官公庁案件のDSP等への 広告 出稿、管理業務／休日休暇 ...,https://yomiarsr.co.jp/recruit/head-202407-2/,,,,京都府,京都府 地域広告代理店 デジタル支援 -おすすめ -比較 -ランキング -求人 -まとめ
ストリートメディア,https://streetmedia.co.jp/PDF/20131008.pdf,,,,京都府,京都府 地域広告代理店 デジタル支援 -おすすめ -比較 -ランキング -求人 -まとめ
インバウンド向け 京都 案内スマホアプリ「Kyoto In JH」提供開始,https://www.e-agencygroup.co.jp/showcase/20180214_garnet_alliance.html,,,,京都府,京都府 地域広告代理店 デジタル支援 -おすすめ -比較 -ランキング -求人 -まとめ
CONOMICHI INTERVIEW,https://market.jr-central.co.jp/conomichi/interview/interview_area/kyoto,,,,京都府,京都府 地域広告代理店 デジタル支援 -おすすめ -比較 -ランキング -求人 -まとめ
サービス,https://free-section.com/service/,,,,京都府,京都府 PR会社 SNSマーケティング -おすすめ -比較 -ランキング -求人 -まとめ
おぎの Directors Univ,https://directors-univ.co.jp/member/%E3%81%8A%E3%81%8E%E3%81%AE/,,,,京都府,京都府 PR会社 SNSマーケティング -おすすめ -比較 -ランキング -求人 -まとめ
合同 会社 OAL,https://kyoto-kosodatepia.jp/kodomohagukumu/company/%E5%90%88%E5%90%8C%E4%BC%9A%E7%A4%BEoal/,,,,京都府,京都府 PR会社 SNSマーケティング -おすすめ -比較 -ランキング -求人 -まとめ
総合 PR会社 イニシャルと連携し 「インフルエンサー投稿リテール ...,https://adinte.co.jp/release/%E6%A5%AD%E5%8B%99%E6%8F%90%E6%90%BA/10277/,,,,京都府,京都府 PR会社 SNSマーケティング -おすすめ -比較 -ランキング -求人 -まとめ
【緊急情報】「 SNS で PR 投稿をすると報酬がもらえる」とエステ ...,https://kyoto-soudan.jp/emergency/saron_est_hukugyou/,,,,京都府,京都府 PR会社 SNSマーケティング -おすすめ -比較 -ランキング -求人 -まとめ
実績,https://ozlink.co.jp/recruit/ourworks/,,,,京都府,京都府 PR会社 SNSマーケティング -おすすめ -比較 -ランキング -求人 -まとめ
Web デザインコース,https://www.kyoto-kaikeihoritsu.ac.jp/course/major_web_design/,,,,京都府,京都府 クリエイティブ会社 Webマーケティング -おすすめ -比較 -ランキング -求人 -まとめ
クロスウィッシュについて,https://www.crosswish.com/about/,,,,京都府,京都府 クリエイティブ会社 Webマーケティング -おすすめ -比較 -ランキング -求人 -まとめ
事業内容,https://withwhiz.co.jp/service/,,,,京都府,京都府 クリエイティブ会社 Webマーケティング -おすすめ -比較 -ランキング -求人 -まとめ
売上向上を目指す情報発信強化・ 広報担当人材育成コース,https://recurrent-kyoto.com/news/3864/,,,,京都府,京都府 クリエイティブ会社 Webマーケティング -おすすめ -比較 -ランキング -求人 -まとめ
山内 孝典,https://kyotoyorozu.go.jp/coordinator/yamauchi,,,,京都府,京都府 クリエイティブ会社 Webマーケティング -おすすめ -比較 -ランキング -求人 -まとめ
京都府 のホームページ制作・SEO対策,https://jetb.co.jp/kyoto,,,,京都府,京都府 ブランディング会社 Web集客 -おすすめ -比較 -ランキング -求人 -まとめ
メディア,https://vonten.jp/feature/media/,,,,京都府,京都府 ブランディング会社 Web集客 -おすすめ -比較 -ランキング -求人 -まとめ
会社 概要,https://web.bridge-net.jp/company/,,,,京都府,京都府 ブランディング会社 Web集客 -おすすめ -比較 -ランキング -求人 -まとめ
京都 支店と大阪支店が西日本最大級の マーケティング 展示会 ...,https://www.spiral-platform.co.jp/20230904/898/,,,,京都府,京都府 LINE CRM マーケティング会社 -おすすめ -比較 -ランキング -求人 -まとめ
私たちについて,https://dock.boats/about/,,,,京都府,京都府 コンテンツマーケティング 支援会社 -おすすめ -比較 -ランキング -求人 -まとめ
会社 概要,https://funfairfanfare.com/corporate-profile/,,,,京都府,京都府 コンテンツマーケティング 支援会社 -おすすめ -比較 -ランキング -求人 -まとめ
京都 のWEBコンサルティング 会社,https://www.paintit.co.jp/,,,,京都府,京都府 コンテンツマーケティング 支援会社 -おすすめ -比較 -ランキング -求人 -まとめ
株式 会社 デイアライブ,https://www.kyoto-kankou.or.jp/challenge2021/challenge05.html,,,,京都府,京都府 コンテンツマーケティング 支援会社 -おすすめ -比較 -ランキング -求人 -まとめ
企業情報,https://img-a.jp/information/,,,,京都府,京都府 動画広告 マーケティング会社 -おすすめ -比較 -ランキング -求人 -まとめ
京都 の 広告 なら株式 会社 案,https://an1976.jp/,,,,京都府,京都府 動画広告 マーケティング会社 -おすすめ -比較 -ランキング -求人 -まとめ
株式 会社 ジェー・ピー・シー,https://www.monodukuri-kyoto.jp/company/4451/,,,,京都府,京都府 動画広告 マーケティング会社 -おすすめ -比較 -ランキング -求人 -まとめ
会社 概要,https://www.kanko-ad.co.jp/profile/company.html,,,,京都府,京都府 動画広告 マーケティング会社 -おすすめ -比較 -ランキング -求人 -まとめ
【制作から管理まで一貫】Meta 広告 サポート,https://enlink-kyoto.co.jp/services/meta/,,,,京都府,京都府 動画広告 マーケティング会社 -おすすめ -比較 -ランキング -求人 -まとめ
ABOUT – 京都 編集・企画・制作・ 動画 チキスクリプト,https://tikiscript.jp/about/,,,,京都府,京都府 動画広告 マーケティング会社 -おすすめ -比較 -ランキング -求人 -まとめ
京都 のWeb 広告 ・Web マーケティング 支援,https://oaloal.jp/,,,,京都府,京都府 動画広告 マーケティング会社 -おすすめ -比較 -ランキング -求人 -まとめ
京都 ・滋賀での インフルエンサーマーケティング ならATE ...,https://ateuniverse.com/service/influencer/,,,,京都府,京都府 インフルエンサー マーケティング会社 -おすすめ -比較 -ランキング -求人 -まとめ
Company,https://nel-support.com/company,,,,京都府,京都府 インフルエンサー マーケティング会社 -おすすめ -比較 -ランキング -求人 -まとめ
「 採用 ブランディング」の大切さについて学びました！,https://oif-tama.jp/magazine/kokubunji/entry-33610.html,,,,京都府,京都府 採用マーケティング SNS支援 -おすすめ -比較 -ランキング -求人 -まとめ
小規模事業者持続化補助金,https://www.kyoto-fsci.or.jp/ktwp/,,,,京都府,京都府 採用マーケティング SNS支援 -おすすめ -比較 -ランキング -求人 -まとめ
デザインの戦略的な活用,https://www.kptc.jp/gijutsushien/des/,,,,京都府,京都府 中小企業 デジタル販促会社 -おすすめ -比較 -ランキング -求人 -まとめ
デジタル 時代を乗り越える！ 中小企業 のDX・リスキリングと女性活躍,https://www.wings-kyoto.jp/topics/.assets/DX2310_B2.pdf,,,,京都府,京都府 中小企業 デジタル販促会社 -おすすめ -比較 -ランキング -求人 -まとめ
Who We Are,https://www.vogaro.co.jp/about/,,,,大阪府,大阪府 地域広告代理店 デジタル支援 -おすすめ -比較 -ランキング -求人 -まとめ
大阪 で医院開業・開業後のサポート実績豊富なミツワ 広告 株式会社,https://www.ad-mitsuwa.com/company/,,,,大阪府,大阪府 地域広告代理店 デジタル支援 -おすすめ -比較 -ランキング -求人 -まとめ
ファッション・アパレル業界に強いWeb 広告代理店 ロゾパンサン ...,https://roseaupensant.jp/lp3/mu/,,,,大阪府,大阪府 地域広告代理店 デジタル支援 -おすすめ -比較 -ランキング -求人 -まとめ
広告代理店 ・制作会社の皆様へ,https://web.cordial.osaka/partner/,,,,大阪府,大阪府 地域広告代理店 デジタル支援 -おすすめ -比較 -ランキング -求人 -まとめ
会社概要,https://seo-best.jp/about/,,,,大阪府,大阪府 地域広告代理店 デジタル支援 -おすすめ -比較 -ランキング -求人 -まとめ
SNSマーケティング,https://hhms.co.jp/projects/cat/communication-strategy/sns-marketing/,,,,大阪府,大阪府 PR会社 SNSマーケティング -おすすめ -比較 -ランキング -求人 -まとめ
SNSマーケティング LP( 大阪府 ),https://apr-design.com/work/202308_03/,,,,大阪府,大阪府 PR会社 SNSマーケティング -おすすめ -比較 -ランキング -求人 -まとめ
ソリューション,https://grand-node.co.jp/solution/,,,,大阪府,大阪府 PR会社 SNSマーケティング -おすすめ -比較 -ランキング -求人 -まとめ
Job opening,https://www.randstad.com/jobs/da-ban-chui-tian-shi-prsnsyun-yong-sutatuhu_da-ban-_46095015/,,,,大阪府,大阪府 PR会社 SNSマーケティング -おすすめ -比較 -ランキング -求人 -まとめ
WEB 制作,https://www.kocci.or.jp/market/creatorclub/creatorclub_search/category/30227/,,,,大阪府,大阪府 クリエイティブ会社 Webマーケティング -おすすめ -比較 -ランキング -求人 -まとめ
特徴,https://ok-design.co.jp/features.html,,,,大阪府,大阪府 クリエイティブ会社 Webマーケティング -おすすめ -比較 -ランキング -求人 -まとめ
提供サービス,https://tane-be.co.jp/service/,,,,大阪府,大阪府 クリエイティブ会社 Webマーケティング -おすすめ -比較 -ランキング -求人 -まとめ
大阪 の WEBマーケティング会社,https://star-inc.co/,,,,大阪府,大阪府 クリエイティブ会社 Webマーケティング -おすすめ -比較 -ランキング -求人 -まとめ
crimtan,https://ab-out.co.jp/crimtan/index.html,,,,大阪府,大阪府 クリエイティブ会社 Webマーケティング -おすすめ -比較 -ランキング -求人 -まとめ
歯科 マーケティング ・歯科 ホームページ 制作,https://oneupcreativejp.com/,,,,大阪府,大阪府 クリエイティブ会社 Webマーケティング -おすすめ -比較 -ランキング -求人 -まとめ
会社 情報,https://www.sinq.co.jp/company/,,,,大阪府,大阪府 クリエイティブ会社 Webマーケティング -おすすめ -比較 -ランキング -求人 -まとめ
フォーサイトクリエイション: ブランディング会社 大阪,https://f-creation.co.jp/,,,,大阪府,大阪府 ブランディング会社 Web集客 -おすすめ -比較 -ランキング -求人 -まとめ
大阪 のホームページ制作 会社 ・ Web サイト制作 会社,https://gitag.co.jp/?srsltid=AfmBOopcDpF9_2ZsujH0wzJmBU0KdF5D5cxPtuJWqsiLIOD_rBk9jEJZ,,,,大阪府,大阪府 ブランディング会社 Web集客 -おすすめ -比較 -ランキング -求人 -まとめ
Web集客 ・SEO,https://transform-d.com/blog/seo/,,,,大阪府,大阪府 ブランディング会社 Web集客 -おすすめ -比較 -ランキング -求人 -まとめ
制作実績,https://www.digrart.jp/works/,,,,大阪府,大阪府 ブランディング会社 Web集客 -おすすめ -比較 -ランキング -求人 -まとめ
Web マーケティング、ホームページ制作 Web 制作のブルーチップ ...,https://www.blue-chip.org/,,,,大阪府,大阪府 ブランディング会社 Web集客 -おすすめ -比較 -ランキング -求人 -まとめ
大阪 の WEB マーケティング・制作・改善パートナー,https://www.w-star.com/,,,,大阪府,大阪府 ブランディング会社 Web集客 -おすすめ -比較 -ランキング -求人 -まとめ
faq よくあるご質問,https://owlet.kansaipado.co.jp/faq/@p2/,,,,大阪府,大阪府 ブランディング会社 Web集客 -おすすめ -比較 -ランキング -求人 -まとめ
コンテンツマーケティング支援,https://lead-x.co.jp/contents-maketing/,,,,大阪府,大阪府 コンテンツマーケティング 支援会社 -おすすめ -比較 -ランキング -求人 -まとめ
コンテンツマーケティング,https://sionas.co.jp/service/content-marketing,,,,大阪府,大阪府 コンテンツマーケティング 支援会社 -おすすめ -比較 -ランキング -求人 -まとめ
コンテンツマーケティング,https://wednes-web.com/menu/contents/,,,,大阪府,大阪府 コンテンツマーケティング 支援会社 -おすすめ -比較 -ランキング -求人 -まとめ
会社 概要,https://yuhkinoine.com/company/,,,,大阪府,大阪府 コンテンツマーケティング 支援会社 -おすすめ -比較 -ランキング -求人 -まとめ
LINE 最新フルファネル マーケティング 実践セミナー 〜新規獲得 ...,https://www.pencil.co.jp/seminar/20180927_01/,,,,大阪府,大阪府 LINE CRM マーケティング会社 -おすすめ -比較 -ランキング -求人 -まとめ
株式 会社 Mico,https://www.marketing-week.jp/autumn/ja-jp/search/2026aut1007/directory/directory-details.%E6%A0%AA%E5%BC%8F%E4%BC%9A%E7%A4%BE%20mico.org-4941a288-e3db-4a29-9d22-20e17357037c.html,,,,大阪府,大阪府 LINE CRM マーケティング会社 -おすすめ -比較 -ランキング -求人 -まとめ
単品通販（D2C）業界で初めて『 LINE ビジネスコネクト』導入 ...,https://www.ureru.co.jp/news/archives/46,,,,大阪府,大阪府 LINE CRM マーケティング会社 -おすすめ -比較 -ランキング -求人 -まとめ
フューチャーショップ、 LINE 連携 CRM ツール「LIneON」との連携 ...,https://www.future-shop.jp/news/2025/10/02.html,,,,大阪府,大阪府 LINE CRM マーケティング会社 -おすすめ -比較 -ランキング -求人 -まとめ
動画 制作・運用,https://www.evridge.co.jp/%E5%8B%95%E7%94%BB%E5%88%B6%E4%BD%9C-%E9%81%8B%E7%94%A8-1,,,,大阪府,大阪府 動画広告 マーケティング会社 -おすすめ -比較 -ランキング -求人 -まとめ
「デザイン+成果」重視の 動画 制作 大阪,https://www.ann-video.com/,,,,大阪府,大阪府 動画広告 マーケティング会社 -おすすめ -比較 -ランキング -求人 -まとめ
動画 制作,https://core-cloud-service.com/video/,,,,大阪府,大阪府 動画広告 マーケティング会社 -おすすめ -比較 -ランキング -求人 -まとめ
会社 案内 – プロモーションビデオ 映像 CM 制作 会社 大阪 ビデオ ...,http://www.videocreate.co.jp/company/,,,,大阪府,大阪府 動画広告 マーケティング会社 -おすすめ -比較 -ランキング -求人 -まとめ
【申込多数のため受付終了】 インフルエンサー を活用した ...,https://www.osaka.cci.or.jp/event/seminar/202210/D40221209028.html,,,,大阪府,大阪府 インフルエンサー マーケティング会社 -おすすめ -比較 -ランキング -求人 -まとめ
Contact,https://value-planning.co.jp/contact/,,,,大阪府,大阪府 インフルエンサー マーケティング会社 -おすすめ -比較 -ランキング -求人 -まとめ
認定職業訓練校として認定されました！,https://otona-in.com/%E8%AA%8D%E5%AE%9A%E8%81%B7%E6%A5%AD%E8%A8%93%E7%B7%B4%E6%A0%A1%E3%81%A8%E3%81%97%E3%81%A6%E8%AA%8D%E5%AE%9A%E3%81%95%E3%82%8C%E3%81%BE%E3%81%97%E3%81%9F%EF%BC%81/,,,,大阪府,大阪府 採用マーケティング SNS支援 -おすすめ -比較 -ランキング -求人 -まとめ
SNSマーケティングの新時代,https://wappy.jp/recruit,,,,大阪府,大阪府 採用マーケティング SNS支援 -おすすめ -比較 -ランキング -求人 -まとめ
大阪府 の政策 マーケティング ・リサーチ,https://www.pref.osaka.lg.jp/fuseiunei/shisakukeikaku/seisakukihonhoushin/marketing/index.html,,,,大阪府,大阪府 採用マーケティング SNS支援 -おすすめ -比較 -ランキング -求人 -まとめ
株式会社Gracias,https://gracias-social.com/,,,,大阪府,大阪府 採用マーケティング SNS支援 -おすすめ -比較 -ランキング -求人 -まとめ
DX推進相談窓口の概要,https://www.sansokan.jp/akinai/dx-sodan/,,,,大阪府,大阪府 中小企業 デジタル販促会社 -おすすめ -比較 -ランキング -求人 -まとめ
大阪 産業創造館の展示会『Web 販促 ＆ デジタル 活用展2025』に出展 ...,https://mils.co.jp/news/20250523web2025/,,,,大阪府,大阪府 中小企業 デジタル販促会社 -おすすめ -比較 -ランキング -求人 -まとめ
SEED,https://seed.or.jp/,,,,大阪府,大阪府 中小企業 デジタル販促会社 -おすすめ -比較 -ランキング -求人 -まとめ
大阪 の経営改善計画策定支援 企業 であるPlow株式 会社 の 会社 概要,https://pl-ow.com/company/,,,,大阪府,大阪府 中小企業 デジタル販促会社 -おすすめ -比較 -ランキング -求人 -まとめ
【イベント】7/1(木) 大阪府 イベント協力および登壇『府内 中小企業 ...,https://seagp.com/archives/5935,,,,大阪府,大阪府 中小企業 デジタル販促会社 -おすすめ -比較 -ランキング -求人 -まとめ
「 広告 運用代行だけでなく 広告 知識も深まる」。 神戸新聞が語る ...,https://marketing.petabit.co.jp/blog/1245/,,,,兵庫県,兵庫県 地域広告代理店 デジタル支援 -おすすめ -比較 -ランキング -求人 -まとめ
事例紹介 – 総合 広告代理店,https://daimeisha.co.jp/case/,,,,兵庫県,兵庫県 地域広告代理店 デジタル支援 -おすすめ -比較 -ランキング -求人 -まとめ
企業情報 COMPANY,https://oricomi-k.co.jp/company/,,,,兵庫県,兵庫県 地域広告代理店 デジタル支援 -おすすめ -比較 -ランキング -求人 -まとめ
限られた予算で最大の成果を生み出すために,https://www.hyogo.doyu.jp/blog/post/202512020800/,,,,兵庫県,兵庫県 地域広告代理店 デジタル支援 -おすすめ -比較 -ランキング -求人 -まとめ
クールジャパン・プロデューサー : 知的財産戦略推進事務局,https://www.cao.go.jp/cool_japan/cjproducer/cjproducer.html,,,,兵庫県,兵庫県 地域広告代理店 デジタル支援 -おすすめ -比較 -ランキング -求人 -まとめ
SNS プロモーション事業,https://www.rocinc.co.jp/sns/,,,,兵庫県,兵庫県 PR会社 SNSマーケティング -おすすめ -比較 -ランキング -求人 -まとめ
兵庫県 知事選挙における SNS 利用は なぜ大きな問題になったか,https://osu.repo.nii.ac.jp/record/2000230/files/23-35.pdf,,,,兵庫県,兵庫県 PR会社 SNSマーケティング -おすすめ -比較 -ランキング -求人 -まとめ
PR会社 側が虚偽説明？斎藤知事側、証拠を公表へ「費用明細に SNS ...,https://biz-journal.jp/company/post_385099.html,,,,兵庫県,兵庫県 PR会社 SNSマーケティング -おすすめ -比較 -ランキング -求人 -まとめ
神戸を拠点にWEB広告や SNS 広告運用などのWEB マーケティング 支援,https://s-suite.kobenp-printing.co.jp/company/,,,,兵庫県,兵庫県 PR会社 SNSマーケティング -おすすめ -比較 -ランキング -求人 -まとめ
デジタル マーケティング,https://aqua-star.co.jp/blog/works_cat_service/marketing/,,,,兵庫県,兵庫県 PR会社 SNSマーケティング -おすすめ -比較 -ランキング -求人 -まとめ
株式 会社 ROC、書籍「新・Instagram マーケティング 解体新書〜なぜ ...,https://www.ymir.co.jp/info/roc730.html,,,,兵庫県,兵庫県 PR会社 SNSマーケティング -おすすめ -比較 -ランキング -求人 -まとめ
Service 事業内容,https://ari-ka.co.jp/service/,,,,兵庫県,兵庫県 クリエイティブ会社 Webマーケティング -おすすめ -比較 -ランキング -求人 -まとめ
兵庫県 加古川市のデザイン 会社,https://lindesign.co.jp/,,,,兵庫県,兵庫県 クリエイティブ会社 Webマーケティング -おすすめ -比較 -ランキング -求人 -まとめ
江井島広告制作,https://eigashima.com/office.html,,,,兵庫県,兵庫県 クリエイティブ会社 Webマーケティング -おすすめ -比較 -ランキング -求人 -まとめ
デジタル マーケティング : 神戸・淡路島の ホームページ 制作 会社,https://www.kreativ.jp/,,,,兵庫県,兵庫県 クリエイティブ会社 Webマーケティング -おすすめ -比較 -ランキング -求人 -まとめ
Web サイト制作サービス,https://stacker.co.jp/web-design-service/,,,,兵庫県,兵庫県 クリエイティブ会社 Webマーケティング -おすすめ -比較 -ランキング -求人 -まとめ
制作費用の目安,https://knotus.jp/approach/budget/,,,,兵庫県,兵庫県 ブランディング会社 Web集客 -おすすめ -比較 -ランキング -求人 -まとめ
株式 会社 イットデザイン,https://www.i-todesign.com/about/,,,,兵庫県,兵庫県 ブランディング会社 Web集客 -おすすめ -比較 -ランキング -求人 -まとめ
キールの WEB サイト制作支援,https://keel-web.com/website/,,,,兵庫県,兵庫県 ブランディング会社 Web集客 -おすすめ -比較 -ランキング -求人 -まとめ
神戸ソフトについて,https://kobesoft.co.jp/design/about/,,,,兵庫県,兵庫県 ブランディング会社 Web集客 -おすすめ -比較 -ランキング -求人 -まとめ
会社 情報 – 神戸でホームページ制作・ Web集客 ならグッドラフ,https://goodlaugh.co.jp/about/,,,,兵庫県,兵庫県 ブランディング会社 Web集客 -おすすめ -比較 -ランキング -求人 -まとめ
ホームページ制作・ Web デザイン,https://hoffcreates.com/,,,,兵庫県,兵庫県 ブランディング会社 Web集客 -おすすめ -比較 -ランキング -求人 -まとめ
SEO／ コンテンツマーケティング 事業,https://ras-inc.co.jp/service/seo/,,,,兵庫県,兵庫県 コンテンツマーケティング 支援会社 -おすすめ -比較 -ランキング -求人 -まとめ
会社 概要,https://webriche.co.jp/company/,,,,兵庫県,兵庫県 コンテンツマーケティング 支援会社 -おすすめ -比較 -ランキング -求人 -まとめ
Web戦略,https://www.minato-kobe.net/strategy.html,,,,兵庫県,兵庫県 コンテンツマーケティング 支援会社 -おすすめ -比較 -ランキング -求人 -まとめ
会社 概要,https://nxtqol.co.jp/company/,,,,兵庫県,兵庫県 コンテンツマーケティング 支援会社 -おすすめ -比較 -ランキング -求人 -まとめ
シナジー マーケティング と「オフィシャルパートナー」契約を締結,https://totteikobe.jp/news/article/541,,,,兵庫県,兵庫県 LINE CRM マーケティング会社 -おすすめ -比較 -ランキング -求人 -まとめ
"【ウェビナー動画】『アプリ強化で累計DL数2,200万回超！KFCの ...",https://growth-marketing.jp/seminar/20221006_kfc_dearone_webinar_report/,,,,兵庫県,兵庫県 LINE CRM マーケティング会社 -おすすめ -比較 -ランキング -求人 -まとめ
会社 案内,https://hotna.com/company/,,,,兵庫県,兵庫県 動画広告 マーケティング会社 -おすすめ -比較 -ランキング -求人 -まとめ
兵庫県 で 動画 制作/映像制作/ 動画 編集のできるクリエイター,https://videoworks.com/creator/pref/pref28/,,,,兵庫県,兵庫県 動画広告 マーケティング会社 -おすすめ -比較 -ランキング -求人 -まとめ
神戸・ 兵庫 のYouTube運用代行・YouTube 広告 支援,https://selfachieve.jp/sns/youtube/,,,,兵庫県,兵庫県 動画広告 マーケティング会社 -おすすめ -比較 -ランキング -求人 -まとめ
Service,https://www.shinkoukikaku.com/service/,,,,兵庫県,兵庫県 動画広告 マーケティング会社 -おすすめ -比較 -ランキング -求人 -まとめ
兵庫県 で 動画 制作・ビデオ撮影なら20年以上の実績（有）神戸映画 ...,https://kobe-eiga.com/hestia-front/,,,,兵庫県,兵庫県 動画広告 マーケティング会社 -おすすめ -比較 -ランキング -求人 -まとめ
企業CM・広報 動画 制作に関する内容,https://company-croco.com/service-category/service-cm/,,,,兵庫県,兵庫県 動画広告 マーケティング会社 -おすすめ -比較 -ランキング -求人 -まとめ
株式 会社 Woomy インフルエンサー に携わるすべてのサービスを提供,https://corporate.woomy.me/,,,,兵庫県,兵庫県 インフルエンサー マーケティング会社 -おすすめ -比較 -ランキング -求人 -まとめ
神戸/大阪/SNS運用代行/SNS マーケティング /はにおんに,https://tagiri.co.jp/TAGIRI%20_%20About%20us,,,,兵庫県,兵庫県 インフルエンサー マーケティング会社 -おすすめ -比較 -ランキング -求人 -まとめ
株式 会社 UNIT,https://www.gugenka.com/works/unit/,,,,兵庫県,兵庫県 インフルエンサー マーケティング会社 -おすすめ -比較 -ランキング -求人 -まとめ
link × link,https://www.linklink.cloud/,,,,兵庫県,兵庫県 採用マーケティング SNS支援 -おすすめ -比較 -ランキング -求人 -まとめ
兵庫県 で製造業の方！ SNS 広報担当養成講座がなんと県の補助で ...,https://www.belove.co.jp/2022/07/06/%E5%85%B5%E5%BA%AB%E7%9C%8C%E3%81%A7%E8%A3%BD%E9%80%A0%E6%A5%AD%E3%81%AE%E6%96%B9%EF%BC%81sns%E5%BA%83%E5%A0%B1%E6%8B%85%E5%BD%93%E9%A4%8A%E6%88%90%E8%AC%9B%E5%BA%A7%E3%81%8C%E3%81%AA%E3%82%93/,,,,兵庫県,兵庫県 採用マーケティング SNS支援 -おすすめ -比較 -ランキング -求人 -まとめ
広島のWeb マーケティング 、 SNS 運用代行なら株式会社DIXI ...,https://dixi.co.jp/,,,,兵庫県,兵庫県 採用マーケティング SNS支援 -おすすめ -比較 -ランキング -求人 -まとめ
チームIT神戸,https://www.it-kobe.org/,,,,兵庫県,兵庫県 中小企業 デジタル販促会社 -おすすめ -比較 -ランキング -求人 -まとめ
株式 会社 七旺社,https://www.web-tenjikai.com/orgs/%E6%A0%AA%E5%BC%8F%E4%BC%9A%E7%A4%BE-%E4%B8%83%E6%97%BA%E7%A4%BE/,,,,兵庫県,兵庫県 中小企業 デジタル販促会社 -おすすめ -比較 -ランキング -求人 -まとめ
「 販促 ツール開発サービス」の実践にあたって,https://www.shichiou.co.jp/service-introduction/service-introduction.html,,,,兵庫県,兵庫県 中小企業 デジタル販促会社 -おすすめ -比較 -ランキング -求人 -まとめ
会員紹介,https://www.shindan-hg.com/member,,,,兵庫県,兵庫県 中小企業 デジタル販促会社 -おすすめ -比較 -ランキング -求人 -まとめ
産業メッセ2022.,https://www.amacci.or.jp/files/news/fl00000993.pdf,,,,兵庫県,兵庫県 中小企業 デジタル販促会社 -おすすめ -比較 -ランキング -求人 -まとめ
薄利多売の事業に欠かせないのはバックオフィスへの投資と経営者 ...,https://kobe-dxotasuketai.jp/bible/page05.html,,,,兵庫県,兵庫県 中小企業 デジタル販促会社 -おすすめ -比較 -ランキング -求人 -まとめ
広告代理店 向けサービス,https://impact-h.co.jp/service/advertising-agency,,,,奈良県,奈良県 地域広告代理店 デジタル支援 -おすすめ -比較 -ランキング -求人 -まとめ
広告 宣伝事業,https://www.yokohama-agc.com/ad/,,,,奈良県,奈良県 地域広告代理店 デジタル支援 -おすすめ -比較 -ランキング -求人 -まとめ
三原 賢治,https://nara-sangyoshinko.or.jp/senmonka/disp.php?dno=78&y1=&y2=0&y3=0&y4=0&keyword=,,,,奈良県,奈良県 地域広告代理店 デジタル支援 -おすすめ -比較 -ランキング -求人 -まとめ
会社情報,https://aceagent.co.jp/company/,,,,奈良県,奈良県 地域広告代理店 デジタル支援 -おすすめ -比較 -ランキング -求人 -まとめ
Service,https://onelike.jp/service/,,,,奈良県,奈良県 PR会社 SNSマーケティング -おすすめ -比較 -ランキング -求人 -まとめ
SNS ×EC(プロモーション企画・運用)なら,https://itsumo365.co.jp/service/sns/,,,,奈良県,奈良県 PR会社 SNSマーケティング -おすすめ -比較 -ランキング -求人 -まとめ
インターネット広告ならウェブ マーケティング 研究所,https://www.pr-web.jp/,,,,奈良県,奈良県 PR会社 SNSマーケティング -おすすめ -比較 -ランキング -求人 -まとめ
Web広告運用,https://office-masui.com/service/advertising/,,,,奈良県,奈良県 クリエイティブ会社 Webマーケティング -おすすめ -比較 -ランキング -求人 -まとめ
Yu G.,https://www.kitanotatsujin.com/recruit/interview_03/,,,,奈良県,奈良県 クリエイティブ会社 Webマーケティング -おすすめ -比較 -ランキング -求人 -まとめ
MSIN株式 会社,https://mushin.co.jp/?post_type=post,,,,奈良県,奈良県 クリエイティブ会社 Webマーケティング -おすすめ -比較 -ランキング -求人 -まとめ
クリエイティブ,https://risecreation.jp/recruit/job/creative/,,,,奈良県,奈良県 クリエイティブ会社 Webマーケティング -おすすめ -比較 -ランキング -求人 -まとめ
奈良県 生駒市の Web デザイン事務所,https://berry-cr.com/company.html,,,,奈良県,奈良県 クリエイティブ会社 Webマーケティング -おすすめ -比較 -ランキング -求人 -まとめ
会社 概要,https://umu-inc.com/company/,,,,奈良県,奈良県 クリエイティブ会社 Webマーケティング -おすすめ -比較 -ランキング -求人 -まとめ
お店の Web集客 なら ブランディング ワークス,https://bookriver.jp/news/branding-works/,,,,奈良県,奈良県 ブランディング会社 Web集客 -おすすめ -比較 -ランキング -求人 -まとめ
Web サイト制作,https://www.amr.co.jp/service/web/,,,,奈良県,奈良県 ブランディング会社 Web集客 -おすすめ -比較 -ランキング -求人 -まとめ
会社 案内のつくりかた_ 奈良 市のデザイン事務所,https://napnap-fuku.com/2019/09/03/kaisyaannai/,,,,奈良県,奈良県 ブランディング会社 Web集客 -おすすめ -比較 -ランキング -求人 -まとめ
お問い合わせ,https://re-eight.com/contact/,,,,奈良県,奈良県 ブランディング会社 Web集客 -おすすめ -比較 -ランキング -求人 -まとめ
Web集客 に関わるお悩みをすべて解決 Webマーケティング総合支援 ...,https://valon.co.jp/lp/rockema/,,,,奈良県,奈良県 ブランディング会社 Web集客 -おすすめ -比較 -ランキング -求人 -まとめ
事例紹介,https://shikumi-llc.com/works/,,,,奈良県,奈良県 ブランディング会社 Web集客 -おすすめ -比較 -ランキング -求人 -まとめ
お問い合わせ,https://www.conmark.jp/contact,,,,奈良県,奈良県 コンテンツマーケティング 支援会社 -おすすめ -比較 -ランキング -求人 -まとめ
コンテンツマーケティング支援,https://ixis.ai/team/contents/,,,,奈良県,奈良県 コンテンツマーケティング 支援会社 -おすすめ -比較 -ランキング -求人 -まとめ
コンテンツマーケティング サービス,https://digital-marketing.jp/service/contents-marketing/,,,,奈良県,奈良県 コンテンツマーケティング 支援会社 -おすすめ -比較 -ランキング -求人 -まとめ
会社 案内,https://genevis.co.jp/company/,,,,奈良県,奈良県 コンテンツマーケティング 支援会社 -おすすめ -比較 -ランキング -求人 -まとめ
コンサルに無料相談,https://www.zenken-marketingdx.com/consultation/,,,,奈良県,奈良県 コンテンツマーケティング 支援会社 -おすすめ -比較 -ランキング -求人 -まとめ
「 LINEマーケティング 」とは？成功事例やツールを紹介,https://www.synergy-marketing.co.jp/glossary/line_marketing/,,,,奈良県,奈良県 LINE CRM マーケティング会社 -おすすめ -比較 -ランキング -求人 -まとめ
LINEマーケティング ツールなら実績豊富なクウゼン（KUZEN）,https://kuzen.io/blogs/tag-crm,,,,奈良県,奈良県 LINE CRM マーケティング会社 -おすすめ -比較 -ランキング -求人 -まとめ
顧客管理（ CRM ）システムについて,https://www.blueorchid.co.jp/service/crm.html,,,,奈良県,奈良県 LINE CRM マーケティング会社 -おすすめ -比較 -ランキング -求人 -まとめ
定期顧客”に LINE で CRM ・CS施策するならリピートライン,https://www.repeat-line.jp/,,,,奈良県,奈良県 LINE CRM マーケティング会社 -おすすめ -比較 -ランキング -求人 -まとめ
LOYCUS（ロイカス）の導入事例,https://loycus.jp/case/,,,,奈良県,奈良県 LINE CRM マーケティング会社 -おすすめ -比較 -ランキング -求人 -まとめ
LINE 活用で営業と マーケティング を統合,https://www.creativehope.co.jp/beeeline,,,,奈良県,奈良県 LINE CRM マーケティング会社 -おすすめ -比較 -ランキング -求人 -まとめ
初めての方へ,https://excee.co.jp/first/,,,,奈良県,奈良県 動画広告 マーケティング会社 -おすすめ -比較 -ランキング -求人 -まとめ
ビデオ広告（ 動画広告 ）,https://www.intage.co.jp/service/glossary/2491/,,,,奈良県,奈良県 動画広告 マーケティング会社 -おすすめ -比較 -ランキング -求人 -まとめ
COMPANY,https://glowlit.jp/company/,,,,奈良県,奈良県 インフルエンサー マーケティング会社 -おすすめ -比較 -ランキング -求人 -まとめ
運営 会社,https://heroinemarry.com/company/,,,,奈良県,奈良県 インフルエンサー マーケティング会社 -おすすめ -比較 -ランキング -求人 -まとめ
WEB マーケティング 事業強化のためシステム開発事業者を承継,https://tgnr.jp/resource-transfer/10835/,,,,奈良県,奈良県 インフルエンサー マーケティング会社 -おすすめ -比較 -ランキング -求人 -まとめ
SNS採用 運用代行,https://hypex.jp/solution/sns,,,,奈良県,奈良県 採用マーケティング SNS支援 -おすすめ -比較 -ランキング -求人 -まとめ
採用 コンテンツ制作 支援 サービス,https://stll.me/recruitment,,,,奈良県,奈良県 採用マーケティング SNS支援 -おすすめ -比較 -ランキング -求人 -まとめ
OUR BUSINESS SNS 運用 支援,https://www.comnico.jp/recruit/ourbusiness/sns,,,,奈良県,奈良県 採用マーケティング SNS支援 -おすすめ -比較 -ランキング -求人 -まとめ
コラム,https://subacon.co.jp/column/,,,,奈良県,奈良県 中小企業 デジタル販促会社 -おすすめ -比較 -ランキング -求人 -まとめ
募集要項,https://kawanishibutton.net/wp/wp-content/uploads/a616827708f6de8bacbb32ad0766ce37.pdf,,,,奈良県,奈良県 中小企業 デジタル販促会社 -おすすめ -比較 -ランキング -求人 -まとめ
地域ブランド×DX ― デジタル 技術を活用して顧客 ...,https://www.mitemo.co.jp/column/localproduce/tourism-development/tourism-area-development/5664/,,,,奈良県,奈良県 中小企業 デジタル販促会社 -おすすめ -比較 -ランキング -求人 -まとめ
Uターン 支援 へ協業 和歌山 新報社とシナジーマーケティング,https://wakayamashimpo.co.jp/2026/07/20260730_139012.html,,,,和歌山県,和歌山県 地域広告代理店 デジタル支援 -おすすめ -比較 -ランキング -求人 -まとめ
会社概要,https://www.digitalfield.co.jp/office.html,,,,和歌山県,和歌山県 地域広告代理店 デジタル支援 -おすすめ -比較 -ランキング -求人 -まとめ
未公開事例連発30選～ デジタル 集客セミナー,https://gamechange.co.jp/seminar/seminar-007/,,,,和歌山県,和歌山県 地域広告代理店 デジタル支援 -おすすめ -比較 -ランキング -求人 -まとめ
ホームページ活用で売上アップ,http://www.odec-wakayama.com/web/,,,,和歌山県,和歌山県 地域広告代理店 デジタル支援 -おすすめ -比較 -ランキング -求人 -まとめ
「売上に繋がる」Instgagram マーケティング 虎の巻 即実践できる ...,https://nextrend.tokyo/%E3%80%8C%E5%A3%B2%E4%B8%8A%E3%81%AB%E7%B9%8B%E3%81%8C%E3%82%8B%E3%80%8Dinstgagram%E3%83%9E%E3%83%BC%E3%82%B1%E3%83%86%E3%82%A3%E3%83%B3%E3%82%B0%E8%99%8E%E3%81%AE%E5%B7%BB%E3%80%80%E5%8D%B3%E5%AE%9F/,,,,和歌山県,和歌山県 PR会社 SNSマーケティング -おすすめ -比較 -ランキング -求人 -まとめ
和歌山 生成AI マーケティング セミナー 主催・運営：株式會社 ...,https://marketing-wakayama.doorkeeper.jp/,,,,和歌山県,和歌山県 PR会社 SNSマーケティング -おすすめ -比較 -ランキング -求人 -まとめ
【令和最前線】明日から使える！ Webマーケティング ...,https://yarukiouendan.or.jp/news/20230303-seminer/,,,,和歌山県,和歌山県 クリエイティブ会社 Webマーケティング -おすすめ -比較 -ランキング -求人 -まとめ
Serviceサービス案内,https://bee-design.co.jp/service,,,,和歌山県,和歌山県 クリエイティブ会社 Webマーケティング -おすすめ -比較 -ランキング -求人 -まとめ
WEB ディレクター,https://www.clarenet-wakayama.com/rec/page-172/,,,,和歌山県,和歌山県 クリエイティブ会社 Webマーケティング -おすすめ -比較 -ランキング -求人 -まとめ
わかやまデジタル革命推進プロジェクト 令和6年度 和歌山県 ...,https://www.pref.wakayama.lg.jp/prefg/061000/d00217269_d/fil/bosyuuyoukou.pdf,,,,和歌山県,和歌山県 クリエイティブ会社 Webマーケティング -おすすめ -比較 -ランキング -求人 -まとめ
会社 概要,https://www.it-hojyo.com/about-us/,,,,和歌山県,和歌山県 クリエイティブ会社 Webマーケティング -おすすめ -比較 -ランキング -求人 -まとめ
和歌山 のホームページ制作・ WEB デザイン作成。 ネット 販売成功 ...,https://meiku-ad.jp/web/,,,,和歌山県,和歌山県 ブランディング会社 Web集客 -おすすめ -比較 -ランキング -求人 -まとめ
ホームページ制作,https://www.incade.co.jp/service/website/,,,,和歌山県,和歌山県 ブランディング会社 Web集客 -おすすめ -比較 -ランキング -求人 -まとめ
ホームページ制作 web サイト,https://www.rocketdive.biz/web.html,,,,和歌山県,和歌山県 ブランディング会社 Web集客 -おすすめ -比較 -ランキング -求人 -まとめ
和歌山県 岩出市でのお洒落なロゴ・看板デザイン作成 集客 UP提案,https://shikumi-support.com/advertisement-iwadeshi/,,,,和歌山県,和歌山県 ブランディング会社 Web集客 -おすすめ -比較 -ランキング -求人 -まとめ
会社 概要／ 和歌山 ホームページ制作 作成,https://www.cloudagent.co.jp/corp/index.html,,,,和歌山県,和歌山県 ブランディング会社 Web集客 -おすすめ -比較 -ランキング -求人 -まとめ
ECサイト制作,https://www.das-style.com/web/ec/,,,,和歌山県,和歌山県 ブランディング会社 Web集客 -おすすめ -比較 -ランキング -求人 -まとめ
デジタル マーケティング サポートのご相談,https://kwave-inc.co.jp/contact/digital-marketing-support,,,,和歌山県,和歌山県 コンテンツマーケティング 支援会社 -おすすめ -比較 -ランキング -求人 -まとめ
転出者と「ふるさと」をつなぐ地域ファンメディア「FAVTOWN」が ...,https://www.gdx.or.jp/xyz/business/favtown.html,,,,和歌山県,和歌山県 LINE CRM マーケティング会社 -おすすめ -比較 -ランキング -求人 -まとめ
田辺市で映像制作を依頼するなら,https://www.e-motion-entertainment.com/%E6%98%A0%E5%83%8F%E5%88%B6%E4%BD%9C,,,,和歌山県,和歌山県 動画広告 マーケティング会社 -おすすめ -比較 -ランキング -求人 -まとめ
インターネット 広告,https://www.rascasse.jp/listing.html,,,,和歌山県,和歌山県 動画広告 マーケティング会社 -おすすめ -比較 -ランキング -求人 -まとめ
株式 会社 IDEAL,https://marke-ideal.co.jp/,,,,和歌山県,和歌山県 動画広告 マーケティング会社 -おすすめ -比較 -ランキング -求人 -まとめ
どんな経営相談が出来るの？,https://yorozuw.go.jp/about/whats/,,,,和歌山県,和歌山県 採用マーケティング SNS支援 -おすすめ -比較 -ランキング -求人 -まとめ
会社 概要,http://www.n-i-c-inc.jp/?page_id=11,,,,和歌山県,和歌山県 インフルエンサー マーケティング会社 -おすすめ -比較 -ランキング -求人 -まとめ
【アーカイブ配信】マーケ課題はInstagramで解決する ...,https://find-model.jp/seminar/detail/226,,,,和歌山県,和歌山県 インフルエンサー マーケティング会社 -おすすめ -比較 -ランキング -求人 -まとめ
助成事業,https://www.chuokai-wakayama.or.jp/jyosei,,,,和歌山県,和歌山県 中小企業 デジタル販促会社 -おすすめ -比較 -ランキング -求人 -まとめ
【必読】 和歌山県 が大型支援策（補助金、助成金等）を公表 ...,https://www.yano-support.com/w-subsidy/wakayama-hojokin2026big/,,,,和歌山県,和歌山県 中小企業 デジタル販促会社 -おすすめ -比較 -ランキング -求人 -まとめ
和歌山県 および公益財団法人わかやま産業振興財団との ...,https://www.kiyobank.co.jp/business/get_pdf.php?f=00002748,,,,和歌山県,和歌山県 中小企業 デジタル販促会社 -おすすめ -比較 -ランキング -求人 -まとめ
10月16日【木】売上UPにつながる「 デジタル ・A I 活用業務効率 ...,https://www.kainan-cci.or.jp/?p=6431,,,,和歌山県,和歌山県 中小企業 デジタル販促会社 -おすすめ -比較 -ランキング -求人 -まとめ
令和6年度  規模事業者の自走化伴走 支援 事業（概要）,https://www.pref.tottori.lg.jp/secure/1368892/bessi%20gaiyou.pdf,,,,鳥取県,鳥取県 地域広告代理店 デジタル支援 -おすすめ -比較 -ランキング -求人 -まとめ
鳥取県 ×WEBマーケティング・ デジタル マーケティングのM&A案件 ...,https://www.tranbi.com/buy/list/division_prefecture/79/31/,,,,鳥取県,鳥取県 地域広告代理店 デジタル支援 -おすすめ -比較 -ランキング -求人 -まとめ
デジタル マーケティング・集客専門,https://nashuka.com/about/,,,,鳥取県,鳥取県 地域広告代理店 デジタル支援 -おすすめ -比較 -ランキング -求人 -まとめ
(有)アドセンターパル 代表取締役 中井史生氏（ 鳥取 ）,https://mgz.doyu.jp/hiraku/2022/1221/221221-172533,,,,鳥取県,鳥取県 地域広告代理店 デジタル支援 -おすすめ -比較 -ランキング -求人 -まとめ
令和7年度特定居住 支援 法人による 二 地域 居住等の促進に向けた ...,https://www.mlit.go.jp/kokudoseisaku/chisei/content/001999182.pdf,,,,鳥取県,鳥取県 地域広告代理店 デジタル支援 -おすすめ -比較 -ランキング -求人 -まとめ
株式 会社 COME TREES代表取締役 二木春香 講演実績,https://cometrees.jp/archives/5633,,,,鳥取県,鳥取県 PR会社 SNSマーケティング -おすすめ -比較 -ランキング -求人 -まとめ
鳥取県 「県内企業人材確保力アップセミナー」 SNS 活用研修 ...,https://tottori-step.jp/step.cgi?acc=detail&no=1464934267&t=1292249216,,,,鳥取県,鳥取県 PR会社 SNSマーケティング -おすすめ -比較 -ランキング -求人 -まとめ
鳥取 海外販路開拓ー SNS ・運用型広告配信及び分析,https://www.communa-td.net/contents/2126,,,,鳥取県,鳥取県 PR会社 SNSマーケティング -おすすめ -比較 -ランキング -求人 -まとめ
会社 概要,https://www.right-s.net/aboutus/,,,,鳥取県,鳥取県 クリエイティブ会社 Webマーケティング -おすすめ -比較 -ランキング -求人 -まとめ
地域課題の解決を目指す 「地域デザインファクトリー」 2025第1弾 ...,https://c-m.co.jp/information/thinc-growth/2406/,,,,鳥取県,鳥取県 クリエイティブ会社 Webマーケティング -おすすめ -比較 -ランキング -求人 -まとめ
ホームページ 制作 会社 鳥取県 [ HP制作 会社 ナビ ],https://www.hpmc-navi.com/tottori.html,,,,鳥取県,鳥取県 クリエイティブ会社 Webマーケティング -おすすめ -比較 -ランキング -求人 -まとめ
「大山エリアの地域 ブランディング について」 株式 会社 ブランド ...,https://www.chugoku.meti.go.jp/r5fy/event/automobile/pdf/240104.pdf,,,,鳥取県,鳥取県 ブランディング会社 Web集客 -おすすめ -比較 -ランキング -求人 -まとめ
コンセプト,https://its-office.jp/concept/,,,,鳥取県,鳥取県 ブランディング会社 Web集客 -おすすめ -比較 -ランキング -求人 -まとめ
鳥取県 鳥取市を拠点とする Web デザイン たびデザイン,https://www.tabi-design.jp/,,,,鳥取県,鳥取県 ブランディング会社 Web集客 -おすすめ -比較 -ランキング -求人 -まとめ
全国対応いたします！,https://jp.attlabo.com/,,,,鳥取県,鳥取県 ブランディング会社 Web集客 -おすすめ -比較 -ランキング -求人 -まとめ
SNS運用サポートサービス,https://lifefix.co.jp/service/2035/,,,,鳥取県,鳥取県 コンテンツマーケティング 支援会社 -おすすめ -比較 -ランキング -求人 -まとめ
SERVICE – Workplays,https://workplays.jp/service/,,,,鳥取県,鳥取県 コンテンツマーケティング 支援会社 -おすすめ -比較 -ランキング -求人 -まとめ
鳥取 のSEO対策のプロフェッショナル「Webもり」あなたの ...,https://masa-ka.net/service/seo,,,,鳥取県,鳥取県 コンテンツマーケティング 支援会社 -おすすめ -比較 -ランキング -求人 -まとめ
ローン受付から契約までWeb完結する仕組みを共同構築 新型コロナ ...,https://www.ad-sail.jp/review/tottori_bank/,,,,鳥取県,鳥取県 LINE CRM マーケティング会社 -おすすめ -比較 -ランキング -求人 -まとめ
LINE LOCAL DAY 2022 〜店舗とお客様のつながりの深化〜,https://linelocalday.com/2022/,,,,鳥取県,鳥取県 LINE CRM マーケティング会社 -おすすめ -比較 -ランキング -求人 -まとめ
Webconnect,https://webconnect.site/,,,,鳥取県,鳥取県 動画広告 マーケティング会社 -おすすめ -比較 -ランキング -求人 -まとめ
Movie 映像制作・編集,https://greiner.co.jp/service/movie/,,,,鳥取県,鳥取県 動画広告 マーケティング会社 -おすすめ -比較 -ランキング -求人 -まとめ
動画 制作,https://www.merit-inc.co/douga-seisaku/,,,,鳥取県,鳥取県 動画広告 マーケティング会社 -おすすめ -比較 -ランキング -求人 -まとめ
マジックプラス 動画 制作課,https://media.magic-plus.net/,,,,鳥取県,鳥取県 動画広告 マーケティング会社 -おすすめ -比較 -ランキング -求人 -まとめ
明石ガクト氏 講演会『人口最少の 鳥取県 からでも一発逆転 ...,https://hayabusa-lab.com/event/akasigakuto_lecture/,,,,鳥取県,鳥取県 インフルエンサー マーケティング会社 -おすすめ -比較 -ランキング -求人 -まとめ
よくある質問,https://www.miracleone.net/%E3%82%88%E3%81%8F%E3%81%82%E3%82%8B%E8%B3%AA%E5%95%8F,,,,鳥取県,鳥取県 インフルエンサー マーケティング会社 -おすすめ -比較 -ランキング -求人 -まとめ
各業界の先進事例から学ぶオンライントークイベント 『#好きだから ...,https://www.tribalmedia.co.jp/news/2020-10-01-18773/,,,,鳥取県,鳥取県 インフルエンサー マーケティング会社 -おすすめ -比較 -ランキング -求人 -まとめ
【 鳥取県 産業振興機構主催】 「2025年度 今こそ見直し！事業の集客 ...,https://jairo.co.jp/new-seminar/23139/,,,,鳥取県,鳥取県 採用マーケティング SNS支援 -おすすめ -比較 -ランキング -求人 -まとめ
新着情報 – ページ 3 – 公益財団法人 鳥取県 産業振興機構,https://www.toriton.or.jp/all-information/page/3/,,,,鳥取県,鳥取県 採用マーケティング SNS支援 -おすすめ -比較 -ランキング -求人 -まとめ
補助金・助成金,https://tottori-cci.or.jp/subsidies-grants/,,,,鳥取県,鳥取県 中小企業 デジタル販促会社 -おすすめ -比較 -ランキング -求人 -まとめ
倉吉市 中小企業 DX推進業務の公募型プロポーザルの実施について,https://www.city.kurayoshi.lg.jp/12767.htm,,,,鳥取県,鳥取県 中小企業 デジタル販促会社 -おすすめ -比較 -ランキング -求人 -まとめ
東京印刷株式 会社 と株式 会社 エッグ業務連携協定締結のお知らせ,https://egg.co.jp/news/news_20260212.html?20260212,,,,鳥取県,鳥取県 中小企業 デジタル販促会社 -おすすめ -比較 -ランキング -求人 -まとめ
Features 選ばれる理由,https://hiniarata.jp/features/,,,,島根県,島根県 地域広告代理店 デジタル支援 -おすすめ -比較 -ランキング -求人 -まとめ
令和4年度契約情報の公表,https://www.pref.shimane.lg.jp/admin/bid/contract/cont_shoko/keiyaku.data/0404shoukou_zuikei_11.pdf,,,,島根県,島根県 地域広告代理店 デジタル支援 -おすすめ -比較 -ランキング -求人 -まとめ
会社案内,https://www.pc-egg.com/company,,,,島根県,島根県 地域広告代理店 デジタル支援 -おすすめ -比較 -ランキング -求人 -まとめ
令和8年度中小企業等海外展開 支援 事業費補助金【公募中】,https://shoko-shimane.or.jp/2026/05/13/9624/,,,,島根県,島根県 地域広告代理店 デジタル支援 -おすすめ -比較 -ランキング -求人 -まとめ
フジキコーポレーション株式 会社 様,https://pro-shimane.jp/case/c001/,,,,島根県,島根県 PR会社 SNSマーケティング -おすすめ -比較 -ランキング -求人 -まとめ
【山陰広告賞2025 インタラクティブ部門金賞】 島根県 観光振興課 ...,https://www.imj.co.jp/works/1188/,,,,島根県,島根県 PR会社 SNSマーケティング -おすすめ -比較 -ランキング -求人 -まとめ
二木春香,https://cometreesmail.com/,,,,島根県,島根県 PR会社 SNSマーケティング -おすすめ -比較 -ランキング -求人 -まとめ
二木拓磨,https://www.yorozu-shimane.go.jp/coordinators/c004,,,,島根県,島根県 PR会社 SNSマーケティング -おすすめ -比較 -ランキング -求人 -まとめ
業務紹介,https://www.hitotsu-web.jp/business/,,,,島根県,島根県 PR会社 SNSマーケティング -おすすめ -比較 -ランキング -求人 -まとめ
インフルエンサー マーケティング のFISM、 島根県 と連携し「しまね ...,https://fisminc.com/news/%E3%82%A4%E3%83%B3%E3%83%95%E3%83%AB%E3%82%A8%E3%83%B3%E3%82%B5%E3%83%BC%E3%83%9E%E3%83%BC%E3%82%B1%E3%83%86%E3%82%A3%E3%83%B3%E3%82%B0%E3%81%AEfism%E3%80%81%E5%B3%B6%E6%A0%B9%E7%9C%8C%E3%81%A8/,,,,島根県,島根県 PR会社 SNSマーケティング -おすすめ -比較 -ランキング -求人 -まとめ
Work,https://brug.jp/work,,,,島根県,島根県 クリエイティブ会社 Webマーケティング -おすすめ -比較 -ランキング -求人 -まとめ
SNS広告運用代行,https://likg.co.jp/service/sns-ads/,,,,島根県,島根県 クリエイティブ会社 Webマーケティング -おすすめ -比較 -ランキング -求人 -まとめ
Webマーケティング 相談会の開催,https://www.s-itoc.jp/support/digital/digital-innovation/digital-innovation-seminar/1194,,,,島根県,島根県 クリエイティブ会社 Webマーケティング -おすすめ -比較 -ランキング -求人 -まとめ
集客 サイト制作,https://kankyodigital-sol.jp/eds/service_site/,,,,島根県,島根県 ブランディング会社 Web集客 -おすすめ -比較 -ランキング -求人 -まとめ
島根 県内の対応エリア,https://infinimum.net/flow/shimane/,,,,島根県,島根県 ブランディング会社 Web集客 -おすすめ -比較 -ランキング -求人 -まとめ
会社 情報,https://avant-brand.co.jp/company,,,,島根県,島根県 ブランディング会社 Web集客 -おすすめ -比較 -ランキング -求人 -まとめ
島根県 (松江 浜田 出雲)のホームページ制作が格安月額500円～,https://www.syachi9.black/service_list/shimane-hp/,,,,島根県,島根県 ブランディング会社 Web集客 -おすすめ -比較 -ランキング -求人 -まとめ
デザインの力で地方を元気に！@ 島根,https://l4d.jp/blog/blog-28/,,,,島根県,島根県 ブランディング会社 Web集客 -おすすめ -比較 -ランキング -求人 -まとめ
コンテンツマーケティング の 支援,https://thinkaphase.co.jp/works/content-marketing/,,,,島根県,島根県 コンテンツマーケティング 支援会社 -おすすめ -比較 -ランキング -求人 -まとめ
会社 概要,https://jimohack.com/guide/law/,,,,島根県,島根県 コンテンツマーケティング 支援会社 -おすすめ -比較 -ランキング -求人 -まとめ
【清水妙子さん】Iターン×トレンダーズ,https://www.teiju-ohda.jp/news/reading/trenders-shimizusan,,,,島根県,島根県 インフルエンサー マーケティング会社 -おすすめ -比較 -ランキング -求人 -まとめ
ビジネスを成長させるSNS マーケティング ＆MEO対策サービス,https://shimane.ai/snsmeo/,,,,島根県,島根県 インフルエンサー マーケティング会社 -おすすめ -比較 -ランキング -求人 -まとめ
company,https://omot.co.jp/company/,,,,島根県,島根県 インフルエンサー マーケティング会社 -おすすめ -比較 -ランキング -求人 -まとめ
About,https://lafstoic.co.jp/about/,,,,島根県,島根県 動画広告 マーケティング会社 -おすすめ -比較 -ランキング -求人 -まとめ
動画 制作,https://masudakohboh.com/tag/%E5%8B%95%E7%94%BB%E5%88%B6%E4%BD%9C,,,,島根県,島根県 動画広告 マーケティング会社 -おすすめ -比較 -ランキング -求人 -まとめ
ポリテクセンター 島根,https://www3.jeed.go.jp/shimane/poly/or3a63000000nuz9-att/or3a63000000nv61.pdf,,,,島根県,島根県 採用マーケティング SNS支援 -おすすめ -比較 -ランキング -求人 -まとめ
中期経営計画 -2026年3月期,https://irtv.jp/wp-content/uploads/2023/05/%E3%83%88%E3%83%AC%E3%83%B3%E3%82%BF%E3%82%99%E3%83%BC%E3%82%B9%E3%82%99-2023%E5%B9%B43%E6%9C%88%E6%9C%9F-%E9%80%9A%E6%9C%9F%E6%B1%BA%E7%AE%97%E8%AA%AC%E6%98%8E%E8%B3%87%E6%96%99.pdf,,,,島根県,島根県 採用マーケティング SNS支援 -おすすめ -比較 -ランキング -求人 -まとめ
5/15『副業・兼業プロ人材活用個別相談会』開催のご案内※募集は ...,https://www.joho-shimane.or.jp/news/wanted_seminar/11573,,,,島根県,島根県 採用マーケティング SNS支援 -おすすめ -比較 -ランキング -求人 -まとめ
S23_16_chuugoku,https://s23.jizokukahojokin.info/doc/saitaku16/s23_16_chuugoku.pdf,,,,島根県,島根県 中小企業 デジタル販促会社 -おすすめ -比較 -ランキング -求人 -まとめ
販路開拓支援事業補助金,https://www.city.matsue.lg.jp/soshikikarasagasu/sangyokeizaibu_matsuesangyoshiencenter/130.html,,,,島根県,島根県 中小企業 デジタル販促会社 -おすすめ -比較 -ランキング -求人 -まとめ
支援実績紹介,https://www.itc-expert.jp/suppor-tachievement/,,,,島根県,島根県 中小企業 デジタル販促会社 -おすすめ -比較 -ランキング -求人 -まとめ
岡山 のWEB 広告代理店 をお探しなら費用対効果を追求する,https://www.norad.co.jp/web-advertising/,,,,岡山県,岡山県 地域広告代理店 デジタル支援 -おすすめ -比較 -ランキング -求人 -まとめ
株式会社第一エージェンシー 岡山 支社,https://www.optic.or.jp/navi_company/com/m/company_detail/index/1523.html,,,,岡山県,岡山県 地域広告代理店 デジタル支援 -おすすめ -比較 -ランキング -求人 -まとめ
WEBマーケティング 支援,https://www.tcc.works/promotion/web-digital/web_marketing/,,,,岡山県,岡山県 地域広告代理店 デジタル支援 -おすすめ -比較 -ランキング -求人 -まとめ
岡山 で働く子育て家族のためのコミュニティサイト 「かぞくと」,https://www.dia.ne.jp/news/24092401/,,,,岡山県,岡山県 地域広告代理店 デジタル支援 -おすすめ -比較 -ランキング -求人 -まとめ
事業紹介,https://www.meisensha.co.jp/business/,,,,岡山県,岡山県 地域広告代理店 デジタル支援 -おすすめ -比較 -ランキング -求人 -まとめ
令和6年度 岡山 市市民活動リーダー養成講座 「見る人に伝わる広報 ...,https://www.city.okayama.jp/shisei/cmsfiles/contents/0000060/60668/20240527_leaderSNS.pdf,,,,岡山県,岡山県 PR会社 SNSマーケティング -おすすめ -比較 -ランキング -求人 -まとめ
首都圏アンテナショップの活用,https://www.pref.okayama.jp/site/2516/index-2.html,,,,岡山県,岡山県 PR会社 SNSマーケティング -おすすめ -比較 -ランキング -求人 -まとめ
株式 会社 ウェブおかやま,https://mimabiz.com/company/web-okayama/,,,,岡山県,岡山県 PR会社 SNSマーケティング -おすすめ -比較 -ランキング -求人 -まとめ
web マーケティング,https://www.naigai-net.co.jp/digital/web_marketing.html,,,,岡山県,岡山県 PR会社 SNSマーケティング -おすすめ -比較 -ランキング -求人 -まとめ
MOVIE動画制作・ドローン,https://www.web-okayama.jp/movie/,,,,岡山県,岡山県 PR会社 SNSマーケティング -おすすめ -比較 -ランキング -求人 -まとめ
岡山 のホームページ制作 会社,https://www.okayama-homepage.com/,,,,岡山県,岡山県 ブランディング会社 Web集客 -おすすめ -比較 -ランキング -求人 -まとめ
会社 情報,https://o-nitty-gritty.com/company/,,,,岡山県,岡山県 ブランディング会社 Web集客 -おすすめ -比較 -ランキング -求人 -まとめ
女性経営者向け,https://www.crea-coco.com/tag/%E5%A5%B3%E6%80%A7%E7%B5%8C%E5%96%B6%E8%80%85%E5%90%91%E3%81%91/,,,,岡山県,岡山県 ブランディング会社 Web集客 -おすすめ -比較 -ランキング -求人 -まとめ
SERVICE（サービス）,https://switch.am/service/,,,,岡山県,岡山県 ブランディング会社 Web集客 -おすすめ -比較 -ランキング -求人 -まとめ
REASON,https://www.code54.net/reason,,,,岡山県,岡山県 ブランディング会社 Web集客 -おすすめ -比較 -ランキング -求人 -まとめ
集客 、採用、 ブランディング につながるブログのノウハウ伝えます,https://www.gofield.co.jp/blog/blog/entry-1222.html,,,,岡山県,岡山県 ブランディング会社 Web集客 -おすすめ -比較 -ランキング -求人 -まとめ
女性起業家のための ブランディング コンサルタント,https://mizobatamari.com/profile2019/,,,,岡山県,岡山県 ブランディング会社 Web集客 -おすすめ -比較 -ランキング -求人 -まとめ
会社 案内,https://www.easy-juku.com/about/company/,,,,岡山県,岡山県 ブランディング会社 Web集客 -おすすめ -比較 -ランキング -求人 -まとめ
Web システム開発・DX事業,https://web3.co.jp/service/system-dx/,,,,岡山県,岡山県 クリエイティブ会社 Webマーケティング -おすすめ -比較 -ランキング -求人 -まとめ
HONE DESIGN,https://hone-design.jp/,,,,岡山県,岡山県 クリエイティブ会社 Webマーケティング -おすすめ -比較 -ランキング -求人 -まとめ
合同 会社 TEGOU（テゴウ）,https://tegou-web.com/,,,,岡山県,岡山県 クリエイティブ会社 Webマーケティング -おすすめ -比較 -ランキング -求人 -まとめ
事業内容紹介,https://mediacreate.co.jp/index.php?mode=service,,,,岡山県,岡山県 クリエイティブ会社 Webマーケティング -おすすめ -比較 -ランキング -求人 -まとめ
岡山 の解体工事 会社 のサイトリニューアル・Web マーケティング支援,https://gridge.jp/works/active/,,,,岡山県,岡山県 コンテンツマーケティング 支援会社 -おすすめ -比較 -ランキング -求人 -まとめ
第62回 岡山 WEBクリエイターズ「Web マーケティング 最新動向」,https://www.okaweb.jp/20260418-1.html,,,,岡山県,岡山県 コンテンツマーケティング 支援会社 -おすすめ -比較 -ランキング -求人 -まとめ
私たちについて,https://layup.info/about/,,,,岡山県,岡山県 コンテンツマーケティング 支援会社 -おすすめ -比較 -ランキング -求人 -まとめ
【受賞のお知らせ】ZUTTOが 「 コンテンツマーケティング ...,https://zutto-hiroshima.jp/news/1881/,,,,岡山県,岡山県 コンテンツマーケティング 支援会社 -おすすめ -比較 -ランキング -求人 -まとめ
プレスリリース,https://www.fourglobe.co.jp/news_category/press-release/,,,,岡山県,岡山県 LINE CRM マーケティング会社 -おすすめ -比較 -ランキング -求人 -まとめ
【KITTE博多初】 LINEマーケティングCRM 「サブスクライン ...,https://gourmetpress.net/1131159/,,,,岡山県,岡山県 LINE CRM マーケティング会社 -おすすめ -比較 -ランキング -求人 -まとめ
住宅メーカーの LINE 活用改善事例,https://blog.cresclab.com/ja/success-case-kabaya,,,,岡山県,岡山県 LINE CRM マーケティング会社 -おすすめ -比較 -ランキング -求人 -まとめ
Web用CM,https://inp-group.p-kit.com/page525475.html,,,,岡山県,岡山県 動画広告 マーケティング会社 -おすすめ -比較 -ランキング -求人 -まとめ
会社 概要,https://sanyopr.co.jp/profile/,,,,岡山県,岡山県 動画広告 マーケティング会社 -おすすめ -比較 -ランキング -求人 -まとめ
WORK,https://arttv.co.jp/work/,,,,岡山県,岡山県 動画広告 マーケティング会社 -おすすめ -比較 -ランキング -求人 -まとめ
プロモーション,https://film-true.com/promotion/,,,,岡山県,岡山県 動画広告 マーケティング会社 -おすすめ -比較 -ランキング -求人 -まとめ
キャスティングオカヤマ: 岡山 のモデル・ インフルエンサー 起用,https://casting-okayama.jp/,,,,岡山県,岡山県 インフルエンサー マーケティング会社 -おすすめ -比較 -ランキング -求人 -まとめ
株式 会社 FW,https://fw-one.jp/,,,,岡山県,岡山県 インフルエンサー マーケティング会社 -おすすめ -比較 -ランキング -求人 -まとめ
ママ向けプロモーション& マーケティング 株式 会社 Days Promotion,https://www.dayspro.co.jp/service.html,,,,岡山県,岡山県 インフルエンサー マーケティング会社 -おすすめ -比較 -ランキング -求人 -まとめ
地元企業の魅力発信で 採用 力強化！ SNS 活用 支援 事業について,https://okayama-cci.or.jp/news/17722.html,,,,岡山県,岡山県 採用マーケティング SNS支援 -おすすめ -比較 -ランキング -求人 -まとめ
SNSマーケティング支援 なら株式会社SENTRIX（ 岡山 ）,https://sent-rix.com/,,,,岡山県,岡山県 採用マーケティング SNS支援 -おすすめ -比較 -ランキング -求人 -まとめ
デジタル 化による生産性向上等支援補助金を活用した集客戦略,https://kibidan-go.co.jp/14472/,,,,岡山県,岡山県 中小企業 デジタル販促会社 -おすすめ -比較 -ランキング -求人 -まとめ
真庭商工会ホームページ 岡山県 真庭市,https://www.maniwasci.or.jp/page/2/?attachment_id,,,,岡山県,岡山県 中小企業 デジタル販促会社 -おすすめ -比較 -ランキング -求人 -まとめ
小規模事業持続化補助金 岡山県 の採択事業者リスト,https://okhp.jp/web-hp/%E5%B0%8F%E8%A6%8F%E6%A8%A1%E4%BA%8B%E6%A5%AD%E6%8C%81%E7%B6%9A%E5%8C%96%E8%A3%9C%E5%8A%A9%E9%87%91%E3%80%80%E5%B2%A1%E5%B1%B1%E7%9C%8C%E3%81%AE%E6%8E%A1%E6%8A%9E%E4%BA%8B%E6%A5%AD%E8%80%85%E3%83%AA/,,,,岡山県,岡山県 中小企業 デジタル販促会社 -おすすめ -比較 -ランキング -求人 -まとめ
新着情報－補助金・助成金等,https://www.kura-cci.or.jp/category/wn-subsidy/,,,,岡山県,岡山県 中小企業 デジタル販促会社 -おすすめ -比較 -ランキング -求人 -まとめ
"4月, 2026",https://kumegun-sci.jp/2026/04,,,,岡山県,岡山県 中小企業 デジタル販促会社 -おすすめ -比較 -ランキング -求人 -まとめ
Case33 岡山県 公立小中学校教頭会 岡山大会要項,https://www.tomono.jp/works/case33/,,,,岡山県,岡山県 中小企業 デジタル販促会社 -おすすめ -比較 -ランキング -求人 -まとめ
会社案内,https://www.tetsudo-ad.co.jp/company/,,,,広島県,広島県 地域広告代理店 デジタル支援 -おすすめ -比較 -ランキング -求人 -まとめ
会社案内,https://tetsudo-ad.web-checker3.net/company/,,,,広島県,広島県 地域広告代理店 デジタル支援 -おすすめ -比較 -ランキング -求人 -まとめ
アイ・アンド・オー株式会社,https://www.i-and-o.jp/,,,,広島県,広島県 地域広告代理店 デジタル支援 -おすすめ -比較 -ランキング -求人 -まとめ
デジタル トランスフォーメーション推進・行財政対策特別委員会 ...,https://www.pref.hiroshima.lg.jp/site/gikai/iinkai-gaiyou-dejitaru03.html,,,,広島県,広島県 地域広告代理店 デジタル支援 -おすすめ -比較 -ランキング -求人 -まとめ
広島県 よろず支援拠点「集客・ PR 」相談窓口,https://www.yorozu-hiroshima.go.jp/coordinator-pr,,,,広島県,広島県 PR会社 SNSマーケティング -おすすめ -比較 -ランキング -求人 -まとめ
PR WEAVE,https://famz.letgroup.net/sdgs/directory/prweave,,,,広島県,広島県 PR会社 SNSマーケティング -おすすめ -比較 -ランキング -求人 -まとめ
広島県 のSEO対策・MEO対策・ SNSマーケティング,https://web-hiroshima.com/,,,,広島県,広島県 PR会社 SNSマーケティング -おすすめ -比較 -ランキング -求人 -まとめ
中谷 早織,https://hiroshima-starters.com/syoukai/post_108.html,,,,広島県,広島県 PR会社 SNSマーケティング -おすすめ -比較 -ランキング -求人 -まとめ
広島 で SNS 運用代行 会社 を探していませんか？,https://turtle-fit.jp/instagram-hiroshima-2/,,,,広島県,広島県 PR会社 SNSマーケティング -おすすめ -比較 -ランキング -求人 -まとめ
株式 会社 みつぎについて,https://hd.mitsugi-inc.com/company/,,,,広島県,広島県 クリエイティブ会社 Webマーケティング -おすすめ -比較 -ランキング -求人 -まとめ
デザイン業,https://www.hitec.city.hiroshima.jp/ichiran.php?gyo=L&p=2,,,,広島県,広島県 クリエイティブ会社 Webマーケティング -おすすめ -比較 -ランキング -求人 -まとめ
広島 の ホームページ 制作・運用 株式 会社 レイアウトのコンセプト,https://www.layout-web.com/concept/,,,,広島県,広島県 クリエイティブ会社 Webマーケティング -おすすめ -比較 -ランキング -求人 -まとめ
自社発・地域活性化のミッション実現に挑む,https://www.marketing-unit.jp/casestudy/4346/,,,,広島県,広島県 ブランディング会社 Web集客 -おすすめ -比較 -ランキング -求人 -まとめ
広島県 豊田郡のホームページ制作に対応,https://humhum.co.jp/web/area/hiroshima-toyotagun/,,,,広島県,広島県 ブランディング会社 Web集客 -おすすめ -比較 -ランキング -求人 -まとめ
WEB サイト・ホームページの 集客 はパブリック情報設計事務所,https://marketing.hiroshima.jp/,,,,広島県,広島県 ブランディング会社 Web集客 -おすすめ -比較 -ランキング -求人 -まとめ
デザイン制作,https://m-hands.net/service/design/,,,,広島県,広島県 ブランディング会社 Web集客 -おすすめ -比較 -ランキング -求人 -まとめ
合同 会社 八千代に 会社 概要,https://infinitedp.ltd/about,,,,広島県,広島県 ブランディング会社 Web集客 -おすすめ -比較 -ランキング -求人 -まとめ
Web マーケティング 環境整備 支援 事業・助成金に係る伴走 支援 の ...,https://www.active-hiroshima.jp/activenews/31277/,,,,広島県,広島県 コンテンツマーケティング 支援会社 -おすすめ -比較 -ランキング -求人 -まとめ
会社 概要・アクセス,https://www.aida-consulting.net/company/,,,,広島県,広島県 コンテンツマーケティング 支援会社 -おすすめ -比較 -ランキング -求人 -まとめ
「FlexCRM」と「Re:lation」が連携,https://www.gflex.co.jp/news/flexcrm-relation/,,,,広島県,広島県 LINE CRM マーケティング会社 -おすすめ -比較 -ランキング -求人 -まとめ
売れる仕組みづくり,https://www.phonogram.co.jp/service/digital-marketing,,,,広島県,広島県 LINE CRM マーケティング会社 -おすすめ -比較 -ランキング -求人 -まとめ
【6月29日(月)19:00~】渋谷マーケターコミュニティ ...,https://peatix.com/event/4971042?lang=ja-jp,,,,広島県,広島県 LINE CRM マーケティング会社 -おすすめ -比較 -ランキング -求人 -まとめ
お問い合わせ,https://mi-rai.co.jp/contact,,,,広島県,広島県 LINE CRM マーケティング会社 -おすすめ -比較 -ランキング -求人 -まとめ
広島県 東広島市、『+DIRECT』のセグメント機能を活用した ...,https://corporate-site-public-bucket.s3.ap-northeast-1.amazonaws.com/images/info/news_20201009.pdf,,,,広島県,広島県 LINE CRM マーケティング会社 -おすすめ -比較 -ランキング -求人 -まとめ
映像制作,https://actad.co.jp/project_category/project_movie/,,,,広島県,広島県 動画広告 マーケティング会社 -おすすめ -比較 -ランキング -求人 -まとめ
広島 映像制作,https://hiroshima-video.com/,,,,広島県,広島県 動画広告 マーケティング会社 -おすすめ -比較 -ランキング -求人 -まとめ
広島 ホームテレビ WEB マーケティング 支援サイト テレビCMのご ...,https://www.home-tv.co.jp/home/digital-sales/,,,,広島県,広島県 動画広告 マーケティング会社 -おすすめ -比較 -ランキング -求人 -まとめ
会社概要 (株)エル・コ 広島 の企画 マーケティング会社 (印刷・WEB ...,https://www.l-co.co.jp/about,,,,広島県,広島県 動画広告 マーケティング会社 -おすすめ -比較 -ランキング -求人 -まとめ
MEDIA,https://t-cre.com/marketing/,,,,広島県,広島県 動画広告 マーケティング会社 -おすすめ -比較 -ランキング -求人 -まとめ
広島広告 企画制作賞 受賞作品,https://www.hiroshima-ad.jp/prize,,,,広島県,広島県 動画広告 マーケティング会社 -おすすめ -比較 -ランキング -求人 -まとめ
業務実績,https://www.sogo-ad.net/portfolio/,,,,広島県,広島県 動画広告 マーケティング会社 -おすすめ -比較 -ランキング -求人 -まとめ
うえむらちかが手がける インフルエンサーマーケティング,https://www.chikaristore.com/influencer/,,,,広島県,広島県 インフルエンサー マーケティング会社 -おすすめ -比較 -ランキング -求人 -まとめ
ウエルストンプロモーションは 広島 のモデル・ インフルエンサー ...,https://wspinc.co.jp/about/,,,,広島県,広島県 インフルエンサー マーケティング会社 -おすすめ -比較 -ランキング -求人 -まとめ
【トラストカウンター】加盟工務店舗が200件突破,https://trust-lead.com/archives/news/1211-02,,,,広島県,広島県 インフルエンサー マーケティング会社 -おすすめ -比較 -ランキング -求人 -まとめ
SNS 運用代行,https://nexum.co.jp/sns/,,,,広島県,広島県 インフルエンサー マーケティング会社 -おすすめ -比較 -ランキング -求人 -まとめ
【 広島 発】 SNS 動画とXR技術を活用した若者の新たな就活を実現 ...,https://berise.co.jp/blog/berise_clarkn/,,,,広島県,広島県 採用マーケティング SNS支援 -おすすめ -比較 -ランキング -求人 -まとめ
100人インタビュー,https://hiroshima-dx.jp/100interview/,,,,広島県,広島県 中小企業 デジタル販促会社 -おすすめ -比較 -ランキング -求人 -まとめ
専門相談（専門家による無料相談窓口）,https://www.hiroshimacci.or.jp/executive/management/soudan/,,,,広島県,広島県 中小企業 デジタル販促会社 -おすすめ -比較 -ランキング -求人 -まとめ
株式 会社 マエダハウジング（ 広島県 ）,https://www.nihonsousei.jp/wp-content/uploads/2023/05/8e905bf4b1447ea0193163eb60bb636e.pdf,,,,広島県,広島県 中小企業 デジタル販促会社 -おすすめ -比較 -ランキング -求人 -まとめ
山口県 で デジタル マーケティング 支援,https://www.eachvista.co.jp/faq,,,,山口県,山口県 地域広告代理店 デジタル支援 -おすすめ -比較 -ランキング -求人 -まとめ
二藤 正和,https://sogyonomado.jp/founders/%E4%BA%8C%E8%97%A4-%E6%AD%A3%E5%92%8C/,,,,山口県,山口県 地域広告代理店 デジタル支援 -おすすめ -比較 -ランキング -求人 -まとめ
hit creative office llc.,http://www.hitcr.com/about-us.html,,,,山口県,山口県 地域広告代理店 デジタル支援 -おすすめ -比較 -ランキング -求人 -まとめ
山口県 の屋外 広告 ・OOHは 街のLED看板で,https://machiai-tokuyama.com/lp/ledad-service-machiai01/,,,,山口県,山口県 地域広告代理店 デジタル支援 -おすすめ -比較 -ランキング -求人 -まとめ
【オフィス】情報・通信産業等 支援 補助金の概要,https://www.city.shunan.lg.jp/soshiki/32/16664.html,,,,山口県,山口県 地域広告代理店 デジタル支援 -おすすめ -比較 -ランキング -求人 -まとめ
【ご提案】トライアングルで 広告 を！～様々なアングルから貴社の ...,https://tryangle.yamaguchi.jp/ad-in-tryangle,,,,山口県,山口県 地域広告代理店 デジタル支援 -おすすめ -比較 -ランキング -求人 -まとめ
審査員紹介,https://setouchi-dgp.com/yamaguchi/profile.html,,,,山口県,山口県 地域広告代理店 デジタル支援 -おすすめ -比較 -ランキング -求人 -まとめ
山口県 中小企業団体中央会 SNS で使える! 動画制作スキルを身につけ ...,https://axis.or.jp/wp-content/uploads/2022/09/94e40efb779b16cd9ccb0ea3e1411ce5.pdf,,,,山口県,山口県 PR会社 SNSマーケティング -おすすめ -比較 -ランキング -求人 -まとめ
PRODUCE,https://www.springbless.com/p12-produce/index.html,,,,山口県,山口県 PR会社 SNSマーケティング -おすすめ -比較 -ランキング -求人 -まとめ
株式 会社 GACO: ホーム,https://gaco.jp/,,,,山口県,山口県 PR会社 SNSマーケティング -おすすめ -比較 -ランキング -求人 -まとめ
SNS マーケッター養成講座 – 今までの取り組み,https://nagato-kigyoyuchi.com/projects/mk_school.html,,,,山口県,山口県 PR会社 SNSマーケティング -おすすめ -比較 -ランキング -求人 -まとめ
株式 会社 コア,https://itlink-yamaguchi.info/company/%E6%A0%AA%E5%BC%8F%E4%BC%9A%E7%A4%BE%E3%82%B3%E3%82%A2/,,,,山口県,山口県 クリエイティブ会社 Webマーケティング -おすすめ -比較 -ランキング -求人 -まとめ
事業内容,https://www.fujimoto-p.com/service.html,,,,山口県,山口県 クリエイティブ会社 Webマーケティング -おすすめ -比較 -ランキング -求人 -まとめ
メンバー紹介,https://ohba-cr.co.jp/member/,,,,山口県,山口県 クリエイティブ会社 Webマーケティング -おすすめ -比較 -ランキング -求人 -まとめ
制作パートナー,https://shopserve.estore.jp/creative-partner/,,,,山口県,山口県 クリエイティブ会社 Webマーケティング -おすすめ -比較 -ランキング -求人 -まとめ
山口県 のプロクリエイターへ外注・依頼・相談する,https://creative.liberta-inc.com/creator-area/yamaguchi/,,,,山口県,山口県 クリエイティブ会社 Webマーケティング -おすすめ -比較 -ランキング -求人 -まとめ
WORKS】 山口県 ホームページ制作 ブランディング デザイン 会社,https://www.getgogo.jp/works/78,,,,山口県,山口県 ブランディング会社 Web集客 -おすすめ -比較 -ランキング -求人 -まとめ
ホームページ制作 会社 山口県 山口市 インターネットビジネス専門の ...,https://www.d-sky.jp/works/services02.html,,,,山口県,山口県 ブランディング会社 Web集客 -おすすめ -比較 -ランキング -求人 -まとめ
山口県 山口市のホームページ制作・AI導入サポート（DX）・ロゴ ...,https://puzzle-web.jp/,,,,山口県,山口県 ブランディング会社 Web集客 -おすすめ -比較 -ランキング -求人 -まとめ
WEB サイト制作,https://koko-pro.com/web,,,,山口県,山口県 ブランディング会社 Web集客 -おすすめ -比較 -ランキング -求人 -まとめ
ホームページ制作,https://miraicamera.co.jp/hp/,,,,山口県,山口県 ブランディング会社 Web集客 -おすすめ -比較 -ランキング -求人 -まとめ
スタッフ・パートナー,https://su-works.jp/staff/,,,,山口県,山口県 コンテンツマーケティング 支援会社 -おすすめ -比較 -ランキング -求人 -まとめ
ホームページ制作 会社 山口県,https://bslg.jp/web%E5%88%B6%E4%BD%9C%E3%83%BBseo%E5%AF%BE%E7%AD%96/%E3%83%9B%E3%83%BC%E3%83%A0%E3%83%9A%E3%83%BC%E3%82%B8%E5%88%B6%E4%BD%9C%E4%BC%9A%E7%A4%BE-%E5%B1%B1%E5%8F%A3%E7%9C%8C/,,,,山口県,山口県 コンテンツマーケティング 支援会社 -おすすめ -比較 -ランキング -求人 -まとめ
WEB開発・WEBサイト制作,https://www.siy.co.jp/web/,,,,山口県,山口県 コンテンツマーケティング 支援会社 -おすすめ -比較 -ランキング -求人 -まとめ
アールコンサルティング－ 会社 概要,https://r-consul.co.jp/company/index.html,,,,山口県,山口県 コンテンツマーケティング 支援会社 -おすすめ -比較 -ランキング -求人 -まとめ
ナインバレー株式 会社,https://ninevalley.biz/,,,,山口県,山口県 コンテンツマーケティング 支援会社 -おすすめ -比較 -ランキング -求人 -まとめ
【WEB制作】株式 会社コンテンツ,https://jinzai-career.com/works/17/detail,,,,山口県,山口県 コンテンツマーケティング 支援会社 -おすすめ -比較 -ランキング -求人 -まとめ
お問い合わせ,https://www.contents.gr.jp/inquiry/,,,,山口県,山口県 コンテンツマーケティング 支援会社 -おすすめ -比較 -ランキング -求人 -まとめ
メッセージ,https://digima.co.jp/pages/%E3%83%A1%E3%83%83%E3%82%BB%E3%83%BC%E3%82%B8-from-ceo,,,,山口県,山口県 LINE CRM マーケティング会社 -おすすめ -比較 -ランキング -求人 -まとめ
萩市のDX! SmartCity化を促進！萩市の社会インフラを萩市民全員で ...,https://phoneappli.net/2021/03/20210319-press.html,,,,山口県,山口県 LINE CRM マーケティング会社 -おすすめ -比較 -ランキング -求人 -まとめ
LINE 活用セミナー,https://www.funaisoken.co.jp/seminar/113069,,,,山口県,山口県 LINE CRM マーケティング会社 -おすすめ -比較 -ランキング -求人 -まとめ
サービス,https://kirara-m.com/services/,,,,山口県,山口県 動画広告 マーケティング会社 -おすすめ -比較 -ランキング -求人 -まとめ
動画 制作講座@ 山口県 中小企業団体中央会,https://noukan-switch.com/post-2506/,,,,山口県,山口県 動画広告 マーケティング会社 -おすすめ -比較 -ランキング -求人 -まとめ
動画 制作・映像制作 会社 GoQMovie,https://goq.movie/,,,,山口県,山口県 動画広告 マーケティング会社 -おすすめ -比較 -ランキング -求人 -まとめ
株式 会社 Kirara Marketing（きらら マーケティング ）,https://ymg-shigoto-ouen.jp/archives/interview/3387,,,,山口県,山口県 動画広告 マーケティング会社 -おすすめ -比較 -ランキング -求人 -まとめ
部門紹介ー制作部,https://www.ad-central.co.jp/recruit/production.html,,,,山口県,山口県 動画広告 マーケティング会社 -おすすめ -比較 -ランキング -求人 -まとめ
eachvista 株式会社,https://yamaguchi-trialwork.com/company/611/,,,,山口県,山口県 採用マーケティング SNS支援 -おすすめ -比較 -ランキング -求人 -まとめ
祖山 久美,https://yamaguchi-shokokai.or.jp/cp_expert/cp_expert-5569,,,,山口県,山口県 採用マーケティング SNS支援 -おすすめ -比較 -ランキング -求人 -まとめ
産業維新,https://www.pref.yamaguchi.lg.jp/uploaded/attachment/202566.pdf,,,,山口県,山口県 採用マーケティング SNS支援 -おすすめ -比較 -ランキング -求人 -まとめ
山口県 にて地域企業向け『社長の名は』から学ぶTikTok攻略 ...,https://ctow.co.jp/news/179,,,,山口県,山口県 採用マーケティング SNS支援 -おすすめ -比較 -ランキング -求人 -まとめ
地域再生計画 1 地域再生計画の名称 デジタル デバイド克服による ...,https://www.chisou.go.jp/tiiki/tiikisaisei/dai59nintei/plan/y576.pdf,,,,山口県,山口県 中小企業 デジタル販促会社 -おすすめ -比較 -ランキング -求人 -まとめ
会社 概要,https://703ad.jp/company/,,,,山口県,山口県 中小企業 デジタル販促会社 -おすすめ -比較 -ランキング -求人 -まとめ
徳島 の デジタル マーケティング会社sistail,https://sistail.jp/about,,,,徳島県,徳島県 地域広告代理店 デジタル支援 -おすすめ -比較 -ランキング -求人 -まとめ
美波町 広告 入り窓口用封筒 広告 募集,https://www.town.minami.lg.jp/docs/4561725.html,,,,徳島県,徳島県 地域広告代理店 デジタル支援 -おすすめ -比較 -ランキング -求人 -まとめ
ネットワーク,https://www.saylor.co.jp/network/,,,,徳島県,徳島県 地域広告代理店 デジタル支援 -おすすめ -比較 -ランキング -求人 -まとめ
エリアを絞り、 地域 で勝つ,https://keisosha.co.jp/local-marketing/,,,,徳島県,徳島県 地域広告代理店 デジタル支援 -おすすめ -比較 -ランキング -求人 -まとめ
Tokushima,https://www.our-think.or.jp/wp/wp-content/uploads/2023/12/0632a6094b9c2de51585395e2fa57b54.pdf,,,,徳島県,徳島県 地域広告代理店 デジタル支援 -おすすめ -比較 -ランキング -求人 -まとめ
【第39回月例会】「 PR 実績43万件の高成長サービスを作った 徳島 の ...,https://tibase.jp/2023/06/20/202308/,,,,徳島県,徳島県 PR会社 SNSマーケティング -おすすめ -比較 -ランキング -求人 -まとめ
マーケティング,https://mm-d.jp/service/marketing/,,,,徳島県,徳島県 PR会社 SNSマーケティング -おすすめ -比較 -ランキング -求人 -まとめ
【※募集は終了しました】 徳島県 小松島市地域おこし協力隊（地域 ...,https://www.city.komatsushima.lg.jp/kokogurashi/docs/chiikiokoshi.html,,,,徳島県,徳島県 PR会社 SNSマーケティング -おすすめ -比較 -ランキング -求人 -まとめ
徳島県 観光振興基本計画（第4期） 素案のポイント,https://www.pref.tokushima.lg.jp/file/attachment/832000.pdf,,,,徳島県,徳島県 PR会社 SNSマーケティング -おすすめ -比較 -ランキング -求人 -まとめ
協同組合 徳島ウェブ アソシエーション: TWA,https://tokushima-web-association.com/,,,,徳島県,徳島県 クリエイティブ会社 Webマーケティング -おすすめ -比較 -ランキング -求人 -まとめ
株式 会社 四国の右下木の会,https://mamezoudesign.com/archives/works/1944,,,,徳島県,徳島県 クリエイティブ会社 Webマーケティング -おすすめ -比較 -ランキング -求人 -まとめ
ホームページ制作,https://www.k-design2zz.com/web/,,,,徳島県,徳島県 ブランディング会社 Web集客 -おすすめ -比較 -ランキング -求人 -まとめ
集客 ・イベント運営 / Service,http://uzuinc.jp/service/event-support/,,,,徳島県,徳島県 ブランディング会社 Web集客 -おすすめ -比較 -ランキング -求人 -まとめ
企画室 ロイヤル・サービス,https://royal-web.co.jp/,,,,徳島県,徳島県 ブランディング会社 Web集客 -おすすめ -比較 -ランキング -求人 -まとめ
会社 概要,https://mediado.jp/about/profile/,,,,徳島県,徳島県 コンテンツマーケティング 支援会社 -おすすめ -比較 -ランキング -求人 -まとめ
株式 会社 ウズシオ,https://uzsh.io/,,,,徳島県,徳島県 コンテンツマーケティング 支援会社 -おすすめ -比較 -ランキング -求人 -まとめ
徳島県 鳴門市のWeb制作事務所「Design Office 遊心」,https://designofficeyushin.com/about-design-office-yushin/,,,,徳島県,徳島県 コンテンツマーケティング 支援会社 -おすすめ -比較 -ランキング -求人 -まとめ
講談社×朝日 広告 社のビジネスユニット Cステーション・ビズ,https://cstation.kodansha.co.jp/cstationbiz,,,,徳島県,徳島県 動画広告 マーケティング会社 -おすすめ -比較 -ランキング -求人 -まとめ
LINE セグメント配信でコスト削減！オートメーション化で売り上げ ...,https://www.line100.com/line-uriageup/,,,,徳島県,徳島県 LINE CRM マーケティング会社 -おすすめ -比較 -ランキング -求人 -まとめ
那賀町公式Webサイトリニューアル ― デジタルと自然が調和する ...,https://www.h-products.co.jp/works/tokushima-naka/,,,,徳島県,徳島県 LINE CRM マーケティング会社 -おすすめ -比較 -ランキング -求人 -まとめ
営業（ マーケティング ）変革コラム,https://www.mk-design.co.jp/marketing-column,,,,徳島県,徳島県 LINE CRM マーケティング会社 -おすすめ -比較 -ランキング -求人 -まとめ
子会社である  PIALab.が 徳島 支社「 徳島 おもてなし研究 ...,https://www.piala.co.jp/news/20180514/3053,,,,徳島県,徳島県 LINE CRM マーケティング会社 -おすすめ -比較 -ランキング -求人 -まとめ
徳島 いっちゃん – YUIプロダクション ライバー事務所,https://yuijp.com/talent/%F0%9F%8C%9D%E3%81%84%E3%81%8F%E3%81%93%F0%9F%AB%A1/,,,,徳島県,徳島県 インフルエンサー マーケティング会社 -おすすめ -比較 -ランキング -求人 -まとめ
株式 会社 トリドリとのビジネスマッチングにおける業務提携 ...,https://www.awabank.co.jp/about/news/2023/news20230803a/index.html,,,,徳島県,徳島県 インフルエンサー マーケティング会社 -おすすめ -比較 -ランキング -求人 -まとめ
株式 会社 EDIN,https://edin.jp/,,,,徳島県,徳島県 インフルエンサー マーケティング会社 -おすすめ -比較 -ランキング -求人 -まとめ
デジタル マー ティング ケ 体感セミナー,https://yorozu-tokushima.go.jp/wp-content/uploads/2026/01/7a9148f23c04acc948c1e94812aaef63.pdf,,,,徳島県,徳島県 採用マーケティング SNS支援 -おすすめ -比較 -ランキング -求人 -まとめ
新着情報,https://www.tokushimacci.or.jp/latest_information/,,,,徳島県,徳島県 採用マーケティング SNS支援 -おすすめ -比較 -ランキング -求人 -まとめ
阿波製紙の 採用SNS 運用事例,https://wakaru.biz/interview/awapaper/,,,,徳島県,徳島県 採用マーケティング SNS支援 -おすすめ -比較 -ランキング -求人 -まとめ
shitton-kagawa,https://www.shitton-kagawa.com/saylor,,,,香川県,香川県 地域広告代理店 デジタル支援 -おすすめ -比較 -ランキング -求人 -まとめ
webマーケティング,https://www.mmlab.co.jp/service/marketing/,,,,香川県,香川県 地域広告代理店 デジタル支援 -おすすめ -比較 -ランキング -求人 -まとめ
第4の柱 本県独自の企業誘致助成制度や税制優遇等による 支援,https://yuchi-100plan.pref.kagawa.lg.jp/plan/pillar4/,,,,香川県,香川県 地域広告代理店 デジタル支援 -おすすめ -比較 -ランキング -求人 -まとめ
広報・ PR,https://www.ad-big1.com/service/pr/,,,,香川県,香川県 PR会社 SNSマーケティング -おすすめ -比較 -ランキング -求人 -まとめ
株式 会社 フック（高松市対応）,https://huk-creative-jam.com/service/,,,,香川県,香川県 クリエイティブ会社 Webマーケティング -おすすめ -比較 -ランキング -求人 -まとめ
Web サイト制作(高松市),https://kagawa.bizloop.jp/c00001148/AREA605009/?preid=37&cid=00001148&areaid=AREA605009&page_id=0,,,,香川県,香川県 クリエイティブ会社 Webマーケティング -おすすめ -比較 -ランキング -求人 -まとめ
グラフィックデザイン学科,https://web.anabuki-college.net/department/design/graphicdesign/,,,,香川県,香川県 クリエイティブ会社 Webマーケティング -おすすめ -比較 -ランキング -求人 -まとめ
私たちについて,https://kagetu-net.com/%E4%BC%9A%E7%A4%BE%E6%A6%82%E8%A6%81/,,,,香川県,香川県 ブランディング会社 Web集客 -おすすめ -比較 -ランキング -求人 -まとめ
香川 でローコストのホームページ制作を希望なら当社にお任せ ...,https://dd.oidema-jp.com/kagawa-lowcost-website/,,,,香川県,香川県 ブランディング会社 Web集客 -おすすめ -比較 -ランキング -求人 -まとめ
結婚式場様対象,http://branche-bp.com/blog/2020/04/10/%E7%B5%90%E5%A9%9A%E5%BC%8F%E5%A0%B4%E6%A7%98%E5%AF%BE%E8%B1%A1%EF%BD%9C%E9%9B%86%E5%AE%A2%E5%BA%83%E5%91%8A%E8%A1%A8%E7%8F%BE%EF%BD%9C%E7%84%A1%E6%96%99%E7%9B%B8%E8%AB%87%E4%BC%9A%E5%88%9D%E9%96%8B/,,,,香川県,香川県 ブランディング会社 Web集客 -おすすめ -比較 -ランキング -求人 -まとめ
SNS運用代行,https://kagawalab.jaybe.co.jp/sns/,,,,香川県,香川県 ブランディング会社 Web集客 -おすすめ -比較 -ランキング -求人 -まとめ
香川県マーケティング支援 センター,https://www.pref.kagawa.lg.jp/sangyo/hanro/yyhmzj150306192831.html,,,,香川県,香川県 コンテンツマーケティング 支援会社 -おすすめ -比較 -ランキング -求人 -まとめ
香川県 高松市拠点の マーケティング ・サーチ 支援 企業,https://sigma-assist.jp/index.html,,,,香川県,香川県 コンテンツマーケティング 支援会社 -おすすめ -比較 -ランキング -求人 -まとめ
顧客管理・売上管理システム CTI連動可能 CRM SYSTEM,https://www.k-3u.com/item/crm_system.html,,,,香川県,香川県 LINE CRM マーケティング会社 -おすすめ -比較 -ランキング -求人 -まとめ
【9/26開催】サントリーホールディングスと語る『 LINE 活用×ID統合 ...,https://growthdata.co.jp/news/%E3%80%909-26%E9%96%8B%E5%82%AC%E3%80%91%E3%82%B5%E3%83%B3%E3%83%88%E3%83%AA%E3%83%BC%E3%83%9B%E3%83%BC%E3%83%AB%E3%83%87%E3%82%A3%E3%83%B3%E3%82%B0%E3%82%B9%E3%81%A8%E8%AA%9E%E3%82%8B%E3%80%8Eline/,,,,香川県,香川県 LINE CRM マーケティング会社 -おすすめ -比較 -ランキング -求人 -まとめ
トライハッチ、クラブネッツとのSNS販促領域における業務提携 ...,https://meo.tryhatch.co.jp/meo/gyoumuteikei-2,,,,香川県,香川県 LINE CRM マーケティング会社 -おすすめ -比較 -ランキング -求人 -まとめ
株式 会社 KMST,https://kmstdc.com/,,,,香川県,香川県 LINE CRM マーケティング会社 -おすすめ -比較 -ランキング -求人 -まとめ
株式 会社 一誠社 動画 制作事業,https://isseisha.co.jp/kagawakentakamatsushimovie/,,,,香川県,香川県 動画広告 マーケティング会社 -おすすめ -比較 -ランキング -求人 -まとめ
事業内容,https://justem.co.jp/service/,,,,香川県,香川県 動画広告 マーケティング会社 -おすすめ -比較 -ランキング -求人 -まとめ
Web マーケティング ・デザイン実践講座受講者募集,https://www.kagawa-isf.jp/event/18858/,,,,香川県,香川県 採用マーケティング SNS支援 -おすすめ -比較 -ランキング -求人 -まとめ
補助金コンサルティング,https://yoshikawakikaku.co.jp/consult/,,,,香川県,香川県 中小企業 デジタル販促会社 -おすすめ -比較 -ランキング -求人 -まとめ
パソコン・システム導入・ホームページ制作をご検討中の 企業 様へ,https://joseikin-takashima.com/grants/676.html,,,,香川県,香川県 中小企業 デジタル販促会社 -おすすめ -比較 -ランキング -求人 -まとめ
6言語に対応した デジタル サイネージで 香川県 高松市への訪日外国人 ...,https://www.dnp.co.jp/news/detail/1188331_1587.html,,,,香川県,香川県 中小企業 デジタル販促会社 -おすすめ -比較 -ランキング -求人 -まとめ
デジタル 化推進セミナー,https://www.hirata-cci.or.jp/wp/wp-content/uploads/2025/06/0828-%E3%83%87%E3%82%B8%E3%82%BF%E3%83%AB%E5%8C%96%E6%8E%A8%E9%80%B2%E3%82%BB%E3%83%9F%E3%83%8A%E3%83%BC.pdf,,,,香川県,香川県 中小企業 デジタル販促会社 -おすすめ -比較 -ランキング -求人 -まとめ
AboutUs,https://urinc1.com/aboutus/,,,,香川県,香川県 中小企業 デジタル販促会社 -おすすめ -比較 -ランキング -求人 -まとめ
広告 事業のご案内,https://www.pref.ehime.jp/page/4461.html,,,,愛媛県,愛媛県 地域広告代理店 デジタル支援 -おすすめ -比較 -ランキング -求人 -まとめ
総合 広告 事業,https://ixio.ltd/work.html,,,,愛媛県,愛媛県 地域広告代理店 デジタル支援 -おすすめ -比較 -ランキング -求人 -まとめ
広告 事業様々な媒体にて効果的なプロモーションを行います,https://www.sakawa.co.jp/product2/service7,,,,愛媛県,愛媛県 地域広告代理店 デジタル支援 -おすすめ -比較 -ランキング -求人 -まとめ
【オーシャンズ株式会社/礒崎 将一さん】「人の心を動かす ...,https://it-place-ehime.jp/company/interview/127,,,,愛媛県,愛媛県 地域広告代理店 デジタル支援 -おすすめ -比較 -ランキング -求人 -まとめ
松山の 広告代理店 「アド・センター」破産手続き開始 ...,https://www.ebc.co.jp/news/data/?sn=EBC2026072824674,,,,愛媛県,愛媛県 地域広告代理店 デジタル支援 -おすすめ -比較 -ランキング -求人 -まとめ
中四国の小売業に強みを持つ 広告代理店 。確かな顧客基盤を武器に ...,https://macloud.jp/offers/798,,,,愛媛県,愛媛県 地域広告代理店 デジタル支援 -おすすめ -比較 -ランキング -求人 -まとめ
愛媛 県南予エリアの中小企業 支援 を目指し、ケーブルテレビ3局と ...,https://seiyo-catv.co.jp/news/post-2427/,,,,愛媛県,愛媛県 地域広告代理店 デジタル支援 -おすすめ -比較 -ランキング -求人 -まとめ
インフルエンサー マーケティング,https://www.hoshi-ad.co.jp/archives/business/963,,,,愛媛県,愛媛県 PR会社 SNSマーケティング -おすすめ -比較 -ランキング -求人 -まとめ
Project Interview愛媛から“未来”を話そう,https://recruit.pref.ehime.jp/talk/461.html,,,,愛媛県,愛媛県 PR会社 SNSマーケティング -おすすめ -比較 -ランキング -求人 -まとめ
＜松山市開催＞デジタル マーケティング セミナー,https://job-project.com/seminar/20230724,,,,愛媛県,愛媛県 PR会社 SNSマーケティング -おすすめ -比較 -ランキング -求人 -まとめ
サービス紹介,https://clear-a01.com/service,,,,愛媛県,愛媛県 PR会社 SNSマーケティング -おすすめ -比較 -ランキング -求人 -まとめ
愛媛県 が中国 SNS 「RED」を活用し、訪日中国人観光客 ...,https://unbot.co.jp/news/20231206.html,,,,愛媛県,愛媛県 PR会社 SNSマーケティング -おすすめ -比較 -ランキング -求人 -まとめ
Webクリエイター学科,https://mfw.mbc1946.ac.jp/webcreator/,,,,愛媛県,愛媛県 PR会社 SNSマーケティング -おすすめ -比較 -ランキング -求人 -まとめ
SNS Marketing 、 オウンドメディア運用事業,https://moveq.co.jp/services/snsmarketing/,,,,愛媛県,愛媛県 PR会社 SNSマーケティング -おすすめ -比較 -ランキング -求人 -まとめ
有限 会社クリエイティブ ・ユニット,https://unit-net.co.jp/infor/index.htm,,,,愛媛県,愛媛県 クリエイティブ会社 Webマーケティング -おすすめ -比較 -ランキング -求人 -まとめ
WEBブランディング,https://bloom-works.co.jp/service/brand/,,,,愛媛県,愛媛県 ブランディング会社 Web集客 -おすすめ -比較 -ランキング -求人 -まとめ
サービス,https://www.comotec.ne.jp/service/,,,,愛媛県,愛媛県 ブランディング会社 Web集客 -おすすめ -比較 -ランキング -求人 -まとめ
松山市ブランドランディングサイト制作・保守管理業務委託（公募 ...,https://www.city.matsuyama.ehime.jp/shisei/denshinyusatsu/gyoumuitaku/info/r6itaku/brand_site.html,,,,愛媛県,愛媛県 ブランディング会社 Web集客 -おすすめ -比較 -ランキング -求人 -まとめ
ABOUT,https://www.mgm-design.jp/about/,,,,愛媛県,愛媛県 ブランディング会社 Web集客 -おすすめ -比較 -ランキング -求人 -まとめ
Service,https://ibt-consulting.com/service/,,,,愛媛県,愛媛県 コンテンツマーケティング 支援会社 -おすすめ -比較 -ランキング -求人 -まとめ
愛媛 新聞ONLINEの広告パートナーシップ契約を締結,https://atid.jp/infomation/87/,,,,愛媛県,愛媛県 コンテンツマーケティング 支援会社 -おすすめ -比較 -ランキング -求人 -まとめ
コラム,https://g-crev.jp/blog/,,,,愛媛県,愛媛県 コンテンツマーケティング 支援会社 -おすすめ -比較 -ランキング -求人 -まとめ
会社 概要,https://valusync.co.jp/company/,,,,愛媛県,愛媛県 コンテンツマーケティング 支援会社 -おすすめ -比較 -ランキング -求人 -まとめ
プロフィール 実績,https://kinochannel.jimdofree.com/profile-1/,,,,愛媛県,愛媛県 LINE CRM マーケティング会社 -おすすめ -比較 -ランキング -求人 -まとめ
GEPPY CRM,https://mindfree.jp/geppy/crm/,,,,愛媛県,愛媛県 LINE CRM マーケティング会社 -おすすめ -比較 -ランキング -求人 -まとめ
会社 概要,https://taqvis.jp/company/,,,,愛媛県,愛媛県 動画広告 マーケティング会社 -おすすめ -比較 -ランキング -求人 -まとめ
えひめスマイルビジネスNavi,https://www.ehime-kigyoricchi.jp/,,,,愛媛県,愛媛県 動画広告 マーケティング会社 -おすすめ -比較 -ランキング -求人 -まとめ
完全攻略セ,https://ehime-hyakka.com/wp-content/uploads/2025/06/75712c0072b255e4bf547660536a5478.pdf,,,,愛媛県,愛媛県 インフルエンサー マーケティング会社 -おすすめ -比較 -ランキング -求人 -まとめ
愛媛県 、話題の中国SNS「RED」を活用し、観光プロモーションを ...,https://travelspot.jp/756810/,,,,愛媛県,愛媛県 インフルエンサー マーケティング会社 -おすすめ -比較 -ランキング -求人 -まとめ
株式 会社 Inner Japan,https://inner-japan.com/about_company,,,,愛媛県,愛媛県 インフルエンサー マーケティング会社 -おすすめ -比較 -ランキング -求人 -まとめ
Instagram勉強会,https://ehime-sci.jp/web/wp-content/uploads/2023/06/studymeet.pdf,,,,愛媛県,愛媛県 採用マーケティング SNS支援 -おすすめ -比較 -ランキング -求人 -まとめ
令和元年度補正予算 小規模事業者持続化補助 ...,https://shokokai.ne.jp/wp/wp-content/uploads/20211223_01_saitakukekka_ippan_6th.pdf,,,,愛媛県,愛媛県 中小企業 デジタル販促会社 -おすすめ -比較 -ランキング -求人 -まとめ
未来がキラリ スゴ技BOOK,https://www.ai-work.jp/sugowaza/,,,,愛媛県,愛媛県 中小企業 デジタル販促会社 -おすすめ -比較 -ランキング -求人 -まとめ
SNSや動画を活用したマーケティング戦略セミナー,https://www.jemcci.jp/seminar/2024/07/002235.html,,,,愛媛県,愛媛県 中小企業 デジタル販促会社 -おすすめ -比較 -ランキング -求人 -まとめ
岡本 将広おかもと まさひろ,https://yorozu-ehime.go.jp/supporter,,,,愛媛県,愛媛県 中小企業 デジタル販促会社 -おすすめ -比較 -ランキング -求人 -まとめ
FORUM2026,https://www.ticc-ehime.or.jp/dxlab/wp-content/uploads/18604a3e1b8cf0cf6125ca6b7be7bd96.pdf,,,,愛媛県,愛媛県 中小企業 デジタル販促会社 -おすすめ -比較 -ランキング -求人 -まとめ
株式会社adear,https://ing.hotkochi.co.jp/company/adear-inc/,,,,高知県,高知県 地域広告代理店 デジタル支援 -おすすめ -比較 -ランキング -求人 -まとめ
(株)フロムダイムエージェンシー,https://joho-kochi.or.jp/digital/pdf/mpf/039_fromdime.pdf,,,,高知県,高知県 地域広告代理店 デジタル支援 -おすすめ -比較 -ランキング -求人 -まとめ
株式会社アドコウチコム:,https://ad-kochi.com/,,,,高知県,高知県 地域広告代理店 デジタル支援 -おすすめ -比較 -ランキング -求人 -まとめ
DAISEN,https://www.daisenkochi.com/article/wp-content/uploads/2022/12/a6bf26f61ae14d90e7958e28d1cc02be.pdf,,,,高知県,高知県 地域広告代理店 デジタル支援 -おすすめ -比較 -ランキング -求人 -まとめ
会社概要,https://adear.co.jp/company/,,,,高知県,高知県 地域広告代理店 デジタル支援 -おすすめ -比較 -ランキング -求人 -まとめ
インターネット広告,https://ashe.co.jp/service/promotion/,,,,高知県,高知県 PR会社 SNSマーケティング -おすすめ -比較 -ランキング -求人 -まとめ
令和7年度企業誘致活動デジタル化推進委託業務,https://www.pref.kochi.lg.jp/doc/2025101400090/,,,,高知県,高知県 PR会社 SNSマーケティング -おすすめ -比較 -ランキング -求人 -まとめ
高知 のホームページ制作・ Webマーケティング会社 フロムダイム,https://fromdime.co.jp/services/website/,,,,高知県,高知県 クリエイティブ会社 Webマーケティング -おすすめ -比較 -ランキング -求人 -まとめ
お知らせ】,https://shinfield.co.jp/news/kochi-office/,,,,高知県,高知県 クリエイティブ会社 Webマーケティング -おすすめ -比較 -ランキング -求人 -まとめ
KISHI WEB & DESIGN,https://ninja-maven.net/,,,,高知県,高知県 クリエイティブ会社 Webマーケティング -おすすめ -比較 -ランキング -求人 -まとめ
高知 のホームページ制作・ Web集客 ・運用代行・コンサルティング ...,https://wintos-hp.jp/hp/,,,,高知県,高知県 ブランディング会社 Web集客 -おすすめ -比較 -ランキング -求人 -まとめ
オリジナルホームページ制作,https://in-s.jp/Web,,,,高知県,高知県 ブランディング会社 Web集客 -おすすめ -比較 -ランキング -求人 -まとめ
高知県 高知市のデザイン・ WEB 制作・写真撮影,https://www.next-enjoy.com/next-hp.html,,,,高知県,高知県 ブランディング会社 Web集客 -おすすめ -比較 -ランキング -求人 -まとめ
相談できること,https://yorozu-kochi.go.jp/consult/,,,,高知県,高知県 ブランディング会社 Web集客 -おすすめ -比較 -ランキング -求人 -まとめ
印刷の 会社 です。,https://cream-ds.com/home/,,,,高知県,高知県 ブランディング会社 Web集客 -おすすめ -比較 -ランキング -求人 -まとめ
新規導入・一次産業者向け EC活用セミナー/開催終了,https://food-platform.pref.kochi.lg.jp/2025activity/0904sm/,,,,高知県,高知県 LINE CRM マーケティング会社 -おすすめ -比較 -ランキング -求人 -まとめ
事業実績,https://www.qpr.co.jp/results.html,,,,高知県,高知県 コンテンツマーケティング 支援会社 -おすすめ -比較 -ランキング -求人 -まとめ
【開催レポート】実践コース SNS活用WEB マーケティング 講座 ...,https://kocopla.jp/page.html?id=2487,,,,高知県,高知県 インフルエンサー マーケティング会社 -おすすめ -比較 -ランキング -求人 -まとめ
高知 ×愛媛の インフルエンサー コラボレーション 伊予銀行のweb ...,https://www.locofull.jp/post/240614-iyomemo,,,,高知県,高知県 インフルエンサー マーケティング会社 -おすすめ -比較 -ランキング -求人 -まとめ
Service,https://mediaaid.co.jp/service,,,,高知県,高知県 採用マーケティング SNS支援 -おすすめ -比較 -ランキング -求人 -まとめ
人を継ぎ、組織を育む＜ 高知県中小企業 団体中央会＞,https://www.kbiz.or.jp/%E4%BB%A4%E5%92%8C%EF%BC%98%E5%B9%B4%E5%BA%A6%E3%80%80%E7%B5%8C%E5%96%B6%E5%8A%9B%E5%90%91%E4%B8%8A%E8%A3%9C%E5%8A%A9%E9%87%91-%E5%85%AC%E5%8B%9F%E9%96%8B%E5%A7%8B%E3%81%AE%E3%81%8A%E7%9F%A5%E3%82%89/,,,,高知県,高知県 中小企業 デジタル販促会社 -おすすめ -比較 -ランキング -求人 -まとめ
高知 のウェブサイト制作＆デザイン 会社 AnyThink／エニシンク,https://anythink.jp/,,,,高知県,高知県 中小企業 デジタル販促会社 -おすすめ -比較 -ランキング -求人 -まとめ
会社 案内,https://nextmedia.team/company/,,,,高知県,高知県 中小企業 デジタル販促会社 -おすすめ -比較 -ランキング -求人 -まとめ
高知 WSA 2023チャレンジ 企業,https://workstyle-kochi.com/challenge2023/,,,,高知県,高知県 中小企業 デジタル販促会社 -おすすめ -比較 -ランキング -求人 -まとめ
助成金,http://www.cciweb.or.jp/kochi/sodan/joseikin.html,,,,高知県,高知県 中小企業 デジタル販促会社 -おすすめ -比較 -ランキング -求人 -まとめ
九州× SNSマーケティング,https://www.planet-ad.com/sns-marketing/,,,,福岡県,福岡県 PR会社 SNSマーケティング -おすすめ -比較 -ランキング -求人 -まとめ
株式 会社 ヒューリズム – 解決市場ビジネスインサイト,https://insight.kaiketsu.market/product/heurithm/,,,,福岡県,福岡県 PR会社 SNSマーケティング -おすすめ -比較 -ランキング -求人 -まとめ
SNS コンサルティング,https://www.sns-haiyaku.com/sns-consulting,,,,福岡県,福岡県 PR会社 SNSマーケティング -おすすめ -比較 -ランキング -求人 -まとめ
採用コンテンツ制作,https://remake3.jp/service/contents,,,,福岡県,福岡県 PR会社 SNSマーケティング -おすすめ -比較 -ランキング -求人 -まとめ
NEO 福岡 応援カイギ #9,https://neotown.net/event/neo%E7%A6%8F%E5%B2%A1%E3%80%80%E5%BF%9C%E6%8F%B4%E3%82%AB%E3%82%A4%E3%82%AE%E3%80%809/,,,,福岡県,福岡県 PR会社 SNSマーケティング -おすすめ -比較 -ランキング -求人 -まとめ
福岡県 における観光振興の取組みについて,https://www.pref.fukuoka.lg.jp/uploaded/attachment/250378.pdf,,,,福岡県,福岡県 PR会社 SNSマーケティング -おすすめ -比較 -ランキング -求人 -まとめ
（株）ニュービジョン・エージェンシー 福岡 支店,https://www.momochan-net.com/menber/menber-3933/,,,,福岡県,福岡県 地域広告代理店 デジタル支援 -おすすめ -比較 -ランキング -求人 -まとめ
会社概要,https://www.jrkyu-ag.co.jp/company/,,,,福岡県,福岡県 地域広告代理店 デジタル支援 -おすすめ -比較 -ランキング -求人 -まとめ
Members/役員・会員,https://kyu-aaa.jp/members/,,,,福岡県,福岡県 地域広告代理店 デジタル支援 -おすすめ -比較 -ランキング -求人 -まとめ
お問い合わせ,https://lo-ads.com/contact/,,,,福岡県,福岡県 地域広告代理店 デジタル支援 -おすすめ -比較 -ランキング -求人 -まとめ
Webマーケティング 事業,https://himawari-bus.com/webmarketing/,,,,福岡県,福岡県 クリエイティブ会社 Webマーケティング -おすすめ -比較 -ランキング -求人 -まとめ
会社 案内,https://kanvas.fukuoka.jp/company,,,,福岡県,福岡県 クリエイティブ会社 Webマーケティング -おすすめ -比較 -ランキング -求人 -まとめ
女性 クリエイティブ チーム,https://gtoe.info/women/,,,,福岡県,福岡県 クリエイティブ会社 Webマーケティング -おすすめ -比較 -ランキング -求人 -まとめ
株式 会社 Re-Wain【公式 ホームページ 】,https://re-wain-official.com/,,,,福岡県,福岡県 クリエイティブ会社 Webマーケティング -おすすめ -比較 -ランキング -求人 -まとめ
総合デジタル マーケティング,https://www.nomad-gr.co.jp/,,,,福岡県,福岡県 クリエイティブ会社 Webマーケティング -おすすめ -比較 -ランキング -求人 -まとめ
株式 会社 FUTOIKKU クリエイティブ ディレクター 大石 侑未先生,https://stylecreate.jp/leadia-interview/article004/,,,,福岡県,福岡県 クリエイティブ会社 Webマーケティング -おすすめ -比較 -ランキング -求人 -まとめ
会社 情報,https://hodock.jp/company,,,,福岡県,福岡県 クリエイティブ会社 Webマーケティング -おすすめ -比較 -ランキング -求人 -まとめ
会社 案内,https://tlbdesign.jp/web/aboutus,,,,福岡県,福岡県 ブランディング会社 Web集客 -おすすめ -比較 -ランキング -求人 -まとめ
福岡 市・糸島市のサブスク型ホームページ制作なら ネット ランド ...,https://www.netland-gk.co.jp/,,,,福岡県,福岡県 ブランディング会社 Web集客 -おすすめ -比較 -ランキング -求人 -まとめ
集客 成果の出るホームページ活用セミナー,https://yorozu-fukuoka.go.jp/shukyakuseikahp/,,,,福岡県,福岡県 ブランディング会社 Web集客 -おすすめ -比較 -ランキング -求人 -まとめ
テイクシー -FUKUOKA-,https://fukuoka.take-c.co.jp/,,,,福岡県,福岡県 ブランディング会社 Web集客 -おすすめ -比較 -ランキング -求人 -まとめ
株式 会社 World Scene,https://worldscene-inc.jp/,,,,福岡県,福岡県 ブランディング会社 Web集客 -おすすめ -比較 -ランキング -求人 -まとめ
LINEマーケティング ツール『Lステップ』,https://medi-cro.jp/hp-support/l-step/,,,,福岡県,福岡県 LINE CRM マーケティング会社 -おすすめ -比較 -ランキング -求人 -まとめ
サービス紹介,https://shishi-w.com/service/marketing/,,,,福岡県,福岡県 LINE CRM マーケティング会社 -おすすめ -比較 -ランキング -求人 -まとめ
株式 会社 Oxxx,https://oxxx.co.jp/recruit_crm,,,,福岡県,福岡県 LINE CRM マーケティング会社 -おすすめ -比較 -ランキング -求人 -まとめ
動画 制作,https://inqua.jp/relserv/video-production/,,,,福岡県,福岡県 動画広告 マーケティング会社 -おすすめ -比較 -ランキング -求人 -まとめ
動画広告 を東京・ 福岡 で相談するなら株式 会社 クリエル,https://www.creal.co.jp/service/advertising/video/,,,,福岡県,福岡県 動画広告 マーケティング会社 -おすすめ -比較 -ランキング -求人 -まとめ
動画 ・映像制作,https://www.dream-holdings.co.jp/service_04.html,,,,福岡県,福岡県 動画広告 マーケティング会社 -おすすめ -比較 -ランキング -求人 -まとめ
住宅 会社 に特化した 動画マーケティング 支援をはじめたきっかけと ...,https://cue9.co.jp/job/interview/matsumi/,,,,福岡県,福岡県 動画広告 マーケティング会社 -おすすめ -比較 -ランキング -求人 -まとめ
COMPANY 株式 会社 ティーアンドイー,https://t-e.co.jp/company/,,,,福岡県,福岡県 動画広告 マーケティング会社 -おすすめ -比較 -ランキング -求人 -まとめ
動画 で配信する 広告 の制作なら株式 会社 フロンティア,https://frontier-w.co.jp/movie/,,,,福岡県,福岡県 動画広告 マーケティング会社 -おすすめ -比較 -ランキング -求人 -まとめ
福岡 で インフルエンサー のことならMirai Natureへ,https://www.riearena.com/,,,,福岡県,福岡県 インフルエンサー マーケティング会社 -おすすめ -比較 -ランキング -求人 -まとめ
Evoliv,https://evolivision.studio.site/,,,,福岡県,福岡県 インフルエンサー マーケティング会社 -おすすめ -比較 -ランキング -求人 -まとめ
会社 概要,https://www.ks1.jp/contents/category/about/,,,,福岡県,福岡県 インフルエンサー マーケティング会社 -おすすめ -比較 -ランキング -求人 -まとめ
私たちについて,https://heurithm-service.com/company,,,,福岡県,福岡県 インフルエンサー マーケティング会社 -おすすめ -比較 -ランキング -求人 -まとめ
令和6年度 嬉野市 インフルエンサーマーケティング 事業業務委託に ...,https://www.city.ureshino.lg.jp/sangyo/nyusatsu/_24641/_29998.html,,,,福岡県,福岡県 インフルエンサー マーケティング会社 -おすすめ -比較 -ランキング -求人 -まとめ
令和5年度 事 業 報 告 書,https://www.joho-fukuoka.or.jp/contents/profile/jigyo-houkoku/R5.pdf,,,,福岡県,福岡県 中小企業 デジタル販促会社 -おすすめ -比較 -ランキング -求人 -まとめ
会社 案内,https://www.lct.jp/company/,,,,福岡県,福岡県 中小企業 デジタル販促会社 -おすすめ -比較 -ランキング -求人 -まとめ
「伝わるホームページ・SNS・動画活用で、更なる集客・ 販促 ...,https://www.chukeikyo.com/info/180907.html,,,,福岡県,福岡県 中小企業 デジタル販促会社 -おすすめ -比較 -ランキング -求人 -まとめ
コンサルタント【赤司】,https://as-link.co.jp/consultant/akashi/,,,,福岡県,福岡県 中小企業 デジタル販促会社 -おすすめ -比較 -ランキング -求人 -まとめ
福岡県 働き方改革セミナー,https://fukuoka-hatarakikata.com/,,,,福岡県,福岡県 中小企業 デジタル販促会社 -おすすめ -比較 -ランキング -求人 -まとめ
【支援機関向け】 SNS を活用した広報戦略 ～事例から学ぶ,https://www.saga-smart.jp/event/2021/20211210-2.html,,,,佐賀県,佐賀県 PR会社 SNSマーケティング -おすすめ -比較 -ランキング -求人 -まとめ
令和8年度プロモーション戦略強化支援事業「プロモート」への ...,https://ryofubase.jp/news/1136/,,,,佐賀県,佐賀県 PR会社 SNSマーケティング -おすすめ -比較 -ランキング -求人 -まとめ
令和6年度事業計画 1 情報発信事業（国内観光客誘客促進 ...,https://www.asobo-saga.jp/files/uploads/%E4%BB%A4%E5%92%8C6%E5%B9%B4%E5%BA%A6%E4%BA%8B%E6%A5%AD%E8%A8%88%E7%94%BB.pdf,,,,佐賀県,佐賀県 PR会社 SNSマーケティング -おすすめ -比較 -ランキング -求人 -まとめ
「サガスチャン」特設サイト制作,https://www.d2cid.co.jp/projects/sagastian/,,,,佐賀県,佐賀県 PR会社 SNSマーケティング -おすすめ -比較 -ランキング -求人 -まとめ
地域活性化ソリューション事業,https://www.ding.co.jp/chiiki/,,,,佐賀県,佐賀県 PR会社 SNSマーケティング -おすすめ -比較 -ランキング -求人 -まとめ
佐賀県 「佐賀ものづくりチャンネル」県内の就職率向上のため,https://www.onemedia.jp/works/sagaken,,,,佐賀県,佐賀県 PR会社 SNSマーケティング -おすすめ -比較 -ランキング -求人 -まとめ
ウェブ 制作,https://r-labs.jp/website/,,,,佐賀県,佐賀県 ブランディング会社 Web集客 -おすすめ -比較 -ランキング -求人 -まとめ
佐賀 ・長崎 集客 できるホームページ制作・ WEB マーケティング支援,https://iweb-factory.site/web-production/,,,,佐賀県,佐賀県 ブランディング会社 Web集客 -おすすめ -比較 -ランキング -求人 -まとめ
デジタルコンテンツ CONTENTS,https://bplust.jp/service/contents/,,,,佐賀県,佐賀県 ブランディング会社 Web集客 -おすすめ -比較 -ランキング -求人 -まとめ
佐賀県 中小企業生産性向上支援補助金（単身事業者支援枠） 補助 ...,https://sagaperch.jp/news/file/seisannseihojyokinn_kekkakouhyou/itiran(tanshin).pdf,,,,佐賀県,佐賀県 ブランディング会社 Web集客 -おすすめ -比較 -ランキング -求人 -まとめ
デザインサービス,https://piececompany.com/digital-design-services/,,,,佐賀県,佐賀県 ブランディング会社 Web集客 -おすすめ -比較 -ランキング -求人 -まとめ
ネット オンビレッジ: 佐賀 の製造業向けAI検索対策(GEO)・ Web 制作 ...,https://netonv.net/,,,,佐賀県,佐賀県 ブランディング会社 Web集客 -おすすめ -比較 -ランキング -求人 -まとめ
印刷物・ノベルティ制作,https://sainsweb.jp/service/printing.html,,,,佐賀県,佐賀県 ブランディング会社 Web集客 -おすすめ -比較 -ランキング -求人 -まとめ
AnyMind Group株式 会社,https://www.saga-kigyorichi.jp/voice/anymindgroup.html,,,,佐賀県,佐賀県 インフルエンサー マーケティング会社 -おすすめ -比較 -ランキング -求人 -まとめ
ティーガイア、嬉野市「 インフルエンサーマーケティング 事業業務 ...,https://pdf.irpocket.com/C3738/usA8/Ted2/mqUX.pdf,,,,佐賀県,佐賀県 インフルエンサー マーケティング会社 -おすすめ -比較 -ランキング -求人 -まとめ
AnyMind Groupが 佐賀県 嬉野市の老舗温泉旅館「和多屋別荘」内に ...,https://anymindgroup.com/ja/news/press-release/13882/,,,,佐賀県,佐賀県 インフルエンサー マーケティング会社 -おすすめ -比較 -ランキング -求人 -まとめ
ikeda,https://yorozu-saga.go.jp/archives/coordinator/ikeda,,,,佐賀県,佐賀県 中小企業 デジタル販促会社 -おすすめ -比較 -ランキング -求人 -まとめ
Webマーケティング,https://in-tex.co.jp/service/webmarketing.html,,,,長崎県,長崎県 クリエイティブ会社 Webマーケティング -おすすめ -比較 -ランキング -求人 -まとめ
RECRUIT,https://procs.jp/recruit/,,,,長崎県,長崎県 クリエイティブ会社 Webマーケティング -おすすめ -比較 -ランキング -求人 -まとめ
会社 概要,https://www.nb-a.jp/company/overview/,,,,長崎県,長崎県 クリエイティブ会社 Webマーケティング -おすすめ -比較 -ランキング -求人 -まとめ
メンバー紹介,https://senryaku-design.net/members/,,,,長崎県,長崎県 クリエイティブ会社 Webマーケティング -おすすめ -比較 -ランキング -求人 -まとめ
登録デザイナー紹介,https://www.pref.nagasaki.jp/yogyo/nid_net/designers_bank/list.php,,,,長崎県,長崎県 クリエイティブ会社 Webマーケティング -おすすめ -比較 -ランキング -求人 -まとめ
Enagic株式 会社 （エナジック）,https://studio.design/ja/experts/experts/enagic,,,,長崎県,長崎県 クリエイティブ会社 Webマーケティング -おすすめ -比較 -ランキング -求人 -まとめ
企業概要,https://idea-line.net/company/,,,,長崎県,長崎県 クリエイティブ会社 Webマーケティング -おすすめ -比較 -ランキング -求人 -まとめ
教育と創造をデザインする – Turning excitement into reality.,https://yamadakenta.net/,,,,長崎県,長崎県 クリエイティブ会社 Webマーケティング -おすすめ -比較 -ランキング -求人 -まとめ
