company_name,url,result
この簡易版検索結果ページについて,https://support.yahoo-net.jp/PccSearch/s/article/H000011627,no_sns_service
プライバシーセンター,https://privacy.lycorp.co.jp/ja/,no_sns_service
プライバシーポリシー,https://www.lycorp.co.jp/ja/company/privacypolicy/,kept
集客 ・ サロン 経営,https://academy.salon-kaigyo.pro/management/,no_sns_service
株式 会社 Cledu-制作実績- 名古屋市 のSEO対策やホームページ制作,https://cledu-1.jp/index.aspx?p=3,kept
ブログ,https://ai-bouz.com/blog/,kept
検索結果への広告掲載,https://www.lycbiz.com/jp/service/yahoo-ads/search_results,no_address
WEB 集客 の秘訣を大公開！,https://tokai-turningpoint-spc.com/event/4324/,no_address
Web 集客 ・SNS マーケティング の基礎知識（オンライン講座）,https://www.nagoya-cci.or.jp/event/event-detail-websns_1.html,kept
他社ツールからFANVOへの乗り換えでコストダウンと来店数アップ ...,https://fanvo.jp/case/case-683/,no_sns_service
医療 広告 プロモーション,https://net-toukai.co.jp/medical/,no_address
名古屋 のホームページ制作・web 集客会社,https://mugen-8.co.jp/,kept
会社 概要,https://hero-innovation.com/company/,kept
合同 会社 Namecore,https://www.namecore.jp/,no_address
千種区でネット 集客 を成功させるための実用的ガイド,https://alltoday.co.jp/column/f29cf8d5-5302-48ec-a49b-9262678c3ac6,kept
会社 概要,https://clinic-promotion.com/company.html,kept
株式 会社 シーエムスタッフ渡辺 紀幸,https://hello-syacho.jp/?p=3728,no_address
会社 概要,https://t-8.jp/company/,kept
会社 概要,https://shika-promotion.com/company/,kept
Untitled,http://iandf.ne.jp/wp-content/uploads/2026/03/report_2603_01.pdf,fetch_failed
開業医のための医療経営マガジン(いぎょうらぼ・イギョウラボ),https://igyoulab.com/company/,no_sns_service
医院開業時に全て任せたいインターネットコンサルティング [愛知県 ...,https://www.m-sys.info/,no_address
医療専門コンサルティング（医科・ 歯科 ・病院・介護・福祉 ...,https://tac119.com/,no_sns_service
ちょっといい家を建てたい！,https://www.jm-house.jp/knack/,no_sns_service
緊急開催！お客様に選ばれる長期優良 住宅 化リフォーム補助金活用 ...,https://totalproducts.jp/renovation-it-subsidy/,no_sns_service
,https://approach-designs.com/,no_company
spacely,https://info.spacely.co.jp/news/10237/,no_address
ご挨拶,https://salus-inc.jp/greeting/,kept
不動産 所有者調査代行,https://fudocolle.com/2016/09/%E5%90%8D%E5%8F%A4%E5%B1%8B%E5%B8%82%E6%B8%AF%E5%8C%BA%EF%BD%9C%E4%B8%8D%E5%8B%95%E7%94%A3%E6%89%80%E6%9C%89%E8%80%85%E8%AA%BF%E6%9F%BB%E4%BB%A3%E8%A1%8C%EF%BD%9C%E5%90%8D%E5%8F%A4%E5%B1%8B%E5%B8%82/,no_sns_service
不動産 販売関連の 集客 事例,https://www.sign-aiwa.com/estate/,kept
特徴,https://www.bukkenking.com/feature/,no_sns_service
塾経営者のための広告塾,https://www.juku-chirashi.com/seminar/,no_sns_service
バレッドオンライン,https://owner.valed.jp/lp/owner02/,kept
佐野 由尚,https://axisfc.wao-corp.com/work/voice/sano.php,kept
Untitled,https://www.builder-net.jp/data/img/builder/1734pamphlet.pdf,fetch_failed
プロフィールと実績,https://www.no-border.com/profile/,no_sns_service
不動産 サイトのSEO対策/MEO対策で 集客 アップ,https://dreamcode.jp/works/realestate/2023/06/2024/,fetch_failed
De Cube,https://de-cube.co.jp/page/2/,kept
ご挨拶,https://www.iioyado.com/clients,no_sns_service
お客様の声,https://costage.co.jp/voice/,kept
マーケティングデザイン事業部,https://staff-agent.com/business/marketing.html,no_address
(株)アビリブの2027年度 会社 概要,https://job.mynavi.jp/28/pc/search/corp274866/outline.html,kept
「未来商店街チャレンジ事業」アイデアコンテスト開催,https://www.city.nagoya.jp/houdou/3003942/3003946/3005150.html,kept
AIを活用したアプリクーポン配信最適化の実証実験を開始,https://www.toshibatec.co.jp/news/release/20260527-01.html,no_address
キンコーズ・ジャパン株式会社,https://www.hatch-tech-nagoya.jp/field/field-project-7456/,no_address
初めてでもできる！2日間で創るビジネスアイデア！,https://tongali.net/events/school2025-businessidea/,no_sns_service
鉄道駅と沿線 店舗 をつなぐ デジタル マーケティング事業の推進 ...,https://www.itochu.co.jp/ja/news/press/2023/230922.html,no_address
ホテル 経営をアドバイス,https://infinitysoar.net/management_consulting/lp2/,kept
ラウンダー・フィールドマーケティングならインパクト ...,https://impact-h.co.jp/business/if,kept
株式 会社 ファブリカコミュニケーションズ「symphony」と連携開始,https://ipla-grp.com/symphony/,no_address
愛知県 名古屋市 法人携帯・OA機器・LED機器,http://www.h-o-group.com/works6.html,kept
JBR×エフェクチュアルが提携 不動産 特化型の 集客 支援サービスを ...,https://www.jbr.co.jp/news01/jbrx%E3%82%A8%E3%83%95%E3%82%A7%E3%82%AF%E3%83%81%E3%83%A5%E3%82%A2%E3%83%AB%E3%81%8C%E6%8F%90%E6%90%BA-%E4%B8%8D%E5%8B%95%E7%94%A3%E7%89%B9%E5%8C%96%E5%9E%8B%E3%81%AE%E9%9B%86%E5%AE%A2%E6%94%AF/,kept
スマホサイト制作,https://www.azile.co.jp/service/entry-47.html,no_address
車検・来店促進にSMSを！ 自動車販売 店に向けた顧客連絡ツール ...,https://www.fabrica-hd.co.jp/news/press-2652,kept
フランチャイズ 店募集,http://www.kaigojimu.com/franchis.html,no_sns_service
愛知・岐阜・三重のシステム開発 Web販促 支援 会社 概要 -販促事業-,http://www.a-acx.co.jp/promotion.php,no_address
SELVISION,https://selvision.co.jp/,no_sns_service
長良川の鮎,https://go-centraljapan.jp/ja/aboutus/files/prlist220104.pdf,fetch_failed
会社 概要,https://nobles.co.jp/companyoverview/,kept
グループ各社紹介,https://www.kirix.co.jp/group/company/introduction/index.html,no_sns_service
6月6日開催「訪日外国人 観光 客向けデジタル プロモーション ...,https://ci.clara.jp/news/20160606-aquaring-inbound-seminer/,no_address
ブランドパートナー活動事例集,https://www.promotion.city.nagoya.jp/common/pdf/case.pdf?260327,fetch_failed
広告代理業務,https://www.alphapoint.co.jp/business/ad/,fetch_failed
運営 会社,https://pbo-pbc.com/company/,no_address
イベント 事業,https://shachihoko.co.jp/events/,kept
地方創生事業,https://www.east-inc.jp/others/local_creation/,kept
アドコネクト,https://ad-connect.jp/,no_company
株式 会社 ティーエーシー,https://aichi-sdgs-partners.jp/organization/567/show,kept
株式 会社 パイク,https://pike-site.jp/,kept
名古屋 駅西のインバウンド 集客 を目指し、金城学院大学との産学 ...,https://togaru.co.jp/topics/7449/,kept
MICE部門,https://at-atoko.jp/sp/mice.php,kept
動  ディーラープロモーション,https://www.sansendo.co.jp/service/marketing/,kept
業務内容,https://leoplanning.jp/service/,no_address
株式 会社 ハイブリッド（81BRiD）,https://homepage-kimete.com/company/%E6%A0%AA%E5%BC%8F%E4%BC%9A%E7%A4%BE81brid-%E6%A0%83%E6%9C%A8%E6%94%AF%E7%A4%BE/,no_address
あなたのお店の決定権者は誰ですか？,https://propro.co.jp/useful/marketing/column-10172/,no_sns_service
ネットあいち産業情報 企業ルポ あいちの製品Products Appeal,https://www.aibsc.jp/nsj/02seihin/140101_01/index.shtml,no_sns_service
当サイトについて,https://ecollabo-food.com/help/about,no_sns_service
MEMBER of 株式 会社 インフォデザイン： 名古屋 のPR ...,https://info-de.co.jp/member.html,kept
株式 会社 クリエイティブPR,https://www.nagoya-frontier.city.nagoya.jp/company/%E6%A0%AA%E5%BC%8F%E4%BC%9A%E7%A4%BE%E3%82%AF%E3%83%AA%E3%82%A8%E3%82%A4%E3%83%86%E3%82%A3%E3%83%96pr/,no_address
山口 珠里,https://nagoya.bni.jp/bni-nagoya-se-%E5%90%8D%E5%8F%A4%E5%B1%8Bse-bni-%E5%8C%A0/ja/memberdetails?encryptedMemberId=qh7UXpCQv0cLGR%2BBB%2BB9OA%3D%3D&name=%E5%B1%B1%E5%8F%A3+%E7%8F%A0%E9%87%8C,no_sns_service
小野 功,https://spcglobal.jp/lecturer/%E5%B0%8F%E9%87%8E-%E5%8A%9F/,no_sns_service
サービス内容,https://chunichi-bb.co.jp/service/,no_address
株式 会社 ルプラボウ 山本光瑠,https://coloroncanvas.jp/notes/le-pla-Hikaru_yamamoto,no_sns_service
合同 会社 プロジェクトリンクト事務局,https://plusc.project-linked.net/linked/,no_sns_service
ホームページ制作実績,https://attcus.pro/category/production-results/hp/,no_address
新患獲得と自費診療強化で売上5倍を目指す！MEO・HP改善・予約 ...,https://talent.direct.hipro-job.jp/talent/issue/20750/,no_sns_service
コーポレートサイト制作実績 岡田医院様（静岡県掛川市）,https://www.akindo2000.net/portfolio/okadaiin/,kept
【ホームページ制作事例】エステ サロン ・化粧品販売（静岡県）,https://kokoromi.co.jp/work/case-hp-estheticsalon,kept
優良法人（中小）,https://kenko-keiei.jp/wp-content/themes/kenko_keiei_cms/files/%E3%80%90%E5%85%AC%E9%96%8B%E7%89%88%E3%80%91%E5%81%A5%E5%BA%B7%E7%B5%8C%E5%96%B6%E5%84%AA%E8%89%AF%E6%B3%95%E4%BA%BA2024%EF%BC%88%E4%B8%AD%E5%B0%8F%E8%A6%8F%E6%A8%A1%E6%B3%95%E4%BA%BA%E9%83%A8%E9%96%80%EF%BC%89_20240311.xlsx,fetch_failed
00,https://www.mhlw.go.jp/file/06-Seisakujouhou-11900000-Koyoukintoujidoukateikyoku/Book00_50.xlsx,fetch_failed
全体：2012企業・団体等（215名の個人を含む）,https://www.env.go.jp/content/000278681.pdf,fetch_failed
平成25年度学部卒業生の就職先,https://www.gunma-u.ac.jp/data/html_campus/images/accession/pdf_14_H25_1.pdf,fetch_failed
プライバシーポリシー,https://matsunoclinic.jp/privacy/,no_sns_service
Peatix: 【2022/5/24(火)～26(木) オンライン開催】Music Ally Japan ...,https://peatix.com/event/3243357?lang=ja-jp,no_sns_service
実績 アーカイブ,https://ainori-marketing.com/archives/works,no_address
メンバー紹介／真崎信吉,https://www.winks.jp/member/partner-masaki/,no_address
過去の研修会 » 一般社団法人 メディカルスタディ協会関西,https://www.mss-kansai.com/workshop/past/,no_address
415 国立大学法人,https://www.cas.go.jp/jp/seisaku/chotatsu/06tyoutasu/rakusatsu/1_buppin/pdf/415.pdf,fetch_failed
CPAC 2013 開催にあたって,https://www.tokailive.org/cpac/archive/CPAC2013_program.pdf,fetch_failed
会社 紹介,https://www.happy-smile-fudosan.com/company/,no_sns_service
豊橋,https://colorcraft.co.jp/company.html,no_sns_service
定時株主総会 招集ご通知,https://data.swcms.net/file/sala/ja/irnews/auto_20260126538108/pdfFile.pdf,fetch_failed
株式 会社 イシハウジング 様,https://www.cuddle-co.jp/post_case01/%E6%A0%AA%E5%BC%8F%E4%BC%9A%E7%A4%BE%E3%82%A4%E3%82%B7%E3%83%8F%E3%82%A6%E3%82%B8%E3%83%B3%E3%82%B0%E6%A7%98/,no_sns_service
FOR CLINIC 掲載希望の 歯科 医院様へ,https://coco-sika.com/for-clinic/,no_address
集客支援,https://suralajuku.jp/points/point5.html,no_company
令和元年度補正予算 小規模事業者持続化補助金＜一般型＞（第4回 ...,https://r1.jizokukahojokin.info/saitaku/doc/r1i_4_toukai.pdf,fetch_failed
7 Banner,https://jp.pinterest.com/shunssv/banner-sns/,no_sns_service
愛知県,https://www.pref.aichi.jp/uploaded/attachment/11116.pdf,fetch_failed
豊橋市 SDGs推進パートナー制度,https://www.city.toyohashi.lg.jp/42304.htm,no_sns_service
株式 会社 江戸ッ子豊橋店愛知県 豊橋市 その他 [教室・スクール] (田P ...,https://jmty.jp/s/aichi/les-oth/article-5gzl?srsltid=AfmBOopr_JOUMrvAn7gceHeTOkKYSlJTmQDOwLd8S8e7dwRHlLUrryoP,no_sns_service
豊橋市 100人カイギ,https://100ninkaigi.com/area/toyohashi,no_address
第23回東三河ビジネスプランコンテスト事例集,https://emikawa-bpc.jp/pdf/2023_result.pdf,fetch_failed
岡崎市のビジネス ホテル 「岡崎シングル ホテル 」,http://www.single-h.com/,no_sns_service
会員紹介,https://www.honokuni.or.jp/toyohashi/members/000293.html,no_address
<<賃貸事業用コンテンツ>> 豊橋市 の 不動産 売買・賃貸 オノコム 不動産,https://www.onocomfudosan.jp/article/for-tenant/,no_sns_service
住宅 会社向け木造非 住宅 商品×参入ノウハウ大公開セミナー,https://www.funaisoken.co.jp/seminar/132961,no_address
IMJG Release,https://www.dreamnews.jp/press/0000145569/items/130537,fetch_failed
有限 会社 松葉オート（ 豊橋市 曙町）,https://www.ekiten.jp/shop_1021439/,no_sns_service
ビジネス交流会,https://www.kawa-shin.co.jp/business/14/data/event.pdf,fetch_failed
【大阪府高槻市「クリンピア前島」と災害協定を締結】災害時の ...,https://kitchen-car.com/kumiai/s-column/page/2/,no_sns_service
アウトバウンド・インバウンド事業,https://www.orange-floral.com/works/outbound-inbound/,kept
実績,https://alfa-consulting.co.jp/case-list/,kept
名古屋市 豊田市 豊橋市 …【愛知県での経営コンサルタントをご紹介 ...,http://www.auxer.net/license22,no_sns_service
愛知県 アーカイブ,https://dcp-sol.com/article/prefecture/%E6%84%9B%E7%9F%A5%E7%9C%8C/page/2/,no_sns_service
地域振興推進費事業計画・自己評価書,https://www.pref.nagano.lg.jp/minamichi/minamichi-kikaku/kannai/documents/0511_jrtoukairenkei.pdf,fetch_failed
事 業 実 施 中 期 計 画,https://aichinavi.jp/wp/wp-content/uploads/2025/10/da948fce3a9006bf8a52f6f0a02126ef.pdf,fetch_failed
豊橋観光 コンベンション協会に行ってきました。(NO.3ユーモ 豊橋 ...,https://echotech.co.jp/blog/58447/,kept
地域再生計画 1 地域再生計画の名称 地方を舞台とした映像作品から ...,https://www.chisou.go.jp/tiiki/tiikisaisei/dai59nintei/plan/y764.pdf,fetch_failed
ジェイ・シー・コンサルティング有限 会社,https://baseconnect.in/companies/2eb7b705-081c-450c-ae7b-1f56e1ae5f83,no_sns_service
2019.12.18 お知らせ アパホテル〈 豊橋 駅前〉本日開業,https://www.apa.co.jp/newsrelease/147821,fetch_failed
地域 の魅力を道の駅からライブ配信！現地に足を運びたくなる ...,https://www.pursuit-inc.jp/service_list/entry/copy/,kept
田中 三文,https://www.tokyo-adviser.jp/adviser/tanaka_mitsufumi/,kept
豊橋市,https://www.jetro.go.jp/invest/region/data/toyohashi-city.html,kept
センチュリー21のサイトマップ,https://fc21.net/sitemap.html,no_sns_service
シミュレーションゴルフを自宅に導入,https://i8golf.jp/golf-simulator/home/toyohashi/,kept
あなたの生活に花を ～花のまち 豊橋プロモーション 事業とHANA ...,https://3rdplacelab.com/event/3rdplace-fes2020/11-28-1000/,no_address
初のブラックサンダーラッピング市内線 特別列車も運行 ...,https://www.yurakuseika.co.jp/news/1754/,kept
豊橋市 が取り組む「とよはし未来産業人材プロジェクト」,https://review.tanabeconsulting.co.jp/consultingmethod/49948/,kept
ふるさと財団「 地域 再生マネージャー」情報,https://www.furusato-zaidan.or.jp/wp-content/uploads/2017/03/30tsukada-h29.pdf,fetch_failed
【愛知大学× 豊橋 鉄道 シデンジャー マーケティング 戦略 ...,https://www.aichi-u.ac.jp/recruit/career-center/career-field/toyotetsu2026/51130,kept
ビリケンセールス& マーケティング,https://www.okazakicci.or.jp/mail/2016/20160428.pdf,fetch_failed
株式 会社 I-da,https://homepage-seisaku.biz/introduce/iii-da/,fetch_failed
ホームページ制作とSEO対策なら 岡崎市 のStudio fRee,https://free-leaf.org/,no_company
マーケティング 戦略顧問（中小企業・個人事業主）,https://webyus.co.jp/,no_address
成果報酬SEO対策は愛知・名古屋のプラスイー,https://seo-nagoya.net/,kept
Googleマップ,https://www.oka-biz.net/tag/%E3%82%AA%E3%82%AB%E3%83%93%E3%82%BA/Google%E3%83%9E%E3%83%83%E3%83%97/tpl/entry.html,kept
業務内容（土地開発）,http://www.asukakogei.co.jp/works-land.html,kept
岡崎市 の 不動産 売却,https://www.okazaki-baikyaku.jp/,no_sns_service
PPC 広告,https://mitsumori-pro.net/company_category/ppc-advertising,kept
ホームページ制作WEB マーケティング,https://kkpyxis.com/creative/,no_address
グロースリンクグループ（愛知・東京・大阪）,https://growthlink-medical.com/service01/,no_sns_service
株式 会社 AREABACKS,https://areabacks.com/,no_sns_service
近所に知られずに売却できるの？【水面下売却】,https://www.namito.jp/blog/video/196,no_sns_service
オーナー様を理想の未来へ導く株式 会社 アセットコンサルティング ...,https://gmoretech.com/news240205/,no_address
売却を依頼する 不動産会社 はどう選ぶ,https://www.623mutsumi.jp/article/for-sellers/know-how/iraisaki-sentaku/,no_sns_service
医療法人正翔会主催の社内SNS勉強会に外部講師として登壇,https://adv.tokyo-np.co.jp/prtimes/article163885/,no_address
岡﨑 晃平,https://dental.funaisoken.co.jp/blogs/consultant/001,no_address
『ウッドデザイン賞2022』 受賞作品が決定!,https://www.atpress.ne.jp/releases/337994/att_337994_2.pdf,fetch_failed
不動産 売却・仲介相談,https://yumenootetsudai.com/service/real_estate_sell,no_sns_service
「地元企業×PRのチカラ」セミナー開催のお知らせ（8/24）,https://www.em-campus.jp/event/detail/?id=3871,no_address
総合経営学科,https://www.asu.ac.jp/department/business,no_sns_service
コンサル・研修実績,https://sakura-work.co.jp/achievements.html,kept
第14回,https://www.consortium.or.jp/wp-content/uploads/kif/15884/14th_gakusei_saiten_pamphlet.pdf,fetch_failed
経営、IT マーケティング に携わる学生インターンシップ 募集 中！,https://task-school.com/about/student/,no_address
岐阜県立大垣商業高等学校での産学連携授業の開催,https://puzzlink.jp/news/ogaki/,kept
個人情報保護方針,https://sakura-gakuen.com/guideline/,no_sns_service
【企画広報部】京都市・乙訓地域公立高校合同説明会 6/21・22開催,https://cms.edu.city.kyoto.jp/300254/weblog/133442619,no_sns_service
中部圏で デジタル を学ぶ,https://central-japan.info/search,no_sns_service
岡崎市ホテル 等民間収益施設誘致事業 募 集 要 項,https://www.city.okazaki.lg.jp/_res/projects/default_project/_page_/001/015/384/1-1.pdf,fetch_failed
フルサポートサービス,http://kaigo.law-kinyu.net/fullsuport.html,no_sns_service
募集要項 ルート営業（名古屋）,http://www.oaroar.com/recruit/guideline_nagoya.php,kept
アメリカンスクールバスの 販売 ・カスタム,https://www.seek-japan.net/,no_sns_service
【 岡崎市 伊賀町】24時間ジム「エコフィット24岡崎北店」新規 ...,https://www.ecofit24.com/news/20250529-gym-ecofit24-open/,no_sns_service
会社 説明資料,https://goodspeed-group.co.jp/main/wp-content/uploads/2025/04/ir_20220910.pdf,fetch_failed
一般社団法人 宿泊施設関連協会,https://jarc-ic.com/,kept
般社団法 岡崎市観光 協会 令和 2 年度 事業報告 （令和 2 年 4 1,https://okazaki-kanko.jp/documents/organization/202106/report_R2.pdf?v202106,fetch_failed
平成29年度事業報告,https://21cmikawa.jp/pdf/report_h29.pdf,fetch_failed
東海オンエア 本年度も「 岡崎観光 伝道師」に任命！,https://uuum.jp/posts/208883,no_sns_service
ウレタンフォームという高分子 ...,https://www.okaure.co.jp/category/%E6%9C%AA%E5%88%86%E9%A1%9E/,kept
株式 会社 ダッドの企業情報,https://shushoku.meidaisha.co.jp/?p=corp_detail&id=3165,no_sns_service
集客プロモーション パートナー都市 長野市,https://www4.city.kanazawa.lg.jp/soshikikarasagasu/kankoseisakuka/gyomuannai/2/1/5150.html,no_company
プロモーション 事業,https://area1.biz/promotion,kept
なぜ今、 企業 は「森」に関わるべきか,https://www.pref.aomori.lg.jp/soshiki/nourin/rinsei/files/moriage.pdf,fetch_failed
LTVパートナーズ 岡崎市,https://ltv39.com/,no_company
岡崎市 シビックセンター,https://deainoeki-okazaki.jp/pdf/202505150203.pdf,fetch_failed
飲食店 向けGoogleビジネスプロフィールセミナーを 岐阜市 で開催！,https://press.portal-th.com/archives/21818,no_sns_service
ルート・ユーズネット45年の歩み,https://www.yousnet.co.jp/company/history.html,no_sns_service
岐阜 のWebコンサル,https://dreamworks2003.com/,no_company
会社 案内,https://foodie-buddy.com/about,kept
募集要項,https://ywaimedia.com/recruit,kept
飲食店 繁盛実践塾 -,https://www.hitoshishinoda.com/,no_sns_service
料理&お菓子&自然好き必見 「北欧の焼き菓子店」「暮らしを豊かに ...,https://www.project-index.jp/intern/23615,kept
b.SENSE株式 会社 APM サロン サービスのご紹介、 サロン コンサル ...,https://b-sense-web.com/,no_sns_service
岐阜 の中小企業・個人事業主が始めるウェブ 集客 入門,https://smalldx.qualia-englisheducation.com/gifu-small-business-web-marketing-ai-guide/,no_company
支援事例,https://www.gifu-yorozushien.go.jp/%E6%94%AF%E6%8F%B4%E4%BA%8B%E4%BE%8B-2/,no_company
事業概要,https://www.medisite-net.com/html/service.htm,no_address
岐阜 で医療・介護のホームページ制作メディプラス,https://www.landing-nets.com/area_gifu/,no_address
会社 概要,https://www.miyakomesse.jp/outline/,no_sns_service
会社 概要,https://www.sco-adproduce.com/%E4%BC%9A%E7%A4%BE%E6%A6%82%E8%A6%81/,kept
店舗も運営するコンサルタント,https://www.sc2015.co.jp/%E7%BE%8E%E5%AE%B9%E5%AE%A4%E3%82%92%E9%81%8B%E5%96%B6%E3%81%99%E3%82%8B%E8%B2%A1%E5%8B%99%E3%82%B3%E3%83%B3%E3%82%B5%E3%83%AB%E3%82%BF%E3%83%B3%E3%83%88/,no_sns_service
事業紹介,https://r-estate-gifu.co.jp/business/index.html,no_sns_service
不動産 専門のSEO・LPO対策,https://www.j-s-p.com/seo/,kept
新規開店「UBU」 岐阜市 茜部野瀬,https://kato-r.jp/open/%E6%96%B0%E8%A6%8F%E9%96%8B%E5%BA%97%E3%80%8Cubu%E3%80%8D%E5%B2%90%E9%98%9C%E5%B8%82%E8%8C%9C%E9%83%A8%E9%87%8E%E7%80%AC/,no_sns_service
プロフィールと主なコンサル実績,https://salonshuukyaku.com/profilepage/,no_company
「医業経営・診療所承継」実践セミナー,https://www.gifu.med.or.jp/wp-content/uploads/260730.syokeiseminar.pdf,fetch_failed
第6回サミット サミット報告,https://www.chikyunokai.com/summit/report/07.html,no_sns_service
ビレッジ戦略で10年後の顧客を創造する。,https://estina1.nextbuilders.net/img/20150330_estina.pdf,fetch_failed
病院やクリニック、 歯科 のSEO対策で 集患 ＆増患,https://cloud-tool.net/g_seo.html,kept
正社員の採用情報 – 愛知・ 岐阜 の個別指導塾,https://meikaigakuin.com/recruit/principal/,no_sns_service
地域 工務店 の未来を変える！AI活用で経営力を育てる、勝ち残り戦略 ...,https://ideahome.co.jp/news/%E5%9C%B0%E5%9F%9F%E5%B7%A5%E5%8B%99%E5%BA%97%E3%81%AE%E6%9C%AA%E6%9D%A5%E3%82%92%E5%A4%89%E3%81%88%E3%82%8B%EF%BC%81ai%E6%B4%BB%E7%94%A8%E3%81%A7%E7%B5%8C%E5%96%B6%E5%8A%9B%E3%82%92%E8%82%B2-2/,no_sns_service
仕事を知る,https://www.ohana-ltd.com/works.php,kept
岐阜 県の 不動産 鑑定、 不動産 の調査・企画・有効活用・権利調査,http://kunitachi.life/?fudousan=%E4%B8%8D%E5%8B%95%E7%94%A3%E3%82%B3%E3%83%B3%E3%82%B5%E3%83%AB%E3%83%86%E3%82%A3%E3%83%B3%E3%82%B0,no_sns_service
会社 情報,https://sweetshop-ism.jp/company/,no_sns_service
各務原川島校の塾講師（正社員） 募集,https://wiz-group.jp/fulltime/%E6%95%99%E5%AE%A4%E9%95%B7%E5%80%99%E8%A3%9C-19/,no_sns_service
岐阜 県立大垣商業高等学校 – DAISHO Web,https://school.gifu-net.ed.jp/ogaki-chs/,no_sns_service
法人の方へ,https://www.asake-f.com/biz/,no_sns_service
改善事例・過去実績,https://www.kk-hrm.co.jp/results_list.html,kept
よくある質問,https://www.489ban.net/services/yadoriki/faq_yadoriki/,kept
運営・プロジェクト実績,https://hrcc.jp/project/,no_sns_service
2025年度第1回生産性シンポジウムを開催しました,https://www.jpc-net.jp/news/detail/20251005_007769.html,no_company
ウェブアカデミア 岐阜 のWEB＆EC特化の職業訓練校,https://web-ac.net/,no_address
自動車販売 店ネットワークGLOBAL CREST,https://www.globalcrest.site/fv02/hyogo/,kept
協定商社会,https://www.zenryoren.jp/services/partner-companies/,kept
橡,https://www.mikuri-r.com/wp-content/uploads/HAKOBIYA10.pdf,fetch_failed
ますだ秋まつり・花火 協賛様 ( 順不同、敬称略),https://www.smmasudas.jp/%E3%81%BE%E3%81%99%E3%81%A0%E7%A7%8B%E3%81%BE%E3%81%A4%E3%82%8A%E3%83%BB%E8%8A%B1%E7%81%AB%20%E5%8D%94%E8%B3%9B%E6%A7%98%E4%B8%80%E8%A6%A7.pdf,fetch_failed
第21回『ヒットメーカーに学ぶ！商品開発塾』を開催！,https://www.asahi-u.ac.jp/topics/2026/33417/,no_sns_service
【川崎大輔の海外コラム】～技能実習生と高度人材を同時採用！？,https://cass.team-l.co.jp/column/foreign/column_f09.php,no_sns_service
会社概要 拠点-株式会社藤田商店,https://www.zee.co.jp/company/kyoten.html,no_sns_service
パッと見でグッと来る、 自動車販売 ・買い取り店の店舗屋外バナー ...,https://masumiwasho.com/takes-okugaibanner/,kept
アエラホーム,https://aerahome-fc.com/,kept
販売促進のトータルサポートとはどういうもの？,https://www.kasg.co.jp/news/452274.html,kept
フランチャイズ 加盟店募集サイト,https://www.carcon.co.jp/all/partnership/,no_sns_service
令和7年度事業計画について 【 観光 地域づくりの推進】,https://www.gifucvb.or.jp/cmsdesigner/data/entry/kessan/kessan.00053.00000001.pdf,fetch_failed
FC加盟店募集,http://mens-spicy.co.jp/fc/,no_sns_service
商業施設・レジャー施設・デベロッパー向け 集客 ・活性化支援,https://areapromotion.jtbcom.co.jp/,no_address
歴史資源と商業を調和させた滞在型 観光 拠点「 岐阜 城楽市」を創出,https://www.semba1008.co.jp/ja/release/news/press-20250612,no_address
岐阜城パノラマ夜景,https://www.city.gifu.lg.jp/kankoubunka/event/1005304/1005308.html,no_company
実績,https://hirata-sangyo.co.jp/works/works_category/event/,kept
鹿児島県 ドウワキ 自動車販売 様 取材Part.2,https://start.airpra.jp/post_case/2167,no_address
運営者情報,https://gourmet.z-it.jp/about/,no_address
ショート動画でファンを増やす！ 飲食店 の 集客 力アップ,https://mie-biz.jp/case/55,no_address
三重県：三重県 集客 施設時短要請協力金（令和3年5月9日～令和 ...,https://www.pref.mie.lg.jp/SHINSAN/HP/p0016400027_00004.htm,no_sns_service
WEB マーケティング ・ブランディングのコンサルタント 三重 /番頭 ...,https://www.bantousya.jp/,no_address
三重県 津市 の健康美 サロン スタジオアイム 津スタジオ,https://coto.shuminavi.net/i59d-5a73/school/s479-4a1f-2e07,no_address
制作事例,https://www.kansai-k.com/service/works.html,no_sns_service
岐阜 新聞社営業局,https://pr.gifu-np.co.jp/,kept
創洛庵の 美容 室・ サロン のホームページ制作の料金・評判,https://meetsmore.com/p/Z6Jy55kuEKUqEj3m/salon-website-development,no_address
IT中小企業診断士事務所・三重県 津市 : ホーム,https://www.it-shindanshi.com/,no_company
（大阪）2019.6.2 歯科 医院開業セミナー,https://e3-partners.com/clinic/seminar/420/,no_sns_service
Vol. 13,https://www.sasaki-kk.co.jp/assets/pdf/c_c/vol13_all.pdf,fetch_failed
お問い合わせ,https://www.crecer-b.com/inquiries/,no_address
制作の流れ,https://uroborosu.com/seisaku/,no_company
岐阜 県商工会連合会,https://www.gifushoko.or.jp/,no_sns_service
【医療関係者の皆様へ】第61回糖尿病地域連携研究会,https://mie-dm.net/news/,no_sns_service
【岡山市】 不動産 を高く・早く売りたい方へ,http://irodoricompany.com/menu/,no_sns_service
Beyond Bias — 岐阜 からはじまる、女性と 地域 のエンパワーメント,https://venturecafetokyo.org/sessions/gifuignite16-session3/,no_address
三重県 津市 不動産 賃貸 不動産 売買 津駅西口徒歩5分 原田土地開発 ...,https://www.haradatochikaihatsu.com/,no_sns_service
整骨院成功に効果的！外観・看板デザインで 集患 アップをはかる,https://www.kitahorie-kanban.com/blog/%E6%95%B4%E9%AA%A8%E9%99%A2%E6%88%90%E5%8A%9F%E3%81%AB%E5%8A%B9%E6%9E%9C%E7%9A%84%EF%BC%81%E5%A4%96%E8%A6%B3%E3%83%BB%E7%9C%8B%E6%9D%BF%E3%83%87%E3%82%B6%E3%82%A4%E3%83%B3%E3%81%A7%E9%9B%86%E6%82%A3/,no_sns_service
令和6年度 リブランディング企画塾,https://city.numazu.shizuoka.jp/business/yuchi/rebranding/r6_ribujyuku.htm,kept
2022年度津市民＆ジュニア テニス教室,https://www.tsu-tennis-association.com/2026%E5%B9%B4%E5%BA%A6%E6%8C%AF%E8%88%88-%E6%99%AE%E5%8F%8A%E4%BA%8B%E6%A5%AD%E6%97%A5%E7%A8%8B/2022%E5%B9%B4%E5%BA%A6%E6%B4%A5%E5%B8%82%E6%B0%91-%E3%82%B8%E3%83%A5%E3%83%8B%E3%82%A2-%E3%83%86%E3%83%8B%E3%82%B9%E6%95%99%E5%AE%A4/,no_sns_service
business 事業を知る,https://recruit.shintairiku.jp/business/,no_address
資料請求・お申し込み,https://www.shuei-yobiko.co.jp/contact/?UC=C1415,no_sns_service
売却を依頼する 不動産会社 はどう選ぶ,https://www.fudosan-machikado.com/article/for-sellers/know-how/iraisaki-sentaku/,no_sns_service
宮 津 市 公 報,https://www.city.miyazu.kyoto.jp/uploaded/attachment/2840.pdf,fetch_failed
環境活動団体紹介（平成26年度 Mieこどもエコフェア出展団体）,http://www.eco-mie.com/ecofair/26/taiken.html,no_sns_service
つながる 引き継ぐ 事業承継サクセスストーリー,https://kagawa-hikitsugi.go.jp/cms/wp-content/uploads/2022/08/NExT_vol5.pdf,fetch_failed
マッチングカウンター MATCHING COUNTER,https://e-jack.net/matching_counter/,no_sns_service
地域サポート,https://ebird.co.jp/service/regional/,no_sns_service
エリアプラットフォーム「大門・丸之内 未来のまちづくり」による,https://www.ur-net.go.jp/news/v8klms0000004rxn-att/daimon_marunouchi_shiryou.pdf,fetch_failed
決算説明資料（2021年3月期）,https://ir.icda.jp/ja/library/presentation/main/01/teaserItems1/02/linkList/0/link/2021331.pdf,fetch_failed
ホテル ・ 旅館 OTA販売強化・各種販促コンサルティング,https://www.s-total.co.jp/blog/archives/1460,no_address
販促 グッズ等、印刷以外のメディアも取扱っております。お気軽に ...,https://ainfo.jp/ib/,no_address
2025年2月期決算説明会資料,https://www.mv-tokai.co.jp/wp/wp-content/uploads/2025/04/88aaffb2b891369f467eeba5641a36e8.pdf,fetch_failed
主な投資実績,https://www.endeavourunited.co.jp/result/,kept
三重県 津市 » 2018 » 4月,http://furusato-shinbun.jp/2018/04,no_sns_service
観光 地域づくり法人形成･確立計画 記入日,https://www.mlit.go.jp/kankocho/content/001883352.pdf,fetch_failed
広報・ 販促,https://meitetukyoku.co.jp/products/ad/,kept
【参加無料】オンラインによる三重県 観光 人材育成セミナー ...,https://corp.sagojo.link/sugoi-labo/posts/102,no_sns_service
Google ビジネス プロフィール 活用セミナー,https://www.toba.or.jp/wp-content/uploads/2025/01/GBP%E3%82%BB%E3%83%9F%E3%83%8A%E3%83%BC_250203.pdf,fetch_failed
令和8年度 津市 生活応援商品券発行事業について,https://www.info.city.tsu.mie.jp/sangyou_shigoto/shoukougyou/1004195/1012503.html,kept
会社 概要,https://office-bee.jp/%E4%BC%9A%E7%A4%BE%E6%A6%82%E8%A6%81/,kept
会社 概要,https://mie-cp.net/profile/,kept
津市 大門・丸之内地区の まちづくりについて,https://daimaruapf.jp/wp/wp-content/uploads/2024/11/f2cd754b4cb1f383fa6758df238030ba.pdf,fetch_failed
株式 会社 サイン,https://www.sign-movie.com/,kept
株式 会社 要,https://knm.jp/,no_address
【募集】勢州久居ART RISE 2026,https://www.tsuhisai-ars.jp/event/41607/,kept
賃貸事業用コンテンツ,https://www.iien.co.jp/article/for-tenant/,no_sns_service
店舗流通ネット×フードスタジアム特別企画 「 四日市 Food Market ...,https://food-stadium.com/special/22139/,kept
受託業務実績,https://www.hri105.co.jp/consulting/private_jisseki.html,kept
サブスクリプション導入サポート,https://www.en-beauty05.com/home,fetch_failed
WEBからの 集客,https://bricksuk.biz/cases/web/,kept
会社 案内,https://the.icatch.co.jp/company-information/,kept
サロン 経営成功実績,https://www.sheep-jp.com/960748457,kept
お役立ちコラム,https://www.c2-c.co.jp/cgi-bin/colmun/colmun.cgi,no_sns_service
美容 室の閑散期対策を解説！メンテナンスという考えと仕組み作り ...,https://rapol-care.jp/2026/02/28/salon-low-season/,no_sns_service
［2月下旬号］ NO.1567,https://www.city.yokkaichi.lg.jp/www/contents/1613705741607/simple/202102gejun.pdf,fetch_failed
起業支援講座について,https://yokkaichi-woman.net/shien2024,no_address
四日市市 で 不動産 を売却するなら四日市 不動産 売却.comへ,https://manzen-f.com/,no_sns_service
デザイン学科 就職・資格,https://www.nagoyagakugei.com/design/career.html,kept
三重県 四日市市 の 不動産 売却・買取はセンチュリー21伊勢国 不動産 ...,https://www.isenokuni.com/blog?page=210,no_sns_service
地域金融機関との連携を通じた後継者不在の地域老舗 旅館 の事業 ...,https://www.sbigroup.co.jp/news/2026/0601_16365.html,no_sns_service
【動画で解説】人に知られず売却する方法,https://www.emupro.co.jp/blog/douga/45,no_sns_service
M&Aニュース SBI新生銀行ら、女将塾への老舗 旅館 の事業承継を 支援,https://www.ma-cp.com/news/10241/,no_sns_service
四日市 の 不動産 売却は【 四日市不動産 売却ネット】へ,https://www.maesoba-baikyaku.com/,no_sns_service
中古車からの業態転換！年間200台以上新車を 販売 する店舗のポイント,https://kuruma-biz.funaisoken.co.jp/blogs/column/column-19736,no_address
店舗設計について知る,https://www.im-trust.jp/article/for-tenant/tenpo-sekkei/,no_sns_service
その他,https://mie-gyoseisyoshi.jp/wp-content/uploads/317a4b59aff69ebb5c8f5692fd00e195.pdf,fetch_failed
個別指導の 学習塾 : ゆあからいむ 学習塾,https://yuakaraimugakusyujuku.webnode.jp/,no_sns_service
商店街等で活用できる施策について,https://syohinken-kyogi.com/materials/171016205746501.pdf,fetch_failed
円頓寺商店街振興組合,https://www.ntt-west.co.jp/newscms/tokai2/12071/tokai_n20220422a.pdf,fetch_failed
ニュース,https://aec-co.net/news/20250424-gym-ecofit24-open,kept
FENRIR 四日市,https://snabi.jp/facility/33654,no_sns_service
2023年度(令和5年度)事業計画,https://www.yokoso-akashi.jp/sites/default/files/2023_jigyokeikaku.pdf,fetch_failed
三重県よろず 支援 拠点: 三重県の無料経営相談,https://mie-yorozushien.go.jp/,kept
先輩オーナーの声,https://kinnotorikara.jp/senior-owners-voice/,no_sns_service
日本の夜を照らす工場夜景,https://www.jec-jp.org/image/2016_06_finalist_3.pdf,fetch_failed
地域 の イベント 企画や運営 プロモーション を提供 株式 会社 アビ ...,https://yokkaichimagazine.jp/%E5%9C%B0%E5%9F%9F%E3%81%AE%E3%82%A4%E3%83%99%E3%83%B3%E3%83%88%E4%BC%81%E7%94%BB%E3%82%84%E9%81%8B%E5%96%B6%E3%83%97%E3%83%AD%E3%83%A2%E3%83%BC%E3%82%B7%E3%83%A7%E3%83%B3%E3%82%92%E6%8F%90%E4%BE%9B/,no_address
三重地区,https://mie-ru.org/,no_sns_service
四日市市 のスマートシティに 向けた取り組み,https://wwwtb.mlit.go.jp/chubu/tsukuro/symposium/pdf/R5/06yokkaichi.pdf,fetch_failed
生活バスよっかいち（NPO法人 生活バス 四日市 ）,https://www.rosenzu.com/sbus/,no_sns_service
企業広報,https://www.cpc.or.jp/cpc/files/libs/2148/202404051552541410.pdf,fetch_failed
四日市市 －四日市ビジネスサポート事業のご案内,https://www.city.yokkaichi.mie.jp/home/business_s3.html,no_company
三重県に根ざしたビジネスコミュニティ「BASE LAUNCH MIE ...,https://corp.alphadrive.co.jp/news/20231229/,kept
四日市 プロボノプロジェクト,https://grant.community/yokkaichi,no_company
四日市 港整備がスタート／アフターコロナ見据え 観光 産業にも力,https://www.chukei-news.co.jp/chubuarea/2022spring/30/,kept
2026年度2学期枠 受付スタート,https://www.syanson.com/cm8,no_address
取扱製品,https://www.salonsupportrefre.com/product/,no_sns_service
株式 会社 ITTO 美容 室・ サロン 向け 美容 ディーラー,https://itto-beauty.co.jp/,no_sns_service
ヤマモト高陽 創業30周年・設立25周年記念祝賀会,https://hairmode.jp/topics/mm1672/,no_address
滋賀県の宿泊業・飲食サービス業代表企業【ホテル・ 飲食店 など】,https://clip-corporation.com/column/accommodation-shiga/9/,no_address
三重の映像制作 会社 SIDEWORKS,https://sideworksmovie.com/,no_address
四日市 志創業応援隊 » 創業カフェ －過去の開催履歴－,https://www.yokkaichi-sogyo.com/cafe/cafe_past,no_sns_service
ホームページ 制作 有限 会社 創作ネット 滋賀県 大津市 HP作成,https://www.sousakunet.jp/,no_address
まちづくりの取組み,https://www.otsucci.or.jp/activity/machizukuri,no_sns_service
,https://yk-staygold.com/toptest/,no_address
法人向けサービス,https://osouji-cleanone.jp/service/corporations,no_sns_service
大津市 北小松1552-5 戸建,http://www.erajapan.co.jp/catalog/%E5%A4%A7%E6%B4%A5%E5%B8%82%E5%8C%97%E5%B0%8F%E6%9D%BE1552-5%E3%80%80%E6%88%B8%E5%BB%BA/75533891/,no_sns_service
開業支援,https://www.betsuta.co.jp/support.html,no_sns_service
Webコンサル＋ホームページ制作,https://www.anemone-s.jp/sv-web,fetch_failed
ヨリタ 歯科 クリニック(大阪)寄田院長様,https://hyper-nairankai.com/news/82/,kept
令和6年度2月補正予算（案）,https://web.pref.hyogo.lg.jp/gikai/iinkai/index/gikaiunei/uneiiinkai/documents/giunshiryor070221.pdf,fetch_failed
神 戸 市 外 郭 団 体 等 組 織 図,https://www.city.kobe.lg.jp/documents/9667/gaikakusoshikizu_202507.pdf,fetch_failed
「niko and ．．．EDIT HOUSE」メディア説明会・内覧会ご案内,https://localpr.jp/press/niko-and-edit-house-media-preview-20260723/,no_address
tokubetsu_kyusyu08.pdf,https://jigyou-saikouchiku.go.jp/pdf/result/tokubetsu_kyusyu08.pdf,fetch_failed
相談実績,https://www.amcp.biz/consultation/,no_address
富津市建設工事等入札参加者資格者名簿（物品）,https://www.city.futtsu.lg.jp/cmsfiles/contents/0000001/1259/20260801_buppinn.pdf,fetch_failed
賛助会員,https://www.keiji-net.com/support/,kept
【大津エリア】( 大津市 ),https://www.pref.shiga.lg.jp/file/attachment/5544186.pdf,fetch_failed
dantaibetu82.pdf,https://www.city.otsu.lg.jp/material/files/group/8/dantaibetu82.pdf,fetch_failed
創立百十周年,https://www.daisho-h.shiga-ec.ed.jp/dousoukai/cms_wp/wp-content/uploads/2025/04/toujitu.pdf,fetch_failed
大津 ・草津・栗東・守山・野洲の 不動産 売却 仲介手数料半額,https://eiwa-home.com/sell/,no_sns_service
町家等活用事業「商店街 ホテル 大津 町家」整備事業,http://www.machidukuri-otsu.jp/pdf/34-5-2.pdf,fetch_failed
センチュリー21 エンドレス 不動産 販売,https://sonwosinai-akiyafurukatsuyou.com/archives/17510,no_sns_service
組合員さまへ,https://www.shiga-ryokan-kumiai.jp/union-member,no_sns_service
売却を依頼する 不動産会社 はどう選ぶ,https://www.totallife.info/article/for-sellers/know-how/iraisaki-sentaku/,no_sns_service
vita観光経営コンサルティング,http://vitaconsul.com/,kept
AI検索に「見つかりやすい」情報発信を 支援 【Terrace Roots代表 ...,https://ihr-news.jp/interview/ai%E6%A4%9C%E7%B4%A2%E3%81%AB%E3%80%8C%E8%A6%8B%E3%81%A4%E3%81%8B%E3%82%8A%E3%82%84%E3%81%99%E3%81%84%E3%80%8D%E6%83%85%E5%A0%B1%E7%99%BA%E4%BF%A1%E3%82%92%E6%94%AF%E6%8F%B4%E3%80%90terrace-roots/,no_sns_service
【11/18】アントレプレナー養成講座 AI時代の 集客 キーワード発見術,https://www.shigaplaza.or.jp/news/semina-sogyo-2501118/,no_company
イベント情報,https://www.coworking-otsu.com/event/,no_company
事業概要,https://corp.ctn-net.jp/business,kept
同志社大学大学院 ビジネス研究科,https://bs.doshisha.ac.jp/,no_sns_service
「信用できる」と感じ、20年お世話になっています,https://10billion.funaisoken.co.jp/blogs/voice/e6-a0-aa-e5-bc-8f-e4-bc-9a-e7-a4-be-e3-83-aa-e3-83-90-e3-83-86-e3-82-a3-e6-a7-98,no_address
創業 支援 研究会 研究発表会 （11月～2月）のご案内,https://shiga-smeca.net/news/sougyou-guide_202511/,no_company
520-0041 大津市 浜町 2-40,https://www.otsu-jazz.jp/2015/2015pamphlet.pdf,fetch_failed
創商,https://www.usp.ac.jp/user/filer_public/8e/9b/8e9bebdb-283d-4bba-8d6c-84ae5a70751f/ce667ed934cf569041545c023b64da05.pdf,fetch_failed
桧家住宅FC（ フランチャイズ ）事業,https://www.hinokiya.jp/fc/,kept
営業力アップ・情報共有にタブレット活用,https://www.weedplanning.co.jp/portfolio/%E3%82%BF%E3%83%96%E3%83%AC%E3%83%83%E3%83%88%EF%BC%88ipadandroid%EF%BC%89%E6%B4%BB%E7%94%A8%E8%B2%A9%E4%BF%83%E3%83%84%E3%83%BC%E3%83%AB%E5%88%B6%E4%BD%9C/,kept
会社 概要,https://www.merci-life.jp/kaori/kaori-company/,kept
フランチャイズ 加盟店募集,https://www.elitz.co.jp/fc/,no_sns_service
フランチャイズ 店についてのご案内,https://keepergiken.co.jp/docs/company/business/About_KeePer_LABO_FC_stores_v3.pdf,fetch_failed
ご協力いただいている専門家,https://doctor-journal.com/users/,no_sns_service
ご利用方法 – 大津観光 フォトライブラリー,https://www.otsu.or.jp/photo/membership-join/,no_sns_service
長等商店街振興組合「 販促 ・集客に向けたシステムの構築 SNSを ...,https://chuokai-shiga.or.jp/case-study/156326/,no_company
本部 ACCESS,https://www.life-lines.info/about-us/,kept
スターブライド株式 会社,https://www.cgc-shiga.or.jp/use/%E3%82%B9%E3%82%BF%E3%83%BC%E3%83%96%E3%83%A9%E3%82%A4%E3%83%89%E6%A0%AA%E5%BC%8F%E4%BC%9A%E7%A4%BE,no_address
コミュニティ＆ イベント Community & Events,https://we-step.com/community/,kept
プライバシーポリシー,https://www.ogsc.co.jp/policy,no_sns_service
大津市 女性起業家の経営スクール講師等プロフィール紹介,https://nyokki.jimdofree.com/2021/07/07/%E5%A4%A7%E6%B4%A5%E5%B8%82%E5%A5%B3%E6%80%A7%E8%B5%B7%E6%A5%AD%E5%AE%B6%E7%B5%8C%E5%96%B6%E3%82%B9%E3%82%AF%E3%83%BC%E3%83%AB%E8%AC%9B%E5%B8%AB%E7%AD%89%E7%B4%B9%E4%BB%8B/,no_sns_service
運営 会社,https://gourmet-daisuki.com/company/,no_address
飲食店 集客 のお手伝い（丸本）,https://www.i-nex.co.jp/blog/post_161,no_sns_service
制作実績,https://sunnyworks.site/works,no_sns_service
いつまでも通いたくなる愛される 美容 室の繁盛メソッド,http://www.dobunkan.co.jp/books/detail/002355,kept
トランクルーム経営,https://owner.reisebox.co.jp/,no_sns_service
飲食 ・グルメ アーカイブ,https://leadcreation.co.jp/blog/industry/restaurant,kept
京都 の 美容 室店舗・内装デザイン,https://colmodesign.com/salondesign-kyoto/,kept
IT・通信業界,https://www.ad-market.jp/blog/tag/it-telecom/,no_company
株式 会社 プロス：総合 美容 ディーラープロス 京都 、東京、福岡,https://prosbeauty.com/free/networking1,kept
令和5年度 飲食店 向け支援事業 「経営改善セミナー」の実施について,https://www.kyokanko.or.jp/news/20231027_1/,no_address
コンサルティングコンテンツ1／ 集患 ・ マーケティング 戦略,https://tdmlabo.com/shika_consulting/marketing/,kept
会社 ・店舗紹介,https://www.japan-connect-real-estate.com/%E4%BC%9A%E7%A4%BE-%E5%BA%97%E8%88%97%E7%B4%B9%E4%BB%8B,no_address
地域トップビルダーの 集客 ノウハウセミナー5選,https://handr.libcon.co.jp/seminar/sem_0918_1496/,fetch_failed
不動産 業のデジタル マーケティング 2022年の総括と2023年の展望調査,https://servithink.co.jp/wordpress/wp-content/uploads/2022/11/%E4%B8%8D%E5%8B%95%E7%94%A3%E6%A5%AD%E3%81%AE%E3%83%86%E3%82%99%E3%82%B7%E3%82%99%E3%82%BF%E3%83%AB%E3%83%9E%E3%83%BC%E3%82%B1%E3%83%86%E3%82%A3%E3%83%B3%E3%82%AF%E3%82%99-2022%E5%B9%B4%E3%81%AE%E7%B7%8F%E6%8B%AC%E3%81%A82023%E5%B9%B4%E3%81%AE%E5%B1%95%E6%9C%9B%E8%AA%BF%E6%9F%BB.pdf,fetch_failed
実践型 マーケティング マネジメント,https://www.shokunin-kigyoujyuku.com/wp-content/uploads/2017/09/media_%E6%96%B0%E5%BB%BA%E3%83%8F%E3%82%A6%E3%82%B8%E3%83%B3%E3%82%B0%E3%83%97%E3%83%A9%E3%82%B9%E3%83%AF%E3%83%B3%E7%AC%AC10%E5%9B%9E.pdf,fetch_failed
神戸の マーケティング ・Web 広告 ・SNSならS-Suite,https://s-suite.kobenp-printing.co.jp/,kept
VISCA NEWS「 集患 」にお悩みではありませんか？ビスカの ...,https://www.visca.co.jp/newsletter/vol-124/visca-news-3/,kept
Edu Marketing Partners,https://www.edumarke-partners.com/,no_address
スクール事業,https://maruworks.kotomeet.com/54/,no_address
メディア表現学部教員の富樫 佳織が「日本 マーケティング 協会 ...,https://www.kyoto-seika.ac.jp/news/2022/0804_5.html,no_address
西河 豊治,http://www.shindan-kyoto.com/consultant/member/nishikawa_toyoharu.html,no_company
スキルアップ講座 – ページ 7 – 一般社団法人 住宅 長期支援センター,https://www.holsc.or.jp/blog/category/skillup/page/7/,no_sns_service
株式 会社 レジステイ,https://resistay.jp/corporate/support/,no_address
外資系企業での経験を活かし26歳で個別指導塾を買収,https://batonz.jp/learn/7085/,no_address
復活！「コンサルに聞く！」シリーズ：小 京都 の宿＜旅籠ほりかわ ...,https://www.nbsh.jp/topics_detail.php?id=125,kept
株式 会社 T2,https://www.t2-company.jp/,no_address
京都市 商業活性化アクションプラン2011,https://www.city.kyoto.lg.jp/sankan/cmsfiles/contents/0000124/124124/gaoyoubann.pdf,fetch_failed
京都市 マターポート事例・祇園肉亭「新」,https://meidansha-co.com/gion-nikutei-shin/,no_sns_service
販促 ツール専門通販サイト Love.co.モール,https://www.love-co-mall.com/,kept
地下鉄駅構内広告,https://www.kyoto-traffic-ad.com/main4.html,no_sns_service
セントウェーブ導入例,https://www.fragrance-others.com/%E5%B0%8E%E5%85%A5%E4%BE%8B/,kept
ディランド山京株式 会社 ／京都府 京都市,https://www.zentaku.or.jp/about/research_project/renovation/renovation-10843/,no_sns_service
デザインの戦略的な活用,https://www.kptc.jp/gijutsushien/des/,kept
会員顧客との絆で成長する健康食品販売会社 ICTを活用し「リアルと ...,https://www.ricoh.co.jp/magazines/smb/casestudy/007336/,no_sns_service
デジタル 活用・クロスメディア,https://www.tsuchiyama.co.jp/blog/category/blog/digital-crossmedia/,kept
SNSマーケティング,https://www.essence-enrich.jp/snsmarketing,kept
令和6年度 新しい商店街づくり総合 支援 事業,https://syoutengai-c.com/support/selected-projects/r6/,no_sns_service
株式 会社 いただき,https://itadaki.co.jp/,kept
レッツ倶楽部 新事業所オープンのお知らせ（ 京都 府）,https://www.lets-club.jp/fc/news/241002/,no_company
縁長募集！あんグループ,https://angoen.com/,no_sns_service
京都 の町と文化。そのコンテンツと 集客 力について考える,https://pr-h.jp/news/kyoto/prh-41337/,kept
インバウンド対策事例,https://tourism-solution.navitime.co.jp/service/inbound/case-study/localgovernment-dmo,no_sns_service
京都市 の海外拠点活用による徹底的なマーケティングと ...,https://economy.clair.or.jp/casestudy/inbound/2208/,no_company
企業情報,https://m-comi.jp/aboutus.php,kept
「 京都 府と株式 会社 明治との 地域 活性化包括連携協定」 に基づく ...,https://www.pref.kyoto.jp/minkanrenkei/news/documents/meiji-renkeijikou.pdf,fetch_failed
映像制作,https://kyrie-kyoto.co.jp/video,kept
65歳 セフィーヌ 京都 に関する独立、開業、 フランチャイズ 情報を探す,https://entrenet.jp/kw/65%E6%AD%B3%20%E3%82%BB%E3%83%95%E3%82%A3%E3%83%BC%E3%83%8C%20%E4%BA%AC%E9%83%BD/,no_sns_service
売上向上を目指す情報発信強化・ 広報 担当人材育成コース,https://recurrent-kyoto.com/news/3864/,no_sns_service
株式 会社 センス・インターナショナル,https://www.mebic.com/cluster/sense-international.html,no_address
大阪,https://foodboros.com/category/osaka/,no_address
大阪 エステ サロン のための 集客 セミナー講座,https://www.hachimakivenda.com/osakaestesalonseminar,no_address
2024年8月5日 47都道府県プロジェクト in 大阪,https://www.digital-salon.com/news/7puv8-hd5,kept
株式 会社 第一紙行,https://kyoto-ninaite.com/ukeire/daiichishikou/,no_address
イベントプロモーション Event Promotion,https://www.graphic.co.jp/service/promotion.html,kept
美容 室・ サロン の経営にお困りなら,http://www.c-nozomi.co.jp/,no_sns_service
歯科専門のコンサルティング,https://climake.jp/,no_company
石田 英二,https://www.osaka-shindanshi.org/member/n421527/,no_company
医院 クリニック 専門のWEB集患・増患支援,https://medicalresearch.jp/service/web/,kept
株式 会社 シナラボ 歯科 クリニック 集患 支援・ホームページ制作,https://www.synalabo.com/menu/category/consultant-dental-clinic/,kept
医療コンサルタント お役立ち情報 株式 会社 ウィズメディカルサービス,https://with-medical-service.jp/blog/,kept
医療専門のWEB マーケティング は、株式 会社 grits,https://m-and.jp/special/mono001/,kept
事業内容,http://www.admax.co.jp/business/,no_address
集客 方法,https://shinwa-mitsukeya.com/ad/,no_sns_service
歯科 ・医療の 集患 、まるごとお任せ,https://tsumugi-mktg.com/retail/clinic/,kept
REBCOについて,https://reblo.jp/media/about/,kept
不動産 業界の 集客 について,https://lets-marke.com/blog/post/fudousan,no_address
マーケティング,https://credo-m.co.jp/seikeigeka/category/marketing/,no_sns_service
ART 学習塾 経営マニュアル- 会社 紹介 学習塾マーケティング の専門家,https://www.juku-keiei.com/aboutus/daihyou.html,no_sns_service
工務店・ 不動産会社 のWEB 集客 パッケージ,https://uniideo.com/inhows/,kept
会社 概要,http://www.accel-hospitality.com/about/,no_sns_service
大学職員SD研修,https://www.educe-ac.com/service/training/,fetch_failed
塾・学校・家庭を結ぶ 受験情報サイト：学びネット,https://manavinet.com/special/1411/no4.html,kept
会社 概要,https://www.yag-m.co.jp/company/outline,kept
事業紹介,https://yss-hotels.co.jp/service/,kept
株式 会社 日本カーズ・コム 中途採用,https://recruit.nihon-cars.com/,kept
【2021年10月13日@ 大阪 】 ホテル ・ 旅館 業界 IT&リノベーション ...,https://cnctor.jp/news/2021-10-04-1/,kept
News/Blog NEWS・ブログ,https://owlet.kansaipado.co.jp/blog/@p4/,no_address
リピート8割の支持される 工務店 がやっているOB顧客フォロー術 ...,https://www.nna-osaka.co.jp/information/obfollow/,no_address
飲食店 フランチャイズ 本部 – 株式 会社 U Angle（ユーアングル）,https://uangle.co.jp/works/65,fetch_failed
一般社団法人中小企業 集客支援 機構: HOME,https://bizdraw.org/,no_address
中小企業のための デジタル 活用セミナー＆ワーク ショップ,https://www.osaka.cci.or.jp/event/seminar/202605/D55260511018.html,no_address
中小企業の販路開拓 支援,https://www.pref.osaka.lg.jp/o110070/keizaikoryu/monodzukuri/index.html,no_address
FC本部業務の代行／コンサルティング,http://www.fc-agent.com/category/1537020.html,no_sns_service
新展示会「リテールテックOSAKA 2021」出展者募集のお知らせ,https://messe.nikkei.co.jp/rt/osaka.html,no_company
フランチャイズ ショー 大阪 2025に出展します,https://www.isb.co.jp/newsroom/events/release20250707/,no_sns_service
フランチャイズ 募集,https://osakaittetsu.com/fc.html,no_sns_service
京なか株式 会社 ：京なかGOZAN（きょうなかござん）の代表 企業,https://kyonaka-gozan.kyoto/main-company/,no_address
日本国内の法人・自治体さま、旅行代理店さま（ 大阪 ジョイナー）,https://osakajoiner.com/domestic-business,kept
令和 6 年度（2024） 事業報告,https://s3.ap-northeast-1.amazonaws.com/content.osaka-info.jp/disclosure/%E4%BB%A4%E5%92%8C6%E5%B9%B4%E5%BA%A6%E4%BA%8B%E6%A5%AD%E5%A0%B1%E5%91%8A.pdf,fetch_failed
集客 施策から長期的なブランディングまで、 インバウンド ...,https://hhms.co.jp/knowledge/inboundpromotion/,kept
大阪市 の イベント ・セールス プロモーション会社,https://tonakbuque.co.jp/osaka-marketing-company/,fetch_failed
セールス プロモーション 事業,https://palfe.ne.jp/promotion/,kept
株式 会社 After All,https://www.zehitomo.com/profile/%E6%A0%AA%E5%BC%8F%E4%BC%9A%E7%A4%BEafter-all-tN09cEtu2/pro,kept
シナジーマーケティングと若菜企画、クラウド型ケータイ 集客支援 ...,https://corp.synergy-marketing.co.jp/press/2010/0927101940_7067.html,kept
大阪 府認定「ビジネス 広報 PR講座」,https://lpr-m.jp/course/,no_address
イベント 企画提案の募集について,https://www.city.sennan.lg.jp/kakuka/seichousenryaku/promotion/jigyousya/1636090543607.html,no_company
おおさか 地域 協働パートナー制度（ 大阪 府政・ 地域 貢献 企業 登録 ...,https://www.city.osaka.lg.jp/shimin/page/0000538994.html,no_sns_service
会社 情報,https://www.mp-strategy.com/company/,no_address
イベント プランニング,https://winnist-power.net/?page_id=55,no_sns_service
関西支店,https://kansai.aap.co.jp/,kept
【脱毛 サロン 】個人 サロン が大手チェーンと差別化する5つの 集客 戦略,https://sofinc.co.jp/blog/datsumou-salon-kojin-saburetsuka/,no_address
美容 室のパートナーKMGさんのプロフィールページ,https://www.ameba.jp/profile/general/duemu104/,no_sns_service
会社 概要/コンサルタントの紹介,http://www.inc-mc.jp/access,kept
株式 会社 ShinPaku,https://www.nishinihon-venture.com/company/shinpaku/,no_address
取り扱い 広告,https://www.nansen.co.jp/service/,no_sns_service
歯科 医院の マーケティング とマネジメントを支援するデントランス,https://dentrance.jp/hp_before_after.html,kept
美容 機器販売事業,https://kansai-beauty.com/project/,no_sns_service
ORPEC : 一般社団法人 大阪 活性化事業実行委員会,https://orpec.or.jp/,no_address
5/27(水) Web 販促 ＆ デジタル 活用展2026 in 大阪 に出展いたします,https://ideac.co.jp/news/eve_detail2024-2-2/,kept
会社 案内,https://www.svision-e.com/aboutus/,no_sns_service
大阪府堺市東区： クリニック 様の野立て看板,https://meiku-ad.jp/works/6894/,no_address
歯科 神戸市ご開業,https://www.dentax.jp/interview01.html,no_sns_service
基礎から学ぶクリニックのSEO・MEO対策,https://clinicstation.jp/column/6084,no_address
トピックス,https://medi-care.jp/columns/,no_sns_service
株式会社ビージェント,https://partner.e-shops.jp/details/324/,no_contact
全ページ,https://www.takano-koumuten-sakai.com/all.html,no_sns_service
出展のご案内,https://housing-biz.jp/kansai/exhibitor/,kept
大阪の 不動産 売却・買取・査定なら浪健 不動産,https://namiken.jp/,no_sns_service
新着情報,https://www.ad-mitsuwa.com/news/,kept
資産運用,https://www.ark-one.net/asset/,no_sns_service
令和5年度版 賛助会員リスト改定にむけて,https://www.aba-osakafu.or.jp/member/pdf/supportingmember/member-list.pdf,fetch_failed
「アブリダス マーケティング 」のブレークスルーアカデミー有限会社,https://www.aburidas.com/,kept
萩原 不動産,https://www.hagihara-fudousan.com/,no_sns_service
高校生＆大学生によるスマホ講座 堺市 の泉北ニュータウンで,https://www.kyoiku-press.com/post-244818/,no_sns_service
AMWORKSについて l ホテル ・ 旅館 ・リゾートのコンサルティング ...,https://www.amworks.jp/about/index.html,kept
クルマのプロ 市川行徳店,https://www.kuruma-pro.info/,no_sns_service
会社 情報,https://classmatejp.com/company/,no_sns_service
株式会社アド・バリュークリエイト,http://www.advalue-create.com/,no_address
株式 会社 パーソナル・サポート,https://jinzai100.jp/company/personalsupport/,no_sns_service
ワークレイジ株式 会社 – 上質なサービスを大切なお客様へご提供,https://workrage.jp/,no_address
辰  屋 フランチャイズ,https://tatsumiya1969.co.jp/wp-content/uploads/2025/09/250905_syukuhaku1_dl.pdf,fetch_failed
サービス事業者向けデジタルツール導入ガイド,https://www.city.sakai.lg.jp/sangyo/shienyuushi/dx_shien/digital-tools-guide.html,no_sns_service
青木 孝之,https://www.sakai-ipc.jp/specialist/profile/48/,kept
くらよし デジタル 商品券について,https://www.city.kurayoshi.lg.jp/12481.htm,no_sns_service
新規 フランチャイズ 募集,https://www.daichan7.com/franchise,no_sns_service
堺経営ラボand next,https://www.ninteishien.go.jp/NSK_CertifiedRecordView?id=a0D2r000001bxHvEAI,no_sns_service
令和5年度 事業計画,https://www.sakai-tcb.or.jp/assets/pdf/profile/admission/r5_plan_jigyo.pdf,fetch_failed
地域再生計画,https://www.city.wakayama.wakayama.jp/_res/projects/default_project/_page_/001/002/797/2023kannkou.pdf,fetch_failed
4‒2 政令指定都市 観光 協会等の組織運営と事業の実態,https://www.nihon-kankou.or.jp/home/userfiles/files/235_250.pdf,fetch_failed
メンバー情報 建設業界案件受発注、会員特価の商材・サービスなど ...,https://gcuni.com/index.php/member?paging=5&all_total=301&,no_address
フランチャイズ 加盟方法,https://fdma.co.jp/fc/join/,no_sns_service
「第 12 回 日本 マーケティング 大賞」で奨励賞を受賞!!,https://www.osaka-kousha.or.jp/x-whatsnew/pdf/PressRelease_2020-06-22.pdf,fetch_failed
テレビ番組・CM・映像制作、イベント企画,https://www.totsu-plan.com/EIZO_p.html,kept
地域企業 と社会の架け橋となり、 「三方良し」を実現する企業を ...,https://listen-web.com/story/ryo-hiroyuki,no_sns_service
サービスのご案内,http://kyo-ri.co.jp/service,kept
エステ サロン 開業支援,https://eluca-kobe.com/business.html,no_sns_service
ウエブ マーケティング会社 スパーク,https://spark-kn.com/,no_address
企業 版ふるさと納税で実現！ 企業 の想いが支える、大阪府 堺市 の空 ...,https://www.jtbbwt.com/business/case-study/solution/promotion/detail/id=4328,no_address
堺市 泉北ニュータウン商業支援,https://www.mellow.jp/case-studies/sakaishi,kept
地域 交流,https://sakai-yakult.com/pages/27/,kept
神戸市営地下鉄車内放送 広告 及び駅名板下 広告 募集要項,https://kotsu.city.kobe.lg.jp/wp-content/uploads/04_/5lql5qwt6icf44gu5pa544g4/5bqd5zgk44gu44gu5qgi5yaf/-1.pdf,fetch_failed
歯科 業界専門看板 会社,http://dentalsign.co.jp/mp/implant.html,kept
広告 代理店業務,https://dr-kobe-kanban.net/advert.html,no_address
ペタビット マーケティング 株式 会社,https://jp.linkedin.com/company/%E3%83%9A%E3%82%BF%E3%83%93%E3%83%83%E3%83%88%E3%83%9E%E3%83%BC%E3%82%B1%E3%83%86%E3%82%A3%E3%83%B3%E3%82%B0%E6%A0%AA%E5%BC%8F%E4%BC%9A%E7%A4%BE,no_address
小児 歯科 ・矯正経営研究会,https://study.funaisoken.co.jp/pages/dental-029963-s031,no_sns_service
サポート事例,https://endoor-plus.com/case/,no_company
神戸市 の 不動産 管理はone＆one株式 会社,https://www.oneandone.co.jp/management,no_sns_service
神戸市 北区の 美容 ディーラー (有)ケイ・アンド・ケイ,https://k-and-k.net/k-and-k-kobe/,no_address
職人のための マーケティング 基礎講座,http://keihanshin-mokuzou.jp/pdf/JBN160218.pdf,fetch_failed
オーナー様向けサービス,https://www.arkgk.co.jp/ja/sell-with-us,kept
住宅 不動産 業の方へ,https://js-kobe.com/%E4%BD%8F%E5%AE%85%E4%B8%8D%E5%8B%95%E7%94%A3%E6%A5%AD%E3%81%AE%E6%96%B9%E3%81%B8/,no_sns_service
さこし 不動産 について,https://www.sakoshi.co.jp/sakoshihudousan/,no_sns_service
Solution,https://www.kobe-itp.com/solution,kept
SDGs,https://www.kobe-cufs.ac.jp/news/sdgs/index.html,no_sns_service
【 歯科 専門】 集患 ・自費率UPに特化のホームページ制作,https://haishasan.synalabo.com/,no_address
イベント,http://www.value.kobe-u.ac.jp/events/,no_sns_service
CEOキッズアカデミー直営校 六甲教室 子ども起業家コース 募集 のご ...,https://ceokidsacademy.jp/rokko/,kept
Works,https://begent.jp/works/,no_company
ルート株式 会社 が神戸支店を開設,https://kobe-investment.jp/2026/01/19/143/,no_sns_service
ハイスターズについて,https://high-stars.net/about/,no_sns_service
事業としての魅力,https://www.yarukiswitch.jp/fc/ie/newbusiness/,no_address
会社 概要,https://aiten-recruit.jp/company,no_sns_service
薄利多売の事業に欠かせないのはバックオフィスへの投資と経営者 ...,https://kobe-dxotasuketai.jp/bible/page05.html,no_sns_service
「 デジタル ビンゴ」で 小売店 振興 神戸市 で10月1日から、9月に ...,https://news.kobekeizai.jp/blog-entry-11900.html,no_sns_service
令和8年度 神戸 市政に対する要望,https://www.kobe-cci.or.jp/pdf/youbousho_2025.pdf,fetch_failed
応援隊派遣事業,https://biz.ichiba-kobe.gr.jp/ouentai,no_sns_service
会員紹介,https://www.shindan-hg.com/member,kept
リクルート,https://upsee.jp/recruit/,no_sns_service
印刷実績のご紹介,https://www.shichiou.co.jp/product/product.html,no_sns_service
利用案内,https://www.kfcc.co.jp/coco/guide/,no_address
COMPANY,https://acc-mg.com/company/index.html,no_sns_service
HOME/C,https://smiloop-fc.com/c/,kept
フランチャイズ 型パートナー教室募集,https://logica.areadrive.com/fc/,fetch_failed
兵庫県 神戸市 様のインバウンド 集客 事例,https://www.tokyocreative.jp/ja/casestudy-14-%E5%85%B5%E5%BA%AB%E7%9C%8C%E7%A5%9E%E6%88%B8%E5%B8%82%E6%A7%98,no_address
藤田 修司（ふじた しゅうじ） 神戸市 産業振興局 観光 ...,https://www.crma-j.org/pdf/1506091420_2.pdf,fetch_failed
令和8年度入学者選抜について,https://kagi-hs.kobe-c.ed.jp/2025/12/%E4%BB%A4%E5%92%8C8%E5%B9%B4%E5%BA%A6%E5%85%A5%E5%AD%A6%E8%80%85%E9%81%B8%E6%8A%9C%E3%81%AB%E3%81%A4%E3%81%84%E3%81%A6/,no_sns_service
令和2年度 公益社団法人姫路 観光 コンベンションビューロー事業方針 ...,https://www.himeji-kanko.jp/pdf/bureau/r02-keikaku.pdf,fetch_failed
KOBEクールオアシス,https://www2.wagmap.jp/kobecity/PositionSelect?mid=116,no_sns_service
西日本の 観光 ・飲食を支援！「 集客 応援キャンペーン」を開始！,https://hi-techno.co.jp/blog/2047,kept
小川 雅弘,https://www.creation-net.co.jp/consul_staff/staff-006/,no_address
観光 業に関わる外国人から見る 神戸 の可能性,https://inbound-lab.info/archives/9641,no_address
イベント 用品レンタル/企画・運営/兵庫県・ 神戸市 /ダスキン ...,https://www.dra-kobewest.jp/,no_address
株式 会社 セレスポ 神戸 営業所,https://kobe-convention.jp/ja/our-service/suppliers-and-service-providers/cerespo/,fetch_failed
企業情報,https://kissho-group.com/company_info/,kept
「西神made（メイド）-KOBE OPEN FACTORY-」を開催します！,https://www.pac.ne.jp/news/20250213.html,kept
事業内容,https://kobe133entertainment.jp/services/,kept
イベント情報登録,https://www.feel-kobe.jp/kobe-yakei/registration/,no_company
【受付終了】【7/10 無料 広報 セミナー】 神戸 発の 企業 が全国展開 ...,https://publicity.kobe-np.co.jp/sp/134,no_address
松尾 良彦,https://kobe-ssr.jp/archives/business_item/533,kept
【アスフィル株式 会社 公式HP】採用・ 広報 ・人材教育・ 地域 貢献を ...,https://asfil.hp.peraichi.com/,no_address
【終了】7月26日参加無料・フェリシモ 広報 と 神戸 新聞経済記者が ...,https://anchorkobe.com/information/detail.php?id=32153,no_sns_service
飲食店 のプロデュース・独立開業支援は株式 会社 トラストグラシアス,https://business-fc.com/,kept
姫路市 の 飲食店 が地域特化型 マーケティング 支援サービスTOCOYA ...,https://tocoya.net/%E5%A7%AB%E8%B7%AF%E5%B8%82%E3%81%AE%E9%A3%B2%E9%A3%9F%E5%BA%97%E3%81%8C%E5%9C%B0%E5%9F%9F%E7%89%B9%E5%8C%96%E5%9E%8B%E3%83%9E%E3%83%BC%E3%82%B1%E3%83%86%E3%82%A3%E3%83%B3%E3%82%B0%E6%94%AF%E6%8F%B4/,no_address
ホームページ制作について,https://www.nagata-kikaku.com/homepage/,no_company
マクアケが 神戸市 と事業連携協定を締結 ～ 神戸市 の事業者の ...,https://www.makuake.co.jp/2378/,no_sns_service
地方創生応援税制（企業版ふるさと納税）,https://www.city.himeji.lg.jp/shisei/0000006122.html,kept
SIRO,https://siro46.com/,no_address
姫路駅前ビルの賃貸オフィス物件情報,https://www.jllproperty.jp/listings/himeji-ekimae-building-office,fetch_failed
ゴダイ株式 会社,https://www.godai.net/company/,no_sns_service
TADA HIMEJI,https://tadahimeji.com/,no_sns_service
民間 企業 と 神戸市 が連携！まち全体で マーケティング 活動を行う ...,https://port.creww.me/innovation/133324,no_address
【月額0円】 姫路市 ホームページ制作,https://hp-clef.com/himeji-homepage-seisaku/,kept
美容 室hairs 姫路 飾磨店,https://www.e-salon.co.jp/search/himeji-shikama/,no_sns_service
ものづくり補助金で口腔内スキャナ・セレック・CTの採択事例,https://genba-ism.net/index.php?%E6%AD%AF%E5%8C%BB%E8%80%85%E3%83%BB%E6%AD%AF%E7%A7%91%E5%8C%BB%E9%99%A2_%E3%82%82%E3%81%AE%E3%81%A5%E3%81%8F%E3%82%8A%E8%A3%9C%E5%8A%A9%E9%87%91,no_sns_service
の駅2,https://ecoms.sus.co.jp/magazine/pdf/EC_0045.pdf,fetch_failed
経験で 自分の進む道をつかみました 大学での学び,https://www.yamato-fukushi.jp/uploads/20180420.pdf,fetch_failed
第2 防 災 関 係,https://www.pref.ishikawa.lg.jp/bousai/nenpo/documents/02bousaikankei.pdf,fetch_failed
ホームページ制作 姫路市 DXアドバイザー工藤,https://dx-advisor.jp/website/website_himeji.html,no_address
「建築× 不動産 」成功企業視察ツアー！株式 会社 ここいえ店舗見学会,https://sumus-inc.co.jp/seminars/1370,kept
不動産 仲介,https://corp.akashika-jisho.co.jp/service/servicecase04,no_sns_service
中学生のみなさんへ,https://dmzcms.hyogo-c.ed.jp/himeji-chs/NC3/%E4%B8%AD%E5%AD%A6%E7%94%9F%E3%81%AE%E3%81%BF%E3%81%AA%E3%81%95%E3%82%93%E3%81%B8,no_company
(貸土地) 姫路市 阿保 (東姫路駅) 事業用地の物件情報,https://www.2402.jp/kasi-tochi/detail-64af63f3655be96a1a168b2e/,no_sns_service
DXで推進する みらいの教育,https://www.japet.or.jp/wp-content/uploads/2025/06/kansai_kyoiku_ict_ex_2025_annai.pdf,fetch_failed
姫路市 の定額制リフォーム「イメチェン」 （賃貸住宅向け）,https://k8c.co.jp/reformrenovation/chintai/,no_sns_service
姫路 商工会議所から一番近いお宿です ！！ シロノシタゲストハウス ...,https://www.himeji-cci.or.jp/back_number/pdf/open_202210.pdf,fetch_failed
高校2年生 修学旅行報告会,https://www.himeji-jogakuin.ed.jp/%E9%AB%98%E6%A0%A12%E5%B9%B4%E7%94%9F-%E4%BF%AE%E5%AD%A6%E6%97%85%E8%A1%8C%E5%A0%B1%E5%91%8A%E4%BC%9A/,no_sns_service
2023-2024,https://www.victorina-vc.jp/h_sports-academia2023-2024/,kept
「岡山市内における 神戸 への誘客 プロモーション 企画運営業務」に ...,https://kobe-ipc.or.jp/archives/14356,no_address
姫路 『ヴィクトリーナ 姫路 』の立ち上げから学ぶ 姫路 スポーツ ...,https://vbm.link/622468/,kept
サンフィールド・サポート,http://www.sunfield.biz/,no_address
Webサイト制作,https://fujicomp.co.jp/business/development/web.html,kept
ホテル ・ 旅館 の改修・劣化修繕,https://www.cielo-reform.com/plan/hotel/,no_sns_service
株式 会社 北野ウィング,https://www.vesca.co.jp/partner/vendor_index/kitanowing/,kept
ビートレンドがLINEミニアプリの活用で『トヨタカローラ 姫路 』の ...,https://www.betrend.com/news/20230501,no_sns_service
まるまさ フランチャイズ,https://marumasafranchise.studio.site/,no_sns_service
兵庫県 姫路市 で創業53年の「株式 会社 宍粟住建」が アイフルホーム ...,https://www.lixil-jk.co.jp/press-release/4770/,no_sns_service
ビジネスステーション21とは,https://www.bs21.jp/about-bs,kept
交通機関・ ホテル ・ 旅館,https://engawa.global/works_cat/businessfield/3/,no_address
"""気分上々！お掃除サービス -トップページ- 姫路市 網干区でハウス ...",https://k-joujou2021.com/,no_sns_service
「兵庫インバウンドセミナー」への共催について,https://www.minatobk.co.jp/topics/news/file/1168/topics20180528.pdf,fetch_failed
（案） ふるさと宍粟の 観光 基本計画（第3次） 令和 5 年 月 宍粟市,https://www.city.shiso.lg.jp/material/files/group/41/dai3ji_kanko_kihonkeikaku_soan.pdf,fetch_failed
B-1グランプリin 姫路 が地域にもたらしたもの/CEL【大阪ガス ...,https://www.og-cel.jp/search/1196243_16068.html,no_sns_service
Partners,https://local-prime.com/partners/,no_address
訪問ペット火葬Bibiの事業詳細,https://fc-owners.com/franchise/brand-detail?b=773,no_address
イベント 用品レンタル/兵庫県・ 姫路市 /ダスキンレントオール姫路 ...,https://www.dra-himeji.jp/,no_address
MONZEN,https://www.shinkibus.co.jp/sys/frames/view/2393,no_address
65周年プロジェクト,https://www.tmp-co.com/project_65th/,kept
広報 活動,https://www.hosyokyokai-hyogo.or.jp/upfile/CgcDisclosure2023_10.pdf,fetch_failed
会社 概要,https://www.tm-office.co.jp/profile/,fetch_failed
地域 人材ネット,https://www.soumu.go.jp/main_content/000999539.pdf,fetch_failed
地場産業のPR冊子を作成 伝統の継承につながるか 姫路市 の事例,https://tsu-suke.jp/news/4508,no_address
エクスペリサス、「西のゴールデンルート」にパートナー企業 ...,https://about.xperisus.com/news/20240301,no_address
株式 会社 地域活性局,https://www.chusho.meti.go.jp/koukai/shingikai/syoukibokihon/2018/download/181012syoukiboKihon06.pdf,fetch_failed
会員企業,https://kakogawa-cci.or.jp/member,kept
飲食店 の方はこちら,https://nara-kore.jp/shopregister/,no_sns_service
飲食店 コンサルティング（大阪・ 奈良 ・全国対応）,https://www.e-fbs.jp/,no_address
美容 師アシスタントの募集要項,https://clients.itszai.jp/4f5459354d413d3d/recruitments/242059,no_sns_service
奈良市 富雄駅前でエステスクール併設の本格エステ サロン PERLA ...,https://www.perla-petiller.com/school,no_sns_service
制作実績,https://www.accs-c.co.jp/webmarketing/works/,no_address
「タイでのデンタルツーリズム」プログラム開始のお知らせ,https://finance-frontend-pc-dist.west.edge.storage-yahoo.jp/disclosure/20260121/20260121536472.pdf,fetch_failed
医療、病院 ...,https://gcf.co.jp/posttag/%E5%BA%83%E5%91%8A/,fetch_failed
マーケティング でローカルを元気に。プレミア未来熟,https://www.e-rmc.jp/wp/,kept
CROSS – Barber & Hair salon –,https://remix-h.jp/case/1718,kept
広告・看板Advertising,https://www.adspacenara.co.jp/advertising.html,kept
クリニック経営に「WEB マーケティング が必要不可欠」といえる ...,https://medicallives.com/business/meo-web-marketing/,no_address
日進 不動産 株式 会社,https://www.nara-homepage.com/works/587,no_address
(株)福屋 不動産 販売 奈良 八木店の詳細情報(売却者向け),https://suumo.jp/baikyaku/__JJ_JJ052FD001_arz1060z2bsz1021z2fmlg2z1sellz2kcz1084132037.html,no_sns_service
～ 奈良 支部立ち上げ記念セミナー～ 「 飲食 で 奈良 の景色を変える ...,https://shokudanren.jp/activities/local-nara-seminar,no_sns_service
【 奈良 文化高等学校】,https://www.narabunka.ed.jp/introduction/pdf/r03-Evaluation.pdf,fetch_failed
「産学官連携によるこれからの社会に求められる人材を育成する ...,https://www.city.nara.lg.jp/site/kyouiku/3294.html,no_address
【 奈良 エリア 歯科 専門】 集患 ・自費率UPに特化のホームページ制作 ...,https://nara-haishasan.synalabo.com/,no_address
職業実践専門課程等の基本情報について,https://vr-osaka.jp/johokokai/cutdesign2025.pdf,fetch_failed
スズキ、cars株式 会社 に出資,https://www.suzuki.co.jp/release/d/2025/0905a/,no_sns_service
折込チラシとデジタル広告を組み合わせた マーケティング 戦略＃11 ...,https://claire-claire.co.jp/posting/posting_news/%E6%8A%98%E8%BE%BC%E3%83%81%E3%83%A9%E3%82%B7%E3%81%A8%E3%83%87%E3%82%B8%E3%82%BF%E3%83%AB%E5%BA%83%E5%91%8A%E3%82%92%E7%B5%84%E3%81%BF%E5%90%88%E3%82%8F%E3%81%9B%E3%81%9F%E3%83%9E%E3%83%BC%E3%82%B1/,kept
会社 概要,https://bambitious.jp/company/company/,no_sns_service
cars株式 会社 に「スタートアップ 支援 資金」を初適用,https://www.jfc.go.jp/n/collabo/pdf/J873-T_kinki_20241129_20241028.pdf,fetch_failed
クリニック 向けホームページ制作・運用支援,https://www.diamode.jp/service4,no_address
組合情報ナビ,https://www.chuokai-nara.or.jp/chuokai/kumiai_navi.html,no_sns_service
フランチャイズ 募集,https://beeline-tire.co.jp/franchise/,kept
会社 概要,https://rentall-nara.jp/wp-content/uploads/2023/03/company_rentall.pdf,fetch_failed
私たちについて,https://ndso.jp/about/,no_company
フランチャイズ 卒業,https://crepe-hiver.itigo.jp/kitchen-car-franchise/,no_sns_service
お取組紹介：株式 会社 Tale Navi,https://chiikisyousya-network.go.jp/board/detail/52,no_address
[斑鳩産業株式 会社 （地域DMO）ビジョン ],https://www.ikaruga-s.com/town/dmo_vision.pdf,fetch_failed
地域特化型M&A・経営資源引継ぎWebメディア「ツグナラ 奈良 」,https://tgnr.jp/nara/?post_type=post&p=19771,no_address
奈良 県,https://www.kansai.meti.go.jp/3-1toukou/dx/jirei_1.pdf,fetch_failed
企画運営業務事業者の審査及び選定結果について 大和高田市 ...,https://www.city.yamatotakada.nara.jp/material/files/group/20/machi_kekka.pdf,fetch_failed
令和7年度事業計画 公益社団法人 奈良市 観光協会は,https://narashikanko.or.jp/lsc/upfile/articleDetail/0000/0097/97_d015_file.pdf,fetch_failed
全国 地域 安全運動 奈良 県民大会,https://www.nippon-koki-marketing.com/event/2019/01/201901000139.html,kept
HUGKUMI -はぐくみ-【掲載料無料の 工務店 向け 住宅 ポータルサイト】,https://dx-insight.com/service/hugkumi/,kept
ABOUT US,https://www.flyingbird.jp/about/,no_sns_service
堀川 雄一,https://nara-sangyoshinko.or.jp/senmonka/disp.php?dno=57&y1=&y2=0&y3=0&y4=0&keyword=,no_address
解決セミナー 解決セミナー,https://yarukiouendan.or.jp/cms/wp_wipf/wp-content/uploads/semina_tirasi24-2-1.pdf,fetch_failed
プロモーションイベント 運営請負,https://xn--n8jycu88o.com/%E3%83%97%E3%83%AD%E3%83%A2%E3%83%BC%E3%82%B7%E3%83%A7%E3%83%B3%E3%82%A4%E3%83%99%E3%83%B3%E3%83%88%E9%81%8B%E5%96%B6/,kept
飲食店 がウィズコロナでV字回復する為の具体的 ノウハウ&デジタル ...,https://www.wakayama-cci.or.jp/cms/wp-wcci/wp-content/uploads/%E5%92%8C%E6%AD%8C%E5%B1%B1cci%E9%A3%B2%E9%A3%9F%E5%BA%97%E5%90%91%E3%81%91%E3%82%BB%E3%83%9F%E3%83%8A%E3%83%BC%E3%83%81%E3%83%A9%E3%82%B7.pdf,fetch_failed
10/9（木） 奈良 県で開催！インバウンドセミナーin 奈良,https://bea.jp/news/10%E6%9C%889%E6%97%A5%E6%9C%A8%E9%96%8B%E5%82%AC-%E3%82%A4%E3%83%B3%E3%83%90%E3%82%A6%E3%83%B3%E3%83%89%E3%82%BB%E3%83%9F%E3%83%8A%E3%83%BCin%E5%A5%88%E8%89%AF/,kept
株式 会社 中心屋 様,https://www.tkc.jp/cc/senkei/201105_system03,no_address
Press Letter,https://hba.beauty.hotpepper.jp/wp/wp-content/uploads/2025/03/PR_20250328-2.pdf,fetch_failed
お問い合わせフォーム,http://dentry.jp/inquiry/,no_sns_service
No.02-009 セミナー情報,http://jmfas.org/seminar/02-009/,no_sns_service
お問い合わせCONTACT,https://join-co.jp/contact.html,no_sns_service
美容 室の看板デザイン施工例-男女共に入りやすい店舗 和歌山市,https://meiku-koukoku.com/%E7%BE%8E%E5%AE%B9%E5%AE%A4%E7%9C%8B%E6%9D%BF%E6%96%BD%E5%B7%A5%E4%BA%8B%E4%BE%8B%E3%80%80%E3%82%B7%E3%83%B3%E3%83%97%E3%83%AB%E3%81%A7%E3%81%8A%E3%81%97%E3%82%83%E3%82%8C%E3%81%AA%E7%AB%8B%E4%BD%93/,no_sns_service
無料会員様 特典,https://www.insite.co.jp/regist/,no_sns_service
安全運転管理者選任事業所名簿 橋本市,https://www.police.pref.wakayama.lg.jp/02_koutsu/shinsei/anzenunten/documents/itiran.pdf,fetch_failed
広報 ・PRサポート,https://www.nara-cci.or.jp/service/kouhou/,no_sns_service
About Us,https://placebranding.jp/aboutus/,no_address
登壇者,https://forum.iyell.co.jp/20200421/speakers.html,no_sns_service
不動産 を売る,https://www.hanwa-fh.com/sell,no_sns_service
会社 案内,https://www.arc4u.co.jp/pages/2/,no_sns_service
自分らしく働きたい方に最適な面貸し,https://truckhair.net/feature/lending/,no_sns_service
メンズ脱毛なら医療脱毛のメンズブラン クリニック,https://bccl.jp/mens/mens-wakayama/privacy/,no_sns_service
871RC西宮三田店インプレッサ専門店  コンサルティング,https://871rc.co.jp/service/index.html,no_sns_service
経営危機に陥った老舗 旅館 が経営資源とITを活かした改革で黒字化を ...,https://yorozu.smrj.go.jp/support/wakayamayorozu_oose/,no_sns_service
美容 室専門の税理士,https://salon-shichino-tax.com/,no_sns_service
和歌山市 の 不動産 売却は【I's 不動産 株式 会社 】へ,https://is-fudousan.net/,no_sns_service
セミナー,https://zenchin-fair.com/2025/osaka/seminer,no_address
株式 会社 くるまだるまや,https://www.u-road.jp/2027/corporations/view/202,no_sns_service
オーナー様へ,https://www.minimini-wakayama.co.jp/original_page/906230,no_sns_service
仕様書 1．業務名 令和3年度 販促 ツール活用促進 ...,https://www.pref.wakayama.lg.jp/prefg/061000/d00206686_d/fil/02_shiyousho.pdf,fetch_failed
販促 促進 支援,https://w-i-n-g.jp/service/service03.html,no_address
資本金増資のお知らせ,https://www.aptroom.net/capital-increase,fetch_failed
株式 会社 マップルの地域創生事業,https://biz.mapple.com/kanko-dx/,no_address
第7章 施策（重点施策再掲）,https://www.city.sakaiminato.lg.jp/upload/user/00005275-17E6.pdf,fetch_failed
クレープのキッチンカー・移動販売・Sweets HERO(スイーツ ...,https://taroc.jp/,kept
沿革,https://www.pp-hiraga.co.jp/corporate/history/,kept
会社 概要,http://www.vaw.ne.jp/aaa/pege/gaiyou.htm,no_address
地方の課題をFireflyで生成したキャラクターで解決。 和歌山市 シティ ...,https://blog.adobe.com/jp/publish/2025/12/15/cc-wakayamashi-city-promotion-firefly-case-study,no_company
大阪 観光 大学 リカレント教育セクション,https://tourism-lab.jp/cooperation/2024/teacher.php,no_address
観光 立国プラットフォーム設立記念セッション「 観光 ...,https://www.tourism.ac.jp/news/cat8/15526.html,kept
会社 概要,https://www.dra-wakayama.jp/comp/,kept
S23_16_chuugoku,https://s23.jizokukahojokin.info/doc/saitaku16/s23_16_chuugoku.pdf,fetch_failed
広報 塾,https://www.jsccs.jp/activity/lessons/,kept
タグ,https://solution.gnavi.co.jp/tag/?tag_search=1&tag_id=8,no_address
トランスコスモス、オペレーション拠点「 マーケティング チェーン ...,https://www.trans-cosmos.co.jp/company/news/201109.html,no_address
井上 泰裕,https://www.okasci.or.jp/~keieishien/senmonka/search/index.cgi?c=zoom&pk=1167,kept
befriend株式 会社,https://www.wakayama-uiturn.jp/highschool/recruit/page/?slug=befriend,no_address
【アクター】 MEO対策ツール「ミセシルベ」提供開始,https://eltes.co.jp/news/20241028,no_address
飲食店 開業支援サポート,https://bitchuya-sake.com/menu2/,kept
株式 会社 しっとるの共創プロフィール,https://auba.eiicon.net/projects/30969,no_sns_service
プライバシーポリシー,https://yobou-kanpou.or.jp/privacy-policy,no_sns_service
「 美容 院」OHANAの吉田様から補助金支援のお話を伺いました。,https://www.southokayama-biz.jp/voice/voice009/,no_sns_service
病院・ クリニック のホームページ制作が得意な 会社 7社,https://studio.design/ja/blog/clinic-site,no_address
会社 情報,https://okayama-consulting.net/company/,no_address
縁むすび応援企業 登録企業をご紹介します！,https://www.pref.okayama.jp/page/1033604.html,kept
事業内容,https://lasocompany.com/business,no_sns_service
不動産 を貸したい方へ 岡山 の 不動産 ウェーブハウス,https://www.wavehouse.co.jp/RentOut/,fetch_failed
賃貸物件の 集客 と管理についての話,https://www.takita-web.com/column/38686/,no_sns_service
令和7年度 不動産 フェア 第10回空き家等に関する松本明子 ...,https://www.rsk.co.jp/radio/fudousan_fair/,no_sns_service
岡山市 で 不動産 売却・無料査定が口コミで評判のカスケ 不動産,https://kasuke-fudousan.com/staffblog/?p=18939,no_sns_service
オーナー様へ,https://www.oomorisyouji.co.jp/owner_page/1473223,no_sns_service
不動産 の売却・査定,https://keytown.jp/service/sell/,no_sns_service
Sheet1,https://www.city.okayama.jp/kurashi/cmsfiles/contents/0000057/57040/2025.xlsx,fetch_failed
TAMANO,http://www.tamanosho.ed.jp/pdf/2026schoolguide.pdf,fetch_failed
売却を依頼する 不動産会社 はどう選ぶ,https://www.towa-realestate.com/article/for-sellers/know-how/iraisaki-sentaku/,no_sns_service
地元 岡山 の危機に、東大生がリモートインターン。オンライン家庭 ...,https://ascii.jp/elem/000/004/022/4022634/,no_address
住宅 メーカー向け デジタルを活用した 住宅 販売営業DX 成約までの ...,https://lp.so-tech.co.jp/lycle20210513,no_address
会社概要・お問い合わせ,https://wata-support.jp/about/,kept
【No.435】第3回キャリアガイダンスオンラインサロン 1/29（土 ...,https://souken.shingakunet.com/secondary/2022/01/no435-ab0c.html,no_address
岡山 のみらいを創造する 岡山 市役所の「副業・兼業の戦略 ...,https://mirai-works.co.jp/news/news554/,no_address
【 住宅 業界向け】今日から変わる仕事術！AI導入、業務効率化,https://blog.re-feed.jp/seminar/241213_seminar/,no_address
小規模事業者持続化補助金（ 岡山 ）,https://k-supporterz.jp/33_Okayama/jizokukahojokin.html,no_address
中谷 泰久,https://chugokukeiei.com/aboutus/member/nakatani-yasuhisa.html,kept
ゼロから教え直し専門 フジゼミ,https://fujizemi.com/,no_sns_service
COMPANY,https://zenshin.cloud/company/,kept
一般社団法人 誘客マネジメンツ,https://kato-manabu.com/,kept
MEO対策,https://usa-bility.com/meo/,kept
ショップ プロデュース科Shop Produce Dept.,https://cdc-de.ac.jp/department/shop-produce/,no_company
【 岡山 県】「 デジタル 化による生産性向上等 支援 補助金」のご案内,https://okayama-cci.or.jp/news/25573.html,no_company
岡山 一番街」「さんすて 岡山 」に「デジクル for LINEミニアプリ」を ...,https://digiclue.jp/news/20211210/,kept
令和7年度事業計画,https://www.okayama-kanko.jp/asset/about-site/jigyo_keikaku_R7.pdf,fetch_failed
ブランディングカレッジ,https://www.next-plus.co.jp/service/branding_college/,kept
スタッフ紹介,https://yorozu-okayama.go.jp/staff-list/,no_sns_service
スズキ 岡山販売 株式 会社 の募集要項,https://okajob.com/2027/company/recruit.html?cmp_id=7812,no_sns_service
5年連続No.1 フランチャイズ 個別サービス説明会,https://www.ie-miru.jp/cms/yoyaku/jihirohaie/events/35201?kc_source=ideahome.co.jp&utm_store_kc=true&header_back_url=https:://ideahome.co.jp,kept
岡山 で唯一の起業専門行政書士 中井行政書士事務所,https://nakai-office.jp/,no_sns_service
真庭商工会ホームページ 岡山 県真庭市,https://www.maniwasci.or.jp/page/2/?attachment_id,no_sns_service
令和元年度事業報告,https://japan-yakage.jp/wp-content/uploads/2021/08/R1business-report_new.pdf,fetch_failed
イベント 用品レンタル/岡山県・ 岡山市 /ダスキンレントオール岡山 ...,https://www.dra-okayama.jp/,no_address
会社 概要,https://jih.jp/about/,kept
リットシティの 観光 ・イベント プロモーション サービス,https://www.litcity.ne.jp/event-promotion/,kept
会社 案内,http://www.wave-pro.net/company/,kept
2023年4月16日（日）開催 おかやまスポーツ プロモーション 研究会 ...,http://www.daiyak.co.jp/news/detail/?id=3993,no_sns_service
各種会場設営スタッフ手配（岡山県 岡山市 ）,https://hito-to.com/%E5%90%84%E7%A8%AE%E4%BC%9A%E5%A0%B4%E8%A8%AD%E5%96%B6/,no_address
企画事業部,https://rsk-service.jp/kikaku_event.html,no_address
イベント,https://sj-sanyo.jp/event/,kept
サービス,https://design-life.jp/service-dl-consultant/,kept
岡山県 岡山市 で登用される外部専門人材2名が登用決定！民間 企業 の ...,https://anotherworks.co.jp/wp_post_bxWBuYxS/20230830,no_sns_service
集客 最大化の「STORE PAD」で Google経由予約が1000件増加,https://fooddeploy.net/posts/storepad-dx-media-kanri,no_address
【 岡山市 ×PRTIMES 共催】 広報 ・PR/プレスリリースセミナーに登壇 ...,https://toride-inc.com/posts-1/J5hC90iv,no_sns_service
ゆいまある様,https://www.cota.co.jp/images/owner/201906/press.pdf,fetch_failed
【 岡山市 ×PRTIMES 共催】 広報 ・PR/プレスリリースセミナー,https://momosta.com/archives/event_detail/event_detail-6363,no_sns_service
株式 会社 第一エージェンシー 岡山 支社,https://www.optic.or.jp/navi_company/com/m/company_detail/index/1523.html,kept
【岡山・茨城】モトヤユナイテッドが地域にインパクトを与えたい ...,https://relay.town/entrustments/motoyaunited,no_address
岡山市 最大級の屋外デジタルサイネージ「大雲寺ビジョン」の広告 ...,https://www.saylor.co.jp/news/2306/,no_address
新 倉敷 商工会館建設協力金募集中,https://www.kura-cci.or.jp/wp-content/uploads/R4_kaiho1_kaiho.pdf,fetch_failed
平成20年度卒業生の就職先,https://www.pu-hiroshima.ac.jp/uploaded/attachment/58.pdf,fetch_failed
岡山市・ 倉敷市 で相続税対策・土地活用なら,http://www.urban-baikyaku.net/estate/counterplan.html,no_sns_service
プライムホスピタル玉島,https://www.sekisuihouse.co.jp/medical/hospital/example/tamashima/,no_sns_service
株式 会社 ジャパンビューティープロデュース,https://beautyproduce.co.jp/,kept
始めます！ 地域包括ケアシステム,https://www.town.hayashima.lg.jp/material/files/group/5/1881.pdf,fetch_failed
4月18日は良い歯の日！お子様の笑顔を未来へつなぐ！ 歯科 検診の ...,https://beautypost.jp/297007/,kept
私たちの強み,https://kurashiki-chintaikanri.com/point/,no_sns_service
Untitled,https://astj.jp/wp/wp-content/uploads/2025/09/%E6%8E%B2%E8%BC%89PDF-1.pdf,fetch_failed
倉敷市 上富井,https://sumusite.sekisuihouse.co.jp/chushikoku/tou/detail/C60010034394/print/,no_sns_service
岡山・ 倉敷 ・総社の 不動産 売却・査定：BRUNO 不動産 株式 会社,https://www.bruno-realestate.co.jp/baikyaku/,no_sns_service
平成30年度被災地域販路開拓支援事業 小規模事業者持続化補助金 ...,https://www.jizokukahojokin.info/doc/h30hsaitaku2.pdf,fetch_failed
売却・管理,https://estate-ace.jp/sell/,no_sns_service
トリミング サロン 集客,https://postingmirai.com/blog/tag/grooming-salon-customer-attraction,no_sns_service
倉敷市 実践型,https://kurashiki.area-i.org/wp-content/uploads/Kurashiki_Internship_Guide_2021.pdf,fetch_failed
マーケティング ビジネス学科,https://www.obcnet.ac.jp/course/business/,kept
商業科,https://www.suisho.ed.jp/courses/biz_management,no_sns_service
倉敷市 阿知3丁目東地区第一種市街地再開発事業,https://www.fujiki.co.jp/mg/wp-content/uploads/2021/10/%E3%81%82%E3%81%A1%E3%81%A6%E3%82%89%E3%81%99%E5%80%89%E6%95%B7%EF%BC%88HP%E6%8E%B2%E8%BC%89%EF%BC%89.pdf,fetch_failed
インフォメーション,https://au-shimizu.co.jp/information/,kept
倉敷 古民家プロジェクト/西岡邸合同 会社 への観光ファンドによる ...,https://setouchi-bc.co.jp/archives/news/nishiokatei,no_address
有限 会社倉敷 システムデザイン,https://www.okachu.or.jp/member/?page_id=719,no_sns_service
駅 広告 アーカイブ,https://www.koutsu-navi.com/casestudy/category/station/page/33/,kept
令和7年度くらたん合同企業説明会開催のお知らせ,https://www.kurashiki-cu.ac.jp/kcc/index.php/2025/05/03/r7kuratrangoudousetsumeikai/,no_sns_service
資料2,https://www.city.funabashi.lg.jp/shisei/jouhoukoukai/004/02/0120/p138471_d/fil/2.pdf,fetch_failed
Strategic Transformation and Ambidextrous Manager:,https://www.jstage.jst.go.jp/article/marketing/43/4/43_2024.020/_html/-char/en,no_address
ピープルソフトウェア株式会社,https://fs-n.info/_assets/pdf/solution_03.pdf,fetch_failed
倉敷 駅前エリアが免税タウン化。26商業施設、シェアトップクラス ...,https://pievat.com/ja/news/detail/0260729,no_sns_service
6言語に対応した デジタル サイネージで香川県高松市への訪日外国人 ...,https://www.dnp.co.jp/news/detail/1188331_1587.html,no_sns_service
倉敷 アイビースクエアに「 ホテル 向けダイナミックプライシング ...,https://jpn.nec.com/press/202312/20231220_02.html,no_address
自宅,https://www.kurashiki-sogyo.jp/wp-content/uploads/2020/12/kigyoujuku2021.pdf,fetch_failed
でんきのテルテル,http://www.tsukubo.net/cases/entry-297.html,no_sns_service
コンサルティングプラン – 株式 会社 Xist（エグジスト）,https://xist.co.jp/consulting_fee,no_sns_service
観光 都市「くらしき」の復活を目指して！,https://japan-geographic.tv/okayama/kurashiki-actionplan.pdf,fetch_failed
倉敷 の老舗,https://www.city.kurashiki.okayama.jp/culture/tourism/1005468/1005480/index.html,kept
（様式1－1） ① 申請者 倉敷市 ② タイプ 地域 型 / シリアル型 A B ...,https://japan-heritage.bunka.go.jp/ja/datas/files/2023/07/14/ca75077198207116e07c2c6b8e3d9a49ce57872e.pdf,fetch_failed
倉敷市 の「地域おこし協力隊」をテーマにオンライン移住体験 ...,https://turns.jp/57089,kept
倉敷市 の車検ならコバックたましま乙島店,https://kobac-tamashima.com/,no_sns_service
制作実績,https://inbound-lab.com/works/page/2/,no_company
官公庁関連業務各種 イベント,http://totalriver-convention.jp/business3.html,kept
PLANNING,https://kurashiki-mice.jp/planning/,kept
岡山県内の地域おこし協力隊市町村募集状況,https://www.okayama-iju.jp/info/files/29ae397451b62cbb487520d2d50c2fdf949db015.pdf,fetch_failed
東 広島 の 飲食 ・不動産・WEB事業: 株式 会社 ワンフォーオール,https://14all.jp/,kept
加盟店・パートナー店,https://www.kcb-p.com/%E5%8A%A0%E7%9B%9F%E5%BA%97-%E3%83%91%E3%83%BC%E3%83%88%E3%83%8A%E3%83%BC%E5%BA%97/,no_sns_service
高梁川流域SDGsポータルサイト,https://www.goodcity.jp/kurashiki.takahashiriver/registration/4472,no_address
Webコンサルティング（運営サポート）,https://funfairfanfare.com/%E5%87%BA%E5%BC%B5%E3%82%B5%E3%83%9D%E3%83%BC%E3%83%88-%E3%82%B3%E3%83%B3%E3%82%B5%E3%83%AB%E3%83%86%E3%82%A3%E3%83%B3%E3%82%B0-%E3%82%A6%E3%82%A7%E3%83%96%E3%82%B5%E3%82%A4%E3%83%88%E9%81%8B%E5%96%B6/,no_address
会社 概要,https://hitokuru-hiroshima.com/partnership/,no_address
デザイン業,https://www.hitec.city.hiroshima.jp/ichiran.php?gyo=L,no_address
広島 でエステ サロン の 集客 なら株式 会社 ネクステージ,https://nextage-m.com/,kept
広島市 で 店舗 デザインをイメージ通りに作る株式 会社 アンノーン ...,https://anknown.jp/,no_sns_service
広島 開催！口コミ 集客 手法公開！売上3倍を達成する経営セミナー,https://est-pro.co.jp/news/event/3956/,no_sns_service
飲食店 開業支援・居抜き物件検索,https://act-navi.jp/,no_sns_service
倉敷市 内5商工団体企画 成果につなげる!SNS活用実践ワークショップ,https://www.kojima-cci.or.jp/info/snsworkshop.html,no_sns_service
【実績事例】Webサイトリニューアル制作,https://m-hands.net/works/4722/,kept
【 広島不動産 査定無料】 不動産 売却なら富士 不動産 販売へ,https://baikyaku.fhh.co.jp/,fetch_failed
【トラストカウンター】加盟工務店舗が200件突破,https://trust-lead.com/archives/news/1211-02,kept
歯科,https://and-on.net/search?q%5Bend_date%5D=2022%2F5%2F27&q%5Bevent_style_1%5D=1&q%5Bevent_style_2%5D=1&q%5Bfree_only%5D=&q%5Bkeyword%5D=%E6%AD%AF%E7%A7%91&q%5Border%5D=1&q%5Bsearch_type_or%5D=0&q%5Bstart_date%5D=2022%2F5%2F26,no_sns_service
企業情報,https://thanksnet-kdb.com/company/information/,kept
専門家派遣制度（マッチング支援）感性工学・人間工学の専門家を ...,https://www.h-kansei.jp/outline/matching/,no_address
広島 の 集客 は[MEO]グーグルマップ上位表示サービス,https://m-create.noor.jp/plan/meo/,no_company
中四国、九州の大型開発も受注東証上場大手がクライアント ...,https://zukan.biz/mass_media/basar-act/,no_address
株式 会社 omoroi,https://www.pref.hiroshima.lg.jp/go-hiroshima-database-kigyo/go-data-00843.html,kept
IPライセンス加盟店で広島エリア2社目のモデルハウスが 広島市 に完成,https://www.mapion.co.jp/smp/news/release/000000147.000022440-all/,no_address
私たちの強みはノンフーズ分野の 販促支援 で,https://www.inseed.co.jp/pdf/company_guide.pdf,fetch_failed
【受講者 募集 】ビジネススクールの学びを体験！2025MBAサマー ...,https://mba.pu-hiroshima.ac.jp/ja/events/archives/12911,no_sns_service
経営発達 支援 計画の概要 実施者名 五日市商工会（法人番号,https://www.chugoku.meti.go.jp/r7fy/topic/keiei/pdf/t-hiroshima02.pdf,fetch_failed
広島 の飲食店コンサルティング。開店・独立開業、経営のご相談は ...,https://www.minamoto-foods.com/consulting.html,kept
小野 秀一郎,https://www.tokyotourism-onestop.jp/advisor/detail/adviser_58.html,no_address
放課後等デイサービスFCコンサルティング本部 T・S・R ...,http://tsr.main.jp/tsr-holdings/fc.html,no_sns_service
準備は一切不要！「 広島 でとにかく起業したい方」を大募集！,https://www.attend-service.jp/,no_sns_service
デジタルの導入で顧客満足度をアップ マツダオートザム梅林（株式 ...,https://h-asa.jp/9878/,kept
【スーパーマーケット】万惣 × テスク「Safri」導入事例,https://www.kktisc.co.jp/case/7456/,no_sns_service
フランチャイズ コンサルタントが「ハコジム」に加盟した理由とは？,https://kernel-c.com/hacogym-interview/,no_sns_service
01表紙,https://image.dive-hiroshima.com/wp-content/uploads/2023/09/%E4%BB%A4%E5%92%8C4%E5%B9%B4%E5%BA%A6-%E4%BA%8B%E6%A5%AD%E5%A0%B1%E5%91%8A%E6%9B%B8.pdf,fetch_failed
楽まうく 会社 紹介・特徴,https://driving.rakkumauku.co.jp/company/,fetch_failed
事業紹介,https://www.hayataro.com/recruit/about/,no_sns_service
イベント・セミナー情報,https://www.hiwave.or.jp/event/,no_address
広島市 は過去最多1476万人——で、地元にいくら落ちたのか？,https://www.trade-support.net/column/%E5%B0%BE%E9%81%93%E3%81%AE%E5%A4%96%E5%9B%BD%E4%BA%BA70%E4%B8%87%E4%BA%BA%E8%B6%85%E3%80%81%E5%BA%83%E5%B3%B6%E5%B8%82%E3%81%AF%E9%81%8E%E5%8E%BB%E6%9C%80%E5%A4%9A1476%E4%B8%87%E4%BA%BA/,kept
今こそ知りたい！ワーケーション・デジタルノマドのリアル,https://www.yorozu-hiroshima.go.jp/post/news-0316gaibu,fetch_failed
夜間・早朝の活用によるにぎわい創出事業補助金のお知らせ,https://www.city.hiroshima.lg.jp/tourism-culture/tourism/1021448/1017565.html,no_sns_service
イベント 用品レンタル/企画・運営/広島県・ 広島市 /ダスキン ...,https://www.dra-hiroshima-ujina.jp/,no_address
事業内容,https://www.barth.co.jp/business.html,no_address
会社 概要,https://itadaki.jp/profile/,kept
一般社団法人 広島イベント 事業振興協会 定 款（案）,https://hebda.jp/images/article/article.pdf,fetch_failed
総合 イベント 司会・MCの株式 会社 K・LIBERTY,https://kliberty.jp/%E5%BA%83%E5%B3%B6%E7%9C%8C%E3%81%AE%E3%82%A4%E3%83%99%E3%83%B3%E3%83%88%E5%8F%B8%E4%BC%9A/%E5%BA%83%E5%B3%B6%E5%B8%82%E3%81%AE%E3%82%A4%E3%83%99%E3%83%B3%E3%83%88%E5%8F%B8%E4%BC%9A/,kept
About ENvision,https://envision-hiroshima.jp/about,kept
PR & design inc(ピーアール・デザイン・インク),http://pr-design.co/smarts/index/44/,kept
業務内容,https://alpha-top.jp/contents/,no_address
営業代行［新規開拓・新事業PR］,https://acting.rakkumauku.co.jp/sales-agency/,fetch_failed
イベント スペース,https://www.shareo.net/rental_space/,kept
株式 会社 ピーアンドピー: 広島 の総合広告 会社,https://ppad.co.jp/,no_address
Our Team,https://www.dia.ne.jp/about/ourteam/,no_address
広告戦略のイロハを知る,https://www.hue.ac.jp/visitors/local/careerup/2023121.html,kept
広島 を代表する 企業 100選トップ Made In Local,https://madeinlocal.jp/area/hiroshima/companies?fbclid=IwY2xjawE8tQNleHRuA2FlbQIxMAABHUeoP-SY0gXayOpyAtLxpX0Bt8CXfRu6FnjxT5rt5cglxwCufH5LW1EHHg_aem_VHe8ztwopcyFyWMOgv15JA,no_sns_service
福山 駅前アクション会議2021の概要,https://www.city.fukuyama.hiroshima.jp/uploaded/attachment/201290.pdf,fetch_failed
福山 いいもん 基調講演&事業説明会「わざわざ行きたくなる・買い ...,https://hs-plus.jp/project/8613/,kept
【プロ紹介】LINEマーケター／松本 みきさん,https://www.port.soa-r.net/post/miki-matsumoto,no_address
福山 駅前・元町の最新人流データから読み解く繁盛店の共通点,https://www.kk-sanwa.co.jp/archives/7551,kept
福山 で店舗設計・内装工事・店舗デザインなら 福山 スリードア,https://www.3door.jp/store/,kept
5月27日（水曜日）夕方6時から マーケティング セミナー開催 ...,https://www.threads.com/@sweetslabomilk/post/DYJihLek3BM/%EF%BC%95%E6%9C%88%EF%BC%92%EF%BC%97%E6%97%A5%E6%B0%B4%E6%9B%9C%E6%97%A5%E5%A4%95%E6%96%B9%EF%BC%96%E6%99%82%E3%81%8B%E3%82%89%E3%83%9E%E3%83%BC%E3%82%B1%E3%83%86%E3%82%A3%E3%83%B3%E3%82%B0%E3%82%BB%E3%83%9F%E3%83%8A%E3%83%BC%E9%96%8B%E5%82%AC%E4%BA%88%E5%AE%9A%E3%81%A7%E3%81%99%E3%83%97%E3%83%AD%E3%82%B8%E3%82%A7%E3%82%AF%E3%82%BF%E3%83%BC%E3%81%8C%E3%81%82%E3%82%8B%E9%A3%B2%E9%A3%9F%E5%BA%97%E3%82%82%E3%81%97%E3%81%8F%E3%81%AF%E6%96%BD%E8%A8%AD%E3%82%92%E6%8E%A2%E3%81%97%E3%81%A6%E3%81%BE%E3%81%99%E3%81%94%E5%AD%98%E7%9F%A5%E3%81%AE%E6%96%B9%E3%81%8A%E3%82%89%E3%82%8C%E3%81%9F%E3%82%89%E6%95%99%E3%81%88%E3%81%A6%E9%A0%82%E3%81%91%E3%82%8B%E3%81%A8%E5%B9%B8%E3%81%84%E3%81%A7%E3%81%99%E4%BA%BA%E6%95%B0%E3%81%AF/,no_sns_service
エステ サロン ファシオール様,https://fukuyamawork.com/2023/10/01/%E3%82%A8%E3%82%B9%E3%83%86%E3%82%B5%E3%83%AD%E3%83%B3%E3%80%80%E3%83%95%E3%82%A1%E3%82%B7%E3%82%AA%E3%83%BC%E3%83%AB%E6%A7%98/,kept
株式 会社 パシオンハマダ,https://www.pasionhamada.com/pasion7_detail_01/,kept
フランチャイズ オーナー募集,https://www.it-miraiku.com/lp/,no_sns_service
スリム&ダイエット クリニック福山,https://kireipass.jp/clinics/krc2508,no_sns_service
2025年8月27日（水）湘南美容 クリニック 大阪梅田本院がJR大阪駅 ...,https://www.s-b-c.net/about/media/newsrelease/20250826/,kept
「医事業務」2018 年総索引,https://www.e-sanro.net/share/pdf/magazine/con-iji-2018.pdf,fetch_failed
創立40周年「つなぐ つながる 未来へ｣,https://www.townnews.co.jp/0404/ilovepdf_merged.pdf,fetch_failed
導入事例,https://www.sony.jp/bravia-biz/jirei/?srsltid=AfmBOooChdqyghx-FQbq2ZmPgXX_zse-OdECS5S3TxhFgSTHUHnbBahH,no_sns_service
脱毛 サロン 施術スタッフ OCEANS 広島 福山 店《業務委託》,https://kyujinbu.com/oceans-gp/detail/post_87.html,kept
フェイシャルエステ サロン Angelcalm様,https://web-fukuyama.com/?p=1851,kept
御礼とご挨拶,https://sugi-zaidan.jp/smf/wp-content/uploads/2022/03/%E6%9D%89%E6%B5%A6%E8%A8%98%E5%BF%B5%E8%B2%A1%E5%9B%A3%E6%B4%BB%E5%8B%95%E5%A0%B1%E5%91%8A%E6%9B%B82021.pdf,fetch_failed
令和元年度補正予算 小規模事業者持続化補助金＜一般型＞ 第1回 ...,https://www.jizokukanb.com/jizokuka_r1h/1-7/doc/%E4%BB%A4%E5%92%8C%E5%85%83%E5%B9%B4%E8%A3%9C%E6%AD%A3%E4%B8%80%E8%88%AC%E5%9E%8B%E6%8E%A1%E6%8A%9E%E8%80%85%E4%B8%80%E8%A6%A7.pdf,fetch_failed
すがそう!!,https://hgc-hd.com/pdf/recruit2026.pdf,fetch_failed
会社 概要,https://fukuyama-world-biyou.net/?page_id=6,kept
もしもそこに成功のノウハウがあるならば！その経営者は自らで ...,http://www.hpworld.org/article-list/%E4%B8%8D%E5%8B%95%E7%94%A3hp%E5%88%B6%E4%BD%9C%E4%BA%8B%E4%BE%8B/,no_address
当セミナーは大好評のうちに終了しました,https://www.mocal-press.com/shikahaneikai20/,no_sns_service
選ばれる理由,https://www.lifuku-satei.com/reason/,kept
運営 会社,https://kakumei.lvnmatch.jp/about-us/,no_sns_service
売却を依頼する 不動産会社 はどう選ぶ,https://www.nagawa.jp/article/for-sellers/know-how/iraisaki-sentaku/,no_sns_service
ITビジネス学科,https://web.anabuki-net.ne.jp/dept/it-business/,kept
福山市 の賃貸管理・ 不動産 管理なら,https://www.toricom.co.jp/owner,no_sns_service
スクールブログ,https://www.fukuyama.kindai.ac.jp/column/2025/08/000952.html,no_sns_service
マーケティング事業 ANCHOR HOTEL FUKUYAMA における ...,https://www.apu.ac.jp/academic/uploads/fckeditor/public/bizintern/sun_crea_company_marketing.pdf,fetch_failed
主な取引実績,https://ima-gine.co.jp/transaction/,no_sns_service
オーナー様へ,https://www.matsuojisho.co.jp/owner,no_sns_service
福山市 観光協会,https://www.fukuyama-kanko.com/common/material/about/file1/201701111653190918881.pdf,fetch_failed
ホテル 運営のコンサルティングなら 株式 会社ホテル サポート【公式】,https://www.hotel-support.co.jp/consult/,no_sns_service
プライバシーポリシー – 福山市 の少人数制進学塾【無学泰山塾 ...,https://taiheisha.net/ppolicy,no_sns_service
年間10 万人が購入するサイト運営,https://yabumoto.jp/e-comars.html,no_sns_service
会社 概要,https://net-gs.com/company.html,no_sns_service
売上分析に基づく営業戦略の転換で売上・客単価アップを実現！,https://fuku-biz.jp/case/16352/,no_address
あなたの“困った”を デジタル で解決! びんご デジタル ラボの『伴走 ...,https://www.bingo-dx.jp/2025/07/17326/,no_address
三之丸町周辺エリア プロモーション プロジェクト”Wander ...,https://tovio.com/2022/04/08/wander/,kept
備後圏域6市2町における副業・兼業人材の活用を『lotsful』が支援,https://www.persol-innovation.co.jp/news/2023-0726-9,no_sns_service
会社 概要,https://ichigokikaku.company/about/,kept
株式 会社 ティー・クリエイション,https://t-cre.com/,kept
FC加盟店募集 味の蔵の魅力,https://shincou.com/fc/,no_sns_service
備後圏域で15社のモデルケース創出に成功！ 福山市 が挑む『副業 ...,https://lotsful.jp/biz/case/2844,no_address
学科概要,https://www.heisei-u.ac.jp/faculty/ba/about/,no_sns_service
事業趣旨,https://nanavi.jp/wp-content/uploads/2021/08/210803Google.pdf,fetch_failed
バットマンの「ゴッサム・シティ」と友好都市に、 福山市 の 広報 ...,https://www.sendenkaigi.com/marketing/media/kouhoukaigi/024705/,no_sns_service
中心商店街 地域の魅力発信・交流スペース「コトサイト ...,https://www.city.yamaguchi.lg.jp/uploaded/attachment/67602.pdf,fetch_failed
Google検索よりも“インスタ検索”！？周南市企業が見逃せない 集客 ...,https://machiai-tokuyama.com/google%E6%A4%9C%E7%B4%A2%E3%82%88%E3%82%8A%E3%82%82%E3%82%A4%E3%83%B3%E3%82%B9%E3%82%BF%E6%A4%9C%E7%B4%A2%EF%BC%81%EF%BC%9F%E5%91%A8%E5%8D%97%E5%B8%82%E4%BC%81%E6%A5%AD%E3%81%8C/,kept
ベビーシッター派遣事業,https://acsa.jp/htm/babysitter/approvai_proprietor_list08.htm,no_sns_service
松岡 菜々美,https://yamaguchi-shokokai.or.jp/cp_expert/cp_expert-4341,kept
協賛 広告,https://www.conet-ehime.or.jp/supporter/,no_sns_service
販路拡大・売上アップ！「7つのWEB戦術で 集客 成功セミナー」,https://www.fukuyama.or.jp/seminar/open-seminar/webmarketing2025/,kept
広告企画／ 山口 本社,https://www.be-make.co.jp/entry/jobs/kokokukikaku/,no_address
『カイトデンタル』開業期サイト立ち上げ&治療専門 ...,https://peakup-up.com/news/kaito,no_sns_service
BAKUup,https://bakuup.com/,no_sns_service
インスタ、T i k T o kからの 集客 に成功！賃貸契約数が前年比200%UP,https://yorozu-yamaguchi.go.jp/case/case_2025_05-2-2/index.html,kept
住まーと掲載9つのメリット,https://hoinet.com/suma-to-pr/,no_address
サロン集客,https://manseki-salon.com/tag/%E3%82%B5%E3%83%AD%E3%83%B3%E9%9B%86%E5%AE%A2/,no_sns_service
宇部市の 不動産 情報をお探しの方は株式 会社 グランドアーク,https://www.solaie-yamaguchi.jp/,no_sns_service
柳井市・岩国市の 不動産 売却査定,https://www.yanaitochi.co.jp/original_page/324677,no_sns_service
「eスポーツで子どもたちの可能性を引き出す」萩明倫館高等学校 ...,https://meiringakuen.ac.jp/news/20250701/,no_sns_service
ABOUT,https://gogo.sitekitt.com/about,kept
【 山口市 の賃貸管理】賃貸管理・空室対策なら山永 不動産,https://www.saneifudousan.co.jp/for_owner,no_sns_service
オーナー様へ,https://www.n-sleek.com/owner,no_sns_service
山口 県女性成長支援セミナー「GLOW UP!」2025受講生 募集 ！,https://sweet.or.jp/glowup2025/,kept
近畿 ホテル ・ 旅館 業界IT&リノベーション展示商談会,https://www.hotel-tenjikai.jp/tenjikai.php?tid=29,kept
山口 県ホームページ制作 会社 「emitry（エミトリー）」,https://emitry.com/,no_company
一般社団法人日本教育コンサルタント協会,https://kyoiku-saisei.com/%E3%83%A1%E3%83%B3%E3%83%90%E3%83%BC/,no_address
法人のお客様,https://waldy-autoglass.com/corporations/,no_sns_service
新車カーリース 販売 で地域No.1を目指すための 販売支援 事業,https://www.oyabu-motor.jp/carlease-shien/,no_sns_service
山口市 中心商店街稼ぐ力向上 支援 補助金（ デジタル 化・店舗改善等）,https://hojokin.zenkoku-keiyukai.or.jp/subsidies/941,no_company
【ご提案】売上アップの秘訣 ～ 販促 ツールでお客様の増大につなげ ...,https://tryangle.yamaguchi.jp/promotion-tools,no_address
1 DX推進体制の整備,https://www.pref.yamaguchi.lg.jp/uploaded/attachment/40815.pdf,fetch_failed
吉本 由美子,https://sogyonomado.jp/founders/%E5%90%89%E6%9C%AC-%E7%94%B1%E7%BE%8E%E5%AD%90/,no_sns_service
やまぐち DX 推進拠点「Y-BASE」開設について,https://www.miraiken.or.jp/upfiles/catemain4/44/chiiki2201_ken_y-base.pdf,fetch_failed
ビジネスモデル導入で売り上げを一気に二倍に！経営 ...,https://nippo-st.com/landing/index.html,no_address
Plus+days（プラスデイズ）【公式】,https://plusdays.jp/form/fc/,no_sns_service
集客や 販促 に デジタル を活用したい アーカイブ,https://itlink-yamaguchi.info/tag/digital-marketing/page/3/,no_address
有限 会社 レンタックス,https://ymg-ssz.yipf.or.jp/cms/modules/wordpress0/index.php-p=281.html,kept
山口 県の輸入車整備・修理・板金・塗装（車検対応）,https://trebian.com/importedcar_shaken/yamaguchi/,no_address
京田辺市産業振興ビジョン検討ワークシート（ 観光 分野）,https://www.city.kyotanabe.lg.jp/cmsfiles/contents/0000008/8566/siryouNO.4kankou.pdf,fetch_failed
令和3年度の取組について,https://www.city.hikari.lg.jp/material/files/group/163/R4_1R3torikumi.pdf,fetch_failed
事業内容,https://meta-yamaguchi.co.jp/service/,no_address
水津 自動車 工業 有限 会社,https://zer0base.co.jp/2019/10/09/post-10452/,kept
オーナー様へ,https://09fudousan.com/hofu_topic/move_in/,no_sns_service
山口 大学の学生による外国人向け 観光PR 動画が完成しました！,https://www.city.hagi.lg.jp/soshiki/12/h53321.html,no_sns_service
株式 会社 DERESI 広告代理店,https://mirafes.com/r7%E6%A0%AA%E5%BC%8F%E4%BC%9A%E7%A4%BEderesi/,kept
eachvista 株式 会社,https://yamaguchi-trialwork.com/company/611/,kept
山口 県にて 地域企業 向け『社長の名は』から学ぶTikTok攻略 ...,https://ctow.co.jp/news/179,kept
地域 の未来を切り拓く！地方における マーケティング の重要性,https://megriba.jp/event-20250523/,kept
株式 会社 Kirara Marketing（きらら マーケティング ）,https://ymg-shigoto-ouen.jp/archives/interview/3387,no_sns_service
香川県 高松市,http://remake1.com/publics/index/1/detail=1/c_id=3/p_id=1/r_id=2365,kept
会社 概要,https://beauty-gum.jp/company/,kept
anaBuki,https://anabuki-healthcare.jp/pdf/pdf201511090756541.pdf,fetch_failed
エステ サロン 運営,https://proposer.co.jp/worlk/esute/,kept
観光 ビジネス,https://maruni.jp/tourism/,kept
Googleマップ 集客 オフラインセミナーを開催,https://meo.tryhatch.co.jp/seminar/20230921_seminer,no_address
95％以上のリピート率を30年継続平成から令和にかけて選ばれ続け ...,https://shika-soken.com/lp/static/takahashi-repeat/,no_company
株式 会社 BOKURA様とのファン マーケティング サポーター契約締結 ...,https://www.fivearrows.jp/news/detail/id=13443,kept
eachvista株式 会社 代表取締役社長 池ケ谷 周平,https://the-next-generation.jp/2026/06/18/%E3%80%8C%E5%9C%B0%E6%96%B9%E3%81%A0%E3%81%8B%E3%82%89%E3%80%8D%E3%82%92%E3%80%81%E6%9C%80%E9%AB%98%E3%81%AE%E8%A8%80%E3%81%84%E8%A8%B3%E3%81%AB%E3%81%99%E3%82%8B%E3%80%82/,kept
平成 29 年度事業報告,https://www.miraizaidan.or.jp/about/download/business_report_2017.pdf,fetch_failed
SNS運用,https://www.gofield.co.jp/marketing/sns/,kept
NOAH INVESTORS 株式 会社,https://www.noah-in.co.jp/,no_sns_service
高松市 公の施設指定管理者導入施設の 評価結果に対する意見書,https://www.city.takamatsu.kagawa.jp/kurashi/shinotorikumi/gyosei_kaikaku/shiteikanri/facility_up20251112.files/hyoukaR8.pdf,fetch_failed
医療・介護・レセプト診断・増収,https://www.mgrp.jp/service5/,kept
法人営業部,https://a-fudosan.jp/pg-corporatesales/,no_sns_service
University,http://www.gsm.kagawa-u.ac.jp/nyuugaku/pdf/youran.pdf,fetch_failed
収益物件について,https://owner.global-center.co.jp/management/RevenueProperty,no_sns_service
建設部会員名簿,https://kahoku.shoko.or.jp/contents/sci/117,no_sns_service
「事業成長支援プログラムBooster Garage」最終ピッチの ...,https://www.pref.kagawa.lg.jp/digital/johoutsuushin/r4_boostergarage_result.html,kept
【令和6年9月2日〆】移住起業アカデミー「NARUTO BOOT ...,https://www.city.naruto.lg.jp/docs/2024082000015/,kept
塩江の自然を活かした体験が楽しめる宿泊施設を目指して 地元事業 ...,https://www.kbsbiz.com/together/pdf/2010/together1007.pdf,fetch_failed
香川県 高松市 の 不動産 管理なら株式 会社 ハウシード,https://www.houseed.co.jp/property_management,no_sns_service
車検ネット予約管理サービスtotoco（とっとこ）,https://www.totoco.work/,kept
旅館 ・ ホテル のOTA運用代行・ 集客 コンサルティング,https://withinn.co.jp/,kept
支援 開始6か月で 集客 目標200%達成！高価格帯注文住宅の 集客支援 ...,https://pure-growth.co.jp/post/case/%E6%94%AF%E6%8F%B4%E9%96%8B%E5%A7%8B6%E3%81%8B%E6%9C%88%E3%81%A7%E9%9B%86%E5%AE%A2%E7%9B%AE%E6%A8%99200%E9%81%94%E6%88%90%EF%BC%81%E9%AB%98%E4%BE%A1%E6%A0%BC%E5%B8%AF%E6%B3%A8%E6%96%87%E4%BD%8F/,no_address
あなぶき興産が取り組む顧客の見える化。webと店舗のデータ統合に ...,https://www.ever-rise.co.jp/dx-blog/case-anabuki/,kept
パソコン・システム導入・ホームページ制作をご検討中の企業様へ,https://joseikin-takashima.com/grants/676.html,no_company
サポート内容の紹介,https://www.0011.co.jp/lease_support/introduction.html,no_sns_service
フランチャイズ 加盟店・事業パートナー募集,https://www.densho-at.jp/partner.html,kept
商店街の インバウンド対策,https://www.syoutengai.or.jp/data/h30inbound.pdf,fetch_failed
丸亀市立資料館,https://www.marugame.or.jp/cms/wp-content/uploads/2025/11/rpt202511.pdf,fetch_failed
高松市 の新しい魅力を発信 建築ツアー企画/建築ガイド育成講座を実施,https://anabuki-travel.com/themes/anabukitravel2021/pdf/news20230221.pdf,fetch_failed
事 業 報 告,https://www.my-kagawa.jp/pdf/organization/03_jigyoukeikaku.pdf,fetch_failed
「インフルエンサー100人旅行in香川県 高松市 」とのコラボ実施!さぬ ...,https://www.kamatamare.jp/news/?id=3890&item=INFO,no_address
経営アドバイス（ 高松 ）,https://www.smrj.go.jp/regional_hq/shikoku/sme/consulting/takamatsu.html,kept
委託,https://www.coa-m.jp/pages/63/,kept
接客コンサル,https://leaf-consulting.info/customers-service.html,kept
「第57回スーパーマーケット・トレードショー2023」香川県ブース ...,https://www.kagawa-isf.jp/event/6360/,no_sns_service
集客 はGoogle検索を意識せよ！,https://wada-keiei.com/archives/17481,no_sns_service
有限 会社 プリズム(PRISM) 地方の中小 企業 のためのリモート 広報 室,https://prism-shikoku.com/,kept
【中国四国エリア】店舗ビジネス×SNS マーケティング,https://select-type.com/ev/?ev=-ZMz4gt8_bs,no_address
SERVICEできること,https://ulua-a.co.jp/service/,no_sns_service
【 美容 室×SNS 集客 術】週4日営業で物販売上200万!? “売らずに ...,https://topic-star.penne.jp/topicstar/instagram-seminar-beauty-salon-matsuyama/,no_sns_service
YOMIKO Digital Shift,https://yomiko-yds.co.jp/,kept
【公式】法人・行政・学校関係の プロデュース 、コンサル事業,https://www.fairytale.co.jp/btob/,no_address
【 松山市 ・石手のランチ専門店】食堂 めしや / Diner for Lunch ...,https://meciya.com/936-2/,kept
2020年10月号,https://www.jmp.co.jp/bamboo/backnumber/bmb2010.html,no_address
企業情報,https://lreic.com/about-us/,kept
歳,https://www.city.yawatahama.ehime.jp/doc/2014081200042/file_contents/2014081200042_docs_2014081200080_files_9a.pdf,fetch_failed
お客様の声,https://idea-line.net/customer-testimonials/,kept
西予市,https://www.city.seiyo.ehime.jp/material/files/group/85/202206.pdf,fetch_failed
眞柴 知也 – 船井総合研究所 住宅 不動産 総合の経営コンサルティング,https://housing.funaisoken.co.jp/blogs/consultant/039,no_sns_service
【株式 会社 Shift/富谷 雅貴 さん】クライアント様に本気で向き合う ...,https://it-place-ehime.jp/company/interview/93,kept
会社案内,https://hands-factory.co.jp/company/,kept
2016年3月期決算説明会資料,https://www2.jpx.co.jp/disc/60850/140120160608417032.pdf,fetch_failed
会社 紹介,https://www.0084-j.co.jp/company/,no_sns_service
売却をお考えの方に知っていただきたいこと,https://aikamu-f.com/needtoknow,no_sns_service
参加者名簿,https://4shou-kouryu-itami.com/list2026/,no_sns_service
高松市 で 不動産 の早期売却をご希望の方に合わせたご提案,https://kurashi-works.com/real_estate_sale/lp10/,no_sns_service
松山市 のマンション・土地・一戸建ての査定・売却・買取はケーズ ...,https://kshousesite.co.jp/sellers/,no_sns_service
セミナー,https://bars-osaka.com/seminars,no_address
愛媛県: えひめIT起業のスゝメ七十日間登竜門研修,https://www.ehime-itbootcamp.info/,no_address
だんだんイノベーションラボ（外部人材等活用 ...,https://www.city.matsuyama.ehime.jp/kurashi/sangyo/sousyutu/dandaninnv.html,kept
デジタルハリウッドSTUDIO 松山 開講記念イベント 第2弾 『新しい ...,https://school.dhw.co.jp/school/matsuyama/event/open02_202203.html,no_sns_service
空き地 de グランピング,https://lp.glampark.co.jp/,no_sns_service
COMPANY – 株式 会社 旅tabi.info,https://tabitabi.info/company/,no_address
≪経済≫ “ 稼ぐ力”を高め、県民所得が向上した愛媛県 政策4 地域の ...,https://www.pref.ehime.jp/uploaded/attachment/126520.pdf,fetch_failed
概要,https://momentum-matsuyama.com/supporter/matsuyamashi/,no_sns_service
会社概要,https://www.ehime-np.co.jp/ehimepresswin/about/,no_address
アウトドアオフィスデリバリー体験レポート～Vol.1 株式 会社 イプラ様,https://osoto-matsuyama.com/2020/05/28/%E3%82%A2%E3%82%A6%E3%83%88%E3%83%89%E3%82%A2%E3%82%AA%E3%83%95%E3%82%A3%E3%82%B9%E3%83%87%E3%83%AA%E3%83%90%E3%83%AA%E3%83%BC%E4%BD%93%E9%A8%93%E3%83%AC%E3%83%9D%E3%83%BC%E3%83%88%EF%BD%9Evol-1/,kept
「LodgiBase-01 Osaka Ebisu」がKOREGA! Groupに加盟,https://yadomane.jp/news/eOlYOLEi,no_sns_service
BUSINESS EXPO-A4×3-5,https://matsuyama-yeg.com/data/expo2023_03.pdf,fetch_failed
フランチャイズ 加盟店募集FRANCHISING,https://materiacrepe.co.jp/franchising/,kept
フランチャイズ 事業,https://nihon-agent.co.jp/franchise/,no_sns_service
中四国の 小売 業に強みを持つ広告代理店。確かな顧客基盤を武器に ...,https://macloud.jp/offers/798,no_address
売却を依頼する 不動産会社 はどう選ぶ,https://www.ehimekyouwajyutaku.jp/article/for-sellers/know-how/iraisaki-sentaku/,no_sns_service
平成24年度 おいでんか 松山観光 客誘致促進事業 実施要項,https://www.mcvb.jp/oyakudachi/pdf/0_youkou.pdf,fetch_failed
愛媛県 松山市 看板制作 イベント 設営 イベント 企画 岩田看板広告 ...,https://www.iwatakanban.com/,kept
目指すは「地域の 観光 DX」インバウンド向け情報発信の伴走支援,https://company.matcha-jp.com/case_study/5053/,no_address
サービス紹介,https://clear-a01.com/service,kept
えひめスマイルビジネスNavi,https://www.ehime-kigyoricchi.jp/,no_sns_service
松山市 総合福祉センター,https://www.matsuyama-wel.jp/page0110.html,no_sns_service
研究者詳細,https://researchers.office.ehime-u.ac.jp/html/100000350_ja.html,no_address
H24文教経済委員会視察報告： 高知 ひろめ市場の活性化事例,http://www.nakada-seisuke.com/H24bunnkyousisatu/H24bunnkyousisatu.htm,no_sns_service
佐川印刷の 地域 活性化事業,https://www.sakawa.co.jp/loco/,kept
基礎データ,http://nyusatsu.city.shimanto.lg.jp/oa-09/oa-09-01/oa-image/meibo-sigai.xlsx,fetch_failed
SHARE SALON T-Lab,https://www.trend-lab.jp/,no_sns_service
令和元年度補正予算 小規模事業者持続化補助 ...,https://shokokai.ne.jp/wp/wp-content/uploads/20211223_01_saitakukekka_ippan_6th.pdf,fetch_failed
スタジオ ル・ポ（株式 会社 OJI）: フランチャイズ事業,https://oji-oji.jp/,no_sns_service
全国のトップ サロン に聞く！2026 美容 業界トレンド大予測,https://preppyweb.com/article/10380,kept
ヤマキン 歯科 技工士養成所 パンフレット,https://yamakin-acp.or.jp/ydtts/img/pamphlet.pdf,fetch_failed
プロフィール,https://www.bridge-strategy.com/Profile,no_address
高知 ハウスの賃貸管理,https://kochihouse.co.jp/k16_chintai_kanri.php,no_sns_service
（株）プラスホームがお客様に選ばれる理由,https://www.plussatei.jp/938175219,no_sns_service
導入事例 ドリームXを導入して頂いている 会社 様のご紹介！,https://dreamone.co.jp/case/,no_sns_service
セミナー・講演実績,https://bus.ooh.co.jp/seminar/,kept
2月21日（土）『ユニバーサルホーム 高知 店』オープン！,https://www.universalhome.co.jp/news/img/150218/20150218_open_kochi.pdf,fetch_failed
高知 での経営相談は 高知 商工会議所へ 創業や補助金,http://www.cciweb.or.jp/kochi/,no_company
産業成長戦略の取り組みについて,https://www.pref.kochi.lg.jp/doc/h21-kochishiforooappu-2/file_contents/file_20204271152945_5.pdf,fetch_failed
神庭 芳久,https://yorozu-kochi.go.jp/coordinator/kanba/,kept
R5Üc_7! L¶i°lh(ê¹È.xlsm,https://jsh.go.jp/r5h/assets/pdf/07/adoption-keieishakoutai_business.pdf,fetch_failed
教 弘,https://www.nikkyoko.or.jp/updata/shibu/kochi/topics/1166/20241205_834349.pdf,fetch_failed
関西あんてな ショップ 「SUPER LOCAL SHOP とさとさ」について ...,https://www.town.kuroshio.lg.jp/img/files/pv/sosiki/2024/08/tosatosa-gaiyou2025.pdf,fetch_failed
479may,https://www.kochi-shokokai.jp/wordpress/wp-content/uploads/2023/02/shokonews479.pdf,fetch_failed
人を継ぎ、組織を育む＜ 高知 県中小企業団体中央会＞,https://www.kbiz.or.jp/%E4%BB%A4%E5%92%8C%EF%BC%98%E5%B9%B4%E5%BA%A6%E3%80%80%E7%B5%8C%E5%96%B6%E5%8A%9B%E5%90%91%E4%B8%8A%E8%A3%9C%E5%8A%A9%E9%87%91-%E5%85%AC%E5%8B%9F%E9%96%8B%E5%A7%8B%E3%81%AE%E3%81%8A%E7%9F%A5%E3%82%89/,no_address
令和5年度,https://welcome-kochi.jp/disclosure/report_financial/report_r5.pdf,fetch_failed
視察研修等報告書,https://www.city.fukui-sakai.lg.jp/gikai/seimukatsudouhi/documents/06shisatsu_isshinkai01.pdf,fetch_failed
売上アップ! WEB広告活用で業務効率化,https://www.kochi-bank.co.jp/pdf/flyer_seminar-promoting-degitalization_20250115.pdf,fetch_failed
11/6 InstagramとGoogleビジネスプロフィールを活用した 集客 戦略 ...,https://kuroshio-kanko.net/businesses/20251106kensyukai/,no_company
AIカメラで得た人流データの活用で、商店街活性化への施策立案が ...,https://www.jt-tsushin.jp/articles/case/jt68_denkikogyo,no_sns_service
第7回「JLAA 地方創生アワード」,http://www.jlaa.jp/award/07/index.html,fetch_failed
フランチャイズ 募集,https://dreammap-corp.com/fc/,no_sns_service
【インタビュー】株式 会社 WonderSpace ～仕事も育児も両立支援 ...,https://www.irischitose.co.jp/blog/interview/wonderspace/,no_address
イベント の プロモーション と集客方法を語る会 第2回目～伝え方を ...,https://htus.jp/ksb-event-promotion-attracting-customers-vol-2/,kept
オレンジホールの催物,https://kkb-hall.jp/event/event-orange.html,no_sns_service
導入事例 株式 会社 おっしょい,https://www.ebica.jp/casestudy/hakataosshoi/,no_address
高知県 高知市 高知大学 地域 協働学部・株式 会社 里人,https://www.yonden.co.jp/cnt_landl/1804/jumping_furusato.html,no_sns_service
メンバー,https://region.alphadrive.co.jp/members,no_address
【提供開始】 飲食店 ・エステ・医院オーナー向けに、LINE 集客 を ...,https://spire.info/%E6%8F%90%E4%BE%9B%E9%96%8B%E5%A7%8B%E9%A3%B2%E9%A3%9F%E5%BA%97%E3%82%A8%E3%82%B9%E3%83%86%E5%8C%BB%E9%99%A2%E3%82%AA%E3%83%BC%E3%83%8A%E3%83%BC%E5%90%91%E3%81%91/,no_address
福岡 でWeb 集客 がうまくいかない 会社 へ,https://growth-partners-japan.co.jp/blog/2026/04/15/fukuoka-web-marketing-funnel/,kept
【募集】「デジタル マーケティング 支援事業」セミナー＆ワーク ...,https://www.welcome-fukuoka.or.jp/blog/archives/9361,no_address
会社 概要,https://esthe-conceierg.com/company.html,no_sns_service
【株式 会社 サイバーアクセル・アドバイザーズ】 美容 室 集客 ×画像 ...,https://discoveryintern-fukuoka.com/job12_cyberaccel-advisors/,kept
U-AND – 解決市場ビジネスインサイト,https://insight.kaiketsu.market/product/u-and/,no_address
最新情報,https://www.ritsubi.co.jp/2024/12/?post_type=news,kept
高知県 高知市,https://cpriver.jp/lg/39201/,no_address
広告 ・WEB制作関連の会員紹介,https://mss-kyushu.com/member/advertisement/,kept
クリニック 開業のお手伝い,https://artvetising.com/opening-support/,kept
会社 概要,https://clinic-kuchikomi.com/company.html,kept
広告 事業,https://www.apostrophe-inc.jp/service/ad/,no_address
クリニック・ 歯科 専門の 集患 型ホームページ制作4つの強み,https://medical-grits.jp/four-components/,kept
MEO対策で見つけやすい、選ばれる 歯科 医院へ！,https://landing.tomodesign.co.jp/lp/dpp,no_address
運営 会社,https://dental-keiei.jp/company/,kept
サービス紹介,https://shishi-w.com/service/marketing/,kept
テイクシー -FUKUOKA-,https://fukuoka.take-c.co.jp/,no_address
薬院1丁目エリア マーケティング,https://www.bnre.jp/marketing/1-5/,kept
「第4回 住宅 ・ビル・施設Week2019@東京ビッグサイト」に出展中,https://www.smartbrains.jp/estate/1268/,kept
不動産 業専門のITコンサルタント 株式 会社 SOU,https://fudosan.in.net/about/index.html,kept
ギフトアカデミー 学習塾 ： 福岡市 姪浜 唯一の学習アカデミー,http://giftacademy.net/rinen.html,no_company
SENSE,https://sense-realestate.co.jp/,no_sns_service
【 不動産 テック】Live Searchが導入企業数など3部門で2度目の ...,https://livesearch.co.jp/news/177,no_sns_service
事業案内,https://www.lucie.co.jp/service/,kept
インパクト,https://www.impact777.jp/lp-lpseisaku/,no_address
会社 紹介,https://www.tsunaguto.com/company/,no_sns_service
リクルート情報,https://revo-agent.jp/fudousanndokuritu/,kept
塾・予備校・学校の 生徒募集 サポートならウカルメ,https://corp.ukaru.me/marketingservice/,no_address
「ハニーズダンススクール2011」新規 生徒募集 開始！,https://www.softbankhawks.co.jp/news/detail/7083.html,kept
会社 概要,https://innconnect.jp/outline,kept
自動車 アフターマーケットの全体像,https://www.broadleaf.co.jp/Portals/0/images/ir/library/Business%20report/03_13int%20%E3%83%88%E3%83%92%E3%82%9A%E3%83%83%E3%82%AF%E3%82%B9.pdf,fetch_failed
ライジングゼファーフクオカ・アカデミーによる『部活動生に向け ...,https://r-zephyr.com/news/detail/id=16154,no_sns_service
大丸 福岡 天神店の Web サイトリニューアルと CMS 導入により販,https://parco-digital.pictona.jp/uploads/pdfs/pdm/000005/000005/dd0b5b46ed789abf4eef09508bd30904.pdf,fetch_failed
ニュース＆トピックス,https://blog.cass.cb-lab.co.jp/,no_sns_service
平成23年度 経営革新計画承認企業,https://www.pref.fukuoka.lg.jp/uploaded/attachment/18427.pdf,fetch_failed
カーディーラーBMWにSNSを連携したエリアファンマーケティング ...,https://avix.co.jp/news/case/2486/,kept
不動産 業,https://www.ks1.jp/contents/category/estate/,kept
30cars独立 支援 プログラム,https://30cars-owner.com/,no_sns_service
令和8年度に宿泊税を活用して実施する事業（PDF,https://www.city.fukuoka.lg.jp/keizai/kankou-s/life/documents/R8syukuhakuzei_jigyou.pdf,fetch_failed
観光 ソリューション事業,https://cross-daily.jp/sightseeing/,kept
会社 概要/メッセージ,https://event-think.com/company/,kept
イベント サービスについて,http://www.nishinippon-event.co.jp/about/,no_address
市民の皆さまへ,https://yokanavi.com/citizens,no_sns_service
自治体主催の 地域イベント でステージショーを企画・運営,https://mmarketagency.jp/works/71/,kept
EVENT PLANNING,http://www.fuk-staff.com/evt-pln.html,no_address
【参加無料】食品に関わる事業者様必見。選ばれる商品提案 ...,https://fbicenter.co.jp/information/20260728_retail-product-proposal-form/,no_address
イベント,https://kbc.co.jp/kbcunie/event/,kept
商品改良・販路開拓セミナー,https://fukuoka-fbm.jimdofree.com/%E8%B2%A9%E8%B7%AF%E6%8B%A1%E5%A4%A7/%E4%BB%A4%E5%92%8C8%E5%B9%B4%E5%BA%A6-%E3%82%BB%E3%83%9F%E3%83%8A%E3%83%BC/,no_sns_service
福岡市 と PR TIMES の連携強化。地元事業者への 広報 支援の対象 ...,https://finance.stockweather.co.jp/contents/dispPDF.aspx?disclosure=20260401596534,fetch_failed
事例紹介,https://sunmark.bz/works/index.html,no_address
株式 会社 談,https://i-na-kodomo-shuukan.city.fukuoka.lg.jp/companies/detail/1530,no_address
【福岡MEO対策】LAM マーケティング _代表プロフィール,https://fukuoka-lammarketing.com/profile/,fetch_failed
コロナ禍でV字回復した読後店が行っている12の事,https://www.kitakyushucci.or.jp/topics/8a8175c207a04e948792c9f7d3ef3b75771387aa.pdf,fetch_failed
イベント ・SP・市場調査,https://plusad.co.jp/clients/event/,kept
株式 会社 ビックス,https://beax-beauty.jp/,kept
ウェブ北九州,https://adnippon.com/,no_company
月刊NEXT LEADER 2023年1月号,https://www.kamishobo.co.jp/archives/magazine/%E6%9C%88%E5%88%8Anext-leader-2023%E5%B9%B41%E6%9C%88%E5%8F%B7,kept
,https://visualist.jp/,no_company
福岡 のTYコンサルティング,https://www.tyconsul.jp/,no_sns_service
ワンメディアが 福岡市 の 観光プロモーション 動画をプロデュース ...,https://www.onemedia.jp/column/fukuoka-2,no_address
紙・葉書・電話で差をつける！“つながり”づくりのの達人 美容 室の戦略,https://honesty.promo/tunagu,no_contact
地域の企業様や 飲食店 様から多数のご依頼を承ってまいりました,https://ishibashiart.com/access/,no_sns_service
合同 会社 つなぐ,https://tsunagu-inc.co.jp/,kept
リスクから学ぶ,https://www.dam.co.jp/wp-content/uploads/2023/11/MSS20231107.pdf,fetch_failed
etter 6,https://jsro.jp/ver2023/wp-content/uploads/2024/04/JSRO%E4%BC%9A%E5%A0%B1%E8%AA%8C6%E5%8F%B7.pdf,fetch_failed
北九州 ・下関の クリニック 開業支援・医院承継なら39メディカル ...,https://39medical-partner.jp/support/,kept
宝歯会グループ概要,https://www.kajiwara-shika.jp/group/index.html,no_sns_service
北九州市 の 不動産 管理・賃貸管理は住まいのcommit,https://commit2019.com/management,no_sns_service
心々ハウス株式 会社 ココハウス 不動産,https://sell.yeay.jp/office/87,no_sns_service
導入実績,https://areabusinessmarketing.com/?page_id=322,no_address
デザイン制作,https://chams-co.com/design/,kept
特集 北九州市 へ ようこそ!,https://www.city.kitakyushu.lg.jp/page/dayori/backnumber/pdf/2026/260401_pageall.pdf,fetch_failed
在宅クリニックにおける 集患 活動のポイント,https://mediva.co.jp/report/consultant-blog/5418/,kept
事例,https://netclinic119.net/works,no_address
売りたい方,https://ee2103.com/sell/,no_sns_service
会社 案内,https://www.552103.com/user_data/company?srsltid=AfmBOooOH08NZEzkKZF6_YvdtTrBw1idZLcze3ZKE0zFt9H-JDjlmoZ3,kept
入学前に,https://wakamatsu-bus.fku.ed.jp/wp-content/uploads/wakamatsu_bus/2024/07/11092500/R7.%E5%AD%A6%E6%A0%A1%E6%A1%88%E5%86%85PDF.pdf,fetch_failed
普通科,https://ichiko-ed.jp/wp-ichiko-ed/wp-content/uploads/2021/08/prospectus_R4.pdf,fetch_failed
起業家教育事業,https://entrepreneur.smrj.go.jp/entrepreneur/,no_sns_service
地域連携推進センター,https://www.kyukyo-u.ac.jp/education/cooperation/,kept
賃貸管理,https://www.i-youhome.co.jp/kanri/k-c-kanri/,no_sns_service
木造建築の可能性,https://marketing.ipros.jp/contents/basics/basic-wooden-architecture6/,no_sns_service
インバウンド向け観光事業 支援,https://www.a-dachi.com/17261998270609,kept
ママネットワーク活用 販促 ・ファンづくり,https://www.mamahata.net/programs/event,no_company
ARを幼稚園・小学校・中学校・高校・大学の入園・入学案内に活用,https://www.coco-ar.jp/activation/school/admission-information/,no_company
会社 概要,https://car-ride.net/company/,no_sns_service
自動車 ディーラー,https://www.event-partners.net/blog/tag/%E8%87%AA%E5%8B%95%E8%BB%8A%E3%83%87%E3%82%A3%E3%83%BC%E3%83%A9%E3%83%BC,no_address
HU-DiA Vol.19（平成22年度）,https://www.ksrp.or.jp/robo-dx/files/hu-dia19.pdf,fetch_failed
中古車低与信 販売 ・ 自動車 賃貸事業,https://carnext.co.jp/service/automobile/teiyoshin/,kept
北九州市 デジタル相談窓口,https://ktq-robodx.jp/,no_address
北九州 商工会議所プレミアム商品券サイト,https://www.paycha.e-coin.city/,no_sns_service
旅館ホテル 様業績向上コンサルティング『とら＆ベル』,https://www.freedom-consulting.co.jp/%E6%A5%AD%E7%B8%BE%E5%90%91%E4%B8%8A%E3%82%B3%E3%83%B3%E3%82%B5%E3%83%AB%E3%83%86%E3%82%A3%E3%83%B3%E3%82%B0%E4%BA%8B%E6%A5%AD/%E6%97%85%E9%A4%A8%E3%83%9B%E3%83%86%E3%83%AB%E6%A7%98%E6%A5%AD%E7%B8%BE%E5%90%91%E4%B8%8A%E3%82%B3%E3%83%B3%E3%82%B5%E3%83%AB%E3%83%86%E3%82%A3%E3%83%B3%E3%82%B0-%E3%81%A8%E3%82%89-%E3%83%99%E3%83%AB/,no_address
賃貸管理のお手伝い – 【ホームデザイン】 北九州市 で開業する ...,https://www.home-de-sign.co.jp/kanri,no_sns_service
2．活用事例,https://www.kyushu.meti.go.jp/seisaku/chusho/oshirase/210324_1_4.pdf,fetch_failed
平成28年度 事業計画,https://hello-kitakyushu.or.jp/common/report/kcta-28keikaku.pdf,fetch_failed
新たな 観光 コンテンツ造成および販売促進に向けた伴走支援事業 ...,https://kitakyushucity.guide/files/Topics/bbcec050-7a33-43f3-9c80-7fd247ff08d8/%E5%85%AC%E5%8B%9F%E8%A6%81%E9%A0%98.pdf,fetch_failed
北九州市地域 密着。ホームページ制作の事なら【SNAFU de+sign】,http://snafu.jp/views/movie.php,no_company
福岡県 北九州市 の 観光 振興事業を受託,https://group.gmo/news/article/9192/,kept
ココを PR したらいいのに！というポイント 性別 職業 年 県 市区 自由 ...,https://www.crossfm.co.jp/download/pr.pdf,fetch_failed
事業内容,https://www.nagashima-hd.com/support.html,no_contact
経営課題解決,https://www.ktc.ksrp.or.jp/resolution/,no_address
チャレンジプログラム,https://sousei.kitakyu-u.ac.jp/challenge/,no_contact
北九州 ・福岡・山口の動画制作・Webサイト制作ならRAID,https://raidnet.jp/value/marketing,no_sns_service
地域プロモーション,https://business.jcom.co.jp/ad/city_promotion.html,no_address
東 久留米市 でSEO対策ならレベニューシェア型SEOのLOCASEOへ,https://locaseo.info/area/tokyo-higashikurume/,kept
美容 室・ サロン のホームページ制作,https://cantik.co.jp/salon/,kept
久留米 で 飲食店 のホームページを作るなら…,https://kurume.website/restaurant/?utm_source=rss&utm_medium=rss&utm_campaign=restaurant,no_company
合同 会社 Z,https://www.llc-z-2026.com/,no_address
Youtube「File.15 en」【売れる内装】失敗しない サロン集客 方法 ...,https://bmade-office.com/blog/youtube/16484/,no_sns_service
Web マーケティング ・SEO業務,https://shogaishaashita.org/web%E3%83%9E%E3%83%BC%E3%82%B1%E3%83%86%E3%82%A3%E3%83%B3%E3%82%B0%E3%83%BBseo/,no_address
コーポレートテザーサイト制作 – ふくらすずめ家庭医療 クリニック,https://haruno.design/performance/fukurasuzume-clinic/,kept
“超速”わずか3年で医業収入4億をどうやって達成できたのか？,https://byoin-clinic-keiei.funaisoken.co.jp/blogs/column/seikei14898,no_sns_service
Topics – corail design 株式 会社 (コライユデザイン),https://corail-design.co.jp/topics/,no_address
会社 概要,https://www.umeno.net/gaiyou/,no_sns_service
カイシャ検索,https://www.kaisyahakken.metro.tokyo.lg.jp/company/result.html?features=2,no_sns_service
管理について,https://www.laughing-home.co.jp/pg-management/,no_sns_service
ピタットハウス 久留米 中央店(うめの地所株式 会社 ),https://www.pitat.com/shopDetail/kurumechuo.html,no_sns_service
株式 会社ホテル 結マネージメント,https://www.h-y-m.jp/,no_sns_service
運営 ホテル について,https://cgman.jp/about/,no_sns_service
【人物図鑑】 マーケティング とブランディングの観点で顧客と共に ...,https://fukuoka-person.com/mazda-02/,no_address
ホテル ・ 旅館 業,https://ad-shido.co.jp/hotel.html,no_address
会社 概要,https://www.tabi-to-hito.com/company/about/,kept
福岡県 久留米市 売店舗の新着情報,https://www.mitoma-hudosan.co.jp/news/news2025061303/,no_sns_service
【LBS】日本最長の宿場町・奈良井宿 空き家生かし活気再び,https://www.tvq.co.jp/news/news.html?did=2026051100000003,no_sns_service
北九州 ロックフェス2022の広告とデザイン制作事例,https://worklab.co.jp/works/%E5%8C%97%E4%B9%9D%E5%B7%9E%E3%83%AD%E3%83%83%E3%82%AF%E3%83%95%E3%82%A7%E3%82%B9%E3%83%86%E3%82%A3%E3%83%90%E3%83%AB2022%E3%81%AE%E7%B7%8F%E5%90%88%E3%83%97%E3%83%AD%E3%83%A2%E3%83%BC%E3%82%B7/,kept
学校関係者評価報告書,https://asojuku.ac.jp/about/disclosure/doc/abcc/2022/hyoka.pdf,fetch_failed
アジア マーケティング 株式 会社,https://www.asiamarketing.jp/,no_sns_service
聞きます,https://higashikurumeshi-shokokai.jp/download/kaiho134.pdf,fetch_failed
2024年,https://yorozu-fukuoka.go.jp/wp-content/uploads/2024/01/06eac22aeadd56e96d891fa3372aa46f.pdf,fetch_failed
久留米 ビジネス支援塾（コミュニティメンバー 募集 中！）,https://sasayanworld.com/kbs-members-wanted/,no_address
ウエルシア薬局、ストアロボット「Armo」を都内5店舗にて導入,https://www.muse-gr.com/post/pressrelease_20260728,kept
独立開業 支援,https://www.musashi-recruit.com/leader/,no_sns_service
久留米市 まち・ひと・しごと創生プロジェクト,https://furukamu.com/projects/4,no_sns_service
地域資源を活かした 観光 の推進,https://www.city.kurume.fukuoka.jp/1100keikaku/2045keikaku/3175kankou/files/05.pdf,fetch_failed
令和8年度 事業計画,https://welcome-kurume.com/files/download/news_blocks_private/53cb452d-a61d-4c6f-b8ab-ee4de649c2d2/value01/value02,fetch_failed
プレスリリース,https://naisyoku-ichiba.co.jp/news-category/pressrelease/,kept
トラストの取り組み,https://event-trust.com/features.html,kept
全国の国内旅行・ツアーの専門家・コンサルタント,https://mbp-japan.com/search/genre:1:1004/,kept
会員名簿 of Jeva（一社）日本 イベント 協会,https://jeva.or.jp/kanto/member.html,kept
法人向け,https://www.kurumepr.com/main/1167.html,kept
田主丸・祭りの賑わう里,https://chiikijunkan.env.go.jp/assets/pdf/tsukuru/senteidantai/2023/526_tanushimaru.pdf,fetch_failed
会社 概要,https://moviexpromotion.jp/%E4%BC%9A%E7%A4%BE%E6%A6%82%E8%A6%81/,kept
スターミュージック プロモーション,https://www.starmusicpromotion.com/,kept
会社 案内,https://nksnet.co.jp/company/,kept
社外 広報 ・IR,https://career.atsu-maru.co.jp/fulltime/detail.php?id=161,kept
About,https://labeaute2011.com/about/,no_sns_service
Next STAY,https://www.nextstay.co.jp/,no_sns_service
【終了しました】【8/26（月）】 飲食店 のためのGoogleビジネス ...,https://www.at-nagasaki.jp/dmo/news/861,kept
VOCサポート株式 会社,https://voc-support.net/,no_address
クイーンズピュア 長崎 様のホームページ制作実績,https://xn--5qs27f.jp/portfolio/queens-pure/,no_address
専門家の詳細情報,https://www.sashoren.ne.jp/senmonka/search/show?id=306,no_contact
これまでの実績,https://calico-design.co.jp/performance/,kept
[2ページ目] 人材リスト,https://public-platform.jp/humanresources/page/2/,no_address
長崎 県商工会議所青年部連合会 会員サイト,https://nagasakikenren-yeg.com/,no_address
長崎市 の 不動産 管理はGRAPE HOUSINGにお任せください,https://mori-kanri.com/,no_sns_service
動画、ECサイト、AI活用、SNS,https://leoramblas.com/digital-solutions/,no_address
会計年度,https://shisyutsukoukai.pref.nagasaki.jp/data/H28/kotsujigyokaikei_H2902.pdf,fetch_failed
casa project,https://www.casa-p.com/casavc/,kept
“ 資力確保 ”,https://www.jkenzai.co.jp/pdf/jk-info/BB.21.08.pdf,fetch_failed
選ばれる理由,https://abcnagasaki.com/reason/,no_sns_service
"M'S1 : 長崎県 長崎市 <店舗（飲食店可）, 路面店舗>-1階のアクセス ...",https://www.tenantnagasaki.com/article/search/00000935,no_sns_service
個人情報保護方針,https://imamura-womens-clinic.com/privacypolicy/,no_sns_service
経営支援,https://www.kurume.or.jp/consulting/,no_sns_service
会社 概要,https://inbound.japan-tour.jp/company,no_address
「2025サマースクール」一般参加者 募集 ！,https://fg-nagasaki2045.localinfo.jp/posts/57109817,no_address
「かがやくAIテクノロジー」公開講演会を開催しました（11月20日）,https://www.nias.ac.jp/news/archives/3219,no_sns_service
販促POPで情報を伝えることで売上を上げる方法,https://buzz-create.com/archives/521,kept
長崎 ブランド構築プロジェクト費,https://www.pref.nagasaki.lg.jp/uploads/2025/02/1739443888.pdf,fetch_failed
tripla株式 会社 は、リード・キャピタル・マネージメント株式 会社 ...,https://tripla.io/2017/10/26/tripla%E6%A0%AA%E5%BC%8F%E4%BC%9A%E7%A4%BE%E3%81%AF%E3%80%81%E3%83%AA%E3%83%BC%E3%83%89%E3%83%BB%E3%82%AD%E3%83%A3%E3%83%94%E3%82%BF%E3%83%AB%E3%83%BB%E3%83%9E%E3%83%8D%E3%83%BC%E3%82%B8%E3%83%A1/,no_address
登録デザイナー紹介,https://www.pref.nagasaki.jp/yogyo/nid_net/designers_bank/list.php,kept
キャリサポの『ちょっと一言』 「第2回,http://www2.nagasaki-th.ed.jp/wp-content/uploads/2024/10/%E3%82%AD%E3%83%A3%E3%83%AA%E3%82%A2%E3%82%B5%E3%83%9D%E3%83%BC%E3%83%88%E3%81%A0%E3%82%88%E3%82%8A%EF%BC%88%E7%AC%AC%EF%BC%93%E5%8F%B7%EF%BC%89.pdf,fetch_failed
平成29年度補正「ものづくり・商業・サービス経営力向上 支援 補助 ...,https://www.nagasaki-chuokai.or.jp/wp-content/uploads/2020/10/20180706_saitakulist_nagasaki.pdf,fetch_failed
企業情報,https://profiter.jp/company/,no_sns_service
商店街でも生成AIは使えるのか？ 長崎 で 店舗 向け実務研修が初開催,https://dxmagazine.jp/news/2608uk3/,no_sns_service
DESIGN YAMADA KENTA,https://yamadakenta.net/,kept
明日から使える！現場で役立つ 外国人旅行者対応 ～基本と売上 ...,https://raku-gallery.com/2025/10/06/%E6%98%8E%E6%97%A5%E3%81%8B%E3%82%89%E4%BD%BF%E3%81%88%E3%82%8B%EF%BC%81%E7%8F%BE%E5%A0%B4%E3%81%A7%E5%BD%B9%E7%AB%8B%E3%81%A4-%E5%A4%96%E5%9B%BD%E4%BA%BA%E6%97%85%E8%A1%8C%E8%80%85%E5%AF%BE%E5%BF%9C/,no_sns_service
事 業 計 画 令和7年度事業計画について,https://www.nagasaki-tabinet.com/downloads/media/129401,fetch_failed
「Gガイド広告」事例：食の 観光 スポット「つきまち 長崎 横丁 ...,https://www.ipg.co.jp/vpWv_T9k2/case006,no_sns_service
地図で創る観光DX,https://www.zenrin.co.jp/product/category/iot/maas/index.html,no_address
令和8年度 長崎市 一般会計補正予算(第1号),https://www.city.nagasaki.lg.jp/uploaded/attachment/56761.pdf,fetch_failed
UIターン マーケティング 等業務委託 公募型プロポーザルの参加業者 ...,https://labid.jp/projects/2e8eaf25-bc31-4038-990b-d68a11e913f2,no_sns_service
長崎 県で効果的な企業PR・商品PR・ イベント 告知,https://led.plustate.co.jp/usage/,fetch_failed
Better,https://4better.jp/,kept
長崎大学×CCC マーケティング 総研× 長崎市 ×エヌタス×DMO ...,https://www.ccc.co.jp/news/press/20260326_008656.html,kept
スタディサプリ、 学習塾 市場から撤退,https://www.shijyukukai.jp/2025/09/28730,no_sns_service
九州から全国へ流通・ マーケティング,http://ideas-co.com/company/access/,kept
個人情報保護方針,https://chishokan.co.jp/privacypolicy/,no_sns_service
加盟店のオーナー様と新年会《関西エリア》,https://2-stage-kawaken.jp/blog/2443/,no_sns_service
運営団体について,https://nagasaki-p.com/parkmanagement/,no_company
株式 会社 くまもとDMC 会社 概要,https://www.town.kumamoto-yamato.lg.jp/kiji00310084/3_10084_25583_up_8rp5g6gt.pdf,fetch_failed
トップダウンによるコミュニケーション革命を軸としたDXの取り組み,https://kumamotodx.jp/case/post-1251/,kept
支援サービス,https://beauty-salon.linkwin.jp/service/,no_address
コンテンツ マーケティング が、あなたの 会社 のファンを増やす。,https://kumabase.com/works/,kept
デジタル マーケティング ・プロモーション,https://jam-cf.com/service/11.php,kept
Web マーケティング,https://aqm.jp/service/web-marketing/,kept
熊本市 で 飲食店 を開業される方へ,https://kumamotosupport.com/start,no_sns_service
SNS運用代行,https://gerbera-site.com/sns/,kept
福岡 熊本 のホームページ制作・WEB 集客,https://inext-co.com/web/company/company.php,kept
熊本市 南区の 不動産 売却はホープ 不動産 へ,https://www.hopef.jp/,no_sns_service
國武直樹よりご挨拶,https://chiryouin-consulting.net/greeting/,kept
フランチャイズ 事業,https://www.actus-interior.com/business/wholesale/,no_address
開業 支援 ・運営代行・清掃代行,https://yado-con.studio.site/service,no_sns_service
HIS ホテル ・ 旅館 再生 支援 プロジェクト始動,https://www.his.co.jp/news/8746.html,no_sns_service
アーキエステート株式 会社 REAL ESTATE AGENCIES,https://tunageru-p.jp/company_list/comp58/,no_sns_service
株式 会社 すがコーポレーション: 熊本 で 不動産 売却ならすが ...,https://suga-baikyaku.com/,no_sns_service
学科紹介,http://www.kumamotokokufu-h.ed.jp/deptinfo.html,no_sns_service
熊本 のSEO/Web 集客 /制作支援ならシンプリック,https://simplique.jp/area/kumamoto/,kept
DX化プロジェクト,https://wasedaschool-recruit.com/project/dx/,kept
7/22情報更新※【満員御礼】ロアッソ 熊本 産学連携プロジェクト ...,https://roasso-k.com/news/7288,kept
KAT WORLD株式 会社 （小売業）,https://growth-100-oku.smrj.go.jp/companies/pdf/01326-00.pdf,fetch_failed
学校紹介,https://www.yushi-kokusai.jp/about/,kept
【インターンから新卒入社】バイト経験が最大の武器！？Web広告 ...,https://timingood.co.jp/interview_2026-07/,kept
DX・ デジタル 推進実践セミナー,https://mizukami-shoko.com/wp/wp-content/uploads/2023/08/03%E5%AE%9F%E8%B7%B5%E3%82%BB%E3%83%9F%E3%83%8A%E3%83%BC%E3%83%81%E3%83%A9%E3%82%B7.pdf,fetch_failed
熊本市 中央区手取本町8番9号 テトリアくまもとビル9階・10階,https://mashikishoko.jp/wp-content/uploads/03E5AE9FE8B7B5E382BBE3839FE3838AE383BCE38381E383A9E382B7.pdf,fetch_failed
blogpage – ページ 7,https://kuma-digi.jp/blogpage/page/7/,no_company
ハイコム不動産,https://www.8156.work/park,kept
熊本,https://salessupport.move-on.co.jp/,kept
千円） 主要な施策事業名予算額決算額施,https://www.pref.kumamoto.jp/uploaded/life/214629_581078_misc.pdf,fetch_failed
,https://www.k1-gyosei.com/,no_company
会社 案内・店舗紹介・スタッフ紹介,https://www.kosugi-baibai.com/about/company/,no_sns_service
令和6年度 熊本市 スタートアップ外部専門人材活用 支援 事業 成果 ...,https://xosspoint.jp/event-archive/0317/,kept
明日から使える！現場で役立つ 外国人旅行者対応 ～基本 ...,https://www.nagasaki-bus.co.jp/kataru/kataru_news/detail.php?cid=5&id=3528,no_sns_service
モバイルバッテリーシェアリングを通じて災害時に助けあえる街 ...,https://8156.jp/12949/,kept
サービスのご案内 観光 振興・魅力発掘 ～ 株式 会社 チェリー企画,https://www.cherrybravo.com/service.php,no_address
産業版「市長とドンドン語ろう！」令和4年（2022年）7 ...,https://www.city.kumamoto.jp/sicho/kiji00350016/5_50016_359326_up_JAH6NEL1.pdf,fetch_failed
下田恭平,https://proff.io/p/MG-BBGXofk32FfBFlB-lSQ,no_address
（株）アドルーム,http://www.kumamoto-keizai.co.jp/debut/Work/companyDetail.asp?k_id=401,no_address
事業内容,https://bsdinc.co.jp/service/,kept
熊本市 と PR TIMES が地元事業者の PR 支援に向けた 連携協定を締結,https://www.nikkei.com/markets/ir/irftp/data/tdnr/tdnetg3/20250417/fa0m14/140120250417517352.pdf,fetch_failed
事業内容,https://local-gain.com/service/,no_address
在宅ワーカーと発注企業が集合,https://www.pref.oita.jp/uploaded/attachment/2071461.pdf,fetch_failed
今長 学,https://www.design-oita.jp/members/559,kept
総合 広告 代理店,https://www.oitakotsu.co.jp/advertisement/,kept
事業所名 所在地 株式 会社 ATTS 大分市 萩原 3丁目6番2号 ...,https://www.kyoukaikenpo.or.jp/shibu/oita/assets/202509oita.pdf,fetch_failed
会社 紹介,https://www.delecto.co.jp/company/,no_sns_service
株式 会社 CROS（クロス）,https://cros-nande.com/service/,kept
会社 概要,https://www.lily-net.co.jp/company/,kept
予約動線の刷新で「取りこぼし」を防ぎ新患獲得アップ,https://connect.kireipass.jp/pages/case/ginzabiyou_ooita,no_sns_service
大分 ウェブ マーケティング の成功事例,https://enandmedia.co.jp/voice/,no_address
医業経営,https://www.hanew.jp/?page_id=21,no_sns_service
無料で学ぶSEO。おおいたウェブ マーケティング 塾,https://sherlocks.co.jp/seo/,no_address
不動産 管理,https://kubotafk.com/kanri/,no_sns_service
大分市 で進む患者中心の包括的ヘルスケア。基盤となる患者CRM ...,https://dhbr.diamond.jp/articles/-/10034,no_sns_service
大分市 の 不動産 売却サイト 無料相談一括査定見積なら【おおいた ...,https://www.oitamansion-onlyone.jp/,no_sns_service
事業理念,https://joyplan-oita.com/rinen.html,no_sns_service
大分 店,https://sell-house.jp/shop/oita/oita,no_sns_service
会社 概要～ ホテル 経営 支援 ・コンサルティングのマック,http://www.mac-int.co.jp/hotel/h-comp.html,kept
会社 案内,https://gritix.jp/%E8%87%AA%E5%B7%B1%E7%B4%B9%E4%BB%8B/,no_contact
売却を依頼する 不動産会社 はどう選ぶ,https://www.mizukifudousan.com/article/for-sellers/know-how/iraisaki-sentaku/,no_sns_service
FC加盟店募集,https://ooitakaraagewan.jp/sp/franchise.html,no_sns_service
美容室の売上アップならレボル,https://pure-oita.net/revol/,kept
売却を依頼する 不動産会社 はどう選ぶ,https://www.fujihirocorp.jp/article/for-sellers/know-how/iraisaki-sentaku/,no_sns_service
大分市 の 工務店 SAKAIリクルート新卒採用情報,https://oita-sumai.com/recruit/recruit/shinsotsu/,no_sns_service
株式 会社 佐伯コミュニケーションズ,https://www.sorin-oita.or.jp/Sorin/Servlet?bn=companyguide&proc=detail&companyNo=44012048054,no_sns_service
オーナー様へ,https://www.linksoita.co.jp/owner,no_sns_service
FC加盟店システムのご案内,https://torian.jp/?page_id=54,kept
アッセンジャーズ,https://assengers.com/,kept
大分市 6次産業化セミナー「消費者目線のプロが教える 売れる商品 ...,https://www.city.oita.oita.jp/o158/shigotosangyo/norinsuisangyo/6jikaseminar260206houdou.html,no_sns_service
独立して開業をお考えの際はご相談ください,https://rh-cleanlive.jp/dictionary/,no_address
Untitled,https://waarm.or.jp/wp-content/uploads/2014/11/0293fca87865f54c1fbf9ad959f58495.pdf,fetch_failed
資料7,https://www.pref.miyazaki.lg.jp/documents/25837/25837_20170206193121-1.pdf,fetch_failed
美容サロン 向け公式アプリ作成サービス「BeautyMerit」のEC 機能 ...,https://lp.press-room.cloud/presskit/company/pressRelease/detail?pressReleaseId=5636,no_address
美容 室「Barts」様Googleストリートビュー掲載,https://fof-gr.jp/archives/875,kept
広報,https://www.marusho-kensetsu.co.jp/recruit/requirements/222/,no_address
不動産会社 と結ぶ「媒介契約」の種類とは,https://www.oita-homes.com/article/for-sellers/chuukai/baikai-keiyaku/,no_sns_service
NEWSニュース,https://www.oita-trinita.co.jp/news/20200156335/,no_address
令和5年度事業報告書,https://www.mepo.or.jp/contents/wp-content/uploads/2024/08/r05_jigyouhoukoku.pdf,fetch_failed
令和7年度 物価高騰対応重点 支援 地方創生臨時交付金実施 ...,https://www.city.miyazaki.miyazaki.jp/fs/8/7/5/1/1/4/_/__7_________________________.pdf,fetch_failed
2021 年度の 1 年間に顕著な実績を収めた宿泊施設を表彰 「じゃらん ...,https://www.recruit.co.jp/newsroom/pressrelease/assets/20220711_travel_01.pdf,fetch_failed
本県の観光を取り巻く状況は,https://www.kanko-miyazaki.jp/downloads/media/3390,fetch_failed
宮崎市 観光協会事業の振り分けについて,https://www.miyazaki-city.tourism.or.jp/downloads/media/1193,fetch_failed
株式 会社地域 活性化プロジェクト 会社 概要,https://www.m-pro.tv/company,no_address
Untitled,https://www.m-tokusan.or.jp/wp-content/uploads/2021/07/%E4%BB%A4%E5%92%8C%EF%BC%93%E5%B9%B4%E5%BA%A6%E4%BA%8B%E6%A5%AD%E8%A8%88%E7%94%BB%E6%9B%B8.pdf,fetch_failed
【 宮崎市 観光 プロモーション 「宮崎・大阪てげええなぁ」】参加,https://www.buffaloes.co.jp/news/detail/00000906.html,no_address
令和3年度 宮崎 県 ICT技術導入企業等 支援 事業事例集,https://misa45.jp/wp/wp-content/uploads/2022/03/ICT_Jirei-MISA2021.pdf,fetch_failed
2021/11/26(金)開催 飲食店 のネットショップ開店セミナー,https://yorozu-kagoshima.go.jp/2021/11/07/ec_food/,kept
松之屋フーズ,https://matsunoyafoods.com/,kept
プライバシーポリシー,https://tokushikai.jp/privacy.html,no_sns_service
木下尚央之,https://www.gokangroup.com/%E3%82%B0%E3%83%AB%E3%83%BC%E3%83%97%E6%A6%82%E8%A6%81/%E6%9C%A8%E4%B8%8B%E5%B0%9A%E5%A4%AE%E4%B9%8B/,no_sns_service
鹿児島 の薬局DX・ マーケティング 支援はメディカルノシステムズ,https://medikaruno.com/lp/lp002/,no_address
【 鹿児島 エリア】町興し屋台村ご支援だよの話(前編),https://30m.co.jp/kisyabanoyokocho1/,kept
令和8年度「かごしま観光未来塾」の開催,https://www.city.kagoshima.lg.jp/kan-senryaku/kagoshimakankoumiraijyuku.html,no_address
ホームステージングで魅力を引き出す,https://kagoshimachuo.baikyaku-mado.jp/page/service03,no_sns_service
新築賃貸のコンサルティング契約を受託しました,https://twinb.co.jp/contents/231,no_sns_service
要請期間：9月13日～9月30日（ 鹿児島市 ）】大規模 集客 施設への ...,https://www.pref.kagoshima.jp/ae06/dakibosyuukyaku2.html,no_sns_service
開業 支援 （内装工事等）,http://www.sonic-sky.jp/support/opening.html,no_sns_service
令和7年11月 募集 開始コース,https://jsite.mhlw.go.jp/kagoshima-roudoukyoku/hourei_seido_tetsuzuki/shokugyou_kunren/kunrenitiran/kunrenstart_202511.html,no_sns_service
売却を依頼する 不動産会社 はどう選ぶ,https://www.ouchico.jp/article/for-sellers/know-how/iraisaki-sentaku/,no_sns_service
株式 会社 クリーチャー,https://creature-mz.com/,kept
会社 概要,https://ebisu-do.jp/company.html,kept
クリエイターズトーク vol.10- イタマツシオネ,https://kagoshima-creativelife.jp/interview/creators/10/index.html,no_address
2026-27 学生インターンシップ プログラム 募集,https://www.rebnise.jp/news/detail/id=19405,kept
2024年度 課題解決型インターンシップ／キャリア実習 【 受入先 ...,https://www.kagoshima-u.ac.jp/job/0422_internkadai.pdf,fetch_failed
LUCKY Studio： 鹿児島 ・宮崎周辺の イベント 企画なら「 イベント ...,https://luckystudio-kagoshima.com/,no_company
不動産 投資家の方,https://chuoukaikei.com/business/investor/,no_sns_service
九電ドローンサービス(QDS),https://www.kyuden-drone.co.jp/movie/index_3.html,no_address
那覇市 美容 ディーラー 経営セミナー開催 サンビューティナイル,https://www.beauty-business-nile.com/,fetch_failed
沖縄最大級の 美容 ポータルサイト！掲載店舗募集中！,https://www.musu-b.com/contact/,no_sns_service
オーナー様へ,https://www.kawakubojutaku.co.jp/original_page/1705481,no_sns_service
2部『お店の磁力のつくり方』 〜広告費ゼロでもお客様が集まる,https://seminar260513-b.satori.site/0513,no_address
女性起業家向け「ビジネススクール運営事業」,https://bizgrace.page/,no_address
米軍基地問題に向き合う,https://hodanren.doc-net.or.jp/iryoukankei/shinbun/220725.pdf,fetch_failed
歯科 セミナー情報,https://www.mandm-coaching.jp/202604step6-seminar,no_sns_service
地域プロモーション,https://kisyabaree.com/project/promotion/,kept
可能性を広げるべく法人化。時代に合わせて柔軟に変化し続ける ...,http://012okinawa.com/interview/onesmanagement/,no_sns_service
Blog 3 Columns – ページ 35454 – 日刊 自動車 新聞,https://www.netdenjd.com/blog-3-columns/page/35454,no_sns_service
