company_name,url,address,phone,maps_url,area_hint,query
この簡易版検索結果ページについて,https://support.yahoo-net.jp/PccSearch/s/article/H000011627,,,,札幌市,札幌市 歯科 集客支援会社 -おすすめ -比較 -ランキング -求人 -まとめ
CS.lab,https://cs-lab.net/,,,,札幌市,札幌市 歯科 集客支援会社 -おすすめ -比較 -ランキング -求人 -まとめ
会社 概要,https://ozawaoffice.co.jp/company/,,,,札幌市,札幌市 歯科 集客支援会社 -おすすめ -比較 -ランキング -求人 -まとめ
【 歯科 医院】,https://www.surestack.net/post/20260420,,,,札幌市,札幌市 歯科 集客支援会社 -おすすめ -比較 -ランキング -求人 -まとめ
営業基盤 支援 センター株式 会社,https://shiencenter.jp/,,,,札幌市,札幌市 歯科 集客支援会社 -おすすめ -比較 -ランキング -求人 -まとめ
医院盛業 支援 サービス,https://hhd-mp.com/service/doctor/consulting/,,,,札幌市,札幌市 歯科 集客支援会社 -おすすめ -比較 -ランキング -求人 -まとめ
事業内容/ 会社 概要,https://www.2nd-wmc.com/about/,,,,札幌市,札幌市 歯科 集客支援会社 -おすすめ -比較 -ランキング -求人 -まとめ
ミセノビ,https://misenobi.jp/,,,,札幌市,札幌市 歯科 集客支援会社 -おすすめ -比較 -ランキング -求人 -まとめ
プライバシーポリシー,https://www.lycorp.co.jp/ja/company/privacypolicy/,,,,札幌市,札幌市 歯科 集客支援会社 -おすすめ -比較 -ランキング -求人 -まとめ
プライバシーセンター,https://privacy.lycorp.co.jp/ja/,,,,札幌市,札幌市 歯科 集客支援会社 -おすすめ -比較 -ランキング -求人 -まとめ
検索結果への広告掲載,https://www.lycbiz.com/jp/service/yahoo-ads/search_results,,,,札幌市,札幌市 歯科 集客支援会社 -おすすめ -比較 -ランキング -求人 -まとめ
会社 概要,https://medicalskip.com/company/,,,,札幌市,札幌市 医療 Webマーケティング会社 -おすすめ -比較 -ランキング -求人 -まとめ
医療 機関専門のホームページ制作・集患支援サービス『メディカル ...,https://www.roadskip.com/post/%E5%8C%BB%E7%99%82%E6%A9%9F%E9%96%A2%E5%B0%82%E9%96%80%E3%81%AE%E3%83%9B%E3%83%BC%E3%83%A0%E3%83%9A%E3%83%BC%E3%82%B8%E5%88%B6%E4%BD%9C%E3%83%BB%E9%9B%86%E6%82%A3%E6%94%AF%E6%8F%B4%E3%82%B5%E3%83%BC%E3%83%93%E3%82%B9%E3%80%8E%E3%83%A1%E3%83%87%E3%82%A3%E3%82%AB%E3%83%AB%E3%82%B9%E3%82%AD%E3%83%83%E3%83%97%E3%80%8F%E9%96%8B%E5%A7%8B%E3%81%AE%E3%81%8A%E7%9F%A5%E3%82%89%E3%81%9B,,,,札幌市,札幌市 医療 Webマーケティング会社 -おすすめ -比較 -ランキング -求人 -まとめ
会社 情報,https://www.mediast.jp/aboutus,,,,札幌市,札幌市 医療 Webマーケティング会社 -おすすめ -比較 -ランキング -求人 -まとめ
事業案内,https://iryo-eizosha.com/service/,,,,札幌市,札幌市 医療 Webマーケティング会社 -おすすめ -比較 -ランキング -求人 -まとめ
当社が「 Web ・ マーケティング 支援に強いコンサル 会社 を厳選紹介,https://www.miraizu-inc.jp/news/8341/,,,,札幌市,札幌市 医療 Webマーケティング会社 -おすすめ -比較 -ランキング -求人 -まとめ
札幌市のWebマーケティング・動画制作会社,https://prstore.co.jp/posts/news8,,,,札幌市,札幌市 医療 Webマーケティング会社 -おすすめ -比較 -ランキング -求人 -まとめ
株式 会社 ARDEM（旧キグナスインターネット株式 会社 ）,https://homepage-kimete.com/company/%E3%82%AD%E3%82%B0%E3%83%8A%E3%82%B9%E3%82%A4%E3%83%B3%E3%82%BF%E3%83%BC%E3%83%8D%E3%83%83%E3%83%88%E6%A0%AA%E5%BC%8F%E4%BC%9A%E7%A4%BE/,,,,札幌市,札幌市 医療 Webマーケティング会社 -おすすめ -比較 -ランキング -求人 -まとめ
合同 会社 24,https://24llc.jp/,,,,札幌市,札幌市 美容業界 販促支援会社 -おすすめ -比較 -ランキング -求人 -まとめ
メイブリッジ合同 会社,https://maybridge.info/,,,,札幌市,札幌市 美容業界 販促支援会社 -おすすめ -比較 -ランキング -求人 -まとめ
株式 会社 IBS,http://iibs.co.jp/group.html,,,,札幌市,札幌市 美容業界 販促支援会社 -おすすめ -比較 -ランキング -求人 -まとめ
株式 会社 ノースアンビシャス（NORTH AMBITIOUS）ー北海道の ...,https://north-ambitious.co.jp/team/,,,,札幌市,札幌市 美容業界 販促支援会社 -おすすめ -比較 -ランキング -求人 -まとめ
クオレ(株)/木下製薬(株)の2027年度 会社 概要,https://job.mynavi.jp/28/pc/search/corp266443/outline.html,,,,札幌市,札幌市 美容業界 販促支援会社 -おすすめ -比較 -ランキング -求人 -まとめ
株式 会社 ミルコム,https://www.faaj.or.jp/adviser/%E6%A0%AA%E5%BC%8F%E4%BC%9A%E7%A4%BE%E3%83%9F%E3%83%AB%E3%82%B3%E3%83%A0/,,,,札幌市,札幌市 飲食店 販促支援会社 -おすすめ -比較 -ランキング -求人 -まとめ
札幌 で企業ブランディングの広告デザインや 飲食店 プロデュース,https://april-cr.com/home/,,,,札幌市,札幌市 飲食店 販促支援会社 -おすすめ -比較 -ランキング -求人 -まとめ
株式 会社 ZenA,https://zena23.jp/,,,,札幌市,札幌市 飲食店 販促支援会社 -おすすめ -比較 -ランキング -求人 -まとめ
飲食店 に関わる各専門分野のエキスパート集団 ...,https://www.ring-nagoya.com/about.html,,,,札幌市,札幌市 飲食店 販促支援会社 -おすすめ -比較 -ランキング -求人 -まとめ
札幌 で 飲食店 の創業融資・確定申告・節税・助成金なら,http://sapporo-foodbusiness.com/,,,,札幌市,札幌市 飲食店 販促支援会社 -おすすめ -比較 -ランキング -求人 -まとめ
食品流通のDXを推進するクロスマート、北海道営業所を開設,https://xmart.co.jp/news/hokkaido,,,,札幌市,札幌市 飲食店 販促支援会社 -おすすめ -比較 -ランキング -求人 -まとめ
札幌市 中央区で”本当”に 集客 のできるホームページを ...,https://koumuten-lead.jp/area/hokkaido/sapporoshichuoku,,,,札幌市,札幌市 工務店 集客支援会社 -おすすめ -比較 -ランキング -求人 -まとめ
"RUTSUBO, inc.",https://rutsubo.co.jp/,,,,札幌市,札幌市 工務店 集客支援会社 -おすすめ -比較 -ランキング -求人 -まとめ
工務店 向け予約 集客 ツール「ケンガククラウド」,https://kengakucloud.jp/2022/07/13/%E5%B7%A5%E5%8B%99%E5%BA%97%E5%90%91%E3%81%91%E4%BA%88%E7%B4%84%E9%9B%86%E5%AE%A2%E3%83%84%E3%83%BC%E3%83%AB%E3%80%8C%E3%82%B1%E3%83%B3%E3%82%AC%E3%82%AF%E3%82%AF%E3%83%A9%E3%82%A6%E3%83%89%E3%80%8D/,,,,札幌市,札幌市 工務店 集客支援会社 -おすすめ -比較 -ランキング -求人 -まとめ
工務店 のホームページ&web戦略 iezoomplus,https://iezoomplus.com/,,,,札幌市,札幌市 工務店 集客支援会社 -おすすめ -比較 -ランキング -求人 -まとめ
株式 会社 向上計画総合研究所,https://ipi117.com/,,,,札幌市,札幌市 工務店 集客支援会社 -おすすめ -比較 -ランキング -求人 -まとめ
Press Release,https://www.nacoo.com/Portals/0/images/main/pdf/release_consul_20211111.pdf,,,,札幌市,札幌市 工務店 集客支援会社 -おすすめ -比較 -ランキング -求人 -まとめ
株式 会社 アーキテックプランニング,https://service.j-shield.co.jp/housing/long-term-warranty/voice/architecplanning,,,,札幌市,札幌市 工務店 集客支援会社 -おすすめ -比較 -ランキング -求人 -まとめ
土屋ホーム：ブランディングとデジタル マーケティング の同時展開 ...,https://review.tanabeconsulting.co.jp/consultantcase/27907/,,,,札幌市,札幌市 住宅会社 マーケティング支援 -おすすめ -比較 -ランキング -求人 -まとめ
会社 概要,https://www.futurelink.biz/about,,,,札幌市,札幌市 住宅会社 マーケティング支援 -おすすめ -比較 -ランキング -求人 -まとめ
イー・ステート・オンラインとAI TOKYO LAB、北大大学院が共同 ...,https://times.sanpou-s.net/detail/pid-12916/,,,,札幌市,札幌市 住宅会社 マーケティング支援 -おすすめ -比較 -ランキング -求人 -まとめ
コンサルティングサービス,https://hokujyu.jp/consulting.php,,,,札幌市,札幌市 住宅会社 マーケティング支援 -おすすめ -比較 -ランキング -求人 -まとめ
北海道の 士業 （税理士・行政書士など）に強いホームページ制作会社,https://c-ree.com/partners/industry/shigyou/hokkaido,,,,札幌市,札幌市 士業 Web集客支援 -おすすめ -比較 -ランキング -求人 -まとめ
制作の流れ,https://shinwa-hp.jp/flow/,,,,札幌市,札幌市 士業 Web集客支援 -おすすめ -比較 -ランキング -求人 -まとめ
株式会社ContextJapan,https://hkd-ouendankaigi.jp/cheering/enterprise/101083.html,,,,札幌市,札幌市 士業 Web集客支援 -おすすめ -比較 -ランキング -求人 -まとめ
近藤コンサルティング事務所様,https://helixia.co.jp/works/725,,,,札幌市,札幌市 士業 Web集客支援 -おすすめ -比較 -ランキング -求人 -まとめ
法律事務所向け,https://www.funaisoken.co.jp/solution/lawyer-marketing,,,,札幌市,札幌市 士業 Web集客支援 -おすすめ -比較 -ランキング -求人 -まとめ
シェアスタック,https://www.zaikaisapporo.co.jp/hdb/hdb-article.php?id=20069,,,,札幌市,札幌市 士業 Web集客支援 -おすすめ -比較 -ランキング -求人 -まとめ
士業 の方向けのホームページ制作,https://tsunagu-support-webdesign.com/,,,,札幌市,札幌市 士業 Web集客支援 -おすすめ -比較 -ランキング -求人 -まとめ
さっぽろサムライ倶楽部とはABOUT SAPPORO SAMURAI CLUB,https://sapporo-samurai.com/about/,,,,札幌市,札幌市 士業 Web集客支援 -おすすめ -比較 -ランキング -求人 -まとめ
【 札幌市 西区】個別指導塾マナビバのご紹介,http://okamaru.net/manabiba-s/,,,,札幌市,札幌市 学習塾 Webマーケティング -おすすめ -比較 -ランキング -求人 -まとめ
ITで起業をめざそう,https://programming-school.net/category/it%E3%81%A7%E8%B5%B7%E6%A5%AD%E3%82%92%E3%82%81%E3%81%96%E3%81%9D%E3%81%86/,,,,札幌市,札幌市 学習塾 Webマーケティング -おすすめ -比較 -ランキング -求人 -まとめ
札幌 Web 集客セミナー＆勉強会（開催日程）【2025年】,https://it-learning.co.jp/webven/,,,,札幌市,札幌市 学習塾 Webマーケティング -おすすめ -比較 -ランキング -求人 -まとめ
「【提携アドバイザー担当】小中学生を対象にした個別および少 ...,https://macloud.jp/selling_targets/8447,,,,札幌市,札幌市 学習塾 Webマーケティング -おすすめ -比較 -ランキング -求人 -まとめ
SaCSS Special14 : SEO & MARKETING SPECIAL,https://sacss.net/special14/,,,,札幌市,札幌市 学習塾 Webマーケティング -おすすめ -比較 -ランキング -求人 -まとめ
ホテル ・旅館 OTA販売強化・各種販促コンサルティング,https://www.s-total.co.jp/consultation/,,,,札幌市,札幌市 ホテル 集客支援会社 -おすすめ -比較 -ランキング -求人 -まとめ
ホテル ・旅館向けサービス,https://cnctor.jp/service/hotel-service-list/,,,,札幌市,札幌市 ホテル 集客支援会社 -おすすめ -比較 -ランキング -求人 -まとめ
ホテル 再建・コンサルティング,https://renatusjapan.jimdofree.com/%E3%82%B5%E3%83%BC%E3%83%93%E3%82%B9/%E3%83%9B%E3%83%86%E3%83%AB%E5%86%8D%E5%BB%BA-%E3%82%B3%E3%83%B3%E3%82%B5%E3%83%AB%E3%83%86%E3%82%A3%E3%83%B3%E3%82%B0/,,,,札幌市,札幌市 ホテル 集客支援会社 -おすすめ -比較 -ランキング -求人 -まとめ
運営・プロジェクト実績,https://hrcc.jp/project/,,,,札幌市,札幌市 ホテル 集客支援会社 -おすすめ -比較 -ランキング -求人 -まとめ
採択結果 ①観光地の販路拡  ・マーケティング強化 （デジタル ...,https://www.mlit.go.jp/kankocho/content/002009128.pdf,,,,札幌市,札幌市 ホテル 集客支援会社 -おすすめ -比較 -ランキング -求人 -まとめ
会社 概要,https://tripla.io/ir/overview/us/,,,,札幌市,札幌市 ホテル 集客支援会社 -おすすめ -比較 -ランキング -求人 -まとめ
サービス,https://www.hotels-dx.jp/service/,,,,札幌市,札幌市 ホテル 集客支援会社 -おすすめ -比較 -ランキング -求人 -まとめ
第23・24回講演会,https://yadoya.network/hokkaido-yadoyajuku.20151110.html,,,,札幌市,札幌市 ホテル 集客支援会社 -おすすめ -比較 -ランキング -求人 -まとめ
有限 会社 アドメリー,https://admery.com/,,,,札幌市,札幌市 地域プロモーション会社 -おすすめ -比較 -ランキング -求人 -まとめ
ホワイトカンパニーについて,https://white-co.jp/company/,,,,札幌市,札幌市 地域プロモーション会社 -おすすめ -比較 -ランキング -求人 -まとめ
HAPPY MEDIA 札幌 地域 みっちゃく生活情報誌® 『ふりっぱー』,https://www.shouken.co.jp/business/fripper/,,,,札幌市,札幌市 地域プロモーション会社 -おすすめ -比較 -ランキング -求人 -まとめ
企業の 地域 貢献活動の PR や市政情報の発信で連携しています/アクト ...,https://www4.city.sapporo.jp/scg/case/case-051.html,,,,札幌市,札幌市 地域プロモーション会社 -おすすめ -比較 -ランキング -求人 -まとめ
HTB プロモーション,https://htb-p.co.jp/,,,,札幌市,札幌市 地域プロモーション会社 -おすすめ -比較 -ランキング -求人 -まとめ
Service,https://megacom.jp/service/,,,,札幌市,札幌市 地域プロモーション会社 -おすすめ -比較 -ランキング -求人 -まとめ
シーダースコミュニケーションズ株式 会社,https://airwater-souen.jp/innovation/member/2f/cedars-communications.html,,,,札幌市,札幌市 地域プロモーション会社 -おすすめ -比較 -ランキング -求人 -まとめ
会社 概要,https://www.ccc.ne.jp/company/,,,,札幌市,札幌市 地域プロモーション会社 -おすすめ -比較 -ランキング -求人 -まとめ
ツリーズ コンサルティング について,https://treesconsulting.jp/about/,,,,札幌市,札幌市 Webコンサルティング 地域企業 -おすすめ -比較 -ランキング -求人 -まとめ
株式会社オーベック：会社概要,https://ohbec.co.jp/oh_profile.html,,,,札幌市,札幌市 Webコンサルティング 地域企業 -おすすめ -比較 -ランキング -求人 -まとめ
会社概要,https://web-advisory.com/company/,,,,札幌市,札幌市 Webコンサルティング 地域企業 -おすすめ -比較 -ランキング -求人 -まとめ
沿革,https://justfix.co.jp/company/history/,,,,札幌市,札幌市 Webコンサルティング 地域企業 -おすすめ -比較 -ランキング -求人 -まとめ
F-Japan構想,https://www.forval.co.jp/f-japan/,,,,札幌市,札幌市 Webコンサルティング 地域企業 -おすすめ -比較 -ランキング -求人 -まとめ
北海道 札幌市 の調査会社 TRAVI,https://go-travi.net/gaiyo.html,,,,札幌市,札幌市 Webコンサルティング 地域企業 -おすすめ -比較 -ランキング -求人 -まとめ
企業 への支援,https://www.city.sapporo.jp/business/kigyo/index.html,,,,札幌市,札幌市 広告代理店 中小企業向け -おすすめ -比較 -ランキング -求人 -まとめ
業務領域,https://triad-pr.jp/gyomu/,,,,札幌市,札幌市 広告代理店 中小企業向け -おすすめ -比較 -ランキング -求人 -まとめ
会社概要,https://localio.co.jp/company/,,,,札幌市,札幌市 広告代理店 中小企業向け -おすすめ -比較 -ランキング -求人 -まとめ
導入実績  【北海道 札幌市 中央区】屋内用LEDビジョン 某 広告代理店 様,https://ledusvision.jp/case/%E5%B0%8E%E5%85%A5%E5%AE%9F%E7%B8%BE%E2%97%86%E3%80%90%E5%8C%97%E6%B5%B7%E9%81%93%E6%9C%AD%E5%B9%8C%E5%B8%82%E4%B8%AD%E5%A4%AE%E5%8C%BA%E3%80%91%E5%B1%8B%E5%86%85%E7%94%A8led%E3%83%93%E3%82%B8,,,,札幌市,札幌市 広告代理店 中小企業向け -おすすめ -比較 -ランキング -求人 -まとめ
規約マニュアル及び 広告 宣伝マニュアル改訂版に基づく研修会の ...,https://www.aftc.or.jp/content/files/pdf/koukoku_h2902_01.pdf,,,,札幌市,札幌市 広告代理店 中小企業向け -おすすめ -比較 -ランキング -求人 -まとめ
ホワイトエッセンス加盟院（ 旭川 旭神）,https://kireipass.jp/clinics/krc2318,,,,旭川市,旭川市 歯科 集客支援会社 -おすすめ -比較 -ランキング -求人 -まとめ
デザインによる 歯科 医院開業 支援 IKGデンタルラボ,https://dental-lab.jp/links/index.html,,,,旭川市,旭川市 歯科 集客支援会社 -おすすめ -比較 -ランキング -求人 -まとめ
北海道JR 旭川 駅前ドラッグストア併設医療モール,https://medicalresearch.jp/reference_property/1185/,,,,旭川市,旭川市 歯科 集客支援会社 -おすすめ -比較 -ランキング -求人 -まとめ
令和7年度 中小・小規模企業デジタル技術導入等緊急 支援 事業費 ...,https://www.pref.hokkaido.lg.jp/fs/1/1/9/5/3/9/0/4/_/%E6%8E%A1%E6%8A%9E%E7%B5%90%E6%9E%9C.pdf,,,,旭川市,旭川市 歯科 集客支援会社 -おすすめ -比較 -ランキング -求人 -まとめ
旭 川 北 高 同 窓 会,https://www.kitako-dousou.com/wp/wp-content/uploads/2019/08/2019_08_54ad.pdf,,,,旭川市,旭川市 歯科 集客支援会社 -おすすめ -比較 -ランキング -求人 -まとめ
飲食業人材不足等対応 支援 補助金,https://www.arc-net.or.jp/varioussupport/ijbt/,,,,旭川市,旭川市 歯科 集客支援会社 -おすすめ -比較 -ランキング -求人 -まとめ
税理士法人たいせつ(北海道 旭川市 )のスタッフ紹介,http://www.taxaccounting-shien.com/detail/rep/t/686,,,,旭川市,旭川市 歯科 集客支援会社 -おすすめ -比較 -ランキング -求人 -まとめ
BRSスポンサー様ご紹介,https://be-readysapporo.com/news/brs%E3%82%B9%E3%83%9D%E3%83%B3%E3%82%B5%E3%83%BC%E6%A7%98%E3%81%94%E7%B4%B9%E4%BB%8B/,,,,旭川市,旭川市 歯科 集客支援会社 -おすすめ -比較 -ランキング -求人 -まとめ
株式 会社 LOL LABO,https://baseconnect.in/companies/cf6c32e1-8171-4236-9b04-c8bf0eaaaceb,,,,旭川市,旭川市 医療 Webマーケティング会社 -おすすめ -比較 -ランキング -求人 -まとめ
R8けんスポ！Project Beyond Conditioning,https://www.city.asahikawa.hokkaido.jp/kurashi/329/338/346/d084464.html,,,,旭川市,旭川市 医療 Webマーケティング会社 -おすすめ -比較 -ランキング -求人 -まとめ
電子カルテ部門実績,https://ijigen.jp/business/achievements/,,,,旭川市,旭川市 医療 Webマーケティング会社 -おすすめ -比較 -ランキング -求人 -まとめ
更新･予約･販売 各種 web システム開発 構築組込 ホームページ制作,https://biei.work/web_system.php,,,,旭川市,旭川市 医療 Webマーケティング会社 -おすすめ -比較 -ランキング -求人 -まとめ
Copyright ©️ 2025 With Taste All rights reserved.,https://with-taste.jp/webadmin/wp-content/themes/With%20Taste/assets/pdf/with-taste_blog_website.pdf,,,,旭川市,旭川市 医療 Webマーケティング会社 -おすすめ -比較 -ランキング -求人 -まとめ
第1回：多職種連携の原点は大学院時代,https://www.maruho.co.jp/medical/articles/pharmacist/ipw3/01.html,,,,旭川市,旭川市 医療 Webマーケティング会社 -おすすめ -比較 -ランキング -求人 -まとめ
北海道よろず 支援 拠点 支援 事例集,https://www.hsc.or.jp/pdf/download_28yorozujirei.pdf,,,,旭川市,旭川市 美容業界 販促支援会社 -おすすめ -比較 -ランキング -求人 -まとめ
資料10 北海道よろず 支援 拠点資料,https://jsite.mhlw.go.jp/hokkaido-roudoukyoku/content/contents/000350039.pdf,,,,旭川市,旭川市 美容業界 販促支援会社 -おすすめ -比較 -ランキング -求人 -まとめ
国民生活事業 生活衛生だより,https://www.jfc.go.jp/n/findings/kanei_d_m.html,,,,旭川市,旭川市 美容業界 販促支援会社 -おすすめ -比較 -ランキング -求人 -まとめ
飲食店 ・食品のコンサルティング,https://www.chisakosyokudou.jp/consulting.html,,,,旭川市,旭川市 飲食店 販促支援会社 -おすすめ -比較 -ランキング -求人 -まとめ
店舗 用品・ 販促 品,https://asanoshoji.com/products/product11/,,,,旭川市,旭川市 飲食店 販促支援会社 -おすすめ -比較 -ランキング -求人 -まとめ
COMPANY,https://hagiya-hokkaido.info/company/,,,,旭川市,旭川市 飲食店 販促支援会社 -おすすめ -比較 -ランキング -求人 -まとめ
道北パートナーズ,https://dohokupartners.com/,,,,旭川市,旭川市 飲食店 販促支援会社 -おすすめ -比較 -ランキング -求人 -まとめ
株式 会社 ロゴスホームは北洋銀行の「サステナビリティ・リンク ...,https://logos-holdings.jp/news/%E6%A0%AA%E5%BC%8F%E4%BC%9A%E7%A4%BE%E3%83%AD%E3%82%B4%E3%82%B9%E3%83%9B%E3%83%BC%E3%83%A0%E3%81%AF%E5%8C%97%E6%B4%8B%E9%8A%80%E8%A1%8C%E3%81%AE%E3%80%8C%E3%82%B5%E3%82%B9%E3%83%86%E3%83%8A%E3%83%93-3/,,,,旭川市,旭川市 住宅会社 マーケティング支援 -おすすめ -比較 -ランキング -求人 -まとめ
あそべる！試せる！新感覚 住宅 展示場「ロゴスホーム 旭川 」6月28日 ...,https://www.toonippo.co.jp/articles/-/2029846,,,,旭川市,旭川市 住宅会社 マーケティング支援 -おすすめ -比較 -ランキング -求人 -まとめ
北海道 旭川市 の実績豊富な建築家 ベスト15【2026年版】,https://www.houzz.jp/professionals/architect/%E6%97%AD%E5%B7%9D%E5%B8%82-12-jp-probr0-bo~t_16065~r_2130628,,,,旭川市,旭川市 住宅会社 マーケティング支援 -おすすめ -比較 -ランキング -求人 -まとめ
第1346回 旭川市 倫理法人会 経営者モーニングセミナー,https://www.hokkaido-rinri.jp/morning-seminar/2023/02/26/15091/,,,,旭川市,旭川市 住宅会社 マーケティング支援 -おすすめ -比較 -ランキング -求人 -まとめ
住まいの相談窓口 &HOUSING（アンドハウジング）,https://andhousing.jp/,,,,旭川市,旭川市 住宅会社 マーケティング支援 -おすすめ -比較 -ランキング -求人 -まとめ
パートナー加盟店募集,https://dualhome.jp/partnership/wp-content/themes/dualhome_partnership/assets/img/download/dualhome_fc_materials_2604.pdf,,,,旭川市,旭川市 工務店 集客支援会社 -おすすめ -比較 -ランキング -求人 -まとめ
旭川 における家づくりの想い,https://www.1480.jp/concept/,,,,旭川市,旭川市 工務店 集客支援会社 -おすすめ -比較 -ランキング -求人 -まとめ
鈴木 工務店 について,https://bell-home.net/about/,,,,旭川市,旭川市 工務店 集客支援会社 -おすすめ -比較 -ランキング -求人 -まとめ
【ホームズ】家族に愛を、住まいにアイを。（株式 会社 アイ 工務店 ...,https://www.homes.co.jp/iezukuri/makers/14189/images/homeowner/522,,,,旭川市,旭川市 工務店 集客支援会社 -おすすめ -比較 -ランキング -求人 -まとめ
北海道 旭川市 のリフォームは株式 会社 鈴木 工務店,https://reform-club.panasonic.com/shop/shop.php?id=301033,,,,旭川市,旭川市 工務店 集客支援会社 -おすすめ -比較 -ランキング -求人 -まとめ
アイ 工務店 旭川 ・帯広支店,https://www.metaexpo.jp/housebuilder-list/housebuilder/43957/,,,,旭川市,旭川市 工務店 集客支援会社 -おすすめ -比較 -ランキング -求人 -まとめ
会社 概要,https://hkhouse.jp/company/,,,,旭川市,旭川市 工務店 集客支援会社 -おすすめ -比較 -ランキング -求人 -まとめ
会社 案内,https://toukou-koumuten.co.jp/about_us/,,,,旭川市,旭川市 工務店 集客支援会社 -おすすめ -比較 -ランキング -求人 -まとめ
会社 案内,https://asahikawa.souhouse.jp/company,,,,旭川市,旭川市 工務店 集客支援会社 -おすすめ -比較 -ランキング -求人 -まとめ
旭川 展示場 来場予約,https://www.ai-koumuten.co.jp/app/events/62762/,,,,旭川市,旭川市 工務店 集客支援会社 -おすすめ -比較 -ランキング -求人 -まとめ
会員紹介,https://asc-net.jp/members/,,,,旭川市,旭川市 士業 Web集客支援 -おすすめ -比較 -ランキング -求人 -まとめ
事業所検索システム,https://asahikawashokokai.info/sho-biz/,,,,旭川市,旭川市 士業 Web集客支援 -おすすめ -比較 -ランキング -求人 -まとめ
補助金・融資 支援 事業者 全国マップ,https://hojyokin-hiroba.com/hyokin-yuushi-support-name-list/,,,,旭川市,旭川市 士業 Web集客支援 -おすすめ -比較 -ランキング -求人 -まとめ
旭川市 の行政書士 行政書士マーズオフィス,https://gyosei-navi.biz/ho/asahikawa/marsoffice.html,,,,旭川市,旭川市 士業 Web集客支援 -おすすめ -比較 -ランキング -求人 -まとめ
(2023年度) 部局マネジメントシート,https://www.city.toyonaka.osaka.jp/joho/kakubu/org_objectives/R5management.files/03toshikaturyokubu2023.pdf,,,,旭川市,旭川市 士業 Web集客支援 -おすすめ -比較 -ランキング -求人 -まとめ
貴社の省力化機器、省力化補助金カタログへの登録で売上アップ！,https://nozaki-gyousei-office.com/2024/04/10/syouryokuka/,,,,旭川市,旭川市 士業 Web集客支援 -おすすめ -比較 -ランキング -求人 -まとめ
推薦者の声,https://lagrange-point.jp/recommender,,,,旭川市,旭川市 学習塾 Webマーケティング -おすすめ -比較 -ランキング -求人 -まとめ
ブライト500,https://kenko-keiei.jp/wp-content/themes/kenko_keiei_cms/files/nintei2024_chusho240901.xlsx,,,,旭川市,旭川市 学習塾 Webマーケティング -おすすめ -比較 -ランキング -求人 -まとめ
5/30 ・31 10:00〜17:00 SAMPLE,https://facil.jp/wp-content/uploads/2024/03/mansion-selling_proposition2024_map.pdf,,,,旭川市,旭川市 学習塾 Webマーケティング -おすすめ -比較 -ランキング -求人 -まとめ
事業承継支援動画「『店舗承継型創業について』～既往店舗の管理 ...,https://www.sapporo-cci.or.jp/web/purpose/04/details/post_116.html,,,,旭川市,旭川市 学習塾 Webマーケティング -おすすめ -比較 -ランキング -求人 -まとめ
MASSIVE SAPPOROの出来ること,https://massivesapporo.com/service/,,,,旭川市,旭川市 ホテル 集客支援会社 -おすすめ -比較 -ランキング -求人 -まとめ
杉谷拳士が宿泊業界のDXを推進するSQUEEZEの新アンバサダーに ...,https://squeeze-inc.co.jp/archives/2653/,,,,旭川市,旭川市 ホテル 集客支援会社 -おすすめ -比較 -ランキング -求人 -まとめ
BCO合同 会社,https://apoca.link/store/store_detail?id=2754,,,,旭川市,旭川市 ホテル 集客支援会社 -おすすめ -比較 -ランキング -求人 -まとめ
北海道,https://ms-b.biz/area/hokkaido/,,,,旭川市,旭川市 ホテル 集客支援会社 -おすすめ -比較 -ランキング -求人 -まとめ
AD-VISION,https://ad-vision.jimdosite.com/,,,,旭川市,旭川市 地域プロモーション会社 -おすすめ -比較 -ランキング -求人 -まとめ
嘉屋 梢,https://design-asahikawa.jp/designhubmember/%E5%98%89%E5%B1%8B-%E6%A2%A2/,,,,旭川市,旭川市 地域プロモーション会社 -おすすめ -比較 -ランキング -求人 -まとめ
取材の力で 地域 の魅力を可視化する。いろえんぴつ・大田原氏が描く,https://kei-do.com/interview2/01785/,,,,旭川市,旭川市 地域プロモーション会社 -おすすめ -比較 -ランキング -求人 -まとめ
No.1 北海道・ 旭川市 （企業版ふるさと納税等）,https://www.soumu.go.jp/main_content/001064997.pdf,,,,旭川市,旭川市 地域プロモーション会社 -おすすめ -比較 -ランキング -求人 -まとめ
ドリコについて,http://dorico.org/wordpress/?page_id=11,,,,旭川市,旭川市 広告代理店 中小企業向け -おすすめ -比較 -ランキング -求人 -まとめ
支部と全国の会員 企業,https://www.doyu.website/%E6%94%AF%E9%83%A8%E3%81%A8%E5%85%A8%E5%9B%BD%E3%81%AE%E4%BC%9A%E5%93%A1%E4%BC%81%E6%A5%AD/,,,,旭川市,旭川市 広告代理店 中小企業向け -おすすめ -比較 -ランキング -求人 -まとめ
クレインデザイン,https://crane-design.com/first/,,,,旭川市,旭川市 広告代理店 中小企業向け -おすすめ -比較 -ランキング -求人 -まとめ
名入れカレンダーやタオルの作成・印刷,https://w-zousho.com/aboutus/,,,,旭川市,旭川市 広告代理店 中小企業向け -おすすめ -比較 -ランキング -求人 -まとめ
北海道 旭川市 拠点で中小 企業 の経営全般をサポート！,https://www.taisetsu-office.jp/,,,,旭川市,旭川市 Webコンサルティング 地域企業 -おすすめ -比較 -ランキング -求人 -まとめ
支店,https://www.ntt-east.co.jp/aboutus/window.html,,,,旭川市,旭川市 Webコンサルティング 地域企業 -おすすめ -比較 -ランキング -求人 -まとめ
アトツギ・支援機関向け 地域 イノベーションセミナーin 旭川,https://newscast.jp/news/1379663,,,,旭川市,旭川市 Webコンサルティング 地域企業 -おすすめ -比較 -ランキング -求人 -まとめ
株式会社プラスラス,https://www.a-iic.net/page-pluslus/,,,,旭川市,旭川市 Webコンサルティング 地域企業 -おすすめ -比較 -ランキング -求人 -まとめ
北海道 旭川市,https://www.sr-matsueda.com/profile/,,,,旭川市,旭川市 Webコンサルティング 地域企業 -おすすめ -比較 -ランキング -求人 -まとめ
平成28年度 函館市 各会計予算（案）資料,https://www.city.hakodate.hokkaido.jp/docs/2021111200026/file_contents/2021111200026_hk_docs_2021111200026_files_H28_yosannsiryo.pdf,,,,函館市,函館市 歯科 集客支援会社 -おすすめ -比較 -ランキング -求人 -まとめ
こどもシゴト博®︎2025を北海道 函館 大学で開催,https://100will100cheer.com/news/post-1754/,,,,函館市,函館市 歯科 集客支援会社 -おすすめ -比較 -ランキング -求人 -まとめ
Neuk（ヌーク）工務店（ 函館市 ・北斗市対応）: リフォーム ...,https://neuk-komuten.com/,,,,函館市,函館市 歯科 集客支援会社 -おすすめ -比較 -ランキング -求人 -まとめ
村田デンタルラボラトリー（ 函館市 北美原）,https://www.ekiten.jp/shop_5354744/,,,,函館市,函館市 歯科 集客支援会社 -おすすめ -比較 -ランキング -求人 -まとめ
カテゴリー Web 制作事業,https://www.river-m.com/works/work3/,,,,函館市,函館市 医療 Webマーケティング会社 -おすすめ -比較 -ランキング -求人 -まとめ
8月から本格稼働開始 函館市 大泉市長と開所式を開催 ～IT人材の ...,https://www.veriserve.co.jp/news/2023/news-20230808-01.html,,,,函館市,函館市 医療 Webマーケティング会社 -おすすめ -比較 -ランキング -求人 -まとめ
北陸を中心に化粧品専門店を運営する株式 会社 ユナイテッド ...,https://www.istyle.co.jp/news/press/2016/09/20160930.html,,,,函館市,函館市 美容業界 販促支援会社 -おすすめ -比較 -ランキング -求人 -まとめ
R5Üc_7! L¶i°lh(ê¹È.xlsm,https://jsh.go.jp/r5h/assets/pdf/07/adoption-keieishakoutai_business.pdf,,,,函館市,函館市 美容業界 販促支援会社 -おすすめ -比較 -ランキング -求人 -まとめ
S23_16_touhoku,https://s23.jizokukahojokin.info/doc/saitaku16/s23_16_touhoku.pdf,,,,函館市,函館市 美容業界 販促支援会社 -おすすめ -比較 -ランキング -求人 -まとめ
【北海道経済産業局】令和2年度JAPANブランド育成 支援 等 ...,https://www.chusho.meti.go.jp/shogyo/chiiki/japan_brand/download/r02saitaku.pdf,,,,函館市,函館市 美容業界 販促支援会社 -おすすめ -比較 -ランキング -求人 -まとめ
ウェブサイトおいしい 函館 応援団「おいしい 函館 クーポン」掲載店 ...,https://cms.oishii-hakodate.jp/wp-content/uploads/2020/05/%E3%81%8A%E3%81%84%E3%81%97%E3%81%84%E5%87%BD%E9%A4%A8%E3%82%AF%E3%83%BC%E3%83%9D%E3%83%B3%E5%8B%9F%E9%9B%86%E8%A6%81%E9%A0%85_0507.pdf,,,,函館市,函館市 飲食店 販促支援会社 -おすすめ -比較 -ランキング -求人 -まとめ
北海道の小売業を代表する企業②【 飲食 料品・コンビニなど】,https://clip-corporation.com/column/retail-hokkaido2/35/,,,,函館市,函館市 飲食店 販促支援会社 -おすすめ -比較 -ランキング -求人 -まとめ
飲食店のEC・中食デリバリー参入を支援,https://stafes.co.jp/category/posts/20151214_002,,,,函館市,函館市 飲食店 販促支援会社 -おすすめ -比較 -ランキング -求人 -まとめ
函館市 内へ宿泊されるみなさまへ 宿泊税のご案内,https://www.hakobura.jp/news/659,,,,函館市,函館市 飲食店 販促支援会社 -おすすめ -比較 -ランキング -求人 -まとめ
公的不動産活用の事例,https://www.city.aizuwakamatsu.fukushima.jp/docs/2017090800012/file_contents/102_30_04.pdf,,,,函館市,函館市 飲食店 販促支援会社 -おすすめ -比較 -ランキング -求人 -まとめ
【クライアントボイス】有限 会社 不動産企画ウィル様,https://handr.libcon.co.jp/works/009/,,,,函館市,函館市 住宅会社 マーケティング支援 -おすすめ -比較 -ランキング -求人 -まとめ
,https://www.ainahome.co.jp/blogs/p2126.html,,,,函館市,函館市 住宅会社 マーケティング支援 -おすすめ -比較 -ランキング -求人 -まとめ
【不動産ジャパン】不動産 会社 詳細：（有）オフィス漆崎,https://www.fudousan.or.jp/property/agency/detail?id=b20234b279e564f0,,,,函館市,函館市 住宅会社 マーケティング支援 -おすすめ -比較 -ランキング -求人 -まとめ
トランスコスモス株式 会社,https://hakodate-area.jp/kigyonavi/transcosmos/,,,,函館市,函館市 住宅会社 マーケティング支援 -おすすめ -比較 -ランキング -求人 -まとめ
北海道の 住宅 経営2025,https://www.juu-tsuu.jp/seminar/20250307.html,,,,函館市,函館市 住宅会社 マーケティング支援 -おすすめ -比較 -ランキング -求人 -まとめ
2022年7月29日,https://h-we-r.com/wp-content/uploads/2022/08/3Re-Design.pdf,,,,函館市,函館市 住宅会社 マーケティング支援 -おすすめ -比較 -ランキング -求人 -まとめ
ネット&iPadで魅せる新・ 集客 術 360°気楽に自由に見せる外観&内観,https://archi.fukuicompu.co.jp/architectstylelab/info/16,,,,函館市,函館市 工務店 集客支援会社 -おすすめ -比較 -ランキング -求人 -まとめ
2023.3.27 住宅業界主要メディア2社と考える 2023年最新！ 工務店 ...,https://lifequartet.jp/seminar/2421/,,,,函館市,函館市 工務店 集客支援会社 -おすすめ -比較 -ランキング -求人 -まとめ
良い住宅 会社 を見分けるのが難しい時代 専務取締役 三木健一,https://zehrh.com/archives/458,,,,函館市,函館市 工務店 集客支援会社 -おすすめ -比較 -ランキング -求人 -まとめ
初めての方へ,https://runrig.jp/podcast/about/,,,,函館市,函館市 工務店 集客支援会社 -おすすめ -比較 -ランキング -求人 -まとめ
函館士業 デジタルパートナー,https://eyl-holdings.co.jp/professional/,,,,函館市,函館市 士業 Web集客支援 -おすすめ -比較 -ランキング -求人 -まとめ
【終了】飲食・サービス業のためのインスタグラムの始め方,https://chibayorozu.go.jp/seminar/pastseminars/20201112am/,,,,函館市,函館市 士業 Web集客支援 -おすすめ -比較 -ランキング -求人 -まとめ
ECサイト ブラッシュアップセミナー,https://www.ise-cci.or.jp/mainsite_assets/files/202208041146_7583.pdf,,,,函館市,函館市 士業 Web集客支援 -おすすめ -比較 -ランキング -求人 -まとめ
CONCEPT,https://legalbacks.jp/concept/,,,,函館市,函館市 士業 Web集客支援 -おすすめ -比較 -ランキング -求人 -まとめ
制作実績,https://ritz-web.net/works/,,,,函館市,函館市 学習塾 Webマーケティング -おすすめ -比較 -ランキング -求人 -まとめ
利用規約／個人情報の取扱いについて,https://rise.global-gate.jp/?page_id=1117,,,,函館市,函館市 学習塾 Webマーケティング -おすすめ -比較 -ランキング -求人 -まとめ
令和3年度特定創業支援事業,https://hokuto-sci.jp/hokuto/wp-content/uploads/2022/01/1620ae3237c449d46b0b40a09d503d7b.pdf,,,,函館市,函館市 学習塾 Webマーケティング -おすすめ -比較 -ランキング -求人 -まとめ
「セールススクール」で営業ノウハウをゼロから構築。苦手だった ...,https://www.aidma-hd.jp/case/zirei-313/,,,,函館市,函館市 学習塾 Webマーケティング -おすすめ -比較 -ランキング -求人 -まとめ
ガイアクリエーション,https://www.gaiacreation.com/0101.html,,,,函館市,函館市 地域プロモーション会社 -おすすめ -比較 -ランキング -求人 -まとめ
企業ビジョンと 地域 活性化推進,https://www.tsugarukaikyo.co.jp/recruit/vision/,,,,函館市,函館市 地域プロモーション会社 -おすすめ -比較 -ランキング -求人 -まとめ
プロモーション ・イベント,https://satoyume.com/project/?cat=consulting-business-07,,,,函館市,函館市 地域プロモーション会社 -おすすめ -比較 -ランキング -求人 -まとめ
平成28年8月16日～18日・所管事項に係る県外調査/とりネット/鳥取 ...,https://www.pref.tottori.lg.jp/item/1063369.htm,,,,函館市,函館市 地域プロモーション会社 -おすすめ -比較 -ランキング -求人 -まとめ
プロモーション アドバイザーの概要,https://economy.clair.or.jp/wp-content/uploads/2020/09/PA-KOURAKU.pdf,,,,函館市,函館市 地域プロモーション会社 -おすすめ -比較 -ランキング -求人 -まとめ
函館 駅前3km圏の ホテル 市場：供給と価格における現状と展望,https://hotelbank.jp/hoteldata/hotel-202511152250-825572/,,,,函館市,函館市 ホテル 集客支援会社 -おすすめ -比較 -ランキング -求人 -まとめ
株式 会社 NOTE 会社 概要,https://team.nipponia.or.jp/cms/wp-content/uploads/2023/01/43534f0a031eb3c34aed06fbd10182ed.pdf,,,,函館市,函館市 ホテル 集客支援会社 -おすすめ -比較 -ランキング -求人 -まとめ
運営 ホテル について,https://cgman.jp/about/,,,,函館市,函館市 ホテル 集客支援会社 -おすすめ -比較 -ランキング -求人 -まとめ
（株）サトーエージェンシー,https://hakodate-doyu.com/member/2760/,,,,函館市,函館市 広告代理店 中小企業向け -おすすめ -比較 -ランキング -求人 -まとめ
寄附特別講座 第7.8表印刷用,https://www.hokkyodai.ac.jp/files/00003400/00003431/20160629111958.pdf,,,,函館市,函館市 広告代理店 中小企業向け -おすすめ -比較 -ランキング -求人 -まとめ
会社概要,https://www.owl-v.com/%E4%BC%9A%E7%A4%BE%E6%A6%82%E8%A6%81/,,,,函館市,函館市 広告代理店 中小企業向け -おすすめ -比較 -ランキング -求人 -まとめ
中小企業 相談所だより,https://www.hakodate.cci.or.jp/wp-content/uploads/2022/12/tomoe2023.01web115-30.pdf,,,,函館市,函館市 広告代理店 中小企業向け -おすすめ -比較 -ランキング -求人 -まとめ
マケット コンサルティング 、 函館市 への 企業 版ふるさと納税を実施,https://www.maket.jp/contents/249.html,,,,函館市,函館市 Webコンサルティング 地域企業 -おすすめ -比較 -ランキング -求人 -まとめ
マケット コンサルティング 株式会社様から 企業 版ふるさと納税のご ...,https://www.h-invitation.jp/news/251117_maket/,,,,函館市,函館市 Webコンサルティング 地域企業 -おすすめ -比較 -ランキング -求人 -まとめ
函館市 産業支援センター::卒業 企業 紹介,https://www.techakodate.or.jp/sangyou/syokai/sotugyo.html,,,,函館市,函館市 Webコンサルティング 地域企業 -おすすめ -比較 -ランキング -求人 -まとめ
函館 インフォメーション・ネットワーク（株）会社概要-HINET,https://www.hakodate.or.jp/home/hinet/default.htm,,,,函館市,函館市 Webコンサルティング 地域企業 -おすすめ -比較 -ランキング -求人 -まとめ
DIT・リコージャパン北海道  社・マネーフォワードが 函館市 道南 ...,https://finance-frontend-pc-dist.west.edge.storage-yahoo.jp/disclosure/20251128/20251128510994.pdf,,,,函館市,函館市 Webコンサルティング 地域企業 -おすすめ -比較 -ランキング -求人 -まとめ
地方で稼げる力を身につける！！「あおもり×女性 ...,https://www.pref.aomori.lg.jp/soshiki/kodomo/kenmin/aomorijosei_lifeandcareer_seminar.html,,,,青森市,青森市 医療 Webマーケティング会社 -おすすめ -比較 -ランキング -求人 -まとめ
Wevery!創設者ごあいさつ,http://wevery.jp/service/kawamurashinya,,,,青森市,青森市 医療 Webマーケティング会社 -おすすめ -比較 -ランキング -求人 -まとめ
事業所紹介,https://www.mera.co.jp/company/office/,,,,青森市,青森市 医療 Webマーケティング会社 -おすすめ -比較 -ランキング -求人 -まとめ
青森市 の誘致企業,https://www.city.aomori.aomori.jp/sangyo_koyou/kigyouyuuchi/1004209.html,,,,青森市,青森市 医療 Webマーケティング会社 -おすすめ -比較 -ランキング -求人 -まとめ
ご相談フォーム,https://www.reamermedical.com/fmail/,,,,青森市,青森市 歯科 集客支援会社 -おすすめ -比較 -ランキング -求人 -まとめ
歯科 医院ホームページ制作,https://premiere-sakura.com/website/,,,,青森市,青森市 歯科 集客支援会社 -おすすめ -比較 -ランキング -求人 -まとめ
社外経営企画室 / Web・デザイン制作 / AIアプリ開発,https://tomodesign.co.jp/project/,,,,青森市,青森市 歯科 集客支援会社 -おすすめ -比較 -ランキング -求人 -まとめ
業務内容,https://buddys.gallery/contents/,,,,青森市,青森市 美容業界 販促支援会社 -おすすめ -比較 -ランキング -求人 -まとめ
令和元年度補正予算 小規模事業者持続化補助金＜一般型＞（第3回 ...,https://r1.jizokukahojokin.info/saitaku/doc/r1i_3_touhoku.pdf,,,,青森市,青森市 美容業界 販促支援会社 -おすすめ -比較 -ランキング -求人 -まとめ
ヒバ開発株式 会社,https://www.21aomori.or.jp/topics/21491,,,,青森市,青森市 美容業界 販促支援会社 -おすすめ -比較 -ランキング -求人 -まとめ
8/18(金)・9/8(金) 「プチ起業塾2023」【2日間4回講座】※終了しま ...,https://www.kadar-acor.jp/?p=8868,,,,青森市,青森市 美容業界 販促支援会社 -おすすめ -比較 -ランキング -求人 -まとめ
青森 県総合情報サイト,https://www.aomorishokoren.or.jp/sp/other/expert.html,,,,青森市,青森市 美容業界 販促支援会社 -おすすめ -比較 -ランキング -求人 -まとめ
販促 ・販路拡大：アドバイザー検索,https://musashikoyama-sc.jp/adsearch/?category=20,,,,青森市,青森市 美容業界 販促支援会社 -おすすめ -比較 -ランキング -求人 -まとめ
飲食店 のコンサルティングなら株式 会社 スリーウェルマネジメント,https://www.threewell.co/business,,,,青森市,青森市 飲食店 販促支援会社 -おすすめ -比較 -ランキング -求人 -まとめ
PowerPoint プレゼンテーション,https://www.acci.or.jp/images/2020/10/semina1.pdf,,,,青森市,青森市 飲食店 販促支援会社 -おすすめ -比較 -ランキング -求人 -まとめ
飲食店 向け窓口「個人店のミカタ for 販促 」,https://www.f-promotion.biz/contact.html,,,,青森市,青森市 飲食店 販促支援会社 -おすすめ -比較 -ランキング -求人 -まとめ
〈東京都杉並区〉株式 会社 SHO-SAN,https://app.vachanavi.com/articles/sho-san,,,,青森市,青森市 住宅会社 マーケティング支援 -おすすめ -比較 -ランキング -求人 -まとめ
プライバシーポリシー,https://www.ph-aomori.com/about/privacy.html,,,,青森市,青森市 住宅会社 マーケティング支援 -おすすめ -比較 -ランキング -求人 -まとめ
もう悩まない！成功のために考えるのを「やめた」経営者の選択,https://members.casa-p.com/media/archives/5,,,,青森市,青森市 住宅会社 マーケティング支援 -おすすめ -比較 -ランキング -求人 -まとめ
空間デザイン事業,https://www.qlockup.net/services/spatial/,,,,青森市,青森市 住宅会社 マーケティング支援 -おすすめ -比較 -ランキング -求人 -まとめ
Amigo 工務店 ネットワーク 住宅展示場ネット,https://jutakutenjijo.net/organization/amigo-support/,,,,青森市,青森市 工務店 集客支援会社 -おすすめ -比較 -ランキング -求人 -まとめ
四  の家ネットワーク加盟店募集セミナー,https://www.4sense.co.jp/square/,,,,青森市,青森市 工務店 集客支援会社 -おすすめ -比較 -ランキング -求人 -まとめ
sawan:地域を代表する企業100選,https://madeinlocal.jp/category/companies/ibaraki015,,,,青森市,青森市 工務店 集客支援会社 -おすすめ -比較 -ランキング -求人 -まとめ
インテリアから考える家づくり HAUS-labo,https://vc.haus-labo.com/,,,,青森市,青森市 工務店 集客支援会社 -おすすめ -比較 -ランキング -求人 -まとめ
【イベント終了】オンラインで集客力アップ！ Googleビジネス ...,https://school.dhw.co.jp/school/aomori/event/20240518event.html,,,,青森市,青森市 学習塾 Webマーケティング -おすすめ -比較 -ランキング -求人 -まとめ
青森 県八戸市で人気（高評価）・近くの WEB デザインスクール ...,https://www.zehitomo.com/learning/technology/web-learning/web-designing-instructor/aomori/hachinohe/hachinohe-shi,,,,青森市,青森市 学習塾 Webマーケティング -おすすめ -比較 -ランキング -求人 -まとめ
青森 イノベーション塾2020 講義4「事業の戦略と マーケティング ...,https://www.aomori-u.ac.jp/%E9%9D%92%E6%A3%AE%E3%82%A4%E3%83%8E%E3%83%99%E3%83%BC%E3%82%B7%E3%83%A7%E3%83%B3%E5%A1%BE2020%E3%80%80%E8%AC%9B%E7%BE%A94%E3%80%8C%E4%BA%8B%E6%A5%AD%E3%81%AE%E6%88%A6%E7%95%A5%E3%81%A8%E3%83%9E/,,,,青森市,青森市 学習塾 Webマーケティング -おすすめ -比較 -ランキング -求人 -まとめ
組織を活性化させるファシリテーション力強化講座,https://www.smrj.go.jp/institute/sendai/training/sme/2026/fqlu4c00000099aj-att/fqlu4c00000099hw.pdf,,,,青森市,青森市 学習塾 Webマーケティング -おすすめ -比較 -ランキング -求人 -まとめ
Web デザイン・AI活用科（短時間）（託児）,https://www.jeed.go.jp/location/shibu/aomori/om5ru800000085zc-att/a1780452636855.pdf,,,,青森市,青森市 学習塾 Webマーケティング -おすすめ -比較 -ランキング -求人 -まとめ
士業 事務所に特化した Web マーケティングサービス,https://www.accs-c.co.jp/webmarketing/,,,,青森市,青森市 士業 Web集客支援 -おすすめ -比較 -ランキング -求人 -まとめ
実績,https://alfa-consulting.co.jp/case-list/,,,,青森市,青森市 ホテル 集客支援会社 -おすすめ -比較 -ランキング -求人 -まとめ
株式 会社ホテル 秋田屋に対する再生 支援 決定について,https://www.revic.co.jp/pdf/news/2023/230309newsrelease-2.pdf,,,,青森市,青森市 ホテル 集客支援会社 -おすすめ -比較 -ランキング -求人 -まとめ
特設サイトを公開 – 青森 アクセラレータープログラム (Aomori ...,https://accelerator.aomori.jp/open/,,,,青森市,青森市 地域プロモーション会社 -おすすめ -比較 -ランキング -求人 -まとめ
青森市 生活応援商品券事業における情報プラットフォームの提供 ...,https://www.sbigroup.co.jp/news/pr/2026/0529_16355.html,,,,青森市,青森市 地域プロモーション会社 -おすすめ -比較 -ランキング -求人 -まとめ
業務領域,https://www.kyodo-ad.com/works.html,,,,青森市,青森市 地域プロモーション会社 -おすすめ -比較 -ランキング -求人 -まとめ
CITY MAKERS Special 青森 まちなかアカデミー,https://www.citymakers-aomori.com/,,,,青森市,青森市 地域プロモーション会社 -おすすめ -比較 -ランキング -求人 -まとめ
メンバー紹介,https://aoit.jp/about/member,,,,青森市,青森市 Webコンサルティング 地域企業 -おすすめ -比較 -ランキング -求人 -まとめ
地域 活性構想ラボ in 青森,https://mpd-design-lab.jp/aomori,,,,青森市,青森市 Webコンサルティング 地域企業 -おすすめ -比較 -ランキング -求人 -まとめ
青森 県鶴田町,https://www.town.tsuruta.lg.jp/info/post-879.html,,,,青森市,青森市 広告代理店 中小企業向け -おすすめ -比較 -ランキング -求人 -まとめ
東北・北陸のパートナー様のご紹介,http://www.blogdeoem.jp/04/area/c_touhoku.asp,,,,八戸市,八戸市 歯科 集客支援会社 -おすすめ -比較 -ランキング -求人 -まとめ
ブログ,https://fdcreate.jp/category/blog/,,,,八戸市,八戸市 歯科 集客支援会社 -おすすめ -比較 -ランキング -求人 -まとめ
2024ヴァンラーレ 八戸 地域共創パートナー募集のご案内,https://vanraure.net/archives/699676,,,,八戸市,八戸市 歯科 集客支援会社 -おすすめ -比較 -ランキング -求人 -まとめ
税理士法人 恒輝（こうき）,http://kouki.ne.jp/,,,,八戸市,八戸市 歯科 集客支援会社 -おすすめ -比較 -ランキング -求人 -まとめ
ローカルデザイン,https://kaneiri.co.jp/news/category/local/,,,,八戸市,八戸市 医療 Webマーケティング会社 -おすすめ -比較 -ランキング -求人 -まとめ
【2026年10月入社】オンコロジー領域MR/MR経験者/青森,https://open.talentio.com/r/1/c/m3marketing/pages/126265,,,,八戸市,八戸市 医療 Webマーケティング会社 -おすすめ -比較 -ランキング -求人 -まとめ
譲渡・譲受理由,https://batonz.jp/learn/category/cases/%E8%AD%B2%E6%B8%A1%E3%83%BB%E8%AD%B2%E5%8F%97%E7%90%86%E7%94%B1/page/12/,,,,八戸市,八戸市 美容業界 販促支援会社 -おすすめ -比較 -ランキング -求人 -まとめ
資料をダウンロードする,https://www.tokeiren-bc.jp/wp/wp-content/uploads/2025/04/250407MSS%E6%96%B0%E8%A6%8F%E6%8E%A1%E6%8A%9E%E3%83%97%E3%83%AC%E3%82%B9%EF%BC%88%E5%A4%A7%E5%B3%B6%E3%82%B0%E3%83%AB%E3%83%BC%E3%83%97%E6%A7%98%EF%BC%89.pdf,,,,八戸市,八戸市 美容業界 販促支援会社 -おすすめ -比較 -ランキング -求人 -まとめ
会社 概要 有限 会社 ピュアハウス,https://1985.jp/company.html,,,,八戸市,八戸市 飲食店 販促支援会社 -おすすめ -比較 -ランキング -求人 -まとめ
(有)ピュアハウス,https://buy8.8cci.or.jp/bu8_supporter/pyua-house/,,,,八戸市,八戸市 飲食店 販促支援会社 -おすすめ -比較 -ランキング -求人 -まとめ
集客や 販促 にデジタルを活用したい アーカイブ,https://itlink-yamaguchi.info/tag/digital-marketing/,,,,八戸市,八戸市 飲食店 販促支援会社 -おすすめ -比較 -ランキング -求人 -まとめ
財団法人 電源地域振興センター：調査事例（マーケティング）,https://www2.dengen.or.jp/html/case/etc/etc.html,,,,八戸市,八戸市 飲食店 販促支援会社 -おすすめ -比較 -ランキング -求人 -まとめ
グループ企業,http://www.hachinohe-seika.co.jp/app/top/company/group-companies/,,,,八戸市,八戸市 飲食店 販促支援会社 -おすすめ -比較 -ランキング -求人 -まとめ
Extra News2 青森県 八戸市 サービス付き 住宅 しもなが,https://www.nihonjutaku.co.jp/works/detail/extra_news2_hachinohe_shimonaga/,,,,八戸市,八戸市 住宅会社 マーケティング支援 -おすすめ -比較 -ランキング -求人 -まとめ
販売 支援 ・PR・情報収集整理 調査・ マーケティング,https://www.urlk.co.jp/public/ad_marketing.html,,,,八戸市,八戸市 住宅会社 マーケティング支援 -おすすめ -比較 -ランキング -求人 -まとめ
プライバシーポリシー,https://www.10-2.co.jp/privacy,,,,八戸市,八戸市 住宅会社 マーケティング支援 -おすすめ -比較 -ランキング -求人 -まとめ
Replanフォーラム2024 in 青森「選ばれるは、つくれる。」,https://sumus-inc.co.jp/seminars/4741,,,,八戸市,八戸市 工務店 集客支援会社 -おすすめ -比較 -ランキング -求人 -まとめ
専門家コンサルサービス,https://www.8cci.or.jp/business/biz_consul.html,,,,八戸市,八戸市 士業 Web集客支援 -おすすめ -比較 -ランキング -求人 -まとめ
WEB BRANDING,https://knocknock.jp/webbranding,,,,八戸市,八戸市 士業 Web集客支援 -おすすめ -比較 -ランキング -求人 -まとめ
営業（ マーケティング ）変革コラム,https://www.mk-design.co.jp/marketing-column,,,,八戸市,八戸市 学習塾 Webマーケティング -おすすめ -比較 -ランキング -求人 -まとめ
受講生・卒業生のみなさま,https://www.ibj.co.jp/blog/instructor/Takahiro/index_2.html,,,,八戸市,八戸市 学習塾 Webマーケティング -おすすめ -比較 -ランキング -求人 -まとめ
ヌマグチダンススクール,https://coto.shuminavi.net/idb4-e91d/school/sd07-79f3-4495,,,,八戸市,八戸市 学習塾 Webマーケティング -おすすめ -比較 -ランキング -求人 -まとめ
社員研修・新人教育 eラーニング なぜなぜ分析講座,https://www.winschool.jp/corporate/elearning/wtc_why_why_analysis.html?source=trends,,,,八戸市,八戸市 学習塾 Webマーケティング -おすすめ -比較 -ランキング -求人 -まとめ
Yuichiro Oya,https://yadoichiro.com/,,,,八戸市,八戸市 ホテル 集客支援会社 -おすすめ -比較 -ランキング -求人 -まとめ
八戸市 ‑1 認定中心市街地活性化基本計画のフォローアップに関する ...,https://www.city.hachinohe.aomori.jp/material/files/group/8/20110216-102314.pdf,,,,八戸市,八戸市 ホテル 集客支援会社 -おすすめ -比較 -ランキング -求人 -まとめ
地方創生2．0 好事例の普遍化に向けて～ (1)安心して働き,https://www.cas.go.jp/jp/seisaku/atarashii_chihousousei/honbukaigi/dai4/sankou3.pdf,,,,八戸市,八戸市 ホテル 集客支援会社 -おすすめ -比較 -ランキング -求人 -まとめ
中心市街地の活性化に関する国の 支援 策について,https://www.chisou.go.jp/tiiki/chukatu/pdf/setumei.pdf,,,,八戸市,八戸市 ホテル 集客支援会社 -おすすめ -比較 -ランキング -求人 -まとめ
M08. 株式 会社 オノフ 八戸 支社,https://www.hachinohe-yuchi.jp/lets-work/corporate-file/corpfile_m-08/,,,,八戸市,八戸市 地域プロモーション会社 -おすすめ -比較 -ランキング -求人 -まとめ
チャレンジ！！オープンガバナンス 2018,https://park.itc.u-tokyo.ac.jp/padit/cog2018/area/tohoku.html,,,,八戸市,八戸市 地域プロモーション会社 -おすすめ -比較 -ランキング -求人 -まとめ
地域 企業紹介コーナー,https://www.youtree.com/displaybooth/,,,,八戸市,八戸市 地域プロモーション会社 -おすすめ -比較 -ランキング -求人 -まとめ
八戸地域 高度技術振興センターの支援事業,https://www.hachinohe-ip.co.jp/hachinohe-center/business/,,,,八戸市,八戸市 地域プロモーション会社 -おすすめ -比較 -ランキング -求人 -まとめ
会社概要,https://newstory8.com/%E4%BC%9A%E7%A4%BE%E6%A6%82%E8%A6%81/,,,,八戸市,八戸市 広告代理店 中小企業向け -おすすめ -比較 -ランキング -求人 -まとめ
卸センターについて,https://www.hoc-net.jp/about/,,,,八戸市,八戸市 広告代理店 中小企業向け -おすすめ -比較 -ランキング -求人 -まとめ
企業 理念・会社概要,http://www.hardstyle.co.jp/recruit/company.html,,,,八戸市,八戸市 Webコンサルティング 地域企業 -おすすめ -比較 -ランキング -求人 -まとめ
戦略相談・広報 支援 盛岡,https://atelier-shu.jp/strategy-support-morioka/,,,,盛岡市,盛岡市 歯科 集客支援会社 -おすすめ -比較 -ランキング -求人 -まとめ
1 / 2,https://jigyou-saikouchiku.go.jp/pdf/result/plan/iryo_fukushi_09.pdf,,,,盛岡市,盛岡市 歯科 集客支援会社 -おすすめ -比較 -ランキング -求人 -まとめ
"【お知らせ】クラウドファンディング「5,000人の満員アリーナへ ...",https://www.bigbulls.jp/news/detail/id=19847,,,,盛岡市,盛岡市 歯科 集客支援会社 -おすすめ -比較 -ランキング -求人 -まとめ
ホームページ製作,https://www.echna.co.jp/service/web/,,,,盛岡市,盛岡市 医療 Webマーケティング会社 -おすすめ -比較 -ランキング -求人 -まとめ
営業拠点の再編成に関するお知らせ,https://www.olympus-marketing.co.jp/news/2025/nr02865.html,,,,盛岡市,盛岡市 医療 Webマーケティング会社 -おすすめ -比較 -ランキング -求人 -まとめ
【モリジョビ】MCL 盛岡 情報ビジネス＆デザイン専門学校,https://morijyobi.ac.jp/report/pbl-1684-popup-2607/,,,,盛岡市,盛岡市 医療 Webマーケティング会社 -おすすめ -比較 -ランキング -求人 -まとめ
東北,https://jp.medical.canon/about/japan/tohoku/,,,,盛岡市,盛岡市 医療 Webマーケティング会社 -おすすめ -比較 -ランキング -求人 -まとめ
webエントリー,https://charis-iwate.com/entry.php,,,,盛岡市,盛岡市 美容業界 販促支援会社 -おすすめ -比較 -ランキング -求人 -まとめ
企業展示会・ 販促 イベント企業の売上規模などの情報を検索する,https://biz-maps.com/s/cities/032018/m-inds/263,,,,盛岡市,盛岡市 美容業界 販促支援会社 -おすすめ -比較 -ランキング -求人 -まとめ
esthetic salon Laguna様の声,https://est-pro.co.jp/review/brand/584/,,,,盛岡市,盛岡市 美容業界 販促支援会社 -おすすめ -比較 -ランキング -求人 -まとめ
株 式 会 社 小 林 精 機,http://www.joho-iwate.or.jp/sangyo/back/1811/1811all.pdf,,,,盛岡市,盛岡市 美容業界 販促支援会社 -おすすめ -比較 -ランキング -求人 -まとめ
ネットショップ 販促 セミナーを開催,https://www.kitakamicci.jp/wp-content/uploads/2022/02/x539.pdf,,,,盛岡市,盛岡市 美容業界 販促支援会社 -おすすめ -比較 -ランキング -求人 -まとめ
食のプロフェッショナルアドバイザー登録状況（令和8年4 ...,https://www.pref.iwate.jp/_res/projects/default_project/_page_/001/007/542/r8_shokupuro4gatu.pdf,,,,盛岡市,盛岡市 飲食店 販促支援会社 -おすすめ -比較 -ランキング -求人 -まとめ
盛岡市 旅先納税「もりおかe街ギフト」,https://www.city.morioka.iwate.jp/shisei/zaisei/furusato/1048264.html,,,,盛岡市,盛岡市 飲食店 販促支援会社 -おすすめ -比較 -ランキング -求人 -まとめ
商工会内部限,https://www.shokokai.com/cms/media/page/0105_0_senmonka_R80425.pdf,,,,盛岡市,盛岡市 飲食店 販促支援会社 -おすすめ -比較 -ランキング -求人 -まとめ
夏の売り上げ期待大のフードデリバリーブランド「 盛岡 冷麺 つる ...,https://gourmetpress.net/1196420/,,,,盛岡市,盛岡市 飲食店 販促支援会社 -おすすめ -比較 -ランキング -求人 -まとめ
盛岡市 「MORIO Payプレミアム商品券2026」申込開始のお知らせ,https://felicapocketmk.co.jp/news/20260406/2675/,,,,盛岡市,盛岡市 住宅会社 マーケティング支援 -おすすめ -比較 -ランキング -求人 -まとめ
元気化研究所,https://genkika.wixsite.com/genkika,,,,盛岡市,盛岡市 住宅会社 マーケティング支援 -おすすめ -比較 -ランキング -求人 -まとめ
選ばれる6つの理由,https://www.estest-baikyaku.com/reason/,,,,盛岡市,盛岡市 工務店 集客支援会社 -おすすめ -比較 -ランキング -求人 -まとめ
イントを見つけて、予算をかけずに PR する方法～,https://www.morioka-vc.co.jp/wordpress/wp-content/uploads/2022/11/HP%E7%94%A820221214.pdf,,,,盛岡市,盛岡市 工務店 集客支援会社 -おすすめ -比較 -ランキング -求人 -まとめ
ファンエンゲージメント・ 集客支援 EXPOの出展場案内,https://www.sportsexpo.jp/ja-jp/exhibit/fan-engagement-marketing.html,,,,盛岡市,盛岡市 工務店 集客支援会社 -おすすめ -比較 -ランキング -求人 -まとめ
士業 向け Web集客支援 サービス,https://www.laevigata.co.jp/masseuse_lp/,,,,盛岡市,盛岡市 士業 Web集客支援 -おすすめ -比較 -ランキング -求人 -まとめ
【 支援 事例③】代表者交代の節目にCOO代行サービスを活用！経営 ...,https://days-consulting.com/topics/%E3%80%90%E6%94%AF%E6%8F%B4%E4%BA%8B%E4%BE%8B%E2%91%A2%E3%80%91%E7%B5%8C%E5%96%B6%E8%80%85%E4%BA%A4%E4%BB%A3%E3%81%AE%E7%AF%80%E7%9B%AE%E3%81%ABcoo%E4%BB%A3%E8%A1%8C%E3%82%B5%E3%83%BC%E3%83%93/,,,,盛岡市,盛岡市 士業 Web集客支援 -おすすめ -比較 -ランキング -求人 -まとめ
終活士養成スクール・ Web 配信講座 全6日間 16時間,http://www.souzoku.gr.jp/school/nn/8web.html,,,,盛岡市,盛岡市 士業 Web集客支援 -おすすめ -比較 -ランキング -求人 -まとめ
コーディネーター紹介,https://yorozu-iwate.go.jp/coordinators/,,,,盛岡市,盛岡市 士業 Web集客支援 -おすすめ -比較 -ランキング -求人 -まとめ
PR事業部,https://www.fieldtree-jp.com/pr,,,,盛岡市,盛岡市 学習塾 Webマーケティング -おすすめ -比較 -ランキング -求人 -まとめ
お問い合わせ,https://sakujinkan.jp/contact/,,,,盛岡市,盛岡市 学習塾 Webマーケティング -おすすめ -比較 -ランキング -求人 -まとめ
「源泉の価値」を最大化する「 ホテル の運営基盤」    3社共創の ...,https://www.smfl.co.jp/times/article/006989/,,,,盛岡市,盛岡市 ホテル 集客支援会社 -おすすめ -比較 -ランキング -求人 -まとめ
会社 概要,https://faith-faith.co.jp/company/companyprofile/,,,,盛岡市,盛岡市 ホテル 集客支援会社 -おすすめ -比較 -ランキング -求人 -まとめ
温泉旅館・ ホテル 型デイサービス事業,https://www.harddays.jp/02dayservice.html,,,,盛岡市,盛岡市 ホテル 集客支援会社 -おすすめ -比較 -ランキング -求人 -まとめ
地域貢献,https://www.sansei-l.co.jp/sustainability/contribution/,,,,盛岡市,盛岡市 ホテル 集客支援会社 -おすすめ -比較 -ランキング -求人 -まとめ
食を通じた 地域プロモーション のご提案,https://tregion-bal.com/wp-content/themes/tregion/docs/tregion_regional-revitalization-division-presentation-material_2024.pdf,,,,盛岡市,盛岡市 地域プロモーション会社 -おすすめ -比較 -ランキング -求人 -まとめ
事 業 計 画 書,https://hellomorioka.jp/wp/wp-content/themes/mtca/data/member/pdf/h28_jigyoukeikaku.pdf,,,,盛岡市,盛岡市 地域プロモーション会社 -おすすめ -比較 -ランキング -求人 -まとめ
地方創生・ 地域 コンテンツ開発事業,https://coco-harete.com/regional-revitalization/,,,,盛岡市,盛岡市 地域プロモーション会社 -おすすめ -比較 -ランキング -求人 -まとめ
【開催案内】 地域 連携フォーラムin 盛岡 2025,https://www.iwate-u.ac.jp/info/event/2025/10/006965.html,,,,盛岡市,盛岡市 地域プロモーション会社 -おすすめ -比較 -ランキング -求人 -まとめ
【イベント情報】創業者セミナー（2022/1/20（木）＠岩手県信用 ...,https://iibase.jp/information/2022/01/%E3%80%90%E3%82%A4%E3%83%99%E3%83%B3%E3%83%88%E6%83%85%E5%A0%B1%E3%80%91%E5%89%B5%E6%A5%AD%E8%80%85%E3%82%BB%E3%83%9F%E3%83%8A%E3%83%BC%EF%BC%882022-1-20%EF%BC%88%E6%9C%A8%EF%BC%89%EF%BC%A0%E5%B2%A9/,,,,盛岡市,盛岡市 広告代理店 中小企業向け -おすすめ -比較 -ランキング -求人 -まとめ
補助金申請支援,https://www.asoffice-inoue.com/service/subsidy,,,,盛岡市,盛岡市 広告代理店 中小企業向け -おすすめ -比較 -ランキング -求人 -まとめ
ジョイント株式会社,https://www.jnt.jp/,,,,盛岡市,盛岡市 広告代理店 中小企業向け -おすすめ -比較 -ランキング -求人 -まとめ
1号議員【63名】 氏名 企業 の業種 水 戸 谷 剛 東日本機電開発（株 ...,https://www.ccimorioka.or.jp/attached-file/about/about-meibo-giin.pdf,,,,盛岡市,盛岡市 広告代理店 中小企業向け -おすすめ -比較 -ランキング -求人 -まとめ
岩手県 盛岡市 「 地域 活性化起業人」に着任,https://www.grcs.co.jp/news/20240403,,,,盛岡市,盛岡市 Webコンサルティング 地域企業 -おすすめ -比較 -ランキング -求人 -まとめ
GrowPark DX IT コンサルティング,https://hirakin.com/itkonsaru/,,,,盛岡市,盛岡市 Webコンサルティング 地域企業 -おすすめ -比較 -ランキング -求人 -まとめ
岩手県 でSEO対策に強い ウェブマーケティング 会社ならオーパス ...,https://opus-plan.net/area/iwate/,,,,盛岡市,盛岡市 Webコンサルティング 地域企業 -おすすめ -比較 -ランキング -求人 -まとめ
広告,https://dust-box.jp/advertisement,,,,仙台市,仙台市 歯科 集客支援会社 -おすすめ -比較 -ランキング -求人 -まとめ
サイトマップ,https://www.trash-b.tech/sitemap-page/,,,,仙台市,仙台市 歯科 集客支援会社 -おすすめ -比較 -ランキング -求人 -まとめ
プレスリリース/整骨院 支援 の健生,https://www.kensei-group.jp/10press/index2014_0201.html,,,,仙台市,仙台市 歯科 集客支援会社 -おすすめ -比較 -ランキング -求人 -まとめ
髙橋英二補綴物製作所 代表 髙橋 英二 氏,https://www.sendaicci.or.jp/performance/202303.html,,,,仙台市,仙台市 歯科 集客支援会社 -おすすめ -比較 -ランキング -求人 -まとめ
株式 会社 uuubu,https://uuubu.jp/,,,,仙台市,仙台市 医療 Webマーケティング会社 -おすすめ -比較 -ランキング -求人 -まとめ
株式 会社 ライフトゥデイ -企業情報-,https://todei.co.jp/company,,,,仙台市,仙台市 医療 Webマーケティング会社 -おすすめ -比較 -ランキング -求人 -まとめ
令和2年度補正予算 小規模事業者持続化補助金＜コロナ特別対応型 ...,https://jizokukahojokin.info/doc/r2c_2_touhoku.pdf,,,,仙台市,仙台市 美容業界 販促支援会社 -おすすめ -比較 -ランキング -求人 -まとめ
COMPANY,https://familia-inc.com/company,,,,仙台市,仙台市 美容業界 販促支援会社 -おすすめ -比較 -ランキング -求人 -まとめ
事務所概要,http://ks-consulting.jp/outline/index.html,,,,仙台市,仙台市 美容業界 販促支援会社 -おすすめ -比較 -ランキング -求人 -まとめ
仙台 ・若林区の 飲食店支援,https://newvalues2024.com/%E5%9C%B0%E5%85%83%E5%AF%86%E7%9D%80%E5%9E%8B%E3%81%AE%E9%A3%B2%E9%A3%9F%E5%BA%97%E6%94%AF%E6%8F%B4%EF%BD%9C%E4%BB%99%E5%8F%B0%E5%B8%82%E3%83%BB%E6%A0%AA%E5%BC%8F%E4%BC%9A%E7%A4%BE%E6%AD%A9%E5%A4%A2/,,,,仙台市,仙台市 飲食店 販促支援会社 -おすすめ -比較 -ランキング -求人 -まとめ
店舗まるごと 支援,https://www.orientcoating.jp/support/,,,,仙台市,仙台市 飲食店 販促支援会社 -おすすめ -比較 -ランキング -求人 -まとめ
WORKS 事業内容,https://triple-good.com/works/,,,,仙台市,仙台市 飲食店 販促支援会社 -おすすめ -比較 -ランキング -求人 -まとめ
企業情報,https://www.kitchen-t.co.jp/company/,,,,仙台市,仙台市 飲食店 販促支援会社 -おすすめ -比較 -ランキング -求人 -まとめ
プロフィール,https://shinisekeikaku.com/profile/,,,,仙台市,仙台市 飲食店 販促支援会社 -おすすめ -比較 -ランキング -求人 -まとめ
ボーダーアクト、宮城県図書館にて 飲食 事業をプロデュース,https://www.borderact.jp/information/wp-content/uploads/2020/07/PANORA_PressRelease_0701.pdf,,,,仙台市,仙台市 飲食店 販促支援会社 -おすすめ -比較 -ランキング -求人 -まとめ
集客に苦労しない、工務店をつくる。  工務店コンサルティング合同 ...,https://koumutenconsul.com/,,,,仙台市,仙台市 住宅会社 マーケティング支援 -おすすめ -比較 -ランキング -求人 -まとめ
『est HOME』 が生まれ変わります！,https://esthome.jp/2188/,,,,仙台市,仙台市 住宅会社 マーケティング支援 -おすすめ -比較 -ランキング -求人 -まとめ
お問い合わせ,https://10kai-sendai.com/contact/,,,,仙台市,仙台市 住宅会社 マーケティング支援 -おすすめ -比較 -ランキング -求人 -まとめ
電話番号 0227836241/022-783-6241の情報,https://ivry.jp/telsearch/0227836241/,,,,仙台市,仙台市 住宅会社 マーケティング支援 -おすすめ -比較 -ランキング -求人 -まとめ
【活動レポート】 仙台 エリア会。東北の加盟店様のパワフルさに ...,https://www.bukkenking.com/media/4175/,,,,仙台市,仙台市 工務店 集客支援会社 -おすすめ -比較 -ランキング -求人 -まとめ
株式 会社 佐元 工務店 に対する 77ポジティブ・インパクト ...,https://www.77bank.co.jp/pdf/newsrelease/2026/26040901_pif.pdf,,,,仙台市,仙台市 工務店 集客支援会社 -おすすめ -比較 -ランキング -求人 -まとめ
11/22高崎、12/9 仙台 原価高騰・厳しい現状の「今」、地域で選ばれ ...,https://growth-architect.co.jp/info/seminar/,,,,仙台市,仙台市 工務店 集客支援会社 -おすすめ -比較 -ランキング -求人 -まとめ
行政書士向けホームページ制作,https://www.flow-web.jp/flow-01/gyousei-shoshi/,,,,仙台市,仙台市 士業 Web集客支援 -おすすめ -比較 -ランキング -求人 -まとめ
宮城県内の知的財産 支援 機関,https://www.pref.miyagi.jp/soshiki/shinsan/chizai-sienkikan.html,,,,仙台市,仙台市 士業 Web集客支援 -おすすめ -比較 -ランキング -求人 -まとめ
開業 支援士業 専門ツールSAMURAI Tools,https://guide.samurai-tools.net/,,,,仙台市,仙台市 士業 Web集客支援 -おすすめ -比較 -ランキング -求人 -まとめ
【大学生向け】SNS マーケティング に挑戦！教育×スタートアップの ...,https://intern.sendaidehatarakitai.jp/intern/detail/6344b981bd25af12fc61a90c89922616,,,,仙台市,仙台市 学習塾 Webマーケティング -おすすめ -比較 -ランキング -求人 -まとめ
iii株式会社,https://iii-k.co.jp/,,,,仙台市,仙台市 学習塾 Webマーケティング -おすすめ -比較 -ランキング -求人 -まとめ
ソフトキャンパス 仙台 校 令和6年6月開講 Web デザイン ...,https://training.softcampus.co.jp/wp-content/uploads/2025/03/r6_0614_sendai_web_marketing.pdf,,,,仙台市,仙台市 学習塾 Webマーケティング -おすすめ -比較 -ランキング -求人 -まとめ
One-Bo 利用インタビュー,https://www.one-bo.com/wp-content/uploads/2023/04/%E6%A0%AA%E5%BC%8F%E4%BC%9A%E7%A4%BE%E3%82%A8%E3%83%8B%E3%83%90-%E6%A7%98_%E3%81%8A%E5%AE%A2%E6%A7%98%E4%BA%8B%E4%BE%8B.pdf,,,,仙台市,仙台市 学習塾 Webマーケティング -おすすめ -比較 -ランキング -求人 -まとめ
株式会社イー・エス・ティ,https://job.rikunabi.com/company_jobs/549210928/,,,,仙台市,仙台市 学習塾 Webマーケティング -おすすめ -比較 -ランキング -求人 -まとめ
なぜ、ビジネスをやろうと思ったの？,https://www.m-biz.biz/weblog/about/13/,,,,仙台市,仙台市 ホテル 集客支援会社 -おすすめ -比較 -ランキング -求人 -まとめ
【参加費無料・先着順】全国5都市で開催！旅館・ ホテル 業界向けの ...,https://www.489ban.net/news/postid_847/,,,,仙台市,仙台市 ホテル 集客支援会社 -おすすめ -比較 -ランキング -求人 -まとめ
地域 中核企業,https://www.sendai-core-company.jp/about/,,,,仙台市,仙台市 地域プロモーション会社 -おすすめ -比較 -ランキング -求人 -まとめ
会社 概要,https://www.inoutbound.co.jp/company.html,,,,仙台市,仙台市 地域プロモーション会社 -おすすめ -比較 -ランキング -求人 -まとめ
地域 ビジネス PR サービスの取扱い開始について,https://www.sendaibank.co.jp/cms/view.php?no=20260324022156,,,,仙台市,仙台市 地域プロモーション会社 -おすすめ -比較 -ランキング -求人 -まとめ
せんだい・宮城FCとは,https://www.sendaimiyagi-fc.jp/about/,,,,仙台市,仙台市 地域プロモーション会社 -おすすめ -比較 -ランキング -求人 -まとめ
会員社,https://sendai-aaa.jp/?page_id=3887,,,,仙台市,仙台市 地域プロモーション会社 -おすすめ -比較 -ランキング -求人 -まとめ
【 仙台市 2022】プロフェッショナル人材活用による 中小企業 の課題 ...,https://social-development.circu.co.jp/sendai/2022/biz/,,,,仙台市,仙台市 広告代理店 中小企業向け -おすすめ -比較 -ランキング -求人 -まとめ
お客様事例（ 仙台市 中  部商店街活性化協議会 様/  般社団法 ...,https://www.ricoh.co.jp/case/2309-machi-kuru,,,,仙台市,仙台市 広告代理店 中小企業向け -おすすめ -比較 -ランキング -求人 -まとめ
クリエイティブ,https://d1p.jp/service/creative/,,,,仙台市,仙台市 広告代理店 中小企業向け -おすすめ -比較 -ランキング -求人 -まとめ
【 仙台市 産業振興事業団】〈 コンサルティング ＋補助金〉 仙台市 ...,https://ictdb.pref.miyagi.jp/participation/1962/,,,,仙台市,仙台市 Webコンサルティング 地域企業 -おすすめ -比較 -ランキング -求人 -まとめ
宮城県・ 仙台市 を中心とした経済の調査研究・ コンサルティング,https://www.77rc.co.jp/service,,,,仙台市,仙台市 Webコンサルティング 地域企業 -おすすめ -比較 -ランキング -求人 -まとめ
中小 企業 ・個人事業主のデジタル化取り組みに最大50万円を支援,https://j-net21.smrj.go.jp/news/q9cs5q000000bp12.html,,,,仙台市,仙台市 Webコンサルティング 地域企業 -おすすめ -比較 -ランキング -求人 -まとめ
医療・福祉開業 支援 ＆経営コンサルティング業務,http://asahi-biz.co.jp/consulting/,,,,秋田市,秋田市 歯科 集客支援会社 -おすすめ -比較 -ランキング -求人 -まとめ
お問い合わせ(入力画面),http://dental-web.info/form/,,,,秋田市,秋田市 歯科 集客支援会社 -おすすめ -比較 -ランキング -求人 -まとめ
専門家登録者名簿,https://www.bic-akita.or.jp/cms/assets/uploads/2025/06/%E5%85%AC%E9%96%8B%E7%94%A8%E5%90%8D%E7%B0%BFR7.7%EF%BD%9E.pdf,,,,秋田市,秋田市 歯科 集客支援会社 -おすすめ -比較 -ランキング -求人 -まとめ
秋田市 ・スタートアップ協働事業,https://www.city.akita.lg.jp/jigyosha/keieisogyo-support/1050022.html,,,,秋田市,秋田市 歯科 集客支援会社 -おすすめ -比較 -ランキング -求人 -まとめ
株式 会社 サン・システムズコーポレーション,https://digital.pref.akita.lg.jp/enterprise/45,,,,秋田市,秋田市 医療 Webマーケティング会社 -おすすめ -比較 -ランキング -求人 -まとめ
秋田 県民会館,https://www.jahmc.or.jp/wp-content/uploads/training/17th_program.pdf,,,,秋田市,秋田市 医療 Webマーケティング会社 -おすすめ -比較 -ランキング -求人 -まとめ
秋田県 秋田市 長谷部光重税理士事務所株式 会社 ワーズ＞医院開業 ...,https://viewsystemkai.net/list/02tohoku/words.htm,,,,秋田市,秋田市 医療 Webマーケティング会社 -おすすめ -比較 -ランキング -求人 -まとめ
えつこ内科クリニックの院長： 秋田 先生を取材しました！,https://m-and.jp/news/%E8%B1%8A%E4%B8%AD%E5%B8%82%E3%81%AE%E5%86%85%E7%A7%91%E3%83%BB%E7%B3%96%E5%B0%BF%E7%97%85%E5%86%85%E7%A7%91%E3%80%81%E3%81%88%E3%81%A4%E3%81%93%E5%86%85%E7%A7%91%E3%82%AF%E3%83%AA%E3%83%8B%E3%83%83/,,,,秋田市,秋田市 医療 Webマーケティング会社 -おすすめ -比較 -ランキング -求人 -まとめ
2020年10月号,http://www.jmp.co.jp/bamboo/backnumber/bmb2010.html,,,,秋田市,秋田市 医療 Webマーケティング会社 -おすすめ -比較 -ランキング -求人 -まとめ
県内商工会の活動,https://www.skr-akita.or.jp/wp-content/uploads/2016/03/kaihou509_6.pdf,,,,秋田市,秋田市 美容業界 販促支援会社 -おすすめ -比較 -ランキング -求人 -まとめ
秋 田 県,https://www.pref.akita.lg.jp/uploads/public/archive_0000046445_00/04%E3%80%80R01%E5%AF%84%E9%99%84%E7%94%B3%E5%87%BA%E4%BC%81%E6%A5%AD%E3%81%AE%E6%A6%82%E8%A6%81%E7%AD%89.pdf,,,,秋田市,秋田市 美容業界 販促支援会社 -おすすめ -比較 -ランキング -求人 -まとめ
株式 会社 カットルームコーポレーションの 秋田 県、仙北市のお仕事,https://www.talent-clip.jp/cutroom/jobs?prefecture%5B0%5D=5&city=215,,,,秋田市,秋田市 美容業界 販促支援会社 -おすすめ -比較 -ランキング -求人 -まとめ
【サロン特化】予約・カルテ・売上管理・ 販促 を完全一元管理 ...,https://www.saloevo.com/,,,,秋田市,秋田市 美容業界 販促支援会社 -おすすめ -比較 -ランキング -求人 -まとめ
古江厳太郎  株式 会社 Oidon-Japan 代表取締役,http://presidentfile.com/izutarofurue/,,,,秋田市,秋田市 美容業界 販促支援会社 -おすすめ -比較 -ランキング -求人 -まとめ
田中徳子,https://chiikishigen-renkei.jp/planner/171,,,,秋田市,秋田市 飲食店 販促支援会社 -おすすめ -比較 -ランキング -求人 -まとめ
010-0001 秋田県 秋田市 中通 3－1－41,https://www.hokutobank.co.jp/cms_source/data/hokuto/past_info/20220224-2.pdf,,,,秋田市,秋田市 飲食店 販促支援会社 -おすすめ -比較 -ランキング -求人 -まとめ
秋田 県の大型市場「 秋田 まるごと市場」、独自Payの活用による顧客 ...,https://cs.valuedesign.jp/news/press-release/20221201,,,,秋田市,秋田市 飲食店 販促支援会社 -おすすめ -比較 -ランキング -求人 -まとめ
Untitled,https://www.tohoku.meti.go.jp/s_cyusyo/topics/pdf/akita_jirei_all.pdf,,,,秋田市,秋田市 飲食店 販促支援会社 -おすすめ -比較 -ランキング -求人 -まとめ
『秋田大学 マーケティング 講義』 秋田市 で新築戸建て、分譲 住宅 を ...,https://www.primehouse.co.jp/blog/?blog=%E3%80%8E%E7%A7%8B%E7%94%B0%E5%A4%A7%E5%AD%A6%E3%83%9E%E3%83%BC%E3%82%B1%E3%83%86%E3%82%A3%E3%83%B3%E3%82%B0%E8%AC%9B%E7%BE%A9%E3%80%8F-%E7%A7%8B%E7%94%B0%E5%B8%82%E3%81%A7%E6%96%B0%E7%AF%89%E6%88%B8,,,,秋田市,秋田市 住宅会社 マーケティング支援 -おすすめ -比較 -ランキング -求人 -まとめ
自治体 マーケティング のパイオニア流山市 秋田 県の挑戦と重ねて ...,https://www.adf.co.jp/dx/akitadxreport/akitadxreport-20250731090000.html,,,,秋田市,秋田市 住宅会社 マーケティング支援 -おすすめ -比較 -ランキング -求人 -まとめ
個人情報保護方針,https://www.ootomokensetsu.co.jp/policy/,,,,秋田市,秋田市 住宅会社 マーケティング支援 -おすすめ -比較 -ランキング -求人 -まとめ
秋田市 新屋松美町 HIRAYAモデルハウス – イーワンホーム株式 会社,https://www.e-ones.jp/2309hiraya/,,,,秋田市,秋田市 住宅会社 マーケティング支援 -おすすめ -比較 -ランキング -求人 -まとめ
秋田 県庁訪問レポート～オリジナリティで魅せる・ マーケティング ...,https://www.kyozon-kyoei.metro.tokyo.lg.jp/local-government-project/Coexistence-others/article25116/,,,,秋田市,秋田市 住宅会社 マーケティング支援 -おすすめ -比較 -ランキング -求人 -まとめ
ARC style,https://arc-style.co.jp/partner/,,,,秋田市,秋田市 工務店 集客支援会社 -おすすめ -比較 -ランキング -求人 -まとめ
「 秋田 のため」の家づくりに邁進し地域からの信頼を獲得 連載,https://ssl.gltomonokai.com/information/thing/learning/builder/2026/03/index.html,,,,秋田市,秋田市 工務店 集客支援会社 -おすすめ -比較 -ランキング -求人 -まとめ
コンサルタントを探す,https://www.leapath.jp/search-consultant/,,,,秋田市,秋田市 士業 Web集客支援 -おすすめ -比較 -ランキング -求人 -まとめ
強みの言語化・情報発信強化で一気に予約待ち店へ,https://akita-yorozu.go.jp/soudan/soudan-5280/,,,,秋田市,秋田市 士業 Web集客支援 -おすすめ -比較 -ランキング -求人 -まとめ
令和8年度誘致企業「株式会社ブレイク」,https://akitashi-kigyouyuchi.com/2026/07/28/%E4%BB%A4%E5%92%8C%EF%BC%98%E5%B9%B4%E5%BA%A6%E8%AA%98%E8%87%B4%E4%BC%81%E6%A5%AD%E3%80%8C%E6%A0%AA%E5%BC%8F%E4%BC%9A%E7%A4%BE%E3%83%96%E3%83%AC%E3%82%A4%E3%82%AF%E3%80%8D/,,,,秋田市,秋田市 学習塾 Webマーケティング -おすすめ -比較 -ランキング -求人 -まとめ
AI×サービス開発を,https://www.akitachallenge.jp/cms/wp-content/uploads/2025/11/8872d7fdd6727ef032cec24374a71b96.pdf,,,,秋田市,秋田市 学習塾 Webマーケティング -おすすめ -比較 -ランキング -求人 -まとめ
事業内容,https://glocal-promotion.com/business.html,,,,秋田市,秋田市 ホテル 集客支援会社 -おすすめ -比較 -ランキング -求人 -まとめ
改善事例・過去実績,https://www.kk-hrm.co.jp/results_list.html,,,,秋田市,秋田市 ホテル 集客支援会社 -おすすめ -比較 -ランキング -求人 -まとめ
令和元年度事業報告,https://www.akita-tourism.com/uploads/_2018/files/03%20%EF%BC%B2%EF%BC%91%E4%BA%8B%E6%A5%AD%E5%A0%B1%E5%91%8A.pdf,,,,秋田市,秋田市 ホテル 集客支援会社 -おすすめ -比較 -ランキング -求人 -まとめ
支部ホームページ掲載活動資金協力法人（一部を除き,https://www.jrc.or.jp/chapter/akita/pdf/20220314-ae51b40cf156ce96143a0b44af7f16b45c0e7014.pdf,,,,秋田市,秋田市 地域プロモーション会社 -おすすめ -比較 -ランキング -求人 -まとめ
株式 会社 エポックコミュニケーションズ,https://www.city.akita.akita.jp/wp/database/sp/detail.php?id=1628,,,,秋田市,秋田市 地域プロモーション会社 -おすすめ -比較 -ランキング -求人 -まとめ
自治体,https://engawa.global/works_cat/businessfield/1/,,,,秋田市,秋田市 地域プロモーション会社 -おすすめ -比較 -ランキング -求人 -まとめ
秋田市 観光 プロモーション 動画「ライフ・イズ・ジャーニー」,https://award.jnsca.jp/medium/%E7%A7%8B%E7%94%B0%E5%B8%82%E8%A6%B3%E5%85%89%E3%83%97%E3%83%AD%E3%83%A2%E3%83%BC%E3%82%B7%E3%83%A7%E3%83%B3%E5%8B%95%E7%94%BB%E3%80%8C%E3%83%A9%E3%82%A4%E3%83%95%E3%83%BB%E3%82%A4%E3%82%BA%E3%83%BB/,,,,秋田市,秋田市 地域プロモーション会社 -おすすめ -比較 -ランキング -求人 -まとめ
Akita de Workation College,https://www.anahd.co.jp/group/pr/pdf/20231005-2-3.pdf,,,,秋田市,秋田市 地域プロモーション会社 -おすすめ -比較 -ランキング -求人 -まとめ
会社概要,http://www.kairiku.co.jp/company/,,,,秋田市,秋田市 広告代理店 中小企業向け -おすすめ -比較 -ランキング -求人 -まとめ
会社概要,https://www.cna.ne.jp/company/,,,,秋田市,秋田市 広告代理店 中小企業向け -おすすめ -比較 -ランキング -求人 -まとめ
会員 企業,https://www.akitacci.or.jp/company/,,,,秋田市,秋田市 Webコンサルティング 地域企業 -おすすめ -比較 -ランキング -求人 -まとめ
開業 支援 で 山形 で一番の 歯科 医院を目指しませんか？,https://netclinic119.net/kaigyo/index-2915.html,,,,山形市,山形市 歯科 集客支援会社 -おすすめ -比較 -ランキング -求人 -まとめ
令和3年度 山形 県中小企業パワーアップ補助金 （オンライン化促進 ...,https://www.chuokai-yamagata.or.jp/chuokai/on-line/download/saitaku_on-line_211210.pdf,,,,山形市,山形市 歯科 集客支援会社 -おすすめ -比較 -ランキング -求人 -まとめ
お問い合わせフォーム,http://dentry.jp/inquiry/,,,,山形市,山形市 歯科 集客支援会社 -おすすめ -比較 -ランキング -求人 -まとめ
0円 歯科 開業,https://zero-shikakaigyo.com/,,,,山形市,山形市 歯科 集客支援会社 -おすすめ -比較 -ランキング -求人 -まとめ
Gallery,http://i-kikaku.co.jp/gallery/,,,,山形市,山形市 歯科 集客支援会社 -おすすめ -比較 -ランキング -求人 -まとめ
山形 県中小企業パワーアップ補助金（新事業転換促進支援事業 ...,https://www.ynet.or.jp/.assets/powerup_saitaku_0615.pdf,,,,山形市,山形市 医療 Webマーケティング会社 -おすすめ -比較 -ランキング -求人 -まとめ
会社 概要,https://dreamgate-inc.com/corporate/,,,,山形市,山形市 医療 Webマーケティング会社 -おすすめ -比較 -ランキング -求人 -まとめ
株式 会社 kagarito（かがりと）,https://kagarito.site/,,,,山形市,山形市 美容業界 販促支援会社 -おすすめ -比較 -ランキング -求人 -まとめ
黒木太陽 (Noboru Kuroki),https://www.yrmc.jp/%E5%B0%82%E9%96%80%E5%AE%B6%E7%B4%B9%E4%BB%8B-%E9%BB%92%E6%9C%A8%E5%A4%AA%E9%99%BD/,,,,山形市,山形市 美容業界 販促支援会社 -おすすめ -比較 -ランキング -求人 -まとめ
弊社とのお取引希望の企業様へ,https://customer-agent.crayonsite.com/p/5/,,,,山形市,山形市 飲食店 販促支援会社 -おすすめ -比較 -ランキング -求人 -まとめ
事業内容・関連 会社,https://www.maruuo.co.jp/business/group-companies/,,,,山形市,山形市 飲食店 販促支援会社 -おすすめ -比較 -ランキング -求人 -まとめ
スタッフ紹介,https://ybiz.jp/page-6481/,,,,山形市,山形市 飲食店 販促支援会社 -おすすめ -比較 -ランキング -求人 -まとめ
日経グローカル連載「企業 支援 の新潮流」でとりあげた事例をお ...,https://office-koide.jp/info/yahooglocal/,,,,山形市,山形市 飲食店 販促支援会社 -おすすめ -比較 -ランキング -求人 -まとめ
店舗のご紹介,https://www.renovace.jp/company/,,,,山形市,山形市 住宅会社 マーケティング支援 -おすすめ -比較 -ランキング -求人 -まとめ
柴田 聖一(シバタセイイチ),https://ssl.samidare.jp/~tukiyamaf/stepup/p/SEI_Profile_2022_8.pdf,,,,山形市,山形市 住宅会社 マーケティング支援 -おすすめ -比較 -ランキング -求人 -まとめ
会社 概要,https://unnohouse.co.jp/about/,,,,山形市,山形市 住宅会社 マーケティング支援 -おすすめ -比較 -ランキング -求人 -まとめ
【デザインにこだわる住宅 工務店 】経営に関する壁打ち・相談 支援 ...,https://talent.direct.hipro-job.jp/talent/issue/5771/,,,,山形市,山形市 工務店 集客支援会社 -おすすめ -比較 -ランキング -求人 -まとめ
満員御礼！【6/30開催】家づくり相談会,https://bi-nakagawa.com/event/1921/,,,,山形市,山形市 工務店 集客支援会社 -おすすめ -比較 -ランキング -求人 -まとめ
株式 会社 阿部 工務店,https://www.ak-abekoumuten.com/,,,,山形市,山形市 工務店 集客支援会社 -おすすめ -比較 -ランキング -求人 -まとめ
山形市 ×注文住宅× 工務店 -飯野建築株式 会社 -inSTYLE,https://instyle-house.com/,,,,山形市,山形市 工務店 集客支援会社 -おすすめ -比較 -ランキング -求人 -まとめ
メンバー紹介,https://yorozu-yamagata.go.jp/member/,,,,山形市,山形市 士業 Web集客支援 -おすすめ -比較 -ランキング -求人 -まとめ
山形 県よろず 支援 拠点 023-647-0708,https://www.pref.yamagata.jp/documents/3098/bettenn3.pdf,,,,山形市,山形市 士業 Web集客支援 -おすすめ -比較 -ランキング -求人 -まとめ
個別相談の日程調整先生ビジネス発展講座,https://44jyuku.com/course/detail/sensei_business/advance-0-2309/,,,,山形市,山形市 士業 Web集客支援 -おすすめ -比較 -ランキング -求人 -まとめ
進学塾CORE-UP,https://zokugaku.jp/,,,,山形市,山形市 学習塾 Webマーケティング -おすすめ -比較 -ランキング -求人 -まとめ
生成 AIを活用した事業計画策定セミナー,https://www.yamagata-cci.or.jp/news/data_file/news_1953_00.pdf,,,,山形市,山形市 学習塾 Webマーケティング -おすすめ -比較 -ランキング -求人 -まとめ
山形 の ホームページ 制作・まちづくり,https://yamanomukou.com/,,,,山形市,山形市 学習塾 Webマーケティング -おすすめ -比較 -ランキング -求人 -まとめ
ブランドづくり講座,https://iimono-yamagata.jp/wp/wp-content/uploads/kouza_chirashi_teisei.pdf,,,,山形市,山形市 学習塾 Webマーケティング -おすすめ -比較 -ランキング -求人 -まとめ
山形市 観光 プロモーション カーがデビュー！,https://www.city.yamagata-yamagata.lg.jp/jigyosya/miryoku/kankojoho/1016042.html,,,,山形市,山形市 地域プロモーション会社 -おすすめ -比較 -ランキング -求人 -まとめ
数理科学× 広告代理店 ×営業,https://www.sci.yamagata-u.ac.jp/encyclopedia/1203/,,,,山形市,山形市 広告代理店 中小企業向け -おすすめ -比較 -ランキング -求人 -まとめ
賛助会員のご紹介,https://www.convention.or.jp/sanjo/genre.html?GN=0700,,,,山形市,山形市 広告代理店 中小企業向け -おすすめ -比較 -ランキング -求人 -まとめ
東北SNSマーケティング＆ネット 広告 勉強会2025in 山形 県村山市,https://www.japan-affiliate.org/news/murayama251106/,,,,山形市,山形市 広告代理店 中小企業向け -おすすめ -比較 -ランキング -求人 -まとめ
株式会社 山形 銀行 個人投資家様向け会社説明会,https://daiwair.webcdn.stream.ne.jp/www11/daiwair/qlviewer/pdf/2512178344eDy6BNf.pdf,,,,山形市,山形市 Webコンサルティング 地域企業 -おすすめ -比較 -ランキング -求人 -まとめ
第5回：地方銀行の コンサルティング 会社化～ 山形 銀行・TRY ...,https://www.jpc-net.jp/column/detail/20220325.html,,,,山形市,山形市 Webコンサルティング 地域企業 -おすすめ -比較 -ランキング -求人 -まとめ
コンサルティング 事業,https://www.kcsweb.co.jp/page/business,,,,山形市,山形市 Webコンサルティング 地域企業 -おすすめ -比較 -ランキング -求人 -まとめ
たかすデンタルクリニック様開業 支援 レポート,https://fms-qgm.com/blog/?p=337,,,,福島市,福島市 歯科 集客支援会社 -おすすめ -比較 -ランキング -求人 -まとめ
2026 年 5月29日,https://www.med-device.jp/wp/wp-content/uploads/2026/03/%E3%83%A1%E3%83%87%E3%82%A3%E3%82%AB%E3%83%AB%E3%82%AF%E3%83%AA%E3%82%A8%E3%83%BC%E3%82%B7%E3%83%A7%E3%83%B3%E3%81%B5%E3%81%8F%E3%81%97%E3%81%BE2026-1-3.pdf,,,,福島市,福島市 医療 Webマーケティング会社 -おすすめ -比較 -ランキング -求人 -まとめ
「メディカルクリエーションふくしま2026」に出展します。（10月 ...,https://www.tohei.com/information/2026/07/28/3828/,,,,福島市,福島市 医療 Webマーケティング会社 -おすすめ -比較 -ランキング -求人 -まとめ
入居企業,https://fukushima-base.jp/fukushima-base/companies/,,,,福島市,福島市 医療 Webマーケティング会社 -おすすめ -比較 -ランキング -求人 -まとめ
中野 啓子,https://www.fukushima-message.com/innovator/index.php?innovator_id=50,,,,福島市,福島市 美容業界 販促支援会社 -おすすめ -比較 -ランキング -求人 -まとめ
MEDIA&NEWS,https://colmodesign.com/media/press/pressrelease-20190606/,,,,福島市,福島市 美容業界 販促支援会社 -おすすめ -比較 -ランキング -求人 -まとめ
企業・団体名 業務内容 連絡先,https://iwaki-sangakukan.com/wp-content/uploads/2021/12/sotsugyo-kigyo.pdf,,,,福島市,福島市 美容業界 販促支援会社 -おすすめ -比較 -ランキング -求人 -まとめ
クロスエイジのご紹介,https://tekagami.jp/company/,,,,福島市,福島市 美容業界 販促支援会社 -おすすめ -比較 -ランキング -求人 -まとめ
経営 支援 実績,https://www.beauty-labo.jp/category/1227475.html,,,,福島市,福島市 美容業界 販促支援会社 -おすすめ -比較 -ランキング -求人 -まとめ
「結の場」をきっかけとして生まれた連携事例（令和7年度）,https://www.reconstruction.go.jp/files/user/topics/main-cat4/sub-cat4-1/260508_R7yuinoba_seikakohyou.pdf,,,,福島市,福島市 飲食店 販促支援会社 -おすすめ -比較 -ランキング -求人 -まとめ
トレタの 飲食店 DX,https://toreta.in/stores_range/11-50stores/,,,,福島市,福島市 飲食店 販促支援会社 -おすすめ -比較 -ランキング -求人 -まとめ
お 持 ち 帰,https://www.fukushima-cci.or.jp/wp-content/uploads/2020/04/194e9f8b79ac280c0a10ed886485aa28.pdf,,,,福島市,福島市 飲食店 販促支援会社 -おすすめ -比較 -ランキング -求人 -まとめ
ALPS処理水の処分に関する 安全対策・風評対策の最近の動向,https://www.meti.go.jp/earthquake/nuclear/hairo_osensui/pdf/2510.pdf,,,,福島市,福島市 飲食店 販促支援会社 -おすすめ -比較 -ランキング -求人 -まとめ
SERVICE 事業案内,https://www.market-c.co.jp/service,,,,福島市,福島市 住宅会社 マーケティング支援 -おすすめ -比較 -ランキング -求人 -まとめ
会員名簿,https://www.fukushima-takken.or.jp/member-area/fukushima/,,,,福島市,福島市 住宅会社 マーケティング支援 -おすすめ -比較 -ランキング -求人 -まとめ
エイブルネットワーク 福島 駅前店(株) マーケッティング センター,https://suumo.jp/chintai/kaisha/kc_020_138675002/staff/,,,,福島市,福島市 住宅会社 マーケティング支援 -おすすめ -比較 -ランキング -求人 -まとめ
羽山ヒルズ一番館,https://www.satsuki-jutaku.mlit.go.jp/search/detail.php?house_id=9513,,,,福島市,福島市 住宅会社 マーケティング支援 -おすすめ -比較 -ランキング -求人 -まとめ
デジタル マーケティング 事業,https://www.wills.co.jp/business/digital/,,,,福島市,福島市 住宅会社 マーケティング支援 -おすすめ -比較 -ランキング -求人 -まとめ
工務店 広告の成功事例,https://mx-eng.jp/management_note/shukyaku2/,,,,福島市,福島市 工務店 集客支援会社 -おすすめ -比較 -ランキング -求人 -まとめ
福島 ・郡山の WEB集客 ・ホームページ制作,https://web.ait-labo.com/,,,,福島市,福島市 士業 Web集客支援 -おすすめ -比較 -ランキング -求人 -まとめ
地域特化型M&A・経営資源引継ぎ Web メディア「ツグナラ 福島 」,https://tgnr.jp/fukushima/?post_type=post&p=25203,,,,福島市,福島市 士業 Web集客支援 -おすすめ -比較 -ランキング -求人 -まとめ
生産性向上 支援 センター,https://fukushima-yorozu.go.jp/productivity,,,,福島市,福島市 士業 Web集客支援 -おすすめ -比較 -ランキング -求人 -まとめ
【プレスリリース】 福島 県のデジタル人材育成プロジェクトを本格 ...,https://academy.hatafull.co.jp/news/1171/,,,,福島市,福島市 学習塾 Webマーケティング -おすすめ -比較 -ランキング -求人 -まとめ
会社概要,http://www.e-brainshd.co.jp/company,,,,福島市,福島市 学習塾 Webマーケティング -おすすめ -比較 -ランキング -求人 -まとめ
デジタルハリウッドSTUDIO 福島 2023年7月開校 5月10日（水）より ...,https://www.dhw.co.jp/press-release/20230510_dhs_fukushima/,,,,福島市,福島市 学習塾 Webマーケティング -おすすめ -比較 -ランキング -求人 -まとめ
学習塾 運営 -JUKU operation,https://www.ebrains-it.jp/juku,,,,福島市,福島市 学習塾 Webマーケティング -おすすめ -比較 -ランキング -求人 -まとめ
ふくしまデジタル推進協議会,https://www.city.fukushima.fukushima.jp/material/files/group/6/0120250410kyogikai.pdf,,,,福島市,福島市 学習塾 Webマーケティング -おすすめ -比較 -ランキング -求人 -まとめ
【ご挨拶】福長塾の久保田です！,https://fukunaga-juku.com/2025/07/04/%E3%80%90%E3%81%94%E6%8C%A8%E6%8B%B6%E3%80%91%E7%A6%8F%E9%95%B7%E5%A1%BE%E3%81%AE%E4%B9%85%E4%BF%9D%E7%94%B0%E3%81%A7%E3%81%99%EF%BC%81/,,,,福島市,福島市 学習塾 Webマーケティング -おすすめ -比較 -ランキング -求人 -まとめ
観光DXで地域の魅力を最大化！ 観光協会・DMOの一括予約 ...,https://www.gdx.or.jp/xyz/business/tripla.html,,,,福島市,福島市 ホテル 集客支援会社 -おすすめ -比較 -ランキング -求人 -まとめ
福島 県復興推進計画（ふくしま観光復興促進特区）,https://www.pref.fukushima.lg.jp/uploaded/attachment/452466.pdf,,,,福島市,福島市 ホテル 集客支援会社 -おすすめ -比較 -ランキング -求人 -まとめ
福島市 ロケ地 PR 動画等制作,https://iioto.info/project/%E7%A6%8F%E5%B3%B6%E5%B8%82%E3%83%AD%E3%82%B1%E5%9C%B0pr%E5%8B%95%E7%94%BB%E7%AD%89%E5%88%B6%E4%BD%9C/,,,,福島市,福島市 地域プロモーション会社 -おすすめ -比較 -ランキング -求人 -まとめ
企業情報：広告,https://f-hojin.or.jp/tag/koukoku/page/2/,,,,福島市,福島市 地域プロモーション会社 -おすすめ -比較 -ランキング -求人 -まとめ
ふくしまCOLLABコラボ,https://fukushima-kurashi.com/,,,,福島市,福島市 地域プロモーション会社 -おすすめ -比較 -ランキング -求人 -まとめ
アクセス,https://www.f-open.or.jp/access.html,,,,福島市,福島市 広告代理店 中小企業向け -おすすめ -比較 -ランキング -求人 -まとめ
広告代理店 業務,https://www.mag-net.co.jp/service/advertising.html,,,,福島市,福島市 広告代理店 中小企業向け -おすすめ -比較 -ランキング -求人 -まとめ
制作実績,https://www.39pack.com/works,,,,福島市,福島市 広告代理店 中小企業向け -おすすめ -比較 -ランキング -求人 -まとめ
コンサルタント紹介,https://www.fsrt.jp/consultant,,,,福島市,福島市 Webコンサルティング 地域企業 -おすすめ -比較 -ランキング -求人 -まとめ
会社 概要,https://bambitious.jp/company/company/,,,,郡山市,郡山市 歯科 集客支援会社 -おすすめ -比較 -ランキング -求人 -まとめ
医院・クリニック開業物件情報,https://www.msnw-kaigyou.jp/property/,,,,郡山市,郡山市 歯科 集客支援会社 -おすすめ -比較 -ランキング -求人 -まとめ
郡山市 における健康寿命延伸を目指した、新たなCOPD対策を推進,https://www.astrazeneca.com/content/az-jp/news/press-releases1/2026/202603301.html,,,,郡山市,郡山市 医療 Webマーケティング会社 -おすすめ -比較 -ランキング -求人 -まとめ
福島県 郡山市 の経営コンサルタント,https://g-biz.co.jp/,,,,郡山市,郡山市 医療 Webマーケティング会社 -おすすめ -比較 -ランキング -求人 -まとめ
福島・ 郡山 のパソコン教室,https://www.nk-school.com/news/,,,,郡山市,郡山市 医療 Webマーケティング会社 -おすすめ -比較 -ランキング -求人 -まとめ
株式 会社ウェブ レッジ 代表取締役 佐藤 保さん,https://f-bizsta.jp/interview_01/,,,,郡山市,郡山市 医療 Webマーケティング会社 -おすすめ -比較 -ランキング -求人 -まとめ
地域情報 WEB メディア「駅探LOCAL」を活用した公共交通利用促進,https://www.city.koriyama.lg.jp/soshiki/125/92263.html,,,,郡山市,郡山市 医療 Webマーケティング会社 -おすすめ -比較 -ランキング -求人 -まとめ
35店舗8億円調達 美容 室社長が教える 銀行アプローチ資金調達術,https://biz.fancrew.jp/seminar20240305,,,,郡山市,郡山市 美容業界 販促支援会社 -おすすめ -比較 -ランキング -求人 -まとめ
Working at 株式 会社 サンリキュール,https://bossjob.ph/en-us/company/%E6%A0%AA%E5%BC%8F%E4%BC%9A%E7%A4%BE%E3%82%B5%E3%83%B3%E3%83%AA%E3%82%AD%E3%83%A5%E3%83%BC%E3%83%AB-%E3%82%B5%E3%83%B3%E3%83%AA%E3%82%AD%E3%83%A5%E3%83%BC%E3%83%AB%E3%82%B0%E3%83%AB%E3%83%BC%E3%83%97,,,,郡山市,郡山市 美容業界 販促支援会社 -おすすめ -比較 -ランキング -求人 -まとめ
店舗 づくりと顧客づくりの本当のはなし,https://lupinus-design.com/realtalk/,,,,郡山市,郡山市 飲食店 販促支援会社 -おすすめ -比較 -ランキング -求人 -まとめ
郡山市 安積町生きがい促進事業,https://kotsu-kuhaku.jp/adopter_6/all-list/report/tohoku15.pdf,,,,郡山市,郡山市 飲食店 販促支援会社 -おすすめ -比較 -ランキング -求人 -まとめ
ご挨拶,https://pommels.co.jp/company/message/,,,,郡山市,郡山市 飲食店 販促支援会社 -おすすめ -比較 -ランキング -求人 -まとめ
ABOUT,https://hitoki-es.co.jp/about,,,,郡山市,郡山市 住宅会社 マーケティング支援 -おすすめ -比較 -ランキング -求人 -まとめ
高齢者用 住宅,https://kageyama-koumuten.com/senior/,,,,郡山市,郡山市 住宅会社 マーケティング支援 -おすすめ -比較 -ランキング -求人 -まとめ
リアルな感動体験とDXで実現する新しい 住宅 塗装,https://superceo.jp/tokusyu/selection/100888,,,,郡山市,郡山市 住宅会社 マーケティング支援 -おすすめ -比較 -ランキング -求人 -まとめ
IT活用し企業連携 郡山市 ・八光建設（株）,http://e-fukuken.or.jp/kakushin/2003/04/04.html,,,,郡山市,郡山市 住宅会社 マーケティング支援 -おすすめ -比較 -ランキング -求人 -まとめ
アエラホーム,https://aerahome-fc.com/,,,,郡山市,郡山市 工務店 集客支援会社 -おすすめ -比較 -ランキング -求人 -まとめ
令和6年度主要施策の概要,https://www.city.yamatokoriyama.lg.jp/material/files/group/6/gaiyou_r6.pdf,,,,郡山市,郡山市 士業 Web集客支援 -おすすめ -比較 -ランキング -求人 -まとめ
大和 郡山市 R大和小泉駅西口徒歩1分 創業 支援 税務相談 吉松会計 ...,https://www.yoshimatsu-kaikei.net/,,,,郡山市,郡山市 士業 Web集客支援 -おすすめ -比較 -ランキング -求人 -まとめ
リテール マーケティング 3級 WEB 講座,https://www.ko-cci.or.jp/business/retailsales/,,,,郡山市,郡山市 学習塾 Webマーケティング -おすすめ -比較 -ランキング -求人 -まとめ
郡山 ＆須賀川,https://koriyama.schoolie.info/,,,,郡山市,郡山市 学習塾 Webマーケティング -おすすめ -比較 -ランキング -求人 -まとめ
創業スクールなら2025 in 大和 郡山 開催情報,https://sogyo-nara.com/detail-2025/,,,,郡山市,郡山市 学習塾 Webマーケティング -おすすめ -比較 -ランキング -求人 -まとめ
福島県 郡山市,https://keyframes.jp/works/,,,,郡山市,郡山市 学習塾 Webマーケティング -おすすめ -比較 -ランキング -求人 -まとめ
シティ プロモーション セミナーin 郡山 開催のご案内,https://www.citypromotion.jp/%E2%98%85new%E2%98%85%E3%80%80%E3%82%B7%E3%83%86%E3%82%A3%E3%83%97%E3%83%AD%E3%83%A2%E3%83%BC%E3%82%B7%E3%83%A7%E3%83%B3%E3%82%BB%E3%83%9F%E3%83%8A%E3%83%BCin-%E9%83%A1%E5%B1%B1%E3%80%80%E9%96%8B,,,,郡山市,郡山市 地域プロモーション会社 -おすすめ -比較 -ランキング -求人 -まとめ
大和 郡山市 秀長ゆかりのまち 地域 応援商品券が使えるお店【中小 ...,https://www.yamato-koriyama.com/pdf/shoplist_2026.pdf,,,,郡山市,郡山市 地域プロモーション会社 -おすすめ -比較 -ランキング -求人 -まとめ
こおりやまフィルムコミッションとは,https://koriyama-fc.jp/about/,,,,郡山市,郡山市 地域プロモーション会社 -おすすめ -比較 -ランキング -求人 -まとめ
秀長さんからの奈良名物,https://www.yk-kankou.jp/upload/pdf/947984099.pdf,,,,郡山市,郡山市 地域プロモーション会社 -おすすめ -比較 -ランキング -求人 -まとめ
令和7年度採択者を紹介します,https://koriyama-dx.com/meetup.html,,,,郡山市,郡山市 地域プロモーション会社 -おすすめ -比較 -ランキング -求人 -まとめ
郡山 売上アップ実践会『高く売れる！正しい商品価値の伝え方』の ...,https://www.fnet-k.com/topics/1298/,,,,郡山市,郡山市 ホテル 集客支援会社 -おすすめ -比較 -ランキング -求人 -まとめ
【第3回飲食店繁盛情報会】 集客 ・売上アップセミナー 知恵袋情報 ...,https://sanbe.co.jp/seminar/keiei/post-37.html,,,,郡山市,郡山市 ホテル 集客支援会社 -おすすめ -比較 -ランキング -求人 -まとめ
COLOR +（カラープラス） 奈良,https://sp-mapple.jp/post-9784398136398/,,,,郡山市,郡山市 ホテル 集客支援会社 -おすすめ -比較 -ランキング -求人 -まとめ
福島県 郡山市 が電子契約サービス「GMOサイン」を導入決定,https://group.gmo/news/article/8557/,,,,郡山市,郡山市 ホテル 集客支援会社 -おすすめ -比較 -ランキング -求人 -まとめ
宣伝、 広告 業」,https://citydo.com/prf/fukushima/koriyama/guide/sg/wg_list.html?c=0502005,,,,郡山市,郡山市 広告代理店 中小企業向け -おすすめ -比較 -ランキング -求人 -まとめ
株式会社福島地下開発,https://energy-agency-fukushima.com/member/702/,,,,郡山市,郡山市 広告代理店 中小企業向け -おすすめ -比較 -ランキング -求人 -まとめ
会社概要,https://toyo-ad.net/guidance/,,,,郡山市,郡山市 広告代理店 中小企業向け -おすすめ -比較 -ランキング -求人 -まとめ
業務改善 コンサルティング,https://www.suzuyayoko.co.jp/solutions_old/consulting,,,,郡山市,郡山市 Webコンサルティング 地域企業 -おすすめ -比較 -ランキング -求人 -まとめ
福島・ 郡山 M＆A支援センター会社概要,https://ma-center.jp/company/,,,,郡山市,郡山市 Webコンサルティング 地域企業 -おすすめ -比較 -ランキング -求人 -まとめ
KORIYAMA Impact Startup Next,https://koriyama-impact-next.jp/,,,,郡山市,郡山市 Webコンサルティング 地域企業 -おすすめ -比較 -ランキング -求人 -まとめ
報告事項 1 2024年度事業報告の件,https://n-nbc.jp/wp-content/uploads/2025/06/7c60bc89dcd2fb0575c0fb484ead3ab8.pdf,,,,新潟市,新潟市 歯科 集客支援会社 -おすすめ -比較 -ランキング -求人 -まとめ
新潟医療 福祉大学編,https://appcooking.jp/blogs/seminar/nuhw,,,,新潟市,新潟市 医療 Webマーケティング会社 -おすすめ -比較 -ランキング -求人 -まとめ
WEBマーケティング 領域の拡充のために結成。 社内外のプロ集団 ...,https://www.nsg.gr.jp/blog/challenge/web%E3%83%9E%E3%83%BC%E3%82%B1%E3%83%86%E3%82%A3%E3%83%B3%E3%82%B0%E9%A0%98%E5%9F%9F%E3%81%AE%E6%8B%A1%E5%85%85%E3%81%AE%E3%81%9F%E3%82%81%E3%81%AB%E7%B5%90%E6%88%90%E3%80%82-%E7%A4%BE%E5%86%85/,,,,新潟市,新潟市 医療 Webマーケティング会社 -おすすめ -比較 -ランキング -求人 -まとめ
専門家・パッケージプラン検索 株式 会社 ビューティラボ,https://www.nico.or.jp/search/specialist/detail.php?no=1297,,,,新潟市,新潟市 美容業界 販促支援会社 -おすすめ -比較 -ランキング -求人 -まとめ
美容 室の開業をワンストップでサポート,https://niigata-misetsuku.com/,,,,新潟市,新潟市 美容業界 販促支援会社 -おすすめ -比較 -ランキング -求人 -まとめ
オ リ ジ ナ ル コ ス メ 商 品 で オ リ ジ ナ ル コ ス メ 商 品 で 妙 高 ...,https://www.shokokai.or.jp/shokokai/pdf/202403/38-39_%E5%95%863_%E6%96%B0%E9%A2%A8%E3%82%82%E3%81%9F%E3%82%89%E3%81%99%E5%9C%B0%E5%9F%9F%E5%89%B5%E6%A5%AD.pdf,,,,新潟市,新潟市 美容業界 販促支援会社 -おすすめ -比較 -ランキング -求人 -まとめ
平成30年 3月 14日(水) 午後 6 : 30～午後 8 : 30,https://niigata-ipc.or.jp/wp-content/uploads/2018/02/semi_20180314.pdf,,,,新潟市,新潟市 美容業界 販促支援会社 -おすすめ -比較 -ランキング -求人 -まとめ
株式 会社 Bizin,https://bizin-inc.com/,,,,新潟市,新潟市 美容業界 販促支援会社 -おすすめ -比較 -ランキング -求人 -まとめ
新潟 県庁舎広告掲出協力広告代理店名簿,https://www.pref.niigata.lg.jp/uploaded/life/725421_2373361_misc.pdf,,,,新潟市,新潟市 飲食店 販促支援会社 -おすすめ -比較 -ランキング -求人 -まとめ
一般社団法人 新潟 ふるさと組合,https://niigata-furusato.com/wp-content/uploads/2025/04/002_%E6%96%B0%E6%BD%9F%E3%81%B5%E3%82%8B%E3%81%95%E3%81%A8%E7%B5%84%E5%90%88%E6%A6%82%E8%A6%81%E8%B3%87%E6%96%99ver.2.4.pdf,,,,新潟市,新潟市 飲食店 販促支援会社 -おすすめ -比較 -ランキング -求人 -まとめ
会員名簿,https://www.niigata-shokubunka.com/member-list/,,,,新潟市,新潟市 飲食店 販促支援会社 -おすすめ -比較 -ランキング -求人 -まとめ
独立 支援 制度,https://ideal-co.jp/recruit/dokuritsu/,,,,新潟市,新潟市 飲食店 販促支援会社 -おすすめ -比較 -ランキング -求人 -まとめ
合同 会社 Bannso社（ばんそうしゃ）,https://www.bannso-sha.com/,,,,新潟市,新潟市 飲食店 販促支援会社 -おすすめ -比較 -ランキング -求人 -まとめ
商品開発力・営業力・ マーケティング 力強化の新潟県 新潟市 ・株式 ...,http://www.linkage-mic.com/category/868167.html,,,,新潟市,新潟市 住宅会社 マーケティング支援 -おすすめ -比較 -ランキング -求人 -まとめ
ブランドコンサルティング,https://www.adservice.niigata-mn.co.jp/service/brand/,,,,新潟市,新潟市 住宅会社 マーケティング支援 -おすすめ -比較 -ランキング -求人 -まとめ
「 住宅会社 と出会うハードルを下げたい」。 新潟 の工務店が複合 ...,https://ldp.media/topics/20221220/,,,,新潟市,新潟市 住宅会社 マーケティング支援 -おすすめ -比較 -ランキング -求人 -まとめ
ディテールホーム／坂井建設株式 会社,https://www.sumai-niigata.net/builder/detail/,,,,新潟市,新潟市 住宅会社 マーケティング支援 -おすすめ -比較 -ランキング -求人 -まとめ
お問い合わせフォーム,https://tochi-canvas.com/toiawase/,,,,新潟市,新潟市 住宅会社 マーケティング支援 -おすすめ -比較 -ランキング -求人 -まとめ
住宅関連データ,http://ngtbs.familias.jp/category/bdata,,,,新潟市,新潟市 工務店 集客支援会社 -おすすめ -比較 -ランキング -求人 -まとめ
サービスのご案内,http://www.fps-n.jp/14717603567332,,,,新潟市,新潟市 工務店 集客支援会社 -おすすめ -比較 -ランキング -求人 -まとめ
【7分で解説】地域の 工務店 が成長するための新メソッド,https://ecohousing-project.com/topics/%E3%80%90%E3%83%8F%E3%83%BC%E3%83%90%E3%83%BC%E3%83%8F%E3%82%A6%E3%82%B9%E3%80%91%E8%A6%96%E5%AF%9F%E3%83%84%E3%82%A2%E3%83%BC/,,,,新潟市,新潟市 工務店 集客支援会社 -おすすめ -比較 -ランキング -求人 -まとめ
新潟市 ・長岡市で注文住宅・ローコスト住宅なら一級建築士事務所 ...,https://sakatomo-archi.net/,,,,新潟市,新潟市 工務店 集客支援会社 -おすすめ -比較 -ランキング -求人 -まとめ
お客様の声_株式 会社 KENYOU,https://blog.digima.com/casestudy/keeps-life,,,,新潟市,新潟市 工務店 集客支援会社 -おすすめ -比較 -ランキング -求人 -まとめ
中小 工務店 が生き残るために必要な気付きを得る,https://orism.jp/news/,,,,新潟市,新潟市 工務店 集客支援会社 -おすすめ -比較 -ランキング -求人 -まとめ
どんな補助金が使えるのか確認したい,https://www.city.niigata.lg.jp/business/shoko/shokoshien/shien/shogyo_shotengaipanf.files/8nenndopannhu.pdf,,,,新潟市,新潟市 工務店 集客支援会社 -おすすめ -比較 -ランキング -求人 -まとめ
令和2年度 新潟 エキスパート・バンク登録者名簿,https://foramu21.com/wp-content/uploads/2021/07/4d276c86ea96561ee9bed20f4519b301.pdf,,,,新潟市,新潟市 士業 Web集客支援 -おすすめ -比較 -ランキング -求人 -まとめ
S.TAMAKI,https://www.com-m.com/members/s-tamaki/,,,,新潟市,新潟市 学習塾 Webマーケティング -おすすめ -比較 -ランキング -求人 -まとめ
デジタル・ マーケティング コース 新潟 3,https://www.techno.ac.jp/upload/course/3068/PDF/upl_cdt_3068_lnkpdf.pdf,,,,新潟市,新潟市 学習塾 Webマーケティング -おすすめ -比較 -ランキング -求人 -まとめ
トコトン考えました！最もお金をかけずに少ない生徒で利益の出る ...,https://suralajuku.jp/slp2/osaka.html,,,,新潟市,新潟市 学習塾 Webマーケティング -おすすめ -比較 -ランキング -求人 -まとめ
先生のご紹介,https://juku-teams.com/teacher,,,,新潟市,新潟市 学習塾 Webマーケティング -おすすめ -比較 -ランキング -求人 -まとめ
NSGグループ · en-courage,https://app.en-courage.com/companies/01GHZ0YXTBX0RVAY6Z2X7Z5GRN?locale=ja,,,,新潟市,新潟市 学習塾 Webマーケティング -おすすめ -比較 -ランキング -求人 -まとめ
会社 概要,https://netsysjapan.co.jp/company/,,,,新潟市,新潟市 ホテル 集客支援会社 -おすすめ -比較 -ランキング -求人 -まとめ
全旅連協定商社会名簿(令和7年5月1日現在）,https://www.zenryoren.jp/wp/wp-content/uploads/2025/12/%E5%8D%94%E5%AE%9A%E5%95%86%E7%A4%BE%E5%90%8D%E7%B0%BFR7.05.01.pdf,,,,新潟市,新潟市 ホテル 集客支援会社 -おすすめ -比較 -ランキング -求人 -まとめ
Hotel with locals,https://loco-way.com/4,,,,新潟市,新潟市 ホテル 集客支援会社 -おすすめ -比較 -ランキング -求人 -まとめ
「 新潟 をもっと元気に」 地域 活性化に燃える広告 会社 『 新潟 博報堂 ...,https://sakepro.jp/work/18029/,,,,新潟市,新潟市 地域プロモーション会社 -おすすめ -比較 -ランキング -求人 -まとめ
新潟 支店,https://niigata.aap.co.jp/,,,,新潟市,新潟市 地域プロモーション会社 -おすすめ -比較 -ランキング -求人 -まとめ
新潟市 との 地域 活性化及び市民サービスの向上に関する包括連携 ...,https://www.niigataunyu.co.jp/20230531-2/,,,,新潟市,新潟市 地域プロモーション会社 -おすすめ -比較 -ランキング -求人 -まとめ
（選定結果を追加しました）「他県連携による広域周遊促進事業 ...,https://www.pref.fukuoka.lg.jp/bid-info/r8-niigata-fukuoka-renkei.html,,,,新潟市,新潟市 地域プロモーション会社 -おすすめ -比較 -ランキング -求人 -まとめ
効果的な伝え方でターゲットに発信,https://www.niigata-cci.or.jp/wp/wp-content/uploads/2020/08/02-03.pdf,,,,新潟市,新潟市 広告代理店 中小企業向け -おすすめ -比較 -ランキング -求人 -まとめ
新潟 の 広告代理店 ／株式会社 広伸 企業 事業経歴,http://ad-koushin.co.jp/history.html,,,,新潟市,新潟市 広告代理店 中小企業向け -おすすめ -比較 -ランキング -求人 -まとめ
【 新潟市 事業】 企業 内の新規事業創出プログラム“WAVE”を開催 ...,https://socialups.jp/news/posts/24,,,,新潟市,新潟市 広告代理店 中小企業向け -おすすめ -比較 -ランキング -求人 -まとめ
ココモ 新潟市 西区 広告代理 業・ホームページ制作  パンフレット ...,http://www.cocomos.jp/,,,,新潟市,新潟市 広告代理店 中小企業向け -おすすめ -比較 -ランキング -求人 -まとめ
新潟県 新潟市 IT推進課様,https://www.hitachi-sis.co.jp/service/dcom/4uweb/voice/vol12niigata_it.html,,,,新潟市,新潟市 Webコンサルティング 地域企業 -おすすめ -比較 -ランキング -求人 -まとめ
新潟 のAI コンサルティング ・AI導入支援,https://www.tiffin.one/services/ai-consulting,,,,新潟市,新潟市 Webコンサルティング 地域企業 -おすすめ -比較 -ランキング -求人 -まとめ
新潟市 にある山田 コンサルティング 事務所,http://yamadajim.jp/,,,,新潟市,新潟市 Webコンサルティング 地域企業 -おすすめ -比較 -ランキング -求人 -まとめ
令 和 7 年 度 当 初 予 算（案）の 概 要,https://www.city.nagaoka.niigata.jp/shisei/cate03/zaisei/file/r07g-00.pdf,,,,長岡市,長岡市 歯科 集客支援会社 -おすすめ -比較 -ランキング -求人 -まとめ
大野 歯科 医院,https://ohnoshika.hp.peraichi.com/,,,,長岡市,長岡市 歯科 集客支援会社 -おすすめ -比較 -ランキング -求人 -まとめ
2025年2月13日木曜日【ウェビナー】介護・ 医療 現場の人材の未来 ...,https://search.yasashiite.com/detail/yasacie_nagaoka/notice/874769/,,,,長岡市,長岡市 医療 Webマーケティング会社 -おすすめ -比較 -ランキング -求人 -まとめ
組合員紹介,https://nagaokait.com/member/member/,,,,長岡市,長岡市 医療 Webマーケティング会社 -おすすめ -比較 -ランキング -求人 -まとめ
長岡市 の訪問保健師,https://www.kcreate-hokenshitsu.jp/,,,,長岡市,長岡市 医療 Webマーケティング会社 -おすすめ -比較 -ランキング -求人 -まとめ
[2020.06.29] オンラインサロン「新潟アルビレックスBBブースター ...,https://www.albirex.com/news/detail/id=18999,,,,長岡市,長岡市 医療 Webマーケティング会社 -おすすめ -比較 -ランキング -求人 -まとめ
株式 会社 イマジデザイン,https://sp.attendpark.com/shops/index.html?id=20110712001,,,,長岡市,長岡市 飲食店 販促支援会社 -おすすめ -比較 -ランキング -求人 -まとめ
使えるお店,https://nagaoka-shohinken.jp/use.html,,,,長岡市,長岡市 飲食店 販促支援会社 -おすすめ -比較 -ランキング -求人 -まとめ
フランチャイズ募集 サポート体制,https://peacock-japan.co.jp/franchise/,,,,長岡市,長岡市 飲食店 販促支援会社 -おすすめ -比較 -ランキング -求人 -まとめ
会員企業,https://kakogawa-cci.or.jp/member,,,,長岡市,長岡市 美容業界 販促支援会社 -おすすめ -比較 -ランキング -求人 -まとめ
12月20日アオーレ長岡（新潟県 長岡市 ）で開催,https://www.niikei.jp/891846/,,,,長岡市,長岡市 住宅会社 マーケティング支援 -おすすめ -比較 -ランキング -求人 -まとめ
株式 会社 坂井建設様,https://pure-growth.co.jp/post/client-voice/%E6%A0%AA%E5%BC%8F%E4%BC%9A%E7%A4%BE%E5%9D%82%E4%BA%95%E5%BB%BA%E8%A8%AD%E6%A7%98/,,,,長岡市,長岡市 住宅会社 マーケティング支援 -おすすめ -比較 -ランキング -求人 -まとめ
住宅会社 の仕事内容とは？職種別にご紹介,https://www.detail-home.com/blog/20230405_nakamura_company/,,,,長岡市,長岡市 住宅会社 マーケティング支援 -おすすめ -比較 -ランキング -求人 -まとめ
R.4年12月開催！ 起業スクール in 長岡,https://iju.na-nagaoka.jp/news/entrepreneurship_school/,,,,長岡市,長岡市 学習塾 Webマーケティング -おすすめ -比較 -ランキング -求人 -まとめ
長岡市 で「ものづくりビジネスセミナー」新潟県商工会連合会長岡 ...,https://www.dm2.co.jp/blog/3750,,,,長岡市,長岡市 学習塾 Webマーケティング -おすすめ -比較 -ランキング -求人 -まとめ
長岡 校 DSWebデザイン科2期_ol,https://bic-employment.com/wp-content/uploads/2023/04/t-na-20221014-dsweb2.pdf,,,,長岡市,長岡市 学習塾 Webマーケティング -おすすめ -比較 -ランキング -求人 -まとめ
［初開催］Startup Weekend 長岡,https://swnagaoka.doorkeeper.jp/events/131923,,,,長岡市,長岡市 学習塾 Webマーケティング -おすすめ -比較 -ランキング -求人 -まとめ
百合岡 雅博,https://www.nagaokauniv.ac.jp/faculty/researchers/m-yurioka/,,,,長岡市,長岡市 学習塾 Webマーケティング -おすすめ -比較 -ランキング -求人 -まとめ
弁護士のホームページ制作実績集,http://www.kaisya-pro.com/?category=3,,,,長岡市,長岡市 士業 Web集客支援 -おすすめ -比較 -ランキング -求人 -まとめ
長岡 真也 横浜市港南区の行政書士,https://yokohama-cci-samurainet.jp/index.php?page=item&id=403,,,,長岡市,長岡市 士業 Web集客支援 -おすすめ -比較 -ランキング -求人 -まとめ
【視聴無料】移住×企業×リモートワークの“リアル”を伝える ...,https://turns.jp/59754,,,,長岡市,長岡市 地域プロモーション会社 -おすすめ -比較 -ランキング -求人 -まとめ
賛助会員募集,https://nagaoka-jc.com/supportingmember/,,,,長岡市,長岡市 ホテル 集客支援会社 -おすすめ -比較 -ランキング -求人 -まとめ
令和8年度 事業計画,https://nagaoka-navi.or.jp/box/file/51/13/01cdc9798ebb10f457d0ef298b06a51be6349b18,,,,長岡市,長岡市 ホテル 集客支援会社 -おすすめ -比較 -ランキング -求人 -まとめ
ホテル 運営代行・運営委託・開業 支援 ・コンサル,https://service.ivressehospitality.com/,,,,長岡市,長岡市 ホテル 集客支援会社 -おすすめ -比較 -ランキング -求人 -まとめ
新潟読売IS 長岡 営業所,https://www.attendpark.com/shops_data/91105005,,,,長岡市,長岡市 広告代理店 中小企業向け -おすすめ -比較 -ランキング -求人 -まとめ
業務委託会社について,https://www.nct9.co.jp/about/partnercompany/,,,,長岡市,長岡市 広告代理店 中小企業向け -おすすめ -比較 -ランキング -求人 -まとめ
個人情報保護方針,https://www.watanabe-acct.com/tkc-privacy,,,,長岡市,長岡市 広告代理店 中小企業向け -おすすめ -比較 -ランキング -求人 -まとめ
会社概要,https://www.3d-m.jp/about/overview/,,,,長岡市,長岡市 広告代理店 中小企業向け -おすすめ -比較 -ランキング -求人 -まとめ
それは好奇心＿ 中小企業 を支える信念。【代表 髙野裕氏】,https://www.rs-zukan.com/recruit/detail/407,,,,長岡市,長岡市 広告代理店 中小企業向け -おすすめ -比較 -ランキング -求人 -まとめ
情報通信業(79),https://www.nagaokacci.or.jp/member/list/gyousyu/7/clear/1/,,,,長岡市,長岡市 Webコンサルティング 地域企業 -おすすめ -比較 -ランキング -求人 -まとめ
企業 情報,https://www.kk-ntc.co.jp/company/,,,,長岡市,長岡市 Webコンサルティング 地域企業 -おすすめ -比較 -ランキング -求人 -まとめ
アイディア実現とビジネスへの具現化「Business Link」,https://miraie-nagaoka.jp/nadec-project/6001/,,,,長岡市,長岡市 Webコンサルティング 地域企業 -おすすめ -比較 -ランキング -求人 -まとめ
富山 県／【令和8年2月25日公告】デジタル マーケティング 推進事業 ...,https://www.pref.toyama.jp/1021/sangyou/nyuusatsu/koubo/dejimaker8.html,,,,富山市,富山市 医療 Webマーケティング会社 -おすすめ -比較 -ランキング -求人 -まとめ
通常枠,https://www.tonio.or.jp/cms/wp-content/uploads/af42e443b0ad6780cf6dc7efbd2a6dd0.pdf,,,,富山市,富山市 医療 Webマーケティング会社 -おすすめ -比較 -ランキング -求人 -まとめ
歯科 衛生士の自立を目指して。,https://teeth-ai.net/academy/,,,,富山市,富山市 歯科 集客支援会社 -おすすめ -比較 -ランキング -求人 -まとめ
富山 事業承継M&Aプラットフォーム,https://www.tranbi.com/buy/list/prefecture/22/,,,,富山市,富山市 歯科 集客支援会社 -おすすめ -比較 -ランキング -求人 -まとめ
飲食店 の集客・ 販促 ・経営 支援 、常連客作りなら「常連.com」,http://www.jyo-ren.com/,,,,富山市,富山市 飲食店 販促支援会社 -おすすめ -比較 -ランキング -求人 -まとめ
会社 情報Company,https://rise-will.com/company/about/,,,,富山市,富山市 飲食店 販促支援会社 -おすすめ -比較 -ランキング -求人 -まとめ
井澤 岳志,https://toyama.doyu.jp/member/000804.php,,,,富山市,富山市 飲食店 販促支援会社 -おすすめ -比較 -ランキング -求人 -まとめ
株式 会社 ライズウィル,http://pos-chubu.jp/03_rise.html,,,,富山市,富山市 飲食店 販促支援会社 -おすすめ -比較 -ランキング -求人 -まとめ
【 富山 北口横丁】オープンに先駆けて、11月18日（火）にメディア ...,https://blog.favy.co.jp/28775/,,,,富山市,富山市 飲食店 販促支援会社 -おすすめ -比較 -ランキング -求人 -まとめ
ぐるなびとfavy,https://corporate.gnavi.co.jp/assets/966b2f67af3e43d3b254686ffe2f391b/e02d7acba17140e494c530d5bc57106a/20251010.pdf,,,,富山市,富山市 飲食店 販促支援会社 -おすすめ -比較 -ランキング -求人 -まとめ
[メディアリリース]株式 会社 and USと日本ブラインドサッカー協会が ...,https://www.b-soccer.jp/news/17669-20220104,,,,富山市,富山市 美容業界 販促支援会社 -おすすめ -比較 -ランキング -求人 -まとめ
会社 情報,https://kanazawaiemoto.jp/about/,,,,富山市,富山市 住宅会社 マーケティング支援 -おすすめ -比較 -ランキング -求人 -まとめ
コーディネーター・サポーター紹介,https://toyama-yorozushien.go.jp/coordinator/,,,,富山市,富山市 住宅会社 マーケティング支援 -おすすめ -比較 -ランキング -求人 -まとめ
創業の原点を忘れず、地域の家づくりを支える存在へ,https://migaki.net/%E5%89%B5%E6%A5%AD%E3%81%AE%E5%8E%9F%E7%82%B9%E3%82%92%E5%BF%98%E3%82%8C%E3%81%9A%E3%80%81%E5%9C%B0%E5%9F%9F%E3%81%AE%E5%AE%B6%E3%81%A5%E3%81%8F%E3%82%8A%E3%82%92%E6%94%AF%E3%81%88%E3%82%8B%E5%AD%98/,,,,富山市,富山市 工務店 集客支援会社 -おすすめ -比較 -ランキング -求人 -まとめ
無料相談,https://atha-inc.co.jp/consultation/,,,,富山市,富山市 工務店 集客支援会社 -おすすめ -比較 -ランキング -求人 -まとめ
住宅 会社 の 集客 サポート、コンサルティング、補助金,https://arrowsmanagement.wixsite.com/website,,,,富山市,富山市 工務店 集客支援会社 -おすすめ -比較 -ランキング -求人 -まとめ
升方 芳美,https://www.r-ict-advisor.jp/prom/chiiki_adviser/R8_profile/223_2026.pdf,,,,富山市,富山市 士業 Web集客支援 -おすすめ -比較 -ランキング -求人 -まとめ
LINKS,https://ishiharalaw.jp/links/,,,,富山市,富山市 士業 Web集客支援 -おすすめ -比較 -ランキング -求人 -まとめ
【Big Advance】各機能ポイント動画,https://www.toyama-kenshin.co.jp/tk_renewal/wp-content/uploads/2022/06/bigadvance_202104.pdf,,,,富山市,富山市 士業 Web集客支援 -おすすめ -比較 -ランキング -求人 -まとめ
マーケティング 専攻,https://www.bit.urayama.ac.jp/subject-course/dm,,,,富山市,富山市 学習塾 Webマーケティング -おすすめ -比較 -ランキング -求人 -まとめ
情報発信媒体の見直し、 WEBマーケティング をサポート！（澤井塾）,https://himi-biz.net/2023/05/01/5351/,,,,富山市,富山市 学習塾 Webマーケティング -おすすめ -比較 -ランキング -求人 -まとめ
無料,https://www.hokugin.co.jp/info/docs/190206p.pdf,,,,富山市,富山市 学習塾 Webマーケティング -おすすめ -比較 -ランキング -求人 -まとめ
AMAZING TOYAMA「～この地を選んだ理由～」,https://www.city.toyama.lg.jp/shisei/koho/1010860/1014415.html,,,,富山市,富山市 地域プロモーション会社 -おすすめ -比較 -ランキング -求人 -まとめ
株式 会社富山 市民プラザ,https://shisaly.com/recipients/573,,,,富山市,富山市 地域プロモーション会社 -おすすめ -比較 -ランキング -求人 -まとめ
会員登録名 住所 業種 PR HPアドレス 富山 県,https://go-centraljapan.jp/ja/service/doc/prlist260105.pdf,,,,富山市,富山市 地域プロモーション会社 -おすすめ -比較 -ランキング -求人 -まとめ
ホテル 運営開発事業,https://j-kk.com/consultation/,,,,富山市,富山市 ホテル 集客支援会社 -おすすめ -比較 -ランキング -求人 -まとめ
DX学校 高岡校,https://dx.school/brunch/takaoka/,,,,富山市,富山市 ホテル 集客支援会社 -おすすめ -比較 -ランキング -求人 -まとめ
コーディネーターによる総合的な支援,https://www.toyama-sinsangyo.jp/coordinator/,,,,富山市,富山市 Webコンサルティング 地域企業 -おすすめ -比較 -ランキング -求人 -まとめ
沿革,https://www.it-keiei.info/company/history/,,,,富山市,富山市 Webコンサルティング 地域企業 -おすすめ -比較 -ランキング -求人 -まとめ
長野 富山 東京の情報マネジメントシステム株式会社,http://www.hbcnet.co.jp/company/index.html,,,,富山市,富山市 Webコンサルティング 地域企業 -おすすめ -比較 -ランキング -求人 -まとめ
株式会社iソフト,https://www.sdgs-toyama.jp/company/detail/?company_id=274,,,,富山市,富山市 Webコンサルティング 地域企業 -おすすめ -比較 -ランキング -求人 -まとめ
しあわせる。 富山,https://seichosenryaku-toyama.com/session/index2022.html,,,,富山市,富山市 Webコンサルティング 地域企業 -おすすめ -比較 -ランキング -求人 -まとめ
TM 富山 WEB面談予約フォーム【 富山 県 中小企業 ビヨンドコロナ補助 ...,https://reserva.be/tmtoyama/about,,,,富山市,富山市 広告代理店 中小企業向け -おすすめ -比較 -ランキング -求人 -まとめ
私たちの仕事,https://hokuriku-yomiuri-is.jp/works/,,,,富山市,富山市 広告代理店 中小企業向け -おすすめ -比較 -ランキング -求人 -まとめ
富山 県よろず支援拠点 IT 活用セミナー,https://www2.tonio.or.jp/userfiles/T0002/291113.pdf,,,,富山市,富山市 広告代理店 中小企業向け -おすすめ -比較 -ランキング -求人 -まとめ
【公式】株式会社商工オフィス,https://www.shoko-office.co.jp/index.html,,,,富山市,富山市 広告代理店 中小企業向け -おすすめ -比較 -ランキング -求人 -まとめ
令和元年度 重 点 事 項,https://www.ccis-toyama.or.jp/pdf/r01juten.pdf,,,,富山市,富山市 広告代理店 中小企業向け -おすすめ -比較 -ランキング -求人 -まとめ
石川県 金沢市 でホームページ制作、Web広告運用ならColorea ...,https://colorea.colorfulcompany.co.jp/,,,,金沢市,金沢市 歯科 集客支援会社 -おすすめ -比較 -ランキング -求人 -まとめ
市への申請等における押印の見直しについて（令和3年1月1日 ...,https://www4.city.kanazawa.lg.jp/material/files/group/12/ouin_2020_12.pdf,,,,金沢市,金沢市 歯科 集客支援会社 -おすすめ -比較 -ランキング -求人 -まとめ
EGTSアンバサダーサロン石川（ 金沢 ）会場,https://www.eyelashgarage.jp/seminar/venue-detail/egts_kanazawa,,,,金沢市,金沢市 歯科 集客支援会社 -おすすめ -比較 -ランキング -求人 -まとめ
ウェブ あんやと,https://web-an-yato.jp/,,,,金沢市,金沢市 医療 Webマーケティング会社 -おすすめ -比較 -ランキング -求人 -まとめ
Webウェブ 事業,https://hayashi-kanazawa.co.jp/service/web/,,,,金沢市,金沢市 医療 Webマーケティング会社 -おすすめ -比較 -ランキング -求人 -まとめ
「いしかわ健康づくり応援企業・団体等」の紹介,https://www.pref.ishikawa.lg.jp/kenkou/kenmin_ittai/kigyousyoukai.html,,,,金沢市,金沢市 医療 Webマーケティング会社 -おすすめ -比較 -ランキング -求人 -まとめ
ウェブマーケティング の活用が 採用活動や販促活動に効果あり,https://www.isico.or.jp/uploaded/attachment/1006933.pdf,,,,金沢市,金沢市 医療 Webマーケティング会社 -おすすめ -比較 -ランキング -求人 -まとめ
医院・クリニックの開業支援・開院コンサルティング,https://promedi.co.jp/support/,,,,金沢市,金沢市 医療 Webマーケティング会社 -おすすめ -比較 -ランキング -求人 -まとめ
事業内容,https://tokuno-syouten.co.jp/ourbusiness/,,,,金沢市,金沢市 飲食店 販促支援会社 -おすすめ -比較 -ランキング -求人 -まとめ
デザインサポート,https://www.mitsui-corp.co.jp/support/design/,,,,金沢市,金沢市 美容業界 販促支援会社 -おすすめ -比較 -ランキング -求人 -まとめ
さくらノート 石川,https://sakuranote.net/area-hokuriku/ishikawa-suplist/,,,,金沢市,金沢市 美容業界 販促支援会社 -おすすめ -比較 -ランキング -求人 -まとめ
ビジネス商材 コンサルティング・企画営業,http://www.e-expo.net/ca/other005.html,,,,金沢市,金沢市 美容業界 販促支援会社 -おすすめ -比較 -ランキング -求人 -まとめ
工務店 経営会議2025,https://www.s-housing.jp/kkk2025-2,,,,金沢市,金沢市 工務店 集客支援会社 -おすすめ -比較 -ランキング -求人 -まとめ
地場の 工務店 ・建設 会社 による「性能向上リノベーション」 支援 策 ...,https://news.panasonic.com/jp/press/jn251128-2,,,,金沢市,金沢市 工務店 集客支援会社 -おすすめ -比較 -ランキング -求人 -まとめ
工務店 が生まれ変わる勉強会,https://crasia1109.studio.site/,,,,金沢市,金沢市 工務店 集客支援会社 -おすすめ -比較 -ランキング -求人 -まとめ
相互リンク集,https://www.kkfujita.co.jp/mutual-link/,,,,金沢市,金沢市 住宅会社 マーケティング支援 -おすすめ -比較 -ランキング -求人 -まとめ
登録番号 登録事業所名 郵便番号 登録事業所住所 連絡先電話番号 ...,https://www.ibecs.or.jp/investigate/files/air-tightness_list/ha-gyo.pdf,,,,金沢市,金沢市 住宅会社 マーケティング支援 -おすすめ -比較 -ランキング -求人 -まとめ
プライバシーポリシー,https://www.asuka-home.com/policy/,,,,金沢市,金沢市 住宅会社 マーケティング支援 -おすすめ -比較 -ランキング -求人 -まとめ
士業Web集客 ブログ,https://mh-sp.com/blog/,,,,金沢市,金沢市 士業 Web集客支援 -おすすめ -比較 -ランキング -求人 -まとめ
士業 のホームページ制作,https://cantik.co.jp/shigyo/,,,,金沢市,金沢市 士業 Web集客支援 -おすすめ -比較 -ランキング -求人 -まとめ
金沢市 のAI業務自動化・ Web 制作・チャット ...,https://bluetruck.co.jp/kanazawa.html,,,,金沢市,金沢市 士業 Web集客支援 -おすすめ -比較 -ランキング -求人 -まとめ
谷沢 鷹続,https://sindanishikawa.com/member/419707/,,,,金沢市,金沢市 士業 Web集客支援 -おすすめ -比較 -ランキング -求人 -まとめ
石川 ウェブ 制作,https://ishikawa-web.netlify.app/,,,,金沢市,金沢市 士業 Web集客支援 -おすすめ -比較 -ランキング -求人 -まとめ
売れる商品開発_ 金沢 スクール_01期 of 「売れてしまう」を科学する ...,http://www.kanouhikaru.com/products/hit_kanazawa.html,,,,金沢市,金沢市 学習塾 Webマーケティング -おすすめ -比較 -ランキング -求人 -まとめ
女性デジタル人材育成事業「横浜市 Webマーケティング キャリア ...,https://www.city.yokohama.lg.jp/city-info/seisaku/torikumi/danjo/20230905172206294.html,,,,金沢市,金沢市 学習塾 Webマーケティング -おすすめ -比較 -ランキング -求人 -まとめ
集客 ラボ,https://www.shukyaku-labo.com/,,,,金沢市,金沢市 ホテル 集客支援会社 -おすすめ -比較 -ランキング -求人 -まとめ
集客 ラボ,https://www.j-wave.co.jp/special/listeners/detail.html?id=3479,,,,金沢市,金沢市 ホテル 集客支援会社 -おすすめ -比較 -ランキング -求人 -まとめ
ホテル ・旅館 集客 コンサルティング事業,https://jimoto-oshigoto.com/hotel-strategy/,,,,金沢市,金沢市 ホテル 集客支援会社 -おすすめ -比較 -ランキング -求人 -まとめ
着地型観光 プロモーション プロジェクト,https://www.kanazawa-kankoukyoukai.or.jp/asset/jiyujikan/torokuannai,,,,金沢市,金沢市 地域プロモーション会社 -おすすめ -比較 -ランキング -求人 -まとめ
伝広社の特徴,http://www.dimp.net/works/index.html,,,,金沢市,金沢市 地域プロモーション会社 -おすすめ -比較 -ランキング -求人 -まとめ
企業 情報,https://www.fucius.co.jp/company,,,,金沢市,金沢市 Webコンサルティング 地域企業 -おすすめ -比較 -ランキング -求人 -まとめ
補助金クラウド運営のStayway、 金沢 経済同友会に入会,https://stayway.co.jp/news/2375/,,,,金沢市,金沢市 Webコンサルティング 地域企業 -おすすめ -比較 -ランキング -求人 -まとめ
金沢 でクラウド  株式会社タスクのご紹介はこちら,https://www.kanazawa-cloud.com/corporate/,,,,金沢市,金沢市 広告代理店 中小企業向け -おすすめ -比較 -ランキング -求人 -まとめ
【  香輪社】をご紹介,https://komatsu-cci.or.jp/post_member/13627,,,,金沢市,金沢市 広告代理店 中小企業向け -おすすめ -比較 -ランキング -求人 -まとめ
movie mobile が北陸三県の 広告 で重視していることは何ですか？,https://movie-mobile.jp/movie-mobile-%E3%81%8C%E5%8C%97%E9%99%B8%E4%B8%89%E7%9C%8C%E3%81%AE%E5%BA%83%E5%91%8A%E3%81%A7%E9%87%8D%E8%A6%96%E3%81%97%E3%81%A6%E3%81%84%E3%82%8B%E3%81%93%E3%81%A8%E3%81%AF%E4%BD%95%E3%81%A7/,,,,金沢市,金沢市 広告代理店 中小企業向け -おすすめ -比較 -ランキング -求人 -まとめ
雑誌スポンサーを募集しています,https://www.city.fukui.lg.jp/kyoiku/library/oshirase/journalsponsor2.html,,,,福井市,福井市 歯科 集客支援会社 -おすすめ -比較 -ランキング -求人 -まとめ
ヘルスケア マーケティング 伴走支援事業,https://www.pref.fukui.lg.jp/doc/chisangi/iryou/marketing_support.html,,,,福井市,福井市 医療 Webマーケティング会社 -おすすめ -比較 -ランキング -求人 -まとめ
中部支店,https://www.nihonkohden.co.jp/information/company/office/sales07.html,,,,福井市,福井市 医療 Webマーケティング会社 -おすすめ -比較 -ランキング -求人 -まとめ
COMPANY,https://head-spring.co.jp/company,,,,福井市,福井市 美容業界 販促支援会社 -おすすめ -比較 -ランキング -求人 -まとめ
Support Program,https://1217.latowa.jp/program/,,,,福井市,福井市 美容業界 販促支援会社 -おすすめ -比較 -ランキング -求人 -まとめ
クリニック営業【キャリア採用】,https://recruit.head-spring.co.jp/recruit/rid540/,,,,福井市,福井市 美容業界 販促支援会社 -おすすめ -比較 -ランキング -求人 -まとめ
第8回 11,https://fukui-saiseifund.ftmo.co.jp/wp-content/uploads/2025/11/%E7%AC%AC8%E5%9B%9E%E3%83%A1%E3%83%AB%E3%83%9E%E3%82%AC.pdf,,,,福井市,福井市 美容業界 販促支援会社 -おすすめ -比較 -ランキング -求人 -まとめ
チケティファイ株式 会社,https://dxfukui.jp/case/pid128/,,,,福井市,福井市 飲食店 販促支援会社 -おすすめ -比較 -ランキング -求人 -まとめ
新 た な 販 路 を 開 拓 し た い ！！ 新 た な 販 路 を 開 拓 し た い ！！,https://www.shinkin.co.jp/fukushin/corporation/pdf/scene02.pdf,,,,福井市,福井市 飲食店 販促支援会社 -おすすめ -比較 -ランキング -求人 -まとめ
福井市 が作り出すまちづくりプレーヤーの発掘育成（福井県 福井市 ）,https://machi.smrj.go.jp/machi/public/example/180523fukui02.html,,,,福井市,福井市 飲食店 販促支援会社 -おすすめ -比較 -ランキング -求人 -まとめ
2022 fisc総合パンフレット,https://www.fisc.jp/main/wp-content/uploads/2024/02/2022_sougou.pdf,,,,福井市,福井市 飲食店 販促支援会社 -おすすめ -比較 -ランキング -求人 -まとめ
会社 案内,https://www.netsystem.jp/company/,,,,福井市,福井市 飲食店 販促支援会社 -おすすめ -比較 -ランキング -求人 -まとめ
福井 県の 住宅 ・店舗インテリア 会社,https://tad-inc.jimdoweb.com/,,,,福井市,福井市 住宅会社 マーケティング支援 -おすすめ -比較 -ランキング -求人 -まとめ
相互リンク集,https://norq.co.jp/links/,,,,福井市,福井市 住宅会社 マーケティング支援 -おすすめ -比較 -ランキング -求人 -まとめ
お問い合せ・資料請求,https://fukui.pg-house.jp/contact/,,,,福井市,福井市 住宅会社 マーケティング支援 -おすすめ -比較 -ランキング -求人 -まとめ
会社 概要,https://www.reg.co.jp/company/,,,,福井市,福井市 住宅会社 マーケティング支援 -おすすめ -比較 -ランキング -求人 -まとめ
新規事業と 会社 の 認知度アップへ マーケティング 強化,https://ikoc.net/fukuilabo/asset/pdf/report_profile_2024-2.pdf,,,,福井市,福井市 住宅会社 マーケティング支援 -おすすめ -比較 -ランキング -求人 -まとめ
デジタルビジネスを活性化し建材業界の新しい仕組みをデザインする,https://www.independents.jp/article/1711,,,,福井市,福井市 住宅会社 マーケティング支援 -おすすめ -比較 -ランキング -求人 -まとめ
アーキロイド,https://archiroid.co.jp/,,,,福井市,福井市 工務店 集客支援会社 -おすすめ -比較 -ランキング -求人 -まとめ
N E W S R E L E A S E,https://hd.fukuicompu.co.jp/press_release/2002/20021119.pdf,,,,福井市,福井市 工務店 集客支援会社 -おすすめ -比較 -ランキング -求人 -まとめ
【ビジネスレポート】 Web集客 に力を入れて受注件数アップ！柔軟 ...,https://znews-online.com/accs/user/movie/watch.php?c=MzYw&v=3438&mk=2,,,,福井市,福井市 士業 Web集客支援 -おすすめ -比較 -ランキング -求人 -まとめ
企業名 研修テーマ 受入日程 受入 日数 エリア 業種 有償 3 08/19-08 ...,https://291jobs.pref.fukui.lg.jp/files/topics/files/666a5a0348afd_append.pdf,,,,福井市,福井市 士業 Web集客支援 -おすすめ -比較 -ランキング -求人 -まとめ
事業概要,https://www.vconsulting.link/overview/,,,,福井市,福井市 士業 Web集客支援 -おすすめ -比較 -ランキング -求人 -まとめ
つながりで 福井 の地方創生を,https://fukui-sdgs.jp/about/,,,,福井市,福井市 学習塾 Webマーケティング -おすすめ -比較 -ランキング -求人 -まとめ
webマーケティング 専門家（中尾豊氏）による個別相談窓口,https://www.s-project.biz/seminar/nakao-advisor,,,,福井市,福井市 学習塾 Webマーケティング -おすすめ -比較 -ランキング -求人 -まとめ
一般社団法人DAISUKI,https://daisuki-gokigen.jp/overview/,,,,福井市,福井市 学習塾 Webマーケティング -おすすめ -比較 -ランキング -求人 -まとめ
imagine高等学院,https://imagine1.jp/,,,,福井市,福井市 学習塾 Webマーケティング -おすすめ -比較 -ランキング -求人 -まとめ
小野 秀一郎,https://www.tokyotourism-onestop.jp/advisor/detail/adviser_58.html,,,,福井市,福井市 ホテル 集客支援会社 -おすすめ -比較 -ランキング -求人 -まとめ
福井市 様 動画 プロモーション 事例―担当者・来丸様インタビュー,https://japan-guide.co.jp/blog/interview-fukui-city/,,,,福井市,福井市 地域プロモーション会社 -おすすめ -比較 -ランキング -求人 -まとめ
ABOUT US 会社 概要,https://www.fukuihmd.co.jp/aboutus/,,,,福井市,福井市 地域プロモーション会社 -おすすめ -比較 -ランキング -求人 -まとめ
実績のご紹介,https://www.grna.jp/results/index.html,,,,福井市,福井市 広告代理店 中小企業向け -おすすめ -比較 -ランキング -求人 -まとめ
Webマーケティング代行・Web 広告 運用代行は株式会社TONOSAMA,https://tono-webmarketing.com/,,,,福井市,福井市 広告代理店 中小企業向け -おすすめ -比較 -ランキング -求人 -まとめ
山口忠洋,https://yorozu-fukui.go.jp/wp-content/uploads/2025/06/06_yamaguchi.pdf,,,,福井市,福井市 広告代理店 中小企業向け -おすすめ -比較 -ランキング -求人 -まとめ
会社案内,https://www.eyasaka.jp/corporate.html,,,,福井市,福井市 広告代理店 中小企業向け -おすすめ -比較 -ランキング -求人 -まとめ
福井 銀行とスタディストが 地域企業 のデジタル化支援で提携,https://studist.jp/news/pr_240827,,,,福井市,福井市 Webコンサルティング 地域企業 -おすすめ -比較 -ランキング -求人 -まとめ
一般社団法人 福井 県経営品質協議会,https://www.jqac.com/community/fukui/,,,,福井市,福井市 Webコンサルティング 地域企業 -おすすめ -比較 -ランキング -求人 -まとめ
企業 紹介（ 福井 県）,https://www.hokukei.or.jp/contents/book/kigyo_fukui.html,,,,福井市,福井市 Webコンサルティング 地域企業 -おすすめ -比較 -ランキング -求人 -まとめ
附属テクニカルイノベーション共創センター,https://hisac.u-fukui.ac.jp/facility-use/openrd/,,,,福井市,福井市 Webコンサルティング 地域企業 -おすすめ -比較 -ランキング -求人 -まとめ
"CMSホームページ制作・構築の事例( 長野 県, 長野 ,松本市,松本,他 ...",https://www.akibare.ne.jp/area/nagano.asp,,,,長野市,長野市 歯科 集客支援会社 -おすすめ -比較 -ランキング -求人 -まとめ
KettyBot活用事例 平沢 歯科 様,https://www.elmo.co.jp/wp/wp-content/uploads/hirasawa-dental-clinic_231010.pdf,,,,長野市,長野市 歯科 集客支援会社 -おすすめ -比較 -ランキング -求人 -まとめ
長野市 ポータルサイト、登録サービスを正式リリース！,https://www.dreamnews.jp/press/0000076220,,,,長野市,長野市 歯科 集客支援会社 -おすすめ -比較 -ランキング -求人 -まとめ
医療 機関・クリニック向けホームページ制作ならイー・オフィス,https://e-office.gr.jp/medical/,,,,長野市,長野市 医療 Webマーケティング会社 -おすすめ -比較 -ランキング -求人 -まとめ
会社 案内,https://www.aily-lab.co.jp/company/,,,,長野市,長野市 医療 Webマーケティング会社 -おすすめ -比較 -ランキング -求人 -まとめ
MG株式 会社,https://www.mg-inc.net/,,,,長野市,長野市 飲食店 販促支援会社 -おすすめ -比較 -ランキング -求人 -まとめ
乗車券 半額,https://bar.nagano.jp/wp-content/uploads/2024/09/nagano_soto_a3-1.pdf,,,,長野市,長野市 飲食店 販促支援会社 -おすすめ -比較 -ランキング -求人 -まとめ
なから長野駅前(長野県 長野市 の就労継続 支援 A型事業所)の詳細情報,https://snabi.jp/facility/24555,,,,長野市,長野市 飲食店 販促支援会社 -おすすめ -比較 -ランキング -求人 -まとめ
会社 情報,https://potela.co.jp/company/,,,,長野市,長野市 美容業界 販促支援会社 -おすすめ -比較 -ランキング -求人 -まとめ
一般財団法人ブランド・マネージャー認定協会のご案内,https://www.brand-mgr.org/pamphlet/pageindices/index9.html,,,,長野市,長野市 美容業界 販促支援会社 -おすすめ -比較 -ランキング -求人 -まとめ
長野 県中小企業エネルギーコスト削減助成金（令和5年度） 助成 ...,https://www.pref.nagano.lg.jp/keieishien/documents/r5jyoseijigyousya2151.pdf,,,,長野市,長野市 美容業界 販促支援会社 -おすすめ -比較 -ランキング -求人 -まとめ
広告デザイン制作,https://tone-branding.jp/branding-design/advertisement/,,,,長野市,長野市 住宅会社 マーケティング支援 -おすすめ -比較 -ランキング -求人 -まとめ
セミナー,https://atfnagano.co.jp/seminar/,,,,長野市,長野市 住宅会社 マーケティング支援 -おすすめ -比較 -ランキング -求人 -まとめ
ものづくり マーケティング スキル向上セミナー（ マーケティング ...,https://www.nice-o.or.jp/support/support-72031/,,,,長野市,長野市 住宅会社 マーケティング支援 -おすすめ -比較 -ランキング -求人 -まとめ
ホクシンハウス株式 会社 のSalesforce導入 支援 事例,https://atsumel.jp/use_cases/15,,,,長野市,長野市 住宅会社 マーケティング支援 -おすすめ -比較 -ランキング -求人 -まとめ
運営 会社,https://docoreno-naganonorth.jp/about/,,,,長野市,長野市 住宅会社 マーケティング支援 -おすすめ -比較 -ランキング -求人 -まとめ
おでかけパスポートとは,https://www.city.nagano.nagano.jp/n101000/contents/p005879.html,,,,長野市,長野市 住宅会社 マーケティング支援 -おすすめ -比較 -ランキング -求人 -まとめ
事業内容,https://shimi-jyu.com/service/,,,,長野市,長野市 工務店 集客支援会社 -おすすめ -比較 -ランキング -求人 -まとめ
船井総合研究所 士業 総合の経営コンサルティング: 成長戦略、AI ...,https://samurai271.funaisoken.co.jp/,,,,長野市,長野市 士業 Web集客支援 -おすすめ -比較 -ランキング -求人 -まとめ
会社情報,https://soleil-creative-consulting.co.jp/company/,,,,長野市,長野市 士業 Web集客支援 -おすすめ -比較 -ランキング -求人 -まとめ
ウェブ サイトの効果的活用で売上を 「グッとアップ」させる株式 ...,https://bmn.jkeiei.co.jp/1488,,,,長野市,長野市 士業 Web集客支援 -おすすめ -比較 -ランキング -求人 -まとめ
SNS活用の最前線と効果的な Webマーケティング セミナー,https://www.nagano-cci.or.jp/seminar-list/20233440.html,,,,長野市,長野市 学習塾 Webマーケティング -おすすめ -比較 -ランキング -求人 -まとめ
スクール紹介,https://purepc.jp/feature,,,,長野市,長野市 学習塾 Webマーケティング -おすすめ -比較 -ランキング -求人 -まとめ
水野泰雄さん有限会社デザインルームエム代表取締役・ 長野 ...,https://shinshu-sogyo.com/digital-school-docent/mizuno-yasuo/,,,,長野市,長野市 学習塾 Webマーケティング -おすすめ -比較 -ランキング -求人 -まとめ
【 ウェブ 塾】のご案内,https://otayorikoubou.com/webjyuku/,,,,長野市,長野市 学習塾 Webマーケティング -おすすめ -比較 -ランキング -求人 -まとめ
ながのシティ プロモーション,https://nagano-citypromotion.com/,,,,長野市,長野市 地域プロモーション会社 -おすすめ -比較 -ランキング -求人 -まとめ
地域プロモーション 支援,https://www.kashiyo.co.jp/project/case4.php,,,,長野市,長野市 地域プロモーション会社 -おすすめ -比較 -ランキング -求人 -まとめ
ブランディング プロモーション 推進事業の支援業務 ...,https://www.city.kawachinagano.lg.jp/soshiki/33/113159.html,,,,長野市,長野市 地域プロモーション会社 -おすすめ -比較 -ランキング -求人 -まとめ
企業情報,https://eternal-story.com/about/,,,,長野市,長野市 地域プロモーション会社 -おすすめ -比較 -ランキング -求人 -まとめ
TXデザイン部,https://www.nagano-tabi.net/service/txdesign/,,,,長野市,長野市 地域プロモーション会社 -おすすめ -比較 -ランキング -求人 -まとめ
2025年7月,https://nagano-ryokanhotel.com/2025/07/,,,,長野市,長野市 ホテル 集客支援会社 -おすすめ -比較 -ランキング -求人 -まとめ
事業内容,https://dreamhotel.co.jp/business/,,,,長野市,長野市 ホテル 集客支援会社 -おすすめ -比較 -ランキング -求人 -まとめ
運営受託,https://costage.co.jp/about/,,,,長野市,長野市 ホテル 集客支援会社 -おすすめ -比較 -ランキング -求人 -まとめ
株式 会社 やどはく,https://www.nagano-cgc.or.jp/cms/wp-content/uploads/%E2%91%A8%E3%82%84%E3%81%A9%E3%81%AF%E3%81%8F.pdf,,,,長野市,長野市 ホテル 集客支援会社 -おすすめ -比較 -ランキング -求人 -まとめ
オーガニックリゾートコンサルタント株式 会社 ホテル 旅館及び温泉 ...,https://www.organic-resort.co.jp/pdf/orc_pamphlet.pdf,,,,長野市,長野市 ホテル 集客支援会社 -おすすめ -比較 -ランキング -求人 -まとめ
長野 技研コンサルタント株式会社（公式 ホームページ ）,https://ngc-kk.jp/,,,,長野市,長野市 Webコンサルティング 地域企業 -おすすめ -比較 -ランキング -求人 -まとめ
人材ビジネス事業者,https://www.nagano-pro.com/jigyosyalist.html,,,,長野市,長野市 Webコンサルティング 地域企業 -おすすめ -比較 -ランキング -求人 -まとめ
企業 理念  株式会社トビラ,http://tobira.sun.bindcloud.jp/tobia/philosophy.html,,,,長野市,長野市 Webコンサルティング 地域企業 -おすすめ -比較 -ランキング -求人 -まとめ
新着情報,http://www.abc-ad.co.jp/news/,,,,長野市,長野市 広告代理店 中小企業向け -おすすめ -比較 -ランキング -求人 -まとめ
私たちについて,https://www.d1k-c.jp/company.html,,,,長野市,長野市 広告代理店 中小企業向け -おすすめ -比較 -ランキング -求人 -まとめ
長野 エリア アーカイブ,https://www.shukatsu-nagano.jp/company_info/company_area/company_area02,,,,長野市,長野市 広告代理店 中小企業向け -おすすめ -比較 -ランキング -求人 -まとめ
ライブ配信サービス,https://www.nicco-kk.co.jp/pickup/%E3%83%A9%E3%82%A4%E3%83%96%E9%85%8D%E4%BF%A1%E3%82%B5%E3%83%BC%E3%83%93%E3%82%B9/,,,,長野市,長野市 広告代理店 中小企業向け -おすすめ -比較 -ランキング -求人 -まとめ
松本市 実施計画 第52号,https://www.city.matsumoto.nagano.jp/uploaded/attachment/55050.pdf,,,,松本市,松本市 歯科 集客支援会社 -おすすめ -比較 -ランキング -求人 -まとめ
PROMISE,https://dental-designlab.jp/about/promise/,,,,松本市,松本市 歯科 集客支援会社 -おすすめ -比較 -ランキング -求人 -まとめ
2024レ2025,https://ma-kyousaikai.zenpuku.or.jp/wp-content/uploads/files/PDF/2024guidebook.pdf,,,,松本市,松本市 歯科 集客支援会社 -おすすめ -比較 -ランキング -求人 -まとめ
WEB ・印刷物のデザイン制作,https://www.prart.co.jp/design/,,,,松本市,松本市 医療 Webマーケティング会社 -おすすめ -比較 -ランキング -求人 -まとめ
社会 医療 法人 大雄会 ブランディング,https://www.lincom.co.jp/works/creative/branding/daiyukai/,,,,松本市,松本市 医療 Webマーケティング会社 -おすすめ -比較 -ランキング -求人 -まとめ
ホームページ制作・保守・管理お任せ,https://gwave.jp/web/,,,,松本市,松本市 医療 Webマーケティング会社 -おすすめ -比較 -ランキング -求人 -まとめ
松本 卓 Executive Director / 理事,https://hospital-marketing.jp/program-blog/presenter-blog2018/s_matsumoto/,,,,松本市,松本市 医療 Webマーケティング会社 -おすすめ -比較 -ランキング -求人 -まとめ
主な事業内容 所在地 東京都 温浴施設メンテナンス 東京都千代田区 ...,https://japan-spa.org/wp-content/uploads/2025/07/20250722%E5%85%A8%E5%9B%BD%E6%B8%A9%E6%B5%B4%E6%96%BD%E8%A8%AD%E5%8D%94%E4%BC%9A_%E8%B3%9B%E5%8A%A9%E4%BC%9A%E5%93%A1%E5%90%8D%E7%B0%BF%EF%BC%8825%E5%B9%B47%E6%9C%881%E6%97%A5%EF%BC%89.pdf,,,,松本市,松本市 美容業界 販促支援会社 -おすすめ -比較 -ランキング -求人 -まとめ
飲食業プロデュース,https://out-put.co.jp/,,,,松本市,松本市 飲食店 販促支援会社 -おすすめ -比較 -ランキング -求人 -まとめ
平成26年度 松本 商工会議所事業計画,https://www.mcci.jp/wp-content/uploads/2015/02/keikaku_2014.pdf,,,,松本市,松本市 飲食店 販促支援会社 -おすすめ -比較 -ランキング -求人 -まとめ
業務効率を向上しつつ、美しい映像を効果的に投影できる！設置 ...,https://nicemobile.jp/information/230720/,,,,松本市,松本市 飲食店 販促支援会社 -おすすめ -比較 -ランキング -求人 -まとめ
【プロ紹介】LINEマーケター／ 松本 みきさん,https://www.port.soa-r.net/post/miki-matsumoto,,,,松本市,松本市 飲食店 販促支援会社 -おすすめ -比較 -ランキング -求人 -まとめ
経営相談（無料）アドバイザー（専門家）紹介,https://www.hirakata-kassei.jp/keiei/advisor/,,,,松本市,松本市 飲食店 販促支援会社 -おすすめ -比較 -ランキング -求人 -まとめ
店舗設計 姫路,https://koyolinks.com/,,,,松本市,松本市 工務店 集客支援会社 -おすすめ -比較 -ランキング -求人 -まとめ
うえがね庭苑様 ホームぺージ制作,https://on-create.jp/case-study/1787/,,,,松本市,松本市 工務店 集客支援会社 -おすすめ -比較 -ランキング -求人 -まとめ
広報ツール制作,https://chiikino.jp/consulting/category/tool/,,,,松本市,松本市 工務店 集客支援会社 -おすすめ -比較 -ランキング -求人 -まとめ
プライバシーポリシー,https://www.century21nagano.jp/privacy,,,,松本市,松本市 住宅会社 マーケティング支援 -おすすめ -比較 -ランキング -求人 -まとめ
リンク集,https://alive-llc.com/pg2973663.html,,,,松本市,松本市 住宅会社 マーケティング支援 -おすすめ -比較 -ランキング -求人 -まとめ
2025年11月13日開催：地域ビルダーのための受注獲得戦略会議,https://shinken-eventandseminar.jp/archives/11698,,,,松本市,松本市 住宅会社 マーケティング支援 -おすすめ -比較 -ランキング -求人 -まとめ
個別指導塾・予備校プリマ,https://cramschoolprima.com/,,,,松本市,松本市 学習塾 Webマーケティング -おすすめ -比較 -ランキング -求人 -まとめ
台湾パイン産業から見る国際 マーケティング,https://www.matsumoto-u.ac.jp/video/video30809.php,,,,松本市,松本市 学習塾 Webマーケティング -おすすめ -比較 -ランキング -求人 -まとめ
士業 ・コンサルタント関連,http://www.akibarehp.jp/hpin_4.asp,,,,松本市,松本市 士業 Web集客支援 -おすすめ -比較 -ランキング -求人 -まとめ
8月,https://www.souzoku-kyoukai.com/wp-content/uploads/2017/08/309a261dd1b3d0e5d9ebc8f2ea6afd14.pdf,,,,松本市,松本市 士業 Web集客支援 -おすすめ -比較 -ランキング -求人 -まとめ
28歳で独立、相続に特化。不動産・終活事業も展開する女性税理士 ...,https://www.tac-school.co.jp/tacnewsweb/professional/pro202601.html,,,,松本市,松本市 士業 Web集客支援 -おすすめ -比較 -ランキング -求人 -まとめ
株式 会社ホテル 白樺荘,https://matsumoto.city/company_index/034-shirakabaso/,,,,松本市,松本市 ホテル 集客支援会社 -おすすめ -比較 -ランキング -求人 -まとめ
AMWORKS l ホテル ・旅館・リゾートのコンサルティングは経験 ...,https://www.amworks.jp/,,,,松本市,松本市 ホテル 集客支援会社 -おすすめ -比較 -ランキング -求人 -まとめ
ホーム,https://www.oyadooen.com/blank,,,,松本市,松本市 ホテル 集客支援会社 -おすすめ -比較 -ランキング -求人 -まとめ
観光 プロモーション 動画,https://sankaku-do.co.jp/tourism,,,,松本市,松本市 地域プロモーション会社 -おすすめ -比較 -ランキング -求人 -まとめ
Company,https://shinshu.miraidukuri.jp/company/,,,,松本市,松本市 地域プロモーション会社 -おすすめ -比較 -ランキング -求人 -まとめ
これからの 松本 広域観光について,https://www.m-kouiki.or.jp/wp-content/uploads/2023/12/f32668c94f354f48a0e5f0eb9e162099.pdf,,,,松本市,松本市 地域プロモーション会社 -おすすめ -比較 -ランキング -求人 -まとめ
自治体アンテナショップ情報交換会 開催実績,https://www.jcrd.jp/support/4c8a4d82dbae15c8236afdbceb1c43ae8a2f415f.pdf,,,,松本市,松本市 地域プロモーション会社 -おすすめ -比較 -ランキング -求人 -まとめ
BM認定協会,https://www.bm-award.org/point/29/,,,,松本市,松本市 地域プロモーション会社 -おすすめ -比較 -ランキング -求人 -まとめ
シンガポールで 松本 の観光 プロモーション,https://www.clair.or.jp/j/forum/c_mailmagazine/201010/2-2.pdf,,,,松本市,松本市 地域プロモーション会社 -おすすめ -比較 -ランキング -求人 -まとめ
信州100年 企業 創出プログラム,https://www.shinshu-u.ac.jp/project/100nen_kigyo/news_imges/89426af5998360313f45f0aab5f4ebcd.pdf,,,,松本市,松本市 広告代理店 中小企業向け -おすすめ -比較 -ランキング -求人 -まとめ
広報へきなん・市ホームページの 広告代理店 募集,https://www.city.hekinan.lg.jp/soshiki/soumu/hishoka/public_relations/2/5867.html,,,,松本市,松本市 広告代理店 中小企業向け -おすすめ -比較 -ランキング -求人 -まとめ
WEBコンサルティング,https://www.jobcafe-shinshu.pref.nagano.lg.jp/webconsul,,,,松本市,松本市 Webコンサルティング 地域企業 -おすすめ -比較 -ランキング -求人 -まとめ
甲府市 事務分掌規則,https://www1.g-reiki.net/kofu/reiki_honbun/e602RG00000072.html,,,,甲府市,甲府市 歯科 集客支援会社 -おすすめ -比較 -ランキング -求人 -まとめ
“地域活性化へ”官民連携事業の 支援 を決定,https://www.ktr.mlit.go.jp/kisha/kisha_00619.pdf,,,,甲府市,甲府市 歯科 集客支援会社 -おすすめ -比較 -ランキング -求人 -まとめ
VENTFORET KOFU,https://www.ventforet.jp/club/pdf/htr2019.pdf,,,,甲府市,甲府市 歯科 集客支援会社 -おすすめ -比較 -ランキング -求人 -まとめ
エリア マーケティング チーム,https://www.media-b.com/area-marketing-team/,,,,甲府市,甲府市 医療 Webマーケティング会社 -おすすめ -比較 -ランキング -求人 -まとめ
山梨県物品等入札参加資格者名簿,https://www.pref.yamanashi.jp/documents/98430/260630.pdf,,,,甲府市,甲府市 医療 Webマーケティング会社 -おすすめ -比較 -ランキング -求人 -まとめ
動画撮影,https://c3dinc.com/tag/%E5%8B%95%E7%94%BB%E6%92%AE%E5%BD%B1/,,,,甲府市,甲府市 医療 Webマーケティング会社 -おすすめ -比較 -ランキング -求人 -まとめ
中小企業と組合・やまなし,https://www.chuokai-yamanashi.or.jp/1_siru/5_katsudou.html,,,,甲府市,甲府市 美容業界 販促支援会社 -おすすめ -比較 -ランキング -求人 -まとめ
企業のあり方が大きく変わったウィズ・コロナ時代の 美容業界 を ...,https://www.esthe.news/posts/39033,,,,甲府市,甲府市 美容業界 販促支援会社 -おすすめ -比較 -ランキング -求人 -まとめ
①チャレンジサイト（内閣府）,https://www.gender.go.jp/kaigi/senmon/kihon/kihon_eikyou/pdf/jirerep_sankou_02.pdf,,,,甲府市,甲府市 美容業界 販促支援会社 -おすすめ -比較 -ランキング -求人 -まとめ
【診断広告とは？】ビジプリ 販促 ・マーケ用語集,https://visipri.com/marketing-dictionary/1166-DiagnosticAdvertising.php?srsltid=AfmBOoqY7TKKrzDNEevPX9YaPjKhPfJMiloTsiORIS-x9skYPSBDNcDx,,,,甲府市,甲府市 美容業界 販促支援会社 -おすすめ -比較 -ランキング -求人 -まとめ
アルプスPPSお客様事例集,https://alps-pps.co.jp/case/?srsltid=AfmBOoqRsQhANUMiiLVgsJn4k8ZsYkaxaBN24hUCVPRZCYvz0OBcG4X9,,,,甲府市,甲府市 美容業界 販促支援会社 -おすすめ -比較 -ランキング -求人 -まとめ
事業内容 – 山梨県 甲府市 中小企業ブランディングはメディアデコ ...,https://mediadeco.net/work/,,,,甲府市,甲府市 飲食店 販促支援会社 -おすすめ -比較 -ランキング -求人 -まとめ
内藤 一,https://itc-yamanashi.jp/member/name-7/,,,,甲府市,甲府市 飲食店 販促支援会社 -おすすめ -比較 -ランキング -求人 -まとめ
地域,https://www.33bank.co.jp/33ir/professional/innovsc_gaiyou.pdf,,,,甲府市,甲府市 飲食店 販促支援会社 -おすすめ -比較 -ランキング -求人 -まとめ
飲食店 の出店をお考えの方、お酒の仕入れは山梨のマツムラ酒販へ,http://www.matsumura-shuhan.jp/support/start.html,,,,甲府市,甲府市 飲食店 販促支援会社 -おすすめ -比較 -ランキング -求人 -まとめ
安野 克巳,https://www.shindan-yamanashi.com/shindanshi/%E5%AE%89%E9%87%8E-%E5%85%8B%E5%B7%B3/,,,,甲府市,甲府市 飲食店 販促支援会社 -おすすめ -比較 -ランキング -求人 -まとめ
業務内容,https://www.agust.co.jp/wp/service/,,,,甲府市,甲府市 飲食店 販促支援会社 -おすすめ -比較 -ランキング -求人 -まとめ
戸建事業,https://www.nanaho.co.jp/business/craftsman/,,,,甲府市,甲府市 住宅会社 マーケティング支援 -おすすめ -比較 -ランキング -求人 -まとめ
プライバシーポリシー,https://www.nishikofu.co.jp/privacy-policy,,,,甲府市,甲府市 住宅会社 マーケティング支援 -おすすめ -比較 -ランキング -求人 -まとめ
5分でわかるUNIIDEO,https://uniideo.com/fiveuniideo/,,,,甲府市,甲府市 住宅会社 マーケティング支援 -おすすめ -比較 -ランキング -求人 -まとめ
株式 会社 JRC,https://japan-rc.co.jp/,,,,甲府市,甲府市 住宅会社 マーケティング支援 -おすすめ -比較 -ランキング -求人 -まとめ
2025年度アントレプレナーチャレンジ体験レポート,https://www.city.kofu.yamanashi.jp/nadeshiko-plus/job/kigyoshien/entrechallenge/2025repo.html,,,,甲府市,甲府市 住宅会社 マーケティング支援 -おすすめ -比較 -ランキング -求人 -まとめ
導入事例,https://campage.jp/cocolive/case_studies_collection,,,,甲府市,甲府市 工務店 集客支援会社 -おすすめ -比較 -ランキング -求人 -まとめ
住宅フランチャイズ加盟店募集,https://www.acehome.co.jp/afc/gtcbq100000007og,,,,甲府市,甲府市 工務店 集客支援会社 -おすすめ -比較 -ランキング -求人 -まとめ
売上が上がる仕組み作りができる,https://high-grade-h.com/s1.html,,,,甲府市,甲府市 工務店 集客支援会社 -おすすめ -比較 -ランキング -求人 -まとめ
起業者の方へ！『 士業 と気軽に話そう！』開催,https://mibaraki.com/seminar02,,,,甲府市,甲府市 士業 Web集客支援 -おすすめ -比較 -ランキング -求人 -まとめ
マーケティング 部,https://www.kchs.city.kofu.yamanashi.jp/seitokai/bukatsudo/marketing/,,,,甲府市,甲府市 学習塾 Webマーケティング -おすすめ -比較 -ランキング -求人 -まとめ
WEB 集客オンラインスクール,https://rearcs.net/online-school/,,,,甲府市,甲府市 学習塾 Webマーケティング -おすすめ -比較 -ランキング -求人 -まとめ
職業訓練のご案内,https://ycca.jp/school/kunren,,,,甲府市,甲府市 学習塾 Webマーケティング -おすすめ -比較 -ランキング -求人 -まとめ
新個別 学習塾 ジャンプアップラボ,https://www.jumpup-lab.com/,,,,甲府市,甲府市 学習塾 Webマーケティング -おすすめ -比較 -ランキング -求人 -まとめ
マーケティング,https://jmty.jp/yamanashi/les-oth/article-1bd4hg?srsltid=AfmBOorcAZbXsShqAS_eZz1Eu56r5KDy8rv9HzNC71C7e8FobjbDbzTz,,,,甲府市,甲府市 学習塾 Webマーケティング -おすすめ -比較 -ランキング -求人 -まとめ
創業セミナー（4日間コース）,https://kofucci.or.jp/seminar/20260620/,,,,甲府市,甲府市 学習塾 Webマーケティング -おすすめ -比較 -ランキング -求人 -まとめ
シティ ホテル が直面する課題,https://akatukikantei.wordpress.com/2015/09/24/%E3%82%B7%E3%83%86%E3%82%A3%E3%83%9B%E3%83%86%E3%83%AB%E3%81%8C%E7%9B%B4%E9%9D%A2%E3%81%99%E3%82%8B%E8%AA%B2%E9%A1%8C/,,,,甲府市,甲府市 ホテル 集客支援会社 -おすすめ -比較 -ランキング -求人 -まとめ
山梨日日新聞社 地域プロモーション 部,https://www.mapion.co.jp/phonebook/M10016/19201/21930889766/,,,,甲府市,甲府市 地域プロモーション会社 -おすすめ -比較 -ランキング -求人 -まとめ
ふるさと財団「 地域 再生マネージャー」情報,https://www.furusato-zaidan.or.jp/wp-content/uploads/2023/09/43nemoto.minoru.pdf,,,,甲府市,甲府市 地域プロモーション会社 -おすすめ -比較 -ランキング -求人 -まとめ
PR 活動,https://www.ycc.co.jp/company/pr.html,,,,甲府市,甲府市 地域プロモーション会社 -おすすめ -比較 -ランキング -求人 -まとめ
株式会社 山梨ニューメディアセンター,https://www.kofu-sangyo.jp/post_comsearch/1773,,,,甲府市,甲府市 広告代理店 中小企業向け -おすすめ -比較 -ランキング -求人 -まとめ
観光協会会員 企業,https://kofu-tourism.com/feature/Campany/1,,,,甲府市,甲府市 広告代理店 中小企業向け -おすすめ -比較 -ランキング -求人 -まとめ
山梨県 甲府市 で税理士をお探しなら辻・本郷 税理士法人 甲府事務所へ,https://www.ht-tax.or.jp/branch_chubu/kofu/,,,,甲府市,甲府市 広告代理店 中小企業向け -おすすめ -比較 -ランキング -求人 -まとめ
BRUSH,https://brush-llc.com/,,,,甲府市,甲府市 広告代理店 中小企業向け -おすすめ -比較 -ランキング -求人 -まとめ
NEWS RELEASE 富    ・アルプス アライアンス,https://bank.82group.jp/file.jsp?id=release/2025/pdf/news20250613.pdf,,,,甲府市,甲府市 Webコンサルティング 地域企業 -おすすめ -比較 -ランキング -求人 -まとめ
ランディングページ（LP）制作,https://nissenpartners.co.jp/works_action/works_action-018/,,,,水戸市,水戸市 歯科 集客支援会社 -おすすめ -比較 -ランキング -求人 -まとめ
エリア,https://www.h-g-p.jp/property/property-cat/area/,,,,水戸市,水戸市 歯科 集客支援会社 -おすすめ -比較 -ランキング -求人 -まとめ
NAOMI-CTでお馴染みの（株）アールエフ 茨城地域担当レップです。,https://www.alpha-rep.com/naomi-ct%E3%81%A7%E3%81%8A%E9%A6%B4%E6%9F%93%E3%81%BF%E3%81%AE%EF%BC%88%E6%A0%AA%EF%BC%89%E3%82%A2%E3%83%BC%E3%83%AB%E3%82%A8%E3%83%95%E3%80%80%E8%8C%A8%E5%9F%8E%E5%9C%B0%E5%9F%9F%E6%8B%85%E5%BD%93,,,,水戸市,水戸市 歯科 集客支援会社 -おすすめ -比較 -ランキング -求人 -まとめ
単位合,https://www.ibaraki.med.or.jp/home/wp-content/uploads/18ff7a35aa849b1f55ac03844e9395be-11.pdf,,,,水戸市,水戸市 医療 Webマーケティング会社 -おすすめ -比較 -ランキング -求人 -まとめ
セミナープログラム,https://www.care-show.com/wp-content/uploads/CSJ2025_Seminar.pdf,,,,水戸市,水戸市 医療 Webマーケティング会社 -おすすめ -比較 -ランキング -求人 -まとめ
SNSを活用したデジタル マーケティング,https://clinicstation.jp/column/1713,,,,水戸市,水戸市 医療 Webマーケティング会社 -おすすめ -比較 -ランキング -求人 -まとめ
専門家データベース【マーケティング】,https://www.iis-net.or.jp/senmonkaDB/market.html,,,,水戸市,水戸市 美容業界 販促支援会社 -おすすめ -比較 -ランキング -求人 -まとめ
中小商業や商店街の活性化を図るためには,https://ami-shoko.com/wp-content/uploads/2019/03/20180911_43-0.pdf,,,,水戸市,水戸市 美容業界 販促支援会社 -おすすめ -比較 -ランキング -求人 -まとめ
会社 概要,https://agate.work/company/,,,,水戸市,水戸市 美容業界 販促支援会社 -おすすめ -比較 -ランキング -求人 -まとめ
取引実績,https://www.fanmaking.com/trading-performance/,,,,水戸市,水戸市 美容業界 販促支援会社 -おすすめ -比較 -ランキング -求人 -まとめ
mito@inetcci.or.jp,https://mito.inetcci.or.jp/mailmagazine/log/398/index.html,,,,水戸市,水戸市 美容業界 販促支援会社 -おすすめ -比較 -ランキング -求人 -まとめ
満席FAX,https://www.mansekifax.com/,,,,水戸市,水戸市 飲食店 販促支援会社 -おすすめ -比較 -ランキング -求人 -まとめ
トレタと凸版印刷、 飲食店 向けDX事業の創出を目指し資本業務提携 ...,https://digital-shift.jp/flash_news/FN210518_3,,,,水戸市,水戸市 飲食店 販促支援会社 -おすすめ -比較 -ランキング -求人 -まとめ
[株式 会社 あけぼの印刷社] 店内 販促 物,https://www.joyobank.co.jp/enterpri/monozukuri/2021/598.html,,,,水戸市,水戸市 飲食店 販促支援会社 -おすすめ -比較 -ランキング -求人 -まとめ
繁盛店の成功事例 4ページ目（91件～120件）,https://pro.gnavi.co.jp/case/?p=4,,,,水戸市,水戸市 飲食店 販促支援会社 -おすすめ -比較 -ランキング -求人 -まとめ
創業,https://www.icgc.or.jp/wp/wp-content/uploads/2024/12/b8331fd22db0801f4e8e4b7892267406.pdf,,,,水戸市,水戸市 飲食店 販促支援会社 -おすすめ -比較 -ランキング -求人 -まとめ
茨城セキスイハイムのメルマガ制作 支援 ・メール配信システム導入 ...,https://www.webcas.jp/newsrelease/news360/,,,,水戸市,水戸市 住宅会社 マーケティング支援 -おすすめ -比較 -ランキング -求人 -まとめ
プライバシーポリシー,https://www.sp-mito.com/privacy/,,,,水戸市,水戸市 住宅会社 マーケティング支援 -おすすめ -比較 -ランキング -求人 -まとめ
株式 会社 ファーストステージ 様,https://inomarketino.com/gallery/%E6%A0%AA%E5%BC%8F%E4%BC%9A%E7%A4%BE%E3%83%95%E3%82%A1%E3%83%BC%E3%82%B9%E3%83%88%E3%82%B9%E3%83%86%E3%83%BC%E3%82%B8-%E6%A7%98/,,,,水戸市,水戸市 住宅会社 マーケティング支援 -おすすめ -比較 -ランキング -求人 -まとめ
ビジネスステーション21とは,https://www.bs21.jp/about-bs,,,,水戸市,水戸市 住宅会社 マーケティング支援 -おすすめ -比較 -ランキング -求人 -まとめ
医院開業 支援 SUPPORT,https://bellclan.co.jp/support/index.html,,,,水戸市,水戸市 住宅会社 マーケティング支援 -おすすめ -比較 -ランキング -求人 -まとめ
一条 工務店,https://postingmirai.com/blog/tag/ichijo-construction-company,,,,水戸市,水戸市 工務店 集客支援会社 -おすすめ -比較 -ランキング -求人 -まとめ
株式 会社 パネットホーム編集者 「日向 美香」,https://www.r-plus-h.com/editors/169,,,,水戸市,水戸市 工務店 集客支援会社 -おすすめ -比較 -ランキング -求人 -まとめ
最強の現場営業指導: 半澤氏の 支援 実績,https://imply.jp/seminar/images/shokaiou_A3.pdf,,,,水戸市,水戸市 工務店 集客支援会社 -おすすめ -比較 -ランキング -求人 -まとめ
店舗／オフィスの設計デザインなら明日家デザイン工房,https://asuka-studio.co.jp/commercial/,,,,水戸市,水戸市 工務店 集客支援会社 -おすすめ -比較 -ランキング -求人 -まとめ
創業の思いの原点に立ち返った「営業手法」の秘訣,https://www.yorozu-ibaraki.go.jp/strapi/uploads/yorozu_Seminar_satou0522_88417c387d.pdf,,,,水戸市,水戸市 士業 Web集客支援 -おすすめ -比較 -ランキング -求人 -まとめ
講師実績,https://pc-mito.com/koushi/,,,,水戸市,水戸市 学習塾 Webマーケティング -おすすめ -比較 -ランキング -求人 -まとめ
江戸カルチャーセンター日本語学校パンフレット（日本語英語版）,https://www.edocul.com/dp/jp/pageindices/index15.html,,,,水戸市,水戸市 学習塾 Webマーケティング -おすすめ -比較 -ランキング -求人 -まとめ
会社概要,https://influhp.com/company-profile,,,,水戸市,水戸市 学習塾 Webマーケティング -おすすめ -比較 -ランキング -求人 -まとめ
兵庫県立神戸高等技術専門学院,https://sozosha-rs.jp/course/wp-content/uploads/2023/06/363df9ce92fae5477e26cd3dd6a8c128-1.pdf,,,,水戸市,水戸市 学習塾 Webマーケティング -おすすめ -比較 -ランキング -求人 -まとめ
鹿島セントラルビル（鹿島セントラル ホテル ）の譲渡先候補が ...,https://ibarakikengikai-komei.com/?p=1464,,,,水戸市,水戸市 ホテル 集客支援会社 -おすすめ -比較 -ランキング -求人 -まとめ
茨城県の経営者のもとで県外人材が副業し地域課題解決に挑む ...,https://etic.or.jp/news/2026/03/7134,,,,水戸市,水戸市 ホテル 集客支援会社 -おすすめ -比較 -ランキング -求人 -まとめ
Aumoローカルプラットフォーム,https://lpf.aumo.jp/,,,,水戸市,水戸市 ホテル 集客支援会社 -おすすめ -比較 -ランキング -求人 -まとめ
令和7年度 水 戸 市 観 光 審 議 会,https://www.city.mito.lg.jp/uploaded/attachment/62845.pdf,,,,水戸市,水戸市 地域プロモーション会社 -おすすめ -比較 -ランキング -求人 -まとめ
会社 概要,https://tokino.co.jp/company/,,,,水戸市,水戸市 地域プロモーション会社 -おすすめ -比較 -ランキング -求人 -まとめ
水戸市 のオープンデータへの取組みと 今後の展望,https://microgeodata.jp/pdf/mgd8/mgd8_3.pdf,,,,水戸市,水戸市 地域プロモーション会社 -おすすめ -比較 -ランキング -求人 -まとめ
会社概要,https://adesign.jp/company_overview/,,,,水戸市,水戸市 Webコンサルティング 地域企業 -おすすめ -比較 -ランキング -求人 -まとめ
コンサルティング 事業,https://www.udom.co.jp/service/consulting/index.html,,,,水戸市,水戸市 Webコンサルティング 地域企業 -おすすめ -比較 -ランキング -求人 -まとめ
特設サイト 「全国大会＆茨城PR」茨城県 中小企業 団体中央会様,https://f-bridge.net/work/work-118/,,,,水戸市,水戸市 広告代理店 中小企業向け -おすすめ -比較 -ランキング -求人 -まとめ
県庁舎内 広告 の募集,https://www.pref.ibaraki.jp/somu/kanzai/koyu/kokoku/kokokuh26/kokoku-gaiyoh26.html,,,,水戸市,水戸市 広告代理店 中小企業向け -おすすめ -比較 -ランキング -求人 -まとめ
首都圏 その他,https://k-medicalresearch.com/area/metropolitan_others/,,,,つくば市,つくば市 歯科 集客支援会社 -おすすめ -比較 -ランキング -求人 -まとめ
ブロックチェーン×マイナンバーカード×顔認証技術 ...,https://www.city.tsukuba.lg.jp/soshikikarasagasu/seisakuinnovationbudigitalseisakuka/gyomuannai/1/1008320.html,,,,つくば市,つくば市 歯科 集客支援会社 -おすすめ -比較 -ランキング -求人 -まとめ
歯科 サポート,https://shikasapo.net/,,,,つくば市,つくば市 歯科 集客支援会社 -おすすめ -比較 -ランキング -求人 -まとめ
会社 概要,https://www.tokyofuturestyle.com/corporate/about/,,,,つくば市,つくば市 医療 Webマーケティング会社 -おすすめ -比較 -ランキング -求人 -まとめ
医療 機関のプロモーション,https://www.bigfive.jp/business2/,,,,つくば市,つくば市 医療 Webマーケティング会社 -おすすめ -比較 -ランキング -求人 -まとめ
スパイラル、 つくば市 インターネット投票に関する受託事業の実施 ...,https://www.spiral-platform.co.jp/20260511/47824/,,,,つくば市,つくば市 医療 Webマーケティング会社 -おすすめ -比較 -ランキング -求人 -まとめ
CYBERDYNEアプリケーションに関するプライバシーポリシー,https://www.cyberdyne.jp/app/privacy,,,,つくば市,つくば市 医療 Webマーケティング会社 -おすすめ -比較 -ランキング -求人 -まとめ
会社 概要,https://media-creations.co.jp/company/,,,,つくば市,つくば市 医療 Webマーケティング会社 -おすすめ -比較 -ランキング -求人 -まとめ
卒業部員,https://tsukuba-impulse.com/%E5%8D%92%E6%A5%AD%E3%83%A1%E3%83%B3%E3%83%90%E3%83%BC/,,,,つくば市,つくば市 美容業界 販促支援会社 -おすすめ -比較 -ランキング -求人 -まとめ
会員情報,https://www.nice.or.jp/members,,,,つくば市,つくば市 美容業界 販促支援会社 -おすすめ -比較 -ランキング -求人 -まとめ
KENTO CO.LTD.,https://www.kento-co-ltd.com/company,,,,つくば市,つくば市 美容業界 販促支援会社 -おすすめ -比較 -ランキング -求人 -まとめ
会社 紹介,https://www.inshokuten-youhin.jp/html/company.html?srsltid=AfmBOorxtYBzdESL0v9U1Y-6lFapXmsjYNdYgKVTsG0I1mvFJqKUnsSZ,,,,つくば市,つくば市 飲食店 販促支援会社 -おすすめ -比較 -ランキング -求人 -まとめ
茨城県で、安全な食づくりの地域交流拠点をつくりたい,https://sakasama-fudosan.com/lessee/star-media/,,,,つくば市,つくば市 飲食店 販促支援会社 -おすすめ -比較 -ランキング -求人 -まとめ
飲食店 開業 支援 、看板、メニューデザインのアイプラス,https://ipls.jp/,,,,つくば市,つくば市 飲食店 販促支援会社 -おすすめ -比較 -ランキング -求人 -まとめ
ビジネス交流商談会セミナーの開催について,https://www.tsukubabank.co.jp/cms/article/fe16c15d422b7a80e70eb74aa7db9c9b36975e13/attachment.pdf,,,,つくば市,つくば市 飲食店 販促支援会社 -おすすめ -比較 -ランキング -求人 -まとめ
スタッフ紹介,https://www.kaitekihome.jp/staff/,,,,つくば市,つくば市 住宅会社 マーケティング支援 -おすすめ -比較 -ランキング -求人 -まとめ
つくば市 不動産売買・賃貸・建設・ 住宅 総合リフォーム工事,http://www.joyo.jp/corp.html,,,,つくば市,つくば市 住宅会社 マーケティング支援 -おすすめ -比較 -ランキング -求人 -まとめ
Company,https://sawan.ne.jp/company/,,,,つくば市,つくば市 住宅会社 マーケティング支援 -おすすめ -比較 -ランキング -求人 -まとめ
出展企業ピッチ,https://civicpower.jp/helloworld/hellobusiness-2025autumn/pitch/,,,,つくば市,つくば市 住宅会社 マーケティング支援 -おすすめ -比較 -ランキング -求人 -まとめ
つくば市 要元猿壁 新築戸建 4LDK,https://www.c21kwjh.jp/d08000900122010000007237,,,,つくば市,つくば市 住宅会社 マーケティング支援 -おすすめ -比較 -ランキング -求人 -まとめ
SIMPLE NOTE つくば スタジオ,https://www.headroom.jp/works/k-daishou.php,,,,つくば市,つくば市 工務店 集客支援会社 -おすすめ -比較 -ランキング -求人 -まとめ
工務店 のコーポレートサイト制作,https://feelbee.jp/works/6380,,,,つくば市,つくば市 工務店 集客支援会社 -おすすめ -比較 -ランキング -求人 -まとめ
,https://tsurutomanabi.com/,,,,つくば市,つくば市 学習塾 Webマーケティング -おすすめ -比較 -ランキング -求人 -まとめ
TCI創業スクール,https://www.tsukuba-tci.co.jp/wp/wp-content/uploads/2020/07/R2_school.pdf,,,,つくば市,つくば市 学習塾 Webマーケティング -おすすめ -比較 -ランキング -求人 -まとめ
つくば市 で塾をお探しなら 筑波精練会,https://www.seirenkai.net/,,,,つくば市,つくば市 学習塾 Webマーケティング -おすすめ -比較 -ランキング -求人 -まとめ
chatGPTについて学びました！,https://www.shinyugakuin.net/study/%E5%AD%A6%E6%A0%A1%E7%94%9F%E6%B4%BB%EF%BC%88%E7%89%B9%E5%88%A5%E6%B4%BB%E5%8B%95%EF%BC%89/%EF%BD%83%EF%BD%88%EF%BD%81%EF%BD%94gpt%E3%81%AB%E3%81%A4%E3%81%84%E3%81%A6%E5%AD%A6%E3%81%B3%E3%81%BE%E3%81%97%E3%81%9F%EF%BC%81/,,,,つくば市,つくば市 学習塾 Webマーケティング -おすすめ -比較 -ランキング -求人 -まとめ
トイロスタジオ,https://toirostudio.com/,,,,つくば市,つくば市 士業 Web集客支援 -おすすめ -比較 -ランキング -求人 -まとめ
つくば 市議会だより,https://tsukuba.gijiroku.com/voices/GikaiDoc/attach/Nittei/Nt1657_shiryo2gikaidayori186.pdf,,,,つくば市,つくば市 士業 Web集客支援 -おすすめ -比較 -ランキング -求人 -まとめ
つくば市 の補助金・資金調達 支援,https://tokyo-legaloffice.com/funding/ibaraki/tsukuba/,,,,つくば市,つくば市 士業 Web集客支援 -おすすめ -比較 -ランキング -求人 -まとめ
飲食店の Web集客 成功事例8件,https://www.cypress-all.co.jp/cases/industry/restaurant,,,,つくば市,つくば市 士業 Web集客支援 -おすすめ -比較 -ランキング -求人 -まとめ
都心の外国人旅行客を茨城に つくば で商談会 大手旅行 会社 に売り込み,https://newstsukuba.jp/2401/11/12/,,,,つくば市,つくば市 ホテル 集客支援会社 -おすすめ -比較 -ランキング -求人 -まとめ
事業内容,https://okamijuku.com/work/,,,,つくば市,つくば市 ホテル 集客支援会社 -おすすめ -比較 -ランキング -求人 -まとめ
客室販売増収・増益作戦セミナー：富士通,https://seminar.jp.fujitsu.com/public/seminar/view/2358,,,,つくば市,つくば市 ホテル 集客支援会社 -おすすめ -比較 -ランキング -求人 -まとめ
2025-5-24 定例会報告,https://mktlabo.com/meeting20250524,,,,つくば市,つくば市 ホテル 集客支援会社 -おすすめ -比較 -ランキング -求人 -まとめ
温泉旅館･ ホテル [再生] 運営力アップ＆マーケティング講座,https://www.sogo-unicom.co.jp/pbs/seminar/2007/0210.html,,,,つくば市,つくば市 ホテル 集客支援会社 -おすすめ -比較 -ランキング -求人 -まとめ
ホテル 旅館の経営相談（運営受託・再生・資金繰り・M&A）なら,https://hotelmart.jp/outline/,,,,つくば市,つくば市 ホテル 集客支援会社 -おすすめ -比較 -ランキング -求人 -まとめ
株式 会社 グリーンホワイト,https://www.greenw.co.jp/,,,,つくば市,つくば市 地域プロモーション会社 -おすすめ -比較 -ランキング -求人 -まとめ
株式 会社 パソナ パソナ・ つくば,https://www.tsukuba-sdgs.jp/page/page000905.html,,,,つくば市,つくば市 地域プロモーション会社 -おすすめ -比較 -ランキング -求人 -まとめ
どんな挑戦も応援してくれる。 地域 のためになることなら。,https://recruit.numajiri.co.jp/project/01,,,,つくば市,つくば市 地域プロモーション会社 -おすすめ -比較 -ランキング -求人 -まとめ
【実績紹介】 つくば市 （茨城県）,https://rallhour.com/information/4701/,,,,つくば市,つくば市 地域プロモーション会社 -おすすめ -比較 -ランキング -求人 -まとめ
サステナビリティ,https://www.seiwado.co.jp/about/torikumi/,,,,つくば市,つくば市 広告代理店 中小企業向け -おすすめ -比較 -ランキング -求人 -まとめ
つくば 経営支援センター（TMSC）,https://www.jmca.or.jp/msc/about_tmsc/,,,,つくば市,つくば市 広告代理店 中小企業向け -おすすめ -比較 -ランキング -求人 -まとめ
会社案内,https://fsfield.jp/company/,,,,つくば市,つくば市 Webコンサルティング 地域企業 -おすすめ -比較 -ランキング -求人 -まとめ
プロロジス、スタートアップ 企業 支援で つくば市 と協定を締結,https://www.prologis.co.jp/press-releases/221017,,,,つくば市,つくば市 Webコンサルティング 地域企業 -おすすめ -比較 -ランキング -求人 -まとめ
事務所案内,http://www.miraitsukuri.com/company/,,,,つくば市,つくば市 Webコンサルティング 地域企業 -おすすめ -比較 -ランキング -求人 -まとめ
宇都宮市 の補助金等の概要,https://www.city.utsunomiya.lg.jp/_res/projects/default_project/_page_/001/010/668/r7hojyokinn.pdf,,,,宇都宮市,宇都宮市 歯科 集客支援会社 -おすすめ -比較 -ランキング -求人 -まとめ
【 歯科 業界 経営者勉強会】 歯科 経営研究会～FunaiDentalInnovation,https://study.funaisoken.co.jp/pages/dental-100619-s031,,,,宇都宮市,宇都宮市 歯科 集客支援会社 -おすすめ -比較 -ランキング -求人 -まとめ
宇都宮市 に中小企業向けホームページ制作の「スパイラルアップ ...,https://www.d-ic.com/news/4780,,,,宇都宮市,宇都宮市 医療 Webマーケティング会社 -おすすめ -比較 -ランキング -求人 -まとめ
令和7(2025)年6月1日現在,https://www.pref.tochigi.lg.jp/f01/work/shoukougyou/sesaku/documents/20250611132353.pdf,,,,宇都宮市,宇都宮市 美容業界 販促支援会社 -おすすめ -比較 -ランキング -求人 -まとめ
LINE公式アカウント運用代行サービス「LPRO（エルプロ）」1月23 ...,https://adv.tokyo-np.co.jp/prtimes/article112668/,,,,宇都宮市,宇都宮市 美容業界 販促支援会社 -おすすめ -比較 -ランキング -求人 -まとめ
運営委員紹介,https://utsunomiya-ventures.com/support,,,,宇都宮市,宇都宮市 飲食店 販促支援会社 -おすすめ -比較 -ランキング -求人 -まとめ
公認会計士・税理士 田港 大輔,https://exwill.jp/partner/kouninkaikeisi_zeirisi/taminatodaisuke,,,,宇都宮市,宇都宮市 飲食店 販促支援会社 -おすすめ -比較 -ランキング -求人 -まとめ
業務実績,https://crie-co.jp/free/enkaku,,,,宇都宮市,宇都宮市 飲食店 販促支援会社 -おすすめ -比較 -ランキング -求人 -まとめ
ITC 笠岡はじめ氏・ 飲食店 の 支援,https://itc-shikaku.itc.or.jp/itcact/itcact-sasaokahajime/,,,,宇都宮市,宇都宮市 飲食店 販促支援会社 -おすすめ -比較 -ランキング -求人 -まとめ
飲食店 様へ,https://yokokura-uc.jp/retail/,,,,宇都宮市,宇都宮市 飲食店 販促支援会社 -おすすめ -比較 -ランキング -求人 -まとめ
事業内容詳細,https://watashou.com/business/about/,,,,宇都宮市,宇都宮市 住宅会社 マーケティング支援 -おすすめ -比較 -ランキング -求人 -まとめ
注文 住宅 ・リフォームのことなら栃木県 宇都宮市 の伴工務店,https://www.ban-k.jp/privacy-policy,,,,宇都宮市,宇都宮市 住宅会社 マーケティング支援 -おすすめ -比較 -ランキング -求人 -まとめ
宇都宮 空き家会議,https://www.akiya-kaigi.org/%E8%A4%87%E8%A3%BD-%E3%83%91%E3%83%BC%E3%83%88%E3%83%8A%E3%83%BC-1,,,,宇都宮市,宇都宮市 住宅会社 マーケティング支援 -おすすめ -比較 -ランキング -求人 -まとめ
株式会社栃木ブレックス 新規正社員（ マーケティング 担当）募集の ...,https://www.utsunomiyabrex.com/news/19288/,,,,宇都宮市,宇都宮市 学習塾 Webマーケティング -おすすめ -比較 -ランキング -求人 -まとめ
令和7年度 宇都宮 商工会議所 創業スクール,https://tochigi-network.com/event/2844,,,,宇都宮市,宇都宮市 学習塾 Webマーケティング -おすすめ -比較 -ランキング -求人 -まとめ
ハイスクールコンソーシアム,https://hoshinomori.ed.jp/education/HS-features/consortium,,,,宇都宮市,宇都宮市 学習塾 Webマーケティング -おすすめ -比較 -ランキング -求人 -まとめ
クライアント,https://curiver.com/company/client/,,,,宇都宮市,宇都宮市 士業 Web集客支援 -おすすめ -比較 -ランキング -求人 -まとめ
経営改善,https://tochigi-yorozu.go.jp/wp/wp-content/uploads/2024/04/leaflet2024.pdf,,,,宇都宮市,宇都宮市 士業 Web集客支援 -おすすめ -比較 -ランキング -求人 -まとめ
2月全体例会「生成AIの利活用を未来体験」,https://t-nb.jp/meeting/7937/,,,,宇都宮市,宇都宮市 士業 Web集客支援 -おすすめ -比較 -ランキング -求人 -まとめ
宇都宮PR サポーター企業,https://u-pride100.com/supporter/,,,,宇都宮市,宇都宮市 地域プロモーション会社 -おすすめ -比較 -ランキング -求人 -まとめ
宇都宮市 が PR TIMESと連携協定 栃木県内の自治体で初 魅力発信 ...,https://www.tochigi-tv.jp/news2/page.php?id=296230,,,,宇都宮市,宇都宮市 地域プロモーション会社 -おすすめ -比較 -ランキング -求人 -まとめ
宇都宮市 のポテンシャルを地道な人脈づくりと行動力で引き出す,https://regions.co.jp/articles/cG9zdDozNDE1/,,,,宇都宮市,宇都宮市 地域プロモーション会社 -おすすめ -比較 -ランキング -求人 -まとめ
会社 概要,https://lien-cs.jp/company/,,,,宇都宮市,宇都宮市 ホテル 集客支援会社 -おすすめ -比較 -ランキング -求人 -まとめ
佐藤 ゆき,https://rpi.co.jp/429/%E4%BD%90%E8%97%A4-%E3%82%86%E3%81%8D/,,,,宇都宮市,宇都宮市 ホテル 集客支援会社 -おすすめ -比較 -ランキング -求人 -まとめ
PERSONA,https://curama.jp/782338866/,,,,宇都宮市,宇都宮市 広告代理店 中小企業向け -おすすめ -比較 -ランキング -求人 -まとめ
WEBコンサルティング サポート,https://tetsukabiz.com/archives/category/service_examples_e,,,,宇都宮市,宇都宮市 Webコンサルティング 地域企業 -おすすめ -比較 -ランキング -求人 -まとめ
宇都宮 まちづくり貢献 企業,https://www.d-sokko.co.jp/csr/utsunomiya.html,,,,宇都宮市,宇都宮市 Webコンサルティング 地域企業 -おすすめ -比較 -ランキング -求人 -まとめ
資 料 編,https://www.town.oizumi.gunma.jp/s004/anzen/050/060/CONT000000000000006052.pdf,,,,高崎市,高崎市 歯科 集客支援会社 -おすすめ -比較 -ランキング -求人 -まとめ
B-net加盟店,https://beauty-network-media.com/b-net%E5%8A%A0%E7%9B%9F%E5%BA%97/,,,,高崎市,高崎市 美容業界 販促支援会社 -おすすめ -比較 -ランキング -求人 -まとめ
iSxlus corporation.: 株式 会社 アイエスクラス,https://www.isxlus.jp/,,,,高崎市,高崎市 美容業界 販促支援会社 -おすすめ -比較 -ランキング -求人 -まとめ
ぐんま 商工連,https://www.gcis.or.jp/wp-content/uploads/2022/02/2019.09.pdf,,,,高崎市,高崎市 美容業界 販促支援会社 -おすすめ -比較 -ランキング -求人 -まとめ
株式 会社 アイデン,https://aiden-one.com/,,,,高崎市,高崎市 飲食店 販促支援会社 -おすすめ -比較 -ランキング -求人 -まとめ
アフターコロナに向けて 飲食店 の出店戦略と未来を考えてみよう！,https://kc-i.jp/activity/salon-event-report/thursday-salon/20210909/,,,,高崎市,高崎市 飲食店 販促支援会社 -おすすめ -比較 -ランキング -求人 -まとめ
代表カウンセラー紹介,https://www.daikichi-m.jp/greeting,,,,高崎市,高崎市 飲食店 販促支援会社 -おすすめ -比較 -ランキング -求人 -まとめ
加盟店募集,http://www.propeller2005.com/member-store-collect.html,,,,高崎市,高崎市 飲食店 販促支援会社 -おすすめ -比較 -ランキング -求人 -まとめ
平成16年度 経営革新計画承認事業者（95件）,https://www.pref.gunma.jp/page/10019.html,,,,高崎市,高崎市 住宅会社 マーケティング支援 -おすすめ -比較 -ランキング -求人 -まとめ
群馬県高崎市の設計 ...,https://www.omnibus-inc.com/recruit/,,,,高崎市,高崎市 住宅会社 マーケティング支援 -おすすめ -比較 -ランキング -求人 -まとめ
トウショウレックス 取締役 井田 一 略歴,https://www.tousyou7.co.jp/director_ida/,,,,高崎市,高崎市 住宅会社 マーケティング支援 -おすすめ -比較 -ランキング -求人 -まとめ
広田 住宅 センター,https://reblo.net/hirotabaibai/cl_img/file_list/4333/41985.pdf,,,,高崎市,高崎市 住宅会社 マーケティング支援 -おすすめ -比較 -ランキング -求人 -まとめ
株式 会社 広田 住宅 センターの不動産 会社 情報,https://www.rakumachi.jp/property/realtor/Uygm6o3oKyY%253D,,,,高崎市,高崎市 住宅会社 マーケティング支援 -おすすめ -比較 -ランキング -求人 -まとめ
INFINITY,https://infinity-group.jp/,,,,高崎市,高崎市 住宅会社 マーケティング支援 -おすすめ -比較 -ランキング -求人 -まとめ
プライバシーポリシー,https://www.modest-estate.com/privacy/,,,,高崎市,高崎市 住宅会社 マーケティング支援 -おすすめ -比較 -ランキング -求人 -まとめ
会社 案内： 会社 概要,https://www.yamada-wtp.com/company/company01.html,,,,高崎市,高崎市 工務店 集客支援会社 -おすすめ -比較 -ランキング -求人 -まとめ
株式 会社 kaoiriの採択事例「優良 工務店 の 集客 と省力化を ...,https://local-mp.co.jp/subsidy/cases/jigyou-saikouchiku-12-171/,,,,高崎市,高崎市 工務店 集客支援会社 -おすすめ -比較 -ランキング -求人 -まとめ
竹並建設株式 会社 編集者 「日向 美香」,https://www.takenami-rphouse.com/editors/198,,,,高崎市,高崎市 工務店 集客支援会社 -おすすめ -比較 -ランキング -求人 -まとめ
会社 案内,https://www.okada.gunma.jp/company.html,,,,高崎市,高崎市 工務店 集客支援会社 -おすすめ -比較 -ランキング -求人 -まとめ
ティーエイチマーケティング,https://thm-gunma.jp/,,,,高崎市,高崎市 士業 Web集客支援 -おすすめ -比較 -ランキング -求人 -まとめ
専門家派遣事業,https://www.okasci.or.jp/~keieishien/senmonka/search/index.cgi,,,,高崎市,高崎市 士業 Web集客支援 -おすすめ -比較 -ランキング -求人 -まとめ
課名,https://www.city.takasaki.gunma.jp/uploaded/attachment/1236.pdf,,,,高崎市,高崎市 士業 Web集客支援 -おすすめ -比較 -ランキング -求人 -まとめ
桐生市のシステム開発・ホームページ制作・IT 支援,https://is-prime.co.jp/area/kiryu/,,,,高崎市,高崎市 士業 Web集客支援 -おすすめ -比較 -ランキング -求人 -まとめ
お客様の声・実績,https://corp.ukaru.me/marketingservice_category/voice/,,,,高崎市,高崎市 学習塾 Webマーケティング -おすすめ -比較 -ランキング -求人 -まとめ
JEC 学習塾 経営セミナー2024,https://kyoiku-saisei.com/JECseminar/,,,,高崎市,高崎市 学習塾 Webマーケティング -おすすめ -比較 -ランキング -求人 -まとめ
株式会社Myfactory,https://myfactory.jp/,,,,高崎市,高崎市 学習塾 Webマーケティング -おすすめ -比較 -ランキング -求人 -まとめ
事業内容,https://humor.co.jp/business/,,,,高崎市,高崎市 ホテル 集客支援会社 -おすすめ -比較 -ランキング -求人 -まとめ
こだわりの旅・株式 会社 トラベルプラザ 会社 概要,https://travel-plaza.co.jp/company_profile.html,,,,高崎市,高崎市 ホテル 集客支援会社 -おすすめ -比較 -ランキング -求人 -まとめ
Business,https://professionals.style-actus.com/business/,,,,高崎市,高崎市 ホテル 集客支援会社 -おすすめ -比較 -ランキング -求人 -まとめ
産業活力再生特別措置法に基づく「経営資源再活用計画」の認定 ...,https://www.mhlw.go.jp/houdou/2004/11/h1105-7.html,,,,高崎市,高崎市 ホテル 集客支援会社 -おすすめ -比較 -ランキング -求人 -まとめ
トレーラーハウス製造・販売,https://herolife.jp/hotel-division/,,,,高崎市,高崎市 ホテル 集客支援会社 -おすすめ -比較 -ランキング -求人 -まとめ
群馬県 高崎市 シティ プロモーション 2024,http://www.takasakiweb.jp/tcp/,,,,高崎市,高崎市 地域プロモーション会社 -おすすめ -比較 -ランキング -求人 -まとめ
地域 企業 × 福祉連携で生まれた「走る広告媒体」が 高崎 でスタート,https://www.takasakicci.or.jp/wp-content/uploads/a6b64b36abac13b0e018a63619b71c00.pdf,,,,高崎市,高崎市 地域プロモーション会社 -おすすめ -比較 -ランキング -求人 -まとめ
よ・ゼミ 第6回 地域 社会には” PR ”が必要。「広告」とは違う本質的 ...,https://www.jiu.ac.jp/tourism/news/detail/id=10538,,,,高崎市,高崎市 地域プロモーション会社 -おすすめ -比較 -ランキング -求人 -まとめ
12月のセミナーのご案内,https://www.gunei.jp/news/553/,,,,高崎市,高崎市 広告代理店 中小企業向け -おすすめ -比較 -ランキング -求人 -まとめ
MIALIについて,https://miali.co.jp/about/,,,,高崎市,高崎市 Webコンサルティング 地域企業 -おすすめ -比較 -ランキング -求人 -まとめ
企業 理念・会社概要,https://www.ida-web.jp/pages/19/,,,,高崎市,高崎市 Webコンサルティング 地域企業 -おすすめ -比較 -ランキング -求人 -まとめ
株式 会社 デンタルリーシング,https://dental-leasing.com/,,,,前橋市,前橋市 歯科 集客支援会社 -おすすめ -比較 -ランキング -求人 -まとめ
広告事業,https://www.t-net-g.co.jp/business.html,,,,前橋市,前橋市 医療 Webマーケティング会社 -おすすめ -比較 -ランキング -求人 -まとめ
選ばれる理由,https://cyberzero.jp/why.php,,,,前橋市,前橋市 美容業界 販促支援会社 -おすすめ -比較 -ランキング -求人 -まとめ
広告・デザイン(群馬県),https://www.bizloop.jp/c00000107/Gunma/,,,,前橋市,前橋市 美容業界 販促支援会社 -おすすめ -比較 -ランキング -求人 -まとめ
有限 会社 三峰プロジェクト 会社 概要,http://www.food-biz.jp/cat3/post_6.html,,,,前橋市,前橋市 飲食店 販促支援会社 -おすすめ -比較 -ランキング -求人 -まとめ
【インセン有】 飲食店 向け 販促 サービスの訪問アポ ...,https://techdirect.jp/jobs/56406,,,,前橋市,前橋市 飲食店 販促支援会社 -おすすめ -比較 -ランキング -求人 -まとめ
会社 情報,https://mirah-planning.com/company/,,,,前橋市,前橋市 飲食店 販促支援会社 -おすすめ -比較 -ランキング -求人 -まとめ
女性向け創業セミナー,https://gunma-cgc.or.jp/cms/wp-content/uploads/2025/09/girlscafe2025.pdf,,,,前橋市,前橋市 飲食店 販促支援会社 -おすすめ -比較 -ランキング -求人 -まとめ
食空間創造企業 10年,https://www.kanto-syokuryo.co.jp/wp/wp-content/themes/cocoon-child-master/img/download/brochure_2025.pdf,,,,前橋市,前橋市 飲食店 販促支援会社 -おすすめ -比較 -ランキング -求人 -まとめ
リンク,https://www.nabehome.net/link,,,,前橋市,前橋市 住宅会社 マーケティング支援 -おすすめ -比較 -ランキング -求人 -まとめ
事例紹介,https://www.g-inf.or.jp/html/support_case_008.html,,,,前橋市,前橋市 住宅会社 マーケティング支援 -おすすめ -比較 -ランキング -求人 -まとめ
リンク,http://www.mmarket.co.jp/link,,,,前橋市,前橋市 住宅会社 マーケティング支援 -おすすめ -比較 -ランキング -求人 -まとめ
運営 会社,https://docotate-gunma.jp/operating-company/,,,,前橋市,前橋市 工務店 集客支援会社 -おすすめ -比較 -ランキング -求人 -まとめ
ぐんま創業スクール は圧倒的な人気を誇るのか？,https://www.nakanojo-shokokai.jp/pdf/seminar/gunma-school2019.pdf,,,,前橋市,前橋市 士業 Web集客支援 -おすすめ -比較 -ランキング -求人 -まとめ
創業への第一歩!,https://maebashi-cci.or.jp/wp-content/uploads/2023/11/%E4%BB%A4%E5%92%8C5%E5%B9%B4%E5%BA%A6%E5%89%B5%E6%A5%AD%E3%82%B9%E3%82%AF%E3%83%BC%E3%83%AB%E3%83%81%E3%83%A9%E3%82%B7%E5%8E%9F%E7%A8%BF_23.11.08.pdf,,,,前橋市,前橋市 学習塾 Webマーケティング -おすすめ -比較 -ランキング -求人 -まとめ
ぐんま創業スクール,https://www.town.ora.gunma.jp/s002/gunmasougyouschool.pdf,,,,前橋市,前橋市 学習塾 Webマーケティング -おすすめ -比較 -ランキング -求人 -まとめ
前橋市 中小企業採用力向上「企業”進・架”推進プロジェクト」始動し ...,https://www.city.maebashi.gunma.jp/soshiki/sangyokeizai/sangyoseisaku/gyomu/3/46399.html,,,,前橋市,前橋市 学習塾 Webマーケティング -おすすめ -比較 -ランキング -求人 -まとめ
令和 7 年度 事業計画,https://www.maebashi-cvb.com/image/resource/Document/document/200,,,,前橋市,前橋市 ホテル 集客支援会社 -おすすめ -比較 -ランキング -求人 -まとめ
事業案内,https://hypercreation.tokyo/business/,,,,前橋市,前橋市 ホテル 集客支援会社 -おすすめ -比較 -ランキング -求人 -まとめ
前橋 〈白井屋 ホテル 〉で建築とアートを堪能。まちづくりの新拠点 ...,https://colocal.jp/topics/think-japan/local-action/20210219_139228.html,,,,前橋市,前橋市 ホテル 集客支援会社 -おすすめ -比較 -ランキング -求人 -まとめ
実績・事例,https://www.tms-ken.co.jp/job/,,,,前橋市,前橋市 ホテル 集客支援会社 -おすすめ -比較 -ランキング -求人 -まとめ
TikTok、群馬県 前橋市 と連携のもと、シティ プロモーション ...,https://www.jt-tsushin.jp/articles/case/platform-tiktok-20240415,,,,前橋市,前橋市 地域プロモーション会社 -おすすめ -比較 -ランキング -求人 -まとめ
有限 会社 オアシスプランニング,https://noroshi.jp/Detail_companies/show_detail_company/102016/10100011,,,,前橋市,前橋市 地域プロモーション会社 -おすすめ -比較 -ランキング -求人 -まとめ
会社概要・沿革,https://www.kantoseiki.co.jp/company/outline/,,,,前橋市,前橋市 広告代理店 中小企業向け -おすすめ -比較 -ランキング -求人 -まとめ
会社概要,https://gunma-design-lab.work/about.html,,,,前橋市,前橋市 Webコンサルティング 地域企業 -おすすめ -比較 -ランキング -求人 -まとめ
動物病院開業・ 歯科 医院開業サポート,https://nekono-tami.com/,,,,さいたま市,さいたま市 歯科 集客支援会社 -おすすめ -比較 -ランキング -求人 -まとめ
患者 集客 を強力に 支援 いたします！ 病院 ...,https://impact-tyo.com/%E6%82%A3%E8%80%85%E9%9B%86%E5%AE%A2%E6%94%AF%E6%8F%B4%E3%80%82%E7%97%85%E9%99%A2%E3%83%BB%E3%82%AF%E3%83%AA%E3%83%8B%E3%83%83%E3%82%AF%E3%81%A7%E6%82%A3%E8%80%85%E3%81%AB%E5%9B%B0%E3%82%89%E3%81%AA/,,,,さいたま市,さいたま市 歯科 集客支援会社 -おすすめ -比較 -ランキング -求人 -まとめ
林栖,https://ecto-con.com/staff/s-rin/,,,,さいたま市,さいたま市 医療 Webマーケティング会社 -おすすめ -比較 -ランキング -求人 -まとめ
会社 案内,https://hit-group.jp/marketing/pages/2/,,,,さいたま市,さいたま市 医療 Webマーケティング会社 -おすすめ -比較 -ランキング -求人 -まとめ
さいたま市 内企業の副業特集,https://lotsful.jp/specials/saitama,,,,さいたま市,さいたま市 医療 Webマーケティング会社 -おすすめ -比較 -ランキング -求人 -まとめ
埼玉 県健康経営実践事業所（ま行 や行 ら行 わ行）,https://www.pref.saitama.lg.jp/a0704/kenkochoju/kenkoukeieijisenjigyousyo_ma_ya_ra_wa.html,,,,さいたま市,さいたま市 医療 Webマーケティング会社 -おすすめ -比較 -ランキング -求人 -まとめ
商品の価値を守るパートナー】全国展開をフルサポート,https://www.tokyo-eiwan.co.jp/clp/company_guide/,,,,さいたま市,さいたま市 美容業界 販促支援会社 -おすすめ -比較 -ランキング -求人 -まとめ
金融機関連携成長 支援 事業,https://www.sozo-saitama.or.jp/sozo_common/img/seicho/document5.pdf,,,,さいたま市,さいたま市 美容業界 販促支援会社 -おすすめ -比較 -ランキング -求人 -まとめ
株式 会社 リビコー（ さいたま市 大宮区）広告 プロモーション WEB ...,https://www.1saito.biz/company/liviko1,,,,さいたま市,さいたま市 美容業界 販促支援会社 -おすすめ -比較 -ランキング -求人 -まとめ
ブログ,https://revol.co.jp/blog/,,,,さいたま市,さいたま市 美容業界 販促支援会社 -おすすめ -比較 -ランキング -求人 -まとめ
事業内容,https://muchauma1110.com/business.html,,,,さいたま市,さいたま市 飲食店 販促支援会社 -おすすめ -比較 -ランキング -求人 -まとめ
フードアドバイザー,http://www.mmg-saitama.com/foodadviser.html,,,,さいたま市,さいたま市 飲食店 販促支援会社 -おすすめ -比較 -ランキング -求人 -まとめ
合同 会社 GMIセミナー事業部（埼玉県 さいたま市 ）: 販売促進 ...,https://gmi-workshop.jimdofree.com/,,,,さいたま市,さいたま市 飲食店 販促支援会社 -おすすめ -比較 -ランキング -求人 -まとめ
飲食店販促 の成功例,https://www.menu-pro.com/success/,,,,さいたま市,さいたま市 飲食店 販促支援会社 -おすすめ -比較 -ランキング -求人 -まとめ
共助の取組マッチング 専門家ボランティアリスト（団体）,https://kyojo.saitamaken-npo.net/specialist/docs/250522_dantai_1.pdf,,,,さいたま市,さいたま市 飲食店 販促支援会社 -おすすめ -比較 -ランキング -求人 -まとめ
事業内容,https://best-food.co.jp/service/,,,,さいたま市,さいたま市 飲食店 販促支援会社 -おすすめ -比較 -ランキング -求人 -まとめ
会員名簿,https://www.sahn.jp/?page_id=105,,,,さいたま市,さいたま市 住宅会社 マーケティング支援 -おすすめ -比較 -ランキング -求人 -まとめ
住宅会社 向けサービス,https://ansinn.jp/consulting.html,,,,さいたま市,さいたま市 住宅会社 マーケティング支援 -おすすめ -比較 -ランキング -求人 -まとめ
事業所案内,https://sms-g.co.jp/office/,,,,さいたま市,さいたま市 住宅会社 マーケティング支援 -おすすめ -比較 -ランキング -求人 -まとめ
ホームページをリニューアルしました。,https://dx-insight.com/news/11/,,,,さいたま市,さいたま市 住宅会社 マーケティング支援 -おすすめ -比較 -ランキング -求人 -まとめ
私たちについて,https://mimorenko.net/about,,,,さいたま市,さいたま市 住宅会社 マーケティング支援 -おすすめ -比較 -ランキング -求人 -まとめ
運営会社,https://g777.jp/samurai-web/company/,,,,さいたま市,さいたま市 士業 Web集客支援 -おすすめ -比較 -ランキング -求人 -まとめ
【お客様の声・実績】 埼玉 県 ながせ法律事務所様,https://www.samurai-lab.jp/cv_saitamanagaselaw/,,,,さいたま市,さいたま市 士業 Web集客支援 -おすすめ -比較 -ランキング -求人 -まとめ
士業 ホームページ 集客 の成功事例,https://www.docswell.com/s/millionvalue/53G13D-Tips-for-hpvisitors-attraction,,,,さいたま市,さいたま市 士業 Web集客支援 -おすすめ -比較 -ランキング -求人 -まとめ
埼玉 県ネットビジネス販路拡大講座,http://www.c-mam.co.jp/event/netbiz/,,,,さいたま市,さいたま市 学習塾 Webマーケティング -おすすめ -比較 -ランキング -求人 -まとめ
「 さいたま 創業塾」第23期受講生募集！,https://www.saitamacci.or.jp/seminar/seminar-17252/,,,,さいたま市,さいたま市 学習塾 Webマーケティング -おすすめ -比較 -ランキング -求人 -まとめ
HOME,https://career-challenge.net/,,,,さいたま市,さいたま市 学習塾 Webマーケティング -おすすめ -比較 -ランキング -求人 -まとめ
今井 房子,https://creww.me/ja/account/f9e7ec98-18a7-44a3-b90e-24627e5f3497,,,,さいたま市,さいたま市 学習塾 Webマーケティング -おすすめ -比較 -ランキング -求人 -まとめ
スクール事業,https://comnet-biz.co.jp/tit/,,,,さいたま市,さいたま市 学習塾 Webマーケティング -おすすめ -比較 -ランキング -求人 -まとめ
プライバシーポリシー,https://kamineo.net/?page_id=3,,,,さいたま市,さいたま市 学習塾 Webマーケティング -おすすめ -比較 -ランキング -求人 -まとめ
株式 会社 禾恵,https://nogie.co.jp/outline/,,,,さいたま市,さいたま市 ホテル 集客支援会社 -おすすめ -比較 -ランキング -求人 -まとめ
新着情報,https://corporate.wondergraffiti.com/news/,,,,さいたま市,さいたま市 ホテル 集客支援会社 -おすすめ -比較 -ランキング -求人 -まとめ
ソリューション企業,https://www.kanto.meti.go.jp/seisaku/ryutsu/sisckanto/solution_enterprise.html,,,,さいたま市,さいたま市 ホテル 集客支援会社 -おすすめ -比較 -ランキング -求人 -まとめ
「株式 会社 つなぐ」を設立しました～指定都市初のデジタル 地域 ...,https://www.home.saitama-tsunagu.com/news/161/,,,,さいたま市,さいたま市 地域プロモーション会社 -おすすめ -比較 -ランキング -求人 -まとめ
地域プロモーション,https://business.jcom.co.jp/ad/city_promotion.html,,,,さいたま市,さいたま市 地域プロモーション会社 -おすすめ -比較 -ランキング -求人 -まとめ
埼玉 のパンフレット制作・会社案内・カタログのデザイン制作会社 ...,https://www.print-solution.com/syutoken/saitama/,,,,さいたま市,さいたま市 広告代理店 中小企業向け -おすすめ -比較 -ランキング -求人 -まとめ
企業 情報,https://ictbrain.net/company/,,,,さいたま市,さいたま市 Webコンサルティング 地域企業 -おすすめ -比較 -ランキング -求人 -まとめ
株式会社ビズエッグ様（埼玉県 さいたま市 見沼区）新規 ...,https://connect-design.biz/%E6%A0%AA%E5%BC%8F%E4%BC%9A%E7%A4%BE%E3%83%93%E3%82%BA%E3%82%A8%E3%83%83%E3%82%B0%EF%BC%88%E5%9F%BC%E7%8E%89%E7%9C%8C%E3%81%95%E3%81%84%E3%81%9F%E3%81%BE%E5%B8%82%EF%BC%89%E6%96%B0%E8%A6%8F%E3%83%9B/,,,,さいたま市,さいたま市 Webコンサルティング 地域企業 -おすすめ -比較 -ランキング -求人 -まとめ
認知症フレンドリー 企業 ・団体,https://www.saitama-orange.com/friendly_member,,,,さいたま市,さいたま市 Webコンサルティング 地域企業 -おすすめ -比較 -ランキング -求人 -まとめ
YM コンサルティング,https://oneours.com/companies/3648/,,,,さいたま市,さいたま市 Webコンサルティング 地域企業 -おすすめ -比較 -ランキング -求人 -まとめ
看板製作・図面スキャン・印刷・製本,https://www.ev-kawagoe.com/,,,,川越市,川越市 歯科 集客支援会社 -おすすめ -比較 -ランキング -求人 -まとめ
居抜き物件,https://shinseidosyokai.co.jp/archives/category/%E5%B1%85%E6%8A%9C%E3%81%8D%E7%89%A9%E4%BB%B6,,,,川越市,川越市 歯科 集客支援会社 -おすすめ -比較 -ランキング -求人 -まとめ
LIKEIT LTD.,https://likeitpro.studio.site/,,,,川越市,川越市 医療 Webマーケティング会社 -おすすめ -比較 -ランキング -求人 -まとめ
川越市 にてチャット、 Web フォームによる申請書事前作成の実証 ...,https://www.trans-cosmos.co.jp/company/news/200709.html,,,,川越市,川越市 医療 Webマーケティング会社 -おすすめ -比較 -ランキング -求人 -まとめ
WEBサイト・コンテンツ制作,http://www.isp-ac.co.jp/creative/,,,,川越市,川越市 医療 Webマーケティング会社 -おすすめ -比較 -ランキング -求人 -まとめ
会員企業,https://www.kawagoehoujinkai.or.jp/members/,,,,川越市,川越市 美容業界 販促支援会社 -おすすめ -比較 -ランキング -求人 -まとめ
埼玉県川越市のホームページ制作,https://www.harenohidesign.website/works/,,,,川越市,川越市 美容業界 販促支援会社 -おすすめ -比較 -ランキング -求人 -まとめ
美容 室 Zゼ ELE ―― 地域×顧客層×商品＝ No.1,https://www.bugin-eri.co.jp/report/report07/file/e746cc61b764eec975e42ab24a5aef95ced37bdc.pdf,,,,川越市,川越市 美容業界 販促支援会社 -おすすめ -比較 -ランキング -求人 -まとめ
フィリピン料理 食べ放題 バイキング スナック 西武新宿線 埼玉県 ...,https://lyns.xsrv.jp/consal.html,,,,川越市,川越市 飲食店 販促支援会社 -おすすめ -比較 -ランキング -求人 -まとめ
建設経済常任委員会 行政視察報告,https://www.city.yaizu.lg.jp/documents/14815/202305_kensetsu.pdf,,,,川越市,川越市 飲食店 販促支援会社 -おすすめ -比較 -ランキング -求人 -まとめ
クラブハウスラーメン,https://www.clubhouse-ramen.com/,,,,川越市,川越市 飲食店 販促支援会社 -おすすめ -比較 -ランキング -求人 -まとめ
センチュリー21クレド動画チャンネル,https://www.j-s-p.com/video_site/page_934.html,,,,川越市,川越市 住宅会社 マーケティング支援 -おすすめ -比較 -ランキング -求人 -まとめ
【事例・プロコール24】川木建設株式 会社,https://owners-age.com/collection/procall24/kawamokukensetsu,,,,川越市,川越市 住宅会社 マーケティング支援 -おすすめ -比較 -ランキング -求人 -まとめ
あさや 住宅,https://chinkan.jp/shop/detail/10580.html,,,,川越市,川越市 住宅会社 マーケティング支援 -おすすめ -比較 -ランキング -求人 -まとめ
会社 概要,https://owner.kawamoku.com/company,,,,川越市,川越市 住宅会社 マーケティング支援 -おすすめ -比較 -ランキング -求人 -まとめ
スタッフ紹介 川越市 リフォーム・リノベーション  川合 住宅 設備,https://www.1968kawai.co.jp/staff,,,,川越市,川越市 住宅会社 マーケティング支援 -おすすめ -比較 -ランキング -求人 -まとめ
生成AIで 工務店 のランディングページを自動生成,https://nadja.biz/%E7%94%9F%E6%88%90ai%E3%81%A7%E5%B7%A5%E5%8B%99%E5%BA%97%E3%81%AE%E3%83%A9%E3%83%B3%E3%83%87%E3%82%A3%E3%83%B3%E3%82%B0%E3%83%9A%E3%83%BC%E3%82%B8%E3%82%92%E8%87%AA%E5%8B%95%E7%94%9F%E6%88%90%EF%BD%9C/,,,,川越市,川越市 工務店 集客支援会社 -おすすめ -比較 -ランキング -求人 -まとめ
制作実績・事例紹介,https://222progettie.jp/works/,,,,川越市,川越市 工務店 集客支援会社 -おすすめ -比較 -ランキング -求人 -まとめ
川越 出張相談会,https://saitama-yorozu.go.jp/place/kawagoe/,,,,川越市,川越市 士業 Web集客支援 -おすすめ -比較 -ランキング -求人 -まとめ
ı-1,https://www.city.yashio.lg.jp/jigyosha/jigyosha/saitamayorozushien.files/yorozusiennkyitenn.pdf,,,,川越市,川越市 士業 Web集客支援 -おすすめ -比較 -ランキング -求人 -まとめ
川越市 で資格取得を目指す講座,https://www.best-shingaku.net/smt/s3901courselist.php?lm=649&log=s2026landmark_course_landmark,,,,川越市,川越市 学習塾 Webマーケティング -おすすめ -比較 -ランキング -求人 -まとめ
口コミで集まる埼玉県 川越市 の 学習塾 /進学塾PLAS,https://www.dreamgate.gr.jp/contents/case/company/29689,,,,川越市,川越市 学習塾 Webマーケティング -おすすめ -比較 -ランキング -求人 -まとめ
導入事例 株式 会社 ポジティブドリームパーソンズ,https://www.ebica.jp/casestudy/positive-dream-persons/,,,,川越市,川越市 ホテル 集客支援会社 -おすすめ -比較 -ランキング -求人 -まとめ
ハウスドクター研究会,https://www.mizuno-cp.co.jp/library/58d4ec57d6e84e0e325f1db0/5c482aab9c52b117081c2624.pdf,,,,川越市,川越市 ホテル 集客支援会社 -おすすめ -比較 -ランキング -求人 -まとめ
触れて、 学んで,https://dx-expo.pref.saitama.lg.jp/pdf/dx-kawagoe.pdf,,,,川越市,川越市 ホテル 集客支援会社 -おすすめ -比較 -ランキング -求人 -まとめ
事業概要,https://dmo-kawagoe.or.jp/business,,,,川越市,川越市 地域プロモーション会社 -おすすめ -比較 -ランキング -求人 -まとめ
ホンダ プロモーション の概要を知る,https://hondacars-kawagoe.recruitment.jp/aboutus/,,,,川越市,川越市 地域プロモーション会社 -おすすめ -比較 -ランキング -求人 -まとめ
本計画を推進し、 基本理念 「ともにつなぐ 小江戸川越 ...,https://www.city.kawagoe.saitama.jp/_res/projects/default_project/_page_/001/020/944/chapter6.pdf,,,,川越市,川越市 地域プロモーション会社 -おすすめ -比較 -ランキング -求人 -まとめ
FIND 川越 ビジョン,https://find-kawagoe.sharesign.jp/,,,,川越市,川越市 広告代理店 中小企業向け -おすすめ -比較 -ランキング -求人 -まとめ
会員紹介,https://kawagoe-doyu.com/member/,,,,川越市,川越市 広告代理店 中小企業向け -おすすめ -比較 -ランキング -求人 -まとめ
【お客様の声】信頼を支え、新たなつながりを紡ぐWEBサービス,https://eco-station.co.jp/20250612lifedesign/,,,,川越市,川越市 広告代理店 中小企業向け -おすすめ -比較 -ランキング -求人 -まとめ
会 員 一 覧【サービス】,https://koedo.or.jp/wp-content/uploads/b482d0f1f40d10b8944510d19af3ee39-1.pdf,,,,川越市,川越市 広告代理店 中小企業向け -おすすめ -比較 -ランキング -求人 -まとめ
会社情報,https://kawagoehome.com/company/,,,,川越市,川越市 Webコンサルティング 地域企業 -おすすめ -比較 -ランキング -求人 -まとめ
会社概要,https://hy-exad.com/company/,,,,川越市,川越市 Webコンサルティング 地域企業 -おすすめ -比較 -ランキング -求人 -まとめ
会社概要,http://tm-consulting.co.jp/company/,,,,川越市,川越市 Webコンサルティング 地域企業 -おすすめ -比較 -ランキング -求人 -まとめ
埼玉県 川越市 のホームページ制作会社,https://www.rakumu.co.jp/,,,,川越市,川越市 Webコンサルティング 地域企業 -おすすめ -比較 -ランキング -求人 -まとめ
平成30年度 越谷市 ビジネスパワーアップ補助金 活用事例集,https://www.city.koshigaya.saitama.jp/kurashi_shisei/jigyosha/shienyushi/hojokin/55_files_heisei30jirei.pdf,,,,越谷市,越谷市 歯科 集客支援会社 -おすすめ -比較 -ランキング -求人 -まとめ
歯科 管理栄養士実践塾 第6期の最終日,https://dental-rd.com/post-1321/,,,,越谷市,越谷市 歯科 集客支援会社 -おすすめ -比較 -ランキング -求人 -まとめ
令和5年度に寄附を頂いた企業 計25社,https://www.pref.tokushima.lg.jp/file/attachment/916474.pdf,,,,越谷市,越谷市 医療 Webマーケティング会社 -おすすめ -比較 -ランキング -求人 -まとめ
AGAスキンクリニック WEBマーケティング 担当者 リーダー候補,https://recruit.ideajapan.com/joblist/60/,,,,越谷市,越谷市 医療 Webマーケティング会社 -おすすめ -比較 -ランキング -求人 -まとめ
事業所,https://www.imimed.co.jp/company/access/,,,,越谷市,越谷市 医療 Webマーケティング会社 -おすすめ -比較 -ランキング -求人 -まとめ
活動実績,https://ssfsme.com/work,,,,越谷市,越谷市 美容業界 販促支援会社 -おすすめ -比較 -ランキング -求人 -まとめ
お客さまリンク集,https://www.appredyna.com/link2,,,,越谷市,越谷市 美容業界 販促支援会社 -おすすめ -比較 -ランキング -求人 -まとめ
実績・事例,https://bellmedia.co.jp/case.html,,,,越谷市,越谷市 美容業界 販促支援会社 -おすすめ -比較 -ランキング -求人 -まとめ
就労継続 支援 A型事業所における地域連携活動実施状況報告書,https://www.stara.co.jp/wp/wp-content/uploads/2021/04/%E7%B5%90%E5%90%88%E6%B8%88%E3%81%BF_%E3%80%90%E5%88%A5%E7%B4%99%E3%80%91%E5%85%AC%E8%A1%A8%E6%A7%98%E5%BC%8F%E3%83%BB%E5%9C%B0%E5%9F%9F%E9%80%A3%E6%90%BA%E6%B4%BB%E5%8B%95%E5%A0%B1%E5%91%8A%E6%9B%B8.pdf,,,,越谷市,越谷市 飲食店 販促支援会社 -おすすめ -比較 -ランキング -求人 -まとめ
職場体験実習をご希望の際は、（公財）東京しごと財団へご連絡 ...,https://www.shigotozaidan.or.jp/shkn/company/workplace_experience-based_training/documents/20240915.pdf,,,,越谷市,越谷市 飲食店 販促支援会社 -おすすめ -比較 -ランキング -求人 -まとめ
会社 概要,http://www.ion-plan.net/500205936,,,,越谷市,越谷市 住宅会社 マーケティング支援 -おすすめ -比較 -ランキング -求人 -まとめ
有限 会社 櫟 工務店,https://www.ichii-koumuten.com/,,,,越谷市,越谷市 工務店 集客支援会社 -おすすめ -比較 -ランキング -求人 -まとめ
メンバー情報 建設業界案件受発注、会員特価の商材・サービスなど ...,https://gcuni.com/index.php/member?paging=17&all_total=302&,,,,越谷市,越谷市 工務店 集客支援会社 -おすすめ -比較 -ランキング -求人 -まとめ
できること,https://www.smileplusctg.com/services.html,,,,越谷市,越谷市 士業 Web集客支援 -おすすめ -比較 -ランキング -求人 -まとめ
お問い合わせ CONTACT,https://www.nbsm.jp/contact.php,,,,越谷市,越谷市 ホテル 集客支援会社 -おすすめ -比較 -ランキング -求人 -まとめ
（仮称）レイクタウンアリーナ,https://www.mext.go.jp/sports/content/20260508-spt_sposeisy-000049472_1.pdf,,,,越谷市,越谷市 ホテル 集客支援会社 -おすすめ -比較 -ランキング -求人 -まとめ
事業内容［BUSINESS］,https://honmono-japan.co.jp/business.html,,,,越谷市,越谷市 ホテル 集客支援会社 -おすすめ -比較 -ランキング -求人 -まとめ
会社 案内,https://www.advance1997.co.jp/kaori/company/,,,,越谷市,越谷市 ホテル 集客支援会社 -おすすめ -比較 -ランキング -求人 -まとめ
地域プロモーション 映像（ブランディング・ PR ）-自治体,https://sheepluck.com/regional-promotion/,,,,越谷市,越谷市 地域プロモーション会社 -おすすめ -比較 -ランキング -求人 -まとめ
地元高校生と連携！ 地域 企業の魅力発掘と取材体験,https://miraichallenge-koshigaya.com/collaboration/%E5%9C%B0%E5%85%83%E9%AB%98%E6%A0%A1%E7%94%9F%E3%81%A8%E9%80%A3%E6%90%BA%EF%BC%81%E5%9C%B0%E5%9F%9F%E4%BC%81%E6%A5%AD%E3%81%AE%E9%AD%85%E5%8A%9B%E7%99%BA%E6%8E%98%E3%81%A8%E5%8F%96%E6%9D%90%E4%BD%93/,,,,越谷市,越谷市 地域プロモーション会社 -おすすめ -比較 -ランキング -求人 -まとめ
地域 デザインラボさいたまの紹介による株式 会社 キージェントから ...,https://www.saitamaresona.co.jp/labtama/common/pdf/hometown_tax/koshigaya_03.pdf,,,,越谷市,越谷市 地域プロモーション会社 -おすすめ -比較 -ランキング -求人 -まとめ
地域 活性化事業,http://laccess.net/?page_id=86,,,,越谷市,越谷市 地域プロモーション会社 -おすすめ -比較 -ランキング -求人 -まとめ
越谷 WEB 広告 セミナーを実施,https://bpr-s.jp/bpr/koshigaya20230124/,,,,越谷市,越谷市 広告代理店 中小企業向け -おすすめ -比較 -ランキング -求人 -まとめ
IRIS,https://www.iris-laketown.com/,,,,越谷市,越谷市 広告代理店 中小企業向け -おすすめ -比較 -ランキング -求人 -まとめ
シェアオフィス(OFFICE801),https://www.koshigaya-machi.me/content/office801/,,,,越谷市,越谷市 広告代理店 中小企業向け -おすすめ -比較 -ランキング -求人 -まとめ
越谷市 の 企業 限定。,https://koshigaya-websupport-ee2x5i0.gamma.site/,,,,越谷市,越谷市 広告代理店 中小企業向け -おすすめ -比較 -ランキング -求人 -まとめ
マーケティングの コンサルティング アウトソーシング事業 お節介な ...,https://www.business-plus.net/interview/1906/k4865.html,,,,越谷市,越谷市 Webコンサルティング 地域企業 -おすすめ -比較 -ランキング -求人 -まとめ
地域 とのつながり,https://www.komorisafety.co.jp/company/pg7834.html,,,,越谷市,越谷市 Webコンサルティング 地域企業 -おすすめ -比較 -ランキング -求人 -まとめ
歯科 医院開業 支援,https://sunnysidelife.jp/dentalstartup/,,,,千葉市,千葉市 歯科 集客支援会社 -おすすめ -比較 -ランキング -求人 -まとめ
格安 歯科 医療機器販売なら株式 会社 前仲原物産,https://may-dental.com/company/,,,,千葉市,千葉市 歯科 集客支援会社 -おすすめ -比較 -ランキング -求人 -まとめ
あんしんホーム様,https://e-nexts.co.jp/works-post/anshin-homes/,,,,千葉市,千葉市 医療 Webマーケティング会社 -おすすめ -比較 -ランキング -求人 -まとめ
事業内容,https://weico.jp/business,,,,千葉市,千葉市 美容業界 販促支援会社 -おすすめ -比較 -ランキング -求人 -まとめ
千葉市 トライアル発注認定事業,https://www.city.chiba.jp/keizainosei/keizai/sangyo/documents/r1trial_catalog.pdf,,,,千葉市,千葉市 美容業界 販促支援会社 -おすすめ -比較 -ランキング -求人 -まとめ
【フェヴリナ様ゲスト登壇】リピート通販の売上拡大に必要な顧客 ...,https://penglue.jp/event/202011.html?utm_source=Co-sponsored_seminar&utm_medium=bci,,,,千葉市,千葉市 美容業界 販促支援会社 -おすすめ -比較 -ランキング -求人 -まとめ
Vege+us ベジタスグループ,https://vegetus.co.jp/service.php,,,,千葉市,千葉市 飲食店 販促支援会社 -おすすめ -比較 -ランキング -求人 -まとめ
千葉 県 飲食店 経営サポート 税理士法人フロイデ,https://www.freuden.or.jp/food/jirei.html,,,,千葉市,千葉市 飲食店 販促支援会社 -おすすめ -比較 -ランキング -求人 -まとめ
Untitled,https://www.chiba-cgc.or.jp/wp/wp-content/uploads/2020/11/josei-web.pdf,,,,千葉市,千葉市 飲食店 販促支援会社 -おすすめ -比較 -ランキング -求人 -まとめ
株式 会社 拓匠開発／千葉県 千葉市,https://www.zentaku.or.jp/about/research_project/renovation/renovation-10619/,,,,千葉市,千葉市 住宅会社 マーケティング支援 -おすすめ -比較 -ランキング -求人 -まとめ
株式 会社 ジャパン マーケティング （令和2年1月14日登録）,https://www.pref.chiba.lg.jp/koyou/worklifebalance/portalsite/ikiiki/h31/19-65.html,,,,千葉市,千葉市 住宅会社 マーケティング支援 -おすすめ -比較 -ランキング -求人 -まとめ
旭化成ホームズ株式 会社住宅 事業 千葉 ・茨城本部と提携 歯科医療 ...,https://www.nikkei.com/nkd/disclosure/tdnr/20250911556404/,,,,千葉市,千葉市 住宅会社 マーケティング支援 -おすすめ -比較 -ランキング -求人 -まとめ
データエンジニア_ 千葉 勤務_DK5,https://js02.jposting.net/chibabank/u/job.phtml?job_code=145,,,,千葉市,千葉市 住宅会社 マーケティング支援 -おすすめ -比較 -ランキング -求人 -まとめ
株式 会社 菅谷 工務店 さま,https://www.kairosmarketing.net/kairos3/showcase/center-home,,,,千葉市,千葉市 工務店 集客支援会社 -おすすめ -比較 -ランキング -求人 -まとめ
士業 専門の 集客Web マーケティング 支援,https://samurai-support.site/,,,,千葉市,千葉市 士業 Web集客支援 -おすすめ -比較 -ランキング -求人 -まとめ
【 千葉 】事業承継 支援 機関向けセミナー「 集客 ができる事業承継 ...,https://www.shoukei.or.jp/archives/info/528,,,,千葉市,千葉市 士業 Web集客支援 -おすすめ -比較 -ランキング -求人 -まとめ
千葉市 産業振興財団,https://www.chibashi-sangyo.or.jp/expert/detail.php?expert_no=506,,,,千葉市,千葉市 学習塾 Webマーケティング -おすすめ -比較 -ランキング -求人 -まとめ
令和7年度幕張新都心ビジネススクール,https://www.city.ichihara.chiba.jp/article?articleId=692e770ca901f26670ed69c0,,,,千葉市,千葉市 学習塾 Webマーケティング -おすすめ -比較 -ランキング -求人 -まとめ
公益社団法人 千葉市 観光協会,https://www.chibacity-ta.or.jp/spots/chibacity-ta/,,,,千葉市,千葉市 地域プロモーション会社 -おすすめ -比較 -ランキング -求人 -まとめ
代表取締役・川上鉄太郎が 千葉市 「グリーンエリア プロモーション ...,https://chiba.farm/news/2007_green/,,,,千葉市,千葉市 地域プロモーション会社 -おすすめ -比較 -ランキング -求人 -まとめ
会社 概要,https://www.e-next.co.jp/company.html,,,,千葉市,千葉市 地域プロモーション会社 -おすすめ -比較 -ランキング -求人 -まとめ
地域プロモーション,https://www.adexplus.com/job-content/%E5%9C%B0%E5%9F%9F%E3%83%97%E3%83%AD%E3%83%A2%E3%83%BC%E3%82%B7%E3%83%A7%E3%83%B3/,,,,千葉市,千葉市 地域プロモーション会社 -おすすめ -比較 -ランキング -求人 -まとめ
広告代理店 事業,https://www.zenei-pro.jp/service_advertising/,,,,千葉市,千葉市 広告代理店 中小企業向け -おすすめ -比較 -ランキング -求人 -まとめ
プロフィール – 代表取締役 千葉 一生,https://one-birth.co.jp/profile/,,,,千葉市,千葉市 広告代理店 中小企業向け -おすすめ -比較 -ランキング -求人 -まとめ
【会員 企業 の取り組み事例withコロナ】社員と共に地域を豊かにする ...,https://chiba.doyu.jp/news/%E3%80%90%E4%BC%9A%E5%93%A1%E4%BC%81%E6%A5%AD%E3%81%AE%E5%8F%96%E3%82%8A%E7%B5%84%E3%81%BF%E4%BA%8B%E4%BE%8Bwith%E3%82%B3%E3%83%AD%E3%83%8A%E3%80%91%E7%A4%BE%E5%93%A1%E3%81%A8%E5%85%B1%E3%81%AB-3.html,,,,千葉市,千葉市 広告代理店 中小企業向け -おすすめ -比較 -ランキング -求人 -まとめ
医療法人社団慈善会ぜんり 歯科 内科クリニック（ 船橋市 ）,https://gmo-clinic-map.com/hospital/ref/mdom7e0w5,,,,船橋市,船橋市 歯科 集客支援会社 -おすすめ -比較 -ランキング -求人 -まとめ
集客 施設が近い アーカイブ,https://www.saera-ph.co.jp/properties_icon/syukyaku/,,,,船橋市,船橋市 歯科 集客支援会社 -おすすめ -比較 -ランキング -求人 -まとめ
コンサルティング 事業,https://chibacool.co.jp/service/consultingbusiness/,,,,千葉市,千葉市 Webコンサルティング 地域企業 -おすすめ -比較 -ランキング -求人 -まとめ
株式会社ミライノラボ 地方創生のための実践型 コンサルティング,https://mirainolab.co.jp/,,,,千葉市,千葉市 Webコンサルティング 地域企業 -おすすめ -比較 -ランキング -求人 -まとめ
地域 の お客さまの ベスト・コンサルタント,https://www.chibakogyo-bank.co.jp/about/management-strategy/relay/pdf/relay_01.pdf,,,,千葉市,千葉市 Webコンサルティング 地域企業 -おすすめ -比較 -ランキング -求人 -まとめ
大塚製薬株式 会社,https://www.city.funabashi.lg.jp/kurashi/chiiki/005/p112127.html,,,,船橋市,船橋市 医療 Webマーケティング会社 -おすすめ -比較 -ランキング -求人 -まとめ
Partners Owner パートナーズオーナー,https://jc-b.co.jp/partnersowner/,,,,船橋市,船橋市 美容業界 販促支援会社 -おすすめ -比較 -ランキング -求人 -まとめ
サービスのご案内,https://bepros.net/our-servcies/,,,,船橋市,船橋市 美容業界 販促支援会社 -おすすめ -比較 -ランキング -求人 -まとめ
会社 概要,https://magome.jp/company-overview/,,,,船橋市,船橋市 飲食店 販促支援会社 -おすすめ -比較 -ランキング -求人 -まとめ
お知らせ News,https://yamada-syokuhin.co.jp/blogs/post,,,,船橋市,船橋市 飲食店 販促支援会社 -おすすめ -比較 -ランキング -求人 -まとめ
会員企業,https://sfh-net.or.jp/company/,,,,船橋市,船橋市 飲食店 販促支援会社 -おすすめ -比較 -ランキング -求人 -まとめ
プライバシーポリシー,https://asahi-funabashi.sakura.ne.jp/privacy/,,,,船橋市,船橋市 住宅会社 マーケティング支援 -おすすめ -比較 -ランキング -求人 -まとめ
理想の家づくりはここから。 船橋 ・八千代・千葉・市川の注文 住宅,https://original.visio-r.co.jp/property_area_category/funabashi/,,,,船橋市,船橋市 住宅会社 マーケティング支援 -おすすめ -比較 -ランキング -求人 -まとめ
なかたに,https://nakataniayano.com/wp-content/uploads/2023/01/A4_mitsuori.pdf,,,,船橋市,船橋市 住宅会社 マーケティング支援 -おすすめ -比較 -ランキング -求人 -まとめ
VISIO 船橋 行田,https://visio-vj.co.jp/gyoda/,,,,船橋市,船橋市 住宅会社 マーケティング支援 -おすすめ -比較 -ランキング -求人 -まとめ
【新築一戸建て】 船橋市 習志野台1丁目の物件詳細,https://www.i-unit.co.jp/detail/1/11531791/,,,,船橋市,船橋市 住宅会社 マーケティング支援 -おすすめ -比較 -ランキング -求人 -まとめ
スタッフ紹介,https://www.welcome-home.jp/staff/,,,,船橋市,船橋市 住宅会社 マーケティング支援 -おすすめ -比較 -ランキング -求人 -まとめ
【住宅業界向け】今日から変わる仕事術！AI導入、業務効率化,https://blog.re-feed.jp/seminar/241213_seminar/,,,,船橋市,船橋市 工務店 集客支援会社 -おすすめ -比較 -ランキング -求人 -まとめ
受注 支援,http://www.akiyamalumbers.co.jp/support/,,,,船橋市,船橋市 工務店 集客支援会社 -おすすめ -比較 -ランキング -求人 -まとめ
ふなばし起業スクール2023下期,https://kigyo-seminar.net/funabashi2023shimoki/,,,,船橋市,船橋市 士業 Web集客支援 -おすすめ -比較 -ランキング -求人 -まとめ
運営者情報,https://shukyaku-lab.com/about,,,,船橋市,船橋市 士業 Web集客支援 -おすすめ -比較 -ランキング -求人 -まとめ
イキイキするきっかけ,https://chiikinews.co.jp/wp-content/uploads/2018/09/gyosei.pdf,,,,船橋市,船橋市 地域プロモーション会社 -おすすめ -比較 -ランキング -求人 -まとめ
株式会社モビリィ,https://www.e-funabashi.com/archives/fccimember/mobily,,,,船橋市,船橋市 広告代理店 中小企業向け -おすすめ -比較 -ランキング -求人 -まとめ
パートナー募集,https://asutime.co.jp/partner/,,,,船橋市,船橋市 広告代理店 中小企業向け -おすすめ -比較 -ランキング -求人 -まとめ
千葉県 船橋市 、八千代市のホームページ制作事務所 Liberadiant ...,https://liberadiant-webpartner.com/,,,,船橋市,船橋市 Webコンサルティング 地域企業 -おすすめ -比較 -ランキング -求人 -まとめ
千葉県 船橋市 のホームページ制作会社,https://yui-eir.com/company/,,,,船橋市,船橋市 Webコンサルティング 地域企業 -おすすめ -比較 -ランキング -求人 -まとめ
パートナー紹介,https://www.hrs-j.com/jppartners/,,,,柏市,柏市 歯科 集客支援会社 -おすすめ -比較 -ランキング -求人 -まとめ
ホワイトエッセンス御茶ノ水デンタルクリニックの声,https://www.whiteessence.co.jp/we-system/storelist/ochanomizu,,,,柏市,柏市 歯科 集客支援会社 -おすすめ -比較 -ランキング -求人 -まとめ
実績紹介,http://www.unifactor.co.jp/solution/business.html,,,,柏市,柏市 医療 Webマーケティング会社 -おすすめ -比較 -ランキング -求人 -まとめ
運営 会社,https://robot-fun.com/company,,,,柏市,柏市 医療 Webマーケティング会社 -おすすめ -比較 -ランキング -求人 -まとめ
Kashiwa-NEXT内視鏡勉強会,https://kashiwa-med.net/shogaikyoiku/685.pdf,,,,柏市,柏市 医療 Webマーケティング会社 -おすすめ -比較 -ランキング -求人 -まとめ
しまだおじさんの愛の輪バームクーヘン,https://www.kenkoujuku.co.jp/business/baumkuchen,,,,柏市,柏市 美容業界 販促支援会社 -おすすめ -比較 -ランキング -求人 -まとめ
渡辺 憲司,https://www.valuecreate.net/partner/watanabe/,,,,柏市,柏市 美容業界 販促支援会社 -おすすめ -比較 -ランキング -求人 -まとめ
柏市場鮮度一番のぼり旗,https://www.city.kashiwa.lg.jp/kosetsuichiba/ichiba_nobori.html,,,,柏市,柏市 飲食店 販促支援会社 -おすすめ -比較 -ランキング -求人 -まとめ
ÿþH P  T?,https://www.machidukuri-otsu.jp/chukatsu/14/file/08_1.pdf,,,,柏市,柏市 飲食店 販促支援会社 -おすすめ -比較 -ランキング -求人 -まとめ
Roles of intermediate support for urban agriculture local distribution ...,https://ryokunoju.com/wp-content/uploads/11_akitake.pdf,,,,柏市,柏市 飲食店 販促支援会社 -おすすめ -比較 -ランキング -求人 -まとめ
経営発達 支援 計画の概要,https://www.kashiwa-cci.or.jp/wp-content/uploads/2018/03/keiheihattatsu_gaiyo.pdf,,,,柏市,柏市 飲食店 販促支援会社 -おすすめ -比較 -ランキング -求人 -まとめ
リフォーム,https://www.crie-s.co.jp/images/media_20220610.pdf,,,,柏市,柏市 工務店 集客支援会社 -おすすめ -比較 -ランキング -求人 -まとめ
スマホサイトを作る時の一番の間違い,https://www.typography.jp/blog/636/,,,,柏市,柏市 工務店 集客支援会社 -おすすめ -比較 -ランキング -求人 -まとめ
会社 概要,https://kyosanjutaku.net/company.html,,,,柏市,柏市 住宅会社 マーケティング支援 -おすすめ -比較 -ランキング -求人 -まとめ
事務所概要,https://homesapo.jp/company/,,,,柏市,柏市 住宅会社 マーケティング支援 -おすすめ -比較 -ランキング -求人 -まとめ
プライバシーポリシー,https://c21.minori-kashiwa.co.jp/privacy,,,,柏市,柏市 住宅会社 マーケティング支援 -おすすめ -比較 -ランキング -求人 -まとめ
会社 概要,https://livcreation.jp/company/overview/,,,,柏市,柏市 住宅会社 マーケティング支援 -おすすめ -比較 -ランキング -求人 -まとめ
会員紹介,https://www.syonan.or.jp/member/,,,,柏市,柏市 住宅会社 マーケティング支援 -おすすめ -比較 -ランキング -求人 -まとめ
不動産の利活用,https://www.telwel-east.co.jp/products/property/assets/,,,,柏市,柏市 住宅会社 マーケティング支援 -おすすめ -比較 -ランキング -求人 -まとめ
これからも、地域密着で理想の暮らしと街づくりを,https://ig-corp.jp/case/09/,,,,柏市,柏市 住宅会社 マーケティング支援 -おすすめ -比較 -ランキング -求人 -まとめ
ウェブ サイト制作事例 ホームページ 制作のルウム,https://loom.jp/web/shukyaku/jirei_shukyaku.html,,,,柏市,柏市 学習塾 Webマーケティング -おすすめ -比較 -ランキング -求人 -まとめ
株式会社ミリオンバリューの共創プロフィール,https://auba.eiicon.net/projects/40649,,,,柏市,柏市 士業 Web集客支援 -おすすめ -比較 -ランキング -求人 -まとめ
組合員さまへ,https://www.shiga-ryokan-kumiai.jp/union-member,,,,柏市,柏市 ホテル 集客支援会社 -おすすめ -比較 -ランキング -求人 -まとめ
GRIT株式 会社,https://grit1.jp/,,,,柏市,柏市 ホテル 集客支援会社 -おすすめ -比較 -ランキング -求人 -まとめ
h2c Inc.,http://dev.h2consulting.jp/,,,,柏市,柏市 ホテル 集客支援会社 -おすすめ -比較 -ランキング -求人 -まとめ
旅館経営者の皆様へ,https://www.accomo.jp/for/owner.html,,,,柏市,柏市 ホテル 集客支援会社 -おすすめ -比較 -ランキング -求人 -まとめ
「 地域 の魅力を映像にしよう！〜撮り旅〜」プロジェクトにて千葉 ...,https://www.aoi-pro.com/jp/news/20251205/65134/,,,,柏市,柏市 地域プロモーション会社 -おすすめ -比較 -ランキング -求人 -まとめ
柏市 における取組について,https://policies.env.go.jp/policy/roadmap/assets/matching/R7_lg_shiryo_Kashiwa.pdf,,,,柏市,柏市 地域プロモーション会社 -おすすめ -比較 -ランキング -求人 -まとめ
柏市 「家族まるごと！かしわ でビューン！」,https://kick.co.jp/works/detail_199.html,,,,柏市,柏市 地域プロモーション会社 -おすすめ -比較 -ランキング -求人 -まとめ
柏市役所 地域 ブランディングプロジェクト,https://www.ranaunited.com/work/4300.html,,,,柏市,柏市 地域プロモーション会社 -おすすめ -比較 -ランキング -求人 -まとめ
事務所案内,https://mizoi-consulting.jp/about/,,,,柏市,柏市 広告代理店 中小企業向け -おすすめ -比較 -ランキング -求人 -まとめ
株式会社京葉 広告 社 千葉県 柏市 千代田3-15-15,http://www.gsl-co2.com/about/case/detail14173.html,,,,柏市,柏市 広告代理店 中小企業向け -おすすめ -比較 -ランキング -求人 -まとめ
街一体を味方につけて、コロナに挑む。『飲食したつもりで柏の ...,https://camp-fire.jp/academy/articles/casestudy-250060,,,,柏市,柏市 広告代理店 中小企業向け -おすすめ -比較 -ランキング -求人 -まとめ
会社概要,https://cyberarx.jp/company/,,,,柏市,柏市 Webコンサルティング 地域企業 -おすすめ -比較 -ランキング -求人 -まとめ
ネント合同 会社,https://nent.co.jp/,,,,横浜市,横浜市 歯科 集客支援会社 -おすすめ -比較 -ランキング -求人 -まとめ
私たちについて,https://ilabs.jp/aboutus/,,,,横浜市,横浜市 歯科 集客支援会社 -おすすめ -比較 -ランキング -求人 -まとめ
歯科 医院専門Webマーケティング,https://roar-inc.com/,,,,横浜市,横浜市 歯科 集客支援会社 -おすすめ -比較 -ランキング -求人 -まとめ
WEB 事業部分社化のお知らせ,https://www.msd-net.co.jp/news/20231201/,,,,横浜市,横浜市 医療 Webマーケティング会社 -おすすめ -比較 -ランキング -求人 -まとめ
会社 概要,https://medysis.co.jp/overview,,,,横浜市,横浜市 医療 Webマーケティング会社 -おすすめ -比較 -ランキング -求人 -まとめ
企業情報,https://yis-web.com/about/,,,,横浜市,横浜市 医療 Webマーケティング会社 -おすすめ -比較 -ランキング -求人 -まとめ
経営者育成塾＊第1弾 ～企業を成長させる秘訣～ 美容 室「Ash」の ...,https://www.idec.or.jp/event/seminar_info.html?id=558,,,,横浜市,横浜市 美容業界 販促支援会社 -おすすめ -比較 -ランキング -求人 -まとめ
のれん分け情報,http://hairsalon-season.com/support/,,,,横浜市,横浜市 美容業界 販促支援会社 -おすすめ -比較 -ランキング -求人 -まとめ
「神奈川なでしこブランド」認定商品（サービス）のご紹介,https://www.pref.kanagawa.jp/docs/z4r/nadeshiko/service.html,,,,横浜市,横浜市 美容業界 販促支援会社 -おすすめ -比較 -ランキング -求人 -まとめ
【公式】株式 会社 トライアングル,https://www.m-triangle.jp/,,,,横浜市,横浜市 飲食店 販促支援会社 -おすすめ -比較 -ランキング -求人 -まとめ
【 会社 案内】代表/取引先さま/メディア実績など。,https://kikakuman.com/gaiyo,,,,横浜市,横浜市 飲食店 販促支援会社 -おすすめ -比較 -ランキング -求人 -まとめ
会社 案内,https://yokohamasyukyaku.co.jp/about-us/,,,,横浜市,横浜市 飲食店 販促支援会社 -おすすめ -比較 -ランキング -求人 -まとめ
事業を活性化する「新製品・新サービスのトライアル導入」のご案内,https://yoxo-o.jp/su-jisso/wp/wp-content/uploads/2023/01/%E3%83%88%E3%83%A9%E3%82%A4%E3%82%A2%E3%83%AB%E5%B0%8E%E5%85%A5%E3%81%AB%E9%96%A2%E3%81%99%E3%82%8B%E3%81%94%E6%A1%88%E5%86%85.pdf,,,,横浜市,横浜市 飲食店 販促支援会社 -おすすめ -比較 -ランキング -求人 -まとめ
賛助会員検索,https://business.yokohamajapan.com/ja/members/membersearch.php?page=8,,,,横浜市,横浜市 飲食店 販促支援会社 -おすすめ -比較 -ランキング -求人 -まとめ
『選ばれるお店って何?』,https://www.kipc.or.jp/topics/.assets/%E8%B2%A9%E4%BF%83%E3%82%BB%E3%83%9F%E3%83%8A%E3%83%BC%E4%B8%89%E9%83%A8%E4%BD%9C-%E7%AC%AC%E4%BA%8C%E5%BC%BE_%E3%83%81%E3%83%A9%E3%82%B7.pdf,,,,横浜市,横浜市 飲食店 販促支援会社 -おすすめ -比較 -ランキング -求人 -まとめ
お問い合わせ,https://docoreno-yokohama.jp/contact/,,,,横浜市,横浜市 住宅会社 マーケティング支援 -おすすめ -比較 -ランキング -求人 -まとめ
株式 会社 ワックアップ,https://matching.idec.or.jp/%E6%A0%AA%E5%BC%8F%E4%BC%9A%E7%A4%BE%E3%83%AF%E3%83%83%E3%82%AF%E3%82%A2%E3%83%83%E3%83%97,,,,横浜市,横浜市 住宅会社 マーケティング支援 -おすすめ -比較 -ランキング -求人 -まとめ
アドツール開発,https://ysco.net/introduction/ad_tool/,,,,横浜市,横浜市 住宅会社 マーケティング支援 -おすすめ -比較 -ランキング -求人 -まとめ
Mozmene合同 会社,https://creatorsdatabase.acy.yafjp.org/9056,,,,横浜市,横浜市 住宅会社 マーケティング支援 -おすすめ -比較 -ランキング -求人 -まとめ
カエデスタイルの提携店 支援 サービス,https://www.kaede-style.co.jp/contact/tob/,,,,横浜市,横浜市 工務店 集客支援会社 -おすすめ -比較 -ランキング -求人 -まとめ
工務店 様業績向上コンサルティング,https://www.freedom-consulting.co.jp/%E6%A5%AD%E7%B8%BE%E5%90%91%E4%B8%8A%E3%82%B3%E3%83%B3%E3%82%B5%E3%83%AB%E3%83%86%E3%82%A3%E3%83%B3%E3%82%B0%E4%BA%8B%E6%A5%AD/%E5%B7%A5%E5%8B%99%E5%BA%97%E6%A7%98%E6%A5%AD%E7%B8%BE%E5%90%91%E4%B8%8A%E3%82%B3%E3%83%B3%E3%82%B5%E3%83%AB%E3%83%86%E3%82%A3%E3%83%B3%E3%82%B0/,,,,横浜市,横浜市 工務店 集客支援会社 -おすすめ -比較 -ランキング -求人 -まとめ
会社概要,https://web-marketing-design.com/company/,,,,横浜市,横浜市 士業 Web集客支援 -おすすめ -比較 -ランキング -求人 -まとめ
亨輔 大林,https://www.udemy.com/user/da-lin-heng-fu/?srsltid=AfmBOoryYuhsRk3AbncreYVg2-1RVEbj2hD_ovRCI-WlzjcCzOs-7wSo,,,,横浜市,横浜市 士業 Web集客支援 -おすすめ -比較 -ランキング -求人 -まとめ
2023年度 横浜市 Webマーケティング キャリアスクール,https://yokohamashi.work-school.com/,,,,横浜市,横浜市 学習塾 Webマーケティング -おすすめ -比較 -ランキング -求人 -まとめ
Web サイト制作,https://seek-consulting.jp/wp/wp-content/uploads/2022/04/%E3%82%BF%E3%82%99%E3%82%A6%E3%83%B3%E3%83%AD%E3%83%BC%E3%83%88%E3%82%99%E7%94%A8%E8%B3%87%E6%96%99.pdf,,,,横浜市,横浜市 学習塾 Webマーケティング -おすすめ -比較 -ランキング -求人 -まとめ
Webマーケティングで宿泊経営を 支援 【宿泊予約経営研究所】,https://ihr-news.jp/interview/web%E3%83%9E%E3%83%BC%E3%82%B1%E3%83%86%E3%82%A3%E3%83%B3%E3%82%B0%E3%81%A7%E5%AE%BF%E6%B3%8A%E7%B5%8C%E5%96%B6%E3%82%92%E6%94%AF%E6%8F%B4%E3%80%90%E5%AE%BF%E6%B3%8A%E4%BA%88%E7%B4%84%E7%B5%8C/,,,,横浜市,横浜市 ホテル 集客支援会社 -おすすめ -比較 -ランキング -求人 -まとめ
宿泊施設コンサルティング事業,https://www.match.ne.jp/hotel/,,,,横浜市,横浜市 ホテル 集客支援会社 -おすすめ -比較 -ランキング -求人 -まとめ
SP（セールス プロモーション ）,https://adplatz.com/service/marketing/,,,,横浜市,横浜市 地域プロモーション会社 -おすすめ -比較 -ランキング -求人 -まとめ
YOXO プロモーション 戦略プログラム 2024,https://yoxo-pr-program.com/,,,,横浜市,横浜市 地域プロモーション会社 -おすすめ -比較 -ランキング -求人 -まとめ
横浜市 の取り組みに見る、デジタル活用の 地域 ブランディング,https://www.sendenkaigi.com/marketing/media/sendenkaigi/009164/,,,,横浜市,横浜市 地域プロモーション会社 -おすすめ -比較 -ランキング -求人 -まとめ
零株式会社,https://www.rei-yokohama.co.jp/,,,,横浜市,横浜市 広告代理店 中小企業向け -おすすめ -比較 -ランキング -求人 -まとめ
サービス案内,https://www.nt-color.jp/service/,,,,横浜市,横浜市 Webコンサルティング 地域企業 -おすすめ -比較 -ランキング -求人 -まとめ
私たちについて,https://overcom.jp/aboutus/,,,,横浜市,横浜市 Webコンサルティング 地域企業 -おすすめ -比較 -ランキング -求人 -まとめ
歯科 医院売上アップ特化型ソリューションパッケージ,https://dentist-solution.com/,,,,川崎市,川崎市 歯科 集客支援会社 -おすすめ -比較 -ランキング -求人 -まとめ
企業情報,https://netspeed-industry.jp/company/,,,,川崎市,川崎市 歯科 集客支援会社 -おすすめ -比較 -ランキング -求人 -まとめ
Company,https://clemore.net/company/,,,,川崎市,川崎市 歯科 集客支援会社 -おすすめ -比較 -ランキング -求人 -まとめ
医療 用ロボット開発に向けた マーケティング会社 の共同設立,https://www.khi.co.jp/pressrelease/detail/20131021_1.html,,,,川崎市,川崎市 医療 Webマーケティング会社 -おすすめ -比較 -ランキング -求人 -まとめ
セミナー詳細,https://jmamdc.med.or.jp/seminar/seminar/37,,,,川崎市,川崎市 医療 Webマーケティング会社 -おすすめ -比較 -ランキング -求人 -まとめ
モトマーケ お役立ちコンテンツ,https://www.commoncoltd.com/category/motomarke_contents/,,,,川崎市,川崎市 医療 Webマーケティング会社 -おすすめ -比較 -ランキング -求人 -まとめ
川崎 ますみ,https://www.osaka-shindanshi.org/member/n411141/,,,,川崎市,川崎市 美容業界 販促支援会社 -おすすめ -比較 -ランキング -求人 -まとめ
株式 会社 エリアブレイン,https://www.kawasakinishihojinkai.or.jp/corporate/areabrain/,,,,川崎市,川崎市 美容業界 販促支援会社 -おすすめ -比較 -ランキング -求人 -まとめ
片山 砂恵,https://jp.linkedin.com/in/saekatayama,,,,川崎市,川崎市 美容業界 販促支援会社 -おすすめ -比較 -ランキング -求人 -まとめ
川崎市 コンベンションホール 創業 支援 セミナー,https://www.kawasakicity-ch.jp/data/sogyoshien_seminar.pdf?fbclid=IwAR30-CS9Cbqgl80l9nOpq--5YzMqi4tBeFuFm7XdwQDnqY0iWlGNkGDY3K8,,,,川崎市,川崎市 飲食店 販促支援会社 -おすすめ -比較 -ランキング -求人 -まとめ
業務実績,https://ex-excel.jp/results/,,,,川崎市,川崎市 飲食店 販促支援会社 -おすすめ -比較 -ランキング -求人 -まとめ
総務委員会資料,https://www.city.kawasaki.jp/980/cmsfiles/contents/0000151/151292/050825-006.pdf,,,,川崎市,川崎市 飲食店 販促支援会社 -おすすめ -比較 -ランキング -求人 -まとめ
半径10㎞の商圏内で圧倒的認知！ 川崎市 の工務店が行ったエリア ...,https://www.gentosha-mc.com/column/business-area-with-a-radius-of-10-km/,,,,川崎市,川崎市 住宅会社 マーケティング支援 -おすすめ -比較 -ランキング -求人 -まとめ
生成AIを活用した次世代の マーケティング ソリューション 「生成AI ...,https://www.service-innovation.co.jp/news/pr/generation-ai-press/,,,,川崎市,川崎市 住宅会社 マーケティング支援 -おすすめ -比較 -ランキング -求人 -まとめ
Trail株式 会社,https://trail-inc.co.jp/,,,,川崎市,川崎市 住宅会社 マーケティング支援 -おすすめ -比較 -ランキング -求人 -まとめ
株式 会社 UMA,https://uma-inc.jp/,,,,川崎市,川崎市 住宅会社 マーケティング支援 -おすすめ -比較 -ランキング -求人 -まとめ
会社 概要,http://yk-life.marketing/company/,,,,川崎市,川崎市 住宅会社 マーケティング支援 -おすすめ -比較 -ランキング -求人 -まとめ
今江中小企業診断士事務所: 川崎 ・横浜の中小企業診断士事務所 ...,https://tsuyocon.com/,,,,川崎市,川崎市 士業 Web集客支援 -おすすめ -比較 -ランキング -求人 -まとめ
ITが苦手＆起業家むけ Web アカデミー,https://www.womanetacademy.com/service/consulting/,,,,川崎市,川崎市 士業 Web集客支援 -おすすめ -比較 -ランキング -求人 -まとめ
大林亨輔,https://bizitai.jp/interview/obayashi_kosuke/,,,,川崎市,川崎市 士業 Web集客支援 -おすすめ -比較 -ランキング -求人 -まとめ
制作実績,https://noren-world.com/works/,,,,川崎市,川崎市 士業 Web集客支援 -おすすめ -比較 -ランキング -求人 -まとめ
コンタクトプランナー,https://builder-research.com/lp/cp/,,,,川崎市,川崎市 工務店 集客支援会社 -おすすめ -比較 -ランキング -求人 -まとめ
私たちについて,https://www.toyokoinn-itshuukyaku.com/company/,,,,川崎市,川崎市 ホテル 集客支援会社 -おすすめ -比較 -ランキング -求人 -まとめ
会社 概要,https://www.kpla-grp.jp/company/,,,,川崎市,川崎市 ホテル 集客支援会社 -おすすめ -比較 -ランキング -求人 -まとめ
「宿泊再生事業」の 3 号 4 号案件についてのご案内,https://hotel-plus-hostel.jp/assets/pdf/9h_%E4%BA%8B%E6%A5%AD%E5%86%8D%E7%94%9Fno3.4_release_f2.pdf,,,,川崎市,川崎市 ホテル 集客支援会社 -おすすめ -比較 -ランキング -求人 -まとめ
新着情報,https://www.akindo2000.net/info/page/7/,,,,川崎市,川崎市 学習塾 Webマーケティング -おすすめ -比較 -ランキング -求人 -まとめ
Kawasaki-NEDO Innovation Center,https://www.k-nic.jp/,,,,川崎市,川崎市 学習塾 Webマーケティング -おすすめ -比較 -ランキング -求人 -まとめ
協賛企業・団体募集中,https://csw-kawasaki.or.jp/wp-content/uploads/2026/03/%E7%A2%BA%E5%AE%9A_%E5%8D%94%E8%B3%9B%E5%8B%9F%E9%9B%86%E3%83%81%E3%83%A9%E3%82%B7.pdf,,,,川崎市,川崎市 地域プロモーション会社 -おすすめ -比較 -ランキング -求人 -まとめ
令和8年度シティ プロモーション 推進業務委託公募型プロポーザル,https://labid.jp/projects/45eaebb2-6528-46b7-bc78-6d9b6b8b4570,,,,川崎市,川崎市 地域プロモーション会社 -おすすめ -比較 -ランキング -求人 -まとめ
川崎市 における都市間連携の取組について,https://jprsi.go.jp/files/activity/pdf_seminar3_kawasaki.pdf,,,,川崎市,川崎市 地域プロモーション会社 -おすすめ -比較 -ランキング -求人 -まとめ
マーケティング・イノベーション – 中小企業 のCMO代行として集客 ...,https://marketing-innovation.jp/,,,,川崎市,川崎市 広告代理店 中小企業向け -おすすめ -比較 -ランキング -求人 -まとめ
組合員 向け セミナーのご案内,http://www.e-rep.jp/seminar2.html,,,,川崎市,川崎市 広告代理店 中小企業向け -おすすめ -比較 -ランキング -求人 -まとめ
ビジネスサポート研究所: 新規事業開発,https://www.sprt-biz.com/,,,,川崎市,川崎市 広告代理店 中小企業向け -おすすめ -比較 -ランキング -求人 -まとめ
"SBC Medical Group Holdings, Inc.",https://sbc-holdings.com/pdf/sbc-2026.pdf,,,,藤沢市,藤沢市 歯科 集客支援会社 -おすすめ -比較 -ランキング -求人 -まとめ
自己評価及び外部評価結果,https://kaigo.rakuraku.or.jp/kadmin/evaluation/2023/103520_erxkc.pdf,,,,藤沢市,藤沢市 歯科 集客支援会社 -おすすめ -比較 -ランキング -求人 -まとめ
事業概要,https://www.kawasaki-net.ne.jp/b_overview/,,,,川崎市,川崎市 Webコンサルティング 地域企業 -おすすめ -比較 -ランキング -求人 -まとめ
川崎 商工会議所について,https://www.kawasaki-cci.or.jp/about/,,,,川崎市,川崎市 Webコンサルティング 地域企業 -おすすめ -比較 -ランキング -求人 -まとめ
神奈川県 川崎市 多摩区 web 業者リスト,https://partner.e-shops.jp/city/14135/1/,,,,川崎市,川崎市 Webコンサルティング 地域企業 -おすすめ -比較 -ランキング -求人 -まとめ
かわさき技術士センターの紹介,https://www.kawasaki-shindanshi.jp/2023/01/angle-160/,,,,川崎市,川崎市 Webコンサルティング 地域企業 -おすすめ -比較 -ランキング -求人 -まとめ
オンラインコンサル,https://www.yuba-kaikei.com/14672431277681,,,,川崎市,川崎市 Webコンサルティング 地域企業 -おすすめ -比較 -ランキング -求人 -まとめ
新卒採用,https://recruit.caloo.co.jp/feature-new-graduate,,,,藤沢市,藤沢市 医療 Webマーケティング会社 -おすすめ -比較 -ランキング -求人 -まとめ
新規株式上場,https://www.tdb-publish.com/uploads/20250107_202412_shinkijojo.xlsx,,,,藤沢市,藤沢市 美容業界 販促支援会社 -おすすめ -比較 -ランキング -求人 -まとめ
会社 概要 C o m p a n y P r o f i l e マーナーコスメチックスが展開 ...,https://marna.co.jp/assets/document/download/marna_CompanyProfile.pdf,,,,藤沢市,藤沢市 美容業界 販促支援会社 -おすすめ -比較 -ランキング -求人 -まとめ
会社 概要,https://www.iina-style.com/company,,,,藤沢市,藤沢市 住宅会社 マーケティング支援 -おすすめ -比較 -ランキング -求人 -まとめ
ショールーム,https://www.sankihome.co.jp/showroom/,,,,藤沢市,藤沢市 住宅会社 マーケティング支援 -おすすめ -比較 -ランキング -求人 -まとめ
私たちについて,https://www.reafstage.co.jp/about/,,,,藤沢市,藤沢市 住宅会社 マーケティング支援 -おすすめ -比較 -ランキング -求人 -まとめ
ご掲載に関するお問い合わせ,https://docoreno-shonan.jp/contact/,,,,藤沢市,藤沢市 住宅会社 マーケティング支援 -おすすめ -比較 -ランキング -求人 -まとめ
藤沢市 キッチンカー事業者連絡協議会,https://fujisawa-kitchencar.com/,,,,藤沢市,藤沢市 飲食店 販促支援会社 -おすすめ -比較 -ランキング -求人 -まとめ
売上拡大に繋げるEC専門のコールセンター/受注センター,https://on-sight.biz/ec-outsourcing,,,,藤沢市,藤沢市 飲食店 販促支援会社 -おすすめ -比較 -ランキング -求人 -まとめ
導入事例,https://www.pkbsolution.co.jp/coupon/case.html,,,,藤沢市,藤沢市 飲食店 販促支援会社 -おすすめ -比較 -ランキング -求人 -まとめ
株式 会社 ミナモトが「conetto」の雇用契約・アンケート・個別 ...,https://conetto.me/news/BXDE-yIG,,,,藤沢市,藤沢市 飲食店 販促支援会社 -おすすめ -比較 -ランキング -求人 -まとめ
【建設業部会 会員限定】小さな 工務店 でもできる！AI・DX超入門 ...,https://www.fujisawa-cci.or.jp/event/dx-ai20250307/,,,,藤沢市,藤沢市 工務店 集客支援会社 -おすすめ -比較 -ランキング -求人 -まとめ
国城コンサルティング株式 会社 (本社),https://9246consul.com/company/kokushiro_consulting/,,,,藤沢市,藤沢市 工務店 集客支援会社 -おすすめ -比較 -ランキング -求人 -まとめ
会社 概要／代表者略歴,https://salonopen.com/about/company.html,,,,藤沢市,藤沢市 工務店 集客支援会社 -おすすめ -比較 -ランキング -求人 -まとめ
事務所概要,https://loop-ac.jp/office/,,,,藤沢市,藤沢市 士業 Web集客支援 -おすすめ -比較 -ランキング -求人 -まとめ
6月7日開催 湘南 藤沢 副業・起業 説明会,https://www.shonan.or.jp/scns/5788/,,,,藤沢市,藤沢市 士業 Web集客支援 -おすすめ -比較 -ランキング -求人 -まとめ
株式会社WEBMARKS,https://initial.inc/companies/A-SNUDG,,,,藤沢市,藤沢市 学習塾 Webマーケティング -おすすめ -比較 -ランキング -求人 -まとめ
第24回 湘南ビジネスコンテスト,https://fujisawa-npo.jp/event/%E7%AC%AC24%E5%9B%9E-%E6%B9%98%E5%8D%97%E3%83%93%E3%82%B8%E3%83%8D%E3%82%B9%E3%82%B3%E3%83%B3%E3%83%86%E3%82%B9%E3%83%88,,,,藤沢市,藤沢市 学習塾 Webマーケティング -おすすめ -比較 -ランキング -求人 -まとめ
ホームページ 制作・デジタル マーケティング,https://www.shonan-itcare.jp/,,,,藤沢市,藤沢市 学習塾 Webマーケティング -おすすめ -比較 -ランキング -求人 -まとめ
国際 ホテル 株式 会社,https://kokusai-hotels.com/,,,,藤沢市,藤沢市 ホテル 集客支援会社 -おすすめ -比較 -ランキング -求人 -まとめ
会社 概要,https://enoshimaedge.jp/about-us/,,,,藤沢市,藤沢市 ホテル 集客支援会社 -おすすめ -比較 -ランキング -求人 -まとめ
2019年度事業報告書,https://www.fta-shonan.jp/global-image/units/upfiles/178-1-20200629132412_b5ef96cec8b805.pdf,,,,藤沢市,藤沢市 ホテル 集客支援会社 -おすすめ -比較 -ランキング -求人 -まとめ
会社 案内,https://heartful-hospitality.com/about/,,,,藤沢市,藤沢市 ホテル 集客支援会社 -おすすめ -比較 -ランキング -求人 -まとめ
株式 会社 さんこうどう,https://www.city.fujisawa.kanagawa.jp/kikaku/shise/kekaku/sesaku/sdgs/partner/061.html,,,,藤沢市,藤沢市 地域プロモーション会社 -おすすめ -比較 -ランキング -求人 -まとめ
社会貢献活動,https://ooishi-syouten.com/contribution/,,,,藤沢市,藤沢市 地域プロモーション会社 -おすすめ -比較 -ランキング -求人 -まとめ
藤沢市 の 地域 活性化リアル宝探しイベント事例【藤沢 ...,https://takarush.co.jp/case/15880/,,,,藤沢市,藤沢市 地域プロモーション会社 -おすすめ -比較 -ランキング -求人 -まとめ
JTBコミュニケーションデザインがけん引するPPP・PFIの新手法,https://special.nikkeibp.co.jp/atclh/ONB/26/jtbcom0323/,,,,藤沢市,藤沢市 地域プロモーション会社 -おすすめ -比較 -ランキング -求人 -まとめ
COMPANY,https://www.yuhosha.co.jp/company/,,,,藤沢市,藤沢市 広告代理店 中小企業向け -おすすめ -比較 -ランキング -求人 -まとめ
子ども 向け プログラミング講座の案内メールで誤送信,https://www.security-next.com/188146,,,,藤沢市,藤沢市 広告代理店 中小企業向け -おすすめ -比較 -ランキング -求人 -まとめ
神奈川県の 中小企業 診断士といえば,https://www.ueda-consulting.com/%E7%A5%9E%E5%A5%88%E5%B7%9D%E7%9C%8C%E3%81%AE%E4%B8%AD%E5%B0%8F%E4%BC%81%E6%A5%AD%E8%A8%BA%E6%96%AD%E5%A3%AB%E3%81%A8%E3%81%84%E3%81%88%E3%81%B0/,,,,藤沢市,藤沢市 広告代理店 中小企業向け -おすすめ -比較 -ランキング -求人 -まとめ
クリニック・医院・病院の物件情報,https://tsukasakogyo.co.jp/kanagawa.html,,,,相模原市,相模原市 歯科 集客支援会社 -おすすめ -比較 -ランキング -求人 -まとめ
会社概要,https://sapionext.co.jp/about,,,,藤沢市,藤沢市 Webコンサルティング 地域企業 -おすすめ -比較 -ランキング -求人 -まとめ
藤沢市 市民ポータルサイト「ふじまど」 構築プロジェクト,https://www.deloitte.com/jp/ja/Industries/government-public/case-studies/fujimado.html,,,,藤沢市,藤沢市 Webコンサルティング 地域企業 -おすすめ -比較 -ランキング -求人 -まとめ
講座内容・講師紹介,https://jissensogyokoza.massmass.jp/naiyo-koshi/,,,,藤沢市,藤沢市 Webコンサルティング 地域企業 -おすすめ -比較 -ランキング -求人 -まとめ
WEB 作成・デザイン,https://ssz.or.jp/aruaru/topics/industry/i021,,,,相模原市,相模原市 医療 Webマーケティング会社 -おすすめ -比較 -ランキング -求人 -まとめ
支援実績 アーカイブ,https://agaruto-marketing.com/marketing/performance-agaruto/,,,,相模原市,相模原市 医療 Webマーケティング会社 -おすすめ -比較 -ランキング -求人 -まとめ
【 相模原 赤十字病院さま導入事例】止められない 医療 を守る。電子 ...,https://www.get-it.ne.jp/interview/tpm_sagamihara-sekijuji-hospital/,,,,相模原市,相模原市 医療 Webマーケティング会社 -おすすめ -比較 -ランキング -求人 -まとめ
リアボーテ製品の導入から繁盛店になるまで 支援,https://aristrendy.co.jp/relabeaute/form/,,,,相模原市,相模原市 美容業界 販促支援会社 -おすすめ -比較 -ランキング -求人 -まとめ
平成27年度補正 ものづくり・商業・サービス新展開 支援 補助金 採択 ...,https://www.chuokai-kanagawa.or.jp/main/wp-content/uploads/2020/03/27%E5%B9%B4%E5%BA%A61%E6%AC%A1%E6%8E%A1%E6%8A%9E%E8%80%85%E4%B8%80%E8%A6%A7.pdf,,,,相模原市,相模原市 美容業界 販促支援会社 -おすすめ -比較 -ランキング -求人 -まとめ
不動産・建築コンサルティングCONSULTING,https://kk-bms.co.jp/business/consulting/,,,,相模原市,相模原市 住宅会社 マーケティング支援 -おすすめ -比較 -ランキング -求人 -まとめ
プライバシーポリシー,https://www.airshome.co.jp/pp/,,,,相模原市,相模原市 住宅会社 マーケティング支援 -おすすめ -比較 -ランキング -求人 -まとめ
CHRONOS 相模原,https://kairos-m.com/case/chronos-sagamihara/,,,,相模原市,相模原市 住宅会社 マーケティング支援 -おすすめ -比較 -ランキング -求人 -まとめ
会社 案内,https://www.arthousing.net/com/,,,,相模原市,相模原市 住宅会社 マーケティング支援 -おすすめ -比較 -ランキング -求人 -まとめ
LIXIL不動産ショップ 山信アセットサービス,https://www.erajapan.co.jp/store/co-252006/,,,,相模原市,相模原市 住宅会社 マーケティング支援 -おすすめ -比較 -ランキング -求人 -まとめ
オンライン創業・経営相談会【 相模原市 産業振興財団】,https://sogyo.city.sagamihara.kanagawa.jp/event/r5-ssz-soudan/,,,,相模原市,相模原市 士業 Web集客支援 -おすすめ -比較 -ランキング -求人 -まとめ
2025.09.08 お知らせ アパホテル〈 相模原 橋本駅東〉 フランチャイズ ...,https://www.apa.co.jp/slide_new/186937,,,,相模原市,相模原市 ホテル 集客支援会社 -おすすめ -比較 -ランキング -求人 -まとめ
公益社団法人 神奈川県観光協会 会員名簿 2025,https://www.kanagawa-kankou.or.jp/storage/upload/about-site/%E8%A6%B3%E5%85%89%E5%8D%94%E4%BC%9A%E6%83%85%E5%A0%B1%E5%85%AC%E9%96%8B/%E4%BB%A4%E5%92%8C7%E5%B9%B4%E5%BA%A6%20%E4%BC%9A%E5%93%A1%E5%90%8D%E7%B0%BF.pdf,,,,相模原市,相模原市 ホテル 集客支援会社 -おすすめ -比較 -ランキング -求人 -まとめ
臨時議員総会を開催 p3,https://www.sagamihara-cci.or.jp/wp3/wp-content/uploads/2016/10/No5072016_10.pdf,,,,相模原市,相模原市 広告代理店 中小企業向け -おすすめ -比較 -ランキング -求人 -まとめ
