company_name,url,address,phone,maps_url,area_hint,query
この簡易版検索結果ページについて,https://support.yahoo-net.jp/PccSearch/s/article/H000011627,,,,会津若松市,会津若松市 Google広告 認定代理店 -おすすめ -比較 -ランキング -求人 -まとめ
企業様向け 広告,https://www.sukagawagas.co.jp/Templates/PDF/sns2023.pdf,,,,会津若松市,会津若松市 Google広告 認定代理店 -おすすめ -比較 -ランキング -求人 -まとめ
「福島県パートナーシップ制度」について,https://www.pref.fukushima.lg.jp/sec/16005c/partnership-seido-kaishi.html,,,,会津若松市,会津若松市 Google広告 認定代理店 -おすすめ -比較 -ランキング -求人 -まとめ
日立家電品正規取扱店検索,https://kadenfan.hitachi.co.jp/support/official_retailer/serp.html?offset=0&limit=30&initials=%E3%81%86,,,,会津若松市,会津若松市 Google広告 認定代理店 -おすすめ -比較 -ランキング -求人 -まとめ
お問い合わせ,https://www.fsatake.co.jp/contact/,,,,会津若松市,会津若松市 Google広告 認定代理店 -おすすめ -比較 -ランキング -求人 -まとめ
個人投資家向け会社説明会資料,https://search.sbisec.co.jp/v2/popwin/info/home/seminar/home_seminar_briefing_230329_sunautas.pdf,,,,会津若松市,会津若松市 Google広告 認定代理店 -おすすめ -比較 -ランキング -求人 -まとめ
MESSAGE,https://www.cyber-luck.info/message,,,,会津若松市,会津若松市 Google広告 認定代理店 -おすすめ -比較 -ランキング -求人 -まとめ
プライバシーポリシー,https://www.lycorp.co.jp/ja/company/privacypolicy/,,,,会津若松市,会津若松市 Google広告 認定代理店 -おすすめ -比較 -ランキング -求人 -まとめ
プライバシーセンター,https://privacy.lycorp.co.jp/ja/,,,,会津若松市,会津若松市 Google広告 認定代理店 -おすすめ -比較 -ランキング -求人 -まとめ
検索結果への広告掲載,https://www.lycbiz.com/jp/service/yahoo-ads/search_results,,,,会津若松市,会津若松市 Google広告 認定代理店 -おすすめ -比較 -ランキング -求人 -まとめ
屋外 広告 物について,https://www.city.aizuwakamatsu.fukushima.jp/docs/2009020200030/,,,,会津若松市,会津若松市 Yahoo広告 運用代理店 -おすすめ -比較 -ランキング -求人 -まとめ
プライバシーポリシー,https://discoveraizu.jp/wp-content/themes/discoveraizu/pdf/privacypolicy_jp.pdf,,,,会津若松市,会津若松市 Yahoo広告 運用代理店 -おすすめ -比較 -ランキング -求人 -まとめ
会社概要,https://hoken-pioneer.com/company/,,,,会津若松市,会津若松市 Yahoo広告 運用代理店 -おすすめ -比較 -ランキング -求人 -まとめ
令和7年度 一般財団法人 会津若松市 勤労者福祉サービスセンター ...,https://assistaizu.or.jp/wp-content/uploads/2025/06/ea66e60e3d3f4a829c53fd2169689321.pdf,,,,会津若松市,会津若松市 Yahoo広告 運用代理店 -おすすめ -比較 -ランキング -求人 -まとめ
みなとバス説明資料,https://wwwtb.mlit.go.jp/tohoku/content/000373134.pdf,,,,会津若松市,会津若松市 Yahoo広告 運用代理店 -おすすめ -比較 -ランキング -求人 -まとめ
導入事例,https://www.fsastech.com/ja-jp/customer-stories/,,,,会津若松市,会津若松市 Meta広告 運用支援会社 -おすすめ -比較 -ランキング -求人 -まとめ
ニュース,https://www.metawater.co.jp/news/2018/,,,,会津若松市,会津若松市 Meta広告 運用支援会社 -おすすめ -比較 -ランキング -求人 -まとめ
2025年度 減免措置の認定を受けた事業所に係る情報の公表,https://www.enecho.meti.go.jp/category/saving_and_new/saiene/kaitori/dl/2025genmen_kouhyo.pdf,,,,会津若松市,会津若松市 Meta広告 運用支援会社 -おすすめ -比較 -ランキング -求人 -まとめ
令和7年度補正予算を活用した「交通空白」解消の 支援 メニューの ...,https://www.mlit.go.jp/sogoseisaku/transport/content/001984957.pdf,,,,会津若松市,会津若松市 Meta広告 運用支援会社 -おすすめ -比較 -ランキング -求人 -まとめ
工事請負有資格者名簿（役務の提供等（リース・レンタル含む））,https://www.town.aizumisato.fukushima.jp/material/files/group/2/05_buppin-ekimu.pdf,,,,会津若松市,会津若松市 Meta広告 運用支援会社 -おすすめ -比較 -ランキング -求人 -まとめ
日本で初めて公共交通機関の車内にVisaのタッチ決済を導入！,https://www.visa.co.jp/about-visa/newsroom/press-releases/nr-jp-200721.html,,,,会津若松市,会津若松市 Meta広告 運用支援会社 -おすすめ -比較 -ランキング -求人 -まとめ
プライバシーポリシー,https://salon-myearth.jp/privacy-policy,,,,会津若松市,会津若松市 Meta広告 運用支援会社 -おすすめ -比較 -ランキング -求人 -まとめ
会社 概要,https://www.biyori.co.jp/company/,,,,会津若松市,会津若松市 TikTok広告 運用会社 -おすすめ -比較 -ランキング -求人 -まとめ
ふくしま「若者×メディア芸術×デジタル」推進事業にてモバイル ...,https://www.ibis.ne.jp/20231130-fukushima_media_art/,,,,会津若松市,会津若松市 TikTok広告 運用会社 -おすすめ -比較 -ランキング -求人 -まとめ
Untitled,https://www.gyoda-kankoukyoukai.jp/wp-content/uploads/2025/07/6c2884780b98033c2acb9cf9773d8bd0.pdf,,,,会津若松市,会津若松市 TikTok広告 運用会社 -おすすめ -比較 -ランキング -求人 -まとめ
プライバシーポリシー,https://www.rereco.net/policy,,,,会津若松市,会津若松市 TikTok広告 運用会社 -おすすめ -比較 -ランキング -求人 -まとめ
ウェブマスター検定 合格者：橋本 富久,https://www.ajsa-seo.org/goukakusha-t-hashimoto/,,,,会津若松市,会津若松市 TikTok広告 運用会社 -おすすめ -比較 -ランキング -求人 -まとめ
Evening Music Records Inc.,https://meetsmore.com/p/ZgKIYOtEH0PaqmmR/multilingual-site-development,,,,会津若松市,会津若松市 TikTok広告 運用会社 -おすすめ -比較 -ランキング -求人 -まとめ
「    の活用率9割」楽天ショップ・オブ・ザ・イヤー受賞店の共通 ...,https://dxmagazine.jp/news/2506uk6/,,,,会津若松市,会津若松市 TikTok広告 運用会社 -おすすめ -比較 -ランキング -求人 -まとめ
「Buzz Travel」リリース！総フォロワー数150万人以上のインフル ...,https://travelspot.jp/618535/,,,,会津若松市,会津若松市 TikTok広告 運用会社 -おすすめ -比較 -ランキング -求人 -まとめ
会社 概要,https://www.officeohana-aizu.com/about-4,,,,会津若松市,会津若松市 Instagram広告 運用会社 -おすすめ -比較 -ランキング -求人 -まとめ
集客構想デザイン,https://yamaguchitakehisa.com/home/,,,,会津若松市,会津若松市 Instagram広告 運用会社 -おすすめ -比較 -ランキング -求人 -まとめ
湊町フォト&動画コンテスト,https://minato-contest.com/,,,,会津若松市,会津若松市 Instagram広告 運用会社 -おすすめ -比較 -ランキング -求人 -まとめ
会津若松 のホームページ制作・Webデザイン,https://aizu-webplan.com/,,,,会津若松市,会津若松市 LINE広告 運用会社 -おすすめ -比較 -ランキング -求人 -まとめ
福島ホームページ 制作 デザイン事務所ブリンクデザイン,https://blinkdesign.jp/,,,,会津若松市,会津若松市 Web広告 クリエイティブ制作会社 -おすすめ -比較 -ランキング -求人 -まとめ
会社 概要,https://www.aizu-city.net/imekuri/%E4%BC%9A%E7%A4%BE%E6%A6%82%E8%A6%81.html,,,,会津若松市,会津若松市 Web広告 クリエイティブ制作会社 -おすすめ -比較 -ランキング -求人 -まとめ
株式 会社 ディーシーシー(DCC INC.),https://dcc-co.jp/,,,,会津若松市,会津若松市 Web広告 クリエイティブ制作会社 -おすすめ -比較 -ランキング -求人 -まとめ
地域特化型M&A・経営資源引継ぎWebメディア「ツグナラ福島」,https://tgnr.jp/fukushima/?post_type=post&p=9219,,,,会津若松市,会津若松市 広告分析 改善支援会社 -おすすめ -比較 -ランキング -求人 -まとめ
会社 概要,https://neoplanning.net/%E4%BC%9A%E7%A4%BE%E6%A6%82%E8%A6%81/,,,,会津若松市,会津若松市 デジタル広告 コンサルティング会社 -おすすめ -比較 -ランキング -求人 -まとめ
臼井 翼,https://www.fukushima-message.com/innovator/index.php?innovator_id=128,,,,会津若松市,会津若松市 デジタル広告 コンサルティング会社 -おすすめ -比較 -ランキング -求人 -まとめ
地域 ：福島県 会津若松市 業種 ：Web コンサルティング,https://biz-maps.com/s/cities/072028/m-inds/277,,,,会津若松市,会津若松市 デジタル広告 コンサルティング会社 -おすすめ -比較 -ランキング -求人 -まとめ
Canva Caravan in 会津若松,https://canva-caravan.jimdoweb.com/aizuwakamatsu/,,,,会津若松市,会津若松市 デジタル広告 コンサルティング会社 -おすすめ -比較 -ランキング -求人 -まとめ
民報アド,https://minpoad.jp/,,,,会津若松市,会津若松市 デジタル広告 コンサルティング会社 -おすすめ -比較 -ランキング -求人 -まとめ
会津若松市 地域課題解決型先端サービス実装化 支援 事業補助金,https://www.mirasapo.jp/subsidy/37634,,,,会津若松市,会津若松市 中小企業 広告運用支援 -おすすめ -比較 -ランキング -求人 -まとめ
販促セミナー「筆ペンで描く！和風のPOP 広告 」（2/24/2010）,http://www.aizu-cci.or.jp/a-cci-inC4/seminar/s2010/s2010-2.htm,,,,会津若松市,会津若松市 中小企業 広告運用支援 -おすすめ -比較 -ランキング -求人 -まとめ
1,https://www.jilc.or.jp/files/libs/425/202009241124135708.pdf,,,,会津若松市,会津若松市 中小企業 広告運用支援 -おすすめ -比較 -ランキング -求人 -まとめ
ウェブ 広告 マネージャー講座 powered by WACA,https://wad.waca.or.jp/,,,,いわき市,いわき市 Google広告 認定代理店 -おすすめ -比較 -ランキング -求人 -まとめ
いわき 営業所,https://corporate.jp.canon/profile/group/system-and-support/office/hokkaido-tohoku/iwaki,,,,いわき市,いわき市 Google広告 認定代理店 -おすすめ -比較 -ランキング -求人 -まとめ
ときわ亭B級グルメ 認定 ！とろっと卵のブタカラ丼 いわき 駅前店,https://www.ubereats.com/jp/store/%E3%81%A8%E3%81%8D%E3%82%8F%E4%BA%ADb%E7%B4%9A%E3%82%AF%E3%83%AB%E3%83%A1%E8%AA%8D%E5%AE%9A!%E3%81%A8%E3%82%8D%E3%81%A3%E3%81%A8%E5%8D%B5%E3%81%AE%E3%83%95%E3%82%BF%E3%82%AB%E3%83%A9%E4%B8%BC-%E3%81%84%E3%82%8F%E3%81%8D%E9%A7%85%E5%89%8D%E5%BA%97/UqHUW9TKUVeBFpZQ1aiOsA?srsltid=AfmBOoqLQxyJVM-eFQrNBWMOLPZw3i2Xt_RBqDJHVIvup5Gz8XdGvHZw,,,,いわき市,いわき市 Google広告 認定代理店 -おすすめ -比較 -ランキング -求人 -まとめ
企業・団体名 業務内容 連絡先,https://iwaki-sangakukan.com/wp-content/uploads/2025/10/5800cf75c934e4de3d0e4a571ef30a38.pdf,,,,いわき市,いわき市 Yahoo広告 運用代理店 -おすすめ -比較 -ランキング -求人 -まとめ
秋南企画,https://shunankikaku.studio.site/,,,,いわき市,いわき市 Yahoo広告 運用代理店 -おすすめ -比較 -ランキング -求人 -まとめ
ユニバース株式会社,https://baseconnect.in/companies/fba2cfcb-c934-4945-994b-114c530f073b,,,,いわき市,いわき市 Yahoo広告 運用代理店 -おすすめ -比較 -ランキング -求人 -まとめ
ホーム,https://create-lily.jimdofree.com/,,,,いわき市,いわき市 Yahoo広告 運用代理店 -おすすめ -比較 -ランキング -求人 -まとめ
令和8年度 いわき市 入札参加有資格者名簿 （市内業者） 【役務の ...,https://www.city.iwaki.lg.jp/www/contents/1617250180170/simple/05_080401_ekimu_sinai.pdf,,,,いわき市,いわき市 Yahoo広告 運用代理店 -おすすめ -比較 -ランキング -求人 -まとめ
HoiHoi VISION,https://ooh-portal.jp/property/hoihoi%E3%80%80vision,,,,いわき市,いわき市 Yahoo広告 運用代理店 -おすすめ -比較 -ランキング -求人 -まとめ
佐藤 章哉のプロフィール,https://youtrust.jp/users/b06a8a542466bed23a04e44fbd60462a,,,,いわき市,いわき市 Meta広告 運用支援会社 -おすすめ -比較 -ランキング -求人 -まとめ
プライバシーポリシー,https://tarachineiwaki.org/privacy,,,,いわき市,いわき市 Meta広告 運用支援会社 -おすすめ -比較 -ランキング -求人 -まとめ
サービスの流れ,https://plumarke.co.jp/service/flow/,,,,いわき市,いわき市 Meta広告 運用支援会社 -おすすめ -比較 -ランキング -求人 -まとめ
Seed by Ceep,https://seedbyceep.com/,,,,いわき市,いわき市 Meta広告 運用支援会社 -おすすめ -比較 -ランキング -求人 -まとめ
株式 会社 TYOの共創プロフィール,https://auba.eiicon.net/projects/42356,,,,いわき市,いわき市 TikTok広告 運用会社 -おすすめ -比較 -ランキング -求人 -まとめ
株式 会社 ブルーピクトの不動産 会社 情報,https://www.rakumachi.jp/property/realtor/DwRLLCyRQzg%253D,,,,いわき市,いわき市 TikTok広告 運用会社 -おすすめ -比較 -ランキング -求人 -まとめ
いわき市 出身・早坂架威さん クリエーター集団「ごっこ倶楽部」で ...,https://iwaki-minpo.co.jp/news/2024/08/297646/,,,,いわき市,いわき市 TikTok広告 運用会社 -おすすめ -比較 -ランキング -求人 -まとめ
常磐興産株式 会社 ［クリエイティブ事例］,https://shufu.eole.co.jp/case/case070/,,,,いわき市,いわき市 Instagram広告 運用会社 -おすすめ -比較 -ランキング -求人 -まとめ
株式 会社 エム LINE 様,https://officeport.net/works/635/,,,,いわき市,いわき市 LINE広告 運用会社 -おすすめ -比較 -ランキング -求人 -まとめ
Third Creative サードクリエイティヴ、デザイン、 広告制作 、 web ...,http://www.third3.jp/gaiyou.html,,,,いわき市,いわき市 Web広告 クリエイティブ制作会社 -おすすめ -比較 -ランキング -求人 -まとめ
ABOUT,https://shanme.jp/about/about,,,,いわき市,いわき市 Web広告 クリエイティブ制作会社 -おすすめ -比較 -ランキング -求人 -まとめ
当社について,https://sun-sol.jp/about/,,,,いわき市,いわき市 広告分析 改善支援会社 -おすすめ -比較 -ランキング -求人 -まとめ
事業拠点,https://kureha-service.co.jp/company/business-base.php,,,,いわき市,いわき市 広告分析 改善支援会社 -おすすめ -比較 -ランキング -求人 -まとめ
マジメな事業だからこそ「外」を意識しろ,https://socialsquare.life/2017/09/21/crews-voice21/,,,,いわき市,いわき市 広告分析 改善支援会社 -おすすめ -比較 -ランキング -求人 -まとめ
福島・郡山のWEB集客・ホームページ制作,https://web.ait-labo.com/,,,,いわき市,いわき市 広告分析 改善支援会社 -おすすめ -比較 -ランキング -求人 -まとめ
升方 芳美,https://www.r-ict-advisor.jp/prom/chiiki_adviser/R8_profile/223_2026.pdf,,,,いわき市,いわき市 広告分析 改善支援会社 -おすすめ -比較 -ランキング -求人 -まとめ
マジメな事業だからこそ「外」を意識しろ,https://gochamaze.jp/archives/3414,,,,いわき市,いわき市 広告分析 改善支援会社 -おすすめ -比較 -ランキング -求人 -まとめ
会社 概要,https://flatnorm.com/profile/,,,,いわき市,いわき市 デジタル広告 コンサルティング会社 -おすすめ -比較 -ランキング -求人 -まとめ
いわき市 EC促進 支援 補助金（ネットショップ出店・構築）令和8年度,https://hojokin.zenkoku-keiyukai.or.jp/subsidies/13951,,,,いわき市,いわき市 中小企業 広告運用支援 -おすすめ -比較 -ランキング -求人 -まとめ
【 いわき市 】補助金・助成金：「令和8年度 EC促進 支援 対象事業の ...,https://j-net21.smrj.go.jp/snavi2/articles/182456,,,,いわき市,いわき市 中小企業 広告運用支援 -おすすめ -比較 -ランキング -求人 -まとめ
特定非営利活動法人 with IWAKI – NPO法人 with IWAKIは ...,https://with-iwaki.com/,,,,いわき市,いわき市 中小企業 広告運用支援 -おすすめ -比較 -ランキング -求人 -まとめ
REALIZE（リアライズ：アトラス合同会社）,https://homepage-kimete.com/company/%E3%83%AA%E3%82%A2%E3%83%A9%E3%82%A4%E3%82%BA/,,,,日立市,日立市 Google広告 認定代理店 -おすすめ -比較 -ランキング -求人 -まとめ
2024年,https://www.bbaa.or.jp/honback_cat/2024,,,,日立市,日立市 Google広告 認定代理店 -おすすめ -比較 -ランキング -求人 -まとめ
沿革,https://www.cthree.jp/company/history.html,,,,日立市,日立市 Google広告 認定代理店 -おすすめ -比較 -ランキング -求人 -まとめ
【2023.12.17】県北BSS最終プレゼンテーション,https://civicpower.jp/bss/news/13878/,,,,日立市,日立市 Google広告 認定代理店 -おすすめ -比較 -ランキング -求人 -まとめ
日立市 金沢町宅地分譲地,https://www.ichijo.co.jp/land/area/detail/?m_id=QS00041-2026&kbn_value=1,,,,日立市,日立市 Google広告 認定代理店 -おすすめ -比較 -ランキング -求人 -まとめ
許可番号 氏名又は名称,https://www.kouaniinkai.metro.tokyo.lg.jp/kobutsu/keisai.pdf,,,,日立市,日立市 Google広告 認定代理店 -おすすめ -比較 -ランキング -求人 -まとめ
日立 支店,https://www.adis.co.jp/shop/hitachi,,,,日立市,日立市 Yahoo広告 運用代理店 -おすすめ -比較 -ランキング -求人 -まとめ
【茨城県】茨城県北クリエイティブプロジェクト（茨城県県北振興 ...,https://shikakenin.challenge-community.jp/ibraki/,,,,日立市,日立市 Yahoo広告 運用代理店 -おすすめ -比較 -ランキング -求人 -まとめ
事業案内,https://www.sanwashouji.com/business/,,,,日立市,日立市 Yahoo広告 運用代理店 -おすすめ -比較 -ランキング -求人 -まとめ
日立市 の2週間天気(旧:10日間天気),https://tenki.jp/forecast/3/11/4010/8202/10days.html,,,,日立市,日立市 Yahoo広告 運用代理店 -おすすめ -比較 -ランキング -求人 -まとめ
株式 会社 エンツナクリエイト,https://pit-n.nagoya-cci.or.jp/company/itvendorinfo-404920250819231748/,,,,日立市,日立市 Meta広告 運用支援会社 -おすすめ -比較 -ランキング -求人 -まとめ
JICDAQ登録者リスト,https://www.jicdaq.or.jp/list/,,,,日立市,日立市 Meta広告 運用支援会社 -おすすめ -比較 -ランキング -求人 -まとめ
Volkswagen 日立,https://www.volkswagen.co.jp/ja/vw-dealer/hitachi.html,,,,日立市,日立市 TikTok広告 運用会社 -おすすめ -比較 -ランキング -求人 -まとめ
【10/19(日)千葉戦】『 日立市 の日』 優待チケット販売のご案内,https://www.mito-hollyhock.net/news/p=46141/,,,,日立市,日立市 TikTok広告 運用会社 -おすすめ -比較 -ランキング -求人 -まとめ
塗装工事をお得に依頼する方法,https://nust.jp/blog/post-22344/,,,,日立市,日立市 TikTok広告 運用会社 -おすすめ -比較 -ランキング -求人 -まとめ
日立市 3300万円 14.52% 一棟売りビル,https://www.kenbiya.com/pp4/s/ibaraki/hitachi-shi/re_4620662c51/,,,,日立市,日立市 TikTok広告 運用会社 -おすすめ -比較 -ランキング -求人 -まとめ
Craftin株式 会社,https://www.craftin.biz/,,,,日立市,日立市 TikTok広告 運用会社 -おすすめ -比較 -ランキング -求人 -まとめ
日立市 と日立製作所が、「住めば健康になるまち」実現に向けた ...,https://www.hitachi.com/ja-jp/press/articles/2025/06/0617/,,,,日立市,日立市 Instagram広告 運用会社 -おすすめ -比較 -ランキング -求人 -まとめ
会社 概要,https://www.ibako.co.jp/company/summary.html,,,,日立市,日立市 Instagram広告 運用会社 -おすすめ -比較 -ランキング -求人 -まとめ
代表プロフィール,https://appassionato.co.jp/about/profile,,,,日立市,日立市 Instagram広告 運用会社 -おすすめ -比較 -ランキング -求人 -まとめ
医療法人永慈会永井ひたちの森病院,https://hospitalsfile.doctorsfile.jp/h/1042691/,,,,日立市,日立市 LINE広告 運用会社 -おすすめ -比較 -ランキング -求人 -まとめ
ラピッドカーを 運用 しています,https://www.city.takahagi.ibaraki.jp/kurashi/shoubou_bousai_bouhan/shoubou/page003120.html,,,,日立市,日立市 LINE広告 運用会社 -おすすめ -比較 -ランキング -求人 -まとめ
会社 概要,https://adesign.jp/company_overview/,,,,日立市,日立市 Web広告 クリエイティブ制作会社 -おすすめ -比較 -ランキング -求人 -まとめ
会社 概要,https://tokino.co.jp/company/,,,,日立市,日立市 Web広告 クリエイティブ制作会社 -おすすめ -比較 -ランキング -求人 -まとめ
響株式 会社,https://hibiki310.co.jp/,,,,日立市,日立市 Web広告 クリエイティブ制作会社 -おすすめ -比較 -ランキング -求人 -まとめ
コンサルティング実績,https://www.net-squares.com/consulting-results/,,,,日立市,日立市 広告分析 改善支援会社 -おすすめ -比較 -ランキング -求人 -まとめ
【賃貸仲介】反響数アップのための自社WEBサイト立ち上げ ...,https://www.funaisoken.co.jp/solution/rental-mgmt-web_703_S017,,,,日立市,日立市 広告分析 改善支援会社 -おすすめ -比較 -ランキング -求人 -まとめ
自治体DX 推進のすすめ,https://www.ijamp.jiji.com/sympo/2024/11/_EVENT/assets/IN/pdf/2024_sendai.pdf,,,,日立市,日立市 広告分析 改善支援会社 -おすすめ -比較 -ランキング -求人 -まとめ
日立 システムズエンジニアリングサービスとスーパーメイトが店舗 ...,https://www.hitachi-systems-es.co.jp/news/news20161207.pdf,,,,日立市,日立市 広告分析 改善支援会社 -おすすめ -比較 -ランキング -求人 -まとめ
マーケティングの成果を最大化する “正しい”KPI設計＆データ 分析 講座,https://www.nikkeibp.co.jp/seminar/atcl/nxr/tre_20231121/,,,,日立市,日立市 広告分析 改善支援会社 -おすすめ -比較 -ランキング -求人 -まとめ
HUB Square HITACHI,https://hubsquarehitachi.wixsite.com/website/blank-3,,,,日立市,日立市 デジタル広告 コンサルティング会社 -おすすめ -比較 -ランキング -求人 -まとめ
S.Matsuura,https://deh.hitachi.co.jp/_users/16926707?p=4,,,,日立市,日立市 デジタル広告 コンサルティング会社 -おすすめ -比較 -ランキング -求人 -まとめ
会員紹介,https://hitachi-hojinkai.com/kaiin.html,,,,日立市,日立市 デジタル広告 コンサルティング会社 -おすすめ -比較 -ランキング -求人 -まとめ
新型コロナウイルス感染症の影響を受けた 市内の 中小企業 ・個人 ...,https://www.hitachicci.or.jp/about/bulletin/data/2020/04-2.pdf,,,,日立市,日立市 中小企業 広告運用支援 -おすすめ -比較 -ランキング -求人 -まとめ
令和4年度 新型コロナウイルス感染症対応地方創生臨時 ...,https://www.city.hitachi.lg.jp/_res/projects/default_project/_page_/001/003/277/r4_corona_keikaku.pdf,,,,日立市,日立市 中小企業 広告運用支援 -おすすめ -比較 -ランキング -求人 -まとめ
専門家データベース【マーケティング】,https://www.iis-net.or.jp/senmonkaDB/market.html,,,,日立市,日立市 中小企業 広告運用支援 -おすすめ -比較 -ランキング -求人 -まとめ
お問い合わせ,https://tokyoroof.com/contact_us/,,,,ひたちなか市,ひたちなか市 Google広告 認定代理店 -おすすめ -比較 -ランキング -求人 -まとめ
勝田整備所,https://autoservice.logisteed.com/katsuta/,,,,ひたちなか市,ひたちなか市 Google広告 認定代理店 -おすすめ -比較 -ランキング -求人 -まとめ
茨城県,https://www.chusho.meti.go.jp/keiei/antei/bousai/download/list/r07/03.xlsx,,,,ひたちなか市,ひたちなか市 Google広告 認定代理店 -おすすめ -比較 -ランキング -求人 -まとめ
本社・事業所案内,https://www.jx-nmm.com/company/network/office/index.html,,,,ひたちなか市,ひたちなか市 Google広告 認定代理店 -おすすめ -比較 -ランキング -求人 -まとめ
いばらき県央地域における暮らし・観光・広域利用施設について,https://www.city.kasama.lg.jp/sp/page/page015216.html,,,,ひたちなか市,ひたちなか市 Google広告 認定代理店 -おすすめ -比較 -ランキング -求人 -まとめ
WEB 広告運用,https://nissenpartners.co.jp/service/customer-attraction/ad-operations/,,,,ひたちなか市,ひたちなか市 Yahoo広告 運用代理店 -おすすめ -比較 -ランキング -求人 -まとめ
茨城県 ひたちなか市 の新車専門店「軽が安い」小野瀬自動車,https://onose.car-yasui.jp/,,,,ひたちなか市,ひたちなか市 Yahoo広告 運用代理店 -おすすめ -比較 -ランキング -求人 -まとめ
ひたちなか市 教育研究所,https://hitachinaka.schoolweb.ne.jp/hitachinaka,,,,ひたちなか市,ひたちなか市 Yahoo広告 運用代理店 -おすすめ -比較 -ランキング -求人 -まとめ
ひたちなか 商工会議所青年部 ひたちなか YEG 茨城,https://hitachinaka-yeg.jp/,,,,ひたちなか市,ひたちなか市 Yahoo広告 運用代理店 -おすすめ -比較 -ランキング -求人 -まとめ
庁内用名簿（編集用）,https://www.city.hitachinaka.lg.jp/_res/projects/default_project/_page_/001/015/217/7.8buppin.xls,,,,ひたちなか市,ひたちなか市 Meta広告 運用支援会社 -おすすめ -比較 -ランキング -求人 -まとめ
令和7・8年度阿見町一般(指名)競争入札参加資格有資格者名簿(物品 ...,https://www.town.ami.lg.jp/cmsfiles/contents/0000001/1471/R7-R8_service.pdf,,,,ひたちなか市,ひたちなか市 Meta広告 運用支援会社 -おすすめ -比較 -ランキング -求人 -まとめ
会社 概要,https://sennariya.co.jp/company/about/,,,,ひたちなか市,ひたちなか市 TikTok広告 運用会社 -おすすめ -比較 -ランキング -求人 -まとめ
保険見直し本舗 ひたちなか ファッションクルーズ店,https://www.hoken-ichiba.com/ibaraki/brand-29/shop-1115,,,,ひたちなか市,ひたちなか市 TikTok広告 運用会社 -おすすめ -比較 -ランキング -求人 -まとめ
61「茨城県 ひたちなか 海浜鉄道」三山ひろし・にしおかすみこ,https://www.bs-tvtokyo.co.jp/localsen/61.html,,,,ひたちなか市,ひたちなか市 TikTok広告 運用会社 -おすすめ -比較 -ランキング -求人 -まとめ
ひたちなか 商工会議所情報発信委員会SNS 運用 ポリシー,https://www.hcci.jp/pdf/policy.pdf,,,,ひたちなか市,ひたちなか市 Instagram広告 運用会社 -おすすめ -比較 -ランキング -求人 -まとめ
INSTAGRAM,https://n-code.co.jp/instagram/,,,,ひたちなか市,ひたちなか市 Instagram広告 運用会社 -おすすめ -比較 -ランキング -求人 -まとめ
茨城県/ ひたちなか市 /高野/株式 会社 常磐 広告 ／HP 制作 秘話,https://ad-tokiwa.jp/works/etc/tokiwakoukoku-hpseisakuhiwa/,,,,ひたちなか市,ひたちなか市 Web広告 クリエイティブ制作会社 -おすすめ -比較 -ランキング -求人 -まとめ
起業家向けレッスン,https://www.putipaso.com/service/entrepreneur/,,,,ひたちなか市,ひたちなか市 Web広告 クリエイティブ制作会社 -おすすめ -比較 -ランキング -求人 -まとめ
ひたちなか市 のお天気情報が新たに加わりました,https://jway.jp/contents/info/?id=744,,,,ひたちなか市,ひたちなか市 LINE広告 運用会社 -おすすめ -比較 -ランキング -求人 -まとめ
ひたちなか市 の窓ガラスフィルム施工なら国家1級技能士施工の ...,https://flowizm-film.com/hitachinaka-city/,,,,ひたちなか市,ひたちなか市 LINE広告 運用会社 -おすすめ -比較 -ランキング -求人 -まとめ
他自治体等との各種協定締結状況,https://www.city.hokota.lg.jp/page/page003831.html,,,,ひたちなか市,ひたちなか市 LINE広告 運用会社 -おすすめ -比較 -ランキング -求人 -まとめ
SCHOOL MANAGER（スクールマネージャー）,https://schoolmanager.jp/ad/,,,,ひたちなか市,ひたちなか市 広告分析 改善支援会社 -おすすめ -比較 -ランキング -求人 -まとめ
ものづくり・商業・サービス生産性向上促進補助金 第20次締切 ...,https://portal.monodukuri-hojo.jp/common/bunsho/ippan/20th/%E6%8E%A1%E6%8A%9E%E8%80%85%E3%83%AA%E3%82%B9%E3%83%88_20%E6%AC%A1%E7%B7%A0%E5%88%87.pdf,,,,ひたちなか市,ひたちなか市 広告分析 改善支援会社 -おすすめ -比較 -ランキング -求人 -まとめ
経営発達 支援 計画の概要 実施者名 (法人番号) ひたちなか 商工会議所 ...,https://www.kanto.meti.go.jp/seisaku/shokibo/ninteikeikaku/data/ibaraki/08-108.pdf,,,,ひたちなか市,ひたちなか市 広告分析 改善支援会社 -おすすめ -比較 -ランキング -求人 -まとめ
茨城県初の海外 デジタル ノマド受入拠点を一緒につくっていける方 ...,https://o-tanomi.jp/items/11501,,,,ひたちなか市,ひたちなか市 デジタル広告 コンサルティング会社 -おすすめ -比較 -ランキング -求人 -まとめ
マケサポ,https://lp.kakehashi.inc/makesapo,,,,ひたちなか市,ひたちなか市 デジタル広告 コンサルティング会社 -おすすめ -比較 -ランキング -求人 -まとめ
人材・団体サークル・ 施設を探す,https://www.genkinet-hitachinaka.jp/contents.html?type=activity&id=1908,,,,ひたちなか市,ひたちなか市 中小企業 広告運用支援 -おすすめ -比較 -ランキング -求人 -まとめ
営業・マーケティングのご相談／今スグ使える実践的ノウハウで ...,https://www.enirvana.biz/net/page01.html,,,,ひたちなか市,ひたちなか市 中小企業 広告運用支援 -おすすめ -比較 -ランキング -求人 -まとめ
会員募集,https://hitachinaka-shakyo.jp/about/member/,,,,ひたちなか市,ひたちなか市 中小企業 広告運用支援 -おすすめ -比較 -ランキング -求人 -まとめ
プライバシーポリシー,https://www.cleanestate.jp/privacy/,,,,古河市,古河市 Google広告 認定代理店 -おすすめ -比較 -ランキング -求人 -まとめ
ICT 教育が切り拓く 新しい学びのカタチ,https://www.city.ibaraki-koga.lg.jp/material/files/group/1/R3_koga10.pdf,,,,古河市,古河市 Google広告 認定代理店 -おすすめ -比較 -ランキング -求人 -まとめ
古河市 常磐町 土地,https://www.erajapan.co.jp/catalog/%E5%8F%A4%E6%B2%B3%E5%B8%82%E5%B8%B8%E7%A3%90%E7%94%BA%E3%80%80%E5%9C%9F%E5%9C%B0/97729277/,,,,古河市,古河市 Google広告 認定代理店 -おすすめ -比較 -ランキング -求人 -まとめ
第4回リユース促進に向けた懇談会 説明資料,https://www.env.go.jp/content/000317314.pdf,,,,古河市,古河市 Google広告 認定代理店 -おすすめ -比較 -ランキング -求人 -まとめ
茨城県 古河市 のホームページ制作 Web 代行 /ARTWORKS nir,https://web-daiko.com/outline.html,,,,古河市,古河市 Yahoo広告 運用代理店 -おすすめ -比較 -ランキング -求人 -まとめ
古河市 行政組織規則,https://www1.g-reiki.net/koga/reiki_honbun/r380RG00000066.html,,,,古河市,古河市 Yahoo広告 運用代理店 -おすすめ -比較 -ランキング -求人 -まとめ
会社概要,https://www.amvan.co.jp/company,,,,古河市,古河市 Yahoo広告 運用代理店 -おすすめ -比較 -ランキング -求人 -まとめ
会社概要,https://www.chuwa-p.co.jp/profile/,,,,古河市,古河市 Yahoo広告 運用代理店 -おすすめ -比較 -ランキング -求人 -まとめ
資料提供,https://www.pref.ibaraki.jp/somu/hodo/hodo/pressrelease/hodohappyoushiryou/2203/documents/250221keikakusuisinka.pdf,,,,古河市,古河市 Yahoo広告 運用代理店 -おすすめ -比較 -ランキング -求人 -まとめ
Privacy Policy,https://doctormethod.jp/privacy-policy2/,,,,古河市,古河市 Meta広告 運用支援会社 -おすすめ -比較 -ランキング -求人 -まとめ
令和7・8年度 守谷市競争入札参加資格者名簿（物品・役務）,https://www.city.moriya.ibaraki.jp/_res/projects/default_project/_page_/001/004/192/r07-08_list_buppin_r0807.pdf,,,,古河市,古河市 Meta広告 運用支援会社 -おすすめ -比較 -ランキング -求人 -まとめ
プライバシーポリシー,https://co-star.jp/privacy-policy/,,,,古河市,古河市 Meta広告 運用支援会社 -おすすめ -比較 -ランキング -求人 -まとめ
第209回 大阪市入札等監視委員会,https://www.city.osaka.lg.jp/keiyakukanzai/cmsfiles/contents/0000674/674940/shiryo2.pdf,,,,古河市,古河市 Meta広告 運用支援会社 -おすすめ -比較 -ランキング -求人 -まとめ
Cookieの取扱いについて,https://www.h-trust.co.jp/cookie/,,,,古河市,古河市 TikTok広告 運用会社 -おすすめ -比較 -ランキング -求人 -まとめ
株式 会社 飯田土建,https://www.iidadoken.com/,,,,古河市,古河市 TikTok広告 運用会社 -おすすめ -比較 -ランキング -求人 -まとめ
LINE （ライン） 越谷市公式,https://www.city.koshigaya.saitama.jp/kurashi_shisei/shisei/koho/mail_sns/line.html,,,,古河市,古河市 LINE広告 運用会社 -おすすめ -比較 -ランキング -求人 -まとめ
所沢市 LINE 公式アカウント,https://www.city.tokorozawa.saitama.jp/kenko/kenkoiryo/covid19/vaccine/LINE_OfficialAccount.html,,,,古河市,古河市 LINE広告 運用会社 -おすすめ -比較 -ランキング -求人 -まとめ
シェアリッチ株式 会社 LINE 公式アカウント構築・ 運用 支援,https://sharerich.co.jp/line/,,,,古河市,古河市 LINE広告 運用会社 -おすすめ -比較 -ランキング -求人 -まとめ
TAICHI,https://motolifez.site/portfolio,,,,古河市,古河市 Instagram広告 運用会社 -おすすめ -比較 -ランキング -求人 -まとめ
経営 支援,https://kogacci.or.jp/management/,,,,古河市,古河市 広告分析 改善支援会社 -おすすめ -比較 -ランキング -求人 -まとめ
古河市 商工だより,http://koga-sci.cloud-asp.biz/upload/file/467.pdf,,,,古河市,古河市 広告分析 改善支援会社 -おすすめ -比較 -ランキング -求人 -まとめ
茨城県常総市で人気（高評価）・近くのSEO対策 会社 ...,https://www.zehitomo.com/business/tech/web/seo-specialist/ibaraki/joso-shi,,,,古河市,古河市 デジタル広告 コンサルティング会社 -おすすめ -比較 -ランキング -求人 -まとめ
ネットショップ構築,https://kokoupz.com/%E3%82%B7%E3%82%B9%E3%83%86%E3%83%A0%E9%96%8B%E7%99%BA/%E3%83%8D%E3%83%83%E3%83%88%E3%82%B7%E3%83%A7%E3%83%83%E3%83%97%E6%A7%8B%E7%AF%89/,,,,古河市,古河市 デジタル広告 コンサルティング会社 -おすすめ -比較 -ランキング -求人 -まとめ
パンフレット作成・SNS 広告,https://www.studio-den.com/2023/12/01/%E3%83%91%E3%83%B3%E3%83%95%E3%83%AC%E3%83%83%E3%83%88%E4%BD%9C%E6%88%90-sns%E5%BA%83%E5%91%8A-%E3%81%84%E3%81%B0%E3%82%89%E3%81%8D%E4%B8%AD%E5%B0%8F%E4%BC%81%E6%A5%AD%E7%B5%8C%E5%96%B6%E3%83%95%E3%82%A9%E3%83%BC%E3%83%A9%E3%83%A02023/,,,,古河市,古河市 中小企業 広告運用支援 -おすすめ -比較 -ランキング -求人 -まとめ
販促・販路拡大：アドバイザー検索,https://musashikoyama-sc.jp/adsearch/?category=20,,,,小山市,小山市 Google広告 認定代理店 -おすすめ -比較 -ランキング -求人 -まとめ
運営会社・スタッフ紹介,https://www.original-wappen.net/about.html,,,,小山市,小山市 Google広告 認定代理店 -おすすめ -比較 -ランキング -求人 -まとめ
(株)アイトリガーの2027年度会社概要,https://job.mynavi.jp/28/pc/search/corp258118/outline.html,,,,小山市,小山市 Google広告 認定代理店 -おすすめ -比較 -ランキング -求人 -まとめ
小山市 公式ホームページへのバナー 広告 募集中,https://www.city.oyama.tochigi.jp/sangyou-sigoto/yuuryoukoukoku/page000315.html,,,,小山市,小山市 Yahoo広告 運用代理店 -おすすめ -比較 -ランキング -求人 -まとめ
個人情報保護方針,https://www.morinopanya.com/privacy/,,,,小山市,小山市 Meta広告 運用支援会社 -おすすめ -比較 -ランキング -求人 -まとめ
会社 概要,https://aidaim.co.jp/company/,,,,小山市,小山市 Meta広告 運用支援会社 -おすすめ -比較 -ランキング -求人 -まとめ
裁量が生む、数字・スピードへの意識,https://3rd-inc.jp/story/sub_brand_manager/,,,,小山市,小山市 Meta広告 運用支援会社 -おすすめ -比較 -ランキング -求人 -まとめ
portfolio,https://xs347679.xsrv.jp/portfolio/,,,,小山市,小山市 TikTok広告 運用会社 -おすすめ -比較 -ランキング -求人 -まとめ
藤井寺市 でSEO対策に強いウェブマーケティング 会社 ならオーパス ...,https://opus-plan.net/area/osaka/fujiidera/,,,,小山市,小山市 LINE広告 運用会社 -おすすめ -比較 -ランキング -求人 -まとめ
令和7年度 経営体 支援 専門家登録承認者リスト,https://www.shizuoka-nk.or.jp/wp/wp-content/uploads/2026/03/senmonkameibo_080323.pdf,,,,小山市,小山市 広告分析 改善支援会社 -おすすめ -比較 -ランキング -求人 -まとめ
プライバシーポリシー,https://www.furisode-amanoya.jp/privacy/,,,,小山市,小山市 広告分析 改善支援会社 -おすすめ -比較 -ランキング -求人 -まとめ
おやま社協だより 2021.9月号 No.206,https://oyama-syakyo.or.jp/wp/wp-content/uploads/2021/08/R30901syakyodayori.pdf,,,,小山市,小山市 中小企業 広告運用支援 -おすすめ -比較 -ランキング -求人 -まとめ
3／18・19 新入社員入社直前講座開催！,https://www.ashikaga.info/youai_info/14925.html,,,,足利市,足利市 Google広告 認定代理店 -おすすめ -比較 -ランキング -求人 -まとめ
製品やサービスについてのお問い合わせに関する同意事項,https://www.wemex.com/privacy/privacynotice/,,,,足利市,足利市 Google広告 認定代理店 -おすすめ -比較 -ランキング -求人 -まとめ
2024年度12月期 通期決算説明資料（詳細編）,https://investor.rakumo.com/ja/ir/library/result/main/04/teaserItems2/02/linkList/00/link/syosai.pdf,,,,足利市,足利市 Google広告 認定代理店 -おすすめ -比較 -ランキング -求人 -まとめ
店舗情報,https://www.tochigi-daihatsu.co.jp/Shop,,,,足利市,足利市 Google広告 認定代理店 -おすすめ -比較 -ランキング -求人 -まとめ
RSKとは,https://rsk-gunma.co.jp/about/,,,,足利市,足利市 Google広告 認定代理店 -おすすめ -比較 -ランキング -求人 -まとめ
足利市 の店舗情報,https://www.orac-tochigi.co.jp/ashikaga-shoplist,,,,足利市,足利市 Yahoo広告 運用代理店 -おすすめ -比較 -ランキング -求人 -まとめ
オンラインショップ作成・ 運用代行,https://www.d-ic.com/service/e-commerce,,,,足利市,足利市 Yahoo広告 運用代理店 -おすすめ -比較 -ランキング -求人 -まとめ
足利市 のカラオケ・ダーツ・ビリヤード・ネットカフェ（漫画喫茶 ...,https://www.kaikatsu.jp/shop/detail/20215.html,,,,足利市,足利市 Yahoo広告 運用代理店 -おすすめ -比較 -ランキング -求人 -まとめ
足利市 と東日本旅客鉄道株式会社との連携協定（第二期）の締結 ...,https://www.jreast.co.jp/press/2026/takasaki/20260528_ta02.pdf,,,,足利市,足利市 Yahoo広告 運用代理店 -おすすめ -比較 -ランキング -求人 -まとめ
株式 会社 山口建設,https://www.yamaken-home.com/contact/,,,,足利市,足利市 Meta広告 運用支援会社 -おすすめ -比較 -ランキング -求人 -まとめ
プライバシーポリシー,https://kitachemi.co.jp/privacy/,,,,足利市,足利市 Meta広告 運用支援会社 -おすすめ -比較 -ランキング -求人 -まとめ
全メンターの紹介,https://www.acceleration-tokyo.metro.tokyo.lg.jp/mentor_list.php,,,,足利市,足利市 Meta広告 運用支援会社 -おすすめ -比較 -ランキング -求人 -まとめ
登録企業リスト：「パートナーシップ構築宣言」ポータルサイト,https://www.biz-partnership.jp/list.php,,,,足利市,足利市 Meta広告 運用支援会社 -おすすめ -比較 -ランキング -求人 -まとめ
Twin Monkey,https://twin-monkey0208.com/service/,,,,足利市,足利市 TikTok広告 運用会社 -おすすめ -比較 -ランキング -求人 -まとめ
【初開催】ドローンショー！,https://www.ashikaga.co.jp/sp/news/details.php?type=news&id=816,,,,足利市,足利市 TikTok広告 運用会社 -おすすめ -比較 -ランキング -求人 -まとめ
足利市 江川町モデルハウスⅢ グランドオープン！,https://taisei-sc.jp/news/26512/,,,,足利市,足利市 TikTok広告 運用会社 -おすすめ -比較 -ランキング -求人 -まとめ
山善、 足利市 の物流拠点を全事業部横断でシェア 運用,https://monoque.jp/news/dda5eee7a6603a75bdc4674450eb2b3ab234c018/,,,,足利市,足利市 TikTok広告 運用会社 -おすすめ -比較 -ランキング -求人 -まとめ
足利 PC,https://www.shutoken.net/base/ashikaga/,,,,足利市,足利市 TikTok広告 運用会社 -おすすめ -比較 -ランキング -求人 -まとめ
栃木県 足利市 におけるAI・機械学習を用いた水道管路の劣化予測診断 ...,https://www.marubeni.com/jp/news/2023/info/00029.html,,,,足利市,足利市 Instagram広告 運用会社 -おすすめ -比較 -ランキング -求人 -まとめ
【DX支援】 広告 に頼らず、「探される店」へ。4ヶ月で生まれた ...,https://goodgoing.co.jp/info/%E3%82%B9%E3%83%91%E3%82%A4%E3%82%B9%E3%82%AB%E3%83%AC%E3%83%BCROO,,,,足利市,足利市 Instagram広告 運用会社 -おすすめ -比較 -ランキング -求人 -まとめ
足利 ・太田で住宅、資産形成、保険、相続の相談はお家とお金の ...,https://you-fpconsul.com/,,,,足利市,足利市 Instagram広告 運用会社 -おすすめ -比較 -ランキング -求人 -まとめ
50号 足利 給油所 リニューアルオープンのお知らせ,https://usami-net.com/app/information?id=1912,,,,足利市,足利市 Instagram広告 運用会社 -おすすめ -比較 -ランキング -求人 -まとめ
K－ Line さんのプロフィール,https://jmty.jp/profiles/5e5f46ccf120f91a4937cce7?srsltid=AfmBOopNhOu3wdV3QA2i0eFnb-bgMoQPCtbeRltscwUmTsG9hOIOuzj4,,,,足利市,足利市 LINE広告 運用会社 -おすすめ -比較 -ランキング -求人 -まとめ
足利市 女性のための登山情報サイト 山ガールネット,https://www.yamagirl.net/tag/%E8%B6%B3%E5%88%A9%E5%B8%82/,,,,足利市,足利市 LINE広告 運用会社 -おすすめ -比較 -ランキング -求人 -まとめ
Cookieの取扱いについて,https://www.tamaniwa-fudosan.com/cookie/,,,,足利市,足利市 LINE広告 運用会社 -おすすめ -比較 -ランキング -求人 -まとめ
足利市 農業協同組合（JA足利） 東支店,https://map.jabank.org/shop/info/453300201,,,,足利市,足利市 LINE広告 運用会社 -おすすめ -比較 -ランキング -求人 -まとめ
会社 概要,https://www.nakajima-designlab.com/company/,,,,足利市,足利市 Web広告 クリエイティブ制作会社 -おすすめ -比較 -ランキング -求人 -まとめ
クリエイティブ デザイン科,https://acd.ac.jp/design-beauty/creative/,,,,足利市,足利市 Web広告 クリエイティブ制作会社 -おすすめ -比較 -ランキング -求人 -まとめ
事業計画／会計・税務,https://www.asanuma-keiei.jp/tax/keikaku.html,,,,足利市,足利市 広告分析 改善支援会社 -おすすめ -比較 -ランキング -求人 -まとめ
プライバシーポリシー,https://www.tooken-r.com/policy,,,,足利市,足利市 広告分析 改善支援会社 -おすすめ -比較 -ランキング -求人 -まとめ
栃木県よろず 支援 拠点,https://www.tochigi-iin.or.jp/content/files/yorozu/h30/Chirashi/TochigiYorozu301.pdf,,,,足利市,足利市 広告分析 改善支援会社 -おすすめ -比較 -ランキング -求人 -まとめ
7/24付けで森高千里が「あしかが輝き大使」に就任! 東武伊勢崎線 ...,https://wmg.jp/moritakachisato/news/65195/,,,,足利市,足利市 広告分析 改善支援会社 -おすすめ -比較 -ランキング -求人 -まとめ
広告 特集,https://d3ukgu32nhw07o.cloudfront.net/space_pdf/pdf_file69957e44a0229.pdf,,,,足利市,足利市 広告分析 改善支援会社 -おすすめ -比較 -ランキング -求人 -まとめ
株式 会社足利 銀行,https://www.ninteishien.go.jp/NSK_CertifiedRecordView?id=a0D2r0000007aO0EAI,,,,足利市,足利市 広告分析 改善支援会社 -おすすめ -比較 -ランキング -求人 -まとめ
経営改善,https://tochigi-yorozu.go.jp/wp/wp-content/uploads/2024/09/leaflet2024_02.pdf,,,,足利市,足利市 中小企業 広告運用支援 -おすすめ -比較 -ランキング -求人 -まとめ
（1）補助金・助成金,https://www.pref.tochigi.lg.jp/f03/documents/1_hojyo.pdf,,,,足利市,足利市 中小企業 広告運用支援 -おすすめ -比較 -ランキング -求人 -まとめ
「マチイロ」で広報紙が読めます,https://www.city.hitachiota.ibaraki.jp/shisei/koho-kocho/koho-paper/page002860.html,,,,太田市,太田市 Google広告 認定代理店 -おすすめ -比較 -ランキング -求人 -まとめ
スタッフ紹介,https://ayudante.jp/profiles/,,,,太田市,太田市 Google広告 認定代理店 -おすすめ -比較 -ランキング -求人 -まとめ
宇都宮二郎商店,https://kitchencar-navi.jp/kitchencar/2078/,,,,太田市,太田市 Google広告 認定代理店 -おすすめ -比較 -ランキング -求人 -まとめ
群馬県 太田市,https://sonwosinai-akiyafurukatsuyou.com/archives/131922,,,,太田市,太田市 Google広告 認定代理店 -おすすめ -比較 -ランキング -求人 -まとめ
SENAプロショップについて,https://senabluetooth.jp/proshop/,,,,太田市,太田市 Google広告 認定代理店 -おすすめ -比較 -ランキング -求人 -まとめ
WHiTE Focus: 群馬県 太田市 の店舗集客サポート,https://www.whitefocus.jp/,,,,太田市,太田市 Yahoo広告 運用代理店 -おすすめ -比較 -ランキング -求人 -まとめ
太田市 ・ 太田市 周辺の賃貸管理・空室対策,https://www.grandam-ota.com/for_owner,,,,太田市,太田市 Yahoo広告 運用代理店 -おすすめ -比較 -ランキング -求人 -まとめ
太田 マーケティング事務所,https://otamarketing.jp/,,,,太田市,太田市 Yahoo広告 運用代理店 -おすすめ -比較 -ランキング -求人 -まとめ
株式 会社 Shinker【 Meta Business Partners】へ参加し,https://www.threads.com/@hikaru_daneso/post/DbVQOs0EpFm/%E6%A0%AA%E5%BC%8F%E4%BC%9A%E7%A4%BEshinkermeta-business-partners%E3%81%B8%E5%8F%82%E5%8A%A0%E3%81%97meta%E3%81%AE%E3%83%91%E3%83%BC%E3%83%88%E3%83%8A%E3%83%BC%E3%82%BB%E3%83%B3%E3%82%BF%E3%83%BC%E3%81%AE%E5%88%A9%E7%94%A8%E3%82%92%E9%96%8B%E5%A7%8B%E3%81%97%E3%81%BE%E3%81%97%E3%81%9Fmeta-business-partn/,,,,太田市,太田市 Meta広告 運用支援会社 -おすすめ -比較 -ランキング -求人 -まとめ
Cookieの取扱いについて,https://www.ishiharafudousan.com/cookie/,,,,太田市,太田市 TikTok広告 運用会社 -おすすめ -比較 -ランキング -求人 -まとめ
太田 行政県税事務所公式 Instagram の 運用 を始めました,https://www.pref.gunma.jp/page/16157.html,,,,太田市,太田市 Instagram広告 運用会社 -おすすめ -比較 -ランキング -求人 -まとめ
障がい者グループホーム Sunny Tails 由良の 会社 概要,https://facility.to-co-to-co.co.jp/sunnytails/company/,,,,太田市,太田市 Instagram広告 運用会社 -おすすめ -比較 -ランキング -求人 -まとめ
Cookieの取扱いについて,https://www.dstyle-ota.co.jp/cookie/,,,,太田市,太田市 LINE広告 運用会社 -おすすめ -比較 -ランキング -求人 -まとめ
店舗のご案内,https://takaradenki.com/shop/,,,,太田市,太田市 LINE広告 運用会社 -おすすめ -比較 -ランキング -求人 -まとめ
事業内容,https://nextfrontline.com/business.html,,,,太田市,太田市 LINE広告 運用会社 -おすすめ -比較 -ランキング -求人 -まとめ
動画配信のプロと協力し地域や企業の成長に貢献,https://www.business-plus.net/interview/2008/k5714.html?page=3,,,,太田市,太田市 Web広告 クリエイティブ制作会社 -おすすめ -比較 -ランキング -求人 -まとめ
ISO/経営 支援 21年間300社 群馬県/前橋市/伊勢崎市/ 太田市,https://www.aimoffice.co.jp/?page_id=8,,,,太田市,太田市 広告分析 改善支援会社 -おすすめ -比較 -ランキング -求人 -まとめ
群馬県 太田市 ホームページ作成 ウィンビズ・ コンサルティング,https://www.winbiz.jp/,,,,太田市,太田市 デジタル広告 コンサルティング会社 -おすすめ -比較 -ランキング -求人 -まとめ
太田 創業スクール2023,https://kigyo-seminar.net/ota2023/,,,,太田市,太田市 デジタル広告 コンサルティング会社 -おすすめ -比較 -ランキング -求人 -まとめ
定例記者会見,https://www.city.ota.gunma.jp/uploaded/attachment/37831.pdf,,,,太田市,太田市 デジタル広告 コンサルティング会社 -おすすめ -比較 -ランキング -求人 -まとめ
群馬県 太田市 「まちの総務」運営 会社 コムステップLLC,https://commstep.com/,,,,太田市,太田市 デジタル広告 コンサルティング会社 -おすすめ -比較 -ランキング -求人 -まとめ
プライバシーポリシー,https://hashimot-accounting.tkcnf.com/privacy,,,,伊勢崎市,伊勢崎市 Google広告 認定代理店 -おすすめ -比較 -ランキング -求人 -まとめ
個人情報保護方針,https://hiruzuisesaki.jp/pages/123/,,,,伊勢崎市,伊勢崎市 Google広告 認定代理店 -おすすめ -比較 -ランキング -求人 -まとめ
ぐんま電子入札共同システム 共同利用参加団体 （令和8年4月現在）,https://portal.g-cals.e-gunma.lg.jp/portal/Manual/08_zuiji_tebiki_buppin.pdf,,,,伊勢崎市,伊勢崎市 Google広告 認定代理店 -おすすめ -比較 -ランキング -求人 -まとめ
スマーク伊勢崎校,https://www.hello-pc.net/school/map/301iy.html,,,,伊勢崎市,伊勢崎市 Google広告 認定代理店 -おすすめ -比較 -ランキング -求人 -まとめ
ケミテック飯田株式会社 キノシールド正規施工 代理店,https://www.ekiten.jp/shop_68457972/,,,,伊勢崎市,伊勢崎市 Google広告 認定代理店 -おすすめ -比較 -ランキング -求人 -まとめ
理財厚生部会,https://www.otacci.or.jp/enterprise_list_cms_category=5.html,,,,太田市,太田市 中小企業 広告運用支援 -おすすめ -比較 -ランキング -求人 -まとめ
アイマップについて,https://www.imap.ne.jp/about/page0.html,,,,伊勢崎市,伊勢崎市 Yahoo広告 運用代理店 -おすすめ -比較 -ランキング -求人 -まとめ
会社概要,https://dayoff.biz/company-profile/,,,,伊勢崎市,伊勢崎市 Yahoo広告 運用代理店 -おすすめ -比較 -ランキング -求人 -まとめ
個人情報保護方針（プライバシーポリシー）,https://www.genkido-s.com/privacy/,,,,伊勢崎市,伊勢崎市 Meta広告 運用支援会社 -おすすめ -比較 -ランキング -求人 -まとめ
令和元年度 学部卒業生の就職先,https://www.gunma-u.ac.jp/wp-content/uploads/2020/05/200158b70a0584052a9498d0da07b965.pdf,,,,伊勢崎市,伊勢崎市 Meta広告 運用支援会社 -おすすめ -比較 -ランキング -求人 -まとめ
日邦工業株式 会社,https://www.manufacturing-world.jp/tokyo/ja-jp/search/2026mto0701/directory/directory-details.%E6%97%A5%E9%82%A6%E5%B7%A5%E6%A5%AD%E6%A0%AA%E5%BC%8F%E4%BC%9A%E7%A4%BE.org-065306f2-4352-4ecd-9a79-33ae1afa6885.html,,,,伊勢崎市,伊勢崎市 Meta広告 運用支援会社 -おすすめ -比較 -ランキング -求人 -まとめ
登録 番号 764 1011 593 215 870 365 432 58 15 291 10 1174 930 -1-,https://www.city.iiyama.nagano.jp/assets/files/shomu/keiyakukanri/Nyusatu-touroku/R07-09_kensetsu/R7-9bupin_itaku070507.pdf,,,,伊勢崎市,伊勢崎市 Meta広告 運用支援会社 -おすすめ -比較 -ランキング -求人 -まとめ
Cookieの取扱いについて,https://www.kotobuki-gunma.com/cookie/,,,,伊勢崎市,伊勢崎市 TikTok広告 運用会社 -おすすめ -比較 -ランキング -求人 -まとめ
GiGOスマーク 伊勢崎,https://www.gigo.co.jp/shops/smark-isesaki,,,,伊勢崎市,伊勢崎市 TikTok広告 運用会社 -おすすめ -比較 -ランキング -求人 -まとめ
伊勢崎市 のゴミ屋敷片付け・汚部屋清掃は七福神,https://777fukujin.com/area/gunma/isesaki-city/,,,,伊勢崎市,伊勢崎市 TikTok広告 運用会社 -おすすめ -比較 -ランキング -求人 -まとめ
～ 伊勢崎市 の魅力！あつさにアツく！～募集要項,https://www.city.isesaki.lg.jp/material/files/group/17/atsusa_insta_kyanpen.pdf,,,,伊勢崎市,伊勢崎市 Instagram広告 運用会社 -おすすめ -比較 -ランキング -求人 -まとめ
A＆N企画: ホームページ制作,https://www.a-and-n-kikaku.jp/,,,,伊勢崎市,伊勢崎市 Instagram広告 運用会社 -おすすめ -比較 -ランキング -求人 -まとめ
よくある質問,https://frontman.co.jp/faq/,,,,伊勢崎市,伊勢崎市 LINE広告 運用会社 -おすすめ -比較 -ランキング -求人 -まとめ
制作実績,https://idea-ep.com/hp-creation/works/,,,,伊勢崎市,伊勢崎市 LINE広告 運用会社 -おすすめ -比較 -ランキング -求人 -まとめ
Cookieの取扱いについて 伊勢崎市 の不動産,https://www.land-arc.co.jp/cookie/,,,,伊勢崎市,伊勢崎市 LINE広告 運用会社 -おすすめ -比較 -ランキング -求人 -まとめ
高崎・前橋・ 伊勢崎 の看板制作・看板デザイン・野立て看板,https://aplan-totaldesign.com/,,,,伊勢崎市,伊勢崎市 LINE広告 運用会社 -おすすめ -比較 -ランキング -求人 -まとめ
当社の紹介,https://www.fine-assist.co.jp/aboutus.htm,,,,伊勢崎市,伊勢崎市 LINE広告 運用会社 -おすすめ -比較 -ランキング -求人 -まとめ
伊勢崎市,https://markdesign0.com/tag/isesaki/,,,,伊勢崎市,伊勢崎市 Web広告 クリエイティブ制作会社 -おすすめ -比較 -ランキング -求人 -まとめ
群馬県 伊勢崎市 でデザイン。印刷/看板/イルミネーション/外構・内装 ...,http://isesaki.studio-da-gunma.info/recruitment/,,,,伊勢崎市,伊勢崎市 Web広告 クリエイティブ制作会社 -おすすめ -比較 -ランキング -求人 -まとめ
経営 改善,https://www.gcis.or.jp/?specialized=sp1,,,,伊勢崎市,伊勢崎市 広告分析 改善支援会社 -おすすめ -比較 -ランキング -求人 -まとめ
株式 会社伊勢崎 金型製作所 様,https://www.tkc.jp/cc/senkei/202104_system03,,,,伊勢崎市,伊勢崎市 広告分析 改善支援会社 -おすすめ -比較 -ランキング -求人 -まとめ
ホームページ・デザイン,http://isesaki.gunma-biyou.com/web/,,,,伊勢崎市,伊勢崎市 デジタル広告 コンサルティング会社 -おすすめ -比較 -ランキング -求人 -まとめ
群馬県 伊勢崎市,https://udc-web.jp/,,,,伊勢崎市,伊勢崎市 デジタル広告 コンサルティング会社 -おすすめ -比較 -ランキング -求人 -まとめ
東京都→ 伊勢崎市 （2023年移住） 皆瀬 勇太さん,https://gunmagurashi.pref.gunma.jp/interview/case43,,,,伊勢崎市,伊勢崎市 中小企業 広告運用支援 -おすすめ -比較 -ランキング -求人 -まとめ
株式会社アイ・シー・オー  ビジネスソリューション事業  NSG ...,https://www.nsg.gr.jp/list/057.html,,,,桐生市,桐生市 Google広告 認定代理店 -おすすめ -比較 -ランキング -求人 -まとめ
私たちについて,https://ico-ad.co.jp/about,,,,桐生市,桐生市 Google広告 認定代理店 -おすすめ -比較 -ランキング -求人 -まとめ
SDGsや環境問題、社会的課題の解決に取組むお客さまをサポートし ...,https://www.shinkin.co.jp/kiryu/pdf/kirishin_sustainable_support_202411.pdf,,,,桐生市,桐生市 Google広告 認定代理店 -おすすめ -比較 -ランキング -求人 -まとめ
ミリコハット 桐生 店,https://guay2-jp.com/stores/%E3%83%9F%E3%83%AA%E3%82%B3%E3%83%8F%E3%83%83%E3%83%88%E6%A1%90%E7%94%9F%E5%BA%97,,,,桐生市,桐生市 Google広告 認定代理店 -おすすめ -比較 -ランキング -求人 -まとめ
令和7年度新しい地方経済・生活環境創生交付金,https://www.city.kiryu.lg.jp/_res/projects/default_project/_page_/001/024/260/r7shitojisshitaisei.pdf,,,,桐生市,桐生市 Yahoo広告 運用代理店 -おすすめ -比較 -ランキング -求人 -まとめ
電話番号 0277541824/0277-54-1824の情報,https://ivry.jp/telsearch/0277541824/,,,,桐生市,桐生市 Yahoo広告 運用代理店 -おすすめ -比較 -ランキング -求人 -まとめ
株式会社Re Hunted,https://rehunted.com/,,,,桐生市,桐生市 Yahoo広告 運用代理店 -おすすめ -比較 -ランキング -求人 -まとめ
IG 社内APP Privacy Policy,http://zahst.co.jp/ig-mycompany-app-privacy-policy/,,,,桐生市,桐生市 Meta広告 運用支援会社 -おすすめ -比較 -ランキング -求人 -まとめ
長野しんきん ビジネスフェア,https://www.nagano-shinkin.jp/hojin/service/business_fair/2026_about/img_v2/detail2.pdf,,,,桐生市,桐生市 Meta広告 運用支援会社 -おすすめ -比較 -ランキング -求人 -まとめ
TIKTOK 群馬の 桐生 さん,https://river-produce.com/tiktok%E7%BE%A4%E9%A6%AC%E3%81%AE%E6%A1%90%E7%94%9F%E3%81%95%E3%82%93/,,,,桐生市,桐生市 TikTok広告 運用会社 -おすすめ -比較 -ランキング -求人 -まとめ
【群馬県 桐生 /赤城】うどん打ち体験・赤城神社,https://ttv.jeki.co.jp/dayoff/backnumber/04/,,,,桐生市,桐生市 TikTok広告 運用会社 -おすすめ -比較 -ランキング -求人 -まとめ
【CEO数珠繋ぎインタビュー4】小規模事業者の悩みに寄り添う 桐生 ...,https://wemar.jp/9113/,,,,桐生市,桐生市 TikTok広告 運用会社 -おすすめ -比較 -ランキング -求人 -まとめ
有限 会社 ミウラ 広告 – 一般社団法人SNS 運用 代行協会,https://sns-agency.jp/%E6%9C%89%E9%99%90%E4%BC%9A%E7%A4%BE%E3%83%9F%E3%82%A6%E3%83%A9%E5%BA%83%E5%91%8A/,,,,桐生市,桐生市 Instagram広告 運用会社 -おすすめ -比較 -ランキング -求人 -まとめ
桐生市 で”本当”に集客のできるホームページを制作しませんか ...,https://koumuten-lead.jp/area/gumma/kiryushi,,,,桐生市,桐生市 Instagram広告 運用会社 -おすすめ -比較 -ランキング -求人 -まとめ
サービス紹介,https://media.hatanone.com/service/,,,,桐生市,桐生市 LINE広告 運用会社 -おすすめ -比較 -ランキング -求人 -まとめ
Cookieの取扱いについて,https://www.silk-estate.jp/cookie/,,,,桐生市,桐生市 LINE広告 運用会社 -おすすめ -比較 -ランキング -求人 -まとめ
合同 会社 はたのね【ホームぺージ制作・WEB集客】,https://vctpe8llcx2phqehlwlj.stores.jp/reserve/hatanone,,,,桐生市,桐生市 LINE広告 運用会社 -おすすめ -比較 -ランキング -求人 -まとめ
デザイン・Web 広告 業界のプロが来校！,https://www.ncc-net.ac.jp/blog/pickup/45227,,,,桐生市,桐生市 LINE広告 運用会社 -おすすめ -比較 -ランキング -求人 -まとめ
広告 デザイン,https://www.azu3000.com/business/addesign.html,,,,桐生市,桐生市 Web広告 クリエイティブ制作会社 -おすすめ -比較 -ランキング -求人 -まとめ
コムズ様(群馬県 桐生市 ) » 株式 会社 典企画,https://tenkikaku.jp/archives/2561,,,,桐生市,桐生市 Web広告 クリエイティブ制作会社 -おすすめ -比較 -ランキング -求人 -まとめ
広告 ・デザイン(群馬県),https://www.bizloop.jp/c00000107/Gunma/,,,,桐生市,桐生市 Web広告 クリエイティブ制作会社 -おすすめ -比較 -ランキング -求人 -まとめ
令和5年度 桐生 商工会議所 「経営発達 支援 事業」評価報告書,https://www.kiryucci.or.jp/saposute/pdf/r5hyouka-houkoku.pdf,,,,桐生市,桐生市 広告分析 改善支援会社 -おすすめ -比較 -ランキング -求人 -まとめ
「地域密着型金融の推進に関する取組み状況」について,https://www.gunmabank.co.jp/info/news/pdf/301122_1.pdf,,,,桐生市,桐生市 広告分析 改善支援会社 -おすすめ -比較 -ランキング -求人 -まとめ
令和5年度 事業計画書,http://www.kiryujibasan.or.jp/pdf/r05jigyoukeikaku.pdf,,,,桐生市,桐生市 中小企業 広告運用支援 -おすすめ -比較 -ランキング -求人 -まとめ
税理士報酬,https://uchidakeiri.com/fee/,,,,桐生市,桐生市 中小企業 広告運用支援 -おすすめ -比較 -ランキング -求人 -まとめ
会員名簿,https://doyusakura.com/member-list/,,,,熊谷市,熊谷市 Google広告 認定代理店 -おすすめ -比較 -ランキング -求人 -まとめ
共助の取組マッチング事業 専門家リスト（個人）,https://www.saitamaken-npo.net/html/160531_kojin_237.pdf,,,,熊谷市,熊谷市 Google広告 認定代理店 -おすすめ -比較 -ランキング -求人 -まとめ
私たちについて,https://www.ricoh.co.jp/sales/branch/saitama/about/,,,,熊谷市,熊谷市 Google広告 認定代理店 -おすすめ -比較 -ランキング -求人 -まとめ
専門家登録者名簿,https://www.bic-akita.or.jp/cms/assets/uploads/2025/12/%E5%85%AC%E9%96%8B%E7%94%A8%E5%90%8D%E7%B0%BFR8.1%EF%BD%9E.pdf,,,,熊谷市,熊谷市 Google広告 認定代理店 -おすすめ -比較 -ランキング -求人 -まとめ
市報くまがや 広告 （令和8年5月号掲載分から）,https://www.city.kumagaya.lg.jp/about/jigyousya/kokoku/baitai/insatsu/shiho.html,,,,熊谷市,熊谷市 Yahoo広告 運用代理店 -おすすめ -比較 -ランキング -求人 -まとめ
(株)ハートクリエイト,https://www.sfkoutori.or.jp/sanjokaiin/%E6%A0%AA%E3%83%8F%E3%83%BC%E3%83%88%E3%82%AF%E3%83%AA%E3%82%A8%E3%82%A4%E3%83%88/,,,,熊谷市,熊谷市 Yahoo広告 運用代理店 -おすすめ -比較 -ランキング -求人 -まとめ
会社概要,https://www.sakurahoken.net/company/,,,,熊谷市,熊谷市 Yahoo広告 運用代理店 -おすすめ -比較 -ランキング -求人 -まとめ
熊谷市 子育て支援・保健拠点施設整備事業,https://www.starts.co.jp/publicworks/26/,,,,熊谷市,熊谷市 Yahoo広告 運用代理店 -おすすめ -比較 -ランキング -求人 -まとめ
SAKI-X株式 会社,https://www.saki-x.jp/,,,,熊谷市,熊谷市 Meta広告 運用支援会社 -おすすめ -比較 -ランキング -求人 -まとめ
世の中に役立つ仕事を。マーケティングで世界に誇れる日本を再び,https://listen-web.com/story/tomita-tatsumi,,,,熊谷市,熊谷市 Meta広告 運用支援会社 -おすすめ -比較 -ランキング -求人 -まとめ
2026年 1月号 目次,https://www.tokyo-ad.or.jp/activity/publication/2601contents.html,,,,熊谷市,熊谷市 Meta広告 運用支援会社 -おすすめ -比較 -ランキング -求人 -まとめ
競争入札参加資格者名簿（物品）,https://www.town.minano.saitama.jp/wp-content/uploads/2024/03/R6.12.2minano-nyusatsumeibo.pdf,,,,熊谷市,熊谷市 Meta広告 運用支援会社 -おすすめ -比較 -ランキング -求人 -まとめ
急成長をするD2Cブランドで、WEBマーケティングを学びませんか？,https://shop.hushtug.net/pages/digital-marketer?srsltid=AfmBOord7x6cpdTKui-IJFzcYWl0jrADt6yadgx0fmOWpdgZbTZEa064,,,,熊谷市,熊谷市 Meta広告 運用支援会社 -おすすめ -比較 -ランキング -求人 -まとめ
北九州空港 TVCM&SNS 広告 動画,https://reevo.jp/works/archives/85,,,,熊谷市,熊谷市 TikTok広告 運用会社 -おすすめ -比較 -ランキング -求人 -まとめ
埼玉県 熊谷市 からJリーグを目指す「KUMAGAYA CITY FC」が ...,https://sportsmania.jp/269362/,,,,熊谷市,熊谷市 TikTok広告 運用会社 -おすすめ -比較 -ランキング -求人 -まとめ
Rebase、埼玉県 熊谷市 と「まちなか活性化に関する包括連携協定 ...,https://www.rebase.co.jp/news-posts/20260318,,,,熊谷市,熊谷市 Instagram広告 運用会社 -おすすめ -比較 -ランキング -求人 -まとめ
Cookieの取扱いについて,https://www.apple-home.jp/cookie/,,,,熊谷市,熊谷市 Instagram広告 運用会社 -おすすめ -比較 -ランキング -求人 -まとめ
会社 概要,https://www.pasyari.photos/about-8,,,,熊谷市,熊谷市 Instagram広告 運用会社 -おすすめ -比較 -ランキング -求人 -まとめ
埼玉県 熊谷市 でブランド買取なら 買取専門店 エコリング熊谷店,https://www.eco-ring.com/shop/saitama/kumagaya/kumagaya,,,,熊谷市,熊谷市 LINE広告 運用会社 -おすすめ -比較 -ランキング -求人 -まとめ
地方自治体や大学の LINE 活用を支援するKANAMETO（カナメト）,https://kanameto.me/,,,,熊谷市,熊谷市 LINE広告 運用会社 -おすすめ -比較 -ランキング -求人 -まとめ
令和5年度 県の 支援 制度等の紹介,https://www.pref.saitama.lg.jp/documents/25640/r5_setumeikaisiryou5.pdf,,,,熊谷市,熊谷市 広告分析 改善支援会社 -おすすめ -比較 -ランキング -求人 -まとめ
熊谷 市役所 様 導入事例,https://tsuzuki.jp/casestudy/kumagayacity/,,,,熊谷市,熊谷市 広告分析 改善支援会社 -おすすめ -比較 -ランキング -求人 -まとめ
支援 内容 コアネット教育総合研究所,https://core-net.net/service/,,,,熊谷市,熊谷市 広告分析 改善支援会社 -おすすめ -比較 -ランキング -求人 -まとめ
売上を ために よろずが後押しします,https://saitama-yorozu.go.jp/wp-content/themes/yorozu/pdf/yorozu_leaflet-1.pdf,,,,熊谷市,熊谷市 広告分析 改善支援会社 -おすすめ -比較 -ランキング -求人 -まとめ
ビジネスサポーター,https://www.fukaya-cci.or.jp/support/supporter/,,,,熊谷市,熊谷市 広告分析 改善支援会社 -おすすめ -比較 -ランキング -求人 -まとめ
埼玉県 熊谷市 ・深谷市のデザイン事務所：ゼロクマ,https://zerokuma.jimdofree.com/,,,,熊谷市,熊谷市 Web広告 クリエイティブ制作会社 -おすすめ -比較 -ランキング -求人 -まとめ
埼玉のパンフレット 制作 ・ 会社 案内・カタログのデザイン 制作会社 ...,https://www.print-solution.com/syutoken/saitama/,,,,熊谷市,熊谷市 Web広告 クリエイティブ制作会社 -おすすめ -比較 -ランキング -求人 -まとめ
石川県金沢市でホームページ 制作 、 Web広告 運用ならColorea ...,https://colorea.colorfulcompany.co.jp/,,,,熊谷市,熊谷市 Web広告 クリエイティブ制作会社 -おすすめ -比較 -ランキング -求人 -まとめ
COMPANY,https://been.net/company.html,,,,熊谷市,熊谷市 Web広告 クリエイティブ制作会社 -おすすめ -比較 -ランキング -求人 -まとめ
特 典,https://next-in.jp/privilege,,,,熊谷市,熊谷市 デジタル広告 コンサルティング会社 -おすすめ -比較 -ランキング -求人 -まとめ
会社 概要,https://www.grau-grau.com/%E4%BC%9A%E7%A4%BE%E6%A6%82%E8%A6%81/,,,,熊谷市,熊谷市 デジタル広告 コンサルティング会社 -おすすめ -比較 -ランキング -求人 -まとめ
クリニックカード制作実績,https://www.doctorsupportnet.jp/its/card/enomoto.html,,,,熊谷市,熊谷市 デジタル広告 コンサルティング会社 -おすすめ -比較 -ランキング -求人 -まとめ
創業相談,https://www.kumagayacci.or.jp/management_support/founder_assistance/,,,,熊谷市,熊谷市 中小企業 広告運用支援 -おすすめ -比較 -ランキング -求人 -まとめ
令和5年度一般会計補正予算 (国の経済対策に伴う補正),https://matsuihiroshi.com/file.html?path=43-32160-c009-3087666639ca7bb511f,,,,熊谷市,熊谷市 中小企業 広告運用支援 -おすすめ -比較 -ランキング -求人 -まとめ
創業者向け広報活動 支援 事業,https://kumagaya-portal.com/menu/page-295/,,,,熊谷市,熊谷市 中小企業 広告運用支援 -おすすめ -比較 -ランキング -求人 -まとめ
リスティング 広告 運用専門フリーランス,https://amijat.work/,,,,春日部市,春日部市 Google広告 認定代理店 -おすすめ -比較 -ランキング -求人 -まとめ
株式会社sizebook,https://sizebook.co.jp/web_detail/web_detail_01.html,,,,春日部市,春日部市 Google広告 認定代理店 -おすすめ -比較 -ランキング -求人 -まとめ
YOUNIKA株式会社 プライバシーポリシー（最終版／2025年10月 ...,https://younika.jp/privacy-policy,,,,春日部市,春日部市 Google広告 認定代理店 -おすすめ -比較 -ランキング -求人 -まとめ
アジアスターズ株式会社 会社案内,https://www.asiastars.org/%E3%82%A2%E3%82%B8%E3%82%A2%E3%82%B9%E3%82%BF%E3%83%BC%E3%82%BA%E6%A0%AA%E5%BC%8F%E4%BC%9A%E7%A4%BE-%E4%BC%9A%E7%A4%BE%E6%A1%88%E5%86%85-2/,,,,春日部市,春日部市 Google広告 認定代理店 -おすすめ -比較 -ランキング -求人 -まとめ
ブログ,https://falk.jp/blog/,,,,春日部市,春日部市 Google広告 認定代理店 -おすすめ -比較 -ランキング -求人 -まとめ
東武 南桜井駅 駅 広告 のご紹介,https://www.eki-kanban.com/east/advertising/station/tobu_minami-sakurai,,,,春日部市,春日部市 Yahoo広告 運用代理店 -おすすめ -比較 -ランキング -求人 -まとめ
市政情報／ 春日部市 公式,https://www.city.kasukabe.lg.jp/shiseijoho/index.html,,,,春日部市,春日部市 Yahoo広告 運用代理店 -おすすめ -比較 -ランキング -求人 -まとめ
SNS 広告運用 コンサルタント,https://recruit-fullspeed.com/career/adoperation-consultant/,,,,春日部市,春日部市 Meta広告 運用支援会社 -おすすめ -比較 -ランキング -求人 -まとめ
会社 概要COMPANY,https://www.startrise.co.jp/company/,,,,春日部市,春日部市 Meta広告 運用支援会社 -おすすめ -比較 -ランキング -求人 -まとめ
川口美代のプロフィール,https://miyos-style.com/profiles/,,,,春日部市,春日部市 Meta広告 運用支援会社 -おすすめ -比較 -ランキング -求人 -まとめ
WEBマーケティング,https://vella.co.jp/service/web/,,,,春日部市,春日部市 TikTok広告 運用会社 -おすすめ -比較 -ランキング -求人 -まとめ
自動フォークリフト「AutoFork Lite」をロジスネクストジャパンの ...,https://solutions.logisnext.com/lnjp/news/document/?relyear=2026&id=20260513-77e9b787,,,,春日部市,春日部市 Instagram広告 運用会社 -おすすめ -比較 -ランキング -求人 -まとめ
Park-PFIを活用した「（新）中央町第1公園整備・管理運営事業」に ...,https://www.showa-kougyo.co.jp/news/2026/05/1104/,,,,春日部市,春日部市 Instagram広告 運用会社 -おすすめ -比較 -ランキング -求人 -まとめ
BUSINESS,https://for-mile.jp/business/,,,,春日部市,春日部市 Instagram広告 運用会社 -おすすめ -比較 -ランキング -求人 -まとめ
【埼玉県 春日部市 】クリニックの窓ガラスカッティングシート（2色 ...,https://www.kanbaninsatsu.com/2975/,,,,春日部市,春日部市 LINE広告 運用会社 -おすすめ -比較 -ランキング -求人 -まとめ
会社 概要,https://visumo.net/company,,,,春日部市,春日部市 Web広告 クリエイティブ制作会社 -おすすめ -比較 -ランキング -求人 -まとめ
営業品目,https://www.ad-plusm.com/business/business.html,,,,春日部市,春日部市 Web広告 クリエイティブ制作会社 -おすすめ -比較 -ランキング -求人 -まとめ
ダーナデザイン,https://dana-design.jp/,,,,春日部市,春日部市 Web広告 クリエイティブ制作会社 -おすすめ -比較 -ランキング -求人 -まとめ
#KASUKABE Project,https://saitama.jagda.or.jp/kasukabe/,,,,春日部市,春日部市 Web広告 クリエイティブ制作会社 -おすすめ -比較 -ランキング -求人 -まとめ
デザインスタジオ・ラプラス,http://design-studio.laprus.com/,,,,春日部市,春日部市 Web広告 クリエイティブ制作会社 -おすすめ -比較 -ランキング -求人 -まとめ
【お知らせ】 春日部市 で創業期の広報PRに関する講演を実施,https://argali.jp/kasukabepr/,,,,春日部市,春日部市 デジタル広告 コンサルティング会社 -おすすめ -比較 -ランキング -求人 -まとめ
広告 運用）,https://ats-entry.hito-link.jp/sites/irisohyama/matter/matters/101134,,,,春日部市,春日部市 広告分析 改善支援会社 -おすすめ -比較 -ランキング -求人 -まとめ
府中のホームページ屋さんの事業概要,https://comphic.net/company_profile.html,,,,所沢市,所沢市 Google広告 認定代理店 -おすすめ -比較 -ランキング -求人 -まとめ
会社概要,https://www.coore.jp/company/,,,,所沢市,所沢市 Google広告 認定代理店 -おすすめ -比較 -ランキング -求人 -まとめ
創業 支援 ルーム,https://www.kasukabehall.jp/sogyoshien.html,,,,春日部市,春日部市 中小企業 広告運用支援 -おすすめ -比較 -ランキング -求人 -まとめ
会社案内／リスティング 広告 で集客しませんか！,https://www.sankyo-kk.com/sp/profile.html,,,,所沢市,所沢市 Yahoo広告 運用代理店 -おすすめ -比較 -ランキング -求人 -まとめ
会社概要,https://forcle.co.jp/about/company/,,,,所沢市,所沢市 Yahoo広告 運用代理店 -おすすめ -比較 -ランキング -求人 -まとめ
会社概要,https://jyukunen.net/?page_id=17,,,,所沢市,所沢市 Yahoo広告 運用代理店 -おすすめ -比較 -ランキング -求人 -まとめ
[採用情報]株式会社シープラス,https://www.connect-plus.jp/recruit/index.html,,,,所沢市,所沢市 Yahoo広告 運用代理店 -おすすめ -比較 -ランキング -求人 -まとめ
リスティング 広告代行 プラン,https://netclinic119.net/listing,,,,所沢市,所沢市 Yahoo広告 運用代理店 -おすすめ -比較 -ランキング -求人 -まとめ
事業内容,https://jinrai.co.jp/service/,,,,所沢市,所沢市 Meta広告 運用支援会社 -おすすめ -比較 -ランキング -求人 -まとめ
令和7年度移住・定住・交流推進 支援 事業,https://www.jcrd.jp/support/daa956c5b2328d7aeda9baa32a25d6ee0a8ae3f0.pdf,,,,所沢市,所沢市 Meta広告 運用支援会社 -おすすめ -比較 -ランキング -求人 -まとめ
Instagram運用,https://www.officeforyou-kk.com/service/instagram-operation,,,,所沢市,所沢市 Instagram広告 運用会社 -おすすめ -比較 -ランキング -求人 -まとめ
WONDER MARK,https://www.wondermark.co.jp/,,,,所沢市,所沢市 Instagram広告 運用会社 -おすすめ -比較 -ランキング -求人 -まとめ
所沢 なびとは・・・,https://tokorozawanavi.com/about/,,,,所沢市,所沢市 Instagram広告 運用会社 -おすすめ -比較 -ランキング -求人 -まとめ
【公式】 所沢 西武霊園,https://t-seibureien.com/,,,,所沢市,所沢市 Instagram広告 運用会社 -おすすめ -比較 -ランキング -求人 -まとめ
みずたま介護ステーション新 所沢,https://www.tnbls.co.jp/mizutama/stations/shintokorozawa/,,,,所沢市,所沢市 Instagram広告 運用会社 -おすすめ -比較 -ランキング -求人 -まとめ
ジョーシンソコラ 所沢 店,https://store.joshin.co.jp/detail/1905/,,,,所沢市,所沢市 TikTok広告 運用会社 -おすすめ -比較 -ランキング -求人 -まとめ
株式 会社 レターズ,https://hp.letters.co.jp/,,,,所沢市,所沢市 TikTok広告 運用会社 -おすすめ -比較 -ランキング -求人 -まとめ
狛江市 LINE アカウント,"https://www.city.komae.tokyo.jp/index.cfm/46,114331,369,3328,html",,,,所沢市,所沢市 LINE広告 運用会社 -おすすめ -比較 -ランキング -求人 -まとめ
ソーシャルメディア公式アカウント,https://www.city.hachioji.tokyo.jp/contents/social/001/p016122.html,,,,所沢市,所沢市 LINE広告 運用会社 -おすすめ -比較 -ランキング -求人 -まとめ
広報紙,https://www.toko-shakyo.or.jp/kouhou/,,,,所沢市,所沢市 LINE広告 運用会社 -おすすめ -比較 -ランキング -求人 -まとめ
会社 概要,https://099.startwin.jp/company/,,,,所沢市,所沢市 LINE広告 運用会社 -おすすめ -比較 -ランキング -求人 -まとめ
埼玉県 所沢市 の 広告 代理店,https://www.yggcsp.com/deliv/log/late/,,,,所沢市,所沢市 Web広告 クリエイティブ制作会社 -おすすめ -比較 -ランキング -求人 -まとめ
所沢市 の個人デザイン事務所∣ゆりのねデザイン,https://yurinonedesign.studio.site/,,,,所沢市,所沢市 Web広告 クリエイティブ制作会社 -おすすめ -比較 -ランキング -求人 -まとめ
株式 会社 ミーレ,https://miire.jp/,,,,所沢市,所沢市 Web広告 クリエイティブ制作会社 -おすすめ -比較 -ランキング -求人 -まとめ
会社 概要,https://kuchinashi-consulting.com/pages/aboutus,,,,所沢市,所沢市 デジタル広告 コンサルティング会社 -おすすめ -比較 -ランキング -求人 -まとめ
株式 会社 TNヘルスプロジェクト,https://tnhp.jp/,,,,所沢市,所沢市 広告分析 改善支援会社 -おすすめ -比較 -ランキング -求人 -まとめ
ワンストップで、会社を守る。 専門家チームが,https://www.tokorozawa-cci.or.jp/docs/sora/2025/08/sora.pdf,,,,所沢市,所沢市 中小企業 広告運用支援 -おすすめ -比較 -ランキング -求人 -まとめ
運営者情報,https://pro.jyukunen.net/operation,,,,狭山市,狭山市 Yahoo広告 運用代理店 -おすすめ -比較 -ランキング -求人 -まとめ
令和8年度 入札参加有資格者名簿 （役務） 【令和8年4月 ...,https://www.town.kumatori.lg.jp/material/files/group/7/20260416ekimu.pdf,,,,狭山市,狭山市 Meta広告 運用支援会社 -おすすめ -比較 -ランキング -求人 -まとめ
開示情報速報サービス,https://post.tokyoipo.com/visitor/search_by_brand/?brand_code=9238,,,,狭山市,狭山市 Meta広告 運用支援会社 -おすすめ -比較 -ランキング -求人 -まとめ
大阪 狭山市 LINEページ,https://www.city.osakasayama.osaka.jp/machizukuri_shisei/koho_kocho/1/line.html,,,,狭山市,狭山市 Instagram広告 運用会社 -おすすめ -比較 -ランキング -求人 -まとめ
水富公民館公式SNSをご活用ください,https://www.city.sayama.saitama.jp/shisei/shisetsu/kominkan/mizutomi/info/miztSNS.html,,,,狭山市,狭山市 Instagram広告 運用会社 -おすすめ -比較 -ランキング -求人 -まとめ
狭山市,https://wbbfactory.com/company.html,,,,狭山市,狭山市 Web広告 クリエイティブ制作会社 -おすすめ -比較 -ランキング -求人 -まとめ
[埼玉県 狭山市 ] BUNデザイン事務所,https://bun-design-office.com/,,,,狭山市,狭山市 Web広告 クリエイティブ制作会社 -おすすめ -比較 -ランキング -求人 -まとめ
狭山市 【看板 制作 オリジナル看板 看板施工】デザイン看板 制作 の達人,https://localplace.jp/signboard-production/saitama/AM11215/t100263062/,,,,狭山市,狭山市 Web広告 クリエイティブ制作会社 -おすすめ -比較 -ランキング -求人 -まとめ
プライバシーポリシー,https://www.apple-reform.com/privacy/,,,,狭山市,狭山市 広告分析 改善支援会社 -おすすめ -比較 -ランキング -求人 -まとめ
地方創生への活動を〈複業〉に 学びを活かし伴走型の地域支援を,https://www.sentankyo.jp/articles/29b4a11b-fedf-4ba9-af65-241c00f655d3,,,,狭山市,狭山市 デジタル広告 コンサルティング会社 -おすすめ -比較 -ランキング -求人 -まとめ
スタッフ紹介,https://saya-biz.jp/staff/,,,,狭山市,狭山市 デジタル広告 コンサルティング会社 -おすすめ -比較 -ランキング -求人 -まとめ
経営 支援,https://www.sayama-cci.or.jp/keiei/,,,,狭山市,狭山市 中小企業 広告運用支援 -おすすめ -比較 -ランキング -求人 -まとめ
狭山 商工会議所の 企業支援 をインタビュー！市内のお店を応援する ...,https://manekai.ameba.jp/life/sayama-cci/,,,,狭山市,狭山市 中小企業 広告運用支援 -おすすめ -比較 -ランキング -求人 -まとめ
「 Google Premier Partner 2022」に 認定,https://findstar-group.co.jp/news/startoasia-google-premier-partner-2022/,,,,戸田市,戸田市 Google広告 認定代理店 -おすすめ -比較 -ランキング -求人 -まとめ
Webマーケティングに強い総合 広告代理店 シーエムスタッフ,https://cmstaff.co.jp/document/dockeyword/web-marketing/,,,,戸田市,戸田市 Google広告 認定代理店 -おすすめ -比較 -ランキング -求人 -まとめ
Shirofunne,https://shirofune.com/agencySupport/,,,,戸田市,戸田市 Yahoo広告 運用代理店 -おすすめ -比較 -ランキング -求人 -まとめ
採用情報,https://www.butterflyridge-putali.com/recruitment,,,,戸田市,戸田市 Meta広告 運用支援会社 -おすすめ -比較 -ランキング -求人 -まとめ
業 者 名 簿,https://www.city.wako.lg.jp/_res/projects/default_project/_page_/001/007/282/buppinmeibo4.pdf,,,,戸田市,戸田市 Meta広告 運用支援会社 -おすすめ -比較 -ランキング -求人 -まとめ
ワンメディア株式 会社,https://initial.inc/companies/A-29517,,,,戸田市,戸田市 TikTok広告 運用会社 -おすすめ -比較 -ランキング -求人 -まとめ
イオンモール北 戸田 店,https://kamukura.co.jp/shop/9147/,,,,戸田市,戸田市 TikTok広告 運用会社 -おすすめ -比較 -ランキング -求人 -まとめ
事業内容,https://bind-worker.com/service,,,,戸田市,戸田市 Instagram広告 運用会社 -おすすめ -比較 -ランキング -求人 -まとめ
会社 概要,https://trueformpilates.jp/about/company,,,,戸田市,戸田市 Instagram広告 運用会社 -おすすめ -比較 -ランキング -求人 -まとめ
埼玉県 戸田市 でホームページ制作・Web集客支援・EC運営支援を ...,https://madeinlocal.jp/area/saitama/companies/news/042,,,,戸田市,戸田市 LINE広告 運用会社 -おすすめ -比較 -ランキング -求人 -まとめ
戸田 喜沢店のチラシと店舗情報,https://www.sugi-net.jp/stores/001068,,,,戸田市,戸田市 LINE広告 運用会社 -おすすめ -比較 -ランキング -求人 -まとめ
取手市 LINE 公式アカウント,https://www.city.toride.ibaraki.jp/miryoku/shise/kohokocho/homepage/line.html,,,,戸田市,戸田市 LINE広告 運用会社 -おすすめ -比較 -ランキング -求人 -まとめ
株式 会社 コンフィのインターンシップ・企業情報,https://www.in-fra.jp/long-internships/companies/4920,,,,戸田市,戸田市 LINE広告 運用会社 -おすすめ -比較 -ランキング -求人 -まとめ
柏市公式 LINE アカウント,https://www.city.kashiwa.lg.jp/kohokocho/koho/tool/line.html,,,,戸田市,戸田市 LINE広告 運用会社 -おすすめ -比較 -ランキング -求人 -まとめ
はじめに／埼玉県 戸田市 のホームページ 制作 「web36」,https://www.web36.net/greeting/index.html,,,,戸田市,戸田市 Web広告 クリエイティブ制作会社 -おすすめ -比較 -ランキング -求人 -まとめ
さいたま市・ 戸田市 のデジタルと空間デザイン 会社,https://design.ex-ad.co.jp/,,,,戸田市,戸田市 Web広告 クリエイティブ制作会社 -おすすめ -比較 -ランキング -求人 -まとめ
サービス,https://miakiss.com/services,,,,戸田市,戸田市 Web広告 クリエイティブ制作会社 -おすすめ -比較 -ランキング -求人 -まとめ
各種映像・動画・DVD企画 制作 【エルスプラン／埼玉県 戸田市 】,https://ersprung.co.jp/service/,,,,戸田市,戸田市 Web広告 クリエイティブ制作会社 -おすすめ -比較 -ランキング -求人 -まとめ
こども家庭庁の実証事業として埼玉県 戸田市 のこどもの不登校をAIで ...,https://www.uchida.co.jp/company/news/press/231215.html,,,,戸田市,戸田市 広告分析 改善支援会社 -おすすめ -比較 -ランキング -求人 -まとめ
クッキーポリシー,https://www.jinclinic-tmg.or.jp/cookie-policy/,,,,戸田市,戸田市 広告分析 改善支援会社 -おすすめ -比較 -ランキング -求人 -まとめ
株式 会社 SHOOT 360 JAPAN,https://www.sportsexpo.jp/ja-jp/search/2026/directory/directory-details.shoot360japan.org-8928f9fe-520b-4e5d-9596-56204558f1b5.html,,,,戸田市,戸田市 広告分析 改善支援会社 -おすすめ -比較 -ランキング -求人 -まとめ
事業所概要,https://ecto-con.com/location/,,,,戸田市,戸田市 デジタル広告 コンサルティング会社 -おすすめ -比較 -ランキング -求人 -まとめ
StudioAd株式 会社,https://studio-ad.net/,,,,戸田市,戸田市 デジタル広告 コンサルティング会社 -おすすめ -比較 -ランキング -求人 -まとめ
戸田市 DX伴走型支援事業,https://public-visasq.com/2024-toda-dx,,,,戸田市,戸田市 デジタル広告 コンサルティング会社 -おすすめ -比較 -ランキング -求人 -まとめ
マーケティングスクール説明会 – MARKETING SCHOOL,https://marketingschool.jp/infosession/,,,,戸田市,戸田市 デジタル広告 コンサルティング会社 -おすすめ -比較 -ランキング -求人 -まとめ
卒業年 出身学部 業界 職種 企業名 その他の情報（転職経験の情報等 ...,https://www.waseda.jp/inst/career/assets/uploads/2023/02/896074f804389b7ea9035e6b41eba032.pdf,,,,戸田市,戸田市 デジタル広告 コンサルティング会社 -おすすめ -比較 -ランキング -求人 -まとめ
戸田市 一般会計歳入歳出決算書,https://www.city.toda.saitama.jp/uploaded/attachment/62355.pdf,,,,戸田市,戸田市 中小企業 広告運用支援 -おすすめ -比較 -ランキング -求人 -まとめ
戸田市 様: お客様導入事例,https://jpn.nec.com/mcmail/case/toda/index.html,,,,戸田市,戸田市 中小企業 広告運用支援 -おすすめ -比較 -ランキング -求人 -まとめ
ハートランド 戸田 公園,https://ygood.jp/facility/h_todakoen/,,,,戸田市,戸田市 中小企業 広告運用支援 -おすすめ -比較 -ランキング -求人 -まとめ
企業版ふるさと納税による寄附をいただいた企業様（令和6年度）,https://www.city.soka.saitama.jp/cont/s1201/050/PAGE000000000000080343.html,,,,草加市,草加市 Yahoo広告 運用代理店 -おすすめ -比較 -ランキング -求人 -まとめ
沿革,https://jfrontier.jp/company/history/,,,,草加市,草加市 TikTok広告 運用会社 -おすすめ -比較 -ランキング -求人 -まとめ
草加市 〈キッチンスタジオ アオイエ〉人と人、人とまちがつながる ...,https://colocal.jp/topics/lifestyle/renovation/20211101_144411.html,,,,草加市,草加市 TikTok広告 運用会社 -おすすめ -比較 -ランキング -求人 -まとめ
マルネ・ラボ,https://marune-lab.com/,,,,草加市,草加市 LINE広告 運用会社 -おすすめ -比較 -ランキング -求人 -まとめ
ギャラリアデザイン,https://garalia-design.com/,,,,草加市,草加市 LINE広告 運用会社 -おすすめ -比較 -ランキング -求人 -まとめ
Cookieの取扱いについて,https://www.linefudousan.jp/cookie/,,,,草加市,草加市 LINE広告 運用会社 -おすすめ -比較 -ランキング -求人 -まとめ
インスタ グラム 運用 サポート,https://www.o-p-s.jp/c_instagram.html,,,,草加市,草加市 Instagram広告 運用会社 -おすすめ -比較 -ランキング -求人 -まとめ
SHOP 株式 会社 リヴ 埼玉県 草加市 中央1-5-25,https://house.dolive.media/shop/191/,,,,草加市,草加市 Instagram広告 運用会社 -おすすめ -比較 -ランキング -求人 -まとめ
あっぷるデザイン,http://www.apple-design.net/,,,,草加市,草加市 Web広告 クリエイティブ制作会社 -おすすめ -比較 -ランキング -求人 -まとめ
株式 会社 ゴールドグリーン,http://gold-greenhub.com/,,,,草加市,草加市 広告分析 改善支援会社 -おすすめ -比較 -ランキング -求人 -まとめ
ManaCam,https://www.sdsoka.com/aiiotrpa/manacam,,,,草加市,草加市 広告分析 改善支援会社 -おすすめ -比較 -ランキング -求人 -まとめ
アドバンスの事業,https://advance-co.com/service,,,,草加市,草加市 広告分析 改善支援会社 -おすすめ -比較 -ランキング -求人 -まとめ
TAKTは不動産専門の 改善 コンサルティングチームです,https://taktcoltd.jp/w/,,,,草加市,草加市 広告分析 改善支援会社 -おすすめ -比較 -ランキング -求人 -まとめ
［お名前非公開］/外資系大手 広告 テクノロジーにて要職担当 ...,https://kenjins.jp/adviser/detail/6734,,,,草加市,草加市 デジタル広告 コンサルティング会社 -おすすめ -比較 -ランキング -求人 -まとめ
民泊」vs「旅館業許可」,http://www.office-hiyama.com/s/1603.php,,,,草加市,草加市 中小企業 広告運用支援 -おすすめ -比較 -ランキング -求人 -まとめ
中央株式会社 会社情報,https://toiku-shukatsu.net/search/company/TE0138/index.html,,,,草加市,草加市 中小企業 広告運用支援 -おすすめ -比較 -ランキング -求人 -まとめ
コミュニティフリッジ 草加,https://cf-soka.com/,,,,草加市,草加市 中小企業 広告運用支援 -おすすめ -比較 -ランキング -求人 -まとめ
実店舗での集客でリスティング 広告 を使う場合の便利な機能 ...,https://www.i-m-c.co.jp/ad_column/%E5%AE%9F%E5%BA%97%E8%88%97%E3%81%A7%E3%81%AE%E9%9B%86%E5%AE%A2%E3%81%A7%E3%83%AA%E3%82%B9%E3%83%86%E3%82%A3%E3%83%B3%E3%82%B0%E5%BA%83%E5%91%8A%E3%82%92%E4%BD%BF%E3%81%86%E5%A0%B4%E5%90%88%E3%81%AE/,,,,市川市,市川市 Google広告 認定代理店 -おすすめ -比較 -ランキング -求人 -まとめ
リアルとバーチャルの融合で 地域のWell-being向上と活性化,https://annei.org/wp-content/uploads/2025/02/%E3%80%90WEB%E6%8E%B2%E8%BC%89%E7%94%A8%E3%80%91AnCo%E5%88%86%E7%A7%91%E4%BC%9AVol.1_RWG-1.pdf,,,,市川市,市川市 Google広告 認定代理店 -おすすめ -比較 -ランキング -求人 -まとめ
「丸投げ」の不安を「自社 運用 の自信」へ。整体院経営者 ...,https://degipro.com/case/japan-pride,,,,市川市,市川市 Yahoo広告 運用代理店 -おすすめ -比較 -ランキング -求人 -まとめ
ディスプレイ 広告,https://mmmgn.co.jp/company/profile/,,,,市川市,市川市 Yahoo広告 運用代理店 -おすすめ -比較 -ランキング -求人 -まとめ
多言語SEO LLMO AI検索最適化 AIO WEBシステム スマホアプリ 113 ...,https://www.fess-inc.com/,,,,市川市,市川市 TikTok広告 運用会社 -おすすめ -比較 -ランキング -求人 -まとめ
株式 会社 モビリィ コーポレートサイト,https://mobily.co.jp/about,,,,市川市,市川市 Instagram広告 運用会社 -おすすめ -比較 -ランキング -求人 -まとめ
5/17(日)「 市川市 動植物園×北総鉄道コラボまつり」開催＆イベント ...,https://www.hokuso-railway.co.jp/topics/detail/68316,,,,市川市,市川市 Instagram広告 運用会社 -おすすめ -比較 -ランキング -求人 -まとめ
会社 案内,https://next-stage.biz/company/,,,,市川市,市川市 Instagram広告 運用会社 -おすすめ -比較 -ランキング -求人 -まとめ
市川市 100人カイギ,https://100ninkaigi.com/area/ichikawa,,,,市川市,市川市 Instagram広告 運用会社 -おすすめ -比較 -ランキング -求人 -まとめ
千葉県 市川市 の Web ・ホームページ 制作 ／ポスター・チラシ 制作 ...,https://thefourthcat.com/,,,,市川市,市川市 Web広告 クリエイティブ制作会社 -おすすめ -比較 -ランキング -求人 -まとめ
ミカヅキ合同 会社 市川市 の クリエイティブ ファーム,https://mikazukidesign.com/about,,,,市川市,市川市 Web広告 クリエイティブ制作会社 -おすすめ -比較 -ランキング -求人 -まとめ
運営 会社,https://y-lab.work/about/,,,,市川市,市川市 Web広告 クリエイティブ制作会社 -おすすめ -比較 -ランキング -求人 -まとめ
経営 改善 オンデマンド講座,https://www.satoukaikei.com/tkc-on-demand001,,,,市川市,市川市 広告分析 改善支援会社 -おすすめ -比較 -ランキング -求人 -まとめ
コンサルティング実績,https://arimura-c.com/example/consul/,,,,市川市,市川市 広告分析 改善支援会社 -おすすめ -比較 -ランキング -求人 -まとめ
おおたか経営コンサルティング株式 会社,https://otaka-bc.jp/,,,,市川市,市川市 広告分析 改善支援会社 -おすすめ -比較 -ランキング -求人 -まとめ
インターネット関連の業種,https://www.e-ichikawa.jp/index.php?jobpath=internet,,,,市川市,市川市 デジタル広告 コンサルティング会社 -おすすめ -比較 -ランキング -求人 -まとめ
Web戦略 コンサルティング,https://gratus.co.jp/,,,,市川市,市川市 デジタル広告 コンサルティング会社 -おすすめ -比較 -ランキング -求人 -まとめ
会社 概要,http://www.endento.com/%E4%BC%9A%E7%A4%BE%E6%A6%82%E8%A6%81/,,,,市川市,市川市 デジタル広告 コンサルティング会社 -おすすめ -比較 -ランキング -求人 -まとめ
WEB CONSULTING,https://www.graphica-line.jp/support/consulting/,,,,市川市,市川市 デジタル広告 コンサルティング会社 -おすすめ -比較 -ランキング -求人 -まとめ
16884.pdf,https://www.city.ichikawa.lg.jp/uploaded/attachment/16884.pdf,,,,市川市,市川市 中小企業 広告運用支援 -おすすめ -比較 -ランキング -求人 -まとめ
市川 商工会議所のホームページにバナー 広告 をだしませんか！,https://www.ichikawa-cci.or.jp/latest_information/2026040115321/,,,,市川市,市川市 中小企業 広告運用支援 -おすすめ -比較 -ランキング -求人 -まとめ
創 業 サ ポ ー タ ー,https://www.hiwave.or.jp/hsusc/wp-content/uploads/2022/03/%E2%91%A6%E5%B0%82%E9%96%80%E5%AE%B6%E3%83%BB%E5%85%88%E8%BC%A9%E7%B5%8C%E5%96%B6%E8%80%85%E3%83%BB%E5%85%88%E8%BC%A9%E8%B5%B7%E6%A5%AD%E5%AE%B6%EF%BC%88R4.3.28%EF%BC%89.pdf,,,,市川市,市川市 中小企業 広告運用支援 -おすすめ -比較 -ランキング -求人 -まとめ
overview,https://lieferant.jpn.com/overview/,,,,松戸市,松戸市 Google広告 認定代理店 -おすすめ -比較 -ランキング -求人 -まとめ
沿革,https://www.auncon.co.jp/company/history/,,,,松戸市,松戸市 Google広告 認定代理店 -おすすめ -比較 -ランキング -求人 -まとめ
会社概要 – 株式会社ozpromotion,https://ozpro.co.jp/about-company/,,,,松戸市,松戸市 Google広告 認定代理店 -おすすめ -比較 -ランキング -求人 -まとめ
千葉県 松戸市 ：8月21日（金）14:00～ ワークショップ,https://faincation.com/event/16601,,,,松戸市,松戸市 Google広告 認定代理店 -おすすめ -比較 -ランキング -求人 -まとめ
会社概要,https://pentact.co.jp/company.html,,,,松戸市,松戸市 Google広告 認定代理店 -おすすめ -比較 -ランキング -求人 -まとめ
松戸市 ・柏市・流山市・市川市の不動産、新築戸建のことなら大幸 ...,https://www.daiko-land.co.jp/0/0/0/kashitai,,,,松戸市,松戸市 Google広告 認定代理店 -おすすめ -比較 -ランキング -求人 -まとめ
「 松戸市 公式ホームページ」と「松戸市立図書館ホームページ」に ...,https://www.city.matsudo.chiba.jp/jigyosya/matsudo_koukoku/banner-koukoku.html,,,,松戸市,松戸市 Yahoo広告 運用代理店 -おすすめ -比較 -ランキング -求人 -まとめ
松戸市,https://www.matchcontact.net/faq_matsudo/print.asp?faqno=MAT00256&sugtype=-1&logid=0,,,,松戸市,松戸市 Yahoo広告 運用代理店 -おすすめ -比較 -ランキング -求人 -まとめ
SNS 運用代行,https://chibaschoolstudio.jp/sns,,,,松戸市,松戸市 Yahoo広告 運用代理店 -おすすめ -比較 -ランキング -求人 -まとめ
会社概要,https://mobilis-kj.co.jp/%E4%BC%9A%E7%A4%BE%E6%A6%82%E8%A6%81/,,,,松戸市,松戸市 Yahoo広告 運用代理店 -おすすめ -比較 -ランキング -求人 -まとめ
千葉県の企業様・オーナー様向け,https://agaruto-marketing.com/marketing/chiba/,,,,松戸市,松戸市 Yahoo広告 運用代理店 -おすすめ -比較 -ランキング -求人 -まとめ
実務支援メニュー,https://imc-tokyo.com/%E3%82%B5%E3%83%BC%E3%83%93%E3%82%B9%E5%86%85%E5%AE%B9/,,,,松戸市,松戸市 Yahoo広告 運用代理店 -おすすめ -比較 -ランキング -求人 -まとめ
ご利用規約,https://terracemall.com/matsudo/terms/,,,,松戸市,松戸市 Meta広告 運用支援会社 -おすすめ -比較 -ランキング -求人 -まとめ
SNS動画制作・ 運用 代行の依頼Fムービーにおまかせ,https://fine-production.jp/video_production/lp5/,,,,松戸市,松戸市 TikTok広告 運用会社 -おすすめ -比較 -ランキング -求人 -まとめ
はじめてのGoogle 広告 出稿のきほん,https://biz-mado.jp/seminar/web_advertisement_basic/,,,,松戸市,松戸市 Instagram広告 運用会社 -おすすめ -比較 -ランキング -求人 -まとめ
会社 概要,https://is-corp.jp/company/about/,,,,松戸市,松戸市 Instagram広告 運用会社 -おすすめ -比較 -ランキング -求人 -まとめ
デザイン・ 制作,https://yaka.co.jp/design/,,,,松戸市,松戸市 Web広告 クリエイティブ制作会社 -おすすめ -比較 -ランキング -求人 -まとめ
千葉県 松戸市 でホームページ 制作 ・ Web システム開発の相談,https://chikait.com/blog/matudo-consultation/,,,,松戸市,松戸市 Web広告 クリエイティブ制作会社 -おすすめ -比較 -ランキング -求人 -まとめ
ワイアールクリエイティブ,https://yr-creative.jp/information/,,,,松戸市,松戸市 Web広告 クリエイティブ制作会社 -おすすめ -比較 -ランキング -求人 -まとめ
松戸 花火大会2026 広告 協賛の募集ページ,https://matsudo-hanabi.com/sponsor.html,,,,松戸市,松戸市 Web広告 クリエイティブ制作会社 -おすすめ -比較 -ランキング -求人 -まとめ
データ 分析 /基盤構築 支援,https://new-history.co.jp/services/data-analysis,,,,松戸市,松戸市 広告分析 改善支援会社 -おすすめ -比較 -ランキング -求人 -まとめ
株式 会社 オリハラ,https://www.orihara-tosou.com/,,,,松戸市,松戸市 広告分析 改善支援会社 -おすすめ -比較 -ランキング -求人 -まとめ
会社 概要,https://cyberarx.jp/company/,,,,松戸市,松戸市 デジタル広告 コンサルティング会社 -おすすめ -比較 -ランキング -求人 -まとめ
日本最大級の 中小企業 診断士検索サイト,https://smeca-search.com/?search_element_0_cnt=14&search_element_1_cnt=48&search_element_2_5=%E5%8D%83%E8%91%89%E7%9C%8C&search_element_3_cnt=13&search_element_4_cnt=8&searchbutton=+&csp=search_add&feadvns_max_line_1=6&fe_form_no=1×tamp=1596405468,,,,松戸市,松戸市 中小企業 広告運用支援 -おすすめ -比較 -ランキング -求人 -まとめ
求 職 者 支 援 訓 練 実践 初心者OK AI＆マーケティングも学べる ...,https://jsite.mhlw.go.jp/chiba-roudoukyoku/content/contents/0911_0101r.pdf,,,,松戸市,松戸市 中小企業 広告運用支援 -おすすめ -比較 -ランキング -求人 -まとめ
流山市 自由通路等 広告 業務の契約者を決定いたしました,https://www.city.nagareyama.chiba.jp/business/1005422/1005436/1005460.html,,,,流山市,流山市 Yahoo広告 運用代理店 -おすすめ -比較 -ランキング -求人 -まとめ
マスコミ学科 エド・アド（学生 広告代理店 ）,https://www.edogawa-u.ac.jp/colleges/d_massmedia/edo_ad.html,,,,流山市,流山市 Yahoo広告 運用代理店 -おすすめ -比較 -ランキング -求人 -まとめ
会社概要,http://i-deal-i.jp/%E4%BC%9A%E7%A4%BE%E6%A6%82%E8%A6%81/,,,,流山市,流山市 Yahoo広告 運用代理店 -おすすめ -比較 -ランキング -求人 -まとめ
【ご報告】株式 会社 iYaku Japanを設立しました,https://iyaku.com.vn/blog/ai/iyaku-japan-established/,,,,流山市,流山市 Meta広告 運用支援会社 -おすすめ -比較 -ランキング -求人 -まとめ
海外向け日本食品メタバース展示会を運営する「BorderTech」と ...,https://corp.ad-virtua.com/news/20240423,,,,流山市,流山市 Meta広告 運用支援会社 -おすすめ -比較 -ランキング -求人 -まとめ
【急募/3月16日】千葉の人気結婚式場・ TikTok 出演キャスト募集 ...,https://cinepu.com/cast/wE5xeqv2g8/,,,,流山市,流山市 TikTok広告 運用会社 -おすすめ -比較 -ランキング -求人 -まとめ
オーストラリアは16歳未満SNS禁止！を 流山市 から考える。,https://go2senkyo.com/seijika/67722/posts/1026951,,,,流山市,流山市 TikTok広告 運用会社 -おすすめ -比較 -ランキング -求人 -まとめ
【 流山 からJリーグへ】元日本代表 近藤直也が運営するみんなDE体 ...,https://nagareyamafc.co.jp/partner-202406-03/,,,,流山市,流山市 TikTok広告 運用会社 -おすすめ -比較 -ランキング -求人 -まとめ
HOME,https://cotoxiron.net/home/,,,,流山市,流山市 TikTok広告 運用会社 -おすすめ -比較 -ランキング -求人 -まとめ
事業内容（売上集客コンサルティング・マーケティング）,https://fami-life.jp/services/,,,,流山市,流山市 Instagram広告 運用会社 -おすすめ -比較 -ランキング -求人 -まとめ
クラブ概要,https://www.reysol-nagareyama.jp/%E3%82%AF%E3%83%A9%E3%83%96%E6%A6%82%E8%A6%81/,,,,流山市,流山市 Instagram広告 運用会社 -おすすめ -比較 -ランキング -求人 -まとめ
広告 企画・デザイン・印刷・ Web ・映像 有限 会社 ケイ・ツウ／Contact,http://www.k2-network.jp/contact.html,,,,流山市,流山市 Web広告 クリエイティブ制作会社 -おすすめ -比較 -ランキング -求人 -まとめ
制作 の流れ,https://www.cs-nine.co.jp/flow,,,,流山市,流山市 Web広告 クリエイティブ制作会社 -おすすめ -比較 -ランキング -求人 -まとめ
流山市 くらしサポートセンターユーネット・令和8年度 流山市 生活 ...,https://public.lec-jp.com/seikatukonkyuu-nagareyama/,,,,流山市,流山市 LINE広告 運用会社 -おすすめ -比較 -ランキング -求人 -まとめ
プライバシーポリシー,https://www.kmkikaku.co.jp/privacy/,,,,流山市,流山市 LINE広告 運用会社 -おすすめ -比較 -ランキング -求人 -まとめ
プライバシーポリシー,https://www.willregulus.jp/privacy-policy/,,,,流山市,流山市 広告分析 改善支援会社 -おすすめ -比較 -ランキング -求人 -まとめ
SERVICE,https://www.kurasino.co.jp/service/,,,,流山市,流山市 広告分析 改善支援会社 -おすすめ -比較 -ランキング -求人 -まとめ
会社 概要,https://www.ifam.co.jp/profile/,,,,流山市,流山市 デジタル広告 コンサルティング会社 -おすすめ -比較 -ランキング -求人 -まとめ
PR Sync【 流山市 】の、リスティング 広告 ・HPへの集客,http://pr-sync.exp.jp/greeting.php,,,,流山市,流山市 中小企業 広告運用支援 -おすすめ -比較 -ランキング -求人 -まとめ
経営改善オンデマンド講座,https://www.taka-tax.jp/tkc-on-demand001,,,,流山市,流山市 中小企業 広告運用支援 -おすすめ -比較 -ランキング -求人 -まとめ
創業塾2024 受講生募集,https://nagareyama.or.jp/archives/11274,,,,流山市,流山市 中小企業 広告運用支援 -おすすめ -比較 -ランキング -求人 -まとめ
流山市 のCO₂排出量ゼロに貢献 市内の47施設にEnneGreen®を提供 ...,https://www.ennet.co.jp/pressrelease/20210331165203.html,,,,流山市,流山市 中小企業 広告運用支援 -おすすめ -比較 -ランキング -求人 -まとめ
空き家・空き店舗の利活用,https://akiya-renovation.nagareyama-realestate.co.jp/,,,,流山市,流山市 中小企業 広告運用支援 -おすすめ -比較 -ランキング -求人 -まとめ
流山 Biz,https://nagareyama-biz.com/,,,,流山市,流山市 中小企業 広告運用支援 -おすすめ -比較 -ランキング -求人 -まとめ
ITセミナー「検索の世界」のご案内【参加無料】,https://www.kimitsucci.or.jp/it-seminar/,,,,木更津市,木更津市 Google広告 認定代理店 -おすすめ -比較 -ランキング -求人 -まとめ
木更津市 ・君津市とEV活用協定を締結、INSTERを寄贈,https://www.hyundai.com/jp/newsroom/news-detail-292,,,,木更津市,木更津市 Google広告 認定代理店 -おすすめ -比較 -ランキング -求人 -まとめ
JR内房線 木更津市 牛込 売土地 の詳細,https://www.bellstage.jp/d12003600121010000001929,,,,木更津市,木更津市 Google広告 認定代理店 -おすすめ -比較 -ランキング -求人 -まとめ
商工きさらづvol835,https://bulletin.kisarazu-cci.or.jp/sk202408/pageindices/index7.html,,,,木更津市,木更津市 Yahoo広告 運用代理店 -おすすめ -比較 -ランキング -求人 -まとめ
0083 合同会社TIPSY,https://www.k-organiccity.org/action_company_list/3408/,,,,木更津市,木更津市 Yahoo広告 運用代理店 -おすすめ -比較 -ランキング -求人 -まとめ
会社 案内,https://techno-gateway.com/ugocon/company/,,,,木更津市,木更津市 Meta広告 運用支援会社 -おすすめ -比較 -ランキング -求人 -まとめ
平成25年度 ちば中小企業元気づくり基金事業交付決定状況,https://www.ccjc-net.or.jp/cmsfiles/contents/0000001/1322/H25-koufu.pdf,,,,木更津市,木更津市 Meta広告 運用支援会社 -おすすめ -比較 -ランキング -求人 -まとめ
きさらづ市民カレッジ,https://www.city.kisarazu.lg.jp/soshiki/kyoiku/shogaigakushu/2/2-syakaikyoiku/1174.html,,,,木更津市,木更津市 Meta広告 運用支援会社 -おすすめ -比較 -ランキング -求人 -まとめ
木更津市 と連携協定締結しました,https://xpand.biz/2022/07/cooperation_agreement/,,,,木更津市,木更津市 Meta広告 運用支援会社 -おすすめ -比較 -ランキング -求人 -まとめ
合同 会社 モバイルリンク,http://mobile-linkjp.com/,,,,木更津市,木更津市 TikTok広告 運用会社 -おすすめ -比較 -ランキング -求人 -まとめ
K&R株式 会社 コーポレートサイト » 私たちの事業,https://knrcompany.jp/business/,,,,木更津市,木更津市 TikTok広告 運用会社 -おすすめ -比較 -ランキング -求人 -まとめ
人気タレントやアーティストが来場！ 「みんなのトラックフェス ...,https://nosweb.jp/camion/articles/detail/10673,,,,木更津市,木更津市 TikTok広告 運用会社 -おすすめ -比較 -ランキング -求人 -まとめ
関東鉄道株式 会社 様 LINE 公式アカウント 運用 ・支援と友だち追加 ...,https://www.keisei-fk.jp/works/%E9%96%A2%E6%9D%B1%E9%89%84%E9%81%93%E6%A0%AA%E5%BC%8F%E4%BC%9A%E7%A4%BE%E6%A7%98%E3%80%80line%E5%85%AC%E5%BC%8F%E3%82%A2%E3%82%AB%E3%82%A6%E3%83%B3%E3%83%88%E9%81%8B%E7%94%A8%E3%81%A8%E3%81%8A/,,,,木更津市,木更津市 LINE広告 運用会社 -おすすめ -比較 -ランキング -求人 -まとめ
木更津市 市民活動センター,https://k-mirailabo.com/,,,,木更津市,木更津市 LINE広告 運用会社 -おすすめ -比較 -ランキング -求人 -まとめ
千葉県 木更津市 が本日よりリユース品の出品を開始,https://jmty.co.jp/archives/21426/news_release/,,,,木更津市,木更津市 LINE広告 運用会社 -おすすめ -比較 -ランキング -求人 -まとめ
業務実績 Achievement,http://www.idec-inc.co.jp/result/br_search.cgi,,,,木更津市,木更津市 広告分析 改善支援会社 -おすすめ -比較 -ランキング -求人 -まとめ
プライバシーポリシー,https://oisikur.jp/tourreport_detail/plivacypolicy,,,,木更津市,木更津市 広告分析 改善支援会社 -おすすめ -比較 -ランキング -求人 -まとめ
人流解析／AI交通量調査／三次元計測,https://www.asperia.jp/,,,,木更津市,木更津市 広告分析 改善支援会社 -おすすめ -比較 -ランキング -求人 -まとめ
会社概要,https://webaccele.net/company/,,,,成田市,成田市 Google広告 認定代理店 -おすすめ -比較 -ランキング -求人 -まとめ
OUTLINE物件概要,https://www.sgr-sumai.jp/mansion/r-narita119/outline/,,,,成田市,成田市 Google広告 認定代理店 -おすすめ -比較 -ランキング -求人 -まとめ
総合 広告代理店 荒川 広告 社,https://www.arakawa-k.jp/,,,,成田市,成田市 Google広告 認定代理店 -おすすめ -比較 -ランキング -求人 -まとめ
個人投資家向け会社説明会資料,https://sunautas.co.jp/wp-content/uploads/2023/04/20230329_7623-_0328-final2new.pdf,,,,成田市,成田市 Google広告 認定代理店 -おすすめ -比較 -ランキング -求人 -まとめ
ケータイショップ,https://www.teluru.jp/shop/reserve/693,,,,成田市,成田市 Google広告 認定代理店 -おすすめ -比較 -ランキング -求人 -まとめ
成田市 下福田地区における国際物流拠点 「WING NRT」の開発 ...,https://www.jal.co.jp/jp/ja/jalcargo/news/20250715-01/,,,,成田市,成田市 Yahoo広告 運用代理店 -おすすめ -比較 -ランキング -求人 -まとめ
成田市 社会福祉協議会だより福祉なりたNo.141,https://www.juwa.com/wp/wp-content/uploads/2022/01/a1156e7b2bb0ec9a889b9a873d2a7cdf.pdf,,,,成田市,成田市 Yahoo広告 運用代理店 -おすすめ -比較 -ランキング -求人 -まとめ
広告 AIエージェントのエリア分析拡張とエンタープライズマルチ ...,https://frontlinegroup.jp/ai/ai-news-20260731,,,,成田市,成田市 Meta広告 運用支援会社 -おすすめ -比較 -ランキング -求人 -まとめ
cloudpackのAWS導入事例,https://cloudpack.jp/casestudy/152.html,,,,成田市,成田市 Meta広告 運用支援会社 -おすすめ -比較 -ランキング -求人 -まとめ
ITO Corp,https://std.itocorp.jp/,,,,成田市,成田市 TikTok広告 運用会社 -おすすめ -比較 -ランキング -求人 -まとめ
成田市 下福田地区における国際物流拠点「WING NRT」の開発 ...,https://press.jal.co.jp/ja/release/202507/008921.html,,,,成田市,成田市 TikTok広告 運用会社 -おすすめ -比較 -ランキング -求人 -まとめ
ミライノ「オート三輪トラック」、 TikTok でバズる,https://logistics.jp/pickup/2026/02/20/61071/,,,,成田市,成田市 TikTok広告 運用会社 -おすすめ -比較 -ランキング -求人 -まとめ
駐車場のご案内について,https://naritacci.or.jp/?page_id=105,,,,成田市,成田市 TikTok広告 運用会社 -おすすめ -比較 -ランキング -求人 -まとめ
Cookieの取扱いについて,https://www.hatchout-rent.com/cookie/,,,,成田市,成田市 TikTok広告 運用会社 -おすすめ -比較 -ランキング -求人 -まとめ
成田市 観光協会公式 Instagram 写真コンテスト「FEEL成田 インスタ ...,https://www.nrtk.jp/gallery/contest/index_instagram_results.html,,,,成田市,成田市 Instagram広告 運用会社 -おすすめ -比較 -ランキング -求人 -まとめ
ドッグランカフェ、沖縄料理のワールドワイド合同 会社 ・千葉県 ...,https://worldwide.co.jp/,,,,成田市,成田市 LINE広告 運用会社 -おすすめ -比較 -ランキング -求人 -まとめ
お知らせ アーカイブ,https://work2-life.com/news/,,,,成田市,成田市 LINE広告 運用会社 -おすすめ -比較 -ランキング -求人 -まとめ
プロフィール,https://cocosaka-flowerweb.com/shinekely-desigh-home/profile/,,,,成田市,成田市 Web広告 クリエイティブ制作会社 -おすすめ -比較 -ランキング -求人 -まとめ
成田市,https://www.jetro.go.jp/invest/region/data/narita-city.html,,,,成田市,成田市 広告分析 改善支援会社 -おすすめ -比較 -ランキング -求人 -まとめ
令和6年度 成田市 施政方針,https://www.city.narita.chiba.jp/shisei/R06houshin_00001.html,,,,成田市,成田市 広告分析 改善支援会社 -おすすめ -比較 -ランキング -求人 -まとめ
西日本シティ銀行による、デジタル 広告 内製化への取り組み。,https://4ad.members.co.jp/case/20230919/,,,,成田市,成田市 広告分析 改善支援会社 -おすすめ -比較 -ランキング -求人 -まとめ
プライバシーポリシー,https://koumuten.onewalk.co.jp/privacypolicy,,,,成田市,成田市 広告分析 改善支援会社 -おすすめ -比較 -ランキング -求人 -まとめ
会社 案内,https://www.kei-labo.co.jp/company,,,,成田市,成田市 広告分析 改善支援会社 -おすすめ -比較 -ランキング -求人 -まとめ
seo,https://waave.co.jp/seo,,,,成田市,成田市 広告分析 改善支援会社 -おすすめ -比較 -ランキング -求人 -まとめ
成田 空港周辺の地域づくりに関する 「実施プラン」 別冊 施策事業編,https://www.pref.chiba.lg.jp/kuushin/documents/r3jissipura-bessatu.pdf,,,,成田市,成田市 広告分析 改善支援会社 -おすすめ -比較 -ランキング -求人 -まとめ
プライバシーポリシー,https://www.kouyou.net/privacy/,,,,成田市,成田市 デジタル広告 コンサルティング会社 -おすすめ -比較 -ランキング -求人 -まとめ
成田市 合同 企業 説明会【11月24日(月・祝)】事前参加申込フォーム,https://form.run/@r7-narita-event-sanka,,,,成田市,成田市 中小企業 広告運用支援 -おすすめ -比較 -ランキング -求人 -まとめ
【終了】【第2回ステップアップセミナー in 成田市 】成功するための ...,https://chibayorozu.go.jp/seminar/pastseminars/stepup20210206/,,,,成田市,成田市 中小企業 広告運用支援 -おすすめ -比較 -ランキング -求人 -まとめ
成田 市東商工会,https://www.chibaken.or.jp/11naritashihigashi/,,,,成田市,成田市 中小企業 広告運用支援 -おすすめ -比較 -ランキング -求人 -まとめ
ご当地キャラ 成田 詣WEB 広告運用 業務に係る公募型プロポーザルの ...,https://govbase.jp/bid/645246,,,,成田市,成田市 中小企業 広告運用支援 -おすすめ -比較 -ランキング -求人 -まとめ
運営会社概要,https://www.webkoukoku.net/company/index.html,,,,八王子市,八王子市 Google広告 認定代理店 -おすすめ -比較 -ランキング -求人 -まとめ
会社概要,https://www.tenguu.co.jp/company/,,,,八王子市,八王子市 Yahoo広告 運用代理店 -おすすめ -比較 -ランキング -求人 -まとめ
会社概要,https://stygle.jp/cominfo.html,,,,八王子市,八王子市 Yahoo広告 運用代理店 -おすすめ -比較 -ランキング -求人 -まとめ
合同 会社 PrimeKINGs,https://www.primekings.co.jp/,,,,八王子市,八王子市 TikTok広告 運用会社 -おすすめ -比較 -ランキング -求人 -まとめ
Web 広告 ・IT活用 支援,https://pier-partner.com/web-support,,,,八王子市,八王子市 Meta広告 運用支援会社 -おすすめ -比較 -ランキング -求人 -まとめ
会社 情報,https://creaw-usa.com/company/,,,,八王子市,八王子市 Meta広告 運用支援会社 -おすすめ -比較 -ランキング -求人 -まとめ
ラジオCM 広告 サービスの提供を開始しました,https://erima.co/radio-cm-service-news/,,,,八王子市,八王子市 Meta広告 運用支援会社 -おすすめ -比較 -ランキング -求人 -まとめ
Instagram広告,https://www.oikedesign.com/snsad/,,,,八王子市,八王子市 Instagram広告 運用会社 -おすすめ -比較 -ランキング -求人 -まとめ
分析指標の絞り込みでEC 運用 のPDCAが加速 統合型Webサイトを ...,https://digiport.tokyo/cases/case266/,,,,八王子市,八王子市 Instagram広告 運用会社 -おすすめ -比較 -ランキング -求人 -まとめ
施工事例,https://atlas-ad.co.jp/works/,,,,八王子市,八王子市 Instagram広告 運用会社 -おすすめ -比較 -ランキング -求人 -まとめ
株式 会社 ORTHROS DESIGN概要,https://orthrosdesign.net/kaisha_gaiyou.html,,,,八王子市,八王子市 LINE広告 運用会社 -おすすめ -比較 -ランキング -求人 -まとめ
八王子 のホームページ 制作 ・集客支援,https://designworks-citrus.com/,,,,八王子市,八王子市 Web広告 クリエイティブ制作会社 -おすすめ -比較 -ランキング -求人 -まとめ
ABOUT,https://tricky.co.jp/about,,,,八王子市,八王子市 Web広告 クリエイティブ制作会社 -おすすめ -比較 -ランキング -求人 -まとめ
会員情報,https://www.cyber-silkroad.jp/member/,,,,八王子市,八王子市 広告分析 改善支援会社 -おすすめ -比較 -ランキング -求人 -まとめ
開業 支援 ・コンサルティング事業,https://nime.co.jp/tokyo/pages/37/,,,,八王子市,八王子市 広告分析 改善支援会社 -おすすめ -比較 -ランキング -求人 -まとめ
中小企業 向けSNS戦略セミナー,https://oif-tama.jp/hachioji/event/entry-33876.html,,,,八王子市,八王子市 中小企業 広告運用支援 -おすすめ -比較 -ランキング -求人 -まとめ
東京都・ 八王子市 のWeb制作に使える補助金 2024/09,https://portfolio.tarouken.com/government-subsidy/,,,,八王子市,八王子市 中小企業 広告運用支援 -おすすめ -比較 -ランキング -求人 -まとめ
「 八王子 が一番ビジョン」 広告 協賛 企業 を募集します【令和5年7 ...,https://hachioji.or.jp/archives/9309,,,,八王子市,八王子市 中小企業 広告運用支援 -おすすめ -比較 -ランキング -求人 -まとめ
Nomad Communityの強み,https://nomadcommunity.net/aboutus/,,,,八王子市,八王子市 中小企業 広告運用支援 -おすすめ -比較 -ランキング -求人 -まとめ
【開催終了】1月21日(水)、無料セミナー「EC×SNSで売上を最大化 ...,https://www.keieiryoku.jp/info/detail/?id=138,,,,八王子市,八王子市 中小企業 広告運用支援 -おすすめ -比較 -ランキング -求人 -まとめ
EQUATOR ウェブ コンサルティング,https://www.office-kato.tokyo/,,,,八王子市,八王子市 デジタル広告 コンサルティング会社 -おすすめ -比較 -ランキング -求人 -まとめ
会社 概要,https://ifpcs.com/company/info/,,,,八王子市,八王子市 デジタル広告 コンサルティング会社 -おすすめ -比較 -ランキング -求人 -まとめ
DX／IT コンサルティング,https://www.oag-group.co.jp/services/dx-it/,,,,八王子市,八王子市 デジタル広告 コンサルティング会社 -おすすめ -比較 -ランキング -求人 -まとめ
あおプロ-会社概要,http://www.ao-pro.jp/company.html,,,,立川市,立川市 Google広告 認定代理店 -おすすめ -比較 -ランキング -求人 -まとめ
認定 補聴器専門店リオネットセンター 立川 南店,https://www.rion-east.co.jp/shop/5_index_detail.php,,,,立川市,立川市 Google広告 認定代理店 -おすすめ -比較 -ランキング -求人 -まとめ
株式会社日広通信社,https://www.ad-nikko.co.jp/company/,,,,立川市,立川市 Yahoo広告 運用代理店 -おすすめ -比較 -ランキング -求人 -まとめ
株式会社コムワーク,https://www.comwork.co.jp/,,,,立川市,立川市 Yahoo広告 運用代理店 -おすすめ -比較 -ランキング -求人 -まとめ
令 和 5年 度 事 業 報 告 書,https://www.seikatubunka1.metro.tokyo.lg.jp/houjin/npo_houjin/list/ledger/0091527/91527-JH-R05-I1734504185798.pdf,,,,立川市,立川市 Meta広告 運用支援会社 -おすすめ -比較 -ランキング -求人 -まとめ
株式 会社 こやまんJAPAN: WEBマーケティング・営業支援・AI活用で ...,https://koyamanjapan.com/,,,,立川市,立川市 TikTok広告 運用会社 -おすすめ -比較 -ランキング -求人 -まとめ
Peatix: インフルエンサーマーケティングのプロが直伝！YouTube ...,https://tcicevent20240111.peatix.com/,,,,立川市,立川市 TikTok広告 運用会社 -おすすめ -比較 -ランキング -求人 -まとめ
BICS,https://bicsgroup.co.jp/assets/images/company_profile.pdf,,,,立川市,立川市 TikTok広告 運用会社 -おすすめ -比較 -ランキング -求人 -まとめ
火災被害に遭った 立川 市立第七中学校を支援する募金実施のお知らせ,https://www.zeekstar.tokyo/news/info/13308/,,,,立川市,立川市 TikTok広告 運用会社 -おすすめ -比較 -ランキング -求人 -まとめ
立川 ・国分寺・八王子 障害年金活性化サポート,https://tachikawa-shougai.com/,,,,立川市,立川市 LINE広告 運用会社 -おすすめ -比較 -ランキング -求人 -まとめ
会社 概要,https://monoto.co.jp/company/about/,,,,立川市,立川市 LINE広告 運用会社 -おすすめ -比較 -ランキング -求人 -まとめ
れんげ薬局 立川 店,https://www.renge-ph.com/shop/%E3%82%8C%E3%82%93%E3%81%92%E8%96%AC%E5%B1%80%E3%80%80%E7%AB%8B%E5%B7%9D%E5%BA%97/,,,,立川市,立川市 LINE広告 運用会社 -おすすめ -比較 -ランキング -求人 -まとめ
インスタ グラムなりすましアカウントについての注意喚起,https://www.tachikawa-shakyo.or.jp/2026/01/05/instagram-2/,,,,立川市,立川市 Instagram広告 運用会社 -おすすめ -比較 -ランキング -求人 -まとめ
Member会員,https://tachicon.tokyo-tachikawa.org/member/,,,,立川市,立川市 Instagram広告 運用会社 -おすすめ -比較 -ランキング -求人 -まとめ
Instagram を店舗ビジネスで活用する際の 運用 のコツ – 創業羅針盤Blog,https://startup-station.jp/tn/blog/instagram_operation/,,,,立川市,立川市 Instagram広告 運用会社 -おすすめ -比較 -ランキング -求人 -まとめ
立川市,https://www.form-design.jp/,,,,立川市,立川市 Web広告 クリエイティブ制作会社 -おすすめ -比較 -ランキング -求人 -まとめ
採用情報,https://allinadverts.com/our-team/,,,,立川市,立川市 Web広告 クリエイティブ制作会社 -おすすめ -比較 -ランキング -求人 -まとめ
事業内容,https://recore-consulting.com/business.php,,,,立川市,立川市 広告分析 改善支援会社 -おすすめ -比較 -ランキング -求人 -まとめ
株式 会社 クリア,https://xs776859.xsrv.jp/kosaeru02/,,,,立川市,立川市 広告分析 改善支援会社 -おすすめ -比較 -ランキング -求人 -まとめ
税務コンサルティング・決算代行,https://kurotax.jp/service/tax-consulting,,,,立川市,立川市 広告分析 改善支援会社 -おすすめ -比較 -ランキング -求人 -まとめ
サービス,https://wealth-vision.jp/service.html,,,,立川市,立川市 広告分析 改善支援会社 -おすすめ -比較 -ランキング -求人 -まとめ
会社 案内,https://kid-corp.com/companyoutline/,,,,立川市,立川市 デジタル広告 コンサルティング会社 -おすすめ -比較 -ランキング -求人 -まとめ
運営 会社,https://imatama.jp/company,,,,立川市,立川市 デジタル広告 コンサルティング会社 -おすすめ -比較 -ランキング -求人 -まとめ
事業主向け,https://www.komei.or.jp/km/tachikawa-se-nobuhiro/files/2020/04/d0fc030973993a3be3332b19a30b6d4d.pdf,,,,立川市,立川市 中小企業 広告運用支援 -おすすめ -比較 -ランキング -求人 -まとめ
運転資金 設備資金など事業資金にご利用ください!,https://tachikawa.or.jp/wp-content/uploads/2024/06/marukeiyuushi.pdf,,,,立川市,立川市 中小企業 広告運用支援 -おすすめ -比較 -ランキング -求人 -まとめ
00-1_拠点TOP（ 町田 鶴川支店）,https://tomeiyokohama.bmw.jp/ja/machidatsurukawa,,,,町田市,町田市 Google広告 認定代理店 -おすすめ -比較 -ランキング -求人 -まとめ
【9/13-14開催！】南 町田 キャンピングカーショー2025のお知らせ,https://www.euro-toy.jp/news/p4467/,,,,町田市,町田市 Google広告 認定代理店 -おすすめ -比較 -ランキング -求人 -まとめ
【GIGAスクール構想】 町田市 全62校へICT支援員派遣レポート ...,https://master-education.jp/column/ict_support_staff_dispatch_machida/,,,,町田市,町田市 Google広告 認定代理店 -おすすめ -比較 -ランキング -求人 -まとめ
毎週ポストに無料でお届け,https://chiikinews.co.jp/wp-content/uploads/2018/06/SP_baitaiannnai_201806.pdf,,,,町田市,町田市 Google広告 認定代理店 -おすすめ -比較 -ランキング -求人 -まとめ
事業内容,https://calme-llc.net/contents.html,,,,町田市,町田市 Yahoo広告 運用代理店 -おすすめ -比較 -ランキング -求人 -まとめ
各種Web 広告 について,https://global-web-design.com/service/advertisement/,,,,町田市,町田市 Yahoo広告 運用代理店 -おすすめ -比較 -ランキング -求人 -まとめ
町田市 有料 広告 掲載取扱要綱,https://www.city.machida.tokyo.jp/shisei/gyousei/unei/yuryoukoukoku.files/yuuryoukoukokuyoukou_20220801.pdf,,,,町田市,町田市 Yahoo広告 運用代理店 -おすすめ -比較 -ランキング -求人 -まとめ
会社概要,https://www.yours-p.net/company/,,,,町田市,町田市 Yahoo広告 運用代理店 -おすすめ -比較 -ランキング -求人 -まとめ
サービス,https://www.asynch.tokyo/services-4,,,,町田市,町田市 Meta広告 運用支援会社 -おすすめ -比較 -ランキング -求人 -まとめ
TORCH MARKETING,https://torchmarketing.jp/,,,,町田市,町田市 TikTok広告 運用会社 -おすすめ -比較 -ランキング -求人 -まとめ
町田 版 紙面配架先,https://www.townnews.co.jp/0304/arrangement.html,,,,町田市,町田市 LINE広告 運用会社 -おすすめ -比較 -ランキング -求人 -まとめ
東京 町田 のマーケティング 会社,https://gross-mountain.co.jp/,,,,町田市,町田市 LINE広告 運用会社 -おすすめ -比較 -ランキング -求人 -まとめ
ROOM NUMBER DESIGN,https://roomnumber.jp/,,,,町田市,町田市 Web広告 クリエイティブ制作会社 -おすすめ -比較 -ランキング -求人 -まとめ
【6月18日開講コース： 町田 校】 しっかり学べるグラフィック ...,https://c-aca.com/kyusyokusyashienkunrenkou/0115_gr_pm_machida/,,,,町田市,町田市 Web広告 クリエイティブ制作会社 -おすすめ -比較 -ランキング -求人 -まとめ
運営 会社,https://www.t-o-y-box.com/company/index.html,,,,町田市,町田市 Web広告 クリエイティブ制作会社 -おすすめ -比較 -ランキング -求人 -まとめ
コンサルタント紹介：才上 隆司（副理事長）,https://mca-consul.com/consultant/t_saijyo/,,,,町田市,町田市 広告分析 改善支援会社 -おすすめ -比較 -ランキング -求人 -まとめ
町田市 が生成AIを活用し市民向けオンラインサービスと職員の仕事の ...,https://special.nikkeibp.co.jp/atclh/ONB/26/nttdata0309/,,,,町田市,町田市 広告分析 改善支援会社 -おすすめ -比較 -ランキング -求人 -まとめ
無 料,https://www.machida-cci.or.jp/wp/wp-content/uploads/2021/05/897013ec84ebe00be895f89df0078c10.pdf,,,,町田市,町田市 広告分析 改善支援会社 -おすすめ -比較 -ランキング -求人 -まとめ
町田市 の「AIナビゲーター」をリニューアルし、市民と職員も生成AI ...,https://www.nttdata.com/global/ja/news/topics/2025/112000/,,,,町田市,町田市 広告分析 改善支援会社 -おすすめ -比較 -ランキング -求人 -まとめ
アイワ 広告 株式 会社,https://machida-jc.or.jp/sdgs-company/%E3%82%A2%E3%82%A4%E3%83%AF%E5%BA%83%E5%91%8A%E6%A0%AA%E5%BC%8F%E4%BC%9A%E7%A4%BE,,,,町田市,町田市 デジタル広告 コンサルティング会社 -おすすめ -比較 -ランキング -求人 -まとめ
ITで経営課題を解決するなら,https://www.it-workdesign.jp/,,,,町田市,町田市 デジタル広告 コンサルティング会社 -おすすめ -比較 -ランキング -求人 -まとめ
活動・実績,https://ishigakibunkacenter.com/seivice/,,,,町田市,町田市 中小企業 広告運用支援 -おすすめ -比較 -ランキング -求人 -まとめ
よくある質問,https://www.salviatown.com/faq/,,,,町田市,町田市 中小企業 広告運用支援 -おすすめ -比較 -ランキング -求人 -まとめ
武蔵野市 Ecoパートナーに15年連続で 認定 されました,https://www.asia-u.ac.jp/news/nid00000667.html,,,,武蔵野市,武蔵野市 Google広告 認定代理店 -おすすめ -比較 -ランキング -求人 -まとめ
潮網科技 Wavenet Technology ウェーブネットテクノロジー,https://www.wavenet.com.tw/ja/,,,,武蔵野市,武蔵野市 Google広告 認定代理店 -おすすめ -比較 -ランキング -求人 -まとめ
株式会社uni,https://uniuniuni.jp/,,,,武蔵野市,武蔵野市 Yahoo広告 運用代理店 -おすすめ -比較 -ランキング -求人 -まとめ
Web 広告運用代行 事業,https://rinrindo.co.jp/service/daikou/,,,,武蔵野市,武蔵野市 Yahoo広告 運用代理店 -おすすめ -比較 -ランキング -求人 -まとめ
SNS,https://www.city.musashino.lg.jp/shiseijoho/koho/sns/index.html,,,,武蔵野市,武蔵野市 Instagram広告 運用会社 -おすすめ -比較 -ランキング -求人 -まとめ
事業内容,https://out-land.jp/service,,,,武蔵野市,武蔵野市 Instagram広告 運用会社 -おすすめ -比較 -ランキング -求人 -まとめ
インターネット 広告 事業を展開するshiroiroをグループ 会社 化,https://geot.jp/pressrelease-20250602-2/,,,,武蔵野市,武蔵野市 Instagram広告 運用会社 -おすすめ -比較 -ランキング -求人 -まとめ
食品特化 TikTok Shop 運用 代行,https://mallhack.co.jp/tiktok2/,,,,武蔵野市,武蔵野市 TikTok広告 運用会社 -おすすめ -比較 -ランキング -求人 -まとめ
株式 会社 Epace様にご紹介いただきました,https://zigzag-music.jp/news/16433/,,,,武蔵野市,武蔵野市 TikTok広告 運用会社 -おすすめ -比較 -ランキング -求人 -まとめ
新着情報,https://digital-marketing.jp/news/,,,,武蔵野市,武蔵野市 LINE広告 運用会社 -おすすめ -比較 -ランキング -求人 -まとめ
アーティサン デザイン（Artisan design）,https://www.artisan-s.com/s_possible_design/s_possible_design.html,,,,武蔵野市,武蔵野市 Web広告 クリエイティブ制作会社 -おすすめ -比較 -ランキング -求人 -まとめ
私たちビリーデザインについて,https://www.billy-design.co.jp/about/,,,,武蔵野市,武蔵野市 Web広告 クリエイティブ制作会社 -おすすめ -比較 -ランキング -求人 -まとめ
個人情報の利用目的について,https://www.musashino.co.jp/use_purpose_privacy/,,,,武蔵野市,武蔵野市 広告分析 改善支援会社 -おすすめ -比較 -ランキング -求人 -まとめ
武蔵野 商工会議所 小規模事業者持続化補助金 無料セミナー開催！,https://hojokin.musashino-cci.or.jp/,,,,武蔵野市,武蔵野市 中小企業 広告運用支援 -おすすめ -比較 -ランキング -求人 -まとめ
特長/ 武蔵野市 特定創業 支援 も行っています,https://www.i-office.jp.net/support/concept/,,,,武蔵野市,武蔵野市 中小企業 広告運用支援 -おすすめ -比較 -ランキング -求人 -まとめ
「人生の最期の過ごし方」に寄り添う 武蔵野市 の終活・高齢者 支援 ...,https://butsuji.net/jichitai/15036,,,,武蔵野市,武蔵野市 中小企業 広告運用支援 -おすすめ -比較 -ランキング -求人 -まとめ
店舗支援のデジタルマーケティングカンパニー,https://koshikiad.com/company/,,,,武蔵野市,武蔵野市 デジタル広告 コンサルティング会社 -おすすめ -比較 -ランキング -求人 -まとめ
CLOLE（株） 吉祥寺経済新聞,https://www.musashino-cci.or.jp/member/22629/,,,,武蔵野市,武蔵野市 デジタル広告 コンサルティング会社 -おすすめ -比較 -ランキング -求人 -まとめ
沿革・歴史,https://www.tanaka.co.jp/company/history/,,,,三鷹市,三鷹市 Google広告 認定代理店 -おすすめ -比較 -ランキング -求人 -まとめ
オフィスワークシュミレーション（ 広告代理店 ・イベント企画会社）,https://today-support.com/%E3%82%AA%E3%83%95%E3%82%A3%E3%82%B9%E3%83%AF%E3%83%BC%E3%82%AF%E3%82%B7%E3%83%A5%E3%83%9F%E3%83%AC%E3%83%BC%E3%82%B7%E3%83%A7%E3%83%B3%EF%BC%88%E5%BA%83%E5%91%8A%E4%BB%A3%E7%90%86%E5%BA%97%E3%83%BB/,,,,三鷹市,三鷹市 Yahoo広告 運用代理店 -おすすめ -比較 -ランキング -求人 -まとめ
委託 令和6年度（2024年度）,https://www.city.mitaka.lg.jp/cgi-bin/bid/do.cgi?kekka/%E5%A7%94%E8%A8%97/2024,,,,三鷹市,三鷹市 Yahoo広告 運用代理店 -おすすめ -比較 -ランキング -求人 -まとめ
会社概要,https://breathq.jp/company/,,,,三鷹市,三鷹市 Yahoo広告 運用代理店 -おすすめ -比較 -ランキング -求人 -まとめ
one move 株式 会社 が企業と SNS 運用 や SNS 広告 の プロ人材を ...,https://buffett-code-archives.s3.ap-northeast-1.amazonaws.com/pr_reports/140120240904580951.pdf,,,,三鷹市,三鷹市 TikTok広告 運用会社 -おすすめ -比較 -ランキング -求人 -まとめ
最新マーケティングを学べる無料勉強会を開催― 実案件で解説する ...,https://www.rbbtoday.com/release/prtimes2-today/20260714/1316259.html,,,,三鷹市,三鷹市 TikTok広告 運用会社 -おすすめ -比較 -ランキング -求人 -まとめ
実績,https://datacrew-inc.com/archive/,,,,三鷹市,三鷹市 Meta広告 運用支援会社 -おすすめ -比較 -ランキング -求人 -まとめ
ホリデー車検 三鷹 ：東京都：店舗情報,https://www.holiday-fc.co.jp/shop/tokyo/mitaka/,,,,三鷹市,三鷹市 LINE広告 運用会社 -おすすめ -比較 -ランキング -求人 -まとめ
東京都 三鷹市 のトッポレンタカー,https://rental-camper.jp/shops/kanto/tokyo/19642/,,,,三鷹市,三鷹市 LINE広告 運用会社 -おすすめ -比較 -ランキング -求人 -まとめ
H¹T 三鷹 シェアオフィス,https://www.h1t-web.com/offices/110.html,,,,三鷹市,三鷹市 LINE広告 運用会社 -おすすめ -比較 -ランキング -求人 -まとめ
creators,https://mitakabito.com/creators/,,,,三鷹市,三鷹市 Instagram広告 運用会社 -おすすめ -比較 -ランキング -求人 -まとめ
コーディネーター相談（起業・創業相談）申込フォーム,https://www.mitaka.ne.jp/business/03/advice/,,,,三鷹市,三鷹市 Instagram広告 運用会社 -おすすめ -比較 -ランキング -求人 -まとめ
"三鷹市 でホームページ 制作 をお考えの方は ""スタジオカシス""にご相談 ...",https://www.casis-iss.org/city/?pref=tokyo&city=mitaka,,,,三鷹市,三鷹市 Web広告 クリエイティブ制作会社 -おすすめ -比較 -ランキング -求人 -まとめ
クリエイティブ 事業,https://connect-tokyo.co.jp/creative-works/,,,,三鷹市,三鷹市 Web広告 クリエイティブ制作会社 -おすすめ -比較 -ランキング -求人 -まとめ
株式 会社 鍋久,https://www.mitaka-s.jp/navi-docs/2022082200015/,,,,三鷹市,三鷹市 Web広告 クリエイティブ制作会社 -おすすめ -比較 -ランキング -求人 -まとめ
まっすぐ、とことん、経営追求。,https://www.keyconnections.co.jp/wp-content/uploads/2025/06/6ca6ac60b9cda9bb992ac13293c7397f.pdf,,,,三鷹市,三鷹市 広告分析 改善支援会社 -おすすめ -比較 -ランキング -求人 -まとめ
まちの腕きき掲示板（ 三鷹市 ）,https://grant.community/udekiki_mitaka?u_page=4,,,,三鷹市,三鷹市 広告分析 改善支援会社 -おすすめ -比較 -ランキング -求人 -まとめ
一級建築士がサポート お店・カフェの価値アップはコムスペース,https://comspace.biz/company/,,,,三鷹市,三鷹市 デジタル広告 コンサルティング会社 -おすすめ -比較 -ランキング -求人 -まとめ
不動産・相続の相談,https://www.yokogawa-ypk.co.jp/estate/consulting/,,,,三鷹市,三鷹市 デジタル広告 コンサルティング会社 -おすすめ -比較 -ランキング -求人 -まとめ
株式 会社 DCT: 中小企業のWebマーケティング,https://www.dctweb.jp/,,,,三鷹市,三鷹市 デジタル広告 コンサルティング会社 -おすすめ -比較 -ランキング -求人 -まとめ
株式 会社 detect,https://detect.co.jp/,,,,三鷹市,三鷹市 デジタル広告 コンサルティング会社 -おすすめ -比較 -ランキング -求人 -まとめ
みたか社協SNS,https://www.mitakashakyo.or.jp/kouhoushi/facebook-2,,,,三鷹市,三鷹市 中小企業 広告運用支援 -おすすめ -比較 -ランキング -求人 -まとめ
令和7年8月経営革新計画承認リスト,https://www.sangyo-rodo.metro.tokyo.lg.jp/documents/d/sangyo-rodo/2025-09-08-101334-413,,,,三鷹市,三鷹市 中小企業 広告運用支援 -おすすめ -比較 -ランキング -求人 -まとめ
三鷹 身の丈起業塾 第27期 《実務編》 ～SOHOベンチャーカレッジ,https://www.mitaka-univ.org/kouza/A1740602,,,,三鷹市,三鷹市 中小企業 広告運用支援 -おすすめ -比較 -ランキング -求人 -まとめ
支援 情報の検索,https://j-net21prod.smrj.go.jp/snavi2/results.php?category=2&page=2&sort=publish_date_default&field%5B%5D=31&period=1&displaysort=DESC&displaycount=10&navitype=is-control+nav-next,,,,三鷹市,三鷹市 中小企業 広告運用支援 -おすすめ -比較 -ランキング -求人 -まとめ
ショールーム,https://www.accel-co.jp/showroom/,,,,調布市,調布市 Google広告 認定代理店 -おすすめ -比較 -ランキング -求人 -まとめ
11面(テキスト：9KB),https://www.city.chofu.lg.jp/documents/12973/s20240920_11.txt,,,,調布市,調布市 Yahoo広告 運用代理店 -おすすめ -比較 -ランキング -求人 -まとめ
株式会社Unisense,https://unisense.jp/,,,,調布市,調布市 Yahoo広告 運用代理店 -おすすめ -比較 -ランキング -求人 -まとめ
その他（コンサルタント・保険業・人材派遣・各種催事業）,https://www.chofusci.com/chofudeservice/others,,,,調布市,調布市 Yahoo広告 運用代理店 -おすすめ -比較 -ランキング -求人 -まとめ
Web集客・ 広告運用 （SEO/Google/ Meta /MEO/LINE）,https://www.houkanweb.com/service-marketing.html,,,,調布市,調布市 Meta広告 運用支援会社 -おすすめ -比較 -ランキング -求人 -まとめ
株式 会社 Few,https://few-inc.jp/,,,,調布市,調布市 Meta広告 運用支援会社 -おすすめ -比較 -ランキング -求人 -まとめ
【WEBマーケ】 TikTok広告 用,https://www.active-note.jp/lp/ver2024ad/,,,,調布市,調布市 TikTok広告 運用会社 -おすすめ -比較 -ランキング -求人 -まとめ
18回連続満員御礼「2025年を制するなら！ TikTok 集客ウェビナー ...,https://www.dreamnews.jp/press/0000310489,,,,調布市,調布市 TikTok広告 運用会社 -おすすめ -比較 -ランキング -求人 -まとめ
プライバシーポリシー,https://toho-chofu.co.jp/privacy/,,,,調布市,調布市 TikTok広告 運用会社 -おすすめ -比較 -ランキング -求人 -まとめ
調布市 様事例,https://classmethod.jp/cases/chofu-training/,,,,調布市,調布市 LINE広告 運用会社 -おすすめ -比較 -ランキング -求人 -まとめ
メールを LINE に転送するサービス「メール転送」キーワード ...,https://www.codyltech.com/2025/11/07/keyword-filter-update-20251107/,,,,調布市,調布市 LINE広告 運用会社 -おすすめ -比較 -ランキング -求人 -まとめ
株式 会社 トラスゴーメディア,https://trust-go.co.jp/,,,,調布市,調布市 Instagram広告 運用会社 -おすすめ -比較 -ランキング -求人 -まとめ
コンサルティング,https://o-resonate.co.jp/domain/consulting/,,,,調布市,調布市 広告分析 改善支援会社 -おすすめ -比較 -ランキング -求人 -まとめ
お問い合わせ,https://www.shimokikaku.com/contact.php,,,,調布市,調布市 広告分析 改善支援会社 -おすすめ -比較 -ランキング -求人 -まとめ
運用型 広告 のインハウス 支援,https://starf.jp/,,,,調布市,調布市 広告分析 改善支援会社 -おすすめ -比較 -ランキング -求人 -まとめ
中小企業向け Web制作,https://www.pinterest.com/asucotcom/,,,,調布市,調布市 Web広告 クリエイティブ制作会社 -おすすめ -比較 -ランキング -求人 -まとめ
COMPANY,https://pluslike.co.jp/company/,,,,調布市,調布市 Web広告 クリエイティブ制作会社 -おすすめ -比較 -ランキング -求人 -まとめ
WEB,https://www.bmbcommunity.jp/web/,,,,調布市,調布市 Web広告 クリエイティブ制作会社 -おすすめ -比較 -ランキング -求人 -まとめ
会社 紹介,https://reaxel.co.jp/company,,,,調布市,調布市 デジタル広告 コンサルティング会社 -おすすめ -比較 -ランキング -求人 -まとめ
調布市 産業労働 支援 センター,https://cosite.jp/town/facility/sangyo/chofusangyoshinkou/chofu,,,,調布市,調布市 中小企業 広告運用支援 -おすすめ -比較 -ランキング -求人 -まとめ
女性のための起業セミナー,https://chofu-danjyo.jp/event?id=32974,,,,調布市,調布市 中小企業 広告運用支援 -おすすめ -比較 -ランキング -求人 -まとめ
調布国際音楽祭2023 協賛募集,https://www.chofu-culture-community.org/events/archives/16272,,,,調布市,調布市 中小企業 広告運用支援 -おすすめ -比較 -ランキング -求人 -まとめ
神奈川県立 横須賀 高等学校同窓会 朋友会,https://kenyoko-hyk.jp/hiroba/member/2022/01/-58-1.html,,,,横須賀市,横須賀市 Google広告 認定代理店 -おすすめ -比較 -ランキング -求人 -まとめ
myXアルトピアーノ 横須賀,https://www.toyota-mobility-kanagawa.jp/shop/outdoor-shop/altopiano-yokosuka,,,,横須賀市,横須賀市 Google広告 認定代理店 -おすすめ -比較 -ランキング -求人 -まとめ
NEWS & EVENT/CAMPAIGN,http://www.konandai.mini.jp/news/2024-06-09,,,,横須賀市,横須賀市 Google広告 認定代理店 -おすすめ -比較 -ランキング -求人 -まとめ
横浜のリスティング 広告 の 運用代行 なら株式会社ストライプ,https://www.stripe.stripe.mixh.jp/,,,,横須賀市,横須賀市 Yahoo広告 運用代理店 -おすすめ -比較 -ランキング -求人 -まとめ
260401,https://www.yokosuka-hojinkai.com/memberlist/kaiin.xlsx,,,,横須賀市,横須賀市 Yahoo広告 運用代理店 -おすすめ -比較 -ランキング -求人 -まとめ
株式会社東隆社,https://www.toryusha-ad.co.jp/,,,,横須賀市,横須賀市 Yahoo広告 運用代理店 -おすすめ -比較 -ランキング -求人 -まとめ
Instagram アカウント新設・ 運用支援 業務 委託事業者選定 ...,https://www.city.yokosuka.kanagawa.jp/0533/nyuusatu/documents/02_r8_instagram_guideline.pdf,,,,横須賀市,横須賀市 Meta広告 運用支援会社 -おすすめ -比較 -ランキング -求人 -まとめ
メタバースヨコスカ,https://metaverse-yokosuka.com/,,,,横須賀市,横須賀市 Meta広告 運用支援会社 -おすすめ -比較 -ランキング -求人 -まとめ
横須賀市 ・株式 会社 大丸松坂屋百貨店・株式 会社 壽屋と異業種 ...,https://mydearestvr.com/news/20240523_1188.html,,,,横須賀市,横須賀市 Meta広告 運用支援会社 -おすすめ -比較 -ランキング -求人 -まとめ
横須賀市 がGMOグローバルサイン・HDの電子契約サービス「電子 ...,https://group.gmo/news/article/7709/,,,,横須賀市,横須賀市 TikTok広告 運用会社 -おすすめ -比較 -ランキング -求人 -まとめ
株式 会社 ウィルグループにプレミアム優待倶楽部を導入,https://www.pr-today.net/category/opr/netservice/page/18/,,,,横須賀市,横須賀市 TikTok広告 運用会社 -おすすめ -比較 -ランキング -求人 -まとめ
【動画作成・ライブ配信】映像コンテンツ,https://www.local-vision.jp/filming.php,,,,横須賀市,横須賀市 Instagram広告 運用会社 -おすすめ -比較 -ランキング -求人 -まとめ
会社 概要,http://www.lookyna.co.jp/profile.html,,,,横須賀市,横須賀市 Web広告 クリエイティブ制作会社 -おすすめ -比較 -ランキング -求人 -まとめ
デザイン関連業務のご紹介,https://3dsurveyplus.com/design.html,,,,横須賀市,横須賀市 Web広告 クリエイティブ制作会社 -おすすめ -比較 -ランキング -求人 -まとめ
私たちの考えと強み,https://www.kazmia.jp/view/,,,,横須賀市,横須賀市 Web広告 クリエイティブ制作会社 -おすすめ -比較 -ランキング -求人 -まとめ
株式 会社 Macmillan,https://macmillan.co.jp/,,,,横須賀市,横須賀市 Web広告 クリエイティブ制作会社 -おすすめ -比較 -ランキング -求人 -まとめ
コンシェルジュ紹介,https://web.honeycreate.com/profile/,,,,横須賀市,横須賀市 Web広告 クリエイティブ制作会社 -おすすめ -比較 -ランキング -求人 -まとめ
事務所情報,https://www.watari-navi.com/office/,,,,横須賀市,横須賀市 広告分析 改善支援会社 -おすすめ -比較 -ランキング -求人 -まとめ
（掲載用）【OGY記事各課確認用】 民間事業者との連携案件管理表 ...,https://www.yokosuka-minkan-renkei.jp/global-data/2025120114273023.pdf,,,,横須賀市,横須賀市 広告分析 改善支援会社 -おすすめ -比較 -ランキング -求人 -まとめ
SERVICE事業内容,https://kai-dx.jp/service/,,,,横須賀市,横須賀市 広告分析 改善支援会社 -おすすめ -比較 -ランキング -求人 -まとめ
個人情報の取扱いについて,http://www.dream-planning.co.jp/privacy/,,,,横須賀市,横須賀市 広告分析 改善支援会社 -おすすめ -比較 -ランキング -求人 -まとめ
COMPANY,https://azvalue.jp/company/,,,,横須賀市,横須賀市 デジタル広告 コンサルティング会社 -おすすめ -比較 -ランキング -求人 -まとめ
横須賀 リサーチパーク（YRP）に新オフィス開設～国内有数のICT ...,https://gmo-cybersecurity.com/news/20250331/,,,,横須賀市,横須賀市 デジタル広告 コンサルティング会社 -おすすめ -比較 -ランキング -求人 -まとめ
オンラインで売れる仕組みを学ぶ！ Webマーケティング入門（PDF）,https://www.winschool.jp/assets/pdf/webmk_intro_sample.pdf,,,,鎌倉市,鎌倉市 Google広告 認定代理店 -おすすめ -比較 -ランキング -求人 -まとめ
【 鎌倉 由比ヶ浜】ERICA&Tomokoコラボ サンセットビーチヨガ,https://yoga-event.jp/event/2250802.html,,,,鎌倉市,鎌倉市 Google広告 認定代理店 -おすすめ -比較 -ランキング -求人 -まとめ
ICT補助金 はじめの一歩,https://yokosukacci.com/update/2026/06/-7.html,,,,横須賀市,横須賀市 中小企業 広告運用支援 -おすすめ -比較 -ランキング -求人 -まとめ
横須賀市 が副業人材の活用を応援しています！ 7月6日（水）に ...,https://www.kipc.or.jp/blog/pro-20220316-1/,,,,横須賀市,横須賀市 中小企業 広告運用支援 -おすすめ -比較 -ランキング -求人 -まとめ
広告 事業をはじめませんか。,https://www.city.kamakura.kanagawa.jp/fukushi/soumu/documents/hukushikoukokuboshuchirashi.pdf,,,,鎌倉市,鎌倉市 Yahoo広告 運用代理店 -おすすめ -比較 -ランキング -求人 -まとめ
鎌倉市 ・藤沢市ポスティングのヨコイチ 広告,https://hujisawakamakurayokoichi.shopinfo.jp/,,,,鎌倉市,鎌倉市 Yahoo広告 運用代理店 -おすすめ -比較 -ランキング -求人 -まとめ
1 新潟県のコンテンツ連動型の 広告 表示サービス 補足,https://www.city.hiratsuka.kanagawa.jp/common/200016044.pdf,,,,鎌倉市,鎌倉市 Yahoo広告 運用代理店 -おすすめ -比較 -ランキング -求人 -まとめ
お客様の“困った”に全力で応えたい,https://re-plus.asia/members_story/ig/,,,,鎌倉市,鎌倉市 Meta広告 運用支援会社 -おすすめ -比較 -ランキング -求人 -まとめ
KOSHO Inc.,https://kosho-fusho.co.jp/,,,,鎌倉市,鎌倉市 Meta広告 運用支援会社 -おすすめ -比較 -ランキング -求人 -まとめ
Company – 株式 会社 ササル,https://sasaruweb.com/company/,,,,鎌倉市,鎌倉市 Meta広告 運用支援会社 -おすすめ -比較 -ランキング -求人 -まとめ
飲食業界で活躍する女性経営者2名が登壇、席の予約機能やリールの ...,https://about.fb.com/ja/news/2022/07/ig_academy_with_her_july_2022/,,,,鎌倉市,鎌倉市 Meta広告 運用支援会社 -おすすめ -比較 -ランキング -求人 -まとめ
TikTok運用 代行事業,https://tomotakeholdings.com/tiktok%E9%81%8B%E7%94%A8%E4%BB%A3%E8%A1%8C%E4%BA%8B%E6%A5%AD/,,,,鎌倉市,鎌倉市 TikTok広告 運用会社 -おすすめ -比較 -ランキング -求人 -まとめ
KAMAKURA HOTEL,https://valm.co.jp/works/Kamakurahotel,,,,鎌倉市,鎌倉市 Instagram広告 運用会社 -おすすめ -比較 -ランキング -求人 -まとめ
アクセス,http://www.kamakura-kosodatesien.jp/smarts/index/8/,,,,鎌倉市,鎌倉市 LINE広告 運用会社 -おすすめ -比較 -ランキング -求人 -まとめ
鎌倉 の Web制作会社,https://tsunaweb.book.mynavi.jp/tsunaweb/company/detail/id=2118,,,,鎌倉市,鎌倉市 Web広告 クリエイティブ制作会社 -おすすめ -比較 -ランキング -求人 -まとめ
株式 会社 そうさす,https://www.content-tokyo.jp/tokyo/ja-jp/search/2026con0407/directory/directory-details.%E6%A0%AA%E5%BC%8F%E4%BC%9A%E7%A4%BE%20%E3%81%9D%E3%81%86%E3%81%95%E3%81%99.org-2d3f551a-0b23-439e-b62b-dfecabc13384.html,,,,鎌倉市,鎌倉市 Web広告 クリエイティブ制作会社 -おすすめ -比較 -ランキング -求人 -まとめ
胡桃ヶ谷デザイン室,https://www.kurumigayatsu-d.com/,,,,鎌倉市,鎌倉市 Web広告 クリエイティブ制作会社 -おすすめ -比較 -ランキング -求人 -まとめ
事業案内,https://www.ant-z.jp/service.html,,,,鎌倉市,鎌倉市 Web広告 クリエイティブ制作会社 -おすすめ -比較 -ランキング -求人 -まとめ
特徴,https://sosus.co.jp/web/feature/,,,,鎌倉市,鎌倉市 Web広告 クリエイティブ制作会社 -おすすめ -比較 -ランキング -求人 -まとめ
会社 案内 – 株式 会社 エイ・ジョブ,https://ajob.co.jp/company,,,,鎌倉市,鎌倉市 Web広告 クリエイティブ制作会社 -おすすめ -比較 -ランキング -求人 -まとめ
鎌倉 康明,https://kpmg.com/jp/ja/contacts/k/yasuaki-kamakura.html,,,,鎌倉市,鎌倉市 広告分析 改善支援会社 -おすすめ -比較 -ランキング -求人 -まとめ
"鎌倉 ECコンサル,小売 飲食店のオンラインショップ サポート 、 web ...",https://studiodove.work/,,,,鎌倉市,鎌倉市 広告分析 改善支援会社 -おすすめ -比較 -ランキング -求人 -まとめ
吉田 真菜美,https://www.kamakura-net.co.jp/recruit/job/business-development/consultant/9618/,,,,鎌倉市,鎌倉市 広告分析 改善支援会社 -おすすめ -比較 -ランキング -求人 -まとめ
会社 紹介,https://shicoo.co.jp/company/,,,,鎌倉市,鎌倉市 デジタル広告 コンサルティング会社 -おすすめ -比較 -ランキング -求人 -まとめ
〝 か ま く ら 推 奨 品 〟 が 決 定 し ま し た,https://www.kamakura-cci.or.jp/wp-content/uploads/2021/03/201902.pdf,,,,鎌倉市,鎌倉市 中小企業 広告運用支援 -おすすめ -比較 -ランキング -求人 -まとめ
鎌倉 で昭和レトロな古民家カフェ開業,https://www.kanagawa-yorozu.go.jp/case/case-8.html,,,,鎌倉市,鎌倉市 中小企業 広告運用支援 -おすすめ -比較 -ランキング -求人 -まとめ
インターネット 広告 – 戦略的ホームページ制作なら湘南ヘルパーズ,https://www.shonan-helpers.jp/website/web-plan/listing-site/,,,,茅ヶ崎市,茅ヶ崎市 Google広告 認定代理店 -おすすめ -比較 -ランキング -求人 -まとめ
ムラサキスポーツ 茅ヶ崎 南口店メニュー サイトマップ,https://www.murasaki.jp/shopnews/store02/1081/,,,,茅ヶ崎市,茅ヶ崎市 Google広告 認定代理店 -おすすめ -比較 -ランキング -求人 -まとめ
山崎 直哉,https://jp.linkedin.com/in/ya33naoya,,,,茅ヶ崎市,茅ヶ崎市 Yahoo広告 運用代理店 -おすすめ -比較 -ランキング -求人 -まとめ
クリエイターファイルズ：西巻華織,https://malia.co.jp/nishimakikaori/,,,,茅ヶ崎市,茅ヶ崎市 Meta広告 運用支援会社 -おすすめ -比較 -ランキング -求人 -まとめ
Web 広告 – PlanES.Inc,https://plan-es.co.jp/service/webad/,,,,茅ヶ崎市,茅ヶ崎市 Meta広告 運用支援会社 -おすすめ -比較 -ランキング -求人 -まとめ
株式 会社 ダブリュー 会社 概要 （ W inc. company Profile ）,https://w-inc.net/companyprofile/,,,,茅ヶ崎市,茅ヶ崎市 Meta広告 運用支援会社 -おすすめ -比較 -ランキング -求人 -まとめ
COMPANY,https://native-caravan.com/company/,,,,茅ヶ崎市,茅ヶ崎市 TikTok広告 運用会社 -おすすめ -比較 -ランキング -求人 -まとめ
SNS 運用,https://www.pokamitan.com/services-1,,,,茅ヶ崎市,茅ヶ崎市 TikTok広告 運用会社 -おすすめ -比較 -ランキング -求人 -まとめ
シティプロモーション担当 Instagram アカウント 運用 ポリシー,https://www.city.chigasaki.kanagawa.jp/koho/1043817.html,,,,茅ヶ崎市,茅ヶ崎市 Instagram広告 運用会社 -おすすめ -比較 -ランキング -求人 -まとめ
紡株式 会社,https://tsumugu99.com/company,,,,茅ヶ崎市,茅ヶ崎市 LINE広告 運用会社 -おすすめ -比較 -ランキング -求人 -まとめ
VananaStudio – アニメやゲーム、eスポーツに特化した湘南にある ...,http://vanana-studio.com/,,,,茅ヶ崎市,茅ヶ崎市 Web広告 クリエイティブ制作会社 -おすすめ -比較 -ランキング -求人 -まとめ
デザイン部 アーカイブ,https://chigasaki.company/division/design/,,,,茅ヶ崎市,茅ヶ崎市 Web広告 クリエイティブ制作会社 -おすすめ -比較 -ランキング -求人 -まとめ
COMPANY,https://adear.jp/company/,,,,茅ヶ崎市,茅ヶ崎市 Web広告 クリエイティブ制作会社 -おすすめ -比較 -ランキング -求人 -まとめ
DAHSUE Inc.,https://dahsue.com/,,,,茅ヶ崎市,茅ヶ崎市 広告分析 改善支援会社 -おすすめ -比較 -ランキング -求人 -まとめ
専門家紹介,https://www.cgc-kanagawa.or.jp/managesupport/senmonkahaken/senmonka-list/,,,,茅ヶ崎市,茅ヶ崎市 広告分析 改善支援会社 -おすすめ -比較 -ランキング -求人 -まとめ
Web担当者がいない中小企業の伴走型Web集客・事業開発 支援 ...,https://root-scope.com/,,,,茅ヶ崎市,茅ヶ崎市 広告分析 改善支援会社 -おすすめ -比較 -ランキング -求人 -まとめ
会社 案内,http://c-p-r.jp/company/,,,,茅ヶ崎市,茅ヶ崎市 デジタル広告 コンサルティング会社 -おすすめ -比較 -ランキング -求人 -まとめ
"すべては""売る”ために、",https://b-ex.biz/pamphlet.pdf,,,,茅ヶ崎市,茅ヶ崎市 デジタル広告 コンサルティング会社 -おすすめ -比較 -ランキング -求人 -まとめ
経営改善オンデマンド講座,https://www.tkcnf.com/yamazaki-tax/tkc-on-demand001,,,,茅ヶ崎市,茅ヶ崎市 中小企業 広告運用支援 -おすすめ -比較 -ランキング -求人 -まとめ
個人情報保護方針,https://www.kanagawachuo.com/985-2/,,,,厚木市,厚木市 Google広告 認定代理店 -おすすめ -比較 -ランキング -求人 -まとめ
プライバシーポリシー,https://www.ayu.ne.jp/info_policy/,,,,厚木市,厚木市 Google広告 認定代理店 -おすすめ -比較 -ランキング -求人 -まとめ
マーケティング 運用代行,https://fullhouseinc.co.jp/works/sagamisyuken/,,,,厚木市,厚木市 Yahoo広告 運用代理店 -おすすめ -比較 -ランキング -求人 -まとめ
神奈川の折込チラシ,https://kanape-sagami.com/detail/photo_4536.html,,,,厚木市,厚木市 Yahoo広告 運用代理店 -おすすめ -比較 -ランキング -求人 -まとめ
ネット 広告代理,https://ootaki-s.co.jp/ad/index.html,,,,厚木市,厚木市 Yahoo広告 運用代理店 -おすすめ -比較 -ランキング -求人 -まとめ
厚木市 地域密着型サービス運営委員会規程,https://www.city.atsugi.kanagawa.jp/soshiki/kaigofukushika/14/1643.html,,,,厚木市,厚木市 Yahoo広告 運用代理店 -おすすめ -比較 -ランキング -求人 -まとめ
GTM・GA4・ Meta Pixel・CAPI設置代行,https://www.aiconnection.co.jp/tracking,,,,厚木市,厚木市 Meta広告 運用支援会社 -おすすめ -比較 -ランキング -求人 -まとめ
MVV（ミッション・ビジョン・バリュー）を言語化する,https://www.shikigaku-pupworld.jp/media/cases/a480,,,,厚木市,厚木市 Meta広告 運用支援会社 -おすすめ -比較 -ランキング -求人 -まとめ
オーイズミダイニングについて,https://www.oizumi-dining.co.jp/company/,,,,厚木市,厚木市 TikTok広告 運用会社 -おすすめ -比較 -ランキング -求人 -まとめ
News,https://www.voleur.co.jp/blog/categories/notice,,,,厚木市,厚木市 TikTok広告 運用会社 -おすすめ -比較 -ランキング -求人 -まとめ
オンライン講座準備中・・・なんですがリバイブ本厚木 のブログ,https://snabi.jp/facility/29588/blog_articles/726296,,,,厚木市,厚木市 TikTok広告 運用会社 -おすすめ -比較 -ランキング -求人 -まとめ
株式 会社 cantik,https://cantik.co.jp/atsugi-shigyo/,,,,厚木市,厚木市 Instagram広告 運用会社 -おすすめ -比較 -ランキング -求人 -まとめ
お客様の声,https://milford.jp/voice/,,,,厚木市,厚木市 LINE広告 運用会社 -おすすめ -比較 -ランキング -求人 -まとめ
クッキー情報,http://www.next-atsugi.mini.jp/cookies,,,,厚木市,厚木市 広告分析 改善支援会社 -おすすめ -比較 -ランキング -求人 -まとめ
プライバシーポリシー,https://www.v-follows.com/privacy/,,,,厚木市,厚木市 広告分析 改善支援会社 -おすすめ -比較 -ランキング -求人 -まとめ
シンスプリント,https://aoba-honatsugi.com/symptomscat/post-2082/,,,,厚木市,厚木市 広告分析 改善支援会社 -おすすめ -比較 -ランキング -求人 -まとめ
人材紹介立ち上げ請負人事業,https://hokiraon.jp/jinzai-consulting,,,,厚木市,厚木市 広告分析 改善支援会社 -おすすめ -比較 -ランキング -求人 -まとめ
【 厚木市 】経営事項審査申請の代行はあやなみ行政書士事務所まで,https://construction.gyousei-sai-office.com/area/kanagawa-keishin/atsugi/,,,,厚木市,厚木市 広告分析 改善支援会社 -おすすめ -比較 -ランキング -求人 -まとめ
神奈川県 厚木市 のデザイン事務所 厚木デザインワークス,https://atsugi-dw.com/,,,,厚木市,厚木市 Web広告 クリエイティブ制作会社 -おすすめ -比較 -ランキング -求人 -まとめ
厚木 商工会議所 入会のご案内,https://www.atsugicci.or.jp/admission/,,,,厚木市,厚木市 中小企業 広告運用支援 -おすすめ -比較 -ランキング -求人 -まとめ
第2次 厚木市 スポーツ協会スポーツ推進プラン,https://www.atsugi-sports.com/shoukai/suisin.pdf,,,,厚木市,厚木市 中小企業 広告運用支援 -おすすめ -比較 -ランキング -求人 -まとめ
株式会社ミツワ 海老名,https://phoenixdesign.jp/portfolio/portfolio-987/,,,,海老名市,海老名市 Google広告 認定代理店 -おすすめ -比較 -ランキング -求人 -まとめ
イベント情報詳細,https://www.shinestar.jp/event/detail?id=6406,,,,海老名市,海老名市 Google広告 認定代理店 -おすすめ -比較 -ランキング -求人 -まとめ
海老名市 有料 広告 事業基本要綱 （趣旨） 第1条 この要綱は,https://www.city.ebina.kanagawa.jp/_res/projects/default_project/_page_/001/003/926/yuuryoukoukoku-youkou.pdf,,,,海老名市,海老名市 Yahoo広告 運用代理店 -おすすめ -比較 -ランキング -求人 -まとめ
デジマの窓口: ホーム,https://digim-ado.com/,,,,海老名市,海老名市 Meta広告 運用支援会社 -おすすめ -比較 -ランキング -求人 -まとめ
会社 概要（ 会社 概要・社紋/役員の紹介/業務組織）,https://www.odakyu.jp/company/about/,,,,海老名市,海老名市 Instagram広告 運用会社 -おすすめ -比較 -ランキング -求人 -まとめ
海老名 セレモニーホール,https://www.gojyokuru.net/frm/search/sosai_view?kaijyo_id=432,,,,海老名市,海老名市 Instagram広告 運用会社 -おすすめ -比較 -ランキング -求人 -まとめ
海老名市 公式 LINE で「AIごみ分別回答サービス」開始,https://www.tvk-yokohama.com/tvknews-archive/2026/06/25/19232.php,,,,海老名市,海老名市 LINE広告 運用会社 -おすすめ -比較 -ランキング -求人 -まとめ
資 料 編 （令和7年2月修正）,https://www.bousai.city.ebina.kanagawa.jp/wp-content/uploads/2025/03/shiryo0702.pdf,,,,海老名市,海老名市 LINE広告 運用会社 -おすすめ -比較 -ランキング -求人 -まとめ
不動産・住宅業界に特化した WEB 広告 のプロによる WEB 広告 事業,https://senseconsulting.co.jp/web/,,,,海老名市,海老名市 広告分析 改善支援会社 -おすすめ -比較 -ランキング -求人 -まとめ
海老名 商工会議所えび,http://www.ebinacci.jp/news/HotLineEBINA191.pdf,,,,海老名市,海老名市 広告分析 改善支援会社 -おすすめ -比較 -ランキング -求人 -まとめ
業務方針,https://f-hoken.com/operation/,,,,海老名市,海老名市 広告分析 改善支援会社 -おすすめ -比較 -ランキング -求人 -まとめ
【綾瀬市/座間市/ 海老名市 ホームページ 制作 】RisWebクリエイト,https://laughmama.com/partner/riswebcreate/,,,,海老名市,海老名市 Web広告 クリエイティブ制作会社 -おすすめ -比較 -ランキング -求人 -まとめ
【 広告 料金】小田急 海老名市 （駅）自由通路デジタルサイネージの ...,https://www.koutsu-navi.com/news/19335/,,,,海老名市,海老名市 Web広告 クリエイティブ制作会社 -おすすめ -比較 -ランキング -求人 -まとめ
企画宣伝実現します！ 横浜市・大和市・綾瀬市 ...,https://www.rengosha.co.jp/tsp/index.html,,,,海老名市,海老名市 Web広告 クリエイティブ制作会社 -おすすめ -比較 -ランキング -求人 -まとめ
HOT LINE,http://www.ecci.or.jp/htdocs/home/htdocs/images/newsletter/HOTLINE_ebina_vol227.pdf,,,,海老名市,海老名市 中小企業 広告運用支援 -おすすめ -比較 -ランキング -求人 -まとめ
2021 年度事業及び活動報告,http://we21ebina.web.fc2.com/2021nendo.pdf,,,,海老名市,海老名市 中小企業 広告運用支援 -おすすめ -比較 -ランキング -求人 -まとめ
ホームページ・採用サイト・LP作成,https://amaterasu-consulting.com/homepage-build/,,,,海老名市,海老名市 中小企業 広告運用支援 -おすすめ -比較 -ランキング -求人 -まとめ
屋外 広告 物審議会,https://www.pref.kanagawa.jp/docs/x2n/cnt/f7719/index.html,,,,海老名市,海老名市 中小企業 広告運用支援 -おすすめ -比較 -ランキング -求人 -まとめ
会社 概要,https://www.ekmax.com/about-overview.html,,,,海老名市,海老名市 デジタル広告 コンサルティング会社 -おすすめ -比較 -ランキング -求人 -まとめ
WEBマーケティング・リスティング 広告 ・SNS 広告 運用代行  株式 ...,https://www.a-n-y.co.jp/ad.html,,,,長岡市,長岡市 Google広告 認定代理店 -おすすめ -比較 -ランキング -求人 -まとめ
会社概要・お問い合わせ,https://exterior-kawamura.com/about?wg%5Bwgc-1722576964625_page%5D=5,,,,長岡市,長岡市 Google広告 認定代理店 -おすすめ -比較 -ランキング -求人 -まとめ
新潟県庁舎 広告 掲出協力 広告代理店 名簿,https://www.pref.niigata.lg.jp/uploaded/life/725421_2373361_misc.pdf,,,,長岡市,長岡市 Yahoo広告 運用代理店 -おすすめ -比較 -ランキング -求人 -まとめ
中越支部賛助会員（会員数37）,http://niaaf.or.jp/acpb/upload/20210524073930096827800.pdf,,,,長岡市,長岡市 Yahoo広告 運用代理店 -おすすめ -比較 -ランキング -求人 -まとめ
e-methaneのクリーンガス証書移転・管理を可能とする デジタル ...,https://www.inpex.com/news/2026/20260604.html,,,,長岡市,長岡市 Meta広告 運用支援会社 -おすすめ -比較 -ランキング -求人 -まとめ
新潟県 長岡市 のごみ焼却発電プラント整備・運営事業を受注,https://www.kanadevia.com/newsroom/news/release/2020/20200327_001189.html,,,,長岡市,長岡市 Meta広告 運用支援会社 -おすすめ -比較 -ランキング -求人 -まとめ
クッキーポリシー,https://www.niigata-subaru.co.jp/site/cookie_policy.html,,,,長岡市,長岡市 Meta広告 運用支援会社 -おすすめ -比較 -ランキング -求人 -まとめ
6/30-7/2 長岡市 悠久山野球場にて千葉ロッテマリーンズ戦開催の ...,https://www.niigata-albirex-bc.jp/news/29070/,,,,長岡市,長岡市 TikTok広告 運用会社 -おすすめ -比較 -ランキング -求人 -まとめ
私たちについて,https://roop.co.jp/about,,,,長岡市,長岡市 Instagram広告 運用会社 -おすすめ -比較 -ランキング -求人 -まとめ
プライバシーポリシー,https://nagaoka-navi.or.jp/about_us/sitepolicy,,,,長岡市,長岡市 Instagram広告 運用会社 -おすすめ -比較 -ランキング -求人 -まとめ
組合員紹介,https://nagaokait.com/member/member/,,,,長岡市,長岡市 LINE広告 運用会社 -おすすめ -比較 -ランキング -求人 -まとめ
地方副業案件,https://talent.direct.hipro-job.jp/talent/issue/20103/,,,,長岡市,長岡市 LINE広告 運用会社 -おすすめ -比較 -ランキング -求人 -まとめ
ウェブ &デザイン,https://bellsoft.jp/webdesign,,,,長岡市,長岡市 Web広告 クリエイティブ制作会社 -おすすめ -比較 -ランキング -求人 -まとめ
リバティデザインスタジオについて,https://webskip.net/lds/,,,,長岡市,長岡市 Web広告 クリエイティブ制作会社 -おすすめ -比較 -ランキング -求人 -まとめ
事業案内,https://www.nagaoka-ac.com/example,,,,長岡市,長岡市 広告分析 改善支援会社 -おすすめ -比較 -ランキング -求人 -まとめ
令和2年度 新潟エキスパート・バンク登録者名簿,https://foramu21.com/wp-content/uploads/2021/07/4d276c86ea96561ee9bed20f4519b301.pdf,,,,長岡市,長岡市 広告分析 改善支援会社 -おすすめ -比較 -ランキング -求人 -まとめ
第101回「新潟県 長岡市 による中小企業へのIoT導入 支援 事業」,https://www.rieti.go.jp/users/iwamoto-koichi/serial/101.html,,,,長岡市,長岡市 広告分析 改善支援会社 -おすすめ -比較 -ランキング -求人 -まとめ
長岡 石油株式 会社 ：企業データにいがた就職応援団ナビ2027,https://www.niigata-job.ne.jp/2027/c/company.html?cmp_id=388,,,,長岡市,長岡市 広告分析 改善支援会社 -おすすめ -比較 -ランキング -求人 -まとめ
プランナーのご紹介,https://www.niigata-agrisupport.jp/plannerInfo,,,,長岡市,長岡市 広告分析 改善支援会社 -おすすめ -比較 -ランキング -求人 -まとめ
長岡市,http://211.19.29.169/sangyou/cate01/subsidy/file/r05-subsidy.pdf,,,,長岡市,長岡市 中小企業 広告運用支援 -おすすめ -比較 -ランキング -求人 -まとめ
長岡市 における「イノベーション地区」の展開に向けた取組み 新潟 ...,https://www.chisou.go.jp/tiiki/chukatu/webinar/20250731/03_shiryou3.pdf,,,,長岡市,長岡市 中小企業 広告運用支援 -おすすめ -比較 -ランキング -求人 -まとめ
【出前相談】NPO・市民活動団体のための無料専門家派遣サービス！,https://nkyod.org/toranomaki/3889,,,,長岡市,長岡市 中小企業 広告運用支援 -おすすめ -比較 -ランキング -求人 -まとめ
予算に関する説明書,https://www.city.nagaoka.niigata.jp/shisei/cate03/zaisei/file/r08j-03.pdf,,,,長岡市,長岡市 中小企業 広告運用支援 -おすすめ -比較 -ランキング -求人 -まとめ
イナバ物置,https://www.jsh.co.jp/exterior,,,,上越市,上越市 Google広告 認定代理店 -おすすめ -比較 -ランキング -求人 -まとめ
プライバシーポリシー,https://www.arisawa.co.jp/jp/privacy-policy/index.html,,,,上越市,上越市 Google広告 認定代理店 -おすすめ -比較 -ランキング -求人 -まとめ
株式会社かみえちご測地,https://debutweb.jp/2024debut/archives/company/kamiechigo-sokuchi,,,,上越市,上越市 Google広告 認定代理店 -おすすめ -比較 -ランキング -求人 -まとめ
発注見通し（業務委託）,https://www.city.joetsu.niigata.jp/uploaded/attachment/282808.pdf,,,,上越市,上越市 Yahoo広告 運用代理店 -おすすめ -比較 -ランキング -求人 -まとめ
50音順,https://joetsukigyo.net/search/?cat=3&filter=kana-1,,,,上越市,上越市 Yahoo広告 運用代理店 -おすすめ -比較 -ランキング -求人 -まとめ
特定非営利活動法人上越地域活性化機構（ORAJA）新潟県 上越市 ...,https://www.oraja.jp/about/,,,,上越市,上越市 Yahoo広告 運用代理店 -おすすめ -比較 -ランキング -求人 -まとめ
会社 案内,https://www.kaneta.co.jp/company/,,,,上越市,上越市 TikTok広告 運用会社 -おすすめ -比較 -ランキング -求人 -まとめ
総合 広告 代理店で協力 会社 や業務委託の選定方法やロジック ...,https://expert.visasq.com/direct_interview/714806/,,,,上越市,上越市 TikTok広告 運用会社 -おすすめ -比較 -ランキング -求人 -まとめ
SNS 広告運用 支援の株式 会社 EIGHTS（新潟市中央区）の大橋大河代表,https://www.niikei.jp/1198690/,,,,上越市,上越市 TikTok広告 運用会社 -おすすめ -比較 -ランキング -求人 -まとめ
と住まいの事業 営業所検索結果,https://www.sedia-system.co.jp/company/address/water/?pref=15,,,,上越市,上越市 TikTok広告 運用会社 -おすすめ -比較 -ランキング -求人 -まとめ
有限 会社 春日野 岡庭大喜 様,https://koremane.com/introduction/kasugano/,,,,上越市,上越市 TikTok広告 運用会社 -おすすめ -比較 -ランキング -求人 -まとめ
お困りごとはなんですか?,https://joyfultown.jp/service/img/mediaguide202410.pdf,,,,上越市,上越市 TikTok広告 運用会社 -おすすめ -比較 -ランキング -求人 -まとめ
総合写真館・アニーズスタジオ,https://annies95.jp/company/,,,,上越市,上越市 TikTok広告 運用会社 -おすすめ -比較 -ランキング -求人 -まとめ
PR総合サービスshuchi（シューチ）新潟県 上越市,https://www.shuchi.info/service/index.html,,,,上越市,上越市 Instagram広告 運用会社 -おすすめ -比較 -ランキング -求人 -まとめ
運営 会社 概要,https://riborn.co.jp/re_work/gaiyou.html,,,,上越市,上越市 LINE広告 運用会社 -おすすめ -比較 -ランキング -求人 -まとめ
会社 概要 : 上越 タイムス社,https://j-times.jp/about-us,,,,上越市,上越市 LINE広告 運用会社 -おすすめ -比較 -ランキング -求人 -まとめ
デザイン 制作 （ブランディング・ 広告制作 ・イベントプロデュース）,https://www.virts.jp/design/,,,,上越市,上越市 Web広告 クリエイティブ制作会社 -おすすめ -比較 -ランキング -求人 -まとめ
会社 概要 – TAKISAN inc.,https://takisan.net/company/,,,,上越市,上越市 Web広告 クリエイティブ制作会社 -おすすめ -比較 -ランキング -求人 -まとめ
R7¨  ¹ÑüÈ ? HP² „ H,https://www.niigata-cci.or.jp/wp/wp-content/uploads/2025/08/6d96a7a3e923959a4870fa33d665f3b0.pdf,,,,上越市,上越市 広告分析 改善支援会社 -おすすめ -比較 -ランキング -求人 -まとめ
【No.4070】中堅管理者研修【 上越市 開催】,https://www.smrj.go.jp/institute/sanjyo/training/sme/2026/SJ264070.html,,,,上越市,上越市 中小企業 広告運用支援 -おすすめ -比較 -ランキング -求人 -まとめ
"WEB コンサルティング ,WEB制作,ホームページ制作代行 (新潟県 上越市 )",http://www.web-chups.com/partner/index.html,,,,上越市,上越市 デジタル広告 コンサルティング会社 -おすすめ -比較 -ランキング -求人 -まとめ
海外販路開拓支援補助金,https://www.city.sanjo.niigata.jp/soshiki/keizaibu/shokoka/yushi_hojo/20059.html,,,,三条市,三条市 Yahoo広告 運用代理店 -おすすめ -比較 -ランキング -求人 -まとめ
VEAM STADIUM・ASAHI GROUP RECRUIT SITE 2028,https://veam-recruit.com/2028/,,,,三条市,三条市 Yahoo広告 運用代理店 -おすすめ -比較 -ランキング -求人 -まとめ
三条市 新潟のホームページ制作会社 (株)アテンド,https://www.attend.jp/category/area/sanjo,,,,三条市,三条市 Yahoo広告 運用代理店 -おすすめ -比較 -ランキング -求人 -まとめ
代表取締役 玄正慎,https://front.geospatial.jp/wp-content/uploads/2018/11/e975d7e176afe103638bae62c7f7afc7.pdf,,,,三条市,三条市 Google広告 認定代理店 -おすすめ -比較 -ランキング -求人 -まとめ
DNPが提供するメタバース役所サービス,https://www.dnp.co.jp/biz/products/detail/20175184_4986.html,,,,三条市,三条市 Meta広告 運用支援会社 -おすすめ -比較 -ランキング -求人 -まとめ
ワンメディアがスノーピークのYouTubeコンテンツをプロデュース ...,https://www.onemedia.jp/column/snow-peak,,,,三条市,三条市 TikTok広告 運用会社 -おすすめ -比較 -ランキング -求人 -まとめ
Web・SNS 広告運用 担当,https://corp.shirokumapower.com/recruit/recruiting0819/2406_digital_marketing_00048,,,,三条市,三条市 TikTok広告 運用会社 -おすすめ -比較 -ランキング -求人 -まとめ
フォロワー9万人超のTikToker「ひよりん」が 三条 ふるさと観光大使に,https://www.kenoh.com/2022/08/18_hiyorin.html,,,,三条市,三条市 TikTok広告 運用会社 -おすすめ -比較 -ランキング -求人 -まとめ
首都圏から 三条市 へ移住。自由な生き方を求め、夫婦でフリー ...,https://www.organic-studio.jp/niigata_life_column/kitasanjo/,,,,三条市,三条市 Instagram広告 運用会社 -おすすめ -比較 -ランキング -求人 -まとめ
グループ 会社 ・関連事業,https://www.narakotsu.co.jp/company/kanren/,,,,三条市,三条市 Instagram広告 運用会社 -おすすめ -比較 -ランキング -求人 -まとめ
市役所の業務効率化に、企業派遣の人材と共に取り組む～新潟県 ...,https://www.kddi.com/corporate/sustainability/regional-initiative/case-study/case43/,,,,三条市,三条市 LINE広告 運用会社 -おすすめ -比較 -ランキング -求人 -まとめ
株式 会社 誠晃舎,https://www.sanjo-kogyokai.or.jp/member/print/seikousha,,,,三条市,三条市 Web広告 クリエイティブ制作会社 -おすすめ -比較 -ランキング -求人 -まとめ
新潟支店,https://niigata.aap.co.jp/,,,,三条市,三条市 Web広告 クリエイティブ制作会社 -おすすめ -比較 -ランキング -求人 -まとめ
実績,https://communicatio-biz.jp/results/,,,,三条市,三条市 広告分析 改善支援会社 -おすすめ -比較 -ランキング -求人 -まとめ
「地方創生ウェビナー 三条市 ・澤 CMO に聞く地域ブランディング ...,https://www.tanabeconsulting-group.com/cms/wp-content/uploads/2023/09/ddd338140cc754c4790da3c888b6ddb9.pdf,,,,三条市,三条市 デジタル広告 コンサルティング会社 -おすすめ -比較 -ランキング -求人 -まとめ
中小 M&Aガイドライン遵守宣言,https://www.mirai-hk.jp/17626537901345,,,,三条市,三条市 中小企業 広告運用支援 -おすすめ -比較 -ランキング -求人 -まとめ
関東圏×中越エリアを中心とした”広域モノづくり連合”が誕生 ...,https://pxc.co.jp/news/info/3167,,,,三条市,三条市 中小企業 広告運用支援 -おすすめ -比較 -ランキング -求人 -まとめ
2024年9月27日 定例会見,https://www.city.tsubame.niigata.jp/soshiki/kikaku_zaisei/1/91/81/6/18477.html,,,,燕市,燕市 Google広告 認定代理店 -おすすめ -比較 -ランキング -求人 -まとめ
株式会社パラダイム・ラボ,https://p-labo.co.jp/companyguide.php,,,,燕市,燕市 Google広告 認定代理店 -おすすめ -比較 -ランキング -求人 -まとめ
企業情報,https://wada-st.co.jp/company/,,,,燕市,燕市 Google広告 認定代理店 -おすすめ -比較 -ランキング -求人 -まとめ
燕店 Tubame Shop【西蒲・燕エリア】,https://sundrug-online.com/blogs/search-store/4088?srsltid=AfmBOopPxRm-KQhl6vVBUTYfSvpel4fChKPo7z0fBX245nLAnIXPaWI1,,,,燕市,燕市 Yahoo広告 運用代理店 -おすすめ -比較 -ランキング -求人 -まとめ
デマンド交通システム,https://metaism.co.jp/service_smart-demand-transportation,,,,燕市,燕市 Meta広告 運用支援会社 -おすすめ -比較 -ランキング -求人 -まとめ
第65回 新潟 広告 賞入賞作品,https://www.niigata-ad55.jp/prize_35.html,,,,燕市,燕市 Meta広告 運用支援会社 -おすすめ -比較 -ランキング -求人 -まとめ
業界トップクラスのインフルエンサーマーケティング ...,https://corp.reech.co.jp/corporate/news/20230420,,,,燕市,燕市 Instagram広告 運用会社 -おすすめ -比較 -ランキング -求人 -まとめ
物撮りカメラマンが燕に必要な理由,https://threesnow.jp/news/feature/23031601/,,,,燕市,燕市 Instagram広告 運用会社 -おすすめ -比較 -ランキング -求人 -まとめ
株式 会社 JAライフ新潟,https://ja-life.com/,,,,燕市,燕市 Instagram広告 運用会社 -おすすめ -比較 -ランキング -求人 -まとめ
五泉市 LINE 公式アカウントの 運用 について,https://www.city.gosen.lg.jp/organization/3/1/9833.html,,,,燕市,燕市 LINE広告 運用会社 -おすすめ -比較 -ランキング -求人 -まとめ
ロゴデザイン・グラフィックデザイン・ 広告 デザイン・印刷／新潟 ...,http://www.skipdesign.jp/,,,,燕市,燕市 Web広告 クリエイティブ制作会社 -おすすめ -比較 -ランキング -求人 -まとめ
株式 会社 クリエイティブ エンジニアリング,https://ja.nc-net.or.jp/company/91269/,,,,燕市,燕市 Web広告 クリエイティブ制作会社 -おすすめ -比較 -ランキング -求人 -まとめ
燕市 で「人事制度」の導入は「NAコンサルティング合同 会社 」,https://hr.na-consulting-group.jp/,,,,燕市,燕市 広告分析 改善支援会社 -おすすめ -比較 -ランキング -求人 -まとめ
燕夏まつり まつり,https://tsubame-cci.or.jp/wp-content/uploads/2026/06/fb265c5e3cdff05c2a98cca0ce0ca44b.pdf,,,,燕市,燕市 広告分析 改善支援会社 -おすすめ -比較 -ランキング -求人 -まとめ
COMPANY LIST,https://the-sasti.com/company-list/,,,,燕市,燕市 デジタル広告 コンサルティング会社 -おすすめ -比較 -ランキング -求人 -まとめ
DX相談窓口,https://good-transformation.com/dx-consultation,,,,燕市,燕市 中小企業 広告運用支援 -おすすめ -比較 -ランキング -求人 -まとめ
新潟県 燕市 人的資本経営コンソーシアム＠仙台 人手不足の解消に ...,https://hcm-consortium.or.jp/pdf/topic/term3_sendai_document-2-2.pdf,,,,燕市,燕市 中小企業 広告運用支援 -おすすめ -比較 -ランキング -求人 -まとめ
プライバシーポリシー,https://takatakaikei.tkcnf.com/privacy,,,,高岡市,高岡市 Google広告 認定代理店 -おすすめ -比較 -ランキング -求人 -まとめ
高岡 駅南,https://toyota-mobi-toyama.jp/shop/takaoka-ekinan,,,,高岡市,高岡市 Google広告 認定代理店 -おすすめ -比較 -ランキング -求人 -まとめ
金沢でクラウド  株式会社タスクのご紹介はこちら,https://www.kanazawa-cloud.com/corporate/,,,,高岡市,高岡市 Google広告 認定代理店 -おすすめ -比較 -ランキング -求人 -まとめ
会社案内・アクセス,https://adplan-kobe.com/company/,,,,高岡市,高岡市 Google広告 認定代理店 -おすすめ -比較 -ランキング -求人 -まとめ
お問い合わせ,https://greenbase-toyama.com/contact/,,,,高岡市,高岡市 Google広告 認定代理店 -おすすめ -比較 -ランキング -求人 -まとめ
2025年6月 – 富山のデザイン・ホームページ制作,https://www.akidesign.co.jp/2025/06/,,,,高岡市,高岡市 Yahoo広告 運用代理店 -おすすめ -比較 -ランキング -求人 -まとめ
事業内容【株式会社協和総商】総合 広告代理 業,https://www.kyowasousho.co.jp/works.html,,,,高岡市,高岡市 Yahoo広告 運用代理店 -おすすめ -比較 -ランキング -求人 -まとめ
ユニスポット,https://creators-navi.jp/archives/3403,,,,高岡市,高岡市 Yahoo広告 運用代理店 -おすすめ -比較 -ランキング -求人 -まとめ
土地（居住用） 高岡市 赤祖父3期 全5区画 4号地(No.1057) の物件情報,https://estate.yamadahomes.co.jp/sale/2134995498980000004912/,,,,高岡市,高岡市 Yahoo広告 運用代理店 -おすすめ -比較 -ランキング -求人 -まとめ
ふるさと納税／ 高岡市 公式,https://www.city.takaoka.toyama.jp/gyosei/gyoseijoho/furusatonozei/index.html,,,,高岡市,高岡市 Yahoo広告 運用代理店 -おすすめ -比較 -ランキング -求人 -まとめ
【 高岡 】ポスティングサービスのお問い合わせについて,https://posting.colorfulcompany.co.jp/takaoka,,,,高岡市,高岡市 Yahoo広告 運用代理店 -おすすめ -比較 -ランキング -求人 -まとめ
とやまDXパートナー登録情報,https://www.toyama-dxconsortium.jp/file_upload/100523/_main/100523_126.pdf,,,,高岡市,高岡市 Meta広告 運用支援会社 -おすすめ -比較 -ランキング -求人 -まとめ
個人情報保護方針,https://www.remodel-ishitomo.co.jp/privacy-policy,,,,高岡市,高岡市 Meta広告 運用支援会社 -おすすめ -比較 -ランキング -求人 -まとめ
会社 概要,https://www.newotani-takaoka.co.jp/company,,,,高岡市,高岡市 TikTok広告 運用会社 -おすすめ -比較 -ランキング -求人 -まとめ
【WEBマーケター】ガイソー富山店,https://oliver-recruit.jp/jobtype/5243/,,,,高岡市,高岡市 TikTok広告 運用会社 -おすすめ -比較 -ランキング -求人 -まとめ
能作,https://big-mac.co.jp/voice/nousaku/,,,,高岡市,高岡市 TikTok広告 運用会社 -おすすめ -比較 -ランキング -求人 -まとめ
sample,https://ch-sense.jp/,,,,高岡市,高岡市 LINE広告 運用会社 -おすすめ -比較 -ランキング -求人 -まとめ
市公式 LINE アカウントの 運用 を開始しました！,https://www.city.tonami.lg.jp/info/42809p/,,,,高岡市,高岡市 LINE広告 運用会社 -おすすめ -比較 -ランキング -求人 -まとめ
当社収益金の一部を富山県 高岡市 「 高岡市 まち・ひと・しごと創生 ...,https://reach-them.co.jp/info/donation-to-takaoka/,,,,高岡市,高岡市 LINE広告 運用会社 -おすすめ -比較 -ランキング -求人 -まとめ
取扱業務,https://www.chancemaker.co.jp/profile/index2.html,,,,高岡市,高岡市 Web広告 クリエイティブ制作会社 -おすすめ -比較 -ランキング -求人 -まとめ
株式 会社 宣広 – 富山県 高岡市 の看板 制作 ・ 広告制作会社,https://senko.work/,,,,高岡市,高岡市 Web広告 クリエイティブ制作会社 -おすすめ -比較 -ランキング -求人 -まとめ
エキスパートバンク,https://takaoka.ccis-toyama.or.jp/management/expert.html,,,,高岡市,高岡市 広告分析 改善支援会社 -おすすめ -比較 -ランキング -求人 -まとめ
コーディネーター・サポーター紹介,https://toyama-yorozushien.go.jp/coordinator/,,,,高岡市,高岡市 広告分析 改善支援会社 -おすすめ -比較 -ランキング -求人 -まとめ
総合 広告会社 読売Palette中日本,https://www.ypn.co.jp/,,,,高岡市,高岡市 広告分析 改善支援会社 -おすすめ -比較 -ランキング -求人 -まとめ
【コアネット】 高岡市 の不動産をはじめ、富山県 呉西地区（ 高岡市 ...,http://corenet.cc/active.php,,,,高岡市,高岡市 デジタル広告 コンサルティング会社 -おすすめ -比較 -ランキング -求人 -まとめ
通常枠,https://www.tonio.or.jp/cms/wp-content/uploads/97be99bfce55d1be4b46e8d210076a89-1.pdf,,,,高岡市,高岡市 デジタル広告 コンサルティング会社 -おすすめ -比較 -ランキング -求人 -まとめ
髙井 洋之,https://toyama.doyu.jp/member/001135.php,,,,高岡市,高岡市 中小企業 広告運用支援 -おすすめ -比較 -ランキング -求人 -まとめ
TASU 高岡 まちなかスタートアップ 支援 施設,https://tasu-takaoka.com/,,,,高岡市,高岡市 中小企業 広告運用支援 -おすすめ -比較 -ランキング -求人 -まとめ
採択結果】令和4年度富山県オンライン海外販路開拓 支援 補助金,https://www.pref.toyama.jp/1307/richitsusho/2205301.html,,,,高岡市,高岡市 中小企業 広告運用支援 -おすすめ -比較 -ランキング -求人 -まとめ
Reserve 来店予約,https://www.h1-s.com/contact/reserve,,,,射水市,射水市 Google広告 認定代理店 -おすすめ -比較 -ランキング -求人 -まとめ
会社概要,http://meow-vr.com/company/,,,,射水市,射水市 Google広告 認定代理店 -おすすめ -比較 -ランキング -求人 -まとめ
午年 神馬に願いを！,https://www.city.imizu.toyama.jp/appupload/EDIT/140/140073.pdf,,,,射水市,射水市 Google広告 認定代理店 -おすすめ -比較 -ランキング -求人 -まとめ
広告代理店 ジーワン プロフィール,https://easy.net50.ne.jp/jiwan/info.html,,,,射水市,射水市 Yahoo広告 運用代理店 -おすすめ -比較 -ランキング -求人 -まとめ
テックランド 射水 店,https://www.yamada-denki.jp/store/contents/?d=301,,,,射水市,射水市 Yahoo広告 運用代理店 -おすすめ -比較 -ランキング -求人 -まとめ
Web制作・デザイン ここいろ,https://coco-iro.com/,,,,射水市,射水市 Meta広告 運用支援会社 -おすすめ -比較 -ランキング -求人 -まとめ
マーケティング戦略・実行,https://shion-studio.com/services/marketing/,,,,射水市,射水市 Meta広告 運用支援会社 -おすすめ -比較 -ランキング -求人 -まとめ
平成25・26年度黒部市入札参加資格者名簿（施設管理等）,http://www.city.kurobe.toyama.jp/attach/EDIT/003/003359.pdf,,,,射水市,射水市 Meta広告 運用支援会社 -おすすめ -比較 -ランキング -求人 -まとめ
創立100周年PR Instagram・ TikTok 公式アカウントの 運用 を開始しま ...,https://www.shinminato-h.tym.ed.jp/news/%E5%89%B5%E7%AB%8B100%E5%91%A8%E5%B9%B4pr-instagram%E3%83%BBtiktok%E5%85%AC%E5%BC%8F%E3%82%A2%E3%82%AB%E3%82%A6%E3%83%B3%E3%83%88%E3%81%AE%E9%81%8B%E7%94%A8%E3%82%92%E9%96%8B%E5%A7%8B%E3%81%97/,,,,射水市,射水市 TikTok広告 運用会社 -おすすめ -比較 -ランキング -求人 -まとめ
イトウ重機工業株式 会社 （富山県 射水市 ） を子会社化,https://www.denzai.group/news/748/,,,,射水市,射水市 TikTok広告 運用会社 -おすすめ -比較 -ランキング -求人 -まとめ
「 射水市 内中学校サッカー練習会」に選手が参加しました,https://www.kataller.co.jp/all/topteam/%E3%80%8C%E5%B0%84%E6%B0%B4%E5%B8%82%E5%86%85%E4%B8%AD%E5%AD%A6%E6%A0%A1%E3%82%B5%E3%83%83%E3%82%AB%E3%83%BC%E7%B7%B4%E7%BF%92%E4%BC%9A%E3%80%8D%E3%81%AB%E9%81%B8%E6%89%8B%E3%81%8C%E5%8F%82%E5%8A%A0/,,,,射水市,射水市 TikTok広告 運用会社 -おすすめ -比較 -ランキング -求人 -まとめ
射水 支店 モデルハウス「絆」,https://www.ykhome.jp/modelhouse/imizushi-kizuna/,,,,射水市,射水市 TikTok広告 運用会社 -おすすめ -比較 -ランキング -求人 -まとめ
ウッドリンク・ラボ(富山・ 射水市 ),https://myhome-i.net/toyama/companies/442,,,,射水市,射水市 Instagram広告 運用会社 -おすすめ -比較 -ランキング -求人 -まとめ
射水市,https://page.line.me/607dnzxu,,,,射水市,射水市 LINE広告 運用会社 -おすすめ -比較 -ランキング -求人 -まとめ
のるーと射水,https://www.knowroute-imizu.jp/,,,,射水市,射水市 LINE広告 運用会社 -おすすめ -比較 -ランキング -求人 -まとめ
2021年10月号,https://imizucci.jp/wp/wp-content/uploads/202110.pdf,,,,射水市,射水市 広告分析 改善支援会社 -おすすめ -比較 -ランキング -求人 -まとめ
地域企業のキーパーソンに聞く,https://dx-navi.soumu.go.jp/interview/ayako/003,,,,射水市,射水市 広告分析 改善支援会社 -おすすめ -比較 -ランキング -求人 -まとめ
富山県 射水市 鏡宮完成見学会場－セルコホーム金沢・高岡,https://selcohome.jp/reserve/d82-a08/,,,,射水市,射水市 広告分析 改善支援会社 -おすすめ -比較 -ランキング -求人 -まとめ
射水 市議会議員,https://takidakoukichi.com/report/vol9.pdf,,,,射水市,射水市 中小企業 広告運用支援 -おすすめ -比較 -ランキング -求人 -まとめ
富山市・ 射水市 の 中小企業 ・店舗向けWebサイト制作,https://atrise.work/,,,,射水市,射水市 中小企業 広告運用支援 -おすすめ -比較 -ランキング -求人 -まとめ
会社 情報,https://web-culture.jp/company/,,,,射水市,射水市 デジタル広告 コンサルティング会社 -おすすめ -比較 -ランキング -求人 -まとめ
個人情報保護方針,https://www.miyoshikaikei-tax.com/privacy,,,,小松市,小松市 Google広告 認定代理店 -おすすめ -比較 -ランキング -求人 -まとめ
河田 里美,https://kutanism.cerabo-kutani.com/watch/2266/,,,,小松市,小松市 Google広告 認定代理店 -おすすめ -比較 -ランキング -求人 -まとめ
お問合せ,https://www.kmt-co.com/contact/,,,,小松市,小松市 Google広告 認定代理店 -おすすめ -比較 -ランキング -求人 -まとめ
小松 台地域事務所のご案内,https://www.city.miyazaki.miyazaki.jp/life/activities/komatsudai/komatudaitiikijimusyo.html,,,,小松市,小松市 Google広告 認定代理店 -おすすめ -比較 -ランキング -求人 -まとめ
【7marketing】をご紹介,https://komatsu-cci.or.jp/post_member/11528,,,,小松市,小松市 Yahoo広告 運用代理店 -おすすめ -比較 -ランキング -求人 -まとめ
運営会社・代表者紹介,https://kanazawa.ai/company/,,,,小松市,小松市 Yahoo広告 運用代理店 -おすすめ -比較 -ランキング -求人 -まとめ
小松市 ふるさと納税事業 代行 業務 仕様書,https://fstx-ri.co.jp/wp-content/uploads/2022/07/%E5%B0%8F%E6%9D%BE%E5%B8%82%E3%81%B5%E3%82%8B%E3%81%95%E3%81%A8%E7%B4%8D%E7%A8%8E%E4%BA%8B%E6%A5%AD%E4%BB%A3%E8%A1%8C%E6%A5%AD%E5%8B%99-%E4%BB%95%E6%A7%98%E6%9B%B8.pdf,,,,小松市,小松市 Yahoo広告 運用代理店 -おすすめ -比較 -ランキング -求人 -まとめ
REPORT,https://www.komatsu-innovation.com/report/2st-gen/,,,,小松市,小松市 Yahoo広告 運用代理店 -おすすめ -比較 -ランキング -求人 -まとめ
成果につながるWEB活用を 支援,https://funadebase.com/websupport/,,,,小松市,小松市 Meta広告 運用支援会社 -おすすめ -比較 -ランキング -求人 -まとめ
会社 概要,https://www.astrazeneca.com/content/az-jp/azkk/company.html,,,,小松市,小松市 Meta広告 運用支援会社 -おすすめ -比較 -ランキング -求人 -まとめ
秀光ビルド 小松 営業所,https://shukobuild.com/shop/komatsu/,,,,小松市,小松市 TikTok広告 運用会社 -おすすめ -比較 -ランキング -求人 -まとめ
【公式】シューズ愛ランド 小松 店,https://store.shoesiland.com/detail/1/,,,,小松市,小松市 TikTok広告 運用会社 -おすすめ -比較 -ランキング -求人 -まとめ
荷主様と運送 会社 様をつなぐ小前田物流サービス,https://www.komalogi.com/,,,,小松市,小松市 TikTok広告 運用会社 -おすすめ -比較 -ランキング -求人 -まとめ
白山市 LINE 公式アカウント,https://www.city.hakusan.lg.jp/shisei/kohokocho/1004629/1004152.html,,,,小松市,小松市 LINE広告 運用会社 -おすすめ -比較 -ランキング -求人 -まとめ
コラム,https://kanazawa-homepage.jp/column/,,,,小松市,小松市 Web広告 クリエイティブ制作会社 -おすすめ -比較 -ランキング -求人 -まとめ
"小松市 のホームページ制作 月5,800円〜",https://www.webai-lab.jp/webseisaku/komatsu/,,,,小松市,小松市 広告分析 改善支援会社 -おすすめ -比較 -ランキング -求人 -まとめ
PowerPoint プレゼンテーション,https://www.ccinnovation.co.jp/wpdir/wp-content/uploads/2025/10/BCP%E6%A7%8B%E7%AF%89%E9%81%8B%E7%94%A8.pdf,,,,小松市,小松市 広告分析 改善支援会社 -おすすめ -比較 -ランキング -求人 -まとめ
令和7年度第5回 小松市 地域公共交通活性化協議会,https://www.city.komatsu.lg.jp/material/files/group/71/20260318kaigishiryo1.pdf,,,,小松市,小松市 広告分析 改善支援会社 -おすすめ -比較 -ランキング -求人 -まとめ
石川県のマーケティングの専門家・コンサルタント,https://mbp-japan.com/ishikawa/search/area:17/genre:8:8002/,,,,小松市,小松市 デジタル広告 コンサルティング会社 -おすすめ -比較 -ランキング -求人 -まとめ
BrandNewDays,https://yusuke-komatsu.com/,,,,小松市,小松市 デジタル広告 コンサルティング会社 -おすすめ -比較 -ランキング -求人 -まとめ
「事業承継 支援 」,https://www.soumu.go.jp/main_content/001066196.pdf,,,,小松市,小松市 中小企業 広告運用支援 -おすすめ -比較 -ランキング -求人 -まとめ
平 成 1 6 年 度 当 初 予 算 主 要 事 業,https://www.pref.ishikawa.lg.jp/zaisei/yosan/h16/tosho/documents/syuyojigyo.pdf,,,,小松市,小松市 中小企業 広告運用支援 -おすすめ -比較 -ランキング -求人 -まとめ
Ishikawa Innovation Base T,https://www.isico.or.jp/uploaded/attachment/1014240.pdf,,,,加賀市,加賀市 Google広告 認定代理店 -おすすめ -比較 -ランキング -求人 -まとめ
バナー 広告 の掲載について,https://www4.city.kanazawa.lg.jp/soshikikarasagasu/kohokochoka/gyomuannai/8/2/2/6865.html,,,,加賀市,加賀市 Yahoo広告 運用代理店 -おすすめ -比較 -ランキング -求人 -まとめ
会社 概要,https://ainori-marketing.com/company,,,,加賀市,加賀市 Meta広告 運用支援会社 -おすすめ -比較 -ランキング -求人 -まとめ
プライバシーポリシー,https://kitamae-base.com/privacy-policy,,,,加賀市,加賀市 Meta広告 運用支援会社 -おすすめ -比較 -ランキング -求人 -まとめ
インターネット 広告運用,https://movie-mobile.jp/%E3%82%A4%E3%83%B3%E3%82%BF%E3%83%BC%E3%83%8D%E3%83%83%E3%83%88%E5%BA%83%E5%91%8A/,,,,加賀市,加賀市 TikTok広告 運用会社 -おすすめ -比較 -ランキング -求人 -まとめ
会社 概要,https://andmarketing.co.jp/company/,,,,加賀市,加賀市 デジタル広告 コンサルティング会社 -おすすめ -比較 -ランキング -求人 -まとめ
石川県の学術研究、専門・技術サービス業代表企業【士業・ 広告 】,https://clip-corporation.com/column/technicalservices-ishikawa/,,,,加賀市,加賀市 デジタル広告 コンサルティング会社 -おすすめ -比較 -ランキング -求人 -まとめ
