company_name,url,address,phone,maps_url,service_evidence,pages_checked
プライバシーポリシー,https://www.lycorp.co.jp/ja/company/privacypolicy/,〒102-8282 東京都千代田区紀尾井町1,,,SNS platform + operation service,https://www.lycorp.co.jp/ja/company/privacypolicy/ | https://www.lycorp.co.jp/ja/company/ | https://www.lycorp.co.jp/en/company/privacypolicy/ | https://www.lycorp.co.jp/ko/company/privacypolicy/
会社 概要,https://www.bloom-promotion.jp/about/company.php,〒060-0042 北海道札幌市中央区大通西7,011-596-7500,,SNS platform + operation service,https://www.bloom-promotion.jp/about/company.php | https://www.bloom-promotion.jp/about/ | https://www.bloom-promotion.jp/about/greeting.php | https://www.bloom-promotion.jp/about/office.php
Growth Cube（グロースキューブ）サービス詳細,https://cnctor.jp/service/growthcube-detail/,〒105-0004 東京都港区新橋5,,,SNS運用,https://cnctor.jp/service/growthcube-detail/ | https://cnctor.jp/service/ | https://cnctor.jp/service/hotel-service-list/ | https://cnctor.jp/service/linesolution-service-list/
北海道 デジタル・アンド・コンサルティング,https://messe.nikkei.co.jp/exhibitor/info/RT/ja/25023,〒001-0906 北海道 札幌市北区新琴似六条五丁目,,,SNS platform + operation service,https://messe.nikkei.co.jp/exhibitor/info/RT/ja/25023 | https://messe.nikkei.co.jp/inquiry/form/RT/25023 | https://messe.nikkei.co.jp/exhibitor/category/RT/ja/447
company,https://revcreative.co.jp/company,〒067-0072 北海道江別市一番,011-383-5005,,SNS platform + operation service,https://revcreative.co.jp/company | https://revcreative.co.jp/ | https://revcreative.co.jp/company
株式 会社 スノードーム,https://snowdome-inc.co.jp/,〒160-0023 東京都新宿区西新宿三丁目,,,SNSマーケティング,https://snowdome-inc.co.jp/ | https://snowdome-inc.co.jp/service | https://snowdome-inc.co.jp/about | https://snowdome-inc.co.jp/contact
事業の未来をAIと考える。 北海道 釧路市で酪農ブランディングに挑む ...,https://doubleknot.co.jp/2025/12/01/blog/case-study-2025-7/,〒680-0404 鳥取県八頭郡八頭町見槻中1,050-3205-0801,,SNS platform + operation service,https://doubleknot.co.jp/2025/12/01/blog/case-study-2025-7/ | https://doubleknot.co.jp/company/ | https://doubleknot.co.jp/business/ | https://doubleknot.co.jp/contact/
会社 案内,https://chihososei-juku.com/company/,〒031-0042 青森県八戸市十三日町１,050-3708-3868,,SNS運用,https://chihososei-juku.com/company/ | https://chihososei-juku.com/contact/ | https://chihososei-juku.com/company-2/
株式 会社 Naegi（ナエギ）,https://partners.eventbank.jp/company/1353,〒038-3801 青森県南津軽郡藤崎町藤越西一本木3,090-1934-7742,,SNS運用,https://partners.eventbank.jp/company/1353 | https://partners.eventbank.jp/aboutus.do | https://partners.eventbank.jp/find/search.do?act=company | https://partners.eventbank.jp/company.do
Services,https://estowa.jp/services/,〒036-0103 青森県平川市本町北柳田1,0172-26-8703,,SNS運用,https://estowa.jp/services/ | https://estowa.jp/about/ | https://estowa.jp/services/web-design/ | https://estowa.jp/services/ec/
LINE 広告攻略セミナー,https://info.webbu.jp/SE_20210121_LINE.html,〒101-0051 東京都千代田区神田神保町1,03-5280-9491,,SNS platform + operation service,https://info.webbu.jp/SE_20210121_LINE.html
オフィスカナン株式 会社,https://innovation-net-aomori.ina.pref.aomori.lg.jp/portal/company/%E3%82%AA%E3%83%95%E3%82%A3%E3%82%B9%E3%82%AB%E3%83%8A%E3%83%B3%E6%A0%AA%E5%BC%8F%E4%BC%9A%E7%A4%BE/,〒030-8570 青森県青森市長島一丁目,0176-66-4699,,SNS platform + operation service,https://innovation-net-aomori.ina.pref.aomori.lg.jp/portal/company/%E3%82%AA%E3%83%95%E3%82%A3%E3%82%B9%E3%82%AB%E3%83%8A%E3%83%B3%E6%A0%AA%E5%BC%8F%E4%BC%9A%E7%A4%BE/ | https://innovation-net-aomori.ina.pref.aomori.lg.jp/portal/company.php | https://innovation-net-aomori.ina.pref.aomori.lg.jp/portal/inquiry.php | https://innovation-net-aomori.ina.pref.aomori.lg.jp/portal/company/
"株式 会社 インザーギ inzaghi, Inc.",https://www.inzaghi.jp/,〒980-0021 宮城県仙台市青葉区中央2,,,SNS platform + operation service,https://www.inzaghi.jp/
ネット で自動 集客 ・ファン化で顧客倍増 完全プル型の Web ...,https://jmcacon.jp/staaage/,〒101-0047 東京都千代田区内神田1,03-3293-0041,,SNS platform + operation service,https://jmcacon.jp/staaage/ | https://jmcacon.jp/contact/ | https://jmcacon.jp/corporate/ | https://jmcacon.jp/corporate/business/
ローカル インフルエンサー : インフルエンサー 依頼・登録なら,https://www.local-influencer.net/,〒104-0061 東京都中央区銀座4,03-3528-6571,,SNS platform + operation service,https://www.local-influencer.net/ | https://www.local-influencer.net/%E3%81%8A%E5%95%8F%E3%81%84%E5%90%88%E3%82%8F%E3%81%9B%E3%81%AF%E3%81%93%E3%81%A1%E3%82%89/
〈東京都千代田区〉株式 会社 ゴンドラ,https://app.vachanavi.com/articles/gondola,〒100-0013 東京都千代田区霞が関1,,,SNS platform + operation service,https://app.vachanavi.com/articles/gondola | https://app.vachanavi.com/terms-of-service | https://app.vachanavi.com/client-terms-of-service
プリントオンデマンド,https://accc-web.net/printondemand.html,〒030-0861 青森県青森市長島二丁目,017-777-7582,,SNS platform + operation service,https://accc-web.net/printondemand.html | https://accc-web.net/corporateprofile.html
ホームページリニューアルのお知らせ,https://www.t-step.or.jp/%E3%83%9B%E3%83%BC%E3%83%A0%E3%83%9A%E3%83%BC%E3%82%B8%E3%83%AA%E3%83%8B%E3%83%A5%E3%83%BC%E3%82%A2%E3%83%AB%E3%81%AE%E3%81%8A%E7%9F%A5%E3%82%89%E3%81%9B/,〒036-8095 青森県弘前市城東3,0172-88-6941,,SNS運用支援,https://www.t-step.or.jp/%E3%83%9B%E3%83%BC%E3%83%A0%E3%83%9A%E3%83%BC%E3%82%B8%E3%83%AA%E3%83%8B%E3%83%A5%E3%83%BC%E3%82%A2%E3%83%AB%E3%81%AE%E3%81%8A%E7%9F%A5%E3%82%89%E3%81%9B/ | https://www.t-step.or.jp/about/ | https://www.t-step.or.jp/afterschool/ | https://www.t-step.or.jp/contact/
ジョイント株式 会社,https://www.jnt.jp/,〒020-0878 岩手県盛岡市肴町3,,,SNS platform + operation service,https://www.jnt.jp/ | https://www.jnt.jp/company/ | https://www.jnt.jp/service/ | https://www.jnt.jp/contact/
めんこいエンタープライズ コンテンツ事業部制作実績,https://mepdc.net/works/index.html,〒020-0866 岩手県盛岡市本宮五丁目,019-656-3133,,SNS platform + operation service,https://mepdc.net/works/index.html | https://mepdc.net/about/index.html | https://mepdc.net/index.html | https://mepdc.net/
コーディネーター紹介,https://yorozu-iwate.go.jp/coordinators/,〒020-0857 岩手県盛岡市北飯岡2,019-631-3826,,SNS platform + operation service,https://yorozu-iwate.go.jp/coordinators/ | https://yorozu-iwate.go.jp/contact/ | https://yorozu-iwate.go.jp/cases/%E6%A0%AA%E5%BC%8F%E4%BC%9A%E7%A4%BE%E7%92%B0%E5%A2%83%E4%BF%9D%E5%85%A8%E3%82%B5%E3%83%BC%E3%83%93%E3%82%B9/
マーケティング – Aqsh,https://aqsh.co.jp/category/marketing/,〒028-7111 岩手県八幡平市大更2,0195-78-8045,,SNS platform + operation service,https://aqsh.co.jp/category/marketing/ | https://aqsh.co.jp/company/ | https://aqsh.co.jp/contact/ | https://aqsh.co.jp/#aqsh-business-index
会員紹介,https://iwateadc.net/wp1/member,〒020-0871 岩手県盛岡市中ノ橋通1,019-604-5060,,SNS platform + operation service,https://iwateadc.net/wp1/member | https://iwateadc.net/wp1/about | https://iwateadc.net/wp1/contact | https://iwateadc.net/wp1/about
広告 事業  株式会社プラネット,https://advertisingplanet.co.jp/service/,〒542-0086 大阪府大阪市中央区西心斎橋1,06-6252-0030,,SNS platform + operation service,https://advertisingplanet.co.jp/service/ | https://advertisingplanet.co.jp/company/ | https://advertisingplanet.co.jp/form/
岩手県 でSEO対策に強いウェブ マーケティング会社 ならオーパス ...,https://opus-plan.net/area/iwate/,〒020-8507 岩手県盛岡市清水町１,,,SNS運用代行,https://opus-plan.net/area/iwate/ | https://opus-plan.net/aboutus/ | https://opus-plan.net/services/
【2025年最新】163万人超のフォロワーを持つ インフルエンサー 達 ...,https://touchtv.jp/blog/1476/,〒105-0003 東京都港区西新橋3,03-6431-8969,,SNS運用代行 / SNS運用,https://touchtv.jp/blog/1476/ | https://touchtv.jp/company/ | https://touchtv.jp/service/ | https://touchtv.jp/service/business/
洋野町地域おこし協力隊募集要綱,https://www.minami-skh.com/recruit-a/,〒028-7914 岩手県九戸郡洋野町種市2,0194-66-8870,,SNS platform + operation service,https://www.minami-skh.com/recruit-a/ | https://www.minami-skh.com/about/ | https://www.minami-skh.com/contact/
【DX人材育成セミナー】知識ゼロでもわかるDXマーケティング基礎 ...,https://yahrc.org/dx1-dx-marketing/,〒635-0015 奈良県大和高田市幸町2,0744-47-1777,,SNS platform + operation service,https://yahrc.org/dx1-dx-marketing/ | https://yahrc.org/aboutus/ | https://yahrc.org/company-fair/ | https://yahrc.org/info/
&life's,https://www.andlifes.co.jp/,〒984-0051 宮城県仙台市若林区新寺３,,,SNS運用 / SNSマーケティング,https://www.andlifes.co.jp/ | https://www.andlifes.co.jp/ | https://www.andlifes.co.jp/works
エイジア、ディー・ディー・エス、横河レンタ・リースが ...,https://dds.co.jp/ja/5203/,〒141-0031 東京都品川区西五反田7,03-3272-7900,,SNS platform + operation service,https://dds.co.jp/ja/5203/ | https://dds.co.jp/ja/contact/ | https://dds.co.jp/ja/product/ | https://dds.co.jp/ja/company/
ガチで刺さる Web マーケで話題】のトランバードが『 宮城 を代表 ...,https://madeinlocal.jp/area/miyagi/companies/news/006,〒981-3133 宮城県仙台市泉区泉中央1,,,SNS運用代行,https://madeinlocal.jp/area/miyagi/companies/news/006 | https://madeinlocal.jp/contact
リアルな消費者の姿を捉え、 地域 から必要とされる存在に。地元 ...,https://digital-shift.jp/micro_dx/6YwLr,〒102-0081 東京都千代田区四番,,,SNS platform + operation service,https://digital-shift.jp/micro_dx/6YwLr | https://digital-shift.jp/about_digital-shift-times | https://digital-shift.jp/startup_technology/about_digital-shift | https://digital-shift.jp/company
SNSの力で地方企業の価値を未来へ――SNSの右腕が描く地域 ...,https://kei-do.com/interview2/02737/,〒141-0021 東京都 品川区上大崎 2,03-6455-7935,,SNS運用支援 / Instagram運用 / SNS運用 / SNSマーケティング,https://kei-do.com/interview2/02737/ | https://kei-do.com/interview2/company_size/company-size01/ | https://kei-do.com/interview2/company_size/company-size02/ | https://kei-do.com/interview2/sector/sector04/
.Lab（ドットラボ ）- 株式 会社 KSB クリエイティブ 事業部,https://ksb-sendai.co.jp/website/creative,〒980-0802 宮城県仙台市青葉区二日町8,022-281-9163,,SNS platform + operation service,https://ksb-sendai.co.jp/website/creative | https://ksb-sendai.co.jp/website/contact
パートナーシップ,https://thkrc.co.jp/partner/,〒021-0881 岩手県一関市大町4,,,SNS platform + operation service,https://thkrc.co.jp/partner/ | https://thkrc.co.jp/company | https://thkrc.co.jp/service/growth-strategy | https://thkrc.co.jp/service/sales-revenue
わたしたちのこと,https://www.sense-inc.jp/aboutus,〒980-0022 宮城県仙台市青葉区五橋2,022-204-5133,,SNS運用,https://www.sense-inc.jp/aboutus | https://www.sense-inc.jp/service | https://www.sense-inc.jp/service/sns | https://www.sense-inc.jp/service/marketing
プロ人材をお探しの皆様へ（助成金・イベント・活用事例等）,https://miyagi-projinzai.jp/area/results.html,〒981-3206 宮城県仙台市泉区明通2,022-341-6033,,SNSマーケティング,https://miyagi-projinzai.jp/area/results.html | https://miyagi-projinzai.jp/area/access.html
職業訓練詳細,https://www.hellowork.mhlw.go.jp/kensaku/GECA150010.do?screenId=GECA150010&action=dispDetailBtn&kRNShubetsu_Detail=01&shinseiNendo_Detail=08&tDFKNo_Detail=05&kRNTsuban_Detail=0001,〒010-0001 秋田県秋田市中通２,08-05-002,,SNS platform + operation service,https://www.hellowork.mhlw.go.jp/kensaku/GECA150010.do?screenId=GECA150010&action=dispDetailBtn&kRNShubetsu_Detail=01&shinseiNendo_Detail=08&tDFKNo_Detail=05&kRNTsuban_Detail=0001 | https://www.hellowork.mhlw.go.jp/info/contact.html
不動産 会社 向け顧客管理機能（ CRM ）が、 LINE 登録から自動追客 ...,https://www.ielove-group.jp/news/detail-338,〒160-0023 東京都新宿区西新宿2,03-6911-3955,,SNSマーケティング,https://www.ielove-group.jp/news/detail-338 | https://www.ielove-group.jp/company/ | https://www.ielove-group.jp/company/group/ | https://www.ielove-group.jp/service/
弊社と業務提携をお考えの企業様へ,https://www.print-solution.com/partner-01.html,〒434-7037 東京都港区赤坂4,03-6434-7037,,SNS platform + operation service,https://www.print-solution.com/partner-01.html | https://www.print-solution.com/point/corporate/ | https://www.print-solution.com/brand/outline.html | https://www.print-solution.com/serviceline.html
私たちの強み,https://ds-k.site/strengths/,〒990-0038 山形県山形市幸町6,,,SNS platform + operation service,https://ds-k.site/strengths/ | https://ds-k.site/contact/ | https://ds-k.site/about/ | https://ds-k.site/service/
M＋B room： 山形県 のマーケティング・ ブランディング会社,https://mbroom.com/,〒993-0035 山形県長井市時庭1,0238-88-5208,,SNS platform + operation service,https://mbroom.com/
滝口 誠,https://happyanalytics.co.jp/grad_makoto_takiguchi/,〒176-0001 東京都練馬区練馬1,,,SNS platform + operation service,https://happyanalytics.co.jp/grad_makoto_takiguchi/ | https://happyanalytics.co.jp/service_form/ | https://happyanalytics.co.jp/ceo_message/
東北SNS マーケティング ＆ネット 広告 勉強会2025in 山形県 村山市,https://www.japan-affiliate.org/news/murayama251106/,〒995-0032 山形県村山市楯岡荒町二丁目,,,SNSマーケティング,https://www.japan-affiliate.org/news/murayama251106/ | https://www.japan-affiliate.org/about/ | https://www.japan-affiliate.org/members/asplist/
著名人キャスティング Twitter 東日本旅客鉄道株式 会社 様 「 秋田県 ...,https://ccpr.jp/works/%E8%91%97%E5%90%8D%E4%BA%BA%E3%82%AD%E3%83%A3%E3%82%B9%E3%83%86%E3%82%A3%E3%83%B3%E3%82%B0%E3%80%80twitter%E3%80%80%E6%9D%B1%E6%97%A5%E6%9C%AC%E6%97%85%E5%AE%A2%E9%89%84%E9%81%93%E6%A0%AA%E5%BC%8F/,〒150-6121 東京都渋谷区渋谷2,03-5459-0297,,SNS platform + operation service,https://ccpr.jp/works/%E8%91%97%E5%90%8D%E4%BA%BA%E3%82%AD%E3%83%A3%E3%82%B9%E3%83%86%E3%82%A3%E3%83%B3%E3%82%B0%E3%80%80twitter%E3%80%80%E6%9D%B1%E6%97%A5%E6%9C%AC%E6%97%85%E5%AE%A2%E9%89%84%E9%81%93%E6%A0%AA%E5%BC%8F/ | https://ccpr.jp/about/ | https://ccpr.jp/contact/ | https://ccpr.jp/access/
WEB マーケティング 担当,https://recruit.ych-exceed.com/work/web%E3%83%9E%E3%83%BC%E3%82%B1%E3%83%86%E3%82%A3%E3%83%B3%E3%82%B0%E6%8B%85%E5%BD%93/,〒990-0837 山形県山形市清住町三丁目,0120-505-256,,SNS platform + operation service,https://recruit.ych-exceed.com/work/web%E3%83%9E%E3%83%BC%E3%82%B1%E3%83%86%E3%82%A3%E3%83%B3%E3%82%B0%E6%8B%85%E5%BD%93/ | https://recruit.ych-exceed.com/about/
令和8年度寒河江市 中小企業 販売促進事業費補助金,https://www.city.sagae.yamagata.jp/jigyou/syogyou/hanbaisokushinhojo.html,〒991-8601 山形県寒河江市中央一丁目,0237-85-1492,,SNS platform + operation service,https://www.city.sagae.yamagata.jp/jigyou/syogyou/hanbaisokushinhojo.html | https://www.city.sagae.yamagata.jp/kenko_fukushi/kaigo/index.html | https://www.city.sagae.yamagata.jp/kanko/kankoinfo/access/access_annai.html | https://www.city.sagae.yamagata.jp/toiawase/tyokutuu.html
R. S.,https://43s.co.jp/people/s002134/,〒153-0042 東京都目黒区青葉台4,03-5452-4933,,SNS platform + operation service,https://43s.co.jp/people/s002134/ | https://43s.co.jp/company/ | https://43s.co.jp/services/ | https://43s.co.jp/contact/
企画調整部入札情報,https://www.pref.fukushima.lg.jp/sec/11015a/kikaku-nyuusatsu2.html,〒960-8670 福島県福島市杉妻町2,024-521-7108,,SNS platform + operation service,https://www.pref.fukushima.lg.jp/sec/11015a/kikaku-nyuusatsu2.html | https://www.pref.fukushima.lg.jp/site/access/
GMO TECH、 福島県 ローカルアンバサダー事業に採択,https://group.gmo/news/article/9999/,〒150-8512 東京都渋谷区桜丘町2,03-5489-6270,,SNS platform + operation service,https://group.gmo/news/article/9999/ | https://group.gmo/company-profile/ | https://group.gmo/company-profile/outline/ | https://group.gmo/company-profile/top-message/
日進堂グループは、日進堂印刷所、トキワ印刷,https://www.nisshindo.jp/about.html,〒960-2194 福島県福島市庄野字柿場1,024-594-2211,,SNS platform + operation service,https://www.nisshindo.jp/about.html | https://www.nisshindo.jp/outline.html | https://www.nisshindo.jp/inquiry.html
Web 関連サービス,https://www.yamakawa-p.co.jp/web/,〒960-2153 福島県福島市庄野字清水尻1,024-593-2221,,SNS platform + operation service,https://www.yamakawa-p.co.jp/web/ | https://www.yamakawa-p.co.jp/corporate/ | https://www.yamakawa-p.co.jp/service/ | https://www.yamakawa-p.co.jp/contact/
マーケティングと伴走で人と組織のユニークさを ...,https://kazehiraku.com/officeinfo/,〒104-0061 東京都中央区銀座一丁目,,,SNSマーケティング,https://kazehiraku.com/officeinfo/ | https://kazehiraku.com/business/ | https://kazehiraku.com/consumer/ | https://kazehiraku.com/case-cat/company/
Web Marketing,https://keyframes.jp/marketing/,〒963-8833 福島県郡山市香久池1,024-954-7990,,SNS platform + operation service,https://keyframes.jp/marketing/ | https://keyframes.jp/about/ | https://keyframes.jp/contact/ | https://keyframes.jp/production/
植松 謙,https://www.fukushima-message.com/innovator/index.php?innovator_id=38,〒960-8042 福島県福島市荒町4,024-563-6230,,SNS platform + operation service,https://www.fukushima-message.com/innovator/index.php?innovator_id=38 | https://www.fukushima-message.com/access.html | https://www.fukushima-message.com/outline.html
岸本 直樹,https://www.smrj.go.jp/regional_hq/kanto/sme/adviser/ucigs50000005k20.html,〒105-8453 東京都港区虎ノ門3,03-5470-1620,,SNS platform + operation service,https://www.smrj.go.jp/regional_hq/kanto/sme/adviser/ucigs50000005k20.html | https://www.smrj.go.jp/service/index.html | https://www.smrj.go.jp/org/about/index.html | https://www.smrj.go.jp/regional_hq/kanto/sme/index.html
県内コーディネーター紹介：コーディネーター・データベース,https://www.iis-net.or.jp/coordinator/coordinator?stype=&group=&special=%E3%83%87%E3%82%B6%E3%82%A4%E3%83%B3,〒310-0801 茨城県水戸市桜川2,029-293-7492,,SNS platform + operation service,https://www.iis-net.or.jp/coordinator/coordinator?stype=&group=&special=%E3%83%87%E3%82%B6%E3%82%A4%E3%83%B3 | https://www.iis-net.or.jp/page?kind=guide
インターネット 広告,https://nissenpartners.co.jp/service/ad/,〒310-0836 茨城県水戸市元吉田町7,0120-026-071,,SNS platform + operation service,https://nissenpartners.co.jp/service/ad/ | https://nissenpartners.co.jp/service/ | https://nissenpartners.co.jp/aboutus/ | https://nissenpartners.co.jp/company/
会社概要,https://adesign.jp/company_overview/,〒311-4204 茨城県水戸市田谷町1,029-350-1777,,SNS platform + operation service,https://adesign.jp/company_overview/ | https://adesign.jp/company_overview/index.html | https://adesign.jp/contact/index.html | https://adesign.jp/lp/corporate/
茨城県 産品のプロモーション支援,https://vivid-creations.biz/works/ibaraki-promotion-singapore-ec-market/,〒150-0001 東京都渋谷区神宮前6,03-6681-1024,,SNS platform + operation service,https://vivid-creations.biz/works/ibaraki-promotion-singapore-ec-market/ | https://vivid-creations.biz/about/ | https://vivid-creations.biz/services/ | https://vivid-creations.biz/contact/
COMPANY,https://www.headroom.jp/company/,〒305-0032 茨城県つくば市竹園1,029-851-7230,,SNSマーケティング,https://www.headroom.jp/company/ | https://www.headroom.jp/service/ | https://www.headroom.jp/contact/ | https://www.headroom.jp/service/procedure.php
CGDA,https://www.cgda.jp/,〒310-0841 茨城県水戸市酒門町4,029-247-6999,,SNS platform + operation service,https://www.cgda.jp/ | https://www.cgda.jp/company/ | https://www.cgda.jp/contact/ | https://www.cgda.jp/company/
運営 会社 情報 — 茨城 のホームページ制作 いばらきWEBサポート,https://ibaraki-yorozu.com/company.html,〒101-0026 東京都千代田区神田佐久間河岸4,050-7117-9318,,SNS platform + operation service,https://ibaraki-yorozu.com/company.html | https://ibaraki-yorozu.com/ | https://ibaraki-yorozu.com/contact.html
動画 制作実績を掲載しました » 大富印刷株式 会社,https://otomiinsatu.com/2023/07/07/%E5%8B%95%E7%94%BB%E5%88%B6%E4%BD%9C%E5%AE%9F%E7%B8%BE%E3%82%92%E6%8E%B2%E8%BC%89%E3%81%97%E3%81%BE%E3%81%97%E3%81%9F/,〒265-9000 茨城県ひたちなか市山崎1,029-265-9000,,SNS platform + operation service,https://otomiinsatu.com/2023/07/07/%E5%8B%95%E7%94%BB%E5%88%B6%E4%BD%9C%E5%AE%9F%E7%B8%BE%E3%82%92%E6%8E%B2%E8%BC%89%E3%81%97%E3%81%BE%E3%81%97%E3%81%9F/ | https://otomiinsatu.com/service/ | https://otomiinsatu.com/company/ | https://otomiinsatu.com/inquiry/
【インバウンド事例紹介】韓国KOLを起用し、 茨城県 の魅力を ...,https://jtg.capsuleinc.co/news/posts-database/case-korea-ibaraki,〒810-0041 福岡県福岡市中央区大名２,,,Instagram運用 / SNS運用,https://jtg.capsuleinc.co/news/posts-database/case-korea-ibaraki | https://jtg.capsuleinc.co/company | https://jtg.capsuleinc.co/service | https://jtg.capsuleinc.co/contact
【自治体×YouTuber】 インフルエンサーマーケティング で社会問題 ...,https://carry0n.co.jp/20250114_01/,〒150-0012 東京都渋谷区広尾1,,,SNS platform + operation service,https://carry0n.co.jp/20250114_01/ | https://carry0n.co.jp/company/ | https://carry0n.co.jp/contact/ | https://carry0n.co.jp/category/company/
(株)トリドリ【9337】,https://mirakin.jp/service/toridori/,〒486-0968 愛知県春日井市味美町3,0568-34-8570,,SNSマーケティング / SNS運用,https://mirakin.jp/service/toridori/ | https://mirakin.jp/category/service/ | https://mirakin.jp/service/asua/ | https://mirakin.jp/service/meinan2/
高度外国人材関心企業株式会社Okwi,https://www.jetro.go.jp/hrportal/company/detail/101219.html,〒310-0912 茨城県水戸市見川2,029-303-8800,,SNS platform + operation service,https://www.jetro.go.jp/hrportal/company/detail/101219.html | https://www.jetro.go.jp/contact/ | https://www.jetro.go.jp/hrportal/forcompanies/about.html | https://www.jetro.go.jp/hrportal/company/
SDGs普及促進イベント企画・運営業務委託公募型プロポーザルの ...,https://www.pref.tochigi.lg.jp/a01/r8sdgs_taiken.html,〒320-8501 栃木県宇都宮市塙田1,028-623-2206,,SNS platform + operation service,https://www.pref.tochigi.lg.jp/a01/r8sdgs_taiken.html | https://www.pref.tochigi.lg.jp/f05/kanko/kanko/r8housoubanngumipuropo-zarushinnsakekka.html | https://www.pref.tochigi.lg.jp/e03/20260306service_continuation.html | https://www.pref.tochigi.lg.jp/accessibility/index.html
株式 会社 読売 茨城 広告社,https://mitohojinkai.or.jp/member/%E6%A0%AA%E5%BC%8F%E4%BC%9A%E7%A4%BE%E8%AA%AD%E5%A3%B2%E8%8C%A8%E5%9F%8E%E5%BA%83%E5%91%8A%E7%A4%BE,〒310-0801 茨城県水戸市桜川2,029-244-5555,,SNS platform + operation service,https://mitohojinkai.or.jp/member/%E6%A0%AA%E5%BC%8F%E4%BC%9A%E7%A4%BE%E8%AA%AD%E5%A3%B2%E8%8C%A8%E5%9F%8E%E5%BA%83%E5%91%8A%E7%A4%BE | https://mitohojinkai.or.jp/aboutus/ | https://mitohojinkai.or.jp/access/ | https://mitohojinkai.or.jp/contact/
OTHERS,https://mugi-td.com/service_category/others/,〒320-0072 栃木県宇都宮市若草4,,,SNS platform + operation service,https://mugi-td.com/service_category/others/ | https://mugi-td.com/service/ | https://mugi-td.com/service_category/promotion/ | https://mugi-td.com/service_category/branding/
栃木県 でホームページ制作を探しているなら「DisCover」,https://dis-cover.net/discover%E3%81%A8%E3%81%AF/,〒320-0806 栃木県宇都宮市駒生町1,028-678-2970,,SNS platform + operation service,https://dis-cover.net/discover%E3%81%A8%E3%81%AF/ | https://dis-cover.net/company/
サービス,https://curiver.com/service/,〒329-1305 栃木県さくら市狭間田1,,,SNS運用 / SNS運用代行,https://curiver.com/service/ | https://curiver.com/service/seo/ | https://curiver.com/service/sns/ | https://curiver.com/service/web-marketing/
宇都宮市職員 採用 デジタル マーケティング 業務の公募型 ...,https://www.city.utsunomiya.lg.jp/sangyo/nyusatsu/koubo/1036144.html,〒320-8540 栃木県宇都宮市旭1,028-632-2089,,SNS platform + operation service,https://www.city.utsunomiya.lg.jp/sangyo/nyusatsu/koubo/1036144.html | https://www.city.utsunomiya.lg.jp/about/site/keysearch.html | https://www.city.utsunomiya.lg.jp/about/site/idsearch.html | https://www.city.utsunomiya.lg.jp/about/foreignlanguage.html
ホームぺージ制作のジェイ・マックス,https://jmaxinc.jp/service/web/,〒322-0044 栃木県鹿沼市鳥居跡町1,0289-74-7408,,SNS platform + operation service,https://jmaxinc.jp/service/web/ | https://jmaxinc.jp/about/ | https://jmaxinc.jp/service/rakuten/ | https://jmaxinc.jp/service/ec/
デジタル マーケティング を活用したとちぎの暮らし・仕事魅力発信 ...,https://dx-navi.soumu.go.jp/case/pdfcase072,〒100-8926 東京都千代田区霞が関2,03-5253-5111,,SNS platform + operation service,https://dx-navi.soumu.go.jp/case/pdfcase072 | https://dx-navi.soumu.go.jp/about | https://dx-navi.soumu.go.jp/accessibility-policy
サービス紹介,https://www.d-ic.com/service,〒373-0026 群馬県太田市東本町2,0276-60-5440,,SNS platform + operation service,https://www.d-ic.com/service | https://www.d-ic.com/company | https://www.d-ic.com/service/home-page | https://www.d-ic.com/service/renewal
群馬 ・高崎のWEB制作・映像制作・デザイン 会社,https://n-suppo.com/,〒370-0069 群馬県高崎市飯塚町3,,,SNSマーケティング,https://n-suppo.com/
株式会社ティーツーシー,https://www.digi-tre.com/company/t2c/,〒101-0054 東京都千代田区神田錦町3,03-6811-7994,,SNSマーケティング / SNS運用代行,https://www.digi-tre.com/company/t2c/ | https://www.digi-tre.com/other-services/ | https://www.digi-tre.com/about/ | https://www.digi-tre.com/contact/
採用 情報,https://licks.co.jp/marketing/company/recruit/,〒323-0807 栃木県小山市城東4,0285-25-6620,,SNS platform + operation service,https://licks.co.jp/marketing/company/recruit/ | https://licks.co.jp/marketing/contact/
群馬県 ・埼玉県のホームページ制作『株式 会社 ギークスデザイン』,https://geeks-design.com/,〒370-1401 群馬県藤岡市鬼石6,0274-50-9386,,SNS運用,https://geeks-design.com/ | https://geeks-design.com/service/ | https://geeks-design.com/office/ | https://geeks-design.com/contact/
株式 会社 Amber brown,https://amberbrown.co.jp/,〒370-0018 群馬県高崎市新保町1,027-251-3412,,SNS platform + operation service,https://amberbrown.co.jp/
環境省の LINE 公式アカウントの開設を支援「熱中症警戒アラート ...,https://dgmt.garage.co.jp/news/release/connectbay_alert,〒150-0042 東京都渋谷区宇田川町1,,,SNS platform + operation service,https://dgmt.garage.co.jp/news/release/connectbay_alert | https://dgmt.garage.co.jp/service | https://dgmt.garage.co.jp/service/connect_bay | https://dgmt.garage.co.jp/service/connect_bay_old/jirei/game
外部の「知」と現場の「技」を混ぜ合わせる。 栃木県 が仕掛ける ...,https://japanstep.jp/learn/2026/02/1669/,〒150-0021 東京都渋谷区恵比寿西2,,,SNS platform + operation service,https://japanstep.jp/learn/2026/02/1669/ | https://japanstep.jp/company/ | https://japanstep.jp/contact/ | https://japanstep.jp/terms/
動画 （ムービー）制作,https://sobi-capa.co.jp/service/movie_create/contents/,〒371-0844 群馬県前橋市古市町1,027-251-6790,,SNS platform + operation service,https://sobi-capa.co.jp/service/movie_create/contents/ | https://sobi-capa.co.jp/others/company/ | https://sobi-capa.co.jp/service/ | https://sobi-capa.co.jp/others/access/
群馬県 伊勢崎市のクリエイティブエージェンシー ユニグラード株式 ...,https://isesaki.unigrad.jp/,〒371-0013 群馬県前橋市西片貝町5,027-220-1201,,SNS platform + operation service,https://isesaki.unigrad.jp/ | https://isesaki.unigrad.jp/company.html
【お知らせ】小さなお店のための マーケティング セミナー( SNS ・AI版),https://www.warabicci.org/250616semi/,〒335-0004 埼玉県蕨市中央5,048-432-2655,,SNS運用,https://www.warabicci.org/250616semi/ | https://www.warabicci.org/outline/access/ | https://www.warabicci.org/contact/ | https://www.warabicci.org/outline/nyuukaiannai/
事業紹介,https://finext.co.jp/service/,〒356-0005 埼玉県ふじみ野市西2,043-400-3270,,Instagram運用代行,https://finext.co.jp/service/ | https://finext.co.jp/about/ | https://finext.co.jp/contact/ | https://finext.co.jp/service/meo/
ブログ集客・ コンテンツマーケティング,https://waan.takusa.jp/category/achievements/contentsmarketing/,〒190-0182 東京都西多摩郡日の出町平井9,,,SNS platform + operation service,https://waan.takusa.jp/category/achievements/contentsmarketing/ | https://takusa.jp/%e4%bc%9a%e7%a4%be%e6%a6%82%e8%a6%81/ | https://waan.takusa.jp/%E5%9F%B7%E7%AD%86%E3%83%BB%E3%81%8A%E5%95%8F%E3%81%84%E5%90%88%E3%82%8F%E3%81%9B/
令和8年度台湾市場向けプロモーション活動業務の委託 会社 を募集 ...,https://chocotabi-saitama.jp/business/business-topics/210767/,〒330-8669 埼玉県さいたま市大宮区桜木町1,048-647-0500,,SNS運用,https://chocotabi-saitama.jp/business/business-topics/210767/ | https://chocotabi-saitama.jp/business/location-top/ | https://chocotabi-saitama.jp/business/about/ | https://chocotabi-saitama.jp/form/inquiry/
株式会社モビリィ,https://www.e-funabashi.com/archives/fccimember/mobily,〒273-0031 千葉県船橋市西船7,047-432-0211,,SNS platform + operation service,https://www.e-funabashi.com/archives/fccimember/mobily | https://www.e-funabashi.com/access | https://www.e-funabashi.com/contact-2 | https://www.e-funabashi.com/contact
STUDIO 千葉,https://school.dhw.co.jp/school/chiba/,〒260-0015 千葉県千葉市中央区富士見2,043-400-3547,,SNS platform + operation service,https://school.dhw.co.jp/school/chiba/ | https://school.dhw.co.jp/about/ | https://school.dhw.co.jp/access/ | https://school.dhw.co.jp/about/nextstage.html
リブライズ合同 会社,https://baseconnect.in/companies/37555e5a-e54f-4286-9056-3f8b766b3d79,〒290-0532 千葉県市原市大久保７,03-1234-5678,,SNS platform + operation service,https://baseconnect.in/companies/37555e5a-e54f-4286-9056-3f8b766b3d79 | https://baseconnect.in/search/company
お知らせ,https://line-sm.com/news/20241011.html,〒261-8550 千葉県千葉市美浜区中瀬2,043-296-0001,,SNS platform + operation service,https://line-sm.com/news/20241011.html | https://line-sm.com/about.html | https://line-sm.com/contact/
LINE で、 販売・決済・顧客管理をもっと簡単に。,https://freestyle.ne.jp/linems/,〒260-0015 千葉県千葉市中央区富士見1,047-770-1003,,SNS platform + operation service,https://freestyle.ne.jp/linems/ | https://freestyle.ne.jp/linems-contact/
令和8年度「観光 コンテンツ 高付加価値化促進事業」のご案内,https://www.pref.chiba.lg.jp/kankou/contents/contents-guide.html,〒260-8667 千葉県千葉市中央区市場町1,043-223-2415,,SNS platform + operation service,https://www.pref.chiba.lg.jp/kankou/contents/contents-guide.html | https://www.pref.chiba.lg.jp/homepage/about-site/index.html | https://www.pref.chiba.lg.jp/homepage/about-site/link.html | https://www.pref.chiba.lg.jp/homepage/about-site/ac-gl/index.html
""" 動画 × 広告 ""で、人が集まる",https://mobilis-kj.co.jp/,〒270-2231 千葉県松戸市稔台8,047-707-3676,,SNS広告運用,https://mobilis-kj.co.jp/ | https://mobilis-kj.co.jp/%E4%BC%9A%E7%A4%BE%E6%A6%82%E8%A6%81/
会社 概要,https://www.hoshosha.com/about.html,〒262-0015 千葉県千葉市花見川区宮野木台2,043-254-8611,,SNS platform + operation service,https://www.hoshosha.com/about.html | https://www.hoshosha.com/contact.html | https://www.hoshosha.com/access.html | https://www.hoshosha.com/business.html
【令和7年4月10日受付開始】 千葉県 実施の 中小企業 成長促進補助金 ...,https://www.sme-support.co.jp/column/p1262/,〒112-0014 東京都文京区関口1,03-5946-8609,,SNS platform + operation service,https://www.sme-support.co.jp/column/p1262/ | https://www.sme-support.co.jp/company/ | https://www.sme-support.co.jp/contact/ | https://www.sme-support.co.jp/subsidy/p8206/
デジタル ・アドバタイジング・コンソーシアム株式会社,https://www.choicely.jp/company/dac/,〒150-6033 東京都渋谷区恵比寿4,,,SNS platform + operation service,https://www.choicely.jp/company/dac/ | https://www.choicely.jp/contact/ | https://www.choicely.jp/webservice/ | https://www.choicely.jp/company/
会社 概要,https://www.cross-field.co.jp/company/,〒103-0001 東京都中央区日本橋小伝馬町7,03-4500-8869,,SNS platform + operation service,https://www.cross-field.co.jp/company/ | https://www.cross-field.co.jp/service/promotion/ | https://www.cross-field.co.jp/service/creation/ | https://www.cross-field.co.jp/service/analytics/
戦略 PR の株式 会社東京 片岡英彦事務所,https://www.kataokahidehiko.com/,〒105-0004 東京都港区新橋2,03-6820-2197,,SNS platform + operation service,https://www.kataokahidehiko.com/ | https://www.kataokahidehiko.com/contact-us/
【 千葉県 】ホームページ制作・ Web 制作 会社,https://e-nexts.co.jp/blog_category/blog-web/,〒272-0021 千葉県市川市八幡3,047-307-9485,,SNS platform + operation service,https://e-nexts.co.jp/blog_category/blog-web/ | https://e-nexts.co.jp/ | https://e-nexts.co.jp/contact/ | https://e-nexts.co.jp/blog-post/web-blog-hosting-service-ichikawa/
ホームページ 制作・ クリエイティブ 制作関連,https://www.qps.jp/web001,〒102-0072 東京都千代田区飯田橋3,03-6380-8777,,SNS platform + operation service,https://www.qps.jp/web001 | https://www.qps.jp/access | https://www.qps.jp/contact | https://www.qps.jp/company
WEB 制作・ マーケティング 支援,https://tokyosenden.com/services/web,〒102-0093 東京都千代田区平河町2,03-6272-8830,,SNS platform + operation service,https://tokyosenden.com/services/web | https://tokyosenden.com/services | https://tokyosenden.com/services/video_production | https://tokyosenden.com/services/advertising_promotion
バズからヒトを動かし、ブランド価値をあげる SNS 戦略,https://prsj.or.jp/event/sns-seminar-2025/,〒106-0032 東京都港区六本木6,03-5413-6760,,SNS運用,https://prsj.or.jp/event/sns-seminar-2025/ | https://prsj.or.jp/about-prsj/ | https://prsj.or.jp/access/ | https://prsj.or.jp/about-pr/
アウンコンサルティング株式 会社,https://www.kaisyahakken.metro.tokyo.lg.jp/company/auncon/,〒113-0033 東京都文京区本郷4,03-5803-2727,,SNS platform + operation service,https://www.kaisyahakken.metro.tokyo.lg.jp/company/auncon/ | https://www.kaisyahakken.metro.tokyo.lg.jp/company/index.html | https://www.kaisyahakken.metro.tokyo.lg.jp/company/asama-shoji/ | https://www.kaisyahakken.metro.tokyo.lg.jp/company/ktaxac/
コンテンツマーケティング支援 サービスを開始。,https://empowershop.co.jp/press/2015/0519.html,〒107-0061 東京都港区北青山2,,,SNS platform + operation service,https://empowershop.co.jp/press/2015/0519.html | https://empowershop.co.jp/service/contentsmarketing.html | https://empowershop.co.jp/corporate.html | https://empowershop.co.jp/consulting.html
株式 会社 ライトアップ: コンテンツ 制作 会社 がweb マーケティング を ...,https://www.biz4.jp/,〒150-0002 東京都渋谷区渋谷2,03-5784-0702,,SNS広告運用 / Instagram運用代行 / SNSマーケティング,https://www.biz4.jp/ | https://www.biz4.jp/aboutus | https://www.biz4.jp/form | https://www.biz4.jp/services
[デジタル マーケティング エージェンシー],https://fields.canpan.info/organization/detail/1075236735,〒153-0064 都道府県 東京都 市区町村 目黒区 市区町村ふりがな めぐろく 詳細住所 下目黒１,050-1724-2688,,SNS platform + operation service,https://fields.canpan.info/organization/detail/1075236735
コンテンツマーケティング支援,https://www.fabercompany.co.jp/service/contents/,〒105-6923 東京都港区虎ノ門4,,,SNS platform + operation service,https://www.fabercompany.co.jp/service/contents/ | https://www.fabercompany.co.jp/ | https://www.fabercompany.co.jp/news/ | https://www.fabercompany.co.jp/feature/
Web マーケティング支援,https://third-scope.com/service/web-marketing-support/,〒150-0002 東京都渋谷区渋谷1,03-6820-0114,,SNS platform + operation service,https://third-scope.com/service/web-marketing-support/ | https://third-scope.com/company/ | https://third-scope.com/company/ | https://third-scope.com/company/information/
LINE 特化型 マーケティング ツール「Ligla」、 運用パートナーとの ...,https://timetechnologies.ltd/archives/861,〒106-0032 東京都港区六本木三丁目,,,SNS platform + operation service,https://timetechnologies.ltd/archives/861 | https://timetechnologies.ltd/company
志 WEBブランディング,https://web.egao.world/web_branding/,〒530-0047 大阪府大阪市北区西天満１,06-4301-5147,,SNS platform + operation service,https://web.egao.world/web_branding/ | https://web.egao.world/company/ | https://web.egao.world/contact/
株式 会社 Influencer Tech,https://we-eva.com/company,〒106-8007 東京都港区六本木3,03-6824-4829,,SNS platform + operation service,https://we-eva.com/company | https://we-eva.com/company | https://we-eva.com/contact
REECH DATABASE,https://reech.co.jp/,〒163-1424 東京都新宿区西新宿3,03-6261-5326,,SNS platform + operation service,https://reech.co.jp/ | https://reech.co.jp/inquiry/ | https://reech.co.jp/inquiry/
AI時代の マーケティング 支援,https://lp.influencerforce.me/%E8%A4%87%E8%A3%BD-%E3%83%9B%E3%83%BC%E3%83%A0,〒140-0002 東京都品川区東品川2,,,SNSマーケティング,https://lp.influencerforce.me/%E8%A4%87%E8%A3%BD-%E3%83%9B%E3%83%BC%E3%83%A0 | https://lp.influencerforce.me/%E8%A4%87%E8%A3%BD-%E3%83%9B%E3%83%BC%E3%83%A0 | https://lp.influencerforce.me/%E8%A4%87%E8%A3%BD-%E4%BC%9A%E7%A4%BE%E6%A6%82%E8%A6%81 | https://lp.influencerforce.me/
インフルエンサーマーケティング,https://www.strh.co.jp/case/industry-cat/influencer,〒150-0022 東京都渋谷区恵比寿南 2,,,SNSマーケティング,https://www.strh.co.jp/case/industry-cat/influencer | https://www.strh.co.jp/services | https://www.strh.co.jp/services/marketing-consulting | https://www.strh.co.jp/services/marketing-consulting/btob-marketing-strategy
会社 概要,https://cine-mato.com/company/,〒104-0061 東京都中央区銀座一丁目,03-5579-9934,,SNS platform + operation service,https://cine-mato.com/company/ | https://cine-mato.com/service/ | https://cine-mato.com/service/service-promotional-videos/ | https://cine-mato.com/service/webcm/
インフルエンサー 事業 – LeeN合同 会社,https://leen.jp/service/influencer,〒164-0011 東京都中野区中央4,03-6822-3648,,SNS platform + operation service,https://leen.jp/service/influencer | https://leen.jp/company | https://leen.jp/service | https://leen.jp/contact
HubSpot× LINE 活用,https://www.creativehope.co.jp/service/hubspot_line,〒160-0023 東京都 新宿区 西新宿7,,,SNS platform + operation service,https://www.creativehope.co.jp/service/hubspot_line | https://www.creativehope.co.jp/company/aboutus/ | https://www.creativehope.co.jp/company/ | https://www.creativehope.co.jp/recruit/
IT導入補助金2024」の支援事業者に認定,https://digiclue.jp/news/18632543/,〒105-5536 東京都港区虎ノ門2,,,SNS platform + operation service,https://digiclue.jp/news/18632543/ | https://digiclue.jp/service/ | https://digiclue.jp/download/ | https://digiclue.jp/company/
コンテンツ ・ マーケティング支援,https://b2b-marketing.co.jp/product-cat/contents-marketing/,〒102-0074 東京都千代田区九段南1,03-6380-8281,,SNS platform + operation service,https://b2b-marketing.co.jp/product-cat/contents-marketing/ | https://b2b-marketing.co.jp/service/ | https://b2b-marketing.co.jp/service/lead-generation/
サービス紹介,https://web.j-line.co.jp/service/,〒160-0022 東京都新宿区新宿1,06-6110-8717,,SNS platform + operation service,https://web.j-line.co.jp/service/ | https://web.j-line.co.jp/about/ | https://web.j-line.co.jp/service/ | https://web.j-line.co.jp/contact/
インターネット 広告代理店 企業の売上規模などの情報を検索する,https://biz-maps.com/s/cities/142051/m-inds/474,〒251-0052 神奈川県藤沢市藤沢9,,,SNS運用 / SNS運用代行,https://biz-maps.com/s/cities/142051/m-inds/474 | https://biz-maps.com/contact
私たちの考えと強み,https://www.kazmia.jp/view/,〒243-0434 神奈川県海老名市上郷1,046-200-7158,,SNS platform + operation service,https://www.kazmia.jp/view/ | https://www.kazmia.jp/service/ | https://www.kazmia.jp/price/priceweb/ | https://www.kazmia.jp/about/
SEO/ コンテンツマーケティング に関するノウハウ記事,https://marketing.clabel.jp/knowhow/seo-content-marketing/,〒221-0052 神奈川県横浜市神奈川区栄町５,,,SNS platform + operation service,https://marketing.clabel.jp/knowhow/seo-content-marketing/ | https://marketing.clabel.jp/service_download_list/ | https://marketing.clabel.jp/contact/
WEB デザイン,https://www.opengate.jp/category/webdesign/,〒625-0281 神奈川県 横浜市中区 北方町1,045-625-0281,,SNS platform + operation service,https://www.opengate.jp/category/webdesign/ | https://www.opengate.jp/contact/ | https://www.opengate.jp/about/ | https://www.opengate.jp/portfolio/murano-corporate-website/
動画マーケティング サポート,http://quickmov.jp/support/,〒231-0002 神奈川県横浜市中区海岸通4,045-264-6242,,SNS platform + operation service,http://quickmov.jp/support/
にいがた進出企業の声,https://www.pref.niigata.lg.jp/site/kigyonokoe/,〒950-8570 新潟県新潟市中央区新光町4,025-280-5248,,SNS platform + operation service,https://www.pref.niigata.lg.jp/site/kigyonokoe/ | https://www.pref.niigata.lg.jp/site/kigyonokoe/fujitsu.html
新潟 支店,https://niigata.aap.co.jp/,〒950-0087 新潟県新潟市中央区東大通2,025-246-5010,,SNS platform + operation service,https://niigata.aap.co.jp/
マーケティング支援,https://hamakikaku.co.jp/service/consulting,〒220-0011 神奈川県横浜市西区高島2,045-450-3095,,SNS運用代行,https://hamakikaku.co.jp/service/consulting | https://hamakikaku.co.jp/service | https://hamakikaku.co.jp/company | https://hamakikaku.co.jp/inquiry20230414nosalea
マーケティング ・ CRM,https://kirifuda.io/domains/marketing-crm,〒104-0061 東京都中央区銀座1,,,SNS platform + operation service,https://kirifuda.io/domains/marketing-crm | https://kirifuda.io/contact | https://kirifuda.io/company/members | https://kirifuda.io/solutions/web3-consulting#web3-service
S.TAMAKI,https://www.com-m.com/members/s-tamaki/,〒950-0916 新潟県新潟市中央区米山4,025-250-7240,,SNS platform + operation service,https://www.com-m.com/members/s-tamaki/ | https://www.com-m.com/about/ | https://www.com-m.com/contact/ | https://www.com-m.com/about/
グローカル マーケティング 株式 会社,https://www.nico.or.jp/creative-bank/creator/glocal-marketing/,〒940-0061 新潟県長岡市城内町3,000-0000-0000,,SNS運用,https://www.nico.or.jp/creative-bank/creator/glocal-marketing/ | https://www.nico.or.jp/creative-bank/ | https://www.nico.or.jp/creative-bank/contact/
八田 元之,https://san-niigata.com/author/san0108/,〒940-0084 新潟県長岡市幸町1,0258-36-9589,,LINE公式アカウント運用,https://san-niigata.com/author/san0108/ | https://san-niigata.com/about/ | https://san-niigata.com/contact/
新発田市 新潟 のホームページ制作 会社 (株)アテンド,https://www.attend.jp/category/area/shibata,〒940-0086 新潟県長岡市西千手1,0258-31-5005,,SNS platform + operation service,https://www.attend.jp/category/area/shibata | https://www.attend.jp/company | https://www.attend.jp/contact | https://www.attend.jp/contact-mail
Our Network,https://www.japan.dentsu.com/jp/ournetwork.html,〒105-7050 東京都港区東新橋1,03-6217-6600,,SNS platform + operation service,https://www.japan.dentsu.com/jp/ournetwork.html | https://www.japan.dentsu.com/jp/about/message.html | https://www.japan.dentsu.com/jp/about.html
新潟,https://branding-bd.co.jp/area/niigata/,〒194-0036 東京都町田市木曽東4,042-794-7122,,SNS platform + operation service,https://branding-bd.co.jp/area/niigata/ | https://branding-bd.co.jp/service/ | https://branding-bd.co.jp/service/branding-board/ | https://branding-bd.co.jp/service/seminar/
【 富山 】クロスメディアセールス（企画営業）,https://knowledge-climber.recruit-site.biz/career/media_planner/,〒101-0024 東京都千代田区神田和泉町1,,,SNS platform + operation service,https://knowledge-climber.recruit-site.biz/career/media_planner/ | https://knowledge-climber.recruit-site.biz/company/message/ | https://knowledge-climber.recruit-site.biz/company/outline/ | https://knowledge-climber.recruit-site.biz/company/numbers/
富山県ウェブ サイトバナー広告,https://wi-t.co.jp/jichitai/banner_toyama/,〒569-0071 大阪府高槻市城北町一丁目,,,SNS platform + operation service,https://wi-t.co.jp/jichitai/banner_toyama/ | https://wi-t.co.jp/outline/whitepaper/
動画 制作,https://www.t-soft.co.jp/movie.html,〒930-0094 富山県富山市安住町2,076-445-3344,,SNS platform + operation service,https://www.t-soft.co.jp/movie.html | https://www.t-soft.co.jp/productions.html | https://www.t-soft.co.jp/about.html | https://www.t-soft.co.jp/access.html
富山 の 採用 セミナー,https://www.yamabe-jim.com/recruit_support/seminar/,〒933-0802 富山県高岡市蓮花寺1,0766-25-1881,,SNS platform + operation service,https://www.yamabe-jim.com/recruit_support/seminar/ | https://www.yamabe-jim.com/company/ | https://www.yamabe-jim.com/service/ | https://www.yamabe-jim.com/kcontact/
デジタル 技術を用いた経営ビジョンを策定,https://miura-photocraft.jp/news/2023/07/89657/,〒930-0066 富山県千石町2,076-421-8281,,SNS platform + operation service,https://miura-photocraft.jp/news/2023/07/89657/ | https://miura-photocraft.jp/product/ | https://miura-photocraft.jp/company/ | https://miura-photocraft.jp/contact/
専  門  家  紹  介,https://www.ishikawa-advisor.jp/141/,〒267-1244 石川県 中小企業団体中央会 9,076-225-1525,,SNS platform + operation service,https://www.ishikawa-advisor.jp/141/ | https://www.ishikawa-advisor.jp/
会員企業紹介 MEMBER,https://www.ivig.or.jp/member/,〒920-0364 石川県金沢市松島2,076-266-1200,,SNS platform + operation service,https://www.ivig.or.jp/member/ | https://www.ivig.or.jp/contact/
人材情報,https://www.isico.or.jp/specialist/?offset=60,〒920-8203 石川県金沢市鞍月2,076-267-1001,,SNS運用,https://www.isico.or.jp/specialist/?offset=60 | https://www.isico.or.jp/company/ | https://www.isico.or.jp/site/soumu/isico-access.html | https://www.isico.or.jp/site/member/about-member.html
富山県 の広報・ ブランディング の専門家・コンサルタント,https://mbp-japan.com/toyama/search/area:16/genre:8:8018/,〒939-1346 富山県砺波市狐島2,0763-55-6234,,SNS platform + operation service,https://mbp-japan.com/toyama/search/area:16/genre:8:8018/ | https://mbp-japan.com/toyama/region/ | https://mbp-japan.com/toyama/information/company/ | https://mbp-japan.com/inquiry/
石川県 観光デジタル マーケティング プラットフォーム構築・運用 ...,https://www.pref.ishikawa.lg.jp/kankou/dx/dmp.html,〒920-8580 石川県金沢市鞍月1,076-225-1537,,SNS platform + operation service,https://www.pref.ishikawa.lg.jp/kankou/dx/dmp.html | https://www.pref.ishikawa.lg.jp/about_site/tsukaikata/index.html | https://www.pref.ishikawa.lg.jp/kankou/shinsei/ryokougyou/05_tehaigyoutouroku.html | https://www.pref.ishikawa.lg.jp/about_site/sitepolicy/index.html
機能訴求を中心とした施策から抜け出すことで、 新規ユーザーを ...,https://www2.tonio.or.jp/e.phtml?i=31d930170bd413e5f9a25340b884ab82,〒930-0866 富山県富山市高田5,076-224-3010,,SNS platform + operation service,https://www2.tonio.or.jp/e.phtml?i=31d930170bd413e5f9a25340b884ab82
石川県 の 動画 制作・YouTube運用,https://www.tscreate-office.com/,〒921-8002 石川県金沢市玉鉾３,090-1390-4940,,YouTube運用 / SNS運用支援 / YouTube運用代行 / SNS運用,https://www.tscreate-office.com/ | https://www.tscreate-office.com/solution.html | https://www.tscreate-office.com/profile.html | https://www.tscreate-office.com/contact/contact.html
CONCEPT,https://movie-mobile.jp/concept/,〒920-0058 石川県金沢市示野中町2,076-232-5442,,SNS運用,https://movie-mobile.jp/concept/ | https://movie-mobile.jp/service/ | https://movie-mobile.jp/about-us/ | https://movie-mobile.jp/contact/
Webサイト運用戦略コンサルティング,https://altocolumn.com/works/workscat/web%E3%82%B5%E3%82%A4%E3%83%88%E9%81%8B%E7%94%A8%E6%88%A6%E7%95%A5%E3%82%B3%E3%83%B3%E3%82%B5%E3%83%AB%E3%83%86%E3%82%A3%E3%83%B3%E3%82%B0/,〒921-8005 石川県金沢市間明町1,076-255-3152,,SNS運用 / SNS広告運用,https://altocolumn.com/works/workscat/web%E3%82%B5%E3%82%A4%E3%83%88%E9%81%8B%E7%94%A8%E6%88%A6%E7%95%A5%E3%82%B3%E3%83%B3%E3%82%B5%E3%83%AB%E3%83%86%E3%82%A3%E3%83%B3%E3%82%B0/ | https://altocolumn.com/about/ | https://altocolumn.com/service/ | https://altocolumn.com/contact/
マーケティング重視か。目的に応じて WEB 制作 会社 を選定しよう！,https://kanazawa-homepage.jp/column/column-367/,〒920-0852 石川県金沢市此花町5,050-6883-9715,,SNSマーケティング,https://kanazawa-homepage.jp/column/column-367/ | https://kanazawa-homepage.jp/service/ | https://kanazawa-homepage.jp/contact/ | https://kanazawa-homepage.jp/web%E3%82%B5%E3%83%BC%E3%83%93%E3%82%B9/
PR ワイヤー,https://corp.kyodo-d.jp/service/solution/prwire/?rid=202211079337,〒105-7201 東京都港区東新橋1,03-6252-6401,,SNS platform + operation service,https://corp.kyodo-d.jp/service/solution/prwire/?rid=202211079337 | https://corp.kyodo-d.jp/service/ | https://corp.kyodo-d.jp/profile/ | https://corp.kyodo-d.jp/inquiry/
福井 初！HP制作・デジタル マーケティング のためのIT展示会,https://www.machidukuri.fukui.jp/news/3044/,〒910-0006 福井県福井市中央1,0776-30-0606,,SNS platform + operation service,https://www.machidukuri.fukui.jp/news/3044/ | https://www.machidukuri.fukui.jp/contact/ | https://www.machidukuri.fukui.jp/company/
ABOUT,https://vivid-creation.com/about/,〒916-0111 福井県丹生郡越前町小倉第７,,,SNS platform + operation service,https://vivid-creation.com/about/ | https://vivid-creation.com/servise/ | https://vivid-creation.com/contact/
マーケティング ・プロモーション支援,https://sf.vss.co.jp/service/promotion/,〒910-0121 福井県 福井市 定正町8,0776-56-3658,,SNS platform + operation service,https://sf.vss.co.jp/service/promotion/ | https://sf.vss.co.jp/service/ | https://sf.vss.co.jp/contact/ | https://sf.vss.co.jp/service/homepage/
石川県 情報システム工業会主催セミナー 「売上拡大・集客倍増の ...,https://www.smmj.jp/%E7%9F%B3%E5%B7%9D%E7%9C%8C%E3%80%81%E7%9F%B3%E5%B7%9D%E7%9C%8C%E6%83%85%E5%A0%B1%E3%82%B7%E3%82%B9%E3%83%86%E3%83%A0%E5%B7%A5%E6%A5%AD%E4%BC%9A%E4%B8%BB%E5%82%AC%E3%82%BB%E3%83%9F%E3%83%8A%E3%83%BC/,〒103-0027 東京都中央区日本橋１,,,SNSマーケティング / インスタグラム運用代行 / TikTok運用代行 / YouTube運用代行 / SNS運用,https://www.smmj.jp/%E7%9F%B3%E5%B7%9D%E7%9C%8C%E3%80%81%E7%9F%B3%E5%B7%9D%E7%9C%8C%E6%83%85%E5%A0%B1%E3%82%B7%E3%82%B9%E3%83%86%E3%83%A0%E5%B7%A5%E6%A5%AD%E4%BC%9A%E4%B8%BB%E5%82%AC%E3%82%BB%E3%83%9F%E3%83%8A%E3%83%BC/ | https://www.smmj.jp/%E5%BD%93%E7%A4%BE%E3%81%AE%E7%89%B9%E5%BE%B4/ | https://www.smmj.jp/sns%E5%86%85%E8%A3%BD%E5%8C%96%E6%94%AF%E6%8F%B4%E3%82%B5%E3%83%BC%E3%83%93%E3%82%B9/ | https://www.smmj.jp/vseo%E3%82%B5%E3%83%BC%E3%83%93%E3%82%B9/
会社 概要,https://big-mac.co.jp/company/data/,〒105-0001 東京都港区虎ノ門4,04-4-102,,SNS運用 / Instagram広告運用 / SNSマーケティング / Instagram運用代行 / TikTok運用代行,https://big-mac.co.jp/company/data/ | https://big-mac.co.jp/company/ | https://big-mac.co.jp/company/message/ | https://big-mac.co.jp/company/vision/
運営 会社 「TONOSAMA」について,https://fun-more.net/about-us,〒918-8004 福井県福井市西木田2,,,SNS platform + operation service,https://fun-more.net/about-us | https://fun-more.net/company | https://fun-more.net/about | https://fun-more.net/company/search
西村 星彌,https://www.sindan-fukui.jp/member/detail.php?id=99,〒910-0296 福井県坂井市丸岡町熊堂第3,0776-68-0170,,SNS運用支援 / SNSマーケティング,https://www.sindan-fukui.jp/member/detail.php?id=99 | https://www.sindan-fukui.jp/contact/ | https://www.sindan-fukui.jp/about/ | https://www.sindan-fukui.jp/contact/?r=1
ファン育成プラットフォーム「FANSHIP」が 福井 県民生活協同組合 ...,https://iridge.jp/news/202112/30535/,〒106-0041 東京都港区麻布台1,03-6441-2325,,SNS platform + operation service,https://iridge.jp/news/202112/30535/ | https://iridge.jp/service/ | https://iridge.jp/service/reason/ | https://iridge.jp/service/appbox/
【3.11】創業者向け SNS 活用セミナー,https://www.s-project.biz/seminar/2021-3-11,〒910-0296 福井県坂井市丸岡町熊堂3,0776-67-7416,,SNS platform + operation service,https://www.s-project.biz/seminar/2021-3-11 | https://www.s-project.biz/contact-us | https://www.s-project.biz/about-site
【 デジタル広告代理店 とは？】広告用語集,https://visipri.com/ad-dictionary/1602-Digital-Advertising-Agency.php?srsltid=AfmBOoq7MPPgMgTh7ukqTMbKqYOLZD-IPwfuII01m2IBrszAc2feLHDG,〒174-0051 東京都板橋区小豆沢2,03-3974-8220,,SNS platform + operation service,https://visipri.com/ad-dictionary/1602-Digital-Advertising-Agency.php?srsltid=AfmBOoq7MPPgMgTh7ukqTMbKqYOLZD-IPwfuII01m2IBrszAc2feLHDG | https://visipri.com/access.php | https://visipri.com/contact/contact.php | https://visipri.com/products/rollupbanner/
SERVICE,https://un-fold.biz/service/,〒918-8007 福井県福井市足羽4,0776-50-3714,,SNS platform + operation service,https://un-fold.biz/service/ | https://un-fold.biz/about/ | https://un-fold.biz/contact/
ファーストトレード株式 会社 、日本 デジタル トランス ...,https://jdxa.org/news/202202fast-trade/,〒919-0628 福井県あわら市大溝3,,,SNS platform + operation service,https://jdxa.org/news/202202fast-trade/ | https://jdxa.org/about-jdx/ | https://jdxa.org/contact/
5分でわかるUNIIDEO,https://uniideo.com/fiveuniideo/,〒153-0042 東京都目黒区青葉台1,03-6712-7958,,Instagram運用,https://uniideo.com/fiveuniideo/ | https://uniideo.com/about/message/ | https://uniideo.com/about/team/ | https://uniideo.com/about/member/
カルチャーレッスン Vol.05 第5回『 マーケティング ってなんだ？』,https://bunkanuma.jp/schedule/1190/,〒400-0032 山梨県甲府市中央1,03-6804-1917,,SNS運用支援,https://bunkanuma.jp/schedule/1190/ | https://bunkanuma.jp/about/ | https://bunkanuma.jp/access/ | https://bunkanuma.jp/company/
COMPANY,https://andmount.com/about/,〒400-0422 山梨県南アルプス市荊沢8,,,SNS platform + operation service,https://andmount.com/about/ | https://andmount.com/service/ | https://andmount.com/contact/
風間 公太,https://www.koushihaken.com/member/8500/,〒160-0023 東京都新宿区西新宿8,03-5386-3341,,SNS運用,https://www.koushihaken.com/member/8500/ | https://www.koushihaken.com/form/ | https://www.koushihaken.com/about/ | https://www.koushihaken.com/company/
事業内容 – 山梨県 甲府市 中小企業 ブランディング はメディアデコ ...,https://mediadeco.net/work/,〒400-0026 山梨県甲府市塩部3,055-253-9188,,SNS platform + operation service,https://mediadeco.net/work/ | https://mediadeco.net/aboutus/
新たな企業価値を創造する マーケティング,https://www.prart.co.jp/marketing/,〒399-0033 長野県松本市笹賀5,0263-28-8000,,SNS platform + operation service,https://www.prart.co.jp/marketing/ | https://www.prart.co.jp/service/ | https://www.prart.co.jp/about/ | https://www.prart.co.jp/company/
TXデザイン部,https://www.nagano-tabi.net/service/txdesign/,〒380-0936 長野県長野市中御所岡田町1,026-219-5271,,SNS platform + operation service,https://www.nagano-tabi.net/service/txdesign/ | https://www.nagano-tabi.net/about/ | https://www.nagano-tabi.net/about/philosophy/ | https://www.nagano-tabi.net/about/organization/
クリエイティブ ・ビジネスコンサルティング,https://atfnagano.co.jp/2022-juntop/creative-business-consulting/,〒390-1242 長野県松本市和田4,0120-806-709,,SNS platform + operation service,https://atfnagano.co.jp/2022-juntop/creative-business-consulting/ | https://atfnagano.co.jp/aboutatf/
WEB サイト制作実績,https://web-design.pascal.ne.jp/website-works/,〒385-0011 長野県佐久市猿久保8,0267-66-1991,,SNS platform + operation service,https://web-design.pascal.ne.jp/website-works/ | https://web-design.pascal.ne.jp/web-design/ | https://web-design.pascal.ne.jp/contact/ | https://web-design.pascal.ne.jp/website-works/racu-ra/
【7/24】 デジタル 化（AI×SNS活用）で 販促 力アップセミナー,https://www.mcci.jp/topics/2026/06/11/37294/,〒390-8503 長野県松本市中央1,0263-32-5355,,SNS運用,https://www.mcci.jp/topics/2026/06/11/37294/ | https://www.mcci.jp/guidance/access/ | https://www.mcci.jp/credence/ninshou/ | https://www.mcci.jp/contact/
ブランディング 事業,https://harbor88.jp/service/branding/,〒399-8304 長野県安曇野市穂高柏原1,,,SNS platform + operation service,https://harbor88.jp/service/branding/ | https://harbor88.jp/aboutus/ | https://harbor88.jp/service/ | https://harbor88.jp/service/dorne/
【デジサポ！やまなし】大学生の感性を活かしたDXソリューション ...,https://kofucci.or.jp/news/20250626/,〒400-8512 山梨県甲府市相生2,055-233-2241,,SNS運用,https://kofucci.or.jp/news/20250626/ | https://kofucci.or.jp/about/admission/ | https://kofucci.or.jp/about/contact/ | https://kofucci.or.jp/labor/internship/
お知らせInformation,https://www.sunad.co.jp/info,〒500-8822 岐阜県岐阜市今沢町1,058-266-5556,,SNS platform + operation service,https://www.sunad.co.jp/info | https://www.sunad.co.jp/contact.html | https://www.sunad.co.jp/freepaper.html | https://www.sunad.co.jp/about.html
岐阜 のデザイン 会社,https://masumiwasho.com/,〒501-0466 岐阜県本巣市下真桑1,,,SNS platform + operation service,https://masumiwasho.com/ | https://masumiwasho.com/profile/ | https://masumiwasho.com/washo_profile/ | https://masumiwasho.com/menuprice/
合同 会社 369（ミロク）,https://369labo.jp/,〒500-8842 岐阜県岐阜市金町6,090-5614-3939,,SNS platform + operation service,https://369labo.jp/
岐阜県 岐阜市）のTOPページリニューアル（分析基盤整備 ...,https://4ad.members.co.jp/case/20211013/,〒104-6037 東京都中央区晴海1,,,SNS platform + operation service,https://4ad.members.co.jp/case/20211013/ | https://4ad.members.co.jp/company/ | https://4ad.members.co.jp/service/ | https://4ad.members.co.jp/service/houseagency/
ブランディング,https://corealize.jp/feature/branding/,〒501-2554 岐阜県岐阜市溝口童子6,090-5857-9395,,SNS platform + operation service,https://corealize.jp/feature/branding/ | https://corealize.jp/contact/ | https://corealize.jp/service/ | https://corealize.jp/company/
岐阜 新聞社営業局,https://pr.gifu-np.co.jp/,〒104-0061 東京都中央区銀座8,058-264-1158,,SNS platform + operation service,https://pr.gifu-np.co.jp/ | https://pr.gifu-np.co.jp/contact/
会社 概要,https://www.jdoga.net/company/outline/,〒380-0803 長野県長野市三輪2,026-252-5540,,SNS platform + operation service,https://www.jdoga.net/company/outline/ | https://www.jdoga.net/service/ | https://www.jdoga.net/service/ai-cm/ | https://www.jdoga.net/service/live/
【TABITABI郡上】ライター兼業務アシスタント,https://glocal-mind.com/recruit/writer-operator/,〒501-4222 岐阜県郡上市八幡町島谷１,03-6427-3429,,SNS運用,https://glocal-mind.com/recruit/writer-operator/ | https://glocal-mind.com/about/ | https://glocal-mind.com/form/
SNS マーケティング セミナーのご案内,https://tajimi.or.jp/snsmarketing/,〒507-8608 岐阜県多治見市新町1,0572-25-5000,,SNSマーケティング,https://tajimi.or.jp/snsmarketing/ | https://tajimi.or.jp/aboutus/member/ | https://tajimi.or.jp/aboutus/ | https://tajimi.or.jp/category/%E5%84%AA%E5%BE%85%E3%82%B5%E3%83%BC%E3%83%93%E3%82%B9/
TV / Web 広告 運用・取扱,https://www.fuji-com.ne.jp/service/sample-service2/,〒430-0933 静岡県浜松市中区鍛冶町1,053-458-9888,,SNS platform + operation service,https://www.fuji-com.ne.jp/service/sample-service2/ | https://www.fuji-com.ne.jp/about/ | https://www.fuji-com.ne.jp/service/ | https://www.fuji-com.ne.jp/contact/
会社 概要・沿革,https://www.obora-pri.co.jp/history/,〒501-0466 岐阜県本巣市下真桑2,058-320-5123,,SNS platform + operation service,https://www.obora-pri.co.jp/history/ | https://www.obora-pri.co.jp/business/ | https://www.obora-pri.co.jp/solution/webprint/ | https://www.obora-pri.co.jp/contacts/factory/
三島支店,https://mishima.aap.co.jp/,〒419-0122 静岡県田方郡函南町上沢1,055-978-7777,,SNS platform + operation service,https://mishima.aap.co.jp/
インターネット広告,https://www.akindo2000.net/internetad/,〒430-7715 静岡県浜松市中央区板屋町1,053-459-1510,,SNS platform + operation service,https://www.akindo2000.net/internetad/ | https://www.akindo2000.net/internetad/partner-support.php | https://www.akindo2000.net/company/ | https://www.akindo2000.net/company/about.php
静岡 の ホームページ 制作・集客・SEO対策なら,https://shizuoka.kufu.co.jp/hp_shizuoka.html,〒420-0853 静岡県静岡市葵区追手町3,054-275-3330,,SNS platform + operation service,https://shizuoka.kufu.co.jp/hp_shizuoka.html | https://shizuoka.kufu.co.jp/company.html | https://shizuoka.kufu.co.jp/inquiry/index/1
営業担当が 広告 制作！？独自の提案力で信頼を勝ち取るSBS ...,https://richka.co.jp/work/sbspromotion/,〒150-0011 東京都渋谷区東3,,,SNS platform + operation service,https://richka.co.jp/work/sbspromotion/ | https://richka.co.jp/about/ | https://richka.co.jp/about/coresystem/ | https://richka.co.jp/about/message/
集客サービス,https://www.lic-mydo.com/service/,〒417-0826 静岡県富士市中里2,0120-69-5365,,SNS platform + operation service,https://www.lic-mydo.com/service/ | https://www.lic-mydo.com/service/posting_service/ | https://www.lic-mydo.com/service/posting_service/posting/ | https://www.lic-mydo.com/service/posting_service/mydo/
静岡県 のホームページ制作,https://cantik.co.jp/areas/shizuoka/,〒252-0314 神奈川県相模原市南区南台5,080-7084-3102,,SNS運用 / SNS運用代行 / SNSマーケティング,https://cantik.co.jp/areas/shizuoka/ | https://cantik.co.jp/about/ | https://cantik.co.jp/contact/ | https://cantik.co.jp/contact/?service=web
地方企業を 支援 するデジタル マーケティング会社 「サンロフト」,https://www.sunloft.co.jp/dx/,〒425-0074 静岡県焼津市柳新屋4,054-626-3366,,SNSマーケティング,https://www.sunloft.co.jp/dx/ | https://www.sunloft.co.jp/dx/about/ | https://www.sunloft.co.jp/dx/contact/ | https://www.sunloft.co.jp/dx/download/
会社 を知る – 株式 会社 あんどぷらす,https://recruit.andplus.co.jp/company/,〒420-0858 静岡県静岡市葵区伝馬町9,,,SNSマーケティング,https://recruit.andplus.co.jp/company/ | https://recruit.andplus.co.jp/recruitment-event/
JJBは貴社の魅力がグッと伝わる Web サイトを制作いたします。,https://j-j-b.com/service/web/,〒430-0811 静岡県浜松市中区名塚町1,,,SNS運用支援,https://j-j-b.com/service/web/ | https://j-j-b.com/service/ | https://j-j-b.com/service/web-consulting/
富士市新商品等 マーケティング 事業 支援 補助金,https://www.city.fuji.shizuoka.jp/1035070000/p007716.html,〒417-8601 静岡県富士市永田町1,0545-52-6783,,SNS platform + operation service,https://www.city.fuji.shizuoka.jp/1035070000/p007716.html | https://www.city.fuji.shizuoka.jp/shiseijoho/onlineservice/index.html | https://www.city.fuji.shizuoka.jp/info/p005540.html
静岡 市と「関係人口創出に関する連携協定」を締結。「転出者の ...,https://corp.synergy-marketing.co.jp/press/2025/1209143000_15262.html,〒530-0003 大阪府大阪市北区堂島1,06-4797-2300,,SNS platform + operation service,https://corp.synergy-marketing.co.jp/press/2025/1209143000_15262.html | https://corp.synergy-marketing.co.jp/aboutus | https://corp.synergy-marketing.co.jp/business | https://corp.synergy-marketing.co.jp/company
"熱海商工会議所,熱海市, 中小企業 支援, 静岡県 熱海市",http://www.atamicci.or.jp/,〒413-0014 静岡県熱海市渚町8,,,SNS platform + operation service,http://www.atamicci.or.jp/ | http://www.atamicci.or.jp/about-atami-cci/inquiry/ | http://www.atamicci.or.jp/about-atami-cci/ | http://www.atamicci.or.jp/about-atami-cci/about-cci/
Web マーケティング支援 （HubSpot）,https://www.arkw.co.jp/web/services/marketing.html,〒460-0012 愛知県名古屋市中区千代田二丁目,052-262-1006,,SNS platform + operation service,https://www.arkw.co.jp/web/services/marketing.html | https://www.arkw.co.jp/web/about.html | https://www.arkw.co.jp/web/services/ | https://www.arkw.co.jp/web/services/cms.html
名古屋で SNS 運用代行・コンサルティングのサポートなら「合同 ...,https://www.libero-tk.com/,〒460-0002 愛知県名古屋市中区丸の内1,,,SNS運用代行 / SNS運用 / SNSマーケティング,https://www.libero-tk.com/ | https://www.libero-tk.com/company/ | https://www.libero-tk.com/service/ | https://www.libero-tk.com/contact/
ネットタレント・ インフルエンサー コース,https://www.n-visual.net/course/p_art/influencer/,〒460-0008 愛知県名古屋市中区栄5,0120-64-6006,,SNS運用,https://www.n-visual.net/course/p_art/influencer/ | https://www.n-visual.net/about/access/ | https://www.n-visual.net/about/ | https://www.n-visual.net/about/history/
お問い合わせ,https://puzzlink.jp/contact/,〒471-0034 愛知県豊田市小坂本町１,050-6865-2804,,SNS運用代行 / SNS運用,https://puzzlink.jp/contact/ | https://puzzlink.jp/service/ | https://puzzlink.jp/service/sns/ | https://puzzlink.jp/service/web/
補助金・助成金の活用,https://oa-sys.co.jp/business/special/,〒444-0204 愛知県岡崎市土井町字西番,0564-59-3988,,SNS platform + operation service,https://oa-sys.co.jp/business/special/ | https://oa-sys.co.jp/information/ | https://oa-sys.co.jp/business/ | https://oa-sys.co.jp/contact/
三井堂株式 会社,https://mitsuido.co.jp/wp/,〒491-0871 愛知県一宮市浅野白山1,0586-77-2481,,SNS platform + operation service,https://mitsuido.co.jp/wp/
会社 を知る,https://www.recruit.sansendo.co.jp/company/,〒452-0814 愛知県名古屋市西区南川町6,052-501-6100,,SNS platform + operation service,https://www.recruit.sansendo.co.jp/company/
コンテンツマーケティング支援,https://info-de.co.jp/service/contentsmarketingsupport.html,〒451-0042 愛知県名古屋市西区那古野2,050-3717-0758,,SNS platform + operation service,https://info-de.co.jp/service/contentsmarketingsupport.html | https://info-de.co.jp/service/pr_services.html | https://info-de.co.jp/About_us.html | https://info-de.co.jp/contact.html
三重県 東員町の地域プロモーションを専門人材が 支援 ！町の魅力を ...,https://www.persol-innovation.co.jp/news/2023-1120,〒107-0062 東京都港区南青山1,03-6757-4259,,SNS platform + operation service,https://www.persol-innovation.co.jp/news/2023-1120 | https://www.persol-innovation.co.jp/about-us | https://www.persol-innovation.co.jp/service | https://www.persol-innovation.co.jp/contact
製造業の会社がつくるホームページ制作,https://ad.alphace.co.jp/mfg/,〒520-0051 滋賀県大津市梅林1,077-524-2008,,SNS運用,https://ad.alphace.co.jp/mfg/
＜7/4  開催＞サービス部会 動画 マーケティング の始め方セミナー,https://moriyama-cci.or.jp/2023/05/26/douga_seminar1/,〒524-0021 滋賀県守山市吉身3,077-582-2425,,SNS platform + operation service,https://moriyama-cci.or.jp/2023/05/26/douga_seminar1/ | http://moriyama-cci.or.jp/covid-19/takeout.html | https://moriyama-cci.or.jp/category/service/ | https://moriyama-cci.or.jp/2026/08/01/kakakutenka_btoc/
印刷・製本・Web・動画・企画もできる 広告代理店,https://www.omi-in.co.jp/service/degital/,〒529-1302 滋賀県愛知郡愛荘町川原7,0749-42-8400,,SNSマーケティング / SNS広告運用 / SNS運用,https://www.omi-in.co.jp/service/degital/ | https://www.omi-in.co.jp/service/ | https://www.omi-in.co.jp/company/ | https://www.omi-in.co.jp/contact/
株式 会社 プリムス クリエイティブ,https://nagahama-koukaiki.com/creaters/prems-creative/,〒526-0057 滋賀県長浜市北船町3,0749-53-3516,,SNS platform + operation service,https://nagahama-koukaiki.com/creaters/prems-creative/ | https://nagahama-koukaiki.com/
ホームページ 作成,https://web.west-design.com/company/,〒523-0898 滋賀県近江八幡市たかかい町南1,0748-43-0155,,SNS platform + operation service,https://web.west-design.com/company/ | https://web.west-design.com/company/ | https://web.west-design.com/service/ | https://web.west-design.com/contact/
web サイト制作,https://www.aradas.net/shiga/,〒150-0002 東京都渋谷区渋谷3,06-6210-5551,,SNS platform + operation service,https://www.aradas.net/shiga/ | https://www.aradas.net/about/ | https://www.aradas.net/service/ | https://www.aradas.net/company/
会社 概要・スタッフ,https://www.starbride.jp/about/,〒520-3015 滋賀県栗東市安養寺3,090-3687-4068,,SNS広告運用,https://www.starbride.jp/about/ | https://www.starbride.jp/contact/
滋賀 ・草津のホームページ制作 15万円〜,https://www.kusana.biz/homepage-seisaku,〒525-0059 滋賀県草津市野路1,,,SNS platform + operation service,https://www.kusana.biz/homepage-seisaku | https://www.kusana.biz/
制作の流れ,https://visit-jp.net/flow,〒525-0061 滋賀県草津市下笠町3,077-509-8465,,SNS platform + operation service,https://visit-jp.net/flow | https://visit-jp.net/company | https://visit-jp.net/contact
SNS 集客 ・レセプション運営・トータルセールスプロモーション,https://shiga-create.jp/works/sns%E9%9B%86%E5%AE%A2%E3%83%BB%E3%83%AC%E3%82%BB%E3%83%97%E3%82%B7%E3%83%A7%E3%83%B3%E9%81%8B%E5%96%B6%E3%83%BB%E3%83%88%E3%83%BC%E3%82%BF%E3%83%AB%E3%82%BB%E3%83%BC%E3%83%AB%E3%82%B9%E3%83%97/,〒525-0032 滋賀県草津市大路3,077-565-0333,,SNS platform + operation service,https://shiga-create.jp/works/sns%E9%9B%86%E5%AE%A2%E3%83%BB%E3%83%AC%E3%82%BB%E3%83%97%E3%82%B7%E3%83%A7%E3%83%B3%E9%81%8B%E5%96%B6%E3%83%BB%E3%83%88%E3%83%BC%E3%82%BF%E3%83%AB%E3%82%BB%E3%83%BC%E3%83%AB%E3%82%B9%E3%83%97/ | https://shiga-create.jp/about/ | https://shiga-create.jp/service/ | https://shiga-create.jp/service/
デジタル事業-リッチコンテンツ,https://www.shiga-web.or.jp/eins/digital/richcontent.php,〒520-2573 滋賀県蒲生郡竜王町鏡2,0748-58-8101,,SNS platform + operation service,https://www.shiga-web.or.jp/eins/digital/richcontent.php | https://www.shiga-web.or.jp/eins/contact/ | https://www.shiga-web.or.jp/eins/company/ | https://www.shiga-web.or.jp/eins/company/profile.php
登録専門家検索,https://www.shigaplaza.or.jp/senmonnw/pro50/y/page/2,〒520-0806 滋賀県大津市打出浜2,077-511-1413,,SNS platform + operation service,https://www.shigaplaza.or.jp/senmonnw/pro50/y/page/2 | https://www.shigaplaza.or.jp/senmonnw/ | https://www.shigaplaza.or.jp/service/mdg/
MESSAGE,https://organa.jp/message/,〒526-0059 滋賀県長浜市元浜町8,,,SNS platform + operation service,https://organa.jp/message/ | https://organa.jp/about/ | https://organa.jp/contact/ | https://organa.jp/about/calendar.html
【AI×HP× SNS 】最新 マーケティング 実践講座,https://mie-yorozushien.go.jp/webworkshop2026/,〒514-0004 三重県津市栄町1,059-228-3326,,SNS platform + operation service,https://mie-yorozushien.go.jp/webworkshop2026/ | https://mie-yorozushien.go.jp/aboutus/ | https://mie-yorozushien.go.jp/contact/ | https://mie-yorozushien.go.jp/contact/
Web デザインコース,https://www.kyoto-kaikeihoritsu.ac.jp/course/major_web_design/,〒600-8216 京都府京都市下京区烏丸通七条下る東塩小路町7,0120-55-7431,,SNS platform + operation service,https://www.kyoto-kaikeihoritsu.ac.jp/course/major_web_design/ | https://www.kyoto-kaikeihoritsu.ac.jp/access/ | https://www.kyoto-kaikeihoritsu.ac.jp/contact/ | https://www.kyoto-kaikeihoritsu.ac.jp/about/
事業内容,https://withwhiz.co.jp/service/,〒600-8223 京都府京都市下京区七条通油小路東入 大黒町2,,,SNS platform + operation service,https://withwhiz.co.jp/service/ | https://withwhiz.co.jp/about/ | https://withwhiz.co.jp/contact/ | https://withwhiz.co.jp/contact/
山内 孝典,https://kyotoyorozu.go.jp/coordinator/yamauchi,〒600-8813 京都府京都市下京区中堂寺南町1,075-315-1055,,SNS platform + operation service,https://kyotoyorozu.go.jp/coordinator/yamauchi | https://kyotoyorozu.go.jp/about/ | https://kyotoyorozu.go.jp/contact | https://kyotoyorozu.go.jp/contact?coordinator_name=%E5%B1%B1%E5%86%85%20%E5%AD%9D%E5%85%B8
メディア,https://vonten.jp/feature/media/,〒625-0080 京都府舞鶴市北吸１,080-7258-6022,,SNS platform + operation service,https://vonten.jp/feature/media/ | https://vonten.jp/contact/ | https://vonten.jp/about/ | https://vonten.jp/service/
私たちについて,https://dock.boats/about/,〒600-8846 京都府京都市下京区朱雀宝蔵町4,,,SNS platform + operation service,https://dock.boats/about/ | https://dock.boats/service/ | https://dock.boats/contact/
ABOUT – 京都 編集・企画・制作・ 動画 チキスクリプト,https://tikiscript.jp/about/,〒603-8165 京都府京都市北区紫野西御所田町1,,,SNSマーケティング,https://tikiscript.jp/about/ | https://tikiscript.jp/service/ | https://tikiscript.jp/contact/ | https://tikiscript.jp/contact/
京都 の 広告 なら株式 会社 案,https://an1976.jp/,〒606-0089 京都府京都市左京区上高野上畑町６,075-925-9603,,SNS platform + operation service,https://an1976.jp/ | https://an1976.jp/access/ | https://an1976.jp/contact/
広告代理店 ・制作会社の皆様へ,https://web.cordial.osaka/partner/,〒550-0002 大阪府大阪市西区江戸堀1,06-6449-1200,,SNS platform + operation service,https://web.cordial.osaka/partner/ | https://web.cordial.osaka/contact/ | https://web.cordial.osaka/about/ | https://web.cordial.osaka/service/
デザインの戦略的な活用,https://www.kptc.jp/gijutsushien/des/,〒600-8813 京都府京都市下京区中堂寺南町1,0773-43-4340,,SNS platform + operation service,https://www.kptc.jp/gijutsushien/des/ | https://www.kptc.jp/p_chutan/chutan_access/ | https://www.kptc.jp/p_keihanna/keihanna_access/ | https://www.kptc.jp/p_centernogaiyou/contact/
SNSマーケティング,https://hhms.co.jp/projects/cat/communication-strategy/sns-marketing/,〒108-0014 東京都港区芝4,06-6373-6801,,SNSマーケティング / SNS運用,https://hhms.co.jp/projects/cat/communication-strategy/sns-marketing/ | https://hhms.co.jp/about/ | https://hhms.co.jp/solutions/ | https://hhms.co.jp/contact/
WEB 制作,https://www.kocci.or.jp/market/creatorclub/creatorclub_search/category/30227/,〒573-1159 大阪府枚方市車塚1,072-843-5151,,SNS運用,https://www.kocci.or.jp/market/creatorclub/creatorclub_search/category/30227/ | https://www.kocci.or.jp/aboutus/ | https://www.kocci.or.jp/aboutus/joinmerit/ | https://www.kocci.or.jp/aboutus/branch/
大阪 で医院開業・開業後のサポート実績豊富なミツワ 広告 株式会社,https://www.ad-mitsuwa.com/company/,〒541-0046 大阪府大阪市中央区平野町2,06-6484-7448,,SNS platform + operation service,https://www.ad-mitsuwa.com/company/ | https://www.ad-mitsuwa.com/contact/ | https://www.ad-mitsuwa.com//contact/
デジタル サイネージ導入事例 株式会社実業 広告 社様,https://digisign.jp/example/8494/,〒920-0024 石川県金沢市西念1,0800-123-4138,,SNS platform + operation service,https://digisign.jp/example/8494/ | https://digisign.jp/about/ | https://digisign.jp/contact/ | https://digisign.jp/company/
歯科 マーケティング ・歯科 ホームページ 制作,https://oneupcreativejp.com/,〒543-0001 大阪府大阪市天王寺区上本町6,00-01-2798,,SNS platform + operation service,https://oneupcreativejp.com/ | https://oneupcreativejp.com/contact/
大阪 のホームページ制作 会社 ・ Web サイト制作 会社,https://gitag.co.jp/?srsltid=AfmBOopcDpF9_2ZsujH0wzJmBU0KdF5D5cxPtuJWqsiLIOD_rBk9jEJZ,〒532-0011 大阪府大阪市淀川区西中島3,06-6195-7565,,SNS platform + operation service,https://gitag.co.jp/?srsltid=AfmBOopcDpF9_2ZsujH0wzJmBU0KdF5D5cxPtuJWqsiLIOD_rBk9jEJZ | https://gitag.co.jp/about/ | https://gitag.co.jp/contact/ | https://gitag.co.jp/hp_renewal/
「デザイン+成果」重視の 動画 制作 大阪,https://www.ann-video.com/,〒563-0025 大阪府池田市城南1,050-8880-0315,,SNS platform + operation service,https://www.ann-video.com/ | https://www.ann-video.com/service.html | https://www.ann-video.com/company.html | https://www.ann-video.com/form.php?pid=2
コンテンツマーケティング支援,https://lead-x.co.jp/contents-maketing/,〒531-0072 大阪府大阪市北区豊崎3,06-4400-1310,,Instagram運用代行,https://lead-x.co.jp/contents-maketing/ | https://lead-x.co.jp/service/ | https://lead-x.co.jp/company/ | https://lead-x.co.jp/seo/
フューチャーショップ、 LINE 連携 CRM ツール「LIneON」との連携 ...,https://www.future-shop.jp/news/2025/10/02.html,〒107-0061 東京都港区北青山二丁目,050-1809-1763,,SNSマーケティング / SNS運用支援 / SNS運用,https://www.future-shop.jp/news/2025/10/02.html | https://www.future-shop.jp/tieup/ | https://www.future-shop.jp/company/ | https://www.future-shop.jp/constitution/constitution_2024-07-31.html
Web集客 ・SEO,https://transform-d.com/blog/seo/,〒583-0864 大阪府羽曳野市羽曳が丘3,072-978-8772,,SNS platform + operation service,https://transform-d.com/blog/seo/ | https://transform-d.com/about/ | https://transform-d.com/contact-form-page/ | https://transform-d.com/
動画 制作,https://core-cloud-service.com/video/,〒541-0051 大阪府大阪市中央区備後町2,06-6809-2329,,SNS platform + operation service,https://core-cloud-service.com/video/ | https://core-cloud-service.com/ | https://core-cloud-service.com/information/ | https://core-cloud-service.com/philosophy/
会社 概要,https://yuhkinoine.com/company/,〒564-0044 大阪府吹田市南金田2,,,SNS運用,https://yuhkinoine.com/company/ | https://yuhkinoine.com/business/ | https://yuhkinoine.com/inquiry/
認定職業訓練校として認定されました！,https://otona-in.com/%E8%AA%8D%E5%AE%9A%E8%81%B7%E6%A5%AD%E8%A8%93%E7%B7%B4%E6%A0%A1%E3%81%A8%E3%81%97%E3%81%A6%E8%AA%8D%E5%AE%9A%E3%81%95%E3%82%8C%E3%81%BE%E3%81%97%E3%81%9F%EF%BC%81/,〒561-0802 大阪府豊中市曽根東町5,06-6333-0299,,SNSマーケティング,https://otona-in.com/%E8%AA%8D%E5%AE%9A%E8%81%B7%E6%A5%AD%E8%A8%93%E7%B7%B4%E6%A0%A1%E3%81%A8%E3%81%97%E3%81%A6%E8%AA%8D%E5%AE%9A%E3%81%95%E3%82%8C%E3%81%BE%E3%81%97%E3%81%9F%EF%BC%81/ | https://otona-in.com/about/ | https://otona-in.com/contact/
会社 案内 – プロモーションビデオ 映像 CM 制作 会社 大阪 ビデオ ...,http://www.videocreate.co.jp/company/,〒559-0001 大阪府大阪市住之江区粉浜1,06-6115-6759,,SNS platform + operation service,http://www.videocreate.co.jp/company/ | http://www.videocreate.co.jp/category/service/ | http://www.videocreate.co.jp/service/reasonable-movie/ | http://www.videocreate.co.jp/service/promotion/
Contact,https://value-planning.co.jp/contact/,〒532-0011 大阪府大阪市淀川区西中島３,06-6734-3888,,SNSマーケティング / TikTok運用代行,https://value-planning.co.jp/contact/ | https://value-planning.co.jp/service/ | https://value-planning.co.jp/company/
クールジャパン・プロデューサー : 知的財産戦略推進事務局,https://www.cao.go.jp/cool_japan/cjproducer/cjproducer.html,〒100-8914 東京都千代田区永田町1,03-5253-2111,,SNS platform + operation service,https://www.cao.go.jp/cool_japan/cjproducer/cjproducer.html
「 広告 運用代行だけでなく 広告 知識も深まる」。 神戸新聞が語る ...,https://marketing.petabit.co.jp/blog/1245/,〒102-0071 東京都千代田区富士見２,078-231-5677,,SNS platform + operation service,https://marketing.petabit.co.jp/blog/1245/ | https://marketing.petabit.co.jp/service/ | https://marketing.petabit.co.jp/about/ | https://marketing.petabit.co.jp/contact/
大阪 の経営改善計画策定支援 企業 であるPlow株式 会社 の 会社 概要,https://pl-ow.com/company/,〒547-0004 大阪府大阪市平野区加美鞍作3,,,SNS platform + operation service,https://pl-ow.com/company/ | https://pl-ow.com/contact/
Web サイト制作サービス,https://stacker.co.jp/web-design-service/,〒651-0082 兵庫県神戸市中央区小野浜町 1,078-332-1318,,SNS platform + operation service,https://stacker.co.jp/web-design-service/ | https://stacker.co.jp/shopify/
神戸を拠点にWEB広告や SNS 広告運用などのWEB マーケティング 支援,https://s-suite.kobenp-printing.co.jp/company/,〒650-0044 兵庫県神戸市中央区東川崎町1,078-362-7180,,SNS広告運用 / SNS運用支援,https://s-suite.kobenp-printing.co.jp/company/ | https://s-suite.kobenp-printing.co.jp/service | https://s-suite.kobenp-printing.co.jp/company | https://s-suite.kobenp-printing.co.jp/contact
株式 会社 イットデザイン,https://www.i-todesign.com/about/,〒677-0121 兵庫県多可郡多可町八千代区中野間2,0795-38-7322,,SNS platform + operation service,https://www.i-todesign.com/about/ | https://www.i-todesign.com/profile/ | https://www.i-todesign.com/contact/ | https://www.i-todesign.com/company/
会社 情報 – 神戸でホームページ制作・ Web集客 ならグッドラフ,https://goodlaugh.co.jp/about/,〒651-0087 兵庫県神戸市中央区御幸通２,,,SNS platform + operation service,https://goodlaugh.co.jp/about/ | https://goodlaugh.co.jp/contact/ | https://goodlaugh.co.jp/contact/ | https://goodlaugh.co.jp/access/
限られた予算で最大の成果を生み出すために,https://www.hyogo.doyu.jp/blog/post/202512020800/,〒650-0042 兵庫県神戸市中央区波止場町6,078-351-5661,,SNS platform + operation service,https://www.hyogo.doyu.jp/blog/post/202512020800/ | https://www.hyogo.doyu.jp/about/ | https://www.hyogo.doyu.jp/contact/ | https://www.hyogo.doyu.jp/about/organization/
Service,https://www.shinkoukikaku.com/service/,〒650-0044 兵庫県神戸市中央区東川崎町1,078-360-6336,,SNS platform + operation service,https://www.shinkoukikaku.com/service/ | https://www.shinkoukikaku.com/company/ | https://www.shinkoukikaku.com/contact/
キールの WEB サイト制作支援,https://keel-web.com/website/,〒650-0024 兵庫県神戸市中央区海岸通2,078-381-7035,,SNS platform + operation service,https://keel-web.com/website/ | https://keel-web.com/about/ | https://keel-web.com/about/core_purpose/ | https://keel-web.com/about/core_value/
シナジー マーケティング と「オフィシャルパートナー」契約を締結,https://www.totteikobe.jp/news/article/541,〒650-0041 兵庫県神戸市中央区新港町2,,,SNS platform + operation service,https://www.totteikobe.jp/news/article/541 | https://www.totteikobe.jp/about_tottei | https://www.totteikobe.jp/about_gilionarenakobe | https://www.totteikobe.jp/about_totteipark
株式 会社 Woomy インフルエンサー に携わるすべてのサービスを提供,https://corporate.woomy.me/,〒651-0085 兵庫県神戸市中央区八幡通３,078-414-8287,,SNS platform + operation service,https://corporate.woomy.me/ | https://corporate.woomy.me/tokushoho/
チームIT神戸,https://www.it-kobe.org/,〒658-0032 兵庫県神戸市東灘区向洋町中6,078-241-1230,,SNS platform + operation service,https://www.it-kobe.org/ | https://www.it-kobe.org/about | https://www.it-kobe.org/company | https://www.it-kobe.org/otoiawase
広告代理店 向けサービス,https://impact-h.co.jp/service/advertising-agency,〒107-6023 東京都港区赤坂1,03-5464-8321,,SNS platform + operation service,https://impact-h.co.jp/service/advertising-agency | https://impact-h.co.jp/contact/ | https://impact-h.co.jp/company/ | https://impact-h.co.jp/company/reason/
会社情報,https://aceagent.co.jp/company/,〒635-0092 奈良県大和高田市大中南町6,050-1791-0659,,SNS platform + operation service,https://aceagent.co.jp/company/
お店の Web集客 なら ブランディング ワークス,https://bookriver.jp/news/branding-works/,〒443-2752 東京都品川区東五反田1,050-5443-2752,,SNS platform + operation service,https://bookriver.jp/news/branding-works/ | https://bookriver.jp/kaisya/
お問い合わせ,https://www.conmark.jp/contact,〒103-0007 東京都中央区日本橋浜町1,,,SNS広告運用 / SNS運用,https://www.conmark.jp/contact | https://www.conmark.jp/service | https://www.conmark.jp/company
会員紹介,https://www.shindan-hg.com/member,〒662-0841 兵庫県西宮市両度町3,080-6130-6096,,SNS platform + operation service,https://www.shindan-hg.com/member | https://www.shindan-hg.com/
コンテンツマーケティング支援,https://ixis.ai/team/contents/,〒739-0016 広島県東広島市西条岡町2,082-430-7208,,SNS platform + operation service,https://ixis.ai/team/contents/ | https://ixis.ai/contact/ | https://ixis.ai/ | https://ixis.ai/service/
コンサルに無料相談,https://www.zenken-marketingdx.com/consultation/,〒106-0041 東京都港区麻布台 1,,,SNS platform + operation service,https://www.zenken-marketingdx.com/consultation/ | https://www.zenken-marketingdx.com/service/
クリエイティブ,https://risecreation.jp/recruit/job/creative/,〒630-8216 奈良県奈良市東向南町2,0742-81-9671,,SNS platform + operation service,https://risecreation.jp/recruit/job/creative/ | https://risecreation.jp/company/ | https://risecreation.jp/company/message/ | https://risecreation.jp/company/officers/
SNS採用 運用代行,https://hypex.jp/solution/sns,〒150-0043 東京都渋谷区道玄坂1,,,SNS運用代行,https://hypex.jp/solution/sns | https://hypex.jp/solution/corporatesite | https://hypex.jp/solution | https://hypex.jp/company
企業CM・広報 動画 制作に関する内容,https://company-croco.com/service-category/service-cm/,〒657-0054 兵庫県神戸市灘区稗原町2,,,SNS platform + operation service,https://company-croco.com/service-category/service-cm/ | https://company-croco.com/ | https://company-croco.com/company-profile/ | https://company-croco.com/news/
採用 コンテンツ制作 支援 サービス,https://stll.me/recruitment,〒150-0001 東京都渋谷区神宮前6,,,SNS運用 / YouTube運用 / SNS運用代行,https://stll.me/recruitment | https://stll.me/company | https://stll.me/about | https://stll.me/service
ホームページ活用で売上アップ,http://www.odec-wakayama.com/web/,〒649-0314 和歌山県有田市野4,0737-82-3335,,SNS platform + operation service,http://www.odec-wakayama.com/web/ | http://www.odec-wakayama.com/contact/ | http://www.odec-wakayama.com/profile.html
コラム,https://subacon.co.jp/column/,〒648-0096 和歌山県橋本市御幸辻5,0736-25-5540,,SNS platform + operation service,https://subacon.co.jp/column/ | https://subacon.co.jp/service/ | https://subacon.co.jp/company/ | https://subacon.co.jp/contact/
Uターン 支援 へ協業 和歌山 新報社とシナジーマーケティング,https://wakayamashimpo.co.jp/2026/07/20260730_139012.html,〒640-8043 和歌山県和歌山市福町4,073-433-6112,,SNS platform + operation service,https://wakayamashimpo.co.jp/2026/07/20260730_139012.html | https://wakayamashimpo.co.jp/profile
「売上に繋がる」Instgagram マーケティング 虎の巻 即実践できる ...,https://nextrend.tokyo/%E3%80%8C%E5%A3%B2%E4%B8%8A%E3%81%AB%E7%B9%8B%E3%81%8C%E3%82%8B%E3%80%8Dinstgagram%E3%83%9E%E3%83%BC%E3%82%B1%E3%83%86%E3%82%A3%E3%83%B3%E3%82%B0%E8%99%8E%E3%81%AE%E5%B7%BB%E3%80%80%E5%8D%B3%E5%AE%9F/,〒150-0002 東京都渋谷区渋谷2,03-6450-5750,,SNSマーケティング / SNS広告運用 / SNS運用,https://nextrend.tokyo/%E3%80%8C%E5%A3%B2%E4%B8%8A%E3%81%AB%E7%B9%8B%E3%81%8C%E3%82%8B%E3%80%8Dinstgagram%E3%83%9E%E3%83%BC%E3%82%B1%E3%83%86%E3%82%A3%E3%83%B3%E3%82%B0%E8%99%8E%E3%81%AE%E5%B7%BB%E3%80%80%E5%8D%B3%E5%AE%9F/ | https://nextrend.tokyo/service/ | https://nextrend.tokyo/company/ | https://nextrend.tokyo/access/
地域ブランド×DX ― デジタル 技術を活用して顧客 ...,https://www.mitemo.co.jp/column/localproduce/tourism-development/tourism-area-development/5664/,〒116-0013 東京都荒川区西日暮里4,,,SNS platform + operation service,https://www.mitemo.co.jp/column/localproduce/tourism-development/tourism-area-development/5664/ | https://www.mitemo.co.jp/about/ | https://www.mitemo.co.jp/service-localproduce/ | https://www.mitemo.co.jp/service-dynamics-design/
WEB ディレクター,https://www.clarenet-wakayama.com/rec/page-172/,〒646-0001 和歌山県田辺市上秋津4,0739-33-9811,,SNS platform + operation service,https://www.clarenet-wakayama.com/rec/page-172/ | https://www.clarenet-wakayama.com/%E3%82%A2%E3%82%AF%E3%82%BB%E3%82%B9/ | https://www.clarenet-wakayama.com/inquiry_toiawase/
インターネット 広告,https://www.rascasse.jp/listing.html,〒646-0033 和歌山県田辺市新屋敷町7,0739-81-3777,,SNS platform + operation service,https://www.rascasse.jp/listing.html | https://www.rascasse.jp/office.html | https://www.rascasse.jp/contact.html
転出者と「ふるさと」をつなぐ地域ファンメディア「FAVTOWN」が ...,https://www.gdx.or.jp/xyz/business/favtown.html,〒530-0003 大阪府大阪市北区堂島1,03-6683-0106,,SNS運用代行,https://www.gdx.or.jp/xyz/business/favtown.html | https://www.gdx.or.jp/xyz/contact/ | https://www.gdx.or.jp/xyz/about/
会社 概要,https://www.it-hojyo.com/about-us/,〒646-0001 和歌山県田辺市上秋津4,06-4792-8281,,SNS platform + operation service,https://www.it-hojyo.com/about-us/ | https://www.it-hojyo.com/contact-us/
LINEマーケティング ツールなら実績豊富なクウゼン（KUZEN）,https://kuzen.io/blogs/tag-crm,〒160-0023 東京都新宿区西新宿６,,,LINE公式アカウント運用,https://kuzen.io/blogs/tag-crm | https://kuzen.io/education-lp | https://kuzen.io/inquiry?inquiry_header_click | https://kuzen.io/company
田辺市で映像制作を依頼するなら,https://www.e-motion-entertainment.com/%E6%98%A0%E5%83%8F%E5%88%B6%E4%BD%9C,〒646-0011 和歌山県西牟婁郡白浜町2,050-6881-0067,,YouTube運用代行,https://www.e-motion-entertainment.com/%E6%98%A0%E5%83%8F%E5%88%B6%E4%BD%9C | https://www.e-motion-entertainment.com/%E4%BC%9A%E7%A4%BE%E6%A6%82%E8%A6%81 | https://www.e-motion-entertainment.com/%E3%81%8A%E5%95%8F%E3%81%84%E5%90%88%E3%82%8F%E3%81%9B
デジタル マーケティング サポートのご相談,https://kwave-inc.co.jp/contact/digital-marketing-support,〒108-0073 東京都港区三田1,,,SNS platform + operation service,https://kwave-inc.co.jp/contact/digital-marketing-support | https://kwave-inc.co.jp/company | https://kwave-inc.co.jp/services/business-design-support | https://kwave-inc.co.jp/contact
鳥取県 「県内企業人材確保力アップセミナー」 SNS 活用研修 ...,https://tottori-step.jp/step.cgi?acc=detail&no=1464934267&t=1292249216,〒680-8570 鳥取県鳥取市東町1,0857-26-6671,,SNS platform + operation service,https://tottori-step.jp/step.cgi?acc=detail&no=1464934267&t=1292249216 | https://tottori-step.jp/mail/ | https://tottori-step.jp/?id=7 | https://tottori-step.jp/?id=6
鳥取 海外販路開拓ー SNS ・運用型広告配信及び分析,https://www.communa-td.net/contents/2126,〒980-0811 宮城県仙台市青葉区一番,022-398-5395,,SNS広告運用 / SNS運用,https://www.communa-td.net/contents/2126 | https://www.communa-td.net/about | https://www.communa-td.net/access | https://www.communa-td.net/contact
株式 会社 COME TREES代表取締役 二木春香 講演実績,https://cometrees.jp/archives/5633,〒104-0061 東京都中央区銀座1,050-3187-3985,,SNSマーケティング,https://cometrees.jp/archives/5633 | https://cometrees.jp/contact | https://cometrees.jp/service | https://cometrees.jp/profile
デジタル マーケティング・集客専門,https://nashuka.com/about/,〒683-0853 鳥取県米子市両三柳4,050-6862-7712,,SNS platform + operation service,https://nashuka.com/about/ | https://nashuka.com/what-we-do/
地域課題の解決を目指す 「地域デザインファクトリー」 2025第1弾 ...,https://c-m.co.jp/information/thinc-growth/2406/,〒105-0021 東京都港区東新橋2,03-5308-1145,,SNS platform + operation service,https://c-m.co.jp/information/thinc-growth/2406/ | https://c-m.co.jp/service/ | https://c-m.co.jp/about/ | https://c-m.co.jp/contact/
SERVICE – Workplays,https://workplays.jp/service/,〒680-0001 鳥取県鳥取市浜坂1,,,SNS platform + operation service,https://workplays.jp/service/ | https://workplays.jp/service/ | https://workplays.jp/company/ | https://workplays.jp/contact/
全国対応いたします！,https://jp.attlabo.com/,〒104-0061 東京都中央区銀座7,03-5776-2490,,SNS platform + operation service,https://jp.attlabo.com/ | https://jp.attlabo.com/contact/
(有)アドセンターパル 代表取締役 中井史生氏（ 鳥取 ）,https://mgz.doyu.jp/hiraku/2022/1221/221221-172533,〒101-0032 東京都千代田区岩本町3,0857-30-1580,,SNS platform + operation service,https://mgz.doyu.jp/hiraku/2022/1221/221221-172533 | https://mgz.doyu.jp/industry/service | https://mgz.doyu.jp/about
動画 制作,https://www.merit-inc.co/douga-seisaku/,〒690-0012 島根県松江市古志原5,0852-23-2230,,SNS platform + operation service,https://www.merit-inc.co/douga-seisaku/ | https://www.merit-inc.co/company/ | https://www.merit-inc.co/contact/ | https://www.merit-inc.co/employment/
東京印刷株式 会社 と株式 会社 エッグ業務連携協定締結のお知らせ,https://egg.co.jp/news/news_20260212.html?20260212,〒683-0812 鳥取県米子市角盤町1,0859-29-2311,,SNS platform + operation service,https://egg.co.jp/news/news_20260212.html?20260212 | https://egg.co.jp/ | https://egg.co.jp/company/ | https://egg.co.jp/contact/
補助金・助成金,https://tottori-cci.or.jp/subsidies-grants/,〒680-8566 鳥取県鳥取市本町3,0857-26-6666,,SNS platform + operation service,https://tottori-cci.or.jp/subsidies-grants/ | https://tottori-cci.or.jp/contact/ | https://tottori-cci.or.jp/management-support/ | https://tottori-cci.or.jp/about/
会社案内,https://www.pc-egg.com/company,〒690-0816 島根県松江市北陵町5,0852-60-5187,,SNS platform + operation service,https://www.pc-egg.com/company | https://www.pc-egg.com/services/saas/smaevi | https://www.pc-egg.com/services/saas/smaguard | https://www.pc-egg.com/services/saas/telne_crm
フジキコーポレーション株式 会社 様,https://pro-shimane.jp/case/c001/,〒690-0816 島根県松江市北陵町１,0852-60-5104,,SNS運用 / SNSマーケティング,https://pro-shimane.jp/case/c001/ | https://pro-shimane.jp/company/ | https://pro-shimane.jp/company/about-pf/ | https://pro-shimane.jp/company/access/
インフルエンサー マーケティング のFISM、 島根県 と連携し「しまね ...,https://fisminc.com/news/%E3%82%A4%E3%83%B3%E3%83%95%E3%83%AB%E3%82%A8%E3%83%B3%E3%82%B5%E3%83%BC%E3%83%9E%E3%83%BC%E3%82%B1%E3%83%86%E3%82%A3%E3%83%B3%E3%82%B0%E3%81%AEfism%E3%80%81%E5%B3%B6%E6%A0%B9%E7%9C%8C%E3%81%A8/,〒150-0034 東京都渋谷区代官山町1,03-6455-5181,,SNS platform + operation service,https://fisminc.com/news/%E3%82%A4%E3%83%B3%E3%83%95%E3%83%AB%E3%82%A8%E3%83%B3%E3%82%B5%E3%83%BC%E3%83%9E%E3%83%BC%E3%82%B1%E3%83%86%E3%82%A3%E3%83%B3%E3%82%B0%E3%81%AEfism%E3%80%81%E5%B3%B6%E6%A0%B9%E7%9C%8C%E3%81%A8/ | https://fisminc.com/group-company/ | https://fisminc.com/about-us/ | https://fisminc.com/contact/
Work,https://brug.jp/work,〒690-0023 島根県松江市竹矢町1,0852-37-0202,,SNS platform + operation service,https://brug.jp/work | https://brug.jp/about | https://brug.jp/contact
会社 情報,https://avant-brand.co.jp/company,〒690-0845 島根県松江市西茶町4,0852-61-1125,,SNS platform + operation service,https://avant-brand.co.jp/company | https://avant-brand.co.jp/company | https://avant-brand.co.jp/contact
集客 サイト制作,https://kankyodigital-sol.jp/eds/service_site/,〒690-0816 島根県松江市北陵町1,050-1790-0163,,SNS platform + operation service,https://kankyodigital-sol.jp/eds/service_site/ | https://kankyodigital-sol.jp/eds/about/ | https://kankyodigital-sol.jp/eds/corporate_site/ | https://kankyodigital-sol.jp/eds/company/
Webマーケティング 相談会の開催,https://www.s-itoc.jp/support/digital/digital-innovation/digital-innovation-seminar/1194,〒690-0816 島根県松江市北陵町1,0852-61-2225,,SNS platform + operation service,https://www.s-itoc.jp/support/digital/digital-innovation/digital-innovation-seminar/1194 | https://www.s-itoc.jp/about_us/ | https://www.s-itoc.jp/about_us/501 | https://www.s-itoc.jp/about_us/2
company,https://omot.co.jp/company/,〒150-0034 東京都渋谷区代官山町1,03-3868-0882,,SNS platform + operation service,https://omot.co.jp/company/ | https://omot.co.jp/service/ | https://omot.co.jp/contact/ | https://omot.co.jp:443/service/
島根県 (松江 浜田 出雲)のホームページ制作が格安月額500円～,https://www.syachi9.black/service_list/shimane-hp/,〒151-0053 東京都渋谷区代々木１,0120-927-334,,SNS運用代行 / SNS運用,https://www.syachi9.black/service_list/shimane-hp/ | https://www.syachi9.black/service/ | https://www.syachi9.black/service/recruit-agency/ | https://www.syachi9.black/service/approach/
5/15『副業・兼業プロ人材活用個別相談会』開催のご案内※募集は ...,https://www.joho-shimane.or.jp/news/wanted_seminar/11573,〒690-0816 島根県松江市北陵町1,0852-60-5115,,SNSマーケティング,https://www.joho-shimane.or.jp/news/wanted_seminar/11573 | https://www.joho-shimane.or.jp/about_us/ | https://www.joho-shimane.or.jp/contact/ | https://www.joho-shimane.or.jp/sonota/
【清水妙子さん】Iターン×トレンダーズ,https://www.teiju-ohda.jp/news/reading/trenders-shimizusan,〒694-0064 島根県大田市大田町大田イ２,0854-86-8220,,SNS運用,https://www.teiju-ohda.jp/news/reading/trenders-shimizusan | https://www.teiju-ohda.jp/form/contact/ | https://www.teiju-ohda.jp/etc/terms-of-service/
支援実績紹介,https://www.itc-expert.jp/suppor-tachievement/,〒150-0002 東京都渋谷区渋谷3,,,SNSマーケティング,https://www.itc-expert.jp/suppor-tachievement/ | https://www.itc-expert.jp/contact/
株式会社第一エージェンシー 岡山 支社,https://www.optic.or.jp/navi_company/com/m/company_detail/index/1523.html,〒700-0913 岡山県岡山市北区大供2,086-223-9113,,SNS platform + operation service,https://www.optic.or.jp/navi_company/com/m/company_detail/index/1523.html | https://www.optic.or.jp/navi_company/com/m/mail_form/index/1523.html
web マーケティング,https://www.naigai-net.co.jp/digital/web_marketing.html,〒701-0221 岡山県岡山市南区藤田5,086-296-5805,,SNSマーケティング,https://www.naigai-net.co.jp/digital/web_marketing.html | https://www.naigai-net.co.jp/company/ | https://www.naigai-net.co.jp/ondemand/ | https://www.naigai-net.co.jp/company/privacy.html
合同 会社 TEGOU（テゴウ）,https://tegou-web.com/,〒709-4303 岡山県勝田郡勝央町豊久田1,080-2910-2742,,SNSマーケティング,https://tegou-web.com/
事業内容紹介,https://mediacreate.co.jp/index.php?mode=service,〒702-8038 岡山県岡山市南区松浜町3,086-261-5001,,SNS platform + operation service,https://mediacreate.co.jp/index.php?mode=service | https://mediacreate.co.jp/index.php?mode=company | https://mediacreate.co.jp/index.php?mode=contact
会社 案内,https://www.easy-juku.com/about/company/,〒700-0951 岡山県岡山市北区田中6,086-362-7391,,SNS platform + operation service,https://www.easy-juku.com/about/company/ | https://www.easy-juku.com/service/ | https://www.easy-juku.com/contact/ | https://www.easy-juku.com/about/
【受賞のお知らせ】ZUTTOが 「 コンテンツマーケティング ...,https://zutto-hiroshima.jp/news/1881/,〒720-0067 広島県福山市西町1,082-246-2468,,SNS platform + operation service,https://zutto-hiroshima.jp/news/1881/ | https://zutto-hiroshima.jp/about/ | https://zutto-hiroshima.jp/contact/ | https://zutto-hiroshima.jp/recruitment_company/
第62回 岡山 WEBクリエイターズ「Web マーケティング 最新動向」,https://www.okaweb.jp/20260418-1.html,〒700-0973 岡山県岡山市北区下中野3,,,SNS運用,https://www.okaweb.jp/20260418-1.html | https://www.okaweb.jp/about/ | https://www.okaweb.jp/inquiry/
プレスリリース,https://www.fourglobe.co.jp/news_category/press-release/,〒141-0021 東京都品川区上大崎2,03-6447-7280,,SNS運用支援,https://www.fourglobe.co.jp/news_category/press-release/ | https://www.fourglobe.co.jp/offering/ | https://www.fourglobe.co.jp/company/ | https://www.fourglobe.co.jp/contact/
会社 情報,https://o-nitty-gritty.com/company/,〒703-8267 岡山県岡山市中区山崎3,086-959-4456,,SNS platform + operation service,https://o-nitty-gritty.com/company/ | https://o-nitty-gritty.com/service/ | https://o-nitty-gritty.com/contact/ | https://o-nitty-gritty.com/works_cat/company/
【KITTE博多初】 LINEマーケティングCRM 「サブスクライン ...,https://gourmetpress.net/1131159/,〒812-0012 福岡県福岡市博多区博多駅中央街9,03-6555-4234,,SNS platform + operation service,https://gourmetpress.net/1131159/ | https://gourmetpress.net/about/ | https://gourmetpress.net/contact/
株式 会社 FW,https://fw-one.jp/,〒700-0961 岡山県岡山市北区北長瀬本町2,050-8892-8044,,SNS運用 / SNS運用代行 / TikTok運用 / SNSマーケティング,https://fw-one.jp/ | https://fw-one.jp/company/ | https://fw-one.jp/company/ | https://fw-one.jp/contact/
集客 、採用、 ブランディング につながるブログのノウハウ伝えます,https://www.gofield.co.jp/blog/blog/entry-1222.html,〒761-0443 香川県高松市川島東町2,087-840-3611,,SNS運用代行,https://www.gofield.co.jp/blog/blog/entry-1222.html | https://www.gofield.co.jp/service/ | https://www.gofield.co.jp/about/ | https://www.gofield.co.jp/contact/
プロモーション,https://film-true.com/promotion/,〒700-0816 岡山県岡山市北区富田町2,086-206-3667,,SNS platform + operation service,https://film-true.com/promotion/ | https://film-true.com/contact/ | https://film-true.com/company/
"4月, 2026",https://kumegun-sci.jp/2026/04,〒141-8924 東京都品川区西五反田2,0868-66-0033,,SNS platform + operation service,https://kumegun-sci.jp/2026/04 | https://kumegun-sci.jp/contact | https://kumegun-sci.jp/about | https://kumegun-sci.jp/about/soshiki
デジタル トランスフォーメーション推進・行財政対策特別委員会 ...,https://www.pref.hiroshima.lg.jp/site/gikai/iinkai-gaiyou-dejitaru03.html,〒730-8511 広島県広島市中区基町1,082-513-4731,,SNS platform + operation service,https://www.pref.hiroshima.lg.jp/site/gikai/iinkai-gaiyou-dejitaru03.html | https://www.pref.hiroshima.lg.jp/form/detail.php?sec_sec1=114&inq=03&lif_id=893890&check | https://www.pref.hiroshima.lg.jp/form/detail.php?sec_sec1=114&check
会社案内,https://tetsudo-ad.web-checker3.net/company/,〒722-0051 広島県尾道市東尾道1,0848-20-2202,,SNS platform + operation service,https://tetsudo-ad.web-checker3.net/company/ | https://tetsudo-ad.web-checker3.net/contact/ | https://tetsudo-ad.web-checker3.net/
PR WEAVE,https://famz.letgroup.net/sdgs/directory/prweave,〒730-0022 広島県広島市中区銀山町3,082-535-5296,,SNS platform + operation service,https://famz.letgroup.net/sdgs/directory/prweave | https://famz.letgroup.net/sdgs/contact | https://famz.letgroup.net/sdgs/single-category/c17 | https://famz.letgroup.net/sdgs/login
合同 会社 八千代に 会社 概要,https://infinitedp.ltd/about,〒720-0411 広島県福山市熊野町甲1,050-5363-2953,,SNS platform + operation service,https://infinitedp.ltd/about | https://infinitedp.ltd/service | https://infinitedp.ltd/service | https://infinitedp.ltd/contact
Web マーケティング 環境整備 支援 事業・助成金に係る伴走 支援 の ...,https://www.active-hiroshima.jp/activenews/31277/,〒730-0811 広島県広島市中区中島町3,082-247-0221,,SNS platform + operation service,https://www.active-hiroshima.jp/activenews/31277/ | https://www.active-hiroshima.jp/contact/ | https://www.active-hiroshima.jp/about/ | https://www.active-hiroshima.jp/about/?anchor-id=access
デザイン制作,https://m-hands.net/service/design/,〒730-0051 広島県広島市中区大手町１,050-3708-0206,,SNS広告運用 / Instagram広告運用 / Instagram運用代行 / SNS運用代行,https://m-hands.net/service/design/ | https://m-hands.net/contact/ | https://m-hands.net/service/ | https://m-hands.net/service/marketing/
お問い合わせ,https://mi-rai.co.jp/contact,〒730-0013 広島県広島市中区八丁堀4,082-225-6281,,SNSマーケティング,https://mi-rai.co.jp/contact | https://mi-rai.co.jp/about | https://mi-rai.co.jp/service | https://mi-rai.co.jp/about/company
広島 ホームテレビ WEB マーケティング 支援サイト テレビCMのご ...,https://www.home-tv.co.jp/home/digital-sales/,〒730-8552 広島県広島市中区白島北町1,082-221-7111,,SNS運用,https://www.home-tv.co.jp/home/digital-sales/ | https://www.home-tv.co.jp/company/company/ | https://www.home-tv.co.jp/company/policy/
ウエルストンプロモーションは 広島 のモデル・ インフルエンサー ...,https://wspinc.co.jp/about/,〒730-0051 広島県広島市中区大手町2,082-241-5811,,SNS platform + operation service,https://wspinc.co.jp/about/ | https://wspinc.co.jp/service/ | https://wspinc.co.jp/contact/
MEDIA,https://t-cre.com/marketing/,〒720-0313 広島県福山市沼隈町常石1,084-980-7330,,SNS platform + operation service,https://t-cre.com/marketing/ | https://t-cre.com/ | https://t-cre.com/contact/ | https://t-cre.com/company/
【トラストカウンター】加盟工務店舗が200件突破,https://trust-lead.com/archives/news/1211-02,〒730-0015 広島県広島市中区橋本町９,082-536-3618,,SNS運用 / SNSマーケティング / Instagram運用,https://trust-lead.com/archives/news/1211-02 | https://trust-lead.com/about | https://trust-lead.com/company | https://trust-lead.com/service
業務実績,https://www.sogo-ad.net/portfolio/,〒739-0041 広島県東広島市西条町寺家4,082-422-1828,,SNS platform + operation service,https://www.sogo-ad.net/portfolio/ | https://www.sogo-ad.net/company/ | https://www.sogo-ad.net/company/history/ | https://www.sogo-ad.net/company/about/
審査員紹介,https://setouchi-dgp.com/yamaguchi/profile.html,〒747-0013 山口県防府市沖今宿1,03-3572-5042,,SNS platform + operation service,https://setouchi-dgp.com/yamaguchi/profile.html | https://setouchi-dgp.com/yamaguchi/contact.html
山口県 の屋外 広告 ・OOHは 街のLED看板で,https://machiai-tokuyama.com/lp/ledad-service-machiai01/,〒745-0031 山口県周南市銀南街４,0834-33-9612,,SNS platform + operation service,https://machiai-tokuyama.com/lp/ledad-service-machiai01/ | https://machiai-tokuyama.com/corporate-information/ | https://machiai-tokuyama.com/communicating-the-charm-of-the-town/tokuyama-ooh/ | https://machiai-tokuyama.com/info/
事業内容,https://www.fujimoto-p.com/service.html,〒742-0023 山口県柳井市南浜3,0820-22-1337,,SNS platform + operation service,https://www.fujimoto-p.com/service.html | https://www.fujimoto-p.com/company.html | https://www.fujimoto-p.com/access.html | https://www.fujimoto-p.com/contact.html
100人インタビュー,https://hiroshima-dx.jp/100interview/,〒730-8511 広島県広島市中区基町1,082-513-3304,,SNS platform + operation service,https://hiroshima-dx.jp/100interview/ | https://hiroshima-dx.jp/pages/214/ | https://hiroshima-dx.jp/pages/194/ | https://hiroshima-dx.jp/pages/291/
山口県 で デジタル マーケティング 支援,https://www.eachvista.co.jp/faq,〒743-0063 山口県光市島田1,050-5471-3896,,SNS運用支援,https://www.eachvista.co.jp/faq | https://www.eachvista.co.jp/company | https://www.eachvista.co.jp/service | https://www.eachvista.co.jp/contact
eachvista 株式会社,https://yamaguchi-trialwork.com/company/611/,〒743-0063 山口県 光市島田1,090-8196-6424,,SNS platform + operation service,https://yamaguchi-trialwork.com/company/611/ | https://yamaguchi-trialwork.com/company/ | https://yamaguchi-trialwork.com/contact/
WEB開発・WEBサイト制作,https://www.siy.co.jp/web/,〒755-0044 山口県宇部市新町1,0836-32-2377,,SNS platform + operation service,https://www.siy.co.jp/web/ | https://www.siy.co.jp/remote-support.html | https://www.siy.co.jp/company/ | https://www.siy.co.jp/company/
会社 概要,https://703ad.jp/company/,〒753-0088 山口県山口市中河原町２,083-902-6203,,SNS platform + operation service,https://703ad.jp/company/ | https://703ad.jp/contact/
動画 制作講座@ 山口県 中小企業団体中央会,https://noukan-switch.com/post-2506/,〒742-0023 山口県柳井市南浜1,0820-25-1983,,SNS platform + operation service,https://noukan-switch.com/post-2506/ | https://noukan-switch.com/about/ | https://noukan-switch.com/page-213/ | https://noukan-switch.com/contact/
ネットワーク,https://www.saylor.co.jp/network/,〒105-0001 東京都港区虎ノ門五丁目,,,SNS platform + operation service,https://www.saylor.co.jp/network/ | https://www.saylor.co.jp/company/ | https://www.saylor.co.jp/company/message/ | https://www.saylor.co.jp/company/outline/
マーケティング,https://mm-d.jp/service/marketing/,〒771-5511 徳島県那賀郡那賀町水崎水崎原２,0884-63-0255,,SNS platform + operation service,https://mm-d.jp/service/marketing/ | https://mm-d.jp/corporate/ | https://mm-d.jp/service/creative/ | https://mm-d.jp/service/local/
協同組合 徳島ウェブ アソシエーション: TWA,https://tokushima-web-association.com/,〒770-0941 徳島県徳島市万代町5,080-8301-0455,,SNSマーケティング,https://tokushima-web-association.com/ | https://tokushima-web-association.com/about/ | https://tokushima-web-association.com/expert/
山口県 にて地域企業向け『社長の名は』から学ぶTikTok攻略 ...,https://ctow.co.jp/news/179,〒103-0023 東京都中央区日本橋本町4,,,SNS運用 / TikTok運用 / SNSマーケティング,https://ctow.co.jp/news/179 | https://ctow.co.jp/service | https://ctow.co.jp/company | https://ctow.co.jp/company/message
株式 会社 四国の右下木の会,https://mamezoudesign.com/archives/works/1944,〒779-2305 徳島県海部郡美波町奥河内字寺前1,,,SNS運用,https://mamezoudesign.com/archives/works/1944 | https://mamezoudesign.com/contact | https://mamezoudesign.com/about-us | https://mamezoudesign.com/about-us
企画室 ロイヤル・サービス,https://royal-web.co.jp/,〒770-0873 徳島県徳島市東沖洲2,088-678-8106,,SNS platform + operation service,https://royal-web.co.jp/ | https://royal-web.co.jp/index.html | https://royal-web.co.jp/contact.html | https://royal-web.co.jp/service.html
【第39回月例会】「 PR 実績43万件の高成長サービスを作った 徳島 の ...,https://tibase.jp/2023/06/20/202308/,〒770-0831 徳島県徳島市寺島本町西1,,,SNSマーケティング,https://tibase.jp/2023/06/20/202308/ | https://tibase.jp/about/ | https://tibase.jp/about/profile/ | https://tibase.jp/contact/
エリアを絞り、 地域 で勝つ,https://keisosha.co.jp/local-marketing/,〒114-0012 東京都北区田端新町1,,,SNS運用,https://keisosha.co.jp/local-marketing/ | https://keisosha.co.jp/okuzuke/ | https://keisosha.co.jp/service/ | https://keisosha.co.jp/otoiawase/
株式 会社 ウズシオ,https://uzsh.io/,〒000-0000 徳島県（住所）,,,SNS platform + operation service,https://uzsh.io/ | https://uzsh.io/about/ | https://uzsh.io/contact/ | https://uzsh.io/2025/06/28/web_corporate_joint/
徳島 いっちゃん – YUIプロダクション ライバー事務所,https://yuijp.com/talent/%F0%9F%8C%9D%E3%81%84%E3%81%8F%E3%81%93%F0%9F%AB%A1/,〒150-0043 東京都渋谷区道玄坂一丁目,,,SNS platform + operation service,https://yuijp.com/talent/%F0%9F%8C%9D%E3%81%84%E3%81%8F%E3%81%93%F0%9F%AB%A1/ | https://yuijp.com/company/ | https://yuijp.com/contactyui05/ | https://yuijp.com/company/
グラフィックデザイン学科,https://web.anabuki-college.net/department/design/graphicdesign/,〒760-0020 香川県高松市錦町1,087-823-6600,,SNS platform + operation service,https://web.anabuki-college.net/department/design/graphicdesign/ | https://web.anabuki-college.net/guide/access-map/ | https://web.anabuki-college.net/guidance/contact-pamphlet/ | https://web.anabuki-college.net/contact-service/
香川県マーケティング支援 センター,https://www.pref.kagawa.lg.jp/sangyo/hanro/yyhmzj150306192831.html,〒760-8570 香川県高松市番,087-832-3351,,SNS platform + operation service,https://www.pref.kagawa.lg.jp/sangyo/hanro/yyhmzj150306192831.html | https://www.pref.kagawa.lg.jp/kocho/koho/kohosonota/about.html | https://www.pref.kagawa.lg.jp/kocho/koho/kohosonota/accessibility.html
香川 でローコストのホームページ制作を希望なら当社にお任せ ...,https://dd.oidema-jp.com/kagawa-lowcost-website/,〒763-0095 香川県丸亀市垂水町2,,,SNS platform + operation service,https://dd.oidema-jp.com/kagawa-lowcost-website/ | https://dd.oidema-jp.com/about-us/ | https://dd.oidema-jp.com/services/ | https://dd.oidema-jp.com/area/
株式 会社 フック（高松市対応）,https://huk-creative-jam.com/service/,〒769-2322 香川県さぬき市寒川町石田西2,0879-26-9922,,SNS platform + operation service,https://huk-creative-jam.com/service/ | https://huk-creative-jam.com/about/ | https://huk-creative-jam.com/contact/ | https://huk-creative-jam.com/contact/
顧客管理・売上管理システム CTI連動可能 CRM SYSTEM,https://www.k-3u.com/item/crm_system.html,〒761-8081 香川県高松市成合町7,087-864-7901,,SNS platform + operation service,https://www.k-3u.com/item/crm_system.html | https://www.k-3u.com/index.html | https://www.k-3u.com/index.html | https://www.k-3u.com/aboutus.html
【9/26開催】サントリーホールディングスと語る『 LINE 活用×ID統合 ...,https://growthdata.co.jp/news/%E3%80%909-26%E9%96%8B%E5%82%AC%E3%80%91%E3%82%B5%E3%83%B3%E3%83%88%E3%83%AA%E3%83%BC%E3%83%9B%E3%83%BC%E3%83%AB%E3%83%87%E3%82%A3%E3%83%B3%E3%82%B0%E3%82%B9%E3%81%A8%E8%AA%9E%E3%82%8B%E3%80%8Eline/,〒135-8619 東京都江東区豊洲5,,,SNS platform + operation service,https://growthdata.co.jp/news/%E3%80%909-26%E9%96%8B%E5%82%AC%E3%80%91%E3%82%B5%E3%83%B3%E3%83%88%E3%83%AA%E3%83%BC%E3%83%9B%E3%83%BC%E3%83%AB%E3%83%87%E3%82%A3%E3%83%B3%E3%82%B0%E3%82%B9%E3%81%A8%E8%AA%9E%E3%82%8B%E3%80%8Eline/ | https://growthdata.co.jp/service/ | https://growthdata.co.jp/service/cx-jump/ | https://growthdata.co.jp/service/sales-jump/
SNS運用代行,https://kagawalab.jaybe.co.jp/sns/,〒761-8064 香川県高松市上之町2,,,SNS運用代行 / SNSマーケティング / Instagram運用 / SNS運用,https://kagawalab.jaybe.co.jp/sns/ | https://kagawalab.jaybe.co.jp/ | https://kagawalab.jaybe.co.jp/company/ | https://kagawalab.jaybe.co.jp/contact/
事業内容,https://justem.co.jp/service/,〒790-0003 愛媛県松山市三番,089-947-7888,,SNS運用,https://justem.co.jp/service/ | https://justem.co.jp/company/ | https://justem.co.jp/contact/
補助金コンサルティング,https://yoshikawakikaku.co.jp/consult/,〒769-0104 香川県高松市国分寺町新名1,087-874-7211,,SNS platform + operation service,https://yoshikawakikaku.co.jp/consult/ | https://yoshikawakikaku.co.jp/aboutus/ | https://yoshikawakikaku.co.jp/form/ | https://yoshikawakikaku.co.jp/products/
総合 広告 事業,https://ixio.ltd/work.html,〒790-0963 愛媛県松山市小坂 4,089-906-0172,,SNS platform + operation service,https://ixio.ltd/work.html | https://ixio.ltd/index.html | https://ixio.ltd/campany.html | https://ixio.ltd/contact.html
新着情報,https://www.tokushimacci.or.jp/latest_information/,〒770-8530 徳島県徳島市南末広町５,088-653-3211,,SNSマーケティング,https://www.tokushimacci.or.jp/latest_information/ | https://www.tokushimacci.or.jp/contact/ | https://www.tokushimacci.or.jp/latest_information/2026050151339/ | https://www.tokushimacci.or.jp/latest_information/2025060652283/
【オーシャンズ株式会社/礒崎 将一さん】「人の心を動かす ...,https://it-place-ehime.jp/company/interview/127,〒790-8570 愛媛県松山市一番,089-912-2505,,SNS platform + operation service,https://it-place-ehime.jp/company/interview/127 | https://it-place-ehime.jp/contact.html | https://it-place-ehime.jp/company_interview_list.html | https://it-place-ehime.jp/company/127
有限 会社クリエイティブ ・ユニット,https://unit-net.co.jp/infor/index.htm,〒791-0242 愛媛県松山市北梅本町2,089-990-8100,,SNS運用代行 / インスタ運用代行,https://unit-net.co.jp/infor/index.htm
サービス紹介,https://clear-a01.com/service,〒791-8015 愛媛県松山市中央１,089-946-5852,,SNSマーケティング / Instagram運用 / SNS運用,https://clear-a01.com/service | https://clear-a01.com/about | https://clear-a01.com/company | https://clear-a01.com/contact
Webクリエイター学科,https://mfw.mbc1946.ac.jp/webcreator/,〒790-0063 愛媛県松山市辻町1,089-925-6188,,SNS platform + operation service,https://mfw.mbc1946.ac.jp/webcreator/ | https://mfw.mbc1946.ac.jp/access/
松山市ブランドランディングサイト制作・保守管理業務委託（公募 ...,https://www.city.matsuyama.ehime.jp/shisei/denshinyusatsu/gyoumuitaku/info/r6itaku/brand_site.html,〒790-8571 愛媛県松山市二番,089-948-6705,,SNS platform + operation service,https://www.city.matsuyama.ehime.jp/shisei/denshinyusatsu/gyoumuitaku/info/r6itaku/brand_site.html | https://www.city.matsuyama.ehime.jp/aboutweb/howto/mymenu.html | https://www.city.matsuyama.ehime.jp/aboutweb/howto/howto.html | https://www.city.matsuyama.ehime.jp/shisetsu/shinos/annai.html
会社 概要,https://valusync.co.jp/company/,〒790-0001 愛媛県松山市一番,050-8895-1324,,SNSマーケティング / SNS運用,https://valusync.co.jp/company/ | https://valusync.co.jp/service/ | https://valusync.co.jp/contact/
Service,https://ibt-consulting.com/service/,〒791-8062 愛媛県 松山市住吉2,089-989-7581,,SNSマーケティング,https://ibt-consulting.com/service/ | https://ibt-consulting.com/about-us/ | https://ibt-consulting.com/contact/
愛媛 県南予エリアの中小企業 支援 を目指し、ケーブルテレビ3局と ...,https://seiyo-catv.co.jp/news/post-2427/,〒797-0015 愛媛県西予市宇和町卯之町二丁目,0894-62-7811,,SNS platform + operation service,https://seiyo-catv.co.jp/news/post-2427/ | https://seiyo-catv.co.jp/contact.php | https://seiyo-catv.co.jp/others.php | https://seiyo-catv.co.jp/company.php
Project Interview愛媛から“未来”を話そう,https://recruit.pref.ehime.jp/talk/461.html,〒790-8570 愛媛県松山市一番,089-912-2820,,SNS platform + operation service,https://recruit.pref.ehime.jp/talk/461.html | https://recruit.pref.ehime.jp/news/contact
会社 概要,https://taqvis.jp/company/,〒790-0011 愛媛県松山市千舟町五丁目,089-942-1218,,SNS platform + operation service,https://taqvis.jp/company/ | https://taqvis.jp/contact/
広告 事業様々な媒体にて効果的なプロモーションを行います,https://www.sakawa.co.jp/product2/service7,〒791-8018 愛媛県松山市問屋町6,0893-24-0771,,SNS platform + operation service,https://www.sakawa.co.jp/product2/service7 | https://www.sakawa.co.jp/company | https://www.sakawa.co.jp/company/greeting | https://www.sakawa.co.jp/company/philosophy
令和7年度企業誘致活動デジタル化推進委託業務,https://www.pref.kochi.lg.jp/doc/2025101400090/,〒780-8570 高知県高知市丸ノ内1,088-823-9693,,SNS platform + operation service,https://www.pref.kochi.lg.jp/doc/2025101400090/ | https://www.pref.kochi.lg.jp/reference/webaccessibility/ | https://www.pref.kochi.lg.jp/reference/access.html
岡本 将広おかもと まさひろ,https://yorozu-ehime.go.jp/supporter,〒799-0111 愛媛県四国中央市金生町下分7,089-960-1131,,SNS platform + operation service,https://yorozu-ehime.go.jp/supporter | https://yorozu-ehime.go.jp/about | https://yorozu-ehime.go.jp/access | https://yorozu-ehime.go.jp/about/tools
株式会社adear,https://ing.hotkochi.co.jp/company/adear-inc/,〒780-0081 高知県高知市 北川添1,088-823-5607,,SNS platform + operation service,https://ing.hotkochi.co.jp/company/adear-inc/ | https://ing.hotkochi.co.jp/company/
高知県 高知市のデザイン・ WEB 制作・写真撮影,https://www.next-enjoy.com/next-hp.html,〒780-8036 高知県高知市東城山町2,088-831-5700,,SNS platform + operation service,https://www.next-enjoy.com/next-hp.html | https://www.next-enjoy.com/next-inquiry.html | https://www.next-enjoy.com/next-about.html
お知らせ】,https://shinfield.co.jp/news/kochi-office/,〒780-0870 高知県高知市本町4,03-6276-1152,,SNS platform + operation service,https://shinfield.co.jp/news/kochi-office/ | https://shinfield.co.jp/company/ | https://shinfield.co.jp/contact/ | https://shinfield.co.jp/contact/
株式 会社 Inner Japan,https://inner-japan.com/about_company,〒794-1304 愛媛県今治市大三島町宮浦5,,,SNS運用,https://inner-japan.com/about_company | https://inner-japan.com/request | https://inner-japan.com/About | https://inner-japan.com/contacts
相談できること,https://yorozu-kochi.go.jp/consult/,〒781-5101 高知県高知市布師田3,088-846-0175,,Instagram運用,https://yorozu-kochi.go.jp/consult/ | https://yorozu-kochi.go.jp/contact/ | https://yorozu-kochi.go.jp/about/ | https://yorozu-kochi.go.jp/
NEO 福岡 応援カイギ #9,https://neotown.net/event/neo%E7%A6%8F%E5%B2%A1%E3%80%80%E5%BF%9C%E6%8F%B4%E3%82%AB%E3%82%A4%E3%82%AE%E3%80%809/,〒810-0001 福岡県福岡市中央区天神一丁目,092-600-8038,,SNS platform + operation service,https://neotown.net/event/neo%E7%A6%8F%E5%B2%A1%E3%80%80%E5%BF%9C%E6%8F%B4%E3%82%AB%E3%82%A4%E3%82%AE%E3%80%809/ | https://neotown.net/contact/ | https://neotown.net/company-introduction/
お問い合わせ,https://lo-ads.com/contact/,〒810-0001 福岡県福岡市中央区天神 1,,,SNS platform + operation service,https://lo-ads.com/contact/ | https://lo-ads.com/service/ | https://lo-ads.com/service/aio/ | https://lo-ads.com/service/llmo-media-relations/
総合デジタル マーケティング,https://www.nomad-gr.co.jp/,〒810-0801 福岡県福岡市博多区中州5,092-600-0496,,SNSマーケティング,https://www.nomad-gr.co.jp/ | https://www.nomad-gr.co.jp/about.html | https://www.nomad-gr.co.jp/service.html | https://www.nomad-gr.co.jp/contact.html
Webマーケティング 事業,https://himawari-bus.com/webmarketing/,〒820-0301 福岡県嘉麻市牛隈7,0948-57-3601,,SNS広告運用,https://himawari-bus.com/webmarketing/ | https://himawari-bus.com/access/ | https://himawari-bus.com/contact/
株式 会社 Re-Wain【公式 ホームページ 】,https://re-wain-official.com/,〒810-0014 福岡県福岡市中央区平尾2,092-260-9276,,SNS platform + operation service,https://re-wain-official.com/ | https://re-wain-official.com/about/ | https://re-wain-official.com/service1/ | https://re-wain-official.com/info/
株式 会社 FUTOIKKU クリエイティブ ディレクター 大石 侑未先生,https://stylecreate.jp/leadia-interview/article004/,〒810-0001 福岡県福岡市中央区天神1,092-753-8900,,SNS運用,https://stylecreate.jp/leadia-interview/article004/ | https://stylecreate.jp/company/ | https://stylecreate.jp/contact/ | https://stylecreate.jp/business/business_01/
株式 会社 World Scene,https://worldscene-inc.jp/,〒810-0001 福岡県福岡市中央区天神1,092-600-1523,,SNS platform + operation service,https://worldscene-inc.jp/ | https://worldscene-inc.jp/about/ | https://worldscene-inc.jp/service/company-produce/%E4%BA%8B%E6%A5%AD%E6%88%A6%E7%95%A5%E7%AD%96%E5%AE%9A/ | https://worldscene-inc.jp/service/company-produce/%E3%83%96%E3%83%A9%E3%83%B3%E3%83%89%E9%96%8B%E7%99%BA/
新規導入・一次産業者向け EC活用セミナー/開催終了,https://food-platform.pref.kochi.lg.jp/2025activity/0904sm/,〒780-8035 高知県高知市河ノ瀬町4,088-879-5092,,SNS platform + operation service,https://food-platform.pref.kochi.lg.jp/2025activity/0904sm/ | https://food-platform.pref.kochi.lg.jp/about/ | https://food-platform.pref.kochi.lg.jp/contact/ | https://food-platform.pref.kochi.lg.jp/contact/
福岡 市・糸島市のサブスク型ホームページ制作なら ネット ランド ...,https://www.netland-gk.co.jp/,〒819-0030 福岡県福岡市西区室見ヶ丘1,,,SNS運用,https://www.netland-gk.co.jp/ | https://www.netland-gk.co.jp/service/ | https://www.netland-gk.co.jp/service/website/ | https://www.netland-gk.co.jp/service/ec-site/
動画 ・映像制作,https://www.dream-holdings.co.jp/service_04.html,〒108-0071 東京都港区白金台3,03-6441-2266,,SNS platform + operation service,https://www.dream-holdings.co.jp/service_04.html | https://www.dream-holdings.co.jp/about.html | https://www.dream-holdings.co.jp/service/ | https://www.dream-holdings.co.jp/contact/
COMPANY 株式 会社 ティーアンドイー,https://t-e.co.jp/company/,〒810-0005 福岡県福岡市中央区清川2,092-524-1811,,SNS platform + operation service,https://t-e.co.jp/company/ | https://t-e.co.jp/app/contact
「伝わるホームページ・SNS・動画活用で、更なる集客・ 販促 ...,https://www.chukeikyo.com/info/180907.html,〒812-0046 福岡県福岡市博多区吉塚本町9,092-409-1425,,SNS platform + operation service,https://www.chukeikyo.com/info/180907.html | https://www.chukeikyo.com/access/index.html | https://www.chukeikyo.com/structure/
福岡 で インフルエンサー のことならMirai Natureへ,https://www.riearena.com/,〒811-1201 福岡県那珂川市片縄6,092-952-0506,,SNSマーケティング,https://www.riearena.com/ | https://www.riearena.com/company/ | https://www.riearena.com/contact/ | https://www.riearena.com/contact/
会社 概要,https://www.ks1.jp/contents/category/about/,〒812-0013 福岡県福岡市博多区博多駅東2,092-433-0390,,SNSマーケティング,https://www.ks1.jp/contents/category/about/ | https://www.ks1.jp/contents/category/about/ | https://www.ks1.jp/contents/category/contact/ | https://www.ks1.jp/contents/category/service/
サービス紹介,https://shishi-w.com/service/marketing/,〒812-0007 福岡県福岡市博多区東比恵4,,,SNS運用,https://shishi-w.com/service/marketing/ | https://shishi-w.com/about/ | https://shishi-w.com/service/ | https://shishi-w.com/company/
ウェブ 制作,https://r-labs.jp/website/,〒840-0202 佐賀県佐賀市大和町久池井1,,,SNS運用支援,https://r-labs.jp/website/ | https://r-labs.jp/about/ | https://r-labs.jp/service/ | https://r-labs.jp/contact/
コンサルタント【赤司】,https://as-link.co.jp/consultant/akashi/,〒812-0016 福岡県福岡市博多区博多駅南1,092-414-3300,,SNS platform + operation service,https://as-link.co.jp/consultant/akashi/ | https://as-link.co.jp/company | https://as-link.co.jp/contact | https://as-link.co.jp/contact/
佐賀 ・長崎 集客 できるホームページ制作・ WEB マーケティング支援,https://iweb-factory.site/web-production/,〒848-0044 佐賀県伊万里市木須町4,080-6514-7880,,SNS platform + operation service,https://iweb-factory.site/web-production/ | https://iweb-factory.site/contact/ | https://iweb-factory.site/company/
地域活性化ソリューション事業,https://www.ding.co.jp/chiiki/,〒849-0918 佐賀県佐賀市兵庫南4,0952-24-2377,,SNS platform + operation service,https://www.ding.co.jp/chiiki/ | https://www.ding.co.jp/ | https://www.ding.co.jp/about/ | https://www.ding.co.jp/contact/
登録デザイナー紹介,https://www.pref.nagasaki.jp/yogyo/nid_net/designers_bank/list.php,〒859-3726 長崎県東彼杵郡波佐見町稗木場郷6,0956-85-3140,,SNS運用支援,https://www.pref.nagasaki.jp/yogyo/nid_net/designers_bank/list.php | https://www.pref.nagasaki.jp/yogyo/nid_net/inquiry/
企業概要,https://idea-line.net/company/,〒859-3243 長崎県佐世保市ハウステンボス町4,0956-76-9903,,LINE公式アカウント運用,https://idea-line.net/company/ | https://idea-line.net/service-meo/ | https://idea-line.net/service-line/ | https://idea-line.net/service-hojo-kin-support/
Webマーケティング,https://in-tex.co.jp/service/webmarketing.html,〒850-0046 長崎県長崎市幸町6,095-826-2200,,Instagram運用 / SNS広告運用,https://in-tex.co.jp/service/webmarketing.html | https://in-tex.co.jp/company.html | https://in-tex.co.jp/service.html | https://in-tex.co.jp/contacts.html
教育と創造をデザインする – Turning excitement into reality.,https://yamadakenta.net/,〒859-3226 長崎県佐世保市崎岡町2,,,SNS platform + operation service,https://yamadakenta.net/ | https://yamadakenta.net/contact3/
