company_name,url,address,phone,maps_url
株式会社アキデザイン,https://www.akidesign.co.jp,〒933-0804 富山県高岡市問屋町2,0766-24-0479,
株式会社Lien,https://www.lien-fukui.com,〒916-0147 福井県丹生郡越前町内,,
株式会社 サム・コミュニケーションズ,https://sam-line-at.me,〒990-0042 山形県山形市七日町2,023-687-1925,
株式会社NAC,https://www.nac-mob.jp,〒106-0044 東京都港区東麻布1,03-6228-0281,
法人：スライムワークデザイン株式会社,https://slime-work.com,〒064-0805 北海道札幌市中央区南5,050-5574-2060,
株式会社EYLホールディングス,https://eyl-holdings.co.jp,〒041-0853 北海道函館市中道1,,
株式会社 ZEN,https://www.zen-dionysos.com,〒271-0052 千葉県松戸市新作1,,
株式会社シェアスタック,https://www.surestack.net,〒107-0062 東京都港区南青山2,011-522-9739,
経営基盤支援センター株式会社,https://shiencenter.jp,〒006-0012 北海道札幌市手稲区富岡2,0120-67-2238,
2021 株式会社MARKELINE,https://www.lstepoffcial.com,〒600-8423 京都府京都市下京区釘隠町2,,
株式会社トモデザイン,https://tomodesign.co.jp,〒812-0011 福岡県福岡市博多区 博多駅前二丁目,,
有限会社オリエントコーティング,https://www.orientcoating.jp,〒984-0002 宮城県仙台市若林区卸町東2,022-788-2960,
合同会社Trash-B,https://www.trash-b.tech,〒989-3123 宮城県仙台市青葉区錦ケ丘6,022-200-2774,
株式会社ドリームゲート,https://dreamgate-inc.com,〒990-0831 山形県山形市西田2,023-645-1515,
株式会社アビリブ,https://abilive.co.kr,〒150-0041 東京都渋谷区神南1,03-6712-6018,
株式会社cantik,https://cantik.co.jp,〒252-0314 神奈川県相模原市南区南台5,080-7084-3102,
オーパスプラン有限会社,https://opus-plan.net,〒020-8507 岩手県盛岡市清水町１,,
s © UNIIDEO inc. all rights reserved.,https://uniideo.com,〒153-0042 東京都目黒区青葉台1,03-6712-7958,
株式会社ウェブライト,https://weblight.jp,〒960-8053 福島県福島市三河南町１,024-572-4404,
株式会社Ｋ２店舗開発オフィス.,https://www.k2tenpokaihatsu.net,〒160-0022 東京都新宿区新宿4,03-3356-8757,
ランクアップ株式会社,https://rankup-stage.com,〒916-0038 福井県鯖江市下河端町6,,
株式会社いえらぶGROUP,https://www.ielove-group.jp,〒160-0023 東京都新宿区西新宿2,03-6911-3955,
株式会社トリニアス,https://trinias.co.jp,〒169-0072 東京都新宿区大久保2,0120-963-064,
株式会社バックステージ,https://her-marketing.jp,〒101-0061 東京都千代田区神田三崎町2,03-5210-3788,
Cyber Zero株式会社（サイバーゼロ株式会社）,https://cyberzero.jp,〒104-0061 東京都中央区銀座1,027-289-5778,
株式会社ディーアイシー,https://www.d-ic.com,〒321-0158 栃木県宇都宮市西川田本町2,0276-60-5440,
株式会社ファミライズ,https://familize.net,〒320-0031 栃木県宇都宮市戸祭元町2,,
合同会社ConnectDesign,https://connect-design.biz,〒370-0314 群馬県太田市新田市野井町5,050-1808-5617,
株式会社テスティファイ,https://testify.co.jp,〒107-0062 東京都港区南青山2,,
Aidma Holdings Inc. All Rights Reserved.,https://biz-maps.com,〒106-0032 東京都港区六本木3,,
LASIQ. inc All Rights Reserved.,https://lasiq.biz,〒252-0137 神奈川県相模原市緑区橋本3,,
株式会社,https://domanomado.com,〒212-0054 神奈川県川崎市幸区小倉1,,
Curiver Inc.,https://curiver.com,〒329-1305 栃木県さくら市狭間田1,,
MST株式会社,https://mst-ltd.co.jp,〒983-0852 宮城県仙台市宮城野区榴岡1,022-257-6544,
2023 株式会社週休3日,https://3kka.co.jp,〒430-0926 静岡県浜松市中央区砂山町1,053-455-3778,
ロカリオは、ソウルドアウト株式会社のグループ企業です。,https://localio.co.jp,〒112-0004 東京都文京区後楽1,,
株式会社オファシム https:,https://marketing-laboratory.jp,〒910-0841 福井県福井市開発町8,,
株式会社ハマ企画,https://hamakikaku.co.jp,〒220-0011 神奈川県横浜市西区高島2,045-450-3095,
株式会社TIGER.E,https://tiger-e.co.jp,〒253-0085 神奈川県茅ヶ崎市矢畑4,090-6576-7502,
株式会社シーエムエー,https://www.akindo2000.net,〒430-7715 静岡県浜松市中央区板屋町1,053-459-1510,
株式会社ビジョン,https://plus.vision-net.co.jp,〒160-0022 東京都新宿区新宿6,0120-450-348,
︎ 2026 FIZ INC.,https://fizjapan.com,〒541-0053 大阪府大阪市中央区本町4,06-4400-1630,
株式会社リル,https://marketing.lill.co.jp,〒440-0876 愛知県豊橋市西松山町3,,
有限会社ウエスト,https://web.tsukuredasu.com,〒523-0898 滋賀県近江八幡市たかかい町南1,0748-43-0155,
ジャグー株式会社,https://jagoo.co.jp,〒104-0045 東京都中央区築地 2,03-6275-2995,
株式会社 ビーブレックス,https://www.slow-style.com,〒385-0011 長野県佐久市猿久保2,0267-65-7201,
WEBRE Inc. All rights reserved.,https://webre.co.jp,〒441-8141 愛知県豊橋市草間町平東１,,
トガル株式会社,https://togaru.co.jp,〒453-0016 愛知県名古屋市中村区竹橋町５,,
（C）2022 株式会社ピュアクオリティ,https://www.pure-quality-gbp.jp,〒810-0011 福岡県福岡市中央区高砂2,092-531-5066,
㈱ デジタルゴリラ,https://digital-gorilla.co.jp,〒980-0811 宮城県仙台市青葉区一番,,https://www.google.com/maps/place/%E3%88%B1+%E3%83%87%E3%82%B8%E3%82%BF%E3%83%AB%E3%82%B4%E3%83%AA%E3%83%A9/data=!4m7!3m6!1s0x5f8a29cbe78e581b:0xede385fec939bed9!8m2!3d38.2592427!4d140.8714185!16s%2Fg%2F11rxvkxmdv!19sChIJG1iO58spil8R2b45yf6F4-0?authuser=0&hl=ja&rclk=1
株式会社filments,https://douga-x.com,〒431-3123 静岡県浜松市中央区有玉西町1,090-2268-9388,
マザーハンズ株式会社,https://m-hands.net,〒730-0051 広島県広島市中区大手町１,050-3708-0206,
株式会社カルテットコミュニケーションズ,https://quartet-communications.com,〒460-0003 愛知県名古屋市中区錦2,0120-993-414,https://www.google.com/maps/place/%E3%82%AB%E3%83%AB%E3%83%86%E3%83%83%E3%83%88%E3%82%B3%E3%83%9F%E3%83%A5%E3%83%8B%E3%82%B1%E3%83%BC%E3%82%B7%E3%83%A7%E3%83%B3%E3%82%BA/data=!4m7!3m6!1s0x6003772bb92e0517:0x1831395e29bb1a5e!8m2!3d35.1725121!4d136.901472!16s%2Fg%2F1w0j43bc!19sChIJFwUuuSt3A2ARXhq7KV45MRg?authuser=0&hl=ja&rclk=1
株式会社カチカ,https://it.cachica.co.jp,〒422-8061 静岡県静岡市駿河区森下町1,,
シナジーマーケティング株式会社 宮崎オフィス,https://www.synergy-marketing.co.jp,宮崎市 橘通東４丁目２−６２ エリーズ宮崎ビル 4F,0120-689-667,https://www.google.com/maps/place/%E3%82%B7%E3%83%8A%E3%82%B8%E3%83%BC%E3%83%9E%E3%83%BC%E3%82%B1%E3%83%86%E3%82%A3%E3%83%B3%E3%82%B0%E6%A0%AA%E5%BC%8F%E4%BC%9A%E7%A4%BE+%E5%AE%AE%E5%B4%8E%E3%82%AA%E3%83%95%E3%82%A3%E3%82%B9/data=!4m7!3m6!1s0x3538b74100531a1b:0x542e7060bf27ca9f!8m2!3d31.9183439!4d131.4238801!16s%2Fg%2F11g9jlfq7j!19sChIJGxpTAEG3ODURn8onv2BwLlQ?authuser=0&hl=ja&rclk=1
合同会社SuzuLabo,https://suzulabo.co.jp,〒063-0862 北海道札幌市西区八軒二条東3,070-8999-9932,
株式会社船井総合研究所 （Funai Consulting Incorporated）,https://www.funaisoken.co.jp,〒100-0005 東京都千代田区丸の内１,0120-958-270,
株式会社博士.com,https://www.j-s-p.com,〒180-0002 東京都武蔵野市吉祥寺東町１,0120-965-805,
サロミー株式会社 （salome Inc.）,https://salome.co.jp,〒150-0013 東京都渋谷区恵比寿2,,
株式会社Daysコンサルティング,https://days-consulting.com,〒980-0014 宮城県仙台市青葉区本町一丁目,080-4184-8952,
福島カラー印刷株式会社,https://f-color.co.jp,〒960-2101 福島県福島市さくら3,024-594-2188,
株式会社ネットシスジャパン,https://netsysjapan.co.jp,〒103-0002 東京都中央区日本橋馬喰町1,03-5645-5544,
ソラノデザイン合同会社,https://kanazawa-homepage.jp,〒920-0852 石川県金沢市此花町5,050-6883-9715,
屋号または法人名 合同会社コンパスマネジメント,https://sindanishikawa.com,〒921-8034 石川県金沢市泉野町4,076-267-6030,
2026 株式会社ASOLAB. All rights reserved.,https://asolab.co.jp,〒399-0014 長野県松本市平田東 2,0263-88-6968,
有限会社イー・オフィス,https://e-office.gr.jp,〒390-0811 長野県松本市中央1,0263-32-2222,
株式会社ナカハラ,https://kknakahara.co.jp,〒370-0018 群馬県高崎市新保町2,027-362-3857,
株式会社プロダクトオブジャパン,https://poj-gunma.jp,〒375-0016 群馬県藤岡市上栗須9,0274-50-8718,
THE MOLTS inc. All rights reserved.,https://moltsinc.co.jp,〒152-0032 東京都目黒区平町2,,
"ワンバース株式会社（英名：One Birth, Inc.）",https://one-birth.co.jp,〒150-0002 東京都渋谷区渋谷3,,
"2025 SoLabo, Inc.",https://so-labo.co.jp,〒151-0051 東京都渋谷区千駄ヶ谷5,0120-356-117,
株式会社真摯,https://cinci.jp,〒213-0013 神奈川県川崎市高津区末長1,,
株式会社MIRAIZU【仙台の広告代理店】SEO・ホームページ制作会社,https://www.miraizu-inc.jp,〒060-0004 北海道札幌市中央区北4,050-5897-0413,
株式会社さとゆめ,https://satoyume.com,〒102-0074 東京都千代田区九段南3,,
Ritz-Computer Inc.,https://ritz-web.net,〒041-0811 北海道函館市富岡町3,0138-83-8222,
株式会社キャディッシュ,https://www.489ban.net,〒506-0045 岐阜県高山市赤保木町1,0120-489-468,
株式会社ASK,https://www.m-biz.biz,〒986-0782 宮城県本吉郡南三陸町入谷字桜沢4,070-9281-0950,
株式会社オリエンタル・エージェンシー,https://www.39pack.com,〒960-8102 福島県福島市北町3,024-523-3361,
Fancrew Inc.,https://biz.fancrew.jp,〒101-0032 東京都千代田区岩本町1,,
アイティ経営コンサルタント株式会社,https://www.it-keiei.info,〒930-0095 富山県富山市舟橋南町1,076-432-1050,
株式会社INFLU,https://influhp.com,〒550-0013 大阪府大阪市西区新町１,06-7222-2971,
​株式会社グリーンホワイト,https://www.greenw.co.jp,〒305-0031 茨城県つくば市吾妻二丁目,,
リンコムアソシエーツ有限会社,https://www.lincom.co.jp,〒150-0041 東京都渋谷区神南1,03-6820-4978,
合同会社経営採用戦略室,https://tokyo-legaloffice.com,〒103-0003 東京都中央区日本橋横山町7,070-8398-4144,
株式会社アール・ピー・アイ,https://rpi.co.jp,〒101-0051 東京都千代田区神田神保町2,,
NBSホテルマネジメント株式会社,https://www.nbsm.jp,〒530-0004 大阪府大阪市北区堂島浜1,06-6676-8191,
株式会社アップラボ (サイト名：サムライラボ) コーポレートサイトはこちら 法人番号：2180001144842,https://www.samurai-lab.jp,〒460-0012 愛知県名古屋市中区千代田1,050-5526-2500,
株式会社サニーサイドライフ,https://sunnysidelife.jp,〒150-0001 東京都渋谷区神宮前3,043-308-8444,
テルウェル東日本株式会社,https://www.telwel-east.co.jp,〒135-0033 東京都江東区深川2,,
Yis(ワイズ)株式会社,https://yis-web.com,〒231-0062 神奈川県横浜市中区桜木町1,,
株式会社KOP,https://noren-world.com,〒144-0043 東京都大田区羽田1,,
株式会社Mico,https://mico-inc.com,〒530-0011 大阪府大阪市北区大深町6,,
株式会社パラドックス,https://prdx.co.jp,〒150-6013 東京都渋谷区恵比寿4,03-6450-4753,
"株式会社ブルーオーキッドコンサルティング Blue Orchid Consulting co.,ltd.",https://www.blueorchid.co.jp,〒630-8253 奈良県奈良市内侍原町6,0742-81-8120,
株式会社メディアスクエア,https://www.smartcross.jp,〒101-0047 東京都千代田区内神田1,,
株式会社 PR現代,https://pr-g.jp,〒940-2112 新潟県長岡市大島本町3,0258-94-5341,
株式会社イデア・レコード,https://idearecord.co.jp,〒160-0023 東京都新宿区西新宿7,03-6635-7070,
"Givery, Inc.",https://deca.marketing,〒150-0036 東京都渋⾕区南平台町1,,
Location AI株式会社 （ロケーションエーアイ）,https://location-ai.com,〒150-0022 東京都渋谷区恵比寿南1,03-5734-1666,
合同会社NowNever.,https://www.nownever.co.jp,〒371-0021 群馬県前橋市住吉町1,,
株式会社アダチファクトリー,https://www.a-dachi.com,〒130-0026 東京都墨田区両国3,03-6808-1345,
DUX株式会社,https://ff-group.jp,〒106-0046 東京都港区元麻布3,03-6824-9359,
2023 SURESTACK SUBSIDY. Inc. All Rights Reserved.,https://www.surestack-subsidy.com,〒107-0062 東京都港区南青山2,,
日本ビスカ株式会社,https://www.visca-hp.jp,〒160-0022 東京都新宿区新宿 6,0120-12-7716,
株式会社LifeStyle,https://lstyle-group.com,〒062-0933 北海道札幌市豊平区平岸3,011-598-7354,
株式会社アルゴ,https://aru-go.com,〒024-0093 岩手県北上市本石町1,,
株式会社コネクト,https://www.ni-connect.co.jp,〒024-0081 岩手県北上市有田町9,0197-62-7790,
株式会社AI派遣社員,https://ai-haken.jp,〒141-0031 東京都品川区西五反田7,,
株式会社コウズ,https://parkinc.co.jp,〒939-8064 富山県富山市赤田6,076-492-1602,
食の多様性を再生する。リライズコンサルティング株式会社,https://rerise-consulting.com,〒541-0052 大阪府大阪市中央区安土町2,0800-100-0515,
株式会社リクステップ,https://recustep.com,〒590-0957 大阪府堺市堺区中之町西2,072-320-9176,
株式会社グレイズ 茨城県ひたちなか市堀口686-8-B,https://glazestyle.com,〒312-0034 茨城県ひたちなか市堀口6,070-8940-6660,
株式会社サンワードメディア,https://www.sunwardmedia.co.jp,〒107-0062 東京都港区南青山6,03-6805-0583,
株式会社奥田商会,https://www.media-b.com,〒400-0046 山梨県甲府市下石田2,055-268-2960,
"Vektor,Inc.",https://atoe-p.co.jp,〒651-0086 兵庫県神戸市中央区磯上通４,,
株式会社クリエイティブネットドア,https://www.cn-door.com,〒060-0042 北海道札幌市中央区大通西5,011-280-2371,
合同会社ジェイライン,https://www.jdoga.net,〒380-0803 長野県長野市三輪2,026-252-5540,
アロン株式会社,https://alon3.co.jp,〒305-0033 茨城県つくば市東新井2,,
株式会社ナノオプト・メディアは,https://f2ff.jp,〒130-0013 東京都墨田区錦糸1,03-6258-0590,
Webアドバンスは株式会社フロムノースが運営しています。,https://web-advance.co.jp,〒060-0033 北海道札幌市中央区北3,011-206-9270,
株式会社エフディークリエイト,http://fdcreate.jp,〒031-0841 青森県八戸市鮫町忍町3,,
ブレイブホールディングス株式会社,https://bravemedica.co.jp,〒270-0128 千葉県流山市おおたかの森西1,06-6341-5577,
合同会社FUURING,https://fuuring.jp,〒939-1383 富山県砺波市高道５,,
NTTタウンページ株式会社,https://www.ntttp-dlead.com,〒164-0011 東京都中野区中央 3,,
株式会社ダンドリデザイン,https://dandori-design.jp,〒330-9501 埼玉県さいたま市大宮区桜木町2,,
2020 to 1 LABO Inc. All Rights Reserved.,https://to1-labo.com,〒215-0003 神奈川県川崎市⿇⽣区⾼⽯5,03-5962-7575,
FPサービス株式会社,https://www.doctorsupportnet.jp,〒103-0025 東京都中央区日本橋茅場町1,03-5642-7560,
株式会社コミュニティコム,https://www.communitycom.jp,〒330-0802 埼玉県さいたま市大宮区宮町1,048-729-5197,
TAW株式会社,https://taw-digital.com,〒231-0015 神奈川県横浜市中区尾上町3,,
株式会社Infinity Soar,https://infinitysoar.net,〒460-0002 愛知県名古屋市中区丸の内２,050-1726-8881,
カイゼン・マーケティング株式会社,https://ai-bouz.com,〒460-0011 愛知県名古屋市中区大須1,,
株式会社無限,https://mugen-8.co.jp,〒463-0037 愛知県名古屋市守山区天子田3,052-737-1116,
株式会社いただき,https://itadaki.co.jp,〒532-0011 大阪府大阪市淀川区西中島6,,
YSSホテルズ&リゾーツ株式会社,https://yss-hotels.co.jp,〒541-0054 大阪府大阪市中央区本町2,06-7878-8359,
株式会社コネクター・ジャパン,https://cnctor.jp,〒101-0031 東京都千代田区東神田1,06-6465-1001,
ヤグマネジメント株式会社,https://www.yag-m.co.jp,〒545-0053 大阪府大阪市阿倍野区松崎町2,06-7777-0900,
シナジーマーケティング株式会社,https://corp.synergy-marketing.co.jp,〒104-0054 東京都中央区勝どき1,078-332-2311,
富士コンピュータ株式会社,https://fujicomp.co.jp,〒675-0034 兵庫県加古川市加古川町稲屋7,079-427-1111,
株式会社 平賀,https://www.pp-hiraga.co.jp,〒176-0012 東京都練馬区豊玉北3,03-3991-4541,
株式会社ネクステージ,https://nextage-m.com,〒150-0002 東京都渋谷区渋谷3,090-4830-9405,
株式会社TrustLead,https://trust-lead.com,〒730-0015 広島県広島市中区橋本町９,082-536-3618,
株式会社With Inn（ウィズイン）,https://withinn.co.jp,〒870-0917 大分県大分市高松1,,
︎ 2023-2025 ctow Inc.,https://ctow.co.jp,〒103-0023 東京都中央区日本橋本町4,,
株式会社grits（グリッツ）,https://medical-grits.jp,〒550-0013 大阪府大阪市西区新町1,06-4393-8493,
株式会社Growth Partners Japan,https://growth-partners-japan.co.jp,〒810-0002 福岡県福岡市中央区西中洲3,,
"AVIX, Inc. All Rights Reserved.",https://avix.co.jp,〒234-0054 神奈川県横浜市港南区港南台7,,
株式会社 獅子,https://shishi-w.com,〒812-0007 福岡県福岡市博多区東比恵4,,
株式会社bibi,https://gerbera-site.com,〒860-0863 熊本県熊本市中央区坪井２,050-7110-2142,
カーサプロジェクト株式会社,https://www.casa-p.com,〒150-0001 東京都渋谷区神宮前5,03-5786-9340,
運営: 株式会社ユウスタイル,https://ibaraki-yorozu.com,〒101-0026 東京都千代田区神田佐久間河岸4,050-7117-9318,
LINEヤフー株式会社が認定する,https://line-sm.com,〒261-8550 千葉県千葉市美浜区中瀬2,043-296-0001,
"2026 Influencerforce, Inc. All rights reserved.",https://lp.influencerforce.me,〒140-0002 東京都品川区東品川2,,
商号 株式会社EXIDEA （英文表記：EXIDEA Inc.）,https://cine-mato.com,〒104-0061 東京都中央区銀座一丁目,03-5579-9934,
"CREATIVEHOPE, INC. All rights reserved.",https://www.creativehope.co.jp,〒160-0023 東京都 新宿区 西新宿7,,
株式会社インフォデザイン,https://info-de.co.jp,〒451-0042 愛知県名古屋市西区那古野2,050-3717-0758,
株式会社グッドラフ,https://goodlaugh.co.jp,〒651-0087 兵庫県神戸市中央区御幸通２,,
2020 yuhkinoine.inc,https://yuhkinoine.com,〒564-0044 大阪府吹田市南金田2,,
FOUR GLOBE Inc. 2026,https://www.fourglobe.co.jp,〒141-0021 東京都品川区上大崎2,03-6447-7280,
株式会社FW,https://fw-one.jp,〒700-0961 岡山県岡山市北区北長瀬本町2,050-8892-8044,
株式会社リコネクト,https://www.active-hiroshima.jp,〒730-0811 広島県広島市中区中島町3,082-247-0221,
株式会社Valusync,https://valusync.co.jp,〒790-0001 愛媛県松山市一番,050-8895-1324,
合同会社 経営のための創造社,https://keisosha.co.jp,〒114-0012 東京都北区田端新町1,,
株式会社World Scene,https://worldscene-inc.jp,〒810-0001 福岡県福岡市中央区天神1,092-600-1523,
株式会社アルラボ,https://r-labs.jp,〒840-0202 佐賀県佐賀市大和町久池井1,,
合同会社ネットランド,https://www.netland-gk.co.jp,〒819-0030 福岡県福岡市西区室見ヶ丘1,,
EC・ヴィレッジ株式会社,http://ec-v.jp,〒980-0811 宮城県仙台市青葉区一番,022-399-8816,
株式会社mooo-up,https://mooo-up.com,〒130-0013 東京都墨田区錦糸1,,
主催：Allied Architects 株式会社,https://service.aainc.co.jp,〒150-0001 東京都渋谷区神宮前5,,
合同会社ウェブタン,https://www.web-tan.jp,〒125-0032 東京都葛飾区水元2,,
株式会社コプロシステム,https://www.coprosystem.co.jp,〒141-0022 東京都品川区東五反田1,03-5424-4050,
株式会社アイティベル,https://it-bell.com,〒211-0063 神奈川県川崎市中原区小杉町 3,,
株式会社レルモ,https://lermo.co.jp,〒171-0014 東京都豊島区池袋２,03-5962-1500,
株式会社ガラパゴス,https://airdesign.ai,〒101-0051 東京都千代田区神田神保町2,03-6256-9471,
株式会社Milestone,https://milestone-net.com,〒410-0001 静岡県沼津市足高3,,
株式会社Shinker,https://shizuoka-hp.jp,〒420-0031 静岡県静岡市葵区呉服2,,
株式会社4C's AD,https://4cs-ad.co.jp,〒220-0011 神奈川県横浜市西区高島二丁目,,
株式会社ブレーン,https://www.brain-ad.com,〒410-0001 静岡県沼津市足高2,055-926-8585,
株式会社a-live design,https://a-live-design.com,〒020-0871 岩手県盛岡市中ノ橋通1,019-638-8680,
株式会社FRASCO 広島,https://frasco-co.jp,〒730-0029 広島県広島市中区三川町5,,
株式会社コレリーアンドアトラクト,https://test.collely-at.com,〒107-0062 東京都港区南青山5,03-6427-9513,
ログライン株式会社 https:,https://lisgram.com,〒104-0061 東京都中央区銀座1,,
株式会社 AT-MARK CONSUL.,https://atmarkconsul.com,〒807-0873 福岡県北九州市八幡西区藤原1,093-692-0582,
株式会社 Rise Agency,https://www.riseagency.co.jp,〒108-0073 東京都港区三田3,03-5443-6700,
2026 株式会社サンプロ All Rights Reserved.,https://recruit.sunpro36.co.jp,〒380-0823 長野県長野市南千歳１,0120-364-655,
株式会社ファーストネットジャパン,https://gelatocms.com,〒530-0001 大阪府大阪市北区梅田1,06-6777-3688,
2026 mix-case inc. all right reserved.,https://mix-case.com,〒531-0071 大阪府大阪市北区中津1,,
株式会社LUCRIS,https://lucris.jp,〒520-0803 滋賀県大津市竜が丘2,,
株式会社トモシビ,https://tomo-shibi.co.jp,〒550-0005 大阪府大阪市西区西本町1,06-6136-3119,
"クラウドサーカス株式会社（英名：Cloud CIRCUS, Inc.）",https://check.cloudcircus.jp,〒163-0919 東京都新宿区西新宿2,,
NTT株式会社,https://group.ntt,〒168-0063 東京都杉並区和泉2,0120-584-400,
株式会社エムアイエフ,https://www.elevendesign.online,〒260-0021 千葉県千葉市中央区新宿2,,
マイキャディー株式会社,https://mycaddy.co.jp,〒222-0033 神奈川県横浜市港北区新横浜2,,
株式会社みらい,https://sunrise-mirai.com,〒231-0033 神奈川県横浜市中区長者町9,045-212-3220,
EXPACT株式会社,https://expact.jp,〒430-0928 静岡県浜松市中央区板屋町1,050-3562-7333,
FUN-CREATE株式会社,https://fun-create.co.jp,〒445-0077 愛知県 西尾市 新渡場町大西5,0563-53-7773,
株式会社インテライト,https://interrelite.co.jp,〒459-8009 愛知県名古屋市緑区清水山1,,
株式会社grandioso,https://grandioso-sys.com,〒664-0025 兵庫県伊丹市奥畑1,,
リードスペース株式会社,https://seo-professional.jp,〒730-0015 広島県広島市中区橋本町9,082-536-3637,
sozo.inc,https://www.sozoinc.jp,〒102-0073 東京都千代田区九段北１,03-3222-0870,
K・Pクリエイションズ株式会社,https://mksjapan.net,〒162-0805 東京都新宿区矢来町6,03-6303-1103,
ゴウリカ株式会社,https://gourica.co.jp,〒150-0002 東京都渋谷区渋谷1,03-6427-1750,
株式会社BRING,https://bring-corp.jp,〒140-0002 東京都品川区東品川4,06-6204-1251,
株式会社ライトアップ,https://www.biz4.jp,〒150-0002 東京都渋谷区渋谷2,03-5784-0702,
アズメド株式会社,https://azmed.jp,〒150-0002 東京都渋谷区渋谷2,,
株式会社THB JAPAN,https://thbjapan.co.jp,〒257-0043 神奈川県秦野市栄町6,0463-79-8135,
Funai Soken Human Capital Consulting Inc. All Rights Reserved,https://www.hc.funaisoken.co.jp,〒104-0028 東京都中央区八重洲2,03-4223-3164,
株式会社是々非々,https://zeze-hihi.com,〒460-0011 愛知県名古屋市中区大須一丁目,052-219-7300,
ビーハイライト株式会社,https://be-hylite.com,〒454-0846 愛知県名古屋市中川区上流町1,,
株式会社フォーキャスト,https://www.f-vision.biz,〒040-0064 北海道函館市大手町1,050-8892-0031,
ぞろ屋合同会社,https://zoroya.co.jp,〒193-0803 東京都八王子市楢原町9,,
株式会社エスアンドシー,https://ma-center.jp,〒963-8041 福島県郡山市富田町稲川原6,024-983-4141,
"2026 Quontier, Inc.",https://quontier.com,〒107-0062 東京都港区南青山3,,
LLC Shimer-System.,https://shimer-system.co.jp,〒331-0812 埼玉県さいたま市北区宮原3,,
Best In Class Producers Inc.,https://www.bicp.jp,〒150-0021 東京都渋谷区恵比寿西1,03-6416-1690,
"eclect, Inc.",https://eclect.co.jp,〒732-0814 広島県広島市南区段原南1,,
株式会社TAKE,https://t-take.net,〒211-0012 神奈川県川崎市中原区中丸子3,,
株式会社マスドライバー,https://massdriver.net,〒103-0015 東京都中央区日本橋箱崎町3,0200-0114-0692,
株式会社ナカポワールド All Rights Reserved.,https://nakapoworld.com,〒235-0033 神奈川県横浜市磯子区杉田5,0120-425-913,
中小企業Web集客支援株式会社,https://www.web-partner.co.jp,〒150-0021 東京都渋谷区恵比寿西2,,
合同会社マイミッションコンサルティング,https://mymission.jp,〒920-0921 石川県金沢市材木町1,090-2098-4449,
株式会社エムアンドエムサービス,https://mandm.co.jp,〒621-0251 京都府亀岡市本梅町平松泥ヶ渕1,0771-26-2000,
株式会社エトラボ,https://etolabo.jp,〒101-0032 東京都千代田岩本町2,,
株式会社ブログル,https://blogle.co.jp,〒141-0001 東京都品川区北品川5,,
株式会社ArchRise,https://www.archrise-works.com,〒107-0062 東京都港区南青山3,080-8558-3290,
合同会社未来ステップ,https://mirai-step.online,〒215-0004 神奈川県川崎市麻生区万福寺2,050-6866-5485,
有限会社 岡山商事,https://okayamacorporation.com,〒053-0015 北海道苫小牧市本幸町2,0144-33-6018,
合同会社ベルキーファ,https://berkiefer.jp,〒153-0063 東京都目黒区目黒2,,
株式会社スタビライザー,https://www.stabilizer.co.jp,〒141-0021 東京都品川区上大崎3,,
株式会社アレドレ,https://www.aredore.jp,〒373-0818 群馬県小舞木町 1,0276-55-2595,
株式会社アンフォルム,https://inform-tokyo.co.jp,〒151-0071 東京都渋谷区本町3,03-6300-0515,
アイビスティ有限会社 ※ibisty（第5316267号）は当社の登録商標です。,https://ibisty.co.jp,〒150-0013 東京都渋谷区恵比寿4,,
Atkid（アットキッド）株式会社,https://atkidinc.com,〒192-0082 東京都八王子市東町1,,
株式会社SouHa,https://souha.co.jp,〒106-0032 東京都港区六本木3,,
株式会社ビックス,https://bicsgroup.co.jp,〒150-0001 東京都渋谷区神宮前2,,
株式会社ANDO Business Partners< (KEN Carrer Consultant 運営会社),https://ken-career-consultant.jp,〒192-0081 東京都八王子市横山町５,042-641-1420,
2022 TUKIYOMI Inc.,https://tukiyomi-beauty.com,〒150-6018 東京都渋谷区恵比寿4,03-5789-5391,
"Lancers,Inc.",https://www.lancers.co.jp,〒150-0002 東京都渋谷区渋谷3,,
株式会社 ゼンリン東海,https://zenrinweb.com,〒411-0907 静岡県駿東郡清水町伏見6,055-975-6699,
株式会社多治見中日サービスセンター内,https://myttline.jp,〒507-0023 岐阜県多治見市小田町1,0572-25-5000,
株式会社DARUMA,https://daruma-creative.com,〒422-8016 静岡県静岡市駿河区西平松4,,
株式会社ヲワリウェブ,https://wowari-web.jp,〒494-0003 愛知県一宮市三条字道東8,0586-82-2196,
株式会社ピースウェブの概要をご紹介,https://pieceweb.com,〒171-0031 東京都豊島区目白3,03-6908-0316,
株式会社サイドスペース,https://side-space.com,〒448-0855 愛知県刈谷市大正町3,,
J-WORLD Inc.,https://jworld-web.co.jp,〒530-0001 大阪府大阪市北区梅田１,090-6675-8161,
株式会社ファンフェアファンファーレ,https://funfairfanfare.com,〒522-0043 滋賀県彦根市小泉町2,0749-24-5131,
ナチュラルウーマン株式会社,https://naturalwoman.jp,〒569-0805 大阪府高槻市上田辺町6,072-200-2924,
ブラザーズ株式会社,https://br-others.jp,〒530-0001 大阪府大阪市北区梅田1,06-7166-3209,
TAKEC INC.,https://webru55.com,〒861-8038 熊本県熊本市東区長嶺東1,096-200-8603,
2026 TOGL inc.,https://togl.co.jp,〒661-0043 兵庫県尼崎市武庫元町1,,
株式会社NaraDeWa,https://nara-dewa.com,〒634-0804 奈良県橿原市内膳町5,,
Vectorview合同会社,https://www.vectorview.net,〒590-0028 大阪府堺市堺区三国ケ丘御幸通１,050-3690-3117,
株式会社コアソフト,https://www.coresoft-net.co.jp,〒111-0053 東京都台東区浅草橋 5,03-5825-8575,
株式会社シーサイド,https://c-side.co.jp,〒874-0934 大分県別府市駅前本町9,,
株式会社 NTRANS.（エントランス）,https://ntrans.jp,〒901-2113 沖縄県浦添市大平3,090-9600-0956,
キャリアAIプラザ株式会社,https://ai.career-plaza.com,〒862-0911 熊本県熊本市東区健軍3,096-342-8181,
︎2026 DEFiDE inc. All Rights Reserved.,https://www.defide-ix.com,〒107-0052 東京都港区⾚坂2,03-6551-2921,
株式会社IT武装コンサルティング,https://www.itmc.jp,〒870-1214 大分県大分市大字太田3,050-3152-9723,
アイヴィクス株式会社,https://ivix-design.co.jp,〒491-0072 愛知県一宮市中島通1,052-990-3467,
株式会社サンロフト,https://www.sunloft.co.jp,〒425-0074 静岡県焼津市柳新屋4,054-626-3366,
ひまわりネットワーク株式会社,https://www.himawari.co.jp,〒471-0061 愛知県豊田市若草町3,0565-35-3344,
株式会社ロジセンス LOGISENSE Inc.,https://logisense.co.jp,〒516-0007 三重県伊勢市小木町1,0596-65-7545,
株式会社 RISE ATHLETE,https://www.rise-athlete.co.jp,〒541-0059 大阪府大阪市中央区博労町1,,
コンサルは島根の株式会社Vistainnovate,https://vistainnovate.jp,〒690-0845 島根県松江市西茶町4,,
合同会社SOL COMODA,https://minpaku-ehime.com,〒581-0045 大阪府八尾市西木の本2,090-8196-7107,
"インダステクノロジーズ株式会社 （英文名 INDUS technologie, Inc.）",https://www.indus-technologies.io,〒150-0031 東京都渋谷区桜丘町1,,
thinkjam.Inc.,https://thinkjam.co.jp,〒101-0032 東京都千代田区岩本町2,,
"2023 by Voleur, Inc.",https://www.voleur.co.jp,〒243-0018 神奈川県厚木市中町2,046-259-8701,
2026 YAOYA Inc.,https://yaoya.io,〒550-0014 大阪府大阪市西区北堀江1,06-7713-2060,
ブリューエン株式会社,https://bluhen.org,〒507-0033 岐阜県多治見市本町 6,050-1791-0275,
株式会社favy,https://blog.favy.co.jp,〒428-0301 静岡県榛原郡川根本町上長尾4,,
兼松経営株式会社,https://kanematsu-keiei.com,〒461-0004 愛知県名古屋市東区葵3,,
2023 one purpose inc.,https://onepurpose-pr.com,〒231-0021 神奈川県横浜市中区日本大通3,,
Lamplan Inc.,https://www.lamplan.jp,〒361-0056 埼玉県行田市持田2,048-507-8840,
2025 SEESAW INC.,https://seesaw-design.co.jp,〒150-6019 東京都渋谷区恵比寿4,,
株式会社Barbara Pool,https://www.barbarapool.com,〒170-0004 東京都豊島区北大塚２,03-6659-9858,
株式会社Awake,https://www.awakeinc.co.jp,〒207-0013 東京都東大和市向原5,070-3976-0284,
林原商店 合同会社,https://www.hayashibara-shouten.com,〒933-0231 富山県射水市海老江浜開1,080-4255-5865,
"ゴーウェルキャリア株式会社 Gowell Co.,Ltd. All Rights Reserved.",https://gowell-hr.com,〒104-0061 東京都中央区銀座3,03-6272-9659,
ALBA inc.,https://albajpn.com,〒906-0013 沖縄県宮古島市平良下里3,,
株式会社ツナグデザイン.,https://tsunagudesign.co.jp,〒411-0942 静岡県駿東郡長泉町中土狩7,055-989-4070,
株式会社エンルーツ,https://enroots.co.jp,〒444-0802 愛知県岡崎市美合町五反田7,000-0000-0000,
コインタックス株式会社,https://corp.coin-tax.net,〒530-0003 大阪府大阪市北区堂島2,,
株式会社 ジャパンフードカンパニー,https://jfood-c.jp,〒564-0063 大阪府吹田市江坂町2,06-4400-6978,
株式会社グロスペリティ,https://glosperity.co.jp,〒812-0012 福岡県福岡市博多区博多駅中央街5,092-600-2667,
2026 株式会社ビーテックス,https://beetechs.co.jp,〒709-3931 岡山県津山市加茂町中原2,0868-42-3337,
株式会社アイ・ネクスト,https://inext-co.com,〒812-0041 福岡県福岡市博多区吉塚8,096-366-2224,
株式会社トライン,https://try-in.com,〒060-0001 北海道札幌市中央区北1,011-211-5142,
株式会社 ネット・ビー・ウェイブ,https://site-support.jp,〒231-0032 神奈川県横浜市中区不老町1,045-489-6381,
SAPIONEXT Inc. All Rights Reserved.,https://sapionext.co.jp,〒251-0028 神奈川県藤沢市鵠沼石上1,0466-61-3939,
common inc. All rights reserved.,https://www.commoncoltd.com,〒211-0068 神奈川県川崎市中原区小杉御殿町2,,
株式会社C-farm ~Official Website~,https://c-farm.info,〒635-0804 奈良県北葛城郡広陵町沢2,0743-89-2070,
株式会社delta,https://delta-web.co.jp,〒223-0061 神奈川県横浜市港北区日吉2,,
株式会社ワンダーフォーサイト,https://wonderforesight.com,〒150-0043 東京都渋谷区道玄坂１,03-6824-2491,
"株式会社アイム（Aim Co.,Ltd.）",https://aimpost.jp,〒524-0011 滋賀県守山市今市町2,077-596-5844,
株式会社熊本マーケティング研究所,https://www.kumamoto-marketing.co.jp,〒862-0975 熊本県熊本市中央区新屋敷3,096-273-7930,https://www.google.com/maps/place/%E6%A0%AA%E5%BC%8F%E4%BC%9A%E7%A4%BE%E7%86%8A%E6%9C%AC%E3%83%9E%E3%83%BC%E3%82%B1%E3%83%86%E3%82%A3%E3%83%B3%E3%82%B0%E7%A0%94%E7%A9%B6%E6%89%80/data=!4m7!3m6!1s0x3540f3fed6d0da9f:0x946e71fe50527d3a!8m2!3d32.8052493!4d130.720273!16s%2Fg%2F11fwhwzb44!19sChIJn9rQ1v7zQDUROn1SUP5xbpQ?authuser=0&hl=ja&rclk=1
株式会社ウィット,https://erabee.net,〒569-0071 大阪府高槻市城北町一丁目,072-668-3275,https://www.google.com/maps/place/%E5%BA%83%E5%91%8A%E3%82%A8%E3%83%A9%E3%83%93%E3%83%BC/data=!4m7!3m6!1s0x60010301a9d55eaf:0xb7df13a16a7e59db!8m2!3d34.8461878!4d135.6181612!16s%2Fg%2F11xnnc7xrt!19sChIJr17VqQEDAWAR21l-aqET37c?authuser=0&hl=ja&rclk=1
株式会社メディプラン,https://hhd-mp.com,〒101-0044 東京都千代田区鍛冶町1,011-200-7555,
株式会社 D-motion,https://d-motion.co.jp,〒064-0802 北海道札幌市南2,,
株式会社ドットコム・マーケティング,https://www.com-m.com,〒950-0916 新潟県新潟市中央区米山4,025-250-7240,
【運営会社】 株式会社Bizin,https://niigata-misetsuku.com,〒955-0852 新潟県三条市南四日町4,,
TRANBI Inc. All Rights Reserved.,https://www.tranbi.com,〒920-0961 石川県 金沢市香林坊 1,050-1807-1989,
東電タウンプランニング株式会社,https://denchu-koukoku.com,〒105-0022 東京都港区海岸1,0120-337-215,
サイバーステーション株式会社,https://digisign.jp,〒920-0024 石川県金沢市西念1,0800-123-4138,
株式会社アイ・エス・プライム,https://is-prime.co.jp,〒376-0031 群馬県桐生市本町３,0277-46-7608,
株式会社宿泊DXサポート,https://www.hotels-dx.jp,〒060-0042 北海道札幌市中央区大通西9,050-7112-0053,
クオリアグローバルマネジメント株式会社,https://fms-qgm.com,〒507-0805 岐阜県多治見市新富町1,0572-21-0112,
feelbee Inc.,https://feelbee.jp,〒231-0002 神奈川県横浜市中区海岸通4,045-211-4877,
株式会社エクスウィルパートナーズ,https://exwill.jp,〒160-0023 東京都新宿区西新宿7,,
株式会社クラウドワークス,https://techdirect.jp,〒106-0041 東京都港区麻布台一丁目,,
株式会社中小企業営業支援,https://ssfsme.com,〒111-0056 東京都台東区小島2,03-3844-3854,
株式会社WonderGraffiti,https://corporate.wondergraffiti.com,〒330-0854 埼玉県さいたま市大宮区桜木町1,048-700-4813,
2026 TIFFIN株式会社,https://www.tiffin.one,〒959-1241 新潟県燕市小高6,070-8445-2324,
荒井建設株式会社,https://www.araikensetsu.co.jp,〒070-0054 北海道旭川市4,0166-22-0121,
DEECH Inc.,https://deech.co.jp,〒100-0011 東京都千代田区内幸町2,050-5530-5753,
JetB株式会社（ JetB INC. ）,https://jetb.co.jp,〒960-8670 福島県福島市杉妻町2,024-521-1111,
フリーザロックエージェント株式会社,https://freetherock.com,〒103-0022 東京都中央区日本橋室町1,,
(c) 2026 遊ぼう横浜 Inc.All Rights Reserved.,https://www.asobo-yokohama.com,〒231-0004 神奈川県横浜市中区元浜町元浜町4,080-3350-3435,
株式会社日広 ALL RIGHTS REERVED,https://www.nicco-kk.co.jp,〒386-0002 長野県上田市住吉6,0268-24-1211,
株式会社スタンダード （Standard Inc.） ※ 公立大学法人 会津大学 認定ベンチャー,https://marugoto-omakase.com,〒100-0004 東京都千代田区大手町1,022-725-6404,
印刷・プロモーションの課題解決は株式会社タカヨシ,https://www.takayoshi.co.jp,〒950-0141 新潟県新潟市江南区亀田工業団地1,025-381-2000,
株式会社ワークスゼロ,https://works-zero.jp,〒393-0046 長野県諏訪郡下諏訪町東赤砂4,026-274-5492,
株式会社サンクタス,https://sanktus.jp,〒370-0819 群馬県高崎市四ツ屋町3,027-322-7247,
株式会社シンミドウ,https://dx-insight.com,〒330-0854 埼玉県さいたま市大宮区桜木町 4,048-657-4343,
株式会社デキューブ,https://de-cube.co.jp,〒464-0085 愛知県名古屋市千種区古出来3,,
株式会社ノブレス,https://nobles.co.jp,〒460-0002 愛知県名古屋市中区丸の内2,0568-50-2684,
ワイワイメディアジャパン株式会社,https://ywaimedia.com,〒500-8385 岐阜県岐阜市下奈良1,058-268-7577,
合同会社 Sheep （シープ）,https://www.sheep-jp.com,〒540-0024 大阪府大阪市中央区南新町2,06-7710-3964,
株式会社Essence Enrich 公式HP,https://www.essence-enrich.jp,〒604-0881 京都府京都市中京区高倉通丸太町下る坂本町6,075-600-0448,
アザーズ株式会社 （社名の由来は、冬のソナタ～冬のその他）,https://www.fragrance-others.com,〒530-0053 大阪府大阪市北区末広町3,0120-169-870,
株式会社マテリアルプラス,https://fukuyamawork.com,〒721-0942 広島県福山市引野町１,084-946-5233,
株式会社クリエ,https://clear-a01.com,〒791-8015 愛媛県松山市中央１,089-946-5852,
"株式会社リレイク (LreiC Co.,Ltd)",https://lreic.com,〒761-1701 香川県高松市香川町大野6,087-814-5921,
株式会社チャムズ,https://chams-co.com,〒802-0084 福岡県北九州市小倉北区香春口1,050-1808-6990,
株式会社旅ト人,https://www.tabi-to-hito.com,〒812-0011 福岡県福岡市博多区博多駅前1,092-235-5666,
株式会社ロックス・カンパニー,https://assengers.com,〒870-0034 大分県大分市都町4,097-537-0177,
CAPSULE JAPAN Inc.,https://jtg.capsuleinc.co,〒810-0041 福岡県福岡市中央区大名２,,
株式会社案,https://an1976.jp,〒606-0089 京都府京都市左京区上高野上畑町６,075-925-9603,
大阪で経営改善計画策定支援を本気で行う会社Plow株式会社,https://pl-ow.com,〒547-0004 大阪府大阪市平野区加美鞍作3,,
株式会社YUI(ライバー事務所)YUIproduction All Rights Reserved.,https://yuijp.com,〒150-0043 東京都渋谷区道玄坂一丁目,,
株式会社グロースデータ,https://growthdata.co.jp,〒135-8619 東京都江東区豊洲5,,
"2018 GOFIELD, INC.",https://www.gofield.co.jp,〒761-0443 香川県高松市川島東町2,087-840-3611,
2026 UPDATE inc. All rights reserved.,https://www.update-up.com,〒541-0056 大阪府大阪市中央区久太郎町2,,
2012–2026 Nexter Inc. All rights reserved.,https://nexter.tokyo,〒169-0072 東京都 新宿区 大久保 3,02-13-2986,
2024 Adaptique Inc.,https://adaptique.jp,〒362-0034 埼玉県上尾市愛宕３,,
株式会社ビーツ,https://www.beeats.co.jp,〒541-0041 大阪府大阪市中央区 北浜2,06-6351-8835,
株式会社 MONOLITH Japan,https://monolith-j.com,〒163-0918 東京都新宿区西新宿2,03-6279-4761,
株式会社ココマッチー（正式名称 株式会社ココマッチ）,https://www.cocomatch.co.jp,〒150-0031 東京都渋谷区桜丘町2,03-1234-5678,
ソプラ銀座株式会社.,https://sopraginza.co.jp,〒104-0061 東京都中央区銀座3,03-6228-4901,
Retail Search（リテールサーチ株式会社）,https://retailsearch.co.jp,〒220-0004 神奈川県横浜市西区北幸2,045-534-7235,
株式会社 アド・コミュニケーションズ,https://ad-comi.co.jp,〒541-0059 大阪府大阪市中央区博労町1,06-4708-4927,
リードクリエーション株式会社,https://kyoto.tips,〒606-8101 京都府京都市左京区高野蓼原町1,075-744-0092,
株式会社プリマベーラ,https://team-prima.jp,〒373-0033 群馬県太田市西本町５,0276-20-6728,
株式会社ソニックグロウ,https://sonicgrow.co.jp,〒151-0073 東京都渋谷区笹塚2,03-6276-8375,
2025 株式会社グラムワークス,https://glamworks.co.jp,〒220-0012 神奈川県横浜市西区みなとみらい5,,
株式会社美翔,https://www.bisho-group.co.jp,〒133-0073 東京都江戸川区鹿骨4,,
株式会社 Area87,https://area87.design,〒194-0023 東京都町田市旭町3,042-851-8152,
Ｆ2Ｆラボ株式会社,https://nagochu.jp,〒463-0001 愛知県名古屋市守山区上志段味字東谷2,090-6646-6114,
株式会社 BRASS MED,https://brass-med.co.jp,〒466-0064 愛知県名古屋市昭和区鶴舞1,052-990-3790,
株式会社ビズメイト,https://biz-mate.net,〒564-0051 大阪府吹田市豊津町１,06-6155-8369,
レボネット株式会社,https://plus.revonet.co.jp,〒600-8884 京都府京都市下京区西七条南衣田町4,075-313-3655,
株式会社USEN パートナー,https://en-graphiction.com,〒675-1215 兵庫県加古川市上荘町都台1,070-8985-5946,
ジーピースタッフ株式会社,https://www.gp-staff.co.jp,〒710-0132 岡山県倉敷市藤戸町天城7,086-454-4405,
株式会社アクセルパートナーズ,https://dev.listing-partners.com,〒141-0022 東京都品川区東五反田4,0120-659-057,
株式会社パソナ農援隊,https://nou-innovation.com,〒107-0062 東京都港区南青山三丁目,,
国産株式会社,https://kokusan.jp,〒104-0045 東京都中央区築地3,03-6264-2471,
2026 Techfirm Holdings Inc. All Rights Reserved.,https://www.techfirm-hd.com,〒163-1423 東京都新宿区西新宿3,03-5365-7888,
株式会社 寺坂商店,https://terashowtrade.jp,〒420-0839 静岡県静岡市葵区鷹匠3,054-631-7707,
株式会社＆Difference（アンドディファレンス）,https://and-difference.co.jp,〒150-0012 東京都渋谷区広尾1,,
LAMPS株式会社,https://lamps.co.jp,〒040-0015 北海道函館市梁川町6,,
株式会社リアナッツ,https://reanuts.co.jp,〒160-0022 東京都新宿区新宿1,03-5356-7898,
株式会社マックスコム,https://max-com.co.jp,〒151-8583 東京都渋谷区代々木二丁目,03-6870-5800,
コクー株式会社,https://cocoo.co.jp,〒101-0051 東京都千代田区神田神保町3,03-3527-1167,
株式会社HETは、,https://het.co.jp,〒391-0213 長野県茅野市豊平4,0266-55-4502,
株式会社Unity,https://unity-job.com,〒277-0803 千葉県柏市小青田２,,
GLOCAL DESIGN SCHOOL Inc. All rights reserved,https://glocal-ds.co.jp,〒421-0407 静岡県牧之原市布引原1,0548-88-9945,
株式会社アイ・クリエイト,https://akita-panph.com,〒013-0043 秋田県横手市安田字向田 2,0182-32-1150,
とっかいどう株式会社,https://tokkaido.co.jp,〒085-0046 北海道釧路市新橋大通1,0154-64-9160,
RSM汐留パートナーズ株式会社,https://shiodome.co.jp,〒085-0015 北海道釧路市北大通3,,
株式会社AXER,https://www.axer.co.jp,〒114-0014 東京都北区田端5,,
合同会社ウェール,https://ver-spring.jp,〒150-0002 東京都渋谷区渋谷2,,
アイルージャパン合同会社,https://airou.jp,〒386-0027 長野県上田市常磐城3,054-686-2281,
株式会社エスプリ 会社概要,https://info.esprit.co.jp,〒494-0004 愛知県一宮市北今字再鳥一3,050-3612-7860,
㈱ 多美人生開発,https://corp.trip-life.com,〒464-0075 愛知県名古屋市千種区内山三丁目,050-8882-4343,
"iRidge, Inc.",https://iridge.jp,〒106-0041 東京都港区麻布台1,03-6441-2325,
株式会社コネクトビビ,https://connectbibi.com,〒526-0031 滋賀県長浜市八幡東町1,,
社名（商号） ： 株式会社Ｊストリーム,https://www.stream.co.jp,〒541-0058 大阪府大阪市中央南久宝寺町4,06-6120-2895,
株式会社宝塚デザイン,https://base-takarazuka.com,〒665-0003 兵庫県宝塚市湯本町2,0797-24-9030,
株式会社 街づくり岩国,https://machi-iwk.jp,〒740-0018 山口県岩国市麻里布町2,0827-28-6565,
株式会社WIAR,https://wiar-co-ltd.com,〒833-0012 福岡県筑後市溝口7,0942-48-4122,
2025 Enchanted Lab.株式会社 All rights reserved.,https://enchantedlab.world,〒847-0056 佐賀県唐津市坊主町5,,
マーケティングミックス株式会社,https://motomutto.jp,〒834-0024 福岡県八女市津江3,,
inc.,https://green-carbon.co.jp,〒102-0083 東京都千代田区麹町2,080-7307-8597,
株式会社グリームオーブ,https://www.gleamorb.co.jp,〒141-0031 東京都品川区西五反田2,,
戦略的Webシステム MIWACS株式会社,https://miwacs.net,〒252-0001 神奈川県座間市相模が丘1,,
株式会社ツクリエ,https://tcic.metro.tokyo.lg.jp,〒164-0012 東京都中野区本町2,03-3383-4616,
株式会社ヴィクトリー,https://victory-co.com,〒192-0371 東京都八王子市南陽台3,042-682-4921,
運営受託者 : 合同会社デロイト トーマツ,https://tama-innovation-ecosystem.jp,〒100-8360 東京都千代田区丸の内3,03-6213-1251,
株式会社 ジャパンゴルフオンライン,https://jgo.co.jp,〒105-0004 東京都港区新橋1,03-5651-9588,
明洋情報システム株式会社,https://maido-navi.com,〒578-0932 大阪府東大阪市玉串町東1,06-6720-7826,
2026 Mother and Children inc. All right reserved.,https://mother-children.jp,〒721-0975 広島県福山市西深津町1,084-944-6222,
合同会社CREWS SHIP（クルーズシップ）,https://crews-ship.com,〒722-0035 広島県尾道市土堂2,,
株式会社スマイルファーム,https://smile-farm.co.jp,〒959-1383 新潟県加茂市旭町1,0256-47-1950,
Valuence Holdings Inc.,https://www.valuence.inc,〒107-0062 東京都港区南青山5,03-4580-9983,
株式会社Gluuche,https://gluuche.com,〒503-0904 岐阜県大垣市桐ヶ崎町6,,
合同会社ニタドリ（Nitadori LLC.）,https://nitadori.info,〒105-0013 東京都港区浜松町２,,
株式会社KTラボ,https://northgenius.co.jp,〒003-0809 北海道札幌市白石区菊水9,0134-28-2100,
株式会社 才流,https://sairu.co.jp,〒104-0031 東京都中央区京橋2,,
株式会社ザメディアジョン ※ 株式会社ザメディアジョンHRの会社概要はこちら ＞,https://mediasion.co.jp,〒141-0031 東京都品川区西五反田8,082-503-5035,
Sing Inc.,https://singgroup.biz,〒486-0918 愛知県春日井市如意申町7,0568-50-2799,
株式会社技研サービス,https://www.kk-giken.jp,〒500-8384 岐阜県岐阜市薮田南3,058-271-3141,
株式会社ナイスタウン,https://it.nicetown.co.jp,〒760-8513 香川県高松市栗林町1,087-862-7100,
株式会社ブルーチューブ,https://bluetube.jp,〒730-0851 広島県広島市中区榎町6,050-3743-6119,
株式会社Adelo,https://sekio-life.com,〒697-0121 島根県浜田市金城町下来原1,090-4659-6563,
imukat 株式会社,https://imukat.me,〒980-0811 宮城県仙台市青葉区愛子東1,022-796-4638,
中部薬品株式会社,https://vdrug-vision.com,〒507-0078 岐阜県多治見市高根町4,0561-56-7782,
BOLBOP inc. All Rights Reserved.,https://hls-hirosaki.com,〒036-8182 青森県弘前市土手町1,,
2021 copyright Flexjapan inc.,https://www.flexjapan.com,〒060-0051 北海道 札幌市中央区 南１,011-242-4001,
― 株式会社 東北ラーメンストリート ―,https://www.tohokuramenstreet.com,〒020-0402 ​岩手県盛岡市黒川1,,
株式会社ライズウィル,https://rise-will.com,〒930-0866 富⼭県富⼭市⾼⽥5,076-471-5458,
株式会社スリーウェルマネジメント,https://www.threewell.co,〒104-0061 東京都中央区銀座１,03-4567-6094,
株式会社イデアエンタープライズ,https://idea-ep.com,〒371-0857 群馬県前橋市高井町1,027-255-1158,
株式会社エフェクチュアル,https://effectual.co.jp,〒107-0062 東京都港区南青山3,03-6447-2175,
世田谷でホームページ制作支援・ビスケットネット（株式会社スケットDG） All Rights Reserved.,https://be-suketto.net,〒104-0061 東京都中央区銀座7,090-5223-6099,
タウンエステート株式会社 All Rights Reserved.,https://townestate.biz,〒163-1440 東京都新宿区西新宿3,03-6381-6357,
株式会社BIRDY,https://birdy-official.co.jp,〒160-0023 東京都新宿区西新宿３,080-2021-5427,
名古屋でSNS運用代行・コンサルティングのサポートなら「合同会社Libero」,https://www.libero-tk.com,〒460-0002 愛知県名古屋市中区丸の内1,,
株式会社NET.COM,https://www.netcom-net.com,〒460-0022 愛知県名古屋市中区金山1,052-746-9038,
株式会社インテックス,https://in-tex.co.jp,〒850-0046 長崎県長崎市幸町6,095-826-2200,
株式会社ラルズネット,https://www.sfkoutori.or.jp,〒102-0083 東京都千代田区麹町1,03-3261-3811,
2023 株式会社 さくら住建,https://sakura10ken.co.jp,〒321-0151 栃木県宇都宮市西川田町９,0120-009-396,
株式会社Vamola,https://www.vamola-corp.com,〒330-0000 埼玉県さいたま市大宮区,049-279-5522,
株式会社ミルトス,https://myrtos.info,〒216-0005 神奈川県川崎市宮前区土橋1,044-870-9818,
株式会社Helixia（ヒリクシア）,https://helixia.co.jp,〒060-0061 北海道札幌市中央区南1,070-3142-5522,
著作権は株式会社 ビューティラボに帰属します。,https://www.beauty-labo.jp,〒102-0083 東京都千代田区麹町２,03-4405-6165,
"M-HAND,Inc.",https://mh-sp.com,〒141-0022 東京都品川区東五反田1,0120-868-102,
株式会社ヘッドスプリング,https://head-spring.co.jp,〒160-0007 東京都新宿区荒木町2,03-6709-8183,
株式会社トビラ,http://tobira.sun.bindcloud.jp,〒380-0038 長野県長野市東和田8,026-405-8172,
eternal story株式会社,https://eternal-story.com,〒381-0038 長野県長野市東和田8,026-217-8121,
合同会社COLOR,https://www.nt-color.jp,〒231-0062 神奈川県横浜市中区桜木町 2,045-550-5891,
"KAEDE STYLE, Inc. All rights reserved.",https://www.kaede-style.co.jp,〒180-0004 東京都武蔵野市吉祥寺本町2,0120-04-7400,
株式会社エンタトニック,https://entertonic.com,〒１０２-００７４ 東京都千代田区九段南１,,
株式会社電通コンサルティング,https://www.dentsuconsulting.com,〒105-7001 東京都港区東新橋 1,03-6217-2400,
株式会社ギブリー,https://givery.co.jp,〒150-0036 東京都渋⾕区南平台町1,,
"CyberAgent, Inc.",https://www.cyberagent.co.jp,〒150-0042 東京都渋谷区宇田川町4,027-345-8947,
2024 BizModule by Comm-marketing Inc. All Rights Reserved.,https://comm-marketing.com,〒330-0854 埼玉県さいたま市大宮区桜木町2,,
2026 アズ・マーケティング株式会社,https://az-mark.jp,〒343-0836 埼玉県越谷市蒲生寿町1,050-3093-8303,
2026 Enmish Inc. All rights reserved.,https://enmish.co.jp,〒150-0022 東京都渋谷区恵比寿南3,,
"Startia Holdings, Inc. All rights reserved.",https://www.startiaholdings.com,〒163-0919 東京都新宿区西新宿2,047-404-6674,
フロンティア株式会社,https://readycrew.jp,〒150-6017 東京都渋谷区恵比寿4,0120-311-532,
株式会社アイディアサンタ,https://ideasanta.com,〒070-0841 北海道旭川市大町1,0166-73-6711,
ホームページテック 株式会社,https://www.bestpage11.com,〒530-0001 大阪府大阪市北区梅田1,080-5121-1515,
株式会社TONOSAMA,https://tono-webmarketing.com,〒918-8004 福井県福井市西木田2,,
株式会社イーナチュラル,https://www.enatural.co.jp,〒103-0022 東京都中央区日本橋室町1,03-6661-2210,
2020 imajina.inc ブランディング会社ならイマジナ,https://www.imajina.com,〒102-0083 東京都千代田区麹町3,054-624-366,
ヴィオラ合同会社,https://vio-lla.jp,〒158-0081 東京都世田谷区深沢5,090-2573-0331,
UUUM株式会社（ウーム株式会社）,https://www.uuum.co.jp,〒106-0032 東京都港区六本木7,,
株式会社ソウジ,https://soujiworks.com,〒356-0051 埼玉県ふじみ野市亀久保4,,
アイフォーコム 株式会社,https://www.iforcom.jp,〒221-0835 神奈川県横浜市神奈川区鶴屋町3,045-412-3010,
株式会社ティーエイト,https://t-8.jp,〒460-0008 愛知県名古屋市中区栄2,052-218-6236,
2024 Salus Inc.,https://salus-inc.jp,〒550-0005 大阪府大阪市西区西本町1,06-7504-7564,
EAST Inc. ALL RIGHTS RESERVED.,https://www.east-inc.jp,〒100-0005 東京都千代田区丸の内3,03-6303-9111,
しゃちほこ合同会社,https://shachihoko.co.jp,〒453-0053 愛知県名古屋市中村区中村町2,052-665-6556,
株式会社エアロクルーズ,https://www.sco-adproduce.com,〒509-0147 岐阜県各務原市鵜沼川崎町2,,
株式会社リバティーフェローシップ（東京歯科経営ラボ）,https://tdmlabo.com,〒167-0051 東京都杉並区荻窪1,03-4405-6234,
阪急阪神マーケティングソリューションズ株式会社,https://hhms.co.jp,〒108-0014 東京都港区芝4,06-6373-6801,
株式会社Mellow,https://www.mellow.jp,〒105-0004 東京都港区新橋2,,
株式会社ハイテクノ,https://hi-techno.co.jp,〒651-2113 兵庫県神戸市西区伊川谷町有瀬5,078-975-6900,
わたサポ株式会社,https://wata-support.jp,〒700-0941 岡山県岡山市北区青江4,086-201-2622,
2026 住宅のフランチャイズなら株式会社ジャパンアイディアホーム ALL RIGHTS RESERVED.,https://jih.jp,〒700-0907 岡山県岡山市北区下石井１,086-238-6635,
株式会社ハーストーリィプラス,https://hs-plus.jp,〒733-0863 広島県広島市西区草津南2,082-275-5019,
株式会社まちあい徳山,https://machiai-tokuyama.com,〒745-0031 山口県周南市銀南街４,0834-33-9612,
CCC カルチュア・コンビニエンス・クラブ株式会社,https://www.ccc.co.jp,〒220-0012 神奈川県横浜市西区みなとみらい三丁目,095-819-2096,
株式会社MUSE,https://www.muse-gr.com,〒104-0032 東京都中央区八丁堀2,,
株式会社linkwin,https://chiryouin-consulting.net,〒860-0078 熊本県熊本市中央区京町１,0120-983-581,
株式会社ブシドー,https://bsdinc.co.jp,〒900-0013 沖縄県那覇市牧志3,03-6804-6548,
Nikkei Inc. All rights reserved.,https://messe.nikkei.co.jp,〒001-0906 北海道 札幌市北区新琴似六条五丁目,,
株式会社フォースリー,https://43s.co.jp,〒153-0042 東京都目黒区青葉台4,03-5452-4933,
株式会社デジタルガレージ,https://dgmt.garage.co.jp,〒150-0042 東京都渋谷区宇田川町1,,
J-MAX.inc,https://jmaxinc.jp,〒322-0044 栃木県鹿沼市鳥居跡町1,0289-74-7408,
※本事業の事務局は、東京都より株式会社アクセスネクステージに運営を委託しております。,https://www.kaisyahakken.metro.tokyo.lg.jp,〒113-0033 東京都文京区本郷4,03-5803-2727,
株式会社サードスコープ,https://third-scope.com,〒150-0002 東京都渋谷区渋谷1,03-6820-0114,
株式会社Faber Company,https://www.fabercompany.co.jp,〒105-6923 東京都港区虎ノ門4,,
えむすび株式会社,https://web.egao.world,〒530-0047 大阪府大阪市北区西天満１,06-4301-5147,
株式会社YAMABE,https://www.yamabe-jim.com,〒933-0802 富山県高岡市蓮花寺1,0766-25-1881,
（株式会社AR内）,https://www.aradas.net,〒150-0002 東京都渋谷区渋谷3,06-6210-5551,
株式会社リードエックス,https://lead-x.co.jp,〒531-0072 大阪府大阪市北区豊崎3,06-4400-1310,
4月 株式会社メディアフラッグからインパクトホールディングス株式会社へ商号変更,https://impact-h.co.jp,〒107-6023 東京都港区赤坂1,03-5464-8321,
合同会社八千代に,https://infinitedp.ltd,〒720-0411 広島県福山市熊野町甲1,050-5363-2953,
有限会社ニッティ・グリッティ,https://o-nitty-gritty.com,〒703-8267 岡山県岡山市中区山崎3,086-959-4456,
株式会社ウズシオ,https://uzsh.io,〒000-0000 徳島県（住所）,,
株式会社NEO,https://neotown.net,〒810-0001 福岡県福岡市中央区天神一丁目,092-600-8038,
株式会社 ナナイロ,https://nanairo-inc.jp,〒980-0014 宮城県仙台市青葉区本町2,022-200-9006,
インターノウス株式会社,https://octopass.jp,〒106-0032 東京都港区六本木１,03-6205-7707,
株式会社VELTEXスポーツエンタープライズ,https://veltex.co.jp,〒422-8067 静岡県静岡市駿河区南町1,,
株式会社 Apset,https://apset.co.jp,〒241-0014 神奈川県横浜市旭区市沢町 1,,
株式会社bridge,https://www.bridgedesigners.com,〒107-0062 東京都港区南青山 2,,
株式会社デザポケ,https://deza-poke.com,〒101-0052 東京都千代田区神田小川町一丁目,03-4550-0945,
株式会社micado,https://micado.jp,〒150-0012 東京都渋谷区広尾1,03-6822-2689,
訪問歯科診療のデンタルサポート株式会社,https://www.dentalsupport.co.jp,〒261-8501 千葉県千葉市美浜区中瀬1,043-213-6480,
株式会社アイコネクト,https://www.iconnect-ptr.co.jp,〒153-0053 東京都目黒区五本木2,,
Natee.inc,https://natee.jp,〒150-0002 東京都渋谷区渋谷1,,
株式会社ベルアドワイズ -「お役立ち」の先まで、一緒に。,https://www.belleadwise.jp,〒460-0007 愛知県名古屋市中区新栄2,,
株式会社ヴァーチェ,https://virche.co.jp,〒532-0011 大阪府大阪市淀川区西中島6,06-6306-0755,
e-do株式会社,https://e-do.co.jp,〒590-0004 大阪府堺市堺区北清水町2,06-6535-2666,
GMOデジタルラボ株式会社,https://group.gmo,〒150-8512 東京都渋谷区桜丘町2,011-219-0037,
2023 AnalogPR Inc.,https://analogpr.co.jp,〒106-0047 東京都港区南麻布2,,
株式会社マーケティングクリエーター,https://mc-d.jp,〒102-0083 東京都千代田区麹町3,03-5357-1862,
株式会社オンマーク,https://onmark.jp,〒336-0033 埼玉県さいたま市南区曲本1,048-829-9835,
株式会社Funusual,https://funusual.co.jp,〒260-0843 千葉県千葉市中央区末広1,043-306-3662,
株式会社 拓匠開発,https://takusho.co.jp,〒260-0045 千葉県千葉市中央区弁天2,043-309-2011,
@ Riders Publicity inc. All Rights Reserved,https://riders.recruitment.jp,〒102-0094 東京都千代田区紀尾井町1,03-3221-0711,
Tangerine株式会社,https://corporate.tangerine.io,〒150-0043 東京都渋谷区道玄坂一丁目,03-5953-7601,
株式会社小西印刷所 （日本創発グループ 東証スタンダード7814）,https://www.konishi-p.co.jp,〒662-0977 兵庫県西宮市神楽町４,0798-27-7478,
株式会社MONOCOTO,https://monocoto-inc.jp,〒651-0086 兵庫県神戸市中央区磯上通8,,
2026 OTOGI Inc.,https://otogi-inc.co.jp,〒530-0014 大阪府大阪市北区鶴野町4,,
記事作成・WEBライティング代行なら株式会社YOSCA,https://yosca.jp,〒150-0002 東京都渋谷区渋谷2,03-5877-3982,
合同会社 アクト・スリー,https://act3-ad.com,〒740-0022 山口県岩国市山手町4,0827-35-6260,
ソフトウェア開発、ITソリューションの株式会社ブライセン,https://www.brycen.co.jp,〒104-6591 東京都中央区明石町8,03-6261-3612,
メディストペット株式会社,https://medistpet.jp,〒112-0001 東京都文京区白山２,03-5942-5490,
株式会社ウィーブ,https://weve.co.jp,〒104-0061 東京都中央区銀座2,06-6375-8601,
株式会社enishe,https://enishe.co.jp,〒253-0061 神奈川県茅ヶ崎市南湖4,,
マーケティングデザイン株式会社,https://marketing-design.jp,〒541-0047 大阪府大阪市中央区淡路町1,06-4708-4126,
株式会社 萬来トレーディングコンサルタント,https://www.banrai-tc.co.jp,〒510-0025 三重県四日市市東新町3,059-331-2158,
株式会社BPL,https://bplab.biz,〒733-0833 広島県広島市西区商工センター2,070-8524-8662,
Vista Japan 株式会社,https://vista-japan.com,〒538-0037 大阪府大阪市鶴見区焼野2,050-3565-4007,
株式会社GINGUN,https://gingun.co.jp,〒940-0053 新潟県長岡市長町1,0258-86-4550,
株式会社 エクシート,https://exceet.co.jp,〒919-0482 福井県坂井市春江町中庄6,0776-51-5678,
株式会社Globridge,https://www.globridge.co.jp,〒107-0052 東京都港区赤坂２,,
有限会社デンキ・ビート,https://denki-beat.com,〒910-0024 福井県福井市照手4,,
decorative mode no.3 design products Inc.,https://www.graf-d3.com,〒530-0005 大阪府大阪市北区中之島4,06-6459-2082,
株式会社アーリーダイニング,https://earlydining.jp,〒604-8216 京都府京都市中京区西洞院六角下る池須町4,,
ルリエ株式会社,https://www.junowedding.jp,〒224-0037 神奈川県横浜市都筑区茅ケ崎南3,045-942-5800,
有限会社アイビーソリューション,https://www.ibsolution.jp,〒989-3201 宮城県仙台市青葉区国見ヶ丘5,,
ウェルビンマーケティング株式会社,http://wellbin-m.co.jp,〒359-0021 埼玉県所沢市東所沢2,04-2937-6405,
株式会社ハートクリエイト,https://www.monokuma.net,〒360-0024 埼玉県熊谷市問屋町2,048-532-5671,
株式会社タカネザワナイソウ工業,https://www.tnk-inc.com,〒270-0132 千葉県流山市駒木5,047-128-4470,
京成フロンティア企画株式会社,https://www.keisei-fk.jp,〒110-0003 東京都台東区根岸2,03-5808-7520,
FREEDOM X株式会社,https://freedom-mkt.co.jp,〒103-0006 東京都中央区日本橋富沢町1,,
株式会社RAISE MARKETInG.,https://raise2000.jp,〒253-0073 神奈川県茅ケ崎市中島1,0467-53-9765,
合同会社カメレオン企画,https://chameleon-project.com,〒914-0035 福井県敦賀市山泉7,,
PIXEL HIVE LLC. All Rights Reserved.,https://www.pixel-hive.co.jp,〒392-0015 長野県諏訪市大字中洲3,090-8771-8500,
株式会社アババイ,https://www.ababai.nagoya,〒465-0025 愛知県名古屋市名東区上社4,052-715-6060,
令和3年10月 株式会社フジFPパートナーズを 「株式会社アークウェルス」 に商号変更,https://www.tax-iwasaki.com,〒410-0022 静岡県沼津市大岡9,055-922-9870,
株式会社FOOD FIELD CREATIVE,https://ffcnippon.com,〒112-0001 東京都文京区白山4,,
株式会社 吉村,https://www.yoshimura-pack.co.jp,〒142-0041 東京都品川区戸越4,03-3788-6118,
株式会社 アイル https:,https://aladdin-office.com,〒530-0011 大阪府大阪市北区大深町3,0120-356-932,
"SATORI,Inc. All Rights reserved.",https://satori.marketing,〒150-0001 東京都渋谷区神宮前6,03-6455-0500,
株式会社ハルドワール,https://hardwaru.co.jp,〒654-0012 兵庫県神戸市須磨区飛松町3,078-798-5811,
鳥取県倉吉市 運送・観光・イベント 流通株式会社,https://ryu-tsu.jp,〒682-0801 鳥取県倉吉市巌城9,0120-22-1211,
有限会社アルカディア,https://www.inc-arcadia.com,〒754-1101 山口県山口市秋穂東８,083-984-5512,
株式会社リトルワールド,https://gourmetpress.net,〒150-0013 東京都渋谷区恵比寿2,,
Co-graph Inc. All rights reserved.,https://www.co-graph.com,〒141-0001 東京都品川区北品川5,050-3185-3680,
リードプラス株式会社,https://www.cloud-contactcenter.jp,〒154-0023 東京都世田谷区若林1,,
株式会社サクシード,https://tgnr.jp,〒169-0075 東京都新宿区高田馬場2,,
株式会社 久,https://www.qinc.co.jp,〒105-0013 東京都港区浜松町2,,
2024 合同会社フードプラス,https://food-plus.jp,〒350-1304 埼玉県狭山市,04-2956-9807,
2026 Team-EC株式会社,https://team-ec.co.jp,〒192-0052 東京都八王子本郷町1,,
sankyodoコンサルティング株式会社,https://tax-startup.jp,〒192-0081 東京都八王子市横山町9,03-3572-5831,
ASUE Inc. All Rights Reserved.,https://recruit-asue.info,〒105-0014 東京都港区芝一丁目,052-212-7917,
アプライド株式会社（アプライドグループ）,https://recruit.applied-g.jp,〒812-0007 福岡県福岡市博多区東比恵3,092-481-7801,
株式会社レポハピ​,https://www.repohappy.co.jp,〒530-0004 大阪府大阪市北区堂島浜 1,,
ペタビット株式会社 Petabit Corporation,https://www.petabit.co.jp,〒102-0071 東京都千代田区富士見2,078-200-2022,
合同会社ShokumS,https://shokums.com,〒152-0003 東京都目黒区碑文谷3,,
株式会社テックリンク Teclink Inc.,https://www.teclink.co.jp,〒144-0054 東京都大田区新蒲田1,03-5711-3326,
株式会社 羅針盤,https://compasscorp.jp,〒104-0061 東京都中央区銀座七丁目,,
株式会社城岡プロモーション,https://fmwing.com,〒104-0051 東京都中央区佃2,,
Lively LLC,https://livelyjp.com,〒100-0005 東京都 千代田区 丸の内3,,
株式会社栄進,https://doyusakura.com,〒360-0812 埼玉県熊谷市大原2,048-522-2624,
手塚運輸株式会社,https://event-truck.jp,〒332-0017 埼玉県川口市栄町二丁目,048-251-3929,
オオウチトモ企画 株式会社,https://tomo-ohuchi.com,〒181-0013 東京都三鷹市下連雀3,0422-66-2817,
ヒューマン・ブラザーズ株式会社,https://humanbrothers.co.jp,〒279-0014 千葉県浦安市明海3,047-720-3855,
キャップクラウド株式会社,http://recruit.capcloud.co.jp,〒403-0017 山梨県富士吉田市新西原1,03-6824-1006,
ONE SMILE株式会社,https://web-communication.jp,〒617-0823 京都府長岡京市長岡3,075-741-6363,
narrative inc.,https://nrtv.co.jp,〒107-0052 東京都港区赤坂5,,
株式会社エクイティ,https://equity-mg.com,〒460-0011 愛知県名古屋市中区大須2,06-6467-4315,
株式会社Workplays,https://workplays.jp,〒680-0001 鳥取県鳥取市浜坂1,,
株式会社リールピーク,https://www.reelpeak.co.jp,〒160-0015 東京都新宿区大京町4,,
"デジタルライトハウス株式会社 Digital Lighthouse,Inc.",https://www.digital-lighthouse.co.jp,〒150-0046 沖縄県石垣市新川4,07-3-103,
"by Vektor,Inc. technology.",https://eddie-eizouseisaku.com,〒150-0043 東京都渋谷区道玄坂1,,
ミツワ広告株式会社・株式会社ミツワプランニング,https://www.ad-mitsuwa.com,〒541-0046 大阪府大阪市中央区平野町2,06-6484-7448,
株式会社CONNECT,https://ad.connect095.co.jp,〒854-0062 長崎県諫早市小船越町1,0957-56-9355,
株式会社アイティラーニング,https://it-learning.co.jp,〒007-0838 北海道札幌市東区 北3,011-311-2772,
"RUTSUBO, Inc.",https://rutsubo.co.jp,〒111-0053 東京都台東区浅草橋３,03-6822-6948,
株式会社ネスタ,https://naste.co.jp,〒162-0041 東京都新宿区早稲田鶴巻町 5,03-5050-2556,
株式会社アラモード,https://alm.co.jp,〒162-0824 東京都新宿区揚場町2,03-3479-1208,
屋号または法人名 株式会社ヘアーピース,https://www.yrmc.jp,〒230-0015 神奈川県横浜市鶴見区 寺谷2,03-6848-0490,
セキ株式会社,https://www.seki.co.jp,〒790-8586 愛媛県松山市湊町7,,
海外FX株式会社（法人番号：7011101107255）,https://the-leader.jp,〒162-0822 東京都新宿区下宮比町2,050-1809-4000,
正栄産業株式会社,https://casestudy.atsu-maru.co.jp,〒104-0061 東京都中央区銀座6,092-739-0067,
有限会社ヘッドルームは、茨城県つくば市にある、SEO（検索エンジンに最適化）やユーザビリティを考慮したデザインで、,https://www.headroom.jp,〒305-0032 茨城県つくば市竹園1,029-851-7230,
株式会社ベストエフォートマーケティング,https://besteffortmarketing.co.jp,〒104-0061 東京都中央区銀座8,050-3629-1813,
IDEA株式会社採用サイト,https://recruit.ideajapan.com,〒541-0042 大阪府大阪市中央区今橋2,06-6121-2027,
株式会社ブレイン,https://msbrain.net,〒981-0933 宮城県仙台市青葉区柏木2,022-344-9311,
株式会社七保,https://www.nanaho.co.jp,〒400-0813 山梨県甲府市向町 2,055-222-7001,
株式会社リソースクリエイション,https://rc-group.co.jp,〒106-0047 東京都港区南麻布2,03-4446-2666,
株式会社ifree,https://ifree.co.jp,〒160-0022 東京都新宿区新宿5,03-6823-1366,
カズミア株式会社,https://www.kazmia.jp,〒243-0434 神奈川県海老名市上郷1,046-200-7158,
2026 Starbride Inc All Rights Reserved.,https://www.starbride.jp,〒520-3015 滋賀県栗東市安養寺3,090-3687-4068,
株式会社プラスイー,https://web.okazaki-tube.jp,〒444-2137 愛知県岡崎市薮田1,0564-64-3418,
株式会社フォーサイト,https://ficjapan.co.jp,〒060-0061 北海道札幌市中央区南１,011-219-1855,
hypex Inc. 2024,https://hypex.jp,〒150-0043 東京都渋谷区道玄坂1,,
事務局： 〒870-0811 大分県大分市大字生石231-1 unid（ユーンデ）株式会社内,https://www.design-oita.jp,〒870-0811 大分県大分市大字生石2,050-5469-0391,
セーラー広告株式会社 岡山本社,https://www.saylor.co.jp,岡山市 東古松南町６−２９,086-231-2301,https://www.google.com/maps/place/%E3%82%BB%E3%83%BC%E3%83%A9%E3%83%BC%E5%BA%83%E5%91%8A%28%E6%A0%AA%29+%E5%B2%A1%E5%B1%B1%E6%9C%AC%E7%A4%BE/data=!4m7!3m6!1s0x355407999e361c37:0xbbfec5d50a421322!8m2!3d34.6439609!4d133.9127687!16s%2Fg%2F1tk8ldt2!19sChIJNxw2npkHVDURIhNCCtXF_rs?authuser=0&hl=ja&rclk=1
株式会社プリンシプル,https://keel-web.com,〒650-0024 兵庫県神戸市中央区海岸通2,078-381-7035,
有限会社メディコム・タカハシ,https://mc-t.net,〒040-0073 北海道函館市宮前町2,,
株式会社シャーロック,https://sherlocks.co.jp,大分市 府内町３丁目４−番 20号 4階,050-3557-1204,https://www.google.com/maps/place/%E6%A0%AA%E5%BC%8F%E4%BC%9A%E7%A4%BE%E3%82%B7%E3%83%A3%E3%83%BC%E3%83%AD%E3%83%83%E3%82%AF/data=!4m7!3m6!1s0x3546a1d64b844da7:0x71f2816a1b8b0367!8m2!3d33.2388092!4d131.6087825!16s%2Fg%2F11bz0fxddf!19sChIJp02ES9ahRjURZwOLG2qB8nE?authuser=0&hl=ja&rclk=1
株式会社 楽将,https://www.xn--pet362a.com,〒007-0803 北海道札幌市東区東苗穂3,011-887-0069,
株式会社evolia（エヴォリア）,https://www.evolia.co.jp,〒104-8139 東京都中央区銀座3,03-6734-7150,
有限会社ハドル,https://huddle55.jp,〒541-0059 大阪府大阪市中央区博労町４,06-6120-3385,
株式会社 キックス,https://www.bizloop.jp,〒105-0003 東京都港区西新橋2,019-629-2777,
株式会社デザイングロウ,https://design-glow.jp,〒861-0142 熊本県熊本市北区植木町鐙田1,096-295-2241,
㈱ビッグバングループ,https://bigbang-group.jimdofree.com,〒980-0803 宮城県仙台市青葉区国分町2,022-224-7751,
株式会社ZitzGen,https://zitzgen.com,〒103-0015 東京都中央区日本橋箱崎町5,03-6663-9906,
株式会社昭文社,https://sp-mapple.jp,〒102-8238 東京都千代田区麹町3,,
有限会社HAPPY ISLAND(ハッピー アイランド),https://www.jtua.or.jp,〒101-0031 東京都千代田区東神田2,03-5820-2071,
トレーディングホールディングス株式会社,https://tradingsystem.co.jp,〒939-8071 富山県富山市上袋6,076-461-5284,
称 株式会社 アテンド,https://www.attend.jp,〒940-0086 新潟県長岡市西千手1,0258-31-5005,
2023 ORIS Inc,https://roomonearth.org,〒939-8003 富山県富山市西公文名町3,076-481-8032,
株式会社CS-C,https://s-cs-c.com,〒108-0023 東京都港区芝浦4,,
株式会社アレグビット,https://alegbit.co.jp,〒501-3247 岐阜県関市池田町1,,
ミツイコーポレーション株式会社,https://www.mitsui-corp.co.jp,〒420-0803 静岡県静岡市葵区千代田6,054-261-3185,
デザインハウスPR株式会社,https://dp-solution.net,〒400-0118 山梨県甲斐市竜王1,055-287-6198,
"2025 サンプロ不動産株式会社 co.,ltd All rights reserverd.",https://www.sunpro-estate.jp,〒399-0036 長野県松本市村井町南4,0120-503-650,
PREATE株式会社,https://preate.co.jp,〒384-0809 長野県小諸市滋野甲3,,
冨士オフセット印刷株式会社 ICT事業部,https://ict.fuji-offset.co.jp,〒310-0067 茨城県水戸市根本３,029-231-4241,
2023. 株式会社ドリームゲート,https://medicalfitness-navi.jp,〒990-0831 山形県山形市西田2,00-0000-0000,
株式会社エフズフィールド,https://fsfield.jp,〒305-0047 茨城県つくば市千現2,029-846-4677,
株式会社Magi,https://magimagi.jp,〒305-0032 茨城県つくば市竹園2,029-846-7339,
有限会社スタイル,https://professionals.style-actus.com,〒372-0022 群馬県伊勢崎市日乃出町3,0270-25-2829,
HP運営会社名 株式会社studio-DA,https://gunma-hojyokin.com,〒371-0816 群馬県前橋市上佐鳥町2,027-289-3938,
オルグロー株式会社,https://www.allgrow.co.jp,〒150-0045 東京都渋谷区神泉町1,03-5784-4330,
株式会社デザインオフィス・スイッチ,https://design-switch.jp,〒320-0844 栃木県宇都宮市菊水町6,028-601-4144,
株式会社ビッグファイブ,https://www.bigfive.jp,〒108-0075 東京都港区港南2,03-6450-3341,
アークインベストメント株式会社,https://ark-inv.com,〒171-0014 東京都豊島区池袋四丁目,,
株式会社フォーセンス,https://www.4sense.co.jp,〒330-0854 埼玉県さいたま市大宮区桜木町1,048-741-9125,
山梨総合ビジネス株式会社,https://y-sb.com,〒400-0043 山梨県甲府市国母8,055-287-9688,
ベイクロスマーケティング株式会社,https://baycross.work,〒150-0012 東京都 渋谷区 広尾5,03-5449-3558,
株式会社グリーンメチル,https://greenmethyl.com,〒330-0854 埼玉県さいたま市大宮区桜木町1,,
株式会社ベストフードカンパニー,https://best-food.co.jp,〒123-0862 東京都足立区皿沼2,03-3855-5757,
株式会社全栄プロモーション,https://www.zenei-pro.jp,〒260-0015 千葉県千葉市中央区富士見2,043-441-6974,
Ad Inc. All rights reserved.,https://ad-inc.jp,〒261-0023 千葉県千葉市美浜区中瀬１,,
社名（商号） 株式会社 リードコネクト,https://lead-connect.jp,〒350-0824 埼玉県 川越市 石原町 2,049-202-2654,
"株式会社 ラビナス, All Rights Reserved.",https://labinas.jp,〒171-0031 東京都豊島区目白2,048-795-6994,
株式会社グリッタープレイス,https://glpl.co.jp,〒305-0013 茨城県つくば市栄4,029-828-7008,
株式会社ATID(アティード),https://atid.jp,〒104-0061 東京都中央区銀座1,03-6774-8401,
東葉アメニティ株式会社,https://toyoamenity.co.jp,〒274-0825 千葉県船橋市前原西7,047-478-1040,
日商メディカル株式会社,https://nissho-medical.com,〒556-0011 大阪府大阪市浪速区難波中3,06-4396-6072,
リセラ株式会社,https://www.nakachi.net,〒410-0311 静岡県沼津市原町中1,055-955-8200,
株式会社live for,https://clemore.net,〒183-0027 東京都府中市本町1,042-318-0609,
株式会社 CSA不動産,https://csa-re.co.jp,〒420-0857 静岡県静岡市葵区 御幸町3,054-205-1212,
株式会社 女将塾 (英文表記 Okamijuku Inc.),https://okamijuku.com,〒101-0054 東京都千代田区神田錦町3,03-3988-0212,
2015 INSENSE MUSIC WORKS INC. All Rights Reserved.,https://www.insense.co.jp,〒108-0073 東京都港区三田5,03-3453-5699,
2026 Cloudpoint Inc.,https://www.cloudpoint.co.jp,〒150-0002 東京都渋谷区渋谷2,050-8882-4505,
株式会社ホワイトカンパニー,https://white-co.jp,〒001-0045 北海道札幌市北区麻生町1,011-563-9955,
株式会社フューチャーリンク,https://www.futurelink.biz,〒064-0822 北海道札幌市中央区北2,0120-654-313,
2023 AIR WATER HOKKAIDO INC. All Rights Reserved.,https://airwater-souen.jp,〒060-0008 北海道札幌市中央区北8,,
(c) runrig Inc. All rights reserved.,https://runrig.jp,〒103-0023 東京都新宿区西新宿3,03-5832-6150,
株式会社北海道住宅通信社,https://www.juu-tsuu.jp,〒003-0023 北海道札幌市白石区南郷通6,011-211-8064,
シーダースコミュニケーションズ株式会社,https://www.ccc.ne.jp,〒060-0042 北海道札幌市中央区大通西1,011-688-8921,
"LAGRANGE POINT, Inc. All Rights Reserved.",https://lagrange-point.jp,〒105-0013 東京都港区浜松町2,,
LIFE QUARTET.Inc,https://lifequartet.jp,〒514-0004 三重県津市栄町三丁目,059-253-8826,
株式会社プライスレス,http://presidentfile.com,〒154-0024 東京都世田谷区三軒茶屋1,03-6825-2830,
キッチンテクノ株式会社 KITCHEN TECHNO CORPORATION,https://www.kitchen-t.co.jp,〒162-0052 東京都新宿区戸山3,03-5285-3301,
nattoku住宅株式会社,https://arc-style.co.jp,〒416-0952 静岡県富士市青葉町5,0545-62-7119,
株式会社ケーズ,https://zero-shikakaigyo.com,〒102-0075 東京都千代田区三番,03-6388-0612,
集客支援・WEBコンサル・IT教育・の有限会社インターネット企画,http://i-kikaku.co.jp,〒992-0472 山形県南陽市宮内３,0238-59-5200,
運営事務局：株式会社スリーツリークリエイト内,https://fukushima-kurashi.com,〒521-7119 福島県ふくしまぐらし推進課 メールでのお問い合わせはこちら → 詳しくはこちら 福島県企画調整部ふくしまぐらし推進課,024-521-7119,
株式会社ワイアードブレインズ,https://keyframes.jp,〒963-8833 福島県郡山市香久池1,024-954-7990,
アタ株式会社,https://atha-inc.co.jp,〒456-0006 愛知県名古屋市熱田区沢下町5,052-778-3878,
株式会社 家元,https://kanazawaiemoto.jp,〒920-0061 石川県金沢市問屋町1,076-238-0201,
TAD株式会社 福井の店舗・住宅設計施工,https://tad-inc.jimdoweb.com,〒910-0067 福井県福井市新田塚1,0776-60-1144,
株式会社信州未来づくりカンパニー,https://shinshu.miraidukuri.jp,〒390-1501 長野県松本市安曇大野田1,0263-94-2323,
株式会社 古川ちいきの総合研究所,https://chiikino.jp,〒532-0011 大阪府大阪市淀川区西中島4,06-6829-7276,
株式会社アゲート,https://agate.work,〒310-0015 茨城県水戸市宮町1,029-350-2932,
株式会社歯科サポート,https://shikasapo.net,〒276-0031 千葉県八千代市八千代台北６,03-6823-2358,
ナックハウスパートナー株式会社,https://www.acehome.co.jp,〒160-0022 東京都新宿区新宿1,03-5944-0830,
（商号） 株式会社健富（KENTO Co.Ltd.）,https://www.kento-co-ltd.com,〒104-0061 東京都中央区銀座8,03-6555-5471,
サントリーマーケティング＆コマース株式会社,https://www.inshokuten-youhin.jp,〒104-6231 東京都中央区晴海1,0120-599-310,
株式会社鶴と学び,https://tsurutomanabi.com,〒305-0047 茨城県つくば市千現2,,
wave Inc.,https://gwave.jp,〒399-3702 長野県上伊那郡飯島町飯島2,0265-86-4216,
株式会社栃木ブレックス,https://www.utsunomiyabrex.com,〒320-0066 栃木県宇都宮市駒生2,028-612-6735,
株式会社静和堂,https://www.seiwado.co.jp,〒151-0053 東京都渋谷区代々木3,03-3370-7181,
株式会社アイデン,https://aiden-one.com,〒370-0075 群馬県高崎市筑縄町6,,
INOMARKETINO INC. ALL RIGHTS RESEARVED.,https://inomarketino.com,〒150-0045 東京都渋谷区神泉町1,03-4231-9201,
"hypercreation.tokyo,inc. All Rights Reserved.",https://hypercreation.tokyo,〒101-0025 東京都千代田区神田佐久間町 3,03-5829-8515,
2026 © Creww Inc.,https://creww.me,〒150-0043 東京都渋谷区道玄坂2,03-6455-1816,
合同会社ＧＭＩセミナー事業部（埼玉県さいたま市）,https://gmi-workshop.jimdofree.com,〒336-0926 埼玉県さいたま市緑区東浦和7,048-764-8911,
株式会社ユーモア,https://humor.co.jp,〒370-0862 群馬県高崎市片岡町３,,
株式会社 禾恵,https://nogie.co.jp,〒330-0846 埼玉県さいたま市大宮区大門町3,090-4667-0333,
カイロスマーケティング株式会社,https://www.kairosmarketing.net,〒151-0051 東京都渋谷区千駄ヶ谷5,,
株式会社ラ・リューンドゥース,https://beauty-network-media.com,〒110-0015 東京都台東区東上野3,03-6886-9702,
株式会社ARTECS（アルテクス）,https://www.advance1997.co.jp,〒114-0024 東京都北区西ケ原4,048-978-7942,
ホワイトエッセンス株式会社,https://www.whiteessence.co.jp,〒150-0002 東京都渋谷区渋谷 3,03-6434-1331,
ネント合同会社,https://nent.co.jp,〒241-0833 神奈川県横浜市旭区南本宿町1,,
株式会社Medysis,https://medysis.co.jp,〒224-0066 神奈川県横浜市都筑区見花山1,045-482-6583,
株式会社MATCH,https://www.match.ne.jp,〒231-0023 神奈川県横浜市中区山下町2,,
オンサイト株式会社,https://on-sight.biz,〒101-0053 東京都千代田区神田美土代町1,03-6272-6090,
株式会社東横インIT集客ソリューション,https://www.toyokoinn-itshuukyaku.com,〒144-0054 東京都大田区新蒲田1,03-5711-7400,
※「CocodePit®」は、株式会社コトの登録商標です。,https://www.pkbsolution.co.jp,〒101-0054 東京都千代田区神田錦町 1,03-5577-7888,
国城コンサルティング株式会社(本社),https://9246consul.com,〒251-0021 神奈川県藤沢市鵠沼神明5,0466-53-9754,
株式会社 有朋社│総合広告代理店,https://www.yuhosha.co.jp,〒104-0061 東京都中央区銀座1,03-6228-7868,
株式会社 丸ヨ池内,https://www.ikeuchigroup.com,〒060-0061 北海道札幌市中央区南1,011-281-6160,
株式会社スタジオワンダー,https://studiowonder.jp,〒060-0033 北海道札幌市中央区北3,011-206-6706,
2019年 4月 インパクトホールディングス株式会社へ商号変更,https://field.impact-h.co.jp,〒107-6023 東京都港区赤坂1,03-6636-0957,
株式会社ライフブリッジ,https://www.lifebridge.jp,〒981-3133 宮城県仙台市泉区泉中央1,022-290-9585,
2026 PARTIDO Inc. All Rights Reserved.,https://partido.co.jp,〒990-0038 山形県山形市幸町2,,
共栄印刷株式会社,https://kyoeiprinting.com,〒996-0025 山形県新庄市若葉町1,0233-22-6516,
株式会社FID （英文表記：FID Ltd.）,https://f-i-d.jp,〒160-0023 東京都新宿区西新宿3,03-6628-4448,
株式会社シンクロ,https://shinkuro.co.jp,〒910-0022 福井県福井市花月1,0776-89-1978,
称 株式会社インテージテクノスフィア,https://www.intage-technosphere.co.jp,〒188-0001 東京都西東京市谷戸町2,042-423-1156,
株式会社郡中トラベル,https://gunchu-t.co.jp,〒963-0101 福島県郡山市安積町日出山1,024-953-4887,
株式会社オンクリ,https://onkuri-web.com,〒384-2204 長野県佐久市協和8,,
東京中小企業投資育成株式会社,https://www.sbic.co.jp,〒150-0002 東京都渋谷区渋谷3,03-5469-1811,
株式会社リライト,https://c.re-write.co.jp,〒184-0002 東京都小金井市梶野町5,03-5368-0297,
廣川株式会社,https://hirokawa.holdings,〒411-0858 静岡県三島市中央町3,049-293-5205,
hiqers株式会社,https://hiqers.jp,〒101-0032 東京都千代田区岩本町2,03-6260-7970,
2013-2026 FYEO BRAIN inc.,https://fyeo-brain.com,〒101-0054 東京都千代田区神田錦町2,03-5879-2213,
"静岡ブルーレヴズ株式会社 (SHIZUOKA BlueRevs Co., Ltd. )",https://www.shizuoka-bluerevs.com,〒438-0071 静岡県磐田市今之浦３,050-3354-0315,
位置情報マーケティングのシナラシステムズジャパン株式会社,https://cinarra.co.jp,〒105-7511 東京都港区海岸1,,
株式会社 オフィス・ブーン,https://www.office-boon.com,〒104-0061 東京都中央区銀座1,03-6271-9233,
株式会社タナカ,https://www.tanakanet.co.jp,〒300-4115 茨城県土浦市藤沢3,03-3255-4880,
合同会社アズーロ,https://azzuro.jp,〒060-0062 北海道札幌市中央区南2,,
有限会社ビイエフネット,https://about.bfnet.jp,〒041-0851 北海道函館市本通2,0138-86-5760,
[会社名] INPグループ合同会社,https://inp-group.p-kit.com,〒701-1153 岡山県岡山市北区富原2,086-206-5051,
株式会社クロックアップ,https://www.qlockup.net,〒030-0862 青森県青森市古川1,017-762-7218,
TPS株式会社,https://franchisesalon.net,〒870-0815 大分県大分市南春日町1,,
リロの賃貸 株式会社ナカミチ,https://www.e-nakamichi.co.jp,〒980-0802 宮城県仙台市青葉区二日町3,022-393-4661,
セサミストリートクリニックメンバープログラム日本事務局（CAPS株式会社内）,https://www.sesamestreetclinic.org,〒983-0862 宮城県仙台市宮城野区二十人町3,03-5771-2775,
株式会社クリフ,https://c-r-f.jp,〒960-8053 福島県福島市三河南町1,024-531-8120,
株式会社一向社,https://ikkosha.co.jp,〒108-0075 東京都港区港南2,03-5324-3115,
ヘッドスプリングホールディングス株式会社,https://recruit.head-spring.co.jp,〒918-8205 福井県福井市北四ツ居2,,
株式会社Chapstablook,https://chapstablook.jp,〒386-0034 長野県上田市中之条5,,
株式会社 サラト,https://chosho.com,〒380-0872 長野県長野市妻科2,026-232-5870,
株式会社POPER,https://comiru.co,〒103-0025 東京都中央区日本橋茅場町 1,,
株式会社マーケッティングインターナショナル,https://mkt-int.co.jp,〒160-0011 東京都新宿区若葉1,03-3357-7707,
株式会社Ray,https://ray-web.co.jp,〒336-0963 埼玉県さいたま市緑区大門2,048-612-2660,
株式会社マツザキ,https://www.1887.co.jp,〒350-1156 埼玉県川越市中福5,049-243-4022,
株式会社エイトノットアンドカンパニー,https://www.gyxis.jp,〒107-0051 東京都港区元赤坂1,0800-800-9710,
総合広告代理店 株式会社イーライフ,https://www.e-life.co.jp,〒252-0242 神奈川県相模原市中央区横山3,042-758-6771,
株式会社 ぎんカフェグループ,https://gincafe.co.jp,〒277-0861 千葉県柏市高田6,04-7199-7077,
有限会社ファブリレイション,http://quanta-design.com,〒263-0023 千葉県千葉市稲毛区緑町1,,
"株式会社コンパス（Compass Co., Ltd.）",https://u-compass.jp,〒300-1204 茨城県牛久市岡見町2,029-819-2411,
Circle inc. OFFICAL SITE,https://reborn.circle-inc.co.jp,〒277-0005 千葉県柏市3,050-3749-0396,
株式会社ROOM810,https://room810.jp,〒273-0005 千葉県船橋市本町4,03-5855-0810,
株式会社 テリーナテリーナ,https://tereena.jp,〒963-8811 福島県郡山市方八町2,024-953-5364,
小値賀地域ブランド製作所株式会社 オフィシャルサイト,https://ojikalocalbranding-lab.com,〒859-5512 長崎県平戸市津吉町3,,
ナガセキトーヨー住器株式会社,https://www.nagaseki.jp,〒408-0021 山梨県北杜市長坂町長坂上条2,0551-32-3511,
株式会社弎画堂,https://service.sankaku-do.co.jp,〒390-0877 長野県松本市沢村3,0263-60-9541,
ヒューマンリソシア 株式会社,https://corporate.resocia.jp,〒060-0003 北海道札幌市中央区北三条西2,011-222-7863,
(C) GALLERIA NISM Inc. All Rights Reserved.,https://www.galleria-nism.com,〒370-0035 群馬県高崎市柴崎町1,027-381-8211,
(c) 2026 ひみ知っ得ナビ Inc.All Rights Reserved.,https://himinavi.jp,〒935-0025 富山県氷見市鞍川4,0766-75-3640,
マーケティングプラス株式会社,https://www.plusline.jp,〒150-0002 東京都渋谷区渋谷2,03-6712-5066,
株式会社壱福,https://www.ichi-fuku.jp,〒277-0872 千葉県柏市十余二3,0471-97-5399,
運営：株式会社ファングリー（〒150-0036 東京都渋谷区南平台町15-13 帝都渋谷ビル 5F）,https://enpreth.jp,〒150-0036 東京都渋谷区南平台町1,,
株式会社アサプリ ルースター事業部,https://www.rooster.co.jp,〒103-0012 東京都中央区日本橋堀留町2,03-3669-3790,
株式会社フィルムリンク,https://www.filmlink.jp,〒062-0933 北海道札幌市豊平区平岸3,,
株式会社アスタリスク,https://www.ast-risk.net,〒070-0038 北海道旭川市8,0166-24-5155,
株式会社ドゥ・ハウス,https://newscast.jp,〒105-0004 東京都港区新橋1,,
(C) 2020 ECOLA inc.,https://ecola.co.jp,〒980-0821 宮城県仙台市青葉区春日町9,022-395-4131,
Vat株式会社（ブイエイティ）,https://office-vat.jp,〒010-0041 秋田県秋田市広面字野添6,,
株式会社 グロースアーキテクト,https://growth-architect.co.jp,〒370-0813 群馬県高崎市本町4,027-395-0506,
坂井建設株式会社 TEL 0256-46-0610,https://iezukuri-business.homes.jp,〒955-0092 新潟県三条市須頃1,0256-46-0610,
株式会社佐野組,https://sanogumi.net,〒919-1513 福井県三方上中郡若狭町三田2,0770-64-1752,
株式会社LOCAS,https://locas.co.jp,〒380-0928 長野県長野市若里2,026-217-4502,
株式会社ジャパンヘナ,https://j-henna.com,〒150-0022 東京都渋谷区恵比寿南 1,03-3794-6992,
晃南印刷株式会社,https://tochigi.job-start.jp,〒163-0523 東京都新宿区西新宿1,028-612-7530,
株式会社てぃーだスクエア内,https://www.j-line.co.jp,〒550-0015 大阪府大阪市西区南堀江1,06-6110-7272,
MARKS BRANDING inc. 合同会社 マークス・ブランディング,https://marksbranding.com,〒370-0003 群馬県高崎市新保田中町内,027-368-0667,
有限会社クロスリングウェイ Cross Ringway Inc.,https://xoway.com,〒101-0021 東京都千代田区外神田3,092-409-9497,
c Medical Net Inc.,https://service.medical-net.com,〒151-0072 東京都渋谷区幡ヶ谷1,03-5790-5265,
株式会社 光美容化学,http://www.hikari-b.co.jp,〒036-8001 青森県弘前市代官町2,0172-36-1234,
MEホールディングス株式会社,https://www.megroup-2.jp,〒330-0063 埼玉県さいたま市浦和区高砂1,0120-530-077,
株式会社アクティバル,https://1969actival.jp,〒343-0845 埼玉県越谷市南越谷5,048-985-0390,
山見インテグレーター株式会社,https://yico.co.jp,〒227-0048 神奈川県横浜市青葉区 柿の木台1,090-3206-8335,
株式会社NENGO,https://nengo.jp,〒213-0001 神奈川県川崎市高津区溝口2,,
2022-2026 株式会社シーク,https://seek-consulting.jp,〒231-0041 神奈川県横浜市中区吉田町6,045-264-2550,
株式会社みんぷろ,https://www.minpromotion.jp,〒215-0023 神奈川県川崎市麻生区片平6,044-379-2004,
株式会社 ヒカリオフィスグループ,http://www.h-o-group.com,〒451-6040 愛知県名古屋市西区牛島町6,052-451-3280,
株式会社Cledu,https://cledu-1.jp,〒460-0002 愛知県名古屋市中区丸の内2,052-686-3048,
株式会社 グローバルキャスト,https://owner.valed.jp,〒453-6114 愛知県名古屋市中村区平池町 4,03-5860-7565,
コステージ・ラン株式会社（運営受託）,https://costage.co.jp,〒651-0087 兵庫県神戸市中央区御幸通8,,
株式会社オレンジフローラル,https://www.orange-floral.com,〒259-0201 神奈川県足柄下郡真鶴町真鶴1,0465-69-2239,
株式会社オール,https://www.oaroar.com,〒105-0013 東京都港区浜松町1,03-5935-7427,
株式会社VECTOR DeSIGN,https://masumiwasho.com,〒501-0466 岐阜県本巣市下真桑1,,
ヒラタ産業株式会社,https://hirata-sangyo.co.jp,〒500-8082 岐阜県岐阜市矢島町2,058-266-4124,
エリッツ御所ビル 株式会社エリッツ建物管理内,https://www.keiji-net.com,〒602-0003 京都府京都市上京区新町通寺之内上る３,075-285-1391,
株式会社CTN,https://corp.ctn-net.jp,〒572-0086 大阪府寝屋川市松屋町1,072-800-7106,
株式会社三扇堂（本社）,https://www.sansendo.co.jp,〒452-0814 愛知県名古屋市西区南川町6,052-501-6100,
"Principal Home U.S.A. Inc.,",https://pr-h.jp,〒194-0036 東京都町田市木曽東2,0120-021-541,
株式会社ウィズメディカルサービス,https://with-medical-service.jp,〒595-0037 大阪府泉大津市 虫取町1,,
2026 株式会社シナラボ All Rights Reserved.,https://www.synalabo.com,〒541-0041 大阪府大阪市中央区北浜2,06-7777-1850,
(C) 株式会社KYORI,http://kyo-ri.co.jp,〒675-0031 兵庫県加古川市加古川町北在家2,079-421-5248,
スラッシュ株式会社,https://reblo.jp,〒107-0052 東京都港区赤坂2,03-5575-6789,
（株式会社イノベント内）,https://housing-biz.jp,〒107-0062 東京都港区南青山三丁目,03-6812-9422,
ブレークスルーアカデミー有限会社,https://www.aburidas.com,〒564-0063 大阪府吹田市江坂町1,06-6190-3336,
エンデバー・ユナイテッド株式会社,https://www.endeavourunited.co.jp,〒100-0005 東京都千代田区丸の内二丁目,,
株式会社CEOキッズアカデミー,https://ceokidsacademy.jp,〒657-0029 兵庫県神戸市灘区日尾町2,078-862-1104,
株式会社アイキャッチ All Rights Reserved.,https://the.icatch.co.jp,〒514-2222 三重県津市豊が丘２,059-271-9773,
株式会社 ビーライン,https://beeline-tire.co.jp,〒880-0121 宮崎県宮崎市大字島之内6,0985-86-7770,
株式会社備中屋,https://bitchuya-sake.com,〒713-8101 岡山県倉敷市玉島上成6,086-525-5581,
株式会社TAROC,https://taroc.jp,〒590-0982 大阪府堺市堺区海山町4,01-0106-0399,
"Digiclue, Inc.",https://digiclue.jp,〒105-5536 東京都港区虎ノ門2,,
株式会社クレーる,https://claire-claire.co.jp,〒631-0803 奈良県奈良市山陵町1,0742-81-3621,
株式会社 ティー・エム・ピー,https://www.tmp-co.com,〒670-0992 兵庫県姫路市福沢町3,079-292-1100,
株式会社ジャパンビューティープロデュース All Rights Reserved.,https://beautyproduce.co.jp,〒103-0027 東京都中央区日本橋3,03-5201-3606,
㈱KDB,https://thanksnet-kdb.com,〒736-0085 広島県広島市安芸区矢野西4,082-820-0300,
清水英雄事務所株式会社,https://au-shimizu.co.jp,〒114-0011 東京都北区昭和町1,03-3810-1565,
All rights reserved 株式会社Beauty Gum,https://beauty-gum.jp,〒760-0028 香川県 高松市鍛冶屋町 7,087-880-8419,
株式会社リーフカンパニー,https://leaf-consulting.info,〒790-0051 愛媛県松山市生石町5,089-994-5526,
アップル会計株式会社,https://www.mgrp.jp,〒760-0073 香川県高松市栗林町 1,,
株式会社電翔,https://www.densho-at.jp,〒343-0816 埼玉県越谷市弥生町3,048-940-0898,
株式会社福山ワールド美容,https://fukuyama-world-biyou.net,〒721-0955 広島県福山市新涯町1,084-953-7727,
株式会社ヘリテージ,https://preppyweb.com,〒141-0022 東京都品川区東五反田2,03-3528-9790,
株式会社アートヴァディジング,https://artvetising.com,〒810-0014 福岡県福岡市中央区平尾1,092-791-5350,
"THE NEXT GENERATION, inc. All rights reserved.",https://the-next-generation.jp,〒106-0047 東京都港区南麻布3,,
株式会社スマートブレイン（福岡市）,https://www.smartbrains.jp,〒905-0205 沖縄県国頭郡本部町字山川8,092-600-4910,
株式会社エムマーケットエージェンシー,https://mmarketagency.jp,〒812-0016 福岡県福岡市博多区博多駅南6,092-402-0867,
株式会社ネクストプラス,https://www.next-plus.co.jp,〒373-0851 群馬県太田市飯田町5,048-577-6540,
LUCIE株式会社,https://www.lucie.co.jp,〒810-0004 福岡県福岡市中央区渡辺通2,092-982-0585,
株式会社 オーエイチ,https://bus.ooh.co.jp,〒150-0013 東京都渋谷区恵比寿1,03-6276-5081,
株式会社ネクスト,https://carnext.co.jp,〒001-0905 北海道札幌市北区新琴似 --> オーシャンデザイン群馬店 【運営会社】株式会社AOZORA COMPANY（提携） 【平均在庫台数】8,093-644-3960,
MEDIVA.inc,https://mediva.co.jp,〒158-0097 東京都世田谷区用賀2,,
株式会社ジャム（,https://jam-cf.com,〒860-0017 熊本県熊本市中央区練兵町4,096-324-0353,
株式会社クマベイス,https://kumabase.com,〒140-0001 東京都品川区北品川1,096-285-8670,
合同会社 松之屋フーズ,https://matsunoyafoods.com,〒890-0073 鹿児島県鹿児島市宇宿2,099-807-2036,
株式会社Move On,https://salessupport.move-on.co.jp,〒812-0011 福岡県福岡市博多区博多駅前4,050-1754-2158,
株式会社 鹿児島レブナイズ,https://www.rebnise.jp,〒892-0853 鹿児島県鹿児島市城山町1,099-201-5811,
株式会社KISYABAREE （キシャバリー）,https://kisyabaree.com,〒890-0056 鹿児島県鹿児島市下荒田3,,
株式会社リヴクリエイティブ,https://revcreative.co.jp,〒067-0072 北海道江別市一番,011-383-5005,
株式会社プラネット,https://advertisingplanet.co.jp,〒542-0086 大阪府大阪市中央区西心斎橋1,06-6252-0030,
株式会社ダブルノット,https://doubleknot.co.jp,〒680-0404 鳥取県八頭郡八頭町見槻中1,050-3205-0801,
株式会社HAPPY ANALYTICS（読み：ハッピーアナリティクス）,https://happyanalytics.co.jp,〒176-0001 東京都練馬区練馬1,,
2025 Kazehiraku inc.,https://kazehiraku.com,〒104-0061 東京都中央区銀座一丁目,,
リックス工業株式会社,https://licks.co.jp,〒323-0807 栃木県小山市城東4,0285-25-6620,
戦略PRの株式会社東京片岡英彦事務所,https://www.kataokahidehiko.com,〒105-0004 東京都港区新橋2,03-6820-2197,
Strh株式会社,https://www.strh.co.jp,〒150-0022 東京都渋谷区恵比寿南 2,,
株式会社シーラベル,https://marketing.clabel.jp,〒221-0052 神奈川県横浜市神奈川区栄町５,,
株式会社ムラノセイコー,https://www.opengate.jp,〒625-0281 神奈川県 横浜市中区 北方町1,045-625-0281,
株式会社HARBOR,https://harbor88.jp,〒399-8304 長野県安曇野市穂高柏原1,,
株式会社KUSANA,https://www.kusana.biz,〒525-0059 滋賀県草津市野路1,,
株式会社オアシス,https://oa-sys.co.jp,〒444-0204 愛知県岡崎市土井町字西番,0564-59-3988,
株式会社エスクリエイト,https://shiga-create.jp,〒525-0032 滋賀県草津市大路3,077-565-0333,
株式会社 ワンアップクリエイティブ,https://oneupcreativejp.com,〒543-0001 大阪府大阪市天王寺区上本町6,00-01-2798,
", PETABIT MARKETING, INC. ALL RIGHTS RESERVED.",https://marketing.petabit.co.jp,〒102-0071 東京都千代田区富士見２,078-231-5677,
合同会社GITAG,https://gitag.co.jp,〒532-0011 大阪府大阪市淀川区西中島3,06-6195-7565,
株式会社GIG,https://www.conmark.jp,〒103-0007 東京都中央区日本橋浜町1,,
2026 株式会社ストル All rights reserved.,https://stll.me,〒150-0001 東京都渋谷区神宮前6,,
2023 NexTrend Inc. All rights reserved.,https://nextrend.tokyo,〒150-0002 東京都渋谷区渋谷2,03-6450-5750,
株式会社COME TREES,https://cometrees.jp,〒104-0061 東京都中央区銀座1,050-3187-3985,
株式会社コミューナ,https://www.communa-td.net,〒980-0811 宮城県仙台市青葉区一番,022-398-5395,
総合クリエイティブ広告 ブリッジ-株式会社島根県合同折込,https://brug.jp,〒690-0023 島根県松江市竹矢町1,0852-37-0202,
株式会社メリット,https://www.merit-inc.co,〒690-0012 島根県松江市古志原5,0852-23-2230,
TEGOU.llc All Rights Reserved.,https://tegou-web.com,〒709-4303 岡山県勝田郡勝央町豊久田1,080-2910-2742,
FISM株式会社,https://omot.co.jp,〒150-0034 東京都渋谷区代官山町1,03-3868-0882,
株式会社鉄道広告,https://tetsudo-ad.web-checker3.net,〒722-0051 広島県尾道市東尾道1,0848-20-2202,
株式会社総合広告社,https://www.sogo-ad.net,〒739-0041 広島県東広島市西条町寺家4,082-422-1828,
トレンダーズ株式会社,https://www.teiju-ohda.jp,〒694-0064 島根県大田市大田町大田イ２,0854-86-8220,
株式会社 讃友,https://www.k-3u.com,〒761-8081 香川県高松市成合町7,087-864-7901,
中央システム倉庫 2F（株式会社AND内）,https://tokushima-web-association.com,〒770-0941 徳島県徳島市万代町5,080-8301-0455,
TAQVIS Inc.,https://taqvis.jp,〒790-0011 愛媛県松山市千舟町五丁目,089-942-1218,
株式会社Re-Wain【公式ホームページ】,https://re-wain-official.com,〒810-0014 福岡県福岡市中央区平尾2,092-260-9276,
西予ＣＡＴＶ株式会社,https://seiyo-catv.co.jp,〒797-0015 愛媛県西予市宇和町卯之町二丁目,0894-62-7811,
(Name) 有限会社 池田セメント工業所,https://iweb-factory.site,〒848-0044 佐賀県伊万里市木須町4,080-6514-7880,
株式会社 Samika （サミカ）,https://www.samika.jp,〒060-0042 北海道札幌市中央区大通西1,,
ビジネスとIT活用に役立つ情報（株式会社アーティス）,https://blog.asobou.co.jp,〒430-7720 静岡県浜松市中央区板屋町1,053-459-1700,
(C) 2014-2026 仙台のホームページ制作 Ad A Type Inc.,https://www.dataplan.jp,〒980-0811 宮城県 仙台市青葉区 一番,022-716-3883,
Firework Japan株式会社,https://firework.com,〒141-0022 東京都品川区東五反田2,,
株式会社ネットショップ支援室,https://ec.smaregi.jp,〒629-3101 京都府京丹後市網野町網野1,0120-24-8812,
株式会社Vision Platform,https://visionplatform.co.jp,〒107-0052 東京都港区赤坂7,03-6826-2180,
株式会社エッグシステム,https://eggsystem.co.jp,〒160-0023 東京都新宿区西新宿8,03-6262-9734,
株式会社Progress,https://r-progress.com,〒371-0847 群馬県前橋市大友町3,027-212-4708,
株式会社バニッシュ・スタンダード,https://www.v-standard.com,〒150-0001 東京都渋谷区神宮前1,,
2011 Smart Share Inc.,https://www.ownly.jp,〒359-0023 埼玉県所沢市東所沢和田三丁目,03-5962-6401,
2026 Core Innovation Inc.,https://coreinnovation.co.jp,〒386-0012 長野県上田市中央２,0268-62-5262,
株式会社NOOL,https://nool.jp,〒344-0023 埼玉県春日部市大枝 9,,
株式会社 恒電社 本社,https://recruit.koden-kk.co.jp,〒362-0811 埼玉県北足立郡伊奈町西小針6,048-728-4283,
ハウスウェル株式会社,https://housewell-satei.com,〒330-0852 埼玉県さいたま市大宮区大成町3,048-662-1012,
株式会社はな,https://hana-jp.com,〒277-0945 千葉県柏市しいの木台4,,
"SUICH,inc. All Rights Reserved.",https://suich.jp,〒343-0813 埼玉県越谷市越ヶ谷2,048-984-7889,
株式会社on the bakery（株式会社オンザベーカリー）,https://beautypost.jp,〒489-0983 愛知県瀬戸市苗場町1,,
株式会社C's Link,https://cslink.co.jp,〒260-0805 千葉県千葉市中央区宮崎町7,090-9301-9829,
合同会社Hayabusa Design,https://www.chayamamovie.com,〒107-0062 東京都港区南青山2,090-5544-5127,
トランスコスモス株式会社 コーポレートサイト,https://transcosmos-ecx.jp,〒150-0011 東京都渋谷区東1,050-1751-7700,
株式会社 日本流通産業新聞社,https://www.bci.co.jp,〒103-0026 東京都中央区日本橋兜町1,,
有限会社Piese,https://www.piese.net,〒420-0045 静岡県静岡市葵区天王町3,054-260-5251,
リノベーション株式会社,https://renovation-r.co.jp,〒０６０-０９０８ 北海道札幌市東区北８,0120-47-1177,
株式会社CALICO DESIGN,https://calico-design.co.jp,〒103-0013 東京都中央区日本橋人形町3,03-3669-5200,
Jairo Inc.,https://jairo.jp,〒103-0007 東京都中央区日本橋浜町3,03-3808-2241,
カーテンコール株式会社 (Curtaincall.Ltd),https://curtaincall.ltd,〒274-0825 千葉県船橋市前原西2,050-5052-1567,
株式会社 朝日オリコミ茨城,https://asaori-iba.co.jp,〒300-0066 茨城県土浦市虫掛東3,029-824-4468,
株式会社埼玉新聞事業社,https://sai-media.co.jp,〒330-0062 埼玉県さいたま市浦和区仲町3,048-830-1910,
株式会社 中央広告社,https://www.central-net.co.jp,〒862-0971 熊本県熊本市中央区大江6,096-366-0555,
株式会社メディカルサポート,https://m-support.jp,〒101-0021 東京都千代田区外神田6,,
株式会社ディージーワン,https://dg-1.jp,〒107-0062 東京都港区南青山3,03-6860-0018,
株式会社産案グループホールディングス 会社案内PDF,https://www.san-anghd.co.jp,〒103-0014 東京都中央区日本橋蛎殻町1,,
株式会社マインズ,https://www.minds-consulting.jp,〒231-0027 神奈川県横浜市中区扇町1,03-6895-7328,
株式会社エフ・コード,https://f-code.co.jp,〒153-0064 東京都目黒区下目黒1,03-6272-8991,
(c) 株式会社旭広告社 沼津営業所 All rights reserved,https://asahi-ad-numazu.jp,〒410-0801 静岡県沼津市大手町2,055-951-7802,
株式会社ハウスイズム,https://hausism-lg.com,〒921-8062 石川県金沢市新保本四丁目,076-235-9181,
株式会社アバンダンスウェブ,https://abundanceweb.co.jp,〒812-0011 福岡県福岡市博多区博多駅前2,092-778-3080,
株式会社トライアウト,https://tryout.co.jp,〒541-0059 大阪府大阪市中央区博労町1,06-6271-3011,
2026 IFREA.inc,https://ifreagroup.co.jp,〒160-0023 東京都新宿区西新宿7,,
​グッドハイブ株式会社,https://www.good-hive.jp,〒516-0072 三重県伊勢市宮後1,0596-65-6990,
"株式会社システムアドバンス（英文名：System Advance Co., Ltd.） 営業目的",https://s-advance.com,〒501-0105 岐阜県岐阜市河渡四丁目,058-216-1243,
株式会社プロフリー,https://pro-free.com,〒520-3014 滋賀県栗東市川辺1,077-598-6522,
株式会社aim,https://www.aim-yao.com,〒581-0018 大阪府八尾市青山町４,050-1726-6227,
Tag Cross Marketing Inc. 2022,https://tagcm.com,〒103-0006 東京都中央区日本橋富沢町4,,
UpLucid Inc.,https://www.docswell.com,〒150-0002 東京都渋谷区渋谷三丁目,03-6820-0998,
株式会社レボラル,https://revoral.co.jp,〒810-0801 福岡県福岡市博多区中洲５,092-287-9598,
ヒルボックス株式会社,https://hillbox.net,〒105-0001 東京都港区虎ノ門5,,
有限会社ジャプロ,https://www.japro.net,〒689-4105 鳥取県西伯郡伯耆町久古1,0859-68-3032,
株式会社ウィンポイント,https://win-point.jp,〒673-1431 兵庫県加東市社3,0120-748-135,
株式会社SUN Reality,https://sunreality.jp,〒101-0051 東京都千代田区神田神保町2,03-6364-6488,
株式会社ヘラルボニー,https://www.heralbony.jp,〒305-8555 茨城県つくば市研究学園１,,
マーケティングデザイン 株式会社アイオム,https://iwoum.com,〒302-0013 茨城県取手市台宿2,,
レイ株式会社,https://a1s.co.jp,〒363-0026 埼玉県桶川市上日出谷4,050-5362-0693,
株式会社COUNTER WORKS（カウンターワークス）,https://counterworks.co.jp,〒141-0031 東京都品川区西五反田7,03-6420-0773,
Company name 株式会社 ラトーナマーケティング Latona Marketing Inc.,https://www.latona-m.com,〒419-0107 静岡県田方郡函南町平井9,055-913-6128,
SPデザイン株式会社,https://spdesign.meisho-hp.jp,〒101-0032 東京都千代田区神田東松下町2,052-855-3555,
株式会社さくら印刷,https://www.dhw.co.jp,〒277-0005 千葉県柏市柏3,0120-302-553,
2004-2023 Agent Inc. All Rights Reserved.,https://agent-network.com,〒150-0043 東京都渋谷区道玄坂2,03-3780-3911,
株式会社B.S.D,https://bestscore.co.jp,〒430-0816 静岡県浜松市中央区参野町 6,053-522-7025,
コンサルティングＲ株式会社,https://consulting-r.biz,〒194-0021 東京都町田市中町1,042-794-7177,
株式会社 マーケティングデザイン,https://www.goodsalespromotion.jp,〒108-0075 東京都港区港南2,050-1746-0155,
2024 S-TRUST Inc. All Right Reserved.,https://strust-inc.co.jp,〒422-8041 静岡県静岡市駿河区中田4,054-654-3855,
株式会社BeBlock,https://beblock.co.jp,〒450-0002 愛知県名古屋市中村区名駅3,052-898-2730,
新日本印刷株式会社,https://www.s-pri.co.jp,〒468-0065 愛知県名古屋市天白区中砂町4,052-832-6851,
クリーンテックス・ジャパン株式会社,https://promo.kleen-tex.jp,〒651-2271 兵庫県神戸市西区高塚台2,078-991-3694,
記帳代行（ナセル株式会社）,https://bricksuk.biz,〒108-0075 東京都港区港南1,03-3471-8215,
株式会社 まころ企画,https://honbako-cafe.com,〒611-0021 京都府宇治市宇治宇文字2,072-265-1555,
株式会社ロークルー（RAWCREW LTD.）,https://rawcrew.jp,〒540-0027 大阪府大阪市中央区鎗屋町2,,
2026 WR Inc. All Rights Reserved.,https://wr-inc.jp,〒150-6090 東京都渋谷区恵比寿4,03-4567-6158,
株式会社OFFSTYLE,https://offstyle.net,〒530-0038 大阪府大阪市北区紅梅町1,06-6940-4922,
impact mirAI Inc. All Rights Reserved,https://impact-mirai.co.jp,〒107-6023 東京都港区赤坂1,,
共同精版印刷株式会社,https://www.ksp-group.co.jp,〒116-0014 東京都荒川区東日暮里5,0742-33-1221,
株式会社アンドパッド,https://andpad.co.jp,〒108-0073 東京都港区三田三丁目,,
クラブン株式会社 ALJARO,https://aljaro.jp,〒710-0055 岡山県倉敷市阿知2,086-441-3515,
株式会社フジテックス,https://med.fjtex.co.jp,〒164-0001 東京都中野区中野二丁目,,
株式会社IRODORI LIFE,https://irodorilife22.jp,〒460-0007 愛知県名古屋市中区新栄２,052-848-7134,
s (C) 2020 Discover Japan Inc. All Rights Reserved.,https://discoverjapan-web.com,〒150-0042 東京都渋谷区宇田川町1,0191-48-4795,
"スポーツマーケティング&エンターテイメントビジネスのコンサルティング会社 Fan Circle inc,のコーポレートサイト",https://fan-circle.com,〒150-0034 東京都渋谷区代官山町9,,
株式会社HAMONZ,https://hamonz.co.jp,〒431-3121 静岡県浜松市中央区有玉北町1,050-5476-7277,
株式会社JPRについて,https://news.jprpet.com,〒194-0022 東京都町田市森野1,042-860-6980,
株式会社ウィズプロデュース,https://with-produce.co.jp,〒104-0061 東京都中央区銀座1,03-6697-1884,
モリシゲビル株式会社（モリシゲペットクリニック）,https://hirogaru.co.jp,〒150-0031 東京都渋谷区桜丘町2,,
アイ・モバイル株式会社,https://www.it-marketing.jp,〒150-0001 東京都渋谷区神宮前3,045-717-8400,
株式会社フォトクリエイト,https://www.photocreate.co.jp,〒160-0023 東京都新宿区西新宿6,03-6812-7054,
株式会社ハクヨコーポレーション 地図はこちら,https://www.hakuyo-ps.co.jp,〒501-0296 岐阜県瑞穂市穂積1,058-329-1354,
Vixen Aim 株式会社,https://vixen-aim.com,〒105-0022 東京都港区海岸1,,
ONES株式会社,https://ones-pets.com,〒509-5124 岐阜県土岐市土岐口中町３,0572-51-1224,
株式会社食料新聞社,https://www.syokuryou-shinbun.com,〒111-0053 東京都台東区浅草橋5,03-3272-1666,
株式会社アーティスティックス,https://hp-shizuoka.jp,〒410-0056 静岡県沼津市高島町 1,055-928-6500,
株式会社フォーサイトクリエイション,https://hp.f-creation.co.jp,〒550-0005 大阪府大阪市西区西本町1,06-6556-7519,
株式会社オールムービー・ジャパン,https://www.allmovie.jp,〒113-0033 東京都文京区本郷1,03-5840-7713,
株式会社LLB,https://llb.co.jp,〒606-8344 京都府京都市左京区岡崎円勝寺町9,075-762-1616,
イービーアイコンサルティング株式会社,https://www.ebi-consulting.jp,〒041-0806 北海道函館市美原三丁目,,
2022 株式会社アローテック,https://www.arrow-tech.jp,〒104-0061 東京都中央区銀座8,03-6264-7481,
株式会社メイカヒット All Right Reserved.,https://make-a-hit.co.jp,〒152-0004 東京都目黒区鷹番,,
株式会社 Connect Design,https://c-design.works,〒994-0047 山形県天童市駅西2,,
"株式会社はなやのミカタ hanayanomikata Co.,Ltd",https://hanayanomikata.com,〒381-0014 長野県長野市北尾張部7,,
ソニックス株式会社,https://sonics.co.jp,〒390-0852 長野県松本市島立1,0263-31-5327,
グッドプランニング株式会社,https://www.eizo-media.com,〒110-0012 東京都台東区竜泉1,03-6802-8616,
株式会社GRACE,https://uriageup-tv.com,〒220-6208 神奈川県横浜市西区みなとみらい2,050-1808-9598,
株式会社インターゾーン,https://inter-zone.jp,〒370-0073 群馬県高崎市緑町2,027-387-0003,
Silver General合同会社,https://marketmotion.jp,〒336-0026 埼玉県さいたま市南区辻8,,
株式会社廣和,https://www.kowa-sign.com,〒230-0048 神奈川県横浜市 鶴見区本町通4,045-505-2028,
ホロ株式会社,https://horo-corp.co.jp,〒260-0015 千葉県千葉市中央区富士見2,047-400-9678,
西川コミュニケーションズ株式会社,https://www.nishikawa.jp,〒170-8630 東京都豊島区東池袋三丁目,,
株式会社EPARK,https://epark.co.jp,〒108-0023 東京都港区芝浦四丁目,0120-975-778,
株式会社メイクオリジン,https://makeorigin.com,〒251-0025 神奈川県藤沢市藤沢5,0466-96-0414,
2023 Jeane Inc. All Rights Reserved.,https://jeane.jp,〒107-0062 東京都港区南青山3,03-6380-6165,
株式会社ワンプルーフ,https://www.one-proof.co.jp,〒160-0023 東京都新宿区西新宿4,03-6383-4412,
株式会社ベンチャーコンサルタント,https://www.vec-inc.info,〒530-0001 大阪府大阪市北区梅田2,090-3703-3404,
株式会社ベルーフ,https://www.act-marketing.jp,〒532-0002 大阪府大阪市淀川区東三国4,06-6210-6622,
株式会社クシコ,https://kushiko.net,〒039-1197 青森県八戸市河原木字青森谷地 〒0,,
株式会社キャドセンター,https://www.cadcenter.co.jp,〒105-0014 東京都港区芝2,03-6699-0181,
株式会社イングシステム,https://ingsystem.jp,〒063-0812 北海道札幌市西区琴似2,011-676-8100,
株式会社 アトリエKC,https://akc-design.co.jp,〒360-0841 埼玉県熊谷市新堀7,048-533-0327,
(C) 1999 Sakurajimusyo inc.,https://www.sakurajimusyo.com,〒150-0031 東京都渋谷区桜丘町2,03-6455-0011,
SO PLUS COMPANY 株式会社,https://soplus.co.jp,〒918-8034 福井県福井市南居町8,0776-33-3111,
株式会社Simple（シンプル）,https://simple2018.com,〒000-0000 東京都 xx区 x-xx-x xxxxビル,,
フィール株式会社,https://feel-jp-info.net,〒601-8305 京都府京都市南区吉祥院宮ノ東町１,075-321-1240,
YourColor株式会社,https://your-color.co.jp,〒210-0007 神奈川県川崎市川崎区駅前本町1,,
タツミ印刷株式会社,https://www.tazmi.com,〒563-0035 大阪府池田市豊島南２,072-761-8434,
株式会社サードクエスト 建設業界に特化したWEBマーケティング会社,https://thirdquest.jp,〒564-0053 大阪府吹田市江の木町1,06-6867-7737,
2018 ReTRIBES Inc.,https://rekaizen.com,〒141-0021 東京都品川区上大崎2,03-6427-5422,
株式会社エール,https://hakodate-roman.com,〒040-0046 北海道函館谷地頭2,,
株式会社SAND(サンド),https://sand-sendai.com,〒980-0802 宮城県仙台市青葉区二日町１,022-200-6525,
株式会社 太洋堂,https://www.love.co.jp,〒104-0033 東京都中央区新川1,,
iD inc. All rights reserved.,https://id-project.jp,〒150-0001 東京都渋谷区神宮前1,,
株式会社irif,https://exds.jp,〒980-0013 宮城県仙台市青葉区花京院1,022-713-8778,
株式会社アテンド,https://www.ark-hd.co.jp,〒940-0086 新潟県長岡市西千手1,0800-8008-339,
2020 Jinseiwajojoda inc.,https://jinseiwajojoda.com,〒761-0121 香川県高松市牟礼町牟礼2,087-845-0007,
株式会社源氣について,https://genki-corp.com,〒390-1301 長野県東筑摩郡山形村8,0263-88-8630,
むすびめコミュニケーションクリエイツ株式会社,https://musuvime.jp,〒101-0047 東京都千代田区内神田1,03-3291-2388,
2026 上毛新聞アドシステム株式会社 All Rights Reserved.,https://www.jomo-ad.jp,〒371-0844 群馬県前橋市古市町1,027-254-1234,
株式会社 博展,https://www.hakuten.co.jp,〒104-0031 東京都中央区京橋三丁目,,
株式会社彩カンパニー,https://irodori-company.co.jp,〒336-0017 埼玉県さいたま市南区南浦和 2,048-767-3836,
株式会社ぷろぺら,https://www.propeller-tv.co.jp,〒151-0063 東京都渋谷区富ヶ谷1,03-5738-2281,
株式会社エフインク,https://www.f-inc.com,〒158-0094 東京都世田谷区玉川3,,
株式会社プラージュ,https://www.prage.jp,〒107-0052 東京都港区赤坂2,03-5420-1280,
【公式】エクシム株式会社,https://exsim.co.jp,〒330-0801 埼玉県さいたま市大宮区土手町１,048-653-7450,
ママダカラ株式会社,https://mamadakara.com,〒252-0804 神奈川県藤沢市湘南台２,050-7122-2644,
株式会社Make It,https://makeit-cp.co.jp,〒211-0063 神奈川県川崎市中原区小杉町2,,
株式会社セレス,https://ceres-inc.jp,〒150-6221 東京都渋谷区桜丘町1,,
株式会社NKインターナショナル,https://nkinter.co.jp,〒080-0803 北海道帯広市東3,0155-27-6888,
(C)2025 MOST8株式会社 All Rights Reserved.,https://www.most8.jp,〒023-0062 岩手県奥州市水沢字小石田1,,
geelee media group Inc.,https://geelee.co.jp,〒151-0053 東京都渋谷区代々木1,02-2711-4266,
アンドロメディア合同会社,https://digital-press.net,〒158-0087 東京都世田谷区玉堤1,03-5459-6660,
株式会社Officeフロンティア,https://officefrontier.net,〒312-0036 茨城県ひたちなか市津田東３,,
株式会社インストアマーケティング,https://ism-corp.jp,〒135-0016 東京都江東区東陽７,0586-51-1380,
株式会社オールウェイタッグ,https://aw-tag.com,〒319-1413 茨城県日立市小木津町３,0294-43-0472,
有限会社並木保険企画,https://namikihoken.com,〒306-0113 茨城県古河市谷貝6,0280-78-0738,
株式会社 今橋製作所,https://www.compass-reach.jp,〒319-1301 茨城県日立市十王町伊師2,0294-32-7715,
ダン:サイエンス株式会社,https://donescience.com,〒103-0027 東京都中央区日本橋2,03-6225-2855,
ニコ株式会社,https://nico.tokyo,〒359-0037 埼玉県所沢市くすのき台1,,
株式会社ピーシー・ブレイン PCBRAIN Inc.,http://www.webquick.jp,〒270-2253 千葉県松戸市日暮1,047-311-6677,
Sankei-eye Inc. All Rights Reserved.,https://sankei-eye.co.jp,〒108-0023 東京都港区芝浦4,03-5443-7500,
株式会社M2O エムツーオー,https://mx2o.com,〒206-0033 東京都多摩市落合1,,
株式会社マサキ,https://masaki-adsolution.com,〒292-0801 千葉県木更津市請西2,0438-37-1861,
株式会社HIDETO KITAMURA FILMS,https://hidetokitamurafilms.info,〒292-0043 千葉県木更津市東太田1,,
株式会社バリューシード,https://valueseed.net,〒180-0004 東京都武蔵野市吉祥寺本町2,0422-24-7343,
エーアンドティー・プロモーションズ有限会社,https://at-p.co.jp,〒286-0118 千葉県成田市本三里塚本町1,0476-40-4755,
2022 © 株式会社やまき,https://www.k-yamaki.jp,〒107-0052 東京都港区赤坂1,03-3401-1614,
株式会社ワールドサービス,https://www.wsg-co.com,〒286-0107 千葉県成田市堀之内6,080-3587-3433,
アイキャンディ株式会社,https://eye-candy.co.jp,〒193-0832 東京都八王子市散田町4,042-664-8347,
株式会社プロモ,https://www.promo-inc.jp,〒190-0023 東京都立川市柴崎町3,042-524-0033,
株式会社プロネート,https://www.pronate.co.jp,〒174-0063 東京都板橋区前野町2,03-5392-7221,
株式会社マネジメントブレーン 武蔵野地域の経営・創業支援,https://www.mb-brain.com,〒180-0004 東京都武蔵野市吉祥寺本町2,0422-28-4330,
2017- 国際旅行通信株式会社 アイテックトラベル All Rights Reserved.,https://www.aitec-group.com,〒115-0055 東京都北区赤羽西1,03-3909-3225,
株式会社Office Breath,https://office-breath.com,〒180-0006 東京都武蔵野市中町2,0422-90-5847,
COPYRIGHT 2026 株式会社ドクターブリッジ ALL RIGHTS RESERVED.,https://www.iryoto.jp,〒150-0041 東京都渋谷区神南1,03-6427-9941,
ヤドワーズ株式会社～Y’d words,https://www.ydwords.com,〒182-0024 東京都調布市布田4,042-498-2977,
日本アセットマーケティング株式会社,https://www.jasset.co.jp,〒134-0081 東京都江戸川区北葛西4,,
小田急不動産株式会社 国土交通大臣(15)第1168号,https://www.odakyu-fudosan.co.jp,〒151-0061 東京都渋谷区初台1,,
"2024 Grass Family,inc.All rights reserved.",https://grass-family.co.jp,〒243-0432 神奈川県海老名市中央一丁目,,
【kusukusu.inc】鎌倉のデザイン事務所「株式会社クスクス」は、店舗デザイン・ブランディング・環境デザインを手がけています。,https://kusu-kusu.jp,〒248-0014 神奈川県鎌倉市由比ヶ浜2,0467-38-8284,
株式会社日比谷花壇 All Rights Reserved.,https://hibiya.co.jp,〒238-0316 神奈川県横須賀市長井4,,
株式会社カオナビ,https://jinjibu.jp,〒150-6138 東京都渋谷区渋谷2,,
株式会社ノートラック,https://www.notrack.jp,〒150-0013 東京都渋谷区恵比寿1,,
株式会社コスモ（株式会社COSMO）,https://cosmo-beauty.jp,〒815-0075 福岡県福岡市南区長丘3,092-551-1387,
称 株式会社 バーツプロダクション,https://www.virts.jp,〒943-0834 新潟県上越市西城町2,025-524-5733,
株式会社北信越地域資源研究所,https://hokushinetsu-lab.jp,〒943-0861 新潟県上越市大和5,025-520-8777,
JPコーチ&コンサルティング株式会社,https://www.jpcoah.com,〒503-0887 岐阜県大垣市郭町2,0584-71-7033,
Eightablish Inc.,https://8ablish.com,〒107-0062 東京都港区南青山4,,
SUISEI Inc. All rights reserved.,https://suisei-inc.com,〒600-8823 京都府京都市下京区花屋町通櫛笥⻄入薬園町1,,
株式会社坂井建設,https://i-dear.biz,〒533-0033 大阪府大阪市東淀川区東中島１,097-597-1953,
2026 株式会社ロゼアトリエ,https://rose.recruit-beauty.jp,〒277-0855 千葉県柏市南柏1,04-7146-7353,
株式会社トワクル,https://towakuru.com,〒939-0303 富山県射水市西高木7,070-2194-6901,
WEBサイト制作なら株式会社エイム,https://aim-lab.jp,〒401-0332 山梨県南都留郡富士河口湖町西湖2,0555-28-4130,
合同会社ヤツガタケシゴトニン,https://8sigotonin.com,〒391-0114 長野県諏訪郡原村1,0266-74-2299,
"株式会社ジェイ・リンクス （英文名：J-Links Co., Ltd.） 社名の由来",https://www.jlinksjapan.com,〒107-0051 東京都港区元赤坂１,050-1720-8634,
株式会社壱番屋,https://coorum.jp,〒141-0031 東京都品川区西五反田2,,
株式会社 島村謄文堂,https://toubundou.co.jp,〒426-0061 静岡県藤枝市田沼一丁目,054-635-1305,
株式会社ooyaビジネスクリエイト,https://obcreate.co.jp,〒104-0061 東京都中央区銀座６,03-6228-7045,
ArrowS株式会社はこちら,https://arrows88.com,〒452-0832 愛知県名古屋市西区平出町1,080-4652-8714,
株式会社アイエルシー(AiLC),https://ail-c.com,〒426-0022 静岡県藤枝市稲川6,054-641-0245,
社名：株式会社AIOZ,https://aioz-co.jp,〒446-0058 愛知県安城市三河安城南町一丁目,0566-71-5835,
有限会社シーエスプラス,https://www.csplus.jp,〒460-0008 愛知県名古屋市中区栄1,052-265-9100,
"2020 GMO ReTech, Inc.",https://chintaidx.com,〒485-0075 愛知県小牧市大字三ツ渕字西之坪1,03-6416-5500,
株式会社ライフライン -HOME,https://lifeline-mie.com,〒515-0005 三重県松阪市鎌田町2,0598-52-0780,
株式会社メイヴン,https://mavens.jp,〒513-0809 三重県鈴鹿市西条五丁目,059-383-1560,
株式会社東迎システムファクトリー,https://togei-sf.co.jp,〒550-0015 大阪府大阪市西区南堀江1,06-6567-8774,
アールアイコンサルティング株式会社,https://ri-c.co.jp,〒530-0001 大阪府大阪市北区梅田1,06-6131-6462,
株式会社シティライフNEW,https://citylife-new.com,〒566-0001 大阪府摂津市千里丘1,06-6338-0640,
株式会社マスト,https://www.mast-ltd.com,〒651-1413 兵庫県西宮市北六甲台4,078-903-3550,
合同会社マーケティングデパートメント,https://marketingdept-llc.com,〒151-0051 東京都渋谷区千駄ヶ谷1,,
株式会社トラスト・システム,https://www.trust-system.company,〒660-0881 兵庫県尼崎市昭和通9,06-6412-1515,
八尾トーヨー住器株式会社,https://yaotfc.com,〒581-0884 大阪府八尾市恩智南町2,072-943-6881,
このみち株式会社,https://taihei-kotsu.com,〒722-0073 広島県尾道市向島町2,0848-44-1600,
株式会社 Senjin Holdings,https://www.senjinholdings.co.jp,〒102-0074 東京都千代田区九段南2,03-4572-0639,
有限会社アイサイン企画,https://aisain.jp,〒792-0874 愛媛県新居浜市長岩町2,0897-67-1377,
GRAFIK INC.,https://www.greenfieldgrafik.com,〒760-0053 香川県高松市田町1,087-816-6950,
スターズプロダクション株式会社,https://stapro.jp,〒770-0012 徳島県徳島市北佐古二番,088-622-6670,
キコット株式会社 採用サイト,https://kicoto-recruit.jp,〒792-0812 愛媛県新居浜市坂井町2,0897-35-2277,
"EAC Advertising,Inc.",https://eac711.com,〒790-0947 愛媛県松山市市坪南二丁目,089-905-1720,
株式会社アド・キャピタル,http://ad-capital.co.jp,〒820-0042 福岡県飯塚市本町1,0948-22-1457,
株式会社アーティステーション,https://artistation.co.jp,〒819-1116 福岡県糸島市前原中央2,092-331-8231,
"2026 THE EAST TIMES, INC. all rights reserved.",https://the-east.jp,〒108-0073 東京都港区三田2,03-6822-3656,
有限会社イーデザインショップ,https://edesign-shop.com,〒819-1116 福岡県糸島市前原中央2,,
株式会社グッドエブリデイ,https://ads-kumamoto.info,〒862-0963 熊本県熊本市南区出仲間8,096-234-6271,
有限会社蟻広告事務所,https://www.ali-ad-office.jp,〒852-8114 長崎県長崎市橋口町1,095-848-7671,
株式会社アニムブ,https://animove.co.jp,〒850-0032 長崎県長崎市興善町8,095-895-9096,
株式会社J-to,https://j-to.jp,〒866-0015 熊本県八代市築添町1,0965-45-5205,
株式会社シュマン,https://chemin.jp,〒871-0027 大分県中津市上宮永9,0979-22-4444,
株式会社梓書院,https://www.azusashoin.com,〒812-0044 福岡県福岡市博多区千代3,092-643-7075,
ジセイ広告合同会社,https://jisei-ad.com,〒882-0854 宮崎県延岡市安賀多町3,0982-40-3068,
Wur株式会社,https://www.kanxashi.co.jp,〒101-0051 東京都千代田区神田神保町3,03-6261-7447,
LDI株式会社,https://www.ldi.jp.net,〒903-0104 沖縄県中頭郡西原町字兼久3,,
ウイングアーク１ｓｔ株式会社,https://www.wingarc.com,〒106-6235 東京都港区六本木三丁目,03-6416-5070,
株式会社EnjoySystem,https://enjoysystem.co.jp,〒443-0056 愛知県蒲郡市神明町9,0533-95-3917,
ANA Digital Gate株式会社,https://ana-dg.com,〒104-0061 東京都中央区銀座７,,
株式会社アド・プロモート,https://ad-promote.co.jp,〒329-0201 栃木県小山市粟宮1,,
Ｎｏｓｈ Inc. All Rights Reserved.,https://www.nosh-inc.com,〒140-0014 東京都品川区大井3,,
"株式会社リブ・コンサルティング(英名：LiB Consulting Co.,Ltd)",https://www.libcon.co.jp,〒103-6029 東京都中央区日本橋二丁目,03-6281-9596,
株式会社ビジネス アソシエイツ,https://bainc.co.jp,〒104-0031 東京都中央区京橋 2,03-3568-4558,
株式会社TEAMZ,https://www.teamz.co.jp,〒105-0001 東京都港区虎ノ門1,,
2026 Cookpad Inc.,https://info.cookpad.com,〒153-0044 東京都目黒区大橋2,,
株式会社カチカは、,https://saiyo-support.net,〒422-8061 静岡県静岡市駿河区森下町1,,
榊原建設株式会社は尾張地方で100年一般住宅から大型建物建設してきたプロフェッショナル企業です,https://www.sakakibara-cons.co.jp,〒491-0854 愛知県一宮市北園通２,0586-73-6831,
株式会社コムデザインラボ,https://design-kom.com,〒451-0051 愛知県名古屋市西区則武新町4,052-253-9571,
株式会社バリューズフュージョン,https://valuesfusion.jp,〒107-0052 東京都港区赤坂９,050-3137-0728,
株式会社AD.EAST（英文商号 AD.EAST INC.）,https://www.adeast.net,〒550-0014 大阪府大阪市西区北堀江2,06-4390-4990,
株式会社ブルーストーク,https://bluestork.jp,〒566-0062 大阪府摂津市鳥飼上3,06-6371-1135,
株式会社 米谷,https://www.p-yonetani.com,〒532-0034 大阪府大阪市淀川区野中北2,06-6150-1328,
名：株式会社ミラタス,https://satsueiplus.com,〒550-0004 大阪府大阪市西区靱本町2,06-4400-8324,
株式会社サイジング,https://sizing.co.jp,〒651-0094 兵庫県神戸市中央区琴ノ緒町2,078-291-4190,
株式会社Spread,https://spread-recruit.jp,〒530-0027 大阪府大阪市北区堂山町1,06-4400-8718,
株式会社 アールエスタイチ,https://www.rs-taichi.co.jp,〒577-0063 大阪府東大阪市川俣1,06-6785-0513,
MIRARTHホールディングス株式会社,https://mirarth.co.jp,〒100-0005 東京都千代田区丸の内1,,
関西トランスウェイ株式会社,https://kansaitransway.co.jp,〒595-0031 大阪府泉大津市我孫子1,0725-22-6111,
株式会社髙翔,https://takasho.net,〒659-0068 兵庫県芦屋市業平町3,0797-21-3313,
株式会社RITA,https://rita-ltd.jp,〒104-0061 東京都中央区銀座1,,
株式会社フェズ,https://www.fez-inc.jp,〒693-0028 島根県出雲市塩冶善行町1,,
株式会社津山朝日新聞社,https://tsuyamaasahi.co.jp,〒708-0052 岡山県津山市田町1,0868-22-3135,
株式会社トミーズコーポレーション,https://www.tmys.co.jp,〒595-0015 大阪府泉大津市二田町3,0725-20-4080,
2022 Blanket Inc. All Rights Reserved.,https://blan-ket.com,〒113-0033 東京都文京区本郷４,,
株式会社BizPlatform（英語表記：BizPlatform Inc.),https://zeinavi.jp,〒330-0802 埼玉県さいたま市大宮区宮町4,0120-999-411,
株式会社Relic（Relic Inc.）,https://relic.co.jp,〒790-0012 愛媛県松山市湊町4,,
株式会社パソナ地方創生,https://chihousousei.jp,〒107-0062 東京都港区南青山3,03-6832-7366,
2023 NOVARCA Inc.,https://www.novarca.jp,〒101-0054 東京都千代田区神田錦町2,03-6773-9107,
株式会社たべごとカンパニー,https://foodoffice357.amebaownd.com,〒402-0040 ◆大分県の名城（べっぷゆけむり大学） ◆留学生向け城下町講義（大分大学経済学部）平成2,,
合同会社TASUKU,https://seaglass.jp,〒739-0034 広島県廿日市市宮内4,0829-59-1114,
株式会社SALT,https://salt.camp,〒819-0168 福岡県福岡市西区今宿駅前1,092-517-4321,
株式会社テクノ総合コンサルティング,https://technojp.net,〒675-0021 兵庫県加古川市尾上町安田1,090-9255-4220,
株式会社Fast Fitness Japan,https://www.fastfitnessjapan.jp,〒160-0023 東京都新宿区西新宿六丁目,,
Aizoon合同会社,https://aizoon.jp,〒272-0142 千葉県市川市欠真間1,050-8886-8264,
アストロラボ株式会社,https://www.astrolab.co.jp,〒107-0062 東京都港区南青山1,,
株式会社ビルディット,https://bldt.jp,〒192-0082 東京都八王子市東町1,,
株式会社かなえる,https://kana-eru.co.jp,〒810-0041 福岡県福岡市中央区大名1,092-753-7665,
株式会社 MIC（ミック）,https://www.mic-info.co.jp,〒222-0033 神奈川県横浜市港北区新横浜2,045-345-2525,
株式会社スプラム®,https://www.spram.jp,〒104-0061 東京都中央区銀座6,03-5537-7775,
"1996-2026 Realize,Inc. All rights reserved.",https://www.e-realize.com,〒939-8064 富山県富山市赤田2,076-428-0075,
株式会社コバックス,https://web.go-kobax.jp,〒949-5415 新潟県長岡市岩田2,0258-92-6715,
Hurray3 Inc. All Rights Reserved.,https://hurray3.com,〒141-0022 東京都品川区東五反田5,03-6453-7218,
HIORYES Inc.,https://hioryes.jp,〒501-3722 岐阜県美濃市2,0575-36-2049,
Edgeneer LLC,https://edgeneer.com,〒111-0055 東京都台東区三筋1,,
株式会社レッドスターカンパニー,https://www.redstarcompany.co.jp,〒047-0154 北海道小樽市朝里川温泉1,,
※「ゼロテク®︎」は株式会社アリミノの登録商標です。,https://www.arimino.co.jp,〒980-0013 宮城県仙台市青葉区花京院1,03-3363-8211,
株式会社アートマークプロジェクト,https://artmarkproject.com,〒108-0073 東京都港区三田1,03-3456-0344,
ブルーファーム株式会社,https://bluefarm.co.jp,〒989-6162 宮城県大崎市古川駅前大通1,0229-25-5442,
有限会社川口商事,https://www.kankyo-kaihatsu.net,〒998-0851 山形県酒田市東大町三丁目,0234-25-4843,
HYBRAIN株式会社 -HYBRAIN Inc.,https://hybrain.co.jp,〒530-0001 大阪府大阪市北区梅田1,,
株式会社アルゴバース,https://argo-ms.com,〒105-0003 東京都港区西新橋1,,
株式会社ワイズサイン,https://ys-sign.com,〒379-2235 群馬県伊勢崎市三室町5,0270-62-6696,
春蒔プロジェクト株式会社,https://harumaki.co.jp,〒150-0002 東京都渋谷区渋谷1,03-6419-7799,
2003-2026 有限会社ジーニアス教育総合研究所,https://www.genius-edu.jp,〒589-0023 大阪府大阪狭山市大野台5,072-367-6665,
CREAP株式会社,https://www.creap.co,〒192-0153 東京都八王子市西寺方町8,042-659-1870,
株式会社オフィスアリーナ,https://office-arena.com,〒270-0034 千葉県松戸市新松戸7,047-345-4669,
株式会社エナゲピューラ.,https://enagepura.jp,〒186-0002 東京都国立市東1,042-512-9846,
株式会社ポニーキャニオン,https://local.ponycanyon.co.jp,〒106-8487 東京都港区六本木1,03-6230-9707,
2023 is-PRO Inc.,https://www.is-pro.co.jp,〒351-0015 埼玉県朝霞市幸町3,03-5933-3510,
株式会社 グッドネイバーズ,https://enjoyworks.jp,〒248-0014 神奈川県鎌倉市由比ガ浜1,0467-53-8583,
"2026 TOKYO VERDY ,inc. All Rights Reserved.",https://www.verdy.co.jp,〒182-0032 東京都調布市西町3,03-3512-1969,
エキスパート・フラップ株式会社,https://www.expert-frappu.co.jp,〒920-0061 石川県金沢市問屋町1,076-237-8881,
The Orangepage Inc. All Rights Reserved.,https://www.orangepage.co.jp,〒108-0073 東京都港区三田一丁目,,
株式会社ゆめスタ,https://yumesuta.com,〒486-0918 愛知県春日井市如意申町７,052-990-6385,
株式会社ジースタッフ,https://www.g-staff.net,〒503-0035 岐阜県大垣市荒尾玉池2,0584-47-5780,
株式会社 Snoh,https://www.snoh.info,〒392-0013 長野県諏訪市沖田町 2,,
合同会社未来志向Labo,https://miraishikolabo.com,〒416-0939 静岡県富士市川成島6,,
日本イベント企画株式会社,https://www.ne-planning.com,〒503-0006 岐阜県大垣市加賀野4,0584-71-6131,
FUN SPIRITS株式会社,https://kagenazo.com,〒102-0071 東京都千代田区富士見 2,,
有限会社 ピーシースタイル,https://pc-style.co.jp,〒491-0934 愛知県一宮市大和町苅安賀地蔵前2,0586-44-1785,
株式会社 DREAM WORKS（ドリームワークス）,https://dwp.co.jp,〒924-0016 石川県白山市宮永市町6,076-275-6678,
株式会社 zero to one（ゼロ・トゥ・ワン）,https://zero2one.jp,〒984-0015 宮城県仙台市若林区卸町 2,,
HANSOKUKEN INC.,https://hansokuken.jp,〒420-0035 静岡県静岡市葵区七間町8,054-255-2066,
株式会社エヌ・エフ・ユー,https://www.nfu.co.jp,〒475-0902 愛知県半田市宮路町5,0569-21-0560,
CATS株式会社,https://markecats.co.jp,〒163-6006 東京都新宿区西新宿6,,
株式会社ニッセンLINX,https://www.nissen.biz,〒104-0033 東京都中央区新川2,0120-338-840,
有限会社デジタルストライブ,https://d-strive.com,〒524-0041 滋賀県守山市勝部一丁目,077-514-2127,
forest Inc.,https://forest-inc.jp,〒150-0041 東京都渋谷区神南1,,
アリエリンクス株式会社,https://arielinks.co.jp,〒543-0025 大阪府大阪市天王寺区下味原町 3,06-6796-7366,
株式会社askme（アスクミー),https://www.askme.co.jp,〒550-0011 大阪府大阪市西区阿波座1,03-5796-3980,
株式会社イングリウッド,https://inglewood.co.jp,〒541-0053 大阪府大阪市中央区本町4,06-6262-8330,
LUXES Inc. All rights reserved.,https://www.luxces.jp,〒569-0071 大阪府高槻市城北町２,,
CommerceXホールディングス株式会社,https://commercex.co.jp,〒564-0051 大阪府吹田市豊津町9,06-6170-5121,
称 髙田紙器株式会社,https://www.takada-shiki.com,〒581-0039 大阪府八尾市太田新町7,072-920-2366,
株式会社 オリスマ,http://cyber-injection.co.jp,〒567-0032 大阪府茨木市西駅前町1,072-631-8122,
合同会社PLANET,http://pla.co.jp,〒104-0061 東京都中央区銀座⼀丁⽬2,,
SenQue合同会社,https://print-f.net,〒562-0044 大阪府箕面市半町2,072-720-1311,
株式会社プラスゲート,https://www.plus-gate.co.jp,〒670-0944 兵庫県姫路市阿保甲3,079-290-9366,
株式会社エクセレント,https://excellent-okayama.com,〒700-0035 岡山県岡山市北区高柳西町2,050-3188-1456,
株式会社パイオニア,https://cpio.co.jp,〒273-0035 千葉県船橋市本中山4,047-706-7136,
株式会社モバイルコム,https://www.mobilecom.co.jp,〒790-0062 愛媛県松山市南江戸3,089-926-3030,
山口ネットワークス株式会社,https://www.yamaguchinetworks.co.jp,〒744-0008 山口県下松市新川一丁目,0833-48-0111,
株式会社 ふりぃぼっくす,http://freebox.co.jp,〒780-0833 高知県 高知市 南はりまや町1,088-878-0120,
2021–2026 株式会社きりん住宅,https://kirin-j.com,〒792-0812 愛媛県新居浜市坂井町2,0897-32-0331,
コンデンス株式会社,https://tmdl.jp,〒870-0034 大分県大分市都町4,097-547-9251,
株式会社 CAキャリア,https://ca-digital.jp,〒810-0041 福岡県福岡市中央区大名1,092-406-7073,
ランチェスター経営株式会社公認「戦略社長塾」塾長,https://landingpage.copywriting.co.jp,〒810-0041 福岡県福岡市中央区大名2,092-791-7796,
RITAグループホールディングス株式会社,https://ritagroup.co.jp,〒860-0863 熊本県熊本市中央区坪井2,096-274-1001,
大弘アド沖縄 (株式会社大弘アド),http://www.daiko-ad.okinawa,〒904-0413 沖縄県国頭郡恩納村冨着1,098-989-6912,
株式会社無添加住宅,https://mutenkahouse-reform.jp,〒663-8005 兵庫県西宮市下大市西町3,0798-52-2255,
2021 有限会社都城事務機,https://miyakonojojimuki.com,〒885-0013 宮崎県都城市郡元町3,0986-46-0801,
W inc.,https://w-inc.net,〒253-0055 神奈川県茅ヶ崎市中海岸4,,
株式会社ウェルビーイングラボ,https://be-readysapporo.com,〒064-0824 北海道札幌市中央区北4,,
"Akyureto, Inc.",https://akyureto.com,〒025-0052 岩手県花巻市材木町7,,
有限会社オータス,https://ohtas.jp,〒400-0032 山梨県甲府市中央1,055-298-4300,
株式会社e-デザイン空間福島ギャラリー 〒969-1404 福島県二本松市油井字八軒45（株）鐵扇屋内,https://esthome.jp,〒969-1404 福島県二本松市油井字八軒4,0243-24-1600,
株式会社IDEAL(イデアル). All rights reserved.,https://ideal-co.jp,〒950-0087 新潟県新潟市中央区東大通2,025-250-5339,
株式会社横倉本店 All Rights Reserved.,https://yokokura-uc.jp,〒321-0911 栃木県宇都宮市問屋町3,028-656-7777,
株式会社アスクリエイト,https://www.asuxcreate.co.jp,〒002-0854 北海道札幌市北区屯田4,,
株式会社コードデザイン,https://codezz.net,〒064-0804 北海道札幌市中央区南4,011-688-6864,
株式会社エデュクリエーション,https://educreation.co.jp,〒039-1165 青森県八戸市石堂２,0178-80-7651,
1974年 5月 資本金2千万円に増資、商号を伊豆商事株式会社に変更,http://www.izus.co.jp,〒130-0023 東京都墨田区立川3,03-3634-1531,
株式会社プロス：総合美容ディーラープロス 京都、東京、福岡,https://prosbeauty.com,〒602-8062 京都府京都市上京区油小路通上長者町下る亀屋町1,075-414-6181,
株式会社Remix Design,https://remix-h.jp,〒630-8226 奈良県奈良市小西町1,0742-95-9946,
中国バス不動産株式会社,https://lifuku-satei.com,〒720-0001 広島県福山市御幸町上岩成8,0120-886-129,
株式会社アスリートクラブ熊本,https://roasso-k.com,〒860-0856 熊本県熊本市中央区妙体寺町5,096-283-1200,
株式会社スプランドゥール,https://splendeur.jp,〒919-0628 福井県あわら市大溝1,0776-97-6650,
株式会社YICトラスト,https://www.yic.ac.jp,〒754-0021 山口県山口市小郡黄金町2,083-976-8354,
合同会社Circular Thanks,https://yori-i.org,〒990-8580 山形県山形市城南町1,,
株式会社 UCHIDA （本社）,https://uchida-kyoto.jp,〒215-0022 神奈川県川崎市麻生区下麻生2,075-585-3687,
BRANU株式会社,https://careecon-fanmi.com,〒106-0032 東京都港区六本木6,03-5414-1822,
株式会社ブラーボデザイン,https://bravodesign.co.jp,〒672-8014 兵庫県姫路市東山5,045-453-9077,
株式株式会社ともにか,https://tomonika.jp,〒546-0043 大阪府大阪市東住吉区駒川1,06-6713-0770,
株式会社 平和堂 2001-2026,https://www.heiwado.jp,〒522-8511 滋賀県彦根市西今1,0120-668-852,
サンケイ広告株式会社,https://www.u-road.jp,〒646-0026 和歌山県田辺市宝来町1,0739-25-4570,
株式会社 松本山雅,https://www.yamaga-fc.com,〒386-1326 長野県上田市舞田7,0263-88-5490,
2024 KATSUKI HOLDINGS INC. All Rights Reserved.,https://katsuki-holdings.co.jp,〒071-8101 北海道旭川市東鷹栖1,011-209-8090,
株式会社ウェブベース,https://www.web-base.co.jp,〒560-0032 大阪府豊中市蛍池東町2,0120-977-054,
株式会社OWL,https://owl-inc.ne.jp,〒381-0045 長野県長野市桐原2,,
株式会社 コンライズ,https://conrize.com,〒310-0852 茨城県水戸市笠原町1,029-306-6730,
cyber records inc. all rights reserved.,https://www.cyber-records.co.jp,〒105-0013 東京都港区浜松町1,096-288-1022,
新光株式会社. All Rights Reserved.,https://shinko9868.co.jp,〒871-0011 大分県中津市大字下池永1,0979-62-9868,
irodori株式会社,https://www.irodori-create.jp,〒910-0006 福井県福井市中央1,080-2015-9001,
"Crypton Future Media, INC.",https://www.crypton.co.jp,〒060-0003 北海道札幌市中央区北三条西4,,
パラシュート株式会社,https://parachute.co.jp,〒101-0044 東京都千代田区鍛冶町1,011-865-8180,
廣告社株式会社,https://www.kokoku-direct.jp,〒160-8441 東京都新宿区新宿3,,
株式会社システムサポートホールディングス,https://www.sts-hd.co.jp,〒920-0853 石川県金沢市本町1,,
"2000-2026 KADOKAWA ASCII Research Laboratories, Inc.",https://www.lab-kadokawa.com,〒380-8570 長野県長野市南長野幅下 6,03-5840-7800,
平成18年12月 ジーナ・プリント株式会社をジンプランニング株式会社に商号変更,https://ichikawa-jin.co.jp,〒103-0014 東京都中央区日本橋蛎殻町1,075-351-0361,
ナイスモバイル株式会社,https://nicemobile.jp,〒399-0033 長野県松本市笹賀5,0263-87-2298,
株式会社メディアクリエーションズ All Rights Reserved.,https://media-creations.co.jp,〒300-3257 茨城県つくば市筑穂1,029-869-4287,
(c) MINUTES Inc. all rights reserved.,https://www.msd-net.co.jp,〒220-0004 神奈川県横浜市西区北幸2,03-5396-5861,
2026 casane tsumugu LLC,https://casane-tsumugu.jp,〒016-0831 秋田県能代市元町4,,
エックスモバイル株式会社,https://www.x-repair.jp,〒963-8812 福島県郡山市松木町2,024-955-6656,
京福不動産株式会社,https://www.keifuku-re.com,〒910-0859 福井県福井市日之出3,0776-22-1890,
TAKASAKI TERMINAL BUILDING 高崎ターミナルビル株式会社,https://www.takasakitb.co.jp,〒370-0849 群馬県高崎市八島町2,,
株式会社ROA,https://roa-estate.com,〒070-8011 北海道旭川市神居１,0166-73-5217,
株式会社SIｇN,https://www.sign-movie.com,〒514-0803 三重県津市柳山津興5,059-271-8855,
株式会社ウィードプランニング,https://www.weedplanning.co.jp,〒520-2143 滋賀県大津市萱野浦1,077-543-5828,
株式会社Kyrie,https://kyrie-kyoto.co.jp,〒607-8076 京都府京都市山科区 音羽役出町1,075-888-0664,
株式会社ウエマツ,https://www.tsuchiyama.co.jp,〒601-8308 京都府京都市南区吉祥院向田東町1,075-312-1321,
久留米映像制作Movie.X Pomotion株式会社,https://moviexpromotion.jp,〒840-020４ 福岡県久留米市城島町内野3,,
Work LAB Inc. All Rights Reserved.,https://worklab.co.jp,〒803-0812 福岡県北九州市小倉北区室町1,093-591-0086,
株式会社リチカ,https://richka.co.jp,〒150-0011 東京都渋谷区東3,,
神広企画株式会社,https://www.shinkoukikaku.com,〒650-0044 兵庫県神戸市中央区東川崎町1,078-360-6336,
株式会社和歌山新報社,https://wakayamashimpo.co.jp,〒640-8043 和歌山県和歌山市福町4,073-433-6112,
株式会社フック,https://huk-creative-jam.com,〒769-2322 香川県さぬき市寒川町石田西2,0879-26-9922,
HOTKOCHI INC. All rights reserved.,https://ing.hotkochi.co.jp,〒780-0081 高知県高知市 北川添1,088-823-5607,
株式会社 ティーアンドイー,https://t-e.co.jp,〒810-0005 福岡県福岡市中央区清川2,092-524-1811,
スキルパス株式会社,https://skillpath.jp,〒225-0023 神奈川県横浜市青葉区大場町1,045-971-7104,
株式会社コレクトプレイス,https://collectplace.co.jp,〒963-8023 福島県郡山市緑町9,050-1732-3162,
2026 株式会社ハイパーメディアマーケティング All Rights Reserved.,https://www.hypermedia-marketing.com,〒102-0085 東京都千代田区六番,090-1657-6373,
株式会社アドアサヒ 埼玉県狭山市 All Rights Reserved.,https://ad-asahi.jp,〒350-1304 埼玉県狭山市狭山台1,04-2958-5551,
株式会社東京個別指導学院,https://www.tkg-jp.com,〒163-0525 東京都新宿区西新宿一丁目,03-6911-3246,
大垣正和サービス株式会社,https://www.ok-sol.co.jp,〒503-0887 岐阜県大垣市郭町2,0584-78-6477,
C Channel株式会社,https://corp.cchan.tv,〒107-0062 東京都港区南青山7,,
Design Studio PASTEL Inc. All Rights Reserved.,https://studio-pastel.jp,〒565-0851 大阪府吹田市千里山西 4,,
株式会社ジーウェイブ,https://ziwave.com,〒261-8501 千葉県千葉市美浜区中瀬1,043-297-0633,
"株式会社文化工房（BUNKAKOBO, INC.）",https://www.bun.co.jp,〒106-0032 東京都港区六本木5,03-5770-7111,
株式会社フォルトナボックス,https://www.fbc-yokohama.com,〒231-0844 神奈川県横浜市中区西之谷町4,045-260-6525,
株式会社菅原,https://bigsize-scan.com,〒670-0945 兵庫県姫路市北条梅原町5,079-281-2005,
テオドール株式会社,https://theodor.co.jp,〒543-0001 大阪府大阪市天王寺区上本町5,06-4400-7839,
株式会社シンクエイト,https://thinkeight.co.jp,〒460-0005 愛知県名古屋市中区東桜2,052-908-0505,
"️ Onwords, Inc. All Rights Reserved.",https://www.onwords.co.jp,〒105-0001 東京都港区虎ノ門３,,
2024 株式会社 Laugh at Life All Rights Reserved.,https://www.laughat-life.com,〒223-0057 神奈川県横浜市港北区新羽町1,045-534-3240,
"Makuake, Inc. All Rights Reserved.",https://www.makuake.co.jp,〒231-0062 神奈川県横浜市中区桜木町一丁目,,
株式会社ユニックス,https://www.uniccs.co.jp,〒420-0852 静岡県静岡市葵区紺屋町1,054-686-5651,
ENJIN Inc. ALL RIGHTS RESERVED.,https://enjintokyo.com,〒154-0004 東京都世田谷区太子堂4,,
有限会社ゴルゴオフィス,https://golgo-office.com,〒170-0004 東京都豊島区北大塚2,03-5961-4565,
株式会社シンクリンク,https://think-link.co.jp,〒215-0021 神奈川県川崎市麻生区上麻生7,044-281-5985,
大崎システック株式会社,https://cstech.jp,〒290-0066 千葉県市原市五所1,0436-43-5411,
有限会社マーズ,https://lifeonmars.jp,〒819-1136 福岡県糸島市美咲が丘2,096-285-9274,
NRワークス合同会社,https://nr-works.jp,〒586-0043 大阪府河内長野市清見台 4,,
株式会社伝書鳩,https://denshobato.com,〒090-0036 北海道北見市幸町2,0157-23-4362,
会社・商号 エスエスビジネスフォーム株式会社,https://www.ssbf.co.jp,〒116-0012 東京都荒川区東尾久2,03-6240-8762,
株式会社サイネックス,https://www.scinex.co.jp,〒335-0032 埼玉県戸田市美女木東1,048-643-7120,
株式会社ボーダーライン,https://www.borderline.jp,〒151-0061 東京都渋谷区初台1,03-4455-7691,
株式会社ピコ,https://sweetandsheep.com,〒446-0066 愛知県安城市御幸本町2,0566-91-5270,
株式会社Rweb,https://rweb-c.com,〒532-0023 大阪府大阪市淀川区十三東1,06-7161-3607,
デジタルゲイト株式会社,https://surge.onl,〒140-0001 東京都品川区北品川1,075-754-8873,
(C) 2009-2026 SO@R Inc. All Rights Reserved.,https://www.soa-r.net,〒013-5790 ・広島県 令和7,082-532-5662,
ビーアンド合同会社,https://b-and.co.jp,〒781-5232 高知県香南市野市町西野 6,,
株式会社タイムスアドネクストは、沖縄タイムスの新聞広告、折込チラシ、ほか多くの事業運営を行う総合広告会社です。,https://times-adnext.co.jp,〒900-0015 沖縄県那覇市久茂地 ２,098-869-5115,
appcycle株式会社,https://goldenseed.jp,〒036-8355 青森県弘前市大字上鞘師町1,090-4351-0018,
Uhuru 株式会社ウフル,https://uhuru.co.jp,〒959-1289 新潟県燕市東太田9,,
株式会社トナックブーケ,https://tonakbuque.co.jp,〒530-0004 大阪府大阪市北区堂島浜2,06-6225-7277,
採用特化のSNS運用 株式会社アップデート,https://tiktok-sns.update-up.com,〒541-0056 大阪府大阪市中央区久太郎町2,,
プルバンフードサービス株式会社,https://pulban.co.jp,〒661-0001 兵庫県尼崎市塚口本町4,06-6421-4649,
南紀みらい株式会社（第三セクター会社）,https://nanki-mirai.jp,〒646-0031 和歌山県田辺市湊4,0739-25-8230,
TOMONARI株式会社,https://tn-kk.co.jp,〒683-0041 鳥取県米子市茶町4,0859-30-4988,
株式会社バイウィル,https://www.bywill.co.jp,〒104-0061 東京都中央区銀座7,03-6262-3584,
"TSS-TV CO., LTD. × TSS PRODUCTION .INC × TSS Software Co., Ltd.",https://jimokan.tss-tv.co.jp,〒722-0045 広島県尾道市久保1,,
株式会社トリップシード,https://tripseed.jp,〒194-0003 東京都町田市小川7,,
※株式会社ドラEVERにつながります。,https://doraever-match.jp,〒224-0041 神奈川県横浜市都筑区 仲町台1,0120-31-4192,
株式会社エブリー,https://corp.snapdish.jp,〒100-8508 東京都千代田区内幸町1,0422-24-6341,
株式会社雨風太陽,https://ame-kaze-taiyo.jp,〒104-0061 東京都中央区銀座５,,
株式会社funbox,https://machigacha.funbox.jp,〒101-0032 東京都千代田区岩本町三丁目,03-6899-2255,
(c) 2026 ふらっとろーかる Inc. All Rights Reserved.,https://www.flat-local.jp,〒326-0843 栃木県足利市五十部町2,027-235-8011,
株式会社ニシカワ,https://www.tama-ebooks.jp,〒207-0015 東京都東大和市中央2,042-808-3055,
銚子電気鉄道株式会社,https://www.choshi-dentetsu.jp,〒288-0012 千葉県銚子市犬吠埼9,0479-25-1106,
イシン株式会社,https://ishin1853.co.jp,〒108-0075 東京都港区港南1,03-5291-1580,
タキヒヨー株式会社,https://www.takihyo.co.jp,〒451-8688 愛知県名古屋市西区牛島町6,052-587-7030,
株式会社 大中環境,https://daichu.jp,〒494-0012 愛知県一宮市明地字山中2,0120-530-768,
株式会社QYAN CREATIVE,https://qyan.co.jp,〒475-0066 愛知県半田市乙川源内林町二丁目,070-2310-9522,
株式会社プラッツ,https://www.platz-inc.com,〒611-0041 京都府宇治市槇島町大幡1,0774-28-3444,
株式会社ワサビ,https://wasabi-inc.biz,〒530-0011 大阪府大阪市北区大深町3,050-5838-3170,
株式会社オンギガンツ,https://ongigants.com,〒106-0045 東京都港区麻布十番,,
WOW WORLD Inc. All Rights Reserved.,https://www.wow-world.co.jp,〒141-0031 東京都品川区西五反田7,03-6387-8080,
有限会社コア,https://www.core-web.co.jp,〒803-0864 福岡県北九州市小倉北区熊谷3,093-583-8288,
サンアロー株式会社,https://www.san-arrow.co.jp,〒733-0012 広島県広島市西区中広町三丁目,082-942-2918,
2026 SUCCEED Inc. All Rights Reserved.,https://www.succeed-inc.co.jp,〒105-0014 東京都港区芝2,03-6843-7881,
(C)2018 河西建設株式会社 All rights reserved,https://www.kawaken.biz,〒090-0066 北海道北見市花月町6,0157-61-3101,
株式会社システムサポート,https://msbasekanazawa.sts-inc.co.jp,〒920-0853 石川県金沢市本町1,076-000-0000,
SAIGATE株式会社（SAIGATE Inc.）,https://saigate.co.jp,〒150-0002 東京都渋谷区渋谷3,,
シナジーメディア株式会社,https://www.synergymedia.co.jp,〒158-0094 東京都世田谷区玉川2,03-6432-7513,
エクナ株式会社,https://www.echna.co.jp,〒020-0122 岩手県盛岡市みたけ三丁目,019-618-1234,
株式会社ソレイユ財産管理,https://soleil-creative-consulting.co.jp,〒943-0805 新潟県上越市木田2,025-546-7637,
静岡で広告企画デザインやWEBマーケティングなら株式会社フェイス 多種多様な実績を元に皆様の業務を支援いたします,https://www.faithad.jp,〒437-1612 静岡県御前崎市 池新田5,0537-85-3333,
CHEERS株式会社,https://100will100cheer.com,〒153-0051 東京都目黒区上目黒1,,
株式会社MedFix,http://okamaru.net,〒150-0002 東京都渋谷区渋谷2,,
株式会社uuubu,https://uuubu.jp,〒981-0945 宮城県仙台市青葉区荒巻字仁田谷地1,,
（法人名称） 株式会社つなぐ,https://www.home.saitama-tsunagu.com,〒330-0063 埼玉県さいたま市浦和区高砂２,048-711-6852,
ベルメディア株式会社,https://bellmedia.co.jp,〒160-0023 東京都新宿区西新宿3,03-5909-3907,
株式会社SeiRogai,https://seirogai.jp,〒106-0032 東京都港区六本木 6,,
株式会社ＴＡＫＵＭＩマネジメント,https://www.takumini-m.com,〒982-0032 宮城県仙台市太白区富沢西5,022-796-3466,
株式会社 野毛印刷社,https://www.noge.co.jp,〒150-0044 東京都渋谷区円山町5,045-252-2511,
株式会社S・E lab,https://seeelab.com,〒390-0305 長野県松本市惣社4,0263-34-3348,
2000-2026 株式会社アドプラッツ,https://adplatz.com,〒225-0024 神奈川県横浜市青葉区市ケ尾町1,045-978-1285,
合同会社 竜宮小宮,https://ryugu-komiya.jp,〒235-0045 神奈川県横浜市磯子区洋光台5,045-367-8858,
株式会社 河北新報社 KAHOKU SHIMPO PUBLISHING CO.,https://kahoku.news,〒980-8660 宮城県仙台市青葉区五橋1,,
株式会社トライコード,https://tricode.co.jp,〒252-0205 神奈川県 相模原市中央区小山1,042-812-7728,
シリウス株式会社,https://sirius2020.com,〒220-0012 神奈川県横浜市西区みなとみらい３,,
エコーテック株式会社,https://echotech.co.jp,〒441-3131 愛知県豊橋市大岩町小山塚2,0532-65-5158,
エリアワン株式会社,https://area1.biz,〒448-0857 愛知県刈谷市大手町5,0566-25-0200,
株式会社Ohana,https://www.ohana-ltd.com,〒509-0141 岐阜県各務原市鵜沼各務原町3,058-201-7830,
株式会社ビーネ,https://office-bee.jp,〒514-0006 三重県津市広明町3,059-225-6125,
株式会社エイエイピー,https://kansai.aap.co.jp,〒530-0047 大阪府大阪市北区西天満3,06-6365-1671,
株式会社ティー・クリエイション,https://t-cre.com,〒720-0313 広島県福山市沼隈町常石1,084-980-7330,
株式会社クロス・デイリー,https://cross-daily.jp,〒810-0001 福岡県福岡市中央区天神2,092-687-7111,
株式会社プラスアドグループ,https://plusad.co.jp,〒803-0812 福岡県北九州市小倉北区室町2,093-561-8844,
株式会社トラスト,https://event-trust.com,〒870-0912 大分県大分市原新町2,097-503-3000,
株式会社KBC UNIE,https://kbc.co.jp,〒810-8571 福岡県福岡市中央区長浜1,092-721-0510,
株式会社CROS,https://cros-nande.com,〒874-0924 大分県別府市餅ケ浜町3,090-7467-8744,
株式会社イットデザイン,https://www.i-todesign.com,〒677-0121 兵庫県多可郡多可町八千代区中野間2,0795-38-7322,
株式会社アトラボ,https://jp.attlabo.com,〒104-0061 東京都中央区銀座7,03-5776-2490,
︎ FISM inc.,https://fisminc.com,〒150-0034 東京都渋谷区代官山町1,03-6455-5181,
703アートデザイン株式会社,https://703ad.jp,〒753-0088 山口県山口市中河原町２,083-902-6203,
株式会社ジャステム西広,https://justem.co.jp,〒790-0003 愛媛県松山市三番,089-947-7888,
株式会社MARUKU,https://kumamotodx.jp,〒861-3518 熊本県上益城郡山都町浜町5,,
株式会社SK Global (SK Global Inc.),https://www.sk-global.co.jp,〒277-0005 千葉県柏市柏3,04-7190-5115,
株式会社ビスカス,https://www.viscas.co.jp,〒150-0011 東京都渋谷区東3,03-5774-6734,
株式会社 アディス,https://com-story.com,〒108-0073 東京都港区三田3,03-6686-2033,
株式会社オールビズチャンネル しゅふのミカタ,https://all-biz-link.co.jp,〒101-0041 東京都千代田区神田須田町2,03-3251-6315,
株式会社AlkUnelma,https://wataraseapp.net,〒376-0001 群馬県桐生市菱町2,0277-46-3820,
株式会社一円,https://ichien.asia,〒305-0031 茨城県つくば市吾妻1,050-5532-1114,
株式会社テックスフィア TechSphere Inc.,https://techsphere.co.jp,〒164-0001 東京都中野区中野4,03-5942-8751,
国内・国外でのイベント制作なら株式会社アドハウス,http://www.adhouse.jp,〒277-0087 千葉県柏市常盤台2,04-7199-7768,
株式会社バリューシェア,https://valueshare.jp,〒262-0033 千葉県千葉市花見川区幕張本郷2,043-301-3368,
株式会社サンフォニックス,https://sunphonix.jp,〒211-0051 神奈川県川崎市中原区宮内2,044-874-4180,
株式会社ワイプ,https://yep-co.net,〒489-0972 愛知県瀬戸市西原町2,0561-76-3776,
株式会社ケイト,https://www.keito-jp.com,〒540-0029 大阪府大阪市中央区本町橋8,06-6314-6788,
株式会社パワープロジェクト,https://powerpj.com,〒101-0047 東京都千代田区内神田1,06-4256-1440,
株式会社システムタイズ,https://www.system-ties.co.jp,〒700-0973 岡山県岡山市北区下中野3,086-242-0011,
ハリマニックス株式会社,https://www.harimanics.co.jp,〒676-0022 兵庫県高砂市高砂町浜田町1,079-443-5577,
太陽スポーツ施設株式会社,https://www.taiyo-sports.co.jp,〒106-0047 東京都港区南麻布3,03-5791-5665,
myProduct株式会社,https://myproduct.co.jp,〒101-0051 東京都千代田区神田神保町一丁目,,
株式会社エス・ケイ通信,https://sk-t.com,〒160-0023 東京都新宿区西新宿6,022-797-8134,
2023 MATERIAL GROUP INC.,https://materialgroup.jp,〒107-6035 東京都港区赤坂1,03-6869-1100,
株式会社ゆめ・きた・さぽーと,https://yume-sapo.jp,〒060-0032 北海道札幌市中央区 北2,011-206-4308,
ONE TERASU Inc. All rights reserved.,https://shisaly.com,〒422-8013 静岡県 静岡市駿河区 古宿２,,
株式会社ルーフコネクト,https://www.roof-connect.jp,〒514-1113 三重県津市久居野村町5,059-271-8077,
有限会社重田,https://jyuda.eeyansayo.com,〒679-5301 兵庫県佐用郡佐用町佐用3,0790-82-2003,
株式会社OIC,https://fmfm-oic.com,〒010-0001 秋田県秋田市中通二丁目,,
東京で広告制作・WEBデザイン・ブランディング・動画制作なら「合同会社チャートクリエイティブ」,https://chart-cr.com,〒340-0021 埼玉県草加市手代三丁目,090-4753-1520,
株式会社フィルムズ,https://films.co.jp,〒277-8520 千葉県柏市若柴1,,
合同会社クリエイティブワークス,http://ctv-w.com,〒210-0006 神奈川県川崎市川崎区砂子1,044-223-8049,
株式会社白ゆり,https://www.shirayuri-iwate.com,〒020-0122 岩手県盛岡市みたけ6,019-643-6060,
エス・エス・ピー株式会社,https://s-ssp.co.jp,〒062-0903 北海道札幌市豊平区豊平3,011-598-6199,
合同会社フォーエイチ,https://for-h.jp,〒036-8041 青森県弘前市大字俵元1,,
日本物流開発株式会社,https://jl-d.co.jp,〒335-0026 埼玉県戸田市新曽南4,048-499-8800,
ジーレックスジャパン株式会社,http://www.g-rexjapan.co.jp,〒290-0056 千葉県市原市五井2,0436-63-3015,
株式会社Jubilation,https://jubilation.co.jp,〒180-0002 東京都武蔵野市吉祥寺東町1,,
株式会社アルトカラム,https://altocolumn.com,〒921-8005 石川県金沢市間明町1,076-255-3152,
株式会社タイミーとの包括連携協定を締結！ ～会員限定「初月手数料無料」特典のご案内～,https://kagaworld.or.jp,〒922-8650 石川県加賀市小菅波町1,0761-73-0001,
株式会社スタートライン,https://startline-inc.jp,〒450-0002 愛知県名古屋市中村区名駅2,052-700-1445,
アクトシステムズ株式会社,https://act-systems.biz,〒525-8577 滋賀県草津市野路東一丁目,077-584-4830,
株式会社たきコーポレーション,https://taki-ic.taki.co.jp,〒450-0002 愛知県名古屋市中村区名駅4,052-583-1666,
株式会社エヌ・エル・エヌ,https://nln.co.jp,〒163-0708 東京都新宿区西新宿2,03-5909-8866,
"山本印刷株式会社 （YAMAMOTO Printing Co.,Ltd）",https://www.yp-dream.co.jp,〒682-0035 鳥取県倉吉市広栄町９,0858-47-0088,
株式会社 新創社 All Rights Reserved.,https://www.shinsousha.jp,〒162-0811 東京都新宿区水道町4,075-468-1015,
2022 All rights reserved. ©ORIGINAL Inc.,https://becreative.jp,〒770-0856 徳島県徳島市中洲町3,088-655-4711,
株式会社丸善,https://www.p-maruzen.net,〒767-8507 香川県三豊市三野町大見甲3,0875-72-5135,
有限会社 立山印刷,https://www.t-dtp.jp,〒857-0134 長崎県佐世保市瀬戸越4,0956-40-9151,
スマートワーク合同会社,https://solution.smartwork.love,〒890-0052 鹿児島県鹿児島市上之園町2,099-811-2948,
​サンドウェーブ株式会社,https://www.sunandwave.net,〒882-0814 宮崎県延岡市北町1,070-9143-5608,
株式会社エムアイビーテレビ,https://mibtv.jp,〒880-0014 宮崎県宮崎市鶴島1,0985-35-7440,
株式会社ライフマップ,https://lifemap.jp,〒141-0031 東京都品川区西五反田 7,03-6721-5290,
株式会社 HUBCOM,https://hubcom.co.jp,〒150-0012 東京都渋谷区広尾5,,
アーツアンドクラフツ株式会社,https://www.arts-crafts.co.jp,〒150-0012 東京都渋谷区広尾1,,
株式会社アズアリンク,https://asalink.co.jp,〒601-8045 京都府京都市南区東九条西明田町3,075-366-9451,
エクスパンディ株式会社,https://www.expandy.com,〒661-0035 兵庫県尼崎市武庫之荘3,06-6423-9203,
株式会社 地域環境計画研究所,https://www.ckkplan.net,〒660-0814 兵庫県尼崎市杭瀬本町1,,
株式会社パストラーレ,https://pastorale.jp,〒164-0012 東京都中野区本町2,03-3320-6200,
ミテモ株式会社,https://www.mitemo.co.jp,〒116-0013 東京都荒川区西日暮里4,,
合同会社ティープラスワン,https://www.tplus1.biz,〒411-0932 静岡県駿東郡長泉町南一色１,055-989-4871,
ポート株式会社,https://www.theport.jp,〒169-0074 東京都新宿区北新宿2,03-5937-6731,
"株式会社 フジヤ （Fujiya Co.,Ltd.）",https://www.fujiya-net.co.jp,〒135-0061 東京都江東区豊洲 2,03-6692-0822,
株式会社 レガーレ,https://le-gare.co.jp,〒329-1104 栃木県宇都宮市下岡本町1,028-307-3828,
みらい株式会社,https://go-mirai.jp,〒730-0031 広島県広島市中区紙屋町1,082-535-5231,
ベックス株式会社,https://bex-corp.jp,〒101-0046 東京都千代田区神田多町2,03-5298-3036,
AR企画株式会社,https://ar-planner.com,〒270-0023 千葉県松戸市八ヶ崎五丁目,047-368-3142,
有限会社テクニクス,https://technix.jp,〒344-0122 埼玉県春日部市下柳 4,048-795-4423,
株式会社ユージーン,https://www.yougene.co.jp,〒192-0073 東京都八王子市寺町4,,
株式会社LRプラスK,https://www.kamichiku.co.jp,〒899-3516 鹿児島県南さつま市金峰町浦之名2,099-822-1888,
株式会社グランドデザイン,https://www.softopia.info,〒503-0006 岐阜県大垣市加賀野4,0584-77-1111,
株式会社リマド,https://re-mado.co.jp,〒491-0813 愛知県一宮市千秋町町屋字宮浦6,0586-76-9981,
大橋運輸株式会社,https://www.0084.co.jp,〒489-0912 愛知県瀬戸市西松山町2,0561-82-0084,
株式会社ASHIA,https://ashia.work,〒651-2111 兵庫県神戸市西区池上4,078-995-9278,
群栄興産株式会社 生・損保法人代理店,https://www.gunei.jp,〒370-0071 群馬県高崎市小八木町3,027-370-1077,
丸長商事株式会社,https://www.dra-wakayama.jp,〒641-0021 和歌山県和歌山市和歌浦東 4,073-488-3990,
2023 岩田看板広告株式会社. All Rights Reserved.,https://www.iwatakanban.com,〒790-0024 愛媛県松山市春日町5,089-921-3547,
株式会社PCG,https://www.p-c-g.jp,〒104-0061 東京都中央区銀座7,03-5050-2473,
株式会社SHIMO企画,https://www.shimokikaku.com,〒182-0002 東京都調布市仙川町1,03-5315-9449,
田中昭文堂印刷株式会社,https://www.shobundo.co.jp,〒920-0377 石川県金沢市打木町東1,076-269-7788,
株式会社TORIST,https://www.torist.co.jp,〒542-0081 大阪府大阪市中央区南船場3,052-799-3248,
サムライト株式会社,https://somewrite.com,〒107-0052 東京都港区赤坂1,,
株式会社 エニー,https://www.a-n-y.co.jp,〒160-0022 東京都新宿区新宿2,0120-577-821,
Bigmac inc. ALL RIGHTS RESERVED.,https://big-mac.co.jp,〒105-0001 東京都港区虎ノ門4,04-4-102,
株式会社Spot Light,https://splight.biz,〒506-0051 岐阜県高山市中山町6,,
ルミノスタジオ株式会社,https://www.luminostudio.net,〒354-0035 埼玉県富士見市ふじみ野西１,,
​アスピリアス株式会社,https://www.aspirias-home.com,〒333-0801 埼玉県川口市東川口4,048-400-0484,
合同会社エイチワイ,https://hy-exad.com,〒356-0053 埼玉県ふじみ野市大井字西台8,049-257-8277,
株式会社FORCLE（フォークル）,https://forcle.co.jp,〒220-0072 神奈川県横浜市西区浅間町2,045-900-9915,
シャトルロックジャパン株式会社,https://www.shuttlerock.co.jp,〒162-0843 東京都新宿区市谷田町2,03-6272-6480,
BUDDY株式会社,https://budby.co.jp,〒306-0236 茨城県古河市大堤1,,
ESSENCE Lab 株式会社,https://essence-lab.jp,〒312-0042 茨城県ひたちなか市東大島1,029-352-9670,
メディアライズ株式会社,https://rikusabu.jp,〒331-0812 埼玉県さいたま市北区宮原町3,048-729-6111,
株式会社EDOPON,https://edopon.co.jp,〒952-1312 新潟県佐渡市八幡新町9,,
（C） Copyright 2021 RunLand 株式会社 All rights reserved.,https://movie.runland.co.jp,〒503-0807 岐阜県大垣市今宿6,0584-73-5123,
株式会社 結（むすび）,https://musubi-web.co.jp,〒522-0086 滋賀県彦根市後三条町4,0749-47-3997,
NEIT株式会社,https://neit.jp,〒535-0021 大阪府大阪市旭区清水4,06-6180-9708,
株式会社ガイアックス,https://gaiax-socialmedialab.jp,〒102-0093 東京都千代田区平川町2,03-5759-0300,
株式会社ハナビヤ,https://sns-manage.hanabiya-lp.jp,〒880-0805 宮崎県宮崎市橘通東5,0985-69-5459,
株式会社ライフスタイルイノベーション,https://life-style-innovation.com,宮崎市 広島２丁目１０−１６ 坂下ビル 4F,070-3788-0963,https://www.google.com/maps/place/%E6%A0%AA%E5%BC%8F%E4%BC%9A%E7%A4%BE%E3%83%A9%E3%82%A4%E3%83%95%E3%82%B9%E3%82%BF%E3%82%A4%E3%83%AB%E3%82%A4%E3%83%8E%E3%83%99%E3%83%BC%E3%82%B7%E3%83%A7%E3%83%B3/data=!4m7!3m6!1s0x3538b720a7a14fc9:0x2577fea5efe56128!8m2!3d31.9143469!4d131.4300883!16s%2Fg%2F11j5dwyt5_!19sChIJyU-hpyC3ODURKGHl76X-dyU?authuser=0&hl=ja&rclk=1
株式会社アーチヴェクト,https://archivect.com,〒751-0833 山口県下関市武久町1,083-249-5485,https://www.google.com/maps/place/%E6%A0%AA%E5%BC%8F%E4%BC%9A%E7%A4%BE%E3%82%A2%E3%83%BC%E3%83%81%E3%83%B4%E3%82%A7%E3%82%AF%E3%83%88/data=!4m7!3m6!1s0x3543bd002ba70099:0x4aa3e84d084a068a!8m2!3d33.9827234!4d130.9254767!16s%2Fg%2F11qg1k7cs6!19sChIJmQCnKwC9QzURigZKCE3oo0o?authuser=0&hl=ja&rclk=1
株式会社COCOHARETE,https://coco-harete.com,〒020-0022 岩手県盛岡市大通三丁目,,
2026 合同会社8（8LLC）. All rights reserved.,https://www.8llc.jp,〒039-1101 青森県八戸市大字尻内町字熊ノ沢3,,
株式会社ALUHA,https://btobmarketing.aluha.net,〒921-8043 石川県金沢市西泉6,076-241-1012,
ONiWA株式会社,https://oniwa.co.jp,〒451-0042 愛知県名古屋市西区那古野2,052-228-0919,
千葉県船橋市の株式会社ノベルティではマーケティングを基盤に、,https://ec.noveltyinc.jp,〒273-0005 千葉県船橋市本町5,047-405-2227,
運営事務局：株式会社フォーバル,https://www.yokohama-dx.com,〒220-0004 神奈川県横浜市西区北幸１,,
株式会社BOTANICO,https://btnc.co.jp,〒220-0073 神奈川県横浜市西区岡野１,045-900-6747,
・株式会社PR TIMES,https://www.hsc.or.jp,〒107-0052 東京都港区赤坂1,011-232-2001,
株式会社 ドミナントモーション,https://jquerypicture.com,〒399-8205 長野県安曇野市豊科1,,
株式会社REECH,https://reech.co.jp,〒163-1424 東京都新宿区西新宿3,03-6261-5326,
株式会社スタッカー,https://stacker.co.jp,〒651-0082 兵庫県神戸市中央区小野浜町 1,078-332-1318,
E-MOTION株式会社,https://www.e-motion-entertainment.com,〒646-0011 和歌山県西牟婁郡白浜町2,050-6881-0067,
株式会社MIRAI,https://mi-rai.co.jp,〒730-0013 広島県広島市中区八丁堀4,082-225-6281,
2024 Aslink.inc,https://as-link.co.jp,〒812-0016 福岡県福岡市博多区博多駅南1,092-414-3300,
株式会社プロビズ,https://probiz.jp,〒105-0001 東京都港区虎ノ門4,03-6825-0650,
2016 COMIT inc.,https://www.c-i-t.jp,〒553-0004 大阪府大阪市福島区玉川3,03-6812-9429,
"2025 NiCOLA, inc. All rights reserved.",https://nicola-inc.co.jp,〒107-0062 東京都港区南青山2,,
合同会社weeds,https://weed-s.jp,〒344-0011 埼玉県春日部市藤塚1,048-606-4776,
株式会社 PRオフィス,https://tori-navi.com,〒680-0034 鳥取県鳥取市元魚町2,0857-20-0507,
株式会社NoSHAPE,https://noshape.jp,〒150-6207 東京都渋谷区桜丘町1,,
株式会社WEBROPES,https://webropes.jp,〒460-0008 愛知県名古屋市中区栄5,050-3000-4957,
lid Inc.,https://nine-feel.com,〒500-8323 岐阜県岐阜市鹿島町1,058-255-5388,
SportsEntertainment株式会社,https://spoen.co.jp,〒530-0047 大阪府大阪市北区西天満６,,
uniple株式会社,https://www.uniple-co.jp,〒107-0062 東京都港区南青山2,03-6161-1700,
株式会社SUKIMA CREATION,https://sukima-c.co.jp,〒141-0031 東京都品川区西五反田1,,
キャリアシフト株式会社,https://www.careershift.jp,〒113-0033 東京都文京区本郷1,,
LLC,https://threeplussix.com,〒350-0063 埼玉県川越市幸町4,,
エレクス株式会社,https://www.elecs-web.co.jp,〒330-0063 埼玉県さいたま市浦和区高砂2,048-826-2551,
株式会社カグー,https://kagoo.co.jp,〒141-0022 東京都品川区東五反田5,03-5422-6224,
株式会社ネクシモ,https://www.nexsimo.co.jp,〒319-1221 茨城県日立市大みか町4,0294-27-1881,
THE4KIND Inc.,https://the4kind.jp,〒254-0043 神奈川県平塚市紅谷町8,0463-73-5929,
株式会社アドダイブ,https://www.addive.net,〒103-0001 東京都中央区日本橋小伝馬町7,03-6810-7444,
株式会社ダイヤモンド・ピーアール・センター,https://www.diaprc.co.jp,〒105-0003 東京都港区西新橋1,03-3504-6611,
株式会社 リベル,https://reber.jp,〒160-0022 東京都新宿区新宿1,,
株式会社ヴェックスインターナショナル,https://k-stars.net,〒360-0012 埼玉県熊谷市上之2,,
株式会社SOLVIDE,https://solvide.jp,〒335-0031 埼玉県戸田市美女木 1,080-5059-8210,
クエストスフィア株式会社,https://quest-sphere.co.jp,〒182-0026 東京都調布市小島町二丁目,,
株式会社江口組,https://www.eguchigumi-sns.com,〒923-0919 石川県小松市殿町2,0761-24-1311,
株式会社GrandQuest,https://grandquest.jp,〒910-0347 福井県坂井市丸岡町熊堂3,,
合同会社 BLESSING,https://blessing-llc.com,〒426-0067 静岡県藤枝市 前島2,,
テクノポート株式会社,https://marketing.techport.co.jp,〒108-0075 東京都港区港南1,050-3161-5629,
株式会社FLOG,https://flog-niceshot.com,〒446-0038 愛知県安城市末広町8,0566-50-2200,
Walk To See株式会社,https://walktosee.jp,〒810-0072 福岡県福岡市中央区長浜2,,
株式会社ROSY All rights reserved.,https://r-osy.jp,〒788-0012 高知県宿毛市高砂2,090-9452-2105,
株式会社シーラベルコーポレートサイト,https://clabel.co.jp,〒221-0052 神奈川県横浜市神奈川区栄町５,,
みらいマーケティング株式会社 All Rights Reserved.,https://mirai-marketing.com,〒121-0816 東京都足立区梅島３,,
愛知・東京でBtoB企業のサイト制作・マーケティング支援なら株式会社タービン・インタラクティブ,https://www.turbine.co.jp,〒141-0031 東京都品川区西五反田3,03-6417-9803,
株式会社EVSマーケティング,https://www.evs-marketing.com,〒331-0822 埼玉県さいたま市北区奈良町1,048-788-5923,
名古屋、春日井でホームページ制作なら株式会社アールデザインにお任せ,https://hp-r-design.com,〒486-0914 愛知県春日井市若草通3,0568-29-6405,
2024 株式会社FULGRUM,https://www.fulgrum.co.jp,〒460-0012 愛知県名古屋市中区千代田3,,
エミシード株式会社,https://emseed.jp,〒567-0032 大阪府茨木市西駅前町4,,
2025 NewHistory株式会社. All rights reserved.,https://new-history.co.jp,〒271-0091 千葉県松⼾市本町1,,
CMO株式会社,https://cmoinc.jp,〒151-0051 東京都渋谷区千駄ヶ谷 5,,
事業承継センター株式会社,https://www.jigyousyoukei.co.jp,〒105-0011 東京都港区芝公園3,03-5408-5506,
株式会社SKY,https://www.corp-sky.com,〒160-0022 東京都新宿区新宿1,,
株式会社 full house,https://fullhouseinc.co.jp,〒243-0017 神奈川県厚木市栄町2,,
株式会社shicoo[シコー],https://shicoo.co.jp,〒248-0015 神奈川県鎌倉市笹目町1,,
株式会社ツクロッサ,https://www.tukurossa.co.jp,〒922-0303 石川県加賀市箱宮町レ3,0761-75-7785,
thank you for Inc.,https://www.thankyoufor-tc.com,〒379-2202 群馬県伊勢崎市赤堀鹿島町8,0270-75-3391,
Core Concept Technologies Inc.,https://www.cct-inc.co.jp,〒171-0022 東京都豊島区南池袋1,,
トライビュー・イノベーション株式会社 TRIVIEW Innovation Inc.,https://www.triview-innovation.com,〒103-0013 東京都中央区日本橋人形町1,,
合同会社 スモールズ,https://smalls.jp,〒108-0022 東京都港区海岸3,03-6670-7437,
株式会社Sensible Advisor ( センシブルアドバイザー),https://sensible-advisor.com,〒277-0005 千葉県柏市柏1,04-7114-3133,
株式会社NSFエンゲージメント,https://mol-t.jp,〒141-0001 東京都品川区北品川6,092-260-6090,
(c)2024 CREAD Inc. All Rights Reserved.,https://www.gleam-grain-premium.com,〒105-0022 東京都港区海岸1,03-6857-0820,
株式会社トリニティ,https://trinity-nk.net,〒332-0034 埼玉県川口市並木3,048-287-9102,
2026 by VISION ARCH Inc.,https://www.visionarch.jp,〒220-0004 神奈川県横浜市西区北幸2,050-5470-6795,
bamboo motion合同会社,https://bamboo-motion.jp,〒180-0003 東京都武蔵野市吉祥寺南町5,090-1763-9526,
株式会社メンバーズ,https://4ad.members.co.jp,〒104-6037 東京都中央区晴海1,,
株式会社カヤックメガ,https://megacom.jp,〒064-0822 北海道札幌市中央区北2,011-632-6001,
合同会社BPRサービス,https://bpr-s.jp,〒340-0155 埼玉県幸手市上高野2,050-3126-3226,
HiNODE inc.,https://www.hinode-inc.jp,〒060-0005 北海道札幌市中央区北五条西1,,
株式会社ルシダス,https://www.lucidas.co.jp,〒078-8382 北海道旭川市西神楽2,,
株式会社ローカルワイズ,https://www.localwise.co.jp,〒158-0083 東京都世田谷区奥沢6,03-3702-8980,
株式会社ウェブリカ,https://webrica.jp,〒231-0007 神奈川県横浜市中区弁天通2,045-305-6551,
Kokuhaku Inc.,https://kokuhaku.co.jp,〒100-0006 東京都千代田区有楽町1,,
エイチタス株式会社,https://htus.jp,〒140-0014 東京都品川区大井1,,
CREATURE Inc. All Rights Reserved.,https://creature-mz.com,〒880-0024 宮崎県宮崎市祇園１,,
LeeN合同会社,https://leen.jp,〒164-0011 東京都中野区中央4,03-6822-3648,
能登印刷株式会社（Knowledge Climber）,https://knowledge-climber.recruit-site.biz,〒101-0024 東京都千代田区神田和泉町1,,
株式会社アルファス,https://ad.alphace.co.jp,〒520-0051 滋賀県大津市梅林1,077-524-2008,
合同会社dock.,https://dock.boats,〒600-8846 京都府京都市下京区朱雀宝蔵町4,,
株式会社ixis（イクシス）,https://ixis.ai,〒739-0016 広島県東広島市西条岡町2,082-430-7208,
株式会社藤本コーポレーション,https://www.fujimoto-p.com,〒742-0023 山口県柳井市南浜3,0820-22-1337,
2008 Cynet inc. All rights reserved.,https://www.adman-cloud.com,〒101-0051 東京都千代田区神田神保町1,03-5577-8900,
ALTRING.inc,https://altring.co.jp,〒251-0025 神奈川県藤沢市鵠沼橘1,0466-96-0406,
NAVEEY株式会社,https://naveey.co.jp,〒650-0031 兵庫県神戸市中央区東町1,078-391-5588,
株式会社瀧田農産加工研究所,http://www.takita-foodprofit.co.jp,〒569-1032 大阪府高槻市宮之川原４,090-3286-3685,
株式会社LEL,https://lel-japan.co.jp,〒970-8026 福島県いわき市平田町1,,
合同会社ミナノ,https://minano.biz,〒321-0951 栃木県宇都宮市越戸3,,
有限会社 エーアイティ研究所,https://web.ait-labo.com,〒969-1169 福島県本宮市本宮字小原田2,0243-33-5538,
株式会社スマートスタイル・コンプレックス（SSC）,https://swa.ss-complex.com,〒330-0063 埼玉県さいたま市浦和区高砂2,,
株式会社フレックスホールディングス,https://www.f-beans.co.jp,〒370-0015 群馬県高崎市島野町1,027-350-1645,
ドットワン合同会社,https://dot1.tv,〒350-1325 埼玉県狭山市根岸6,042-519-6960,
株式会社グランフェアズ,https://www.granfairs.com,〒461-0004 愛知県名古屋市東区葵1,050-3645-9135,
合同会社オンカ（ONKA LLC）,https://onka.co.jp,〒485-0005 愛知県小牧市大字小牧原新田1,,
株式会社ライブモア,https://livemore.jp,〒703-8256 岡山県岡山市中区浜2,086-201-0902,
株式会社穴吹カレッジサービス総合サイト,https://web.a-dp.jp,〒760-0022 香川県高松市西内町5,087-811-4188,
株式会社アザナ,https://azana.co.jp,〒901-0213 沖縄県豊見城市高嶺3,098-987-4761,
株式会社Cocoro,https://www.cocoro-mie.com,〒513-0805 三重県鈴鹿市算所町1,024-955-6671,
株式会社AIホールディングス,https://www.ai-holdings.jp,〒153-0042 東京都目黒区青葉台3,,
株式会社モノト,https://monoto.co.jp,〒190-0022 東京都立川市錦町1,042-508-2839,
株式会社TalentX,https://talentx.co.jp,〒162-0825 東京都新宿区神楽坂4,,
株式会社クレイド,https://claid.co.jp,〒464-0850 愛知県名古屋市千種区今池4,052-784-6455,
2026 広島でコンサルなら株式会社systemRie ALL RIGHTS RESERVED.,https://systemrie.com,〒739-0603 広島県大竹市西栄,090-7128-1153,
（屋号） 株式会社プリムスクリエイティブ,https://nagahama-koukaiki.com,〒526-0057 滋賀県長浜市北船町3,0749-53-3516,
メディアワークス株式会社,https://chihososei-juku.com,〒031-0042 青森県八戸市十三日町１,050-3708-3868,
株式会社GRAF ［グラフ］,https://g-r-a-f.co.jp,〒963-8026 福島県郡山市並木4,,
株式会社ZiasPromotion（ジアスプロモーション）,https://www.ziaspromotion.co.jp,〒104-0053 東京都中央区晴海３,03-6848-0418,
新潟県長岡市 Webアプリケーション開発 株式会社ブレーク,https://break.ac,〒940-0071 新潟県長岡市表町1,0258-34-9844,
SOPHOLA inc. All Rights Reserved.,https://sophola.jp,〒399-8211 長野県安曇野市堀金烏川5,0263-88-5598,
2024 C3D inc.,https://c3dinc.com,〒400-0025 山梨県甲府市朝日5,055-269-8405,
株式会社みらいーの,https://miraiino.co.jp,〒300-2417 茨城県つくばみらい市富士見ヶ丘2,0297-57-0067,
株式会社cotoLi,https://cotoliwmo.com,〒350-0042 埼玉県川越市中原町1,,
(C) All rights reserved by at-will inc,https://at-will.co.jp,〒350-0042 埼玉県川越市中原町1,049-222-0077,
をオープングループ株式会社に変更,https://open-group.co.jp,〒273-0011 千葉県船橋市湊町1,047-420-0300,
レビガータ株式会社,https://www.laevigata.co.jp,〒020-0821 岩手県盛岡市山王町1,,
株式会社ホンダプロモーション All Rights Reserved,https://hondacars-kawagoe.recruitment.jp,〒350-1137 埼玉県川越市砂新田1,049-245-7111,
AOI Pro. Inc. All rights reserved.,https://www.aoi-pro.com,〒108-0022 東京都港区海岸3,,
株式会社エクセルエフ・ピー,https://ex-excel.jp,〒213-0001 神奈川県川崎市高津区溝口2,044-811-4133,
株式会社ブルームプロモーション,https://www.bloom-promotion.jp,〒060-0042 北海道札幌市中央区大通西7,011-596-7500,
株式会社ノースエレメンツ,https://north-e.net,〒060-0062 北海道札幌市中央区南二条西七丁目,011-817-5711,
株式会社クナウパブリッシング,https://kunaw.jp,〒080-0046 北海道帯広市西1,0155-34-1281,
C&H consulting LLC.,https://candhc.com,〒227-0062 神奈川県横浜市青葉区青葉台1,,
株式会社第一プランニング,https://d1p.jp,〒990-0044 山形県山形市木の実町1,022-217-8080,
株式会社アースコーポレーション,https://earth-corporation.co.jp,〒865-0025 熊本県玉名市高瀬5,0968-82-8003,
株式会社シーエイチアイ,https://chi-c.jp,〒212-0014 神奈川県川崎市幸区大宮町1,044-542-7180,
有限会社サクセス,https://sakusesu.co.jp,〒381-2212 長野県長野市小島田町2,026-286-3133,
株式会社ジャオダック-屋外広告取引市場JAODAQ®,https://jaodaq.co.jp,〒105-0001 東京都港区虎ノ門5,03-5843-7565,
株式会社コムメディア,https://commedia-net.com,〒980-0014 宮城県仙台市青葉区本町1,022-263-4420,
株式会社計画情報研究所,https://keikaku.or.jp,〒920-0025 石川県金沢市駅西本町2,076-223-5445,
株式会社ANEW,https://anewinc.co.jp,〒321-0961 栃木県宇都宮市今泉新町1,,
名鉄局印刷株式会社,https://meitetukyoku.co.jp,〒102-0072 東京都千代田区飯田橋1,052-561-3271,
株式会社三重シティプロモーション,https://mie-cp.net,〒514-0008 三重県津市上浜町2,059-253-5266,
株式会社ZENSHIN,https://zenshin.cloud,〒700-0971 岡山県岡山市北区野田4,086-805-6317,
株式会社ENvision,https://envision-hiroshima.jp,〒730-0022 広島県広島市中区銀山町3,082-535-5355,
2026 福山電業株式会社. All Rights Reserved.,https://tovio.com,〒720-0808 広島県福山市昭和町6,084-959-3481,
株式会社ZEROBASE 本社,https://zer0base.co.jp,〒461-0001 愛知県名古屋市東区泉2,052-228-0311,
株式会社イベントシンクプロモーション［公式］福岡・北九州のイベント企画運営会社,https://event-think.com,〒800-0251 福岡県北九州市小倉南区葛原5,093-647-1117,
株式会社KSB,https://ksb-sendai.co.jp,〒980-0802 宮城県仙台市青葉区二日町8,022-281-9163,
株式会社Carry On,https://carry0n.co.jp,〒150-0012 東京都渋谷区広尾1,,
株式会社 フリースタイル,https://freestyle.ne.jp,〒260-0015 千葉県千葉市中央区富士見1,047-770-1003,
株式会社vividcreation,https://vivid-creation.com,〒916-0111 福井県丹生郡越前町小倉第７,,
2022 Glocal Mind Inc.,https://glocal-mind.com,〒501-4222 岐阜県郡上市八幡町島谷１,03-6427-3429,
株式会社くふうカンパニー静岡支社,https://shizuoka.kufu.co.jp,〒420-0853 静岡県静岡市葵区追手町3,054-275-3330,
株式会社WithWhiz,https://withwhiz.co.jp,〒600-8223 京都府京都市下京区七条通油小路東入 大黒町2,,
株式会社ValuePlanning Allright Reserved.,https://value-planning.co.jp,〒532-0011 大阪府大阪市淀川区西中島３,06-6734-3888,
株式会社マクサス 050-5443-2752,https://bookriver.jp,〒443-2752 東京都品川区東五反田1,050-5443-2752,
AVANT 株式会社,https://avant-brand.co.jp,〒690-0845 島根県松江市西茶町4,0852-61-1125,
WSP inc.（株式会社 ウェルストンプロモーション）,https://wspinc.co.jp,〒730-0051 広島県広島市中区大手町2,082-241-5811,
有限会社ヨシカワ企画,https://yoshikawakikaku.co.jp,〒769-0104 香川県高松市国分寺町新名1,087-874-7211,
株式会社Hands Factory,https://ibt-consulting.com,〒791-8062 愛媛県 松山市住吉2,089-989-7581,
スタイルクリエイト株式会社,https://stylecreate.jp,〒810-0001 福岡県福岡市中央区天神1,092-753-8900,
エクスポート・ジャパン株式会社,https://www.export-japan.co.jp,〒102-0093 東京都千代田区平河町1,06-6210-2722,
株式会社ユーザーローカル,https://www.userlocal.jp,〒108-0023 東京都港区芝浦3,,
株式会社アイ・ツー,https://www.i2-jp.com,〒920-0031 石川県金沢市広岡1,076-233-2512,
合同会社トップマーケティング,https://top-marketing.co.jp,〒332-0023 埼玉県川口市飯塚1,,
株式会社ビズアップ総研,https://www.bmc-net.jp,〒105-7110 東京都港区東新橋1,03-3569-0968,
"@811,inc",https://corp.app811.com,〒113-0033 東京都文京区本郷3,,
株式会社京都サラダ,https://www.kyoto-salad.co.jp,〒604-8006 京都府京都市中京区下丸屋町4,075-778-5017,
株式会社グランドマーケティング,https://www.grandmk.com,〒541-0056 大阪府大阪市中央区久太郎町3,06-6125-5682,
株式会社JOETSU,https://joetsu-group.com,〒371-0854 群馬県前橋市大渡町2,027-210-7000,
株式会社美創プロモーション All rights reserved.,https://bisow.co.jp,〒460-0026 愛知県名古屋市中区伊勢山1,052-332-7531,
笹徳印刷株式会社,https://www.sasatoku.co.jp,〒470-1196 愛知県豊明市栄町大脇7,0562-97-1111,
良い広告株式会社,https://www.ekoukoku.co.jp,〒430-0926 静岡県浜松市中央区砂山町3,,
ブラザー印刷株式会社【愛知県岡崎市】,https://site.brother-p.com,〒444-0834 愛知県岡崎市柱町字福部池1,0564-51-0651,
株式会社トレンド・プロ,https://ad-manga.com,〒105-0014 東京都港区芝1,03-6665-8864,
2026. 北勢印刷株式会社 All Rights Reserved.,https://hokupri.com,〒512-0921 三重県四日市市尾平町3,059-331-3704,
株式会社 ワールドコウゲイ,https://www.world-pt.co.jp,〒580-0026 大阪府松原市天美我堂3,072-335-9660,
株式会社大阪オリコミ,https://www.osakaorikomi.co.jp,〒104-0033 東京都中央区新川2,06-6621-1481,
2018 XROSS SPORTS MARKETING INC.,https://www.xsmktg.com,〒101-0054 東京都千代田区神田錦町3,03-5282-7655,
株式会社リモートロックジャパン,https://www.jt-tsushin.jp,〒164-0012 東京都中野区本町6,050-1807-1888,
abs株式会社,https://www.abs-inc.jp,〒330-0855 埼玉県さいたま市大宮区上小町 5,,
株式会社ウエディングパーク,https://www.weddingpark.co.jp,〒107-0062 東京都港区南青山3,,
株式会社LIBEO,https://libeo.co.jp,〒550-0013 大阪府大阪市西区新町1,06-6568-9767,
株式会社アクトライブ,https://actlive.co.jp,〒990-2481 山形県山形市あかねケ丘1,023-615-9680,
株式会社ビジュアルソフト,https://sf.vss.co.jp,〒910-0121 福井県 福井市 定正町8,0776-56-3658,
サンスピリッツ株式会社,https://sun-spirits.com,〒350-1145 埼玉県川越市清水町1,049-250-8213,
"@2023 25,inc.",https://www.nijugo.co.jp,〒273-0865 千葉県船橋市夏見5,,
2011-2025 Centered design Inc.,https://centered-design.co.jp,〒113-0033 東京都文京区本郷１,03-6261-2752,
2018 RoomClip Inc.,https://corp.roomclip.jp,〒151-0051 東京都渋谷区千駄ヶ谷1,,
チャンスメーカー株式会社,https://www.ch-mk.jp,〒919-0516 福井県坂井市坂井町福島8,0776-67-2077,
株式会社アルテックス,https://ct-artex.co.jp,〒390-0831 長野県松本市井川城1,0263-50-4039,
株式会社FourHills,https://fourhills.jp,〒461-0001 愛知県名古屋市東区泉1,052-955-5808,
株式会社ヒノマル,https://www.hinomal.com,〒667-0003 兵庫県養父市八鹿町宿南2,075-601-7700,
株式会社ホジョセン,https://www.hojosen.co.jp,〒650-0012 兵庫県神戸市中央区北長狭通4,078-599-5082,
株式会社クオリティ・オブ・ライフ,https://enterprise.2nd-pro.com,〒101-0046 東京都千代田区神田多町2,,
株式会社JIMOS（ジモス）,https://www.jimos.co.jp,〒150-0022 東京都渋谷区恵比寿南3,092-303-8509,
運営 : 株式会社 川島印刷,https://kokoroiki.design,〒992-0021 山形県米沢市大字花沢2,0238-21-5511,
2026 総合Webコンサルティングの株式会社Dヴォイス,https://d-voice.com,〒530-0011 大阪府大阪市北区大深町5,,
有限会社コアプランニング,https://coreplanning.jp,〒343-0044 埼玉県越谷市大泊7,048-971-8911,
株式会社ピー・ディー・ネットワーク,https://www.pd-n.jp,〒105-0004 東京都港区新橋5,03-5405-2705,
株式会社 ラセン,https://racen.co.jp,〒103-0024 東京都中央区日本橋小舟町8,03-6821-1702,
株式会社ゼロメディカル,https://deltasm.com,〒105-0001 東京都港区虎ノ門4,03-5725-3272,
株式会社プレパラート,https://preparat.jp,〒101-0052 東京都千代田区神田小川町3,,
株式会社日商印刷,https://color-magician.jp,〒３８１-２２０７ 長野県長野市大橋南２,026-284-4164,
レ.フィールコスメティックス有限会社,https://re-feel.jp,〒309-1451 茨城県桜川市西小塙1,,
株式会社 エム・ビデオプロダクション,https://www.mvideo.co.jp,〒920-1157 石川県金沢市田上さくら3,076-231-2884,
株式会社トラストエフォート,https://trusteffort1215.com,〒312-0054 茨城県ひたちなか市はしかべ2,029-352-3511,
株式会社アド・プロモート (Ad-Promote INC.),https://kitchen-circus.net,〒329-0201 栃木県小山市粟宮1,,
三合グループ株式会社,https://sanhe.jp,〒360-0015 埼玉県熊谷市肥塚3,048-577-5481,
株式会社AZWIN,https://azwin-osaka.com,〒589-0011 大阪府大阪狭山市半田1,072-367-2611,
合同会社Nesheep,https://nesheep.jp,〒271-0091 千葉県松戸市本町1,047-707-2772,
株式会社アイプレス,https://www.i-press.jp,〒462-0045 愛知県名古屋市北区敷島町3,,
株式会社セカンドスタイル,https://2ndstyle.jp,〒540-0031 大阪府大阪市中央区北浜東4,06-6809-4022,
ASTcolor株式会社,https://ast-color.com,〒532-0011 大阪府大阪市淀川区西中島5,06-6195-4533,
Web制作 株式会社夢や,https://www.yumeya.net,〒515-0347 三重県多気郡明和町志貴1,050-3511-5717,
MST INC. 2018,https://www.mst-inc.jp,〒661-0023 兵庫県尼崎市大西町3,,
"SCALA, INC. ALL RIGHTS RESERVED.",https://scalagrp.jp,〒150-8510 東京都渋谷区渋谷2,0859-36-8881,
株式会社フィジカルアイ,https://physical-i.jp,〒799-1504 愛媛県今治市,,
"IVSテレビ制作株式会社(IVS Television Co., Ltd.)",https://www.ivstv.co.jp,〒105-0014 東京都港区芝三丁目,,
宮崎県延岡市大武町1323番地 株式会社ドイ産業 事務所内,https://doiidt.com,〒882-0864 宮崎県延岡市大武町1,0982-32-2435,
沖電企業株式会社,https://www.okidenkigyo.co.jp,〒901-2131 沖縄県浦添市牧港4,098-876-0270,
株式会社 ゴールドバリュークリエーション,https://gvc.co.jp,〒904-0115 沖縄県中頭郡北谷町字美浜1,098-943-4032,
株式会社海邦総研,https://www.kaiho-ri.jp,〒900-0025 沖縄県那覇市壷川3,098-987-5250,
インタラクティブ株式会社,https://www.inta.co.jp,〒901-2223 沖縄県宜野湾市大山3,098-988-1572,
株式会社ワンダーリューキュー,https://wonder-ryukyu.co.jp,〒901-2224 沖縄県宜野湾市真志喜2,098-870-2117,
株式会社 ながと,https://www.nagato-co.com,〒882-0856 宮崎県延岡市出北4,0982-33-4001,
株式会社インディボンドネットワークス,https://ibns.co.jp,〒901-2131 沖縄県浦添市牧港2,098-870-5688,
"日本工芸株式会社 (JapaneseCrafts Co., Ltd.)",https://b2b.japanesecrafts.co.jp,〒151-0051 東京都渋谷区千駄ヶ谷2,03-5843-0886,
"2018 ishicolo,LLC",https://ishicolo.com,〒017-0053 秋田県大館市板子石境4,0186-59-6777,
合同会社KDS,https://kds-network.com,〒306-0433 茨城県猿島郡境町1,050-8888-4563,
forUSERS株式会社,https://www.forusers.net,〒101-0041 東京都千代田区神田須田町２,,
株式会社aio,https://aio-inc.co.jp,〒180-0004 東京都武蔵野市吉祥寺本町2,,
boardroom.inc,https://boardroom.co.jp,〒155-0031 東京都世田谷区北沢1,,
PLAN-B Inc.,https://www.plan-b.co.jp,〒141-0022 東京都品川区東五反田2,06-6578-5558,
FEVV Inc.,https://fev-v.com,〒150-0002 東京都渋谷区渋谷2,,
"株式会社アドヴィックス ADVICS CO.,LTD.",https://www.advics.co.jp,〒448-8688 愛知県刈谷市昭和町2,,
株式会社シンコー（SP広告代理店）,https://shinko-sp.co.jp,〒564-0043 大阪府吹田市南吹田1,06-6383-6352,
株式会社エクシーレ,https://exire.co.jp,〒542-0081 大阪府大阪市中央区南船場3,06-4395-5300,
株式会社KIDDO,https://kiddo.co.jp,〒810-0041 福岡県福岡市中央区大名2,06-6226-7247,
"株式会社 大阪メトロ アドエラ Osaka Metro ADERA Co., Ltd.",https://osakametro-adera.jp,〒163-0649 東京都新宿区西新宿1,,
株式会社G&T,https://gat-company.com,〒151-0071 東京都渋谷区本町3,03-5308-4335,
ETOILE Inc.,https://creaite-ai.com,〒160-0023 東京都新宿区西新宿七丁目,050-1725-9358,
AK・design合同会社 〈 熊谷指圧鍼灸院 〉,https://www.akdesign.jp,〒360-0031 埼玉県熊谷市末広3,,
Alfanet Inc. ALL RIGHTS RESERVED.,https://www.alfanet.co.jp,〒104-0045 東京都中央区築地3,03-3544-0141,
盈和産業株式会社,https://tokorozawanavi.com,〒359-1123 埼玉県所沢市日吉町4,04-2924-0527,
株式会社けやき出版,https://keyaki-s.co.jp,〒190-0023 東京都立川市柴崎町2,042-525-9909,
株式会社ケンテル,https://kentel.co.jp,〒194-0045 東京都町田市南成瀬1,042-739-5100,
ネイティブキャラバン株式会社,https://native-caravan.com,〒253-0026 神奈川県茅ヶ崎市旭が丘6,0467-80-2688,
SCALA PLAYce Inc. ALL RIGHTS RESERVED.,https://scala-playce.jp,〒101-0021 東京都千代田区外神田6,,
株式会社キャリアコンサルティング,https://c-consul.co.jp,〒101-0051 東京都千代田区神田神保町3,03-5214-6380,
株式会社RELATION,https://www.relation-movie.com,〒444-2135 愛知県岡崎市大門５,,
トレーディネート株式会社,https://www.tradinate.co.jp,〒810-0004 福岡県福岡市中央区渡辺通５,092-408-2536,
株式会社サン・アド,https://www.sunad.co.jp,〒500-8822 岐阜県岐阜市今沢町1,058-266-5556,
株式会社オズプリンティング,https://ozp.jp,〒400-0032 山梨県甲府市中央3,055-235-6010,
デジタル変革を徹底的にサポート：株式会社日立システムズ,https://www.hitachi-systems.com,〒390-8585 長野県松本市中央2,,
IKTEL株式会社,http://iktel.net,〒150-0001 東京都渋谷区神宮前6,,
2019- 株式会社オキデザイン 広島で各種商業デザインをトータルサポート,https://www.oki-design.com,〒730-0017 広島県広島市中区鉄砲町1,,
有限会社 ミスズ,https://www.misuzu1948.com,〒836-0853 福岡県大牟田市上町1,0944-53-4367,
株式会社エル・エス・コーポレーション,https://www.lsc.jp,〒448-0002 愛知県刈谷市一里山町金山1,0566-36-7605,
︎ 2023 三条印刷株式会社.,https://sanjo-prn.co.jp,〒955-0072 新潟県三条市元町9,0256-32-2281,
ファナック株式会社,https://www.fanuc.co.jp,〒401-0597 山梨県南都留郡忍野村忍草3,,
Roof.LLC,https://www.oneroof.co.jp,〒300-4223 茨城県つくば市小田3,,
"ZOZO, Inc. ALL RIGHTS RESERVED.",https://corp.zozo.com,〒261-0024 千葉県千葉市美浜区豊砂1,,
有楽製菓株式会社,https://www.yurakuseika.co.jp,〒187-0032 東京都小平市小川町1,042-341-1811,
株式会社 イノベーション・ワークス,https://innovation-akita.co.jp,〒010-0921 秋田県秋田市大町一丁目,018-893-6530,
渡部デザイン株式会社,https://watabe-design.jp,〒970-8034 福島県いわき市平上荒川字安草1,0246-85-5001,
運営：株式会社あきたタウン情報,https://akita-saiyo-navi.com,〒010-0952 秋田県秋田市山王新町1,018-838-1225,
株式会社大弘アド,https://www.daiko-ad.co.jp,〒311-5351 沖縄県国頭郡恩納村冨着1,06-6311-5351,
株式会社 黎明社,https://www.reimeisha.co.jp,〒410-0022 静岡県沼津市大岡5,055-963-6376,
「完全反響型の営業」を積極採用中！ 二ラスイホーム株式会社,https://nirasui-saiyou.com,〒410-2131 静岡県伊豆の国市長崎2,,
合同会社マーチエーディング,https://www.march-ading.com,〒010-1436 秋田県秋田市大住三丁目,018-835-8290,
"株式会社ディグナ（英文社名：DIGNA, INC.）",https://dx.school,〒933-0842 富山県高岡市横田町1,080-3749-8770,
2025 株式会社アスタイム,https://asutime.co.jp,〒277-0005 千葉県柏市柏7,04-7168-0836,
株式会社オフィス・トモキ,https://office-tomoki.jp,〒381-1222 長野県長野市松代町豊栄3,026-400-0238,
群馬県・埼玉県のホームページ制作『株式会社ギークスデザイン』 All Rights Reserved.,https://geeks-design.com,〒370-1401 群馬県藤岡市鬼石6,0274-50-9386,
株式会社UNFOLD,https://un-fold.biz,〒918-8007 福井県福井市足羽4,0776-50-3714,
株式会社あんどぷらす,https://recruit.andplus.co.jp,〒420-0858 静岡県静岡市葵区伝馬町9,,
デジタルモーメント株式会社,https://d-moment.co.jp,〒810-0073 福岡県福岡市中央区舞鶴1,,https://www.google.com/maps/place/%E3%83%87%E3%82%B8%E3%82%BF%E3%83%AB%E3%83%A2%E3%83%BC%E3%83%A1%E3%83%B3%E3%83%88%E6%A0%AA%E5%BC%8F%E4%BC%9A%E7%A4%BE/data=!4m7!3m6!1s0x354191f80d907cc5:0x8eba093915a2cc8f!8m2!3d33.591336!4d130.392699!16s%2Fg%2F11h_f7m21_!19sChIJxXyQDfiRQTURj8yiFTkJuo4?authuser=0&hl=ja&rclk=1
nola株式会社,https://nola.co.jp,〒600-8216 京都府京都市下京区東塩小路町6,050-5357-2641,https://www.google.com/maps/place/%E4%BA%AC%E9%83%BD%E3%81%AE%E3%83%87%E3%82%B6%E3%82%A4%E3%83%B3%E4%BC%9A%E7%A4%BE+nola%E6%A0%AA%E5%BC%8F%E4%BC%9A%E7%A4%BE/data=!4m7!3m6!1s0x60010952404dcff9:0xf491e8e0730d70c2!8m2!3d34.9883864!4d135.7553748!16s%2Fg%2F11jcc_4vqg!19sChIJ-c9NQFIJAWARwnANc-DokfQ?authuser=0&hl=ja&rclk=1
株式会社ソリューションセンター［旭川市］,https://solutioncenter.co.jp,〒070-0033 北海道旭川市3,0166-29-5656,
株式会社スリーツリークリエイト,https://threetree-c.com,〒963-8044 福島県郡山市備前舘2,024-983-7871,
エヌケー・テック株式会社,https://www.nk-school.com,〒963-8861 福島県郡山市鶴見坦1,024-926-1229,
株式会社LATERAL(ラテラル）,https://www.lateral.jp,〒920-0362 石川県金沢市古府2,076-249-9987,
Funwacca Inc. All Rights Reserved.,https://funwacca.net,〒330-0802 埼玉県さいたま市大宮区宮町1,048-700-4926,
株式会社カラーコーディネーション,https://ccdn.jp,〒231-0012 神奈川県横浜市中区相生町1,045-489-6390,
株式会社アプリクッキング,https://appcooking.jp,〒103-0004 東京都中央区東日本橋2,03-5823-4544,
HAYASHI株式会社,https://hayashi-kanazawa.co.jp,〒921-8026 石川県金沢市糸田新町3,076-247-4433,
株式会社ネットシステム,https://www.netsystem.jp,〒910-0804 福井県福井市高木中央2,0776-52-8730,
Toyo advertising.inc All Rights Reserved.,https://toyo-ad.net,〒963-0201 福島県郡山市大槻町字中野3,024-962-7833,
株式会社 四季の旅,https://www.4tabi.com,〒060-0061 北海道札幌市中央区南１,011-590-0104,
Oroppas Inc. All right reserved.,https://www.pascaljp.com,〒060-0042 北海道札幌市中央区大通西6,011-206-6870,
HYAKU LLC. All rights reserved.,https://hyaku100.jp,〒070-0822 北海道旭川市２,,
株式会社ハイ・フォート,https://hiphoto.jp,〒003-0027 北海道札幌市白石区本通1,011-862-1750,
︎2023 FORCE INC.,https://forceinc.kyoto,〒600-8412 京都府京都市下京区烏丸通綾小路下ル二帖半敷町6,03-5464-3641,
株式会社グラグリッド,https://glagrid.jp,〒369-1203 埼玉県大里郡寄居町寄居1,080-5239-5965,
Laugh Life株式会社,https://www.laughlife-all.jp,〒921-8831 石川県野々市市下林4,070-9050-9057,
AYABEX inc. All rights reserved.,https://ayabex.com,〒623-0052 京都府綾部市幸通り1,0773-45-8088,
株式会社ハイテックシステム,https://www.hightech.co.jp,〒990-0023 山形県山形市松波1,023-628-9455,
株式会社Goolight,https://goolight.co.jp,〒382-0077 長野県須坂市北横町1,,
株式会社 DEPOT（デポ）,https://www.depot-yamanashi.jp,〒400-0032 山梨県甲府市中央1,,
Valise Inc. All Rights Reserved.,https://www.valise.jp,〒107-0061 東京都港区北青山2,,
JTQ Inc.,https://jtq.jp,〒153-0051 東京都目黒区上目黒 1,03-3711-9499,
ONE CAREER INC.,https://onecareer.co.jp,〒150-0031 東京都渋谷区桜丘町2,,
株式会社アキハマ・ブレーンズ・コミュニティー,https://akihama-net.com,〒270-2241 千葉県松戸市松戸新田5,047-712-1090,
株式会社H&Sプロモーション,https://www.hs-p.co.jp,〒101-0041 東京都千代田区神田須田町1,03-6659-9010,
株式会社スターパートナーズ,https://care-sp.net,〒141-0031 東京都品川区西五反田1,0120-99-4306,
株式会社 ダイヤ書房 All Rights Reserved.,https://daiyashobou.com,〒065-0025 北海道札幌市東区北2,011-712-2191,
株式会社エストワ,https://estowa.jp,〒036-0103 青森県平川市本町北柳田1,0172-26-8703,
株式会社ファンダフル,https://funderfull.co.jp,〒980-0014 宮城県仙台市青葉区本町2,022-217-7888,
株式会社 官民連携事業研究所,https://p4rl.com,〒575-0003 大阪府四條畷市岡山東1,,
杜陵高速印刷株式会社について,https://www.d-m-a.jp,〒105-5536 東京都港区虎ノ門2,,
株式会社 benefic,https://benefic-it.com,〒963-8023 福島県郡山市 緑町2,024-927-1328,
2026 SACHIFULL Inc.,https://www.sachifull.co.jp,〒918-8015 福井県福井市花堂南1,0776-58-7169,
株式会社A.M.Y.クリエイティブ,https://amy-creative.co.jp,〒971-8185 福島県いわき市泉町4,,
株式会社ヌーラボ,https://nulab.com,〒810-0041 福岡県福岡市中央区大名一丁目,092-752-5231,
"AQUASTAR Inc, All Rights Reserved.",https://aqua-star.co.jp,〒104-0045 東京都中央区築地1,03-5550-8511,
株式会社Evokers,https://evokers.co.jp,〒105-0004 東京都港区新橋2,03-6264-6613,
有限会社かぎよし,https://kagiyoshi.co.jp,〒330-0855 埼玉県さいたま市大宮区上小町8,048-641-1056,
GLOE Inc. copyright,https://gloe.jp,〒160-0023 東京都新宿区西新宿7,,
株式会社イントゥ,https://in2jp.com,〒108-0014 東京都港区芝5,03-6820-4095,
株式会社Hyatt,https://hyatt-japan.com,〒150-0031 東京都渋谷区桜丘町2,03-6712-7315,
株式会社フィールドイースト （英語表記：Fieldeast Inc.）,https://fieldeast.com,〒675-1335 兵庫県小野市片山町1,,
株式会社マスターライフ,https://www.masterlife.jp,〒224-0027 神奈川県横浜市都筑区大棚町１,045-565-9500,
株式会社パシュート,https://www.pursuit-inc.jp,〒111-0043 東京都台東区駒形2,0120-106-803,
カスガイ株式会社,https://www.kasg.co.jp,〒500-8269 岐阜県岐阜市茜部中島2,058-274-7725,
株式会社 エムコミ,https://m-comi.jp,〒610-0121 京都府城陽市寺田深谷４,090-3926-1611,
堺ヤクルト販売株式会社,https://sakai-yakult.com,〒592-8341 大阪府堺市西区浜寺船尾町東2,072-262-8960,
株式会社BeA,https://bea.jp,〒630-8453 奈良県奈良市西九条町4,0743-73-8877,
株式会社 ITADAKI,https://itadaki.jp,〒733-0012 広島県広島市西区中広町２,082-299-1885,
Timingood inc.,https://timingood.co.jp,〒860-0845 熊本県熊本市中央区上通町1,096-288-3682,
"inzaghi, Inc.",https://www.inzaghi.jp,〒980-0021 宮城県仙台市青葉区中央2,,
株式会社山川印刷所,https://www.yamakawa-p.co.jp,〒960-2153 福島県福島市庄野字清水尻1,024-593-2221,
大富印刷株式会社,https://otomiinsatu.com,〒265-9000 茨城県ひたちなか市山崎1,029-265-9000,
株式会社MUGI,https://mugi-td.com,〒320-0072 栃木県宇都宮市若草4,,
B2Bマーケティング株式会社,https://b2b-marketing.co.jp,〒102-0074 東京都千代田区九段南1,03-6380-8281,
株式会社富士コミュニケーションズ,https://www.fuji-com.ne.jp,〒430-0933 静岡県浜松市中区鍛冶町1,053-458-9888,
大洞印刷株式会社,https://www.obora-pri.co.jp,〒501-0466 岐阜県本巣市下真桑2,058-320-5123,
三井堂株式会社,https://mitsuido.co.jp,〒491-0871 愛知県一宮市浅野白山1,0586-77-2481,
アインズ株式会社,https://www.shiga-web.or.jp,〒520-2573 滋賀県蒲生郡竜王町鏡2,0748-58-8101,
株式会社コージャル,https://web.cordial.osaka,〒550-0002 大阪府大阪市西区江戸堀1,06-6449-1200,
2026 京都のデザイン会社なら合同会社VONTEN ALL RIGHTS RESERVED.,https://vonten.jp,〒625-0080 京都府舞鶴市北吸１,080-7258-6022,
株式会社トランスフォーム,https://transform-d.com,〒583-0864 大阪府羽曳野市羽曳が丘3,072-978-8772,
株式会社Core,https://core-cloud-service.com,〒541-0051 大阪府大阪市中央区備後町2,06-6809-2329,
株式会社Ace Agent,https://aceagent.co.jp,〒635-0092 奈良県大和高田市大中南町6,050-1791-0659,
ジェイ・ライン株式会社 Webマーケティング事業部,https://web.j-line.co.jp,〒160-0022 東京都新宿区新宿1,06-6110-8717,
2022 株式会社KWAVE Inc.,https://kwave-inc.co.jp,〒108-0073 東京都港区三田1,,
フィルムトゥルー合同会社,https://film-true.com,〒700-0816 岡山県岡山市北区富田町2,086-206-3667,
合同会社CROCO,https://company-croco.com,〒657-0054 兵庫県神戸市灘区稗原町2,,
株式会社四国の右下木の会,https://mamezoudesign.com,〒779-2305 徳島県海部郡美波町奥河内字寺前1,,
株式会社シンフィールド,https://shinfield.co.jp,〒780-0870 高知県高知市本町4,03-6276-1152,
株式会社ひまわり観光,https://himawari-bus.com,〒820-0301 福岡県嘉麻市牛隈7,0948-57-3601,
株式会社ドリームホールディングス,https://www.dream-holdings.co.jp,〒108-0071 東京都港区白金台3,03-6441-2266,
福博印刷株式会社,https://www.ding.co.jp,〒849-0918 佐賀県佐賀市兵庫南4,0952-24-2377,
2020 まごころ合同会社,https://magokorooo.com,〒553-0005 大阪府大阪市福島区野田四丁目,,
株式会社エーライン,https://rocky.style,〒918-8204 福井県 福井市 南四ツ居 2,0776-53-8825,
株式会社ATTNOEL,https://attnoel.biz,〒371-0845 群馬県前橋市鳥羽町4,027-226-1852,
株式会社ナーツ,https://www.narts.jp,〒279-0002 千葉県浦安市北栄1,050-6883-6090,
フォクトサービス株式会社,https://www.foct.jp,〒105-0013 東京都港区浜松町2,03-6684-7788,
Camp Inc.,https://campinc.tokyo,〒150-0043 東京都渋谷区道玄坂 1,050-8887-4919,
阿部商会株式会社,http://www.abe-shoukai.com,〒343-0856 埼玉県越谷市谷中町3,048-972-4821,
株式会社イー・ピー・シー,https://epc.co.jp,〒153-0064 東京都目黒区下目黒3,03-3351-6221,
カーマーケティングジャパン株式会社,https://car-marketing.co.jp,〒169-0072 東京都新宿区大久保3,03-6820-0455,
株式会社北陸アイティエス,https://www.hokuriku-its.co.jp,〒920-0964 石川県金沢市本多町3,076-264-1216,
2021 富士フイルムBI山梨株式会社,https://www.fujifilm-fbyamanashi.com,〒400-0043 山梨県甲府市国母1,055-225-5933,
ツカサ工業株式会社,https://www.tsukasa-ict.com,〒398-0003 長野県大町市社5,0261-22-4570,
株式会社ケーワン・エンタープライズ,https://www.k-1.ne.jp,〒550-0015 大阪府大阪市西区南堀江1,,
LIAN株式会社,https://liangroup.co.jp,〒542-0081 大阪府大阪市中央区南船場1,03-6281-6083,
株式会社P4NEXT,https://p4next.co.jp,〒330-0062 埼玉県さいたま市浦和区仲町1,,
"株式会社グローバルプリント GlobalPrint Co.,Ltd.",https://www.globalprint.co.jp,〒231-0023 神奈川県横浜市中区山下町2,045-263-9880,
株式会社トライアンフィル,https://triunfill.com,〒420-0853 静岡県静岡市葵区追手町7,054-653-2722,
杉山メディアサポート株式会社,https://www.sugiyama-ms.co.jp,〒435-0046 静岡県浜松市中央区丸塚町1,053-467-6000,
SJC株式会社就職情報センター,https://www.sjc-net.co.jp,〒422-8051 静岡県静岡市駿河区中野新田5,054-281-5566,
KAMEYAMA DESIGN INC.,https://kame-d.co.jp,〒464-0850 愛知県名古屋市千種区今池4,052-753-8477,
株式会社ソーゴー,https://sogo-aichi.co.jp,〒492-8448 愛知県稲沢市北麻績町沼2,0120-919-903,
株式会社リンクステーション,https://www.gettii.jp,〒030-0947 青森県青森市浜館2,,
大阪のwebサイト制作・ホームページ作成・運用の株式会社alter,https://alter-inc.jp,〒530-0001 大阪府大阪市北区梅田3,,
ミナトメイワ印刷株式会社,https://www.minatomeiwa.jp,〒652-0894 兵庫県神戸市兵庫区入江通1,078-671-9252,
株式会社アスタリズム,https://asterizm.com,〒639-0275 奈良県葛城市勝根8,,
2015–2026 株式会社Crop,https://crop.wakayama.jp,〒640-8391 和歌山県和歌山市万町4,073-488-7870,
2023 株式会社ＰＣＫ高速印刷,https://www.pck-2662.com,〒700-0942 岡山県岡山市南区豊成３,086-902-2662,
株式会社恒和プロダクト All Rights Reserved.,https://www.kowa-dtp.com,〒577-0016 大阪府東大阪市長田西4,06-6744-7071,
アスリート・マーケティング株式会社,https://www.athletemarketing.co.jp,〒105-0004 東京都港区新橋5,03-6402-3660,
株式会社 スポーツマーケティングラボラトリー,https://www.spolabo.jp,〒105-0011 東京都港区芝公園2,03-5404-5622,
株式会社COCOLOBI,https://cocolobi.net,〒102-0084 東京都千代田区二番,,
有限会社オフィスプライヤ,https://www.officepraia.co.jp,〒210-0023 神奈川県川崎市川崎区小川町7,044-221-0360,
株式会社スポーツのチカラ All Rights Reserved.,https://sports-chikara.com,〒169-0075 東京都新宿区高田馬場1,03-4540-7532,
株式会社SHF（エスエイチエフ）,https://esosai.com,〒620-0017 京都府福知山市字猪崎小字古黒3,0773-23-8117,
株式会社ナディス,https://www.nadis.co.jp,〒965-0873 福島県会津若松市追手町5,0242-38-2024,
有限会社コスミックエンジン,https://www.cosmicengine.co.jp,〒141-0031 東京都品川区西五反田 1,03-5719-4008,
ノーバジェット‧マーケティング株式会社,https://www.nb-marketing.jp,〒101-0041 東京都千代田区神田須田町2,03-6826-8686,
株式会社エクサ,https://www.exa-corp.co.jp,〒220-8560 神奈川県横浜市西区みなとみらい4,045-212-5180,
株式会社COMRADE,https://comrade.group,〒225-0011 神奈川県横浜市青葉区あざみ野4,,
株式会社サビア,https://sabia.co.jp,〒520-0016 滋賀県大津市比叡平1,077-599-4113,
"株式会社 アル・コネクションプロダクツ Al Connection Products, Inc.",http://alnw.co.jp,〒542-0012 大阪府大阪市中央区谷町6,06-6766-2350,
合同会社ニッシンマテリアル,https://nishinmaterial.co.jp,〒640-8402 和歌山県和歌山市野崎2,073-460-8822,
2018 AISOHO株式会社 All Rights Reserved.,https://aisoho.jp,〒990-0832 山形県山形市城西町五丁目,00-05-0025,
株式会社 阿部紙工,https://www.abeshikoh.co.jp,〒960-2195 福島県福島市庄野字柿場1,024-593-5111,
株式会社ウィザップ,https://www.sksp.co.jp,〒950-0963 新潟県新潟市中央区南出来島 2,025-285-3311,
"株式会社シカトキノコ （英：ShikatoKinoko, Inc.）",https://shikatokinoko.co.jp,〒586-0036 大阪府河内長野市高向2,0721-63-6499,
株式会社メディオ,https://www.medio-pr.co.jp,〒101-0064 東京都千代田区神田猿楽町2,03-3296-8088,
SOLLNE Inc.,https://www.sollne.com,〒277-0005 千葉県 柏市 柏1,,
株式会社 エーディーバンク,https://ad-bank.jp,〒990-0031 山形県山形市十日町3,023-666-8039,
NORENは、株式会社アシストの登録商標です。,https://www.sidethree.co.jp,〒650-0024 兵庫県神戸市中央区海岸通3,,
合同会社リードエージェント,https://www.leadagent.jp,〒262-0022 千葉県千葉市花見川区南花園2,043-304-5925,
費用対効果の高いデジタルマーケティングならノーバジェット株式会社,https://www.nobudget.jp,〒101-0041 東京都千代田区神田須田町2,03-6826-4888,
株式会社eek,https://eek.co.jp,〒060-0005 北海道札幌市中央区北5,011-522-9215,
株式会社 ジョイナス Joinus Corporation,https://joinus-group.co.jp,〒085-0014 北海道釧路市末広町7,,
株式会社KANSHA,https://kansha-media.jp,〒151-0066 東京都渋谷区西原3,050-8884-3021,
株式会社第一エージェンシー,https://daiichi-ag.co.jp,〒810-0004 福岡県福岡市中央区渡辺通4,092-741-6585,
株式会社オリーヴ All Rights Reserved.,https://olivecinema.com,〒998-0864 山形県酒田市新橋1,0234-28-8469,
株式会社ネットクロス＜公式＞,https://net-cross.com,〒319-1118 茨城県那珂郡東海村舟石川駅東3,029-219-6412,
RishunTrading株式会社,https://webdesign-tokorozawa.com,〒359-0024 埼玉県所沢市下安松3,050-6877-6355,
(C) 2026ネットマーベラス㈱ All Rights Reserved.,https://www.netmarvs.com,〒335-0023 埼玉県戸田市本町3,048-229-5965,
株式会社Twenty Seven Promotion. All Rights Reserved.,https://27-pro.com,〒112-0005 東京都文京区水道2,03-5800-3355,
有限会社くすのき台エージェンシー,https://www.kusunokidai-agc.com,〒359-1124 埼玉県所沢市東住吉1,0429-23-1570,
Running Home Run Inc.,https://running-hr.co.jp,〒250-0105 神奈川県南足柄市関本5,0465-44-4212,
株式会社フォーワテック・ジャパン,https://www.forwatec.co.jp,〒955-0832 新潟県三条市直江町4,0256-35-3344,
JAI Create株式会社,https://jai-c.co.jp,〒471-0006 愛知県豊田市市木町5,0565-85-8481,
株式会社オーシャンホールディングス,https://feelingmktg.com,〒102-0074 東京都千代田区九段南1,03-6823-8710,
KR2 Inc. All Rights Rserved.,https://kr2-inc.com,〒485-0082 愛知県小牧市村中9,0568-68-7900,
株式会社 イベントス,https://events.co.jp,〒102-0083 東京都千代田区麹町4,03-6867-1496,
BtoBマーケティングの株式会社イントゥリード.,https://www.intolead.net,〒231-0033 神奈川県横浜市中区長者町5,06-4705-5533,
株式会社ラブル,https://www.consulting-lovele.com,〒673-0870 兵庫県明石市朝霧南町2,080-1410-5383,
株式会社iTownJapan,https://www.itownjapan.co.jp,〒210-0856 神奈川県川崎市川崎区田辺新田1,044-201-1711,
株式会社Gotoschool,https://8-order.co.jp,〒150-0002 東京都渋谷区渋谷2,03-6803-8223,
山陰島根、鳥取、広島の総合印刷業 柏村印刷株式会社-印刷品質は新たな次元へ,https://kashimura-printing.co.jp,〒697-0034 島根県浜田市相生町3,0855-23-2040,
株式会社プラス おもしろい！を世の中にプラスする。,https://www.plusinc.jp,〒722-2101 広島県尾道市因島大浜町1,0845-24-3571,
ソニーデザインコンサルティング株式会社,https://www.sonydesignconsulting.com,〒108-0075 東京都港区港南1,,
株式会社ラシン,https://ra-shin.jp,〒730-0851 広島県広島市中区榎町６,050-7110-0918,
シン・フィールド合同会社 〒741-0081 山口県岩国市横山２丁目５−３ TEL0827-93-2362 FAX0827-93-3912,https://shin-f.jp,〒741-0081 山口県岩国市横山２,0827-93-2362,
シコク・システム工房株式会社,https://www.kohboh.co.jp,〒763-0082 香川県丸亀市土器町東八丁目,0877-25-5200,
第一印刷株式会社,https://www.dp-g.jp,〒799-1581 愛媛県今治市喜田村1,0898-48-8333,
株式会社オプション,https://plus-option.com,〒780-8008 高知県高知市潮新町1,088-854-8605,
フジキ印刷株式会社 福岡県飯塚市の印刷会社,https://www.fujikiprinting.co.jp,〒820-0053 福岡県飯塚市伊岐須4,0948-29-3177,
株式会社Purelax,https://www.purelax.co.jp,〒761-0113 香川県 高松市屋島西町2,087-844-1561,
株式会社TAN-SU,https://tan-su.com,〒270-0115 千葉県流山市江戸川台西1,04-7128-6155,
株式会社くまもとDMC,https://k-dmc.co.jp,〒862-0956 熊本県熊本市中央区水前寺公園1,096-276-6655,
株式会社マッシュアップ,https://www.mashup5.co.jp,〒130-0005 東京都墨田区東駒形2,03-5962-1985,
株式会社ロータスネット,https://lotusnet.jp,〒874-0849 大分県別府市大字鶴見4,0977-75-6054,
シフトプラス株式会社,https://www.shiftplus.co.jp,〒550-0002 大阪府大阪市西区江戸堀2,06-6441-1155,
斯文堂株式会社,https://shibundo.jp,〒891-0122 鹿児島県鹿児島市南栄2,099-268-8211,
2026 ABCオプテラスタジオ株式会社.,https://www.abc-optailor.com,〒904-2172 沖縄県沖縄市泡瀬3,098-983-4122,
デジマールリンクス株式会社,https://digimarl-links.com,〒901-0152 沖縄県那覇市小禄1,080-4142-3436,
でじたる女子活躍推進コンソーシアム（代表：株式会社MAIA）,https://digital-women.maia.co.jp,〒106-0032 東京都港区六本木1,,
Zenken株式会社沖縄オフィス,https://zenken-okinawa.com,〒900-0015 沖縄県那覇市久茂地1,070-1369-0831,
株式会社Mog（輸入総代理店）,https://jangseeder.co.jp,〒955-0033 新潟県三条市西大崎1,0256-39-6117,
株式会社 クレイドルボックス,https://www.cradlebox.co.jp,〒376-0013 群馬県桐生市広沢町6,0277-46-9876,
株式会社クロス・ビルド All Rights Reserved.,https://crossbuild.co.jp,〒335-0015 埼玉県戸田市川岸1,,
株式会社ニソール,https://www.nisoul.co.jp,〒350-1306 埼玉県狭山市富士見2,04-2958-8600,
ピーシーアイ株式会社,https://www.mpci.co.jp,〒270-0031 千葉県松戸市横須賀2,047-344-4371,
富士凸版印刷株式会社,https://fujitoppan.co.jp,〒793-8989 愛知県名古屋市守山区新守西1,052-793-8989,
株式会社ライトスピードソリューションズ,https://www.lightspeed.co.jp,〒503-0006 岐阜県大垣市加賀野4,0584-77-0680,
ホンダモビリティランド株式会社,https://www.honda-ml.co.jp,〒510-0295 三重県鈴鹿市稲生町7,059-378-8070,
株式会社アイワット,https://www.iwat.co.jp,〒460-0007 愛知県名古屋市中区新栄1,052-251-9151,
株式会社ウエンズ,https://www.wednes.co.jp,〒541-0053 大阪府大阪市中央区本町2,06-6261-8600,
株式会社エッグレイ,https://egglay.com,〒560-0055 大阪府豊中市柴原町5,06-6849-8511,
－ 会社名 株式会社 Fun&Moving,https://fun-and-moving.com,〒560-0011 大阪府豊中市上野西1,,
c2021 AGENT MASTER inc. All Rights Reserved.,https://www.agentmaster.jp,〒532-0004 大阪府大阪市淀川区西宮原1,06-6676-7337,
オンライントラベル株式会社,https://ontra.jp,〒531-0074 大阪府大阪市北区本庄東1,050-3498-0751,
Nadia株式会社,https://nadia-corp.co.jp,〒108-0074 東京都港区高輪2,,
コベルコビジネスパートナーズ株式会社,https://www.kobelco-kbp.jp,〒108-8688 東京都港区高輪2,078-261-6370,
株式会社カインズ,https://jobwatch-plus.com,〒144-0052 東京都大田区蒲田５,03-3730-0611,
株式会社ウェブグラム。,https://webgram.jp,〒541-0042 大阪府大阪市中央区今橋2,06-6809-5033,
株式会社グッドクリエイト,https://www.gc-c.co.jp,〒761-2402 香川県丸亀市綾歌町岡田下3,0877-57-1111,
有限会社エスプロデュース,https://s-produce.com,〒102-0074 東京都千代田区九段南1,,
株式会社マイコンシェルジュ,https://www.myconcierge.jp,〒737-0137 広島県呉市広小坪1,,
株式会社シーズプレイス,https://csplace.co.jp,〒190-0022 東京都立川市錦町1,042-512-9958,
株式会社アライブ ビジネス,https://alive-business.com,〒180-0004 東京都武蔵野市吉祥寺本町1,,
2018 COMTEC INC.,https://www.ct-net.co.jp,〒190-0012 東京都立川市曙町2,042-842-8641,
株式会社ユニバーサルＩＴサービス,https://uits.co.jp,〒238-0313 神奈川県横須賀市武2,046-856-4133,
AZGRAPH inc. All Rights Reserved.,https://azgraph.jp,〒399-8301 長野県安曇野市穂高有明3,0263-88-2086,
株式会社アンセティック 本社,https://www.anthetic.co.jp,〒410-0871 静岡県沼津市西間門2,055-923-3000,
GENDA Inc. All Rights Reserved.,https://genda.jp,〒105-7306 東京都港区東新橋1,,
㈱スタジオ東日本,https://www.s-higashi.jp,〒025-0312 岩手県花巻市二枚橋3,0198-22-1560,
株式会社アスコエパートナーズ,https://www.asukoe.co.jp,〒105-0001 東京都港区虎ノ門五丁目,03-6452-8724,
株式会社MDAコンサルティング,https://mda-consultant.com,〒965-0037 福島県会津若松市中央1,090-5839-6400,
GEEK PICTURES Inc. All Rights Reserved.,https://geekpictures.co.jp,〒107-0061 東京都港区北⻘⼭1,03-5879-2360,
株式会社キャリア・マム,https://corp.c-mam.co.jp,〒206-0033 東京都多摩市落合1,042-389-0220,
株式会社 ソノリテ,https://sonorite.cc,〒135-0016 東京都江東区東陽3,03-6458-6114,
株式会社ユー企画印刷,https://www.you-k-p.com,〒359-0027 埼玉県所沢市松郷1,04-2944-9544,
"2026 Howdys,Inc. All rights reserved.",https://site.howdys.co.jp,〒373-0851 群馬県太田市飯田町1,0276-52-8761,
Cybernavi Inc.,https://www.atengineer.com,〒359-0027 埼玉県所沢市松郷1,082-542-2000,
株式会社シーズン,https://www.season-ltd.co.jp,〒102-0084 東京都千代田区二番,03-3234-6641,
株式会社カイリキ,https://kairiki.co.jp,〒106-0032 東京都港区六本木3,03-3500-5506,
株式会社コンパス,https://compass.jp.net,〒243-0125 神奈川県厚木市小野6,046-250-1005,
株式会社プロジェクトデザイン,https://www.projectdesign.co.jp,〒936-0056 富山県滑川市田中新町2,076-482-4130,
株式会社平プロモート,https://www.tairapromote.co.jp,〒471-0867 愛知県豊田市常盤町1,0565-32-6226,
株式会社サンウエスパ,https://sunwaspa.com,〒501-3156 岐阜県岐阜市岩田西3,058-241-8077,
株式会社クイックス,https://www.kwix.co.jp,〒448-0025 愛知県刈谷市栄町2,0566-24-5511,
株式会社キャンバス 京都オフィス,https://homepage.ciao-design.com,〒624-0814 京都府舞鶴市万願寺9,075-963-6201,
"株式会社 Y SPERARE（ワイスペラーレ） 英記：Y SPERARE.,ltd.",https://y-sperare.jp,〒541-0052 大阪府大阪市中央区安土町2,06-7777-0230,
いい販促株式会社,https://ii-hansoku.com,〒630-8246 奈良県奈良市 油阪地方町6,0742-23-9600,
(C) 大昌印刷販売株式会社 All Rights Reserved.,https://daisho-pm.co.jp,〒581-0054 大阪府八尾市南亀井町1,072-923-8888,
リンクエイト 株式会社,https://link-eate.com,〒581-0044 大阪府八尾市木の本2,090-3867-1031,
スパークジャパン株式会社,https://www.sparkjapan.co.jp,〒885-0071 宮崎県都城市中町１,0985-86-6030,
株式会社マノエ,https://manoe.co.jp,〒400-0862 山梨県甲府市朝気2,055-298-6480,
株式会社Coaマネジメント,https://www.coa-m.jp,〒761-8053 香川県高松市西ハゼ町2,087-867-1178,
株式会社日本パルス,https://www.pals.co.jp,〒564-0051 大阪府吹田市豊津町1,06-6378-4560,
有限会社アクティブワークス,https://www.active-works.jp,〒030-0852 青森県青森市長島二丁目,017-773-0570,
2024 ArkEdge Space Inc. All Rights Reserved.,https://arkedgespace.com,〒135-0063 東京都江東区有明一丁目,,
株式会社 エリート情報社,https://elite-joho.co.jp,〒286-0134 千葉県成田市東和田4,0476-22-4401,
株式会社エイトノット,https://www.8knot.com,〒213-0002 神奈川県川崎市高津区二子6,0120-537-277,
株式会社エース産業機器,https://shop.kikaibuhin.com,〒529-0304 滋賀県長浜市小谷丁野町3,0749-78-8001,
有限会社ネットワーク,https://network-yamaguchi.com,〒745-0831 山口県周南市楠木1,0834-28-4647,
株式会社L,https://iizuka-l.net,〒820-0066 福岡県飯塚市幸袋5,050-8883-9266,
ren Inc.,https://reninc.jp,〒111-0024 東京都台東区今戸1,,
株式会社エーピーシィ (英文社名:APC Inc.),http://apcplus.co.jp,〒446-0046 愛知県安城市赤松町新屋敷2,0566-74-3881,
㈱イースト･デイリー,https://www.east-daily.jp,〒060-0001 北海道札幌市中央区北1,011-208-1351,https://www.google.com/maps/place/%E3%88%B1%E3%82%A4%E3%83%BC%E3%82%B9%E3%83%88%EF%BD%A5%E3%83%87%E3%82%A4%E3%83%AA%E3%83%BC/data=!4m7!3m6!1s0x5f0b299fba22b99f:0xbe0942f27101534d!8m2!3d43.0605888!4d141.3427711!16s%2Fg%2F1tdlv1tz!19sChIJn7kiup8pC18RTVMBcfJCCb4?authuser=0&hl=ja&rclk=1
グローカルプロモーション株式会社,https://glocal-promotion.com,〒010-1113 秋田県仙北市田沢湖卒田字夏瀬8,0187-44-2220,
（株式会社山川印刷所 内）,https://jitsugensuru-fukushima.jp,〒960-8670 福島県福島市杉妻町2,024-521-7124,
Northerncross Inc. All Rights Reserved.,https://www.northerncross.co.jp,〒060-0041 北海道札幌市中央区大通東2,011-232-3661,
2026 オカウレ株式会社,https://www.okaure.co.jp,〒444-3514 愛知県岡崎市羽栗町字法ヶ堂2,0564-48-7300,
株式会社パイク,https://pike-site.jp,〒451-0051 愛知県名古屋市西区則武新町四丁目,,
株式会社K・LIBERTY,https://kliberty.jp,〒902-7153 山口県山口市七尾台１,083-902-7153,
株式会社 西日本企画サービス,https://nksnet.co.jp,〒839-0809 福岡県久留米市東合川3,0942-44-2786,
大分交通株式会社,https://www.oitakotsu.co.jp,〒870-0015 大分県大分市新川1,097-532-5157,
電鉄商事株式会社DTSコミュニケーションズ,https://dts-kobe.com,〒653-0012 兵庫県神戸市中央区御幸通6,078-252-8605,
有限会社クリエイティブハウスポケット,https://ch-pocket.co.jp,〒343-0828 埼玉県越谷市レイクタウン3,042-426-7791,
兵神装備株式会社 企業サイト,https://www.heishin.jp,〒103-0027 東京都中央区日本橋2,078-652-1111,
株式会社システマライズ,https://www.system-rise.co.jp,〒634-0804 奈良県橿原市内膳町1,0744-47-3111,
オータス株式会社,https://otas-kk.co.jp,〒980-0014 宮城県仙台市青葉区本町二丁目,022-712-7570,
職業訓練・就職支援の株式会社JMTC,https://japan-mtc.com,〒987-0511 宮城県登米市迫町佐沼字沼向1,0172-29-1715,
株式会社日広通信社,https://www.ad-nikko.co.jp,〒101-0064 東京都千代田区神田猿楽町2,042-528-5611,
株式会社LUX,https://www.lux-inc.co.jp,〒182-0035 東京都調布市上石原 CAPITAL 1,,
株式会社TURNSOL,https://turnsol.co.jp,〒473-0926 愛知県豊田市駒新町坂上2,0565-57-2121,
株式会社pleasure,https://pleasure-dx.com,〒070-0039 北海道旭川市9,,
株式会社エーデザイン,https://adesign.jp,〒311-4204 茨城県水戸市田谷町1,029-350-1777,
Cross Propworks Inc. All Rights Reserved.,https://www.propworks.co.jp,〒163-1424 東京都新宿区西新宿3,,
biyonfactory LLC.,https://www.biyonfactory.com,〒340-0822 埼玉県八潮市大瀬1,090-5784-7197,
株式会社 マグネット,https://www.mag-net.co.jp,〒553-0003 大阪府大阪市福島区福島7,06-6442-7676,
株式会社アドライブエージェント,https://adriveagent.com,〒101-0038 東京都千代田区神田美倉町１,,
株式会社Infinity,https://www.infinity-group.co.jp,〒277-0005 千葉県柏市柏1,,
株式会社Facilo,https://www.facilo.jp,〒104-0028 東京都中央区八重洲2,03-4588-4251,
がばいAIコンサルティング株式会社,https://gabai-ai.com,〒840-0816 佐賀県佐賀市駅南本町2,,
2026 クラアド株式会社,https://claad.jp,〒422-8067 静岡県静岡市駿河区南町1,,
レイマシ株式会社,https://raymashi.com,〒651-0086 兵庫県神戸市中央区磯上通8,,
株式会社 OPS,https://www.o-p-s.jp,〒341-0038 埼玉県三郷市中央1,048-951-4083,
株式会社 Okwi（オクウィ）,https://www.okwi.app,〒310-0912 茨城県水戸市見川2,029-303-8800,
株式会社SJ,https://www.a-yocorp.com,〒336-0911 埼玉県さいたま市緑区三室6,048-424-4778,
株式会社ディファレントサーチ,https://dif-s.jp,〒104-0045 東京都中央区築地2,03-6264-0059,
︎2023 Setsuna LLC. All Rights Reserved.,https://www.setsuna-llc.com,〒321-0164 栃木県宇都宮市双葉1,,
マジカルハンド株式会社,https://www.magicalhand.co.jp,〒310-0803 茨城県水戸市城南1,029-350-6800,
株式会社ワイズクリエイティブファクトリー,https://www.yscf.jp,〒150-6018 東京都渋谷区恵比寿4,03-5789-5374,
株式会社WACUL,https://wacul.co.jp,〒101-0052 東京都千代田区神田小川町3,03-5244-5535,
transcosmos online communications株式会社,https://kanameto.me,〒170-6015 東京都豊島区東池袋三丁目,03-5904-9091,
"xscore, Inc. All Rights Reserved.",https://webma.xscore.co.jp,〒150-0011 東京都渋谷区東3,03-6433-5770,
【指定管理者】昭和造園土木株式会社,https://hyakunen-kouen.jp,〒501-3941 岐阜県関市小屋名1,0575-28-2166,
株式会社CreativeGroup,https://buzzgram.net,〒102-0075 東京都千代田区三番,03-6380-8937,
2026年 「株式会社ndp group」に商号変更,https://www.ndpgroup.co.jp,〒060-0002 北海道札幌市中央区北二条西1,011-596-0509,
日本訪問医療株式会社,https://jhm-holdings.co.jp,〒260-0016 千葉県千葉市中央区栄町3,090-1091-9103,
合同会社 untitled,https://b-style-inc.jp,〒007-0829 北海道札幌市東区東雁来9,,
大川建設 株式会社,https://www.okawa-kensetsu.co.jp,〒410-0003 静岡県沼津市沢田町2,055-921-0489,
株式会社A-LINE,https://www.a-l-i-n-e.jp,〒336-0926 埼玉県さいたま市緑区東浦和5,048-799-3941,
株式会社リック,https://www.lic-mydo.com,〒417-0826 静岡県富士市中里2,0120-69-5365,
オアード株式会社,https://oaad-creation.jp,〒220-0012 神奈川県横浜市西区みなとみらい5,,
株式会社Niji,https://www.niji-sns.com,〒450-0002 愛知県名古屋市中村区名駅3,03-0000-0000,
有限会社 クリエイティブ・ユニット,https://unit-net.co.jp,〒791-0242 愛媛県松山市北梅本町2,089-990-8100,
株式会社シーラスト,https://hifilmie.com,〒379-2154 群馬県前橋市天川大島町3,,
株式会社宣栄社,https://seneisya.co.jp,広島市 中町５−１,082-247-2420,https://www.google.com/maps/place/%EF%BC%88%E6%A0%AA%EF%BC%89%E5%AE%A3%E6%A0%84%E7%A4%BE/data=!4m7!3m6!1s0x355aa20e219f7889:0x9e27beca70cfcbb9!8m2!3d34.39055!4d132.459098!16s%2Fg%2F1vgw6h4k!19sChIJiXifIQ6iWjURucvPcMq-J54?authuser=0&hl=ja&rclk=1
Ciras株式会社,https://www.ciras.jp,〒790-0813 愛媛県松山市萱町3,050-3637-6324,https://www.google.com/maps/place/Ciras%E6%A0%AA%E5%BC%8F%E4%BC%9A%E7%A4%BE/data=!4m7!3m6!1s0x354fe54e6735b889:0x6d42c35c4071bf02!8m2!3d33.845601!4d132.7568388!16s%2Fg%2F11h3bsfmmb!19sChIJibg1Z07lTzURAr9xQFzDQm0?authuser=0&hl=ja&rclk=1
株式会社Zooooooo,https://www.zooooooo.net,〒802-0002 福岡県北九州市小倉北区京町４,050-3574-6886,https://www.google.com/maps/place/%E6%A0%AA%E5%BC%8F%E4%BC%9A%E7%A4%BEZooooooo/data=!4m7!3m6!1s0xa6df91f493087b6b:0x93d1ccfd426c503b!8m2!3d33.8844077!4d130.887103!16s%2Fg%2F11kk86kxks!19sChIJa3sIk_SR36YRO1BsQv3M0ZM?authuser=0&hl=ja&rclk=1
環境デジタルソリューション㈱,https://kankyodigital-sol.jp,〒690-0816 島根県松江市北陵町1,050-1790-0163,https://www.google.com/maps/place/%E7%92%B0%E5%A2%83%E3%83%87%E3%82%B8%E3%82%BF%E3%83%AB%E3%82%BD%E3%83%AA%E3%83%A5%E3%83%BC%E3%82%B7%E3%83%A7%E3%83%B3%E3%88%B1/data=!4m7!3m6!1s0x3557057545bea317:0x8dd99887f70e79ba!8m2!3d35.5002778!4d133.0608535!16s%2Fg%2F11swfjdsy5!19sChIJF6O-RXUFVzURunkO94eY2Y0?authuser=0&hl=ja&rclk=1
本社・親会社名 REGAIN GROUP株式会社 所在地：東京都港区,https://www.hachinohe-yuchi.jp,〒031-0032 青森県八戸市大字三日町4,0178-72-3117,
2026 Northern Iwate Transportation Inc.,https://www.iwate-kenpokubus.co.jp,〒020-0124 岩手県盛岡市厨川一丁目,019-641-7711,
福井県のネット通販ショップの開業・運営・支援・代行・制作・作成・集客・コンサル・・・株式会社ワイプランニング,http://www.yplanning.jp,〒918-8067 福井県福井市飯塚町2,0776-58-3220,
株式会社 学文社 学術書・研究書・大学テキスト 専門書出版社,https://www.gakubunsha.com,〒153-0064 東京都目黒区下目黒3,03-3715-1501,
株式会社ハイネット,https://isp.hi-net.ne.jp,〒031-0072 青森県八戸市城下４,0178-73-8720,
山梨県の医業経営コンサルタント 株式会社ブロス,http://www.e-bross.jp,〒409-3867 山梨県中巨摩郡昭和町清水新居1,055-227-7500,
株式会社ブィシージー,https://www.vcg-inc.com,〒963-8803 福島県郡山市横塚2,0120-910-608,
2025-2026 フォーエス株式会社 All Rights Reserved.,https://www.4s-company.jp,〒948-0072 新潟県十日町市西本町３,025-762-4412,
【公式】株式会社商工オフィス,https://www.shoko-office.co.jp,〒939-8072 富山県富山市堀川町4,076-422-0855,
合同会社ふくしまRISE,https://www.fukushima-rise.jp,〒960-0211 福島県福島市飯坂町湯野字切湯ノ上1,,
株式会社ウィスト,http://wist-inc.com,〒300-2614 茨城県つくば市上里7,029-847-9191,
有限会社アクティル,https://actil.jp,〒920-0226 石川県金沢市粟崎町3,076-238-2839,
株式会社ヨコセ,http://www.yokose.com,〒320-0804 栃木県宇都宮市二荒町5,028-634-7643,
MG株式会社,https://www.mg-inc.net,〒380-0805 長野県長野市柳町6,090-6921-5198,
株式会社DOA,https://www.doa-inc.jp,〒390-0852 長野県松本市島立7,0263-47-7786,
株式会社ゲイン,https://gain.co.jp,〒460-0011 愛知県名古屋市中区大須3,052-243-3510,
株式会社ハッチ・ワーク,https://hatchwork.co.jp,〒107-0062 東京都港区南青山1,03-5772-3621,
株式会社スパン,https://www.shukatsu-ouen.jp,〒370-0854 群馬県高崎市下之城町9,027-381-8700,
TOPPAN株式会社,https://www.holdings.toppan.com,〒110-8560 東京都 台東区 台東1,,
株式会社マスネットワーク,https://mas-net.jp,〒390-0817 長野県松本市巾上9,0263-33-2223,
株式会社ドリームホテル,https://dreamhotel.co.jp,〒390-0874 長野県松本市大手2,0263-39-7101,
サンエイジ合同会社 群馬県前橋市のネット集客・販売促進・ホームページ制作,https://sunage.org,〒371-0804 群馬県前橋市六供町2,027-289-3578,
クリエイティブから介護事業まで 株式会社ティーネットエンタープライズ,https://www.t-net-g.co.jp,〒371-0023 群馬県前橋市本町2,027-289-4555,
2019-2026 Real Estate Supporter.Inc,https://supporters.co.jp,〒305-0033 茨城県つくば市東新井8,029-886-7762,
株式会社ミラ,https://mirah-planning.com,〒371-0835 群馬県前橋市前箱田町3,,
株式会社メノビル,https://menobiru.com,〒107-0062 東京都港区南青山2,,
株式会社りそな銀行,https://www.saitamaresona.co.jp,〒350-0063 埼玉県川越市幸町4,,
style-be Inc.,https://www.style-be.com,〒260-0808 千葉県千葉市中央区星久喜町1,043-266-8931,
株式会社ちばくる公式サイト,https://chibacool.co.jp,〒261-0001 千葉県千葉市美浜区幸町２,,
4DL Technologies株式会社（フォーディーエルテクノロジーズ）,https://4dlt.com,〒260-0013 千葉県千葉市中央区中央 2,,
株式会社エースリー 神奈川県横浜市中区本町4丁目40 横浜第一ビル7F,http://a-three.co.jp,〒231-0005 神奈川県横浜市中区本町4,045-641-5066,
有限会社マイア,https://www.maia-bsd.jp,〒370-1105 群馬県佐波郡玉村町福島5,0270-64-3072,
アイエスリフォーム株式会社,https://isreform.jp,〒277-0074 千葉県柏市今谷上町1,04-7196-6003,
ワールドスケープ株式会社,https://shukyaku-lab.com,〒273-0005 千葉県船橋市本町2,047-404-7914,
株式会社エーネイバーズ,https://a-nabors.jp,〒277-8520 千葉県柏市若柴1,047-314-8330,
株式会社やまと経営,https://ksme-c.com,〒338-0002 埼玉県さいたま市中央区下落合5,048-699-1016,
株式会社ホンダプロモーション,https://dealer.honda.co.jp,〒350-1112 埼玉県川越市上野田町２,049-247-5911,
Natural Art有限会社（ナチュラルアート）,http://www.kj-club.com,〒216-0005 神奈川県川崎市宮前区土橋3,044-866-2618,
株式会社NBSキオスク&サービス,https://www.nbs-ks.jp,〒141-0032 東京都品川区大崎5,03-5745-0336,
株式会社 アンドユー,http://andyou.co.jp,〒106-0031 東京都港区西麻布2,03-5432-9996,
株式会社IBS,http://iibs.co.jp,〒983-0013 宮城県仙台市宮城野区中野神明1,022-217-2224,
"30m shukyaku,Inc.",https://30m.co.jp,〒277-0835 千葉県柏市松ヶ崎2,,
合同会社アイディーイー,https://idellc.jp,〒811-2106 福岡県糟屋郡宇美町ひばりヶ丘3,,
ClipLine株式会社,https://corp.clipline.com,〒101-0035 東京都千代田区神田紺屋町1,,
タクト情報システムズ株式会社,https://tact-info.com,〒231-0012 神奈川県横浜市中区相生町 ３,045-671-0220,
株式会社エーティーネット,https://atnet.co.jp,〒211-0063 神奈川県川崎市中原区小杉町3,044-722-9139,
有限会社サロンゆう,https://rebical.com,〒251-0028 神奈川県藤沢市本鵠沼三丁目,,
日本直販株式会社,https://corporate.666-666.jp,〒105-0001 東京都港区虎ノ門3,0120-10-3300,
有限会社 つばさ企画,https://www.hoken-tsubasa.co.jp,〒214-0011 神奈川県川崎市多摩区布田1,044-944-3965,
株式会社NDPマーケティング(東京支社),http://dental-web.info,〒150-0013 東京都渋谷区恵比寿1,03-5422-8142,
株式会社土屋ホーム,https://review.tanabeconsulting.co.jp,〒100-0005 東京都千代田区丸の内1,03-6758-0073,
Medical Contents inc. All Rights Reserved.,https://iryo-eizosha.com,〒429-1901 北海道札幌市中央区南6,011-215-0825,
株式会社 イーブレインホールディングス,http://www.e-brainshd.co.jp,〒960-8031 福島県福島市栄町6,024-528-1627,
株式会社協同,https://www.kyodo-ad.com,〒030-0812 青森県青森市堤町2,017-777-4191,
"Just FIx,Inc.",https://justfix.co.jp,〒060-0005 北海道札幌市中央区北５,011-558-6846,
SQUEEZE inc.,https://squeeze-inc.co.jp,〒061-1133 北海道北広島市栄町1,,
JOYNT Inc.,https://www.jnt.jp,〒020-0878 岩手県盛岡市肴町3,,
株式会社フェイス,https://faith-faith.co.jp,〒663-8113 兵庫県西宮市甲子園口3,0798-78-8948,
株式会社インアウトバウンド東北,https://www.inoutbound.co.jp,〒983-0044 宮城県仙台市宮城野区宮千代2,022-302-7390,
株式会社平金商店,https://hirakin.com,〒020-0878 岩手県盛岡市肴町8,000-020-0878,
株式会社物件王,https://www.bukkenking.com,〒450-6321 愛知県名古屋市中村区名駅1,052-856-3250,
株式会社エッジキャピタル,https://edge-c.com,〒110-0016 東京都台東区台東4,03-6803-2973,
株式会社ホテル旅館マネジメント,https://www.kk-hrm.co.jp,〒810-0073 福岡県福岡市中央区舞鶴3,092-406-7815,
エービーシー株式会社,http://www.abc-ad.co.jp,〒399-0005 長野県松本市野溝木工1,0263-24-1101,
株式会社 伝広社 denkosya 石川県金沢市、富山県、福井県、北陸3県の新聞、テレビ、ラジオの広告営業。イベントの企画、運営、管理。,http://www.dimp.net,〒921-8161 石川県金沢市有松3,076-247-1311,
アエラホーム 株式会社,https://aerahome-fc.com,〒102-0074 東京都千代田区九段南2,03-3512-2318,
株式会社やさしい手,https://search.yasashiite.com,〒153-0044 東京都目黒区大橋2,050-1749-7459,
有限会社ディ.エフ.ティ 〒950-0986 新潟県新潟市中央区神道寺南2-4-6 TEL 025-280-0557,https://www.sumai-niigata.net,〒950-0986 新潟県新潟市中央区神道寺南2,0120-773-121,
ブルートラック株式会社,https://bluetruck.co.jp,〒160-0023 東京都新宿区西新宿3,050-1722-0368,
いやさか創研株式会社,https://www.eyasaka.jp,〒910-0347 福井県坂井市丸岡町熊堂第3,0776-67-7344,
株式会社ピーコック,https://peacock-japan.co.jp,〒940-2192 新潟県長岡市新産3,0258-21-4001,
第一企画株式会社,https://www.d1k-c.jp,〒380-0803 長野県長野市三輪一丁目,026-256-6360,
有限会社アライブ,https://alive-llc.com,〒390-0827 長野県松本市出川2,0263-72-8080,
株式会社 OUTPUT,https://out-put.co.jp,〒390-0811 長野県松本市中央1,0263-36-2815,
有限会社エーエム・ワークス AM WORKS LTD.,https://www.amworks.jp,〒663-8006 兵庫県西宮市段上町3,0798-52-7470,
株式会社GFN,https://www.3d-m.jp,〒940-0084 新潟県長岡市幸町1,0258-36-2685,
株式会社JRC,https://japan-rc.co.jp,〒409-3866 山梨県中巨摩郡昭和町西条1,055-288-9924,
La Towa合同会社,https://1217.latowa.jp,〒542-0081 大阪府大阪市中央区南船場3,06-6556-6517,
会社商号 株式会社レックホテルズ＆マネジメント,https://hotelmart.jp,〒171-0022 東京都豊島区南池袋2,03-6914-3751,
2025 CYBERDYNE Inc.,https://www.cyberdyne.jp,〒305-0818 茨城県つくば市研究学園二丁目,,
株式会社パネットホーム,https://www.r-plus-h.com,〒311-1235 茨城県ひたちなか市田中後7,0120-845-890,
綜合ユニコム株式会社,https://www.sogo-unicom.co.jp,〒104-0061 東京都中央区銀座2,03-3564-0888,
LIEN株式会社,https://lien-cs.jp,〒320-0013 栃木県宇都宮市上大曽町 6,050-3045-9522,
あんしん有限会社,https://ansinn.jp,〒338-0837 埼玉県さいたま市桜区田島9,,
株式会社アイエスクラス,https://www.isxlus.jp,〒368-0001 埼玉県秩父市黒谷2,0494-26-7767,
合同会社ローカルアクセス,http://laccess.net,〒343-0032 埼玉県越谷市袋山8,050-1322-3441,
株式会社ラール・アワー,https://rallhour.com,〒305-0031 茨城県つくば市吾妻1,029-869-4041,
株式会社エビス,https://www.ev-kawagoe.com,〒350-1165 埼玉県川越市南台3,049-240-6036,
株式会社Honmono Japan,https://honmono-japan.co.jp,〒150-0001 東京都渋谷区神宮前6,,
竹並建設株式会社,https://www.takenami-rphouse.com,〒367-0035 埼玉県本庄市西富田3,0495-23-2001,
OWNER'S AGENT Inc. All Rights Reserved.,https://owners-age.com,〒163-0818 東京都新宿区西新宿2,03-5339-0717,
株式会社レガシィ,http://www.legacy-web.co.jp,〒060-0041 北海道札幌市中央区大通東7,011-272-0880,
株式会社WEICOへの総合的なお問い合わせはこちら,https://weico.jp,〒276-0032 千葉県八千代市八千代台東1,,
株式会社結,https://yui-eir.com,〒274-0071 千葉県船橋市習志野5,047-402-4100,
株式会社ルウム,https://loom.jp,〒103-0023 東京都中央区日本橋本町3,03-6202-2853,
株式会社 まちづくり越谷,https://www.koshigaya-machi.me,〒343-0813 埼玉県越谷市 越ヶ谷3,048-940-8676,
サービス・イノベーション株式会社,https://www.service-innovation.co.jp,〒210-0807 神奈川県川崎市川崎区港町5,050-8885-8054,
国際ホテル株式会社,https://kokusai-hotels.com,〒111-0035 東京都台東区西浅草3,03-5827-0488,
株式会社 渡商,https://watashou.com,〒321-0903 栃木県宇都宮市下平出町2,028-661-1836,
2026 株式会社ビプロス All rights Reserved.,https://bepros.net,〒135-0042 東京都江東区木場6,045-780-3326,
1999 NTT東日本株式会社,https://www.ntt-east.co.jp,〒163-8019 東京都新宿区西新宿3,,
株式会社miomond,https://www.miomond.jp,〒060-0002 北海道札幌市中央区北2,052-485-6846,
三重交通株式会社 観光販売システム営業部 All rights reserved.,https://www.kanko-pro.co.jp,〒460-0003 愛知県名古屋市中区錦一丁目,052-253-6162,
WAY合同会社,http://www.way-llc.com,〒963-8025 福島県郡山市桑野4,050-8886-2514,
株式会社コミュニティネット,https://comnet-biz.co.jp,〒330-0063 埼玉県さいたま市浦和区高砂１,048-831-0100,
技研商事インターナショナル株式会社,https://www.giken.co.jp,〒461-0018 愛知県名古屋市東区主税町2,03-5362-3955,
Inankl株式会社,https://www.inankl.co.jp,〒060-0807 北海道札幌市北区北7,,
スターブランド株式会社,https://www.starbrand.co.jp,〒107-0061 東京都港区北青山2,,
株式会社メガサイト,https://www.mgs-sp.com,〒982-0011 宮城県仙台市太白区長町6,022-746-1340,
"2026 DESIGN STUDIO K, LLC .",https://ds-k.site,〒990-0038 山形県山形市幸町6,,
AUジャパン・ソリューション株式会社,https://au-2014.com,〒963-8818 福島県郡山市十貫河原５,024-983-4015,
talkONE株式会社,https://talkone.co.jp,〒939-1835 富山県南砺市立野原東1,,
株式会社ネプラ,https://www.nepla.jp,〒920-0901 石川県金沢市彦三町1,076-293-1851,
八戸事務機販売株式会社,https://hachijimu.co.jp,〒039-1160 青森県八戸市小田2,0178-28-9031,
"""WAO-KOISHIKAWA""is a registered trademark of Toppan INC.",https://wao-koishikawa.com,〒112-8531 東京都文京区水道1,,
プレイネクストラボ株式会社,https://www.playnext-lab.co.jp,〒141-0031 東京都品川区西五反田3,,
株式会社エスエスケイ,https://ssk-sagyo.jp,〒441-8113 愛知県豊橋市西幸町字浜池1,0532-38-9390,
株式会社シーアイエス（CIS）,https://www.cisjp.com,〒446-0059 愛知県安城市三河安城本町2,052-261-2182,
ステップフォワード株式会社,https://www.step-forward.co.jp,〒400-0046 山梨県甲府市下石田2,055-287-6101,
株式会社ショセキ,https://www.syoseki.co.jp,〒929-0201 石川県白山市鹿島町2,076-233-1151,
長谷川酒造株式会社,https://sekkobai.jp,〒940-1105 新潟県長岡市摂田屋2,0258-32-0270,
株式会社コドモン,https://www.codmon.co.jp,〒141-0031 東京都品川区西五反田8,080-7303-6026,
株式会社ワイドビュー,http://wide-view.net,〒220-0011 神奈川県横浜市西区高島2,045-440-6617,
株式会社デジタルツール研究所,https://digitool-lab.com,〒331-0821 埼玉県さいたま市北区別所町7,048-700-7030,
Gulliver Inc. All rights reserved.,https://www.glv.ne.jp,〒341-0059 埼玉県三郷市インター南3,048-994-0888,
YCC有限会社山田クリエイト〜パソコンとオフィス環境の総合サポート,https://ycc.ne.jp,〒277-0832 千葉県柏市北柏3,04-7165-1187,
株式会社オールトゥデイ,https://alltoday.jp,〒330-6020 埼玉県さいたま市中央区新都心1,048-638-7035,
株式会社データワイズ,https://www.datawise.co.jp,〒108-0014 東京都港区芝5,050-5574-0670,
アドソル日進株式会社,https://adniss.jp,〒108-0075 東京都港区港南4,06-7178-3127,
BraveTechnology inc.,https://bravetechnology.co.jp,〒270-0128 千葉県流山市おおたかの森西1,050-3627-6888,
株式会社 A-mos,https://a-mos.co.jp,〒231-0846 神奈川県横浜市中区大和町1,045-777-6154,
有限会社ティーズ,http://ad-ts.com,〒020-0114 岩手県盛岡市高松2,019-601-8030,
富士フイルム株式会社,https://www.fujifilm.com,〒371-8601 群馬県前橋市大手町二丁目,,
コモン・クリエーション株式会社,https://common-creation.com,〒810-0041 福岡県福岡市中央区大名2,,
株式会社オレンジ,https://orange-japan.com,〒164-0011 東京都中野区中央5,03-6454-1100,
名古屋の広告代理店 株式会社アクティブフェローズ,https://www.a-fellows.co.jp,〒461-0004 愛知県名古屋市東区葵1,,
2017 Net Piloting Inc.,https://www.npinc.jp,〒104-0033 東京都中央区新川1,03-3537-2171,
株式会社イーブレイン,https://www.ebrains-it.jp,〒960-8031 福島県福島市栄町6,024-525-9388,
(C) AdListing Inc. All Right Reserved.,https://listing.co.jp,〒102-0074 東京都千代田区九段南4,03-6825-6831,
株式会社studio-K,https://empathywriting.com,〒213-0012 神奈川県川崎市高津区坂戸3,,
有限会社 広新社,http://kohshinsha.com,〒310-0062 茨城県水戸市大町3,029-222-2156,
株式会社トモコ・メディカル・エージェンシー,https://www.m-tomoko.com,〒920-8203 石川県金沢市鞍月5,076-256-5577,
2020 RenovaRing Inc.,https://renovaring.com,〒171-0021 東京都豊島区西池袋5,03-5904-9603,
株式会社 坂本電柱広告社,http://sakamoto-ad.com,〒320-0806 栃木県宇都宮市中央2,028-633-4116,
ぐんまイルミネーション.com 群馬県のイルミネーション施工業者 ユニグラード株式会社 運営会社,http://maebashi.homepage-value.com,〒371-0816 群馬県前橋市上佐鳥町2,027-220-1201,
1956年2月1日 商号を「黒田建設株式会社」と改め建築業を開始,https://swedenhouse-hokuriku.com,〒910-0837 福井県福井市高柳2,0776-53-8200,
エーメック株式会社,https://a-mec.jp,〒400-0055 山梨県甲府市大津町9,055-287-8642,
メドシスジャパン株式会社,http://www.medsis.co.jp,〒262-0033 千葉県千葉市花見川区幕張本郷1,043-272-0241,
Growth Triger Inc. All Right Reserved,https://www.growthtrigger.net,〒170-0013 東京都豊島区東池袋一丁目,03-5050-4704,
オールハウジング株式会社,https://allhousing.jp,〒370-0073 群馬県高崎市緑町1,027-387-0700,
株式会社Moments,https://mmt.jp,〒330-0854 埼玉県さいたま市大宮区桜木町2,03-6222-8872,
レッドホースコーポレーション株式会社,https://www.redhorse.co.jp,〒565-0826 大阪府吹田市千里万博公園2,023-647-7211,
株式会社 東広,http://toko-ad.co.jp,〒104-0045 東京都中央区築地1,03-3546-1050,
2024 BIND WORKS inc.,https://www.bindworks.jp,〒366-0823 埼玉県深谷市本住町7,048-579-6119,
株式会社 Dream Code（ドリームコード）,https://dreamcode.jp,〒150-0042 東京都渋谷区宇田川町3,03-6824-5880,
2011-2023 GUARDIAN Inc. All Rights Reserved.,https://hakodate-doyu.com,〒042-0943 北海道函館市乃木町8,0138-51-8800,
株式会社BAUM,https://www.baum-corp.jp,〒274-0825 千葉県船橋市前原西2,047-411-8991,
メディフォン株式会社,https://mediphone.co.jp,〒107-0052 東京都港区赤坂6,03-5544-9724,
株式会社轟地所,https://todorokijisho234.com,〒263-0021 千葉県千葉市稲毛区轟町2,050-3551-0884,
株式会社 ミラシエ,http://miracie.co.jp,〒105-0013 東京都港区浜松町2,090-8782-1837,
TAM inc. All Rights Reserved.,https://www.tam-tam.co.jp,〒101-0052 東京都千代田区神田小川町3,,
エーペックス株式会社,https://web-shuukyaku.com,〒231-0016 神奈川県横浜市中区真砂町3,050-3149-5296,
秋田の不動産は有限会社都市クリエイティブ,https://www.tc-create.com,〒010-0917 秋田県秋田市泉中央三丁目,018-864-7710,
iSchool合同会社,https://ischool.co.jp,〒251-0025 神奈川県藤沢市鵠沼石上３,,
2026 webe inc. All rights reserved.,https://webe.co.jp,〒370-0071 群馬県高崎市小八木町3,,
株式会社ネクステエンターテインメント All Rights Reserved.,https://nexte-ind.com,〒939-8015 富山県富山市中川原３,,
OCEAN GROUP株式会社,https://www.ocean-saiyou.com,〒220-0011 神奈川県 横浜市西区 高島2,045-620-6200,
株式会社プランニングシェル,https://p-shell.jp,〒277-0827 千葉県柏市松葉町5,04-7131-8434,
株式会社ヴィジョンアルファ,https://visionalpha.co.jp,〒444-0907 愛知県岡崎市小針町字一シキ4,080-4963-4912,
株式会社パンクチュアル,https://punctual.co.jp,〒785-0036 高知県須崎市緑町1,0889-43-9393,
銀座セカンドライフ株式会社,https://kigyo.us,〒104-0061 東京都中央区銀座7,03-3545-1765,
株式会社スピア,https://www.nihon-ma.co.jp,〒100-0005 東京都千代田区丸の内一丁目,0120-03-4150,
株式会社 フロンティアハウス,https://www.frontier-house.co.jp,〒220-0012 神奈川県横浜市西区みなとみらい3,0120-910-607,
有限会社萬世堂,https://www.manseido.net,〒020-0025 岩手県盛岡市大沢川原3,019-622-5670,
株式会社Goals,https://goals.co.jp,〒108-0014 東京都港区芝5,03-6823-5428,
〈連絡先〉運営会社：株式会社クロスオン,https://toyama-tonami.jp,〒939-1316 富山県砺波市大門3,052-353-1655,
合同会社エージェントスタイル,https://www.agent-s.jp,〒963-8851 福島県郡山市開成2,024-933-8254,
株式会社りんく,https://linq.company,〒921-8012 石川県金沢市本江町1,076-255-6869,
株式会社CPS,http://www.cps-1.co.jp,〒001-0014 北海道札幌市北区北1,011-214-1390,
サクラ・ワーク株式会社,https://sakura-work.co.jp,〒135-0063 東京都江東区有明3,03-5665-3955,
株式会社ガモウ関西,https://gamo-kansai.jp,〒525-0059 滋賀県草津市野路１,075-221-4152,
2018 BEISHIN ISHIKAWA inc.,https://beishin-i.co.jp,〒920-0364 石川県金沢市松島1,076-240-3340,
株式会社グリーン・ハーモニック,https://green-harmonic.com,〒388-8008 長野県長野市合戦場3,026-405-5534,
MDS Inc. All Rights Reserved.,https://m-dsj.co.jp,〒020-0866 岩⼿県盛岡市本宮3,019-631-2877,
ゼロエネルギー100年住宅の21世紀へ！「FPの家」は住まいの価値を考えます。有限会社藤川建設,http://www.fujikawakensetu.com,〒242-0007 神奈川県大和市中央林間2,046-276-6504,
群馬県伊勢崎市のクリエイティブエージェンシー ユニグラード株式会社,https://isesaki.unigrad.jp,〒371-0013 群馬県前橋市西片貝町5,0270-61-9198,
株式会社ビューティーコミュニケーションシステム,https://b-c-s.co.jp,〒263-0023 千葉県千葉市稲毛区緑町1,043-246-8538,
"DIAMOND, INC. All Rights Reserved.",https://dhbr.diamond.jp,〒150-0045 東京都渋谷区神泉町1,03-6416-5308,
株式会社マキュレ,https://macure.jp,〒030-0113 青森県青森市第二問屋町4,017-752-0478,
ホームページ制作（千葉）の株式会社アドバンス,https://www.advance-works.jp,〒262-0013 千葉県千葉市花見川区犢橋町1,043-298-0110,
株式会社ナチュラルカラーズ,https://naturalcolors.jp,〒225-0002 神奈川県横浜市青葉区 美しが丘4,050-3045-3508,
株式会社 秀建,https://erabonoie.com,〒243-0432 神奈川県海老名市中央1,0800-919-1220,
株式会社リック 1級建築士事務所,https://urac.ne.jp,〒733-0863 広島県広島市西区草津南3,082-276-5555,
株式会社アオイ,https://aoi-japan.co.jp,〒305-0034 茨城県つくば市小野崎2,029-896-9988,
飛鳥広芸株式会社,http://www.asukakogei.co.jp,〒444-0917 愛知県岡崎市日名西町7,0564-23-5781,
株式会社HERO innovation,https://hero-innovation.com,〒162-0814 東京都新宿区新小川町8,050-3645-3907,
当サイトは株式会社ファブリカホールディングス（東証スタンダード上場 証券コード：4193）が運営しています。,https://www.fabrica-hd.co.jp,〒107-0052 東京都港区赤坂1,052-959-3460,
ＡＴグループ 株式会社アトコ,https://at-atoko.jp,〒466-0058 愛知県名古屋市昭和区白金三丁目,052-883-3210,
株式会社ワオ・コーポレーション,https://axisfc.wao-corp.com,〒101-0023 東京都千代田区神田松永町4,0120-188-335,
株式会社Dental Sign,http://dentalsign.co.jp,〒194-0014 東京都町田市高ケ坂1,,
NBSホスピタリティ株式会社,https://www.nbsh.jp,〒530-0004 大阪府大阪市北区堂島浜1,03-6263-8218,
株式会社ケイミックス,https://www.tsuhisai-ars.jp,〒514-1136 三重県津市久居東鷹跡町2,059-253-4161,
株式会社Medical Research,https://medicalresearch.jp,〒541-0044 大阪府大阪市中央区伏見町 2,06-6203-6668,
株式会社 東通企画,https://www.totsu-plan.com,〒107-0052 東京都港区赤坂2,03-6230-3575,
株式会社パルフェ,https://palfe.ne.jp,〒104-0061 東京都中央区銀座8,06-4963-8735,
株式会社日本カーズ・コム,https://recruit.nihon-cars.com,〒538-0032 大阪府大阪市鶴見区安田2,06-6915-1237,
株式会社デントランス,https://dentrance.jp,〒541-0058 大阪府大阪市中央区南久宝寺町2,06-7178-8547,
株式会社グラフィック,https://www.graphic.co.jp,〒105-0001 東京都港区虎ノ門4,075-601-1231,
株式会社ウェイブ,http://www.wave-pro.net,〒702-8005 岡山県岡山市中区江崎3,086-274-8040,
株式会社マジックエッグ,https://hyper-nairankai.com,〒335-0023 埼玉県戸田市本町4,070-6426-0826,
有限会社トータルリバー,http://totalriver-convention.jp,〒701-0114 岡山県倉敷市松島9,,
2026 ARK合同会社 All rights reserved.,https://www.arkgk.co.jp,〒651-0087 兵庫県神戸市中央区御幸通8,078-570-0549,
株式会社 百五総合研究所,https://www.hri105.co.jp,〒514-8666 三重県津市岩田2,059-228-9105,
"有限会社ピーアール・デザイン・インク PR&design,inc.",http://pr-design.co,〒732-0824 広島県広島市南区的場町1,082-568-2068,
株式会社プロアクティブ,https://www.pac.ne.jp,〒650-0034 兵庫県神戸市中央区京町8,078-332-2505,
株式会社トラストグラシアス,https://business-fc.com,〒670-0927 兵庫県姫路市駅前町2,079-226-3748,
ベスカ株式会社,https://www.vesca.co.jp,〒670-0917 兵庫県姫路市忍町2,06-6304-2100,
株式会社イケル 内,https://www.jsccs.jp,〒113-0033 東京都文京区本郷2,03-5283-1104,
株式会社ワンフォーオール,https://14all.jp,〒739-0044 広島県東広島市西条町下見4,,
ユーザビリティパートナーズ株式会社,https://usa-bility.com,〒700-0951 岡山県岡山市北区田中6,086-362-7391,
株式会社ビズ・クリエイション,https://www.ie-miru.jp,〒700-0971 岡山県岡山市北区下石井1,086-244-8111,
株式会社源,https://www.minamoto-foods.com,〒730-0013 広島県広島市中区八丁堀1,082-555-3107,
株式会社TradeSupport,https://www.trade-support.net,〒730-0051 広島県広島市中区大手町5,,
Company Name 株式会社 姫路ヴィクトリーナ Himeji Victorina Corporation,https://www.victorina-vc.jp,〒670-0924 兵庫県姫路市紺屋町5,079-280-3613,
"Resort Marketing, Inc. All Rights Reserved.",https://www.hotel-tenjikai.jp,〒600-8519 京都府京都市下京区堀川通五条下ル,075-341-2411,
株式会社三和酒店,https://www.kk-sanwa.co.jp,〒721-0963 広島県福山市南手城町4,084-921-4864,
広島地下街開発株式会社,https://www.shareo.net,〒730-0011 広島県広島市中区基町地下街1,082-546-3111,
Proposer株式会社,https://proposer.co.jp,〒760-0079 香川県高松市松縄町4,087-816-4455,
株式会社読売広告社,https://yomiko-yds.co.jp,〒791-8013 愛媛県松山市山越1,,
株式会社ヤマウチ,https://www.totoco.work,〒761-8057 香川県高松市田村町3,0120-603-703,
2020 MATERIA CREPE Inc.,https://materiacrepe.co.jp,〒790-0807 愛媛県松山市平和通3,0120-113-401,
"2021 iDEA,Inc.",https://idea-line.net,〒859-3243 長崎県佐世保市ハウステンボス町4,0956-76-9903,
有限会社studio108,https://vbm.link,〒162-0815 東京都新宿区筑土八幡町6,079-287-6522,
株式会社マック,http://www.mac-int.co.jp,〒810-0021 福岡県福岡市中央区 今泉1,092-762-7000,
(C) 株式会社SOU All Rights Reserved,https://fudosan.in.net,〒810-0075 福岡県福岡市中央区港1,050-5880-3921,
【佐川印刷株式会社】,https://www.sakawa.co.jp,〒791-8018 愛媛県松山市問屋町6,,
株式会社サンキュードラッグ,https://39medical-partner.jp,〒801-0863 福岡県北九州市門司区栄町9,090-1348-9245,
株式会社EVERRISE,https://www.ever-rise.co.jp,〒106-0032 東京都港区六本木6,,
"Naisyokuichiba, Inc. All Rights Reserved.",https://naisyoku-ichiba.co.jp,〒849-0101 佐賀県三養基郡みやき町原古賀7,0568-86-7910,
株式会社早稲田スクール本部,https://wasedaschool-recruit.com,〒862-0924 熊本県熊本市中央区帯山3,096-383-1424,
株式会社 薩摩恵比寿堂,https://ebisu-do.jp,〒890-0073 鹿児島県鹿児島市宇宿二丁目,099-259-5511,
株式会社 ブランニュープランニング,https://www.bnre.jp,〒810-0021 福岡県福岡市中央区今泉1,092-791-8996,
Snowdome Inc.,https://snowdome-inc.co.jp,〒160-0023 東京都新宿区西新宿三丁目,,
株式会社 中央コピーセンター,https://accc-web.net,〒030-0861 青森県青森市長島二丁目,017-777-7582,
minami food’s inc All Right Reserved.,https://www.minami-skh.com,〒028-7914 岩手県九戸郡洋野町種市2,0194-66-8870,
株式会社とりあん,https://torian.jp,〒879-0443 大分県宇佐市葛原2,0978-32-6500,
ホームページ・映像・DTP デジタルコンテンツ制作 株式会社萌翔社,https://www.hoshosha.com,〒262-0015 千葉県千葉市花見川区宮野木台2,043-254-8611,
株式会社創美社,https://sobi-capa.co.jp,〒371-0844 群馬県前橋市古市町1,027-251-6790,
株式会社東北地域商社,https://thkrc.co.jp,〒021-0881 岩手県一関市大町4,,
エンパワーショップ株式会社,https://empowershop.co.jp,〒107-0061 東京都港区北青山2,,
CROSSFIELD Inc.,https://www.cross-field.co.jp,〒103-0001 東京都中央区日本橋小伝馬町7,03-4500-8869,
部品加工・切削加工なら和歌山の株式会社オデック,http://www.odec-wakayama.com,〒649-0314 和歌山県有田市野4,0737-82-3335,
2025 DENTSU CORPORATE ONE INC. ALL RIGHTS RESERVED.,https://www.japan.dentsu.com,〒105-7050 東京都港区東新橋1,03-6217-6600,
ウェスト株式会社,http://quickmov.jp,〒231-0002 神奈川県横浜市中区海岸通4,045-264-6242,
キリフダ株式会社,https://kirifuda.io,〒104-0061 東京都中央区銀座1,,
合同会社369,https://369labo.jp,〒500-8842 岐阜県岐阜市金町6,090-5614-3939,
株式会社オルガナ,https://organa.jp,〒526-0059 滋賀県長浜市元浜町8,,
株式会社 広真,https://www.arkw.co.jp,〒460-0012 愛知県名古屋市中区千代田二丁目,052-262-1006,
"2010-2026 DDS, Inc.",https://dds.co.jp,〒141-0031 東京都品川区西五反田7,03-3272-7900,
2026 岐阜のホームページ制作なら株式会社CoreAlize ALL RIGHTS RESERVED.,https://corealize.jp,〒501-2554 岐阜県岐阜市溝口童子6,090-5857-9395,
デジタルフィールド株式会社,https://www.rascasse.jp,〒646-0033 和歌山県田辺市新屋敷町7,0739-81-3777,
株式会社アン,https://www.ann-video.com,〒563-0025 大阪府池田市城南1,050-8880-0315,
株式会社WOOMY,https://corporate.woomy.me,〒651-0085 兵庫県神戸市中央区八幡通３,078-414-8287,
株式会社クレアネット,https://www.it-hojyo.com,〒646-0001 和歌山県田辺市上秋津4,06-4792-8281,
株式会社エッグ,https://egg.co.jp,〒683-0812 鳥取県米子市角盤町1,0859-29-2311,
株式会社クウゼン,https://kuzen.io,〒160-0023 東京都新宿区西新宿６,,
株式会社内外プロセス,https://www.naigai-net.co.jp,〒701-0221 岡山県岡山市南区藤田5,086-296-5805,
株式会社常盤商会,https://www.siy.co.jp,〒755-0044 山口県宇部市新町1,0836-32-2377,
ピーシーエッグ株式会社,https://www.pc-egg.com,〒690-0816 島根県松江市北陵町5,0852-60-5187,
有限会社 企画室ロイヤル・サービス,https://royal-web.co.jp,〒770-0873 徳島県徳島市東沖洲2,088-678-8106,
eachvista株式会社,https://www.eachvista.co.jp,〒743-0063 山口県光市島田1,050-5471-3896,
株式会社ライズクリエイション All Rights Reserved.,https://risecreation.jp,〒630-8216 奈良県奈良市東向南町2,0742-81-9671,
株式会社ノマド,https://www.nomad-gr.co.jp,〒810-0801 福岡県福岡市博多区中州5,092-600-0496,
有限会社 ネクスト,https://www.next-enjoy.com,〒780-8036 高知県高知市東城山町2,088-831-5700,
株式会社 LOads,https://lo-ads.com,〒810-0001 福岡県福岡市中央区天神 1,,
room株式会社,http://room-inc.site,〒612-8016 京都府京都市伏見区桃山福島太夫南町８,050-3091-7406,
株式会社Aria,https://www.aria-inc.co.jp,〒151-0053 東京都渋谷区代々木2,03-6258-2610,
有限会社スプーン,http://spoon-cp.net,〒321-0111 栃木県宇都宮市川田町1,028-639-1135,
2026 etika Inc.,https://etika.life,〒810-0001 福岡県福岡市中央区天神2,050-1722-3186,
エスクリブ 株式会社,https://scriv.co.jp,〒980-0014 宮城県仙台市青葉区本町2,022-706-1467,
Singer合同会社,https://singer.llc,〒482-3485 宮城県仙台市青葉区 昭和町4,050-5482-3485,
Rixy株式会社(リクシー),http://www.rixy.co.jp,〒371-0024 群馬県前橋市表町二丁目,027-212-7002,
株式会社UPDATE,https://updatetoyama.com,〒939-8015 富山県富山市中川原 5,076-491-1075,
パーパス株式会社,https://www.purpose.co.jp,〒170-0013 東京都豊島区東池袋一丁目,03-6387-8842,
横田秀珠が主催する新潟ネットビジネス研究会(イーンスパイア株式会社),http://www.enspire.co.jp,〒950-0913 新潟県新潟市中央区鐙1,080-3366-9288,
株式会社 デンタル・マーケティング,http://www.den-web.jp,〒111-0052 東京都台東区柳橋1,03-5825-9410,
株式会社クオリタス・ホスピタリティー・アドバイザーズ,http://www.qha.co.jp,〒101-0047 東京都千代田区内神田1,03-5777-0111,
マーリン就労支援サービス合同会社,https://advance-marlin.com,〒310-0015 茨城県水戸市宮町1,029-303-6947,
(c) LEPRE Inc. All Rights Reserved.,https://liliqua.com,〒151-0053 東京都渋谷区代々木5,03-6416-8454,
株式会社アルファー企画,https://www.subscreate.com,〒371-0031 群馬県前橋市下小出町3,027-234-4155,
株式会社フォーサイド FOURSIDE Inc.,https://fourside-inc.com,〒337-0003 埼玉県さいたま市見沼区大字小深作5,070-2610-5789,
メディアチューンズ株式会社,https://saiworks.biz,〒353-0002 埼玉県志木市中宗岡5,048-487-7429,
株式会社RCコーポレーション,https://rc-corp.net,〒432-8002 静岡県浜松市中央区富塚町1,0804-01-0267,
株式会社アドバコムと環境教育の社会実装に向けた連携に関する協定書を締結,https://www.jeas.or.jp,〒101-0032 東京都千代田区岩本町1,03-5829-6359,
株式会社 Leading Communication,https://buzzeats.le-commu.co.jp,〒150-0043 東京都渋谷区道玄坂1,03-6427-0997,
株式会社コーエーテクモホールディングス,https://www.koeitecmo.co.jp,〒223-8503 神奈川県横浜市港北区箕輪町1,,
株式会社パノプト,https://panopt.co.jp,〒150-0047 東京都渋谷区神山町5,,
合同会社 HubFun,https://hubfun.jp,〒370-1214 群馬県高崎市根小屋町2,027-386-5638,
株式会社トミヤDS,https://www.tomiya-design.co.jp,〒943-0891 新潟県上越市昭和町2,025-525-1177,
株式会社やまちゃん,https://ymcn.co.jp,〒914-0036 福井県敦賀市堂5,,
株式会社 オフィスメディア,https://www.officemedia.jp,〒461-0001 愛知県名古屋市東区泉1,052-211-8815,
愛知県豊田市 デザイン事務所 D-NA有限会社,https://www.d-na.jp,〒473-0905 愛知県豊田市住吉町太平1,0565-53-9288,
称 株式会社 エムプラン,https://mplan-kaigyou.com,〒480-1178 愛知県長久手市丁子田6,0561-64-2022,
株式会社 伝,https://www.den-inc.jp,〒615-0064 京都府京都市右京区 西院久田町1,075-314-6331,
株式会社ライフライン,https://www.lifeline-lg.co.jp,〒921-8062 石川県金沢市新保本四丁目,076-227-9880,
合同会社はなさく,https://hanasaku-group.com,〒587-0021 大阪府堺市美原区小平尾1,072-251-2222,
ニンジャワークステクノロジーズ株式会社,https://ninjaworks.pro,〒527-0042 滋賀県東近江市外町5,0748-36-1736,
株式会社瀬戸内ブランドコーポレーション,https://meeting.setouchidmo.jp,〒730-0011 広島県広島市中区基町1,082-836-3217,
株式会社emology,https://franchise-salon.com,〒150-0002 東京都渋谷区渋谷1,,
"株式会社 貿易広告社（英文社名 JAPAN OVERSEAS ADVERTISER CO.,LTD. ）",https://www.boueki-ad.co.jp,〒105-0011 東京都港区芝公園2,03-3573-5591,
水九印刷株式会社,https://www.mizuku.co.jp,〒510-0013 三重県四日市市富士町1,059-332-6600,
有限会社 山五 ネットショップのことなら 和歌山 SANGO,https://e-sango.jp,〒642-0032 和歌山県海南市名高5,,
株式会社 堂雄,https://www.nakasuji.work,〒693-0051 島根県出雲市小山町3,,
有限会社ふくた,https://www.yamata.co.jp,〒680-0911 鳥取県鳥取市千代水2,0857-30-0006,
株式会社ふくいのデジタル,https://www.fukui-digital.co.jp,〒910-8660 福井県福井市順化1,0776-37-3155,
株式会社Higurashi＆Company,http://higucm.com,〒167-0032 東京都杉並区天沼3,03-6765-0044,
エム・プラネット有限会社,https://www.m-planet-design.com,〒305-0032 茨城県つくば市竹園2,029-886-3891,
株式会社情報技術,https://www.ictop.jp,〒300-3261 茨城県つくば市花畑三丁目,029-864-0010,
株式会社ザ・グンマ,https://www.thegunma.co.jp,〒370-0825 群馬県高崎市白銀町9,027-226-1462,
株式会社FRONTIER GATE,https://www.frontier-gate.com,〒302-0127 茨城県守谷市松ケ丘6,029-721-9775,
CDPフロンティア株式会社,https://www.cdpjp.com,〒321-0942 栃木県宇都宮市峰2,,
内海産業株式会社,https://utsumi-sp.co.jp,〒105-0004 東京都港区新橋2,03-5512-1200,
COMPRIME inc.,https://ds.comprime.co.jp,〒542-0081 大阪府大阪市中央区南船場2,03-6821-5823,
株式会社日立公共システム,https://www.hitachi-sis.co.jp,〒135-8633 東京都江東区東陽二丁目,03-5632-1338,
株式会社川和,https://www.kawawa-web.com,〒270-0121 千葉県流山市西初石3,04-7153-1111,
杉森印刷株式会社,https://sugimoriprint.co.jp,〒434-0015 静岡県浜松市浜名区於呂2,053-588-7711,
スターツアセットマネジメント株式会社,https://lightup-lobby.com,〒183-0055 東京都府中市府中町1,,
株式会社 中央廣告,https://www.chuokoukoku.co.jp,〒105-0012 東京都港区芝大門2,052-524-0101,
"EFEX,Inc All Rights Reserved.",https://efex.co.jp,〒468-0015 愛知県名古屋市天白区原三丁目,052-770-3399,
株式会社システムライフ,https://www.syslife.co.jp,〒810-0071 福岡県福岡市中央区那の津3,092-771-5176,
TOYOIN-株式会社豊橋印刷社,https://www.toyoin.jp,〒441-1111 愛知県豊橋市嵩山町字公護１,0532-88-5336,
CES Industrial 株式会社,https://ces-ind.com,〒433-8125 静岡県浜松市中央区和合町3,,
株式会社Center Flow,https://www.center-flow.co.jp,〒460-0003 愛知県 名古屋市中区 錦1,052-203-1850,
（株式会社SASHIGANE内）,http://make-ad.net,〒520-2141 滋賀県大津市石山寺3,077-526-5953,
株式会社サンライト,https://www.sunlight.co.jp,〒470-1161 愛知県豊明市栄町大脇7,0562-97-4051,
"株式会社 NEXT ARROW （英語表記：NEXT ARROW Co.,Ltd.）",https://nextarrow.co.jp,〒444-0011 愛知県岡崎市欠町三田田北通2,0564-79-1474,
名古屋ダイヤモンドドルフィンズ株式会社,https://nagoya-dolphins.jp,〒444-0806 愛知県岡崎市緑丘3,052-712-3059,
2021 Design Lab Inc.,https://www.designlab.co.jp,〒501-6023 岐阜県各務原市川島小綱町2,0586-89-4341,
株式会社 Slay it,https://www.slay-it.jp,〒502-0929 岐阜県岐阜市則武東３,,
三重テレビエンタープライズ株式会社,https://mietventerprise.com,〒514-0063 三重県津市渋見町小谷6,059-223-3363,
株式会社バウハウス マイモール事業部,https://mmsquare.net,〒520-0056 滋賀県大津市末広町2,077-567-1170,
片岡メディアデザイン株式会社,https://otsum10.com,〒900-0004 沖縄県那覇市銘苅2,075-451-1010,
株式会社ジョージ,https://george.co.jp,〒650-0015 兵庫県神戸市中央区多聞通2,078-945-9999,
株式会社明新社,https://meishin.co.jp,〒173-0022 東京都板橋区仲町2,0742-63-0661,
株式会社アステム,https://www.astem-co.co.jp,〒578-0911 大阪府東大阪市中新開1,06-6242-6681,
株式会社アリー,https://kiple.jp,〒435-0054 静岡県浜松市中央区早出町1,053-401-7507,
株式会社En Design,https://endesign-group.jp,〒671-0253 兵庫県姫路市花田町一本松9,,
株式会社スマート・インサイト,https://smart-insight.jp,〒642-0022 和歌山県海南市大野中7,073-498-7310,
株式会社リンクス,https://creatorsbridge.work,〒880-0001 宮崎県宮崎市橘通西3,,
Terra Charge 株式会社,https://terra-charge.co.jp,〒108-0074 東京都港区高輪2,,
プレシャスサービス株式会社,https://www.sogyo-s.jp,〒730-0035 広島県広島市中区本通７,082-298-4484,
株式会社セブンスフロア :: 経営コンサルティング、経営管理指標、数値管理、数値分析、Web広告効果測定、ネットビジネス起業支援,https://www.7thfloor.co.jp,〒261-7102 千葉県千葉市美浜区中瀬2,043-441-6107,
株式会社和歌山印刷所,https://newsrelea.se,〒640-8412 和歌山県和歌山市狐島6,073-488-7153,
株式会社リゾーム,https://www.rhizome-e.com,〒701-0165 岡山県岡山市北区大内田6,03-3523-1128,
株式会社 博報堂プロダクツ,https://orange-goat-507a8ebc4ca85c6e.znlc.jp,〒135-8619 東京都江東区豊洲5,03-5144-7306,
Studio Inc. All Rights Reserved.,https://studio.design,〒920-0869 石川県金沢市上堤町２,,
株式会社EPG,https://epark.mbtn.jp,〒174-0063 東京都板橋区前野町6,,
株式会社ビジネス・フォーラム事務局,https://www.b-forum.net,〒101-0047 東京都千代田区内神田1,03-3518-6531,
株式会社マーケティング研究協会,https://www.marken.co.jp,〒105-0012 東京都港区芝大門1,03-6435-6347,
国分グループ本社株式会社 公式サイト,https://www.kokubu.co.jp,〒103-8241 東京都中央区日本橋1,03-3276-4000,
キョウリツネット株式会社,https://www.rico-web.net,〒164-8787 東京都中野区東中野4,070-5368-8884,
"VITAL-NET, Inc. ALL RIGHTS RESERVED.",https://www.vitalnet.jp,〒980-8581 宮城県仙台市青葉区大手町1,022-266-4511,
株式会社ディライト All Rights Reserved.,https://webtanto-kun.jp,〒160-0022 東京都新宿区新宿1,03-6380-6090,
株式会社サンウェイ,https://liserju-wedding.com,〒023-0891 岩手県奥州市水沢内匠田5,,
2026 株式会社ヤマザワ薬品 All rights reserved.,https://www.yamazawa-drg.co.jp,〒990-0025 山形県山形市あこや町3,023-632-3366,
ジャンボフーズ株式会社,http://ec.jumbo-f.jp,〒578-0958 大阪府東大阪市新庄南6,06-6747-1050,
株式会社医療分析センター,https://vetsupport.jp,〒262-0033 千葉県千葉市花見川区幕張本郷1,043-216-3021,
"クオン株式会社 QON Co., Ltd.",https://www.q-o-n.com,〒108-0073 東京都港区三田2,,
企業ブランディングから販促クリエイティブまで的確な結果で応える株式会社 アドバンプレス,https://www.advanpress.co.jp,〒102-0073 東京都千代田区九段北1,,
ののわmie株式会社-三重県の地域商社-四日市・桑名・鈴鹿・津の食品,https://nonowamie.jp,〒510-8034 三重県四日市市大矢知町2,090-2945-7979,
株式会社TAIAN,https://www.blog.taian-inc.com,〒160-0022 東京都新宿区新宿一丁目,,
サン・エム・システム株式会社,https://www.sun-m.co.jp,〒100-0011 東京都千代田区内幸町1,03-5847-8356,
株式会社ITC,https://www.i-tennis.co.jp,〒653-0038 兵庫県神戸市長田区若松町2,078-642-3092,
合同会社 IWan アイズドッグ All rights reserved.,https://www.iwan-is-dog.com,〒490-1134 愛知県海部郡大治町東條砂島9,,
株式会社オレンジライフ,https://funeral.orange-life.co.jp,〒643-0031 和歌山県有田郡有田川町野田１,0120-14-4241,
2026 大阪府大阪市の介護施設なら株式会社CONNECT ALL RIGHTS RESERVED.,https://fukusi-syoukai.com,〒543-0001 大阪府大阪市天王寺区上本町１,050-5526-7536,
"有限会社クリスティ [Christy Co., Ltd.] http:",http://www.hplab.net,〒959-2635 新潟県胎内市つつじが丘下3,0254-43-5830,
北海道デジタル・アンド・コンサルティング株式会社,https://presscarry.com,〒001-0906 北海道札幌市北区新琴似6,,
システムラボラトリー株式会社,https://www.syslabo.co.jp,〒031-0073 青森県八戸市売市右水門下8,011-280-8686,
株式会社ユニフロー,https://www.uniflow.co.jp,〒141-0031 東京都品川区西五反田2,,
株式会社オノフ,https://www.onoff.ne.jp,〒150-0001 東京都渋谷区神宮前3,03-6447-4227,
マルチモノ盛岡推進協議会事務局（株式会社IBCソフトアルファ）,https://morioka-area-technology.jp,〒020-8566 岩手県盛岡市志家町6,019-653-0118,
株式会社理経,https://www.nw-system.co.jp,〒160-0023 東京都新宿区西新宿三丁目,03-3345-2180,
awoo株式会社,https://www.awoo.ai,〒150-0043 東京都渋谷区道玄坂一丁目,,
株式会社シンク情報システム,https://www.syncinfo.co.jp,〒400-0811 山梨県甲府市川田町 アリア1,055-220-6361,
"BusinessBankGroup,inc All Rights Reserved",https://bbank.jp,〒420-0857 静岡県静岡市葵区御幸町６,03-6913-0220,
IRIE LIFE株式会社,https://irie-life.co.jp,〒264-0026 千葉県千葉市若葉区西都郭4,043-356-0191,
株式会社シルバーアイ All Rights Reserved.,https://www.silver-i.co.jp,〒540-0026 大阪府大阪市中央区内本町2,045-474-1451,
株式会社INFORICH,https://inforich.net,〒150-0001 東京都渋谷区神宮前5,,
株式会社WOWOWコミュニケーションズ,https://www.wowcom.co.jp,〒220-8080 神奈川県横浜市西区みなとみらい4,0120-808-434,
株式会社Ikumi .Tech,https://ikumi-tech.jp,〒158-0083 東京都世田谷区奥沢5,,
エグジビション テクノロジーズ 株式会社,https://seafoodshow-japan.com,〒107-0062 東京都港区南青山1,03-5775-2855,
Fukushima Canon Inc.,https://fukushima.canon,〒960-8002 福島県福島市森合町1,024-525-3785,
株式会社中小企業サポートネットワーク,https://www.smallsun.jp,〒170-0013 東京都豊島区東池袋2,03-5960-0227,
2025 株式会社エスプランズ.,https://splans.main.jp,〒329-1205 栃木県塩谷郡高根沢町飯室4,028-688-7233,
全日本食品株式会社,https://www.zchain.co.jp,〒121-0836 東京都足立区入谷6,03-5691-2111,
株式会社WAVES（ウェイブス）,https://www.nikkan.co.jp,〒106-0031 東京都港区西麻布1,,
株式会社ワイズクエスト WISEQUEST CO.,https://wiseq.com,〒933-3123 東京都練馬区東大泉1,03-5933-3123,
株式会社キャラウィット,https://carawit.co.jp,〒231-0023 神奈川県横浜市中区山下町2,045-227-6307,
マルゼン工業株式会社,https://www.maruzen-kitchen.co.jp,〒110-0003 東京都台東区根岸二丁目,0470-55-1571,
著者：株式会社イプロス 制作グループ,https://marketing.ipros.jp,〒105-0022 東京都港区海岸1,,
木村産業株式会社 本社所在地 富山県砺波市庄川町金屋2062番地,https://gosei-ai.jp,〒932-0305 富山県砺波市庄川町金屋2,0766-21-3417,
株式会社アステージの地域貢献サービス,https://www.astageinc.co.jp,〒101-0047 東京都千代田区内神田1,0120-953-106,
株式会社DEVELOP,https://dvlp.co.jp,〒460-0008 愛知県名古屋市中区栄3,052-618-7474,
株式会社高等教育総合研究所,https://www.kosoken.jp,〒102-0083 東京都千代田区麹町3,03-5214-0524,
株式会社アイケーディ 採用サイト,https://recruit-ikd.com,〒514-0006 三重県津市広明町1,059-225-7117,
"株式会社アーツ arts co,.ltd.",https://www.arts-net.co.jp,〒564-0062 大阪府吹田市垂水町3,06-6368-7706,
株式会社マルチトラック ※2021年8月より運営者が変わりました,https://www.kenshudo.net,〒145-0064 東京都大田区上池台3,03-6261-0773,
有限会社ジングル,https://jingledesign.jp,〒644-0002 和歌山県御坊市薗3,0738-24-2211,
株式会社JDN,https://www.tanseisha.co.jp,〒108-8220 東京都港区港南1,03-6455-8103,
株式会社ウェイストボックス,https://wastebox.net,〒461-0005 愛知県名古屋市東区東桜1,052-265-5902,
ザデジタルエックス合同会社,https://www.thedigitalx.net,〒036-8002 青森県弘前市駅前3,050-1808-8615,https://www.google.com/maps/place/%E3%82%B6%E3%83%87%E3%82%B8%E3%82%BF%E3%83%AB%E3%82%A8%E3%83%83%E3%82%AF%E3%82%B9%E5%90%88%E5%90%8C%E4%BC%9A%E7%A4%BE%2FThe+Digital+X%E5%90%88%E5%90%8C%E4%BC%9A%E7%A4%BE/data=!4m7!3m6!1s0x5f9b01f1fe595555:0x39b2ac2cd424a7d1!8m2!3d40.5982834!4d140.4798003!16s%2Fg%2F11v9gbwnjl!19sChIJVVVZ_vEBm18R0ack1Cyssjk?authuser=0&hl=ja&rclk=1
株式会社サキガケ・アド・ブレーン,http://www.adnet-sakigake.com,〒010-0956 秋田県秋田市山王臨海町1,018-862-7923,
株式会社ウィズ・コミュニケーション,http://z-web.jp,〒151-0071 東京都渋谷区本町1,06-6399-2777,
映像制作 合同会社レフスタジオ,http://tstudio.moo.jp,〒371-0031 群馬県前橋市下小出町2,050-3553-4852,
株式会社 GARDEN（ガーデン）,https://www.gardenw.net,〒060-0002 北海道札幌市中央区北2,011-577-2465,
株式会社アビリング,https://www.abiling.co.jp,〒064-0915 北海道札幌市中央区南1,011-513-0777,
高品質な印刷の追求、徹底した環境への配慮［石井電算印刷株式会社］,https://www.5200idp.co.jp,〒963-0724 福島県郡山市田村町上行合字南川田3,024-942-5200,
NEOSPACE INC. All rights reserved,https://www.neospace.co.jp,〒400-0075 山梨県甲府市山宮町3,055-251-9995,
株式会社ヨシハラ総合企画,https://yoshihara-sogokikaku.co.jp,〒302-0115 茨城県守谷市中央二丁目,0297-21-6130,
株式会社リング＆リング,https://www.ring-r.co.jp,〒337-0053 埼玉県さいたま市見沼区大和田町1,048-884-9942,
株式会社ナターシャ,https://www.natasha.co.jp,〒150-0001 東京都渋谷区神宮前1,03-6555-5460,
株式会社リッシ,https://themasster.jp,〒107-0062 東京都港区南青山1,03-6804-3924,
株式会社ブランスリー報道社,https://www.hpmc-navi.com,〒939-8091 富山県富山市旭町2,076-464-3277,
六三四堂印刷株式会社,https://musashido-insatsu.co.jp,〒350-1123 埼玉県川越市脇田本町2,049-242-0329,
景域計画 株式会社,https://keiiki.co.jp,〒231-0005 神奈川県横浜市中区本町一丁目,045-263-9504,
【deft株式会社】デフト株式会社,http://deftnova.com,〒270-0143 千葉県流山市向小金1,050-1155-1910,
Foto Reise Inc .2017-2026,https://www.fotoreise.co.jp,〒981-3132 宮城県仙台市泉区将監4,090-6499-7014,
株式会社 アクエリア,https://aquaria-design.net,〒158-0081 東京都世田谷区深沢2,03-6319-1027,
株式会社Shift,https://shift-inc.io,〒963-4313 福島県田村市船引町石森字舘1,050-8883-2760,
株式会社アドプロダクションエム,https://addpro-m.co.jp,〒951-8052 新潟県新潟市中央区下大川前通2,025-224-0576,
【エイチエス株式会社】御社の価値の創造と売上アップを支援します,https://hs-web.co.jp,〒381-0022 長野県長野市大字大豆島1,026-405-7305,
東芝デジタルマーケティングイニシアティブ株式会社,https://www.toshiba-dmi.co.jp,〒261-8550 千葉県千葉市美浜区中瀬2,03-5408-1009,
株式会社KAMIOL,https://www.kasseiken.jp,〒940-0004 新潟県長岡市高見町1,0258-24-2300,
株式会社南信社,https://www.interna.co.jp,〒210-0838 神奈川県川崎市川崎区境町1,044-222-2260,
株式会社 アイム,https://www.aim-design.jp,〒231-0062 神奈川県横浜市中区桜木町1,03-6228-1689,
株式会社ラウンドワン,https://www.round1.co.jp,〒277-0922 千葉県柏市大島田1,04-7190-1201,
株式会社296,https://recruit.296.co.jp,〒107-0062 東京都港区南青山2,03-6820-7050,
株式会社まるしん商事,https://www.marushin-corp.co.jp,〒063-0051 北海道札幌市西区宮の沢1,011-661-9777,
合同会社EXEC JAPAN（エグゼックジャパン）,https://tochigi-ls.com,〒321-0912 栃木県宇都宮市石井町3,028-689-8345,
● 会社名 ： 株式会社グロッシー （英文社名： glossy Inc.）,http://www.glossy.co.jp,〒080-0011 北海道帯広市西1,,
Shogeisha Inc. All Rights Reserved.,https://obihiro.maybmarch.com,〒080-0111 北海道河東郡音更町木野大通東2,0155-66-5757,
株式会社 アイ・ティー・ビー,https://www.itbnet.jp,〒036-8102 青森県弘前市大字小比内４,0172-28-5656,
株式会社木くづ,https://kikudu.com,〒034-0011 青森県十和田市東二三番,,
株式会社サンレグ,https://sanreg.net,〒023-0824 岩手県奥州市水沢泉町1,090-6787-5894,
TOHOKU PLANNING Inc. All Rights Reserved.,https://to-pla.com,〒986-0814 宮城県石巻市南中里４,0225-95-0352,
HiColor inc.,http://www.hicolor.co.jp,〒998-0044 山形県酒田市中町1,0234-43-6478,
株式会社ＮＴＴデータ関西,https://www.nttdata-kansai.co.jp,〒530-0003 大阪府大阪市北区堂島3,,
（受託）株式会社オー・プラン,http://joseisien.jp,〒047-0031 北海道小樽市色内1,0134-29-1003,
YOKOUN 物流サービス業 ヨコウン株式会社,https://www.yokoun.co.jp,〒013-0061 秋田県横手市横手町字大関越9,,
株式会社アイディア,https://www.ai-dear.co.jp,〒997-0028 山形県鶴岡市山王町9,0235-29-6188,
株式会社 庄交コーポレーション,https://www.shoko-corpo.jp,〒997-0031 山形県鶴岡市錦町2,0235-22-3777,
株式会社 遠藤会計事務所,https://www.endo-ao.co.jp,〒997-0042 山形県鶴岡市新形町2,0235-22-2884,
株式会社システムクリエイト,https://syscre.jp,〒309-1611 茨城県笠間市笠間1,0296-71-0632,
合同会社ノースアドリサーチ,https://north-ad-research.com,〒053-0014 北海道苫小牧市浜町２,,
株式会社 サンテック,https://yamagata-suntec.co.jp,〒997-0011 山形県鶴岡市宝田3,0235-23-0377,
株式会社リブエス 本店,https://www.liv-estate.jp,〒017-0045 秋田県大館市中道１,0186-59-4701,
株式会社カクシン,https://kakushin.biz,〒106-0041 東京都港区麻布台1,03-6869-5741,
株式会社FACTORY,https://kiryu-factory.com,〒376-0034 群馬県桐生市東2,0277-32-4138,
All Copyrights Reserved. NEW-AD Inc.,https://www.orikomiweb.com,〒166-0004 東京都杉並区阿佐谷南1,03-3314-1513,
株式会社 まちづくり熊谷,https://www.machi-dukurikumagaya.com,〒360-0024 埼玉県熊谷市問屋町2,048-501-8855,
株式会社ピーアイピー,https://pip-net.co.jp,〒360-0037 埼玉県熊谷市筑波1,048-524-1463,
株式会社 トチナン,https://k-tochinan.com,〒329-0214 栃木県小山市乙女1,0285-45-8352,
株式会社Kirari,https://ota9.org,〒359-1162 埼玉県所沢市和ケ原1,04-2907-4564,
株式会社メディアパートナー,https://www.media-p.co.jp,〒335-0034 埼玉県戸田市笹目5,048-235-3982,
株式会社エイエヌオフセット,https://www.anoffset.co.jp,〒175-0081 東京都板橋区新河岸2,03-3938-9811,
株式会社T＆C,https://trueformpilates.jp,〒335-0021 埼玉県戸田市新曽5,048-211-6797,
株式会社 storage green label,https://storage-green.co.jp,〒192-0082 東京都八王子市東町1,06-7176-7214,
石巻産業創造株式会社,https://www.iss-net.jp,〒986-0032 宮城県石巻市開成1,0225-98-8782,
エクシム株式会社,https://saitama.pandastudio.tv,〒330-0801 埼玉県さいたま市大宮区土手町1,0120-78-5828,
x3d株式会社,https://x3d.jp,〒105-0012 東京都港区芝大門2,,
GOODLIFE TAMA 株式会社グッドライフ多摩,https://goodlife-tama.jp,〒190-0022 東京都立川市錦町2,042-519-3976,
イリュージョンアーツ株式会社,https://ill-arts.com,〒207-0031 東京都東大和市奈良橋3,,
リ・マスター合同会社,https://www.remaster-1.com,〒192-0913 東京都八王子市北野台2,042-638-8677,
アンプルール株式会社,https://amp-leur.jp,〒190-0023 東京都立川市柴崎町2,,
セグナ株式会社,https://segna.jp,〒107-0062 東京都港区南青山2,03-4405-6909,
契約ナビゲーションの鎌倉市の株式会社シンクパス,http://www.think-pass.com,〒247-0061 神奈川県鎌倉市台3,090-5284-1578,
"Team-Chef, Little World Inc. All Rights Reserved.",https://team-chef.jp,〒150-0013 東京都渋谷区恵比寿2,03-6416-8657,
(c) Team Channel Inc. All rights reserved.,https://www.t-c.co.jp,〒150-0043 東京都渋谷区道玄坂1,03-5458-4206,
株式会社タッチスペース,https://touchspace.jp,〒180-0004 東京都武蔵野市吉祥寺本町1,050-3578-2908,
2024 POOL inc. All rights reserved.,https://pool-inc.net,〒190-0014 東京都立川市緑町3,,
株式会社TREE,http://www.japangreen.tv,〒248-0012 神奈川県鎌倉市御成町1,,
フランスベッド株式会社,https://www.francebed.co.jp,〒163-1105 東京都新宿区西新宿6,03-6741-5555,
株式会社MCCマネジメント,https://matsukiyococokara-medical.com,〒101-0062 東京都千代田区神田駿河台4,0120-845-533,
株式会社フードビジネスロード,https://www.foodbusinessroad.com,〒144-0051 東京都大田区西蒲田 7,03-6424-7832,
湘南中央不動産株式会社,https://astlien.co.jp,〒238-0007 神奈川県横須賀市 若松町 1,046-845-6445,
NANOBRAND合同会社,https://nanobrand.co.jp,〒955-0044 新潟県三条市田島1,0256-55-1165,
株式会社リアル Real co.ltd,https://real-co.ltd,〒110-0005 東京都台東区上野1,,
新生開発株式会社,https://shinseikaihatu.co.jp,〒933-0871 富山県高岡市駅南3,0766-24-8588,
"会社の商号 ANAあきんど株式会社（ANA Akindo Co., Ltd.）",https://www.ana-akindo.co.jp,〒103-0027 東京都中央区日本橋2,,
マルト株式会社,https://marto.co.jp,〒923-0941 石川県小松市城南町1,0761-21-1223,
MOTTERU Inc. All Right Reserved.,https://motteru.co.jp,〒243-0425 神奈川県海老名市中野2,,
株式会社WAYTOGO,https://salonsupport.waytogo.co.jp,〒105-6923 東京都港区虎ノ門4,050-1746-2458,
合同会社LODE,https://lode.jp,〒401-0303 山梨県南都留郡富士河口湖町浅川1,070-2314-6353,
株式会社傑さく,https://kessaku.jp,〒274-0825 千葉県船橋市前原西2,,
株式会社P’Sネットワーク,https://corp.psnw.co.jp,〒417-0801 静岡県富士市大渕3,0545-35-7300,
"Yappli, Inc.",https://yapp.li,〒106-6241 東京都港区六本木3,03-6866-5730,
株式会社リビルドホールディングス,https://www.rebuild-jp.com,〒151-0053 東京都渋谷区代々木5,03-6407-8592,
株式会社ニューアド社が運営する交通広告専門サイト：駅ポスター.com,https://eki-poster.com,〒166-0004 東京都杉並区阿佐谷南1,03-3314-1321,
まちづくり上田株式会社,https://machizukuriueda.com,〒386-8522 長野県上田市大手1,0268-22-4500,
合同会社 上田ブランド研究所,https://www.u-brand.jp,〒386-0012 ／長野県上田市中央4,0268-75-8728,
クロスメディアグループ株式会社 クロスメディアHR総合研究所,https://good-companies.jp,〒151-0051 東京都渋谷区千駄ヶ谷4,,
株式会社 寺子屋,https://terakoya-iida.com,〒395-0003 長野県飯田市上郷別府2,0265-24-2036,
2023 Meitoumokuzai Inc.,https://www.meitoumokuzai.com,〒476-0011 愛知県東海市富木島町池下1,052-603-5216,
株式会社テンポスフィナンシャルトラスト,https://www.tenpos-ft.com,〒110-0006 東京都台東区秋葉原3,03-3525-4070,
株式会社サービスマーケティング,https://s-mkg.com,〒112-0012 東京都文京区大塚２,03-3941-5639,
(C) 2026 IDOM Inc.,https://idom-inc.com,〒100-7026 東京都千代田区丸の内二丁目,,
社名 株式会社名鉄犬山ホテル,https://www.m-inuyama-h.co.jp,〒484-0081 愛知県犬山市犬山富士見町1,0568-54-3111,
木野瀬印刷株式会社,https://www.kinose.co.jp,〒486-0958 愛知県春日井市西本町三丁目,0568-31-3118,
株式会社田中組,https://kktanaka.com,〒417-0057 静岡県富士市瓜島町8,0545-21-2237,
株式会社ベルティス,https://www.vertice.ne.jp,〒700-0944 岡山県岡山市南区泉田4,086-242-0630,
株式会社 南信州観光公社,https://www.mstb.jp,〒395-0001 長野県飯田市座光寺3,0265-49-4737,
株式会社東海道シグマ 教育事業部,https://iwata-de.com,〒420-0857 静岡県静岡市葵区御幸町8,0120-034-036,
Wao!net -株式会社ワオネット,http://www.wao.or.jp,〒611-0021 京都府宇治市宇治池森2,0774-39-8634,
合同会社Coming True,https://www.comingtrue.jp,〒410-0801 静岡県沼津市大手町5,055-951-5500,
株式会社クレバリュー,http://www.crevalue.net,〒150-0011 東京都渋谷区東4,06-4707-7488,
unitedworks 株式会社ユナイテッドワークス,https://www.unitedworks.co.jp,〒450-6321 愛知県名古屋市中村区名駅1,052-856-0482,
株式会社アールジャパン,https://logi.rjapan.co.jp,〒451-0042 愛知県名古屋市西区那古野2,052-414-4588,
シックス・アパート株式会社 （英語表記 ： Six Apart Ltd.）,https://www.sixapart.jp,〒101-0051 東京都千代田区神田神保町3,03-6261-4640,
有限会社ポータル,http://portal-dev.info,〒596-0816 大阪府岸和田市尾生町１,072-424-9970,
株式会社ラズーム,https://www.razoom.net,〒540-0026 大阪府大阪市中央区内本町1,06-6314-6397,
"株式会社エム・エヌ・シー MNC Co.,Ltd",https://www.mnc-ad.com,〒103-0013 東京都中央区日本橋人形町1,06-6241-1378,
株式会社アクセスグループ・ホールディングス,https://www.access-t.co.jp,〒150-0002 東京都渋谷区渋谷２,03-5774-2310,
株式会社ジオニックプラス,https://www.geonic.jp,〒615-0872 京都府京都市右京区西京極南衣手町2,075-312-6811,
2026 AZEL INC. All Rights Reserved.,https://www.azel.co.jp,〒565-0842 大阪府吹田市千里山東2,,
日広株式会社,https://www.hansoku-ichiba.com,〒581-0038 大阪府八尾市若林町2,072-948-1151,
2024 projectline Inc.,https://www.projectline.co.jp,〒770-8079 徳島県徳島市八万町大坪2,06-6543-3020,
合同会社Linkit,https://www.linkit2019.com,〒581-0038 大阪府八尾市若林町3,06-6703-2528,
株式会社グッドフェローズ,https://goodf.co.jp,〒180-0004 東京都武蔵野市吉祥寺本町1,0422-27-8701,
株式会社リボン,https://ribbon-reborn.com,〒939-0341 富山県射水市三ケ2,0766-57-0808,
サンビット株式会社,https://www.sunbit.co.jp,〒812-0012 福岡県福岡市博多区博多駅中央街5,092-260-7261,
株式会社オーエーナイン,https://www.oa-9.com,〒160-0022 東京都新宿区新宿3,0120-090-949,
Sankei Digital Inc.,https://www.sankei-digital.co.jp,〒100-8077 東京都千代田区大手町 1,,
株式会社BRIZE All Rights Reserved.,https://brize-inc.com,〒661-0979 兵庫県尼崎市上坂部1,06-6947-0541,
ソニービズネットワークス株式会社,https://biz.nuro.jp,〒150-0043 東京都渋谷区道玄坂1,0120-963-350,
株式会社稲沢商会,https://inasho.com,〒492-8142 愛知県稲沢市長野2,0120-173-414,
株式会社ナカハラプリンテックス,http://www.npweb.com,〒750-0067 山口県下関市大和町2,083-266-4601,
合同会社つなげる,https://tunageru.co.jp,〒615-0925 京都府京都市右京区梅津大繩場町6,,
株式会社フォーバルアスカ（FORVAL ASUKA）,https://www.forval-asuka.co.jp,〒630-8451 奈良県奈良市北之庄町7,0742-61-0721,
合同会社 SOZO STADIUM,https://sozo-std.com,〒665-0876 兵庫県宝塚市中山台1,090-3033-3916,
合同会社CREA-DESIGN,https://www.crea-design.co,〒708-0007 岡山県津山市総社1,090-3631-1106,
株式会社アピオン,https://www.apionet.or.jp,〒682-0023 鳥取県倉吉市山根5,0858-26-7272,
2026 Claris International Inc.,https://www.claris.com,〒106-6140 東京都港区六本木 6,0120-983-878,
ティンク株式会社,https://www.twinkweb.com,〒720-2106 広島県福山市神辺町十九軒屋2,084-960-5521,
赤坂印刷株式会社本社内,https://aic-ymg.com,〒746-0105 山口県周南市馬神8,,
"広島県のデザイン制作&印刷会社,MPCグループ,三好印刷株式会社,株式会社メディアーツ",https://mpc-group.co.jp,〒722-0034 広島県尾道市十四日元町４,0848-62-2022,
GRAPH株式会社 広告制作・代理店 福岡,http://www.graph.co.jp,〒811-1343 福岡県福岡市南区和田4,092-555-7346,
株式会社トランスワード,https://www.trw.co.jp,〒658-0032 兵庫県神戸市東灘区向洋町中6,078-858-6037,
株式会社スジヤ,http://www.sujiya.co.jp,〒794-0018 愛媛県今治市本町3,0898-32-4444,
株式会社岩国城下町サロン,https://iw-jyoukamachi.com,〒741-0062 山口県岩国市岩国1,0827-28-6600,
株式会社アースリンク,https://www.earthlink.co.jp,〒745-0034 山口県周南市御幸通2,042-355-8025,
株式会社ケーブルテレビあなん,https://www.tv-anan.jp,〒774-0045 徳島県阿南市宝田町今市 イシン坊2,0120-088-377,
株式会社スマートバリュー,https://www.smartvalue.ad.jp,〒541-0052 大阪府大阪市中央区安土町3,06-6227-5577,
2022 JR Shikoku Marketing & Advertising Inc.,https://www.jr-shikoku.co.jp,〒760-0011 香川県高松市浜ノ町8,087-851-6885,
株式会社HKオフィス,https://www.hk-office.co.jp,〒862-0903 熊本県熊本市東区若葉1,096-368-6313,
株式会社オールアバウト ライフマーケティング,https://www.lifemarketing.co.jp,〒150-0022 東京都渋谷区恵比寿南一丁目,03-6362-0810,
TOHOマーケティング株式会社,https://www.toho-marketing.jp,〒100-0006 東京都千代田区有楽町二丁目,,
株式会社ハラプレックス,https://www.haraplex.co.jp,〒799-1594 愛媛県今治市喜田村1,0898-48-5511,
1984年 商号を仁田ソイロック株式会社に変更,https://www.nita.co.jp,〒771-0122 徳島県徳島市川内町鈴江西3,088-665-5550,
株式会社よかネット,https://yokanet.com,〒101-0032 東京都千代田区岩本町3,092-283-2121,
株式会社テイクファイブ,https://www.take5-net.jp,〒870-0006 大分県大分市王子中町1,097-537-2525,
株式会社CUBE,https://www.v-o-m.jp,〒870-0173 大分県大分市公園通り5,097-511-4108,
株式会社ジキヤ,https://jikiya.jp,〒885-0004 宮崎県都城市都北町1,0986-77-0116,
THE FINAL VIEW INC.2010,http://beppupu.com,〒874-8558 大分県別府市北浜2,,
U-PROMO（株式会社ユープロモ）,https://u-promo.net,〒900-0022 沖縄県那覇市樋川1,080-6483-3227,
株式会社たらみ,https://www.tarami.co.jp,〒105-0004 東京都港区新橋5,095-839-1111,
株式会社 まるごとオフィス,https://www.fanterview.net,〒160-0022 東京都新宿区新宿1,03-6825-5900,
株式会社グローバルリンク,https://www.gl-link.co.jp,〒901-2127 沖縄県浦添市屋富祖3,,
株式会社ワイオーユー,https://www.you-group.co.jp,〒107-0062 東京都港区南青山1,03-5775-2297,
株式会社ことろど,https://www.miyakonjob.jp,〒887-0014 宮崎県日南市岩崎2,0986-22-2852,
株式会社 ヒラヤマ,https://hirayama.co.jp,〒901-0225 沖縄県豊見城市字豊崎3,098-995-6233,
2026 Coraleon Inc.ALL RIGHT RESERVED,https://coraleon.co.jp,〒904-0004 沖縄県沖縄市中央１,,
ユーミーコーポレーション株式会社 英語表記 You&Me Corporation,https://reform.you-me.co.jp,〒890-0008 鹿児島県鹿児島市伊敷一丁目,099-220-5750,
2020 MQUA Inc. All Rights Reserved.,https://press.portal-th.com,〒787-0027 高知県四万十市中村天神橋2,0880-34-8182,
株式会社ルート・シー,https://www.root-sea.co.jp,〒169-0075 東京都新宿区高田馬場3,06-6533-8277,
アイシスデザイン株式会社,http://www.i-systemdesign.com,〒327-0833 栃木県佐野市若宮上町5,0285-33-4383,
社名商号 ： ステアリテール株式会社,https://www.shanon.co.jp,〒105-0013 東京都港区浜松町2,03-6743-1565,
株式会社 佐藤工務店,https://kk-satokoumuten.jp,〒080-0846 北海道帯広市緑が丘7,0155-34-4646,
サイバートラスト株式会社,https://www.cybertrust.co.jp,〒107-6031 東京都 港区 赤坂 1,,
株式会社フィット＆リカバリー,https://fit-recovery.co.jp,〒105-0004 東京都港区新橋三丁目,,
Far Yeast Brewing株式会社,https://faryeast.com,〒409-0211 山梨県北都留郡小菅村4,,
株式会社TIGEREYE,https://tigereye.ai,〒104-0053 東京都中央区晴海1,,
日本コカ･コーラ株式会社 ホームページ,https://www.coca-cola.com,〒150-0002 東京都渋谷区渋谷4,03-5466-8000,
Sony Marketing Inc.,https://www.sony.jp,〒106-0032 東京都港区六本木一丁目,050-3754-9506,
株式会社コスモ,https://regional-recruitment.works,〒140-0015 東京都品川区西大井1,03-5726-9078,
株式会社MILIZE（ミライズ）,https://milize.co.jp,〒108-0023 東京都文京区千駄木3,03-4500-1311,
"株式会社コウェル （英文表記：CO-WELL Co., LTD.）",https://www.co-well.jp,〒140-0002 東京都品川区東品川2,,
株式会社Task it,https://taskit.co.jp,〒104-0061 東京都中央区銀座7,03-6869-9225,
TFGソリューション株式会社,https://tfg-solution.co.jp,〒270-2222 千葉県松戸市松戸新田2,047-394-4681,
クリエイティブで、わくわくを。 株式会社UNI(ユニ),https://uniinc.jp,〒191-0022 東京都日野市新井1,050-5810-0956,
株式会社グロスファクター,http://www.gr-factor.com,〒485-0077 愛知県小牧市西之島5,0568-65-6228,
HUSSAIN LLC,https://www.hussain.co.jp,〒372-0855 群馬県伊勢崎市長沼町6,0270-27-5184,
TRYANGLE Inc. All rights reserved.,https://www.tryangle-inc.co.jp,〒160-0022 東京都新宿区新宿5,03-5312-7795,
株式会社テクテクデザイン,https://tektekdesign.jp,〒493-0004 愛知県一宮市木曽川町玉ノ井古井田1,080-3063-2508,
株式会社ジモティー,https://jmty.co.jp,〒141-0031 東京都品川区西五反田1,,
オイシーズ株式会社,https://oishes.com,〒486-0809 愛知県春日井市町屋町3,,
株式会社IC,https://www.ic-net.co.jp,〒108-6207 東京都港区港南2,03-4335-8188,
株式会社 スタジオギャップ,https://studiogap.co.jp,〒486-0918 愛知県春日井市如意申町2,0568-32-5200,
株式会社キャリアサバイバル,https://career-survival.com,〒450-0002 愛知県名古屋市中村区名駅4,,
株式会社 弘文堂,https://www.ko-bundo.co.jp,〒194-0037 東京都町田市木曽西4,042-792-2141,
株式会社テルミック,https://www.tel-mic.co.jp,〒448-0813 愛知県刈谷市小垣江町永田4,0566-28-7766,
株式会社杉孝,https://www.sugiko.co.jp,〒475-0021 愛知県半田市州の崎町2,0569-89-9850,
有限会社ワイズ,https://www.net-consul.jp,〒515-0212 三重県松阪市稲木町1,0598-28-6962,
株式会社 伊勢之里,https://www.iseno-sato.jp,〒516-0014 三重県伊勢市楠部町2,0596-63-6666,
株式会社UNITE,https://www.unite-express.co.jp,〒612-8481 京都府京都市伏見区横大路東裏町7,090-6723-3760,
株式会社アクアプランネット,https://www.aquaplannet.co.jp,〒515-0063 三重県松阪市大黒田町1,0598-21-6360,
テンフィールズファクトリー株式会社,https://www.10-ff.com,〒619-0237 京都府相楽郡精華町光台1,0774-66-6994,
"AI, Inc. All rights reserved.",https://www.ai-j.jp,〒113-0024 東京都文京区西片 1,,
"Vistage,llc. All Rights Reserved.",https://vistage-llc.com,〒611-0031 京都府宇治市新成田1,,
1908-2026 宇野重工株式会社,https://www.uno-g.co.jp,〒515-8558 三重県松阪市大津町1,0598-51-1313,
株式会社アイポケット,https://www.i-pocket.co.jp,〒231-0023 神奈川県横浜市中区山下町1,045-680-0515,
綾羽株式会社,https://ayaha.co.jp,〒522-0087 滋賀県彦根市芹橋2,0749-20-6399,
株式会社ホシミ,https://fonen.co.jp,〒567-0843 大阪府茨木市星見町2,072-630-2880,
アクアシステム株式会社,https://www.aqsys.co.jp,〒522-0081 滋賀県彦根市京町1,0749-23-9123,
ツルカメO&E株式会社,https://tsurukame-oe.co.jp,〒761-8044 香川県高松市円座町1,06-6228-1726,
"アサヒグループジャパン株式会社 Asahi Group Japan, Ltd.",https://www.asahigroup-japan.co.jp,〒130-8602 東京都墨田区吾妻橋1,,
ジャパントレーディング株式会社,https://www.japan-trading.co.jp,〒577-0022 大阪府東大阪市荒本新町6,06-6785-6480,
(C)株式会社ヴォルテッジ All rights reserved.,https://voltage-jp.com,〒561-0802 大阪府豊中市曽根東町5,06-6333-0299,
"株式会社オーレスト Allestt Co., Ltd.",https://allestt.com,〒530-0002 大阪府大阪市北区曽根崎新地2,06-6147-7682,
株式会社未来絵.,https://milaie.com,〒663-8136 兵庫県西宮市笠屋町1,0798-31-2561,
Laughall inc.,https://laughome.laugh-group.jp,〒542-0083 大阪府大阪市中央区東心斎橋1,,
"■ 商号 有限会社アイシス （英文ではAisis Co., Ltd.と表示）",https://www.aisis.ne.jp,〒530-0041 大阪府大阪市北区天神橋3,06-6136-1090,
株式会社TKCのご紹介,https://www.tkc.jp,〒320-8644 栃木県宇都宮市鶴田町1,03-3266-9200,
"Lead Effort, Inc. All Rights Reserved.",https://lead-effort.co.jp,〒660-0807 兵庫県尼崎市長洲西通1,06-6495-0203,
"DIGITALIO, Inc. All rights reserved.",https://digitalio.jp,〒105-5536 東京都港区虎ノ門2,,
株式会社カワッタデザイン,https://kawatta-design.com,〒673-0891 兵庫県明石市大明石町1,,
"Trustbank, Inc. all rights reserved.",https://www.trustbank.co.jp,〒107-0061 東京都港区北青山二丁目,03-6843-3470,
株式会社 タフ,https://www.tough-n.co.jp,〒630-0263 奈良県生駒市中菜畑2,0742-30-0323,
株式会社ウィルの新卒採用,https://www.will-hr.com,〒665-0035 兵庫県宝塚市逆瀬川1,0797-74-7269,
2026 MAX SUPPORT Inc.,https://www.max-support.co.jp,〒171-0021 東京都豊島区西池袋五丁目,0859-31-6532,
株式会社 山陰中央新報セールスセンター,https://www.dailysanin.co.jp,〒690-0047 島根県松江市嫁島町1,0852-25-4008,
株式会社イオレ,https://shufu.eole.co.jp,〒105-0003 東京都港区西新橋1,050-5799-9401,
合同会社オフィスオハナ,https://www.officeohana-aizu.com,〒965-0013 福島県会津若松市堤町1,,
Craftin株式会社,https://www.craftin.biz,〒153-0051 東京都目黒区上目黒1,,
有限会社オフィス・ポート,https://officeport.net,〒970-8051 福島県いわき市平六町目2,0246-25-2465,
2025 Ceep LLC.,https://seedbyceep.com,〒970-8026 福島県いわき市平梅香町6,0246-88-8956,
株式会社アニスピホールディングス,https://facility.to-co-to-co.co.jp,〒327-0844 栃木県佐野市富岡町1,070-9358-1558,
株式会社ディーシーシー(DCC INC.),https://dcc-co.jp,〒103-0012 東京都中央区日本橋堀留町1,,
株式会社ザスト,http://zahst.co.jp,〒376-0013 群馬県桐生市広沢町2,0277-52-6112,
株式会社プラマーケ,https://plumarke.co.jp,〒150-0043 東京都渋谷区道玄坂1,03-6821-8384,
NextFrontLine合同会社（法人番号 7070003004357）,https://nextfrontline.com,〒373-0851 群馬県太田市飯田町7,0276-57-8418,
株式会社住宅サービス,https://tokyoroof.com,〒312-0042 茨城県ひたちなか市東大島1,0120-03-5517,
2024 SAKI-X株式会社 All Rights Reserved.,https://www.saki-x.jp,〒103-0025 東京都中央区日本橋茅場町2,,
株式会社 For Mile,https://for-mile.jp,〒150-0013 東京都渋谷区 恵比寿1,,
株式会社miire,https://miire.jp,〒359-1145 埼玉県所沢市山口1,04-2003-0916,
株式会社仁頼,https://jinrai.co.jp,〒221-0001 神奈川県横浜市神奈川区西寺尾4,,
Webマーケティング支援なら アジアスターズ 株式会社 All Rights Reserved.,https://www.asiastars.org,〒160-0022 東京都新宿区新宿5,03-4405-8884,
くちなしコンサルティング株式会社,https://kuchinashi-consulting.com,〒359-1133 埼玉県所沢市荒幡1,,
株式会社バタフライリッジ,https://www.butterflyridge-putali.com,〒335-0022 埼玉県戸田市上戸田1,048-299-4632,
株式会社HUMEDIT,https://jfrontier.jp,〒150-0031 東京都渋谷区桜丘町９,03-6427-4662,
株式会社グランダム カブシキガイシャグランダム,https://www.grandam-ota.com,〒373-0817 群馬県太田市飯塚町 6,0276-30-2211,
アパッショナート合同会社【Facebook・Instagram広告運用】,https://appassionato.co.jp,〒104-0061 東京都中央区銀座1,,
株式会社エンデント,http://www.endento.com,〒272-0144 千葉県市川市新井1,03-6868-3640,
合同会社ジャパン・プライド,https://degipro.com,〒272-0023 千葉県市川市南八幡4,,
2019 Lieferent Inc.,https://lieferant.jpn.com,〒270-0034 千葉県松戸市新松戸3,047-701-8308,
クラシノ株式会社,https://www.kurasino.co.jp,〒101-0032 東京都千代田区岩本町1,,
おおたか経営コンサルティング株式会社,https://otaka-bc.jp,〒272-0111 千葉県市川市妙典5,,
有限会社タロウズ,https://www.webkoukoku.net,〒157-0062 東京都世田谷区南烏山5,03-5314-3270,
2024-2026 TENGUU（テングー）株式会社,https://www.tenguu.co.jp,〒193-0934 東京都八王子市小比企町2,050-5527-1705,
FALK INC.,https://falk.jp,〒150-0013 東京都渋谷区恵比寿1,,
エリアマーケット株式会社,https://erima.co,〒107-0062 東京都港区南青山4,0120-973-099,
株式会社アイファム,https://www.ifam.co.jp,〒270-0138 千葉県流山市おおたかの森東3,050-6865-7826,
有限会社 大池デザイン,https://www.oikedesign.com,〒191-0015 東京都日野市川辺堀之内2,042-589-4678,
(C) アイパス経営コンサルティング株式会社 All Rights Reserved.,https://arimura-c.com,〒221-0056 神奈川県横浜市神奈川区金港町5,045-514-2513,
伊藤商事合同会社 IT事業部,https://std.itocorp.jp,〒261-0023 千葉県千葉市美浜区中瀬1,050-5476-3069,
株式会社 RECORE,https://recore-consulting.com,〒190-0002 東京都立川市幸町5,,
株式会社 iYaku Japan,https://iyaku.com.vn,〒270-0163 千葉県流山市南流山3,,
株式会社ASYNCH,https://www.asynch.tokyo,〒194-0022 東京都町田市森野2,090-7951-0515,
株式会社K.I.D,https://kid-corp.com,〒190-0022 東京都立川市錦町2,042-595-9007,
ルッキーナ株式会社,http://www.lookyna.co.jp,〒237-0064 神奈川県横須賀市追浜町1,046-876-6127,
株式会社ビリーデザイン,https://www.billy-design.co.jp,〒180-0004 東京都武蔵野市吉祥寺本町1,042-229-3045,
株式会社rinrindo,https://rinrindo.co.jp,〒180-0002 東京都武蔵野市吉祥寺東町４,090-6948-3514,
株式会社DataCrew,https://datacrew-inc.com,〒181-0013 東京都三鷹市下連雀3,,
株式会社クリエイターズアカデミー,https://c-aca.com,〒194-0021 東京都町田市中町1,07-13-002,
株式会社 Global Web Design,https://global-web-design.com,〒873-0502 大分県国東市国東町田深1,070-8452-8137,
株式会社アクティブノート,https://www.active-note.jp,〒182-0021 東京都調布市調布ケ丘３,042-444-0603,
テクノゲートウェイ株式会社.,https://techno-gateway.com,〒292-0814 千葉県木更津市八幡台４,050-3390-8166,
株式会社CPR 〒253-0072 神奈川県茅ヶ崎市今宿469 TNKハイツ301,http://c-p-r.jp,〒253-0072 神奈川県茅ヶ崎市今宿4,,
ウェブアクセル合同会社,https://webaccele.net,〒286-0035 千葉県成田市囲護台二丁目,050-1808-3268,
3DSurveyplus合同会社,https://3dsurveyplus.com,〒528-0067 滋賀県甲賀市水口町山2,070-8582-5534,
株式会社ファインドスターグループ,https://findstar-group.co.jp,〒108-0014 東京都港区芝4,03-6435-0323,
大滝商事株式会社,https://ootaki-s.co.jp,〒259-0314 神奈川県足柄下郡湯河原町宮上3,0465-63-0002,
株式会社リアクセル,https://reaxel.co.jp,〒150-0041 東京都渋谷区神南1,,
株式会社フロントライン,https://frontlinegroup.jp,〒104-0061 東京都中央区銀座一丁目,,
株式会社DCT,https://www.dctweb.jp,〒151-0053 東京都渋谷区代々木1,03-5860-8107,
株式会社ミルフォード,https://milford.jp,〒834-0105 福岡県八女郡広川町長延6,0943-22-6721,
株式会社パラダイム・ラボ,https://p-labo.co.jp,〒160-0023 東京都新宿区西新宿3,03-5302-5500,
株式会社ダースーは,https://dahsue.com,〒150-0031 東京都渋谷区桜丘町1,,
株式会社detect,https://detect.co.jp,〒150-0002 東京都渋谷区渋谷1,03-6450-6713,
合同会社詩苑,https://shion-studio.com,〒220-0072 神奈川県横浜市西区浅間町1,,
株式会社And Marketing（アンドマーケティング）,https://andmarketing.co.jp,〒920-0849 石川県金沢市堀川新町5,,
株式会社TAS,https://www.tasnet.co.jp,〒914-0812 福井県敦賀市昭和町2,0770-24-3501,
株式会社WEBカルチャー,https://web-culture.jp,〒939-0307 富山県射水市戸破字針原6,0120-920-249,
"aiESG, Inc.",https://aiesg.co.jp,〒105-7508 東京都港区海岸 1,092-419-2598,
インクリメントラボ株式会社,https://www.incrementlab.com,〒453-0018 愛知県名古屋市中村区佐古前町1,052-485-4061,
上越スチール販売株式会社,https://www.jsh.co.jp,〒943-0832 新潟県上越市本町6,025-524-5835,
細川商事株式会社,https://hosokawashoji.co.jp,〒510-0042 三重県四日市市高砂町1,059-351-7171,
株式会社アディア Adear Inc.,https://adear.jp,〒153-0061 神奈川県茅ヶ崎市南湖4,0467-55-5454,
EXEDIA Holdings LLC,https://exedia.biz,〒540-0026 大阪府大阪市中央区内本町1,,
Higashikaigan Inc.,https://oscar-japan.co.jp,〒816-0864 福岡県春日市須玖北5,092-585-5605,
株式会社ココロバレ,https://cocorobare.com,〒466-0064 愛知県名古屋市昭和区鶴舞1,052-990-3500,
SEED Inc.,https://www.seedinc.co.jp,〒411-0033 静岡県三島市文教町1,055-988-0777,
株式会社アシロ,https://houmu-pro.com,〒604-8101 京都府京都市中京区柳馬場通御池下る柳八幡町6,075-254-7977,
㈱集客デザイン研究所,https://acd.bz,〒411-0858 静岡県三島市中央町6,,
株式会社モビックス,https://mobix-car.com,〒350-1335 埼玉県狭山市柏原3,,
株式会社わかせ建設,https://www.rock-river.jp,〒417-0801 静岡県富士市大淵3,0545-87-2709,
株式会社スクロール,https://www.scroll360.jp,〒140-0002 東京都品川区東品川二丁目,,
株式会社 森田経営,https://www.shien-morita.com,〒446-0051 愛知県安城市箕輪町半夏1,0566-74-3377,
2026 レゾンプランニング株式会社,https://www.raisonplanning.jp,〒509-0106 岐阜県各務原市各務西町1,058-377-2124,
運営事業者：株式会社コワーカーズ,https://ikomaidesk.com,〒448-0027 愛知県刈谷市相生町２,,
株式会社SSブレイン,https://ss-brain.com,〒430-0904 静岡県浜松市中央区中沢町2,053-401-2260,
株式会社経営支援パートナー,https://sahara-keiei.jp,〒440-0066 愛知県豊橋市東田町1,0532-66-1351,
株式会社Life Crayon Style,https://l-c-style.co.jp,〒453-0015 愛知県名古屋市中村区椿町1,,
ワイケイホーム株式会社,https://www.ykhome.jp,〒939-0341 富山県射水市三ヶ1,0766-56-3300,
PXC株式会社,https://pxc.co.jp,〒110-0016 東京都台東区台東4,,
GOYOサービス株式会社,https://goyo-sa.jp,〒485-0077 愛知県小牧市西之島5,0568-39-6654,
株式会社防災屋,https://fdma.co.jp,〒101-0041 東京都千代田区神田須田町１,06-6718-7009,
株式会社 神戸メディケア 神戸本社,https://www.biomag2008.org,〒652-0831 兵庫県神戸市兵庫区七宮町1,078-671-5656,
紙小津産業株式会社,https://www.kamioz.com,〒515-0007 三重県松阪市大平尾町6,0598-51-0003,
ZeLo FAS株式会社,https://zelojapan.com,〒135-0061 東京都江東区豊洲三丁目,03-5859-0310,
住所 ＵＲＬ 紹介文 株式会社Sanctuary 愛知県刈谷市 http:,https://www.akibare.ne.jp,〒171-0022 東京都豊島区南池袋2,07-3-101,
株式会社 油勘,https://www.aburakan.co.jp,〒611-0021 京都府宇治市宇治妙楽 1,0774-25-8866,
Web兵法株式会社,http://www.webdestination.jp,〒530-0001 大阪府大阪市北区梅田1,06-4307-6971,
合同会社 Refine.,https://refine-school.com,〒564-0062 大阪府吹田市垂水町3,,
有限会社ザッツ,https://www.zats-egao.co.jp,〒577-0809 大阪府東大阪市永和１,06-7492-7896,
株式会社 NIKKEN,https://www.nikken358.com,〒544-0006 大阪府大阪市生野区中川東2,06-6720-8053,
株式会社TripClear,https://tripclear.jp,〒150-0011 東京都渋谷区東1,,
アメネスク株式会社（AMENESQUE Inc.）,https://amenesque.co.jp,〒630-8241 奈良県奈良市高天町3,,
株式会社 VICWAVE,http://www.vicwave.org,〒843-0022 佐賀県武雄市武雄町武雄4,0954-23-8551,
GMOグローバルサイン・ホールディングス株式会社,https://www.gmogshd.com,〒750-0016 山口県下関市細江町1,03-6415-6100,
株式会社東京久栄,https://www.kyuei.co.jp,〒101-0032 東京都千代田区岩本町２,03-5809-3974,
2019- Chaintope Inc. All rights reserved.,https://www.chaintope.com,〒820-0066 福岡県飯塚市幸袋5,,
株式会社バリュー・クリエーション・サービス,http://www.vcs.co.jp,〒810-0022 福岡県福岡市中央区薬院4,,
株式会社 パシック,https://pasic.jp,〒882-0841 宮崎県延岡市大瀬町2,0982-27-5986,
バレットグループ株式会社,https://bltinc.co.jp,〒163-0536 東京都新宿区西新宿1,03-5315-0602,
MRSO Inc. All rights reserved.,https://www.mrso.co.jp,〒106-6133 東京都港区六本木6,03-6435-6692,
株式会社マニューバー,http://www.maneuver.jp,〒182-0022 東京都調布市国領町2,042-487-4844,
2025 TableCheck Inc. All rights reserved,https://www.tablecheck.com,〒104-0061 東京都中央区銀座2,03-5565-0112,
株式会社トータルマネジメントビジネス,https://www.total-mb.co.jp,〒104-0033 東京都中央区新川1,075-241-5172,
A5bp Inc.,https://www.a5bp.co.jp,〒195-0053 東京都町田市能ヶ谷4,042-816-2991,
ワークアット株式会社,https://enun.jp,〒690-0845 島根県松江市西茶町4,0852-23-0003,
株式会社中京テレビクリエイション,https://www.ctvc.co.jp,〒453-8701 愛知県名古屋市中村区平池町四丁目,,
"日本交通株式会社（英文社名：Nihon Kotsu Co.,Ltd.)",https://www.nihon-kotsu.co.jp,〒102-0094 東京都千代田区紀尾井町3,03-6265-6236,
株式会社MS&Consulting（エムエス・アンド・コンサルティング）,https://www.msandc.co.jp,〒103-0001 東京都中央区日本橋小伝馬町4,,
株式会社ソシオ エンジン・アソシエイツ,https://www.socioengine.co.jp,〒107-0062 東京都港区南青山1,03-5775-7670,
株式会社ブックルックチーム,https://corp.booklook.jp,〒182-0024 東京都調布市布田2,042-426-4208,
株式会社Welbyは、,https://welby.jp,〒104-0031 東京都中央区京橋一丁目,,
株式会社町田新産業創造センター,https://mbda.jp,〒194-8550 東京都町田市原町田6,042-518-9671,
株式会社ロイヤリティ・アンド・リワーズ,https://loyaltyrewards.jp,〒180-0004 東京都武蔵野市吉祥寺本町3,0422-22-2027,
株式会社いつき総研 All Rights Reserved.,https://www.itsuki-s.jp,〒556-0022 大阪府大阪市浪速区桜川1,06-6585-9900,
(C) ロア株式会社 All rights reserved.,https://www.poar.jp,〒248-0032 神奈川県鎌倉市津1,090-4723-7589,
株式会社SEAMS（カブシキガイシャ シームス）,https://www.seams.site,〒253-0021 神奈川県茅ヶ崎市浜竹1,,
grabss Inc.,https://www.grabss.co.jp,〒154-0004 東京都世田谷区太子堂4,,
Buildsy株式会社,https://www.gindo.co.jp,〒253-0056 神奈川県茅ヶ崎市共恵１,0467-38-7258,
富士山GXホールディングス株式会社,https://fujigx.co.jp,〒403-0005 山梨県富士吉田市上吉田4,0555-23-3216,
株式会社アドバンスソフト・コンサルティング,https://advancesoft-consulting.co.jp,〒450-0002 愛知県名古屋市中村区名駅三丁目,052-856-5794,
株式会社 宿屋をつなぐ,https://yadoya-yadoya.com,〒238-0006 神奈川県横須賀市日の出町1,050-8894-3288,
『SENDMAGIC』『センドマジック』はセンドマジック株式会社の登録商標です。,https://sendmagic.jp,〒220-8121 神奈川県横浜市西区みなとみらい2,045-227-8381,
株式会社ユアネット,https://schpass.jp,〒410-0831 静岡県沼津市市場町1,055-935-6969,
株式会社タツノ,https://www.tatsunet.co.jp,〒386-0043 長野県上田市下塩尻2,0268-22-6001,
株式会社コハマ,https://www.k-kohama.co.jp,〒425-0027 静岡県焼津市栄町5,054-627-1555,
NADIX株式会社,https://nadix.co.jp,〒563-0043 大阪府池田市神田2,000-563-0043,
"株式会社 立業社・ビジネス・マシンズ, all rights reserved",https://rbm-net.co.jp,〒939-8214 富山県富山市黒崎1,076-423-6651,
アグリコネクト株式会社,https://agri-connect.co.jp,〒105-0011 東京都港区芝公園一丁目,03-5579-6122,
株式会社GOAT-X,https://www.toonippo.co.jp,〒053-0842 北海道苫小牧市有珠の沢町4,017-739-1500,
"︎kaonavi, Inc",https://corp.kaonavi.jp,〒150-6138 東京都渋谷区渋谷2,03-6633-3251,
株式会社MammyPro,https://www.mamanavi.tv,〒206-0033 東京都多摩市落合1,011-206-9150,
株式会社カウチカ,https://www.kauchika.co.jp,〒085-0806 北海道釧路市武佐1,0154-65-5315,
コンカツ印刷有限会社,https://www.konkatsu.com,〒021-0021 岩手県一関市中央町１,0191-48-5963,
株式会社ワールド企画,https://www.world-kikaku.jp,〒024-0071 岩手県北上市上江釣子７,0197-77-3730,
株式会社トラスト・アド,http://www.trust-ad.jp,〒141-0021 東京都品川区上大崎3,03-5424-1133,
有限会社ACCESS 豊富な業務内容とネットワークでお客様をサポートします。,https://ac-akita.com,〒014-0805 秋田県大仙市高梨字水里3,0187-86-3570,
株式会社アクト・ディヴァイス,https://actdevice.jp,〒021-2021 岩手県高等学校文化連盟演劇部門発表会 県大会 岩手県高等学校文化連盟 第2,019-635-8899,
株式会社 アルバ・リンクス,https://albalinx.co.jp,〒982-0011 宮城県仙台市太白区長町1,022-281-8955,
インタープランニング有限会社,https://www.interplanning.co.jp,〒141-0001 東京都品川区北品川5,054-221-4458,
", Copyright © ITOHAM FOODS Inc.",https://www.itoham.co.jp,〒663-8586 兵庫県西宮市高畑町４,0120-01-1186,
総合広告会社 株式会社 アド・プラン,https://www.ad-plan.co.jp,〒970-8034 福島県いわき市平上荒川字長尾7,0246-29-3154,
有限会社オフィス・バロン,https://www.ofb.co.jp,〒316-0006 茨城県日立市末広町5,0294-35-5311,
株式会社ネバーストップ,https://neverstop.co.jp,〒101-0047 東京都千代田区内神田1,03-5577-4783,
合同会社フリースタイル,http://freestyle-ad.main.jp,〒270-0115 千葉県流山市江戸川台西 3,090-4023-0313,
"株式会社 ジェイ・フリート（英語表記：J-Fleet,Inc.）",http://www.j-fleet.co.jp,〒194-0003 東京都町田市小川1,042-788-2887,
イシイ株式会社,https://www.ieps.co.jp,〒102-0072 東京都千代田区飯田橋1,06-6768-1577,
株式会社パワフルジャパン十和田,https://www.pj-towada.jp,〒034-0051 青森県十和田市大字伝法寺平窪３,0176-28-3611,
PayPay株式会社,https://about.paypay.ne.jp,〒160-0004 東京都新宿区四谷1,,
有限会社クリオ,https://www.creo-group.jp,〒359-0004 埼玉県所沢市北原町8,04-2998-8885,
株式会社菊池襖紙工場,https://fusuma.co.jp,〒340-0031 埼玉県草加市新里町1,048-925-1247,
名 有限会社平和企画,https://www.heiwakikaku.co.jp,〒990-0893 山形県山形市大字西中野1,090-2989-2324,
桑原冷熱株式会社,https://www.kuwabara-3d.com,〒090-0013 北海道北見市柏陽町5,0157-36-9000,
2022 株式会社花の企画社,https://www.hananokikakusha.com,〒103-0022 東京都中央区日本橋室町4,03-6665-6875,
株式会社VLCセキュリティ,https://vlcsecurity.com,〒105-0001 東京都港区虎ノ門4,03-4500-6500,
ピクシディア株式会社,https://pixidea.co.jp,〒105-0004 東京都港区新橋1,03-6869-3486,
"Future Sessions, inc.",https://www.futuresessions.com,〒107-0051 東京都港区元赤坂1,,
株式会社MGNET,https://mgnet.jp,〒959-1289 新潟県燕市東太田1,0256-46-8720,
東洋通信工業株式会社,https://recruit.tessnet.co.jp,〒939-1119 富山県高岡市オフィスパーク9,0766-63-7777,
不動技研工業株式会社,https://www.fudo-giken.co.jp,〒850-0042 長崎県長崎市御船蔵町2,095-861-1638,
株式会社シー・シー・ユー,https://recruit.ccu.co.jp,〒910-0347 福井県坂井市丸岡町熊堂3,0776-67-6112,
ohpner株式会社,https://ohpner.com,〒150-6019 東京都渋谷区恵比寿4,,
株式会社ジョブマックスソリューションズ,https://jobmax.jp,〒105-0011 東京都港区芝公園2,0476-36-7130,
ゲンバトは株式会社山善の登録商標です,https://genbato.jp,〒386-1107 長野県上田市築地1,,
株式会社ルナンプロダクション,https://lunanepro.jp,〒507-0035 岐阜県多治見市栄町2,0120-670-114,
株式会社販売促進研究所,https://hansokuken.co.jp,〒102-0083 東京都千代田区麹町3,03-5275-0088,
株式会社 長岡土地,https://nagaokatoti.com,〒940-0066 新潟県長岡市東坂之上町3,0258-33-4844,
川重岐阜エンジニアリング株式会社,https://www.khi.co.jp,〒504-0971 岐阜県各務原市川崎町2,,
株式会社デジタルダイブ,https://www.digital-dive.co.jp,〒107-0061 東京都港区北青山1,050-3166-9357,
株式会社ハイ・バリュー,https://highvalue.co.jp,〒417-0843 静岡県富士市田中新田2,0545-31-1807,
必須 例：株式会社○○商事,https://www.i-order.jp,〒904-2142 沖縄県沖縄市登川2,,
株式会社エフィカシー,https://shizuoka-smart-movies.com,〒425-0022 静岡県焼津市本町1,054-625-9870,
株式会社クレアワークス,https://www.creaworks.co.jp,〒542-0012 大阪府大阪市中央区 谷町九丁目,06-6766-1711,
株式会社イマクリエ,https://www.imacrea.co.jp,〒106-0044 東京都港区東麻布2,03-6277-6907,
株式会社 eve autonomy,https://eveautonomy.com,〒438-0214 静岡県磐田市大中瀬8,,
株式会社Ryuki Design（リューキデザイン）,https://ectool.jp,〒530-0036 大阪府大阪市北区与力町1,06-4705-1781,
株式会社ガーデンメーカー,https://www.oniwa-smilegroup.jp,〒492-8348 愛知県稲沢市馬場１,0570-018-118,
株式会社ブレインワークス,https://bwg.co.jp,〒182-0025 東京都調布市多摩川1,042-426-7888,
スポルト有限会社,http://www.sport-inc.com,〒804-0084 福岡県北九州市戸畑区幸町7,093-776-9378,
株式会社積大不動産,https://www.fudousanshop-sekidai.co.jp,〒581-0004 大阪府八尾市東本町3,0120-952-607,
有限会社かいだ食品,https://kaidashokuhin.com,〒515-0025 三重県松阪市和屋町3,0598-28-6078,
株式会社 エスディーワン,https://sd-one.co.jp,〒104-0061 東京都中央区銀座3,075-823-0630,
萬祥株式会社,https://mansyou.co.jp,〒671-5800 青森県 DIRECTION outdoor tools 青森市問屋町1,011-671-5800,
株式会社フリーロンリ All Rights Reserved.,https://www.flonri.com,〒157-0067 東京都世田谷区喜多見5,,
■ 会社名 株式会社 サンクネット,https://www.sanku.net,〒135-0042 東京都江東区木場1,03-5677-3311,
（株式会社E-Grant内）,https://japan-crm.org,〒141-0031 東京都品川区西五反田2,03-6450-1321,
株式会社やまが,https://yamaga-japan.com,〒642-0012 和歌山県海南市黒江1,090-6237-6208,
フライフロント株式会社,https://www.flyfront.jp,〒730-0045 広島県広島市中区鶴見町5,082-258-4027,
株式会社WAO,https://wao8080.com,〒763-0092 香川県丸亀市川西町南甲2,0877-35-8160,
水岩運送株式会社,https://mizuiwa-un.co.jp,〒567-0027 大阪府茨木市西田中町2,06-6195-2631,
鶴山不動産株式会社,https://www.kakuzan.co.jp,〒708-0001 岡山県津山市小原2,0868-35-2440,
山口エスエスサービス株式会社,https://yama-ss.com,〒745-0814 山口県周南市鼓海2,0834-26-0005,
川内不動産株式会社,http://estate.sesh.jp,〒895-0021 鹿児島県薩摩川内市向田本町1,0996-23-2800,
和幸情報システム株式会社,https://www.wisys.co.jp,〒690-0006 島根県松江市伊勢宮町5,0852-24-4471,
富士商株式会社コーポレートサイト,https://fujisho.ne.jp,〒756-8501 山口県山陽小野田市稲荷町1,,
株式会社カレッタ,https://caretta-corp.com,〒107-0062 東京都港区南青山4,03-6447-1498,
株式会社アトムチェーン本部,https://www.atom-denki.co.jp,〒706-0012 岡山県玉野市玉2,0863-21-2526,
"株式会社ソルブ solve co.,ltd",https://www.solve-design.co.jp,〒816-0863 福岡県春日市須玖南4,092-575-0556,
株式会社まさゆめ企画 All rights Reserved.,https://masayume-kikaku.com,〒572-0011 大阪府寝屋川市明徳2,072-814-6133,
Wonderlabo inc.,https://shokugyo-kunren.jp,〒242-0016 神奈川県大和市大和南一丁目,08-34-041,
株式会社プランクス,https://www.plumks.biz,〒889-2535 宮崎県日南市飫肥5,0985-88-8803,
有限会社パラテック,https://www.paratech.jp,〒861-8010 熊本県熊本市東区上南部2,096-349-0909,
株式会社田村ビルズ カブシキガイシャタムラビルズ,https://chintai.lfb-tamura.jp,〒753-0831 山口県山口市平井7,083-902-2123,
ユメリアコンサルティング株式会社,https://www.yumerea.co.jp,〒107-0062 東京都港区南青山二丁目,03-5771-8073,
西川物産株式会社,https://www.nishikawa-bussan.jp,〒731-0138 広島県広島市安佐南区祇園3,082-874-3365,
