company_name,url,address,phone,maps_url,area_hint,query
この簡易版検索結果ページについて,https://support.yahoo-net.jp/PccSearch/s/article/H000011627,,,,北海道,北海道 建設会社 採用マーケティング支援 -おすすめ -比較 -ランキング -求人 -まとめ
斎藤 建設 採用 ランディングページ制作,https://tonmana.co.jp/works/works-854/,,,,北海道,北海道 建設会社 採用マーケティング支援 -おすすめ -比較 -ランキング -求人 -まとめ
WEB マーケティング,https://north-ambitious.co.jp/result_cat/webmarketing/,,,,北海道,北海道 建設会社 採用マーケティング支援 -おすすめ -比較 -ランキング -求人 -まとめ
令和8年度（2026年度） 北海道建設 業サポートセンター 専門相談員 ...,https://www.pref.hokkaido.lg.jp/fs/1/3/1/8/3/2/0/0/_/R8_%E5%B0%82%E9%96%80%E7%9B%B8%E8%AB%87%E5%93%A1%E4%B8%80%E8%A6%A7.pdf,,,,北海道,北海道 建設会社 採用マーケティング支援 -おすすめ -比較 -ランキング -求人 -まとめ
建設 ビジネス戦略サイト,https://www.tanabeconsulting.co.jp/vision/industry-construction/,,,,北海道,北海道 建設会社 採用マーケティング支援 -おすすめ -比較 -ランキング -求人 -まとめ
人材戦略策定から施策実装までを一貫して推進し、現場社員の技術 ...,https://www.abeam.com/jp/ja/case_study/scs071/,,,,北海道,北海道 建設会社 採用マーケティング支援 -おすすめ -比較 -ランキング -求人 -まとめ
interview,https://kcsj.komatsu/company/recruit/interview,,,,北海道,北海道 建設会社 採用マーケティング支援 -おすすめ -比較 -ランキング -求人 -まとめ
建設 DX推進に向けデジタル施策の企画から定着まで 支援 する新拠点 ...,https://www.trans-cosmos.co.jp/company/news/240515.html,,,,北海道,北海道 建設会社 採用マーケティング支援 -おすすめ -比較 -ランキング -求人 -まとめ
Web マーケティング で成果を最大化――業界特化型 支援 で描く次の ...,https://kei-do.com/interview2/02043/,,,,北海道,北海道 建設会社 採用マーケティング支援 -おすすめ -比較 -ランキング -求人 -まとめ
中小企業応援サイト : これからの経営のヒントが見つかる,https://www.ricoh.co.jp/magazines/smb/,,,,北海道,北海道 建設会社 採用マーケティング支援 -おすすめ -比較 -ランキング -求人 -まとめ
プライバシーポリシー,https://www.lycorp.co.jp/ja/company/privacypolicy/,,,,北海道,北海道 建設会社 採用マーケティング支援 -おすすめ -比較 -ランキング -求人 -まとめ
プライバシーセンター,https://privacy.lycorp.co.jp/ja/,,,,北海道,北海道 建設会社 採用マーケティング支援 -おすすめ -比較 -ランキング -求人 -まとめ
検索結果への広告掲載,https://www.lycbiz.com/jp/service/yahoo-ads/search_results,,,,北海道,北海道 建設会社 採用マーケティング支援 -おすすめ -比較 -ランキング -求人 -まとめ
WEB マーケティング 自立 支援,https://www.goddess-c.com/co_navi/199368daaaa7dec933fba0bd-509.html,,,,北海道,北海道 リフォーム会社 集客マーケティング支援 -おすすめ -比較 -ランキング -求人 -まとめ
北海道 で屋根 リフォーム の 集客 が激増する、ホームページ活用術,https://jacof.co.jp/consulblog/yane-hokkaido-prefecture-241026_nt.html,,,,北海道,北海道 リフォーム会社 集客マーケティング支援 -おすすめ -比較 -ランキング -求人 -まとめ
リフォーム会社 向け広告運用の最適解 効果改善を実現する最新 ...,https://newscast.jp/news/8411921,,,,北海道,北海道 リフォーム会社 集客マーケティング支援 -おすすめ -比較 -ランキング -求人 -まとめ
リフォーム会社 成功事例,https://www.socialmarketerslab.com/%E6%88%90%E5%8A%9F%E4%BA%8B%E4%BE%8B,,,,北海道,北海道 リフォーム会社 集客マーケティング支援 -おすすめ -比較 -ランキング -求人 -まとめ
加盟希望の施工店様へ,https://biz.nuri-kae.jp/renovators_talk/page001,,,,北海道,北海道 リフォーム会社 集客マーケティング支援 -おすすめ -比較 -ランキング -求人 -まとめ
会社 概要,https://renovation-r.co.jp/company/,,,,北海道,北海道 リフォーム会社 集客マーケティング支援 -おすすめ -比較 -ランキング -求人 -まとめ
【高収益】 リフォーム会社 が絶対にすべき新規事業セミナー,https://www.funaisoken.co.jp/seminar/122383,,,,北海道,北海道 リフォーム会社 集客マーケティング支援 -おすすめ -比較 -ランキング -求人 -まとめ
会社概要,https://www.masterplan-dx.com/company/,,,,北海道,北海道 リフォーム会社 集客マーケティング支援 -おすすめ -比較 -ランキング -求人 -まとめ
性能向上リノベーションのススメ,https://www.syoenesaiene-pf.metro.tokyo.lg.jp/platform/doc/r60209_2.pdf,,,,北海道,北海道 リフォーム会社 集客マーケティング支援 -おすすめ -比較 -ランキング -求人 -まとめ
荒木 孝文,https://design-asahikawa.jp/designhubmember/%E8%8D%92%E6%9C%A8%E3%80%80%E5%AD%9D%E6%96%87/,,,,北海道,北海道 家具 インテリア 販促マーケティング -おすすめ -比較 -ランキング -求人 -まとめ
CASE05,https://corp.eiicon.net/case-lp/case05,,,,北海道,北海道 家具 インテリア 販促マーケティング -おすすめ -比較 -ランキング -求人 -まとめ
MEMBER,https://treetogreen.com/about/member/,,,,北海道,北海道 家具 インテリア 販促マーケティング -おすすめ -比較 -ランキング -求人 -まとめ
株式会社ニトリホールディングス 株式会社ニトリホ ルディングス,https://www.nitorihd.co.jp/ir/items/NITORI_FY2018_2Q_Financial%20Report.pdf,,,,北海道,北海道 家具 インテリア 販促マーケティング -おすすめ -比較 -ランキング -求人 -まとめ
企画販売Sales,https://kagoo.co.jp/recruit/sales/,,,,北海道,北海道 家具 インテリア 販促マーケティング -おすすめ -比較 -ランキング -求人 -まとめ
「アトツギベンチャー」インタビュー,https://www.hkd.meti.go.jp/hokik/atotsugi/index.html,,,,北海道,北海道 家具 インテリア 販促マーケティング -おすすめ -比較 -ランキング -求人 -まとめ
ECシステム等を自社開発している会社を募集中,https://macloud.jp/offers/162,,,,北海道,北海道 家具 インテリア 販促マーケティング -おすすめ -比較 -ランキング -求人 -まとめ
メンバー,https://kitchhike.jp/member,,,,北海道,北海道 家具 インテリア 販促マーケティング -おすすめ -比較 -ランキング -求人 -まとめ
顧客開拓／PR／ 販促 がしたい,https://jma-news.com/solution/solution05,,,,北海道,北海道 家具 インテリア 販促マーケティング -おすすめ -比較 -ランキング -求人 -まとめ
幼稚園 ・ 保育園 メディア,https://i-consulting.co.jp/originalmedia/nursery,,,,北海道,北海道 幼稚園 保育園 広報支援会社 -おすすめ -比較 -ランキング -求人 -まとめ
星澤幸子氏率いる「株式 会社 幸コーポレーション」、 厚生労働大...,https://www.codmon.co.jp/pressrelease/2626/,,,,北海道,北海道 幼稚園 保育園 広報支援会社 -おすすめ -比較 -ランキング -求人 -まとめ
令和7年度 保育 ICTラボ事業 関連情報,https://www.cfa.go.jp/policies/hoiku/hoiku-ictlabo/joho_07,,,,北海道,北海道 幼稚園 保育園 広報支援会社 -おすすめ -比較 -ランキング -求人 -まとめ
北海道 の教育・学習 支援 業を代表する企業【学校・学習塾】,https://clip-corporation.com/column/education-hokkaido/17/,,,,北海道,北海道 幼稚園 保育園 広報支援会社 -おすすめ -比較 -ランキング -求人 -まとめ
保育 施設向け総合ICTサービス「ルクミー」が 北海道 上ノ国町へ導入 ...,https://unifa-e.com/news/release/20230222-%E4%BF%9D%E8%82%B2%E6%96%BD%E8%A8%AD%E5%90%91%E3%81%91%E7%B7%8F%E5%90%88ict%E3%82%B5%E3%83%BC%E3%83%93%E3%82%B9%E3%80%8C%E3%83%AB%E3%82%AF%E3%83%9F%E3%83%BC%E3%80%8D%E3%81%8C%E5%8C%97%E6%B5%B7,,,,北海道,北海道 幼稚園 保育園 広報支援会社 -おすすめ -比較 -ランキング -求人 -まとめ
[3ページ目] 投稿者: [ 幼稚園 ] 広報,https://blog.buscatch.com/author/kg_pr/page/3,,,,北海道,北海道 幼稚園 保育園 広報支援会社 -おすすめ -比較 -ランキング -求人 -まとめ
＜ 保育園 ・ 幼稚園 公募＞ヴォレアス 北海道 とマニュライフ生命が ...,https://voreas.co.jp/9349/,,,,北海道,北海道 幼稚園 保育園 広報支援会社 -おすすめ -比較 -ランキング -求人 -まとめ
PDFダウンロード,https://www.jp-holdings.co.jp/wordpress/wp-content/uploads/2021/09/20210902-4.pdf,,,,北海道,北海道 幼稚園 保育園 広報支援会社 -おすすめ -比較 -ランキング -求人 -まとめ
入学 募集 要項・カリキュラム,https://www.nkhs.ac.jp/ent/catalog/,,,,北海道,北海道 専門学校 学生募集 マーケティング -おすすめ -比較 -ランキング -求人 -まとめ
学生募集 支援,https://www.educe-ac.com/service/recruitment/,,,,北海道,北海道 専門学校 学生募集 マーケティング -おすすめ -比較 -ランキング -求人 -まとめ
バイオテクノロジー学科,https://www.hht.ac.jp/department/biotechnology/,,,,北海道,北海道 専門学校 学生募集 マーケティング -おすすめ -比較 -ランキング -求人 -まとめ
【プレスリリース】大学・ 専門学校 の 学生募集 の成否を決める「新 ...,https://magazine.gkb48.com/2025/02/04/release250318/,,,,北海道,北海道 専門学校 学生募集 マーケティング -おすすめ -比較 -ランキング -求人 -まとめ
三瓶 晃司,https://jp.linkedin.com/in/%E6%99%83%E5%8F%B8-%E4%B8%89%E7%93%B6-75376a202,,,,北海道,北海道 専門学校 学生募集 マーケティング -おすすめ -比較 -ランキング -求人 -まとめ
リテール マーケティング 検定の資格取得等を支援している教育機関 ...,https://www.hanbaishi.com/news/18287,,,,北海道,北海道 専門学校 学生募集 マーケティング -おすすめ -比較 -ランキング -求人 -まとめ
大学生・ 専門学生 も参加可能な マーケティング /SNS運用スキルを ...,https://activo.jp/college_students/marketing_sns_operation?page=37,,,,北海道,北海道 専門学校 学生募集 マーケティング -おすすめ -比較 -ランキング -求人 -まとめ
セミナー＆交流会「日本語 学校 における進路指導に求められる“ 専門 ...,https://www.access-t.co.jp/nx/edu/solution/information/seminar/g-20251212/,,,,北海道,北海道 専門学校 学生募集 マーケティング -おすすめ -比較 -ランキング -求人 -まとめ
全国の デジタル 実装事例,https://raida.go.jp/digitaldenen/cases/?field=%E6%96%87%E5%8C%96%E3%83%BB%E3%82%B9%E3%83%9D%E3%83%BC%E3%83%84&service=%E3%83%87%E3%82%B8%E3%82%BF%E3%83%AB%E3%83%9F%E3%83%A5%E3%83%BC%E3%82%B8%E3%82%A2%E3%83%A0,,,,北海道,北海道 博物館 美術館 デジタルプロモーション -おすすめ -比較 -ランキング -求人 -まとめ
博物館 – 北海道デジタルミュージアム,https://hokkaido-digital-museum.jp/tag/%E5%8D%9A%E7%89%A9%E9%A4%A8/,,,,北海道,北海道 博物館 美術館 デジタルプロモーション -おすすめ -比較 -ランキング -求人 -まとめ
令和元年 事例,https://www.bunka.go.jp/chiikitokyodo/jirei_r1.html,,,,北海道,北海道 博物館 美術館 デジタルプロモーション -おすすめ -比較 -ランキング -求人 -まとめ
併設のカフェレストランで学んだこと 〜奥津国道 美術館 訪問記 ...,https://www.waseda.co.jp/products_design/%E4%B8%8A%E5%B3%B6%E7%94%BA%E3%83%87%E3%82%B8%E3%82%BF%E3%83%AB%E3%82%A2%E3%83%BC%E3%82%AB%E3%82%A4%E3%83%96,,,,北海道,北海道 博物館 美術館 デジタルプロモーション -おすすめ -比較 -ランキング -求人 -まとめ
令和4年度アイヌ政策推進交付金交付決定について,https://www8.cao.go.jp/ainu/kouhyou/jigyou_keikaku/reiwa4/kouhyou1.pdf,,,,北海道,北海道 博物館 美術館 デジタルプロモーション -おすすめ -比較 -ランキング -求人 -まとめ
博物館 の外部ネットワークとビジネス・プロセス・イノベーション,https://www.jstage.jst.go.jp/article/jasmin/202211/0/202211_81/_pdf/-char/en,,,,北海道,北海道 博物館 美術館 デジタルプロモーション -おすすめ -比較 -ランキング -求人 -まとめ
生命の海科学館おうち ミュージアム （YouTubeチャンネル）,https://www.city.gamagori.lg.jp/site/kagakukan/web.html,,,,北海道,北海道 博物館 美術館 デジタルプロモーション -おすすめ -比較 -ランキング -求人 -まとめ
地域観光 施設 の公式LINE運用を通じた来場促進とCRM基盤の構築,https://lantern-inc.jp/casestudy/detail/salmonpark_crm,,,,北海道,北海道 レジャー施設 集客マーケティング -おすすめ -比較 -ランキング -求人 -まとめ
誘客・ 集客 を促進する 地域振興の活用実例！ 『 北海道 南幌町』,https://www.hyojito.co.jp/hyojitoletter/lp202305/,,,,北海道,北海道 レジャー施設 集客マーケティング -おすすめ -比較 -ランキング -求人 -まとめ
シーダースコミュニケーションズ株式会社,https://airwater-souen.jp/innovation/member/2f/cedars-communications.html,,,,北海道,北海道 レジャー施設 集客マーケティング -おすすめ -比較 -ランキング -求人 -まとめ
2025 北海道 の地域観光イノベーション,https://www.ccc.ne.jp/promotion/,,,,北海道,北海道 レジャー施設 集客マーケティング -おすすめ -比較 -ランキング -求人 -まとめ
地域売り込みツアー で宿泊客を増やそう,https://www.hkk.or.jp/kouhou/file/no603_report-2.pdf,,,,北海道,北海道 レジャー施設 集客マーケティング -おすすめ -比較 -ランキング -求人 -まとめ
北海道 新聞社とNEC 北海道 の活性化に向けた観光DXサービスの共同 ...,https://jpn.nec.com/press/202306/20230612_01.html,,,,北海道,北海道 レジャー施設 集客マーケティング -おすすめ -比較 -ランキング -求人 -まとめ
採択結果 ①観光地の販路拡  ・ マーケティング 強化 （デジタル ...,https://www.mlit.go.jp/kankocho/content/002009128.pdf,,,,北海道,北海道 レジャー施設 集客マーケティング -おすすめ -比較 -ランキング -求人 -まとめ
インバウンドの 集客 と売上増,https://www.atpress.ne.jp/releases/424804/att_424804_1.pdf,,,,北海道,北海道 レジャー施設 集客マーケティング -おすすめ -比較 -ランキング -求人 -まとめ
【積丹町】崖っぷち温泉の再生を目指し、ユニークなまちづくりの ...,https://kurashigoto.hokkaido.jp/report/20221103110000.php,,,,北海道,北海道 温浴施設 SNS集客支援 -おすすめ -比較 -ランキング -求人 -まとめ
大学生のアイデアも取り入れ新感覚の 温浴施設 をオープン連日200 ...,https://yorozu.smrj.go.jp/support/ibaragiyorozu_meismland/,,,,北海道,北海道 温浴施設 SNS集客支援 -おすすめ -比較 -ランキング -求人 -まとめ
温浴 業界の2024年を振り返る（1）,https://aqutpas.co.jp/2024-reflection-part1/,,,,北海道,北海道 温浴施設 SNS集客支援 -おすすめ -比較 -ランキング -求人 -まとめ
SERVICE,https://oneblow.jp/service,,,,北海道,北海道 温浴施設 SNS集客支援 -おすすめ -比較 -ランキング -求人 -まとめ
サービス,https://www.v-scope.co.jp/servise1/,,,,北海道,北海道 温浴施設 SNS集客支援 -おすすめ -比較 -ランキング -求人 -まとめ
ヨリソイの導入事例 アーカイブ,https://yado-riki.com/yorisoi/case/,,,,北海道,北海道 温浴施設 SNS集客支援 -おすすめ -比較 -ランキング -求人 -まとめ
運営 会社,https://res-star.com/corp,,,,北海道,北海道 飲食チェーン 販促支援会社 -おすすめ -比較 -ランキング -求人 -まとめ
飲食 店・食品のコンサルティング,https://www.chisakosyokudou.jp/consulting.html,,,,北海道,北海道 飲食チェーン 販促支援会社 -おすすめ -比較 -ランキング -求人 -まとめ
飲食 店企画、運営、指導 / 商業環境研究所,https://www.dreamgate.gr.jp/contents/case/company/31199,,,,北海道,北海道 飲食チェーン 販促支援会社 -おすすめ -比較 -ランキング -求人 -まとめ
飲食 店の 販促 ・集客事例,https://www.mansekifax.com/category/case/,,,,北海道,北海道 飲食チェーン 販促支援会社 -おすすめ -比較 -ランキング -求人 -まとめ
企業情報,https://www.kitchen-t.co.jp/company/,,,,北海道,北海道 飲食チェーン 販促支援会社 -おすすめ -比較 -ランキング -求人 -まとめ
株式 会社 ステップコミュニケーションズ,https://www.faaj.or.jp/adviser/%E6%A0%AA%E5%BC%8F%E4%BC%9A%E7%A4%BE%E3%82%B9%E3%83%86%E3%83%83%E3%83%97%E3%82%B3%E3%83%9F%E3%83%A5%E3%83%8B%E3%82%B1%E3%83%BC%E3%82%B7%E3%83%A7%E3%83%B3%E3%82%BA/,,,,北海道,北海道 飲食チェーン 販促支援会社 -おすすめ -比較 -ランキング -求人 -まとめ
事業案内 business,http://www.cs-consulting.co.jp/business/,,,,北海道,北海道 飲食チェーン 販促支援会社 -おすすめ -比較 -ランキング -求人 -まとめ
ß#m ‰mŽıÊ%/ôþV‰m 1!Ü©þa‰m,https://jmac-foods.com/app/wp-content/uploads/2023/07/%E5%A4%96%E9%A3%9F%E7%94%A3%E6%A5%AD-%E4%BA%8B%E6%A5%AD%E7%B6%99%E7%B6%9A%E7%B7%8A%E6%80%A5%E6%94%AF%E6%8F%B4%E5%AF%BE%E7%AD%96%E4%BA%8B%E6%A5%AD-1%E6%AC%A1%E8%A3%9C%E5%8A%A9%E5%AF%BE%E8%B1%A1%E4%BA%8B%E6%A5%AD%E8%80%85%E4%B8%80%E8%A6%A7.pdf,,,,北海道,北海道 飲食チェーン 販促支援会社 -おすすめ -比較 -ランキング -求人 -まとめ
会社案内,https://ingsystem.jp/about.html,,,,北海道,北海道 小売店舗 CRM 販促支援 -おすすめ -比較 -ランキング -求人 -まとめ
地域密着で認知度を高めて来店につなげたい,https://www.toyo-grp.co.jp/purpose/purpose_to_visit/,,,,北海道,北海道 小売店舗 CRM 販促支援 -おすすめ -比較 -ランキング -求人 -まとめ
北海道 ・札幌・富良野・倶知安でのマーケティング 支援 ならクウカン,https://kukanhokkaido.co.jp/marketing-solution/,,,,北海道,北海道 小売店舗 CRM 販促支援 -おすすめ -比較 -ランキング -求人 -まとめ
酒 小売 業向け CRM システム,https://northstarlab.co.jp/crm8/,,,,北海道,北海道 小売店舗 CRM 販促支援 -おすすめ -比較 -ランキング -求人 -まとめ
ビートレンド、 北海道 のスイーツ・パンの専門店『もりもと』の ...,https://www.betrend.com/news/20260714,,,,北海道,北海道 小売店舗 CRM 販促支援 -おすすめ -比較 -ランキング -求人 -まとめ
基幹業務ソリューション,https://www.scsk-hokkaido.co.jp/service-list/backoffice/,,,,北海道,北海道 小売店舗 CRM 販促支援 -おすすめ -比較 -ランキング -求人 -まとめ
会社概要・アクセス,https://darwinz.jp/about/profile,,,,北海道,北海道 小売店舗 CRM 販促支援 -おすすめ -比較 -ランキング -求人 -まとめ
流通・サービス,https://www.scsk.jp/product/business/business04.html,,,,北海道,北海道 小売店舗 CRM 販促支援 -おすすめ -比較 -ランキング -求人 -まとめ
株式 会社 活里 オンライン事業コンサル,https://yume-sapo.jp/2025/11/11/post-217/,,,,北海道,北海道 健康食品 デジタルマーケティング会社 -おすすめ -比較 -ランキング -求人 -まとめ
株式 会社 三海幸,https://hamon-z.com/solution/sankaikou/,,,,北海道,北海道 健康食品 デジタルマーケティング会社 -おすすめ -比較 -ランキング -求人 -まとめ
(株) 北海道 霊芝様のコーポレートサイトをフルリニューアル,https://www.digital-farm.com/jirei/8567,,,,北海道,北海道 健康食品 デジタルマーケティング会社 -おすすめ -比較 -ランキング -求人 -まとめ
売上より利益を重視する 北の達人コーポレーションの経営戦略とは,https://www.sendenkaigi.com/marketing/media/hansokukaigi/022957/,,,,北海道,北海道 健康食品 デジタルマーケティング会社 -おすすめ -比較 -ランキング -求人 -まとめ
ヘルスケア・ビジネスナレッジ,https://www.healthcarebiz.jp/,,,,北海道,北海道 健康食品 デジタルマーケティング会社 -おすすめ -比較 -ランキング -求人 -まとめ
デジタルマーケティング,https://www.cn-door.com/service/marketing/,,,,北海道,北海道 健康食品 デジタルマーケティング会社 -おすすめ -比較 -ランキング -求人 -まとめ
20代の58.0％が 健康 維持に向けた投資に意欲あり,https://corp.neo-m.jp/report/investigation/healthcare_040/,,,,北海道,北海道 健康食品 デジタルマーケティング会社 -おすすめ -比較 -ランキング -求人 -まとめ
〈 北海道 札幌市〉株式 会社 北の達人コーポレーション,https://app.vachanavi.com/articles/kitanotatsujincorporation-02,,,,北海道,北海道 健康食品 デジタルマーケティング会社 -おすすめ -比較 -ランキング -求人 -まとめ
地域 活性化 支援 事業,https://www.i-cept.jp/service/local/,,,,北海道,北海道 地域サービス業 Web集客支援 -おすすめ -比較 -ランキング -求人 -まとめ
ツリーズコンサルティングについて,https://treesconsulting.jp/about/,,,,北海道,北海道 地域サービス業 Web集客支援 -おすすめ -比較 -ランキング -求人 -まとめ
会社情報,https://webtribe.co.jp/about/,,,,北海道,北海道 地域サービス業 Web集客支援 -おすすめ -比較 -ランキング -求人 -まとめ
私たちについて,https://suzulabo.co.jp/about/,,,,北海道,北海道 地域サービス業 Web集客支援 -おすすめ -比較 -ランキング -求人 -まとめ
オンライン無料相談,https://www.ab-net.co.jp/consultation/,,,,北海道,北海道 地域サービス業 Web集客支援 -おすすめ -比較 -ランキング -求人 -まとめ
会社概要,https://slime-work.com/aboutus/,,,,北海道,北海道 地域サービス業 Web集客支援 -おすすめ -比較 -ランキング -求人 -まとめ
代表者からの挨拶,https://yoshikazunomori-hachinohe.co.jp/greeting/,,,,青森県,青森県 リフォーム会社 集客マーケティング支援 -おすすめ -比較 -ランキング -求人 -まとめ
11月オンラインサロン リフォーム 営業マンのカンニングペーパー ...,https://jhdrc-membership.org/?cn=100208,,,,青森県,青森県 リフォーム会社 集客マーケティング支援 -おすすめ -比較 -ランキング -求人 -まとめ
"Webマーケティング,採用支援,広告企画,Web制作 ...",https://zais.co.jp/works/%E6%9D%B1%E5%8C%97%E5%BB%BA%E8%A8%AD%E3%82%B3%E3%83%BC%E3%83%9D%E3%83%AC%E3%83%BC%E3%83%88%E3%82%B5%E3%82%A4%E3%83%88/,,,,青森県,青森県 建設会社 採用マーケティング支援 -おすすめ -比較 -ランキング -求人 -まとめ
【SNS広報】建設業にとどまらない 建設会社 の魅力を発信する広報 ...,https://www.project-index.jp/intern/26707,,,,青森県,青森県 建設会社 採用マーケティング支援 -おすすめ -比較 -ランキング -求人 -まとめ
SNS マーケティング,https://docodoor.co.jp/snsmarketing/,,,,青森県,青森県 建設会社 採用マーケティング支援 -おすすめ -比較 -ランキング -求人 -まとめ
青森県 でICT施工に強みを持つ佐藤 建設 工業が「direct」活用,https://l-is-b.com/ja/news/20241001_19416/,,,,青森県,青森県 建設会社 採用マーケティング支援 -おすすめ -比較 -ランキング -求人 -まとめ
プライバシーポリシー,https://naconst.com/privacy-policy/,,,,青森県,青森県 建設会社 採用マーケティング支援 -おすすめ -比較 -ランキング -求人 -まとめ
(株)サイトーホームの前年度 採用 データ,https://job.mynavi.jp/28/pc/corpinfo/displayPrevEmployment/index/?corpId=212999&recruitingCourseId=27067400&site_preference=pc,,,,青森県,青森県 建設会社 採用マーケティング支援 -おすすめ -比較 -ランキング -求人 -まとめ
株式会社レック,https://baseconnect.in/companies/f0b129e3-92b8-4556-9452-2c6ea18cb1cb,,,,青森県,青森県 家具 インテリア 販促マーケティング -おすすめ -比較 -ランキング -求人 -まとめ
希望業種' 家具 ・家電・日用品・消費財'×希望地域'三重県'の会社売却 ...,https://batonz.jp/buyer_needs/bk_1600000/pref_28,,,,青森県,青森県 家具 インテリア 販促マーケティング -おすすめ -比較 -ランキング -求人 -まとめ
野土谷 諒,https://www.eidell.co.jp/staff/notoya.html,,,,青森県,青森県 幼稚園 保育園 広報支援会社 -おすすめ -比較 -ランキング -求人 -まとめ
組織及び活動,https://aomoriken-hoikurengoukai.jp/gaiyou/soshiki/,,,,青森県,青森県 幼稚園 保育園 広報支援会社 -おすすめ -比較 -ランキング -求人 -まとめ
美野原 保育園 が防火 広報 活動を実施,"https://www.city.misawa.lg.jp/index.cfm/1,29857,3,500,html",,,,青森県,青森県 幼稚園 保育園 広報支援会社 -おすすめ -比較 -ランキング -求人 -まとめ
就職状況,https://jc.hachinohe-u.ac.jp/career/situation/,,,,青森県,青森県 幼稚園 保育園 広報支援会社 -おすすめ -比較 -ランキング -求人 -まとめ
福祉の概要,https://www.city.mutsu.lg.jp/kurashi/fukushi/files/R05hukusinogaiyou.pdf,,,,青森県,青森県 幼稚園 保育園 広報支援会社 -おすすめ -比較 -ランキング -求人 -まとめ
広報 あおもり令和8年7月号PDF版,https://www.city.aomori.aomori.jp/shisei/kouhou/1006796/1010340/1010928.html,,,,青森県,青森県 幼稚園 保育園 広報支援会社 -おすすめ -比較 -ランキング -求人 -まとめ
広報,https://www.town.takko.lg.jp/_resources/content/4489/l2017_12.pdf,,,,青森県,青森県 幼稚園 保育園 広報支援会社 -おすすめ -比較 -ランキング -求人 -まとめ
募集マーケティング 教室_申込ページ,https://rmarketing.hp.peraichi.com/,,,,青森県,青森県 専門学校 学生募集 マーケティング -おすすめ -比較 -ランキング -求人 -まとめ
【 大学生 等からのビジネスプラン 募集 ！】 青森 発！台湾との連携 ...,https://business-plan-contest.com/contest48/,,,,青森県,青森県 専門学校 学生募集 マーケティング -おすすめ -比較 -ランキング -求人 -まとめ
「あおもりグローバルアカデミー2025」受講者を 募集 し ...,https://www.pref.aomori.lg.jp/release/files/2025/78528.pdf,,,,青森県,青森県 専門学校 学生募集 マーケティング -おすすめ -比較 -ランキング -求人 -まとめ
資格取得,https://www.mbc.ac.jp/career/license/,,,,青森県,青森県 専門学校 学生募集 マーケティング -おすすめ -比較 -ランキング -求人 -まとめ
INTERNSHIP 大学生 インターンシップ 募集,https://asuka-mirai.recruitment.jp/internship/,,,,青森県,青森県 専門学校 学生募集 マーケティング -おすすめ -比較 -ランキング -求人 -まとめ
学生募集 要項,https://www.kyoto-econ.ac.jp/download/2026-youkou.pdf,,,,青森県,青森県 専門学校 学生募集 マーケティング -おすすめ -比較 -ランキング -求人 -まとめ
青森 公立大学,https://all-aomori.com/allaomori-pamphlet.pdf,,,,青森県,青森県 専門学校 学生募集 マーケティング -おすすめ -比較 -ランキング -求人 -まとめ
弘前実業高校で商業科・情報処理科科目「 マーケティング ...,https://www.aomoricgu.ac.jp/news/g_tp_20241101_1,,,,青森県,青森県 専門学校 学生募集 マーケティング -おすすめ -比較 -ランキング -求人 -まとめ
いいかも！！弘前 ～弘前シティ プロモーション サイト～,https://www.city.hirosaki.aomori.jp/city_promotion/culture_list_16.html,,,,青森県,青森県 博物館 美術館 デジタルプロモーション -おすすめ -比較 -ランキング -求人 -まとめ
【終了しました】令和6年度 海外コレクションプロモート調査等業務 ...,https://www.aomori-museum.jp/article/15103/,,,,青森県,青森県 博物館 美術館 デジタルプロモーション -おすすめ -比較 -ランキング -求人 -まとめ
館種・設置者別主な実績紹介,https://www.totalmedia.co.jp/p_center_list/,,,,青森県,青森県 博物館 美術館 デジタルプロモーション -おすすめ -比較 -ランキング -求人 -まとめ
《弘前れんが倉庫 美術館 》田根剛建築で酒造りから文化の発信地へ,https://discoverjapan-web.com/article/26747,,,,青森県,青森県 博物館 美術館 デジタルプロモーション -おすすめ -比較 -ランキング -求人 -まとめ
デジタル 田園都市国家構想交付金（地方創生推進タイプ(先駆型,https://www.chisou.go.jp/sousei/about/kouhukin/senku/pdf/r6-suishin1_tousho.pdf,,,,青森県,青森県 博物館 美術館 デジタルプロモーション -おすすめ -比較 -ランキング -求人 -まとめ
－ － 224,https://www.nich.go.jp/wp-content/uploads/2024/06/2023_jikotenken03-6.pdf,,,,青森県,青森県 博物館 美術館 デジタルプロモーション -おすすめ -比較 -ランキング -求人 -まとめ
河原木徹,https://rpi.co.jp/793/793/,,,,青森県,青森県 レジャー施設 集客マーケティング -おすすめ -比較 -ランキング -求人 -まとめ
星野リゾート 代表 星野佳路氏,https://www.sogo-unicom.co.jp/lid/n202603/p01/,,,,青森県,青森県 レジャー施設 集客マーケティング -おすすめ -比較 -ランキング -求人 -まとめ
オリックス水族館株式会社様,https://service.digital.panasonic.co.jp/case/193,,,,青森県,青森県 レジャー施設 集客マーケティング -おすすめ -比較 -ランキング -求人 -まとめ
集客 とリテンションを向上させる！ウェブゲーム開発の魅力に迫る,https://d-connecting.jp/game2/lp7/d8bdb813-29a8-4e6f-a6f5-3cd5aaf60745,,,,青森県,青森県 レジャー施設 集客マーケティング -おすすめ -比較 -ランキング -求人 -まとめ
講師,https://marc.college/instructor/,,,,青森県,青森県 レジャー施設 集客マーケティング -おすすめ -比較 -ランキング -求人 -まとめ
プロモーションアドバイザーの概要,https://economy.clair.or.jp/wp-content/uploads/2025/03/da7077b303dc3e54f87c37d0a9e1b8bd-1.pdf,,,,青森県,青森県 温浴施設 SNS集客支援 -おすすめ -比較 -ランキング -求人 -まとめ
HP・ SNS 運用で 集客 を 支援 するITコンサルタント 森和吉,https://mbp-japan.com/tokyo/yoshikazunomori/interview/,,,,青森県,青森県 温浴施設 SNS集客支援 -おすすめ -比較 -ランキング -求人 -まとめ
会員登録名 住所 業種 PR HPアドレス 岐阜県 ...,https://go-centraljapan.jp/ja/service/doc/prlist240104.pdf,,,,青森県,青森県 温浴施設 SNS集客支援 -おすすめ -比較 -ランキング -求人 -まとめ
近年の農泊先進地で 見られる傾向と対策Ⅱ,https://www.pref.akita.lg.jp/uploads/public/archive_0000080231_00/%E4%BB%A4%E5%92%8C%EF%BC%95%E5%B9%B4%E5%BA%A6%E7%AC%AC%EF%BC%91%E5%9B%9E%E7%9B%AE/%E8%B3%87%E6%96%99%EF%BC%94%E2%91%A1%E8%BF%91%E5%B9%B4%E3%81%AE%E8%BE%B2%E6%B3%8A%E5%85%88%E9%80%B2%E5%9C%B0%E3%81%A7%E8%A6%8B%E3%82%89%E3%82%8C%E3%82%8B%E5%82%BE%E5%90%91%E3%81%A8%E5%AF%BE%E7%AD%96.pdf,,,,青森県,青森県 温浴施設 SNS集客支援 -おすすめ -比較 -ランキング -求人 -まとめ
持ち直しの動きに足踏みがみられる生活衛生関係営業の景況,https://www.jfc.go.jp/n/findings/pdf/seikatsu2024_1029a.pdf,,,,青森県,青森県 温浴施設 SNS集客支援 -おすすめ -比較 -ランキング -求人 -まとめ
オムライス店フリーネーム型FC加盟プラン,https://www.birutua.jp/fc/02/,,,,青森県,青森県 飲食チェーン 販促支援会社 -おすすめ -比較 -ランキング -求人 -まとめ
逆境に強い大阪王将のフランチャイズ,https://osakaohsho-fc.com/,,,,青森県,青森県 飲食チェーン 販促支援会社 -おすすめ -比較 -ランキング -求人 -まとめ
コンサルタント 沼澤 裕,https://exwill.jp/partner/konsarutanto/numazawayutaka,,,,青森県,青森県 飲食チェーン 販促支援会社 -おすすめ -比較 -ランキング -求人 -まとめ
販促 ・販路拡大：アドバイザー検索,https://musashikoyama-sc.jp/adsearch/?category=20,,,,青森県,青森県 飲食チェーン 販促支援会社 -おすすめ -比較 -ランキング -求人 -まとめ
ベジマチ,https://vegemach.alic.go.jp/search_desired_product/,,,,青森県,青森県 飲食チェーン 販促支援会社 -おすすめ -比較 -ランキング -求人 -まとめ
All Gather CRM,https://www.solid-adv.co.jp/product/agcrm/,,,,青森県,青森県 小売店舗 CRM 販促支援 -おすすめ -比較 -ランキング -求人 -まとめ
通販での顧客管理システム Simplex（シンプレックス）,https://simplex.jp/,,,,青森県,青森県 小売店舗 CRM 販促支援 -おすすめ -比較 -ランキング -求人 -まとめ
ASCII.jp：どの年代もキャッシュレス決済でお得に買い物 青森県 の ...,https://ascii.jp/elem/000/001/958/1958414/,,,,青森県,青森県 小売店舗 CRM 販促支援 -おすすめ -比較 -ランキング -求人 -まとめ
支援 実績紹介,https://www.itc-expert.jp/suppor-tachievement/,,,,青森県,青森県 小売店舗 CRM 販促支援 -おすすめ -比較 -ランキング -求人 -まとめ
中期経営計画,https://www.beauty-kadan.co.jp/ir/pdf/202506_202706_plan.pdf,,,,青森県,青森県 小売店舗 CRM 販促支援 -おすすめ -比較 -ランキング -求人 -まとめ
コンシェルジュへの相談フォーム,https://dxpo.jp/u/fox/concierge/index,,,,青森県,青森県 小売店舗 CRM 販促支援 -おすすめ -比較 -ランキング -求人 -まとめ
第2期 津久見市観光戦略,https://www.city.tsukumi.oita.jp/uploaded/life/21381_45462_misc.pdf,,,,青森県,青森県 小売店舗 CRM 販促支援 -おすすめ -比較 -ランキング -求人 -まとめ
プロテオグリカン MOT・ビジネス化講習会のご案内,https://www.towada.or.jp/20140926PGBizSeminar.pdf,,,,青森県,青森県 健康食品 デジタルマーケティング会社 -おすすめ -比較 -ランキング -求人 -まとめ
"WEBマーケティング・ デジタルマーケティング ,買収予算:〜1000万円",https://www.tranbi.com/buy/list/division_price_lower/79/10000000/?page=2,,,,青森県,青森県 健康食品 デジタルマーケティング会社 -おすすめ -比較 -ランキング -求人 -まとめ
青森県 総合情報サイト,https://www.aomorishokoren.or.jp/sp/other/expert.html,,,,青森県,青森県 健康食品 デジタルマーケティング会社 -おすすめ -比較 -ランキング -求人 -まとめ
青森 でホームページ制作をお考えの方へ：補助金情報とSEO対策の ...,https://arte.aomori.jp/column/20240725/,,,,青森県,青森県 地域サービス業 Web集客支援 -おすすめ -比較 -ランキング -求人 -まとめ
地域 で広がる実践的 Web集客支援 の輪,https://bansou-for.com/marketing202510/,,,,青森県,青森県 地域サービス業 Web集客支援 -おすすめ -比較 -ランキング -求人 -まとめ
令和元年度補正予算 小規模事業者持続化補助金＜一般型＞（第3回 ...,https://r1.jizokukahojokin.info/saitaku/doc/r1i_3_touhoku.pdf,,,,青森県,青森県 地域サービス業 Web集客支援 -おすすめ -比較 -ランキング -求人 -まとめ
WEB集客 ・反響 支援サービス,https://www.rebc.jp/plan/lead_service,,,,青森県,青森県 地域サービス業 Web集客支援 -おすすめ -比較 -ランキング -求人 -まとめ
地方副業案件,https://talent.direct.hipro-job.jp/talent/issue/13755/,,,,青森県,青森県 地域サービス業 Web集客支援 -おすすめ -比較 -ランキング -求人 -まとめ
1～10名 アーカイブ,https://www.gotta-ride.com/works_worker/worker1-10/page/2,,,,岩手県,岩手県 リフォーム会社 集客マーケティング支援 -おすすめ -比較 -ランキング -求人 -まとめ
有限 会社 東北物産/smile base,https://jobnavi-hanamaki.jp/corporate/index.php?p=39,,,,岩手県,岩手県 リフォーム会社 集客マーケティング支援 -おすすめ -比較 -ランキング -求人 -まとめ
専門家登録者名簿,https://www.bic-akita.or.jp/uploads/File/%E5%B0%82%E9%96%80%E5%AE%B6%E6%B4%BE%E9%81%A3/310301%E5%85%AC%E9%96%8B%E7%94%A8%E5%90%8D%E7%B0%BF.pdf,,,,岩手県,岩手県 建設会社 採用マーケティング支援 -おすすめ -比較 -ランキング -求人 -まとめ
小田島組が目指す未来の 建設 業経営 小田島組,https://review.tanabeconsulting.co.jp/studygroupreport/environment/38494/,,,,岩手県,岩手県 建設会社 採用マーケティング支援 -おすすめ -比較 -ランキング -求人 -まとめ
建設 研修センター（ 岩手県 盛岡市） 時 間 項 目,https://www.thr.mlit.go.jp/bumon/kisya/kisyah/images/16085_3_betten2.pdf,,,,岩手県,岩手県 建設会社 採用マーケティング支援 -おすすめ -比較 -ランキング -求人 -まとめ
いわけんブログ,https://www.iwaken.or.jp/info/2007/09/,,,,岩手県,岩手県 建設会社 採用マーケティング支援 -おすすめ -比較 -ランキング -求人 -まとめ
TOHOKU DX大賞事例集,https://www.tohoku.meti.go.jp/s_joho/dx_taisyo/dx_tai.html,,,,岩手県,岩手県 建設会社 採用マーケティング支援 -おすすめ -比較 -ランキング -求人 -まとめ
Works 動画を使用したWebサイトのプロジェクト実績,https://alive-web.co.jp/workscat/movie/,,,,岩手県,岩手県 家具 インテリア 販促マーケティング -おすすめ -比較 -ランキング -求人 -まとめ
ALPS処理水の処分に関する 安全対策・風評対策の最近の動向,https://www.meti.go.jp/earthquake/nuclear/hairo_osensui/pdf/2603.pdf,,,,岩手県,岩手県 家具 インテリア 販促マーケティング -おすすめ -比較 -ランキング -求人 -まとめ
【支援事例③】代表者交代の節目にCOO代行サービスを活用！経営 ...,https://days-consulting.com/topics/%E3%80%90%E6%94%AF%E6%8F%B4%E4%BA%8B%E4%BE%8B%E2%91%A2%E3%80%91%E7%B5%8C%E5%96%B6%E8%80%85%E4%BA%A4%E4%BB%A3%E3%81%AE%E7%AF%80%E7%9B%AE%E3%81%ABcoo%E4%BB%A3%E8%A1%8C%E3%82%B5%E3%83%BC%E3%83%93/,,,,岩手県,岩手県 家具 インテリア 販促マーケティング -おすすめ -比較 -ランキング -求人 -まとめ
会員登録,https://stanza-i.net/regist.php,,,,岩手県,岩手県 家具 インテリア 販促マーケティング -おすすめ -比較 -ランキング -求人 -まとめ
特定子ども・子育て 支援 施設等の公示について,https://www.city.morioka.iwate.jp/kosodate/kodomo_azukeru/1028703.html,,,,岩手県,岩手県 幼稚園 保育園 広報支援会社 -おすすめ -比較 -ランキング -求人 -まとめ
保育 AI・写真・ICTで選ばれる園づくりを 支援 【ルクミー】,https://lookmee.jp/,,,,岩手県,岩手県 幼稚園 保育園 広報支援会社 -おすすめ -比較 -ランキング -求人 -まとめ
自 己 点 検 表,https://sendai-shirayuri.ac.jp/pdf/members/2-10_kodomo_gyoseki2025.pdf,,,,岩手県,岩手県 幼稚園 保育園 広報支援会社 -おすすめ -比較 -ランキング -求人 -まとめ
認定こども園 岩手 中央 幼稚園 ・ 保育園,https://otag.jp/iwateofficial/,,,,岩手県,岩手県 幼稚園 保育園 広報支援会社 -おすすめ -比較 -ランキング -求人 -まとめ
保育 所・認定こども園・ 幼稚園 などの利用についてのご案内,https://www.city.oshu.iwate.jp/soshiki/9/1066/10803.html,,,,岩手県,岩手県 幼稚園 保育園 広報支援会社 -おすすめ -比較 -ランキング -求人 -まとめ
令和8年度 保育 所・認定こども園・ 幼稚園 利用申込のご案内,"https://www.city.tono.iwate.jp/index.cfm/47,45653,284,html",,,,岩手県,岩手県 幼稚園 保育園 広報支援会社 -おすすめ -比較 -ランキング -求人 -まとめ
子育てのための施設等利用給付について,https://www.city.kuji.lg.jp/soshiki/kosodatesedaihokatsushien/1/9/2777.html,,,,岩手県,岩手県 幼稚園 保育園 広報支援会社 -おすすめ -比較 -ランキング -求人 -まとめ
募集 学科・入試日程・出願方法,https://morijyobi.ac.jp/apply/,,,,岩手県,岩手県 専門学校 学生募集 マーケティング -おすすめ -比較 -ランキング -求人 -まとめ
宮城大学×佛教大学× 岩手県立 大学が登壇！無料ウェビナー開催,https://lifemap.jp/news/1039/,,,,岩手県,岩手県 専門学校 学生募集 マーケティング -おすすめ -比較 -ランキング -求人 -まとめ
学校法人吉田学園吉田学園 専門学校 グループ,https://yumemiraijapan.jp/schools,,,,岩手県,岩手県 専門学校 学生募集 マーケティング -おすすめ -比較 -ランキング -求人 -まとめ
岩手県立 農業大学校の 機能強化に向けた 基本構想,https://www.pref.iwate.jp/agri/_res/projects/project_agri/_page_/002/012/227/nodaikihonkousou.pdf,,,,岩手県,岩手県 専門学校 学生募集 マーケティング -おすすめ -比較 -ランキング -求人 -まとめ
総合ビジネス科,https://moricolle.ac.jp/course_business/,,,,岩手県,岩手県 専門学校 学生募集 マーケティング -おすすめ -比較 -ランキング -求人 -まとめ
柚木沙弥郎 永遠のいま＜終了しました,https://www.nhk-p.co.jp/2024/09/17/%E6%9F%9A%E6%9C%A8%E6%B2%99%E5%BC%A5%E9%83%8E%E3%80%80%E6%B0%B8%E9%81%A0%E3%81%AE%E3%81%84%E3%81%BE/,,,,岩手県,岩手県 博物館 美術館 デジタルプロモーション -おすすめ -比較 -ランキング -求人 -まとめ
私の 美術館 体験記募集 画像投稿フォーム,https://www.jb-honshi.co.jp/jb_form/webforms/mu_gazou,,,,岩手県,岩手県 博物館 美術館 デジタルプロモーション -おすすめ -比較 -ランキング -求人 -まとめ
公益財団法人 岩手県 文化振興事業団第32回理事会議事録 1 開催 ...,https://www.iwate-bunshin.jp/cms/wp-content/uploads/2024/02/h28giji-32.pdf,,,,岩手県,岩手県 博物館 美術館 デジタルプロモーション -おすすめ -比較 -ランキング -求人 -まとめ
OPAC,https://opac.jp.net/dl/wwNRlR52Ck8au1CehF44h3WvBne?free_word=%E5%A4%8F%E3%81%AE%E6%B5%B7,,,,岩手県,岩手県 博物館 美術館 デジタルプロモーション -おすすめ -比較 -ランキング -求人 -まとめ
観光写真ダウンロード,https://iwatetabi.jp/downloadimage/,,,,岩手県,岩手県 博物館 美術館 デジタルプロモーション -おすすめ -比較 -ランキング -求人 -まとめ
観光DX推進緊急対策事業,https://kanko-dx.go.jp/wp-content/uploads/2025/10/seikahokokusho_earthhopper_2022.pdf,,,,岩手県,岩手県 レジャー施設 集客マーケティング -おすすめ -比較 -ランキング -求人 -まとめ
内発的発展による 岩手県 沿岸地域のインバウンド交流人口拡大事業,https://www.reconstruction.go.jp/portal/sangyou_nariwai/exchange/11hanyousei_kyouyuu.pdf,,,,岩手県,岩手県 レジャー施設 集客マーケティング -おすすめ -比較 -ランキング -求人 -まとめ
【第3回】「サウナの魅力を最大限に活用した 集客 方法」,https://www.autocamp.or.jp/post-17193/,,,,岩手県,岩手県 温浴施設 SNS集客支援 -おすすめ -比較 -ランキング -求人 -まとめ
ゆぶねで かす   の温 援プロジェクト,https://kikkake-carrier.com/wp-content/uploads/2024/12/0c7724b14822a9730396b9e71f524379.pdf,,,,岩手県,岩手県 温浴施設 SNS集客支援 -おすすめ -比較 -ランキング -求人 -まとめ
会社情報,https://www.yadoken.net/company,,,,岩手県,岩手県 温浴施設 SNS集客支援 -おすすめ -比較 -ランキング -求人 -まとめ
【Google口コミ最高評価】プライベートサウナ 施設 を譲渡します,https://ma-navigator.com/projects/3681102025,,,,岩手県,岩手県 温浴施設 SNS集客支援 -おすすめ -比較 -ランキング -求人 -まとめ
令和2年度補正予算 小規模事業者持続化補助金＜コロナ特別対応型 ...,https://jizokukahojokin.info/doc/r2c_5_touhoku.pdf,,,,岩手県,岩手県 飲食チェーン 販促支援会社 -おすすめ -比較 -ランキング -求人 -まとめ
事後評価検証シート,https://www.city.ofunato.iwate.jp/uploads/contents/archive_0000001198_00/31480.pdf,,,,岩手県,岩手県 小売店舗 CRM 販促支援 -おすすめ -比較 -ランキング -求人 -まとめ
持続可能なDMOとは？ ～地域の先進事例から～ 「DMO経営」を ...,https://jrc.jalan.net/wp-content/uploads/2023/seminar2023/onlineseminar/day4/onlineseminar2023_day4_01_mori_.pdf,,,,岩手県,岩手県 小売店舗 CRM 販促支援 -おすすめ -比較 -ランキング -求人 -まとめ
ドリームゲートは経済産業省後援で2003年に発足した起業 支援 ...,https://profile.dreamgate.gr.jp/pr_user_advisor_search/online_link_search?state_id=3,,,,岩手県,岩手県 小売店舗 CRM 販促支援 -おすすめ -比較 -ランキング -求人 -まとめ
店舗 運営,http://35.75.175.198/search?q%5Bend_date%5D=&q%5Bevent_style_1%5D=1&q%5Bevent_style_2%5D=1&q%5Bfree_only%5D=&q%5Bkeyword%5D=%E5%BA%97%E8%88%97%E9%81%8B%E5%96%B6&q%5Border%5D=3&q%5Bsearch_type_or%5D=&q%5Bstart_date%5D=2024%2F07%2F15,,,,岩手県,岩手県 小売店舗 CRM 販促支援 -おすすめ -比較 -ランキング -求人 -まとめ
LOCAL GROWTH CONSORTIUMトークセッション,https://local-gc.jp/local-growth-consortiumts/,,,,岩手県,岩手県 健康食品 デジタルマーケティング会社 -おすすめ -比較 -ランキング -求人 -まとめ
岩手県 県南広域振興局『令和8年度岩手県南中小企業製造業等DX ...,https://www.abeyasu.co.jp/category/news/,,,,岩手県,岩手県 健康食品 デジタルマーケティング会社 -おすすめ -比較 -ランキング -求人 -まとめ
地域活性化起業人制度の協定締結（ソウルドアウト）,https://www.hakuhodody-holdings.co.jp/csr/ir/online/2023/04/entrepreneur.html,,,,岩手県,岩手県 健康食品 デジタルマーケティング会社 -おすすめ -比較 -ランキング -求人 -まとめ
コーディネーター紹介,https://yorozu-iwate.go.jp/coordinators/,,,,岩手県,岩手県 地域サービス業 Web集客支援 -おすすめ -比較 -ランキング -求人 -まとめ
盛岡市のホームページ制作,https://beak-promo.jp/solution/web/area/morioka/,,,,岩手県,岩手県 地域サービス業 Web集客支援 -おすすめ -比較 -ランキング -求人 -まとめ
岩手県 の SEOコンサルティング,https://flapnext.com/solution/seo-consulting/area/tohoku/iwate/,,,,岩手県,岩手県 地域サービス業 Web集客支援 -おすすめ -比較 -ランキング -求人 -まとめ
会社概要,https://thkrc.co.jp/about/,,,,岩手県,岩手県 地域サービス業 Web集客支援 -おすすめ -比較 -ランキング -求人 -まとめ
集客 に苦労しない、工務店をつくる。  工務店コンサルティング合同 ...,https://koumutenconsul.com/,,,,宮城県,宮城県 リフォーム会社 集客マーケティング支援 -おすすめ -比較 -ランキング -求人 -まとめ
元請け案件の新規受注が増加【 宮城県 大崎市】,https://reanuts.co.jp/archives/1519,,,,宮城県,宮城県 リフォーム会社 集客マーケティング支援 -おすすめ -比較 -ランキング -求人 -まとめ
第2回 リフォーム 評価ナビ情報セミナーのご案内,https://www.mkj.or.jp/archives/11386,,,,宮城県,宮城県 リフォーム会社 集客マーケティング支援 -おすすめ -比較 -ランキング -求人 -まとめ
お知らせ – 仙台・ 宮城 の広告・AI等を強みとする マーケティング ...,https://www.ichico.co.jp/news/?year=2015,,,,宮城県,宮城県 建設会社 採用マーケティング支援 -おすすめ -比較 -ランキング -求人 -まとめ
建設 業に係る経営講習会,https://www.zao.miyagi-fsci.or.jp/assets/2024kensetsu.pdf,,,,宮城県,宮城県 建設会社 採用マーケティング支援 -おすすめ -比較 -ランキング -求人 -まとめ
関連企業・スポンサー,https://fukamatsugumi.co.jp/company/sponsor/,,,,宮城県,宮城県 建設会社 採用マーケティング支援 -おすすめ -比較 -ランキング -求人 -まとめ
経済商工観光委員会の活動状況（H28年11月25日～）,https://www.pref.miyagi.jp/site/kengikai/keizai-katsudou-2811.html,,,,宮城県,宮城県 建設会社 採用マーケティング支援 -おすすめ -比較 -ランキング -求人 -まとめ
【正社員 営業職】デジタルサイネージ提案や空間デザイン（勤務地,https://www.proteras.co.jp/recruit/post1968/,,,,宮城県,宮城県 建設会社 採用マーケティング支援 -おすすめ -比較 -ランキング -求人 -まとめ
【 販促 企画】収納用品・ インテリア などの マーケティング ...,https://ats-entry.hito-link.jp/sites/irisohyama/matter/matters/101291,,,,宮城県,宮城県 家具 インテリア 販促マーケティング -おすすめ -比較 -ランキング -求人 -まとめ
Service,https://www.kanbeeintel-inc.com/service,,,,宮城県,宮城県 家具 インテリア 販促マーケティング -おすすめ -比較 -ランキング -求人 -まとめ
アルテスペースが浅草から挑む日本のものづくり販売支援,https://houdou.jp/special/3628/,,,,宮城県,宮城県 家具 インテリア 販促マーケティング -おすすめ -比較 -ランキング -求人 -まとめ
文殊の知恵,https://www.mutsucci.or.jp/wp-content/uploads/tourism_consultation_2024.pdf,,,,宮城県,宮城県 家具 インテリア 販促マーケティング -おすすめ -比較 -ランキング -求人 -まとめ
ら,https://www.irisohyama.co.jp/led/houjin/catalog_irisgroup_cg.pdf,,,,宮城県,宮城県 家具 インテリア 販促マーケティング -おすすめ -比較 -ランキング -求人 -まとめ
金融経済教育研究校,https://shiruporuto-miyagi.jp/school,,,,宮城県,宮城県 幼稚園 保育園 広報支援会社 -おすすめ -比較 -ランキング -求人 -まとめ
プラスとベネフィット・ワンが連携 幼稚園 ・ 保育園 へ福利厚生 ...,https://www.plus.co.jp/news/201907/003749/,,,,宮城県,宮城県 幼稚園 保育園 広報支援会社 -おすすめ -比較 -ランキング -求人 -まとめ
参 加 企 業 一 覧,https://www.city.yamagata-yamagata.lg.jp/_res/projects/default_project/_page_/001/018/870/r08_shigotohaku_kigyouichiran_pdf.pdf,,,,宮城県,宮城県 幼稚園 保育園 広報支援会社 -おすすめ -比較 -ランキング -求人 -まとめ
オープンキャンパス,https://miyagibunka.ac.jp/open-campus/,,,,宮城県,宮城県 専門学校 学生募集 マーケティング -おすすめ -比較 -ランキング -求人 -まとめ
様式2－1－3,https://www.niad.ac.jp/media-download/8097/dacbcfa53da75314/,,,,宮城県,宮城県 専門学校 学生募集 マーケティング -おすすめ -比較 -ランキング -求人 -まとめ
応用情報システム科,https://das.ac.jp/subject/is/,,,,宮城県,宮城県 専門学校 学生募集 マーケティング -おすすめ -比較 -ランキング -求人 -まとめ
プライバシーポリシー,https://senreha.ac.jp/privacypolicy/,,,,宮城県,宮城県 専門学校 学生募集 マーケティング -おすすめ -比較 -ランキング -求人 -まとめ
事業プランニング学類の 学生 ら10名が7月,https://www.myu.ac.jp/academics/news/folder002/2024/8186/,,,,宮城県,宮城県 専門学校 学生募集 マーケティング -おすすめ -比較 -ランキング -求人 -まとめ
宮城 学院女子大学,https://news.mgu.ac.jp/wp-content/uploads/sites/21/2019/08/%E5%AE%8C%E6%88%90%EF%BC%892020%E5%B9%B4%E5%BA%A6-%E5%AE%AE%E5%9F%8E%E5%AD%A6%E9%99%A2%E5%A5%B3%E5%AD%90%E5%A4%A7%E5%AD%A6%E6%8E%A8%E8%96%A6%E5%85%A5%E8%A9%A6%E8%A6%81%E9%A0%85.pdf,,,,宮城県,宮城県 専門学校 学生募集 マーケティング -おすすめ -比較 -ランキング -求人 -まとめ
新しい鑑賞体験の開発,https://www.ntt-arttechnology.com/coreproject/develop/,,,,宮城県,宮城県 博物館 美術館 デジタルプロモーション -おすすめ -比較 -ランキング -求人 -まとめ
地域づくりとアート：影山幸一 07年3月,https://artscape.jp/artscape/artreport/community/k_0703.html,,,,宮城県,宮城県 博物館 美術館 デジタルプロモーション -おすすめ -比較 -ランキング -求人 -まとめ
東日本大震災 美術館 ・ 博物館 総合調査分科会第1回 ...,https://www.zenbi.jp/data_list.php?g=91&d=295,,,,宮城県,宮城県 博物館 美術館 デジタルプロモーション -おすすめ -比較 -ランキング -求人 -まとめ
仙台PR用動画・写真の提供,https://www.sentia-sendai.jp/conventionnavi/pr-media/,,,,宮城県,宮城県 博物館 美術館 デジタルプロモーション -おすすめ -比較 -ランキング -求人 -まとめ
株式会社フィッシャーマン・ジャパン・ マーケティング,https://seafoodshow-japan.com/exhibits-tokyo/4484/,,,,宮城県,宮城県 レジャー施設 集客マーケティング -おすすめ -比較 -ランキング -求人 -まとめ
空間通信_過去のレポート〔 レジャー パーク〕  Fantastics Web,https://www.fantastics.co.jp/leisurepark.html,,,,宮城県,宮城県 レジャー施設 集客マーケティング -おすすめ -比較 -ランキング -求人 -まとめ
東北ローカルツアープロバイダ企業のインバウンド 集客 事例,https://www.tokyocreative.jp/ja/casestudy-15-%E6%9D%B1%E5%8C%97%E3%83%AD%E3%83%BC%E3%82%AB%E3%83%AB%E3%83%84%E3%82%A2%E3%83%BC%E3%83%97%E3%83%AD%E3%83%90%E3%82%A4%E3%83%80%E4%BC%81%E6%A5%AD,,,,宮城県,宮城県 レジャー施設 集客マーケティング -おすすめ -比較 -ランキング -求人 -まとめ
想いと人をつなぐセールスプロモーション,https://flot.co.jp/power/promotion/,,,,宮城県,宮城県 温浴施設 SNS集客支援 -おすすめ -比較 -ランキング -求人 -まとめ
中小企業生産性革命推進事業 事業承継引継ぎ補助金（9次公募 ...,https://jsh.go.jp/r5h/assets/pdf/09/adoption-M&A_business.pdf,,,,宮城県,宮城県 温浴施設 SNS集客支援 -おすすめ -比較 -ランキング -求人 -まとめ
サウナ導入事例,https://onesauna.jp/showcase,,,,宮城県,宮城県 温浴施設 SNS集客支援 -おすすめ -比較 -ランキング -求人 -まとめ
【すぐ出来ることは、即実践！迅速さが生む顧客満足】,https://yorozu-miyagi.go.jp/blog/numazawa20240924/,,,,宮城県,宮城県 飲食チェーン 販促支援会社 -おすすめ -比較 -ランキング -求人 -まとめ
[まんが広告の仕掛け]公開セミナー,https://www.tnb.or.jp/wp/wp-content/uploads/6edb529d9266d9245b708fcfa6be8a45.pdf,,,,宮城県,宮城県 飲食チェーン 販促支援会社 -おすすめ -比較 -ランキング -求人 -まとめ
第30回優良外食産業表彰における受賞者の決定について,https://www.maff.go.jp/j/shokusan/gaisyoku/attach/pdf/yuryo-34.pdf,,,,宮城県,宮城県 飲食チェーン 販促支援会社 -おすすめ -比較 -ランキング -求人 -まとめ
ボーダーアクト、 宮城県 図書館にて飲食事業をプロデュース,https://www.borderact.jp/information/wp-content/uploads/2020/07/PANORA_PressRelease_0701.pdf,,,,宮城県,宮城県 小売店舗 CRM 販促支援 -おすすめ -比較 -ランキング -求人 -まとめ
セミナーの概要について,https://yappli.co.jp/news/news.html?id=01JDKRE3H6GGW1QSXR9WV649C1,,,,宮城県,宮城県 小売店舗 CRM 販促支援 -おすすめ -比較 -ランキング -求人 -まとめ
沿革,https://www.pp-hiraga.co.jp/corporate/history/,,,,宮城県,宮城県 小売店舗 CRM 販促支援 -おすすめ -比較 -ランキング -求人 -まとめ
Untitled,https://glocal-marketing.jp/wp/wp-content/uploads/2026/03/2026_%E3%82%B3%E3%83%B3%E3%82%B5%E3%83%AB%E3%82%BF%E3%83%B3%E3%83%88%E3%83%97%E3%83%AD%E3%83%95%E3%82%A3%E3%83%BC%E3%83%AB%EF%BC%88%E3%82%B0%E3%83%AD%E3%83%BC%E3%82%AB%E3%83%AB%E3%83%9E%E3%83%BC%E3%82%B1%E3%83%86%E3%82%A3%E3%83%B3%E3%82%B0%E6%A0%AA%E5%BC%8F%E4%BC%9A%E7%A4%BE%EF%BC%89-2.pdf,,,,宮城県,宮城県 小売店舗 CRM 販促支援 -おすすめ -比較 -ランキング -求人 -まとめ
南東北( 宮城県 ・福島県・山形県)で勝ち残る住宅・不動産 会社 になる ...,https://handr.libcon.co.jp/seminar/sem_251107_1479/,,,,宮城県,宮城県 健康食品 デジタルマーケティング会社 -おすすめ -比較 -ランキング -求人 -まとめ
お問い合わせについて,https://spider-webmarketing.co.jp/contact/,,,,宮城県,宮城県 健康食品 デジタルマーケティング会社 -おすすめ -比較 -ランキング -求人 -まとめ
宮城県 仙台市で WEB集客 に強い株式会社CONVY,https://convy.co.jp/about/,,,,宮城県,宮城県 地域サービス業 Web集客支援 -おすすめ -比較 -ランキング -求人 -まとめ
ガチで刺さる Web マーケで話題】のトランバードが『 宮城 を代表 ...,https://madeinlocal.jp/area/miyagi/companies/news/006,,,,宮城県,宮城県 地域サービス業 Web集客支援 -おすすめ -比較 -ランキング -求人 -まとめ
対応エリア,https://gm-marketing3340.com/area/,,,,宮城県,宮城県 地域サービス業 Web集客支援 -おすすめ -比較 -ランキング -求人 -まとめ
地域 特化型M&A・経営資源引継ぎ Web メディア「ツグナラ 宮城 」,https://tgnr.jp/miyagi/?post_type=post&p=27046,,,,宮城県,宮城県 地域サービス業 Web集客支援 -おすすめ -比較 -ランキング -求人 -まとめ
宮城 ・仙台の Web 制作と拡散力は,https://beprogress.jp/web/,,,,宮城県,宮城県 地域サービス業 Web集客支援 -おすすめ -比較 -ランキング -求人 -まとめ
専門家のご紹介：三浦 哲志,https://www.siip.city.sendai.jp/ouen/expert/miurasatoshi,,,,宮城県,宮城県 地域サービス業 Web集客支援 -おすすめ -比較 -ランキング -求人 -まとめ
加盟希望の施工店様へ,https://biz.refo-sumu.jp/,,,,秋田県,秋田県 リフォーム会社 集客マーケティング支援 -おすすめ -比較 -ランキング -求人 -まとめ
街の電気屋収益拡大プログラム,https://denki-beat.com/service/partner-program/,,,,秋田県,秋田県 リフォーム会社 集客マーケティング支援 -おすすめ -比較 -ランキング -求人 -まとめ
採用 情報エントリー 国際サービスシステム株式 会社,https://www.kokusai-s.co.jp/recruit/entry/,,,,秋田県,秋田県 建設会社 採用マーケティング支援 -おすすめ -比較 -ランキング -求人 -まとめ
マーケティング セバスチャン株式会社,https://tamesyoku.com/suppliers/10,,,,秋田県,秋田県 家具 インテリア 販促マーケティング -おすすめ -比較 -ランキング -求人 -まとめ
集客・ 販促 のコツ〜季節イベントを活用しよう〜【2026年3月春】,https://ai-create.net/methods/2026/02/18/post-15472/,,,,秋田県,秋田県 家具 インテリア 販促マーケティング -おすすめ -比較 -ランキング -求人 -まとめ
広告企画／山口本社,https://www.be-make.co.jp/entry/jobs/kokokukikaku/,,,,秋田県,秋田県 家具 インテリア 販促マーケティング -おすすめ -比較 -ランキング -求人 -まとめ
導入事例,https://www.sony.jp/bravia-biz/jirei/?srsltid=AfmBOorFYVniqSLVqmqomIwofZNyAsB6hRVdg_YmTUu1TpiobzCiHi2z,,,,秋田県,秋田県 家具 インテリア 販促マーケティング -おすすめ -比較 -ランキング -求人 -まとめ
日庄 マーケティング ・ソリューション,https://nissho-ms.co.jp/,,,,秋田県,秋田県 家具 インテリア 販促マーケティング -おすすめ -比較 -ランキング -求人 -まとめ
支援 実績抜粋,https://kodomonosora.jp/support-results/,,,,秋田県,秋田県 幼稚園 保育園 広報支援会社 -おすすめ -比較 -ランキング -求人 -まとめ
令和 5 年度を振り返る,https://www.akitakenho.jp/img/info/kouhou67.pdf,,,,秋田県,秋田県 幼稚園 保育園 広報支援会社 -おすすめ -比較 -ランキング -求人 -まとめ
平成27年度自治体との情報交換・意見交換会の実施状況報告について,https://www.mhlw.go.jp/file/05-Shingikai-12601000-Seisakutoukatsukan-Sanjikanshitsu_Shakaihoshoutantou/0000097300.pdf,,,,秋田県,秋田県 幼稚園 保育園 広報支援会社 -おすすめ -比較 -ランキング -求人 -まとめ
実施予定（日時、場所等） 1,https://www.orangeribbon.jp/info/npo/ed38c4e7cc55c29064a3cf42bdb3a06d0d2d027d.pdf,,,,秋田県,秋田県 幼稚園 保育園 広報支援会社 -おすすめ -比較 -ランキング -求人 -まとめ
学生募集 要項,https://www.ito-gakuen.ac.jp/aibc/recruitment/2024pdf/bosyu2024_01.pdf,,,,秋田県,秋田県 専門学校 学生募集 マーケティング -おすすめ -比較 -ランキング -求人 -まとめ
第50回全国高等 学校 総合文化祭   » 協賛企業-テスト,https://akita-soubun2026.pref.akita.lg.jp/sponsor-test/,,,,秋田県,秋田県 専門学校 学生募集 マーケティング -おすすめ -比較 -ランキング -求人 -まとめ
2024年度 学校関係者評価 専門学校 セントラルトリミング ...,https://akitagakuen.ac.jp/evaluting_school/,,,,秋田県,秋田県 専門学校 学生募集 マーケティング -おすすめ -比較 -ランキング -求人 -まとめ
カリキュラム,https://www.akita-beauty.ac.jp/carriclum/,,,,秋田県,秋田県 専門学校 学生募集 マーケティング -おすすめ -比較 -ランキング -求人 -まとめ
システム科学技術学部,https://www.akita-pu.ac.jp/gakubu/gakubu0100.htm,,,,秋田県,秋田県 専門学校 学生募集 マーケティング -おすすめ -比較 -ランキング -求人 -まとめ
秋田県 の新たなブランディング戦略策定へ プロジェクトチーム発足 ...,https://www.akt.co.jp/news?sel=20260724-00000008-AKT-1,,,,秋田県,秋田県 専門学校 学生募集 マーケティング -おすすめ -比較 -ランキング -求人 -まとめ
生徒がつくる！企業との商品開発プロジェクト,https://zensho.or.jp/products/,,,,秋田県,秋田県 専門学校 学生募集 マーケティング -おすすめ -比較 -ランキング -求人 -まとめ
有識者参考リスト,https://museum.bunka.go.jp/wp-content/uploads/2024/10/652bf608be940b1eaee9a468e54e1824.pdf,,,,秋田県,秋田県 博物館 美術館 デジタルプロモーション -おすすめ -比較 -ランキング -求人 -まとめ
持続可能な観光地の実現に向けて,https://www.jcrd.jp/seminar/3f0aeeda3b5e69eaca09c95d0032f2ecf32c5a18.pdf,,,,秋田県,秋田県 レジャー施設 集客マーケティング -おすすめ -比較 -ランキング -求人 -まとめ
講演・執筆・公職,https://www.jtb.or.jp/researcher-lectures/,,,,秋田県,秋田県 レジャー施設 集客マーケティング -おすすめ -比較 -ランキング -求人 -まとめ
個人会員募集 のご案内,http://bluepartner.jp/bp_cms/assets/uploads/2016/12/kojin2022.pdf,,,,秋田県,秋田県 レジャー施設 集客マーケティング -おすすめ -比較 -ランキング -求人 -まとめ
【田沢湖・角館】温泉宿泊 施設 の 集客 プロデューサー募集！あなた ...,https://www.iju-join.jp/cgi-bin/recruit.php/9/detail/68874,,,,秋田県,秋田県 レジャー施設 集客マーケティング -おすすめ -比較 -ランキング -求人 -まとめ
平成28年度事業報告,https://www.akita-tourism.com/uploads/files/%E5%B9%B3%E6%88%9028%E5%B9%B4%E5%BA%A6%E4%BA%8B%E6%A5%AD%E5%A0%B1%E5%91%8A.pdf,,,,秋田県,秋田県 レジャー施設 集客マーケティング -おすすめ -比較 -ランキング -求人 -まとめ
事業内容,https://glocal-promotion.com/business.html,,,,秋田県,秋田県 温浴施設 SNS集客支援 -おすすめ -比較 -ランキング -求人 -まとめ
令和5年度 商工観光部 商工労働課の方針書,https://www.city.yokote.lg.jp/_res/projects/default_project/_page_/001/009/261/r5syoukoukakukasoukatu.pdf,,,,秋田県,秋田県 温浴施設 SNS集客支援 -おすすめ -比較 -ランキング -求人 -まとめ
010-0001 秋田県 秋田市中通 3－1－41,https://www.hokutobank.co.jp/cms_source/data/hokuto/past_info/20220224-2.pdf,,,,秋田県,秋田県 飲食チェーン 販促支援会社 -おすすめ -比較 -ランキング -求人 -まとめ
イベント・セミナー,http://www.a-trade.or.jp/category/2020247.html,,,,秋田県,秋田県 飲食チェーン 販促支援会社 -おすすめ -比較 -ランキング -求人 -まとめ
フランチャイズオーナー募集,https://mugitotamago.eastone.co.jp/lp,,,,秋田県,秋田県 飲食チェーン 販促支援会社 -おすすめ -比較 -ランキング -求人 -まとめ
新型コロナウイルスの影響拡大に伴うShufoo!セミナー延期 ...,https://www.shufoo.net/biz/seminar/20200313/index.html,,,,秋田県,秋田県 小売店舗 CRM 販促支援 -おすすめ -比較 -ランキング -求人 -まとめ
スーパーヤマザワが全70 店舗 で「LINE WORKS」を導入,https://line-works.com/pr/20231107/,,,,秋田県,秋田県 小売店舗 CRM 販促支援 -おすすめ -比較 -ランキング -求人 -まとめ
ものづくり・商業・サービス生産性向上促進補助金 第20次締切 ...,https://portal.monodukuri-hojo.jp/common/bunsho/ippan/20th/%E6%8E%A1%E6%8A%9E%E8%80%85%E3%83%AA%E3%82%B9%E3%83%88_20%E6%AC%A1%E7%B7%A0%E5%88%87.pdf,,,,秋田県,秋田県 小売店舗 CRM 販促支援 -おすすめ -比較 -ランキング -求人 -まとめ
企業紹介 – 協同組合 秋田 卸センター,https://www.akitaoroshi.jp/kigyo/,,,,秋田県,秋田県 健康食品 デジタルマーケティング会社 -おすすめ -比較 -ランキング -求人 -まとめ
AIで毎日更新！使える補助金を簡単に探すなら！,https://hojokin.zenkoku-keiyukai.or.jp/subsidies/13887,,,,秋田県,秋田県 健康食品 デジタルマーケティング会社 -おすすめ -比較 -ランキング -求人 -まとめ
経営発達 支援 計画の概要 実施者名 秋田 商工会議所（法人番号 ...,https://www.chusho.meti.go.jp/keiei/shokibo/ninteikeikaku/download/05-22.pdf,,,,秋田県,秋田県 地域サービス業 Web集客支援 -おすすめ -比較 -ランキング -求人 -まとめ
新庄・鈴木・柴田組様,https://nicoichi.jp/akita/case/ssconst,,,,山形県,山形県 建設会社 採用マーケティング支援 -おすすめ -比較 -ランキング -求人 -まとめ
PRIVACYプライバシーポリシー,https://katokan-t.co.jp/privacy-policy/,,,,山形県,山形県 建設会社 採用マーケティング支援 -おすすめ -比較 -ランキング -求人 -まとめ
新卒 採用建設 プロジェクト管理サポート職募集 未経験OK！,https://recruit.wcon.co.jp/graduate/,,,,山形県,山形県 建設会社 採用マーケティング支援 -おすすめ -比較 -ランキング -求人 -まとめ
リビングスタイリスト講師について 講師紹介,https://www.lifestyle.or.jp/ls/detail/lec_002.html,,,,山形県,山形県 家具 インテリア 販促マーケティング -おすすめ -比較 -ランキング -求人 -まとめ
販促 ツールのデザイン・製造から、小売店舗の売上アップを ...,https://www.waza-kirara.jp/monosearch/list/2022/09/90016/,,,,山形県,山形県 家具 インテリア 販促マーケティング -おすすめ -比較 -ランキング -求人 -まとめ
今年度より新たに9社（正会員6社、賛助会員3社）が入会し,http://www.jlaa.jp/pickup/archives/category/%E6%96%B0%E8%A6%8F%E5%85%A5%E4%BC%9A,,,,山形県,山形県 家具 インテリア 販促マーケティング -おすすめ -比較 -ランキング -求人 -まとめ
こども子育て政策課,https://www.pref.yamagata.jp/010001/kensei/shoukai/soshikiannai/kosodatesuishin/010001.html,,,,山形県,山形県 幼稚園 保育園 広報支援会社 -おすすめ -比較 -ランキング -求人 -まとめ
花のたね 保育園,https://www.npo-ajisai.jp/hananotane.html,,,,山形県,山形県 幼稚園 保育園 広報支援会社 -おすすめ -比較 -ランキング -求人 -まとめ
山形 こどもSDGs研究所の取り組み,https://createlemon.jp/csr,,,,山形県,山形県 幼稚園 保育園 広報支援会社 -おすすめ -比較 -ランキング -求人 -まとめ
山形県 医療的ケア児等 支援 センター,https://yamagata-kodomo.center/,,,,山形県,山形県 幼稚園 保育園 広報支援会社 -おすすめ -比較 -ランキング -求人 -まとめ
保育園 ・ 幼稚園 ・ 支援 センター,https://www.town.kawanishi.yamagata.jp/kenko/hoikuen/,,,,山形県,山形県 幼稚園 保育園 広報支援会社 -おすすめ -比較 -ランキング -求人 -まとめ
学生 による地域活性化プロジェクトスタート！『U-23 ...,https://www.montedioyamagata.jp/news/p/11817/,,,,山形県,山形県 専門学校 学生募集 マーケティング -おすすめ -比較 -ランキング -求人 -まとめ
【モンテディオ 山形 】 学生 による地域活性化プロジェクトスタート ...,https://sdgs.yamagata-u.ac.jp/bulletin/partner/detail_263.html,,,,山形県,山形県 専門学校 学生募集 マーケティング -おすすめ -比較 -ランキング -求人 -まとめ
令和8年度 (2026年度) 入 学 者 選 抜 要 項,https://tpuaf.ac.jp/university/wp/wp-content/uploads/2025/07/709fc166f03398eb5249c609247630e4.pdf,,,,山形県,山形県 専門学校 学生募集 マーケティング -おすすめ -比較 -ランキング -求人 -まとめ
ファッション・プロモート科,https://www.ycb.ac.jp/course/fashion/,,,,山形県,山形県 専門学校 学生募集 マーケティング -おすすめ -比較 -ランキング -求人 -まとめ
大原ビジネス公務員 専門学校山形 校,https://www.o-hara.ac.jp/about/jissen/pdf_25/8_1.pdf,,,,山形県,山形県 専門学校 学生募集 マーケティング -おすすめ -比較 -ランキング -求人 -まとめ
令和8年度 山形 市立商業高等 学校 入学者選抜 募集 要項,https://www.yamagatacity-ch.ed.jp/wp-content/uploads/R8boshuu.pdf,,,,山形県,山形県 専門学校 学生募集 マーケティング -おすすめ -比較 -ランキング -求人 -まとめ
Aumoローカルプラットフォーム,https://lpf.aumo.jp/,,,,山形県,山形県 レジャー施設 集客マーケティング -おすすめ -比較 -ランキング -求人 -まとめ
「月刊 レジャー 産業資料」に、「沿線まるごとホテル ...,https://satoyume.com/topics/6114/,,,,山形県,山形県 レジャー施設 集客マーケティング -おすすめ -比較 -ランキング -求人 -まとめ
ご利用のご案内,https://toilet.lifeline-kk.com/product/use/,,,,山形県,山形県 レジャー施設 集客マーケティング -おすすめ -比較 -ランキング -求人 -まとめ
観光PR・プロモーション支援で地域の魅力を最大化,https://www.dithi.net/%E3%81%8A%E6%89%8B%E4%BC%9D%E3%81%84%E3%81%A7%E3%81%8D%E3%82%8B%E3%81%93%E3%81%A8/%E8%A6%B3%E5%85%89%E3%82%B3%E3%83%B3%E3%82%B5%E3%83%AB%E3%82%BF%E3%83%B3%E3%83%88/pr%E3%83%97%E3%83%AD%E3%83%A2%E3%83%BC%E3%82%B7%E3%83%A7%E3%83%B3%E6%94%AF%E6%8F%B4/,,,,山形県,山形県 レジャー施設 集客マーケティング -おすすめ -比較 -ランキング -求人 -まとめ
「『食の魅力』発見商談会2023」への参加について,https://www.kirayaka.co.jp/cms/view.php?no=20230605155732,,,,山形県,山形県 飲食チェーン 販促支援会社 -おすすめ -比較 -ランキング -求人 -まとめ
寺田勝紀のプロフィール,https://www.vec-inc.info/pro-file/,,,,山形県,山形県 飲食チェーン 販促支援会社 -おすすめ -比較 -ランキング -求人 -まとめ
宿泊 施設 集客支援 サービス,https://handsvalue.co.jp/service/attracting-customers/,,,,山形県,山形県 温浴施設 SNS集客支援 -おすすめ -比較 -ランキング -求人 -まとめ
令和3年度 山形県 中小企業パワーアップ補助金 （オンライン化促進 ...,https://www.chuokai-yamagata.or.jp/chuokai/on-line/download/saitaku_on-line_211209.pdf,,,,山形県,山形県 温浴施設 SNS集客支援 -おすすめ -比較 -ランキング -求人 -まとめ
【スーパーマーケット】株式会社ト一屋 × テスク「Safri」導入事例,https://www.kktisc.co.jp/case/4992/,,,,山形県,山形県 小売店舗 CRM 販促支援 -おすすめ -比較 -ランキング -求人 -まとめ
プロモーションサポート（ 販促 活動最適化） アーカイブ,https://kreo.jp/service-category/promotion_optimization,,,,山形県,山形県 小売店舗 CRM 販促支援 -おすすめ -比較 -ランキング -求人 -まとめ
山形県 中小企業パワーアップ補助金（新事業転換促進支援事業 ...,https://www.ynet.or.jp/.assets/powerup_saitaku_0929.pdf,,,,山形県,山形県 健康食品 デジタルマーケティング会社 -おすすめ -比較 -ランキング -求人 -まとめ
D2Cビジネスグロースチャレンジin 山形,https://www.yts.co.jp/d2c/,,,,山形県,山形県 健康食品 デジタルマーケティング会社 -おすすめ -比較 -ランキング -求人 -まとめ
ホワイト500,https://kenko-keiei.jp/wp-content/uploads/2025/08/nintei2025_daikibo20250801.xlsx,,,,山形県,山形県 健康食品 デジタルマーケティング会社 -おすすめ -比較 -ランキング -求人 -まとめ
【NEWS RELEASE】「腸内環境タイプ別ビジネスコンサルティング ...,https://www.itgr.co.jp/5129/,,,,山形県,山形県 健康食品 デジタルマーケティング会社 -おすすめ -比較 -ランキング -求人 -まとめ
Web集客 ・デザイン活用 お悩み・課題解決 無料相談会,https://www.shonai-sansin.or.jp/otherpost/5746/,,,,山形県,山形県 地域サービス業 Web集客支援 -おすすめ -比較 -ランキング -求人 -まとめ
KIKUCHI AG FACTORY ホームページ制作,https://conaworks.co.jp/works/kikuchi-ag-factory/,,,,山形県,山形県 地域サービス業 Web集客支援 -おすすめ -比較 -ランキング -求人 -まとめ
柳誠人.com,https://masatoyanagi.com/,,,,山形県,山形県 地域サービス業 Web集客支援 -おすすめ -比較 -ランキング -求人 -まとめ
東北エリア アーカイブ,https://www.glcl.co.jp/area/tohoku/,,,,山形県,山形県 地域サービス業 Web集客支援 -おすすめ -比較 -ランキング -求人 -まとめ
ホームページ制作 山形,https://www.neoindex.co.jp/yamagata/,,,,山形県,山形県 地域サービス業 Web集客支援 -おすすめ -比較 -ランキング -求人 -まとめ
サービス内容,https://web.ait-labo.com/services/,,,,福島県,福島県 リフォーム会社 集客マーケティング支援 -おすすめ -比較 -ランキング -求人 -まとめ
第2回工務店シンポジウム,https://shintairiku.jp/symposium/,,,,福島県,福島県 リフォーム会社 集客マーケティング支援 -おすすめ -比較 -ランキング -求人 -まとめ
【04】 リフォーム 業界をけん引するトップランナー3社が集結 ...,https://the-bars.com/seminar/20220726-607-1430/,,,,福島県,福島県 リフォーム会社 集客マーケティング支援 -おすすめ -比較 -ランキング -求人 -まとめ
【広報・ 集客支援 】 福島県 の乗馬クラブ「 集客 戦略パートナー」を ...,https://o-tanomi.jp/items/11796,,,,福島県,福島県 リフォーム会社 集客マーケティング支援 -おすすめ -比較 -ランキング -求人 -まとめ
サイテック株式会社の評判,https://andreform.jp/company/3019,,,,福島県,福島県 リフォーム会社 集客マーケティング支援 -おすすめ -比較 -ランキング -求人 -まとめ
リフォーム IT経営研究会,http://www.reform-keiei.com/article/EventModelCaptain.aspx,,,,福島県,福島県 リフォーム会社 集客マーケティング支援 -おすすめ -比較 -ランキング -求人 -まとめ
生産性向上 支援 センター,https://fukushima-yorozu.go.jp/productivity,,,,福島県,福島県 建設会社 採用マーケティング支援 -おすすめ -比較 -ランキング -求人 -まとめ
人材活用の新戦略,https://pro-fukushima.com/cms/wp-content/uploads/2024/08/20240809_%E3%83%91%E3%83%A9%E3%83%AC%E3%83%AB%E3%82%AD%E3%83%A3%E3%83%AA%E3%82%A2%E4%BA%8B%E6%A5%AD%E3%82%BB%E3%83%9F%E3%83%8A%E3%83%BC.pdf,,,,福島県,福島県 建設会社 採用マーケティング支援 -おすすめ -比較 -ランキング -求人 -まとめ
随時募集 研修情報検索,http://www4.pref.fukushima.jp/technavi/seminar/list.php,,,,福島県,福島県 建設会社 採用マーケティング支援 -おすすめ -比較 -ランキング -求人 -まとめ
SERVICE,https://www.timelink-cre.com/service,,,,福島県,福島県 家具 インテリア 販促マーケティング -おすすめ -比較 -ランキング -求人 -まとめ
水野谷 悌子,https://www.fukushima-message.com/innovator/index.php?innovator_id=39,,,,福島県,福島県 家具 インテリア 販促マーケティング -おすすめ -比較 -ランキング -求人 -まとめ
福島 プライド。 試食商談会イベントにおけるバイヤー募集 ...,https://mksjapan.net/information/fukushima2/,,,,福島県,福島県 家具 インテリア 販促マーケティング -おすすめ -比較 -ランキング -求人 -まとめ
リテール業界で磨かれた伴走力。クライアントの想いを着実に具現 ...,https://www.dnp-cd.co.jp/knowledge/detail_000519.html,,,,福島県,福島県 家具 インテリア 販促マーケティング -おすすめ -比較 -ランキング -求人 -まとめ
保育 ・ 幼稚園 課 担当事務,https://www.city.iwaki.lg.jp/www/job/1441963513902/index.html,,,,福島県,福島県 幼稚園 保育園 広報支援会社 -おすすめ -比較 -ランキング -求人 -まとめ
保育園 、 幼稚園,https://www.town.kagamiishi.fukushima.jp/kurashi/kodomo/hoikuen/,,,,福島県,福島県 幼稚園 保育園 広報支援会社 -おすすめ -比較 -ランキング -求人 -まとめ
一般財団法人 福島県 幼児教育振興財団,https://www.fukushiyo.org/zaidan/3_training_programs_4.html,,,,福島県,福島県 幼稚園 保育園 広報支援会社 -おすすめ -比較 -ランキング -求人 -まとめ
広報,https://www.city.shirakawa.fukushima.jp/data/doc/1453794298_doc_13_0.pdf,,,,福島県,福島県 幼稚園 保育園 広報支援会社 -おすすめ -比較 -ランキング -求人 -まとめ
株式 会社 マザーソリューション,https://www.pref.fukushima.lg.jp/site/sdgs-pf/sdgs00582.html,,,,福島県,福島県 幼稚園 保育園 広報支援会社 -おすすめ -比較 -ランキング -求人 -まとめ
福島県 郡山市で公務員・保育・税理士・ビジネスが学べる 専門学校 ...,https://jo-bi.jp/,,,,福島県,福島県 専門学校 学生募集 マーケティング -おすすめ -比較 -ランキング -求人 -まとめ
FSGカレッジリーグ 留学生 募集 要項,https://fsg-cl.jp/pdf/2025/bosyu_ja_2026.pdf,,,,福島県,福島県 専門学校 学生募集 マーケティング -おすすめ -比較 -ランキング -求人 -まとめ
地域人材コース 第4期 募集 概要,https://tobitate-mext.jasso.go.jp/program/region/pdf/region_4th.pdf,,,,福島県,福島県 専門学校 学生募集 マーケティング -おすすめ -比較 -ランキング -求人 -まとめ
学生募集 要項,https://www.shk-ac.jp/img/admission_information/03/pdf/2025/exam_all_2025_01.pdf,,,,福島県,福島県 専門学校 学生募集 マーケティング -おすすめ -比較 -ランキング -求人 -まとめ
NSGホールディングスの 募集 コース詳細,https://www.onecareer.jp/companies/81046/recruitment_courses/126,,,,福島県,福島県 専門学校 学生募集 マーケティング -おすすめ -比較 -ランキング -求人 -まとめ
復興・創生インターン 参加 学生募集 !! 復興・創生インターン 参加 ...,https://www.pp.u-tokyo.ac.jp/wp-content/uploads/2020/12/0d31ff7b4be1ec6a3f9f7691546c603e.pdf,,,,福島県,福島県 専門学校 学生募集 マーケティング -おすすめ -比較 -ランキング -求人 -まとめ
美術館 ・記念館・資料館,https://www.city.fukushima.fukushima.jp/soshiki/5/1019/4/1545.html,,,,福島県,福島県 博物館 美術館 デジタルプロモーション -おすすめ -比較 -ランキング -求人 -まとめ
しま,https://www.fukushima-dc-cp.jp/assets/file/travel02.pdf,,,,福島県,福島県 博物館 美術館 デジタルプロモーション -おすすめ -比較 -ランキング -求人 -まとめ
高精細複製品×映像体験国宝が 福島 にやってくる！？,https://fukushima.canon/ja/news/tsuzuri/tsuzuri.html,,,,福島県,福島県 博物館 美術館 デジタルプロモーション -おすすめ -比較 -ランキング -求人 -まとめ
ふくしまアートスタンプラリー「ミニ」,https://www.pkbsolution.co.jp/works/digital_stamprally/35853.html,,,,福島県,福島県 博物館 美術館 デジタルプロモーション -おすすめ -比較 -ランキング -求人 -まとめ
大阪大学 福島 拠点,https://www.fukushima.osaka-u.ac.jp/,,,,福島県,福島県 レジャー施設 集客マーケティング -おすすめ -比較 -ランキング -求人 -まとめ
株式会社増子建築工業,https://ababai.co.jp/voice/16093/,,,,福島県,福島県 レジャー施設 集客マーケティング -おすすめ -比較 -ランキング -求人 -まとめ
静岡サウナ協議会 入会のご案内,https://wesauna.jp/wp-content/themes/wesauna/common/pdf/guide.pdf,,,,福島県,福島県 温浴施設 SNS集客支援 -おすすめ -比較 -ランキング -求人 -まとめ
「ふくしまアフターDC」に向けたAI＆SNS 集客 セミナー ...,https://www.city.minamisoma.lg.jp/portal/sections/16/1630/16301/31613.html,,,,福島県,福島県 温浴施設 SNS集客支援 -おすすめ -比較 -ランキング -求人 -まとめ
加盟店オーナーインタビュー,https://www.zchain.co.jp/report/report15.html,,,,福島県,福島県 飲食チェーン 販促支援会社 -おすすめ -比較 -ランキング -求人 -まとめ
ピープルソフトウェア株式会社,https://fs-n.info/_assets/pdf/solution_03.pdf,,,,福島県,福島県 小売店舗 CRM 販促支援 -おすすめ -比較 -ランキング -求人 -まとめ
第21回食育推進全国大会inとちぎ 大会パンフレット,https://syokuiku-tochigi.pref.tochigi.lg.jp/assets/pdf/pamphlet.pdf?v=20260527,,,,福島県,福島県 健康食品 デジタルマーケティング会社 -おすすめ -比較 -ランキング -求人 -まとめ
「SHIKOKUフードイノベーションサミット」を開催しました！,https://www.shikoku.meti.go.jp/03_sesakudocs/0302_foodinnovation/shien/20260205a/20260205a.html,,,,福島県,福島県 健康食品 デジタルマーケティング会社 -おすすめ -比較 -ランキング -求人 -まとめ
専門家データベース【 マーケティング 】,https://www.iis-net.or.jp/senmonkaDB/market.html,,,,福島県,福島県 健康食品 デジタルマーケティング会社 -おすすめ -比較 -ランキング -求人 -まとめ
GMO TECH、 福島県 ローカルアンバサダー事業に採択,https://group.gmo/news/article/9999/,,,,福島県,福島県 地域サービス業 Web集客支援 -おすすめ -比較 -ランキング -求人 -まとめ
行政案件への初挑戦,https://plainnovation.com/works/attract-customers-business,,,,福島県,福島県 地域サービス業 Web集客支援 -おすすめ -比較 -ランキング -求人 -まとめ
第251号,https://f-open.or.jp/mail_magazine_data.html?id=42,,,,福島県,福島県 地域サービス業 Web集客支援 -おすすめ -比較 -ランキング -求人 -まとめ
令和8年度ふくしま小規模企業者等いきいき 支援 事業 ...,https://funehiki-s.jp/%E4%BB%A4%E5%92%8C%EF%BC%98%E5%B9%B4%E5%BA%A6%E3%81%B5%E3%81%8F%E3%81%97%E3%81%BE%E5%B0%8F%E8%A6%8F%E6%A8%A1%E4%BC%81%E6%A5%AD%E8%80%85%E7%AD%89%E3%81%84%E3%81%8D%E3%81%84%E3%81%8D%E6%94%AF%E6%8F%B4/,,,,福島県,福島県 地域サービス業 Web集客支援 -おすすめ -比較 -ランキング -求人 -まとめ
集客 構想デザイン,https://yamaguchitakehisa.com/home/,,,,福島県,福島県 地域サービス業 Web集客支援 -おすすめ -比較 -ランキング -求人 -まとめ
Information,https://www.oriental-agc.com/date/2025/09?cat=2,,,,福島県,福島県 地域サービス業 Web集客支援 -おすすめ -比較 -ランキング -求人 -まとめ
Company,https://sawan.ne.jp/company/,,,,茨城県,茨城県 リフォーム会社 集客マーケティング支援 -おすすめ -比較 -ランキング -求人 -まとめ
株式 会社 エムディーとは,https://www.mdinc.jp/division/,,,,茨城県,茨城県 リフォーム会社 集客マーケティング支援 -おすすめ -比較 -ランキング -求人 -まとめ
掲載企業募集のお知らせ,https://iestyle-ibaraki.com/recruiting,,,,茨城県,茨城県 リフォーム会社 集客マーケティング支援 -おすすめ -比較 -ランキング -求人 -まとめ
「ビジネスアイデア提案会2026」参加者募集【開催日,https://www.itic.pref.ibaraki.jp/infolist/recruiting/info-20260105/,,,,茨城県,茨城県 建設会社 採用マーケティング支援 -おすすめ -比較 -ランキング -求人 -まとめ
株式 会社 水工エンジニアリング,https://ibaraki-rs.jp/rolemodel/rolemodel16/,,,,茨城県,茨城県 建設会社 採用マーケティング支援 -おすすめ -比較 -ランキング -求人 -まとめ
茨城県内 の地域コーディネーター,http://challenge-community.jp/wp-content/themes/etic-charecomi/assets/img/project/education/government/case_pdf_01.pdf,,,,茨城県,茨城県 建設会社 採用マーケティング支援 -おすすめ -比較 -ランキング -求人 -まとめ
茨城県 古河市の 建設会社 が avex ダンスチームのユニフォーム ...,https://sports-for-social.com/special/arb-kikuchi/,,,,茨城県,茨城県 建設会社 採用マーケティング支援 -おすすめ -比較 -ランキング -求人 -まとめ
茨城県 水戸市,https://www.itec-plus.jp/company/index.html,,,,茨城県,茨城県 建設会社 採用マーケティング支援 -おすすめ -比較 -ランキング -求人 -まとめ
ブランディング・講演・研修,https://www.athomedesign.jp/branding/,,,,茨城県,茨城県 家具 インテリア 販促マーケティング -おすすめ -比較 -ランキング -求人 -まとめ
【 茨城県 水戸市】ノーブルホーム様「カタログ,https://www.akebono-print.co.jp/case/noblehome/,,,,茨城県,茨城県 家具 インテリア 販促マーケティング -おすすめ -比較 -ランキング -求人 -まとめ
主な事業内容 所在地 東京都 温浴施設メンテナンス 東京都千代田区 ...,https://japan-spa.org/wp-content/uploads/2025/07/20250722%E5%85%A8%E5%9B%BD%E6%B8%A9%E6%B5%B4%E6%96%BD%E8%A8%AD%E5%8D%94%E4%BC%9A_%E8%B3%9B%E5%8A%A9%E4%BC%9A%E5%93%A1%E5%90%8D%E7%B0%BF%EF%BC%8825%E5%B9%B47%E6%9C%881%E6%97%A5%EF%BC%89.pdf,,,,茨城県,茨城県 家具 インテリア 販促マーケティング -おすすめ -比較 -ランキング -求人 -まとめ
茨城 セキスイハイムのメルマガ制作支援・メール配信システム導入 ...,https://www.webcas.jp/newsrelease/news360/,,,,茨城県,茨城県 家具 インテリア 販促マーケティング -おすすめ -比較 -ランキング -求人 -まとめ
茨城県 産品のプロモーション支援,https://vivid-creations.biz/works/ibaraki-promotion-singapore-ec-market/,,,,茨城県,茨城県 家具 インテリア 販促マーケティング -おすすめ -比較 -ランキング -求人 -まとめ
ゲリラ営業！販売促進・集客・新規開拓・販路拡大／ホームページ ...,https://enirvana.biz/,,,,茨城県,茨城県 家具 インテリア 販促マーケティング -おすすめ -比較 -ランキング -求人 -まとめ
第三者評価結果の公表,https://www.pref.ibaraki.jp/hokenfukushi/fukushi/chiiki/koshi/daisansha/kekka.html,,,,茨城県,茨城県 幼稚園 保育園 広報支援会社 -おすすめ -比較 -ランキング -求人 -まとめ
茨城県広報 紙 ひばり 2015年3月号 page 4/8,https://static.ibaraki-ebooks.jp/actibook_data/20150225_ibarakipref_hibari201503/HTML/index4.html,,,,茨城県,茨城県 幼稚園 保育園 広報支援会社 -おすすめ -比較 -ランキング -求人 -まとめ
認定こども園・ 幼稚園 ・ 保育園 令和8年度途中入園のご案内,https://www.city.sakuragawa.lg.jp/kosodate_kyouiku/kosodate/kodomoen/page010114.html,,,,茨城県,茨城県 幼稚園 保育園 広報支援会社 -おすすめ -比較 -ランキング -求人 -まとめ
茨城県内 「地  創  」事業実績例,https://www.helena.jp/wp/wp-content/uploads/2017/05/chihososeijisseki.pdf,,,,茨城県,茨城県 幼稚園 保育園 広報支援会社 -おすすめ -比較 -ランキング -求人 -まとめ
お知らせ版,https://www.city.hitachiomiya.lg.jp/data/doc/1758682301_doc_1_0.pdf,,,,茨城県,茨城県 幼稚園 保育園 広報支援会社 -おすすめ -比較 -ランキング -求人 -まとめ
平成28年度 大学教育に関する自己点検評価書,https://www.japan-iu.ac.jp/assets/disclosure/jikotenken/pdf/H28-jikotenkenhyoukasyo.pdf,,,,茨城県,茨城県 専門学校 学生募集 マーケティング -おすすめ -比較 -ランキング -求人 -まとめ
126.pdf,https://www.takegishi.ac.jp/admission/pdf/126.pdf,,,,茨城県,茨城県 専門学校 学生募集 マーケティング -おすすめ -比較 -ランキング -求人 -まとめ
TIST News / オープンキャンパス,https://tist.ac.jp/category/open_campus/,,,,茨城県,茨城県 専門学校 学生募集 マーケティング -おすすめ -比較 -ランキング -求人 -まとめ
学生募集 要項,https://a-ru.ac.jp/college/pdf/application/application_other.pdf,,,,茨城県,茨城県 専門学校 学生募集 マーケティング -おすすめ -比較 -ランキング -求人 -まとめ
‑ 8 ‑,https://www.mext.go.jp/b_menu/shingi/daigaku/toushin/3-3.pdf,,,,茨城県,茨城県 専門学校 学生募集 マーケティング -おすすめ -比較 -ランキング -求人 -まとめ
総合型選抜,https://www.koibuchi.ac.jp/admission/ao/,,,,茨城県,茨城県 専門学校 学生募集 マーケティング -おすすめ -比較 -ランキング -求人 -まとめ
経営学科 流通・ マーケティング 専攻「店舗経営実践」実践企画 ...,https://www.tsb-yyg.ac.jp/news/2024/1202-23261.html,,,,茨城県,茨城県 専門学校 学生募集 マーケティング -おすすめ -比較 -ランキング -求人 -まとめ
茨城県 陶芸 美術館デジタル アーカイブ,https://www.nexsimo.co.jp/web/work-ibaraki-tougei-digitalarchive/,,,,茨城県,茨城県 博物館 美術館 デジタルプロモーション -おすすめ -比較 -ランキング -求人 -まとめ
水木しげるの妖怪 百鬼夜行展 ～お化けたちはこうして生まれた,https://www.tenshin.museum.ibk.ed.jp/viewer/info.html?idSubTop=0&id=205,,,,茨城県,茨城県 博物館 美術館 デジタルプロモーション -おすすめ -比較 -ランキング -求人 -まとめ
旅好き集まれ！ 茨城県 近代 美術館 で旅にまつわる絵画約200点を集め ...,https://tabiyomi.yomiuri-ryokou.co.jp/article/003528.html,,,,茨城県,茨城県 博物館 美術館 デジタルプロモーション -おすすめ -比較 -ランキング -求人 -まとめ
古河街角 美術館 ／古河市公式,https://www.city.ibaraki-koga.lg.jp/soshiki/machikado/index.html,,,,茨城県,茨城県 博物館 美術館 デジタルプロモーション -おすすめ -比較 -ランキング -求人 -まとめ
茨城県 の自治体遊休地・遊休 施設 について直接話せる、聞ける ...,https://rprojectjapan.com/news/detail/kw3v8obqpwd4/,,,,茨城県,茨城県 レジャー施設 集客マーケティング -おすすめ -比較 -ランキング -求人 -まとめ
市民向けアンケート結果,https://www.city.itako.lg.jp/data/doc/1725867925_doc_337_0.pdf,,,,茨城県,茨城県 レジャー施設 集客マーケティング -おすすめ -比較 -ランキング -求人 -まとめ
インバウンド向け 英語化サービス（販促物・デジタル ...,https://japanworldlink.jp/tourism-english-translation-service/,,,,茨城県,茨城県 レジャー施設 集客マーケティング -おすすめ -比較 -ランキング -求人 -まとめ
デイアライブ 多言語 SNS 運用 支援 サービス,https://dayalive.jp/globalsns/,,,,茨城県,茨城県 温浴施設 SNS集客支援 -おすすめ -比較 -ランキング -求人 -まとめ
【令和8年熊本地震】温泉を無料開放している 施設 情報,https://yuasobi.com/blog/view/115,,,,茨城県,茨城県 温浴施設 SNS集客支援 -おすすめ -比較 -ランキング -求人 -まとめ
小野 秀一郎,https://www.tokyotourism-onestop.jp/advisor/detail/adviser_58.html,,,,茨城県,茨城県 温浴施設 SNS集客支援 -おすすめ -比較 -ランキング -求人 -まとめ
大手焼肉 チェーン のDX化戦略,https://line-madoguchi.com/works4/,,,,茨城県,茨城県 飲食チェーン 販促支援会社 -おすすめ -比較 -ランキング -求人 -まとめ
飲食 店向け 補助金・経営革新計画 申請 支援,https://local-mp.co.jp/service/subsidy/restaurant/,,,,茨城県,茨城県 飲食チェーン 販促支援会社 -おすすめ -比較 -ランキング -求人 -まとめ
〔新建まちづくり新聞 9面〕 インフォマート インフォライズ ...,https://corp.infomart.co.jp/news/20110620_4487/,,,,茨城県,茨城県 飲食チェーン 販促支援会社 -おすすめ -比較 -ランキング -求人 -まとめ
伊藤忠商事、BPOサービスの拡充へ 電通テック子会社へ出資,https://ampmedia.jp/2020/05/12/itochu-drm/,,,,茨城県,茨城県 小売店舗 CRM 販促支援 -おすすめ -比較 -ランキング -求人 -まとめ
LINEで使える「デジタル会員証」を導入！ クラブネッツ×データ ...,https://www.clubnets.jp/infos/id/203,,,,茨城県,茨城県 小売店舗 CRM 販促支援 -おすすめ -比較 -ランキング -求人 -まとめ
倉庫見学会＆物流セミナー開催！＠SLCみらい,https://www.scroll360.jp/topics/20220721-5646/,,,,茨城県,茨城県 小売店舗 CRM 販促支援 -おすすめ -比較 -ランキング -求人 -まとめ
インハウス支援,https://www.opt.ne.jp/casestudy/11327/,,,,茨城県,茨城県 健康食品 デジタルマーケティング会社 -おすすめ -比較 -ランキング -求人 -まとめ
県内企業向け外資系企業ビジネス連携のご案内,https://www.invest.indus.pref.ibaraki.jp/kigyou-matching/,,,,茨城県,茨城県 健康食品 デジタルマーケティング会社 -おすすめ -比較 -ランキング -求人 -まとめ
https://www.tdb-publish.com/uploads/20211022_20210...,https://www.tdb-publish.com/uploads/20211022_202109_shinkijojo.xlsx,,,,茨城県,茨城県 健康食品 デジタルマーケティング会社 -おすすめ -比較 -ランキング -求人 -まとめ
集客支援,https://nissenpartners.co.jp/works_service/customer-attraction/,,,,茨城県,茨城県 地域サービス業 Web集客支援 -おすすめ -比較 -ランキング -求人 -まとめ
水戸・ 茨城県 のSEO/ Web集客 /制作 支援 ならシンプリック,https://simplique.jp/area/ibaraki/,,,,茨城県,茨城県 地域サービス業 Web集客支援 -おすすめ -比較 -ランキング -求人 -まとめ
茨城県 つくば市の WEB サイト制作 業界 をリードする注目企業,https://kasho-net.com/blog/%E8%8C%A8%E5%9F%8E%E7%9C%8C%E3%81%A4%E3%81%8F%E3%81%B0%E5%B8%82%E3%81%AEweb%E3%82%B5%E3%82%A4%E3%83%88%E5%88%B6%E4%BD%9C%E6%A5%AD%E7%95%8C%E3%82%92%E3%83%AA%E3%83%BC%E3%83%89%E3%81%99%E3%82%8B,,,,茨城県,茨城県 地域サービス業 Web集客支援 -おすすめ -比較 -ランキング -求人 -まとめ
集客 ・販売促進 支援サービス,https://www.xrosnet.com/service/sales-promotion/,,,,茨城県,茨城県 地域サービス業 Web集客支援 -おすすめ -比較 -ランキング -求人 -まとめ
水戸のSEO対策・ Web集客支援,https://bridge-to-the-future.co.jp/service/seo,,,,茨城県,茨城県 地域サービス業 Web集客支援 -おすすめ -比較 -ランキング -求人 -まとめ
茨城県 の経営者のもとで県外人材が副業し 地域 課題解決に挑む ...,https://etic.or.jp/news/2026/03/7134,,,,茨城県,茨城県 地域サービス業 Web集客支援 -おすすめ -比較 -ランキング -求人 -まとめ
富山市で工務店・ リフォーム 特化ホームページ制作 ...,https://dob.co.jp/service/reform-hp/area/hokushin/toyama/toyamashi/,,,,栃木県,栃木県 リフォーム会社 集客マーケティング支援 -おすすめ -比較 -ランキング -求人 -まとめ
営業の成果を最大化する戦略的 会社 案内作成サービス,https://www.yellowbird.co.jp/company-brochure,,,,栃木県,栃木県 リフォーム会社 集客マーケティング支援 -おすすめ -比較 -ランキング -求人 -まとめ
令和8(2026)年度 栃木県 移住・定住促進等デジタル マーケティング ...,https://www.pref.tochigi.lg.jp/a03/nyuusatu/r8digitalmarketing/r8digimakekekka.html,,,,栃木県,栃木県 建設会社 採用マーケティング支援 -おすすめ -比較 -ランキング -求人 -まとめ
会員企業,https://www.tisia.or.jp/companies/,,,,栃木県,栃木県 建設会社 採用マーケティング支援 -おすすめ -比較 -ランキング -求人 -まとめ
採用 情報,https://angel-holdings.com/recruit/,,,,栃木県,栃木県 建設会社 採用マーケティング支援 -おすすめ -比較 -ランキング -求人 -まとめ
株式 会社 クウカン 採用 サイト,https://re-v.co.jp/works/163/,,,,栃木県,栃木県 建設会社 採用マーケティング支援 -おすすめ -比較 -ランキング -求人 -まとめ
ダウンロード資料,https://curiver.com/document/,,,,栃木県,栃木県 家具 インテリア 販促マーケティング -おすすめ -比較 -ランキング -求人 -まとめ
マスタータイトルの書式設定,https://webcons.insource.co.jp/wp/wp-content/uploads/2024/05/240510archive_site.pdf,,,,栃木県,栃木県 家具 インテリア 販促マーケティング -おすすめ -比較 -ランキング -求人 -まとめ
S23_16_kanto,https://s23.jizokukahojokin.info/doc/saitaku16/s23_16_kanto.pdf,,,,栃木県,栃木県 家具 インテリア 販促マーケティング -おすすめ -比較 -ランキング -求人 -まとめ
「ヒット商品創出支援事業」セミナー・個別相談会のご案内,https://foodvalley-tochigi.jp/common/sysfile/finder/files/240705%E7%94%A3%E6%A5%AD%E6%94%BF%E7%AD%96%E8%AA%B2_%E6%B7%BB%E4%BB%98%E8%B3%87%E6%96%99_%E3%80%8C%E3%83%92%E3%83%83%E3%83%88%E5%95%86%E5%93%81%E5%89%B5%E5%87%BA%E6%94%AF%E6%8F%B4%E4%BA%8B%E6%A5%AD%E3%80%8D%E5%8F%82%E5%8A%A0%E4%BA%8B%E6%A5%AD%E8%80%85%E5%8B%9F%E9%9B%86%E3%83%81%E3%83%A9%E3%82%B7.pdf,,,,栃木県,栃木県 家具 インテリア 販促マーケティング -おすすめ -比較 -ランキング -求人 -まとめ
会社概要,https://www.karimoku.com/company/profile.html,,,,栃木県,栃木県 家具 インテリア 販促マーケティング -おすすめ -比較 -ランキング -求人 -まとめ
幼稚園 ・認定こども園,https://www.city.kanuma.tochigi.jp/0190/info-0000006904-0.html,,,,栃木県,栃木県 幼稚園 保育園 広報支援会社 -おすすめ -比較 -ランキング -求人 -まとめ
あい・あい 保育園 （宝木町1丁目）,https://www.city.utsunomiya.lg.jp/kosodate/kosodate/1035002/hoiku/ichiran/shokibo/1014804.html,,,,栃木県,栃木県 幼稚園 保育園 広報支援会社 -おすすめ -比較 -ランキング -求人 -まとめ
知識の森通信 2020年 (令和2年) 3月16日発行(1),https://www.kyowa-u.ac.jp/publications/pdf/akamatsu/48.pdf,,,,栃木県,栃木県 幼稚園 保育園 広報支援会社 -おすすめ -比較 -ランキング -求人 -まとめ
観光 専門学校,https://www.business.tbc-u.ac.jp/reason/tourism/,,,,栃木県,栃木県 専門学校 学生募集 マーケティング -おすすめ -比較 -ランキング -求人 -まとめ
《別紙目次》,https://www.dsecchi.mext.go.jp/2508nsecchi/pdf/shibaura_sisutemu_seimeikagakukatei_2508nsecchi_gakusei2.pdf,,,,栃木県,栃木県 専門学校 学生募集 マーケティング -おすすめ -比較 -ランキング -求人 -まとめ
資格取得,https://acd.ac.jp/design-beauty/qualifications/,,,,栃木県,栃木県 専門学校 学生募集 マーケティング -おすすめ -比較 -ランキング -求人 -まとめ
オンライン学校説明会,https://www.jec.ac.jp/event/online/,,,,栃木県,栃木県 専門学校 学生募集 マーケティング -おすすめ -比較 -ランキング -求人 -まとめ
横断検索 栃木県立博物館,https://jpsearch.go.jp/csearch/jps-cross?csid=jps-cross&from=0&q-common.contributor=%E6%A0%83%E6%9C%A8%E7%9C%8C%E7%AB%8B%E5%8D%9A%E7%89%A9%E9%A4%A8,,,,栃木県,栃木県 博物館 美術館 デジタルプロモーション -おすすめ -比較 -ランキング -求人 -まとめ
栃木 市内の遺跡や出土品が3Dで公開！,https://www.city.tochigi.lg.jp/site/culture/60693.html,,,,栃木県,栃木県 博物館 美術館 デジタルプロモーション -おすすめ -比較 -ランキング -求人 -まとめ
【新分野誕生】13自治体との連携実績から未来へ。北関東唯一の ...,https://geidai.bunsei.ac.jp/topics/newbunsei2026/,,,,栃木県,栃木県 博物館 美術館 デジタルプロモーション -おすすめ -比較 -ランキング -求人 -まとめ
令和5年度 事業報告書,https://www.j-muse.or.jp/wp-content/uploads/2024/06/houkoku_R5.pdf,,,,栃木県,栃木県 博物館 美術館 デジタルプロモーション -おすすめ -比較 -ランキング -求人 -まとめ
平成30年度 特別陳列 【屏風をひらけば】 参考文献リスト,https://ch.kanagawa-museum.jp/uploads/library-byoubu-list.pdf,,,,栃木県,栃木県 博物館 美術館 デジタルプロモーション -おすすめ -比較 -ランキング -求人 -まとめ
茨城 栃木,https://www.pref.gunma.jp/uploaded/attachment/139240.pdf,,,,栃木県,栃木県 博物館 美術館 デジタルプロモーション -おすすめ -比較 -ランキング -求人 -まとめ
平成 30(2018)年度事業報告,https://www.tochigiji.or.jp/wp-content/uploads/disclosure/2021/09/disc30-1-1.pdf,,,,栃木県,栃木県 レジャー施設 集客マーケティング -おすすめ -比較 -ランキング -求人 -まとめ
栃木県 の隠れた魅力を世界へ！多言語化で切り拓く新時代の ...,https://www.orchidcc.com/%E6%A0%83%E6%9C%A8%E7%9C%8C%E3%81%AE%E9%9A%A0%E3%82%8C%E3%81%9F%E9%AD%85%E5%8A%9B%E3%82%92%E4%B8%96%E7%95%8C%E3%81%B8%EF%BC%81%E5%A4%9A%E8%A8%80%E8%AA%9E%E5%8C%96%E3%81%A7%E5%88%87%E3%82%8A%E6%8B%93/,,,,栃木県,栃木県 レジャー施設 集客マーケティング -おすすめ -比較 -ランキング -求人 -まとめ
LINE活用実績,https://www.base-net.co.jp/category_works/line/,,,,栃木県,栃木県 レジャー施設 集客マーケティング -おすすめ -比較 -ランキング -求人 -まとめ
統計法令に基づく統計調査の承認及び届出の状況,https://www.soumu.go.jp/main_content/000300862.pdf,,,,栃木県,栃木県 レジャー施設 集客マーケティング -おすすめ -比較 -ランキング -求人 -まとめ
遊休地を、収益を生む体験型アクティビティへ,https://lbcg.net/resort-activity/,,,,栃木県,栃木県 レジャー施設 集客マーケティング -おすすめ -比較 -ランキング -求人 -まとめ
《リョカニーズ》 国内 集客 を強力サポート,https://www.jissen-inb.com/%E5%9B%BD%E5%86%85%E9%9B%86%E5%AE%A2%E3%82%B5%E3%83%9D%E3%83%BC%E3%83%88-%E3%83%AA%E3%83%A7%E3%82%AB%E3%83%8B%E3%83%BC%E3%82%BA/,,,,栃木県,栃木県 温浴施設 SNS集客支援 -おすすめ -比較 -ランキング -求人 -まとめ
第18回 人を呼ぶ「道の駅たかねざわ」、整備・運営の工夫（2 ...,https://project.nikkeibp.co.jp/atclppp/PPP/032300072/052600021/?ST=ppp-print,,,,栃木県,栃木県 温浴施設 SNS集客支援 -おすすめ -比較 -ランキング -求人 -まとめ
【Instagram運用実績】開設3ヶ月で月間4万インプレッション達成 ...,https://www.spiceworks.co.jp/works/1579/,,,,栃木県,栃木県 温浴施設 SNS集客支援 -おすすめ -比較 -ランキング -求人 -まとめ
株式 会社 クシコ,https://kushiko.net/,,,,栃木県,栃木県 飲食チェーン 販促支援会社 -おすすめ -比較 -ランキング -求人 -まとめ
飲食 店様へ,https://yokokura-uc.jp/retail/,,,,栃木県,栃木県 飲食チェーン 販促支援会社 -おすすめ -比較 -ランキング -求人 -まとめ
Zoho CRM Catalouge_FX_User,https://www.zoho.com/sites/zweb/images/zoho_general_pages/crm-catalog.pdf?src=sp01,,,,栃木県,栃木県 小売店舗 CRM 販促支援 -おすすめ -比較 -ランキング -求人 -まとめ
導入事例,https://www.qualica.co.jp/ja/case.html,,,,栃木県,栃木県 小売店舗 CRM 販促支援 -おすすめ -比較 -ランキング -求人 -まとめ
デジタルマーケティング ツール,https://spiralup.bz/works/hashtag/%E3%83%87%E3%82%B8%E3%82%BF%E3%83%AB%E3%83%9E%E3%83%BC%E3%82%B1%E3%83%86%E3%82%A3%E3%83%B3%E3%82%B0%E3%83%84%E3%83%BC%E3%83%AB,,,,栃木県,栃木県 健康食品 デジタルマーケティング会社 -おすすめ -比較 -ランキング -求人 -まとめ
【募集】オンラインセミナー「3大テーマで振り返る中国 食品 飲料 ...,https://www.shanghai.cn.emb-japan.go.jp/itpr_ja/11_000001_01769.html,,,,栃木県,栃木県 健康食品 デジタルマーケティング会社 -おすすめ -比較 -ランキング -求人 -まとめ
食品 開発・問屋,https://splans.main.jp/food.html,,,,栃木県,栃木県 健康食品 デジタルマーケティング会社 -おすすめ -比較 -ランキング -求人 -まとめ
栃木県,https://about-web.jp/area/tochigi/,,,,栃木県,栃木県 地域サービス業 Web集客支援 -おすすめ -比較 -ランキング -求人 -まとめ
後見人センターとちぎ様（ 栃木県 宇都宮市・鹿沼市）,https://valution.jp/works/homepage-17/,,,,栃木県,栃木県 地域サービス業 Web集客支援 -おすすめ -比較 -ランキング -求人 -まとめ
「引き算の美学に共感」 『運任せ』、『紹介頼み』だった 集客 が,https://www.4sense.co.jp/interview/163/,,,,群馬県,群馬県 リフォーム会社 集客マーケティング支援 -おすすめ -比較 -ランキング -求人 -まとめ
トライアル型提供課題LIST,https://next-gen.pref.gunma.jp/trial/,,,,群馬県,群馬県 建設会社 採用マーケティング支援 -おすすめ -比較 -ランキング -求人 -まとめ
会社 案内,https://s-pr.co.jp/company/,,,,群馬県,群馬県 建設会社 採用マーケティング支援 -おすすめ -比較 -ランキング -求人 -まとめ
建設 業,https://www.raku2p-dit-ms.com/construction,,,,群馬県,群馬県 建設会社 採用マーケティング支援 -おすすめ -比較 -ランキング -求人 -まとめ
支援 実績,https://sinmido.com/works/,,,,群馬県,群馬県 建設会社 採用マーケティング支援 -おすすめ -比較 -ランキング -求人 -まとめ
SEO対策・WEB集客,https://emo-planning.co.jp/webmarketing/,,,,群馬県,群馬県 建設会社 採用マーケティング支援 -おすすめ -比較 -ランキング -求人 -まとめ
ヤマダnews,https://news.shoninsha.co.jp/promotion/251908,,,,群馬県,群馬県 家具 インテリア 販促マーケティング -おすすめ -比較 -ランキング -求人 -まとめ
財団法人 電源地域振興センター：調査事例（ マーケティング ）,https://www2.dengen.or.jp/html/case/etc/etc.html,,,,群馬県,群馬県 家具 インテリア 販促マーケティング -おすすめ -比較 -ランキング -求人 -まとめ
デザイン – ページ 2,https://www.gcis.or.jp/page/2/?specialized=sp4,,,,群馬県,群馬県 家具 インテリア 販促マーケティング -おすすめ -比較 -ランキング -求人 -まとめ
株式会社 アトリエKC – 店舗や住宅の『開発』『開業』『再生』を ...,https://akc-design.co.jp/,,,,群馬県,群馬県 家具 インテリア 販促マーケティング -おすすめ -比較 -ランキング -求人 -まとめ
保育 ICTシステムCoDMON（コドモン）の導入について,https://www.city.tatebayashi.gunma.jp/s108/kosodate/010/060/020/20251222114150.html,,,,群馬県,群馬県 幼稚園 保育園 広報支援会社 -おすすめ -比較 -ランキング -求人 -まとめ
保育園 留学,https://www.city.kiryu.lg.jp/shisei/machi/iinekiryu/1024992.html,,,,群馬県,群馬県 幼稚園 保育園 広報支援会社 -おすすめ -比較 -ランキング -求人 -まとめ
令和8年度の 幼稚園 ・ 保育 所利用申し込み案内,https://www.town.tamamura.lg.jp/docs/2025082700028/,,,,群馬県,群馬県 幼稚園 保育園 広報支援会社 -おすすめ -比較 -ランキング -求人 -まとめ
認定こども園・子ども子育て政治連盟(トップページ）,https://kodomokosodate-sr.com/index/,,,,群馬県,群馬県 幼稚園 保育園 広報支援会社 -おすすめ -比較 -ランキング -求人 -まとめ
WEBキャリアデザインコース,https://www.wcd-iitc.jp/,,,,群馬県,群馬県 専門学校 学生募集 マーケティング -おすすめ -比較 -ランキング -求人 -まとめ
学生募集 要項,https://iitc.ac.jp/doc/idd_0_by_202504.pdf,,,,群馬県,群馬県 専門学校 学生募集 マーケティング -おすすめ -比較 -ランキング -求人 -まとめ
2027年度 学生募集 について,https://otc.ac.jp/opencanvas/2027exam/,,,,群馬県,群馬県 専門学校 学生募集 マーケティング -おすすめ -比較 -ランキング -求人 -まとめ
オープンキャンパス,https://www.chuo.ac.jp/cia/cf_opencampus/,,,,群馬県,群馬県 専門学校 学生募集 マーケティング -おすすめ -比較 -ランキング -求人 -まとめ
学科の刷新(コース制の導入)と外部からの人材招聘,https://www.shigaku.go.jp/jireishu_p042.pdf,,,,群馬県,群馬県 専門学校 学生募集 マーケティング -おすすめ -比較 -ランキング -求人 -まとめ
群馬 工業高等 専門学校,https://www.gunma-ct.ac.jp/,,,,群馬県,群馬県 専門学校 学生募集 マーケティング -おすすめ -比較 -ランキング -求人 -まとめ
デジタル アーカイブとは,https://www.toppan.com/ja/joho/social/column/column48.html,,,,群馬県,群馬県 博物館 美術館 デジタルプロモーション -おすすめ -比較 -ランキング -求人 -まとめ
組織でさがす,https://www.city.takasaki.gunma.jp/soshiki/,,,,群馬県,群馬県 博物館 美術館 デジタルプロモーション -おすすめ -比較 -ランキング -求人 -まとめ
『ままここっと® 群馬 版』,https://chuco.co.jp/mamacocotto-list/%E3%81%BE%E3%81%BE%E3%81%93%E3%81%93%E3%81%A3%E3%81%A8%E3%80%80%E7%BE%A4%E9%A6%AC%E7%89%88/,,,,群馬県,群馬県 博物館 美術館 デジタルプロモーション -おすすめ -比較 -ランキング -求人 -まとめ
令和6年度事業報告,https://top.gtia.jp/wp-content/uploads/2025/07/d75c8e482f7b8e86213567fa41e26fef.pdf,,,,群馬県,群馬県 レジャー施設 集客マーケティング -おすすめ -比較 -ランキング -求人 -まとめ
群馬県 ・水上温泉「あらたし みなかみ」に学ぶ地域再生モデル,https://digitalpr.jp/r/130018,,,,群馬県,群馬県 温浴施設 SNS集客支援 -おすすめ -比較 -ランキング -求人 -まとめ
定額で毎日通えるサウナのサブスク「FLEXKEY」、9月より月額 ...,https://adv.tokyo-np.co.jp/prtimes/article184503/,,,,群馬県,群馬県 温浴施設 SNS集客支援 -おすすめ -比較 -ランキング -求人 -まとめ
今氏 一路さん,https://kiryu-iju.jp/interview/013/,,,,群馬県,群馬県 温浴施設 SNS集客支援 -おすすめ -比較 -ランキング -求人 -まとめ
GGCハッピーアイランドの集客策SNSやPOSデータの活用,https://www.compass-it.jp/pickup/2567,,,,群馬県,群馬県 飲食チェーン 販促支援会社 -おすすめ -比較 -ランキング -求人 -まとめ
デジタルガレージと東芝テック、スマホを活用した次世代型決済と ...,https://dgmt.garage.co.jp/news/release/retail_poc,,,,群馬県,群馬県 小売店舗 CRM 販促支援 -おすすめ -比較 -ランキング -求人 -まとめ
デジタルマーケティング ツール,https://www.d-ic.com/works/hashtag/%E3%83%87%E3%82%B8%E3%82%BF%E3%83%AB%E3%83%9E%E3%83%BC%E3%82%B1%E3%83%86%E3%82%A3%E3%83%B3%E3%82%B0%E3%83%84%E3%83%BC%E3%83%AB,,,,群馬県,群馬県 健康食品 デジタルマーケティング会社 -おすすめ -比較 -ランキング -求人 -まとめ
ソウルドアウト 上越印刷工業と デジタルマーケティング で戦略的 ...,https://www.newprinet.co.jp/%E3%82%BD%E3%82%A6%E3%83%AB%E3%83%89%E3%82%A2%E3%82%A6%E3%83%88-%E4%B8%8A%E8%B6%8A%E5%8D%B0%E5%88%B7%E5%B7%A5%E6%A5%AD%E3%81%A8%E3%83%87%E3%82%B8%E3%82%BF%E3%83%AB%E3%83%9E%E3%83%BC%E3%82%B1%E3%83%86,,,,群馬県,群馬県 健康食品 デジタルマーケティング会社 -おすすめ -比較 -ランキング -求人 -まとめ
令和2年度 大学院修了生の就職先,https://www.gunma-u.ac.jp/wp-content/uploads/2021/06/20c74eb45c1831f412c7cf6261f9a746.pdf,,,,群馬県,群馬県 健康食品 デジタルマーケティング会社 -おすすめ -比較 -ランキング -求人 -まとめ
群馬 システム開発・ECサイト・AI活用,https://is-prime.co.jp/area/gunma/,,,,群馬県,群馬県 地域サービス業 Web集客支援 -おすすめ -比較 -ランキング -求人 -まとめ
ネット を活用した 集客支援,https://www.kiryucci.or.jp/saposute/html/man_station_10.html,,,,群馬県,群馬県 地域サービス業 Web集客支援 -おすすめ -比較 -ランキング -求人 -まとめ
群馬県 よろず 支援 拠点,https://miali.co.jp/yorozu-support/,,,,群馬県,群馬県 地域サービス業 Web集客支援 -おすすめ -比較 -ランキング -求人 -まとめ
創業 支援 担当者向けセミナー,https://www.g-inf.or.jp/pdf/201612_02.pdf,,,,群馬県,群馬県 地域サービス業 Web集客支援 -おすすめ -比較 -ランキング -求人 -まとめ
群馬県 のホームページ制作ならMK-Design,https://mk-design.xyz/service/homepage/,,,,群馬県,群馬県 地域サービス業 Web集客支援 -おすすめ -比較 -ランキング -求人 -まとめ
Tonet Linkの Web サイト,https://tonetlink.jp/about,,,,群馬県,群馬県 地域サービス業 Web集客支援 -おすすめ -比較 -ランキング -求人 -まとめ
目黒区の建設・ リフォーム のホームページ制作 ...,https://cantik.co.jp/meguro-construction/,,,,埼玉県,埼玉県 リフォーム会社 集客マーケティング支援 -おすすめ -比較 -ランキング -求人 -まとめ
現場作業員の募集要項,https://clients.itszai.jp/4d54497a4e54413d/recruitments/274620,,,,埼玉県,埼玉県 建設会社 採用マーケティング支援 -おすすめ -比較 -ランキング -求人 -まとめ
コンサル/地域創生/経営/ マーケティング /人事領域にチャレンジ ...,https://saitamanavi.jp/company_feed_detail/1870,,,,埼玉県,埼玉県 建設会社 採用マーケティング支援 -おすすめ -比較 -ランキング -求人 -まとめ
お問い合わせ,https://linarc.jp/contact/,,,,埼玉県,埼玉県 建設会社 採用マーケティング支援 -おすすめ -比較 -ランキング -求人 -まとめ
事業内容・価格表,https://www.officegunshi.com/%E4%BA%8B%E6%A5%AD%E5%86%85%E5%AE%B9%E3%83%BB%E4%BE%A1%E6%A0%BC%E8%A1%A8/,,,,埼玉県,埼玉県 建設会社 採用マーケティング支援 -おすすめ -比較 -ランキング -求人 -まとめ
【事例009】 建設会社 の施工管理補助としての技人国ビザ申請 – 富山県,https://office-matsurika.jp/visa-sekoukanri-009/,,,,埼玉県,埼玉県 建設会社 採用マーケティング支援 -おすすめ -比較 -ランキング -求人 -まとめ
営業・設計・監督・職人からの入社応募を倍増させるための 採用 力 ...,https://sumus-inc.co.jp/seminars/1980,,,,埼玉県,埼玉県 建設会社 採用マーケティング支援 -おすすめ -比較 -ランキング -求人 -まとめ
ニュース 製品・サービス 51,https://www.dnp.co.jp/en/news/?r=2%3A%E8%A3%BD%E5%93%81%E3%83%BB%E3%82%B5%E3%83%BC%E3%83%93%E3%82%B9<lt;c=20<p=12<c=10<o=0&p=51&c=10&o=0,,,,埼玉県,埼玉県 家具 インテリア 販促マーケティング -おすすめ -比較 -ランキング -求人 -まとめ
カラーコンサルティング,https://www.shikisaijyuku.com/seminar,,,,埼玉県,埼玉県 家具 インテリア 販促マーケティング -おすすめ -比較 -ランキング -求人 -まとめ
MetaGate株式会社の共創プロフィール,https://auba.eiicon.net/projects/33729,,,,埼玉県,埼玉県 家具 インテリア 販促マーケティング -おすすめ -比較 -ランキング -求人 -まとめ
子育ても仕事も大切にしたいから 園活ナビゲーター 事業 【合同 会社 ...,https://www.gender.go.jp/policy/chihou_renkei/pdf/kako_h28_06.pdf,,,,埼玉県,埼玉県 幼稚園 保育園 広報支援会社 -おすすめ -比較 -ランキング -求人 -まとめ
e-Work,https://comnet-biz.co.jp/e-work/,,,,埼玉県,埼玉県 幼稚園 保育園 広報支援会社 -おすすめ -比較 -ランキング -求人 -まとめ
オンライン写真販売サービス「えんフォト」、 埼玉県 狭山市の学童8 ...,https://www.uluru.biz/news/13491,,,,埼玉県,埼玉県 幼稚園 保育園 広報支援会社 -おすすめ -比較 -ランキング -求人 -まとめ
幼稚園 ・ 保育園 等,https://www.city.asaka.lg.jp/uploaded/attachment/109048.pdf,,,,埼玉県,埼玉県 幼稚園 保育園 広報支援会社 -おすすめ -比較 -ランキング -求人 -まとめ
経済経営学科_スポーツ マーケティング _モデル,https://www.saigaku.ac.jp/chunk/e_sports_marketing/,,,,埼玉県,埼玉県 専門学校 学生募集 マーケティング -おすすめ -比較 -ランキング -求人 -まとめ
入学前授業が始まりました！,https://www.ccmc.ac.jp/admission/2023/10/24/%E5%85%A5%E5%AD%A6%E5%89%8D%E6%8E%88%E6%A5%AD%E3%81%8C%E5%A7%8B%E3%81%BE%E3%82%8A%E3%81%BE%E3%81%97%E3%81%9F/,,,,埼玉県,埼玉県 専門学校 学生募集 マーケティング -おすすめ -比較 -ランキング -求人 -まとめ
埼玉 女子短期大学 学長 桾沢栄一氏,https://souken.shingakunet.com/secondary/2024/04/post-82.html,,,,埼玉県,埼玉県 専門学校 学生募集 マーケティング -おすすめ -比較 -ランキング -求人 -まとめ
セミナー,https://setten.sgec.or.jp/seminar/index.html,,,,埼玉県,埼玉県 専門学校 学生募集 マーケティング -おすすめ -比較 -ランキング -求人 -まとめ
専門学校 での導入を経て法人向けに本格始動,https://swa.ss-complex.com/news/news250701/,,,,埼玉県,埼玉県 専門学校 学生募集 マーケティング -おすすめ -比較 -ランキング -求人 -まとめ
プロモーションムービーの制作,https://www.moviejapan.jp/join-us/promotion_movie/,,,,埼玉県,埼玉県 博物館 美術館 デジタルプロモーション -おすすめ -比較 -ランキング -求人 -まとめ
文化コンテンツを活用した地方創生の取組,https://www.cao.go.jp/cool_japan/kaigi/cj_strategy/000116164.pdf,,,,埼玉県,埼玉県 博物館 美術館 デジタルプロモーション -おすすめ -比較 -ランキング -求人 -まとめ
和光市 デジタルミュージアム,https://www.city.wako.lg.jp/kosodate/rekishi/1005221.html,,,,埼玉県,埼玉県 博物館 美術館 デジタルプロモーション -おすすめ -比較 -ランキング -求人 -まとめ
様式第2号(第7条関係) 会議の開催結果 1 会議の名称 令和5年度第 ...,https://www.city.saitama.lg.jp/006/008/002/012/004/018/p074265_d/fil/kaisaikekkaR5_1.pdf,,,,埼玉県,埼玉県 博物館 美術館 デジタルプロモーション -おすすめ -比較 -ランキング -求人 -まとめ
国立新 美術館 ：日本の美術展覧会記録1945-2005,https://www.nact.jp/exhibitions1945-2005/exhibitions.php?area=%E5%9F%BC%E7%8E%89%E7%9C%8C,,,,埼玉県,埼玉県 博物館 美術館 デジタルプロモーション -おすすめ -比較 -ランキング -求人 -まとめ
令和6年度当初予算知事審査における主要な議論 （環境部 ...,https://www.pref.saitama.lg.jp/documents/243477/r6-09sanrou-tiji.pdf,,,,埼玉県,埼玉県 レジャー施設 集客マーケティング -おすすめ -比較 -ランキング -求人 -まとめ
「グランフィルリゾーツ東武」が3月11日グランドオープン！,https://www.tobutoptours.co.jp/newsrelease/20260225.pdf,,,,埼玉県,埼玉県 レジャー施設 集客マーケティング -おすすめ -比較 -ランキング -求人 -まとめ
観光関連 施設 の需要に関する分析1）,https://tourism.repo.nii.ac.jp/record/204/files/no.1HidenobuOkano.pdf,,,,埼玉県,埼玉県 レジャー施設 集客マーケティング -おすすめ -比較 -ランキング -求人 -まとめ
商業施設・ レジャー施設 ・デベロッパー向け 集客 ・活性化支援,https://areapromotion.jtbcom.co.jp/,,,,埼玉県,埼玉県 レジャー施設 集客マーケティング -おすすめ -比較 -ランキング -求人 -まとめ
お客様の業態の実績・事例(40ページ目),https://www.tourism.jp/consulting/achievement/industry/page/40/,,,,埼玉県,埼玉県 レジャー施設 集客マーケティング -おすすめ -比較 -ランキング -求人 -まとめ
埼玉県 行田市のSNS映え スポット ！花手水＆田んぼアートの魅力を ...,https://touchtv.jp/blog/1172,,,,埼玉県,埼玉県 レジャー施設 集客マーケティング -おすすめ -比較 -ランキング -求人 -まとめ
SNS,https://waan.takusa.jp/category/achievements/sns/,,,,埼玉県,埼玉県 温浴施設 SNS集客支援 -おすすめ -比較 -ランキング -求人 -まとめ
温浴業界の未来を共につくるパートナーとして,https://kenbiyakuto.com/voice/onyoku111/,,,,埼玉県,埼玉県 温浴施設 SNS集客支援 -おすすめ -比較 -ランキング -求人 -まとめ
SNS で拡げるビジネスの可能性,https://shibusawa-mix.pref.saitama.lg.jp/event/event20250710/,,,,埼玉県,埼玉県 温浴施設 SNS集客支援 -おすすめ -比較 -ランキング -求人 -まとめ
リテールアド・コンソーシアムFORUM「ニューノーマル時代の ...,https://retailadconsortium.jp/forum-profile/,,,,埼玉県,埼玉県 小売店舗 CRM 販促支援 -おすすめ -比較 -ランキング -求人 -まとめ
導入事例,https://max-com.co.jp/cases,,,,埼玉県,埼玉県 小売店舗 CRM 販促支援 -おすすめ -比較 -ランキング -求人 -まとめ
出展者紹介 （川越） SAITAMA DX EXPO 2026,https://dx-expo.pref.saitama.lg.jp/pdf/kaw_seminar_ichiran.pdf,,,,埼玉県,埼玉県 小売店舗 CRM 販促支援 -おすすめ -比較 -ランキング -求人 -まとめ
ソリューション企業,https://www.kanto.meti.go.jp/seisaku/ryutsu/sisckanto/solution_enterprise.html,,,,埼玉県,埼玉県 飲食チェーン 販促支援会社 -おすすめ -比較 -ランキング -求人 -まとめ
業務内容,https://www.anrakutei.co.jp/bosyu/career/job_kind?cd=135,,,,埼玉県,埼玉県 飲食チェーン 販促支援会社 -おすすめ -比較 -ランキング -求人 -まとめ
株式 会社 河村屋,https://shibusawamix-canvas.eiicon.net/openmatch2026/kawamuraya,,,,埼玉県,埼玉県 健康食品 デジタルマーケティング会社 -おすすめ -比較 -ランキング -求人 -まとめ
食品 業界の新規事業のニーズ・市場調査に強いコンサルティング ...,https://by-independent.com/column4/food-industry-new-business-consulting-bizdevx_top5-2/,,,,埼玉県,埼玉県 健康食品 デジタルマーケティング会社 -おすすめ -比較 -ランキング -求人 -まとめ
コーディネーター紹介,https://saitama-yorozu.go.jp/coordinator/,,,,埼玉県,埼玉県 健康食品 デジタルマーケティング会社 -おすすめ -比較 -ランキング -求人 -まとめ
安藤昌明,https://mrba.or.jp/%E5%AE%89%E8%97%A4%E6%98%8C%E6%98%8E/,,,,埼玉県,埼玉県 健康食品 デジタルマーケティング会社 -おすすめ -比較 -ランキング -求人 -まとめ
フードイングリディエンツファーム株式 会社,https://www.kawagoe.or.jp/food-and-glidientz-farm-co-ltd/,,,,埼玉県,埼玉県 健康食品 デジタルマーケティング会社 -おすすめ -比較 -ランキング -求人 -まとめ
サクセシオの強み,https://successio.co.jp/features,,,,埼玉県,埼玉県 地域サービス業 Web集客支援 -おすすめ -比較 -ランキング -求人 -まとめ
南区での ネット集客 術：成功へのステップとコツ,https://alltoday.jp/column/eca4e6c1-6abb-474e-b191-9fef15a0c73a,,,,埼玉県,埼玉県 地域サービス業 Web集客支援 -おすすめ -比較 -ランキング -求人 -まとめ
埼玉県 Web集客 ＆ホームページ制作代行【合同会社サクセシオ ...,https://successio.successio.moe/,,,,埼玉県,埼玉県 地域サービス業 Web集客支援 -おすすめ -比較 -ランキング -求人 -まとめ
埼玉県 のホームページ制作 なら,https://www.takizawa-design.jp/area/saitamaken/,,,,埼玉県,埼玉県 地域サービス業 Web集客支援 -おすすめ -比較 -ランキング -求人 -まとめ
商業振興関係専門家派遣事業,https://www.city.ageo.lg.jp/page/041120071005.html,,,,埼玉県,埼玉県 地域サービス業 Web集客支援 -おすすめ -比較 -ランキング -求人 -まとめ
ホームページのSEOコンサルティングで売上2億円達成！,https://valueagent.co.jp/result/gaihekkitosou_seo,,,,千葉県,千葉県 リフォーム会社 集客マーケティング支援 -おすすめ -比較 -ランキング -求人 -まとめ
【YGM株式 会社 公式サイトを公開】,https://nex-t-planning.co.jp/news-ygm-hp-open/,,,,千葉県,千葉県 リフォーム会社 集客マーケティング支援 -おすすめ -比較 -ランキング -求人 -まとめ
常に時代のニーズをつかみ高付加価値 リフォーム を提供,https://ssl.gltomonokai.com/information/thing/learning/reform/2025/06/index.html,,,,千葉県,千葉県 リフォーム会社 集客マーケティング支援 -おすすめ -比較 -ランキング -求人 -まとめ
EzONE,https://homepage-kimete.com/company/ezone/,,,,千葉県,千葉県 リフォーム会社 集客マーケティング支援 -おすすめ -比較 -ランキング -求人 -まとめ
株式 会社 建築サポート様,https://noveltyinc.jp/project/kensapo_corporate,,,,千葉県,千葉県 建設会社 採用マーケティング支援 -おすすめ -比較 -ランキング -求人 -まとめ
企業名 採用 予定地 業種 1 株式 会社 ナンセイ 東京都、 千葉県 建設 業 2 ...,https://jsite.mhlw.go.jp/okinawa-roudoukyoku/content/contents/001524708.pdf,,,,千葉県,千葉県 建設会社 採用マーケティング支援 -おすすめ -比較 -ランキング -求人 -まとめ
株式 会社 HIGHER,https://higher-official.co.jp/,,,,千葉県,千葉県 建設会社 採用マーケティング支援 -おすすめ -比較 -ランキング -求人 -まとめ
大高 努,https://t-procon.com/member/121,,,,千葉県,千葉県 建設会社 採用マーケティング支援 -おすすめ -比較 -ランキング -求人 -まとめ
千葉 商工会議所,https://www.chiba-cci.or.jp/wp-content/uploads/2018/09/H30goudouitirann.pdf,,,,千葉県,千葉県 建設会社 採用マーケティング支援 -おすすめ -比較 -ランキング -求人 -まとめ
マーケティング Division / AIO TM 稲場 瑞希 Inaba Mizuki,https://www.sho-san.co.jp/staff/marketing/inaba-mizuki/,,,,千葉県,千葉県 建設会社 採用マーケティング支援 -おすすめ -比較 -ランキング -求人 -まとめ
保育 者の集い,https://main-shinkoukai.ssl-lolipop.jp/gathering-of-childcare-workers,,,,千葉県,千葉県 幼稚園 保育園 広報支援会社 -おすすめ -比較 -ランキング -求人 -まとめ
導入事例,https://ikujino-mikata.co.jp/case/,,,,千葉県,千葉県 幼稚園 保育園 広報支援会社 -おすすめ -比較 -ランキング -求人 -まとめ
千葉県 福祉サービス第三者評価の評価結果 （Nest名都借 保育園 ）,https://kids-home.jp/nest-nazukari/wp-content/uploads/sites/16/2025/04/2024%E5%B9%B4%E5%BA%A6-Nest%E5%90%8D%E9%83%BD%E5%80%9F%E4%BF%9D%E8%82%B2%E5%9C%92-%E7%AC%AC%E4%B8%89%E8%80%85%E8%A9%95%E4%BE%A1%E5%A0%B1%E5%91%8A%E6%9B%B8.pdf,,,,千葉県,千葉県 幼稚園 保育園 広報支援会社 -おすすめ -比較 -ランキング -求人 -まとめ
千葉県 福祉サービス第三者評価の評価結果 （ 保育 所等）,https://nursery.aiai-cc.co.jp/cms/wp-content/uploads/2019/05/ba8882375155b83ba9d8d4556a70f931.pdf,,,,千葉県,千葉県 幼稚園 保育園 広報支援会社 -おすすめ -比較 -ランキング -求人 -まとめ
新着情報,https://www.nipponart-p.co.jp/topics/page/16,,,,千葉県,千葉県 家具 インテリア 販促マーケティング -おすすめ -比較 -ランキング -求人 -まとめ
オリジナルグッズ製作,https://www.act-marketing.jp/service/promotionalsupport/originalgoods.html,,,,千葉県,千葉県 家具 インテリア 販促マーケティング -おすすめ -比較 -ランキング -求人 -まとめ
幕張メッセ,https://www.my-little-kitchen.net/%E8%A4%87%E8%A3%BD-%E7%AC%AC3%E5%BC%BE-%E3%83%80%E3%83%B3%E3%82%AB%E3%83%B3-1,,,,千葉県,千葉県 家具 インテリア 販促マーケティング -おすすめ -比較 -ランキング -求人 -まとめ
INVITE on Web -一般社団法人全国 専門学校 情報教育協会-,https://www.invite.gr.jp/investigation/index.html,,,,千葉県,千葉県 専門学校 学生募集 マーケティング -おすすめ -比較 -ランキング -求人 -まとめ
情報システム科 – IT、ゲーム,https://www.itc.ac.jp/course/information_system/,,,,千葉県,千葉県 専門学校 学生募集 マーケティング -おすすめ -比較 -ランキング -求人 -まとめ
千葉おもてなし宣言,https://www.chiba-muse.or.jp/NATURAL/sub-contents/page-1520691868418/,,,,千葉県,千葉県 博物館 美術館 デジタルプロモーション -おすすめ -比較 -ランキング -求人 -まとめ
大阪中之島 美術館 開館 プロモーション 動画,https://www.cadcenter.co.jp/works/archives/2615/,,,,千葉県,千葉県 博物館 美術館 デジタルプロモーション -おすすめ -比較 -ランキング -求人 -まとめ
のとのお仕事コラム「明治〜昭和初期の「萬朝報」を デジタル 化 ...,https://www.notoinsatu.co.jp/news/6334974/,,,,千葉県,千葉県 博物館 美術館 デジタルプロモーション -おすすめ -比較 -ランキング -求人 -まとめ
公立 美術館 地域展開型研修事業 実施要綱,https://www.jafra.or.jp/fs/6/9/6/9/7/_/R7_8__________.pdf,,,,千葉県,千葉県 博物館 美術館 デジタルプロモーション -おすすめ -比較 -ランキング -求人 -まとめ
令和5年度「 千葉県 文化芸術推進基本計画」の進捗状況等について,https://www.pref.chiba.lg.jp/bunshin/shingikai/chiba-bunka-kondankai6/documents/r501-1-1sintyoku.pdf,,,,千葉県,千葉県 博物館 美術館 デジタルプロモーション -おすすめ -比較 -ランキング -求人 -まとめ
千葉県 テーマパークに学ぶ！中小企業が勝ち抜くための「熱狂 ...,https://e-nexts.co.jp/blog-post/chiba-theme-parks/,,,,千葉県,千葉県 レジャー施設 集客マーケティング -おすすめ -比較 -ランキング -求人 -まとめ
令和7年度事業計画 Ⅰ 事業方針,https://maruchiba.jp/lsc/upfile/articleDetail/0000/0069/69_d053_file.pdf,,,,千葉県,千葉県 レジャー施設 集客マーケティング -おすすめ -比較 -ランキング -求人 -まとめ
「 千葉 市インバウンド 集客 プロモーションプラン」 概要版 （1／2）,https://www.city.chiba.jp/keizainosei/keizai/promotion/documents/inboundplansummary201912.pdf,,,,千葉県,千葉県 レジャー施設 集客マーケティング -おすすめ -比較 -ランキング -求人 -まとめ
地域経済の活性化に向けた データ マーケティング の重要性,https://www.nihon-kankou.or.jp/home/userfiles/files/dx1130mitsui.pdf,,,,千葉県,千葉県 レジャー施設 集客マーケティング -おすすめ -比較 -ランキング -求人 -まとめ
守雅彦,https://chiikishigen-renkei.jp/planner/242,,,,千葉県,千葉県 レジャー施設 集客マーケティング -おすすめ -比較 -ランキング -求人 -まとめ
全旅連協定商社会名簿(令和8年7月1日現在）,https://www.zenryoren.jp/wp/wp-content/uploads/2026/07/R8.7.1%E5%90%8D%E7%B0%BF.pdf,,,,千葉県,千葉県 温浴施設 SNS集客支援 -おすすめ -比較 -ランキング -求人 -まとめ
Vol.13 紀伊乃国屋,https://www.maruzen-kitchen.co.jp/case/detail-vol-013/,,,,千葉県,千葉県 温浴施設 SNS集客支援 -おすすめ -比較 -ランキング -求人 -まとめ
解決セミナー 解決セミナー,https://yarukiouendan.or.jp/cms/wp_wipf/wp-content/uploads/semina_tirasi24-2-1.pdf,,,,千葉県,千葉県 温浴施設 SNS集客支援 -おすすめ -比較 -ランキング -求人 -まとめ
株式 会社 ユニークポイント,https://smbexcellentcompany.com/past/2024/uniquepoint,,,,千葉県,千葉県 飲食チェーン 販促支援会社 -おすすめ -比較 -ランキング -求人 -まとめ
Microsoft PowerPoint,https://www.chibashi-sangyo.or.jp/s_img/catalog/catalog_7_file_txt.pdf,,,,千葉県,千葉県 小売店舗 CRM 販促支援 -おすすめ -比較 -ランキング -求人 -まとめ
導入事例,https://www.smbc-card.com/camp/dataservice/cases/index.html,,,,千葉県,千葉県 小売店舗 CRM 販促支援 -おすすめ -比較 -ランキング -求人 -まとめ
ちば起業家大交流会［2026年1月19日(月)］,https://i-hivechiba.com/ultra,,,,千葉県,千葉県 小売店舗 CRM 販促支援 -おすすめ -比較 -ランキング -求人 -まとめ
【フェヴリナ様ゲスト登壇】リピート通販の売上拡大に必要な顧客 ...,https://penglue.jp/event/202011.html?utm_source=Co-sponsored_seminar&utm_medium=bci,,,,千葉県,千葉県 健康食品 デジタルマーケティング会社 -おすすめ -比較 -ランキング -求人 -まとめ
薬機法コンサルティング（景品表示法・ 健康 増進法も対応可 ...,https://aksk-marketing.jp/,,,,千葉県,千葉県 健康食品 デジタルマーケティング会社 -おすすめ -比較 -ランキング -求人 -まとめ
千葉県 の訪日観光プロモーション事業にて WEB マーケティング 支援 ...,https://s-cs-c.com/news/20250819/,,,,千葉県,千葉県 地域サービス業 Web集客支援 -おすすめ -比較 -ランキング -求人 -まとめ
JIMOTOの 千葉県 中小企業成長 支援 ソリューション,https://www.jimoto-marketing-sb.com/chu-sho-ksss,,,,千葉県,千葉県 地域サービス業 Web集客支援 -おすすめ -比較 -ランキング -求人 -まとめ
一緒に考えよう中小企業、個人事業主、起業したい方の,https://chibayorozu.go.jp/wp/wp-content/uploads/2024/05/yorozu_chirashi240419.pdf,,,,千葉県,千葉県 地域サービス業 Web集客支援 -おすすめ -比較 -ランキング -求人 -まとめ
Web集客 始めます課:,https://webshukyaku.jp/,,,,千葉県,千葉県 地域サービス業 Web集客支援 -おすすめ -比較 -ランキング -求人 -まとめ
【MEO×建築】工務店・ リフォーム会社 特化のMEO対策サービスを ...,https://nitaco.jp/news/meo-20210420/,,,,東京都,東京都 リフォーム会社 集客マーケティング支援 -おすすめ -比較 -ランキング -求人 -まとめ
住宅ブランドコンサルティング: 住宅・不動産の 集客 ・WEB ...,https://brandconsulting.co.jp/,,,,東京都,東京都 リフォーム会社 集客マーケティング支援 -おすすめ -比較 -ランキング -求人 -まとめ
魅力ある 会社 づくり,https://panasonic.co.jp/ew2/pewbct/blog/contents/2026/miryokuarukaisya202606.pdf,,,,東京都,東京都 リフォーム会社 集客マーケティング支援 -おすすめ -比較 -ランキング -求人 -まとめ
デジタル マーケティング,https://19231119.com/careers/digital_marketing/,,,,東京都,東京都 建設会社 採用マーケティング支援 -おすすめ -比較 -ランキング -求人 -まとめ
デジタル マーケティング,https://www.sensyn-robotics.com/recruit/recruit_information/digital_marketing,,,,東京都,東京都 建設会社 採用マーケティング支援 -おすすめ -比較 -ランキング -求人 -まとめ
2026 年度(令和 8 年度) プランコンサルティング利用者に向けたテス ...,https://startup-station.jp/wp-content/uploads/R8_tamatesuma_bosyuuyoukou.pdf,,,,東京都,東京都 建設会社 採用マーケティング支援 -おすすめ -比較 -ランキング -求人 -まとめ
選ばれる理由,https://frontiermarketing.co.jp/reason/,,,,東京都,東京都 建設会社 採用マーケティング支援 -おすすめ -比較 -ランキング -求人 -まとめ
本質的な 採用 ブランディング提供開始！,https://storage.googleapis.com/studio-design-asset-files/projects/xNWYBZ4NOl/s-1x1_b549b481-940c-4e23-93bb-1bb15906374e.pdf,,,,東京都,東京都 建設会社 採用マーケティング支援 -おすすめ -比較 -ランキング -求人 -まとめ
さくら事務所 WEB マーケティング 担当募集,https://www.sakurajimusyo.com/employment/admission03.php,,,,東京都,東京都 建設会社 採用マーケティング支援 -おすすめ -比較 -ランキング -求人 -まとめ
中途 採用 (正社員),https://www.iad.co.jp/recruit/middle.html,,,,東京都,東京都 建設会社 採用マーケティング支援 -おすすめ -比較 -ランキング -求人 -まとめ
会社 概要,https://aso-pl.co.jp/aboutus/,,,,東京都,東京都 幼稚園 保育園 広報支援会社 -おすすめ -比較 -ランキング -求人 -まとめ
会社 概要と事業戦略,https://www.gkids.jp/files/user/pdf/202011_ver1_201125.pdf,,,,東京都,東京都 幼稚園 保育園 広報支援会社 -おすすめ -比較 -ランキング -求人 -まとめ
グループについて,https://seiwagyougaku.jp/about/,,,,東京都,東京都 幼稚園 保育園 広報支援会社 -おすすめ -比較 -ランキング -求人 -まとめ
都内の 幼稚園 、 保育園 で配布する 子育て情報誌「きらきら  」の発行,https://ure-shiku.com/business/business05/,,,,東京都,東京都 幼稚園 保育園 広報支援会社 -おすすめ -比較 -ランキング -求人 -まとめ
小規模 保育 事業,https://www.city.kita.lg.jp/children-edu/childcare/1002975/1002976/1002999/1003730.html,,,,東京都,東京都 幼稚園 保育園 広報支援会社 -おすすめ -比較 -ランキング -求人 -まとめ
チエル、オフィス 家具 大手のコクヨと マーケティング 協業を開始 ...,https://www.chieru.co.jp/press-releases/corporate/press-releases-12037/,,,,東京都,東京都 家具 インテリア 販促マーケティング -おすすめ -比較 -ランキング -求人 -まとめ
東京 ビッグサイト 7/19〜7/21 「Japan マーケティング Week 夏・第 ...,https://www.kawaguchi-mac-d.jp/news/event/4821/,,,,東京都,東京都 家具 インテリア 販促マーケティング -おすすめ -比較 -ランキング -求人 -まとめ
家具 ・ インテリア 「SAKODA」がLetroStudio導入開始 折込チラシに ...,https://www.aainc.co.jp/news-release/2021/02310/,,,,東京都,東京都 家具 インテリア 販促マーケティング -おすすめ -比較 -ランキング -求人 -まとめ
インテリア ・生活雑貨の【商品企画・開発・ 販促 担当】募集の ...,https://www.fujiei.co.jp/news/811/,,,,東京都,東京都 家具 インテリア 販促マーケティング -おすすめ -比較 -ランキング -求人 -まとめ
店頭サイン、 販促 POP、プロモーション什器でお困りではないです ...,https://eco-pro.ne.jp/columns/promotion-sign-pop/,,,,東京都,東京都 家具 インテリア 販促マーケティング -おすすめ -比較 -ランキング -求人 -まとめ
学校 広報担当の方必見！ 学生募集 のためのWeb集客ガイドブログ,https://www.aceforce.co.jp/websen/,,,,東京都,東京都 専門学校 学生募集 マーケティング -おすすめ -比較 -ランキング -求人 -まとめ
4/24 ブランディング× マーケティング 勉強会にボーダーリズムが登壇 ...,https://www.borderizm.jp/column/56/,,,,東京都,東京都 専門学校 学生募集 マーケティング -おすすめ -比較 -ランキング -求人 -まとめ
業務紹介,https://www.kosoken.jp/service/,,,,東京都,東京都 専門学校 学生募集 マーケティング -おすすめ -比較 -ランキング -求人 -まとめ
サイトマップ,https://shinken-ad.co.jp/sitemap/index.html,,,,東京都,東京都 専門学校 学生募集 マーケティング -おすすめ -比較 -ランキング -求人 -まとめ
事 業 実 績 報 告,https://www.rekibun.or.jp/wp-content/uploads/2025/05/R5project_report.pdf,,,,東京都,東京都 博物館 美術館 デジタルプロモーション -おすすめ -比較 -ランキング -求人 -まとめ
事 業 実 績 報 告,https://www.seikatubunka.metro.tokyo.lg.jp/documents/d/seikatubunka/r4zigyohoukoku,,,,東京都,東京都 博物館 美術館 デジタルプロモーション -おすすめ -比較 -ランキング -求人 -まとめ
Art Communications,https://dnpartcom.jp/shared/image/about/companybrochures.pdf,,,,東京都,東京都 博物館 美術館 デジタルプロモーション -おすすめ -比較 -ランキング -求人 -まとめ
TOKYOスマート・カルチャー・プロジェクト,https://eng.nara-wu.ac.jp/tscp/,,,,東京都,東京都 博物館 美術館 デジタルプロモーション -おすすめ -比較 -ランキング -求人 -まとめ
美術館 ・ 博物館 向けソリューション,https://www.service-kosaido.jp/case/gallery/,,,,東京都,東京都 博物館 美術館 デジタルプロモーション -おすすめ -比較 -ランキング -求人 -まとめ
アソビュー、総合広告会社である新東通信と業務連携し、 レジャー ...,https://www.asoview.co.jp/news/articles/8Aty5-5L,,,,東京都,東京都 レジャー施設 集客マーケティング -おすすめ -比較 -ランキング -求人 -まとめ
【専門知識解説】 レジャー 産業における「インスタレーション」と ...,https://marketing.ipros.jp/contents/basics/ind_leis_13/,,,,東京都,東京都 レジャー施設 集客マーケティング -おすすめ -比較 -ランキング -求人 -まとめ
集客 と収益UPのチケット事業,https://wiseq.com/ticket.html,,,,東京都,東京都 レジャー施設 集客マーケティング -おすすめ -比較 -ランキング -求人 -まとめ
ヒルトン・リゾーツ・ マーケティング ・コーポレーション,https://kscms.ks.ac.kr/htm/ajx_json/UploadMgr/downloadRun.do?qcode=Qm9hcmQsMTM3MzU5LFk=,,,,東京都,東京都 レジャー施設 集客マーケティング -おすすめ -比較 -ランキング -求人 -まとめ
サウナ特化型デジタルサイネージ「フロサウナTV」が名古屋の人気 ...,https://012grp.co.jp/news/corporate/251121,,,,東京都,東京都 温浴施設 SNS集客支援 -おすすめ -比較 -ランキング -求人 -まとめ
サウナ改装で 施設 バリューと単価をアップ,https://relovacations.com/lp/sauna/,,,,東京都,東京都 温浴施設 SNS集客支援 -おすすめ -比較 -ランキング -求人 -まとめ
令和 8 年 第1回 東京都 公衆浴場対策協議会(第 24 次協議会)議事要旨,https://www.shouhiseikatu.metro.tokyo.lg.jp/chousa/yokujyo/kyougikai/documents/24-3gijiyoushi.pdf,,,,東京都,東京都 温浴施設 SNS集客支援 -おすすめ -比較 -ランキング -求人 -まとめ
温浴施設 を「館内消費が伸びるモール」へ進化させるアセット ...,http://www.cyberagentcapital.com/spotlights/mafumo/,,,,東京都,東京都 温浴施設 SNS集客支援 -おすすめ -比較 -ランキング -求人 -まとめ
株式 会社 A2T【ミセツク事業】,https://j-sa.jp/detail/660/,,,,東京都,東京都 飲食チェーン 販促支援会社 -おすすめ -比較 -ランキング -求人 -まとめ
飲食 店の売上向上を 支援 する新サービス『シコメル メニュー ...,https://corp.shikomel.com/news/press_release/1831,,,,東京都,東京都 飲食チェーン 販促支援会社 -おすすめ -比較 -ランキング -求人 -まとめ
「 飲食チェーン 向け顧客満足度アップセミナー」12/22(金)に開催,https://gmotech.jp/news_release/?p=6532,,,,東京都,東京都 飲食チェーン 販促支援会社 -おすすめ -比較 -ランキング -求人 -まとめ
「多 店舗 専門 小売 向けソーシャル CRM サービス ReBee」の販売を ...,https://www.hitachi-solutions.co.jp/company/press/news/2012/1010.html,,,,東京都,東京都 小売店舗 CRM 販促支援 -おすすめ -比較 -ランキング -求人 -まとめ
CRM 機能を強化したPOSソリューション「RITS-DX」を販売開始 ...,https://www.dreamnews.jp/press/0000218507,,,,東京都,東京都 小売店舗 CRM 販促支援 -おすすめ -比較 -ランキング -求人 -まとめ
健康食品 ・サプリメントのWEBコンサルティング成功事例,https://www.pencil.co.jp/success/health/,,,,東京都,東京都 健康食品 デジタルマーケティング会社 -おすすめ -比較 -ランキング -求人 -まとめ
健康食品 業界向け高い購入意欲を持つ層を広告配信前から抽出 ...,https://www.d2c.co.jp/news/2025/06/23/7924/,,,,東京都,東京都 健康食品 デジタルマーケティング会社 -おすすめ -比較 -ランキング -求人 -まとめ
cosmetics 健康食品 ・化粧品,https://www.konishi-p.co.jp/example/cosmetics.html,,,,東京都,東京都 健康食品 デジタルマーケティング会社 -おすすめ -比較 -ランキング -求人 -まとめ
ドコモデータを活用した 健康食品 ・機能性表示食品事業者向け広告 ...,https://www.d2cr.co.jp/archives/4437,,,,東京都,東京都 健康食品 デジタルマーケティング会社 -おすすめ -比較 -ランキング -求人 -まとめ
ジェイフロンティア株式 会社 · en-courage,https://app.en-courage.com/companies/01GQKKSNKEJGEDGGJ4R7EHM159?locale=ja,,,,東京都,東京都 健康食品 デジタルマーケティング会社 -おすすめ -比較 -ランキング -求人 -まとめ
Logscape（ログスケ）,https://www.intage-healthcare.co.jp/service/research/logscape/,,,,東京都,東京都 健康食品 デジタルマーケティング会社 -おすすめ -比較 -ランキング -求人 -まとめ
【月5万】全員が中小企業診断士の ウェブ集客 会社,https://webmkt-sme.com/company/,,,,東京都,東京都 地域サービス業 Web集客支援 -おすすめ -比較 -ランキング -求人 -まとめ
ポータルサイトの制作・構築なら 東京都 新宿のMPH,https://m-p-h.jp/building-portal/,,,,東京都,東京都 地域サービス業 Web集客支援 -おすすめ -比較 -ランキング -求人 -まとめ
会社概要,https://www.web-partner.co.jp/company/,,,,東京都,東京都 地域サービス業 Web集客支援 -おすすめ -比較 -ランキング -求人 -まとめ
東京都 港区でホームページ制作会社をお探しならSEO対策に強いBC ...,https://bc-style.com/minatoku/,,,,東京都,東京都 地域サービス業 Web集客支援 -おすすめ -比較 -ランキング -求人 -まとめ
東京都 渋谷区の WEB マーケティング会社,https://shinker.co.jp/tokyo/,,,,東京都,東京都 地域サービス業 Web集客支援 -おすすめ -比較 -ランキング -求人 -まとめ
【TRAフォーラム21】[終了]不動産業特化の Web集客 講座 ...,https://tokyo.zennichi.or.jp/tratopics/25-9/,,,,東京都,東京都 地域サービス業 Web集客支援 -おすすめ -比較 -ランキング -求人 -まとめ
新着情報,http://www.y-reform.or.jp/news/?p=2,,,,神奈川県,神奈川県 リフォーム会社 集客マーケティング支援 -おすすめ -比較 -ランキング -求人 -まとめ
会社 概要,https://site-support.jp/%E4%BC%9A%E7%A4%BE%E6%A6%82%E8%A6%81/,,,,神奈川県,神奈川県 リフォーム会社 集客マーケティング支援 -おすすめ -比較 -ランキング -求人 -まとめ
国城コンサルティング株式 会社 (本社),https://9246consul.com/company/kokushiro_consulting/,,,,神奈川県,神奈川県 リフォーム会社 集客マーケティング支援 -おすすめ -比較 -ランキング -求人 -まとめ
建設 業のクリエイティブ制作 支援,https://practical-marketing.jp/case/construction-creative/,,,,神奈川県,神奈川県 建設会社 採用マーケティング支援 -おすすめ -比較 -ランキング -求人 -まとめ
【TikTok運用】 神奈川県 建設 業 株式 会社 M様,https://www.prpr-inc.jp/examp/example1,,,,神奈川県,神奈川県 建設会社 採用マーケティング支援 -おすすめ -比較 -ランキング -求人 -まとめ
神奈川県 、ベンチャー企業の成長促進拠点「SHINみなとみらい」を ...,https://port.creww.me/innovation/127747,,,,神奈川県,神奈川県 建設会社 採用マーケティング支援 -おすすめ -比較 -ランキング -求人 -まとめ
採用 ページ,https://uchida-kyoto.jp/recruit/,,,,神奈川県,神奈川県 建設会社 採用マーケティング支援 -おすすめ -比較 -ランキング -求人 -まとめ
新卒 採用,https://www.ota.co.jp/saiyou/new-graduates/,,,,神奈川県,神奈川県 建設会社 採用マーケティング支援 -おすすめ -比較 -ランキング -求人 -まとめ
建設会社 テイクアンドフォーの会社案内パンフレットを制作し,https://www.areadrive.jp/works/635.html,,,,神奈川県,神奈川県 建設会社 採用マーケティング支援 -おすすめ -比較 -ランキング -求人 -まとめ
神奈川県 リスキリング人材育成事業,http://www.pref.kanagawa.jp/osirase/0606/dx-reskilling/report/marketing_2024/,,,,神奈川県,神奈川県 家具 インテリア 販促マーケティング -おすすめ -比較 -ランキング -求人 -まとめ
オウルテック 第7回 マーケティング Week-春 2024- 販促 EXPO出展の ...,https://www.owltech.co.jp/news/news-press/pr202404120900/?srsltid=AfmBOoonhoMItpUOT7jsQOszp73n0OfhsZLxhY11mJhW91OXB3AxFV6L,,,,神奈川県,神奈川県 家具 インテリア 販促マーケティング -おすすめ -比較 -ランキング -求人 -まとめ
事業内容,https://www.big-advance.site/c/123/2154/service,,,,神奈川県,神奈川県 家具 インテリア 販促マーケティング -おすすめ -比較 -ランキング -求人 -まとめ
クリエイティブ,https://soag.co.jp/duties/creative/,,,,神奈川県,神奈川県 家具 インテリア 販促マーケティング -おすすめ -比較 -ランキング -求人 -まとめ
COMPANY PROFILE,https://www.displaymuseum.co.jp/pdf/poppy_company_profile_Paper_201218.pdf,,,,神奈川県,神奈川県 家具 インテリア 販促マーケティング -おすすめ -比較 -ランキング -求人 -まとめ
企画デザイン事業,https://www.cpcenter.net/projects/,,,,神奈川県,神奈川県 家具 インテリア 販促マーケティング -おすすめ -比較 -ランキング -求人 -まとめ
保育園 ・認定こども園,https://www.city.sagamihara.kanagawa.jp/kosodate/1026602/kosodate/1026606/hoikuen/index.html,,,,神奈川県,神奈川県 幼稚園 保育園 広報支援会社 -おすすめ -比較 -ランキング -求人 -まとめ
乳児等通園 支援 事業（こども誰でも通園制度）について,https://www.city.hiratsuka.kanagawa.jp/kodomo/page82_00430.html,,,,神奈川県,神奈川県 幼稚園 保育園 広報支援会社 -おすすめ -比較 -ランキング -求人 -まとめ
神奈川県 子育て 支援 員研修について,https://www.town.samukawa.kanagawa.jp/soshiki/manabi/hoikuyochien/hoikuyochien/info/hoikujyoyoutiennnado/hoikujyonado/18331.html,,,,神奈川県,神奈川県 幼稚園 保育園 広報支援会社 -おすすめ -比較 -ランキング -求人 -まとめ
留学生の方へ,https://senkaku.or.jp/ryugaku/,,,,神奈川県,神奈川県 専門学校 学生募集 マーケティング -おすすめ -比較 -ランキング -求人 -まとめ
横浜 神奈川,https://isc.iwasaki.ac.jp/news/2024/8457/,,,,神奈川県,神奈川県 専門学校 学生募集 マーケティング -おすすめ -比較 -ランキング -求人 -まとめ
Webデザインコース,https://yokohama-kaikeihoritsu.ac.jp/course/major_web_design/,,,,神奈川県,神奈川県 専門学校 学生募集 マーケティング -おすすめ -比較 -ランキング -求人 -まとめ
令和2年度大人の社会科「Withコロナ時代に デジタル アーカイブ ...,https://www.klnet.pref.kanagawa.jp/yokohama/new-info/2021/03/2with.html,,,,神奈川県,神奈川県 博物館 美術館 デジタルプロモーション -おすすめ -比較 -ランキング -求人 -まとめ
美術館 ・ 博物館 めぐり,https://www.kanagawa-kankou.or.jp/kanagawayokohamadc/theme_list/museum/list?page=2,,,,神奈川県,神奈川県 博物館 美術館 デジタルプロモーション -おすすめ -比較 -ランキング -求人 -まとめ
令和3年度日本博を契機とする文化資源コンテンツ創成事業(主催 ...,https://japanculturalexpo.bunka.go.jp/ja/press-release/3/assets/pdf/projectlistforjce_2021.pdf,,,,神奈川県,神奈川県 博物館 美術館 デジタルプロモーション -おすすめ -比較 -ランキング -求人 -まとめ
Achievements,https://art.passes.jp/result?lang=en,,,,神奈川県,神奈川県 博物館 美術館 デジタルプロモーション -おすすめ -比較 -ランキング -求人 -まとめ
川崎市、「新たな 博物館 、 美術館 に関する基本構想懇談会」を設置 ...,https://current.ndl.go.jp/car/46249,,,,神奈川県,神奈川県 博物館 美術館 デジタルプロモーション -おすすめ -比較 -ランキング -求人 -まとめ
サウナコレクション運営責任者が登壇する共催セミナーを1月24日 ...,https://www.makuake.co.jp/4107/,,,,神奈川県,神奈川県 温浴施設 SNS集客支援 -おすすめ -比較 -ランキング -求人 -まとめ
長井海の手公園ソレイユの丘,https://ntmg.jp/case/soleil-park.html,,,,神奈川県,神奈川県 レジャー施設 集客マーケティング -おすすめ -比較 -ランキング -求人 -まとめ
神奈川県 央エリアの中小企業が集客を立て直す進め方,https://root-scope.com/web-manager/kanagawa-kenoh-chusho-shukyaku/,,,,神奈川県,神奈川県 小売店舗 CRM 販促支援 -おすすめ -比較 -ランキング -求人 -まとめ
黒木太陽 (Noboru Kuroki),https://www.yrmc.jp/%E5%B0%82%E9%96%80%E5%AE%B6%E7%B4%B9%E4%BB%8B-%E9%BB%92%E6%9C%A8%E5%A4%AA%E9%99%BD/,,,,神奈川県,神奈川県 小売店舗 CRM 販促支援 -おすすめ -比較 -ランキング -求人 -まとめ
Flow Solutions パートナープログラム,https://flow-solutions.com/pages/partner-program?srsltid=AfmBOooTmzfousqixaADEFNke0FbBdS1yHICmYQmMUFgV4dUtPatAO8m,,,,神奈川県,神奈川県 小売店舗 CRM 販促支援 -おすすめ -比較 -ランキング -求人 -まとめ
トヨタオートモールクリエイト カラフルタウン岐阜が「Mygru CRM ...,https://www.mygru.jp/customers/TjyXYp_e,,,,神奈川県,神奈川県 小売店舗 CRM 販促支援 -おすすめ -比較 -ランキング -求人 -まとめ
【 CRM /EC担当者向け】 パルコとユナイテッドアローズに学ぶ,https://www.members.co.jp/seminar/20250912_mktdx,,,,神奈川県,神奈川県 小売店舗 CRM 販促支援 -おすすめ -比較 -ランキング -求人 -まとめ
おもてなしサポートシステム,https://best-vsec.com/services-solutions/foromotenashi/,,,,神奈川県,神奈川県 小売店舗 CRM 販促支援 -おすすめ -比較 -ランキング -求人 -まとめ
『選ばれるお店って何?』,https://www.kipc.or.jp/topics/.assets/%E8%B2%A9%E4%BF%83%E3%82%BB%E3%83%9F%E3%83%8A%E3%83%BC%E4%B8%89%E9%83%A8%E4%BD%9C-%E7%AC%AC%E4%BA%8C%E5%BC%BE_%E3%83%81%E3%83%A9%E3%82%B7.pdf,,,,神奈川県,神奈川県 飲食チェーン 販促支援会社 -おすすめ -比較 -ランキング -求人 -まとめ
社会福祉事業,https://saipon.jp/h/abo/fukushi,,,,神奈川県,神奈川県 飲食チェーン 販促支援会社 -おすすめ -比較 -ランキング -求人 -まとめ
NAKED CLUEと真摯、外食 チェーン 向け地域生活者属性データ活用 ...,https://cinci.jp/news/20151125,,,,神奈川県,神奈川県 飲食チェーン 販促支援会社 -おすすめ -比較 -ランキング -求人 -まとめ
【公式】株式 会社 トライアングル,https://www.m-triangle.jp/,,,,神奈川県,神奈川県 飲食チェーン 販促支援会社 -おすすめ -比較 -ランキング -求人 -まとめ
事例紹介「イベントサポートサービス」  横浜・川崎・藤沢 販促 便 ...,https://www.tamura-c.co.jp/works/event-works,,,,神奈川県,神奈川県 飲食チェーン 販促支援会社 -おすすめ -比較 -ランキング -求人 -まとめ
会社 案内,https://live-group.co.jp/company/,,,,神奈川県,神奈川県 飲食チェーン 販促支援会社 -おすすめ -比較 -ランキング -求人 -まとめ
タペストリー・看板作成,https://www.eibunsha.co.jp/?page_id=225,,,,神奈川県,神奈川県 飲食チェーン 販促支援会社 -おすすめ -比較 -ランキング -求人 -まとめ
0526.pdf,https://www.brainpad.co.jp/pdf/2015/pdf/0526.pdf,,,,神奈川県,神奈川県 健康食品 デジタルマーケティング会社 -おすすめ -比較 -ランキング -求人 -まとめ
戦略的プランニングから デジタルマーケティング までのサービス概要,https://comrade.group/service/,,,,神奈川県,神奈川県 健康食品 デジタルマーケティング会社 -おすすめ -比較 -ランキング -求人 -まとめ
クロスボーダーの デジタルマーケティング サービス 『ボーダレス ...,https://www.commoncoltd.com/press_release/borderless_jp/,,,,神奈川県,神奈川県 健康食品 デジタルマーケティング会社 -おすすめ -比較 -ランキング -求人 -まとめ
事業内容,https://www.laughat-life.com/service.html,,,,神奈川県,神奈川県 健康食品 デジタルマーケティング会社 -おすすめ -比較 -ランキング -求人 -まとめ
サンスター株式 会社 様,https://www.wowcom.co.jp/casestudy/sunstar.html,,,,神奈川県,神奈川県 健康食品 デジタルマーケティング会社 -おすすめ -比較 -ランキング -求人 -まとめ
プロモーション事業,https://www.san-anghd.co.jp/business/san-an/,,,,神奈川県,神奈川県 地域サービス業 Web集客支援 -おすすめ -比較 -ランキング -求人 -まとめ
横浜・ 神奈川 のホームページ制作・ Web リニューアル制作会社,https://www.hp-senka.jp/essay/5395/,,,,神奈川県,神奈川県 地域サービス業 Web集客支援 -おすすめ -比較 -ランキング -求人 -まとめ
地域 性を活かした 集客 提案,https://senoweb.jp/strength/areamarketing/,,,,神奈川県,神奈川県 地域サービス業 Web集客支援 -おすすめ -比較 -ランキング -求人 -まとめ
その他 サービス業,https://myajo.net/works/jsic_r/,,,,神奈川県,神奈川県 地域サービス業 Web集客支援 -おすすめ -比較 -ランキング -求人 -まとめ
HPリニューアルで売上が5倍以上に！(株)コヒヤマ様インタビュー,https://ad-lead.jp/voice-kohiyama/,,,,新潟県,新潟県 リフォーム会社 集客マーケティング支援 -おすすめ -比較 -ランキング -求人 -まとめ
商品開発力・営業力・ マーケティング 力強化の 新潟県 新潟市・株式 ...,http://www.linkage-mic.com/category/868167.html,,,,新潟県,新潟県 リフォーム会社 集客マーケティング支援 -おすすめ -比較 -ランキング -求人 -まとめ
株式 会社 Ag-工務店様 WEBサイト制作,https://cunelwork.co.jp/works/19356/,,,,新潟県,新潟県 リフォーム会社 集客マーケティング支援 -おすすめ -比較 -ランキング -求人 -まとめ
自社が選ばれる理由をつくる 採用 戦略設計 支援 会社 紹介 課題,https://www.pref.niigata.lg.jp/uploaded/attachment/403378.pdf,,,,新潟県,新潟県 建設会社 採用マーケティング支援 -おすすめ -比較 -ランキング -求人 -まとめ
株式 会社 福田組様 採用 サイト,https://digital.siance.co.jp/works/7789/,,,,新潟県,新潟県 建設会社 採用マーケティング支援 -おすすめ -比較 -ランキング -求人 -まとめ
KUBIKI 住まいのリフォーム専門店アクト 株式 会社 頸城建工 ： 採用 ...,https://www.niigata-job.ne.jp/2027/c/employment.html?cmp_id=65,,,,新潟県,新潟県 建設会社 採用マーケティング支援 -おすすめ -比較 -ランキング -求人 -まとめ
建設 業,https://www.hello-k-work.com/guide/construction/,,,,新潟県,新潟県 建設会社 採用マーケティング支援 -おすすめ -比較 -ランキング -求人 -まとめ
星野組 採用 サイト,https://www.com-m.com/work/hoshinogumi_recruit/,,,,新潟県,新潟県 建設会社 採用マーケティング支援 -おすすめ -比較 -ランキング -求人 -まとめ
マーケティング,https://www.aap.co.jp/search/?category=ct03,,,,新潟県,新潟県 家具 インテリア 販促マーケティング -おすすめ -比較 -ランキング -求人 -まとめ
広報 ごせん,https://www.city.gosen.lg.jp/material/files/group/18/021110kouhougosen.pdf,,,,新潟県,新潟県 幼稚園 保育園 広報支援会社 -おすすめ -比較 -ランキング -求人 -まとめ
保育所(園)入所児童募集,https://www.city.sanjo.niigata.jp/soshiki/sanjoukyouiku/kyoikuiinkaijimukyoku/kosodateshienka/5/10720.html,,,,新潟県,新潟県 幼稚園 保育園 広報支援会社 -おすすめ -比較 -ランキング -求人 -まとめ
保育園 ・認定こども園などの利用について（子ども・子育て ...,https://www.nikosapo.jp/support/detail?cate_flg=5&no=3630,,,,新潟県,新潟県 幼稚園 保育園 広報支援会社 -おすすめ -比較 -ランキング -求人 -まとめ
会員名簿,https://www.niigata-shokubunka.com/member-list/,,,,新潟県,新潟県 幼稚園 保育園 広報支援会社 -おすすめ -比較 -ランキング -求人 -まとめ
NEWS,https://www.awae.co.jp/news/68,,,,新潟県,新潟県 幼稚園 保育園 広報支援会社 -おすすめ -比較 -ランキング -求人 -まとめ
水戸 紗花,https://www.nsg.gr.jp/newgrads/interview/mito-sayaka2/,,,,新潟県,新潟県 専門学校 学生募集 マーケティング -おすすめ -比較 -ランキング -求人 -まとめ
入試制度・学費,https://abio.jp/entrance/,,,,新潟県,新潟県 専門学校 学生募集 マーケティング -おすすめ -比較 -ランキング -求人 -まとめ
新潟 医療福祉大学編,https://appcooking.jp/blogs/seminar/nuhw,,,,新潟県,新潟県 専門学校 学生募集 マーケティング -おすすめ -比較 -ランキング -求人 -まとめ
大学併修制度,https://mydreams.jp/heishu/,,,,新潟県,新潟県 専門学校 学生募集 マーケティング -おすすめ -比較 -ランキング -求人 -まとめ
【 新潟県 主催】にいがた仕事図鑑2026チラシ.pdf,https://www.city.minamiuonuma.niigata.jp/fs/2/9/0/7/5/4/_/%E3%80%90%E6%96%B0%E6%BD%9F%E7%9C%8C%E4%B8%BB%E5%82%AC%E3%80%91%E3%81%AB%E3%81%84%E3%81%8C%E3%81%9F%E4%BB%95%E4%BA%8B%E5%9B%B3%E9%91%912026%E3%83%81%E3%83%A9%E3%82%B7.pdf,,,,新潟県,新潟県 専門学校 学生募集 マーケティング -おすすめ -比較 -ランキング -求人 -まとめ
「館長庵野秀明 特撮 博物館 ミニチュアで見る昭和平成の技」11/8(金 ...,https://m-78.jp/news/n-2217,,,,新潟県,新潟県 博物館 美術館 デジタルプロモーション -おすすめ -比較 -ランキング -求人 -まとめ
株式会社いせん（宿泊業）,https://growth-100-oku.smrj.go.jp/companies/pdf/03013-00.pdf,,,,新潟県,新潟県 レジャー施設 集客マーケティング -おすすめ -比較 -ランキング -求人 -まとめ
【公式】アパグループ,https://www.apa.co.jp/slide_new/161133,,,,新潟県,新潟県 レジャー施設 集客マーケティング -おすすめ -比較 -ランキング -求人 -まとめ
C04 食のコミュニティ 〜 AI時代に見直されるヒト対ヒトの ...,https://food.kanpai-lab.com/archives/session/c04,,,,新潟県,新潟県 飲食チェーン 販促支援会社 -おすすめ -比較 -ランキング -求人 -まとめ
にいがた Cafe,https://www.career-center.niigata-u.ac.jp/data/20250703_niigatacafe.pdf,,,,新潟県,新潟県 健康食品 デジタルマーケティング会社 -おすすめ -比較 -ランキング -求人 -まとめ
ユキグニファクトリー株式 会社 様,https://ayatori.co.jp/portfolio/ukiguni-factory/,,,,新潟県,新潟県 健康食品 デジタルマーケティング会社 -おすすめ -比較 -ランキング -求人 -まとめ
新潟 ・佐渡の魅力をギュギュっと詰め込んだ「旅するように味わう ...,https://smile-farm.co.jp/2021/12/14/3362/,,,,新潟県,新潟県 健康食品 デジタルマーケティング会社 -おすすめ -比較 -ランキング -求人 -まとめ
新潟 でSEO対策を意識したホームページ制作なら－コラム集6,https://www.tsubame-k.net/column06/,,,,新潟県,新潟県 地域サービス業 Web集客支援 -おすすめ -比較 -ランキング -求人 -まとめ
ZuWebCraft公式サイト – 新潟県 の介護 業界 専門 WEB 制作なら ...,https://www.zuwebcraft.com/,,,,新潟県,新潟県 地域サービス業 Web集客支援 -おすすめ -比較 -ランキング -求人 -まとめ
Web とマーケティングで経営 支援 : 新潟県 の上越・妙高エリアを中心 ...,https://www.hiroyukisenoo.com/,,,,新潟県,新潟県 地域サービス業 Web集客支援 -おすすめ -比較 -ランキング -求人 -まとめ
PR＞株式会社アド・クリーク（ 新潟県 上越市）が ネット集客 へ移行 ...,https://www.niikei.jp/211306/,,,,新潟県,新潟県 地域サービス業 Web集客支援 -おすすめ -比較 -ランキング -求人 -まとめ
経営アドバイス（近畿本部）,https://www.smrj.go.jp/regional_hq/kinki/sme/consulting/index.html,,,,新潟県,新潟県 地域サービス業 Web集客支援 -おすすめ -比較 -ランキング -求人 -まとめ
r3i_10_hokurikusinetsu.pdf,https://r3.jizokukahojokin.info/doc/saitaku10/r3i_10_hokurikusinetsu.pdf,,,,富山県,富山県 リフォーム会社 集客マーケティング支援 -おすすめ -比較 -ランキング -求人 -まとめ
フィオレ株式 会社,https://www.fioregroup.jp/service,,,,富山県,富山県 リフォーム会社 集客マーケティング支援 -おすすめ -比較 -ランキング -求人 -まとめ
【問い合わせを増やす】御社のホームページをデキる営業マンに ...,https://www.nippon-ag.co.jp/post-2652/,,,,富山県,富山県 リフォーム会社 集客マーケティング支援 -おすすめ -比較 -ランキング -求人 -まとめ
【 富山県 】 建設 業担い手確保 支援 補助事業の公募要領が公開され ...,https://toyama-hojokin.com/blog/2026/07/91227/,,,,富山県,富山県 建設会社 採用マーケティング支援 -おすすめ -比較 -ランキング -求人 -まとめ
合同企業説明会,https://www.pref.toyama.jp/documents/54470/0428gousetu.pdf,,,,富山県,富山県 建設会社 採用マーケティング支援 -おすすめ -比較 -ランキング -求人 -まとめ
正栄産業株式 会社,https://casestudy.atsu-maru.co.jp/project/detail.php?id=161,,,,富山県,富山県 建設会社 採用マーケティング支援 -おすすめ -比較 -ランキング -求人 -まとめ
木村産業株式 会社,https://gosei-ai.jp/company/kimura-sangyo-co-ltd/,,,,富山県,富山県 建設会社 採用マーケティング支援 -おすすめ -比較 -ランキング -求人 -まとめ
塩谷 建設 株式 会社 会社 案内制作,https://www.networld-jp.net/works/7656/,,,,富山県,富山県 建設会社 採用マーケティング支援 -おすすめ -比較 -ランキング -求人 -まとめ
アイドマ マーケティング コミュニケーションと「ピ！POP」を共同 ...,https://impact-mirai.co.jp/news/1018/,,,,富山県,富山県 家具 インテリア 販促マーケティング -おすすめ -比較 -ランキング -求人 -まとめ
富山 の国宝が「体験」になる  格式ある寺院を文化財観光へと誘う ...,https://www.jnto.go.jp/projects/regional-support/resources/3937.html,,,,富山県,富山県 家具 インテリア 販促マーケティング -おすすめ -比較 -ランキング -求人 -まとめ
第49回 日の出屋製菓産業株式会社 TONIO Web情報マガジン 富山県,https://www.tonio.or.jp/joho/tonionews/northeast/bn65.html,,,,富山県,富山県 家具 インテリア 販促マーケティング -おすすめ -比較 -ランキング -求人 -まとめ
桐箱の製造技術を活かして、新商品開発に挑戦【支援機関とともに ...,https://mirasapo-plus.go.jp/hint/17405/,,,,富山県,富山県 家具 インテリア 販促マーケティング -おすすめ -比較 -ランキング -求人 -まとめ
幼児教育・ 保育 の無償化,https://www.city.namerikawa.toyama.jp/soshiki/24/2/3/4671.html,,,,富山県,富山県 幼稚園 保育園 広報支援会社 -おすすめ -比較 -ランキング -求人 -まとめ
保育園 ・こども園マップ,https://www.city.imizu.toyama.jp/appupload/EDIT/130/130142.pdf,,,,富山県,富山県 幼稚園 保育園 広報支援会社 -おすすめ -比較 -ランキング -求人 -まとめ
教員数及び学位保有状況 (幼児教育学科),https://www.toyama-c.ac.jp/info/outline/pdf/degree_c.pdf,,,,富山県,富山県 幼稚園 保育園 広報支援会社 -おすすめ -比較 -ランキング -求人 -まとめ
幼稚園 ・ 保育園 ・認定こども園,https://www.city.takaoka.toyama.jp/gyosei/kosodate_kyoiku/yochien_hoikuen_ninteikodomoen/index.html,,,,富山県,富山県 幼稚園 保育園 広報支援会社 -おすすめ -比較 -ランキング -求人 -まとめ
幼保連携型認定こども園 光陽もなみ 保育園,https://toyamajonankai.jp/k-monami/,,,,富山県,富山県 幼稚園 保育園 広報支援会社 -おすすめ -比較 -ランキング -求人 -まとめ
ハローキッズ！,https://ctt.ne.jp/comichan/hello-kids/,,,,富山県,富山県 幼稚園 保育園 広報支援会社 -おすすめ -比較 -ランキング -求人 -まとめ
Bitについて,https://www.bit.urayama.ac.jp/about,,,,富山県,富山県 専門学校 学生募集 マーケティング -おすすめ -比較 -ランキング -求人 -まとめ
大学・教育 – Web制作・Web マーケティング 支援,https://semi-colon.net/solution/education/,,,,富山県,富山県 専門学校 学生募集 マーケティング -おすすめ -比較 -ランキング -求人 -まとめ
卒業・修了記念号,https://www.nc-toyama.ac.jp/wp/wp-content/uploads/2025/03/kosen44.pdf,,,,富山県,富山県 専門学校 学生募集 マーケティング -おすすめ -比較 -ランキング -求人 -まとめ
「チャレンジングカンパニー 富山 2024合同企業説明会」参加 学生 等 ...,https://www.chuokai-toyama.or.jp/JbtqSf,,,,富山県,富山県 専門学校 学生募集 マーケティング -おすすめ -比較 -ランキング -求人 -まとめ
入試・進路,https://www.tad.u-toyama.ac.jp/exam,,,,富山県,富山県 専門学校 学生募集 マーケティング -おすすめ -比較 -ランキング -求人 -まとめ
富山県美術館,https://www.team-lab.com/diw_toyama2017/,,,,富山県,富山県 博物館 美術館 デジタルプロモーション -おすすめ -比較 -ランキング -求人 -まとめ
2026 – 富山県博物館 協会,http://museums.toyamaken.jp/2026/?cat=24,,,,富山県,富山県 博物館 美術館 デジタルプロモーション -おすすめ -比較 -ランキング -求人 -まとめ
「どうぶつ百景－江戸東京 博物館コレクション より」（ 富山県 水墨 ...,https://www.edo-tokyo-museum.or.jp/s-exhibition/animals-toyama/,,,,富山県,富山県 博物館 美術館 デジタルプロモーション -おすすめ -比較 -ランキング -求人 -まとめ
富山県美術館 開館記念展 Part 3 「デザインあ展 in TOYAMA」開催の ...,https://tad-toyama.jp/wp-content/uploads/2018/02/447928fd72a02eef32c77606f6f6a25a-1.pdf,,,,富山県,富山県 博物館 美術館 デジタルプロモーション -おすすめ -比較 -ランキング -求人 -まとめ
実績紹介,https://pcojapan.jp/works/works_category/website,,,,富山県,富山県 博物館 美術館 デジタルプロモーション -おすすめ -比較 -ランキング -求人 -まとめ
多彩で低料金のコンベンション 施設,https://toyama-cb.or.jp/unique_venue.html,,,,富山県,富山県 レジャー施設 集客マーケティング -おすすめ -比較 -ランキング -求人 -まとめ
939-8263 富山県 富山市才覚寺（人口692人）,https://uic.jp/zipcode/code/9398263/,,,,富山県,富山県 レジャー施設 集客マーケティング -おすすめ -比較 -ランキング -求人 -まとめ
レジャー施設 ・史跡等でのAR活用方法,https://www.coco-ar.jp/activation/tourism/municipalities-pr/,,,,富山県,富山県 レジャー施設 集客マーケティング -おすすめ -比較 -ランキング -求人 -まとめ
SNS セミナー「ホントに役立つ!? LINE@の価値と具体的成功,https://www.toyama-tic.co.jp/it-lecture/special-lecture/snsline.html,,,,富山県,富山県 温浴施設 SNS集客支援 -おすすめ -比較 -ランキング -求人 -まとめ
日本初の公共ライドシェア「ノッカル」開発～地域交通から考える ...,https://www.bizgarage.jp/column/sol_id76,,,,富山県,富山県 小売店舗 CRM 販促支援 -おすすめ -比較 -ランキング -求人 -まとめ
パソナJOB HUB 富山県 のグローバル関係人口創出を支援 富山県 ...,https://pasona-jobhub.co.jp/news20260706-2/,,,,富山県,富山県 健康食品 デジタルマーケティング会社 -おすすめ -比較 -ランキング -求人 -まとめ
株式 会社 ウエブル,https://listen-web.com/community/weble,,,,富山県,富山県 健康食品 デジタルマーケティング会社 -おすすめ -比較 -ランキング -求人 -まとめ
コリニア株式 会社 会社 案内,https://digi-poc-toyama.jp/wp-content/uploads/2024/10/%E6%A0%AA%E5%BC%8F%E4%BC%9A%E7%A4%BE%E3%82%B3%E3%83%AA%E3%83%8B%E3%82%A2_%E4%BC%9A%E7%A4%BE%E6%A1%88%E5%86%85.pdf,,,,富山県,富山県 健康食品 デジタルマーケティング会社 -おすすめ -比較 -ランキング -求人 -まとめ
しあわせる。 富山,https://seichosenryaku-toyama.com/session/index1.html,,,,富山県,富山県 健康食品 デジタルマーケティング会社 -おすすめ -比較 -ランキング -求人 -まとめ
コーディネーター・サポーター紹介,https://toyama-yorozushien.go.jp/coordinator/,,,,富山県,富山県 地域サービス業 Web集客支援 -おすすめ -比較 -ランキング -求人 -まとめ
【制度編】小規模事業者持続化補助金完全ガイド,https://www.geomix.co.jp/seido-shokibo-jizokuka-guide/,,,,富山県,富山県 地域サービス業 Web集客支援 -おすすめ -比較 -ランキング -求人 -まとめ
集客 丸投げ,https://www.sport2023.com/marketing,,,,石川県,石川県 リフォーム会社 集客マーケティング支援 -おすすめ -比較 -ランキング -求人 -まとめ
仕事紹介,https://recruit.ishikawa-cnst.co.jp/works/,,,,石川県,石川県 建設会社 採用マーケティング支援 -おすすめ -比較 -ランキング -求人 -まとめ
商工労働部産業政策課,https://www.pref.ishikawa.lg.jp/syoko/index.html,,,,石川県,石川県 建設会社 採用マーケティング支援 -おすすめ -比較 -ランキング -求人 -まとめ
人材情報,https://www.isico.or.jp/specialist/?page=6&order=field_smks_senmonbunya_value&sort=asc&offset=80,,,,石川県,石川県 建設会社 採用マーケティング支援 -おすすめ -比較 -ランキング -求人 -まとめ
地域大学による社会人研究員制度を活用した地方創生プログラム,https://regionallearning.jp/2026autumn-program-lp/,,,,石川県,石川県 建設会社 採用マーケティング支援 -おすすめ -比較 -ランキング -求人 -まとめ
会社 情報,https://kanazawaiemoto.jp/about/,,,,石川県,石川県 建設会社 採用マーケティング支援 -おすすめ -比較 -ランキング -求人 -まとめ
QUO.,https://quo.co.jp/,,,,石川県,石川県 家具 インテリア 販促マーケティング -おすすめ -比較 -ランキング -求人 -まとめ
保育 利用 支援 員,https://www.kanazawa-kosodate.net/soudan/coordinator.html,,,,石川県,石川県 幼稚園 保育園 広報支援会社 -おすすめ -比較 -ランキング -求人 -まとめ
保育 所・こども園・ 幼稚園,https://www.city.kaga.ishikawa.jp/kosodate_kyoiku/hoikusho/index.html,,,,石川県,石川県 幼稚園 保育園 広報支援会社 -おすすめ -比較 -ランキング -求人 -まとめ
すばる 幼稚園,https://www.ans.co.jp/k/subaru/about.html,,,,石川県,石川県 幼稚園 保育園 広報支援会社 -おすすめ -比較 -ランキング -求人 -まとめ
広報 つばた 広報 つばた,https://www.town.tsubata.lg.jp/uploaded/attachment/1785.pdf,,,,石川県,石川県 幼稚園 保育園 広報支援会社 -おすすめ -比較 -ランキング -求人 -まとめ
おひさま,https://www.city.kahoku.lg.jp/002/229/230/d000519.html,,,,石川県,石川県 幼稚園 保育園 広報支援会社 -おすすめ -比較 -ランキング -求人 -まとめ
『学校法人清永学園（金沢福祉 専門学校 ）』と『株式会社ホテルゆ ...,https://travelspot.jp/723669/,,,,石川県,石川県 専門学校 学生募集 マーケティング -おすすめ -比較 -ランキング -求人 -まとめ
ベトナム海外インターンシップ・プログラム,https://www.ucon-i.jp/newsite/kaigai-ints/vietnam.html,,,,石川県,石川県 専門学校 学生募集 マーケティング -おすすめ -比較 -ランキング -求人 -まとめ
ソーシャルビューティー科,https://www.ishikawaribiyou-ac.com/course/art,,,,石川県,石川県 専門学校 学生募集 マーケティング -おすすめ -比較 -ランキング -求人 -まとめ
石川県立美術館,https://artexhibition.jp/tag/%E7%9F%B3%E5%B7%9D%E7%9C%8C%E7%AB%8B%E7%BE%8E%E8%A1%93%E9%A4%A8/,,,,石川県,石川県 博物館 美術館 デジタルプロモーション -おすすめ -比較 -ランキング -求人 -まとめ
「 デジタル ミュージアムで楽しむ収蔵品展」／金沢市公式 ...,https://www4.city.kanazawa.lg.jp/event/30573.html,,,,石川県,石川県 博物館 美術館 デジタルプロモーション -おすすめ -比較 -ランキング -求人 -まとめ
【LIGHT UP】 清水美耶子社長インタビュー,https://the-leader.jp/interview/light-up/,,,,石川県,石川県 レジャー施設 集客マーケティング -おすすめ -比較 -ランキング -求人 -まとめ
金沢競馬場の活性化に関する研究,http://arugakentaka.web.fc2.com/sotsuron/iwamoto.pdf,,,,石川県,石川県 レジャー施設 集客マーケティング -おすすめ -比較 -ランキング -求人 -まとめ
いしかわ文化観光コンテンツ造成支援事業 ～取り組み事例集,https://www.hot-ishikawa.jp/lsc/upfile/info/0000/0060/60_d026_file.pdf,,,,石川県,石川県 レジャー施設 集客マーケティング -おすすめ -比較 -ランキング -求人 -まとめ
1～5ページ,https://www.city.nanao.lg.jp/koho/shise/koho/kohonanao/h31/tekisuto-05/01-05.html,,,,石川県,石川県 レジャー施設 集客マーケティング -おすすめ -比較 -ランキング -求人 -まとめ
SPコンサルタント,https://sp-consultant.my.canva.site/,,,,石川県,石川県 飲食チェーン 販促支援会社 -おすすめ -比較 -ランキング -求人 -まとめ
会社 案内,https://mymission.jp/company/,,,,石川県,石川県 飲食チェーン 販促支援会社 -おすすめ -比較 -ランキング -求人 -まとめ
生活衛生,https://www.seiei.or.jp/ishikawa/files/about/magazine/seiei106.pdf,,,,石川県,石川県 温浴施設 SNS集客支援 -おすすめ -比較 -ランキング -求人 -まとめ
【望月 義尚の 温浴 コンサルタントの視点／第11回】これからどうなる,https://d-sauna.com/news_articles/mochuzuki20210517/,,,,石川県,石川県 温浴施設 SNS集客支援 -おすすめ -比較 -ランキング -求人 -まとめ
【現場に強い総合ソリューション企業】,https://www.hc-consult.jp/,,,,福井県,福井県 リフォーム会社 集客マーケティング支援 -おすすめ -比較 -ランキング -求人 -まとめ
福井県 産業労働部 支援 制度活用事例集,https://www.pref.fukui.lg.jp/doc/sanroubu/casestudy_d/fil/R3-casestudy.pdf,,,,福井県,福井県 リフォーム会社 集客マーケティング支援 -おすすめ -比較 -ランキング -求人 -まとめ
会社概要,https://internet-promotion.jp/about/,,,,石川県,石川県 地域サービス業 Web集客支援 -おすすめ -比較 -ランキング -求人 -まとめ
石川県 の企業向け、ホームページ制作にお得な補助金・助成金情報 ...,https://com-lab.jp/2023/09/28/ishikawa-corporate-website-grants-and-subsidies/,,,,石川県,石川県 地域サービス業 Web集客支援 -おすすめ -比較 -ランキング -求人 -まとめ
圧倒的集客力の秘密はどこに？ Web集客 ＆ネット販売事例セミナー ...,https://www.dm2.co.jp/blog/34922,,,,石川県,石川県 地域サービス業 Web集客支援 -おすすめ -比較 -ランキング -求人 -まとめ
石川 ウェブ 制作,https://ishikawa-web.netlify.app/,,,,石川県,石川県 地域サービス業 Web集客支援 -おすすめ -比較 -ランキング -求人 -まとめ
集客 ラボについて,https://www.shukyaku-labo.com/about,,,,石川県,石川県 地域サービス業 Web集客支援 -おすすめ -比較 -ランキング -求人 -まとめ
2006年(平成18年)8月9日 (水曜日),https://yamauchi-spring.com/img/media/nikkeiH18.08.09.pdf,,,,福井県,福井県 家具 インテリア 販促マーケティング -おすすめ -比較 -ランキング -求人 -まとめ
プランナーが空間デザインのためにしていること,https://www.nomlog.nomurakougei.co.jp/article/detail/13/,,,,福井県,福井県 家具 インテリア 販促マーケティング -おすすめ -比較 -ランキング -求人 -まとめ
事業内容,https://www.ch-mk.jp/our-business/,,,,福井県,福井県 家具 インテリア 販促マーケティング -おすすめ -比較 -ランキング -求人 -まとめ
モノづくりの相談がしたい（法人様限定）,https://soplus.co.jp/lp/,,,,福井県,福井県 家具 インテリア 販促マーケティング -おすすめ -比較 -ランキング -求人 -まとめ
企業情報 アーカイブ,https://step-ing.jp/company/,,,,福井県,福井県 建設会社 採用マーケティング支援 -おすすめ -比較 -ランキング -求人 -まとめ
アントレバディ,https://yalossa.jp/entre/entrebuddy.html,,,,福井県,福井県 建設会社 採用マーケティング支援 -おすすめ -比較 -ランキング -求人 -まとめ
建設 産業女性定着 支援 WEB,https://kensetsu-women.mlit.go.jp/,,,,福井県,福井県 建設会社 採用マーケティング支援 -おすすめ -比較 -ランキング -求人 -まとめ
広報 つるが,https://www.city.tsuruga.lg.jp/uploaded/attachment/8168.pdf,,,,福井県,福井県 幼稚園 保育園 広報支援会社 -おすすめ -比較 -ランキング -求人 -まとめ
社会福祉法人いなやま 保育園 いなやまこども園・いなほこども園,https://www.ohnocci.or.jp/member/%E7%A4%BE%E4%BC%9A%E7%A6%8F%E7%A5%89%E6%B3%95%E4%BA%BA%E3%81%84%E3%81%AA%E3%82%84%E3%81%BE%E4%BF%9D%E8%82%B2%E5%9C%92%E3%80%80%E3%81%84%E3%81%AA%E3%82%84%E3%81%BE%E3%81%93%E3%81%A9%E3%82%82%E5%9C%92/,,,,福井県,福井県 幼稚園 保育園 広報支援会社 -おすすめ -比較 -ランキング -求人 -まとめ
広報 永平寺 令和8年5月号,https://www.town.eiheiji.lg.jp/420/508/p011953.html,,,,福井県,福井県 幼稚園 保育園 広報支援会社 -おすすめ -比較 -ランキング -求人 -まとめ
࠼ إ 僕たちが育てたサクラマス、 大きくなったらまた会いたいな！,https://www.town.ohi.fukui.jp/1002/102/r3/p20940_d/fil/koho1.pdf,,,,福井県,福井県 幼稚園 保育園 広報支援会社 -おすすめ -比較 -ランキング -求人 -まとめ
ワークライフバランス特別講演会（ 福井県 ・ 福井県 経営者協会共催 ...,https://www.fuku-iku.jp/news/p000000o.html,,,,福井県,福井県 幼稚園 保育園 広報支援会社 -おすすめ -比較 -ランキング -求人 -まとめ
子どものくらし,https://www.town.fukui-wakasa.lg.jp/soshiki/kankoumatizukurika/gyomuannai/8/941.html,,,,福井県,福井県 幼稚園 保育園 広報支援会社 -おすすめ -比較 -ランキング -求人 -まとめ
教職員研修～第三回広報勉強会～ 学園からのおしらせ 金井学園,https://www.kanaigakuen.ac.jp/info/entry-8398.html,,,,福井県,福井県 専門学校 学生募集 マーケティング -おすすめ -比較 -ランキング -求人 -まとめ
入試日程・ 募集 人員・ 募集 要項,https://www.u-fukui.ac.jp/user_admission/examination/essential_point/,,,,福井県,福井県 専門学校 学生募集 マーケティング -おすすめ -比較 -ランキング -求人 -まとめ
7/11（土） 福井 プレカレッジを開催！！【オープンキャンパス同時 ...,https://www.jin-ai.ac.jp/jintan_now/2026/06/711.php,,,,福井県,福井県 専門学校 学生募集 マーケティング -おすすめ -比較 -ランキング -求人 -まとめ
お知らせ – ページ 28,https://kansai.or.jp/wordpress/information/page/28/,,,,福井県,福井県 博物館 美術館 デジタルプロモーション -おすすめ -比較 -ランキング -求人 -まとめ
広報 プロモーション 課,https://www.city.fukui.lg.jp/dept/d120/kohou/index.html,,,,福井県,福井県 博物館 美術館 デジタルプロモーション -おすすめ -比較 -ランキング -求人 -まとめ
福井県立 一乗谷朝倉氏遺跡 博物館,https://www.tanseisha.co.jp/works/detail/ichijodani-asakura-family-site-museum,,,,福井県,福井県 博物館 美術館 デジタルプロモーション -おすすめ -比較 -ランキング -求人 -まとめ
11月「関西文化の日」及び「関西文化月間」の実施について,https://www.kouiki-kansai.jp/koikirengo/jisijimu/sportsshinko/info/1419.html,,,,福井県,福井県 博物館 美術館 デジタルプロモーション -おすすめ -比較 -ランキング -求人 -まとめ
福井県 職員録,https://s3.ap-northeast-1.amazonaws.com/anege-prd-s3-data-fukui-pref/original/1482d6502ef076338932795e6e59322afbc622a6.pdf,,,,福井県,福井県 博物館 美術館 デジタルプロモーション -おすすめ -比較 -ランキング -求人 -まとめ
開催業務 サポーターリスト,https://www.fuku-e.com/lsc/upfile/articleDetail/0000/2969/2969_1_file.pdf,,,,福井県,福井県 博物館 美術館 デジタルプロモーション -おすすめ -比較 -ランキング -求人 -まとめ
観光データのオープン化と観光プレイヤーの連携によって「稼ぐ ...,https://www.tokyo-tourism.net/casestudy/2370/,,,,福井県,福井県 レジャー施設 集客マーケティング -おすすめ -比較 -ランキング -求人 -まとめ
東海の レジャー施設 、猛暑・台風などが影響し半数が前年割れ ...,https://adv.chunichi.co.jp/adfile/%E6%9D%B1%E6%B5%B7%E3%82%A8%E3%83%AA%E3%82%A2%E3%81%AE%E3%82%A4%E3%83%B3%E3%83%90%E3%82%A6%E3%83%B3%E3%83%89%E3%81%AF%E5%A5%BD%E8%AA%BF%E3%81%AB%E6%8E%A8%E7%A7%BB%E3%80%80%E5%AE%BF%E6%B3%8A%E8%80%85-2/,,,,福井県,福井県 レジャー施設 集客マーケティング -おすすめ -比較 -ランキング -求人 -まとめ
Web広告の制作と運用,https://ibeinsatsu.co.jp/webkoukoku/,,,,福井県,福井県 レジャー施設 集客マーケティング -おすすめ -比較 -ランキング -求人 -まとめ
あわら市全天候型子どもの遊び場の運営に係る ...,https://labid.jp/projects/de6e9825-16e7-40ab-bee1-c1133d7662db,,,,福井県,福井県 レジャー施設 集客マーケティング -おすすめ -比較 -ランキング -求人 -まとめ
市場調査（企業立地意向調査について） 宿泊 施設 飲食 施設 ...,https://www.city.echizen.lg.jp/office/070/020/nanetsuekikeikakusakuteiiinkai_d/fil/3_43_tyousa.pdf,,,,福井県,福井県 レジャー施設 集客マーケティング -おすすめ -比較 -ランキング -求人 -まとめ
地域活性化の鍵を握る観光DX,https://blog.basicmath.jp/awara-onsen-marketing-202401/,,,,福井県,福井県 温浴施設 SNS集客支援 -おすすめ -比較 -ランキング -求人 -まとめ
議案第 1 号 令和 5 年度 おもな事業実績について,http://awara.info/wp-content/themes/awara/images/contents/association/R6res.pdf,,,,福井県,福井県 温浴施設 SNS集客支援 -おすすめ -比較 -ランキング -求人 -まとめ
美浜町多様な宿泊 施設 整備 支援 事業補助金交付要綱,https://www1.g-reiki.net/mihama/reiki_honbun/i232RG00000791.html,,,,福井県,福井県 温浴施設 SNS集客支援 -おすすめ -比較 -ランキング -求人 -まとめ
令和4年度 事業報告書,https://kanko-sakai.com/assets/pdf/append3sel_a3l493jvbfsggc1fieq1bp2oa2_20230809162255.pdf,,,,福井県,福井県 温浴施設 SNS集客支援 -おすすめ -比較 -ランキング -求人 -まとめ
福井県 水産バリュー チェーン 改善協議会 福井県 産水産物のブランド ...,https://www.jfa.maff.go.jp/j/kakou/attach/pdf/value_chain-129.pdf,,,,福井県,福井県 飲食チェーン 販促支援会社 -おすすめ -比較 -ランキング -求人 -まとめ
チケティファイ株式 会社,https://dxfukui.jp/case/pid128/,,,,福井県,福井県 飲食チェーン 販促支援会社 -おすすめ -比較 -ランキング -求人 -まとめ
インパクトHD/店舗DBを活用した「SDGs 販促 」を展開,https://finance.logmi.jp/articles/377345,,,,福井県,福井県 飲食チェーン 販促支援会社 -おすすめ -比較 -ランキング -求人 -まとめ
Web マーケティング事業,https://tono-sama.net/marketing/,,,,福井県,福井県 地域サービス業 Web集客支援 -おすすめ -比較 -ランキング -求人 -まとめ
コーディネーターページ,https://yorozu-fukui.go.jp/page_coordinator/1/,,,,福井県,福井県 地域サービス業 Web集客支援 -おすすめ -比較 -ランキング -求人 -まとめ
運営会社「TONOSAMA」について,https://fun-more.net/about-us,,,,福井県,福井県 地域サービス業 Web集客支援 -おすすめ -比較 -ランキング -求人 -まとめ
2022 fisc総合パンフレット,https://www.fisc.jp/main/wp-content/uploads/2024/02/2022_sougou.pdf,,,,福井県,福井県 地域サービス業 Web集客支援 -おすすめ -比較 -ランキング -求人 -まとめ
デジタルマーケティング、 福井 営業所概要,https://www.sold-out.co.jp/about/base/fukui,,,,福井県,福井県 地域サービス業 Web集客支援 -おすすめ -比較 -ランキング -求人 -まとめ
5分でわかるUNIIDEO,https://uniideo.com/fiveuniideo/,,,,山梨県,山梨県 リフォーム会社 集客マーケティング支援 -おすすめ -比較 -ランキング -求人 -まとめ
戸建事業,https://www.nanaho.co.jp/business/craftsman/,,,,山梨県,山梨県 リフォーム会社 集客マーケティング支援 -おすすめ -比較 -ランキング -求人 -まとめ
県内企業の 採用 力強化へ！「0(ゼロ)から始める 採用 広報セミナー ...,https://www.pref.yamanashi.jp/release/rosei-jin/0702/saiyoukouhouseminar.html,,,,山梨県,山梨県 建設会社 採用マーケティング支援 -おすすめ -比較 -ランキング -求人 -まとめ
高度外国人材関心企業素朴屋株式 会社 株式 会社,https://www.jetro.go.jp/hrportal/company/detail/106531.html,,,,山梨県,山梨県 建設会社 採用マーケティング支援 -おすすめ -比較 -ランキング -求人 -まとめ
株式 会社 馬場設計,https://kofucci.or.jp/labor/internship/000000010/,,,,山梨県,山梨県 建設会社 採用マーケティング支援 -おすすめ -比較 -ランキング -求人 -まとめ
News,https://babasekkei.co.jp/news/,,,,山梨県,山梨県 建設会社 採用マーケティング支援 -おすすめ -比較 -ランキング -求人 -まとめ
山梨 での起業創業 支援 ：まちのtoolbox,https://bizcon.osusowake.life/,,,,山梨県,山梨県 建設会社 採用マーケティング支援 -おすすめ -比較 -ランキング -求人 -まとめ
採用エントリー,https://eito-h.com/company/entry/,,,,山梨県,山梨県 家具 インテリア 販促マーケティング -おすすめ -比較 -ランキング -求人 -まとめ
お問い合わせ,https://www.adal.co.jp/contact/,,,,山梨県,山梨県 家具 インテリア 販促マーケティング -おすすめ -比較 -ランキング -求人 -まとめ
【子育て 支援 】 保育 所・ 幼稚園 ・認定こども園の利用について,https://www.town.fujikawaguchiko.lg.jp/ka/info.php?if_id=6144,,,,山梨県,山梨県 幼稚園 保育園 広報支援会社 -おすすめ -比較 -ランキング -求人 -まとめ
2014年9月号（No.319）,https://www.y-fukushi.or.jp/renew/search/img/yamafuku/pdf/319.pdf,,,,山梨県,山梨県 幼稚園 保育園 広報支援会社 -おすすめ -比較 -ランキング -求人 -まとめ
施設等利用給付の確認について／ 山梨県 中央市公式,https://www.city.chuo.yamanashi.jp/soshiki/kosodate_shien/hoiku/hoikuen/kakuninnituite/index.html,,,,山梨県,山梨県 幼稚園 保育園 広報支援会社 -おすすめ -比較 -ランキング -求人 -まとめ
NPO法人特定非営利活動法人子育て 支援 センターちびっこはうす ...,http://fields.canpan.info/organization/detail/1387730581?view=pc,,,,山梨県,山梨県 幼稚園 保育園 広報支援会社 -おすすめ -比較 -ランキング -求人 -まとめ
こども政策部 こども 保育 課,https://www.city.hokuto.yamanashi.jp/life/soshiki/dep/kodomo-seisaku/hoiku/,,,,山梨県,山梨県 幼稚園 保育園 広報支援会社 -おすすめ -比較 -ランキング -求人 -まとめ
募集 要項,https://www.yamanashi.ac.jp/admission/291,,,,山梨県,山梨県 専門学校 学生募集 マーケティング -おすすめ -比較 -ランキング -求人 -まとめ
令和6年度進学状況,https://www.kofu-th.ed.jp/skillall/toschool/toschool-r2/,,,,山梨県,山梨県 専門学校 学生募集 マーケティング -おすすめ -比較 -ランキング -求人 -まとめ
学校 法人身延山学園 身延山大学,https://www.min.ac.jp/,,,,山梨県,山梨県 専門学校 学生募集 マーケティング -おすすめ -比較 -ランキング -求人 -まとめ
山梨 日日新聞社の 学校 ガイド「キャンパスほっとナビ」,https://www2.sannichi.co.jp/HOT/,,,,山梨県,山梨県 専門学校 学生募集 マーケティング -おすすめ -比較 -ランキング -求人 -まとめ
山梨 ジュエリー ミュージアム,https://www.yellowtwo.co.jp/works/2013_01/,,,,山梨県,山梨県 博物館 美術館 デジタルプロモーション -おすすめ -比較 -ランキング -求人 -まとめ
「新たなニーズへの対応事業」イメージ,https://www.pref.osaka.lg.jp/documents/11144/image.pdf,,,,山梨県,山梨県 博物館 美術館 デジタルプロモーション -おすすめ -比較 -ランキング -求人 -まとめ
イベント情報,https://www.okajima.co.jp/event/,,,,山梨県,山梨県 博物館 美術館 デジタルプロモーション -おすすめ -比較 -ランキング -求人 -まとめ
導入実績,https://www.media-b.com/case/,,,,山梨県,山梨県 レジャー施設 集客マーケティング -おすすめ -比較 -ランキング -求人 -まとめ
山梨県 新型コロナウイルス感染拡大防止への 協力要請及びまん延 ...,https://yamanashi-takken.or.jp/wp/wp-content/uploads/2021.8.24-manenbousi.pdf,,,,山梨県,山梨県 レジャー施設 集客マーケティング -おすすめ -比較 -ランキング -求人 -まとめ
21.12.22 1,http://www.ccn.yamanashi.ac.jp/~ooyama/ohyamaken/OB/PDF/2011%20%E6%AD%A6%E4%BA%95%EF%BC%88%E5%8D%92%E8%AB%96%E7%99%BA%E8%A1%A8%EF%BC%89.pdf,,,,山梨県,山梨県 レジャー施設 集客マーケティング -おすすめ -比較 -ランキング -求人 -まとめ
山梨集客 ・ SNS ・広告運用・ホームページ制作,https://fujih-and-s.com/,,,,山梨県,山梨県 温浴施設 SNS集客支援 -おすすめ -比較 -ランキング -求人 -まとめ
地域貢献サービス,https://www.astageinc.co.jp/tabimachi/,,,,山梨県,山梨県 温浴施設 SNS集客支援 -おすすめ -比較 -ランキング -求人 -まとめ
事業内容,https://cno.co.jp/service,,,,山梨県,山梨県 温浴施設 SNS集客支援 -おすすめ -比較 -ランキング -求人 -まとめ
山梨 に チェーン 店を出店する,https://krasula.jp/notes/yamanashichainexpansion,,,,山梨県,山梨県 飲食チェーン 販促支援会社 -おすすめ -比較 -ランキング -求人 -まとめ
甲府市産業 支援 サイト,https://www.kofu-sangyo.jp/,,,,山梨県,山梨県 飲食チェーン 販促支援会社 -おすすめ -比較 -ランキング -求人 -まとめ
企業版ふるさと納税の募集について,https://www.city.otsuki.yamanashi.jp/gyoumu/03kikakuzaisei/otsuki_kigyoubanfurusatonouzei.html,,,,山梨県,山梨県 飲食チェーン 販促支援会社 -おすすめ -比較 -ランキング -求人 -まとめ
株式会社コメリ,https://finance-frontend-pc-dist.west.edge.storage-yahoo.jp/disclosure/20250129/20250129557243.pdf,,,,山梨県,山梨県 小売店舗 CRM 販促支援 -おすすめ -比較 -ランキング -求人 -まとめ
東京販売士協会会長あいさつ,https://www.tohankyo.jp/wp-content/uploads/2021/12/17ed68e5bbbe918fe218bfc96af86c25.pdf,,,,山梨県,山梨県 小売店舗 CRM 販促支援 -おすすめ -比較 -ランキング -求人 -まとめ
デジタルマーケティング,https://corporate.abc-style.co.jp/project-category/digital-marketing/,,,,山梨県,山梨県 健康食品 デジタルマーケティング会社 -おすすめ -比較 -ランキング -求人 -まとめ
地域 密着コンサルティングと 集客 ホームページ制作///認定経営革新等 ...,https://www.iida-consul.jp/,,,,山梨県,山梨県 地域サービス業 Web集客支援 -おすすめ -比較 -ランキング -求人 -まとめ
Web コンサルティング,https://de-plus.net/service/web-consulting/,,,,山梨県,山梨県 地域サービス業 Web集客支援 -おすすめ -比較 -ランキング -求人 -まとめ
会社案内,https://seo.visualliteracy.jp/company.html,,,,山梨県,山梨県 地域サービス業 Web集客支援 -おすすめ -比較 -ランキング -求人 -まとめ
都留市商工会,http://www.shokokai-yamanashi.or.jp/~tsuru/kigyo.html,,,,山梨県,山梨県 地域サービス業 Web集客支援 -おすすめ -比較 -ランキング -求人 -まとめ
広告デザイン制作,https://tone-branding.jp/branding-design/advertisement/,,,,長野県,長野県 リフォーム会社 集客マーケティング支援 -おすすめ -比較 -ランキング -求人 -まとめ
【建築・施工】オウンドメディア運用で自然検索流入と問い合わせ ...,https://toritoke.jp/case/achievements-3/,,,,長野県,長野県 リフォーム会社 集客マーケティング支援 -おすすめ -比較 -ランキング -求人 -まとめ
運営 会社,https://docoreno-naganonorth.jp/about/,,,,長野県,長野県 リフォーム会社 集客マーケティング支援 -おすすめ -比較 -ランキング -求人 -まとめ
うえがね庭苑様 ホームぺージ制作,https://on-create.jp/case-study/1787/,,,,長野県,長野県 リフォーム会社 集客マーケティング支援 -おすすめ -比較 -ランキング -求人 -まとめ
エントリーシート,https://fukumiconst.jp/510.html,,,,長野県,長野県 建設会社 採用マーケティング支援 -おすすめ -比較 -ランキング -求人 -まとめ
株式 会社 高見澤,https://www.jbnet.jp/portfolio/takamisawa-recruit,,,,長野県,長野県 建設会社 採用マーケティング支援 -おすすめ -比較 -ランキング -求人 -まとめ
ウェブディレクター【実務経験者優遇】,https://recruit.karasawanouki.co.jp/information/webdirector-carrier/,,,,長野県,長野県 建設会社 採用マーケティング支援 -おすすめ -比較 -ランキング -求人 -まとめ
松本 建設 労働組合,https://ct-artex.co.jp/achievements/achievements-3143/,,,,長野県,長野県 建設会社 採用マーケティング支援 -おすすめ -比較 -ランキング -求人 -まとめ
TXデザイン部,https://www.nagano-tabi.net/service/txdesign/,,,,長野県,長野県 家具 インテリア 販促マーケティング -おすすめ -比較 -ランキング -求人 -まとめ
C：ビル設備サービス科 10月生 受講者情報,https://www3.jeed.go.jp/nagano/poly/biz/hl52qs000000zf7m-att/or3a630000006h7x.pdf,,,,長野県,長野県 家具 インテリア 販促マーケティング -おすすめ -比較 -ランキング -求人 -まとめ
地方にはビジネスチャンスがいっぱい！ Web制作、コワーキング ...,https://www.hiroshima-hirobiro.jp/interview/details/001842/,,,,長野県,長野県 家具 インテリア 販促マーケティング -おすすめ -比較 -ランキング -求人 -まとめ
長野 麻子(株式会社モリアゲ代表),https://www.rinya.maff.go.jp/j/riyou/kidukai/attach/pdf/5kaigou-5.pdf,,,,長野県,長野県 家具 インテリア 販促マーケティング -おすすめ -比較 -ランキング -求人 -まとめ
池田町,https://www.ikedamachi.net/cmsfiles/contents/0000000/190/576-2014.10.pdf,,,,長野県,長野県 幼稚園 保育園 広報支援会社 -おすすめ -比較 -ランキング -求人 -まとめ
保育 士修学資金貸付等事業,https://nagano-swc.com/scholarship-loan/570/,,,,長野県,長野県 幼稚園 保育園 広報支援会社 -おすすめ -比較 -ランキング -求人 -まとめ
保育園 ・ 幼稚園,https://www.city.saku.nagano.jp/kyoiku/kosodate/hoikuen/index.html,,,,長野県,長野県 幼稚園 保育園 広報支援会社 -おすすめ -比較 -ランキング -求人 -まとめ
広報 ながのPDF版（令和5年）,https://www.city.nagano.nagano.jp/n042000/contents/p005972.html,,,,長野県,長野県 幼稚園 保育園 広報支援会社 -おすすめ -比較 -ランキング -求人 -まとめ
坂城町役場RSS（新着情報）,https://www.town.sakaki.nagano.jp/rss/10/list1.xml,,,,長野県,長野県 幼稚園 保育園 広報支援会社 -おすすめ -比較 -ランキング -求人 -まとめ
会社 概要,https://www.fieday.net/company/,,,,長野県,長野県 幼稚園 保育園 広報支援会社 -おすすめ -比較 -ランキング -求人 -まとめ
広報 あづみの150号（平成24年9月5日発行）,https://www.city.azumino.nagano.jp/site/kohoshi/2813.html,,,,長野県,長野県 幼稚園 保育園 広報支援会社 -おすすめ -比較 -ランキング -求人 -まとめ
高校生・受験生の方へ,https://www.pit-nagano.ac.jp/koukou,,,,長野県,長野県 専門学校 学生募集 マーケティング -おすすめ -比較 -ランキング -求人 -まとめ
WEB体験授業,https://www.matsumoto-u.ac.jp/video/,,,,長野県,長野県 専門学校 学生募集 マーケティング -おすすめ -比較 -ランキング -求人 -まとめ
県内で学べる 短期大学紹介,https://manabo.pref.nagano.lg.jp/pdf/guidebook03-3.pdf,,,,長野県,長野県 専門学校 学生募集 マーケティング -おすすめ -比較 -ランキング -求人 -まとめ
ジョイカルジャパン初！軽井沢の森で「チルインターン」開催 ...,https://joycal.co.jp/2023summer_internship/,,,,長野県,長野県 専門学校 学生募集 マーケティング -おすすめ -比較 -ランキング -求人 -まとめ
OPEN CAMPUS,https://nbl-lp.com/,,,,長野県,長野県 専門学校 学生募集 マーケティング -おすすめ -比較 -ランキング -求人 -まとめ
学校 自己点検・自己評価報告書,https://www.weworld.co.jp/cms/wp-content/themes/weworld/assets/pdf/NBL-2022-jikotenken.pdf,,,,長野県,長野県 専門学校 学生募集 マーケティング -おすすめ -比較 -ランキング -求人 -まとめ
令和7年度第2回 長野県 観光戦略推進本部会議 次第,https://www.pref.nagano.lg.jp/kankoki/sangyo/kanko/shisaku/shinko/documents/00_r7dai2kai_tougou.pdf,,,,長野県,長野県 博物館 美術館 デジタルプロモーション -おすすめ -比較 -ランキング -求人 -まとめ
写真提供のお願い（歴史 博物館デジタル アーカイブ事業）,https://www.inacity.jp/shisetsu/library_museum/rekishihakubutsukan/boshujikou/archive.html,,,,長野県,長野県 博物館 美術館 デジタルプロモーション -おすすめ -比較 -ランキング -求人 -まとめ
「tripla Book」のエリア予約機能、 長野県 信州上田観光協会公式 ...,https://tripla.io/2025/12/16/ueda/,,,,長野県,長野県 レジャー施設 集客マーケティング -おすすめ -比較 -ランキング -求人 -まとめ
【白馬村】インバウンドに依存しない宿泊 施設 の運営「夏場 集客 ...,https://pbow.jp/news/fromp_20260113,,,,長野県,長野県 レジャー施設 集客マーケティング -おすすめ -比較 -ランキング -求人 -まとめ
サウナアパレル「TOTONOW」が手がける5万円出店複合 施設 が 長野 ...,https://furosauna.com/2025/05/27/160226568/,,,,長野県,長野県 温浴施設 SNS集客支援 -おすすめ -比較 -ランキング -求人 -まとめ
サウナコンサル・プロデュース監修事例「ビールサウナ」100万再生 ...,https://your-color.co.jp/sauna_event/beelsauna-produce-consult/,,,,長野県,長野県 温浴施設 SNS集客支援 -おすすめ -比較 -ランキング -求人 -まとめ
株式会社やどはく,https://www.nagano-cgc.or.jp/cms/wp-content/uploads/%E2%91%A8%E3%82%84%E3%81%A9%E3%81%AF%E3%81%8F.pdf,,,,長野県,長野県 温浴施設 SNS集客支援 -おすすめ -比較 -ランキング -求人 -まとめ
白馬の自然を新たな価値へ変える若き三代目社長の事業承継と事業 ...,https://seisansei.smrj.go.jp/case/20260730.html,,,,長野県,長野県 温浴施設 SNS集客支援 -おすすめ -比較 -ランキング -求人 -まとめ
02 営業・ 販促 部門 関東営業部 販促 担当 H.K.,https://www.marinefoods.co.jp/recruit/people/people02/,,,,長野県,長野県 飲食チェーン 販促支援会社 -おすすめ -比較 -ランキング -求人 -まとめ
Scene6： 飲食 店・フード チェーン 店,https://maku-sign.jp/scene/sceneFood.html,,,,長野県,長野県 飲食チェーン 販促支援会社 -おすすめ -比較 -ランキング -求人 -まとめ
実 店舗 と並行してEコマース（ネットショップ）運営を立ちあげる際 ...,https://eyezmotion.co.jp/2024/04/11/realec/,,,,長野県,長野県 小売店舗 CRM 販促支援 -おすすめ -比較 -ランキング -求人 -まとめ
長野県食品 製造業振興ビジョン 2.0,https://www.hakkochoju-nagano.jp/download/fv2_hobun.pdf,,,,長野県,長野県 健康食品 デジタルマーケティング会社 -おすすめ -比較 -ランキング -求人 -まとめ
WEB サイト制作実績,https://web-design.pascal.ne.jp/website-works/,,,,長野県,長野県 地域サービス業 Web集客支援 -おすすめ -比較 -ランキング -求人 -まとめ
長野県 よろず 支援 拠点 コンサルタント,https://33gaku.jp/member/yorozu_nagano/,,,,長野県,長野県 地域サービス業 Web集客支援 -おすすめ -比較 -ランキング -求人 -まとめ
MEO（ローカル検索）対策,https://www.nagatabi2.com/meo,,,,長野県,長野県 地域サービス業 Web集客支援 -おすすめ -比較 -ランキング -求人 -まとめ
WEB コンサル・マーケティング,https://matsumoto-web.jp/service/marketing,,,,長野県,長野県 地域サービス業 Web集客支援 -おすすめ -比較 -ランキング -求人 -まとめ
SEO／MEO対策 サービス,https://www.morenet.org/seo-meo/,,,,長野県,長野県 地域サービス業 Web集客支援 -おすすめ -比較 -ランキング -求人 -まとめ
水回り リフォーム会社 様のランチェスター経営戦略実践を伴走 支援 。,https://www.chirashiya.com/eazy/2025/07/04/reform_bansou/,,,,岐阜県,岐阜県 リフォーム会社 集客マーケティング支援 -おすすめ -比較 -ランキング -求人 -まとめ
Web マーケティング支援,https://re-solve.co.jp/web-marketing/,,,,岐阜県,岐阜県 リフォーム会社 集客マーケティング支援 -おすすめ -比較 -ランキング -求人 -まとめ
採用 強化を目的としたWebサイトリニューアルプロジェクト【 岐阜 ...,https://smc-mkt.co.jp/case/krs/,,,,岐阜県,岐阜県 建設会社 採用マーケティング支援 -おすすめ -比較 -ランキング -求人 -まとめ
令和7年度 岐阜県 インバウンド向け,https://www.pref.gifu.lg.jp/uploaded/life/436710_2489147_misc.pdf,,,,岐阜県,岐阜県 建設会社 採用マーケティング支援 -おすすめ -比較 -ランキング -求人 -まとめ
建設 機械施工,https://www.sanken-s.jp/kikaisekou,,,,岐阜県,岐阜県 建設会社 採用マーケティング支援 -おすすめ -比較 -ランキング -求人 -まとめ
商工会の支援事例詳細,https://www.gifushoko.or.jp/dear_all/case/cacedetail?newsnum=1123944,,,,岐阜県,岐阜県 家具 インテリア 販促マーケティング -おすすめ -比較 -ランキング -求人 -まとめ
名古屋商工会議所+中部デザイン団体協議会 (CCDO) メッセナゴヤ ...,https://ccdo.info/report2/05%E5%8D%94%E5%83%8D%E4%BA%8B%E6%A5%AD%E5%A7%94%E5%93%A1%E4%BC%9A/20181027%E7%9B%B8%E8%AB%87%E3%82%AB%E3%83%AB%E3%83%86.pdf,,,,岐阜県,岐阜県 家具 インテリア 販促マーケティング -おすすめ -比較 -ランキング -求人 -まとめ
ご挨拶・開催概要,https://www.giftshow.co.jp/osakagiftshow/67oigs/outline.htm,,,,岐阜県,岐阜県 家具 インテリア 販促マーケティング -おすすめ -比較 -ランキング -求人 -まとめ
会社情報,https://www.kasg.co.jp/company/,,,,岐阜県,岐阜県 家具 インテリア 販促マーケティング -おすすめ -比較 -ランキング -求人 -まとめ
幼児教育・ 保育 の無償化,https://www.city.nakatsugawa.lg.jp/soshikikarasagasu/yojikyoikuka/3/946.html,,,,岐阜県,岐阜県 幼稚園 保育園 広報支援会社 -おすすめ -比較 -ランキング -求人 -まとめ
会社 概要,https://www.sensei-no-gakkou.com/ours/,,,,岐阜県,岐阜県 幼稚園 保育園 広報支援会社 -おすすめ -比較 -ランキング -求人 -まとめ
各課業務内容,https://www.city.kani.lg.jp/1106.htm,,,,岐阜県,岐阜県 幼稚園 保育園 広報支援会社 -おすすめ -比較 -ランキング -求人 -まとめ
青年部会・女性部会の活動,https://www.gssa.or.jp/pages/6/,,,,岐阜県,岐阜県 幼稚園 保育園 広報支援会社 -おすすめ -比較 -ランキング -求人 -まとめ
岐阜県立 岐阜商業高等 学校 で「観光ビジネス」の高大連携授業を ...,https://www.asahi-u.ac.jp/topics/2026/33317/,,,,岐阜県,岐阜県 専門学校 学生募集 マーケティング -おすすめ -比較 -ランキング -求人 -まとめ
新大学の将来構想をどう思うか,https://www.city.gifu.lg.jp/_res/projects/default_project/_page_/001/034/652/06_siryo5-2_companykekka_r7-1.pdf,,,,岐阜県,岐阜県 専門学校 学生募集 マーケティング -おすすめ -比較 -ランキング -求人 -まとめ
岐阜県立 大垣商業高等 学校 – DAISHO Web,https://school.gifu-net.ed.jp/ogaki-chs/,,,,岐阜県,岐阜県 専門学校 学生募集 マーケティング -おすすめ -比較 -ランキング -求人 -まとめ
岐阜 大学大学院 社会システム経営学環,https://www.ssm.gifu-u.ac.jp/gs/,,,,岐阜県,岐阜県 専門学校 学生募集 マーケティング -おすすめ -比較 -ランキング -求人 -まとめ
岐阜県 主催「ぎふビジネスプランコンテスト」開催 県内の高校生を ...,https://www.lab-kadokawa.com/release/detail.php?id=0329,,,,岐阜県,岐阜県 専門学校 学生募集 マーケティング -おすすめ -比較 -ランキング -求人 -まとめ
岐阜県 Summit,https://myprojects.jp/award/gifu/,,,,岐阜県,岐阜県 専門学校 学生募集 マーケティング -おすすめ -比較 -ランキング -求人 -まとめ
2025年度「 岐阜 アントレプレナーシッププログラム」開催県内の ...,https://group.kadokawa.co.jp/information/promotional_topics/article-12556.html,,,,岐阜県,岐阜県 専門学校 学生募集 マーケティング -おすすめ -比較 -ランキング -求人 -まとめ
学芸員活動情報,https://www.forest.minokamo.gifu.jp/staff/archive/index2.cfm,,,,岐阜県,岐阜県 博物館 美術館 デジタルプロモーション -おすすめ -比較 -ランキング -求人 -まとめ
愛知の 博物館 No.118,https://www.aichi-museum.jp/bulletin/pdf/no118.pdf,,,,岐阜県,岐阜県 博物館 美術館 デジタルプロモーション -おすすめ -比較 -ランキング -求人 -まとめ
04. 美術館 等文化施設 1,https://aichitriennale.jp/ala/project/item/04_05_06.pdf,,,,岐阜県,岐阜県 博物館 美術館 デジタルプロモーション -おすすめ -比較 -ランキング -求人 -まとめ
岐阜県美術館 『PARALLEL MODE:オディロン・ルドン － 光の夢,https://momo.realslowlife.com/20241119-redon/,,,,岐阜県,岐阜県 博物館 美術館 デジタルプロモーション -おすすめ -比較 -ランキング -求人 -まとめ
2014 年東海3県主要 集客施設 ・夏休み 集客 実態調査,https://www.murc.jp/wp-content/uploads/2014/10/press_141014.pdf,,,,岐阜県,岐阜県 レジャー施設 集客マーケティング -おすすめ -比較 -ランキング -求人 -まとめ
総合型地域スポーツクラブに求められる マーケティング 志向 ー地域 ...,https://www.hakuyo-ps.co.jp/seminar/detail.php?id=16,,,,岐阜県,岐阜県 レジャー施設 集客マーケティング -おすすめ -比較 -ランキング -求人 -まとめ
親子 で 楽 し め る 「 釣 り ＆ キ ャ ン プ 場」 に 伴走支援 で ス テ ...,https://www.shokokai.or.jp/shokokai/pdf/202312/18-20_%E5%95%8612_%E7%89%B9%E9%9B%86_%E5%B2%90%E9%98%9C_%E9%AB%98%E5%B1%B1_%E9%B1%92%E8%94%B5.pdf,,,,岐阜県,岐阜県 レジャー施設 集客マーケティング -おすすめ -比較 -ランキング -求人 -まとめ
観光・飲食店・旅行事業者のプロモーションに役立つコラム集,https://www.din-group.co.jp/pradime/blog.php,,,,岐阜県,岐阜県 レジャー施設 集客マーケティング -おすすめ -比較 -ランキング -求人 -まとめ
株式会社オアシスパーク 様,https://wastebox.net/voice/service/p4878/,,,,岐阜県,岐阜県 レジャー施設 集客マーケティング -おすすめ -比較 -ランキング -求人 -まとめ
トークセッション「温泉地の活性化」,https://icoi.pref.shizuoka.jp/wp/wp-content/themes/icoi/assets/images/onsen/pdf/forum_talk.pdf,,,,岐阜県,岐阜県 温浴施設 SNS集客支援 -おすすめ -比較 -ランキング -求人 -まとめ
旅館・ホテル専門コンサルティング,https://www.489ban.net/services/yadoriki/,,,,岐阜県,岐阜県 温浴施設 SNS集客支援 -おすすめ -比較 -ランキング -求人 -まとめ
レシートプリンター アプリ探し 支援,https://www.epson.jp/products/receiptprinter/appsearch/?page=1&sort=1,,,,岐阜県,岐阜県 飲食チェーン 販促支援会社 -おすすめ -比較 -ランキング -求人 -まとめ
ABOUT,https://kazu-dp.com/about/,,,,岐阜県,岐阜県 飲食チェーン 販促支援会社 -おすすめ -比較 -ランキング -求人 -まとめ
会員名簿,https://shindan-gifu.com/wp/wp-content/uploads/2021/02/Meiboweb20210201-1.pdf,,,,岐阜県,岐阜県 飲食チェーン 販促支援会社 -おすすめ -比較 -ランキング -求人 -まとめ
第19回「き」業展出展者紹介（リアル会場）,https://kigyouten.com/company_19.html,,,,岐阜県,岐阜県 健康食品 デジタルマーケティング会社 -おすすめ -比較 -ランキング -求人 -まとめ
SERVICE（事業案内）,https://prad.co.jp/services/,,,,岐阜県,岐阜県 健康食品 デジタルマーケティング会社 -おすすめ -比較 -ランキング -求人 -まとめ
令和6年度 企業版ふるさと納税制度活用企業のご紹介,https://www.town.yoro.gifu.jp/government/administration/1002859/1003180/1002472.html,,,,岐阜県,岐阜県 健康食品 デジタルマーケティング会社 -おすすめ -比較 -ランキング -求人 -まとめ
ECサイト制作,https://cellec.jp/services/ecsite/,,,,岐阜県,岐阜県 地域サービス業 Web集客支援 -おすすめ -比較 -ランキング -求人 -まとめ
ホームページ制作 岐阜,https://cyber-intelligence.co.jp/service/homepage/,,,,岐阜県,岐阜県 地域サービス業 Web集客支援 -おすすめ -比較 -ランキング -求人 -まとめ
創 業,https://www.gifu-yorozushien.go.jp/%E6%94%AF%E6%8F%B4%E4%BA%8B%E4%BE%8B/%E5%89%B5%E6%A5%AD%E6%94%AF%E6%8F%B4/,,,,岐阜県,岐阜県 地域サービス業 Web集客支援 -おすすめ -比較 -ランキング -求人 -まとめ
エキスパートバンク,https://www.gcci.or.jp/management/speciality/expert.html,,,,岐阜県,岐阜県 地域サービス業 Web集客支援 -おすすめ -比較 -ランキング -求人 -まとめ
静岡県 の不動産・ リフォーム 、施設3D 集客 （Matterport)と言えば ...,https://t-lifestyle.co.jp/,,,,静岡県,静岡県 リフォーム会社 集客マーケティング支援 -おすすめ -比較 -ランキング -求人 -まとめ
コーポレートサイト制作実績 遠州 建設 株式 会社 様（ 静岡県 浜松市）,https://www.akindo2000.net/portfolio/en-ken/,,,,静岡県,静岡県 建設会社 採用マーケティング支援 -おすすめ -比較 -ランキング -求人 -まとめ
マーケティング,https://suzuichi-gr.jp/recruit/42181/,,,,静岡県,静岡県 建設会社 採用マーケティング支援 -おすすめ -比較 -ランキング -求人 -まとめ
免責事項・プライバシーポリシー,https://www.shizuoka-c-k.co.jp/privacy.html,,,,静岡県,静岡県 建設会社 採用マーケティング支援 -おすすめ -比較 -ランキング -求人 -まとめ
CONSTRUCTION,https://stknavi.com/group/construction/,,,,静岡県,静岡県 建設会社 採用マーケティング支援 -おすすめ -比較 -ランキング -求人 -まとめ
WORKS,https://www.mpcreative.jp/works/,,,,静岡県,静岡県 家具 インテリア 販促マーケティング -おすすめ -比較 -ランキング -求人 -まとめ
IT支援のThinkrich（シンクリッチ）,https://think-rich.jp/jisseki.html,,,,静岡県,静岡県 家具 インテリア 販促マーケティング -おすすめ -比較 -ランキング -求人 -まとめ
WORKS,https://www.mpcreative-update.hybs.jp/works/?mode=list&cat=3,,,,静岡県,静岡県 家具 インテリア 販促マーケティング -おすすめ -比較 -ランキング -求人 -まとめ
トピックス,https://kabufuji.com/topics/,,,,静岡県,静岡県 家具 インテリア 販促マーケティング -おすすめ -比較 -ランキング -求人 -まとめ
地域副業・兼業プロジェクト 地域の事業者を マーケティング と都内 ...,https://jr-central.co.jp/news/release/nws003853.html,,,,静岡県,静岡県 家具 インテリア 販促マーケティング -おすすめ -比較 -ランキング -求人 -まとめ
【 広報 ふじ平成31年】ふじで 保育 しませんか／富士市メール ...,https://www.city.fuji.shizuoka.jp/1005330000/p008365.html,,,,静岡県,静岡県 幼稚園 保育園 広報支援会社 -おすすめ -比較 -ランキング -求人 -まとめ
H24.7.11 No．80 静岡県 私立 幼稚園 振興協会 広報 委員会 全日私幼 ...,https://www.shizushiyou.or.jp/wp-content/uploads/2012/04/3df996764fb543a832993a80562c6b491,,,,静岡県,静岡県 幼稚園 保育園 広報支援会社 -おすすめ -比較 -ランキング -求人 -まとめ
令和7年度認定こども園・ 保育園 ・ 幼稚園 等の入園受付,https://www.city.shizuoka.lg.jp/s5783/s002043.html,,,,静岡県,静岡県 幼稚園 保育園 広報支援会社 -おすすめ -比較 -ランキング -求人 -まとめ
保育 所等について／ 静岡県 森町,https://www.town.morimachi.shizuoka.jp/gyosei/machinososhiki/kenkokodomoka/yochienhoikuenkakari/1/4614.html,,,,静岡県,静岡県 幼稚園 保育園 広報支援会社 -おすすめ -比較 -ランキング -求人 -まとめ
認定こども園について,https://www.pref.shizuoka.jp/kodomokyoiku/kodomokosodate/kosodateshien/1022169.html,,,,静岡県,静岡県 幼稚園 保育園 広報支援会社 -おすすめ -比較 -ランキング -求人 -まとめ
保育園 ・ 幼稚園 等／藤枝市,https://www.city.fujieda.shizuoka.jp/kosodate/hoikuen/index.html,,,,静岡県,静岡県 幼稚園 保育園 広報支援会社 -おすすめ -比較 -ランキング -求人 -まとめ
コンピュータ科ビジネスコース,https://www.sangi.ac.jp/course/computer_business/,,,,静岡県,静岡県 専門学校 学生募集 マーケティング -おすすめ -比較 -ランキング -求人 -まとめ
短期集中単位互換授業,https://www.fujinokuni-consortium.or.jp/introduction/course01/course01_1/,,,,静岡県,静岡県 専門学校 学生募集 マーケティング -おすすめ -比較 -ランキング -求人 -まとめ
『高校生対象 ビジネス実践講座』 募集 のお知らせ,https://www.b-nest.jp/shien/kigyou/courses/highschool,,,,静岡県,静岡県 専門学校 学生募集 マーケティング -おすすめ -比較 -ランキング -求人 -まとめ
静岡県 の仏像3Dデータ生成と体験型展示,https://sabia.co.jp/works/664/,,,,静岡県,静岡県 博物館 美術館 デジタルプロモーション -おすすめ -比較 -ランキング -求人 -まとめ
富士山 木のおもちゃ 美術館 について – 行政情報,https://www.city.gotemba.lg.jp/gyousei/g-2/g-2-8/27760.html,,,,静岡県,静岡県 博物館 美術館 デジタルプロモーション -おすすめ -比較 -ランキング -求人 -まとめ
観光事業者の皆様へ,https://www.visit-shizuoka.com/business/index.html,,,,静岡県,静岡県 レジャー施設 集客マーケティング -おすすめ -比較 -ランキング -求人 -まとめ
伊豆観光 復権担う新組織 地域プロデュース力強化へ,http://www.sunfront21.org/kaze/140525.html,,,,静岡県,静岡県 レジャー施設 集客マーケティング -おすすめ -比較 -ランキング -求人 -まとめ
【中部ブロック（航空・港湾WG）No.2】富士山 静岡 空港の国際線 ...,https://wwwtb.mlit.go.jp/chubu/kikaku/syoryudo/data/r4seikjirei.pdf,,,,静岡県,静岡県 レジャー施設 集客マーケティング -おすすめ -比較 -ランキング -求人 -まとめ
2017年ゴールデンウイーク 集客 動向調査,https://www.seri.or.jp/news/fa443fd3fee4654a6fe006577d6818775af910d5.pdf,,,,静岡県,静岡県 レジャー施設 集客マーケティング -おすすめ -比較 -ランキング -求人 -まとめ
デジタル技術×地域連携による地域活性化！没入型映像体験 ...,https://shisaly.com/plan/6190,,,,静岡県,静岡県 温浴施設 SNS集客支援 -おすすめ -比較 -ランキング -求人 -まとめ
飲食 店開業 支援 ・どんたこFC東海エリア本部,https://areabox.jp/,,,,静岡県,静岡県 飲食チェーン 販促支援会社 -おすすめ -比較 -ランキング -求人 -まとめ
株式 会社 マキヤ チェーン 店舗のPOP制作を効率化ラミネート不要で ...,https://www.toshibatec.co.jp/casestudy/specialtyshop-makiya.html,,,,静岡県,静岡県 飲食チェーン 販促支援会社 -おすすめ -比較 -ランキング -求人 -まとめ
海外展開・取引 支援,https://www.sizsan.co.jp/service/opening-overseas-stores/,,,,静岡県,静岡県 飲食チェーン 販促支援会社 -おすすめ -比較 -ランキング -求人 -まとめ
Company 会社情報,https://www.uniccs.co.jp/company/,,,,静岡県,静岡県 小売店舗 CRM 販促支援 -おすすめ -比較 -ランキング -求人 -まとめ
集客サービス,https://www.lic-mydo.com/service/,,,,静岡県,静岡県 地域サービス業 Web集客支援 -おすすめ -比較 -ランキング -求人 -まとめ
会社紹介,https://cmmns.site/company/,,,,静岡県,静岡県 地域サービス業 Web集客支援 -おすすめ -比較 -ランキング -求人 -まとめ
newLeap by HelenTech,https://newleap.jp/,,,,静岡県,静岡県 地域サービス業 Web集客支援 -おすすめ -比較 -ランキング -求人 -まとめ
コーディネーター紹介,https://shizuoka-yorozu.go.jp/coordinator/,,,,静岡県,静岡県 地域サービス業 Web集客支援 -おすすめ -比較 -ランキング -求人 -まとめ
シミケア＆肌質改善専門サロンの 集客支援 と商標登録 支援,https://be-palette-fuji.com/case/2564,,,,静岡県,静岡県 地域サービス業 Web集客支援 -おすすめ -比較 -ランキング -求人 -まとめ
【 愛知 】「10名限定! 集客 戦略の新しい武器 VR構造見学会セミナー」,https://www.walk-in-home.jp/information/716,,,,愛知県,愛知県 リフォーム会社 集客マーケティング支援 -おすすめ -比較 -ランキング -求人 -まとめ
名古屋で 集客 も重視した リフォーム を請け負い売上に貢献する株式 ...,https://rolf-nagoya.co.jp/,,,,愛知県,愛知県 リフォーム会社 集客マーケティング支援 -おすすめ -比較 -ランキング -求人 -まとめ
会社 案内,https://fourhills.jp/company/,,,,愛知県,愛知県 リフォーム会社 集客マーケティング支援 -おすすめ -比較 -ランキング -求人 -まとめ
マーケティング 戦略顧問（中小企業・個人事業主）,https://webyus.co.jp/,,,,愛知県,愛知県 リフォーム会社 集客マーケティング支援 -おすすめ -比較 -ランキング -求人 -まとめ
リクルート対策を意識したオフィシャルサイト,https://ichi-kichi.jp/works/works_detail.php?id=1,,,,愛知県,愛知県 建設会社 採用マーケティング支援 -おすすめ -比較 -ランキング -求人 -まとめ
「 建設 業界の マーケティング 戦略」～価値を伝え、競争を勝ち抜く ...,https://hata-web.com/blog/37283-2/,,,,愛知県,愛知県 建設会社 採用マーケティング支援 -おすすめ -比較 -ランキング -求人 -まとめ
デジタル マーケティング 事業,https://smartnote.jp/digital_marketing/,,,,愛知県,愛知県 建設会社 採用マーケティング支援 -おすすめ -比較 -ランキング -求人 -まとめ
会社情報,https://www.ishigurokensetsu.co.jp/company/,,,,愛知県,愛知県 建設会社 採用マーケティング支援 -おすすめ -比較 -ランキング -求人 -まとめ
お客様の幸せを追求する国内生産 家具 メーカー カリモク,https://shopserve.estore.jp/store/interview17/,,,,愛知県,愛知県 家具 インテリア 販促マーケティング -おすすめ -比較 -ランキング -求人 -まとめ
会社案内,https://plusline-nagoya.jp/company/,,,,愛知県,愛知県 家具 インテリア 販促マーケティング -おすすめ -比較 -ランキング -求人 -まとめ
【前編】カリモク 家具 株式会社 流通ルートが消滅、売上半減の経営 ...,https://www.powerweb.co.jp/knowledge/columnlist/interview-5/,,,,愛知県,愛知県 家具 インテリア 販促マーケティング -おすすめ -比較 -ランキング -求人 -まとめ
株式会社Simple（シンプル）： 学生募集 広報の支援、高校生向けの ...,https://simple2018.com/,,,,愛知県,愛知県 専門学校 学生募集 マーケティング -おすすめ -比較 -ランキング -求人 -まとめ
（ 募集 は終了しました）「公民連携に取り組む企業・団体への 学生 ...,https://gakusei-town.city.nagoya.jp/recruit/entry-142.html,,,,愛知県,愛知県 専門学校 学生募集 マーケティング -おすすめ -比較 -ランキング -求人 -まとめ
SNS マーケティング SNSの仕組みを詳しく聞こう！,https://www.n-visual.net/opencampus/case-001103/,,,,愛知県,愛知県 専門学校 学生募集 マーケティング -おすすめ -比較 -ランキング -求人 -まとめ
マーケティング 分野に8名の 専門 家が集結。 創立からの伝統があり,https://navi.agu.ac.jp/topics/topics-2575/,,,,愛知県,愛知県 専門学校 学生募集 マーケティング -おすすめ -比較 -ランキング -求人 -まとめ
愛広協実践広告ワークショップ,https://www.aichi-ad.or.jp/%E6%84%9B%E5%BA%83%E5%8D%94%E5%AE%9F%E8%B7%B5%E5%BA%83%E5%91%8A%E3%83%AF%E3%83%BC%E3%82%AF%E3%82%B7%E3%83%A7%E3%83%83%E3%83%97/,,,,愛知県,愛知県 専門学校 学生募集 マーケティング -おすすめ -比較 -ランキング -求人 -まとめ
保育 所・こども園・ 幼稚園,https://www.town.aichi-mihama.lg.jp/kosodate-kyoiku/hoikusho-kodomoen-yochien/index.html,,,,愛知県,愛知県 幼稚園 保育園 広報支援会社 -おすすめ -比較 -ランキング -求人 -まとめ
クラウドファンディング,https://mobile-app.camp-fire.jp/projects/505339,,,,愛知県,愛知県 幼稚園 保育園 広報支援会社 -おすすめ -比較 -ランキング -求人 -まとめ
保育園 ・ 幼稚園 ・認定こども園,https://www.city.handa.lg.jp/kosodate/hoikuen-youchien/index.html,,,,愛知県,愛知県 幼稚園 保育園 広報支援会社 -おすすめ -比較 -ランキング -求人 -まとめ
「園 支援 システム＋バスキャッチ」と「スナップスナップ」が ...,https://kitamura-group.co.jp/news/topics/221003/,,,,愛知県,愛知県 幼稚園 保育園 広報支援会社 -おすすめ -比較 -ランキング -求人 -まとめ
企画、制作、分析,https://www.sansendo.co.jp/service/,,,,愛知県,愛知県 レジャー施設 集客マーケティング -おすすめ -比較 -ランキング -求人 -まとめ
2015年1月27日放送 いま、 レジャー施設 が大変貌！,https://www.tv-tokyo.co.jp/gaia/backnumber4/preview_20150127.html,,,,愛知県,愛知県 レジャー施設 集客マーケティング -おすすめ -比較 -ランキング -求人 -まとめ
令和6年度 事業報告書,https://www.handa-kankou.com/cms/wp-content/uploads/2025/09/f811a67ab8dcc21b8bdbad7d958929f1.pdf,,,,愛知県,愛知県 レジャー施設 集客マーケティング -おすすめ -比較 -ランキング -求人 -まとめ
LP制作・広告運用,https://www.sogo-ad.jp/case/p12944/,,,,愛知県,愛知県 温浴施設 SNS集客支援 -おすすめ -比較 -ランキング -求人 -まとめ
ギフトショーでのサウナフェア,https://rmc1010.net/2025/09/04/%E3%82%AE%E3%83%95%E3%83%88%E3%82%B7%E3%83%A7%E3%83%BC%E3%81%A7%E3%81%AE%E3%82%B5%E3%82%A6%E3%83%8A%E3%83%95%E3%82%A7%E3%82%A2/,,,,愛知県,愛知県 温浴施設 SNS集客支援 -おすすめ -比較 -ランキング -求人 -まとめ
実績・事例,https://dvlp.co.jp/works/,,,,愛知県,愛知県 飲食チェーン 販促支援会社 -おすすめ -比較 -ランキング -求人 -まとめ
【 愛知 】 チェーン 企業に必要なアフターデジタル時代の商圏分析 ...,https://www.giken.co.jp/seminar-event/36577/,,,,愛知県,愛知県 飲食チェーン 販促支援会社 -おすすめ -比較 -ランキング -求人 -まとめ
会社 概要,https://fc-premier.co.jp/company/,,,,愛知県,愛知県 飲食チェーン 販促支援会社 -おすすめ -比較 -ランキング -求人 -まとめ
株式 会社 あミューズの子会社化および簡易株式交換による完全 ...,https://www.jcpg.co.jp/ir/news/ir_20170707-001.pdf,,,,愛知県,愛知県 飲食チェーン 販促支援会社 -おすすめ -比較 -ランキング -求人 -まとめ
事業内容,https://www.waltz.co.jp/about/business/,,,,愛知県,愛知県 飲食チェーン 販促支援会社 -おすすめ -比較 -ランキング -求人 -まとめ
Aichi Matching 2023,https://eiicon.net/about/aichimatching2023/,,,,愛知県,愛知県 飲食チェーン 販促支援会社 -おすすめ -比較 -ランキング -求人 -まとめ
登録企業の紹介（検索）,https://www.kenko-keiei.pref.aichi.jp/company/?p=23,,,,愛知県,愛知県 健康食品 デジタルマーケティング会社 -おすすめ -比較 -ランキング -求人 -まとめ
会社 概要,https://chukyoiyakuhin.co.jp/about/overview/,,,,愛知県,愛知県 健康食品 デジタルマーケティング会社 -おすすめ -比較 -ランキング -求人 -まとめ
【お知らせ】 健康食品 ・サプリメントに関する調査（2026年）,https://www.cross-m.co.jp/news/release/20260617,,,,愛知県,愛知県 健康食品 デジタルマーケティング会社 -おすすめ -比較 -ランキング -求人 -まとめ
アフターコロナに向けて 『名古屋オフィス』 移転・統合,https://impact-h.co.jp/news/news20200608,,,,愛知県,愛知県 小売店舗 CRM 販促支援 -おすすめ -比較 -ランキング -求人 -まとめ
株式会社テスク,https://product.smts-online.jp/Search/Company/H_cd3Bo35pCCIqfA70cNqQ,,,,愛知県,愛知県 小売店舗 CRM 販促支援 -おすすめ -比較 -ランキング -求人 -まとめ
Web集客 実績,https://mecreate.co.jp/case/,,,,愛知県,愛知県 地域サービス業 Web集客支援 -おすすめ -比較 -ランキング -求人 -まとめ
Web マーケティングをまるっと外注できる！ WEB マーケ担当代行,https://www.marketing-essentials.jp/webtan_service,,,,愛知県,愛知県 地域サービス業 Web集客支援 -おすすめ -比較 -ランキング -求人 -まとめ
セライオン株式会社,https://aichi-sdgs-partners.jp/organization/1865/show,,,,愛知県,愛知県 地域サービス業 Web集客支援 -おすすめ -比較 -ランキング -求人 -まとめ
Web マーケティングコンサル,https://kikkallc.com/webmarketing-consulting/,,,,愛知県,愛知県 地域サービス業 Web集客支援 -おすすめ -比較 -ランキング -求人 -まとめ
愛知 県西春日井郡でホームページ制作会社をお探しならサカイiT企画へ,https://sakaiitproject.com/a-reliable-web-production-company-in-nishikasugaigun/,,,,愛知県,愛知県 地域サービス業 Web集客支援 -おすすめ -比較 -ランキング -求人 -まとめ
ホームページ制作関連業務のご案内,https://www.rights-web.net/work/,,,,愛知県,愛知県 地域サービス業 Web集客支援 -おすすめ -比較 -ランキング -求人 -まとめ
屋根工事の 集客支援,https://www.roof-connect.jp/service1/,,,,三重県,三重県 リフォーム会社 集客マーケティング支援 -おすすめ -比較 -ランキング -求人 -まとめ
林 建設 株式 会社 様 三重県 津市でSEO対策の事例,https://mswebmarketing.co.jp/webmarketingexsample/2206/,,,,三重県,三重県 建設会社 採用マーケティング支援 -おすすめ -比較 -ランキング -求人 -まとめ
会社 案内,https://recruit-ikd.com/company,,,,三重県,三重県 建設会社 採用マーケティング支援 -おすすめ -比較 -ランキング -求人 -まとめ
会社 案内,https://hayashi-elec.co.jp/pages/2/,,,,三重県,三重県 建設会社 採用マーケティング支援 -おすすめ -比較 -ランキング -求人 -まとめ
プライバシーポリシー,https://www.jtechnos.com/policy/,,,,三重県,三重県 建設会社 採用マーケティング支援 -おすすめ -比較 -ランキング -求人 -まとめ
建設現場ブログ,https://hayashikk.com/category/kensetsublog/genbadiary/,,,,三重県,三重県 建設会社 採用マーケティング支援 -おすすめ -比較 -ランキング -求人 -まとめ
資格・免許、取引先,https://www.daiichi-eic.com/company_data.php,,,,三重県,三重県 建設会社 採用マーケティング支援 -おすすめ -比較 -ランキング -求人 -まとめ
プライバシーポリシー,https://taniguchikensetsu.co.jp/privacy/,,,,三重県,三重県 建設会社 採用マーケティング支援 -おすすめ -比較 -ランキング -求人 -まとめ
（3）人材の確保と質の向上について,https://www.pref.mie.lg.jp/common/content/000667458.pdf,,,,三重県,三重県 幼稚園 保育園 広報支援会社 -おすすめ -比較 -ランキング -求人 -まとめ
保育 所（園）・認定こども園案内,https://www.city.suzuka.lg.jp/kosodate/azukeru/1012741.html,,,,三重県,三重県 幼稚園 保育園 広報支援会社 -おすすめ -比較 -ランキング -求人 -まとめ
広報,https://www.town.toin.lg.jp/material/files/group/1/201406_61591174.pdf,,,,三重県,三重県 幼稚園 保育園 広報支援会社 -おすすめ -比較 -ランキング -求人 -まとめ
保育 所、認定こども園以外の 無償化措置の対象範囲等に関する検討 ...,https://www.gotemba-kosodate.jp/kanri/wp-content/uploads/2022/10/h30-4-2.pdf,,,,三重県,三重県 幼稚園 保育園 広報支援会社 -おすすめ -比較 -ランキング -求人 -まとめ
広報 つ ！ 保育 を護る,https://www.info.city.tsu.mie.jp/_res/projects/default_project/_page_/001/006/002/20240401p20.pdf,,,,三重県,三重県 幼稚園 保育園 広報支援会社 -おすすめ -比較 -ランキング -求人 -まとめ
8月号,https://www.town.kisosaki.lg.jp/cmsfiles/contents/0000001/1380/no.648.pdf,,,,三重県,三重県 幼稚園 保育園 広報支援会社 -おすすめ -比較 -ランキング -求人 -まとめ
お知らせ版,https://www.city.kameyama.mie.jp/docs/2016100900018/file_contents/1-12P.pdf,,,,三重県,三重県 幼稚園 保育園 広報支援会社 -おすすめ -比較 -ランキング -求人 -まとめ
三重 大学大学院 人文社会科学研究科 （修士課程） 学生 募集 要項,https://www.human.mie-u.ac.jp/files/35c339b662ff2fad639482d28d4eeb40.pdf,,,,三重県,三重県 専門学校 学生募集 マーケティング -おすすめ -比較 -ランキング -求人 -まとめ
全日型 パソコン,https://mietokufu.ed.jp/pages/129/,,,,三重県,三重県 専門学校 学生募集 マーケティング -おすすめ -比較 -ランキング -求人 -まとめ
【 三重県 】令和8年度 三重県 地域と若者の未来を拓く 学生 奨学金 ...,https://www.scci.or.jp/information/3803/,,,,三重県,三重県 専門学校 学生募集 マーケティング -おすすめ -比較 -ランキング -求人 -まとめ
出口 貴之,https://www.jhs.ac.jp/about/teachers/deguchi_takayuki/,,,,三重県,三重県 専門学校 学生募集 マーケティング -おすすめ -比較 -ランキング -求人 -まとめ
八洲学園大学国際高等 学校 情報誌,https://www.yashima.ac.jp/okinawa/students/all_202509.pdf,,,,三重県,三重県 専門学校 学生募集 マーケティング -おすすめ -比較 -ランキング -求人 -まとめ
d173 三重県 総合 博物館,https://www.expo2025.or.jp/dailylife/d173/,,,,三重県,三重県 博物館 美術館 デジタルプロモーション -おすすめ -比較 -ランキング -求人 -まとめ
WHILLが「WHILL Model C」のレンタルを開始 観光・ レジャー施設 ...,https://www.axismag.jp/posts/2019/04/126894.html,,,,三重県,三重県 レジャー施設 集客マーケティング -おすすめ -比較 -ランキング -求人 -まとめ
WEB マーケティング ・ブランディングのコンサルタント 三重 /番頭 ...,https://www.bantousya.jp/,,,,三重県,三重県 レジャー施設 集客マーケティング -おすすめ -比較 -ランキング -求人 -まとめ
湯の山温泉 希望荘 再スタートで 集客 強化 官民一体型ファンドが 支援,https://www.chukei-news.co.jp/news/2026/06/03/OK0002606030601_01/,,,,三重県,三重県 温浴施設 SNS集客支援 -おすすめ -比較 -ランキング -求人 -まとめ
旅館全体で経営課題を共有し、従業員一丸で解決に取り組む,https://mie-biz.jp/case/13,,,,三重県,三重県 温浴施設 SNS集客支援 -おすすめ -比較 -ランキング -求人 -まとめ
平成28年度 革新的ものづくり・商業・サービス開発 支援 補助金 ...,http://www.chuokai-mie.or.jp/topix/h28/saitaku28.pdf,,,,三重県,三重県 飲食チェーン 販促支援会社 -おすすめ -比較 -ランキング -求人 -まとめ
三重県 のホームページ・WEBサイト制作対応エリア- 株式 会社 ...,https://digital-dive.com/area/2153/,,,,三重県,三重県 飲食チェーン 販促支援会社 -おすすめ -比較 -ランキング -求人 -まとめ
株式会社コメリ,https://www.komeri.bit.or.jp/ir/finalaccounts/2024/63th_4Q_kessanall.pdf?1744840054854,,,,三重県,三重県 小売店舗 CRM 販促支援 -おすすめ -比較 -ランキング -求人 -まとめ
ラッパフキ牧戸（牧戸 健）,https://kodeka.co.jp/member/3/,,,,三重県,三重県 健康食品 デジタルマーケティング会社 -おすすめ -比較 -ランキング -求人 -まとめ
令和7年 新年号 (1),https://www.mie-seiei.jp/wp-content/uploads/2025/02/85.pdf,,,,三重県,三重県 健康食品 デジタルマーケティング会社 -おすすめ -比較 -ランキング -求人 -まとめ
石﨑 一之進（イシザキ イチノシン）,https://www.miesc.or.jp/expert/contents/147/,,,,三重県,三重県 地域サービス業 Web集客支援 -おすすめ -比較 -ランキング -求人 -まとめ
三重県 よろず 支援 拠点: 三重県 の無料経営相談,https://mie-yorozushien.go.jp/,,,,三重県,三重県 地域サービス業 Web集客支援 -おすすめ -比較 -ランキング -求人 -まとめ
リフォーム会社 （大阪府）,https://www.tazmi.com/%E6%94%AF%E6%8F%B4%E4%BA%8B%E6%A5%AD/%E6%94%AF%E6%8F%B4%E4%BA%8B%E4%BE%8B%E7%B4%B9%E4%BB%8B/,,,,滋賀県,滋賀県 リフォーム会社 集客マーケティング支援 -おすすめ -比較 -ランキング -求人 -まとめ
工務店の 集客 できるホームページ制作はwebcoco（ウェブココ）,https://www.webcoco.jp/,,,,滋賀県,滋賀県 リフォーム会社 集客マーケティング支援 -おすすめ -比較 -ランキング -求人 -まとめ
LIXIL リフォーム ショップハヤシ 様,https://onca.co.jp/works/p1365/,,,,滋賀県,滋賀県 リフォーム会社 集客マーケティング支援 -おすすめ -比較 -ランキング -求人 -まとめ
株式 会社 新洲 採用 情報,https://toiku-shukatsu.net/search/company/TW0058/recruit.html,,,,滋賀県,滋賀県 建設会社 採用マーケティング支援 -おすすめ -比較 -ランキング -求人 -まとめ
プライバシポリシー,https://ohbayashi-co.jp/privacy_policy/,,,,滋賀県,滋賀県 建設会社 採用マーケティング支援 -おすすめ -比較 -ランキング -求人 -まとめ
株式 会社 マツテックについて,https://www.studiobeatle.com/works/277/,,,,滋賀県,滋賀県 建設会社 採用マーケティング支援 -おすすめ -比較 -ランキング -求人 -まとめ
プライバシーポリシー,https://takeyama-g.jp/privacy/,,,,滋賀県,滋賀県 建設会社 採用マーケティング支援 -おすすめ -比較 -ランキング -求人 -まとめ
滋賀県 で株式 会社 設立・法人成りを経営視点でサポート,https://effort-office.net/item_kabu/,,,,滋賀県,滋賀県 建設会社 採用マーケティング支援 -おすすめ -比較 -ランキング -求人 -まとめ
インダストリアルな 家具 屋に／京都市西京区・ARIA,https://liv-r.co.jp/2022/06/16/4981/,,,,滋賀県,滋賀県 家具 インテリア 販促マーケティング -おすすめ -比較 -ランキング -求人 -まとめ
登録専門家検索,https://www.shigaplaza.or.jp/senmonnw/pro20/page/4,,,,滋賀県,滋賀県 家具 インテリア 販促マーケティング -おすすめ -比較 -ランキング -求人 -まとめ
有限会社ウエスト 図工室,https://sign.west-design.com/,,,,滋賀県,滋賀県 家具 インテリア 販促マーケティング -おすすめ -比較 -ランキング -求人 -まとめ
広報 りっとう,http://www.city.ritto.lg.jp/koho/1511/112_1.html,,,,滋賀県,滋賀県 幼稚園 保育園 広報支援会社 -おすすめ -比較 -ランキング -求人 -まとめ
リンク集,https://www.city.moriyama.lg.jp/about/1004963.html,,,,滋賀県,滋賀県 幼稚園 保育園 広報支援会社 -おすすめ -比較 -ランキング -求人 -まとめ
2024年 広報 やす9月1日号,https://www.city.yasu.lg.jp/soshiki/kouhouhisho/kouhouyasu/backnum/r6/1724375479899.html,,,,滋賀県,滋賀県 幼稚園 保育園 広報支援会社 -おすすめ -比較 -ランキング -求人 -まとめ
文教厚生委員会 行政視察,https://ayumu-shimotsuma.com/a-48/,,,,滋賀県,滋賀県 幼稚園 保育園 広報支援会社 -おすすめ -比較 -ランキング -求人 -まとめ
令和8年度 保育 所等利用案内,https://www.city.otsu.lg.jp/soshiki/015/1410/g/hn/69848.html,,,,滋賀県,滋賀県 幼稚園 保育園 広報支援会社 -おすすめ -比較 -ランキング -求人 -まとめ
学童 保育 所,https://www.town.aisho.shiga.jp/soshiki/kodomo/1/2/927.html,,,,滋賀県,滋賀県 幼稚園 保育園 広報支援会社 -おすすめ -比較 -ランキング -求人 -まとめ
公開講座「デザイン思考と マーケティング 」受講者 募集 （7月27日 ...,https://www.shiga-u.ac.jp/35427/,,,,滋賀県,滋賀県 専門学校 学生募集 マーケティング -おすすめ -比較 -ランキング -求人 -まとめ
届出,https://bpur.aino.ac.jp/include/common/images/documents/3ten20250328.pdf,,,,滋賀県,滋賀県 専門学校 学生募集 マーケティング -おすすめ -比較 -ランキング -求人 -まとめ
日本語,https://www.s-i-a.or.jp/sites/default/files/project/multicultural_career2025.pdf,,,,滋賀県,滋賀県 専門学校 学生募集 マーケティング -おすすめ -比較 -ランキング -求人 -まとめ
令和6年度当初予算案および組織改編案,https://www.pref.shiga.lg.jp/file/attachment/5450358.pdf,,,,滋賀県,滋賀県 専門学校 学生募集 マーケティング -おすすめ -比較 -ランキング -求人 -まとめ
2026年度一般入試 募集 要項,https://college.ehle.ac.jp/application2026/,,,,滋賀県,滋賀県 専門学校 学生募集 マーケティング -おすすめ -比較 -ランキング -求人 -まとめ
「美の魅力発信プラン」の中間見直しの方向性について,https://www.shigaken-gikai.jp/voices/GikaiDoc/attach/Nittei/Nt18797_8.pdf,,,,滋賀県,滋賀県 博物館 美術館 デジタルプロモーション -おすすめ -比較 -ランキング -求人 -まとめ
公益社団法人びわ湖高島観光協会,https://takashima-kanko.jp/uploads/eaedcd656fd3a6b9c2ed49fff7e4b744.pdf,,,,滋賀県,滋賀県 レジャー施設 集客マーケティング -おすすめ -比較 -ランキング -求人 -まとめ
令和5年度(2023 年度)事業計画,https://www.biwako-visitors.jp/assets/files/disc/plan_r05.pdf?ts=1779010463876,,,,滋賀県,滋賀県 レジャー施設 集客マーケティング -おすすめ -比較 -ランキング -求人 -まとめ
一般社団法人草津市観光物産協会 第2期 事業計画書,https://kanko-kusatsu.com/wp-content/themes/kusatsu-kb/pdf/R50124_jigyoukeikaku.pdf,,,,滋賀県,滋賀県 レジャー施設 集客マーケティング -おすすめ -比較 -ランキング -求人 -まとめ
フードプロフェッショナルカンファレンス2025 vol.1,https://proguide.co.jp/foodprofessionalconference250128,,,,滋賀県,滋賀県 飲食チェーン 販促支援会社 -おすすめ -比較 -ランキング -求人 -まとめ
共田 薫,https://www.osaka-shindanshi.org/member/n419753/,,,,滋賀県,滋賀県 飲食チェーン 販促支援会社 -おすすめ -比較 -ランキング -求人 -まとめ
本部 ACCESS,https://www.life-lines.info/about-us/,,,,滋賀県,滋賀県 飲食チェーン 販促支援会社 -おすすめ -比較 -ランキング -求人 -まとめ
Tangerine「Store360 SDK for OMNICITY」を提供開始しました,https://corporate.tangerine.io/220829,,,,滋賀県,滋賀県 小売店舗 CRM 販促支援 -おすすめ -比較 -ランキング -求人 -まとめ
デジタル ライフビジネス学科 食 健康 コース,https://tandai.sumire.ac.jp/department/new-dlb/health/,,,,滋賀県,滋賀県 健康食品 デジタルマーケティング会社 -おすすめ -比較 -ランキング -求人 -まとめ
S Forest Garden,https://www.sforest-g.com/,,,,滋賀県,滋賀県 健康食品 デジタルマーケティング会社 -おすすめ -比較 -ランキング -求人 -まとめ
業者番号 業者名 住所 1000035068 株式 会社 田中電機 滋賀県 犬上郡 ...,https://www.town.taga.lg.jp/material/files/group/2/R8-9bippin.pdf,,,,滋賀県,滋賀県 健康食品 デジタルマーケティング会社 -おすすめ -比較 -ランキング -求人 -まとめ
滋賀県 よろず 支援 拠点,https://kohoku-gojo.zenpuku.or.jp/wp-content/uploads/files/%E7%B5%8C%E5%96%B6%E7%9B%B8%E8%AB%87%E6%89%80.pdf,,,,滋賀県,滋賀県 地域サービス業 Web集客支援 -おすすめ -比較 -ランキング -求人 -まとめ
サービス サイト制作,https://bexx-design.com/service_list/service-site/,,,,滋賀県,滋賀県 地域サービス業 Web集客支援 -おすすめ -比較 -ランキング -求人 -まとめ
共創型ものづくり等 支援 事業,https://www.ki21.jp/subsidy/kobo-r5-kyousou/,,,,京都府,京都府 建設会社 採用マーケティング支援 -おすすめ -比較 -ランキング -求人 -まとめ
会社 案内,https://ozlink.co.jp/company/,,,,京都府,京都府 建設会社 採用マーケティング支援 -おすすめ -比較 -ランキング -求人 -まとめ
京都 ・滋賀の 建設 業許可申請,https://www.miyako-office.net/%E5%BB%BA%E8%A8%AD%E6%A5%AD%E8%A8%B1%E5%8F%AF/,,,,京都府,京都府 建設会社 採用マーケティング支援 -おすすめ -比較 -ランキング -求人 -まとめ
京都府 子育てにやさしい職場環境づくりサービス創造補助金について,https://www.pref.kyoto.jp/rosei/news/hozyokin.html,,,,京都府,京都府 建設会社 採用マーケティング支援 -おすすめ -比較 -ランキング -求人 -まとめ
事業を知る,https://www.kanewa.co.jp/business/,,,,京都府,京都府 建設会社 採用マーケティング支援 -おすすめ -比較 -ランキング -求人 -まとめ
株式 会社 技建コーポレーション,https://www.nishinihon-venture.com/company/giken-c/,,,,京都府,京都府 建設会社 採用マーケティング支援 -おすすめ -比較 -ランキング -求人 -まとめ
Profile,https://www.is53896.com/%E3%83%97%E3%83%AD%E3%83%95%E3%82%A3%E3%83%BC%E3%83%AB/,,,,京都府,京都府 家具 インテリア 販促マーケティング -おすすめ -比較 -ランキング -求人 -まとめ
京都 のweb マーケティング 会社,https://kotomeet.com/,,,,京都府,京都府 家具 インテリア 販促マーケティング -おすすめ -比較 -ランキング -求人 -まとめ
売れる？！アニメを活用した マーケティング ・プロモーション ...,https://rekaizen.com/article/detail/annimation/2797,,,,京都府,京都府 家具 インテリア 販促マーケティング -おすすめ -比較 -ランキング -求人 -まとめ
京都府 京都市から日本全国のクライアントに最高のサービス,https://lifeandarts.co.jp/company,,,,京都府,京都府 家具 インテリア 販促マーケティング -おすすめ -比較 -ランキング -求人 -まとめ
報道発表資料・お知らせ,https://www.city.kyoto.lg.jp/menu6/category/203-1-0-0-0-0-0-0-0-0.html,,,,京都府,京都府 幼稚園 保育園 広報支援会社 -おすすめ -比較 -ランキング -求人 -まとめ
京都府 子育て 支援 表彰受賞,https://kyoto-kosodatepia.jp/kodomohagukumu/wp-content/uploads/2024/03/2018_kosodate_jirei_all.pdf,,,,京都府,京都府 幼稚園 保育園 広報支援会社 -おすすめ -比較 -ランキング -求人 -まとめ
KUMIYAMA TOWN PUBLIC RELATIONS,https://www.town.kumiyama.lg.jp/cmsfiles/contents/0000002/2707/300415.pdf,,,,京都府,京都府 幼稚園 保育園 広報支援会社 -おすすめ -比較 -ランキング -求人 -まとめ
保育園 ・ 幼稚園 に「イシダの森」の木を使ったおもちゃを ...,https://www.kyoto-modelforest.jp/informations/enishida2026/,,,,京都府,京都府 幼稚園 保育園 広報支援会社 -おすすめ -比較 -ランキング -求人 -まとめ
Babysitter,https://acsa.jp/images/bi-images/vol071-01.pdf,,,,京都府,京都府 幼稚園 保育園 広報支援会社 -おすすめ -比較 -ランキング -求人 -まとめ
京都 経済短期大学経営情報学科経営・ マーケティング コースの紹介,https://telemail.jp/shingaku/university/10001582/faculty/99/department/01/major/02,,,,京都府,京都府 専門学校 学生募集 マーケティング -おすすめ -比較 -ランキング -求人 -まとめ
Webデザインコース,https://www.kyoto-kaikeihoritsu.ac.jp/course/major_web_design/,,,,京都府,京都府 専門学校 学生募集 マーケティング -おすすめ -比較 -ランキング -求人 -まとめ
学校 法人瓜生山学園 契約職員 募集 について,https://www.kyoto-art.ac.jp/_files/Recruit/files/202407kshokuin.pdf,,,,京都府,京都府 専門学校 学生募集 マーケティング -おすすめ -比較 -ランキング -求人 -まとめ
KYOKANの魅力,https://www.kyoto-carriere.ac.jp/feature/,,,,京都府,京都府 専門学校 学生募集 マーケティング -おすすめ -比較 -ランキング -求人 -まとめ
京都府 公立高等 学校 入学者選抜(中期選抜)に係る志願者数について,https://www.kyoto-be.ne.jp/koukyou/cms/wp-content/uploads/2026/04/%E4%BB%A4%E5%92%8C%EF%BC%98%E5%B9%B4%E5%BA%A6%E4%B8%AD%E6%9C%9F%E9%81%B8%E6%8A%9C-%E5%BA%83%E5%A0%B1%E8%B3%87%E6%96%99%EF%BC%88%E5%BF%97%E9%A1%98%E8%80%85%E6%95%B0%EF%BC%89.pdf,,,,京都府,京都府 専門学校 学生募集 マーケティング -おすすめ -比較 -ランキング -求人 -まとめ
上杉 智英,https://www.kyohaku.go.jp/jp/about/researchers/t-uesugi/,,,,京都府,京都府 博物館 美術館 デジタルプロモーション -おすすめ -比較 -ランキング -求人 -まとめ
《若きポーランド》展 3～6月 京都 にて開催,https://instytutpolski.pl/tokyo/exhibition-young-poland-2025-in-kyoto/,,,,京都府,京都府 博物館 美術館 デジタルプロモーション -おすすめ -比較 -ランキング -求人 -まとめ
せいか舎,https://seikasya.town.seika.kyoto.jp/,,,,京都府,京都府 博物館 美術館 デジタルプロモーション -おすすめ -比較 -ランキング -求人 -まとめ
京都 観光おもてなし,https://www.kyotango.gr.jp/wp-content/uploads/2021/07/8193283411906ddc897332047e5855bd.pdf,,,,京都府,京都府 レジャー施設 集客マーケティング -おすすめ -比較 -ランキング -求人 -まとめ
「植物園の商業化につながる」民間事業者に運営業務委託,https://www.kyoto-minpo.net/archives/2026/04/02/post-32597.php,,,,京都府,京都府 レジャー施設 集客マーケティング -おすすめ -比較 -ランキング -求人 -まとめ
2026年,https://yosano-kankou.net/2026/,,,,京都府,京都府 レジャー施設 集客マーケティング -おすすめ -比較 -ランキング -求人 -まとめ
活用セミナー 事例で学ぶ複業人材,https://www.city.uji.kyoto.jp/uploaded/attachment/47960.pdf,,,,京都府,京都府 レジャー施設 集客マーケティング -おすすめ -比較 -ランキング -求人 -まとめ
100年続く老舗銭湯が掴んだチャンス！,https://ichioshi.kyoto-shinkin.co.jp/case/16112,,,,京都府,京都府 温浴施設 SNS集客支援 -おすすめ -比較 -ランキング -求人 -まとめ
温浴施設 運営の課題は？収益改善のポイントと運営委託会社の選び方,https://mandm.co.jp/news/2315,,,,京都府,京都府 温浴施設 SNS集客支援 -おすすめ -比較 -ランキング -求人 -まとめ
2024年7月,https://www.kyoto-shinkin.co.jp/media/c-square/files/vol60-print.pdf,,,,京都府,京都府 温浴施設 SNS集客支援 -おすすめ -比較 -ランキング -求人 -まとめ
経営安定セミナー/ 京都府 小規模事業経営 支援 事業 【主催】舞鶴商工 ...,https://www.maizuru.or.jp/wp/wp-content/uploads/2019/02/%E7%B1%B3%E7%94%B0%E5%A4%A7%E4%BD%9C%E6%B0%8F_%E3%83%81%E3%83%A9%E3%82%B7-pdf.pdf,,,,京都府,京都府 飲食チェーン 販促支援会社 -おすすめ -比較 -ランキング -求人 -まとめ
会社 概要,https://www.hinomal.com/company,,,,京都府,京都府 飲食チェーン 販促支援会社 -おすすめ -比較 -ランキング -求人 -まとめ
グローリー株式 会社 からの追加出資及び合弁 会社 （株式 会社 AGIFT ...,https://adinte.co.jp/release/%E6%A5%AD%E5%8B%99%E6%8F%90%E6%90%BA/231/,,,,京都府,京都府 飲食チェーン 販促支援会社 -おすすめ -比較 -ランキング -求人 -まとめ
事業内容,https://earlydining.jp/service/,,,,京都府,京都府 飲食チェーン 販促支援会社 -おすすめ -比較 -ランキング -求人 -まとめ
富士通アクセラレーター協業事例インタビュー,https://global.fujitsu/ja-jp/about/activities/venture/interview/adinte,,,,京都府,京都府 小売店舗 CRM 販促支援 -おすすめ -比較 -ランキング -求人 -まとめ
関連企業ゾーン,https://www.jcsc.or.jp/event/pdf/bf2011exhibitors03.pdf,,,,京都府,京都府 小売店舗 CRM 販促支援 -おすすめ -比較 -ランキング -求人 -まとめ
SNS 集客 コンサルin 京都 （売上3億円以下中小企業・個人事業主・士 ...,https://iwahashi-ms.com/service/twittersyukyaku/,,,,京都府,京都府 地域サービス業 Web集客支援 -おすすめ -比較 -ランキング -求人 -まとめ
観光関連 産業 のコンサルティング（株）西河経営サポート,https://nishikawa-ks.jp/,,,,京都府,京都府 地域サービス業 Web集客支援 -おすすめ -比較 -ランキング -求人 -まとめ
FEEL株式 会社,https://feel-jp-info.net/,,,,京都府,京都府 健康食品 デジタルマーケティング会社 -おすすめ -比較 -ランキング -求人 -まとめ
7月28日開催： 食品 業界の中小企業がWEB マーケティング ・EC販売 ...,https://enterprise.2nd-pro.com/news/2020/06/online-seminer0728/,,,,京都府,京都府 健康食品 デジタルマーケティング会社 -おすすめ -比較 -ランキング -求人 -まとめ
採用マーケティング支援 建設 業界案件受発注、会員特価の商材 ...,https://gcuni.com/indeed/,,,,大阪府,大阪府 建設会社 採用マーケティング支援 -おすすめ -比較 -ランキング -求人 -まとめ
デットファイナンスにより 1.65億円を新規調達、累計3.28億円到達 ...,https://www.update-up.com/news/update_funding,,,,大阪府,大阪府 建設会社 採用マーケティング支援 -おすすめ -比較 -ランキング -求人 -まとめ
【 会社 概要】 建設 ・建築・塗装業専門の経営コンサルティング,https://gamechange.co.jp/company/,,,,大阪府,大阪府 建設会社 採用マーケティング支援 -おすすめ -比較 -ランキング -求人 -まとめ
大阪 勤務,https://recruit.sold-out.co.jp/recruit02_detail07,,,,大阪府,大阪府 建設会社 採用マーケティング支援 -おすすめ -比較 -ランキング -求人 -まとめ
会社 情報,https://ok-design.co.jp/company.html,,,,大阪府,大阪府 建設会社 採用マーケティング支援 -おすすめ -比較 -ランキング -求人 -まとめ
Canvaで簡単に作る リフォーム集客 LP戦略セミナー,https://thirdquest.jp/seminar_canva,,,,大阪府,大阪府 リフォーム会社 集客マーケティング支援 -おすすめ -比較 -ランキング -求人 -まとめ
施工から 集客支援 まで人に寄り添う多角的事業,https://www.business-plus.net/console/interview/2509/k9698.html?page=2,,,,大阪府,大阪府 リフォーム会社 集客マーケティング支援 -おすすめ -比較 -ランキング -求人 -まとめ
大阪 市のイベント・セールスプロモーション会社,https://tonakbuque.co.jp/osaka-marketing-company/,,,,大阪府,大阪府 家具 インテリア 販促マーケティング -おすすめ -比較 -ランキング -求人 -まとめ
スタッフ紹介,https://www.graf-d3.com/about/people/,,,,大阪府,大阪府 家具 インテリア 販促マーケティング -おすすめ -比較 -ランキング -求人 -まとめ
About us,https://www.the-first.co.jp/about-us.html,,,,大阪府,大阪府 家具 インテリア 販促マーケティング -おすすめ -比較 -ランキング -求人 -まとめ
令和8年度以降の新しい 保育 施設の開設(予定)等,https://www.city.suita.osaka.jp/kosodate/1018230/1037331.html,,,,大阪府,大阪府 幼稚園 保育園 広報支援会社 -おすすめ -比較 -ランキング -求人 -まとめ
デジスタジオ,https://digi-studio.jp/,,,,大阪府,大阪府 幼稚園 保育園 広報支援会社 -おすすめ -比較 -ランキング -求人 -まとめ
078アドバイザー紹介,https://078nurseryschool.com/advisor/,,,,大阪府,大阪府 幼稚園 保育園 広報支援会社 -おすすめ -比較 -ランキング -求人 -まとめ
広報 なにわ 令和8年8月号,https://shikatokinoko.co.jp/memorial/municipality/19291/,,,,大阪府,大阪府 幼稚園 保育園 広報支援会社 -おすすめ -比較 -ランキング -求人 -まとめ
理事長からのご挨拶,https://www.kinder-osaka.or.jp/president.html,,,,大阪府,大阪府 幼稚園 保育園 広報支援会社 -おすすめ -比較 -ランキング -求人 -まとめ
門真市 保育 士等確保事業,https://www.city.kadoma.osaka.jp/kosodate/kosodate/23819.html,,,,大阪府,大阪府 幼稚園 保育園 広報支援会社 -おすすめ -比較 -ランキング -求人 -まとめ
愛染橋 保育園,https://www.aizenen.or.jp/rinpo/info/aizenbashi,,,,大阪府,大阪府 幼稚園 保育園 広報支援会社 -おすすめ -比較 -ランキング -求人 -まとめ
地方独立行政法人 大阪 市 博物館 機構 年度計画 令和5年度,https://ocm.osaka/sys/wp-content/uploads/2023/03/nendokeikaku_2023.pdf,,,,大阪府,大阪府 博物館 美術館 デジタルプロモーション -おすすめ -比較 -ランキング -求人 -まとめ
中之島・誌上まちあるき,https://nakka-art.jp/nakka-news/05/,,,,大阪府,大阪府 博物館 美術館 デジタルプロモーション -おすすめ -比較 -ランキング -求人 -まとめ
大阪 農業園芸・食テクノロジー 専門学校,https://www.daisenkaku.or.jp/search_query/index.php?c=school_view&pk=54/,,,,大阪府,大阪府 専門学校 学生募集 マーケティング -おすすめ -比較 -ランキング -求人 -まとめ
Webデザインコース,https://www.osaka-itkaikei.ac.jp/course/major_web_design/,,,,大阪府,大阪府 専門学校 学生募集 マーケティング -おすすめ -比較 -ランキング -求人 -まとめ
【スペシャルドリームキャンパス】業界クロスオーバー申込受付中 ...,https://www.daikan.ac.jp/news/581.html,,,,大阪府,大阪府 専門学校 学生募集 マーケティング -おすすめ -比較 -ランキング -求人 -まとめ
Googleマップ 集客 対策（MEO）,https://seo-best.jp/service/meo-map/,,,,大阪府,大阪府 レジャー施設 集客マーケティング -おすすめ -比較 -ランキング -求人 -まとめ
事例・アワード/すべて,https://ozma.co.jp/casestudy/?limit=24&offset=48,,,,大阪府,大阪府 レジャー施設 集客マーケティング -おすすめ -比較 -ランキング -求人 -まとめ
入場者数が前年比18％増。ガンバ 大阪 が取り組んだデジタル ...,https://www.businessinsider.jp/article/207099/,,,,大阪府,大阪府 レジャー施設 集客マーケティング -おすすめ -比較 -ランキング -求人 -まとめ
アザーズ株式会社の概要,https://www.fragrance-others.com/%E4%BC%9A%E7%A4%BE%E6%A6%82%E8%A6%81/,,,,大阪府,大阪府 レジャー施設 集客マーケティング -おすすめ -比較 -ランキング -求人 -まとめ
提 言 日本初のスポーツコミッションを 大阪 に ～都市 集客 と都市 ...,https://www.kansaidoyukai.or.jp/wp-content/uploads/2016/09/070509suportskanko_teigen.pdf,,,,大阪府,大阪府 レジャー施設 集客マーケティング -おすすめ -比較 -ランキング -求人 -まとめ
AIを経営へ実装し、企業価値を最大化する。,https://ga-ku.co.jp/works/beauty-palace/,,,,大阪府,大阪府 温浴施設 SNS集客支援 -おすすめ -比較 -ランキング -求人 -まとめ
成功事例・インタビュー,https://owlet.kansaipado.co.jp/customer/voice/,,,,大阪府,大阪府 温浴施設 SNS集客支援 -おすすめ -比較 -ランキング -求人 -まとめ
温浴施設 専用自動精算機『FIT-A』導入～ホテル・スパの入退館 ...,https://www.usen-almex.jp/news/release/20230926-osaka-spa.html,,,,大阪府,大阪府 温浴施設 SNS集客支援 -おすすめ -比較 -ランキング -求人 -まとめ
飲食 店コンサル 福岡,https://www.nakasuji.work/company/index.html,,,,大阪府,大阪府 飲食チェーン 販促支援会社 -おすすめ -比較 -ランキング -求人 -まとめ
会社 案内,https://popmirise.com/company/,,,,大阪府,大阪府 飲食チェーン 販促支援会社 -おすすめ -比較 -ランキング -求人 -まとめ
会社 概要,http://alnw.co.jp/company/,,,,大阪府,大阪府 飲食チェーン 販促支援会社 -おすすめ -比較 -ランキング -求人 -まとめ
～「実証事業都市・ 大阪 」実現に向けた実証事業 支援 ～ ブロック ...,https://www.osaka.cci.or.jp/Chousa_Kenkyuu_Iken/press/190319blk.pdf,,,,大阪府,大阪府 飲食チェーン 販促支援会社 -おすすめ -比較 -ランキング -求人 -まとめ
CRM システムの新定番「SatisfaCRM」登場！,https://www.vinx.co.jp/news/pdf/250929_01crm.pdf,,,,大阪府,大阪府 小売店舗 CRM 販促支援 -おすすめ -比較 -ランキング -求人 -まとめ
山陽ファースト,https://messe.nikkei.co.jp/exhibitor/info/RS/ja/26097,,,,大阪府,大阪府 小売店舗 CRM 販促支援 -おすすめ -比較 -ランキング -求人 -まとめ
2025年5月 顧客管理実践ツアー,https://www.millionet.co.jp/2025%E5%B9%B45%E6%9C%88-%E9%A1%A7%E5%AE%A2%E7%AE%A1%E7%90%86%E5%AE%9F%E8%B7%B5%E3%83%84%E3%82%A2%E3%83%BC%EF%BD%9C%E3%83%BC%E9%A1%A7%E5%AE%A2%E3%81%AF%E7%AA%81%E7%84%B6%E3%81%84%E3%81%AA%E3%81%8F/,,,,大阪府,大阪府 小売店舗 CRM 販促支援 -おすすめ -比較 -ランキング -求人 -まとめ
広告・ 販促 ／ 店舗 ・EC DXPO 大阪 '24」にQuanteeが出展します,https://quantee.jp/info/event2402/,,,,大阪府,大阪府 小売店舗 CRM 販促支援 -おすすめ -比較 -ランキング -求人 -まとめ
小売 業のアプリマーケティングを トータルコーディネート,https://appli.raku-za.jp/wp-content/uploads/2022/02/AppShips_ver1.0.pdf,,,,大阪府,大阪府 小売店舗 CRM 販促支援 -おすすめ -比較 -ランキング -求人 -まとめ
Okla株式 会社,https://okla.hp.peraichi.com/,,,,大阪府,大阪府 健康食品 デジタルマーケティング会社 -おすすめ -比較 -ランキング -求人 -まとめ
会社 概要,https://cocoo.co.jp/corporate/profile/,,,,大阪府,大阪府 健康食品 デジタルマーケティング会社 -おすすめ -比較 -ランキング -求人 -まとめ
大阪 ・堺市 福祉総合 サービス,https://ple-cre.jp/works/layup/,,,,大阪府,大阪府 地域サービス業 Web集客支援 -おすすめ -比較 -ランキング -求人 -まとめ
中小企業に特化した Web集客 コンサルティング,https://webtac-consul.jp/web-consul/,,,,大阪府,大阪府 地域サービス業 Web集客支援 -おすすめ -比較 -ランキング -求人 -まとめ
顧客とのつながり方,https://anshin-reform.org/cms/wp-content/uploads/2021/03/%E3%81%93%E3%82%8C%E3%81%8B%E3%82%89%E3%81%AE%E9%A1%A7%E5%AE%A2%E3%81%A8%E3%81%AE%E3%81%A4%E3%81%AA%E3%81%8C%E3%82%8A%E6%96%B9.pdf,,,,兵庫県,兵庫県 リフォーム会社 集客マーケティング支援 -おすすめ -比較 -ランキング -求人 -まとめ
会社 概要,https://www.arts-net.co.jp/page/company/profile.html,,,,兵庫県,兵庫県 リフォーム会社 集客マーケティング支援 -おすすめ -比較 -ランキング -求人 -まとめ
採用情報recruit,https://www.home.tlp-kaihatsu.com/recruit.html,,,,兵庫県,兵庫県 リフォーム会社 集客マーケティング支援 -おすすめ -比較 -ランキング -求人 -まとめ
会員紹介,https://www.shindan-hg.com/member,,,,兵庫県,兵庫県 建設会社 採用マーケティング支援 -おすすめ -比較 -ランキング -求人 -まとめ
c,https://www.shien-nethg.jp/,,,,兵庫県,兵庫県 建設会社 採用マーケティング支援 -おすすめ -比較 -ランキング -求人 -まとめ
メッセージ,https://www.uebayasi.co.jp/message,,,,兵庫県,兵庫県 建設会社 採用マーケティング支援 -おすすめ -比較 -ランキング -求人 -まとめ
【補助金】ひょうご 建設 業環境整備 支援 事業のご案内,https://www.rokko-gr.com/hyogo_ict/,,,,兵庫県,兵庫県 建設会社 採用マーケティング支援 -おすすめ -比較 -ランキング -求人 -まとめ
長期インターン募集(有給),https://www.hojosen.co.jp/recruit/intern/,,,,兵庫県,兵庫県 建設会社 採用マーケティング支援 -おすすめ -比較 -ランキング -求人 -まとめ
グループ 会社 ・関連 会社 管理業務事業,https://ybs-inc.biz/business-administration/,,,,兵庫県,兵庫県 建設会社 採用マーケティング支援 -おすすめ -比較 -ランキング -求人 -まとめ
企業連携型奨学金返還サポート事業,https://www.city.nishiwaki.lg.jp/kakukanogoannai/sangyoukatsuryokusaiseibu/syoukourouseika/koyosangyosinko/koyouroudofukushi/14842.html,,,,兵庫県,兵庫県 建設会社 採用マーケティング支援 -おすすめ -比較 -ランキング -求人 -まとめ
2024年度事業計画,https://www.kobe-cci.or.jp/pdf/jigyokeikaku2024.pdf,,,,兵庫県,兵庫県 建設会社 採用マーケティング支援 -おすすめ -比較 -ランキング -求人 -まとめ
事業内容 – 株式会社ヤマソロ,https://yamasoro.com/service/,,,,兵庫県,兵庫県 家具 インテリア 販促マーケティング -おすすめ -比較 -ランキング -求人 -まとめ
兵庫県 神戸市のECサイト関連ならkigg（キッグ）,https://kigg.jp/,,,,兵庫県,兵庫県 家具 インテリア 販促マーケティング -おすすめ -比較 -ランキング -求人 -まとめ
販促 ・ マーケティング 支援,https://jyuda.eeyansayo.com/service/marketing/,,,,兵庫県,兵庫県 家具 インテリア 販促マーケティング -おすすめ -比較 -ランキング -求人 -まとめ
業務内容,https://www.msp-office.com/pages/19/,,,,兵庫県,兵庫県 家具 インテリア 販促マーケティング -おすすめ -比較 -ランキング -求人 -まとめ
令和7年度 公益社団法人神戸市私立 保育園 連盟事業計画 公1 乳児及び ...,https://hoiku-kobe.jp/cms/wp-content/themes/hoiku-kobe/assets/images/pdf/r7_keikaku.pdf,,,,兵庫県,兵庫県 幼稚園 保育園 広報支援会社 -おすすめ -比較 -ランキング -求人 -まとめ
こども未来部 保育 振興課,https://www.city.sanda.lg.jp/soshiki/24/index.html,,,,兵庫県,兵庫県 幼稚園 保育園 広報支援会社 -おすすめ -比較 -ランキング -求人 -まとめ
兵庫 の 保育 第109号,https://hyogo-hoikukyokai.or.jp/pdf/publications/hyogo_hoiku/hyogo_hoiku_109.pdf,,,,兵庫県,兵庫県 幼稚園 保育園 広報支援会社 -おすすめ -比較 -ランキング -求人 -まとめ
広報 たつの2024年9月10日号（表紙～17ページ）【テキスト版】,https://www.city.tatsuno.lg.jp/soshiki/1008/gyomu/9/2/6/7/7/1630.html,,,,兵庫県,兵庫県 幼稚園 保育園 広報支援会社 -おすすめ -比較 -ランキング -求人 -まとめ
広報 – ページ 2 – 一般社団法人 姫路市 保育 協会,http://www.himejihoiku.jp/category/pr/page/2,,,,兵庫県,兵庫県 幼稚園 保育園 広報支援会社 -おすすめ -比較 -ランキング -求人 -まとめ
こども誰でも通園制度（利用者向け）,https://www.city.amagasaki.hyogo.jp/kosodate-kyoiku/service/1042445/1041522.html,,,,兵庫県,兵庫県 幼稚園 保育園 広報支援会社 -おすすめ -比較 -ランキング -求人 -まとめ
令和8年度 兵庫県 子育て 支援 員研修,https://www.city.ako.lg.jp/kenkou/kodomo/kosodateshieninkenshuu.html,,,,兵庫県,兵庫県 幼稚園 保育園 広報支援会社 -おすすめ -比較 -ランキング -求人 -まとめ
広報 たいしバックナンバー(2024年度~2025年度),https://www.town.hyogo-taishi.lg.jp/soshikikarasagasu/kikakuseisaku/kouhoukoutyou/publicrelations/6669.html,,,,兵庫県,兵庫県 幼稚園 保育園 広報支援会社 -おすすめ -比較 -ランキング -求人 -まとめ
認可,https://www.u-hyogo.ac.jp/R3_keiei_m.pdf,,,,兵庫県,兵庫県 専門学校 学生募集 マーケティング -おすすめ -比較 -ランキング -求人 -まとめ
スーパープロカメラマン専攻,https://www.kobe-tech.ac.jp/course/illust/super-photographer/,,,,兵庫県,兵庫県 専門学校 学生募集 マーケティング -おすすめ -比較 -ランキング -求人 -まとめ
大学・ 専門学校 等の寄附の使い道,https://www.city.kobe.lg.jp/a95287/daigakurenkei/furusatonoze.html,,,,兵庫県,兵庫県 専門学校 学生募集 マーケティング -おすすめ -比較 -ランキング -求人 -まとめ
学生募集 要項,https://noudai.hyogo-nourinsuisangc.jp/wp/wp-content/uploads/2022/06/R5busyu.pdf,,,,兵庫県,兵庫県 専門学校 学生募集 マーケティング -おすすめ -比較 -ランキング -求人 -まとめ
周遊促進の仕組みとコロナ禍を考慮した企画を提案「阪神地域 ...,http://hhms.co.jp/projects/hanshin-openmusiumday2021/,,,,兵庫県,兵庫県 博物館 美術館 デジタルプロモーション -おすすめ -比較 -ランキング -求人 -まとめ
阪・関  万博に向けた 兵庫県 の取組 検証結果報告書【概要版】,https://expo2025-hyogo-fieldpavilion.jp/images/files/%E6%A4%9C%E8%A8%BC/banpakukensyougaiyou02.pdf,,,,兵庫県,兵庫県 博物館 美術館 デジタルプロモーション -おすすめ -比較 -ランキング -求人 -まとめ
令和5年度第3回高砂市文化財保存活用地域計画協議会 議事概要,https://www.city.takasago.lg.jp/material/files/group/25/R5_03kyougiroku.pdf,,,,兵庫県,兵庫県 博物館 美術館 デジタルプロモーション -おすすめ -比較 -ランキング -求人 -まとめ
タイムスケジュール,https://go.yapp.li/0331_seminar,,,,兵庫県,兵庫県 レジャー施設 集客マーケティング -おすすめ -比較 -ランキング -求人 -まとめ
1 第1回「新観光戦略推進会議」意見への対応 1 戦略指標 ...,https://web.pref.hyogo.lg.jp/sr16/senryaku/documents/documents/10_sankou4.pdf,,,,兵庫県,兵庫県 レジャー施設 集客マーケティング -おすすめ -比較 -ランキング -求人 -まとめ
ネスタリゾート神戸（旧グリーンピア三木） 初の営業利益（償却前 ...,https://katana-marketing.co.jp/news/detail_98.html,,,,兵庫県,兵庫県 レジャー施設 集客マーケティング -おすすめ -比較 -ランキング -求人 -まとめ
【スキー場運営戦略】時代の変化に対応する 集客 とリゾート再生の ...,https://leisure-business.funaisoken.co.jp/blogs/column/fitness-987,,,,兵庫県,兵庫県 レジャー施設 集客マーケティング -おすすめ -比較 -ランキング -求人 -まとめ
豊岡市立竹野北前館の利活用に関するサウンディング型市場調査 ...,https://www.city.toyooka.lg.jp/_res/projects/default_project/_page_/001/037/537/01_kekka.pdf,,,,兵庫県,兵庫県 温浴施設 SNS集客支援 -おすすめ -比較 -ランキング -求人 -まとめ
グランピング・ホテルの売上UPさせる 集客 方法,https://dothomes.studio.site/archive/1-1,,,,兵庫県,兵庫県 温浴施設 SNS集客支援 -おすすめ -比較 -ランキング -求人 -まとめ
令和4年度事業計画,https://www.kobe-park.or.jp/wp/wp-content/uploads/2022/03/9cc50af006e01c3282c11cc789adfc34.pdf,,,,兵庫県,兵庫県 温浴施設 SNS集客支援 -おすすめ -比較 -ランキング -求人 -まとめ
兵庫県 飲食業様,https://nmr-inc.jp/cases/keieikaizen-shikinchoutatsushien-jirei.html,,,,兵庫県,兵庫県 飲食チェーン 販促支援会社 -おすすめ -比較 -ランキング -求人 -まとめ
「『売れる通販』の理由に迫る！」セミナー開催のお知らせ,https://www.jimos.co.jp/release/360/,,,,兵庫県,兵庫県 健康食品 デジタルマーケティング会社 -おすすめ -比較 -ランキング -求人 -まとめ
会社 概要,http://www.jb-himeji.co.jp/company.html,,,,兵庫県,兵庫県 健康食品 デジタルマーケティング会社 -おすすめ -比較 -ランキング -求人 -まとめ
兵庫県 の Web 制作なら伊丹発の株式会社RAS,https://ras-inc.co.jp/service/web/,,,,兵庫県,兵庫県 地域サービス業 Web集客支援 -おすすめ -比較 -ランキング -求人 -まとめ
神戸を拠点に WEB 広告やSNS広告運用などの WEB マーケティング 支援,https://s-suite.kobenp-printing.co.jp/company/,,,,兵庫県,兵庫県 地域サービス業 Web集客支援 -おすすめ -比較 -ランキング -求人 -まとめ
【士業向け】安定した相談獲得を実現する士業向け ...,https://www.kobe-np.co.jp/info/prtimes/202511/c172540_r17.shtml,,,,兵庫県,兵庫県 地域サービス業 Web集客支援 -おすすめ -比較 -ランキング -求人 -まとめ
サービス業,https://www.hyogo-hikitsugi.go.jp/assignment/2256/,,,,兵庫県,兵庫県 地域サービス業 Web集客支援 -おすすめ -比較 -ランキング -求人 -まとめ
事務所概要,https://h-mo.com/office/,,,,奈良県,奈良県 リフォーム会社 集客マーケティング支援 -おすすめ -比較 -ランキング -求人 -まとめ
ツナガル,https://tsunagaru-nara.com/works/11/406/,,,,奈良県,奈良県 リフォーム会社 集客マーケティング支援 -おすすめ -比較 -ランキング -求人 -まとめ
株式 会社 和田工務店,https://www.nara-homepage.com/works/122,,,,奈良県,奈良県 リフォーム会社 集客マーケティング支援 -おすすめ -比較 -ランキング -求人 -まとめ
会社 概要,https://taharakensetsu.co.jp/company/,,,,奈良県,奈良県 建設会社 採用マーケティング支援 -おすすめ -比較 -ランキング -求人 -まとめ
R6年度伴走型小規模事業者 支援 推進事業,https://www.town.kawai.nara.jp/material/files/group/1/foundingschool2025.pdf,,,,奈良県,奈良県 建設会社 採用マーケティング支援 -おすすめ -比較 -ランキング -求人 -まとめ
ADVANTAGE 平成 建設 の強み,https://kk-heisei.co.jp/philosophy/advantage/,,,,奈良県,奈良県 建設会社 採用マーケティング支援 -おすすめ -比較 -ランキング -求人 -まとめ
Instagram運用から店頭サイネージまで。 インテリア のSAKODAに ...,https://service.aainc.co.jp/product/letrostudio/article/case-interview-sakoda,,,,奈良県,奈良県 家具 インテリア 販促マーケティング -おすすめ -比較 -ランキング -求人 -まとめ
日本でまだ見ぬ “本物” のプロダクトを届ける——「エル ...,https://magazine.bears-service.com/article/article-8794/,,,,奈良県,奈良県 家具 インテリア 販促マーケティング -おすすめ -比較 -ランキング -求人 -まとめ
利用規約,https://must-buy.jp/html/agreement.html,,,,奈良県,奈良県 家具 インテリア 販促マーケティング -おすすめ -比較 -ランキング -求人 -まとめ
令和 6 年度 奈良県 海外販路拡大プロジェクト事業,https://www.pref.nara.lg.jp/documents/7289/2024yoko.pdf,,,,奈良県,奈良県 家具 インテリア 販促マーケティング -おすすめ -比較 -ランキング -求人 -まとめ
【TREND Ai vol.1 後編】 奈良 の山中にこんなトレンド施設が ...,https://www.togu.co.jp/column/detail/332,,,,奈良県,奈良県 家具 インテリア 販促マーケティング -おすすめ -比較 -ランキング -求人 -まとめ
幼稚園 ・ 保育園 を利用したい,https://www.town.tawaramoto.nara.jp/kosodatenet/scene/yochien_hoikuen/index.html,,,,奈良県,奈良県 幼稚園 保育園 広報支援会社 -おすすめ -比較 -ランキング -求人 -まとめ
各課の窓口,https://www.city.kashiba.lg.jp/soshiki/2/15928.html,,,,奈良県,奈良県 幼稚園 保育園 広報支援会社 -おすすめ -比較 -ランキング -求人 -まとめ
学校法人白藤学園 幼稚園 ・こども園・ 保育園,https://kodomo.shirafuji.ac.jp/,,,,奈良県,奈良県 幼稚園 保育園 広報支援会社 -おすすめ -比較 -ランキング -求人 -まとめ
幼稚園 ・保育所・認定こども園など,https://www.town.oyodo.lg.jp/category/6-21-2-0-0-0-0-0-0-0.html,,,,奈良県,奈良県 幼稚園 保育園 広報支援会社 -おすすめ -比較 -ランキング -求人 -まとめ
令和8年度保育所等・認定こども園の随時申込について,https://www.town.oji.nara.jp/kakuka/kodomomirai/kosodateshien/information/11116.html,,,,奈良県,奈良県 幼稚園 保育園 広報支援会社 -おすすめ -比較 -ランキング -求人 -まとめ
【 奈良 文化高等 学校 】,https://www.narabunka.ed.jp/introduction/pdf/r03-Evaluation.pdf,,,,奈良県,奈良県 専門学校 学生募集 マーケティング -おすすめ -比較 -ランキング -求人 -まとめ
11/21 企業によるクリエイター 募集 プレゼンテーション,https://www.mebic.com/event/2018-11-21.html,,,,奈良県,奈良県 専門学校 学生募集 マーケティング -おすすめ -比較 -ランキング -求人 -まとめ
摂南大学 現代社会学部 学生 の確保の見通し等を記載した書類 目 次,https://www.setsunan.ac.jp/shift/img/aboutus/2208nsecchi_shakai_gakusei.pdf,,,,奈良県,奈良県 専門学校 学生募集 マーケティング -おすすめ -比較 -ランキング -求人 -まとめ
奈良 おもちゃ 美術館,https://westnara.com/sangou/spot.php?pid=1773290848,,,,奈良県,奈良県 博物館 美術館 デジタルプロモーション -おすすめ -比較 -ランキング -求人 -まとめ
第2次吉野町観光振興計画,https://www.town.yoshino.nara.jp/material/files/group/15/dai2jiyoshinotyoukankoushinkoukeikakuhonpen.pdf,,,,奈良県,奈良県 レジャー施設 集客マーケティング -おすすめ -比較 -ランキング -求人 -まとめ
辰巳電子工業株式会社,https://www.livent-expo.jp/hub/ja-jp/search/2026/directory/directory-details.%E8%BE%B0%E5%B7%B3%E9%9B%BB%E5%AD%90%E5%B7%A5%E6%A5%AD%E6%A0%AA%E5%BC%8F%E4%BC%9A%E7%A4%BE.org-7adf6197-0f7a-4ad7-9ac2-503274854f3e.html,,,,奈良県,奈良県 レジャー施設 集客マーケティング -おすすめ -比較 -ランキング -求人 -まとめ
最古なのに最新！ 奈良県 発の完全無料Instagram分析アプリ,https://www.seitaikai.com/post/hinome,,,,奈良県,奈良県 温浴施設 SNS集客支援 -おすすめ -比較 -ランキング -求人 -まとめ
令和6年度 指定管理者導入 施設 管理運営評価シート（標準 ...,https://www.city.ikoma.lg.jp/cmsfiles/contents/0000039/39178/R699.pdf,,,,奈良県,奈良県 温浴施設 SNS集客支援 -おすすめ -比較 -ランキング -求人 -まとめ
保証四季報,https://www.nara-cgc.or.jp/cms_upload/file_manage/537/2025haru.pdf,,,,奈良県,奈良県 温浴施設 SNS集客支援 -おすすめ -比較 -ランキング -求人 -まとめ
代表プロフィール,https://nakanishi-food.com/profile/,,,,奈良県,奈良県 飲食チェーン 販促支援会社 -おすすめ -比較 -ランキング -求人 -まとめ
コラム,https://subacon.co.jp/column/,,,,奈良県,奈良県 飲食チェーン 販促支援会社 -おすすめ -比較 -ランキング -求人 -まとめ
喜家村基希 研修講師プロフィール（ 奈良県 ）BEGIN,https://www.kenshudo.net/sp_detail/id1319943692-256519.html,,,,奈良県,奈良県 飲食チェーン 販促支援会社 -おすすめ -比較 -ランキング -求人 -まとめ
国際医療計画株式 会社,https://web.rokumeidou.com/imp/hp/,,,,奈良県,奈良県 健康食品 デジタルマーケティング会社 -おすすめ -比較 -ランキング -求人 -まとめ
奈良県 のホームページ制作・ Web 制作,https://mstyle-web.com/,,,,奈良県,奈良県 地域サービス業 Web集客支援 -おすすめ -比較 -ランキング -求人 -まとめ
ITを活用したい,https://www.nara-sangyoshinko.or.jp/management/management05.html,,,,奈良県,奈良県 地域サービス業 Web集客支援 -おすすめ -比較 -ランキング -求人 -まとめ
ホームページ制作,https://office-masui.com/service/creation/,,,,奈良県,奈良県 地域サービス業 Web集客支援 -おすすめ -比較 -ランキング -求人 -まとめ
中小企業のための効果的な 集客支援,https://www.westana.co.jp/marketing/,,,,奈良県,奈良県 地域サービス業 Web集客支援 -おすすめ -比較 -ランキング -求人 -まとめ
アークエッジ・スペース、 和歌山県内 企業と新 会社 「WALL」に参画,https://arkedgespace.com/news/2025-12-23_wall,,,,和歌山県,和歌山県 建設会社 採用マーケティング支援 -おすすめ -比較 -ランキング -求人 -まとめ
実績,https://bee-design.co.jp/works?category=marketing,,,,和歌山県,和歌山県 建設会社 採用マーケティング支援 -おすすめ -比較 -ランキング -求人 -まとめ
m,https://www.pref.wakayama.lg.jp/prefg/060600/01shin/uturnshushoku/syougakukin_001_d/fil/sankakukigyou.pdf,,,,和歌山県,和歌山県 建設会社 採用マーケティング支援 -おすすめ -比較 -ランキング -求人 -まとめ
和歌山 市と二人三脚で育てた新サービス「FAVTOWN wakayama ...,https://corp.synergy-marketing.co.jp/story/article/230331_favtown,,,,和歌山県,和歌山県 建設会社 採用マーケティング支援 -おすすめ -比較 -ランキング -求人 -まとめ
奈和 建設 株式 会社 のインターンシップ・企業情報,https://www.in-fra.jp/long-internships/companies/5068,,,,和歌山県,和歌山県 建設会社 採用マーケティング支援 -おすすめ -比較 -ランキング -求人 -まとめ
仕事パネル,https://biz.loyalty.co.jp/specialpanel/pdf/working.pdf,,,,和歌山県,和歌山県 家具 インテリア 販促マーケティング -おすすめ -比較 -ランキング -求人 -まとめ
和歌山県 御坊市にある総合デザイン制作会社,https://jingledesign.jp/works/%E3%82%AA%E3%83%AA%E3%82%B8%E3%83%8A%E3%83%AB%E5%95%86%E5%93%81%E4%BD%8F%E5%AE%85%E3%80%8C%E3%82%B3%E3%83%BC%E3%83%88%E3%83%8F%E3%82%A6%E3%82%B9%E3%80%8D%E3%82%B3%E3%83%B3%E3%82%BB%E3%83%97%E3%83%88/,,,,和歌山県,和歌山県 家具 インテリア 販促マーケティング -おすすめ -比較 -ランキング -求人 -まとめ
Gate Light Design 関光 卓,https://sagacreativehub.pref.saga.lg.jp/creator/gatelightdesign/,,,,和歌山県,和歌山県 家具 インテリア 販促マーケティング -おすすめ -比較 -ランキング -求人 -まとめ
保育,https://www.wakayama-wel.jp/wp2024/wp-content/uploads/2024/02/155_1.pdf,,,,和歌山県,和歌山県 幼稚園 保育園 広報支援会社 -おすすめ -比較 -ランキング -求人 -まとめ
広報,http://www.town.wakayama-hidaka.lg.jp/docs/2019052800016/files/koho2019-6.pdf,,,,和歌山県,和歌山県 幼稚園 保育園 広報支援会社 -おすすめ -比較 -ランキング -求人 -まとめ
檸檬会について,https://global.lemonkai.or.jp/about/,,,,和歌山県,和歌山県 幼稚園 保育園 広報支援会社 -おすすめ -比較 -ランキング -求人 -まとめ
保育 所について,https://www.town.hidakagawa.lg.jp/kosodate/hoikusyo/hoikusyo_gaiyou.html,,,,和歌山県,和歌山県 幼稚園 保育園 広報支援会社 -おすすめ -比較 -ランキング -求人 -まとめ
留学生,https://www.myros.ac.jp/course/international/,,,,和歌山県,和歌山県 専門学校 学生募集 マーケティング -おすすめ -比較 -ランキング -求人 -まとめ
和歌山 大学一般選抜 学生募集 要項 令和 年度,https://www.wakayama-u.ac.jp/_files/00722490/R7ippanyoukou.pdf,,,,和歌山県,和歌山県 専門学校 学生募集 マーケティング -おすすめ -比較 -ランキング -求人 -まとめ
和歌山 市立 和歌山 高等 学校 定時制,https://www.wakayama-wky.ed.jp/ichiko-teijisei/,,,,和歌山県,和歌山県 専門学校 学生募集 マーケティング -おすすめ -比較 -ランキング -求人 -まとめ
令和6年度(2024年度)事業計画,https://www.east-tokushima.jp/etta/disclosure/pdf/busiPlan_R6.pdf,,,,和歌山県,和歌山県 博物館 美術館 デジタルプロモーション -おすすめ -比較 -ランキング -求人 -まとめ
博覧会資料COLLECTION,https://www.nomurakougei.co.jp/expo/,,,,和歌山県,和歌山県 博物館 美術館 デジタルプロモーション -おすすめ -比較 -ランキング -求人 -まとめ
わかやま Workation Project,https://wakayama-workation.jp/,,,,和歌山県,和歌山県 レジャー施設 集客マーケティング -おすすめ -比較 -ランキング -求人 -まとめ
白浜温泉街活性化構想推進計画,https://www.town.shirahama.wakayama.jp/material/files/group/27/shirahamaonsengaigaiyou.pdf,,,,和歌山県,和歌山県 レジャー施設 集客マーケティング -おすすめ -比較 -ランキング -求人 -まとめ
【 和歌山 】MOUNT Q -マウントキュー-,https://www.gobo-wakayama-glamping.com/,,,,和歌山県,和歌山県 レジャー施設 集客マーケティング -おすすめ -比較 -ランキング -求人 -まとめ
とれとれグループ（堅田漁業協同組合／とれとれ市場南紀白浜,https://www.u-road.jp/2027/corporations/view/63,,,,和歌山県,和歌山県 レジャー施設 集客マーケティング -おすすめ -比較 -ランキング -求人 -まとめ
合同会社ニッシンマテリアルで温泉 施設 の衛生管理・運営サポート,https://nishinmaterial.co.jp/support,,,,和歌山県,和歌山県 温浴施設 SNS集客支援 -おすすめ -比較 -ランキング -求人 -まとめ
2月22日(木),http://www.shingu-cci.or.jp/infolink/semi/semi20240222poly.pdf,,,,和歌山県,和歌山県 温浴施設 SNS集客支援 -おすすめ -比較 -ランキング -求人 -まとめ
1分でわかる 溝端紙工印刷 食を華やかにする豊かな文化創りの ...,https://www.msp.co.jp/one_minute/,,,,和歌山県,和歌山県 飲食チェーン 販促支援会社 -おすすめ -比較 -ランキング -求人 -まとめ
【座談会】 和歌山県 と共に築いた「一次生産者に寄り添うEC化支援」,https://rakuten.today/blog-ja/region-empowerment-wakayama-2024-j.html?lang=ja,,,,和歌山県,和歌山県 健康食品 デジタルマーケティング会社 -おすすめ -比較 -ランキング -求人 -まとめ
ホームページ活用で売上アップ,http://www.odec-wakayama.com/web/,,,,和歌山県,和歌山県 地域サービス業 Web集客支援 -おすすめ -比較 -ランキング -求人 -まとめ
わかやま起業 支援,https://www.town.katsuragi.wakayama.jp/040/040/020/files/kigyoushien.pdf,,,,和歌山県,和歌山県 地域サービス業 Web集客支援 -おすすめ -比較 -ランキング -求人 -まとめ
【スターティア】 和歌山県 和歌山市に新事業拠点を開設,https://www.startiaholdings.com/media/press-release/a193,,,,和歌山県,和歌山県 地域サービス業 Web集客支援 -おすすめ -比較 -ランキング -求人 -まとめ
1/26「伸びる工務店の打ち手を学ぶセミナー」開催,https://www.miyoshi-san.co.jp/news/1-26%E3%80%8C%E4%BC%B8%E3%81%B3%E3%82%8B%E5%B7%A5%E5%8B%99%E5%BA%97%E3%81%AE%E6%89%93%E3%81%A1%E6%89%8B%E3%82%92%E5%AD%A6%E3%81%B6%E3%82%BB%E3%83%9F%E3%83%8A%E3%83%BC%E3%80%8D%E9%96%8B%E5%82%AC/,,,,鳥取県,鳥取県 リフォーム会社 集客マーケティング支援 -おすすめ -比較 -ランキング -求人 -まとめ
セミナー,https://bars-osaka.com/seminars,,,,鳥取県,鳥取県 リフォーム会社 集客マーケティング支援 -おすすめ -比較 -ランキング -求人 -まとめ
【地プロ】デジタル マーケティング 戦略実践講座（全2回）,https://www.pref.tottori.lg.jp/323796.htm,,,,鳥取県,鳥取県 建設会社 採用マーケティング支援 -おすすめ -比較 -ランキング -求人 -まとめ
会社 概要,https://www.t-axis.co.jp/company/,,,,鳥取県,鳥取県 建設会社 採用マーケティング支援 -おすすめ -比較 -ランキング -求人 -まとめ
マーケティング （店舗建設、リフォームの場合）,https://www.hamaken-web.jp/concept/7239/,,,,鳥取県,鳥取県 家具 インテリア 販促マーケティング -おすすめ -比較 -ランキング -求人 -まとめ
県育協だより,https://www.kenikukyo.jp/kurahuto/8610340751.pdf,,,,鳥取県,鳥取県 幼稚園 保育園 広報支援会社 -おすすめ -比較 -ランキング -求人 -まとめ
令 和 6 年 度 事 業 の 実 績 報 告,https://www.tottori-gakuen.jp/koukai/zaimu/r06_jigyou.pdf,,,,鳥取県,鳥取県 幼稚園 保育園 広報支援会社 -おすすめ -比較 -ランキング -求人 -まとめ
就職・進学実績,https://www.cygnus.ac.jp/course/index.php?view=5631,,,,鳥取県,鳥取県 幼稚園 保育園 広報支援会社 -おすすめ -比較 -ランキング -求人 -まとめ
むつみこども園,https://www.tottorifukushikai.jp/jido/jido-114/,,,,鳥取県,鳥取県 幼稚園 保育園 広報支援会社 -おすすめ -比較 -ランキング -求人 -まとめ
米子市幼児教育・ 保育 人材ための就職フェアを開催します！,https://www.city.yonago.lg.jp/48473.htm,,,,鳥取県,鳥取県 幼稚園 保育園 広報支援会社 -おすすめ -比較 -ランキング -求人 -まとめ
地域学部地域学科地域創造コース清水愛結,https://www.admissions.adm.tottori-u.ac.jp/info/messeges/rs01,,,,鳥取県,鳥取県 専門学校 学生募集 マーケティング -おすすめ -比較 -ランキング -求人 -まとめ
海外研修,https://www.tcmn.ac.jp/campuslife/overseas-training/,,,,鳥取県,鳥取県 専門学校 学生募集 マーケティング -おすすめ -比較 -ランキング -求人 -まとめ
お知らせ,https://www.torikyo.ed.jp/torisyo-h/%E3%81%8A%E7%9F%A5%E3%82%89%E3%81%9B?frame_56_page=86,,,,鳥取県,鳥取県 専門学校 学生募集 マーケティング -おすすめ -比較 -ランキング -求人 -まとめ
入学試験要項,https://admission.cjc.ac.jp/assets/img/admissions/about_r08.pdf,,,,鳥取県,鳥取県 専門学校 学生募集 マーケティング -おすすめ -比較 -ランキング -求人 -まとめ
夏の企画展「マンガを拓く 谷口ジロー」展覧会カタログ（原画集 ...,https://tottori-moa.jp/news/19652/,,,,鳥取県,鳥取県 博物館 美術館 デジタルプロモーション -おすすめ -比較 -ランキング -求人 -まとめ
【 郷 土 】 （2階 郷土資料室の資料です）,http://www.library.pref.tottori.jp/information/2025.%EF%BC%88%E4%B8%8B%E5%8D%8A%E6%9C%9F%EF%BC%89xlsx_5.pdf,,,,鳥取県,鳥取県 博物館 美術館 デジタルプロモーション -おすすめ -比較 -ランキング -求人 -まとめ
令和3年度 公益社団法人 鳥取県 観光連盟 事業計画,https://www.tottori-guide.jp/files/49116.pdf,,,,鳥取県,鳥取県 温浴施設 SNS集客支援 -おすすめ -比較 -ランキング -求人 -まとめ
令和6年度 一般財団法人 鳥取県 観光事業団事業計画 1 基本方針,https://tpto.jp/user/filer_public/e7/75/e775ea0f-e8bd-495d-8285-4f389da95a41/ling-he-6nian-du-shi-ye-ji-hua.pdf,,,,鳥取県,鳥取県 温浴施設 SNS集客支援 -おすすめ -比較 -ランキング -求人 -まとめ
鳥取 専門のアクティビティ予約サイト「 鳥取 ツアーズ」を展開する ...,https://workplays.jp/news/%E9%B3%A5%E5%8F%96%E5%B0%82%E9%96%80%E3%81%AE%E3%82%A2%E3%82%AF%E3%83%86%E3%82%A3%E3%83%93%E3%83%86%E3%82%A3%E4%BA%88%E7%B4%84%E3%82%B5%E3%82%A4%E3%83%88%E9%B3%A5%E5%8F%96%E3%83%84%E3%82%A2%E3%83%BC/,,,,鳥取県,鳥取県 レジャー施設 集客マーケティング -おすすめ -比較 -ランキング -求人 -まとめ
鳥取 中部広域観光ビジョン 第2次,https://test.chubu-furusato-tottori.jp/wp-content/uploads/2019/03/8893bf1764039f9c7144a7f23094ddfb.pdf,,,,鳥取県,鳥取県 レジャー施設 集客マーケティング -おすすめ -比較 -ランキング -求人 -まとめ
平成21年3月 鳥取県 倉吉市 都市再生整備計画(第2回変更) 倉吉,https://www.city.kurayoshi.lg.jp/secure/4662/atc_1263294133.pdf,,,,鳥取県,鳥取県 レジャー施設 集客マーケティング -おすすめ -比較 -ランキング -求人 -まとめ
令和 3 年度 事業報告,https://www.toriton.or.jp/hp/wp-content/uploads/2022/07/R3%E4%BA%8B%E6%A5%AD%E5%A0%B1%E5%91%8A.pdf,,,,鳥取県,鳥取県 飲食チェーン 販促支援会社 -おすすめ -比較 -ランキング -求人 -まとめ
TANOMU【卸業者のための受発注・ 販促 効率化ツール】,https://lp.tano.mu/news/2021-02-10-release_enterprise,,,,鳥取県,鳥取県 飲食チェーン 販促支援会社 -おすすめ -比較 -ランキング -求人 -まとめ
丸由百貨店の〝次 の 1 0 0 年〟支え る,https://www.itfor.co.jp/assets/case/pdf/stores_report2023-01_oyou.pdf,,,,鳥取県,鳥取県 小売店舗 CRM 販促支援 -おすすめ -比較 -ランキング -求人 -まとめ
株式会社通販王国,https://t-ohkoku.jp/hp/,,,,鳥取県,鳥取県 小売店舗 CRM 販促支援 -おすすめ -比較 -ランキング -求人 -まとめ
鳥取 のSEO対策のプロフェッショナル「 Web もり」あなたの ...,https://masa-ka.net/service/seo,,,,鳥取県,鳥取県 地域サービス業 Web集客支援 -おすすめ -比較 -ランキング -求人 -まとめ
中小企業・小規模事業者・創業予定者のための無料相談所,https://yorozu-tottori.go.jp/wp-content/uploads/2025/09/2277bfc67340ba817c170ff39037fb2a.pdf,,,,鳥取県,鳥取県 地域サービス業 Web集客支援 -おすすめ -比較 -ランキング -求人 -まとめ
鳥取市西商工会,https://torinishi.tori-skr.jp/feed.rss,,,,鳥取県,鳥取県 地域サービス業 Web集客支援 -おすすめ -比較 -ランキング -求人 -まとめ
会社案内,https://kankyodigital-sol.jp/eds/company/,,,,鳥取県,鳥取県 地域サービス業 Web集客支援 -おすすめ -比較 -ランキング -求人 -まとめ
地域 活性化講演、マーケティング研修,https://funtre.co.jp/community,,,,鳥取県,鳥取県 地域サービス業 Web集客支援 -おすすめ -比較 -ランキング -求人 -まとめ
【 鳥取県 】「Google MAPで 集客 ！活用セミナー」県内事業者向け ...,https://conan-town.jp/info/6548822,,,,鳥取県,鳥取県 地域サービス業 Web集客支援 -おすすめ -比較 -ランキング -求人 -まとめ
【 鳥取県 】「Googleマップで 集客 ！活用セミナー」限定配信（受講 ...,https://kurayoshi-cci.or.jp/event/%E3%80%90%E9%B3%A5%E5%8F%96%E7%9C%8C%E3%80%91%E3%80%8Cgoogle%E3%83%9E%E3%83%83%E3%83%97%E3%81%A7%E9%9B%86%E5%AE%A2%EF%BC%81%E6%B4%BB%E7%94%A8%E3%82%BB%E3%83%9F%E3%83%8A%E3%83%BC%E3%80%8D%E9%99%90/,,,,鳥取県,鳥取県 地域サービス業 Web集客支援 -おすすめ -比較 -ランキング -求人 -まとめ
2023～2024年度にイースクエアがご 支援 した案件のご紹介,https://www.e-squareinc.com/library/achievementlist2023/,,,,島根県,島根県 建設会社 採用マーケティング支援 -おすすめ -比較 -ランキング -求人 -まとめ
企業情報,https://yasugi-gurashi.jp/archives/companylist,,,,島根県,島根県 建設会社 採用マーケティング支援 -おすすめ -比較 -ランキング -求人 -まとめ
島根 で自分らしくスキルを活かして,https://www.joho-shimane.or.jp/files/original/201611091710072415513.pdf,,,,島根県,島根県 建設会社 採用マーケティング支援 -おすすめ -比較 -ランキング -求人 -まとめ
島根県 社会課題解決人財育成 支援 プログラム 2026,https://shimaneincu-taliki.com/,,,,島根県,島根県 建設会社 採用マーケティング支援 -おすすめ -比較 -ランキング -求人 -まとめ
【ステップメール2通目用】No.1メソッド実践講座,https://wata-support.jp/steps-double/,,,,島根県,島根県 リフォーム会社 集客マーケティング支援 -おすすめ -比較 -ランキング -求人 -まとめ
松江市・出雲市でMEO対策・Googleマイビジネス登録なら ...,https://jimohack.com/service/meo/,,,,島根県,島根県 リフォーム会社 集客マーケティング支援 -おすすめ -比較 -ランキング -求人 -まとめ
人 間 文 化 通 信 学生活動報告,https://usp.repo.nii.ac.jp/record/2000297/files/nb040_054-057.pdf,,,,島根県,島根県 家具 インテリア 販促マーケティング -おすすめ -比較 -ランキング -求人 -まとめ
高橋 志織,https://www.okasci.or.jp/~keieishien/senmonka/search/index.cgi?c=zoom&pk=74,,,,島根県,島根県 家具 インテリア 販促マーケティング -おすすめ -比較 -ランキング -求人 -まとめ
千趣会 新規のご提案について,https://reg34.smp.ne.jp/regist/is?SMPFORM=lbmf-lgtfkh-d86bd2dae44540c45bf210ede0bbd0be,,,,島根県,島根県 家具 インテリア 販促マーケティング -おすすめ -比較 -ランキング -求人 -まとめ
SEMBA COMPANY PROFILE,https://www.semba1008.co.jp/wp-content/uploads/2024/12/semba_digital_ja_202501.pdf,,,,島根県,島根県 家具 インテリア 販促マーケティング -おすすめ -比較 -ランキング -求人 -まとめ
島根県 ： 保育 環境の充実,https://www.pref.shimane.lg.jp/education/syoushika/kosodate/hoikusho/hoiku.html,,,,島根県,島根県 幼稚園 保育園 広報支援会社 -おすすめ -比較 -ランキング -求人 -まとめ
【公式サイト】 島根県保育 協議会,https://www.shimane-hoikukyo.jp/,,,,島根県,島根県 幼稚園 保育園 広報支援会社 -おすすめ -比較 -ランキング -求人 -まとめ
保育 所・ 幼稚園 ・認定こども園の施設について,https://www.city.unnan.shimane.jp/unnan/kosodate/azukeru/ho_yo_ko_ichiran.html,,,,島根県,島根県 幼稚園 保育園 広報支援会社 -おすすめ -比較 -ランキング -求人 -まとめ
保育 所／松江市,https://www.city.matsue.lg.jp/kosodate_kyoiku/kosodateshien/7/9/index.html,,,,島根県,島根県 幼稚園 保育園 広報支援会社 -おすすめ -比較 -ランキング -求人 -まとめ
島根県 安来市：くらし：幼児教育・ 保育 の無償化,https://www.city.yasugi.shimane.jp/kurashi/kyoiku/hoiku/youjikyouiku_musyouka.html,,,,島根県,島根県 幼稚園 保育園 広報支援会社 -おすすめ -比較 -ランキング -求人 -まとめ
島根 県立大学 松江キャンパス発,https://www.u-shimane.ac.jp/files/uploads/matue_tiikitokyoiku_10__1.pdf,,,,島根県,島根県 幼稚園 保育園 広報支援会社 -おすすめ -比較 -ランキング -求人 -まとめ
学 校 案 内,https://johokoko.ed.jp/wp-content/uploads/2017/02/2018gakkoannai4.29mb.pdf,,,,島根県,島根県 専門学校 学生募集 マーケティング -おすすめ -比較 -ランキング -求人 -まとめ
2018年度事業報告書,https://sicc.sctg.ac.jp/files/original/20190716080557017daceb0cf.pdf,,,,島根県,島根県 専門学校 学生募集 マーケティング -おすすめ -比較 -ランキング -求人 -まとめ
令和 8 年度 生徒 募集 要項 島根県立 島根中央高等 学校 各選抜 共通,https://www.shimane-chuo.ed.jp/files/original/20251118090104681e4226a0d.pdf,,,,島根県,島根県 専門学校 学生募集 マーケティング -おすすめ -比較 -ランキング -求人 -まとめ
「 島根県立美術館 」の写真素材,https://stock.adobe.com/jp/search?k=%E5%B3%B6%E6%A0%B9%E7%9C%8C%E7%AB%8B%E7%BE%8E%E8%A1%93%E9%A4%A8,,,,島根県,島根県 博物館 美術館 デジタルプロモーション -おすすめ -比較 -ランキング -求人 -まとめ
申請の概要等の確認,https://ttzk.graffer.jp/pref-shimane/smart-apply/apply-procedure/4350511658271787738/door,,,,島根県,島根県 博物館 美術館 デジタルプロモーション -おすすめ -比較 -ランキング -求人 -まとめ
地方創生への取組状況に係るモニタリング調査結果（28年度）,https://www.chiginkyo.or.jp/association/opinion_infomation/information/assets/news20171211_3.pdf,,,,島根県,島根県 レジャー施設 集客マーケティング -おすすめ -比較 -ランキング -求人 -まとめ
事 業 計 画 書,https://nature-sanbe.jp/foundation/data/data_pdf/h30_jigyoukeikaku.pdf,,,,島根県,島根県 レジャー施設 集客マーケティング -おすすめ -比較 -ランキング -求人 -まとめ
業務実績,https://www.tatol.com/%E6%A5%AD%E5%8B%99%E5%AE%9F%E7%B8%BE,,,,島根県,島根県 レジャー施設 集客マーケティング -おすすめ -比較 -ランキング -求人 -まとめ
安心・安全で、活力ある 水産業が展開され、 賑わいのある浜田漁港,https://www.city.hamada.shimane.jp/www/contents/1570683789554/simple/an-P47-68.pdf,,,,島根県,島根県 レジャー施設 集客マーケティング -おすすめ -比較 -ランキング -求人 -まとめ
Furutoriについて,https://www.furutori.co.jp/furutori/,,,,島根県,島根県 レジャー施設 集客マーケティング -おすすめ -比較 -ランキング -求人 -まとめ
プロジェクト紹介,https://www.reg-collab.shimane-u.ac.jp/CRE/Project2024.html,,,,島根県,島根県 温浴施設 SNS集客支援 -おすすめ -比較 -ランキング -求人 -まとめ
株式会社Adelo,https://sekio-life.com/shops/%E6%A0%AA%E5%BC%8F%E4%BC%9A%E7%A4%BEadelo/,,,,島根県,島根県 温浴施設 SNS集客支援 -おすすめ -比較 -ランキング -求人 -まとめ
令和7年度事業計画,https://www.kankou-shimane.com/renmei/wp-content/uploads/sites/15/2025/06/r7shimane_kankourenmei_jigyoukeikaku.pdf,,,,島根県,島根県 温浴施設 SNS集客支援 -おすすめ -比較 -ランキング -求人 -まとめ
島根県 のスーパー「魚彰」がアララのハウス電子マネーシステム ...,https://gourmetpress.net/166220/,,,,島根県,島根県 飲食チェーン 販促支援会社 -おすすめ -比較 -ランキング -求人 -まとめ
Services Web を使った 集客 をしたい,https://hiniarata.jp/service/issue/attract_customers_with_web,,,,島根県,島根県 地域サービス業 Web集客支援 -おすすめ -比較 -ランキング -求人 -まとめ
島根 県内の対応エリア,https://infinimum.net/flow/shimane/,,,,島根県,島根県 地域サービス業 Web集客支援 -おすすめ -比較 -ランキング -求人 -まとめ
"島根県 中小企業団体中央会 // 協同組合の設立から運営, 地域 力連携 ...",https://www.crosstalk.or.jp/ryoin/,,,,島根県,島根県 地域サービス業 Web集客支援 -おすすめ -比較 -ランキング -求人 -まとめ
WEB マーケティング支援,https://www.tcc.works/promotion/web-digital/web_marketing/,,,,岡山県,岡山県 建設会社 採用マーケティング支援 -おすすめ -比較 -ランキング -求人 -まとめ
ムラカミヨシコ,https://www.optic.or.jp/navi_senmonka/professional_detail/index/624.html,,,,岡山県,岡山県 建設会社 採用マーケティング支援 -おすすめ -比較 -ランキング -求人 -まとめ
会社 概要,https://serio-sp.com/company/,,,,岡山県,岡山県 建設会社 採用マーケティング支援 -おすすめ -比較 -ランキング -求人 -まとめ
143.29KB,https://www.city.okayama.jp/kurashi/cmsfiles/contents/0000069/69208/okayamacompanyguide2026.csv,,,,岡山県,岡山県 建設会社 採用マーケティング支援 -おすすめ -比較 -ランキング -求人 -まとめ
私たちについて,https://builbase.com/company,,,,岡山県,岡山県 建設会社 採用マーケティング支援 -おすすめ -比較 -ランキング -求人 -まとめ
縁むすび応援企業 登録企業をご紹介します！,https://www.pref.okayama.jp/page/1033604.html,,,,岡山県,岡山県 建設会社 採用マーケティング支援 -おすすめ -比較 -ランキング -求人 -まとめ
プロダクト専攻 雑貨系,https://cdc-de.ac.jp/department/interior/zakka/,,,,岡山県,岡山県 家具 インテリア 販促マーケティング -おすすめ -比較 -ランキング -求人 -まとめ
山本凌輔,https://www.kamoseni.co.jp/recruit/works/interview6.html,,,,岡山県,岡山県 家具 インテリア 販促マーケティング -おすすめ -比較 -ランキング -求人 -まとめ
About,https://gldesign.jp/about,,,,岡山県,岡山県 家具 インテリア 販促マーケティング -おすすめ -比較 -ランキング -求人 -まとめ
家具 事業 新ブランド「COTONA」,https://www.ida-web.com/project/cotona/,,,,岡山県,岡山県 家具 インテリア 販促マーケティング -おすすめ -比較 -ランキング -求人 -まとめ
おかやまし教育 広報 紙 こらぼVOL.9,https://switch.am/works/10032/,,,,岡山県,岡山県 幼稚園 保育園 広報支援会社 -おすすめ -比較 -ランキング -求人 -まとめ
令和元年度事業報告,https://okayamakodomokyoukai.jp/wp/wp-content/uploads/2020/09/99bad888cfa05323dc56dde8fd47f28f-1.pdf,,,,岡山県,岡山県 幼稚園 保育園 広報支援会社 -おすすめ -比較 -ランキング -求人 -まとめ
県民保協たより,https://okayamaminpo.or.jp/wp-content/uploads/2019/10/public-93.pdf,,,,岡山県,岡山県 幼稚園 保育園 広報支援会社 -おすすめ -比較 -ランキング -求人 -まとめ
保育 ・ 幼稚園 課,https://www.city.kurashiki.okayama.jp/cityinfo/organization/1004000/1010921.html,,,,岡山県,岡山県 幼稚園 保育園 広報支援会社 -おすすめ -比較 -ランキング -求人 -まとめ
広報,https://www.city.akaiwa.lg.jp/material/files/group/4/akaiwa99.pdf,,,,岡山県,岡山県 幼稚園 保育園 広報支援会社 -おすすめ -比較 -ランキング -求人 -まとめ
マーケティング ビジネス学科,https://www.obcnet.ac.jp/course/business/,,,,岡山県,岡山県 専門学校 学生募集 マーケティング -おすすめ -比較 -ランキング -求人 -まとめ
デジタルビジネス学科,https://oic-ok.ac.jp/course/it/,,,,岡山県,岡山県 専門学校 学生募集 マーケティング -おすすめ -比較 -ランキング -求人 -まとめ
やかげビジネスカレッジ日本語 学校 学生募集 要項 2027年度生用,https://yakage-jls.com/pubinfo/guidelines/,,,,岡山県,岡山県 専門学校 学生募集 マーケティング -おすすめ -比較 -ランキング -求人 -まとめ
変わります。 変わりません。,https://www.niimi.okayama-c.ed.jp/wp/wp-content/uploads/2025/07/leafiet2021.pdf,,,,岡山県,岡山県 専門学校 学生募集 マーケティング -おすすめ -比較 -ランキング -求人 -まとめ
専門学校岡山 ビジネスカレッジ,https://www.shingakunavi.ne.jp/%E5%B0%82%E9%96%80%E5%AD%A6%E6%A0%A1-%E9%80%B2%E5%AD%A6/%E5%B0%82%E9%96%80%E5%AD%A6%E6%A0%A1%E5%B2%A1%E5%B1%B1%E3%83%93%E3%82%B8%E3%83%8D%E3%82%B9%E3%82%AB%E3%83%AC%E3%83%83%E3%82%B8/,,,,岡山県,岡山県 専門学校 学生募集 マーケティング -おすすめ -比較 -ランキング -求人 -まとめ
オンライン 美術館 制作サービス”Lit VR Gallery” ご提供開始のお知らせ,https://www.litcity.ne.jp/%E3%82%AA%E3%83%B3%E3%83%A9%E3%82%A4%E3%83%B3%E7%BE%8E%E8%A1%93%E9%A4%A8%E5%88%B6%E4%BD%9C%E3%82%B5%E3%83%BC%E3%83%93%E3%82%B9lit-vr-gallery-%E3%81%94%E6%8F%90%E4%BE%9B%E9%96%8B%E5%A7%8B%E3%81%AE/,,,,岡山県,岡山県 博物館 美術館 デジタルプロモーション -おすすめ -比較 -ランキング -求人 -まとめ
【 岡山 天文 博物館 （鴨方町） 美術館 ・ 博物館 めぐり】(目録),https://adeac.jp/okayama-pref-digioka/catalog/M2012070920372762404,,,,岡山県,岡山県 博物館 美術館 デジタルプロモーション -おすすめ -比較 -ランキング -求人 -まとめ
2019 年度 事業報告書,https://yumeji-art-museum.com/new/wp-content/uploads/zaidan/2020/jigyohoukoku.pdf,,,,岡山県,岡山県 博物館 美術館 デジタルプロモーション -おすすめ -比較 -ランキング -求人 -まとめ
ビジョンの構成と計画期間,https://www.city.kasaoka.okayama.jp/uploaded/attachment/31411.pdf,,,,岡山県,岡山県 レジャー施設 集客マーケティング -おすすめ -比較 -ランキング -求人 -まとめ
岡山 県内の地域おこし協力隊市町村募集状況,https://www.okayama-iju.jp/info/files/29ae397451b62cbb487520d2d50c2fdf949db015.pdf,,,,岡山県,岡山県 レジャー施設 集客マーケティング -おすすめ -比較 -ランキング -求人 -まとめ
ファジアーノ 岡山 スポーツパーク寄島,https://fagiano-okayama-sportsclub.org/facilities/%E3%83%95%E3%82%A1%E3%82%B8%E3%82%A2%E3%83%BC%E3%83%8E%E5%B2%A1%E5%B1%B1%E3%82%B9%E3%83%9D%E3%83%BC%E3%83%84%E3%83%91%E3%83%BC%E3%82%AF%E5%AF%84%E5%B3%B6/,,,,岡山県,岡山県 レジャー施設 集客マーケティング -おすすめ -比較 -ランキング -求人 -まとめ
令和5年度事業報告,https://japan-yakage.jp/wp-content/uploads/2025/02/ed81a2a3bb3d7e5db949dce7e01f961b.pdf,,,,岡山県,岡山県 レジャー施設 集客マーケティング -おすすめ -比較 -ランキング -求人 -まとめ
ホテル向けサウナ（北欧産）   totonoü（ととのう）,https://totonou.co/collections/sauna-for-hotel?page=2&srsltid=AfmBOoqapT9WTIuFwQfGPFDIHIdWjlyQZNG3Bdm912w4kNy7fLlQjywk,,,,岡山県,岡山県 温浴施設 SNS集客支援 -おすすめ -比較 -ランキング -求人 -まとめ
一般社団法人 誘客マネジメンツ,https://kato-manabu.com/,,,,岡山県,岡山県 温浴施設 SNS集客支援 -おすすめ -比較 -ランキング -求人 -まとめ
岡山 支店,https://news.liberty-resort.jp/wp-content/uploads/2025/08/okayama-branch.pdf,,,,岡山県,岡山県 温浴施設 SNS集客支援 -おすすめ -比較 -ランキング -求人 -まとめ
令和8年度鏡野町地域おこし協力隊募集要項 【温泉の管理運営 ...,https://www.town.kagamino.lg.jp/uploaded/attachment/15327.pdf,,,,岡山県,岡山県 温浴施設 SNS集客支援 -おすすめ -比較 -ランキング -求人 -まとめ
岡山 フードサービス,https://www.infomart.co.jp/case/0119.html,,,,岡山県,岡山県 飲食チェーン 販促支援会社 -おすすめ -比較 -ランキング -求人 -まとめ
岡山 NPOセンターからのご案内: 【2/5(水)】ネット販売,https://blog.canpan.info/npokayama/archive/569,,,,岡山県,岡山県 小売店舗 CRM 販促支援 -おすすめ -比較 -ランキング -求人 -まとめ
中小企業の働き方改革に貢献できるITサービスを幅広く募集！,https://finance.macloud.jp/offers/6137,,,,岡山県,岡山県 健康食品 デジタルマーケティング会社 -おすすめ -比較 -ランキング -求人 -まとめ
BUSINESS DESIGN,https://direct-holdings.co.jp/business_design/,,,,岡山県,岡山県 健康食品 デジタルマーケティング会社 -おすすめ -比較 -ランキング -求人 -まとめ
岡山 ・津山・美作のホームページ制作,https://www.web-okayama.jp/website/,,,,岡山県,岡山県 地域サービス業 Web集客支援 -おすすめ -比較 -ランキング -求人 -まとめ
自治体 支援 ・シティプロモーション 岡山,https://kurabiz.jp/business/solution-service/municipality/,,,,岡山県,岡山県 地域サービス業 Web集客支援 -おすすめ -比較 -ランキング -求人 -まとめ
岡山県 倉敷市のホームページ制作・ WEB 制作会社,https://orb-rela.com/,,,,岡山県,岡山県 地域サービス業 Web集客支援 -おすすめ -比較 -ランキング -求人 -まとめ
経営発達 支援 計画の概要 実施者名 （法人番号） 岡山 南商工会（法人 ...,https://www.chugoku.meti.go.jp/r7fy/topic/keiei/pdf/k-okayama01.pdf,,,,岡山県,岡山県 地域サービス業 Web集客支援 -おすすめ -比較 -ランキング -求人 -まとめ
岡山県,https://www.kaigokensaku.mhlw.go.jp/33/index.php,,,,岡山県,岡山県 地域サービス業 Web集客支援 -おすすめ -比較 -ランキング -求人 -まとめ
MEO対策,https://usa-bility.com/meo/,,,,岡山県,岡山県 地域サービス業 Web集客支援 -おすすめ -比較 -ランキング -求人 -まとめ
建築,https://www.fukken.co.jp/technology/result/kenchiku/,,,,広島県,広島県 建設会社 採用マーケティング支援 -おすすめ -比較 -ランキング -求人 -まとめ
高藤 まりこ,https://hiroshima-starters.com/syoukai/post_131.html,,,,広島県,広島県 建設会社 採用マーケティング支援 -おすすめ -比較 -ランキング -求人 -まとめ
令和4年度「働き方改革」関連事業,https://www.hiroshimacci.or.jp/hiroshimacci/hatarakikatakaikakuR4,,,,広島県,広島県 建設会社 採用マーケティング支援 -おすすめ -比較 -ランキング -求人 -まとめ
中村 建設 株式 会社,https://can-do.co.jp/works/projects/nakamura-build/,,,,広島県,広島県 建設会社 採用マーケティング支援 -おすすめ -比較 -ランキング -求人 -まとめ
幼児教育－研修情報,https://www.pref.hiroshima.lg.jp/site/kyouiku/youji-03-kenshu.html,,,,広島県,広島県 幼稚園 保育園 広報支援会社 -おすすめ -比較 -ランキング -求人 -まとめ
短期大学 保育 学科 広島 長束キャンパス,https://www.hbg.ac.jp/univ/hoiku.html,,,,広島県,広島県 幼稚園 保育園 広報支援会社 -おすすめ -比較 -ランキング -求人 -まとめ
国内初、ニュージーランド教育導入型の幼稚舎併設オフィスを開設,https://prone.jp/press_releases/525,,,,広島県,広島県 幼稚園 保育園 広報支援会社 -おすすめ -比較 -ランキング -求人 -まとめ
幼児教育・ 保育 の無償化,https://www.city.hatsukaichi.hiroshima.jp/site/kosodate/46135.html,,,,広島県,広島県 幼稚園 保育園 広報支援会社 -おすすめ -比較 -ランキング -求人 -まとめ
デジタル パンフレット,https://www.vessel-hotel.jp/hotel/fukuyama/download/pamphlet/pageindices/index1.html,,,,広島県,広島県 博物館 美術館 デジタルプロモーション -おすすめ -比較 -ランキング -求人 -まとめ
「遊べる浮世絵展」 広島県立美術館 で開催,https://www.kumon.ne.jp/press/9499/,,,,広島県,広島県 博物館 美術館 デジタルプロモーション -おすすめ -比較 -ランキング -求人 -まとめ
カエルカンパニー,https://kaeru.company/,,,,広島県,広島県 飲食チェーン 販促支援会社 -おすすめ -比較 -ランキング -求人 -まとめ
【中国地区限定】 食品 IT研究会 in 広島 ：富士通,https://seminar.jp.fujitsu.com/public/seminar/view/6023,,,,広島県,広島県 健康食品 デジタルマーケティング会社 -おすすめ -比較 -ランキング -求人 -まとめ
第22回ビジネスフェア中四国2024,https://www.business-fair-cs.net/kaisaiannnai.pdf,,,,広島県,広島県 健康食品 デジタルマーケティング会社 -おすすめ -比較 -ランキング -求人 -まとめ
企業×専門家で生み出す新規事業 ―支援事例＆交流会,https://hiroshima-greenocean.jp/scrum7/20251218.html,,,,広島県,広島県 健康食品 デジタルマーケティング会社 -おすすめ -比較 -ランキング -求人 -まとめ
成功事例：株式 会社 おおつか,https://www.ymcareer.co.jp/service/practicaluse/example/case002/,,,,山口県,山口県 リフォーム会社 集客マーケティング支援 -おすすめ -比較 -ランキング -求人 -まとめ
プロフィール,https://xn--jckte8ayb1fz69s2hgvsf191ilca.jp/profile/,,,,山口県,山口県 リフォーム会社 集客マーケティング支援 -おすすめ -比較 -ランキング -求人 -まとめ
情報デザイン科メディアデザインコース,https://www.yic.ac.jp/ib/course/design/,,,,山口県,山口県 専門学校 学生募集 マーケティング -おすすめ -比較 -ランキング -求人 -まとめ
伊藤大起さん,https://www.ube-k.ac.jp/kosenlife/special_obog/20210826obog/,,,,山口県,山口県 専門学校 学生募集 マーケティング -おすすめ -比較 -ランキング -求人 -まとめ
山口県内 の2大学にて講義を行いました,https://www.folium.co.jp/blog/yamaguchi_lec/,,,,山口県,山口県 専門学校 学生募集 マーケティング -おすすめ -比較 -ランキング -求人 -まとめ
画像クリエイトコース,https://www.yc-c.ac.jp/course/it-expert/create,,,,山口県,山口県 専門学校 学生募集 マーケティング -おすすめ -比較 -ランキング -求人 -まとめ
【参加者 募集 】令和6年（2024年）6月「 学生 と企業が ...,https://ds0n.cc.yamaguchi-u.ac.jp/~wakasoku/news/blog/2024/05/20/r606forum_application/index.html,,,,山口県,山口県 専門学校 学生募集 マーケティング -おすすめ -比較 -ランキング -求人 -まとめ
山口 市観光交流基本計画0422修正 2.indd,https://www.city.yamaguchi.lg.jp/uploaded/attachment/3543.pdf,,,,山口県,山口県 レジャー施設 集客マーケティング -おすすめ -比較 -ランキング -求人 -まとめ
大規模イベントを検討している事業者様へ,https://www.kirara-memorial-park.jp/lp/,,,,山口県,山口県 レジャー施設 集客マーケティング -おすすめ -比較 -ランキング -求人 -まとめ
観光・ レジャー施設 の 集客 戦略-利用者行動からみた!人を呼ぶ“魅力的 ...,https://www.amazon.co.jp/-/en/%E8%A6%B3%E5%85%89%E3%83%BB%E3%83%AC%E3%82%B8%E3%83%A3%E3%83%BC%E6%96%BD%E8%A8%AD%E3%81%AE%E9%9B%86%E5%AE%A2%E6%88%A6%E7%95%A5-%E5%88%A9%E7%94%A8%E8%80%85%E8%A1%8C%E5%8B%95%E3%81%8B%E3%82%89%E3%81%BF%E3%81%9F-%E4%BA%BA%E3%82%92%E5%91%BC%E3%81%B6%E2%80%9C%E9%AD%85%E5%8A%9B%E7%9A%84%E3%81%AA%E7%A9%BA%E9%96%93-%E3%81%A5%E3%81%8F%E3%82%8A-%E3%82%B3%E3%83%9F%E3%83%A5%E3%83%8B%E3%83%86%E3%82%A3%E3%83%BB%E3%83%96%E3%83%83%E3%82%AF%E3%82%B9-%E5%B1%B1%E5%8F%A3%E6%9C%89%E6%AC%A1/dp/4890228829,,,,山口県,山口県 レジャー施設 集客マーケティング -おすすめ -比較 -ランキング -求人 -まとめ
【ご提案】トライアングルで広告を！～様々なアングルから貴社の ...,https://tryangle.yamaguchi.jp/ad-in-tryangle,,,,山口県,山口県 レジャー施設 集客マーケティング -おすすめ -比較 -ランキング -求人 -まとめ
対談 株式会社ヤマト 斎藤利明氏 × 株式会社温浴事業研究所 山口 嘉一氏,https://www.yamato-se.co.jp/pamphlet/monthly_leisure.pdf,,,,山口県,山口県 レジャー施設 集客マーケティング -おすすめ -比較 -ランキング -求人 -まとめ
集客や 販促 にデジタルを活用したい アーカイブ,https://itlink-yamaguchi.info/tag/digital-marketing/,,,,山口県,山口県 飲食チェーン 販促支援会社 -おすすめ -比較 -ランキング -求人 -まとめ
再来店率・客単価を上げる！ 飲食 店のLINE活用 「3つの鉄則 ...,https://www.msandc.co.jp/seminar250804,,,,山口県,山口県 飲食チェーン 販促支援会社 -おすすめ -比較 -ランキング -求人 -まとめ
