company_name,url,result
この簡易版検索結果ページについて,https://support.yahoo-net.jp/PccSearch/s/article/H000011627,no_sns_service
北海道 ネット 広告 （ネットマーケティング支援）の 会社 ( 広告 ...,https://www.nikkei.com/compass/search/Y2F0ZWdvcnk9Y29tcGFueSZyZWdpb249MDEmaW5kdXN0cnlTPTA4MjQ,no_sns_service
プライバシーセンター,https://privacy.lycorp.co.jp/ja/,no_sns_service
北海道 で心を動かす SNS運用,https://hokkaido-sns.com/,no_company
プライバシーポリシー,https://www.lycorp.co.jp/ja/company/privacypolicy/,no_sns_service
札幌のWebマーケティング支援: 合同 会社 アクセスコード,https://accescode-hp.vercel.app/,kept
LANTERN inc.,https://lantern-inc.jp/,kept
北海道 ・札幌・富良野・倶知安でのマーケティング支援ならクウカン,https://kukanhokkaido.co.jp/marketing-solution/,kept
検索結果への広告掲載,https://www.lycbiz.com/jp/service/yahoo-ads/search_results,no_sns_service
有限 会社 K'sLink,https://homepage-kimete.com/company/%E6%9C%89%E9%99%90%E4%BC%9A%E7%A4%BEkslink/,no_address
COMPANY,https://innobell.co.jp/company,no_sns_service
株式 会社 MIRUS — SNS運用 ・映像制作・インフルエンサー ...,https://mirus-hokkaido.jp/,no_address
ソーシャルメディア ポリシー,https://www.jrunyu.co.jp/wp-jrunyu/wp-content/uploads/2026/05/socialmediapolicy.pdf,fetch_failed
ソーシャルメディア運用 ポリシー,https://www.jotetsu.co.jp/info/sns_policy.html,no_sns_service
SNS 動画制作・ SNS 映像制作なら株式 会社 リアクター,https://reactor.jp/reactorsns/,kept
ソーシャルメディア ガイドライン,https://www.iseki-japan.co.jp/socialmedia/,no_sns_service
ソーシャルメディア ポリシー,https://www.nttdata-hokkaido.co.jp/siteinfo/social_policy.html,no_sns_service
私たちについて,https://tachibana5.webnode.jp/%E7%A7%81%E3%81%9F%E3%81%A1%E3%81%AB%E3%81%A4%E3%81%84%E3%81%A6/,kept
SOCIAL MEDIA POLICY ソーシャルメディア ポリシー,https://saltworks.jp/socialmediapolicy/,no_address
SNS 運用 方針-プロテック株式 会社,https://protech-web.co.jp/privacy_sns.html,kept
ソーシャルメディア 活動指針,https://www.hokkaido-subaru.com/site/social-media_guideline.html,no_sns_service
SNS 運用 代行-札幌のホームページ制作 会社 アップライジング,https://up-rising.jp/service/sns/,kept
株式会社THE DAY,https://sapporo-theday.com/company,no_address
SNS 運用 代行,https://lstyle-group.com/service/sns/,no_address
SNS 運用 方針,https://corp.matsuo1956.jp/immunity/,kept
北海道 立文学館 ソーシャルメディア運用 ポリシー,https://www.h-bungaku.or.jp/socialmedia-policy.pdf,fetch_failed
会社 概要,https://www.crypton.co.jp/cfm/aboutus,no_sns_service
SNS （X / Instagram / LINE等） 運用 支援,https://www.propworks.co.jp/service/sns.html,kept
SERVICE,https://north-ambitious.co.jp/service/,no_address
合同会社ライフデザイン,https://lifedesign-marketing.com/,kept
ソーシャルメディア について,https://www.aeon-hokkaido.jp/social.html,no_sns_service
YouTube運用代行 ・ディレクター,https://marzenay.co.jp/service/youtube,no_company
L-クル,https://l-cle.ezosinot.jp/,no_address
事業内容,https://nomadia.jp/service,no_sns_service
北海道 の 企業 様をサポートするためのサービスをご提供,https://lilacolle-consul.com/about/,no_company
北海道 ・東北の YouTube運用代行 ...,https://birdy-official.co.jp/solution/youtube/area/tohoku/,kept
ソーシャルメディア運用 ポリシー,https://www.obihiro-foundation.jp/social_policy/,no_sns_service
株式会社Deepa,https://deepamkt.com/,no_address
採用情報,https://suzulabo.co.jp/recruit/,kept
SNS運用代行 ・ SNS マーケティング支援,https://gainet.biz/sns/,no_address
札幌の SNS運用代行 会社・株式会社キングプロテアが ...,https://hokkaidotimes.jp/press-release/6023/,kept
LINE公式アカウント 「地方公共団体プラン」の取得方法,https://transcosmos-online.com/content/localpublicentityplan.html,kept
MetaマーケティングのプロのSpadyがL Message認定代理店に加入,https://missiona.co/lmessage-new_agency-2505-01/,kept
会社情報,https://glowflag.jp/company/,kept
会社概要,https://syutakun.com/%E4%BC%9A%E7%A4%BE%E6%A6%82%E8%A6%81/,no_address
地方自治体や大学の LINE 活用を支援するKANAMETO（カナメト）,https://kanameto.me/,kept
パートナー企業様のご紹介 – Poster（ポスター）ー LINE セグメント ...,https://poster.ooo/line-partner/,no_address
LINE で顧客管理やポイント管理できるMAシステム,https://hokkaido-dc.com/digital/edward/line_crm_ma/,no_sns_service
会社 概要,https://b-style-inc.jp/company/,kept
北海道 デジタル・アンド・コンサルティング,https://messe.nikkei.co.jp/exhibitor/info/RT/ja/25023,no_sns_service
LINE公式アカウント運用 方針,https://otofuke-shakyo.jp/pages/85/,no_company
荻原 空(おぎはら そら)代表挨拶,https://ethicalskyjapan.com/company/greeting,kept
SigNorn株式 会社 柴崎 雅人,https://coloroncanvas.jp/notes/4F3UEQ3R,no_sns_service
北海道 庁メディアポータルサイト,https://www.misasal-hokkaido.jp/SNS_Category/Living-Environment,no_sns_service
shijimi株式 会社 は,https://shijimi.site/,kept
北海道 エリアのインフルエンサー マーケティング を開始,https://www.rooster.co.jp/news/news-detail.php?id=28,no_sns_service
札幌 SNS 運用代行 のキングプロテアが自社メディアを始動--札幌の ...,https://www.mapion.co.jp/smp/news/release/dn0000349344-all/,no_address
LINE公式 活用ブログはじめます！,https://www.choidigi.com/journal/line-marketing/3167/,no_sns_service
【正社員】SNSマーケター／ディレクター（未経験者歓迎）,https://open.talentio.com/r/1/c/revoltjapan/pages/126002,no_sns_service
【経営者交流会,https://peatix.com/event/5049573?lang=ja-jp,no_sns_service
北海道 ・札幌の インスタ ・SNS運用ならタグネクスト,https://tagnext.jp/%E3%83%88%E3%83%83%E3%83%97%E3%83%9A%E3%83%BC%E3%82%B8/,no_address
採用 特化型 SNS運用代行 サービス,http://jinconne.com/form.html,no_address
【 北海道 】第3回デジタル マーケティング 実践講座-コース,https://www.jma-jp.org/event/course/180215,no_sns_service
SNS運用代行 サービス資料,https://azu-rite.co.jp/download/dl-sns,no_address
【メディア出演情報】 北海道 医療新聞にて弊社の SNS運用代行 事業 ...,https://d-pass.jp/%E3%80%90%E3%83%A1%E3%83%87%E3%82%A3%E3%82%A2%E5%87%BA%E6%BC%94%E6%83%85%E5%A0%B1%E3%80%91%E5%8C%97%E6%B5%B7%E9%81%93%E5%8C%BB%E7%99%82%E6%96%B0%E8%81%9E%E3%81%AB%E3%81%A6%E5%BC%8A%E7%A4%BE%E3%81%AEsn/384/,kept
社員インタビュー②,https://www.cclab.co.jp/recruit/%E7%A4%BE%E5%93%A1%E3%82%A4%E3%83%B3%E3%82%BF%E3%83%93%E3%83%A5%E3%83%BC/%E7%A4%BE%E5%93%A1%E3%82%A4%E3%83%B3%E3%82%BF%E3%83%93%E3%83%A5%E3%83%BC2,kept
サービス,https://tukitati.com/%E3%82%B5%E3%83%BC%E3%83%93%E3%82%B9,kept
中小企業の若手 採用 を支援する SNS採用代行 「ワカッテ 採用 」の挑戦,https://kei-do.com/interview2/02603/,kept
Instagram 運用代行,https://iwama-artwork.com/service/instagram/,no_company
SNSを活用した 北海道 観光情報発信事業,https://engawa.global/works/%EF%BD%93%EF%BD%8E%EF%BD%93%E3%82%92%E6%B4%BB%E7%94%A8%E3%81%97%E3%81%9F%E5%8C%97%E6%B5%B7%E9%81%93%E8%A6%B3%E5%85%89%E6%83%85%E5%A0%B1%E7%99%BA%E4%BF%A1%E4%BA%8B%E6%A5%AD/,no_address
Meta 広告運用 ・デジタルマーケティング支援（ 青森 ・東北）,https://minazki.com/,no_company
SNS広告運用 ・デジタルプロモーション,https://humanlink.biz/sns/,kept
SNS運用 代行,https://shihouyoshi.jp/service/sns/,no_address
インスタグラム アカウント 運用 代行,https://www.go-on-inc.com/business02-1.html,no_address
【売上2.3億・現預金7700万（無借金）】内製 運用 × SNS 中心の 広告 ...,https://batonz.jp/sell_cases/87565,no_address
お問合せ,https://www.digitalfield.co.jp/form/contact.html,kept
青森 銀行とウェブ 広告運用 サービスを提供するローカルフォリオが ...,https://prone.jp/press_releases/941,kept
"Webマーケティング,採用支援,広告企画,Web制作 ...",https://zais.co.jp/works_tag/sns/,kept
日本原燃 公式 ソーシャルメディア のご紹介,https://www.jnfl.co.jp/ja/pr/sns/,no_sns_service
ソーシャルメディア ガイドライン,https://www.aeoneaheart.co.jp/special/sns_guidelines/,no_sns_service
21 株式 会社 NTTデータスマートソーシング,https://aomori-ritti-guide.jp/12_interview/index21.html,no_sns_service
募集職種検索,https://hitachi.jposting.net/u/joblist/index.html?t[]=33,no_sns_service
〈東京都杉並区〉株式 会社 SHO-SAN,https://app.vachanavi.com/articles/sho-san,kept
今さら聞けない SNS 活用セミナー 最新基礎から 広告運用,https://starting-business.net/events/event/%E4%BB%8A%E3%81%95%E3%82%89%E8%81%9E%E3%81%91%E3%81%AA%E3%81%84sns%E6%B4%BB%E7%94%A8%E3%82%BB%E3%83%9F%E3%83%8A%E3%83%BC/,kept
ソーシャルメディア ポリシー,https://www.aomori-itc.or.jp/_files/00244497/SnsPolicy2026.pdf,fetch_failed
「若者に選ばれる！SNS採用広報強化セミナー」を開催します！,https://www.pref.aomori.lg.jp/soshiki/kodomo/wakamono/R8_snssaiyoseminar.html,no_sns_service
ソーシャルメディア ポリシー,https://www.heim-tohoku.co.jp/sns_policy/,no_sns_service
「 SNS運用 無料相談会～ SNS で売上を上げる投稿を作ろう！～」を ...,https://www.21aomori.or.jp/topics/31636,no_company
IT業(WEB制作/ SNS運用 /通信販売/デザイン関連),https://www.shusei-aomori.com/blog/categories/it%E3%83%BB%E9%80%9A%E4%BF%A1%E6%A5%AD,no_address
【神戸市】Web サイトを活用した神戸市会広報業務,https://poteto.media/achievement-article/kobeshikai-web-pr/,kept
ソーシャルメディア ポリシー,https://r-e-c.co.jp/socialmediapolicy/,no_sns_service
コーディネーター紹介,https://aomori-yorozu.go.jp/coordinator/,no_company
ソーシャルメディア コミュニケーションポリシー,https://aoimorirailway.com/%E3%82%BD%E3%83%BC%E3%82%B7%E3%83%A3%E3%83%AB%E3%83%A1%E3%83%87%E3%82%A3%E3%82%A2%E3%82%B3%E3%83%9F%E3%83%A5%E3%83%8B%E3%82%B1%E3%83%BC%E3%82%B7%E3%83%A7%E3%83%B3%E3%83%9D%E3%83%AA%E3%82%B7%E3%83%BC,no_sns_service
株式会社Funage,https://biz-maps.com/item/B2ZBvn7dZV,kept
SNS運用 とオンライン直売所の プロから学ぶインターネット活用,https://aoit.jp/download_file/view/651/521,fetch_failed
(株)ユウテック SNS運用 サポートスタッフ,https://yu-tecc-saiyo.jp/job/-/info/apply/M0002457?source=stanby&utm_media=organic,no_address
ソーシャルメディア ポリシー,https://www.sincol-kys.co.jp/social/,no_sns_service
青森 県庁 様 「あおもり県庁なう」,https://www.juns.jp/info/case/aomorikencho,no_sns_service
お問い合わせ,https://mogrow-inc.com/contact/,kept
あなたのお店を地域No.1に！月額5000円の簡単 ...,https://polaris-lp.jp/douga/sumaho/,no_address
【経営者交流会,https://utariii.com/event/%E3%80%90%E7%B5%8C%E5%96%B6%E8%80%85%E4%BA%A4%E6%B5%81%E4%BC%9A%EF%BD%9C%E6%9D%B1%E4%BA%ACx%E5%8C%97%E6%B5%B7%E9%81%93%E3%80%8Cezoedo%E3%80%8D%E3%80%91%E3%80%8C%E9%9B%86%E5%AE%A2%E3%81%8C/,kept
ソーシャルメディア ポリシー,https://kamikita.co.jp/socialmediapolicy/,no_sns_service
LINE公式アカウント 作成 代行,https://jpita.net/line/,no_sns_service
LINE運用 はプロにお任せ！Lサポートで成果アップ,https://l-support.lconnect.co.jp/,no_address
アオモBIZ,https://aombiz.co.jp/,no_company
Liny自治体・官公庁向け LINE公式アカウント,https://liny-gr.com/,kept
ネッツトヨタ 青森 Twinplaza,https://aomori-toyotagroup.jp/about/social-policy,no_sns_service
クリエイター育成スクール,https://www.city.hachinohe.aomori.jp/material/files/group/12/YS_maruyosi.pdf,fetch_failed
動画制作支援関連事業,http://www.ringonohana.com/video-production.html,kept
協会けんぽ 青森 支部 公式LINE について,https://www.kyoukaikenpo.or.jp/shibu/aomori/public_relations/003/index.html,no_sns_service
エルプレ,https://elplelple.com/,no_sns_service
ホーム,http://www.town.owani.lg.jp/home.html,no_sns_service
公式 SNSについて,https://www.nishimeya.jp/sonseijoho/koho/2/390.html,no_company
むつ商工会議所 LINE公式アカウント はじめました！,https://www.mutsucci.or.jp/news/%E3%82%80%E3%81%A4%E5%95%86%E5%B7%A5%E4%BC%9A%E8%AD%B0%E6%89%80-line%E5%85%AC%E5%BC%8F%E3%82%A2%E3%82%AB%E3%82%A6%E3%83%B3%E3%83%88%E3%81%AF%E3%81%98%E3%82%81%E3%81%BE%E3%81%97%E3%81%9F%EF%BC%81/,no_sns_service
SNS動画制作・ 運用代行 の依頼Fムービーにおまかせ,https://fine-production.jp/video_production/lp5/,kept
青森県 三沢市における LINE を活用した市政情報配信を支援,https://www.trans-cosmos.co.jp/company/news/221026.html,no_address
Untitled,https://www.cgc-aomori.jp/application/files/5917/2681/8263/sogyo_seminar1101.pdf,fetch_failed
コンテンツデリバリーセンター,https://kowa-com.jp/solution/contents-delivery-center/,no_sns_service
プロポーザル,https://www.city.aomori.aomori.jp/sangyo_koyou/jigyosha/1004700/index.html,no_sns_service
メグロ広告社 – HOUSE EN,https://house-en.com/meguro/,kept
SNS撮影協力,https://family-romance.com/service/sns-extra/,kept
会社 紹介・採用・SNS 動画 制作,https://media-creation.net/douga/,no_company
青森県 でSNS マーケティング 用の写真撮影依頼が可能なカメラマン,https://www.delta.photo/photographers/search/aomori-sns-marketing,no_address
LINE公式アカウント,https://bansou-for.com/category/line/,no_sns_service
地方副業案件,https://talent.direct.hipro-job.jp/talent/issue/13755/,no_sns_service
動画制作サービス,https://hidaka-print.com/video-production/,kept
サービス情報,https://www.playnext-lab.co.jp/service-information/page/18/,no_sns_service
青森県 令和6年度「県内事業者のデジタル マーケティング 活用状況 ...,https://www.toppan-colorer.co.jp/topics/news20250424-01,no_address
運営会社情報,https://remottosan.com/company-info/,no_address
広報・ SNS ・PR・マーケティング,https://career.nect.jp/job-list/public/,no_company
ABOUT,https://abc-snsmarketing.com/about/,no_address
青森 商工会議所,https://www.acci.or.jp/,no_sns_service
サイトマップ,https://3kka.co.jp/sitemap/,kept
お問い合わせ,https://bamboo-motion.jp/contact/,kept
らいおんハート合同 会社,https://lion-heart.jp/bfpc744/website-production/,kept
川村高大のプロフィール,https://mbp-japan.com/hokkaido/webtribe/,kept
合同 会社 ウィズ の企業情報,https://www.innovations-i.com/is/18264.html,kept
SNS運用 ・WEB 広告,https://www.ni-connect.co.jp/service/snsweb/,kept
SNS を利用した投資詐欺の被害が多発しています！(R8.5.21,https://www.pref.iwate.jp/kenkei/anzen/sagi/3002229/3002815.html,no_company
株式 会社 Swing by Agency（ 岩手県 盛岡市,https://netkoukoku-dairiten.com/%E6%A0%AA%E5%BC%8F%E4%BC%9A%E7%A4%BEswing-by-agency/,kept
会社 概要,https://kohomedia.jp/company/,kept
SNS運用 代行,https://ifree.co.jp/home/sns-operation/,kept
株式 会社 カモシカ Partner Profile,https://ecosystem.hubspot.com/marketplace/solutions/kamo-shika,no_sns_service
岩手県 社会福祉協議会児童福祉施設協議会 Facebook 運用 指針,https://www.iwate-shakyo.or.jp/docs/2017071800017/files/sisin.pdf,fetch_failed
「店舗の Instagram 徹底クリニック」,https://8nohe-ikiikidx.jp/wp-content/uploads/TBH_SNS%E9%81%8B%E7%94%A8%E3%82%BB%E3%83%9F%E3%83%8A%E3%83%BC%E3%83%81%E3%83%A9%E3%82%B7-r3.pdf,fetch_failed
実績紹介,https://iliwate.co.jp/case,no_sns_service
公式SNS 運用 方針,https://www.catv-mic.ne.jp/snspolicy/,kept
岩手県 でSEO対策に強いウェブマーケティング 会社 ならオーパス ...,https://opus-plan.net/area/iwate/,kept
一関市公式Facebookページ 運用 ポリシー,https://www.city.ichinoseki.iwate.jp/archive/p20260323115655,no_sns_service
このサイトについて : 岩手県,https://ju-group-recruit.jp/about-site,no_sns_service
ソーシャルメディア アカウント,https://www.iwatebank.co.jp/personal/service/socialmedia/,no_sns_service
ソーシャルメディア 利用規約,https://www.proglab.education/sns/,fetch_failed
SERVICE,https://macure.jp/service/communications/,no_sns_service
ソーシャルメディア ポリシー,https://www.kawatoku.com/company/socialmedia/,no_sns_service
宮古市議会 YouTube 公式チャンネル 運用 方針,https://www.city.miyako.iwate.jp/material/files/group/35/miyakoshigikaiyoutubeunyouhoushin.pdf,fetch_failed
事業者向け SNS 活用セミナー「最新の SNS 動向と動画コンテンツの ...,https://ib-takizawa.jp/event/473/,kept
ソーシャルメディア 利用規約,https://www.bstiwate.jp/socialmedia/,no_sns_service
神奈川県の 採用 支援・ 採用代行 （RPO）,https://sanpoyoshi.site/about,kept
お問い合わせ,https://akyureto.com/contact/,kept
ソーシャルメディア公式アカウント,https://www.iwate-u.ac.jp/about/public/sns.html,no_sns_service
【 岩手県 ・岩手県庁】#iiiwate フォトコンテスト Produced by 東京 ...,https://tokyocameraclub.com/localgov/project037.php,no_address
SNS 配信用動画制作業務,https://www2.njss.info/offers/view/33063330,no_sns_service
和同産業株式会社,https://jobnavi-hanamaki.jp/corporate/index.php?p=127,no_sns_service
岩手県 県南広域振興局『令和8年度岩手県南中小 企業 製造業等DX ...,https://www.abeyasu.co.jp/category/news/,no_sns_service
YouTube 管理 代行 「 YouTube CAMP」,https://www.pro-file.co.jp/lp2/,no_address
マイナビD2C,https://d2c.mynavi.jp/journal/kitadateseimen_interview,no_sns_service
就農支援部SNS更新中！,https://www.i-agri.or.jp/try/try-top/try-11538/,no_sns_service
中小 企業 診断士 工藤健人,https://www.seiei.or.jp/iwate/pdf/20230606-4.pdf,fetch_failed
クリック保証動画広告,https://cm.kokoku-direct.jp/clickguarantee,no_address
ソーシャルメディア運用 ポリシー,https://www.iwafuji.co.jp/sns_policy/,no_sns_service
さちコネクト WEBSITE,https://sachiconnect.site/,no_company
【モリジョビ】MCL盛岡情報ビジネス＆デザイン専門学校,https://morijyobi.ac.jp/report/post-14305/,no_sns_service
シミュレーション,https://www.ad-market.jp/service/youtube/simulation/,no_company
LINE公式アカウント運用代行,https://digimarl.com/service/line-official-account/,kept
年末資金の準備に！ 一日公庫のお知らせ,https://iwatemachishokokai.com/?p=2526,no_sns_service
株式 会社 IGLOBAL,https://iglobal-company.net/,no_sns_service
- 1,https://igjs-vc.co.jp/imagem/files/1562892306_01.pdf,fetch_failed
岩手県 避難所運営デジタル化実証実験において、 LINE とマイ ...,https://digital-shift.jp/flash_news/FN240909_4,no_sns_service
一般社団法人 岩手県 薬剤師会,https://www.iwayaku.or.jp/about/,no_company
及川ひとみ,https://www.foriio.com/hitomin-o,no_address
くらし応援窓口,https://www.rikutakashakyo.jp/pages/59/,no_company
環境学習交流センター 展示・イベント情報＜6‐7月度更新,https://www.aiina.jp/soshiki/9/9063.html,no_sns_service
Yanagihara Kento,https://jp.linkedin.com/in/yanagihara-kento-216357317,fetch_failed
いわて・三陸から ありがとう！～宮古・大槌編～（ ショート ver）,https://fine-production.co.jp/production-portfolio-50/,kept
人事院各地方事務局(所),https://www.jinji.go.jp/saiyo/event/event2.html,no_sns_service
盛岡市は LINE公式アカウント を開設しています。,https://www.city.morioka.iwate.jp/shisei/1021559/1021610/1021804/1040481.html,no_sns_service
宮城県 仙台市: WEB 広告 で効果を出すならKSB,https://lp-ads.ksb-sendai.co.jp/,kept
支援事例,https://yorozu-iwate.go.jp/cases/,no_sns_service
リハビリテーション室 採用 専用ページ,https://www.yth.or.jp/pages/169/,no_company
【インフルエンサー完全攻略 in 岩手 】“日本一走るアナウンサー ...,https://carta-marketing-firm.co.jp/blog/010/,kept
岩手 中部水道企業団-北上市・花巻市・紫波町の水道,https://www.iwatetyubu-suido.jp/,no_sns_service
商工会活用術 金融編,https://www.m-sensci.or.jp/katsuyou/kinyu_oto.html,fetch_failed
仙台勤務,https://recruit.sold-out.co.jp/recruit02_detail02,no_contact
ガチで刺さるWebマーケで話題】のトランバードが『 宮城 を代表 ...,https://madeinlocal.jp/area/miyagi/companies/news/006,kept
花巻のWEB制作・動画制作・SNS 運用,https://belion.online/digital/,kept
iii株式 会社,https://iii-k.co.jp/,no_address
鴻志会公式ホームページ及び ソーシャルメディア 運営ガイドライン,https://rifuko-dousoukai.com/wp-content/uploads/2022/05/%E3%82%AB%E3%82%99%E3%82%A4%E3%83%88%E3%82%99%E3%83%A9%E3%82%A4%E3%83%B3%E6%B1%BA%E5%AE%9A%E7%A8%BF.pdf,fetch_failed
三陸わかめ,https://www.zengyoren.or.jp/sanriku_wakame/privacy.html,no_sns_service
しごとクリエイターについて,https://iwatemachi.jp/shigoto-creator/,no_sns_service
仙台 SNS運用 会社 として注目のキングプロテアが本格サービス提供 ...,https://www.dreamnews.jp/press/0000350857,kept
石巻市公式SNS,https://www.city.ishinomaki.lg.jp/cont/10151000/1010/is_officialsns.html,no_sns_service
facebook始めました,https://www.town.kawasaki.miyagi.jp/soshiki/chishin/306.html,no_sns_service
仙台N美容クリニック_ SNS,https://unihack.jp/work/%E4%BB%99%E5%8F%B0n%E7%BE%8E%E5%AE%B9%E3%82%AF%E3%83%AA%E3%83%8B%E3%83%83%E3%82%AF_sns/,no_address
SNSポリシー,https://mayzin-g.co.jp/social_policy/,kept
出版記念講演会,https://www.mirai-ps.com/booklaunchevent/,kept
このサイトについて,https://www.m-is.co.jp/contents/about/index.html,no_sns_service
SNSポリシー,https://cbp-sendai.jp/sns-policy/,no_sns_service
Web・ SNS運用 サポート,https://sendai.beak-promo.jp/solution/outsourcing/,kept
令和7年度 愛さんさん宅食株式会社 シンクエージェント ...,https://www.city.tagajo.miyagi.jp/kanzai/shise/documents/r7kifujisseki.pdf,fetch_failed
SNS POLICY SNSポリシー,https://sanwarc.co.jp/sns-privacy-policy/,kept
2025,https://www.shiogamacci.jp/img/file554.pdf,fetch_failed
【仙台】 SNS マーケティングが学べる有給インターン,https://intern.sendaidehatarakitai.jp/intern/detail/e65851b71fe69d0a8cf8a5ee12d11b01,no_address
ホームページ製作,https://www.echna.co.jp/service/web/,no_sns_service
令和7年度 宮城県内企業 等のデジタル化・DXに 関するアンケート結果,https://www.pref.miyagi.jp/documents/39879/r7details.pdf,fetch_failed
YouTube運用代行 ・動画制作: サンカッケー,https://sankakkee.com/,no_company
SNSポリシー,https://plusone-sendai.co.jp/sns-policy/,no_sns_service
ソーシャル ネットワーク（SNS）利用規約,https://www.vitalnet.jp/privacy/sns,no_sns_service
今話題のYouTuberも継続利用中！＞“費用負担なし”で オリジナル ...,https://newscast.jp/smart/news/3634799,kept
SNS を活用した集客のDX,https://digibiz-miyagi.jp/archives/516,no_address
Conduct,https://www.conductmarke.jp/,no_sns_service
「 LINE スグミエール」総代理店のビジョングループのZORSE,https://adv.tokyo-np.co.jp/prtimes/article62885/,no_address
LINE とメールで簡単登録!,https://miyagi-ccus.com/service_product.html,no_sns_service
YouTube運用代行,https://www.creators-station.jp/tag/youtube%E9%81%8B%E7%94%A8%E4%BB%A3%E8%A1%8C,kept
オンエモってどんな 会社 ？,https://on-emotion.com/about/,kept
【終了しました】地元 企業 の次の一手を見つける60分「 宮城 の 企業 ...,https://www.regions.co.jp/job/seminar/20250929/,no_address
DOTZについて,https://dotz.co.jp/about/,kept
カイカ,https://www.kai-ka.jp/,kept
Instagram 運用代行,https://insta.master-plan.co.jp/,no_company
美里町 公式 SNS アカウント,https://www.town.misato.miyagi.jp/09oshirase/2025-0701-1613-33.html,no_sns_service
ZORSE株式会社,https://initial.inc/companies/A-38366,no_address
#ｷﾞｮｰﾚﾂｸﾞﾗﾑ,https://www.0neway.com/,no_sns_service
SNS,https://rifumatsu.or.jp/wp-content/uploads/2024/05/%E5%88%A5%E6%B7%BB%EF%BC%93-SNS%E6%B4%BB%E7%94%A8%E3%82%BB%E3%83%9F%E3%83%8A%E3%83%BC%EF%BC%886.19%E6%B0%B4%E9%96%8B%E5%82%AC%EF%BC%89%EF%BC%88PDF%EF%BC%89.pdf,fetch_failed
ソーシャルメディア ポリシー,https://yakurai-garden.com/social_media_policy,no_sns_service
SNS 公式アカウント,https://www.police.pref.miyagi.jp/koho/koho-sns.html,no_sns_service
東北の SNS マーケティングのプロチーム,https://chazzsns.com/,no_company
宮城 ・福島での営業 代行 や不動産賃貸はU-ONE:業務案内,https://u-one.biz/works.html,no_address
「 LINE スグミエール」総代理店のビジョングループのZORSE,https://plus.vision-net.co.jp/news/0903,kept
秋田県 移住・定住促進課公式 SNS アカウント 運用 及び 広告 配信業務 ...,https://www.bjamp.jp/bidding/detail/977870,no_address
事業内容,https://rushbiz.co.jp/service,kept
会社 概要,https://localio.co.jp/company/,kept
専門家登録者名簿,https://www.bic-akita.or.jp/uploads/File/%E5%B0%82%E9%96%80%E5%AE%B6%E6%B4%BE%E9%81%A3/210201_%E5%85%AC%E9%96%8B%E7%94%A8%E5%90%8D%E7%B0%BF.pdf,fetch_failed
1 企画政策課 ソーシャルメディア運用 方針 令和4年4月1日 ...,https://www.city.oga.akita.jp/material/files/group/1/kikaku_unyouhousin.pdf,fetch_failed
太平山観光開発株式 会社,http://www.theboon.net/information/company/,no_sns_service
五城目町 ソーシャルメディア 総合 運用 方針,https://www.town.gojome.akita.jp/up/files/town/kouhou-sns/sns/SNS_guideline_2026_4_13.pdf,fetch_failed
株式 会社 オプティマイザー,https://kocchake.com/pages/company/p5259,kept
ビジョングループのZORSEがTailor Appと SNS運用 の競争力強化に ...,https://www.vision-net.co.jp/news/20240524104725.html,no_address
ソーシャルメディア ポリシー,https://corp.soyu-am.jp/social/social_media_porycy.php,no_sns_service
仙台市の LINE公式アカウント に、モビルスの自治体向け ...,https://mobilus.co.jp/press-release/33908,no_sns_service
会社 概要,https://se-ups.jp/company/,no_address
「 秋田 再生可能エネルギーファンド」の設立について,https://www.cgc-akita.or.jp/post-4903/,no_sns_service
令和8年度 SNS広告 を活用したがん検診受診促進事業に係る ...,https://www.pref.akita.lg.jp/pages/archive/95244,kept
会社 情報,https://sch.kanata-factory.co.jp/company/,no_sns_service
プロフェッショナル人材戦略事業で人材確保した県内 企業 の主な ...,https://www.akita-projin.com/wp/wp-content/uploads/2024/03/sj-performance2403.pdf,fetch_failed
ソーシャルメディア ガイドライン,https://www.oenon.jp/enjoy/sns/socialmedia_tos.html,no_sns_service
「成果創出コース」申込フォーム,https://akita-yorozu.go.jp/meeting/form_course2/,no_sns_service
ゆるぐクリエイト,https://yurugu.jp/,no_company
SNS キャンペーン・ SNS 広告・ 運用代行 は【TOPPANクロレ ...,https://www.uniworx.co.jp/sns-marketing,no_company
令和8年度誘致 企業 「株式会社elmia」,https://akitashi-kigyouyuchi.com/2026/07/06/%E4%BB%A4%E5%92%8C%EF%BC%98%E5%B9%B4%E5%BA%A6%E8%AA%98%E8%87%B4%E4%BC%81%E6%A5%AD%E3%80%8C%E6%A0%AA%E5%BC%8F%E4%BC%9A%E7%A4%BEelmia%E3%80%8D/,no_address
お問い合わせ,https://movie-ad.net/contact.html,no_address
2020/07/29 秋田県 のコロナ感染拡大防止システム「新型 ...,https://line-sm.com/news/20200729.html,no_sns_service
事業内容,https://akita-iimono.studio.site/works,no_sns_service
【動画公開】まだ東京で仕事してるの？BizSPOTインタビュー ...,https://workation.akita.jp/topic/%E3%80%90%E5%8B%95%E7%94%BB%E5%85%AC%E9%96%8B%E3%80%91%E3%81%BE%E3%81%A0%E6%9D%B1%E4%BA%AC%E3%81%A7%E4%BB%95%E4%BA%8B%E3%81%97%E3%81%A6%E3%82%8B%E3%81%AE%EF%BC%9Fbizspot%E3%82%A4%E3%83%B3%E3%82%BF/,no_sns_service
SNS 運用代行,https://giftlink-japan.com/,no_address
子育て相談から除雪状況確認まで。 情報発信だけで終わらない,https://govnext.ficlab.jp/casestudy/110/,no_sns_service
SNS・ 動画運用代行 サービス: 株式 会社 ネクシス,https://nexis-sns.com/,no_address
【プレスリリース】「 LINE スグミエール」の総代理店として9/1から ...,https://zorse.jp/%E3%80%90%E3%83%97%E3%83%AC%E3%82%B9%E3%83%AA%E3%83%AA%E3%83%BC%E3%82%B9%E3%80%91%E3%80%8Cline%E3%82%B9%E3%82%B0%E3%83%9F%E3%82%A8%E3%83%BC%E3%83%AB%E3%80%8D%E3%81%AE%E7%B7%8F%E4%BB%A3%E7%90%86/,kept
LINE@カレッジ in 秋田 ＆ Instagram ( インスタ グラム)活用セミナー,http://it-seminar.alve.jp/,no_sns_service
秋田 ノーザンハピネッツ LINE公式アカウント がスタート！,https://northern-happinets.com/news/detail/id=15384,no_sns_service
株式会社柳沢建設 公式 SNS運用 方針,https://yanagi-k.co.jp/snspolicy/,kept
CHAZZ代表渡辺様へのインタビュー,https://niaho.co.jp/interview/_Wj573Ke,kept
TEAM MEMBER,https://doga-guild.com/member/,no_address
秋田,https://hipro-job.jp/skilljunkan/skillreturn/akita/,no_sns_service
ブラウブリッツ 秋田公式LINE @を始めました WHATSNEW,https://blaublitz.jp/whatsnew/37456.html,no_sns_service
サイトポリシー,https://www.city.nikaho.akita.jp/soshikikarasagasu/gyoukakusuishinka/gyoumuannai/3429.html,no_sns_service
アクセス,https://www.kashikaigishitsu.net/facilitys/rg-akita-ekimae-bc/access/,no_sns_service
秋田県 機能性野菜の マーケティング 調査,https://www.kasseiken.jp/searchposts/searchposts-1411/,no_sns_service
【支援事例： 秋田県 様】インフルエンサー活用で ...,https://www.toonippo.co.jp/articles/-/2298470,no_address
秋田県 男鹿市 佐々木 里保,https://www.a-iju.jp/uploads/workspace/city_0000000303_00/user_39/oga_akita_221024.pdf,fetch_failed
秋田 の伝統工芸士とインフルエンサーで「＃365漆」プロジェクト2 ...,https://i-crt.jp/2020/02/14/urushi-project/,no_sns_service
あきた医師総合支援センター,https://akitamd-support.com/,no_company
LINE で簡単ウエディング相談スタート,https://yuzawa-royal.co.jp/news/w0HX4Tw6,no_sns_service
東北 SNS マーケティング＆ネット 広告 勉強会2025in 山形県 村山市,https://www.japan-affiliate.org/news/murayama251106/,kept
山形県 の SNS マーケティングなら「MSBY（ムスビー）」,https://msby.work/,no_company
株式 会社 kagarito（かがりと）,https://kagarito.site/,no_address
ソーシャルメディアアカウントご利用規約,https://yamagata-bunka.jp/smp/,fetch_failed
ベトナムの SNS マーケティング・ SNS運用 ならアビリブベトナム,https://www.abilive.vn/service/sns/,kept
広告 事業のご案内,https://www.pref.yamagata.jp/020026/kensei/joho/koho/koukoku/public.html,no_sns_service
ソーシャルメディア ポリシー,https://fujifilm-fbyamagata.com/sns/about_page.html,kept
事業環境変化対応型支援事業「事業者向けセミナー」について,https://miya-kita.jp/20260604-3375/,no_company
【 山形 市】 SNS運用 ・チラシ制作担当〈パート募集〉,https://recruit.ych-exceed.com/work/%E3%80%90%E5%B1%B1%E5%BD%A2%E5%B8%82%E3%80%91sns%E9%81%8B%E7%94%A8%E3%83%BB%E3%83%81%E3%83%A9%E3%82%B7%E5%88%B6%E4%BD%9C%E6%8B%85%E5%BD%93%E3%80%88%E3%83%91%E3%83%BC%E3%83%88%E5%8B%9F%E9%9B%86/,kept
プライバシーポリシー,https://www.yamagata-saiseikai.org/yamagata-shibu/privacy-policy.html,no_sns_service
ソーシャルメディア ポリシー,https://www.workman.co.jp/%E3%82%BD%E3%83%BC%E3%82%B7%E3%83%A3%E3%83%AB%E3%83%A1%E3%83%87%E3%82%A3%E3%82%A2%E3%83%9D%E3%83%AA%E3%82%B7%E3%83%BC,no_sns_service
サービス アーカイブ,https://akita-saiyo-navi.com/services/,no_sns_service
Privacy policyプライバシーポリシー,https://newgreen.inc/privacypolicy_minorasu,no_sns_service
最上町観光協会 公式 SNS 運用 ポリシー,https://mogami-portal.net/wp/wp-content/uploads/2024/09/mogami_SNS_policy.pdf,fetch_failed
広告運用,https://cocoo.co.jp/tag/%E5%BA%83%E5%91%8A%E9%81%8B%E7%94%A8/,kept
SNS 運用,https://www.screen-anjo.com/sns,kept
山形 市公式ホームページ(第六世代)構築 運用 事業に係る公募型 ...,https://www.city.yamagata-yamagata.lg.jp/jigyosya/nyusatsu/1006744/1013539/1017701.html,no_sns_service
【 SNS 広報】建設業にとどまらない建設会社の魅力を発信する広報 ...,https://www.project-index.jp/intern/26707,kept
全国小水力発電大会 第11回 山形,https://j-water.org/taikai/,no_sns_service
運営 会社,https://www.yamagata-be.com/yamagata/company,kept
採用 ・就活支援,https://oriai.jp/support/,kept
山形 の SNS運用代行 はサーキュラーサンクス,https://yamagatasns.studio.site/,no_company
ソーシャルメディア ガイドライン,https://www.tobahotel.co.jp/social/,no_sns_service
ソーシャルメディア ポリシー,https://daiwa-med.co.jp/pages/253/,no_sns_service
公益財団法人 山形県企業 振興公社,https://jsite.mhlw.go.jp/yamagata-roudoukyoku/content/contents/001294763.pdf,fetch_failed
ソーシャルメディア への登録の仕方。,https://kaburetta.com/archives/91,no_address
支援サービス,https://www.yamagata-export.jp/support/index.html,no_address
山形県 中小企業パワーアップ補助金（新事業転換促進支援事業 ...,https://www.ynet.or.jp/.assets/powerup_saitaku_0615.pdf,fetch_failed
SNS 集客実践会,https://www.shonai-sansin.or.jp/seminars/17050/,no_company
SERVICE,https://circularthanks.com/services/,kept
LINE公式アカウント の情報配信を拡充します！,https://www.city.kaminoyama.yamagata.jp/soshiki/3/ssline2020.html,no_sns_service
株式 会社 飽海商事 遠田 梨央,https://keieisha-prime.com/interview/2472/,kept
「 山形県 -新型コロナ対策パーソナルサポート」をご利用ください,https://www.town.kawanishi.yamagata.jp/kurashi/kurashi-oshirase/2020-1119-1600-10.html,no_sns_service
4/16・4/21 8年 3/26木,https://www3.jeed.go.jp/yamagata/poly/biz/hl52qs00000aeocc-att/or3a63000000ezpt.pdf,fetch_failed
山形県 山形市のSNSマーケティング: 株式 会社 ARISEARISE,https://www.arise-y.com/,kept
LINE公式アカウント 相続の無料相談のご予約受付中,https://yamagata-isansouzoku.com/contact/line/,no_sns_service
山形 大学,https://www.yamagata-u.ac.jp/jp/download_file/view/27615/8663/,fetch_failed
運営会社,https://fukuyama.nrbt.net/fukuyama/company,kept
【8月7日開催】基礎力向上セミナー第9回 SNS マーケティング ...,https://nohaku-manegement.com/2026/07/23/%E3%80%908%E6%9C%887%E6%97%A5%E9%96%8B%E5%82%AC%E3%80%91%E5%9F%BA%E7%A4%8E%E5%8A%9B%E5%90%91%E4%B8%8A%E3%82%BB%E3%83%9F%E3%83%8A%E3%83%BC%E7%AC%AC9%E5%9B%9E-sns%E3%83%9E%E3%83%BC%E3%82%B1%E3%83%86/,no_address
山形県,https://dxpo.jp/real/fox/osaka25/system/product.html?supplier_id=1404&company_name=%E5%B1%B1%E5%BD%A2%E7%9C%8C,no_sns_service
サポート提供内容,https://sam-line-at.me/support/,kept
戸沢村 公式LINEアカウント,https://www.vill.tozawa.yamagata.jp/gyoseijoho/dx/line/,kept
福島 のWEB制作＆マーケティング,https://omo-design.jp/,no_company
STARS TECH,https://stars-tech.jp/media-lp/,kept
（審査結果）「令和8年度 自殺対策 SNS 相談運営業務」公募 ...,https://www.pref.fukushima.lg.jp/sec/21035c/seishinsnspropo.html,fetch_failed
Linker,https://app.linker-technology.com/,no_sns_service
PRIVACYプライバシーポリシー,https://katokan-t.co.jp/privacy-policy/,no_sns_service
SNS集客実践会,https://eki-ichi.com/event/2787/,no_company
東根市 「ようこそ果樹王国ひがしねへ」,https://www.city.higashine.yamagata.jp/,no_sns_service
企業・団体名 業務内容 連絡先,https://iwaki-sangakukan.com/wp-content/uploads/2025/10/5800cf75c934e4de3d0e4a571ef30a38.pdf,fetch_failed
【プロフィール】,https://create-lily.jimdofree.com/%E3%83%97%E3%83%AD%E3%83%95%E3%82%A3%E3%83%BC%E3%83%AB-%E5%AE%9F%E7%B8%BE%E7%B4%B9%E4%BB%8B/,no_address
スパイシーハンドレッド-,https://spicy-hundred.com/works/,kept
会津坂下町 SNS（ ソーシャルメディア ） 運用 ガイドライン 1．趣旨 ...,https://www.town.aizubange.fukushima.jp/uploaded/attachment/10720.pdf,fetch_failed
ソーシャルメディア ポリシー,https://miharukoma.com/smpolicy,no_sns_service
ソーシャルメディア,https://www.hightech.co.jp/policy/social.html,no_sns_service
山形県 信用保証協会ソーシャルメディア利用規約,https://www.ysh.or.jp/about/sns-kiyaku/,no_sns_service
いわき市 ソーシャルメディア 活用方針および 運用 ガイドライン ...,https://www.city.iwaki.lg.jp/www/contents/1001000005320/index.html,no_sns_service
福島 空港 Fukushima Airport,https://fks-ab.co.jp/social-media/,no_sns_service
石川町 LINE 公式アカウント 運用 方針,https://www.town.ishikawa.fukushima.jp/admin/a6a69be03a7e2edfd9bd2c7436b41147_1.pdf,fetch_failed
ソーシャルメディア ポリシー,https://iwakimokusan.co.jp/privacy1.html,no_sns_service
ソーシャルメディア ガイドライン,https://www.kamada.co.jp/social-media-guidelines?srsltid=AfmBOoojtmTKRQDFBr_jX_5diFBnAggbqvYtRRobZ0EVNC_8FYTVRZ-R,no_sns_service
プライバシーポリシー,https://fukushima-mpark-kokuei.jp/privacypolicy/,no_sns_service
SNS 支援業務,https://www.kaley.co.jp/snssupport,no_sns_service
ソーシャルメディア ポリシー,https://www.orac-tochigi.co.jp/social-media-policy,no_sns_service
福島 市公式X(旧Twitter),https://www.city.fukushima.fukushima.jp/soshiki/2/1001/4/6190.html,no_sns_service
Digitable 福島,https://www.fukushima-cci.or.jp/wp-content/uploads/2024/10/HP%E7%94%A8%E3%80%80DigitableTown%E7%A6%8F%E5%B3%B6_SNS%E3%83%9E%E3%83%BC%E3%82%B1%E3%83%86%E3%82%A3%E3%83%B3%E3%82%B0%EF%BC%88%E5%85%A82%E5%9B%9E%EF%BC%89.pdf,fetch_failed
運用代行 サービスページ,https://kansya-ig.hp.peraichi.com/,no_company
BrightJourney,https://brightjourney.jp/,no_company
福島 の電子書籍 » 知財ebooksfukushima ebooks 福島 イーブックス,https://fukushima-ebooks.jp/?page_id=27406,no_sns_service
LINE 活用し会員事業者の情報発信支援（白河商工会議所）,https://www.jcci.or.jp/news/news/2026/0227183500.html,no_sns_service
【 福島県 】×【料理研究家リュウジのバズレシピ】,https://hermandot.co.jp/topics/%E3%80%90%E7%A6%8F%E5%B3%B6%E7%9C%8C%E3%80%91x%E3%80%90%E6%96%99%E7%90%86%E7%A0%94%E7%A9%B6%E5%AE%B6%E3%83%AA%E3%83%A5%E3%82%A6%E3%82%B8%E3%81%AE%E3%83%90%E3%82%BA%E3%83%AC%E3%82%B7%E3%83%94/,kept
企業情報,https://f-bizsta.jp/sutafuku/company/cp0136/,kept
各種リンク,https://www.vill.otama.fukushima.jp/kurashi/rinnku/,no_sns_service
福島県 社協公式 SNS,https://www.fukushimakenshakyo.or.jp/pages/232/,no_address
ソーシャルメディア の 運用 について,https://www.ecochil-fukushima.jp/sns-operation/,no_company
田村市VC LINEアカウント運用 ポリシー,https://tamura-shakyo.or.jp/pages/144/,no_company
デジタル・IT化支援センター,https://digital-dx.sukagawacci.or.jp/,no_address
【小中学校200校募集！】令和8年度「小中学生向け 企業 見学・出前 ...,https://career-shienkikou.com/information/9183/,no_sns_service
完全招待制PRイベント,https://influencer-banpaku.com/archive/20250423.php,no_address
八女市 公式LINEアカウント,https://www.city.yame.fukuoka.jp/soshiki/3/17/1/sns/1492742231034.html,kept
福島 イノベーション・コースト構想,https://www.fipo.or.jp/,no_sns_service
TSUMUGI CREATIVE,https://uyxotfin.gensparkspace.com/,no_address
LINE での防災情報配信について,https://www.city.kitakata.fukushima.jp/site/fm-bousai/42467.html,kept
LINE公式アカウント 利用規約,https://su-shakyo.jp/line%E5%85%AC%E5%BC%8F%E3%82%A2%E3%82%AB%E3%82%A6%E3%83%B3%E3%83%88%E5%88%A9%E7%94%A8%E8%A6%8F%E7%B4%84/,no_sns_service
LINE はチラシ的 運用 にこそ効果あり,https://aqutpas.co.jp/line-richmenu-onsen-marketing/,kept
HINOME (無料で利用できる Instagram 分析ツール),https://service.hinome.app/casestudy/rocal,no_sns_service
【9/13開催】第8期第5回定例富谷塾「プロが教える！ インスタ 運用 ...,https://tomiyajuku.studio.site/posts/teirei_20250913,no_company
福島県,https://dx-fukushima.jp/digital-marketing/,fetch_failed
資料請求された時の資料 ・雰囲気、カラー ・文量,http://giver-asset.jp/wp-content/uploads/2025/12/%E3%83%80%E3%82%A6%E3%83%B3%E3%83%AD%E3%83%BC%E3%83%89%E8%B3%87%E6%96%99.pdf,fetch_failed
【 採用 特化 SNS運用 】ミスマッチゼロを目指す若者 採用 のミカタ ...,https://ikinukuhito.jp/,no_address
Web Marketing,https://keyframes.jp/marketing/,no_sns_service
インスタ グラム マーケティング,https://mikaponchan.com/category/%E3%82%A4%E3%83%B3%E3%82%B9%E3%82%BF%E3%82%B0%E3%83%A9%E3%83%A0%E3%83%9E%E3%83%BC%E3%82%B1%E3%83%86%E3%82%A3%E3%83%B3%E3%82%B0/,no_address
COMPANY,https://www.headroom.jp/company/,kept
エシカルいばらきWEB 広告 掲載,https://joyns.biz/works/e9wc4z4jra5/,kept
山形県 様,https://polyglot-link.co.jp/case/case03/,kept
お問い合わせ,https://adesign.jp/contact/,kept
SNS広告 運,https://nissenpartners.co.jp/service/ad/sns/,kept
ソーシャルネットワーキングサービス（ SNS ）,https://www.pref.ibaraki.jp/koho/koho/sns/index.html,no_sns_service
【5/15無料セミナー開催 ！】 instagram を活用した、今やるべき ...,https://beyond-global.jp/news/%E3%80%905-15%E7%84%A1%E6%96%99%E3%82%BB%E3%83%9F%E3%83%8A%E3%83%BC%E9%96%8B%E5%82%AC-%EF%BC%81%E3%80%91instagram%E3%82%92%E6%B4%BB%E7%94%A8%E3%81%97%E3%81%9F%E3%80%81%E4%BB%8A%E3%82%84%E3%82%8B/,kept
お知らせ,https://www.market-c.co.jp/category/news,no_sns_service
【 SNS運用代行 】地域密着の塗装・リフォーム事業を広げる広報 ...,https://o-tanomi.jp/items/14444,no_address
アディッシュプラスについて,https://www.sns.adishplus.co.jp/aboutadsp/,fetch_failed
取手市 ソーシャルメディア 活用方針,https://www.city.toride.ibaraki.jp/miryoku/shise/kohokocho/homepage/katsuyohoshin.html,no_sns_service
会社 案内,https://budby.co.jp/company/,kept
社会福祉法人 茨城県 社会福祉協議会公式 「茨城県内の生活支援 ...,https://www.ibaraki-welfare.or.jp/home/wp-content/uploads/2022/08/74cd1beda46457e34251b6a978ab680a-1.pdf,fetch_failed
ソーシャルメディア ポリシー,https://www.ut-g.co.jp/ut-hites/social_media_policy/,no_sns_service
T・Aサービス,https://idea-ep.com/hp-creation/works/t%E3%83%BBa%E3%82%B5%E3%83%BC%E3%83%93%E3%82%B9/,kept
GMO TECH、 福島県 ローカルアンバサダー事業に採択,https://group.gmo/news/article/9999/,no_sns_service
SNS などを使用した費用対効果の高いWEB 広告 代行を承ります。,https://net-cross.com/business/sns/,kept
ソーシャルメディア ポリシー,https://www.medicalsystem.co.jp/social/,no_sns_service
北海道エアポート（株）及び（公財） 茨城県 開発公社の旅客取扱 ...,https://www.mlit.go.jp/report/press/kouku05_hh_000246.html,no_sns_service
ソーシャルメディア ポリシー,https://www.healthcare.omron.co.jp/mediapolicy.html,fetch_failed
ソーシャルメディア ポリシー,https://www.sekisho.co.jp/media-policy,no_sns_service
群馬県企業局YouTube 運用 方針,https://www.pref.gunma.jp/page/12060.html,kept
株式会社あおい商事,https://aoi-shoji.jp/,no_address
ソーシャルメディア ガイドライン,https://www.koyama-mh.or.jp/smg/,no_sns_service
SNS事業,https://essence-lab.jp/business/sns.html,kept
コンサルティング（集客・販促）,https://www.hypermedia-marketing.com/consulting/,no_address
Youtube 動画制作・ 運用代行,https://seikohsya.co.jp/service/youtube/,kept
デジタルコンテンツ事業,https://www.connect-and-y.com/digital-content,kept
【ホームページ 運用代行 】マジカルハンド株式会社,https://magicalhand.co.jp/dc/,no_address
茨城県 でLINE公式アカウントの導入支援,https://www.saleslab.page/line,kept
LINE @,https://iandi-sp.jp/line,kept
泉崎村公式フェイスブックページ 運用 方針,https://www.vill.izumizaki.fukushima.jp/gyosei/facebook/page000557.html,no_sns_service
笠間市 公式LINEアカウント を開設しました,https://www.city.kasama.lg.jp/sp/page/page011608.html,no_company
エンジョイおそうじサポートの LINE公式アカウント,https://www.enjoy-osouji.com/line.html,no_sns_service
LINE公式アカウント の既存機能をフルに活用した店舗集客,https://line-madoguchi.com/works7/,no_sns_service
TUKADAさんのプロフィール,https://app.shufti.jp/users/profile/641108,no_sns_service
ayoshimura (yoshi_studio),https://www.lancers.jp/profile/yoshi_studio?srsltid=AfmBOoo0QrwReaCGI17bET3iCC6Sp0Ohdd-nOZm7lucu8wAYdZ6h4NsU,blocked_host
トヨペット LINE公式アカウント,https://www.ibaraki-toyopet.co.jp/SNS/line,no_sns_service
茨城県 「いばらき子どもSNS相談」受付対応業務を受託,https://www.adish.co.jp/news/20230425_adsp/,no_sns_service
石川で YouTube運用 するならTScreate(ティースクリエイト)にお任せ ...,https://tscreate-office.jp/youtube/20260323144939/,no_company
できること,https://ainosekai.com/service.html,no_company
茨城 県内企業の Instagram UGC活用支援を強化,https://embedsocial.jp/blog/embedsocial-itech/,kept
LINE公式アカウント の制作 代行 を始めました！,https://www.blog.nak-ts.com/archives/2098,no_sns_service
株式 会社 Genie,https://genie-inc.net/,kept
高度外国人材関心企業株式 会社 Okwi,https://www.jetro.go.jp/hrportal/company/detail/101219.html,no_sns_service
ABOUT,https://n-wd.net/about/,no_company
【栃木県小山市】田村写真館様「年間宣伝費の管理,https://www.akebono-print.co.jp/case/tenshinomori/,kept
つくばみらい市 LINE公式アカウント を開設しました,https://www.city.tsukubamirai.lg.jp/jyumin/soudan-service/page006178.html,kept
会社概要,https://onehope.co.jp/about/,no_address
第5回参加企業資料,https://www.gkk.shizuoka.ac.jp/wordpress/wp-content/uploads/%E7%AC%AC5%E5%9B%9E%E5%8F%82%E5%8A%A0%E4%BC%81%E6%A5%AD%E8%B3%87%E6%96%99.pdf,fetch_failed
TAICHI,https://motolifez.site/portfolio,no_address
採用 に SNS を積極活用し大きな成果! 古河病院広報委員会,https://www.tokushukai.or.jp/media/newspaper/article.php?newspaper_number=1529&article=1&number=3,no_company
令和4年度「だんだん複業団」報告書別添資料 （都市部人材デュアル ...,https://www.city.matsuyama.ehime.jp/kurashi/sangyo/chusyoukigyou/dual_itaku.files/R4dandangaiyou.pdf,fetch_failed
WEBマーケティング,https://angel-holdings.com/service/web-marketing/,kept
ディスカバー栃木,https://discover-tochigi.com/,no_sns_service
中途 採用 情報,https://www.mokusei-grp.jp/pages/198/,no_sns_service
令和7(2025)年度とちぎの仕事魅力発信デジタル ...,https://www.pref.tochigi.lg.jp/a01/shigotomiryoku/r7shigotomiryoku-kekka.html,no_sns_service
講師実績,https://pc-mito.com/koushi/,no_sns_service
おりいろ,https://oriiro.design/,no_company
市 公式LINE デジタル窓口開設,https://www.city.chikusei.lg.jp/gyousei/gyousei-news/page012750.html,no_sns_service
各種アウトソーシング事業を展開してます。,https://ys-grp-coma.com/media_terms,no_sns_service
第3回 Instagram は「売る場所」ではない,https://www.zeirishihayashi.com/%E7%AC%AC3%E5%9B%9E-instagram%E3%81%AF%E3%80%8C%E5%A3%B2%E3%82%8B%E5%A0%B4%E6%89%80%E3%80%8D%E3%81%A7%E3%81%AF%E3%81%AA%E3%81%84/,no_sns_service
個人情報保護方針・サイトポリシー,https://www.tochimarukun.jp/policy/,no_company
ソーシャルメディア ポリシー,http://www.tochiraku.or.jp/social-policy,no_sns_service
デジタルハリウッドSTUDIO宇都宮 2022年3月開校,https://www.dhw.co.jp/press-release/20211220_studio_utsunomiya/,no_address
SNS 運用 方針,https://www.sanokiko.co.jp/operation-policy/,kept
栃木県 の導入状況について,https://www.i-sus.com/use/tochigi/tochigi/donyu/index.html,fetch_failed
ソーシャルメディア ポリシー,https://www.nasuhai.co.jp/sm_policy/,kept
ソーシャルメディア ポリシー,https://ygood.jp/social_media_policy/,no_sns_service
ソーシャルメディア の取り組みについて,https://ta-k.co.jp/wp/sns/,no_sns_service
ソーシャルメディア ポリシー・ガイドライン,https://magonote-inc.jp/socialmedia/,no_sns_service
会員 企業,https://www.tisia.or.jp/companies/,kept
【Instagram】 SNS運用代行 の営業代行事例,https://kawai-shoji.com/work/afx/,no_address
SNS 公式アカウント 運用 ポリシー,https://www.cgc-tochigi.or.jp/sns-policy,no_company
2代目ヤス,https://www.threads.com/@mochipapa2022?hl=ja,no_sns_service
株式 会社 Curiver,https://curama.jp/391954099/,no_sns_service
サービス,https://curiver.com/service/,kept
LINE で情報発信！！,https://www.city.kanuma.tochigi.jp/0528/info-0000009802-0.html,no_sns_service
栃木県 宅建協会 LINE公式アカウント はじめました,https://www.tochitaku.or.jp/%E6%A0%83%E6%9C%A8%E7%9C%8C%E5%AE%85%E5%BB%BA%E5%8D%94%E4%BC%9Aline%E5%85%AC%E5%BC%8F%E3%82%A2%E3%82%AB%E3%82%A6%E3%83%B3%E3%83%88%E3%81%AF%E3%81%98%E3%82%81%E3%81%BE%E3%81%97%E3%81%9F/,no_sns_service
溝口みき,https://pochiplus.com/,no_address
portfolio,https://xs347679.xsrv.jp/portfolio/,fetch_failed
SNS広告,https://amplan.jp/blog/SNS%E5%BA%83%E5%91%8A/,kept
栃木県 の 動画,https://jmty.jp/tochigi/ser-oth-kw-%E5%8B%95%E7%94%BB?srsltid=AfmBOor3fiiKcMy69aP_GIrFIc5Qpdi5KlPPmGaPeiSXc3e-0mKenZbx,no_address
建築映像制作・インタビュー 動画 撮影,https://www.kenchiku.photo/price/kenchikueizou.html,kept
香西 修吾 / Shugo Kozai lit.link,https://lit.link/shugokozai,no_address
たあまな,https://www.localink.co.jp/influencer/taamana/,no_address
リンシャン（RINSHAN）: 群馬の映像制作・YouTube 運用代行,https://rinshan.jp/,no_address
サービスのご紹介,https://tetsukabiz.com/service0,no_company
那須烏山市 LINE公式アカウント 機能のご紹介,https://www.city.nasukarasuyama.lg.jp/city-administration/nasukara-sns/line/page006626.html,no_company
インスタ 投稿キャンペーン,https://www.3c-kyoukai.jp/insta_campaign/,no_sns_service
Tonet LinkのWebサイト,https://tonetlink.jp/about,no_sns_service
4月,https://mashikolabo.com/2026/04/,no_sns_service
デジタル マーケティング を活用したとちぎの暮らし・仕事魅力発信 ...,https://dx-navi.soumu.go.jp/case/pdfcase072,no_sns_service
SNS 運用 ポリシー,https://www.nogi-shakyo.or.jp/sp/page/page000131.html,no_company
『サルのパンや』メニュー紹介！vol.2,https://twin-monkey0208.com/menyu_vol-2/,no_company
内山 飛翔,https://www.gcis.or.jp/expert/id6044/,kept
SEO対策,https://www.d-ic.com/blog/tags/seo%E5%AF%BE%E7%AD%96,kept
群馬 県立伊勢崎興陽高等学校 SNS 運用 方針,https://koyo-hs.gsn.ed.jp/wysiwyg/file/download/1/900,fetch_failed
広告運用,https://blog.affexion.jp/tags/%E5%BA%83%E5%91%8A%E9%81%8B%E7%94%A8/,kept
茨城県 主催「自営型テレワーカー養成講座」受講者募集中,https://www.city.itako.lg.jp/shisei/kei-sen-sankaku/danjyo/danjyo-info/page007817.html,kept
採用情報,https://ryoshitu-webline.com/recruit,fetch_failed
Instagram のアカウントをPCで作る方法,https://webcons.insource.co.jp/staff-blog/10253/,no_address
ソーシャルメディア運用 ポリシー,https://www.gunmahino.co.jp/SocialMedia/policy.html,no_sns_service
群馬県 総合教育センター公式 Instagram アカウント 運用 方針,https://center.gsn.ed.jp/wysiwyg/file/download/1/18244,fetch_failed
前橋市 ソーシャルメディア の利用に関するガイドライン,https://www.city.maebashi.gunma.jp/soshiki/seisaku/johoseisaku/gyomu/1/3358.html,no_sns_service
プロフェッショナル人材戦略拠点,https://www.g-inf.or.jp/html/professional_001.html,fetch_failed
05 「Time Echoes」 群馬県 高崎市 丸善第一ビル,https://ttv.jeki.co.jp/sotobi/backnumber/05/,no_sns_service
全量純米蔵を目指す会,https://www.zenryojunmaikura.jp/,no_sns_service
SNSマーケティング,https://alsis.co.jp/service/marketing/sns-marketing/,kept
potete,https://potete.jp/,no_company
Facebook広告・Instagram広告 運用代行,https://karakaze.com/koukoku/sns/,kept
関東,https://socialize.blog/area/kanto/,kept
SNS運用 セミナー（2025/05/09）,https://33gaku.jp/events/event/sns%E9%81%8B%E7%94%A8%E3%82%BB%E3%83%9F%E3%83%8A%E3%83%BC%EF%BC%882025-05-09%EF%BC%89/,no_company
群馬 大学 SNS 公式アカウント,https://www.gunma-u.ac.jp/outline/out009/sns,no_sns_service
ソーシャルメディア ポリシー,https://www.sunvertex.co.jp/social-media-policy.html,no_sns_service
群馬県 福祉人材センター 公式Instagram開設しました！,https://www.g-shakyo.or.jp/news/58649.html,no_company
株式会社シーラストの 企業 ・会社ホームページ制作の料金・評判 ...,https://meetsmore.com/p/Zd13Fig8-Lv4PmCo/corporate-website-development,no_address
ギークスデザイン: 群馬県 のホームページ制作 会社,https://geeks-design.co.jp/,kept
自治体EPS,https://e-ps.jp/,no_sns_service
スマートフォン( LINE )による予約方法,https://www.vill.showa.gunma.jp/kurashi/news/coronavirus/files/01/lineyoyaku.pdf,fetch_failed
群馬県,https://www.seibu-la.co.jp/works-prefectures/gunma/,no_sns_service
ホームページ・ LINE公式アカウント で販売促進,https://gunma-line.mac-agency.com/,no_sns_service
注文がどんどん入ってくる！ LINE チャットボットシステム,https://wataraseapp.net/,no_sns_service
LINE公式アカウント運用 支援,https://t2c-inc.com/service/sns/line/,kept
SNS マーケティング 事業,http://sunlion-llc.com/?page_id=23,no_address
LINE から無料相談ご予約受付中！,https://www.takasaki-jiko.net/line,no_sns_service
LINE アーカイブ,https://famione.co.jp/tag/line/page/2/,no_sns_service
今使える無料特典あり【 SNS運用 】 競合と差をつける！ターゲット ...,https://kokohareru-film.com/sns-sales-strategy02/,no_address
株式 会社 Amber brown,https://amberbrown.co.jp/,kept
公式 Instagram はじめました,https://fuji-miyazu.co.jp/%E5%85%AC%E5%BC%8Finstagram%E3%81%AF%E3%81%98%E3%82%81%E3%81%BE%E3%81%97%E3%81%9F/,no_sns_service
石田 翔大のプロフィール,https://youtrust.jp/users/shota_ishida,no_sns_service
群馬県 様,https://nokid.jp/works/13120,kept
【募集終了】令和8年度 埼玉 移住 広告 ・ SNS プロモーション業務 企画 ...,https://www.pref.saitama.lg.jp/a0106/r8promotion.html,no_sns_service
サービス紹介,https://geeks-design.com/service/,kept
MetaGate株式 会社 の共創プロフィール,https://auba.eiicon.net/projects/33729,no_sns_service
ONEDAYS Inc.,https://onedays.co.jp/,kept
ゼロから始めるWeb集客！企業のためのWebマーケティング基礎講座,https://sipc-m.jp/seminar/info.php?id=1435,no_sns_service
SNS運用代行 は、撮影やバナー制作だけ依頼することもできますか？,https://connect-design.biz/news/sns%E9%81%8B%E7%94%A8%E4%BB%A3%E8%A1%8C%E3%81%AF%E3%80%81%E6%92%AE%E5%BD%B1%E3%82%84%E3%83%90%E3%83%8A%E3%83%BC%E5%88%B6%E4%BD%9C%E3%81%A0%E3%81%91%E4%BE%9D%E9%A0%BC%E3%81%99%E3%82%8B%E3%81%93/,kept
メディア アーカイブ,https://frontman.co.jp/media/,no_address
サービス案内,https://www.glowbera.jp/?page_id=9,kept
人材・ 広告会社 のWEBサイト制作,https://sun3shower.jp/works/d-connect,no_address
事業所案内,https://hanata-c-o.com/offices-access/,no_address
サービスの差別化で販路拡大を図りたい事業者さま必見！モバイル ...,https://www.kanaisj.com/forbusiness/,no_sns_service
埼玉 県立文書館 ソーシャルメディア 利用規約 （趣旨） 第 1 条 本利用 ...,https://monjo.spec.ed.jp/wysiwyg/file/download/1/2796,fetch_failed
埼玉県 条例によるGHG年度排出量等検証のお見積り、申請書式,https://www.jtccm.or.jp/download/certification-ghg,no_sns_service
ソーシャルメディア ポリシー,https://kanto-t.jp/aboutus/socialmediapolicy/,no_sns_service
ソーシャルメディア のガイドライン・ 運用 ポリシー,https://www.kumasou.or.jp/sns,no_sns_service
ソーシャルメディア ポリシー,https://towa-arks.co.jp/social/,no_sns_service
埼玉県 老人福祉施設協議会公式 Facebook 運用 方針,https://saitama-rsk.or.jp/wp-content/themes/SRFSK/assets/pdf/facebook_policy.pdf,fetch_failed
サイトポリシー,https://stib.jp/sitepolicy/,no_sns_service
サイトポリシー,https://amlab.co.jp/site-policy.php,kept
株式 会社 桜井流通センター,https://sakurairc.jp/snspolicy,no_sns_service
ソーシャルメディア ポリシー,https://et-ge-tokorozawa.com/socialmediapolicy/,no_sns_service
ネット 広告,https://www.hy-b.co.jp/service/internet/,kept
埼玉 でのマーケティング/ SNS運用 スキルを活かせるボランティア募集,https://activo.jp/saitama/marketing_sns_operation,no_address
埼玉 の 広告 代理店なら専門性と実行力の株式 会社 元倶楽部,https://moto-club.jp/,kept
ソーシャルメディア マーケティング,https://ad-asahi.jp/%E3%82%BD%E3%83%BC%E3%82%B7%E3%83%A3%E3%83%AB%E3%83%A1%E3%83%87%E3%82%A3%E3%82%A2%E3%83%9E%E3%83%BC%E3%82%B1%E3%83%86%E3%82%A3%E3%83%B3%E3%82%B0/,no_sns_service
トゥエルブ 埼玉県 近郊 企業 様の強い味方 Webサイト更新・ SNS 更新 ...,https://twelveinc.co.jp/,no_sns_service
ウェブ マーケティング,https://best-day.net/service/web-marketing/,no_company
株式 会社 DIOのインターンシップ・企業情報,https://www.in-fra.jp/long-internships/companies/4206,fetch_failed
会社概要,https://mediad.jp/%E4%BC%9A%E7%A4%BE%E6%A6%82%E8%A6%81/,kept
動画×WEB プロモーション 代行 サービス「＃まるプロ」,https://www.sozo-saitama.or.jp/sozowp/wp-content/uploads/2023/01/%E3%83%9B%E3%83%BC%E3%83%97%E3%83%95%E3%82%A3%E3%83%AB%E3%83%A0%E3%82%BA%E3%80%80%E3%83%97%E3%83%AC%E3%82%B9%E3%83%AA%E3%83%AA%E3%83%BC%E3%82%B9.pdf,fetch_failed
SNS運用 ポリシー,https://chocotabi-saitama.jp/business/snsprivacy/,kept
会社 概要,https://www.ziaspromotion.co.jp/company/,kept
動画関連ー YouTube チャンネル 運用代行,https://okadasys.com/movie/,kept
LINBECK – 埼玉県 のLステップ正規代理店LINBECK(リンベック ...,https://linbeck-llc.com/,no_address
SNS代行 ・ 運用 ・使い方レクチャー・相談,https://manaraku.net/sns%E4%BB%A3%E8%A1%8C%E3%83%BB%E9%81%8B%E7%94%A8%E3%83%BB%E4%BD%BF%E3%81%84%E6%96%B9%E3%83%AC%E3%82%AF%E3%83%81%E3%83%A3%E3%83%BC%E3%83%BB%E7%9B%B8%E8%AB%87/,no_sns_service
三郷市 公式LINE （ライン）,https://www.city.misato.lg.jp/soshiki/kikakuseisakubu/kohokocho/5/10984.html,no_sns_service
「小川町 公式LINE 」で町の情報をお届け！,https://www.town.ogawa.saitama.jp/gyosei/sosiki/2/8/5283.html,no_sns_service
埼玉県 中小 企業 診断協会,https://sai-smeca.com/,no_sns_service
YKD株式 会社,https://www.zehitomo.com/profile/ykd%E6%A0%AA%E5%BC%8F%E4%BC%9A%E7%A4%BE-GinoRG4_X/pro,kept
国・県などの事業者向け支援について,https://www.city.fukaya.saitama.jp/soshiki/sangyoshinko/shokoshinkou/tanto/shokogyo/shokogyoshaenosien/18711.html,no_sns_service
本サイトのご利用にあたって,https://hwus.jp/notice,no_sns_service
「 埼玉県LINE コロナお知らせシステム」のご案内,https://www.koshigaya-cci.or.jp/newsdetail.php?category=topics&id=440,no_sns_service
所沢市 LINE公式アカウント,https://www.city.tokorozawa.saitama.jp/kenko/kenkoiryo/covid19/vaccine/LINE_OfficialAccount.html,kept
Webサイト,https://wca11.net/website-2/,kept
東京・ 埼玉動画 制作工房SOU,https://www.sou-inc.co.jp/tokodo/,no_sns_service
新卒総合職 募集要項,https://recruit.rehas.co.jp/new-graduates/recruit/27_new-guraduate,no_sns_service
株式会社キューブコンサルティング,https://lp.hokenou.co.jp/recruit/about,no_sns_service
SNS運用 方針,https://www.fukushi-saitama.or.jp/site/content_5.html,no_company
株式 会社 COMPANY – 埼玉県 草加市の各種デザイン・ホームページ ...,https://company-soka.com/,kept
運営会社,https://rikusabu.jp/company/,kept
Instagram フォロワー数を20倍にし無料で集客が倍増した 埼玉県 A社,https://knowful.jp/2022/03/06/7689/,kept
SNS広告運用 代行(Facebook、Instagram、Twitter、LINE、TikTok),https://digitalift.co.jp/contents/advertising-agency/sns/,fetch_failed
株式 会社 スズナル,https://sigma-biz.jp/corporate/11091,no_address
Company – コエレル,https://koereru.com/company,no_address
ホームページ・ LINE公式アカウント で販売促進,https://saitama-line.mac-agency.com/,no_sns_service
SNS運用 ポリシー,https://www.kuste.jp/guide/snspolicy.html,kept
SNS運用 （X、Instagram）をはじめました。,https://okita-office.com/news/sns%E9%81%8B%E7%94%A8%EF%BC%88x%E3%80%81instagram%EF%BC%89%E3%82%92%E3%81%AF%E3%81%98%E3%82%81%E3%81%BE%E3%81%97%E3%81%9F%E3%80%82/,kept
(株)パレンテの先輩情報,https://job.mynavi.jp/27/pc/search/corp269926/obog26037634/obog.html,no_address
株式 会社 モビリィ コーポレートサイト,https://mobily.co.jp/about,no_sns_service
ABOUT 私たちについて,https://renumber.co.jp/company/,kept
ソーシャルメディア アカウント（Facebook）,https://www.pref.chiba.lg.jp/kouhou/homepage/socialmedia-fb.html,no_address
Web集客始めます課:,https://webshukyaku.jp/,no_company
Instagram 運用,https://www.officeforyou-kk.com/service/instagram-operation,no_sns_service
船橋市 ソーシャルメディア運用 ポリシー,https://www.city.funabashi.lg.jp/shisei/kouhou/002/p103062.html,no_sns_service
ソーシャルメディア ポリシー – カンドゥー[Kandu]大日,https://www.kandu.co.jp/dainichi/sns/,no_sns_service
ソーシャルメディア ポリシー,https://www.chibasubaru.com/corporate/socialmediapolicy.html,no_sns_service
ソーシャルメディア ガイドライン,https://kimallus.com/newsocialmedia-guidelines,no_sns_service
WEBページ見てみて相談,https://chibayorozu.go.jp/web_soudan/,kept
柏市の ソーシャルメディア,https://www.city.kashiwa.lg.jp/kohokocho/koho/tool/sns.html,no_sns_service
ソーシャルメディア運用 ポリシー,https://www.tokyubus.co.jp/social.html,no_sns_service
ソーシャルメディア運用 ポリシー,https://www.mkanto-hino.co.jp/sns-policy/,no_sns_service
ソーシャルメディア ポリシー,https://www.isgnet.jp/social-media/,no_sns_service
ソーシャルメディア ポリシー／個人情報保護の基本方針,https://www.sambanze.jp/policy.html,no_sns_service
SNS運用 代行,https://chibaschoolstudio.jp/sns,kept
動画制作・映像制作なら合同 会社 オリンパス,https://studio-olympus.com/,kept
プロデューサー／コミュニティマネージャー紹介,https://chibakoho.jp/producer/,no_address
公式 SNS運用 方針,https://seishinkai.or.jp/sns/,no_company
経営デジタル化推進オフィス,https://office-yasui.com/,no_sns_service
ソーシャルメディア ポリシー,https://www.cac-cosme.com/smp/,no_sns_service
ソーシャルメディア ポリシー,https://www.daihatsu-chiba.co.jp/socialpolicy,no_sns_service
YouTube チャンネル運営者様からのご依頼,https://metagame.support/business-achievement/short-video-production/,no_address
会社 概要,https://bver.jp/company/,no_address
クリニック向け LINE公式アカウント運用 サポート,https://lp.caloo.jp/line/,kept
運営 会社,https://y-lab.work/about/,no_address
東金市 LINE公式アカウント ～あなたのスマホと東金市が「つながる」,https://www.city.togane.chiba.jp/0000008640.html,no_sns_service
LINE公式アカウント 構築・ 運用 支援,https://www.haruiroai.co/services/line/,no_company
我孫子市 LINE公式アカウント,https://www.city.abiko.chiba.jp/shisei/kouhou/line.html,fetch_failed
Grow Follower,http://www.hoyo-data.co.jp/growfollower/,no_sns_service
木更津市 公式LINEアカウント,https://www.city.kisarazu.lg.jp/soshiki/kikaku/citypromotion/1/4402.html,no_sns_service
松戸市 公式LINE,https://www.city.matsudo.chiba.jp/shisei/matsudo_kouhou/officialsns/line.html,no_sns_service
サービス内容,https://sh-ort.co.jp/service/,no_address
埼玉県LINE公式アカウント 「埼玉県庁」,https://www.city.tsurugashima.lg.jp/kurashi-tetsuduki/anshin-anzen/bousai-kishou/jyouhou-shutoku/page009711.html,no_sns_service
LINE運用代行,https://design-engineering.co.jp/service_category/line/,kept
習志野市 LINE公式アカウント で市から情報を発信しています,https://www.city.narashino.lg.jp/soshiki/digital/gyomu/denshi_jichitai/narashinoline/20721.html,no_sns_service
SERVICE,https://www.ultra-will.com/service-1,no_address
千葉県 広報研究会が Instagramマーケティング セミナーを開催、最新 ...,https://xexeq.jp/blogs/media/topics43398,no_sns_service
株式 会社 IXMILE,https://ixmile.jp/2024/07/08/%E6%A0%AA%E5%BC%8F%E4%BC%9A%E7%A4%BEainak%E3%81%A8%E3%81%AE%E9%80%A3%E6%90%BA%E9%96%8B%E5%A7%8B/,kept
千葉県 のホームページ制作,https://cantik.co.jp/areas/chiba/,kept
自動車業界・マリン業界向け LINE公式アカウント の正規代理店,https://www.wintel.jp/line/,no_sns_service
SNS広告運用 代行,https://www.bad-corp.com/sns.html,no_address
新入会員社紹介,https://www.tokyo-ad.or.jp/activity/publication/2604newmember02.html,no_address
ソーシャルメディア ポリシー,https://www.shigotozaidan.or.jp/social/,no_sns_service
ソーシャルメディア ・オウンドメディアポリシー,https://www.ccast-inc.com/socialmedia-policy/,no_sns_service
Web・ SNS広告運用 担当,https://corp.shirokumapower.com/recruit/recruiting0819/2406_digital_marketing_00048,fetch_failed
ソーシャルメディア ポリシー,https://www.t-i-forum.co.jp/company/social/,no_sns_service
ソーシャルメディア運用 方針,https://www.wing2x4.co.jp/social-media-policy,no_sns_service
web 広告運用,https://tokyogate.co.jp/service/web-advertising/,kept
ソーシャルメディア ポリシー,https://www.sanro.co.jp/company/cc10959.html,no_sns_service
東京 せんでん,https://www.tokyosenden.com/services/sns,kept
ソーシャルメディア ポリシーについて,https://pxc.co.jp/socialmedia-policy,kept
ソーシャルメディア ポリシー,https://www.shimizu-kouen.com/public_socialmedia-policy,no_sns_service
ソーシャルメディア ポリシー,https://www.tokyoeki-1bangai.co.jp/sns/,no_sns_service
公式アカウント 運用 ポリシー,https://www.tokyotobs.co.jp/operationalpolicy/,fetch_failed
農林水産省 ソーシャルメディア運用 方針,https://www.maff.go.jp/j/pr/social_media/policy.html,no_sns_service
SNS広告運用 コンサルタント,https://recruit-fullspeed.com/career/adoperation-consultant/,no_address
ソーシャルメディア 利用規約,https://www.toshokushin.co.jp/policy/sns.html,no_sns_service
板橋区公式インスタグラム 運用 ポリシー別紙,https://www.city.itabashi.tokyo.jp/_res/projects/default_project/_page_/001/016/221/policy_r5.pdf,fetch_failed
ソーシャルメディア運用 ポリシー,https://www.hino-cs.com/privacy-social/,no_sns_service
ソーシャルメディア運用 ガイドライン,https://sugiko-welfare.com/pages/211/,no_sns_service
SNS運用 代行,https://wacul.co.jp/service/sns-support,kept
SNS運用代行 の費用は 東京 でいくら？相場と選び方,https://noktoa.com/lp/sns-unyo-daiko-tokyo-hiyo/,no_contact
Web マーケティング 支援,https://cbmnet.co.jp/category/information/web%E3%83%9E%E3%83%BC%E3%82%B1%E3%83%86%E3%82%A3%E3%83%B3%E3%82%B0%E6%94%AF%E6%8F%B4/,kept
会社概要,https://wonderforesight.com/%E4%BC%9A%E7%A4%BE%E6%A6%82%E8%A6%81/,kept
SNS運用代行,https://www.plf-entertainment.com/sns-proxy-operation,kept
ソーシャルメディア ポリシー,https://www.mitra.co.jp/social-policy/,no_sns_service
YouTube マーケティング（ YouTube運用代行 ・動画制作）,https://tuuube.jp/service/youtube_marketing/,kept
【 YouTube ×不動産】不動産業界特化の YouTube運用代行 サービスを ...,https://nitaco.jp/news/youtube-20200615/,kept
ソーシャルメディア運用 方針,https://www.ghc-j.com/corporate_1/social_media-policy/,no_sns_service
YouTube運用代行,https://stokedbase.jp/service/youtube/,kept
採用特化型 SNS運用代行 事業,https://cross-over.co.jp/servicelist/scouting/,kept
Company,https://matworks.co.jp/company/,no_address
YouTube チャンネルの 運用代行,https://kenjins.jp/corp/detail/1625,no_address
YouTube運用代行 なら株式 会社東京 写真工房にお任せください！,https://tokyo-shashin-kobo.jp/video_production/lp14/,kept
公式SNSポリシー,https://www.tokyowater.co.jp/sns/,kept
ソーシャルメディア ポリシー,https://www.tkao.com/socialmedia/,no_sns_service
LINE公式アカウント 活用セミナー ～顧客獲得の効率的な LINE運用 ...,https://startup-station.jp/eventseminar/TAA0103?event_id=E000103257,no_address
東京都 LINE 公式アカウント 「新型コロナ対策パーソナルサポート ...,https://www.hokeniryo.metro.tokyo.lg.jp/documents/d/hokeniryo/covidpersonalsupportline-pdf,fetch_failed
弊社の YouTube運用代行 サービスが紹介されました。,https://xcuu.jp/news/forsons/,kept
株式会社Anvery（団体ID：1421275072）,https://fields.canpan.info/organization/detail/1421275072,kept
L-SUPPORT GENIUS,https://webridge.co.jp/l-support/,kept
総合ネットセキュリティ企業イー・ガーディアン、 LINE公式 ...,https://www.e-guardian.co.jp/info/2016/0713.html,kept
YouTube運用代行,https://webma.xscore.co.jp/document/youtube-service/,kept
LINE公式アカウント 運用代行,https://www.another-staff.ne.jp/service/line,no_address
LINE が認定するパートナーとして「 LINE公式アカウント 」の 運用 ...,https://www.koukoku.jp/release/20210208/,kept
株式 会社 Xstagram,https://xstagram.co.jp/,no_address
Z世代・新卒採用特化の ショート動画 制作,https://sns-recruit.initialsite.com/rikumo/,kept
ソーシャルメディア ポリシー,https://www.tmu.ac.jp/social_media.html,no_company
LINE を用いた採用管理ツール“HR PRIME”,https://hr-prime.jp/,no_sns_service
合同 会社 LinkUPのページ,https://remember.tokyo/users/abe1234,no_address
株式 会社 ROC、書籍「新・ Instagramマーケティング 解体新書〜なぜ ...,https://www.ymir.co.jp/info/roc730.html,no_address
専門領域に強いSNS 運用代行 ・ ショート動画 制作 会社 丨株式 会社 ...,https://solezore.co.jp/privacy,kept
在宅避難を当たり前にする！ LINE公式アカウント運用 設計,https://grant.community/projects/1568,no_company
SNS マーケティング,https://i-lemon.jp/service/detail/sns,no_address
Instagramマーケティング セミナー,https://www.socialpitt.com/seminar/20230612,no_sns_service
SNS,https://fizjapan.com/works/sns/,kept
株式 会社 AirSol,https://www.content-tokyo.jp/tokyo/ja-jp/search/2026con0407/directory/directory-details.org-90fab742-05a8-4703-b59b-1eeebfb94c95.html,no_sns_service
エスドリ,https://esdori.co.jp/,no_address
SNS運用 サポート,https://www.tbp.co.jp/snslp/,kept
広報・ SNS運用 科,https://mtkr-career.com/parent/sns/,no_company
東京都 が推進するDXについて,https://www.digital-recruit.metro.tokyo.lg.jp/mission/,no_sns_service
保育園の 採用 ・集客につながる SNS運用 支援,https://cumcreate-sns.hp.peraichi.com/,kept
企業 SNS運用,https://hure-design.com/hure-creative/creative4/,kept
Instagram 広告運用代行は少額から始められるTONOSAMA,https://tono-webmarketing.com/instagram/,kept
神奈川県 リスキリング人材育成事業,http://www.pref.kanagawa.jp/osirase/0606/dx-reskilling/report/marketing_2024/,kept
横浜のリスティング 広告 の 運用 代行なら株式 会社 ストライプ,https://www.stripe.stripe.mixh.jp/,no_sns_service
SNS広告 運用 代行,https://www.art-works-ad.com/service/sns/,fetch_failed
SNS採用 支援サービス,https://jrsys.jp/sns-support/,kept
会社 概要,https://forcle.co.jp/about/company/,kept
運用代行,https://line-rs.co.jp/sns/,kept
会社 案内,https://www.kazmia.jp/about/,kept
ソーシャルメディア ポリシーについて,https://www.chuman.co.jp/effort/sns.html,no_sns_service
Web 広告 アドプランナー,https://kurokawaandco.jp/recruit/core/ad-planner,kept
ソーシャルメディア ポリシー,https://totsuka.hall-info.jp/smpolicy.html,no_sns_service
ソーシャルメディア ポリシー,https://www.kanagawa-kyoritz.co.jp/socialmediapolicy.html,no_sns_service
SNS 運用 ポリシー,https://saiwai-ichiba.jp/sns-policy/,kept
株式 会社 ドリームプランニング ソーシャルメディア ポリシー,https://dream-plan.com/social-media-policy/,no_sns_service
オンラインアシスタントサービスの提供開始！【先ずは無料相談】,https://whoever.co.jp/news/fz7Ij85K,no_sns_service
中国 SNS運用代行 サービス,https://mpress.jp/agent/,kept
ソーシャルメディア ポリシーSocialmedia Policy,https://grant-stars.com/socialmediapolicy.html,no_sns_service
ソーシャルメディア ポリシー,https://www.sotetsu.co.jp/socialmedia-policy/,no_sns_service
ソーシャルメディア ポリシー,https://yokohama-nohgakudou.org/mediapolicy/,no_sns_service
ソーシャルメディア運用 規定,https://sagamiono-rh.jp/social_media/,no_sns_service
八重椿グループ ソーシャルメディア ポリシー,https://feel2002.co.jp/info/social.html,no_sns_service
真鶴町 ソーシャルメディア (SNS)アカウント,https://www.town.manazuru.kanagawa.jp/soshiki/seisakusuishin/seisakusuishin/3683.html,no_sns_service
ソーシャルメディア ポリシー,https://kyosaikai.jp/social-media-policy/,no_sns_service
X 運用代行,https://alpssns.com/work_post/x/,kept
ソーシャルメディア ガイドライン,https://www.shinmei-e.co.jp/socialmedia_policy.html,no_sns_service
株式会社エムペグ,https://www.m-peg.net/,kept
SNS運用代行,https://www.kodaka-ya.jp/tag/sns%E9%81%8B%E7%94%A8%E4%BB%A3%E8%A1%8C/,no_company
SNS ・ブログ,https://www.kanagawa-jk.or.jp/outline/blog/,no_sns_service
合同会社カウノイ,https://s-yeg.gr.jp/cau-noi,kept
価格,https://ichi.company/price/,kept
企業案内,https://www.big-advance.site/c/123/3289/profile,kept
神奈川 ・東京の映像制作,https://hoop-studio.com/movie/,no_address
LINE公式アカウント運用代行,https://www.sankoukokusya.com/line%E5%85%AC%E5%BC%8F%E3%82%A2%E3%82%AB%E3%82%A6%E3%83%B3%E3%83%88%E9%81%8B%E7%94%A8%E4%BB%A3%E8%A1%8C/,no_address
神奈川 （横浜・川崎）の店舗経営者必見！ LINE公式運用代行 「Lキテ」,https://fromzero.jp/%E7%A5%9E%E5%A5%88%E5%B7%9D%EF%BC%88%E6%A8%AA%E6%B5%9C%E3%83%BB%E5%B7%9D%E5%B4%8E%EF%BC%89%E3%81%AE%E5%BA%97%E8%88%97%E7%B5%8C%E5%96%B6%E8%80%85%E5%BF%85%E8%A6%8B%EF%BC%81line%E5%85%AC%E5%BC%8F/,no_company
市政情報は横須賀市 LINE公式アカウント で便利に取得,https://www.city.yokosuka.kanagawa.jp/0533/kouhou/sns/line_official.html,no_sns_service
会社 概要,https://wadona.com/%E4%BC%9A%E7%A4%BE%E6%A6%82%E8%A6%81/,no_address
Team HENSHINの YouTube運用 ・コンサル,https://team-henshin.com/service/web/youtube/,kept
【 神奈川県 支部】 LINE公式アカウント 友だち募集中！,https://www.chuo-u.ac.jp/visitor_parent/parents_association/news/2022/04/59704/,no_sns_service
SNS企業 アカウント 運用代行 サービス,https://www.bostudio.co.jp/_sns/,kept
LINE公式アカウント,https://sakura-hp.or.jp/about/line.php,no_sns_service
座間市 LINE公式アカウント,https://www.city.zama.kanagawa.jp/shisei/koho/hashin/1005094.html,kept
ブログ,https://www.squash-films.com/blog,no_contact
SNS 運用代行 プラン,https://nicomore.jp/plan1/,kept
実写映像制作 東京・千代田区,https://sevenseaspictures.com/video,kept
Instagram/TikTokマーケティング,https://makelead.co.jp/instagram-tiktok,kept
会社 概要,https://hp.livels.jp/about,no_sns_service
スタジオソララド: 大和市の映像制作・ 動画 編集・地域デザイン,https://solalado.com/,no_sns_service
SNSマーケター,https://pulchram.co.jp/recruit-entry/sns-marketer/,kept
【実績豊富】 神奈川県 のSNS マーケティング を行う 会社 の株式譲渡,https://ma-navigator.com/projects/3724102025,no_address
株式 会社 MAA,https://buzz-brain.com/support/%E6%A0%AA%E5%BC%8F%E4%BC%9A%E7%A4%BEmaa/,kept
動画 映像制作,https://www.2ndwave.jp/service/service03,no_sns_service
SERVICE,https://key-partners.jp/service/,kept
「売れる仕組み作り」から考える デジタル マーケティング の基礎 ...,https://www.kipc.or.jp/topics/seminar-event/20221110web/,no_sns_service
新潟県 庁舎 広告 掲出協力 広告 代理店名簿,https://www.pref.niigata.lg.jp/uploaded/life/725421_2373361_misc.pdf,fetch_failed
かながわ障がい者就労サポート（愛称「ともワク」）について,https://www.kana-keikyo.jp/news/9501,no_sns_service
SNS 運営 代行 サービス,https://www.borderline.jp/sns-management,no_sns_service
SNS ビジネス活用コース,https://school.moripower.jp/itskill/sns,no_address
SNS広告運用 支援の株式 会社 EIGHTS（ 新潟 市中央区）の大橋大河代表,https://www.niikei.jp/1198690/,no_address
神奈川県 建築士事務所協会,https://j-kana.or.jp/office/architect_news/,no_company
株式 会社 スマイルファーム,https://www.sanjo-kogyokai.or.jp/member/syokogyo/smilefarm,kept
会社 概要,https://edopon.co.jp/company/,kept
企業情報,https://eightsmarketing.com/company/,kept
SNS運用 ・ネット 広告 ・マーケティング,https://www.nico.or.jp/creative-bank/service/child_marketing/,no_address
Work – 株式 会社 ram,https://raminc.jp/about/,kept
ソーシャルメディア ポリシー・ガイドライン,https://www.rnhj.jp/guideline/,no_sns_service
会社 紹介,https://node-ad.info/company/,no_sns_service
ソーシャルメディア ポリシー,https://www.n-iwacon.co.jp/social-media-policy/,no_sns_service
ソーシャルメディア ポリシー,https://sekisui-hs.co.jp/socialmedia_policy/,no_sns_service
SNS 運用 ガイドライン,https://www.kyoei-shinkumi.jp/aboutus/sns-privacy/,no_company
ソーシャルメディア ガイドライン,https://www.wenet.co.jp/sns-guidelines,no_sns_service
プライバシーポリシー,https://www.ms-office.co.jp/policy/entry-138.html,no_address
SNSマーケティングに求められていること ～ 運用 代行における ...,https://www.biz4.jp/column/sns_marketing,kept
ソーシャルメディア 公式アカウント,https://imgsys.canon/ja/company/socialmedia.html,no_sns_service
クールジャパンEXPO in NIIGATA の公式Twitter 運用 を担当しました,https://riparia.jp/works/works_009,no_sns_service
ソーシャルメディア ポリシー,https://www.niigata-subaru.co.jp/site/social-media_policy.html,no_sns_service
売上アップのための,https://www.niigata-cci.or.jp/kenren/wp/wp-content/uploads/2025/04/sns-seminar.pdf,fetch_failed
企業概要,https://www.azubegin.net/%E4%BC%81%E6%A5%AD%E6%A6%82%E8%A6%81,no_contact
ソーシャルメディア ポリシー,https://www.kanbara-gas.co.jp/snspolicy/,no_sns_service
サイトポリシー,https://www.nct9.co.jp/about/sitepolicy/,no_sns_service
会社 概要,https://naughty-works.co.jp/company,no_sns_service
お問い合せ,https://setsugen-gakusha.jp/contact/,kept
SNS アカウントについて,https://kanagawa.saiseikai.or.jp/about/sns-account/,no_company
事務 代行 サービス アドイーズ,https://your-adease.com/,no_company
三条市 LINE公式アカウント で市政情報を発信しています,https://www.city.sanjo.niigata.jp/soshiki/somubu/seisakusuishin/kohokocho/16590.html,kept
企業情報,https://niigata-line.mac-agency.com/%E4%BC%81%E6%A5%AD%E6%83%85%E5%A0%B1/,no_sns_service
Webマーケティング,https://lifelog.info/web-marketing/,no_address
サービス ライン 公式アカウント 導入サポート,https://www.shuchi.info/service/service04/index.html,no_address
出雲崎町,https://www.town.izumozaki.niigata.jp/,no_sns_service
請負事業,https://newsline.jp/service/detail/contract,no_sns_service
採用情報,https://mediablue.co.jp/recruit/,no_address
【 LINE 】長岡市 公式アカウント,https://www.city.nagaoka.niigata.jp/shisei/cate02/sns-line/line.html,no_sns_service
SNSマーケティングsocial-media-marketing,https://www.ifilm.jp/service_category/sns_marketing/,fetch_failed
かみところ調剤薬局 新潟県 新潟市,https://www.qol-net.co.jp/pharmacy/map/detail.php?id=779&sa=U&ved=0ahUKEwjw9YSM5_PwAhVKneAKHS0VAfMQ61gIgBwoDDBW&usg=AOvVaw3RS5bO5ENspu9QtxQmNrDv,no_sns_service
上越・ 新潟 の中小企業が マーケティング 支援で失敗する3つの理由,https://www.highdef.jp/news/n_2ob3tdq/,kept
新潟県LINE公式アカウント はじめました！,https://komusubiken.pref.niigata.lg.jp/kosodate/attention/detail?id=49,no_sns_service
ゼロから学ぶ！SNS活用術 〜売上UPの情報発信〜,https://www.niigata-digital-jinzai-reskilling.com/snskatuyou,no_address
（株）Li Work,https://www.nagaokacci.or.jp/member/detail/id/13213,kept
令和8年度 SNS マーケティングに基づいた SNS 動画発信 ...,https://www.pref.toyama.jp/810111/press/2026sns.html,no_address
戦略的「SNS マーケティング 」の基本,https://niigata-ipc.or.jp/seminar_event/9811/,no_address
新潟 の地域トレンドを活かした動画マーケティング戦略【2026年 ...,https://www.ifilm.co.jp/post/niigata-video-marketing-trend-2026,kept
鈴木 萌々瑚,https://san-niigata.com/author/san0123/,kept
SNS運用 サポート,https://odintw.com/service_sns/,kept
SNS運用 ・ SNS広告 代行,https://movie-mobile.jp/sns/,kept
株式会社LEApass,https://leapass.co.jp/,no_sns_service
メーカーDtoC事業におけるSNSを活用した マーケティング 戦略,https://business.treasurefoot.co.jp/articles/yoshikawa_marketing,no_sns_service
運営 会社,https://seeds-nippon.com/company.html,no_address
[実践講座]中小企業の ソーシャルメディア 活用セミナー(20150123 ...,https://www.tonio.or.jp/joho/semi2014/20150123web.shtml,no_address
SNS,https://www.city.toyama.lg.jp/shisei/koho/1010858/index.html,no_sns_service
ソーシャルメディア ポリシー,https://www.shinkogp.co.jp/policy/sns-policy.php,no_sns_service
SNS USAGE POLICY,https://www.chotto-nikken.com/regulations/sns_usage_policy/,fetch_failed
LINE公式アカウント 運用 停止のお知らせ,https://toyama-yorozushien.go.jp/news/2021/03/line-teisi/,kept
Web制作セミナー,https://www.toyama-tic.co.jp/it-lecture/special-lecture/web_4.html,no_sns_service
ソーシャルメディア 利用規約,https://www.sapt.co.jp/sns/,no_sns_service
コミュニティ・ガイドライン,https://www.toyamamegumi.co.jp/policy/sns.html,no_sns_service
経営計画・決算情報・運送約款・各種計画,https://ainokaze.co.jp/company/management,no_sns_service
令和7年度 富山県 地域おこし協力隊 （移住 SNS 運用 ...,https://www.iju-join.jp/f-join/otameshi2.pdf,fetch_failed
SCOP TOYAMA）」について 富山県 知事による記者発表が行われ ...,https://plan-a-02.co.jp/topics/scoptoyama1/,no_contact
十日町商工会議所 LINE公式アカウント はじめました！,https://www.tokamachi-cci.or.jp/2023/09/28/%E5%8D%81%E6%97%A5%E7%94%BA%E5%95%86%E5%B7%A5%E4%BC%9A%E8%AD%B0%E6%89%80%EF%BD%8C%EF%BD%89%EF%BD%8E%EF%BD%85%E5%85%AC%E5%BC%8F%E3%82%A2%E3%82%AB%E3%82%A6%E3%83%B3%E3%83%88%E3%81%AF%E3%81%98%E3%82%81/,no_company
会社概要,https://designtoyama.com/about,no_company
公式LINEアカウントを 運用 しよう,https://parkinc.co.jp/blog/marketing/%E5%85%AC%E5%BC%8Fline%E3%82%A2%E3%82%AB%E3%82%A6%E3%83%B3%E3%83%88%E3%82%92%E9%81%8B%E7%94%A8%E3%81%97%E3%82%88%E3%81%86/,kept
会社概要,https://resolves-marke.com/company/,no_address
笹島寿弥,https://sasajima-ai.com/,no_address
広告 運用代行,http://xs538962.xsrv.jp/tureiz-toyama/service/meta%E5%BA%83%E5%91%8A%E9%81%8B%E7%94%A8%E4%BB%A3%E8%A1%8C%E4%BA%8B%E6%A5%AD/,no_company
SNS 運用代行,https://shinkin-connect.jp/search2/?mode=disp&key=7108,no_address
富山県 氷見市 動画制作,https://www.variousleap.com/,no_address
LINE公式アカウント を市のもう一つの窓口に,https://www.cas.go.jp/jp/seisaku/digitaldenen/menubook/2022_summer/0054.html,no_sns_service
ソーシャルメディア ポリシー,https://www.diamond-eng.co.jp/social-media-policy/,no_sns_service
【令和6年6月実施】入善町 LINE公式アカウント 利用満足度調査の ...,https://www.town.nyuzen.toyama.jp/gyosei/soshiki/zaisei/4/1/6065.html,no_sns_service
【ケーブルテレビ 富山 LINE 公式アカウント 】プライバシーポリシー,https://ctt.ne.jp/news/forestisprivacypolicy.html,no_sns_service
黒部市 公式LINE はじめました,https://www.city.kurobe.toyama.jp/news/detail.aspx?servno=30724,no_sns_service
ソーシャルメディア ・ポリシー,https://www.greens.co.jp/socialmedia/,no_sns_service
採用 動画 制作のプラン紹介ページ とやまソフトセンター,https://www.t-soft.co.jp/recruit-movie/plans.html,no_address
第38回・第39回Himi-Bizセミナー「SNSで魅せるテクニック,https://www2.tonio.or.jp/e.phtml?i=fc21a6352c6ad0b8db3273bc0984f960,no_sns_service
エモい起業家あやみ,https://mosh.jp/emoi_ayami/home,no_sns_service
【オンラインイベント】第3回全部伝えます！ 富山 移住セミナー ソロ ...,https://www.osaka-furusato.com/seminar/21549/,no_company
（公社）とやま観光推進機構について,https://www.info-toyama.com/business/information/soshiki,no_sns_service
LINE公式アカウント,https://hokuriku-line.mac-agency.com/,no_sns_service
Company,https://kanazawa-rimipo.com/company/,kept
ABOUT,https://good-ness.net/about/,kept
ユニスポット,https://creators-navi.jp/archives/3403,no_address
富山県 小矢部市でWeb集客・ホームページ制作を相談,https://ensa.jp/,no_address
LINE,https://www.shiho353.jp/line/,no_sns_service
マーケティング支援,https://colorea.colorfulcompany.co.jp/service/marketing,no_sns_service
オレンジ マーケティング /Orange Marketing,https://orange-marketing.jp/,no_company
令和8年度 石川県SNS を活用した情報発信事業業務委託に係る ...,https://www.pref.ishikawa.lg.jp/kokukan/r8sns.html,no_sns_service
Tesera SNS広告運用 支援でCV数が15倍増加,https://altocolumn.com/works/933/,kept
富山県 指定情報公表センター,https://www.toyama-shakyo.or.jp/kouhyou/,no_company
「社会福祉法人 石川県 社会福祉協議会」Facebookページ 運用 ポリシー,https://www.isk-shakyo.or.jp/information/pdf/N2304048373131.pdf,fetch_failed
LIGHT UP 詳細ページ,https://tsunaweb.book.mynavi.jp/tsunaweb/company/detail/id=3214,no_company
石川県 金沢市の SNS運用 ならBoooM Japan,https://booom.site/,no_address
ソーシャルメディア ポリシー,https://www.seiryo-u.ac.jp/u/social_policy.html,no_sns_service
人材情報,https://www.isico.or.jp/specialist/?offset=80,kept
ソーシャルメディア ポリシー,https://www.sts-inc.co.jp/sns_mediapolicy/,kept
ソーシャルメディア ポリシー,https://www.sts-hd.co.jp/sns-media-policy/,no_sns_service
運営 会社 ・代表者紹介,https://kanazawa.ai/company/,kept
令和5年度 マーケティング 支援セミナー 三方よしの ...,https://www.u-toyama.ac.jp/event/78090/,no_address
※定員に達したため、申込みを終了しました※第37回Himi-Biz ...,https://himi-biz.net/2024/11/05/8096/,kept
ソーシャルメディア ポリシー,https://www.yokoyama-gr.co.jp/social-media-policy/,no_sns_service
ソーシャルメディア ポリシー,http://westjr-k-maintec.co.jp/sns/,no_sns_service
クッキーポリシー,https://ishikawa-rinjitokurei-kyufukin.com/cookie-policy/,no_sns_service
ソーシャルメディア運用 規定,https://choureikai.com/pages/135/,no_company
第21回Himi-Bizセミナー『SNS初心者でもすぐに使える ...,https://himinavi.jp/event/631/,no_sns_service
広告事業,https://www.hokutetsukoku.jp/advertisements/,no_sns_service
石川県 の動画制作・ YouTube運用,https://www.tscreate-office.com/,kept
LINQ,https://linq.company/,no_sns_service
留意事項,https://ishikawa-yorozushien.go.jp/notice/,no_sns_service
学校・企業・ メディア の方へ,https://www.hot-ishikawa.jp/business/index.html,no_sns_service
【 公式LINE 】構築・ 運用 サポート,https://office-shinooka.com/%E5%85%AC%E5%BC%8Fline%E6%A7%8B%E7%AF%89%E4%BB%A3%E8%A1%8C%E3%83%BB%E9%81%8B%E7%94%A8%E3%82%B5%E3%83%9D%E3%83%BC%E3%83%88/,no_sns_service
専  門  家  紹  介,https://www.ishikawa-advisor.jp/101/,no_sns_service
珠洲市 LINE公式アカウント,https://www.city.suzu.lg.jp/soshiki/1/7169.html,no_sns_service
SPコンサルタント,https://sp-consultant.my.canva.site/,no_sns_service
LINE公式アカウント サポート,https://www.citacita-asia.jp/menu/linesupport/,no_sns_service
TScreate,https://www.tscreate-office.net/service/,kept
【満席】【よろず支援拠点ミニセミナー】 Instagram ビジネス活用 ...,https://kigyokomachi.com/event/event-1617/,no_sns_service
SERVICE – Agent Stock,https://www.agentstock.net/service/,kept
【 石川県 商工会連合会主催】「2024年度 Instagram 運用 再発見 ...,https://jairo.co.jp/new-seminar/20290/,kept
学生向け情報,https://midori-net.jp/recruit/student,fetch_failed
REPORT,https://www.komatsu-innovation.com/report/1st-gen/,no_sns_service
福井 でリスティング 広告 なら成果にこだわった 運用 のPTOKへ,https://ptok-consulting.co.jp/ppc.html,kept
ソーシャルメディア ガイドライン,https://www.conduct.co.jp/social-media-guideline/,no_sns_service
桜シーズン直前！SNS マーケティング 公開SP： Instagram （前編）,https://halalmedia.jp/ja/%E6%A1%9C%E3%82%B7%E3%83%BC%E3%82%BA%E3%83%B3%E7%9B%B4%E5%89%8D%EF%BC%81sns%E3%83%9E%E3%83%BC%E3%82%B1%E3%83%86%E3%82%A3%E3%83%B3%E3%82%B0%E5%85%AC%E9%96%8Bsp%EF%BC%9Ainstagram%EF%BC%88%E5%89%8D/,kept
公式SNS 運用 規定,https://www.yawatamedical.com/guide/policy-sns,no_company
【審査結果公表】 福井 市公式観光インスタグラムアカウント 運用 ...,https://www.city.fukui.lg.jp/sigoto/keiyaku/proposal/p072488.html,kept
株式 会社 Lien,https://www.lien-fukui.com/,kept
Web 広告 の制作と 運用,https://ibeinsatsu.co.jp/webkoukoku/,kept
ソーシャルメディア ポリシー,https://www.plant-co.jp/socialprivacy.html,no_sns_service
Facebook 運用 方針について,https://www.takken-fukui.or.jp/other/policy_fb.html,fetch_failed
【令和5年度 石川県 女性の多様な働き方への支援事業】 企業 の困り ...,https://www.jobcafe-ishikawa.jp/company/events/9195,no_address
会社 概要,https://www.irodori-create.jp/company/,kept
石川県 情報システム工業会主催セミナー 「売上拡大・集客倍増の ...,https://www.smmj.jp/%E7%9F%B3%E5%B7%9D%E7%9C%8C%E3%80%81%E7%9F%B3%E5%B7%9D%E7%9C%8C%E6%83%85%E5%A0%B1%E3%82%B7%E3%82%B9%E3%83%86%E3%83%A0%E5%B7%A5%E6%A5%AD%E4%BC%9A%E4%B8%BB%E5%82%AC%E3%82%BB%E3%83%9F%E3%83%8A%E3%83%BC/,kept
【3.11】創業者向け SNS 活用セミナー,https://www.s-project.biz/seminar/2021-3-11,kept
ソーシャルメディア ポリシー,https://fujiibe.com/media.html,no_sns_service
各種規約 公式 SNS の 運用 に関する方針,https://www.f-shakyo.or.jp/rules/sns_policy,no_sns_service
西村 星彌,https://www.sindan-fukui.jp/member/detail.php?id=99,kept
プライバシーポリシー,https://www.fukuiblowinds.com/privacypolicy/,no_sns_service
ソーシャルメディア ポリシー,https://tsuruga-nu.ac.jp/pages/391/,no_sns_service
入居 企業 紹介,https://www.fukui-iic.or.jp/office/introduce.html,no_company
ソーシャルメディア ポリシー,https://carnation.co.jp/smpolicy/,no_sns_service
Company 会社 概要,https://pulse-cf.co.jp/company/,kept
福井県LINE公式アカウント をオープンしました。,https://www.pref.fukui.lg.jp/doc/seiki/fukuidx/lineopen.html,no_sns_service
サービス紹介,https://sf.vss.co.jp/service/homepage/,no_sns_service
ソーシャルメディア ポリシー,https://www.hokuriku-subaru.co.jp/site/social-media_policy.html,no_sns_service
就労継続支援B型事業所 Caluc,https://fukution.com/facility/fid3206/,no_company
鯖江市 LINE公式アカウント – めがねのまちさばえ 鯖江市,https://www.city.sabae.fukui.jp/about_city/koho_kocho/line_account.html,kept
空き家対策 for LINE,https://furusato-fukui.com/home/?page_id=3116,no_sns_service
はんてん,https://hanten-sns.com/,no_company
SNS 運用 サポート,https://flavor-design.biz/sns,no_company
【申込終了】3/18（水） SNS 活用事業者・ 企業 担当者交流会 開催,https://takefucci.net/2026/02/16/0318sns/,no_company
タグ 動画制作 に関するスライド,https://www.docswell.com/tag/%E5%8B%95%E7%94%BB%E5%88%B6%E4%BD%9C,no_address
【現場に強い総合ソリューション企業】,https://www.hc-consult.jp/,kept
TikTok支援を得意とする株式 会社 memeと資本業務提携 ～ ショート ...,https://lmg.co.jp/news/information_20221116/,kept
福井県 におけるこども・若者意見反映サポート事業,https://www.cfa.go.jp/assets/contents/node/basic_page/field_ref_resources/46e7d080-5dd8-4dfe-b0d3-320386911369/7d887cb1/20250708_policies_iken_jichitai_i3z7UxJe_17.pdf,fetch_failed
情報通信業会員,https://www.rinri-fukui.jp/telecommunication/,kept
制作実績,https://portfolio.higedesign.com/production/,no_address
運営 会社 「TONOSAMA」について,https://fun-more.net/about-us,no_sns_service
ふくいみまもり SNS,https://www.fukui.med.or.jp/fukuimedical-net/sns/,no_sns_service
福井県 空き家管理 代行 サービス事業者登録制度に登録されました。,https://www.maptravel.co.jp/news/%E3%83%9E%E3%83%83%E3%83%97%E3%83%88%E3%83%A9%E3%83%99%E3%83%AB%E3%81%AE%E3%80%8C%E7%A9%BA%E3%81%8D%E5%AE%B6%E5%B7%A1%E5%9B%9E%E3%82%B5%E3%83%BC%E3%83%93%E3%82%B9%E3%80%8D%E3%81%8C%E3%80%81%E7%A6%8F/,no_sns_service
あなたのスキルが活きる場所がきっとある。 福井県庁 が挑む15の ...,https://lab.smout.jp/special/fukui_chioko2026,no_sns_service
コーディネーター紹介,https://yorozu-fukui.go.jp/coordinator/,no_company
福井 の 採用 戦略実務 代行 ・ SNS運用 ・DX支援・研修ならエイチ ...,https://hrmeets.com/,fetch_failed
山梨県 地場産品情報発信業務委託に係る企画提案公募要領,https://www.pref.yamanashi.jp/documents/95921/1kouboyouryou_1.pdf,fetch_failed
SNS 戦略入門セミナー,https://yamanashiyorozu.go.jp/wp-content/uploads/2024/03/62acc5bac694b8309c1e09eaa5a76285.pdf,fetch_failed
KARの SNS広告運用 代行,https://kar-tabllc.com/,no_company
株式 会社 ラッキーアンドカンパニー,https://www2.sannichi.co.jp/GUIDANCE/2028/kigyo/cd/00222,kept
【大野市】中小企業者等 人材確保事業補助金のご案内,https://www.ohnocci.or.jp/%E3%80%90%E5%A4%A7%E9%87%8E%E5%B8%82%E3%80%91%E4%B8%AD%E5%B0%8F%E4%BC%81%E6%A5%AD%E8%80%85%E7%AD%89-%E4%BA%BA%E6%9D%90%E7%A2%BA%E4%BF%9D%E4%BA%8B%E6%A5%AD%E8%A3%9C%E5%8A%A9%E9%87%91%E3%81%AE%E3%81%94/,no_sns_service
事業内容,https://cno.co.jp/service,fetch_failed
田中美蘭,https://pure-growth.co.jp/post/member/tanakamirano-2/,no_address
【デジタル 広告 代理店とは？】 広告 用語集,https://visipri.com/ad-dictionary/1602-Digital-Advertising-Agency.php?srsltid=AfmBOoqEW3ImdRy_JFg3eBw5RRo4ZmAsqe3UBrFNCBh5XAPukQ4xMXox,kept
SERVICE,https://un-fold.biz/service/,kept
【3/25.29】 SNS を活用したマーケ講座,https://0555plus.work/event/%E3%80%903-25-29%E3%80%91sns%E3%82%92%E6%B4%BB%E7%94%A8%E3%81%97%E3%81%9F%E3%83%9E%E3%83%BC%E3%82%B1%E8%AC%9B%E5%BA%A7/,kept
ほくたび,https://laughgaki.com/member/42025/,kept
公式 SNS アカウント コミュニティ・ガイドライン,https://www.y-koseiren.jp/community-guidelines,no_sns_service
山梨 県内での事業展開を目指すスタートアップに向けたワンス ...,https://startup.pref.yamanashi.jp/1047,no_sns_service
Mt.Fujiイノベーションエンジンおよび 山梨 社との創業支援拠点を ...,https://www.resona-gr.co.jp/holdings/news/newsrelease_c/detail/20260701_950.html,no_sns_service
上野原市公式 YouTube 運用 ポリシー 本ポリシーは,https://www.city.uenohara.yamanashi.jp/uploaded/attachment/6359.pdf,fetch_failed
山梨県 DXリテラシー向上でkintoneが学習・実践ツールとして紹介,https://topics.cybozu.co.jp/news/2026/02/17-19377.html,no_sns_service
ソーシャルメディア ポリシー,https://www.fanuc.co.jp/ja/socialmedia/,kept
動画制作,https://commit-llc.com/service/movie/,kept
LINE公式アカウント運用代行 ・Web制作（LP）,https://apricot-rab.com/web.html,no_address
【従業員のスキルアップ実現】2026年度やまなしキャリアアップ ...,https://www.yamanashi-doyukai.gr.jp/oshirase/36722/,kept
大月市 公式LINEアカウント,https://www.city.otsuki.yamanashi.jp/sup/otsukicity_line.html,no_sns_service
会社 概要,https://1000nentsuru.com/company/,no_sns_service
地域連携の取り組みと概要,https://www.yamanashi-eiwa.ac.jp/campus_life/effort/,no_sns_service
LINE公式アカウント の紹介,https://www.yamanashibank.co.jp/line/,fetch_failed
山梨 ITセンター,https://www.nsw.co.jp/corporate/kyoten/map_yamanasi.html,no_address
北杜市 公式LINE 始めました,https://www.city.hokuto.yamanashi.jp/docs/17386.html,kept
LINE公式アカウント 、デジタルギフトプレゼントキャンペーン実施 ...,https://www.nns-catv.co.jp/news/nns-line202507/,no_company
株式 会社 PTOK,https://step-ing.jp/company/1036/,no_sns_service
山梨 で YouTube の戦略から映像撮影、編集依頼ができます,https://fuzzy-room.jp/video_production1/20220405173025/,no_company
山梨県 の宿泊業・飲食サービス業代表 企業 【ホテル・飲食店など ...,https://clip-corporation.com/column/accommodation-yamanashi/4/,no_address
山梨県 甲州市教育委員会様,https://www.hcnet.co.jp/case/koshu.html,kept
人がつどい 次世代につなぐ 活力 ...,https://www.city.minami-alps.yamanashi.jp/docs/index.p14.html,no_sns_service
山梨県 とエムティーアイ、女性の健康管理支援及びプレ ...,https://www.mti.co.jp/?p=36792,no_sns_service
会社 概要,http://www.kfive-jp.com/profile2.html,kept
町民向け記事,https://www.town.fujikawa.yamanashi.jp/docs/index.p4.html,no_sns_service
補助金・助成金制度,https://www.tfm-japan.com/subsidy/,no_sns_service
LINE公式アカウント の活用！,https://sr-shain.com/work/line%E5%85%AC%E5%BC%8F%E3%82%A2%E3%82%AB%E3%82%A6%E3%83%B3%E3%83%88%E3%81%AE%E6%B4%BB%E7%94%A8%EF%BC%81/,no_sns_service
ITによる地域社会課題解決・伴走型専門家支援事業,https://www.media-b.com/business/,kept
【BtoC事業者向け】もうSNSで悩まない！ Instagram の広告 ...,https://attendee.bizibl.tv/sessions/seC14rLWc1DB?utm_source=axis,no_company
わたしたちについて,https://habanero.works/about,no_address
Features 特徴,https://recruit.yamanashibank.co.jp/features/,no_sns_service
ショート動画 ばかり見るお子さんが心配な保護者さまへ。「読む力 ...,https://www.asunaro-kk.com/blog/84262/,no_sns_service
最も愛される マーケティング グループを創る,https://www.ma.shacho-direct.jp/buyer-needs/60,no_address
山梨県 商工会連合会,https://www.mat-ltd.co.jp/yamanashishokokairengokai/,kept
合同 会社 案在企画室,https://an-ki.jp/,no_sns_service
SNS セミナーに関する事前アンケート,https://adopura.com/survey/,kept
Web 広告運用 セミナー」開催,https://www.mikata-hd.co.jp/news/218/,kept
SNS 利用規約,https://www.nagano-rokin.co.jp/about/sns_policy,no_sns_service
ソーシャルメディア の 運用 について,https://www.inacity.jp/shisei/shisei_news/facebook.html,kept
企業情報 – 株式 会社 エイ・ティ・エフ,https://nagano-sdgs.com/company/110/profile/,no_sns_service
木曽町 ソーシャルメディア アカウントについて,https://www.town-kiso.com/chousei/kouhou/100280/100998/,no_sns_service
ソーシャルメディア アカウント利用規約,https://www.atrion-s.com/social,no_sns_service
ソーシャル メディアーポリシー,https://www.nextlinks.co.jp/social.php,no_sns_service
人材確保に向けた採用ブランディング強化業務委託仕様書（案）,https://www.pref.nagano.lg.jp/jinjii/kensei/soshiki/documents/documents/03_shiyosho_an.pdf,fetch_failed
ホームページ・SNSの更新運営代行,https://joynt.work/%E9%81%8B%E5%96%B6%E4%BB%A3%E8%A1%8C/,no_company
コミュニティガイドライン,https://tis-n.co.jp/contact/community-guidelines/,kept
令和8年度繁体字Facebook 運用 業務委託,https://www.nagano-tabi.net/wp/wp-content/uploads/2026/04/01_%E4%BB%A4%E5%92%8C%EF%BC%98%E5%B9%B4%E5%BA%A6%E7%B9%81%E4%BD%93%E5%AD%97Facebook%E9%81%8B%E7%94%A8%E6%A5%AD%E5%8B%99%E5%A7%94%E8%A8%97%E5%85%AC%E5%8B%9F%E5%9E%8B%E3%83%97%E3%83%AD%E3%83%9D%E3%83%BC%E3%82%B6%E3%83%AB%E8%A6%81%E9%A0%98.pdf,fetch_failed
会社 情報,https://www.dynamics-07.com/company/,no_sns_service
デイアライブ 多言語 SNS運用 支援サービス,https://dayalive.jp/globalsns/,kept
玉井 里香,https://www.nice-o.or.jp/senmonka/senmonka-68356/,no_company
映像制作,https://www.minami-web.com/eizo/,no_address
業務内容,https://fileofilms.com/service/,no_sns_service
Instagramマーケティング会社,https://www.realcro.com/ja/portfolio/instagram-marketing-agency-japan/,kept
サービス,https://www.style-update.jp/service,no_company
製造業のためのインターネット広告出稿・ 運用代行,https://www.aily-lab.co.jp/service/advertisement/,no_address
SNS 運用 開始のお知らせ,https://www.naganokenbun.jp/topics/407/,kept
株式 会社 ミナミ 映像制作事業部,https://minami-eizo.hirameki7.site/,no_address
公式LINEアカウント 構築＆ 運用,https://tobira-test.studio.site/line,no_sns_service
ながの子育て家庭優待パスポートが LINE アプリで使えるようになり ...,https://www.city.komagane.nagano.jp/material/files/group/18/naganokosodatekateiyuutaipasupotoriyousyasyuuchichirasi.pdf,fetch_failed
中川村 LINE公式アカウント,https://www.vill.nakagawa.nagano.jp/soshiki/chiiki/6781.html,no_sns_service
未来学舎 LINE公式アカウント について,https://mirai.ac.jp/news/news-1019/,no_sns_service
ソーシャルメディア(SNS)／小諸市 オフィシャル サイト,https://www.city.komoro.lg.jp/soshikikarasagasu/somubu/kikakuka/SNS/index.html,no_sns_service
会社 情報,https://smart-listing.jp/company/,no_sns_service
会社概要,https://plus-it.biz/company/,kept
LINE公式アカウント 活用講座,https://www.simin-nagano.com/%E8%AC%9B%E5%BA%A7%E6%A1%88%E5%86%85/line%E3%82%B9%E3%82%BF%E3%83%B3%E3%83%97%E4%BD%9C%E6%88%90/line%E5%85%AC%E5%BC%8F%E3%82%A2%E3%82%AB%E3%82%A6%E3%83%B3%E3%83%88/,no_sns_service
ドリームモータースクール ソーシャルメディア アカウント 運用 ...,https://www.dmsnet.jp/sns-policy/,kept
SNS (Instagram/FB/X) 運用,https://sucrecube.fr/business/sns/,no_address
ナガクル ソーシャル ライターズPage,https://nagacle.net/nagacle-writers/,no_sns_service
【 YouTube運用 】南信州焼肉のまち協議会「令和7年度 焼肉店紹介 ...,https://mousellc.net/2026/03/01/%E3%80%90%E5%8D%97%E4%BF%A1%E5%B7%9E%E7%84%BC%E8%82%89%E3%81%AE%E3%81%BE%E3%81%A1%E5%8D%94%E8%AD%B0%E4%BC%9A%E3%80%91%E3%80%8C%E4%BB%A4%E5%92%8C7%E5%B9%B4%E5%BA%A6-%E7%84%BC%E8%82%89%E5%BA%97%E7%B4%B9/,kept
会社 情報,https://fir-st.co.jp/company/,no_address
沿革,https://puzzlink.jp/history/,kept
本気の YouTube 動画広告 運用代行 サービス,https://www.jdoga.net/service/youtubeads/,kept
お知らせ,https://tfc-suwa.com/info/,no_address
SNSで“選ばれるブランド”へ。ビジネス成果に直結する ショート動画 ...,https://bakerweb.site/sns_shortmovie,kept
公式 SNS運用 方針,https://azuminoshakyo.jp/pages/384/,no_company
中途 採用 比率,https://www.csw-naganocity.or.jp/page/middle-recruit,no_company
岐阜県 『令和8年度スタートアップとのオープンイノベーション促進 ...,https://www.marubeni.com/jp/news/2026/info/00011.html,kept
SNS運用 で確固たる地位を築き、いつか故郷に恩返ししたい,https://www.weekly-economist.com/mirai-award2025/professional/miyata_kai/,no_address
企画課,https://www.town.gifu-ikeda.lg.jp/soshiki/2-3-0-0-0_23.html,no_sns_service
Facebook 運用 管理方針,https://www.tajimi-hospital.jp/announce/facebook.html,no_sns_service
市X（エックス）公式アカウント,https://www.city.hashima.lg.jp/2417.html,kept
動画制作・ YouTube 運営 代行,https://mais.nagano.jp/movie/,kept
ソーシャルメディア ポリシー – 生活情報誌 月刊ぷらざ,https://plaza-gifu.com/social/,no_sns_service
ショート動画 制作サービス-かる ショート,https://www.slow-style.com/detail/1091/flyer-detail-695.html,kept
ソーシャルメディア ポリシー,https://www.kohseis.co.jp/mediapolicy/,no_sns_service
岐阜メモリアルセンター（公式）Facebook ページ 運用 ...,https://www.pref.gifu.lg.jp/uploaded/attachment/130756.pdf,fetch_failed
ソーシャルメディア ポリシー,http://www.shinwa-jp.com/corporation/social.html,no_sns_service
ソーシャルメディア ポリシー SDGsの取組み  株式 会社 山田商会,https://ymax.co.jp/sdgs/social-media-policy/,no_sns_service
ソーシャルメディア ポリシー 令和7年6月1日設定 岐阜県 厚生農業 ...,https://www.gfkosei.or.jp/pdf/socialmedia.pdf,fetch_failed
Instagram運営代行,https://xn--jgrr4tei44x8qbc75m.com/instagram/,no_sns_service
SNS利用ガイドライン,https://www.matsunami-hsp.or.jp/houjin/corporate/snsguideline/,no_sns_service
岐阜 の SNS マーケティングなら株式 会社 MR,https://mr-marketing.jp/,kept
インスタグラム 運用代行,https://star-lift.co.jp/service/instagram/,no_address
自衛隊愛知地方協力本部仕様書,https://www.mod.go.jp/pco/aichi/company/20251015/op1015/2.pdf,fetch_failed
情報発信を行いたい,https://www.shinkin.co.jp/seki1534/about/promotion_plan/zyoho.html,no_sns_service
長良川の鮎、鵜飼,https://go-centraljapan.jp/ja/aboutus/files/prlist230403.pdf,fetch_failed
動画配信・SNSサポート MITEKU（ミテク）,http://online.miroku.bz/index.html,no_address
「起業女性のためのWEBマーケティング講座」を開催（参加者募集）,https://gifujo.pref.gifu.lg.jp/event/2025/08/web.html,no_sns_service
SNS 運用代行 ・LINE集客支援なら,https://rysrealize.com/service/snspromotuionpr,no_address
SNS活用支援,https://www.lcreator.co.jp/service/sns/,kept
動画制作基本料金（動画制作内製化支援や YouTube 運営支援も）,https://motionvisualjapan.com/pricing/,kept
養老町 LINE公式アカウント,https://www.town.yoro.gifu.jp/government/publicrelations/1002490.html,no_company
SNS運用 ポリシー,https://hyakunen-kouen.jp/sns,kept
Web制作,https://funct.jp/web,no_company
LINE公式アカウント で楽しくて便利な情報をお届けします！,https://www.juroku.co.jp/line_juroku.html,no_sns_service
セミナー動画・研修動画,https://movie.runland.co.jp/result_category/seminar-training/,kept
大垣西濃信用金庫 LINE公式アカウント,https://www.ogakiseino-shinkin.co.jp/about/line.html,no_sns_service
LINE公式アカウント を活用して 集客力を高めよう,https://saaef65c10f2f00c5.jimcontent.com/download/version/1675916180/module/13096511387/name/2%E6%9C%88%20LINE%E5%85%AC%E5%BC%8F%E3%82%A2%E3%82%AB%E3%82%A6%E3%83%B3%E3%83%88%E3%82%92%E6%B4%BB%E7%94%A8%E3%81%97%E3%81%A6%E9%9B%86%E5%AE%A2%E5%8A%9B%E3%82%92%E9%AB%98%E3%82%81%E3%82%88%E3%81%86.pdf,fetch_failed
専門家コーディネーターのご紹介,https://www.gifu-yorozushien.go.jp/%E5%B0%82%E9%96%80%E5%AE%B6%E7%9B%B8%E8%AB%87%E7%AA%93%E5%8F%A3/,no_company
"岐阜 ,インフルエンサー マーケティング ,ライフカラー",https://influencer-lc.com/,no_sns_service
SNS 関連,https://moriigyousei.com/category/blog/sns/,no_company
Shuntaro Ikedo,https://auuonline.com/shuntaro-ikedo/,no_address
販売促進＆リピーター獲得！ LINE公式アカウント 活用セミナー開催 ...,https://tajimi.or.jp/gifunetshop-seminar/,no_sns_service
【現役YouTuberに学ぶ】ネットショップに活かすSNS ...,https://www.takayama-cci.or.jp/seminar/16526,kept
SNS の構築や 運用 は当社におまかせください！,https://entrance.jpn.com/%E3%80%90sns%E3%81%AE%E6%A7%8B%E7%AF%89%E3%82%84%E9%81%8B%E7%94%A8%E3%81%AF%E5%BD%93%E7%A4%BE%E3%81%AB%E3%81%8A%E3%81%BE%E3%81%8B%E3%81%9B%E3%81%8F%E3%81%A0%E3%81%95%E3%81%84%EF%BC%81%E3%80%91/,kept
薬局向け LINE公式アカウント 作成サービス,https://www.g-nex.jp/topics/20220222,no_sns_service
会社 概要,https://www.sco-adproduce.com/%E4%BC%9A%E7%A4%BE%E6%A6%82%E8%A6%81/,no_sns_service
ソーシャルメディア ポリシー,https://seiseiribi.ac.jp/social-media/index.html,no_sns_service
ソーシャルメディア ポリシー,https://www.d-seibi.co.jp/social-media-policy/,no_sns_service
事業内容と職種紹介,https://upsky.jp/recruit/aboutus/strength/,kept
Service,https://gaaboo.jp/service/,kept
インターネット 広告,https://www.akindo2000.net/internetad/,kept
プラップジャパンがPR発想で企業の 採用 活動をサポートする「 採用 ...,https://digitalpr.jp/r/94974,kept
WEBマーケティング相談,https://www.b-nest.jp/soudan/madoguchi/websoudan/,no_company
株式 会社 Shinker,https://www.fujieda-wakamon.com/company/c364/,kept
ソーシャルメディア ポリシー,https://www.nakamura-gumi.co.jp/social_media_policy/,no_sns_service
SNS 運用 ポリシー,https://www.suac.ac.jp/about/pr/sns/socialmedia_sns/,no_company
岐阜県 IoT活用・支援事例集,https://www.softopia.or.jp/smart-keiei/jirei/,no_sns_service
SNS 運用 ポリシーについて,https://www.hospital.iwata.shizuoka.jp/about/public-relations/sns/policy/,no_company
静岡県 富士水泳場 Facebook ページ 運用 方針,https://www.fuji-pool.jp/pdf/facebook-use.pdf,fetch_failed
ABOUT 会社 概要,https://www.faithad.jp/74067/about/,no_sns_service
伊東市 ソーシャル ネットワーキングサービス 運用 方針,https://www.city.ito.shizuoka.jp/gyosei/soshikikarasagasu/hisyokouhouka/shiseijoho/3/sns/1822.html,no_sns_service
SNS 運用 方針,https://www.okawa-kensetsu.co.jp/contents/category/sns/,kept
写真・動画撮影、 YouTube代行,https://clue.vc/category/achieve/category_photography/,no_sns_service
ソーシャルメディア ポリシー,https://www.816t.jp/about/privacy/socialpolicy.html,no_sns_service
富士市消防本部SNS利用規約,https://www.city.fuji.shizuoka.jp/documents/98/rn2ola000002707u.pdf,fetch_failed
ソーシャルメディア ポリシー,https://numazu.seirei.or.jp/fuyo/social-media-policy/,no_sns_service
LINE公式アカウント 制作・ 運用 お任せください,https://d4cus.net/lp/shizuoka-line/,fetch_failed
富士市の教育サービス業様より SNS広告運用 代行のご依頼を ...,https://nextfuture2016.com/blog/fuji-sns-koukoku/,kept
友だち募集中！下田市 LINE公式アカウント,https://www.city.shimoda.shizuoka.jp/category/010000bouhan_bousai/157258.html,no_sns_service
静岡 の士業事務所向け、 LINE公式アカウント で顧問契約・相談予約 ...,https://linkpress.jp/article/019f631c-a88f-73ba-84db-79aaf633ddae,no_address
SNS運用 コンサルティング,https://okuramasako.com/sdgs-produce/,kept
mooving,https://movie.cachica.co.jp/works_purpose/branding/,no_address
ソーシャルメディア ポリシー,https://www.suzuyo-kensetsu.co.jp/social-media-policy/,no_sns_service
エルメ構築・ 運用代行,https://arc-office.co.jp/lmessage,no_sns_service
静岡県 ひとり親あんしん LINE 相談,https://www.pref.shizuoka.jp/kodomokyoiku/kodomokosodate/hitorioya/1022297.html,kept
採用情報,https://recruit.fuerubo.com/upsky-recruit/job-offer?work_location=%E3%80%92422-8067+%E9%9D%99%E5%B2%A1%E7%9C%8C%E9%9D%99%E5%B2%A1%E5%B8%82%E9%A7%BF%E6%B2%B3%E5%8C%BA%E5%8D%97%E7%94%BA10-6+%E6%9D%91%E4%B8%8A%E9%A7%85%E5%8D%97%E3%83%93%E3%83%AB3%E9%9A%8E,fetch_failed
静岡県 で動画制作/映像制作/動画編集のできるクリエイター,https://videoworks.com/creator/pref/pref22/,no_address
株式会社 NEXT FUTURE,https://shimizutown-navi.jp/company/nextfuture.html,kept
LINE公式 構築,https://basiy.net/line/,no_address
コミュニティーポリシー,https://toyota-unitedshizuoka.co.jp/company/community/,no_sns_service
実績,https://shizuoka-kizuna.com/category/achievements/,kept
動画撮影・制作,https://papas.jp/movie/,no_sns_service
動画 広告・CM制作 – 株式 会社 filments,https://filments.com/video-ad/,kept
CCCクリエイティブスタディ「ネタ切れ知らずの Instagram 運用へ ...,https://www.c-c-c.or.jp/schedule/creativestudy313,kept
【アーカイブ】 SNS運用 の基礎から応用まで,https://bc.at-s.com/kiji/archive3,no_company
C-ENT,https://www.c-ent.jp/business?tab=webdesign,kept
静岡県 よろず支援拠点 無料の経営相談所,https://shizuoka-yorozu.go.jp/,no_sns_service
SNS広告運用 なら株式 会社 バイ・ステップ,https://bystep.co.jp/,kept
名古屋で SNS運用 代行・コンサルティングのサポートなら「合同 ...,https://www.libero-tk.com/,kept
SNS運用 にお困りなら名古屋 SNS 更新代行にお任せください ...,https://nagoya.sns-nagoya.com/,no_address
TOPICS お役立ちコラム,https://www.brain-ad.com/topics/,kept
お問い合わせ,https://lisket.jp/inquiry/,kept
採用 情報,https://koganezaki.com/reserve-2/,no_company
YouTube 運用代行,https://www.every-film.com/youtube%E9%81%8B%E7%94%A8%E4%BB%A3%E8%A1%8C,kept
愛知県 口論義運動公園 ソーシャルメディア運用 方針,https://www.kourogi.jp/link/social,no_sns_service
ソーシャルメディア 利用規約,https://www.aichikenishishin.co.jp/info/privacy/sns/index.html,no_sns_service
ソーシャルメディア ポリシー,https://saishukan.com/policy/sns.html,no_sns_service
会社 概要,https://inglow.jp/about/,kept
SOCIALPOLICY ソーシャルメディア運用 ポリシー,https://www.sanco-inn.co.jp/socialpolicy/,no_sns_service
ソーシャルメディア運用 ポリシー,https://tokoname-lib.jp/post-3.html,no_sns_service
名古屋市 ソーシャルメディア 活用ガイドライン,https://www.city.nagoya.jp/_res/projects/default_project/_page_/001/008/347/siyoushosannkousiryouakarae.pdf,fetch_failed
X「【公式】豊橋市PR( 愛知県 東三河)」 運用 ポリシー,https://www.city.toyohashi.lg.jp/secure/24592/unyou_X_prtoyohashi.pdf,fetch_failed
デジタル戦略課,https://www.pref.aichi.jp/soshiki/digital/,no_sns_service
HOME,https://www.netcom-net.com/ppc/,kept
ソーシャルメディア 運営方針,https://www.nissei-gtr.co.jp/socialmedia/,no_sns_service
プライバシーポリシー・ ソーシャルメディア ポリシー・著作権,https://www.mazak-art.com/privacy.php,no_sns_service
アイガの SNS代行 サービス【アクサポ -AKUSAPO】,https://aiga.jp/akusapo/,no_address
栄四郎瓦株式 会社 ： ソーシャルメディア ポリシー,https://www.eishiro.co.jp/privacy/social-media_policy.html,no_sns_service
ソーシャルメディア ポリシー,https://www.murobil.co.jp/social-media/,no_sns_service
ソーシャルメディア運用 規定・プライバシーポリシー,https://www.honokuni.or.jp/toyohashi/association/000017.html,no_sns_service
ソーシャルメディア ポリシー,https://www.e-stag-e.co.jp/smp.html,no_sns_service
第59回,https://www.cgc-aichi.or.jp/information_business/%E7%AC%AC59%E5%9B%9E/,no_sns_service
企業情報,https://berth-v.com/company/index.html,no_address
POLICYプライバシーポリシー ソーシャルメディア運用 方針,https://emerald-hall.jp/policy,no_sns_service
名古屋のAI研修・AI社員導入会社 会社概要,https://hidane2025.com/company,kept
Youtube運用代行 サービス 企画から編集・プロモーションまで,https://adstrancer.com/youtube,no_company
株式 会社 ふぁくとりーM,https://fakutori-m.com/,kept
SNS 代行,https://www.avimo.jp/services/sns%E4%BB%A3%E8%A1%8C/,kept
SNS運用 に興味がある利用者さん募集,https://gakufuku.com/news/%E5%88%A9%E7%94%A8%E8%80%85%E3%81%95%E3%82%93%E5%8B%9F%E9%9B%86/,no_company
SERVICE,https://medical-careers.jp/service/,kept
公式LINE 構築サービスの導入,https://sorairoweb.jp/contents3-4/,fetch_failed
ショート動画 制作,https://barracuda-japan.com/service/movie.php,kept
名古屋のSNS 運用代行 ・ 動画 制作・イベント企画,https://genome-factory.com/,kept
Instagram 運用,https://www.machizukuriwork.com/%E4%BC%9A%E7%A4%BE%E7%B4%B9%E4%BB%8B,no_address
会社 概要,https://onespice.jp/company/,no_address
【無料セミナー】8/25(月) LINE公式アカウント 活用 ...,https://agui-sci.com/2026/07/27/%E3%80%90%E7%84%A1%E6%96%99%E3%82%BB%E3%83%9F%E3%83%8A%E3%83%BC%E3%80%918-25%E6%9C%88-line%E5%85%AC%E5%BC%8F%E3%82%A2%E3%82%AB%E3%82%A6%E3%83%B3%E3%83%88%E6%B4%BB%E7%94%A8%E3%82%BB%E3%83%9F%E3%83%8A/,no_sns_service
「 LINE公式アカウント運用 サポートサービス」 特設ページを公開 ...,https://togaru.co.jp/topics/6430/,kept
ネットタレント・インフルエンサーコース,https://www.n-visual.net/course/p_art/influencer/,kept
募集要項【学生アルバイト】SNS動画編集スタッフ,https://www.ababai.nagoya/requirements/requirements-1-8,kept
PR事業,https://s-inclusive-inc.netlify.app/service-pr,kept
SNS運用代行 案件営業募集,https://crowdlinks.jp/projects/suG0sxtyOkfMjMq9eEGk,no_company
ソーシャルメディア ポリシー,https://a-willex.com/social_media_policy/,no_sns_service
Instagram （ インスタ グラム）広告運用代行,https://listing-partners.com/listing/instagram/,kept
半田市 公式LINE で市の情報をキャッチしよう！,https://www.city.handa.lg.jp/shisei/koho/1004121/1004123.html,no_sns_service
ショート動画運用代行 事業,https://fs-marketing-japan.co.jp/service/short-video-operation-agency/,kept
LINE公式 構築 代行 SERVICE,https://scl-web.com/line/,kept
トラエルが名古屋・東海エリアでインフルエンサーを起用したPR ...,https://nagoyastartupnews.jp/toraeru-prservice/,no_address
三重県,https://www.pref.mie.lg.jp/NYUSATSU/m0362400028.htm,no_sns_service
SNS運用,https://www.novumnexus.com/,kept
WEBマーケティング・ブランディングのコンサルタント 三重 /番頭 ...,https://www.bantousya.jp/,no_address
SNS運用 業務,https://guts-work.com/continuing_employment_support_type_a/lp3/,kept
プライバシーポリシー,http://www.mieden.com/content/policy.html,no_sns_service
SNS広告運用 代行,https://quickly.co.jp/service/sns-advertising/,kept
三重 テレビ放送株式 会社 様,https://crazyzero.jp/61/,no_address
ソーシャルメディア ポリシー,https://www.tobaseasidehotel.co.jp/socialmediapolicy/,no_sns_service
桑名市 SNS（ ソーシャルメディア ） 運用 ガイドライン,https://www.city.kuwana.lg.jp/documents/10752/snsgaidorain.pdf,fetch_failed
【住宅専門】 広告運用 のお悩み相談会【随時開催中！】,https://good-echoes.com/event/1845,kept
SNS採用 動画 運用 実績,https://videntry.net/achievements/,kept
一般用） 三重 県立くわな特別支援学校,https://www.mie-c.ed.jp/skuwan/wp-content/uploads/2022/04/sns_po.pdf,fetch_failed
伊賀市公式フェイスブックページをご利用ください,https://www.city.iga.lg.jp/0000002310.html,no_sns_service
木曽岬町の ソーシャルメディア の利用について,https://www.town.kisosaki.lg.jp/0000002198.html,no_sns_service
ソーシャルメディア ナビ,https://global.honda/jp/socialmedia/,no_sns_service
WEBマーケ・ 広告運用,https://asakura-mie.com/market-ad,kept
ソーシャルメディア ポリシー,https://www.kuki-info.co.jp/social-media-policy.html,no_sns_service
SNS マーケティング,https://www.it-shindanshi.com/service/sns/,no_company
ソーシャルメディア ガイドライン SOCIAL MEDIA,https://www.nemuresort.com/social,no_sns_service
ソーシャルメディア ポリシー,https://amaze-inc.com/social,no_sns_service
株式 会社 松阪電子計算センター,https://www.matsusaka.co.jp/mecwp/wp-content/uploads/2017/11/00000071.pdf,fetch_failed
みえサポ SNS Work,https://miesapo.com/,no_company
特定商取引法に基づく表記,https://oneorigin-inc.com/tokuteishotorihikiho/,fetch_failed
公益財団法人 三重県 産業支援センター,http://mie-yorozushien.go.jp/file/mie_yorozu_pamphlet.pdf,fetch_failed
SNS運用代行,https://relation-net.jp/pages/service/sns.html,kept
初心者でも安心！ SNS運用 をまるっと 学べるセミナーを開催します,https://www.aff-shien-mie.or.jp/news/240729snsseminar.pdf,fetch_failed
ソーシャルメディア ポリシー,https://prime-web.jp/media-policy/,no_sns_service
ReCM,https://www.recm.jp/,kept
LINE公式アカウント 「かめやま子育て」,https://www.city.kameyama.mie.jp/docs/2020032300020/,no_sns_service
YouTube チャンネル「脱・税理士スガワラくん」の ...,https://stageon.jp/news/144/,kept
LINE公式アカウント 北伊勢上野信用金庫,https://www.kitaiseueno-shinkin.jp/line/,no_sns_service
三重県 の観光業向けSNS研修、 Instagram で集客につなげる実践講座 ...,https://studiofocus.co.jp/case/case-362/,kept
株式 会社 Ahare,https://cp.idcn.jp/companies/4328.html,kept
研究会・研修会活動,https://www.shindan-mie.com/%E4%B8%AD%E5%B0%8F%E4%BC%81%E6%A5%AD%E8%A8%BA%E6%96%AD%E5%A3%AB%E3%81%AE%E6%96%B9%E3%81%B8/%E7%A0%94%E7%A9%B6%E4%BC%9A-%E7%A0%94%E4%BF%AE%E4%BC%9A/,no_sns_service
"LINE公式アカウント 友だち登録者数が1,250人を超えました。",https://nenkin-terrace.com/news/1058-2,no_sns_service
OfficeClover,https://cloverhomep.com/,no_address
インスタ で売れる全技術 ～ Instagram で結果を出す実践的な運用の ...,https://direct.gihyo.jp/view/item/000000004168,kept
【※募集は終了しました】徳島県小松島市地域おこし協力隊（地域 ...,https://www.city.komatsushima.lg.jp/kokogurashi/docs/chiikiokoshi.html,fetch_failed
Instagram フォロワー数1600人突破！副業人材と進めた 三重県 東員町 ...,https://lotsful.jp/biz/case/3805,no_address
Omusubi Film,https://www.omusubifilm-japan.com/,no_company
会社 概要・スタッフ,https://www.starbride.jp/about/,kept
津金澤 健人,https://www.directorbank.co.jp/professionals/k-tsuganezawa/,kept
01 【医療政策課(キャリサポLINE) 運用 ポリシー様式,https://shiga-ishicsc.jp/data/media/shiga-dr-career/page/line/policy.pdf,fetch_failed
SNSについて,https://www.kohka-hp.or.jp/sns/index.html,no_sns_service
甲賀市公式facebook（フェイスブック）ページについて,https://www.city.koka.lg.jp/facebook/,no_sns_service
津市 公式LINE 友だち募集中！,https://www.info.city.tsu.mie.jp/shisei/kouhou_kouchou_kouhou/1005965/1005968.html,no_sns_service
ホームページ作成,https://web.west-design.com/company/,kept
ソーシャルメディア ポリシー,https://www.keihanhotels-resorts.co.jp/biwakohotel/social-media-policy/,no_sns_service
滋賀県 情報発信拠点「ここ滋賀」 ソーシャルメディア運用 ポリシー ...,https://cocoshiga.jp/official/wp-content/uploads/2023/02/%E3%80%90%E3%81%93%E3%81%93%E6%BB%8B%E8%B3%80%E3%80%9104_%E9%81%8B%E7%94%A8%E3%83%9D%E3%83%AA%E3%82%B7%E3%83%BC%E6%A7%98%E5%BC%8F.pdf,fetch_failed
守山市LINE公式アカウント 運用 方針,https://www.city.moriyama.lg.jp/shiseijouhou/koho_kaiken/1003484/1010855.html,kept
コンサルティング リスティング 広告 ・PPC 広告,https://web.tsukuredasu.com/advertising/,kept
滋賀県 健康福祉政策課 LINE 運用 ポリシー （主旨） 第1条 この要領は,https://www.pref.shiga.lg.jp/file/attachment/5456490.pdf,fetch_failed
恵方巻のYouTubeバンパー 広告,https://www.omi-in.co.jp/works/works-209/,kept
【5/28、6/11開催】「 SNS 広告の正しい使い方」セミナー,https://yorozushiga.jp/news/4613/,no_company
会社 案内,https://musubi-web.co.jp/%E4%BC%9A%E7%A4%BE%E6%A6%82%E8%A6%81/,kept
SNS運用,https://satochu.jp/category/sns/,no_address
滋賀 大学 ソーシャルメディア ポリシー,https://www.shiga-u.ac.jp/information/about_public/socialmedia_policy/,no_sns_service
PROUD LAKE,https://www.proudlake.co.jp/,kept
クロダプランニングについて,https://www.96planning.com/%E3%82%AF%E3%83%AD%E3%83%80%E3%83%97%E3%83%A9%E3%83%B3%E3%83%8B%E3%83%B3%E3%82%B0%E3%81%AB%E3%81%A4%E3%81%84%E3%81%A6,no_address
滋賀県 地域若者サポートステーション 公式ソーシャル ...,https://www.shiga-support.jp/_m/files/files20250501100057.pdf,fetch_failed
SNS 活用,https://www.shigaplaza.or.jp/tag/sns%E6%B4%BB%E7%94%A8/,no_sns_service
投稿外注の費用【1本3000円〜】 SNS ・ブログ別料金,https://dp-guild.com/blog/toukougaichuhi01,kept
アカウント 運用 ポリシー,https://www.otsu-shakyo.or.jp/account-management-policy/,no_company
経営相談会,https://www.shigasrc.go.jp/cmscp/wp-content/uploads/7d2e6d88d5fc6e2c7c427fe036ce54ed.pdf,fetch_failed
特別展示,https://monodukuri-tech.nagahama.or.jp/special_exhibiton,kept
お知らせ,https://aimpost.jp/blog_articles/,kept
滋賀 の動画制作 代行,https://turquoise-inc.com/video/,kept
ソーシャル ポリシー,https://keis.co.jp/policy/,kept
オオツカラボ,https://ohtsukalab.com/,no_company
滋賀県 でLステップ構築・ 運用 なら株式会社Seventh Generation ...,https://sgdx.jp/,kept
デジタルサポート,https://med-bridge.jp/service/dx/,kept
【受講無料】 LINE公式アカウント 活用セミナー 参加者募集！,http://www.koka-sci.jp/news/line2026/,no_address
湖南市 LINE公式アカウント をご利用ください,https://www.city.shiga-konan.lg.jp/soshiki/sogo_seisaku/hisyo/6/media/line/17655.html,kept
法人・団体の方へ,https://cominitas.com/about/business/,no_sns_service
滋賀 銀行 LINE公式アカウント のご紹介,https://www.shigagin.com/about/line/,no_sns_service
その他の施設,https://ja-lakeshiga.or.jp/atm/other/,no_sns_service
LINE公式アカウント,https://www.shigachushin.jp/service/line.php,no_sns_service
YouTube 運営 代行 、動画制作実績,https://doga.work/works,no_address
大学広報,https://tandai.sumire.ac.jp/guide/public/,no_sns_service
株式 会社 たしざん WORK,https://www.tashizan.jp/sns-management,kept
株式 会社 デジタル マーケティング エージェンシー,https://www.kenkou-shiga.jp/member/member-5873,no_sns_service
【7/8  開催】 LINE公式アカウント 活用勉強会（商業部会主催）,https://moriyama-cci.or.jp/2026/05/28/syogyo_sns_line/,kept
日本レジャーチャンネル WEBソリューション,https://www.jlc.ne.jp/service/solution-3/,kept
「すむむ。」で皆様の Instagram 投稿を紹介！第一弾は大津市特集,https://www.dam-sol.jp/blog/instagram-campaign-ver1,kept
166,https://www.nouzeikyokai.or.jp/search/?act=list&page=166,no_sns_service
滋賀県 商工会連合会,https://www.shigasci.net/,no_sns_service
Facebook特徴～character～,https://sns-promotion.com/character,fetch_failed
京都 府内における令和2年国勢調査広報業務委託 募集要領,https://www.pref.kyoto.jp/tokei/news/documents/bosyuuyouryou.pdf,fetch_failed
京都府 ・滋賀県で 広告 事業を手掛けるマル新グループ,https://marushingroup.net/advertisement,kept
【撮影・編集込み】 SNS運用 代行サービス,https://enlink-kyoto.co.jp/services/sns-management/,kept
会社 概要,https://www.tabiiroad.net/company/,kept
京都 のWeb 広告 ・Webマーケティング支援,https://oaloal.jp/,no_sns_service
公益社団法人 滋賀県 建築士会 主催セミナー 「建築業向け SNS ...,https://www.globallinkjapan.com/%E5%85%AC%E7%9B%8A%E7%A4%BE%E5%9B%A3%E6%B3%95%E4%BA%BA-%E6%BB%8B%E8%B3%80%E7%9C%8C%E5%BB%BA%E7%AF%89%E5%A3%AB%E4%BC%9A%E3%80%80%E4%B8%BB%E5%82%AC%E3%82%BB%E3%83%9F%E3%83%8A%E3%83%BC-%E3%80%8C%E5%BB%BA/,kept
サービス,https://free-section.com/service/,no_company
仕事・資格の種類,https://fukushi.shiga.jp/kaigo/shikaku,no_sns_service
リスティング・ SNS広告,https://www.mediaimpact.co.jp/service/listing_ad/,no_address
京都府 社会福祉協議会 公式 Facebook ページ 運用 ポリシー,https://fukujob.kyoshakyo.or.jp/pdf/Facebook20170227.pdf,fetch_failed
ソーシャルメディア を使用した広報,https://www.city.joyo.kyoto.jp/0000001613.html,no_sns_service
12/15（木）開催「中小企業のためのYouTube動画＆SNS活用 ...,https://www.vipo.or.jp/news/13378/,no_address
メディア 制作,https://kotokatari.kyoto/media.html,no_sns_service
京都 ・大阪で SNS広告運用 代行ならPrime SEO+,https://primeseo.jp/service/sns-advertisement/,no_address
市公式フェイスブック(Facebook)について,https://www.city.kyotanabe.lg.jp/0000007412.html,no_sns_service
京都ソーシャルメディア 研究会,https://www.ki21.jp/it/plaza/h24/socialmedia/,no_sns_service
ソーシャルメディア ポリシー,https://www.kyoto-towerhotel.jp/social/,no_sns_service
ソーシャルメディア ポリシー,https://www.marushigeya.jp/social-media-policy,no_sns_service
ソーシャルメディア ポリシー,https://japan.mimaki.com/socialmedia.html,no_sns_service
合同会社RE VENTと連携した SNS 動画発信実証実験,https://www.city.hirakata.osaka.jp/0000053369.html,kept
ソーシャルメディア ポリシー,https://www.fujitaka.com/policy5/,no_sns_service
QUESTION POSTで SNS の専門家と出会う,https://ichioshi.kyoto-shinkin.co.jp/case/1389,kept
YouTube 運用代行 （単発＆部分発注プラン：あり）,https://amvision-co.jp/service/detail/bxVh8uOp,kept
いたくら Directors Univ,https://directors-univ.co.jp/member/%E3%81%84%E3%81%9F%E3%81%8F%E3%82%89/,no_address
ソーシャルメディア,https://tankuma.jp/sns/,no_sns_service
MetaGate,https://kyobusi.kyoto/company/11783-1673451997/,kept
グローストリガー 株式 会社,https://kyoto-kosodatepia.jp/kodomohagukumu/company/%E3%82%B0%E3%83%AD%E3%83%BC%E3%82%B9%E3%83%88%E3%83%AA%E3%82%AC%E3%83%BC%E3%80%80%E6%A0%AA%E5%BC%8F%E4%BC%9A%E7%A4%BE/,no_address
【重要なお知らせ】なりすましアカウントにご注意ください,https://hotelfauchonkyoto.com/post-3452/,no_sns_service
会社 概要,https://www.re-kyoto.jp/%E4%BC%9A%E7%A4%BE%E6%A6%82%E8%A6%81,no_address
