company_name,url,result
ミセノビ,https://misenobi.jp/,no_address
この簡易版検索結果ページについて,https://support.yahoo-net.jp/PccSearch/s/article/H000011627,no_sns_service
プライバシーセンター,https://privacy.lycorp.co.jp/ja/,no_sns_service
会社概要,https://slime-work.com/aboutus/,kept
私たちについて,https://firstleap.co.jp/about/,no_address
プライバシーポリシー,https://www.lycorp.co.jp/ja/company/privacypolicy/,kept
STORE,https://d-motion.co.jp/store/,kept
about us,https://www.smc-exp.jp/front_page/about-us/,no_sns_service
株式会社 トライン,https://try-in.com/,kept
検索結果への広告掲載,https://www.lycbiz.com/jp/service/yahoo-ads/search_results,no_address
合同 会社 24,https://24llc.jp/,no_address
ブログ,https://familize.net/blog,kept
株式 会社 ZenA,https://zena23.jp/,no_sns_service
メイセイクリエーション株式 会社,https://hkd-ouendankaigi.jp/cheering/enterprise/490.html,no_address
Service,https://comingup.co.jp/service.php,no_sns_service
MEO対策,https://areaic-ltd.com/service/meo/,no_sns_service
企業 支援 事業,https://nonno-lab.co.jp/3-10,no_sns_service
メイブリッジ合同 会社,https://maybridge.info/,no_sns_service
長井伸樹,https://mrba.or.jp/%E9%95%B7%E4%BA%95%E4%BC%B8%E6%A8%B9/,kept
FOOD BUSINESS ASSOCIATION – ワンストップで 飲食店 の営業を ...,https://fba-sapporo.jp/,no_sns_service
MEO 支援,https://www.surestack.net/%E8%A4%87%E8%A3%BD-meo-google%E3%83%9E%E3%83%83%E3%83%97-%E5%AF%BE%E7%AD%96,kept
Service,https://mizuno-beauty.co.jp/service/,no_sns_service
株式 会社 アセットプランニング,https://assetplanning.co.jp/,no_sns_service
個人 サロン 向け予約管理システム『ReCatch（リキャッチ）』を ...,https://suzulabo.co.jp/information/261/,kept
YouzanJapanが 美容 業界向け 集客支援 ＆予約管理サービス 「u ...,https://newscast.jp/smart/news/7299560,kept
札幌 のSNS運用代行 会社 ・株式 会社 キングプロテアが初期費用 ...,https://www.toonippo.co.jp/articles/-/2235898,no_address
医師の開業・継承を 支援 メディプランコンサルティング,https://consult-mp.com/succession,no_address
医院盛業 支援 サービス,https://hhd-mp.com/service/doctor/consulting/,kept
不動産 売買仲介経験3年以上の方へ フルリモート,https://lp.terass.com/ta/,no_contact
"RUTSUBO, inc.",https://rutsubo.co.jp/,kept
札幌 のSNS運用代行 会社 ・株式 会社 キングプロテアが初期費用 ...,https://hokkaidotimes.jp/press-release/6023/,kept
株式 会社 リージョナル マーケティング,https://satudora-hd.co.jp/company/group/regional-marketing/,no_sns_service
北海道の 不動産 DX 支援,https://sokolife-dx.jp/area/hokkaido/,no_sns_service
and ESTATES,https://and-fudosan.co.jp/,no_address
SERVICE 事業内容,https://dia-beauty.co.jp/service/,no_sns_service
株式 会社 ノマディア,https://nomadia.jp/,no_sns_service
会社 概要,https://triad-pr.jp/gaiyo/,no_address
株式 会社 SUMiTAS – 解決市場ビジネスインサイト,https://insight.kaiketsu.market/product/sumitas/,no_address
株式会社LOL LABO,https://baseconnect.in/companies/cf6c32e1-8171-4236-9b04-c8bf0eaaaceb,kept
地域 に 密着 するメディアや 広告代理店 など全5社と、SMOUTの取次 ...,https://lab.smout.jp/news/news-20240314,no_sns_service
DACグループ【(株)デイリースポーツ案内 広告 社、(株 ...,https://job.mynavi.jp/27/pc/search/corp207446/obog26018208/obog.html,kept
奥山朋宏 中小企業 診断士事務所,https://smec.jpn.org/,no_company
会社案内,https://replan.co.jp/about,kept
会社 概要,https://parachute.co.jp/company/,kept
北海道 札幌市 のホームページ制作・ Webマーケティング会社 CHASM,https://chasmweb.com/blog/,kept
TOPICS,https://www.roadskip.com/blog,no_address
WEBマーケティング ・広告担当,https://www.crypton.co.jp/recruit/career/job_marketing.html,kept
FIKA（フィーカ）: 札幌 の ホームページ制作 ・Webサイト制作 会社,https://fikapage.com/,no_company
事業詳細,https://www.xn--pet362a.com/%E4%BA%8B%E6%A5%AD%E8%A9%B3%E7%B4%B0/,kept
御社の 販促 サポートします,https://enreiso-legal.com/2020/03/20/hansoku/,no_sns_service
札幌 の Webマーケティング,https://www.inankl.co.jp/sapporo-webmarketing,no_address
那須印刷株式 会社,https://chiyoda-shokoren.com/companies/companies-255/,kept
2022年度中小企業競争力強化 促進 事業採択先,https://www.hsc.or.jp/2022_compe/,no_address
北海道全域・長野県全域・新潟県全域の電柱広告,https://www.ntt-tp.co.jp/service/pole.html,no_address
北海道 札幌市 に本社を置くイーストンが展開する「エレクトリック ...,https://www.ebica.jp/wp-content/uploads/2024/03/81b59b36cdad900c43c2b7f706ee6d6b.pdf,fetch_failed
株式 会社 リバロ（広告・WEBデザイン事業）,https://growth-100-oku.smrj.go.jp/companies/pdf/01312-00.pdf,fetch_failed
～道産野菜と 札幌 飲食店によるオリジナルスープイベント～ 札幌 ...,https://www.sapporo-cci.or.jp/web/events/details/2026_2.html,no_sns_service
お知らせ,https://www.evolia.co.jp/news/,kept
「ガンバル中小企業・小規模事業者応援事業補助金」の ...,https://www.city.asahikawa.hokkaido.jp/700/723/729/d073983_d/fil/1023-3.pdf,fetch_failed
楽天 マーケティング ジャパン部：運用型広告コンサルタント（ 札幌 ...,https://rakuten.wd1.myworkdayjobs.com/ja-JP/RakutenInc/job/Performance-Marketing-Consultant--Sapporo---LinkShare-Japan--A-M-_1034494-1,no_sns_service
スロットキャンペーン,https://service.campaigns.jp/challenge,no_sns_service
道北パートナーズ,https://dohokupartners.com/,no_address
合同 会社 moon,https://moon-as.jp/,no_sns_service
グループの新境地！店舗DXで 飲食店 経営の未来を切り拓く,https://recruit.unext-hd.co.jp/people/2025/11/story-55916.html,no_address
事業所検索システム,https://asahikawashokokai.info/sho-biz/,no_sns_service
中心市街地の活性化に関する国の 支援 策について,https://www.chisou.go.jp/tiiki/chukatu/pdf/setumei.pdf,fetch_failed
旭川 大雪エリア>,https://kitamura-iri.jp/wp-content/uploads/2024/08/%E6%97%AD%E5%B7%9D%E5%A4%A7%E9%9B%AA%E3%82%A8%E3%83%AA%E3%82%A2%E3%83%9E%E3%83%BC%E3%82%B1%E3%83%86%E3%82%A3%E3%83%B3%E3%82%B0%E3%82%BB%E3%83%9F%E3%83%8A%E3%83%BC%E6%A1%88%E5%86%85%E3%83%81%E3%83%A9%E3%82%B7-%E6%9C%80%E7%B5%82%E7%89%88.pdf,fetch_failed
北海道 旭川市 「あさひかわ健幸アプリ」リリースのお知らせ,https://felicapocketmk.co.jp/news/20240401/1899/,no_sns_service
採択結果 ①デジタルツール導入（観光地の販路拡大 ...,https://www.mlit.go.jp/kankocho/content/001896824.pdf,fetch_failed
Asahikawa Woman Support,https://www.faaj.or.jp/adviser/asahikawawomansupport/,kept
札幌 拠点 ポロワッカ: ポロワッカによる WEB 広告代行を中心とする ...,https://ad.porowakka.co.jp/,no_address
起業相談、起業 支援 、販路拡大、女性向け商品企画・女性向け消費 ...,https://asahikawa-support.jimdofree.com/,no_address
【正社員】SNSマーケター／ディレクター（未経験者歓迎）,https://open.talentio.com/r/1/c/revoltjapan/pages/126002,no_sns_service
株式 会社 ルプラボウ 山本光瑠,https://coloroncanvas.jp/notes/le-pla-Hikaru_yamamoto,no_sns_service
不動産会社 向けブランディング事例集,https://www.crasco-consul.com/branding/mockup,no_address
次世代 地域No.1を目指す住宅 会社 の成功法則大公開セミナー,https://www.funaisoken.co.jp/seminar/107925,kept
管理戸数3200戸の株式 会社 キュービック 不動産 が『GMO賃貸DX ...,https://gmoretech.com/news20260115/,no_sns_service
くにもとメディカルグループ,https://kunimoto-hp.com/group/,no_sns_service
北海道JR 旭川 駅前ドラッグストア併設医療モール,https://medicalresearch.jp/reference_property/1185/,kept
てるみ 美容室 （ 旭川市 末広五条）,https://www.ekiten.jp/shop_27334965/,no_sns_service
CLINICS導入 支援,https://www.alpha-sy.jp/clinics/,no_sns_service
飲食業人材不足等対応 支援 補助金,https://www.arc-net.or.jp/varioussupport/ijbt/,kept
【新掲載】株式 会社 カワムラホーム代表取締役社長川村健太氏が語る,https://housing.funaisoken.co.jp/blogs/column/juutaku1179,no_sns_service
不動産 問題,https://asahikawa.lawyer-web.jp/real-estate/,no_sns_service
株式 会社 Conple.,https://conple-hk.com/,no_sns_service
【今月号特選記事】大手チェーンも“カットモデル画像”使い回し ...,https://www.zaikaisapporo.co.jp/news/news-article.php?id=16117,no_sns_service
平成26年度経営技術強化 支援 事業エキスパート名簿,https://www.skr-akita.or.jp/image/work/h26.meibo.pdf.pdf,fetch_failed
プランニング・キャンパス,https://design-asahikawa.jp/designhubmember/%E3%81%8D%E3%81%90%E3%81%A1%E3%81%BE%E3%81%95%E3%81%AF%E3%82%8B/,no_company
株式 会社 INDIGO,https://indigo-inc.co.jp/,no_sns_service
【北海道 旭川市 】包装資材等転換 支援 補助金とは？対象になる費用 ...,https://grantos.jp/articles/asahikawa-hoso-shizai-hojokin,no_sns_service
北海道 旭川市,https://www.iac.ne.jp/service/index5.html,no_address
美瑛･ 旭川ホームページ制作会社 WEB制作会社 biei.work,https://biei.work/,no_company
ソリューションセンター,https://solutioncenter.co.jp/,kept
株式 会社 あさひかわ ホームページ 商店街: HOME,https://ahoshow.com/,no_address
会社概要,https://ko-tu.com/company/,no_sns_service
会社概要,https://coo.net/profile2,no_sns_service
地域エージェントインタビュー（橋本さん）,https://www.rakuda-f.com/areaagent-interview-2,no_sns_service
北海道,http://switzerland.co.jp/homepage.html,kept
地域貢献活動計画書,https://www.pref.hokkaido.lg.jp/fs/1/1/6/4/6/9/3/7/_/1001-c130709.pdf,fetch_failed
正一の部屋,https://www.synergymedia.co.jp/room_s.html,kept
岩間創作室,https://iwama-artwork.com/,no_company
店舗の魅力を引き出すLEDと映像制作の融合で、集客力を高める！,https://design-glow.jp/led1/336fc163-8721-4a22-bed9-c212d2e9b100/f6282ef4-85de-48d7-bddc-25f273379024,kept
広告代理 事業,https://memoru.co.jp/business-plan.html,no_sns_service
COMPANY,https://hagiya-hokkaido.info/company/,no_address
第21回「生涯取引」研究例会ご発表企業決定のお知らせ,https://www.aosc.co.jp/news/691/,no_sns_service
ジモスポ 旭川 さん（ジモティースポット 旭川 旭町店）のプロフィール,https://jmty.jp/profiles/68d0bc04ec7f1c07948c6099?srsltid=AfmBOoocopdOFx7crLufCswsxMwyOzHkLy3jtXFtOiDMNS2O1805UJI4,no_sns_service
こっしーのおみせ,https://www.jfc.go.jp/n/finance/sougyou/case/detail.html?id=005,no_sns_service
LEDビジョンで魅力的な商業施設を創造しませんか？,https://huddle55.jp/led1/1f2e3c1b-404e-4686-ae2e-d60b559409d7,kept
屋台村（ハード）とバル（ソフト）の相乗効果で、まちなかの ...,https://machi.smrj.go.jp/machi/closeup/town/120622hakodate.html,no_sns_service
株式 会社 クロス・プロップワークス,https://hakodate-area.jp/kigyonavi/crosspropworks/,no_sns_service
「 函館 の飲食店課題」解決を目指す 函館 限定の新サブスク、加盟店 ...,https://anonigiwai.jp/2025/02/03/20250203/,no_sns_service
北海道の 不動産 業を代表する企業【取引・賃貸・管理】,https://clip-corporation.com/column/realestate-hokkaido/7/,no_address
【終了】飲食・サービス業のためのインスタグラムの始め方,https://chibayorozu.go.jp/seminar/pastseminars/20201112am/,kept
函館市 フォーム マーケティング 企業誘致活動業務 プロポーザル審査 ...,https://www.city.hakodate.hokkaido.jp/docs/2024040300089/file_contents/kekka.pdf,fetch_failed
設立 10周年を迎え、 函館 オフィスで記念懇親会開催,https://www.h-invitation.jp/expanding-companies-blog/260108_cpw/,kept
函館市 企業局交通部 駅ターゲティング広告 駅検索,https://www.navitime.co.jp/advertising/station/railcompany/00000130,no_address
美容室 SOHO newyork （ソーホー）,https://lpsoho.mash-beauty.com/,no_sns_service
支援 実績,https://accesscode.co.jp/works,no_address
函館 「食」ニュース,https://www.oishii-hakodate.jp/news/page/23/,no_address
【クライアントボイス】有限 会社不動産 企画ウィル様,https://handr.libcon.co.jp/works/009/,fetch_failed
【公式】メタロ・バランス検査,https://metallo-balance.net/access/,no_sns_service
当院について,https://www.takaramachi-gpclinic.com/about,no_sns_service
令和4年度 事 業 報 告,https://www.techakodate.or.jp/fscontents/houkoku_R4.pdf,fetch_failed
2024年度,https://yorozu-hokkaido.go.jp/wp_yorozuhkd/wp-content/uploads/2024/04/pamphlet2024.pdf,fetch_failed
資料10 北海道よろず 支援 拠点資料,https://jsite.mhlw.go.jp/hokkaido-roudoukyoku/content/contents/000350039.pdf,fetch_failed
(株)ラルズネット,https://www.sfkoutori.or.jp/sanjokaiin/%E6%A0%AA%E3%83%A9%E3%83%AB%E3%82%BA%E3%83%8D%E3%83%83%E3%83%88/,kept
粗利昨年対比187%！データドリブン経営を実現させた 不動産会社,https://dx.funaisoken.co.jp/column/post/ainahome,no_address
株式会社アイメックス,https://www.officeclover.com/erabare/index-erabare.html,kept
省力化投資補助金コンサルタント,https://k-supporterz.jp/01_Hokkaido/syoryokuka.html,no_address
函館 インフォメーション・ネットワーク（株） 会社 概要-HINET,https://www.hakodate.or.jp/home/hinet/default.htm,no_sns_service
同時開催,https://moula.jp/LP/hakodate-gosetsu2024sp/img/gosetsu2024sp.pdf,fetch_failed
R5Üc_7! L¶i°lh(ê¹È.xlsm,https://jsh.go.jp/r5h/assets/pdf/07/adoption-keieishakoutai_business.pdf,fetch_failed
函館 店,https://sell-house.jp/shop/hokkaido/hakodate,no_sns_service
ミリョク,https://marumaru-higashinihon.jp/uploads/5cfe438835f5d480ea1e2ff3c29a1690.pdf,fetch_failed
会員,https://www.hakodate.cci.or.jp/wp-content/uploads/2019/11/2020-01-p14-30.pdf,fetch_failed
ウェブサイトおいしい 函館 応援団「おいしい 函館 クーポン」掲載店 ...,https://cms.oishii-hakodate.jp/wp-content/uploads/2020/05/%E3%81%8A%E3%81%84%E3%81%97%E3%81%84%E5%87%BD%E9%A4%A8%E3%82%AF%E3%83%BC%E3%83%9D%E3%83%B3%E5%8B%9F%E9%9B%86%E8%A6%81%E9%A0%85_0507.pdf,fetch_failed
イオン琉球 株式会社 「 青森 県フェア」でトップセールスを行います,https://www.city.aomori.aomori.jp/_res/projects/default_project/_page_/001/007/653/0114_05_aomorikenfea.pdf,fetch_failed
令和元年度補正予算 小規模事業者持続化補助金＜一般型＞（第3回 ...,https://r1.jizokukahojokin.info/saitaku/doc/r1i_3_touhoku.pdf,fetch_failed
多角化する事業の成長を後押し。電話営業からSNS運用、採用まで ...,https://www.aidma-hd.jp/case/zirei-461/,kept
心の専門家による顧客心理コンサル,https://hsmana.com/consulting,kept
第8回 JLAA地方創生アワード 最優秀賞3事業 優秀賞5事業 決定！,http://www.jlaa.jp/pickup/archives/1487,no_sns_service
リッツの WEBマーケティング webではじめる新戦略,https://ritz-web.net/,kept
INFORMATION,https://passage-aomori.net/news_item.html?model=news&id=79a3e72b366135612e0001e4,no_sns_service
ミアキス:地域を代表する企業100選,https://madeinlocal.jp/category/companies/saitama046,kept
産学官金連携による 地域 共創の実現 高坂 幹 こうさか かん,https://www.soumu.go.jp/main_content/000939254.pdf,fetch_failed
函館 営業所,https://corporate.jp.canon/profile/group/system-and-support/office/hokkaido-tohoku/hakodate,no_sns_service
消費者に 地域 や商品が選ばれる！「 マーケティング 思考」のススメ,https://aomori-tourism.com/event/detail_9889.html,no_sns_service
【募集終了】神戸市企業による県産加工食品テスト マーケティング,https://www.pref.aomori.lg.jp/soshiki/sangyo/chikikigyo/r7kobe-tm.html,no_address
観光 マーケティング ・プロモーション事業,https://tabifun.jp/service/kankou-promotion,no_company
PowerPoint プレゼンテーション,https://www.acci.or.jp/images/2020/10/semina1.pdf,fetch_failed
美容室 ・ サロン の経営 支援 ・サポート,http://beautybrain.jp/,no_sns_service
〈東京都杉並区〉 株式会社 SHO-SAN,https://app.vachanavi.com/articles/sho-san,kept
消費者に 地域 や商品が選ばれる！「 マーケティング 思考」のススメ,https://www.tohokukanko.jp/festivals/detail_1011658.html,no_address
HAKOSHOP,https://www.hakodateshougyou.hokkaido-c.ed.jp/page_20240305052642/page_20240312005844/page_20240312010352,no_sns_service
店舗デザイン mui hair&eyelash 様 新装工事,https://salon-market.jp/works107.html,kept
地域 企業のための広報・PRセミナーの開催について（1月17日 ...,https://www.21aomori.or.jp/topics/32723,kept
株式 会社 アンダス サロン 経営トータルサポート,https://andus-m.jp/salosutamedia_andus,no_sns_service
青森市 農商工大作戦,http://aomorisanpin.jp/wp/wp-content/uploads/2015/06/H26%E5%AE%9F%E7%B8%BE%E5%A0%B1%E5%91%8A.pdf,fetch_failed
ちよ内科 クリニック,https://www.fukuda.co.jp/medical/practice/interview/chiyo.html,no_sns_service
WEB 集客 ・反響 支援 サービス,https://www.rebc.jp/plan/lead_service,no_sns_service
不動産 ホームページ制作(HP作成)ならホームページ博士RHS,https://www.j-s-p.com/,kept
エキスパート講師リスト,https://www.aomorishokoren.or.jp/other/expert.html,kept
窓口 支援 事例 【 青森 県 知財総合 支援 窓口】,https://chizai-portal.inpit.go.jp/supportcase/upload_docs/mizuiroinc.pdf,fetch_failed
サロミースペース【 美容室 ・ サロン 店舗空きスペース収益化 支援 】,https://salome.co.jp/space,kept
特許庁 中小企業 応援宣言！,https://www.meti.go.jp/publication/pdf/pamph_oshinagaki.pdf,fetch_failed
業務内容,https://buddys.gallery/contents/,no_sns_service
飲食店 のコンサルティングなら株式 会社 スリーウェルマネジメント,https://www.threewell.co/business,kept
不動産 投資,https://response-pm.com/investment,no_sns_service
八戸 広告代理店 協会: 八戸市内の 広告代理店,https://www.hachinohe-aaa.com/,no_sns_service
IT業( WEB制作 /SNS 運用 /通信販売/デザイン関連),https://www.shusei-aomori.com/blog/categories/it%E3%83%BB%E9%80%9A%E4%BF%A1%E6%A5%AD,no_address
（仮称）サンロード 青森 メディカルセンター,https://medicalcenterjp.com/articles/articles-14882/,no_sns_service
マーケティング ・セールス戦略 支援 事業採択（2件）,https://www.tokeiren.or.jp/wp/wp-content/uploads/2022/03/220323_%E3%80%90%E3%83%97%E3%83%AC%E3%82%B9%E3%80%91%E3%83%9E%E3%83%BC%E3%82%B1%E3%83%86%E3%82%A3%E3%83%B3%E3%82%B0%E3%83%BB%E3%82%BB%E3%83%BC%E3%83%AB%E3%82%B9%E6%88%A6%E7%95%A5%E6%94%AF%E6%8F%B4%E4%BA%8B%E6%A5%AD.pdf,fetch_failed
オフィスカナン 株式会社,https://innovation-net-aomori.ina.pref.aomori.lg.jp/portal/company/%E3%82%AA%E3%83%95%E3%82%A3%E3%82%B9%E3%82%AB%E3%83%8A%E3%83%B3%E6%A0%AA%E5%BC%8F%E4%BC%9A%E7%A4%BE/,kept
ブックマークジャパン株式 会社,https://www.bmjp.co.jp/wp/wp-content/uploads/2020/12/kindergarden-promotionworks202012.pdf,fetch_failed
ご 来店 窓口のご案内,https://www.sumitomolife.co.jp/acceptance/,no_sns_service
ITから農業まで複数 会社 を経営 株式 会社 natowa 千田弘和,https://www.shibuyamov.com/interviews/memberinterview01.html,kept
SHOP LIST,https://www.maryquant.co.jp/shoplist/,no_sns_service
びっくりドンキーWEB 来店 予約,https://www.bikkuridonkey.net/junbanmachi/web/process/Reserve.xhtml,no_sns_service
営業力強化のための マーケティング 思考 ～単なる知識で終わらせ ...,http://www.hachinohe-ip.co.jp/ip_pdf/ip-club_H28-kouenkai2.pdf,fetch_failed
ほっともっと 青森 南佃店,https://store.hottomotto.com/b/hottomotto/info/63617/,no_sns_service
小児科のアメーバブログで増患対策,https://netclinic119.net/%E5%B0%8F%E5%85%90%E7%A7%91/index-3214.html,no_address
市政1期目の取り組み,https://kumagai21.com/pdf/torikumi2025.pdf,fetch_failed
八戸 限定地域密着ウェブアドバイザーサービスを開始,http://fdcreate.jp/blog/webadvisor/,kept
中心商店街空き 店舗 ・空き床解消事業補助金（令和8年度の ...,https://www.city.hachinohe.aomori.jp/soshikikarasagasu/machizukuribunkasuishinshitsu/chuushinshigaichikasseika/02/1993.html,kept
採択事業者リスト,https://jizokukahojokin.info/doc/2601touhoku.pdf,fetch_failed
M02.REGAIN GROUP株式 会社 八戸マーケティング センター,https://www.hachinohe-yuchi.jp/lets-work/corporate-file/corpfile_m-02/,kept
セミナー・実績紹介 お問い合わせ,http://bondman.jp/seminar,no_sns_service
「令和6年度商店街活性化セミナー～インバウンドを味方に！外国 ...,https://jongara.net/blog/archives/organizations/%E3%80%8C%E4%BB%A4%E5%92%8C%EF%BC%96%E5%B9%B4%E5%BA%A6%E5%95%86%E5%BA%97%E8%A1%97%E6%B4%BB%E6%80%A7%E5%8C%96%E3%82%BB%E3%83%9F%E3%83%8A%E3%83%BC%EF%BD%9E%E3%82%A4%E3%83%B3%E3%83%90%E3%82%A6%E3%83%B3,fetch_failed
美容 師アシスタントの募集要項,https://clients.itszai.jp/4f54597a4f513d3d/recruitments/116?ref=true,no_sns_service
中小企業のための マーケティング 支援事例 – 合同 会社 8,https://www.8llc.jp/activity/%E4%B8%AD%E5%B0%8F%E4%BC%81%E6%A5%AD%E3%81%AE%E3%81%9F%E3%82%81%E3%81%AE%E3%83%9E%E3%83%BC%E3%82%B1%E3%83%86%E3%82%A3%E3%83%B3%E3%82%B0%E6%94%AF%E6%8F%B4%E4%BA%8B%E4%BE%8B/,kept
2024ヴァンラーレ 八戸 地域共創パートナー募集のご案内,https://vanraure.net/archives/699676,no_sns_service
オーナー様へ  松橋 不動産 八戸市 のアパート賃貸・土地・売家等の ...,https://www.matuhasi.co.jp/lend/,no_sns_service
REGAIN GROUP株式 会社 八戸マーケティング センター,https://it-tele8.com/companies/regain/,no_sns_service
JOIN!Vol.7-ほそごえハート クリニック,https://www.irc-web.co.jp/join_vol8,no_sns_service
助産 院 開業 年収に関する独立、開業、フランチャイズ情報を探す,https://entrenet.jp/kw/%E5%8A%A9%E7%94%A3%20%E9%99%A2%20%E9%96%8B%E6%A5%AD%20%E5%B9%B4%E5%8F%8E/,no_sns_service
コンサルティング契約書【ひな形あり】,https://www.hachinohe-kigyohoumu.com/keiyakusho/ky015/,no_sns_service
創業者向けセミナー「 集客 アップにつながるプレミアムレッスン」,https://starting-business.net/events/event/%E5%89%B5%E6%A5%AD%E8%80%85%E5%90%91%E3%81%91%E3%82%BB%E3%83%9F%E3%83%8A%E3%83%BC%E3%80%8C%E9%9B%86%E5%AE%A2%E3%82%A2%E3%83%83%E3%83%97%E3%81%AB%E3%81%A4%E3%81%AA%E3%81%8C%E3%82%8B%E3%83%97%E3%83%AC/,no_sns_service
オーナー様へ,https://www.furukawanet.co.jp/for_owner,no_sns_service
生成AI活用 仕事が変わる第一歩,https://hojinkai.zenkokuhojinkai.or.jp/hachinohe/files/2026/05/7.16%E5%85%A5%E6%BE%A4%E8%AC%9B%E5%B8%AB%E3%83%81%E3%83%A9%E3%82%B7%E6%A1%88%E5%85%AB%E6%88%B8%E6%B3%95%E4%BA%BA%E4%BC%9A%E6%A7%98.pdf,fetch_failed
メンバー紹介,https://aoit.jp/about/member,kept
八戸 商工会議所 令和5年度事業方針,https://www.8cci.or.jp/news-page.php?eid=00200,no_sns_service
売買土地,https://www.bukken-omakase.com/pist_db_sv/pist_db1_sv.php?pn=28&findflg=1&f_j1=%94%AA%8C%CB%8Es&f_kf1=1&f_kf2=1&f_ks=50,no_sns_service
八戸 レポート（2023年11月号）,https://hakko-alumni.sakura.ne.jp/wp-content/uploads/2023/11/hachinohereport202311.pdf,fetch_failed
WEB （HP） 制作 サービス,https://isp.hi-net.ne.jp/service/web-design/,kept
ガーベル,https://gerbel.jp/,no_company
このサイトについて,https://hachinohetamukai-housedo.com/usingsite/,no_sns_service
平成 30 年度 水産加工業等販路回復取組支援事業,https://www.fukko-hanro.jp/download/img/jirei_vol4.pdf,fetch_failed
企業情報トップ,https://www.world-kikaku.jp/company/,kept
メディア価格がわかる『 広告 ダイレクト』,https://www.kokoku-direct.jp/massmedia/radiocm/,kept
食育ネットとうほく会員詳細情報〔青森県〕 食品事業者〔青森県〕,https://www.maff.go.jp/tohoku/syouan/syokuiku/syokuikunet/attach/pdf/kaiin-223.pdf,fetch_failed
取り扱い店舗マップ,https://jpstar-aichi.com/map/,no_sns_service
「とうぎん DX 取組 支援 サービス」による 支援 について,https://www.tohoku-bank.co.jp/showimage/pdf?fileNo=1678,fetch_failed
経営 支援 課,https://www.pref.iwate.jp/soshiki/shoukou/1016025.html,no_company
盛岡市 -1 認定中心市街地活性化基本計画のフォローアップに関する ...,https://www.city.morioka.iwate.jp/_res/projects/default_project/_page_/001/010/005/h22followup.pdf,fetch_failed
いわての学生を活用した「いわてのマーケティング」【 株式会社 ...,https://www.bizloop.jp/t955804/s1/,kept
八戸市 十三日町 ウシジマビル1階3号室 貸 店舗 ・事務所（区分） の詳細,https://www.10-2.co.jp/d02000100112020000000051,no_sns_service
地方創生・ 地域 コンテンツ開発事業,https://coco-harete.com/regional-revitalization/,kept
店舗 のInstagram（＆デジタル活用）徹底クリニック,https://8nohe-ikiikidx.jp/instagram%E3%82%BB%E3%83%9F%E3%83%8A%E3%83%BC/,no_address
「人流×地図×リサーチ」の統合 マーケティング 支援,https://connect.tohknet.co.jp/blog/detail?id=289,no_address
ゼロイチキュウ合同 会社 への投資について,https://kankou-japan.jp/pdfs/top_notice/16/,fetch_failed
Googleビジネスプロフィール 登録・活用セミナー,https://www.town.yamada.iwate.jp/fs/1/2/3/4/4/1/_/Google_______________.pdf,fetch_failed
ウェブサポ,https://r-handman.com/,kept
株式 会社 アットマーク 代表取締役 山本長様,https://zitzgen.com/voice/945/,kept
【 盛岡市 ・岩手大学】岩手大学 地域 連携フォーラムin盛岡2024開催 ...,https://www.startup-iwate.pref.iwate.jp/2403/,no_sns_service
kusette株式 会社 、くせ毛カット専門 美容室 「Share salon by ...,https://be-story.jp/prtimes/148377/,no_sns_service
【コワーキングスペースを活用した事業 支援 ！】岩手県 盛岡市 の ...,https://talent.direct.hipro-job.jp/talent/issue/8957/,no_sns_service
Company Profile,https://revol.co.jp/cms/wp-content/uploads/2021/02/revol_company-_nformation_download-1.pdf,fetch_failed
飲食店 ・小売店の顧客満足度向上を目指して（その2）,https://www.jri.co.jp/column/kokoro/detail/742/,no_sns_service
採用情報,https://salon-popular.com/recruit/,no_sns_service
株式会社テクノマックス 八戸 営業所,https://linkage-aomori.jp/supportingmember/supportingmember-335/,no_sns_service
開業事例,https://kaigyou.tb-net.jp/voice/,no_address
【 支援 事例③】代表者交代の節目にCOO代行サービスを活用！経営 ...,https://days-consulting.com/topics/%E3%80%90%E6%94%AF%E6%8F%B4%E4%BA%8B%E4%BE%8B%E2%91%A2%E3%80%91%E7%B5%8C%E5%96%B6%E8%80%85%E4%BA%A4%E4%BB%A3%E3%81%AE%E7%AF%80%E7%9B%AE%E3%81%ABcoo%E4%BB%A3%E8%A1%8C%E3%82%B5%E3%83%BC%E3%83%93/,kept
"【お知らせ】クラウドファンディング「5,000人の満員アリーナへ ...",https://www.bigbulls.jp/news/detail/id=19847,no_address
NEXUS,http://www.ginga.or.jp/_cms/wp-content/uploads/2022/08/nexus634.pdf,fetch_failed
オンライン入居申込システム「スマート申込」 新たに 1 社の家賃 ...,https://www.athome.co.jp/corporate/wp-content/themes/news/pdf/smartmoushikomi01-202607/smartmoushikomi01-202607.pdf,fetch_failed
小さな 会社 のための魅力の伝え方,https://fvctohoku.co.jp/wp2019/wp-content/uploads/2023/12/20230129_%E3%82%BB%E3%83%9F%E3%83%8A%E3%83%BC%E6%A1%88%E5%86%85%E3%83%81%E3%83%A9%E3%82%B7.pdf,fetch_failed
オーナーの声,https://dip-home.jp/voice.html,no_sns_service
商工会内部限,https://www.shokokai.com/cms/media/page/0105_0_senmonka_R80425.pdf,fetch_failed
選ばれる6つの理由,https://www.estest-baikyaku.com/reason/,no_sns_service
株式会社 エイチエムシー – 岩手県 盛岡市 の経営コンサルタント,https://mc-hoshino.co.jp/,no_sns_service
岩手県の中小企業,http://www.joho-iwate.or.jp/homepage/typeidx2.html,kept
岩手県 でSEO対策に強いウェブ マーケティング会社 ならオーパス ...,https://opus-plan.net/area/iwate/,kept
地域 主体で稼ぐ観光 地域 づくりをサポート する 『株式 会社 八幡平 ...,https://www.iwate-kenpokubus.co.jp/archives/14377/,kept
盛岡市 3500万円以上 売買物件特集 新築・中古住宅・売り土地など,https://www.kitatochi.com/sale_feature/result/95592,no_sns_service
補助金申請支援,https://www.asoffice-inoue.com/service/subsidy,no_sns_service
加盟店の皆さま,https://www.iwagindc.jp/merchants,fetch_failed
モールメディア プライスメニュー,https://file-cdn.aeonmall.jp/uploads/1d83be60-f611-463c-8db0-f02e88a7e4bd.pdf,fetch_failed
デジタルとリアルを融合した地方創生の最新事業モデルが岩手から ...,https://www.ntt-east.co.jp/iwate/information/detail/pdf/20220803_01.pdf,fetch_failed
イントを見つけて、予算をかけずに PR する方法～,https://www.morioka-vc.co.jp/wordpress/wp-content/uploads/2022/11/HP%E7%94%A820221214.pdf,fetch_failed
岩手県よろず 支援 拠点,https://yorozu-iwate.go.jp/,no_company
特定疾患製剤の マーケティング 戦略・実行推進 支援,https://www.ignitionpoint-inc.com/business/consulting/work/panel.html?id=829,no_sns_service
いわぎん広告・ マーケティング サービス「ATM 広告」の ...,https://www.iwatebank.co.jp/assets/pdf/20240909_atmad.pdf,fetch_failed
地域 ：岩手県 盛岡市 業種 ：出版社,https://biz-maps.com/s/cities/032018/m-inds/198,kept
【 仙台市 2022】プロフェッショナル人材活用による中小企業の課題 ...,https://social-development.circu.co.jp/sendai/2022/biz/,kept
ITを活用した 集客 や、チラシデザイン、 店舗 レイアウトの見直し ...,https://www.sendaicci.or.jp/marketing-support.html,no_company
マーケティング ・リサーチの力で、課題解決や意思決定を支援,https://www.city.sendai.jp/invest/interview/macromill2.html,kept
店舗 まるごと 支援,https://www.orientcoating.jp/support/,kept
第2回 観光地から関係地へ～ 地域 連携と マーケティング 支援 ...,https://www.city.okayama.jp/miraidukuri/0000069688.html,no_address
企業概要,https://www.zo-k.co.jp/profile/index.html,fetch_failed
ナンダリカンダリ,https://www.nandarycandary.net/,no_address
事例紹介,https://www.ap-tohoku.com/case/,no_sns_service
仙台 ・若林区の 飲食店支援,https://newvalues2024.com/%E5%9C%B0%E5%85%83%E5%AF%86%E7%9D%80%E5%9E%8B%E3%81%AE%E9%A3%B2%E9%A3%9F%E5%BA%97%E6%94%AF%E6%8F%B4%EF%BD%9C%E4%BB%99%E5%8F%B0%E5%B8%82%E3%83%BB%E6%A0%AA%E5%BC%8F%E4%BC%9A%E7%A4%BE%E6%AD%A9%E5%A4%A2/,no_address
私たちについて,https://www.e-fbs.jp/aboutus,no_address
ホーム,https://bigbang-group.jimdofree.com/,kept
戦略相談・広報 支援 盛岡,https://atelier-shu.jp/strategy-support-morioka/,no_address
About,https://sendaitoshi.net/about,no_address
【 仙台市 内】医療モール内の婦人科 クリニック,https://lets-nns.co.jp/shoukei-list/article_17897.html,no_sns_service
開業・集患コンサルタント,https://contribute-medicalcare.net/%E9%96%8B%E6%A5%AD%E9%9B%86%E6%82%A3%E6%94%AF%E6%8F%B4/,no_address
お知らせ,https://nk-vision.com/category/information/,kept
幡野 智典,https://areabusinessmarketing.com/?p=223,no_address
Untitled,http://kurokawa-shokokai.jp/kurokawa_wp/wp-content/uploads/2021/12/e90195998751730e86fc94bb112dfc47.pdf,fetch_failed
20th Anniversary in 2016,https://www.sendairei.com/cms/wp-content/themes/rei/img/common/rei_annai_all.pdf,fetch_failed
宮城県内の知的財産 支援 機関,https://www.pref.miyagi.jp/soshiki/shinsan/chizai-sienkikan.html,kept
地域 不動産支援,https://www.renobank.jp/realestate-support,no_address
会社 案内,https://salon-market-info.com/company/,kept
栃木県 中小企業 家同友会 経営フォーラム 自社の「か・だ・い」知っ ...,https://minaterrace.jp/event/2066,no_address
株式 会社 Blue Key: HOME,https://www.bluekey-sendai.com/,no_address
ホームページ 製作,https://www.echna.co.jp/service/web/,kept
仙台 の ホームページ制作会社,https://lp.ksb-sendai.co.jp/,kept
合同 会社 Bannso社（ばんそうしゃ）,https://www.bannso-sha.com/,kept
WORKS 事業内容,https://triple-good.com/works/,kept
岩手日報への新聞折込,https://adbranch.co.jp/news/ryokin_up/2484,no_sns_service
総合 広告代理店 有限会社創広 SOKO TOP PAGE,https://sokoad.com/,no_sns_service
[まんが広告の仕掛け]公開セミナー,https://www.tnb.or.jp/wp/wp-content/uploads/6edb529d9266d9245b708fcfa6be8a45.pdf,fetch_failed
仙台 勤務,https://recruit.sold-out.co.jp/recruit02_detail02,no_contact
プロモーション,https://www.asa-ori.co.jp/plbl5,no_address
事務長代行サービス,https://weive-sendai.jp/agency/,no_sns_service
集客に苦労しない、工務店をつくる。  工務店コンサルティング合同 ...,https://koumutenconsul.com/,no_address
空き家や相続 不動産 の活用・売却を 支援 するプロ 伊藤友佑,https://mbp-japan.com/miyagi/bluekey/interview/,kept
会員紹介,https://shindan-miyagi.jp/members/,kept
東北支店,https://tohoku.aap.co.jp/,no_address
専門家登録者名簿,https://www.bic-akita.or.jp/uploads/File/%E5%B0%82%E9%96%80%E5%AE%B6%E6%B4%BE%E9%81%A3/200801%E5%85%AC%E9%96%8B%E7%94%A8%E5%90%8D%E7%B0%BF.pdf,fetch_failed
デザインとアイデアでお客様の笑顔を作る,https://www.akitakeizai.or.jp/journal/data/201906_tyumoku.pdf,fetch_failed
ビジネス プロフィール,https://shoko-yurihonjo.jp/files/2023/11/1129_%E7%A7%8B%E7%94%B0%E7%9C%8C_GBP_A4%E3%83%81%E3%83%A9%E3%82%B7.pdf,fetch_failed
中心市街地等空き 店舗 対策事業,https://www.city.akita.lg.jp/jigyosha/shigaichi-kasseika/1041994.html,no_sns_service
Webサイト制作実績,https://d1p.jp/service/web/work/,no_address
秋田 犬のふるさとから世界へ。 地域 ブランド発信事業。,https://www.tohoku.meti.go.jp/s_kokusai/topics/pdf/230727_32.pdf,fetch_failed
Akita de Workation College,https://www.anahd.co.jp/group/pr/pdf/20231005-2-3.pdf,fetch_failed
ウェブ サイト 制作 ・ 運用サポート,https://stick.co.jp/service-list/digitalsolutions/website-seisaku/,no_address
商品開発,https://akita-yorozu.go.jp/concerns/shohinkaihatsu/,no_sns_service
一般社団法人創生する未来 秋田 事務所,https://digital.pref.akita.lg.jp/enterprise/32,kept
飲食店コンサルティングを新規定款として追加いたしました。,https://akita-seikou.co.jp/restaurant/,no_sns_service
newi 秋田 【ネウィ】,https://storage-recruit.com/salon/newi-akita/,no_sns_service
"【秋田県 秋田市 ,羽後町,湯沢市】株式 会社 あきた総研",https://shikakenin.challenge-community.jp/akitasouken/,no_sns_service
AOTAKE Project  アオタケプロジェクト  お知らせ  アオタケ ...,https://aizu-startups-foundation.com/aotake/2024news/r3HeqQoo,no_company
相談窓口を活用して店舗開業を実現～ 美容院 を開きたいという思い ...,https://kikou.smrj.go.jp/discovery/article/interview/itv06.html,no_sns_service
令和8年度誘致企業「株式 会社 ブレイク」,https://akitashi-kigyouyuchi.com/2026/07/28/%E4%BB%A4%E5%92%8C%EF%BC%98%E5%B9%B4%E5%BA%A6%E8%AA%98%E8%87%B4%E4%BC%81%E6%A5%AD%E3%80%8C%E6%A0%AA%E5%BC%8F%E4%BC%9A%E7%A4%BE%E3%83%96%E3%83%AC%E3%82%A4%E3%82%AF%E3%80%8D/,no_address
旅行 計 7 件,https://www.acvb.or.jp/member/list.html?job=18,no_sns_service
HAIR & MAKE EARTH（株式 会社 アースホールディングス）,https://webcourse.jp/nagasaki/articles/610,no_sns_service
私たちについて,https://recruit.ajrc.co.jp/about/,no_sns_service
No.156,https://www.akita-takken.jp/cms/assets/themes/custom/assets/img/pdf/Information_disclosure/kaiho_156.pdf,fetch_failed
リネシス株式 会社,https://www.jpm.jp/deposit/info/13103.html,no_sns_service
書籍,https://words-v.com/book/,no_sns_service
r5_grantdecision_list_invoice_09.pdf,https://it-shien.smrj.go.jp/pdf/r5_grantdecision_list_invoice_09.pdf,fetch_failed
秋田市 の 不動産 売却・買取査定は【秋田売却ナビ 秋田住宅 ...,https://www.ajrc-baikyaku.jp/,no_sns_service
POSレジ導入ギャラリー,https://www.busicom.co.jp/product/business/pos_gallery_clinic.html,kept
1 / 3,https://jigyou-saikouchiku.go.jp/pdf/result/plan/iryo_fukushi_08.pdf,fetch_failed
秋田 豊,https://hojo-navi.com/shop/details/6916/,no_company
当社について,https://forecast.ne.jp/about/,no_sns_service
令和8年度 取引力強化推進事業補助金（ 中小企業 組合のPR・販路 ...,https://hojokin.zenkoku-keiyukai.or.jp/subsidies/13891,no_company
株式 会社 アイ · セプト,https://www.pref.akita.lg.jp/uploads/public/archive_0000008922_00/2025/04_%E4%BC%81%E6%A5%AD%E7%B4%B9%E4%BB%8B%EF%BC%88%E3%82%A4%E3%83%B3%E3%82%BF%E3%83%BC%E3%83%8D%E3%83%83%E3%83%88%E4%BB%98%E9%9A%8F%E3%82%B5%E3%83%BC%E3%83%93%E3%82%B9%E6%A5%AD%EF%BC%89_%E4%BB%A4%E5%92%8C%EF%BC%97%E5%B9%B4%E5%BA%A6%E7%A7%8B%E7%94%B0%E7%9C%8C%E6%83%85%E5%A0%B1%E9%96%A2%E9%80%A3%E4%BC%81%E6%A5%AD%E3%82%AC%E3%82%A4%E3%83%89%E3%83%96%E3%83%83%E3%82%AF.pdf,fetch_failed
支部ホームページ掲載活動資金協力法人（一部を除き,https://www.jrc.or.jp/chapter/akita/pdf/20250604-8fe35aedfe13771f311e3cc6133466d48bf5bfc4.pdf,fetch_failed
有限 会社 インパクト,https://www.city.akita.akita.jp/wp/database/detail.php?id=2528,kept
医療・福祉開業 支援 ＆経営コンサルティング業務,http://asahi-biz.co.jp/consulting/,no_sns_service
広告代理店 様,https://michinoeki-fp.jp/pdf/partner.pdf,fetch_failed
経営者の方へ,https://www.march-ading.com/owner/,kept
株式 会社 ライト・ア・ライト,https://studio.design/ja/experts/experts/writealight,no_address
010-0001 秋田県 秋田市 中通 3－1－41,https://www.hokutobank.co.jp/news/pdf/20140210-2.pdf,fetch_failed
株式 会社 カットルームコーポレーションの 秋田 県、仙北市のお仕事,https://www.talent-clip.jp/cutroom/jobs?prefecture%5B0%5D=5&city=215,no_sns_service
令和3年度 山形 県中小企業パワーアップ補助金 （オンライン化促進 ...,https://www.chuokai-yamagata.or.jp/chuokai/on-line/download/saitaku_on-line_211210.pdf,fetch_failed
山形 県中小企業パワーアップ補助金（新事業転換促進 支援 事業 ...,https://www.ynet.or.jp/.assets/powerup_saitaku_0615.pdf,fetch_failed
Web サイト 制作,https://akita-saiyo-navi.com/services/service-42/,kept
"「giftee for Business」の導入案件数が累計81,000件を突破",https://giftee.co.jp/press/news/pressrelease20260612/,no_address
売上拡大・販売 促進,https://www.jtbbwt.com/business/case-study/issue/sales-growth/,no_address
ショッピングセンター事業 – 秋田 ステーションビル株式 会社,https://akitasb.com/sc-business/,no_address
リネシス株式 会社 ／秋田県 秋田市,https://www.zentaku.or.jp/about/research_project/renovation/renovation-11335/,no_sns_service
山形市 創業アワード2024,https://www.city.yamagata-yamagata.lg.jp/jigyosya/kighoshien/1006773/1008503.html,no_sns_service
M-s Lab,https://www.zehitomo.com/profile/%E4%BD%90%E3%80%85%E6%9C%A8-%E6%AD%A3%E6%A8%B9-u7Y_Erxvp/pro,kept
地域マーケティング のコンテクスト転換,https://www.gakubunsha.com/book/b474016.html,kept
山形 県東根市・株式 会社 ぐるなび 地域活性化起業人制度による派遣 ...,https://corporate.gnavi.co.jp/release/2025/vnqrbd8qr6/,no_address
privacy policy,https://pururiintro.kapili-na.com/privacypolicy/,kept
SALON LIST,https://www.pazapa-jpn.com/assets/img/top/recruitguide2021.pdf,fetch_failed
株式 会社 ジャパン・ソーシャル・ マーケティング,https://www.content-tokyo.jp/tokyo/ja-jp/search/2026con0407/directory/directory-details.%E6%A0%AA%E5%BC%8F%E4%BC%9A%E7%A4%BE%E3%82%B8%E3%83%A3%E3%83%91%E3%83%B3%E3%82%BD%E3%83%BC%E3%82%B7%E3%83%A3%E3%83%AB%E3%83%9E%E3%83%BC%E3%82%B1%E3%83%86%E3%82%A3%E3%83%B3%E3%82%B0.org-bc63d129-df84-4078-977d-9a7364824d85.html,no_sns_service
WeDOK,http://kigyou.ynet.or.jp/searchDetail.php?s=3543,no_address
黒木太陽 (Noboru Kuroki),https://www.yrmc.jp/%E5%B0%82%E9%96%80%E5%AE%B6%E7%B4%B9%E4%BB%8B-%E9%BB%92%E6%9C%A8%E5%A4%AA%E9%99%BD/,kept
山形市 の 不動産 を「売りたい」「貸したい」「運用したい」ご要望 ...,https://fudosan-yamagata.com/shop/01_shonouhau.html,no_sns_service
山形 の人と企業が元気になる事業戦略について作戦会議をしました。,https://ybiz.jp/blog/blog-2814/,no_address
山形 県よろず 支援 拠点 023-647-0708,https://www.pref.yamagata.jp/documents/3098/bettenn3.pdf,fetch_failed
会社 概要,https://dreamgate-inc.com/corporate/,kept
Chapter Tech合同 会社,https://meetsmore.com/p/aJLKRVC2800yG_OK/hospital-website-development,no_address
岡﨑 渉,https://irodori-group.jp/member/okazakiwataru/,no_address
ケイアイスター 不動産 グループ運営のFC加盟店へKEIAI PRO NET ...,https://www.ielove-group.jp/news/detail-244,kept
ここで配信 会議所ゆーちゅー部！,https://www.yamagata-cci.or.jp/youtube/,no_sns_service
公的機関によるビジネスコンサルティング,https://www.yamagatashi-ishikai.or.jp/zaitaku/wp-content/uploads/2018/11/181001_%E7%9B%B8%E8%AB%87%E5%8F%97%E4%BB%98%E3%83%81%E3%83%A9%E3%82%B7.pdf,fetch_failed
山形 の ホームページ制作 ・ Web制作,https://codecarpenter.jp/yamagata-web-production,no_company
令和3年度事業報告,https://kyokai.yamagatabussan.com/wp-content/uploads/2023/07/2cfcb7c6132f219646b04ac2813b4249.pdf,fetch_failed
株式 会社山形 銀行 個人投資家様向け 会社 説明会,https://daiwair.webcdn.stream.ne.jp/www11/daiwair/qlviewer/pdf/2512178344eDy6BNf.pdf,fetch_failed
株式 会社 kagarito（かがりと）,https://kagarito.site/,no_address
令和8年度寒河江市 中小企業 販売促進事業費補助金,https://www.city.sagae.yamagata.jp/jigyou/syogyou/hanbaisokushinhojo.html,kept
株式 会社 C&CR,https://candcr.jp/,no_address
DMO 福島市 観光コンベンション協会 DX 戦略 ...,https://www.f-kankou.jp/wp-content/uploads/2021/05/%E3%83%AA%E3%83%AA%E3%83%BC%E3%82%B9%EF%BC%88%E3%83%9A%E3%83%AB%E3%82%BD%E3%83%8A%E3%83%9E%E3%83%BC%E3%82%B1%E3%83%86%E3%82%A3%E3%83%B3%E3%82%B0%EF%BC%8920210527-%E9%87%91%E6%BE%A4%E7%A2%BA%E8%AA%8D%E6%B8%88.pdf,fetch_failed
デンタルアシスト,https://dust-box.jp/dental-assist,no_sns_service
観光DXで 地域 の魅力を最大化！ 観光協会・DMOの一括予約 ...,https://www.gdx.or.jp/xyz/business/tripla.html,kept
日本の遺構,https://sp-mapple.jp/post-9784398143112/,kept
首都圏人材と 地域 がつながる ― 課題解決に向けた連携のかたち,https://fukushima-kurashi.com/2599,no_address
参加,https://www.pref.fukushima.lg.jp/uploaded/attachment/720512.pdf,fetch_failed
企業紹介 – 協同組合 秋田 卸センター,https://www.akitaoroshi.jp/kigyo/,kept
コンテンツ マーケティング を実践。アクセス数4倍で売上拡大,https://yorozu-yamagata.go.jp/%E6%94%AF%E6%8F%B4%E4%BA%8B%E4%BE%8B/%E3%83%81%E3%83%BC%E3%83%A0%E3%83%93%E3%83%AB%E3%83%87%E3%82%A3%E3%83%B3%E3%82%B0%E3%82%92%E6%94%AF%E6%8F%B4%E3%81%97%E3%80%81%E3%82%B3%E3%83%B3%E3%83%86%E3%83%B3%E3%83%84%E3%83%9E%E3%83%BC%E3%82%B1/,no_address
フリーペーパー取次事業,https://www.link-timesgr.co.jp/service/freepaper/,no_address
株式会社 パルネット 福島,https://fkkoyou.mhlw.go.jp/highschool-company/1823/,no_sns_service
令和8年度ふくしま小規模企業者等いきいき 支援 事業 ...,https://funehiki-s.jp/%E4%BB%A4%E5%92%8C%EF%BC%98%E5%B9%B4%E5%BA%A6%E3%81%B5%E3%81%8F%E3%81%97%E3%81%BE%E5%B0%8F%E8%A6%8F%E6%A8%A1%E4%BC%81%E6%A5%AD%E8%80%85%E7%AD%89%E3%81%84%E3%81%8D%E3%81%84%E3%81%8D%E6%94%AF%E6%8F%B4/,no_sns_service
事業紹介,https://www.fukushima-rise.jp/outline.html,kept
「 福島市 地域振興施設道の駅」指定管理者候補者の選定結果について,https://www.city.fukushima.fukushima.jp/material/files/group/8/michnoeki.pdf,fetch_failed
エステート事業（不動産部門）,https://www.nji.co.jp/estate/,no_sns_service
【 福島市 観光コンベンション協会様】「ふくしまピーチホリデイ ...,https://www.herstory.co.jp/post/case-f-kankou,kept
株式 会社 イーストプロジェクト 様,https://www.tkc.jp/cc/senkei/201210_system01,no_address
韓美グループ株式 会社,https://www.hanmigroup.jp/,no_address
福島市 の開業 支援 ならOPENERS,https://www.gurutto-fukushima.com/detail/2026/index.html,kept
GMO TECH、 福島 県ローカルアンバサダー事業に採択,https://group.gmo/news/article/9999/,kept
大阪市 福島 区を中心に幅広い地域の皆様に賃貸物件を扱う 不動産 ...,https://www.dreamnews.jp/press/0000063397,kept
創 業 塾,https://www.city.fukushima-date.lg.jp/uploaded/attachment/74847.pdf,fetch_failed
補助金,https://www.fukushima-cci.or.jp/?page_id=17093,no_company
臼井 翼,https://www.fukushima-message.com/innovator/index.php?innovator_id=128,kept
関連会社,https://www.seki.co.jp/company/group,kept
広告代理店 業務,https://www.mag-net.co.jp/service/advertising.html,kept
独立開業サポート,https://www.kusuri-aoki.co.jp/doctor/,no_sns_service
福島 の WEB制作 ＆マーケティング,https://omo-design.jp/,no_company
福島県 福島市 の Web制作 ・動画制作・デザイン: ごしま Goshima,https://goshima.work/,no_company
Web コンサルティング,https://minpoad.jp/consul/,kept
第345号,https://www.f-open.or.jp/mail_magazine_data.html?id=136,kept
Malz (マルツ),https://malz.io/,no_company
WEBマーケティング ならぐるっと株式 会社 いわき市の賃貸アパート ...,https://life.gurutto-iwaki.com/estate/digest/lease/cl-239/,no_address
メディカルフィットネスコンサルティング,https://medicalfitness-navi.jp/company/,kept
福島 県の看板・屋外広告を探す,https://www.adokugai.com/area/fukushima,kept
株式 会社 リンクサプライ( 福島 県 会津若松市),https://tgnr.jp/company/linksupply/,kept
顧客データを徹底分析。 来店 誘導やメニュー改善に役立て、業績 ...,https://www.jtua.or.jp/ict/topic/promotion/201612_01/,kept
制作実績,https://www.accs-c.co.jp/webmarketing/works/,no_address
お店を盛り上げます！【大久自動車販売様 SNS運用代行】,https://f-color.co.jp/column/%E5%BD%93%E7%A4%BE%E3%81%8Csns%E9%81%8B%E7%94%A8%E4%BB%A3%E8%A1%8C%E3%81%A7%E3%80%81%E3%81%8A%E5%BA%97%E3%82%92%E7%9B%9B%E3%82%8A%E4%B8%8A%E3%81%92%E3%81%BE%E3%81%99%EF%BC%81%E3%80%90%E5%A4%A7/,kept
株式 会社福島 銀行 ご 来店 予約フォーム,https://fukushimabank.resv.jp/,no_sns_service
H27年度 福島 県貿易 促進 協議会事業活動報告,https://www.f-bsk.com/activities/1305.html,kept
Service Bases サービス拠点,https://www.iida-net.co.jp/service_bases.html,no_sns_service
発見！ふくしま,https://www.tepco.co.jp/fukushima-cp/,no_sns_service
コンサルタント紹介,https://www.fsrt.jp/consultant,kept
福島市 のシステム開発・ ホームページ制作会社 ・SEO対策,https://weblight.jp/homepage/,kept
地域 情報WEBメディア「駅探LOCAL」を活用した公共交通利用促進,https://www.city.koriyama.lg.jp/soshiki/125/92263.html,no_sns_service
会社 案内,https://web.ait-labo.com/company/,kept
会社 概要,https://medical-frontier.com/company,fetch_failed
令和7年度採択者を紹介します,https://koriyama-dx.com/meetup.html,no_address
KORIYAMA Impact Startup Next,https://koriyama-impact-next.jp/,no_address
福島 正章,https://www.osaka-shindanshi.org/member/n407492/,no_sns_service
CASE STUDIES,https://www.city.yamatokoriyama.lg.jp/material/files/group/63/34502renovation.pdf,fetch_failed
有限 会社 カムズ.ジャパン,https://www.kamsjapan.jp/index.html,no_sns_service
福島県 郡山市 と 地域 公共交通活性化に係る協定を締結,https://ekitan.co.jp/corp/news/20231116-1/,no_sns_service
福島・ 郡山 M＆A 支援 センター会社概要,https://ma-center.jp/company/,kept
福島市 の 不動産 管理・活用ならマコトーマス,https://makothomas.com/lend/,no_sns_service
『 福島 県いわき市、唯一・ファブラボ』から独自 マーケティング を ...,https://www.project-index.jp/intern/17452,no_sns_service
空き店舗リノベーション＆創業による 商店街活性化・まちづくり ...,https://www.kansai.meti.go.jp/5ryusa/shogyo/5workshop/230208jireishu.pdf,fetch_failed
会社 概要,https://bambitious.jp/company/company/,no_sns_service
首都圏 その他,https://k-medicalresearch.com/area/metropolitan_others/,no_sns_service
image Archives,https://sandc.co.jp/tag/image/,no_sns_service
郡山市 つながりサイト,https://ihin-seiri.jp/links/,kept
DTP- Web デザイン科・ Web デザイン科 [福島校・ 郡山 校],https://www.nk-school.com/training/design/,kept
es design エスデザイン,https://es-design.net/about,no_sns_service
会社 概要,https://www.vcg-inc.com/company,kept
WEB サイト 制作,https://threetree-c.com/website/,kept
株式 会社 エンヂン,https://www.endin.net/,no_address
地域金融機関が仕掛ける 不動産 価値を高めるエリアリノベ【26日 ...,https://zenchin-fair.com/2025/osaka/archives/8345,no_address
奈良中古住宅、マンション、土地をお探しの方はトチナラ,https://www.tochinara.jp/sell,no_sns_service
施設・店舗のフェアでのAR活用方法,https://www.coco-ar.jp/activation/shop/event/,no_address
令和元年度補正予算 小規模事業者持続化補助金＜一般型＞ 第1回 ...,https://www.jizokukanb.com/jizokuka_r1h/1-7/doc/%E4%BB%A4%E5%92%8C%E5%85%83%E5%B9%B4%E8%A3%9C%E6%AD%A3%E4%B8%80%E8%88%AC%E5%9E%8B%E6%8E%A1%E6%8A%9E%E8%80%85%E4%B8%80%E8%A6%A7.pdf,fetch_failed
令和6年度鳥取市観光コンベンション協会事業方針,https://www.torican.jp/asset/footer/r6jigyoukeikaku,fetch_failed
会員企業紹介,https://www.showa-kd.com/intoroduction.html,no_contact
株式 会社 リンケージM．Iコンサルティングの 会社 概要,http://www.linkage-mic.com/category/871420.html,no_sns_service
飲食店 集客 ・売上アップセミナー 知恵袋情報 セミナー/イベント ...,https://sanbe.co.jp/seminar/keiei/post-30.html,no_sns_service
どんな補助金が使えるのか確認したい,https://www.city.niigata.lg.jp/business/shoko/shokoshien/shien/shogyo_shotengaipanf.files/8nenndopannhu.pdf,fetch_failed
7/28開催「課題探究ワークショップ」参加受付中,https://plainnovation.com/news/20250728-event,no_sns_service
創業スクールなら2025 in 大和 郡山 開催情報,https://sogyo-nara.com/detail-2025/,no_sns_service
人材育成・経営 支援 なら,https://www.success-guide.jp/company.php,no_sns_service
新潟市 新規事業創出プログラム「WAVE」,https://growth.teny.co.jp/casestudy/casestudy-wave,no_sns_service
地域の中小企業の「課題解決のパートナー」として在り続ける,https://niigata-kenshin.co.jp/uploads/20240708_glocal.pdf,fetch_failed
不動産売却の無料査定,https://www.fudousankaitori.info/,kept
「 新潟 をもっと元気に」 地域 活性化に燃える広告 会社 『 新潟 博報堂 ...,https://sakepro.jp/work/18029/,no_address
PR＞ 株式会社 アド・クリーク（ 新潟 県上越市）がネット 集客 へ移行 ...,https://www.niikei.jp/211306/,no_address
会社 概要,https://netsysjapan.co.jp/company/,kept
グローカル マーケティング 株式 会社,https://www.gfp1.maff.go.jp/user/5436/about/,no_sns_service
新潟 支店,https://niigata.aap.co.jp/,kept
美容室 ・ 美容院 の経営コンサルタント コアコンサルティング,http://ccnslt.com/wp/?page_id=15,no_company
DX時代の サロン 経営リスク管理,https://www.digital-salon.com/activities/um1r3jus-b3,no_sns_service
美容室 の開業をワンストップでサポート,https://niigata-misetsuku.com/,kept
2023-06-23 株式 会社 フジ 新潟 ワールド 美容,https://sp.attendpark.com/shops/index.html?id=20150710001,no_address
会社 概要,https://www.com-m.com/about/,kept
令和7年度 事業計画,https://www.niigata-cci.or.jp/wp/wp-content/uploads/2024/04/1cec9b64ff1b485deff3f65a8b228d4e.pdf,fetch_failed
佐藤 修,https://www.f-smeca.com/member/324.html,no_address
ルラ美容 クリニック 新潟 院,https://kireipass.jp/clinics/krc2573,no_sns_service
令和2年度 事業説明会,https://niigata-ipc.or.jp/wp-content/uploads/2020/04/67a4be37a4fed5125b92532e6d36b596.pdf,fetch_failed
西野 励,https://san-niigata.com/author/san0122/,kept
新潟市 東区・中央区の 不動産 売却は【新潟地所株式 会社 】へ,https://www.niigatachisho.co.jp/,no_sns_service
ホームページ制作 ・ECサイト,http://www.4s-company.jp/web/,kept
新潟 の企業様に最適化した WEB サイト 制作 事業,https://riparia.jp/service/studio-web,no_sns_service
新潟市 で 飲食店 を開業するには？必要な資格・資金 ...,https://v-spirits.com/%E6%9C%AA%E5%88%86%E9%A1%9E/%E6%96%B0%E6%BD%9F%E5%B8%82%E3%81%A7%E9%A3%B2%E9%A3%9F%E5%BA%97%E3%82%92%E9%96%8B%E6%A5%AD%E3%81%99%E3%82%8B%E3%81%AB%E3%81%AF%EF%BC%9F%EF%BD%9E%E7%84%A1%E6%96%99%E7%9B%B8%E8%AB%87%E5%8F%97%E4%BB%98,kept
会社 情報,https://baikyaku-home.com/kaisya,no_sns_service
賃貸・ 不動産 （売買・活用）,https://www.n-fujita.co.jp/landuse-realestate,no_address
私たちについて,https://ilabs.jp/aboutus/,no_address
イオン県央店（ 新潟 県燕市）のチャレンジスペース「県央KaNaU」,https://kirahoshi.com/blog/info260612,no_sns_service
【 新潟 県初】株式 会社 新日 不動産 に月極駐車場オンライン管理 ...,https://hatchwork.co.jp/archives/743,kept
職業訓練,https://tableau.co.jp/job-training/,kept
新潟 ホームページ制作 ・ WEBデザイン,https://www.cloud9works.net/,no_address
伝統メディアの信頼に デジタル を掛け合わせ、 地域 の未来を切り ...,https://degipro.com/case/niigata-mn,no_address
販売 促進 ・問い合わせ増・ PR,https://www.compass-it.jp/theme/sales-promotion,no_address
福島県 郡山市 の経営コンサルタント,https://g-biz.co.jp/,no_sns_service
プランナーのご紹介,https://www.niigata-agrisupport.jp/plannerInfo,no_address
PowerPoint プレゼンテーション,https://www.nagaokacci.or.jp/files/elfinder/syougyou/kankosinko/20251202/03%E3%80%80%E3%83%81%E3%83%A9%E3%82%B7.pdf,fetch_failed
グローカルマーケティング株式 会社,https://www.nico.or.jp/creative-bank/creator/glocal-marketing/,kept
ハピタベ訪問レポート ウオロク上越店（ 新潟 県）,https://good-mirai-project.jp/post-558/,no_address
株式 会社 DUCE（デュース）,https://www.attendpark.com/shops_data/20201113004,no_address
組合員紹介,https://nagaokait.com/member/member/,kept
賛助会員募集,https://nagaoka-jc.com/supportingmember/,kept
百合岡 雅博,https://www.nagaokauniv.ac.jp/faculty/researchers/m-yurioka/,kept
令和5年度 長岡市 ECを活用した事業者育成・ 販促支援 業務委託 ...,https://region-empowerment.rakuten.co.jp/static-assets/documents/202308_nagaoka_seminar.pdf,fetch_failed
【 支援 事例】有限 会社 住吉屋,https://www.niigata-yorozu.go.jp/2023/12/04/%E3%80%90%E6%94%AF%E6%8F%B4%E4%BA%8B%E4%BE%8B%E3%80%91%E6%9C%89%E9%99%90%E4%BC%9A%E7%A4%BE%E4%BD%8F%E5%90%89%E5%B1%8B/,no_sns_service
令和2年度 新潟エキスパート・バンク登録者名簿,https://foramu21.com/wp-content/uploads/2021/07/4d276c86ea96561ee9bed20f4519b301.pdf,fetch_failed
グローカル マーケティング 株式 会社,https://morningpitch.com/startups/13972/,no_address
株式会社 新潟 日報メディアネット：企業情報,https://www.niigata-job.ne.jp/2027/c/company.html?cmp_id=775,kept
会社 概要,https://trailerhouse-lab.com/company/,no_sns_service
見附市 新潟のホームページ制作 会社 (株)アテンド,https://www.attend.jp/category/area/mitsuke,kept
やおや クリニック にて「春の音楽絵本」の出張公演の実施,https://risesearch.co.jp/2026/01/12517/,no_address
コンサルティング／セミナー・研修,https://smile-farm.co.jp/consulting/,kept
企業概要,https://www.azubegin.net/%E4%BC%81%E6%A5%AD%E6%A6%82%E8%A6%81,no_contact
会社 案内,https://www.3door.jp/company/,kept
企業1 NSGグループ 企業2 株式会社 NTT東日本,https://niigatakurashi.com/wp-content/uploads/2017/10/company.pdf,fetch_failed
会社 情報,https://break.ac/company.html,kept
ドコモショップ 長岡 店,https://shop.smt.docomo.ne.jp/shop_detail/0382108004200/index.html,fetch_failed
Reiki-Base インターネット版 体系目次検索,https://www.city.nagaoka.niigata.jp/shisei/cate03/jyourei/reiki/reiki_taikei/r_taikei_08.html,no_sns_service
窓口 来店 時の事前予約のお願い,https://www.kyotobank.co.jp/kojin/oshirase/200911/,no_sns_service
個別サポート型で女性視座に基づく マーケティング 戦略の ...,https://www.pref.toyama.jp/810121/20250404.html,no_address
VEAM STADIUM・ASAHI GROUP RECRUIT SITE 2028,https://veam-recruit.com/2028/,no_sns_service
SCRUM-T課題提示型ミートアップイベント登壇者情報,https://smartcity.city.toyama.lg.jp/news/000343,kept
コーディネーターによる総合的な支援,https://www.toyama-sinsangyo.jp/coordinator/,no_sns_service
しあわせる。 富山,https://seichosenryaku-toyama.com/session/index1.html,no_address
運営 会社,https://seeds-nippon.com/company.html,no_address
飲食店 の 集客 ・販促・経営 支援 、常連客作りなら「常連.com」,http://www.jyo-ren.com/,no_sns_service
通常枠,https://www.tonio.or.jp/cms/wp-content/uploads/af42e443b0ad6780cf6dc7efbd2a6dd0.pdf,fetch_failed
【 富山 北口横丁】オープンに先駆けて、11月18日（火）にメディア ...,https://blog.favy.co.jp/28775/,no_address
無料,https://www.hokugin.co.jp/info/docs/190206p.pdf,fetch_failed
コーディネーター・サポーター紹介,https://toyama-yorozushien.go.jp/coordinator/,kept
富山 瀟洒 （とやましょうしゃ）,https://kurobe.ccis-toyama.or.jp/kurobe/wp/wp-content/uploads/2024/03/CLOSE_UPVol150R6_2.pdf,fetch_failed
トレーディングホールディングス 株式会社,https://tradingsystem.co.jp/,kept
会社 概要 – 食で笑う,https://food-laugh.net/company/,no_sns_service
エステ サロン集客 戦略の専門コンサルティング,https://moriyou5.jp/attracting-customers.html,kept
医院開業 支援,https://clinic-consul.com/clinic-opened/,no_sns_service
支援 事例,https://rise-will.com/support/,kept
働きがいのある職場を 地域 に増やす！,https://nkyod.org/sdgs/327201,no_sns_service
美容サロン 経営者向け「脱・感覚経営」6か月プログラムがスタート ...,https://beautypost.jp/416846/,kept
地域の価値を磨く 集客 ・販売 支援 事業,https://shosha-ya.co.jp/business,no_sns_service
令和5年度 マーケティング 支援セミナー 三方よしの ...,https://www.u-toyama.ac.jp/event/78090/,no_address
株式 会社 リッチェル,https://www.shokoren-toyama.or.jp/kenren/webfile/t1_eaa7a647e4325fa882be4300772ee8c8.pdf,fetch_failed
選ばれる理由,https://www.asahi.ac/company/reason.html,no_sns_service
HP 制作 TOYAMA,https://hp-toyama.netlify.app/,no_company
富山 事業承継M&Aプラットフォーム,https://www.tranbi.com/buy/list/prefecture/22/,kept
【GMO ReTech】朝日 不動産 株式 会社 様の導入事例インタビュー ...,https://hd.gmotech.jp/blog/2021/10/29/gmoretechnews20211029/,no_address
【公式】株式会社商工オフィス,https://www.shoko-office.co.jp/index.html,kept
スタッフ,https://www.aps-life.jp/stafflist/,no_sns_service
ON EARTH 不動産,https://roomonearth.org/,kept
会員登録名 住所 業種 PR HPアドレス 富山 県,https://go-centraljapan.jp/ja/service/doc/prlist260105.pdf,fetch_failed
出店者インタビュー,https://tsuku2.shop/interview/interview12.php,fetch_failed
とみしんSDGsサポートサービス,https://www.shinkin.co.jp/tomishin/customers/service/sdgs_support.html,no_sns_service
【 富山 】ポスティングサービスのお問い合わせについて,https://posting.colorfulcompany.co.jp/toyama,no_sns_service
Web サイト制作・ マーケティング,https://oldsv1.ni-po.ne.jp/web.html,fetch_failed
富山市 ・射水市の中小企業・ 店舗向けWeb サイト制作,https://atrise.work/,no_company
会社情報,https://hokuriku-yomiuri-is.jp/about/,kept
富山 県小矢部市で Web 集客・ホームページ制作を相談,https://ensa.jp/,no_address
自己紹介,https://cossyhall.com/about/,no_address
富山 県における“地方覚醒”に向けた協力協定書を締結,https://toyama-stationcity.jp/assets/pdf/press220311.pdf,fetch_failed
株式 会社 スズキ自販 富山,https://www3.ibac.co.jp/2027/prof/cpro.jsp?CorpId=1814004,no_sns_service
“実践講座 データ マーケティング による「顧客創造」の構築”,https://www.urayama.ac.jp/data/2022/20221025_%E5%AE%8C%E6%88%90%E7%89%88%E3%83%87%E3%83%BC%E3%82%BF%E3%83%9E%E3%83%BC%E3%82%B1%E3%83%86%E3%82%A3%E3%83%B3%E3%82%B0%E8%AC%9B%E5%BA%A7%E6%A1%88%E5%86%85.pdf,fetch_failed
「 富山 BXセンター」の開所式を実施,https://www.nttdata-with.com/information/2025/20250522-375.html,no_address
ご挨拶,http://www.dimp.net/overview/message.html,kept
集客 ラボについて,https://www.shukyaku-labo.com/about,no_address
（別紙） 仕 様 書（案） 1．事業名 令和6年度石川県・ 金沢市 連携 ...,https://www.pref.ishikawa.lg.jp/kokukan/documents/02_shiyoushoan_us.pdf,fetch_failed
誰にどう売るか決まっていますか？物価高に負けない販売促進 ...,https://miraie-nagaoka.jp/nadec-event/6258/,no_company
販路開拓 支援 課,https://www.isico.or.jp/soshiki/0302hanro/index-2.html,kept
個店 支援 メニュー,https://www4.city.kanazawa.lg.jp/soshikikarasagasu/shokogyoshinkoka/gyomuannai/3/6600.html,no_sns_service
【セミナー】繫盛店から学ぶ！飲食店の 集客 ・売上・利益アップ ...,https://shoko.or.jp/info/common/3963,no_sns_service
約1か月間で72件の加盟希望問い合わせを獲得加盟希望者の声を分析し,https://gourmetpress.net/1457663/,no_address
サロン オーナーのための 集客 相談,https://www.sheep-jp.com/242307704,no_sns_service
株式 会社 ヘアー・ディレクション ナンブ,https://www.jobcafe-ishikawa.jp/koukousei/2025/256.pdf,fetch_failed
会社 概要,https://www.lateral.jp/corpolate/,kept
金沢市 金沢 ホームページ制作 SEO対策,https://yuushoo.sakura.ne.jp/yuushoo/company/index.html,no_address
クリエイト六浦中学入口店 医療モール,https://createsd-iinkaigyo.jp/property/2916,no_sns_service
ユニスポット,https://creators-navi.jp/archives/3403,no_address
美容室 ・ サロン のホームページ制作,https://cantik.co.jp/salon/,kept
会社 沿革,https://www.beautygarage.co.jp/about/history/,no_address
グループ 会社,https://www.sts-hd.co.jp/about/group/,kept
金沢 版DMO構築支援業務,https://keikaku.or.jp/works/works-1153/,kept
森一朗税理士事務所と経営統合のお知らせ,https://www.ksd01.com/2023/07/03/%E6%A3%AE%E4%B8%80%E6%9C%97%E7%A8%8E%E7%90%86%E5%A3%AB%E4%BA%8B%E5%8B%99%E6%89%80%E3%81%A8%E7%B5%8C%E5%96%B6%E7%B5%B1%E5%90%88%E3%81%AE%E3%81%8A%E7%9F%A5%E3%82%89%E3%81%9B/,no_sns_service
賃貸管理システム,https://www.noka.co.jp/owner/rent/system/,no_sns_service
確かな 集客 力と提案力で 賃貸物件の収益最大化を目指します,https://www.takayama-f.co.jp/owner/,no_sns_service
業務内容,https://actil.jp/business/,kept
石川県 金沢市 で ホームページ制作 、Web広告 運用 ならColorea ...,https://colorea.colorfulcompany.co.jp/,no_company
［イベント］吉本レディース クリニック と連携！地域密着の小規模 ...,https://bodysence.jp/archives/9866,no_address
谷口 智彦,https://sindanishikawa.com/member/416188/,kept
不動産 売買・活用,https://kurodahouse.jp/realestate/,no_sns_service
株式 会社 ALUHAについて,https://btobmarketing.aluha.net/about/,kept
毎回、さまざまなジャンルで活躍する方々をゲストスピーカーに迎え,https://www.bp-musashi.jp/mochi_code/arichives/171124/pdf/171124.pdf,fetch_failed
【LIGHT UP】 清水美耶子社長インタビュー,https://the-leader.jp/interview/light-up/,kept
販売 促進 活動報告書 タイ・バンコクのトンロー日本市場にて実施 ...,https://jpfruit-export.jp/pdffiles/20240719TH_jalux.pdf,fetch_failed
運営 会社 業 種,https://www.kanazawa-kankoukyoukai.or.jp/asset/menber/list.pdf,fetch_failed
ネットショップ運用代行サービス,http://www.yplanning.jp/netshop/agency.html,kept
金沢市 の ホームページ制作 ・ショッピングサイト,https://yokuwebservice.com/,no_company
【  香輪社】をご紹介,https://komatsu-cci.or.jp/post_member/13627,no_sns_service
6年連続「 金沢 ホームページ制作 」1位を取り続けた私たちが,https://kanazawa.ai/news/6%E5%B9%B4%E9%80%A3%E7%B6%9A%E3%80%8C%E9%87%91%E6%B2%A2-%E3%83%9B%E3%83%BC%E3%83%A0%E3%83%9A%E3%83%BC%E3%82%B8%E5%88%B6%E4%BD%9C%E3%80%8D1%E4%BD%8D%E3%82%92%E5%8F%96%E3%82%8A%E7%B6%9A%E3%81%91/,kept
コラム,https://kanazawa-homepage.jp/column/,kept
福井市 清水地区でAIオンデマンド交通 mobiの実証運行を開始 ～誰も ...,https://www.willer.co.jp/news/press/2025/1128_6684,no_sns_service
ヘルスケア マーケティング 伴走支援事業,https://www.pref.fukui.lg.jp/doc/chisangi/iryou/marketing_support.html,kept
福井 県 DMOサミット・ 観光ネットワーク会議,https://www.fuku-e.com/lsc/upfile/info/0000/3644/3644_1_file.pdf,fetch_failed
株式会社PPM 広告 プロモーション,https://ppm24.jp/info/n_Nvk-oj,no_address
未来へつなぐ サステナブルな挑戦,https://www.u-fukui.ac.jp/fukupre/111026/,no_company
開業スタートアップセミナー（ 美容 サービス編） ～自分らしく ...,https://fcci.seminarone.com/kaigyobiyou/event,no_sns_service
西村 星彌,https://www.sindan-fukui.jp/member/detail.php?id=99,kept
負債2億円の見込み コロナ禍で 集客 が低迷…テイクアウトに注力も ...,https://www.fukui-tv.co.jp/?fukui_news=%E8%B2%A0%E5%82%B52%E5%84%84%E5%86%86%E3%81%AE%E8%A6%8B%E8%BE%BC%E3%81%BF%E3%80%80%E3%82%B3%E3%83%AD%E3%83%8A%E7%A6%8D%E3%81%A7%E9%9B%86%E5%AE%A2%E3%81%8C%E4%BD%8E%E8%BF%B7%E3%83%86%E3%82%A4,no_sns_service
雑誌スポンサーを募集しています,https://www.city.fukui.lg.jp/kyoiku/library/oshirase/journalsponsor2.html,no_sns_service
医療分野におけるニーズ・シーズマッチング会,https://www.eyasaka.jp/pf_fukui_matching.html,no_sns_service
事業概要,https://www.vconsulting.link/overview/,kept
つながりで 福井 の地方創生を,https://fukui-sdgs.jp/about/,kept
福井 の賃貸管理なら野澤 不動産,https://www.sustainaboard-nozawa.com/,no_sns_service
福井 県のテナント貸店舗物件のことならT&T株式 会社 へ,https://tandt-estate.jp/,no_sns_service
不動産会社 向け物件撮影・間取り図作成クラウドサービスを提供 ...,https://livesearch.co.jp/news/106,no_sns_service
美容医療コンサルティング事業,https://recruit.head-spring.co.jp/about_us/aid195/,no_sns_service
地域の心を音楽でつなぐ！共創型ブランディングの成功事例,https://bronzeman.co.jp/voice/myhme-inc-interview,no_address
金沢 でクラウド  株式 会社 タスクのご紹介はこちら,https://www.kanazawa-cloud.com/corporate/,no_sns_service
行政書士法人 全国理 美容 コンサルティング,https://ribicon.or.jp/,no_sns_service
福井 県のアパート・マンション・賃貸検索情報,https://elpis.co.jp/rent/rooms,no_sns_service
岐阜県内の クリニック 様より、ホームページ制作のご相談 ...,https://alegbit.co.jp/info-12/,kept
令和7年度 三木市 中小企業 サポートセンター,https://www.city.miki.lg.jp/soshiki/31/2892.html,kept
R7年度は20社を伴走 支援 +補助!,https://www.shokokai-fukui.or.jp/fukuiwp/wp-content/uploads/2025/07/R7%E6%8E%A1%E7%94%A8%E5%8A%9B%E5%BC%B7%E5%8C%96%E6%94%AF%E6%8F%B4%E4%BC%81%E6%A5%AD%E5%8B%9F%E9%9B%86%E3%81%A1%E3%82%89%E3%81%97.pdf,fetch_failed
福井 県 web制作 業者リスト,https://partner.e-shops.jp/pref/18/,no_company
取引力強化推進事業の公募を開始します！!,https://www.chuokai-fukui.or.jp/2025/11/25/%E5%8F%96%E5%BC%95%E5%8A%9B%E5%BC%B7%E5%8C%96%E6%8E%A8%E9%80%B2%E4%BA%8B%E6%A5%AD%E3%81%AE%E7%AC%AC6%E6%AC%A1%E5%85%AC%E5%8B%9F%E3%82%92%E9%96%8B%E5%A7%8B%E3%81%97%E3%81%BE%E3%81%99/,no_sns_service
公益社団法人 福井 県シルバー人材センター連合,https://www.sjc.ne.jp/fukui/aboutus/pdf/61magazine.pdf,fetch_failed
KEIFUKU REPORT,https://www.keifuku.co.jp/cms/wp-content/uploads/sp2_web_0183701302306.pdf,fetch_failed
会社 概要,https://www.machidukuri.fukui.jp/company/,no_sns_service
京福エージェンシー: HOME,https://kf-a.net/,kept
プロフィールと主なコンサル実績,https://salonshuukyaku.com/profilepage/,no_company
手しごとマーケット,https://teshigoto-market.jp/area/fukui/,no_sns_service
福井 県敦賀市 地域密着 創業40年以上 保険 安心 生命のメッセージ展 ...,https://www.business-plus.net/interview/2507/k9653.html,no_sns_service
Lotus 株式会社,https://n-creator.com/webdesign,no_address
事業承継 支援 に係る専門家の推薦について 生田 尚道,https://fukui-shoukei.go.jp/wp-content/uploads/2018/11/ikuta.pdf,fetch_failed
コーディネーターページ,https://yorozu-fukui.go.jp/page_coordinator/1/,no_company
ネットショップの基礎から応用までを学べる創業 支援 セミナーを ...,https://www.lab-kadokawa.com/release/detail.php?id=0047,kept
新規事業と 会社 の 認知度アップへ マーケティング 強化,https://ikoc.net/fukuilabo/asset/pdf/report_profile_2024-2.pdf,fetch_failed
Webマーケティング 代行・Web広告運用代行は株式 会社 TONOSAMA,https://tono-webmarketing.com/,kept
ながの観光コンベンションビューロー,https://www.terrasky.co.jp/case/salesforce_service_cloud_nagano-cvb.php,no_address
OA機器・オフィス用品総合商社・レンタルも対応,https://iwai-gr.com/company.html,no_sns_service
長野市 で副業の縁を繋いで「起業」を目指すプログラム『NAGA ...,https://biz.shibuyabunka.com/event/459/,no_address
福井 コンピュータホールディングス株式会社の会社情報,https://macloud.jp/companies/13968,no_address
株式 会社 CS-C、食の多様性に対応した 飲食店 等の受入環境整備事業 ...,https://s-cs-c.com/news/20260107/,kept
会社情報,https://preate.co.jp/company/,kept
消費財海外販路開拓支援事業（ マーケティング 支援部）,https://www.nice-o.or.jp/support/support-71524/,no_company
長野市 で クリニック （小児科・皮膚科・眼科・耳鼻咽喉科）開業 支援,https://greensward.or.jp/support/nagano/naganoshi,no_sns_service
林光太朗,https://www.playerschool.jp/mentor/117/,kept
第二次 長野市 文化芸術振興計画 事業計画 令和3年度版,https://www.city.nagano.nagano.jp/documents/3499/367336.pdf,fetch_failed
01 美容室 ｢ALPHA｣社長 杉山一真さん,https://www.weekly-nagano.com/post/%E7%BE%8E%E5%AE%B9%E5%AE%A4-alpha-%E7%A4%BE%E9%95%B7-%E6%9D%89%E5%B1%B1%E4%B8%80%E7%9C%9F%E3%81%95%E3%82%93,no_sns_service
TXデザイン部,https://www.nagano-tabi.net/service/txdesign/,kept
長野 信用金庫・日本政策金融公庫主催 創業後セミナー・交流会,http://www.nagano-shinkin.jp/files/info/sogyogoseminar-koryukai.pdf,fetch_failed
チャンスメーカー,https://step-ing.jp/gosetsu/1424/,no_sns_service
株式 会社 インテージテクノスフィア,https://www.shukatsu-nagano.jp/company_info/23381.html,no_sns_service
Morethan,https://morthan.jp/website/,no_address
平成26年度 地域創業促進 支援 事業,https://www.nagano-cci.or.jp/keieisoudan/pdf/140917seminar_l.pdf,fetch_failed
令和8年度 徳島市 中小企業 販路拡大 支援 事業補助金,https://www.city.tokushima.tokushima.jp/shisei/keizai/jigyosha/tyusyokigyo/hanrokakudai/hanro_shien.files/youryou.pdf,fetch_failed
SERVICE,https://un-fold.biz/service/,kept
コラム,https://subacon.co.jp/column/,kept
PROJECT アーカイブ,https://tukiyomi-beauty.com/project,no_company
美容室 専売品の卸業者でシャンプーを扱う 長野市 のフレア,https://fra2018.jp/wholesale/20220307173147/,kept
会社概要,http://mpla.jp/company.html,no_address
会社 概要,https://estaste.co.jp/company,no_sns_service
開業医向け「Clinic Innovationプロジェクト」に関する業務提携 ...,https://www.ge.com/news/press-releases/%E9%96%8B%E6%A5%AD%E5%8C%BB%E5%90%91%E3%81%91%E3%80%8Cclinic-innovation%E3%83%97%E3%83%AD%E3%82%B8%E3%82%A7%E3%82%AF%E3%83%88%E3%80%8D%E3%81%AB%E9%96%A2%E3%81%99%E3%82%8B%E6%A5%AD%E5%8B%99%E6%8F%90%E6%90%BA%E3%81%AB%E3%81%A4%E3%81%84%E3%81%A6,no_sns_service
会社概要,https://www.kokusai-pr.jp/company,no_sns_service
外部の仲間が社内を活性化！立ち上げ3年で実現した 不動産 事業成功 ...,https://www.bukkenking.com/interview/3121/,no_sns_service
有価証券報告書,https://www.kitano.co.jp/wp-content/uploads/2025/06/20170331_%E6%9C%89%E4%BE%A1%E8%A8%BC%E5%88%B8%E5%A0%B1%E5%91%8A%E6%9B%B8.pdf,fetch_failed
事業内容,http://www.ad-creative.co.jp/works,no_sns_service
デジサインアプリ「ニュースボード」を3月15日より販売開始,https://digisign.jp/information/9375/,kept
事業内容,https://dreamhotel.co.jp/business/,kept
日広の強み,https://www.nicco-kk.co.jp/feature/,kept
ホームページ制作 【 長野 ・松本】,https://asolab.co.jp/web-production/,kept
新たな企業価値を創造する マーケティング,https://www.prart.co.jp/marketing/,kept
会社 概要,https://www.minimininagano.co.jp/company/,no_sns_service
ABOUT US,https://sophola.jp/about/,kept
あちゃま WEB制作,https://kyum.chu.jp/wp/category/%E4%BD%9C%E6%88%90%E3%82%B5%E3%82%A4%E3%83%88%E3%83%BB%E3%83%97%E3%83%A9%E3%82%B0%E3%82%A4%E3%83%B3/,no_company
MG株式 会社,https://www.mg-inc.net/,kept
河内 長野 支店 店舗のご案内,https://www.seikyo-shinkumi.jp/store_kawachinagano.php,no_sns_service
デジタル マーケティング 養成講座,https://atfnagano.co.jp/valuable-in-house-investment-program/digital-marketing-training-course/,kept
長野市 の 不動産 売却のお悩みごとはありませんか。ファイン 不動産 ...,https://fine-baikyaku.com/blog/20230118-1481/,no_sns_service
店舗・ATM・ 来店 予約のご案内,https://bank.82group.jp/tenpo/index.html,no_sns_service
サービス紹介,https://www.aily-lab.co.jp/service/,no_address
自治体アンテナショップ情報交換会 開催実績,https://www.jcrd.jp/support/4c8a4d82dbae15c8236afdbceb1c43ae8a2f415f.pdf,fetch_failed
auショップ 河内 長野,https://www.au.com/storelocator/detail/?shopId=K-00208,no_sns_service
河内 長野 店,https://osaka-daihatsu.co.jp/post-search_shop/post-search_shop-3282/,no_sns_service
長野 支店【取引店コード：401】,https://www.nomura.co.jp/branch/branch/nagano.html,no_sns_service
地方 飲食店 が語る「Instagram検索で売上120％増」,https://adv.tokyo-np.co.jp/prtimes/article69363/,no_address
2025年10月の新着情報,https://www.matsumoto-tca.or.jp/2025/10,no_sns_service
よくあるご質問,https://s-d-lab.jp/faq/,no_sns_service
集客 UP＆売上UP 支援 講座,https://www.mcci.jp/wp-content/uploads/2026/06/b2a8d55c17ea311136fe9f565d53da2c.pdf,fetch_failed
Untitled,https://bar.nagano.jp/wp-content/uploads/2026/06/A3_2026M.pdf,fetch_failed
株式 会社 ホテル白樺荘,https://matsumoto.city/company_index/034-shirakabaso/,no_sns_service
サロン のお仕事にやりがいを見いだせるようになりました。,https://beauty-salon.linkwin.jp/voice01/,no_address
レントライフ レントライフネットワークとは,http://www.rentlifenetwork.jp/network/,no_sns_service
哲学を土台に圧倒的な商品力と営業力で業界をリードし続ける ...,https://listen-web.com/story/matsumoto-sena2,no_sns_service
企業情報 – 株式 会社 エイ・ティ・エフ,https://nagano-sdgs.com/company/110/profile/,no_address
業績向上 支援,https://mas-net.jp/consulting-service/%E6%A5%AD%E7%B8%BE%E5%90%91%E4%B8%8A%E6%94%AF%E6%8F%B4/,kept
長野市・ 松本市 周辺の 不動産 売却はおまかせください！,https://www.sunpro-estate.jp/sell-my-realestate?gclid=Cj0KCQiA4aacBhCUARIsAI55maEwAJSmtF952sogouK9_JNYrUkIivgJvPGCm2PX-rMBLEzqa1auXYAaArcPEALw_wcB,kept
会社 情報,https://soleil-creative-consulting.co.jp/company/,kept
商工課,https://www.city.matsumoto.nagano.jp/soshiki/75/,no_sns_service
美容 師のオンラインセミナーから臨店講習・コンテスト企画,https://www.mitsui-corp.co.jp/support/education/,kept
【5/16（木）開催】 不動産 管理 会社 向け「第4回COSOJIカフェ,https://chintaidx.com/media/seminar/240516/,no_sns_service
松本 発！ 中小企業 の採用・ 販促 を 支援 「売上と採用を伸ばすSNS ...,https://www.nikkei.com/compass/content/PRTKDB000000749_000059127/preview,no_sns_service
プロフィールページ,https://www.salon-akalab.com/%E3%83%97%E3%83%AD%E3%83%95%E3%82%A3%E3%83%BC%E3%83%AB%E3%83%9A%E3%83%BC%E3%82%B8/,no_address
中小企業 経営革新等応援事業補助金（旧：滋賀県市場化ステージ ...,https://www.pref.shiga.lg.jp/file/attachment/5595751.pdf,fetch_failed
会社 情報,https://www.doa-inc.jp/company/,kept
アドキンス アラン,https://jp.linkedin.com/in/alanadkins/ja,fetch_failed
中部山岳国立公園パートナーシッププログラム 令和4年度実績及び ...,https://chubu.env.go.jp/shinetsu/content/000146718.pdf,fetch_failed
「商社が担う地方創生」特集,https://www.jftc.jp/monthly/feature/detail/entry-1445.html,no_address
このサイトについて,https://matsumotomisuzu-housedo.com/usingsite/,no_sns_service
地域貢献活動に関するページ,https://www.pref.yamanashi.jp/shouko-kik/30645561557.html,no_sns_service
株式 会社 ローカル(長野支社),https://www.ec-cube.net/integrate/partner/partner.php?partner_id=452,no_address
会社 概要,https://nakamura-biyou.net/about/,kept
会社 案内,https://e-office.gr.jp/medical/company,kept
PR 事例,https://www.localink.co.jp/pr/,no_address
事例④,https://shinshu-100y.shinshu-u.ac.jp/matching-case/4144,no_address
甲府市 中心市街地企画提案型自主的取組 支援 事業補助金について,https://www.city.kofu.yamanashi.jp/shoko/proposalevent/kikakuteianngata.html,kept
山梨でのクリニック開業 支援 ・医業経営コンサルティング,https://www.fir.gr.jp/rapport/e19012601.html,no_sns_service
人気商業エリアの“ 集客 マグネット”！駐車場付き60㎡路面テナント,https://krasula.jp/tenant/4BV1r8Bm,no_sns_service
SP事業,https://gain.co.jp/service/sales-promotion/,kept
山梨県の医業経営コンサルタント 株式 会社 ブロス 清水新居 ...,http://www.e-bross.jp/simizumz.html,kept
山梨県,https://www.mhlw.go.jp/content/10900000/000348175.xlsx,fetch_failed
開業医・ クリニック ・調剤薬局専門の建築施工 Doctor＆Pharmacy ...,https://dp-solution.net/lp/index.html,kept
会社 概要,https://akatukikantei.wordpress.com/%E3%81%82%E3%81%8B%E3%81%A4%E3%81%8D%E9%91%91%E5%AE%9A%E6%B3%95%E4%BA%BA%E3%81%AE%E7%B4%B9%E4%BB%8B%E3%81%A7%E3%81%99%E3%80%82/%E4%BC%9A%E7%A4%BE%E6%A6%82%E8%A6%81/,no_sns_service
山梨のホームページ制作,https://iizuka-net.ne.jp/other/9037,no_address
事業内容,https://ohtas.jp/business/,kept
5分でわかるUNIIDEO,https://uniideo.com/fiveuniideo/,kept
報道関係者各位 2020 年 9 月 2 日 有限 会社 山長 ...,https://cdn.kyodonewsprwire.jp/prwfile/release/M104775/202009013739/_prw_OR1fl_hrfDF6rG.pdf,fetch_failed
会員紹介,https://www.shindan-hg.com/member,kept
令和8年度起業家養成セミナー【創業塾】,https://cgc-yamanashi.or.jp/wordpress/wp-content/uploads/2026/06/R8%E8%B5%B7%E6%A5%AD%E5%AE%B6%E9%A4%8A%E6%88%90%E3%82%BB%E3%83%9F%E3%83%8A%E3%83%BC-%E3%83%81%E3%83%A9%E3%82%B7.pdf,fetch_failed
「山梨・静岡物産展」を開催,https://www.shokokai-yamanashi.or.jp/wp/wp-content/uploads/2025/03/vol276.pdf,fetch_failed
店舗 開発,https://trynet-business.jp/store-development/,no_sns_service
【山梨の 美容室 向け】ホットペッパーに頼らないWeb 集客 ！プロが ...,https://togawa-mizuki.com/hair-salon-web-marketing,no_address
山梨県 甲府市 の ホームページ制作 事務所,https://y-designer.jp/,no_company
小規模事業者組織化指導事業（全国中央会）,https://www.chuokai-yamanashi.or.jp/%E5%B0%8F%E8%A6%8F%E6%A8%A1%E4%BA%8B%E6%A5%AD%E8%80%85%E7%B5%84%E7%B9%94%E5%8C%96%E6%8C%87%E5%B0%8E%E4%BA%8B%E6%A5%AD%EF%BC%88%E5%85%A8%E5%9B%BD%E4%B8%AD%E5%A4%AE%E4%BC%9A%EF%BC%89,no_sns_service
一般社団法人山梨県宅建サポートセンター,https://yamanashi-takken.or.jp/support-center,no_sns_service
山梨県 甲府市 で税理士をお探しなら辻・本郷 税理士法人 甲府事務所へ,https://www.ht-tax.or.jp/branch_chubu/kofu/,no_sns_service
『山梨県』で不動産売却に強い業者20選,https://sonwosinai-fudousanbaikyakufullkatsuyou.com/yamanashi,no_sns_service
このサイトについて,https://kofushowadori-housedo.com/usingsite/,no_sns_service
安野 克巳,https://www.shindan-yamanashi.com/shindanshi/%E5%AE%89%E9%87%8E-%E5%85%8B%E5%B7%B3/,no_sns_service
甲府 オフィス/スタジオオープン,https://c3dinc.com/journal/news/office-open/,kept
地元で働き頑張る人たちを紹介します！,https://www.kofu-sangyo.jp/post_interview/4615,kept
日本情報通信、 甲府市 と行政デジタル推進における連携実施,https://www.niandc.co.jp/news/20250421_61625/,no_sns_service
資料ダウンロード,https://www.aeon-mall.jp/event_mallmedia/img_2/aeonmall_eventspace_doc.pdf,fetch_failed
【グローバルリーチとは？】 広告 用語集,https://visipri.com/ad-dictionary/1477-Global-Reach.php?srsltid=AfmBOor9uX87_ewfIMdXaIEVRpOQPB_TA9kJYRx53Z1mNrgwav610bxF,kept
ブレインの人づくり,https://brain-one.co.jp/hrd/,kept
kofu 甲府市 100人カイギ,https://100ninkaigi.com/area/kofu,no_address
事業内容 – 山梨県 甲府市 中小企業ブランディングはメディアデコ ...,https://mediadeco.net/work/,kept
Googleマイビジネス導入・開設・運用・ 支援 サポート,https://ict.fuji-offset.co.jp/google-mybusiness,kept
エリア マーケティング チーム,https://www.media-b.com/area-marketing-team/,kept
集客支援 サービス,https://www.qualitydesignworks.jp/?page_id=238,kept
集客支援,https://nissenpartners.co.jp/works_service/customer-attraction/,no_contact
株式 会社 みと 地域 総合研究所,https://www.mitoshin.co.jp/about/kanren/souken/,no_sns_service
会社 の哲学,https://tokino.co.jp/about/,no_sns_service
茨城県の経営者のもとで県外人材が副業し 地域 課題解決に挑む ...,https://etic.or.jp/news/2026/03/7134,no_address
水戸市 公共施設にて「ICT マーケティング プロジェクト」のポスター ...,https://www.tokiwa.ac.jp/management/231215/,no_sns_service
事業費 事業目的 訪日外国人観光客数が,https://www.city.mito.lg.jp/uploaded/attachment/10541.pdf,fetch_failed
コンサルティング,https://adesign.jp/consulting/,kept
茨城県 水戸市 および水戸観光コンベンション協会と 地域 活性を目的 ...,https://aumo.co.jp/news/774,fetch_failed
ホームページ制作支援,https://y-sb.com/web-design/,kept
デザインによる歯科医院開業 支援 IKGデンタルラボ,https://dental-lab.jp/links/index.html,kept
募集・管理 桂 不動産 に お任せください,https://www.katsurahome.co.jp/wp-content/uploads/2026/01/00_PD-leaf_202601.pdf,fetch_failed
開業物件情報,https://clinicstation.jp/estates/?paged=4,no_sns_service
スタッフ紹介,https://ebisu-sales.com/staff/75/,no_sns_service
シャーメゾンMAM I 101【茨城県 水戸 駅】の物件写真・間取り図 ...,https://www.photo-livesearch.com/products/101417,no_address
経営発達 支援 計画の概要 実施者名,https://www.chusho.meti.go.jp/keiei/shokibo/ninteikeikaku/download/08-44.pdf,fetch_failed
創業の思いの原点に立ち返った「営業手法」の秘訣,https://www.yorozu-ibaraki.go.jp/strapi/uploads/yorozu_Seminar_satou0522_88417c387d.pdf,fetch_failed
甲府 セントラル通商,https://www.ajmic.or.jp/kumiai/pickup/yamanashi_2013_p12.html,no_sns_service
茨城県 よろず 支援 拠点,https://www.iis-net.or.jp/files/kousya/page/keiei_soudan/R6_yorozu_pamphlet_2.pdf,fetch_failed
創業ジャンプアップセミナー,https://www.kenshinbank.co.jp/uploads/2019/10/news_20191021_jumpup.pdf,fetch_failed
茨城県よろず 支援 拠点,https://mito.inetcci.or.jp/wp-cntpnl/wp-content/uploads/2019/07/20190711093732953.pdf,fetch_failed
創業,https://www.icgc.or.jp/wp/wp-content/uploads/2024/12/b8331fd22db0801f4e8e4b7892267406.pdf,fetch_failed
マーケティング コンサルタント,https://www.busca-llc.com/home,no_sns_service
会社概要,https://www.ibako.co.jp/company/summary.html,no_sns_service
セミナー・講演会,https://kofucci.or.jp/seminar/,kept
院内運用可能,https://menobiru.com/works/clinic-startup-support/,kept
[株式 会社 あけぼの印刷社] マーケティング支援,https://www.joyobank.co.jp/enterpri/monozukuri/2021/596.html,kept
水戸 ・茨城県のSEO/Web 集客 /制作 支援 ならシンプリック,https://simplique.jp/area/ibaraki/,kept
パーク株式 会社,http://www.park104.com/business/index.html,no_sns_service
株式会社 ジャストインシュアランス,https://www.nisshinfire.co.jp/agency/shop/ibaraki/717001/index.html,no_sns_service
ミニカーショップ リトルレガード,https://ekitoma.e-ticket.shopping.jreast.co.jp/ekitoma/spot/detail?code=0000000725,no_sns_service
都市環境開発株式 会社 : 新規事業のご案内,https://www.toshikankyo-kaihatsu.jp/,fetch_failed
茨城県が描くD&I推進による｢強い地方｣の未来像 県内企業の取り組み ...,https://toyokeizai.net/articles/-/919627,no_company
電柱 広告 特設ページ,https://denchu-koukoku.com/,kept
令和元年度茨城県情報通信事業者雇用促進事業 サービス産業生産性 ...,http://tsukuba-gi.jp/wp/wp-content/uploads/2019/11/unnamed-file-1.pdf,fetch_failed
8/21(月)稼ぐ 地域 ビジネスのつくり方＠ 水戸,https://epochers.com/event/0821chiiki_biz_mito/,no_address
不動産 業界向けバーチャルツアー作成サービスの60日間無償プラン ...,https://digital-shift.jp/flash_news/FN210120_5,kept
ホームページ制作 株式 会社 ウィスト 茨城県 つくば市,http://wist-inc.com/,kept
水戸 店,https://www.wecars.co.jp/guide/?id=43,no_sns_service
茨城放送と凸版印刷、ラジオ番組と「Shufoo!」へのチラシ掲載を ...,https://www.holdings.toppan.com/ja/news/2013/01/newsrelease1462.html,kept
満席FAX,https://www.mansekifax.com/,kept
店舗 ・施設の 集客 を強化する「MEO対策の秘訣」勉強会 〜Google ...,https://luma.com/xsx6ef94,no_address
FUNC,https://func.group/,no_company
飲食店 のWeb 集客 成功事例8件,https://www.cypress-all.co.jp/cases/industry/restaurant,no_address
つくば市 周辺市街地チャレンジショップ,https://www.city.tsukuba.lg.jp/soshikikarasagasu/toshikeikakubushuhenshigaichishinkoka/gyomuannai/2/1/1016541.html,no_sns_service
協賛 会社 募集,https://salonderiz.co.jp/recruit,kept
パソコン販売・修理、システム開発、ホームページ作成,https://magimagi.jp/page/2/?mall%2Fm1334886,kept
Voiceお客様の声,https://www.biz-renova.com/voice/,no_sns_service
地方創生2．0 好事例の普遍化に向けて～ (1)安心して働き,https://www.cas.go.jp/jp/seisaku/atarashii_chihousousei/pdf/20250613_mapping.pdf,fetch_failed
トイロスタジオ,https://toirostudio.com/,no_address
SNSマーケティングから経営全般まで 支援 されている南口彰歓さん ...,https://www.threads.com/@nobu_taguchi/post/DbDM-ozHZKU/%E7%BE%8E%E5%AE%B9%E3%82%B5%E3%83%AD%E3%83%B3%E3%82%92%E4%B8%AD%E5%BF%83%E3%81%ABsns%E3%83%9E%E3%83%BC%E3%82%B1%E3%83%86%E3%82%A3%E3%83%B3%E3%82%B0%E3%81%8B%E3%82%89%E7%B5%8C%E5%96%B6%E5%85%A8%E8%88%AC%E3%81%BE%E3%81%A7%E6%94%AF%E6%8F%B4%E3%81%95%E3%82%8C%E3%81%A6%E3%81%84%E3%82%8B%E5%8D%97%E5%8F%A3%E5%BD%B0%E6%AD%93%E3%81%95%E3%82%93%E3%81%A8%E6%84%8F%E8%A6%8B%E4%BA%A4%E6%8F%9B%E3%81%8A%E8%A9%B1%E3%81%97%E3%81%97%E3%81%A6%E6%94%B9%E3%82%81%E3%81%A6%E6%84%9F%E3%81%98%E3%81%9F%E3%81%AE%E3%81%AF%E3%81%93%E3%82%8C%E3%81%8B%E3%82%89%E3%81%AE%E7%B5%8C%E5%96%B6%E6%94%AF%E6%8F%B4%E3%81%AF%E9%9B%86%E5%AE%A2%E3%81%A0%E3%81%91%E3%81%A7%E3%81%AF%E5%AE%8C%E7%B5%90%E3%81%97%E3%81%AA%E3%81%84%E3%81%A8/,no_company
開業あるある,https://www.satouganka.com/blog/3658/,no_company
会社 概要,https://www.hosodakousan.co.jp/rent/about/company/index.html,no_sns_service
茨城マップ 集客支援 （MEO/Googleマップ） 茨城ローカルEC 支援 ...,https://mumei.work/,no_address
開店サポート付き 不動産 紹介サービス,https://myla-inc.jp/buddy,no_sns_service
Company,https://sawan.ne.jp/company/,no_address
つくば 上河原崎商業施設,https://drmsre.co.jp/estate/e0142/,no_sns_service
和歌山 – ITコンサルタント、ITコンサルティング 会社 ...,https://kokoupz.com/category/%E5%92%8C%E6%AD%8C%E5%B1%B1/,no_address
株式 会社 HAIRが銀座にシェア サロン 「Lano by HAIR」をOPEN,https://www.sharingbeauty.co.jp/8901,kept
中小企業 のためのデジタル活用セミナー＆ワークショップ,https://www.osaka.cci.or.jp/event/seminar/202605/D55260511018.html,no_address
みらいーのについて,https://miraiino.co.jp/about/index.html,kept
あいおいサポートエージェンシー,https://www.aioi-support.co.jp/,fetch_failed
40 年のあゆみ,https://www.accs.or.jp/wordpress/wp-content/uploads/2021/09/76976bd9214a64b7fd8cdb3a15b55892.pdf,fetch_failed
ホームページ制作 ・保守・管理について,https://fsfield.jp/service/,kept
医療機関のプロモーション,https://www.bigfive.jp/business2/,kept
経営革新計画,https://ark-inv.com/service/yuuguu-keikaku/keiei-kakushin/,kept
このサイトについて,https://tsukubagakuen-housedo.com/usingsite/,no_sns_service
タグ：ポスティング業者 つくば市,https://postingmirai.com/blog/tag/flyer-distributor-tsukubashi,no_sns_service
カスミ、富士通、ADKがデジタルサイネージを活用した新たな店頭 ...,https://info.archives.global.fujitsu/jp/news/2008/10/30-1.html,no_address
029-255-2989 茨城県 水戸市 河和田町3820-1,https://manyuutei.jp/store/mito50.html,no_sns_service
会社 概要,https://supporters.co.jp/company,kept
株式 会社 ホテルベストランド様ご活用事例,https://www.glico.com/jp/business/sp/case/case68.html,kept
プライバシーポリシー,https://www.tsukubasyoji.com/privacy/,no_sns_service
茨城県 つくば市 に初出店,https://press.portal-th.com/archives/37546,no_sns_service
令和6年度 モデル事業,https://www.city.utsunomiya.lg.jp/_res/projects/default_project/_page_/001/041/625/r6.pdf,fetch_failed
創業 支援,https://sakura10ken.co.jp/start-up-support/,kept
運営委員紹介,https://utsunomiya-ventures.com/support,no_sns_service
ECサイト向けお役立ちブログ,https://localdirect.jp/blog/?page=16,kept
デジタル活用 で 売上 UP 店舗の魅力発信セミナー(2 回シリーズ),https://s3.ap-northeast-1.amazonaws.com/www.a-cci.or.jp/file/202211111118%E3%83%87%E3%82%B8%E3%82%BF%E3%83%AB%E6%B4%BB%E7%94%A8%E3%80%80%E6%A1%88%E5%86%85+(2).pdf,fetch_failed
ARATA,https://arata.design/,no_sns_service
歴史・沿革,https://www.issei-syoji.co.jp/company/history/,no_sns_service
株式会社 ソエノ,https://soeno-vision-forge.lovable.app/,no_address
佐藤 栄一 北村光弘,https://www.u-tenchijin.com/wp-content/uploads/2017/01/2017-01-tenchijin.pdf,fetch_failed
販路開拓・経営 支援,https://www.pref.tochigi.lg.jp/sangyou/shoukougyou/hanrokaitaku/index.html,kept
あなたの理想の 飲食店 をカタチにします。,https://design-switch.jp/tochigiken/e44874e1-b17b-48f0-aade-d02df9d9e5d0/90bb6839-7040-408a-9b7b-f3de92265e35,kept
マーケティング 志向の営業活動の分析と改善,https://www.tochigi-iin.or.jp/home/5/5010.html,kept
サービス,https://curiver.com/service/,kept
屋内ツール,http://www.yokose.com/sptool_sign/sptool_sign_b/index.html,kept
宇都宮市 に中小企業向けホームページ制作の「スパイラルアップ ...,https://www.d-ic.com/news/4780,kept
WEB版経営 支援 ガイドを更新しました,https://www.u-cci.or.jp/shienguide2021/,no_company
元気寿司オリジナルプリペイド&ポイントサービス「SushiCa(スシカ ...,https://www.valuedesign.jp/dcms_media/other/20221212.pdf,fetch_failed
足利市の 不動産 売却は【株式 会社 スカイブルー】へ,https://skyblue-rainbow.jp/,no_sns_service
ホームぺージ制作,https://t-unique.jp/hp_seisaku/,no_company
事業内容,https://anewinc.co.jp/service/,kept
事業概要,https://hitonowa.net/hp202604/profile.html,no_contact
BYD AUTO 宇都宮,https://dealer.bydauto.co.jp/hp/utsunomiya,no_sns_service
宇都宮市 のリフォームならニッカホーム宇都宮,https://utsunomiya-nikka.com/,no_sns_service
平成22年度 経営革新計画承認事業者（62件）,https://www.pref.gunma.jp/page/10103.html,no_sns_service
株式会社 kaoiriの採択事例「優良工務店の 集客 と省力化を ...,https://local-mp.co.jp/subsidy/cases/jigyou-saikouchiku-12-171/,no_address
デジタル ハリウッドSTUDIO 宇都宮 2022年3月開校,https://www.dhw.co.jp/press-release/20211220_studio_utsunomiya/,no_address
外山 昌樹 准教授,https://www.tcue.ac.jp/professor/139.html,no_sns_service
平成29年度 認定中心市街地活性化基本計画のフォロー ...,https://www.city.takasaki.gunma.jp/uploaded/attachment/12292.pdf,fetch_failed
会社 案内： 会社 概要,https://www.yamada-wtp.com/company/company01.html,kept
株式 会社 グリッタープレイス,https://glpl.co.jp/,kept
高崎商工会議所（群馬県 高崎市 、原浩一郎会頭）では,https://www.smrj.go.jp/supporter/tool/guidebook/guidebook1/fbrion000000206n-att/guide_itzirei01.pdf,fetch_failed
支援 実績,https://miali.co.jp/support-achievements/,no_address
サービス： 飲食店 の開業サポート,https://www.matsui-kaikei.co.jp/service/food.html,no_address
一般社団法人 高崎 観光協会様インタビュー 市民や観光客の生きた ...,https://tabiato.co.jp/biz/interview-takasakikanko/,no_address
群馬県 高崎市,https://frontman.co.jp/branding-9learlab/,no_address
おしえあウェルビーイング 産学連携で考える、本当にしあわせな ...,https://soeasy.seminarone.com/session20231106/event,no_sns_service
群馬県,https://www.salonfudousan.net/search_area/10/,no_address
高崎市 の 不動産 売却ならルック 不動産,https://look-re-baikyaku.com/,no_sns_service
法人特化マンスリー事業,https://lpsec.funaisoken.co.jp/fhrc/toushi/seminar/054497_lp/image/054497_lp.pdf,fetch_failed
Business,https://professionals.style-actus.com/business/,kept
業務内容,https://www.maia-bsd.jp/business/,kept
株式 会社 高崎 共同計算センター,https://www.shukatsu-ouen.jp/2027/corp.php?id=82,kept
企業 情報,https://kknakahara.co.jp/corporate/,kept
群馬で補助金を活用しての広告宣伝・販売促進なら、ぐんま補助金 ...,https://gunma-hojyokin.com/,kept
持続化補助金 案 内,https://gtakasaki-sci.or.jp/wp-content/uploads/2023/09/%E5%95%86%E5%B7%A5%E4%BC%9A%E9%80%9A%E4%BF%A1_R5%E5%B9%B4%E5%BA%A6%E7%A7%8B%E5%8F%B7_PC%E9%96%B2%E8%A6%A7%E7%94%A8.pdf,fetch_failed
支援 事例紹介,https://www.gcis.or.jp/support-case/,no_sns_service
運営 会社,https://jimotate.jp/company/,no_address
地域公共交通確保維持改善事業・事業評価 ...,https://wwwtb.mlit.go.jp/kanto/content/000322388.pdf,fetch_failed
LIXIL不動産ショップトウショウレックス本店,https://www.erajapan.co.jp/store/co-370008/,no_sns_service
"HIRAGA Co., Ltd.",https://www.pp-hiraga.co.jp/wp-content/uploads/2025/04/HIRAGA%E4%BC%9A%E7%A4%BE%E6%A1%88%E5%86%852025.pdf,fetch_failed
会社概要,https://www.gunei.jp/company/,no_sns_service
代表プロフィール,https://www.golden.jp/profile/,no_sns_service
美容室 ル・ラピス 高崎 店,https://labinas.jp/introduction/lelapis_takasaki/,kept
事例紹介,https://www.g-inf.or.jp/html/support_case_008.html,fetch_failed
地方創生最前線! 地域で事業を成功させる 5つのポイント 地方創生最 ...,https://suishinka.maebashi-cc.or.jp/wp/wp-content/uploads/2024/01/b6750083a77c874f4126447d49640d2c.pdf,fetch_failed
BUSINESS,https://www.for-rentclub.co.jp/business/,no_address
セミナー情報,http://nicobaru.com/seminar.html,no_sns_service
集客 につなげる ホームページ作成,https://www3.jeed.go.jp/gunma/poly/biz/23-134.pdf,fetch_failed
本社／ 宇都宮 店,https://www.tochigi-subaru.jp/tenpo/utsunomiya/,no_sns_service
前橋市,https://ict.startupleague.go.jp/support-member/maebashi/,no_sns_service
【導入事例】Googleビジネスプロフィールのデータ集計工数を大幅 ...,https://www.allgrow.co.jp/jirei-interzone/,kept
群馬県 前橋市 の マーケティング会社,https://tsumugucd.com/company,no_sns_service
えぎ店,https://netz-gtg.jp/shopa/shop11,no_sns_service
店舗応援事業,https://sunage.org/tenpo/,kept
ニッポンの地方をもっと面白くする「まちなか」のデザイン力,https://review.tanabeconsulting.co.jp/studygroupreport/wholesale/47543/,kept
M&A 支援 ・ 店舗 の居抜き譲渡や営業権譲渡,https://www.estacia.co.jp/ma/,no_sns_service
前橋市 の貸し会議室・レンタルオフィス・バーチャルオフィス,https://vsi-estate.co.jp/space.html,no_sns_service
群馬県の クリニック 開業物件情報,https://www.the-iinkaigyo.com/bukken/kensaku?ken_id%5B%5D=10,no_sns_service
地方の サロン ですが、対応してもらえますか?,https://cyberzero.jp/news-detail.php?id=6,kept
会社 案内,https://poj-gunma.jp/office/,kept
令和8年度産業サポートガイド,https://www.city.maebashi.gunma.jp/soshiki/sangyokeizai/sangyoseisaku/oshirase/2210.html,no_sns_service
クリニック 開業お役立ちコラム（資金・集患・経営のヒント）,https://www.cosmospc.co.jp/clinic-support/column/archives/2025/07/column589.php,fetch_failed
会社 情報,https://mirah-planning.com/company/,kept
広告事業,https://www.t-net-g.co.jp/business.html,kept
株式 会社 デンタルリーシング,https://dental-leasing.com/,no_sns_service
ティーエイチマーケティング,https://thm-gunma.jp/,kept
群馬の空室・放置物件のお悩み早期解決！満室への執念,https://fujiism.co.jp/sokumanshitsu,no_sns_service
群馬県 前橋市 にある株式 会社 ステッチです。,https://e-stitch.jp/%E7%BE%A4%E9%A6%AC%E7%9C%8C%E5%89%8D%E6%A9%8B%E5%B8%82%E3%81%AB%E3%81%82%E3%82%8B%E6%A0%AA%E5%BC%8F%E4%BC%9A%E7%A4%BE%E3%82%B9%E3%83%86%E3%83%83%E3%83%81%E3%81%A7%E3%81%99%E3%80%82/,no_address
リンク,http://www.mmarket.co.jp/link,no_sns_service
前橋市 システム開発・ ホームページ制作 ・AI活用,https://is-prime.co.jp/area/maebashi/,kept
U-Select 前橋 南,https://www.hondacars-jomo.co.jp/showroom/sr70.html,no_sns_service
営業・ 集客支援 プログラム,https://www.4sense.co.jp/support-program/,kept
Bino 前橋,https://ts-casa.jp/,no_sns_service
株式会社 オールトゥデイ,https://cikagoslituanistinemokykla.org/saitama-city-online-attraction/,no_sns_service
会社概要 – イベント企画制作 株式会社 Funwacca（ファンワッカ）,https://funwacca.net/about/company/,kept
前橋 上小出店,https://www.g-toyopet.jp/shop/maebashikamikoide,no_sns_service
群馬県 前橋市 のポスティング,https://www.ato-co.jp/gunma/maebashi/,no_sns_service
モビリティショップ 前橋,https://serio888.net/network/%E3%83%A2%E3%83%93%E3%83%AA%E3%83%86%E3%82%A3%E3%82%B7%E3%83%A7%E3%83%83%E3%83%97%E5%89%8D%E6%A9%8B/,no_sns_service
埼玉県 さいたま市 × フェリカポケット マーケティング 株式 会社,https://tohoku-dx-gateway.jp/y2024/booth/596/,no_sns_service
合同 会社 Local Story,https://local-story.co.jp/,no_sns_service
令和6年6月3日発表）株式 会社 つなぐと基本協定を締結しました,https://www.city.saitama.lg.jp/006/014/008/003/013/003/p114893.html,no_address
個人情報保護方針,https://www.fujita-bp.jp/privacy,no_sns_service
本橋 豊,https://kiito.jp/people/motohashiyutaka/,kept
運営 会社,https://g777.jp/samurai-web/company/,no_address
埼玉 美容室 店舗・内装デザイン,https://colmodesign.com/salondesign-saitama/,kept
林栖,https://ecto-con.com/staff/s-rin/,no_company
さいたま市 内企業の副業特集,https://lotsful.jp/specials/saitama,no_address
実績,http://m-mari.com/works/,no_sns_service
物件情報,https://www.clinic-sekiyakuhin.com/property12.php,no_sns_service
会社 案内,https://hit-group.jp/marketing/pages/2/,no_sns_service
患者 集客 を強力に 支援 いたします！ 病院 ...,https://impact-tyo.com/%E6%82%A3%E8%80%85%E9%9B%86%E5%AE%A2%E6%94%AF%E6%8F%B4%E3%80%82%E7%97%85%E9%99%A2%E3%83%BB%E3%82%AF%E3%83%AA%E3%83%8B%E3%83%83%E3%82%AF%E3%81%A7%E6%82%A3%E8%80%85%E3%81%AB%E5%9B%B0%E3%82%89%E3%81%AA/,no_sns_service
整体院の 集客 が伸びない理由とSEO/LLMOで患者 ...,https://www.vamola-corp.com/%E6%95%B4%E4%BD%93%E9%99%A2%E3%81%AE%E9%9B%86%E5%AE%A2%E3%81%8C%E4%BC%B8%E3%81%B3%E3%81%AA%E3%81%84%E7%90%86%E7%94%B1%E3%81%A8seo-llmo%E3%81%A7%E6%82%A3%E8%80%85%E6%95%B0%E3%82%92%E5%A2%97%E3%82%84/,kept
不動産 ホームページ制作（HP作成）なら手間なく運用 集客 できる ...,https://taktcoltd.jp/,kept
埼玉県 さいたま市 との協定締結に伴い、 不動産 に関する連携を強化,https://iqra.co.jp/post-3000/,no_sns_service
栄養療法に関わる医療従事者のための業務 支援 クラウド「メディ ...,https://greenmethyl.com/newsrelease/release-20240304/,kept
美容院 経営に詳しい税理士さんです。,https://konishi-tax.co.jp/voice/352,no_sns_service
賃貸管理について,https://www.bessyo.co.jp/owner/,no_sns_service
集客 施設が近い アーカイブ,https://www.saera-ph.co.jp/properties_icon/syukyaku/,no_sns_service
支援 施策情報,https://www.pref.saitama.lg.jp/a0803/shiennsesakujyouhou.html?pagePrint=1,no_sns_service
関係機関からのお知らせ,https://www.cgc-saitama.or.jp/about/kankei.html,no_sns_service
Advertising,https://beans-corp.co.jp/advertising/,kept
コーディネーター紹介,https://saitama-yorozu.go.jp/coordinator/,no_company
新着情報,https://prime-cmcs.jp/news,kept
成長 支援 事業,https://www.sozo-saitama.or.jp/about/growthsupport/,no_address
上尾市企業版ふるさと納税について,https://www.city.ageo.lg.jp/page/002121011101.html,kept
株式 会社 スプリングツリーC&D,https://spring-tree-cd.com/,no_sns_service
デジタルマーケティングプランナー,https://www.anrakutei.co.jp/bosyu/career/job_kind?cd=149,kept
NEWSRELEASE,https://www.katakura.co.jp/files/b8439e7bae2c9c80d54110f88eeb28237ef4d157.pdf,fetch_failed
【 Web コンサルティング】ご相談から運用支援まで（月額5万円〜）,https://cocoromi-creative.com/2024/12/consulting/,no_company
会社概要,https://www.hibridge-s.co.jp/company/,no_sns_service
会員会社紹介074_株式会社 イマイ,https://www.j-noa.jp/%E4%BC%9A%E5%93%A1%E4%BC%9A%E7%A4%BE%E7%B4%B9%E4%BB%8B074_%E6%A0%AA%E5%BC%8F%E4%BC%9A%E7%A4%BE-%E3%82%A4%E3%83%9E%E3%82%A4,no_address
【お知らせ】小さなお店のための マーケティング セミナー(SNS・AI版),https://www.warabicci.org/250616semi/,kept
丸紅食器設備 飲食店 経営者セミナー,https://www.marubeni-ss.com/pdf/%EF%BC%99%E6%9C%88%E9%A3%B2%E9%A3%9F%E5%BA%97%E3%82%BB%E3%83%9F%E3%83%8A%E3%83%BC.pdf,fetch_failed
【 飲食店 ・フード・ 集客 が得意の経営コンサルタント-をご紹介！】,http://www.auxer.net/proud9,no_sns_service
歴史的町並み地区における 外部資本店舗の進出と地域受容に関する ...,https://tokyo-metro-u.repo.nii.ac.jp/record/6783/files/20010-011-003.pdf,fetch_failed
初めての方へ,https://cotoliwmo.com/about/,kept
すべてのお客様を、地域No.1繁盛 飲食店 に！,https://www.kishinamifoods.jp/category/1337139.html,no_sns_service
ケイビーカンパニー 株式会社,https://www.saitamadx.com/dx-partner/solution/331/,kept
よくあるご質問,https://ksme-c.com/faq/,kept
,https://dmo-kawagoe.or.jp/,no_sns_service
Aboutりそな コエドテラスについて,https://www.saitamaresona.co.jp/labtama/koedo-terrace/about/,kept
WEB,https://www.bmbcommunity.jp/web/,no_address
お部屋探しはリロの賃貸 川越 店,https://relo-fudosan.jp/company/shop/kawagoe/,no_sns_service
川越市 のホームページ制作・対面で相談できる安心の伴走型サポート,https://www.harenohidesign.website/kawagoe-homepage/,no_address
事業内容,https://best-food.co.jp/service/,kept
埼玉/ 川越 の 不動産 コンサルティング,http://no-vus.readymade.jp/,kept
売れ筋を分析！”新メニュー開発により売上アップ！,https://mie-biz.jp/case/45,no_address
都市再生整備計画(第1回変更),https://www.city.kawagoe.saitama.jp/_res/projects/default_project/_page_/001/010/628/keikakusyo1.pdf,fetch_failed
私たちについて,https://muse-market2024.com/about/,no_company
会社 概要,https://www.town-story.com/about,no_sns_service
建設経済常任委員会 行政視察報告,https://www.city.yaizu.lg.jp/documents/14815/202305_kensetsu.pdf,fetch_failed
日本ワントゥワンソリューションズ株式 会社 （埼玉県 川越市 ...,https://www.1saito.biz/company/japan121solutions,no_address
不動産 問題,https://kawagoe.lawyer-web.jp/real-estate/,no_sns_service
会員 企業,https://www.kawagoehoujinkai.or.jp/members/,kept
中小企業 診断士川崎朋子,https://kawasakitomoko.com/,kept
共助の取組マッチング事業 専門家リスト（個人）,https://www.saitamaken-npo.net/html/160531_kojin_237.pdf,fetch_failed
会社 を知る,https://baycross.work/company/,kept
会社 情報,https://fc-aruie.jp/company/,no_sns_service
会社 概要,https://kitel.co.jp/index_kaisha.php,no_sns_service
会 員 一 覧【サービス】,https://koedo.or.jp/wp-content/uploads/b482d0f1f40d10b8944510d19af3ee39-1.pdf,fetch_failed
株式 会社 エコーステーション サブスクで「モノからコト」への転換 ...,https://www.bugin-eri.co.jp/report/report02/file/9ed36938f23aef220ab9a041ae026fe74042a956.pdf,fetch_failed
令和6年度 越 谷 市 ビジネスパワーアップ補助金 活用事例集,https://www.city.koshigaya.saitama.jp/kurashi_shisei/jigyosha/shienyushi/hojokin/files/r6bpzireisyu.pdf,fetch_failed
会社 情報,https://nutrits.jp/company/,no_sns_service
川越 南古谷店の店舗案内,https://www.sekichu.co.jp/shop/kawagoe/,no_sns_service
店舗イベント,https://actof-faith.co.jp/scene/store-events/,no_sns_service
事業内容,https://lead-connect.jp/company/,kept
美容室 応援プラン,https://www.kurauchi-tax.jp/service/support/,no_sns_service
アドバンスの事業,https://advance-co.com/service,no_sns_service
スタッフ紹介,https://sell.maruyoshi.ne.jp/st/eigyoman_cgi_colc_ffc000_tmpl_num_list_1_num_4635_target_num_notmpl_1.html,no_sns_service
越谷市 の企業限定。,https://koshigaya-websupport-ee2x5i0.gamma.site/,no_address
埼玉県 越谷市 のホームページ制作・SEO対策ならYukiWebPartner ...,https://yukiwebpartner.com/,no_address
参加飲食店を募集中！,https://meeteat.jp/info/bosyu,no_address
第5回北越谷駅まちバル,https://1969actival.jp/contents/kitakoshigayaekimachibaru5,kept
会社 概要,https://at-will.co.jp/wp/company/,kept
【 越谷市 相模町5丁目】医療モール開業ドクター募集,https://townmedical.co.jp/archives/1279,no_sns_service
【株式 会社 神領 不動産 様】看護師から 不動産 経営へ。事業承継後 ...,https://eslab.branding-t.co.jp/introduce/16/,no_address
コンサルタントの国家資格、 中小企業 診断士が経営課題の解決を ...,https://npokoshi-local-activation.org/members.html,no_sns_service
受付を締めきりました）「小規模事業者持続化補助金 説明会」開催 ...,https://www.koshigaya-cci.or.jp/newsdetail.php?category=seminar_event&id=403,no_sns_service
詳細＆お申込みは裏面をご覧ください,https://archive.jcci.or.jp/20190318%E5%89%B5%E6%A5%AD%E3%82%BB%E3%83%9F%E3%83%8A%E3%83%BC%E3%83%81%E3%83%A9%E3%82%B7.pdf,fetch_failed
【即入居可】 越谷 レイクタウン駅前医療モール【駅徒歩1分】,https://nm-kaigyo.nikkeihr.co.jp/property/114129/,no_sns_service
レンタル サロン 越谷,https://rentalsalon-lms-koshigaya.com/,no_sns_service
Vol.2,https://templa-web.com/blog/works02.html,kept
保守 運用サポート,https://www.biyonfactory.com/webmenu/support.html,kept
越谷市 レイクタウンのデザイン会社DRESSERSについて,https://www.dressers.work/aboutus?srsltid=AfmBOorvrYFiGAvamUTCI3CLKCZejLh0kHvZG-wHAJMBQnaZUUmmnjEU,no_address
会社概要,https://www.ss-j.co.jp/company/,no_sns_service
第14編 要綱編,https://www1.g-reiki.net/koshigaya/reiki_taikei/r_taikei_14.html,no_company
七左町井出家新規史料,https://adeac.jp/koshigaya-city-digital-archives/texthtml/d000260/mp001920-100020/ht000190,no_sns_service
8 8,https://monos-inc.co.jp/cms/wp-content/themes/monos/assets/docs/2607_MONOS_portfolio_Light.pdf,fetch_failed
さいたま市の 不動産 売却・売却査定ならハウスウェル,https://housewell-satei.com/,no_sns_service
【公式】 川越 西店   Honda Cars 川越,https://dealer.honda.co.jp/hondacars-kawagoe/showroom/detail/?kyoten_cd=05,kept
THE MOLTS（旧MOLTS）,https://moltsinc.co.jp/,kept
会社 紹介,https://www.hakushin.com/company/,fetch_failed
ようこそ！シャトレーゼ東 越谷 店へ,https://blanc-ck.com/news/000585.html,no_sns_service
地方創生推進交付金事業の取組みについて,https://www.city.chiba.jp/sogoseisaku/sogoseisaku/kikaku/documents/r2-shiryo2.pdf,fetch_failed
アイドルマスター TOURS 特化店舗「Producers Station」,https://bandainamco-am.co.jp/others/idolmaster/producers_station.html,no_sns_service
会社 概要,https://shinmasaoka.com/company.html,no_sns_service
「Lake and Startup 〜 水辺で創業」始動水辺で夢をカタチにしま ...,https://www.lake-and-peace.jp/post/lake-and-startup,kept
NetOne 越谷 店 高年式コンパクト専門店 JU適正販売店,https://www.carsensor.net/shop/saitama/202012008/,no_sns_service
コンサルティング事業,https://chibacool.co.jp/service/consultingbusiness/,kept
株式 会社 アクティブレイン,https://www.chibacity-ta.or.jp/spots/actybrain/,no_address
株式 会社 ケイエスセッション,https://kssession.co.jp/,no_address
千 葉 美 容 事 業 協 同 組 合 組 合 員 企 業,https://www.chuokai-chiba.or.jp/chuokai/wp-content/uploads/2017/05/chushokigyochiba201705_0809.pdf,fetch_failed
デザイナー&事業者サポーター：yayoi(やよい),https://wazahaku.com/wazabito/337/,no_sns_service
利益が出続ける 美容室 経営【無料】独立  プロジェクトセミナー開催中,https://www.styledesigner.net/news/315,no_sns_service
Business Support,https://www.style-be.com/support.html,kept
令和5年度テスト マーケティング の結果を活用したコンサルティング,https://www.pref.chiba.lg.jp/sanshin/renkei/chiikishigen/r5consulting.html,no_sns_service
株式 会社 ATID（アティード）,https://atid.jp/,kept
「迷ったら、キレイパスコネクト一択です」,https://connect.kireipass.jp/pages/case/bloom_clinic,no_company
【 会社 概要】 千葉 県柏市の日常の中の 美容室 E/X-CEED'S ...,http://ex-ceeds.circle-inc.co.jp/company.html,no_sns_service
千葉 県の歯科・ クリニック に強いホームページ制作 会社 6社,https://c-ree.com/partners/industry/iryou/chiba,no_address
会社 案内,https://30m.co.jp/about/,kept
美容院 FIKA様,https://ground-job.com/archievement/achievement-03/,no_address
WEBマーケティング ブログ,https://marketing.lill.co.jp/,kept
株式 会社 Next innovation,https://next-ivt.jp/,no_sns_service
コンサルティング事業,https://idellc.jp/consulting/,kept
千葉 で町の 不動産 屋が生き残るための道,https://www.chibanissinkougyou.com/cont5/69.html,no_sns_service
令和7年 千葉市 トライアル発注認定制度で《ANT-B0》が認定され ...,https://4dlt.com/news/251121,kept
新規市場開拓 支援 事業（見本市等出展 支援 ）,https://www.chibashi-sangyo.or.jp/enterprise/kyoka-sosyutu/hanro/shinki/,no_sns_service
会社 概要,https://marks-house.jp/company/profile/,no_sns_service
公益財団法人 千葉市 産業振興財団 販路拡大 支援 事業,https://himetakeiei.jp/himeta/hojokinshinseishien/kakuken-hojokin/chibakenhanrokakudaijigyo/,kept
会社 概要,https://ad-inc.jp/company,kept
ソウルドアウト、全国20拠点目の 千葉 営業所を開設。,https://digital-holdings.co.jp/news/20211201/1402,fetch_failed
販促 ・販路拡大：アドバイザー検索,https://musashikoyama-sc.jp/adsearch/?category=20,kept
【 千葉 県産業振興センター】ものづくり 企業 の製品企画 ...,https://www.city.kisarazu.lg.jp/soshiki/keizai/sangyoshinko/1/3811.html,kept
【令和7年4月10日受付開始】 千葉 県実施の 中小企業 成長促進補助金 ...,https://www.sme-support.co.jp/column/p1262/,kept
広告代理店 事業,https://www.zenei-pro.jp/service_advertising/,kept
導入実績,https://stoc.co.jp/achievements/,no_address
千葉 開府 900 年をテーマに、 桜商品の販促活動に学生が参画,https://www.u-presscenter.jp/wp-content/uploads/2026/03/97f50e0dc5826aabe140e9db0b623f5e.pdf,fetch_failed
支援 実績 アーカイブ,https://agaruto-marketing.com/marketing/performance-agaruto/,no_address
地方創生推進交付金事業に関する資料,https://www.city.funabashi.lg.jp/shisei/keikaku/009/p074417_d/fil/suisinnkouhukinn2.pdf,fetch_failed
プロフィール – 代表取締役 千葉 一生,https://one-birth.co.jp/profile/,kept
運営者情報,https://shukyaku-lab.com/about,kept
Untitled,https://www.freuden.or.jp/semi_20141126.pdf,fetch_failed
電話番号 0473181111/047-318-1111の情報,https://ivry.jp/telsearch/0473181111/,no_sns_service
店頭とアプリ連動販促サービス 「SuperPoPコネクト」リリース,https://ichikawa-jin.co.jp/media/news/a9,kept
RESULTS マーケティング 支援実績,https://besteffortmarketing.co.jp/case_study/,kept
千葉県 船橋市 、八千代市のホームページ制作事務所 Liberadiant ...,https://liberadiant-webpartner.com/,no_company
会社 概要,http://www.the-base.jp/about.html,kept
販売・ マーケティング支援,https://kkz-consulting.com/%E8%B2%A9%E5%A3%B2%E3%83%BB%E3%83%9E%E3%83%BC%E3%82%B1%E3%83%86%E3%82%A3%E3%83%B3%E3%82%B0%E6%94%AF%E6%8F%B4/,no_company
不動産 業界に特化したコンサルティング：経営 支援 ・業務 支援 はお ...,https://www.ysc-inc.net/,no_sns_service
【新サービス紹介】「清掃 会社 の診療所」を立ち上げました。,https://toyoamenity.co.jp/column/notice-of-cleaning-company-clinic.php,kept
会社概要,https://www.e-next.co.jp/company.html,kept
事業計画及び成長可能性に関する事項について,https://www2.jpx.co.jp/disc/92410/140120210817487186.pdf,fetch_failed
株式 会社 モビリィ,https://www.e-funabashi.com/archives/fccimember/mobily,kept
令和6年度公益財団法人 船橋市 中小企業勤労者福祉サービス ...,https://www.f-cs.or.jp/files/libs/2852/202403071431507489.pdf,fetch_failed
gTOMO合同 会社,https://sfh-net.or.jp/company/company-1404/,no_address
地域新聞社グループとRPAテクノロジーズ、 中小企業 へのRPA導入 ...,https://open-group.co.jp/info/2021/04/chiikinews/,kept
AGAスキン クリニック WEBマーケティング担当者 リーダー候補,https://recruit.ideajapan.com/joblist/60/,kept
株式会社電通 デジタル ・ホールディングス,https://www.cbre.co.jp/properties/column/office/cases/office_relocation_project-index/office_relocation_project-dentsudigital,no_address
ふなばし起業スクール2023下期,https://kigyo-seminar.net/funabashi2023shimoki/,no_address
CONSULTING・FCコンサルティング・FC加盟,https://themasons.jp/plan.html,kept
アスタノット（株） （あすたのっと）,https://wakuwaku-kashiwa.net/mobile/corpDetail/1145,fetch_failed
コミコミ開業プラン（消化器内科/新柏）,http://www.totalmedication.jp/17359735777012,no_sns_service
企業版ふるさと納税,https://www.city.kashiwa.lg.jp/seisaku-innovation/shiseijoho/keikaku/sonota/kigyouban.html,kept
東武百貨店 船橋 店,https://www.semba1008.co.jp/ja/portfolio/tobu-dept-funabashi,no_address
お問い合わせ,https://edge-c.com/contact/,kept
株式 会社 リラクラ,https://rirakura.co.jp/,no_address
選ばれる理由,https://cyberarx.jp/reason/,kept
不動産 問題,https://kashiwa.lawyer-web.jp/real-estate/,no_sns_service
選ばれる理由,https://isreform.jp/reason/,kept
JNIプロパティーズ株式 会社,https://jni-hd.co.jp/jni-properties/,no_sns_service
令和7年度における創業 支援 策の実施状況について,https://www.ccjc-net.or.jp/cmsfiles/contents/0000003/3294/R7toukatsu.pdf,fetch_failed
【千葉県 柏市 】 MEDICITYかしわ 【JR常磐線「南柏駅」】,https://corp.shinryo.jp/3197/,no_sns_service
令和7年度上期創業スクール開催の様子,https://www.chiba-cgc.or.jp/wp/wp-content/uploads/2025/08/r7sougyouhoukoku.pdf,fetch_failed
メンバー,https://www.mkyou57.jp/member,no_address
千葉県 柏市 :お問い合わせフォーム,https://ttp.or.jp/faqs/query,fetch_failed
“ 中小企業 のための” 経営を強くするデジタル活用術,https://www.urayasu-cci.or.jp/wp-content/uploads/2023/09/%E4%BB%A4%E5%92%8C5%E5%B9%B4%E5%BA%A6IT%E3%82%BB%E3%83%9F%E3%83%8A%E3%83%BC%E3%83%81%E3%83%A9%E3%82%B7.pdf,fetch_failed
【千葉県】「 柏の葉 」 クリニック テナント物件,https://dcp-sol.com/article/bkn/%E6%9F%8F%E3%81%AE%E8%91%89%E3%83%86%E3%83%8A%E3%83%B3%E3%83%88%E7%89%A9%E4%BB%B6/,no_sns_service
株式会社タウンアドエージェンシー 会社概要,https://town-ad.main.jp/gaiyou.html,kept
アンドクリエイトについて,https://andcre.com/about/,no_address
カシワニサポーターズ「暮らす」,https://kashiwainfo.net/kicslive/,no_address
アパート経営を安定させるには,https://www.ajoyh.jp/first_investment/stability/,no_sns_service
事業内容,https://okamijuku.com/work/,kept
カイダン,https://kaidan.marketing/,no_address
導入事例・実績,https://a-nabors.jp/case/,kept
「小規模事業者持続化補助金セミナー」開催のお知らせ,https://www.kashiwa-cci.or.jp/info/30874,fetch_failed
ソリューション,https://www.nbs-ks.jp/solution.html,kept
2026年3月期決算説明会資料,https://finance-frontend-pc-dist.west.edge.storage-yahoo.jp/disclosure/20260529/20260529554804.pdf,fetch_failed
ニュース,https://system-planning-delivery.com/?post_type=news,kept
フィルズリンクス -,https://fills-web.sakura.ne.jp/fills2024/,kept
会社 案内,https://yokohamasyukyaku.co.jp/about-us/,no_address
横浜市 飲食店 開業,http://okiy-zeirishi.jp/kw/%E6%A8%AA%E6%B5%9C%E5%B8%82%E3%80%80%E9%A3%B2%E9%A3%9F%E5%BA%97%E9%96%8B%E6%A5%AD/,no_sns_service
観光デザイン研究所,https://clasix.net/,kept
新横浜で飲食店の経営・コンサルティング・独立開業・事業継承,https://www.gisho.co.jp/company/consulting.html,no_sns_service
株式 会社 アイヴォルヴ: プレミアム事務長,https://aivolve.co.jp/,fetch_failed
SP（セールスプロモーション）,https://adplatz.com/service/marketing/,kept
美容室 経営の株式 会社 スタイルデザイナーが中心業態「チョキペタ ...,https://corp.clipline.com/3117356,kept
中小企業向けホームページ制作,https://site-support.jp/%E4%B8%AD%E5%B0%8F%E4%BC%81%E6%A5%AD%E5%90%91%E3%81%91%E3%83%9B%E3%83%BC%E3%83%A0%E3%83%9A%E3%83%BC%E3%82%B8%E5%88%B6%E4%BD%9C/,kept
株式 会社 HRC,https://www.human-rc.com/,no_sns_service
【OM制作】 横浜市 みなとみらい 税理士法人エナリ様,https://so-labo.co.jp/customer/11692/,kept
会社 概要,https://livcreation.jp/company/overview/,no_sns_service
【新サービスリリース】 飲食店 向けインバウンド 集客支援 ...,https://2twotop.jp/201/,kept
令和7年度 販路開拓  援事業 認定対象商品リスト,https://www.city.yokohama.lg.jp/business/kigyoshien/keieishien/kaihatsu/hanro/jisseki/2025nintei.html,no_address
のれん分け情報,http://hairsalon-season.com/support/,no_address
テナントの窓口,https://sumai-cc.com/about/,no_sns_service
SBCメディカルグループ株式 会社 の共創プロフィール,https://auba.eiicon.net/projects/42996,no_sns_service
事業を活性化する「新製品・新サービスのトライアル導入」のご案内,https://yoxo-o.jp/su-jisso/wp/wp-content/uploads/2023/01/%E3%83%88%E3%83%A9%E3%82%A4%E3%82%A2%E3%83%AB%E5%B0%8E%E5%85%A5%E3%81%AB%E9%96%A2%E3%81%99%E3%82%8B%E3%81%94%E6%A1%88%E5%86%85.pdf,fetch_failed
サービス内容他,https://tycoon.co.jp/service-other/,no_address
株式 会社 桜の,https://sakurano-y.com/,no_sns_service
株式 会社 SpinLead ～ 不動産 業界特化型の研修・評価制度構築・採用 ...,https://spinlead.jp/,no_sns_service
事業内容,http://a-three.co.jp/solution.html,kept
今すぐできる！ 中小企業 の販路開拓！,https://www.idec.or.jp/event/seminar_info.html?id=311,no_sns_service
経営力強化 支援 セミナー,https://www.mapmarketing.co.jp/pdf/FXkanagawa_seminar.pdf,fetch_failed
制御技術を武器に、ロボットやAIを活用した未来を描く【 横浜 電子 ...,https://seisansei.smrj.go.jp/case/20230220.html,no_sns_service
令和6年度 中小企業 生産性向上促進事業費補助金について,https://www.pref.kanagawa.jp/docs/m2w/seisansei/r6.html,no_sns_service
お客様の背中を押すしくみ 中小企業 でもできるマーケティングの ...,https://tact-info.com/crm/131103_members.html,kept
各種補助金に関する情報提供,https://www.yokohama-cci.or.jp/executive/smaller/,no_sns_service
OEMの流れ flow,https://www.technoscience.co.jp/oem/flow/,no_sns_service
カラーコーディネーション: ホームページ制作横浜,https://ccdn.jp/,kept
地域 の皆さまへ,https://hamakikaku.co.jp/company/area,kept
広告 宣伝事業,https://www.yokohama-agc.com/ad/,no_address
ネットショップWeb制作.com,https://www.ecwebdev.com/,kept
はじめての方向けガイド,https://space-media.tokyu-land.co.jp/contents/introduction,no_address
顧客動線と顧客属性を組み合わせた商業施設の 来店 状況を分析する ...,https://news.kddi.com/kddi/corporate/newsrelease/2018/01/24/2906.html,no_address
広告 ・DX集客を一気通貫で支援するマーケティングパートナー,https://showatsushin.co.jp/company,no_sns_service
販路 開拓 IT/IoT 資金 繰/資 金調 達 生産 改善 不動 産取 引 労務 大 ...,https://startup-station.jp/wp-content/uploads/r7_acceleration_program_expert.pdf,fetch_failed
Mozmene合同 会社,https://creatorsdatabase.acy.yafjp.org/9056,no_address
川崎市 コンベンションホール 創業 支援 セミナー,https://www.kawasakicity-ch.jp/data/sogyoshien_seminar.pdf?fbclid=IwAR30-CS9Cbqgl80l9nOpq--5YzMqi4tBeFuFm7XdwQDnqY0iWlGNkGDY3K8,fetch_failed
MEO対策の事例・実績を公開！成功事例に共通する要素とは？,https://effectual.co.jp/location-connect/new-visit-promotion/example/,no_address
小規模事業者経営力向上伴走 支援 事業 伴走 支援 ...,https://www.city.kawasaki.jp/280/cmsfiles/contents/0000151/151253/bansou.pdf,fetch_failed
横浜市地域 ケアプラザ職員様のための『Canvaを使ったチラシ講座 ...,https://happybloom.jp/careplaza_canva_20251120/,no_company
横浜市 の web ×ECサイトデザイン 制作 ・ 運用サポート なら ...,https://sheen-design.net/,no_company
【お知らせ】MEO対策に特化したローカル 店舗集客支援 サービスを ...,https://nakahara-pr.com/sog-meo/,no_address
官民連携推進組織,https://kawasakicity100.jp/colors-future-actions/,no_sns_service
会社 概要,https://www.toshiba-tcm.co.jp/kigyo/gaiyo/,no_sns_service
若林和哉【株式 会社 パートナー経営企画】,https://yokohama-cci-samurainet.jp/index.php?page=item&id=282,no_sns_service
会社 概要,https://mark-lab.com/company.html,kept
亀山 安之,https://www.nihon-kankou.or.jp/jinzai/search_result.html?_flag=staffdetail&applyno=00000151,no_sns_service
横浜 の集客に強いホームページ制作なら株式 会社 ピントコア,https://pint-core.com/,no_address
横浜 の WEBマーケティング会社 「アイポケット」のブログ,https://www.i-pocket.co.jp/blog/page/3/,no_address
かわさきSDGsゴールドパートナー,https://glocalma.jp/company/kawasaki_sdgs_partner/,no_address
Web Marketing WEBマーケティング,https://myrtos.info/web_marketing.html,kept
飲食店 コンサルティングで 集客 の課題を解決WEB 集客 ならリライトへ,https://relight-consulting.com/,no_address
川崎 発、地元に愛されるグルメサイト 『Yummeet!(ヤミート)』が ...,https://www.service-innovation.co.jp/news/pr/yummeet_250115/,no_sns_service
マーケティング・イノベーション – 中小企業のCMO代行として 集客 ...,https://marketing-innovation.jp/,no_address
nissho,https://nissho-medical.com/author/nissho/,kept
川崎市 多摩区・麻生区の 不動産 売却「暮らしやすさと利便性で価格 ...,https://www.mecyes.co.jp/taqsie/interview/cpt_interview/interview05,no_sns_service
川崎市 中原区小杉町（武蔵小杉）の ホームページ制作,https://atnet.co.jp/kawasaki-web-design.html,kept
島谷 健太郎,https://www.kawasaki-shindanshi.jp/member/shimaya-kentaro/,no_company
川崎市 宮前区でSEO、格安SEOで集客対策！,http://www.kj-club.com/company.html,kept
株式会社 三協 広告,https://www.shibashin.jp/business_support/detail/sankyokokoku/,no_sns_service
Company,https://clemore.net/company/,kept
私たちの強み,https://www.hoken-tsubasa.co.jp/strength,kept
[採用情報]株式 会社 シープラス,https://www.connect-plus.jp/recruit/index.html,no_address
会社 概要,https://monzen-creative.com/about/,no_address
Lily（リリー）様,https://salonopen.com/interview/lily.html,no_sns_service
広報戦略策定・ 運用支援,https://kanon-story.com/tag/pr-s/,no_address
川崎市 ・富士通の脱炭素社会実現に向けた 行動変容を促す取り組み ...,https://segaxd.co.jp/news/newsrelease/6a5c67e0f79bcf04187ff4b7bc08d486736101c0.html,no_sns_service
店舗内の 来店 者属性・行動特性を可視化し小売りの DX を推進,https://www.docomo.ne.jp/binary/pdf/corporate/technology/rd/topics/2021/topics_211223_00.pdf,fetch_failed
サービス内容,https://blueryweb.com/service/,no_company
中小企業の確かな保証人,https://www.cgc-kawasaki.or.jp/,no_sns_service
資源循環に向けて,https://www.toridoll.com/sustainability/environment/resource-recycling/index.html,no_sns_service
M&A 支援 インタビュー  エリクスコンサルティング,https://batonz.jp/partner_adviser/elixconsult/,no_sns_service
教えます！,https://www.kipc.or.jp/business-support/.assets/yorozu_no_tsukaikata_2023.pdf,fetch_failed
知らないと最大250万円も損する！小規模事業者持続化補助金とは？,https://hiraishi.jp/1899.html,no_address
デジタルサイネージの様々な用途について,https://www.cloudpoint.co.jp/blog/2016/10/17/post-161017/,kept
藤沢市 キッチンカー事業者連絡協議会,https://fujisawa-kitchencar.com/,no_sns_service
Kawasaki-NEDO Innovation Center,https://www.k-nic.jp/,no_address
サービス,https://www.allroundsupport.jp/service/,no_sns_service
飲食店 繁盛セミナー,https://www.food-accounting.jp/wordpress/wp-content/uploads/2019/07/seminar_20190711.pdf,fetch_failed
藤沢市 でSEO対策ならレベニューシェア型SEOのLOCASEOへ,https://locaseo.info/area/kanagawa-fujisawa/,kept
フリーランス美容師のための固定費型シェア サロン フランジ/業務 ...,https://frange.link/,no_address
"SBC Medical Group Holdings, Inc.",https://sbc-holdings.com/pdf/sbc-2026.pdf,fetch_failed
ホームページ制作・デジタルマーケティング,https://www.shonan-itcare.jp/,no_address
みかんぐみ株式 会社 会社 概要,https://mikangumi.co.jp/company/,no_address
NAKED CLUEと真摯、外食チェーン向け地域生活者属性データ活用 ...,https://cinci.jp/news/20151125,kept
不動産 問題,https://fujisawa.lawyer-web.jp/real-estate/,no_sns_service
藤沢市 少年の森再整備プロジェクト,https://www.realpublicestate.jp/post/fujisawaproposal_2025/,no_sns_service
支援 事例,https://www.kanagawa-yorozu.go.jp/case/,no_company
神奈川県の 中小 企業者を全力応援 : 藤沢 から世界へ！！,https://yorozu.hama1.jp/e1309924.html,no_sns_service
デジタル広告運用内製化を起点としたデジタル マーケティング支援,https://4ad.members.co.jp/recruit/,kept
会社 概要,https://sapionext.co.jp/about,kept
ヘスルケアビジネス,http://andyou.co.jp/fujisawa.html,kept
ホームページ運用保守,https://sylpheed.biz/management.html,no_company
会社 概要,https://rebical.com/about/,kept
広告 業界のコーポレートサイト制作に強いマーケティング会社10選 ...,https://by-independent.com/column4/advertising-corporate-site-marketing-company-mrktx_top5/,no_address
地 域 資 源 と ス ポ ー ツ の 融 合 で 地 元 に 永 続 す る 夢 の あ る ...,https://www.shinshu-u.ac.jp/project/100nen_kigyo/cmn/images/case/03_AH.pdf,fetch_failed
RICOH Event Solutions! 事例集,https://rdc.ricoh.co.jp/cms_dir/wp-content/themes/rdc/assets/pdf/20210224_webDL%E8%B3%87%E6%96%99_ver2.0.0.pdf,fetch_failed
MT SOLUTION: メインページ,https://mtsolution-shonan.com/,no_address
企業・商品 PR,https://takarush.co.jp/public-relations/,no_address
藤沢 商工会議所会頭就任,https://mill-space.com/zoku_shunin/,no_sns_service
NY生まれの自転車広告「ヴェロトレーラー」は街ナカで強力 ...,https://addedvalue.jp/products01/,no_address
サービス,https://saipon.jp/h/abo/2,no_sns_service
和歌山県の企業では初導入！ スーパーマーケット「マツゲン」2014 ...,https://pr.spotlig.ht/post/104035126087/%E5%92%8C%E6%AD%8C%E5%B1%B1%E7%9C%8C%E3%81%AE%E4%BC%81%E6%A5%AD%E3%81%A7%E3%81%AF%E5%88%9D%E5%B0%8E%E5%85%A5-%E3%82%B9%E3%83%BC%E3%83%91%E3%83%BC%E3%83%9E%E3%83%BC%E3%82%B1%E3%83%83%E3%83%88%E3%83%9E%E3%83%84%E3%82%B2%E3%83%B32014%E5%B9%B412%E6%9C%881%E6%97%A5%E3%82%88%E3%82%8A%E6%A5%BD%E5%A4%A9%E3%83%81%E3%82%A7%E3%83%83%E3%82%AF,no_address
相模原市 のホームページ制作・修復・更新代行 Rockstream,https://rockstream-jp.com/,no_address
株式 会社 バロックジャパンリミテッド「AZUL BY MOUSSY テラス ...,https://www.insense.co.jp/visual/azul_shonan,kept
はじめての生成AI×デジタルマーケティング～ゼロから学ぶ 販促 活用,https://www.fujisawa-cci.or.jp/event/startup-seminar75/,no_address
クリニック ・医院・病院の物件情報,https://tsukasakogyo.co.jp/kanagawa.html,no_sns_service
令和7年度 経営体 支援 専門家登録承認者リスト,https://www.shizuoka-nk.or.jp/wp/wp-content/uploads/2026/03/senmonkameibo_080323.pdf,fetch_failed
物件価値を高めます！賃貸管理のお悩みはアーバン企画開発へ,https://www.urbankk.co.jp/owner,no_sns_service
タペストリー・看板作成,https://www.eibunsha.co.jp/?page_id=225,no_sns_service
『地域活性化包括連携協定』を締結,https://www.7andi.com/library/dbps_data/_template_/_res/company/news/pdf/2009/20090826_02.pdf,fetch_failed
市民版,https://www.sagamihara-cci.or.jp/wp3/wp-content/uploads/2014/11/2014kaihoshimonban.pdf,fetch_failed
「みんなの井戸」1号機整備 「みんなの井戸」2号機整備,https://www.wits-com.net/cms/wp-content/uploads/2024/06/20240614_kaisha_annai_pamphlet.pdf,fetch_failed
相模原市 商店街等販売 促進 事業補助金 募集要項【確定版】,https://www.city.sagamihara.kanagawa.jp/_res/projects/default_project/_page_/001/035/129/gyoushubetu_youkou.pdf,fetch_failed
コンサルティング サービス,https://www.peace-lab.jp/consulting.html,no_address
アジア展開を始動 ――「雪ミク」限定ポップアップをCourts Nojima ...,https://corporate.666-666.jp/news/20251106_notice/,kept
WEB作成・デザイン,https://ssz.or.jp/aruaru/topics/industry/i021,kept
株式 会社 エリア マーケティング 研究所 静岡 オフィス,https://www.city.shizuoka.lg.jp/sdgs_search/s000050.html,no_sns_service
さがみはら創業スクエア,https://sougyou.ssz.or.jp/,no_sns_service
AML：株式 会社 エリア マーケティング 研究所,https://www.aml-inc.jp/,no_contact
わくわく広場 小田急 相模原 店,https://wakuwaku-hiroba.com/shop/%E3%82%8F%E3%81%8F%E3%82%8F%E3%81%8F%E5%BA%83%E5%A0%B4%E3%80%80%E5%B0%8F%E7%94%B0%E6%80%A5%E7%9B%B8%E6%A8%A1%E5%8E%9F%E5%BA%97/,no_sns_service
About,https://lereve-e3.com/about,no_sns_service
料金のご案内,https://www.nakachi.net/company/index.html,kept
会社 概要,https://forte-recruit.com/company/,no_address
静岡 県 マーケティング 戦略2025-2028の策定,https://www.pref.shizuoka.jp/sangyoshigoto/shokogyoservice/1040791/1081490.html,no_sns_service
株式 会社 デキタ,https://sdgs.fujicity.jp/supportprogram/organization/3055,no_address
地域 企業の勝ち筋 マーケティング を考える,https://www.b-nest.jp/kigyo-shien/keieishien/keieiryoku/25_06,kept
事業内容,https://kowa-consulting.com/service/,fetch_failed
事業内容Business details,https://csa-re.co.jp/company/business/,kept
静岡 県の賃貸管理・入居者募集サポート【しずなび】,https://www.s-est.co.jp/leases/,no_sns_service
集客 サービス,https://www.lic-mydo.com/service/,kept
静岡市 の マーケティング ・コンサル・デザイン 会社,https://hansokuken.jp/company/,kept
小規模事業者持続化補助金で看板リニューアル,https://www.sign-v.co.jp/hojokin-kanban.html,no_sns_service
10の強み,https://iwai-group.co.jp/10advantages/,no_sns_service
静岡市 と「関係人口創出に関する連携協定」を締結。「転出者の ...,https://corp.synergy-marketing.co.jp/press/2025/1209143000_15262.html,kept
ABOUT 会社 概要,https://www.faithad.jp/74067/about/,kept
P栄文舎 デジタル印刷機で常に新しいチャレンジ,https://www.newprinet.co.jp/feature/p%E6%A0%84%E6%96%87%E8%88%8E-%E3%83%87%E3%82%B8%E3%82%BF%E3%83%AB%E5%8D%B0%E5%88%B7%E6%A9%9F%E3%81%A7%E5%B8%B8%E3%81%AB%E6%96%B0%E3%81%97%E3%81%84%E3%83%81%E3%83%A3%E3%83%AC%E3%83%B3%E3%82%B8,kept
静岡 県の 不動産 ・リフォーム、施設3D 集客 （Matterport)と言えば ...,https://t-lifestyle.co.jp/,no_address
