company_name,url,address,phone,maps_url,area_hint,query
この簡易版検索結果ページについて,https://support.yahoo-net.jp/PccSearch/s/article/H000011627,,,,札幌市,札幌市 美容室 販促企画会社 -おすすめ -比較 -ランキング -求人 -まとめ
メイブリッジ合同 会社,https://maybridge.info/,,,,札幌市,札幌市 美容室 販促企画会社 -おすすめ -比較 -ランキング -求人 -まとめ
合同 会社 24,https://24llc.jp/,,,,札幌市,札幌市 美容室 販促企画会社 -おすすめ -比較 -ランキング -求人 -まとめ
制作事例_ヘアーサロンアール ショップカード名刺,https://atsumori.co.jp/works/hair_salon_r,,,,札幌市,札幌市 美容室 販促企画会社 -おすすめ -比較 -ランキング -求人 -まとめ
美容室 ・サロンの 販促 システムならサニーポイント（サニポ）,https://s.sunnypoint.jp/point-card,,,,札幌市,札幌市 美容室 販促企画会社 -おすすめ -比較 -ランキング -求人 -まとめ
事業内容,http://sapporo-biyoushitsu-miyauchi.jp/%E4%BC%9A%E7%A4%BE%E6%A6%82%E8%A6%81/%E4%BA%8B%E6%A5%AD%E5%86%85%E5%AE%B9,,,,札幌市,札幌市 美容室 販促企画会社 -おすすめ -比較 -ランキング -求人 -まとめ
プライバシーポリシー,https://www.lycorp.co.jp/ja/company/privacypolicy/,,,,札幌市,札幌市 美容室 販促企画会社 -おすすめ -比較 -ランキング -求人 -まとめ
プライバシーセンター,https://privacy.lycorp.co.jp/ja/,,,,札幌市,札幌市 美容室 販促企画会社 -おすすめ -比較 -ランキング -求人 -まとめ
検索結果への広告掲載,https://www.lycbiz.com/jp/service/yahoo-ads/search_results,,,,札幌市,札幌市 美容室 販促企画会社 -おすすめ -比較 -ランキング -求人 -まとめ
北海道 札幌市 を拠点にフードの写真撮影・動画制作、ロゴやチラシ ...,https://c-rosso.net/,,,,札幌市,札幌市 飲食店 プロモーション会社 -おすすめ -比較 -ランキング -求人 -まとめ
札幌 支社開設のお知らせ,https://www.synchro-food.co.jp/news/notice/4119,,,,札幌市,札幌市 飲食店 プロモーション会社 -おすすめ -比較 -ランキング -求人 -まとめ
ホワイトカンパニーについて,https://white-co.jp/company/,,,,札幌市,札幌市 飲食店 プロモーション会社 -おすすめ -比較 -ランキング -求人 -まとめ
会社 概要,http://www.cps-1.co.jp/company/,,,,札幌市,札幌市 飲食店 プロモーション会社 -おすすめ -比較 -ランキング -求人 -まとめ
イーストン、HANZOシリーズの導入でさらなる接客サービス向上を ...,https://goals.co.jp/news/pr/entry-800/,,,,札幌市,札幌市 飲食店 プロモーション会社 -おすすめ -比較 -ランキング -求人 -まとめ
北海道・ 札幌市 のインフルエンサーアピール,https://ithree.co.jp/influencer/,,,,札幌市,札幌市 飲食店 プロモーション会社 -おすすめ -比較 -ランキング -求人 -まとめ
株式 会社 オー・ブレインズ,https://partners.eventbank.jp/company/605,,,,札幌市,札幌市 飲食店 プロモーション会社 -おすすめ -比較 -ランキング -求人 -まとめ
お知らせ,https://medicalskip.com/news/,,,,札幌市,札幌市 クリニック 広告制作会社 Web -おすすめ -比較 -ランキング -求人 -まとめ
会社 概要,https://www.miraizu-inc.jp/company/,,,,札幌市,札幌市 クリニック 広告制作会社 Web -おすすめ -比較 -ランキング -求人 -まとめ
医療機関専門のホームページ 制作 ・集患支援サービス『メディカル ...,https://www.roadskip.com/post/%E5%8C%BB%E7%99%82%E6%A9%9F%E9%96%A2%E5%B0%82%E9%96%80%E3%81%AE%E3%83%9B%E3%83%BC%E3%83%A0%E3%83%9A%E3%83%BC%E3%82%B8%E5%88%B6%E4%BD%9C%E3%83%BB%E9%9B%86%E6%82%A3%E6%94%AF%E6%8F%B4%E3%82%B5%E3%83%BC%E3%83%93%E3%82%B9%E3%80%8E%E3%83%A1%E3%83%87%E3%82%A3%E3%82%AB%E3%83%AB%E3%82%B9%E3%82%AD%E3%83%83%E3%83%97%E3%80%8F%E9%96%8B%E5%A7%8B%E3%81%AE%E3%81%8A%E7%9F%A5%E3%82%89%E3%81%9B,,,,札幌市,札幌市 クリニック 広告制作会社 Web -おすすめ -比較 -ランキング -求人 -まとめ
さくらデンタル クリニック 様、ホームページ 制作 実績,https://www.surestack.net/post/achievements-introduction-20251112,,,,札幌市,札幌市 クリニック 広告制作会社 Web -おすすめ -比較 -ランキング -求人 -まとめ
株式 会社 リバロ（広告・ WEB デザイン事業）,https://growth-100-oku.smrj.go.jp/companies/pdf/01312-00.pdf,,,,札幌市,札幌市 不動産 プロモーション会社 Web -おすすめ -比較 -ランキング -求人 -まとめ
北海道内、 札幌市 内の 不動産 撮影ならリバーチャル,https://lvirtual.net/,,,,札幌市,札幌市 不動産 プロモーション会社 Web -おすすめ -比較 -ランキング -求人 -まとめ
株式 会社 DGコミュニケーションズのご進出が決定しました。,https://www4.city.sapporo.jp/invest/information/20180201.php,,,,札幌市,札幌市 不動産 プロモーション会社 Web -おすすめ -比較 -ランキング -求人 -まとめ
札幌 クリエイティブオフィス アヴァン,https://meetsmore.com/p/XQbr0eNnuWf90RA1/corporate-videographers,,,,札幌市,札幌市 不動産 プロモーション会社 Web -おすすめ -比較 -ランキング -求人 -まとめ
一般社団法人未来教育サポート,https://www.mirai-ksp.net/,,,,札幌市,札幌市 学習塾 広報支援会社 -おすすめ -比較 -ランキング -求人 -まとめ
北海道の教育・学習 支援 業を代表する企業【学校・ 学習塾 】,https://clip-corporation.com/column/education-hokkaido/5/,,,,札幌市,札幌市 学習塾 広報支援会社 -おすすめ -比較 -ランキング -求人 -まとめ
橘 真美子（中小企業診断士/経営全般）,https://yorozu-hokkaido.go.jp/staff/3855,,,,札幌市,札幌市 学習塾 広報支援会社 -おすすめ -比較 -ランキング -求人 -まとめ
町内会未来塾,https://www.city.sapporo.jp/shimin/shinko/chounaikai/hint/r4miraijyuku.html,,,,札幌市,札幌市 学習塾 広報支援会社 -おすすめ -比較 -ランキング -求人 -まとめ
地域との多彩な連携により 自立した 札幌 市民を育てる 「社会に近い,https://souken.shingakunet.com/secondary/.assets/2015_cg409_46.pdf,,,,札幌市,札幌市 学習塾 広報支援会社 -おすすめ -比較 -ランキング -求人 -まとめ
土曜 学習 応援団について,https://manabi-mirai.mext.go.jp/news/doyogakusyuuouendanitiran191021.pdf,,,,札幌市,札幌市 学習塾 広報支援会社 -おすすめ -比較 -ランキング -求人 -まとめ
スタッフ紹介,https://www.filmlink.jp/staff/,,,,札幌市,札幌市 工務店 販促支援会社 -おすすめ -比較 -ランキング -求人 -まとめ
パートナー加盟店募集,https://dualhome.jp/partnership/wp-content/themes/dualhome_partnership/assets/img/download/dualhome_fc_materials_2604.pdf,,,,札幌市,札幌市 工務店 販促支援会社 -おすすめ -比較 -ランキング -求人 -まとめ
【ESG活動】学生と起案したモデルハウスを建築 産学連携 モデル ...,https://logos-holdings.jp/news/%E3%80%90esg%E6%B4%BB%E5%8B%95%E3%80%91%E5%AD%A6%E7%94%9F%E3%81%A8%E8%B5%B7%E6%A1%88%E3%81%97%E3%81%9F%E3%83%A2%E3%83%87%E3%83%AB%E3%83%8F%E3%82%A6%E3%82%B9%E3%82%92%E5%BB%BA%E7%AF%89-%E7%94%A3/,,,,札幌市,札幌市 工務店 販促支援会社 -おすすめ -比較 -ランキング -求人 -まとめ
【ホームズ】有限 会社 マイダ 工務店 の 札幌市 中央区 オーナー宅 ...,https://www.homes.co.jp/iezukuri/makers/14415/venues/10137,,,,札幌市,札幌市 工務店 販促支援会社 -おすすめ -比較 -ランキング -求人 -まとめ
リンク,https://www.earth-21.org/link/,,,,札幌市,札幌市 工務店 販促支援会社 -おすすめ -比較 -ランキング -求人 -まとめ
MY HOME START UP GUIDE / 千葉 工務店,https://form-ds.com/works/my-home-start-up-guide/,,,,札幌市,札幌市 工務店 販促支援会社 -おすすめ -比較 -ランキング -求人 -まとめ
札幌 の SNS運用 代行 会社 ・株式 会社 キングプロテアが初期費用 ...,https://hokkaidotimes.jp/press-release/6023/,,,,札幌市,札幌市 店舗撮影 SNS運用会社 -おすすめ -比較 -ランキング -求人 -まとめ
館内での 撮影 並びに SNS 投稿について,https://www.round1.co.jp/aboutweb/sns.html,,,,札幌市,札幌市 店舗撮影 SNS運用会社 -おすすめ -比較 -ランキング -求人 -まとめ
株式 会社 MIRUS — SNS運用 ・映像制作・インフルエンサー ...,https://mirus-hokkaido.jp/,,,,札幌市,札幌市 店舗撮影 SNS運用会社 -おすすめ -比較 -ランキング -求人 -まとめ
名古屋 夜職 SNS運用 代行で全国展開へ——株式 会社 キングプロテア ...,https://www.dreamnews.jp/press/0000350253,,,,札幌市,札幌市 店舗撮影 SNS運用会社 -おすすめ -比較 -ランキング -求人 -まとめ
北海道・ 札幌 の インフルエンサーマーケティング,https://tabito-hokkaido.work/,,,,札幌市,札幌市 インフルエンサーマーケティング会社 -おすすめ -比較 -ランキング -求人 -まとめ
株式 会社 EDiN.,https://initial.inc/companies/A-IMMTL,,,,札幌市,札幌市 インフルエンサーマーケティング会社 -おすすめ -比較 -ランキング -求人 -まとめ
北海道エリアの インフルエンサーマーケティング を開始,https://www.rooster.co.jp/news/news-detail.php?id=28,,,,札幌市,札幌市 インフルエンサーマーケティング会社 -おすすめ -比較 -ランキング -求人 -まとめ
株式 会社 LTインフルエンス,https://lt-influence.com/,,,,札幌市,札幌市 インフルエンサーマーケティング会社 -おすすめ -比較 -ランキング -求人 -まとめ
Service,https://afloach.com/service/,,,,札幌市,札幌市 LINEマーケティング会社 -おすすめ -比較 -ランキング -求人 -まとめ
L-クル,https://l-cle.ezosinot.jp/,,,,札幌市,札幌市 LINEマーケティング会社 -おすすめ -比較 -ランキング -求人 -まとめ
LINE ・メール マーケティング 支援,https://suzulabo.co.jp/service/nurturing/,,,,札幌市,札幌市 LINEマーケティング会社 -おすすめ -比較 -ランキング -求人 -まとめ
メイセイクリエーション,https://page.line.me/926ducnr,,,,札幌市,札幌市 LINEマーケティング会社 -おすすめ -比較 -ランキング -求人 -まとめ
お問い合わせ,https://prstore.co.jp/contact,,,,札幌市,札幌市 LINEマーケティング会社 -おすすめ -比較 -ランキング -求人 -まとめ
動画クリエイター,https://www.cn-door.com/company/recruit/videocreator/,,,,札幌市,札幌市 コンテンツ制作 SNS運用会社 -おすすめ -比較 -ランキング -求人 -まとめ
広報 PR担当者×インフルエンサー MEETUP【 広報 ...,https://www.sapporo-cci.or.jp/web/events/details/pr_pr_meetup.html,,,,札幌市,札幌市 中小企業 広報マーケティング支援 -おすすめ -比較 -ランキング -求人 -まとめ
中小企業 向け映像セミナー〜効果的な映像で 広報 戦略を ...,https://seminar.sapporosansin.jp/seminar/1829/,,,,札幌市,札幌市 中小企業 広報マーケティング支援 -おすすめ -比較 -ランキング -求人 -まとめ
株式会社PR TIMESとの連携協定について,https://www.hsc.or.jp/about_us/renkei_prtimes/,,,,札幌市,札幌市 中小企業 広報マーケティング支援 -おすすめ -比較 -ランキング -求人 -まとめ
有限会社OKオフィス sustainability and marketing,https://ok-office.co.jp/cms,,,,札幌市,札幌市 中小企業 広報マーケティング支援 -おすすめ -比較 -ランキング -求人 -まとめ
山本美紀 中小企業 診断士事務所,https://miki-consulting.com/about/,,,,札幌市,札幌市 中小企業 広報マーケティング支援 -おすすめ -比較 -ランキング -求人 -まとめ
札幌 拠点 ポロワッカ: ポロワッカによる WEB広告 代行を中心とする ...,https://ad.porowakka.co.jp/,,,,札幌市,札幌市 ホームページ制作 Web広告運用 -おすすめ -比較 -ランキング -求人 -まとめ
札幌市 の ホームページ制作 ・SEO・各種マーケティング会社ギガ ...,https://gigadesign.jp/service/create/hp/,,,,札幌市,札幌市 ホームページ制作 Web広告運用 -おすすめ -比較 -ランキング -求人 -まとめ
有限会社K'sLink,https://homepage-kimete.com/company/%E6%9C%89%E9%99%90%E4%BC%9A%E7%A4%BEkslink/,,,,札幌市,札幌市 ホームページ制作 Web広告運用 -おすすめ -比較 -ランキング -求人 -まとめ
FIKA（フィーカ）: 札幌 の ホームページ制作 ・ Web サイト制作会社,https://fikapage.com/,,,,札幌市,札幌市 ホームページ制作 Web広告運用 -おすすめ -比較 -ランキング -求人 -まとめ
運営会社,https://web-advance.co.jp/media/company/,,,,札幌市,札幌市 ホームページ制作 Web広告運用 -おすすめ -比較 -ランキング -求人 -まとめ
旭川 ・札幌の看板制作・店舗空間設計・販売促進品の企画・製造 ...,https://northern-inc.co.jp/bussiness/,,,,旭川市,旭川市 飲食店 プロモーション会社 -おすすめ -比較 -ランキング -求人 -まとめ
【電子看板広告】 旭川 ビジョンで効果的なCM放映！広告募集中,https://www.hascom-gr.jp/amenity/vision.html,,,,旭川市,旭川市 飲食店 プロモーション会社 -おすすめ -比較 -ランキング -求人 -まとめ
COMPANY,https://hagiya-hokkaido.info/company/,,,,旭川市,旭川市 飲食店 プロモーション会社 -おすすめ -比較 -ランキング -求人 -まとめ
白幡 由紀子,https://design-asahikawa.jp/designhubmember/%E7%99%BD%E5%B9%A1-%E7%94%B1%E7%B4%80%E5%AD%90/,,,,旭川市,旭川市 飲食店 プロモーション会社 -おすすめ -比較 -ランキング -求人 -まとめ
えびすけ株式 会社 ・海老子川雄介。まちづくりを担う私が 旭川 を ...,https://hokkaidolikers.com/archives/43910,,,,旭川市,旭川市 飲食店 プロモーション会社 -おすすめ -比較 -ランキング -求人 -まとめ
会社 概要,https://ideasanta.com/company/,,,,旭川市,旭川市 飲食店 プロモーション会社 -おすすめ -比較 -ランキング -求人 -まとめ
おしゃれなサインボード,https://kikaku-pp.jp/signboard2/lp9/,,,,旭川市,旭川市 美容室 販促企画会社 -おすすめ -比較 -ランキング -求人 -まとめ
会社 概要,https://clarity-b.info/company/,,,,旭川市,旭川市 美容室 販促企画会社 -おすすめ -比較 -ランキング -求人 -まとめ
あさひかわ Biz Cafe,https://www.arc-net.or.jp/varioussupport/bizcafe/,,,,旭川市,旭川市 美容室 販促企画会社 -おすすめ -比較 -ランキング -求人 -まとめ
ホームページ 制作 実績,https://www.ast-risk.net/hp,,,,旭川市,旭川市 クリニック 広告制作会社 Web -おすすめ -比較 -ランキング -求人 -まとめ
Company Profile,https://creativestudio.moomoo.bz/profile/,,,,旭川市,旭川市 クリニック 広告制作会社 Web -おすすめ -比較 -ランキング -求人 -まとめ
石川 泰路,https://bni-tne.com/ja/memberdetails?encryptedMemberId=BG8XuMDQz1saTh9RlMR%2FYg%3D%3D&name=%E7%9F%B3%E5%B7%9D+%E6%B3%B0%E8%B7%AF,,,,旭川市,旭川市 クリニック 広告制作会社 Web -おすすめ -比較 -ランキング -求人 -まとめ
昭和38年創業、 旭川 で総合 不動産 業を営むリアルターグループ ...,https://wealth-park.com/ja/news/20230217001_fujikanzai/,,,,旭川市,旭川市 不動産 プロモーション会社 Web -おすすめ -比較 -ランキング -求人 -まとめ
有限 会社 タウンネット,https://baseconnect.in/companies/966b955e-ba16-4fc1-9665-cd524158f98a,,,,旭川市,旭川市 不動産 プロモーション会社 Web -おすすめ -比較 -ランキング -求人 -まとめ
会社 概要,https://www.rs-asahikawa.jp/company,,,,旭川市,旭川市 不動産 プロモーション会社 Web -おすすめ -比較 -ランキング -求人 -まとめ
選ばれる6つの理由,https://www.ie-satei.jp/reason/,,,,旭川市,旭川市 不動産 プロモーション会社 Web -おすすめ -比較 -ランキング -求人 -まとめ
不動産 売却をお考えの方へ,https://www.kau-ie.com/baikyaku/,,,,旭川市,旭川市 不動産 プロモーション会社 Web -おすすめ -比較 -ランキング -求人 -まとめ
物件選びから始まる！トータルサポートで 不動産 の ...,https://roa-estate.com/real_estate_sale2/e8c0765c-261d-42be-a4ff-acfd11a2abe3,,,,旭川市,旭川市 不動産 プロモーション会社 Web -おすすめ -比較 -ランキング -求人 -まとめ
1 タイムズ24 株式 会社,https://www.kamikawa-tsunen.jp/cms/wp-content/uploads/2018/09/owner_20181004_3.pdf,,,,旭川市,旭川市 不動産 プロモーション会社 Web -おすすめ -比較 -ランキング -求人 -まとめ
ホリPR&プランニング,https://hori-pr-and-planning.jimdosite.com/,,,,旭川市,旭川市 工務店 販促支援会社 -おすすめ -比較 -ランキング -求人 -まとめ
コンサル・研修実績,https://sakura-work.co.jp/achievements.html,,,,旭川市,旭川市 工務店 販促支援会社 -おすすめ -比較 -ランキング -求人 -まとめ
法人,https://www.pref.hokkaido.lg.jp/fs/1/0/5/2/3/8/8/0/_/(%E4%BF%AE%E6%AD%A3)%E7%AC%AC%E4%B8%80%E6%AC%A1%20%E6%8E%A1%E6%8A%9E%E4%B8%80%E8%A6%A7(HP%E7%94%A8)0808.pdf,,,,旭川市,旭川市 工務店 販促支援会社 -おすすめ -比較 -ランキング -求人 -まとめ
(別添資料) 「顔の見える木材での家づくり」事例調査(R7年度実施),https://www.rinya.maff.go.jp/j/mokusan/attach/pdf/kaomie-3.pdf,,,,旭川市,旭川市 工務店 販促支援会社 -おすすめ -比較 -ランキング -求人 -まとめ
あさひかわ子どもの学び人材リスト,https://www.city.asahikawa.hokkaido.jp/kurashi/218/251/257/d062845_d/fil/8-jinzai.pdf,,,,旭川市,旭川市 学習塾 広報支援会社 -おすすめ -比較 -ランキング -求人 -まとめ
令和4年度 関係人口創出・拡大のための 中間 支援 モデル構築 ...,https://www.chisou.go.jp/sousei/about/kankei/pdf/05_tsunaken_houkokusyo.pdf,,,,旭川市,旭川市 学習塾 広報支援会社 -おすすめ -比較 -ランキング -求人 -まとめ
福祉活動 支援 事業（第1次助成,https://www.int.wam.go.jp/wamhp/hp/Portals/0/docs/gyoumu/jyosei/pdf/h23kettei-fukusi.pdf,,,,旭川市,旭川市 学習塾 広報支援会社 -おすすめ -比較 -ランキング -求人 -まとめ
令和7年度補正予算を活用した「交通空白」解消の 支援 メニューの ...,https://www.mlit.go.jp/sogoseisaku/transport/content/001984957.pdf,,,,旭川市,旭川市 学習塾 広報支援会社 -おすすめ -比較 -ランキング -求人 -まとめ
岡山ESD推進協議会 平成30年度活動報告,https://www.city.okayama.jp/kurashi/cmsfiles/contents/0000005/5674/000299960.pdf,,,,旭川市,旭川市 学習塾 広報支援会社 -おすすめ -比較 -ランキング -求人 -まとめ
【終了しました】〔12/9(月)大阪〕フォーラム「事業を豊かにできる ...,https://www.jnpoc.ne.jp/1100/18803/,,,,旭川市,旭川市 学習塾 広報支援会社 -おすすめ -比較 -ランキング -求人 -まとめ
【業務委託】 SNS 用動画 撮影 クリエイター / 株式 会社 レボルト,https://open.talentio.com/r/1/c/revoltjapan/pages/126129,,,,旭川市,旭川市 店舗撮影 SNS運用会社 -おすすめ -比較 -ランキング -求人 -まとめ
olbb 北海道制作 会社,https://olbb-inc.com/,,,,旭川市,旭川市 店舗撮影 SNS運用会社 -おすすめ -比較 -ランキング -求人 -まとめ
株式 会社 レボルト 竹村友杜,https://coloroncanvas.jp/notes/revolt_yuto_takemura,,,,旭川市,旭川市 インフルエンサーマーケティング会社 -おすすめ -比較 -ランキング -求人 -まとめ
CLIENT WORK,https://gloe.jp/works/category/client-work/,,,,旭川市,旭川市 インフルエンサーマーケティング会社 -おすすめ -比較 -ランキング -求人 -まとめ
商品の売り上げでお悩みの企業様に寄り添った提案,https://vio-lla.jp/influencer2/lp10/,,,,旭川市,旭川市 インフルエンサーマーケティング会社 -おすすめ -比較 -ランキング -求人 -まとめ
「ESPOIR TRIBE」プロデュースヘアケアブランド「EXGEE」と,https://uuum.jp/posts/697751,,,,旭川市,旭川市 インフルエンサーマーケティング会社 -おすすめ -比較 -ランキング -求人 -まとめ
消費者のニーズ変化に追いつくために,https://www.lucidas.co.jp/understanding-consumer-needs.html,,,,旭川市,旭川市 インフルエンサーマーケティング会社 -おすすめ -比較 -ランキング -求人 -まとめ
#16 広告宣伝費を消費者が「払わされている」現実。SHIROは宣伝 ...,https://voicy.jp/channel/4799/1120964,,,,旭川市,旭川市 インフルエンサーマーケティング会社 -おすすめ -比較 -ランキング -求人 -まとめ
株式 会社 INDIGO,https://indigo-inc.co.jp/,,,,旭川市,旭川市 LINEマーケティング会社 -おすすめ -比較 -ランキング -求人 -まとめ
企業版ふるさと納税で地方創生を応援,https://prediction.co.jp/news/891/,,,,旭川市,旭川市 LINEマーケティング会社 -おすすめ -比較 -ランキング -求人 -まとめ
動画クリエイター募集【 旭川 】,https://recruit.autobahn-grp.com/joblist/youtube/,,,,旭川市,旭川市 LINEマーケティング会社 -おすすめ -比較 -ランキング -求人 -まとめ
起業相談、起業支援、販路拡大、女性向け商品企画・女性向け消費 ...,https://asahikawa-support.jimdofree.com/,,,,旭川市,旭川市 LINEマーケティング会社 -おすすめ -比較 -ランキング -求人 -まとめ
あなたのお店を地域No.1に！月額5000円の簡単 ...,https://polaris-lp.jp/douga/sumaho/,,,,旭川市,旭川市 コンテンツ制作 SNS運用会社 -おすすめ -比較 -ランキング -求人 -まとめ
SNS 動画 制作 ・ 運用 代行の依頼Fムービーにおまかせ,https://fine-production.jp/video_production/lp5/,,,,旭川市,旭川市 コンテンツ制作 SNS運用会社 -おすすめ -比較 -ランキング -求人 -まとめ
大阪・ 旭川ホームページ制作 手数料0円 WEB 予約・簡単更新 ...,https://5489.work/,,,,旭川市,旭川市 ホームページ制作 Web広告運用 -おすすめ -比較 -ランキング -求人 -まとめ
アイエーシー,https://www.iac.ne.jp/service/index1.html,,,,旭川市,旭川市 ホームページ制作 Web広告運用 -おすすめ -比較 -ランキング -求人 -まとめ
旭川市ウェブ サイトバナー 広告,https://wi-t.co.jp/jichitai/banner_asahikawa/,,,,旭川市,旭川市 ホームページ制作 Web広告運用 -おすすめ -比較 -ランキング -求人 -まとめ
岩間創作室,https://iwama-artwork.com/,,,,旭川市,旭川市 ホームページ制作 Web広告運用 -おすすめ -比較 -ランキング -求人 -まとめ
報道機関の皆さんへお知らせ,https://www.oshima.pref.hokkaido.lg.jp/fs/1/1/7/7/7/2/8/5/_/%E3%80%90%E5%95%86%E5%B7%A5%E5%8A%B4%E5%83%8D%E8%A6%B3%E5%85%89%E8%AA%B2%E3%80%91%E3%80%8C%E5%9C%B0%E5%9F%9F%E8%AA%B2%E9%A1%8C%E8%A7%A3%E6%B1%BA%E5%9E%8B%E4%BC%81%E6%A5%AD%E6%94%AF%E6%8F%B4%E4%BA%8B%E6%A5%AD%E3%80%8D%E3%81%AE2%E6%AC%A1%E5%8B%9F%E9%9B%86%E3%81%AB%E3%81%A4%E3%81%84%E3%81%A6.pdf,,,,旭川市,旭川市 中小企業 広報マーケティング支援 -おすすめ -比較 -ランキング -求人 -まとめ
ハンズオン 支援 事業（テスト マーケティング ）,https://www.smrj.go.jp/regional_hq/kanto/sme/hands-on/index.html,,,,旭川市,旭川市 中小企業 広報マーケティング支援 -おすすめ -比較 -ランキング -求人 -まとめ
行動計画フォローアップ会合で示された主な取組と課題・要望 ...,https://www.chusho.meti.go.jp/koukai/shingikai/syoukibokihon/2013/131217Haifu6.pdf,,,,旭川市,旭川市 中小企業 広報マーケティング支援 -おすすめ -比較 -ランキング -求人 -まとめ
2019年度主な観光施策,https://www.city.hakodate.hokkaido.jp/docs/2018083000082/file_contents/2018083000082_hk_docs_2018083000082_files_H3002shiryou02.pdf,,,,函館市,函館市 飲食店 プロモーション会社 -おすすめ -比較 -ランキング -求人 -まとめ
「 函館 の 飲食店 課題」解決を目指す 函館 限定の新サブスク、加盟店 ...,https://anonigiwai.jp/2025/02/03/20250203/,,,,函館市,函館市 飲食店 プロモーション会社 -おすすめ -比較 -ランキング -求人 -まとめ
販売店・ 飲食店 情報,https://makombu.marine-hakodate.jp/taste/,,,,函館市,函館市 飲食店 プロモーション会社 -おすすめ -比較 -ランキング -求人 -まとめ
当サイトについて,https://www.hakobura.jp/about,,,,函館市,函館市 飲食店 プロモーション会社 -おすすめ -比較 -ランキング -求人 -まとめ
「めざせ、食の仕事人」 PR ポスターが完成しました,https://www.oishii-hakodate.jp/news/220208/,,,,函館市,函館市 飲食店 プロモーション会社 -おすすめ -比較 -ランキング -求人 -まとめ
S23_16_touhoku,https://s23.jizokukahojokin.info/doc/saitaku16/s23_16_touhoku.pdf,,,,函館市,函館市 美容室 販促企画会社 -おすすめ -比較 -ランキング -求人 -まとめ
R5Üc_7! L¶i°lh(ê¹È.xlsm,https://jsh.go.jp/r5h/assets/pdf/07/adoption-keieishakoutai_business.pdf,,,,函館市,函館市 美容室 販促企画会社 -おすすめ -比較 -ランキング -求人 -まとめ
1 北海道 江差整骨院 コミュニケーションアプリの導入と待合環境の ...,https://www.jizokukanb.com/jizokuka_r1h/1-7/doc/%E4%BB%A4%E5%92%8C%E5%85%83%E5%B9%B4%E8%A3%9C%E6%AD%A3%E4%B8%80%E8%88%AC%E5%9E%8B%E6%8E%A1%E6%8A%9E%E8%80%85%E4%B8%80%E8%A6%A74.pdf,,,,函館市,函館市 美容室 販促企画会社 -おすすめ -比較 -ランキング -求人 -まとめ
日本郵便株式 会社,https://www.post.japanpost.jp/about/csr/society/donation/topics/h261110_01.pdf,,,,函館市,函館市 美容室 販促企画会社 -おすすめ -比較 -ランキング -求人 -まとめ
ND 421 1・2月号,https://www.display.or.jp/ndfwp/wp-content/uploads/2020/04/nd421.pdf,,,,函館市,函館市 美容室 販促企画会社 -おすすめ -比較 -ランキング -求人 -まとめ
H30年04月,https://www.hokkaido-rinri.jp/wp-content/uploads/2019/04/201905yotei0422.xlsx,,,,函館市,函館市 美容室 販促企画会社 -おすすめ -比較 -ランキング -求人 -まとめ
函館 のデザイン・印刷・ホームページ 制作,https://jp.pinterest.com/pin/46302702410053168/,,,,函館市,函館市 クリニック 広告制作会社 Web -おすすめ -比較 -ランキング -求人 -まとめ
WEB制作 実績,https://maikai.fun/category/cat-web/,,,,函館市,函館市 クリニック 広告制作会社 Web -おすすめ -比較 -ランキング -求人 -まとめ
株式 会社 H・O・C様 と新規オフィシャルパートナー契約を締結 ...,https://artemis-hokkaido.jp/2026/05/28/%E6%A0%AA%E5%BC%8F%E4%BC%9A%E7%A4%BEh%E3%83%BBo%E3%83%BBc%E6%A7%98-%E3%81%A8%E6%96%B0%E8%A6%8F%E3%82%AA%E3%83%95%E3%82%A3%E3%82%B7%E3%83%A3%E3%83%AB%E3%83%91%E3%83%BC%E3%83%88%E3%83%8A%E3%83%BC/,,,,函館市,函館市 クリニック 広告制作会社 Web -おすすめ -比較 -ランキング -求人 -まとめ
(株)ラルズネット,https://www.sfkoutori.or.jp/sanjokaiin/%E6%A0%AA%E3%83%A9%E3%83%AB%E3%82%BA%E3%83%8D%E3%83%83%E3%83%88/,,,,函館市,函館市 不動産 プロモーション会社 Web -おすすめ -比較 -ランキング -求人 -まとめ
今週のあの店この人『見上 不動産 ・見上さん』,https://azmatch.jp/report/report06.php,,,,函館市,函館市 不動産 プロモーション会社 Web -おすすめ -比較 -ランキング -求人 -まとめ
野村 不動産函館 株式 会社 管理部,https://nomura-mihara.cbiz.co.jp/management/index.htm,,,,函館市,函館市 不動産 プロモーション会社 Web -おすすめ -比較 -ランキング -求人 -まとめ
スタッフ紹介・ 会社 概要,https://miraiehome.jp/company/,,,,函館市,函館市 不動産 プロモーション会社 Web -おすすめ -比較 -ランキング -求人 -まとめ
函館不動産 エージェント 株式 会社 ワイズストーリー 会社 概要,https://wisestory.jp/about/,,,,函館市,函館市 不動産 プロモーション会社 Web -おすすめ -比較 -ランキング -求人 -まとめ
スタッフ紹介,https://www.ainahome.co.jp/staff/,,,,函館市,函館市 不動産 プロモーション会社 Web -おすすめ -比較 -ランキング -求人 -まとめ
カチタス 函館 店,https://home.katitas.jp/shop_info/2906,,,,函館市,函館市 不動産 プロモーション会社 Web -おすすめ -比較 -ランキング -求人 -まとめ
株式 会社 ステップホームエイブルネットワーク 函館 五稜郭店,https://www.chintai.net/shop/C03000563/,,,,函館市,函館市 不動産 プロモーション会社 Web -おすすめ -比較 -ランキング -求人 -まとめ
公益社団法人全国 学習塾 協会 正会員名簿,https://jja.or.jp/member-list/regular-members/,,,,函館市,函館市 学習塾 広報支援会社 -おすすめ -比較 -ランキング -求人 -まとめ
起業・新事業のスタートアップをサポート【 函館市 産業 支援 ...,https://www.techakodate.or.jp/sangyou/,,,,函館市,函館市 学習塾 広報支援会社 -おすすめ -比較 -ランキング -求人 -まとめ
函館 で中学受験・高校受験・大学受験対応の 学習塾 なら 函館 練成会,https://www.renseikai.com/hakodate/,,,,函館市,函館市 学習塾 広報支援会社 -おすすめ -比較 -ランキング -求人 -まとめ
みやび個別指導学院【 公式 】小中高マンツーマン個別指導塾 ...,https://www.miyabi-kobetsu.jp/,,,,函館市,函館市 学習塾 広報支援会社 -おすすめ -比較 -ランキング -求人 -まとめ
実用数学技能検定 Search Page,https://ijuken.com/prod/search/su-gaku/public/pbt_site/,,,,函館市,函館市 学習塾 広報支援会社 -おすすめ -比較 -ランキング -求人 -まとめ
函館 圏フリースクールすまいる,https://hakodate-smile.jimdofree.com/,,,,函館市,函館市 学習塾 広報支援会社 -おすすめ -比較 -ランキング -求人 -まとめ
4500㎡,https://amenix-inc.co.jp/wp-content/uploads/2023/06/8f5ed850fe977a263204d85b022741a8.pdf,,,,函館市,函館市 工務店 販促支援会社 -おすすめ -比較 -ランキング -求人 -まとめ
函館 の歴史・伝統模様を現代の住まいへ。「1点モノのアンティーク ...,https://www.toonippo.co.jp/articles/-/2329396,,,,函館市,函館市 工務店 販促支援会社 -おすすめ -比較 -ランキング -求人 -まとめ
不動産 会社 が実施すべき成長戦略！中古＋リフォームセミナー,https://www.funaisoken.co.jp/seminar/138638,,,,函館市,函館市 工務店 販促支援会社 -おすすめ -比較 -ランキング -求人 -まとめ
お役立ち！,https://www.jkenzai.co.jp/pdf/jk-info/BB.25.05.pdf,,,,函館市,函館市 工務店 販促支援会社 -おすすめ -比較 -ランキング -求人 -まとめ
函館 新聞 動画制作、 SNS 、WEBメディア、雑誌のオールインワンで ...,https://hakoshin.jp/pr/video.html,,,,函館市,函館市 店舗撮影 SNS運用会社 -おすすめ -比較 -ランキング -求人 -まとめ
一枚は持っておきたいプロフィール写真！,https://curama.jp/cameraman/portrait/SER640060691/,,,,函館市,函館市 店舗撮影 SNS運用会社 -おすすめ -比較 -ランキング -求人 -まとめ
株式 会社 クロス・プロップワークス,https://www.h-invitation.jp/expanding-companies/propworks/,,,,函館市,函館市 インフルエンサーマーケティング会社 -おすすめ -比較 -ランキング -求人 -まとめ
KOL／ インフルエンサー,https://engawa.global/works_cat/product/9/page/2/,,,,函館市,函館市 インフルエンサーマーケティング会社 -おすすめ -比較 -ランキング -求人 -まとめ
前期,https://www.hokkyodai.ac.jp/files/00013500/00013525/%E7%AC%AC%EF%BC%95%E5%9B%9E%E3%83%BB%E7%AC%AC%EF%BC%96%E5%9B%9E.pdf,,,,函館市,函館市 インフルエンサーマーケティング会社 -おすすめ -比較 -ランキング -求人 -まとめ
NEWS,https://cnctor.jp/news/?categories%5B%5D=283,,,,函館市,函館市 インフルエンサーマーケティング会社 -おすすめ -比較 -ランキング -求人 -まとめ
ミセノビ,https://misenobi.jp/,,,,函館市,函館市 インフルエンサーマーケティング会社 -おすすめ -比較 -ランキング -求人 -まとめ
会社 概要,https://www.propworks.co.jp/about/,,,,函館市,函館市 LINEマーケティング会社 -おすすめ -比較 -ランキング -求人 -まとめ
【 函館 湯の川温泉／湯元啄木亭】 LINE で  軽にデジタル会員証！期間 ...,https://travelspot.jp/620021/,,,,函館市,函館市 LINEマーケティング会社 -おすすめ -比較 -ランキング -求人 -まとめ
来館体験が“デジタルバッジ”になる新プログラム 「みらいレポート ...,https://metabadge.cloudcircus.jp/media/cases/hakodate-miraiproject,,,,函館市,函館市 LINEマーケティング会社 -おすすめ -比較 -ランキング -求人 -まとめ
令和7年度第1回 マーケティング 部会を開催しました,https://mariculture.marine-hakodate.jp/activity/%E4%BB%A4%E5%92%8C7%E5%B9%B4%E5%BA%A6%E7%AC%AC1%E5%9B%9E%E3%83%9E%E3%83%BC%E3%82%B1%E3%83%86%E3%82%A3%E3%83%B3%E3%82%B0%E9%83%A8%E4%BC%9A%E3%82%92%E9%96%8B%E5%82%AC%E3%81%97%E3%81%BE%E3%81%97%E3%81%9F/,,,,函館市,函館市 LINEマーケティング会社 -おすすめ -比較 -ランキング -求人 -まとめ
会社 概要,https://www.hakodateeventservice.com/%E4%BC%9A%E7%A4%BE%E6%A6%82%E8%A6%81,,,,函館市,函館市 コンテンツ制作 SNS運用会社 -おすすめ -比較 -ランキング -求人 -まとめ
事例紹介,https://stellarlink.co.jp/works/,,,,函館市,函館市 コンテンツ制作 SNS運用会社 -おすすめ -比較 -ランキング -求人 -まとめ
PR 広報 ・セミナー講演・ 広報 コンサルティング 井上戦略PR ...,https://mk-pr.jp/,,,,函館市,函館市 中小企業 広報マーケティング支援 -おすすめ -比較 -ランキング -求人 -まとめ
Web マーケティング 入門セミナー,https://www.ise-cci.or.jp/mainsite_assets/files/202410011309_2028.pdf,,,,函館市,函館市 中小企業 広報マーケティング支援 -おすすめ -比較 -ランキング -求人 -まとめ
経済振興の課題と施策,https://joruri-cms.city.hakodate.hokkaido.jp/docs/2014032600150/file_contents/R7_1_shiryo03.pdf,,,,函館市,函館市 中小企業 広報マーケティング支援 -おすすめ -比較 -ランキング -求人 -まとめ
北海道よろず 支援 拠点について,https://yorozu.smrj.go.jp/wp-content/uploads/2026/06/739971dcccdbc73a51ef6f1b41ed2cec.pdf,,,,函館市,函館市 中小企業 広報マーケティング支援 -おすすめ -比較 -ランキング -求人 -まとめ
DIT・リコージャパン・マネーフォワードが 函館市 道南地区のDX ...,https://www.ditgroup.jp/news/2025/251128_PressRelease.html,,,,函館市,函館市 中小企業 広報マーケティング支援 -おすすめ -比較 -ランキング -求人 -まとめ
リッツの WEB マーケティング web ではじめる新戦略,https://ritz-web.net/,,,,函館市,函館市 ホームページ制作 Web広告運用 -おすすめ -比較 -ランキング -求人 -まとめ
ウェブ サイト 制作,https://free-design-production.com/website,,,,函館市,函館市 ホームページ制作 Web広告運用 -おすすめ -比較 -ランキング -求人 -まとめ
サポートプラン – 株式 会社 光 美容 化学,http://www.hikari-b.co.jp/supportplan/,,,,青森市,青森市 美容室 販促企画会社 -おすすめ -比較 -ランキング -求人 -まとめ
令和元年度補正予算 小規模事業者持続化補助金＜一般型＞（第3回 ...,https://r1.jizokukahojokin.info/saitaku/doc/r1i_3_touhoku.pdf,,,,青森市,青森市 美容室 販促企画会社 -おすすめ -比較 -ランキング -求人 -まとめ
どう思う？部活ヘア,https://www.mandom.co.jp/special/bukatsu-hair/,,,,青森市,青森市 美容室 販促企画会社 -おすすめ -比較 -ランキング -求人 -まとめ
8/18(金)・9/8(金) 「プチ起業塾2023」【2日間4回講座】※終了しま ...,https://www.kadar-acor.jp/?p=8868,,,,青森市,青森市 美容室 販促企画会社 -おすすめ -比較 -ランキング -求人 -まとめ
令和2年度ビジネスサポート販路開拓補助金(新型コロナウイルス感染 ...,https://www.21aomori.or.jp/images/2021/12/a2f927d1837a694de0b48aa93afdb62b5c7dcee0.pdf,,,,青森市,青森市 美容室 販促企画会社 -おすすめ -比較 -ランキング -求人 -まとめ
Untitled,https://www.ada.gr.jp/032.pdf,,,,青森市,青森市 美容室 販促企画会社 -おすすめ -比較 -ランキング -求人 -まとめ
健康寿命をのばそう！アワード 表彰,https://www.mhlw.go.jp/file/04-Houdouhappyou-10904750-Kenkoukyoku-Gantaisakukenkouzoushinka/0000104696.pdf,,,,青森市,青森市 美容室 販促企画会社 -おすすめ -比較 -ランキング -求人 -まとめ
青森市 ふるさと納税 プロモーション 戦略策定業務公募型 ...,https://www.city.aomori.aomori.jp/sangyo_koyou/jigyosha/1004700/1010485.html,,,,青森市,青森市 飲食店 プロモーション会社 -おすすめ -比較 -ランキング -求人 -まとめ
青森県 青森市 【 E青森1251-1・2 】,https://10ff-investment.com/archives/12835/,,,,青森市,青森市 飲食店 プロモーション会社 -おすすめ -比較 -ランキング -求人 -まとめ
青森 港 暮らしのマルシェ,https://kurashi-marche.com/wp-content/uploads/2026/07/1cc6978c1be260aaa7123cdd1cd870a9-2.pdf,,,,青森市,青森市 飲食店 プロモーション会社 -おすすめ -比較 -ランキング -求人 -まとめ
令和7年度公益社団法人 青森 観光コンベンション協会事業計画 ...,https://www.atca.info/wp-content/uploads/2025/06/jigyo_keikaku_r7.pdf,,,,青森市,青森市 飲食店 プロモーション会社 -おすすめ -比較 -ランキング -求人 -まとめ
青森 を代表する企業100選トップ Made In Local,https://madeinlocal.jp/area/aomori/companies,,,,青森市,青森市 飲食店 プロモーション会社 -おすすめ -比較 -ランキング -求人 -まとめ
深浦マグロステーキ丼,https://www.fukauramaguro.com/img/gp2016.pdf,,,,青森市,青森市 飲食店 プロモーション会社 -おすすめ -比較 -ランキング -求人 -まとめ
オフィスカナン株式 会社,https://innovation-net-aomori.ina.pref.aomori.lg.jp/portal/company/%E3%82%AA%E3%83%95%E3%82%A3%E3%82%B9%E3%82%AB%E3%83%8A%E3%83%B3%E6%A0%AA%E5%BC%8F%E4%BC%9A%E7%A4%BE/,,,,青森市,青森市 飲食店 プロモーション会社 -おすすめ -比較 -ランキング -求人 -まとめ
青森 県のエリアから 不動産会社 ・ 不動産 屋を探す,https://www.homemate.co.jp/shop/pr-aomori/city/,,,,青森市,青森市 不動産 プロモーション会社 Web -おすすめ -比較 -ランキング -求人 -まとめ
有限 会社 アピール,http://www.appeal-adviser.com/,,,,青森市,青森市 不動産 プロモーション会社 Web -おすすめ -比較 -ランキング -求人 -まとめ
CITY MAKERS Special 青森 まちなかアカデミー,https://www.citymakers-aomori.com/,,,,青森市,青森市 不動産 プロモーション会社 Web -おすすめ -比較 -ランキング -求人 -まとめ
会社 案内,https://www.heiwa-f.net/shop_4131.html,,,,青森市,青森市 不動産 プロモーション会社 Web -おすすめ -比較 -ランキング -求人 -まとめ
概要,http://evergreen-ecohome.com/%E4%BC%9A%E7%A4%BE%E6%A6%82%E8%A6%81/,,,,青森市,青森市 工務店 販促支援会社 -おすすめ -比較 -ランキング -求人 -まとめ
インテリアから考える家づくり HAUS-labo,https://vc.haus-labo.com/,,,,青森市,青森市 工務店 販促支援会社 -おすすめ -比較 -ランキング -求人 -まとめ
青森 の住宅総合プランナー,https://design-supporters.com/,,,,青森市,青森市 工務店 販促支援会社 -おすすめ -比較 -ランキング -求人 -まとめ
お子さまにも、介護にも。 青森 の家具職人が開発 家族と一緒に成長 ...,https://www.cri.co.jp/news/004272.html,,,,青森市,青森市 工務店 販促支援会社 -おすすめ -比較 -ランキング -求人 -まとめ
全日本私塾教育ネットワーク,https://shijuku.net/center/,,,,青森市,青森市 学習塾 広報支援会社 -おすすめ -比較 -ランキング -求人 -まとめ
県民対話集会「#あおばな」開催概要（令和6年度第1四半期分）,https://www.pref.aomori.lg.jp/kenminno-koe/kenmintaiwa_gaiyo_06_01.html,,,,青森市,青森市 学習塾 広報支援会社 -おすすめ -比較 -ランキング -求人 -まとめ
株式 会社 セミナー東北 ～ 講師プロフィール / 齋藤雄一,http://seminar-tohoku.com/detail.html,,,,青森市,青森市 学習塾 広報支援会社 -おすすめ -比較 -ランキング -求人 -まとめ
青森 県で SNS マーケティング用の写真 撮影 依頼が可能なカメラマン,https://www.delta.photo/photographers/search/aomori-sns-marketing,,,,青森市,青森市 店舗撮影 SNS運用会社 -おすすめ -比較 -ランキング -求人 -まとめ
IT業(WEB制作/ SNS運用 /通信販売/デザイン関連),https://www.shusei-aomori.com/blog/categories/it%E3%83%BB%E9%80%9A%E4%BF%A1%E6%A5%AD,,,,青森市,青森市 店舗撮影 SNS運用会社 -おすすめ -比較 -ランキング -求人 -まとめ
運営 会社,https://aomori-seijin-maedori.jp/company,,,,青森市,青森市 店舗撮影 SNS運用会社 -おすすめ -比較 -ランキング -求人 -まとめ
スマホで差をつける！集客力アップ「 SNS 写真講座」(R7.10.3),https://www.cgc-aomori.jp/about/news/snsr7103,,,,青森市,青森市 店舗撮影 SNS運用会社 -おすすめ -比較 -ランキング -求人 -まとめ
graphLAB グラフラボ Professional PHOTO Innovation – プロ ...,https://graphlab.blue/,,,,青森市,青森市 店舗撮影 SNS運用会社 -おすすめ -比較 -ランキング -求人 -まとめ
The Digital X: デジタル マーケティング /グローバル/インバウンド ...,https://www.thedigitalx.net/,,,,青森市,青森市 インフルエンサーマーケティング会社 -おすすめ -比較 -ランキング -求人 -まとめ
青森市 に企業版ふるさと納税を活用した寄付を実施,https://www.trans-cosmos.co.jp/company/news/260515.html,,,,青森市,青森市 インフルエンサーマーケティング会社 -おすすめ -比較 -ランキング -求人 -まとめ
新着情報,https://in2jp.com/news/,,,,青森市,青森市 インフルエンサーマーケティング会社 -おすすめ -比較 -ランキング -求人 -まとめ
〈東京都渋谷区〉株式 会社 BitStar,https://app.vachanavi.com/articles/bitstar,,,,青森市,青森市 インフルエンサーマーケティング会社 -おすすめ -比較 -ランキング -求人 -まとめ
REGAIN GROUP株式 会社 八戸 マーケティング センター,https://it-tele8.com/companies/regain/,,,,青森市,青森市 LINEマーケティング会社 -おすすめ -比較 -ランキング -求人 -まとめ
クリエイター育成スクール,https://www.city.hachinohe.aomori.jp/material/files/group/12/YS_maruyosi.pdf,,,,青森市,青森市 コンテンツ制作 SNS運用会社 -おすすめ -比較 -ランキング -求人 -まとめ
会社 紹介・採用・ SNS 動画 制作,https://media-creation.net/douga/,,,,青森市,青森市 コンテンツ制作 SNS運用会社 -おすすめ -比較 -ランキング -求人 -まとめ
メンバー紹介,https://aoit.jp/about/member,,,,青森市,青森市 コンテンツ制作 SNS運用会社 -おすすめ -比較 -ランキング -求人 -まとめ
Untitled,https://mutsu-hoken.com/wp-content/uploads/2026/04/eab30c248e1654d407cfe99168b57ff6.pdf,,,,青森市,青森市 コンテンツ制作 SNS運用会社 -おすすめ -比較 -ランキング -求人 -まとめ
エキスパート講師リスト,https://www.aomorishokoren.or.jp/other/expert.html,,,,青森市,青森市 コンテンツ制作 SNS運用会社 -おすすめ -比較 -ランキング -求人 -まとめ
コーディネーター紹介,https://aomori-yorozu.go.jp/coordinator/,,,,青森市,青森市 中小企業 広報マーケティング支援 -おすすめ -比較 -ランキング -求人 -まとめ
おしらせ,https://rmc-aomori.sakura.ne.jp/posts/news_archive.html,,,,青森市,青森市 中小企業 広報マーケティング支援 -おすすめ -比較 -ランキング -求人 -まとめ
お役立ち情報（小規模事業者持続化補助金（共同・協業型））,https://officenagase.jp/column17,,,,青森市,青森市 中小企業 広報マーケティング支援 -おすすめ -比較 -ランキング -求人 -まとめ
青森 県よろず 支援 拠点,"https://www.city.misawa.lg.jp/index.cfm/10,23420,c,html/23420/20210513-134649.pdf",,,,青森市,青森市 中小企業 広報マーケティング支援 -おすすめ -比較 -ランキング -求人 -まとめ
令和2年度補正予算 小規模事業者持続化補助金＜コロナ特別対応型 ...,https://jizokukahojokin.info/doc/r2c_2_touhoku.pdf,,,,八戸市,八戸市 美容室 販促企画会社 -おすすめ -比較 -ランキング -求人 -まとめ
名古屋 広告代理店 ホームページ制作,https://www.a-fellows.co.jp/jirei_web.html,,,,八戸市,八戸市 美容室 販促企画会社 -おすすめ -比較 -ランキング -求人 -まとめ
物件概要,https://www.j-ce.co.jp/pdf/base/546-MEGA%E3%83%89%E3%83%B3%E3%83%BB%E3%82%AD%E3%83%9B%E3%83%BC%E3%83%86UNY%E4%BC%9A%E6%B4%A5%E8%8B%A5%E6%9D%BE%E5%BA%97%E3%80%90%E7%89%A9%E4%BB%B6%E6%A6%82%E8%A6%81%E3%80%91.pdf,,,,八戸市,八戸市 美容室 販促企画会社 -おすすめ -比較 -ランキング -求人 -まとめ
八戸 商工会議所 飲食店 応援キャンペーン2023 参加店募集中！！,https://www.8cci.or.jp/news-page.php?eid=00218,,,,八戸市,八戸市 飲食店 プロモーション会社 -おすすめ -比較 -ランキング -求人 -まとめ
はちのへホコテン2023 9月24日（日）のお知らせ,https://www.8town.co.jp/%E3%81%AF%E3%81%A1%E3%81%AE%E3%81%B8%E3%83%9B%E3%82%B3%E3%83%86%E3%83%B32023%E3%80%809%E6%9C%8824%E6%97%A5%EF%BC%88%E6%97%A5%EF%BC%89%E3%81%AE%E3%81%8A%E7%9F%A5%E3%82%89%E3%81%9B/,,,,八戸市,八戸市 飲食店 プロモーション会社 -おすすめ -比較 -ランキング -求人 -まとめ
WEB （HP） 制作 実績,https://isp.hi-net.ne.jp/service/web-design-results/,,,,八戸市,八戸市 クリニック 広告制作会社 Web -おすすめ -比較 -ランキング -求人 -まとめ
消化器内科,https://oisya-san.com/works-tag/medical_subject_shoukakinaika,,,,八戸市,八戸市 クリニック 広告制作会社 Web -おすすめ -比較 -ランキング -求人 -まとめ
ホームページ 制作 実績,https://tohoku-web.jp/works-list,,,,八戸市,八戸市 クリニック 広告制作会社 Web -おすすめ -比較 -ランキング -求人 -まとめ
八戸市 の 不動産 業者紹介 かもめ 不動産,https://www.bukken-omakase.com/sp/kaisya_annai/kamome.php,,,,八戸市,八戸市 不動産 プロモーション会社 Web -おすすめ -比較 -ランキング -求人 -まとめ
佐藤 不動産 開発,https://www.sato-development.com/,,,,八戸市,八戸市 不動産 プロモーション会社 Web -おすすめ -比較 -ランキング -求人 -まとめ
物件問い合わせ Contact,https://www.fudosan-sasaki.com/contact/bukken?no%5B0%5D=1000416,,,,八戸市,八戸市 不動産 プロモーション会社 Web -おすすめ -比較 -ランキング -求人 -まとめ
八戸 地区,https://aomori.zennichi.or.jp/members/hachinohe/,,,,八戸市,八戸市 不動産 プロモーション会社 Web -おすすめ -比較 -ランキング -求人 -まとめ
NOMA,https://no-ma.co.jp/works,,,,八戸市,八戸市 工務店 販促支援会社 -おすすめ -比較 -ランキング -求人 -まとめ
八戸 限定地域密着ウェブアドバイザーサービスを開始,http://fdcreate.jp/blog/webadvisor/,,,,八戸市,八戸市 工務店 販促支援会社 -おすすめ -比較 -ランキング -求人 -まとめ
平成30年度 年度計画 （独立行政法人国立高等専門学校 ...,https://www.kagawa-nct.ac.jp/general_affairs/mid_plan/nendo_pian30.pdf,,,,八戸市,八戸市 学習塾 広報支援会社 -おすすめ -比較 -ランキング -求人 -まとめ
小学生の 学習 をサポートしています,https://www.city.higashiosaka.lg.jp/0000023887.html,,,,八戸市,八戸市 学習塾 広報支援会社 -おすすめ -比較 -ランキング -求人 -まとめ
支援 自治体実績,https://www.awae.co.jp/local-governments,,,,八戸市,八戸市 学習塾 広報支援会社 -おすすめ -比較 -ランキング -求人 -まとめ
平成29年度 事業成果報告書,https://www.imccd.org/_src/746/h29%20jigyouseikahoukokusyo.pdf?v=1759369511849,,,,八戸市,八戸市 学習塾 広報支援会社 -おすすめ -比較 -ランキング -求人 -まとめ
スマホで差をつける！ 集客力アップ SNS 写真講座,https://starting-business.net/events/event/%E9%9B%86%E5%AE%A2%E5%8A%9B%E3%82%A2%E3%83%83%E3%83%97%EF%BD%93%EF%BD%8E%EF%BD%93%E3%82%BB%E3%83%9F%E3%83%8A%E3%83%BC/,,,,八戸市,八戸市 店舗撮影 SNS運用会社 -おすすめ -比較 -ランキング -求人 -まとめ
首都圏の主婦と青森県 八戸市 を繋ぎ、地域振興のため ...,https://newscast.jp/news/8562908,,,,八戸市,八戸市 インフルエンサーマーケティング会社 -おすすめ -比較 -ランキング -求人 -まとめ
八戸 レポート令和5年9月号,https://hakko-alumni.sakura.ne.jp/wp-content/uploads/2023/09/hachinohereport202309.pdf,,,,八戸市,八戸市 インフルエンサーマーケティング会社 -おすすめ -比較 -ランキング -求人 -まとめ
これまでの実績,https://www.encompassjapan.com/ja/achievements,,,,八戸市,八戸市 インフルエンサーマーケティング会社 -おすすめ -比較 -ランキング -求人 -まとめ
青森県 八戸市 で人気（高評価）・近くのWEBデザインスクール ...,https://www.zehitomo.com/learning/technology/web-learning/web-designing-instructor/aomori/hachinohe/hachinohe-shi,,,,八戸市,八戸市 コンテンツ制作 SNS運用会社 -おすすめ -比較 -ランキング -求人 -まとめ
店舗のInstagram（＆デジタル活用）徹底クリニック,https://8nohe-ikiikidx.jp/instagram%E3%82%BB%E3%83%9F%E3%83%8A%E3%83%BC/,,,,八戸市,八戸市 LINEマーケティング会社 -おすすめ -比較 -ランキング -求人 -まとめ
会社案内,https://uwanodd.com/company/index.html,,,,八戸市,八戸市 LINEマーケティング会社 -おすすめ -比較 -ランキング -求人 -まとめ
堤 静子,https://www.hachinohe-u.ac.jp/faculty/r-manage/teacher/s_tsusumi/,,,,八戸市,八戸市 中小企業 広報マーケティング支援 -おすすめ -比較 -ランキング -求人 -まとめ
佐賀県産業イノベーションセンター 新規事業創出 支援 事業の ...,https://sagaperch.jp/news/000320.php?support=%E3%82%82%E3%81%AE%E3%81%A5%E3%81%8F%E3%82%8A%E6%8C%AF%E8%88%88%E8%AA%B2,,,,八戸市,八戸市 中小企業 広報マーケティング支援 -おすすめ -比較 -ランキング -求人 -まとめ
「 盛岡 の美味いもんアンバサダー」店になって、“おいしい 盛岡 ”発信 ...,https://www.city.morioka.iwate.jp/jigyousha/1026070/nogyo/1020049.html,,,,盛岡市,盛岡市 飲食店 プロモーション会社 -おすすめ -比較 -ランキング -求人 -まとめ
食を通じた地域 プロモーション のご提案,https://tregion-bal.com/wp-content/themes/tregion/docs/tregion_regional-revitalization-division-presentation-material_2024.pdf,,,,盛岡市,盛岡市 飲食店 プロモーション会社 -おすすめ -比較 -ランキング -求人 -まとめ
Tregion株式 会社 地域創生事業部 2018年度〜2023年度事業実績,https://tregion.jp/wp-content/themes/tregion/docs/tregion_regional-revitalization-division-achievements_2018-2023.pdf,,,,盛岡市,盛岡市 飲食店 プロモーション会社 -おすすめ -比較 -ランキング -求人 -まとめ
SPツール,https://gorokudo.info/tool/,,,,盛岡市,盛岡市 飲食店 プロモーション会社 -おすすめ -比較 -ランキング -求人 -まとめ
新着情報,https://m-dsj.co.jp/category/news/,,,,盛岡市,盛岡市 飲食店 プロモーション会社 -おすすめ -比較 -ランキング -求人 -まとめ
株式 会社 中原商店-,https://iwatekensan.biz/maker/maker0008/,,,,盛岡市,盛岡市 飲食店 プロモーション会社 -おすすめ -比較 -ランキング -求人 -まとめ
盛岡 で飲食店・ 美容院 の設計・デザインは建築デザイナー浅川 洋,https://www.manseido.net/designer.html,,,,盛岡市,盛岡市 美容室 販促企画会社 -おすすめ -比較 -ランキング -求人 -まとめ
第1回、第2回公募 採択企業が決定しました,http://www.joho-iwate.or.jp/sangyo/back/1811/18110607.pdf,,,,盛岡市,盛岡市 美容室 販促企画会社 -おすすめ -比較 -ランキング -求人 -まとめ
商工会内部限,https://www.shokokai.com/cms/media/page/0105_0_senmonka_R80425.pdf,,,,盛岡市,盛岡市 美容室 販促企画会社 -おすすめ -比較 -ランキング -求人 -まとめ
コーディネーター紹介,https://yorozu-iwate.go.jp/coordinators/,,,,盛岡市,盛岡市 美容室 販促企画会社 -おすすめ -比較 -ランキング -求人 -まとめ
株式 会社 IBS,http://iibs.co.jp/group.html,,,,盛岡市,盛岡市 美容室 販促企画会社 -おすすめ -比較 -ランキング -求人 -まとめ
会社 紹介,https://www.morieki.co.jp/company/,,,,盛岡市,盛岡市 不動産 プロモーション会社 Web -おすすめ -比較 -ランキング -求人 -まとめ
会社 紹介,https://www.katsumi-e.co.jp/company/,,,,盛岡市,盛岡市 不動産 プロモーション会社 Web -おすすめ -比較 -ランキング -求人 -まとめ
お問い合わせ,https://www.kurasube.jp/contact,,,,盛岡市,盛岡市 不動産 プロモーション会社 Web -おすすめ -比較 -ランキング -求人 -まとめ
会社 概要,https://www.toryo-housing.com/company/,,,,盛岡市,盛岡市 不動産 プロモーション会社 Web -おすすめ -比較 -ランキング -求人 -まとめ
会社 紹介,https://www.honchou.com/company/,,,,盛岡市,盛岡市 不動産 プロモーション会社 Web -おすすめ -比較 -ランキング -求人 -まとめ
選ばれる6つの理由,https://www.estest-baikyaku.com/reason/,,,,盛岡市,盛岡市 不動産 プロモーション会社 Web -おすすめ -比較 -ランキング -求人 -まとめ
株式 会社 ライト・ア・ライト,https://studio.design/ja/experts/experts/writealight,,,,盛岡市,盛岡市 クリニック 広告制作会社 Web -おすすめ -比較 -ランキング -求人 -まとめ
岩手県自殺対策推進協議会構成機関・団体における令和7年度自殺 ...,https://www.pref.iwate.jp/_res/projects/default_project/_page_/001/088/876/09siryou6.pdf,,,,盛岡市,盛岡市 学習塾 広報支援会社 -おすすめ -比較 -ランキング -求人 -まとめ
グループ,https://tatsuzawa.ac.jp/group/,,,,盛岡市,盛岡市 学習塾 広報支援会社 -おすすめ -比較 -ランキング -求人 -まとめ
官民連携実例紹介,https://p4rl.com/category/achievements/,,,,盛岡市,盛岡市 学習塾 広報支援会社 -おすすめ -比較 -ランキング -求人 -まとめ
株式 会社 WITS – COMPANY PROFILE,https://wits2003.com/business/wits/,,,,盛岡市,盛岡市 学習塾 広報支援会社 -おすすめ -比較 -ランキング -求人 -まとめ
岩手地本募集援護情報誌,https://www.mod.go.jp/pco/iwate/assets/img/hitakami/R011011_18_hitakami.pdf,,,,盛岡市,盛岡市 学習塾 広報支援会社 -おすすめ -比較 -ランキング -求人 -まとめ
ちょっといい家を建てたい！,https://www.arthome-tohoku.com/knack/,,,,盛岡市,盛岡市 工務店 販促支援会社 -おすすめ -比較 -ランキング -求人 -まとめ
元気化研究所,https://genkika.wixsite.com/genkika,,,,盛岡市,盛岡市 工務店 販促支援会社 -おすすめ -比較 -ランキング -求人 -まとめ
ネットショップ 販促 セミナーを開催,https://www.kitakamicci.jp/wp-content/uploads/2022/02/x539.pdf,,,,盛岡市,盛岡市 工務店 販促支援会社 -おすすめ -比較 -ランキング -求人 -まとめ
SNS運用 ・WEB広告,https://www.ni-connect.co.jp/service/snsweb/,,,,盛岡市,盛岡市 店舗撮影 SNS運用会社 -おすすめ -比較 -ランキング -求人 -まとめ
新しい時代における SNS の活用法とは？,https://fvctohoku.co.jp/wp2019/wp-content/uploads/2021/11/MISC20211214-_s_p.pdf,,,,盛岡市,盛岡市 店舗撮影 SNS運用会社 -おすすめ -比較 -ランキング -求人 -まとめ
マーケティング の変化,https://writealight.jp/message/13524/,,,,盛岡市,盛岡市 インフルエンサーマーケティング会社 -おすすめ -比較 -ランキング -求人 -まとめ
岩手県 でSEO対策に強いウェブ マーケティング会社 ならオーパス ...,https://opus-plan.net/area/iwate/,,,,盛岡市,盛岡市 インフルエンサーマーケティング会社 -おすすめ -比較 -ランキング -求人 -まとめ
佐藤沙織のプロフィール：モデルキャスティングプラットフォーム,https://colorfully.app/index/detail?mid=50028,,,,盛岡市,盛岡市 インフルエンサーマーケティング会社 -おすすめ -比較 -ランキング -求人 -まとめ
支援策 – ページ 14 – スタートアップいわて,https://www.startup-iwate.pref.iwate.jp/support_list/page/14/,,,,盛岡市,盛岡市 インフルエンサーマーケティング会社 -おすすめ -比較 -ランキング -求人 -まとめ
【モリジョビ】MCL 盛岡 情報ビジネス＆デザイン専門学校,https://morijyobi.ac.jp/report/pbl-1684-popup-2607/,,,,盛岡市,盛岡市 LINEマーケティング会社 -おすすめ -比較 -ランキング -求人 -まとめ
わかばオート様,https://www.broadleaf.co.jp/products/showcase/line-alignment/wakaba-auto.html,,,,盛岡市,盛岡市 LINEマーケティング会社 -おすすめ -比較 -ランキング -求人 -まとめ
めんこいエンタープライズ コンテンツ 事業部について,https://mepdc.net/about/index.html,,,,盛岡市,盛岡市 コンテンツ制作 SNS運用会社 -おすすめ -比較 -ランキング -求人 -まとめ
株式 会社 コミュニケーションズ・コ・ア 詳細ページ,https://tsunaweb.book.mynavi.jp/tsunaweb/company/detail/id=3723,,,,盛岡市,盛岡市 コンテンツ制作 SNS運用会社 -おすすめ -比較 -ランキング -求人 -まとめ
ホームページ制作 実績,https://alm.co.jp/performances/web,,,,盛岡市,盛岡市 ホームページ制作 Web広告運用 -おすすめ -比較 -ランキング -求人 -まとめ
格安 ホームページ制作 工房,https://www.drc-web.net/,,,,盛岡市,盛岡市 ホームページ制作 Web広告運用 -おすすめ -比較 -ランキング -求人 -まとめ
令和8年度岩手県地方創生起業 支援 事業の実施について,https://www.town.yamada.iwate.jp/docs/4684.html,,,,盛岡市,盛岡市 中小企業 広報マーケティング支援 -おすすめ -比較 -ランキング -求人 -まとめ
令和8年度岩手県地方創生起業 支援 金のご案内,https://www.city.kuji.lg.jp/soshiki/kigyoritchi/1/2/1/1492.html,,,,盛岡市,盛岡市 中小企業 広報マーケティング支援 -おすすめ -比較 -ランキング -求人 -まとめ
令和8年度岩手県地方創生 企業支援 金2次公募のご案内,https://www.town.iwaizumi.lg.jp/docs/2026062900025/,,,,盛岡市,盛岡市 中小企業 広報マーケティング支援 -おすすめ -比較 -ランキング -求人 -まとめ
令和7年度岩手県地方創生起業 支援 金のご案内,https://www.ginga.or.jp/_cms/wp-content/uploads/2025/04/%E8%B5%B7%E6%A5%AD%E6%94%AF%E6%8F%B4%E9%87%91%E3%81%AE%E3%81%94%E6%A1%88%E5%86%85.pdf,,,,盛岡市,盛岡市 中小企業 広報マーケティング支援 -おすすめ -比較 -ランキング -求人 -まとめ
株式 会社 スタイルスグループ（宮城県 仙台市 （せんだいし））,https://www.maff.go.jp/j/nousin/inobe/chisan_chisyo/attach/pdf/hyosyo-11.pdf,,,,仙台市,仙台市 飲食店 プロモーション会社 -おすすめ -比較 -ランキング -求人 -まとめ
仙台 ・若林区の 飲食店 支援,https://newvalues2024.com/%E5%9C%B0%E5%85%83%E5%AF%86%E7%9D%80%E5%9E%8B%E3%81%AE%E9%A3%B2%E9%A3%9F%E5%BA%97%E6%94%AF%E6%8F%B4%EF%BD%9C%E4%BB%99%E5%8F%B0%E5%B8%82%E3%83%BB%E6%A0%AA%E5%BC%8F%E4%BC%9A%E7%A4%BE%E6%AD%A9%E5%A4%A2/,,,,仙台市,仙台市 飲食店 プロモーション会社 -おすすめ -比較 -ランキング -求人 -まとめ
平成30年1月みやぎ水産の日 PR,https://www.pref.miyagi.jp/soshiki/suishin/suisannohi-h30-1.html,,,,仙台市,仙台市 飲食店 プロモーション会社 -おすすめ -比較 -ランキング -求人 -まとめ
【アシ  スタ】起業家セミナー 販促 ブランディング編『ビジネスを ...,https://www.sendaicci.or.jp/subsidy/2026/06/post-497.html,,,,仙台市,仙台市 美容室 販促企画会社 -おすすめ -比較 -ランキング -求人 -まとめ
仙台・福島・郡山 ...,https://ecola.co.jp/business/commercial/,,,,仙台市,仙台市 美容室 販促企画会社 -おすすめ -比較 -ランキング -求人 -まとめ
沿革,https://www.nichiri.com/company/history.html,,,,仙台市,仙台市 美容室 販促企画会社 -おすすめ -比較 -ランキング -求人 -まとめ
販促 ・プロモーション・一般企業さま向けサービス,http://www.vpl.co.jp/service/promotion.html,,,,仙台市,仙台市 美容室 販促企画会社 -おすすめ -比較 -ランキング -求人 -まとめ
仙台 デザイン 会社 3,https://100pamphlet.jp/design_company/touhoku/sendai/13799/,,,,仙台市,仙台市 クリニック 広告制作会社 Web -おすすめ -比較 -ランキング -求人 -まとめ
会社 紹介,https://www.a-endo.com/company/,,,,仙台市,仙台市 不動産 プロモーション会社 Web -おすすめ -比較 -ランキング -求人 -まとめ
会社 紹介,https://www.f-takara.com/company/,,,,仙台市,仙台市 不動産 プロモーション会社 Web -おすすめ -比較 -ランキング -求人 -まとめ
会社 紹介,https://www.yodoya-fudosan.jp/company/,,,,仙台市,仙台市 不動産 プロモーション会社 Web -おすすめ -比較 -ランキング -求人 -まとめ
会社 紹介,https://www.oobari-estate.jp/company/,,,,仙台市,仙台市 不動産 プロモーション会社 Web -おすすめ -比較 -ランキング -求人 -まとめ
『住宅セーフティネット制度』で活用してみませんか,https://www.city.sendai.jp/jutakutaisaku/faq/sumai/chintai/documents/ooyamuke2507.pdf,,,,仙台市,仙台市 不動産 プロモーション会社 Web -おすすめ -比較 -ランキング -求人 -まとめ
COMPANY,https://bee-c.net/company/,,,,仙台市,仙台市 不動産 プロモーション会社 Web -おすすめ -比較 -ランキング -求人 -まとめ
集客に苦労しない、 工務店 をつくる。 工務店 コンサルティング合同 ...,https://koumutenconsul.com/,,,,仙台市,仙台市 工務店 販促支援会社 -おすすめ -比較 -ランキング -求人 -まとめ
株式 会社 佐元 工務店 に対する 77ポジティブ・インパクト ...,https://www.77bank.co.jp/pdf/newsrelease/2026/26040901_pif.pdf,,,,仙台市,仙台市 工務店 販促支援会社 -おすすめ -比較 -ランキング -求人 -まとめ
作るモチベーションを高める場所へ DIY STUDIO 仙台,https://mag.ssbj.jp/inter/2868/,,,,仙台市,仙台市 工務店 販促支援会社 -おすすめ -比較 -ランキング -求人 -まとめ
全国施工代理店紹介,https://www.onabe.co.jp/agency,,,,仙台市,仙台市 工務店 販促支援会社 -おすすめ -比較 -ランキング -求人 -まとめ
マッチングカウンター MATCHING COUNTER,https://e-jack.net/cat_matching_counter/cat_system/,,,,仙台市,仙台市 工務店 販促支援会社 -おすすめ -比較 -ランキング -求人 -まとめ
令和7年度 支援 学校 仙台 みらい高等学園 第1回学校評議委員会,https://www.sanko.ac.jp/tokubetsu-shien/disclosure/documents/minutes_2025_01.pdf,,,,仙台市,仙台市 学習塾 広報支援会社 -おすすめ -比較 -ランキング -求人 -まとめ
宮城県 仙台市 を中心に展開する 学習塾 ひのき進学グループが,https://www.flens.jp/topic/news/20260515,,,,仙台市,仙台市 学習塾 広報支援会社 -おすすめ -比較 -ランキング -求人 -まとめ
株式 会社 セレクティー,https://www.77bsf.or.jp/wp-content/uploads/2021/03/160415-18inter-selecty.pdf,,,,仙台市,仙台市 学習塾 広報支援会社 -おすすめ -比較 -ランキング -求人 -まとめ
企業・団体の方へ,https://cfc.or.jp/support/company,,,,仙台市,仙台市 学習塾 広報支援会社 -おすすめ -比較 -ランキング -求人 -まとめ
&life's,https://www.andlifes.co.jp/,,,,仙台市,仙台市 店舗撮影 SNS運用会社 -おすすめ -比較 -ランキング -求人 -まとめ
仙台 SNS運用 代行 会社 として株式 会社 キングプロテアが正式始動 ...,https://www.mapion.co.jp/news/release/dn0000350852-all/,,,,仙台市,仙台市 店舗撮影 SNS運用会社 -おすすめ -比較 -ランキング -求人 -まとめ
Instagram 運用 代行,https://insta.master-plan.co.jp/,,,,仙台市,仙台市 店舗撮影 SNS運用会社 -おすすめ -比較 -ランキング -求人 -まとめ
わたしたちのこと,https://www.sense-inc.jp/aboutus,,,,仙台市,仙台市 インフルエンサーマーケティング会社 -おすすめ -比較 -ランキング -求人 -まとめ
仙台 勤務,https://recruit.sold-out.co.jp/recruit02_detail02,,,,仙台市,仙台市 インフルエンサーマーケティング会社 -おすすめ -比較 -ランキング -求人 -まとめ
中期経営計画 -2026年3月期,https://irtv.jp/wp-content/uploads/2023/05/%E3%83%88%E3%83%AC%E3%83%B3%E3%82%BF%E3%82%99%E3%83%BC%E3%82%B9%E3%82%99-2023%E5%B9%B43%E6%9C%88%E6%9C%9F-%E9%80%9A%E6%9C%9F%E6%B1%BA%E7%AE%97%E8%AA%AC%E6%98%8E%E8%B3%87%E6%96%99.pdf,,,,仙台市,仙台市 インフルエンサーマーケティング会社 -おすすめ -比較 -ランキング -求人 -まとめ
会社 案内,https://www.conductmarke.jp/information,,,,仙台市,仙台市 LINEマーケティング会社 -おすすめ -比較 -ランキング -求人 -まとめ
「 LINE スグミエール」総代理店のビジョングループのZORSE,https://www.vision-net.co.jp/news/20250902160855.html,,,,仙台市,仙台市 LINEマーケティング会社 -おすすめ -比較 -ランキング -求人 -まとめ
「 LINE スグミエール」総代理店のZORSE、全国の販売パートナー ...,https://adv.tokyo-np.co.jp/prtimes/article62086/,,,,仙台市,仙台市 LINEマーケティング会社 -おすすめ -比較 -ランキング -求人 -まとめ
iii株式 会社,https://iii-k.co.jp/,,,,仙台市,仙台市 LINEマーケティング会社 -おすすめ -比較 -ランキング -求人 -まとめ
【 仙台 】 SNS マーケティングが学べる有給インターン,https://intern.sendaidehatarakitai.jp/intern/detail/e65851b71fe69d0a8cf8a5ee12d11b01,,,,仙台市,仙台市 コンテンツ制作 SNS運用会社 -おすすめ -比較 -ランキング -求人 -まとめ
宮城県 仙台市 : WEB広告 で効果を出すならKSB,https://lp-ads.ksb-sendai.co.jp/,,,,仙台市,仙台市 ホームページ制作 Web広告運用 -おすすめ -比較 -ランキング -求人 -まとめ
MEASURES,https://sendaistartupstudio.com/supportlist/,,,,仙台市,仙台市 中小企業 広報マーケティング支援 -おすすめ -比較 -ランキング -求人 -まとめ
【 仙台市 2020】外部人材による 中小企業 の経営革新 支援 事業,https://social-development.circu.co.jp/sendai/2020/biz/,,,,仙台市,仙台市 中小企業 広報マーケティング支援 -おすすめ -比較 -ランキング -求人 -まとめ
秋田市飲食店 応援消費喚起ポイント還元事業,https://www.city.akita.lg.jp/jigyosha/keieisogyo-support/1049671.html,,,,秋田市,秋田市 飲食店 プロモーション会社 -おすすめ -比較 -ランキング -求人 -まとめ
専門家登録者名簿,https://www.bic-akita.or.jp/uploads/File/%E5%B0%82%E9%96%80%E5%AE%B6%E6%B4%BE%E9%81%A3/010601%E5%85%AC%E9%96%8B%E7%94%A8%E7%94%A8%E5%90%8D%E7%B0%BF.pdf,,,,秋田市,秋田市 飲食店 プロモーション会社 -おすすめ -比較 -ランキング -求人 -まとめ
株式 会社 ドリームリンク,https://akita-koyou.org/corporate-pr/%E6%A0%AA%E5%BC%8F%E4%BC%9A%E7%A4%BE-%E3%83%89%E3%83%AA%E3%83%BC%E3%83%A0%E3%83%AA%E3%83%B3%E3%82%AF/,,,,秋田市,秋田市 飲食店 プロモーション会社 -おすすめ -比較 -ランキング -求人 -まとめ
会員企業,https://www.akitacci.or.jp/company/,,,,秋田市,秋田市 飲食店 プロモーション会社 -おすすめ -比較 -ランキング -求人 -まとめ
企業紹介 – 協同組合 秋田 卸センター,https://www.akitaoroshi.jp/kigyo/,,,,秋田市,秋田市 飲食店 プロモーション会社 -おすすめ -比較 -ランキング -求人 -まとめ
広告 企画 ／山口本社,https://www.be-make.co.jp/entry/jobs/kokokukikaku/,,,,秋田市,秋田市 美容室 販促企画会社 -おすすめ -比較 -ランキング -求人 -まとめ
県内商工会の活動,https://www.skr-akita.or.jp/wp-content/uploads/2016/03/kaihou509_6.pdf,,,,秋田市,秋田市 美容室 販促企画会社 -おすすめ -比較 -ランキング -求人 -まとめ
会員名簿,https://welcomenoshiro.com/memberlist/,,,,秋田市,秋田市 美容室 販促企画会社 -おすすめ -比較 -ランキング -求人 -まとめ
会員紹介,https://eco-akita.org/member/,,,,秋田市,秋田市 美容室 販促企画会社 -おすすめ -比較 -ランキング -求人 -まとめ
株式 会社 シカトキノコ,https://www.mebic.com/cluster/shikatokinoko.html,,,,秋田市,秋田市 美容室 販促企画会社 -おすすめ -比較 -ランキング -求人 -まとめ
会社 概要,https://loquat.biz/hpgen/HPB/shop/shopguide.html,,,,秋田市,秋田市 美容室 販促企画会社 -おすすめ -比較 -ランキング -求人 -まとめ
Vat株式 会社 （ブイエイティ）,https://office-vat.jp/,,,,秋田市,秋田市 クリニック 広告制作会社 Web -おすすめ -比較 -ランキング -求人 -まとめ
支部ホームページ掲載活動資金協力法人（一部を除き,https://www.jrc.or.jp/chapter/akita/pdf/20220314-ae51b40cf156ce96143a0b44af7f16b45c0e7014.pdf,,,,秋田市,秋田市 クリニック 広告制作会社 Web -おすすめ -比較 -ランキング -求人 -まとめ
株式 会社秋田 住宅流通センター 不動産 売買店,https://www.ajrc-fb.com/,,,,秋田市,秋田市 不動産 プロモーション会社 Web -おすすめ -比較 -ランキング -求人 -まとめ
合資 会社 金子ビル開発,https://www.city.akita.akita.jp/wp/database/sp/detail.php?id=1580,,,,秋田市,秋田市 不動産 プロモーション会社 Web -おすすめ -比較 -ランキング -求人 -まとめ
会社 概要,https://www.asport.co.jp/company/,,,,秋田市,秋田市 不動産 プロモーション会社 Web -おすすめ -比較 -ランキング -求人 -まとめ
秋田県 秋田市 で 不動産 物件をお探しならアーバンスカイへ。,http://www.urban-s.com/contact.html,,,,秋田市,秋田市 不動産 プロモーション会社 Web -おすすめ -比較 -ランキング -求人 -まとめ
企業 PR シート,https://www.akita-tourism.com/uploads/member/files/R4%20%E4%BC%81%E6%A5%AD%E8%AA%AC%E6%98%8E%E4%BC%9A/%E3%82%B3%E3%83%94%E3%83%BC%E7%A7%8B%E7%94%B0%E3%82%AD%E3%83%A3%E3%83%83%E3%82%B9%E3%83%AB%E3%83%9B%E3%83%86%E3%83%AB%E4%BC%81%E6%A5%AD%EF%BC%B0%EF%BC%B2%E3%82%B7%E3%83%BC%E3%83%88%EF%BC%88%E6%A7%98%E5%BC%8F%EF%BC%89.pdf,,,,秋田市,秋田市 不動産 プロモーション会社 Web -おすすめ -比較 -ランキング -求人 -まとめ
デコスドライ工法施工代理店募集中,https://www.decos.co.jp/boshu,,,,秋田市,秋田市 工務店 販促支援会社 -おすすめ -比較 -ランキング -求人 -まとめ
主な業務実績,https://www.nomura-rp.co.jp/recruit/common/img/pages/about/data/results201610.pdf,,,,秋田市,秋田市 工務店 販促支援会社 -おすすめ -比較 -ランキング -求人 -まとめ
【小学5～6年向け】出張！イノベーション創造 学習塾 2026受講者 ...,https://www.akita-pu.ac.jp/event/event2026/9346,,,,秋田市,秋田市 学習塾 広報支援会社 -おすすめ -比較 -ランキング -求人 -まとめ
講師派遣のご案内,https://akiben.jp/profile/lecturer/,,,,秋田市,秋田市 学習塾 広報支援会社 -おすすめ -比較 -ランキング -求人 -まとめ
staff,https://www.sakura-kokusai-campus.jp/akita/staff/,,,,秋田市,秋田市 学習塾 広報支援会社 -おすすめ -比較 -ランキング -求人 -まとめ
広報 きたあきた,https://www.city.kitaakita.akita.jp/uploads/public/archive_0000015693_00/265.pdf,,,,秋田市,秋田市 学習塾 広報支援会社 -おすすめ -比較 -ランキング -求人 -まとめ
秋田 県ゆとり生活創造センター 「遊学舎」 あきた中央市民活動 ...,https://www.akita-kenmin.jp/public-magazine-category/docs/2016072300021/file_contents/kadare1607.pdf,,,,秋田市,秋田市 学習塾 広報支援会社 -おすすめ -比較 -ランキング -求人 -まとめ
# sns,https://www.uniworx.co.jp/works/category/sns,,,,秋田市,秋田市 店舗撮影 SNS運用会社 -おすすめ -比較 -ランキング -求人 -まとめ
Web広告・ SNS運用 ・リール動画 — 秋田 密着の ...,https://yominowa.com/service/sns-ads/,,,,秋田市,秋田市 店舗撮影 SNS運用会社 -おすすめ -比較 -ランキング -求人 -まとめ
ネットショップの販売企画と SNS の 運用,https://futakata.jp/planning/,,,,秋田市,秋田市 店舗撮影 SNS運用会社 -おすすめ -比較 -ランキング -求人 -まとめ
女性の新規就業支援事業（SHE project AKITA）に関する SNS運用 方針,https://www.pref.akita.lg.jp/pages/archive/52277,,,,秋田市,秋田市 店舗撮影 SNS運用会社 -おすすめ -比較 -ランキング -求人 -まとめ
観光の決め手は SNS ×写真！インバウンド向け SNS運用 代行,https://tokyocameraclub.com/inboundsns/,,,,秋田市,秋田市 店舗撮影 SNS運用会社 -おすすめ -比較 -ランキング -求人 -まとめ
インフルエンサー 起用で実現した 秋田市 農村の魅力体験ツアーの ...,https://www.diamode.jp/archives/5675,,,,秋田市,秋田市 インフルエンサーマーケティング会社 -おすすめ -比較 -ランキング -求人 -まとめ
株式 会社秋田 ケーブルテレビ,https://www.content-tokyo.jp/tokyo/ja-jp/search/2026con0407/directory/directory-details.%E6%A0%AA%E5%BC%8F%E4%BC%9A%E7%A4%BE%E7%A7%8B%E7%94%B0%E3%82%B1%E3%83%BC%E3%83%96%E3%83%AB%E3%83%86%E3%83%AC%E3%83%93.org-a4596342-51e1-4fa8-b8ad-b44281e5d3d9.html,,,,秋田市,秋田市 インフルエンサーマーケティング会社 -おすすめ -比較 -ランキング -求人 -まとめ
令和8年度誘致企業「株式 会社 elmia」,https://akitashi-kigyouyuchi.com/2026/07/06/%E4%BB%A4%E5%92%8C%EF%BC%98%E5%B9%B4%E5%BA%A6%E8%AA%98%E8%87%B4%E4%BC%81%E6%A5%AD%E3%80%8C%E6%A0%AA%E5%BC%8F%E4%BC%9A%E7%A4%BEelmia%E3%80%8D/,,,,秋田市,秋田市 インフルエンサーマーケティング会社 -おすすめ -比較 -ランキング -求人 -まとめ
2020/07/29 秋田 県のコロナ感染拡大防止システム「新型 ...,https://line-sm.com/news/20200729.html,,,,秋田市,秋田市 LINEマーケティング会社 -おすすめ -比較 -ランキング -求人 -まとめ
LINE @カレッジ in 秋田 ＆ Instagram(インスタグラム)活用セミナー,http://it-seminar.alve.jp/,,,,秋田市,秋田市 LINEマーケティング会社 -おすすめ -比較 -ランキング -求人 -まとめ
「 LINE WORKSセミナー」が開催されました,https://digital.pref.akita.lg.jp/news/p20221215104730,,,,秋田市,秋田市 LINEマーケティング会社 -おすすめ -比較 -ランキング -求人 -まとめ
LINE ヤフーの マーケティング ソリューションの導入ならび支援など ...,https://www.playnext-lab.co.jp/news/press-release/20240522-01/,,,,秋田市,秋田市 LINEマーケティング会社 -おすすめ -比較 -ランキング -求人 -まとめ
ケーブルテレビ事業者専用パッケージサービスを提供開始,https://deca.marketing/news/240522/,,,,秋田市,秋田市 LINEマーケティング会社 -おすすめ -比較 -ランキング -求人 -まとめ
東北の SNS マーケティングのプロチーム,https://chazzsns.com/,,,,秋田市,秋田市 コンテンツ制作 SNS運用会社 -おすすめ -比較 -ランキング -求人 -まとめ
Web サイト 制作 アーカイブ,https://akita-saiyo-navi.com/columns/category/web%E3%82%B5%E3%82%A4%E3%83%88%E5%88%B6%E4%BD%9C/,,,,秋田市,秋田市 ホームページ制作 Web広告運用 -おすすめ -比較 -ランキング -求人 -まとめ
コーディネーター紹介,https://akita-yorozu.go.jp/coordinator/,,,,秋田市,秋田市 中小企業 広報マーケティング支援 -おすすめ -比較 -ランキング -求人 -まとめ
株式会社スタートアップ,https://www.ninteishien.go.jp/NSK_CertifiedRecordView?id=a0D2r000003qwDBEAY,,,,秋田市,秋田市 中小企業 広報マーケティング支援 -おすすめ -比較 -ランキング -求人 -まとめ
リクルート「サンカク」× 秋田 県プロ人材戦略拠点共同プロジェクト,https://www.akita-projin.com/wp/wp-content/uploads/2023/01/f013a1ee8015f65b348af8c0fd34c353-1.pdf,,,,秋田市,秋田市 中小企業 広報マーケティング支援 -おすすめ -比較 -ランキング -求人 -まとめ
秋田 県 中小企業 団体中央会,https://hojo-navi.com/shop/details/2213/,,,,秋田市,秋田市 中小企業 広報マーケティング支援 -おすすめ -比較 -ランキング -求人 -まとめ
赤沼 秀夫,https://www.fmric.or.jp/facobank/data/15002.html,,,,秋田市,秋田市 中小企業 広報マーケティング支援 -おすすめ -比較 -ランキング -求人 -まとめ
山形 県中小企業パワーアップ補助金（新事業転換促進支援事業 ...,https://www.ynet.or.jp/.assets/powerup_saitaku_0615.pdf,,,,山形市,山形市 飲食店 プロモーション会社 -おすすめ -比較 -ランキング -求人 -まとめ
山形市 創業アワード2024,https://yamagatashi-sogyo.net/award/,,,,山形市,山形市 飲食店 プロモーション会社 -おすすめ -比較 -ランキング -求人 -まとめ
おいしい 山形 賛助会員紹介コーナー：飲食業,https://www.yamagata.nmai.org/information/sanjyo/sanjyo08.html,,,,山形市,山形市 飲食店 プロモーション会社 -おすすめ -比較 -ランキング -求人 -まとめ
山形市 創業アワード2024,https://www.city.yamagata-yamagata.lg.jp/jigyosya/kighoshien/1006773/1008503.html,,,,山形市,山形市 飲食店 プロモーション会社 -おすすめ -比較 -ランキング -求人 -まとめ
whats new,https://www.agent-s.jp/Info/index.html,,,,山形市,山形市 飲食店 プロモーション会社 -おすすめ -比較 -ランキング -求人 -まとめ
令和3年度 山形 県中小企業パワーアップ補助金 （オンライン化促進 ...,https://www.chuokai-yamagata.or.jp/chuokai/on-line/download/saitaku_on-line_211210.pdf,,,,山形市,山形市 クリニック 広告制作会社 Web -おすすめ -比較 -ランキング -求人 -まとめ
杉の下意匠室,https://suginoshita.jp/,,,,山形市,山形市 クリニック 広告制作会社 Web -おすすめ -比較 -ランキング -求人 -まとめ
Color,https://mekikiki.com/category/color/gray/,,,,山形市,山形市 クリニック 広告制作会社 Web -おすすめ -比較 -ランキング -求人 -まとめ
ABOUT US,https://leon-yamagata.com/info.html,,,,山形市,山形市 美容室 販促企画会社 -おすすめ -比較 -ランキング -求人 -まとめ
山形 理容室SunC plus・開業までの軌跡,https://bh-inc.co.jp/case/sunc-plus-process/,,,,山形市,山形市 美容室 販促企画会社 -おすすめ -比較 -ランキング -求人 -まとめ
会社 案内,https://bi-nakagawa.com/company/,,,,山形市,山形市 工務店 販促支援会社 -おすすめ -比較 -ランキング -求人 -まとめ
株式 会社 阿部 工務店,https://www.ak-abekoumuten.com/,,,,山形市,山形市 工務店 販促支援会社 -おすすめ -比較 -ランキング -求人 -まとめ
山形 展示場,https://www.ai-koumuten.co.jp/exhibition/yamagata/,,,,山形市,山形市 工務店 販促支援会社 -おすすめ -比較 -ランキング -求人 -まとめ
山形 の 工務店 ・注文住宅・新築一戸建てならグッドライフ黒田工務所,https://good-kuroda.jp/,,,,山形市,山形市 工務店 販促支援会社 -おすすめ -比較 -ランキング -求人 -まとめ
山形市 ×注文住宅× 工務店 -飯野建築株式 会社 -inSTYLE,https://instyle-house.com/,,,,山形市,山形市 工務店 販促支援会社 -おすすめ -比較 -ランキング -求人 -まとめ
会社 概要,https://numazawa-koumuten.co.jp/company/,,,,山形市,山形市 工務店 販促支援会社 -おすすめ -比較 -ランキング -求人 -まとめ
よつば 不動産,https://yotsuba-fudosan.com/,,,,山形市,山形市 不動産 プロモーション会社 Web -おすすめ -比較 -ランキング -求人 -まとめ
日管協預り金保証制度,https://www.jpm.jp/deposit/subscriber-list/list.php?cid=6,,,,山形市,山形市 不動産 プロモーション会社 Web -おすすめ -比較 -ランキング -求人 -まとめ
お問い合わせ,https://www.renovace.co.jp/contact,,,,山形市,山形市 不動産 プロモーション会社 Web -おすすめ -比較 -ランキング -求人 -まとめ
mou塾リニューアルプロジェクト,https://lururu.co.jp/news/230831blog/,,,,山形市,山形市 学習塾 広報支援会社 -おすすめ -比較 -ランキング -求人 -まとめ
公益社団法人 やまがた被害者 支援 センター,http://yvsc.jp/wp/wp-content/uploads/2021/09/tayori_30.pdf,,,,山形市,山形市 学習塾 広報支援会社 -おすすめ -比較 -ランキング -求人 -まとめ
やまがたGX経営塾,https://www.pref.yamagata.jp/050015/gxkeieijyuku.html,,,,山形市,山形市 学習塾 広報支援会社 -おすすめ -比較 -ランキング -求人 -まとめ
山形市 創業ゼミ（東京スクール） 山形市 創業ゼミ（東京スクール）,https://www.furusato-web.jp/wp/wp-content/uploads/2023/10/3e9a53654eacc091fc903482af488fd4.pdf,,,,山形市,山形市 学習塾 広報支援会社 -おすすめ -比較 -ランキング -求人 -まとめ
地域おこし協力隊・ 集落 支援 員と議員の語る会,https://www.town.kaneyama.yamagata.jp/material/files/group/1/127-10-11.pdf,,,,山形市,山形市 学習塾 広報支援会社 -おすすめ -比較 -ランキング -求人 -まとめ
山形 の SNS運用 代行はサーキュラーサンクス,https://yamagatasns.studio.site/,,,,山形市,山形市 店舗撮影 SNS運用会社 -おすすめ -比較 -ランキング -求人 -まとめ
【 山形市 】 SNS運用 ・チラシ制作担当〈パート募集〉,https://recruit.ych-exceed.com/work/%E3%80%90%E5%B1%B1%E5%BD%A2%E5%B8%82%E3%80%91sns%E9%81%8B%E7%94%A8%E3%83%BB%E3%83%81%E3%83%A9%E3%82%B7%E5%88%B6%E4%BD%9C%E6%8B%85%E5%BD%93%E3%80%88%E3%83%91%E3%83%BC%E3%83%88%E5%8B%9F%E9%9B%86/,,,,山形市,山形市 店舗撮影 SNS運用会社 -おすすめ -比較 -ランキング -求人 -まとめ
山形 県の SNS マーケティングなら「MSBY（ムスビー）」,https://msby.work/,,,,山形市,山形市 店舗撮影 SNS運用会社 -おすすめ -比較 -ランキング -求人 -まとめ
SNSフォロワー24万人 勝手にオネーサン様が来学！ 6/16(月)『SNS ...,https://kaishi-pu.ac.jp/topics/250702,,,,山形市,山形市 インフルエンサーマーケティング会社 -おすすめ -比較 -ランキング -求人 -まとめ
ブランドづくり講座,https://iimono-yamagata.jp/wp/wp-content/uploads/kouza_chirashi_teisei.pdf,,,,山形市,山形市 インフルエンサーマーケティング会社 -おすすめ -比較 -ランキング -求人 -まとめ
株式 会社 C&CR,https://candcr.jp/,,,,山形市,山形市 LINEマーケティング会社 -おすすめ -比較 -ランキング -求人 -まとめ
LINE を活用した予約システム提携および連携販売のお知らせ,https://www.ybc.co.jp/pressrelease/pressrelease-11210/,,,,山形市,山形市 LINEマーケティング会社 -おすすめ -比較 -ランキング -求人 -まとめ
地方自治体や大学の LINE 活用を支援するKANAMETO（カナメト）,https://kanameto.me/,,,,山形市,山形市 LINEマーケティング会社 -おすすめ -比較 -ランキング -求人 -まとめ
MENGOINO株式 会社,https://www.foriio.com/mengoino,,,,山形市,山形市 コンテンツ制作 SNS運用会社 -おすすめ -比較 -ランキング -求人 -まとめ
WEB BRANDING.JP,https://webbranding.jp/,,,,山形市,山形市 ホームページ制作 Web広告運用 -おすすめ -比較 -ランキング -求人 -まとめ
スタッフ紹介,https://ybiz.jp/page-6481/,,,,山形市,山形市 中小企業 広報マーケティング支援 -おすすめ -比較 -ランキング -求人 -まとめ
お知らせ,https://www.ysh.or.jp/news/,,,,山形市,山形市 中小企業 広報マーケティング支援 -おすすめ -比較 -ランキング -求人 -まとめ
山形 商工会議所［お知らせ］,https://www.yamagata-cci.or.jp/news/,,,,山形市,山形市 中小企業 広報マーケティング支援 -おすすめ -比較 -ランキング -求人 -まとめ
活動報告,https://yorozu-yamagata.go.jp/info-cat/action-info/,,,,山形市,山形市 中小企業 広報マーケティング支援 -おすすめ -比較 -ランキング -求人 -まとめ
広報 活動,https://www.hosyokyokai-hyogo.or.jp/upfile/CgcDisclosure2023_10.pdf,,,,山形市,山形市 中小企業 広報マーケティング支援 -おすすめ -比較 -ランキング -求人 -まとめ
会社 ・商品を PR したい,https://www.fukushima-cci.or.jp/?page_id=67,,,,福島市,福島市 飲食店 プロモーション会社 -おすすめ -比較 -ランキング -求人 -まとめ
ふくしまの企業 PR 動画配信事業,https://www.pref.fukushima.lg.jp/sec/32011c/kigyoudouga.html,,,,福島市,福島市 飲食店 プロモーション会社 -おすすめ -比較 -ランキング -求人 -まとめ
とも家事パートナー,https://tomokaji.life/contents/partner.html,,,,福島市,福島市 飲食店 プロモーション会社 -おすすめ -比較 -ランキング -求人 -まとめ
【 福島市 観光コンベンション協会様】「ふくしまピーチホリデイ ...,https://www.herstory.co.jp/post/case-f-kankou,,,,福島市,福島市 飲食店 プロモーション会社 -おすすめ -比較 -ランキング -求人 -まとめ
飲食店 (既存特定飲食提供施設に該当)のみなさまへ,https://www.city.fukushima.fukushima.jp/soshiki/9/1047/1/2/2905.html,,,,福島市,福島市 飲食店 プロモーション会社 -おすすめ -比較 -ランキング -求人 -まとめ
ふくしまシティ ハーフマラソン FUKUSHIMA CITY 2026,https://www.fukushimahalf.jp/wp/wp-content/themes/2026/img/index/hospitality-studium.pdf,,,,福島市,福島市 飲食店 プロモーション会社 -おすすめ -比較 -ランキング -求人 -まとめ
会社 概要- BEAUTY UNIVATION 福島 県郡山市の総合 美容 ディーラー,https://beautyunivation.com/company/,,,,福島市,福島市 美容室 販促企画会社 -おすすめ -比較 -ランキング -求人 -まとめ
各種広告、 企画 ・デザイン・制作・構成、Webサイト,https://www.bizloop.jp/h553325/s1/,,,,福島市,福島市 美容室 販促企画会社 -おすすめ -比較 -ランキング -求人 -まとめ
会社 概要,https://gamo-kansai.jp/aboutus-2/outline/,,,,福島市,福島市 美容室 販促企画会社 -おすすめ -比較 -ランキング -求人 -まとめ
ZAPHT,https://0100branding.com/creator/zapht/,,,,福島市,福島市 美容室 販促企画会社 -おすすめ -比較 -ランキング -求人 -まとめ
サービス紹介,https://www.mag-net.co.jp/service/,,,,福島市,福島市 クリニック 広告制作会社 Web -おすすめ -比較 -ランキング -求人 -まとめ
医療機関の事例集,https://bravemedica.co.jp/medical-web/,,,,福島市,福島市 クリニック 広告制作会社 Web -おすすめ -比較 -ランキング -求人 -まとめ
SERVICES,https://g-r-a-f.co.jp/service/,,,,福島市,福島市 クリニック 広告制作会社 Web -おすすめ -比較 -ランキング -求人 -まとめ
福島市 のシステム開発・ ホームページ制作会社 ・SEO対策,https://weblight.jp/homepage/,,,,福島市,福島市 クリニック 広告制作会社 Web -おすすめ -比較 -ランキング -求人 -まとめ
会社 紹介,https://www.houtoku-f.co.jp/company/,,,,福島市,福島市 不動産 プロモーション会社 Web -おすすめ -比較 -ランキング -求人 -まとめ
会社 紹介,https://www.renovateplan.co.jp/company/,,,,福島市,福島市 不動産 プロモーション会社 Web -おすすめ -比較 -ランキング -求人 -まとめ
居住支援法人紹介,https://www.fukushima-kyojushien.jp/supporter/search.php,,,,福島市,福島市 不動産 プロモーション会社 Web -おすすめ -比較 -ランキング -求人 -まとめ
株式 会社 マコトーマスの物件･ 会社 情報,https://www.weekly-mansion.com/detail/company_info.html?gyousha_hex=1ff0,,,,福島市,福島市 不動産 プロモーション会社 Web -おすすめ -比較 -ランキング -求人 -まとめ
福嶋総研,https://mansionresearch.co.jp/fri/,,,,福島市,福島市 不動産 プロモーション会社 Web -おすすめ -比較 -ランキング -求人 -まとめ
松尾式エコハウス研修受講者リスト,https://mx-eng.jp/matsuo_ecohouse/list/,,,,福島市,福島市 工務店 販促支援会社 -おすすめ -比較 -ランキング -求人 -まとめ
企業・団体名 業務内容 連絡先,https://iwaki-sangakukan.com/wp-content/uploads/2025/01/0126sogyo.pdf,,,,福島市,福島市 学習塾 広報支援会社 -おすすめ -比較 -ランキング -求人 -まとめ
広報 隊紹介,https://jitsugensuru-fukushima.jp/introduction.html,,,,福島市,福島市 学習塾 広報支援会社 -おすすめ -比較 -ランキング -求人 -まとめ
「GIGA スクール構想」の加速に向けた 福島 市立学校の SD-WAN ...,https://www.netone.co.jp/news/release/files/20210527_01.pdf,,,,福島市,福島市 学習塾 広報支援会社 -おすすめ -比較 -ランキング -求人 -まとめ
せせらぎスクール指導者養成講座 受講者募集！（ 福島 県事業）,https://www.city.iwaki.lg.jp/www/contents/1778564397852/index.html,,,,福島市,福島市 学習塾 広報支援会社 -おすすめ -比較 -ランキング -求人 -まとめ
お店を盛り上げます！【大久自動車販売様 SNS運用 代行】,https://f-color.co.jp/column/%E5%BD%93%E7%A4%BE%E3%81%8Csns%E9%81%8B%E7%94%A8%E4%BB%A3%E8%A1%8C%E3%81%A7%E3%80%81%E3%81%8A%E5%BA%97%E3%82%92%E7%9B%9B%E3%82%8A%E4%B8%8A%E3%81%92%E3%81%BE%E3%81%99%EF%BC%81%E3%80%90%E5%A4%A7/,,,,福島市,福島市 店舗撮影 SNS運用会社 -おすすめ -比較 -ランキング -求人 -まとめ
スタジオトナリ【 福島市 の映像・動画制作】,https://c-fukushima.themedia.jp/,,,,福島市,福島市 店舗撮影 SNS運用会社 -おすすめ -比較 -ランキング -求人 -まとめ
【 福島 県主催】あなたの写真とAIでふくしまをPR！「楽しみながら ...,https://www.sukagawacci.or.jp/news/1486/,,,,福島市,福島市 店舗撮影 SNS運用会社 -おすすめ -比較 -ランキング -求人 -まとめ
SERVICE,https://createthefuture719.com/?page_id=2,,,,福島市,福島市 インフルエンサーマーケティング会社 -おすすめ -比較 -ランキング -求人 -まとめ
株式 会社 Hyatt,https://hyatt-japan.com/,,,,福島市,福島市 インフルエンサーマーケティング会社 -おすすめ -比較 -ランキング -求人 -まとめ
［31］ 株式 会社 エース COO 出嶋 翔 氏,https://nowmedia.uniaim.co.jp/service/428/,,,,福島市,福島市 インフルエンサーマーケティング会社 -おすすめ -比較 -ランキング -求人 -まとめ
LINE ヤフーの マーケティング ソリューションの導入ならび支援など ...,https://govnext.ficlab.jp/news/773/,,,,福島市,福島市 LINEマーケティング会社 -おすすめ -比較 -ランキング -求人 -まとめ
福島 のWEB制作＆ マーケティング,https://omo-design.jp/,,,,福島市,福島市 LINEマーケティング会社 -おすすめ -比較 -ランキング -求人 -まとめ
「 LINE ヤフー Partner Program」において「Technology ...,https://ff-project.com/news_1674/,,,,福島市,福島市 LINEマーケティング会社 -おすすめ -比較 -ランキング -求人 -まとめ
セミナー,https://tenten-f.info/event_cat/%E3%82%BB%E3%83%9F%E3%83%8A%E3%83%BC/,,,,福島市,福島市 LINEマーケティング会社 -おすすめ -比較 -ランキング -求人 -まとめ
ふくしまCOLLABコラボ,https://fukushima-kurashi.com/,,,,福島市,福島市 LINEマーケティング会社 -おすすめ -比較 -ランキング -求人 -まとめ
福島県 福島市 の Web制作 ・動画 制作 ・デザイン: ごしま Goshima,https://goshima.work/,,,,福島市,福島市 ホームページ制作 Web広告運用 -おすすめ -比較 -ランキング -求人 -まとめ
企業情報： 広告,https://f-hojin.or.jp/tag/koukoku/page/2/,,,,福島市,福島市 ホームページ制作 Web広告運用 -おすすめ -比較 -ランキング -求人 -まとめ
福島 の電子書籍 » 知財ebooksfukushima ebooks 福島 イーブックス,https://fukushima-ebooks.jp/?page_id=27406,,,,福島市,福島市 中小企業 広報マーケティング支援 -おすすめ -比較 -ランキング -求人 -まとめ
令和5年度（第66期）事業計画 及び収支予算 概要,https://www.f-open.or.jp/center_facility/static-document/pdf/plan/r5yosangaiyo.pdf,,,,福島市,福島市 中小企業 広報マーケティング支援 -おすすめ -比較 -ランキング -求人 -まとめ
第2回『デジタル マーケティング セミナー』の開催について,https://www.fukushimabank.co.jp/press/2024/img/20241003-001.pdf,,,,福島市,福島市 中小企業 広報マーケティング支援 -おすすめ -比較 -ランキング -求人 -まとめ
『 福島 県いわき市、唯一・ファブラボ』から独自 マーケティング を ...,https://www.project-index.jp/intern/17452,,,,福島市,福島市 中小企業 広報マーケティング支援 -おすすめ -比較 -ランキング -求人 -まとめ
一般社団法人 福島 県 中小企業 診断協会,https://www.fsrt.jp/consultant/2366.html,,,,福島市,福島市 中小企業 広報マーケティング支援 -おすすめ -比較 -ランキング -求人 -まとめ
大和 郡山市 秀長ゆかりのまち 地域応援商品券が使えるお店【中小 ...,https://www.yamato-koriyama.com/pdf/shoplist_2026.pdf,,,,郡山市,郡山市 飲食店 プロモーション会社 -おすすめ -比較 -ランキング -求人 -まとめ
検索結果,https://ten.1049.cc/tp/ismfoods/search/custom?city=7203&rs=1&jobbc=12%5B%5D2&job=390,,,,郡山市,郡山市 飲食店 プロモーション会社 -おすすめ -比較 -ランキング -求人 -まとめ
福島県 郡山市 菅井 恵美,https://www.soumu.go.jp/kyouryokutai-network/performance/pdf/case_07_135.pdf,,,,郡山市,郡山市 飲食店 プロモーション会社 -おすすめ -比較 -ランキング -求人 -まとめ
昭和サロン会館こども食堂,https://kodomonara.com/pages/309/,,,,郡山市,郡山市 飲食店 プロモーション会社 -おすすめ -比較 -ランキング -求人 -まとめ
ハピスマ,https://hapi-suma.jp/,,,,郡山市,郡山市 飲食店 プロモーション会社 -おすすめ -比較 -ランキング -求人 -まとめ
会社 概要,https://kyo-roman.com/about/company/,,,,郡山市,郡山市 美容室 販促企画会社 -おすすめ -比較 -ランキング -求人 -まとめ
施工／制作事例,https://lupinus-design.com/contents/workslist.html,,,,郡山市,郡山市 美容室 販促企画会社 -おすすめ -比較 -ランキング -求人 -まとめ
【最大10％還元】ホームページ 制作 のご紹介制度,https://partner.hatafull.co.jp/,,,,郡山市,郡山市 クリニック 広告制作会社 Web -おすすめ -比較 -ランキング -求人 -まとめ
デザインC,https://marugoto-omakase.com/design-sample/web-design-c,,,,郡山市,郡山市 クリニック 広告制作会社 Web -おすすめ -比較 -ランキング -求人 -まとめ
不動産 売却の無料査定,https://www.fudousankaitori.info/,,,,郡山市,郡山市 不動産 プロモーション会社 Web -おすすめ -比較 -ランキング -求人 -まとめ
令和6年度 地元企業 プロモーション 事業（ジモプロ 郡山 ）,https://www.city.koriyama.lg.jp/soshiki/119/120416.html,,,,郡山市,郡山市 不動産 プロモーション会社 Web -おすすめ -比較 -ランキング -求人 -まとめ
福島県 郡山市 ・本宮市・西田町・田村郡三春町の 不動産 売買のこと ...,https://totorohome.web.fc2.com/,,,,郡山市,郡山市 不動産 プロモーション会社 Web -おすすめ -比較 -ランキング -求人 -まとめ
会社 紹介,https://www.real-am.co.jp/company/,,,,郡山市,郡山市 不動産 プロモーション会社 Web -おすすめ -比較 -ランキング -求人 -まとめ
会社 紹介,https://www.shiine-k.jp/company/,,,,郡山市,郡山市 不動産 プロモーション会社 Web -おすすめ -比較 -ランキング -求人 -まとめ
お問い合わせ,http://fukushima.zennichi.or.jp/contact/index.php,,,,郡山市,郡山市 不動産 プロモーション会社 Web -おすすめ -比較 -ランキング -求人 -まとめ
秀長さんからの奈良名物,https://www.yk-kankou.jp/upload/pdf/947984099.pdf,,,,郡山市,郡山市 不動産 プロモーション会社 Web -おすすめ -比較 -ランキング -求人 -まとめ
奈良中古住宅、 マンション 、土地をお探しの方はトチナラ,https://www.tochinara.jp/sell,,,,郡山市,郡山市 不動産 プロモーション会社 Web -おすすめ -比較 -ランキング -求人 -まとめ
伊藤建友（株） 郡山,https://itokenyu-k.com/,,,,郡山市,郡山市 工務店 販促支援会社 -おすすめ -比較 -ランキング -求人 -まとめ
企業情報,https://www.ishiikomuten.jp/company_info/,,,,郡山市,郡山市 工務店 販促支援会社 -おすすめ -比較 -ランキング -求人 -まとめ
福島県 郡山市 草野 工務店,https://kikori-kusano.com/,,,,郡山市,郡山市 工務店 販促支援会社 -おすすめ -比較 -ランキング -求人 -まとめ
株式 会社 ウッディホーム,https://woody-home.site/,,,,郡山市,郡山市 工務店 販促支援会社 -おすすめ -比較 -ランキング -求人 -まとめ
株式 会社 工房夢蔵 会社 案内： 会社 概要,https://www.yumekura.net/overview/company.html,,,,郡山市,郡山市 工務店 販促支援会社 -おすすめ -比較 -ランキング -求人 -まとめ
福島県 郡山市 の総合建設・建築 会社,https://kageyama-koumuten.com/,,,,郡山市,郡山市 工務店 販促支援会社 -おすすめ -比較 -ランキング -求人 -まとめ
田村 工務店 が企業永続に向けた経営に舵を切る,https://souken.craft-bank.com/leader/tamurakomuten/,,,,郡山市,郡山市 工務店 販促支援会社 -おすすめ -比較 -ランキング -求人 -まとめ
東山 工務店,https://www.higashiyama-k.com/,,,,郡山市,郡山市 工務店 販促支援会社 -おすすめ -比較 -ランキング -求人 -まとめ
SNSを活用して 広報 をデジタル化！「SNS活用セミナー」のご案内,https://www.ko-cci.or.jp/event-seminar/003151/,,,,郡山市,郡山市 学習塾 広報支援会社 -おすすめ -比較 -ランキング -求人 -まとめ
起業・創業をお考えの方へ,https://www.city.yamatokoriyama.lg.jp/soshiki/chiikishinkoka/sangyo/8/2310.html,,,,郡山市,郡山市 学習塾 広報支援会社 -おすすめ -比較 -ランキング -求人 -まとめ
号,https://assistparkkoriyama.net/pdf/ap_040.pdf,,,,郡山市,郡山市 学習塾 広報支援会社 -おすすめ -比較 -ランキング -求人 -まとめ
About 当塾について,https://hattatsu-futoukou.com/about/,,,,郡山市,郡山市 学習塾 広報支援会社 -おすすめ -比較 -ランキング -求人 -まとめ
出前ボランティアスクール,https://koriyama-shakyo.jp/volunteer/school/,,,,郡山市,郡山市 学習塾 広報支援会社 -おすすめ -比較 -ランキング -求人 -まとめ
料金・入塾の流れ,https://www.hiroejuku2019.com/fee,,,,郡山市,郡山市 学習塾 広報支援会社 -おすすめ -比較 -ランキング -求人 -まとめ
インターネット広告代理店企業の売上規模などの情報を検索する,https://biz-maps.com/s/cities/072036/m-inds/474,,,,郡山市,郡山市 インフルエンサーマーケティング会社 -おすすめ -比較 -ランキング -求人 -まとめ
プランニングから依頼したい 東洋特殊印刷 福島県 郡山市,https://ttp-jp.com/?cat=20,,,,郡山市,郡山市 店舗撮影 SNS運用会社 -おすすめ -比較 -ランキング -求人 -まとめ
さがみ金屋斎場,https://www.alphaclub-gp.jp/upimeges/2026/03/20260321-0322%E3%81%95%E3%81%8C%E3%81%BF%E9%87%91%E5%B1%8B%E6%96%8E%E5%A0%B4web.pdf,,,,郡山市,郡山市 LINEマーケティング会社 -おすすめ -比較 -ランキング -求人 -まとめ
LINE ヤフーコミュニケーションズ、福岡マラソン2026のOFFICIAL ...,https://lycomm.co.jp/ja/press/2026/032612,,,,郡山市,郡山市 LINEマーケティング会社 -おすすめ -比較 -ランキング -求人 -まとめ
郡山市 をモデルとした 中小企業 向け事業戦略分析 – EDR,https://4edr.com/blog/2025/09/29/%E9%83%A1%E5%B1%B1%E5%B8%82%E3%82%92%E3%83%A2%E3%83%87%E3%83%AB%E3%81%A8%E3%81%97%E3%81%9F%E4%B8%AD%E5%B0%8F%E4%BC%81%E6%A5%AD%E5%90%91%E3%81%91%E4%BA%8B%E6%A5%AD%E6%88%A6%E7%95%A5%E5%88%86%E6%9E%90/,,,,郡山市,郡山市 中小企業 広報マーケティング支援 -おすすめ -比較 -ランキング -求人 -まとめ
アドバイザー,https://public-platform.jp/supportwork/%E3%82%A2%E3%83%89%E3%83%90%E3%82%A4%E3%82%B6%E3%83%BC/,,,,郡山市,郡山市 中小企業 広報マーケティング支援 -おすすめ -比較 -ランキング -求人 -まとめ
原 幸彦,https://www.osaka-shindanshi.org/member/n213863/,,,,郡山市,郡山市 中小企業 広報マーケティング支援 -おすすめ -比較 -ランキング -求人 -まとめ
令和7年度採択者を紹介します,https://koriyama-dx.com/meetup.html,,,,郡山市,郡山市 中小企業 広報マーケティング支援 -おすすめ -比較 -ランキング -求人 -まとめ
WEB サイト 制作,https://threetree-c.com/website/,,,,郡山市,郡山市 ホームページ制作 Web広告運用 -おすすめ -比較 -ランキング -求人 -まとめ
福島・ 郡山 の WEB 集客・ ホームページ制作,https://web.ait-labo.com/,,,,郡山市,郡山市 ホームページ制作 Web広告運用 -おすすめ -比較 -ランキング -求人 -まとめ
食べログであなたのお店を PR,https://lp.unique1.co.jp/tabelog,,,,新潟市,新潟市 飲食店 プロモーション会社 -おすすめ -比較 -ランキング -求人 -まとめ
会員名簿,https://www.niigata-shokubunka.com/member-list/,,,,新潟市,新潟市 飲食店 プロモーション会社 -おすすめ -比較 -ランキング -求人 -まとめ
新潟 県庁舎広告掲出協力広告代理店名簿,https://www.pref.niigata.lg.jp/uploaded/life/725421_2373361_misc.pdf,,,,新潟市,新潟市 飲食店 プロモーション会社 -おすすめ -比較 -ランキング -求人 -まとめ
relay the local 新潟市,https://relay.town/local/niigata/niigatashi,,,,新潟市,新潟市 飲食店 プロモーション会社 -おすすめ -比較 -ランキング -求人 -まとめ
新潟市 で 飲食店 を開業するには？必要な資格・資金 ...,https://v-spirits.com/%E6%9C%AA%E5%88%86%E9%A1%9E/%E6%96%B0%E6%BD%9F%E5%B8%82%E3%81%A7%E9%A3%B2%E9%A3%9F%E5%BA%97%E3%82%92%E9%96%8B%E6%A5%AD%E3%81%99%E3%82%8B%E3%81%AB%E3%81%AF%EF%BC%9F%EF%BD%9E%E7%84%A1%E6%96%99%E7%9B%B8%E8%AB%87%E5%8F%97%E4%BB%98,,,,新潟市,新潟市 飲食店 プロモーション会社 -おすすめ -比較 -ランキング -求人 -まとめ
実績紹介,https://www.adservice.niigata-mn.co.jp/works/,,,,新潟市,新潟市 飲食店 プロモーション会社 -おすすめ -比較 -ランキング -求人 -まとめ
プランナーのご紹介,https://www.niigata-agrisupport.jp/plannerInfo,,,,新潟市,新潟市 飲食店 プロモーション会社 -おすすめ -比較 -ランキング -求人 -まとめ
サロンサポート,https://www.noda-salon.com/salon_support.html,,,,新潟市,新潟市 美容室 販促企画会社 -おすすめ -比較 -ランキング -求人 -まとめ
美容室 のみなさまへ,https://www.imai-project.co.jp/beautysalon/,,,,新潟市,新潟市 美容室 販促企画会社 -おすすめ -比較 -ランキング -求人 -まとめ
美容室 の開業をワンストップでサポート,https://niigata-misetsuku.com/,,,,新潟市,新潟市 美容室 販促企画会社 -おすすめ -比較 -ランキング -求人 -まとめ
Laurencin,https://laurencinkikaku.studio.site/,,,,新潟市,新潟市 美容室 販促企画会社 -おすすめ -比較 -ランキング -求人 -まとめ
専門家・パッケージプラン検索 株式 会社 ビューティラボ,https://www.nico.or.jp/search/specialist/detail.php?no=1297,,,,新潟市,新潟市 美容室 販促企画会社 -おすすめ -比較 -ランキング -求人 -まとめ
ホームページ 制作 実績 – 株式 会社 メディケアネット,https://mc-net.jp/works/,,,,新潟市,新潟市 クリニック 広告制作会社 Web -おすすめ -比較 -ランキング -求人 -まとめ
サイト 制作 実績,https://www.attend.jp/category/works,,,,新潟市,新潟市 クリニック 広告制作会社 Web -おすすめ -比較 -ランキング -求人 -まとめ
DOLA オフィシャル ： Web制作 実績,https://dola-net.com/works/work-web/,,,,新潟市,新潟市 クリニック 広告制作会社 Web -おすすめ -比較 -ランキング -求人 -まとめ
会社 紹介,https://www.yamaya-f.com/company/,,,,新潟市,新潟市 不動産 プロモーション会社 Web -おすすめ -比較 -ランキング -求人 -まとめ
会社 紹介,https://www.ohkawa-k.com/company/,,,,新潟市,新潟市 不動産 プロモーション会社 Web -おすすめ -比較 -ランキング -求人 -まとめ
会社 紹介,https://www.sinseikaihatu.co.jp/company/,,,,新潟市,新潟市 不動産 プロモーション会社 Web -おすすめ -比較 -ランキング -求人 -まとめ
日生 不動産 グループ：企業データにいがた就職応援団ナビ2027,https://www.niigata-job.ne.jp/2027/c/company.html?cmp_id=407,,,,新潟市,新潟市 不動産 プロモーション会社 Web -おすすめ -比較 -ランキング -求人 -まとめ
宮津市空き家バンク協定事業者紹介シート,https://www.city.miyazu.kyoto.jp/uploaded/attachment/14000.pdf,,,,新潟市,新潟市 不動産 プロモーション会社 Web -おすすめ -比較 -ランキング -求人 -まとめ
商品設計,https://growth-architect.co.jp/service-product/,,,,新潟市,新潟市 工務店 販促支援会社 -おすすめ -比較 -ランキング -求人 -まとめ
PR＞株式 会社 アド・クリーク（ 新潟 県上越市）がネット集客へ移行 ...,https://www.niikei.jp/211306/,,,,新潟市,新潟市 工務店 販促支援会社 -おすすめ -比較 -ランキング -求人 -まとめ
モデルハウス見学会広告・ランディングページ制作,https://www.takayoshi.co.jp/media/case/a68,,,,新潟市,新潟市 工務店 販促支援会社 -おすすめ -比較 -ランキング -求人 -まとめ
着工棟数は年々大幅アップ,https://iezukuri-business.homes.jp/cases/cases-00005,,,,新潟市,新潟市 工務店 販促支援会社 -おすすめ -比較 -ランキング -求人 -まとめ
おぐま式POP塾,https://attendpark.com/shops_data/20170919001,,,,新潟市,新潟市 工務店 販促支援会社 -おすすめ -比較 -ランキング -求人 -まとめ
リノベーションスクール＠ 新潟市 （第2回）（終了）,https://www.city.niigata.lg.jp/shisei/seisaku/jigyoproject/niigata2km/project/renovation/renovationschool2.html,,,,新潟市,新潟市 学習塾 広報支援会社 -おすすめ -比較 -ランキング -求人 -まとめ
講演活動紹介,https://www.nsgac.co.jp/lecture/,,,,新潟市,新潟市 学習塾 広報支援会社 -おすすめ -比較 -ランキング -求人 -まとめ
NSGグループ · en-courage,https://app.en-courage.com/companies/01GHZ0YXTBX0RVAY6Z2X7Z5GRN?locale=ja,,,,新潟市,新潟市 学習塾 広報支援会社 -おすすめ -比較 -ランキング -求人 -まとめ
SERVICE,https://talkpass.jp/service,,,,新潟市,新潟市 学習塾 広報支援会社 -おすすめ -比較 -ランキング -求人 -まとめ
新潟 県で SNS運用 代行します   冬季、半額で承っております！ 写真 ...,https://www.threads.com/@hirobenz250/post/DTKXII9EsEF/%E6%96%B0%E6%BD%9F%E7%9C%8C%E3%81%A7sns%E9%81%8B%E7%94%A8%E4%BB%A3%E8%A1%8C%E3%81%97%E3%81%BE%E3%81%99%E5%86%AC%E5%AD%A3%E5%8D%8A%E9%A1%8D%E3%81%A7%E6%89%BF%E3%81%A3%E3%81%A6%E3%81%8A%E3%82%8A%E3%81%BE%E3%81%99%E5%86%99%E7%9C%9F%E6%92%AE%E5%BD%B1%E5%8B%95%E7%94%BB%E6%92%AE%E5%BD%B1%E7%B7%A8%E9%9B%86%E3%81%8B%E3%82%89%E6%8A%95%E7%A8%BF%E3%81%BE%E3%81%A7%E3%82%B9%E3%83%94%E3%83%BC%E3%83%87%E3%82%A3%E3%83%BC%E3%81%AB%E8%A1%8C%E3%81%84%E3%81%BE%E3%81%99%E3%81%8A%E6%B0%97%E8%BB%BD%E3%81%AB%E3%81%8A%E5%95%8F%E5%90%88%E3%81%9B%E3%81%8F%E3%81%A0%E3%81%95%E3%81%84,,,,新潟市,新潟市 店舗撮影 SNS運用会社 -おすすめ -比較 -ランキング -求人 -まとめ
成果があがる SNS運用 のノウハウと成功事例,https://niigata-ipc.or.jp/seminar_event/19370/,,,,新潟市,新潟市 店舗撮影 SNS運用会社 -おすすめ -比較 -ランキング -求人 -まとめ
インフルエンサーマーケティング のREECH、 新潟 県胎内市と ...,https://corp.reech.co.jp/corporate/news/20230404,,,,新潟市,新潟市 インフルエンサーマーケティング会社 -おすすめ -比較 -ランキング -求人 -まとめ
インフルエンサーマーケティング 企業toridoriが 新潟 支社を開設,https://xexeq.jp/blogs/media/topics33219,,,,新潟市,新潟市 インフルエンサーマーケティング会社 -おすすめ -比較 -ランキング -求人 -まとめ
店舗事業者向けの インフルエンサーマーケティング 支援サービス ...,https://gourmetpress.net/1300458/,,,,新潟市,新潟市 インフルエンサーマーケティング会社 -おすすめ -比較 -ランキング -求人 -まとめ
Untitled,https://www.shinsyoren.or.jp/wp-content/uploads/2020/11/%E3%80%8CWEB%E3%82%92%E6%B4%BB%E7%94%A8%E3%81%97%E3%81%9F%E5%A3%B2%E3%82%8C%E3%82%8B%E4%BB%95%E7%B5%84%E3%81%BF%E3%81%A5%E3%81%8F%E3%82%8A%E3%80%8D%E3%82%BB%E3%83%9F%E3%83%8A%E3%83%BC%E3%83%81%E3%83%A9%E3%82%B7.pdf,,,,新潟市,新潟市 LINEマーケティング会社 -おすすめ -比較 -ランキング -求人 -まとめ
地域の中小企業の「課題解決のパートナー」として在り続ける,https://niigata-kenshin.co.jp/uploads/20240708_glocal.pdf,,,,新潟市,新潟市 LINEマーケティング会社 -おすすめ -比較 -ランキング -求人 -まとめ
新潟市 フードオープンイノベーション（フーイン）事業のアクセラ ...,https://www.eightcareer.com/news/30,,,,新潟市,新潟市 LINEマーケティング会社 -おすすめ -比較 -ランキング -求人 -まとめ
SNS マーケティングsocial-media-marketing,https://www.ifilm.jp/service_category/sns_marketing/,,,,新潟市,新潟市 コンテンツ制作 SNS運用会社 -おすすめ -比較 -ランキング -求人 -まとめ
サービス紹介,https://riparia.jp/service,,,,新潟市,新潟市 コンテンツ制作 SNS運用会社 -おすすめ -比較 -ランキング -求人 -まとめ
新潟 ホームページ制作 ・ WEB デザイン,https://www.cloud9works.net/,,,,新潟市,新潟市 ホームページ制作 Web広告運用 -おすすめ -比較 -ランキング -求人 -まとめ
11/2(水) 広報 戦略塾「広告費0円でお金をかけずに宣伝！マスコミ ...,https://www.niigata-cci.or.jp/archives/15413,,,,新潟市,新潟市 中小企業 広報マーケティング支援 -おすすめ -比較 -ランキング -求人 -まとめ
商品開発力・営業力・ マーケティング 力強化の新潟県 新潟市 ・株式 ...,http://www.linkage-mic.com/category/868166.html,,,,新潟市,新潟市 中小企業 広報マーケティング支援 -おすすめ -比較 -ランキング -求人 -まとめ
コーディネーター紹介(専門家),https://www.niigata-yorozu.go.jp/member/,,,,新潟市,新潟市 中小企業 広報マーケティング支援 -おすすめ -比較 -ランキング -求人 -まとめ
新潟県 長岡市,https://bookmarkspace.jp/space/45517-1/,,,,長岡市,長岡市 飲食店 プロモーション会社 -おすすめ -比較 -ランキング -求人 -まとめ
西友 長岡 店,https://www.seiyu.co.jp/shop/%E8%A5%BF%E5%8F%8B%E9%95%B7%E5%B2%A1%E5%BA%97/,,,,長岡市,長岡市 飲食店 プロモーション会社 -おすすめ -比較 -ランキング -求人 -まとめ
r3i_10_hokurikusinetsu.pdf,https://r3.jizokukahojokin.info/doc/saitaku10/r3i_10_hokurikusinetsu.pdf,,,,長岡市,長岡市 美容室 販促企画会社 -おすすめ -比較 -ランキング -求人 -まとめ
Partners Owner パートナーズオーナー,https://jc-b.co.jp/partnersowner/,,,,長岡市,長岡市 美容室 販促企画会社 -おすすめ -比較 -ランキング -求人 -まとめ
広告 看板のご案内,https://yukyuzanyakyujou.studio.site/ad,,,,長岡市,長岡市 クリニック 広告制作会社 Web -おすすめ -比較 -ランキング -求人 -まとめ
おうちの相談窓口 長岡 店【らくすむ】,https://www.kashiwazaki-fudosan.com/pr/detail/14,,,,長岡市,長岡市 不動産 プロモーション会社 Web -おすすめ -比較 -ランキング -求人 -まとめ
会社 紹介,https://www.nishiwaki-f.co.jp/company/,,,,長岡市,長岡市 不動産 プロモーション会社 Web -おすすめ -比較 -ランキング -求人 -まとめ
ふどうさんの相談所 イオン 長岡 店,https://www.rakusumu.com/pr/detail/9,,,,長岡市,長岡市 不動産 プロモーション会社 Web -おすすめ -比較 -ランキング -求人 -まとめ
新潟・ 長岡 の 不動産 売却・査定なら,https://ierate-satei.com/,,,,長岡市,長岡市 不動産 プロモーション会社 Web -おすすめ -比較 -ランキング -求人 -まとめ
高頭 不動産 株式 会社 大手支店,https://sp.attendpark.com/shops/index.html?id=90430004,,,,長岡市,長岡市 不動産 プロモーション会社 Web -おすすめ -比較 -ランキング -求人 -まとめ
会社 紹介,https://www.greentoti.com/company/,,,,長岡市,長岡市 不動産 プロモーション会社 Web -おすすめ -比較 -ランキング -求人 -まとめ
髙頭 不動産 (株) インターネットエラベル企業情報,https://www.tsr-net.co.jp/alevel/detail/1200315_2071.html,,,,長岡市,長岡市 不動産 プロモーション会社 Web -おすすめ -比較 -ランキング -求人 -まとめ
河内 大志,https://www.shokokai.or.jp/shokokai/pdf/202207/38-39_%E5%95%867_%E5%BE%8C%E7%B6%99%E8%80%85%E3%81%AE%E6%88%A6%E7%95%A5_2102.pdf,,,,長岡市,長岡市 工務店 販促支援会社 -おすすめ -比較 -ランキング -求人 -まとめ
店舗兼用住宅,https://herbarhouse.com/plan/chouette/,,,,長岡市,長岡市 工務店 販促支援会社 -おすすめ -比較 -ランキング -求人 -まとめ
R.4年12月開催！ 起業スクール in 長岡,https://iju.na-nagaoka.jp/news/entrepreneurship_school/,,,,長岡市,長岡市 学習塾 広報支援会社 -おすすめ -比較 -ランキング -求人 -まとめ
令 和 7 年 度 当 初 予 算（案）の 概 要,https://www.city.nagaoka.niigata.jp/shisei/cate03/zaisei/file/r07g-00.pdf,,,,長岡市,長岡市 学習塾 広報支援会社 -おすすめ -比較 -ランキング -求人 -まとめ
模擬株式 会社 「 長岡 CAT」 平成27年度活動報告,https://nagaokak-h.nein.ed.jp/teach/pdf/cat.pdf,,,,長岡市,長岡市 学習塾 広報支援会社 -おすすめ -比較 -ランキング -求人 -まとめ
組合員紹介,https://nagaokait.com/member/member/,,,,長岡市,長岡市 学習塾 広報支援会社 -おすすめ -比較 -ランキング -求人 -まとめ
SNS運用 代行(年間契約),https://hiroakicamera.com/SNS%E9%81%8B%E7%94%A8%E4%BB%A3%E8%A1%8C,,,,長岡市,長岡市 店舗撮影 SNS運用会社 -おすすめ -比較 -ランキング -求人 -まとめ
SNS 用動画作成,https://eddie-eizouseisaku.com/sns%E7%94%A8%E5%8B%95%E7%94%BB%E4%BD%9C%E6%88%90/,,,,長岡市,長岡市 店舗撮影 SNS運用会社 -おすすめ -比較 -ランキング -求人 -まとめ
企業概要,https://www.azubegin.net/%E4%BC%81%E6%A5%AD%E6%A6%82%E8%A6%81,,,,長岡市,長岡市 インフルエンサーマーケティング会社 -おすすめ -比較 -ランキング -求人 -まとめ
グローカル マーケティング 株式 会社,https://www.gfp1.maff.go.jp/user/5436/about/,,,,長岡市,長岡市 LINEマーケティング会社 -おすすめ -比較 -ランキング -求人 -まとめ
事業紹介,https://www.melheui.jp/service-connective.html,,,,長岡市,長岡市 コンテンツ制作 SNS運用会社 -おすすめ -比較 -ランキング -求人 -まとめ
katharsis,https://reserva.be/katharsis/about,,,,長岡市,長岡市 ホームページ制作 Web広告運用 -おすすめ -比較 -ランキング -求人 -まとめ
アクセスアップ方法（SEO対策）,https://www.wpdc.jp/?cat=1,,,,長岡市,長岡市 ホームページ制作 Web広告運用 -おすすめ -比較 -ランキング -求人 -まとめ
1．伴走型経営 支援 の拡充 2．自己変革への 支援 と推進 3．地域 ...,https://www.nagaokacci.or.jp/files/elfinder/soumu/2023R5yosan/R05_jigyoukoumoku.pdf,,,,長岡市,長岡市 中小企業 広報マーケティング支援 -おすすめ -比較 -ランキング -求人 -まとめ
長岡市,http://211.19.29.169/sangyou/cate01/subsidy/file/r05-subsidy.pdf,,,,長岡市,長岡市 中小企業 広報マーケティング支援 -おすすめ -比較 -ランキング -求人 -まとめ
令和2年度 新潟エキスパート・バンク登録者名簿,https://foramu21.com/wp-content/uploads/2021/07/4d276c86ea96561ee9bed20f4519b301.pdf,,,,長岡市,長岡市 中小企業 広報マーケティング支援 -おすすめ -比較 -ランキング -求人 -まとめ
富山 県／【令和8年4月30日公告】とやまの食材 プロモーション 事業 ...,https://www.pref.toyama.jp/1601/sangyou/nourinsuisan/nougyou/2026pr1.html,,,,富山市,富山市 飲食店 プロモーション会社 -おすすめ -比較 -ランキング -求人 -まとめ
【第1報】採択結果（通常枠）,https://www.tonio.or.jp/cms/wp-content/uploads/bc-19_saitaku1-01.pdf,,,,富山市,富山市 飲食店 プロモーション会社 -おすすめ -比較 -ランキング -求人 -まとめ
北陸経済研究-チャレンジ（ 富山 県）,https://www.hokukei.or.jp/contents/book/challenge_toyama.html,,,,富山市,富山市 飲食店 プロモーション会社 -おすすめ -比較 -ランキング -求人 -まとめ
とやま農商工連携 マッチングフェア2026,https://chizai-portal.inpit.go.jp/madoguchi/toyama/files/docs/t1_40981fb7d1ef5b95b22bbf216ea883f8.pdf,,,,富山市,富山市 飲食店 プロモーション会社 -おすすめ -比較 -ランキング -求人 -まとめ
COMPANY,https://kamishima-beauty.com/company/,,,,富山市,富山市 美容室 販促企画会社 -おすすめ -比較 -ランキング -求人 -まとめ
お仕事紹介,https://b-morita.com/recruit/works/,,,,富山市,富山市 美容室 販促企画会社 -おすすめ -比較 -ランキング -求人 -まとめ
企 業 プ ロ フ ィー ル 欄 http://www.pro-it ...,https://toyama.doyu.jp/topics/images/1aa79770629c9063cdd1781d24f553356f8608ba.pdf,,,,富山市,富山市 美容室 販促企画会社 -おすすめ -比較 -ランキング -求人 -まとめ
富山 県,https://www.meti.go.jp/policy/mono_info_service/mono/human-design/r6_cyubu.pdf,,,,富山市,富山市 美容室 販促企画会社 -おすすめ -比較 -ランキング -求人 -まとめ
CM 制作 富山 のカメイ クリニック 様,https://tds-planner.com/tv-cm/190/,,,,富山市,富山市 クリニック 広告制作会社 Web -おすすめ -比較 -ランキング -求人 -まとめ
はじめのメンタル クリニック 様,https://parkinc.co.jp/works/1106/,,,,富山市,富山市 クリニック 広告制作会社 Web -おすすめ -比較 -ランキング -求人 -まとめ
広告 ・印刷・ ホームページ制作 -/ 富山 県,https://shoko-office.co.jp/SP/com/,,,,富山市,富山市 クリニック 広告制作会社 Web -おすすめ -比較 -ランキング -求人 -まとめ
毛利 不動産,http://toyama-sumai.net/fudosan_detail.php?gcode=595,,,,富山市,富山市 不動産 プロモーション会社 Web -おすすめ -比較 -ランキング -求人 -まとめ
会社 紹介,https://www.ts-toyama.com/company/,,,,富山市,富山市 不動産 プロモーション会社 Web -おすすめ -比較 -ランキング -求人 -まとめ
会社 紹介,https://www.aps-life.jp/company/,,,,富山市,富山市 不動産 プロモーション会社 Web -おすすめ -比較 -ランキング -求人 -まとめ
会社 案内,https://vivi-f.jp/company/,,,,富山市,富山市 不動産 プロモーション会社 Web -おすすめ -比較 -ランキング -求人 -まとめ
会社 紹介,https://www.aozora.co.jp/company/,,,,富山市,富山市 不動産 プロモーション会社 Web -おすすめ -比較 -ランキング -求人 -まとめ
<< 会社 紹介>> 富山市 の賃貸・売買なら塩谷建設   しおたに 不動産,https://www.shiotani-f.jp/company/,,,,富山市,富山市 不動産 プロモーション会社 Web -おすすめ -比較 -ランキング -求人 -まとめ
会社 紹介,https://www.ainet-f.com/company/,,,,富山市,富山市 不動産 プロモーション会社 Web -おすすめ -比較 -ランキング -求人 -まとめ
株式 会社 本田 工務店 /一級建築士事務所,https://honda-web.com/,,,,富山市,富山市 工務店 販促支援会社 -おすすめ -比較 -ランキング -求人 -まとめ
株式 会社 WARMTH 坂口 工務店,https://www.sakaguchi-k.com/,,,,富山市,富山市 工務店 販促支援会社 -おすすめ -比較 -ランキング -求人 -まとめ
会社 案内,https://shimizu21.com/corporate/,,,,富山市,富山市 工務店 販促支援会社 -おすすめ -比較 -ランキング -求人 -まとめ
施工事例 – 富山 で注文住宅,https://kknakada.co.jp/case/,,,,富山市,富山市 工務店 販促支援会社 -おすすめ -比較 -ランキング -求人 -まとめ
富山 県砺波市の 工務店 ／一級建築士事務所フラグシップ,https://flagship-style.jp/,,,,富山市,富山市 工務店 販促支援会社 -おすすめ -比較 -ランキング -求人 -まとめ
タカノホーム株式 会社,https://takanogroup.jp/company/home/,,,,富山市,富山市 工務店 販促支援会社 -おすすめ -比較 -ランキング -求人 -まとめ
アイ 工務店 (富山・ 富山市 ),https://myhome-i.net/toyama/companies/648,,,,富山市,富山市 工務店 販促支援会社 -おすすめ -比較 -ランキング -求人 -まとめ
富山 県優良住宅協会,https://www.toyama-sumau.net/,,,,富山市,富山市 工務店 販促支援会社 -おすすめ -比較 -ランキング -求人 -まとめ
コーディネーター・サポーター紹介,https://toyama-yorozushien.go.jp/coordinator/,,,,富山市,富山市 学習塾 広報支援会社 -おすすめ -比較 -ランキング -求人 -まとめ
「地域密着型金融推進計画」の進捗状況,https://www.shinkin.co.jp/tomishin/other/pdf/tiiki2503.pdf,,,,富山市,富山市 学習塾 広報支援会社 -おすすめ -比較 -ランキング -求人 -まとめ
古沢小学校のあり方検討,https://www.city.toyama.lg.jp/kosodate/shochugakko/1010451/1014675.html,,,,富山市,富山市 学習塾 広報支援会社 -おすすめ -比較 -ランキング -求人 -まとめ
コーセル創業者飴久晴氏が講師「とやま経営実践塾」18期生募集中！,https://www.jjc-net.co.jp/info/439/,,,,富山市,富山市 学習塾 広報支援会社 -おすすめ -比較 -ランキング -求人 -まとめ
しあわせる。 富山,https://seichosenryaku-toyama.com/session/index1.html,,,,富山市,富山市 学習塾 広報支援会社 -おすすめ -比較 -ランキング -求人 -まとめ
合同 会社 コトリ,https://creators-navi.jp/archives/1781,,,,富山市,富山市 店舗撮影 SNS運用会社 -おすすめ -比較 -ランキング -求人 -まとめ
SNS運用 ・ SNS 広告代行,https://movie-mobile.jp/sns/,,,,富山市,富山市 店舗撮影 SNS運用会社 -おすすめ -比較 -ランキング -求人 -まとめ
Memberメンバー紹介,https://fuuring.jp/member/,,,,富山市,富山市 インフルエンサーマーケティング会社 -おすすめ -比較 -ランキング -求人 -まとめ
ECビジネスに最適化した 物流インフラを構築します！,https://marketing.f-i-d.jp/fid_innovation/,,,,富山市,富山市 LINEマーケティング会社 -おすすめ -比較 -ランキング -求人 -まとめ
デジタル マーケティング の これまでとこれから ～変わりゆく ...,https://www2.tonio.or.jp/e.phtml?i=20758489ef42657754bb6fcef9417078,,,,富山市,富山市 LINEマーケティング会社 -おすすめ -比較 -ランキング -求人 -まとめ
SNS運用 代行(株式 会社 スプラウトさん)の詳細ページ,https://shinkin-connect.jp/search2/?mode=print&key=7108,,,,富山市,富山市 コンテンツ制作 SNS運用会社 -おすすめ -比較 -ランキング -求人 -まとめ
HP 制作 TOYAMA,https://hp-toyama.netlify.app/,,,,富山市,富山市 コンテンツ制作 SNS運用会社 -おすすめ -比較 -ランキング -求人 -まとめ
富山 県の ホームページ制作 ・ロゴ制作は【 富山 となみ 広告 ...,https://toyama-tonami.jp/,,,,富山市,富山市 ホームページ制作 Web広告運用 -おすすめ -比較 -ランキング -求人 -まとめ
富山 の ホームページ制作 ピクセルスタイル,https://pixelstyle.net/,,,,富山市,富山市 ホームページ制作 Web広告運用 -おすすめ -比較 -ランキング -求人 -まとめ
令和8年度創業・起業 支援 コース「ビジネスプラン作成講座」～事業 ...,https://www.u-toyama.ac.jp/event/130281/,,,,富山市,富山市 中小企業 広報マーケティング支援 -おすすめ -比較 -ランキング -求人 -まとめ
社外経営企画室 / Web・デザイン制作 / AIアプリ開発,https://tomodesign.co.jp/project/,,,,富山市,富山市 中小企業 広報マーケティング支援 -おすすめ -比較 -ランキング -求人 -まとめ
一般社団法人 食のチカラいしかわ,https://shokunochikara.jp/,,,,金沢市,金沢市 飲食店 プロモーション会社 -おすすめ -比較 -ランキング -求人 -まとめ
デザインサポート,https://www.mitsui-corp.co.jp/support/design/,,,,金沢市,金沢市 美容室 販促企画会社 -おすすめ -比較 -ランキング -求人 -まとめ
石川県 金沢市 でホームページ制作、Web広告運用ならColorea ...,https://colorea.colorfulcompany.co.jp/,,,,金沢市,金沢市 美容室 販促企画会社 -おすすめ -比較 -ランキング -求人 -まとめ
企業情報,https://www.isico.or.jp/company/?page=2&title=&kgyj_address=&kgyj_gaiyou=&kgyj_gyoshu[0]=3&kgyj_gyoshu[1]=15&offset=1120,,,,金沢市,金沢市 美容室 販促企画会社 -おすすめ -比較 -ランキング -求人 -まとめ
さくらノート 石川,https://sakuranote.net/area-hokuriku/ishikawa-suplist/,,,,金沢市,金沢市 美容室 販促企画会社 -おすすめ -比較 -ランキング -求人 -まとめ
サービス紹介,https://kanazawa-homepage.jp/service/,,,,金沢市,金沢市 クリニック 広告制作会社 Web -おすすめ -比較 -ランキング -求人 -まとめ
お問い合わせ,https://www.sumukuru.jp/contact,,,,金沢市,金沢市 不動産 プロモーション会社 Web -おすすめ -比較 -ランキング -求人 -まとめ
おうぎ 不動産 株式 会社 の 不動産会社 情報,https://www.rakumachi.jp/property/realtor/eYf7rHbcQM4%253D,,,,金沢市,金沢市 不動産 プロモーション会社 Web -おすすめ -比較 -ランキング -求人 -まとめ
オーナー様へ,https://www.ks-kanazawa.com/owner/,,,,金沢市,金沢市 不動産 プロモーション会社 Web -おすすめ -比較 -ランキング -求人 -まとめ
石川県 金沢市 にカスタマーサクセス拠点を開設,https://gmoretech.com/news21040101/,,,,金沢市,金沢市 不動産 プロモーション会社 Web -おすすめ -比較 -ランキング -求人 -まとめ
株式 会社 アパートマン,https://www.pref.ishikawa.lg.jp/kodomoseisaku/wlb/tourokukigyou/300.html,,,,金沢市,金沢市 不動産 プロモーション会社 Web -おすすめ -比較 -ランキング -求人 -まとめ
メディア掲載情報,https://www.kotonohaweb.com/topics/info/499/,,,,金沢市,金沢市 不動産 プロモーション会社 Web -おすすめ -比較 -ランキング -求人 -まとめ
サービス,https://morikentiku.com/service/,,,,金沢市,金沢市 工務店 販促支援会社 -おすすめ -比較 -ランキング -求人 -まとめ
リンク,https://fp-kishimoto.co.jp/pages/9/,,,,金沢市,金沢市 工務店 販促支援会社 -おすすめ -比較 -ランキング -求人 -まとめ
スタッフ紹介,https://decent-work.co.jp/staff/,,,,金沢市,金沢市 学習塾 広報支援会社 -おすすめ -比較 -ランキング -求人 -まとめ
令和6年度実施 こどもの居場所づくり 支援 体制強化事業 事例集,https://www.cfa.go.jp/assets/contents/node/basic_page/field_ref_resources/5a8a774e-7f28-4ff4-9424-09bddc0b440b/2aeb5ebf/20260325_policies_ibasho_V28SVlai_29.pdf,,,,金沢市,金沢市 学習塾 広報支援会社 -おすすめ -比較 -ランキング -求人 -まとめ
【 金沢 の自動車教習所】地域入校数1位の教習所で集客 ...,https://talent.direct.hipro-job.jp/talent/issue/4827/,,,,金沢市,金沢市 学習塾 広報支援会社 -おすすめ -比較 -ランキング -求人 -まとめ
【  香輪社】をご紹介,https://komatsu-cci.or.jp/post_member/13627,,,,金沢市,金沢市 学習塾 広報支援会社 -おすすめ -比較 -ランキング -求人 -まとめ
株式 会社 フューシャス,https://www.fucius.co.jp/,,,,金沢市,金沢市 学習塾 広報支援会社 -おすすめ -比較 -ランキング -求人 -まとめ
石川県 金沢市 の SNS運用 ならBoooM Japan,https://booom.site/,,,,金沢市,金沢市 店舗撮影 SNS運用会社 -おすすめ -比較 -ランキング -求人 -まとめ
【LIGHT UP】 清水美耶子社長インタビュー,https://the-leader.jp/interview/light-up/,,,,金沢市,金沢市 店舗撮影 SNS運用会社 -おすすめ -比較 -ランキング -求人 -まとめ
「いしかわスタイル」の取材スタッフ【完全在宅】※ショート動画 ...,https://beishin-i.co.jp/recruit_part/2428/,,,,金沢市,金沢市 店舗撮影 SNS運用会社 -おすすめ -比較 -ランキング -求人 -まとめ
WEB マーケティング mori – social first web markething,https://mori-co.com/,,,,金沢市,金沢市 インフルエンサーマーケティング会社 -おすすめ -比較 -ランキング -求人 -まとめ
今後の 金沢市 DX推進についての考察,https://www4.city.kanazawa.lg.jp/material/files/group/15/3_ooshima.pdf,,,,金沢市,金沢市 インフルエンサーマーケティング会社 -おすすめ -比較 -ランキング -求人 -まとめ
会社 案内  株式 会社 りんく,https://linq.company/corporate.html,,,,金沢市,金沢市 LINEマーケティング会社 -おすすめ -比較 -ランキング -求人 -まとめ
LINE 公式アカウントでメルマガのようなステップ配信ができる ...,https://xn--l-qfu4al0g.com/miraie_lstep/company.html,,,,金沢市,金沢市 LINEマーケティング会社 -おすすめ -比較 -ランキング -求人 -まとめ
【Relation】お客様にベストのご提案を 〜株式 会社 りんく,https://www.eiko-p.co.jp/news/%E3%80%90relation%E3%80%91%E3%81%8A%E5%AE%A2%E6%A7%98%E3%81%AB%E3%83%99%E3%82%B9%E3%83%88%E3%81%AE%E3%81%94%E6%8F%90%E6%A1%88%E3%82%92-%E3%80%9C%E6%A0%AA%E5%BC%8F%E4%BC%9A%E7%A4%BE%E3%82%8A%E3%82%93/,,,,金沢市,金沢市 LINEマーケティング会社 -おすすめ -比較 -ランキング -求人 -まとめ
株式 会社 わくわく – ビジネスに、わくわくを。EC・ マーケティング ...,https://exciting.co.jp/,,,,金沢市,金沢市 LINEマーケティング会社 -おすすめ -比較 -ランキング -求人 -まとめ
Lステップ導入・設計支援,https://kanazawa.ai/service/l%E3%82%B9%E3%83%86%E3%83%83%E3%83%97%E5%B0%8E%E5%85%A5%E3%83%BB%E8%A8%AD%E8%A8%88%E6%94%AF%E6%8F%B4/,,,,金沢市,金沢市 LINEマーケティング会社 -おすすめ -比較 -ランキング -求人 -まとめ
1. 県の補助金・助成金,http://www.icnet.or.jp/jyoho/kaiho/no99.pdf,,,,金沢市,金沢市 中小企業 広報マーケティング支援 -おすすめ -比較 -ランキング -求人 -まとめ
金沢市 の ホームページ制作 ・ショッピングサイト,https://yokuwebservice.com/,,,,金沢市,金沢市 ホームページ制作 Web広告運用 -おすすめ -比較 -ランキング -求人 -まとめ
金沢市 金沢 ホームページ制作 SEO対策,https://yuushoo.sakura.ne.jp/yuushoo/company/index.html,,,,金沢市,金沢市 ホームページ制作 Web広告運用 -おすすめ -比較 -ランキング -求人 -まとめ
「ふくいの恵み」 PR 活動,https://www.city.fukui.lg.jp/sigoto/syoukou/renkei/megumipr.html,,,,福井市,福井市 飲食店 プロモーション会社 -おすすめ -比較 -ランキング -求人 -まとめ
会員について,https://www.fuku-e.com/member/index_5_0______.html,,,,福井市,福井市 飲食店 プロモーション会社 -おすすめ -比較 -ランキング -求人 -まとめ
福井 県水産バリューチェーン改善協議会 福井 県産水産物のブランド ...,https://www.jfa.maff.go.jp/j/kakou/attach/pdf/value_chain-129.pdf,,,,福井市,福井市 飲食店 プロモーション会社 -おすすめ -比較 -ランキング -求人 -まとめ
会社 概要,https://fbconpai.com/company.html,,,,福井市,福井市 飲食店 プロモーション会社 -おすすめ -比較 -ランキング -求人 -まとめ
コピーライティング【初級編】 福井 大樹氏、奥耕平氏,https://www.osakadc.jp/seminar-event/3641/,,,,福井市,福井市 美容室 販促企画会社 -おすすめ -比較 -ランキング -求人 -まとめ
豊栄産業株式 会社 会社 概要,https://hoeisangyo.co.jp/corporate.htm,,,,福井市,福井市 美容室 販促企画会社 -おすすめ -比較 -ランキング -求人 -まとめ
Support Program,https://1217.latowa.jp/program/,,,,福井市,福井市 美容室 販促企画会社 -おすすめ -比較 -ランキング -求人 -まとめ
管理番号,https://www.shokokai-fukui.or.jp/fukuiwp/wp-content/uploads/2022/12/ippan_9ji-saitaku_List.pdf,,,,福井市,福井市 美容室 販促企画会社 -おすすめ -比較 -ランキング -求人 -まとめ
東京・ 福井 で個人店向けホームページ作成・デジタルサイネージ ...,https://shinkuro.co.jp/,,,,福井市,福井市 クリニック 広告制作会社 Web -おすすめ -比較 -ランキング -求人 -まとめ
京福エージェンシー: HOME,https://kf-a.net/,,,,福井市,福井市 不動産 プロモーション会社 Web -おすすめ -比較 -ランキング -求人 -まとめ
オンライン相談ご予約 Web Interview Reserve,https://estate.nokki.co.jp/contact/reserve-web,,,,福井市,福井市 不動産 プロモーション会社 Web -おすすめ -比較 -ランキング -求人 -まとめ
福井 県の新築・中古住宅検索,https://elpis.co.jp/sale/housing,,,,福井市,福井市 不動産 プロモーション会社 Web -おすすめ -比較 -ランキング -求人 -まとめ
坂井 不動産 有限 会社,http://sakaifudousan.web.fc2.com/,,,,福井市,福井市 不動産 プロモーション会社 Web -おすすめ -比較 -ランキング -求人 -まとめ
福井市 インタビュー,https://www.cbre.co.jp/properties/column/office/feature/hokuriku_area_research-fukui/hokuriku_area_research_03,,,,福井市,福井市 不動産 プロモーション会社 Web -おすすめ -比較 -ランキング -求人 -まとめ
全ページ,https://www.k-jyuken.jp/all.html,,,,福井市,福井市 工務店 販促支援会社 -おすすめ -比較 -ランキング -求人 -まとめ
滋賀,https://sanogumi.net/smarts/index/7/,,,,福井市,福井市 工務店 販促支援会社 -おすすめ -比較 -ランキング -求人 -まとめ
【聴講者募集】第8回 福井 ベンチャーピッチ（リアル＆オンライン ...,https://www.s-project.biz/seminar/fvp8,,,,福井市,福井市 工務店 販促支援会社 -おすすめ -比較 -ランキング -求人 -まとめ
TASSAY COMPANY PROFILE,https://www.tassay.co.jp/sites/default/files/documents/company-profile.pdf,,,,福井市,福井市 工務店 販促支援会社 -おすすめ -比較 -ランキング -求人 -まとめ
企業情報 アーカイブ,https://step-ing.jp/company/,,,,福井市,福井市 工務店 販促支援会社 -おすすめ -比較 -ランキング -求人 -まとめ
丹青社 地域創生 支援 室,https://www.tanseisha.co.jp/resource/Tanseisha_Chiiki-Sousei-Shiennshitsu.pdf,,,,福井市,福井市 工務店 販促支援会社 -おすすめ -比較 -ランキング -求人 -まとめ
テックキャンプの株式 会社 div、 福井 県の（公財）ふくい産業 支援 ...,https://di-v.co.jp/press/20230817-2,,,,福井市,福井市 学習塾 広報支援会社 -おすすめ -比較 -ランキング -求人 -まとめ
さばえビジネススキルアップスクール2026開催,https://www.sabaecci.or.jp/latest_information/%E3%81%95%E3%81%B0%E3%81%88%E3%83%93%E3%82%B8%E3%83%8D%E3%82%B9%E3%82%B9%E3%82%AD%E3%83%AB%E3%82%A2%E3%83%83%E3%83%97%E3%82%B9%E3%82%AF%E3%83%BC%E3%83%AB2026%E9%96%8B%E5%82%AC%E3%80%80%E3%80%80/,,,,福井市,福井市 学習塾 広報支援会社 -おすすめ -比較 -ランキング -求人 -まとめ
アオハルプロジェクト,https://www.playerschool.jp/works/works_studentplayer/6165/,,,,福井市,福井市 学習塾 広報支援会社 -おすすめ -比較 -ランキング -求人 -まとめ
西村 星彌,https://www.sindan-fukui.jp/member/detail.php?id=99,,,,福井市,福井市 店舗撮影 SNS運用会社 -おすすめ -比較 -ランキング -求人 -まとめ
SNS の活用＋写真 撮影 勉強会を開催しました,https://www.fukui-dxlab.com/20220831-snsphoto/,,,,福井市,福井市 店舗撮影 SNS運用会社 -おすすめ -比較 -ランキング -求人 -まとめ
PRワイヤー,https://corp.kyodo-d.jp/service/solution/prwire/?rid=202211079337,,,,福井市,福井市 インフルエンサーマーケティング会社 -おすすめ -比較 -ランキング -求人 -まとめ
TikTok支援を得意とするmeme（ミーム）と資本業務提携へ,https://www.nihon-ma.co.jp/news/20221116_9254/,,,,福井市,福井市 インフルエンサーマーケティング会社 -おすすめ -比較 -ランキング -求人 -まとめ
会社 概要,https://big-mac.co.jp/company/data/,,,,福井市,福井市 インフルエンサーマーケティング会社 -おすすめ -比較 -ランキング -求人 -まとめ
つながりで 福井 の地方創生を,https://fukui-sdgs.jp/about/,,,,福井市,福井市 LINEマーケティング会社 -おすすめ -比較 -ランキング -求人 -まとめ
Web マーケティング 代行・Web広告運用代行は株式 会社 TONOSAMA,https://tono-webmarketing.com/,,,,福井市,福井市 LINEマーケティング会社 -おすすめ -比較 -ランキング -求人 -まとめ
運営 会社 「TONOSAMA」について,https://fun-more.net/about-us,,,,福井市,福井市 LINEマーケティング会社 -おすすめ -比較 -ランキング -求人 -まとめ
マーケティング・プロモーション支援,https://sf.vss.co.jp/service/promotion/,,,,福井市,福井市 コンテンツ制作 SNS運用会社 -おすすめ -比較 -ランキング -求人 -まとめ
福井 県坂井市の ホームページ制作 デザイン事務所【はちむすび】,https://hachimusubi.com/,,,,福井市,福井市 ホームページ制作 Web広告運用 -おすすめ -比較 -ランキング -求人 -まとめ
コーディネーターページ,https://yorozu-fukui.go.jp/page_coordinator/1/,,,,福井市,福井市 中小企業 広報マーケティング支援 -おすすめ -比較 -ランキング -求人 -まとめ
福井 県の事業者向け 支援 制度のご案内,https://www.pref.fukui.lg.jp/doc/sanroubu/shien.html,,,,福井市,福井市 中小企業 広報マーケティング支援 -おすすめ -比較 -ランキング -求人 -まとめ
2022 fisc総合パンフレット,https://www.fisc.jp/main/wp-content/uploads/2024/02/2022_sougou.pdf,,,,福井市,福井市 中小企業 広報マーケティング支援 -おすすめ -比較 -ランキング -求人 -まとめ
福井 県立大学 広報 誌 FPU NEWS 第120号 2023 秋号,https://web-pamphlet.jp/fpu/2023e5/pageindices/index7.html,,,,福井市,福井市 中小企業 広報マーケティング支援 -おすすめ -比較 -ランキング -求人 -まとめ
新規事業と会社の 認知度アップへ マーケティング 強化,https://ikoc.net/fukuilabo/asset/pdf/report_profile_2024-2.pdf,,,,福井市,福井市 中小企業 広報マーケティング支援 -おすすめ -比較 -ランキング -求人 -まとめ
しずおか 広報 ・マーケサミット2026 申込フォーム,https://bcform.at-s.com/form/seminar96?k3ad=ats,,,,福井市,福井市 中小企業 広報マーケティング支援 -おすすめ -比較 -ランキング -求人 -まとめ
飲食 向け,https://omisemove.net/?page_id=338,,,,長野市,長野市 飲食店 プロモーション会社 -おすすめ -比較 -ランキング -求人 -まとめ
飲食業・宿泊業向けセミナー『訪日外国人旅行者をトラブル ...,https://www.city.nagano.nagano.jp/n150800/contents/p005746.html,,,,長野市,長野市 飲食店 プロモーション会社 -おすすめ -比較 -ランキング -求人 -まとめ
ナガメシー参加 飲食店 の皆様,https://www.nagano-cci.or.jp/ncci/20211282.html,,,,長野市,長野市 飲食店 プロモーション会社 -おすすめ -比較 -ランキング -求人 -まとめ
外国人観光客に 長野 の旅を楽しんでもらうための 「インバウンドの ...,https://www.bm-award.org/entry/612/,,,,長野市,長野市 飲食店 プロモーション会社 -おすすめ -比較 -ランキング -求人 -まとめ
戸谷 尚弘さん,https://nagano-citypromotion.com/movie/382/,,,,長野市,長野市 飲食店 プロモーション会社 -おすすめ -比較 -ランキング -求人 -まとめ
株式 会社 マーキュリー 長野 営業所,https://www.shukatsu-nagano.jp/company_info/24168.html,,,,長野市,長野市 飲食店 プロモーション会社 -おすすめ -比較 -ランキング -求人 -まとめ
長野,https://www.din-group.co.jp/works/area/nagano/,,,,長野市,長野市 飲食店 プロモーション会社 -おすすめ -比較 -ランキング -求人 -まとめ
会社 情報,https://potela.co.jp/company/,,,,長野市,長野市 美容室 販促企画会社 -おすすめ -比較 -ランキング -求人 -まとめ
一般財団法人ブランド・マネージャー認定協会のご案内,https://www.brand-mgr.org/pamphlet/pageindices/index9.html,,,,長野市,長野市 美容室 販促企画会社 -おすすめ -比較 -ランキング -求人 -まとめ
主な事業内容 所在地 東京都 温浴施設メンテナンス 東京都千代田区 ...,https://japan-spa.org/wp-content/uploads/2025/07/20250722%E5%85%A8%E5%9B%BD%E6%B8%A9%E6%B5%B4%E6%96%BD%E8%A8%AD%E5%8D%94%E4%BC%9A_%E8%B3%9B%E5%8A%A9%E4%BC%9A%E5%93%A1%E5%90%8D%E7%B0%BF%EF%BC%8825%E5%B9%B47%E6%9C%881%E6%97%A5%EF%BC%89.pdf,,,,長野市,長野市 美容室 販促企画会社 -おすすめ -比較 -ランキング -求人 -まとめ
プロフィールページ Profile ビューティーライン舞夢 オフィシャル ...,http://beautyline.maimujp.com/Profile.html,,,,長野市,長野市 美容室 販促企画会社 -おすすめ -比較 -ランキング -求人 -まとめ
会社 案内,https://e-office.gr.jp/medical/company,,,,長野市,長野市 クリニック 広告制作会社 Web -おすすめ -比較 -ランキング -求人 -まとめ
提案事例,https://www.nicco-kk.co.jp/works/,,,,長野市,長野市 クリニック 広告制作会社 Web -おすすめ -比較 -ランキング -求人 -まとめ
ホームページ 制作 ・保守・管理お任せ,https://gwave.jp/web/,,,,長野市,長野市 クリニック 広告制作会社 Web -おすすめ -比較 -ランキング -求人 -まとめ
ホーム・キュア ー 女性のための 不動産 屋,https://www.homecure.co.jp/,,,,長野市,長野市 不動産 プロモーション会社 Web -おすすめ -比較 -ランキング -求人 -まとめ
長野県 長野市 の家売却なら 長野市 土地・建物売却相談センター,https://chi-ken.co.jp/,,,,長野市,長野市 不動産 プロモーション会社 Web -おすすめ -比較 -ランキング -求人 -まとめ
会社 紹介,https://www.meikoh-fudousan.co.jp/company/,,,,長野市,長野市 不動産 プロモーション会社 Web -おすすめ -比較 -ランキング -求人 -まとめ
Contact お問い合わせ,https://www.me-rise-fudosan.jp/contact,,,,長野市,長野市 不動産 プロモーション会社 Web -おすすめ -比較 -ランキング -求人 -まとめ
八ヶ岳ライフ株式 会社 （ 長野 県茅野市）の,https://mahoroba.co.jp/archives/3739,,,,長野市,長野市 不動産 プロモーション会社 Web -おすすめ -比較 -ランキング -求人 -まとめ
平成27年度（2015年度）報道提供資料,https://www.city.kawachinagano.lg.jp/soshiki/33/3143.html,,,,長野市,長野市 不動産 プロモーション会社 Web -おすすめ -比較 -ランキング -求人 -まとめ
LOCASネットワーク,https://inomarketino.com/network/locas/,,,,長野市,長野市 工務店 販促支援会社 -おすすめ -比較 -ランキング -求人 -まとめ
LOCAS Brand Builders Network,https://locas.co.jp/applybbn/,,,,長野市,長野市 工務店 販促支援会社 -おすすめ -比較 -ランキング -求人 -まとめ
LPF事業について,https://green-harmonic.com/lpf/,,,,長野市,長野市 工務店 販促支援会社 -おすすめ -比較 -ランキング -求人 -まとめ
長野市 の経営者と共に新規事業を立ち上げながら起業を目指す ...,https://shinki-shinshu.jp/archive/2791/,,,,長野市,長野市 工務店 販促支援会社 -おすすめ -比較 -ランキング -求人 -まとめ
建設・不動産DX 会社 7社による住宅事業者の経営者・管理者様向け ...,https://townlife.co.jp/uncategorized/townlife-webinar-2024/,,,,長野市,長野市 工務店 販促支援会社 -おすすめ -比較 -ランキング -求人 -まとめ
住まいの文化座,https://lbyu-net.com/bunkaza/data/01.pdf,,,,長野市,長野市 工務店 販促支援会社 -おすすめ -比較 -ランキング -求人 -まとめ
学習塾 の注力事業を見定めて売上増を目指す,https://www.nice-o.or.jp/case/case-60387/,,,,長野市,長野市 学習塾 広報支援会社 -おすすめ -比較 -ランキング -求人 -まとめ
古賀塾アドバンス 古賀 賢一 代表,https://www.nagano-cgc.or.jp/yumeoibito/yumeoibito588/,,,,長野市,長野市 学習塾 広報支援会社 -おすすめ -比較 -ランキング -求人 -まとめ
【公式】KATEKYOグループ,https://www.katekyo-group.com/company/,,,,長野市,長野市 学習塾 広報支援会社 -おすすめ -比較 -ランキング -求人 -まとめ
学校が全てだった地域の子どもの視野を広げ、学ぶ楽しさを伝える,https://www.sentankyo.jp/articles/a2b39299-9551-41a0-9dc2-6901516b18cb,,,,長野市,長野市 学習塾 広報支援会社 -おすすめ -比較 -ランキング -求人 -まとめ
"""塾と子ども部屋をつなげる"" 学習 サービス「StudyOne」2022年6月 ...",https://www.epson.jp/osirase/2022/220526.htm,,,,長野市,長野市 学習塾 広報支援会社 -おすすめ -比較 -ランキング -求人 -まとめ
株式 会社 タスクールPlusと「産業振興に係る包括連携協定」を締結 ...,https://www.town-kiso.com/chousei/kouhou/100280/102063/,,,,長野市,長野市 学習塾 広報支援会社 -おすすめ -比較 -ランキング -求人 -まとめ
動画・画像 撮影,https://morthan.jp/prmovies-images/,,,,長野市,長野市 店舗撮影 SNS運用会社 -おすすめ -比較 -ランキング -求人 -まとめ
簡単！3分で終わる！お客様の声大募集！【大人 撮影 用】 -,https://www.shaleny.com/planning/customervoice-adult/,,,,長野市,長野市 店舗撮影 SNS運用会社 -おすすめ -比較 -ランキング -求人 -まとめ
外国人 インフルエンサー,https://touchtv.jp/column_category/%E5%A4%96%E5%9B%BD%E4%BA%BA%E3%82%A4%E3%83%B3%E3%83%95%E3%83%AB%E3%82%A8%E3%83%B3%E3%82%B5%E3%83%BC/,,,,長野市,長野市 インフルエンサーマーケティング会社 -おすすめ -比較 -ランキング -求人 -まとめ
LocaLink インフルエンサー 『ナガノノ』が 長野 県内の企業向け ...,https://www.localink.co.jp/contents/naganono-seminar/,,,,長野市,長野市 インフルエンサーマーケティング会社 -おすすめ -比較 -ランキング -求人 -まとめ
UUUMと大阪府河内 長野市 が包括連携協定を締結〜全国で6例目,https://www.uuum.co.jp/news/158542,,,,長野市,長野市 インフルエンサーマーケティング会社 -おすすめ -比較 -ランキング -求人 -まとめ
公式 LINE アカウント構築＆運用,https://tobira-test.studio.site/line,,,,長野市,長野市 LINEマーケティング会社 -おすすめ -比較 -ランキング -求人 -まとめ
合同 会社 案在企画室,https://an-ki.jp/,,,,長野市,長野市 コンテンツ制作 SNS運用会社 -おすすめ -比較 -ランキング -求人 -まとめ
Webサイト 制作,https://doa-inc.jp/web/,,,,長野市,長野市 コンテンツ制作 SNS運用会社 -おすすめ -比較 -ランキング -求人 -まとめ
Lotus株式会社,https://n-creator.com/webdesign,,,,長野市,長野市 ホームページ制作 Web広告運用 -おすすめ -比較 -ランキング -求人 -まとめ
デザイン･商品開発,https://nagano-yorozu.go.jp/c_theme/c_design,,,,長野市,長野市 中小企業 広報マーケティング支援 -おすすめ -比較 -ランキング -求人 -まとめ
共創推進パートナーの就任について 1 登用する案件の概要 ...,https://www.pref.nagano.lg.jp/koho/documents/20230421press1-2.pdf,,,,長野市,長野市 中小企業 広報マーケティング支援 -おすすめ -比較 -ランキング -求人 -まとめ
クリエイティブ・ビジネスコンサルティング,https://atfnagano.co.jp/2022-juntop/creative-business-consulting/,,,,長野市,長野市 中小企業 広報マーケティング支援 -おすすめ -比較 -ランキング -求人 -まとめ
その広告費､本当に効いていますか?,https://cci.shimosuwa.nagano.jp/archives/001/202606/%E5%BA%83%E5%91%8A%E6%9C%89%E5%8A%B9%E6%B4%BB%E7%94%A8%E3%82%BB%E3%83%9F%E3%83%8A%E3%83%BC.pdf,,,,長野市,長野市 中小企業 広報マーケティング支援 -おすすめ -比較 -ランキング -求人 -まとめ
ツギテについて,https://tsugi-te.jp/about/,,,,長野市,長野市 中小企業 広報マーケティング支援 -おすすめ -比較 -ランキング -求人 -まとめ
届出組織検索結果,https://itca.my.site.com/itcpnotificationdetailpage?p=bpKHJeHYXaKmjYbfrI2EsU%2BDzKTChX4g2giQaYpzEQT%2FxalOjGOXy4pGD1lqSgmlqzD%2F05Rmhmh1UJ3WlX9ofcBPl90XE1aU%2Fc%2BmnyYSYGxSOwZsQBGjIxCIivfEbb8tzZr7iq%2Bsz7T5lNrgCCqLpQ0iKq8oE64CuZ8KAMnzIDKMdguLZBTefP3avie2JsAyenFiYVokPv9xyPWa%2Fa23ir16WbYtjBsiWi8tGagm8TEnXA8wZEvN5iId4ucx06j49MGjyoXm1bjx8JLTpUKvIVOHESjRv0ZxPy%2FdZKxLszbmUooFwGX6FxJFxeP9ZgjPsT%2F9V9VLOVNWcBPa79RUwq%2B6IP3tz5v3umBrGLGSg4PdhErCFc4zC8kK85RXQmLW0p6GJ7BKePZFpQZ2rS5hDTf8RdknPqxRSUvUgEW%2BgSF7%2BWQ6SQV2oaa7H7%2BZ5jEHBuONaZdfcU0pw0qN%2Bb9F1w%3D%3D,,,,長野市,長野市 中小企業 広報マーケティング支援 -おすすめ -比較 -ランキング -求人 -まとめ
観光 プロモーション 動画,https://sankaku-do.co.jp/tourism,,,,松本市,松本市 飲食店 プロモーション会社 -おすすめ -比較 -ランキング -求人 -まとめ
株式 会社 CS-C、食の多様性に対応した 飲食店 等の受入環境整備事業 ...,https://s-cs-c.com/news/20260107/,,,,松本市,松本市 飲食店 プロモーション会社 -おすすめ -比較 -ランキング -求人 -まとめ
【公式】しあわせバイ信州ウェブサイト,https://buy-shinshu.com/,,,,松本市,松本市 飲食店 プロモーション会社 -おすすめ -比較 -ランキング -求人 -まとめ
「ワンウェイプラスチック削減ミッション」の取組み,https://3r-forum.jp/activity/seminar_symposium/2024/20241223/files/happyojirei_1.pdf,,,,松本市,松本市 飲食店 プロモーション会社 -おすすめ -比較 -ランキング -求人 -まとめ
株式 会社 サンポー 松本店/ 松本市 の詳細情報【 店舗 ネットワーク】,https://www.temponw.com/shop_detail?company_code=0006&branch_code=0001&prefectures_code=20&name_j=%E9%95%B7%E9%87%8E%E7%9C%8C,,,,松本市,松本市 飲食店 プロモーション会社 -おすすめ -比較 -ランキング -求人 -まとめ
野県 松本 文化会館（キッセイ文化ホール） 飲食店 運営事業者 募集要項,https://www.matsubun.jp/news/docs/03879234fae02a02b9ce475d01334124fe1d99a5.pdf,,,,松本市,松本市 飲食店 プロモーション会社 -おすすめ -比較 -ランキング -求人 -まとめ
観光振興事業（公 1）,https://www.himeji-kanko.jp/pdf/bureau/r01-houkoku.pdf,,,,松本市,松本市 飲食店 プロモーション会社 -おすすめ -比較 -ランキング -求人 -まとめ
飲食業プロデュース、レストラン・ネイルサロン経営のOUTPUT ...,https://out-put.co.jp/,,,,松本市,松本市 美容室 販促企画会社 -おすすめ -比較 -ランキング -求人 -まとめ
販促 ツール,https://works-zero.jp/works/project/tool/,,,,松本市,松本市 美容室 販促企画会社 -おすすめ -比較 -ランキング -求人 -まとめ
【まつもとコネクト#29】地方での「フリーランスの働き方」を考える,https://knowers.jp/9103/,,,,松本市,松本市 美容室 販促企画会社 -おすすめ -比較 -ランキング -求人 -まとめ
松本市 ・塩尻市・安曇野市の 不動産 売却はお任せください！,https://www.sunpro-estate.jp/sell,,,,松本市,松本市 不動産 プロモーション会社 Web -おすすめ -比較 -ランキング -求人 -まとめ
<< 会社 紹介>>長野県 松本市 の 不動産 なら株式 会社 サクセスライフ,https://www.sakusesulife.com/company/,,,,松本市,松本市 不動産 プロモーション会社 Web -おすすめ -比較 -ランキング -求人 -まとめ
りのべる 不動産,https://estate.re-novel.jp/,,,,松本市,松本市 不動産 プロモーション会社 Web -おすすめ -比較 -ランキング -求人 -まとめ
松本 義隆,https://jp.linkedin.com/in/%E7%BE%A9%E9%9A%86-%E6%9D%BE%E6%9C%AC-40831336,,,,松本市,松本市 不動産 プロモーション会社 Web -おすすめ -比較 -ランキング -求人 -まとめ
一般社団法人ソマミチ 様,https://chiikino.jp/consulting/%E4%B8%80%E8%88%AC%E7%A4%BE%E5%9B%A3%E6%B3%95%E4%BA%BA%E3%82%BD%E3%83%9E%E3%83%9F%E3%83%81-%E6%A7%98/,,,,松本市,松本市 工務店 販促支援会社 -おすすめ -比較 -ランキング -求人 -まとめ
松本 商工会議所,https://www.mcci.jp/wp-content/uploads/2022/07/a13ce18dca14649f1b0254c5a327cac9.pdf,,,,松本市,松本市 工務店 販促支援会社 -おすすめ -比較 -ランキング -求人 -まとめ
会員企業,https://kakogawa-cci.or.jp/member,,,,松本市,松本市 工務店 販促支援会社 -おすすめ -比較 -ランキング -求人 -まとめ
ビジネスステーション21とは,https://www.bs21.jp/about-bs,,,,松本市,松本市 工務店 販促支援会社 -おすすめ -比較 -ランキング -求人 -まとめ
環境教育情報,https://www.city.matsumoto.nagano.jp/soshiki/51/4544.html,,,,松本市,松本市 学習塾 広報支援会社 -おすすめ -比較 -ランキング -求人 -まとめ
『集患できる 広報 ＆患者満足度アンケート』,https://www.mirai-keiei.net/topics/1383,,,,松本市,松本市 学習塾 広報支援会社 -おすすめ -比較 -ランキング -求人 -まとめ
松本市 の新聞社［松本市民タイムス］にて太陽学園松本校の記事が ...,https://taiyogakuen.jp/2026/04/10/%E6%9D%BE%E6%9C%AC%E5%B8%82%E6%B0%91%E3%82%BF%E3%82%A4%E3%83%A0%E3%82%B9%E3%81%AB%E3%81%A6%E3%80%8E%E5%A4%AA%E9%99%BD%E5%AD%A6%E5%9C%92%E6%9D%BE%E6%9C%AC%E6%A0%A1%E3%80%8F%E3%81%AE%E8%A8%98%E4%BA%8B/,,,,松本市,松本市 学習塾 広報支援会社 -おすすめ -比較 -ランキング -求人 -まとめ
長野県 松本市 全ての子どもたちがともに遊び・学ぶインクルーシブ ...,https://www.iij.ad.jp/news/iijnews/vol_189/detail_05.html,,,,松本市,松本市 学習塾 広報支援会社 -おすすめ -比較 -ランキング -求人 -まとめ
令和5年4月23日 執行,https://prod-cdn.go2senkyo.com/public/senkyo_koho/23428/%E5%BA%83%E5%A0%B1212%E6%9D%BE%E6%9C%AC%E5%B8%82%E8%AD%B0%E4%BC%9A%E8%AD%B0%E5%93%A1%E9%81%B8%E6%8C%99_23428_44845_compressed.pdf,,,,松本市,松本市 学習塾 広報支援会社 -おすすめ -比較 -ランキング -求人 -まとめ
2026年度「のぞみみらい子ども・若者応援基金」,https://www.mirai-kikin.or.jp/crown-program/7190/,,,,松本市,松本市 学習塾 広報支援会社 -おすすめ -比較 -ランキング -求人 -まとめ
会社 概要／組織図,https://group.kyoshin.co.jp/corporate/outline/,,,,松本市,松本市 学習塾 広報支援会社 -おすすめ -比較 -ランキング -求人 -まとめ
松本市 社会福祉協議会公式 SNS アカウント 運用 方針,https://www.syakyo-matsumoto.or.jp/upload/pdf/SNS%E9%81%8B%E7%94%A8%E6%96%B9%E9%87%9D.pdf,,,,松本市,松本市 店舗撮影 SNS運用会社 -おすすめ -比較 -ランキング -求人 -まとめ
2024年度 新たに9つの自治体サポート開始,https://earth-corporation.co.jp/works/525,,,,松本市,松本市 インフルエンサーマーケティング会社 -おすすめ -比較 -ランキング -求人 -まとめ
【プロ紹介】 LINE マーケター／ 松本 みきさん,https://www.port.soa-r.net/post/miki-matsumoto,,,,松本市,松本市 LINEマーケティング会社 -おすすめ -比較 -ランキング -求人 -まとめ
哲学を土台に圧倒的な商品力と営業力で業界をリードし続ける ...,https://listen-web.com/story/matsumoto-sena2,,,,松本市,松本市 LINEマーケティング会社 -おすすめ -比較 -ランキング -求人 -まとめ
私たちについて,https://tsumugistudioofficial.com/about,,,,松本市,松本市 コンテンツ制作 SNS運用会社 -おすすめ -比較 -ランキング -求人 -まとめ
松本市 ・安曇野市の格安 ホームページ制作 サービス「マカセル ...,https://jquerypicture.com/,,,,松本市,松本市 ホームページ制作 Web広告運用 -おすすめ -比較 -ランキング -求人 -まとめ
エービーシー株式会社,http://www.abc-ad.co.jp/contact/,,,,松本市,松本市 ホームページ制作 Web広告運用 -おすすめ -比較 -ランキング -求人 -まとめ
松本 ものづくり産業 支援 センター メールマガジン [No.349],https://www.m-isc.jp/mailmagazine/mailmagazine-349/,,,,松本市,松本市 中小企業 広報マーケティング支援 -おすすめ -比較 -ランキング -求人 -まとめ
Webメディア「小さな組織の未来学」 地方都市展開計画,https://www.norkresearch.co.jp/pdf/sousei.pdf,,,,松本市,松本市 中小企業 広報マーケティング支援 -おすすめ -比較 -ランキング -求人 -まとめ
東京都 中小企業 診断士協会 城南支部のご紹介,https://www.rmcjohnan.org/wp_kanri/wp-content/uploads/2022/03/be673617695939a4bc9feeb607e93da6.pdf,,,,松本市,松本市 中小企業 広報マーケティング支援 -おすすめ -比較 -ランキング -求人 -まとめ
経営改善,https://tochigi-yorozu.go.jp/wp/wp-content/uploads/2026/04/leaflet2026.pdf,,,,松本市,松本市 中小企業 広報マーケティング支援 -おすすめ -比較 -ランキング -求人 -まとめ
会員紹介,https://www.shindan-hg.com/member,,,,松本市,松本市 中小企業 広報マーケティング支援 -おすすめ -比較 -ランキング -求人 -まとめ
信州100年 企業 創出プログラム,https://www.shinshu-u.ac.jp/project/100nen_kigyo/news_imges/89426af5998360313f45f0aab5f4ebcd.pdf,,,,松本市,松本市 中小企業 広報マーケティング支援 -おすすめ -比較 -ランキング -求人 -まとめ
「～I will be back !～愛する 甲府 の 飲食店 等緊急応援プロジェクト」は,https://kofucci.or.jp/news/20200412/,,,,甲府市,甲府市 飲食店 プロモーション会社 -おすすめ -比較 -ランキング -求人 -まとめ
甲府市 及び市内企業とスタートアップ企業のマッチング事業,https://www.city.kofu.yamanashi.jp/sangyouricchi/startup_matching.html,,,,甲府市,甲府市 飲食店 プロモーション会社 -おすすめ -比較 -ランキング -求人 -まとめ
観光協会会員企業,https://kofu-tourism.com/feature/Campany/1,,,,甲府市,甲府市 飲食店 プロモーション会社 -おすすめ -比較 -ランキング -求人 -まとめ
山梨県／ 飲食店 関係者、メディア向け産地見学会,https://www.pref.yamanashi.jp/nou-han/shinchaku/r7ethical_tour1.html,,,,甲府市,甲府市 飲食店 プロモーション会社 -おすすめ -比較 -ランキング -求人 -まとめ
甲府市 産業支援サイト,https://www.kofu-sangyo.jp/,,,,甲府市,甲府市 飲食店 プロモーション会社 -おすすめ -比較 -ランキング -求人 -まとめ
食品ロス削減マッチングサービス「 甲府 タベスケ」,https://tabesuke.jp/jichitai/kohu_tabesuke/,,,,甲府市,甲府市 飲食店 プロモーション会社 -おすすめ -比較 -ランキング -求人 -まとめ
kofu 甲府市 100人カイギ,https://100ninkaigi.com/area/kofu,,,,甲府市,甲府市 飲食店 プロモーション会社 -おすすめ -比較 -ランキング -求人 -まとめ
平成27年9月,https://www.biyou-yamanashi.net/wp/wp-content/uploads/2018/04/sanbikaihou_h27_09.pdf,,,,甲府市,甲府市 美容室 販促企画会社 -おすすめ -比較 -ランキング -求人 -まとめ
美容 の経営プラン 2012年2月号 No.368,https://hairmode.jp/product/plan/jm2309/,,,,甲府市,甲府市 美容室 販促企画会社 -おすすめ -比較 -ランキング -求人 -まとめ
カタログ制作,https://visipri.com/contents/contents46.php?srsltid=AfmBOop2s079rqHEdimi7yoMRi3NzJORa08rOQ4FJRRNXjDog2iocJ6P,,,,甲府市,甲府市 美容室 販促企画会社 -おすすめ -比較 -ランキング -求人 -まとめ
企業のあり方が大きく変わったウィズ・コロナ時代の 美容 業界を ...,https://www.esthe.news/posts/39033,,,,甲府市,甲府市 美容室 販促企画会社 -おすすめ -比較 -ランキング -求人 -まとめ
PROJECT RESULTS,http://www.jac-jac.co.jp/results,,,,甲府市,甲府市 美容室 販促企画会社 -おすすめ -比較 -ランキング -求人 -まとめ
「JUMP九州2011」 ジョイントセミナー,https://www.jagat.or.jp/past_archives/content/view/2587.html,,,,甲府市,甲府市 美容室 販促企画会社 -おすすめ -比較 -ランキング -求人 -まとめ
甲府 店,https://is-kikaku.co.jp/business/hokenclinic/kofu/,,,,甲府市,甲府市 クリニック 広告制作会社 Web -おすすめ -比較 -ランキング -求人 -まとめ
株式 会社 JRC,https://japan-rc.co.jp/,,,,甲府市,甲府市 不動産 プロモーション会社 Web -おすすめ -比較 -ランキング -求人 -まとめ
会社 紹介,https://www.tomioka-y.co.jp/company/,,,,甲府市,甲府市 不動産 プロモーション会社 Web -おすすめ -比較 -ランキング -求人 -まとめ
会社 紹介,https://www.kaijisho.co.jp/company/,,,,甲府市,甲府市 不動産 プロモーション会社 Web -おすすめ -比較 -ランキング -求人 -まとめ
<< 会社 紹介>>山梨県内の賃貸・売買なら株式 会社 オー・エム・シー,https://www.omcinc.co.jp/company/,,,,甲府市,甲府市 不動産 プロモーション会社 Web -おすすめ -比較 -ランキング -求人 -まとめ
会社 紹介,https://www.f-market.co.jp/company/,,,,甲府市,甲府市 不動産 プロモーション会社 Web -おすすめ -比較 -ランキング -求人 -まとめ
会社 紹介,https://www.sunny-f.jp/company/,,,,甲府市,甲府市 不動産 プロモーション会社 Web -おすすめ -比較 -ランキング -求人 -まとめ
とちの木（ 不動産会社 ）,https://jitaku-shitaku.jp/companies/page/user/163?view=estate,,,,甲府市,甲府市 不動産 プロモーション会社 Web -おすすめ -比較 -ランキング -求人 -まとめ
<< 会社 紹介>>山梨県 甲府市 の 不動産会社 ：有限 会社 交和エステート,https://www.kowa-estate.co.jp/company/,,,,甲府市,甲府市 不動産 プロモーション会社 Web -おすすめ -比較 -ランキング -求人 -まとめ
開業医・病院・調剤薬局専門の建築施工 Doctor＆Pharmacy Solution,https://f-symboly.sakura.ne.jp/demo/designhouse_kaigyouikenchiku_lp/,,,,甲府市,甲府市 工務店 販促支援会社 -おすすめ -比較 -ランキング -求人 -まとめ
開業医・クリニック・調剤薬局専門の建築施工 Doctor＆Pharmacy ...,https://dp-solution.net/lp/index.html,,,,甲府市,甲府市 工務店 販促支援会社 -おすすめ -比較 -ランキング -求人 -まとめ
申請者名 株式 会社 エムアイエー 利用者向けデジタル活用 支援 推進 ...,https://www.dekyo.or.jp/dgt/BlogPostAssets/pdf/ni_87.pdf,,,,甲府市,甲府市 学習塾 広報支援会社 -おすすめ -比較 -ランキング -求人 -まとめ
住所 山梨県 甲府市 丸の内1丁目6－1 管理機関名 山梨県教育委員会 ...,https://www.mext.go.jp/content/20230601-mxt_koukou02-000029973_03.pdf,,,,甲府市,甲府市 学習塾 広報支援会社 -おすすめ -比較 -ランキング -求人 -まとめ
山梨県立 甲府 工業高等学校,https://www.kofu-th.ed.jp/,,,,甲府市,甲府市 学習塾 広報支援会社 -おすすめ -比較 -ランキング -求人 -まとめ
「アグリビジネススクール 2022」の開講について,https://www.yamanashibank.co.jp/assets/files/K20220317_2.pdf,,,,甲府市,甲府市 学習塾 広報支援会社 -おすすめ -比較 -ランキング -求人 -まとめ
VISUAL AND ECHO JAPAN,https://v-e-j.com/,,,,甲府市,甲府市 店舗撮影 SNS運用会社 -おすすめ -比較 -ランキング -求人 -まとめ
INFLUFECTが支援したSNS・ インフルエンサー 施策の成功事例を ...,https://influfect.com/case/page/3/,,,,甲府市,甲府市 インフルエンサーマーケティング会社 -おすすめ -比較 -ランキング -求人 -まとめ
【企業×YouTuber】タイアップ案件の成功事例とは？,https://www.smmj.jp/%E3%80%90%E4%BC%81%E6%A5%ADxyoutuber%E3%80%91%E3%82%BF%E3%82%A4%E3%82%A2%E3%83%83%E3%83%97%E6%A1%88%E4%BB%B6%E3%81%AE%E6%88%90%E5%8A%9F%E4%BA%8B%E4%BE%8B%E3%81%A8%E3%81%AF%EF%BC%9F/,,,,甲府市,甲府市 インフルエンサーマーケティング会社 -おすすめ -比較 -ランキング -求人 -まとめ
日本情報通信、 甲府市 と行政デジタル推進における連携実施,https://www.niandc.co.jp/news/20250421_61625/,,,,甲府市,甲府市 LINEマーケティング会社 -おすすめ -比較 -ランキング -求人 -まとめ
【 LINE ヤフー広告 ディスプレイ広告提供開始】 LINE 広告とYahoo ...,https://www.ad-bind.com/%E3%80%90line%E3%83%A4%E3%83%95%E3%83%BC%E5%BA%83%E5%91%8A-%E3%83%87%E3%82%A3%E3%82%B9%E3%83%97%E3%83%AC%E3%82%A4%E5%BA%83%E5%91%8A%E6%8F%90%E4%BE%9B%E9%96%8B%E5%A7%8B%E3%80%91line%E5%BA%83%E5%91%8A-2092,,,,甲府市,甲府市 LINEマーケティング会社 -おすすめ -比較 -ランキング -求人 -まとめ
CONTACT,https://c3dinc.com/studio-contact/,,,,甲府市,甲府市 LINEマーケティング会社 -おすすめ -比較 -ランキング -求人 -まとめ
ワイウェブデザインスタジオ（山梨のホームページ 制作 ＆動画 制作 ）,https://www.webdesignstudio.jp/,,,,甲府市,甲府市 コンテンツ制作 SNS運用会社 -おすすめ -比較 -ランキング -求人 -まとめ
市川 勝茂,https://www.shindan-yamanashi.com/shindanshi/%E5%B8%82%E5%B7%9D-%E5%8B%9D%E8%8C%82/,,,,甲府市,甲府市 中小企業 広報マーケティング支援 -おすすめ -比較 -ランキング -求人 -まとめ
生産性向上 支援 訓練,https://www3.jeed.go.jp/yamanashi/poly/biz/hl52qs000004dlvl-att/a1667292712550.pdf,,,,甲府市,甲府市 中小企業 広報マーケティング支援 -おすすめ -比較 -ランキング -求人 -まとめ
プロフィール,https://www.d-switch.net/profile.html,,,,甲府市,甲府市 ホームページ制作 Web広告運用 -おすすめ -比較 -ランキング -求人 -まとめ
飲食店 ・食物販店,https://www.aim-create.co.jp/showcase/restaurant.html,,,,水戸市,水戸市 飲食店 プロモーション会社 -おすすめ -比較 -ランキング -求人 -まとめ
お問い合わせ,https://adesign.jp/contact/,,,,水戸市,水戸市 飲食店 プロモーション会社 -おすすめ -比較 -ランキング -求人 -まとめ
令和7年度 水 戸 市 観 光 審 議 会,https://www.city.mito.lg.jp/uploaded/attachment/62845.pdf,,,,水戸市,水戸市 飲食店 プロモーション会社 -おすすめ -比較 -ランキング -求人 -まとめ
2017/03/09現在 水戸市 中心市街地活性化協議会 プロモーション 部会 ...,https://tmo.e-mito.net/downtown/kaigi/2017soukai/05.pdf,,,,水戸市,水戸市 飲食店 プロモーション会社 -おすすめ -比較 -ランキング -求人 -まとめ
受発注,https://www.mitoshin.co.jp/corp/doc/bm.xls,,,,水戸市,水戸市 飲食店 プロモーション会社 -おすすめ -比較 -ランキング -求人 -まとめ
会社 概要/沿革,https://kpbrightjapan103.com/company/,,,,水戸市,水戸市 美容室 販促企画会社 -おすすめ -比較 -ランキング -求人 -まとめ
私たちのこと,https://j-henna.com/about.html,,,,水戸市,水戸市 美容室 販促企画会社 -おすすめ -比較 -ランキング -求人 -まとめ
[株式 会社 あけぼの印刷社] ダイレクトメール（DM）,https://www.joyobank.co.jp/enterpri/monozukuri/2021/600.html,,,,水戸市,水戸市 美容室 販促企画会社 -おすすめ -比較 -ランキング -求人 -まとめ
専門家データベース【マーケティング】,https://www.iis-net.or.jp/senmonkaDB/market.html,,,,水戸市,水戸市 美容室 販促企画会社 -おすすめ -比較 -ランキング -求人 -まとめ
会社 概要,https://agate.work/company/,,,,水戸市,水戸市 美容室 販促企画会社 -おすすめ -比較 -ランキング -求人 -まとめ
中小商業や商店街の活性化を図るためには,https://ami-shoko.com/wp-content/uploads/2019/03/20180911_43-0.pdf,,,,水戸市,水戸市 美容室 販促企画会社 -おすすめ -比較 -ランキング -求人 -まとめ
会社 紹介,https://www.issfudousan.jp/company/,,,,水戸市,水戸市 不動産 プロモーション会社 Web -おすすめ -比較 -ランキング -求人 -まとめ
<< 会社 紹介>>茨城県 水戸市 の 不動産 なら株式 会社 東洋エステート,https://www.toyoestate.co.jp/company/,,,,水戸市,水戸市 不動産 プロモーション会社 Web -おすすめ -比較 -ランキング -求人 -まとめ
茨城県宅地建物取引業協会,https://i-takken.or.jp/,,,,水戸市,水戸市 不動産 プロモーション会社 Web -おすすめ -比較 -ランキング -求人 -まとめ
水戸市 エリアで賃貸・アパート・ マンション をお探しなら,https://www.katsurahome.co.jp/chintai/company/details_15.html,,,,水戸市,水戸市 不動産 プロモーション会社 Web -おすすめ -比較 -ランキング -求人 -まとめ
リッツガーデン1 402,https://safetynet-jutaku.mlit.go.jp/guest/apart_detail.php?apart_id=AP137682&room_index=1,,,,水戸市,水戸市 不動産 プロモーション会社 Web -おすすめ -比較 -ランキング -求人 -まとめ
ZUO 不動産,https://zuofudousan.com/,,,,水戸市,水戸市 不動産 プロモーション会社 Web -おすすめ -比較 -ランキング -求人 -まとめ
店舗・事業所情報,https://www.koryo-j.co.jp/shops,,,,水戸市,水戸市 不動産 プロモーション会社 Web -おすすめ -比較 -ランキング -求人 -まとめ
WEB広告 運用,https://nissenpartners.co.jp/works_service/web%E5%BA%83%E5%91%8A%E9%81%8B%E7%94%A8/,,,,水戸市,水戸市 クリニック 広告制作会社 Web -おすすめ -比較 -ランキング -求人 -まとめ
WorkList,https://xoway.com/work/work_list?service_type=webList,,,,水戸市,水戸市 クリニック 広告制作会社 Web -おすすめ -比較 -ランキング -求人 -まとめ
桑名のホームページ 制作会社 「フェイス」について,https://fhm.jp/access/about/,,,,水戸市,水戸市 クリニック 広告制作会社 Web -おすすめ -比較 -ランキング -求人 -まとめ
院内運用可能,https://menobiru.com/works/clinic-startup-support/,,,,水戸市,水戸市 クリニック 広告制作会社 Web -おすすめ -比較 -ランキング -求人 -まとめ
江戸カルチャーセンター日本語学校パンフレット（日本語英語版）,https://www.edocul.com/dp/jp/pageindices/index15.html,,,,水戸市,水戸市 学習塾 広報支援会社 -おすすめ -比較 -ランキング -求人 -まとめ
令和6年度 学校教育活動等を 支援 する取組,https://www.kourituyasuragi.jp/wp/wp-content/uploads/2025/03/R6_gakkousien.pdf,,,,水戸市,水戸市 学習塾 広報支援会社 -おすすめ -比較 -ランキング -求人 -まとめ
「共感を生む事業のつくりかた」茨城県北ビジネススクールで講演 ...,https://brandjournalism.jp/information/%E3%80%8C%E5%85%B1%E6%84%9F%E3%82%92%E7%94%9F%E3%82%80%E4%BA%8B%E6%A5%AD%E3%81%AE%E3%81%A4%E3%81%8F%E3%82%8A%E3%81%8B%E3%81%9F%E3%80%8D%E8%8C%A8%E5%9F%8E%E7%9C%8C%E5%8C%97%E3%83%93%E3%82%B8%E3%83%8D/,,,,水戸市,水戸市 学習塾 広報支援会社 -おすすめ -比較 -ランキング -求人 -まとめ
株式 会社 吉田 工務店,https://yoshida-koumuten.jp/,,,,水戸市,水戸市 工務店 販促支援会社 -おすすめ -比較 -ランキング -求人 -まとめ
サンハウスについて,https://sunhouse.bz/about/,,,,水戸市,水戸市 工務店 販促支援会社 -おすすめ -比較 -ランキング -求人 -まとめ
会社 案内,https://www.tamura-komuten.jp/pages/19/,,,,水戸市,水戸市 工務店 販促支援会社 -おすすめ -比較 -ランキング -求人 -まとめ
株式 会社 田村 工務店,https://mitohojinkai.or.jp/member/%E6%A0%AA%E5%BC%8F%E4%BC%9A%E7%A4%BE%E7%94%B0%E6%9D%91%E5%B7%A5%E5%8B%99%E5%BA%97,,,,水戸市,水戸市 工務店 販促支援会社 -おすすめ -比較 -ランキング -求人 -まとめ
会社 概要,https://watasyo.net/company.html,,,,水戸市,水戸市 工務店 販促支援会社 -おすすめ -比較 -ランキング -求人 -まとめ
会社 紹介,http://www.sekine-cs.jp/about/index.html,,,,水戸市,水戸市 工務店 販促支援会社 -おすすめ -比較 -ランキング -求人 -まとめ
株式 会社 秋山 工務店,https://ibaraki-worklife.jp/company/mt051/,,,,水戸市,水戸市 工務店 販促支援会社 -おすすめ -比較 -ランキング -求人 -まとめ
会社 案内,https://www.kumoikoumuten1.com/company,,,,水戸市,水戸市 工務店 販促支援会社 -おすすめ -比較 -ランキング -求人 -まとめ
アンシャンテ 水戸 が7月15日にオープンいたします。,https://ono-group.jp/profile/press/20210706/index.html,,,,水戸市,水戸市 店舗撮影 SNS運用会社 -おすすめ -比較 -ランキング -求人 -まとめ
会社 概要,https://upnow.jp/and6/company,,,,水戸市,水戸市 店舗撮影 SNS運用会社 -おすすめ -比較 -ランキング -求人 -まとめ
バーチャルフィッティング画像の提供と インフルエンサー ...,https://digital-shift.jp/flash_news/FN201024_1,,,,水戸市,水戸市 インフルエンサーマーケティング会社 -おすすめ -比較 -ランキング -求人 -まとめ
茨城県・苫小牧市様のインバウンド集客事例,https://www.tokyocreative.jp/ja/casestudy-16-%E8%8C%A8%E5%9F%8E%E7%9C%8C%E3%83%BB%E8%8B%AB%E5%B0%8F%E7%89%A7%E5%B8%82%E6%A7%98,,,,水戸市,水戸市 インフルエンサーマーケティング会社 -おすすめ -比較 -ランキング -求人 -まとめ
4月24日（水）開催！UUUM  代表取締役社長講演「 インフル ...,https://www.sanrenhonbu.tsukuba.ac.jp/tccb20190424/,,,,水戸市,水戸市 インフルエンサーマーケティング会社 -おすすめ -比較 -ランキング -求人 -まとめ
テーブルクロス、ホリイフードと提携,https://mirai-cross.ventures/alumni/alumni-6858/,,,,水戸市,水戸市 インフルエンサーマーケティング会社 -おすすめ -比較 -ランキング -求人 -まとめ
「 LINE がeコマースの表舞台に立つ」 それを確信し,https://shacho.osakazine.net/e766120.html,,,,水戸市,水戸市 LINEマーケティング会社 -おすすめ -比較 -ランキング -求人 -まとめ
会社 概要,https://influhp.com/company-profile,,,,水戸市,水戸市 LINEマーケティング会社 -おすすめ -比較 -ランキング -求人 -まとめ
雨谷経企のHP,https://www.amakei.me/,,,,水戸市,水戸市 LINEマーケティング会社 -おすすめ -比較 -ランキング -求人 -まとめ
LINE で 水戸 満喫スタンプラリー,https://www.bleague.jp/all-stargame2023/stamprally/,,,,水戸市,水戸市 LINEマーケティング会社 -おすすめ -比較 -ランキング -求人 -まとめ
茨城 マーケティング システムズ株式 会社 の 会社 概要,https://prtimes.com/finance/8050001036493,,,,水戸市,水戸市 LINEマーケティング会社 -おすすめ -比較 -ランキング -求人 -まとめ
茨城セキスイハイムのメルマガ制作支援・メール配信システム導入 ...,https://www.webcas.jp/newsrelease/news360/,,,,水戸市,水戸市 LINEマーケティング会社 -おすすめ -比較 -ランキング -求人 -まとめ
デジタル コンテンツ 事業,https://www.connect-and-y.com/digital-content,,,,水戸市,水戸市 コンテンツ制作 SNS運用会社 -おすすめ -比較 -ランキング -求人 -まとめ
茨城県 水戸市 の ホームページ制作 ・システム開発：フィールド ...,https://fieldeast.com/area/area_ibaraki8201.html,,,,水戸市,水戸市 ホームページ制作 Web広告運用 -おすすめ -比較 -ランキング -求人 -まとめ
発信しても届かない!? AI時代の新・ 広報 戦略!!,https://www.yorozu-ibaraki.go.jp/strapi/uploads/yorozu_Seminar_takahasi0616_64a1169435.pdf,,,,水戸市,水戸市 中小企業 広報マーケティング支援 -おすすめ -比較 -ランキング -求人 -まとめ
プロモーション5つの手法 6大SNSで口コミを起こす Instagram ...,https://mito.inetcci.or.jp/wp-cntpnl/wp-content/uploads/2023/04/c261ec003084863c679112811e5259d2.pdf,,,,水戸市,水戸市 中小企業 広報マーケティング支援 -おすすめ -比較 -ランキング -求人 -まとめ
産官学連携でのデジタル人材育成の取組,https://www.ddhr.jp/wp-content/uploads/2024/12/DDHR0301_18-19.pdf,,,,水戸市,水戸市 中小企業 広報マーケティング支援 -おすすめ -比較 -ランキング -求人 -まとめ
日本 広報 学会 第 7 回研究フォーラム 2025 年 4 月 6 日（日） 発表内容,https://www.jsccs.jp/.assets/forum2025contents-39284056.pdf,,,,水戸市,水戸市 中小企業 広報マーケティング支援 -おすすめ -比較 -ランキング -求人 -まとめ
【令和7年度機能強化 支援 事業のご案内】,https://www.ibarakiken.or.jp/oshirase/kinoukyouka2025.html,,,,水戸市,水戸市 中小企業 広報マーケティング支援 -おすすめ -比較 -ランキング -求人 -まとめ
Tatsuhiro OKUNO,https://researchmap.jp/t-okuno?lang=en,,,,水戸市,水戸市 中小企業 広報マーケティング支援 -おすすめ -比較 -ランキング -求人 -まとめ
会社 概要,https://aoi-japan.co.jp/company,,,,つくば市,つくば市 飲食店 プロモーション会社 -おすすめ -比較 -ランキング -求人 -まとめ
シン・いばらきメシ総選挙2026／ つくば市 公式ウェブサイト,https://www.city.tsukuba.lg.jp/soshikikarasagasu/keizaibusangyoshinkoka/gyomuannai/4/26674.html,,,,つくば市,つくば市 飲食店 プロモーション会社 -おすすめ -比較 -ランキング -求人 -まとめ
Vimi Collection iias（イーアス） つくば,https://www.semba1008.co.jp/ja/portfolio/vimi-collection-iias-eas-tsukuba,,,,つくば市,つくば市 飲食店 プロモーション会社 -おすすめ -比較 -ランキング -求人 -まとめ
フード ブランディング 株式 会社,https://www.jaycee.or.jp/sekakuru/industry/115/,,,,つくば市,つくば市 飲食店 プロモーション会社 -おすすめ -比較 -ランキング -求人 -まとめ
卒業部員,https://tsukuba-impulse.com/%E5%8D%92%E6%A5%AD%E3%83%A1%E3%83%B3%E3%83%90%E3%83%BC/,,,,つくば市,つくば市 美容室 販促企画会社 -おすすめ -比較 -ランキング -求人 -まとめ
ブログ,https://revol.co.jp/blog/,,,,つくば市,つくば市 美容室 販促企画会社 -おすすめ -比較 -ランキング -求人 -まとめ
ABOUT／企業概要,https://radiact.net/about/,,,,つくば市,つくば市 美容室 販促企画会社 -おすすめ -比較 -ランキング -求人 -まとめ
医療機関のプロモーション,https://www.bigfive.jp/business2/,,,,つくば市,つくば市 クリニック 広告制作会社 Web -おすすめ -比較 -ランキング -求人 -まとめ
トイロスタジオ,https://toirostudio.com/,,,,つくば市,つくば市 クリニック 広告制作会社 Web -おすすめ -比較 -ランキング -求人 -まとめ
茨城県,https://www.ntttp-dlead.com/works/clinic/tukuba-mentaru-kurinikku-sama.html,,,,つくば市,つくば市 クリニック 広告制作会社 Web -おすすめ -比較 -ランキング -求人 -まとめ
つくばデザイン 不動産 PR Tools,https://www.tic-world.jp/creative/cd006_tsukuba_design_fudousan.html,,,,つくば市,つくば市 不動産 プロモーション会社 Web -おすすめ -比較 -ランキング -求人 -まとめ
茨城県 つくば市 の 不動産会社 紹介・リンクページ/物件交流センター,https://www.bkc-net.com/linkpage1/ibaraki-tukubasi.html,,,,つくば市,つくば市 不動産 プロモーション会社 Web -おすすめ -比較 -ランキング -求人 -まとめ
お問い合わせ,https://tsukuba.areasearch.jp/contact,,,,つくば市,つくば市 不動産 プロモーション会社 Web -おすすめ -比較 -ランキング -求人 -まとめ
会社 紹介,https://www.daitocapital.co.jp/company/,,,,つくば市,つくば市 不動産 プロモーション会社 Web -おすすめ -比較 -ランキング -求人 -まとめ
つくば市 不動産 売買・賃貸・建設・住宅総合リフォーム工事,http://www.joyo.jp/corp.html,,,,つくば市,つくば市 不動産 プロモーション会社 Web -おすすめ -比較 -ランキング -求人 -まとめ
株式 会社 ハラコーは 地域ビルダー様 支援 の スペシャリスト集団です,https://harako-inc.com/files/harako_pamphlet202604.pdf,,,,つくば市,つくば市 工務店 販促支援会社 -おすすめ -比較 -ランキング -求人 -まとめ
木造住宅供給 支援 システム認定結果について,http://www.howtec.or.jp/files/libs/1972/201804061714588074.pdf,,,,つくば市,つくば市 工務店 販促支援会社 -おすすめ -比較 -ランキング -求人 -まとめ
注文住宅FTPの家,http://www.fujikawakensetu.com/link/06minami_kantoh.html,,,,つくば市,つくば市 工務店 販促支援会社 -おすすめ -比較 -ランキング -求人 -まとめ
家も人も健康長寿に。日本の住環境を改善する“住まいの町医者”,https://tama-innovation-ecosystem.jp/tama-area/interview/3157/,,,,つくば市,つくば市 工務店 販促支援会社 -おすすめ -比較 -ランキング -求人 -まとめ
入居者の声,https://www.tsukuba-tci.co.jp/office/tenantsvoice,,,,つくば市,つくば市 学習塾 広報支援会社 -おすすめ -比較 -ランキング -求人 -まとめ
お知らせ,https://akatsuki-cram.com/news/,,,,つくば市,つくば市 学習塾 広報支援会社 -おすすめ -比較 -ランキング -求人 -まとめ
広報つくば 2015年7月号 No.536 page 6/20,https://static.ibaraki-ebooks.jp/actibook_data/20150701_tsukuba_no536/HTML/index6.html,,,,つくば市,つくば市 学習塾 広報支援会社 -おすすめ -比較 -ランキング -求人 -まとめ
Sales lab(株)様が市の子育て環境 支援 イケポス池田キッズハウスに ...,https://www.city.yaita.tochigi.jp/uploaded/attachment/17623.pdf,,,,つくば市,つくば市 学習塾 広報支援会社 -おすすめ -比較 -ランキング -求人 -まとめ
,https://www.tsukuba-science-h.ibk.ed.jp/bbses/bbs_articles/index/70/sort:BbsArticle.created/direction:asc/limit:50?frame_id=362,,,,つくば市,つくば市 学習塾 広報支援会社 -おすすめ -比較 -ランキング -求人 -まとめ
茨城県 つくば市 の出張 撮影 ・カメラマン,https://lovegraph.me/areas/ibaraki/08220,,,,つくば市,つくば市 店舗撮影 SNS運用会社 -おすすめ -比較 -ランキング -求人 -まとめ
動画 撮影 、WEBデザイン、ドローンによる空撮、業績アップ,https://alon3.co.jp/company,,,,つくば市,つくば市 店舗撮影 SNS運用会社 -おすすめ -比較 -ランキング -求人 -まとめ
COMPANY,https://www.headroom.jp/company/,,,,つくば市,つくば市 店舗撮影 SNS運用会社 -おすすめ -比較 -ランキング -求人 -まとめ
REECH DATABASE,https://reech.co.jp/,,,,つくば市,つくば市 インフルエンサーマーケティング会社 -おすすめ -比較 -ランキング -求人 -まとめ
インフルエンサー 広告プラットフォーム: JPAD,http://jp-connect-inc.online/,,,,つくば市,つくば市 インフルエンサーマーケティング会社 -おすすめ -比較 -ランキング -求人 -まとめ
サービス案内,https://vella.co.jp/service/,,,,つくば市,つくば市 インフルエンサーマーケティング会社 -おすすめ -比較 -ランキング -求人 -まとめ
SNS動画ディレクター／責任者候補【  プラチナム採用】,https://ats-entry.hito-link.jp/sites/vectorinc/matter/matters/103020,,,,つくば市,つくば市 インフルエンサーマーケティング会社 -おすすめ -比較 -ランキング -求人 -まとめ
小野商店,https://onosyoten.com/,,,,つくば市,つくば市 インフルエンサーマーケティング会社 -おすすめ -比較 -ランキング -求人 -まとめ
本サイトについて,https://www.accstv.com/about-website/,,,,つくば市,つくば市 LINEマーケティング会社 -おすすめ -比較 -ランキング -求人 -まとめ
会 社 概 要,https://www.portalline.co.jp/contents01.html,,,,つくば市,つくば市 LINEマーケティング会社 -おすすめ -比較 -ランキング -求人 -まとめ
WEB マーケティング ＆コンテンツ,https://www.j-line.co.jp/web/,,,,つくば市,つくば市 LINEマーケティング会社 -おすすめ -比較 -ランキング -求人 -まとめ
平成29年度参加企業プロジェクトレポート 株式 会社 ietty,https://iju-ibaraki.jp/campin/report/2100.html,,,,つくば市,つくば市 LINEマーケティング会社 -おすすめ -比較 -ランキング -求人 -まとめ
筑波胃腸病院が「 LINE WORKS」の導入により情報共有を円滑化 ...,https://line-works.com/pr/20210701/,,,,つくば市,つくば市 LINEマーケティング会社 -おすすめ -比較 -ランキング -求人 -まとめ
【開催レポート】 つくば市 の魅力を再発見！「Rethink Creator ...,https://c-m.co.jp/information/thinc-growth/2323/,,,,つくば市,つくば市 コンテンツ制作 SNS運用会社 -おすすめ -比較 -ランキング -求人 -まとめ
FUNC,https://showcase.studio.design/ja/website/func,,,,つくば市,つくば市 ホームページ制作 Web広告運用 -おすすめ -比較 -ランキング -求人 -まとめ
創業 支援 セミナー,https://www.tsukuba-cci.or.jp/files/r6sougyouchirasi.pdf,,,,つくば市,つくば市 中小企業 広報マーケティング支援 -おすすめ -比較 -ランキング -求人 -まとめ
【開催レポート】インフォマート、栃木県 宇都宮市 の農産物を PR,https://corp.infomart.co.jp/news/20230316_4407/,,,,宇都宮市,宇都宮市 飲食店 プロモーション会社 -おすすめ -比較 -ランキング -求人 -まとめ
恵産業株式 会社,https://foodvalley-tochigi.jp/member/member.php?id=887,,,,宇都宮市,宇都宮市 飲食店 プロモーション会社 -おすすめ -比較 -ランキング -求人 -まとめ
お問い合わせ,https://47base.jp/media/contact/,,,,宇都宮市,宇都宮市 飲食店 プロモーション会社 -おすすめ -比較 -ランキング -求人 -まとめ
「物価高騰に負けない！家計応援キャンペーン」（宮の ...,https://www.city.utsunomiya.lg.jp/kurashi/oshiraselist/1045449/1045716.html,,,,宇都宮市,宇都宮市 飲食店 プロモーション会社 -おすすめ -比較 -ランキング -求人 -まとめ
企業紹介コーナー / Company's,http://www.utsuhou.or.jp/company/,,,,宇都宮市,宇都宮市 クリニック 広告制作会社 Web -おすすめ -比較 -ランキング -求人 -まとめ
制作 実績・デザイン例,https://service.medical-net.com/works/,,,,宇都宮市,宇都宮市 クリニック 広告制作会社 Web -おすすめ -比較 -ランキング -求人 -まとめ
About us,https://www.daifuku-r.co.jp/company/,,,,宇都宮市,宇都宮市 不動産 プロモーション会社 Web -おすすめ -比較 -ランキング -求人 -まとめ
2024年9月,https://tochigi.zennichi.or.jp/date/2024/09/,,,,宇都宮市,宇都宮市 不動産 プロモーション会社 Web -おすすめ -比較 -ランキング -求人 -まとめ
トップ,https://suzukame.co.jp/,,,,宇都宮市,宇都宮市 不動産 プロモーション会社 Web -おすすめ -比較 -ランキング -求人 -まとめ
栃木県のマンスリー マンション 運営 会社 を検索,https://www.good-monthly.com/company/tochigi/search/,,,,宇都宮市,宇都宮市 不動産 プロモーション会社 Web -おすすめ -比較 -ランキング -求人 -まとめ
株式 会社 マーキュリー,https://tochigi.job-start.jp/company/2432/,,,,宇都宮市,宇都宮市 不動産 プロモーション会社 Web -おすすめ -比較 -ランキング -求人 -まとめ
AMILIE,https://s3-ap-northeast-1.amazonaws.com/pet-lifestyle.com/uploaded_photos/9a3dbe56-f1cf-11eb-b609-0eeb60cdecf0.pdf,,,,宇都宮市,宇都宮市 工務店 販促支援会社 -おすすめ -比較 -ランキング -求人 -まとめ
【 宇都宮 西店】限定2区画！土地販売会／ 宇都宮 市野沢町,https://www.ie-miru.jp/cms/yoyaku/ehutsunomiyanishi/events/120111/reserve_time?date=2026-04-06,,,,宇都宮市,宇都宮市 工務店 販促支援会社 -おすすめ -比較 -ランキング -求人 -まとめ
株式 会社 アカデミー,https://valueprize.jp/2016-1-1/,,,,宇都宮市,宇都宮市 学習塾 広報支援会社 -おすすめ -比較 -ランキング -求人 -まとめ
創業スクール,https://www.u-cci.or.jp/business/foundation/,,,,宇都宮市,宇都宮市 学習塾 広報支援会社 -おすすめ -比較 -ランキング -求人 -まとめ
CSR 活動 中学の「キャリア教育」に 学習 プログラムを提供,https://www.lmi.ne.jp/news/pdf/2011/lmi_20110913.pdf,,,,宇都宮市,宇都宮市 学習塾 広報支援会社 -おすすめ -比較 -ランキング -求人 -まとめ
経営リーダー育成塾 第18期生の声,https://www.tochigi-iin.or.jp/home/5/47/3787.html,,,,宇都宮市,宇都宮市 学習塾 広報支援会社 -おすすめ -比較 -ランキング -求人 -まとめ
和8(2026)年度 インフルエンサー 活用情報発信業務委託公募 ...,https://www.pref.tochigi.lg.jp/c05/promotion/nyuusatsu/influencer2026_sinsakekka.html,,,,宇都宮市,宇都宮市 インフルエンサーマーケティング会社 -おすすめ -比較 -ランキング -求人 -まとめ
WEBマーケター・コンサルタント,https://anewinc.co.jp/recruit/2170/,,,,宇都宮市,宇都宮市 インフルエンサーマーケティング会社 -おすすめ -比較 -ランキング -求人 -まとめ
デジタルハリウッドSTUDIO 宇都宮 2022年3月開校,https://www.dhw.co.jp/press-release/20211220_studio_utsunomiya/,,,,宇都宮市,宇都宮市 店舗撮影 SNS運用会社 -おすすめ -比較 -ランキング -求人 -まとめ
サービス,https://curiver.com/service/,,,,宇都宮市,宇都宮市 店舗撮影 SNS運用会社 -おすすめ -比較 -ランキング -求人 -まとめ
ギブリー、大型商業施設ベルモールのDXを支援。DECA for LINE で ...,https://givery.co.jp/news/n20240725_1/,,,,宇都宮市,宇都宮市 LINEマーケティング会社 -おすすめ -比較 -ランキング -求人 -まとめ
宇都宮市 に中小企業向け ホームページ制作 の「スパイラルアップ ...,https://www.d-ic.com/news/4780,,,,宇都宮市,宇都宮市 ホームページ制作 Web広告運用 -おすすめ -比較 -ランキング -求人 -まとめ
ホームぺージ 制作,https://t-unique.jp/hp_seisaku/,,,,宇都宮市,宇都宮市 ホームページ制作 Web広告運用 -おすすめ -比較 -ランキング -求人 -まとめ
起業創業相談窓口,https://utsunomiya-ventures.com/consultation,,,,宇都宮市,宇都宮市 中小企業 広報マーケティング支援 -おすすめ -比較 -ランキング -求人 -まとめ
ブログ,https://familize.net/blog,,,,宇都宮市,宇都宮市 中小企業 広報マーケティング支援 -おすすめ -比較 -ランキング -求人 -まとめ
食がつくる「街」と「人」の元気／頑張れ地域の 飲食店,http://www.takasakiweb.jp/toshisenryaku/article/2010/07/01.html,,,,高崎市,高崎市 飲食店 プロモーション会社 -おすすめ -比較 -ランキング -求人 -まとめ
「Webプロモからマスメディアでも大成功の「絶メシ」、巨大大学 ...,https://dmi.jaa.or.jp/general-browse/view/2994/1,,,,高崎市,高崎市 飲食店 プロモーション会社 -おすすめ -比較 -ランキング -求人 -まとめ
202604[HP]報道発表（台湾における 高崎 フェア開催について）,https://www.city.takasaki.gunma.jp/uploaded/attachment/39269.pdf,,,,高崎市,高崎市 飲食店 プロモーション会社 -おすすめ -比較 -ランキング -求人 -まとめ
よ・ゼミ 第6回 地域社会には” PR ”が必要。「広告」とは違う本質的 ...,https://www.jiu.ac.jp/tourism/news/detail/id=10538,,,,高崎市,高崎市 飲食店 プロモーション会社 -おすすめ -比較 -ランキング -求人 -まとめ
高崎 営業所,https://www.ishiguro-gr.co.jp/blog/%E9%AB%98%E5%B4%8E%E5%96%B6%E6%A5%AD%E6%89%80/,,,,高崎市,高崎市 飲食店 プロモーション会社 -おすすめ -比較 -ランキング -求人 -まとめ
会社 案内,https://gunma-biyou.com/company/,,,,高崎市,高崎市 美容室 販促企画会社 -おすすめ -比較 -ランキング -求人 -まとめ
群馬 美容 広告,https://isesaki.unigrad.jp/gunma-biyou.html,,,,高崎市,高崎市 美容室 販促企画会社 -おすすめ -比較 -ランキング -求人 -まとめ
コレクション 高崎 飯塚店,https://www.hair-collection.co.jp/collection_takasakiiizuka.html,,,,高崎市,高崎市 美容室 販促企画会社 -おすすめ -比較 -ランキング -求人 -まとめ
Beauty Shop cetera takasaki,https://www.gamo.co.jp/cetera/takasaki/,,,,高崎市,高崎市 美容室 販促企画会社 -おすすめ -比較 -ランキング -求人 -まとめ
サロン・ド・ジュン アールグレイ 高崎,https://salondejun.net/salon/rg_takasaki/,,,,高崎市,高崎市 美容室 販促企画会社 -おすすめ -比較 -ランキング -求人 -まとめ
ファミリーヘアサロン レッツ:,https://lets-you.ne.jp/,,,,高崎市,高崎市 美容室 販促企画会社 -おすすめ -比較 -ランキング -求人 -まとめ
La fith hair,https://lafith.com/,,,,高崎市,高崎市 美容室 販促企画会社 -おすすめ -比較 -ランキング -求人 -まとめ
footer-logo_k,https://sanktus.jp/footer-logo_k/,,,,高崎市,高崎市 クリニック 広告制作会社 Web -おすすめ -比較 -ランキング -求人 -まとめ
家を売る – 高崎市 分譲 一戸建て 不動産会社,https://www.43-house.com/sell/,,,,高崎市,高崎市 不動産 プロモーション会社 Web -おすすめ -比較 -ランキング -求人 -まとめ
会社 紹介,https://www.aerq.co.jp/company/,,,,高崎市,高崎市 不動産 プロモーション会社 Web -おすすめ -比較 -ランキング -求人 -まとめ
群馬土地株式 会社 高崎 支店,https://www.takasaki-oroshi.jp/company/gunmatochi/,,,,高崎市,高崎市 不動産 プロモーション会社 Web -おすすめ -比較 -ランキング -求人 -まとめ
<< 会社 紹介>>群馬県 高崎市 の 不動産 でお悩みなら株式 会社 大陸 不動産,https://www.tairiku.jp/company/,,,,高崎市,高崎市 不動産 プロモーション会社 Web -おすすめ -比較 -ランキング -求人 -まとめ
高崎市 ・前橋市の賃貸物件をお探しなら【株式 会社 三幸】,https://www.san-kou.net/chintai/,,,,高崎市,高崎市 不動産 プロモーション会社 Web -おすすめ -比較 -ランキング -求人 -まとめ
忠孝工業,https://www.chukou.co.jp/store-design/,,,,高崎市,高崎市 工務店 販促支援会社 -おすすめ -比較 -ランキング -求人 -まとめ
平成22年度 経営革新計画承認事業者（62件）,https://www.pref.gunma.jp/page/10103.html,,,,高崎市,高崎市 工務店 販促支援会社 -おすすめ -比較 -ランキング -求人 -まとめ
ちょっといい家を建てたい！,https://www.mimurahome.jp/knack/,,,,高崎市,高崎市 工務店 販促支援会社 -おすすめ -比較 -ランキング -求人 -まとめ
Webサイト,https://marksbranding.com/works_category/web/,,,,高崎市,高崎市 工務店 販促支援会社 -おすすめ -比較 -ランキング -求人 -まとめ
ヨシダ産業株式 会社 群馬県伊勢崎市日乃出町593番地3 新築 ...,http://www.yoshida-sangiyo.co.jp/every_a.html,,,,高崎市,高崎市 工務店 販促支援会社 -おすすめ -比較 -ランキング -求人 -まとめ
ぐんま 商工連,https://www.gcis.or.jp/wp-content/uploads/2022/02/2019.09.pdf,,,,高崎市,高崎市 工務店 販促支援会社 -おすすめ -比較 -ランキング -求人 -まとめ
令和6年度実績 フードドライブ【 高崎市 社会福祉協議会】,https://takasaki-shakyo.or.jp/src/jigyo/fooddrive_r6.htm?20250701,,,,高崎市,高崎市 学習塾 広報支援会社 -おすすめ -比較 -ランキング -求人 -まとめ
年次報告書,https://tasa-education.com/wp-content/uploads/2022/10/b548fa512ee68d784263fd5de6689ae7-2.pdf,,,,高崎市,高崎市 学習塾 広報支援会社 -おすすめ -比較 -ランキング -求人 -まとめ
【絶賛募集中！】令和8年度加古川みらい教室「かこ塾」（ひとり親 ...,https://www.city.kakogawa.lg.jp/soshikikarasagasu/kodomo/kodomoka/hitorioyashien/36654.html,,,,高崎市,高崎市 学習塾 広報支援会社 -おすすめ -比較 -ランキング -求人 -まとめ
【新卒】グループ指導講師・日本語教師兼任 募集要項,https://usuigakuen.co.jp/saiyo/new-graduate-index/new-graduate-recruitment/newgra-tj/,,,,高崎市,高崎市 学習塾 広報支援会社 -おすすめ -比較 -ランキング -求人 -まとめ
群馬県の動画制作・ SNS運用,https://motolifez.site/portfolio_gunma,,,,高崎市,高崎市 店舗撮影 SNS運用会社 -おすすめ -比較 -ランキング -求人 -まとめ
ぐんま応援プロジェクト,https://www.studio-parc.jp/gunma-support-project/,,,,高崎市,高崎市 店舗撮影 SNS運用会社 -おすすめ -比較 -ランキング -求人 -まとめ
clues restaurant 店舗向け ～飲食店特化型 インフルエンサー ...,https://clues-restaurant.com/,,,,高崎市,高崎市 インフルエンサーマーケティング会社 -おすすめ -比較 -ランキング -求人 -まとめ
高崎市 新町商工会 生成AI活用セミナー,http://www.shinmachi.or.jp/menu/tool/seminar2024-ura.pdf,,,,高崎市,高崎市 インフルエンサーマーケティング会社 -おすすめ -比較 -ランキング -求人 -まとめ
高崎 翼,https://waccel.com/collaborator/takasakitsubasa/,,,,高崎市,高崎市 インフルエンサーマーケティング会社 -おすすめ -比較 -ランキング -求人 -まとめ
『孫子の兵法』に学ぶ限られた資源を活かす戦略,https://yokusuru1339.com/art-of-war-strategy-for-smes/,,,,高崎市,高崎市 インフルエンサーマーケティング会社 -おすすめ -比較 -ランキング -求人 -まとめ
群馬・ 高崎 のWEB 制作 ・映像 制作 ・デザイン 会社,https://n-suppo.com/,,,,高崎市,高崎市 コンテンツ制作 SNS運用会社 -おすすめ -比較 -ランキング -求人 -まとめ
一般社団法人 高崎 観光協会様インタビュー 市民や観光客の生きた ...,https://tabiato.co.jp/biz/interview-takasakikanko/,,,,高崎市,高崎市 コンテンツ制作 SNS運用会社 -おすすめ -比較 -ランキング -求人 -まとめ
群馬県 高崎市,https://frontman.co.jp/branding-9learlab/,,,,高崎市,高崎市 LINEマーケティング会社 -おすすめ -比較 -ランキング -求人 -まとめ
株式 会社 Wonderlabo 群馬支部,https://www.jeed.go.jp/location/shibu/gunma/wonderlabo.pdf,,,,高崎市,高崎市 LINEマーケティング会社 -おすすめ -比較 -ランキング -求人 -まとめ
会社概要,https://apresent.jp/company/about-us/,,,,高崎市,高崎市 中小企業 広報マーケティング支援 -おすすめ -比較 -ランキング -求人 -まとめ
経営の未来を共に考える 名のプロ集団,https://saitama-yorozu.go.jp/wp-content/uploads/2025/04/250403_pamphlet2025.pdf,,,,高崎市,高崎市 中小企業 広報マーケティング支援 -おすすめ -比較 -ランキング -求人 -まとめ
事例紹介,https://www.g-inf.or.jp/html/support_case_008.html,,,,前橋市,前橋市 飲食店 プロモーション会社 -おすすめ -比較 -ランキング -求人 -まとめ
TikTok、群馬県 前橋市 と連携のもと、シティ プロモーション ...,https://www.jt-tsushin.jp/articles/case/platform-tiktok-20240415,,,,前橋市,前橋市 飲食店 プロモーション会社 -おすすめ -比較 -ランキング -求人 -まとめ
群馬美容広告.com前橋店 群馬県 前橋市 内の 美容室美容院 ...,http://maebashi.gunma-biyou.com/,,,,前橋市,前橋市 美容室 販促企画会社 -おすすめ -比較 -ランキング -求人 -まとめ
広告宣伝・販売促進 販促 グッズ,http://maebashi.tenpokaigyougunma.com/ad/promotion.html,,,,前橋市,前橋市 美容室 販促企画会社 -おすすめ -比較 -ランキング -求人 -まとめ
会社 概要,http://www.gladism.com/company.php,,,,前橋市,前橋市 美容室 販促企画会社 -おすすめ -比較 -ランキング -求人 -まとめ
クリニック,https://markdesign0.com/tag/clinic/,,,,前橋市,前橋市 クリニック 広告制作会社 Web -おすすめ -比較 -ランキング -求人 -まとめ
前橋市 の居住支援・ 不動産 ・建設の総合法人,https://vsi-estate.co.jp/,,,,前橋市,前橋市 不動産 プロモーション会社 Web -おすすめ -比較 -ランキング -求人 -まとめ
会社 紹介,https://www.shichikai.jp/company/,,,,前橋市,前橋市 不動産 プロモーション会社 Web -おすすめ -比較 -ランキング -求人 -まとめ
リノベパートナーを紹介します,https://www.city.maebashi.gunma.jp/soshiki/sangyokeizai/nigiwaishogyo/gyomu/03/renovationmachidukuri/32881.html,,,,前橋市,前橋市 不動産 プロモーション会社 Web -おすすめ -比較 -ランキング -求人 -まとめ
会社 紹介,https://www.riegle.jp/company/,,,,前橋市,前橋市 不動産 プロモーション会社 Web -おすすめ -比較 -ランキング -求人 -まとめ
会社 紹介,https://www.t-creative.co.jp/company/,,,,前橋市,前橋市 不動産 プロモーション会社 Web -おすすめ -比較 -ランキング -求人 -まとめ
群馬県 前橋市 にショールーム「リノベ 不動産,https://wakuwaku0909.co.jp/wp-content/uploads/2025/05/news_release_20250516.pdf,,,,前橋市,前橋市 不動産 プロモーション会社 Web -おすすめ -比較 -ランキング -求人 -まとめ
全日本 不動産 協会群馬県本部,https://gunma.zennichi.or.jp/,,,,前橋市,前橋市 不動産 プロモーション会社 Web -おすすめ -比較 -ランキング -求人 -まとめ
シロアリ- 工務店 向けページ,https://www.jukankyo-keikaku.co.jp/jp/komuten/,,,,前橋市,前橋市 工務店 販促支援会社 -おすすめ -比較 -ランキング -求人 -まとめ
Untitled,https://www.j-tr.jp/glf/15/dl/pdf/exhibition.pdf,,,,前橋市,前橋市 工務店 販促支援会社 -おすすめ -比較 -ランキング -求人 -まとめ
【利用登録者活動紹介】株式 会社 Body Works,https://maebashi-shiminkatsudo.jp/c-msapo/%E3%80%90%E5%88%A9%E7%94%A8%E7%99%BB%E9%8C%B2%E8%80%85%E6%B4%BB%E5%8B%95%E7%B4%B9%E4%BB%8B%E3%80%91%E6%A0%AA%E5%BC%8F%E4%BC%9A%E7%A4%BE%E3%80%80body-works/.html,,,,前橋市,前橋市 学習塾 広報支援会社 -おすすめ -比較 -ランキング -求人 -まとめ
キッズマネースクール「はじめての投資」,https://www.igoo.info/events/event/4274/,,,,前橋市,前橋市 学習塾 広報支援会社 -おすすめ -比較 -ランキング -求人 -まとめ
群馬県 前橋市 の全小中学校71校で、「校内無線LAN環境」を一斉整備,https://www.uchida.co.jp/company/news/press/170309.html,,,,前橋市,前橋市 学習塾 広報支援会社 -おすすめ -比較 -ランキング -求人 -まとめ
会社 概要,https://www.chuo-sogo.com/company/,,,,前橋市,前橋市 学習塾 広報支援会社 -おすすめ -比較 -ランキング -求人 -まとめ
【群馬県出張カメラマン 撮影 代行サービス】企業・法人・事業者 ...,https://photography.idea-ep.com/,,,,前橋市,前橋市 店舗撮影 SNS運用会社 -おすすめ -比較 -ランキング -求人 -まとめ
前橋市,https://ict.startupleague.go.jp/support-member/maebashi/,,,,前橋市,前橋市 LINEマーケティング会社 -おすすめ -比較 -ランキング -求人 -まとめ
ウェブ マーケティング,https://best-day.net/service/web-marketing/,,,,前橋市,前橋市 LINEマーケティング会社 -おすすめ -比較 -ランキング -求人 -まとめ
プレスリリース研究会,https://www.yorozu-gunma.go.jp/workshop/,,,,前橋市,前橋市 中小企業 広報マーケティング支援 -おすすめ -比較 -ランキング -求人 -まとめ
前橋 東部商工会,https://www.myg.or.jp/?paged=2,,,,前橋市,前橋市 中小企業 広報マーケティング支援 -おすすめ -比較 -ランキング -求人 -まとめ
生成AI× 広報 （プレスリリース）活用,https://www.kesennuma.or.jp/wp-kcci/wp-content/uploads/%E6%96%87%E6%9B%B8%E3%83%87%E3%82%B6%E3%82%A4%E3%83%B3%E3%81%AE%E5%8A%B9%E7%8E%87%E5%8C%96%E3%82%BB%E3%83%9F%E3%83%8A%E3%83%BC%E3%83%81%E3%83%A9%E3%82%B7.pdf,,,,前橋市,前橋市 中小企業 広報マーケティング支援 -おすすめ -比較 -ランキング -求人 -まとめ
【プレスリリース】奈良県山添村との複業人材活用における実証 ...,https://anotherworks.co.jp/wp_post_bxWBuYxS/20230728,,,,前橋市,前橋市 中小企業 広報マーケティング支援 -おすすめ -比較 -ランキング -求人 -まとめ
Q&A経営相談,https://yokota-ac.tkcnf.com/tkc-management-qa,,,,前橋市,前橋市 中小企業 広報マーケティング支援 -おすすめ -比較 -ランキング -求人 -まとめ
BLOG,https://idea-ep.com/hp-creation/category/post/,,,,前橋市,前橋市 ホームページ制作 Web広告運用 -おすすめ -比較 -ランキング -求人 -まとめ
有限 会社 エフ・ピー（ さいたま市 浦和区）広告・ 飲食 ・福祉,https://www.1saito.biz/company/fp,,,,さいたま市,さいたま市 飲食店 プロモーション会社 -おすすめ -比較 -ランキング -求人 -まとめ
実績 – ページ 3 – 株式 会社 全栄 プロモーション,https://www.zenei-pro.jp/works/page/3/,,,,さいたま市,さいたま市 飲食店 プロモーション会社 -おすすめ -比較 -ランキング -求人 -まとめ
5 店舗 目のシェアキッチンは、空き 店舗 を有効活用。2024年5月まで ...,https://www.communitycom.jp/2023/07/10/clockkitchensaitama-open/,,,,さいたま市,さいたま市 飲食店 プロモーション会社 -おすすめ -比較 -ランキング -求人 -まとめ
営業許可施設（令和06年10月） ※自動車・自動販売機 ...,https://www.city.saitama.lg.jp/002/002/010/010/p114674_d/fil/R6-10.pdf,,,,さいたま市,さいたま市 飲食店 プロモーション会社 -おすすめ -比較 -ランキング -求人 -まとめ
美容室 Zゼ ELE ―― 地域×顧客層×商品＝ No.1,https://www.bugin-eri.co.jp/report/report07/file/e746cc61b764eec975e42ab24a5aef95ced37bdc.pdf,,,,さいたま市,さいたま市 美容室 販促企画会社 -おすすめ -比較 -ランキング -求人 -まとめ
商品の価値を守るパートナー】全国展開をフルサポート,https://www.tokyo-eiwan.co.jp/clp/company_guide/,,,,さいたま市,さいたま市 美容室 販促企画会社 -おすすめ -比較 -ランキング -求人 -まとめ
共助の取組マッチング 専門家ボランティアリスト（団体）,https://kyojo.saitamaken-npo.net/specialist/docs/250522_dantai_1.pdf,,,,さいたま市,さいたま市 美容室 販促企画会社 -おすすめ -比較 -ランキング -求人 -まとめ
株式 会社 cantik,https://cantik.co.jp/seitai/,,,,さいたま市,さいたま市 クリニック 広告制作会社 Web -おすすめ -比較 -ランキング -求人 -まとめ
埼玉 のホームページ 制作 ・ ウェブ コンサルティングはメドウィル ...,https://med-will.jp/,,,,さいたま市,さいたま市 クリニック 広告制作会社 Web -おすすめ -比較 -ランキング -求人 -まとめ
ME Groupについて,https://www.megroup-2.jp/page/company/group.html,,,,さいたま市,さいたま市 不動産 プロモーション会社 Web -おすすめ -比較 -ランキング -求人 -まとめ
不動産ホームページ 制作（HP作成）なら手間なく運用集客できる ...,https://taktcoltd.jp/,,,,さいたま市,さいたま市 不動産 プロモーション会社 Web -おすすめ -比較 -ランキング -求人 -まとめ
会社 紹介,https://www.townagent.jp/company/,,,,さいたま市,さいたま市 不動産 プロモーション会社 Web -おすすめ -比較 -ランキング -求人 -まとめ
会社 紹介,https://www.enoki-planning.com/company/,,,,さいたま市,さいたま市 不動産 プロモーション会社 Web -おすすめ -比較 -ランキング -求人 -まとめ
<< 会社 紹介>>埼玉県 さいたま市 の 不動産 なら株式 会社 ハウスプラス,https://www.house-p.co.jp/company/,,,,さいたま市,さいたま市 不動産 プロモーション会社 Web -おすすめ -比較 -ランキング -求人 -まとめ
【株式 会社 こうゆう】公教育,https://www.hanamarugroup.jp/koukyo/koshukai.php,,,,さいたま市,さいたま市 学習塾 広報支援会社 -おすすめ -比較 -ランキング -求人 -まとめ
環境教育で「学べる」「使える」情報をお知らせします,https://www.city.saitama.jp/001/009/017/002/001/p010347.html,,,,さいたま市,さいたま市 学習塾 広報支援会社 -おすすめ -比較 -ランキング -求人 -まとめ
HUGKUMI -はぐくみ-【掲載料無料の 工務店 向け住宅ポータルサイト】,https://dx-insight.com/service/hugkumi/,,,,さいたま市,さいたま市 工務店 販促支援会社 -おすすめ -比較 -ランキング -求人 -まとめ
万全のサポート体制,https://www.4sense.co.jp/support-system/,,,,さいたま市,さいたま市 工務店 販促支援会社 -おすすめ -比較 -ランキング -求人 -まとめ
特別講演 第十二弾！「販売促進職人」 全国大反響講義の「早川 大二 ...,https://www.sahn.jp/download/yousei/73teikikousyuukai.pdf,,,,さいたま市,さいたま市 工務店 販促支援会社 -おすすめ -比較 -ランキング -求人 -まとめ
会社 概要・企業情報,https://sinmido-recruit.com/corporate-intelligence/,,,,さいたま市,さいたま市 工務店 販促支援会社 -おすすめ -比較 -ランキング -求人 -まとめ
埼玉 のパンフレット制作・ 会社 案内・カタログのデザイン制作 会社 ...,https://www.print-solution.com/syutoken/saitama/,,,,さいたま市,さいたま市 工務店 販促支援会社 -おすすめ -比較 -ランキング -求人 -まとめ
受賞歴,https://www.aqgroup.jp/company/award/,,,,さいたま市,さいたま市 工務店 販促支援会社 -おすすめ -比較 -ランキング -求人 -まとめ
社章制作実例：株式 会社 黒澤 工務店,https://www.pins.co.jp/products_emblem/no1562/,,,,さいたま市,さいたま市 工務店 販促支援会社 -おすすめ -比較 -ランキング -求人 -まとめ
インフルエンサー 事業,https://www.officeforyou-kk.com/service/influencer-marketing,,,,さいたま市,さいたま市 インフルエンサーマーケティング会社 -おすすめ -比較 -ランキング -求人 -まとめ
株式会社デトロイト・コミニケ ...,https://detroid.work/lp/,,,,さいたま市,さいたま市 インフルエンサーマーケティング会社 -おすすめ -比較 -ランキング -求人 -まとめ
Company – コエレル,https://koereru.com/company,,,,さいたま市,さいたま市 インフルエンサーマーケティング会社 -おすすめ -比較 -ランキング -求人 -まとめ
SNS運用 代行は、 撮影 やバナー制作だけ依頼することもできますか？,https://connect-design.biz/news/sns%E9%81%8B%E7%94%A8%E4%BB%A3%E8%A1%8C%E3%81%AF%E3%80%81%E6%92%AE%E5%BD%B1%E3%82%84%E3%83%90%E3%83%8A%E3%83%BC%E5%88%B6%E4%BD%9C%E3%81%A0%E3%81%91%E4%BE%9D%E9%A0%BC%E3%81%99%E3%82%8B%E3%81%93/,,,,さいたま市,さいたま市 店舗撮影 SNS運用会社 -おすすめ -比較 -ランキング -求人 -まとめ
SNS運用 ポリシー,https://chocotabi-saitama.jp/business/snsprivacy/,,,,さいたま市,さいたま市 店舗撮影 SNS運用会社 -おすすめ -比較 -ランキング -求人 -まとめ
フォトライター／コンテンツ企画制作,https://sotozuke.co.jp/writing_photographer_contents/,,,,さいたま市,さいたま市 店舗撮影 SNS運用会社 -おすすめ -比較 -ランキング -求人 -まとめ
撮 影 許 可 申 請 書,https://www.plazanorth.jp/guide/pdf/satueikyoka-5.pdf,,,,さいたま市,さいたま市 店舗撮影 SNS運用会社 -おすすめ -比較 -ランキング -求人 -まとめ
株式 会社 ダンドリデザイン,https://dandori-design.jp/,,,,さいたま市,さいたま市 LINEマーケティング会社 -おすすめ -比較 -ランキング -求人 -まとめ
LINBECK – 埼玉 県のLステップ正規代理店LINBECK(リンベック ...,https://linbeck-llc.com/,,,,さいたま市,さいたま市 LINEマーケティング会社 -おすすめ -比較 -ランキング -求人 -まとめ
（令和7年9月22日発表） 明治安田生命保険相互 会社 及び ...,https://www.home.saitama-tsunagu.com/news/3755/,,,,さいたま市,さいたま市 LINEマーケティング会社 -おすすめ -比較 -ランキング -求人 -まとめ
デジタル広告,https://www.saitama-np.co.jp/company/digital_ad,,,,さいたま市,さいたま市 LINEマーケティング会社 -おすすめ -比較 -ランキング -求人 -まとめ
さいたま市 内 企業 の副業特集,https://lotsful.jp/specials/saitama,,,,さいたま市,さいたま市 中小企業 広報マーケティング支援 -おすすめ -比較 -ランキング -求人 -まとめ
（募集） さいたま市 産業創造財団副業人材マッチング 支援 事業への ...,https://www.sozo-saitama.or.jp/topic/hukugyomatching/,,,,さいたま市,さいたま市 中小企業 広報マーケティング支援 -おすすめ -比較 -ランキング -求人 -まとめ
販促・ マーケティング支援,https://prime-cmcs.jp/services/marketing,,,,さいたま市,さいたま市 中小企業 広報マーケティング支援 -おすすめ -比較 -ランキング -求人 -まとめ
商工団体のみなさまへ,https://sai-smeca.com/support/commerce.html,,,,さいたま市,さいたま市 中小企業 広報マーケティング支援 -おすすめ -比較 -ランキング -求人 -まとめ
埼玉 県女性キャリアセンター 就職 支援 セミナー（オンライン開催）,https://www.city.misato.lg.jp/soshiki/chiikishinko/shokokanko/shokoinfo/9691.html,,,,さいたま市,さいたま市 中小企業 広報マーケティング支援 -おすすめ -比較 -ランキング -求人 -まとめ
事業概要,https://dmo-kawagoe.or.jp/business,,,,川越市,川越市 飲食店 プロモーション会社 -おすすめ -比較 -ランキング -求人 -まとめ
映像・動画制作実績,https://nutrits.jp/movie-past-projects/,,,,川越市,川越市 飲食店 プロモーション会社 -おすすめ -比較 -ランキング -求人 -まとめ
Company運営 会社,http://andmore55.com/company/,,,,川越市,川越市 飲食店 プロモーション会社 -おすすめ -比較 -ランキング -求人 -まとめ
事業内容,https://best-food.co.jp/service/,,,,川越市,川越市 飲食店 プロモーション会社 -おすすめ -比較 -ランキング -求人 -まとめ
第4回 コエド芋パーク,https://coedo-imopark.com/,,,,川越市,川越市 飲食店 プロモーション会社 -おすすめ -比較 -ランキング -求人 -まとめ
共助の取組マッチング事業 専門家リスト（個人）,https://www.saitamaken-npo.net/html/160531_kojin_237.pdf,,,,川越市,川越市 美容室 販促企画会社 -おすすめ -比較 -ランキング -求人 -まとめ
会員企業,https://www.kawagoehoujinkai.or.jp/members/,,,,川越市,川越市 美容室 販促企画会社 -おすすめ -比較 -ランキング -求人 -まとめ
川越市 で印刷・看板製作・図面スキャン・製本・DVDコピー,https://www.ev-kawagoe.com/kawagoe/,,,,川越市,川越市 美容室 販促企画会社 -おすすめ -比較 -ランキング -求人 -まとめ
埼玉県の士業（税理士・行政書士など）に強いホームページ 制作会社,https://c-ree.com/partners/industry/shigyou/saitama,,,,川越市,川越市 クリニック 広告制作会社 Web -おすすめ -比較 -ランキング -求人 -まとめ
株式 会社 ゼロサン,https://homepage-seisaku.biz/introduce/03d/,,,,川越市,川越市 クリニック 広告制作会社 Web -おすすめ -比較 -ランキング -求人 -まとめ
会社 紹介,https://www.sinkaen.jp/company/,,,,川越市,川越市 不動産 プロモーション会社 Web -おすすめ -比較 -ランキング -求人 -まとめ
株式 会社 大進 不動産 流通センター,https://sumunara-saitama.pref.saitama.lg.jp/life/support-partners-top/support-partner-63city/%E6%A0%AA%E5%BC%8F%E4%BC%9A%E7%A4%BE%E5%A4%A7%E9%80%B2%E4%B8%8D%E5%8B%95%E7%94%A3%E6%B5%81%E9%80%9A%E3%82%BB%E3%83%B3%E3%82%BF%E3%83%BC/,,,,川越市,川越市 不動産 プロモーション会社 Web -おすすめ -比較 -ランキング -求人 -まとめ
会社 案内,https://family-home.jp/?page_id=1085,,,,川越市,川越市 不動産 プロモーション会社 Web -おすすめ -比較 -ランキング -求人 -まとめ
【 WEB 】メールハウス コーポレートサイト WEB,https://ad-hands.jp/creative/p1084/,,,,川越市,川越市 不動産 プロモーション会社 Web -おすすめ -比較 -ランキング -求人 -まとめ
センチュリー21クレド様の売買制作実績,https://www.j-s-p.com/works/page_920.html,,,,川越市,川越市 不動産 プロモーション会社 Web -おすすめ -比較 -ランキング -求人 -まとめ
(有)金大,https://saitama.zennichi.or.jp/akiya/%E6%9C%89%E9%87%91%E5%A4%A7/,,,,川越市,川越市 不動産 プロモーション会社 Web -おすすめ -比較 -ランキング -求人 -まとめ
川越 の 不動産 はサンライフ株式 会社,http://kawagoesunlife.web.fc2.com/,,,,川越市,川越市 不動産 プロモーション会社 Web -おすすめ -比較 -ランキング -求人 -まとめ
（株）三澤屋建設 三澤屋 不動産,https://www.takuken.or.jp/akiya/detail/175.html,,,,川越市,川越市 不動産 プロモーション会社 Web -おすすめ -比較 -ランキング -求人 -まとめ
ジェクトワンが全国各地の事業者と提携する「アキサポネット」に ...,https://www.pr-today.net/a00332/opr/680/,,,,川越市,川越市 不動産 プロモーション会社 Web -おすすめ -比較 -ランキング -求人 -まとめ
がん征圧・患者・家族 支援 のチャリティ活動,https://relayforlife.jp/kawagoe/wp-content/uploads/2025/03/RFLJ2024kawagoe_Report.pdf,,,,川越市,川越市 工務店 販促支援会社 -おすすめ -比較 -ランキング -求人 -まとめ
就労移行ITスクール 川越,https://snabi.jp/facility/23367,,,,川越市,川越市 学習塾 広報支援会社 -おすすめ -比較 -ランキング -求人 -まとめ
川越市 創業 支援 事業「川越創業スクール（第3期）」,https://events.koedo.info/170906kawagoesogyo/,,,,川越市,川越市 学習塾 広報支援会社 -おすすめ -比較 -ランキング -求人 -まとめ
令和8年度 川越市 公民館事業計画,https://www.city.kawagoe.saitama.jp/_res/projects/default_project/_page_/001/003/518/r8keikaku.pdf,,,,川越市,川越市 学習塾 広報支援会社 -おすすめ -比較 -ランキング -求人 -まとめ
【第一学院 川越 広報 ＃5】アシスタントフェロー インタビューVol.1,https://www.daiichigakuin.ed.jp/campus/kawagoe/blog/73000/,,,,川越市,川越市 学習塾 広報支援会社 -おすすめ -比較 -ランキング -求人 -まとめ
サービス内容＿写真 撮影,https://www.pocket-graph.com/service_photo,,,,川越市,川越市 店舗撮影 SNS運用会社 -おすすめ -比較 -ランキング -求人 -まとめ
ex-studio 川越 オフィス webサイトデザイン 広告 制作 会社,https://kawagoe.exstudio.jp/,,,,川越市,川越市 店舗撮影 SNS運用会社 -おすすめ -比較 -ランキング -求人 -まとめ
川越市 のホームページ制作・対面で相談できる安心の伴走型サポート,https://www.harenohidesign.website/kawagoe-homepage/,,,,川越市,川越市 店舗撮影 SNS運用会社 -おすすめ -比較 -ランキング -求人 -まとめ
板垣 勝大,https://fir-st.co.jp/member/itagaki/,,,,川越市,川越市 インフルエンサーマーケティング会社 -おすすめ -比較 -ランキング -求人 -まとめ
会員紹介,https://kawagoe-doyu.com/member/,,,,川越市,川越市 インフルエンサーマーケティング会社 -おすすめ -比較 -ランキング -求人 -まとめ
株式 会社 KAIKETSUの事例,https://digi-co.net/case/kaiketsu,,,,川越市,川越市 インフルエンサーマーケティング会社 -おすすめ -比較 -ランキング -求人 -まとめ
女性 インフルエンサー たちのベーシック・インカムを創る,https://dhbr.diamond.jp/articles/-/6568,,,,川越市,川越市 インフルエンサーマーケティング会社 -おすすめ -比較 -ランキング -求人 -まとめ
お問い合わせ,https://to1-labo.com/contact/,,,,川越市,川越市 インフルエンサーマーケティング会社 -おすすめ -比較 -ランキング -求人 -まとめ
Untitled,https://s11919622222cd6c1.jimcontent.com/download/version/1636681290/module/11521953974/name/%E5%B7%9D%E8%B6%8A%E5%B8%82LINE%E3%83%81%E3%83%A9%E3%82%B7.pdf,,,,川越市,川越市 LINEマーケティング会社 -おすすめ -比較 -ランキング -求人 -まとめ
事業内容,https://k-kotonari.co.jp/service,,,,川越市,川越市 LINEマーケティング会社 -おすすめ -比較 -ランキング -求人 -まとめ
COMPANY,https://relightstudio.jp/company/,,,,川越市,川越市 コンテンツ制作 SNS運用会社 -おすすめ -比較 -ランキング -求人 -まとめ
Q&A経営相談,https://fujiikaikeijimusho.tkcnf.com/tkc-management-qa,,,,川越市,川越市 中小企業 広報マーケティング支援 -おすすめ -比較 -ランキング -求人 -まとめ
ı-1,https://www.city.yashio.lg.jp/jigyosha/jigyosha/saitamayorozushien.files/yorozusiennkyitenn.pdf,,,,川越市,川越市 中小企業 広報マーケティング支援 -おすすめ -比較 -ランキング -求人 -まとめ
グルメ紹介動画（ 店舗PR 動画）-自治体,https://sheepluck.com/gourmet/,,,,越谷市,越谷市 飲食店 プロモーション会社 -おすすめ -比較 -ランキング -求人 -まとめ
越谷 meet/eatへの想い,https://meeteat.jp/info/omoi,,,,越谷市,越谷市 飲食店 プロモーション会社 -おすすめ -比較 -ランキング -求人 -まとめ
令和6年度 越 谷 市 ビジネスパワーアップ補助金 活用事例集,https://www.city.koshigaya.saitama.jp/kurashi_shisei/jigyosha/shienyushi/hojokin/files/r6bpzireisyu.pdf,,,,越谷市,越谷市 飲食店 プロモーション会社 -おすすめ -比較 -ランキング -求人 -まとめ
こしグル～ こしがや愛されグルメ～を紹介します,https://koshigayafm.co.jp/2020/08/18/%E3%81%93%E3%81%97%E3%82%B0%E3%83%AB%EF%BD%9E-%E3%81%93%E3%81%97%E3%81%8C%E3%82%84%E6%84%9B%E3%81%95%E3%82%8C%E3%82%B0%E3%83%AB%E3%83%A1%EF%BD%9E%E3%82%92%E7%B4%B9%E4%BB%8B%E3%81%97%E3%81%BE%E3%81%99/,,,,越谷市,越谷市 飲食店 プロモーション会社 -おすすめ -比較 -ランキング -求人 -まとめ
越谷 シティ プロモーション パンフレット,https://award.jnsca.jp/medium/%E8%B6%8A%E8%B0%B7%E3%82%B7%E3%83%86%E3%82%A3%E3%83%97%E3%83%AD%E3%83%A2%E3%83%BC%E3%82%B7%E3%83%A7%E3%83%B3%E3%83%91%E3%83%B3%E3%83%95%E3%83%AC%E3%83%83%E3%83%88/,,,,越谷市,越谷市 飲食店 プロモーション会社 -おすすめ -比較 -ランキング -求人 -まとめ
こしがや愛されグルメ第1期,https://1969actival.jp/contents/koshigayaaisaregourmet,,,,越谷市,越谷市 飲食店 プロモーション会社 -おすすめ -比較 -ランキング -求人 -まとめ
オーガニックハーブヘアカラー専門店 Garden イオンレイクタウン店,https://epark.jp/detail/wait/173161,,,,越谷市,越谷市 美容室 販促企画会社 -おすすめ -比較 -ランキング -求人 -まとめ
AGAスキン クリニック WEB マーケティング担当者 リーダー候補,https://recruit.ideajapan.com/joblist/60/,,,,越谷市,越谷市 クリニック 広告制作会社 Web -おすすめ -比較 -ランキング -求人 -まとめ
埼玉県 越谷市 下間久里／幹線道路である国道4号線そばの新築 ...,https://www.crecer-b.com/estate/13008d/,,,,越谷市,越谷市 クリニック 広告制作会社 Web -おすすめ -比較 -ランキング -求人 -まとめ
会社 紹介,https://www.takamoto-kaihatsu.co.jp/company/,,,,越谷市,越谷市 不動産 プロモーション会社 Web -おすすめ -比較 -ランキング -求人 -まとめ
会社 紹介,https://www.hikari-home.co.jp/company/,,,,越谷市,越谷市 不動産 プロモーション会社 Web -おすすめ -比較 -ランキング -求人 -まとめ
会社 紹介,https://www.hakushin.com/company/,,,,越谷市,越谷市 不動産 プロモーション会社 Web -おすすめ -比較 -ランキング -求人 -まとめ
会社 紹介,https://www.marufukufudosan.com/company/,,,,越谷市,越谷市 不動産 プロモーション会社 Web -おすすめ -比較 -ランキング -求人 -まとめ
スタッフ紹介,https://sell.maruyoshi.ne.jp/st/eigyoman_cgi_colc_ffc000_tmpl_num_list_1_num_4635_target_num_notmpl_1.html,,,,越谷市,越谷市 不動産 プロモーション会社 Web -おすすめ -比較 -ランキング -求人 -まとめ
(有)ジャパンクリエイション,http://japancreation.web.fc2.com/,,,,越谷市,越谷市 不動産 プロモーション会社 Web -おすすめ -比較 -ランキング -求人 -まとめ
建築板金の高度な職人技を伝承 青年部活動で「鴨ネギ鍋」に尽力,https://www.koshigaya-cci.or.jp/kodou/pdf_img/kodou2023_11.pdf,,,,越谷市,越谷市 工務店 販促支援会社 -おすすめ -比較 -ランキング -求人 -まとめ
情報提供,http://www.izus.co.jp/concept/con05/,,,,越谷市,越谷市 工務店 販促支援会社 -おすすめ -比較 -ランキング -求人 -まとめ
【不登校の息子とつくるフリースクール】「学校に行けない＝不幸 ...,https://nijin.co.jp/recruit/interview-hitomin/?srsltid=AfmBOoo7n83scYh3Ptum2Es1i1WU45Dcv83vzEW7UNdnbyJMudwGvPAN,,,,越谷市,越谷市 学習塾 広報支援会社 -おすすめ -比較 -ランキング -求人 -まとめ
NPO塾全協について,https://npojzk.net/about/,,,,越谷市,越谷市 学習塾 広報支援会社 -おすすめ -比較 -ランキング -求人 -まとめ
「貧困の連鎖をなくしたい」寄付で思いを託すサポーターの声 ...,https://info.eboard.jp/e-magazine/10th_2015.html,,,,越谷市,越谷市 学習塾 広報支援会社 -おすすめ -比較 -ランキング -求人 -まとめ
株式 会社 スズナル,https://sigma-biz.jp/corporate/11091,,,,越谷市,越谷市 店舗撮影 SNS運用会社 -おすすめ -比較 -ランキング -求人 -まとめ
会社 案内  名刺ショップドットコムforモバイル,https://mobile.meishishop.com/corporate.html,,,,越谷市,越谷市 店舗撮影 SNS運用会社 -おすすめ -比較 -ランキング -求人 -まとめ
SNS ショート動画映像ディレクター：山﨑清彦(やまざききよひこ),https://wazahaku.com/wazabito/140/,,,,越谷市,越谷市 店舗撮影 SNS運用会社 -おすすめ -比較 -ランキング -求人 -まとめ
EGG,https://egggggg.co.jp/,,,,越谷市,越谷市 インフルエンサーマーケティング会社 -おすすめ -比較 -ランキング -求人 -まとめ
IRIS,https://www.iris-laketown.com/,,,,越谷市,越谷市 LINEマーケティング会社 -おすすめ -比較 -ランキング -求人 -まとめ
会社 概要,https://mediad.jp/%E4%BC%9A%E7%A4%BE%E6%A6%82%E8%A6%81/,,,,越谷市,越谷市 コンテンツ制作 SNS運用会社 -おすすめ -比較 -ランキング -求人 -まとめ
徳島市行財政力強化プランの取組状況について,https://www.city.tokushima.tokushima.jp/shisei/zaisei/gyouzaisei_kyouka/shimin_kaigi/H27kaigi1.files/siryo1.pdf,,,,越谷市,越谷市 中小企業 広報マーケティング支援 -おすすめ -比較 -ランキング -求人 -まとめ
会社 概要,https://www.e-next.co.jp/company.html,,,,千葉市,千葉市 飲食店 プロモーション会社 -おすすめ -比較 -ランキング -求人 -まとめ
千葉市 の魅力大集合!イオンスタイル鎌取で「 千葉市 フェア」を開催 ...,https://www.city.chiba.jp/sogoseisaku/shichokoshitsu/hisho/hodo/documents/250609-2.pdf,,,,千葉市,千葉市 飲食店 プロモーション会社 -おすすめ -比較 -ランキング -求人 -まとめ
飲食店 ・レストラン,https://www.chibahojin.jp/pr/member/wlnews.cgi?id=chh&group=%88%F9%90H%93X%81E%83%8C%83X%83g%83%89%83%93,,,,千葉市,千葉市 飲食店 プロモーション会社 -おすすめ -比較 -ランキング -求人 -まとめ
Untitled,http://www.togane-cci.or.jp/wp-content/uploads/2022/10/2022toganecity_business_matching.pdf,,,,千葉市,千葉市 飲食店 プロモーション会社 -おすすめ -比較 -ランキング -求人 -まとめ
元気企業 倖生工業株式 会社,https://www.chibashi-sangyo.or.jp/genki/1239-genki36/,,,,千葉市,千葉市 飲食店 プロモーション会社 -おすすめ -比較 -ランキング -求人 -まとめ
売上拡大・コストダウン等 理容室・ 美容室 の経営サポートならBCS,https://b-c-s.co.jp/marketing.html,,,,千葉市,千葉市 美容室 販促企画会社 -おすすめ -比較 -ランキング -求人 -まとめ
会社 概要,http://quanta-design.com/company/,,,,千葉市,千葉市 美容室 販促企画会社 -おすすめ -比較 -ランキング -求人 -まとめ
【デジマ放談】 美容院 の 販促企画 を提案せよ！,https://schoo.jp/course/4550,,,,千葉市,千葉市 美容室 販促企画会社 -おすすめ -比較 -ランキング -求人 -まとめ
販促 ・販路拡大：アドバイザー検索,https://musashikoyama-sc.jp/adsearch/?category=20,,,,千葉市,千葉市 美容室 販促企画会社 -おすすめ -比較 -ランキング -求人 -まとめ
ホームページ 制作 （ 千葉 ）の株式 会社 アドバンス,https://www.advance-works.jp/web/homepage.html,,,,千葉市,千葉市 クリニック 広告制作会社 Web -おすすめ -比較 -ランキング -求人 -まとめ
会社 紹介,https://www.bousou-totitatemono.co.jp/company/,,,,千葉市,千葉市 不動産 プロモーション会社 Web -おすすめ -比較 -ランキング -求人 -まとめ
有限 会社 よし 不動産 （平成28年12月1日登録）,https://www.pref.chiba.lg.jp/koyou/worklifebalance/portalsite/ikiiki/h28/16-52.html,,,,千葉市,千葉市 不動産 プロモーション会社 Web -おすすめ -比較 -ランキング -求人 -まとめ
株式 会社 拓匠開発／千葉県 千葉市,https://www.zentaku.or.jp/about/research_project/renovation/renovation-10619/,,,,千葉市,千葉市 不動産 プロモーション会社 Web -おすすめ -比較 -ランキング -求人 -まとめ
千葉市 の賃貸・駐車場なら山田 不動産,https://www.yamadafudousan.com/company/,,,,千葉市,千葉市 不動産 プロモーション会社 Web -おすすめ -比較 -ランキング -求人 -まとめ
大樹 不動産 株式 会社,https://www.city.choshi.chiba.jp/kanko/page1101_00131.html,,,,千葉市,千葉市 不動産 プロモーション会社 Web -おすすめ -比較 -ランキング -求人 -まとめ
私たちの思い,https://www.areaone.ltd/housing/concept.html,,,,千葉市,千葉市 工務店 販促支援会社 -おすすめ -比較 -ランキング -求人 -まとめ
工務店,https://partner.dolive.media/tag/%E5%B7%A5%E5%8B%99%E5%BA%97/,,,,千葉市,千葉市 工務店 販促支援会社 -おすすめ -比較 -ランキング -求人 -まとめ
すぐやろ 工務店 会 運営本部,https://urac.ne.jp/suguyaro/company/,,,,千葉市,千葉市 工務店 販促支援会社 -おすすめ -比較 -ランキング -求人 -まとめ
ネオ・クラフト,https://messe.nikkei.co.jp/exhibitor/info/AS/ja/26189,,,,千葉市,千葉市 工務店 販促支援会社 -おすすめ -比較 -ランキング -求人 -まとめ
伊豆商事(株)の2027年度 会社 概要,https://job.mynavi.jp/28/pc/search/corp227826/outline.html,,,,千葉市,千葉市 工務店 販促支援会社 -おすすめ -比較 -ランキング -求人 -まとめ
子ども習い事 支援 開始 ～すべての子どもに質の高い ICT 教育を,https://pdf.irpocket.com/C3738/aG1f/sXKc/o2gX.pdf,,,,千葉市,千葉市 学習塾 広報支援会社 -おすすめ -比較 -ランキング -求人 -まとめ
多文化フリースクールちば,https://syncable.biz/associate/tabunkachiba/vision,,,,千葉市,千葉市 学習塾 広報支援会社 -おすすめ -比較 -ランキング -求人 -まとめ
創業セミナー・創業スクール,https://www.chiba-cgc.or.jp/seminar/,,,,千葉市,千葉市 学習塾 広報支援会社 -おすすめ -比較 -ランキング -求人 -まとめ
SNS運用 代行,https://chibaschoolstudio.jp/sns,,,,千葉市,千葉市 店舗撮影 SNS運用会社 -おすすめ -比較 -ランキング -求人 -まとめ
株式 会社 動画丸,https://chi-value.com/shopspot/id12385/,,,,千葉市,千葉市 店舗撮影 SNS運用会社 -おすすめ -比較 -ランキング -求人 -まとめ
Studio357,https://studio357.jp/,,,,千葉市,千葉市 店舗撮影 SNS運用会社 -おすすめ -比較 -ランキング -求人 -まとめ
社会福祉法人 千葉市 手をつなぐ育成会 SNS 運用 ポリシー,https://houjin-chibacity-ikuseikai.jp/plugin/dlexec.php?filename=swfu%2Fd%2FSNS_policy.pdf&key=cc1168879a7f105c155e322fc41d2633&refer=MenuBar,,,,千葉市,千葉市 店舗撮影 SNS運用会社 -おすすめ -比較 -ランキング -求人 -まとめ
会社 情報,https://digitalift.co.jp/company/,,,,千葉市,千葉市 インフルエンサーマーケティング会社 -おすすめ -比較 -ランキング -求人 -まとめ
国や地域に関係なく、ECと インフルエンサー のボーダレスな ...,https://www.bridalin.com/news/20230315/,,,,千葉市,千葉市 インフルエンサーマーケティング会社 -おすすめ -比較 -ランキング -求人 -まとめ
株式 会社 モビリィ,https://www.e-funabashi.com/archives/fccimember/mobily,,,,千葉市,千葉市 インフルエンサーマーケティング会社 -おすすめ -比較 -ランキング -求人 -まとめ
会社 概要,https://lext-inc.com/company-overview/,,,,千葉市,千葉市 インフルエンサーマーケティング会社 -おすすめ -比較 -ランキング -求人 -まとめ
LINE 公式アカウント活用の成功事例,https://lg-institute.gyoseiq.co.jp/public/discussion/50,,,,千葉市,千葉市 LINEマーケティング会社 -おすすめ -比較 -ランキング -求人 -まとめ
LINEマーケティング 千葉 瑛太 のプロフィール,https://soujiworks.com/service/member05/,,,,千葉市,千葉市 LINEマーケティング会社 -おすすめ -比較 -ランキング -求人 -まとめ
第2弾！国道357号（ 千葉 市役所・ 千葉 銀行前）にて、 “道路空間の ...,https://parkline.jp/news/news02/,,,,千葉市,千葉市 LINEマーケティング会社 -おすすめ -比較 -ランキング -求人 -まとめ
「おまかせください」 LINE 公式アカウントのことならLINEFreak,https://linefreak-manga.studio.site/1-1,,,,千葉市,千葉市 LINEマーケティング会社 -おすすめ -比較 -ランキング -求人 -まとめ
Web集客始めます課:,https://webshukyaku.jp/,,,,千葉市,千葉市 コンテンツ制作 SNS運用会社 -おすすめ -比較 -ランキング -求人 -まとめ
会社概要,https://ad-inc.jp/company,,,,千葉市,千葉市 ホームページ制作 Web広告運用 -おすすめ -比較 -ランキング -求人 -まとめ
4/24インスタ活用セミナー（募集終了）,https://chibakoho.jp/recruiting/415/,,,,千葉市,千葉市 中小企業 広報マーケティング支援 -おすすめ -比較 -ランキング -求人 -まとめ
プレスリリースセミナー,https://www.chiba-cci.or.jp/wp-content/uploads/2020/07/press-release-seminar.pdf,,,,千葉市,千葉市 中小企業 広報マーケティング支援 -おすすめ -比較 -ランキング -求人 -まとめ
なかたに,https://nakataniayano.com/wp-content/uploads/2023/01/A4_mitsuori.pdf,,,,船橋市,船橋市 飲食店 プロモーション会社 -おすすめ -比較 -ランキング -求人 -まとめ
ODOLE DESIGN オドル・デザイン,https://www.odoledesign.com/,,,,船橋市,船橋市 クリニック 広告制作会社 Web -おすすめ -比較 -ランキング -求人 -まとめ
SEO対策3ヶ月目の結果を公開,https://dreamcode.jp/evidence/salon/2024/09/2787/,,,,船橋市,船橋市 クリニック 広告制作会社 Web -おすすめ -比較 -ランキング -求人 -まとめ
会社 紹介,https://www.meiko-fudosan.jp/company/,,,,船橋市,船橋市 不動産 プロモーション会社 Web -おすすめ -比較 -ランキング -求人 -まとめ
会社 紹介,https://www.s-jyuken.com/company/,,,,船橋市,船橋市 不動産 プロモーション会社 Web -おすすめ -比較 -ランキング -求人 -まとめ
グループ 会社,https://www.kimuraestate.co.jp/group/,,,,船橋市,船橋市 不動産 プロモーション会社 Web -おすすめ -比較 -ランキング -求人 -まとめ
会社 紹介,https://www.sankyotochi.co.jp/company/,,,,船橋市,船橋市 不動産 プロモーション会社 Web -おすすめ -比較 -ランキング -求人 -まとめ
来店予約,https://www.himawariestate.com/contact/reserve,,,,船橋市,船橋市 不動産 プロモーション会社 Web -おすすめ -比較 -ランキング -求人 -まとめ
2026/01/13(火),https://and.care/news/251222/,,,,船橋市,船橋市 不動産 プロモーション会社 Web -おすすめ -比較 -ランキング -求人 -まとめ
各種ご紹介,http://www.wkc.co.jp/service/,,,,船橋市,船橋市 不動産 プロモーション会社 Web -おすすめ -比較 -ランキング -求人 -まとめ
新築工事,https://www.nagano-kensetsu.co.jp/new_construction_work.html,,,,船橋市,船橋市 工務店 販促支援会社 -おすすめ -比較 -ランキング -求人 -まとめ
【住宅業界向け】今日から変わる仕事術！AI導入、業務効率化,https://blog.re-feed.jp/seminar/241213_seminar/,,,,船橋市,船橋市 工務店 販促支援会社 -おすすめ -比較 -ランキング -求人 -まとめ
テキスト版 広報 ふなばし 平成28年4月1日号,https://www.city.funabashi.lg.jp/shisei/kouhou/001/p043787.html,,,,船橋市,船橋市 学習塾 広報支援会社 -おすすめ -比較 -ランキング -求人 -まとめ
起業・経営相談窓口 Ichikawaワタシの夢起業塾 起業応援 ...,https://www.city.ichikawa.lg.jp/uploaded/attachment/53234.pdf,,,,船橋市,船橋市 学習塾 広報支援会社 -おすすめ -比較 -ランキング -求人 -まとめ
平成26年 9 月,https://funabashi-circle.jp/wp/wp-content/uploads/2020/03/%E5%BA%83%E5%A0%B1%E3%81%95%E3%83%BC%E3%81%8F%E3%82%8B%E7%AC%AC%EF%BC%91%EF%BC%91%E5%8F%B7%EF%BC%88%E5%B9%B3%E6%88%9026%E5%B9%B49%E6%9C%88%EF%BC%89.pdf,,,,船橋市,船橋市 学習塾 広報支援会社 -おすすめ -比較 -ランキング -求人 -まとめ
参加費無料】 船橋 開催／キャリアコンサルタント国家資格説明会,https://jinjibu.jp/seminar/detl/142097/,,,,船橋市,船橋市 学習塾 広報支援会社 -おすすめ -比較 -ランキング -求人 -まとめ
「あなたのLOVE  CHIBA教えてキャンペーン」Season14開 始 SNS ...,https://www.nikkei.com/markets/ir/irftp/data/tdnr/tdnetg3/20250609/fd7neo/140120250609584576.pdf,,,,船橋市,船橋市 店舗撮影 SNS運用会社 -おすすめ -比較 -ランキング -求人 -まとめ
SNS マーケティング 事業のLP,https://liberadiant-webpartner.com/sns%E3%83%9E%E3%83%BC%E3%82%B1%E3%83%86%E3%82%A3%E3%83%B3%E3%82%B0%E4%BA%8B%E6%A5%AD%E3%81%AElp/,,,,船橋市,船橋市 インフルエンサーマーケティング会社 -おすすめ -比較 -ランキング -求人 -まとめ
地方創生官民連携,https://funmake.co.jp/services/consulting/,,,,船橋市,船橋市 インフルエンサーマーケティング会社 -おすすめ -比較 -ランキング -求人 -まとめ
DXで実現する自治体の戦略 広報 〜 千代田区や町田市、柏市が導入の ...,https://pranalyzer.jp/seminar/details/240827tue1100,,,,船橋市,船橋市 中小企業 広報マーケティング支援 -おすすめ -比較 -ランキング -求人 -まとめ
ふなボノ ＋,https://grant.community/funabono,,,,船橋市,船橋市 中小企業 広報マーケティング支援 -おすすめ -比較 -ランキング -求人 -まとめ
ホームページ・サイト制作 WEB マーケティング 販売促進 千葉 船橋,https://besteffortmarketing.co.jp/aboutus/,,,,船橋市,船橋市 中小企業 広報マーケティング支援 -おすすめ -比較 -ランキング -求人 -まとめ
街一体を味方につけて、コロナに挑む。『 飲食 したつもりで柏の ...,https://camp-fire.jp/academy/articles/casestudy-250060,,,,柏市,柏市 飲食店 プロモーション会社 -おすすめ -比較 -ランキング -求人 -まとめ
まちなかグルメ,https://www.city.kashiwa.lg.jp/city-promotion/shiseijoho/about_kashiwa/kashiwa_deviewn/gourmet.html,,,,柏市,柏市 飲食店 プロモーション会社 -おすすめ -比較 -ランキング -求人 -まとめ
アクセス,https://www.technopromotion.co.jp/access.html,,,,柏市,柏市 飲食店 プロモーション会社 -おすすめ -比較 -ランキング -求人 -まとめ
company_promotion,https://gincafe.co.jp/company_promotion/,,,,柏市,柏市 飲食店 プロモーション会社 -おすすめ -比較 -ランキング -求人 -まとめ
飲食 事業部 Food & Beverage Division,https://www.ichi-fuku.jp/service/food/,,,,柏市,柏市 飲食店 プロモーション会社 -おすすめ -比較 -ランキング -求人 -まとめ
【次世代の 美容室 経営支援】株式 会社 ナカムラ×COTA株式 会社 の ...,https://nakamura-biyou.net/question/20201119164649/,,,,柏市,柏市 美容室 販促企画会社 -おすすめ -比較 -ランキング -求人 -まとめ
紙・葉書・電話で差をつける！“つながり”づくりのの達人 美容室 の戦略,https://honesty.promo/tunagu,,,,柏市,柏市 美容室 販促企画会社 -おすすめ -比較 -ランキング -求人 -まとめ
その他業種の看板デザイン例,https://nodasign.com/works/other-sign,,,,柏市,柏市 美容室 販促企画会社 -おすすめ -比較 -ランキング -求人 -まとめ
お客さまの声,https://erima.co/customer/,,,,柏市,柏市 美容室 販促企画会社 -おすすめ -比較 -ランキング -求人 -まとめ
ホームページ 制作 の実績,https://www.doctorsupportnet.jp/its/jisseki.html,,,,柏市,柏市 クリニック 広告制作会社 Web -おすすめ -比較 -ランキング -求人 -まとめ
株式 会社 アドバンスプロパティ,https://advance-pr.com/,,,,柏市,柏市 不動産 プロモーション会社 Web -おすすめ -比較 -ランキング -求人 -まとめ
会社 紹介,https://www.minamikashiwa-living.co.jp/company/,,,,柏市,柏市 不動産 プロモーション会社 Web -おすすめ -比較 -ランキング -求人 -まとめ
千葉県 柏市 新築一戸建て情報更新いたしました！2025-04-07,https://cocoliver-web.com/info/page_624.html,,,,柏市,柏市 不動産 プロモーション会社 Web -おすすめ -比較 -ランキング -求人 -まとめ
柏市 と「オールブラックス」事前キャンプサポートが決定,https://www.mitsuifudosan.co.jp/corporate/news/2018/0531_01/,,,,柏市,柏市 不動産 プロモーション会社 Web -おすすめ -比較 -ランキング -求人 -まとめ
南柏駅徒歩4分・ 柏市 南柏2丁目の1K-ネット使用料不要の賃貸物件,https://www.yoshida-re.co.jp/bk38763000-1268/,,,,柏市,柏市 不動産 プロモーション会社 Web -おすすめ -比較 -ランキング -求人 -まとめ
ミスタービルド柏 (有)アド・リビング 地域密着地元の 工務店 ...,https://partnershop.takara-standard.co.jp/shop/177,,,,柏市,柏市 工務店 販促支援会社 -おすすめ -比較 -ランキング -求人 -まとめ
小川 工務店 の 会社 概要,https://www.ogawa-bco.co.jp/company/overview/,,,,柏市,柏市 工務店 販促支援会社 -おすすめ -比較 -ランキング -求人 -まとめ
柏市 ・我孫子市・印西市の注文住宅・デザイン住宅なら株式 会社 山秀,https://www.sanshu0922.com/,,,,柏市,柏市 工務店 販促支援会社 -おすすめ -比較 -ランキング -求人 -まとめ
木下 工務店 のかしわ沼南展示場,https://www.kinoshita-koumuten.co.jp/modelhouse/kashiwashonan/,,,,柏市,柏市 工務店 販促支援会社 -おすすめ -比較 -ランキング -求人 -まとめ
会社 概要,https://mitok.jp/about/,,,,柏市,柏市 工務店 販促支援会社 -おすすめ -比較 -ランキング -求人 -まとめ
東葛支部,https://www.chiba-jk.or.jp/sibu/pdf/02_toukatsu.pdf,,,,柏市,柏市 工務店 販促支援会社 -おすすめ -比較 -ランキング -求人 -まとめ
宮前 工務店,https://miyamae4649.com/,,,,柏市,柏市 工務店 販促支援会社 -おすすめ -比較 -ランキング -求人 -まとめ
天然無垢材と耐震等級3の家づくり,https://kinokuni-koubou.co.jp/,,,,柏市,柏市 工務店 販促支援会社 -おすすめ -比較 -ランキング -求人 -まとめ
経営発達 支援 計画の概要,https://www.kashiwa-cci.or.jp/wp-content/uploads/2018/03/keiheihattatsu_gaiyo.pdf,,,,柏市,柏市 学習塾 広報支援会社 -おすすめ -比較 -ランキング -求人 -まとめ
【 広報 公益委員会取材事業 第140回】『NPO法人キッズドア ...,https://tokyo.zennichi.or.jp/chuo/event/2019081408212917817.html,,,,柏市,柏市 学習塾 広報支援会社 -おすすめ -比較 -ランキング -求人 -まとめ
運営 会社,https://atri.beauty/operated/,,,,柏市,柏市 店舗撮影 SNS運用会社 -おすすめ -比較 -ランキング -求人 -まとめ
オリジナル映像動画制作・効果的な情報発信,https://system-planning-delivery.com/?page_id=880,,,,柏市,柏市 店舗撮影 SNS運用会社 -おすすめ -比較 -ランキング -求人 -まとめ
会社 概要,https://platta.jp/company/,,,,柏市,柏市 インフルエンサーマーケティング会社 -おすすめ -比較 -ランキング -求人 -まとめ
経済学部,https://www.reitaku-u.ac.jp/news/pdf/workshop.pdf,,,,柏市,柏市 インフルエンサーマーケティング会社 -おすすめ -比較 -ランキング -求人 -まとめ
CONSULTING BUSINESS,https://f-gear.co.jp/consulting-business/,,,,柏市,柏市 インフルエンサーマーケティング会社 -おすすめ -比較 -ランキング -求人 -まとめ
業績向上につながる！』〜56歳 IT初心者が LINE を導入し、顧客単価 ...,http://chibakita-keieikenkyukai.com/%E3%81%94%E6%A1%88%E5%86%85/848/,,,,柏市,柏市 LINEマーケティング会社 -おすすめ -比較 -ランキング -求人 -まとめ
事業内容（売上集客コンサルティング・ マーケティング ）,https://fami-life.jp/services/,,,,柏市,柏市 LINEマーケティング会社 -おすすめ -比較 -ランキング -求人 -まとめ
会社 概要,https://livcreation.jp/company/overview/,,,,柏市,柏市 LINEマーケティング会社 -おすすめ -比較 -ランキング -求人 -まとめ
監視アプリの実証実験へ（画像）（1/2枚目）,https://www.itmedia.co.jp/news/article/limage/1604/04/1160404100/427599,,,,柏市,柏市 LINEマーケティング会社 -おすすめ -比較 -ランキング -求人 -まとめ
お知らせ,https://sensible-advisor.com/category/infomation/,,,,柏市,柏市 中小企業 広報マーケティング支援 -おすすめ -比較 -ランキング -求人 -まとめ
Web マーケティング支援,https://be-suketto.net/category/blog/webmasien,,,,柏市,柏市 中小企業 広報マーケティング支援 -おすすめ -比較 -ランキング -求人 -まとめ
【公式】株式 会社 トライアングル,https://www.m-triangle.jp/,,,,横浜市,横浜市 飲食店 プロモーション会社 -おすすめ -比較 -ランキング -求人 -まとめ
賛助会員検索,https://business.yokohamajapan.com/ja/members/membersearch.php?page=8,,,,横浜市,横浜市 飲食店 プロモーション会社 -おすすめ -比較 -ランキング -求人 -まとめ
＜ 会社 概要＞,https://ypp-agc.jimdofree.com/%E4%BC%9A%E7%A4%BE%E6%A6%82%E8%A6%81/,,,,横浜市,横浜市 飲食店 プロモーション会社 -おすすめ -比較 -ランキング -求人 -まとめ
中区民 ま つり,https://www.city.yokohama.lg.jp/naka/shokai/helloyokohama/Hello2024_01.files/0049_20241107.pdf,,,,横浜市,横浜市 飲食店 プロモーション会社 -おすすめ -比較 -ランキング -求人 -まとめ
FOR SALONS,https://naturalcolors.jp/forsalons/index.html,,,,横浜市,横浜市 美容室 販促企画会社 -おすすめ -比較 -ランキング -求人 -まとめ
【 会社 案内】代表/取引先さま/メディア実績など。,https://kikakuman.com/gaiyo,,,,横浜市,横浜市 美容室 販促企画会社 -おすすめ -比較 -ランキング -求人 -まとめ
会社 案内,https://yokohamasyukyaku.co.jp/about-us/,,,,横浜市,横浜市 美容室 販促企画会社 -おすすめ -比較 -ランキング -求人 -まとめ
ME Groupについて,https://www.megroup-13.jp/page/company/megro.html,,,,横浜市,横浜市 不動産 プロモーション会社 Web -おすすめ -比較 -ランキング -求人 -まとめ
7/9締切【動画撮影】 横浜市 内に建設予定の 不動産WEB 広告に出演 ...,https://cinepu.com/cast/TLQ0WPldoL/,,,,横浜市,横浜市 不動産 プロモーション会社 Web -おすすめ -比較 -ランキング -求人 -まとめ
会社 紹介,https://www.like-realestate.com/company/,,,,横浜市,横浜市 不動産 プロモーション会社 Web -おすすめ -比較 -ランキング -求人 -まとめ
会社 紹介,https://www.yhn.co.jp/company/,,,,横浜市,横浜市 不動産 プロモーション会社 Web -おすすめ -比較 -ランキング -求人 -まとめ
<< 会社 紹介>>港北NTあざみ野の物件売買,https://www.mitsuya3.co.jp/company/,,,,横浜市,横浜市 不動産 プロモーション会社 Web -おすすめ -比較 -ランキング -求人 -まとめ
会社 紹介,https://www.hananoki-f.co.jp/company/,,,,横浜市,横浜市 不動産 プロモーション会社 Web -おすすめ -比較 -ランキング -求人 -まとめ
アーバン企画開発が「いえらぶBB」で内見予約・ Web 申込みを開始！,https://www.ielove-group.jp/news/detail-1256,,,,横浜市,横浜市 不動産 プロモーション会社 Web -おすすめ -比較 -ランキング -求人 -まとめ
横浜 東部支部,https://kanagawa-takken.or.jp/association/chiiki/yokohama_tobu/,,,,横浜市,横浜市 不動産 プロモーション会社 Web -おすすめ -比較 -ランキング -求人 -まとめ
ホームページ 制作 株式 会社 ネットプロ,http://web.netpro.co.jp/,,,,横浜市,横浜市 クリニック 広告制作会社 Web -おすすめ -比較 -ランキング -求人 -まとめ
ホームページ 制作 よくある質問,https://netclinic119.net/consulting,,,,横浜市,横浜市 クリニック 広告制作会社 Web -おすすめ -比較 -ランキング -求人 -まとめ
コダリノ研究所,https://www.kodareno.com/,,,,横浜市,横浜市 工務店 販促支援会社 -おすすめ -比較 -ランキング -求人 -まとめ
奮闘記,https://www.mokujukyo.or.jp/files/user/images/initiative/hc/mokume174HCfuntouki.pdf,,,,横浜市,横浜市 工務店 販促支援会社 -おすすめ -比較 -ランキング -求人 -まとめ
株式会社ビージェント,https://partner.e-shops.jp/details/324/,,,,横浜市,横浜市 工務店 販促支援会社 -おすすめ -比較 -ランキング -求人 -まとめ
システム構築事例,https://tact-info.com/business_index.html,,,,横浜市,横浜市 工務店 販促支援会社 -おすすめ -比較 -ランキング -求人 -まとめ
DXコンサルティング,https://www.iforcom.jp/solution/dx_consulting/,,,,横浜市,横浜市 工務店 販促支援会社 -おすすめ -比較 -ランキング -求人 -まとめ
株式 会社 edurip,https://edurip.co.jp/,,,,横浜市,横浜市 学習塾 広報支援会社 -おすすめ -比較 -ランキング -求人 -まとめ
会社 案内,https://www.souei.net/information,,,,横浜市,横浜市 学習塾 広報支援会社 -おすすめ -比較 -ランキング -求人 -まとめ
kyoiku_gakushushien_10.pdf,https://jigyou-saikouchiku.go.jp/pdf/result/plan/kyoiku_gakushushien_10.pdf,,,,横浜市,横浜市 学習塾 広報支援会社 -おすすめ -比較 -ランキング -求人 -まとめ
横浜市 の医療的ケア児通学 支援 に「ケアキャビネット」が採用,https://www.ryobi.co.jp/news/2026/20260518,,,,横浜市,横浜市 学習塾 広報支援会社 -おすすめ -比較 -ランキング -求人 -まとめ
教室見学・無料 学習 相談お申し込み,https://www.cgp.jp/form/soudan/,,,,横浜市,横浜市 学習塾 広報支援会社 -おすすめ -比較 -ランキング -求人 -まとめ
富士ソフトと学研塾ホールディングス、バーチャル 学習塾 の実現に ...,https://www.fsi.co.jp/company/news/20211125_1.html,,,,横浜市,横浜市 学習塾 広報支援会社 -おすすめ -比較 -ランキング -求人 -まとめ
studio GREEN,https://mrs-green.net/,,,,横浜市,横浜市 店舗撮影 SNS運用会社 -おすすめ -比較 -ランキング -求人 -まとめ
会社 概要,https://hp.livels.jp/about,,,,横浜市,横浜市 インフルエンサーマーケティング会社 -おすすめ -比較 -ランキング -求人 -まとめ
採用情報,https://mediablue.co.jp/recruit/,,,,横浜市,横浜市 インフルエンサーマーケティング会社 -おすすめ -比較 -ランキング -求人 -まとめ
サンキャク株式 会社,https://creatorsdatabase.acy.yafjp.org/6080,,,,横浜市,横浜市 インフルエンサーマーケティング会社 -おすすめ -比較 -ランキング -求人 -まとめ
会社 概要,https://taw-digital.com/about/,,,,横浜市,横浜市 LINEマーケティング会社 -おすすめ -比較 -ランキング -求人 -まとめ
株式 会社 ワックアップ,https://matching.idec.or.jp/%E6%A0%AA%E5%BC%8F%E4%BC%9A%E7%A4%BE%E3%83%AF%E3%83%83%E3%82%AF%E3%82%A2%E3%83%83%E3%83%97,,,,横浜市,横浜市 LINEマーケティング会社 -おすすめ -比較 -ランキング -求人 -まとめ
全国で引越しサービスを展開するスター引越しセンターを運営する ...,https://f-code.co.jp/news/news_1559/,,,,横浜市,横浜市 LINEマーケティング会社 -おすすめ -比較 -ランキング -求人 -まとめ
LINE ミニアプリが貴社の事業拡大に貢献します,https://www.anybot.me/partner/,,,,横浜市,横浜市 LINEマーケティング会社 -おすすめ -比較 -ランキング -求人 -まとめ
技術アドバイザー：猪狩 惇夫（特定非営利法人 ヴイエムシイ）,https://www.idec.or.jp/business/soudan/gijutsu-adviser-info.html?id=415,,,,横浜市,横浜市 中小企業 広報マーケティング支援 -おすすめ -比較 -ランキング -求人 -まとめ
マーケティング 実践研究会,https://sindan-k.com/support/connect/group/marketing/,,,,横浜市,横浜市 中小企業 広報マーケティング支援 -おすすめ -比較 -ランキング -求人 -まとめ
副業・兼業人材を登用して自社の経営課題の解決を図りませんか？,https://yoxo-o.jp/news/2287/,,,,横浜市,横浜市 中小企業 広報マーケティング支援 -おすすめ -比較 -ランキング -求人 -まとめ
磯島裕樹 横浜市 中区の 中小企業 診断士,https://yokohama-cci-samurainet.jp/index.php?page=item&id=361,,,,横浜市,横浜市 中小企業 広報マーケティング支援 -おすすめ -比較 -ランキング -求人 -まとめ
会社概要,https://yico.co.jp/company/,,,,横浜市,横浜市 中小企業 広報マーケティング支援 -おすすめ -比較 -ランキング -求人 -まとめ
販路 開拓 IT/IoT 資金 繰/資 金調 達 生産 改善 不動 産取 引 労務 大 ...,https://startup-station.jp/wp-content/uploads/r7_acceleration_program_expert.pdf,,,,横浜市,横浜市 中小企業 広報マーケティング支援 -おすすめ -比較 -ランキング -求人 -まとめ
2022年度版,https://www.kanagawa-yorozu.go.jp/file/yorozu_no_tsukaikata_2022_excerptVer.pdf,,,,横浜市,横浜市 中小企業 広報マーケティング支援 -おすすめ -比較 -ランキング -求人 -まとめ
カラーコーディネーション: ホームページ制作横浜,https://ccdn.jp/,,,,横浜市,横浜市 ホームページ制作 Web広告運用 -おすすめ -比較 -ランキング -求人 -まとめ
会社概要,https://seek-consulting.jp/company/,,,,横浜市,横浜市 ホームページ制作 Web広告運用 -おすすめ -比較 -ランキング -求人 -まとめ
美容室 広告印刷センター,https://felice-hairsalon.com/koukokucenter/,,,,川崎市,川崎市 美容室 販促企画会社 -おすすめ -比較 -ランキング -求人 -まとめ
株式 会社 エリアブレイン,https://www.kawasakinishihojinkai.or.jp/corporate/areabrain/,,,,川崎市,川崎市 美容室 販促企画会社 -おすすめ -比較 -ランキング -求人 -まとめ
大川食堂,https://www.city.kawasaki.jp/300/page/0000108924.html,,,,川崎市,川崎市 飲食店 プロモーション会社 -おすすめ -比較 -ランキング -求人 -まとめ
業務実績,https://ex-excel.jp/results/,,,,川崎市,川崎市 飲食店 プロモーション会社 -おすすめ -比較 -ランキング -求人 -まとめ
プロモーション アドバイザーの概要 アドバイザー名 株式 会社 ...,https://economy.clair.or.jp/wp-content/uploads/2019/03/pa06.pdf,,,,川崎市,川崎市 飲食店 プロモーション会社 -おすすめ -比較 -ランキング -求人 -まとめ
[リリース] 川崎市 麻生区の地域情報サイト「あさランド」オープン,https://www.minpromotion.jp/information/info/2371/,,,,川崎市,川崎市 飲食店 プロモーション会社 -おすすめ -比較 -ランキング -求人 -まとめ
株式 会社 すずや,https://k-nakahara-kojo.org/members/m-121/,,,,川崎市,川崎市 飲食店 プロモーション会社 -おすすめ -比較 -ランキング -求人 -まとめ
suiré design office,https://suire.jp/,,,,川崎市,川崎市 クリニック 広告制作会社 Web -おすすめ -比較 -ランキング -求人 -まとめ
会社 紹介,https://www.iguchi-f.com/company/,,,,川崎市,川崎市 不動産 プロモーション会社 Web -おすすめ -比較 -ランキング -求人 -まとめ
株式 会社 ト－コ－開発,https://www.npo-fudosan-concell.com/%E5%8E%9F%E7%94%B0%E3%80%80%E6%98%AD%E7%9F%A5/,,,,川崎市,川崎市 不動産 プロモーション会社 Web -おすすめ -比較 -ランキング -求人 -まとめ
会社 紹介,https://www.eiwa2103.com/company/,,,,川崎市,川崎市 不動産 プロモーション会社 Web -おすすめ -比較 -ランキング -求人 -まとめ
神奈川県 川崎市 多摩区、 川崎市 幸区の 不動産会社 を探す(1ページ目),https://www.fudousan.or.jp/property/agency/14/area/list?m_adr%5B%5D=14135&m_adr%5B%5D=14132&page=1,,,,川崎市,川崎市 不動産 プロモーション会社 Web -おすすめ -比較 -ランキング -求人 -まとめ
会社 概要・アクセス,https://www.taiyofudosan.com/company/,,,,川崎市,川崎市 不動産 プロモーション会社 Web -おすすめ -比較 -ランキング -求人 -まとめ
［お名前非公開］/住宅設備建材の専門的な知識を生かした ...,https://kenjins.jp/adviser/detail/5845,,,,川崎市,川崎市 工務店 販促支援会社 -おすすめ -比較 -ランキング -求人 -まとめ
第13回 大阪府内信用金庫合同 入場無料,https://www.cgc-osaka.jp/_files/event/files/%E5%A4%A7%E9%98%AA%E5%BA%9C%E5%86%85%E4%BF%A1%E7%94%A8%E9%87%91%E5%BA%AB%E5%90%88%E5%90%8C%E3%83%93%E3%82%B8%E3%83%8D%E3%82%B9%E3%83%9E%E3%83%83%E3%83%81%E3%83%B3%E3%82%B0%E3%83%95%E3%82%A7%E3%82%A22025.pdf,,,,川崎市,川崎市 工務店 販促支援会社 -おすすめ -比較 -ランキング -求人 -まとめ
かわさきSDGsパートナーに 登録されました,https://nengo.jp/news/2022/03/sdgs-kawasaki/,,,,川崎市,川崎市 工務店 販促支援会社 -おすすめ -比較 -ランキング -求人 -まとめ
無題,https://ablecorp.jp/fp_g/06minami_kantoh.html,,,,川崎市,川崎市 工務店 販促支援会社 -おすすめ -比較 -ランキング -求人 -まとめ
川崎市 の教育データ利活用環境を整備 全市立小・中学校,https://www.jmc-edu.co.jp/topics/release/20240709/,,,,川崎市,川崎市 学習塾 広報支援会社 -おすすめ -比較 -ランキング -求人 -まとめ
会社 概要,https://www.kohgakusha.com/gaiyou.php,,,,川崎市,川崎市 学習塾 広報支援会社 -おすすめ -比較 -ランキング -求人 -まとめ
令和7年度事業計画 事 業 概 要,https://www.kpal.or.jp/2_zaidan/21_zaidan_gaiyou/gaiyou/r7nendo/R7_jigyoukeikaku.pdf,,,,川崎市,川崎市 学習塾 広報支援会社 -おすすめ -比較 -ランキング -求人 -まとめ
SNS アカウント 運用 ポリシー,https://www.k-nic.jp/snspolicy/,,,,川崎市,川崎市 店舗撮影 SNS運用会社 -おすすめ -比較 -ランキング -求人 -まとめ
SNS運用,https://team-henshin.com/works-cpt/sns%E9%81%8B%E7%94%A8-10,,,,川崎市,川崎市 店舗撮影 SNS運用会社 -おすすめ -比較 -ランキング -求人 -まとめ
「スマートレシート®」 LINE 公式アカウントで 店頭購入型 ...,https://www.global.toshiba/jp/news/corporate/2026/07/news-20260707-01.html,,,,川崎市,川崎市 LINEマーケティング会社 -おすすめ -比較 -ランキング -求人 -まとめ
会社 案内,https://empathywriting.com/company-profile/,,,,川崎市,川崎市 LINEマーケティング会社 -おすすめ -比較 -ランキング -求人 -まとめ
人気アニメのオリジナルグッズ販売を手掛けるY Line を吸収合併,https://impact-h.co.jp/InfoAppendItems/file/3898/file/250331_release_ic,,,,川崎市,川崎市 LINEマーケティング会社 -おすすめ -比較 -ランキング -求人 -まとめ
WEBサイト 制作 ・ SNS ・動画活用,https://www.masterlife.jp/website/,,,,川崎市,川崎市 コンテンツ制作 SNS運用会社 -おすすめ -比較 -ランキング -求人 -まとめ
SOU! design labo,https://sou-design-labo.com/,,,,川崎市,川崎市 ホームページ制作 Web広告運用 -おすすめ -比較 -ランキング -求人 -まとめ
tkmt design合同会社,https://tkmt.design/about,,,,川崎市,川崎市 ホームページ制作 Web広告運用 -おすすめ -比較 -ランキング -求人 -まとめ
会員の紹介,https://www.fta-shonan.jp/?_qf__form_units=&p=&c=&d=member_list&label_id=2&now_lat=&now_lng=&freeword=&genr_parent_id=9,,,,藤沢市,藤沢市 飲食店 プロモーション会社 -おすすめ -比較 -ランキング -求人 -まとめ
藤沢市 でSEO対策ならレベニューシェア型SEOのLOCASEOへ,https://locaseo.info/area/kanagawa-fujisawa/,,,,藤沢市,藤沢市 飲食店 プロモーション会社 -おすすめ -比較 -ランキング -求人 -まとめ
自 2019年4月1日,https://www.fujisawa-shouren.or.jp/about/pdf/R1_houkoku.pdf,,,,藤沢市,藤沢市 飲食店 プロモーション会社 -おすすめ -比較 -ランキング -求人 -まとめ
藤沢市 × TABETE、食品ロス削減及びフードシェアリングへの市民 ...,https://lovetech-media.com/news/social/20191028_02/,,,,藤沢市,藤沢市 飲食店 プロモーション会社 -おすすめ -比較 -ランキング -求人 -まとめ
藤沢市 マイスター事業,https://www.city.fujisawa.kanagawa.jp/indus1/meister.html,,,,藤沢市,藤沢市 飲食店 プロモーション会社 -おすすめ -比較 -ランキング -求人 -まとめ
中野 葵,https://www.kawasaki-shindanshi.jp/member/nakano-aoi/,,,,川崎市,川崎市 中小企業 広報マーケティング支援 -おすすめ -比較 -ランキング -求人 -まとめ
相談員プロフィール,https://www.kawasaki-net.ne.jp/c_profile/,,,,川崎市,川崎市 中小企業 広報マーケティング支援 -おすすめ -比較 -ランキング -求人 -まとめ
川崎市 のグローバル展開 支援 事業補助金（最大50万円）について,https://hiraishi.jp/5542.html,,,,川崎市,川崎市 中小企業 広報マーケティング支援 -おすすめ -比較 -ランキング -求人 -まとめ
阿部 義広,https://www.mics.city.shinagawa.tokyo.jp/soshikikarasagasu/chushokigyoshiengakari/keiei_gijutsusodan/catalyst/2650.html,,,,川崎市,川崎市 中小企業 広報マーケティング支援 -おすすめ -比較 -ランキング -求人 -まとめ
組合員向けセミナーのご案内,http://www.e-rep.jp/seminar2.html,,,,川崎市,川崎市 中小企業 広報マーケティング支援 -おすすめ -比較 -ランキング -求人 -まとめ
アオイ経営企画について,https://a-m-consult.com/company/,,,,川崎市,川崎市 中小企業 広報マーケティング支援 -おすすめ -比較 -ランキング -求人 -まとめ
川崎 商工会議所について,https://www.kawasaki-cci.or.jp/about/,,,,川崎市,川崎市 中小企業 広報マーケティング支援 -おすすめ -比較 -ランキング -求人 -まとめ
WEB制作 ・ホームページ 制作,https://creative.shonan-el.co.jp/web/,,,,藤沢市,藤沢市 クリニック 広告制作会社 Web -おすすめ -比較 -ランキング -求人 -まとめ
プロモーション・ 広告,https://porizon.jp/works/use/pv/,,,,藤沢市,藤沢市 クリニック 広告制作会社 Web -おすすめ -比較 -ランキング -求人 -まとめ
新卒採用,https://recruit.caloo.co.jp/feature-new-graduate,,,,藤沢市,藤沢市 クリニック 広告制作会社 Web -おすすめ -比較 -ランキング -求人 -まとめ
https://fukaya.geocloud.jp/webgis/OpenData/Downloa...,https://fukaya.geocloud.jp/webgis/OpenData/Download/Csv/7/0,,,,藤沢市,藤沢市 美容室 販促企画会社 -おすすめ -比較 -ランキング -求人 -まとめ
神戸の「おいしい」「たのしい」「かわいい」「おしゃれ」を発信 ...,https://newsrelea.se/w5PDdN,,,,藤沢市,藤沢市 美容室 販促企画会社 -おすすめ -比較 -ランキング -求人 -まとめ
会社 紹介,https://www.ko-shin-shounandai.jp/company/,,,,藤沢市,藤沢市 不動産 プロモーション会社 Web -おすすめ -比較 -ランキング -求人 -まとめ
藤沢 商工会議所 不動産 業部会 会員事業所へ！,https://www.fujisawa-cci.or.jp/fudousangyo/2024fudosan-meibo.pdf,,,,藤沢市,藤沢市 不動産 プロモーション会社 Web -おすすめ -比較 -ランキング -求人 -まとめ
オンライン相談ご予約 Web Interview Reserve,https://www.soulmate-fudosan.com/contact/reserve-web,,,,藤沢市,藤沢市 不動産 プロモーション会社 Web -おすすめ -比較 -ランキング -求人 -まとめ
会社 紹介,https://www.dendo-housing.jp/company/,,,,藤沢市,藤沢市 不動産 プロモーション会社 Web -おすすめ -比較 -ランキング -求人 -まとめ
認定企業等の取組事例（株式 会社 E・HOUSE）,https://www.pref.kanagawa.jp/docs/ap4/cnt/f7600/nintei35.html,,,,藤沢市,藤沢市 不動産 プロモーション会社 Web -おすすめ -比較 -ランキング -求人 -まとめ
会社 紹介,https://www.syonandaiichi-kensetsu.com/company/,,,,藤沢市,藤沢市 不動産 プロモーション会社 Web -おすすめ -比較 -ランキング -求人 -まとめ
住まいを借りる契約の流れ,https://www.sankei-web.net/rent-flow/,,,,藤沢市,藤沢市 不動産 プロモーション会社 Web -おすすめ -比較 -ランキング -求人 -まとめ
国城コンサルティング株式 会社,https://nihon-listingpro.com/shops/guocheng-consulting-co-ltd/,,,,藤沢市,藤沢市 工務店 販促支援会社 -おすすめ -比較 -ランキング -求人 -まとめ
介護セミナー＆講演実績,https://www.communicator.co.jp/company/care_seminar/,,,,藤沢市,藤沢市 工務店 販促支援会社 -おすすめ -比較 -ランキング -求人 -まとめ
【3/8締切】令和8年度ミズノサマースクール 参加者募集,https://fujisawa-npo.jp/event/%E3%80%903-8%E7%B7%A0%E5%88%87%E3%80%91%E4%BB%A4%E5%92%8C%EF%BC%98%E5%B9%B4%E5%BA%A6%E3%83%9F%E3%82%BA%E3%83%8E%E3%82%B5%E3%83%9E%E3%83%BC%E3%82%B9%E3%82%AF%E3%83%BC%E3%83%AB%E3%80%80%E5%8F%82,,,,藤沢市,藤沢市 学習塾 広報支援会社 -おすすめ -比較 -ランキング -求人 -まとめ
イオンモール川口の未来屋書店にやってくる！,https://alternative-school.jp/activity/post-506,,,,藤沢市,藤沢市 学習塾 広報支援会社 -おすすめ -比較 -ランキング -求人 -まとめ
【地域企業の教育CSR】キャリア教育のデジタル教材「地域のお ...,https://www.seiundo.co/ogb?srsltid=AfmBOoqitxig0FRWZXMrvUU0ahYwoMZVgD22RqYDFb97SSYegKUlw-tU,,,,藤沢市,藤沢市 学習塾 広報支援会社 -おすすめ -比較 -ランキング -求人 -まとめ
合同 会社 RE VENTと連携した SNS 動画発信実証実験,https://www.city.hirakata.osaka.jp/0000053369.html,,,,藤沢市,藤沢市 店舗撮影 SNS運用会社 -おすすめ -比較 -ランキング -求人 -まとめ
MT SOLUTION: メインページ,https://mtsolution-shonan.com/,,,,藤沢市,藤沢市 店舗撮影 SNS運用会社 -おすすめ -比較 -ランキング -求人 -まとめ
COMPANY,https://www.tara.co.jp/company/,,,,藤沢市,藤沢市 LINEマーケティング会社 -おすすめ -比較 -ランキング -求人 -まとめ
コンタクトセンターのオムニチャネル化が 行政のDX化を加速させる,https://www.solution.bell24.co.jp/ja/case/fujisawa-city/,,,,藤沢市,藤沢市 LINEマーケティング会社 -おすすめ -比較 -ランキング -求人 -まとめ
神奈川県 藤沢市 ブランディング マーケティング imadia株式 会社 ...,https://imad.co.jp/link_list.php?n_id=4&id=%E7%A5%9E%E5%A5%88%E5%B7%9D%E7%9C%8C+%E8%97%A4%E6%B2%A2%E5%B8%82,,,,藤沢市,藤沢市 インフルエンサーマーケティング会社 -おすすめ -比較 -ランキング -求人 -まとめ
導入事例,https://find-model.jp/case?page=5,,,,藤沢市,藤沢市 インフルエンサーマーケティング会社 -おすすめ -比較 -ランキング -求人 -まとめ
現役 インフルエンサー によるSNS マーケティング 入門講座,https://peatix.com/event/3115145?lang=ja-jp,,,,藤沢市,藤沢市 インフルエンサーマーケティング会社 -おすすめ -比較 -ランキング -求人 -まとめ
広告業界のコーポレートサイト 制作 に強いマーケティング 会社 10選 ...,https://by-independent.com/column4/advertising-corporate-site-marketing-company-mrktx_top5/,,,,藤沢市,藤沢市 コンテンツ制作 SNS運用会社 -おすすめ -比較 -ランキング -求人 -まとめ
PowerPoint プレゼンテーション,https://www.shonan.or.jp/scns/wp/wp-content/uploads/2024/03/e521f8054ba5e82b9bf26b5503971fec-2.pdf,,,,藤沢市,藤沢市 ホームページ制作 Web広告運用 -おすすめ -比較 -ランキング -求人 -まとめ
神奈川県よろず 支援 拠点のご案内22,https://www.kipc.or.jp/business-support/.assets/yorozu_2022.pdf,,,,藤沢市,藤沢市 中小企業 広報マーケティング支援 -おすすめ -比較 -ランキング -求人 -まとめ
行政 広報 の戦略評価に向けた提案 Proposals for the strategy ...,https://www.jstage.jst.go.jp/article/pras/1/1/1_66/_pdf/-char/ja,,,,藤沢市,藤沢市 中小企業 広報マーケティング支援 -おすすめ -比較 -ランキング -求人 -まとめ
鎌倉市／経営基盤を強化する事業を行う 中小企業 を 支援 します ...,https://www.city.kamakura.kanagawa.jp/shoukou/keieikiban.html,,,,藤沢市,藤沢市 中小企業 広報マーケティング支援 -おすすめ -比較 -ランキング -求人 -まとめ
飲食店 コンサルティング事業,https://freedom-2012.com/service01.html,,,,相模原市,相模原市 飲食店 プロモーション会社 -おすすめ -比較 -ランキング -求人 -まとめ
HACCPの考え方を取り入れた衛生管理について（小規模な 飲食店 ...,https://www.city.sagamihara.kanagawa.jp/shisei/1026875/koho/1026880/channel/1012225/1022781/1020750.html,,,,相模原市,相模原市 飲食店 プロモーション会社 -おすすめ -比較 -ランキング -求人 -まとめ
TGALバーチャルレストラン参入セミナー～手軽にデリバリー業態に ...,https://www.sagamihara-cci.or.jp/archives/45306,,,,相模原市,相模原市 飲食店 プロモーション会社 -おすすめ -比較 -ランキング -求人 -まとめ
相模原 のスポット,https://coin.machino.co/regions/sagamihara/shops,,,,相模原市,相模原市 飲食店 プロモーション会社 -おすすめ -比較 -ランキング -求人 -まとめ
相模原市 村富線沿いの地域情報 むらとみうぉーかー,https://www.muratomi-st.com/,,,,相模原市,相模原市 飲食店 プロモーション会社 -おすすめ -比較 -ランキング -求人 -まとめ
上溝・番田にある人気 美容院 ・ 美容室 ARVIRE for Hair (アーヴィル ...,http://arvire.com/index.html,,,,相模原市,相模原市 美容室 販促企画会社 -おすすめ -比較 -ランキング -求人 -まとめ
相模原 パンフレット印刷 チラシ（フライヤー）印刷 カタログ印刷 ...,https://dtp.poos.net/works.php?works_cat=all,,,,相模原市,相模原市 美容室 販促企画会社 -おすすめ -比較 -ランキング -求人 -まとめ
相模原 で選ばれるチラシ・パンフレット 制作,https://www.reiworks.co.jp/graphic,,,,相模原市,相模原市 クリニック 広告制作会社 Web -おすすめ -比較 -ランキング -求人 -まとめ
会社 紹介,https://www.watanabe-hu.co.jp/company/,,,,相模原市,相模原市 不動産 プロモーション会社 Web -おすすめ -比較 -ランキング -求人 -まとめ
会社 紹介,https://www.astaff-bus.co.jp/company/,,,,相模原市,相模原市 不動産 プロモーション会社 Web -おすすめ -比較 -ランキング -求人 -まとめ
すみたい地所 来店の7つのメリット,https://www.sumitai-j.com/contact/reserve,,,,相模原市,相模原市 不動産 プロモーション会社 Web -おすすめ -比較 -ランキング -求人 -まとめ
株式 会社 東翔 会社 概要,http://sagamiono.web.fc2.com/profile.html,,,,相模原市,相模原市 不動産 プロモーション会社 Web -おすすめ -比較 -ランキング -求人 -まとめ
会社 紹介,https://www.meisho-home.jp/company/,,,,相模原市,相模原市 不動産 プロモーション会社 Web -おすすめ -比較 -ランキング -求人 -まとめ
相模原市 橋本の 不動産 リビングホームスタッフブログ,https://www.zennichi.net/b/livinghome/index.asp?page=44,,,,相模原市,相模原市 不動産 プロモーション会社 Web -おすすめ -比較 -ランキング -求人 -まとめ
会社 紹介,https://www.sanyu-h.co.jp/company/,,,,相模原市,相模原市 不動産 プロモーション会社 Web -おすすめ -比較 -ランキング -求人 -まとめ
近藤コーポレーション DMデザイン,https://www.wagle.co/portfolio/post-206/,,,,相模原市,相模原市 工務店 販促支援会社 -おすすめ -比較 -ランキング -求人 -まとめ
スタッフ,https://erabonoie.com/staff.html,,,,相模原市,相模原市 工務店 販促支援会社 -おすすめ -比較 -ランキング -求人 -まとめ
ニュース « 相模原市 印刷広告協同組合,https://www.soin.or.jp/tag/pta/,,,,相模原市,相模原市 学習塾 広報支援会社 -おすすめ -比較 -ランキング -求人 -まとめ
2024年度 特定非営利活動法人さがみはら市民会議 事業報告,http://sagamihara-shiminkaigi.com/wp-content/uploads/2025/06/jigyo_2024.pdf,,,,相模原市,相模原市 学習塾 広報支援会社 -おすすめ -比較 -ランキング -求人 -まとめ
まごころ 第 91号,https://www.sagamiharashishakyo.or.jp/activity/chikushakyo/hosigaoka/documents/magokoro91.pdf,,,,相模原市,相模原市 学習塾 広報支援会社 -おすすめ -比較 -ランキング -求人 -まとめ
株式 会社 リライブ様,https://www.eibunsha.co.jp/?p=265,,,,相模原市,相模原市 学習塾 広報支援会社 -おすすめ -比較 -ランキング -求人 -まとめ
振袖＆フォトスタジオ エイル 相模原 店,https://www.kimonoyasan.co.jp/store/ailes-sagamihara/,,,,相模原市,相模原市 店舗撮影 SNS運用会社 -おすすめ -比較 -ランキング -求人 -まとめ
WEB作成・デザイン,https://ssz.or.jp/aruaru/topics/industry/i021,,,,相模原市,相模原市 店舗撮影 SNS運用会社 -おすすめ -比較 -ランキング -求人 -まとめ
株式 会社 Kapinon studio,https://www.tokyo-cci.or.jp/keiei-mikata/case/kapinon-studio/,,,,相模原市,相模原市 店舗撮影 SNS運用会社 -おすすめ -比較 -ランキング -求人 -まとめ
【直接応募】WEBマーケティング・コンテンツ企画担当,https://js02.jposting.net/p-c-s/u/job.phtml?job_code=81,,,,相模原市,相模原市 店舗撮影 SNS運用会社 -おすすめ -比較 -ランキング -求人 -まとめ
本とブランディング,https://studio-miin.com/about,,,,相模原市,相模原市 店舗撮影 SNS運用会社 -おすすめ -比較 -ランキング -求人 -まとめ
