company_name,url,address,phone,maps_url,area_hint,query
この簡易版検索結果ページについて,https://support.yahoo-net.jp/PccSearch/s/article/H000011627,,,,札幌市,札幌市 飲食店 SNS運用支援会社 -おすすめ -比較 -ランキング -求人 -まとめ
株式 会社 MIRUS — SNS運用 ・映像制作・インフルエンサー ...,https://mirus-hokkaido.jp/,,,,札幌市,札幌市 飲食店 SNS運用支援会社 -おすすめ -比較 -ランキング -求人 -まとめ
株式 会社 アスクゲートダイナー​,https://snscoach.com/voice/ask-gate/,,,,札幌市,札幌市 飲食店 SNS運用支援会社 -おすすめ -比較 -ランキング -求人 -まとめ
ミセノビ,https://misenobi.jp/,,,,札幌市,札幌市 飲食店 SNS運用支援会社 -おすすめ -比較 -ランキング -求人 -まとめ
株式 会社 LTインフルエンス,https://lt-influence.com/,,,,札幌市,札幌市 飲食店 SNS運用支援会社 -おすすめ -比較 -ランキング -求人 -まとめ
サービス,https://barneyz.com/services/,,,,札幌市,札幌市 飲食店 SNS運用支援会社 -おすすめ -比較 -ランキング -求人 -まとめ
株式 会社 トライン,https://try-in.com/,,,,札幌市,札幌市 飲食店 SNS運用支援会社 -おすすめ -比較 -ランキング -求人 -まとめ
ABOUT 事業内容,https://hitoniyasashii.com/about/,,,,札幌市,札幌市 飲食店 SNS運用支援会社 -おすすめ -比較 -ランキング -求人 -まとめ
プライバシーポリシー,https://www.lycorp.co.jp/ja/company/privacypolicy/,,,,札幌市,札幌市 飲食店 SNS運用支援会社 -おすすめ -比較 -ランキング -求人 -まとめ
プライバシーセンター,https://privacy.lycorp.co.jp/ja/,,,,札幌市,札幌市 飲食店 SNS運用支援会社 -おすすめ -比較 -ランキング -求人 -まとめ
検索結果への広告掲載,https://www.lycbiz.com/jp/service/yahoo-ads/search_results,,,,札幌市,札幌市 飲食店 SNS運用支援会社 -おすすめ -比較 -ランキング -求人 -まとめ
インスタ の 運用代行,https://lilacolle-consul.com/consulting2/lp8/,,,,札幌市,札幌市 美容室 Instagram運用代行 -おすすめ -比較 -ランキング -求人 -まとめ
事業内容  ラサンブレ株式会社,https://lassemblee.co.jp/service.html,,,,札幌市,札幌市 美容室 Instagram運用代行 -おすすめ -比較 -ランキング -求人 -まとめ
株式会社GLOW FLAG,https://glowflag.jp/,,,,札幌市,札幌市 美容室 Instagram運用代行 -おすすめ -比較 -ランキング -求人 -まとめ
札幌 のSNS 運用代行 会社・株式会社キングプロテアが初期費用 ...,https://news.jorudan.co.jp/docs/news/detail.cgi?newsid=PT000001A000179732,,,,札幌市,札幌市 美容室 Instagram運用代行 -おすすめ -比較 -ランキング -求人 -まとめ
最近ありがたいことに インスタ運用 どうしてますか？ 撮影 ...,https://www.threads.com/@erikofujishiro.stylist/post/DXi9xDREWF0/%E6%9C%80%E8%BF%91%E3%81%82%E3%82%8A%E3%81%8C%E3%81%9F%E3%81%84%E3%81%93%E3%81%A8%E3%81%AB%E3%82%A4%E3%83%B3%E3%82%B9%E3%82%BF%E9%81%8B%E7%94%A8%E3%81%A9%E3%81%86%E3%81%97%E3%81%A6%E3%81%BE%E3%81%99%E3%81%8B%E6%92%AE%E5%BD%B1%E3%81%A9%E3%81%86%E3%82%84%E3%81%A3%E3%81%A6%E3%81%BE%E3%81%99%E3%81%8B%E3%82%B5%E3%83%AD%E3%83%B3%E3%81%A9%E3%81%86%E3%82%84%E3%81%A3%E3%81%A6%E7%AB%8B%E3%81%A1%E4%B8%8A%E3%81%92%E3%81%BE%E3%81%97%E3%81%9F%E3%81%8B%E3%83%96%E3%83%A9%E3%83%B3%E3%83%89%E3%81%AF%E3%81%A9%E3%81%86%E3%82%84%E3%81%A3%E3%81%A6%E7%AB%8B%E3%81%A1%E4%B8%8A%E3%81%92%E3%81%BE%E3%81%97%E3%81%9F%E3%81%8B%E3%83%95%E3%82%A9%E3%83%AD%E3%83%AF%E3%83%BC%E3%81%A3%E3%81%A6%E3%81%A9%E3%81%86%E3%82%84%E3%81%A3%E3%81%A6%E5%A2%97,,,,札幌市,札幌市 美容室 Instagram運用代行 -おすすめ -比較 -ランキング -求人 -まとめ
TOPICS,https://www.roadskip.com/blog,,,,札幌市,札幌市 クリニック SNS運用代行 -おすすめ -比較 -ランキング -求人 -まとめ
会社概要,https://medicalskip.com/company/,,,,札幌市,札幌市 クリニック SNS運用代行 -おすすめ -比較 -ランキング -求人 -まとめ
札幌 の SNS運用代行 会社・株式会社キングプロテアが初期費用 ...,https://hokkaidotimes.jp/press-release/6023/,,,,札幌市,札幌市 クリニック SNS運用代行 -おすすめ -比較 -ランキング -求人 -まとめ
札幌 の SNS運用代行 会社・株式会社キングプロテアが初期費用 ...,https://www.toonippo.co.jp/articles/-/2235898,,,,札幌市,札幌市 クリニック SNS運用代行 -おすすめ -比較 -ランキング -求人 -まとめ
札幌 SNS運用代行 で支援アカウント26件突破--夜職・ クリニック ...,https://www.mapion.co.jp/news/release/000000006.000179732/,,,,札幌市,札幌市 クリニック SNS運用代行 -おすすめ -比較 -ランキング -求人 -まとめ
株式 会社 CityL,https://cityl.info/,,,,札幌市,札幌市 不動産 SNSマーケティング会社 -おすすめ -比較 -ランキング -求人 -まとめ
私たちについてAbout us,https://recruit-jinfudosan.com/about,,,,札幌市,札幌市 不動産 SNSマーケティング会社 -おすすめ -比較 -ランキング -求人 -まとめ
会社 紹介,https://www.fure-estate.com/company/company-1/,,,,札幌市,札幌市 不動産 SNSマーケティング会社 -おすすめ -比較 -ランキング -求人 -まとめ
【正社員】 SNS マーケター／ディレクター（未経験者歓迎）,https://open.talentio.com/r/1/c/revoltjapan/pages/126002,,,,札幌市,札幌市 不動産 SNSマーケティング会社 -おすすめ -比較 -ランキング -求人 -まとめ
WEB マーケティング,https://yuicorporation.co.jp/ser/webmarketing/,,,,札幌市,札幌市 不動産 SNSマーケティング会社 -おすすめ -比較 -ランキング -求人 -まとめ
北海道の塾・ 学習塾,https://gakushu-kukan.com/hokkaidotop/,,,,札幌市,札幌市 学習塾 SNS運用代行 -おすすめ -比較 -ランキング -求人 -まとめ
西28丁目駅前校,https://www.shuei-yobiko.co.jp/school/index.html?UC=C1417,,,,札幌市,札幌市 学習塾 SNS運用代行 -おすすめ -比較 -ランキング -求人 -まとめ
札幌 ひばりが丘校,https://www.itto.jp/schools/hokkaido_touhoku/sapporoshi/hibarigaoka.html,,,,札幌市,札幌市 学習塾 SNS運用代行 -おすすめ -比較 -ランキング -求人 -まとめ
セルフメディアエイジェント株式会社,https://j-sa.jp/detail/590,,,,札幌市,札幌市 学習塾 SNS運用代行 -おすすめ -比較 -ランキング -求人 -まとめ
清田教室,https://www.meikogijuku.jp/school/hokkaido/sapporo-shi-kiyota-ku/S3111/,,,,札幌市,札幌市 学習塾 SNS運用代行 -おすすめ -比較 -ランキング -求人 -まとめ
Eduの塾について,https://edunojuku.com/about-edunojuku/,,,,札幌市,札幌市 学習塾 SNS運用代行 -おすすめ -比較 -ランキング -求人 -まとめ
TANJIについて,https://www.yobiko-tanji.co.jp/about/,,,,札幌市,札幌市 学習塾 SNS運用代行 -おすすめ -比較 -ランキング -求人 -まとめ
K.K / 株式 会社 MFP,https://recruit.mfp.co.jp/interview/k-k/,,,,札幌市,札幌市 採用広報 SNS運用会社 -おすすめ -比較 -ランキング -求人 -まとめ
株式 会社 SEEK、デジタルマーケティング/ブランディング事業,https://www.seek-net.jp/,,,,札幌市,札幌市 採用広報 SNS運用会社 -おすすめ -比較 -ランキング -求人 -まとめ
SNS 動画制作・ SNS 映像制作なら株式 会社 リアクター,https://reactor.jp/reactorsns/,,,,札幌市,札幌市 採用広報 SNS運用会社 -おすすめ -比較 -ランキング -求人 -まとめ
株式 会社 サッポロネスト,https://www.nest.co.jp/,,,,札幌市,札幌市 採用広報 SNS運用会社 -おすすめ -比較 -ランキング -求人 -まとめ
広報 ・ SNS ・PR・マーケティング,https://career.nect.jp/job-list/public/,,,,札幌市,札幌市 採用広報 SNS運用会社 -おすすめ -比較 -ランキング -求人 -まとめ
事業内容,https://nomadia.jp/service,,,,札幌市,札幌市 採用広報 SNS運用会社 -おすすめ -比較 -ランキング -求人 -まとめ
株式会社ともたび,https://tomotabi.co.jp/about/,,,,札幌市,札幌市 観光プロモーション SNS会社 -おすすめ -比較 -ランキング -求人 -まとめ
北海道・ 札幌 のインフルエンサーマーケティング,https://tabito-hokkaido.work/,,,,札幌市,札幌市 観光プロモーション SNS会社 -おすすめ -比較 -ランキング -求人 -まとめ
SNS ・口コミのAI解析による 観光 地発掘と周遊活性化の施策 ...,https://www4.city.sapporo.jp/scg/case/case-057.html,,,,札幌市,札幌市 観光プロモーション SNS会社 -おすすめ -比較 -ランキング -求人 -まとめ
会社 紹介,https://shishi-da-client-web-bp-test.shishi-da.com/test-tomotabi/company/,,,,札幌市,札幌市 観光プロモーション SNS会社 -おすすめ -比較 -ランキング -求人 -まとめ
令和8年度 SNS 情報発信業務 公募型プロポーザル提案説明書,https://association.sapporo.travel/wp-content/uploads/2026/05/a2f8422d07b395fbab2b7380b65e52c7.pdf,,,,札幌市,札幌市 観光プロモーション SNS会社 -おすすめ -比較 -ランキング -求人 -まとめ
さっぽろ 観光 推進プロジェクト,https://www.ntt-east.co.jp/recruit/mid-career/project_story/sapporo.html,,,,札幌市,札幌市 観光プロモーション SNS会社 -おすすめ -比較 -ランキング -求人 -まとめ
BAAAN合同会社,https://baaan.co.jp/,,,,札幌市,札幌市 EC SNS運用代行 -おすすめ -比較 -ランキング -求人 -まとめ
札幌 のWEBサイト・ EC サイト 運用代行,https://monomode.co.jp/digitalagency/manage,,,,札幌市,札幌市 EC SNS運用代行 -おすすめ -比較 -ランキング -求人 -まとめ
LANTERN inc.,https://lantern-inc.jp/,,,,札幌市,札幌市 EC SNS運用代行 -おすすめ -比較 -ランキング -求人 -まとめ
有限会社K'sLink,https://homepage-kimete.com/company/%E6%9C%89%E9%99%90%E4%BC%9A%E7%A4%BEkslink/,,,,札幌市,札幌市 EC SNS運用代行 -おすすめ -比較 -ランキング -求人 -まとめ
SNS運用代行,https://up-rising.jp/service/sns/,,,,札幌市,札幌市 EC SNS運用代行 -おすすめ -比較 -ランキング -求人 -まとめ
EC サイト制作・ 運用代行,https://marzenay.co.jp/service/ec-kochiku,,,,札幌市,札幌市 EC SNS運用代行 -おすすめ -比較 -ランキング -求人 -まとめ
ホテル ・旅館向けサービス,https://cnctor.jp/service/hotel-service-list/,,,,札幌市,札幌市 ホテル SNS運用代行 -おすすめ -比較 -ランキング -求人 -まとめ
ベトナムの SNS マーケティング・ SNS運用 ならアビリブベトナム,https://www.abilive.vn/service/sns/,,,,札幌市,札幌市 ホテル SNS運用代行 -おすすめ -比較 -ランキング -求人 -まとめ
KEN Ken Hotels & Resorts Holdings Ltd.,https://recruit.kenhotels.com/pdf/H&R_book_fin_s.pdf,,,,札幌市,札幌市 ホテル SNS運用代行 -おすすめ -比較 -ランキング -求人 -まとめ
宿屋大学 #140 【宿屋塾】＠ ホテル ニューオータニ 「 ホテル ・旅館 ...,https://peatix.com/event/3362732,,,,札幌市,札幌市 ホテル SNS運用代行 -おすすめ -比較 -ランキング -求人 -まとめ
札幌 のWebマーケティング 支援 : 合同会社アクセスコード,https://accescode-hp.vercel.app/,,,,札幌市,札幌市 店舗 Instagram集客支援 -おすすめ -比較 -ランキング -求人 -まとめ
情報掲載について,https://teinette.com/advertising/,,,,札幌市,札幌市 店舗 Instagram集客支援 -おすすめ -比較 -ランキング -求人 -まとめ
SNSをやっていれば、ホームページは不要!?!?,https://landscapeam.com/websitesns/,,,,札幌市,札幌市 店舗 Instagram集客支援 -おすすめ -比較 -ランキング -求人 -まとめ
SERVICE,https://monocyte.co.jp/service,,,,札幌市,札幌市 SNSコンテンツ制作会社 -おすすめ -比較 -ランキング -求人 -まとめ
学生と 企業 による SNS 協働プロジェクト＃ SNS ノススメ＿,https://www.sapporo-cci.or.jp/web/purpose/07/details/susume.html,,,,札幌市,札幌市 中小企業 SNS運用支援 -おすすめ -比較 -ランキング -求人 -まとめ
【無料セミナー】定着しやすい人材を採用する SNS 採用の始め方,https://www.sec.jp/news/9893,,,,札幌市,札幌市 中小企業 SNS運用支援 -おすすめ -比較 -ランキング -求人 -まとめ
Instagram運用代行,https://iwama-artwork.com/service/instagram/,,,,旭川市,旭川市 美容室 Instagram運用代行 -おすすめ -比較 -ランキング -求人 -まとめ
湘南 美容 クリニック、訪日外国人向け英語公式 Instagram を開設,https://www.s-b-c.net/about/media/newsrelease/20260309/,,,,旭川市,旭川市 美容室 Instagram運用代行 -おすすめ -比較 -ランキング -求人 -まとめ
LISH株式会社 吉田 和史,https://coloroncanvas.jp/notes/LISH-kazushi-yoshida,,,,旭川市,旭川市 美容室 Instagram運用代行 -おすすめ -比較 -ランキング -求人 -まとめ
リクルート,https://m-road.jp/recruit/,,,,旭川市,旭川市 美容室 Instagram運用代行 -おすすめ -比較 -ランキング -求人 -まとめ
大手ポータルサイトを頼らず理想の顧客層を獲得！徹底した発信と ...,https://assist-all.co.jp/success_stories/hp/20260730-13045/,,,,旭川市,旭川市 美容室 Instagram運用代行 -おすすめ -比較 -ランキング -求人 -まとめ
三宮旭通店のチラシと店舗情報,https://www.sugi-net.jp/stores/000740,,,,旭川市,旭川市 美容室 Instagram運用代行 -おすすめ -比較 -ランキング -求人 -まとめ
Asahikawa Woman Support,https://www.faaj.or.jp/adviser/asahikawawomansupport/,,,,旭川市,旭川市 飲食店 SNS運用支援会社 -おすすめ -比較 -ランキング -求人 -まとめ
事業所検索システム,https://asahikawashokokai.info/sho-biz/,,,,旭川市,旭川市 飲食店 SNS運用支援会社 -おすすめ -比較 -ランキング -求人 -まとめ
道北パートナーズ,https://dohokupartners.com/,,,,旭川市,旭川市 飲食店 SNS運用支援会社 -おすすめ -比較 -ランキング -求人 -まとめ
第8次 旭川市 総合計画基本計画改定案に対して寄せられた意見 ...,https://www.city.asahikawa.hokkaido.jp/700/735/736/739/d078612_d/fil/siryou7.pdf,,,,旭川市,旭川市 飲食店 SNS運用支援会社 -おすすめ -比較 -ランキング -求人 -まとめ
伝統を守るための挑戦。Webマーケティングで業界屈指の存在に ...,https://www.marketing-unit.jp/casestudy/3355/,,,,旭川市,旭川市 飲食店 SNS運用支援会社 -おすすめ -比較 -ランキング -求人 -まとめ
北海道でのマーケティング/ SNS運用 スキルを活かせるボランティア ...,https://activo.jp/hokkaido/marketing_sns_operation,,,,旭川市,旭川市 飲食店 SNS運用支援会社 -おすすめ -比較 -ランキング -求人 -まとめ
北海道の 不動産 業を代表する企業【取引・賃貸・管理】,https://clip-corporation.com/column/realestate-hokkaido/7/,,,,旭川市,旭川市 不動産 SNSマーケティング会社 -おすすめ -比較 -ランキング -求人 -まとめ
Pickupニュース,https://www.zaikaisapporo.co.jp/hdb/hdb-category.php?id=26&category_id=&sort=&page=1,,,,旭川市,旭川市 不動産 SNSマーケティング会社 -おすすめ -比較 -ランキング -求人 -まとめ
企業情報,https://kukanhokkaido.co.jp/about/,,,,旭川市,旭川市 不動産 SNSマーケティング会社 -おすすめ -比較 -ランキング -求人 -まとめ
株式 会社 LOL LABO,https://baseconnect.in/companies/cf6c32e1-8171-4236-9b04-c8bf0eaaaceb,,,,旭川市,旭川市 不動産 SNSマーケティング会社 -おすすめ -比較 -ランキング -求人 -まとめ
令和7年度 岡山県自立支援協議会 人材育成部会 次第,https://www.pref.okayama.jp/uploaded/attachment/410244.pdf,,,,旭川市,旭川市 クリニック SNS運用代行 -おすすめ -比較 -ランキング -求人 -まとめ
ICTを導入した医療・業務軽減,https://www.mhlw.go.jp/file/05-Shingikai-10801000-Iseikyoku-Soumuka/0000149790.pdf,,,,旭川市,旭川市 クリニック SNS運用代行 -おすすめ -比較 -ランキング -求人 -まとめ
第 12 回 JADEC 年次学術集会 最適なダイアベティスケア実践に向け ...,https://www.nittokyo.or.jp/uploads/files/program_12th_250724.pdf,,,,旭川市,旭川市 クリニック SNS運用代行 -おすすめ -比較 -ランキング -求人 -まとめ
令和5年度総会議案書詳細,https://hace.umin.jp/files/pdf/2023/20230625_soukaigiansyo_syousai.pdf,,,,旭川市,旭川市 クリニック SNS運用代行 -おすすめ -比較 -ランキング -求人 -まとめ
心不全療養指導士名簿,https://www.j-circ.or.jp/chfe_member/,,,,旭川市,旭川市 クリニック SNS運用代行 -おすすめ -比較 -ランキング -求人 -まとめ
株式会社hobby 定額制DXスクール,https://hobby.raku2hp.jp/,,,,旭川市,旭川市 学習塾 SNS運用代行 -おすすめ -比較 -ランキング -求人 -まとめ
Asahikawa Woman Support,https://asahikawa-support.jimdofree.com/%E4%BA%8B%E6%A5%AD%E6%A6%82%E8%A6%81/,,,,旭川市,旭川市 学習塾 SNS運用代行 -おすすめ -比較 -ランキング -求人 -まとめ
いろえんぴつ株式 会社 設立のお知らせ,https://color-enpitsu.jp/info/iroenpitsu,,,,旭川市,旭川市 採用広報 SNS運用会社 -おすすめ -比較 -ランキング -求人 -まとめ
安達 鈴香,https://design-asahikawa.jp/designhubmember/%E5%AE%89%E9%81%94-%E9%88%B4%E9%A6%99/,,,,旭川市,旭川市 採用広報 SNS運用会社 -おすすめ -比較 -ランキング -求人 -まとめ
多様 人材確保促進,https://www.pref.aomori.lg.jp/soshiki/kodomo/wakamono/files/chirashi_R7tayounajinzai.pdf,,,,旭川市,旭川市 採用広報 SNS運用会社 -おすすめ -比較 -ランキング -求人 -まとめ
"ebisuke co.,ltd",http://ebisuke.co.jp/businesscontent/,,,,旭川市,旭川市 観光プロモーション SNS会社 -おすすめ -比較 -ランキング -求人 -まとめ
COMPANY,https://hagiya-hokkaido.info/company/,,,,旭川市,旭川市 観光プロモーション SNS会社 -おすすめ -比較 -ランキング -求人 -まとめ
地域 観光 活性化支援,https://ficjapan.co.jp/service/activation/,,,,旭川市,旭川市 観光プロモーション SNS会社 -おすすめ -比較 -ランキング -求人 -まとめ
令和4年度 地域の 観光 資源を活用した プロモーション 事業 北海道 ...,https://wwwtb.mlit.go.jp/hokkaido/content/000246434.pdf,,,,旭川市,旭川市 観光プロモーション SNS会社 -おすすめ -比較 -ランキング -求人 -まとめ
姫路,https://www.hotelwing.co.jp/himeji/,,,,旭川市,旭川市 ホテル SNS運用代行 -おすすめ -比較 -ランキング -求人 -まとめ
令和5年度 旭川 工業高等専門学校産業技術振興会 事業報告書,https://www.asahikawa-nct.ac.jp/kenkyufileR5houkoku.pdf,,,,旭川市,旭川市 ホテル SNS運用代行 -おすすめ -比較 -ランキング -求人 -まとめ
エリアワン 旭川 駅前 B,https://www.a1weekly.com/details/AO0144,,,,旭川市,旭川市 ホテル SNS運用代行 -おすすめ -比較 -ランキング -求人 -まとめ
オーナー様へ,https://www.emieru.jp/owner_page,,,,旭川市,旭川市 店舗 Instagram集客支援 -おすすめ -比較 -ランキング -求人 -まとめ
About Service,https://nextvalue-asahikawa.com/service/,,,,旭川市,旭川市 中小企業 SNS運用支援 -おすすめ -比較 -ランキング -求人 -まとめ
旭川 の動画制作・デザイン・写真撮影・音楽制作,https://alii-asahikawa.jp/business/,,,,旭川市,旭川市 中小企業 SNS運用支援 -おすすめ -比較 -ランキング -求人 -まとめ
中小企業 知的財産 支援 事業 計画概要,https://hokkaidodesignlab.jp/pdf/business_plan.pdf,,,,旭川市,旭川市 中小企業 SNS運用支援 -おすすめ -比較 -ランキング -求人 -まとめ
【AIRC Mail Magazine 】 第533号(2026年1月5日発行),https://www.arc-net.or.jp/data/mailmagazine/533.pdf,,,,旭川市,旭川市 中小企業 SNS運用支援 -おすすめ -比較 -ランキング -求人 -まとめ
SNS マーケティング: 合同 会社 TM,https://tm-llc-office.site/,,,,旭川市,旭川市 SNSコンテンツ制作会社 -おすすめ -比較 -ランキング -求人 -まとめ
会社 情報,https://firststepasahikawa.wixsite.com/firststep/blank,,,,旭川市,旭川市 SNSコンテンツ制作会社 -おすすめ -比較 -ランキング -求人 -まとめ
過去の受託開発（その他）,https://www.siliconstudio.co.jp/products-service/contents/application/,,,,旭川市,旭川市 SNSコンテンツ制作会社 -おすすめ -比較 -ランキング -求人 -まとめ
2019年度主な観光施策,https://www.city.hakodate.hokkaido.jp/docs/2018083000082/file_contents/2018083000082_hk_docs_2018083000082_files_H3002shiryou02.pdf,,,,函館市,函館市 飲食店 SNS運用支援会社 -おすすめ -比較 -ランキング -求人 -まとめ
株式 会社 ALT:,https://a-l-t.net/,,,,函館市,函館市 飲食店 SNS運用支援会社 -おすすめ -比較 -ランキング -求人 -まとめ
参加店募集「おいしい 函館 クーポン」「おかずデリバリー ...,https://www.oishii-hakodate.jp/news/200507/,,,,函館市,函館市 飲食店 SNS運用支援会社 -おすすめ -比較 -ランキング -求人 -まとめ
cut House en（ 函館市 梁川町）,https://www.ekiten.jp/shop_79477223/,,,,函館市,函館市 美容室 Instagram運用代行 -おすすめ -比較 -ランキング -求人 -まとめ
制作実績,https://ritz-web.net/works/,,,,函館市,函館市 美容室 Instagram運用代行 -おすすめ -比較 -ランキング -求人 -まとめ
ネット受付可》 函館市 の クリニック ・病院（口コミ210件,https://fdoc.jp/clinic/list/index/rgid/109/,,,,函館市,函館市 クリニック SNS運用代行 -おすすめ -比較 -ランキング -求人 -まとめ
直言,https://www.tokushukai.or.jp/media/newspaper/1215/chokugen.php,,,,函館市,函館市 クリニック SNS運用代行 -おすすめ -比較 -ランキング -求人 -まとめ
ご旅行中の透析サポート,https://www.hakobura.jp/tickets/81,,,,函館市,函館市 クリニック SNS運用代行 -おすすめ -比較 -ランキング -求人 -まとめ
川瀬デンタル クリニック,https://www.guidedent.net/partner/kawase-dental-clinic/,,,,函館市,函館市 クリニック SNS運用代行 -おすすめ -比較 -ランキング -求人 -まとめ
（株）ダイワ 不動産,https://chinkan.jp/shop/detail/02757.html,,,,函館市,函館市 不動産 SNSマーケティング会社 -おすすめ -比較 -ランキング -求人 -まとめ
イベント,https://www.ainahome.co.jp/blogs/event/,,,,函館市,函館市 不動産 SNSマーケティング会社 -おすすめ -比較 -ランキング -求人 -まとめ
株式 会社 三建 不動産,https://www.rakumachi.jp/property/realtor/y%252BqGdOn7gLo%253D,,,,函館市,函館市 不動産 SNSマーケティング会社 -おすすめ -比較 -ランキング -求人 -まとめ
既存店舗で始める「高収益 不動産 事業」成功セミナー,https://www.funaisoken.co.jp/seminar/132208,,,,函館市,函館市 不動産 SNSマーケティング会社 -おすすめ -比較 -ランキング -求人 -まとめ
プライバシーポリシー,https://j-ila.com/privacy/,,,,函館市,函館市 不動産 SNSマーケティング会社 -おすすめ -比較 -ランキング -求人 -まとめ
北海道 函館 発・生成AIを学ぶオンラインスクール,https://hakobune-corp.jp/school/ai-hakodate,,,,函館市,函館市 学習塾 SNS運用代行 -おすすめ -比較 -ランキング -求人 -まとめ
函館日吉教室,https://www.peppy-kids.com/classroom/1555/,,,,函館市,函館市 学習塾 SNS運用代行 -おすすめ -比較 -ランキング -求人 -まとめ
6月24日（日）、30日（土） SNS 防犯入門講座 – 市民活動情報,https://hakomachi.com/townnews3/2018/06/6%E6%9C%8824%E6%97%A5%EF%BC%88%E6%97%A5%EF%BC%89%E3%80%8130%E6%97%A5%EF%BC%88%E5%9C%9F%EF%BC%89-sns%E9%98%B2%E7%8A%AF%E5%85%A5%E9%96%80%E8%AC%9B%E5%BA%A7/,,,,函館市,函館市 学習塾 SNS運用代行 -おすすめ -比較 -ランキング -求人 -まとめ
荻原 空(おぎはら そら)代表挨拶,https://ethicalskyjapan.com/company/greeting,,,,函館市,函館市 学習塾 SNS運用代行 -おすすめ -比較 -ランキング -求人 -まとめ
多角化する事業の成長を後押し。電話営業から SNS運用 、採用まで ...,https://www.aidma-hd.jp/case/zirei-461/,,,,函館市,函館市 学習塾 SNS運用代行 -おすすめ -比較 -ランキング -求人 -まとめ
子どもライター講座開催＜8月5日10:00～＞,https://knit-inc.com/press_release/20210724-1/,,,,函館市,函館市 採用広報 SNS運用会社 -おすすめ -比較 -ランキング -求人 -まとめ
【開催まであと1ヶ月！】第20回 SNS広報 事例発表会、発表者決定！,https://www.belove.co.jp/2024/11/25/slafes20/,,,,函館市,函館市 採用広報 SNS運用会社 -おすすめ -比較 -ランキング -求人 -まとめ
【地域に愛ある革命を!】未利用食材を活用した新商品開発を通して,https://www.project-index.jp/intern/28538,,,,函館市,函館市 採用広報 SNS運用会社 -おすすめ -比較 -ランキング -求人 -まとめ
主なネットワーク,https://www.jpower.co.jp/company_info/about/network.html,,,,函館市,函館市 採用広報 SNS運用会社 -おすすめ -比較 -ランキング -求人 -まとめ
みんなを笑顔にする、すてきな家づくりが夢／紀の國建設「きのっ ...,https://e-kensin.net/n/nd589e9b5ff11,,,,函館市,函館市 採用広報 SNS運用会社 -おすすめ -比較 -ランキング -求人 -まとめ
【 SNS 】一般社団法人関東広域観光機構 SNS観光プロモーション に ...,https://www.vmc.co.jp/news/news-8006/,,,,函館市,函館市 観光プロモーション SNS会社 -おすすめ -比較 -ランキング -求人 -まとめ
交通機関・ホテル・旅館,https://engawa.global/works_cat/businessfield/3/,,,,函館市,函館市 観光プロモーション SNS会社 -おすすめ -比較 -ランキング -求人 -まとめ
プロモーション アドバイザーの概要 アドバイザー名 株式 会社 行楽 ...,https://economy.clair.or.jp/wp-content/uploads/2022/03/5dc32e5c988abb429ce9ee65ce38df82.pdf,,,,函館市,函館市 観光プロモーション SNS会社 -おすすめ -比較 -ランキング -求人 -まとめ
地域再生計画,https://www.chisou.go.jp/tiiki/tiikisaisei/dai73nintei/plan/y0003.pdf,,,,函館市,函館市 観光プロモーション SNS会社 -おすすめ -比較 -ランキング -求人 -まとめ
株式会社クロス・プロップワークス,https://www.h-invitation.jp/expanding-companies/propworks/,,,,函館市,函館市 EC SNS運用代行 -おすすめ -比較 -ランキング -求人 -まとめ
SNS （X / Instagram / LINE等） 運用 支援,https://www.propworks.co.jp/service/sns.html,,,,函館市,函館市 EC SNS運用代行 -おすすめ -比較 -ランキング -求人 -まとめ
2022.11.08 中国向け越境 EC モール「日本優選館」による海外販売 ...,https://www.shinkin.co.jp/kanazawa/_news/contents/100/ec.pdf,,,,函館市,函館市 EC SNS運用代行 -おすすめ -比較 -ランキング -求人 -まとめ
タイのカジュアル ホテル ブランドが日本初上陸！ ＜2023年9月12日 ...,https://newscast.jp/news/5300916,,,,函館市,函館市 ホテル SNS運用代行 -おすすめ -比較 -ランキング -求人 -まとめ
【終了】飲食・サービス業のための インスタ グラムの始め方,https://chibayorozu.go.jp/seminar/pastseminars/20201112am/,,,,函館市,函館市 店舗 Instagram集客支援 -おすすめ -比較 -ランキング -求人 -まとめ
インスタ グラムを使って、 店舗 への 集客 はできるのでしょうか？,https://j-net21.smrj.go.jp/solution/qa/productdev/Q1359.html,,,,函館市,函館市 店舗 Instagram集客支援 -おすすめ -比較 -ランキング -求人 -まとめ
ゼロから始める,https://joyocci.or.jp/wp-content/uploads/2026/05/b627361347916d52100c59faa6da3989-4.pdf,,,,函館市,函館市 店舗 Instagram集客支援 -おすすめ -比較 -ランキング -求人 -まとめ
令和4年度 事 業 報 告,https://www.techakodate.or.jp/fscontents/houkoku_R4.pdf,,,,函館市,函館市 中小企業 SNS運用支援 -おすすめ -比較 -ランキング -求人 -まとめ
リコージャパン、DITが 函館市 道南地区のDX推進に関する包括連携 ...,https://corp.moneyforward.com/news/release/service/20251128-mf-press-2/,,,,函館市,函館市 中小企業 SNS運用支援 -おすすめ -比較 -ランキング -求人 -まとめ
運営者情報,https://sns-support.biz/profile,,,,函館市,函館市 中小企業 SNS運用支援 -おすすめ -比較 -ランキング -求人 -まとめ
北海道 函館市 のビデオ撮影・映像 制作 はメディコム・タカハシ,https://mc-t.net/page/2/,,,,函館市,函館市 SNSコンテンツ制作会社 -おすすめ -比較 -ランキング -求人 -まとめ
制作,https://www.owl-v.com/%E7%B7%A8%E9%9B%86/,,,,函館市,函館市 SNSコンテンツ制作会社 -おすすめ -比較 -ランキング -求人 -まとめ
会社 概要,https://www.hakodateeventservice.com/%E4%BC%9A%E7%A4%BE%E6%A6%82%E8%A6%81,,,,函館市,函館市 SNSコンテンツ制作会社 -おすすめ -比較 -ランキング -求人 -まとめ
コミュニティ事業,https://www.bridge-production.com/community,,,,函館市,函館市 SNSコンテンツ制作会社 -おすすめ -比較 -ランキング -求人 -まとめ
IT業(WEB制作/ SNS運用 /通信販売/デザイン関連),https://www.shusei-aomori.com/blog/categories/it%E3%83%BB%E9%80%9A%E4%BF%A1%E6%A5%AD,,,,青森市,青森市 飲食店 SNS運用支援会社 -おすすめ -比較 -ランキング -求人 -まとめ
メンバー紹介,https://aoit.jp/about/member,,,,青森市,青森市 飲食店 SNS運用支援会社 -おすすめ -比較 -ランキング -求人 -まとめ
講師,https://www.cgc-akita.or.jp/cms/wp-content/uploads/2024/09/R%EF%BC%96%E3%83%AA%E3%83%BC%E3%83%95%E3%83%AC%E3%83%83%E3%83%88.pdf,,,,青森市,青森市 飲食店 SNS運用支援会社 -おすすめ -比較 -ランキング -求人 -まとめ
氏名 米田 剛,https://www.applic.or.jp/prom/chiiki_adviser/R2_profile/161_00adviser.pdf,,,,青森市,青森市 飲食店 SNS運用支援会社 -おすすめ -比較 -ランキング -求人 -まとめ
そらたび,https://www.localink.co.jp/influencer/soratabi/,,,,青森市,青森市 飲食店 SNS運用支援会社 -おすすめ -比較 -ランキング -求人 -まとめ
コーディネーター紹介,https://aomori-yorozu.go.jp/coordinator/,,,,青森市,青森市 飲食店 SNS運用支援会社 -おすすめ -比較 -ランキング -求人 -まとめ
青森市 しごと創造戦略,https://www.city.aomori.aomori.jp/sangyo_koyou/shoukougyou/1004193/index.html,,,,青森市,青森市 飲食店 SNS運用支援会社 -おすすめ -比較 -ランキング -求人 -まとめ
【無料セミナー】なぜ多くのサロンが、 インスタ をやっても採用に ...,http://complat.jp/seminar/2519/,,,,青森市,青森市 美容室 Instagram運用代行 -おすすめ -比較 -ランキング -求人 -まとめ
募集要項 サロン見学参加者募集中,https://yubi.jp/assets/img/top/companyprofile2026.pdf,,,,青森市,青森市 美容室 Instagram運用代行 -おすすめ -比較 -ランキング -求人 -まとめ
ドナー登録を考えていらっしゃるお母さまへ,https://jhmba.or.jp/entry.php,,,,青森市,青森市 クリニック SNS運用代行 -おすすめ -比較 -ランキング -求人 -まとめ
卒業後の進路,https://www.aomoricgu.ac.jp/aroundemployment/carrier_support_nursing/access_aisle_synopsis,,,,青森市,青森市 クリニック SNS運用代行 -おすすめ -比較 -ランキング -求人 -まとめ
2025あおもり桜マラソン,https://aomori-sakuramarathon.com/wp-content/uploads/2025/03/bcf41d270e5fc89b48e5f721c24f20ba.pdf,,,,青森市,青森市 クリニック SNS運用代行 -おすすめ -比較 -ランキング -求人 -まとめ
地 域 包 括 ケ ア シ ス テ ム,https://www.city.kuroishi.aomori.jp/shisei/kouhou/files/2022_10_all.pdf,,,,青森市,青森市 クリニック SNS運用代行 -おすすめ -比較 -ランキング -求人 -まとめ
空間デザイン事業,https://www.qlockup.net/services/spatial/,,,,青森市,青森市 不動産 SNSマーケティング会社 -おすすめ -比較 -ランキング -求人 -まとめ
WORKS,https://zais.co.jp/works/%E3%82%AD%E3%83%A3%E3%83%B3%E3%83%9A%E3%83%BC%E3%83%B3%E3%83%9D%E3%82%B9%E3%82%BF%E3%83%BC-2/,,,,青森市,青森市 不動産 SNSマーケティング会社 -おすすめ -比較 -ランキング -求人 -まとめ
プライバシーポリシー,https://www.ph-aomori.com/about/privacy.html,,,,青森市,青森市 不動産 SNSマーケティング会社 -おすすめ -比較 -ランキング -求人 -まとめ
クリエイター育成スクール,https://www.city.hachinohe.aomori.jp/material/files/group/12/YS_maruyosi.pdf,,,,青森市,青森市 学習塾 SNS運用代行 -おすすめ -比較 -ランキング -求人 -まとめ
テックキッズ 青森,https://yorimichi.iki-iki.co.jp/techkids/,,,,青森市,青森市 学習塾 SNS運用代行 -おすすめ -比較 -ランキング -求人 -まとめ
令和8年度 SNS を活用した 採用広報 促進業務に係る企画提案 ...,https://labid.jp/projects/a7b638a1-4c45-4e0b-bf53-2e2caca4168f?source=search_result,,,,青森市,青森市 採用広報 SNS運用会社 -おすすめ -比較 -ランキング -求人 -まとめ
青森 県若年者就職支援センター ジョブカフェあおもり,https://www.career-bank.co.jp/aomori_saiyosokushin/,,,,青森市,青森市 採用広報 SNS運用会社 -おすすめ -比較 -ランキング -求人 -まとめ
【神戸市】Web サイトを活用した神戸市会 広報 業務,https://poteto.media/achievement-article/kobeshikai-web-pr/,,,,青森市,青森市 採用広報 SNS運用会社 -おすすめ -比較 -ランキング -求人 -まとめ
(株)サイトーホームの前年度 採用 データ,https://job.mynavi.jp/28/pc/corpinfo/displayPrevEmployment/index/?corpId=212999&recruitingCourseId=27067400,,,,青森市,青森市 採用広報 SNS運用会社 -おすすめ -比較 -ランキング -求人 -まとめ
エキスパート講師リスト,https://www.aomorishokoren.or.jp/other/expert.html,,,,青森市,青森市 採用広報 SNS運用会社 -おすすめ -比較 -ランキング -求人 -まとめ
令和7年度公益社団法人 青森観光 コンベンション協会事業計画 ...,https://www.atca.info/wp-content/uploads/2025/06/jigyo_keikaku_r7.pdf,,,,青森市,青森市 観光プロモーション SNS会社 -おすすめ -比較 -ランキング -求人 -まとめ
観光 マーケティング・ プロモーション 事業,https://tabifun.jp/service/kankou-promotion,,,,青森市,青森市 観光プロモーション SNS会社 -おすすめ -比較 -ランキング -求人 -まとめ
平成25年度事業報告 基本方針,https://www.aomori-kanko.or.jp/img/pdf/corporate_h25_01.pdf,,,,青森市,青森市 観光プロモーション SNS会社 -おすすめ -比較 -ランキング -求人 -まとめ
「 青森 の魅力」を世界に発信！ ～台湾からの移住女性の活動に密着！,https://aomoreturn.pref.aomori.lg.jp/2025/05/30/uij250530/,,,,青森市,青森市 観光プロモーション SNS会社 -おすすめ -比較 -ランキング -求人 -まとめ
クオリア 詳細ページ,https://tsunaweb.book.mynavi.jp/tsunaweb/company/detail/id=3245,,,,青森市,青森市 EC SNS運用代行 -おすすめ -比較 -ランキング -求人 -まとめ
青森市 に企業版ふるさと納税を活用した寄付を実施,https://www.trans-cosmos.co.jp/company/news/260515.html,,,,青森市,青森市 EC SNS運用代行 -おすすめ -比較 -ランキング -求人 -まとめ
令和元年度補正予算 小規模事業者持続化補助金＜一般型＞（第3回 ...,https://r1.jizokukahojokin.info/saitaku/doc/r1i_3_touhoku.pdf,,,,青森市,青森市 EC SNS運用代行 -おすすめ -比較 -ランキング -求人 -まとめ
SNS運用代行,https://fabslab.net/sns/,,,,青森市,青森市 EC SNS運用代行 -おすすめ -比較 -ランキング -求人 -まとめ
長良川の鮎,https://go-centraljapan.jp/ja/aboutus/files/prlist220104.pdf,,,,青森市,青森市 ホテル SNS運用代行 -おすすめ -比較 -ランキング -求人 -まとめ
【公式】 ホテル の宿泊予約は相鉄ホテルズ パートナー ホテル,https://sotetsu-hotels.com/partnerhotel/,,,,青森市,青森市 ホテル SNS運用代行 -おすすめ -比較 -ランキング -求人 -まとめ
SNSで 集客 はかどる！「 Instagram ( インスタ グラム)活用 ...,https://www.acci.or.jp/2025/03/11/sns%E3%81%A7%E9%9B%86%E5%AE%A2%E3%81%AF%E3%81%8B%E3%81%A9%E3%82%8B%EF%BC%81%E3%80%8C%EF%BD%89%EF%BD%8E%EF%BD%93%EF%BD%94%EF%BD%81%EF%BD%87%EF%BD%92%EF%BD%81%EF%BD%8D%E3%82%A4%E3%83%B3%E3%82%B9/,,,,青森市,青森市 店舗 Instagram集客支援 -おすすめ -比較 -ランキング -求人 -まとめ
地域で広がる実践的Web 集客支援 の輪,https://bansou-for.com/marketing202510/,,,,青森市,青森市 店舗 Instagram集客支援 -おすすめ -比較 -ランキング -求人 -まとめ
「SNS運用無料相談会～SNSで売上を上げる投稿を作ろう！～」を ...,https://www.21aomori.or.jp/topics/31636,,,,青森市,青森市 店舗 Instagram集客支援 -おすすめ -比較 -ランキング -求人 -まとめ
Instagram 開設のお知らせ,https://www.cgc-aomori.jp/about/news/instagram,,,,青森市,青森市 店舗 Instagram集客支援 -おすすめ -比較 -ランキング -求人 -まとめ
INFORMATION,https://passage-aomori.net/news_item.html?model=news&id=79a3e72b366135612e0001e4,,,,青森市,青森市 店舗 Instagram集客支援 -おすすめ -比較 -ランキング -求人 -まとめ
青森 県 知財総合 支援 窓口,https://chizai-portal.inpit.go.jp/madoguchi/aomori/,,,,青森市,青森市 中小企業 SNS運用支援 -おすすめ -比較 -ランキング -求人 -まとめ
【お問合せ】 青森 キャリア形成・リスキリング 支援 センター,https://carigaku.mhlw.go.jp/otw/f02/,,,,青森市,青森市 中小企業 SNS運用支援 -おすすめ -比較 -ランキング -求人 -まとめ
会社 紹介・採用・ SNS 動画 制作,https://media-creation.net/douga/,,,,青森市,青森市 SNSコンテンツ制作会社 -おすすめ -比較 -ランキング -求人 -まとめ
〈東京都世田谷区〉studio15株式 会社,https://app.vachanavi.com/articles/studio15,,,,青森市,青森市 SNSコンテンツ制作会社 -おすすめ -比較 -ランキング -求人 -まとめ
企業PR 制作 青森,https://hama-photos.jp/about,,,,青森市,青森市 SNSコンテンツ制作会社 -おすすめ -比較 -ランキング -求人 -まとめ
八戸市 令和5年度 いきいきとしたデジタル社会推進事業,https://www.c-glocal.com/wp-content/uploads/2024/03/%E4%B8%AD%E5%BF%83%E8%A1%97%E3%82%92%E8%B3%91%E3%82%84%E3%81%8B%E3%81%AB%E3%81%99%E3%82%8BSNS%E3%82%BB%E3%83%9F%E3%83%8A%E3%83%BC.pdf,,,,八戸市,八戸市 飲食店 SNS運用支援会社 -おすすめ -比較 -ランキング -求人 -まとめ
卸センターについて,https://www.hoc-net.jp/about/,,,,八戸市,八戸市 飲食店 SNS運用支援会社 -おすすめ -比較 -ランキング -求人 -まとめ
八戸 ノ里TRAD 美容院 駐車場,https://www.akippa.com/parking/65c262831d3dc86984b04dc3f2d91df2,,,,八戸市,八戸市 美容室 Instagram運用代行 -おすすめ -比較 -ランキング -求人 -まとめ
2024 年度一般社団法人日本ゴールボール協会事業報告,https://jgba.or.jp/wp-content/uploads/2025/05/2024%E5%B9%B4%E5%BA%A6%E4%BA%8B%E6%A5%AD%E5%A0%B1%E5%91%8A_0515HP.pdf,,,,八戸市,八戸市 クリニック SNS運用代行 -おすすめ -比較 -ランキング -求人 -まとめ
プライバシーポリシー,https://www.hashimotohome.com/privacy-policy/,,,,八戸市,八戸市 不動産 SNSマーケティング会社 -おすすめ -比較 -ランキング -求人 -まとめ
森和吉のプロフィール,https://mbp-japan.com/aomori/yoshikazunomori/,,,,八戸市,八戸市 不動産 SNSマーケティング会社 -おすすめ -比較 -ランキング -求人 -まとめ
公益社団法人全国 学習塾 協会 正会員名簿,https://jja.or.jp/member-list/regular-members/,,,,八戸市,八戸市 学習塾 SNS運用代行 -おすすめ -比較 -ランキング -求人 -まとめ
青森県 八戸市 で人気（高評価）・近くのWEBデザインスクール ...,https://www.zehitomo.com/learning/technology/web-learning/web-designing-instructor/aomori/hachinohe/hachinohe-shi,,,,八戸市,八戸市 学習塾 SNS運用代行 -おすすめ -比較 -ランキング -求人 -まとめ
八戸 工業大学第二高等学校,https://www.kodai2-h.ed.jp/,,,,八戸市,八戸市 学習塾 SNS運用代行 -おすすめ -比較 -ランキング -求人 -まとめ
ZA-ONE: 青森県 八戸市 のフリーランスWebエンジニア,https://zone-web.jp/,,,,八戸市,八戸市 学習塾 SNS運用代行 -おすすめ -比較 -ランキング -求人 -まとめ
サポート企業（2024年度）,https://www.aomori-life.jp/syogakukin/members/2024/240161.html,,,,八戸市,八戸市 学習塾 SNS運用代行 -おすすめ -比較 -ランキング -求人 -まとめ
終了しました,https://starting-business.net/events/tag/end/,,,,八戸市,八戸市 学習塾 SNS運用代行 -おすすめ -比較 -ランキング -求人 -まとめ
観光 地域づくり法人形成･確立計画 記入日,https://www.mlit.go.jp/kankocho/content/001976296.pdf,,,,八戸市,八戸市 観光プロモーション SNS会社 -おすすめ -比較 -ランキング -求人 -まとめ
八戸市 地域おこし協力隊活動状況報告書,https://visithachinohe.or.jp/wp-content/uploads/2024/01/chiikiokoshi-report-2023Nov-01.pdf,,,,八戸市,八戸市 観光プロモーション SNS会社 -おすすめ -比較 -ランキング -求人 -まとめ
「令和6年度商店街活性化セミナー～インバウンドを味方に！外国 ...,https://jongara.net/blog/organizations/%E3%80%8C%E4%BB%A4%E5%92%8C%EF%BC%96%E5%B9%B4%E5%BA%A6%E5%95%86%E5%BA%97%E8%A1%97%E6%B4%BB%E6%80%A7%E5%8C%96%E3%82%BB%E3%83%9F%E3%83%8A%E3%83%BC%EF%BD%9E%E3%82%A4%E3%83%B3%E3%83%90%E3%82%A6%E3%83%B3/,,,,八戸市,八戸市 観光プロモーション SNS会社 -おすすめ -比較 -ランキング -求人 -まとめ
《オンライン》「 SNS運用 に疲れた」と悩む経営者や 広報 担当者へ ...,https://yorozu-saga.go.jp/archives/30562,,,,八戸市,八戸市 採用広報 SNS運用会社 -おすすめ -比較 -ランキング -求人 -まとめ
「 SNS を活用した情報発信」セミナー,https://aqea.co.jp/information/7140/,,,,八戸市,八戸市 採用広報 SNS運用会社 -おすすめ -比較 -ランキング -求人 -まとめ
会社案内,https://uwanodd.com/company/index.html,,,,八戸市,八戸市 EC SNS運用代行 -おすすめ -比較 -ランキング -求人 -まとめ
会社概要,https://idend.net/pages/company,,,,八戸市,八戸市 EC SNS運用代行 -おすすめ -比較 -ランキング -求人 -まとめ
あっとワーク,https://www.wam.go.jp/shofukuGift-img/attachments/2024/0525142045176/20240502_A4_%E3%82%B5%E3%83%B3%E3%83%97%E3%83%AB.pdf,,,,八戸市,八戸市 EC SNS運用代行 -おすすめ -比較 -ランキング -求人 -まとめ
令和7年度事業報告書,https://hachinohe-shakyo.or.jp/files/plan/R7-jh.pdf,,,,八戸市,八戸市 ホテル SNS運用代行 -おすすめ -比較 -ランキング -求人 -まとめ
【公式最安】スーパー ホテル八戸 長横町,https://www.superhotel.co.jp/s_hotels/hachinohe/,,,,八戸市,八戸市 ホテル SNS運用代行 -おすすめ -比較 -ランキング -求人 -まとめ
地方副業案件,https://talent.direct.hipro-job.jp/talent/issue/13755/,,,,八戸市,八戸市 店舗 Instagram集客支援 -おすすめ -比較 -ランキング -求人 -まとめ
会社概要,https://newstory8.com/%E4%BC%9A%E7%A4%BE%E6%A6%82%E8%A6%81/,,,,八戸市,八戸市 店舗 Instagram集客支援 -おすすめ -比較 -ランキング -求人 -まとめ
沿革,https://www.849net.com/guide/history.html,,,,八戸市,八戸市 店舗 Instagram集客支援 -おすすめ -比較 -ランキング -求人 -まとめ
事業概要,https://8nohe-ikiikidx.jp/aboutus/,,,,八戸市,八戸市 中小企業 SNS運用支援 -おすすめ -比較 -ランキング -求人 -まとめ
市政1期目の取り組み,https://kumagai21.com/pdf/torikumi2025.pdf,,,,八戸市,八戸市 中小企業 SNS運用支援 -おすすめ -比較 -ランキング -求人 -まとめ
エキスパートバンク制度【コロナ枠・通常枠】 のご紹介,https://www.8cci.or.jp/business/pdf/expert-bank202010.pdf,,,,八戸市,八戸市 中小企業 SNS運用支援 -おすすめ -比較 -ランキング -求人 -まとめ
Yanagihara Kento,https://jp.linkedin.com/in/yanagihara-kento-216357317,,,,盛岡市,盛岡市 飲食店 SNS運用支援会社 -おすすめ -比較 -ランキング -求人 -まとめ
岩手県 でSEO対策に強いウェブマーケティング 会社 ならオーパス ...,https://opus-plan.net/area/iwate/,,,,盛岡市,盛岡市 飲食店 SNS運用支援会社 -おすすめ -比較 -ランキング -求人 -まとめ
【8/22開催】プロに聞く！ SNS運用 の秘訣と実践ノウハウ（第5回 ...,https://tomiyajuku.studio.site/posts/teirei260822,,,,盛岡市,盛岡市 飲食店 SNS運用支援会社 -おすすめ -比較 -ランキング -求人 -まとめ
SDGsへの取組み,https://machi-no-yakkyoku.com/sdgs/index.html,,,,盛岡市,盛岡市 飲食店 SNS運用支援会社 -おすすめ -比較 -ランキング -求人 -まとめ
いわて若者カフェ「カフェマスター」及び「連携拠点」,https://www.pref.iwate.jp/kurashikankyou/seishounendanjo/wakamono/1004957/1004964.html,,,,盛岡市,盛岡市 飲食店 SNS運用支援会社 -おすすめ -比較 -ランキング -求人 -まとめ
Company Profile,https://revol.co.jp/cms/wp-content/uploads/2021/02/revol_company-_nformation_download-1.pdf,,,,盛岡市,盛岡市 美容室 Instagram運用代行 -おすすめ -比較 -ランキング -求人 -まとめ
three: ホーム,https://www.threeshare2024.com/,,,,盛岡市,盛岡市 美容室 Instagram運用代行 -おすすめ -比較 -ランキング -求人 -まとめ
「映画・映像」に関するプロジェクト（9ページ目）,https://readyfor.jp/tags/movie?page=9,,,,盛岡市,盛岡市 美容室 Instagram運用代行 -おすすめ -比較 -ランキング -求人 -まとめ
岩手のホームページ制作,https://taguchi338.com/industries.html,,,,盛岡市,盛岡市 美容室 Instagram運用代行 -おすすめ -比較 -ランキング -求人 -まとめ
医業経営情報,https://www.iwate-tax.com/tkc-clinic002,,,,盛岡市,盛岡市 クリニック SNS運用代行 -おすすめ -比較 -ランキング -求人 -まとめ
やさしい内科 クリニック 【公式】曙橋駅徒歩2分の糖尿病内科・美容 ...,https://ggm-clinic.com/,,,,盛岡市,盛岡市 クリニック SNS運用代行 -おすすめ -比較 -ランキング -求人 -まとめ
相談実績,https://www.tokyo-keiri.com/page-2440/,,,,盛岡市,盛岡市 クリニック SNS運用代行 -おすすめ -比較 -ランキング -求人 -まとめ
Barrier Free 盛岡,https://kokotomo.com/facility/692078,,,,盛岡市,盛岡市 クリニック SNS運用代行 -おすすめ -比較 -ランキング -求人 -まとめ
ホーム,https://www.kodomomirai-choko.com/,,,,盛岡市,盛岡市 クリニック SNS運用代行 -おすすめ -比較 -ランキング -求人 -まとめ
【お知らせ】ファン マーケティング サポーター「株式 会社 BOKURA ...,https://www.bigbulls.jp/news/detail/id=14382,,,,盛岡市,盛岡市 不動産 SNSマーケティング会社 -おすすめ -比較 -ランキング -求人 -まとめ
全国事業所のご案内,https://www.mjs.co.jp/outline/branch/,,,,盛岡市,盛岡市 不動産 SNSマーケティング会社 -おすすめ -比較 -ランキング -求人 -まとめ
公営塾の立ち上げ・運営サポート,https://www.manaaso.com/kouei-juku,,,,盛岡市,盛岡市 学習塾 SNS運用代行 -おすすめ -比較 -ランキング -求人 -まとめ
個別指導サクセス,https://comiru.co/case/example14/,,,,盛岡市,盛岡市 学習塾 SNS運用代行 -おすすめ -比較 -ランキング -求人 -まとめ
事業実績,https://www.miraitoshokan.com/aboutus/results,,,,盛岡市,盛岡市 学習塾 SNS運用代行 -おすすめ -比較 -ランキング -求人 -まとめ
キャンパスを探す,https://www.daiichigakuin.ed.jp/campus/,,,,盛岡市,盛岡市 学習塾 SNS運用代行 -おすすめ -比較 -ランキング -求人 -まとめ
ナビ個別指導学院 盛岡 北校,https://ksn-japan.net/school/%E3%83%8A%E3%83%93%E5%80%8B%E5%88%A5%E6%8C%87%E5%B0%8E%E5%AD%A6%E9%99%A2%E3%80%80%E7%9B%9B%E5%B2%A1%E5%8C%97%E6%A0%A1/,,,,盛岡市,盛岡市 学習塾 SNS運用代行 -おすすめ -比較 -ランキング -求人 -まとめ
令和7年度 事業報告書,https://tatsuzawa.ac.jp/d-pdf/jigyou.pdf?202506,,,,盛岡市,盛岡市 学習塾 SNS運用代行 -おすすめ -比較 -ランキング -求人 -まとめ
【もりおか女性センター 起業応援ルーム 芽でるネット ...,https://www.startup-iwate.pref.iwate.jp/support_list/1917,,,,盛岡市,盛岡市 学習塾 SNS運用代行 -おすすめ -比較 -ランキング -求人 -まとめ
戦略相談・ 広報 支援 盛岡,https://atelier-shu.jp/strategy-support-morioka/,,,,盛岡市,盛岡市 採用広報 SNS運用会社 -おすすめ -比較 -ランキング -求人 -まとめ
盛岡市 はInstagramの公式アカウントを開設しました。,https://www.city.morioka.iwate.jp/shisei/1021559/1021610/1021804/1046864.html,,,,盛岡市,盛岡市 採用広報 SNS運用会社 -おすすめ -比較 -ランキング -求人 -まとめ
東北方面総監部 人事部募集課,https://www.mod.go.jp/gsdf/neae/koukoku/fin/r07_nendo/07_koubo/02_tenpu_syorui/shu-1222-002-koubo-1.pdf,,,,盛岡市,盛岡市 採用広報 SNS運用会社 -おすすめ -比較 -ランキング -求人 -まとめ
【クラブ】フロントスタッフ募集のお知らせ,https://grulla-morioka.jp/tab09_club/191209news_004/,,,,盛岡市,盛岡市 採用広報 SNS運用会社 -おすすめ -比較 -ランキング -求人 -まとめ
いわて銀河プラザでの「岩手県×石川県 連携フェア」の開催について,https://www.pref.ishikawa.lg.jp/kisya/r8/documents/0721_15_kankousenryakuka.pdf,,,,盛岡市,盛岡市 観光プロモーション SNS会社 -おすすめ -比較 -ランキング -求人 -まとめ
事 業 計 画 書,https://hellomorioka.jp/wp/wp-content/themes/mtca/data/member/pdf/r04_jigyoukeikaku.pdf,,,,盛岡市,盛岡市 観光プロモーション SNS会社 -おすすめ -比較 -ランキング -求人 -まとめ
視察報告書,https://www.city.matsusaka.mie.jp/uploaded/attachment/79359.pdf,,,,盛岡市,盛岡市 観光プロモーション SNS会社 -おすすめ -比較 -ランキング -求人 -まとめ
観光 関連事業者の皆さまへ,https://www.pref.osaka.lg.jp/documents/32311/kannkou.pdf,,,,盛岡市,盛岡市 観光プロモーション SNS会社 -おすすめ -比較 -ランキング -求人 -まとめ
【田辺開催】紀伊半島魅力発掘隊 養成塾 in 和歌山,https://www.wakayamagurashi.jp/event/7735,,,,盛岡市,盛岡市 観光プロモーション SNS会社 -おすすめ -比較 -ランキング -求人 -まとめ
ホームページ製作,https://www.echna.co.jp/service/web/,,,,盛岡市,盛岡市 EC SNS運用代行 -おすすめ -比較 -ランキング -求人 -まとめ
商談会に参加して 販路拡大!,https://yorozu-iwate.go.jp/wp-content/uploads/2025/08/%E5%B2%A9%E6%89%8B%E7%9C%8C%E3%82%88%E3%82%8D%E3%81%9A%E6%94%AF%E6%8F%B4%E6%8B%A0%E7%82%B9_%E3%83%81%E3%83%BC%E3%83%A0%E6%94%AF%E6%8F%B4_%E5%A3%B2%E4%B8%8A%E6%8B%A1%E5%A4%A7.pdf,,,,盛岡市,盛岡市 EC SNS運用代行 -おすすめ -比較 -ランキング -求人 -まとめ
出店取次パートナー契約を結ぶGLコネクトが業務提携を行った東北 ...,https://www.inagora.com/gl_and_inagora/,,,,盛岡市,盛岡市 EC SNS運用代行 -おすすめ -比較 -ランキング -求人 -まとめ
We Love,http://richmondhotel.jp/morioka/welove/,,,,盛岡市,盛岡市 ホテル SNS運用代行 -おすすめ -比較 -ランキング -求人 -まとめ
入学案内・学費,https://moricolle.ac.jp/admission/,,,,盛岡市,盛岡市 ホテル SNS運用代行 -おすすめ -比較 -ランキング -求人 -まとめ
ダイワロイネット ホテル盛岡 駅前 会議室利用申込書,https://www.daiwaroynet.jp/morioka-ekimae/facilities/,,,,盛岡市,盛岡市 ホテル SNS運用代行 -おすすめ -比較 -ランキング -求人 -まとめ
令和8年4月22日(水) 大槌町林野火災に伴う対応状況,https://iwate-bousai.my.salesforce-sites.com/servlet/servlet.FileDownload?file=00PRC00002KDdLZ2A1,,,,盛岡市,盛岡市 ホテル SNS運用代行 -おすすめ -比較 -ランキング -求人 -まとめ
ウェブサポ,https://r-handman.com/,,,,盛岡市,盛岡市 店舗 Instagram集客支援 -おすすめ -比較 -ランキング -求人 -まとめ
新しい時代におけるインスタグラムの活用法とは？,https://www.morioka-vc.co.jp/wordpress/wp-content/uploads/2022/02/20220308_s_p.pdf,,,,盛岡市,盛岡市 中小企業 SNS運用支援 -おすすめ -比較 -ランキング -求人 -まとめ
中小企業 診断士 工藤健人,https://www.seiei.or.jp/iwate/pdf/20230606-4.pdf,,,,盛岡市,盛岡市 中小企業 SNS運用支援 -おすすめ -比較 -ランキング -求人 -まとめ
特集：県内全域で無数に広がる、 新たな学び合いの輪,http://iwate.doyu.jp/official/wp-content/themes/doyu/images/contents/doyu/vol181.pdf,,,,盛岡市,盛岡市 中小企業 SNS運用支援 -おすすめ -比較 -ランキング -求人 -まとめ
岩手県県南広域振興局『令和8年度岩手県南 中小企業 製造業等DX ...,https://www.abeyasu.co.jp/tag/%E3%82%A2%E3%83%99%E3%83%A4%E3%82%B9/,,,,盛岡市,盛岡市 中小企業 SNS運用支援 -おすすめ -比較 -ランキング -求人 -まとめ
SNS 運用・WEB広告,https://www.ni-connect.co.jp/service/snsweb/,,,,盛岡市,盛岡市 SNSコンテンツ制作会社 -おすすめ -比較 -ランキング -求人 -まとめ
映像 制作 サービス（企業PR・採用動画・番組・配信）,https://kokoroku.sstn.jp/service.html,,,,盛岡市,盛岡市 SNSコンテンツ制作会社 -おすすめ -比較 -ランキング -求人 -まとめ
めんこいエンタープライズ コンテンツ 事業部について,https://mepdc.net/about/index.html,,,,盛岡市,盛岡市 SNSコンテンツ制作会社 -おすすめ -比較 -ランキング -求人 -まとめ
事業案内,https://kohomedia.jp/service/,,,,盛岡市,盛岡市 SNSコンテンツ制作会社 -おすすめ -比較 -ランキング -求人 -まとめ
事業内容,https://rushbiz.co.jp/service,,,,仙台市,仙台市 飲食店 SNS運用支援会社 -おすすめ -比較 -ランキング -求人 -まとめ
仙台 SNS運用 会社 として注目のキングプロテアが本格サービス提供 ...,https://www.dreamnews.jp/press/0000350857,,,,仙台市,仙台市 飲食店 SNS運用支援会社 -おすすめ -比較 -ランキング -求人 -まとめ
仙台 ・若林区の 飲食店支援,https://newvalues2024.com/%E5%9C%B0%E5%85%83%E5%AF%86%E7%9D%80%E5%9E%8B%E3%81%AE%E9%A3%B2%E9%A3%9F%E5%BA%97%E6%94%AF%E6%8F%B4%EF%BD%9C%E4%BB%99%E5%8F%B0%E5%B8%82%E3%83%BB%E6%A0%AA%E5%BC%8F%E4%BC%9A%E7%A4%BE%E6%AD%A9%E5%A4%A2/,,,,仙台市,仙台市 飲食店 SNS運用支援会社 -おすすめ -比較 -ランキング -求人 -まとめ
ビジョングループのZORSEがTailor Appと SNS運用 の競争力強化に ...,https://www.vision-net.co.jp/news/20240524104725.html,,,,仙台市,仙台市 飲食店 SNS運用支援会社 -おすすめ -比較 -ランキング -求人 -まとめ
【 仙台市 2022】プロフェッショナル人材活用による中小企業の課題 ...,https://social-development.circu.co.jp/sendai/2022/biz/,,,,仙台市,仙台市 飲食店 SNS運用支援会社 -おすすめ -比較 -ランキング -求人 -まとめ
インスタ ブートキャンプ,https://instabootcamp.i-b-c.jp/,,,,仙台市,仙台市 美容室 Instagram運用代行 -おすすめ -比較 -ランキング -求人 -まとめ
企画室じかまき,https://k-jikamaki.jp/wp/,,,,仙台市,仙台市 美容室 Instagram運用代行 -おすすめ -比較 -ランキング -求人 -まとめ
株式会社KONDA,https://nailsalon-support.com/,,,,仙台市,仙台市 美容室 Instagram運用代行 -おすすめ -比較 -ランキング -求人 -まとめ
仙台 N美容 クリニック _ SNS,https://unihack.jp/work/%E4%BB%99%E5%8F%B0n%E7%BE%8E%E5%AE%B9%E3%82%AF%E3%83%AA%E3%83%8B%E3%83%83%E3%82%AF_sns/,,,,仙台市,仙台市 クリニック SNS運用代行 -おすすめ -比較 -ランキング -求人 -まとめ
クリニック 開業時における SNS 活用,https://www.datenochi-openclinic.net/basic/sns.html,,,,仙台市,仙台市 クリニック SNS運用代行 -おすすめ -比較 -ランキング -求人 -まとめ
往診 クリニック ビーナス,https://sendai-venus.jp/pages/48/,,,,仙台市,仙台市 クリニック SNS運用代行 -おすすめ -比較 -ランキング -求人 -まとめ
2026年3月期 第2四半期決算説明資料,https://www.trenders.co.jp/ir/wp-content/uploads/sites/2/2025/11/20251114.pdf,,,,仙台市,仙台市 クリニック SNS運用代行 -おすすめ -比較 -ランキング -求人 -まとめ
6月10日(火)開催,https://www.ielove-group.jp/news/detail-1095,,,,仙台市,仙台市 不動産 SNSマーケティング会社 -おすすめ -比較 -ランキング -求人 -まとめ
&life's,https://www.andlifes.co.jp/%E8%A4%87%E8%A3%BD-home,,,,仙台市,仙台市 不動産 SNSマーケティング会社 -おすすめ -比較 -ランキング -求人 -まとめ
不動産 コラム,https://www.m-assets.co.jp/column/page/19,,,,仙台市,仙台市 不動産 SNSマーケティング会社 -おすすめ -比較 -ランキング -求人 -まとめ
東北支店,https://www.mec.co.jp/company/branch/touhoku/,,,,仙台市,仙台市 不動産 SNSマーケティング会社 -おすすめ -比較 -ランキング -求人 -まとめ
【ホームズ】株式 会社 impressiveの店舗情報,https://www.homes.co.jp/realtor/mid-154082hCz8P5ICmH9w/,,,,仙台市,仙台市 不動産 SNSマーケティング会社 -おすすめ -比較 -ランキング -求人 -まとめ
iii株式会社,https://iii-k.co.jp/,,,,仙台市,仙台市 学習塾 SNS運用代行 -おすすめ -比較 -ランキング -求人 -まとめ
株式会社shared,https://shared.168style.co.jp/,,,,仙台市,仙台市 学習塾 SNS運用代行 -おすすめ -比較 -ランキング -求人 -まとめ
公募型プロポーザル方式による事業者募集,https://www.kotsu.city.sendai.jp/business/keiyaku/jigyosha_bosyuu/proposal/,,,,仙台市,仙台市 採用広報 SNS運用会社 -おすすめ -比較 -ランキング -求人 -まとめ
東北支店,https://tohoku.aap.co.jp/,,,,仙台市,仙台市 採用広報 SNS運用会社 -おすすめ -比較 -ランキング -求人 -まとめ
【 仙台 】 SNS マーケティングが学べる有給インターン,https://intern.sendaidehatarakitai.jp/intern/detail/e65851b71fe69d0a8cf8a5ee12d11b01,,,,仙台市,仙台市 採用広報 SNS運用会社 -おすすめ -比較 -ランキング -求人 -まとめ
特殊詐欺被害防止対策業務（ SNS広報 事業）の企画提案 ...,https://www.police.pref.miyagi.jp/seian/sns.html,,,,仙台市,仙台市 採用広報 SNS運用会社 -おすすめ -比較 -ランキング -求人 -まとめ
仙台 商工会議所,https://www.sendaicci.or.jp/event/upload_images/20240709.pdf,,,,仙台市,仙台市 採用広報 SNS運用会社 -おすすめ -比較 -ランキング -求人 -まとめ
みやぎ 観光 デジタル プロモーション 事業旅行予約サイトなど ...,https://www.pref.miyagi.jp/soshiki/kankou/r5ryokouyoyaku.html,,,,仙台市,仙台市 観光プロモーション SNS会社 -おすすめ -比較 -ランキング -求人 -まとめ
国内外向け SNS 発信サービス,https://www.sproutjp.co.jp/project_category/sns/,,,,仙台市,仙台市 観光プロモーション SNS会社 -おすすめ -比較 -ランキング -求人 -まとめ
インバウンド プロモーション,https://www.lifebridge.jp/promotion/,,,,仙台市,仙台市 観光プロモーション SNS会社 -おすすめ -比較 -ランキング -求人 -まとめ
[公益目的事業],https://www.sentia-sendai.jp/sentiasys2/wp-content/themes/theme_sentia2/pdf/r7jigyoukeikaku.pdf,,,,仙台市,仙台市 観光プロモーション SNS会社 -おすすめ -比較 -ランキング -求人 -まとめ
今までの実績 – 株式 会社 makes – 観光 マーケティングエージェンシー,https://makesweb.com/works/jisseki/,,,,仙台市,仙台市 観光プロモーション SNS会社 -おすすめ -比較 -ランキング -求人 -まとめ
EC運用代行 サービス,https://www.dataplan.site/eclp/,,,,仙台市,仙台市 EC SNS運用代行 -おすすめ -比較 -ランキング -求人 -まとめ
Instagram 運用代行,https://insta.master-plan.co.jp/,,,,仙台市,仙台市 EC SNS運用代行 -おすすめ -比較 -ランキング -求人 -まとめ
サービス,http://eternal-inc.jp/service/,,,,仙台市,仙台市 EC SNS運用代行 -おすすめ -比較 -ランキング -求人 -まとめ
株式会社ワンクルーの評判・口コミ,https://netkoukoku-dairiten.com/%E6%A0%AA%E5%BC%8F%E4%BC%9A%E7%A4%BE%E3%83%AF%E3%83%B3%E3%82%AF%E3%83%AB%E3%83%BC/,,,,仙台市,仙台市 EC SNS運用代行 -おすすめ -比較 -ランキング -求人 -まとめ
Hiroshi Shoji,https://auuonline.com/hiroshi-shoji/,,,,仙台市,仙台市 ホテル SNS運用代行 -おすすめ -比較 -ランキング -求人 -まとめ
仙台 勤務,https://recruit.sold-out.co.jp/recruit02_detail02,,,,仙台市,仙台市 店舗 Instagram集客支援 -おすすめ -比較 -ランキング -求人 -まとめ
ストリート系セレクトショップが戦略的な発信で売上拡大を実現。,https://yorozu-miyagi.go.jp/support_case/20250106_sperm/,,,,仙台市,仙台市 店舗 Instagram集客支援 -おすすめ -比較 -ランキング -求人 -まとめ
集客 サポート,https://sendai-lokahi.com/%E9%9B%86%E5%AE%A2%E3%82%B5%E3%83%9D%E3%83%BC%E3%83%88/,,,,仙台市,仙台市 店舗 Instagram集客支援 -おすすめ -比較 -ランキング -求人 -まとめ
Web・ SNS運用サポート,https://sendai.beak-promo.jp/solution/outsourcing/,,,,仙台市,仙台市 中小企業 SNS運用支援 -おすすめ -比較 -ランキング -求人 -まとめ
宮城県 仙台市 で映像 制作 ・動画 制作 ならギビー仙台,https://givee-sendai.com/,,,,仙台市,仙台市 SNSコンテンツ制作会社 -おすすめ -比較 -ランキング -求人 -まとめ
宮城 仙台 で歩んだ豊富な動画・映像 制作 実績,https://beprogress.jp/video/,,,,仙台市,仙台市 SNSコンテンツ制作会社 -おすすめ -比較 -ランキング -求人 -まとめ
【広告 制作会社 とは？】広告用語集,https://visipri.com/ad-dictionary/640-AdvertisingProductionCompany.php?srsltid=AfmBOoqPbYF-eHz6IWYB7TiPE-kKKExk9sbOcJDz-eSpfFoMgWMDbCsu,,,,仙台市,仙台市 SNSコンテンツ制作会社 -おすすめ -比較 -ランキング -求人 -まとめ
専門家登録者名簿,https://www.bic-akita.or.jp/cms/assets/uploads/2025/12/%E5%85%AC%E9%96%8B%E7%94%A8%E5%90%8D%E7%B0%BFR8.1%EF%BD%9E.pdf,,,,秋田市,秋田市 飲食店 SNS運用支援会社 -おすすめ -比較 -ランキング -求人 -まとめ
会員企業,https://www.akitacci.or.jp/company/,,,,秋田市,秋田市 飲食店 SNS運用支援会社 -おすすめ -比較 -ランキング -求人 -まとめ
秋田 県観光戦略課 公式 SNS運用 方針,https://www.pref.akita.lg.jp/pages/archive/45296,,,,秋田市,秋田市 飲食店 SNS運用支援会社 -おすすめ -比較 -ランキング -求人 -まとめ
AOTAKE Project  アオタケプロジェクト  お知らせ  アオタケ ...,https://aizu-startups-foundation.com/aotake/2024news/r3HeqQoo,,,,秋田市,秋田市 飲食店 SNS運用支援会社 -おすすめ -比較 -ランキング -求人 -まとめ
平戸で愛される 美容室 hair make Hapia 髙野有美さん,https://mediall.jp/people/141650,,,,秋田市,秋田市 美容室 Instagram運用代行 -おすすめ -比較 -ランキング -求人 -まとめ
株式会社インハイ 代表取締役 松尾 卓様,https://kigyou.tszeiri.com/top/%E6%A0%AA%E5%BC%8F%E4%BC%9A%E7%A4%BE%E3%82%A4%E3%83%B3%E3%83%8F%E3%82%A4%E3%80%80%E4%BB%A3%E8%A1%A8%E5%8F%96%E7%B7%A0%E5%BD%B9%E3%80%80%E6%9D%BE%E5%B0%BE%E3%80%80%E5%8D%93%E6%A7%98/,,,,秋田市,秋田市 美容室 Instagram運用代行 -おすすめ -比較 -ランキング -求人 -まとめ
リベシティ会員のお店を探そう,https://map.libecity.com/search?category_id=8&page=3,,,,秋田市,秋田市 美容室 Instagram運用代行 -おすすめ -比較 -ランキング -求人 -まとめ
医療法人清和会 様,https://nextfuture2016.com/works/works-1518/,,,,秋田市,秋田市 クリニック SNS運用代行 -おすすめ -比較 -ランキング -求人 -まとめ
地域おこし協力隊のご紹介,https://www.city.akita.lg.jp/iju-teiju/1012756/1002727.html,,,,秋田市,秋田市 クリニック SNS運用代行 -おすすめ -比較 -ランキング -求人 -まとめ
ふきのとう 秋田,https://www.airc.or.jp/fukinotou/,,,,秋田市,秋田市 クリニック SNS運用代行 -おすすめ -比較 -ランキング -求人 -まとめ
小児科 クリニック ブランディング,https://crambers.com/pediatrics-branding/,,,,秋田市,秋田市 クリニック SNS運用代行 -おすすめ -比較 -ランキング -求人 -まとめ
分譲地情報（ラフィネシティ）【 不動産 売買】,https://www.zaisan-consulting.co.jp/buy/raffine/,,,,秋田市,秋田市 不動産 SNSマーケティング会社 -おすすめ -比較 -ランキング -求人 -まとめ
秋田県大仙市の工務店です。高気密高 ...,https://kensho-akita.com/sns-policy/,,,,秋田市,秋田市 不動産 SNSマーケティング会社 -おすすめ -比較 -ランキング -求人 -まとめ
東北の SNS マーケティングのプロチーム,https://chazzsns.com/,,,,秋田市,秋田市 学習塾 SNS運用代行 -おすすめ -比較 -ランキング -求人 -まとめ
採用 ・就活支援,https://oriai.jp/support/,,,,秋田市,秋田市 採用広報 SNS運用会社 -おすすめ -比較 -ランキング -求人 -まとめ
長崎県西海市江島沖」における洋上風力発電事業者の選定について,https://www.meti.go.jp/press/2023/12/20231213003/20231213003.html,,,,秋田市,秋田市 採用広報 SNS運用会社 -おすすめ -比較 -ランキング -求人 -まとめ
子育て相談から除雪状況確認まで。 情報発信だけで終わらない,https://govnext.ficlab.jp/casestudy/110/,,,,秋田市,秋田市 採用広報 SNS運用会社 -おすすめ -比較 -ランキング -求人 -まとめ
秋田 行政監視行政相談センター,https://www.soumu.go.jp/kanku/tohoku/akita/sodan/shikumi.html,,,,秋田市,秋田市 採用広報 SNS運用会社 -おすすめ -比較 -ランキング -求人 -まとめ
オンラインでホテルのPR業務に挑戦。手付かずだった 広報 ツールの ...,https://furusatokengyo.jp/media/blogpost/infoPost/6MpCO28gXo49z0W3HmNJ,,,,秋田市,秋田市 採用広報 SNS運用会社 -おすすめ -比較 -ランキング -求人 -まとめ
平成30年度事業報告,https://www.akita-tourism.com/uploads/_2018/files/01_%E5%B9%B3%E6%88%90%EF%BC%93%EF%BC%90%E5%B9%B4%E5%BA%A6%E4%BA%8B%E6%A5%AD%E5%A0%B1%E5%91%8A%282%29.pdf,,,,秋田市,秋田市 観光プロモーション SNS会社 -おすすめ -比較 -ランキング -求人 -まとめ
「地元のマルシェ～んめぇー！ 秋田 」 新宿駅で 秋田 の特産品を販売,https://www.jreast.co.jp/press/2026/akita/20260629_a01.pdf,,,,秋田市,秋田市 観光プロモーション SNS会社 -おすすめ -比較 -ランキング -求人 -まとめ
旅東北NEWS VOL.83,https://www.tohokukanko.jp/lsc/upfile/info/0000/0750/750_101_file.pdf,,,,秋田市,秋田市 観光プロモーション SNS会社 -おすすめ -比較 -ランキング -求人 -まとめ
プロフェッショナル人材戦略事業で人材確保した県内企業の主な ...,https://www.akita-projin.com/wp/wp-content/uploads/2024/03/sj-performance2403.pdf,,,,秋田市,秋田市 EC SNS運用代行 -おすすめ -比較 -ランキング -求人 -まとめ
事業内容,https://akita-iimono.studio.site/works,,,,秋田市,秋田市 EC SNS運用代行 -おすすめ -比較 -ランキング -求人 -まとめ
# sns,https://www.uniworx.co.jp/works/category/sns,,,,秋田市,秋田市 EC SNS運用代行 -おすすめ -比較 -ランキング -求人 -まとめ
先輩たちの声,https://akitasb.com/interview/,,,,秋田市,秋田市 ホテル SNS運用代行 -おすすめ -比較 -ランキング -求人 -まとめ
実践！ Instagram集客,https://akita-yorozu.go.jp/cms/wp-content/uploads/2023/10/%E7%A7%8B%E5%85%83CO_10%E6%9C%88_%E3%82%A4%E3%83%B3%E3%82%B9%E3%82%BF%E9%9B%86%E5%AE%A2_%E8%A1%A8%E8%A3%8F.pdf,,,,秋田市,秋田市 店舗 Instagram集客支援 -おすすめ -比較 -ランキング -求人 -まとめ
施策情報,https://www.chuokai-akita.or.jp/category/chusho_sesaku/,,,,秋田市,秋田市 中小企業 SNS運用支援 -おすすめ -比較 -ランキング -求人 -まとめ
小規模事業者持続化補助金（ 秋田 ）,https://k-supporterz.jp/05_Akita/jizokukahojokin.html,,,,秋田市,秋田市 中小企業 SNS運用支援 -おすすめ -比較 -ランキング -求人 -まとめ
合同会社ヨミノワ,https://yominowa.com/,,,,秋田市,秋田市 中小企業 SNS運用支援 -おすすめ -比較 -ランキング -求人 -まとめ
SUPPORT,https://a-sta.a-iju.jp/business-support?p=6,,,,秋田市,秋田市 中小企業 SNS運用支援 -おすすめ -比較 -ランキング -求人 -まとめ
SSゼミ 秋田 ・14期・第8回 SNS を活用したマーケティング戦略,https://www.smallsun.jp/business_semi/zemi/akita/entry-5920.html,,,,秋田市,秋田市 中小企業 SNS運用支援 -おすすめ -比較 -ランキング -求人 -まとめ
株式 会社秋田 ケーブルテレビ,https://www.content-tokyo.jp/tokyo/ja-jp/search/2026con0407/directory/directory-details.%E6%A0%AA%E5%BC%8F%E4%BC%9A%E7%A4%BE%E7%A7%8B%E7%94%B0%E3%82%B1%E3%83%BC%E3%83%96%E3%83%AB%E3%83%86%E3%83%AC%E3%83%93.org-a4596342-51e1-4fa8-b8ad-b44281e5d3d9.html,,,,秋田市,秋田市 SNSコンテンツ制作会社 -おすすめ -比較 -ランキング -求人 -まとめ
Vol.161 秋田県 秋田市 で映像 制作 や人が集まる拠点を作りながら,https://www.evolove.life/sky/vol161.html,,,,秋田市,秋田市 SNSコンテンツ制作会社 -おすすめ -比較 -ランキング -求人 -まとめ
あなたのビジネスチャレンジを サポート,https://www.city.yamagata-yamagata.lg.jp/shiseijoho/koho/1008065/1007027/1015907/1017773/1017774.html,,,,山形市,山形市 飲食店 SNS運用支援会社 -おすすめ -比較 -ランキング -求人 -まとめ
スタッフ紹介,https://ybiz.jp/page-6481/,,,,山形市,山形市 飲食店 SNS運用支援会社 -おすすめ -比較 -ランキング -求人 -まとめ
株式 会社 kagarito（かがりと）,https://kagarito.site/,,,,山形市,山形市 飲食店 SNS運用支援会社 -おすすめ -比較 -ランキング -求人 -まとめ
二人の異業種経営者が法人化により 飲食 経営の多角化を実現,https://yorozu-yamagata.go.jp/%E6%94%AF%E6%8F%B4%E4%BA%8B%E4%BE%8B/%E4%BA%8C%E4%BA%BA%E3%81%AE%E7%95%B0%E6%A5%AD%E7%A8%AE%E7%B5%8C%E5%96%B6%E8%80%85%E3%81%8C%E6%B3%95%E4%BA%BA%E5%8C%96%E3%81%AB%E3%82%88%E3%82%8A%E9%A3%B2%E9%A3%9F%E7%B5%8C%E5%96%B6%E3%81%AE%E5%A4%9A/,,,,山形市,山形市 飲食店 SNS運用支援会社 -おすすめ -比較 -ランキング -求人 -まとめ
Googleビジネスプロフィール 登録・ 運用支援 セミナー,https://hi-yamagata-deshita.com/events/event/20260219/,,,,山形市,山形市 飲食店 SNS運用支援会社 -おすすめ -比較 -ランキング -求人 -まとめ
Web広告の制作と 運用,https://ibeinsatsu.co.jp/webkoukoku/,,,,山形市,山形市 美容室 Instagram運用代行 -おすすめ -比較 -ランキング -求人 -まとめ
"MEOで先行者利益を取りながらインフルエンサーにより50,000人 ...",https://cqree-holdings.jp/linc/,,,,山形市,山形市 美容室 Instagram運用代行 -おすすめ -比較 -ランキング -求人 -まとめ
山形市 医師会在宅医療・介護連携室ポピーについて,https://www.yamagatashi-ishikai.or.jp/zaitaku/wp-content/uploads/2021/09/%E5%8C%BB%E7%99%82%E3%81%A8%E4%BB%8B%E8%AD%B7%E3%81%AE%E9%80%A3%E6%90%BA%E3%83%96%E3%83%83%E3%82%AF%E3%80%80%E3%83%80%E3%82%A4%E3%82%B8%E3%82%A7%E3%82%B9%E3%83%88%E7%89%88.pdf,,,,山形市,山形市 クリニック SNS運用代行 -おすすめ -比較 -ランキング -求人 -まとめ
「モンテディオオーラルケア クリニック 」運営継続について ― 地域 ...,https://www.montedioyamagata.jp/news/p/129600/,,,,山形市,山形市 クリニック SNS運用代行 -おすすめ -比較 -ランキング -求人 -まとめ
公益社団法人 やまがた被害者支援センター,http://yvsc.jp/wp/wp-content/uploads/2021/09/tayori_31.pdf,,,,山形市,山形市 クリニック SNS運用代行 -おすすめ -比較 -ランキング -求人 -まとめ
山形市 中心市街地グランドデザイン（概要版）,https://yamagata-amc.com/wp/wp-content/uploads/2023/01/ed082ac94ed9b1f34b97dfec57297698.pdf,,,,山形市,山形市 クリニック SNS運用代行 -おすすめ -比較 -ランキング -求人 -まとめ
爆増×超効率デジタル マーケティング セミナー,https://handr.libcon.co.jp/seminar/sem_220405/,,,,山形市,山形市 不動産 SNSマーケティング会社 -おすすめ -比較 -ランキング -求人 -まとめ
【加盟店 新オープン】リノベ 不動産,https://renovefudosan.net/news/show/77,,,,山形市,山形市 不動産 SNSマーケティング会社 -おすすめ -比較 -ランキング -求人 -まとめ
山形市 教育委員会,https://www.sky-school-ict.net/class/front/front01.html,,,,山形市,山形市 学習塾 SNS運用代行 -おすすめ -比較 -ランキング -求人 -まとめ
HOME,https://www.kajogakuen-h.ed.jp/,,,,山形市,山形市 学習塾 SNS運用代行 -おすすめ -比較 -ランキング -求人 -まとめ
山形市 の 学習塾 ・予備校なら武田塾山形校,https://www.takeda.tv/yamagata/,,,,山形市,山形市 学習塾 SNS運用代行 -おすすめ -比較 -ランキング -求人 -まとめ
喜志駅前校（富田林市）,https://www.schoolie-net.jp/classrooms/detail/137/,,,,山形市,山形市 学習塾 SNS運用代行 -おすすめ -比較 -ランキング -求人 -まとめ
【初開催！】 SNS セミナーを 山形市 で開催しました！,https://circularthanks.com/2025/03/06/%E3%80%90%E5%88%9D%E9%96%8B%E5%82%AC%EF%BC%81%E3%80%91sns%E3%82%BB%E3%83%9F%E3%83%8A%E3%83%BC%E3%82%92%E5%B1%B1%E5%BD%A2%E5%B8%82%E3%81%A7%E9%96%8B%E5%82%AC%E3%81%97%E3%81%BE%E3%81%97%E3%81%9F/,,,,山形市,山形市 採用広報 SNS運用会社 -おすすめ -比較 -ランキング -求人 -まとめ
採用 募集・事業パートナー募集を開始しました,https://lururu.co.jp/news/250920/,,,,山形市,山形市 採用広報 SNS運用会社 -おすすめ -比較 -ランキング -求人 -まとめ
東根市 「ようこそ果樹王国ひがしねへ」,https://www.city.higashine.yamagata.jp/,,,,山形市,山形市 採用広報 SNS運用会社 -おすすめ -比較 -ランキング -求人 -まとめ
広報 研修会が開催されました。,https://yamagatashishakyo.or.jp/blog/blog-6407/,,,,山形市,山形市 採用広報 SNS運用会社 -おすすめ -比較 -ランキング -求人 -まとめ
山形 県の SNS マーケティングなら「MSBY（ムスビー）」,https://msby.work/,,,,山形市,山形市 観光プロモーション SNS会社 -おすすめ -比較 -ランキング -求人 -まとめ
山形 の SNS運用代行 はサーキュラーサンクス,https://yamagatasns.studio.site/,,,,山形市,山形市 EC SNS運用代行 -おすすめ -比較 -ランキング -求人 -まとめ
会社概要,https://web-re.net/company/,,,,山形市,山形市 EC SNS運用代行 -おすすめ -比較 -ランキング -求人 -まとめ
運営会社,https://www.yamagata-be.com/yamagata/company,,,,山形市,山形市 EC SNS運用代行 -おすすめ -比較 -ランキング -求人 -まとめ
Googleビジネスプロフィール登録・ 運用 セミナーについて,https://omotenashi-yamagata.jp/archives/2826,,,,山形市,山形市 ホテル SNS運用代行 -おすすめ -比較 -ランキング -求人 -まとめ
全旅連協定商社会名簿(令和6年10月1日,https://www.zenryoren.jp/wp/wp-content/uploads/2025/01/R61001%E4%BB%A4%E5%92%8C6%E5%B9%B4%E5%BA%A6%E5%85%A8%E6%97%85%E9%80%A3%E5%8D%94%E5%AE%9A%E5%95%86%E7%A4%BE%E4%BC%9A%E5%90%8D%E7%B0%BF-1.pdf,,,,山形市,山形市 ホテル SNS運用代行 -おすすめ -比較 -ランキング -求人 -まとめ
SNS 集客 実践会（2025年後期）,https://www.shonai-sansin.or.jp/seminars/18813/,,,,山形市,山形市 店舗 Instagram集客支援 -おすすめ -比較 -ランキング -求人 -まとめ
事業団の公式 SNS の 運用 に関する方針及びガイドラインを 策定しま ...,https://yamagatashi-sj.or.jp/news/news-2725/,,,,山形市,山形市 中小企業 SNS運用支援 -おすすめ -比較 -ランキング -求人 -まとめ
令和3年度 山形 県 中小企業 パワーアップ補助金 （オンライン化促進 ...,https://www.chuokai-yamagata.or.jp/chuokai/on-line/download/saitaku_on-line_211209.pdf,,,,山形市,山形市 中小企業 SNS運用支援 -おすすめ -比較 -ランキング -求人 -まとめ
東北 SNS マーケティング＆ネット広告勉強会2025in 山形 県村山市,https://www.japan-affiliate.org/news/murayama251106/,,,,山形市,山形市 中小企業 SNS運用支援 -おすすめ -比較 -ランキング -求人 -まとめ
ドローン空撮 × SNS 用 コンテンツ制作 サービス,https://www.endless-sky.jp/topics/p-028,,,,山形市,山形市 SNSコンテンツ制作会社 -おすすめ -比較 -ランキング -求人 -まとめ
動画 制作 サービス,https://c-cad.jp/assets/pdf/services_movepr_2020.pdf,,,,山形市,山形市 SNSコンテンツ制作会社 -おすすめ -比較 -ランキング -求人 -まとめ
【DXハイスクール】 コンテンツ制作 講座（デジタルハリウッド株式 ...,https://www.yamagatacity-ch.ed.jp/news/news-26388/,,,,山形市,山形市 SNSコンテンツ制作会社 -おすすめ -比較 -ランキング -求人 -まとめ
とも家事パートナー,https://tomokaji.life/contents/partner.html,,,,福島市,福島市 飲食店 SNS運用支援会社 -おすすめ -比較 -ランキング -求人 -まとめ
株式 会社 Pignet,https://www.ubic-u-aizu.jp/incubation/startup-jirei/pignet.html,,,,福島市,福島市 飲食店 SNS運用支援会社 -おすすめ -比較 -ランキング -求人 -まとめ
SNS支援 業務,https://www.kaley.co.jp/snssupport,,,,福島市,福島市 飲食店 SNS運用支援会社 -おすすめ -比較 -ランキング -求人 -まとめ
福島市 のシステム開発・ホームページ制作 会社 ・SEO対策,https://weblight.jp/homepage/,,,,福島市,福島市 飲食店 SNS運用支援会社 -おすすめ -比較 -ランキング -求人 -まとめ
福島市 食品ロス削減マッチングサービス「ふくしまタベスケ」,https://tabesuke.jp/jichitai/fukushima_tabesuke/,,,,福島市,福島市 飲食店 SNS運用支援会社 -おすすめ -比較 -ランキング -求人 -まとめ
株式 会社 イーストプロジェクト 様,https://www.tkc.jp/cc/senkei/201210_system01,,,,福島市,福島市 飲食店 SNS運用支援会社 -おすすめ -比較 -ランキング -求人 -まとめ
ヘアタイムズ シェアサロンの常識をぶち壊せ！,https://www.hair-times.net/,,,,福島市,福島市 美容室 Instagram運用代行 -おすすめ -比較 -ランキング -求人 -まとめ
地域医療連携センター,https://www.hoshipital.jp/chiikirenkei.html,,,,福島市,福島市 クリニック SNS運用代行 -おすすめ -比較 -ランキング -求人 -まとめ
医療機関様向けICTソリューション,https://www.eac-inc.co.jp/solution/medical.php,,,,福島市,福島市 クリニック SNS運用代行 -おすすめ -比較 -ランキング -求人 -まとめ
大阪市 就労継続支援B型事業所でのサービス提供内容について ...,https://www.city.osaka.lg.jp/fukushi/cmsfiles/contents/0000603/603679/b_r6_shuurouninnzuuchousa.pdf,,,,福島市,福島市 クリニック SNS運用代行 -おすすめ -比較 -ランキング -求人 -まとめ
SNS ポリシー,https://www.shinyuri-hospital.com/site/sns_policy.html,,,,福島市,福島市 クリニック SNS運用代行 -おすすめ -比較 -ランキング -求人 -まとめ
デジタル マーケティング 事業,https://www.wills.co.jp/business/digital/,,,,福島市,福島市 不動産 SNSマーケティング会社 -おすすめ -比較 -ランキング -求人 -まとめ
News,https://fclive21.com/news/,,,,福島市,福島市 不動産 SNSマーケティング会社 -おすすめ -比較 -ランキング -求人 -まとめ
SNS 分析力・考察力UPセミナー,https://www.fukushima-cci.or.jp/wp-content/uploads/2024/11/20241206_SNSseminar.pdf,,,,福島市,福島市 不動産 SNSマーケティング会社 -おすすめ -比較 -ランキング -求人 -まとめ
第1回 福島市 地域クラブ活動推進協議会,https://www.city.fukushima.fukushima.jp/material/files/group/77/3shiryo.pdf,,,,福島市,福島市 学習塾 SNS運用代行 -おすすめ -比較 -ランキング -求人 -まとめ
特徴,https://odatejuku.jp/feature/,,,,福島市,福島市 学習塾 SNS運用代行 -おすすめ -比較 -ランキング -求人 -まとめ
広報 隊紹介,https://jitsugensuru-fukushima.jp/introduction.html,,,,福島市,福島市 採用広報 SNS運用会社 -おすすめ -比較 -ランキング -求人 -まとめ
検索結果,https://ten.1049.cc/tp/ismfoods/search/custom?city=7203&rs=1&jobbc=12%5B%5D2&job=390,,,,福島市,福島市 採用広報 SNS運用会社 -おすすめ -比較 -ランキング -求人 -まとめ
郡山市公式 SNS 、電子 広報 をご利用ください,https://www.city.koriyama.lg.jp/soshiki/23/4026.html,,,,福島市,福島市 採用広報 SNS運用会社 -おすすめ -比較 -ランキング -求人 -まとめ
エムティーアイの母子手帳アプリ『母子モ』が福島県 福島市 で提供 ...,https://www.mti.co.jp/?p=24214,,,,福島市,福島市 採用広報 SNS運用会社 -おすすめ -比較 -ランキング -求人 -まとめ
【 福島 県主催】あなたの写真とAIでふくしまをPR！「楽しみながら ...,https://www.sukagawacci.or.jp/news/1486/,,,,福島市,福島市 観光プロモーション SNS会社 -おすすめ -比較 -ランキング -求人 -まとめ
海外向けのPR・ プロモーション 実績,https://www.pref.fukushima.lg.jp/site/portal/kaigai.html,,,,福島市,福島市 観光プロモーション SNS会社 -おすすめ -比較 -ランキング -求人 -まとめ
観光 DXで地域の魅力を最大化！ 観光 協会・DMOの一括予約 ...,https://www.gdx.or.jp/xyz/business/tripla.html,,,,福島市,福島市 観光プロモーション SNS会社 -おすすめ -比較 -ランキング -求人 -まとめ
【 観光 分野へ初導入】 福島市 の夏の人気キャンペーン 「ふくしま ...,https://www.mapple.co.jp/28083/,,,,福島市,福島市 観光プロモーション SNS会社 -おすすめ -比較 -ランキング -求人 -まとめ
「ふくしまアフターDC」に向けたAI＆SNS集客セミナーの ...,https://www.pref.fukushima.jp/sec/32031a/fukushimadc-localambassadorseminar.html,,,,福島市,福島市 観光プロモーション SNS会社 -おすすめ -比較 -ランキング -求人 -まとめ
一般社団法人いわき 観光 まちづくりビューロー 令和6年度 事業報告,https://kankou-iwaki.or.jp/documents/site/6_r6_jigyohoukoku.pdf,,,,福島市,福島市 観光プロモーション SNS会社 -おすすめ -比較 -ランキング -求人 -まとめ
GMO TECH、 福島 県ローカルアンバサダー事業に採択,https://group.gmo/news/article/9999/,,,,福島市,福島市 観光プロモーション SNS会社 -おすすめ -比較 -ランキング -求人 -まとめ
いわきで SNS運用代行 サービスをお探しならSKBピュア,https://skb-pure.com/category2/iwaki_sns/,,,,福島市,福島市 EC SNS運用代行 -おすすめ -比較 -ランキング -求人 -まとめ
大阪 WEBサイト制作・ SNS運用代行 ・デジタルマーケティング,http://grainn-office.com/services,,,,福島市,福島市 EC SNS運用代行 -おすすめ -比較 -ランキング -求人 -まとめ
SNS とホームページがマーケティングの相乗効果を生む【株式会社 ...,https://f-color.co.jp/column/sns%E3%81%A8%E3%83%9B%E3%83%BC%E3%83%A0%E3%83%9A%E3%83%BC%E3%82%B8%E3%81%8C%E3%83%9E%E3%83%BC%E3%82%B1%E3%83%86%E3%82%A3%E3%83%B3%E3%82%B0%E3%81%AE%E7%9B%B8%E4%B9%97%E5%8A%B9%E6%9E%9C%E3%82%92/,,,,福島市,福島市 EC SNS運用代行 -おすすめ -比較 -ランキング -求人 -まとめ
加盟店舗登録申請,https://fukushima-ec.dmc-aizu.com/entryShop/,,,,福島市,福島市 EC SNS運用代行 -おすすめ -比較 -ランキング -求人 -まとめ
実績 – SYNQA DESIGN,https://synqa-design.com/works/,,,,福島市,福島市 ホテル SNS運用代行 -おすすめ -比較 -ランキング -求人 -まとめ
住まいのサポート,https://www.osaka-hotel.ac.jp/support/home/,,,,福島市,福島市 ホテル SNS運用代行 -おすすめ -比較 -ランキング -求人 -まとめ
実績,https://alfa-consulting.co.jp/case-list/,,,,福島市,福島市 ホテル SNS運用代行 -おすすめ -比較 -ランキング -求人 -まとめ
実績,https://www.tabiiroad.net/achievements/,,,,福島市,福島市 ホテル SNS運用代行 -おすすめ -比較 -ランキング -求人 -まとめ
「 インスタ グラムセミナー ～基礎編～(4日間)」開催のお知らせ,https://f-bizsta.jp/event/7348/,,,,福島市,福島市 店舗 Instagram集客支援 -おすすめ -比較 -ランキング -求人 -まとめ
【いわき】 インスタ グラマーに学ぶ販路開拓セミナー（2018/11/27 ...,https://keiei.do-fukushima.or.jp/seminar/2018instagram.html,,,,福島市,福島市 店舗 Instagram集客支援 -おすすめ -比較 -ランキング -求人 -まとめ
インスタ グラム実践セミナー,https://www.f-open.or.jp/data/seminar/67_1.pdf,,,,福島市,福島市 店舗 Instagram集客支援 -おすすめ -比較 -ランキング -求人 -まとめ
福島 のWEB制作＆マーケティング,https://omo-design.jp/,,,,福島市,福島市 中小企業 SNS運用支援 -おすすめ -比較 -ランキング -求人 -まとめ
臼井 翼,https://www.fukushima-message.com/innovator/index.php?innovator_id=128,,,,福島市,福島市 中小企業 SNS運用支援 -おすすめ -比較 -ランキング -求人 -まとめ
WEBマーケティング相談,https://www.b-nest.jp/soudan/madoguchi/websoudan/,,,,福島市,福島市 中小企業 SNS運用支援 -おすすめ -比較 -ランキング -求人 -まとめ
生産性向上 支援 センター,https://fukushima-yorozu.go.jp/productivity,,,,福島市,福島市 中小企業 SNS運用支援 -おすすめ -比較 -ランキング -求人 -まとめ
縦型ショートドラマ 制作 サービス【タテカチ】,https://tatekachi.com/,,,,福島市,福島市 SNSコンテンツ制作会社 -おすすめ -比較 -ランキング -求人 -まとめ
株式 会社 JITSUGYO,https://www.city.nara.lg.jp/site/nara-shigoto/261226.html,,,,福島市,福島市 SNSコンテンツ制作会社 -おすすめ -比較 -ランキング -求人 -まとめ
〜 SNS マーケティングを強化し、地方ビジネスの 支援 をさらに最適 ...,https://newsrelea.se/BpXe2z,,,,郡山市,郡山市 飲食店 SNS運用支援会社 -おすすめ -比較 -ランキング -求人 -まとめ
店舗 づくりと顧客づくりの本当のはなし,https://lupinus-design.com/realtalk/,,,,郡山市,郡山市 飲食店 SNS運用支援会社 -おすすめ -比較 -ランキング -求人 -まとめ
郡山 商工会議所 会報11月号を発行いたしました！,https://www.ko-cci.or.jp/kaihou/uploads/2023/10/a8bfc1eb484a4b95bf483ce3b57deb123de7e4a2.pdf,,,,郡山市,郡山市 飲食店 SNS運用支援会社 -おすすめ -比較 -ランキング -求人 -まとめ
HITORI WELLNESS ユナクオーレ 郡山 堤店,https://hitoriwellness.com/salons/koriyama,,,,郡山市,郡山市 美容室 Instagram運用代行 -おすすめ -比較 -ランキング -求人 -まとめ
大和 郡山市 在宅医療・介護関係者の連携に関する 調査結果報告書,https://www.city.yamatokoriyama.lg.jp/material/files/group/14/ikaityousa.pdf,,,,郡山市,郡山市 クリニック SNS運用代行 -おすすめ -比較 -ランキング -求人 -まとめ
山田内科 クリニック,https://www.ohta-hp.or.jp/nishi/archives/local_hosps/5103,,,,郡山市,郡山市 クリニック SNS運用代行 -おすすめ -比較 -ランキング -求人 -まとめ
三原 賢治,https://nara-sangyoshinko.or.jp/senmonka/disp.php?dno=78&y1=&y2=0&y3=0&y4=0&keyword=,,,,郡山市,郡山市 不動産 SNSマーケティング会社 -おすすめ -比較 -ランキング -求人 -まとめ
京都で創業50年超の株式 会社 フラットエージェンシーへ、シェアNo ...,https://livesearch.co.jp/news/187,,,,郡山市,郡山市 不動産 SNSマーケティング会社 -おすすめ -比較 -ランキング -求人 -まとめ
KORIYAMA Impact Startup Next,https://koriyama-impact-next.jp/,,,,郡山市,郡山市 不動産 SNSマーケティング会社 -おすすめ -比較 -ランキング -求人 -まとめ
【集団指導】KECゼミナール 郡山 教室 （近鉄「 郡山 」駅東出口から ...,https://www.kec.gr.jp/seminar/school/kouriyama/,,,,郡山市,郡山市 学習塾 SNS運用代行 -おすすめ -比較 -ランキング -求人 -まとめ
新潟県・福島県 郡山市 の 学習塾 グループ NSG教育研究会,https://www.nsg-edu.com/,,,,郡山市,郡山市 学習塾 SNS運用代行 -おすすめ -比較 -ランキング -求人 -まとめ
アートチャイルドケアSEDスクールJR大和 郡山,https://www.the0123child.com/personal/20267/,,,,郡山市,郡山市 学習塾 SNS運用代行 -おすすめ -比較 -ランキング -求人 -まとめ
About 当塾について,https://hattatsu-futoukou.com/about/,,,,郡山市,郡山市 学習塾 SNS運用代行 -おすすめ -比較 -ランキング -求人 -まとめ
郡山市 の個別塾・ 学習塾 郡山大槻校,https://www.navi-school.com/school/fukushima/koriyamaotsuki/,,,,郡山市,郡山市 学習塾 SNS運用代行 -おすすめ -比較 -ランキング -求人 -まとめ
奈良県大和 郡山市 が住民向けLINE公式アカウントをリニューアル,https://www.playnext-lab.co.jp/news/press-release/20220328-01/,,,,郡山市,郡山市 採用広報 SNS運用会社 -おすすめ -比較 -ランキング -求人 -まとめ
「Yappe株式 会社 」設立のお知らせ,https://yappe-inc.jp/news/3uxc2a11,,,,郡山市,郡山市 採用広報 SNS運用会社 -おすすめ -比較 -ランキング -求人 -まとめ
報告第1号関係 令和 7 年度一般社団法人大和 郡山市観光 協会事業 ...,https://www.yk-kankou.jp/upload/report_pdf/346829857.pdf,,,,郡山市,郡山市 観光プロモーション SNS会社 -おすすめ -比較 -ランキング -求人 -まとめ
郡山市観光 協会公式 SNS アンバサダー募集 第2弾,https://www.kanko-koriyama.gr.jp/site/ambassador.html,,,,郡山市,郡山市 観光プロモーション SNS会社 -おすすめ -比較 -ランキング -求人 -まとめ
こおりやま 観光 案内所に SNS と連動して地域の情報を発信 ...,https://www.dnp.co.jp/news/detail/20169097_1587.html,,,,郡山市,郡山市 観光プロモーション SNS会社 -おすすめ -比較 -ランキング -求人 -まとめ
プランニングから依頼したい 東洋特殊印刷 福島県 郡山市,https://ttp-jp.com/?cat=20,,,,郡山市,郡山市 EC SNS運用代行 -おすすめ -比較 -ランキング -求人 -まとめ
クラウド経営企画,https://cloudcake.jp/,,,,郡山市,郡山市 EC SNS運用代行 -おすすめ -比較 -ランキング -求人 -まとめ
アクセス,https://washington-hotels.jp/koriyama/access/,,,,郡山市,郡山市 ホテル SNS運用代行 -おすすめ -比較 -ランキング -求人 -まとめ
【JO-BI× 郡山ホテル 協会】～実践教育連携協定締結式,https://jo-bi.jp/2016/11/02/1943/,,,,郡山市,郡山市 ホテル SNS運用代行 -おすすめ -比較 -ランキング -求人 -まとめ
ホテル 蓬莱,https://hotel-hourai.com/,,,,郡山市,郡山市 ホテル SNS運用代行 -おすすめ -比較 -ランキング -求人 -まとめ
SNS マーケティング,https://hicre.websozai.jp/sns/,,,,郡山市,郡山市 ホテル SNS運用代行 -おすすめ -比較 -ランキング -求人 -まとめ
【 郡山市 人材育成補助金対象オフライン講座】 スマートフォンだけ ...,https://web-mining.doorkeeper.jp/events/173632,,,,郡山市,郡山市 店舗 Instagram集客支援 -おすすめ -比較 -ランキング -求人 -まとめ
【補助金対象】 郡山 で「インスタを始めたい」とお考えの方 プロが ...,https://digitalpr.jp/r/113427,,,,郡山市,郡山市 中小企業 SNS運用支援 -おすすめ -比較 -ランキング -求人 -まとめ
サービス内容,https://web.ait-labo.com/services/,,,,郡山市,郡山市 中小企業 SNS運用支援 -おすすめ -比較 -ランキング -求人 -まとめ
MOVIE,https://shoendo-website.com/movie/,,,,郡山市,郡山市 SNSコンテンツ制作会社 -おすすめ -比較 -ランキング -求人 -まとめ
SNS 広告 運用支援 の株式 会社 EIGHTS（ 新潟市 中央区）の大橋大河代表,https://www.niikei.jp/1198690/,,,,新潟市,新潟市 飲食店 SNS運用支援会社 -おすすめ -比較 -ランキング -求人 -まとめ
会員名簿,https://www.niigata-shokubunka.com/member-list/,,,,新潟市,新潟市 飲食店 SNS運用支援会社 -おすすめ -比較 -ランキング -求人 -まとめ
一般社団法人 新潟 ふるさと組合,https://niigata-furusato.com/wp-content/uploads/2025/04/002_%E6%96%B0%E6%BD%9F%E3%81%B5%E3%82%8B%E3%81%95%E3%81%A8%E7%B5%84%E5%90%88%E6%A6%82%E8%A6%81%E8%B3%87%E6%96%99ver.2.4.pdf,,,,新潟市,新潟市 飲食店 SNS運用支援会社 -おすすめ -比較 -ランキング -求人 -まとめ
R4Üc_5! éûÔáˆ(ê¹È_PDF _Ë Q.xlsm,https://jsh.go.jp/r4h/assets/pdf/05/adoption-M&A_business.pdf,,,,新潟市,新潟市 飲食店 SNS運用支援会社 -おすすめ -比較 -ランキング -求人 -まとめ
新潟 県初出店、原価でお酒が飲める創作チーズ料理店 ...,https://www.prdesse.com/posts/view/22055,,,,新潟市,新潟市 飲食店 SNS運用支援会社 -おすすめ -比較 -ランキング -求人 -まとめ
株式 会社 究工務店（建設業）,https://growth-100-oku.smrj.go.jp/companies/pdf/03458-00.pdf,,,,新潟市,新潟市 不動産 SNSマーケティング会社 -おすすめ -比較 -ランキング -求人 -まとめ
新潟市 中央区の人情商店街,https://www.honcho6.com/store/others/%E6%97%A9%E5%B7%9D%E4%B8%8D%E5%8B%95%E7%94%A3%E6%A0%AA%E5%BC%8F%E4%BC%9A%E7%A4%BE,,,,新潟市,新潟市 不動産 SNSマーケティング会社 -おすすめ -比較 -ランキング -求人 -まとめ
ささえ愛よろず クリニック,https://www.n-iwacon.co.jp/case_studys/%E3%81%95%E3%81%95%E3%81%88%E6%84%9B%E3%82%88%E3%82%8D%E3%81%9A%E3%82%AF%E3%83%AA%E3%83%8B%E3%83%83%E3%82%AF/,,,,新潟市,新潟市 クリニック SNS運用代行 -おすすめ -比較 -ランキング -求人 -まとめ
認知症サポート医について,https://www.city.niigata.lg.jp/iryo/kaigo/ninchisupport/ninchi_soudan/ninchishosupporti.html,,,,新潟市,新潟市 クリニック SNS運用代行 -おすすめ -比較 -ランキング -求人 -まとめ
【完全予約制】 クリニック 開業・無料プランニング相談会 in 新潟 支店,https://www.sekisuihouse.co.jp/event/detail.php?id=b490008-2604-10054,,,,新潟市,新潟市 クリニック SNS運用代行 -おすすめ -比較 -ランキング -求人 -まとめ
藤田 雪野 院長の独自取材記事(ことのはデンタル クリニック ),https://doctorsfile.jp/h/220630/df/1/,,,,新潟市,新潟市 クリニック SNS運用代行 -おすすめ -比較 -ランキング -求人 -まとめ
SWANネット 運用 の今までとこれから,https://www.niigata-rc.org/up_files/pdf/knews/0000000195_1.pdf?now=20260417183630,,,,新潟市,新潟市 クリニック SNS運用代行 -おすすめ -比較 -ランキング -求人 -まとめ
新潟市 西蒲区の 学習塾 ・個別指導のホームページ制作,https://nodetokyo.com/hp/juku/nishikan/seisaku/,,,,新潟市,新潟市 学習塾 SNS運用代行 -おすすめ -比較 -ランキング -求人 -まとめ
先生のご紹介,https://juku-teams.com/teacher,,,,新潟市,新潟市 学習塾 SNS運用代行 -おすすめ -比較 -ランキング -求人 -まとめ
GATALEAP,https://talkpass.jp/service/gataleap,,,,新潟市,新潟市 採用広報 SNS運用会社 -おすすめ -比較 -ランキング -求人 -まとめ
水戸 紗花,https://www.nsg.gr.jp/newgrads/interview/mito-sayaka2/,,,,新潟市,新潟市 採用広報 SNS運用会社 -おすすめ -比較 -ランキング -求人 -まとめ
営業・ 広報 ・事務の定例業務を担う「AI社員」サービスを正式リリース,https://derta.co.jp/posts/an8hH7Cb,,,,新潟市,新潟市 採用広報 SNS運用会社 -おすすめ -比較 -ランキング -求人 -まとめ
グローカルマーケティング株式 会社,https://www.nico.or.jp/creative-bank/creator/glocal-marketing/,,,,新潟市,新潟市 採用広報 SNS運用会社 -おすすめ -比較 -ランキング -求人 -まとめ
実績紹介,https://www.adservice.niigata-mn.co.jp/works/,,,,新潟市,新潟市 観光プロモーション SNS会社 -おすすめ -比較 -ランキング -求人 -まとめ
（公財） 新潟観光 コンベンション協会 令和6年度事業計画,https://www.nvcb.or.jp/asset/profile/e5d45c415858324e365844dde333aa74.pdf,,,,新潟市,新潟市 観光プロモーション SNS会社 -おすすめ -比較 -ランキング -求人 -まとめ
株式 会社 ワン・ステップ,https://one-step1.co.jp/results/%E6%96%B0%E6%BD%9F%E7%B1%B3%E9%AD%85%E5%8A%9B%E7%99%BA%E4%BF%A1%E3%83%97%E3%83%AD%E3%82%B8%E3%82%A7%E3%82%AF%E3%83%88/,,,,新潟市,新潟市 観光プロモーション SNS会社 -おすすめ -比較 -ランキング -求人 -まとめ
新潟県 新潟市 様のインバウンド集客事例,https://www.tokyocreative.jp/ja/casestudy-9-%E6%96%B0%E6%BD%9F%E7%9C%8C%E6%96%B0%E6%BD%9F%E5%B8%82%E6%A7%98,,,,新潟市,新潟市 観光プロモーション SNS会社 -おすすめ -比較 -ランキング -求人 -まとめ
令和3年度 （公社） 新潟 県 観光 協会 事業報告,https://niigata-kankou.or.jp/ngt/organization/r03/jigyou.pdf,,,,新潟市,新潟市 観光プロモーション SNS会社 -おすすめ -比較 -ランキング -求人 -まとめ
株式会社ReGrow,https://regrow-official.com/,,,,新潟市,新潟市 EC SNS運用代行 -おすすめ -比較 -ランキング -求人 -まとめ
【オンライン】Googleマップ・ Instagram 活用セミナー（観光業部会 ...,https://www.niigata-cci.or.jp/archives/10448,,,,新潟市,新潟市 店舗 Instagram集客支援 -おすすめ -比較 -ランキング -求人 -まとめ
支援 実績,https://weburakata.com/category/support/page/2/,,,,新潟市,新潟市 店舗 Instagram集客支援 -おすすめ -比較 -ランキング -求人 -まとめ
Instagram を活用した売上拡大セミナー,https://www.fukuyama.or.jp/wp/wp-content/uploads/2022/07/2022instagram-katsuyou.pdf,,,,新潟市,新潟市 店舗 Instagram集客支援 -おすすめ -比較 -ランキング -求人 -まとめ
新潟市 西区で”本当”に 集客 のできるホームページを制作しませんか？,https://koumuten-lead.jp/area/niigata/niigatashinishiku,,,,新潟市,新潟市 店舗 Instagram集客支援 -おすすめ -比較 -ランキング -求人 -まとめ
映画・アニメ等の制作会社 「東映」 の傘下の 「 新潟 東映 ホテル 」 が,https://www.atpress.ne.jp/releases/350551/att_350551_1.pdf,,,,新潟市,新潟市 ホテル SNS運用代行 -おすすめ -比較 -ランキング -求人 -まとめ
【公式】 個人情報保護方針,https://www.silverhotel.co.jp/privacy/,,,,新潟市,新潟市 ホテル SNS運用代行 -おすすめ -比較 -ランキング -求人 -まとめ
新潟 で映像 制作 を依頼するなら？ 制作会社 の選び方と成功する動画 ...,https://creativelab.biz/news/20260310-2398/,,,,新潟市,新潟市 SNSコンテンツ制作会社 -おすすめ -比較 -ランキング -求人 -まとめ
企業情報,https://eightsmarketing.com/company/,,,,新潟市,新潟市 SNSコンテンツ制作会社 -おすすめ -比較 -ランキング -求人 -まとめ
サービス紹介,https://riparia.jp/service,,,,新潟市,新潟市 中小企業 SNS運用支援 -おすすめ -比較 -ランキング -求人 -まとめ
コーディネーター紹介(専門家),https://www.niigata-yorozu.go.jp/member/,,,,新潟市,新潟市 中小企業 SNS運用支援 -おすすめ -比較 -ランキング -求人 -まとめ
企業の方へ,https://kodomomirai-shokudo.org/donation/corporation.html,,,,長岡市,長岡市 飲食店 SNS運用支援会社 -おすすめ -比較 -ランキング -求人 -まとめ
NAGAOKA TSUNAGARU TAKARA,https://www.city.nagaoka.niigata.jp/sangyou/cate15/file/leaflet-02.pdf,,,,長岡市,長岡市 飲食店 SNS運用支援会社 -おすすめ -比較 -ランキング -求人 -まとめ
加茂市 新潟のホームページ制作 会社 (株)アテンド,https://www.attend.jp/category/area/kamo,,,,長岡市,長岡市 飲食店 SNS運用支援会社 -おすすめ -比較 -ランキング -求人 -まとめ
令和2年度 新潟エキスパート・バンク登録者名簿,https://foramu21.com/wp-content/uploads/2021/07/4d276c86ea96561ee9bed20f4519b301.pdf,,,,長岡市,長岡市 飲食店 SNS運用支援会社 -おすすめ -比較 -ランキング -求人 -まとめ
長岡市 の訪問保健師,https://www.kcreate-hokenshitsu.jp/,,,,長岡市,長岡市 美容室 Instagram運用代行 -おすすめ -比較 -ランキング -求人 -まとめ
お問い合わせ,https://www.sumore.co.jp/inquiry,,,,長岡市,長岡市 不動産 SNSマーケティング会社 -おすすめ -比較 -ランキング -求人 -まとめ
SNS 等における発信に関するご協力のお願い,https://www.albirex.com/news/detail/id=22013,,,,長岡市,長岡市 不動産 SNSマーケティング会社 -おすすめ -比較 -ランキング -求人 -まとめ
地域密着型 SNS がもたらす自治体と地域住民の関係変化,https://www.jri.co.jp/page.jsp?id=5885,,,,長岡市,長岡市 不動産 SNSマーケティング会社 -おすすめ -比較 -ランキング -求人 -まとめ
施設紹介,https://www.nagaokafk.com/facility/,,,,長岡市,長岡市 クリニック SNS運用代行 -おすすめ -比較 -ランキング -求人 -まとめ
グループ施設・病院,https://sutoku-u.ac.jp/information/institution-related/,,,,長岡市,長岡市 クリニック SNS運用代行 -おすすめ -比較 -ランキング -求人 -まとめ
医療法人崇徳会 加茂病院 スタッフ募集中!,https://www.sutokukai.or.jp/cssc/media/files/sutokukai_hello/136_2023_0313.pdf,,,,長岡市,長岡市 クリニック SNS運用代行 -おすすめ -比較 -ランキング -求人 -まとめ
組合員紹介,https://nagaokait.com/member/member/,,,,長岡市,長岡市 学習塾 SNS運用代行 -おすすめ -比較 -ランキング -求人 -まとめ
ゲーム・eスポーツ科,https://njc-web.net/gakka_index/esports01/,,,,長岡市,長岡市 学習塾 SNS運用代行 -おすすめ -比較 -ランキング -求人 -まとめ
西友長岡校,https://www.hello-pc.net/school/map/466se.html,,,,長岡市,長岡市 学習塾 SNS運用代行 -おすすめ -比較 -ランキング -求人 -まとめ
【PR×地方創生！】企画から分析まで任される実践型長期 ...,https://kotonaru.co.jp/internship-detail/663/kiraboshi01,,,,長岡市,長岡市 採用広報 SNS運用会社 -おすすめ -比較 -ランキング -求人 -まとめ
e-methaneのクリーンガス証書移転・管理を可能とする デジタル ...,https://www.inpex.com/news/2026/20260604.html,,,,長岡市,長岡市 採用広報 SNS運用会社 -おすすめ -比較 -ランキング -求人 -まとめ
ソーシャルメディア（ SNS ）による情報発信,https://www.city.joetsu.niigata.jp/soshiki/koho/socialmedia.html,,,,長岡市,長岡市 採用広報 SNS運用会社 -おすすめ -比較 -ランキング -求人 -まとめ
【 長岡 市長選挙】『 地元の魅力を発信！ 観光 PR動画の制作と配信 ...,https://www.takahashi-nagaoka.com/post/dream094,,,,長岡市,長岡市 観光プロモーション SNS会社 -おすすめ -比較 -ランキング -求人 -まとめ
令和8年度 事業計画,https://nagaoka-navi.or.jp/box/file/51/13/01cdc9798ebb10f457d0ef298b06a51be6349b18,,,,長岡市,長岡市 観光プロモーション SNS会社 -おすすめ -比較 -ランキング -求人 -まとめ
EC サイト「丸ごとながおか」オープン！,https://nagaoka.rulez.jp/marugoto-nagaoka-opened/,,,,長岡市,長岡市 EC SNS運用代行 -おすすめ -比較 -ランキング -求人 -まとめ
事業紹介,https://www.melheui.jp/service-connective.html,,,,長岡市,長岡市 EC SNS運用代行 -おすすめ -比較 -ランキング -求人 -まとめ
ホテル 運営 代行 ・運営委託・開業支援・コンサル,https://service.ivressehospitality.com/,,,,長岡市,長岡市 ホテル SNS運用代行 -おすすめ -比較 -ランキング -求人 -まとめ
情報カメラ,https://www.nct9.co.jp/comch/livecamera,,,,長岡市,長岡市 ホテル SNS運用代行 -おすすめ -比較 -ランキング -求人 -まとめ
新潟県 長岡市 に避難行動要支援者の災害時避難を支援する「NEC ...,https://jpn.nec.com/press/202402/20240214_01.html,,,,長岡市,長岡市 ホテル SNS運用代行 -おすすめ -比較 -ランキング -求人 -まとめ
エルダーマンション アダージョ福住,https://www.adagyo-fukuzumi.jp/,,,,長岡市,長岡市 ホテル SNS運用代行 -おすすめ -比較 -ランキング -求人 -まとめ
募集は終了いたしました。 Instagram （ インスタ グラム）を活用した ...,https://nakanocci.or.jp/instagram%EF%BC%88%E3%82%A4%E3%83%B3%E3%82%B9%E3%82%BF%E3%82%B0%E3%83%A9%E3%83%A0%EF%BC%89%E3%82%92%E6%B4%BB%E7%94%A8%E3%81%97%E3%81%9F%E5%A3%B2%E4%B8%8A%E6%8B%A1%E5%A4%A7%E3%82%BB%E3%83%9F%E3%83%8A/,,,,長岡市,長岡市 店舗 Instagram集客支援 -おすすめ -比較 -ランキング -求人 -まとめ
販路開拓,https://bunkakoutsu.nagaokakyo-shokokai.jp/tag/market-development/,,,,長岡市,長岡市 店舗 Instagram集客支援 -おすすめ -比較 -ランキング -求人 -まとめ
鈴木 萌々瑚,https://san-niigata.com/author/san0123/,,,,長岡市,長岡市 店舗 Instagram集客支援 -おすすめ -比較 -ランキング -求人 -まとめ
長岡市 ものづくり 関連 支援 事業,https://www.tech-nagaoka.jp/wp-content/uploads/r2.pdf,,,,長岡市,長岡市 中小企業 SNS運用支援 -おすすめ -比較 -ランキング -求人 -まとめ
経営発達 支援 計画の概要,https://www.chusho.meti.go.jp/keiei/shokibo/ninteikeikaku/download/15-010.pdf,,,,長岡市,長岡市 中小企業 SNS運用支援 -おすすめ -比較 -ランキング -求人 -まとめ
Webサイト 制作 サービス,https://astha.jp/site-creation/,,,,長岡市,長岡市 SNSコンテンツ制作会社 -おすすめ -比較 -ランキング -求人 -まとめ
長岡市 デザイン 印刷 動画 制作,https://harukraft.com/design.html,,,,長岡市,長岡市 SNSコンテンツ制作会社 -おすすめ -比較 -ランキング -求人 -まとめ
SNS 用動画作成,https://eddie-eizouseisaku.com/sns%E7%94%A8%E5%8B%95%E7%94%BB%E4%BD%9C%E6%88%90/,,,,長岡市,長岡市 SNSコンテンツ制作会社 -おすすめ -比較 -ランキング -求人 -まとめ
私たちについて,https://roop.co.jp/about,,,,長岡市,長岡市 SNSコンテンツ制作会社 -おすすめ -比較 -ランキング -求人 -まとめ
広告販促事業,https://rise-will.com/service/promotion/,,,,富山市,富山市 飲食店 SNS運用支援会社 -おすすめ -比較 -ランキング -求人 -まとめ
About Us,https://kanazawa-rimipo.com/aboutus/,,,,富山市,富山市 飲食店 SNS運用支援会社 -おすすめ -比較 -ランキング -求人 -まとめ
富山 県／【令和8年4月30日公告】とやまの食材プロモーション事業 ...,https://www.pref.toyama.jp/1601/sangyou/nourinsuisan/nougyou/2026pr1.html,,,,富山市,富山市 飲食店 SNS運用支援会社 -おすすめ -比較 -ランキング -求人 -まとめ
会社 概要,https://www.konohanosato.com/%E4%BC%9A%E7%A4%BE%E6%A6%82%E8%A6%81,,,,富山市,富山市 飲食店 SNS運用支援会社 -おすすめ -比較 -ランキング -求人 -まとめ
あっと！プラス – 富山 県の高齢者や障がい者の方々が、もっと ...,https://www.atplus-enjoy.com/,,,,富山市,富山市 飲食店 SNS運用支援会社 -おすすめ -比較 -ランキング -求人 -まとめ
SNSマーケティング,http://xs538962.xsrv.jp/tureiz-toyama/service/sns%E9%81%8B%E7%94%A8%E4%BB%A3%E8%A1%8C/,,,,富山市,富山市 美容室 Instagram運用代行 -おすすめ -比較 -ランキング -求人 -まとめ
êÐ¤ÐëÜ©Ñ( !),https://www.tonio.or.jp/cms/wp-content/uploads/eadfe3fc36bc3b261b6a46fac7096e81.pdf,,,,富山市,富山市 美容室 Instagram運用代行 -おすすめ -比較 -ランキング -求人 -まとめ
公式LINEアカウントを 運用 しよう,https://parkinc.co.jp/blog/marketing/%E5%85%AC%E5%BC%8Fline%E3%82%A2%E3%82%AB%E3%82%A6%E3%83%B3%E3%83%88%E3%82%92%E9%81%8B%E7%94%A8%E3%81%97%E3%82%88%E3%81%86/,,,,富山市,富山市 美容室 Instagram運用代行 -おすすめ -比較 -ランキング -求人 -まとめ
カターレ 富山 アカデミー 第4回スペシャル クリニック 開催のお知らせ,https://www.kataller.co.jp/all/press-release/%E3%82%AB%E3%82%BF%E3%83%BC%E3%83%AC%E5%AF%8C%E5%B1%B1%E3%82%A2%E3%82%AB%E3%83%87%E3%83%9F%E3%83%BC-%E7%AC%AC4%E5%9B%9E%E3%82%B9%E3%83%9A%E3%82%B7%E3%83%A3%E3%83%AB%E3%82%AF%E3%83%AA%E3%83%8B%E3%83%83/,,,,富山市,富山市 クリニック SNS運用代行 -おすすめ -比較 -ランキング -求人 -まとめ
こぱんはうすさくらヴィスト 富山 二口教室,https://visst.co.jp/college/branch/toyama-futakuchi/,,,,富山市,富山市 クリニック SNS運用代行 -おすすめ -比較 -ランキング -求人 -まとめ
富山 事業承継M&Aプラットフォーム,https://www.tranbi.com/buy/list/prefecture/22/,,,,富山市,富山市 クリニック SNS運用代行 -おすすめ -比較 -ランキング -求人 -まとめ
医療法人社団 長谷川病院 様,https://www.allied-telesis.co.jp/case-list/hasegawa-hosp/,,,,富山市,富山市 クリニック SNS運用代行 -おすすめ -比較 -ランキング -求人 -まとめ
2024 No.458,https://www.city.toyama.lg.jp/_res/projects/default_project/_page_/001/015/398/kouhou0458-p01-14-web.pdf,,,,富山市,富山市 クリニック SNS運用代行 -おすすめ -比較 -ランキング -求人 -まとめ
写真・動画・インタビュー,https://www.docknet.jp/detail_hospital/D21267/photo,,,,富山市,富山市 クリニック SNS運用代行 -おすすめ -比較 -ランキング -求人 -まとめ
スタッフ,https://www.aps-life.jp/stafflist/,,,,富山市,富山市 不動産 SNSマーケティング会社 -おすすめ -比較 -ランキング -求人 -まとめ
富山 で集客できるホームページ制作をお考えなら,https://jetb.co.jp/toyama,,,,富山市,富山市 不動産 SNSマーケティング会社 -おすすめ -比較 -ランキング -求人 -まとめ
コーディネーター・サポーター紹介,https://toyama-yorozushien.go.jp/coordinator/,,,,富山市,富山市 不動産 SNSマーケティング会社 -おすすめ -比較 -ランキング -求人 -まとめ
Himi-Bizに新たな SNS アドバイザーが仲間入りです！,https://himi-biz.net/2025/04/10/8691/,,,,富山市,富山市 学習塾 SNS運用代行 -おすすめ -比較 -ランキング -求人 -まとめ
富山 OAスクール,https://toyamaoa.com/,,,,富山市,富山市 学習塾 SNS運用代行 -おすすめ -比較 -ランキング -求人 -まとめ
ユニスポット,https://creators-navi.jp/archives/3403,,,,富山市,富山市 採用広報 SNS運用会社 -おすすめ -比較 -ランキング -求人 -まとめ
SNS運用 ・ SNS 広告代行,https://movie-mobile.jp/sns/,,,,富山市,富山市 採用広報 SNS運用会社 -おすすめ -比較 -ランキング -求人 -まとめ
富山 大学 医学部,http://www.med.u-toyama.ac.jp/index.html,,,,富山市,富山市 採用広報 SNS運用会社 -おすすめ -比較 -ランキング -求人 -まとめ
Adobe Fireflyとクリエイターが協働。 富山市 の新キャラクター ...,https://blog.adobe.com/jp/publish/2026/05/26/cc-adobe-firefly-toyamashi,,,,富山市,富山市 採用広報 SNS運用会社 -おすすめ -比較 -ランキング -求人 -まとめ
地方自治体/ SNS 広告,https://goodwill-marketing.com/blog/works/%E5%9C%B0%E6%96%B9%E8%87%AA%E6%B2%BB%E4%BD%93-sns%E5%BA%83%E5%91%8A/,,,,富山市,富山市 観光プロモーション SNS会社 -おすすめ -比較 -ランキング -求人 -まとめ
第11回全日本チンドンコンクール,https://toyama.ccis-toyama.or.jp/wp/wp-content/uploads/2026_72chindon_%E8%A6%8B%E9%96%8B%E3%81%8D.pdf,,,,富山市,富山市 ホテル SNS運用代行 -おすすめ -比較 -ランキング -求人 -まとめ
【県内の創業応援】9月1日,https://scop-toyama.jp/event/R89XotPL,,,,富山市,富山市 店舗 Instagram集客支援 -おすすめ -比較 -ランキング -求人 -まとめ
BtoC．ネットビジネス活用コース 第1回 空前の大流行！TikTok ...,https://www3.tonio.or.jp/e.phtml?i=62b8815fda03bf1b62dc5e1a313ae4c8,,,,富山市,富山市 店舗 Instagram集客支援 -おすすめ -比較 -ランキング -求人 -まとめ
【開催済】8/4開催 エンゲージメントUP！ Instagram集客 講座（参加 ...,https://www.big-advance.site/c/138/2075/info/detail/10,,,,富山市,富山市 店舗 Instagram集客支援 -おすすめ -比較 -ランキング -求人 -まとめ
【募集】Googleマップや Instagram を活用して 集客 ＆売上アップ ...,https://kurobe.ccis-toyama.or.jp/%E3%80%90%E5%8B%9F%E9%9B%86%E3%80%91google%E3%83%9E%E3%83%83%E3%83%97%E3%82%84instagram%E3%82%92%E6%B4%BB%E7%94%A8%E3%81%97%E3%81%A6%E9%9B%86%E5%AE%A2%EF%BC%86%E5%A3%B2%E4%B8%8A%E3%82%A2%E3%83%83/,,,,富山市,富山市 店舗 Instagram集客支援 -おすすめ -比較 -ランキング -求人 -まとめ
支援 セミナー,https://toyama-sogyo.jp/uploads/%E5%89%B5%E6%A5%AD%E6%94%AF%E6%8F%B4%E3%82%BB%E3%83%9F%E3%83%8A%E3%83%BC%E3%83%AA%E3%83%BC%E3%83%95%E3%83%AC%E3%83%83%E3%83%88.pdf,,,,富山市,富山市 店舗 Instagram集客支援 -おすすめ -比較 -ランキング -求人 -まとめ
南房総市 SNS コンサルティング 支援 事業の 支援 事例,https://www.city.minamiboso.chiba.jp/0000024045.html,,,,富山市,富山市 中小企業 SNS運用支援 -おすすめ -比較 -ランキング -求人 -まとめ
WEBマーケティングセミナー 交流会,https://cgc-toyama.or.jp/wp/wp-content/uploads/pdf/20231107-1.pdf,,,,富山市,富山市 中小企業 SNS運用支援 -おすすめ -比較 -ランキング -求人 -まとめ
SNS 運用代行,https://shinkin-connect.jp/search2/?mode=disp&key=7108,,,,富山市,富山市 SNSコンテンツ制作会社 -おすすめ -比較 -ランキング -求人 -まとめ
石川県 金沢市 の SNS運用 ならBoooM Japan,https://booom.site/,,,,金沢市,金沢市 飲食店 SNS運用支援会社 -おすすめ -比較 -ランキング -求人 -まとめ
企業の認知度アップ戦略「ビジネス向け SNS 活用研修」を 金沢 商工 ...,https://210.250.178.222/news/20250115_01.html,,,,金沢市,金沢市 飲食店 SNS運用支援会社 -おすすめ -比較 -ランキング -求人 -まとめ
SPコンサルタント,https://sp-consultant.my.canva.site/,,,,金沢市,金沢市 飲食店 SNS運用支援会社 -おすすめ -比較 -ランキング -求人 -まとめ
【好立地 金沢 】人気ラーメン店 観光客向け好立地 黒字経営 人材 ...,https://batonz.jp/sell_cases/65262,,,,金沢市,金沢市 飲食店 SNS運用支援会社 -おすすめ -比較 -ランキング -求人 -まとめ
企業情報,https://www.isico.or.jp/company/?offset=280,,,,金沢市,金沢市 飲食店 SNS運用支援会社 -おすすめ -比較 -ランキング -求人 -まとめ
美容室 ・サロンのホームページ制作,https://cantik.co.jp/salon/,,,,金沢市,金沢市 美容室 Instagram運用代行 -おすすめ -比較 -ランキング -求人 -まとめ
Lステップ導入・設計支援,https://kanazawa.ai/service/l%E3%82%B9%E3%83%86%E3%83%83%E3%83%97%E5%B0%8E%E5%85%A5%E3%83%BB%E8%A8%AD%E8%A8%88%E6%94%AF%E6%8F%B4/,,,,金沢市,金沢市 美容室 Instagram運用代行 -おすすめ -比較 -ランキング -求人 -まとめ
金沢市 金沢 ホームページ制作 SEO対策,https://yuushoo.sakura.ne.jp/yuushoo/company/index.html,,,,金沢市,金沢市 美容室 Instagram運用代行 -おすすめ -比較 -ランキング -求人 -まとめ
LINE公式アカウントサポート,https://www.citacita-asia.jp/menu/linesupport/,,,,金沢市,金沢市 美容室 Instagram運用代行 -おすすめ -比較 -ランキング -求人 -まとめ
ESTATE BROTHER,https://estatebrother.jp/,,,,金沢市,金沢市 不動産 SNSマーケティング会社 -おすすめ -比較 -ランキング -求人 -まとめ
インターネット マーケティング 業,https://kanko-catalog.com/categories/%25E3%2582%25A4%25E3%2583%25B3%25E3%2582%25BF%25E3%2583%25BC%25E3%2583%258D%25E3%2583%2583%25E3%2583%2588-%25E3%2583%259E%25E3%2583%25BC%25E3%2582%25B1%25E3%2583%2586%25E3%2582%25A3%25E3%2583%25B3%25E3%2582%25B0%25E6%25A5%25AD/,,,,金沢市,金沢市 不動産 SNSマーケティング会社 -おすすめ -比較 -ランキング -求人 -まとめ
経営者としての経験から最適解を導き出す。 SNS マーケター 津金澤 ...,https://blog.directorbank.co.jp/k_tsuganezawa,,,,金沢市,金沢市 不動産 SNSマーケティング会社 -おすすめ -比較 -ランキング -求人 -まとめ
総合職の方へ,https://saiyou.nakazawa-cl.jp/%E6%B3%95%E4%BA%BA/%E7%B7%8F%E5%90%88%E8%81%B7%E3%81%AE%E6%96%B9%E3%81%B8,,,,金沢市,金沢市 クリニック SNS運用代行 -おすすめ -比較 -ランキング -求人 -まとめ
金沢市 のAI業務自動化・Web制作・チャット ...,https://bluetruck.co.jp/kanazawa.html,,,,金沢市,金沢市 クリニック SNS運用代行 -おすすめ -比較 -ランキング -求人 -まとめ
医院・ クリニック の開業支援・開院コンサルティング,https://promedi.co.jp/support/,,,,金沢市,金沢市 クリニック SNS運用代行 -おすすめ -比較 -ランキング -求人 -まとめ
令和 3 年度 金沢市 介護サービス事業者連絡会 事業報告,https://www.kaigonet-kanazawa.jp/uploads/media/BEVmQXlgVAA,,,,金沢市,金沢市 クリニック SNS運用代行 -おすすめ -比較 -ランキング -求人 -まとめ
内分泌代謝内科,https://hokuriku.kkr.or.jp/dept/naibunpi/,,,,金沢市,金沢市 クリニック SNS運用代行 -おすすめ -比較 -ランキング -求人 -まとめ
御経塚校 山田 公三,https://www.tohsemi.com/benkyo/453.html,,,,金沢市,金沢市 学習塾 SNS運用代行 -おすすめ -比較 -ランキング -求人 -まとめ
NPO法人ワンネススクール,https://yorisou-nakama.net/citizen/oneness-school/,,,,金沢市,金沢市 学習塾 SNS運用代行 -おすすめ -比較 -ランキング -求人 -まとめ
もゆスク（ 学習塾 MOYU） 北陸初！社会で生きる力を伸ばす塾,https://junior.moyu.co.jp/,,,,金沢市,金沢市 学習塾 SNS運用代行 -おすすめ -比較 -ランキング -求人 -まとめ
採用 情報（マーケティングプランナー）,https://writerhouse.jp/recruit-mktplanners/,,,,金沢市,金沢市 採用広報 SNS運用会社 -おすすめ -比較 -ランキング -求人 -まとめ
監督職/物流企業の 広報,https://kyujinbu.com/thinkrun/detail/post_137.html,,,,金沢市,金沢市 採用広報 SNS運用会社 -おすすめ -比較 -ランキング -求人 -まとめ
金沢 武士団・社員募集のお知らせ,https://samuraiz.jp/news/detail/id=14293,,,,金沢市,金沢市 採用広報 SNS運用会社 -おすすめ -比較 -ランキング -求人 -まとめ
株式会社プロジェクトタネ,https://www.in-fra.jp/long-internships/companies/4777,,,,金沢市,金沢市 EC SNS運用代行 -おすすめ -比較 -ランキング -求人 -まとめ
着地型 観光プロモーション プロジェクト,https://www.kanazawa-kankoukyoukai.or.jp/asset/jiyujikan/torokuannai,,,,金沢市,金沢市 観光プロモーション SNS会社 -おすすめ -比較 -ランキング -求人 -まとめ
デジタルマーケティングを活用した 観光プロモーション 事業業務 ...,https://www.hot-ishikawa.jp/business/news/detail_288.html,,,,金沢市,金沢市 観光プロモーション SNS会社 -おすすめ -比較 -ランキング -求人 -まとめ
広告 プロモーション,https://www.hokuriku-its.co.jp/ad/,,,,金沢市,金沢市 観光プロモーション SNS会社 -おすすめ -比較 -ランキング -求人 -まとめ
会員企業紹介 MEMBER,https://www.ivig.or.jp/member/,,,,金沢市,金沢市 観光プロモーション SNS会社 -おすすめ -比較 -ランキング -求人 -まとめ
経済局 観光 政策課［事務］,https://kanazawa-saiyou.jp/interview/10018/,,,,金沢市,金沢市 観光プロモーション SNS会社 -おすすめ -比較 -ランキング -求人 -まとめ
インスタ グラムで月100名の 集客 に成功！そのポイントとは？,https://nakayama-kaikei.com/magazine/1585/,,,,金沢市,金沢市 店舗 Instagram集客支援 -おすすめ -比較 -ランキング -求人 -まとめ
マーケティング 支援,https://colorea.colorfulcompany.co.jp/service/marketing,,,,金沢市,金沢市 店舗 Instagram集客支援 -おすすめ -比較 -ランキング -求人 -まとめ
SNS運用代行,https://kanakuru.net/marketing/sns/,,,,金沢市,金沢市 店舗 Instagram集客支援 -おすすめ -比較 -ランキング -求人 -まとめ
心のバリアフリー認定 ホテル,https://kanazawa.kkr.or.jp/news/003988.html,,,,金沢市,金沢市 ホテル SNS運用代行 -おすすめ -比較 -ランキング -求人 -まとめ
留意事項,https://ishikawa-yorozushien.go.jp/notice/,,,,金沢市,金沢市 中小企業 SNS運用支援 -おすすめ -比較 -ランキング -求人 -まとめ
第3次 金沢 版総合戦略の取組状況について,https://www4.city.kanazawa.lg.jp/material/files/group/2/01torikumijoukyou.pdf,,,,金沢市,金沢市 中小企業 SNS運用支援 -おすすめ -比較 -ランキング -求人 -まとめ
【SNS 運用 アシスタント】 パート・アルバイトスタッフ募集中 ...,https://big-mac.co.jp/news/im-looking-for-a-part-time-job/,,,,福井市,福井市 美容室 Instagram運用代行 -おすすめ -比較 -ランキング -求人 -まとめ
つくったものと、お客さまの声。,https://prosper-mw.jp/projects/,,,,福井市,福井市 美容室 Instagram運用代行 -おすすめ -比較 -ランキング -求人 -まとめ
「子ども未来応援バンク」へご 支援 をお願いします。,https://www.f-shakyo.or.jp/by_organization/shakyo/kodomo_mirai_bank,,,,福井市,福井市 飲食店 SNS運用支援会社 -おすすめ -比較 -ランキング -求人 -まとめ
おもてなしオンラインセミナー,https://www.fuku-e.com/omotenashi_online_seminar,,,,福井市,福井市 飲食店 SNS運用支援会社 -おすすめ -比較 -ランキング -求人 -まとめ
会社 概要,https://likelabo.com/company/,,,,福井市,福井市 飲食店 SNS運用支援会社 -おすすめ -比較 -ランキング -求人 -まとめ
コーディネーター紹介,https://yorozu-fukui.go.jp/coordinator/,,,,福井市,福井市 飲食店 SNS運用支援会社 -おすすめ -比較 -ランキング -求人 -まとめ
入居企業紹介,https://www.fukui-iic.or.jp/office/introduce.html,,,,福井市,福井市 飲食店 SNS運用支援会社 -おすすめ -比較 -ランキング -求人 -まとめ
ヘッドスプリング,https://step-ing.jp/company/1041/,,,,福井市,福井市 クリニック SNS運用代行 -おすすめ -比較 -ランキング -求人 -まとめ
美への最短距離を提供する 美容医療業界に特化した IT ...,https://recruit.head-spring.co.jp/wp-content/themes/head-spring_recruit/file/urala_2412.pdf,,,,福井市,福井市 クリニック SNS運用代行 -おすすめ -比較 -ランキング -求人 -まとめ
足首の捻挫治療の教科書,https://joint-nenza.jp/,,,,福井市,福井市 クリニック SNS運用代行 -おすすめ -比較 -ランキング -求人 -まとめ
福井 県入退院支援ルール,https://www.pref.fukui.lg.jp/doc/kourei/taiinshien_d/fil/ru-ru.pdf,,,,福井市,福井市 クリニック SNS運用代行 -おすすめ -比較 -ランキング -求人 -まとめ
オーナー様へ,https://chintai-takinami.jp/owner/,,,,福井市,福井市 不動産 SNSマーケティング会社 -おすすめ -比較 -ランキング -求人 -まとめ
スタッフ紹介,https://www.eshin-home.com/staff/,,,,福井市,福井市 不動産 SNSマーケティング会社 -おすすめ -比較 -ランキング -求人 -まとめ
ABOUT,https://www.dekita-tokyo.com/about/,,,,福井市,福井市 不動産 SNSマーケティング会社 -おすすめ -比較 -ランキング -求人 -まとめ
PRワイヤー,https://corp.kyodo-d.jp/service/solution/prwire/?rid=202211079337,,,,福井市,福井市 不動産 SNSマーケティング会社 -おすすめ -比較 -ランキング -求人 -まとめ
アルトワ株式会社様 新規パートナー決定のお知らせ,https://fukuiunited.co.jp/news/detail.php?id=5342,,,,福井市,福井市 学習塾 SNS運用代行 -おすすめ -比較 -ランキング -求人 -まとめ
学校だより(2026),https://www.fukui-city.ed.jp/asuwa-e/custom36.html,,,,福井市,福井市 学習塾 SNS運用代行 -おすすめ -比較 -ランキング -求人 -まとめ
特集,https://www.ktv.jp/news/feature/260615-sns/,,,,福井市,福井市 学習塾 SNS運用代行 -おすすめ -比較 -ランキング -求人 -まとめ
担当講師,https://www.nijumaru.net/service/instructor/,,,,福井市,福井市 学習塾 SNS運用代行 -おすすめ -比較 -ランキング -求人 -まとめ
一般社団法人シングルマザーの幸せな生活研究所,https://www.fukui-volunteer.net/search-group/details-group.html?u=6bc24fc1ab650b25b4114e93a98f1eba&pager_no=2&m_page=search_group&q02=b%3A0%3B&q07=b%3A0%3B&q06=b%3A0%3B,,,,福井市,福井市 学習塾 SNS運用代行 -おすすめ -比較 -ランキング -求人 -まとめ
「福祉業界を盛り上げたい！」その想いを形に変えていくために ...,https://fukurea.jp/cafe/1614.html,,,,福井市,福井市 採用広報 SNS運用会社 -おすすめ -比較 -ランキング -求人 -まとめ
福井市 社会福祉協議会へのご寄附等について,https://fukuic-shakyo.jp/donation/,,,,福井市,福井市 採用広報 SNS運用会社 -おすすめ -比較 -ランキング -求人 -まとめ
「ふくい桜マラソン 2026」メディア 広報 業務仕様書,https://www.fukui-sakura-marathon.jp/wp/wp-content/uploads/2025/06/04_r7_media_shiyousyo.pdf,,,,福井市,福井市 採用広報 SNS運用会社 -おすすめ -比較 -ランキング -求人 -まとめ
Webマーケティング代行・Web広告 運用代行 は株式会社TONOSAMA,https://tono-webmarketing.com/,,,,福井市,福井市 EC SNS運用代行 -おすすめ -比較 -ランキング -求人 -まとめ
【審査結果公表】 福井市 公式 観光 インスタグラムアカウント運用 ...,https://www.city.fukui.lg.jp/sigoto/keiyaku/proposal/p072488.html,,,,福井市,福井市 観光プロモーション SNS会社 -おすすめ -比較 -ランキング -求人 -まとめ
広報・情報発信サポート,https://www.fukui-pr.com/%E3%83%9D%E3%83%BC%E3%83%88%E3%83%AC%E3%83%BC%E3%83%88%E3%83%A2%E3%83%87%E3%83%AB/,,,,福井市,福井市 観光プロモーション SNS会社 -おすすめ -比較 -ランキング -求人 -まとめ
8 21日,https://www.city.fukui-sakai.lg.jp/johotokei/houdou/documents/johoseminar.pdf,,,,福井市,福井市 観光プロモーション SNS会社 -おすすめ -比較 -ランキング -求人 -まとめ
平成30年度 事 業 報 告 書,https://fuku-iro.jp/asset/about/h30_houkoku.pdf,,,,福井市,福井市 観光プロモーション SNS会社 -おすすめ -比較 -ランキング -求人 -まとめ
映像撮影,https://tomosaki-creative.jp/movie,,,,福井市,福井市 観光プロモーション SNS会社 -おすすめ -比較 -ランキング -求人 -まとめ
7/14,https://foresta884.com/information/news/4438/,,,,福井市,福井市 店舗 Instagram集客支援 -おすすめ -比較 -ランキング -求人 -まとめ
29（水）配信済 件名 【第7回】県都まちなか再生ファンド事業 ...,https://fukui-saiseifund.ftmo.co.jp/wp-content/uploads/2025/10/%E7%AC%AC7%E5%9B%9E%E3%83%A1%E3%83%AB%E3%83%9E%E3%82%AC.pdf,,,,福井市,福井市 店舗 Instagram集客支援 -おすすめ -比較 -ランキング -求人 -まとめ
運営会社「TONOSAMA」について,https://fun-more.net/about-us,,,,福井市,福井市 店舗 Instagram集客支援 -おすすめ -比較 -ランキング -求人 -まとめ
事業案内,https://wisdomsthan.com/consulting/business/,,,,福井市,福井市 ホテル SNS運用代行 -おすすめ -比較 -ランキング -求人 -まとめ
ホテル 事業：事業案内,https://www.keifuku-re.com/service/hotel.php,,,,福井市,福井市 ホテル SNS運用代行 -おすすめ -比較 -ランキング -求人 -まとめ
県内7つの伝統工芸品を使ったスイートルームで話題。自動精算機 ...,https://www.ricoh.co.jp/magazines/smb/casestudy/004065/,,,,福井市,福井市 ホテル SNS運用代行 -おすすめ -比較 -ランキング -求人 -まとめ
西村 星彌,https://www.sindan-fukui.jp/member/detail.php?id=99,,,,福井市,福井市 中小企業 SNS運用支援 -おすすめ -比較 -ランキング -求人 -まとめ
【申込終了】3/18（水） SNS 活用事業者・ 企業 担当者交流会 開催,https://takefucci.net/2026/02/16/0318sns/,,,,福井市,福井市 中小企業 SNS運用支援 -おすすめ -比較 -ランキング -求人 -まとめ
2022 fisc総合パンフレット,https://www.fisc.jp/main/wp-content/uploads/2024/02/2022_sougou.pdf,,,,福井市,福井市 中小企業 SNS運用支援 -おすすめ -比較 -ランキング -求人 -まとめ
福井 県で SNS マーケティング用の写真撮影依頼が可能なカメラマン,https://www.delta.photo/photographers/search/fukui-sns-marketing,,,,福井市,福井市 中小企業 SNS運用支援 -おすすめ -比較 -ランキング -求人 -まとめ
福井 けいりん新規VTuberプロジェクト始動！,https://www.f-keirin.jp/article/167,,,,福井市,福井市 SNSコンテンツ制作会社 -おすすめ -比較 -ランキング -求人 -まとめ
会社 案内,https://www.imagemagic.tv/profile/profile.html,,,,福井市,福井市 SNSコンテンツ制作会社 -おすすめ -比較 -ランキング -求人 -まとめ
長野市 で明日予約できる 美容院 ・ヘアサロン,https://minimodel.jp/list/1/16/c1/138,,,,長野市,長野市 美容室 Instagram運用代行 -おすすめ -比較 -ランキング -求人 -まとめ
カクテクのサービス,https://kakuteku.jp/service/subscription/,,,,長野市,長野市 美容室 Instagram運用代行 -おすすめ -比較 -ランキング -求人 -まとめ
北原孝彦officialサイト,https://kitaharatakahiko.jp/,,,,長野市,長野市 美容室 Instagram運用代行 -おすすめ -比較 -ランキング -求人 -まとめ
美容室 ・サロン向けホームページ制作,https://msite-kobo.com/,,,,長野市,長野市 美容室 Instagram運用代行 -おすすめ -比較 -ランキング -求人 -まとめ
SNS運用 セミナー（2025/05/09）,https://33gaku.jp/events/event/sns%E9%81%8B%E7%94%A8%E3%82%BB%E3%83%9F%E3%83%8A%E3%83%BC%EF%BC%882025-05-09%EF%BC%89/,,,,長野市,長野市 飲食店 SNS運用支援会社 -おすすめ -比較 -ランキング -求人 -まとめ
株式 会社 B.A.D_ リスティング・ SNS 広告 運用 代行サービス資料,https://www.bad-corp.com/webmarketing/ag,,,,長野市,長野市 飲食店 SNS運用支援会社 -おすすめ -比較 -ランキング -求人 -まとめ
クリエイティブ・ビジネスコンサルティング,https://atfnagano.co.jp/2022-juntop/creative-business-consulting/,,,,長野市,長野市 飲食店 SNS運用支援会社 -おすすめ -比較 -ランキング -求人 -まとめ
地方 飲食店 が語る「Instagram検索で売上120％増」,https://adv.tokyo-np.co.jp/prtimes/article69363/,,,,長野市,長野市 飲食店 SNS運用支援会社 -おすすめ -比較 -ランキング -求人 -まとめ
長野 ：株式 会社 春月,https://hipro-job.jp/skilljunkan/skillreturn/nagano/syungetsu.html,,,,長野市,長野市 飲食店 SNS運用支援会社 -おすすめ -比較 -ランキング -求人 -まとめ
お知らせ,https://tfc-suwa.com/info/,,,,長野市,長野市 飲食店 SNS運用支援会社 -おすすめ -比較 -ランキング -求人 -まとめ
プロボノ 長野,https://grant.community/nagano,,,,長野市,長野市 不動産 SNSマーケティング会社 -おすすめ -比較 -ランキング -求人 -まとめ
SNS 分析ツール『コムニコ マーケティング スイート』,https://nagano-digital-portal.jp/case/catalog_0098,,,,長野市,長野市 不動産 SNSマーケティング会社 -おすすめ -比較 -ランキング -求人 -まとめ
マーケティング支援,https://i-m-c.biz/marketing,,,,長野市,長野市 クリニック SNS運用代行 -おすすめ -比較 -ランキング -求人 -まとめ
採用情報,https://la-vie-clinic.com/careers,,,,長野市,長野市 クリニック SNS運用代行 -おすすめ -比較 -ランキング -求人 -まとめ
会社概要,https://recruit.karasawanouki.co.jp/about/outline/,,,,長野市,長野市 クリニック SNS運用代行 -おすすめ -比較 -ランキング -求人 -まとめ
市公式 SNS をご紹介,https://www.city.kawachinagano.lg.jp/soshiki/33/102089.html,,,,長野市,長野市 学習塾 SNS運用代行 -おすすめ -比較 -ランキング -求人 -まとめ
沿革,https://puzzlink.jp/history/,,,,長野市,長野市 学習塾 SNS運用代行 -おすすめ -比較 -ランキング -求人 -まとめ
SNS セミナーに関する事前アンケート,https://adopura.com/survey/,,,,長野市,長野市 採用広報 SNS運用会社 -おすすめ -比較 -ランキング -求人 -まとめ
広報 誌「ふくしながの」,https://www.csw-naganocity.or.jp/fukushi-nagano,,,,長野市,長野市 採用広報 SNS運用会社 -おすすめ -比較 -ランキング -求人 -まとめ
ツギテについて,https://tsugi-te.jp/about/,,,,長野市,長野市 採用広報 SNS運用会社 -おすすめ -比較 -ランキング -求人 -まとめ
デジタルコミュニケーション,https://www.kyoritz-p.co.jp/service/digital/,,,,長野市,長野市 採用広報 SNS運用会社 -おすすめ -比較 -ランキング -求人 -まとめ
広報,https://www.city.nagano.nagano.jp/documents/4065/753899_1.pdf,,,,長野市,長野市 採用広報 SNS運用会社 -おすすめ -比較 -ランキング -求人 -まとめ
SNS 広報・広報代理,https://www.rfe-company-nagano.com/agency,,,,長野市,長野市 観光プロモーション SNS会社 -おすすめ -比較 -ランキング -求人 -まとめ
TXデザイン部,https://www.nagano-tabi.net/service/txdesign/,,,,長野市,長野市 観光プロモーション SNS会社 -おすすめ -比較 -ランキング -求人 -まとめ
観光 誘客に向けた魅力発信事業,https://www.pref.nagano.lg.jp/kankoki/kensei/soshiki/yosan/r7/documents/080201_1.pdf,,,,長野市,長野市 観光プロモーション SNS会社 -おすすめ -比較 -ランキング -求人 -まとめ
ホームページ・ SNS の更新運営 代行,https://joynt.work/%E9%81%8B%E5%96%B6%E4%BB%A3%E8%A1%8C/,,,,長野市,長野市 EC SNS運用代行 -おすすめ -比較 -ランキング -求人 -まとめ
玉井 里香,https://www.nice-o.or.jp/senmonka/senmonka-68356/,,,,長野市,長野市 ホテル SNS運用代行 -おすすめ -比較 -ランキング -求人 -まとめ
りか～週末弾丸で旅する 長野 のママ～ lit.link,https://lit.link/en/susumetamachans,,,,長野市,長野市 ホテル SNS運用代行 -おすすめ -比較 -ランキング -求人 -まとめ
【蓼科東急 ホテル 】業務を効率化しInstagramの投稿頻度が向上,https://jisou.co.jp/casestudy/tateshinatokyu,,,,長野市,長野市 ホテル SNS運用代行 -おすすめ -比較 -ランキング -求人 -まとめ
リッチな宿泊が付いた信州リゾートフォトプラン “ふたりいろ” の ...,https://nagano.metropolitan.jp/pressroom/sr3bf80000007mcj-att/hotel_metropolitannagano-photoplan_hutariiro20220209.pdf,,,,長野市,長野市 ホテル SNS運用代行 -おすすめ -比較 -ランキング -求人 -まとめ
30 株式会社シックアンドシン 代表取締役 徳竹 秀十,https://www.nagano-shinkin.jp/files/info/leaflet_instagram2023_3.pdf,,,,長野市,長野市 店舗 Instagram集客支援 -おすすめ -比較 -ランキング -求人 -まとめ
11/27（木）開催 『 Instagram ビジネス活用入門講座』のお知らせ,https://nagano-yorozu.go.jp/9936,,,,長野市,長野市 店舗 Instagram集客支援 -おすすめ -比較 -ランキング -求人 -まとめ
インスタ グラム 集客 を 成功させるコツ,https://chinocci.or.jp/wp/wp-content/uploads/2024/03/240319-Instagram-seminar.pdf,,,,長野市,長野市 店舗 Instagram集客支援 -おすすめ -比較 -ランキング -求人 -まとめ
合同 会社 案在企画室,https://an-ki.jp/,,,,長野市,長野市 SNSコンテンツ制作会社 -おすすめ -比較 -ランキング -求人 -まとめ
スタジオカルテット,https://www.studio-quartet.com/,,,,長野市,長野市 SNSコンテンツ制作会社 -おすすめ -比較 -ランキング -求人 -まとめ
事業内容,https://twelve-edit.jp/service,,,,長野市,長野市 SNSコンテンツ制作会社 -おすすめ -比較 -ランキング -求人 -まとめ
助成金・補助金情報リスキリング 支援 コースSubsidy,https://dxschool.kfcs.co.jp/subsidy/,,,,長野市,長野市 中小企業 SNS運用支援 -おすすめ -比較 -ランキング -求人 -まとめ
SNS 活用術セミナー,https://www.nagano-cci.or.jp/seminar-list/20256309.html,,,,長野市,長野市 中小企業 SNS運用支援 -おすすめ -比較 -ランキング -求人 -まとめ
Lotus株式会社,https://n-creator.com/webdesign,,,,長野市,長野市 中小企業 SNS運用支援 -おすすめ -比較 -ランキング -求人 -まとめ
お客さまと“つながる” SNS 活用術,https://nagahama.or.jp/wp-content/uploads/2025/06/6.17.SNS%E6%B4%BB%E7%94%A8%E8%A1%93%E3%83%81%E3%83%A9%E3%82%B7.pdf,,,,長野市,長野市 中小企業 SNS運用支援 -おすすめ -比較 -ランキング -求人 -まとめ
株式 会社 リソイス,https://www.shukatsu-nagano.jp/company_info/37878.html,,,,松本市,松本市 飲食店 SNS運用支援会社 -おすすめ -比較 -ランキング -求人 -まとめ
Service,https://pass-inc.co.jp/service/,,,,松本市,松本市 飲食店 SNS運用支援会社 -おすすめ -比較 -ランキング -求人 -まとめ
サロンのお仕事にやりがいを見いだせるようになりました。,https://beauty-salon.linkwin.jp/voice01/,,,,松本市,松本市 美容室 Instagram運用代行 -おすすめ -比較 -ランキング -求人 -まとめ
sponsor 協賛店,https://m-health-lab.jp/sponsor,,,,松本市,松本市 美容室 Instagram運用代行 -おすすめ -比較 -ランキング -求人 -まとめ
就職応援企業ナビ／株式会社 オフィスパパドゥ,https://www.pref.yamanashi.jp/smartphone/rosei-koy/kigyo-navi/company/company-030.html,,,,松本市,松本市 美容室 Instagram運用代行 -おすすめ -比較 -ランキング -求人 -まとめ
吉野家を目指せ」人気 美容 師・ 松本 拓馬が語る“選ばれる人”になる方法,https://r25.jp/articles/928885231194144769,,,,松本市,松本市 美容室 Instagram運用代行 -おすすめ -比較 -ランキング -求人 -まとめ
松本市 保健所の概要,https://www.city.matsumoto.nagano.jp/uploaded/attachment/64534.pdf,,,,松本市,松本市 クリニック SNS運用代行 -おすすめ -比較 -ランキング -求人 -まとめ
6/10（水）「村越凱光選手主催 サッカーイベント」参加者募集の ...,https://www.yamaga-fc.com/archives/547180,,,,松本市,松本市 クリニック SNS運用代行 -おすすめ -比較 -ランキング -求人 -まとめ
事例紹介,https://e-fukuoka.co.jp/works/,,,,松本市,松本市 クリニック SNS運用代行 -おすすめ -比較 -ランキング -求人 -まとめ
事務・広報担当（パート）在宅ワーク相談可！,https://matsumotonaikaganka.jp/recruit/%E4%BA%8B%E5%8B%99%E3%83%BB%E5%BA%83%E5%A0%B1%E6%8B%85%E5%BD%93/,,,,松本市,松本市 クリニック SNS運用代行 -おすすめ -比較 -ランキング -求人 -まとめ
株式会社DREAMCONNECT,https://listen-web.com/community/dreamconnect,,,,松本市,松本市 クリニック SNS運用代行 -おすすめ -比較 -ランキング -求人 -まとめ
医師紹介／公益財団法人慈愛会 かごしまオハナ クリニック,https://www.jiaikai.or.jp/ohana/322,,,,松本市,松本市 クリニック SNS運用代行 -おすすめ -比較 -ランキング -求人 -まとめ
セミナー,https://zenchin-fair.com/2025/osaka/seminer,,,,松本市,松本市 不動産 SNSマーケティング会社 -おすすめ -比較 -ランキング -求人 -まとめ
tone villageの1年を振り返る 広報 ・運営インタビュー,https://tone-village.com/magazine/post/tone-magazine-2658/,,,,松本市,松本市 採用広報 SNS運用会社 -おすすめ -比較 -ランキング -求人 -まとめ
松本市 と「上高地の管理運営体制構築の研究に関する連携協定」を ...,https://www.nssol.nipponsteel.com/press/2026/20260507_110000.html,,,,松本市,松本市 採用広報 SNS運用会社 -おすすめ -比較 -ランキング -求人 -まとめ
平林 良平,https://nagano.bni.jp/bni-nagano-%E9%95%B7%E9%87%8E-bni-%E9%96%8B%E6%99%BA/ja/memberdetails?encryptedMemberId=NloPqGmjDR2a%2FPA7ZVOHww%3D%3D&name=%E5%B9%B3%E6%9E%97+%E8%89%AF%E5%B9%B3,,,,松本市,松本市 採用広報 SNS運用会社 -おすすめ -比較 -ランキング -求人 -まとめ
（株）POPERオンラインセミナー地方塾の集客効率を3倍に,http://www.juku-kyoiku.com/news/26270.html,,,,松本市,松本市 学習塾 SNS運用代行 -おすすめ -比較 -ランキング -求人 -まとめ
令和 6 年度 事 業 報 告 書,https://isn.ac.jp/wp-content/uploads/2025/09/0293ce01fa2106f9a596c45efbd9dd2c.pdf,,,,松本市,松本市 学習塾 SNS運用代行 -おすすめ -比較 -ランキング -求人 -まとめ
松本市 旧四賀に幼小中一貫のインターナショナルスクールの私立 ...,https://isnedu.org/news/139143/,,,,松本市,松本市 学習塾 SNS運用代行 -おすすめ -比較 -ランキング -求人 -まとめ
Webサイト制作,https://doa-inc.jp/web/,,,,松本市,松本市 EC SNS運用代行 -おすすめ -比較 -ランキング -求人 -まとめ
令和5年9月 定例会 9月12日,https://nakayama-eiko.com/qa/5332,,,,松本市,松本市 観光プロモーション SNS会社 -おすすめ -比較 -ランキング -求人 -まとめ
令和3年度事業について,https://www.matsumoto-tca.or.jp/wp-content/uploads/2022/06/R3-jigyohoukoku.pdf,,,,松本市,松本市 観光プロモーション SNS会社 -おすすめ -比較 -ランキング -求人 -まとめ
長野県の企業を元気にする 会社 紹介動画を制作,https://service.sankaku-do.co.jp/service/introduction/,,,,松本市,松本市 観光プロモーション SNS会社 -おすすめ -比較 -ランキング -求人 -まとめ
松本マラソン2024 ＆ 松本市観光 ビジョン,https://rkb.jp/contents/202407/191802/,,,,松本市,松本市 観光プロモーション SNS会社 -おすすめ -比較 -ランキング -求人 -まとめ
日本アルプスエリアを巡る 旅ガイド,https://www.jp-alps.com/about/,,,,松本市,松本市 観光プロモーション SNS会社 -おすすめ -比較 -ランキング -求人 -まとめ
“SDGs推進企業アクションプロジェクト” パートナーシップで県内 ...,https://nagano-sdgs.com/interview/607,,,,松本市,松本市 ホテル SNS運用代行 -おすすめ -比較 -ランキング -求人 -まとめ
Instagram ・LINE公式アカウント有効活用講座,https://www.mcci.jp/topics/2023/11/09/31508/,,,,松本市,松本市 店舗 Instagram集客支援 -おすすめ -比較 -ランキング -求人 -まとめ
Webマーケティング 支援,https://reconnect.or.jp/web_marketing,,,,松本市,松本市 店舗 Instagram集客支援 -おすすめ -比較 -ランキング -求人 -まとめ
会社概要,https://koulinks.com/%E4%BC%9A%E7%A4%BE%E6%A6%82%E8%A6%81/,,,,松本市,松本市 店舗 Instagram集客支援 -おすすめ -比較 -ランキング -求人 -まとめ
【イベントレポ】 Instagram集客 セミナー,https://idea-plus.co.jp/event/2749/,,,,松本市,松本市 店舗 Instagram集客支援 -おすすめ -比較 -ランキング -求人 -まとめ
【プロ紹介】LINEマーケター／ 松本 みきさん,https://www.port.soa-r.net/post/miki-matsumoto,,,,松本市,松本市 店舗 Instagram集客支援 -おすすめ -比較 -ランキング -求人 -まとめ
松本市 総合社会福祉センター,https://www.syakyo-matsumoto.or.jp/about/facilities/fukushicenter.html,,,,松本市,松本市 中小企業 SNS運用支援 -おすすめ -比較 -ランキング -求人 -まとめ
ホームページ 制作 ・保守・管理お任せ,https://gwave.jp/web/,,,,松本市,松本市 SNSコンテンツ制作会社 -おすすめ -比較 -ランキング -求人 -まとめ
新たな企業価値を創造するマーケティング,https://www.prart.co.jp/marketing/,,,,松本市,松本市 SNSコンテンツ制作会社 -おすすめ -比較 -ランキング -求人 -まとめ
私たちについて,https://tsumugistudioofficial.com/about,,,,松本市,松本市 SNSコンテンツ制作会社 -おすすめ -比較 -ランキング -求人 -まとめ
飲食店 オーナーの皆様】空いているスペースや時間を有効活用しま ...,https://www.city.kofu.yamanashi.jp/shoko/shereshop.html,,,,甲府市,甲府市 飲食店 SNS運用支援会社 -おすすめ -比較 -ランキング -求人 -まとめ
在籍コーディネーター,https://yamanashiyorozu.go.jp/coordinator/,,,,甲府市,甲府市 飲食店 SNS運用支援会社 -おすすめ -比較 -ランキング -求人 -まとめ
特定非営利活動法人来未,https://kurumi-irodori2016.jp/,,,,甲府市,甲府市 飲食店 SNS運用支援会社 -おすすめ -比較 -ランキング -求人 -まとめ
個人情報保護方針・ SNS運用 ポリシー,https://www.nns-catv.co.jp/privacy/,,,,甲府市,甲府市 飲食店 SNS運用支援会社 -おすすめ -比較 -ランキング -求人 -まとめ
【山梨の 美容室 向け】ホットペッパーに頼らないWeb集客！プロが ...,https://togawa-mizuki.com/hair-salon-web-marketing,,,,甲府市,甲府市 美容室 Instagram運用代行 -おすすめ -比較 -ランキング -求人 -まとめ
会社概要,https://ses-jv.jp/about.html,,,,甲府市,甲府市 美容室 Instagram運用代行 -おすすめ -比較 -ランキング -求人 -まとめ
まるフィルム,https://meetsmore.com/p/alSdR3FquXuRawbX/salon-website-development,,,,甲府市,甲府市 美容室 Instagram運用代行 -おすすめ -比較 -ランキング -求人 -まとめ
協賛企業・団体,https://kimioto.space/%E5%BE%8C%E6%8F%B4%E3%83%BB%E5%85%B1%E5%82%AC%E3%83%BB%E5%8D%94%E8%B3%9B/,,,,甲府市,甲府市 クリニック SNS運用代行 -おすすめ -比較 -ランキング -求人 -まとめ
支部： 甲府 :: 山梨県介護支援専門員協会,https://www.yamanashi-cma.com/index.php/branch/kofu,,,,甲府市,甲府市 クリニック SNS運用代行 -おすすめ -比較 -ランキング -求人 -まとめ
マーケティング 領域,https://uniideo.com/service/marketing/,,,,甲府市,甲府市 不動産 SNSマーケティング会社 -おすすめ -比較 -ランキング -求人 -まとめ
“暮らす”を写す「くらしのフォトコン2019」,https://www.vivitbase.com/feature/30265/,,,,甲府市,甲府市 不動産 SNSマーケティング会社 -おすすめ -比較 -ランキング -求人 -まとめ
広報担当者に聞く！山梨企業の広報活動 第一週目,https://2020.kofujc.com/reikai07/kouhou01,,,,甲府市,甲府市 不動産 SNSマーケティング会社 -おすすめ -比較 -ランキング -求人 -まとめ
デジタル マーケティング 支援サービス,https://qoox.co.jp/digital-marketing/,,,,甲府市,甲府市 不動産 SNSマーケティング会社 -おすすめ -比較 -ランキング -求人 -まとめ
無料,https://cgc-yamanashi.or.jp/wordpress/wp-content/uploads/2025/01/R6%E5%B9%B4%E5%BA%A6%E5%89%B5%E6%A5%AD%E3%83%95%E3%82%A9%E3%83%AD%E3%83%BC%E3%82%A2%E3%83%83%E3%83%97%E3%82%BB%E3%83%9F%E3%83%8A%E3%83%BC.pdf,,,,甲府市,甲府市 学習塾 SNS運用代行 -おすすめ -比較 -ランキング -求人 -まとめ
広報 代行・支援サービスをリニューアルいたしました,https://bs.taxlawyer328.jp/news/news/p9133/,,,,甲府市,甲府市 採用広報 SNS運用会社 -おすすめ -比較 -ランキング -求人 -まとめ
こうふ歳時記フォトコンテスト応募要項,https://www.kofusaijiki.jp/gallery/guideline/,,,,甲府市,甲府市 採用広報 SNS運用会社 -おすすめ -比較 -ランキング -求人 -まとめ
日本M&Aセンターが 甲府市 善行章を受章,https://www.nihon-ma.co.jp/columns/2022/x20221019-2/,,,,甲府市,甲府市 採用広報 SNS運用会社 -おすすめ -比較 -ランキング -求人 -まとめ
山梨県 甲府市 「ケアプランデータ連携システム導入・活用支援事業 ...,https://zenkou-lab.co.jp/news/%E5%B1%B1%E6%A2%A8%E7%9C%8C%E7%94%B2%E5%BA%9C%E5%B8%82%E3%80%8C%E3%82%B1%E3%82%A2%E3%83%97%E3%83%A9%E3%83%B3%E3%83%87%E3%83%BC%E3%82%BF%E9%80%A3%E6%90%BA%E3%82%B7%E3%82%B9%E3%83%86%E3%83%A0%E5%B0%8E/,,,,甲府市,甲府市 採用広報 SNS運用会社 -おすすめ -比較 -ランキング -求人 -まとめ
（様式1）実施報告書,https://www.nihongo-ews.mext.go.jp/contents_files/download/?cfid=1448&content_id=1574,,,,甲府市,甲府市 採用広報 SNS運用会社 -おすすめ -比較 -ランキング -求人 -まとめ
自治体 SNS の成功事例・失敗事例から見る効果的な発信戦略,https://senyou.the-issues.jp/blog/%E8%87%AA%E6%B2%BB%E4%BD%93sns%E3%81%AE%E6%88%90%E5%8A%9F%E4%BA%8B%E4%BE%8B-%E5%A4%B1%E6%95%97%E4%BA%8B%E4%BE%8B%E3%81%8B%E3%82%89%E8%A6%8B%E3%82%8B%E5%8A%B9%E6%9E%9C%E7%9A%84%E3%81%AA%E7%99%BA%E4%BF%A1%E6%88%A6%E7%95%A5,,,,甲府市,甲府市 観光プロモーション SNS会社 -おすすめ -比較 -ランキング -求人 -まとめ
【企業×YouTuber】タイアップ案件の成功事例とは？,https://www.smmj.jp/%E3%80%90%E4%BC%81%E6%A5%ADxyoutuber%E3%80%91%E3%82%BF%E3%82%A4%E3%82%A2%E3%83%83%E3%83%97%E6%A1%88%E4%BB%B6%E3%81%AE%E6%88%90%E5%8A%9F%E4%BA%8B%E4%BE%8B%E3%81%A8%E3%81%AF%EF%BC%9F/,,,,甲府市,甲府市 観光プロモーション SNS会社 -おすすめ -比較 -ランキング -求人 -まとめ
山梨県商工会連合会,https://www.mat-ltd.co.jp/yamanashishokokairengokai/,,,,甲府市,甲府市 EC SNS運用代行 -おすすめ -比較 -ランキング -求人 -まとめ
やさしい手 甲府 しょうがい福祉サポート 甲府,https://search.yasashiite.com/detail/mystore578/,,,,甲府市,甲府市 EC SNS運用代行 -おすすめ -比較 -ランキング -求人 -まとめ
グループ企業,https://www.syncinfo.co.jp/company/group/,,,,甲府市,甲府市 EC SNS運用代行 -おすすめ -比較 -ランキング -求人 -まとめ
クリエイティブ制作事業,https://zou.bz/creative,,,,甲府市,甲府市 ホテル SNS運用代行 -おすすめ -比較 -ランキング -求人 -まとめ
KOFU,https://v-e-j.com/kofu/,,,,甲府市,甲府市 ホテル SNS運用代行 -おすすめ -比較 -ランキング -求人 -まとめ
ドコモ山梨 インスタ 特別企画第3弾！ 甲府 の街とヴァンフォーレ ...,https://service.smt.docomo.ne.jp/keitai_payment/campaign/dpay_ouen/dc_yamanashi_ventforet.html,,,,甲府市,甲府市 店舗 Instagram集客支援 -おすすめ -比較 -ランキング -求人 -まとめ
「女性達で創るマルシェ」開催事業 【 甲府市 】,https://www.gender.go.jp/policy/chihou_renkei/kofukin/r05/pdf/zissi/19-5.pdf,,,,甲府市,甲府市 店舗 Instagram集客支援 -おすすめ -比較 -ランキング -求人 -まとめ
導入実績,https://www.media-b.com/case/,,,,甲府市,甲府市 店舗 Instagram集客支援 -おすすめ -比較 -ランキング -求人 -まとめ
事業内容 – 山梨県 甲府市 中小企業 ブランディングはメディアデコ ...,https://mediadeco.net/work/,,,,甲府市,甲府市 中小企業 SNS運用支援 -おすすめ -比較 -ランキング -求人 -まとめ
【デジサポ！やまなし】大学生の感性を活かしたDXソリューション ...,https://kofucci.or.jp/news/20250626/,,,,甲府市,甲府市 中小企業 SNS運用支援 -おすすめ -比較 -ランキング -求人 -まとめ
株式会社 スリーピークス,https://www.kofu-sangyo.jp/post_comsearch/2084,,,,甲府市,甲府市 中小企業 SNS運用支援 -おすすめ -比較 -ランキング -求人 -まとめ
甲府市 様 甲府市 産業支援サイト,https://www.y-nmc.jp/works/kofusangyo/,,,,甲府市,甲府市 SNSコンテンツ制作会社 -おすすめ -比較 -ランキング -求人 -まとめ
山梨県で映像企画・撮影・編集なら,https://dunno.co.jp/,,,,甲府市,甲府市 SNSコンテンツ制作会社 -おすすめ -比較 -ランキング -求人 -まとめ
ワイウェブデザインスタジオ（山梨のホームページ 制作 ＆動画 制作 ）,https://www.webdesignstudio.jp/,,,,甲府市,甲府市 SNSコンテンツ制作会社 -おすすめ -比較 -ランキング -求人 -まとめ
株式 会社 あおい商事,https://aoi-shoji.jp/,,,,水戸市,水戸市 飲食店 SNS運用支援会社 -おすすめ -比較 -ランキング -求人 -まとめ
【茨城県 水戸市 】水戸ステーション開発株式 会社 様 「チラシ制作」,https://www.akebono-print.co.jp/case/mito-station/,,,,水戸市,水戸市 飲食店 SNS運用支援会社 -おすすめ -比較 -ランキング -求人 -まとめ
動画編集・制作,https://genie-inc.net/video/,,,,水戸市,水戸市 飲食店 SNS運用支援会社 -おすすめ -比較 -ランキング -求人 -まとめ
お問い合わせ,https://adesign.jp/contact/,,,,水戸市,水戸市 飲食店 SNS運用支援会社 -おすすめ -比較 -ランキング -求人 -まとめ
【公式】こちら 水戸市 芸術館近く グリルでぶっちゃーず 水戸市 五軒 ...,https://t-ietsune.com/,,,,水戸市,水戸市 飲食店 SNS運用支援会社 -おすすめ -比較 -ランキング -求人 -まとめ
会社 概要,https://influhp.com/company-profile,,,,水戸市,水戸市 飲食店 SNS運用支援会社 -おすすめ -比較 -ランキング -求人 -まとめ
美容院 ・ネイル・エステサロンのホームページならGoope（グーペ）,https://goope-lp.heteml.net/goope-lp/beauty/,,,,水戸市,水戸市 美容室 Instagram運用代行 -おすすめ -比較 -ランキング -求人 -まとめ
HISTORY 北水会の歴史,https://hokusuikai.or.jp/outline/history.html,,,,水戸市,水戸市 クリニック SNS運用代行 -おすすめ -比較 -ランキング -求人 -まとめ
茨城県 水戸市 の 不動産 コンサルタント,https://www.ibaraki-akiyama.jp/workflow/index.html,,,,水戸市,水戸市 不動産 SNSマーケティング会社 -おすすめ -比較 -ランキング -求人 -まとめ
会社 名や目的を告げない 不動産 勧誘に気をつけて！！／茨城県警察,https://www.pref.ibaraki.jp/kenkei/a01_safety/security/fudousankanyu.html,,,,水戸市,水戸市 不動産 SNSマーケティング会社 -おすすめ -比較 -ランキング -求人 -まとめ
金子金物株式 会社 さまのブランディング事例を公開しました。,https://prdx.co.jp/topics/0707-2/,,,,水戸市,水戸市 不動産 SNSマーケティング会社 -おすすめ -比較 -ランキング -求人 -まとめ
空き家を地域資源に変える新たな挑戦,https://www.mito-hollyhock.net/news/p=50450/,,,,水戸市,水戸市 不動産 SNSマーケティング会社 -おすすめ -比較 -ランキング -求人 -まとめ
"企画, マーケティング – 業種 – 女性社長.net",https://joseishacho.net/member/business/marketing/page/4/,,,,水戸市,水戸市 不動産 SNSマーケティング会社 -おすすめ -比較 -ランキング -求人 -まとめ
不登校,https://tsubasaacademy.jp/feature/%E4%B8%8D%E7%99%BB%E6%A0%A1/,,,,水戸市,水戸市 学習塾 SNS運用代行 -おすすめ -比較 -ランキング -求人 -まとめ
【会員特典】AE個別 学習塾 （えまじゅく）,https://www.fukuri.jp/lp/search/5066511.html,,,,水戸市,水戸市 学習塾 SNS運用代行 -おすすめ -比較 -ランキング -求人 -まとめ
それぞれの本音。茨城県 水戸市 発、あたらしい 学習 支援のかたち ...,https://kokocara.pal-system.co.jp/2019/11/25/studyroom310/,,,,水戸市,水戸市 学習塾 SNS運用代行 -おすすめ -比較 -ランキング -求人 -まとめ
,https://www.lily.ac.jp/,,,,水戸市,水戸市 学習塾 SNS運用代行 -おすすめ -比較 -ランキング -求人 -まとめ
学びリンク 茨城県・ 水戸 通信制高校合同相談会,https://www.stepup-school.net/goudosoudankai/mito.php/,,,,水戸市,水戸市 学習塾 SNS運用代行 -おすすめ -比較 -ランキング -求人 -まとめ
管理部門スタッフ【人事】,https://www.attractive2007.co.jp/recruit/detail/?id=26,,,,水戸市,水戸市 採用広報 SNS運用会社 -おすすめ -比較 -ランキング -求人 -まとめ
SNS 広告 運用 ・デジタルプロモーション,https://humanlink.biz/sns/,,,,水戸市,水戸市 採用広報 SNS運用会社 -おすすめ -比較 -ランキング -求人 -まとめ
令和7年度 水 戸 市 観 光 審 議 会,https://www.city.mito.lg.jp/uploaded/attachment/62845.pdf,,,,水戸市,水戸市 観光プロモーション SNS会社 -おすすめ -比較 -ランキング -求人 -まとめ
実績,https://joyns.biz/works/,,,,水戸市,水戸市 観光プロモーション SNS会社 -おすすめ -比較 -ランキング -求人 -まとめ
入会のご案内,https://www.ibarakiguide.info/nyukai_annai/,,,,水戸市,水戸市 観光プロモーション SNS会社 -おすすめ -比較 -ランキング -求人 -まとめ
観光 振興・魅力発掘 ～ 株式 会社 チェリー企画,https://www.cherrybravo.com/,,,,水戸市,水戸市 観光プロモーション SNS会社 -おすすめ -比較 -ランキング -求人 -まとめ
印刷物 / SNS運用代行 / イベント企画・運営,https://gaben.co.jp/pop_sns_event/,,,,水戸市,水戸市 EC SNS運用代行 -おすすめ -比較 -ランキング -求人 -まとめ
デジタルコンテンツ事業,https://www.connect-and-y.com/digital-content,,,,水戸市,水戸市 EC SNS運用代行 -おすすめ -比較 -ランキング -求人 -まとめ
茨城県・北関東の EC 支援・通販サイト運営 代行 なら英彩人,https://a-site.jp/,,,,水戸市,水戸市 EC SNS運用代行 -おすすめ -比較 -ランキング -求人 -まとめ
会社概要,https://upnow.jp/and6/company,,,,水戸市,水戸市 EC SNS運用代行 -おすすめ -比較 -ランキング -求人 -まとめ
加盟店舗登録申請,https://mito-ec.dmc-aizu.com/entryShop/,,,,水戸市,水戸市 EC SNS運用代行 -おすすめ -比較 -ランキング -求人 -まとめ
運用 サポート,https://nissenpartners.co.jp/works_action/works_action-016/,,,,水戸市,水戸市 EC SNS運用代行 -おすすめ -比較 -ランキング -求人 -まとめ
セミナー・検定試験Seminar / Examination,https://mito.inetcci.or.jp/seminar2/9175/,,,,水戸市,水戸市 店舗 Instagram集客支援 -おすすめ -比較 -ランキング -求人 -まとめ
講師実績,https://pc-mito.com/koushi/,,,,水戸市,水戸市 店舗 Instagram集客支援 -おすすめ -比較 -ランキング -求人 -まとめ
「パソコンスクール水戸」茨城県 水戸市,https://www.ibaraki-town.jp/category/1746077.html,,,,水戸市,水戸市 店舗 Instagram集客支援 -おすすめ -比較 -ランキング -求人 -まとめ
機構からのお知らせ 過去の情報,https://www.iis-net.or.jp/notice/list?page=4&sort=subject&count=20,,,,水戸市,水戸市 店舗 Instagram集客支援 -おすすめ -比較 -ランキング -求人 -まとめ
Hotel the ...,https://westhills-mito.jp/concept,,,,水戸市,水戸市 ホテル SNS運用代行 -おすすめ -比較 -ランキング -求人 -まとめ
茨城県 水戸市 の隠れた魅力を発見！偕楽園、歴史館,https://touchtv.jp/blog/1377,,,,水戸市,水戸市 ホテル SNS運用代行 -おすすめ -比較 -ランキング -求人 -まとめ
SNS 広告宣伝用動画,https://pic-business.jp/for-sns/sns%E5%BA%83%E5%91%8A%E5%AE%A3%E4%BC%9D%E7%94%A8%E5%8B%95%E7%94%BB/,,,,水戸市,水戸市 SNSコンテンツ制作会社 -おすすめ -比較 -ランキング -求人 -まとめ
【出張動画 制作 おじさん 】茨城県 水戸市,https://letters51.jp/,,,,水戸市,水戸市 SNSコンテンツ制作会社 -おすすめ -比較 -ランキング -求人 -まとめ
茨城のWeb 制作会社 が選ぶ「お客様に寄り添う」SaaS,https://embedsocial.jp/blog/case-studies/itecplus/,,,,水戸市,水戸市 SNSコンテンツ制作会社 -おすすめ -比較 -ランキング -求人 -まとめ
水戸 ・茨城県のSEO/Web集客/ 制作 支援ならシンプリック,https://simplique.jp/area/ibaraki/,,,,水戸市,水戸市 SNSコンテンツ制作会社 -おすすめ -比較 -ランキング -求人 -まとめ
FUNC,https://func.group/,,,,つくば市,つくば市 飲食店 SNS運用支援会社 -おすすめ -比較 -ランキング -求人 -まとめ
つくばセンター広場等のイベント情報／ つくば市 公式ウェブサイト,https://www.city.tsukuba.lg.jp/soshikikarasagasu/toshikeikakubugakuenchikushigaichishinkoka/gyomuannai/3/1/2/18890.html,,,,つくば市,つくば市 飲食店 SNS運用支援会社 -おすすめ -比較 -ランキング -求人 -まとめ
株式 会社 グリーンホワイト,https://www.greenw.co.jp/,,,,つくば市,つくば市 飲食店 SNS運用支援会社 -おすすめ -比較 -ランキング -求人 -まとめ
つくば 子ども 支援 ネット,https://www.tsukuba-kodomoshien.net/,,,,つくば市,つくば市 飲食店 SNS運用支援会社 -おすすめ -比較 -ランキング -求人 -まとめ
衆院選買収事件 SNS運用会社 代表らに有罪判決 東京地裁,https://www.nagoyatv.com/news/syakai.html?id=000522118,,,,つくば市,つくば市 飲食店 SNS運用支援会社 -おすすめ -比較 -ランキング -求人 -まとめ
WORKS,https://www.headroom.jp/works/,,,,つくば市,つくば市 美容室 Instagram運用代行 -おすすめ -比較 -ランキング -求人 -まとめ
BUZZgram,https://buzzgram.net/,,,,つくば市,つくば市 美容室 Instagram運用代行 -おすすめ -比較 -ランキング -求人 -まとめ
会社概要,https://hairmake-blossom.com/company/,,,,つくば市,つくば市 美容室 Instagram運用代行 -おすすめ -比較 -ランキング -求人 -まとめ
認定医療法人制度活用サポート,https://www.ht-hms.co.jp/casestudy/ichihara-hospital/,,,,つくば市,つくば市 クリニック SNS運用代行 -おすすめ -比較 -ランキング -求人 -まとめ
内科 クリニック 新規開業を茨城県 つくば市 で成功させるための準備 ...,https://b-leaf-clinic.com/column/detail/20260406232354/,,,,つくば市,つくば市 クリニック SNS運用代行 -おすすめ -比較 -ランキング -求人 -まとめ
導入実績,https://lp.ambii.com/testimonials,,,,つくば市,つくば市 クリニック SNS運用代行 -おすすめ -比較 -ランキング -求人 -まとめ
運営 会社,https://zero-tc.jp/company/,,,,つくば市,つくば市 不動産 SNSマーケティング会社 -おすすめ -比較 -ランキング -求人 -まとめ
第5回「阪急阪神 不動産 事業共創AWARD」にて優秀賞を受賞,https://palames.com/news/s0-qymqma-n,,,,つくば市,つくば市 不動産 SNSマーケティング会社 -おすすめ -比較 -ランキング -求人 -まとめ
ロベ つくば学習 会,https://npo-robe.org/gakusyukai/,,,,つくば市,つくば市 学習塾 SNS運用代行 -おすすめ -比較 -ランキング -求人 -まとめ
つくば市 行政組織規則,https://www1.g-reiki.net/tsukuba/reiki_honbun/e019RG00001114.html,,,,つくば市,つくば市 学習塾 SNS運用代行 -おすすめ -比較 -ランキング -求人 -まとめ
事業案内,https://sukusapo-kg.com/service/index.html,,,,つくば市,つくば市 学習塾 SNS運用代行 -おすすめ -比較 -ランキング -求人 -まとめ
柏市のソーシャルメディア,https://www.city.kashiwa.lg.jp/kohokocho/koho/tool/sns.html,,,,つくば市,つくば市 採用広報 SNS運用会社 -おすすめ -比較 -ランキング -求人 -まとめ
事業所・施設,https://www.jaxa.jp/about/centers/,,,,つくば市,つくば市 採用広報 SNS運用会社 -おすすめ -比較 -ランキング -求人 -まとめ
茨城・ つくば観光 大使の森本さんら、 SNS も使い魅力発信,https://kitakan-navi.jp/archives/54396,,,,つくば市,つくば市 観光プロモーション SNS会社 -おすすめ -比較 -ランキング -求人 -まとめ
1/29(水) 仙台戦 つくば市 PRデー！,https://www.ibarakirobots.win/news/20250127_01_event/,,,,つくば市,つくば市 観光プロモーション SNS会社 -おすすめ -比較 -ランキング -求人 -まとめ
地元が好きという一途な気持ちから魅力を世界へ発信,https://www.jwu.ac.jp/unv/jwu_times/2026_0330_02.html,,,,つくば市,つくば市 観光プロモーション SNS会社 -おすすめ -比較 -ランキング -求人 -まとめ
モトヤ株式会社,https://digimarl.com/attempt/detail/motoya/,,,,つくば市,つくば市 EC SNS運用代行 -おすすめ -比較 -ランキング -求人 -まとめ
イオンモール つくば ショッピングモールの防犯対策に ...,https://www.sanokiko.co.jp/works/aeonmall-tsukuba/,,,,つくば市,つくば市 EC SNS運用代行 -おすすめ -比較 -ランキング -求人 -まとめ
アプリコット株式会社(茨城県 つくば市 ),https://tgnr.jp/company/apricot/,,,,つくば市,つくば市 ホテル SNS運用代行 -おすすめ -比較 -ランキング -求人 -まとめ
パレス ホテル キャリアツアーを実施,https://dac.tsukuba.ac.jp/shien/20191209-1/,,,,つくば市,つくば市 ホテル SNS運用代行 -おすすめ -比較 -ランキング -求人 -まとめ
オープニングセッション「地方の暮らしと仕事 そして生き方」,https://co-en.space/co-working/26/,,,,つくば市,つくば市 店舗 Instagram集客支援 -おすすめ -比較 -ランキング -求人 -まとめ
SNS を活用した広報 支援 セミナー,https://www.tsukuba-cci.or.jp/files/snstirasi.pdf,,,,つくば市,つくば市 中小企業 SNS運用支援 -おすすめ -比較 -ランキング -求人 -まとめ
【ハイブリッド開催】 SNS マーケティングセミナー,https://www.jir-web.co.jp/seminar/detail/2026/20.html,,,,つくば市,つくば市 中小企業 SNS運用支援 -おすすめ -比較 -ランキング -求人 -まとめ
つくば スタートアップパークとスタートアップ・エコシステム,https://mygroove.city/articles/case_study/930863b4af70,,,,つくば市,つくば市 中小企業 SNS運用支援 -おすすめ -比較 -ランキング -求人 -まとめ
【開催レポート】 つくば市 の魅力を再発見！「Rethink Creator ...,https://c-m.co.jp/information/thinc-growth/2323/,,,,つくば市,つくば市 SNSコンテンツ制作会社 -おすすめ -比較 -ランキング -求人 -まとめ
【プレスリリース】ロゴスウェア、量産型 コンテンツ制作 代行 ...,https://www.logosware.com/press-102/,,,,つくば市,つくば市 SNSコンテンツ制作会社 -おすすめ -比較 -ランキング -求人 -まとめ
ディスカバー栃木,https://discover-tochigi.com/,,,,宇都宮市,宇都宮市 飲食店 SNS運用支援会社 -おすすめ -比較 -ランキング -求人 -まとめ
溝口みき,https://pochiplus.com/,,,,宇都宮市,宇都宮市 飲食店 SNS運用支援会社 -おすすめ -比較 -ランキング -求人 -まとめ
株式 会社 ソエノ,https://soeno-vision-forge.lovable.app/,,,,宇都宮市,宇都宮市 飲食店 SNS運用支援会社 -おすすめ -比較 -ランキング -求人 -まとめ
情報通信業,https://utsunomiya-sdgs-hpf.jp/gyoushu/jyouhou/,,,,宇都宮市,宇都宮市 飲食店 SNS運用支援会社 -おすすめ -比較 -ランキング -求人 -まとめ
飲食店 経営・メニュー開発,https://tochigi-yorozu.go.jp/insyoku/,,,,宇都宮市,宇都宮市 飲食店 SNS運用支援会社 -おすすめ -比較 -ランキング -求人 -まとめ
「宮っこを守り・育てる都市宣言」への賛同,https://www.city.utsunomiya.lg.jp/kosodate/kosodate/shien/1036714.html,,,,宇都宮市,宇都宮市 飲食店 SNS運用支援会社 -おすすめ -比較 -ランキング -求人 -まとめ
パソコン室リニューアル,https://www.tbc-u.ac.jp/news/92,,,,宇都宮市,宇都宮市 美容室 Instagram運用代行 -おすすめ -比較 -ランキング -求人 -まとめ
栃木県 宇都宮市 で非営利型一般社団法人で美容外科 クリニック の ...,https://kamiyugyousei.com/tochigi-prefecture-cosmetic-surgery-opened/,,,,宇都宮市,宇都宮市 クリニック SNS運用代行 -おすすめ -比較 -ランキング -求人 -まとめ
《栃木・ 宇都宮 で看板広告なら株式会社Amplan(アンプラン,https://amplan.jp/blog/i20230904162828/,,,,宇都宮市,宇都宮市 クリニック SNS運用代行 -おすすめ -比較 -ランキング -求人 -まとめ
栃木県 宇都宮市 の美容医療専門学校,https://www.nurse.tbc-u.ac.jp/reason/aesthetic-medicine-utsunomiya/,,,,宇都宮市,宇都宮市 クリニック SNS運用代行 -おすすめ -比較 -ランキング -求人 -まとめ
コンサルティング事業,https://gizumogu.com/consulting.php,,,,宇都宮市,宇都宮市 不動産 SNSマーケティング会社 -おすすめ -比較 -ランキング -求人 -まとめ
Rebronとは,https://www.rebron-rj.com/about,,,,宇都宮市,宇都宮市 不動産 SNSマーケティング会社 -おすすめ -比較 -ランキング -求人 -まとめ
デジタルハリウッドSTUDIO 宇都宮 2022年3月開校,https://www.dhw.co.jp/press-release/20211220_studio_utsunomiya/,,,,宇都宮市,宇都宮市 学習塾 SNS運用代行 -おすすめ -比較 -ランキング -求人 -まとめ
顧客を呼び込むチラシへバージョンアップ 生徒数も増えて合格へ導く!,https://yorozu.smrj.go.jp/support/tochigi_yubi-seminar/,,,,宇都宮市,宇都宮市 学習塾 SNS運用代行 -おすすめ -比較 -ランキング -求人 -まとめ
令和8（2026）年度女性・シニア人材活躍セミナー,https://www.pref.tochigi.lg.jp/f06/kouhou/kouhou/jilyoseikourei2026.html,,,,宇都宮市,宇都宮市 採用広報 SNS運用会社 -おすすめ -比較 -ランキング -求人 -まとめ
高瀬くるみ(BEYOOOOONDS) 宇都宮観光プロモーション PR大使に ...,https://helloproject.com/news/12492/,,,,宇都宮市,宇都宮市 観光プロモーション SNS会社 -おすすめ -比較 -ランキング -求人 -まとめ
【30〜40代 男女各1名】栃木県 観光プロモーション 動画出演者 募集！,https://cinepu.com/cast/zMXVtzpsUO/,,,,宇都宮市,宇都宮市 観光プロモーション SNS会社 -おすすめ -比較 -ランキング -求人 -まとめ
アミタス・SERVICE EC ・ホームページ制作・印刷・動画,https://amitas.work/service.html,,,,宇都宮市,宇都宮市 EC SNS運用代行 -おすすめ -比較 -ランキング -求人 -まとめ
ファミライズとは 現場に入り,https://anewinc.co.jp/goodcycle-fes/familize/,,,,宇都宮市,宇都宮市 EC SNS運用代行 -おすすめ -比較 -ランキング -求人 -まとめ
サービス,https://curiver.com/service/,,,,宇都宮市,宇都宮市 EC SNS運用代行 -おすすめ -比較 -ランキング -求人 -まとめ
WEBコンサルティングサポート,https://tetsukabiz.com/archives/category/service_examples_e,,,,宇都宮市,宇都宮市 EC SNS運用代行 -おすすめ -比較 -ランキング -求人 -まとめ
【Instagram】 SNS運用代行 の営業代行事例,https://kawai-shoji.com/work/afx/,,,,宇都宮市,宇都宮市 ホテル SNS運用代行 -おすすめ -比較 -ランキング -求人 -まとめ
J・BASE,https://www.tochigi-selp.jp/office/204,,,,宇都宮市,宇都宮市 ホテル SNS運用代行 -おすすめ -比較 -ランキング -求人 -まとめ
開催概要,https://www.u-agrinet.jp/uploads/files/000066/%E7%AC%AC%EF%BC%91%E5%9B%9E%E7%A0%94%E7%A9%B6%E4%BC%9A%E3%83%81%E3%83%A9%E3%82%B7%E5%8F%8A%E3%81%B2%E3%82%99%E5%8F%82%E5%8A%A0%E7%94%B3%E8%BE%BC%E6%9B%B8.pdf,,,,宇都宮市,宇都宮市 ホテル SNS運用代行 -おすすめ -比較 -ランキング -求人 -まとめ
みぶグリーン ホテル,https://tochigi-pref-sports-commission.com/hotel/h-2765/,,,,宇都宮市,宇都宮市 ホテル SNS運用代行 -おすすめ -比較 -ランキング -求人 -まとめ
運営委員紹介,https://utsunomiya-ventures.com/support,,,,宇都宮市,宇都宮市 中小企業 SNS運用支援 -おすすめ -比較 -ランキング -求人 -まとめ
OTHERS,https://mugi-td.com/service_category/others/,,,,宇都宮市,宇都宮市 SNSコンテンツ制作会社 -おすすめ -比較 -ランキング -求人 -まとめ
お問い合わせ,https://www.aid-design.jp/inquiry/entry.php,,,,宇都宮市,宇都宮市 SNSコンテンツ制作会社 -おすすめ -比較 -ランキング -求人 -まとめ
CLINIC Wの口コミ206件・評価4.4,https://tribeau.jp/clinics/4761,,,,高崎市,高崎市 クリニック SNS運用代行 -おすすめ -比較 -ランキング -求人 -まとめ
院長 小川 哲史 独立行政法人国立病院機構 高崎 総合医療 ...,https://www.pref.gunma.jp/uploaded/attachment/694190.pdf,,,,高崎市,高崎市 クリニック SNS運用代行 -おすすめ -比較 -ランキング -求人 -まとめ
【公式】MedicalCare POST（メディカルケアポスト ...,https://post.medicalcare-station.com/,,,,高崎市,高崎市 クリニック SNS運用代行 -おすすめ -比較 -ランキング -求人 -まとめ
地方美容 クリニック のサクセスストーリー ～苦境から毎月110%成長 ...,https://goldenhour.jp/seminar/%E5%9C%B0%E6%96%B9%E7%BE%8E%E5%AE%B9%E3%82%AF%E3%83%AA%E3%83%8B%E3%83%83%E3%82%AF%E3%81%AE%E3%82%B5%E3%82%AF%E3%82%BB%E3%82%B9%E3%82%B9%E3%83%88%E3%83%BC%E3%83%AA%E3%83%BC-%EF%BD%9E%E8%8B%A6%E5%A2%83/,,,,高崎市,高崎市 クリニック SNS運用代行 -おすすめ -比較 -ランキング -求人 -まとめ
シンガポールのトップ女優 高崎 PR大使ジネット・アウさん ...,https://www.city.takasaki.gunma.jp/uploaded/attachment/5169.pdf,,,,高崎市,高崎市 クリニック SNS運用代行 -おすすめ -比較 -ランキング -求人 -まとめ
デジタルマーケティング支援,https://kaoiri.co.jp/digital-marketing/,,,,高崎市,高崎市 クリニック SNS運用代行 -おすすめ -比較 -ランキング -求人 -まとめ
WESTRAT'Sの山本憲慶さんにインタビュー,https://www.hirakata-kassei.jp/blog/2026/07/90151/,,,,高崎市,高崎市 美容室 Instagram運用代行 -おすすめ -比較 -ランキング -求人 -まとめ
兵庫県 浜の宮駅 完全マンツーマンの 美容 師スタイリスト 採用サイト,https://clients.itszai.jp/4e4467794d413d3d/job/32?ref=true,,,,高崎市,高崎市 美容室 Instagram運用代行 -おすすめ -比較 -ランキング -求人 -まとめ
美容 ・グルーミング・介護・医療と活用方法は無限大です。,https://latee-spa.com/latee-spa/introduce/,,,,高崎市,高崎市 美容室 Instagram運用代行 -おすすめ -比較 -ランキング -求人 -まとめ
プロダンスチーム M&A SOUKEN QUANTS、「第一生命 D.LEAGUE ...,https://masouken.com/news_releases/1653,,,,高崎市,高崎市 美容室 Instagram運用代行 -おすすめ -比較 -ランキング -求人 -まとめ
塾・予備校・学校の生徒募集サポートならウカルメ,https://corp.ukaru.me/marketingservice/,,,,高崎市,高崎市 学習塾 SNS運用代行 -おすすめ -比較 -ランキング -求人 -まとめ
キッズスペース それいゆ: 高崎市 の民間学童・ 学習 支援 ...,https://kids-soreiyu.com/,,,,高崎市,高崎市 学習塾 SNS運用代行 -おすすめ -比較 -ランキング -求人 -まとめ
投資物件詳細 (群馬県 高崎市 一棟アパート),https://fudosan.cbiz.ne.jp/detailPage/sale/62342/10790763/62342/?fr=l&sns=0&log=on&cht=off,,,,高崎市,高崎市 不動産 SNSマーケティング会社 -おすすめ -比較 -ランキング -求人 -まとめ
家を売る – 高崎市 分譲 一戸建て 不動産会社,https://www.43-house.com/sell/,,,,高崎市,高崎市 不動産 SNSマーケティング会社 -おすすめ -比較 -ランキング -求人 -まとめ
株式 会社 アーナーズ,https://arners.co.jp/,,,,高崎市,高崎市 不動産 SNSマーケティング会社 -おすすめ -比較 -ランキング -求人 -まとめ
制作実績,https://idea-ep.com/hp-creation/works/,,,,高崎市,高崎市 採用広報 SNS運用会社 -おすすめ -比較 -ランキング -求人 -まとめ
越谷市役所Z係メンバー向け SNS 講座を埼玉東萌美容専門学校で実施 ...,https://sheepluck.com/sns-course-saitama-koshigaya/,,,,高崎市,高崎市 採用広報 SNS運用会社 -おすすめ -比較 -ランキング -求人 -まとめ
一般社団法人 高崎観光 協会様インタビュー 市民や 観光 客の生きた ...,https://tabiato.co.jp/biz/interview-takasakikanko/,,,,高崎市,高崎市 観光プロモーション SNS会社 -おすすめ -比較 -ランキング -求人 -まとめ
インスタ利用し魅力的な 高崎 発信,http://www.takasakiweb.jp/news_cat/8483/,,,,高崎市,高崎市 観光プロモーション SNS会社 -おすすめ -比較 -ランキング -求人 -まとめ
みどり市 シティ プロモーション 映像制作,https://marksbranding.com/works/midori-promo/,,,,高崎市,高崎市 観光プロモーション SNS会社 -おすすめ -比較 -ランキング -求人 -まとめ
Webサービス開発,https://csm-it.co.jp/services/web_development/,,,,高崎市,高崎市 EC SNS運用代行 -おすすめ -比較 -ランキング -求人 -まとめ
オンラインショップ作成・ 運用代行,https://www.d-ic.com/service/e-commerce,,,,高崎市,高崎市 EC SNS運用代行 -おすすめ -比較 -ランキング -求人 -まとめ
経営サポート事業部,https://sunrisecorporation.net/service/keieisupport/,,,,高崎市,高崎市 EC SNS運用代行 -おすすめ -比較 -ランキング -求人 -まとめ
群馬・ 高崎 のWEB制作・映像制作・デザイン会社,https://n-suppo.com/,,,,高崎市,高崎市 EC SNS運用代行 -おすすめ -比較 -ランキング -求人 -まとめ
事業内容,https://frjpn.com/business/,,,,高崎市,高崎市 ホテル SNS運用代行 -おすすめ -比較 -ランキング -求人 -まとめ
宿泊協力 ホテル,https://square.umin.ac.jp/jsfp2025/accommodation.html,,,,高崎市,高崎市 ホテル SNS運用代行 -おすすめ -比較 -ランキング -求人 -まとめ
第21回,https://www.sogo-unicom.co.jp/lhnet/hh/HH21.html,,,,高崎市,高崎市 ホテル SNS運用代行 -おすすめ -比較 -ランキング -求人 -まとめ
Privacy Policy プライバシーポリシー,https://ks-hotel.com/privacy/,,,,高崎市,高崎市 ホテル SNS運用代行 -おすすめ -比較 -ランキング -求人 -まとめ
高崎市 新町商工会 生成AI活用セミナー,http://www.shinmachi.or.jp/menu/tool/seminar2024-ura.pdf,,,,高崎市,高崎市 店舗 Instagram集客支援 -おすすめ -比較 -ランキング -求人 -まとめ
高崎市 群馬商工会,https://gtakasaki-sci.or.jp/,,,,高崎市,高崎市 店舗 Instagram集客支援 -おすすめ -比較 -ランキング -求人 -まとめ
お客様の声,https://www.shiinoki.or.jp/voice,,,,高崎市,高崎市 店舗 Instagram集客支援 -おすすめ -比較 -ランキング -求人 -まとめ
Ⅲ 中小企業 ・小規模事業者 支援 策（令和6年度版）,https://jsite.mhlw.go.jp/gunma-roudoukyoku/content/contents/001896427.pdf,,,,高崎市,高崎市 中小企業 SNS運用支援 -おすすめ -比較 -ランキング -求人 -まとめ
市民経済,http://tomioka-kenji.com/pdf/achievement.pdf?v=20230315,,,,高崎市,高崎市 中小企業 SNS運用支援 -おすすめ -比較 -ランキング -求人 -まとめ
SNS マーケティング,https://alsis.co.jp/service/marketing/sns-marketing/,,,,高崎市,高崎市 SNSコンテンツ制作会社 -おすすめ -比較 -ランキング -求人 -まとめ
北海亭 前橋 本店,https://hokkaitei.com/pages/40/,,,,前橋市,前橋市 飲食店 SNS運用支援会社 -おすすめ -比較 -ランキング -求人 -まとめ
月最高店販売上・約100万円！顧客のホームケア使用率・約75 ...,https://hairmode.jp/hairbeauty/mm49752/,,,,前橋市,前橋市 美容室 Instagram運用代行 -おすすめ -比較 -ランキング -求人 -まとめ
経営者のお金の管理と 運用 方法,https://maebashi-cci.or.jp/dl/ito_2022.02.pdf,,,,前橋市,前橋市 美容室 Instagram運用代行 -おすすめ -比較 -ランキング -求人 -まとめ
地域医療連携,https://www.cvc.pref.gunma.jp/collabo_room/,,,,前橋市,前橋市 クリニック SNS運用代行 -おすすめ -比較 -ランキング -求人 -まとめ
SNS /デジタル マーケティング 事業,https://t2c-inc.com/service/sns/,,,,前橋市,前橋市 不動産 SNSマーケティング会社 -おすすめ -比較 -ランキング -求人 -まとめ
WEBビジネス学科,https://iitc.ac.jp/webbusiness/,,,,前橋市,前橋市 不動産 SNSマーケティング会社 -おすすめ -比較 -ランキング -求人 -まとめ
群馬の空室・放置物件のお悩み早期解決！満室への執念,https://fujiism.co.jp/sokumanshitsu,,,,前橋市,前橋市 不動産 SNSマーケティング会社 -おすすめ -比較 -ランキング -求人 -まとめ
ノガン株式 会社,https://creatorsdatabase.acy.yafjp.org/993,,,,前橋市,前橋市 不動産 SNSマーケティング会社 -おすすめ -比較 -ランキング -求人 -まとめ
【利用登録者活動紹介】特定非営利活動法人 維新隊ユネスコクラブ,https://maebashi-shiminkatsudo.jp/c-msapo/%E3%80%90%E5%88%A9%E7%94%A8%E7%99%BB%E9%8C%B2%E8%80%85%E6%B4%BB%E5%8B%95%E7%B4%B9%E4%BB%8B%E3%80%91%E7%89%B9%E5%AE%9A%E9%9D%9E%E5%96%B6%E5%88%A9%E6%B4%BB%E5%8B%95%E6%B3%95%E4%BA%BA%E3%80%80%E7%B6%AD/.html,,,,前橋市,前橋市 学習塾 SNS運用代行 -おすすめ -比較 -ランキング -求人 -まとめ
前橋市 は不登校児童生徒に対する支援をより充実します 学校,https://www.city.maebashi.gunma.jp/material/files/group/96/R8futoukoushien2.pdf,,,,前橋市,前橋市 学習塾 SNS運用代行 -おすすめ -比較 -ランキング -求人 -まとめ
前橋 本部校,https://usuigakuen.co.jp/schools/maebashihonbu/,,,,前橋市,前橋市 学習塾 SNS運用代行 -おすすめ -比較 -ランキング -求人 -まとめ
前橋市 の個別指導塾、完全個別前橋中央ゼミは、特性に合わせ,https://c-semi.com/seminar/maebashi-chuo/,,,,前橋市,前橋市 学習塾 SNS運用代行 -おすすめ -比較 -ランキング -求人 -まとめ
県内のフリースクール等,https://center.gsn.ed.jp/sodan/kyoikusien/page_20251113002203,,,,前橋市,前橋市 学習塾 SNS運用代行 -おすすめ -比較 -ランキング -求人 -まとめ
経済団体、民間企業等の皆様へ,https://www.jinji.go.jp/rinri/kokumin.html,,,,前橋市,前橋市 採用広報 SNS運用会社 -おすすめ -比較 -ランキング -求人 -まとめ
令和4年度 事業計画,https://www.maebashi-cvb.com/image/resource/Document/document/153,,,,前橋市,前橋市 観光プロモーション SNS会社 -おすすめ -比較 -ランキング -求人 -まとめ
TikTok、群馬県 前橋市 と連携のもと、シティ プロモーション ...,https://www.jt-tsushin.jp/articles/case/platform-tiktok-20240415,,,,前橋市,前橋市 観光プロモーション SNS会社 -おすすめ -比較 -ランキング -求人 -まとめ
平成 31 年度 公益社団法人姫路 観光 コンベンションビューロー事業 ...,https://himeji-kanko.jp/pdf/bureau/r01-keikaku.pdf,,,,前橋市,前橋市 観光プロモーション SNS会社 -おすすめ -比較 -ランキング -求人 -まとめ
アクセス,https://www.luka.co.jp/access/,,,,前橋市,前橋市 ホテル SNS運用代行 -おすすめ -比較 -ランキング -求人 -まとめ
ホテル 1-2-3 前橋 マーキュリーの天気,https://tenki.jp/leisure/3/13/63/179149/,,,,前橋市,前橋市 ホテル SNS運用代行 -おすすめ -比較 -ランキング -求人 -まとめ
白井屋 ホテル 食の饗宴 群馬の『ゴ・エ・ミヨ』5年連続掲載店が贈る ...,https://travelspot.jp/839508/,,,,前橋市,前橋市 ホテル SNS運用代行 -おすすめ -比較 -ランキング -求人 -まとめ
専門家派遣 – ページ 4,https://www.gcis.or.jp/expert/page/4/,,,,前橋市,前橋市 店舗 Instagram集客支援 -おすすめ -比較 -ランキング -求人 -まとめ
前橋中小企業 労務協会の詳細情報,https://soudan.askpro.co.jp/detail/O10910175,,,,前橋市,前橋市 中小企業 SNS運用支援 -おすすめ -比較 -ランキング -求人 -まとめ
写真・映像撮影,https://teta-s.co.jp/video-product/,,,,前橋市,前橋市 SNSコンテンツ制作会社 -おすすめ -比較 -ランキング -求人 -まとめ
カフェの SNS運用 とMEO連動によるビジュアル集客,https://www.cypress-all.co.jp/cases/cafe-sns-meo-saitama,,,,さいたま市,さいたま市 飲食店 SNS運用支援会社 -おすすめ -比較 -ランキング -求人 -まとめ
SNS運用 ポリシー,https://chocotabi-saitama.jp/business/snsprivacy/,,,,さいたま市,さいたま市 飲食店 SNS運用支援会社 -おすすめ -比較 -ランキング -求人 -まとめ
SNS運用 方針,https://www.fukushi-saitama.or.jp/site/content_5.html,,,,さいたま市,さいたま市 飲食店 SNS運用支援会社 -おすすめ -比較 -ランキング -求人 -まとめ
MetaGate株式 会社 の共創プロフィール,https://auba.eiicon.net/projects/33729,,,,さいたま市,さいたま市 飲食店 SNS運用支援会社 -おすすめ -比較 -ランキング -求人 -まとめ
埼玉 県戸田市でホームページ制作・Web集客 支援 ・EC運営 支援 を ...,https://madeinlocal.jp/area/saitama/companies/news/042,,,,さいたま市,さいたま市 飲食店 SNS運用支援会社 -おすすめ -比較 -ランキング -求人 -まとめ
recruit,http://hairsalon-wa-do.net/recruit.html,,,,さいたま市,さいたま市 美容室 Instagram運用代行 -おすすめ -比較 -ランキング -求人 -まとめ
【事例あり】チラシ集客で 美容室 の売上をアップさせる方法,https://aoisouken.co.jp/lp/biyoushitsu-marketing/,,,,さいたま市,さいたま市 美容室 Instagram運用代行 -おすすめ -比較 -ランキング -求人 -まとめ
【キレイごとゼロ】ひとり 美容室 の経営学！売上100万円をキープし ...,https://haircamp.jp/magazines/hoshie_etru_260526,,,,さいたま市,さいたま市 美容室 Instagram運用代行 -おすすめ -比較 -ランキング -求人 -まとめ
訪問診療,https://okpwithlife.kouaikai.jp/visitation/,,,,さいたま市,さいたま市 クリニック SNS運用代行 -おすすめ -比較 -ランキング -求人 -まとめ
様式,https://opendata.pref.saitama.lg.jp/resource_download/4363,,,,さいたま市,さいたま市 クリニック SNS運用代行 -おすすめ -比較 -ランキング -求人 -まとめ
スポーツ クリニック (2025) – さいたま マラソン【公式】,https://saitama-marathon.jp/sports-clinic-2025/,,,,さいたま市,さいたま市 クリニック SNS運用代行 -おすすめ -比較 -ランキング -求人 -まとめ
当院について,https://joypetclinic.com/about/,,,,さいたま市,さいたま市 クリニック SNS運用代行 -おすすめ -比較 -ランキング -求人 -まとめ
英語対応で幅広くサポート,https://kashiwazaki-dr.jp/obstetrics_and_gynecology/lp6/,,,,さいたま市,さいたま市 クリニック SNS運用代行 -おすすめ -比較 -ランキング -求人 -まとめ
私たちのこと,https://www.ikiikinoie-saitama.com/about-us/,,,,さいたま市,さいたま市 クリニック SNS運用代行 -おすすめ -比較 -ランキング -求人 -まとめ
オーナーズLAB株式 会社 の企業情報,https://mktroots.com/c/4140003006828.html,,,,さいたま市,さいたま市 不動産 SNSマーケティング会社 -おすすめ -比較 -ランキング -求人 -まとめ
SNS 活用課題一挙解決 セミナー,https://www.saitamakeikyo.or.jp/file/5063,,,,さいたま市,さいたま市 不動産 SNSマーケティング会社 -おすすめ -比較 -ランキング -求人 -まとめ
SMART FUND30号（埼玉県 さいたま市 緑区Ⅰ・愛知県稲沢市石橋Ⅰ）,https://tson-funding.jp/projects/smart30,,,,さいたま市,さいたま市 不動産 SNSマーケティング会社 -おすすめ -比較 -ランキング -求人 -まとめ
まるこう カレッジフェスタ・フォーラム 2024,https://saitama-life.com/college-house/%E3%81%BE%E3%82%8B%E3%81%93%E3%81%86%E3%83%BB%E3%82%AB%E3%83%AC%E3%83%83%E3%82%B8%E3%83%95%E3%82%A7%E3%82%B9%E3%82%BF%E3%83%BB2024/,,,,さいたま市,さいたま市 不動産 SNSマーケティング会社 -おすすめ -比較 -ランキング -求人 -まとめ
英才個別学院 埼大通り校の教室詳細,https://www.eisai.org/saidaitori/,,,,さいたま市,さいたま市 学習塾 SNS運用代行 -おすすめ -比較 -ランキング -求人 -まとめ
さいたま市 チャレンジスクール運営支援業務仕様書,https://www.city.saitama.lg.jp/005/001/017/012/p126908_d/fil/siyousho.pdf,,,,さいたま市,さいたま市 学習塾 SNS運用代行 -おすすめ -比較 -ランキング -求人 -まとめ
共助の取組マッチング 専門家ボランティアリスト（団体）,https://kyojo.saitamaken-npo.net/specialist/docs/250522_dantai_1.pdf,,,,さいたま市,さいたま市 学習塾 SNS運用代行 -おすすめ -比較 -ランキング -求人 -まとめ
【2026】 埼玉 の塾講師が教える！中学・高校入試直前の ...,https://arift.jp/select/17758/,,,,さいたま市,さいたま市 学習塾 SNS運用代行 -おすすめ -比較 -ランキング -求人 -まとめ
【募集終了】令和7年度 埼玉 移住広告・ SNS プロモーション業務 企画 ...,https://www.pref.saitama.lg.jp/a0106/r7promotion/r7promotion.html,,,,さいたま市,さいたま市 採用広報 SNS運用会社 -おすすめ -比較 -ランキング -求人 -まとめ
ソーシャルメディアポリシー,https://kanto-t.jp/aboutus/socialmediapolicy/,,,,さいたま市,さいたま市 採用広報 SNS運用会社 -おすすめ -比較 -ランキング -求人 -まとめ
デジタルマーケティングプランナー,https://www.anrakutei.co.jp/bosyu/career/job_kind?cd=149,,,,さいたま市,さいたま市 採用広報 SNS運用会社 -おすすめ -比較 -ランキング -求人 -まとめ
埼玉 県女性キャリアセンター 就職支援セミナー（オンライン開催）,https://www.city.misato.lg.jp/soshiki/chiikishinko/shokokanko/shokoinfo/9691.html,,,,さいたま市,さいたま市 採用広報 SNS運用会社 -おすすめ -比較 -ランキング -求人 -まとめ
PRESS RELEASE 公益社団法人 さいたま観光 国際協会,https://stib.jp/pdf/prpdf30/pr30_016.pdf,,,,さいたま市,さいたま市 観光プロモーション SNS会社 -おすすめ -比較 -ランキング -求人 -まとめ
個店・商店街の“いま知りたい”を学べる講座「個店のブランドづくり ...,https://visitsaitamacity.jp/event_bank/92,,,,さいたま市,さいたま市 観光プロモーション SNS会社 -おすすめ -比較 -ランキング -求人 -まとめ
『LOVE SAITAMAサポーター』 観光 モニターツアー参加者 ...,https://www.saitama-u.ac.jp/news_archives/old/20150918-3.pdf,,,,さいたま市,さいたま市 観光プロモーション SNS会社 -おすすめ -比較 -ランキング -求人 -まとめ
トゥエルブ 埼玉 県近郊企業様の強い味方 Webサイト更新・ SNS 更新 ...,https://twelveinc.co.jp/,,,,さいたま市,さいたま市 EC SNS運用代行 -おすすめ -比較 -ランキング -求人 -まとめ
SNS で拡げるビジネスの可能性,https://shibusawa-mix.pref.saitama.lg.jp/event/event20250710/,,,,さいたま市,さいたま市 EC SNS運用代行 -おすすめ -比較 -ランキング -求人 -まとめ
集客サポート,https://www.makotomi.jp/genre/attracting/,,,,さいたま市,さいたま市 ホテル SNS運用代行 -おすすめ -比較 -ランキング -求人 -まとめ
プライバシーポリシー,https://www.3rdplace-hotel.jp/policy.html,,,,さいたま市,さいたま市 ホテル SNS運用代行 -おすすめ -比較 -ランキング -求人 -まとめ
中部 ホテル ・旅館業界 IT&リノベーション展示商談会,https://www.tap-ic.co.jp/event/seminar/pdf/seminar_20160615.pdf,,,,さいたま市,さいたま市 ホテル SNS運用代行 -おすすめ -比較 -ランキング -求人 -まとめ
行政機関・団体等取引実績,https://camel3.com/cms/files/aap/kanri/1100/4B9CLZQr.pdf,,,,さいたま市,さいたま市 ホテル SNS運用代行 -おすすめ -比較 -ランキング -求人 -まとめ
商業・サービス産業事業者向け！ Instagram 活用セミナー 主催： 埼玉 ...,https://www.warabicci.org/r7dxsemina_sns/,,,,さいたま市,さいたま市 店舗 Instagram集客支援 -おすすめ -比較 -ランキング -求人 -まとめ
独自ノウハウ公開！ Instagram 運用の極意,https://dx-insight.com/document/%E7%8B%AC%E8%87%AA%E3%83%8E%E3%82%A6%E3%83%8F%E3%82%A6%E5%85%AC%E9%96%8B%EF%BC%81instagram%E9%81%8B%E7%94%A8%E3%81%AE%E6%A5%B5%E6%84%8F/,,,,さいたま市,さいたま市 店舗 Instagram集客支援 -おすすめ -比較 -ランキング -求人 -まとめ
ソーシャルメディア 運用 方針,https://www.sozo-saitama.or.jp/sns-policy/,,,,さいたま市,さいたま市 中小企業 SNS運用支援 -おすすめ -比較 -ランキング -求人 -まとめ
顧客管理システムの導入で会員情報を迅速に処理、ユーチューブや ...,https://www.saitamadx.com/case/6736/,,,,さいたま市,さいたま市 中小企業 SNS運用支援 -おすすめ -比較 -ランキング -求人 -まとめ
埼玉 県 中小企業 診断協会,https://sai-smeca.com/,,,,さいたま市,さいたま市 中小企業 SNS運用支援 -おすすめ -比較 -ランキング -求人 -まとめ
【YouTube配信、動画 コンテンツ制作 、eラーニング教材作成用 ...,https://saitama.pandastudio.tv/?page_id=2,,,,さいたま市,さいたま市 SNSコンテンツ制作会社 -おすすめ -比較 -ランキング -求人 -まとめ
SNS 動画 制作,https://inoshishi.net/movie-create/,,,,さいたま市,さいたま市 SNSコンテンツ制作会社 -おすすめ -比較 -ランキング -求人 -まとめ
フォトライター／ コンテンツ 企画 制作,https://sotozuke.co.jp/writing_photographer_contents/,,,,さいたま市,さいたま市 SNSコンテンツ制作会社 -おすすめ -比較 -ランキング -求人 -まとめ
気象科学館 展示映像・情報 コンテンツ制作,https://www.studio-net.co.jp/record/,,,,さいたま市,さいたま市 SNSコンテンツ制作会社 -おすすめ -比較 -ランキング -求人 -まとめ
川越市 のホームページ制作【個人事業主】たぴデザイン事務所,https://tapi-hanno.com/kawagoe,,,,川越市,川越市 飲食店 SNS運用支援会社 -おすすめ -比較 -ランキング -求人 -まとめ
すべての『食べて』を食べ手につなぐフードシェアリングサービス,https://www.independents.jp/article/2045,,,,川越市,川越市 飲食店 SNS運用支援会社 -おすすめ -比較 -ランキング -求人 -まとめ
導入事例 株式 会社 ポジティブドリームパーソンズ,https://www.ebica.jp/casestudy/positive-dream-persons/,,,,川越市,川越市 飲食店 SNS運用支援会社 -おすすめ -比較 -ランキング -求人 -まとめ
上尾市、 川越市 内のベルーナ パート・アルバイト・中途採用情報,"https://belluna-arbeit.net/jobfind-pc/area/Kanto/Saitama/11219,11201?jobtype=00022%2C00084%2C00081%2C00075%2C00087%2C00025%2C00021%2C00029",,,,川越市,川越市 飲食店 SNS運用支援会社 -おすすめ -比較 -ランキング -求人 -まとめ
事業内容,https://best-food.co.jp/service/,,,,川越市,川越市 飲食店 SNS運用支援会社 -おすすめ -比較 -ランキング -求人 -まとめ
美容室 ・ 美容院 のPOSレジ・セルフレジ・電子カルテ Salon de Net ...,http://www.salondenet.tokyo/,,,,川越市,川越市 美容室 Instagram運用代行 -おすすめ -比較 -ランキング -求人 -まとめ
スタッフ紹介,https://www.aiwahospital.or.jp/about/staff/,,,,川越市,川越市 クリニック SNS運用代行 -おすすめ -比較 -ランキング -求人 -まとめ
医療法人社団スマイル＆ファイン いしがみ整形外科 クリニック,https://jws-japan.or.jp/whitecareer/white_company/9197,,,,川越市,川越市 クリニック SNS運用代行 -おすすめ -比較 -ランキング -求人 -まとめ
Webコンサルティング営業（経験者）の採用情報,https://recruit-fullspeed.com/career/consulting-sales-experienced/,,,,川越市,川越市 クリニック SNS運用代行 -おすすめ -比較 -ランキング -求人 -まとめ
埼玉/ 川越 の 不動産 コンサルティング,http://no-vus.readymade.jp/,,,,川越市,川越市 不動産 SNSマーケティング会社 -おすすめ -比較 -ランキング -求人 -まとめ
埼玉県 プライバシーポリシー,https://www.yamada-realestate-kawagoe.com/company/privacy_policy,,,,川越市,川越市 不動産 SNSマーケティング会社 -おすすめ -比較 -ランキング -求人 -まとめ
先輩社員の声,https://www.axidea.co.jp/recruit/voice/interview-2025-nh/,,,,川越市,川越市 不動産 SNSマーケティング会社 -おすすめ -比較 -ランキング -求人 -まとめ
市職員を募集します,https://www.city.kawagoe.saitama.jp/_res/projects/default_project/_page_/001/017/619/1520_08-16.pdf,,,,川越市,川越市 採用広報 SNS運用会社 -おすすめ -比較 -ランキング -求人 -まとめ
川越市 社会福祉協議会 公式X アカウント 運用 ポリシー,https://kawagoeshi-syakyo-or.jp/pdf/policy/policy_x.pdf,,,,川越市,川越市 採用広報 SNS運用会社 -おすすめ -比較 -ランキング -求人 -まとめ
SNS運用 ポリシー,https://makino-reha.jp/sns-policy/,,,,川越市,川越市 採用広報 SNS運用会社 -おすすめ -比較 -ランキング -求人 -まとめ
「giftee for Business」が令和7年度に実施される全国4自治体の ...,https://giftee.co.jp/press/news/pressrelease20251222/,,,,川越市,川越市 採用広報 SNS運用会社 -おすすめ -比較 -ランキング -求人 -まとめ
教室の参加について,https://www.cheerupsaitama.org/%E5%AD%A6%E7%BF%92%E6%94%AF%E6%8F%B4%E6%95%99%E5%AE%A4%E3%81%AB%E3%81%A4%E3%81%84%E3%81%A6/%E6%95%99%E5%AE%A4%E3%81%AE%E5%8F%82%E5%8A%A0%E3%81%AB%E3%81%A4%E3%81%84%E3%81%A6/,,,,川越市,川越市 学習塾 SNS運用代行 -おすすめ -比較 -ランキング -求人 -まとめ
大津 楓(株式会社MAPLE)の提供サービス・依頼価格・実績,https://probel.jp/pro/p/561/,,,,川越市,川越市 学習塾 SNS運用代行 -おすすめ -比較 -ランキング -求人 -まとめ
令和6年度小江戸川越 観光 協会 事業計画,https://koedo.or.jp/wp-content/uploads/457b8895a8c19488b1837802d6b51b5a.pdf,,,,川越市,川越市 観光プロモーション SNS会社 -おすすめ -比較 -ランキング -求人 -まとめ
観光 について考える テーマパークとして読み解く町並み保存 観光 地,https://yumenavi.info/vue/lecture.html?gnkcd=g013160,,,,川越市,川越市 観光プロモーション SNS会社 -おすすめ -比較 -ランキング -求人 -まとめ
川越市 のホームページ制作・対面で相談できる安心の伴走型サポート,https://www.harenohidesign.website/kawagoe-homepage/,,,,川越市,川越市 EC SNS運用代行 -おすすめ -比較 -ランキング -求人 -まとめ
"Create One, Inc. 川越 のデジタル・アナログ広告の会社、株式会社 ...",https://www.createone.info/,,,,川越市,川越市 EC SNS運用代行 -おすすめ -比較 -ランキング -求人 -まとめ
SNS マーケティング,https://www.it-shindanshi.com/service/sns/,,,,川越市,川越市 EC SNS運用代行 -おすすめ -比較 -ランキング -求人 -まとめ
部署案内,https://www.aihiro.com/recruitment2027/aboutwork/,,,,川越市,川越市 EC SNS運用代行 -おすすめ -比較 -ランキング -求人 -まとめ
埼玉県で EC ・ネットショップに強い制作会社 5社,https://c-ree.com/partners/feature/ec/saitama,,,,川越市,川越市 EC SNS運用代行 -おすすめ -比較 -ランキング -求人 -まとめ
SOPRA 川越 店（ペット ホテル ）,https://petlife.asia/hotel/3277/,,,,川越市,川越市 ホテル SNS運用代行 -おすすめ -比較 -ランキング -求人 -まとめ
【1日1組限定の貸切り宿】WE HOME STAY 川越 ・的場(公式),https://wehome-stay.com/kawagoematoba/access/,,,,川越市,川越市 ホテル SNS運用代行 -おすすめ -比較 -ランキング -求人 -まとめ
参画事業者募集開始！ 歴史的建造物利活用事業者育成プログラムin ...,https://enjoyworks.jp/news/9847/,,,,川越市,川越市 ホテル SNS運用代行 -おすすめ -比較 -ランキング -求人 -まとめ
泊まれるリラクゼーションサロンゆきき,https://yu-kiki.com/,,,,川越市,川越市 ホテル SNS運用代行 -おすすめ -比較 -ランキング -求人 -まとめ
＼ご相談者様紹介／ 川越市 の本格ボディケア・リラクゼーション ...,https://saya-biz.jp/2025/11/18/20251118/,,,,川越市,川越市 店舗 Instagram集客支援 -おすすめ -比較 -ランキング -求人 -まとめ
蕎麦切り ちょんまげ,https://www.jfc.go.jp/n/finance/sougyou/case/detail.html?id=193,,,,川越市,川越市 店舗 Instagram集客支援 -おすすめ -比較 -ランキング -求人 -まとめ
触れて、 学んで,https://dx-expo.pref.saitama.lg.jp/pdf/dx-kawagoe.pdf,,,,川越市,川越市 中小企業 SNS運用支援 -おすすめ -比較 -ランキング -求人 -まとめ
社会福祉法人埼玉県社会福祉協議会 SNS運用 方針,https://jinzai.fukushi-saitama.or.jp/kanri/download.php?file=about.6.6.pdf&org=%E7%9C%8C%E7%A4%BE%E5%8D%94SNS%E9%81%8B%E7%94%A8%E6%96%B9%E9%87%9D.pdf,,,,川越市,川越市 中小企業 SNS運用支援 -おすすめ -比較 -ランキング -求人 -まとめ
会員 企業,https://www.kawagoehoujinkai.or.jp/members/,,,,川越市,川越市 中小企業 SNS運用支援 -おすすめ -比較 -ランキング -求人 -まとめ
お問い合わせ,https://www.pocket-graph.com/contact,,,,川越市,川越市 SNSコンテンツ制作会社 -おすすめ -比較 -ランキング -求人 -まとめ
会社 概要,https://kawagoe.exstudio.jp/about/,,,,川越市,川越市 SNSコンテンツ制作会社 -おすすめ -比較 -ランキング -求人 -まとめ
COMPANY,https://relightstudio.jp/company/,,,,川越市,川越市 SNSコンテンツ制作会社 -おすすめ -比較 -ランキング -求人 -まとめ
令和6年度 越 谷 市 ビジネスパワーアップ補助金 活用事例集,https://www.city.koshigaya.saitama.jp/kurashi_shisei/jigyosha/shienyushi/hojokin/files/r6bpzireisyu.pdf,,,,越谷市,越谷市 飲食店 SNS運用支援会社 -おすすめ -比較 -ランキング -求人 -まとめ
越谷市 会社 法人設立 許認可更新 申請 行政書士江口法務事務所,https://www.gyousei-koshigaya.com/,,,,越谷市,越谷市 飲食店 SNS運用支援会社 -おすすめ -比較 -ランキング -求人 -まとめ
好きになったまちにキャンプ場を開設 地域とのつながりを大切にし ...,https://miraichallenge-koshigaya.com/%E5%A5%BD%E3%81%8D%E3%81%AB%E3%81%AA%E3%81%A3%E3%81%9F%E3%81%BE%E3%81%A1%E3%81%AB%E3%82%AD%E3%83%A3%E3%83%B3%E3%83%97%E5%A0%B4%E3%82%92%E9%96%8B%E8%A8%AD%E3%80%80%E5%9C%B0%E5%9F%9F%E3%81%A8%E3%81%AE/,,,,越谷市,越谷市 飲食店 SNS運用支援会社 -おすすめ -比較 -ランキング -求人 -まとめ
埼玉県 越谷市 のホームページ制作・SEO対策ならYukiWebPartner ...,https://yukiwebpartner.com/,,,,越谷市,越谷市 クリニック SNS運用代行 -おすすめ -比較 -ランキング -求人 -まとめ
理事長 西田 雄介,https://gyoukei1080.com/doctor_profile/71,,,,越谷市,越谷市 クリニック SNS運用代行 -おすすめ -比較 -ランキング -求人 -まとめ
私たちのこと,https://www.ikiiki-koshigaya.com/about-us/,,,,越谷市,越谷市 クリニック SNS運用代行 -おすすめ -比較 -ランキング -求人 -まとめ
湖街メディカルホーム,https://sonodakai.jp/meisho/facility/komachi/,,,,越谷市,越谷市 クリニック SNS運用代行 -おすすめ -比較 -ランキング -求人 -まとめ
経営の悩み 寄り添います!,https://saitama-yorozu.go.jp/wp-content/uploads/2025/11/yorozu_pamphlet_202511.pdf,,,,越谷市,越谷市 不動産 SNSマーケティング会社 -おすすめ -比較 -ランキング -求人 -まとめ
今抱えている業務について,https://www.motoyama-fudosan.com/presidentblog/%E4%BB%8A%E5%BE%8C%E3%81%AE%E5%96%B6%E6%A5%AD%E6%96%B9%E9%87%9D%E3%81%AB%E3%81%A4%E3%81%84%E3%81%A6/,,,,越谷市,越谷市 不動産 SNSマーケティング会社 -おすすめ -比較 -ランキング -求人 -まとめ
本庄早稲田塾「ゼロから始める創業スクール」,https://www.city.honjo.lg.jp/material/files/group/1/mayor_teirei_r0706-3.pdf,,,,越谷市,越谷市 学習塾 SNS運用代行 -おすすめ -比較 -ランキング -求人 -まとめ
行政視察報告書,https://www.city.osaki.miyagi.jp/shisei/soshikikarasagasu/gikaijimukyoku/3_1/21452.html,,,,越谷市,越谷市 学習塾 SNS運用代行 -おすすめ -比較 -ランキング -求人 -まとめ
新入社員インタビュー,https://saiyo.machikatsu.co.jp/new-employee/,,,,越谷市,越谷市 採用広報 SNS運用会社 -おすすめ -比較 -ランキング -求人 -まとめ
販売支援・PR・情報収集整理 広告・コミュニケーション戦略,https://www.urlk.co.jp/public/ad_strategy.html,,,,越谷市,越谷市 観光プロモーション SNS会社 -おすすめ -比較 -ランキング -求人 -まとめ
観光プロモーション カー,https://visit-sumida.jp/about/promotion-car/,,,,越谷市,越谷市 観光プロモーション SNS会社 -おすすめ -比較 -ランキング -求人 -まとめ
秡川龍太,https://wazahaku.com/wazabito/341/,,,,越谷市,越谷市 EC SNS運用代行 -おすすめ -比較 -ランキング -求人 -まとめ
株式会社パパネッツ,https://papanets.co.jp/recruit/about.html,,,,越谷市,越谷市 ホテル SNS運用代行 -おすすめ -比較 -ランキング -求人 -まとめ
事業所案内,https://motsu.net/office/,,,,越谷市,越谷市 ホテル SNS運用代行 -おすすめ -比較 -ランキング -求人 -まとめ
株式会社ア・レステ,https://arester.jp/,,,,越谷市,越谷市 ホテル SNS運用代行 -おすすめ -比較 -ランキング -求人 -まとめ
お問い合わせ CONTACT,https://www.nbsm.jp/contact.php,,,,越谷市,越谷市 ホテル SNS運用代行 -おすすめ -比較 -ランキング -求人 -まとめ
3つのポリシー,https://www.jhs.ac.jp/about/outline/policy/,,,,越谷市,越谷市 ホテル SNS運用代行 -おすすめ -比較 -ランキング -求人 -まとめ
参加飲食 店 を募集中！,https://meeteat.jp/info/bosyu,,,,越谷市,越谷市 店舗 Instagram集客支援 -おすすめ -比較 -ランキング -求人 -まとめ
埼玉県 越谷市,https://furusato-forgood.jp/area/112224,,,,越谷市,越谷市 店舗 Instagram集客支援 -おすすめ -比較 -ランキング -求人 -まとめ
SNS 投稿効率化 AI× SNS セミナー ～無駄を減らして省力化,https://www.koshigaya-cci.or.jp/newsdetail.php?category=seminar_event&id=392,,,,越谷市,越谷市 中小企業 SNS運用支援 -おすすめ -比較 -ランキング -求人 -まとめ
一般質問・代表質問,https://koshigaya.gijiroku.com/g07_Shitsumon.asp,,,,越谷市,越谷市 中小企業 SNS運用支援 -おすすめ -比較 -ランキング -求人 -まとめ
かめい経営研究所,https://kamei-mgmt-labo.jp/,,,,越谷市,越谷市 中小企業 SNS運用支援 -おすすめ -比較 -ランキング -求人 -まとめ
会社 概要,https://mediad.jp/%E4%BC%9A%E7%A4%BE%E6%A6%82%E8%A6%81/,,,,越谷市,越谷市 SNSコンテンツ制作会社 -おすすめ -比較 -ランキング -求人 -まとめ
広告・TVCM 制作,https://cherrybee.tv/service/cm/,,,,越谷市,越谷市 SNSコンテンツ制作会社 -おすすめ -比較 -ランキング -求人 -まとめ
埼玉県で開業・事業拡大を！「選ばれる」ためのホームページ ...,https://coreframe.co.jp/blog/lp-saitama/,,,,越谷市,越谷市 SNSコンテンツ制作会社 -おすすめ -比較 -ランキング -求人 -まとめ
CHAIRMAN,https://service.chairman-official.com/,,,,千葉市,千葉市 飲食店 SNS運用支援会社 -おすすめ -比較 -ランキング -求人 -まとめ
お問い合わせ,https://hi-labo.jp/form/contact/,,,,千葉市,千葉市 飲食店 SNS運用支援会社 -おすすめ -比較 -ランキング -求人 -まとめ
運営会社,https://atri.beauty/operated/,,,,千葉市,千葉市 美容室 Instagram運用代行 -おすすめ -比較 -ランキング -求人 -まとめ
Googleビジネスプロフィール実績紹介追加/サロン・飲食店 ...,https://www.pure-quality-gbp.jp/news/?id=1739426865-006937,,,,千葉市,千葉市 美容室 Instagram運用代行 -おすすめ -比較 -ランキング -求人 -まとめ
一流のプロから学ぶ特別セミナー,https://www.kanbi.ac.jp/curiculum/technique.html,,,,千葉市,千葉市 美容室 Instagram運用代行 -おすすめ -比較 -ランキング -求人 -まとめ
「迷ったら、キレイパスコネクト一択です」,https://connect.kireipass.jp/pages/case/bloom_clinic,,,,千葉市,千葉市 クリニック SNS運用代行 -おすすめ -比較 -ランキング -求人 -まとめ
事業所-般若 クリニック,https://www.ichirin.or.jp/branch/hannya_clinic/,,,,千葉市,千葉市 クリニック SNS運用代行 -おすすめ -比較 -ランキング -求人 -まとめ
美容 クリニック,https://fine-production.co.jp/production-portfolio-65/,,,,千葉市,千葉市 クリニック SNS運用代行 -おすすめ -比較 -ランキング -求人 -まとめ
伊狩 結衣,https://cibase.jp/members/%E4%BC%8A%E7%8B%A9%E7%B5%90%E8%A1%A3/,,,,千葉市,千葉市 クリニック SNS運用代行 -おすすめ -比較 -ランキング -求人 -まとめ
活 用 ・ 相 続,https://www.takashinahousing.com/pages/128/,,,,千葉市,千葉市 不動産 SNSマーケティング会社 -おすすめ -比較 -ランキング -求人 -まとめ
働く仲間を募集いたします！,https://www.myhome-co.com/news/%E5%83%8D%E3%81%8F%E4%BB%B2%E9%96%93%E3%82%92%E5%8B%9F%E9%9B%86%E3%81%84%E3%81%9F%E3%81%97%E3%81%BE%E3%81%99%EF%BC%81/,,,,千葉市,千葉市 不動産 SNSマーケティング会社 -おすすめ -比較 -ランキング -求人 -まとめ
事業内容,https://syrealty88.com/business/,,,,千葉市,千葉市 不動産 SNSマーケティング会社 -おすすめ -比較 -ランキング -求人 -まとめ
株式 会社 VーLead,https://v-lead.co.jp/,,,,千葉市,千葉市 不動産 SNSマーケティング会社 -おすすめ -比較 -ランキング -求人 -まとめ
創業セミナー・創業スクール,https://www.chiba-cgc.or.jp/seminar/,,,,千葉市,千葉市 学習塾 SNS運用代行 -おすすめ -比較 -ランキング -求人 -まとめ
千葉市 放課後子ども教室 活 動 の 手 引 き,https://www.city.chiba.jp/kyoiku/shogaigakushu/shogaigakushu/documents/r8katudounotebiki.pdf,,,,千葉市,千葉市 学習塾 SNS運用代行 -おすすめ -比較 -ランキング -求人 -まとめ
小学生・中学生・高校生の個別指導塾,https://chuo-kobetsu-seminar.com/,,,,千葉市,千葉市 学習塾 SNS運用代行 -おすすめ -比較 -ランキング -求人 -まとめ
12-01 SNS でファンを増やすためのエンゲージメント戦略作り,https://podcasts.apple.com/ch/podcast/12-01-sns%E3%81%A7%E3%83%95%E3%82%A1%E3%83%B3%E3%82%92%E5%A2%97%E3%82%84%E3%81%99%E3%81%9F%E3%82%81%E3%81%AE%E3%82%A8%E3%83%B3%E3%82%B2%E3%83%BC%E3%82%B8%E3%83%A1%E3%83%B3%E3%83%88%E6%88%A6%E7%95%A5%E4%BD%9C%E3%82%8A/id1825789509?i=1000770476594&l=fr-FR,,,,千葉市,千葉市 採用広報 SNS運用会社 -おすすめ -比較 -ランキング -求人 -まとめ
公益社団法人 千葉市観光 協会,https://www.chibacity-ta.or.jp/spots/chibacity-ta/,,,,千葉市,千葉市 観光プロモーション SNS会社 -おすすめ -比較 -ランキング -求人 -まとめ
7 千葉 の強みを生かした 観光 地の整備,https://www.pref.chiba.lg.jp/seisaku/chihousousei/dai3ki-senryaku-text/kihonmokuhyou1-7.html,,,,千葉市,千葉市 観光プロモーション SNS会社 -おすすめ -比較 -ランキング -求人 -まとめ
株式 会社 マップルの地域創生事業,https://biz.mapple.com/kanko-dx/,,,,千葉市,千葉市 観光プロモーション SNS会社 -おすすめ -比較 -ランキング -求人 -まとめ
【事例紹介】栃木市役所 広報課様～タウンビジョン SNS における ...,https://avix.co.jp/digitalpromotion/portfolio-items/tochigi/,,,,千葉市,千葉市 観光プロモーション SNS会社 -おすすめ -比較 -ランキング -求人 -まとめ
門脇 伊知郎,https://www.tokyotourism-onestop.jp/advisor/detail/adviser_82.html,,,,千葉市,千葉市 観光プロモーション SNS会社 -おすすめ -比較 -ランキング -求人 -まとめ
WELLMENT,https://www.wellment.co.jp/,,,,千葉市,千葉市 観光プロモーション SNS会社 -おすすめ -比較 -ランキング -求人 -まとめ
02 R05t¦;Õ ; Â ÇŽ1 _HjW.xlsx,https://maruchiba.jp/lsc/upfile/articleDetail/0000/0100/100_d004_file.pdf,,,,千葉市,千葉市 観光プロモーション SNS会社 -おすすめ -比較 -ランキング -求人 -まとめ
【地域おこし協力隊募集】 観光 PR× SNS で地域の魅力を ...,https://smout.jp/plans/24148,,,,千葉市,千葉市 観光プロモーション SNS会社 -おすすめ -比較 -ランキング -求人 -まとめ
サービス,https://huplex.co.jp/service/,,,,千葉市,千葉市 EC SNS運用代行 -おすすめ -比較 -ランキング -求人 -まとめ
TikTok EC プラットフォーム ブランドサービスパートナー,https://www.beegogroup.com/docs/ja.pdf,,,,千葉市,千葉市 EC SNS運用代行 -おすすめ -比較 -ランキング -求人 -まとめ
フルフィルメントサービス「Fulfillment by ZOZO」を連携する【 EC ...,https://colony-i.com/news/56/,,,,千葉市,千葉市 EC SNS運用代行 -おすすめ -比較 -ランキング -求人 -まとめ
ソーシャルメディア 運用 方針,https://www.kouritu.or.jp/about/social_media/index.html,,,,千葉市,千葉市 ホテル SNS運用代行 -おすすめ -比較 -ランキング -求人 -まとめ
ITサービス部,https://fujix.jp/itservice/,,,,千葉市,千葉市 ホテル SNS運用代行 -おすすめ -比較 -ランキング -求人 -まとめ
ABOUT 私たちについて,https://renumber.co.jp/company/,,,,千葉市,千葉市 ホテル SNS運用代行 -おすすめ -比較 -ランキング -求人 -まとめ
個人投資家さま向け説明会資料バックナンバー,https://www.keiyobank.co.jp/ir/library/briefing/individual_bk/,,,,千葉市,千葉市 ホテル SNS運用代行 -おすすめ -比較 -ランキング -求人 -まとめ
千葉市 男女共同参画センター,https://www.chp.or.jp/event/%E5%A5%B3%E6%80%A7%E3%81%AE%E3%81%9F%E3%82%81%E3%81%AE%E8%B5%B7%E6%A5%AD%E3%82%B9%E3%83%86%E3%83%83%E3%83%97%E3%82%A2%E3%83%83%E3%83%97%E8%AC%9B%E5%BA%A7%E3%80%8C%E3%83%9E%E3%83%BC%E3%82%B1%E3%83%86/,,,,千葉市,千葉市 店舗 Instagram集客支援 -おすすめ -比較 -ランキング -求人 -まとめ
支援 事例 CASE-08 WellMent株式会社様（創業 支援 ・各種申請に ...,https://www.chibashi-sangyo.or.jp/info-all/13008/,,,,千葉市,千葉市 中小企業 SNS運用支援 -おすすめ -比較 -ランキング -求人 -まとめ
SNS 活用,https://www.city.tateyama.chiba.jp/files/300392483.pdf,,,,千葉市,千葉市 中小企業 SNS運用支援 -おすすめ -比較 -ランキング -求人 -まとめ
アクセス,https://chiba-cci.or.jp/%E3%82%A2%E3%82%AF%E3%82%BB%E3%82%B9/,,,,千葉市,千葉市 中小企業 SNS運用支援 -おすすめ -比較 -ランキング -求人 -まとめ
会社 概要,https://curiostudio.jp/company_info/,,,,千葉市,千葉市 SNSコンテンツ制作会社 -おすすめ -比較 -ランキング -求人 -まとめ
千葉県 千葉市 の就労継続支援B型の事業所 あいびー千葉,https://scetb.apice.biz/about/,,,,千葉市,千葉市 SNSコンテンツ制作会社 -おすすめ -比較 -ランキング -求人 -まとめ
千葉市 様,https://www.dhe.co.jp/works/detail/58.html,,,,千葉市,千葉市 SNSコンテンツ制作会社 -おすすめ -比較 -ランキング -求人 -まとめ
千葉 県の株式 会社 Ecxis,https://syoukei-senmon.net/chiba/15522,,,,千葉市,千葉市 SNSコンテンツ制作会社 -おすすめ -比較 -ランキング -求人 -まとめ
Web集客始めます課:,https://webshukyaku.jp/,,,,千葉市,千葉市 SNSコンテンツ制作会社 -おすすめ -比較 -ランキング -求人 -まとめ
チバテレ稼ぐ力養成講座 活用事例 株式 会社 テレマティックシステムズ,https://www.chiba-tv.com/bizseminar/interview/corporate_96.html,,,,船橋市,船橋市 飲食店 SNS運用支援会社 -おすすめ -比較 -ランキング -求人 -まとめ
会社 概要,https://11upfield.jp/company/,,,,船橋市,船橋市 飲食店 SNS運用支援会社 -おすすめ -比較 -ランキング -求人 -まとめ
再来院率を高める「LINE活用術」,https://clinicstation.jp/column/6209,,,,船橋市,船橋市 クリニック SNS運用代行 -おすすめ -比較 -ランキング -求人 -まとめ
インスタグラムアカウント開設のお知らせ,https://www.fff.or.jp/fermata-funabashi/news.php?i=449,,,,船橋市,船橋市 クリニック SNS運用代行 -おすすめ -比較 -ランキング -求人 -まとめ
エムアールピー: 千葉県 船橋市 のホームページ制作株式会社,https://portfolio.mrp-net.co.jp/,,,,船橋市,船橋市 クリニック SNS運用代行 -おすすめ -比較 -ランキング -求人 -まとめ
SNS マーケティング事業のLP,https://liberadiant-webpartner.com/sns%E3%83%9E%E3%83%BC%E3%82%B1%E3%83%86%E3%82%A3%E3%83%B3%E3%82%B0%E4%BA%8B%E6%A5%AD%E3%81%AElp/,,,,船橋市,船橋市 クリニック SNS運用代行 -おすすめ -比較 -ランキング -求人 -まとめ
会社 概要,https://kyo-ritsu-setsubi.com/%E4%BC%9A%E7%A4%BE%E6%A6%82%E8%A6%81/,,,,船橋市,船橋市 不動産 SNSマーケティング会社 -おすすめ -比較 -ランキング -求人 -まとめ
千葉県 船橋市 藤原 一棟マンション（No.4622822off）,https://www.kenbiya.com/pp3/s/chiba/funabashi-shi/re_4622822off/,,,,船橋市,船橋市 不動産 SNSマーケティング会社 -おすすめ -比較 -ランキング -求人 -まとめ
プライバシーポリシー,https://www.bestland.co.jp/company/privacy_policy,,,,船橋市,船橋市 不動産 SNSマーケティング会社 -おすすめ -比較 -ランキング -求人 -まとめ
船橋市 こども計画の取り組みと事業,https://www.city.funabashi.lg.jp/shisei/jouhoukoukai/004/02/0115/p141918_d/fil/sankosiryo.pdf,,,,船橋市,船橋市 学習塾 SNS運用代行 -おすすめ -比較 -ランキング -求人 -まとめ
起業スクール オープンセミナー,https://kigyo-seminar.net/wp-content/uploads/2019/07/%E3%81%B5%E3%81%AA%E3%81%AF%E3%82%99%E3%81%97%E8%B5%B7%E6%A5%AD%E3%82%B9%E3%82%AF%E3%83%BC%E3%83%AB%E4%B8%8B%E6%9C%9F%E3%82%AA%E3%83%BC%E3%83%95%E3%82%9A%E3%83%B3%E3%82%BB%E3%83%9F%E3%83%8A%E3%83%BC0928.pdf,,,,船橋市,船橋市 学習塾 SNS運用代行 -おすすめ -比較 -ランキング -求人 -まとめ
ベネッセ高等学院 中等部【千葉】,https://gakuin.benesse.co.jp/chu/lp/chiba,,,,船橋市,船橋市 学習塾 SNS運用代行 -おすすめ -比較 -ランキング -求人 -まとめ
大人のそろばん,https://pegasus-yachiyochuo.jp/abacus_school_kitanarashino/20240530115429/,,,,船橋市,船橋市 学習塾 SNS運用代行 -おすすめ -比較 -ランキング -求人 -まとめ
【 船橋市 フルート教室】月1回からの個人レッスン！自由予約制,https://kasamemusic.com/flute/funabashishi-flute-lesson,,,,船橋市,船橋市 学習塾 SNS運用代行 -おすすめ -比較 -ランキング -求人 -まとめ
ネモネット講演会&相談会,https://funabashi-civilpowers.net/G0000679/assets/attachmentfile/attachmentfile-file-51241.pdf,,,,船橋市,船橋市 学習塾 SNS運用代行 -おすすめ -比較 -ランキング -求人 -まとめ
株式 会社 モビリィ,https://www.e-funabashi.com/archives/fccimember/mobily,,,,船橋市,船橋市 採用広報 SNS運用会社 -おすすめ -比較 -ランキング -求人 -まとめ
【終了しました】 観光 まちづくりセミナー「Instagram ...,https://flap-toyooka.com/news/605.html,,,,船橋市,船橋市 観光プロモーション SNS会社 -おすすめ -比較 -ランキング -求人 -まとめ
予約できる特P駐車場 ホテル ダブル 船橋 駐車場,https://toku-p.earth-car.com/parking-detail/310007555,,,,船橋市,船橋市 ホテル SNS運用代行 -おすすめ -比較 -ランキング -求人 -まとめ
当施設について,https://wehomejapan.com/about/,,,,船橋市,船橋市 ホテル SNS運用代行 -おすすめ -比較 -ランキング -求人 -まとめ
令和6年度公益財団法人 船橋市 中小企業勤労者福祉サービス ...,https://www.f-cs.or.jp/files/libs/2852/202403071431507489.pdf,,,,船橋市,船橋市 ホテル SNS運用代行 -おすすめ -比較 -ランキング -求人 -まとめ
インスタ グラムのリール投稿について！,https://www.t-c.co.jp/hotpepper/blog/414.html,,,,船橋市,船橋市 店舗 Instagram集客支援 -おすすめ -比較 -ランキング -求人 -まとめ
満員御礼【AIで SNS運用 を効率化！最強マーケティング術の実践 ...,https://startup-station.jp/eventseminar/TAA0103?event_id=E000104341,,,,船橋市,船橋市 中小企業 SNS運用支援 -おすすめ -比較 -ランキング -求人 -まとめ
ソーシャルネットワーキングサービス 運用 ポリシー,https://www.omitama-shakyo.or.jp/snspolicy,,,,船橋市,船橋市 中小企業 SNS運用支援 -おすすめ -比較 -ランキング -求人 -まとめ
船橋 に360度カメラを使ったVR撮影 会社 「The360」,https://myfuna.net/archives/townnews/211103,,,,船橋市,船橋市 SNSコンテンツ制作会社 -おすすめ -比較 -ランキング -求人 -まとめ
会社 概要,https://iro-do-ri.jp/about,,,,船橋市,船橋市 SNSコンテンツ制作会社 -おすすめ -比較 -ランキング -求人 -まとめ
Webコンサルティング企業の売上規模などの情報を検索する,https://biz-maps.com/s/m-inds/277,,,,柏市,柏市 飲食店 SNS運用支援会社 -おすすめ -比較 -ランキング -求人 -まとめ
縁人の特徴,https://engine-kashiwa.com/features/,,,,柏市,柏市 飲食店 SNS運用支援会社 -おすすめ -比較 -ランキング -求人 -まとめ
株式 会社 ワクエネ,https://wakuene.co.jp/,,,,柏市,柏市 飲食店 SNS運用支援会社 -おすすめ -比較 -ランキング -求人 -まとめ
クラブハウスラーメン,https://www.clubhouse-ramen.com/,,,,柏市,柏市 飲食店 SNS運用支援会社 -おすすめ -比較 -ランキング -求人 -まとめ
COMPANY,https://unit-g.com/companies/,,,,柏市,柏市 飲食店 SNS運用支援会社 -おすすめ -比較 -ランキング -求人 -まとめ
会社 ・採用情報,https://www.jc-connect.co.jp/company,,,,柏市,柏市 飲食店 SNS運用支援会社 -おすすめ -比較 -ランキング -求人 -まとめ
柏市 宿連寺のお悩みSEO事例,https://locaseo.info/area/chiba-kashiwa/case-6022/,,,,柏市,柏市 美容室 Instagram運用代行 -おすすめ -比較 -ランキング -求人 -まとめ
アットホームパソコン クリニック : 柏市 の頼れるITサポート,https://athomepcc.com/,,,,柏市,柏市 クリニック SNS運用代行 -おすすめ -比較 -ランキング -求人 -まとめ
北柏ガーデン,https://caregiver.co.jp/facility/60/,,,,柏市,柏市 クリニック SNS運用代行 -おすすめ -比較 -ランキング -求人 -まとめ
定期検診,https://kashiwanoha-lemon-dental.jp/feature/%E5%AE%9A%E6%9C%9F%E6%A4%9C%E8%A8%BA/,,,,柏市,柏市 クリニック SNS運用代行 -おすすめ -比較 -ランキング -求人 -まとめ
地方都株式 会社 概要,https://chihouto.co.jp/gaiyou/,,,,柏市,柏市 不動産 SNSマーケティング会社 -おすすめ -比較 -ランキング -求人 -まとめ
"千葉県 柏市 教育委員会の導入事例を公開 約37,000台のGIGA端末・校 ...",https://www.daj.jp/webtopics/1244/,,,,柏市,柏市 学習塾 SNS運用代行 -おすすめ -比較 -ランキング -求人 -まとめ
塾運営に必要な機能が全て揃っていたことが導入の決め手に,https://schpass.jp/testimonial/10,,,,柏市,柏市 学習塾 SNS運用代行 -おすすめ -比較 -ランキング -求人 -まとめ
ヒューマンアカデミー柏校,https://haa.athuman.com/school/kashiwa/,,,,柏市,柏市 学習塾 SNS運用代行 -おすすめ -比較 -ランキング -求人 -まとめ
【インターン募集】(株)a.s.ist,https://a-s-ist.github.io/careers/intern-marketing-20260131/,,,,柏市,柏市 採用広報 SNS運用会社 -おすすめ -比較 -ランキング -求人 -まとめ
第15期,https://www.kashiwa-cci.or.jp/wp-content/uploads/2022/11/ee16eac86b756a18662a2d72eac51ada.pdf,,,,柏市,柏市 採用広報 SNS運用会社 -おすすめ -比較 -ランキング -求人 -まとめ
サービス紹介,https://www.infinity-group.co.jp/service/,,,,柏市,柏市 採用広報 SNS運用会社 -おすすめ -比較 -ランキング -求人 -まとめ
SNS を活  した 丹波地域 観光 プロモーション セミナ,https://sci.hyogo.jp/wp-content/uploads/2023/01/490f2eca19c5bcbc233c36bfdadaeaf9.pdf,,,,柏市,柏市 観光プロモーション SNS会社 -おすすめ -比較 -ランキング -求人 -まとめ
株式 会社 AT – 全国のスポーツツーリズムを応援するJサポ発の地域 ...,https://away-tourism.jp/,,,,柏市,柏市 観光プロモーション SNS会社 -おすすめ -比較 -ランキング -求人 -まとめ
実績,https://officezerostyle.biz/our-works/,,,,柏市,柏市 観光プロモーション SNS会社 -おすすめ -比較 -ランキング -求人 -まとめ
&donutsのサービス,https://www.service.andonuts.jp/,,,,柏市,柏市 EC SNS運用代行 -おすすめ -比較 -ランキング -求人 -まとめ
中国 EC コンサルティング大手の上海柏嘉実業有限公司と業務提携,https://sem-agency.co.jp/news/192/,,,,柏市,柏市 EC SNS運用代行 -おすすめ -比較 -ランキング -求人 -まとめ
ホテル 三日月より出資を受け、日本語コミュニティサービス“Sail ...,https://helte.jp/23420/,,,,柏市,柏市 ホテル SNS運用代行 -おすすめ -比較 -ランキング -求人 -まとめ
テレビ、CMなどの撮影ロケ地を提供,https://www.kashiwa-location.jp/about/,,,,柏市,柏市 ホテル SNS運用代行 -おすすめ -比較 -ランキング -求人 -まとめ
ロイヤルホームセンター 柏,https://www.royal-hc.co.jp/shops/01046,,,,柏市,柏市 ホテル SNS運用代行 -おすすめ -比較 -ランキング -求人 -まとめ
国立がん研究センター東病院敷地内に立地、がん患者さんを ...,https://www.ncc.go.jp/jp/information/pr_release/2022/0620_1/index.html,,,,柏市,柏市 ホテル SNS運用代行 -おすすめ -比較 -ランキング -求人 -まとめ
千葉県の企業様・オーナー様向け,https://agaruto-marketing.com/marketing/chiba/,,,,柏市,柏市 店舗 Instagram集客支援 -おすすめ -比較 -ランキング -求人 -まとめ
CONSULTING・FCコンサルティング・FC加盟,https://themasons.jp/plan.html,,,,柏市,柏市 店舗 Instagram集客支援 -おすすめ -比較 -ランキング -求人 -まとめ
部会情報,https://www.syonan.or.jp/divisions/,,,,柏市,柏市 店舗 Instagram集客支援 -おすすめ -比較 -ランキング -求人 -まとめ
News,https://kashiwasns.jp/news/,,,,柏市,柏市 中小企業 SNS運用支援 -おすすめ -比較 -ランキング -求人 -まとめ
株式 会社 HAMONI,https://hamoni.jp/company,,,,横浜市,横浜市 飲食店 SNS運用支援会社 -おすすめ -比較 -ランキング -求人 -まとめ
SNS運用会社 のHP,https://reeing.co.jp/works/conoiro/,,,,横浜市,横浜市 飲食店 SNS運用支援会社 -おすすめ -比較 -ランキング -求人 -まとめ
COMPANY 会社 概要,https://sma-in.com/company/,,,,横浜市,横浜市 飲食店 SNS運用支援会社 -おすすめ -比較 -ランキング -求人 -まとめ
オリジナル映像動画 制作 ・効果的な情報発信,https://system-planning-delivery.com/?page_id=880,,,,柏市,柏市 SNSコンテンツ制作会社 -おすすめ -比較 -ランキング -求人 -まとめ
サービス案内,https://salon.lc-connect.com/service/,,,,横浜市,横浜市 美容室 Instagram運用代行 -おすすめ -比較 -ランキング -求人 -まとめ
実績・事例,https://dear-business.com/works,,,,横浜市,横浜市 美容室 Instagram運用代行 -おすすめ -比較 -ランキング -求人 -まとめ
歯科矯正 クリニック のリスティング広告 運用代行,https://netclinic119.net/%E3%83%AA%E3%82%B9%E3%83%86%E3%82%A3%E3%83%B3%E3%82%B0%E5%BA%83%E5%91%8A/index-3451.html,,,,横浜市,横浜市 クリニック SNS運用代行 -おすすめ -比較 -ランキング -求人 -まとめ
外来・健診のご案内,https://www.homecare-cl.jp/outpatient-care/,,,,横浜市,横浜市 クリニック SNS運用代行 -おすすめ -比較 -ランキング -求人 -まとめ
株式会社 ドクターエージェント,https://www.medical-jpn.jp/tokyo/ja-jp/search/2025/directory/directory-details.%E6%A0%AA%E5%BC%8F%E4%BC%9A%E7%A4%BE%E3%80%80%E3%83%89%E3%82%AF%E3%82%BF%E3%83%BC%E3%82%A8%E3%83%BC%E3%82%B8%E3%82%A7%E3%83%B3%E3%83%88.org-a1bb484f-1892-4a31-b956-84706df1a2e2.html,,,,横浜市,横浜市 クリニック SNS運用代行 -おすすめ -比較 -ランキング -求人 -まとめ
医療法人冨森会 歯科 クリニック,https://www.silver-i.co.jp/signage/works/detail/?cd=000266,,,,横浜市,横浜市 クリニック SNS運用代行 -おすすめ -比較 -ランキング -求人 -まとめ
内科経営コンサルティングの特徴,https://www.credo-m.co.jp/internalmedicine/consulting/,,,,横浜市,横浜市 クリニック SNS運用代行 -おすすめ -比較 -ランキング -求人 -まとめ
不動産会社 がウェブマーケで成果を増やした事例,https://hamakikaku.co.jp/archives/29811,,,,横浜市,横浜市 不動産 SNSマーケティング会社 -おすすめ -比較 -ランキング -求人 -まとめ
横浜市 で 不動産 相続問題・空き家対策をサポート,https://lioo.yokohama.ink/about/,,,,横浜市,横浜市 不動産 SNSマーケティング会社 -おすすめ -比較 -ランキング -求人 -まとめ
Webマーケティングキャリアスクールを開催します,https://www.city.yokohama.lg.jp/city-info/koho-kocho/press/shimin/2026/0612digitaljinzai.files/0007_20260612.pdf,,,,横浜市,横浜市 学習塾 SNS運用代行 -おすすめ -比較 -ランキング -求人 -まとめ
デザイン,https://omerry-sns.jp/feature/%E3%83%87%E3%82%B6%E3%82%A4%E3%83%B3/,,,,横浜市,横浜市 学習塾 SNS運用代行 -おすすめ -比較 -ランキング -求人 -まとめ
横浜市 様の導入事例,https://www.iij.ad.jp/svcsol/case/city-yokohama.html,,,,横浜市,横浜市 学習塾 SNS運用代行 -おすすめ -比較 -ランキング -求人 -まとめ
9/25「塾運営に欠かせない？！ 成績を向上させるICT4大インフラと ...,https://corp.monoxer.com/case/210925_report/,,,,横浜市,横浜市 学習塾 SNS運用代行 -おすすめ -比較 -ランキング -求人 -まとめ
採用広告に頼らない「定着型採用」を実現 「シン・ 採用広報 ...,https://kohogene.newsrooms.net/articles/10698/,,,,横浜市,横浜市 採用広報 SNS運用会社 -おすすめ -比較 -ランキング -求人 -まとめ
クロストーク「 横浜市 ×人事交流×民間企業」,https://saiyo.city.yokohama.lg.jp/voice/crosstalk/,,,,横浜市,横浜市 採用広報 SNS運用会社 -おすすめ -比較 -ランキング -求人 -まとめ
X 運用 代行,https://alpssns.com/work_post/x/,,,,横浜市,横浜市 採用広報 SNS運用会社 -おすすめ -比較 -ランキング -求人 -まとめ
国内外プロモーション企画・ 広報,https://claphanz.com/recruit/career/support/post_9.html,,,,横浜市,横浜市 採用広報 SNS運用会社 -おすすめ -比較 -ランキング -求人 -まとめ
横浜 商工会議所公式 SNS 利用規約,https://www.yokohama-cci.or.jp/sns/,,,,横浜市,横浜市 採用広報 SNS運用会社 -おすすめ -比較 -ランキング -求人 -まとめ
堀尾タモツ事務所,https://www.horiotamotsu.jp/,,,,横浜市,横浜市 採用広報 SNS運用会社 -おすすめ -比較 -ランキング -求人 -まとめ
第 2 回 横浜 ビジネスミーティング,https://business.yokohamajapan.com/ja/img_data/TOPICS119_1.pdf,,,,横浜市,横浜市 観光プロモーション SNS会社 -おすすめ -比較 -ランキング -求人 -まとめ
ネットショップWeb制作.com,https://www.ecwebdev.com/,,,,横浜市,横浜市 EC SNS運用代行 -おすすめ -比較 -ランキング -求人 -まとめ
Contact -,https://www.blinko.jp/contact/,,,,横浜市,横浜市 EC SNS運用代行 -おすすめ -比較 -ランキング -求人 -まとめ
SNS マーケティング,https://www.strategic-m.jp/stm/2022/06/15/sns%E3%83%9E%E3%83%BC%E3%82%B1%E3%83%86%E3%82%A3%E3%83%B3%E3%82%B0%EF%BD%9C%E3%82%A2%E3%82%AB%E3%82%A6%E3%83%B3%E3%83%88%E9%81%8B%E7%94%A8%E4%BB%A3%E8%A1%8C%E3%81%AB%E3%81%8A%E3%81%91%E3%82%8B/,,,,横浜市,横浜市 ホテル SNS運用代行 -おすすめ -比較 -ランキング -求人 -まとめ
神奈川県の採用支援・採用 代行 （RPO）,https://sanpoyoshi.site/contents/tag/hotel,,,,横浜市,横浜市 ホテル SNS運用代行 -おすすめ -比較 -ランキング -求人 -まとめ
教えます！,https://www.kipc.or.jp/business-support/.assets/yorozu_no_tsukaikata_2023.pdf,,,,横浜市,横浜市 店舗 Instagram集客支援 -おすすめ -比較 -ランキング -求人 -まとめ
事業詳細,https://www.yokohama-dx.com/about-us/,,,,横浜市,横浜市 中小企業 SNS運用支援 -おすすめ -比較 -ランキング -求人 -まとめ
【無料】ゼロからファンを増やす！経営に効く SNS 活用実践講座,https://www.yrmc.jp/lp/260307-snsseminar/,,,,横浜市,横浜市 中小企業 SNS運用支援 -おすすめ -比較 -ランキング -求人 -まとめ
中小企業 向けホームページ制作,https://site-support.jp/%E4%B8%AD%E5%B0%8F%E4%BC%81%E6%A5%AD%E5%90%91%E3%81%91%E3%83%9B%E3%83%BC%E3%83%A0%E3%83%9A%E3%83%BC%E3%82%B8%E5%88%B6%E4%BD%9C/,,,,横浜市,横浜市 中小企業 SNS運用支援 -おすすめ -比較 -ランキング -求人 -まとめ
よろず  オープンゼミ・トークライブ SNS が嫌いで苦手な方へ『 SNS ...,https://www.kanagawa-yorozu.go.jp/event/post-1203-2.html,,,,横浜市,横浜市 中小企業 SNS運用支援 -おすすめ -比較 -ランキング -求人 -まとめ
イオリツ行政書士事務所 – 横浜 関内 女性行政書士事務所、イオリツ ...,https://office-iolite.com/,,,,横浜市,横浜市 中小企業 SNS運用支援 -おすすめ -比較 -ランキング -求人 -まとめ
動画 制作 ・サイネージ広告・ライブ配信のご相談はメーカーズ ...,https://f-makers.com/,,,,横浜市,横浜市 SNSコンテンツ制作会社 -おすすめ -比較 -ランキング -求人 -まとめ
サービス – Instagram運用支援,https://sankyaku.com/service-instagram/,,,,横浜市,横浜市 SNSコンテンツ制作会社 -おすすめ -比較 -ランキング -求人 -まとめ
WEBサイト 制作 ・ SNS ・動画活用,https://www.masterlife.jp/website/,,,,横浜市,横浜市 SNSコンテンツ制作会社 -おすすめ -比較 -ランキング -求人 -まとめ
221 inc. その先の成長へ。,https://www.221inc.jp/,,,,横浜市,横浜市 SNSコンテンツ制作会社 -おすすめ -比較 -ランキング -求人 -まとめ
Menu SNS 用 縦型動画 制作,https://ask-asuka.com/menu/sns%E7%94%A8-%E7%B8%A6%E5%9E%8B%E5%8B%95%E7%94%BB%E5%88%B6%E4%BD%9C/,,,,横浜市,横浜市 SNSコンテンツ制作会社 -おすすめ -比較 -ランキング -求人 -まとめ
ChopValue Manufacturing Japan株式 会社,https://kawasaki-sanshinkaikan.jp/sangyo/genki/chopvalue-manufacturing-japan/,,,,川崎市,川崎市 飲食店 SNS運用支援会社 -おすすめ -比較 -ランキング -求人 -まとめ
プロフィールリンク「Lit.Link」のカスタマイズ・ 運用代行 しています,https://blueryweb.com/20240127-2/,,,,川崎市,川崎市 美容室 Instagram運用代行 -おすすめ -比較 -ランキング -求人 -まとめ
労働・人材支援部,https://www.city.kawasaki.jp/280/soshiki/6-5-0-0-0.html,,,,川崎市,川崎市 美容室 Instagram運用代行 -おすすめ -比較 -ランキング -求人 -まとめ
川崎 異業種研究会のメンバー,http://www.kawaiken.jp/menber.html,,,,川崎市,川崎市 クリニック SNS運用代行 -おすすめ -比較 -ランキング -求人 -まとめ
TKC医業経営情報,https://kubo-kaikei.tkcnf.com/tkc-clinic002,,,,川崎市,川崎市 クリニック SNS運用代行 -おすすめ -比較 -ランキング -求人 -まとめ
suiré design office,https://suire.jp/,,,,川崎市,川崎市 クリニック SNS運用代行 -おすすめ -比較 -ランキング -求人 -まとめ
74: 動画・ SNS ・多チャネル戦略で 不動産 売却を加速！最新 ...,https://rynne.co.jp/articles/video-sns-multi-channel-strategy,,,,川崎市,川崎市 不動産 SNSマーケティング会社 -おすすめ -比較 -ランキング -求人 -まとめ
特徴,https://propfudousan.jp/feature/,,,,川崎市,川崎市 不動産 SNSマーケティング会社 -おすすめ -比較 -ランキング -求人 -まとめ
在宅ワークスクール加賀,https://nextwel.co.jp/work_lp/article/zaitaku-kaga,,,,川崎市,川崎市 学習塾 SNS運用代行 -おすすめ -比較 -ランキング -求人 -まとめ
【公式】 川崎市 入江崎余熱利用プール,https://www.sportsoasis.co.jp/sh43/post-shitei/sns%E9%81%8B%E7%94%A8%E3%83%9D%E3%83%AA%E3%82%B7%E3%83%BC%E3%81%AB%E3%81%A4%E3%81%84%E3%81%A6/,,,,川崎市,川崎市 学習塾 SNS運用代行 -おすすめ -比較 -ランキング -求人 -まとめ
無料塾へのご寄付をお願いします！,https://congrant.com/project/mebuki/11919,,,,川崎市,川崎市 学習塾 SNS運用代行 -おすすめ -比較 -ランキング -求人 -まとめ
川崎 フロンターレ「 広報 学生スタッフ（アルバイト）」募集の ...,https://www.frontale.co.jp/info/2023/1127_6.html,,,,川崎市,川崎市 採用広報 SNS運用会社 -おすすめ -比較 -ランキング -求人 -まとめ
ストーリー株式 会社,https://kawasaki-seisansei.com/pdfs/hyousyou2021_panf04.pdf,,,,川崎市,川崎市 採用広報 SNS運用会社 -おすすめ -比較 -ランキング -求人 -まとめ
DADA,https://dada-inc.net/,,,,川崎市,川崎市 採用広報 SNS運用会社 -おすすめ -比較 -ランキング -求人 -まとめ
令和8年度かわさきインバウンドビジネス実践講座,https://kawasaki-inbound.com/,,,,川崎市,川崎市 観光プロモーション SNS会社 -おすすめ -比較 -ランキング -求人 -まとめ
一般社団法人 川崎市観光 協会 令和4年度事業報告,https://www.k-kankou.jp/about/file/r4_jigyou.pdf,,,,川崎市,川崎市 観光プロモーション SNS会社 -おすすめ -比較 -ランキング -求人 -まとめ
資料1,https://www.pref.kanagawa.jp/documents/24913/h29-1siryou1.pdf,,,,川崎市,川崎市 観光プロモーション SNS会社 -おすすめ -比較 -ランキング -求人 -まとめ
川崎 の魅力あふれるモノ・コトを世界に伝える 越境 EC サイト ...,https://www.kawasaki-roushikyo.org/wp/wp-content/uploads/2024/09/%E7%B5%8C%E6%B8%88%E5%8A%B4%E5%83%8D%E5%B1%80%E5%A0%B1%E9%81%93%E7%99%BA%E8%A1%A8%E8%B3%87%E6%96%99%EF%BC%88%E4%BB%A4%E5%92%8C%EF%BC%96%E5%B9%B4%EF%BC%94%E6%9C%88%EF%BC%92%EF%BC%94%E6%97%A5%EF%BC%89.pdf,,,,川崎市,川崎市 EC SNS運用代行 -おすすめ -比較 -ランキング -求人 -まとめ
私たちについて,https://www.toyokoinn-itshuukyaku.com/company/,,,,川崎市,川崎市 ホテル SNS運用代行 -おすすめ -比較 -ランキング -求人 -まとめ
かわさき市民活動ポータルサイト～応援ナビかわさき～,https://ouennavi-kawasaki.com/,,,,川崎市,川崎市 ホテル SNS運用代行 -おすすめ -比較 -ランキング -求人 -まとめ
運用 支援,https://prozy.jp/solution_operation/,,,,川崎市,川崎市 ホテル SNS運用代行 -おすすめ -比較 -ランキング -求人 -まとめ
2025/3/5（水） 集客 アップのための インスタ グラム個別相談会,https://www.womanetacademy.com/instakobetsu20250305/,,,,川崎市,川崎市 店舗 Instagram集客支援 -おすすめ -比較 -ランキング -求人 -まとめ
あまいわ経営ラボ: ホーム,https://www.amaiwa.com/,,,,川崎市,川崎市 店舗 Instagram集客支援 -おすすめ -比較 -ランキング -求人 -まとめ
事業概要,https://www.kawasaki-net.ne.jp/b_overview/,,,,川崎市,川崎市 中小企業 SNS運用支援 -おすすめ -比較 -ランキング -求人 -まとめ
SNS,https://a-m-consult.com/tag/sns/,,,,川崎市,川崎市 中小企業 SNS運用支援 -おすすめ -比較 -ランキング -求人 -まとめ
Kawasaki-NEDO Innovation Center,https://www.k-nic.jp/,,,,川崎市,川崎市 中小企業 SNS運用支援 -おすすめ -比較 -ランキング -求人 -まとめ
藤沢 支店（証券ジャパンウェルスマネジメント）,https://www.secjp.co.jp/shop/fujisawa/,,,,藤沢市,藤沢市 飲食店 SNS運用支援会社 -おすすめ -比較 -ランキング -求人 -まとめ
子ども食堂,https://www.city.fujisawa.kanagawa.jp/kodomo-se/kodomo-shokudou.html,,,,藤沢市,藤沢市 飲食店 SNS運用支援会社 -おすすめ -比較 -ランキング -求人 -まとめ
「ボリュメトリックビデオスタジオ‐ 川崎 」を開設 ...,https://global.canon/ja/news/2020/20200901.html,,,,川崎市,川崎市 SNSコンテンツ制作会社 -おすすめ -比較 -ランキング -求人 -まとめ
会社 情報,https://aimeio.jp/company/,,,,川崎市,川崎市 SNSコンテンツ制作会社 -おすすめ -比較 -ランキング -求人 -まとめ
ふじさわボランティアセンター,http://www.fujisawa-shakyo.jp/img/volunteer/boshu/boshu-s-jido.pdf,,,,藤沢市,藤沢市 クリニック SNS運用代行 -おすすめ -比較 -ランキング -求人 -まとめ
日本調剤 藤沢薬局,https://www.nicho.co.jp/tenpo/huzisawa/,,,,藤沢市,藤沢市 クリニック SNS運用代行 -おすすめ -比較 -ランキング -求人 -まとめ
"SBC Medical Group Holdings, Inc.",https://sbc-holdings.com/pdf/sbc-2026.pdf,,,,藤沢市,藤沢市 クリニック SNS運用代行 -おすすめ -比較 -ランキング -求人 -まとめ
患者・家族がつながる SNS サバイバーネット 運用 開始,https://www.jcancer.jp/wp-content/uploads/TAIGAN-03_4C.pdf,,,,藤沢市,藤沢市 クリニック SNS運用代行 -おすすめ -比較 -ランキング -求人 -まとめ
みんなの広報。小嶋美樹,https://miki-kojima.studio.site/,,,,藤沢市,藤沢市 美容室 Instagram運用代行 -おすすめ -比較 -ランキング -求人 -まとめ
藤沢市 生涯 学習 総務課,https://team-fujisawa2020.jp/profile/47/,,,,藤沢市,藤沢市 学習塾 SNS運用代行 -おすすめ -比較 -ランキング -求人 -まとめ
MT SOLUTION: メインページ,https://mtsolution-shonan.com/,,,,藤沢市,藤沢市 学習塾 SNS運用代行 -おすすめ -比較 -ランキング -求人 -まとめ
VOLUNTEERS とは,https://fujisawa-npo.jp/wp-content/uploads/2022/12/V28_web%E7%94%A8.pdf,,,,藤沢市,藤沢市 学習塾 SNS運用代行 -おすすめ -比較 -ランキング -求人 -まとめ
株式 会社 sinsa,https://sinsa.jp/,,,,藤沢市,藤沢市 不動産 SNSマーケティング会社 -おすすめ -比較 -ランキング -求人 -まとめ
合同 会社 RE VENTと連携した SNS 動画発信実証実験,https://www.city.hirakata.osaka.jp/0000053369.html,,,,藤沢市,藤沢市 採用広報 SNS運用会社 -おすすめ -比較 -ランキング -求人 -まとめ
SNS運用 方針,https://www.akagiya.com/contents/category/sns/,,,,藤沢市,藤沢市 採用広報 SNS運用会社 -おすすめ -比較 -ランキング -求人 -まとめ
タグ,https://www.pr-today.net/tag/page/65/?t=R,,,,藤沢市,藤沢市 採用広報 SNS運用会社 -おすすめ -比較 -ランキング -求人 -まとめ
SNS 公式アカウントMeetup ～ SNS あるある早く言いたい,https://beyondjapan.com/info/sns-meetup1/,,,,藤沢市,藤沢市 採用広報 SNS運用会社 -おすすめ -比較 -ランキング -求人 -まとめ
神奈川県 藤沢市 の情報,https://www.nack5.co.jp/blog/gogomonz/12623/,,,,藤沢市,藤沢市 観光プロモーション SNS会社 -おすすめ -比較 -ランキング -求人 -まとめ
藤沢市観光 協会と連携協定を締結！ 藤沢市 内への 観光 客の ...,https://ecbo.io/20241125_fujisawacity/,,,,藤沢市,藤沢市 観光プロモーション SNS会社 -おすすめ -比較 -ランキング -求人 -まとめ
映像制作・WEB制作・デザイン制作,https://creative.shonan-el.co.jp/,,,,藤沢市,藤沢市 観光プロモーション SNS会社 -おすすめ -比較 -ランキング -求人 -まとめ
湘南・三浦半島版「駅からサイクリング」,https://www.cocoyoko.net/event/ekikara-miura.html,,,,藤沢市,藤沢市 観光プロモーション SNS会社 -おすすめ -比較 -ランキング -求人 -まとめ
6月7日開催 湘南 藤沢 副業・起業 説明会,https://www.shonan.or.jp/scns/5788/,,,,藤沢市,藤沢市 EC SNS運用代行 -おすすめ -比較 -ランキング -求人 -まとめ
導入事例,https://find-model.jp/case?tag=SNS%E3%82%A2%E3%82%AB%E3%82%A6%E3%83%B3%E3%83%88%E9%81%8B%E7%94%A8%E4%BB%A3%E8%A1%8C,,,,藤沢市,藤沢市 ホテル SNS運用代行 -おすすめ -比較 -ランキング -求人 -まとめ
popIn Aladdin、本日オープンの【スーパー ホテル 湘南・ 藤沢 駅南口 ...,https://www.aladdinx.jp/blogs/news/popin-aladdin-%E6%9C%AC%E6%97%A5%E3%82%AA%E3%83%BC%E3%83%97%E3%83%B3%E3%81%AE-%E3%82%B9%E3%83%BC%E3%83%91%E3%83%BC%E3%83%9B%E3%83%86%E3%83%AB%E6%B9%98%E5%8D%97-%E8%97%A4%E6%B2%A2%E9%A7%85%E5%8D%97%E5%8F%A3-%E3%81%AB%E5%B0%8E%E5%85%A5?srsltid=AfmBOoqydyGb4DxGFO26eybPGaQOeeS2zCjc2IkSgpnROvgq8FwzzNmA,,,,藤沢市,藤沢市 ホテル SNS運用代行 -おすすめ -比較 -ランキング -求人 -まとめ
サイトポリシー・プライバシーポリシー,https://swanel.co.jp/privacy-policy/,,,,藤沢市,藤沢市 ホテル SNS運用代行 -おすすめ -比較 -ランキング -求人 -まとめ
会社案内,https://heartful-hospitality.com/about/,,,,藤沢市,藤沢市 ホテル SNS運用代行 -おすすめ -比較 -ランキング -求人 -まとめ
“会いに来てもらう”仕掛けをつくる SNS 活用術〜フォロワー数よりも ...,https://www.fujisawa-cci.or.jp/event/keiei-seminar23/,,,,藤沢市,藤沢市 中小企業 SNS運用支援 -おすすめ -比較 -ランキング -求人 -まとめ
ホームページ制作・デジタルマーケティング,https://www.shonan-itcare.jp/,,,,藤沢市,藤沢市 中小企業 SNS運用支援 -おすすめ -比較 -ランキング -求人 -まとめ
中小企業 診断士事務所 NORI12オフィス,https://nori12.com/,,,,藤沢市,藤沢市 中小企業 SNS運用支援 -おすすめ -比較 -ランキング -求人 -まとめ
事務所概要／社労士オフィスみやざき,https://www.som-net.com/company/campany.html,,,,藤沢市,藤沢市 中小企業 SNS運用支援 -おすすめ -比較 -ランキング -求人 -まとめ
SERVICE,https://unitedpictures.jp/service/,,,,藤沢市,藤沢市 SNSコンテンツ制作会社 -おすすめ -比較 -ランキング -求人 -まとめ
藤沢市 公民館様向け SNS 講座＆企画ワークショップ,https://ukezara.tokyo/works/%E8%97%A4%E6%B2%A2%E5%B8%82%E5%85%AC%E6%B0%91%E9%A4%A8%E6%A7%98%E5%90%91%E3%81%91-sns%E8%AC%9B%E5%BA%A7%EF%BC%86%E4%BC%81%E7%94%BB%E3%83%AF%E3%83%BC%E3%82%AF%E3%82%B7%E3%83%A7%E3%83%83%E3%83%97/,,,,藤沢市,藤沢市 SNSコンテンツ制作会社 -おすすめ -比較 -ランキング -求人 -まとめ
Heart Seed,https://heart-seed.jp/,,,,相模原市,相模原市 飲食店 SNS運用支援会社 -おすすめ -比較 -ランキング -求人 -まとめ
企業情報,https://www.cipaz.co.jp/wp/company/,,,,相模原市,相模原市 飲食店 SNS運用支援会社 -おすすめ -比較 -ランキング -求人 -まとめ
&Yell,https://www.sagamiene.jp/and_yell/,,,,相模原市,相模原市 飲食店 SNS運用支援会社 -おすすめ -比較 -ランキング -求人 -まとめ
相模原市 南区の地域密着Web制作・集客支援 › JMC-STUDIO,https://jmc-studio.jp/,,,,相模原市,相模原市 美容室 Instagram運用代行 -おすすめ -比較 -ランキング -求人 -まとめ
株式 会社 コアについて,https://core1ok.com/profile/,,,,相模原市,相模原市 不動産 SNSマーケティング会社 -おすすめ -比較 -ランキング -求人 -まとめ
神奈川県 相模原 の塾ならホタル塾,https://hotaru19.com/,,,,相模原市,相模原市 学習塾 SNS運用代行 -おすすめ -比較 -ランキング -求人 -まとめ
相模原市立 学校教員募集,https://www.city.sagamihara.kanagawa.jp/_res/projects/default_project/_page_/001/005/286/r05/01.pdf,,,,相模原市,相模原市 学習塾 SNS運用代行 -おすすめ -比較 -ランキング -求人 -まとめ
近隣の無料塾の紹介です,https://sagamihara-minori.jimdofree.com/%E7%9B%B8%E6%A8%A1%E5%8E%9F%E3%81%BF%E3%81%AE%E3%82%8A%E5%A1%BE%E3%81%A8%E3%81%AF/%E8%BF%91%E9%9A%A3%E3%81%AE%E7%84%A1%E6%96%99%E5%A1%BE%E7%B4%B9%E4%BB%8B/,,,,相模原市,相模原市 学習塾 SNS運用代行 -おすすめ -比較 -ランキング -求人 -まとめ
津久井校,https://second-challenge.net/school/tsukui/,,,,相模原市,相模原市 学習塾 SNS運用代行 -おすすめ -比較 -ランキング -求人 -まとめ
お問い合わせ,https://ts-sieg.com/contact-us/,,,,相模原市,相模原市 学習塾 SNS運用代行 -おすすめ -比較 -ランキング -求人 -まとめ
事例,https://reiwapr.jp/works,,,,相模原市,相模原市 採用広報 SNS運用会社 -おすすめ -比較 -ランキング -求人 -まとめ
自治体DXを支援する「 広報 プラス－わたしの    」を正式リリース ...,https://www.spiral-platform.co.jp/news-archives/votefor-2021-04-01/,,,,相模原市,相模原市 採用広報 SNS運用会社 -おすすめ -比較 -ランキング -求人 -まとめ
設立の背景,https://schoolwebsns.jp/company,,,,相模原市,相模原市 採用広報 SNS運用会社 -おすすめ -比較 -ランキング -求人 -まとめ
おちゃのこネット様向けに EC サイトの運営 代行 を始めました,https://anymama.jp/2023/01/22/ochanokonet/,,,,相模原市,相模原市 EC SNS運用代行 -おすすめ -比較 -ランキング -求人 -まとめ
相模原市 シティプロモーション,https://sagamihara-city.note.jp/,,,,相模原市,相模原市 EC SNS運用代行 -おすすめ -比較 -ランキング -求人 -まとめ
デザイナープロフィール,https://itabashi-kohsha.com/cms-data/file/common/%E5%B0%82%E9%96%80%E5%AE%B6%E3%83%97%E3%83%AD%E3%83%95%E3%82%A3%E3%83%BC%E3%83%AB_%E3%83%87%E3%82%B6%E3%82%A4%E3%83%B3%E9%A2%A8%E3%81%A8%E3%82%8F%E3%81%9F%E3%81%92_%E6%9D%BE%E7%94%B0%E6%9C%89%E9%87%8C%E5%A5%88_%E3%83%97%E3%83%AD%E3%83%95%E3%82%A3%E3%83%BC%E3%83%AB.pdf,,,,相模原市,相模原市 店舗 Instagram集客支援 -おすすめ -比較 -ランキング -求人 -まとめ
【平塚信用金庫】Web創業応援セミナー,https://www.samukawa-eg.jp/202501241135/5240/,,,,相模原市,相模原市 店舗 Instagram集客支援 -おすすめ -比較 -ランキング -求人 -まとめ
WEB作成・デザイン,https://ssz.or.jp/aruaru/topics/industry/i021,,,,相模原市,相模原市 SNSコンテンツ制作会社 -おすすめ -比較 -ランキング -求人 -まとめ
【直接応募】WEBマーケティング・ コンテンツ 企画担当,https://js02.jposting.net/p-c-s/u/job.phtml?job_code=81,,,,相模原市,相模原市 SNSコンテンツ制作会社 -おすすめ -比較 -ランキング -求人 -まとめ
ココピアワークス鎌倉：2025年度の地域連携の取り組み,https://cocopia-works.jp/blog/20260407/,,,,相模原市,相模原市 SNSコンテンツ制作会社 -おすすめ -比較 -ランキング -求人 -まとめ
