_row,_row,company_name,url,address,phone,maps_url,contact_url,message,sent_at,status,error_reason,screenshot_path,provider_used,提案区分,,区分,検出ワード,official_name,name_source,audit_state,audit_reason,category,evidence,resolved_url
2,2,株式会社クイックリー,https://quickly.co.jp,〒513-0027 三重県鈴鹿市岡田3,06-6770-9895,https://www.google.com/maps/place/%E6%A0%AA%E5%BC%8F%E4%BC%9A%E7%A4%BE%E3%82%AF%E3%82%A4%E3%83%83%E3%82%AF%E3%83%AA%E3%83%BC+%E4%B8%89%E9%87%8D%E3%82%AA%E3%83%95%E3%82%A3%E3%82%B9/data=!4m7!3m6!1s0x60038b947a555a1b:0x2b775078ff984f53!8m2!3d34.8796923!4d136.5503969!16s%2Fg%2F11fnbd7s0y!19sChIJG1pVepSLA2ARU0-Y_3hQdys?authuser=0&hl=ja&rclk=1,https://quickly.co.jp/contact/,,,,,,,,,,,株式会社クイックリー,company_label,exclude,direct_meo_competitor,,,https://quickly.co.jp
3,3,㈱ティーコネクト,https://tct-connect.com,〒064-0809 北海道札幌市中央区南９,011-206-6717,https://www.google.com/maps/place/%E3%88%B1%E3%83%86%E3%82%A3%E3%83%BC%E3%82%B3%E3%83%8D%E3%82%AF%E3%83%88/data=!4m7!3m6!1s0x5f0b29c12951caa7:0xa71b3f4f0e1ab1aa!8m2!3d43.0482559!4d141.3524434!16s%2Fg%2F11ty52557r!19sChIJp8pRKcEpC18RqrEaDk8_G6c?authuser=0&hl=ja&rclk=1,https://tct-connect.com/contact/,,,,,,,,,,,株式会社ティーコネクト,company_label,exclude,direct_meo_competitor,,,https://tct-connect.com
4,4,株式会社 LAM COMPANY,https://www.moji-lamcompany.com,〒801-0863 福岡県北九州市門司区栄町2,093-342-7321,https://www.google.com/maps/place/%E6%A0%AA%E5%BC%8F%E4%BC%9A%E7%A4%BE+LAM+COMPANY/data=!4m7!3m6!1s0x3543bf7f628ed251:0xb1a7ccb88c6b4353!8m2!3d33.9447457!4d130.9650354!16s%2Fg%2F11ffv3p7jn!19sChIJUdKOYn-_QzURU0NrjLjMp7E?authuser=0&hl=ja&rclk=1,https://www.moji-lamcompany.com#contact,,,,,,,,,,,株式会社 LAM,company_label,exclude,target_service_unconfirmed,,,https://www.moji-lamcompany.com
5,5,株式会社ogawa.,https://www.ogawa-cnct.com,〒431-3752 静岡県浜松市天竜区小川1,080-5117-1286,https://www.google.com/maps/place/%E6%A0%AA%E5%BC%8F%E4%BC%9A%E7%A4%BEogawa./data=!4m7!3m6!1s0xa15bd168e25f1231:0xfa67269192e81554!8m2!3d32.9998961!4d138.4293072!16s%2Fg%2F11msb8b2m2!19sChIJMRJf4mjRW6ERVBXokpEmZ_o?authuser=0&hl=ja&rclk=1,https://www.ogawa-cnct.com,,,,,,,,,,,株式会社ogawa,root_jsonld,exclude,target_service_unconfirmed,,,https://www.ogawa-cnct.com
6,6,株式会社 CAPサービス,https://cap-service.jp,〒541-0047 大阪府大阪市中央区淡路町3,0120-14-4551,https://www.google.com/maps/place/%E6%A0%AA%E5%BC%8F%E4%BC%9A%E7%A4%BE+CAP%E3%82%B5%E3%83%BC%E3%83%93%E3%82%B9/data=!4m7!3m6!1s0x6000e7c39cd4ec91:0x16c574318640c1c7!8m2!3d34.6871413!4d135.5012215!16s%2Fg%2F11h6x6147l!19sChIJkezUnMPnAGARx8FAhjF0xRY?authuser=0&hl=ja&rclk=1,https://cap-service.jp/contact/,,,,,,,,,,,株式会社 CAP,company_label,exclude,target_service_unconfirmed,,,https://cap-service.jp
7,7,株式会社Heart Seed（ハートシード） 相模原,https://heart-seed.jp,〒194-0021 東京都町田市中町3,042-850-9249,https://www.google.com/maps/place/%E6%A0%AA%E5%BC%8F%E4%BC%9A%E7%A4%BEHeart+Seed%EF%BC%88%E3%83%8F%E3%83%BC%E3%83%88%E3%82%B7%E3%83%BC%E3%83%89%EF%BC%89+%E7%9B%B8%E6%A8%A1%E5%8E%9F/data=!4m7!3m6!1s0x8107c0bdb7c05d6f:0x28b1549bdae3c771!8m2!3d35.5783565!4d139.3716854!16s%2Fg%2F11t6p3qptg!19sChIJb13At73AB4ERccfj2ptUsSg?authuser=0&hl=ja&rclk=1,https://heart-seed.jp/contact/,,,,,,,,,,,株式会社Heart,existing,exclude,target_service_unconfirmed,,,https://heart-seed.jp
8,8,イツモスマイルデジタルソリューションズ株式会社,https://itsumo-app.net,〒770-0022 徳島県徳島市佐古二番,088-677-8866,https://www.google.com/maps/place/%E3%82%A4%E3%83%84%E3%83%A2%E3%82%B9%E3%83%9E%E3%82%A4%E3%83%AB%E3%83%87%E3%82%B8%E3%82%BF%E3%83%AB%E3%82%BD%E3%83%AA%E3%83%A5%E3%83%BC%E3%82%B7%E3%83%A7%E3%83%B3%E3%82%BA%E6%A0%AA%E5%BC%8F%E4%BC%9A%E7%A4%BE/data=!4m7!3m6!1s0x3553730051124cb7:0xdb04409a2e397bd0!8m2!3d34.0775506!4d134.538559!16s%2Fg%2F11z15h4dnl!19sChIJt0wSUQBzUzUR0Hs5LppABNs?authuser=0&hl=ja&rclk=1,https://itsumo-app.net/itsumo-app.net/contact/,,,,,,,,,,,イツモスマイルデジタルソリューションズ株式会社,existing_english,exclude,target_service_unconfirmed,,,https://itsumo-app.net
9,9,株式会社Next Vision,https://www.nextvisionjp.net,〒663-8004 兵庫県西宮市下大市東町4,080-2527-3115,https://www.google.com/maps/place/%E6%A0%AA%E5%BC%8F%E4%BC%9A%E7%A4%BENext+Vision/data=!4m7!3m6!1s0x842c5fe48f543c53:0x67e989f1f34d9863!8m2!3d34.7570081!4d135.358472!16s%2Fg%2F11z7p7b941!19sChIJUzxUj-RfLIQRY5hN8_GJ6Wc?authuser=0&hl=ja&rclk=1,https://www.nextvisionjp.net/blank-3,,,,,,,,,,,株式会社Next,existing,exclude,duplicate_company_name,Web制作・クリエイティブ,動画制作 / 映像制作,https://www.nextvisionjp.net
10,10,岡山人材採用コンサルティング株式会社,https://ojs-consulting.com,岡山市 川入９５７−２４,050-5362-8177,https://www.google.com/maps/place/%E5%B2%A1%E5%B1%B1%E4%BA%BA%E6%9D%90%E6%8E%A1%E7%94%A8%E3%82%B3%E3%83%B3%E3%82%B5%E3%83%AB%E3%83%86%E3%82%A3%E3%83%B3%E3%82%B0%28%E6%A0%AA%29/data=!4m7!3m6!1s0x3553ff069ae44d15:0x819d3d9f6edc71a2!8m2!3d34.6549412!4d133.8447963!16s%2Fg%2F11j0yccc0p!19sChIJFU3kmgb_UzURonHcbp89nYE?authuser=0&hl=ja&rclk=1,https://ojs-consulting.com/youtube,,,,,,,,,,,岡山人材採用コンサルティング株式会社,existing_english,exclude,target_service_unconfirmed,,,https://ojs-consulting.com
11,11,株式会社and.W、and.M,https://www.andw.jp,〒887-2359 広島県福山市霞町一丁目,050-8887-2358,https://www.google.com/maps/place/%E6%A0%AA%E5%BC%8F%E4%BC%9A%E7%A4%BEand.W%E3%80%81and.M/data=!4m7!3m6!1s0x3551110014a9bd35:0xfb052a739b1935fa!8m2!3d34.4879982!4d133.3624212!16s%2Fg%2F11yv_3w9f5!19sChIJNb2pFAARUTUR-jUZm3MqBfs?authuser=0&hl=ja&rclk=1,https://www.andw.jp/複製-相続コンサルティング,,,,,,,,,,,株式会社and.W,existing,exclude,target_service_unconfirmed,,,https://www.andw.jp
12,12,株式会社 TOKINO,https://tokino-fudousan.com,那覇市 久米２丁目３−１５ 5階,098-880-6126,https://www.google.com/maps/place/%E6%A0%AA%E5%BC%8F%E4%BC%9A%E7%A4%BE+TOKINO/data=!4m7!3m6!1s0x34e569ca3631335b:0xda52c6634d85f299!8m2!3d26.2152154!4d127.6773632!16s%2Fg%2F11y5ftblv6!19sChIJWzMxNspp5TQRmfKFTWPGUto?authuser=0&hl=ja&rclk=1,https://tokino-fudousan.com/contact,,,,,,,,,,,株式会社 TOKINO,existing,exclude,target_service_unconfirmed,,,https://tokino-fudousan.com
13,13,株式会社スカイライトマーケティング,https://skylightmarketing.co.jp,〒530-0001 大阪府大阪市北区梅田2,06-7878-5697,https://www.google.com/maps/place/%E3%82%B9%E3%82%AB%E3%82%A4%E3%83%A9%E3%82%A4%E3%83%88%E3%83%9E%E3%83%BC%E3%82%B1%E3%83%86%E3%82%A3%E3%83%B3%E3%82%B0%E4%BB%99%E5%8F%B0%E4%BA%8B%E5%8B%99%E6%89%80/data=!4m7!3m6!1s0x5f8a29006162e007:0x31dee141e8b1961f!8m2!3d38.2703005!4d140.8686363!16s%2Fg%2F11njrvzmn4!19sChIJB-BiYQApil8RH5ax6EHh3jE?authuser=0&hl=ja&rclk=1,https://skylightmarketing.co.jp/wp/contact,,,,,,,,,,,株式会社スカイライトマーケティング,company_label,exclude,direct_meo_competitor,,,https://skylightmarketing.co.jp
14,14,eBIZ CREATE Inc.,https://ebiz-create.co.jp,〒963-8861 福島県郡山市鶴見坦3,050-5830-3593,,https://ebiz-create.co.jp#contact,,,,,,,,,,,eBIZ CREATE Inc,existing_english,exclude,direct_meo_competitor,,,https://ebiz-create.co.jp
15,15,ドリーム北海道株式会社,https://www.dreamhokkaido.com,〒060-0806 北海道札幌市北区北6,011-206-8561,,https://www.dreamhokkaido.com/contact.html,,,,,,,,,,,ドリーム北海道株式会社,existing_english,exclude,target_service_unconfirmed,,,https://www.dreamhokkaido.com
16,16,株式会社トラベーション 本社,https://travation.co.jp,〒569-1022 大阪府高槻市日吉台二番,,https://www.google.com/maps/place/%EF%BC%88%E6%A0%AA%EF%BC%89%E3%83%88%E3%83%A9%E3%83%99%E3%83%BC%E3%82%B7%E3%83%A7%E3%83%B3+%E6%9C%AC%E7%A4%BE/data=!4m7!3m6!1s0x60010300185ac137:0x60979cb02e0e58d4!8m2!3d34.8727056!4d135.6132346!16s%2Fg%2F11wnd_qh9n!19sChIJN8FaGAADAWAR1FgOLrCcl2A?authuser=0&hl=ja&rclk=1,https://travation.co.jp/contact/,,,,,,,,,,,株式会社トラベーション,company_label,exclude,target_service_unconfirmed,,,https://travation.co.jp
17,17,(c) 2024 UP RISING INC.,https://up-rising.jp,〒062-0055 北海道札幌市豊平区月寒東5,011-302-7758,,https://up-rising.jp/contact/flow/,,,,,,,,,,,株式会社アットプラスデザイン,root_jsonld,exclude,direct_meo_competitor,,,https://up-rising.jp
18,18,Rn Inc,https://rncompany.jp,〒980-0014 宮城県仙台市青葉区本町一丁目,011-252-7415,,https://rncompany.jp/contact/,,,,,,,,,,,Rn Inc,existing_english,exclude,target_service_unconfirmed,,,https://rncompany.jp
19,19,株式会社TSUTA-WORLD,https://tsuta-world.com,〒150-0045 東京都渋谷区神泉町1,03-6722-6776,,https://tsuta-world.com/contact,,,,,,,,,,,株式会社TSUTA-WORLD,company_label,exclude,target_service_unconfirmed,,,https://tsuta-world.com
20,20,LANTERN inc.,https://lantern-inc.jp,〒060-0908 北海道札幌市東区北8,050-8892-6129,,https://lantern-inc.jp/contact/partner,,,,,,,,,,,LANTERN inc,existing_english,exclude,target_service_unconfirmed,,,https://lantern-inc.jp
21,21,エシカル・スカイジャパン株式会社,https://ethicalskyjapan.com,〒160-0023 東京都新宿区西新宿3,080-7152-0315,,https://ethicalskyjapan.com/contact,,,,,,,,,,,エシカル・スカイジャパン株式会社,existing_english,exclude,target_service_unconfirmed,,,https://ethicalskyjapan.com
22,22,新日本一会株式会社,https://nj-ichie.com,〒102-0073 東京都千代田区九段北1,03-6272-3792,,,,,,,,,,,,,新日本一会株式会社,existing_english,exclude,target_service_unconfirmed,,,https://nj-ichie.com
23,23,えびすけ株式会社公式,http://ebisuke.co.jp,〒070-0875 北海道旭川市春光５,0166-85-6014,,,,,,,,,,,,,株式会社公式,existing,exclude,target_service_unconfirmed,,,https://www.ebisuke.com
24,24,株式会社アシスト 東京本社,https://assist-all.co.jp,〒102-0072 東京都千代田区飯田橋３,03-6866-7521,,https://assist-all.co.jp/contact/,,,,,,,,,,,株式会社アシスト,company_label,exclude,direct_meo_competitor,,,https://assist-all.co.jp
25,25,CARTA MARKETING FIRM Inc.,https://carta-marketing-firm.co.jp,〒105-5536 東京都港区虎ノ門2,03-6845-0227,,https://carta-marketing-firm.co.jp/contact/,,,,,,,,,,,CARTA MARKETING FIRM Inc,existing_english,exclude,target_service_unconfirmed,,,https://carta-marketing-firm.co.jp
26,26,冊子印刷・カタログ印刷・パンフレット印刷、印刷・製本のことなら福井の印刷会社、伊部印刷株式会社にお任せください。,https://ibeinsatsu.co.jp,〒915-0801 福井県越前市家久町2,0778-23-5037,,https://ibeinsatsu.co.jp/contact,,,,,,,,,,,株式会社にお任せください,existing,exclude,target_service_unconfirmed,,,https://ibeinsatsu.co.jp
27,27,Puzzle Inc.,https://www.kansai-ap.biz,〒553-0003 大阪府大阪市福島区福島7,06-7777-1560,,https://www.kansai-ap.biz/contactus/,,,,,,,,,,,Puzzle Inc,existing_english,exclude,target_service_unconfirmed,,,https://www.kansai-ap.biz
28,28,株式会社マインドファクトリー,https://www.mindfactory.co.jp,〒460-0007 愛知県名古屋市中区新栄二丁目,052-880-2131,,https://www.mindfactory.co.jp/contact,,,,,,,,,,,株式会社マインドファクトリー,existing,exclude,direct_meo_competitor,,,https://www.mindfactory.co.jp
29,29,- 2026 © FELLOWS Inc.,https://www.creators-station.jp,〒150-0021 東京都渋谷区恵比寿西1,03-5728-5580,,https://www.creators-station.jp/contact,,,,,,,,,,,FELLOWS Inc,existing_english,exclude,project_or_media_site,,,https://www.creators-station.jp
30,30,plus1株式会社,https://plus1nara.com,〒639-1017 奈良県大和郡山市藤原町2,050-5469-9723,,https://plus1nara.com/contact/,,,,,,,,,,,plus1株式会社,existing_english,exclude,target_service_unconfirmed,,,https://plus1nara.com
31,31,株式会社文化堂,https://bunkado-web.co.jp,〒960-8101 福島県福島市上町2,024-572-4443,,https://bunkado-web.co.jp/contact/,,,,,,,,,,,株式会社文化堂,company_label,exclude,target_service_unconfirmed,,,https://bunkado-web.co.jp
32,32,株式会社LINK PhotoWorks,https://link-photoworks.com,〒939-2706 富山県富山市婦中町速星8,076-464-5445,,https://link-photoworks.com#contact,,,,,,,,,,,株式会社LINK,existing,exclude,target_service_unconfirmed,,,https://link-photoworks.com
33,33,株式会社サマンサハート,https://samanthaheart.com,〒959-0215 新潟県燕市吉田下中野7,0256-92-3724,,https://samanthaheart.com/contact/,,,,,,,,,,,株式会社サマンサハート,company_jsonld,exclude,target_service_unconfirmed,,,https://samanthaheart.com
34,34,株式会社アグローヴ,https://www.aglobe.co.jp,〒542-0081 大阪府大阪市中央区南船場3,06-4704-6969,,https://www.aglobe.co.jp/contact,,,,,,,,,,,株式会社アグローヴ,company_label,exclude,weak_incidental_keyword,,,https://www.aglobe.co.jp
35,35,イノベーションズアイ株式会社,https://www.innovations-i.com,〒980-0013 宮城県 宮城県仙台市青葉区花京院1,,,https://www.innovations-i.com/contact/,,,,,,,,,,,イノベーションズアイ株式会社,existing_english,exclude,target_service_unconfirmed,,,https://www.innovations-i.com
36,36,新潟ベンチャーキャピタル株式会社,https://niigata-vc.co.jp,〒940-0061 新潟県長岡市城内町3,025-250-6306,,https://niigata-vc.co.jp/contact/,,,,,,,,,,,新潟ベンチャーキャピタル株式会社,existing_english,exclude,target_service_unconfirmed,,,https://niigata-vc.co.jp
37,37,株式会社NIAHO,https://niaho.co.jp,〒018-0311 秋田県にかほ市金浦字堀切6,,,https://niaho.co.jp/contact,,,,,,,,,,,株式会社NIAHO,existing,exclude,target_service_unconfirmed,,,https://niaho.co.jp
38,38,株式会社ヤギヤエンタープライズ,https://yagiya.co.jp,〒939-1383 富山県砺波市高道3,0763-32-1941,,https://yagiya.co.jp/contact/,,,,,,,,,,,株式会社ヤギヤエンタープライズ,company_label,exclude,target_service_unconfirmed,,,https://yagiya.co.jp
39,39,︎ 2023 ECAIB・AGENT Inc.,https://ecaib.co.jp,〒692-0011 島根県安来市安来町1,0854-26-4937,,https://ecaib.co.jp#contact,,,,,,,,,,,株式会社 ECAIB・AGENT,company_label,exclude,target_service_unconfirmed,,,https://ecaib.co.jp
40,40,aaoo inc.,https://aaoo.jp,〒980-0014 宮城県仙台市青葉区本町2,,,https://aaoo.jp/contact/,,,,,,,,,,,株式会社 aaoo,company_label,exclude,target_service_unconfirmed,,,https://aaoo.jp
41,41,株式会社 PLANT PLAN,https://plantplan.jp,〒150-0043 東京都渋谷区道玄坂1,,,https://plantplan.jp/contact/index.html,,,,,,,,,,,株式会社 PLANT,existing,exclude,target_service_unconfirmed,,,https://plantplan.jp
42,42,Dayalive Inc.,https://dayalive.jp,〒140-0001 東京都品川区北品川1,050-3204-2983,,https://dayalive.jp/contact,,,,,,,,,,,株式会社デイアライブ,company_label,exclude,target_service_unconfirmed,,,https://dayalive.jp
43,43,ファーストトレード株式会社,https://fast-trade.co.jp,〒919-0628 福井県あわら市大溝3,0776-73-0606,,https://fast-trade.co.jp/contact/,,,,,,,,,,,ファーストトレード株式会社,existing_english,exclude,target_service_unconfirmed,,,https://fast-trade.co.jp
44,44,knit Inc.,https://knit-inc.com,〒390-0874 長野県松本市大手3,050-5212-5574,,https://knit-inc.com/contact/,,,,,,,,,,,株式会社ニット,root_jsonld,exclude,target_service_unconfirmed,,,https://knit-inc.com
45,45,株式会社 山梨社,https://soie.jp,〒400-0015 山梨県甲府市大手1,055-252-9211,,https://soie.jp/contact/,,,,,,,,,,,株式会社 山梨社,company_label,exclude,target_service_unconfirmed,,,https://soie.jp
46,46,株式会社 日本ネットワークサービス,https://www.nns-catv.co.jp,〒400-8509 山梨県甲府市北口2,055-251-7111,,https://www.nns-catv.co.jp/contact/shuzai/,,,,,,,,,,,株式会社 日本ネットワークサービス,existing,exclude,target_service_unconfirmed,,,https://www.nns-catv.co.jp
47,47,株式会社セブンフィッシュホールディングス,https://seven-fish.jp,〒310-0011 茨城県水戸市三の丸2,029-352-9670,,,,,,,,,,,,,株式会社セブンフィッシュホールディングス,company_label,exclude,target_service_unconfirmed,,,https://seven-fish.jp
48,48,キャップクラウド株式会社 地域創生事業部,https://dotworkpj.com,〒403-0005 山梨県富士吉田市上吉田2,050-2018-7054,,https://dotworkpj.com/contact/,,,,,,,,,,,株式会社 地域創生事業部,existing,exclude,target_service_unconfirmed,,,https://dotworkpj.com
49,49,株式会社Genie,https://genie-inc.net,〒310-0836 茨城県水戸市元吉田町1,090-7725-6423,,https://genie-inc.net/inquiry/,,,,,,,,,,,株式会社Genie,existing,exclude,target_service_unconfirmed,,,https://genie-inc.net
50,50,株式会社コンライズ,https://i-kidsvillage.net,〒310-0841 茨城県水戸市酒門町3,029-306-6730,,https://i-kidsvillage.net/contact/,,,,,,,,,,,株式会社コンライズ,existing,exclude,target_service_unconfirmed,,,https://i-kidsvillage.net
51,51,Yappe株式会社,https://yappe-inc.jp,〒963-8814 福島県郡山市石渕町1,,,https://yappe-inc.jp/contact,,,,,,,,,,,Yappe株式会社,existing_english,exclude,target_service_unconfirmed,,,https://yappe-inc.jp
52,52,GoodNews株式会社,https://goodnews-inc.jp,〒305-0821 茨城県つくば市春日１,080-4403-6563,,https://goodnews-inc.jp#contact,,,,,,,,,,,GoodNews株式会社,existing_english,exclude,target_service_unconfirmed,,,https://goodnews-inc.jp
53,53,コア・イノベーション株式会社（旧 唐沢農機サービス）,https://recruit.karasawanouki.co.jp,〒389-0518 長野県東御市本海野1,0268-62-5262,,https://recruit.karasawanouki.co.jp/information,,,,,,,,,,,株式会社唐沢農機サービス,company_jsonld,exclude,target_service_unconfirmed,,,https://recruit.karasawanouki.co.jp
54,54,お客様、社員、社会から応援されて、お客様が自然に集まる仕組みづくりを支援する株式会社エムディー,https://www.mdinc.jp,〒300-1544 茨城県取手市山王８,0297-44-4622,,https://www.mdinc.jp/contact,,,,,,,,,,,株式会社エムディー,existing,exclude,target_service_unconfirmed,,,https://www.mdinc.jp
55,55,株式会社シーエスエム,https://csm-it.co.jp,〒370-0845 群馬県高崎市新後閑町4,0120-72-6633,,https://csm-it.co.jp/contact/,,,,,,,,,,,株式会社シーエスエム,root_jsonld,exclude,target_service_unconfirmed,,,https://csm-it.co.jp
56,56,株式会社ラストコンパス,https://lastcompass.co.jp,〒531-0072 大阪府大阪市北区豊崎3,06-6459-9690,,https://lastcompass.co.jp/contact,,,,,,,,,,,株式会社LAST,company_label,exclude,target_service_unconfirmed,,,https://lastcompass.co.jp
57,57,KOTOBUKI Medical 株式会社,https://kotobukimedical.com,〒340-0816 埼玉県八潮市中央4,048-951-5211,,https://kotobukimedical.com/contact/,,,,,,,,,,,KOTOBUKI Medical 株式会社,existing_english,exclude,target_service_unconfirmed,,,https://kotobukimedical.com
58,58,株式会社Griteen,https://company.griteen.com,〒305-0031 茨城県つくば市吾妻2,,,https://company.griteen.com/contact,,,,,,,,,,,株式会社Griteen,existing,exclude,target_service_unconfirmed,,,https://company.griteen.com
59,59,いしむら経営コンサルタント株式会社,https://www.ismrco.com,〒260-0031 千葉県千葉市中央区新千葉１,070-1304-5743,,https://www.ismrco.com/お問い合わせ/,,,,,,,,,,,いしむら経営コンサルタント株式会社,existing_english,exclude,target_service_unconfirmed,,,https://www.ismrco.com
60,60,株式会社 ARX,https://www.arx26.site,〒231-0027 神奈川県横浜市中区扇町3,045-278-6874,,https://www.arx26.site/contact/index.html,,,,,,,,,,,株式会社 ARX,existing,exclude,target_service_unconfirmed,,,https://www.arx26.site
61,61,株式会社ainak,https://ixmile.jp,〒262-0033 千葉県千葉市花見川区幕張本郷1,,,https://ixmile.jp#anc_contact,,,,,,,,,,,株式会社IXMILE,company_label,exclude,weak_incidental_keyword,,,https://ixmile.jp
62,62,株式会社コーセーコーポレーション,https://kosecorp.co.jp,〒210-0006 神奈川県川崎市川崎区砂子1,044-245-4736,,https://kosecorp.co.jp/contact/,,,,,,,,,,,株式会社コーセーコーポレーション,company_label,exclude,weak_incidental_keyword,,,https://kosecorp.co.jp
63,63,株式会社たしざん,https://www.tashizan.jp,〒156-0041 東京都世田谷区大原1,,,https://www.tashizan.jp/contact,,,,,,,,,,,株式会社たしざん,existing,exclude,target_service_unconfirmed,,,https://www.tashizan.jp
64,64,パワーコンテンツジャパン株式会社,https://crownmedia.jp,〒160-0018 東京都新宿区須賀町4,03-6824-0740,,https://crownmedia.jp/contact/,,,,,,,,,,,パワーコンテンツジャパン株式会社,existing_english,exclude,target_service_unconfirmed,,,https://crownmedia.jp
65,65,teco inc.,https://teco-inc.design,〒151-0065 東京都渋谷区大山町2,,,https://teco-inc.design/contact/,,,,,,,,,,,teco inc,existing_english,exclude,target_service_unconfirmed,,,https://teco-inc.design
66,66,厚木ガス株式会社,https://atsugigas.co.jp,〒105-8527 東京都港区海岸１,046-230-2353,,https://atsugigas.co.jp/contact/help/?open=08#cnt08more,,,,,,,,,,,厚木ガス株式会社,existing_english,exclude,target_service_unconfirmed,,,https://atsugigas.co.jp
67,67,カラージャパン株式会社,https://colorjapan.jp,〒211-0051 神奈川県川崎市中原区宮内 4,044-712-4691,,https://colorjapan.jp/contact,,,,,,,,,,,カラージャパン株式会社,existing_english,exclude,target_service_unconfirmed,,,https://colorjapan.jp
68,68,株式会社Nextwel,https://nextwel.co.jp,〒210-0007 神奈川県川崎市川崎区駅前本町1,,,https://nextwel.co.jp/contact,,,,,,,,,,,株式会社Nextwel,existing,exclude,target_service_unconfirmed,,,https://nextwel.co.jp
69,69,株式会社コア Core.inc,https://core1ok.com,〒252-0334 神奈川県相模原市 南区若松2,042-743-3085,,https://core1ok.com/contact/,,,,,,,,,,,株式会社コア,company_label,exclude,target_service_unconfirmed,,,https://core1ok.com
70,70,transcosmos online communications株式会社,https://transcosmos-online.com,〒170-6015 東京都豊島区東池袋三丁目,03-5904-9091,,https://transcosmos-online.com/contact/index.html,,,,,,,,,,,transcosmos online communications株式会社,existing_english,exclude,target_service_unconfirmed,,,https://transcosmos-online.com
71,71,株式会社ファミリーロマンス,https://family-romance.com,〒135-0064 東京都江東区青海2,0120-949-341,,https://family-romance.com/media-contact,,,,,,,,,,,株式会社ファミリーロマンス,existing,exclude,target_service_unconfirmed,,,https://family-romance.com
72,72,三方良し株式会社,https://sanpoyoshi.site,〒251-0003 神奈川県藤沢市柄沢二丁目,070-9252-4273,,https://sanpoyoshi.site/contact#form-1,,,,,,,,,,,三方良し株式会社,existing_english,exclude,target_service_unconfirmed,,,https://sanpoyoshi.site
73,73,らいおんハート合同会社,https://lion-heart.jp,〒031-0075 青森県八戸市内丸3,0178-20-0482,,https://lion-heart.jp/%e3%81%8a%e5%95%8f%e3%81%84%e5%90%88%e3%82%8f%e3%81%9b/,,,,,,,,,,,らいおんハート合同会社,existing_english,exclude,target_service_unconfirmed,,,https://lion-heart.jp
74,74,株式会社POTETO Media,https://poteto.media,〒107-0062 東京都港区南青山7,03-6822-6646,,https://poteto.media/contact,,,,,,,,,,,株式会社POTETO,company_label,exclude,target_service_unconfirmed,,,https://poteto.media
75,75,株式会社メイジン,https://mayzin-g.co.jp,〒980-0021 宮城県仙台市青葉区中央1,022-797-0861,,https://mayzin-g.co.jp/contact/,,,,,,,,,,,株式会社メイジン,company_label,exclude,target_service_unconfirmed,,,https://mayzin-g.co.jp
76,76,富士フイルムBI山形株式会社,https://fujifilm-fbyamagata.com,〒990-2492 山形県山形市鉄砲町2,023-624-2468,,https://fujifilm-fbyamagata.com/contact/,,,,,,,,,,,富士フイルムBI山形株式会社,existing_english,exclude,target_service_unconfirmed,,,https://fujifilm-fbyamagata.com
77,77,株式会社スターズテック StarsTech,https://stars-tech.jp,〒961-8041 福島県西白河郡西郷村字豊作東5,090-2880-0011,,,,,,,,,,,,,株式会社スターズテック,existing,exclude,target_service_unconfirmed,,,https://stars-tech.jp
78,78,株式会社柳沢建設,https://yanagi-k.co.jp,〒018-5421 秋田県鹿角市十和田大湯字川原ノ湯1,0186-37-2129,,https://yanagi-k.co.jp/contact,,,,,,,,,,,株式会社柳沢建設,existing,exclude,target_service_unconfirmed,,,https://yanagi-k.co.jp
79,79,株式会社アクトパス,https://aqutpas.co.jp,〒214-3653 福島県・高湯温泉観光協会は、2,03-3524-2681,,https://aqutpas.co.jp/contact/,,,,,,,,,,,株式会社アクトパス,company_jsonld,exclude,target_service_unconfirmed,,,https://aqutpas.co.jp
80,80,Saleslab Inc.,https://www.saleslab.page,〒305-0031 茨城県つくば市吾妻1,050-5211-8446,,https://www.saleslab.page/contact,,,,,,,,,,,Saleslab Inc,existing_english,exclude,target_service_unconfirmed,,,https://www.saleslab.page
81,81,Embedsocial Japan株式会社,https://embedsocial.jp,〒919-2107 福井県大飯郡おおい町成海1,050-3000-8938,,https://embedsocial.jp/contact/,,,,,,,,,,,Embedsocial Japan株式会社,existing_english,exclude,target_service_unconfirmed,,,https://embedsocial.jp
82,82,株式会社アムル,https://amlab.co.jp,〒340-0808 埼玉県八潮市緑町1,0570-01-7721,,https://amlab.co.jp/contact,,,,,,,,,,,株式会社アムル,existing,exclude,target_service_unconfirmed,,,https://amlab.co.jp
83,83,株式会社アールイーナンバー,https://renumber.co.jp,〒299-3219 千葉県大網白里市南飯塚4,0475-71-3675,,https://renumber.co.jp/contact/,,,,,,,,,,,株式会社アールイーナンバー,existing,exclude,target_service_unconfirmed,,,https://renumber.co.jp
84,84,沖田財産コンサルティング株式会社はこちら,https://okita-office.com,〒332-0012 埼玉県川口市本町4,048-228-2501,,https://okita-office.com/contact/,,,,,,,,,,,株式会社はこちら,existing,exclude,target_service_unconfirmed,,,https://okita-office.com
85,85,Design Engineering（運営元： JHM 日本訪問医療株式会社 ）,https://design-engineering.co.jp,〒260-0016 千葉県千葉市中央区栄町3,090-1091-9103,,https://design-engineering.co.jp/contact/,,,,,,,,,,,Design Engineering（運営元： JHM 日本訪問医療株式会社,existing_english,exclude,weak_incidental_keyword,,,https://design-engineering.co.jp
86,86,株式会社NITACO,https://nitaco.jp,〒150-0043 東京都渋谷区道玄坂1,090-6698-6866,,https://nitaco.jp/contact/,,,,,,,,,,,株式会社NITACO,company_label,exclude,target_service_unconfirmed,,,https://nitaco.jp
87,87,株式会社WeBridge,https://webridge.co.jp,〒160-0023 東京都新宿区西新宿2,03-6258-0447,,https://webridge.co.jp/service-contact/,,,,,,,,,,,株式会社WeBridge,company_jsonld,exclude,direct_meo_competitor,,,https://webridge.co.jp
88,88,東京水道株式会社,https://www.tokyowater.co.jp,〒163-1337 東京都新宿区西新宿六丁目,03-3343-4560,,https://www.tokyowater.co.jp/inquiry/,,,,,,,,,,,東京水道株式会社,existing_english,exclude,target_service_unconfirmed,,,https://www.tokyowater.co.jp
89,89,GOAT株式会社,https://goat-groups.com,〒550-0014 大阪府大阪市西区北堀江1,,,https://goat-groups.com/contact,,,,,,,,,,,GOAT株式会社,existing_english,exclude,weak_incidental_keyword,,,https://goat-groups.com
90,90,ちばぎん商店株式会社,https://cbmnet.co.jp,〒260-0015 千葉県千葉市中央区富士見2,043-441-7270,,https://cbmnet.co.jp/contact,,,,,,,,,,,ちばぎん商店株式会社,existing_english,exclude,target_service_unconfirmed,,,https://cbmnet.co.jp
91,91,合同会社カウノイ,https://s-yeg.gr.jp,〒252-0239 神奈川県相模原市中央区中央3,050-3638-3625,,https://s-yeg.gr.jp/contact,,,,,,,,,,,合同会社カウノイ,existing,exclude,target_service_unconfirmed,,,https://s-yeg.gr.jp
92,92,東京都のリフォームなら株式会社LINE REFORM SUPPORT,https://line-rs.co.jp,〒133-0073 東京都江戸川区鹿骨2,03-6638-9804,,https://line-rs.co.jp/contact/,,,,,,,,,,,株式会社LINE,existing,exclude,target_service_unconfirmed,,,https://line-rs.co.jp
93,93,"HURE Design,inc.",https://hure-design.com,〒101-0032 東京都千代田区岩本町1,03-5843-8747,,https://hure-design.com#contact,,,,,,,,,,,"HURE Design,inc",existing_english,exclude,target_service_unconfirmed,,,https://hure-design.com
94,94,"shoubunsha Group, Inc.",https://shoubunsha.com,〒251-0047 神奈川県藤沢市辻堂５,,,https://shoubunsha.com/wp4/inquiry/,,,,,,,,,,,"shoubunsha Group, Inc",existing_english,exclude,target_service_unconfirmed,,,https://shoubunsha.com
95,95,株式会社ram,https://raminc.jp,〒959-2021 新潟県阿賀野市中央町1,0250-63-2285,,https://raminc.jp/contact/,,,,,,,,,,,株式会社ram,existing,exclude,target_service_unconfirmed,,,https://raminc.jp
96,96,株式会社雪原学舎,https://setsugen-gakusha.jp,〒949-8503 新潟県十日町市本屋敷丁5,025-757-8125,,https://setsugen-gakusha.jp/contact/,,,,,,,,,,,株式会社雪原学舎,company_label,exclude,target_service_unconfirmed,,,https://setsugen-gakusha.jp
97,97,ジャイロ総合コンサルティング株式会社,https://jairo.co.jp,〒103-0007 東京都中央区日本橋浜町3,03-3808-2241,,https://jairo.co.jp/contact/,,,,,,,,,,,ジャイロ総合コンサルティング株式会社,existing_english,exclude,target_service_unconfirmed,,,https://jairo.co.jp
98,98,株式会社 食農夢創,https://shokunoumuso.jp,〒225-0011 神奈川県横浜市青葉区あざみ野4,,,https://shokunoumuso.jp/contactus/,,,,,,,,,,,株式会社 食農夢創,company_label,exclude,target_service_unconfirmed,,,https://shokunoumuso.jp
99,99,フードダイバーシティ株式会社,https://halalmedia.jp,〒111-0034 東京都台東区雷門1,03-5811-1947,,https://halalmedia.jp/ja/contactus/,,,,,,,,,,,フードダイバーシティ株式会社,existing_english,exclude,target_service_unconfirmed,,,https://halalmedia.jp
100,100,MIKATA Holdings Inc.,https://www.mikata-hd.co.jp,〒150-0021 東京都渋谷区恵比寿西2,03-6712-7533,,https://www.mikata-hd.co.jp/contact/,,,,,,,,,,,MIKATA Holdings Inc,existing_english,exclude,target_service_unconfirmed,,,https://www.mikata-hd.co.jp
101,101,プルチャーム株式会社,https://pulchram.co.jp,〒153-0042 東京都目黒区青葉台三丁目,03-6455-2311,,https://pulchram.co.jp/contact,,,,,,,,,,,プルチャーム株式会社,existing_english,exclude,target_service_unconfirmed,,,https://pulchram.co.jp
102,102,福井の経営コンサル・Webコンサルの株式会社PTOK,https://ptok-consulting.co.jp,〒910-0844 福井県福井市長本町2,,,https://ptok-consulting.co.jp/contact.html,,,,,,,,,,,株式会社PTOK,existing,exclude,target_service_unconfirmed,,,https://ptok-consulting.co.jp
103,103,株式会社ハイデフ,https://www.highdef.jp,〒943-0173 新潟県上越市富岡2,,,https://www.highdef.jp/contact/,,,,,,,,,,,株式会社ハイデフ,existing,exclude,target_service_unconfirmed,,,https://www.highdef.jp
104,104,TIS長野株式会社 (TIS Nagano Inc.),https://tis-n.co.jp,〒390-0815 長野県松本市深志1,0263-38-6000,,https://www.tis-n.co.jp/contact/community-guidelines/,,,,,,,,,,,TIS長野株式会社 (TIS Nagano Inc,existing_english,exclude,target_service_unconfirmed,,,https://tis-n.co.jp
105,105,株式会社Seventh Generation Project,https://sgdx.jp,〒520-0112 滋賀県大津市日吉台3,080-2145-5019,,https://sgdx.jp/company#form1,,,,,,,,,,,株式会社Seventh,existing,exclude,target_service_unconfirmed,,,https://sgdx.jp
106,106,InClusive Inc.,https://s-inclusive-inc.netlify.app,〒107-0061 東京都港区北青山一丁目,,,https://s-inclusive-inc.netlify.app#contact,,,,,,,,,,,株式会社InClusive,company_label,exclude,target_service_unconfirmed,,,https://s-inclusive-inc.netlify.app
107,107,株式会社Kei’s,https://keis.co.jp,〒554-0002 大阪府大阪市此花区伝法6,06-6147-9364,,https://keis.co.jp/contact/,,,,,,,,,,,株式会社Kei,company_jsonld,exclude,target_service_unconfirmed,,,https://keis.co.jp
108,108,MetaGate株式会社,https://kyobusi.kyoto,〒604-0033 京都府京都市下京区朱雀宝蔵町4,075-315-8590,,https://kyobusi.kyoto/contact/,,,,,,,,,,,MetaGate株式会社,existing_english,exclude,target_service_unconfirmed,,,https://kyobusi.kyoto
109,109,ReCM株式会社,https://www.recm.jp,〒510-0075 三重県四日市市安島2,,,https://www.recm.jp/contact.html,,,,,,,,,,,ReCM株式会社,existing_english,exclude,target_service_unconfirmed,,,https://www.recm.jp
110,110,株式会社 プラウドレイク,https://www.proudlake.co.jp,〒523-0891 滋賀県近江八幡市鷹飼町5,,,https://www.proudlake.co.jp#contact,,,,,,,,,,,株式会社 プラウドレイク,existing,exclude,target_service_unconfirmed,,,https://www.proudlake.co.jp
111,111,合同会社 Circular Thanks Circular Thanks LLC.,https://circularthanks.com,〒992-0003 山形県米沢市窪田町窪田3,080-3245-8293,,https://circularthanks.com/contact/,,,,,,,,,,,合同会社 Circular,company_label,exclude,direct_meo_competitor,,,https://circularthanks.com
112,112,株式会社モザイクワーク,https://mosaicwork.co.jp,〒106-0045 東京都港区麻布十番,03-6804-2654,,https://mosaicwork.co.jp/human-resources-consulting/,,,,,,,,,,,株式会社モザイクワーク,root_jsonld,exclude,target_service_unconfirmed,,,https://mosaicwork.co.jp
113,113,ティ・アイ・エス株式会社,https://www.tislook.com,〒920-0022 石川県金沢市北安江2,076-265-5066,,https://www.tislook.com/service/contact.php,,,,,,,,,,,ティ・アイ・エス株式会社,existing_english,exclude,target_service_unconfirmed,,,https://www.tislook.com
114,114,合同会社tomosaki,https://tomosaki-creative.jp,〒918-8076 福井県福井市本堂町第8,080-8995-7316,,https://tomosaki-creative.jp/contact,,,,,,,,,,,合同会社tomosaki,existing,exclude,target_service_unconfirmed,,,https://tomosaki-creative.jp
115,115,株式会社DP-GUILD,https://dp-guild.com,〒520-3333 滋賀県甲賀市甲南町希望ケ丘3,,,https://dp-guild.com/contact,,,,,,,,,,,株式会社DP-GUILD,company_jsonld,exclude,target_service_unconfirmed,,,https://dp-guild.com
116,116,エクネス株式会社,https://www.exness.co.jp,〒916-0037 福井県鯖江市上河端町3,0778-42-6730,,https://www.exness.co.jp/contact-us,,,,,,,,,,,エクネス株式会社,existing_english,exclude,target_service_unconfirmed,,,https://www.exness.co.jp
117,117,株式会社hobby,https://hobby.raku2hp.jp,〒070-0039 北海道旭川市9,,,https://hobby.raku2hp.jp#contact,,,,,,,,,,,株式会社hobby,existing,exclude,target_service_unconfirmed,,,https://hobby.raku2hp.jp
118,118,activo inc,https://activo.jp,〒080-0011 北海道帯広市西1,,,https://activo.jp/contact,,,,,,,,,,,株式会社activo,company_jsonld,exclude,target_service_unconfirmed,,,https://activo.jp
119,119,有限会社アスク,https://nakayama-kaikei.com,〒921-8161 石川県金沢市有松2,076-243-5233,,https://nakayama-kaikei.com/mail/,,,,,,,,,,,株式会社中山パートナーズ保険舎,company_label,exclude,target_service_unconfirmed,,,https://nakayama-kaikei.com
120,120,株式会社Do（Do Inc.）,https://do-inc.jp,〒104-0061 東京都中央区銀座1,03-6685-8282,,https://do-inc.jp/#contact,,,,,,,,,,,株式会社Do,company_label,exclude,duplicate_company_name,Web制作・クリエイティブ,動画制作 / ブランディング,https://do-inc.jp
121,121,運営：有限会社マネジメントブレーン,https://access-club.info,〒371-0805 群馬県前橋市南町1,027-257-9466,,https://access-club.info/contact,,,,,,,,,,,有限会社マネジメントブレーン,existing,exclude,target_service_unconfirmed,,,https://access-club.info
122,122,東一宇都宮青果株式会社～安心・安全な大地の恵みを食卓へ～,https://to-utsunomiya.jp,〒321-0933 栃木県宇都宮市簗瀬町1,028-637-6100,,https://to-utsunomiya.jp/contact,,,,,,,,,,,東一宇都宮青果株式会社～安心・安全な大地の恵みを食卓へ～,existing_english,exclude,target_service_unconfirmed,,,https://to-utsunomiya.jp
123,123,川崎市場管理株式会社,https://saiwai-ichiba.jp,〒212-0016 神奈川県川崎市幸区南幸町3,044-223-7140,,https://saiwai-ichiba.jp/contact/,,,,,,,,,,,川崎市場管理株式会社,existing_english,exclude,target_service_unconfirmed,,,https://saiwai-ichiba.jp
124,124,CRAVIA Inc.,https://cravia.jp,〒105-0012 東京都港区芝大門2,03-6435-7130,,https://cravia.jp/contact,,,,,,,,,,,CRAVIA Inc,existing_english,exclude,target_service_unconfirmed,,,https://cravia.jp
125,125,株式会社トピカ,https://yrglm.co.jp,〒100-0006 東京都千代田区有楽町２,,,https://forms.gle/DDksZkLHDs5aQdAn6,,,,,,,,,,,株式会社イルグルム,root_jsonld,exclude,target_service_unconfirmed,,,https://yrglm.co.jp
126,126,株式会社 MoneyGO（プラスIT事業部）,https://plus-it.biz,〒380-0921 長野県長野市栗田2,,,https://plus-it.biz/contact/,,,,,,,,,,,株式会社 MoneyGO,company_label,exclude,target_service_unconfirmed,,,https://plus-it.biz
127,127,株式会社絆,https://shizuoka-kizuna.com,〒420-0039 静岡県静岡市葵区上石町５,054-270-3024,,,,,,,,,,,,,株式会社絆,company_label,exclude,target_service_unconfirmed,,,https://shizuoka-kizuna.com
128,128,株式会社AZ antiques japan,https://az-antiques.jp,〒464-0801 愛知県名古屋市千種区星ヶ丘二丁目,090-5710-4346,,https://az-antiques.jp/contact/,,,,,,,,,,,株式会社AZ,existing,exclude,target_service_unconfirmed,,,https://az-antiques.jp
129,129,TikStar株式会社,https://tikstar.jp,〒460-0011 愛知県名古屋市中区大須４,052-385-9679,,https://tikstar.jp/?contact/,,,,,,,,,,,TikStar株式会社,existing_english,exclude,target_service_unconfirmed,,,https://tikstar.jp
130,130,株式会社GeoDesign,https://www.geodesign.in,〒430-0929 静岡県浜松市中央区 中央2,053-528-7561,,https://www.geodesign.in/otoiawase/,,,,,,,,,,,株式会社GeoDesign,company_label,exclude,target_service_unconfirmed,,,https://www.geodesign.in
131,131,株式会社アイデアプラス,https://idea-plus.co.jp,〒460-0008 愛知県名古屋市中区栄2,,,https://idea-plus.co.jp/contact/,,,,,,,,,,,株式会社アイデアプラス,company_jsonld,exclude,target_service_unconfirmed,,,https://idea-plus.co.jp
132,132,株式会社プライズメント,https://prizement.co.jp,〒440-0864 愛知県豊橋市向山町字水車1,0532-65-3015,,https://prizement.co.jp/contact/,,,,,,,,,,,株式会社プライズメント,company_label,exclude,target_service_unconfirmed,,,https://prizement.co.jp
133,133,ミクスネットワーク株式会社,https://www.catvmics.ne.jp,〒444-2137 愛知県岡崎市薮田一丁目,0564-25-5066,,https://www.catvmics.ne.jp/inquiry/,,,,,,,,,,,ミクスネットワーク株式会社,existing_english,exclude,target_service_unconfirmed,,,https://www.catvmics.ne.jp
134,134,株式会社ビジネスコネクション,https://j-sa.jp,〒351-0101 埼玉県和光市白子3,,,https://j-sa.jp/contact.html,,,,,,,,,,,株式会社ビジネスコネクション,company_label,exclude,target_service_unconfirmed,,,https://j-sa.jp
135,135,株式会社クラブネッツ,https://www.clubnets.jp,〒150-0002 東京都渋谷区渋谷3,03-5466-2277,,https://www.clubnets.jp/contact,,,,,,,,,,,株式会社クラブネッツ,company_label,exclude,target_service_unconfirmed,,,https://www.clubnets.jp
136,136,株式会社モビリティナビ,https://mobi-navi.jp,〒514-0821 三重県津市垂水9,059-226-2181,,https://mobi-navi.jp/contact/,,,,,,,,,,,株式会社モビリティナビ,company_label,exclude,target_service_unconfirmed,,,https://mobi-navi.jp
137,137,株式会社 Neo Cube,https://neologic.neo-cube.jp,〒510-0007 三重県四日市市別名2,059-333-6507,,https://neologic.neo-cube.jp/p/00007,,,,,,,,,,,株式会社 Neo,company_jsonld,exclude,target_service_unconfirmed,,,https://neologic.neo-cube.jp
138,138,株式会社GLOW FLAG,https://glowflag.jp,〒990-0331 山形県東村山郡山辺町大字大寺3,050-3706-1021,,https://glowflag.jp/contact,,,,,,,,,,,株式会社 GLOW,company_label,exclude,direct_meo_competitor,,,https://glowflag.jp
139,139,株式会社ゆいコーポレーション,https://yuicorporation.co.jp,〒003-0002 北海道札幌市白石区東札幌2,011-376-1319,,https://yuicorporation.co.jp/wp/information/,,,,,,,,,,,株式会社ゆいコーポレーション,company_label,exclude,target_service_unconfirmed,,,https://yuicorporation.co.jp
140,140,株式会社リバティタウン,https://libertytown.co.jp,〒153-0042 東京都目黒区青葉台3,,,https://libertytown.co.jp/contact,,,,,,,,,,,株式会社リバティタウン,company_label,exclude,target_service_unconfirmed,,,https://libertytown.co.jp
141,141,株式会社Complatについて,http://complat.jp,〒622-0201 京都府船井郡京丹波町下山岩ノ上7,050-3126-0966,,http://complat.jp/contact/,,,,,,,,,,,株式会社Complat,company_label,exclude,target_service_unconfirmed,,,http://complat.jp
142,142,株式会社makes,https://makesweb.com,〒141-0032 東京都品川区大崎3,03-6432-5046,,https://makesweb.com/contact/,,,,,,,,,,,株式会社makes,existing,exclude,target_service_unconfirmed,,,https://makesweb.com
143,143,株式会社 CRAMBERS 株式会社クランバーズ,https://crambers.com,〒078-8343 北海道旭川市東光３,011-206-6852,,https://crambers.com/contact/,,,,,,,,,,,株式会社 CRAMBERS,company_label,exclude,weak_incidental_keyword,,,https://crambers.com
144,144,株式会社建匠,https://kensho-akita.com,〒014-0066 秋田県大仙市川目字町東9,0187-62-0063,,https://kensho-akita.com/contact/,,,,,,,,,,,株式会社建匠,company_label,exclude,target_service_unconfirmed,,,https://kensho-akita.com
145,145,合同会社てのん,https://web-re.net,〒981-1248 宮城県名取市相互台東1,050-3561-8577,,https://web-re.net/service/,,,,,,,,,,,合同会社てのん,company_label,exclude,target_service_unconfirmed,,,https://web-re.net
146,146,株式会社フロンティアコーポレーション,https://fclive21.com,〒970-0312 福島県いわき市折戸字岸浦3,0120-84-8937,,,,,,,,,,,,,株式会社フロンティアコーポレーション,existing,exclude,target_service_unconfirmed,,,https://fclive21.com
147,147,ULTRA SOCIAL株式会社,https://tokyo-tsushin.com,〒106-0032 東京都港区六本木3,,,https://tokyo-tsushin.com/inquiry/,,,,,,,,,,,株式会社東京通信グループ,company_label,exclude,target_service_unconfirmed,,,https://tokyo-tsushin.com
148,148,株式会社 塾と教育社,http://www.juku-kyoiku.com,〒162-0822 東京都新宿区下宮比町2,,,http://www.juku-kyoiku.com/contact/,,,,,,,,,,,株式会社 塾と教育社,existing,exclude,target_service_unconfirmed,,,http://www.juku-kyoiku.com
149,149,有限会社佐野機工,https://www.sanokiko.co.jp,〒321-4363 栃木県真岡市亀山1,0285-82-4522,,https://www.sanokiko.co.jp/contact?type=security,,,,,,,,,,,有限会社佐野機工,company_label,exclude,target_service_unconfirmed,,,https://www.sanokiko.co.jp
150,150,株式会社総研リース,https://masouken.com,〒100-0005 東京都千代田区丸の内1,0120-401-970,,https://masouken.com/contact,,,,,,,,,,,株式会社M&A総合研究所,company_label,exclude,target_service_unconfirmed,,,https://masouken.com
151,151,株式会社もとやま不動産,https://www.motoyama-fudosan.com,〒343-0807 埼玉県越谷市赤山町4,0120-597-855,,https://www.motoyama-fudosan.com/contact/,,,,,,,,,,,株式会社もとやま不動産,existing,exclude,target_service_unconfirmed,,,https://www.motoyama-fudosan.com
152,152,株式会社 相広タイヤ商会,https://www.aihiro.com,〒245-2222 埼玉県川越市新宿町5,049-245-2222,,https://www.aihiro.com/contact/contacts/,,,,,,,,,,,株式会社相広タイヤ商会,company_label,exclude,target_service_unconfirmed,,,https://www.aihiro.com
153,153,合同会社motsu.,https://motsu.net,〒343-0836 埼玉県越谷市蒲生寿町1,048-967-5604,,https://motsu.net/#contact,,,,,,,,,,,合同会社motsu,existing,exclude,target_service_unconfirmed,,,https://motsu.net
154,154,当社は辻・本郷 ITコンサルティング株式会社,https://colony-i.com,〒162-0845 東京都新宿区市谷本村町2,097-574-8391,,https://colony-i.com/contact/,,,,,,,,,,,当社は辻・本郷 ITコンサルティング株式会社,existing_english,exclude,target_service_unconfirmed,,,https://colony-i.com
155,155,"株式会社マイホーム Co.,Ltd. All Right Reserved.",https://www.myhome-co.com,〒263-0034 千葉県千葉市稲毛区稲毛1,043-203-5557,,https://www.myhome-co.com/contact,,,,,,,,,,,株式会社マイ,existing,exclude,target_service_unconfirmed,,,https://www.myhome-co.com
156,156,DHE株式会社,https://www.dhe.co.jp,〒150-0021 東京都渋谷区恵比寿西2,03-5784-2088,,https://www.dhe.co.jp/contact/,,,,,,,,,,,DHE株式会社,existing_english,exclude,target_service_unconfirmed,,,https://www.dhe.co.jp
157,157,藤化成株式会社,https://fujix.jp,〒272-0033 千葉県市川市平田2,047-326-3575,,https://fujix.jp/contact/,,,,,,,,,,,藤化成株式会社,existing_english,exclude,target_service_unconfirmed,,,https://fujix.jp
158,158,合同会社 縁人,https://engine-kashiwa.com,〒277-0843 千葉県柏市明原2,04-7197-4706,,https://docs.google.com/forms/d/e/1FAIpQLSdcqGGdPhpc-G5UKton-Ak5y6eAv3LmiG2qVN3oKHMYXuxkWw/viewform,,,,,,,,,,,合同会社 縁人,existing,exclude,target_service_unconfirmed,,,https://engine-kashiwa.com
159,159,Inagora株式会社,https://www.inagora.com,〒108-0014 東京都港区芝四丁目,,,https://www.inagora.com/contact,,,,,,,,,,,Inagora株式会社,existing_english,exclude,target_service_unconfirmed,,,https://www.inagora.com
160,160,JC Connect 株式会社.,https://www.jc-connect.co.jp,〒160-0004 東京都新宿区四谷2,03-5360-7066,,https://www.jc-connect.co.jp/contact2,,,,,,,,,,,JC Connect 株式会社,existing_english,exclude,target_service_unconfirmed,,,https://www.jc-connect.co.jp
161,161,株式会社ALT（アルト）,https://a-l-t.net,〒064-0805 北海道札幌市中央区南5,,,https://a-l-t.net/products/formia,,,,,,,,,,,株式会社ALT,company_label,exclude,target_service_unconfirmed,,,https://a-l-t.net
162,162,株式会社AXIDEA（アクシディア）- 好立地高利回りの不動産のことなら,https://www.axidea.co.jp,〒105-0021 東京都港区東新橋2,,,https://www.axidea.co.jp/contact/,,,,,,,,,,,株式会社AXIDEA,company_label,exclude,target_service_unconfirmed,,,https://www.axidea.co.jp
163,163,株式会社PLAYFUL,https://home-play-ful.jp,〒981-1106 宮城県仙台市太白区柳生7,050-3562-6371,,https://home-play-ful.jp/contact/,,,,,,,,,,,株式会社PLAYFUL,company_label,exclude,target_service_unconfirmed,,,https://home-play-ful.jp
164,164,合同会社ワニナルプロジェクト,https://waninaru-project.com,〒300-2645 茨城県つくば市上郷2,029-811-6275,,https://waninaru-project.com/contact/,,,,,,,,,,,合同会社ワニナルプロジェクト,company_label,exclude,target_service_unconfirmed,,,https://waninaru-project.com
165,165,合同会社グローベラ,https://www.glowbera.jp,〒332-0001 埼玉県川口市朝日3,048-234-6308,,https://www.glowbera.jp/lightning-g3/information/,,,,,,,,,,,合同会社グローベラ,company_label,exclude,target_service_unconfirmed,,,https://www.glowbera.jp
166,166,レイテック株式会社,https://reitechjp.com,〒106-0032 東京都港区六本木一丁目,,,https://reitechjp.com/contact/,,,,,,,,,,,レイテック株式会社,existing_english,exclude,target_service_unconfirmed,,,https://reitechjp.com
167,167,東京の印刷会社 東京ビジネス株式会社,https://www.tbp.co.jp,〒130-0022 東京都墨田区江東橋5,03-5600-4641,,https://www.tbp.co.jp/inquiry/,,,,,,,,,,,東京の印刷会社 東京ビジネス株式会社,existing_english,exclude,target_service_unconfirmed,,,https://www.tbp.co.jp
168,168,ダイキサウンド株式会社,https://www.daiki-sound.jp,〒107-0052 東京都港区赤坂2,050-5305-9193,,https://www.daiki-sound.jp/contact,,,,,,,,,,,ダイキサウンド株式会社,existing_english,exclude,target_service_unconfirmed,,,https://www.daiki-sound.jp
169,169,株式会社シーマンズ,https://seamans.jp,〒421-0422 静岡県牧之原市静波1,090-6138-7694,,https://seamans.jp/contact/,,,,,,,,,,,株式会社シーマンズ,company_jsonld,exclude,direct_meo_competitor,,,https://seamans.jp
170,170,株式会社マリアコミュニケーションズ,https://maria-comm.co.jp,〒604-0835 京都府京都市中京区高宮町2,075-222-7220,,https://maria-comm.co.jp/contact/,,,,,,,,,,,株式会社マリアコミュニケーションズ,existing,exclude,target_service_unconfirmed,,,https://maria-comm.co.jp
171,171,HAMONI.inc.,https://hamoni.jp,〒141-0031 東京都品川区西五反田２,,,https://hamoni.jp/contact,,,,,,,,,,,HAMONI.inc,existing_english,exclude,target_service_unconfirmed,,,https://hamoni.jp
172,172,株式会社リーゴ,https://company.liigo.world,〒107-0061 東京都港区北青山2,,,https://company.liigo.world/contact/,,,,,,,,,,,株式会社リーゴ,existing,exclude,target_service_unconfirmed,,,https://company.liigo.world
173,173,株式会社ビヨンド,https://beyondjapan.com,〒556-0011 大阪府大阪市浪速区難波中1,,,https://beyondjapan.com/en-contact-form/,,,,,,,,,,,株式会社ビヨンド,company_jsonld,exclude,target_service_unconfirmed,,,https://beyondjapan.com
174,174,",MediaBiz inc.",https://www.ryutsuu.biz,〒104-0032 東京都中央区八丁堀3,,,https://www.ryutsuu.biz/contact-ad/,,,,,,,,,,,MediaBiz inc,existing_english,exclude,target_service_unconfirmed,,,https://www.ryutsuu.biz
175,175,株式会社一誠社,https://isseisha.co.jp,〒761-8558 香川県高松市田村町3,087-867-1148,,https://isseisha.co.jp/contact/,,,,,,,,,,,株式会社一誠社,company_jsonld,exclude,target_service_unconfirmed,,,https://isseisha.co.jp
176,176,株式会社 MA,https://ma44.co.jp,〒710-0055 岡山県倉敷市阿知3,086-436-8511,,https://ma44.co.jp/contact/,,,,,,,,,,,株式会社MA,root_jsonld,exclude,target_service_unconfirmed,,,https://ma44.co.jp
177,177,株式会社フューチャーリンクネットワーク内,https://cibase.jp,〒273-0031 千葉県船橋市西船4,047-495-0527,,https://cibase.jp/contact/,,,,,,,,,,,一般社団法人千葉イノベーションベース,company_label,exclude,target_service_unconfirmed,,,https://cibase.jp
178,178,株式会社 REACT,https://reactofficial.jp,〒160-0023 東京都新宿区西新宿4,,,https://reactofficial.jp/contact/,,,,,,,,,,,株式会社REACT,company_label,exclude,target_service_unconfirmed,,,https://reactofficial.jp
179,179,株式会社 しっとる,https://www.shittoru-seo-app.com,〒700-0901 岡山県岡山市北区本町6,,,https://www.shittoru-seo-app.com/consulting,,,,,,,,,,,株式会社しっとる,company_label,exclude,target_service_unconfirmed,,,https://www.shittoru-seo-app.com
180,180,ギバーテイクオール株式会社,https://givertakeall.com,〒106-0045 東京都港区麻布十番,,,https://givertakeall.com/conatct/,,,,,,,,,,,ギバーテイクオール株式会社,existing_english,exclude,target_service_unconfirmed,,,https://givertakeall.com
181,181,株式会社ブルー・オーシャン沖縄,https://boo-oki.com,〒900-0006 沖縄県那覇市おもろまち4,098-917-4849,,https://boo-oki.com/inquiry/,,,,,,,,,,,株式会社ブルー・オーシャン沖縄,company_jsonld,exclude,weak_incidental_keyword,,,https://boo-oki.com
182,182,株式会社フライク,https://flyke.co.jp,〒105-7590 東京都港区海岸1,,,https://flyke.co.jp/contact/,,,,,,,,,,,株式会社フライク,company_label,exclude,target_service_unconfirmed,,,https://flyke.co.jp
183,183,株式会社トモデザイン,https://tomodesign.co.jp,〒812-0011 福岡県福岡市博多区 博多駅前二丁目,,,https://tomodesign.co.jp/inquiry/,,,,,,,,,,,株式会社トモデザイン,company_label,exclude,target_service_unconfirmed,,,https://tomodesign.co.jp
184,184,株式会社ドリームゲート,https://dreamgate-inc.com,〒990-0831 山形県山形市西田2,023-645-1515,,https://dreamgate-inc.com/contactus,,,,,,,,,,,株式会社 ドリームゲート,company_label,exclude,weak_incidental_keyword,,,https://dreamgate-inc.com
185,185,ランクアップ株式会社,https://rankup-stage.com,〒916-0038 福井県鯖江市下河端町6,,,https://rankup-stage.com/contact/,,,,,,,,,,,ランクアップ株式会社,existing_english,exclude,direct_meo_competitor,,,https://rankup-stage.com
186,186,Cyber Zero株式会社（サイバーゼロ株式会社）,https://cyberzero.jp,〒104-0061 東京都中央区銀座1,027-289-5778,,https://cyberzero.jp/inquiry.php?type=1,,,,,,,,,,,Cyber Zero株式会社（サイバーゼロ株式会社,existing_english,exclude,direct_meo_competitor,,,https://cyberzero.jp
187,187,株式会社,https://domanomado.com,〒212-0054 神奈川県川崎市幸区小倉1,,,https://domanomado.com/test/contact/,,,,,,,,,,,株式会社ドマノマド,company_label,exclude,target_service_unconfirmed,,,https://domanomado.com
188,188,MST株式会社,https://mst-ltd.co.jp,〒983-0852 宮城県仙台市宮城野区榴岡1,022-257-6544,,http://mst-ltd.co.jp/contacts/,,,,,,,,,,,MST株式会社,existing_english,exclude,duplicate_company_name,SNS運用・SNS広告,SNS運用 / SNS広告,https://mst-ltd.co.jp
189,189,合同会社SuzuLabo,https://suzulabo.co.jp,〒063-0862 北海道札幌市西区八軒二条東3,070-8999-9932,,https://suzulabo.co.jp/contact/,,,,,,,,,,,合同会社SuzuLabo,existing,exclude,target_service_unconfirmed,,,https://suzulabo.co.jp
190,190,サロミー株式会社 （salome Inc.）,https://salome.co.jp,〒150-0013 東京都渋谷区恵比寿2,,,,,,,,,,,,,,サロミー株式会社 （salome Inc,existing_english,exclude,target_service_unconfirmed,,,https://salome.co.jp
191,191,株式会社ネットシスジャパン,https://netsysjapan.co.jp,〒103-0002 東京都中央区日本橋馬喰町1,03-5645-5544,,https://netsysjapan.co.jp/contact/,,,,,,,,,,,株式会社ネットシスジャパン,company_jsonld,exclude,target_service_unconfirmed,,,https://netsysjapan.co.jp
192,192,屋号または法人名 合同会社コンパスマネジメント,https://sindanishikawa.com,〒921-8034 石川県金沢市泉野町4,076-267-6030,,https://sindanishikawa.com/contact/,,,,,,,,,,,一般社団法人 石川県中小企業診断士協会,company_label,exclude,target_service_unconfirmed,,,https://sindanishikawa.com
193,193,株式会社プロダクトオブジャパン,https://poj-gunma.jp,〒375-0016 群馬県藤岡市上栗須9,0274-50-8718,,https://poj-gunma.jp/contact,,,,,,,,,,,株式会社プロダクトオブジャパン,existing,exclude,target_service_unconfirmed,,,https://poj-gunma.jp
194,194,株式会社さとゆめ,https://satoyume.com,〒102-0074 東京都千代田区九段南3,,,https://satoyume.com/contact/,,,,,,,,,,,株式会社さとゆめ,company_jsonld,exclude,weak_incidental_keyword,,,https://satoyume.com
195,195,アイティ経営コンサルタント株式会社,https://www.it-keiei.info,〒930-0095 富山県富山市舟橋南町1,076-432-1050,,https://www.it-keiei.info/contact/,,,,,,,,,,,アイティ経営コンサルタント株式会社,existing_english,exclude,target_service_unconfirmed,,,https://www.it-keiei.info
196,196,株式会社アール・ピー・アイ,https://rpi.co.jp,〒101-0051 東京都千代田区神田神保町2,,,https://rpi.co.jp/contact,,,,,,,,,,,株式会社アール・ピー・アイ,existing,exclude,weak_incidental_keyword,,,https://rpi.co.jp
197,197,NBSホテルマネジメント株式会社,https://www.nbsm.jp,〒530-0004 大阪府大阪市北区堂島浜1,06-6676-8191,,https://www.nbsm.jp/contact.php,,,,,,,,,,,NBSホテルマネジメント株式会社,existing_english,exclude,primary_industry_mismatch,,,https://www.nbsm.jp
198,198,株式会社サニーサイドライフ,https://sunnysidelife.jp,〒150-0001 東京都渋谷区神宮前3,043-308-8444,,https://sunnysidelife.jp/contact/,,,,,,,,,,,株式会社サニーサイドライフ,company_label,exclude,target_service_unconfirmed,,,https://sunnysidelife.jp
199,199,株式会社Mico,https://mico-inc.com,〒530-0011 大阪府大阪市北区大深町6,,,https://mico-inc.com/case/toyotamobilitytokyo/,,,,,,,,,,,株式会社Mico,company_label,exclude,target_service_unconfirmed,,,https://mico-inc.com
200,200,株式会社アルゴ,https://aru-go.com,〒024-0093 岩手県北上市本石町1,,,https://aru-go.com/contact/,,,,,,,,,,,株式会社アルゴ,company_label,exclude,weak_incidental_keyword,,,https://aru-go.com
201,201,株式会社AI派遣社員,https://ai-haken.jp,〒141-0031 東京都品川区西五反田7,,,,,,,,,,,,,,株式会社AI派遣社員,company_label,exclude,target_service_unconfirmed,,,https://ai-haken.jp
202,202,株式会社サンワードメディア,https://www.sunwardmedia.co.jp,〒107-0062 東京都港区南青山6,03-6805-0583,,https://www.sunwardmedia.co.jp/contact/,,,,,,,,,,,株式会社サンワードメディア,company_label,exclude,target_service_unconfirmed,,,https://www.sunwardmedia.co.jp
203,203,"Vektor,Inc.",https://atoe-p.co.jp,〒651-0086 兵庫県神戸市中央区磯上通４,,,https://atoe-p.co.jp/contact/,,,,,,,,,,,"Vektor,Inc",existing_english,exclude,target_service_unconfirmed,,,https://atoe-p.co.jp
204,204,株式会社ナノオプト・メディアは,https://f2ff.jp,〒130-0013 東京都墨田区錦糸1,03-6258-0590,,https://f2ff.jp/event/nom-exhibitor,,,,,,,,,,,株式会社ナノオプト・メディア,company_jsonld,exclude,target_service_unconfirmed,,,https://nanooptmedia.jp
205,205,株式会社エフディークリエイト,http://fdcreate.jp,〒031-0841 青森県八戸市鮫町忍町3,,,http://fdcreate.jp/contact/,,,,,,,,,,,株式会社エフディークリエイト,company_jsonld,exclude,target_service_unconfirmed,,,http://fdcreate.jp
206,206,合同会社FUURING,https://fuuring.jp,〒939-1383 富山県砺波市高道５,,,https://fuuring.jp/contact/,,,,,,,,,,,合同会社FUURING,root_jsonld,exclude,target_service_unconfirmed,,,https://fuuring.jp
207,207,株式会社メディプラン,https://hhd-mp.com,〒101-0044 東京都千代田区鍛冶町1,011-200-7555,,https://hhd-mp.com/inquiry/mailform/,,,,,,,,,,,株式会社メディプラン,company_label,exclude,target_service_unconfirmed,,,https://hhd-mp.com
208,208,【運営会社】 株式会社Bizin,https://niigata-misetsuku.com,〒955-0852 新潟県三条市南四日町4,,,https://niigata-misetsuku.com#section-38,,,,,,,,,,,株式会社Bizin,existing,exclude,target_service_unconfirmed,,,https://niigata-misetsuku.com
209,209,TRANBI Inc. All Rights Reserved.,https://www.tranbi.com,〒920-0961 石川県 金沢市香林坊 1,050-1807-1989,,https://www.tranbi.com/contact/,,,,,,,,,,,TRANBI Inc,existing_english,exclude,target_service_unconfirmed,,,https://www.tranbi.com
210,210,東電タウンプランニング株式会社,https://denchu-koukoku.com,〒105-0022 東京都港区海岸1,0120-337-215,,https://denchu-koukoku.com/contact/,,,,,,,,,,,東電タウンプランニング株式会社,existing_english,exclude,target_service_unconfirmed,,,https://denchu-koukoku.com
211,211,クオリアグローバルマネジメント株式会社,https://fms-qgm.com,〒507-0805 岐阜県多治見市新富町1,0572-21-0112,,https://fms-qgm.com/contact/,,,,,,,,,,,クオリアグローバルマネジメント株式会社,existing_english,exclude,target_service_unconfirmed,,,https://fms-qgm.com
212,212,株式会社エクスウィルパートナーズ,https://exwill.jp,〒160-0023 東京都新宿区西新宿7,,,https://exwill.jp/service/consulting,,,,,,,,,,,株式会社エクスウィルパートナーズ,company_label,exclude,target_service_unconfirmed,,,https://exwill.jp
213,213,株式会社WonderGraffiti,https://corporate.wondergraffiti.com,〒330-0854 埼玉県さいたま市大宮区桜木町1,048-700-4813,,https://corporate.wondergraffiti.com/contact/,,,,,,,,,,,株式会社WonderGraffiti,company_label,exclude,target_service_unconfirmed,,,https://corporate.wondergraffiti.com
214,214,荒井建設株式会社,https://www.araikensetsu.co.jp,〒070-0054 北海道旭川市4,0166-22-0121,,https://www.araikensetsu.co.jp/contact,,,,,,,,,,,荒井建設株式会社,existing_english,exclude,target_service_unconfirmed,,,https://www.araikensetsu.co.jp
215,215,株式会社ワークスゼロ,https://works-zero.jp,〒393-0046 長野県諏訪郡下諏訪町東赤砂4,026-274-5492,,https://works-zero.jp/contact/,,,,,,,,,,,株式会社ワークスゼロ,company_label,exclude,target_service_unconfirmed,,,https://works-zero.jp
216,216,タウンエステート株式会社 All Rights Reserved.,https://townestate.biz,〒163-1440 東京都新宿区西新宿3,03-6381-6357,,https://townestate.biz/contact/,,,,,,,,,,,タウンエステート株式会社,existing_english,exclude,target_service_unconfirmed,,,https://townestate.biz
217,217,2023 株式会社 さくら住建,https://sakura10ken.co.jp,〒321-0151 栃木県宇都宮市西川田町９,0120-009-396,,https://sakura10ken.co.jp/contactpage/,,,,,,,,,,,株式会社 さくら住建,existing,exclude,target_service_unconfirmed,,,https://sakura10ken.co.jp
218,218,著作権は株式会社 ビューティラボに帰属します。,https://www.beauty-labo.jp,〒102-0083 東京都千代田区麹町２,03-4405-6165,,https://www.beauty-labo.jp/category/1826870.html,,,,,,,,,,,株式会社 ビューティラボ,existing,exclude,target_service_unconfirmed,,,https://www.beauty-labo.jp
219,219,eternal story株式会社,https://eternal-story.com,〒381-0038 長野県長野市東和田8,026-217-8121,,https://eternal-story.com/contact,,,,,,,,,,,eternal story株式会社,existing_english,exclude,target_service_unconfirmed,,,https://eternal-story.com
220,220,"KAEDE STYLE, Inc. All rights reserved.",https://www.kaede-style.co.jp,〒180-0004 東京都武蔵野市吉祥寺本町2,0120-04-7400,,https://www.kaede-style.co.jp/contact/tob/,,,,,,,,,,,株式会社 代表取締役,company_label,exclude,target_service_unconfirmed,,,https://www.kaede-style.co.jp
221,221,株式会社エンタトニック,https://entertonic.com,〒１０２-００７４ 東京都千代田区九段南１,,,https://entertonic.com/%e3%81%8a%e5%95%8f%e3%81%84%e5%90%88%e3%82%8f%e3%81%9b/,,,,,,,,,,,株式会社エンタトニックのHP,company_jsonld,exclude,weak_incidental_keyword,,,https://entertonic.com
222,222,株式会社電通コンサルティング,https://www.dentsuconsulting.com,〒105-7001 東京都港区東新橋 1,03-6217-2400,,https://www.dentsuconsulting.com/contact,,,,,,,,,,,株式会社電通コンサルティング,company_label,exclude,weak_incidental_keyword,,,https://www.dentsuconsulting.com
223,223,株式会社ギブリー,https://givery.co.jp,〒150-0036 東京都渋⾕区南平台町1,,,https://givery.co.jp/contact/,,,,,,,,,,,株式会社ギブリー,company_label,exclude,target_service_unconfirmed,,,https://givery.co.jp
224,224,"Startia Holdings, Inc. All rights reserved.",https://www.startiaholdings.com,〒163-0919 東京都新宿区西新宿2,047-404-6674,,https://www.startiaholdings.com/inquiry/unsubscribe/,,,,,,,,,,,"Startia Holdings, Inc",existing_english,exclude,target_service_unconfirmed,,,https://www.startiaholdings.com
225,225,ヴィオラ合同会社,https://vio-lla.jp,〒158-0081 東京都世田谷区深沢5,090-2573-0331,,,,,,,,,,,,,ヴィオラ合同会社,existing_english,exclude,target_service_unconfirmed,,,https://vio-lla.jp
226,226,アイフォーコム 株式会社,https://www.iforcom.jp,〒221-0835 神奈川県横浜市神奈川区鶴屋町3,045-412-3010,,https://www.iforcom.jp/contact/,,,,,,,,,,,アイフォーコム 株式会社,existing_english,exclude,target_service_unconfirmed,,,https://www.iforcom.jp
227,227,株式会社アイティラーニング,https://it-learning.co.jp,〒007-0838 北海道札幌市東区 北3,011-311-2772,,,,,,,,,,,,,株式会社アイティラーニング,company_label,exclude,target_service_unconfirmed,,,https://it-learning.co.jp
228,228,海外FX株式会社（法人番号：7011101107255）,https://the-leader.jp,〒162-0822 東京都新宿区下宮比町2,050-1809-4000,,https://the-leader.jp/contact/,,,,,,,,,,,海外FX株式会社（法人番号：7011101107255,existing_english,exclude,target_service_unconfirmed,,,https://the-leader.jp
229,229,IDEA株式会社採用サイト,https://recruit.ideajapan.com,〒541-0042 大阪府大阪市中央区今橋2,06-6121-2027,,,,,,,,,,,,,株式会社採用サイト,root_jsonld,exclude,target_service_unconfirmed,,,https://recruit.ideajapan.com
230,230,株式会社七保,https://www.nanaho.co.jp,〒400-0813 山梨県甲府市向町 2,055-222-7001,,https://www.nanaho.co.jp/contact/,,,,,,,,,,,株式会社七保,existing,exclude,target_service_unconfirmed,,,https://www.nanaho.co.jp
231,231,株式会社 楽将,https://www.xn--pet362a.com,〒007-0803 北海道札幌市東区東苗穂3,011-887-0069,,https://www.xn--pet362a.com/top/,,,,,,,,,,,株式会社 楽将,company_label,exclude,target_service_unconfirmed,,,https://www.xn--pet362a.com
232,232,㈱ビッグバングループ,https://bigbang-group.jimdofree.com,〒980-0803 宮城県仙台市青葉区国分町2,022-224-7751,,https://bigbang-group.jimdofree.com/お問い合わせ/,,,,,,,,,,,株式会社ビッグバングループ,company_label,exclude,target_service_unconfirmed,,,https://bigbang-group.jimdofree.com
233,233,有限会社HAPPY ISLAND(ハッピー アイランド),https://www.jtua.or.jp,〒101-0031 東京都千代田区東神田2,03-5820-2071,,https://www.jtua.or.jp/about/contact/,,,,,,,,,,,有限会社HAPPY,existing,exclude,target_service_unconfirmed,,,https://www.jtua.or.jp
234,234,2023 ORIS Inc,https://roomonearth.org,〒939-8003 富山県富山市西公文名町3,076-481-8032,,https://roomonearth.org/contact/,,,,,,,,,,,有限会社 オリス,company_label,exclude,target_service_unconfirmed,,,https://roomonearth.org
235,235,ミツイコーポレーション株式会社,https://www.mitsui-corp.co.jp,〒420-0803 静岡県静岡市葵区千代田6,054-261-3185,,https://www.mitsui-corp.co.jp/contact/,,,,,,,,,,,株式会社 創業,company_label,exclude,target_service_unconfirmed,,,https://www.mitsui-corp.co.jp
236,236,デザインハウスPR株式会社,https://dp-solution.net,〒400-0118 山梨県甲斐市竜王1,055-287-6198,,https://dp-solution.net/why_choose_us/high_performance.html,,,,,,,,,,,株式会社 ハイグレード,company_label,exclude,target_service_unconfirmed,,,https://dp-solution.net
237,237,"2025 サンプロ不動産株式会社 co.,ltd All rights reserverd.",https://www.sunpro-estate.jp,〒399-0036 長野県松本市村井町南4,0120-503-650,,https://www.sunpro-estate.jp/contact/sell#form,,,,,,,,,,,株式会社 co,existing,exclude,target_service_unconfirmed,,,https://www.sunpro-estate.jp
238,238,株式会社デザインオフィス・スイッチ,https://design-switch.jp,〒320-0844 栃木県宇都宮市菊水町6,028-601-4144,,,,,,,,,,,,,株式会社デザインオフィス・スイッチ,company_jsonld,exclude,target_service_unconfirmed,,,https://design-switch.jp
239,239,株式会社ビッグファイブ,https://www.bigfive.jp,〒108-0075 東京都港区港南2,03-6450-3341,,https://www.bigfive.jp/contact/,,,,,,,,,,,株式会社ビッグファイブ,company_label,exclude,target_service_unconfirmed,,,https://www.bigfive.jp
240,240,株式会社グリーンメチル,https://greenmethyl.com,〒330-0854 埼玉県さいたま市大宮区桜木町1,,,https://greenmethyl.com/contact/,,,,,,,,,,,株式会社グリーンメチル,company_label,exclude,target_service_unconfirmed,,,https://greenmethyl.com
241,241,東葉アメニティ株式会社,https://toyoamenity.co.jp,〒274-0825 千葉県船橋市前原西7,047-478-1040,,https://toyoamenity.co.jp/contact,,,,,,,,,,,東葉アメニティ株式会社,existing_english,exclude,target_service_unconfirmed,,,https://toyoamenity.co.jp
242,242,日商メディカル株式会社,https://nissho-medical.com,〒556-0011 大阪府大阪市浪速区難波中3,06-4396-6072,,https://nissho-medical.com/contact/,,,,,,,,,,,日商メディカル株式会社,existing_english,exclude,target_service_unconfirmed,,,https://nissho-medical.com
243,243,株式会社 CSA不動産,https://csa-re.co.jp,〒420-0857 静岡県静岡市葵区 御幸町3,054-205-1212,,https://csa-re.co.jp/contact/,,,,,,,,,,,株式会社CSA不動産,company_label,exclude,primary_industry_mismatch,,,https://csa-re.co.jp
244,244,2015 INSENSE MUSIC WORKS INC. All Rights Reserved.,https://www.insense.co.jp,〒108-0073 東京都港区三田5,03-3453-5699,,https://www.insense.co.jp/contact/,,,,,,,,,,,株式会社インセンス,company_label,exclude,target_service_unconfirmed,,,https://www.insense.co.jp
245,245,2023 AIR WATER HOKKAIDO INC. All Rights Reserved.,https://airwater-souen.jp,〒060-0008 北海道札幌市中央区北8,,,https://airwater-souen.jp/contact/,,,,,,,,,,,AIR WATER HOKKAIDO INC,existing_english,exclude,target_service_unconfirmed,,,https://airwater-souen.jp
246,246,株式会社北海道住宅通信社,https://www.juu-tsuu.jp,〒003-0023 北海道札幌市白石区南郷通6,011-211-8064,,https://www.juu-tsuu.jp/contact/,,,,,,,,,,,株式会社北海道住宅通信社,company_label,exclude,primary_industry_mismatch,,,https://www.juu-tsuu.jp
247,247,LIFE QUARTET.Inc,https://lifequartet.jp,〒514-0004 三重県津市栄町三丁目,059-253-8826,,https://lifequartet.jp/media/3626/,,,,,,,,,,,株式会社LIFE,company_label,exclude,target_service_unconfirmed,,,https://lifequartet.jp
248,248,株式会社パソナ農援隊,https://chiikishigen-renkei.jp,〒107-0062 東京都港区南青山三丁目,,,https://chiikishigen-renkei.jp/contact,,,,,,,,,,,株式会社パソナ農援隊,existing,exclude,target_service_unconfirmed,,,https://chiikishigen-renkei.jp
249,249,キッチンテクノ株式会社 KITCHEN TECHNO CORPORATION,https://www.kitchen-t.co.jp,〒162-0052 東京都新宿区戸山3,03-5285-3301,,https://www.kitchen-t.co.jp/contact/,,,,,,,,,,,株式会社 KITCHEN,company_label,exclude,target_service_unconfirmed,,,https://www.kitchen-t.co.jp
250,250,nattoku住宅株式会社,https://arc-style.co.jp,〒416-0952 静岡県富士市青葉町5,0545-62-7119,,https://arc-style.co.jp/inquiry/,,,,,,,,,,,nattoku住宅株式会社,existing_english,exclude,target_service_unconfirmed,,,https://arc-style.co.jp
251,251,株式会社 家元,https://kanazawaiemoto.jp,〒920-0061 石川県金沢市問屋町1,076-238-0201,,https://kanazawaiemoto.jp/contact/#request,,,,,,,,,,,株式会社 家元,company_label,exclude,target_service_unconfirmed,,,https://kanazawaiemoto.jp
252,252,TAD株式会社 福井の店舗・住宅設計施工,https://tad-inc.jimdoweb.com,〒910-0067 福井県福井市新田塚1,0776-60-1144,,https://tad-inc.jimdoweb.com/inquiry/,,,,,,,,,,,株式会社 福井の店舗・住宅設計施工,existing,exclude,primary_industry_mismatch,,,https://tad-inc.jimdoweb.com
253,253,株式会社信州未来づくりカンパニー,https://shinshu.miraidukuri.jp,〒390-1501 長野県松本市安曇大野田1,0263-94-2323,,,,,,,,,,,,,株式会社信州未来づくりカンパニー,company_label,exclude,target_service_unconfirmed,,,https://shinshu.miraidukuri.jp
254,254,株式会社 古川ちいきの総合研究所,https://chiikino.jp,〒532-0011 大阪府大阪市淀川区西中島4,06-6829-7276,,https://chiikino.jp/contact/?kind=lecture,,,,,,,,,,,株式会社古川ちいきの総合研究所,company_jsonld,exclude,weak_incidental_keyword,,,https://chiikino.jp
255,255,株式会社アゲート,https://agate.work,〒310-0015 茨城県水戸市宮町1,029-350-2932,,https://agate.work/contact/,,,,,,,,,,,株式会社 アゲート,company_label,exclude,target_service_unconfirmed,,,https://agate.work
256,256,株式会社歯科サポート,https://shikasapo.net,〒276-0031 千葉県八千代市八千代台北６,03-6823-2358,,https://shikasapo.net/company/#tel-point,,,,,,,,,,,株式会社歯科サポート,company_label,exclude,target_service_unconfirmed,,,https://shikasapo.net
257,257,ナックハウスパートナー株式会社,https://www.acehome.co.jp,〒160-0022 東京都新宿区新宿1,03-5944-0830,,https://www.acehome.co.jp/contact,,,,,,,,,,,ナックハウスパートナー株式会社,existing_english,exclude,target_service_unconfirmed,,,https://www.acehome.co.jp
258,258,サントリーマーケティング＆コマース株式会社,https://www.inshokuten-youhin.jp,〒104-6231 東京都中央区晴海1,0120-599-310,,,,,,,,,,,,,サントリーマーケティング＆コマース株式会社,existing_english,exclude,target_service_unconfirmed,,,https://www.inshokuten-youhin.jp
259,259,株式会社鶴と学び,https://tsurutomanabi.com,〒305-0047 茨城県つくば市千現2,,,https://tsurutomanabi.com/contact/,,,,,,,,,,,株式会社鶴と学び,company_jsonld,exclude,target_service_unconfirmed,,,https://tsurutomanabi.com
260,260,株式会社栃木ブレックス,https://www.utsunomiyabrex.com,〒320-0066 栃木県宇都宮市駒生2,028-612-6735,,https://www.utsunomiyabrex.com/inquiry/,,,,,,,,,,,株式会社栃木ブレックス,company_label,exclude,target_service_unconfirmed,,,https://www.utsunomiyabrex.com
261,261,株式会社静和堂,https://www.seiwado.co.jp,〒151-0053 東京都渋谷区代々木3,03-3370-7181,,https://www.seiwado.co.jp/toiawase/,,,,,,,,,,,株式会社静和堂,existing,exclude,target_service_unconfirmed,,,https://www.seiwado.co.jp
262,262,株式会社アイデン,https://aiden-one.com,〒370-0075 群馬県高崎市筑縄町6,,,https://aiden-one.com/contact,,,,,,,,,,,株式会社アイデン,company_label,exclude,target_service_unconfirmed,,,https://aiden-one.com
263,263,INOMARKETINO INC. ALL RIGHTS RESEARVED.,https://inomarketino.com,〒150-0045 東京都渋谷区神泉町1,03-4231-9201,,https://inomarketino.com/network/rengo-branding-network,,,,,,,,,,,INOMARKETINO INC. ALL RIGHTS RESEARVED,existing_english,exclude,weak_incidental_keyword,,,https://inomarketino.com
264,264,2026 © Creww Inc.,https://creww.me,〒150-0043 東京都渋谷区道玄坂2,03-6455-1816,,https://creww.me/contact/,,,,,,,,,,,Creww Inc,existing_english,exclude,target_service_unconfirmed,,,https://creww.me
265,265,合同会社ＧＭＩセミナー事業部（埼玉県さいたま市）,https://gmi-workshop.jimdofree.com,〒336-0926 埼玉県さいたま市緑区東浦和7,048-764-8911,,https://gmi-workshop.jimdofree.com/お問い合わせ/,,,,,,,,,,,合同会社ＧＭＩセミナー事業部（埼玉県さいたま市,existing,exclude,weak_incidental_keyword,,,https://gmi-workshop.jimdofree.com
266,266,株式会社ARTECS（アルテクス）,https://www.advance1997.co.jp,〒114-0024 東京都北区西ケ原4,048-978-7942,,https://www.advance1997.co.jp/contact/,,,,,,,,,,,株式会社ARTECS,existing,exclude,target_service_unconfirmed,,,https://www.advance1997.co.jp
267,267,ホワイトエッセンス株式会社,https://www.whiteessence.co.jp,〒150-0002 東京都渋谷区渋谷 3,03-6434-1331,,https://www.whiteessence.co.jp/contact/,,,,,,,,,,,ホワイトエッセンス株式会社,existing_english,exclude,target_service_unconfirmed,,,https://www.whiteessence.co.jp
268,268,株式会社東横インIT集客ソリューション,https://www.toyokoinn-itshuukyaku.com,〒144-0054 東京都大田区新蒲田1,03-5711-7400,,https://www.toyokoinn-itshuukyaku.com/contact/,,,,,,,,,,,株式会社東横インIT集客ソリューション,company_jsonld,exclude,target_service_unconfirmed,,,https://www.toyokoinn-itshuukyaku.com
269,269,株式会社 丸ヨ池内,https://www.ikeuchigroup.com,〒060-0061 北海道札幌市中央区南1,011-281-6160,,https://www.ikeuchigroup.com/contact/,,,,,,,,,,,株式会社 丸ヨ池内,existing,exclude,target_service_unconfirmed,,,https://www.ikeuchigroup.com
270,270,2019年 4月 インパクトホールディングス株式会社へ商号変更,https://field.impact-h.co.jp,〒107-6023 東京都港区赤坂1,03-6636-0957,,https://field.impact-h.co.jp/contact/,,,,,,,,,,,株式会社へ商号変更,existing,exclude,weak_incidental_keyword,,,https://field.impact-h.co.jp
271,271,称 株式会社インテージテクノスフィア,https://www.intage-technosphere.co.jp,〒188-0001 東京都西東京市谷戸町2,042-423-1156,,https://www.intage-technosphere.co.jp/contact/,,,,,,,,,,,株式会社インテージテクノスフィア,existing,exclude,target_service_unconfirmed,,,https://www.intage-technosphere.co.jp
272,272,株式会社郡中トラベル,https://gunchu-t.co.jp,〒963-0101 福島県郡山市安積町日出山1,024-953-4887,,https://gunchu-t.co.jp/_contact/,,,,,,,,,,,株式会社郡中トラベル,company_label,exclude,target_service_unconfirmed,,,https://gunchu-t.co.jp
273,273,東京中小企業投資育成株式会社,https://www.sbic.co.jp,〒150-0002 東京都渋谷区渋谷3,03-5469-1811,,https://www.sbic.co.jp/contact/,,,,,,,,,,,東京中小企業投資育成株式会社,existing_english,exclude,target_service_unconfirmed,,,https://www.sbic.co.jp
274,274,株式会社リライト,https://c.re-write.co.jp,〒184-0002 東京都小金井市梶野町5,03-5368-0297,,https://c.re-write.co.jp/contact/,,,,,,,,,,,株式会社リライト,company_label,exclude,target_service_unconfirmed,,,https://c.re-write.co.jp
275,275,廣川株式会社,https://hirokawa.holdings,〒411-0858 静岡県三島市中央町3,049-293-5205,,https://hirokawa.holdings/contact/,,,,,,,,,,,廣川株式会社,existing_english,exclude,target_service_unconfirmed,,,https://hirokawa.holdings
276,276,2013-2026 FYEO BRAIN inc.,https://fyeo-brain.com,〒101-0054 東京都千代田区神田錦町2,03-5879-2213,,https://fyeo-brain.com/contact/,,,,,,,,,,,株式会社フィーオ・ブレイン,company_label,exclude,target_service_unconfirmed,,,https://fyeo-brain.com
277,277,"静岡ブルーレヴズ株式会社 (SHIZUOKA BlueRevs Co., Ltd. )",https://www.shizuoka-bluerevs.com,〒438-0071 静岡県磐田市今之浦３,050-3354-0315,,https://www.shizuoka-bluerevs.com/contact,,,,,,,,,,,"静岡ブルーレヴズ株式会社 (SHIZUOKA BlueRevs Co., Ltd",existing_english,exclude,target_service_unconfirmed,,,https://www.shizuoka-bluerevs.com
278,278,位置情報マーケティングのシナラシステムズジャパン株式会社,https://cinarra.co.jp,〒105-7511 東京都港区海岸1,,,https://cinarra.co.jp/contact/,,,,,,,,,,,位置情報マーケティングのシナラシステムズジャパン株式会社,existing_english,exclude,target_service_unconfirmed,,,https://cinarra.co.jp
279,279,株式会社タナカ,https://www.tanakanet.co.jp,〒300-4115 茨城県土浦市藤沢3,03-3255-4880,,https://www.tanakanet.co.jp/contact/,,,,,,,,,,,株式会社タナカ,company_jsonld,exclude,target_service_unconfirmed,,,https://www.tanakanet.co.jp
280,280,合同会社アズーロ,https://azzuro.jp,〒060-0062 北海道札幌市中央区南2,,,https://azzuro.jp#contact,,,,,,,,,,,合同会社アズーロ,existing,exclude,target_service_unconfirmed,,,https://azzuro.jp
281,281,リロの賃貸 株式会社ナカミチ,https://www.e-nakamichi.co.jp,〒980-0802 宮城県仙台市青葉区二日町3,022-393-4661,,https://www.e-nakamichi.co.jp/info/page_114.html,,,,,,,,,,,株式会社ナカミチ,company_label,exclude,target_service_unconfirmed,,,https://www.e-nakamichi.co.jp
282,282,株式会社クリフ,https://c-r-f.jp,〒960-8053 福島県福島市三河南町1,024-531-8120,,https://c-r-f.jp/contact/,,,,,,,,,,,株式会社クリフ,company_jsonld,exclude,weak_incidental_keyword,,,https://c-r-f.jp
283,283,株式会社マーケッティングインターナショナル,https://mkt-int.co.jp,〒160-0011 東京都新宿区若葉1,03-3357-7707,,https://mkt-int.co.jp/お問合せ/,,,,,,,,,,,株式会社マーケッティングインターナショナル,company_label,exclude,target_service_unconfirmed,,,https://mkt-int.co.jp
284,284,株式会社マツザキ,https://www.1887.co.jp,〒350-1156 埼玉県川越市中福5,049-243-4022,,,,,,,,,,,,,株式会社マツザキ,company_jsonld,exclude,target_service_unconfirmed,,,https://www.1887.co.jp
285,285,株式会社エイトノットアンドカンパニー,https://www.gyxis.jp,〒107-0051 東京都港区元赤坂1,0800-800-9710,,https://www.gyxis.jp/contact/index.php,,,,,,,,,,,株式会社 英文表記,company_label,exclude,target_service_unconfirmed,,,https://www.gyxis.jp
286,286,ナガセキトーヨー住器株式会社,https://www.nagaseki.jp,〒408-0021 山梨県北杜市長坂町長坂上条2,0551-32-3511,,https://www.nagaseki.jp/contact/,,,,,,,,,,,ナガセキトーヨー住器株式会社,existing_english,exclude,target_service_unconfirmed,,,https://www.nagaseki.jp
287,287,(C) GALLERIA NISM Inc. All Rights Reserved.,https://www.galleria-nism.com,〒370-0035 群馬県高崎市柴崎町1,027-381-8211,,https://www.galleria-nism.com/contact/,,,,,,,,,,,株式会社ギャレリア・ニズム,company_label,exclude,target_service_unconfirmed,,,https://www.galleria-nism.com
288,288,株式会社壱福,https://www.ichi-fuku.jp,〒277-0872 千葉県柏市十余二3,0471-97-5399,,https://www.ichi-fuku.jp/contact,,,,,,,,,,,株式会社壱福,company_label,exclude,target_service_unconfirmed,,,https://www.ichi-fuku.jp
289,289,運営：株式会社ファングリー（〒150-0036 東京都渋谷区南平台町15-13 帝都渋谷ビル 5F）,https://enpreth.jp,〒150-0036 東京都渋谷区南平台町1,,,https://enpreth.jp/contact/,,,,,,,,,,,株式会社ファングリー,existing,exclude,weak_incidental_keyword,,,https://enpreth.jp
290,290,株式会社アサプリ ルースター事業部,https://www.rooster.co.jp,〒103-0012 東京都中央区日本橋堀留町2,03-3669-3790,,https://www.rooster.co.jp#Contact,,,,,,,,,,,株式会社アサプリ,company_label,exclude,target_service_unconfirmed,,,https://www.rooster.co.jp
291,291,株式会社ドゥ・ハウス,https://newscast.jp,〒105-0004 東京都港区新橋1,,,,,,,,,,,,,,株式会社ドゥ・ハウス,existing,exclude,target_service_unconfirmed,,,https://newscast.jp
292,292,(C) 2020 ECOLA inc.,https://ecola.co.jp,〒980-0821 宮城県仙台市青葉区春日町9,022-395-4131,,https://ecola.co.jp/contact/,,,,,,,,,,,株式会社エコラ,company_label,exclude,target_service_unconfirmed,,,https://ecola.co.jp
293,293,株式会社 グロースアーキテクト,https://growth-architect.co.jp,〒370-0813 群馬県高崎市本町4,027-395-0506,,https://growth-architect.co.jp/inquiry/,,,,,,,,,,,株式会社 グロースアーキテクト,company_label,exclude,target_service_unconfirmed,,,https://growth-architect.co.jp
294,294,株式会社佐野組,https://sanogumi.net,〒919-1513 福井県三方上中郡若狭町三田2,0770-64-1752,,https://sanogumi.net/publics/index/73/,,,,,,,,,,,株式会社佐野組,company_jsonld,exclude,target_service_unconfirmed,,,https://sanogumi.net
295,295,株式会社LOCAS,https://locas.co.jp,〒380-0928 長野県長野市若里2,026-217-4502,,https://locas.co.jp/contact,,,,,,,,,,,株式会社LOCAS,existing,exclude,weak_incidental_keyword,,,https://locas.co.jp
296,296,株式会社ジャパンヘナ,https://j-henna.com,〒150-0022 東京都渋谷区恵比寿南 1,03-3794-6992,,,,,,,,,,,,,株式会社ジャパンヘナ,existing,exclude,target_service_unconfirmed,,,https://j-henna.com
297,297,晃南印刷株式会社,https://tochigi.job-start.jp,〒163-0523 東京都新宿区西新宿1,028-612-7530,,https://tochigi.job-start.jp/published/#form,,,,,,,,,,,晃南印刷株式会社,existing_english,exclude,target_service_unconfirmed,,,https://tochigi.job-start.jp
298,298,株式会社 光美容化学,http://www.hikari-b.co.jp,〒036-8001 青森県弘前市代官町2,0172-36-1234,,http://www.hikari-b.co.jp/contact/,,,,,,,,,,,株式会社 光美容化学,company_label,exclude,target_service_unconfirmed,,,http://www.hikari-b.co.jp
299,299,MEホールディングス株式会社,https://www.megroup-2.jp,〒330-0063 埼玉県さいたま市浦和区高砂1,0120-530-077,,https://www.megroup-2.jp/inquiry.php,,,,,,,,,,,MEホールディングス株式会社,existing_english,exclude,target_service_unconfirmed,,,https://www.megroup-2.jp
300,300,株式会社アクティバル,https://1969actival.jp,〒343-0845 埼玉県越谷市南越谷5,048-985-0390,,https://1969actival.jp/inquiry?inquiry_id=1&inquiry_type=contents,,,,,,,,,,,株式会社アクティバル,company_label,exclude,target_service_unconfirmed,,,https://1969actival.jp
301,301,山見インテグレーター株式会社,https://yico.co.jp,〒227-0048 神奈川県横浜市青葉区 柿の木台1,090-3206-8335,,https://yico.co.jp/contact/,,,,,,,,,,,山見インテグレーター株式会社,existing_english,exclude,target_service_unconfirmed,,,https://yico.co.jp
302,302,株式会社NENGO,https://nengo.jp,〒213-0001 神奈川県川崎市高津区溝口2,,,https://nengo.jp/contact/owner/,,,,,,,,,,,,,exclude,non_official_host,,,
303,303,株式会社ウェルビーイングラボ,https://be-readysapporo.com,〒064-0824 北海道札幌市中央区北4,,,https://be-readysapporo.com/contact/,,,,,,,,,,,株式会社ウェルビーイングラボ,existing,exclude,target_service_unconfirmed,,,https://be-readysapporo.com
304,304,株式会社e-デザイン空間福島ギャラリー 〒969-1404 福島県二本松市油井字八軒45（株）鐵扇屋内,https://esthome.jp,〒969-1404 福島県二本松市油井字八軒4,0243-24-1600,,https://esthome.jp/contact/,,,,,,,,,,,株式会社e-デザイン空間福島ギャラリー,existing,exclude,target_service_unconfirmed,,,https://esthome.jp
305,305,株式会社IDEAL(イデアル). All rights reserved.,https://ideal-co.jp,〒950-0087 新潟県新潟市中央区東大通2,025-250-5339,,https://ideal-co.jp/contact/,,,,,,,,,,,株式会社 イデアル,company_label,exclude,target_service_unconfirmed,,,https://ideal-co.jp
306,306,株式会社横倉本店 All Rights Reserved.,https://yokokura-uc.jp,〒321-0911 栃木県宇都宮市問屋町3,028-656-7777,,https://yokokura-uc.jp/contact/,,,,,,,,,,,株式会社横倉本店,company_jsonld,exclude,target_service_unconfirmed,,,https://yokokura-uc.jp
307,307,株式会社アスクリエイト,https://www.asuxcreate.co.jp,〒002-0854 北海道札幌市北区屯田4,,,https://www.asuxcreate.co.jp/corporate/contact-corp.html,,,,,,,,,,,株式会社アスクリエイト,company_label,exclude,target_service_unconfirmed,,,https://www.asuxcreate.co.jp
308,308,1974年 5月 資本金2千万円に増資、商号を伊豆商事株式会社に変更,http://www.izus.co.jp,〒130-0023 東京都墨田区立川3,03-3634-1531,,http://www.izus.co.jp/contact/,,,,,,,,,,,年 5月 資本金2千万円に増資、商号を伊豆商事株式会社に変更,existing_english,exclude,target_service_unconfirmed,,,http://www.izus.co.jp
309,309,"Crypton Future Media, INC.",https://www.crypton.co.jp,〒060-0003 北海道札幌市中央区北三条西4,,,https://www.crypton.co.jp/cfm/inquiry-aboutus_en,,,,,,,,,,,"Crypton Future Media, INC",existing_english,exclude,target_service_unconfirmed,,,https://www.crypton.co.jp
310,310,株式会社システムサポートホールディングス,https://www.sts-hd.co.jp,〒920-0853 石川県金沢市本町1,,,https://www.sts-hd.co.jp/ir/inquiry/,,,,,,,,,,,株式会社システムサポートホールディングス,existing,exclude,target_service_unconfirmed,,,https://www.sts-hd.co.jp
311,311,ナイスモバイル株式会社,https://nicemobile.jp,〒399-0033 長野県松本市笹賀5,0263-87-2298,,https://nicemobile.jp/contact/,,,,,,,,,,,ナイスモバイル株式会社,existing_english,exclude,target_service_unconfirmed,,,https://nicemobile.jp
312,312,2026 casane tsumugu LLC,https://casane-tsumugu.jp,〒016-0831 秋田県能代市元町4,,,https://casane-tsumugu.jp/contact/,,,,,,,,,,,casane tsumugu LLC,existing_english,exclude,target_service_unconfirmed,,,https://casane-tsumugu.jp
313,313,エックスモバイル株式会社,https://www.x-repair.jp,〒963-8812 福島県郡山市松木町2,024-955-6656,,https://www.x-repair.jp/contact/,,,,,,,,,,,エックスモバイル株式会社,existing_english,exclude,target_service_unconfirmed,,,https://www.x-repair.jp
314,314,京福不動産株式会社,https://www.keifuku-re.com,〒910-0859 福井県福井市日之出3,0776-22-1890,,https://www.keifuku-re.com/contact/,,,,,,,,,,,株式会社 旧社名,company_label,exclude,target_service_unconfirmed,,,https://www.keifuku-re.com
315,315,TAKASAKI TERMINAL BUILDING 高崎ターミナルビル株式会社,https://www.takasakitb.co.jp,〒370-0849 群馬県高崎市八島町2,,,https://www.takasakitb.co.jp/underpass/,,,,,,,,,,,TAKASAKI TERMINAL BUILDING 高崎ターミナルビル株式会社,existing_english,exclude,weak_incidental_keyword,,,https://www.takasakitb.co.jp
316,316,株式会社ROA,https://roa-estate.com,〒070-8011 北海道旭川市神居１,0166-73-5217,,,,,,,,,,,,,株式会社ROA,existing,exclude,target_service_unconfirmed,,,https://roa-estate.com
317,317,シナジーメディア株式会社,https://www.synergymedia.co.jp,〒158-0094 東京都世田谷区玉川2,03-6432-7513,,https://www.synergymedia.co.jp/contact.html,,,,,,,,,,,シナジーメディア株式会社,existing_english,exclude,target_service_unconfirmed,,,https://www.synergymedia.co.jp
318,318,エクナ株式会社,https://www.echna.co.jp,〒020-0122 岩手県盛岡市みたけ三丁目,019-618-1234,,https://www.echna.co.jp/info/,,,,,,,,,,,エクナ株式会社,existing_english,exclude,target_service_unconfirmed,,,https://www.echna.co.jp
319,319,株式会社ソレイユ財産管理,https://soleil-creative-consulting.co.jp,〒943-0805 新潟県上越市木田2,025-546-7637,,https://soleil-creative-consulting.co.jp/contact,,,,,,,,,,,株式会社ソレイユ財産管理,existing,exclude,target_service_unconfirmed,,,https://soleil-creative-consulting.co.jp
320,320,CHEERS株式会社,https://100will100cheer.com,〒153-0051 東京都目黒区上目黒1,,,https://docs.google.com/forms/d/e/1FAIpQLSdqdBdK09E9CBxnDNZQ8339K8tJa1_uESGtOI_GuAxyiyg_zg/viewform,,,,,,,,,,,CHEERS株式会社,existing_english,exclude,weak_incidental_keyword,,,https://100will100cheer.com
321,321,（法人名称） 株式会社つなぐ,https://www.home.saitama-tsunagu.com,〒330-0063 埼玉県さいたま市浦和区高砂２,048-711-6852,,https://www.home.saitama-tsunagu.com/support/,,,,,,,,,,,株式会社つなぐ,existing,exclude,target_service_unconfirmed,,,https://www.home.saitama-tsunagu.com
322,322,株式会社ＴＡＫＵＭＩマネジメント,https://www.takumini-m.com,〒982-0032 宮城県仙台市太白区富沢西5,022-796-3466,,https://www.takumini-m.com/お問い合わせ/,,,,,,,,,,,株式会社ＴＡＫＵＭＩマネジメント,existing,exclude,weak_incidental_keyword,,,https://www.takumini-m.com
323,323,株式会社トライコード,https://tricode.co.jp,〒252-0205 神奈川県 相模原市中央区小山1,042-812-7728,,https://tricode.co.jp#ancInquiry,,,,,,,,,,,株式会社トライコード,company_label,exclude,weak_incidental_keyword,,,https://tricode.co.jp
324,324,シリウス株式会社,https://sirius2020.com,〒220-0012 神奈川県横浜市西区みなとみらい３,,,https://sirius2020.com/?page_id=250,,,,,,,,,,,シリウス株式会社,existing_english,exclude,target_service_unconfirmed,,,https://sirius2020.com
325,325,群栄興産株式会社 生・損保法人代理店,https://www.gunei.jp,〒370-0071 群馬県高崎市小八木町3,027-370-1077,,https://www.gunei.jp/contact,,,,,,,,,,,株式会社 生・損保法人代理店,company_label,exclude,target_service_unconfirmed,,,https://www.gunei.jp
326,326,株式会社Sensible Advisor ( センシブルアドバイザー),https://sensible-advisor.com,〒277-0005 千葉県柏市柏1,04-7114-3133,,https://sensible-advisor.com/contact/,,,,,,,,,,,株式会社Sensible,company_label,exclude,weak_incidental_keyword,,,https://sensible-advisor.com
327,327,(c)2024 CREAD Inc. All Rights Reserved.,https://www.gleam-grain-premium.com,〒105-0022 東京都港区海岸1,03-6857-0820,,https://www.gleam-grain-premium.com/contact/,,,,,,,,,,,株式会社クリード,company_label,exclude,target_service_unconfirmed,,,https://www.gleam-grain-premium.com
328,328,合同会社BPRサービス,https://bpr-s.jp,〒340-0155 埼玉県幸手市上高野2,050-3126-3226,,https://bpr-s.jp/contact/request/,,,,,,,,,,,合同会社BPRサービス,company_label,exclude,target_service_unconfirmed,,,https://bpr-s.jp
329,329,株式会社ローカルワイズ,https://www.localwise.co.jp,〒158-0083 東京都世田谷区奥沢6,03-3702-8980,,https://www.localwise.co.jp/contact,,,,,,,,,,,株式会社ローカルワイズ,company_label,exclude,target_service_unconfirmed,,,https://www.localwise.co.jp
330,330,をオープングループ株式会社に変更,https://open-group.co.jp,〒273-0011 千葉県船橋市湊町1,047-420-0300,,https://open-group.co.jp/contact/,,,,,,,,,,,株式会社 OPEN,company_label,exclude,target_service_unconfirmed,,,https://open-group.co.jp
331,331,レビガータ株式会社,https://www.laevigata.co.jp,〒020-0821 岩手県盛岡市山王町1,,,,,,,,,,,,,,レビガータ株式会社,existing_english,exclude,target_service_unconfirmed,,,https://www.laevigata.co.jp
332,332,株式会社ホンダプロモーション All Rights Reserved,https://hondacars-kawagoe.recruitment.jp,〒350-1137 埼玉県川越市砂新田1,049-245-7111,,,,,,,,,,,,,株式会社ホンダプロモーション,existing,exclude,target_service_unconfirmed,,,https://hondacars-kawagoe.recruitment.jp
333,333,株式会社ノースエレメンツ,https://north-e.net,〒060-0062 北海道札幌市中央区南二条西七丁目,011-817-5711,,https://north-e.net/contact/,,,,,,,,,,,株式会社ノースエレメンツ,company_label,exclude,target_service_unconfirmed,,,https://north-e.net
334,334,株式会社クナウパブリッシング,https://kunaw.jp,〒080-0046 北海道帯広市西1,0155-34-1281,,https://kunaw.jp/inquiry/,,,,,,,,,,,株式会社クナウパブリッシング,company_jsonld,exclude,target_service_unconfirmed,,,https://kunaw.jp
335,335,C&H consulting LLC.,https://candhc.com,〒227-0062 神奈川県横浜市青葉区青葉台1,,,https://candhc.com/%e3%81%8a%e5%95%8f%e5%90%88%e3%81%9b,,,,,,,,,,,C&H consulting LLC,existing_english,exclude,target_service_unconfirmed,,,https://candhc.com
336,336,株式会社シーエイチアイ,https://chi-c.jp,〒212-0014 神奈川県川崎市幸区大宮町1,044-542-7180,,https://chi-c.jp/contact,,,,,,,,,,,株式会社シーエイチアイ,company_label,exclude,target_service_unconfirmed,,,https://chi-c.jp
337,337,株式会社ジャオダック-屋外広告取引市場JAODAQ®,https://jaodaq.co.jp,〒105-0001 東京都港区虎ノ門5,03-5843-7565,,https://jaodaq.co.jp/contact_ag/,,,,,,,,,,,株式会社ジャオダック-屋外広告取引市場JAODAQ,existing,exclude,target_service_unconfirmed,,,https://jaodaq.co.jp
338,338,株式会社計画情報研究所,https://keikaku.or.jp,〒920-0025 石川県金沢市駅西本町2,076-223-5445,,https://keikaku.or.jp/contact/,,,,,,,,,,,株式会社 計画情報研究所,company_label,exclude,target_service_unconfirmed,,,https://keikaku.or.jp
339,339,ファナック株式会社,https://www.fanuc.co.jp,〒401-0597 山梨県南都留郡忍野村忍草3,,,https://www.fanuc.co.jp/ja/training/training-inquiry.html,,,,,,,,,,,ファナック株式会社,existing_english,exclude,target_service_unconfirmed,,,https://www.fanuc.co.jp
340,340,Roof.LLC,https://www.oneroof.co.jp,〒300-4223 茨城県つくば市小田3,,,https://www.oneroof.co.jp/contact/,,,,,,,,,,,Roof.LLC,existing_english,exclude,target_service_unconfirmed,,,https://www.oneroof.co.jp
341,341,"ZOZO, Inc. ALL RIGHTS RESERVED.",https://corp.zozo.com,〒261-0024 千葉県千葉市美浜区豊砂1,,,https://corp.zozo.com/ir-info/inquiry/contact/,,,,,,,,,,,株式会社ZOZO,company_label,exclude,weak_incidental_keyword,,,https://corp.zozo.com
342,342,合同会社マーチエーディング,https://www.march-ading.com,〒010-1436 秋田県秋田市大住三丁目,018-835-8290,,https://www.march-ading.com/contact/,,,,,,,,,,,合同会社マーチエーディング,company_label,exclude,target_service_unconfirmed,,,https://www.march-ading.com
343,343,"株式会社ディグナ（英文社名：DIGNA, INC.）",https://dx.school,〒933-0842 富山県高岡市横田町1,080-3749-8770,,https://dx.school/inquiry/,,,,,,,,,,,株式会社ディグナ,company_label,exclude,target_service_unconfirmed,,,https://dx.school
344,344,株式会社LATERAL(ラテラル）,https://www.lateral.jp,〒920-0362 石川県金沢市古府2,076-249-9987,,https://www.lateral.jp/contact/,,,,,,,,,,,株式会社LATERAL,company_label,exclude,target_service_unconfirmed,,,https://www.lateral.jp
345,345,HAYASHI株式会社,https://hayashi-kanazawa.co.jp,〒921-8026 石川県金沢市糸田新町3,076-247-4433,,https://hayashi-kanazawa.co.jp/contact/,,,,,,,,,,,HAYASHI株式会社,existing_english,exclude,target_service_unconfirmed,,,https://hayashi-kanazawa.co.jp
346,346,Toyo advertising.inc All Rights Reserved.,https://toyo-ad.net,〒963-0201 福島県郡山市大槻町字中野3,024-962-7833,,https://toyo-ad.net/contact/,,,,,,,,,,,Toyo advertising.inc,existing_english,exclude,target_service_unconfirmed,,,https://toyo-ad.net
347,347,株式会社 四季の旅,https://www.4tabi.com,〒060-0061 北海道札幌市中央区南１,011-590-0104,,https://www.4tabi.com/contact/,,,,,,,,,,,株式会社四季の旅,company_jsonld,exclude,target_service_unconfirmed,,,https://www.4tabi.com
348,348,HYAKU LLC. All rights reserved.,https://hyaku100.jp,〒070-0822 北海道旭川市２,,,https://hyaku100.jp/contact/,,,,,,,,,,,合同会社 HYAKU,root_jsonld,exclude,weak_incidental_keyword,,,https://hyaku100.jp
349,349,株式会社ハイ・フォート,https://hiphoto.jp,〒003-0027 北海道札幌市白石区本通1,011-862-1750,,https://hiphoto.jp/contact,,,,,,,,,,,株式会社ハイ・フォート,root_jsonld,exclude,target_service_unconfirmed,,,https://hiphoto.jp
350,350,株式会社グラグリッド,https://glagrid.jp,〒369-1203 埼玉県大里郡寄居町寄居1,080-5239-5965,,https://glagrid.jp/contact,,,,,,,,,,,株式会社グラグリッド,company_jsonld,exclude,weak_incidental_keyword,,,https://glagrid.jp
351,351,Laugh Life株式会社,https://www.laughlife-all.jp,〒921-8831 石川県野々市市下林4,070-9050-9057,,https://www.laughlife-all.jp/lightning-g3/contact/,,,,,,,,,,,Laugh Life株式会社,existing_english,exclude,target_service_unconfirmed,,,https://www.laughlife-all.jp
352,352,株式会社ハイテックシステム,https://www.hightech.co.jp,〒990-0023 山形県山形市松波1,023-628-9455,,https://www.hightech.co.jp/service/information.html,,,,,,,,,,,株式会社ハイテックシステム,company_label,exclude,target_service_unconfirmed,,,https://www.hightech.co.jp
353,353,株式会社Goolight,https://goolight.co.jp,〒382-0077 長野県須坂市北横町1,,,https://goolight.co.jp/contact,,,,,,,,,,,株式会社Goolight,company_label,exclude,target_service_unconfirmed,,,https://goolight.co.jp
354,354,株式会社 DEPOT（デポ）,https://www.depot-yamanashi.jp,〒400-0032 山梨県甲府市中央1,,,https://www.depot-yamanashi.jp,,,,,,,,,,,株式会社 DEPOT,root_jsonld,exclude,target_service_unconfirmed,,,https://www.depot-yamanashi.jp
355,355,Valise Inc. All Rights Reserved.,https://www.valise.jp,〒107-0061 東京都港区北青山2,,,https://www.valise.jp/#contact,,,,,,,,,,,株式会社 Valise,company_label,exclude,target_service_unconfirmed,,,https://www.valise.jp
356,356,JTQ Inc.,https://jtq.jp,〒153-0051 東京都目黒区上目黒 1,03-3711-9499,,https://jtq.jp/works/spa/,,,,,,,,,,,JTQ Inc,existing_english,exclude,target_service_unconfirmed,,,https://jtq.jp
357,357,ONE CAREER INC.,https://onecareer.co.jp,〒150-0031 東京都渋谷区桜丘町2,,,,,,,,,,,,,,株式会社ワンキャリア,company_label,exclude,target_service_unconfirmed,,,https://onecareer.co.jp
358,358,株式会社アキハマ・ブレーンズ・コミュニティー,https://akihama-net.com,〒270-2241 千葉県松戸市松戸新田5,047-712-1090,,https://akihama-net.com/contact,,,,,,,,,,,株式会社アキハマ・ブレーンズ・コミュニティー,existing,exclude,weak_incidental_keyword,,,https://akihama-net.com
359,359,株式会社H&Sプロモーション,https://www.hs-p.co.jp,〒101-0041 東京都千代田区神田須田町1,03-6659-9010,,https://www.hs-p.co.jp/contact.html,,,,,,,,,,,株式会社H&Sプロモーション,existing,exclude,target_service_unconfirmed,,,https://www.hs-p.co.jp
360,360,株式会社スターパートナーズ,https://care-sp.net,〒141-0031 東京都品川区西五反田1,0120-99-4306,,https://care-sp.net/contactus/,,,,,,,,,,,株式会社スターパートナーズ,company_label,exclude,target_service_unconfirmed,,,https://care-sp.net
361,361,株式会社 ダイヤ書房 All Rights Reserved.,https://daiyashobou.com,〒065-0025 北海道札幌市東区北2,011-712-2191,,https://daiyashobou.com/contact/,,,,,,,,,,,株式会社 ダイヤ書房,existing,exclude,target_service_unconfirmed,,,https://daiyashobou.com
362,362,株式会社 官民連携事業研究所,https://p4rl.com,〒575-0003 大阪府四條畷市岡山東1,,,https://p4rl.com/contact/,,,,,,,,,,,株式会社 官民連携事業研究所,company_label,exclude,target_service_unconfirmed,,,https://p4rl.com
363,363,2026 SACHIFULL Inc.,https://www.sachifull.co.jp,〒918-8015 福井県福井市花堂南1,0776-58-7169,,https://www.sachifull.co.jp/contact/,,,,,,,,,,,株式会社さちふる,company_label,exclude,weak_incidental_keyword,,,https://www.sachifull.co.jp
364,364,株式会社Evokers,https://evokers.co.jp,〒105-0004 東京都港区新橋2,03-6264-6613,,,,,,,,,,,,,株式会社Evokers,company_jsonld,exclude,target_service_unconfirmed,,,https://evokers.co.jp
365,365,有限会社かぎよし,https://kagiyoshi.co.jp,〒330-0855 埼玉県さいたま市大宮区上小町8,048-641-1056,,https://kagiyoshi.co.jp/contact-us/,,,,,,,,,,,有限会社かぎよし,existing,exclude,target_service_unconfirmed,,,https://kagiyoshi.co.jp
366,366,GLOE Inc. copyright,https://gloe.jp,〒160-0023 東京都新宿区西新宿7,,,https://gloe.jp/contact/?work_subject=1,,,,,,,,,,,GLOE Inc,existing_english,exclude,weak_incidental_keyword,,,https://gloe.jp
367,367,株式会社マノエ,https://manoe.co.jp,〒400-0862 山梨県甲府市朝気2,055-298-6480,,https://manoe.co.jp/information/,,,,,,,,,,,株式会社マノエ,company_label,exclude,weak_incidental_keyword,,,https://manoe.co.jp
368,368,Northerncross Inc. All Rights Reserved.,https://www.northerncross.co.jp,〒060-0041 北海道札幌市中央区大通東2,011-232-3661,,,,,,,,,,,,,株式会社ノーザンクロス,company_label,exclude,target_service_unconfirmed,,,https://www.northerncross.co.jp
369,369,株式会社Facilo,https://www.facilo.jp,〒104-0028 東京都中央区八重洲2,03-4588-4251,,https://www.facilo.jp/form/contact/,,,,,,,,,,,株式会社Facilo,existing,exclude,target_service_unconfirmed,,,https://www.facilo.jp
370,370,2026 クラアド株式会社,https://claad.jp,〒422-8067 静岡県静岡市駿河区南町1,,,https://claad.jp/contact,,,,,,,,,,,クラアド株式会社,existing_english,exclude,target_service_unconfirmed,,,https://claad.jp
371,371,株式会社ディファレントサーチ,https://dif-s.jp,〒104-0045 東京都中央区築地2,03-6264-0059,,https://dif-s.jp/contact/,,,,,,,,,,,株式会社ディファレントサーチ,existing,exclude,target_service_unconfirmed,,,https://dif-s.jp
372,372,︎2023 Setsuna LLC. All Rights Reserved.,https://www.setsuna-llc.com,〒321-0164 栃木県宇都宮市双葉1,,,https://www.setsuna-llc.com/お問い合わせ/,,,,,,,,,,,Setsuna LLC,existing_english,exclude,target_service_unconfirmed,,,https://www.setsuna-llc.com
373,373,株式会社ワイズクリエイティブファクトリー,https://www.yscf.jp,〒150-6018 東京都渋谷区恵比寿4,03-5789-5374,,https://www.yscf.jp/contact/,,,,,,,,,,,株式会社ワイズクリエイティブファクトリー,existing,exclude,target_service_unconfirmed,,,https://www.yscf.jp
374,374,株式会社WACUL,https://wacul.co.jp,〒101-0052 東京都千代田区神田小川町3,03-5244-5535,,https://wacul.co.jp/contact,,,,,,,,,,,株式会社WACUL,existing,exclude,target_service_unconfirmed,,,https://wacul.co.jp
375,375,"xscore, Inc. All Rights Reserved.",https://webma.xscore.co.jp,〒150-0011 東京都渋谷区東3,03-6433-5770,,https://webma.xscore.co.jp/contact/,,,,,,,,,,,株式会社エクスコア,company_label,exclude,direct_meo_competitor,,,https://webma.xscore.co.jp
376,376,2026年 「株式会社ndp group」に商号変更,https://www.ndpgroup.co.jp,〒060-0002 北海道札幌市中央区北二条西1,011-596-0509,,https://www.ndpgroup.co.jp/contact/input,,,,,,,,,,,株式会社ndp,existing,exclude,target_service_unconfirmed,,,https://www.ndpgroup.co.jp
377,377,大川建設 株式会社,https://www.okawa-kensetsu.co.jp,〒410-0003 静岡県沼津市沢田町2,055-921-0489,,https://www.okawa-kensetsu.co.jp/contents/category/contact,,,,,,,,,,,大川建設 株式会社,existing_english,exclude,target_service_unconfirmed,,,https://www.okawa-kensetsu.co.jp
378,378,株式会社KSB,https://lp.ksb-sendai.co.jp,〒980-0802 宮城県仙台市青葉区二日町8,022-281-9163,,https://lp.ksb-sendai.co.jp#contact,,,,,,,,,,,株式会社KSB,existing,exclude,target_service_unconfirmed,,,https://lp.ksb-sendai.co.jp
379,379,2026 Northern Iwate Transportation Inc.,https://www.iwate-kenpokubus.co.jp,〒020-0124 岩手県盛岡市厨川一丁目,019-641-7711,,https://www.iwate-kenpokubus.co.jp/contact/,,,,,,,,,,,Northern Iwate Transportation Inc,existing_english,exclude,target_service_unconfirmed,,,https://www.iwate-kenpokubus.co.jp
380,380,株式会社ブィシージー,https://www.vcg-inc.com,〒963-8803 福島県郡山市横塚2,0120-910-608,,https://www.vcg-inc.com/contact/,,,,,,,,,,,株式会社ブィシージー,existing,exclude,target_service_unconfirmed,,,https://www.vcg-inc.com
381,381,2025-2026 フォーエス株式会社 All Rights Reserved.,https://www.4s-company.jp,〒948-0072 新潟県十日町市西本町３,025-762-4412,,https://www.4s-company.jp#contact,,,,,,,,,,,フォーエス株式会社,existing_english,exclude,target_service_unconfirmed,,,https://www.4s-company.jp
382,382,有限会社アクティル,https://actil.jp,〒920-0226 石川県金沢市粟崎町3,076-238-2839,,https://actil.jp/contact/,,,,,,,,,,,有限会社アクティル,existing,exclude,target_service_unconfirmed,,,https://actil.jp
383,383,MG株式会社,https://www.mg-inc.net,〒380-0805 長野県長野市柳町6,090-6921-5198,,https://www.mg-inc.net#contact,,,,,,,,,,,MG株式会社,existing_english,exclude,target_service_unconfirmed,,,https://www.mg-inc.net
384,384,株式会社DOA,https://www.doa-inc.jp,〒390-0852 長野県松本市島立7,0263-47-7786,,https://www.doa-inc.jp/contact,,,,,,,,,,,株式会社DOA,existing,exclude,target_service_unconfirmed,,,https://www.doa-inc.jp
385,385,株式会社ゲイン,https://gain.co.jp,〒460-0011 愛知県名古屋市中区大須3,052-243-3510,,https://gain.co.jp/contact/#tokyo,,,,,,,,,,,株式会社ゲイン,existing,exclude,target_service_unconfirmed,,,https://gain.co.jp
386,386,株式会社ハッチ・ワーク,https://hatchwork.co.jp,〒107-0062 東京都港区南青山1,03-5772-3621,,,,,,,,,,,,,株式会社ハッチ・ワーク,company_label,exclude,target_service_unconfirmed,,,https://hatchwork.co.jp
387,387,株式会社マスネットワーク,https://mas-net.jp,〒390-0817 長野県松本市巾上9,0263-33-2223,,https://mas-net.jp#contact,,,,,,,,,,,株式会社マスネットワーク,existing,exclude,target_service_unconfirmed,,,https://mas-net.jp
388,388,株式会社ドリームホテル,https://dreamhotel.co.jp,〒390-0874 長野県松本市大手2,0263-39-7101,,https://dreamhotel.co.jp/contact/,,,,,,,,,,,株式会社ドリームホテル,company_label,exclude,primary_industry_mismatch,,,https://dreamhotel.co.jp
389,389,サンエイジ合同会社 群馬県前橋市のネット集客・販売促進・ホームページ制作,https://sunage.org,〒371-0804 群馬県前橋市六供町2,027-289-3578,,https://sunage.org/information/yodobashi.html,,,,,,,,,,,合同会社 群馬県前橋市のネット集客・販売促進・,existing,exclude,target_service_unconfirmed,,,https://sunage.org
390,390,2019-2026 Real Estate Supporter.Inc,https://supporters.co.jp,〒305-0033 茨城県つくば市東新井8,029-886-7762,,https://supporters.co.jp/contact,,,,,,,,,,,Real Estate Supporter.Inc,existing_english,exclude,target_service_unconfirmed,,,https://supporters.co.jp
391,391,株式会社ミラ,https://mirah-planning.com,〒371-0835 群馬県前橋市前箱田町3,,,https://mirah-planning.com/contact/,,,,,,,,,,,株式会社ミラ,company_label,exclude,target_service_unconfirmed,,,https://mirah-planning.com
392,392,株式会社りそな銀行,https://www.saitamaresona.co.jp,〒350-0063 埼玉県川越市幸町4,,,https://www.saitamaresona.co.jp/kojin/contact/#10,,,,,,,,,,,株式会社りそな銀行,existing,exclude,target_service_unconfirmed,,,https://www.saitamaresona.co.jp
393,393,style-be Inc.,https://www.style-be.com,〒260-0808 千葉県千葉市中央区星久喜町1,043-266-8931,,https://www.style-be.com/contact.html,,,,,,,,,,,style-be Inc,existing_english,exclude,target_service_unconfirmed,,,https://www.style-be.com
394,394,株式会社ちばくる公式サイト,https://chibacool.co.jp,〒261-0001 千葉県千葉市美浜区幸町２,,,https://chibacool.co.jp/inquiry/,,,,,,,,,,,株式会社ちばくる公式サイト,company_jsonld,exclude,target_service_unconfirmed,,,https://chibacool.co.jp
395,395,4DL Technologies株式会社（フォーディーエルテクノロジーズ）,https://4dlt.com,〒260-0013 千葉県千葉市中央区中央 2,,,https://4dlt.com/contact?hsLang=ja-jp,,,,,,,,,,,4DL Technologies株式会社（フォーディーエルテクノロジーズ,existing_english,exclude,target_service_unconfirmed,,,https://4dlt.com
396,396,有限会社マイア,https://www.maia-bsd.jp,〒370-1105 群馬県佐波郡玉村町福島5,0270-64-3072,,,,,,,,,,,,,有限会社マイア,company_label,exclude,target_service_unconfirmed,,,https://www.maia-bsd.jp
397,397,アイエスリフォーム株式会社,https://isreform.jp,〒277-0074 千葉県柏市今谷上町1,04-7196-6003,,https://isreform.jp/contact/,,,,,,,,,,,アイエスリフォーム株式会社,existing_english,exclude,target_service_unconfirmed,,,https://isreform.jp
398,398,ワールドスケープ株式会社,https://shukyaku-lab.com,〒273-0005 千葉県船橋市本町2,047-404-7914,,https://shukyaku-lab.com/contact,,,,,,,,,,,ワールドスケープ株式会社,existing_english,exclude,target_service_unconfirmed,,,https://shukyaku-lab.com
399,399,株式会社エーネイバーズ,https://a-nabors.jp,〒277-8520 千葉県柏市若柴1,047-314-8330,,https://a-nabors.jp/contact/,,,,,,,,,,,株式会社エーネイバーズ,existing,exclude,target_service_unconfirmed,,,https://a-nabors.jp
400,400,株式会社やまと経営,https://ksme-c.com,〒338-0002 埼玉県さいたま市中央区下落合5,048-699-1016,,https://ksme-c.com/contact/,,,,,,,,,,,株式会社やまと経営,company_label,exclude,target_service_unconfirmed,,,https://ksme-c.com
401,401,株式会社Infinity Soar,https://infinitysoar.net,〒460-0002 愛知県名古屋市中区丸の内２,050-1726-8881,,,,,,,,,,,,,株式会社Infinity,existing,exclude,weak_incidental_keyword,,,https://infinitysoar.net
402,402,カイゼン・マーケティング株式会社,https://ai-bouz.com,〒460-0011 愛知県名古屋市中区大須1,,,,,,,,,,,,,,カイゼン・マーケティング株式会社,existing_english,exclude,target_service_unconfirmed,,,https://ai-bouz.com
403,403,YSSホテルズ&リゾーツ株式会社,https://yss-hotels.co.jp,〒541-0054 大阪府大阪市中央区本町2,06-7878-8359,,https://yss-hotels.co.jp/contact,,,,,,,,,,,YSSホテルズ&リゾーツ株式会社,existing_english,exclude,primary_industry_mismatch,,,https://yss-hotels.co.jp
404,404,富士コンピュータ株式会社,https://fujicomp.co.jp,〒675-0034 兵庫県加古川市加古川町稲屋7,079-427-1111,,https://fujicomp.co.jp/inquiry.html,,,,,,,,,,,富士コンピュータ株式会社,existing_english,exclude,target_service_unconfirmed,,,https://fujicomp.co.jp
405,405,株式会社 平賀,https://www.pp-hiraga.co.jp,〒176-0012 東京都練馬区豊玉北3,03-3991-4541,,https://www.pp-hiraga.co.jp/contact/,,,,,,,,,,,株式会社 平賀,existing,exclude,weak_incidental_keyword,,,https://www.pp-hiraga.co.jp
406,406,株式会社With Inn（ウィズイン）,https://withinn.co.jp,〒870-0917 大分県大分市高松1,,,https://withinn.co.jp#section-19,,,,,,,,,,,株式会社With,company_label,exclude,target_service_unconfirmed,,,https://withinn.co.jp
407,407,"2026 Influencerforce, Inc. All rights reserved.",https://lp.influencerforce.me,〒140-0002 東京都品川区東品川2,,,https://lp.influencerforce.me,,,,,,,,,,,"Influencerforce, Inc",existing_english,exclude,target_service_unconfirmed,,,https://lp.influencerforce.me
408,408,株式会社FRASCO 広島,https://frasco-co.jp,〒730-0029 広島県広島市中区三川町5,,,https://frasco-co.jp/contact,,,,,,,,,,,株式会社FRASCO,existing,exclude,target_service_unconfirmed,,,https://frasco-co.jp
409,409,2026 株式会社サンプロ All Rights Reserved.,https://recruit.sunpro36.co.jp,〒380-0823 長野県長野市南千歳１,0120-364-655,,https://recruit.sunpro36.co.jp/service/sunpro-reform/,,,,,,,,,,,株式会社サンプロ,existing,exclude,target_service_unconfirmed,,,https://recruit.sunpro36.co.jp
410,410,2026 mix-case inc. all right reserved.,https://mix-case.com,〒531-0071 大阪府大阪市北区中津1,,,https://mix-case.com/contact/,,,,,,,,,,,株式会社ミックスケース,company_label,exclude,target_service_unconfirmed,,,https://mix-case.com
411,411,合同会社 Sheep （シープ）,https://www.sheep-jp.com,〒540-0024 大阪府大阪市中央区南新町2,06-7710-3964,,https://www.sheep-jp.com/395104520,,,,,,,,,,,合同会社 Sheep,company_label,exclude,target_service_unconfirmed,,,https://www.sheep-jp.com
412,412,株式会社YUI(ライバー事務所)YUIproduction All Rights Reserved.,https://yuijp.com,〒150-0043 東京都渋谷区道玄坂一丁目,,,https://yuijp.com/contactyui05/,,,,,,,,,,,株式会社YUI,company_label,exclude,target_service_unconfirmed,,,https://yuijp.com
413,413,ソプラ銀座株式会社.,https://sopraginza.co.jp,〒104-0061 東京都中央区銀座3,03-6228-4901,,https://sopraginza.co.jp/contact/,,,,,,,,,,,ソプラ銀座株式会社,existing_english,exclude,target_service_unconfirmed,,,https://sopraginza.co.jp
414,414,株式会社リバティーフェローシップ（東京歯科経営ラボ）,https://tdmlabo.com,〒167-0051 東京都杉並区荻窪1,03-4405-6234,,https://tdmlabo.com/contact/,,,,,,,,,,,株式会社リバティーフェローシップ,company_label,exclude,target_service_unconfirmed,,,https://tdmlabo.com
415,415,株式会社Mellow,https://www.mellow.jp,〒105-0004 東京都港区新橋2,,,https://www.mellow.jp/contact,,,,,,,,,,,株式会社Mellow,existing,exclude,target_service_unconfirmed,,,https://www.mellow.jp
416,416,CCC カルチュア・コンビニエンス・クラブ株式会社,https://www.ccc.co.jp,〒220-0012 神奈川県横浜市西区みなとみらい三丁目,095-819-2096,,https://www.ccc.co.jp/info/others/,,,,,,,,,,,CCC カルチュア・コンビニエンス・クラブ株式会社,existing_english,exclude,target_service_unconfirmed,,,https://www.ccc.co.jp
417,417,株式会社MUSE,https://www.muse-gr.com,〒104-0032 東京都中央区八丁堀2,,,https://www.muse-gr.com/contact,,,,,,,,,,,株式会社MUSE,company_label,exclude,target_service_unconfirmed,,,https://www.muse-gr.com
418,418,※本事業の事務局は、東京都より株式会社アクセスネクステージに運営を委託しております。,https://www.kaisyahakken.metro.tokyo.lg.jp,〒113-0033 東京都文京区本郷4,03-5803-2727,,https://www.kaisyahakken.metro.tokyo.lg.jp/ambassador/apply.html,,,,,,,,,,,株式会社アクセスネクステージに運営を委託しております,existing,exclude,target_service_unconfirmed,,,https://www.kaisyahakken.metro.tokyo.lg.jp
419,419,株式会社リードエックス,https://lead-x.co.jp,〒531-0072 大阪府大阪市北区豊崎3,06-4400-1310,,https://lead-x.co.jp/webconsulting/,,,,,,,,,,,株式会社リードエックス,company_label,exclude,direct_meo_competitor,,,https://lead-x.co.jp
420,420,4月 株式会社メディアフラッグからインパクトホールディングス株式会社へ商号変更,https://impact-h.co.jp,〒107-6023 東京都港区赤坂1,03-5464-8321,,https://impact-h.co.jp/contact/,,,,,,,,,,,株式会社メディアフラッグからインパクトホールディングス株式会社へ商号変更,existing,exclude,target_service_unconfirmed,,,https://impact-h.co.jp
421,421,株式会社NEO,https://neotown.net,〒810-0001 福岡県福岡市中央区天神一丁目,092-600-8038,,https://neotown.net/contact,,,,,,,,,,,株式会社NEO,company_label,exclude,target_service_unconfirmed,,,https://neotown.net
422,422,インターノウス株式会社,https://octopass.jp,〒106-0032 東京都港区六本木１,03-6205-7707,,https://octopass.jp/contact2/,,,,,,,,,,,インターノウス株式会社,existing_english,exclude,target_service_unconfirmed,,,https://octopass.jp
423,423,株式会社VELTEXスポーツエンタープライズ,https://veltex.co.jp,〒422-8067 静岡県静岡市駿河区南町1,,,https://veltex.co.jp/contact/,,,,,,,,,,,株式会社VELTEXスポーツエンタープライズ,company_label,exclude,target_service_unconfirmed,,,https://veltex.co.jp
424,424,訪問歯科診療のデンタルサポート株式会社,https://www.dentalsupport.co.jp,〒261-8501 千葉県千葉市美浜区中瀬1,043-213-6480,,https://www.dentalsupport.co.jp/inquiry/,,,,,,,,,,,訪問歯科診療のデンタルサポート株式会社,existing_english,exclude,primary_industry_mismatch,,,https://www.dentalsupport.co.jp
425,425,株式会社ベルアドワイズ -「お役立ち」の先まで、一緒に。,https://www.belleadwise.jp,〒460-0007 愛知県名古屋市中区新栄2,,,https://www.belleadwise.jp/contact/,,,,,,,,,,,株式会社ベルアドワイズ,existing,exclude,weak_incidental_keyword,,,https://www.belleadwise.jp
426,426,コステージ・ラン株式会社（運営受託）,https://costage.co.jp,〒651-0087 兵庫県神戸市中央区御幸通8,,,https://costage.co.jp/inquiry/,,,,,,,,,,,コステージ・ラン株式会社（運営受託,existing_english,exclude,target_service_unconfirmed,,,https://costage.co.jp
427,427,株式会社オレンジフローラル,https://www.orange-floral.com,〒259-0201 神奈川県足柄下郡真鶴町真鶴1,0465-69-2239,,https://www.orange-floral.com/contact/,,,,,,,,,,,株式会社オレンジフローラル,company_label,exclude,target_service_unconfirmed,,,https://www.orange-floral.com
428,428,ヒラタ産業株式会社,https://hirata-sangyo.co.jp,〒500-8082 岐阜県岐阜市矢島町2,058-266-4124,,https://hirata-sangyo.co.jp/contact/,,,,,,,,,,,ヒラタ産業株式会社,existing_english,exclude,target_service_unconfirmed,,,https://hirata-sangyo.co.jp
429,429,エリッツ御所ビル 株式会社エリッツ建物管理内,https://www.keiji-net.com,〒602-0003 京都府京都市上京区新町通寺之内上る３,075-285-1391,,https://www.keiji-net.com/contact/,,,,,,,,,,,株式会社エリッツ建物管理内,existing,exclude,target_service_unconfirmed,,,https://www.keiji-net.com
430,430,"Principal Home U.S.A. Inc.,",https://pr-h.jp,〒194-0036 東京都町田市木曽東2,0120-021-541,,https://pr-h.jp/inquiry/,,,,,,,,,,,株式会社プリンシパル,company_jsonld,exclude,target_service_unconfirmed,,,https://pr-h.jp
431,431,株式会社ウィズメディカルサービス,https://with-medical-service.jp,〒595-0037 大阪府泉大津市 虫取町1,,,https://with-medical-service.jp/consulting/,,,,,,,,,,,株式会社ウィズメディカルサービス,company_label,exclude,target_service_unconfirmed,,,https://with-medical-service.jp
432,432,(C) 株式会社KYORI,http://kyo-ri.co.jp,〒675-0031 兵庫県加古川市加古川町北在家2,079-421-5248,,http://kyo-ri.co.jp/contact,,,,,,,,,,,株式会社KYORI,existing,exclude,weak_incidental_keyword,,,http://kyo-ri.co.jp
433,433,ブレークスルーアカデミー有限会社,https://www.aburidas.com,〒564-0063 大阪府吹田市江坂町1,06-6190-3336,,https://www.aburidas.com/contact,,,,,,,,,,,ブレークスルーアカデミー有限会社,existing_english,exclude,target_service_unconfirmed,,,https://www.aburidas.com
434,434,エンデバー・ユナイテッド株式会社,https://www.endeavourunited.co.jp,〒100-0005 東京都千代田区丸の内二丁目,,,https://www.endeavourunited.co.jp/contact/,,,,,,,,,,,エンデバー・ユナイテッド株式会社,existing_english,exclude,target_service_unconfirmed,,,https://www.endeavourunited.co.jp
435,435,株式会社CEOキッズアカデミー,https://ceokidsacademy.jp,〒657-0029 兵庫県神戸市灘区日尾町2,078-862-1104,,https://forms.gle/5hFHcUGzyjxmqscU7,,,,,,,,,,,株式会社CEOキッズアカデミー,existing,exclude,target_service_unconfirmed,,,https://ceokidsacademy.jp
436,436,株式会社アイキャッチ All Rights Reserved.,https://the.icatch.co.jp,〒514-2222 三重県津市豊が丘２,059-271-9773,,https://the.icatch.co.jp/contact/,,,,,,,,,,,株式会社アイキャッチ,existing,exclude,target_service_unconfirmed,,,https://the.icatch.co.jp
437,437,株式会社 ビーライン,https://beeline-tire.co.jp,〒880-0121 宮崎県宮崎市大字島之内6,0985-86-7770,,https://beeline-tire.co.jp/contact,,,,,,,,,,,株式会社 ビーライン,company_label,exclude,target_service_unconfirmed,,,https://beeline-tire.co.jp
438,438,株式会社備中屋,https://bitchuya-sake.com,〒713-8101 岡山県倉敷市玉島上成6,086-525-5581,,https://bitchuya-sake.com/contact/,,,,,,,,,,,株式会社備中屋,company_label,exclude,target_service_unconfirmed,,,https://bitchuya-sake.com
439,439,株式会社TAROC,https://taroc.jp,〒590-0982 大阪府堺市堺区海山町4,01-0106-0399,,https://taroc.jp/#Contact,,,,,,,,,,,株式会社TAROC,company_label,exclude,target_service_unconfirmed,,,https://taroc.jp
440,440,株式会社クレーる,https://claire-claire.co.jp,〒631-0803 奈良県奈良市山陵町1,0742-81-3621,,https://claire-claire.co.jp/inquiry,,,,,,,,,,,株式会社クレーる,company_label,exclude,target_service_unconfirmed,,,https://claire-claire.co.jp
441,441,㈱KDB,https://thanksnet-kdb.com,〒736-0085 広島県広島市安芸区矢野西4,082-820-0300,,https://thanksnet-kdb.com/contact/,,,,,,,,,,,株式会社サンクスネット,company_jsonld,exclude,target_service_unconfirmed,,,https://thanksnet-kdb.com
442,442,All rights reserved 株式会社Beauty Gum,https://beauty-gum.jp,〒760-0028 香川県 高松市鍛冶屋町 7,087-880-8419,,https://beauty-gum.jp/contact,,,,,,,,,,,株式会社 Beauty,company_label,exclude,target_service_unconfirmed,,,https://beauty-gum.jp
443,443,株式会社リーフカンパニー,https://leaf-consulting.info,〒790-0051 愛媛県松山市生石町5,089-994-5526,,https://leaf-consulting.info/inquiry.html,,,,,,,,,,,株式会社リーフカンパニー,existing,exclude,target_service_unconfirmed,,,https://leaf-consulting.info
444,444,株式会社電翔,https://www.densho-at.jp,〒343-0816 埼玉県越谷市弥生町3,048-940-0898,,https://www.densho-at.jp/contact/,,,,,,,,,,,株式会社電翔,company_jsonld,exclude,target_service_unconfirmed,,,https://www.densho-at.jp
445,445,株式会社ヘリテージ,https://preppyweb.com,〒141-0022 東京都品川区東五反田2,03-3528-9790,,https://preppyweb.com/contact,,,,,,,,,,,株式会社ヘリテージ,company_jsonld,exclude,target_service_unconfirmed,,,https://preppyweb.com
446,446,株式会社アートヴァディジング,https://artvetising.com,〒810-0014 福岡県福岡市中央区平尾1,092-791-5350,,https://artvetising.com/contact/,,,,,,,,,,,株式会社アートヴァディジング,company_label,exclude,target_service_unconfirmed,,,https://artvetising.com
447,447,"THE NEXT GENERATION, inc. All rights reserved.",https://the-next-generation.jp,〒106-0047 東京都港区南麻布3,,,https://the-next-generation.jp/about/#contactform,,,,,,,,,,,"THE NEXT GENERATION, inc",existing_english,exclude,target_service_unconfirmed,,,https://the-next-generation.jp
448,448,株式会社エムマーケットエージェンシー,https://mmarketagency.jp,〒812-0016 福岡県福岡市博多区博多駅南6,092-402-0867,,https://mmarketagency.jp/contact/,,,,,,,,,,,株式会社エムマーケットエージェンシー,company_label,exclude,target_service_unconfirmed,,,https://mmarketagency.jp
449,449,株式会社ネクストプラス,https://www.next-plus.co.jp,〒373-0851 群馬県太田市飯田町5,048-577-6540,,https://www.next-plus.co.jp/contact,,,,,,,,,,,株式会社ネクストプラス,company_label,exclude,target_service_unconfirmed,,,https://www.next-plus.co.jp
450,450,LUCIE株式会社,https://www.lucie.co.jp,〒810-0004 福岡県福岡市中央区渡辺通2,092-982-0585,,https://www.lucie.co.jp/contact-2/,,,,,,,,,,,LUCIE株式会社,existing_english,exclude,target_service_unconfirmed,,,https://www.lucie.co.jp
451,451,MEDIVA.inc,https://mediva.co.jp,〒158-0097 東京都世田谷区用賀2,,,https://mediva.co.jp/contact/,,,,,,,,,,,株式会社メディヴァ,company_jsonld,exclude,target_service_unconfirmed,,,https://mediva.co.jp
452,452,合同会社 松之屋フーズ,https://matsunoyafoods.com,〒890-0073 鹿児島県鹿児島市宇宿2,099-807-2036,,,,,,,,,,,,,合同会社 松之屋フーズ,company_label,exclude,primary_industry_mismatch,,,https://matsunoyafoods.com
453,453,株式会社 鹿児島レブナイズ,https://www.rebnise.jp,〒892-0853 鹿児島県鹿児島市城山町1,099-201-5811,,https://www.rebnise.jp/inquiry/,,,,,,,,,,,株式会社 鹿児島レブナイズ,company_label,exclude,target_service_unconfirmed,,,https://www.rebnise.jp
454,454,株式会社ダブルノット,https://doubleknot.co.jp,〒680-0404 鳥取県八頭郡八頭町見槻中1,050-3205-0801,,https://doubleknot.co.jp/contact/,,,,,,,,,,,株式会社ダブルノット,company_label,exclude,target_service_unconfirmed,,,https://doubleknot.co.jp
455,455,リックス工業株式会社,https://licks.co.jp,〒323-0807 栃木県小山市城東4,0285-25-6620,,https://licks.co.jp/?page_id=42,,,,,,,,,,,リックス工業株式会社,existing_english,exclude,primary_industry_mismatch,,,https://licks.co.jp
456,456,戦略PRの株式会社東京片岡英彦事務所,https://www.kataokahidehiko.com,〒105-0004 東京都港区新橋2,03-6820-2197,,https://www.kataokahidehiko.com/contact-us/,,,,,,,,,,,株式会社東京片岡英彦事務所,existing,exclude,target_service_unconfirmed,,,https://www.kataokahidehiko.com
457,457,株式会社KUSANA,https://www.kusana.biz,〒525-0059 滋賀県草津市野路1,,,https://www.kusana.biz/#contact,,,,,,,,,,,株式会社KUSANA,company_jsonld,exclude,target_service_unconfirmed,,,https://www.kusana.biz
458,458,株式会社COME TREES,https://cometrees.jp,〒104-0061 東京都中央区銀座1,050-3187-3985,,https://cometrees.jp/contact/,,,,,,,,,,,株式会社COME,company_label,exclude,target_service_unconfirmed,,,https://cometrees.jp
459,459,総合クリエイティブ広告 ブリッジ-株式会社島根県合同折込,https://brug.jp,〒690-0023 島根県松江市竹矢町1,0852-37-0202,,https://brug.jp/contact,,,,,,,,,,,株式会社島根県合同折込,company_jsonld,exclude,target_service_unconfirmed,,,https://brug.jp
460,460,株式会社メリット,https://www.merit-inc.co,〒690-0012 島根県松江市古志原5,0852-23-2230,,https://www.merit-inc.co/contact/,,,,,,,,,,,株式会社メリット,company_jsonld,exclude,weak_incidental_keyword,,,https://www.merit-inc.co
461,461,FISM株式会社,https://omot.co.jp,〒150-0034 東京都渋谷区代官山町1,03-3868-0882,,https://omot.co.jp/contact/,,,,,,,,,,,株式会社OMOT,company_label,exclude,target_service_unconfirmed,,,https://omot.co.jp
462,462,西予ＣＡＴＶ株式会社,https://seiyo-catv.co.jp,〒797-0015 愛媛県西予市宇和町卯之町二丁目,0894-62-7811,,https://www.seiyo-catv.co.jp/contact.php,,,,,,,,,,,西予ＣＡＴＶ株式会社,existing_english,exclude,target_service_unconfirmed,,,https://seiyo-catv.co.jp
463,463,(Name) 有限会社 池田セメント工業所,https://iweb-factory.site,〒848-0044 佐賀県伊万里市木須町4,080-6514-7880,,https://iweb-factory.site/contact/,,,,,,,,,,,有限会社 池田セメント工業所,existing,exclude,primary_industry_mismatch,,,https://iweb-factory.site
464,464,Firework Japan株式会社,https://firework.com,〒141-0022 東京都品川区東五反田2,,,https://firework.com/contact-us,,,,,,,,,,,Firework Japan株式会社,existing_english,exclude,target_service_unconfirmed,,,https://firework.com
465,465,株式会社エッグシステム,https://eggsystem.co.jp,〒160-0023 東京都新宿区西新宿8,03-6262-9734,,https://eggsystem.co.jp/contact/,,,,,,,,,,,株式会社エッグシステム,company_label,exclude,target_service_unconfirmed,,,https://eggsystem.co.jp
466,466,株式会社Progress,https://r-progress.com,〒371-0847 群馬県前橋市大友町3,027-212-4708,,https://r-progress.com/contact/,,,,,,,,,,,株式会社Progress,company_jsonld,exclude,weak_incidental_keyword,,,https://r-progress.com
467,467,株式会社バニッシュ・スタンダード,https://www.v-standard.com,〒150-0001 東京都渋谷区神宮前1,,,https://www.v-standard.com/contact,,,,,,,,,,,株式会社バニッシュ・スタンダード,existing,exclude,target_service_unconfirmed,,,https://www.v-standard.com
468,468,株式会社 恒電社 本社,https://recruit.koden-kk.co.jp,〒362-0811 埼玉県北足立郡伊奈町西小針6,048-728-4283,,,,,,,,,,,,,株式会社 恒電社,existing,exclude,target_service_unconfirmed,,,https://recruit.koden-kk.co.jp
469,469,ハウスウェル株式会社,https://housewell-satei.com,〒330-0852 埼玉県さいたま市大宮区大成町3,048-662-1012,,https://housewell-satei.com/contact/,,,,,,,,,,,ハウスウェル株式会社,existing_english,exclude,target_service_unconfirmed,,,https://housewell-satei.com
470,470,株式会社on the bakery（株式会社オンザベーカリー）,https://beautypost.jp,〒489-0983 愛知県瀬戸市苗場町1,,,https://beautypost.jp/contact/,,,,,,,,,,,株式会社on,existing,exclude,target_service_unconfirmed,,,https://beautypost.jp
471,471,株式会社 日本流通産業新聞社,https://www.bci.co.jp,〒103-0026 東京都中央区日本橋兜町1,,,https://www.bci.co.jp/inquiry,,,,,,,,,,,株式会社 日本流通産業新聞社,existing,exclude,target_service_unconfirmed,,,https://www.bci.co.jp
472,472,有限会社Piese,https://www.piese.net,〒420-0045 静岡県静岡市葵区天王町3,054-260-5251,,,,,,,,,,,,,有限会社Piese,root_jsonld,exclude,target_service_unconfirmed,,,https://www.piese.net
473,473,リノベーション株式会社,https://renovation-r.co.jp,〒０６０-０９０８ 北海道札幌市東区北８,0120-47-1177,,https://renovation-r.co.jp/contact/?type=inq,,,,,,,,,,,リノベーション株式会社,existing_english,exclude,target_service_unconfirmed,,,https://renovation-r.co.jp
474,474,株式会社CALICO DESIGN,https://calico-design.co.jp,〒103-0013 東京都中央区日本橋人形町3,03-3669-5200,,https://calico-design.co.jp/contact/,,,,,,,,,,,株式会社CALICO,existing,exclude,target_service_unconfirmed,,,https://calico-design.co.jp
475,475,株式会社 朝日オリコミ茨城,https://asaori-iba.co.jp,〒300-0066 茨城県土浦市虫掛東3,029-824-4468,,https://asaori-iba.co.jp/contact,,,,,,,,,,,株式会社 朝日オリコミ茨城,company_label,exclude,target_service_unconfirmed,,,https://asaori-iba.co.jp
476,476,株式会社埼玉新聞事業社,https://sai-media.co.jp,〒330-0062 埼玉県さいたま市浦和区仲町3,048-830-1910,,https://sai-media.co.jp/contact/,,,,,,,,,,,株式会社埼玉新聞事業社,existing,exclude,target_service_unconfirmed,,,https://sai-media.co.jp
477,477,株式会社メディカルサポート,https://m-support.jp,〒101-0021 東京都千代田区外神田6,,,https://m-support.jp/contact#contact01,,,,,,,,,,,株式会社メディカルサポート,company_label,exclude,target_service_unconfirmed,,,https://m-support.jp
478,478,株式会社ディージーワン,https://dg-1.jp,〒107-0062 東京都港区南青山3,03-6860-0018,,https://dg-1.jp/abuse-report-form,,,,,,,,,,,株式会社 ディージーワン,company_label,exclude,target_service_unconfirmed,,,https://dg-1.jp
479,479,株式会社ハウスイズム,https://hausism-lg.com,〒921-8062 石川県金沢市新保本四丁目,076-235-9181,,https://hausism-lg.com/contact/,,,,,,,,,,,株式会社ハウスイズム,existing,exclude,target_service_unconfirmed,,,https://hausism-lg.com
480,480,"株式会社システムアドバンス（英文名：System Advance Co., Ltd.） 営業目的",https://s-advance.com,〒501-0105 岐阜県岐阜市河渡四丁目,058-216-1243,,https://s-advance.com/contact.php,,,,,,,,,,,株式会社システムアドバンス,company_label,exclude,target_service_unconfirmed,,,https://s-advance.com
481,481,UpLucid Inc.,https://www.docswell.com,〒150-0002 東京都渋谷区渋谷三丁目,03-6820-0998,,,,,,,,,,,,,UpLucid Inc,existing_english,exclude,target_service_unconfirmed,,,https://www.docswell.com
482,482,ヒルボックス株式会社,https://hillbox.net,〒105-0001 東京都港区虎ノ門5,,,https://hillbox.net,,,,,,,,,,,株式会社 HILLBOX,company_label,exclude,weak_incidental_keyword,,,https://hillbox.net
483,483,株式会社ウィンポイント,https://win-point.jp,〒673-1431 兵庫県加東市社3,0120-748-135,,https://win-point.jp/contact2/,,,,,,,,,,,株式会社ウィンポイント,company_label,exclude,target_service_unconfirmed,,,https://win-point.jp
484,484,株式会社プロス：総合美容ディーラープロス 京都、東京、福岡,https://prosbeauty.com,〒602-8062 京都府京都市上京区油小路通上長者町下る亀屋町1,075-414-6181,,https://prosbeauty.com/contact,,,,,,,,,,,株式会社プロス,company_label,exclude,target_service_unconfirmed,,,https://prosbeauty.com
485,485,株式会社Remix Design,https://remix-h.jp,〒630-8226 奈良県奈良市小西町1,0742-95-9946,,https://remix-h.jp/contact/,,,,,,,,,,,株式会社Remix,company_label,exclude,target_service_unconfirmed,,,https://remix-h.jp
486,486,中国バス不動産株式会社,https://lifuku-satei.com,〒720-0001 広島県福山市御幸町上岩成8,0120-886-129,,https://lifuku-satei.com/contact/,,,,,,,,,,,中国バス不動産株式会社,existing_english,exclude,target_service_unconfirmed,,,https://lifuku-satei.com
487,487,株式会社アスリートクラブ熊本,https://roasso-k.com,〒860-0856 熊本県熊本市中央区妙体寺町5,096-283-1200,,,,,,,,,,,,,株式会社アスリートクラブ熊本,existing,exclude,target_service_unconfirmed,,,https://roasso-k.com
488,488,株式会社スプランドゥール,https://splendeur.jp,〒919-0628 福井県あわら市大溝1,0776-97-6650,,https://splendeur.jp/contact/,,,,,,,,,,,株式会社スプランドゥール,company_label,exclude,target_service_unconfirmed,,,https://splendeur.jp
489,489,株式会社ウィードプランニング,https://www.weedplanning.co.jp,〒520-2143 滋賀県大津市萱野浦1,077-543-5828,,https://www.weedplanning.co.jp/inquiry/,,,,,,,,,,,株式会社ウィードプランニング,company_label,exclude,target_service_unconfirmed,,,https://www.weedplanning.co.jp
490,490,株式会社和歌山新報社,https://wakayamashimpo.co.jp,〒640-8043 和歌山県和歌山市福町4,073-433-6112,,,,,,,,,,,,,株式会社和歌山新報社,company_label,exclude,target_service_unconfirmed,,,https://wakayamashimpo.co.jp
491,491,株式会社 ティーアンドイー,https://t-e.co.jp,〒810-0005 福岡県福岡市中央区清川2,092-524-1811,,https://t-e.co.jp/app/contact/,,,,,,,,,,,株式会社 ティーアンドイー,company_label,exclude,target_service_unconfirmed,,,https://t-e.co.jp
492,492,スキルパス株式会社,https://skillpath.jp,〒225-0023 神奈川県横浜市青葉区大場町1,045-971-7104,,https://skillpath.jp/contact/,,,,,,,,,,,スキルパス株式会社,existing_english,exclude,target_service_unconfirmed,,,https://skillpath.jp
493,493,2026 株式会社ハイパーメディアマーケティング All Rights Reserved.,https://www.hypermedia-marketing.com,〒102-0085 東京都千代田区六番,090-1657-6373,,https://www.hypermedia-marketing.com/contact/,,,,,,,,,,,株式会社ハイパーメディアマーケティング,company_label,exclude,target_service_unconfirmed,,,https://www.hypermedia-marketing.com
494,494,株式会社東京個別指導学院,https://www.tkg-jp.com,〒163-0525 東京都新宿区西新宿一丁目,03-6911-3246,,https://www.tkg-jp.com/contact/,,,,,,,,,,,株式会社東京個別指導学院,existing,exclude,target_service_unconfirmed,,,https://www.tkg-jp.com
495,495,大垣正和サービス株式会社,https://www.ok-sol.co.jp,〒503-0887 岐阜県大垣市郭町2,0584-78-6477,,https://www.ok-sol.co.jp/contact.php,,,,,,,,,,,大垣正和サービス株式会社,existing_english,exclude,target_service_unconfirmed,,,https://www.ok-sol.co.jp
496,496,C Channel株式会社,https://corp.cchan.tv,〒107-0062 東京都港区南青山7,,,https://corp.cchan.tv/contact-services,,,,,,,,,,,C Channel株式会社,existing_english,exclude,target_service_unconfirmed,,,https://corp.cchan.tv
497,497,エコーテック株式会社,https://echotech.co.jp,〒441-3131 愛知県豊橋市大岩町小山塚2,0532-65-5158,,https://echotech.co.jp/contact/,,,,,,,,,,,エコーテック株式会社,existing_english,exclude,target_service_unconfirmed,,,https://echotech.co.jp
498,498,エリアワン株式会社,https://area1.biz,〒448-0857 愛知県刈谷市大手町5,0566-25-0200,,https://area1.biz/contact.html,,,,,,,,,,,エリアワン株式会社,existing_english,exclude,target_service_unconfirmed,,,https://area1.biz
499,499,株式会社Ohana,https://www.ohana-ltd.com,〒509-0141 岐阜県各務原市鵜沼各務原町3,058-201-7830,,https://www.ohana-ltd.com/contact_e.php,,,,,,,,,,,株式会社Ohana,company_label,exclude,target_service_unconfirmed,,,https://www.ohana-ltd.com
500,500,株式会社KBC UNIE,https://kbc.co.jp,〒810-8571 福岡県福岡市中央区長浜1,092-721-0510,,https://kbc.co.jp/contact/,,,,,,,,,,,株式会社KBC,existing,exclude,target_service_unconfirmed,,,https://kbc.co.jp
501,501,︎ FISM inc.,https://fisminc.com,〒150-0034 東京都渋谷区代官山町1,03-6455-5181,,https://fisminc.com/contact/,,,,,,,,,,,︎ FISM inc,existing_english,exclude,target_service_unconfirmed,,,https://fisminc.com
502,502,703アートデザイン株式会社,https://703ad.jp,〒753-0088 山口県山口市中河原町２,083-902-6203,,https://703ad.jp/contact/,,,,,,,,,,,703アートデザイン株式会社,existing_english,exclude,target_service_unconfirmed,,,https://703ad.jp
503,503,株式会社SK Global (SK Global Inc.),https://www.sk-global.co.jp,〒277-0005 千葉県柏市柏3,04-7190-5115,,https://www.sk-global.co.jp/#page06,,,,,,,,,,,株式会社SK,company_label,exclude,target_service_unconfirmed,,,https://www.sk-global.co.jp
504,504,株式会社ビスカス,https://www.viscas.co.jp,〒150-0011 東京都渋谷区東3,03-5774-6734,,https://www.viscas.co.jp/contact/,,,,,,,,,,,株式会社ビスカス,company_label,exclude,target_service_unconfirmed,,,https://www.viscas.co.jp
505,505,株式会社オールビズチャンネル しゅふのミカタ,https://all-biz-link.co.jp,〒101-0041 東京都千代田区神田須田町2,03-3251-6315,,https://all-biz-link.co.jp/contact/,,,,,,,,,,,株式会社オールビズチャンネル,root_jsonld,exclude,target_service_unconfirmed,,,https://all-biz-link.co.jp
506,506,丸長商事株式会社,https://www.dra-wakayama.jp,〒641-0021 和歌山県和歌山市和歌浦東 4,073-488-3990,,https://www.dra-wakayama.jp/order/,,,,,,,,,,,丸長商事株式会社,existing_english,exclude,target_service_unconfirmed,,,https://www.dra-wakayama.jp
507,507,2023 岩田看板広告株式会社. All Rights Reserved.,https://www.iwatakanban.com,〒790-0024 愛媛県松山市春日町5,089-921-3547,,,,,,,,,,,,,岩田看板広告株式会社,existing_english,exclude,target_service_unconfirmed,,,https://www.iwatakanban.com
508,508,2024 Aslink.inc,https://as-link.co.jp,〒812-0016 福岡県福岡市博多区博多駅南1,092-414-3300,,https://as-link.co.jp/contact/,,,,,,,,,,,株式会社アスリンク,company_label,exclude,target_service_unconfirmed,,,https://as-link.co.jp
509,509,エイチタス株式会社,https://htus.jp,〒140-0014 東京都品川区大井1,,,https://htus.jp/form/,,,,,,,,,,,エイチタス株式会社,existing_english,exclude,target_service_unconfirmed,,,https://htus.jp
510,510,2008 Cynet inc. All rights reserved.,https://www.adman-cloud.com,〒101-0051 東京都千代田区神田神保町1,03-5577-8900,,https://www.adman-cloud.com/contact/,,,,,,,,,,,Cynet inc,existing_english,exclude,target_service_unconfirmed,,,https://www.adman-cloud.com
511,511,名鉄局印刷株式会社,https://meitetukyoku.co.jp,〒102-0072 東京都千代田区飯田橋1,052-561-3271,,https://meitetukyoku.co.jp/contact/,,,,,,,,,,,名鉄局印刷株式会社,existing_english,exclude,target_service_unconfirmed,,,https://meitetukyoku.co.jp
512,512,株式会社三重シティプロモーション,https://mie-cp.net,〒514-0008 三重県津市上浜町2,059-253-5266,,https://mie-cp.net/inquiry/,,,,,,,,,,,株式会社三重シティプロモーション,company_label,exclude,target_service_unconfirmed,,,https://mie-cp.net
513,513,株式会社ENvision,https://envision-hiroshima.jp,〒730-0022 広島県広島市中区銀山町3,082-535-5355,,,,,,,,,,,,,株式会社ENvision,company_label,exclude,target_service_unconfirmed,,,https://envision-hiroshima.jp
514,514,2026 福山電業株式会社. All Rights Reserved.,https://tovio.com,〒720-0808 広島県福山市昭和町6,084-959-3481,,https://tovio.com/contact,,,,,,,,,,,福山電業株式会社,existing_english,exclude,target_service_unconfirmed,,,https://tovio.com
515,515,株式会社ZEROBASE 本社,https://zer0base.co.jp,〒461-0001 愛知県名古屋市東区泉2,052-228-0311,,https://zer0base.co.jp/contact/,,,,,,,,,,,株式会社ZEROBASE,company_jsonld,exclude,target_service_unconfirmed,,,https://zer0base.co.jp
516,516,株式会社くふうカンパニー静岡支社,https://shizuoka.kufu.co.jp,〒420-0853 静岡県静岡市葵区追手町3,054-275-3330,,https://shizuoka.kufu.co.jp/inquiry/index/1,,,,,,,,,,,株式会社くふうカンパニー静岡支社,existing,exclude,target_service_unconfirmed,,,https://shizuoka.kufu.co.jp
517,517,WSP inc.（株式会社 ウェルストンプロモーション）,https://wspinc.co.jp,〒730-0051 広島県広島市中区大手町2,082-241-5811,,https://wspinc.co.jp/contact/,,,,,,,,,,,株式会社 ウェルストンプロモーション,company_label,exclude,target_service_unconfirmed,,,https://wspinc.co.jp
518,518,株式会社アイ・ツー,https://www.i2-jp.com,〒920-0031 石川県金沢市広岡1,076-233-2512,,https://www.i2-jp.com/inquery.html,,,,,,,,,,,株式会社アイ・ツー,company_label,exclude,target_service_unconfirmed,,,https://www.i2-jp.com
519,519,株式会社ビズアップ総研,https://www.bmc-net.jp,〒105-7110 東京都港区東新橋1,03-3569-0968,,https://www.bmc-net.jp/contact/,,,,,,,,,,,株式会社ビズアップ総研,existing,exclude,target_service_unconfirmed,,,https://www.bmc-net.jp
520,520,株式会社グランドマーケティング,https://www.grandmk.com,〒541-0056 大阪府大阪市中央区久太郎町3,06-6125-5682,,https://www.grandmk.com/inquiry/,,,,,,,,,,,株式会社グランドマーケティング,company_label,exclude,target_service_unconfirmed,,,https://www.grandmk.com
521,521,有楽製菓株式会社,https://www.yurakuseika.co.jp,〒187-0032 東京都小平市小川町1,042-341-1811,,https://www.yurakuseika.co.jp/customer/,,,,,,,,,,,有楽製菓株式会社,existing_english,exclude,target_service_unconfirmed,,,https://www.yurakuseika.co.jp
522,522,カスガイ株式会社,https://www.kasg.co.jp,〒500-8269 岐阜県岐阜市茜部中島2,058-274-7725,,https://www.kasg.co.jp/contact/,,,,,,,,,,,カスガイ株式会社,existing_english,exclude,target_service_unconfirmed,,,https://www.kasg.co.jp
523,523,堺ヤクルト販売株式会社,https://sakai-yakult.com,〒592-8341 大阪府堺市西区浜寺船尾町東2,072-262-8960,,https://sakai-yakult.com/pages/5/,,,,,,,,,,,堺ヤクルト販売株式会社,existing_english,exclude,target_service_unconfirmed,,,https://sakai-yakult.com
524,524,大洞印刷株式会社,https://www.obora-pri.co.jp,〒501-0466 岐阜県本巣市下真桑2,058-320-5123,,https://www.obora-pri.co.jp/contacts/request/,,,,,,,,,,,大洞印刷株式会社,existing_english,exclude,weak_incidental_keyword,,,https://www.obora-pri.co.jp
525,525,2026 京都のデザイン会社なら合同会社VONTEN ALL RIGHTS RESERVED.,https://vonten.jp,〒625-0080 京都府舞鶴市北吸１,080-7258-6022,,https://vonten.jp/contact/,,,,,,,,,,,合同会社VONTEN,company_jsonld,exclude,weak_incidental_keyword,,,https://vonten.jp
526,526,2022 株式会社KWAVE Inc.,https://kwave-inc.co.jp,〒108-0073 東京都港区三田1,,,https://kwave-inc.co.jp/contact/digital-marketing-support,,,,,,,,,,,株式会社K,company_label,exclude,target_service_unconfirmed,,,https://kwave-inc.co.jp
527,527,福博印刷株式会社,https://www.ding.co.jp,〒849-0918 佐賀県佐賀市兵庫南4,0952-24-2377,,https://www.ding.co.jp/contact/,,,,,,,,,,,福博印刷株式会社,existing_english,exclude,weak_incidental_keyword,,,https://www.ding.co.jp
528,528,株式会社ナーツ,https://www.narts.jp,〒279-0002 千葉県浦安市北栄1,050-6883-6090,,https://www.narts.jp/contactus,,,,,,,,,,,株式会社ナーツ,company_label,exclude,target_service_unconfirmed,,,https://www.narts.jp
529,529,Camp Inc.,https://campinc.tokyo,〒150-0043 東京都渋谷区道玄坂 1,050-8887-4919,,https://campinc.tokyo/contact/,,,,,,,,,,,株式会社Camp,company_label,exclude,target_service_unconfirmed,,,https://campinc.tokyo
530,530,阿部商会株式会社,http://www.abe-shoukai.com,〒343-0856 埼玉県越谷市谷中町3,048-972-4821,,http://www.abe-shoukai.com/contact/,,,,,,,,,,,株式会社 AbeShoukai,company_label,exclude,weak_incidental_keyword,,,http://www.abe-shoukai.com
531,531,株式会社イー・ピー・シー,https://epc.co.jp,〒153-0064 東京都目黒区下目黒3,03-3351-6221,,https://epc.co.jp/contact-epc/,,,,,,,,,,,株式会社イー・ピー・シー,company_label,exclude,target_service_unconfirmed,,,https://epc.co.jp
532,532,株式会社北陸アイティエス,https://www.hokuriku-its.co.jp,〒920-0964 石川県金沢市本多町3,076-264-1216,,https://www.hokuriku-its.co.jp/inquery/,,,,,,,,,,,株式会社北陸アイティエス,existing,exclude,target_service_unconfirmed,,,https://www.hokuriku-its.co.jp
533,533,2021 富士フイルムBI山梨株式会社,https://www.fujifilm-fbyamanashi.com,〒400-0043 山梨県甲府市国母1,055-225-5933,,https://www.fujifilm-fbyamanashi.com/contact.html,,,,,,,,,,,富士フイルムBI山梨株式会社,existing_english,exclude,target_service_unconfirmed,,,https://www.fujifilm-fbyamanashi.com
534,534,ツカサ工業株式会社,https://www.tsukasa-ict.com,〒398-0003 長野県大町市社5,0261-22-4570,,https://www.tsukasa-ict.com/contact/,,,,,,,,,,,ツカサ工業株式会社,existing_english,exclude,primary_industry_mismatch,,,https://www.tsukasa-ict.com
535,535,LIAN株式会社,https://liangroup.co.jp,〒542-0081 大阪府大阪市中央区南船場1,03-6281-6083,,https://liangroup.co.jp/contact/,,,,,,,,,,,LIAN株式会社,existing_english,exclude,target_service_unconfirmed,,,https://liangroup.co.jp
536,536,株式会社Coaマネジメント,https://www.coa-m.jp,〒761-8053 香川県高松市西ハゼ町2,087-867-1178,,https://www.coa-m.jp/pages/3/,,,,,,,,,,,株式会社Coaマネジメント,root_jsonld,exclude,target_service_unconfirmed,,,https://www.coa-m.jp
537,537,2026 オカウレ株式会社,https://www.okaure.co.jp,〒444-3514 愛知県岡崎市羽栗町字法ヶ堂2,0564-48-7300,,https://www.okaure.co.jp/contact/,,,,,,,,,,,オカウレ株式会社,existing_english,exclude,target_service_unconfirmed,,,https://www.okaure.co.jp
538,538,株式会社パイク,https://pike-site.jp,〒451-0051 愛知県名古屋市西区則武新町四丁目,,,https://pike-site.jp/#contact,,,,,,,,,,,株式会社パイク,company_label,exclude,target_service_unconfirmed,,,https://pike-site.jp
539,539,株式会社K・LIBERTY,https://kliberty.jp,〒902-7153 山口県山口市七尾台１,083-902-7153,,https://kliberty.jp/葬儀司会/,,,,,,,,,,,株式会社K・LIBERTY,existing,exclude,target_service_unconfirmed,,,https://kliberty.jp
540,540,株式会社 西日本企画サービス,https://nksnet.co.jp,〒839-0809 福岡県久留米市東合川3,0942-44-2786,,https://nksnet.co.jp/contact/contact_form3,,,,,,,,,,,株式会社西日本企画サービス,company_label,exclude,target_service_unconfirmed,,,https://nksnet.co.jp
541,541,大分交通株式会社,https://www.oitakotsu.co.jp,〒870-0015 大分県大分市新川1,097-532-5157,,https://www.oitakotsu.co.jp/company/group.php,,,,,,,,,,,株式会社 創業,company_label,exclude,target_service_unconfirmed,,,https://www.oitakotsu.co.jp
542,542,株式会社IBS,http://iibs.co.jp,〒983-0013 宮城県仙台市宮城野区中野神明1,022-217-2224,,http://iibs.co.jp/i-mail.html,,,,,,,,,,,株式会社IBS,existing,exclude,target_service_unconfirmed,,,http://iibs.co.jp
543,543,"30m shukyaku,Inc.",https://30m.co.jp,〒277-0835 千葉県柏市松ヶ崎2,,,https://30m.co.jp/contact/,,,,,,,,,,,"30m shukyaku,Inc",existing_english,exclude,target_service_unconfirmed,,,https://30m.co.jp
544,544,合同会社アイディーイー,https://idellc.jp,〒811-2106 福岡県糟屋郡宇美町ひばりヶ丘3,,,https://idellc.jp/contact/,,,,,,,,,,,合同会社アイディーイー,company_label,exclude,target_service_unconfirmed,,,https://idellc.jp
545,545,有限会社サロンゆう,https://rebical.com,〒251-0028 神奈川県藤沢市本鵠沼三丁目,,,,,,,,,,,,,,有限会社サロンゆう,existing,exclude,target_service_unconfirmed,,,https://rebical.com
546,546,日本直販株式会社,https://corporate.666-666.jp,〒105-0001 東京都港区虎ノ門3,0120-10-3300,,,,,,,,,,,,,日本直販株式会社,existing_english,exclude,target_service_unconfirmed,,,https://corporate.666-666.jp
547,547,有限会社 つばさ企画,https://www.hoken-tsubasa.co.jp,〒214-0011 神奈川県川崎市多摩区布田1,044-944-3965,,https://www.hoken-tsubasa.co.jp/contact,,,,,,,,,,,有限会社 つばさ企画,existing,exclude,target_service_unconfirmed,,,https://www.hoken-tsubasa.co.jp
548,548,株式会社土屋ホーム,https://review.tanabeconsulting.co.jp,〒100-0005 東京都千代田区丸の内1,03-6758-0073,,https://review.tanabeconsulting.co.jp/keyword/finance/productivityreform/,,,,,,,,,,,株式会社土屋,existing,exclude,target_service_unconfirmed,,,https://review.tanabeconsulting.co.jp
549,549,株式会社 イーブレインホールディングス,http://www.e-brainshd.co.jp,〒960-8031 福島県福島市栄町6,024-528-1627,,http://www.e-brainshd.co.jp/contact,,,,,,,,,,,株式会社 イーブレインホールディングス,company_label,exclude,target_service_unconfirmed,,,http://www.e-brainshd.co.jp
550,550,SQUEEZE inc.,https://squeeze-inc.co.jp,〒061-1133 北海道北広島市栄町1,,,https://squeeze-inc.co.jp/contact,,,,,,,,,,,株式会社SQUEEZE,company_label,exclude,target_service_unconfirmed,,,https://squeeze-inc.co.jp
551,551,JOYNT Inc.,https://www.jnt.jp,〒020-0878 岩手県盛岡市肴町3,,,https://www.jnt.jp/contact/partner/,,,,,,,,,,,JOYNT Inc,existing_english,exclude,target_service_unconfirmed,,,https://www.jnt.jp
552,552,株式会社フェイス,https://faith-faith.co.jp,〒663-8113 兵庫県西宮市甲子園口3,0798-78-8948,,https://faith-faith.co.jp/contact/,,,,,,,,,,,株式会社フェイス,existing,exclude,target_service_unconfirmed,,,https://faith-faith.co.jp
553,553,株式会社平金商店,https://hirakin.com,〒020-0878 岩手県盛岡市肴町8,000-020-0878,,https://hirakin.com/contact/,,,,,,,,,,,株式会社 平金商店,company_label,exclude,target_service_unconfirmed,,,https://hirakin.com
554,554,株式会社エッジキャピタル,https://edge-c.com,〒110-0016 東京都台東区台東4,03-6803-2973,,https://edge-c.com/contact/,,,,,,,,,,,株式会社エッジキャピタル,company_label,exclude,target_service_unconfirmed,,,https://edge-c.com
555,555,株式会社やさしい手,https://search.yasashiite.com,〒153-0044 東京都目黒区大橋2,050-1749-7459,,https://forms.gle/ZWNRZSXTMXkg6UVt7,,,,,,,,,,,株式会社やさしい手,existing,exclude,target_service_unconfirmed,,,https://search.yasashiite.com
556,556,有限会社アライブ,https://alive-llc.com,〒390-0827 長野県松本市出川2,0263-72-8080,,https://alive-llc.com/contact.html,,,,,,,,,,,有限会社アライブ,company_label,exclude,target_service_unconfirmed,,,https://alive-llc.com
557,557,株式会社 OUTPUT,https://out-put.co.jp,〒390-0811 長野県松本市中央1,0263-36-2815,,https://out-put.co.jp#contact,,,,,,,,,,,株式会社 OUTPUT,existing,exclude,target_service_unconfirmed,,,https://out-put.co.jp
558,558,株式会社GFN,https://www.3d-m.jp,〒940-0084 新潟県長岡市幸町1,0258-36-2685,,https://www.3d-m.jp/contact/seminar/,,,,,,,,,,,株式会社パートナーズプロジェクト,company_label,exclude,target_service_unconfirmed,,,https://www.3d-m.jp
559,559,株式会社JRC,https://japan-rc.co.jp,〒409-3866 山梨県中巨摩郡昭和町西条1,055-288-9924,,https://japan-rc.co.jp#contact,,,,,,,,,,,株式会社JRC,existing,exclude,target_service_unconfirmed,,,https://japan-rc.co.jp
560,560,La Towa合同会社,https://1217.latowa.jp,〒542-0081 大阪府大阪市中央区南船場3,06-6556-6517,,https://1217.latowa.jp/wp/contact/,,,,,,,,,,,La Towa合同会社,existing_english,exclude,target_service_unconfirmed,,,https://1217.latowa.jp
561,561,会社商号 株式会社レックホテルズ＆マネジメント,https://hotelmart.jp,〒171-0022 東京都豊島区南池袋2,03-6914-3751,,https://hotelmart.jp/sell/,,,,,,,,,,,株式会社レックホテルズ＆マネジメント,company_label,exclude,target_service_unconfirmed,,,https://hotelmart.jp
562,562,2025 CYBERDYNE Inc.,https://www.cyberdyne.jp,〒305-0818 茨城県つくば市研究学園二丁目,,,https://www.cyberdyne.jp/contact,,,,,,,,,,,CYBERDYNE Inc,existing_english,exclude,target_service_unconfirmed,,,https://www.cyberdyne.jp
563,563,株式会社パネットホーム,https://www.r-plus-h.com,〒311-1235 茨城県ひたちなか市田中後7,0120-845-890,,https://www.r-plus-h.com/inquiries/new,,,,,,,,,,,株式会社パネット,company_label,exclude,target_service_unconfirmed,,,https://www.r-plus-h.com
564,564,綜合ユニコム株式会社,https://www.sogo-unicom.co.jp,〒104-0061 東京都中央区銀座2,03-3564-0888,,https://www.sogo-unicom.co.jp/unimail/registrar.html,,,,,,,,,,,綜合ユニコム株式会社,existing_english,exclude,target_service_unconfirmed,,,https://www.sogo-unicom.co.jp
565,565,合同会社ローカルアクセス,http://laccess.net,〒343-0032 埼玉県越谷市袋山8,050-1322-3441,,http://laccess.net/?page_id=303,,,,,,,,,,,合同会社ローカルアクセス,company_label,exclude,target_service_unconfirmed,,,http://laccess.net
566,566,株式会社ラール・アワー,https://rallhour.com,〒305-0031 茨城県つくば市吾妻1,029-869-4041,,https://rallhour.com/information/4786/,,,,,,,,,,,株式会社ラール・アワー,company_label,exclude,target_service_unconfirmed,,,https://rallhour.com
567,567,株式会社エビス,https://www.ev-kawagoe.com,〒350-1165 埼玉県川越市南台3,049-240-6036,,https://www.ev-kawagoe.com/form/,,,,,,,,,,,株式会社エビス,company_label,exclude,target_service_unconfirmed,,,https://www.ev-kawagoe.com
568,568,株式会社Honmono Japan,https://honmono-japan.co.jp,〒150-0001 東京都渋谷区神宮前6,,,https://honmono-japan.co.jp/contact.html,,,,,,,,,,,株式会社Honmono,existing,exclude,target_service_unconfirmed,,,https://honmono-japan.co.jp
569,569,竹並建設株式会社,https://www.takenami-rphouse.com,〒367-0035 埼玉県本庄市西富田3,0495-23-2001,,https://www.takenami-rphouse.com/inquiries/new,,,,,,,,,,,竹並建設株式会社,existing_english,exclude,target_service_unconfirmed,,,https://www.takenami-rphouse.com
570,570,OWNER'S AGENT Inc. All Rights Reserved.,https://owners-age.com,〒163-0818 東京都新宿区西新宿2,03-5339-0717,,https://owners-age.com/form/contact001,,,,,,,,,,,株式会社 代表取締役,company_label,exclude,target_service_unconfirmed,,,https://owners-age.com
571,571,株式会社 まちづくり越谷,https://www.koshigaya-machi.me,〒343-0813 埼玉県越谷市 越ヶ谷3,048-940-8676,,https://www.koshigaya-machi.me/contact/,,,,,,,,,,,株式会社 まちづくり越谷,company_label,exclude,target_service_unconfirmed,,,https://www.koshigaya-machi.me
572,572,サービス・イノベーション株式会社,https://www.service-innovation.co.jp,〒210-0807 神奈川県川崎市川崎区港町5,050-8885-8054,,https://www.service-innovation.co.jp/contact-2/,,,,,,,,,,,サービス・イノベーション株式会社,existing_english,exclude,target_service_unconfirmed,,,https://www.service-innovation.co.jp
573,573,株式会社 渡商,https://watashou.com,〒321-0903 栃木県宇都宮市下平出町2,028-661-1836,,https://watashou.com/contact/,,,,,,,,,,,株式会社 渡商,existing,exclude,target_service_unconfirmed,,,https://watashou.com
574,574,2026 株式会社ビプロス All rights Reserved.,https://bepros.net,〒135-0042 東京都江東区木場6,045-780-3326,,https://bepros.net/contact/,,,,,,,,,,,株式会社ビプロス,company_jsonld,exclude,target_service_unconfirmed,,,https://bepros.net
575,575,1999 NTT東日本株式会社,https://www.ntt-east.co.jp,〒163-8019 東京都新宿区西新宿3,,,https://www.ntt-east.co.jp/contact/query.html?link_eastid=ins_i007,,,,,,,,,,,NTT東日本株式会社,existing_english,exclude,target_service_unconfirmed,,,https://www.ntt-east.co.jp
576,576,株式会社miomond,https://www.miomond.jp,〒060-0002 北海道札幌市中央区北2,052-485-6846,,https://www.miomond.jp/suit-contact/,,,,,,,,,,,株式会社miomond,existing,exclude,target_service_unconfirmed,,,https://www.miomond.jp
577,577,三重交通株式会社 観光販売システム営業部 All rights reserved.,https://www.kanko-pro.co.jp,〒460-0003 愛知県名古屋市中区錦一丁目,052-253-6162,,https://www.kanko-pro.co.jp/contact/,,,,,,,,,,,株式会社 観光販売システム営業部,existing,exclude,target_service_unconfirmed,,,https://www.kanko-pro.co.jp
578,578,WAY合同会社,http://www.way-llc.com,〒963-8025 福島県郡山市桑野4,050-8886-2514,,http://www.way-llc.com/contact.html,,,,,,,,,,,WAY合同会社,existing_english,exclude,target_service_unconfirmed,,,http://www.way-llc.com
579,579,株式会社コミュニティネット,https://comnet-biz.co.jp,〒330-0063 埼玉県さいたま市浦和区高砂１,048-831-0100,,https://comnet-biz.co.jp/contactus/,,,,,,,,,,,株式会社コミュニティネット,company_jsonld,exclude,target_service_unconfirmed,,,https://comnet-biz.co.jp
580,580,技研商事インターナショナル株式会社,https://www.giken.co.jp,〒461-0018 愛知県名古屋市東区主税町2,03-5362-3955,,https://www.giken.co.jp/contact/,,,,,,,,,,,株式会社技研商事,company_label,exclude,target_service_unconfirmed,,,https://www.giken.co.jp
581,581,スターブランド株式会社,https://www.starbrand.co.jp,〒107-0061 東京都港区北青山2,,,https://www.starbrand.co.jp/contact/lecture.html,,,,,,,,,,,スターブランド株式会社,existing_english,exclude,target_service_unconfirmed,,,https://www.starbrand.co.jp
582,582,"2026 DESIGN STUDIO K, LLC .",https://ds-k.site,〒990-0038 山形県山形市幸町6,,,https://ds-k.site/contact/talk/,,,,,,,,,,,"DESIGN STUDIO K, LLC",existing_english,exclude,target_service_unconfirmed,,,https://ds-k.site
583,583,株式会社ネプラ,https://www.nepla.jp,〒920-0901 石川県金沢市彦三町1,076-293-1851,,https://www.nepla.jp/contact/index.html,,,,,,,,,,,株式会社ネプラ,existing,exclude,target_service_unconfirmed,,,https://www.nepla.jp
584,584,八戸事務機販売株式会社,https://hachijimu.co.jp,〒039-1160 青森県八戸市小田2,0178-28-9031,,https://hachijimu.co.jp/pages/5/,,,,,,,,,,,八戸事務機販売株式会社,existing_english,exclude,target_service_unconfirmed,,,https://hachijimu.co.jp
585,585,"""WAO-KOISHIKAWA""is a registered trademark of Toppan INC.",https://wao-koishikawa.com,〒112-8531 東京都文京区水道1,,,https://wao-koishikawa.com/contact.php,,,,,,,,,,,"""WAO-KOISHIKAWA""is a registered trademark of Toppan INC",existing_english,exclude,target_service_unconfirmed,,,https://wao-koishikawa.com
586,586,プレイネクストラボ株式会社,https://www.playnext-lab.co.jp,〒141-0031 東京都品川区西五反田3,,,https://www.playnext-lab.co.jp/contact/,,,,,,,,,,,プレイネクストラボ株式会社,existing_english,exclude,target_service_unconfirmed,,,https://www.playnext-lab.co.jp
587,587,株式会社エスエスケイ,https://ssk-sagyo.jp,〒441-8113 愛知県豊橋市西幸町字浜池1,0532-38-9390,,https://ssk-sagyo.jp/contact/,,,,,,,,,,,株式会社エスエスケイ,existing,exclude,target_service_unconfirmed,,,https://ssk-sagyo.jp
588,588,株式会社シーアイエス（CIS）,https://www.cisjp.com,〒446-0059 愛知県安城市三河安城本町2,052-261-2182,,,,,,,,,,,,,株式会社シーアイエス,company_label,exclude,target_service_unconfirmed,,,https://www.cisjp.com
589,589,株式会社ショセキ,https://www.syoseki.co.jp,〒929-0201 石川県白山市鹿島町2,076-233-1151,,https://www.syoseki.co.jp/contact,,,,,,,,,,,株式会社ショセキ,existing,exclude,target_service_unconfirmed,,,https://www.syoseki.co.jp
590,590,長谷川酒造株式会社,https://sekkobai.jp,〒940-1105 新潟県長岡市摂田屋2,0258-32-0270,,https://sekkobai.jp/contact/,,,,,,,,,,,長谷川酒造株式会社,existing_english,exclude,target_service_unconfirmed,,,https://sekkobai.jp
591,591,株式会社コドモン,https://www.codmon.co.jp,〒141-0031 東京都品川区西五反田8,080-7303-6026,,https://www.codmon.co.jp/contact/,,,,,,,,,,,株式会社コドモン,root_jsonld,exclude,target_service_unconfirmed,,,https://www.codmon.co.jp
592,592,株式会社デジタルツール研究所,https://digitool-lab.com,〒331-0821 埼玉県さいたま市北区別所町7,048-700-7030,,https://digitool-lab.com/contact,,,,,,,,,,,株式会社デジタルツール研究所,existing,exclude,target_service_unconfirmed,,,https://digitool-lab.com
593,593,株式会社データワイズ,https://www.datawise.co.jp,〒108-0014 東京都港区芝5,050-5574-0670,,https://www.datawise.co.jp/contact/,,,,,,,,,,,株式会社データワイズ,company_label,exclude,target_service_unconfirmed,,,https://www.datawise.co.jp
594,594,BraveTechnology inc.,https://bravetechnology.co.jp,〒270-0128 千葉県流山市おおたかの森西1,050-3627-6888,,https://bravetechnology.co.jp/contact/,,,,,,,,,,,株式会社ブレイブテクノロジー,company_jsonld,exclude,target_service_unconfirmed,,,https://bravetechnology.co.jp
595,595,株式会社 A-mos,https://a-mos.co.jp,〒231-0846 神奈川県横浜市中区大和町1,045-777-6154,,https://a-mos.co.jp/contact.html,,,,,,,,,,,株式会社 A-mos,existing,exclude,target_service_unconfirmed,,,https://a-mos.co.jp
596,596,富士フイルム株式会社,https://www.fujifilm.com,〒371-8601 群馬県前橋市大手町二丁目,,,https://www.fujifilm.com/en/all-regions,,,,,,,,,,,富士フイルム株式会社,existing_english,exclude,target_service_unconfirmed,,,https://global.fujifilm.com
597,597,コモン・クリエーション株式会社,https://common-creation.com,〒810-0041 福岡県福岡市中央区大名2,,,https://common-creation.com/contact,,,,,,,,,,,コモン・クリエーション株式会社,existing_english,exclude,target_service_unconfirmed,,,https://common-creation.com
598,598,2017 Net Piloting Inc.,https://www.npinc.jp,〒104-0033 東京都中央区新川1,03-3537-2171,,https://www.npinc.jp/contact/,,,,,,,,,,,Net Piloting Inc,existing_english,exclude,target_service_unconfirmed,,,https://www.npinc.jp
599,599,株式会社イーブレイン,https://www.ebrains-it.jp,〒960-8031 福島県福島市栄町6,024-525-9388,,https://www.ebrains-it.jp/contact,,,,,,,,,,,株式会社イーブレイン,existing,exclude,target_service_unconfirmed,,,https://www.ebrains-it.jp
600,600,株式会社studio-K,https://empathywriting.com,〒213-0012 神奈川県川崎市高津区坂戸3,,,https://empathywriting.com/contact/,,,,,,,,,,,株式会社studio-K,company_label,exclude,target_service_unconfirmed,,,https://empathywriting.com
601,601,株式会社トモコ・メディカル・エージェンシー,https://www.m-tomoko.com,〒920-8203 石川県金沢市鞍月5,076-256-5577,,https://www.m-tomoko.com/contact/,,,,,,,,,,,株式会社トモコ・メディカル・エージェンシー,company_label,exclude,target_service_unconfirmed,,,https://www.m-tomoko.com
602,602,2020 RenovaRing Inc.,https://renovaring.com,〒171-0021 東京都豊島区西池袋5,03-5904-9603,,https://renovaring.com/contact/qa.html,,,,,,,,,,,RenovaRing Inc,existing_english,exclude,target_service_unconfirmed,,,https://renovaring.com
603,603,1956年2月1日 商号を「黒田建設株式会社」と改め建築業を開始,https://swedenhouse-hokuriku.com,〒910-0837 福井県福井市高柳2,0776-53-8200,,https://swedenhouse-hokuriku.com/contact/,,,,,,,,,,,年2月1日 商号を「黒田建設株式会社」と改め建築業を開始,existing_english,exclude,target_service_unconfirmed,,,https://swedenhouse-hokuriku.com
604,604,メドシスジャパン株式会社,http://www.medsis.co.jp,〒262-0033 千葉県千葉市花見川区幕張本郷1,043-272-0241,,http://www.medsis.co.jp/contact/,,,,,,,,,,,メドシスジャパン株式会社,existing_english,exclude,target_service_unconfirmed,,,http://www.medsis.co.jp
605,605,オールハウジング株式会社,https://allhousing.jp,〒370-0073 群馬県高崎市緑町1,027-387-0700,,https://allhousing.jp/contact/?type=catalog,,,,,,,,,,,オールハウジング株式会社,existing_english,exclude,target_service_unconfirmed,,,https://allhousing.jp
606,606,株式会社Moments,https://mmt.jp,〒330-0854 埼玉県さいたま市大宮区桜木町2,03-6222-8872,,https://mmt.jp#contact,,,,,,,,,,,株式会社Moments,existing,exclude,target_service_unconfirmed,,,https://mmt.jp
607,607,レッドホースコーポレーション株式会社,https://www.redhorse.co.jp,〒565-0826 大阪府吹田市千里万博公園2,023-647-7211,,https://www.redhorse.co.jp/contact/,,,,,,,,,,,レッドホースコーポレーション株式会社,existing_english,exclude,weak_incidental_keyword,,,https://www.redhorse.co.jp
608,608,2024 BIND WORKS inc.,https://www.bindworks.jp,〒366-0823 埼玉県深谷市本住町7,048-579-6119,,https://www.bindworks.jp/contact/,,,,,,,,,,,BIND WORKS inc,existing_english,exclude,target_service_unconfirmed,,,https://www.bindworks.jp
609,609,株式会社 Dream Code（ドリームコード）,https://dreamcode.jp,〒150-0042 東京都渋谷区宇田川町3,03-6824-5880,,https://dreamcode.jp/contact/,,,,,,,,,,,株式会社 Dream,company_label,exclude,direct_meo_competitor,,,https://dreamcode.jp
610,610,2011-2023 GUARDIAN Inc. All Rights Reserved.,https://hakodate-doyu.com,〒042-0943 北海道函館市乃木町8,0138-51-8800,,https://hakodate-doyu.com/contact/,,,,,,,,,,,GUARDIAN Inc,existing_english,exclude,target_service_unconfirmed,,,https://hakodate-doyu.com
611,611,株式会社BAUM,https://www.baum-corp.jp,〒274-0825 千葉県船橋市前原西2,047-411-8991,,https://www.baum-corp.jp/contact,,,,,,,,,,,株式会社BAUM,existing,exclude,target_service_unconfirmed,,,https://www.baum-corp.jp
612,612,メディフォン株式会社,https://mediphone.co.jp,〒107-0052 東京都港区赤坂6,03-5544-9724,,https://mediphone.co.jp/contact#contact01,,,,,,,,,,,メディフォン株式会社,existing_english,exclude,target_service_unconfirmed,,,https://mediphone.co.jp
613,613,株式会社轟地所,https://todorokijisho234.com,〒263-0021 千葉県千葉市稲毛区轟町2,050-3551-0884,,https://todorokijisho234.com/contact,,,,,,,,,,,株式会社轟地所,company_label,exclude,target_service_unconfirmed,,,https://todorokijisho234.com
614,614,株式会社 ミラシエ,http://miracie.co.jp,〒105-0013 東京都港区浜松町2,090-8782-1837,,http://miracie.co.jp/contact.php,,,,,,,,,,,株式会社 ミラシエ,existing,exclude,target_service_unconfirmed,,,http://miracie.co.jp
615,615,エーペックス株式会社,https://web-shuukyaku.com,〒231-0016 神奈川県横浜市中区真砂町3,050-3149-5296,,https://web-shuukyaku.com/contact-form/,,,,,,,,,,,エーペックス株式会社,existing_english,exclude,direct_meo_competitor,,,https://web-shuukyaku.com
616,616,秋田の不動産は有限会社都市クリエイティブ,https://www.tc-create.com,〒010-0917 秋田県秋田市泉中央三丁目,018-864-7710,,https://www.tc-create.com/inquiry/,,,,,,,,,,,有限会社都市クリエイティブ,existing,exclude,target_service_unconfirmed,,,https://www.tc-create.com
617,617,2026 webe inc. All rights reserved.,https://webe.co.jp,〒370-0071 群馬県高崎市小八木町3,,,https://webe.co.jp#contact,,,,,,,,,,,webe inc,existing_english,exclude,target_service_unconfirmed,,,https://webe.co.jp
618,618,株式会社ネクステエンターテインメント All Rights Reserved.,https://nexte-ind.com,〒939-8015 富山県富山市中川原３,,,https://nexte-ind.com/contact,,,,,,,,,,,株式会社ネクステエンターテインメント,company_label,exclude,target_service_unconfirmed,,,https://nexte-ind.com
619,619,株式会社プランニングシェル,https://p-shell.jp,〒277-0827 千葉県柏市松葉町5,04-7131-8434,,https://p-shell.jp/contact/,,,,,,,,,,,株式会社プランニングシェル,existing,exclude,target_service_unconfirmed,,,https://p-shell.jp
620,620,株式会社パンクチュアル,https://punctual.co.jp,〒785-0036 高知県須崎市緑町1,0889-43-9393,,https://punctual.co.jp/contact,,,,,,,,,,,株式会社パンクチュアル,company_label,exclude,target_service_unconfirmed,,,https://punctual.co.jp
621,621,銀座セカンドライフ株式会社,https://kigyo.us,〒104-0061 東京都中央区銀座7,03-3545-1765,,https://kigyo.us/contact,,,,,,,,,,,銀座セカンドライフ株式会社,existing_english,exclude,target_service_unconfirmed,,,https://kigyo.us
622,622,株式会社スピア,https://www.nihon-ma.co.jp,〒100-0005 東京都千代田区丸の内一丁目,0120-03-4150,,https://www.nihon-ma.co.jp/contact/,,,,,,,,,,,株式会社スピア,existing,exclude,target_service_unconfirmed,,,https://www.nihon-ma.co.jp
623,623,株式会社 フロンティアハウス,https://www.frontier-house.co.jp,〒220-0012 神奈川県横浜市西区みなとみらい3,0120-910-607,,https://www.frontier-house.co.jp/contact/#tel,,,,,,,,,,,株式会社 フロンティアハウス,company_label,exclude,target_service_unconfirmed,,,https://www.frontier-house.co.jp
624,624,株式会社Goals,https://goals.co.jp,〒108-0014 東京都港区芝5,03-6823-5428,,https://goals.co.jp#contact_,,,,,,,,,,,株式会社Goals,company_jsonld,exclude,target_service_unconfirmed,,,https://goals.co.jp
625,625,株式会社りんく,https://linq.company,〒921-8012 石川県金沢市本江町1,076-255-6869,,https://linq.company/contact.html,,,,,,,,,,,株式会社りんく,existing,exclude,target_service_unconfirmed,,,https://linq.company
626,626,サクラ・ワーク株式会社,https://sakura-work.co.jp,〒135-0063 東京都江東区有明3,03-5665-3955,,https://sakura-work.co.jp/contact.html,,,,,,,,,,,サクラ・ワーク株式会社,existing_english,exclude,target_service_unconfirmed,,,https://sakura-work.co.jp
627,627,株式会社ガモウ関西,https://gamo-kansai.jp,〒525-0059 滋賀県草津市野路１,075-221-4152,,https://gamo-kansai.jp/inq/,,,,,,,,,,,株式会社ガモウ関西,existing,exclude,target_service_unconfirmed,,,https://gamo-kansai.jp
628,628,2018 BEISHIN ISHIKAWA inc.,https://beishin-i.co.jp,〒920-0364 石川県金沢市松島1,076-240-3340,,https://beishin-i.co.jp/contact/,,,,,,,,,,,株式会社米心石川,company_label,exclude,target_service_unconfirmed,,,https://beishin-i.co.jp
629,629,株式会社グリーン・ハーモニック,https://green-harmonic.com,〒388-8008 長野県長野市合戦場3,026-405-5534,,https://green-harmonic.com/contact/,,,,,,,,,,,株式会社グリーン・ハーモニック,company_label,exclude,target_service_unconfirmed,,,https://green-harmonic.com
630,630,MDS Inc. All Rights Reserved.,https://m-dsj.co.jp,〒020-0866 岩⼿県盛岡市本宮3,019-631-2877,,https://m-dsj.co.jp/contact,,,,,,,,,,,株式会社MDS,company_label,exclude,target_service_unconfirmed,,,https://m-dsj.co.jp
631,631,ゼロエネルギー100年住宅の21世紀へ！「FPの家」は住まいの価値を考えます。有限会社藤川建設,http://www.fujikawakensetu.com,〒242-0007 神奈川県大和市中央林間2,046-276-6504,,http://fujikawakensetu.com/contact/,,,,,,,,,,,有限会社藤川建設,existing,exclude,target_service_unconfirmed,,,http://fujikawakensetu.com
632,632,株式会社ビューティーコミュニケーションシステム,https://b-c-s.co.jp,〒263-0023 千葉県千葉市稲毛区緑町1,043-246-8538,,https://b-c-s.co.jp/contact.html,,,,,,,,,,,株式会社ビューティーコミュニケーションシステム,existing,exclude,target_service_unconfirmed,,,https://b-c-s.co.jp
633,633,"DIAMOND, INC. All Rights Reserved.",https://dhbr.diamond.jp,〒150-0045 東京都渋谷区神泉町1,03-6416-5308,,https://dhbr.diamond.jp/list/support,,,,,,,,,,,"DIAMOND, INC",existing_english,exclude,target_service_unconfirmed,,,https://dhbr.diamond.jp
634,634,株式会社ナチュラルカラーズ,https://naturalcolors.jp,〒225-0002 神奈川県横浜市青葉区 美しが丘4,050-3045-3508,,,,,,,,,,,,,株式会社ナチュラルカラーズ,existing,exclude,target_service_unconfirmed,,,https://naturalcolors.jp
635,635,株式会社 秀建,https://erabonoie.com,〒243-0432 神奈川県海老名市中央1,0800-919-1220,,https://erabonoie.com/contact.html,,,,,,,,,,,株式会社 秀建,company_label,exclude,target_service_unconfirmed,,,https://erabonoie.com
636,636,株式会社リック 1級建築士事務所,https://urac.ne.jp,〒733-0863 広島県広島市西区草津南3,082-276-5555,,https://urac.ne.jp/contact/,,,,,,,,,,,株式会社リック,company_jsonld,exclude,target_service_unconfirmed,,,https://urac.ne.jp
637,637,株式会社アオイ,https://aoi-japan.co.jp,〒305-0034 茨城県つくば市小野崎2,029-896-9988,,https://aoi-japan.co.jp/contact,,,,,,,,,,,株式会社アオイ,company_label,exclude,target_service_unconfirmed,,,https://aoi-japan.co.jp
638,638,sozo.inc,https://www.sozoinc.jp,〒102-0073 東京都千代田区九段北１,03-3222-0870,,https://www.sozoinc.jp/contact,,,,,,,,,,,sozo.inc,existing_english,exclude,target_service_unconfirmed,,,https://www.sozoinc.jp
639,639,ゴウリカ株式会社,https://gourica.co.jp,〒150-0002 東京都渋谷区渋谷1,03-6427-1750,,https://gourica.co.jp/contact/,,,,,,,,,,,ゴウリカ株式会社,existing_english,exclude,target_service_unconfirmed,,,https://gourica.co.jp
640,640,株式会社BRING,https://bring-corp.jp,〒140-0002 東京都品川区東品川4,06-6204-1251,,https://bring-corp.jp/inquiry/,,,,,,,,,,,株式会社BRING,company_label,exclude,target_service_unconfirmed,,,https://bring-corp.jp
641,641,"2026 Quontier, Inc.",https://quontier.com,〒107-0062 東京都港区南青山3,,,https://quontier.com/contact/,,,,,,,,,,,株式会社クオンティア,company_jsonld,exclude,target_service_unconfirmed,,,https://quontier.com
642,642,Best In Class Producers Inc.,https://www.bicp.jp,〒150-0021 東京都渋谷区恵比寿西1,03-6416-1690,,https://www.bicp.jp/contact,,,,,,,,,,,株式会社ベストインクラスプロデューサーズ,company_label,exclude,target_service_unconfirmed,,,https://www.bicp.jp
643,643,株式会社エムアンドエムサービス,https://mandm.co.jp,〒621-0251 京都府亀岡市本梅町平松泥ヶ渕1,0771-26-2000,,https://mandm.co.jp/contact,,,,,,,,,,,株式会社エムアンドエムサービス,company_jsonld,exclude,target_service_unconfirmed,,,https://mandm.co.jp
644,644,株式会社ブログル,https://blogle.co.jp,〒141-0001 東京都品川区北品川5,,,,,,,,,,,,,,株式会社ブログル,company_label,exclude,weak_incidental_keyword,,,https://blogle.co.jp
645,645,株式会社プリマベーラ,https://team-prima.jp,〒373-0033 群馬県太田市西本町５,0276-20-6728,,https://team-prima.jp/inquery/,,,,,,,,,,,株式会社プリマベーラ,company_label,exclude,target_service_unconfirmed,,,https://team-prima.jp
646,646,株式会社美翔,https://www.bisho-group.co.jp,〒133-0073 東京都江戸川区鹿骨4,,,https://www.bisho-group.co.jp/estimate-2/support/,,,,,,,,,,,株式会社美翔,company_jsonld,exclude,target_service_unconfirmed,,,https://www.bisho-group.co.jp
647,647,Ｆ2Ｆラボ株式会社,https://nagochu.jp,〒463-0001 愛知県名古屋市守山区上志段味字東谷2,090-6646-6114,,https://nagochu.jp/contact/,,,,,,,,,,,Ｆ2Ｆラボ株式会社,existing_english,exclude,target_service_unconfirmed,,,https://nagochu.jp
648,648,株式会社ビズメイト,https://biz-mate.net,〒564-0051 大阪府吹田市豊津町１,06-6155-8369,,https://biz-mate.net/otoiawase,,,,,,,,,,,株式会社ビズメイト,company_label,exclude,target_service_unconfirmed,,,https://biz-mate.net
649,649,ジーピースタッフ株式会社,https://www.gp-staff.co.jp,〒710-0132 岡山県倉敷市藤戸町天城7,086-454-4405,,https://www.gp-staff.co.jp/contact/,,,,,,,,,,,ジーピースタッフ株式会社,existing_english,exclude,target_service_unconfirmed,,,https://www.gp-staff.co.jp
650,650,国産株式会社,https://kokusan.jp,〒104-0045 東京都中央区築地3,03-6264-2471,,https://kokusan.jp/contact/,,,,,,,,,,,国産株式会社,existing_english,exclude,target_service_unconfirmed,,,https://kokusan.jp
651,651,2026 Techfirm Holdings Inc. All Rights Reserved.,https://www.techfirm-hd.com,〒163-1423 東京都新宿区西新宿3,03-5365-7888,,https://www.techfirm-hd.com/contact/,,,,,,,,,,,Techfirm Holdings Inc,existing_english,exclude,target_service_unconfirmed,,,https://www.techfirm-hd.com
652,652,株式会社 寺坂商店,https://terashowtrade.jp,〒420-0839 静岡県静岡市葵区鷹匠3,054-631-7707,,https://terashowtrade.jp/sales-contact,,,,,,,,,,,株式会社 寺坂商店,root_jsonld,exclude,target_service_unconfirmed,,,https://terashowtrade.jp
653,653,LAMPS株式会社,https://lamps.co.jp,〒040-0015 北海道函館市梁川町6,,,https://lamps.co.jp/contact/,,,,,,,,,,,LAMPS株式会社,existing_english,exclude,target_service_unconfirmed,,,https://lamps.co.jp
654,654,株式会社マックスコム,https://max-com.co.jp,〒151-8583 東京都渋谷区代々木二丁目,03-6870-5800,,https://max-com.co.jp/contact/,,,,,,,,,,,株式会社マックスコム,company_label,exclude,target_service_unconfirmed,,,https://max-com.co.jp
655,655,株式会社HETは、,https://het.co.jp,〒391-0213 長野県茅野市豊平4,0266-55-4502,,https://het.co.jp/contact/,,,,,,,,,,,株式会社HETは,existing,exclude,target_service_unconfirmed,,,https://het.co.jp
656,656,GLOCAL DESIGN SCHOOL Inc. All rights reserved,https://glocal-ds.co.jp,〒421-0407 静岡県牧之原市布引原1,0548-88-9945,,https://glocal-ds.co.jp/contact,,,,,,,,,,,GLOCAL DESIGN SCHOOL Inc,existing_english,exclude,target_service_unconfirmed,,,https://glocal-ds.co.jp
657,657,2023 AnalogPR Inc.,https://analogpr.co.jp,〒106-0047 東京都港区南麻布2,,,https://analogpr.co.jp/contact/,,,,,,,,,,,株式会社アナログPR,root_jsonld,exclude,target_service_unconfirmed,,,https://analogpr.co.jp
658,658,株式会社 拓匠開発,https://takusho.co.jp,〒260-0045 千葉県千葉市中央区弁天2,043-309-2011,,https://takusho.co.jp/contact/,,,,,,,,,,,株式会社拓匠開発,company_label,exclude,target_service_unconfirmed,,,https://takusho.co.jp
659,659,Tangerine株式会社,https://corporate.tangerine.io,〒150-0043 東京都渋谷区道玄坂一丁目,03-5953-7601,,https://corporate.tangerine.io/contact,,,,,,,,,,,Tangerine株式会社,existing_english,exclude,target_service_unconfirmed,,,https://corporate.tangerine.io
660,660,2026 OTOGI Inc.,https://otogi-inc.co.jp,〒530-0014 大阪府大阪市北区鶴野町4,,,https://otogi-inc.co.jp/contact/,,,,,,,,,,,株式会社OTOGI,company_jsonld,exclude,target_service_unconfirmed,,,https://otogi-inc.co.jp
661,661,記事作成・WEBライティング代行なら株式会社YOSCA,https://yosca.jp,〒150-0002 東京都渋谷区渋谷2,03-5877-3982,,https://yosca.jp/contact-form/,,,,,,,,,,,株式会社YOSCA,company_label,exclude,target_service_unconfirmed,,,https://yosca.jp
662,662,ソフトウェア開発、ITソリューションの株式会社ブライセン,https://www.brycen.co.jp,〒104-6591 東京都中央区明石町8,03-6261-3612,,https://www.brycen.co.jp/contact/,,,,,,,,,,,株式会社ブライセン,company_jsonld,exclude,target_service_unconfirmed,,,https://www.brycen.co.jp
663,663,マーケティングデザイン株式会社,https://marketing-design.jp,〒541-0047 大阪府大阪市中央区淡路町1,06-4708-4126,,https://marketing-design.jp/contact,,,,,,,,,,,マーケティングデザイン株式会社,existing_english,exclude,duplicate_company_name,Web制作・クリエイティブ,ホームページ制作 / Web制作 / ウェブ制作,https://marketing-design.jp
664,664,株式会社 萬来トレーディングコンサルタント,https://www.banrai-tc.co.jp,〒510-0025 三重県四日市市東新町3,059-331-2158,,https://www.banrai-tc.co.jp/contact,,,,,,,,,,,株式会社 萬来トレーディングコンサルタント,existing,exclude,weak_incidental_keyword,,,https://www.banrai-tc.co.jp
665,665,Vista Japan 株式会社,https://vista-japan.com,〒538-0037 大阪府大阪市鶴見区焼野2,050-3565-4007,,https://vista-japan.com/contact/,,,,,,,,,,,Vista Japan 株式会社,existing_english,exclude,target_service_unconfirmed,,,https://vista-japan.com
666,666,decorative mode no.3 design products Inc.,https://www.graf-d3.com,〒530-0005 大阪府大阪市北区中之島4,06-6459-2082,,https://www.graf-d3.com/contact/form-request/?subject=商品の卸販売に関するお問い合わせ,,,,,,,,,,,有限会社デコラティブモードナンバースリー,company_label,exclude,target_service_unconfirmed,,,https://www.graf-d3.com
667,667,株式会社ヘラルボニー,https://www.heralbony.jp,〒305-8555 茨城県つくば市研究学園１,,,https://www.heralbony.jp/contact/,,,,,,,,,,,株式会社ヘラルボニー,company_label,exclude,target_service_unconfirmed,,,https://www.heralbony.jp
668,668,マーケティングデザイン 株式会社アイオム,https://iwoum.com,〒302-0013 茨城県取手市台宿2,,,https://iwoum.com/contact/,,,,,,,,,,,株式会社アイオム,company_label,exclude,target_service_unconfirmed,,,https://iwoum.com
669,669,レイ株式会社,https://a1s.co.jp,〒363-0026 埼玉県桶川市上日出谷4,050-5362-0693,,,,,,,,,,,,,株式会社ダイナミック・アクセル・マーケティング,company_jsonld,exclude,target_service_unconfirmed,,,https://a1s.co.jp
670,670,株式会社COUNTER WORKS（カウンターワークス）,https://counterworks.co.jp,〒141-0031 東京都品川区西五反田7,03-6420-0773,,,,,,,,,,,,,株式会社COUNTERWORKS,company_label,exclude,target_service_unconfirmed,,,https://counterworks.co.jp
671,671,株式会社さくら印刷,https://www.dhw.co.jp,〒277-0005 千葉県柏市柏3,0120-302-553,,https://www.dhw.co.jp/contact/,,,,,,,,,,,株式会社 英文社名,company_label,exclude,target_service_unconfirmed,,,https://www.dhw.co.jp
672,672,2004-2023 Agent Inc. All Rights Reserved.,https://agent-network.com,〒150-0043 東京都渋谷区道玄坂2,03-3780-3911,,https://agent-network.com/contact,,,,,,,,,,,株式会社エージェント,company_label,exclude,target_service_unconfirmed,,,https://agent-network.com
673,673,2024 S-TRUST Inc. All Right Reserved.,https://strust-inc.co.jp,〒422-8041 静岡県静岡市駿河区中田4,054-654-3855,,https://strust-inc.co.jp/contact/,,,,,,,,,,,株式会社エス・トラスト,company_label,exclude,target_service_unconfirmed,,,https://strust-inc.co.jp
674,674,新日本印刷株式会社,https://www.s-pri.co.jp,〒468-0065 愛知県名古屋市天白区中砂町4,052-832-6851,,https://www.s-pri.co.jp/contact.html,,,,,,,,,,,新日本印刷株式会社,existing_english,exclude,target_service_unconfirmed,,,https://www.s-pri.co.jp
675,675,クリーンテックス・ジャパン株式会社,https://promo.kleen-tex.jp,〒651-2271 兵庫県神戸市西区高塚台2,078-991-3694,,https://promo.kleen-tex.jp/kleen_tex_japan/contact,,,,,,,,,,,クリーンテックス・ジャパン株式会社,existing_english,exclude,target_service_unconfirmed,,,https://promo.kleen-tex.jp
676,676,記帳代行（ナセル株式会社）,https://bricksuk.biz,〒108-0075 東京都港区港南1,03-3471-8215,,https://bricksuk.biz/contact/,,,,,,,,,,,記帳代行（ナセル株式会社,existing_english,exclude,target_service_unconfirmed,,,https://bricksuk.biz
677,677,2026 WR Inc. All Rights Reserved.,https://wr-inc.jp,〒150-6090 東京都渋谷区恵比寿4,03-4567-6158,,https://wr-inc.jp/contact/,,,,,,,,,,,WR Inc,existing_english,exclude,target_service_unconfirmed,,,https://wr-inc.jp
678,678,株式会社アンドパッド,https://andpad.co.jp,〒108-0073 東京都港区三田三丁目,,,https://andpad.co.jp/contact/,,,,,,,,,,,株式会社アンドパッド,existing,exclude,target_service_unconfirmed,,,https://andpad.co.jp
679,679,クラブン株式会社 ALJARO,https://aljaro.jp,〒710-0055 岡山県倉敷市阿知2,086-441-3515,,https://aljaro.jp/inquiry,,,,,,,,,,,株式会社 ALJARO,existing,exclude,target_service_unconfirmed,,,https://aljaro.jp
680,680,株式会社フジテックス,https://med.fjtex.co.jp,〒164-0001 東京都中野区中野二丁目,,,https://med.fjtex.co.jp/contact/,,,,,,,,,,,株式会社フジテックス,existing,exclude,target_service_unconfirmed,,,https://med.fjtex.co.jp
681,681,株式会社IRODORI LIFE,https://irodorilife22.jp,〒460-0007 愛知県名古屋市中区新栄２,052-848-7134,,,,,,,,,,,,,株式会社IRODORI,existing,exclude,target_service_unconfirmed,,,https://irodorilife22.jp
682,682,s (C) 2020 Discover Japan Inc. All Rights Reserved.,https://discoverjapan-web.com,〒150-0042 東京都渋谷区宇田川町1,0191-48-4795,,https://discoverjapan-web.com/advertising#contactform,,,,,,,,,,,株式会社ディスカバー・ジャパン,company_label,exclude,target_service_unconfirmed,,,https://discoverjapan-web.com
683,683,株式会社JPRについて,https://news.jprpet.com,〒194-0022 東京都町田市森野1,042-860-6980,,https://news.jprpet.com/contact/,,,,,,,,,,,株式会社JPRについて,existing,exclude,target_service_unconfirmed,,,https://news.jprpet.com
684,684,Vixen Aim 株式会社,https://vixen-aim.com,〒105-0022 東京都港区海岸1,,,https://vixen-aim.com/お問い合わせ/,,,,,,,,,,,Vixen Aim 株式会社,existing_english,exclude,target_service_unconfirmed,,,https://vixen-aim.com
685,685,株式会社食料新聞社,https://www.syokuryou-shinbun.com,〒111-0053 東京都台東区浅草橋5,03-3272-1666,,https://www.syokuryou-shinbun.com/pages/3/,,,,,,,,,,,株式会社食料新聞社,company_label,exclude,target_service_unconfirmed,,,https://www.syokuryou-shinbun.com
686,686,株式会社LLB,https://llb.co.jp,〒606-8344 京都府京都市左京区岡崎円勝寺町9,075-762-1616,,https://llb.co.jp/contact/,,,,,,,,,,,株式会社LLB,company_label,exclude,target_service_unconfirmed,,,https://llb.co.jp
687,687,2022 株式会社アローテック,https://www.arrow-tech.jp,〒104-0061 東京都中央区銀座8,03-6264-7481,,,,,,,,,,,,,株式会社アローテック,company_jsonld,exclude,target_service_unconfirmed,,,https://www.arrow-tech.jp
688,688,"株式会社はなやのミカタ hanayanomikata Co.,Ltd",https://hanayanomikata.com,〒381-0014 長野県長野市北尾張部7,,,https://hanayanomikata.com/contact,,,,,,,,,,,株式会社はなやのミカタ,company_label,exclude,target_service_unconfirmed,,,https://hanayanomikata.com
689,689,グッドプランニング株式会社,https://www.eizo-media.com,〒110-0012 東京都台東区竜泉1,03-6802-8616,,https://www.eizo-media.com/contact,,,,,,,,,,,グッドプランニング株式会社,existing_english,exclude,target_service_unconfirmed,,,https://www.eizo-media.com
690,690,Silver General合同会社,https://marketmotion.jp,〒336-0026 埼玉県さいたま市南区辻8,,,https://marketmotion.jp/contact/,,,,,,,,,,,Silver General合同会社,existing_english,exclude,weak_incidental_keyword,,,https://marketmotion.jp
691,691,ホロ株式会社,https://horo-corp.co.jp,〒260-0015 千葉県千葉市中央区富士見2,047-400-9678,,https://horo-corp.co.jp/wp/contact,,,,,,,,,,,株式会社へ,company_jsonld,exclude,target_service_unconfirmed,,,https://horo-corp.co.jp
692,692,株式会社EPARK,https://epark.co.jp,〒108-0023 東京都港区芝浦四丁目,0120-975-778,,https://epark.co.jp/contact_individual,,,,,,,,,,,株式会社EPARK,company_jsonld,exclude,target_service_unconfirmed,,,https://epark.co.jp
693,693,株式会社メイクオリジン,https://makeorigin.com,〒251-0025 神奈川県藤沢市藤沢5,0466-96-0414,,https://makeorigin.com/contact,,,,,,,,,,,株式会社メイクオリジン,company_jsonld,exclude,target_service_unconfirmed,,,https://makeorigin.com
694,694,株式会社クシコ,https://kushiko.net,〒039-1197 青森県八戸市河原木字青森谷地 〒0,,,https://kushiko.net/contact/,,,,,,,,,,,株式会社クシコ,company_label,exclude,target_service_unconfirmed,,,https://kushiko.net
695,695,株式会社キャドセンター,https://www.cadcenter.co.jp,〒105-0014 東京都港区芝2,03-6699-0181,,https://www.cadcenter.co.jp/contact/,,,,,,,,,,,株式会社キャドセンター,company_label,exclude,target_service_unconfirmed,,,https://www.cadcenter.co.jp
696,696,株式会社イングシステム,https://ingsystem.jp,〒063-0812 北海道札幌市西区琴似2,011-676-8100,,https://ingsystem.jp/contact.html,,,,,,,,,,,株式会社イングシステム,company_label,exclude,target_service_unconfirmed,,,https://ingsystem.jp
697,697,株式会社 アトリエKC,https://akc-design.co.jp,〒360-0841 埼玉県熊谷市新堀7,048-533-0327,,https://akc-design.co.jp/contactmail/,,,,,,,,,,,株式会社 アトリエKC,existing,exclude,target_service_unconfirmed,,,https://akc-design.co.jp
698,698,(C) 1999 Sakurajimusyo inc.,https://www.sakurajimusyo.com,〒150-0031 東京都渋谷区桜丘町2,03-6455-0011,,https://www.sakurajimusyo.com/contact/inquiry.php,,,,,,,,,,,1999 Sakurajimusyo inc,existing_english,exclude,target_service_unconfirmed,,,https://www.sakurajimusyo.com
699,699,SO PLUS COMPANY 株式会社,https://soplus.co.jp,〒918-8034 福井県福井市南居町8,0776-33-3111,,https://soplus.co.jp/contact/,,,,,,,,,,,SO PLUS COMPANY 株式会社,existing_english,exclude,target_service_unconfirmed,,,https://soplus.co.jp
700,700,株式会社irif,https://exds.jp,〒980-0013 宮城県仙台市青葉区花京院1,022-713-8778,,https://exds.jp/contact/,,,,,,,,,,,株式会社エクシード,company_label,exclude,target_service_unconfirmed,,,https://exds.jp
701,701,株式会社源氣について,https://genki-corp.com,〒390-1301 長野県東筑摩郡山形村8,0263-88-8630,,https://genki-corp.com/contact/,,,,,,,,,,,株式会社 源氣,company_label,exclude,target_service_unconfirmed,,,https://genki-corp.com
702,702,むすびめコミュニケーションクリエイツ株式会社,https://musuvime.jp,〒101-0047 東京都千代田区内神田1,03-3291-2388,,,,,,,,,,,,,むすびめコミュニケーションクリエイツ株式会社,existing_english,exclude,target_service_unconfirmed,,,https://musuvime.jp
703,703,2026 上毛新聞アドシステム株式会社 All Rights Reserved.,https://www.jomo-ad.jp,〒371-0844 群馬県前橋市古市町1,027-254-1234,,https://www.jomo-ad.jp/form/contact.php,,,,,,,,,,,上毛新聞アドシステム株式会社,existing_english,exclude,target_service_unconfirmed,,,https://www.jomo-ad.jp
704,704,株式会社 博展,https://www.hakuten.co.jp,〒104-0031 東京都中央区京橋三丁目,,,https://www.hakuten.co.jp/contact,,,,,,,,,,,株式会社 博展,existing,exclude,target_service_unconfirmed,,,https://www.hakuten.co.jp
705,705,株式会社YICトラスト,https://www.yic.ac.jp,〒754-0021 山口県山口市小郡黄金町2,083-976-8354,,https://www.yic.ac.jp/contact/,,,,,,,,,,,株式会社YICトラスト,existing,exclude,target_service_unconfirmed,,,https://www.yic.ac.jp
706,706,合同会社Circular Thanks,https://yori-i.org,〒990-8580 山形県山形市城南町1,,,https://yori-i.org/contact/?your-category=支援メニューについて,,,,,,,,,,,合同会社Circular,existing,exclude,target_service_unconfirmed,,,https://yori-i.org
707,707,株式会社 UCHIDA （本社）,https://uchida-kyoto.jp,〒215-0022 神奈川県川崎市麻生区下麻生2,075-585-3687,,https://uchida-kyoto.jp/contact/,,,,,,,,,,,株式会社 UCHIDA,existing,exclude,target_service_unconfirmed,,,https://uchida-kyoto.jp
708,708,株式会社フォルトナボックス,https://www.fbc-yokohama.com,〒231-0844 神奈川県横浜市中区西之谷町4,045-260-6525,,https://www.fbc-yokohama.com/contact,,,,,,,,,,,株式会社フォルトナボックス,root_jsonld,exclude,target_service_unconfirmed,,,https://www.fbc-yokohama.com
709,709,株式会社菅原,https://bigsize-scan.com,〒670-0945 兵庫県姫路市北条梅原町5,079-281-2005,,https://bigsize-scan.com/contact/,,,,,,,,,,,株式会社菅原,company_label,exclude,target_service_unconfirmed,,,https://bigsize-scan.com
710,710,テオドール株式会社,https://theodor.co.jp,〒543-0001 大阪府大阪市天王寺区上本町5,06-4400-7839,,https://theodor.co.jp/contact/,,,,,,,,,,,テオドール株式会社,existing_english,exclude,target_service_unconfirmed,,,https://theodor.co.jp
711,711,"️ Onwords, Inc. All Rights Reserved.",https://www.onwords.co.jp,〒105-0001 東京都港区虎ノ門３,,,https://www.onwords.co.jp/contact,,,,,,,,,,,株式会社Onwords,company_jsonld,exclude,target_service_unconfirmed,,,https://www.onwords.co.jp
712,712,"Makuake, Inc. All Rights Reserved.",https://www.makuake.co.jp,〒231-0062 神奈川県横浜市中区桜木町一丁目,,,https://www.makuake.co.jp/ir/information/,,,,,,,,,,,株式会社マクアケ,company_jsonld,exclude,target_service_unconfirmed,,,https://www.makuake.co.jp
713,713,ENJIN Inc. ALL RIGHTS RESERVED.,https://enjintokyo.com,〒154-0004 東京都世田谷区太子堂4,,,https://enjintokyo.com/contact/,,,,,,,,,,,株式会社ENJIN,company_label,exclude,weak_incidental_keyword,,,https://enjintokyo.com
714,714,株式会社シンクリンク,https://think-link.co.jp,〒215-0021 神奈川県川崎市麻生区上麻生7,044-281-5985,,https://think-link.co.jp/contact/,,,,,,,,,,,株式会社シンクリンク,company_label,exclude,target_service_unconfirmed,,,https://think-link.co.jp
715,715,有限会社マーズ,https://lifeonmars.jp,〒819-1136 福岡県糸島市美咲が丘2,096-285-9274,,https://lifeonmars.jp/contact,,,,,,,,,,,有限会社マース,company_label,exclude,target_service_unconfirmed,,,https://lifeonmars.jp
716,716,株式会社一円,https://ichien.asia,〒305-0031 茨城県つくば市吾妻1,050-5532-1114,,https://ichien.asia/index.php?%E3%81%94%E4%BE%9D%E9%A0%BC%E3%82%92%E6%A4%9C%E8%A8%8E%E3%81%95%E3%82%8C%E3%81%A6%E3%81%84%E3%82%8B%E6%96%B9%E3%81%B8,,,,,,,,,,,株式会社 一円,company_label,exclude,target_service_unconfirmed,,,https://ichien.asia
717,717,国内・国外でのイベント制作なら株式会社アドハウス,http://www.adhouse.jp,〒277-0087 千葉県柏市常盤台2,04-7199-7768,,http://www.adhouse.jp/contact.html,,,,,,,,,,,株式会社アドハウス,existing,exclude,target_service_unconfirmed,,,http://www.adhouse.jp
718,718,株式会社バリューシェア,https://valueshare.jp,〒262-0033 千葉県千葉市花見川区幕張本郷2,043-301-3368,,https://valueshare.jp/contact/,,,,,,,,,,,株式会社バリューシェア,company_label,exclude,target_service_unconfirmed,,,https://valueshare.jp
719,719,株式会社サンフォニックス,https://sunphonix.jp,〒211-0051 神奈川県川崎市中原区宮内2,044-874-4180,,https://sunphonix.jp/us/?q=6,,,,,,,,,,,株式会社サンフォニックス,root_jsonld,exclude,target_service_unconfirmed,,,https://sunphonix.jp
720,720,株式会社ケイト,https://www.keito-jp.com,〒540-0029 大阪府大阪市中央区本町橋8,06-6314-6788,,https://www.keito-jp.com/contact.php,,,,,,,,,,,株式会社ケイト,existing,exclude,target_service_unconfirmed,,,https://www.keito-jp.com
721,721,株式会社パワープロジェクト,https://powerpj.com,〒101-0047 東京都千代田区内神田1,06-4256-1440,,https://powerpj.com/contact/,,,,,,,,,,,株式会社パワープロジェクト,company_label,exclude,target_service_unconfirmed,,,https://powerpj.com
722,722,太陽スポーツ施設株式会社,https://www.taiyo-sports.co.jp,〒106-0047 東京都港区南麻布3,03-5791-5665,,https://www.taiyo-sports.co.jp/contact/,,,,,,,,,,,太陽スポーツ施設株式会社,existing_english,exclude,target_service_unconfirmed,,,https://www.taiyo-sports.co.jp
723,723,myProduct株式会社,https://myproduct.co.jp,〒101-0051 東京都千代田区神田神保町一丁目,,,https://myproduct.co.jp/contact/,,,,,,,,,,,myProduct株式会社,existing_english,exclude,target_service_unconfirmed,,,https://myproduct.co.jp
724,724,2023 MATERIAL GROUP INC.,https://materialgroup.jp,〒107-6035 東京都港区赤坂1,03-6869-1100,,https://materialgroup.jp/contact/,,,,,,,,,,,MATERIAL GROUP INC,existing_english,exclude,target_service_unconfirmed,,,https://materialgroup.jp
725,725,株式会社ゆめ・きた・さぽーと,https://yume-sapo.jp,〒060-0032 北海道札幌市中央区 北2,011-206-4308,,https://yume-sapo.jp/contact/,,,,,,,,,,,株式会社ゆめ・きた・さぽーと,existing,exclude,target_service_unconfirmed,,,https://yume-sapo.jp
726,726,ONE TERASU Inc. All rights reserved.,https://shisaly.com,〒422-8013 静岡県 静岡市駿河区 古宿２,,,https://shisaly.com/contact,,,,,,,,,,,ONE TERASU Inc,existing_english,exclude,target_service_unconfirmed,,,https://shisaly.com
727,727,キャリアシフト株式会社,https://www.careershift.jp,〒113-0033 東京都文京区本郷1,,,,,,,,,,,,,,キャリアシフト株式会社,existing_english,exclude,target_service_unconfirmed,,,https://www.careershift.jp
728,728,株式会社カグー,https://kagoo.co.jp,〒141-0022 東京都品川区東五反田5,03-5422-6224,,https://kagoo.co.jp/#contact,,,,,,,,,,,株式会社カグー,company_label,exclude,target_service_unconfirmed,,,https://kagoo.co.jp
729,729,株式会社ネクシモ,https://www.nexsimo.co.jp,〒319-1221 茨城県日立市大みか町4,0294-27-1881,,,,,,,,,,,,,株式会社ネクシモ,root_jsonld,exclude,target_service_unconfirmed,,,https://www.nexsimo.co.jp
730,730,株式会社瀧田農産加工研究所,http://www.takita-foodprofit.co.jp,〒569-1032 大阪府高槻市宮之川原４,090-3286-3685,,http://www.takita-foodprofit.co.jp/contact,,,,,,,,,,,株式会社瀧田農産加工研究所,existing,exclude,target_service_unconfirmed,,,https://www.takita-foodprofit.co.jp
731,731,株式会社スマートスタイル・コンプレックス（SSC）,https://swa.ss-complex.com,〒330-0063 埼玉県さいたま市浦和区高砂2,,,https://swa.ss-complex.com/contact/,,,,,,,,,,,株式会社スマートスタイル・コンプレックス,existing,exclude,target_service_unconfirmed,,,https://swa.ss-complex.com
732,732,株式会社フレックスホールディングス,https://www.f-beans.co.jp,〒370-0015 群馬県高崎市島野町1,027-350-1645,,https://f-beans.co.jp/contact/,,,,,,,,,,,株式会社フレックスホールディングス,existing,exclude,weak_incidental_keyword,,,https://f-beans.co.jp
733,733,株式会社美創プロモーション All rights reserved.,https://bisow.co.jp,〒460-0026 愛知県名古屋市中区伊勢山1,052-332-7531,,https://bisow.co.jp/public-information/,,,,,,,,,,,株式会社美創プロモーション,company_jsonld,exclude,target_service_unconfirmed,,,https://bisow.co.jp
734,734,株式会社トレンド・プロ,https://ad-manga.com,〒105-0014 東京都港区芝1,03-6665-8864,,https://ad-manga.com/contact,,,,,,,,,,,株式会社トレンド・プロ,company_label,exclude,target_service_unconfirmed,,,https://ad-manga.com
735,735,2018 XROSS SPORTS MARKETING INC.,https://www.xsmktg.com,〒101-0054 東京都千代田区神田錦町3,03-5282-7655,,https://www.xsmktg.com/contact/,,,,,,,,,,,XROSS SPORTS MARKETING INC,existing_english,exclude,target_service_unconfirmed,,,https://www.xsmktg.com
736,736,株式会社リモートロックジャパン,https://www.jt-tsushin.jp,〒164-0012 東京都中野区本町6,050-1807-1888,,https://www.jt-tsushin.jp/solutions/resident-contacts-and-relations/electronic-applications,,,,,,,,,,,株式会社リモートロックジャパン,existing,exclude,target_service_unconfirmed,,,https://www.jt-tsushin.jp
737,737,abs株式会社,https://www.abs-inc.jp,〒330-0855 埼玉県さいたま市大宮区上小町 5,,,https://www.abs-inc.jp/contact/,,,,,,,,,,,abs株式会社,existing_english,exclude,target_service_unconfirmed,,,https://www.abs-inc.jp
738,738,2018 RoomClip Inc.,https://corp.roomclip.jp,〒151-0051 東京都渋谷区千駄ヶ谷1,,,https://corp.roomclip.jp/contact/,,,,,,,,,,,RoomClip Inc,existing_english,exclude,target_service_unconfirmed,,,https://corp.roomclip.jp
739,739,チャンスメーカー株式会社,https://www.ch-mk.jp,〒919-0516 福井県坂井市坂井町福島8,0776-67-2077,,https://www.ch-mk.jp/contact,,,,,,,,,,,チャンスメーカー株式会社,existing_english,exclude,weak_incidental_keyword,,,https://www.ch-mk.jp
740,740,株式会社クオリティ・オブ・ライフ,https://enterprise.2nd-pro.com,〒101-0046 東京都千代田区神田多町2,,,https://enterprise.2nd-pro.com/#block-page-contact,,,,,,,,,,,株式会社クオリティ・オブ・ライフ,company_label,exclude,target_service_unconfirmed,,,https://enterprise.2nd-pro.com
741,741,株式会社JIMOS（ジモス）,https://www.jimos.co.jp,〒150-0022 東京都渋谷区恵比寿南3,092-303-8509,,https://www.jimos.co.jp/contact/form_oem/,,,,,,,,,,,株式会社JIMOS,company_jsonld,exclude,target_service_unconfirmed,,,https://www.jimos.co.jp
742,742,運営 : 株式会社 川島印刷,https://kokoroiki.design,〒992-0021 山形県米沢市大字花沢2,0238-21-5511,,https://kokoroiki.design/inquiry,,,,,,,,,,,株式会社 川島印刷,company_label,exclude,target_service_unconfirmed,,,https://kokoroiki.design
743,743,2026 総合Webコンサルティングの株式会社Dヴォイス,https://d-voice.com,〒530-0011 大阪府大阪市北区大深町5,,,https://d-voice.com/contact/,,,,,,,,,,,株式会社Dヴォイス,company_label,exclude,target_service_unconfirmed,,,https://d-voice.com
744,744,株式会社日商印刷,https://color-magician.jp,〒３８１-２２０７ 長野県長野市大橋南２,026-284-4164,,https://color-magician.jp/contact/,,,,,,,,,,,株式会社日商印刷,company_label,exclude,target_service_unconfirmed,,,https://color-magician.jp
745,745,レ.フィールコスメティックス有限会社,https://re-feel.jp,〒309-1451 茨城県桜川市西小塙1,,,https://re-feel.jp/contact/,,,,,,,,,,,レ.フィールコスメティックス有限会社,existing_english,exclude,target_service_unconfirmed,,,https://re-feel.jp
746,746,株式会社オズプリンティング,https://ozp.jp,〒400-0032 山梨県甲府市中央3,055-235-6010,,https://ozp.jp/contact.php,,,,,,,,,,,株式会社オズプリンティング,existing,exclude,target_service_unconfirmed,,,https://ozp.jp
747,747,デジタル変革を徹底的にサポート：株式会社日立システムズ,https://www.hitachi-systems.com,〒390-8585 長野県松本市中央2,,,https://www.hitachi-systems.com/contactus/index.html,,,,,,,,,,,株式会社日立システムズ,existing,exclude,target_service_unconfirmed,,,https://www.hitachi-systems.com
748,748,渡部デザイン株式会社,https://watabe-design.jp,〒970-8034 福島県いわき市平上荒川字安草1,0246-85-5001,,https://watabe-design.jp/contact/,,,,,,,,,,,渡部デザイン株式会社,existing_english,exclude,target_service_unconfirmed,,,https://watabe-design.jp
749,749,株式会社P4NEXT,https://p4next.co.jp,〒330-0062 埼玉県さいたま市浦和区仲町1,,,https://p4next.co.jp/#contact,,,,,,,,,,,株式会社P4NEXT,company_label,exclude,target_service_unconfirmed,,,https://p4next.co.jp
750,750,株式会社トライアンフィル,https://triunfill.com,〒420-0853 静岡県静岡市葵区追手町7,054-653-2722,,https://triunfill.com/contact/,,,,,,,,,,,株式会社トライアンフィル,company_label,exclude,target_service_unconfirmed,,,https://triunfill.com
751,751,株式会社リンクステーション,https://www.gettii.jp,〒030-0947 青森県青森市浜館2,,,https://www.gettii.jp/function/detail/function-15.html,,,,,,,,,,,株式会社リンクステーション,root_jsonld,exclude,target_service_unconfirmed,,,https://www.gettii.jp
752,752,株式会社アスタリズム,https://asterizm.com,〒639-0275 奈良県葛城市勝根8,,,https://asterizm.com/contact/,,,,,,,,,,,株式会社アスタリズム,company_label,exclude,target_service_unconfirmed,,,https://asterizm.com
753,753,2023 株式会社ＰＣＫ高速印刷,https://www.pck-2662.com,〒700-0942 岡山県岡山市南区豊成３,086-902-2662,,https://www.pck-2662.com,,,,,,,,,,,株式会社ＰＣＫ高速印刷,company_jsonld,exclude,target_service_unconfirmed,,,https://www.pck-2662.com
754,754,株式会社恒和プロダクト All Rights Reserved.,https://www.kowa-dtp.com,〒577-0016 大阪府東大阪市長田西4,06-6744-7071,,https://www.kowa-dtp.com/contact/,,,,,,,,,,,株式会社恒和プロダクト,company_label,exclude,target_service_unconfirmed,,,https://www.kowa-dtp.com
755,755,アスリート・マーケティング株式会社,https://www.athletemarketing.co.jp,〒105-0004 東京都港区新橋5,03-6402-3660,,https://www.athletemarketing.co.jp/contact/,,,,,,,,,,,アスリート・マーケティング株式会社,existing_english,exclude,target_service_unconfirmed,,,https://www.athletemarketing.co.jp
756,756,株式会社 スポーツマーケティングラボラトリー,https://www.spolabo.jp,〒105-0011 東京都港区芝公園2,03-5404-5622,,https://www.spolabo.jp/contact/,,,,,,,,,,,株式会社スポーツマーケティングラボラトリー,company_label,exclude,target_service_unconfirmed,,,https://www.spolabo.jp
757,757,有限会社オフィスプライヤ,https://www.officepraia.co.jp,〒210-0023 神奈川県川崎市川崎区小川町7,044-221-0360,,https://www.officepraia.co.jp/contents/category/contact/,,,,,,,,,,,有限会社オフィスプライヤ,company_label,exclude,target_service_unconfirmed,,,https://www.officepraia.co.jp
758,758,株式会社スポーツのチカラ All Rights Reserved.,https://sports-chikara.com,〒169-0075 東京都新宿区高田馬場1,03-4540-7532,,https://sports-chikara.com/contact,,,,,,,,,,,株式会社スポーツのチカラ,company_jsonld,exclude,target_service_unconfirmed,,,https://sports-chikara.com
759,759,株式会社SHF（エスエイチエフ）,https://esosai.com,〒620-0017 京都府福知山市字猪崎小字古黒3,0773-23-8117,,https://esosai.com/contact/,,,,,,,,,,,株式会社SHF,existing,exclude,target_service_unconfirmed,,,https://esosai.com
760,760,ノーバジェット‧マーケティング株式会社,https://www.nb-marketing.jp,〒101-0041 東京都千代田区神田須田町2,03-6826-8686,,https://www.nb-marketing.jp/contact/,,,,,,,,,,,ノーバジェット‧マーケティング株式会社,existing_english,exclude,target_service_unconfirmed,,,https://www.nb-marketing.jp
761,761,株式会社エクサ,https://www.exa-corp.co.jp,〒220-8560 神奈川県横浜市西区みなとみらい4,045-212-5180,,https://www.exa-corp.co.jp/inquiry/index.html,,,,,,,,,,,株式会社エクサ,company_label,exclude,target_service_unconfirmed,,,https://www.exa-corp.co.jp
762,762,合同会社ニッシンマテリアル,https://nishinmaterial.co.jp,〒640-8402 和歌山県和歌山市野崎2,073-460-8822,,https://nishinmaterial.co.jp/contact,,,,,,,,,,,合同会社ニッシンマテリアル,existing,exclude,target_service_unconfirmed,,,https://nishinmaterial.co.jp
763,763,株式会社 阿部紙工,https://www.abeshikoh.co.jp,〒960-2195 福島県福島市庄野字柿場1,024-593-5111,,https://www.abeshikoh.co.jp/company_info/contactus/,,,,,,,,,,,株式会社 阿部紙工,company_label,exclude,target_service_unconfirmed,,,https://www.abeshikoh.co.jp
764,764,"株式会社シカトキノコ （英：ShikatoKinoko, Inc.）",https://shikatokinoko.co.jp,〒586-0036 大阪府河内長野市高向2,0721-63-6499,,https://shikatokinoko.co.jp/contact/,,,,,,,,,,,株式会社シカトキノコ,company_label,exclude,target_service_unconfirmed,,,https://shikatokinoko.co.jp
765,765,株式会社 エーディーバンク,https://ad-bank.jp,〒990-0031 山形県山形市十日町3,023-666-8039,,https://ad-bank.jp#contact,,,,,,,,,,,株式会社 エーディーバンク,company_label,exclude,target_service_unconfirmed,,,https://ad-bank.jp
766,766,株式会社日本パルス,https://www.pals.co.jp,〒564-0051 大阪府吹田市豊津町1,06-6378-4560,,https://www.pals.co.jp/inquiry/,,,,,,,,,,,株式会社日本パルス,existing,exclude,target_service_unconfirmed,,,https://www.pals.co.jp
767,767,有限会社アクティブワークス,https://www.active-works.jp,〒030-0852 青森県青森市長島二丁目,017-773-0570,,https://www.active-works.jp/re/contact/,,,,,,,,,,,有限会社アクティブワークス,existing,exclude,target_service_unconfirmed,,,https://www.active-works.jp
768,768,電鉄商事株式会社DTSコミュニケーションズ,https://dts-kobe.com,〒653-0012 兵庫県神戸市中央区御幸通6,078-252-8605,,https://dts-kobe.com/contact/,,,,,,,,,,,株式会社DTSコミュニケーションズ,existing,exclude,target_service_unconfirmed,,,https://dts-kobe.com
769,769,有限会社クリエイティブハウスポケット,https://ch-pocket.co.jp,〒343-0828 埼玉県越谷市レイクタウン3,042-426-7791,,https://ch-pocket.co.jp/contact/,,,,,,,,,,,有限会社クリエイティブハウスポケット,company_label,exclude,target_service_unconfirmed,,,https://ch-pocket.co.jp
770,770,当サイトは株式会社ファブリカホールディングス（東証スタンダード上場 証券コード：4193）が運営しています。,https://www.fabrica-hd.co.jp,〒107-0052 東京都港区赤坂1,052-959-3460,,https://www.fabrica-hd.co.jp/contact,,,,,,,,,,,株式会社ファブリカホールディングス,company_label,exclude,target_service_unconfirmed,,,https://www.fabrica-hd.co.jp
771,771,株式会社ワオ・コーポレーション,https://axisfc.wao-corp.com,〒101-0023 東京都千代田区神田松永町4,0120-188-335,,https://axisfc.wao-corp.com/contact/request/,,,,,,,,,,,株式会社ワオ・コーポレーション,company_label,exclude,target_service_unconfirmed,,,https://axisfc.wao-corp.com
772,772,株式会社Dental Sign,http://dentalsign.co.jp,〒194-0014 東京都町田市高ケ坂1,,,http://dentalsign.co.jp/contact.html,,,,,,,,,,,株式会社Dental,existing,exclude,target_service_unconfirmed,,,http://dentalsign.co.jp
773,773,NBSホスピタリティ株式会社,https://www.nbsh.jp,〒530-0004 大阪府大阪市北区堂島浜1,03-6263-8218,,https://www.nbsh.jp/contact.php,,,,,,,,,,,NBSホスピタリティ株式会社,existing_english,exclude,target_service_unconfirmed,,,https://www.nbsh.jp
774,774,株式会社ケイミックス,https://www.tsuhisai-ars.jp,〒514-1136 三重県津市久居東鷹跡町2,059-253-4161,,https://www.tsuhisai-ars.jp/contact/,,,,,,,,,,,株式会社ケイミックス,existing,exclude,target_service_unconfirmed,,,https://www.tsuhisai-ars.jp
775,775,株式会社Medical Research,https://medicalresearch.jp,〒541-0044 大阪府大阪市中央区伏見町 2,06-6203-6668,,https://medicalresearch.jp/contact/,,,,,,,,,,,株式会社 Medical,company_label,exclude,target_service_unconfirmed,,,https://medicalresearch.jp
776,776,株式会社パルフェ,https://palfe.ne.jp,〒104-0061 東京都中央区銀座8,06-4963-8735,,https://palfe.ne.jp/contact/,,,,,,,,,,,株式会社パルフェ,existing,exclude,target_service_unconfirmed,,,https://palfe.ne.jp
777,777,株式会社ウェイブ,http://www.wave-pro.net,〒702-8005 岡山県岡山市中区江崎3,086-274-8040,,http://www.wave-pro.net/contact/,,,,,,,,,,,株式会社ウェイブ,existing,exclude,target_service_unconfirmed,,,http://www.wave-pro.net
778,778,株式会社マジックエッグ,https://hyper-nairankai.com,〒335-0023 埼玉県戸田市本町4,070-6426-0826,,https://hyper-nairankai.com/contact/,,,,,,,,,,,株式会社マジックエッグ,company_label,exclude,target_service_unconfirmed,,,https://hyper-nairankai.com
779,779,有限会社トータルリバー,http://totalriver-convention.jp,〒701-0114 岡山県倉敷市松島9,,,http://totalriver-convention.jp/contact.html,,,,,,,,,,,有限会社トータルリバー,existing,exclude,target_service_unconfirmed,,,http://totalriver-convention.jp
780,780,2026 ARK合同会社 All rights reserved.,https://www.arkgk.co.jp,〒651-0087 兵庫県神戸市中央区御幸通8,078-570-0549,,https://www.arkgk.co.jp/ja/contact,,,,,,,,,,,ARK合同会社,existing_english,exclude,target_service_unconfirmed,,,https://www.arkgk.co.jp
781,781,"有限会社ピーアール・デザイン・インク PR&design,inc.",http://pr-design.co,〒732-0824 広島県広島市南区的場町1,082-568-2068,,http://pr-design.co/publics/index/45/,,,,,,,,,,,有限会社ピーアール・デザイン・インク,company_label,exclude,target_service_unconfirmed,,,http://pr-design.co
782,782,ベスカ株式会社,https://www.vesca.co.jp,〒670-0917 兵庫県姫路市忍町2,06-6304-2100,,https://www.vesca.co.jp/contact/,,,,,,,,,,,ベスカ株式会社,existing_english,exclude,target_service_unconfirmed,,,https://www.vesca.co.jp
783,783,株式会社イケル 内,https://www.jsccs.jp,〒113-0033 東京都文京区本郷2,03-5283-1104,,https://www.jsccs.jp/contact.html,,,,,,,,,,,株式会社イケル,existing,exclude,target_service_unconfirmed,,,https://www.jsccs.jp
784,784,ユーザビリティパートナーズ株式会社,https://usa-bility.com,〒700-0951 岡山県岡山市北区田中6,086-362-7391,,https://usa-bility.com/contact/,,,,,,,,,,,ユーザビリティパートナーズ株式会社,existing_english,exclude,direct_meo_competitor,,,https://usa-bility.com
785,785,株式会社TradeSupport,https://www.trade-support.net,〒730-0051 広島県広島市中区大手町5,,,https://www.trade-support.net#contact,,,,,,,,,,,株式会社TradeSupport,existing,exclude,target_service_unconfirmed,,,https://www.trade-support.net
786,786,Company Name 株式会社 姫路ヴィクトリーナ Himeji Victorina Corporation,https://www.victorina-vc.jp,〒670-0924 兵庫県姫路市紺屋町5,079-280-3613,,https://www.victorina-vc.jp/contact/,,,,,,,,,,,株式会社姫路ヴィクトリーナ,company_jsonld,exclude,target_service_unconfirmed,,,https://www.victorina-vc.jp
787,787,"Resort Marketing, Inc. All Rights Reserved.",https://www.hotel-tenjikai.jp,〒600-8519 京都府京都市下京区堀川通五条下ル,075-341-2411,,https://www.hotel-tenjikai.jp/contact.php,,,,,,,,,,,株式会社リゾートマーケティング,company_label,exclude,target_service_unconfirmed,,,https://www.hotel-tenjikai.jp
788,788,株式会社三和酒店,https://www.kk-sanwa.co.jp,〒721-0963 広島県福山市南手城町4,084-921-4864,,https://www.kk-sanwa.co.jp/cf_cgi2/toiawase.htm,,,,,,,,,,,株式会社三和酒店,company_label,exclude,target_service_unconfirmed,,,https://www.kk-sanwa.co.jp
789,789,広島地下街開発株式会社,https://www.shareo.net,〒730-0011 広島県広島市中区基町地下街1,082-546-3111,,https://www.shareo.net/swing_enquiry/,,,,,,,,,,,広島地下街開発株式会社,existing_english,exclude,target_service_unconfirmed,,,https://www.shareo.net
790,790,Proposer株式会社,https://proposer.co.jp,〒760-0079 香川県高松市松縄町4,087-816-4455,,https://proposer.co.jp/proposer/contact/,,,,,,,,,,,Proposer株式会社,existing_english,exclude,target_service_unconfirmed,,,https://proposer.co.jp
791,791,株式会社ヤマウチ,https://www.totoco.work,〒761-8057 香川県高松市田村町3,0120-603-703,,https://www.totoco.work/topics/reminder-email/,,,,,,,,,,,株式会社ヤマウチ,existing,exclude,target_service_unconfirmed,,,https://www.totoco.work
792,792,2020 MATERIA CREPE Inc.,https://materiacrepe.co.jp,〒790-0807 愛媛県松山市平和通3,0120-113-401,,https://materiacrepe.co.jp/contact/,,,,,,,,,,,MATERIA CREPE Inc,existing_english,exclude,target_service_unconfirmed,,,https://materiacrepe.co.jp
793,793,"2021 iDEA,Inc.",https://idea-line.net,〒859-3243 長崎県佐世保市ハウステンボス町4,0956-76-9903,,https://idea-line.net/contact/,,,,,,,,,,,株式会社 iDEA,company_label,exclude,direct_meo_competitor,,,https://idea-line.net
794,794,有限会社studio108,https://vbm.link,〒162-0815 東京都新宿区筑土八幡町6,079-287-6522,,https://vbm.link/contact/,,,,,,,,,,,有限会社studio108,company_label,exclude,target_service_unconfirmed,,,https://vbm.link
795,795,(C) 株式会社SOU All Rights Reserved,https://fudosan.in.net,〒810-0075 福岡県福岡市中央区港1,050-5880-3921,,https://fudosan.in.net/form/,,,,,,,,,,,株式会社SOU,existing,exclude,target_service_unconfirmed,,,https://fudosan.in.net
796,796,【佐川印刷株式会社】,https://www.sakawa.co.jp,〒791-8018 愛媛県松山市問屋町6,,,https://www.sakawa.co.jp/site/,,,,,,,,,,,【佐川印刷株式会社】,existing_english,exclude,target_service_unconfirmed,,,https://www.sakawa.co.jp
797,797,株式会社サンキュードラッグ,https://39medical-partner.jp,〒801-0863 福岡県北九州市門司区栄町9,090-1348-9245,,https://39medical-partner.jp/contact/,,,,,,,,,,,株式会社サンキュードラッグ,existing,exclude,target_service_unconfirmed,,,https://39medical-partner.jp
798,798,株式会社EVERRISE,https://www.ever-rise.co.jp,〒106-0032 東京都港区六本木6,,,https://www.ever-rise.co.jp/contact/customer/,,,,,,,,,,,株式会社EVERRISE,existing,exclude,target_service_unconfirmed,,,https://www.ever-rise.co.jp
799,799,"Naisyokuichiba, Inc. All Rights Reserved.",https://naisyoku-ichiba.co.jp,〒849-0101 佐賀県三養基郡みやき町原古賀7,0568-86-7910,,https://naisyoku-ichiba.co.jp/contact-page?inqtype=estimate,,,,,,,,,,,"Naisyokuichiba, Inc",existing_english,exclude,target_service_unconfirmed,,,https://naisyoku-ichiba.co.jp
800,800,株式会社早稲田スクール本部,https://wasedaschool-recruit.com,〒862-0924 熊本県熊本市中央区帯山3,096-383-1424,,,,,,,,,,,,,株式会社早稲田スクール本部,existing,exclude,target_service_unconfirmed,,,https://wasedaschool-recruit.com
801,801,株式会社 ブランニュープランニング,https://www.bnre.jp,〒810-0021 福岡県福岡市中央区今泉1,092-791-8996,,https://www.bnre.jp/contact/,,,,,,,,,,,株式会社 ブランニュープランニング,company_label,exclude,target_service_unconfirmed,,,https://www.bnre.jp
802,802,Snowdome Inc.,https://snowdome-inc.co.jp,〒160-0023 東京都新宿区西新宿三丁目,,,https://snowdome-inc.co.jp/contact,,,,,,,,,,,Snowdome Inc,existing_english,exclude,target_service_unconfirmed,,,https://snowdome-inc.co.jp
803,803,株式会社 中央コピーセンター,https://accc-web.net,〒030-0861 青森県青森市長島二丁目,017-777-7582,,https://accc-web.net/lightning-ja/contact/,,,,,,,,,,,株式会社 中央コピーセンター,company_label,exclude,target_service_unconfirmed,,,https://accc-web.net
804,804,minami food’s inc All Right Reserved.,https://www.minami-skh.com,〒028-7914 岩手県九戸郡洋野町種市2,0194-66-8870,,https://www.minami-skh.com/contact/,,,,,,,,,,,株式会社ミナミ食品,company_label,exclude,target_service_unconfirmed,,,https://www.minami-skh.com
805,805,株式会社とりあん,https://torian.jp,〒879-0443 大分県宇佐市葛原2,0978-32-6500,,https://torian.jp/?page_id=51,,,,,,,,,,,株式会社とりあん,company_label,exclude,target_service_unconfirmed,,,https://torian.jp
806,806,株式会社東北地域商社,https://thkrc.co.jp,〒021-0881 岩手県一関市大町4,,,https://thkrc.co.jp/contact,,,,,,,,,,,株式会社東北地域商社,existing,exclude,target_service_unconfirmed,,,https://thkrc.co.jp
807,807,エンパワーショップ株式会社,https://empowershop.co.jp,〒107-0061 東京都港区北青山2,,,https://empowershop.co.jp/mail,,,,,,,,,,,エンパワーショップ株式会社,existing_english,exclude,target_service_unconfirmed,,,https://empowershop.co.jp
808,808,CROSSFIELD Inc.,https://www.cross-field.co.jp,〒103-0001 東京都中央区日本橋小伝馬町7,03-4500-8869,,https://www.cross-field.co.jp/contact/,,,,,,,,,,,CROSSFIELD Inc,existing_english,exclude,target_service_unconfirmed,,,https://www.cross-field.co.jp
809,809,キリフダ株式会社,https://kirifuda.io,〒104-0061 東京都中央区銀座1,,,https://kirifuda.io/contact,,,,,,,,,,,キリフダ株式会社,existing_english,exclude,target_service_unconfirmed,,,https://kirifuda.io
810,810,合同会社369,https://369labo.jp,〒500-8842 岐阜県岐阜市金町6,090-5614-3939,,https://369labo.jp#contact,,,,,,,,,,,合同会社369,existing,exclude,target_service_unconfirmed,,,https://369labo.jp
811,811,株式会社オルガナ,https://organa.jp,〒526-0059 滋賀県長浜市元浜町8,,,https://organa.jp/contact/contact-seminar.html,,,,,,,,,,,株式会社オルガナ,existing,exclude,target_service_unconfirmed,,,https://organa.jp
812,812,株式会社 広真,https://www.arkw.co.jp,〒460-0012 愛知県名古屋市中区千代田二丁目,052-262-1006,,https://www.arkw.co.jp/contact.html,,,,,,,,,,,株式会社 広真,existing,exclude,target_service_unconfirmed,,,https://www.arkw.co.jp
813,813,"2010-2026 DDS, Inc.",https://dds.co.jp,〒141-0031 東京都品川区西五反田7,03-3272-7900,,https://www.dds.co.jp/ja/contact/,,,,,,,,,,,株式会社ディー・ディー・エス,company_label,exclude,target_service_unconfirmed,,,https://dds.co.jp
814,814,株式会社WOOMY,https://corporate.woomy.me,〒651-0085 兵庫県神戸市中央区八幡通３,078-414-8287,,,,,,,,,,,,,株式会社WOOMY,existing,exclude,target_service_unconfirmed,,,https://corporate.woomy.me
815,815,株式会社クウゼン,https://kuzen.io,〒160-0023 東京都新宿区西新宿６,,,https://kuzen.io/inquiry?inquiry_middle2_click,,,,,,,,,,,株式会社クウゼン,existing,exclude,target_service_unconfirmed,,,https://kuzen.io
816,816,ピーシーエッグ株式会社,https://www.pc-egg.com,〒690-0816 島根県松江市北陵町5,0852-60-5187,,https://www.pc-egg.com/inquiry,,,,,,,,,,,ピーシーエッグ株式会社,existing_english,exclude,target_service_unconfirmed,,,https://www.pc-egg.com
817,817,eachvista株式会社,https://www.eachvista.co.jp,〒743-0063 山口県光市島田1,050-5471-3896,,https://www.eachvista.co.jp/contact,,,,,,,,,,,eachvista株式会社,existing_english,exclude,target_service_unconfirmed,,,https://www.eachvista.co.jp
818,818,株式会社ライズクリエイション All Rights Reserved.,https://risecreation.jp,〒630-8216 奈良県奈良市東向南町2,0742-81-9671,,https://risecreation.jp/inquiry/,,,,,,,,,,,株式会社ライズクリエイション,company_label,exclude,target_service_unconfirmed,,,https://risecreation.jp
819,819,株式会社 LOads,https://lo-ads.com,〒810-0001 福岡県福岡市中央区天神 1,,,https://lo-ads.com/contact/,,,,,,,,,,,株式会社 LOads,existing,exclude,target_service_unconfirmed,,,https://lo-ads.com
820,820,room株式会社,http://room-inc.site,〒612-8016 京都府京都市伏見区桃山福島太夫南町８,050-3091-7406,,,,,,,,,,,,,room株式会社,existing_english,exclude,target_service_unconfirmed,,,http://room-inc.site
821,821,株式会社Aria,https://www.aria-inc.co.jp,〒151-0053 東京都渋谷区代々木2,03-6258-2610,,https://www.aria-inc.co.jp#contact,,,,,,,,,,,株式会社Aria,existing,exclude,target_service_unconfirmed,,,https://www.aria-inc.co.jp
822,822,有限会社スプーン,http://spoon-cp.net,〒321-0111 栃木県宇都宮市川田町1,028-639-1135,,http://spoon-cp.net/contact/,,,,,,,,,,,有限会社スプーン,company_label,exclude,target_service_unconfirmed,,,http://spoon-cp.net
823,823,Singer合同会社,https://singer.llc,〒482-3485 宮城県仙台市青葉区 昭和町4,050-5482-3485,,https://singer.llc/contact,,,,,,,,,,,Singer合同会社,existing_english,exclude,target_service_unconfirmed,,,https://singer.llc
824,824,株式会社クオリタス・ホスピタリティー・アドバイザーズ,http://www.qha.co.jp,〒101-0047 東京都千代田区内神田1,03-5777-0111,,,,,,,,,,,,,株式会社クオリタス・ホスピタリティー・アドバイザーズ,existing,exclude,target_service_unconfirmed,,,http://www.qha.co.jp
825,825,マーリン就労支援サービス合同会社,https://advance-marlin.com,〒310-0015 茨城県水戸市宮町1,029-303-6947,,https://advance-marlin.com/contact/,,,,,,,,,,,マーリン就労支援サービス合同会社,existing_english,exclude,target_service_unconfirmed,,,https://advance-marlin.com
826,826,株式会社アドバコムと環境教育の社会実装に向けた連携に関する協定書を締結,https://www.jeas.or.jp,〒101-0032 東京都千代田区岩本町1,03-5829-6359,,https://www.jeas.or.jp/contact/,,,,,,,,,,,株式会社アドバコムと環境教育の社会実装に向けた連携に関する協定書を締結,existing,exclude,target_service_unconfirmed,,,https://www.jeas.or.jp
827,827,株式会社コーエーテクモホールディングス,https://www.koeitecmo.co.jp,〒223-8503 神奈川県横浜市港北区箕輪町1,,,https://www.koeitecmo.co.jp/inquiry/,,,,,,,,,,,株式会社コーエーテクモホールディングス,existing,exclude,target_service_unconfirmed,,,https://www.koeitecmo.co.jp
828,828,株式会社パノプト,https://panopt.co.jp,〒150-0047 東京都渋谷区神山町5,,,https://panopt.co.jp/form/contact-project,,,,,,,,,,,株式会社パノプト,existing,exclude,target_service_unconfirmed,,,https://panopt.co.jp
829,829,合同会社 HubFun,https://hubfun.jp,〒370-1214 群馬県高崎市根小屋町2,027-386-5638,,https://hubfun.jp/contact/,,,,,,,,,,,合同会社HubFun,root_jsonld,exclude,target_service_unconfirmed,,,https://hubfun.jp
830,830,株式会社トミヤDS,https://www.tomiya-design.co.jp,〒943-0891 新潟県上越市昭和町2,025-525-1177,,https://www.tomiya-design.co.jp/contact/,,,,,,,,,,,株式会社トミヤDS,existing,exclude,target_service_unconfirmed,,,https://www.tomiya-design.co.jp
831,831,株式会社やまちゃん,https://ymcn.co.jp,〒914-0036 福井県敦賀市堂5,,,https://ymcn.co.jp/contact/,,,,,,,,,,,株式会社やまちゃん,company_label,exclude,target_service_unconfirmed,,,https://ymcn.co.jp
832,832,愛知県豊田市 デザイン事務所 D-NA有限会社,https://www.d-na.jp,〒473-0905 愛知県豊田市住吉町太平1,0565-53-9288,,https://www.d-na.jp/formhtml.html,,,,,,,,,,,愛知県豊田市 デザイン事務所 D-NA有限会社,existing_english,exclude,target_service_unconfirmed,,,https://www.d-na.jp
833,833,称 株式会社 エムプラン,https://mplan-kaigyou.com,〒480-1178 愛知県長久手市丁子田6,0561-64-2022,,https://mplan-kaigyou.com/contact/,,,,,,,,,,,株式会社エムプラン,root_jsonld,exclude,target_service_unconfirmed,,,https://mplan-kaigyou.com
834,834,株式会社 伝,https://www.den-inc.jp,〒615-0064 京都府京都市右京区 西院久田町1,075-314-6331,,https://www.den-inc.jp/contact/request/index.html,,,,,,,,,,,株式会社 伝,existing,exclude,target_service_unconfirmed,,,https://www.den-inc.jp
835,835,合同会社はなさく,https://hanasaku-group.com,〒587-0021 大阪府堺市美原区小平尾1,072-251-2222,,https://hanasaku-group.com/contact,,,,,,,,,,,合同会社はなさく,company_label,exclude,target_service_unconfirmed,,,https://hanasaku-group.com
836,836,ニンジャワークステクノロジーズ株式会社,https://ninjaworks.pro,〒527-0042 滋賀県東近江市外町5,0748-36-1736,,https://ninjaworks.pro/viewform.php,,,,,,,,,,,ニンジャワークステクノロジーズ株式会社,existing_english,exclude,target_service_unconfirmed,,,https://ninjaworks.pro
837,837,"株式会社 貿易広告社（英文社名 JAPAN OVERSEAS ADVERTISER CO.,LTD. ）",https://www.boueki-ad.co.jp,〒105-0011 東京都港区芝公園2,03-3573-5591,,https://www.boueki-ad.co.jp/contact/index.html,,,,,,,,,,,株式会社 貿易広告社,existing,exclude,target_service_unconfirmed,,,https://www.boueki-ad.co.jp
838,838,有限会社 山五 ネットショップのことなら 和歌山 SANGO,https://e-sango.jp,〒642-0032 和歌山県海南市名高5,,,,,,,,,,,,,,,,exclude,non_official_host,,,
839,839,株式会社 堂雄,https://www.nakasuji.work,〒693-0051 島根県出雲市小山町3,,,https://www.nakasuji.work/contact/index.html,,,,,,,,,,,株式会社 堂雄,existing,exclude,weak_incidental_keyword,,,https://www.nakasuji.work
840,840,有限会社ふくた,https://www.yamata.co.jp,〒680-0911 鳥取県鳥取市千代水2,0857-30-0006,,https://www.yamata.co.jp/contact/,,,,,,,,,,,有限会社ふくた,existing,exclude,target_service_unconfirmed,,,https://www.yamata.co.jp
841,841,株式会社ふくいのデジタル,https://www.fukui-digital.co.jp,〒910-8660 福井県福井市順化1,0776-37-3155,,https://www.fukui-digital.co.jp/contact,,,,,,,,,,,株式会社ふくいのデジタル,existing,exclude,target_service_unconfirmed,,,https://www.fukui-digital.co.jp
842,842,株式会社Higurashi＆Company,http://higucm.com,〒167-0032 東京都杉並区天沼3,03-6765-0044,,https://higucm.com/contact/,,,,,,,,,,,株式会社Higurashi＆Company,existing,exclude,target_service_unconfirmed,,,http://higucm.com
843,843,株式会社情報技術,https://www.ictop.jp,〒300-3261 茨城県つくば市花畑三丁目,029-864-0010,,https://www.ictop.jp/inq/,,,,,,,,,,,株式会社情報技術,existing,exclude,target_service_unconfirmed,,,https://www.ictop.jp
844,844,株式会社ザ・グンマ,https://www.thegunma.co.jp,〒370-0825 群馬県高崎市白銀町9,027-226-1462,,https://www.thegunma.co.jp#contact,,,,,,,,,,,株式会社ザ・グンマ,existing,exclude,target_service_unconfirmed,,,https://www.thegunma.co.jp
845,845,CDPフロンティア株式会社,https://www.cdpjp.com,〒321-0942 栃木県宇都宮市峰2,,,https://www.cdpjp.com/inquiry/,,,,,,,,,,,CDPフロンティア株式会社,existing_english,exclude,target_service_unconfirmed,,,https://www.cdpjp.com
846,846,内海産業株式会社,https://utsumi-sp.co.jp,〒105-0004 東京都港区新橋2,03-5512-1200,,https://utsumi-sp.co.jp/contact/,,,,,,,,,,,内海産業株式会社,existing_english,exclude,target_service_unconfirmed,,,https://utsumi-sp.co.jp
847,847,COMPRIME inc.,https://ds.comprime.co.jp,〒542-0081 大阪府大阪市中央区南船場2,03-6821-5823,,https://ds.comprime.co.jp#contact,,,,,,,,,,,COMPRIME inc,existing_english,exclude,target_service_unconfirmed,,,https://ds.comprime.co.jp
848,848,株式会社日立公共システム,https://www.hitachi-sis.co.jp,〒135-8633 東京都江東区東陽二丁目,03-5632-1338,,https://www.hitachi-sis.co.jp/contactus/index.html,,,,,,,,,,,株式会社日立公共システム,existing,exclude,target_service_unconfirmed,,,https://www.hitachi-sis.co.jp
849,849,株式会社川和,https://www.kawawa-web.com,〒270-0121 千葉県流山市西初石3,04-7153-1111,,https://www.kawawa-web.com/contact/,,,,,,,,,,,株式会社川和,existing,exclude,target_service_unconfirmed,,,https://www.kawawa-web.com
850,850,株式会社システムライフ,https://www.syslife.co.jp,〒810-0071 福岡県福岡市中央区那の津3,092-771-5176,,https://www.syslife.co.jp/contact,,,,,,,,,,,株式会社システムライフ,company_label,exclude,target_service_unconfirmed,,,https://www.syslife.co.jp
851,851,CES Industrial 株式会社,https://ces-ind.com,〒433-8125 静岡県浜松市中央区和合町3,,,https://ces-ind.com/contact/,,,,,,,,,,,CES Industrial 株式会社,existing_english,exclude,target_service_unconfirmed,,,https://ces-ind.com
852,852,株式会社Center Flow,https://www.center-flow.co.jp,〒460-0003 愛知県 名古屋市中区 錦1,052-203-1850,,https://www.center-flow.co.jp/contact/,,,,,,,,,,,株式会社Center,existing,exclude,target_service_unconfirmed,,,https://www.center-flow.co.jp
853,853,"株式会社 NEXT ARROW （英語表記：NEXT ARROW Co.,Ltd.）",https://nextarrow.co.jp,〒444-0011 愛知県岡崎市欠町三田田北通2,0564-79-1474,,https://nextarrow.co.jp/contact.html,,,,,,,,,,,株式会社 NEXT,existing,exclude,target_service_unconfirmed,,,https://nextarrow.co.jp
854,854,名古屋ダイヤモンドドルフィンズ株式会社,https://nagoya-dolphins.jp,〒444-0806 愛知県岡崎市緑丘3,052-712-3059,,https://nagoya-dolphins.jp/inquiry/ndd/,,,,,,,,,,,名古屋ダイヤモンドドルフィンズ株式会社,existing_english,exclude,target_service_unconfirmed,,,https://nagoya-dolphins.jp
855,855,2021 Design Lab Inc.,https://www.designlab.co.jp,〒501-6023 岐阜県各務原市川島小綱町2,0586-89-4341,,https://www.designlab.co.jp/training/contact/,,,,,,,,,,,Design Lab Inc,existing_english,exclude,target_service_unconfirmed,,,https://www.designlab.co.jp
856,856,株式会社 Slay it,https://www.slay-it.jp,〒502-0929 岐阜県岐阜市則武東３,,,https://www.slay-it.jp/contact.html,,,,,,,,,,,株式会社 Slay,existing,exclude,target_service_unconfirmed,,,https://www.slay-it.jp
857,857,三重テレビエンタープライズ株式会社,https://mietventerprise.com,〒514-0063 三重県津市渋見町小谷6,059-223-3363,,,,,,,,,,,,,三重テレビエンタープライズ株式会社,existing_english,exclude,target_service_unconfirmed,,,https://mietventerprise.com
858,858,片岡メディアデザイン株式会社,https://otsum10.com,〒900-0004 沖縄県那覇市銘苅2,075-451-1010,,https://otsum10.com/contact-us/,,,,,,,,,,,片岡メディアデザイン株式会社,existing_english,exclude,direct_meo_competitor,,,https://otsum10.com
859,859,株式会社アステム,https://www.astem-co.co.jp,〒578-0911 大阪府東大阪市中新開1,06-6242-6681,,https://www.astem-co.co.jp/employment/#contact,,,,,,,,,,,株式会社アステム,company_jsonld,exclude,target_service_unconfirmed,,,https://www.astem-co.co.jp
860,860,株式会社En Design,https://endesign-group.jp,〒671-0253 兵庫県姫路市花田町一本松9,,,https://endesign-group.jp/contact/,,,,,,,,,,,株式会社En,existing,exclude,target_service_unconfirmed,,,https://endesign-group.jp
861,861,Terra Charge 株式会社,https://terra-charge.co.jp,〒108-0074 東京都港区高輪2,,,https://terra-charge.co.jp/contact-other,,,,,,,,,,,Terra Charge 株式会社,existing_english,exclude,target_service_unconfirmed,,,https://terra-charge.co.jp
862,862,株式会社リゾーム,https://www.rhizome-e.com,〒701-0165 岡山県岡山市北区大内田6,03-3523-1128,,https://www.rhizome-e.com/contact.html,,,,,,,,,,,株式会社リゾーム,existing,exclude,target_service_unconfirmed,,,https://www.rhizome-e.com
863,863,株式会社EPG,https://epark.mbtn.jp,〒174-0063 東京都板橋区前野町6,,,https://epark.mbtn.jp/contact_individual,,,,,,,,,,,株式会社EPARK,company_jsonld,exclude,target_service_unconfirmed,,,https://epark.co.jp
864,864,国分グループ本社株式会社 公式サイト,https://www.kokubu.co.jp,〒103-8241 東京都中央区日本橋1,03-3276-4000,,https://www.kokubu.co.jp/contact/faq/,,,,,,,,,,,株式会社 公式サイト,existing,exclude,target_service_unconfirmed,,,https://www.kokubu.co.jp
865,865,キョウリツネット株式会社,https://www.rico-web.net,〒164-8787 東京都中野区東中野4,070-5368-8884,,https://www.rico-web.net/contact/index.html,,,,,,,,,,,キョウリツネット株式会社,existing_english,exclude,target_service_unconfirmed,,,https://www.rico-web.net
866,866,"VITAL-NET, Inc. ALL RIGHTS RESERVED.",https://www.vitalnet.jp,〒980-8581 宮城県仙台市青葉区大手町1,022-266-4511,,https://www.vitalnet.jp/contact/,,,,,,,,,,,株式会社バイタルネット,company_label,exclude,target_service_unconfirmed,,,https://www.vitalnet.jp
867,867,株式会社サンウェイ,https://liserju-wedding.com,〒023-0891 岩手県奥州市水沢内匠田5,,,https://liserju-wedding.com/contact/,,,,,,,,,,,株式会社サンウェイ,existing,exclude,target_service_unconfirmed,,,https://liserju-wedding.com
868,868,2026 株式会社ヤマザワ薬品 All rights reserved.,https://www.yamazawa-drg.co.jp,〒990-0025 山形県山形市あこや町3,023-632-3366,,https://www.yamazawa-drg.co.jp/contact/,,,,,,,,,,,株式会社ヤマザワ薬品,company_label,exclude,target_service_unconfirmed,,,https://www.yamazawa-drg.co.jp
869,869,ジャンボフーズ株式会社,http://ec.jumbo-f.jp,〒578-0958 大阪府東大阪市新庄南6,06-6747-1050,,http://ec.jumbo-f.jp/,,,,,,,,,,,ジャンボフーズ株式会社,existing_english,exclude,target_service_unconfirmed,,,http://ec.jumbo-f.jp
870,870,株式会社医療分析センター,https://vetsupport.jp,〒262-0033 千葉県千葉市花見川区幕張本郷1,043-216-3021,,https://vetsupport.jp/contact_property/,,,,,,,,,,,株式会社医療分析センター,existing,exclude,target_service_unconfirmed,,,https://vetsupport.jp
871,871,"クオン株式会社 QON Co., Ltd.",https://www.q-o-n.com,〒108-0073 東京都港区三田2,,,https://www.q-o-n.com/contact/service.html,,,,,,,,,,,株式会社 QON,existing,exclude,target_service_unconfirmed,,,https://www.q-o-n.com
872,872,"ＩＮＳＩＧＨＴ ＬＡＢ, Inc.",https://insight-lab.co.jp,〒163-0533 東京都新宿区西新宿1,,,https://insight-lab.co.jp/contact/,,,,,,,,,,,ＩＮＳＩＧＨＴ ＬＡＢ株式会社（証券コード：227A） ＩＮＳＩＧＨＴ ＬＡＢ，Ｉｎｃ．,company_label,exclude,target_service_unconfirmed,,,https://insight-lab.co.jp
873,873,サン・エム・システム株式会社,https://www.sun-m.co.jp,〒100-0011 東京都千代田区内幸町1,03-5847-8356,,https://www.sun-m.co.jp/contact/index.html,,,,,,,,,,,サン・エム・システム株式会社,existing_english,exclude,target_service_unconfirmed,,,https://www.sun-m.co.jp
874,874,合同会社 IWan アイズドッグ All rights reserved.,https://www.iwan-is-dog.com,〒490-1134 愛知県海部郡大治町東條砂島9,,,https://www.iwan-is-dog.com/entry.html,,,,,,,,,,,合同会社 IWan,existing,exclude,target_service_unconfirmed,,,https://www.iwan-is-dog.com
875,875,株式会社オレンジライフ,https://funeral.orange-life.co.jp,〒643-0031 和歌山県有田郡有田川町野田１,0120-14-4241,,https://funeral.orange-life.co.jp/contact/,,,,,,,,,,,株式会社オレンジライフ,company_label,exclude,target_service_unconfirmed,,,https://funeral.orange-life.co.jp
876,876,2026 大阪府大阪市の介護施設なら株式会社CONNECT ALL RIGHTS RESERVED.,https://fukusi-syoukai.com,〒543-0001 大阪府大阪市天王寺区上本町１,050-5526-7536,,https://fukusi-syoukai.com/fukushijigyo/contact-jigyosya/,,,,,,,,,,,株式会社CONNECT,existing,exclude,target_service_unconfirmed,,,https://fukusi-syoukai.com
877,877,"有限会社クリスティ [Christy Co., Ltd.] http:",http://www.hplab.net,〒959-2635 新潟県胎内市つつじが丘下3,0254-43-5830,,http://www.hplab.net/contact/,,,,,,,,,,,有限会社クリスティ,existing,exclude,target_service_unconfirmed,,,http://www.hplab.net
878,878,株式会社ユニフロー,https://www.uniflow.co.jp,〒141-0031 東京都品川区西五反田2,,,https://www.uniflow.co.jp/about/performance/,,,,,,,,,,,株式会社ユニフロー,existing,exclude,target_service_unconfirmed,,,https://www.uniflow.co.jp
879,879,株式会社理経,https://www.nw-system.co.jp,〒160-0023 東京都新宿区西新宿三丁目,03-3345-2180,,,,,,,,,,,,,株式会社ネットウエルシステム,company_label,exclude,target_service_unconfirmed,,,https://www.nw-system.co.jp
880,880,awoo株式会社,https://www.awoo.ai,〒150-0043 東京都渋谷区道玄坂一丁目,,,https://www.awoo.ai/zh-hant/contact/,,,,,,,,,,,awoo株式会社,existing_english,exclude,target_service_unconfirmed,,,https://www.awoo.ai
881,881,株式会社シンク情報システム,https://www.syncinfo.co.jp,〒400-0811 山梨県甲府市川田町 アリア1,055-220-6361,,https://www.syncinfo.co.jp/contact,,,,,,,,,,,株式会社シンク情報システム,company_jsonld,exclude,target_service_unconfirmed,,,https://www.syncinfo.co.jp
882,882,"BusinessBankGroup,inc All Rights Reserved",https://bbank.jp,〒420-0857 静岡県静岡市葵区御幸町６,03-6913-0220,,https://bbank.jp/contact/,,,,,,,,,,,"BusinessBankGroup,inc",existing_english,exclude,weak_incidental_keyword,,,https://bbank.jp
883,883,IRIE LIFE株式会社,https://irie-life.co.jp,〒264-0026 千葉県千葉市若葉区西都郭4,043-356-0191,,https://irie-life.co.jp/contact.html,,,,,,,,,,,IRIE LIFE株式会社,existing_english,exclude,target_service_unconfirmed,,,https://irie-life.co.jp
884,884,株式会社シルバーアイ All Rights Reserved.,https://www.silver-i.co.jp,〒540-0026 大阪府大阪市中央区内本町2,045-474-1451,,https://www.silver-i.co.jp/contact/,,,,,,,,,,,株式会社シルバーアイ,existing,exclude,target_service_unconfirmed,,,https://www.silver-i.co.jp
885,885,株式会社INFORICH,https://inforich.net,〒150-0001 東京都渋谷区神宮前5,,,https://inforich.net/contact-form,,,,,,,,,,,株式会社INFORICH,company_label,exclude,target_service_unconfirmed,,,https://inforich.net
886,886,株式会社WOWOWコミュニケーションズ,https://www.wowcom.co.jp,〒220-8080 神奈川県横浜市西区みなとみらい4,0120-808-434,,https://www.wowcom.co.jp/casestudy/index.html#contactcenter,,,,,,,,,,,株式会社WOWOWコミュニケーションズ,existing,exclude,target_service_unconfirmed,,,https://www.wowcom.co.jp
887,887,株式会社Ikumi .Tech,https://ikumi-tech.jp,〒158-0083 東京都世田谷区奥沢5,,,https://ikumi-tech.jp/contact/?path=header_top,,,,,,,,,,,株式会社Ikumi,existing,exclude,target_service_unconfirmed,,,https://ikumi-tech.jp
888,888,株式会社中小企業サポートネットワーク,https://www.smallsun.jp,〒170-0013 東京都豊島区東池袋2,03-5960-0227,,https://www.smallsun.jp/contact/,,,,,,,,,,,株式会社中小企業サポートネットワーク,company_label,exclude,target_service_unconfirmed,,,https://www.smallsun.jp
889,889,全日本食品株式会社,https://www.zchain.co.jp,〒121-0836 東京都足立区入谷6,03-5691-2111,,https://www.zchain.co.jp/contact/index.html,,,,,,,,,,,全日本食品株式会社,existing_english,exclude,target_service_unconfirmed,,,https://www.zchain.co.jp
890,890,株式会社キャラウィット,https://carawit.co.jp,〒231-0023 神奈川県横浜市中区山下町2,045-227-6307,,https://carawit.co.jp/%e3%81%8a%e5%95%8f%e3%81%84%e5%90%88%e3%82%8f%e3%81%9b/,,,,,,,,,,,株式会社キャラウィット,company_label,exclude,target_service_unconfirmed,,,https://carawit.co.jp
891,891,マルゼン工業株式会社,https://www.maruzen-kitchen.co.jp,〒110-0003 東京都台東区根岸二丁目,0470-55-1571,,https://www.maruzen-kitchen.co.jp/sp/contact-after.html,,,,,,,,,,,マルゼン工業株式会社,existing_english,exclude,target_service_unconfirmed,,,https://www.maruzen-kitchen.co.jp
892,892,著者：株式会社イプロス 制作グループ,https://marketing.ipros.jp,〒105-0022 東京都港区海岸1,,,https://marketing.ipros.jp/inquiry-ipros-event/,,,,,,,,,,,株式会社イプロス,existing,exclude,target_service_unconfirmed,,,https://marketing.ipros.jp
893,893,木村産業株式会社 本社所在地 富山県砺波市庄川町金屋2062番地,https://gosei-ai.jp,〒932-0305 富山県砺波市庄川町金屋2,0766-21-3417,,https://gosei-ai.jp/contact/,,,,,,,,,,,木村産業株式会社 本社所在地 富山県砺波市庄川町金屋2062番地,existing_english,exclude,target_service_unconfirmed,,,https://gosei-ai.jp
894,894,株式会社アステージの地域貢献サービス,https://www.astageinc.co.jp,〒101-0047 東京都千代田区内神田1,0120-953-106,,https://www.astageinc.co.jp/contact-kanto/,,,,,,,,,,,株式会社アステージ,company_label,exclude,target_service_unconfirmed,,,https://www.astageinc.co.jp
895,895,株式会社DEVELOP,https://dvlp.co.jp,〒460-0008 愛知県名古屋市中区栄3,052-618-7474,,https://dvlp.co.jp#contact,,,,,,,,,,,株式会社DEVELOP,existing,exclude,target_service_unconfirmed,,,https://dvlp.co.jp
896,896,株式会社高等教育総合研究所,https://www.kosoken.jp,〒102-0083 東京都千代田区麹町3,03-5214-0524,,https://www.kosoken.jp/service#consulting,,,,,,,,,,,株式会社高等教育総合研究所,company_label,exclude,weak_incidental_keyword,,,https://www.kosoken.jp
897,897,株式会社アイケーディ 採用サイト,https://recruit-ikd.com,〒514-0006 三重県津市広明町1,059-225-7117,,,,,,,,,,,,,株式会社アイケーディ,existing,exclude,target_service_unconfirmed,,,https://recruit-ikd.com
898,898,"株式会社アーツ arts co,.ltd.",https://www.arts-net.co.jp,〒564-0062 大阪府吹田市垂水町3,06-6368-7706,,https://www.arts-net.co.jp/page/site/contact.html,,,,,,,,,,,株式会社アーツ,existing,exclude,target_service_unconfirmed,,,https://www.arts-net.co.jp
899,899,株式会社マルチトラック ※2021年8月より運営者が変わりました,https://www.kenshudo.net,〒145-0064 東京都大田区上池台3,03-6261-0773,,https://www.kenshudo.net/contact/,,,,,,,,,,,株式会社マルチトラック,company_label,exclude,target_service_unconfirmed,,,https://www.kenshudo.net
900,900,有限会社ジングル,https://jingledesign.jp,〒644-0002 和歌山県御坊市薗3,0738-24-2211,,https://jingledesign.jp/contact/,,,,,,,,,,,有限会社ジングル,company_label,exclude,target_service_unconfirmed,,,https://jingledesign.jp
901,901,株式会社JDN,https://www.tanseisha.co.jp,〒108-8220 東京都港区港南1,03-6455-8103,,https://www.tanseisha.co.jp/contact/,,,,,,,,,,,株式会社JDN,existing,exclude,weak_incidental_keyword,,,https://www.tanseisha.co.jp
902,902,株式会社ウェイストボックス,https://wastebox.net,〒461-0005 愛知県名古屋市東区東桜1,052-265-5902,,https://wastebox.net/contact/,,,,,,,,,,,株式会社ウェイストボックス,existing,exclude,target_service_unconfirmed,,,https://wastebox.net
903,903,株式会社 GARDEN（ガーデン）,https://www.gardenw.net,〒060-0002 北海道札幌市中央区北2,011-577-2465,,https://www.gardenw.net/contact.html,,,,,,,,,,,株式会社 GARDEN,existing,exclude,target_service_unconfirmed,,,https://www.gardenw.net
904,904,2022 TUKIYOMI Inc.,https://tukiyomi-beauty.com,〒150-6018 東京都渋谷区恵比寿4,03-5789-5391,,https://tukiyomi-beauty.com/contact/,,,,,,,,,,,TUKIYOMI Inc,existing_english,exclude,target_service_unconfirmed,,,https://tukiyomi-beauty.com
905,905,"Lancers,Inc.",https://www.lancers.co.jp,〒150-0002 東京都渋谷区渋谷3,,,https://www.lancers.co.jp/contact/,,,,,,,,,,,"Lancers,Inc",existing_english,exclude,target_service_unconfirmed,,,https://www.lancers.co.jp
906,906,株式会社多治見中日サービスセンター内,https://myttline.jp,〒507-0023 岐阜県多治見市小田町1,0572-25-5000,,https://myttline.jp/archives/8913,,,,,,,,,,,株式会社多治見中日サービスセンター内,existing,exclude,target_service_unconfirmed,,,https://myttline.jp
907,907,TAKEC INC.,https://webru55.com,〒861-8038 熊本県熊本市東区長嶺東1,096-200-8603,,https://webru55.com/contact/,,,,,,,,,,,TAKEC INC,existing_english,exclude,direct_meo_competitor,,,https://webru55.com
908,908,2026 TOGL inc.,https://togl.co.jp,〒661-0043 兵庫県尼崎市武庫元町1,,,https://togl.co.jp/contact/,,,,,,,,,,,株式会社TOGL,company_label,exclude,target_service_unconfirmed,,,https://togl.co.jp
909,909,Vectorview合同会社,https://www.vectorview.net,〒590-0028 大阪府堺市堺区三国ケ丘御幸通１,050-3690-3117,,https://www.vectorview.net/dx_service/inquiry_management/,,,,,,,,,,,Vectorview合同会社,existing_english,exclude,target_service_unconfirmed,,,https://www.vectorview.net
910,910,株式会社IT武装コンサルティング,https://www.itmc.jp,〒870-1214 大分県大分市大字太田3,050-3152-9723,,https://www.itmc.jp/contact/ask,,,,,,,,,,,株式会社ＩＴ武装コンサルティング,company_label,exclude,target_service_unconfirmed,,,https://www.itmc.jp
911,911,株式会社ロジセンス LOGISENSE Inc.,https://logisense.co.jp,〒516-0007 三重県伊勢市小木町1,0596-65-7545,,https://logisense.co.jp/contact,,,,,,,,,,,株式会社ロジセンス,existing,exclude,target_service_unconfirmed,,,https://logisense.co.jp
912,912,株式会社 RISE ATHLETE,https://www.rise-athlete.co.jp,〒541-0059 大阪府大阪市中央区博労町1,,,https://www.rise-athlete.co.jp/contact/,,,,,,,,,,,株式会社 RISE,company_label,exclude,duplicate_company_name,Web制作・クリエイティブ,Webサイト制作 / 動画制作,https://www.rise-athlete.co.jp
913,913,RSM汐留パートナーズ株式会社,https://shiodome.co.jp,〒085-0015 北海道釧路市北大通3,,,https://shiodome.co.jp/contact-us/,,,,,,,,,,,RSM汐留パートナーズ株式会社,existing_english,exclude,target_service_unconfirmed,,,https://shiodome.co.jp
914,914,株式会社エスプリ 会社概要,https://info.esprit.co.jp,〒494-0004 愛知県一宮市北今字再鳥一3,050-3612-7860,,,,,,,,,,,,,株式会社エスプリ,existing,exclude,target_service_unconfirmed,,,https://info.esprit.co.jp
915,915,株式会社 街づくり岩国,https://machi-iwk.jp,〒740-0018 山口県岩国市麻里布町2,0827-28-6565,,https://machi-iwk.jp/contact,,,,,,,,,,,株式会社 街づくり岩国,company_jsonld,exclude,target_service_unconfirmed,,,https://machi-iwk.jp
916,916,株式会社グリームオーブ,https://www.gleamorb.co.jp,〒141-0031 東京都品川区西五反田2,,,https://www.gleamorb.co.jp/form/contact,,,,,,,,,,,株式会社グリームオーブ,existing,exclude,target_service_unconfirmed,,,https://www.gleamorb.co.jp
917,917,運営受託者 : 合同会社デロイト トーマツ,https://tama-innovation-ecosystem.jp,〒100-8360 東京都千代田区丸の内3,03-6213-1251,,https://tama-innovation-ecosystem.jp/contact,,,,,,,,,,,合同会社デロイト,existing,exclude,target_service_unconfirmed,,,https://tama-innovation-ecosystem.jp
918,918,中部薬品株式会社,https://vdrug-vision.com,〒507-0078 岐阜県多治見市高根町4,0561-56-7782,,,,,,,,,,,,,中部薬品株式会社,existing_english,exclude,target_service_unconfirmed,,,https://vdrug-vision.com
919,919,ウェルビンマーケティング株式会社,http://wellbin-m.co.jp,〒359-0021 埼玉県所沢市東所沢2,04-2937-6405,,http://wellbin-m.co.jp/contact/,,,,,,,,,,,ウェルビンマーケティング株式会社,existing_english,exclude,target_service_unconfirmed,,,http://wellbin-m.co.jp
920,920,株式会社ハートクリエイト,https://www.monokuma.net,〒360-0024 埼玉県熊谷市問屋町2,048-532-5671,,https://www.monokuma.net/contact/,,,,,,,,,,,株式会社ハートクリエイト,existing,exclude,target_service_unconfirmed,,,https://www.monokuma.net
921,921,株式会社タカネザワナイソウ工業,https://www.tnk-inc.com,〒270-0132 千葉県流山市駒木5,047-128-4470,,https://www.tnk-inc.com/contact,,,,,,,,,,,株式会社タカネザワナイソウ工業,existing,exclude,target_service_unconfirmed,,,https://www.tnk-inc.com
922,922,株式会社FOOD FIELD CREATIVE,https://ffcnippon.com,〒112-0001 東京都文京区白山4,,,https://ffcnippon.com/contact/,,,,,,,,,,,株式会社FOOD,root_jsonld,exclude,target_service_unconfirmed,,,https://ffcnippon.com
923,923,株式会社 吉村,https://www.yoshimura-pack.co.jp,〒142-0041 東京都品川区戸越4,03-3788-6118,,https://www.yoshimura-pack.co.jp/contact/,,,,,,,,,,,株式会社吉村,company_label,exclude,target_service_unconfirmed,,,https://www.yoshimura-pack.co.jp
924,924,株式会社 アイル https:,https://aladdin-office.com,〒530-0011 大阪府大阪市北区大深町3,0120-356-932,,https://aladdin-office.com/contact/inquiry,,,,,,,,,,,株式会社 アイル,existing,exclude,target_service_unconfirmed,,,https://aladdin-office.com
925,925,"SATORI,Inc. All Rights reserved.",https://satori.marketing,〒150-0001 東京都渋谷区神宮前6,03-6455-0500,,https://satori.marketing/inquiry/,,,,,,,,,,,"SATORI,Inc",existing_english,exclude,target_service_unconfirmed,,,https://satori.marketing
926,926,鳥取県倉吉市 運送・観光・イベント 流通株式会社,https://ryu-tsu.jp,〒682-0801 鳥取県倉吉市巌城9,0120-22-1211,,https://ryu-tsu.jp/contact/,,,,,,,,,,,鳥取県倉吉市 運送・観光・イベント 流通株式会社,existing_english,exclude,target_service_unconfirmed,,,https://ryu-tsu.jp
927,927,株式会社リトルワールド,https://gourmetpress.net,〒150-0013 東京都渋谷区恵比寿2,,,https://gourmetpress.net/contact/,,,,,,,,,,,株式会社リトルワールド,existing,exclude,target_service_unconfirmed,,,https://gourmetpress.net
928,928,Co-graph Inc. All rights reserved.,https://www.co-graph.com,〒141-0001 東京都品川区北品川5,050-3185-3680,,,,,,,,,,,,,Co-graph Inc,existing_english,exclude,target_service_unconfirmed,,,https://www.co-graph.com
929,929,2024 合同会社フードプラス,https://food-plus.jp,〒350-1304 埼玉県狭山市,04-2956-9807,,https://food-plus.jp/contact/,,,,,,,,,,,合同会社フードプラス,company_jsonld,exclude,target_service_unconfirmed,,,https://food-plus.jp
930,930,sankyodoコンサルティング株式会社,https://tax-startup.jp,〒192-0081 東京都八王子市横山町9,03-3572-5831,,,,,,,,,,,,,sankyodoコンサルティング株式会社,existing_english,exclude,target_service_unconfirmed,,,https://tax-startup.jp
931,931,株式会社レポハピ​,https://www.repohappy.co.jp,〒530-0004 大阪府大阪市北区堂島浜 1,,,https://www.repohappy.co.jp/req/,,,,,,,,,,,株式会社レポハピ,company_label,exclude,target_service_unconfirmed,,,https://www.repohappy.co.jp
932,932,株式会社セレス,https://ceres-inc.jp,〒150-6221 東京都渋谷区桜丘町1,,,https://ceres-inc.jp/index/inquiry-contents/,,,,,,,,,,,株式会社セレス,company_label,exclude,target_service_unconfirmed,,,https://ceres-inc.jp
933,933,株式会社NKインターナショナル,https://nkinter.co.jp,〒080-0803 北海道帯広市東3,0155-27-6888,,https://nkinter.co.jp/contact/,,,,,,,,,,,株式会社NKインターナショナル,root_jsonld,exclude,target_service_unconfirmed,,,https://nkinter.co.jp
934,934,株式会社Officeフロンティア,https://officefrontier.net,〒312-0036 茨城県ひたちなか市津田東３,,,https://officefrontier.net/#contact,,,,,,,,,,,株式会社Officeフロンティア,existing,exclude,target_service_unconfirmed,,,https://officefrontier.net
935,935,株式会社インストアマーケティング,https://ism-corp.jp,〒135-0016 東京都江東区東陽７,0586-51-1380,,https://ism-corp.jp/form/,,,,,,,,,,,株式会社インストアマーケティング,company_label,exclude,target_service_unconfirmed,,,https://ism-corp.jp
936,936,有限会社並木保険企画,https://namikihoken.com,〒306-0113 茨城県古河市谷貝6,0280-78-0738,,https://namikihoken.com/contact,,,,,,,,,,,有限会社並木保険企画,existing,exclude,primary_industry_mismatch,,,https://namikihoken.com
937,937,株式会社M2O エムツーオー,https://mx2o.com,〒206-0033 東京都多摩市落合1,,,https://mx2o.com/itconsulting/,,,,,,,,,,,株式会社M2O,company_jsonld,exclude,target_service_unconfirmed,,,https://mx2o.com
938,938,株式会社マサキ,https://masaki-adsolution.com,〒292-0801 千葉県木更津市請西2,0438-37-1861,,https://masaki-adsolution.com/info/,,,,,,,,,,,株式会社マサキ,existing,exclude,target_service_unconfirmed,,,https://masaki-adsolution.com
939,939,エーアンドティー・プロモーションズ有限会社,https://at-p.co.jp,〒286-0118 千葉県成田市本三里塚本町1,0476-40-4755,,https://at-p.co.jp/contact,,,,,,,,,,,エーアンドティー・プロモーションズ有限会社,existing_english,exclude,target_service_unconfirmed,,,https://at-p.co.jp
940,940,2022 © 株式会社やまき,https://www.k-yamaki.jp,〒107-0052 東京都港区赤坂1,03-3401-1614,,https://www.k-yamaki.jp/contact?form=9,,,,,,,,,,,株式会社やまき,company_label,exclude,target_service_unconfirmed,,,https://www.k-yamaki.jp
941,941,アイキャンディ株式会社,https://eye-candy.co.jp,〒193-0832 東京都八王子市散田町4,042-664-8347,,https://eye-candy.co.jp/contact#minute,,,,,,,,,,,アイキャンディ株式会社,existing_english,exclude,target_service_unconfirmed,,,https://eye-candy.co.jp
942,942,株式会社プロネート,https://www.pronate.co.jp,〒174-0063 東京都板橋区前野町2,03-5392-7221,,https://www.pronate.co.jp/pages/contact,,,,,,,,,,,株式会社プロネート,existing,exclude,weak_incidental_keyword,,,https://www.pronate.co.jp
943,943,株式会社マネジメントブレーン 武蔵野地域の経営・創業支援,https://www.mb-brain.com,〒180-0004 東京都武蔵野市吉祥寺本町2,0422-28-4330,,https://www.mb-brain.com/contact/,,,,,,,,,,,株式会社マネジメントブレーン,company_label,exclude,target_service_unconfirmed,,,https://www.mb-brain.com
944,944,2017- 国際旅行通信株式会社 アイテックトラベル All Rights Reserved.,https://www.aitec-group.com,〒115-0055 東京都北区赤羽西1,03-3909-3225,,https://www.aitec-group.com/contact,,,,,,,,,,,株式会社 アイテックトラベル,existing,exclude,target_service_unconfirmed,,,https://www.aitec-group.com
945,945,株式会社Office Breath,https://office-breath.com,〒180-0006 東京都武蔵野市中町2,0422-90-5847,,https://office-breath.com/contact/,,,,,,,,,,,株式会社Office,existing,exclude,target_service_unconfirmed,,,https://office-breath.com
946,946,日本アセットマーケティング株式会社,https://www.jasset.co.jp,〒134-0081 東京都江戸川区北葛西4,,,https://www.jasset.co.jp/contactus/,,,,,,,,,,,株式会社 Japan,company_label,exclude,target_service_unconfirmed,,,https://www.jasset.co.jp
947,947,小田急不動産株式会社 国土交通大臣(15)第1168号,https://www.odakyu-fudosan.co.jp,〒151-0061 東京都渋谷区初台1,,,,,,,,,,,,,,株式会社 国土交通大臣,existing,exclude,target_service_unconfirmed,,,https://www.odakyu-fudosan.co.jp
948,948,株式会社日比谷花壇 All Rights Reserved.,https://hibiya.co.jp,〒238-0316 神奈川県横須賀市長井4,,,https://hibiya.co.jp/contact/,,,,,,,,,,,株式会社 日比谷花壇,company_label,exclude,target_service_unconfirmed,,,https://hibiya.co.jp
949,949,株式会社ノートラック,https://www.notrack.jp,〒150-0013 東京都渋谷区恵比寿1,,,https://www.notrack.jp/お問合せ/,,,,,,,,,,,株式会社ノートラック,company_label,exclude,target_service_unconfirmed,,,https://www.notrack.jp
950,950,株式会社コスモ（株式会社COSMO）,https://cosmo-beauty.jp,〒815-0075 福岡県福岡市南区長丘3,092-551-1387,,https://cosmo-beauty.jp/contact/,,,,,,,,,,,株式会社コスモ,company_label,exclude,target_service_unconfirmed,,,https://cosmo-beauty.jp
951,951,株式会社北信越地域資源研究所,https://hokushinetsu-lab.jp,〒943-0861 新潟県上越市大和5,025-520-8777,,https://hokushinetsu-lab.jp/contact,,,,,,,,,,,株式会社北信越地域資源研究所,company_label,exclude,weak_incidental_keyword,,,https://hokushinetsu-lab.jp
952,952,JPコーチ&コンサルティング株式会社,https://www.jpcoah.com,〒503-0887 岐阜県大垣市郭町2,0584-71-7033,,https://www.jpcoah.com/sdgs#contact,,,,,,,,,,,JPコーチ&コンサルティング株式会社,existing_english,exclude,target_service_unconfirmed,,,https://www.jpcoah.com
953,953,Eightablish Inc.,https://8ablish.com,〒107-0062 東京都港区南青山4,,,https://8ablish.com/pages/contact,,,,,,,,,,,株式会社エイタブリッシュ,company_label,exclude,target_service_unconfirmed,,,https://8ablish.com
954,954,SUISEI Inc. All rights reserved.,https://suisei-inc.com,〒600-8823 京都府京都市下京区花屋町通櫛笥⻄入薬園町1,,,https://suisei-inc.com/contact/,,,,,,,,,,,株式会社水星,company_label,exclude,target_service_unconfirmed,,,https://suisei-inc.com
955,955,株式会社坂井建設,https://i-dear.biz,〒533-0033 大阪府大阪市東淀川区東中島１,097-597-1953,,https://i-dear.biz/ido/contact/,,,,,,,,,,,株式会社坂井建設,company_label,exclude,primary_industry_mismatch,,,https://i-dear.biz
956,956,2026 株式会社ロゼアトリエ,https://rose.recruit-beauty.jp,〒277-0855 千葉県柏市南柏1,04-7146-7353,,,,,,,,,,,,,株式会社ロゼアトリエ,existing,exclude,target_service_unconfirmed,,,https://rose.recruit-beauty.jp
957,957,"株式会社ジェイ・リンクス （英文名：J-Links Co., Ltd.） 社名の由来",https://www.jlinksjapan.com,〒107-0051 東京都港区元赤坂１,050-1720-8634,,https://www.jlinksjapan.com/otoiawase/,,,,,,,,,,,株式会社ジェイ・リンクス,company_label,exclude,target_service_unconfirmed,,,https://www.jlinksjapan.com
958,958,株式会社壱番屋,https://coorum.jp,〒141-0031 東京都品川区西五反田2,,,https://coorum.jp/partner_inquiry/,,,,,,,,,,,株式会社Asobica,company_jsonld,exclude,target_service_unconfirmed,,,https://coorum.jp
959,959,ArrowS株式会社はこちら,https://arrows88.com,〒452-0832 愛知県名古屋市西区平出町1,080-4652-8714,,https://arrows88.com#mail,,,,,,,,,,,株式会社はこちら,existing,exclude,target_service_unconfirmed,,,https://arrows88.com
960,960,株式会社アイエルシー(AiLC),https://ail-c.com,〒426-0022 静岡県藤枝市稲川6,054-641-0245,,https://ail-c.com/contact/,,,,,,,,,,,株式会社アイエルシー,existing,exclude,target_service_unconfirmed,,,https://ail-c.com
961,961,株式会社シティライフNEW,https://citylife-new.com,〒566-0001 大阪府摂津市千里丘1,06-6338-0640,,,,,,,,,,,,,株式会社シティライフNEW,company_jsonld,exclude,target_service_unconfirmed,,,https://citylife-new.com
962,962,株式会社トラスト・システム,https://www.trust-system.company,〒660-0881 兵庫県尼崎市昭和通9,06-6412-1515,,https://www.trust-system.company/contact,,,,,,,,,,,株式会社トラスト・システム,existing,exclude,target_service_unconfirmed,,,https://www.trust-system.company
963,963,八尾トーヨー住器株式会社,https://yaotfc.com,〒581-0884 大阪府八尾市恩智南町2,072-943-6881,,https://yaotfc.com/contact/estimate/,,,,,,,,,,,八尾トーヨー住器株式会社,existing_english,exclude,target_service_unconfirmed,,,https://yaotfc.com
964,964,このみち株式会社,https://taihei-kotsu.com,〒722-0073 広島県尾道市向島町2,0848-44-1600,,https://taihei-kotsu.com/inquiry/,,,,,,,,,,,このみち株式会社,existing_english,exclude,target_service_unconfirmed,,,https://taihei-kotsu.com
965,965,株式会社 Senjin Holdings,https://www.senjinholdings.co.jp,〒102-0074 東京都千代田区九段南2,03-4572-0639,,https://www.senjinholdings.co.jp/contact/,,,,,,,,,,,株式会社 Senjin,company_label,exclude,target_service_unconfirmed,,,https://www.senjinholdings.co.jp
966,966,有限会社アイサイン企画,https://aisain.jp,〒792-0874 愛媛県新居浜市長岩町2,0897-67-1377,,https://aisain.jp/contact,,,,,,,,,,,有限会社アイサイン企画,existing,exclude,target_service_unconfirmed,,,https://aisain.jp
967,967,キコット株式会社 採用サイト,https://kicoto-recruit.jp,〒792-0812 愛媛県新居浜市坂井町2,0897-35-2277,,,,,,,,,,,,,株式会社キコット,company_jsonld,exclude,target_service_unconfirmed,,,https://kicoto-recruit.jp
968,968,株式会社アーティステーション,https://artistation.co.jp,〒819-1116 福岡県糸島市前原中央2,092-331-8231,,https://artistation.co.jp/mail/,,,,,,,,,,,株式会社アーティステーション,company_jsonld,exclude,target_service_unconfirmed,,,https://artistation.co.jp
969,969,"2026 THE EAST TIMES, INC. all rights reserved.",https://the-east.jp,〒108-0073 東京都港区三田2,03-6822-3656,,https://the-east.jp/contact,,,,,,,,,,,株式会社イーストタイムズ,company_jsonld,exclude,weak_incidental_keyword,,,https://the-east.jp
970,970,有限会社イーデザインショップ,https://edesign-shop.com,〒819-1116 福岡県糸島市前原中央2,,,https://edesign-shop.com/stock/contact/,,,,,,,,,,,有限会社イーデザインショップ,company_label,exclude,target_service_unconfirmed,,,https://edesign-shop.com
971,971,株式会社梓書院,https://www.azusashoin.com,〒812-0044 福岡県福岡市博多区千代3,092-643-7075,,https://www.azusashoin.com/contact/,,,,,,,,,,,株式会社梓書院,company_label,exclude,target_service_unconfirmed,,,https://www.azusashoin.com
972,972,ジセイ広告合同会社,https://jisei-ad.com,〒882-0854 宮崎県延岡市安賀多町3,0982-40-3068,,https://jisei-ad.com/contact/,,,,,,,,,,,ジセイ広告合同会社,existing_english,exclude,target_service_unconfirmed,,,https://jisei-ad.com
973,973,Wur株式会社,https://www.kanxashi.co.jp,〒101-0051 東京都千代田区神田神保町3,03-6261-7447,,https://www.kanxashi.co.jp/form-info.php,,,,,,,,,,,株式会社かんざし,company_label,exclude,target_service_unconfirmed,,,https://www.kanxashi.co.jp
974,974,LDI株式会社,https://www.ldi.jp.net,〒903-0104 沖縄県中頭郡西原町字兼久3,,,https://www.ldi.jp.net/contact-8,,,,,,,,,,,LDI株式会社,existing_english,exclude,target_service_unconfirmed,,,https://www.ldi.jp.net
975,975,ウイングアーク１ｓｔ株式会社,https://www.wingarc.com,〒106-6235 東京都港区六本木三丁目,03-6416-5070,,https://www.wingarc.com/contact/index.html,,,,,,,,,,,ウイングアーク１ｓｔ株式会社,existing_english,exclude,target_service_unconfirmed,,,https://www.wingarc.com
976,976,株式会社TEAMZ,https://www.teamz.co.jp,〒105-0001 東京都港区虎ノ門1,,,https://www.teamz.co.jp/contact,,,,,,,,,,,株式会社TEAMZ,root_jsonld,exclude,target_service_unconfirmed,,,https://www.teamz.co.jp
977,977,2026 Cookpad Inc.,https://info.cookpad.com,〒153-0044 東京都目黒区大橋2,,,https://info.cookpad.com/faq,,,,,,,,,,,Cookpad Inc,existing_english,exclude,target_service_unconfirmed,,,https://info.cookpad.com
978,978,榊原建設株式会社は尾張地方で100年一般住宅から大型建物建設してきたプロフェッショナル企業です,https://www.sakakibara-cons.co.jp,〒491-0854 愛知県一宮市北園通２,0586-73-6831,,https://www.sakakibara-cons.co.jp/contact/,,,,,,,,,,,株式会社は尾張地方で100年一般住宅から大型建物建設してきたプロフェッショナル企,existing,exclude,target_service_unconfirmed,,,https://www.sakakibara-cons.co.jp
979,979,株式会社AD.EAST（英文商号 AD.EAST INC.）,https://www.adeast.net,〒550-0014 大阪府大阪市西区北堀江2,06-4390-4990,,https://www.adeast.net/contact/contact.html,,,,,,,,,,,株式会社AD.EAST,company_label,exclude,target_service_unconfirmed,,,https://www.adeast.net
980,980,株式会社 アールエスタイチ,https://www.rs-taichi.co.jp,〒577-0063 大阪府東大阪市川俣1,06-6785-0513,,https://www.rs-taichi.co.jp/contact/,,,,,,,,,,,株式会社 アールエスタイチ,company_label,exclude,target_service_unconfirmed,,,https://www.rs-taichi.co.jp
981,981,MIRARTHホールディングス株式会社,https://mirarth.co.jp,〒100-0005 東京都千代田区丸の内1,,,https://mirarth.co.jp/ir/contact/,,,,,,,,,,,MIRARTHホールディングス株式会社,existing_english,exclude,target_service_unconfirmed,,,https://mirarth.co.jp
982,982,関西トランスウェイ株式会社,https://kansaitransway.co.jp,〒595-0031 大阪府泉大津市我孫子1,0725-22-6111,,https://kansaitransway.co.jp/contact/,,,,,,,,,,,関西トランスウェイ株式会社,existing_english,exclude,target_service_unconfirmed,,,https://kansaitransway.co.jp
983,983,株式会社髙翔,https://takasho.net,〒659-0068 兵庫県芦屋市業平町3,0797-21-3313,,https://takasho.net/contact,,,,,,,,,,,株式会社 髙翔,company_label,exclude,target_service_unconfirmed,,,https://takasho.net
984,984,株式会社津山朝日新聞社,https://tsuyamaasahi.co.jp,〒708-0052 岡山県津山市田町1,0868-22-3135,,https://tsuyamaasahi.co.jp/inquiry/,,,,,,,,,,,株式会社津山朝日新聞社,company_label,exclude,target_service_unconfirmed,,,https://tsuyamaasahi.co.jp
985,985,2022 Blanket Inc. All Rights Reserved.,https://blan-ket.com,〒113-0033 東京都文京区本郷４,,,https://blan-ket.com/contact/,,,,,,,,,,,株式会社Blanket,company_label,exclude,weak_incidental_keyword,,,https://blan-ket.com
986,986,BRANU株式会社,https://careecon-fanmi.com,〒106-0032 東京都港区六本木6,03-5414-1822,,https://careecon-fanmi.com/contact/#other,,,,,,,,,,,BRANU株式会社,existing_english,exclude,target_service_unconfirmed,,,https://careecon-fanmi.com
987,987,株式会社ブラーボデザイン,https://bravodesign.co.jp,〒672-8014 兵庫県姫路市東山5,045-453-9077,,https://bravodesign.co.jp/contact/,,,,,,,,,,,株式会社ブラーボデザイン,company_label,exclude,target_service_unconfirmed,,,https://bravodesign.co.jp
988,988,株式会社 平和堂 2001-2026,https://www.heiwado.jp,〒522-8511 滋賀県彦根市西今1,0120-668-852,,https://www.heiwado.jp/info,,,,,,,,,,,株式会社 平和堂,existing,exclude,target_service_unconfirmed,,,https://www.heiwado.jp
989,989,株式会社ボーダーライン,https://www.borderline.jp,〒151-0061 東京都渋谷区初台1,03-4455-7691,,https://www.borderline.jp/inquiry/,,,,,,,,,,,株式会社ボーダーライン,company_label,exclude,target_service_unconfirmed,,,https://www.borderline.jp
990,990,株式会社ピコ,https://sweetandsheep.com,〒446-0066 愛知県安城市御幸本町2,0566-91-5270,,https://sweetandsheep.com/policies/contact-information,,,,,,,,,,,株式会社ピコ,existing,exclude,target_service_unconfirmed,,,https://sweetandsheep.com
991,991,採用特化のSNS運用 株式会社アップデート,https://tiktok-sns.update-up.com,〒541-0056 大阪府大阪市中央区久太郎町2,,,https://tiktok-sns.update-up.com/#contact,,,,,,,,,,,株式会社アップデート,existing,exclude,duplicate_company_name,SNS運用・SNS広告,SNS運用 / SNS広告,https://tiktok-sns.update-up.com
992,992,プルバンフードサービス株式会社,https://pulban.co.jp,〒661-0001 兵庫県尼崎市塚口本町4,06-6421-4649,,https://pulban.co.jp/contact,,,,,,,,,,,プルバンフードサービス株式会社,existing_english,exclude,target_service_unconfirmed,,,https://pulban.co.jp
993,993,南紀みらい株式会社（第三セクター会社）,https://nanki-mirai.jp,〒646-0031 和歌山県田辺市湊4,0739-25-8230,,,,,,,,,,,,,南紀みらい株式会社（第三セクター会社,existing_english,exclude,target_service_unconfirmed,,,https://nanki-mirai.jp
994,994,TOMONARI株式会社,https://tn-kk.co.jp,〒683-0041 鳥取県米子市茶町4,0859-30-4988,,https://tn-kk.co.jp/publics/index/83/,,,,,,,,,,,TOMONARI株式会社,existing_english,exclude,target_service_unconfirmed,,,https://tn-kk.co.jp
995,995,株式会社バイウィル,https://www.bywill.co.jp,〒104-0061 東京都中央区銀座7,03-6262-3584,,https://www.bywill.co.jp/contact,,,,,,,,,,,株式会社バイウィル,company_label,exclude,weak_incidental_keyword,,,https://www.bywill.co.jp
996,996,"TSS-TV CO., LTD. × TSS PRODUCTION .INC × TSS Software Co., Ltd.",https://jimokan.tss-tv.co.jp,〒722-0045 広島県尾道市久保1,,,https://jimokan.tss-tv.co.jp/encyclopedia/106,,,,,,,,,,,"TSS-TV CO., LTD. × TSS PRODUCTION .INC × TSS Software Co., Ltd",existing_english,exclude,target_service_unconfirmed,,,https://jimokan.tss-tv.co.jp
997,997,(C)2018 河西建設株式会社 All rights reserved,https://www.kawaken.biz,〒090-0066 北海道北見市花月町6,0157-61-3101,,https://www.kawaken.biz/contact/,,,,,,,,,,,2018 河西建設株式会社,existing_english,exclude,target_service_unconfirmed,,,https://www.kawaken.biz
998,998,日本物流開発株式会社,https://jl-d.co.jp,〒335-0026 埼玉県戸田市新曽南4,048-499-8800,,https://jl-d.co.jp/#top-contact,,,,,,,,,,,日本物流開発株式会社,existing_english,exclude,target_service_unconfirmed,,,https://jl-d.co.jp
999,999,ジーレックスジャパン株式会社,http://www.g-rexjapan.co.jp,〒290-0056 千葉県市原市五井2,0436-63-3015,,http://www.g-rexjapan.co.jp/omoikaneproject/contact/,,,,,,,,,,,ジーレックスジャパン株式会社,existing_english,exclude,target_service_unconfirmed,,,http://www.g-rexjapan.co.jp
1000,1000,株式会社スタートライン,https://startline-inc.jp,〒450-0002 愛知県名古屋市中村区名駅2,052-700-1445,,,,,,,,,,,,,株式会社スタートライン,company_label,exclude,target_service_unconfirmed,,,https://startline-inc.jp
1001,1001,アクトシステムズ株式会社,https://act-systems.biz,〒525-8577 滋賀県草津市野路東一丁目,077-584-4830,,https://act-systems.biz/contact/,,,,,,,,,,,アクトシステムズ株式会社,existing_english,exclude,target_service_unconfirmed,,,https://act-systems.biz
1002,1002,株式会社エヌ・エル・エヌ,https://nln.co.jp,〒163-0708 東京都新宿区西新宿2,03-5909-8866,,https://nln.co.jp/contact/,,,,,,,,,,,株式会社エヌ・エル・エヌ,company_label,exclude,target_service_unconfirmed,,,https://nln.co.jp
1003,1003,株式会社 新創社 All Rights Reserved.,https://www.shinsousha.jp,〒162-0811 東京都新宿区水道町4,075-468-1015,,https://www.shinsousha.jp/contact/,,,,,,,,,,,株式会社 新創社,company_label,exclude,target_service_unconfirmed,,,https://www.shinsousha.jp
1004,1004,2022 All rights reserved. ©ORIGINAL Inc.,https://becreative.jp,〒770-0856 徳島県徳島市中洲町3,088-655-4711,,https://becreative.jp/contact/,,,,,,,,,,,株式会社オリジナル,company_label,exclude,target_service_unconfirmed,,,https://becreative.jp
1005,1005,株式会社エムアイビーテレビ,https://mibtv.jp,〒880-0014 宮崎県宮崎市鶴島1,0985-35-7440,,https://mibtv.jp/contact/,,,,,,,,,,,株式会社エムアイビーテレビ,company_label,exclude,target_service_unconfirmed,,,https://mibtv.jp
1006,1006,株式会社 HUBCOM,https://hubcom.co.jp,〒150-0012 東京都渋谷区広尾5,,,,,,,,,,,,,,株式会社 HUBCOM,existing,exclude,target_service_unconfirmed,,,https://hubcom.co.jp
1007,1007,アーツアンドクラフツ株式会社,https://www.arts-crafts.co.jp,〒150-0012 東京都渋谷区広尾1,,,https://www.arts-crafts.co.jp/contact/,,,,,,,,,,,株式会社 Arts,company_label,exclude,target_service_unconfirmed,,,https://www.arts-crafts.co.jp
1008,1008,株式会社アズアリンク,https://asalink.co.jp,〒601-8045 京都府京都市南区東九条西明田町3,075-366-9451,,https://asalink.co.jp/contact/,,,,,,,,,,,株式会社アズアリンク,company_label,exclude,target_service_unconfirmed,,,https://asalink.co.jp
1009,1009,エクスパンディ株式会社,https://www.expandy.com,〒661-0035 兵庫県尼崎市武庫之荘3,06-6423-9203,,https://www.expandy.com/contact/requestform/,,,,,,,,,,,エクスパンディ株式会社,existing_english,exclude,target_service_unconfirmed,,,https://www.expandy.com
1010,1010,株式会社リマド,https://re-mado.co.jp,〒491-0813 愛知県一宮市千秋町町屋字宮浦6,0586-76-9981,,https://re-mado.co.jp/contact/,,,,,,,,,,,株式会社リマド,company_label,exclude,target_service_unconfirmed,,,https://re-mado.co.jp
1011,1011,大橋運輸株式会社,https://www.0084.co.jp,〒489-0912 愛知県瀬戸市西松山町2,0561-82-0084,,https://www.0084.co.jp/contact/,,,,,,,,,,,大橋運輸株式会社,existing_english,exclude,target_service_unconfirmed,,,https://www.0084.co.jp
1012,1012,株式会社ASHIA,https://ashia.work,〒651-2111 兵庫県神戸市西区池上4,078-995-9278,,https://ashia.work/contact/,,,,,,,,,,,株式会社ASHIA,company_label,exclude,target_service_unconfirmed,,,https://ashia.work
1013,1013,株式会社PCG,https://www.p-c-g.jp,〒104-0061 東京都中央区銀座7,03-5050-2473,,https://www.p-c-g.jp/inquiry/,,,,,,,,,,,株式会社PCG,existing,exclude,target_service_unconfirmed,,,https://www.p-c-g.jp
1014,1014,株式会社ヴェックスインターナショナル,https://k-stars.net,〒360-0012 埼玉県熊谷市上之2,,,https://k-stars.net/お問い合わせ/,,,,,,,,,,,株式会社ヴェックスインターナショナル,company_label,exclude,target_service_unconfirmed,,,https://k-stars.net
1015,1015,Walk To See株式会社,https://walktosee.jp,〒810-0072 福岡県福岡市中央区長浜2,,,https://walktosee.jp/contact/,,,,,,,,,,,Walk To See株式会社,existing_english,exclude,target_service_unconfirmed,,,https://walktosee.jp
1016,1016,合同会社TASUKU,https://share.tasuku.hiroshima.jp,〒738-0034 広島県廿日市市宮内4,0829-59-1114,,,,,,,,,,,,,合同会社TASUKU,existing,exclude,target_service_unconfirmed,,,https://share.tasuku.hiroshima.jp
1017,1017,株式会社ROSY All rights reserved.,https://r-osy.jp,〒788-0012 高知県宿毛市高砂2,090-9452-2105,,https://r-osy.jp/contact,,,,,,,,,,,株式会社ROSY,company_label,exclude,direct_meo_competitor,,,https://r-osy.jp
1018,1018,株式会社シーラベルコーポレートサイト,https://clabel.co.jp,〒221-0052 神奈川県横浜市神奈川区栄町５,,,https://clabel.co.jp/contact,,,,,,,,,,,株式会社シーラベルコーポレートサイト,existing,exclude,target_service_unconfirmed,,,https://clabel.co.jp
1019,1019,株式会社グランフェアズ,https://www.granfairs.com,〒461-0004 愛知県名古屋市東区葵1,050-3645-9135,,https://www.granfairs.com/contact/,,,,,,,,,,,株式会社グランフェアズ,root_jsonld,exclude,target_service_unconfirmed,,,https://www.granfairs.com
1020,1020,株式会社アド・プロモート (Ad-Promote INC.),https://kitchen-circus.net,〒329-0201 栃木県小山市粟宮1,,,https://kitchen-circus.net/contact/,,,,,,,,,,,株式会社アド・プロモート,company_label,exclude,target_service_unconfirmed,,,https://kitchen-circus.net
1021,1021,合同会社Nesheep,https://nesheep.jp,〒271-0091 千葉県松戸市本町1,047-707-2772,,https://nesheep.jp/contact/,,,,,,,,,,,合同会社Nesheep,company_label,exclude,target_service_unconfirmed,,,https://nesheep.jp
1022,1022,株式会社セカンドスタイル,https://2ndstyle.jp,〒540-0031 大阪府大阪市中央区北浜東4,06-6809-4022,,https://2ndstyle.jp/reception/contact/,,,,,,,,,,,株式会社セカンドスタイル,company_label,exclude,target_service_unconfirmed,,,https://2ndstyle.jp
1023,1023,ASTcolor株式会社,https://ast-color.com,〒532-0011 大阪府大阪市淀川区西中島5,06-6195-4533,,https://ast-color.com/contactus/,,,,,,,,,,,ASTcolor株式会社,existing_english,exclude,target_service_unconfirmed,,,https://ast-color.com
1024,1024,"SCALA, INC. ALL RIGHTS RESERVED.",https://scalagrp.jp,〒150-8510 東京都渋谷区渋谷2,0859-36-8881,,https://scalagrp.jp/ir/performance/,,,,,,,,,,,株式会社スカラ,company_jsonld,exclude,target_service_unconfirmed,,,https://scalagrp.jp
1025,1025,"IVSテレビ制作株式会社(IVS Television Co., Ltd.)",https://www.ivstv.co.jp,〒105-0014 東京都港区芝三丁目,,,https://www.ivstv.co.jp/contact,,,,,,,,,,,"IVSテレビ制作株式会社(IVS Television Co., Ltd",existing_english,exclude,target_service_unconfirmed,,,https://www.ivstv.co.jp
1026,1026,宮崎県延岡市大武町1323番地 株式会社ドイ産業 事務所内,https://doiidt.com,〒882-0864 宮崎県延岡市大武町1,0982-32-2435,,,,,,,,,,,,,株式会社ドイ産業,existing,exclude,target_service_unconfirmed,,,https://doiidt.com
1027,1027,沖電企業株式会社,https://www.okidenkigyo.co.jp,〒901-2131 沖縄県浦添市牧港4,098-876-0270,,https://www.okidenkigyo.co.jp/contact/,,,,,,,,,,,沖電企業株式会社,existing_english,exclude,target_service_unconfirmed,,,https://www.okidenkigyo.co.jp
1028,1028,株式会社海邦総研,https://www.kaiho-ri.jp,〒900-0025 沖縄県那覇市壷川3,098-987-5250,,https://www.kaiho-ri.jp/about.php#mail,,,,,,,,,,,株式会社海邦総研,company_label,exclude,target_service_unconfirmed,,,https://www.kaiho-ri.jp
1029,1029,"日本工芸株式会社 (JapaneseCrafts Co., Ltd.)",https://b2b.japanesecrafts.co.jp,〒151-0051 東京都渋谷区千駄ヶ谷2,03-5843-0886,,https://b2b.japanesecrafts.co.jp/sommelier/,,,,,,,,,,,"日本工芸株式会社 (JapaneseCrafts Co., Ltd",existing_english,exclude,target_service_unconfirmed,,,https://b2b.japanesecrafts.co.jp
1030,1030,"2018 ishicolo,LLC",https://ishicolo.com,〒017-0053 秋田県大館市板子石境4,0186-59-6777,,https://ishicolo.com/contact/,,,,,,,,,,,"ishicolo,LLC",existing_english,exclude,target_service_unconfirmed,,,https://ishicolo.com
1031,1031,株式会社aio,https://aio-inc.co.jp,〒180-0004 東京都武蔵野市吉祥寺本町2,,,https://aio-inc.co.jp/contact/,,,,,,,,,,,株式会社aio,company_label,exclude,target_service_unconfirmed,,,https://aio-inc.co.jp
1032,1032,boardroom.inc,https://boardroom.co.jp,〒155-0031 東京都世田谷区北沢1,,,https://boardroom.co.jp/contact,,,,,,,,,,,boardroom.inc,existing_english,exclude,weak_incidental_keyword,,,https://boardroom.co.jp
1033,1033,FEVV Inc.,https://fev-v.com,〒150-0002 東京都渋谷区渋谷2,,,https://fev-v.com/contact/,,,,,,,,,,,株式会社FEVV,company_label,exclude,target_service_unconfirmed,,,https://fev-v.com
1034,1034,"株式会社アドヴィックス ADVICS CO.,LTD.",https://www.advics.co.jp,〒448-8688 愛知県刈谷市昭和町2,,,https://www.advics.co.jp/contact/,,,,,,,,,,,株式会社アドヴィックス,company_jsonld,exclude,target_service_unconfirmed,,,https://www.advics.co.jp
1035,1035,株式会社シンコー（SP広告代理店）,https://shinko-sp.co.jp,〒564-0043 大阪府吹田市南吹田1,06-6383-6352,,https://shinko-sp.co.jp/questionnaire/inquiry/,,,,,,,,,,,株式会社シンコー,company_label,exclude,target_service_unconfirmed,,,https://shinko-sp.co.jp
1036,1036,"株式会社 大阪メトロ アドエラ Osaka Metro ADERA Co., Ltd.",https://osakametro-adera.jp,〒163-0649 東京都新宿区西新宿1,,,,,,,,,,,,,,株式会社 大阪メトロ,company_label,exclude,target_service_unconfirmed,,,https://osakametro-adera.jp
1037,1037,株式会社G&T,https://gat-company.com,〒151-0071 東京都渋谷区本町3,03-5308-4335,,https://gat-company.com/contact-us/,,,,,,,,,,,株式会社 G&T,company_label,exclude,target_service_unconfirmed,,,https://gat-company.com
1038,1038,2019- 株式会社オキデザイン 広島で各種商業デザインをトータルサポート,https://www.oki-design.com,〒730-0017 広島県広島市中区鉄砲町1,,,https://www.oki-design.com/contact,,,,,,,,,,,株式会社オキデザイン,root_jsonld,exclude,target_service_unconfirmed,,,https://www.oki-design.com
1039,1039,株式会社エル・エス・コーポレーション,https://www.lsc.jp,〒448-0002 愛知県刈谷市一里山町金山1,0566-36-7605,,,,,,,,,,,,,株式会社エル・エス・コーポレーション,existing,exclude,target_service_unconfirmed,,,https://www.lsc.jp
1040,1040,株式会社eek,https://eek.co.jp,〒060-0005 北海道札幌市中央区北5,011-522-9215,,https://eek.co.jp/contact_athlete,,,,,,,,,,,株式会社eek,company_label,exclude,target_service_unconfirmed,,,https://eek.co.jp
1041,1041,株式会社 ジョイナス Joinus Corporation,https://joinus-group.co.jp,〒085-0014 北海道釧路市末広町7,,,https://joinus-group.co.jp#contact,,,,,,,,,,,株式会社 ジョイナス,company_label,exclude,target_service_unconfirmed,,,https://joinus-group.co.jp
1042,1042,JAI Create株式会社,https://jai-c.co.jp,〒471-0006 愛知県豊田市市木町5,0565-85-8481,,https://jai-c.co.jp/contact,,,,,,,,,,,JAI Create株式会社,existing_english,exclude,target_service_unconfirmed,,,https://jai-c.co.jp
1043,1043,KR2 Inc. All Rights Rserved.,https://kr2-inc.com,〒485-0082 愛知県小牧市村中9,0568-68-7900,,https://kr2-inc.com/#contact,,,,,,,,,,,株式会社ケーアールツー,company_label,exclude,target_service_unconfirmed,,,https://kr2-inc.com
1044,1044,株式会社 イベントス,https://events.co.jp,〒102-0083 東京都千代田区麹町4,03-6867-1496,,https://events.co.jp/contact/,,,,,,,,,,,株式会社 イベントス,company_label,exclude,target_service_unconfirmed,,,https://events.co.jp
1045,1045,株式会社iTownJapan,https://www.itownjapan.co.jp,〒210-0856 神奈川県川崎市川崎区田辺新田1,044-201-1711,,https://www.itownjapan.co.jp/contact.html,,,,,,,,,,,株式会社iTownJapan,existing,exclude,target_service_unconfirmed,,,https://www.itownjapan.co.jp
1046,1046,ソニーデザインコンサルティング株式会社,https://www.sonydesignconsulting.com,〒108-0075 東京都港区港南1,,,https://www.sonydesignconsulting.com/contact/,,,,,,,,,,,ソニーデザインコンサルティング株式会社,existing_english,exclude,weak_incidental_keyword,,,https://www.sonydesignconsulting.com
1047,1047,株式会社オプション,https://plus-option.com,〒780-8008 高知県高知市潮新町1,088-854-8605,,https://plus-option.com/contact/,,,,,,,,,,,株式会社オプション,existing,exclude,target_service_unconfirmed,,,https://plus-option.com
1048,1048,株式会社Purelax,https://www.purelax.co.jp,〒761-0113 香川県 高松市屋島西町2,087-844-1561,,https://www.purelax.co.jp/contact/,,,,,,,,,,,株式会社Purelax,company_label,exclude,target_service_unconfirmed,,,https://www.purelax.co.jp
1049,1049,株式会社TAN-SU,https://tan-su.com,〒270-0115 千葉県流山市江戸川台西1,04-7128-6155,,https://docs.google.com/forms/d/e/1FAIpQLSepFsdC0uTckNDIb2FW0kBhfP6tV9XaQKeH1ICf8qZfwN32lQ/viewform,,,,,,,,,,,株式会社TAN-SU,company_label,exclude,target_service_unconfirmed,,,https://tan-su.com
1050,1050,株式会社くまもとDMC,https://k-dmc.co.jp,〒862-0956 熊本県熊本市中央区水前寺公園1,096-276-6655,,https://k-dmc.co.jp/contact,,,,,,,,,,,株式会社くまもとDMC,company_label,exclude,target_service_unconfirmed,,,https://k-dmc.co.jp
1051,1051,2026 ABCオプテラスタジオ株式会社.,https://www.abc-optailor.com,〒904-2172 沖縄県沖縄市泡瀬3,098-983-4122,,https://www.abc-optailor.com/contact.php,,,,,,,,,,,ABCオプテラスタジオ株式会社,existing_english,exclude,target_service_unconfirmed,,,https://www.abc-optailor.com
1052,1052,Zenken株式会社沖縄オフィス,https://zenken-okinawa.com,〒900-0015 沖縄県那覇市久茂地1,070-1369-0831,,https://zenken-okinawa.com/contact-form/,,,,,,,,,,,株式会社 沖縄オフィス,root_jsonld,exclude,target_service_unconfirmed,,,https://zenken-okinawa.com
1053,1053,ホンダモビリティランド株式会社,https://www.honda-ml.co.jp,〒510-0295 三重県鈴鹿市稲生町7,059-378-8070,,,,,,,,,,,,,ホンダモビリティランド株式会社,existing_english,exclude,target_service_unconfirmed,,,https://www.honda-ml.co.jp
1054,1054,株式会社アイワット,https://www.iwat.co.jp,〒460-0007 愛知県名古屋市中区新栄1,052-251-9151,,https://www.iwat.co.jp/contact/,,,,,,,,,,,株式会社アイワット,company_label,exclude,target_service_unconfirmed,,,https://www.iwat.co.jp
1055,1055,オンライントラベル株式会社,https://ontra.jp,〒531-0074 大阪府大阪市北区本庄東1,050-3498-0751,,,,,,,,,,,,,株式会社 代表取締役,company_label,exclude,target_service_unconfirmed,,,https://ontra.jp
1056,1056,コベルコビジネスパートナーズ株式会社,https://www.kobelco-kbp.jp,〒108-8688 東京都港区高輪2,078-261-6370,,https://www.kobelco-kbp.jp/contact/,,,,,,,,,,,コベルコビジネスパートナーズ株式会社,existing_english,exclude,target_service_unconfirmed,,,https://www.kobelco-kbp.jp
1057,1057,株式会社エイトノット,https://www.8knot.com,〒213-0002 神奈川県川崎市高津区二子6,0120-537-277,,https://www.8knot.com/contact/,,,,,,,,,,,株式会社エイトノット,company_label,exclude,target_service_unconfirmed,,,https://www.8knot.com
1058,1058,株式会社エース産業機器,https://shop.kikaibuhin.com,〒529-0304 滋賀県長浜市小谷丁野町3,0749-78-8001,,https://shop.kikaibuhin.com/pages/領収書-各種帳票発行,,,,,,,,,,,株式会社エース産業機器,existing,exclude,target_service_unconfirmed,,,https://shop.kikaibuhin.com
1059,1059,株式会社L,https://iizuka-l.net,〒820-0066 福岡県飯塚市幸袋5,050-8883-9266,,https://iizuka-l.net/contact.html,,,,,,,,,,,株式会社 エル,company_label,exclude,target_service_unconfirmed,,,https://iizuka-l.net
1060,1060,兵神装備株式会社 企業サイト,https://www.heishin.jp,〒103-0027 東京都中央区日本橋2,078-652-1111,,https://www.heishin.jp/inquiry/,,,,,,,,,,,株式会社 企業サイト,existing,exclude,target_service_unconfirmed,,,https://www.heishin.jp
1061,1061,株式会社システマライズ,https://www.system-rise.co.jp,〒634-0804 奈良県橿原市内膳町1,0744-47-3111,,https://www.system-rise.co.jp/form.php,,,,,,,,,,,株式会社システマライズ,existing,exclude,target_service_unconfirmed,,,https://www.system-rise.co.jp
1062,1062,株式会社リング＆リング,https://www.ring-r.co.jp,〒337-0053 埼玉県さいたま市見沼区大和田町1,048-884-9942,,https://www.ring-r.co.jp/contact/,,,,,,,,,,,株式会社リング＆リング,existing,exclude,target_service_unconfirmed,,,https://www.ring-r.co.jp
1063,1063,六三四堂印刷株式会社,https://musashido-insatsu.co.jp,〒350-1123 埼玉県川越市脇田本町2,049-242-0329,,https://musashido-insatsu.co.jp/contact.html,,,,,,,,,,,六三四堂印刷株式会社,existing_english,exclude,target_service_unconfirmed,,,https://musashido-insatsu.co.jp
1064,1064,景域計画 株式会社,https://keiiki.co.jp,〒231-0005 神奈川県横浜市中区本町一丁目,045-263-9504,,https://keiiki.co.jp/contact/,,,,,,,,,,,景域計画 株式会社,existing_english,exclude,target_service_unconfirmed,,,https://keiiki.co.jp
1065,1065,Foto Reise Inc .2017-2026,https://www.fotoreise.co.jp,〒981-3132 宮城県仙台市泉区将監4,090-6499-7014,,https://www.fotoreise.co.jp/contact,,,,,,,,,,,株式会社 Foto,root_jsonld,exclude,target_service_unconfirmed,,,https://www.fotoreise.co.jp
1066,1066,株式会社アドプロダクションエム,https://addpro-m.co.jp,〒951-8052 新潟県新潟市中央区下大川前通2,025-224-0576,,,,,,,,,,,,,株式会社アドプロダクションエム,existing,exclude,target_service_unconfirmed,,,https://addpro-m.co.jp
1067,1067,株式会社南信社,https://www.interna.co.jp,〒210-0838 神奈川県川崎市川崎区境町1,044-222-2260,,https://www.interna.co.jp/inquiry/,,,,,,,,,,,株式会社南信社,company_label,exclude,target_service_unconfirmed,,,https://www.interna.co.jp
1068,1068,株式会社 アイム,https://www.aim-design.jp,〒231-0062 神奈川県横浜市中区桜木町1,03-6228-1689,,https://www.aim-design.jp/contact/index.html,,,,,,,,,,,株式会社 アイム,existing,exclude,target_service_unconfirmed,,,https://www.aim-design.jp
1069,1069,株式会社ラウンドワン,https://www.round1.co.jp,〒277-0922 千葉県柏市大島田1,04-7190-1201,,,,,,,,,,,,,株式会社ラウンドワン,existing,exclude,target_service_unconfirmed,,,https://www.round1.co.jp
1070,1070,株式会社まるしん商事,https://www.marushin-corp.co.jp,〒063-0051 北海道札幌市西区宮の沢1,011-661-9777,,https://www.marushin-corp.co.jp/contact/,,,,,,,,,,,株式会社まるしん商事,company_label,exclude,target_service_unconfirmed,,,https://www.marushin-corp.co.jp
1071,1071,合同会社EXEC JAPAN（エグゼックジャパン）,https://tochigi-ls.com,〒321-0912 栃木県宇都宮市石井町3,028-689-8345,,https://tochigi-ls.com/contact/,,,,,,,,,,,合同会社EXEC,company_label,exclude,target_service_unconfirmed,,,https://tochigi-ls.com
1072,1072,● 会社名 ： 株式会社グロッシー （英文社名： glossy Inc.）,http://www.glossy.co.jp,〒080-0011 北海道帯広市西1,,,http://www.glossy.co.jp/inquiry/,,,,,,,,,,,株式会社グロッシー,existing,exclude,target_service_unconfirmed,,,http://www.glossy.co.jp
1073,1073,株式会社サンレグ,https://sanreg.net,〒023-0824 岩手県奥州市水沢泉町1,090-6787-5894,,https://sanreg.net/contact/,,,,,,,,,,,株式会社サンレグ,existing,exclude,target_service_unconfirmed,,,https://sanreg.net
1074,1074,HiColor inc.,http://www.hicolor.co.jp,〒998-0044 山形県酒田市中町1,0234-43-6478,,http://www.hicolor.co.jp/contact.php,,,,,,,,,,,HiColor inc,existing_english,exclude,target_service_unconfirmed,,,http://www.hicolor.co.jp
1075,1075,YOKOUN 物流サービス業 ヨコウン株式会社,https://www.yokoun.co.jp,〒013-0061 秋田県横手市横手町字大関越9,,,https://www.yokoun.co.jp/contact/,,,,,,,,,,,YOKOUN 物流サービス業 ヨコウン株式会社,existing_english,exclude,target_service_unconfirmed,,,https://www.yokoun.co.jp
1076,1076,株式会社アイディア,https://www.ai-dear.co.jp,〒997-0028 山形県鶴岡市山王町9,0235-29-6188,,https://www.ai-dear.co.jp/conractform/,,,,,,,,,,,株式会社アイディア,company_jsonld,exclude,target_service_unconfirmed,,,https://www.ai-dear.co.jp
1077,1077,株式会社 庄交コーポレーション,https://www.shoko-corpo.jp,〒997-0031 山形県鶴岡市錦町2,0235-22-3777,,https://www.shoko-corpo.jp/contact/,,,,,,,,,,,株式会社 庄交コーポレーション,existing,exclude,target_service_unconfirmed,,,https://www.shoko-corpo.jp
1078,1078,株式会社 遠藤会計事務所,https://www.endo-ao.co.jp,〒997-0042 山形県鶴岡市新形町2,0235-22-2884,,https://www.endo-ao.co.jp/management-consulting/,,,,,,,,,,,株式会社 遠藤会計事務所,existing,exclude,target_service_unconfirmed,,,https://www.endo-ao.co.jp
1079,1079,株式会社 サンテック,https://yamagata-suntec.co.jp,〒997-0011 山形県鶴岡市宝田3,0235-23-0377,,https://yamagata-suntec.co.jp/contact/,,,,,,,,,,,株式会社 サンテック,company_label,exclude,target_service_unconfirmed,,,https://yamagata-suntec.co.jp
1080,1080,株式会社リブエス 本店,https://www.liv-estate.jp,〒017-0045 秋田県大館市中道１,0186-59-4701,,https://www.liv-estate.jp/contact/,,,,,,,,,,,株式会社リブエス,company_label,exclude,target_service_unconfirmed,,,https://www.liv-estate.jp
1081,1081,株式会社FACTORY,https://kiryu-factory.com,〒376-0034 群馬県桐生市東2,0277-32-4138,,https://kiryu-factory.com#contact,,,,,,,,,,,株式会社FACTORY,existing,exclude,target_service_unconfirmed,,,https://kiryu-factory.com
1082,1082,株式会社 まちづくり熊谷,https://www.machi-dukurikumagaya.com,〒360-0024 埼玉県熊谷市問屋町2,048-501-8855,,https://www.machi-dukurikumagaya.com/contact/,,,,,,,,,,,株式会社 まちづくり熊谷,existing,exclude,target_service_unconfirmed,,,https://www.machi-dukurikumagaya.com
1083,1083,株式会社ピーアイピー,https://pip-net.co.jp,〒360-0037 埼玉県熊谷市筑波1,048-524-1463,,http://pip-net.co.jp/wp/contact/,,,,,,,,,,,株式会社ピーアイピー,company_label,exclude,target_service_unconfirmed,,,https://pip-net.co.jp
1084,1084,株式会社 トチナン,https://k-tochinan.com,〒329-0214 栃木県小山市乙女1,0285-45-8352,,https://k-tochinan.com/contact/,,,,,,,,,,,株式会社 トチナン,company_label,exclude,target_service_unconfirmed,,,https://k-tochinan.com
1085,1085,株式会社エイエヌオフセット,https://www.anoffset.co.jp,〒175-0081 東京都板橋区新河岸2,03-3938-9811,,https://www.anoffset.co.jp/form/form_query_03.php,,,,,,,,,,,株式会社エイエヌオフセット,existing,exclude,target_service_unconfirmed,,,https://www.anoffset.co.jp
1086,1086,株式会社 storage green label,https://storage-green.co.jp,〒192-0082 東京都八王子市東町1,06-7176-7214,,https://storage-green.co.jp/contact/,,,,,,,,,,,株式会社 storage,company_label,exclude,target_service_unconfirmed,,,https://storage-green.co.jp
1087,1087,石巻産業創造株式会社,https://www.iss-net.jp,〒986-0032 宮城県石巻市開成1,0225-98-8782,,https://www.iss-net.jp/inquiry/,,,,,,,,,,,石巻産業創造株式会社,existing_english,exclude,target_service_unconfirmed,,,https://www.iss-net.jp
1088,1088,GOODLIFE TAMA 株式会社グッドライフ多摩,https://goodlife-tama.jp,〒190-0022 東京都立川市錦町2,042-519-3976,,https://goodlife-tama.jp/service/consulting/,,,,,,,,,,,株式会社グッドライフ多摩,existing,exclude,target_service_unconfirmed,,,https://goodlife-tama.jp
1089,1089,リ・マスター合同会社,https://www.remaster-1.com,〒192-0913 東京都八王子市北野台2,042-638-8677,,https://www.remaster-1.com/form/re-master/contact,,,,,,,,,,,リ・マスター合同会社,existing_english,exclude,target_service_unconfirmed,,,https://www.remaster-1.com
1090,1090,アンプルール株式会社,https://amp-leur.jp,〒190-0023 東京都立川市柴崎町2,,,https://amp-leur.jp/contact/,,,,,,,,,,,アンプルール株式会社,existing_english,exclude,target_service_unconfirmed,,,https://amp-leur.jp
1091,1091,セグナ株式会社,https://segna.jp,〒107-0062 東京都港区南青山2,03-4405-6909,,https://segna.jp/contact,,,,,,,,,,,セグナ株式会社,existing_english,exclude,direct_meo_competitor,,,https://segna.jp
1092,1092,"Team-Chef, Little World Inc. All Rights Reserved.",https://team-chef.jp,〒150-0013 東京都渋谷区恵比寿2,03-6416-8657,,https://team-chef.jp/contact/,,,,,,,,,,,"Team-Chef, Little World Inc",existing_english,exclude,target_service_unconfirmed,,,https://team-chef.jp
1093,1093,(c) Team Channel Inc. All rights reserved.,https://www.t-c.co.jp,〒150-0043 東京都渋谷区道玄坂1,03-5458-4206,,https://www.t-c.co.jp/contact/,,,,,,,,,,,Team Channel Inc,existing_english,exclude,target_service_unconfirmed,,,https://www.t-c.co.jp
1094,1094,株式会社タッチスペース,https://touchspace.jp,〒180-0004 東京都武蔵野市吉祥寺本町1,050-3578-2908,,https://touchspace.jp/qa.html,,,,,,,,,,,株式会社タッチスペース,existing,exclude,target_service_unconfirmed,,,https://touchspace.jp
1095,1095,2024 POOL inc. All rights reserved.,https://pool-inc.net,〒190-0014 東京都立川市緑町3,,,https://pool-inc.net/contact,,,,,,,,,,,POOL inc,existing_english,exclude,target_service_unconfirmed,,,https://pool-inc.net
1096,1096,株式会社TREE,http://www.japangreen.tv,〒248-0012 神奈川県鎌倉市御成町1,,,http://www.japangreen.tv/contact,,,,,,,,,,,株式会社TREE,company_label,exclude,target_service_unconfirmed,,,http://www.japangreen.tv
1097,1097,フランスベッド株式会社,https://www.francebed.co.jp,〒163-1105 東京都新宿区西新宿6,03-6741-5555,,https://www.francebed.co.jp/company/contact.html,,,,,,,,,,,フランスベッド株式会社,existing_english,exclude,target_service_unconfirmed,,,https://www.francebed.co.jp
1098,1098,株式会社MCCマネジメント,https://matsukiyococokara-medical.com,〒101-0062 東京都千代田区神田駿河台4,0120-845-533,,https://matsukiyococokara-medical.com/contact/,,,,,,,,,,,株式会社MCCマネジメント,company_label,exclude,target_service_unconfirmed,,,https://matsukiyococokara-medical.com
1099,1099,株式会社フードビジネスロード,https://www.foodbusinessroad.com,〒144-0051 東京都大田区西蒲田 7,03-6424-7832,,https://www.foodbusinessroad.com/contact-us,,,,,,,,,,,株式会社フードビジネスロード,existing,exclude,target_service_unconfirmed,,,https://www.foodbusinessroad.com
1100,1100,湘南中央不動産株式会社,https://astlien.co.jp,〒238-0007 神奈川県横須賀市 若松町 1,046-845-6445,,,,,,,,,,,,,湘南中央不動産株式会社,existing_english,exclude,target_service_unconfirmed,,,https://astlien.co.jp
1101,1101,NANOBRAND合同会社,https://nanobrand.co.jp,〒955-0044 新潟県三条市田島1,0256-55-1165,,https://nanobrand.co.jp/form.html,,,,,,,,,,,NANOBRAND合同会社,existing_english,exclude,target_service_unconfirmed,,,https://nanobrand.co.jp
1102,1102,株式会社リアル Real co.ltd,https://real-co.ltd,〒110-0005 東京都台東区上野1,,,https://real-co.ltd#contact,,,,,,,,,,,株式会社リアル,existing,exclude,target_service_unconfirmed,,,https://real-co.ltd
1103,1103,新生開発株式会社,https://shinseikaihatu.co.jp,〒933-0871 富山県高岡市駅南3,0766-24-8588,,https://shinseikaihatu.co.jp/contact3/,,,,,,,,,,,新生開発株式会社,existing_english,exclude,target_service_unconfirmed,,,https://shinseikaihatu.co.jp
1104,1104,"会社の商号 ANAあきんど株式会社（ANA Akindo Co., Ltd.）",https://www.ana-akindo.co.jp,〒103-0027 東京都中央区日本橋2,,,https://www.ana-akindo.co.jp/contact/,,,,,,,,,,,"会社の商号 ANAあきんど株式会社（ANA Akindo Co., Ltd",existing_english,exclude,target_service_unconfirmed,,,https://www.ana-akindo.co.jp
1105,1105,マルト株式会社,https://marto.co.jp,〒923-0941 石川県小松市城南町1,0761-21-1223,,,,,,,,,,,,,マルト株式会社,existing_english,exclude,target_service_unconfirmed,,,https://marto.co.jp
1106,1106,MOTTERU Inc. All Right Reserved.,https://motteru.co.jp,〒243-0425 神奈川県海老名市中野2,,,https://motteru.co.jp/naireservice/contact/,,,,,,,,,,,株式会社MOTTERU,company_label,exclude,target_service_unconfirmed,,,https://motteru.co.jp
1107,1107,株式会社WAYTOGO,https://salonsupport.waytogo.co.jp,〒105-6923 東京都港区虎ノ門4,050-1746-2458,,,,,,,,,,,,,株式会社WAYTOGO,existing,exclude,target_service_unconfirmed,,,https://salonsupport.waytogo.co.jp
1108,1108,合同会社LODE,https://lode.jp,〒401-0303 山梨県南都留郡富士河口湖町浅川1,070-2314-6353,,https://lode.jp#contact,,,,,,,,,,,合同会社LODE,existing,exclude,target_service_unconfirmed,,,https://lode.jp
1109,1109,株式会社傑さく,https://kessaku.jp,〒274-0825 千葉県船橋市前原西2,,,https://kessaku.jp/contact/,,,,,,,,,,,株式会社傑さく,company_label,exclude,target_service_unconfirmed,,,https://kessaku.jp
1110,1110,株式会社P’Sネットワーク,https://corp.psnw.co.jp,〒417-0801 静岡県富士市大渕3,0545-35-7300,,https://corp.psnw.co.jp/contact/,,,,,,,,,,,株式会社P,existing,exclude,target_service_unconfirmed,,,https://corp.psnw.co.jp
1111,1111,株式会社リビルドホールディングス,https://www.rebuild-jp.com,〒151-0053 東京都渋谷区代々木5,03-6407-8592,,https://www.rebuild-jp.com/contact,,,,,,,,,,,株式会社リビルドホールディングス,company_jsonld,exclude,target_service_unconfirmed,,,https://www.rebuild-jp.com
1112,1112,株式会社ニューアド社が運営する交通広告専門サイト：駅ポスター.com,https://eki-poster.com,〒166-0004 東京都杉並区阿佐谷南1,03-3314-1321,,https://eki-poster.com/kanto/contact/,,,,,,,,,,,株式会社ニューアド社,company_label,exclude,target_service_unconfirmed,,,https://eki-poster.com
1113,1113,まちづくり上田株式会社,https://machizukuriueda.com,〒386-8522 長野県上田市大手1,0268-22-4500,,https://machizukuriueda.com/contact/,,,,,,,,,,,まちづくり上田株式会社,existing_english,exclude,target_service_unconfirmed,,,https://machizukuriueda.com
1114,1114,合同会社 上田ブランド研究所,https://www.u-brand.jp,〒386-0012 ／長野県上田市中央4,0268-75-8728,,https://www.u-brand.jp/contact,,,,,,,,,,,合同会社 上田ブランド研究所,existing,exclude,target_service_unconfirmed,,,https://www.u-brand.jp
1115,1115,クロスメディアグループ株式会社 クロスメディアHR総合研究所,https://good-companies.jp,〒151-0051 東京都渋谷区千駄ヶ谷4,,,https://good-companies.jp/contact/,,,,,,,,,,,株式会社 クロスメディアHR総合研究所,company_label,exclude,target_service_unconfirmed,,,https://good-companies.jp
1116,1116,株式会社 寺子屋,https://terakoya-iida.com,〒395-0003 長野県飯田市上郷別府2,0265-24-2036,,https://terakoya-iida.com/contact/,,,,,,,,,,,株式会社 寺子屋,existing,exclude,target_service_unconfirmed,,,https://terakoya-iida.com
1117,1117,2023 Meitoumokuzai Inc.,https://www.meitoumokuzai.com,〒476-0011 愛知県東海市富木島町池下1,052-603-5216,,https://www.meitoumokuzai.com/contact_us.html,,,,,,,,,,,Meitoumokuzai Inc,existing_english,exclude,target_service_unconfirmed,,,https://www.meitoumokuzai.com
1118,1118,株式会社テンポスフィナンシャルトラスト,https://www.tenpos-ft.com,〒110-0006 東京都台東区秋葉原3,03-3525-4070,,https://www.tenpos-ft.com/contact/,,,,,,,,,,,株式会社テンポスフィナンシャルトラスト,existing,exclude,target_service_unconfirmed,,,https://www.tenpos-ft.com
1119,1119,株式会社サービスマーケティング,https://s-mkg.com,〒112-0012 東京都文京区大塚２,03-3941-5639,,https://s-mkg.com/contact.html,,,,,,,,,,,株式会社サービスマーケティング,existing,exclude,target_service_unconfirmed,,,https://s-mkg.com
1120,1120,(C) 2026 IDOM Inc.,https://idom-inc.com,〒100-7026 東京都千代田区丸の内二丁目,,,https://idom-inc.com/ir/company/inquiry/,,,,,,,,,,,株式会社IDOM,company_jsonld,exclude,target_service_unconfirmed,,,https://idom-inc.com
1121,1121,社名 株式会社名鉄犬山ホテル,https://www.m-inuyama-h.co.jp,〒484-0081 愛知県犬山市犬山富士見町1,0568-54-3111,,https://www.m-inuyama-h.co.jp/contact/,,,,,,,,,,,株式会社名鉄犬山ホテル,company_label,exclude,target_service_unconfirmed,,,https://www.m-inuyama-h.co.jp
1122,1122,株式会社田中組,https://kktanaka.com,〒417-0057 静岡県富士市瓜島町8,0545-21-2237,,https://kktanaka.com/inquiry/,,,,,,,,,,,株式会社田中組,existing,exclude,target_service_unconfirmed,,,https://kktanaka.com
1123,1123,株式会社 南信州観光公社,https://www.mstb.jp,〒395-0001 長野県飯田市座光寺3,0265-49-4737,,https://www.mstb.jp/contact/,,,,,,,,,,,株式会社 南信州観光公社,existing,exclude,target_service_unconfirmed,,,https://www.mstb.jp
1124,1124,合同会社Coming True,https://www.comingtrue.jp,〒410-0801 静岡県沼津市大手町5,055-951-5500,,https://www.comingtrue.jp/contact/,,,,,,,,,,,合同会社ComingTrue,company_jsonld,exclude,direct_meo_competitor,,,https://www.comingtrue.jp
1125,1125,unitedworks 株式会社ユナイテッドワークス,https://www.unitedworks.co.jp,〒450-6321 愛知県名古屋市中村区名駅1,052-856-0482,,,,,,,,,,,,,株式会社ユナイテッドワークス,existing,exclude,target_service_unconfirmed,,,https://www.unitedworks.co.jp
1126,1126,シックス・アパート株式会社 （英語表記 ： Six Apart Ltd.）,https://www.sixapart.jp,〒101-0051 東京都千代田区神田神保町3,03-6261-4640,,https://www.sixapart.jp/inquiry/mail_magazine.html,,,,,,,,,,,シックス・アパート株式会社 （英語表記 ： Six Apart Ltd,existing_english,exclude,target_service_unconfirmed,,,https://www.sixapart.jp
1127,1127,"株式会社エム・エヌ・シー MNC Co.,Ltd",https://www.mnc-ad.com,〒103-0013 東京都中央区日本橋人形町1,06-6241-1378,,https://www.mnc-ad.com/contact/,,,,,,,,,,,株式会社エム・エヌ・シー,existing,exclude,target_service_unconfirmed,,,https://www.mnc-ad.com
1128,1128,株式会社アクセスグループ・ホールディングス,https://www.access-t.co.jp,〒150-0002 東京都渋谷区渋谷２,03-5774-2310,,,,,,,,,,,,,株式会社アクセスグループ・ホールディングス,existing,exclude,target_service_unconfirmed,,,https://www.access-t.co.jp
1129,1129,株式会社ジオニックプラス,https://www.geonic.jp,〒615-0872 京都府京都市右京区西京極南衣手町2,075-312-6811,,https://www.geonic.jp/contact/,,,,,,,,,,,株式会社ジオニックプラス,existing,exclude,target_service_unconfirmed,,,https://www.geonic.jp
1130,1130,2026 AZEL INC. All Rights Reserved.,https://www.azel.co.jp,〒565-0842 大阪府吹田市千里山東2,,,https://www.azel.co.jp#contact,,,,,,,,,,,AZEL INC,existing_english,exclude,target_service_unconfirmed,,,https://www.azel.co.jp
1131,1131,2024 projectline Inc.,https://www.projectline.co.jp,〒770-8079 徳島県徳島市八万町大坪2,06-6543-3020,,https://www.projectline.co.jp/contact.php,,,,,,,,,,,projectline Inc,existing_english,exclude,target_service_unconfirmed,,,https://www.projectline.co.jp
1132,1132,合同会社Linkit,https://www.linkit2019.com,〒581-0038 大阪府八尾市若林町3,06-6703-2528,,https://www.linkit2019.com/contact,,,,,,,,,,,合同会社Linkit,company_jsonld,exclude,direct_meo_competitor,,,https://www.linkit2019.com
1133,1133,株式会社グッドフェローズ,https://goodf.co.jp,〒180-0004 東京都武蔵野市吉祥寺本町1,0422-27-8701,,https://goodf.co.jp/inquiry/form/media_inquiry.html,,,,,,,,,,,株式会社グッドフェローズ,existing,exclude,target_service_unconfirmed,,,https://goodf.co.jp
1134,1134,株式会社リボン,https://ribbon-reborn.com,〒939-0341 富山県射水市三ケ2,0766-57-0808,,https://ribbon-reborn.com/contact/,,,,,,,,,,,株式会社リボン,company_label,exclude,target_service_unconfirmed,,,https://ribbon-reborn.com
1135,1135,サンビット株式会社,https://www.sunbit.co.jp,〒812-0012 福岡県福岡市博多区博多駅中央街5,092-260-7261,,https://www.sunbit.co.jp/inquiry/,,,,,,,,,,,サンビット株式会社,existing_english,exclude,target_service_unconfirmed,,,https://www.sunbit.co.jp
1136,1136,株式会社オーエーナイン,https://www.oa-9.com,〒160-0022 東京都新宿区新宿3,0120-090-949,,https://www.oa-9.com/contact/,,,,,,,,,,,株式会社 オーエーナイン,company_label,exclude,target_service_unconfirmed,,,https://www.oa-9.com
1137,1137,株式会社BRIZE All Rights Reserved.,https://brize-inc.com,〒661-0979 兵庫県尼崎市上坂部1,06-6947-0541,,https://brize-inc.com/contact/,,,,,,,,,,,株式会社BRIZE,existing,exclude,target_service_unconfirmed,,,https://brize-inc.com
1138,1138,ソニービズネットワークス株式会社,https://biz.nuro.jp,〒150-0043 東京都渋谷区道玄坂1,0120-963-350,,https://biz.nuro.jp/contact/enduser.php,,,,,,,,,,,ソニービズネットワークス株式会社,existing_english,exclude,target_service_unconfirmed,,,https://biz.nuro.jp
1139,1139,株式会社稲沢商会,https://inasho.com,〒492-8142 愛知県稲沢市長野2,0120-173-414,,https://inasho.com/contact/,,,,,,,,,,,株式会社 稲沢商会,company_label,exclude,target_service_unconfirmed,,,https://inasho.com
1140,1140,合同会社つなげる,https://tunageru.co.jp,〒615-0925 京都府京都市右京区梅津大繩場町6,,,https://tunageru.co.jp#contact,,,,,,,,,,,合同会社つなげる,existing,exclude,target_service_unconfirmed,,,https://tunageru.co.jp
1141,1141,株式会社フォーバルアスカ（FORVAL ASUKA）,https://www.forval-asuka.co.jp,〒630-8451 奈良県奈良市北之庄町7,0742-61-0721,,https://www.forval-asuka.co.jp/contact/,,,,,,,,,,,株式会社フォーバルアスカ,company_label,exclude,target_service_unconfirmed,,,https://www.forval-asuka.co.jp
1142,1142,合同会社 SOZO STADIUM,https://sozo-std.com,〒665-0876 兵庫県宝塚市中山台1,090-3033-3916,,https://sozo-std.com/contact,,,,,,,,,,,合同会社 SOZO,existing,exclude,target_service_unconfirmed,,,https://sozo-std.com
1143,1143,合同会社CREA-DESIGN,https://www.crea-design.co,〒708-0007 岡山県津山市総社1,090-3631-1106,,https://www.crea-design.co#contact,,,,,,,,,,,合同会社CREA-DESIGN,existing,exclude,target_service_unconfirmed,,,https://www.crea-design.co
1144,1144,株式会社アピオン,https://www.apionet.or.jp,〒682-0023 鳥取県倉吉市山根5,0858-26-7272,,https://www.apionet.or.jp/apion_form/contact.html,,,,,,,,,,,株式会社アピオン,existing,exclude,target_service_unconfirmed,,,https://www.apionet.or.jp
1145,1145,2026 Claris International Inc.,https://www.claris.com,〒106-6140 東京都港区六本木 6,0120-983-878,,https://www.claris.com/company/contact/,,,,,,,,,,,Claris International Inc,existing_english,exclude,target_service_unconfirmed,,,https://www.claris.com
1146,1146,株式会社トランスワード,https://www.trw.co.jp,〒658-0032 兵庫県神戸市東灘区向洋町中6,078-858-6037,,,,,,,,,,,,,株式会社トランスワード,existing,exclude,target_service_unconfirmed,,,https://www.trw.co.jp
1147,1147,株式会社スジヤ,http://www.sujiya.co.jp,〒794-0018 愛媛県今治市本町3,0898-32-4444,,http://www.sujiya.co.jp/form,,,,,,,,,,,株式会社スジヤ,existing,exclude,target_service_unconfirmed,,,http://www.sujiya.co.jp
1148,1148,株式会社岩国城下町サロン,https://iw-jyoukamachi.com,〒741-0062 山口県岩国市岩国1,0827-28-6600,,https://iw-jyoukamachi.com/contact/,,,,,,,,,,,株式会社 岩国城下町サロン,company_label,exclude,target_service_unconfirmed,,,https://iw-jyoukamachi.com
1149,1149,株式会社アースリンク,https://www.earthlink.co.jp,〒745-0034 山口県周南市御幸通2,042-355-8025,,https://www.earthlink.co.jp/contact/,,,,,,,,,,,株式会社アースリンク,company_label,exclude,target_service_unconfirmed,,,https://www.earthlink.co.jp
1150,1150,株式会社ケーブルテレビあなん,https://www.tv-anan.jp,〒774-0045 徳島県阿南市宝田町今市 イシン坊2,0120-088-377,,https://www.tv-anan.jp//contact,,,,,,,,,,,株式会社ケーブルテレビあなん,company_label,exclude,target_service_unconfirmed,,,https://www.tv-anan.jp
1151,1151,株式会社スマートバリュー,https://www.smartvalue.ad.jp,〒541-0052 大阪府大阪市中央区安土町3,06-6227-5577,,https://www.smartvalue.ad.jp/contact/,,,,,,,,,,,株式会社スマートバリュー,company_label,exclude,target_service_unconfirmed,,,https://www.smartvalue.ad.jp
1152,1152,株式会社ハラプレックス,https://www.haraplex.co.jp,〒799-1594 愛媛県今治市喜田村1,0898-48-5511,,https://www.haraplex.co.jp/contact/tokutei.html,,,,,,,,,,,株式会社ハラプレックス,existing,exclude,target_service_unconfirmed,,,https://www.haraplex.co.jp
1153,1153,1984年 商号を仁田ソイロック株式会社に変更,https://www.nita.co.jp,〒771-0122 徳島県徳島市川内町鈴江西3,088-665-5550,,,,,,,,,,,,,株式会社に変更,existing,exclude,target_service_unconfirmed,,,https://www.nita.co.jp
1154,1154,株式会社よかネット,https://yokanet.com,〒101-0032 東京都千代田区岩本町3,092-283-2121,,,,,,,,,,,,,株式会社 よかネット,company_label,exclude,target_service_unconfirmed,,,https://yokanet.com
1155,1155,株式会社ジキヤ,https://jikiya.jp,〒885-0004 宮崎県都城市都北町1,0986-77-0116,,https://jikiya.jp/contact/,,,,,,,,,,,株式会社ジキヤ,company_label,exclude,target_service_unconfirmed,,,https://jikiya.jp
1156,1156,THE FINAL VIEW INC.2010,http://beppupu.com,〒874-8558 大分県別府市北浜2,,,,,,,,,,,,,,THE FINAL VIEW INC.2010,existing_english,exclude,target_service_unconfirmed,,,https://thefinalview.com
1157,1157,U-PROMO（株式会社ユープロモ）,https://u-promo.net,〒900-0022 沖縄県那覇市樋川1,080-6483-3227,,https://u-promo.net/index.html#contact,,,,,,,,,,,株式会社ユープロモ,existing,exclude,target_service_unconfirmed,,,https://u-promo.net
1158,1158,株式会社たらみ,https://www.tarami.co.jp,〒105-0004 東京都港区新橋5,095-839-1111,,https://www.tarami.co.jp/contact/,,,,,,,,,,,株式会社たらみ,company_label,exclude,target_service_unconfirmed,,,https://www.tarami.co.jp
1159,1159,株式会社グローバルリンク,https://www.gl-link.co.jp,〒901-2127 沖縄県浦添市屋富祖3,,,https://www.gl-link.co.jp/?page_id=2053,,,,,,,,,,,株式会社グローバルリンク,company_label,exclude,target_service_unconfirmed,,,https://www.gl-link.co.jp
1160,1160,株式会社ワイオーユー,https://www.you-group.co.jp,〒107-0062 東京都港区南青山1,03-5775-2297,,https://www.you-group.co.jp/contact/,,,,,,,,,,,株式会社ワイオーユー,existing,exclude,target_service_unconfirmed,,,https://www.you-group.co.jp
1161,1161,株式会社ことろど,https://www.miyakonjob.jp,〒887-0014 宮崎県日南市岩崎2,0986-22-2852,,https://www.miyakonjob.jp/contact/entry/ic,,,,,,,,,,,株式会社ことろど,company_label,exclude,target_service_unconfirmed,,,https://www.miyakonjob.jp
1162,1162,2026 Coraleon Inc.ALL RIGHT RESERVED,https://coraleon.co.jp,〒904-0004 沖縄県沖縄市中央１,,,https://coraleon.co.jp/contact,,,,,,,,,,,Coraleon Inc.ALL RIGHT RESERVED,existing_english,exclude,target_service_unconfirmed,,,https://coraleon.co.jp
1163,1163,ユーミーコーポレーション株式会社 英語表記 You&Me Corporation,https://reform.you-me.co.jp,〒890-0008 鹿児島県鹿児島市伊敷一丁目,099-220-5750,,https://reform.you-me.co.jp/contact/,,,,,,,,,,,株式会社 英語表記,company_label,exclude,target_service_unconfirmed,,,https://reform.you-me.co.jp
1164,1164,社名商号 ： ステアリテール株式会社,https://www.shanon.co.jp,〒105-0013 東京都港区浜松町2,03-6743-1565,,https://www.shanon.co.jp/ir/information/#message,,,,,,,,,,,社名商号 ： ステアリテール株式会社,existing_english,exclude,target_service_unconfirmed,,,https://www.shanon.co.jp
1165,1165,株式会社 佐藤工務店,https://kk-satokoumuten.jp,〒080-0846 北海道帯広市緑が丘7,0155-34-4646,,https://www.kk-satokoumuten.jp/information/2018/03/post-12.html,,,,,,,,,,,株式会社 佐藤工務店,existing,exclude,target_service_unconfirmed,,,https://kk-satokoumuten.jp
1166,1166,サイバートラスト株式会社,https://www.cybertrust.co.jp,〒107-6031 東京都 港区 赤坂 1,,,https://www.cybertrust.co.jp/contact/,,,,,,,,,,,サイバートラスト株式会社,existing_english,exclude,target_service_unconfirmed,,,https://www.cybertrust.co.jp
1167,1167,株式会社フィット＆リカバリー,https://fit-recovery.co.jp,〒105-0004 東京都港区新橋三丁目,,,https://fit-recovery.co.jp/contact,,,,,,,,,,,株式会社フィット＆リカバリー,existing,exclude,target_service_unconfirmed,,,https://fit-recovery.co.jp
1168,1168,Far Yeast Brewing株式会社,https://faryeast.com,〒409-0211 山梨県北都留郡小菅村4,,,https://faryeast.com/pages/contact,,,,,,,,,,,Far Yeast Brewing株式会社,existing_english,exclude,target_service_unconfirmed,,,https://faryeast.com
1169,1169,株式会社TIGEREYE,https://tigereye.ai,〒104-0053 東京都中央区晴海1,,,https://tigereye.ai/contact/,,,,,,,,,,,株式会社TIGEREYE,existing,exclude,target_service_unconfirmed,,,https://tigereye.ai
1170,1170,Sony Marketing Inc.,https://www.sony.jp,〒106-0032 東京都港区六本木一丁目,050-3754-9506,,https://www.sony.jp/support/,,,,,,,,,,,Sony Marketing Inc,existing_english,exclude,target_service_unconfirmed,,,https://www.sony.jp
1171,1171,株式会社Vistainnovate,https://vistainnovate.jp,〒690-0845 島根県松江市西茶町4,,,https://vistainnovate.jp/contact/,,,,,,,,,,,株式会社Vistainnovate,existing,exclude,target_service_unconfirmed,,,https://vistainnovate.jp
1172,1172,合同会社SOL COMODA,https://minpaku-ehime.com,〒581-0045 大阪府八尾市西木の本2,090-8196-7107,,https://minpaku-ehime.com/contact/,,,,,,,,,,,合同会社SOL,company_label,exclude,target_service_unconfirmed,,,https://minpaku-ehime.com
1173,1173,ブリューエン株式会社,https://bluhen.org,〒507-0033 岐阜県多治見市本町 6,050-1791-0275,,https://bluhen.org/contact,,,,,,,,,,,ブリューエン株式会社,existing_english,exclude,target_service_unconfirmed,,,https://bluhen.org
1174,1174,株式会社favy,https://blog.favy.co.jp,〒428-0301 静岡県榛原郡川根本町上長尾4,,,,,,,,,,,,,,株式会社favy,existing,exclude,target_service_unconfirmed,,,https://blog.favy.co.jp
1175,1175,兼松経営株式会社,https://kanematsu-keiei.com,〒461-0004 愛知県名古屋市東区葵3,,,https://kanematsu-keiei.com/contact/,,,,,,,,,,,兼松経営株式会社,existing_english,exclude,weak_incidental_keyword,,,https://kanematsu-keiei.com
1176,1176,one purpose inc.,https://onepurpose-pr.com,〒231-0021 神奈川県横浜市中区日本大通3,,,https://onepurpose-pr.com/contact/,,,,,,,,,,,one purpose inc,existing_english,exclude,target_service_unconfirmed,,,https://onepurpose-pr.com
1177,1177,株式会社Barbara Pool,https://www.barbarapool.com,〒170-0004 東京都豊島区北大塚２,03-6659-9858,,https://www.barbarapool.com/contact,,,,,,,,,,,株式会社Barbara,company_label,exclude,target_service_unconfirmed,,,https://www.barbarapool.com
1178,1178,林原商店 合同会社,https://www.hayashibara-shouten.com,〒933-0231 富山県射水市海老江浜開1,080-4255-5865,,https://www.hayashibara-shouten.com/request/,,,,,,,,,,,林原商店 合同会社,existing_english,exclude,weak_incidental_keyword,,,https://www.hayashibara-shouten.com
1179,1179,ゴーウェルキャリア株式会社,https://gowell-hr.com,〒104-0061 東京都中央区銀座3,03-6272-9659,,https://gowell-hr.com/form2/,,,,,,,,,,,ゴーウェルキャリア株式会社,existing_english,exclude,target_service_unconfirmed,,,https://gowell-hr.com
1180,1180,コインタックス株式会社,https://corp.coin-tax.net,〒530-0003 大阪府大阪市北区堂島2,,,https://corp.coin-tax.net/contact/,,,,,,,,,,,コインタックス株式会社,existing_english,exclude,target_service_unconfirmed,,,https://corp.coin-tax.net
1181,1181,株式会社グロスペリティ,https://glosperity.co.jp,〒812-0012 福岡県福岡市博多区博多駅中央街5,092-600-2667,,https://glosperity.co.jp/contact/,,,,,,,,,,,株式会社グロスペリティ,company_label,exclude,target_service_unconfirmed,,,https://glosperity.co.jp
1182,1182,合同会社CREWS SHIP（クルーズシップ）,https://crews-ship.com,〒722-0035 広島県尾道市土堂2,,,https://crews-ship.com#contact,,,,,,,,,,,合同会社CREWS,company_label,exclude,weak_incidental_keyword,,,https://crews-ship.com
1183,1183,Valuence Holdings Inc.,https://www.valuence.inc,〒107-0062 東京都港区南青山5,03-4580-9983,,https://www.valuence.inc/contact/,,,,,,,,,,,Valuence Holdings Inc,existing_english,exclude,target_service_unconfirmed,,,https://www.valuence.inc
1184,1184,合同会社ニタドリ（Nitadori LLC.）,https://nitadori.info,〒105-0013 東京都港区浜松町２,,,https://nitadori.info/contact,,,,,,,,,,,合同会社ニタドリ,existing,exclude,target_service_unconfirmed,,,https://nitadori.info
1185,1185,株式会社ザメディアジョン ※ 株式会社ザメディアジョンHRの会社概要はこちら ＞,https://mediasion.co.jp,〒141-0031 東京都品川区西五反田8,082-503-5035,,https://mediasion.co.jp/contact/,,,,,,,,,,,株式会社ザメディアジョン,company_label,exclude,target_service_unconfirmed,,,https://mediasion.co.jp
1186,1186,株式会社技研サービス,https://www.kk-giken.jp,〒500-8384 岐阜県岐阜市薮田南3,058-271-3141,,https://www.kk-giken.jp/contact/,,,,,,,,,,,株式会社技研サービス,company_label,exclude,weak_incidental_keyword,,,https://www.kk-giken.jp
1187,1187,株式会社BOLBOP,https://hls-hirosaki.com,〒036-8182 青森県弘前市土手町1,,,https://hls-hirosaki.com/contact,,,,,,,,,,,株式会社まちなかキャンパス,company_label,exclude,target_service_unconfirmed,,,https://hls-hirosaki.com
1188,1188,合同会社ShokumS,https://shokums.com,〒152-0003 東京都目黒区碑文谷3,,,https://shokums.com/contact/,,,,,,,,,,,合同会社ShokumS,company_label,exclude,weak_incidental_keyword,,,https://shokums.com
1189,1189,株式会社テックリンク Teclink Inc.,https://www.teclink.co.jp,〒144-0054 東京都大田区新蒲田1,03-5711-3326,,https://www.teclink.co.jp/company/#contact,,,,,,,,,,,株式会社テックリンク,company_label,exclude,target_service_unconfirmed,,,https://www.teclink.co.jp
1190,1190,株式会社 羅針盤,https://compasscorp.jp,〒104-0061 東京都中央区銀座七丁目,,,https://compasscorp.jp/contact/,,,,,,,,,,,株式会社羅針盤,company_label,exclude,target_service_unconfirmed,,,https://compasscorp.jp
1191,1191,Lively LLC,https://livelyjp.com,〒100-0005 東京都 千代田区 丸の内3,,,https://livelyjp.com#contact,,,,,,,,,,,Lively LLC,existing_english,exclude,target_service_unconfirmed,,,https://livelyjp.com
1192,1192,手塚運輸株式会社,https://event-truck.jp,〒332-0017 埼玉県川口市栄町二丁目,048-251-3929,,https://event-truck.jp/contact/,,,,,,,,,,,株式会社 イベントメディア事業部,company_jsonld,exclude,target_service_unconfirmed,,,https://event-truck.jp
1193,1193,ヒューマン・ブラザーズ株式会社,https://humanbrothers.co.jp,〒279-0014 千葉県浦安市明海3,047-720-3855,,https://humanbrothers.co.jp/wp/consulting/,,,,,,,,,,,ヒューマン・ブラザーズ株式会社,existing_english,exclude,target_service_unconfirmed,,,https://humanbrothers.co.jp
1194,1194,キャップクラウド株式会社,http://recruit.capcloud.co.jp,〒403-0017 山梨県富士吉田市新西原1,03-6824-1006,,,,,,,,,,,,,キャップクラウド株式会社,existing_english,exclude,target_service_unconfirmed,,,http://recruit.capcloud.co.jp
1195,1195,ONE SMILE株式会社,https://web-communication.jp,〒617-0823 京都府長岡京市長岡3,075-741-6363,,https://web-communication.jp/contact,,,,,,,,,,,ONE SMILE株式会社,existing_english,exclude,target_service_unconfirmed,,,https://web-communication.jp
1196,1196,narrative inc.,https://nrtv.co.jp,〒107-0052 東京都港区赤坂5,,,https://nrtv.co.jp/contact/,,,,,,,,,,,narrative inc,existing_english,exclude,target_service_unconfirmed,,,https://nrtv.co.jp
1197,1197,株式会社エクイティ,https://equity-mg.com,〒460-0011 愛知県名古屋市中区大須2,06-6467-4315,,https://equity-mg.com/contact/,,,,,,,,,,,株式会社エクイティ,company_label,exclude,target_service_unconfirmed,,,https://equity-mg.com
1198,1198,株式会社BizPlatform（英語表記：BizPlatform Inc.),https://zeinavi.jp,〒330-0802 埼玉県さいたま市大宮区宮町4,0120-999-411,,https://zeinavi.jp/?page_id=22,,,,,,,,,,,株式会社BizPlatform,company_label,exclude,target_service_unconfirmed,,,https://zeinavi.jp
1199,1199,株式会社Relic（Relic Inc.）,https://relic.co.jp,〒790-0012 愛媛県松山市湊町4,,,https://relic.co.jp/contact_dl/,,,,,,,,,,,株式会社Relic,company_jsonld,exclude,target_service_unconfirmed,,,https://relic.co.jp
1200,1200,株式会社パソナ地方創生,https://chihousousei.jp,〒107-0062 東京都港区南青山3,03-6832-7366,,https://chihousousei.jp/contact/,,,,,,,,,,,株式会社パソナ地方創生,company_label,exclude,target_service_unconfirmed,,,https://chihousousei.jp
1201,1201,株式会社たべごとカンパニー,https://foodoffice357.amebaownd.com,〒402-0040 ◆大分県の名城（べっぷゆけむり大学） ◆留学生向け城下町講義（大分大学経済学部）平成2,,,https://foodoffice357.amebaownd.com/pages/176127/page_201511032132,,,,,,,,,,,株式会社たべごとカンパニー,company_label,exclude,target_service_unconfirmed,,,https://foodoffice357.amebaownd.com
1202,1202,株式会社Fast Fitness Japan,https://www.fastfitnessjapan.jp,〒160-0023 東京都新宿区西新宿六丁目,,,https://www.fastfitnessjapan.jp/property-inquiry/,,,,,,,,,,,株式会社Fast,company_label,exclude,target_service_unconfirmed,,,https://www.fastfitnessjapan.jp
1203,1203,株式会社ビルディット,https://bldt.jp,〒192-0082 東京都八王子市東町1,,,https://bldt.jp/inquiry,,,,,,,,,,,株式会社ビルディット,existing,exclude,target_service_unconfirmed,,,https://bldt.jp
1204,1204,株式会社 MIC（ミック）,https://www.mic-info.co.jp,〒222-0033 神奈川県横浜市港北区新横浜2,045-345-2525,,https://www.mic-info.co.jp/contact/,,,,,,,,,,,株式会社 MIC,company_label,exclude,target_service_unconfirmed,,,https://www.mic-info.co.jp
1205,1205,株式会社Hurray3,https://hurray3.com,〒141-0022 東京都品川区東五反田5,03-6453-7218,,https://hurray3.com/contact/,,,,,,,,,,,株式会社フレイ・スリー,company_label,exclude,target_service_unconfirmed,,,https://hurray3.com
1206,1206,株式会社レッドスターカンパニー,https://www.redstarcompany.co.jp,〒047-0154 北海道小樽市朝里川温泉1,,,https://www.redstarcompany.co.jp/contact,,,,,,,,,,,株式会社レッドスターカンパニー,company_jsonld,exclude,target_service_unconfirmed,,,https://www.redstarcompany.co.jp
1207,1207,※「ゼロテク®︎」は株式会社アリミノの登録商標です。,https://www.arimino.co.jp,〒980-0013 宮城県仙台市青葉区花京院1,03-3363-8211,,https://www.arimino.co.jp/contact/inquiry/,,,,,,,,,,,株式会社アリミノ,company_jsonld,exclude,target_service_unconfirmed,,,https://www.arimino.co.jp
1208,1208,ブルーファーム株式会社,https://bluefarm.co.jp,〒989-6162 宮城県大崎市古川駅前大通1,0229-25-5442,,https://bluefarm.co.jp/contact/,,,,,,,,,,,ブルーファーム株式会社,existing_english,exclude,weak_incidental_keyword,,,https://bluefarm.co.jp
1209,1209,株式会社ワイズサイン,https://ys-sign.com,〒379-2235 群馬県伊勢崎市三室町5,0270-62-6696,,https://ys-sign.com/contact/,,,,,,,,,,,株式会社ワイズサイン,company_label,exclude,weak_incidental_keyword,,,https://ys-sign.com
1210,1210,春蒔プロジェクト株式会社,https://harumaki.co.jp,〒150-0002 東京都渋谷区渋谷1,03-6419-7799,,https://harumaki.co.jp/inquiry/,,,,,,,,,,,春蒔プロジェクト株式会社,existing_english,exclude,weak_incidental_keyword,,,https://harumaki.co.jp
1211,1211,株式会社オフィスアリーナ,https://office-arena.com,〒270-0034 千葉県松戸市新松戸7,047-345-4669,,https://office-arena.com/contact/,,,,,,,,,,,株式会社オフィスアリーナ,company_label,exclude,target_service_unconfirmed,,,https://office-arena.com
1212,1212,株式会社エナゲピューラ.,https://enagepura.jp,〒186-0002 東京都国立市東1,042-512-9846,,https://enagepura.jp/inquiry/,,,,,,,,,,,株式会社エナゲピューラ,company_label,exclude,target_service_unconfirmed,,,https://enagepura.jp
1213,1213,is-PRO Inc.,https://www.is-pro.co.jp,〒351-0015 埼玉県朝霞市幸町3,03-5933-3510,,https://www.is-pro.co.jp/contact/,,,,,,,,,,,株式会社アイエス,company_label,exclude,target_service_unconfirmed,,,https://www.is-pro.co.jp
1214,1214,株式会社 グッドネイバーズ,https://enjoyworks.jp,〒248-0014 神奈川県鎌倉市由比ガ浜1,0467-53-8583,,https://enjoyworks.jp/contact/,,,,,,,,,,,株式会社エンジョイワークス,company_label,exclude,target_service_unconfirmed,,,https://enjoyworks.jp
1215,1215,エキスパート・フラップ株式会社,https://www.expert-frappu.co.jp,〒920-0061 石川県金沢市問屋町1,076-237-8881,,https://www.expert-frappu.co.jp/contact,,,,,,,,,,,エキスパート・フラップ株式会社,existing_english,exclude,weak_incidental_keyword,,,https://www.expert-frappu.co.jp
1216,1216,株式会社ジースタッフ,https://www.g-staff.net,〒503-0035 岐阜県大垣市荒尾玉池2,0584-47-5780,,https://www.g-staff.net#contact,,,,,,,,,,,株式会社ジースタッフ,company_label,exclude,target_service_unconfirmed,,,https://www.g-staff.net
1217,1217,合同会社未来志向Labo,https://miraishikolabo.com,〒416-0939 静岡県富士市川成島6,,,,,,,,,,,,,,合同会社未来志向Labo,company_label,exclude,target_service_unconfirmed,,,https://miraishikolabo.com
1218,1218,日本イベント企画株式会社,https://www.ne-planning.com,〒503-0006 岐阜県大垣市加賀野4,0584-71-6131,,https://www.ne-planning.com/contact/,,,,,,,,,,,日本イベント企画株式会社,existing_english,exclude,target_service_unconfirmed,,,https://www.ne-planning.com
1219,1219,株式会社ニッセンLINX,https://www.nissen.biz,〒104-0033 東京都中央区新川2,0120-338-840,,https://www.nissen.biz/contact/,,,,,,,,,,,株式会社ニッセンLINX,company_label,exclude,target_service_unconfirmed,,,https://www.nissen.biz
1220,1220,有限会社デジタルストライブ,https://d-strive.com,〒524-0041 滋賀県守山市勝部一丁目,077-514-2127,,https://d-strive.com/contact,,,,,,,,,,,有限会社デジタルストライブ,existing,exclude,target_service_unconfirmed,,,https://d-strive.com
1221,1221,株式会社askme（アスクミー),https://www.askme.co.jp,〒550-0011 大阪府大阪市西区阿波座1,03-5796-3980,,https://www.askme.co.jp/contacta/,,,,,,,,,,,株式会社askme,existing,exclude,target_service_unconfirmed,,,https://www.askme.co.jp
1222,1222,LUXES Inc,https://www.luxces.jp,〒569-0071 大阪府高槻市城北町２,,,https://www.luxces.jp/contact,,,,,,,,,,,株式会社ルクセス,root_jsonld,exclude,target_service_unconfirmed,,,https://www.luxces.jp
1223,1223,CommerceXホールディングス株式会社,https://commercex.co.jp,〒564-0051 大阪府吹田市豊津町9,06-6170-5121,,https://commercex.co.jp/contact,,,,,,,,,,,CommerceXホールディングス株式会社,existing_english,exclude,target_service_unconfirmed,,,https://commercex.co.jp
1224,1224,称 髙田紙器株式会社,https://www.takada-shiki.com,〒581-0039 大阪府八尾市太田新町7,072-920-2366,,https://www.takada-shiki.com/ja-jp/contact?hsLang=ja,,,,,,,,,,,称 髙田紙器株式会社,existing_english,exclude,target_service_unconfirmed,,,https://www.takada-shiki.com
1225,1225,株式会社モバイルコム,https://www.mobilecom.co.jp,〒790-0062 愛媛県松山市南江戸3,089-926-3030,,https://www.mobilecom.co.jp/contact/,,,,,,,,,,,株式会社モバイルコム,company_jsonld,exclude,target_service_unconfirmed,,,https://www.mobilecom.co.jp
1226,1226,大弘アド沖縄 (株式会社大弘アド),http://www.daiko-ad.okinawa,〒904-0413 沖縄県国頭郡恩納村冨着1,098-989-6912,,http://www.daiko-ad.okinawa/contact,,,,,,,,,,,株式会社大弘アド,company_label,exclude,target_service_unconfirmed,,,http://www.daiko-ad.okinawa
1227,1227,株式会社無添加住宅,https://mutenkahouse-reform.jp,〒663-8005 兵庫県西宮市下大市西町3,0798-52-2255,,https://mutenkahouse-reform.jp/contact_agency.html,,,,,,,,,,,株式会社無添加住宅,existing,exclude,target_service_unconfirmed,,,https://mutenkahouse-reform.jp
1228,1228,W inc.,https://w-inc.net,〒253-0055 神奈川県茅ヶ崎市中海岸4,,,https://w-inc.net/contact8/,,,,,,,,,,,株式会社ダブリュー,company_jsonld,exclude,target_service_unconfirmed,,,https://w-inc.net
1229,1229,株式会社 松本山雅,https://www.yamaga-fc.com,〒386-1326 長野県上田市舞田7,0263-88-5490,,https://www.yamaga-fc.com/contact/fan-letter,,,,,,,,,,,株式会社 松本山雅,existing,exclude,target_service_unconfirmed,,,https://www.yamaga-fc.com
1230,1230,株式会社ウェブベース,https://www.web-base.co.jp,〒560-0032 大阪府豊中市蛍池東町2,0120-977-054,,https://www.web-base.co.jp/2_contact/,,,,,,,,,,,株式会社ウェブベース,company_label,exclude,target_service_unconfirmed,,,https://www.web-base.co.jp
1231,1231,株式会社トリップシード,https://tripseed.jp,〒194-0003 東京都町田市小川7,,,https://tripseed.jp/contact/,,,,,,,,,,,株式会社トリップシードTrip,company_label,exclude,target_service_unconfirmed,,,https://tripseed.jp
1232,1232,株式会社エブリー,https://corp.snapdish.jp,〒100-8508 東京都千代田区内幸町1,0422-24-6341,,https://corp.snapdish.jp/contact/,,,,,,,,,,,株式会社エブリー,existing,exclude,target_service_unconfirmed,,,https://corp.snapdish.jp
1233,1233,株式会社雨風太陽,https://ame-kaze-taiyo.jp,〒104-0061 東京都中央区銀座５,,,https://ame-kaze-taiyo.jp#contact,,,,,,,,,,,株式会社雨風太陽,company_label,exclude,target_service_unconfirmed,,,https://ame-kaze-taiyo.jp
1234,1234,株式会社ふらっとろーかる,https://www.flat-local.jp,〒326-0843 栃木県足利市五十部町2,027-235-8011,,https://www.flat-local.jp/contact/,,,,,,,,,,,株式会社ふらっとろーかる,existing,exclude,target_service_unconfirmed,,,https://www.flat-local.jp
1235,1235,株式会社ニシカワ,https://www.tama-ebooks.jp,〒207-0015 東京都東大和市中央2,042-808-3055,,https://www.tama-ebooks.jp/inquiry/,,,,,,,,,,,株式会社ニシカワ,company_label,exclude,target_service_unconfirmed,,,https://www.tama-ebooks.jp
1236,1236,銚子電気鉄道株式会社,https://www.choshi-dentetsu.jp,〒288-0012 千葉県銚子市犬吠埼9,0479-25-1106,,https://www.choshi-dentetsu.jp/railway/1815/,,,,,,,,,,,銚子電気鉄道株式会社,existing_english,exclude,target_service_unconfirmed,,,https://www.choshi-dentetsu.jp
1237,1237,タキヒヨー株式会社,https://www.takihyo.co.jp,〒451-8688 愛知県名古屋市西区牛島町6,052-587-7030,,https://www.takihyo.co.jp/contact/,,,,,,,,,,,タキヒヨー株式会社,existing_english,exclude,target_service_unconfirmed,,,https://www.takihyo.co.jp
1238,1238,株式会社 大中環境,https://daichu.jp,〒494-0012 愛知県一宮市明地字山中2,0120-530-768,,https://daichu.jp/contact,,,,,,,,,,,株式会社 大中環境,company_label,exclude,target_service_unconfirmed,,,https://daichu.jp
1239,1239,株式会社オンギガンツ,https://ongigants.com,〒106-0045 東京都港区麻布十番,,,https://ongigants.com/contactform/,,,,,,,,,,,株式会社オンギガンツ,company_label,exclude,target_service_unconfirmed,,,https://ongigants.com
1240,1240,株式会社WOW WORLD,https://www.wow-world.co.jp,〒141-0031 東京都品川区西五反田7,03-6387-8080,,https://www.wow-world.co.jp/form/inquiry-input,,,,,,,,,,,株式会社WOW,company_label,exclude,target_service_unconfirmed,,,https://www.wow-world.co.jp
1241,1241,株式会社 地域環境計画研究所,https://www.ckkplan.net,〒660-0814 兵庫県尼崎市杭瀬本町1,,,https://www.ckkplan.net/contact/,,,,,,,,,,,株式会社 地域環境計画研究所,existing,exclude,target_service_unconfirmed,,,https://www.ckkplan.net
1242,1242,株式会社パストラーレ,https://pastorale.jp,〒164-0012 東京都中野区本町2,03-3320-6200,,https://pastorale.jp/contact/,,,,,,,,,,,株式会社パストラーレ,company_label,exclude,target_service_unconfirmed,,,https://pastorale.jp
1243,1243,ミテモ株式会社,https://www.mitemo.co.jp,〒116-0013 東京都荒川区西日暮里4,,,https://www.mitemo.co.jp/contact/,,,,,,,,,,,ミテモ株式会社,existing_english,exclude,target_service_unconfirmed,,,https://www.mitemo.co.jp
1244,1244,合同会社ティープラスワン,https://www.tplus1.biz,〒411-0932 静岡県駿東郡長泉町南一色１,055-989-4871,,https://www.tplus1.biz/contact,,,,,,,,,,,合同会社ティープラスワン,company_label,exclude,target_service_unconfirmed,,,https://www.tplus1.biz
1245,1245,株式会社 レガーレ,https://le-gare.co.jp,〒329-1104 栃木県宇都宮市下岡本町1,028-307-3828,,,,,,,,,,,,,株式会社レガーレ,company_jsonld,exclude,target_service_unconfirmed,,,https://le-gare.co.jp
1246,1246,みらい株式会社,https://go-mirai.jp,〒730-0031 広島県広島市中区紙屋町1,082-535-5231,,https://go-mirai.jp/contact/,,,,,,,,,,,みらい株式会社,existing_english,exclude,target_service_unconfirmed,,,https://go-mirai.jp
1247,1247,ベックス株式会社,https://bex-corp.jp,〒101-0046 東京都千代田区神田多町2,03-5298-3036,,https://bex-corp.jp/contact/,,,,,,,,,,,ベックス株式会社,existing_english,exclude,target_service_unconfirmed,,,https://bex-corp.jp
1248,1248,AR企画株式会社,https://ar-planner.com,〒270-0023 千葉県松戸市八ヶ崎五丁目,047-368-3142,,https://ar-planner.com#contact,,,,,,,,,,,AR企画株式会社,existing_english,exclude,weak_incidental_keyword,,,https://ar-planner.com
1249,1249,有限会社テクニクス,https://technix.jp,〒344-0122 埼玉県春日部市下柳 4,048-795-4423,,https://technix.jp/contact/,,,,,,,,,,,有限会社テクニクス,company_label,exclude,target_service_unconfirmed,,,https://technix.jp
1250,1250,株式会社ユージーン,https://www.yougene.co.jp,〒192-0073 東京都八王子市寺町4,,,https://www.yougene.co.jp/company,,,,,,,,,,,株式会社ユージーン,existing,exclude,target_service_unconfirmed,,,https://www.yougene.co.jp
1251,1251,株式会社LRプラスK,https://www.kamichiku.co.jp,〒899-3516 鹿児島県南さつま市金峰町浦之名2,099-822-1888,,https://www.kamichiku.co.jp/contents/contact/,,,,,,,,,,,株式会社LRプラスK,existing,exclude,target_service_unconfirmed,,,https://www.kamichiku.co.jp
1252,1252,株式会社SHIMO企画,https://www.shimokikaku.com,〒182-0002 東京都調布市仙川町1,03-5315-9449,,https://www.shimokikaku.com/contact.php,,,,,,,,,,,株式会社SHIMO企画,company_label,exclude,target_service_unconfirmed,,,https://www.shimokikaku.com
1253,1253,株式会社 full house,https://fullhouseinc.co.jp,〒243-0017 神奈川県厚木市栄町2,,,https://fullhouseinc.co.jp/contact/,,,,,,,,,,,株式会社full,company_label,exclude,target_service_unconfirmed,,,https://fullhouseinc.co.jp
1254,1254,Core Concept Technologies Inc.,https://www.cct-inc.co.jp,〒171-0022 東京都豊島区南池袋1,,,https://www.cct-inc.co.jp/ir/inquiry/,,,,,,,,,,,Core Concept Technologies Inc,existing_english,exclude,target_service_unconfirmed,,,https://www.cct-inc.co.jp
1255,1255,株式会社モノト,https://monoto.co.jp,〒190-0022 東京都立川市錦町1,042-508-2839,,https://monoto.co.jp/contact/,,,,,,,,,,,株式会社モノト,company_jsonld,exclude,target_service_unconfirmed,,,https://monoto.co.jp
1256,1256,株式会社TalentX,https://talentx.co.jp,〒162-0825 東京都新宿区神楽坂4,,,https://talentx.co.jp/contact-others,,,,,,,,,,,株式会社TalentX,company_jsonld,exclude,weak_incidental_keyword,,,https://talentx.co.jp
1257,1257,株式会社systemRie,https://systemrie.com,〒739-0603 広島県大竹市西栄,090-7128-1153,,https://systemrie.com/contact/,,,,,,,,,,,株式会社systemRie,existing,exclude,target_service_unconfirmed,,,https://systemrie.com
1258,1258,ETOILE Inc.,https://creaite-ai.com,〒160-0023 東京都新宿区西新宿七丁目,050-1725-9358,,https://creaite-ai.com/contact/,,,,,,,,,,,ETOILE Inc,existing_english,exclude,target_service_unconfirmed,,,https://creaite-ai.com
1259,1259,AK・design合同会社 〈 熊谷指圧鍼灸院 〉,https://www.akdesign.jp,〒360-0031 埼玉県熊谷市末広3,,,https://www.akdesign.jp/contact,,,,,,,,,,,AK・design合同会社 〈 熊谷指圧鍼灸院 〉,existing_english,exclude,target_service_unconfirmed,,,https://www.akdesign.jp
1260,1260,盈和産業株式会社,https://tokorozawanavi.com,〒359-1123 埼玉県所沢市日吉町4,04-2924-0527,,https://tokorozawanavi.com/contact/,,,,,,,,,,,盈和産業株式会社,existing_english,exclude,target_service_unconfirmed,,,https://tokorozawanavi.com
1261,1261,株式会社ケンテル,https://kentel.co.jp,〒194-0045 東京都町田市南成瀬1,042-739-5100,,https://kentel.co.jp/contact/,,,,,,,,,,,株式会社ケンテル,company_label,exclude,target_service_unconfirmed,,,https://kentel.co.jp
1262,1262,SCALA PLAYce Inc,https://scala-playce.jp,〒101-0021 東京都千代田区外神田6,,,https://scala-playce.jp/contact/,,,,,,,,,,,SCALA PLAYce Inc,existing_english,exclude,target_service_unconfirmed,,,https://scala-playce.jp
1263,1263,株式会社キャリアコンサルティング,https://c-consul.co.jp,〒101-0051 東京都千代田区神田神保町3,03-5214-6380,,https://c-consul.co.jp/contact/,,,,,,,,,,,株式会社キャリアコンサルティング,company_jsonld,exclude,weak_incidental_keyword,,,https://c-consul.co.jp
1264,1264,トレーディネート株式会社,https://www.tradinate.co.jp,〒810-0004 福岡県福岡市中央区渡辺通５,092-408-2536,,https://www.tradinate.co.jp/inquiry/,,,,,,,,,,,トレーディネート株式会社,existing_english,exclude,weak_incidental_keyword,,,https://www.tradinate.co.jp
1265,1265,︎ 2023 三条印刷株式会社.,https://sanjo-prn.co.jp,〒955-0072 新潟県三条市元町9,0256-32-2281,,https://sanjo-prn.co.jp/contact/,,,,,,,,,,,三条印刷株式会社,existing_english,exclude,target_service_unconfirmed,,,https://sanjo-prn.co.jp
1266,1266,「完全反響型の営業」を積極採用中！ 二ラスイホーム株式会社,https://nirasui-saiyou.com,〒410-2131 静岡県伊豆の国市長崎2,,,,,,,,,,,,,,「完全反響型の営業」を積極採用中！ 二ラスイホーム株式会社,existing_english,exclude,target_service_unconfirmed,,,https://nirasui-saiyou.com
1267,1267,株式会社マイコンシェルジュ,https://www.myconcierge.jp,〒737-0137 広島県呉市広小坪1,,,,,,,,,,,,,,株式会社マイコンシェルジュ,existing,exclude,target_service_unconfirmed,,,https://www.myconcierge.jp
1268,1268,株式会社アライブ ビジネス,https://alive-business.com,〒180-0004 東京都武蔵野市吉祥寺本町1,,,https://alive-business.com/services-2.html#consult,,,,,,,,,,,株式会社 アライブ,company_label,exclude,target_service_unconfirmed,,,https://alive-business.com
1269,1269,株式会社アスコエパートナーズ,https://www.asukoe.co.jp,〒105-0001 東京都港区虎ノ門五丁目,03-6452-8724,,https://www.asukoe.co.jp/contact/,,,,,,,,,,,株式会社アスコエパートナーズ,company_label,exclude,target_service_unconfirmed,,,https://www.asukoe.co.jp
1270,1270,株式会社MDAコンサルティング,https://mda-consultant.com,〒965-0037 福島県会津若松市中央1,090-5839-6400,,https://mda-consultant.com/contact/,,,,,,,,,,,株式会社MDAコンサルティング,company_label,exclude,target_service_unconfirmed,,,https://mda-consultant.com
1271,1271,株式会社ギークピクチュアズ,https://geekpictures.co.jp,〒107-0061 東京都港区北⻘⼭1,03-5879-2360,,,,,,,,,,,,,株式会社ギークピクチュアズ,existing,exclude,target_service_unconfirmed,,,https://geekpictures.co.jp
1272,1272,株式会社キャリア・マム,https://corp.c-mam.co.jp,〒206-0033 東京都多摩市落合1,042-389-0220,,https://corp.c-mam.co.jp/service/consulting/,,,,,,,,,,,株式会社キャリア・マム,company_label,exclude,target_service_unconfirmed,,,https://corp.c-mam.co.jp
1273,1273,株式会社 ソノリテ,https://sonorite.cc,〒135-0016 東京都江東区東陽3,03-6458-6114,,https://sonorite.cc/service/consulting/,,,,,,,,,,,株式会社 ソノリテ,company_label,exclude,weak_incidental_keyword,,,https://sonorite.cc
1274,1274,株式会社ユー企画印刷,https://www.you-k-p.com,〒359-0027 埼玉県所沢市松郷1,04-2944-9544,,https://www.you-k-p.com/contact/,,,,,,,,,,,株式会社ユー企画印刷,company_label,exclude,target_service_unconfirmed,,,https://www.you-k-p.com
1275,1275,"Howdys,Inc",https://site.howdys.co.jp,〒373-0851 群馬県太田市飯田町1,0276-52-8761,,https://site.howdys.co.jp/contact,,,,,,,,,,,"Howdys,Inc",existing_english,exclude,target_service_unconfirmed,,,https://site.howdys.co.jp
1276,1276,Cybernavi Inc.,https://www.atengineer.com,〒359-0027 埼玉県所沢市松郷1,082-542-2000,,https://www.atengineer.com/pr/official/inquiry?fm_cn=engtop&fm_sq=009,,,,,,,,,,,Cybernavi Inc,existing_english,exclude,target_service_unconfirmed,,,https://www.atengineer.com
1277,1277,株式会社プロジェクトデザイン,https://www.projectdesign.co.jp,〒936-0056 富山県滑川市田中新町2,076-482-4130,,https://www.projectdesign.co.jp/service/business-games_for_inquiry-based-learning/,,,,,,,,,,,株式会社プロジェクトデザイン,company_jsonld,exclude,weak_incidental_keyword,,,https://www.projectdesign.co.jp
1278,1278,株式会社サンウエスパ,https://sunwaspa.com,〒501-3156 岐阜県岐阜市岩田西3,058-241-8077,,https://sunwaspa.com/contact/,,,,,,,,,,,株式会社サンウエスパ,existing,exclude,target_service_unconfirmed,,,https://sunwaspa.com
1279,1279,いい販促株式会社,https://ii-hansoku.com,〒630-8246 奈良県奈良市 油阪地方町6,0742-23-9600,,https://ii-hansoku.com/74901/contact/,,,,,,,,,,,いい販促株式会社,existing_english,exclude,weak_incidental_keyword,,,https://ii-hansoku.com
1280,1280,大昌印刷販売株式会社,https://daisho-pm.co.jp,〒581-0054 大阪府八尾市南亀井町1,072-923-8888,,https://daisho-pm.co.jp/contact/,,,,,,,,,,,大昌印刷販売株式会社,existing_english,exclude,target_service_unconfirmed,,,https://daisho-pm.co.jp
1281,1281,リンクエイト 株式会社,https://link-eate.com,〒581-0044 大阪府八尾市木の本2,090-3867-1031,,https://link-eate.com/contact/,,,,,,,,,,,リンクエイト 株式会社,existing_english,exclude,target_service_unconfirmed,,,https://link-eate.com
1282,1282,ren Inc.,https://reninc.jp,〒111-0024 東京都台東区今戸1,,,https://reninc.jp/contact/,,,,,,,,,,,株式会社ren,company_label,exclude,target_service_unconfirmed,,,https://reninc.jp
1283,1283,株式会社エーピーシィ (英文社名:APC Inc.),http://apcplus.co.jp,〒446-0046 愛知県安城市赤松町新屋敷2,0566-74-3881,,,,,,,,,,,,,株式会社エーピーシィ,company_label,exclude,target_service_unconfirmed,,,http://apcplus.co.jp
1284,1284,オータス株式会社,https://otas-kk.co.jp,〒980-0014 宮城県仙台市青葉区本町二丁目,022-712-7570,,https://otas-kk.co.jp/contact/,,,,,,,,,,,オータス株式会社,existing_english,exclude,target_service_unconfirmed,,,https://otas-kk.co.jp
1285,1285,株式会社日広通信社,https://www.ad-nikko.co.jp,〒101-0064 東京都千代田区神田猿楽町2,042-528-5611,,https://www.ad-nikko.co.jp/contact/other/,,,,,,,,,,,株式会社日広通信社,existing,exclude,target_service_unconfirmed,,,https://www.ad-nikko.co.jp
1286,1286,株式会社MILIZE（ミライズ）,https://milize.co.jp,〒108-0023 東京都文京区千駄木3,03-4500-1311,,https://milize.co.jp/contact,,,,,,,,,,,株式会社MILIZE,company_jsonld,exclude,target_service_unconfirmed,,,https://milize.co.jp
1287,1287,"株式会社コウェル （英文表記：CO-WELL Co., LTD.）",https://www.co-well.jp,〒140-0002 東京都品川区東品川2,,,https://www.co-well.jp/contact-list,,,,,,,,,,,株式会社コウェル,company_label,exclude,target_service_unconfirmed,,,https://www.co-well.jp
1288,1288,TFGソリューション株式会社,https://tfg-solution.co.jp,〒270-2222 千葉県松戸市松戸新田2,047-394-4681,,https://tfg-solution.co.jp/lightning-ja/contact/,,,,,,,,,,,TFGソリューション株式会社,existing_english,exclude,target_service_unconfirmed,,,https://tfg-solution.co.jp
1289,1289,クリエイティブで、わくわくを。 株式会社UNI(ユニ),https://uniinc.jp,〒191-0022 東京都日野市新井1,050-5810-0956,,https://uniinc.jp#contact,,,,,,,,,,,株式会社UNI,existing,exclude,target_service_unconfirmed,,,https://uniinc.jp
1290,1290,HUSSAIN LLC,https://www.hussain.co.jp,〒372-0855 群馬県伊勢崎市長沼町6,0270-27-5184,,https://www.hussain.co.jp/en/contact,,,,,,,,,,,HUSSAIN LLC,existing_english,exclude,target_service_unconfirmed,,,https://www.hussain.co.jp
1291,1291,株式会社ジモティー,https://jmty.co.jp,〒141-0031 東京都品川区西五反田1,,,https://docs.google.com/forms/d/e/1FAIpQLScax_lS1hfCJTjRIToblUoHK0fay5CL48UTkXJJFNdgPvHU7A/viewform,,,,,,,,,,,株式会社ジモティー,company_label,exclude,target_service_unconfirmed,,,https://jmty.co.jp
1292,1292,オイシーズ株式会社,https://oishes.com,〒486-0809 愛知県春日井市町屋町3,,,https://oishes.com/contact-us/,,,,,,,,,,,株式会社 OISHES,company_label,exclude,target_service_unconfirmed,,,https://oishes.com
1293,1293,株式会社IC,https://www.ic-net.co.jp,〒108-6207 東京都港区港南2,03-4335-8188,,https://www.ic-net.co.jp/inquiry/service.html,,,,,,,,,,,株式会社 ＩＣ,company_label,exclude,target_service_unconfirmed,,,https://www.ic-net.co.jp
1294,1294,株式会社 弘文堂,https://www.ko-bundo.co.jp,〒194-0037 東京都町田市木曽西4,042-792-2141,,https://www.ko-bundo.co.jp/contact/,,,,,,,,,,,株式会社 弘文堂,company_label,exclude,target_service_unconfirmed,,,https://www.ko-bundo.co.jp
1295,1295,株式会社テルミック,https://www.tel-mic.co.jp,〒448-0813 愛知県刈谷市小垣江町永田4,0566-28-7766,,https://www.tel-mic.co.jp/contact_front/,,,,,,,,,,,株式会社テルミック,company_label,exclude,target_service_unconfirmed,,,https://www.tel-mic.co.jp
1296,1296,株式会社UNITE,https://www.unite-express.co.jp,〒612-8481 京都府京都市伏見区横大路東裏町7,090-6723-3760,,https://www.unite-express.co.jp/contact/,,,,,,,,,,,株式会社UNITE,company_label,exclude,target_service_unconfirmed,,,https://www.unite-express.co.jp
1297,1297,テンフィールズファクトリー株式会社,https://www.10-ff.com,〒619-0237 京都府相楽郡精華町光台1,0774-66-6994,,https://www.10-ff.com/contact/,,,,,,,,,,,テンフィールズファクトリー株式会社,existing_english,exclude,target_service_unconfirmed,,,https://www.10-ff.com
1298,1298,"AI, Inc",https://www.ai-j.jp,〒113-0024 東京都文京区西片 1,,,https://www.ai-j.jp/contact/,,,,,,,,,,,"AI, Inc",existing_english,exclude,target_service_unconfirmed,,,https://www.ai-j.jp
1299,1299,Vistage合同会社,https://vistage-llc.com,〒611-0031 京都府宇治市新成田1,,,https://vistage-llc.com/contact/index.html,,,,,,,,,,,Vistage合同会社,existing_english,exclude,target_service_unconfirmed,,,https://vistage-llc.com
1300,1300,綾羽株式会社,https://ayaha.co.jp,〒522-0087 滋賀県彦根市芹橋2,0749-20-6399,,https://ayaha.co.jp/contact/,,,,,,,,,,,株式会社 AYAHA,company_label,exclude,target_service_unconfirmed,,,https://ayaha.co.jp
1301,1301,株式会社ホシミ,https://fonen.co.jp,〒567-0843 大阪府茨木市星見町2,072-630-2880,,https://fonen.co.jp/contact/,,,,,,,,,,,株式会社エフワンエヌ,company_label,exclude,target_service_unconfirmed,,,https://fonen.co.jp
1302,1302,アクアシステム株式会社,https://www.aqsys.co.jp,〒522-0081 滋賀県彦根市京町1,0749-23-9123,,https://www.aqsys.co.jp/contact/,,,,,,,,,,,アクアシステム株式会社,existing_english,exclude,target_service_unconfirmed,,,https://www.aqsys.co.jp
1303,1303,ツルカメO&E株式会社,https://tsurukame-oe.co.jp,〒761-8044 香川県高松市円座町1,06-6228-1726,,https://tsurukame-oe.co.jp/contact/,,,,,,,,,,,ツルカメO&E株式会社,existing_english,exclude,target_service_unconfirmed,,,https://tsurukame-oe.co.jp
1304,1304,"アサヒグループジャパン株式会社 Asahi Group Japan, Ltd.",https://www.asahigroup-japan.co.jp,〒130-8602 東京都墨田区吾妻橋1,,,,,,,,,,,,,,株式会社 Asahi,company_label,exclude,target_service_unconfirmed,,,https://www.asahigroup-japan.co.jp
1305,1305,ジャパントレーディング株式会社,https://www.japan-trading.co.jp,〒577-0022 大阪府東大阪市荒本新町6,06-6785-6480,,https://www.japan-trading.co.jp/contents/contact/,,,,,,,,,,,ジャパントレーディング株式会社,existing_english,exclude,target_service_unconfirmed,,,https://www.japan-trading.co.jp
1306,1306,(C)株式会社ヴォルテッジ,https://voltage-jp.com,〒561-0802 大阪府豊中市曽根東町5,06-6333-0299,,https://voltage-jp.com/contact/,,,,,,,,,,,株式会社ヴォルテッジ,company_label,exclude,target_service_unconfirmed,,,https://voltage-jp.com
1307,1307,"株式会社オーレスト Allestt Co., Ltd.",https://allestt.com,〒530-0002 大阪府大阪市北区曽根崎新地2,06-6147-7682,,https://allestt.com#contact,,,,,,,,,,,株式会社オーレスト,existing,exclude,target_service_unconfirmed,,,https://allestt.com
1308,1308,Laughall inc.,https://laughome.laugh-group.jp,〒542-0083 大阪府大阪市中央区東心斎橋1,,,https://laughome.laugh-group.jp/contact,,,,,,,,,,,Laughall inc,existing_english,exclude,target_service_unconfirmed,,,https://laughome.laugh-group.jp
1309,1309,Lead Effort株式会社,https://lead-effort.co.jp,〒660-0807 兵庫県尼崎市長洲西通1,06-6495-0203,,https://lead-effort.co.jp/contact/,,,,,,,,,,,株式会社リードエフォート,company_jsonld,exclude,target_service_unconfirmed,,,https://lead-effort.co.jp
1310,1310,"DIGITALIO, Inc",https://digitalio.jp,〒105-5536 東京都港区虎ノ門2,,,https://digitalio.jp/contact/,,,,,,,,,,,"DIGITALIO, Inc",existing_english,exclude,target_service_unconfirmed,,,https://digitalio.jp
1311,1311,株式会社カワッタデザイン,https://kawatta-design.com,〒673-0891 兵庫県明石市大明石町1,,,https://kawatta-design.com/contact/service,,,,,,,,,,,株式会社カワッタデザイン,existing,exclude,target_service_unconfirmed,,,https://kawatta-design.com
1312,1312,"Trustbank, Inc",https://www.trustbank.co.jp,〒107-0061 東京都港区北青山二丁目,03-6843-3470,,https://www.trustbank.co.jp/contact/,,,,,,,,,,,"Trustbank, Inc",existing_english,exclude,target_service_unconfirmed,,,https://www.trustbank.co.jp
1313,1313,株式会社 タフ,https://www.tough-n.co.jp,〒630-0263 奈良県生駒市中菜畑2,0742-30-0323,,https://www.tough-n.co.jp/contact/,,,,,,,,,,,株式会社 タフ,company_label,exclude,weak_incidental_keyword,,,https://www.tough-n.co.jp
1314,1314,株式会社 山陰中央新報セールスセンター,https://www.dailysanin.co.jp,〒690-0047 島根県松江市嫁島町1,0852-25-4008,,https://www.dailysanin.co.jp/contact,,,,,,,,,,,株式会社 山陰中央新報セールスセンター,company_label,exclude,target_service_unconfirmed,,,https://www.dailysanin.co.jp
1315,1315,合同会社オフィスオハナ,https://www.officeohana-aizu.com,〒965-0013 福島県会津若松市堤町1,,,,,,,,,,,,,,合同会社オフィスオハナ,company_label,exclude,target_service_unconfirmed,,,https://www.officeohana-aizu.com
1316,1316,株式会社ディーシーシー(DCC INC.),https://dcc-co.jp,〒103-0012 東京都中央区日本橋堀留町1,,,https://dcc-co.jp/contact,,,,,,,,,,,株式会社ディーシーシー,company_label,exclude,target_service_unconfirmed,,,https://dcc-co.jp
1317,1317,株式会社ザスト,http://zahst.co.jp,〒376-0013 群馬県桐生市広沢町2,0277-52-6112,,http://zahst.co.jp/contact/,,,,,,,,,,,株式会社ザスト,company_label,exclude,target_service_unconfirmed,,,http://zahst.co.jp
1318,1318,NextFrontLine合同会社（法人番号 7070003004357）,https://nextfrontline.com,〒373-0851 群馬県太田市飯田町7,0276-57-8418,,https://nextfrontline.com/contact/proposal/,,,,,,,,,,,NextFrontLine合同会社（法人番号 7070003004357,existing_english,exclude,target_service_unconfirmed,,,https://nextfrontline.com
1319,1319,株式会社住宅サービス,https://tokyoroof.com,〒312-0042 茨城県ひたちなか市東大島1,0120-03-5517,,https://tokyoroof.com/contact_us/,,,,,,,,,,,株式会社住宅サービス,company_label,exclude,target_service_unconfirmed,,,https://tokyoroof.com
1320,1320,株式会社miire,https://miire.jp,〒359-1145 埼玉県所沢市山口1,04-2003-0916,,https://miire.jp/contact/,,,,,,,,,,,株式会社 miire,company_label,exclude,target_service_unconfirmed,,,https://miire.jp
1321,1321,株式会社バタフライリッジ,https://www.butterflyridge-putali.com,〒335-0022 埼玉県戸田市上戸田1,048-299-4632,,,,,,,,,,,,,株式会社バタフライリッジ,existing,exclude,target_service_unconfirmed,,,https://www.butterflyridge-putali.com
1322,1322,株式会社HUMEDIT,https://jfrontier.jp,〒150-0031 東京都渋谷区桜丘町９,03-6427-4662,,https://jfrontier.jp/contact/,,,,,,,,,,,株式会社HUMEDIT,existing,exclude,target_service_unconfirmed,,,https://jfrontier.jp
1323,1323,株式会社グランダム カブシキガイシャグランダム,https://www.grandam-ota.com,〒373-0817 群馬県太田市飯塚町 6,0276-30-2211,,https://www.grandam-ota.com/contact,,,,,,,,,,,株式会社グランダム,company_label,exclude,target_service_unconfirmed,,,https://www.grandam-ota.com
1324,1324,Lieferent Inc.,https://lieferant.jpn.com,〒270-0034 千葉県松戸市新松戸3,047-701-8308,,https://lieferant.jpn.com/contact/,,,,,,,,,,,Lieferent Inc,existing_english,exclude,target_service_unconfirmed,,,https://lieferant.jpn.com
1325,1325,TENGUU（テングー）株式会社,https://www.tenguu.co.jp,〒193-0934 東京都八王子市小比企町2,050-5527-1705,,https://www.tenguu.co.jp/contact-ssl/,,,,,,,,,,,TENGUU（テングー）株式会社,existing_english,exclude,target_service_unconfirmed,,,https://www.tenguu.co.jp
1326,1326,アイパス経営コンサルティング株式会社,https://arimura-c.com,〒221-0056 神奈川県横浜市神奈川区金港町5,045-514-2513,,https://arimura-c.com/contact2/,,,,,,,,,,,アイパス経営コンサルティング株式会社,existing_english,exclude,target_service_unconfirmed,,,https://arimura-c.com
1327,1327,株式会社 RECORE,https://recore-consulting.com,〒190-0002 東京都立川市幸町5,,,https://recore-consulting.com#oto,,,,,,,,,,,株式会社 RECORE,existing,exclude,weak_incidental_keyword,,,https://recore-consulting.com
1328,1328,株式会社K.I.D,https://kid-corp.com,〒190-0022 東京都立川市錦町2,042-595-9007,,https://kid-corp.com/contact/,,,,,,,,,,,株式会社K.I.D,company_label,exclude,target_service_unconfirmed,,,https://kid-corp.com
1329,1329,株式会社DataCrew,https://datacrew-inc.com,〒181-0013 東京都三鷹市下連雀3,,,https://datacrew-inc.com/materials/,,,,,,,,,,,株式会社DataCrew,existing,exclude,target_service_unconfirmed,,,https://datacrew-inc.com
1330,1330,株式会社クリエイターズアカデミー,https://c-aca.com,〒194-0021 東京都町田市中町1,07-13-002,,https://c-aca.com/contact/,,,,,,,,,,,株式会社クリエイターズアカデミー,company_label,exclude,target_service_unconfirmed,,,https://c-aca.com
1331,1331,テクノゲートウェイ株式会社.,https://techno-gateway.com,〒292-0814 千葉県木更津市八幡台４,050-3390-8166,,https://techno-gateway.com/latest-information/,,,,,,,,,,,テクノゲートウェイ株式会社,existing_english,exclude,target_service_unconfirmed,,,https://techno-gateway.com
1332,1332,3DSurveyplus合同会社,https://3dsurveyplus.com,〒528-0067 滋賀県甲賀市水口町山2,070-8582-5534,,https://3dsurveyplus.com/contact.html,,,,,,,,,,,3DSurveyplus合同会社,existing_english,exclude,target_service_unconfirmed,,,https://3dsurveyplus.com
1333,1333,株式会社ファインドスターグループ,https://findstar-group.co.jp,〒108-0014 東京都港区芝4,03-6435-0323,,https://findstar-group.co.jp/contact,,,,,,,,,,,株式会社ファインドスターグループ,existing,exclude,target_service_unconfirmed,,,https://findstar-group.co.jp
1334,1334,株式会社フロントライン,https://frontlinegroup.jp,〒104-0061 東京都中央区銀座一丁目,,,https://frontlinegroup.jp/contact,,,,,,,,,,,株式会社フロントライン,existing,exclude,target_service_unconfirmed,,,https://frontlinegroup.jp
1335,1335,株式会社ミルフォード,https://milford.jp,〒834-0105 福岡県八女郡広川町長延6,0943-22-6721,,https://milford.jp/contact,,,,,,,,,,,株式会社ミルフォード,existing,exclude,target_service_unconfirmed,,,https://milford.jp
1336,1336,株式会社パラダイム・ラボ,https://p-labo.co.jp,〒160-0023 東京都新宿区西新宿3,03-5302-5500,,https://p-labo.co.jp/contact.php,,,,,,,,,,,株式会社パラダイム・ラボ,company_label,exclude,target_service_unconfirmed,,,https://p-labo.co.jp
1337,1337,株式会社ダースーは,https://dahsue.com,〒150-0031 東京都渋谷区桜丘町1,,,https://dahsue.com/contact,,,,,,,,,,,株式会社ダースーは,existing,exclude,weak_incidental_keyword,,,https://dahsue.com
1338,1338,株式会社detect,https://detect.co.jp,〒150-0002 東京都渋谷区渋谷1,03-6450-6713,,https://detect.co.jp/contact,,,,,,,,,,,株式会社detect,company_label,exclude,target_service_unconfirmed,,,https://detect.co.jp
1339,1339,合同会社詩苑,https://shion-studio.com,〒220-0072 神奈川県横浜市西区浅間町1,,,https://shion-studio.com/contact/,,,,,,,,,,,合同会社 詩苑,company_label,exclude,target_service_unconfirmed,,,https://shion-studio.com
1340,1340,株式会社TAS,https://www.tasnet.co.jp,〒914-0812 福井県敦賀市昭和町2,0770-24-3501,,https://www.tasnet.co.jp/contact/,,,,,,,,,,,株式会社 ＴＡＳ,company_label,exclude,target_service_unconfirmed,,,https://www.tasnet.co.jp
1341,1341,"aiESG, Inc.",https://aiesg.co.jp,〒105-7508 東京都港区海岸 1,092-419-2598,,https://aiesg.co.jp/contact,,,,,,,,,,,株式会社aiESG,company_jsonld,exclude,target_service_unconfirmed,,,https://aiesg.co.jp
1342,1342,上越スチール販売株式会社,https://www.jsh.co.jp,〒943-0832 新潟県上越市本町6,025-524-5835,,https://www.jsh.co.jp/contact,,,,,,,,,,,上越スチール販売株式会社,existing_english,exclude,target_service_unconfirmed,,,https://www.jsh.co.jp
1343,1343,細川商事株式会社,https://hosokawashoji.co.jp,〒510-0042 三重県四日市市高砂町1,059-351-7171,,https://hosokawashoji.co.jp/contact/,,,,,,,,,,,細川商事株式会社,existing_english,exclude,target_service_unconfirmed,,,https://hosokawashoji.co.jp
1344,1344,EXEDIA Holdings LLC,https://exedia.biz,〒540-0026 大阪府大阪市中央区内本町1,,,https://forms.gle/R63JzzRSEB6VjvAcA,,,,,,,,,,,EXEDIA Holdings LLC,existing_english,exclude,target_service_unconfirmed,,,https://exedia.biz
1345,1345,Higashikaigan Inc.,https://oscar-japan.co.jp,〒816-0864 福岡県春日市須玖北5,092-585-5605,,https://oscar-japan.co.jp/contact,,,,,,,,,,,株式会社オスカージャパン,company_label,exclude,weak_incidental_keyword,,,https://oscar-japan.co.jp
1346,1346,株式会社アシロ,https://houmu-pro.com,〒604-8101 京都府京都市中京区柳馬場通御池下る柳八幡町6,075-254-7977,,https://houmu-pro.com/contact/,,,,,,,,,,,株式会社アシロ,root_jsonld,exclude,target_service_unconfirmed,,,https://houmu-pro.com
1347,1347,株式会社モビックス,https://mobix-car.com,〒350-1335 埼玉県狭山市柏原3,,,,,,,,,,,,,,株式会社モビックス,company_label,exclude,target_service_unconfirmed,,,https://mobix-car.com
1348,1348,株式会社わかせ建設,https://www.rock-river.jp,〒417-0801 静岡県富士市大淵3,0545-87-2709,,https://www.rock-river.jp/contact/form.php,,,,,,,,,,,株式会社わかせ建設,company_label,exclude,target_service_unconfirmed,,,https://www.rock-river.jp
1349,1349,株式会社 森田経営,https://www.shien-morita.com,〒446-0051 愛知県安城市箕輪町半夏1,0566-74-3377,,https://www.shien-morita.com/inq.php,,,,,,,,,,,株式会社 森田経営,existing,exclude,target_service_unconfirmed,,,https://www.shien-morita.com
1350,1350,株式会社SSブレイン,https://ss-brain.com,〒430-0904 静岡県浜松市中央区中沢町2,053-401-2260,,https://ss-brain.com/inquiry/,,,,,,,,,,,株式会社SSブレイン,company_label,exclude,target_service_unconfirmed,,,https://ss-brain.com
1351,1351,株式会社経営支援パートナー,https://sahara-keiei.jp,〒440-0066 愛知県豊橋市東田町1,0532-66-1351,,https://sahara-keiei.jp/cgi-bin/contact/form.cgi,,,,,,,,,,,株式会社経営支援パートナー,existing,exclude,target_service_unconfirmed,,,https://sahara-keiei.jp
1352,1352,株式会社Life Crayon Style,https://l-c-style.co.jp,〒453-0015 愛知県名古屋市中村区椿町1,,,https://l-c-style.co.jp/contact/,,,,,,,,,,,株式会社Life,company_jsonld,exclude,weak_incidental_keyword,,,https://l-c-style.co.jp
1353,1353,ワイケイホーム株式会社,https://www.ykhome.jp,〒939-0341 富山県射水市三ヶ1,0766-56-3300,,https://www.ykhome.jp/contact/,,,,,,,,,,,ワイケイホーム株式会社,existing_english,exclude,target_service_unconfirmed,,,https://www.ykhome.jp
1354,1354,GOYOサービス株式会社,https://goyo-sa.jp,〒485-0077 愛知県小牧市西之島5,0568-39-6654,,https://goyo-sa.jp/contact/index.php,,,,,,,,,,,GOYOサービス株式会社,existing_english,exclude,target_service_unconfirmed,,,https://goyo-sa.jp
1355,1355,株式会社防災屋,https://fdma.co.jp,〒101-0041 東京都千代田区神田須田町１,06-6718-7009,,https://fdma.co.jp/contact/,,,,,,,,,,,株式会社防災屋,company_jsonld,exclude,target_service_unconfirmed,,,https://fdma.co.jp
1356,1356,紙小津産業株式会社,https://www.kamioz.com,〒515-0007 三重県松阪市大平尾町6,0598-51-0003,,,,,,,,,,,,,紙小津産業株式会社,existing_english,exclude,target_service_unconfirmed,,,https://www.kamioz.com
1357,1357,株式会社 油勘,https://www.aburakan.co.jp,〒611-0021 京都府宇治市宇治妙楽 1,0774-25-8866,,https://www.aburakan.co.jp/contact/,,,,,,,,,,,株式会社油勘,company_label,exclude,target_service_unconfirmed,,,https://www.aburakan.co.jp
1358,1358,Web兵法株式会社,http://www.webdestination.jp,〒530-0001 大阪府大阪市北区梅田1,06-4307-6971,,http://webdestination.jp/consulting/,,,,,,,,,,,Web兵法株式会社,existing_english,exclude,target_service_unconfirmed,,,http://www.webdestination.jp
1359,1359,株式会社 NIKKEN,https://www.nikken358.com,〒544-0006 大阪府大阪市生野区中川東2,06-6720-8053,,https://www.nikken358.com/contact,,,,,,,,,,,株式会社 NIKKEN,company_label,exclude,target_service_unconfirmed,,,https://www.nikken358.com
1360,1360,株式会社TripClear,https://tripclear.jp,〒150-0011 東京都渋谷区東1,,,https://tripclear.jp#contact,,,,,,,,,,,株式会社TripClear,existing,exclude,target_service_unconfirmed,,,https://tripclear.jp
1361,1361,アメネスク株式会社（AMENESQUE Inc.）,https://amenesque.co.jp,〒630-8241 奈良県奈良市高天町3,,,https://amenesque.co.jp/contact/,,,,,,,,,,,アメネスク株式会社（AMENESQUE Inc,existing_english,exclude,target_service_unconfirmed,,,https://amenesque.co.jp
1362,1362,株式会社 VICWAVE,http://www.vicwave.org,〒843-0022 佐賀県武雄市武雄町武雄4,0954-23-8551,,http://www.vicwave.org/contact.html,,,,,,,,,,,株式会社 VICWAVE,existing,exclude,target_service_unconfirmed,,,http://www.vicwave.org
1363,1363,GMOグローバルサイン・ホールディングス株式会社,https://www.gmogshd.com,〒750-0016 山口県下関市細江町1,03-6415-6100,,https://www.gmogshd.com/contact/,,,,,,,,,,,GMOグローバルサイン・ホールディングス株式会社,existing_english,exclude,target_service_unconfirmed,,,https://www.gmogshd.com
1364,1364,株式会社東京久栄,https://www.kyuei.co.jp,〒101-0032 東京都千代田区岩本町２,03-5809-3974,,https://www.kyuei.co.jp/contact/,,,,,,,,,,,株式会社東京久栄,company_label,exclude,target_service_unconfirmed,,,https://www.kyuei.co.jp
1365,1365,- Chaintope Inc,https://www.chaintope.com,〒820-0066 福岡県飯塚市幸袋5,,,https://www.chaintope.com/products_en/tapyrus/,,,,,,,,,,,株式会社chaintope,company_jsonld,exclude,target_service_unconfirmed,,,https://www.chaintope.com
1366,1366,株式会社 パシック,https://pasic.jp,〒882-0841 宮崎県延岡市大瀬町2,0982-27-5986,,https://pasic.jp/contact/,,,,,,,,,,,株式会社 パシック,existing,exclude,target_service_unconfirmed,,,https://pasic.jp
1367,1367,バレットグループ株式会社,https://bltinc.co.jp,〒163-0536 東京都新宿区西新宿1,03-5315-0602,,https://bltinc.co.jp/contact/,,,,,,,,,,,バレットグループ株式会社,existing_english,exclude,target_service_unconfirmed,,,https://bltinc.co.jp
1368,1368,MRSO Inc,https://www.mrso.co.jp,〒106-6133 東京都港区六本木6,03-6435-6692,,https://www.mrso.co.jp/ir/performance/,,,,,,,,,,,MRSO Inc,existing_english,exclude,target_service_unconfirmed,,,https://www.mrso.co.jp
1369,1369,TableCheck Inc,https://www.tablecheck.com,〒104-0061 東京都中央区銀座2,03-5565-0112,,,,,,,,,,,,,TableCheck Inc,existing_english,exclude,target_service_unconfirmed,,,https://www.tablecheck.com
1370,1370,A5bp Inc.,https://www.a5bp.co.jp,〒195-0053 東京都町田市能ヶ谷4,042-816-2991,,https://www.a5bp.co.jp/contact.html#contact,,,,,,,,,,,A5bp Inc,existing_english,exclude,target_service_unconfirmed,,,https://www.a5bp.co.jp
1371,1371,ワークアット株式会社,https://enun.jp,〒690-0845 島根県松江市西茶町4,0852-23-0003,,https://enun.jp/contact/#contact,,,,,,,,,,,ワークアット株式会社,existing_english,exclude,target_service_unconfirmed,,,https://enun.jp
1372,1372,株式会社中京テレビクリエイション,https://www.ctvc.co.jp,〒453-8701 愛知県名古屋市中村区平池町四丁目,,,https://www.ctvc.co.jp/contact,,,,,,,,,,,株式会社中京テレビクリエイション,company_label,exclude,target_service_unconfirmed,,,https://www.ctvc.co.jp
1373,1373,"日本交通株式会社（英文社名：Nihon Kotsu Co.,Ltd.)",https://www.nihon-kotsu.co.jp,〒102-0094 東京都千代田区紀尾井町3,03-6265-6236,,https://www.nihon-kotsu.co.jp/contact/,,,,,,,,,,,"日本交通株式会社（英文社名：Nihon Kotsu Co.,Ltd",existing_english,exclude,target_service_unconfirmed,,,https://www.nihon-kotsu.co.jp
1374,1374,株式会社MS&Consulting（エムエス・アンド・コンサルティング）,https://www.msandc.co.jp,〒103-0001 東京都中央区日本橋小伝馬町4,,,https://www.msandc.co.jp/consulting,,,,,,,,,,,株式会社MS&Consulting,company_label,exclude,target_service_unconfirmed,,,https://www.msandc.co.jp
1375,1375,株式会社Welbyは、,https://welby.jp,〒104-0031 東京都中央区京橋一丁目,,,https://welby.jp/contact/,,,,,,,,,,,株式会社Welbyは,existing,exclude,target_service_unconfirmed,,,https://welby.jp
1376,1376,株式会社町田新産業創造センター,https://mbda.jp,〒194-8550 東京都町田市原町田6,042-518-9671,,https://mbda.jp/contact,,,,,,,,,,,株式会社町田新産業創造センター,existing,exclude,target_service_unconfirmed,,,https://mbda.jp
1377,1377,株式会社ロイヤリティ・アンド・リワーズ,https://loyaltyrewards.jp,〒180-0004 東京都武蔵野市吉祥寺本町3,0422-22-2027,,https://loyaltyrewards.jp/?page_id=7,,,,,,,,,,,株式会社ロイヤリティ・アンド・リワーズ,company_label,exclude,target_service_unconfirmed,,,https://loyaltyrewards.jp
1378,1378,株式会社SEAMS（カブシキガイシャ シームス）,https://www.seams.site,〒253-0021 神奈川県茅ヶ崎市浜竹1,,,,,,,,,,,,,,株式会社SEAMS,existing,exclude,target_service_unconfirmed,,,https://www.seams.site
1379,1379,grabss Inc.,https://www.grabss.co.jp,〒154-0004 東京都世田谷区太子堂4,,,https://www.grabss.co.jp/contacts,,,,,,,,,,,grabss Inc,existing_english,exclude,target_service_unconfirmed,,,https://www.grabss.co.jp
1380,1380,Buildsy株式会社,https://www.gindo.co.jp,〒253-0056 神奈川県茅ヶ崎市共恵１,0467-38-7258,,https://www.gindo.co.jp/contact/,,,,,,,,,,,Buildsy株式会社,existing_english,exclude,target_service_unconfirmed,,,https://www.gindo.co.jp
1381,1381,富士山GXホールディングス株式会社,https://fujigx.co.jp,〒403-0005 山梨県富士吉田市上吉田4,0555-23-3216,,https://fujigx.co.jp/inquiry/,,,,,,,,,,,富士山GXホールディングス株式会社,existing_english,exclude,target_service_unconfirmed,,,https://fujigx.co.jp
1382,1382,株式会社 宿屋をつなぐ,https://yadoya-yadoya.com,〒238-0006 神奈川県横須賀市日の出町1,050-8894-3288,,,,,,,,,,,,,株式会社 宿屋をつなぐ,company_label,exclude,target_service_unconfirmed,,,https://yadoya-yadoya.com
1383,1383,株式会社ユアネット,https://schpass.jp,〒410-0831 静岡県沼津市市場町1,055-935-6969,,https://schpass.jp/white-paper/contact,,,,,,,,,,,株式会社ユアネット,existing,exclude,target_service_unconfirmed,,,https://schpass.jp
1384,1384,株式会社タツノ,https://www.tatsunet.co.jp,〒386-0043 長野県上田市下塩尻2,0268-22-6001,,https://www.tatsunet.co.jp/contact/,,,,,,,,,,,株式会社タツノ,company_label,exclude,target_service_unconfirmed,,,https://www.tatsunet.co.jp
1385,1385,株式会社コハマ,https://www.k-kohama.co.jp,〒425-0027 静岡県焼津市栄町5,054-627-1555,,https://www.k-kohama.co.jp/form/k-kohama/contact,,,,,,,,,,,株式会社コハマ,company_label,exclude,target_service_unconfirmed,,,https://www.k-kohama.co.jp
1386,1386,NADIX株式会社,https://nadix.co.jp,〒563-0043 大阪府池田市神田2,000-563-0043,,https://nadix.co.jp/inquiry/,,,,,,,,,,,株式会社ノベルティコレクション,company_label,exclude,target_service_unconfirmed,,,https://nadix.co.jp
1387,1387,アグリコネクト株式会社,https://agri-connect.co.jp,〒105-0011 東京都港区芝公園一丁目,03-5579-6122,,https://agri-connect.co.jp/contact/,,,,,,,,,,,アグリコネクト株式会社,existing_english,exclude,target_service_unconfirmed,,,https://agri-connect.co.jp
1388,1388,株式会社GOAT-X,https://www.toonippo.co.jp,〒053-0842 北海道苫小牧市有珠の沢町4,017-739-1500,,https://www.toonippo.co.jp/list/secure/form?code=WD-2026-0011,,,,,,,,,,,株式会社GOAT-X,existing,exclude,target_service_unconfirmed,,,https://www.toonippo.co.jp
1389,1389,"︎kaonavi, Inc",https://corp.kaonavi.jp,〒150-6138 東京都渋谷区渋谷2,03-6633-3251,,https://corp.kaonavi.jp/contact/,,,,,,,,,,,株式会社カオナビ,company_label,exclude,target_service_unconfirmed,,,https://corp.kaonavi.jp
1390,1390,株式会社MammyPro,https://www.mamanavi.tv,〒206-0033 東京都多摩市落合1,011-206-9150,,https://www.mamanavi.tv/contact/,,,,,,,,,,,株式会社Mammy,company_label,exclude,target_service_unconfirmed,,,https://www.mamanavi.tv
1391,1391,株式会社カウチカ,https://www.kauchika.co.jp,〒085-0806 北海道釧路市武佐1,0154-65-5315,,https://www.kauchika.co.jp/contact/,,,,,,,,,,,株式会社カウチカ,existing,exclude,target_service_unconfirmed,,,https://www.kauchika.co.jp
1392,1392,有限会社ACCESS 豊富な業務内容とネットワークでお客様をサポートします。,https://ac-akita.com,〒014-0805 秋田県大仙市高梨字水里3,0187-86-3570,,https://ac-akita.com/contact.html,,,,,,,,,,,有限会社ACCESS,existing,exclude,target_service_unconfirmed,,,https://ac-akita.com
1393,1393,株式会社 アルバ・リンクス,https://albalinx.co.jp,〒982-0011 宮城県仙台市太白区長町1,022-281-8955,,https://albalinx.co.jp/contact/,,,,,,,,,,,株式会社 アルバ・リンクス,existing,exclude,target_service_unconfirmed,,,https://albalinx.co.jp
1394,1394,総合広告会社 株式会社 アド・プラン,https://www.ad-plan.co.jp,〒970-8034 福島県いわき市平上荒川字長尾7,0246-29-3154,,https://www.ad-plan.co.jp/contact/,,,,,,,,,,,株式会社 アド・プラン,existing,exclude,target_service_unconfirmed,,,https://www.ad-plan.co.jp
1395,1395,株式会社パワフルジャパン十和田,https://www.pj-towada.jp,〒034-0051 青森県十和田市大字伝法寺平窪３,0176-28-3611,,,,,,,,,,,,,株式会社パワフルジャパン十和田,company_label,exclude,target_service_unconfirmed,,,https://www.pj-towada.jp
1396,1396,PayPay株式会社,https://about.paypay.ne.jp,〒160-0004 東京都新宿区四谷1,,,,,,,,,,,,,,PayPay株式会社,existing_english,exclude,target_service_unconfirmed,,,https://about.paypay.ne.jp
1397,1397,有限会社クリオ,https://www.creo-group.jp,〒359-0004 埼玉県所沢市北原町8,04-2998-8885,,https://www.creo-group.jp/contact/,,,,,,,,,,,有限会社クリオ,existing,exclude,target_service_unconfirmed,,,https://www.creo-group.jp
1398,1398,株式会社菊池襖紙工場,https://fusuma.co.jp,〒340-0031 埼玉県草加市新里町1,048-925-1247,,https://fusuma.co.jp/support/,,,,,,,,,,,株式会社菊池襖紙工場,existing,exclude,target_service_unconfirmed,,,https://fusuma.co.jp
1399,1399,桑原冷熱株式会社,https://www.kuwabara-3d.com,〒090-0013 北海道北見市柏陽町5,0157-36-9000,,https://www.kuwabara-3d.com/contact/,,,,,,,,,,,桑原冷熱株式会社,existing_english,exclude,target_service_unconfirmed,,,https://www.kuwabara-3d.com
1400,1400,株式会社花の企画社,https://www.hananokikakusha.com,〒103-0022 東京都中央区日本橋室町4,03-6665-6875,,https://www.hananokikakusha.com/contact.html,,,,,,,,,,,株式会社 花の企画社,company_label,exclude,target_service_unconfirmed,,,https://www.hananokikakusha.com
1401,1401,株式会社VLCセキュリティ,https://vlcsecurity.com,〒105-0001 東京都港区虎ノ門4,03-4500-6500,,https://vlcsecurity.com/contact/,,,,,,,,,,,株式会社VLCセキュリティ,existing,exclude,target_service_unconfirmed,,,https://vlcsecurity.com
1402,1402,"Future Sessions, inc.",https://www.futuresessions.com,〒107-0051 東京都港区元赤坂1,,,https://www.futuresessions.com/contact/#faq,,,,,,,,,,,株式会社フューチャーセッションズ,company_jsonld,exclude,target_service_unconfirmed,,,https://www.futuresessions.com
1403,1403,株式会社MGNET,https://mgnet.jp,〒959-1289 新潟県燕市東太田1,0256-46-8720,,https://mgnet.jp/contact/index.html,,,,,,,,,,,株式会社MGNET,existing,exclude,target_service_unconfirmed,,,https://mgnet.jp
1404,1404,不動技研工業株式会社,https://www.fudo-giken.co.jp,〒850-0042 長崎県長崎市御船蔵町2,095-861-1638,,https://www.fudo-giken.co.jp/contact,,,,,,,,,,,株式会社 PAL構造,company_label,exclude,target_service_unconfirmed,,,https://www.fudo-giken.co.jp
1405,1405,株式会社シー・シー・ユー,https://recruit.ccu.co.jp,〒910-0347 福井県坂井市丸岡町熊堂3,0776-67-6112,,,,,,,,,,,,,株式会社シー・シー・ユー,company_label,exclude,target_service_unconfirmed,,,https://recruit.ccu.co.jp
1406,1406,ohpner株式会社,https://ohpner.com,〒150-6019 東京都渋谷区恵比寿4,,,https://ohpner.com/contact,,,,,,,,,,,ohpner株式会社,existing_english,exclude,target_service_unconfirmed,,,https://ohpner.com
1407,1407,株式会社ジョブマックスソリューションズ,https://jobmax.jp,〒105-0011 東京都港区芝公園2,0476-36-7130,,https://jobmax.jp/contact/,,,,,,,,,,,株式会社ジョブマックスソリューションズ,existing,exclude,target_service_unconfirmed,,,https://jobmax.jp
1408,1408,株式会社 長岡土地,https://nagaokatoti.com,〒940-0066 新潟県長岡市東坂之上町3,0258-33-4844,,https://nagaokatoti.com/pages/3/,,,,,,,,,,,株式会社 長岡土地,company_jsonld,exclude,target_service_unconfirmed,,,https://nagaokatoti.com
1409,1409,川重岐阜エンジニアリング株式会社,https://www.khi.co.jp,〒504-0971 岐阜県各務原市川崎町2,,,https://www.khi.co.jp/corporate/contacts/,,,,,,,,,,,川重岐阜エンジニアリング株式会社,existing_english,exclude,target_service_unconfirmed,,,https://www.khi.co.jp
1410,1410,株式会社ハイ・バリュー,https://highvalue.co.jp,〒417-0843 静岡県富士市田中新田2,0545-31-1807,,https://highvalue.co.jp/contact/,,,,,,,,,,,株式会社ハイ・バリュー,company_label,exclude,target_service_unconfirmed,,,https://highvalue.co.jp
1411,1411,株式会社イマクリエ,https://www.imacrea.co.jp,〒106-0044 東京都港区東麻布2,03-6277-6907,,https://www.imacrea.co.jp/contact/,,,,,,,,,,,株式会社イマクリエ,company_label,exclude,target_service_unconfirmed,,,https://www.imacrea.co.jp
1412,1412,株式会社 eve autonomy,https://eveautonomy.com,〒438-0214 静岡県磐田市大中瀬8,,,https://eveautonomy.com/contact/,,,,,,,,,,,株式会社eve,company_label,exclude,target_service_unconfirmed,,,https://eveautonomy.com
1413,1413,株式会社Ryuki Design（リューキデザイン）,https://ectool.jp,〒530-0036 大阪府大阪市北区与力町1,06-4705-1781,,https://ectool.jp/contact,,,,,,,,,,,株式会社Ryuki,existing,exclude,target_service_unconfirmed,,,https://ectool.jp
1414,1414,株式会社ガーデンメーカー,https://www.oniwa-smilegroup.jp,〒492-8348 愛知県稲沢市馬場１,0570-018-118,,https://www.oniwa-smilegroup.jp/contact,,,,,,,,,,,株式会社ガーデンメーカー,company_label,exclude,target_service_unconfirmed,,,https://www.oniwa-smilegroup.jp
1415,1415,株式会社ブレインワークス,https://bwg.co.jp,〒182-0025 東京都調布市多摩川1,042-426-7888,,https://www.bwg.co.jp/contact/service/,,,,,,,,,,,株式会社ブレインワークス,existing,exclude,target_service_unconfirmed,,,https://www.bwg.co.jp
1416,1416,有限会社かいだ食品,https://kaidashokuhin.com,〒515-0025 三重県松阪市和屋町3,0598-28-6078,,https://kaidashokuhin.com/contact,,,,,,,,,,,有限会社かいだ食品,company_label,exclude,target_service_unconfirmed,,,https://kaidashokuhin.com
1417,1417,株式会社フリーロンリ,https://www.flonri.com,〒157-0067 東京都世田谷区喜多見5,,,https://www.flonri.com/%e3%81%8a%e5%95%8f%e3%81%84%e5%90%88%e3%82%8f%e3%81%9b/,,,,,,,,,,,株式会社フリーロンリ,existing,exclude,target_service_unconfirmed,,,https://www.flonri.com
1418,1418,■ 会社名 株式会社 サンクネット,https://www.sanku.net,〒135-0042 東京都江東区木場1,03-5677-3311,,https://www.sanku.net/inquiry/,,,,,,,,,,,株式会社 サンクネット,existing,exclude,target_service_unconfirmed,,,https://www.sanku.net
1419,1419,（株式会社E-Grant内）,https://japan-crm.org,〒141-0031 東京都品川区西五反田2,03-6450-1321,,https://japan-crm.org/contact/form.html,,,,,,,,,,,株式会社E-Grant内,existing,exclude,target_service_unconfirmed,,,https://japan-crm.org
1420,1420,株式会社やまが,https://yamaga-japan.com,〒642-0012 和歌山県海南市黒江1,090-6237-6208,,https://yamaga-japan.com/contact,,,,,,,,,,,株式会社やまが,company_label,exclude,target_service_unconfirmed,,,https://yamaga-japan.com
1421,1421,フライフロント株式会社,https://www.flyfront.jp,〒730-0045 広島県広島市中区鶴見町5,082-258-4027,,https://www.flyfront.jp/contact.html,,,,,,,,,,,フライフロント株式会社,existing_english,exclude,target_service_unconfirmed,,,https://www.flyfront.jp
1422,1422,株式会社WAO,https://wao8080.com,〒763-0092 香川県丸亀市川西町南甲2,0877-35-8160,,https://wao8080.com/contact/index.html,,,,,,,,,,,株式会社WAO,existing,exclude,target_service_unconfirmed,,,https://wao8080.com
1423,1423,水岩運送株式会社,https://mizuiwa-un.co.jp,〒567-0027 大阪府茨木市西田中町2,06-6195-2631,,https://mizuiwa-un.co.jp#con,,,,,,,,,,,水岩運送株式会社,existing_english,exclude,target_service_unconfirmed,,,https://mizuiwa-un.co.jp
1424,1424,山口エスエスサービス株式会社,https://yama-ss.com,〒745-0814 山口県周南市鼓海2,0834-26-0005,,https://yama-ss.com/contact/,,,,,,,,,,,山口エスエスサービス株式会社,existing_english,exclude,target_service_unconfirmed,,,https://yama-ss.com
1425,1425,和幸情報システム株式会社,https://www.wisys.co.jp,〒690-0006 島根県松江市伊勢宮町5,0852-24-4471,,https://www.wisys.co.jp/contact/,,,,,,,,,,,和幸情報システム株式会社,existing_english,exclude,target_service_unconfirmed,,,https://www.wisys.co.jp
1426,1426,富士商株式会社コーポレートサイト,https://fujisho.ne.jp,〒756-8501 山口県山陽小野田市稲荷町1,,,https://fujisho.ne.jp/contact/form/,,,,,,,,,,,株式会社コーポレートサイト,company_jsonld,exclude,target_service_unconfirmed,,,https://fujisho.ne.jp
1427,1427,株式会社アトムチェーン本部,https://www.atom-denki.co.jp,〒706-0012 岡山県玉野市玉2,0863-21-2526,,https://www.atom-denki.co.jp/inquiry-list/,,,,,,,,,,,株式会社アトムチェーン本部,existing,exclude,target_service_unconfirmed,,,https://www.atom-denki.co.jp
1428,1428,株式会社プランクス,https://www.plumks.biz,〒889-2535 宮崎県日南市飫肥5,0985-88-8803,,https://www.plumks.biz/contact/,,,,,,,,,,,株式会社プランクス,company_label,exclude,target_service_unconfirmed,,,https://www.plumks.biz
1429,1429,有限会社パラテック,https://www.paratech.jp,〒861-8010 熊本県熊本市東区上南部2,096-349-0909,,,,,,,,,,,,,有限会社パラテック,company_label,exclude,target_service_unconfirmed,,,https://www.paratech.jp
1430,1430,株式会社田村ビルズ カブシキガイシャタムラビルズ,https://chintai.lfb-tamura.jp,〒753-0831 山口県山口市平井7,083-902-2123,,https://chintai.lfb-tamura.jp/contact,,,,,,,,,,,株式会社田村ビルズ,company_label,exclude,target_service_unconfirmed,,,https://chintai.lfb-tamura.jp
1431,1431,ユメリアコンサルティング株式会社,https://www.yumerea.co.jp,〒107-0062 東京都港区南青山二丁目,03-5771-8073,,https://www.yumerea.co.jp/contact,,,,,,,,,,,ユメリアコンサルティング株式会社,existing_english,exclude,target_service_unconfirmed,,,https://www.yumerea.co.jp
1432,1432,西川物産株式会社,https://www.nishikawa-bussan.jp,〒731-0138 広島県広島市安佐南区祇園3,082-874-3365,,https://www.nishikawa-bussan.jp/contact/,,,,,,,,,,,西川物産株式会社,existing_english,exclude,target_service_unconfirmed,,,https://www.nishikawa-bussan.jp
1433,1433,有限会社 リンゴミュージック,https://ringomusic.com,〒036-8051 青森県弘前市宮川2,,,https://ringomusic.com/contact/,,,,,,,,,,,有限会社 リンゴミュージック,company_label,exclude,target_service_unconfirmed,,,https://ringomusic.com
1434,1434,加賀電子株式会社,https://www.taxan.co.jp,〒101-0023 東京都千代田区神田松永町2,0739-42-5260,,https://www.taxan.co.jp/ir/ircontact/,,,,,,,,,,,加賀電子株式会社,existing_english,exclude,target_service_unconfirmed,,,https://www.taxan.co.jp
1435,1435,株式会社エム・ティーサポート,https://mt-support.co.jp,〒494-0001 愛知県⼀宮開明東新規道4,0586-43-7197,,https://mt-support.co.jp/contact.html,,,,,,,,,,,株式会社エム・ティーサポート,company_label,exclude,target_service_unconfirmed,,,https://mt-support.co.jp
1436,1436,あべ印刷株式会社,https://abe-print.jp,〒023-0003 岩手県奥州市水沢佐倉河字東広町6,0197-24-8303,,https://abe-print.jp/contact/,,,,,,,,,,,あべ印刷株式会社,existing_english,exclude,target_service_unconfirmed,,,https://abe-print.jp
1437,1437,"株式会社虎徹（Kotetsu Co., Ltd.）",https://ishipos.com,〒986-0861 宮城県石巻市門脇字浦屋敷4,090-6624-8809,,,,,,,,,,,,,株式会社虎徹,company_jsonld,exclude,target_service_unconfirmed,,,https://ishipos.com
1438,1438,クールジャパン機構 (株式会社海外需要開拓支援機構),https://www.cj-fund.co.jp,〒106-6117 東京都港区六本木6,03-6406-7500,,https://www.cj-fund.co.jp/contact/investing.html,,,,,,,,,,,株式会社海外需要開拓支援機構,existing,exclude,target_service_unconfirmed,,,https://www.cj-fund.co.jp
1439,1439,エコービジネスソフトウエア株式会社,https://echo-pro.com,〒640-8221 和歌山県和歌山市湊紺屋町1,,,https://echo-pro.com/contact-2/,,,,,,,,,,,エコービジネスソフトウエア株式会社,existing_english,exclude,target_service_unconfirmed,,,https://echo-pro.com
1440,1440,株式会社ジグザグ,https://www.zig-zag.co.jp,〒150-0031 東京都渋谷区桜丘町1,03-6777-7189,,https://www.zig-zag.co.jp/contact/,,,,,,,,,,,株式会社ジグザグ,company_jsonld,exclude,target_service_unconfirmed,,,https://www.zig-zag.co.jp
1441,1441,麓井酒造株式会社,https://fumotoi.co.jp,〒999-8231 山形県酒田市麓字横道3,0234-64-2002,,https://fumotoi.co.jp/contact,,,,,,,,,,,麓井酒造株式会社,existing_english,exclude,target_service_unconfirmed,,,https://fumotoi.co.jp
1442,1442,株式会社True Data,https://www.truedata.co.jp,〒105-0012 東京都港区芝大門1,,,https://www.truedata.co.jp/contact,,,,,,,,,,,株式会社True,existing,exclude,target_service_unconfirmed,,,https://www.truedata.co.jp
1443,1443,株式会社 電算情報技研,https://densanjoho.co.jp,〒550-0015 大阪府大阪市西区南堀江1,06-6541-0601,,https://densanjoho.co.jp/contact/,,,,,,,,,,,株式会社 電算情報技研,company_label,exclude,target_service_unconfirmed,,,https://densanjoho.co.jp
1444,1444,FIC 株式会社福島情報処理センター,https://fic.co.jp,〒963-8025 福島県郡山市桑野三丁目,024-923-2116,,https://fic.co.jp/contact/,,,,,,,,,,,株式会社福島情報処理センター,existing,exclude,target_service_unconfirmed,,,https://fic.co.jp
1445,1445,株式会社シアポート,https://siaport.net,〒326-0021 栃木県足利市山川町9,0284-22-7650,,https://siaport.net/contact/,,,,,,,,,,,株式会社シアポート,company_label,exclude,target_service_unconfirmed,,,https://siaport.net
1446,1446,Helpfeel Inc.,https://www.helpfeel.com,〒602-0023 京都府京都市上京区御所八幡町1,,,https://www.helpfeel.com/works/traders?bannername=banner-simple-module,,,,,,,,,,,株式会社Helpfeel,company_label,exclude,target_service_unconfirmed,,,https://www.helpfeel.com
1447,1447,OXYGY株式会社,https://oxygyconsulting.jp,〒150-0001 東京都渋谷区神宮前5,,,https://oxygyconsulting.jp/contact/,,,,,,,,,,,OXYGY株式会社,existing_english,exclude,target_service_unconfirmed,,,https://oxygyconsulting.jp
1448,1448,"株式会社エクスプロード（英語表記 explowd Co.,Ltd.）",http://kandamyoujin.info,〒113-0034 東京都文京区湯島1,03-6279-4843,,,,,,,,,,,,,株式会社エクスプロード,company_label,exclude,target_service_unconfirmed,,,http://kandamyoujin.info
1449,1449,株式会社 東建ビルダー(栃木県知事(般-27)第18735号),https://www.tooken-b.co.jp,〒326-0337 栃木県足利市島田町8,0120-474-414,,https://www.tooken-b.co.jp/contact/,,,,,,,,,,,株式会社東建ビルダー,company_label,exclude,target_service_unconfirmed,,,https://www.tooken-b.co.jp
1450,1450,株式会社ツインバード,https://www.twinbird.jp,〒959-0292 新潟県燕市吉田西太田2,03-3663-8778,,https://www.twinbird.jp/support/inquiry/,,,,,,,,,,,株式会社ツインバード,company_label,exclude,weak_incidental_keyword,,,https://www.twinbird.jp
1451,1451,株式会社ウスイデンタル,https://www.usuid.com,〒343-0845 埼玉県越谷市南越谷１,048-986-5227,,https://www.usuid.com/contact/,,,,,,,,,,,株式会社ウスイデンタル,company_label,exclude,target_service_unconfirmed,,,https://www.usuid.com
1452,1452,フェリカポケットマーケティング株式会社,https://felicapocketmk.co.jp,〒113-0033 東京都文京区本郷一丁目,,,https://felicapocketmk.co.jp/contact/,,,,,,,,,,,フェリカポケットマーケティング株式会社,existing_english,exclude,target_service_unconfirmed,,,https://felicapocketmk.co.jp
1453,1453,株式会社ネクストベース,https://nextbase.co.jp,〒141-0033 東京都品川区西品川1,03-3490-3300,,https://nextbase.co.jp/contact/,,,,,,,,,,,株式会社ネクストベース,existing,exclude,target_service_unconfirmed,,,https://nextbase.co.jp
1454,1454,合同会社MMPR,https://mmpr.co.jp,〒173-0034 東京都板橋区幸町６,,,https://mmpr.co.jp/contact/,,,,,,,,,,,合同会社MMPR,existing,exclude,weak_incidental_keyword,,,https://mmpr.co.jp
1455,1455,マルタケ運輸株式会社,https://marutake-transport.co.jp,〒340-0001 埼玉県草加市柿木町1,048-936-4521,,https://marutake-transport.co.jp/contact/,,,,,,,,,,,株式会社サンプル,company_jsonld,exclude,target_service_unconfirmed,,,https://marutake-transport.co.jp
1456,1456,株式会社Vカレッジ,https://matsudo-startup.jp,〒271-0092 千葉県松戸市松戸1,047-382-6087,,https://matsudo-startup.jp/contact/nairan/,,,,,,,,,,,株式会社Vカレッジ,existing,exclude,target_service_unconfirmed,,,https://matsudo-startup.jp
1457,1457,成田国際空港株式会社,https://www.gpa-net.co.jp,〒282-0004 千葉県成田市成田国際空港内 株式会社グリーンポート・エージェンシー 個人情報保護相談窓口,0476-32-8886,,https://www.gpa-net.co.jp/ja/real-estate/inquiries/,,,,,,,,,,,株式会社グリーンポート・エージェンシー,company_label,exclude,target_service_unconfirmed,,,https://www.gpa-net.co.jp
1458,1458,"株式会社 トレジャーボックス・コンサルティング ＴＲＢＸＣ Co.,Ltd",https://trbxc.ico.bz,〒192-0373 東京都八王子市上柚木3,042-678-2635,,https://trbxc.ico.bz/base2.html,,,,,,,,,,,株式会社 トレジャーボックス・コンサルティング,company_label,exclude,weak_incidental_keyword,,,https://trbxc.ico.bz
