company_name,url,address,phone,maps_url,service_evidence,pages_checked,affinity_grade,affinity_score,local_hits,competitor_hits
株式会社pleasure,https://pleasure-dx.com,〒070-0039 北海道旭川市9,,,SNS運用 / Instagram運用 / TikTok運用 / YouTube運用,https://pleasure-dx.com/,C,0,0,0
株式会社Infinity,https://www.infinity-group.co.jp,〒277-0005 千葉県柏市柏1,,,SNS運用,https://www.infinity-group.co.jp/service/ | https://www.infinity-group.co.jp/company/ | https://www.infinity-group.co.jp/contact/,C,0,0,0
株式会社エーデザイン,https://adesign.jp,〒311-4204 茨城県水戸市田谷町1,029-350-1777,,SNS platform + operation service,https://adesign.jp/consulting/ | https://adesign.jp/company_overview/index.html | https://adesign.jp/contact/index.html | https://adesign.jp/lp/corporate/,C,0,0,0
biyonfactory LLC.,https://www.biyonfactory.com,〒340-0822 埼玉県八潮市大瀬1,090-5784-7197,,SNSマーケティング,https://www.biyonfactory.com/webmenu/lightplan.html | https://www.biyonfactory.com/contact.html | https://www.biyonfactory.com/company.html,C,0,0,0
株式会社アドライブエージェント,https://adriveagent.com,〒101-0038 東京都千代田区神田美倉町１,,,SNS運用代行 / Instagram運用代行 / TikTok運用代行 / SNS運用 / SNSマーケティング,https://adriveagent.com/works | https://adriveagent.com/about-us | https://adriveagent.com/service | https://adriveagent.com/service/lp-sns-hoiku,C,0,0,0
Cross Propworks Inc. All Rights Reserved.,https://www.propworks.co.jp,〒163-1424 東京都新宿区西新宿3,,,SNS運用,https://www.propworks.co.jp/about/ | https://www.propworks.co.jp/about/index.html | https://www.propworks.co.jp/service/marketing-research.html | https://www.propworks.co.jp/service/telemarketing.html,C,0,0,0
株式会社Facilo,https://www.facilo.jp,〒104-0028 東京都中央区八重洲2,03-4588-4251,,SNS運用,https://www.facilo.jp/case/earth-juhan/ | https://www.facilo.jp/company/ | https://www.facilo.jp/about/ | https://www.facilo.jp/form/document-001/,C,0,0,0
株式会社,http://legacy-works.net,〒931-8305 富山県富山市豊若町1,090-8094-0342,,SNSマーケティング,http://legacy-works.net/company/ | http://legacy-works.net/business/,C,0,0,0
株式会社 マグネット,https://www.mag-net.co.jp,〒553-0003 大阪府大阪市福島区福島7,06-6442-7676,,SNS platform + operation service,https://www.mag-net.co.jp/service/ | https://www.mag-net.co.jp/company/ | https://www.mag-net.co.jp/contact/ | https://www.mag-net.co.jp/service/consumer.html,C,0,0,1
株式会社,https://www.connect-and-y.com,〒305-0008 茨城県つくば市流星台 4,029-856-3435,,SNS platform + operation service,https://www.connect-and-y.com/digital-content | https://www.connect-and-y.com/contact-us | https://www.connect-and-y.com/service | https://www.connect-and-y.com/about-us,C,0,0,0
2026 クラアド株式会社,https://claad.jp,〒422-8067 静岡県静岡市駿河区南町1,,,SNSマーケティング / SNS運用代行 / SNS広告運用,https://claad.jp/company | https://claad.jp/service | https://claad.jp/contact,C,0,0,0
がばいAIコンサルティング株式会社,https://gabai-ai.com,〒840-0816 佐賀県佐賀市駅南本町2,,,SNSマーケティング,https://gabai-ai.com/company/ | https://gabai-ai.com/service/ | https://gabai-ai.com/contact/,C,0,0,0
株式会社 Okwi（オクウィ）,https://www.okwi.app,〒310-0912 茨城県水戸市見川2,029-303-8800,,SNSマーケティング,https://www.okwi.app/commerce-disclosure | https://www.okwi.app/,C,0,0,0
レイマシ株式会社,https://raymashi.com,〒651-0086 兵庫県神戸市中央区磯上通8,,,Instagram広告運用,https://raymashi.com/about-us/ | https://raymashi.com/service/ | https://raymashi.com/contact-us/,C,0,0,0
株式会社SJ,https://www.a-yocorp.com,〒336-0911 埼玉県さいたま市緑区三室6,048-424-4778,,SNSマーケティング,https://www.a-yocorp.com/business/ | https://www.a-yocorp.com/company/ | https://www.a-yocorp.com/topics/inquiry | https://www.a-yocorp.com/company/philosophy/,C,0,0,0
株式会社ディファレントサーチ,https://dif-s.jp,〒104-0045 東京都中央区築地2,03-6264-0059,,SNS platform + operation service,https://dif-s.jp/company/ | https://dif-s.jp/service/ad.html | https://dif-s.jp/service/listing.html | https://dif-s.jp/service/access.html,C,0,0,0
株式会社 OPS,https://www.o-p-s.jp,〒341-0038 埼玉県三郷市中央1,048-951-4083,,インスタグラム運用,https://www.o-p-s.jp/c_instagram.html | https://www.o-p-s.jp/company.html,C,0,0,1
︎2023 Setsuna LLC. All Rights Reserved.,https://www.setsuna-llc.com,〒321-0164 栃木県宇都宮市双葉1,,,SNS運用 / SNSマーケティング,https://www.setsuna-llc.com/ | https://www.setsuna-llc.com/about-1/ | https://www.setsuna-llc.com/%E3%81%8A%E5%95%8F%E3%81%84%E5%90%88%E3%82%8F%E3%81%9B/,C,0,0,0
マジカルハンド株式会社,https://www.magicalhand.co.jp,〒310-0803 茨城県水戸市城南1,029-350-6800,,SNS運用代行,https://www.magicalhand.co.jp/?page_id=8 | https://www.magicalhand.co.jp/?page_id=8 | https://www.magicalhand.co.jp/?page_id=27,C,0,0,0
株式会社ワイズクリエイティブファクトリー,https://www.yscf.jp,〒150-6018 東京都渋谷区恵比寿4,03-5789-5374,,SNSマーケティング,https://www.yscf.jp/company/ | https://www.yscf.jp/contact/ | https://www.yscf.jp/analysis/,C,0,0,0
日本訪問医療株式会社,https://jhm-holdings.co.jp,〒260-0016 千葉県千葉市中央区栄町3,090-1091-9103,,SNS運用代行,https://jhm-holdings.co.jp/company/ | https://jhm-holdings.co.jp/service/ | https://jhm-holdings.co.jp/contact/,C,0,0,0
オアード株式会社,https://oaad-creation.jp,〒220-0012 神奈川県横浜市西区みなとみらい5,,,SNS platform + operation service,https://oaad-creation.jp/company/ | https://oaad-creation.jp/contact/?inquiry=%E8%B3%87%E6%96%99%E8%AB%8B%E6%B1%82 | https://oaad-creation.jp/company/ | https://oaad-creation.jp/contact/,C,0,0,0
transcosmos online communications株式会社,https://kanameto.me,〒170-6015 東京都豊島区東池袋三丁目,03-5904-9091,,LINE公式アカウント運用,https://kanameto.me/ | https://kanameto.me/contact/index.html | https://kanameto.me/eco/index.html | https://kanameto.me/company.html,C,0,0,0
株式会社WACUL,https://wacul.co.jp,〒101-0052 東京都千代田区神田小川町3,03-5244-5535,,SNS運用代行 / SNS運用 / SNS広告運用 / SNSマーケティング,https://wacul.co.jp/service/sns-support | https://wacul.co.jp/about | https://wacul.co.jp/service | https://wacul.co.jp/contact,C,0,0,0
"xscore, Inc. All Rights Reserved.",https://webma.xscore.co.jp,〒150-0011 東京都渋谷区東3,03-6433-5770,,YouTube運用代行 / YouTube運用 / SNS運用代行,https://webma.xscore.co.jp/document/youtube-service/ | https://webma.xscore.co.jp/contact/ | https://webma.xscore.co.jp/about-us/ | https://webma.xscore.co.jp/service/,C,0,0,5
大川建設 株式会社,https://www.okawa-kensetsu.co.jp,〒410-0003 静岡県沼津市沢田町2,055-921-0489,,SNS運用,https://www.okawa-kensetsu.co.jp/contents/category/sns/ | https://www.okawa-kensetsu.co.jp/contents/category/contact/ | https://www.okawa-kensetsu.co.jp/contents/category/service/ | https://www.okawa-kensetsu.co.jp/contents/category/about/,C,0,0,0
合同会社 untitled,https://b-style-inc.jp,〒007-0829 北海道札幌市東区東雁来9,,,SNS platform + operation service,https://b-style-inc.jp/company/ | https://b-style-inc.jp/contact-member-about/ | https://b-style-inc.jp/contact-company/ | https://b-style-inc.jp/contact-member/,C,0,0,0
2026年 「株式会社ndp group」に商号変更,https://www.ndpgroup.co.jp,〒060-0002 北海道札幌市中央区北二条西1,011-596-0509,,SNS platform + operation service,https://www.ndpgroup.co.jp/company/outline | https://www.ndpgroup.co.jp/company/outline.html | https://www.ndpgroup.co.jp/service.html | https://www.ndpgroup.co.jp/contact/input.html,C,0,0,0
株式会社シーラスト,https://hifilmie.com,〒379-2154 群馬県前橋市天川大島町3,,,SNSマーケティング,https://hifilmie.com/rule/ | https://hifilmie.com/contact/,C,0,0,0
株式会社,https://lisket.jp,〒460-0003 愛知県名古屋市中区錦2,,,SNS platform + operation service,https://lisket.jp/inquiry/ | https://lisket.jp/company/,C,0,0,0
【指定管理者】昭和造園土木株式会社,https://hyakunen-kouen.jp,〒501-3941 岐阜県関市小屋名1,0575-28-2166,,SNS運用,https://hyakunen-kouen.jp/sns | https://hyakunen-kouen.jp/access | https://showa-con.form.kintoneapp.com/waiting/?_formCode=hyakunen-kouen-contact | https://hyakunen-kouen.jp/webaccessibility,C,0,0,0
株式会社CreativeGroup,https://buzzgram.net,〒102-0075 東京都千代田区三番,03-6380-8937,,Instagram運用 / SNS運用代行 / Instagram運用代行,https://buzzgram.net/ | https://buzzgram.net/contact/,C,0,0,0
株式会社リック,https://www.lic-mydo.com,〒417-0826 静岡県富士市中里2,0120-69-5365,,SNS platform + operation service,https://www.lic-mydo.com/service/ | https://www.lic-mydo.com/service/posting_service/ | https://www.lic-mydo.com/service/posting_service/posting/ | https://www.lic-mydo.com/service/posting_service/mydo/,C,0,0,7
株式会社A-LINE,https://www.a-l-i-n-e.jp,〒336-0926 埼玉県さいたま市緑区東浦和5,048-799-3941,,SNSマーケティング,https://www.a-l-i-n-e.jp/blog/page_2646.html | https://www.a-l-i-n-e.jp/company/ | https://www.a-l-i-n-e.jp/inquiry.php,C,0,0,0
株式会社Niji,https://www.niji-sns.com,〒450-0002 愛知県名古屋市中村区名駅3,03-0000-0000,,SNS運用代行 / SNS運用 / SNSマーケティング / SNS広告運用,https://www.niji-sns.com/ | https://www.niji-sns.com/contact.html | https://www.niji-sns.com/content1.html | https://www.niji-sns.com/content2.html,C,0,0,0
有限会社 クリエイティブ・ユニット,https://unit-net.co.jp,〒791-0242 愛媛県松山市北梅本町2,089-990-8100,,SNS運用代行 / インスタ運用代行 / Instagram運用 / SNS運用,https://unit-net.co.jp/lp/ehime/sns-marketing.html | https://unit-net.co.jp/lp/index.html,C,0,0,0
株式会社宣栄社,https://seneisya.co.jp,広島市 中町５−１,082-247-2420,https://www.google.com/maps/place/%EF%BC%88%E6%A0%AA%EF%BC%89%E5%AE%A3%E6%A0%84%E7%A4%BE/data=!4m7!3m6!1s0x355aa20e219f7889:0x9e27beca70cfcbb9!8m2!3d34.39055!4d132.459098!16s%2Fg%2F1vgw6h4k!19sChIJiXifIQ6iWjURucvPcMq-J54?authuser=0&hl=ja&rclk=1,SNS platform + operation service,https://seneisya.co.jp/,C,0,0,0
株式会社Zooooooo,https://www.zooooooo.net,〒802-0002 福岡県北九州市小倉北区京町４,050-3574-6886,https://www.google.com/maps/place/%E6%A0%AA%E5%BC%8F%E4%BC%9A%E7%A4%BEZooooooo/data=!4m7!3m6!1s0xa6df91f493087b6b:0x93d1ccfd426c503b!8m2!3d33.8844077!4d130.887103!16s%2Fg%2F11kk86kxks!19sChIJa3sIk_SR36YRO1BsQv3M0ZM?authuser=0&hl=ja&rclk=1,SNSマーケティング / SNS運用代行 / SNS運用,https://www.zooooooo.net/ | https://www.zooooooo.net/about,C,0,0,0
Ciras株式会社,https://www.ciras.jp,〒790-0813 愛媛県松山市萱町3,050-3637-6324,https://www.google.com/maps/place/Ciras%E6%A0%AA%E5%BC%8F%E4%BC%9A%E7%A4%BE/data=!4m7!3m6!1s0x354fe54e6735b889:0x6d42c35c4071bf02!8m2!3d33.845601!4d132.7568388!16s%2Fg%2F11h3bsfmmb!19sChIJibg1Z07lTzURAr9xQFzDQm0?authuser=0&hl=ja&rclk=1,SNS platform + operation service,https://www.ciras.jp/ | https://www.ciras.jp/company | https://www.ciras.jp/contact?src=header | https://www.ciras.jp/contact,C,0,0,0
ザデジタルエックス合同会社,https://www.thedigitalx.net,〒036-8002 青森県弘前市駅前3,050-1808-8615,https://www.google.com/maps/place/%E3%82%B6%E3%83%87%E3%82%B8%E3%82%BF%E3%83%AB%E3%82%A8%E3%83%83%E3%82%AF%E3%82%B9%E5%90%88%E5%90%8C%E4%BC%9A%E7%A4%BE%2FThe+Digital+X%E5%90%88%E5%90%8C%E4%BC%9A%E7%A4%BE/data=!4m7!3m6!1s0x5f9b01f1fe595555:0x39b2ac2cd424a7d1!8m2!3d40.5982834!4d140.4798003!16s%2Fg%2F11v9gbwnjl!19sChIJVVVZ_vEBm18R0ack1Cyssjk?authuser=0&hl=ja&rclk=1,SNS運用 / SNSマーケティング,https://www.thedigitalx.net/ | https://www.thedigitalx.net/download?utm_source=header&utm_medium=button&utm_campaign=dl_companycredentials | https://www.thedigitalx.net/contact?utm_source=header&utm_medium=button&utm_campaign=contact | https://www.thedigitalx.net/service,C,0,0,0
株式会社ビックス,https://beax-beauty.jp,〒803-0835 福岡県北九州市小倉北区井堀1,093-581-5201,https://www.google.com/maps/place/%E6%A0%AA%E5%BC%8F%E4%BC%9A%E7%A4%BE%E3%83%93%E3%83%83%E3%82%AF%E3%82%B9/data=!4m7!3m6!1s0x3543c76293ce6529:0x72fe77cde919f8ba!8m2!3d33.8852143!4d130.8492345!16s%2Fg%2F11b6dfgdwh!19sChIJKWXOk2LHQzURuvgZ6c13_nI?authuser=0&hl=ja&rclk=1,SNS platform + operation service,https://beax-beauty.jp/ | https://beax-beauty.jp/about/ | https://beax-beauty.jp/service/ | https://beax-beauty.jp/contact/,C,0,0,0
必須 (例：株式会社 心理商事),https://hsmana.com,〒041-0844 北海道函館市川原町1,03-0000-0000,,SNS platform + operation service,https://hsmana.com/consulting | https://hsmana.com/free/profile | https://hsmana.com/free/access | https://hsmana.com/free/profile,C,0,0,0
株式会社KSB,https://lp.ksb-sendai.co.jp,〒980-0802 宮城県仙台市青葉区二日町8,022-281-9163,,SNS運用支援,https://lp.ksb-sendai.co.jp/,C,0,0,0
環境デジタルソリューション㈱,https://kankyodigital-sol.jp,〒690-0816 島根県松江市北陵町1,050-1790-0163,https://www.google.com/maps/place/%E7%92%B0%E5%A2%83%E3%83%87%E3%82%B8%E3%82%BF%E3%83%AB%E3%82%BD%E3%83%AA%E3%83%A5%E3%83%BC%E3%82%B7%E3%83%A7%E3%83%B3%E3%88%B1/data=!4m7!3m6!1s0x3557057545bea317:0x8dd99887f70e79ba!8m2!3d35.5002778!4d133.0608535!16s%2Fg%2F11swfjdsy5!19sChIJF6O-RXUFVzURunkO94eY2Y0?authuser=0&hl=ja&rclk=1,SNS platform + operation service,https://kankyodigital-sol.jp/ | https://kankyodigital-sol.jp/contact/ | https://kankyodigital-sol.jp/about/ | https://kankyodigital-sol.jp/company/,C,0,0,5
株式会社ハイネット,https://isp.hi-net.ne.jp,〒031-0072 青森県八戸市城下４,0178-73-8720,,SNS platform + operation service,https://isp.hi-net.ne.jp/service/web-design/ | https://isp.hi-net.ne.jp/service/ | https://isp.hi-net.ne.jp/about/ | https://isp.hi-net.ne.jp/contact/,C,0,0,0
2026 Northern Iwate Transportation Inc.,https://www.iwate-kenpokubus.co.jp,〒020-0124 岩手県盛岡市厨川一丁目,019-641-7711,,SNS platform + operation service,https://www.iwate-kenpokubus.co.jp/archives/14377/ | https://www.iwate-kenpokubus.co.jp/contact/ | http://www.iwate-kenpokubus.co.jp/contact/ | https://www.iwate-kenpokubus.co.jp/company/,C,0,0,0
本社・親会社名 REGAIN GROUP株式会社 所在地：東京都港区,https://www.hachinohe-yuchi.jp,〒031-0032 青森県八戸市大字三日町4,0178-72-3117,,SNS platform + operation service,https://www.hachinohe-yuchi.jp/lets-work/corporate-file/corpfile_m-02/ | https://www.hachinohe-yuchi.jp/location-environment/access/ | https://www.hachinohe-yuchi.jp/corporate-voices/ | https://www.hachinohe-yuchi.jp/lets-work/corporate-file/,C,0,0,0
福井県のネット通販ショップの開業・運営・支援・代行・制作・作成・集客・コンサル・・・株式会社ワイプランニング,http://www.yplanning.jp,〒918-8067 福井県福井市飯塚町2,0776-58-3220,,SNS platform + operation service,http://www.yplanning.jp/netshop/agency.html | http://www.yplanning.jp/contact/contact.html | http://www.yplanning.jp/aboutus/,C,0,0,0
山梨県の医業経営コンサルタント 株式会社ブロス,http://www.e-bross.jp,〒409-3867 山梨県中巨摩郡昭和町清水新居1,055-227-7500,,SNS platform + operation service,http://www.e-bross.jp/simizumz.html | http://www.e-bross.jp/corp.html | http://www.e-bross.jp/inq.html,C,0,0,0
株式会社 学文社 学術書・研究書・大学テキスト 専門書出版社,https://www.gakubunsha.com,〒153-0064 東京都目黒区下目黒3,03-3715-1501,,SNS platform + operation service,https://www.gakubunsha.com/book/b474016.html | https://www.gakubunsha.com/company/cc1306.html | https://www.gakubunsha.com/contact/ | https://www.gakubunsha.com/company/cc1316.html,C,0,0,0
株式会社ブィシージー,https://www.vcg-inc.com,〒963-8803 福島県郡山市横塚2,0120-910-608,,SNS platform + operation service,https://www.vcg-inc.com/company/ | https://www.vcg-inc.com/company/ | https://www.vcg-inc.com/contact/ | https://www.vcg-inc.com/contact/,C,0,0,0
2025-2026 フォーエス株式会社 All Rights Reserved.,https://www.4s-company.jp,〒948-0072 新潟県十日町市西本町３,025-762-4412,,SNS platform + operation service,https://www.4s-company.jp/web/ | https://www.4s-company.jp/company/ | https://www.4s-company.jp/contact/index.html,C,0,0,0
株式会社ウィスト,http://wist-inc.com,〒300-2614 茨城県つくば市上里7,029-847-9191,,SNS platform + operation service,http://wist-inc.com/ | http://wist-inc.com/camp.html | http://wist-inc.com/service.html | http://wist-inc.com/mailform.html,C,0,0,0
【公式】株式会社商工オフィス,https://www.shoko-office.co.jp,〒939-8072 富山県富山市堀川町4,076-422-0855,,SNS platform + operation service,https://www.shoko-office.co.jp/index.html | https://www.shoko-office.co.jp/service.html | https://www.shoko-office.co.jp/itservice.html,C,0,0,0
MG株式会社,https://www.mg-inc.net,〒380-0805 長野県長野市柳町6,090-6921-5198,,SNS platform + operation service,https://www.mg-inc.net/,C,0,0,0
有限会社アクティル,https://actil.jp,〒920-0226 石川県金沢市粟崎町3,076-238-2839,,SNS platform + operation service,https://actil.jp/business/ | https://actil.jp/company/ | https://actil.jp/contact/,C,0,0,0
合同会社ふくしまRISE,https://www.fukushima-rise.jp,〒960-0211 福島県福島市飯坂町湯野字切湯ノ上1,,,SNS platform + operation service,https://www.fukushima-rise.jp/outline.html | https://www.fukushima-rise.jp/company.html | https://www.fukushima-rise.jp/inquiry.html,C,0,0,0
株式会社ヨコセ,http://www.yokose.com,〒320-0804 栃木県宇都宮市二荒町5,028-634-7643,,SNS platform + operation service,http://www.yokose.com/sptool_sign/sptool_sign_b/index.html | http://www.yokose.com/company_info/index.html,C,0,0,0
株式会社DOA,https://www.doa-inc.jp,〒390-0852 長野県松本市島立7,0263-47-7786,,SNS platform + operation service,https://www.doa-inc.jp/company/ | https://www.doa-inc.jp/company/ | https://www.doa-inc.jp/contact/,C,0,0,0
株式会社ゲイン,https://gain.co.jp,〒460-0011 愛知県名古屋市中区大須3,052-243-3510,,SNS platform + operation service,https://gain.co.jp/service/sales-promotion/ | https://gain.co.jp/about/ | https://gain.co.jp/service/ | https://gain.co.jp/contact/,C,0,0,0
株式会社ハッチ・ワーク,https://hatchwork.co.jp,〒107-0062 東京都港区南青山1,03-5772-3621,,SNS platform + operation service,https://hatchwork.co.jp/archives/743 | https://hatchwork.co.jp/profile | https://hatchwork.co.jp/access | https://hatchwork.co.jp/rental_service,C,0,0,0
TOPPAN株式会社,https://www.holdings.toppan.com,〒110-8560 東京都 台東区 台東1,,,SNS platform + operation service,https://www.holdings.toppan.com/ja/news/2013/01/newsrelease1462.html | https://www.holdings.toppan.com/ja/about-us/ | https://www.holdings.toppan.com/ja/about-us/overview.html | https://www.holdings.toppan.com/ja/about-us/cad/,C,0,0,0
株式会社,https://triple-good.com,〒980-0803 宮城県仙台市青葉区国分町1,,,SNS platform + operation service,https://triple-good.com/works/ | https://triple-good.com/about/ | https://triple-good.com/contact/,C,0,0,0
株式会社マスネットワーク,https://mas-net.jp,〒390-0817 長野県松本市巾上9,0263-33-2223,,SNS platform + operation service,https://mas-net.jp/consulting-service/%E6%A5%AD%E7%B8%BE%E5%90%91%E4%B8%8A%E6%94%AF%E6%8F%B4/ | https://mas-net.jp/ | https://mas-net.jp/consulting-service/,C,0,0,0
株式会社スパン,https://www.shukatsu-ouen.jp,〒370-0854 群馬県高崎市下之城町9,027-381-8700,,SNS platform + operation service,https://www.shukatsu-ouen.jp/2027/corp.php?id=82,C,0,0,0
クリエイティブから介護事業まで 株式会社ティーネットエンタープライズ,https://www.t-net-g.co.jp,〒371-0023 群馬県前橋市本町2,027-289-4555,,SNS platform + operation service,https://www.t-net-g.co.jp/business.html | https://www.t-net-g.co.jp/campany.html,C,0,0,0
サンエイジ合同会社 群馬県前橋市のネット集客・販売促進・ホームページ制作,https://sunage.org,〒371-0804 群馬県前橋市六供町2,027-289-3578,,SNS platform + operation service,https://sunage.org/tenpo/ | https://sunage.org/staff/about/,C,0,0,0
株式会社ドリームホテル,https://dreamhotel.co.jp,〒390-0874 長野県松本市大手2,0263-39-7101,,SNS platform + operation service,https://dreamhotel.co.jp/business/ | https://dreamhotel.co.jp/company/ | https://dreamhotel.co.jp/contact/ | https://dreamhotel.co.jp/recruit/about/,C,0,0,0
株式会社ミラ,https://mirah-planning.com,〒371-0835 群馬県前橋市前箱田町3,,,SNS platform + operation service,https://mirah-planning.com/company/ | https://mirah-planning.com/contact/ | https://mirah-planning.com/aboutus/ | https://mirah-planning.com/service/,C,0,0,0
株式会社メノビル,https://menobiru.com,〒107-0062 東京都港区南青山2,,,SNS platform + operation service,https://menobiru.com/works/clinic-startup-support/ | https://menobiru.com/ | https://menobiru.com/company/ | https://menobiru.com/contact/,C,0,0,1
株式会社りそな銀行,https://www.saitamaresona.co.jp,〒350-0063 埼玉県川越市幸町4,,,SNS platform + operation service,https://www.saitamaresona.co.jp/labtama/koedo-terrace/about/,C,0,0,0
2019-2026 Real Estate Supporter.Inc,https://supporters.co.jp,〒305-0033 茨城県つくば市東新井8,029-886-7762,,SNS platform + operation service,https://supporters.co.jp/company | https://supporters.co.jp/contact,C,0,0,0
style-be Inc.,https://www.style-be.com,〒260-0808 千葉県千葉市中央区星久喜町1,043-266-8931,,SNS platform + operation service,https://www.style-be.com/support.html | https://www.style-be.com/about.html | https://www.style-be.com/company.html | https://www.style-be.com/contact.html,C,0,0,0
株式会社ちばくる公式サイト,https://chibacool.co.jp,〒261-0001 千葉県千葉市美浜区幸町２,,,SNS platform + operation service,https://chibacool.co.jp/service/consultingbusiness/ | https://chibacool.co.jp/about/ | https://chibacool.co.jp/service/ | https://chibacool.co.jp/service/farmbusiness/,C,0,0,0
4DL Technologies株式会社（フォーディーエルテクノロジーズ）,https://4dlt.com,〒260-0013 千葉県千葉市中央区中央 2,,,SNS platform + operation service,https://4dlt.com/news/251121 | https://4dlt.com/aboutus | https://4dlt.com/services | https://4dlt.com/contact,C,0,0,0
株式会社エースリー 神奈川県横浜市中区本町4丁目40 横浜第一ビル7F,http://a-three.co.jp,〒231-0005 神奈川県横浜市中区本町4,045-641-5066,,SNS platform + operation service,http://a-three.co.jp/solution.html | http://a-three.co.jp/outline.html | http://a-three.co.jp/reference.html,C,0,0,0
有限会社マイア,https://www.maia-bsd.jp,〒370-1105 群馬県佐波郡玉村町福島5,0270-64-3072,,SNS platform + operation service,https://www.maia-bsd.jp/business/ | https://www.maia-bsd.jp/company_info/,C,0,0,0
ワールドスケープ株式会社,https://shukyaku-lab.com,〒273-0005 千葉県船橋市本町2,047-404-7914,,SNS platform + operation service,https://shukyaku-lab.com/about | https://shukyaku-lab.com/contact,C,0,0,0
合同会社アイディーイー,https://idellc.jp,〒811-2106 福岡県糟屋郡宇美町ひばりヶ丘3,,,SNS platform + operation service,https://idellc.jp/consulting/ | https://idellc.jp/company/ | https://idellc.jp/contact/,C,0,0,0
株式会社エーネイバーズ,https://a-nabors.jp,〒277-8520 千葉県柏市若柴1,047-314-8330,,SNS platform + operation service,https://a-nabors.jp/case/ | https://a-nabors.jp/company/ | https://a-nabors.jp/services/ | https://a-nabors.jp/contact/,C,0,0,0
株式会社NBSキオスク&サービス,https://www.nbs-ks.jp,〒141-0032 東京都品川区大崎5,03-5745-0336,,SNS platform + operation service,https://www.nbs-ks.jp/solution.html | https://www.nbs-ks.jp/company.html,C,0,0,0
Natural Art有限会社（ナチュラルアート）,http://www.kj-club.com,〒216-0005 神奈川県川崎市宮前区土橋3,044-866-2618,,SNS platform + operation service,http://www.kj-club.com/company.html | http://www.kj-club.com/service.html,C,0,0,0
株式会社 アンドユー,http://andyou.co.jp,〒106-0031 東京都港区西麻布2,03-5432-9996,,SNS platform + operation service,http://andyou.co.jp/fujisawa.html | http://andyou.co.jp/index.html | http://andyou.co.jp/jigyou.html | http://andyou.co.jp/gaiyou.html,C,0,0,0
アイエスリフォーム株式会社,https://isreform.jp,〒277-0074 千葉県柏市今谷上町1,04-7196-6003,,SNS platform + operation service,https://isreform.jp/reason/ | https://isreform.jp/contact/ | https://isreform.jp/company-profile/,C,0,0,0
株式会社やまと経営,https://ksme-c.com,〒338-0002 埼玉県さいたま市中央区下落合5,048-699-1016,,SNS platform + operation service,https://ksme-c.com/faq/ | https://ksme-c.com/company/ | https://ksme-c.com/contact/ | https://ksme-c.com/contact/,C,0,0,0
株式会社ネクスト,https://www.e-next.co.jp,〒260-0015 千葉県千葉市中央区富士見2,043-227-1000,,SNS platform + operation service,https://www.e-next.co.jp/company.html | https://www.e-next.co.jp/ | https://www.e-next.co.jp/whatwedo.html | https://www.e-next.co.jp/contact.html,C,0,0,0
"30m shukyaku,Inc.",https://30m.co.jp,〒277-0835 千葉県柏市松ヶ崎2,,,SNS platform + operation service,https://30m.co.jp/about/ | https://30m.co.jp/contact/ | https://30m.co.jp/about/,C,0,0,0
株式会社IBS,http://iibs.co.jp,〒983-0013 宮城県仙台市宮城野区中野神明1,022-217-2224,,SNS platform + operation service,http://iibs.co.jp/group.html | http://iibs.co.jp/about.html,C,0,0,0
タクト情報システムズ株式会社,https://tact-info.com,〒231-0012 神奈川県横浜市中区相生町 ３,045-671-0220,,SNS platform + operation service,https://tact-info.com/crm/131103_members.html | https://tact-info.com/company.html | https://tact-info.com/crm/131104_customersegment.html | https://tact-info.com/contact.html,C,0,0,0
ClipLine株式会社,https://corp.clipline.com,〒101-0035 東京都千代田区神田紺屋町1,,,SNS platform + operation service,https://corp.clipline.com/3117356 | https://corp.clipline.com/about_us | https://corp.clipline.com/industry_data,C,0,0,0
株式会社エーティーネット,https://atnet.co.jp,〒211-0063 神奈川県川崎市中原区小杉町3,044-722-9139,,SNS platform + operation service,https://atnet.co.jp/kawasaki-web-design.html | https://atnet.co.jp/company.html | https://atnet.co.jp/access.html | https://atnet.co.jp/service.html,C,0,0,0
有限会社 つばさ企画,https://www.hoken-tsubasa.co.jp,〒214-0011 神奈川県川崎市多摩区布田1,044-944-3965,,SNS platform + operation service,https://www.hoken-tsubasa.co.jp/strength | https://www.hoken-tsubasa.co.jp/contact | https://www.hoken-tsubasa.co.jp/company | https://www.hoken-tsubasa.co.jp/company/profile,C,0,0,0
有限会社サロンゆう,https://rebical.com,〒251-0028 神奈川県藤沢市本鵠沼三丁目,,,SNS platform + operation service,https://rebical.com/about/ | https://rebical.com/hp-service/,C,0,0,0
日本直販株式会社,https://corporate.666-666.jp,〒105-0001 東京都港区虎ノ門3,0120-10-3300,,SNS platform + operation service,https://corporate.666-666.jp/news/20251106_notice/ | https://corporate.666-666.jp/ | https://corporate.666-666.jp/aboutus-overview/ | https://corporate.666-666.jp/aboutus-history/,C,0,0,0
株式会社土屋ホーム,https://review.tanabeconsulting.co.jp,〒100-0005 東京都千代田区丸の内1,03-6758-0073,,SNS platform + operation service,https://review.tanabeconsulting.co.jp/consultantcase/27907/ | https://review.tanabeconsulting.co.jp/keyword/apparel-lifestyle/ | https://review.tanabeconsulting.co.jp/keyword/finance/improvingcorporatevalue/ | https://review.tanabeconsulting.co.jp/about/,C,0,0,0
Medical Contents inc. All Rights Reserved.,https://iryo-eizosha.com,〒429-1901 北海道札幌市中央区南6,011-215-0825,,SNS platform + operation service,https://iryo-eizosha.com/service/ | https://iryo-eizosha.com/contact/ | https://iryo-eizosha.com/company/,C,0,0,0
株式会社NDPマーケティング(東京支社),http://dental-web.info,〒150-0013 東京都渋谷区恵比寿1,03-5422-8142,,SNS platform + operation service,http://dental-web.info/form/ | http://dental-web.info/company.html,C,0,0,0
SQUEEZE inc.,https://squeeze-inc.co.jp,〒061-1133 北海道北広島市栄町1,,,SNS platform + operation service,https://squeeze-inc.co.jp/archives/2653/ | https://squeeze-inc.co.jp/about/ | https://squeeze-inc.co.jp/services/ | https://squeeze-inc.co.jp/company/,C,0,0,0
株式会社協同,https://www.kyodo-ad.com,〒030-0812 青森県青森市堤町2,017-777-4191,,SNS platform + operation service,https://www.kyodo-ad.com/works.html | https://www.kyodo-ad.com/about.html,C,0,0,0
株式会社ホンダプロモーション,https://dealer.honda.co.jp,〒350-1112 埼玉県川越市上野田町２,049-247-5911,,SNS platform + operation service,https://dealer.honda.co.jp/hondacars-kawagoe/showroom/detail/?kyoten_cd=05 | https://dealer.honda.co.jp/hondacars-kawagoe/contact/ | https://dealer.honda.co.jp/hondacars-kawagoe/company/,C,0,0,0
JOYNT Inc.,https://www.jnt.jp,〒020-0878 岩手県盛岡市肴町3,,,SNS platform + operation service,https://www.jnt.jp/ | https://www.jnt.jp/company/ | https://www.jnt.jp/service/ | https://www.jnt.jp/contact/,C,0,0,0
株式会社 イーブレインホールディングス,http://www.e-brainshd.co.jp,〒960-8031 福島県福島市栄町6,024-528-1627,,SNS platform + operation service,http://www.e-brainshd.co.jp/company | http://www.e-brainshd.co.jp/business | http://www.e-brainshd.co.jp/contact,C,0,0,0
株式会社フェイス,https://faith-faith.co.jp,〒663-8113 兵庫県西宮市甲子園口3,0798-78-8948,,SNS platform + operation service,https://faith-faith.co.jp/company/companyprofile/ | https://faith-faith.co.jp/service/ | https://faith-faith.co.jp/service/corporate-training/ | https://faith-faith.co.jp/service/wedding-businesssupport/attract-customers/,C,0,0,0
株式会社インアウトバウンド東北,https://www.inoutbound.co.jp,〒983-0044 宮城県仙台市宮城野区宮千代2,022-302-7390,,SNS platform + operation service,https://www.inoutbound.co.jp/company.html | https://www.inoutbound.co.jp/service.html | https://www.inoutbound.co.jp/contact.html,C,0,0,0
株式会社 伝広社 denkosya 石川県金沢市、富山県、福井県、北陸3県の新聞、テレビ、ラジオの広告営業。イベントの企画、運営、管理。,http://www.dimp.net,〒921-8161 石川県金沢市有松3,076-247-1311,,SNS platform + operation service,http://www.dimp.net/works/index.html,C,0,0,0
株式会社平金商店,https://hirakin.com,〒020-0878 岩手県盛岡市肴町8,000-020-0878,,SNS platform + operation service,https://hirakin.com/itkonsaru/ | https://hirakin.com/gaiyou/ | https://hirakin.com/access/ | https://hirakin.com/contact/,C,0,0,0
"Just FIx,Inc.",https://justfix.co.jp,〒060-0005 北海道札幌市中央区北５,011-558-6846,,SNS platform + operation service,https://justfix.co.jp/company/history/ | https://justfix.co.jp/service/ | https://justfix.co.jp/service/dx-consulting/ | https://justfix.co.jp/service/sanpai-dx/,C,0,0,0
株式会社ホテル旅館マネジメント,https://www.kk-hrm.co.jp,〒810-0073 福岡県福岡市中央区舞鶴3,092-406-7815,,SNS platform + operation service,https://www.kk-hrm.co.jp/results_list.html | https://www.kk-hrm.co.jp/contact.html | https://www.kk-hrm.co.jp/service.html | https://www.kk-hrm.co.jp/about.html,C,0,0,0
株式会社物件王,https://www.bukkenking.com,〒450-6321 愛知県名古屋市中村区名駅1,052-856-3250,,SNS platform + operation service,https://www.bukkenking.com/media/4175/ | https://www.bukkenking.com/service/ | https://www.bukkenking.com/company/ | https://www.bukkenking.com/contact/,C,0,0,0
エービーシー株式会社,http://www.abc-ad.co.jp,〒399-0005 長野県松本市野溝木工1,0263-24-1101,,SNS platform + operation service,http://www.abc-ad.co.jp/news/ | http://www.abc-ad.co.jp/about/index.html | http://www.abc-ad.co.jp/about/ | http://www.abc-ad.co.jp/contact/,C,0,0,0
アエラホーム 株式会社,https://aerahome-fc.com,〒102-0074 東京都千代田区九段南2,03-3512-2318,,SNS platform + operation service,https://aerahome-fc.com/,C,0,0,0
株式会社やさしい手,https://search.yasashiite.com,〒153-0044 東京都目黒区大橋2,050-1749-7459,,SNS platform + operation service,https://search.yasashiite.com/detail/yasacie_nagaoka/notice/874769/ | https://search.yasashiite.com/detail/yasacie_nagaoka/,C,0,0,0
有限会社ディ.エフ.ティ 〒950-0986 新潟県新潟市中央区神道寺南2-4-6 TEL 025-280-0557,https://www.sumai-niigata.net,〒950-0986 新潟県新潟市中央区神道寺南2,0120-773-121,,SNS platform + operation service,https://www.sumai-niigata.net/builder/detail/,C,0,0,0
株式会社エッジキャピタル,https://edge-c.com,〒110-0016 東京都台東区台東4,03-6803-2973,,SNS platform + operation service,https://edge-c.com/contact/ | https://edge-c.com/company/ | https://edge-c.com/business/ | https://edge-c.com/owner/,C,0,0,0
潤観光開発株式会社,https://j-kk.com,〒930-0003 富山県富山市桜町2,00-0000-0000,,SNS platform + operation service,https://j-kk.com/consultation/ | https://j-kk.com/company-feature/ | https://j-kk.com/company-information/ | https://j-kk.com/contact2/,C,0,0,0
いやさか創研株式会社,https://www.eyasaka.jp,〒910-0347 福井県坂井市丸岡町熊堂第3,0776-67-7344,,SNS platform + operation service,https://www.eyasaka.jp/corporate.html | https://www.eyasaka.jp/contact.html | https://www.eyasaka.jp/access.html,C,0,0,0
第一企画株式会社,https://www.d1k-c.jp,〒380-0803 長野県長野市三輪一丁目,026-256-6360,,SNS運用,https://www.d1k-c.jp/company.html | https://www.d1k-c.jp/contact.html | https://www.d1k-c.jp/domain.html,C,0,0,0
ブルートラック株式会社,https://bluetruck.co.jp,〒160-0023 東京都新宿区西新宿3,050-1722-0368,,SNS platform + operation service,https://bluetruck.co.jp/kanazawa.html | https://bluetruck.co.jp/index.html,C,0,0,0
株式会社GFN,https://www.3d-m.jp,〒940-0084 新潟県長岡市幸町1,0258-36-2685,,SNS platform + operation service,https://www.3d-m.jp/about/overview/ | https://www.3d-m.jp/contact/others/ | https://www.3d-m.jp/about/aboutus/ | https://www.3d-m.jp/about/greeting/,C,0,0,0
有限会社エーエム・ワークス AM WORKS LTD.,https://www.amworks.jp,〒663-8006 兵庫県西宮市段上町3,0798-52-7470,,SNS platform + operation service,https://www.amworks.jp/ | https://www.amworks.jp/about/profile.html | https://www.amworks.jp/about/index.html | https://www.amworks.jp/about/staff.html,C,0,0,0
株式会社 OUTPUT,https://out-put.co.jp,〒390-0811 長野県松本市中央1,0263-36-2815,,SNS platform + operation service,https://out-put.co.jp/ | https://out-put.co.jp/ | https://out-put.co.jp/index.html,C,0,0,0
有限会社アライブ,https://alive-llc.com,〒390-0827 長野県松本市出川2,0263-72-8080,,SNS platform + operation service,https://alive-llc.com/pg2973663.html | https://alive-llc.com/corporate.html | https://alive-llc.com/service.html | https://alive-llc.com/contact.html,C,0,0,0
株式会社JRC,https://japan-rc.co.jp,〒409-3866 山梨県中巨摩郡昭和町西条1,055-288-9924,,SNS platform + operation service,https://japan-rc.co.jp/,C,0,0,0
株式会社ゼンリン東海,https://docoreno-naganonorth.jp,〒411-0907 静岡県駿東郡清水町伏見6,055-975-6699,,SNS platform + operation service,https://docoreno-naganonorth.jp/about/ | https://docoreno-naganonorth.jp/contact/,C,0,0,0
2025 CYBERDYNE Inc.,https://www.cyberdyne.jp,〒305-0818 茨城県つくば市研究学園二丁目,,,SNS platform + operation service,https://www.cyberdyne.jp/app/privacy | https://www.cyberdyne.jp/company | https://www.cyberdyne.jp/products | https://www.cyberdyne.jp/contact,C,0,0,0
綜合ユニコム株式会社,https://www.sogo-unicom.co.jp,〒104-0061 東京都中央区銀座2,03-3564-0888,,SNS platform + operation service,https://www.sogo-unicom.co.jp/pbs/seminar/2007/0210.html,C,0,0,0
会社商号 株式会社レックホテルズ＆マネジメント,https://hotelmart.jp,〒171-0022 東京都豊島区南池袋2,03-6914-3751,,SNS platform + operation service,https://hotelmart.jp/outline/,C,0,0,0
株式会社アイエスクラス,https://www.isxlus.jp,〒368-0001 埼玉県秩父市黒谷2,0494-26-7767,,SNS platform + operation service,https://www.isxlus.jp/,C,0,0,0
La Towa合同会社,https://1217.latowa.jp,〒542-0081 大阪府大阪市中央区南船場3,06-6556-6517,,SNS platform + operation service,https://1217.latowa.jp/program/ | https://1217.latowa.jp/company/ | https://1217.latowa.jp/contact/ | https://1217.latowa.jp/contact/,C,0,0,0
株式会社ピーコック,https://peacock-japan.co.jp,〒940-2192 新潟県長岡市新産3,0258-21-4001,,SNS platform + operation service,https://peacock-japan.co.jp/franchise/ | https://peacock-japan.co.jp/enterprise/message.php | https://peacock-japan.co.jp/inquiry/,C,0,0,0
株式会社パネットホーム,https://www.r-plus-h.com,〒311-1235 茨城県ひたちなか市田中後7,0120-845-890,,SNS platform + operation service,https://www.r-plus-h.com/editors/169 | https://www.r-plus-h.com/about | https://www.r-plus-h.com/inquiries/new | https://www.r-plus-h.com/company,C,0,0,0
あんしん有限会社,https://ansinn.jp,〒338-0837 埼玉県さいたま市桜区田島9,,,SNS platform + operation service,https://ansinn.jp/consulting.html | https://ansinn.jp/about.html | https://ansinn.jp/counseling.html | https://ansinn.jp/inquiry.php,C,0,0,0
株式会社ラール・アワー,https://rallhour.com,〒305-0031 茨城県つくば市吾妻1,029-869-4041,,SNS platform + operation service,https://rallhour.com/information/4701/ | https://rallhour.com/about/,C,0,0,0
LIEN株式会社,https://lien-cs.jp,〒320-0013 栃木県宇都宮市上大曽町 6,050-3045-9522,,SNS platform + operation service,https://lien-cs.jp/company/ | https://lien-cs.jp/about/ | https://lien-cs.jp/company/ | https://lien-cs.jp/contact/,C,0,0,0
合同会社ローカルアクセス,http://laccess.net,〒343-0032 埼玉県越谷市袋山8,050-1322-3441,,SNS platform + operation service,http://laccess.net/?page_id=86 | http://laccess.net/?page_id=130 | http://laccess.net/?page_id=43 | http://laccess.net/?page_id=45,C,0,0,0
株式会社エビス,https://www.ev-kawagoe.com,〒350-1165 埼玉県川越市南台3,049-240-6036,,SNS platform + operation service,https://www.ev-kawagoe.com/ | https://www.ev-kawagoe.com/scanning/ | https://www.ev-kawagoe.com/copy/ | https://www.ev-kawagoe.com/company/,C,0,0,0
株式会社 ゼンリン東海,https://docotate-gunma.jp,〒411-0907 静岡県駿東郡清水町伏見6,055-975-6699,,SNS platform + operation service,https://docotate-gunma.jp/operating-company/ | https://docotate-gunma.jp/contact/,C,0,0,0
竹並建設株式会社,https://www.takenami-rphouse.com,〒367-0035 埼玉県本庄市西富田3,0495-23-2001,,SNS platform + operation service,https://www.takenami-rphouse.com/editors/198 | https://www.takenami-rphouse.com/about | https://www.takenami-rphouse.com/company | https://www.takenami-rphouse.com/inquiries/new,C,0,0,0
株式会社Honmono Japan,https://honmono-japan.co.jp,〒150-0001 東京都渋谷区神宮前6,,,SNS platform + operation service,https://honmono-japan.co.jp/business.html | https://honmono-japan.co.jp/company.html | https://honmono-japan.co.jp/contact.html,C,0,0,0
株式会社結,https://yui-eir.com,〒274-0071 千葉県船橋市習志野5,047-402-4100,,SNS platform + operation service,https://yui-eir.com/company/ | https://yui-eir.com/service/ | https://yui-eir.com/contact/,C,0,0,0
OWNER'S AGENT Inc. All Rights Reserved.,https://owners-age.com,〒163-0818 東京都新宿区西新宿2,03-5339-0717,,SNS platform + operation service,https://owners-age.com/collection/procall24/kawamokukensetsu | https://owners-age.com/company | https://owners-age.com/form/contact001,C,0,0,0
株式会社レガシィ,http://www.legacy-web.co.jp,〒060-0041 北海道札幌市中央区大通東7,011-272-0880,,SNS platform + operation service,http://www.legacy-web.co.jp/03gyomu.html | http://www.legacy-web.co.jp/02gaiyo.html,C,0,0,0
株式会社ルウム,https://loom.jp,〒103-0023 東京都中央区日本橋本町3,03-6202-2853,,SNS platform + operation service,https://loom.jp/web/shukyaku/jirei_shukyaku.html | https://loom.jp/web/contact/contact.html | https://loom.jp/web/shukyaku/price_shukyaku.html | https://loom.jp/web/faq/service_faq.html,C,0,0,0
株式会社 まちづくり越谷,https://www.koshigaya-machi.me,〒343-0813 埼玉県越谷市 越ヶ谷3,048-940-8676,,SNS platform + operation service,https://www.koshigaya-machi.me/content/office801/ | https://www.koshigaya-machi.me/overview/ | https://www.koshigaya-machi.me/contact/,C,0,0,0
サービス・イノベーション株式会社,https://www.service-innovation.co.jp,〒210-0807 神奈川県川崎市川崎区港町5,050-8885-8054,,SNS platform + operation service,https://www.service-innovation.co.jp/news/pr/generation-ai-press/ | https://www.service-innovation.co.jp/ | https://www.service-innovation.co.jp/service-2/ | https://www.service-innovation.co.jp/aiutilization/,C,0,0,0
国際ホテル株式会社,https://kokusai-hotels.com,〒111-0035 東京都台東区西浅草3,03-5827-0488,,SNS platform + operation service,https://kokusai-hotels.com/ | https://kokusai-hotels.com/outline.html | https://kokusai-hotels.com/inquiry.html,C,0,0,0
株式会社 Ｋ ＰＬＡＮＮＩＮＧ,https://www.kpla-grp.jp,〒214-0001 神奈川県川崎市多摩区菅1,044-322-0325,,SNS platform + operation service,https://www.kpla-grp.jp/company/ | https://www.kpla-grp.jp/company/ | https://www.kpla-grp.jp/inquiry/,C,0,0,0
株式会社WEICOへの総合的なお問い合わせはこちら,https://weico.jp,〒276-0032 千葉県八千代市八千代台東1,,,SNS platform + operation service,https://weico.jp/business | https://weico.jp/company | https://weico.jp/contact,C,0,0,0
株式会社コミュニティネット,https://comnet-biz.co.jp,〒330-0063 埼玉県さいたま市浦和区高砂１,048-831-0100,,SNS platform + operation service,https://comnet-biz.co.jp/tit/ | https://comnet-biz.co.jp/about/ | https://comnet-biz.co.jp/contactus/,C,0,0,0
1999 NTT東日本株式会社,https://www.ntt-east.co.jp,〒163-8019 東京都新宿区西新宿3,,,SNS platform + operation service,https://www.ntt-east.co.jp/recruit/new-grad/project_story/sapporo.html | https://www.ntt-east.co.jp/recruit/new-grad/about/index.html | https://www.ntt-east.co.jp/recruit/new-grad/about/company.html | https://www.ntt-east.co.jp/recruit/new-grad/about/number.html,C,0,0,0
株式会社miomond,https://www.miomond.jp,〒060-0002 北海道札幌市中央区北2,052-485-6846,,SNS platform + operation service,https://www.miomond.jp/staffing/ | https://www.miomond.jp/about/ | https://www.miomond.jp/company/ | https://www.miomond.jp/contact/,C,0,0,0
株式会社 渡商,https://watashou.com,〒321-0903 栃木県宇都宮市下平出町2,028-661-1836,,SNS platform + operation service,https://watashou.com/business/about/ | https://watashou.com/company/message/ | https://watashou.com/company/information/ | https://watashou.com/company/maker/,C,0,0,0
株式会社ゼンリン東海,https://docoreno-shonan.jp,〒411-0907 静岡県駿東郡清水町伏見6,055-975-6699,,SNS platform + operation service,https://docoreno-shonan.jp/contact/ | https://docoreno-shonan.jp/about/,C,0,0,0
WAY合同会社,http://www.way-llc.com,〒963-8025 福島県郡山市桑野4,050-8886-2514,,SNS platform + operation service,http://www.way-llc.com/contact.html | http://www.way-llc.com/index.html,C,0,0,0
三重交通株式会社 観光販売システム営業部 All rights reserved.,https://www.kanko-pro.co.jp,〒460-0003 愛知県名古屋市中区錦一丁目,052-253-6162,,SNS platform + operation service,https://www.kanko-pro.co.jp/company/,C,0,0,0
株式会社ハイネット,https://ec.hi-net.co.jp,〒031-0072 青森県八戸市城下4,0178-20-8041,,SNS platform + operation service,https://ec.hi-net.co.jp/ | https://ec.hi-net.co.jp/companyprofile.html | https://ec.hi-net.co.jp/contact.html,C,0,0,0
2026 株式会社ビプロス All rights Reserved.,https://bepros.net,〒135-0042 東京都江東区木場6,045-780-3326,,SNS platform + operation service,https://bepros.net/our-servcies/ | https://bepros.net/contact/ | https://bepros.net/about/ | https://bepros.net/company/,C,0,0,0
技研商事インターナショナル株式会社,https://www.giken.co.jp,〒461-0018 愛知県名古屋市東区主税町2,03-5362-3955,,SNS platform + operation service,https://www.giken.co.jp/seminar-event/66909/ | https://www.giken.co.jp/service/kla/ | https://www.giken.co.jp/contact/ | https://www.giken.co.jp/company/,C,0,0,0
Inankl株式会社,https://www.inankl.co.jp,〒060-0807 北海道札幌市北区北7,,,SNS platform + operation service,https://www.inankl.co.jp/about | https://www.inankl.co.jp/about/cto | https://www.inankl.co.jp/about/company | https://www.inankl.co.jp/,C,0,0,3
スターブランド株式会社,https://www.starbrand.co.jp,〒107-0061 東京都港区北青山2,,,SNS platform + operation service,https://www.starbrand.co.jp/works/town/ | https://www.starbrand.co.jp/company/ | https://www.starbrand.co.jp/contact/ | https://www.starbrand.co.jp/contact/lecture.html,C,0,0,0
株式会社メガサイト,https://www.mgs-sp.com,〒982-0011 宮城県仙台市太白区長町6,022-746-1340,,SNS platform + operation service,https://www.mgs-sp.com/update.html | https://www.mgs-sp.com/company.html | https://www.mgs-sp.com/contact.html,C,0,0,0
"2026 DESIGN STUDIO K, LLC .",https://ds-k.site,〒990-0038 山形県山形市幸町6,,,SNS platform + operation service,https://ds-k.site/works/vin-vivant-product/ | https://ds-k.site/contact/ | https://ds-k.site/about/ | https://ds-k.site/service/,C,0,0,0
AUジャパン・ソリューション株式会社,https://au-2014.com,〒963-8818 福島県郡山市十貫河原５,024-983-4015,,SNS platform + operation service,https://au-2014.com/aplication.html | https://au-2014.com/company.html | https://au-2014.com/contact.html,C,0,0,1
talkONE株式会社,https://talkone.co.jp,〒939-1835 富山県南砺市立野原東1,,,SNS platform + operation service,https://talkone.co.jp/info/%E6%8E%A1%E7%94%A8%E9%96%A2%E9%80%A3%E5%8B%95%E7%94%BB%E5%88%B6%E4%BD%9C%E3%81%97%E3%81%BE%E3%81%97%E3%81%9F-%E5%AF%8C%E5%B1%B1%E7%AC%AC%E4%B8%80%E9%8A%80%E8%A1%8C%E6%A7%98/ | https://talkone.co.jp/contact/ | https://talkone.co.jp | http://talkone.co.jp/service/,C,0,0,0
"""WAO-KOISHIKAWA""is a registered trademark of Toppan INC.",https://wao-koishikawa.com,〒112-8531 東京都文京区水道1,,,SNS platform + operation service,https://wao-koishikawa.com/reports.php?rid=32 | https://wao-koishikawa.com/about.php | https://wao-koishikawa.com/contact.php,C,0,0,0
株式会社ネプラ,https://www.nepla.jp,〒920-0901 石川県金沢市彦三町1,076-293-1851,,SNS platform + operation service,https://www.nepla.jp/company/ | https://www.nepla.jp/contact/index.html | https://www.nepla.jp/company/index.html,C,0,0,0
ステップフォワード株式会社,https://www.step-forward.co.jp,〒400-0046 山梨県甲府市下石田2,055-287-6101,,SNS platform + operation service,https://www.step-forward.co.jp/ | https://www.step-forward.co.jp/company/ | https://www.step-forward.co.jp/contact/,C,0,0,0
株式会社ショセキ,https://www.syoseki.co.jp,〒929-0201 石川県白山市鹿島町2,076-233-1151,,SNS platform + operation service,https://www.syoseki.co.jp/about/company-profile/ | https://www.syoseki.co.jp/companys/commercial-printing/ | https://www.syoseki.co.jp/companys/on-demand-printing/,C,0,0,0
八戸事務機販売株式会社,https://hachijimu.co.jp,〒039-1160 青森県八戸市小田2,0178-28-9031,,SNS platform + operation service,https://hachijimu.co.jp/pages/23/ | https://hachijimu.co.jp/pages/22/ | https://hachijimu.co.jp/pages/5/,C,0,0,0
株式会社エスエスケイ,https://ssk-sagyo.jp,〒441-8113 愛知県豊橋市西幸町字浜池1,0532-38-9390,,SNS platform + operation service,https://ssk-sagyo.jp/company/ | https://ssk-sagyo.jp/service/ | https://ssk-sagyo.jp/contact/ | https://ssk-sagyo.jp/service/product/,C,0,0,0
株式会社シーアイエス（CIS）,https://www.cisjp.com,〒446-0059 愛知県安城市三河安城本町2,052-261-2182,,SNS platform + operation service,https://www.cisjp.com/casestudy/post_16/ | https://www.cisjp.com/corporate/ | https://www.cisjp.com/corporate/message/ | https://www.cisjp.com/corporate/outline/,C,0,0,0
株式会社コドモン,https://www.codmon.co.jp,〒141-0031 東京都品川区西五反田8,080-7303-6026,,SNS platform + operation service,https://www.codmon.co.jp/pressrelease/11916/ | https://www.codmon.co.jp/company/ | https://www.codmon.co.jp/products/ | https://www.codmon.co.jp/contact/,C,0,0,0
株式会社デジタルツール研究所,https://digitool-lab.com,〒331-0821 埼玉県さいたま市北区別所町7,048-700-7030,,SNS運用支援 / SNS運用,https://digitool-lab.com/area/saitama-city-dx/ | https://digitool-lab.com/about | https://digitool-lab.com/service | https://digitool-lab.com/contact,C,0,0,0
Gulliver Inc. All rights reserved.,https://www.glv.ne.jp,〒341-0059 埼玉県三郷市インター南3,048-994-0888,,SNS platform + operation service,https://www.glv.ne.jp/web.html | https://www.glv.ne.jp/company.html | https://www.glv.ne.jp/contact.html,C,0,0,0
株式会社ワイドビュー,http://wide-view.net,〒220-0011 神奈川県横浜市西区高島2,045-440-6617,,SNS platform + operation service,http://wide-view.net/company/yokohama.html | http://wide-view.net/service/index.html | http://wide-view.net/company/index.html,C,0,0,0
プレイネクストラボ株式会社,https://www.playnext-lab.co.jp,〒141-0031 東京都品川区西五反田3,,,SNS platform + operation service,https://www.playnext-lab.co.jp/news/press-release/20241001-10/ | https://www.playnext-lab.co.jp/dx/ | https://www.playnext-lab.co.jp/about/ | https://www.playnext-lab.co.jp/contact/,C,0,0,0
株式会社オールトゥデイ,https://alltoday.jp,〒330-6020 埼玉県さいたま市中央区新都心1,048-638-7035,,SNS platform + operation service,https://alltoday.jp/column/f29cf8d5-5302-48ec-a49b-9262678c3ac6 | https://alltoday.jp/service/ | https://alltoday.jp/feature/ | https://alltoday.jp/company/,C,0,0,6
YCC有限会社山田クリエイト〜パソコンとオフィス環境の総合サポート,https://ycc.ne.jp,〒277-0832 千葉県柏市北柏3,04-7165-1187,,SNS platform + operation service,https://ycc.ne.jp/service02.html | https://ycc.ne.jp/company.html | https://ycc.ne.jp/contact.html | https://ycc.ne.jp/service01.html,C,0,0,0
長谷川酒造株式会社,https://sekkobai.jp,〒940-1105 新潟県長岡市摂田屋2,0258-32-0270,,SNS platform + operation service,https://sekkobai.jp/2022/03/31/%E9%95%B7%E5%B2%A1%E5%B8%82%E3%81%94%E7%B4%B9%E4%BB%8B%E5%8B%95%E7%94%BB/ | https://sekkobai.jp/about-us/ | https://sekkobai.jp/company/ | https://sekkobai.jp/contact/,C,0,0,0
株式会社データワイズ,https://www.datawise.co.jp,〒108-0014 東京都港区芝5,050-5574-0670,,SNS platform + operation service,https://www.datawise.co.jp/case/msad/ | https://www.datawise.co.jp/company/ | https://www.datawise.co.jp/contact/,C,0,0,0
有限会社ティーズ,http://ad-ts.com,〒020-0114 岩手県盛岡市高松2,019-601-8030,,SNS platform + operation service,http://ad-ts.com/outline/ | http://ad-ts.com/%E3%81%8A%E5%95%8F%E3%81%84%E5%90%88%E3%82%8F%E3%81%9B/,C,0,0,0
富士フイルム株式会社,https://www.fujifilm.com,〒371-8601 群馬県前橋市大手町二丁目,,,SNS platform + operation service,https://www.fujifilm.com/jp/ja/business/signage/digital-signage/case-studies/maebashi | https://www.fujifilm.com/jp/ja/healthcare/pharmaceuticals/about/pharmaceuticals-business | https://www.fujifilm.com/jp/ja/business/regenerative | https://www.fujifilm.com/jp/ja/business/cdmo/medical/bio,C,0,0,0
株式会社ウィット,https://wi-t.co.jp,〒569-0071 大阪府高槻市城北町一丁目,,,SNS platform + operation service,https://wi-t.co.jp/jichitai/banner_kashiwa/ | https://wi-t.co.jp/jichitai/contact/ | https://wi-t.co.jp/outline/whitepaper/,C,0,0,0
アドソル日進株式会社,https://adniss.jp,〒108-0075 東京都港区港南4,06-7178-3127,,SNS platform + operation service,https://adniss.jp/news/2020/01/sports-expo.html | https://adniss.jp/profile/ | https://adniss.jp/contact.html | https://adniss.jp/contact/inquiry/Terms_sm.php?id=gis,C,0,0,0
株式会社 A-mos,https://a-mos.co.jp,〒231-0846 神奈川県横浜市中区大和町1,045-777-6154,,SNS運用,https://a-mos.co.jp/corporate.html | https://a-mos.co.jp/contact.html,C,0,0,0
BraveTechnology inc.,https://bravetechnology.co.jp,〒270-0128 千葉県流山市おおたかの森西1,050-3627-6888,,SNS platform + operation service,https://bravetechnology.co.jp/company/ | https://bravetechnology.co.jp/about/ | https://bravetechnology.co.jp/service/ | https://bravetechnology.co.jp/contact/,C,0,0,0
コモン・クリエーション株式会社,https://common-creation.com,〒810-0041 福岡県福岡市中央区大名2,,,SNS platform + operation service,https://common-creation.com/case/yokohama-shiminhosp | https://common-creation.com/about | https://common-creation.com/service | https://common-creation.com/company,C,0,0,0
2017 Net Piloting Inc.,https://www.npinc.jp,〒104-0033 東京都中央区新川1,03-3537-2171,,SNS platform + operation service,https://www.npinc.jp/service/ | https://www.npinc.jp/company/ | https://www.npinc.jp/contact/ | https://www.npinc.jp/vision/about-us/,C,0,0,0
名古屋の広告代理店 株式会社アクティブフェローズ,https://www.a-fellows.co.jp,〒461-0004 愛知県名古屋市東区葵1,,,SNS platform + operation service,https://www.a-fellows.co.jp/jirei_web.html | https://www.a-fellows.co.jp/contact.html | https://www.a-fellows.co.jp/campany.html,C,0,0,0
株式会社オレンジ,https://orange-japan.com,〒164-0011 東京都中野区中央5,03-6454-1100,,SNS platform + operation service,https://orange-japan.com/contact.html | https://orange-japan.com/company.html,C,0,0,0
(C) AdListing Inc. All Right Reserved.,https://listing.co.jp,〒102-0074 東京都千代田区九段南4,03-6825-6831,,SNS platform + operation service,https://listing.co.jp/lp1/ | https://listing.co.jp/lp1/contact/,C,0,0,0
株式会社イーブレイン,https://www.ebrains-it.jp,〒960-8031 福島県福島市栄町6,024-525-9388,,SNS platform + operation service,https://www.ebrains-it.jp/philosophy | https://www.ebrains-it.jp/contact | https://www.ebrains-it.jp/services | https://www.ebrains-it.jp/company,C,0,0,0
株式会社イーブレイン,https://www.recruitment-ebrains.jp,〒960-8031 福島県福島市栄町6,024-525-9388,,SNS platform + operation service,https://www.recruitment-ebrains.jp/company | https://www.recruitment-ebrains.jp/business-content,C,0,0,0
株式会社studio-K,https://empathywriting.com,〒213-0012 神奈川県川崎市高津区坂戸3,,,SNS platform + operation service,https://empathywriting.com/company-profile/ | https://empathywriting.com/profile/ | https://empathywriting.com/about-mypage/ | https://empathywriting.com/contact/,C,0,0,0
2020 RenovaRing Inc.,https://renovaring.com,〒171-0021 東京都豊島区西池袋5,03-5904-9603,,SNS platform + operation service,https://renovaring.com/works/659/ | https://renovaring.com/about/ | https://renovaring.com/service/produce/ | https://renovaring.com/service/produce/renovation_school.html,C,0,0,0
有限会社 広新社,http://kohshinsha.com,〒310-0062 茨城県水戸市大町3,029-222-2156,,SNS platform + operation service,http://kohshinsha.com/works.html | http://kohshinsha.com/company.html,C,0,0,0
株式会社トモコ・メディカル・エージェンシー,https://www.m-tomoko.com,〒920-8203 石川県金沢市鞍月5,076-256-5577,,SNS platform + operation service,https://www.m-tomoko.com/ | https://www.m-tomoko.com/contact | https://www.m-tomoko.com/company | https://www.m-tomoko.com/access,C,0,0,0
ブルートラック株式会社,https://webai-lab.jp,〒160-0023 東京都新宿区西新宿3,050-1722-0368,,SNS platform + operation service,https://webai-lab.jp/kanazawa.html | https://webai-lab.jp/index.html,C,0,0,0
ぐんまイルミネーション.com 群馬県のイルミネーション施工業者 ユニグラード株式会社 運営会社,http://maebashi.homepage-value.com,〒371-0816 群馬県前橋市上佐鳥町2,027-220-1201,,SNS platform + operation service,http://maebashi.homepage-value.com/company.html | http://maebashi.homepage-value.com/index.html | http://maebashi.homepage-value.com/access.html,C,0,0,0
株式会社 ゼンリン東海,https://docotate-toyama.jp,〒411-0907 静岡県駿東郡清水町伏見6,055-975-6699,,SNS platform + operation service,https://docotate-toyama.jp/operating-company/ | https://docotate-toyama.jp/contact/,C,0,0,0
1956年2月1日 商号を「黒田建設株式会社」と改め建築業を開始,https://swedenhouse-hokuriku.com,〒910-0837 福井県福井市高柳2,0776-53-8200,,SNS platform + operation service,https://swedenhouse-hokuriku.com/model-house/fukui1/ | https://swedenhouse-hokuriku.com/company/ | https://swedenhouse-hokuriku.com/contact/,C,0,0,0
エーメック株式会社,https://a-mec.jp,〒400-0055 山梨県甲府市大津町9,055-287-8642,,SNS platform + operation service,https://a-mec.jp/it_ec.html | https://a-mec.jp/contact.html | https://a-mec.jp/profile.html,C,0,0,0
Growth Triger Inc. All Right Reserved,https://www.growthtrigger.net,〒170-0013 東京都豊島区東池袋一丁目,03-5050-4704,,SNS運用 / Instagram広告運用,https://www.growthtrigger.net/blog/?s1=1&back=1&p1=menu2&t1=%3D&page=4 | https://www.growthtrigger.net/company.html | https://www.growthtrigger.net/service/listing.html | https://www.growthtrigger.net/service/facebook.html,C,0,0,0
オールハウジング株式会社,https://allhousing.jp,〒370-0073 群馬県高崎市緑町1,027-387-0700,,SNS運用,https://allhousing.jp/sales-policy/ | https://allhousing.jp/company/ | https://allhousing.jp/company/zeh/ | https://allhousing.jp/company/sdgs/,C,0,0,0
メドシスジャパン株式会社,http://www.medsis.co.jp,〒262-0033 千葉県千葉市花見川区幕張本郷1,043-272-0241,,SNS platform + operation service,http://www.medsis.co.jp/company/ | http://www.medsis.co.jp/company/map/ | http://www.medsis.co.jp/company/staff/ | http://www.medsis.co.jp/service/,C,0,0,0
株式会社 ゼンリン東海,https://docotate-nara.jp,〒411-0907 静岡県駿東郡清水町伏見6,055-975-6699,,SNS platform + operation service,https://docotate-nara.jp/operating-company/ | https://docotate-nara.jp/contact/,C,0,0,0
株式会社Moments,https://mmt.jp,〒330-0854 埼玉県さいたま市大宮区桜木町2,03-6222-8872,,Instagram広告運用,https://mmt.jp/,C,0,0,0
レッドホースコーポレーション株式会社,https://www.redhorse.co.jp,〒565-0826 大阪府吹田市千里万博公園2,023-647-7211,,SNS platform + operation service,https://www.redhorse.co.jp/news/detail/6775/ | https://www.redhorse.co.jp/company/ | https://www.redhorse.co.jp/contact/ | https://www.redhorse.co.jp/about/,C,0,0,0
株式会社 坂本電柱広告社,http://sakamoto-ad.com,〒320-0806 栃木県宇都宮市中央2,028-633-4116,,SNS platform + operation service,http://sakamoto-ad.com/telegraph.html | http://sakamoto-ad.com/about.html | http://sakamoto-ad.com/mail/sformmail.php,C,0,0,0
株式会社 東広,http://toko-ad.co.jp,〒104-0045 東京都中央区築地1,03-3546-1050,,SNS platform + operation service,http://toko-ad.co.jp/case-hospital-kotsu/ | https://toko-ad.co.jp/company/ | https://toko-ad.co.jp/case/case-expert/ | https://toko-ad.co.jp/company/history/,C,0,0,0
株式会社 Dream Code（ドリームコード）,https://dreamcode.jp,〒150-0042 東京都渋谷区宇田川町3,03-6824-5880,,SNSマーケティング,https://dreamcode.jp/about/company/ | https://dreamcode.jp/service/ | https://dreamcode.jp/service/createnew/ | https://dreamcode.jp/service/createnew/cms-goope/,C,0,0,7
2024 BIND WORKS inc.,https://www.bindworks.jp,〒366-0823 埼玉県深谷市本住町7,048-579-6119,,SNS platform + operation service,https://www.bindworks.jp/works/category/website/ | https://www.bindworks.jp/contact/ | https://www.bindworks.jp/about/,C,0,0,0
株式会社BAUM,https://www.baum-corp.jp,〒274-0825 千葉県船橋市前原西2,047-411-8991,,YouTube運用,https://www.baum-corp.jp/company | https://www.baum-corp.jp/business | https://www.baum-corp.jp/contact,C,0,0,0
メディフォン株式会社,https://mediphone.co.jp,〒107-0052 東京都港区赤坂6,03-5544-9724,,SNS platform + operation service,https://mediphone.co.jp/author/edi_medi_tor_phone_matsuda/ | https://mediphone.co.jp/company/ | https://mediphone.co.jp/contact/ | https://mediphone.co.jp/news/notice/2024/05/4621/,C,0,0,0
株式会社轟地所,https://todorokijisho234.com,〒263-0021 千葉県千葉市稲毛区轟町2,050-3551-0884,,SNS platform + operation service,https://todorokijisho234.com/business2/ | https://todorokijisho234.com/company/ | https://todorokijisho234.com/contact/,C,0,0,0
株式会社 ゼンリン東海,https://docotate-fukui.jp,〒411-0907 静岡県駿東郡清水町伏見6,055-975-6699,,SNS platform + operation service,https://docotate-fukui.jp/operating-company/ | https://docotate-fukui.jp/contact/,C,0,0,0
株式会社 ミラシエ,http://miracie.co.jp,〒105-0013 東京都港区浜松町2,090-8782-1837,,SNS platform + operation service,http://miracie.co.jp/company.php | http://miracie.co.jp/contact.php,C,0,0,0
TAM inc. All Rights Reserved.,https://www.tam-tam.co.jp,〒101-0052 東京都千代田区神田小川町3,,,SNS platform + operation service,https://www.tam-tam.co.jp/work/yokohama/ | https://www.tam-tam.co.jp/service/ | https://www.tam-tam.co.jp/about/ | https://www.tam-tam.co.jp/about/staff/,C,0,0,0
株式会社 ゼンリン東海,https://docotate-yamanashi.jp,〒411-0907 静岡県駿東郡清水町伏見6,055-975-6699,,SNS platform + operation service,https://docotate-yamanashi.jp/operating-company/ | https://docotate-yamanashi.jp/contact/,C,0,0,0
秋田の不動産は有限会社都市クリエイティブ,https://www.tc-create.com,〒010-0917 秋田県秋田市泉中央三丁目,018-864-7710,,SNS platform + operation service,https://www.tc-create.com/service/gyosei.html | https://www.tc-create.com/service/ | https://www.tc-create.com/company/ | https://www.tc-create.com/inquiry/,C,0,0,0
iSchool合同会社,https://ischool.co.jp,〒251-0025 神奈川県藤沢市鵠沼石上３,,,SNS platform + operation service,https://ischool.co.jp/20230920-notice-of-appointment-of-hiroki-tanaka-as-a-programmatic-advertising-advisor/ | https://ischool.co.jp/about/ | https://ischool.co.jp/services/ | https://ischool.co.jp/contact/,C,0,0,0
株式会社マキュレ,https://macure.jp,〒030-0113 青森県青森市第二問屋町4,017-752-0478,,SNS platform + operation service,https://macure.jp/service/communications/ | https://macure.jp/company/ | https://macure.jp/service/ | https://macure.jp/contact/,C,0,0,0
株式会社 ゼンリン東海,https://docotate-yokohama.jp,〒411-0907 静岡県駿東郡清水町伏見6,055-975-6699,,SNS platform + operation service,https://docotate-yokohama.jp/operating-company/ | https://docotate-yokohama.jp/contact/,C,0,0,0
株式会社ネクステエンターテインメント All Rights Reserved.,https://nexte-ind.com,〒939-8015 富山県富山市中川原３,,,SNS platform + operation service,https://nexte-ind.com/service/store | https://nexte-ind.com/company | https://nexte-ind.com/company/company | https://nexte-ind.com/company/sdgs,C,0,0,0
銀座セカンドライフ株式会社,https://kigyo.us,〒104-0061 東京都中央区銀座7,03-3545-1765,,SNS platform + operation service,https://kigyo.us/information/grant/ | https://kigyo.us/contact/ | https://kigyo.us/information/grant/?o_param=0&p_param=20&cid=8 | https://kigyo.us/about/,C,0,0,0
2026 webe inc. All rights reserved.,https://webe.co.jp,〒370-0071 群馬県高崎市小八木町3,,,SNS platform + operation service,https://webe.co.jp/creative/ | https://webe.co.jp/,C,0,0,0
（法人名称） 株式会社つなぐ,https://felicapocketmk.co.jp,〒113-0033 東京都文京区本郷一丁目,,,SNS platform + operation service,https://felicapocketmk.co.jp/news/20240603/1976/ | https://felicapocketmk.co.jp/business/ | https://felicapocketmk.co.jp/company/ | https://felicapocketmk.co.jp/company/profile/,C,0,0,0
株式会社プランニングシェル,https://p-shell.jp,〒277-0827 千葉県柏市松葉町5,04-7131-8434,,SNS platform + operation service,https://p-shell.jp/about/ | https://p-shell.jp/contact/,C,0,0,0
株式会社ヴィジョンアルファ,https://visionalpha.co.jp,〒444-0907 愛知県岡崎市小針町字一シキ4,080-4963-4912,,SNS platform + operation service,https://visionalpha.co.jp/contents.html | https://visionalpha.co.jp/contact/,C,0,0,0
2011-2023 GUARDIAN Inc. All Rights Reserved.,https://hakodate-doyu.com,〒042-0943 北海道函館市乃木町8,0138-51-8800,,SNS platform + operation service,https://hakodate-doyu.com/member/21378/ | https://hakodate-doyu.com/about/ | https://hakodate-doyu.com/contact/,C,0,0,0
株式会社パンクチュアル,https://punctual.co.jp,〒785-0036 高知県須崎市緑町1,0889-43-9393,,SNS platform + operation service,https://punctual.co.jp/sns/ | https://punctual.co.jp/company/ | https://punctual.co.jp/contact/,C,0,0,0
株式会社スピア,https://www.nihon-ma.co.jp,〒100-0005 東京都千代田区丸の内一丁目,0120-03-4150,,SNS platform + operation service,https://www.nihon-ma.co.jp/page/241206_information2/ | https://www.nihon-ma.co.jp/contact/ | https://www.nihon-ma.co.jp/groups/information.html,C,0,0,0
株式会社 フロンティアハウス,https://www.frontier-house.co.jp,〒220-0012 神奈川県横浜市西区みなとみらい3,0120-910-607,,SNS platform + operation service,https://www.frontier-house.co.jp/news/%E8%8F%8A%E5%90%8D%E9%A7%85%E3%83%87%E3%82%B8%E3%82%BF%E3%83%AB%E7%9C%8B%E6%9D%BF%E3%80%81%E5%BA%83%E5%91%8A%E5%87%BA%E7%A8%BF%E4%B8%BB%E5%8B%9F%E9%9B%86%E3%81%AE%E3%81%8A%E7%9F%A5%E3%82%89%E3%81%9B/ | https://www.frontier-house.co.jp/company/ | https://www.frontier-house.co.jp/company_about/ | https://www.frontier-house.co.jp/company_service/,C,0,0,0
有限会社萬世堂,https://www.manseido.net,〒020-0025 岩手県盛岡市大沢川原3,019-622-5670,,SNS platform + operation service,https://www.manseido.net/designer.html | https://www.manseido.net/e-mailform-jp/inquiry.html,C,0,0,0
株式会社Goals,https://goals.co.jp,〒108-0014 東京都港区芝5,03-6823-5428,,SNS platform + operation service,https://goals.co.jp/news/pr/entry-800/ | https://goals.co.jp/ | https://goals.co.jp/company/message/ | https://goals.co.jp/company/philosophy/,C,0,0,0
OCEAN GROUP株式会社,https://www.ocean-saiyou.com,〒220-0011 神奈川県 横浜市西区 高島2,045-620-6200,,SNS platform + operation service,https://www.ocean-saiyou.com/group/ | https://www.ocean-saiyou.com/access/ | https://www.ocean-saiyou.com/contact/ | https://www.ocean-saiyou.com/group/company/,C,0,0,0
企画運営：㈱まちづくり越谷,https://wazahaku.com,〒343-0813 埼玉県越谷市越ヶ谷3,048-940-8676,,SNS platform + operation service,https://wazahaku.com/wazabito/140/ | https://wazahaku.com/contact/ | https://wazahaku.com/company/ | https://wazahaku.com/wazabito/337/,C,0,0,0
〈連絡先〉運営会社：株式会社クロスオン,https://toyama-tonami.jp,〒939-1316 富山県砺波市大門3,052-353-1655,,SNS platform + operation service,https://toyama-tonami.jp/ | https://toyama-tonami.jp/aboutus/ | https://toyama-tonami.jp/contact/,C,0,0,0
サクラ・ワーク株式会社,https://sakura-work.co.jp,〒135-0063 東京都江東区有明3,03-5665-3955,,SNS platform + operation service,https://sakura-work.co.jp/achievements.html | https://sakura-work.co.jp/service.html | https://sakura-work.co.jp/contact.html | https://sakura-work.co.jp/company.html,C,0,0,0
合同会社エージェントスタイル,https://www.agent-s.jp,〒963-8851 福島県郡山市開成2,024-933-8254,,SNS platform + operation service,https://www.agent-s.jp/Info/index.html | https://www.agent-s.jp/profile.html | https://www.agent-s.jp/Contact/index.php,C,0,0,0
株式会社りんく,https://linq.company,〒921-8012 石川県金沢市本江町1,076-255-6869,,SNS platform + operation service,https://linq.company/corporate.html | https://linq.company/service.html | https://linq.company/contact.html,C,0,0,0
株式会社ガモウ関西,https://gamo-kansai.jp,〒525-0059 滋賀県草津市野路１,075-221-4152,,SNS platform + operation service,https://gamo-kansai.jp/aboutus-2/outline/ | https://gamo-kansai.jp/aboutus/ | https://gamo-kansai.jp/project/ | https://gamo-kansai.jp/aboutus/studio/,C,0,0,0
2018 BEISHIN ISHIKAWA inc.,https://beishin-i.co.jp,〒920-0364 石川県金沢市松島1,076-240-3340,,SNS運用,https://beishin-i.co.jp/recruit_part/2428/ | https://beishin-i.co.jp/about/ | https://beishin-i.co.jp/contact/ | https://beishin-i.co.jp/about/greeting.php,C,0,0,0
MDS Inc. All Rights Reserved.,https://m-dsj.co.jp,〒020-0866 岩⼿県盛岡市本宮3,019-631-2877,,SNS platform + operation service,https://m-dsj.co.jp/category/news/ | https://m-dsj.co.jp/company/ | https://m-dsj.co.jp/contact/,C,0,0,0
株式会社グリーン・ハーモニック,https://green-harmonic.com,〒388-8008 長野県長野市合戦場3,026-405-5534,,SNS platform + operation service,https://green-harmonic.com/lpf/ | https://green-harmonic.com/contact/ | https://green-harmonic.com/service/ | https://green-harmonic.com/company/,C,0,0,0
株式会社BEST FOOD COMPANY,http://andmore55.com,〒123-0862 東京都足立区皿沼2,03-3855-5757,,SNS platform + operation service,http://andmore55.com/company/ | http://andmore55.com/access/,C,0,0,0
群馬県伊勢崎市のクリエイティブエージェンシー ユニグラード株式会社,https://isesaki.unigrad.jp,〒371-0013 群馬県前橋市西片貝町5,0270-61-9198,,SNS platform + operation service,https://isesaki.unigrad.jp/gunma-biyou.html | https://isesaki.unigrad.jp/company.html,C,0,0,0
株式会社アオイ,https://aoi-japan.co.jp,〒305-0034 茨城県つくば市小野崎2,029-896-9988,,SNS platform + operation service,https://aoi-japan.co.jp/company | https://aoi-japan.co.jp/service | https://aoi-japan.co.jp/contact,C,0,0,0
"DIAMOND, INC. All Rights Reserved.",https://dhbr.diamond.jp,〒150-0045 東京都渋谷区神泉町1,03-6416-5308,,SNS platform + operation service,https://dhbr.diamond.jp/articles/-/6568 | https://dhbr.diamond.jp/list/about2 | https://promo.diamond.jp/houjin/guide/ | https://dhbr.diamond.jp/list/support2,C,0,0,0
飛鳥広芸株式会社,http://www.asukakogei.co.jp,〒444-0917 愛知県岡崎市日名西町7,0564-23-5781,,SNS platform + operation service,http://www.asukakogei.co.jp/works-land.html | http://www.asukakogei.co.jp/company.html | http://www.asukakogei.co.jp/inquiry.html,C,0,0,0
ゼロエネルギー100年住宅の21世紀へ！「FPの家」は住まいの価値を考えます。有限会社藤川建設,http://www.fujikawakensetu.com,〒242-0007 神奈川県大和市中央林間2,046-276-6504,,SNS platform + operation service,http://www.fujikawakensetu.com/link/06minami_kantoh.html | http://www.fujikawakensetu.com/gaiyou.html,C,0,0,0
株式会社CPS,http://www.cps-1.co.jp,〒001-0014 北海道札幌市北区北1,011-214-1390,,SNS platform + operation service,http://www.cps-1.co.jp/company/,C,0,0,0
ホームページ制作（千葉）の株式会社アドバンス,https://www.advance-works.jp,〒262-0013 千葉県千葉市花見川区犢橋町1,043-298-0110,,SNS platform + operation service,https://www.advance-works.jp/web/homepage.html | https://www.advance-works.jp/contact.html | https://www.advance-works.jp/about_us.html,C,0,0,0
株式会社ナチュラルカラーズ,https://naturalcolors.jp,〒225-0002 神奈川県横浜市青葉区 美しが丘4,050-3045-3508,,SNS platform + operation service,https://naturalcolors.jp/forsalons/index.html | https://naturalcolors.jp/service/index.html | https://naturalcolors.jp/company/index.html,C,0,0,0
株式会社ビューティーコミュニケーションシステム,https://b-c-s.co.jp,〒263-0023 千葉県千葉市稲毛区緑町1,043-246-8538,,SNS platform + operation service,https://b-c-s.co.jp/marketing.html | https://b-c-s.co.jp/contact.html | https://b-c-s.co.jp/infomation.html,C,0,0,0
株式会社HERO innovation,https://hero-innovation.com,〒162-0814 東京都新宿区新小川町8,050-3645-3907,,SNS platform + operation service,https://hero-innovation.com/company/ | https://hero-innovation.com/business/ | https://hero-innovation.com/company/ | https://hero-innovation.com/company/access.html,C,0,0,0
ＡＴグループ 株式会社アトコ,https://at-atoko.jp,〒466-0058 愛知県名古屋市昭和区白金三丁目,052-883-3210,,SNS platform + operation service,https://at-atoko.jp/sp/mice.php | https://at-atoko.jp/sp/profile.php | https://at-atoko.jp/sp/group_company.php | https://at-atoko.jp/sp/contact.php,C,0,0,0
株式会社ワオ・コーポレーション,https://axisfc.wao-corp.com,〒101-0023 東京都千代田区神田松永町4,0120-188-335,,SNS platform + operation service,https://axisfc.wao-corp.com/work/voice/sano.php | https://axisfc.wao-corp.com/contact/request/ | https://axisfc.wao-corp.com/contact/newly-opened/ | https://axisfc.wao-corp.com/wao/company/,C,0,0,0
当サイトは株式会社ファブリカホールディングス（東証スタンダード上場 証券コード：4193）が運営しています。,https://www.fabrica-hd.co.jp,〒107-0052 東京都港区赤坂1,052-959-3460,,SNS platform + operation service,https://www.fabrica-hd.co.jp/news/press-2652 | https://www.fabrica-hd.co.jp/company/philosophy | https://www.fabrica-hd.co.jp/company/message | https://www.fabrica-hd.co.jp/company/outline,C,0,0,0
株式会社 秀建,https://erabonoie.com,〒243-0432 神奈川県海老名市中央1,0800-919-1220,,SNS platform + operation service,https://erabonoie.com/staff.html | https://erabonoie.com/contact.html | https://erabonoie.com/company.html | https://erabonoie.com/company/sdgs.html,C,0,0,0
株式会社リック 1級建築士事務所,https://urac.ne.jp,〒733-0863 広島県広島市西区草津南3,082-276-5555,,SNS platform + operation service,https://urac.ne.jp/suguyaro/company/ | https://urac.ne.jp/suguyaro/about/ | https://urac.ne.jp/suguyaro/contact/,C,0,0,0
株式会社マジックエッグ,https://hyper-nairankai.com,〒335-0023 埼玉県戸田市本町4,070-6426-0826,,SNS platform + operation service,https://hyper-nairankai.com/news/82/ | https://hyper-nairankai.com/contact/ | https://hyper-nairankai.com/aboutus/ | https://hyper-nairankai.com/contact/,C,0,0,0
株式会社Dental Sign,http://dentalsign.co.jp,〒194-0014 東京都町田市高ケ坂1,,,SNS platform + operation service,http://dentalsign.co.jp/mp/implant.html | http://dentalsign.co.jp/company.html | http://dentalsign.co.jp/contact.html,C,0,0,0
NBSホスピタリティ株式会社,https://www.nbsh.jp,〒530-0004 大阪府大阪市北区堂島浜1,03-6263-8218,,SNS platform + operation service,https://www.nbsh.jp/topics_detail.php?id=125 | https://www.nbsh.jp/contact.php,C,0,0,0
株式会社Medical Research,https://medicalresearch.jp,〒541-0044 大阪府大阪市中央区伏見町 2,06-6203-6668,,SNS運用 / instagram運用代行,https://medicalresearch.jp/service/web/ | https://medicalresearch.jp/contact/,C,0,0,0
株式会社ケイミックス,https://www.tsuhisai-ars.jp,〒514-1136 三重県津市久居東鷹跡町2,059-253-4161,,SNS platform + operation service,https://www.tsuhisai-ars.jp/event/41607/ | https://www.tsuhisai-ars.jp/contact/ | https://www.tsuhisai-ars.jp/about/outline/ | https://www.tsuhisai-ars.jp/about/outline/,C,0,0,0
株式会社日本カーズ・コム,https://recruit.nihon-cars.com,〒538-0032 大阪府大阪市鶴見区安田2,06-6915-1237,,SNS platform + operation service,https://recruit.nihon-cars.com/,C,0,0,0
株式会社パルフェ,https://palfe.ne.jp,〒104-0061 東京都中央区銀座8,06-4963-8735,,SNS platform + operation service,https://palfe.ne.jp/promotion/ | https://palfe.ne.jp/company/ | https://palfe.ne.jp/contact/,C,0,0,0
株式会社デントランス,https://dentrance.jp,〒541-0058 大阪府大阪市中央区南久宝寺町2,06-7178-8547,,SNS platform + operation service,https://dentrance.jp/hp_before_after.html | https://dentrance.jp/contact.html | https://dentrance.jp/company.html,C,0,0,0
株式会社 百五総合研究所,https://www.hri105.co.jp,〒514-8666 三重県津市岩田2,059-228-9105,,SNS platform + operation service,https://www.hri105.co.jp/consulting/private_jisseki.html | https://www.hri105.co.jp/consulting/private_service.html | https://www.hri105.co.jp/info/index.html,C,0,0,0
株式会社プロアクティブ,https://www.pac.ne.jp,〒650-0034 兵庫県神戸市中央区京町8,078-332-2505,,SNS platform + operation service,https://www.pac.ne.jp/news/20250213.html | https://www.pac.ne.jp/company/profile.html | https://www.pac.ne.jp/company/business.html | https://www.pac.ne.jp/company/purpose.html,C,0,0,0
株式会社ウェイブ,http://www.wave-pro.net,〒702-8005 岡山県岡山市中区江崎3,086-274-8040,,SNS platform + operation service,http://www.wave-pro.net/company/ | http://www.wave-pro.net/contact/,C,0,0,0
2026 ARK合同会社 All rights reserved.,https://www.arkgk.co.jp,〒651-0087 兵庫県神戸市中央区御幸通8,078-570-0549,,SNS platform + operation service,https://www.arkgk.co.jp/ja/sell-with-us | https://www.arkgk.co.jp/ja/about | https://www.arkgk.co.jp/ja/contact | https://www.arkgk.co.jp/ja/terms-of-service,C,0,0,0
株式会社グラフィック,https://www.graphic.co.jp,〒105-0001 東京都港区虎ノ門4,075-601-1231,,SNS platform + operation service,https://www.graphic.co.jp/service/promotion.html | https://www.graphic.co.jp/aboutus/ | https://www.graphic.co.jp/aboutus/message.html | https://www.graphic.co.jp/aboutus/philosophy.html,C,0,0,0
株式会社 東通企画,https://www.totsu-plan.com,〒107-0052 東京都港区赤坂2,03-6230-3575,,SNS platform + operation service,https://www.totsu-plan.com/EIZO_p.html | https://www.totsu-plan.com/inquiry.html | https://www.totsu-plan.com/profile.html,C,0,0,0
株式会社トラストグラシアス,https://business-fc.com,〒670-0927 兵庫県姫路市駅前町2,079-226-3748,,SNS platform + operation service,https://business-fc.com/ | https://business-fc.com/contact/,C,0,0,0
有限会社トータルリバー,http://totalriver-convention.jp,〒701-0114 岡山県倉敷市松島9,,,SNS platform + operation service,http://totalriver-convention.jp/business3.html | http://totalriver-convention.jp/company.html | http://totalriver-convention.jp/contact.html,C,0,0,0
"有限会社ピーアール・デザイン・インク PR&design,inc.",http://pr-design.co,〒732-0824 広島県広島市南区的場町1,082-568-2068,,SNS platform + operation service,http://pr-design.co/publics/index/44/ | http://pr-design.co/publics/index/29/&anchor_link=page29 | http://pr-design.co/publics/index/45/,C,0,0,0
株式会社イケル 内,https://www.jsccs.jp,〒113-0033 東京都文京区本郷2,03-5283-1104,,SNS platform + operation service,https://www.jsccs.jp/activity/lessons/ | https://www.jsccs.jp/about/ | https://www.jsccs.jp/about/greeting1.html | https://www.jsccs.jp/about/greeting2.html,C,0,0,0
ベスカ株式会社,https://www.vesca.co.jp,〒670-0917 兵庫県姫路市忍町2,06-6304-2100,,SNS platform + operation service,https://www.vesca.co.jp/partner/vendor_index/kitanowing/ | https://www.vesca.co.jp/about/ | https://www.vesca.co.jp/contact/,C,0,0,0
株式会社ワンフォーオール,https://14all.jp,〒739-0044 広島県東広島市西条町下見4,,,SNS platform + operation service,https://14all.jp/,C,0,0,0
株式会社TradeSupport,https://www.trade-support.net,〒730-0051 広島県広島市中区大手町5,,,SNS platform + operation service,https://www.trade-support.net/column/%E5%B0%BE%E9%81%93%E3%81%AE%E5%A4%96%E5%9B%BD%E4%BA%BA70%E4%B8%87%E4%BA%BA%E8%B6%85%E3%80%81%E5%BA%83%E5%B3%B6%E5%B8%82%E3%81%AF%E9%81%8E%E5%8E%BB%E6%9C%80%E5%A4%9A1476%E4%B8%87%E4%BA%BA/ | https://www.trade-support.net/ | https://www.trade-support.net/service/dx-trial.html,C,0,0,0
株式会社源,https://www.minamoto-foods.com,〒730-0013 広島県広島市中区八丁堀1,082-555-3107,,SNS platform + operation service,https://www.minamoto-foods.com/consulting.html | https://www.minamoto-foods.com/e-mailform-jp/inquiry.html,C,0,0,0
株式会社ビズ・クリエイション,https://www.ie-miru.jp,〒700-0971 岡山県岡山市北区下石井1,086-244-8111,,SNS platform + operation service,https://www.ie-miru.jp/cms/yoyaku/jihirohaie/events/35201?kc_source=ideahome.co.jp&utm_store_kc=true&header_back_url=https:://ideahome.co.jp,C,0,0,0
ユーザビリティパートナーズ株式会社,https://usa-bility.com,〒700-0951 岡山県岡山市北区田中6,086-362-7391,,SNS platform + operation service,https://usa-bility.com/meo/ | https://usa-bility.com/company/ | https://usa-bility.com/contact/ | https://usa-bility.com/,C,0,0,3
"Resort Marketing, Inc. All Rights Reserved.",https://www.hotel-tenjikai.jp,〒600-8519 京都府京都市下京区堀川通五条下ル,075-341-2411,,SNS platform + operation service,https://www.hotel-tenjikai.jp/tenjikai.php?tid=29 | https://www.hotel-tenjikai.jp/about.php | https://www.hotel-tenjikai.jp/contact.php,C,0,0,0
株式会社三和酒店,https://www.kk-sanwa.co.jp,〒721-0963 広島県福山市南手城町4,084-921-4864,,SNS platform + operation service,https://www.kk-sanwa.co.jp/archives/7551 | https://www.kk-sanwa.co.jp/company_info | https://www.kk-sanwa.co.jp/cf_cgi2/toiawase.htm | https://www.kk-sanwa.co.jp/access_location,C,0,0,0
Proposer株式会社,https://proposer.co.jp,〒760-0079 香川県高松市松縄町4,087-816-4455,,SNS platform + operation service,https://proposer.co.jp/worlk/esute/ | https://proposer.co.jp/company/ | https://proposer.co.jp/contact/ | https://proposer.co.jp/contact/,C,0,0,0
Company Name 株式会社 姫路ヴィクトリーナ Himeji Victorina Corporation,https://www.victorina-vc.jp,〒670-0924 兵庫県姫路市紺屋町5,079-280-3613,,SNS platform + operation service,https://www.victorina-vc.jp/h_sports-academia2023-2024/ | https://www.victorina-vc.jp/about/ | https://www.victorina-vc.jp/company/ | https://www.victorina-vc.jp/company/ayumi/,C,0,0,0
広島地下街開発株式会社,https://www.shareo.net,〒730-0011 広島県広島市中区基町地下街1,082-546-3111,,SNS platform + operation service,https://www.shareo.net/rental_space/ | https://www.shareo.net/service/ | https://www.shareo.net/guide_mall_outline/ | https://www.shareo.net/access_map/,C,0,0,0
株式会社読売広告社,https://yomiko-yds.co.jp,〒791-8013 愛媛県松山市山越1,,,SNS platform + operation service,https://yomiko-yds.co.jp/,C,0,0,0
株式会社Hands Factory,https://hands-factory.co.jp,〒791-8062 愛媛県松山市住吉2,089-989-7581,,SNS platform + operation service,https://hands-factory.co.jp/company/ | https://hands-factory.co.jp/contact/,C,0,0,0
株式会社ヤマウチ,https://www.totoco.work,〒761-8057 香川県高松市田村町3,0120-603-703,,SNS platform + operation service,https://www.totoco.work/ | https://www.totoco.work/inq/ | https://www.totoco.work/about/feature.html | https://www.totoco.work/about/function.html,C,0,0,4
2020 MATERIA CREPE Inc.,https://materiacrepe.co.jp,〒790-0807 愛媛県松山市平和通3,0120-113-401,,SNS platform + operation service,https://materiacrepe.co.jp/franchising/ | https://materiacrepe.co.jp/contact/ | https://materiacrepe.co.jp/company/,C,0,0,0
"2021 iDEA,Inc.",https://idea-line.net,〒859-3243 長崎県佐世保市ハウステンボス町4,0956-76-9903,,LINE公式アカウント運用,https://idea-line.net/customer-testimonials/ | https://idea-line.net/service-meo/ | https://idea-line.net/service-line/ | https://idea-line.net/service-hojo-kin-support/,C,0,0,6
(C) 株式会社SOU All Rights Reserved,https://fudosan.in.net,〒810-0075 福岡県福岡市中央区港1,050-5880-3921,,SNS platform + operation service,https://fudosan.in.net/about/index.html,C,0,0,0
株式会社マック,http://www.mac-int.co.jp,〒810-0021 福岡県福岡市中央区 今泉1,092-762-7000,,SNS platform + operation service,http://www.mac-int.co.jp/hotel/h-comp.html | http://www.mac-int.co.jp/ | http://www.mac-int.co.jp/hotel/h-q.html,C,0,0,0
株式会社サンキュードラッグ,https://39medical-partner.jp,〒801-0863 福岡県北九州市門司区栄町9,090-1348-9245,,SNS platform + operation service,https://39medical-partner.jp/support/ | https://39medical-partner.jp/contact/,C,0,0,0
株式会社あつまる,https://career.atsu-maru.co.jp,〒104-0061 東京都中央区銀座6,092-739-0067,,SNS platform + operation service,https://career.atsu-maru.co.jp/fulltime/detail.php?id=161 | https://career.atsu-maru.co.jp/about/ | https://career.atsu-maru.co.jp/about/company.php | https://career.atsu-maru.co.jp/about/purpose.php,C,0,0,0
株式会社EVERRISE,https://www.ever-rise.co.jp,〒106-0032 東京都港区六本木6,,,SNSマーケティング,https://www.ever-rise.co.jp/dx-blog/case-anabuki/ | https://www.ever-rise.co.jp/services/ | https://www.ever-rise.co.jp/company/ | https://www.ever-rise.co.jp/dx-blog/tag/customer-service/,C,0,0,0
"Naisyokuichiba, Inc. All Rights Reserved.",https://naisyoku-ichiba.co.jp,〒849-0101 佐賀県三養基郡みやき町原古賀7,0568-86-7910,,SNS platform + operation service,https://naisyoku-ichiba.co.jp/news-category/pressrelease/ | https://naisyoku-ichiba.co.jp/contact-page/?inqtype=estimate | https://naisyoku-ichiba.co.jp/contact-page/ | https://naisyoku-ichiba.co.jp/salesagency/,C,0,0,0
株式会社 薩摩恵比寿堂,https://ebisu-do.jp,〒890-0073 鹿児島県鹿児島市宇宿二丁目,099-259-5511,,SNS platform + operation service,https://ebisu-do.jp/company.html | https://ebisu-do.jp/service.html | https://ebisu-do.jp/about.html | https://ebisu-do.jp/companyanniversary.html,C,0,0,0
株式会社 ブランニュープランニング,https://www.bnre.jp,〒810-0021 福岡県福岡市中央区今泉1,092-791-8996,,SNS platform + operation service,https://www.bnre.jp/marketing/1-5/ | https://www.bnre.jp/company/ | https://www.bnre.jp/contact/ | https://www.bnre.jp/contact/,C,0,0,0
株式会社ＦＯＦ,https://fof-gr.jp,〒880-0855 宮崎県宮崎市田代町６,0985-20-7117,,SNS platform + operation service,https://fof-gr.jp/archives/875 | https://fof-gr.jp/company | https://fof-gr.jp/contact | https://fof-gr.jp/archives/729,C,0,0,0
株式会社早稲田スクール本部,https://wasedaschool-recruit.com,〒862-0924 熊本県熊本市中央区帯山3,096-383-1424,,SNS platform + operation service,https://wasedaschool-recruit.com/project/dx/ | https://wasedaschool-recruit.com/company/,C,0,0,0
Snowdome Inc.,https://snowdome-inc.co.jp,〒160-0023 東京都新宿区西新宿三丁目,,,SNSマーケティング,https://snowdome-inc.co.jp/ | https://snowdome-inc.co.jp/service | https://snowdome-inc.co.jp/about | https://snowdome-inc.co.jp/contact,C,0,0,0
株式会社 中央コピーセンター,https://accc-web.net,〒030-0861 青森県青森市長島二丁目,017-777-7582,,SNS platform + operation service,https://accc-web.net/printondemand.html | https://accc-web.net/corporateprofile.html,C,0,0,0
株式会社東北地域商社,https://thkrc.co.jp,〒021-0881 岩手県一関市大町4,,,SNS platform + operation service,https://thkrc.co.jp/partner/ | https://thkrc.co.jp/company | https://thkrc.co.jp/service/growth-strategy | https://thkrc.co.jp/service/sales-revenue,C,0,0,0
株式会社創美社,https://sobi-capa.co.jp,〒371-0844 群馬県前橋市古市町1,027-251-6790,,SNS platform + operation service,https://sobi-capa.co.jp/service/movie_create/contents/ | https://sobi-capa.co.jp/others/company/ | https://sobi-capa.co.jp/service/ | https://sobi-capa.co.jp/others/access/,C,0,0,0
ホームページ・映像・DTP デジタルコンテンツ制作 株式会社萌翔社,https://www.hoshosha.com,〒262-0015 千葉県千葉市花見川区宮野木台2,043-254-8611,,SNS platform + operation service,https://www.hoshosha.com/about.html | https://www.hoshosha.com/contact.html | https://www.hoshosha.com/access.html | https://www.hoshosha.com/business.html,C,0,0,0
CROSSFIELD Inc.,https://www.cross-field.co.jp,〒103-0001 東京都中央区日本橋小伝馬町7,03-4500-8869,,SNS platform + operation service,https://www.cross-field.co.jp/company/ | https://www.cross-field.co.jp/service/promotion/ | https://www.cross-field.co.jp/service/creation/ | https://www.cross-field.co.jp/service/analytics/,C,0,0,0
エンパワーショップ株式会社,https://empowershop.co.jp,〒107-0061 東京都港区北青山2,,,SNS platform + operation service,https://empowershop.co.jp/press/2015/0519.html | https://empowershop.co.jp/service/contentsmarketing.html | https://empowershop.co.jp/corporate.html | https://empowershop.co.jp/consulting.html,C,0,0,0
有限会社studio108,https://vbm.link,〒162-0815 東京都新宿区筑土八幡町6,079-287-6522,,SNS platform + operation service,https://vbm.link/622468/ | https://vbm.link/contact/ | https://vbm.link/aboutvbw/ | https://vbm.link/company/,C,0,0,0
minami food’s inc All Right Reserved.,https://www.minami-skh.com,〒028-7914 岩手県九戸郡洋野町種市2,0194-66-8870,,SNS platform + operation service,https://www.minami-skh.com/recruit-a/ | https://www.minami-skh.com/about/ | https://www.minami-skh.com/contact/,C,0,0,0
株式会社とりあん,https://torian.jp,〒879-0443 大分県宇佐市葛原2,0978-32-6500,,SNS platform + operation service,https://torian.jp/?page_id=54 | https://torian.jp/?page_id=203,C,0,0,0
部品加工・切削加工なら和歌山の株式会社オデック,http://www.odec-wakayama.com,〒649-0314 和歌山県有田市野4,0737-82-3335,,SNS platform + operation service,http://www.odec-wakayama.com/web/ | http://www.odec-wakayama.com/contact/ | http://www.odec-wakayama.com/profile.html,C,0,0,0
2025 DENTSU CORPORATE ONE INC. ALL RIGHTS RESERVED.,https://www.japan.dentsu.com,〒105-7050 東京都港区東新橋1,03-6217-6600,,SNS platform + operation service,https://www.japan.dentsu.com/jp/ournetwork.html | https://www.japan.dentsu.com/jp/about/message.html | https://www.japan.dentsu.com/jp/about.html,C,0,0,0
ウェスト株式会社,http://quickmov.jp,〒231-0002 神奈川県横浜市中区海岸通4,045-264-6242,,SNS platform + operation service,http://quickmov.jp/support/,C,0,0,0
合同会社369,https://369labo.jp,〒500-8842 岐阜県岐阜市金町6,090-5614-3939,,SNS platform + operation service,https://369labo.jp/,C,0,0,0
株式会社 広真,https://www.arkw.co.jp,〒460-0012 愛知県名古屋市中区千代田二丁目,052-262-1006,,SNS platform + operation service,https://www.arkw.co.jp/web/services/marketing.html | https://www.arkw.co.jp/web/about.html | https://www.arkw.co.jp/web/services/ | https://www.arkw.co.jp/web/services/cms.html,C,0,0,0
2026 岐阜のホームページ制作なら株式会社CoreAlize ALL RIGHTS RESERVED.,https://corealize.jp,〒501-2554 岐阜県岐阜市溝口童子6,090-5857-9395,,SNS platform + operation service,https://corealize.jp/feature/branding/ | https://corealize.jp/contact/ | https://corealize.jp/service/ | https://corealize.jp/company/,C,0,0,3
株式会社オルガナ,https://organa.jp,〒526-0059 滋賀県長浜市元浜町8,,,SNS platform + operation service,https://organa.jp/message/ | https://organa.jp/about/ | https://organa.jp/contact/ | https://organa.jp/about/calendar.html,C,0,0,0
"2010-2026 DDS, Inc.",https://dds.co.jp,〒141-0031 東京都品川区西五反田7,03-3272-7900,,SNS platform + operation service,https://dds.co.jp/ja/5203/ | https://dds.co.jp/ja/contact/ | https://dds.co.jp/ja/product/ | https://dds.co.jp/ja/company/,C,0,0,0
株式会社アン,https://www.ann-video.com,〒563-0025 大阪府池田市城南1,050-8880-0315,,SNS platform + operation service,https://www.ann-video.com/ | https://www.ann-video.com/service.html | https://www.ann-video.com/company.html | https://www.ann-video.com/form.php?pid=2,C,0,0,0
株式会社WOOMY,https://corporate.woomy.me,〒651-0085 兵庫県神戸市中央区八幡通３,078-414-8287,,SNS platform + operation service,https://corporate.woomy.me/ | https://corporate.woomy.me/tokushoho/,C,0,0,0
キリフダ株式会社,https://kirifuda.io,〒104-0061 東京都中央区銀座1,,,SNS platform + operation service,https://kirifuda.io/domains/marketing-crm | https://kirifuda.io/contact | https://kirifuda.io/company/members | https://kirifuda.io/solutions/web3-consulting#web3-service,C,0,0,0
株式会社クレアネット,https://www.it-hojyo.com,〒646-0001 和歌山県田辺市上秋津4,06-4792-8281,,SNS platform + operation service,https://www.it-hojyo.com/about-us/ | https://www.it-hojyo.com/contact-us/,C,0,0,0
株式会社クウゼン,https://kuzen.io,〒160-0023 東京都新宿区西新宿６,,,LINE公式アカウント運用,https://kuzen.io/blogs/tag-crm | https://kuzen.io/education-lp | https://kuzen.io/inquiry?inquiry_header_click | https://kuzen.io/company,C,0,0,0
株式会社エッグ,https://egg.co.jp,〒683-0812 鳥取県米子市角盤町1,0859-29-2311,,SNS platform + operation service,https://egg.co.jp/news/news_20260212.html?20260212 | https://egg.co.jp/ | https://egg.co.jp/company/ | https://egg.co.jp/contact/,C,0,0,0
株式会社内外プロセス,https://www.naigai-net.co.jp,〒701-0221 岡山県岡山市南区藤田5,086-296-5805,,SNSマーケティング,https://www.naigai-net.co.jp/digital/web_marketing.html | https://www.naigai-net.co.jp/company/ | https://www.naigai-net.co.jp/ondemand/ | https://www.naigai-net.co.jp/company/privacy.html,C,0,0,0
ピーシーエッグ株式会社,https://www.pc-egg.com,〒690-0816 島根県松江市北陵町5,0852-60-5187,,SNS platform + operation service,https://www.pc-egg.com/company | https://www.pc-egg.com/services/saas/smaevi | https://www.pc-egg.com/services/saas/smaguard | https://www.pc-egg.com/services/saas/telne_crm,C,0,0,0
有限会社 企画室ロイヤル・サービス,https://royal-web.co.jp,〒770-0873 徳島県徳島市東沖洲2,088-678-8106,,SNS platform + operation service,https://royal-web.co.jp/ | https://royal-web.co.jp/index.html | https://royal-web.co.jp/contact.html | https://royal-web.co.jp/service.html,C,0,0,0
デジタルフィールド株式会社,https://www.rascasse.jp,〒646-0033 和歌山県田辺市新屋敷町7,0739-81-3777,,SNS platform + operation service,https://www.rascasse.jp/listing.html | https://www.rascasse.jp/office.html | https://www.rascasse.jp/contact.html,C,0,0,0
株式会社ライズクリエイション All Rights Reserved.,https://risecreation.jp,〒630-8216 奈良県奈良市東向南町2,0742-81-9671,,SNS platform + operation service,https://risecreation.jp/recruit/job/creative/ | https://risecreation.jp/company/ | https://risecreation.jp/company/message/ | https://risecreation.jp/company/officers/,C,0,0,0
株式会社常盤商会,https://www.siy.co.jp,〒755-0044 山口県宇部市新町1,0836-32-2377,,SNS platform + operation service,https://www.siy.co.jp/web/ | https://www.siy.co.jp/remote-support.html | https://www.siy.co.jp/company/ | https://www.siy.co.jp/company/,C,0,0,0
有限会社 ネクスト,https://www.next-enjoy.com,〒780-8036 高知県高知市東城山町2,088-831-5700,,SNS platform + operation service,https://www.next-enjoy.com/next-hp.html | https://www.next-enjoy.com/next-inquiry.html | https://www.next-enjoy.com/next-about.html,C,0,0,0
株式会社ノマド,https://www.nomad-gr.co.jp,〒810-0801 福岡県福岡市博多区中州5,092-600-0496,,SNSマーケティング,https://www.nomad-gr.co.jp/ | https://www.nomad-gr.co.jp/about.html | https://www.nomad-gr.co.jp/service.html | https://www.nomad-gr.co.jp/contact.html,C,0,0,3
room株式会社,http://room-inc.site,〒612-8016 京都府京都市伏見区桃山福島太夫南町８,050-3091-7406,,SNS platform + operation service,http://room-inc.site/,C,0,0,0
株式会社,https://ixio.ltd,〒790-0963 愛媛県松山市小坂 4,089-906-0172,,SNS platform + operation service,https://ixio.ltd/work.html | https://ixio.ltd/index.html | https://ixio.ltd/campany.html | https://ixio.ltd/contact.html,C,0,0,0
有限会社スプーン,http://spoon-cp.net,〒321-0111 栃木県宇都宮市川田町1,028-639-1135,,SNS platform + operation service,http://spoon-cp.net/ | http://spoon-cp.net/service/ | http://spoon-cp.net/about/ | http://spoon-cp.net/contact/,C,0,0,0
株式会社 LOads,https://lo-ads.com,〒810-0001 福岡県福岡市中央区天神 1,,,SNS platform + operation service,https://lo-ads.com/contact/ | https://lo-ads.com/service/ | https://lo-ads.com/service/aio/ | https://lo-ads.com/service/llmo-media-relations/,C,0,0,0
株式会社Aria,https://www.aria-inc.co.jp,〒151-0053 東京都渋谷区代々木2,03-6258-2610,,SNS運用 / Instagram運用 / SNSマーケティング,https://www.aria-inc.co.jp/marketing.html | https://www.aria-inc.co.jp/index.html,C,0,0,0
eachvista株式会社,https://www.eachvista.co.jp,〒743-0063 山口県光市島田1,050-5471-3896,,SNS運用支援,https://www.eachvista.co.jp/faq | https://www.eachvista.co.jp/company | https://www.eachvista.co.jp/service | https://www.eachvista.co.jp/contact,C,0,0,0
2026 etika Inc.,https://etika.life,〒810-0001 福岡県福岡市中央区天神2,050-1722-3186,,SNS platform + operation service,https://etika.life/company-info | https://etika.life/servicepage | https://etika.life/services/ai-seo | https://etika.life/services/sales-process,C,0,0,0
Rixy株式会社(リクシー),http://www.rixy.co.jp,〒371-0024 群馬県前橋市表町二丁目,027-212-7002,,SNS platform + operation service,http://www.rixy.co.jp/gunma-ai-support.html | http://www.rixy.co.jp/about.html | http://www.rixy.co.jp/services.html | http://www.rixy.co.jp/contact.html,C,0,0,0
【佐川印刷株式会社】,https://www.sakawa.co.jp,〒791-8018 愛媛県松山市問屋町6,,,SNS platform + operation service,https://www.sakawa.co.jp/loco/ | https://www.sakawa.co.jp/company | https://www.sakawa.co.jp/company/greeting | https://www.sakawa.co.jp/company/philosophy,C,0,0,0
エスクリブ 株式会社,https://scriv.co.jp,〒980-0014 宮城県仙台市青葉区本町2,022-706-1467,,SNS platform + operation service,https://scriv.co.jp/consulting/organiz/promotion.html | https://scriv.co.jp/about/about.html | https://scriv.co.jp/about/guide.html | https://scriv.co.jp/about/overview.html,C,0,0,0
Singer合同会社,https://singer.llc,〒482-3485 宮城県仙台市青葉区 昭和町4,050-5482-3485,,SNSマーケティング,https://singer.llc/marketing | https://singer.llc/about | https://singer.llc/contact,C,0,0,0
株式会社UPDATE,https://updatetoyama.com,〒939-8015 富山県富山市中川原 5,076-491-1075,,SNS platform + operation service,https://updatetoyama.com/webdivision.html | https://updatetoyama.com/companyProfile.html | https://updatetoyama.com/corporateSalesDivision.html | https://updatetoyama.com/contact.html,C,0,0,0
株式会社 デンタル・マーケティング,http://www.den-web.jp,〒111-0052 東京都台東区柳橋1,03-5825-9410,,SNS platform + operation service,http://www.den-web.jp/inquiry/ | http://www.den-web.jp/profile/ | http://www.den-web.jp/inquiry/ | http://www.den-web.jp/service/,C,0,0,0
パーパス株式会社,https://www.purpose.co.jp,〒170-0013 東京都豊島区東池袋一丁目,03-6387-8842,,LINE公式アカウント運用,https://www.purpose.co.jp/profile/company/office.html | https://www.purpose.co.jp/home/service/warranty.html | https://www.purpose.co.jp/business/corporate/ | https://www.purpose.co.jp/it/cloudaztower/systeminfo.html,C,0,0,0
横田秀珠が主催する新潟ネットビジネス研究会(イーンスパイア株式会社),http://www.enspire.co.jp,〒950-0913 新潟県新潟市中央区鐙1,080-3366-9288,,SNS platform + operation service,http://www.enspire.co.jp/seminar.html | http://www.enspire.co.jp/legal.html,C,0,0,0
株式会社クオリタス・ホスピタリティー・アドバイザーズ,http://www.qha.co.jp,〒101-0047 東京都千代田区内神田1,03-5777-0111,,SNS platform + operation service,http://www.qha.co.jp/experiences/ | http://www.qha.co.jp/service/ | http://www.qha.co.jp/corporate/,C,0,0,0
(c) LEPRE Inc. All Rights Reserved.,https://liliqua.com,〒151-0053 東京都渋谷区代々木5,03-6416-8454,,SNS platform + operation service,https://liliqua.com/about.html | https://liliqua.com/marketing.html | https://liliqua.com/promotion.html | https://liliqua.com/branding.html,C,0,0,0
株式会社アルファー企画,https://www.subscreate.com,〒371-0031 群馬県前橋市下小出町3,027-234-4155,,SNS広告運用,https://www.subscreate.com/,C,0,0,0
株式会社フォーサイド FOURSIDE Inc.,https://fourside-inc.com,〒337-0003 埼玉県さいたま市見沼区大字小深作5,070-2610-5789,,SNSマーケティング / SNS運用,https://fourside-inc.com/,C,0,0,0
メディアチューンズ株式会社,https://saiworks.biz,〒353-0002 埼玉県志木市中宗岡5,048-487-7429,,SNS platform + operation service,https://saiworks.biz/social.html | https://saiworks.biz/company.html | https://saiworks.biz/inquiry.php,C,0,0,0
株式会社RCコーポレーション,https://rc-corp.net,〒432-8002 静岡県浜松市中央区富塚町1,0804-01-0267,,SNS運用代行 / Instagram運用代行,https://rc-corp.net/,C,0,0,0
株式会社Higurashi＆Company,http://higucm.com,〒167-0032 東京都杉並区天沼3,03-6765-0044,,SNS platform + operation service,http://higucm.com/inbound/ | https://higucm.com/hojo2/ | http://higucm.com/company/ | http://higucm.com/,C,0,0,0
株式会社アドバコムと環境教育の社会実装に向けた連携に関する協定書を締結,https://www.jeas.or.jp,〒101-0032 東京都千代田区岩本町1,03-5829-6359,,SNS platform + operation service,https://www.jeas.or.jp/news/000210.html | https://www.jeas.or.jp/about/ | https://www.jeas.or.jp/about/index.html | https://www.jeas.or.jp/about/access.html,C,0,0,0
「HOME4U」および「ホームフォーユー」は株式会社NTTデータ・ウィズの登録商標です,https://www.home4u.jp,〒135-0061 東京都江東区豊洲二丁目,03-1234-5678,,SNS platform + operation service,https://www.home4u.jp/info/contact/ | https://www.home4u.jp/info/contact_us.html,C,0,0,0
株式会社 Leading Communication,https://buzzeats.le-commu.co.jp,〒150-0043 東京都渋谷区道玄坂1,03-6427-0997,,TikTok運用代行,https://buzzeats.le-commu.co.jp/,C,0,0,0
株式会社コーエーテクモホールディングス,https://www.koeitecmo.co.jp,〒223-8503 神奈川県横浜市港北区箕輪町1,,,SNS platform + operation service,https://www.koeitecmo.co.jp/recruit/career/system/post-17.html | https://www.koeitecmo.co.jp/recruit/company/ | https://www.koeitecmo.co.jp/inquiry/,C,0,0,0
マーリン就労支援サービス合同会社,https://advance-marlin.com,〒310-0015 茨城県水戸市宮町1,029-303-6947,,SNS platform + operation service,https://advance-marlin.com/privacy-policy/ | https://advance-marlin.com/about/ | https://advance-marlin.com/services/ | https://advance-marlin.com/access/,C,0,0,0
株式会社パノプト,https://panopt.co.jp,〒150-0047 東京都渋谷区神山町5,,,SNS広告運用,https://panopt.co.jp/form/materials-12EDU-I | https://panopt.co.jp/service | https://panopt.co.jp/company | https://panopt.co.jp/form/contact-project,C,0,0,0
合同会社 HubFun,https://hubfun.jp,〒370-1214 群馬県高崎市根小屋町2,027-386-5638,,SNS platform + operation service,https://hubfun.jp/hubfun/ | https://hubfun.jp/contact/,C,0,0,0
有限会社グロウメイツ,http://www.growmates.com,〒541-0056 大阪府大阪市中央区久太郎町3,06-6125-5682,,SNS platform + operation service,http://www.growmates.com/service/fc2.html | http://www.growmates.com/profile/ | http://www.growmates.com/inquiry/ | http://www.growmates.com/service/fc.html,C,0,0,0
株式会社トミヤDS,https://www.tomiya-design.co.jp,〒943-0891 新潟県上越市昭和町2,025-525-1177,,SNS platform + operation service,https://www.tomiya-design.co.jp/company/history.html | https://www.tomiya-design.co.jp/company/ | https://www.tomiya-design.co.jp/contact/,C,0,0,0
株式会社 オフィスメディア,https://www.officemedia.jp,〒461-0001 愛知県名古屋市東区泉1,052-211-8815,,SNS platform + operation service,https://www.officemedia.jp/service.html | https://www.officemedia.jp/company.html | https://www.officemedia.jp/contact/,C,0,0,0
愛知県豊田市 デザイン事務所 D-NA有限会社,https://www.d-na.jp,〒473-0905 愛知県豊田市住吉町太平1,0565-53-9288,,SNS platform + operation service,https://www.d-na.jp/about.html | https://www.d-na.jp/access.html | https://www.d-na.jp/formhtml.html,C,0,0,0
称 株式会社 エムプラン,https://mplan-kaigyou.com,〒480-1178 愛知県長久手市丁子田6,0561-64-2022,,SNS platform + operation service,https://mplan-kaigyou.com/service/dental-consulting/ | https://mplan-kaigyou.com/aboutus/ | https://mplan-kaigyou.com/service/support/ | https://mplan-kaigyou.com/service/articlecont/,C,0,0,0
株式会社 伝,https://www.den-inc.jp,〒615-0064 京都府京都市右京区 西院久田町1,075-314-6331,,SNS platform + operation service,https://www.den-inc.jp/about/ | https://www.den-inc.jp/service/index.html | https://www.den-inc.jp/about/index.html | https://www.den-inc.jp/contact/index.html,C,0,0,0
合同会社はなさく,https://hanasaku-group.com,〒587-0021 大阪府堺市美原区小平尾1,072-251-2222,,SNS platform + operation service,https://hanasaku-group.com/franchise | https://hanasaku-group.com/contact | https://hanasaku-group.com/about,C,0,0,0
株式会社瀬戸内ブランドコーポレーション,https://meeting.setouchidmo.jp,〒730-0011 広島県広島市中区基町1,082-836-3217,,SNS platform + operation service,https://meeting.setouchidmo.jp/hyogo/,C,0,0,0
"株式会社 貿易広告社（英文社名 JAPAN OVERSEAS ADVERTISER CO.,LTD. ）",https://www.boueki-ad.co.jp,〒105-0011 東京都港区芝公園2,03-3573-5591,,SNS platform + operation service,https://www.boueki-ad.co.jp/business.html | https://www.boueki-ad.co.jp/company/ | https://www.boueki-ad.co.jp/contact/,C,0,0,0
水九印刷株式会社,https://www.mizuku.co.jp,〒510-0013 三重県四日市市富士町1,059-332-6600,,SNS platform + operation service,https://www.mizuku.co.jp/corporate/ | https://www.mizuku.co.jp/service/ | https://www.mizuku.co.jp/contact/,C,0,0,0
ニンジャワークステクノロジーズ株式会社,https://ninjaworks.pro,〒527-0042 滋賀県東近江市外町5,0748-36-1736,,SNS platform + operation service,https://ninjaworks.pro/fc-nougyou-drone.php | https://ninjaworks.pro/about.php | https://ninjaworks.pro/viewform.php | https://ninjaworks.pro/agri-support.php,C,0,0,0
株式会社ふくいのデジタル,https://www.fukui-digital.co.jp,〒910-8660 福井県福井市順化1,0776-37-3155,,SNS platform + operation service,https://www.fukui-digital.co.jp/privacy/ | https://www.fukui-digital.co.jp/ | https://www.fukui-digital.co.jp/contact/,C,0,0,0
株式会社emology,https://franchise-salon.com,〒150-0002 東京都渋谷区渋谷1,,,SNS広告運用,https://franchise-salon.com/service/sales-4342/,C,0,0,0
株式会社イデアル内 担当者：和田,https://niigata-shokudanren.jp,〒950-0087 新潟県新潟市中央区東大通り2,025-250-5339,,SNS platform + operation service,https://niigata-shokudanren.jp/join/ | https://niigata-shokudanren.jp/outline/ | https://niigata-shokudanren.jp/contact/,C,0,0,0
株式会社ライフライン,https://www.lifeline-lg.co.jp,〒921-8062 石川県金沢市新保本四丁目,076-227-9880,,SNS platform + operation service,https://www.lifeline-lg.co.jp/company/ | https://www.lifeline-lg.co.jp/contact/,C,0,0,0
有限会社 山五 ネットショップのことなら 和歌山 SANGO,https://e-sango.jp,〒642-0032 和歌山県海南市名高5,,,SNS platform + operation service,https://e-sango.jp/syouhinkikaku.html | https://e-sango.jp/business.html | https://e-sango.jp/aboutus.html,C,0,0,0
株式会社やまちゃん,https://ymcn.co.jp,〒914-0036 福井県敦賀市堂5,,,SNS platform + operation service,https://ymcn.co.jp/franchise/ | https://ymcn.co.jp/contact/ | https://ymcn.co.jp/company/,C,0,0,0
株式会社 堂雄,https://www.nakasuji.work,〒693-0051 島根県出雲市小山町3,,,SNS platform + operation service,https://www.nakasuji.work/company/index.html | https://www.nakasuji.work/index.html | https://www.nakasuji.work/contact/index.html | https://www.nakasuji.work/services/index.html,C,0,0,0
株式会社情報技術,https://www.ictop.jp,〒300-3261 茨城県つくば市花畑三丁目,029-864-0010,,SNS platform + operation service,https://www.ictop.jp/service/ | https://www.ictop.jp/company/ | https://www.ictop.jp/inq/,C,0,0,0
エム・プラネット有限会社,https://www.m-planet-design.com,〒305-0032 茨城県つくば市竹園2,029-886-3891,,SNS platform + operation service,https://www.m-planet-design.com/company/index.html | https://www.m-planet-design.com/contact/index.html,C,0,0,0
有限会社ふくた,https://www.yamata.co.jp,〒680-0911 鳥取県鳥取市千代水2,0857-30-0006,,SNS platform + operation service,https://www.yamata.co.jp/business | https://www.yamata.co.jp/company | https://www.yamata.co.jp/business | https://www.yamata.co.jp/contact,C,0,0,0
株式会社ザ・グンマ,https://www.thegunma.co.jp,〒370-0825 群馬県高崎市白銀町9,027-226-1462,,SNS platform + operation service,https://www.thegunma.co.jp/,C,0,0,0
内海産業株式会社,https://utsumi-sp.co.jp,〒105-0004 東京都港区新橋2,03-5512-1200,,SNS platform + operation service,https://utsumi-sp.co.jp/company/profile/ | https://utsumi-sp.co.jp/company/philosophy/ | https://utsumi-sp.co.jp/company/advantage/ | https://utsumi-sp.co.jp/company/news/,C,0,0,0
COMPRIME inc.,https://ds.comprime.co.jp,〒542-0081 大阪府大阪市中央区南船場2,03-6821-5823,,SNS platform + operation service,https://ds.comprime.co.jp/ | https://ds.comprime.co.jp/form/ | https://ds.comprime.co.jp/company/,C,0,0,0
CDPフロンティア株式会社,https://www.cdpjp.com,〒321-0942 栃木県宇都宮市峰2,,,SNS platform + operation service,https://www.cdpjp.com/company/strengths/ | https://www.cdpjp.com/service/ | https://www.cdpjp.com/service/manufacture/ | https://www.cdpjp.com/service/recruitment/,C,0,0,0
株式会社川和,https://www.kawawa-web.com,〒270-0121 千葉県流山市西初石3,04-7153-1111,,SNS platform + operation service,https://www.kawawa-web.com/print/ | https://www.kawawa-web.com/company/ | https://www.kawawa-web.com/company/sdgs.html | https://www.kawawa-web.com/contact/,C,0,0,0
株式会社日立公共システム,https://www.hitachi-sis.co.jp,〒135-8633 東京都江東区東陽二丁目,03-5632-1338,,SNS platform + operation service,https://www.hitachi-sis.co.jp/newsrelease/gp/150106.html | https://www.hitachi-sis.co.jp/contactus/ | https://www.hitachi-sis.co.jp/ | https://www.hitachi-sis.co.jp/company/,C,0,0,0
スターツアセットマネジメント株式会社,https://lightup-lobby.com,〒183-0055 東京都府中市府中町1,,,SNS platform + operation service,https://lightup-lobby.com/event/20240913_takuyanagaoka/ | https://lightup-lobby.com/access/ | https://lightup-lobby.com/contact/,C,0,0,0
株式会社 中央廣告,https://www.chuokoukoku.co.jp,〒105-0012 東京都港区芝大門2,052-524-0101,,SNS platform + operation service,https://www.chuokoukoku.co.jp/company/about.html | https://www.chuokoukoku.co.jp/company/concept.html | https://www.chuokoukoku.co.jp/company/access.html | https://www.chuokoukoku.co.jp/company/history.html,C,0,0,0
杉森印刷株式会社,https://sugimoriprint.co.jp,〒434-0015 静岡県浜松市浜名区於呂2,053-588-7711,,SNS platform + operation service,https://sugimoriprint.co.jp/business.html | https://sugimoriprint.co.jp/contact_form.html | https://sugimoriprint.co.jp/company_info.html,C,0,0,0
"EFEX,Inc All Rights Reserved.",https://efex.co.jp,〒468-0015 愛知県名古屋市天白区原三丁目,052-770-3399,,SNS platform + operation service,https://efex.co.jp/business.html | https://efex.co.jp/company.html | https://efex.co.jp/contact.html,C,0,0,0
株式会社システムライフ,https://www.syslife.co.jp,〒810-0071 福岡県福岡市中央区那の津3,092-771-5176,,SNS platform + operation service,https://www.syslife.co.jp/cases/case-17 | https://www.syslife.co.jp/company | https://www.syslife.co.jp/contact | https://www.syslife.co.jp/about,C,0,0,0
株式会社Center Flow,https://www.center-flow.co.jp,〒460-0003 愛知県 名古屋市中区 錦1,052-203-1850,,SNS platform + operation service,https://www.center-flow.co.jp/voice/20250606-238/ | https://www.center-flow.co.jp/service/ | https://www.center-flow.co.jp/service/pr_event/ | https://www.center-flow.co.jp/service/outsourcing/,C,0,0,0
TOYOIN-株式会社豊橋印刷社,https://www.toyoin.jp,〒441-1111 愛知県豊橋市嵩山町字公護１,0532-88-5336,,SNS platform + operation service,https://www.toyoin.jp/design/index.html | https://www.toyoin.jp/company/message.html | https://www.toyoin.jp/company/rinen.html | https://www.toyoin.jp/company/gaiyou.html,C,0,0,0
株式会社サンライト,https://www.sunlight.co.jp,〒470-1161 愛知県豊明市栄町大脇7,0562-97-4051,,SNS platform + operation service,https://www.sunlight.co.jp/service_promotion.php | https://www.sunlight.co.jp/contact/ | https://www.sunlight.co.jp/companyprofile.php | https://www.sunlight.co.jp/service_graphic.php,C,0,0,0
（株式会社SASHIGANE内）,http://make-ad.net,〒520-2141 滋賀県大津市石山寺3,077-526-5953,,SNS platform + operation service,http://make-ad.net/kaisya.html,C,0,0,0
"株式会社 NEXT ARROW （英語表記：NEXT ARROW Co.,Ltd.）",https://nextarrow.co.jp,〒444-0011 愛知県岡崎市欠町三田田北通2,0564-79-1474,,SNS platform + operation service,https://nextarrow.co.jp/video.html | https://nextarrow.co.jp/company.html | https://nextarrow.co.jp/contact.html,C,0,0,0
名古屋ダイヤモンドドルフィンズ株式会社,https://nagoya-dolphins.jp,〒444-0806 愛知県岡崎市緑丘3,052-712-3059,,SNS platform + operation service,https://nagoya-dolphins.jp/news/detail/id=16347 | https://nagoya-dolphins.jp/company/ | https://nagoya-dolphins.jp/inquiry/ndd/,C,0,0,0
株式会社 Slay it,https://www.slay-it.jp,〒502-0929 岐阜県岐阜市則武東３,,,SNS運用,https://www.slay-it.jp/ | https://www.slay-it.jp/contact.html,C,0,0,0
株式会社FRONTIER GATE,https://www.frontier-gate.com,〒302-0127 茨城県守谷市松ケ丘6,029-721-9775,,SNS platform + operation service,https://www.frontier-gate.com/business | https://www.frontier-gate.com/contact | https://www.frontier-gate.com/company | https://www.frontier-gate.com/contact,C,0,0,0
2021 Design Lab Inc.,https://www.designlab.co.jp,〒501-6023 岐阜県各務原市川島小綱町2,0586-89-4341,,SNS platform + operation service,https://www.designlab.co.jp/company/profile/ | https://www.designlab.co.jp/ppf/aboutppfdivision/ | https://www.designlab.co.jp/ppf/ | https://www.designlab.co.jp/ppf/contact/,C,0,0,0
三重テレビエンタープライズ株式会社,https://mietventerprise.com,〒514-0063 三重県津市渋見町小谷6,059-223-3363,,SNS platform + operation service,https://mietventerprise.com/services.php | https://mietventerprise.com/outline.php,C,0,0,0
株式会社バウハウス マイモール事業部,https://mmsquare.net,〒520-0056 滋賀県大津市末広町2,077-567-1170,,SNS platform + operation service,https://mmsquare.net/,C,0,0,0
片岡メディアデザイン株式会社,https://otsum10.com,〒900-0004 沖縄県那覇市銘苅2,075-451-1010,,SNS platform + operation service,https://otsum10.com/company/ | https://otsum10.com/contact-us/ | https://otsum10.com/about-us/ | https://otsum10.com/service/,C,0,0,3
株式会社ジョージ,https://george.co.jp,〒650-0015 兵庫県神戸市中央区多聞通2,078-945-9999,,SNS platform + operation service,https://george.co.jp/,C,0,0,0
株式会社アリー,https://kiple.jp,〒435-0054 静岡県浜松市中央区早出町1,053-401-7507,,SNS platform + operation service,https://kiple.jp/about/ | https://kiple.jp/form/ | https://kiple.jp/archives/483/,C,0,0,0
CES Industrial 株式会社,https://ces-ind.com,〒433-8125 静岡県浜松市中央区和合町3,,,SNSマーケティング,https://ces-ind.com/contract-development/%E6%A5%AD%E5%8B%99%E3%82%B7%E3%82%B9%E3%83%86%E3%83%A0%E9%96%8B%E7%99%BA/ | https://ces-ind.com/corporate/ | https://ces-ind.com/%E3%81%8A%E5%95%8F%E5%90%88%E3%81%9B/contact/ | https://ces-ind.com/%e3%81%8a%e5%95%8f%e5%90%88%e3%81%9b/contact/,C,0,0,0
株式会社明新社,https://meishin.co.jp,〒173-0022 東京都板橋区仲町2,0742-63-0661,,SNS platform + operation service,https://meishin.co.jp/planning.html | https://meishin.co.jp/company.html,C,0,0,0
Terra Charge 株式会社,https://terra-charge.co.jp,〒108-0074 東京都港区高輪2,,,SNS platform + operation service,https://terra-charge.co.jp/press-release/2024112502/ | https://terra-charge.co.jp/contact-ev/ | https://terra-charge.co.jp/company/,C,0,0,0
株式会社En Design,https://endesign-group.jp,〒671-0253 兵庫県姫路市花田町一本松9,,,SNS platform + operation service,https://endesign-group.jp/symbol-design/value-design/ | https://endesign-group.jp/contact/ | https://endesign-group.jp/message/ | https://endesign-group.jp/message/company/,C,0,0,0
株式会社スマート・インサイト,https://smart-insight.jp,〒642-0022 和歌山県海南市大野中7,073-498-7310,,SNS platform + operation service,https://smart-insight.jp/service/ | https://smart-insight.jp/service/ | https://smart-insight.jp/service/?id=cloud | https://smart-insight.jp/aboutus/,C,0,0,0
株式会社リンクス,https://creatorsbridge.work,〒880-0001 宮崎県宮崎市橘通西3,,,SNS運用代行,https://creatorsbridge.work/nara/about | https://creatorsbridge.work/nara/contact,C,0,0,0
株式会社アステム,https://www.astem-co.co.jp,〒578-0911 大阪府東大阪市中新開1,06-6242-6681,,SNS platform + operation service,https://www.astem-co.co.jp/video/ | https://www.astem-co.co.jp/accessibility-page/ | https://www.astem-co.co.jp/company/ | https://www.astem-co.co.jp/employment/,C,0,0,0
プレシャスサービス株式会社,https://www.sogyo-s.jp,〒730-0035 広島県広島市中区本通７,082-298-4484,,SNS platform + operation service,https://www.sogyo-s.jp/consul.html | https://www.sogyo-s.jp/about.html | https://www.sogyo-s.jp/access.html | https://www.sogyo-s.jp/service.html,C,0,0,0
株式会社アスク,https://www.pck.co.jp,〒700-0942 岡山県 岡山市南区 豊成3,086-902-2662,,SNS platform + operation service,https://www.pck.co.jp/01_01_from_president.html | https://www.pck.co.jp/01_02_corporate_profile.html | https://www.pck.co.jp/01_03_corporate_policy.html | https://www.pck.co.jp/01_04_access.html,C,0,0,0
株式会社和歌山印刷所,https://newsrelea.se,〒640-8412 和歌山県和歌山市狐島6,073-488-7153,,SNS platform + operation service,https://newsrelea.se/7DLKNq | https://newsrelea.se/company,C,0,0,0
株式会社EPG,https://epark.mbtn.jp,〒174-0063 東京都板橋区前野町6,,,SNS platform + operation service,https://epark.mbtn.jp/landingpage/case/yakiniku/01.html | https://epark.mbtn.jp/landingpage/contact.html | https://epark.mbtn.jp/landingpage/company/ | https://epark.mbtn.jp/landingpage/company/,C,0,0,0
株式会社セブンスフロア :: 経営コンサルティング、経営管理指標、数値管理、数値分析、Web広告効果測定、ネットビジネス起業支援,https://www.7thfloor.co.jp,〒261-7102 千葉県千葉市美浜区中瀬2,043-441-6107,,SNS platform + operation service,https://www.7thfloor.co.jp/lp/funeral_marketing/,C,0,0,0
Studio Inc. All Rights Reserved.,https://studio.design,〒920-0869 石川県金沢市上堤町２,,,SNS platform + operation service,https://studio.design/ja/lp/ambassador/report/2603_ishikawa | https://studio.design/ja/accessibility | https://studio.design/ja/lp/ambassador/contact | https://studio.design/ja/solutions/site-types/corporate,C,0,0,0
株式会社リゾーム,https://www.rhizome-e.com,〒701-0165 岡山県岡山市北区大内田6,03-3523-1128,,SNS platform + operation service,https://www.rhizome-e.com/news/000738.php | https://www.rhizome-e.com/contact.html | https://www.rhizome-e.com/solution/ | https://www.rhizome-e.com/solution/leasing.php,C,0,0,0
株式会社マーケティング研究協会,https://www.marken.co.jp,〒105-0012 東京都港区芝大門1,03-6435-6347,,SNS platform + operation service,https://www.marken.co.jp/seminar/006360post_77.php | https://www.marken.co.jp/company_information/ | https://www.marken.co.jp/company_information/message/ | https://www.marken.co.jp/company_information/member/,C,0,0,0
株式会社ビジネス・フォーラム事務局,https://www.b-forum.net,〒101-0047 東京都千代田区内神田1,03-3518-6531,,SNS platform + operation service,https://www.b-forum.net/event/jp770jijh/detail.html | https://www.b-forum.net/quote/ | https://www.b-forum.net/about/ | https://www.b-forum.net/corporate/,C,0,0,0
キョウリツネット株式会社,https://www.rico-web.net,〒164-8787 東京都中野区東中野4,070-5368-8884,,SNS platform + operation service,https://www.rico-web.net/works/ | https://www.rico-web.net/index.html | https://www.rico-web.net/contact/index.html,C,0,0,0
国分グループ本社株式会社 公式サイト,https://www.kokubu.co.jp,〒103-8241 東京都中央区日本橋1,03-3276-4000,,SNS platform + operation service,https://www.kokubu.co.jp/touhoku/characteristic/business/ | https://www.kokubu.co.jp/company/group/ | https://www.kokubu.co.jp/touhoku/company/ | https://www.kokubu.co.jp/touhoku/company/greetings/,C,0,0,0
"Vektor,Inc.",https://signage.tescomsound.co.jp,〒651-2111 兵庫県神戸市西区池上4,078-965-6530,,SNS platform + operation service,https://signage.tescomsound.co.jp/company/ | https://signage.tescomsound.co.jp/non-contact-body-temperature-measurement-signage/ | https://signage.tescomsound.co.jp/contact/ | http://signage.tescomsound.co.jp/contact/,C,0,0,0
"VITAL-NET, Inc. ALL RIGHTS RESERVED.",https://www.vitalnet.jp,〒980-8581 宮城県仙台市青葉区大手町1,022-266-4511,,SNS platform + operation service,https://www.vitalnet.jp/solution/pharmacy | https://www.vitalnet.jp/company/message | https://www.vitalnet.jp/company/outline | https://www.vitalnet.jp/company/philosophy,C,0,0,0
株式会社ディライト All Rights Reserved.,https://webtanto-kun.jp,〒160-0022 東京都新宿区新宿1,03-6380-6090,,SNS platform + operation service,https://webtanto-kun.jp/,C,0,0,0
ジャンボフーズ株式会社,http://ec.jumbo-f.jp,〒578-0958 大阪府東大阪市新庄南6,06-6747-1050,,SNS platform + operation service,http://ec.jumbo-f.jp/cando/ | http://ec.jumbo-f.jp/about/ | http://ec.jumbo-f.jp/company/ | http://ec.jumbo-f.jp/,C,0,0,0
株式会社医療分析センター,https://vetsupport.jp,〒262-0033 千葉県千葉市花見川区幕張本郷1,043-216-3021,,SNS platform + operation service,https://vetsupport.jp/start/ | https://vetsupport.jp/ | https://vetsupport.jp/contact_property/ | https://vetsupport.jp/contact_nurse/,C,0,0,0
"ＩＮＳＩＧＨＴ ＬＡＢ, Inc.",https://insight-lab.co.jp,〒163-0533 東京都新宿区西新宿1,,,SNS platform + operation service,https://insight-lab.co.jp/resultlist/3448/ | https://insight-lab.co.jp/company/mission/ | https://insight-lab.co.jp/service/ | https://insight-lab.co.jp/company/message/,C,0,0,0
2026 株式会社ヤマザワ薬品 All rights reserved.,https://www.yamazawa-drg.co.jp,〒990-0025 山形県山形市あこや町3,023-632-3366,,SNS platform + operation service,https://www.yamazawa-drg.co.jp/news/4283 | https://www.yamazawa-drg.co.jp/about/ | https://www.yamazawa-drg.co.jp/contact/,C,0,0,0
ののわmie株式会社-三重県の地域商社-四日市・桑名・鈴鹿・津の食品,https://nonowamie.jp,〒510-8034 三重県四日市市大矢知町2,090-2945-7979,,SNS platform + operation service,https://nonowamie.jp/,C,0,0,0
企業ブランディングから販促クリエイティブまで的確な結果で応える株式会社 アドバンプレス,https://www.advanpress.co.jp,〒102-0073 東京都千代田区九段北1,,,SNS platform + operation service,https://www.advanpress.co.jp/hokuriku_lp/column-detail-0044.html | https://www.advanpress.co.jp/hokuriku_lp/,C,0,0,0
株式会社サンウェイ,https://liserju-wedding.com,〒023-0891 岩手県奥州市水沢内匠田5,,,SNS platform + operation service,https://liserju-wedding.com/staff_shunichi_ito/ | https://liserju-wedding.com/about-us/ | https://liserju-wedding.com/contact/,C,0,0,0
株式会社TAIAN,https://www.blog.taian-inc.com,〒160-0022 東京都新宿区新宿一丁目,,,Instagram運用,https://www.blog.taian-inc.com/ | https://www.blog.taian-inc.com/contact | https://www.blog.taian-inc.com/archives/2286,C,0,0,0
サン・エム・システム株式会社,https://www.sun-m.co.jp,〒100-0011 東京都千代田区内幸町1,03-5847-8356,,SNS platform + operation service,https://www.sun-m.co.jp/blog/dx/1096.html | https://www.sun-m.co.jp/company/ | https://www.sun-m.co.jp/company/group.html | https://www.sun-m.co.jp/service/,C,0,0,0
合同会社 IWan アイズドッグ All rights reserved.,https://www.iwan-is-dog.com,〒490-1134 愛知県海部郡大治町東條砂島9,,,SNS platform + operation service,https://www.iwan-is-dog.com/news/news1-10-2 | https://www.iwan-is-dog.com/?id=top-service | https://www.iwan-is-dog.com/entry.html | https://www.iwan-is-dog.com/company.html,C,0,0,0
"クオン株式会社 QON Co., Ltd.",https://www.q-o-n.com,〒108-0073 東京都港区三田2,,,SNS platform + operation service,https://www.q-o-n.com/journal/a-gene-of-campany/xsmktg/ | https://www.q-o-n.com/company/ | https://www.q-o-n.com/company/vision/ | https://www.q-o-n.com/company/profile/,C,0,0,0
"有限会社クリスティ [Christy Co., Ltd.] http:",http://www.hplab.net,〒959-2635 新潟県胎内市つつじが丘下3,0254-43-5830,,SNS platform + operation service,http://www.hplab.net/server-christy/ | http://www.hplab.net/contact/ | http://www.hplab.net/salesup/ | http://www.hplab.net/profile/,C,0,0,0
株式会社ITC,https://www.i-tennis.co.jp,〒653-0038 兵庫県神戸市長田区若松町2,078-642-3092,,SNS platform + operation service,https://www.i-tennis.co.jp/company/index.html | https://www.i-tennis.co.jp/contact/sformmail.php,C,0,0,0
株式会社TAIAN,https://oiwaii.taian-inc.com,〒699-0202 島根県松江市玉湯町湯町9,,,SNS platform + operation service,https://oiwaii.taian-inc.com/contents/l_b-_f65hpnb/ | https://oiwaii.taian-inc.com/company/,C,0,0,0
株式会社ＴＴＣ,https://www.ttc-gr.co.jp,〒413-0101 静岡県熱海市上多賀6,0557-67-2323,,SNS platform + operation service,https://www.ttc-gr.co.jp/business/business.html | https://www.ttc-gr.co.jp/contact/ | https://www.ttc-gr.co.jp/corporate/ | https://www.ttc-gr.co.jp/corporate/about.html,C,0,0,0
北海道デジタル・アンド・コンサルティング株式会社,https://presscarry.com,〒001-0906 北海道札幌市北区新琴似6,,,SNS platform + operation service,https://presscarry.com/archives/117350 | https://presscarry.com/foam,C,0,0,0
システムラボラトリー株式会社,https://www.syslabo.co.jp,〒031-0073 青森県八戸市売市右水門下8,011-280-8686,,SNS platform + operation service,https://www.syslabo.co.jp/group.html | https://www.syslabo.co.jp/index.html,C,0,0,0
株式会社ユニフロー,https://www.uniflow.co.jp,〒141-0031 東京都品川区西五反田2,,,SNS platform + operation service,https://www.uniflow.co.jp/product/signage_swing/ | https://www.uniflow.co.jp/support/maintenance/ | https://www.uniflow.co.jp/about/ | https://www.uniflow.co.jp/about/info-history/,C,0,0,0
マルチモノ盛岡推進協議会事務局（株式会社IBCソフトアルファ）,https://morioka-area-technology.jp,〒020-8566 岩手県盛岡市志家町6,019-653-0118,,SNS platform + operation service,https://morioka-area-technology.jp/activlist/%E5%AE%9F%E8%A8%BC%E5%AE%9F%E9%A8%93%E3%83%AC%E3%83%9D%E3%83%BC%E3%83%88%E2%91%A0%E3%80%8C%E3%83%87%E3%82%B8%E3%82%BF%E3%83%AB%E6%8A%80%E8%A1%93%E3%82%92%E6%B4%BB%E7%94%A8%E3%81%97%E3%81%9F%E3%82%B9/ | https://morioka-area-technology.jp/about/ | https://morioka-area-technology.jp/access/ | https://morioka-area-technology.jp/contact/,C,0,0,0
awoo株式会社,https://www.awoo.ai,〒150-0043 東京都渋谷区道玄坂一丁目,,,SNS platform + operation service,https://www.awoo.ai/ja/news_cat/press_release/page/10/ | https://www.awoo.ai/ja/company/ | https://www.awoo.ai/ja/inquiry/,C,0,0,0
株式会社オノフ,https://www.onoff.ne.jp,〒150-0001 東京都渋谷区神宮前3,03-6447-4227,,SNS platform + operation service,https://www.onoff.ne.jp/about/ | https://www.onoff.ne.jp/service/,C,0,0,0
株式会社シンク情報システム,https://www.syncinfo.co.jp,〒400-0811 山梨県甲府市川田町 アリア1,055-220-6361,,SNS platform + operation service,https://www.syncinfo.co.jp/company/group/ | https://www.syncinfo.co.jp/products/ | https://www.syncinfo.co.jp/company/ | https://www.syncinfo.co.jp/company/outline/,C,0,0,0
株式会社理経,https://www.nw-system.co.jp,〒160-0023 東京都新宿区西新宿三丁目,03-3345-2180,,SNS platform + operation service,https://www.nw-system.co.jp/product/ | https://www.nw-system.co.jp/company/,C,0,0,0
"BusinessBankGroup,inc All Rights Reserved",https://bbank.jp,〒420-0857 静岡県静岡市葵区御幸町６,03-6913-0220,,SNS platform + operation service,https://bbank.jp/12essentials/schedule/theme4/clv/,C,0,0,0
株式会社シルバーアイ All Rights Reserved.,https://www.silver-i.co.jp,〒540-0026 大阪府大阪市中央区内本町2,045-474-1451,,SNS platform + operation service,https://www.silver-i.co.jp/signage/ | https://www.silver-i.co.jp/company/ | https://www.silver-i.co.jp/contact/ | https://www.silver-i.co.jp/company/outline/,C,0,0,0
IRIE LIFE株式会社,https://irie-life.co.jp,〒264-0026 千葉県千葉市若葉区西都郭4,043-356-0191,,SNS platform + operation service,https://irie-life.co.jp/ | https://irie-life.co.jp/services.html | https://irie-life.co.jp/about.html | https://irie-life.co.jp/contact.html,C,0,0,0
株式会社WOWOWコミュニケーションズ,https://www.wowcom.co.jp,〒220-8080 神奈川県横浜市西区みなとみらい4,0120-808-434,,SNS platform + operation service,https://www.wowcom.co.jp/service/data/ | https://www.wowcom.co.jp/service/ | https://www.wowcom.co.jp/company/ | https://www.wowcom.co.jp/contact/,C,0,0,0
株式会社Ikumi .Tech,https://ikumi-tech.jp,〒158-0083 東京都世田谷区奥沢5,,,SNS platform + operation service,https://ikumi-tech.jp/service/web_consalting.html | https://ikumi-tech.jp/about/ | https://ikumi-tech.jp/service/ | https://ikumi-tech.jp/service/web_production.html,C,0,0,0
株式会社INFORICH,https://inforich.net,〒150-0001 東京都渋谷区神宮前5,,,SNSマーケティング,https://inforich.net/5138/%E3%83%A9%E3%82%A4%E3%83%88%E3%82%AA%E3%83%B381%E5%BA%97%E8%88%97%E3%81%ABchargespot%E3%82%92%E8%BF%BD%E5%8A%A0%E8%A8%AD%E7%BD%AE | https://inforich.net/about | https://inforich.net/contact-form,C,0,0,0
株式会社 博報堂プロダクツ,https://orange-goat-507a8ebc4ca85c6e.znlc.jp,〒135-8619 東京都江東区豊洲5,03-5144-7306,,SNS platform + operation service,https://orange-goat-507a8ebc4ca85c6e.znlc.jp/solutions/groups/,C,0,0,0
株式会社中小企業サポートネットワーク,https://www.smallsun.jp,〒170-0013 東京都豊島区東池袋2,03-5960-0227,,SNS platform + operation service,https://www.smallsun.jp/business_semi/zemi/takasaki/entry-6303.html | https://www.smallsun.jp/about/entry.html | https://www.smallsun.jp/contact/ | https://www.smallsun.jp/about/,C,0,0,0
エグジビション テクノロジーズ 株式会社,https://seafoodshow-japan.com,〒107-0062 東京都港区南青山1,03-5775-2855,,SNS platform + operation service,https://seafoodshow-japan.com/exhibits-tokyo/4484/ | https://seafoodshow-japan.com/tokyo/outline/ | https://seafoodshow-japan.com/tokyo/about-exhibit/ | https://seafoodshow-japan.com/tokyo/contact/,C,0,0,0
株式会社キャラウィット,https://carawit.co.jp,〒231-0023 神奈川県横浜市中区山下町2,045-227-6307,,SNS platform + operation service,https://carawit.co.jp/author/carawitnishizawa/page/62/ | https://carawit.co.jp/%E4%BC%9A%E7%A4%BE%E6%A6%82%E8%A6%81/ | https://carawit.co.jp/%E3%81%8A%E5%95%8F%E3%81%84%E5%90%88%E3%82%8F%E3%81%9B/,C,0,0,0
Fukushima Canon Inc.,https://fukushima.canon,〒960-8002 福島県福島市森合町1,024-525-3785,,SNS platform + operation service,https://fukushima.canon/ja/news/tsuzuri/tsuzuri.html | https://fukushima.canon/ja/company/ | https://fukushima.canon/ja/business/ | https://fukushima.canon/ja/tops/contact.html,C,0,0,0
株式会社WAVES（ウェイブス）,https://www.nikkan.co.jp,〒106-0031 東京都港区西麻布1,,,SNS platform + operation service,https://www.nikkan.co.jp/releases/view/39366 | https://www.nikkan.co.jp:443/gnr_spaces/view/0012863 | https://www.nikkan.co.jp/releases/view/221827 | https://www.nikkan.co.jp/inquiries/index,C,0,0,0
株式会社ワイズクエスト WISEQUEST CO.,https://wiseq.com,〒933-3123 東京都練馬区東大泉1,03-5933-3123,,SNS platform + operation service,https://wiseq.com/ticket.html | https://wiseq.com/company.html | https://wiseq.com/access.html | https://wiseq.com/_mailform/,C,0,0,0
2025 株式会社エスプランズ.,https://splans.main.jp,〒329-1205 栃木県塩谷郡高根沢町飯室4,028-688-7233,,SNS platform + operation service,https://splans.main.jp/food.html | https://splans.main.jp/contact.html | https://splans.main.jp/health_care.html,C,0,0,0
全日本食品株式会社,https://www.zchain.co.jp,〒121-0836 東京都足立区入谷6,03-5691-2111,,SNS platform + operation service,https://www.zchain.co.jp/report/report15.html | https://www.zchain.co.jp/about/ | https://www.zchain.co.jp/about/history.html | https://www.zchain.co.jp/about/creed.html,C,0,0,0
株式会社オレンジライフ,https://funeral.orange-life.co.jp,〒643-0031 和歌山県有田郡有田川町野田１,0120-14-4241,,SNS platform + operation service,https://funeral.orange-life.co.jp/aboutus/company/ | https://funeral.orange-life.co.jp/aboutus/ | https://funeral.orange-life.co.jp/aboutus/consultation/ | https://funeral.orange-life.co.jp/aboutus/after-service/,C,0,0,0
株式会社,https://www.shikisaijyuku.com,〒145-0074 東京都大田区東嶺町1,03-6459-8409,,SNS platform + operation service,https://www.shikisaijyuku.com/seminar | https://www.shikisaijyuku.com/company | https://www.shikisaijyuku.com/contact,C,0,0,0
木村産業株式会社 本社所在地 富山県砺波市庄川町金屋2062番地,https://gosei-ai.jp,〒932-0305 富山県砺波市庄川町金屋2,0766-21-3417,,SNS platform + operation service,https://gosei-ai.jp/company/kimura-sangyo-co-ltd/ | https://gosei-ai.jp/contact/ | https://gosei-ai.jp | https://gosei-ai.jp/contact/,C,0,0,0
著者：株式会社イプロス 制作グループ,https://marketing.ipros.jp,〒105-0022 東京都港区海岸1,,,SNS platform + operation service,https://marketing.ipros.jp/contents/basics/ind_leis_13/ | https://marketing.ipros.jp/aboutus/ | https://marketing.ipros.jp/service/ | https://marketing.ipros.jp/service/lead/,C,0,0,0
マルゼン工業株式会社,https://www.maruzen-kitchen.co.jp,〒110-0003 東京都台東区根岸二丁目,0470-55-1571,,SNS platform + operation service,https://www.maruzen-kitchen.co.jp/case/detail-vol-013/ | https://www.maruzen-kitchen.co.jp/company/ | https://www.maruzen-kitchen.co.jp/about/ | https://www.maruzen-kitchen.co.jp/company/soshiki/,C,0,0,0
株式会社アステージの地域貢献サービス,https://www.astageinc.co.jp,〒101-0047 東京都千代田区内神田1,0120-953-106,,SNS platform + operation service,https://www.astageinc.co.jp/tabimachi/ | https://www.astageinc.co.jp/,C,0,0,0
株式会社DEVELOP,https://dvlp.co.jp,〒460-0008 愛知県名古屋市中区栄3,052-618-7474,,SNS運用 / Instagram運用代行,https://dvlp.co.jp/works/ | https://dvlp.co.jp/about/ | https://dvlp.co.jp/services/ | https://dvlp.co.jp/contact/,C,0,0,0
株式会社サキガケ・アド・ブレーン,http://www.adnet-sakigake.com,〒010-0956 秋田県秋田市山王臨海町1,018-862-7923,,SNS platform + operation service,http://www.adnet-sakigake.com/company.html,C,0,0,0
"株式会社アーツ arts co,.ltd.",https://www.arts-net.co.jp,〒564-0062 大阪府吹田市垂水町3,06-6368-7706,,SNS platform + operation service,https://www.arts-net.co.jp/page/company/profile.html | https://www.arts-net.co.jp/page/arts/index.html | https://www.arts-net.co.jp/page/company/index.html | https://www.arts-net.co.jp/page/company/history.html,C,0,0,0
株式会社アイケーディ 採用サイト,https://recruit-ikd.com,〒514-0006 三重県津市広明町1,059-225-7117,,SNS platform + operation service,https://recruit-ikd.com/company | https://recruit-ikd.com/company-info,C,0,0,0
株式会社高等教育総合研究所,https://www.kosoken.jp,〒102-0083 東京都千代田区麹町3,03-5214-0524,,SNS platform + operation service,https://www.kosoken.jp/service/ | https://www.kosoken.jp/about/ | https://www.kosoken.jp/service/,C,0,0,0
株式会社ウィズ・コミュニケーション,http://z-web.jp,〒151-0071 東京都渋谷区本町1,06-6399-2777,,SNS platform + operation service,http://z-web.jp/with_dtp/index.php | http://z-web.jp/mail/index.php | http://z-web.jp/with_gaiyo/index.php,C,0,0,0
株式会社マルチトラック ※2021年8月より運営者が変わりました,https://www.kenshudo.net,〒145-0064 東京都大田区上池台3,03-6261-0773,,SNS platform + operation service,https://www.kenshudo.net/sp_detail/id1319943692-256519.html | https://www.kenshudo.net/aboutus/ | https://www.kenshudo.net/contact/,C,0,0,0
有限会社ジングル,https://jingledesign.jp,〒644-0002 和歌山県御坊市薗3,0738-24-2211,,SNS platform + operation service,https://jingledesign.jp/works/%E3%82%AA%E3%83%AA%E3%82%B8%E3%83%8A%E3%83%AB%E5%95%86%E5%93%81%E4%BD%8F%E5%AE%85%E3%80%8C%E3%82%B3%E3%83%BC%E3%83%88%E3%83%8F%E3%82%A6%E3%82%B9%E3%80%8D%E3%82%B3%E3%83%B3%E3%82%BB%E3%83%97%E3%83%88/ | https://jingledesign.jp/company/ | https://jingledesign.jp/contact/,C,0,0,0
株式会社JDN,https://www.tanseisha.co.jp,〒108-8220 東京都港区港南1,03-6455-8103,,SNS platform + operation service,https://www.tanseisha.co.jp/works/detail/ichijodani-asakura-family-site-museum | https://www.tanseisha.co.jp/contact | https://www.tanseisha.co.jp/about/ | https://www.tanseisha.co.jp/about/message,C,0,0,0
株式会社 GARDEN（ガーデン）,https://www.gardenw.net,〒060-0002 北海道札幌市中央区北2,011-577-2465,,SNS platform + operation service,https://www.gardenw.net/access.html | https://www.gardenw.net/about.html | https://www.gardenw.net/service.html | https://www.gardenw.net/contact.html,C,0,0,0
映像制作 合同会社レフスタジオ,http://tstudio.moo.jp,〒371-0031 群馬県前橋市下小出町2,050-3553-4852,,SNS platform + operation service,http://tstudio.moo.jp/promotionvideo.html | http://tstudio.moo.jp/7peji.html,C,0,0,0
株式会社ウェイストボックス,https://wastebox.net,〒461-0005 愛知県名古屋市東区東桜1,052-265-5902,,SNS platform + operation service,https://wastebox.net/voice/service/p4878/ | https://wastebox.net/company/ | https://wastebox.net/company/message/ | https://wastebox.net/company/member/,C,0,0,0
株式会社アビリング,https://www.abiling.co.jp,〒064-0915 北海道札幌市中央区南1,011-513-0777,,SNS platform + operation service,https://www.abiling.co.jp/about,C,0,0,0
NEOSPACE INC. All rights reserved,https://www.neospace.co.jp,〒400-0075 山梨県甲府市山宮町3,055-251-9995,,SNS platform + operation service,https://www.neospace.co.jp/company.html | https://www.neospace.co.jp/about.html | https://www.neospace.co.jp/contact.html,C,0,0,0
高品質な印刷の追求、徹底した環境への配慮［石井電算印刷株式会社］,https://www.5200idp.co.jp,〒963-0724 福島県郡山市田村町上行合字南川田3,024-942-5200,,SNS platform + operation service,https://www.5200idp.co.jp/print.html | https://www.5200idp.co.jp/contact.html | https://www.5200idp.co.jp/real.html | https://www.5200idp.co.jp/access.html,C,0,0,0
株式会社ヨシハラ総合企画,https://yoshihara-sogokikaku.co.jp,〒302-0115 茨城県守谷市中央二丁目,0297-21-6130,,SNS運用,https://yoshihara-sogokikaku.co.jp/ | https://yoshihara-sogokikaku.co.jp/service/,C,0,0,0
合同会社EXEC JAPAN（エグゼックジャパン）,https://tochigi-ls.com,〒321-0912 栃木県宇都宮市石井町3,028-689-8345,,SNS platform + operation service,https://tochigi-ls.com/company/ | https://tochigi-ls.com/contact/ | https://tochigi-ls.com/post_tag/venture-company/ | https://tochigi-ls.com/interview_cat/service/,C,0,0,0
2026 大阪府大阪市の介護施設なら株式会社CONNECT ALL RIGHTS RESERVED.,https://fukusi-syoukai.com,〒543-0001 大阪府大阪市天王寺区上本町１,050-5526-7536,,SNS platform + operation service,https://fukusi-syoukai.com/feature/business-person/ | https://fukusi-syoukai.com/contact/ | https://fukusi-syoukai.com/service/ | https://fukusi-syoukai.com/service/kourei/,C,0,0,0
株式会社ナターシャ,https://www.natasha.co.jp,〒150-0001 東京都渋谷区神宮前1,03-6555-5460,,SNS platform + operation service,https://www.natasha.co.jp/works/20.html | https://www.natasha.co.jp/company.html | https://www.natasha.co.jp/contact.html,C,0,0,0
株式会社リッシ,https://themasster.jp,〒107-0062 東京都港区南青山1,03-6804-3924,,SNS platform + operation service,https://themasster.jp/service/index.html | https://themasster.jp/profile/index.html | https://themasster.jp/apply/index.html | https://themasster.jp/contact/index.html,C,0,0,0
株式会社リング＆リング,https://www.ring-r.co.jp,〒337-0053 埼玉県さいたま市見沼区大和田町1,048-884-9942,,SNS platform + operation service,https://www.ring-r.co.jp/portfolio/dtp/ | https://www.ring-r.co.jp/about/ | https://www.ring-r.co.jp/company/ | https://www.ring-r.co.jp/contact/,C,0,0,0
株式会社ブランスリー報道社,https://www.hpmc-navi.com,〒939-8091 富山県富山市旭町2,076-464-3277,,SNS platform + operation service,https://www.hpmc-navi.com/toyama.html | https://www.hpmc-navi.com/ssl/?mode=pre_toiawase | https://www.hpmc-navi.com/?mode=about | https://www.hpmc-navi.com/?mode=company,C,0,0,0
株式会社まるしん商事,https://www.marushin-corp.co.jp,〒063-0051 北海道札幌市西区宮の沢1,011-661-9777,,SNS platform + operation service,https://www.marushin-corp.co.jp/web/ | https://www.marushin-corp.co.jp/company/ | https://www.marushin-corp.co.jp/contact/,C,0,0,0
【deft株式会社】デフト株式会社,http://deftnova.com,〒270-0143 千葉県流山市向小金1,050-1155-1910,,SNS platform + operation service,http://deftnova.com/workcontents.html | http://deftnova.com/contact.html,C,0,0,0
Foto Reise Inc .2017-2026,https://www.fotoreise.co.jp,〒981-3132 宮城県仙台市泉区将監4,090-6499-7014,,SNS platform + operation service,https://www.fotoreise.co.jp/about | https://www.fotoreise.co.jp/google-business-profile | https://www.fotoreise.co.jp/contact,C,0,0,1
六三四堂印刷株式会社,https://musashido-insatsu.co.jp,〒350-1123 埼玉県川越市脇田本町2,049-242-0329,,SNS platform + operation service,https://musashido-insatsu.co.jp/business.html | https://musashido-insatsu.co.jp/about.html | https://musashido-insatsu.co.jp/company.html | https://musashido-insatsu.co.jp/contact.html,C,0,0,0
景域計画 株式会社,https://keiiki.co.jp,〒231-0005 神奈川県横浜市中区本町一丁目,045-263-9504,,SNS platform + operation service,https://keiiki.co.jp/about/ | https://keiiki.co.jp/contact/,C,0,0,0
株式会社Shift,https://shift-inc.io,〒963-4313 福島県田村市船引町石森字舘1,050-8883-2760,,SNS platform + operation service,https://shift-inc.io/promotion | https://shift-inc.io/contact,C,0,0,0
● 会社名 ： 株式会社グロッシー （英文社名： glossy Inc.）,http://www.glossy.co.jp,〒080-0011 北海道帯広市西1,,,SNS platform + operation service,http://www.glossy.co.jp/outline/ | http://www.glossy.co.jp/inquiry/ | http://www.glossy.co.jp/service/,C,0,0,0
株式会社 アクエリア,https://aquaria-design.net,〒158-0081 東京都世田谷区深沢2,03-6319-1027,,SNS platform + operation service,https://aquaria-design.net/ | https://aquaria-design.net/contact/postmail.html | https://aquaria-design.net/menu/company/company.html | https://aquaria-design.net/menu/price&service/price&service.html,C,0,0,0
株式会社アドプロダクションエム,https://addpro-m.co.jp,〒951-8052 新潟県新潟市中央区下大川前通2,025-224-0576,,SNS platform + operation service,https://addpro-m.co.jp/,C,0,0,0
Ｙ＆Ｉ株式会社,http://www.y-and-i.co.jp,〒033-0021 青森県三沢市岡三沢8,0176-58-7920,,SNS platform + operation service,http://www.y-and-i.co.jp/print/ | http://www.y-and-i.co.jp/company/index.html | http://www.y-and-i.co.jp/contact/index.html,C,0,0,0
【エイチエス株式会社】御社の価値の創造と売上アップを支援します,https://hs-web.co.jp,〒381-0022 長野県長野市大字大豆島1,026-405-7305,,SNS platform + operation service,https://hs-web.co.jp/gaiyou.html,C,0,0,0
東芝デジタルマーケティングイニシアティブ株式会社,https://www.toshiba-dmi.co.jp,〒261-8550 千葉県千葉市美浜区中瀬2,03-5408-1009,,SNS platform + operation service,https://www.toshiba-dmi.co.jp/news/jit-autumn.html | https://www.toshiba-dmi.co.jp/service/ | https://www.toshiba-dmi.co.jp/company/ | https://www.toshiba-dmi.co.jp/company/vision.html,C,0,0,0
株式会社KAMIOL,https://www.kasseiken.jp,〒940-0004 新潟県長岡市高見町1,0258-24-2300,,SNS platform + operation service,https://www.kasseiken.jp/kira-boshi/kamiol/ | https://www.kasseiken.jp/kira-boshi/about/ | https://www.kasseiken.jp/kira-boshi/category/company_features/cleanflow/ | https://www.kasseiken.jp/kira-boshi/category/company_features/training/,C,0,0,0
株式会社南信社,https://www.interna.co.jp,〒210-0838 神奈川県川崎市川崎区境町1,044-222-2260,,SNS platform + operation service,https://www.interna.co.jp/about-us/ | https://www.interna.co.jp/company/ | https://www.interna.co.jp/company/ | https://www.interna.co.jp/company/,C,0,0,0
株式会社 アイム,https://www.aim-design.jp,〒231-0062 神奈川県横浜市中区桜木町1,03-6228-1689,,SNS platform + operation service,https://www.aim-design.jp/works/index.html | https://www.aim-design.jp/contact/index.html | https://www.aim-design.jp/about/index.html | https://www.aim-design.jp/service/index.html,C,0,0,0
株式会社ラウンドワン,https://www.round1.co.jp,〒277-0922 千葉県柏市大島田1,04-7190-1201,,SNS運用,https://www.round1.co.jp/shop/tenpo/chiba-kashiwa.html/1000 | https://www.round1.co.jp/service/bowling/ | https://www.round1.co.jp/service/amuse/ | https://www.round1.co.jp/service/spo-cha/,C,0,0,0
Shogeisha Inc. All Rights Reserved.,https://obihiro.maybmarch.com,〒080-0111 北海道河東郡音更町木野大通東2,0155-66-5757,,SNS platform + operation service,https://obihiro.maybmarch.com/,C,0,0,0
株式会社296,https://recruit.296.co.jp,〒107-0062 東京都港区南青山2,03-6820-7050,,SNS platform + operation service,https://recruit.296.co.jp/about/ | https://recruit.296.co.jp/job/corporate/,C,0,0,0
株式会社 アイ・ティー・ビー,https://www.itbnet.jp,〒036-8102 青森県弘前市大字小比内４,0172-28-5656,,SNS platform + operation service,https://www.itbnet.jp/work.html | https://www.itbnet.jp/com.html | https://www.itbnet.jp/acesse.html,C,0,0,0
株式会社木くづ,https://kikudu.com,〒034-0011 青森県十和田市東二三番,,,SNS運用,https://kikudu.com/ | https://kikudu.com/about.html | https://kikudu.com/contact.html,C,0,0,0
株式会社サンレグ,https://sanreg.net,〒023-0824 岩手県奥州市水沢泉町1,090-6787-5894,,SNS運用,https://sanreg.net/ | https://sanreg.net/company/ | https://sanreg.net/service/ | https://sanreg.net/contact/,C,0,0,0
TOHOKU PLANNING Inc. All Rights Reserved.,https://to-pla.com,〒986-0814 宮城県石巻市南中里４,0225-95-0352,,SNS platform + operation service,https://to-pla.com/news/2025-04-05.html | https://to-pla.com/ | https://to-pla.com/contact.html,C,0,0,0
HiColor inc.,http://www.hicolor.co.jp,〒998-0044 山形県酒田市中町1,0234-43-6478,,SNS platform + operation service,http://www.hicolor.co.jp/ | http://www.hicolor.co.jp/contact.php,C,0,0,0
株式会社ＮＴＴデータ関西,https://www.nttdata-kansai.co.jp,〒530-0003 大阪府大阪市北区堂島3,,,SNS platform + operation service,https://www.nttdata-kansai.co.jp/eye-bousai/ | https://www.nttdata-kansai.co.jp/form/inquiry/ | https://www.nttdata-kansai.co.jp/service/ | https://www.nttdata-kansai.co.jp/company/,C,0,0,0
（受託）株式会社オー・プラン,http://joseisien.jp,〒047-0031 北海道小樽市色内1,0134-29-1003,,SNS platform + operation service,http://joseisien.jp/archives/kigyo/o-plan | http://joseisien.jp/contact | http://joseisien.jp/about_website,C,0,0,0
YOKOUN 物流サービス業 ヨコウン株式会社,https://www.yokoun.co.jp,〒013-0061 秋田県横手市横手町字大関越9,,,SNS platform + operation service,https://www.yokoun.co.jp/special/ | https://www.yokoun.co.jp/service/ | https://www.yokoun.co.jp/service/yuhaiso/ | https://www.yokoun.co.jp/service/international-logistics/,C,0,0,0
株式会社アイディア,https://www.ai-dear.co.jp,〒997-0028 山形県鶴岡市山王町9,0235-29-6188,,SNS platform + operation service,https://www.ai-dear.co.jp/ | https://www.ai-dear.co.jp/company/ | https://www.ai-dear.co.jp/company/companyprofile/ | https://www.ai-dear.co.jp/company/messagefromthepresident/,C,0,0,0
株式会社 庄交コーポレーション,https://www.shoko-corpo.jp,〒997-0031 山形県鶴岡市錦町2,0235-22-3777,,SNS platform + operation service,https://www.shoko-corpo.jp/ad/about_us/ | https://www.shoko-corpo.jp/ad/contact/,C,0,0,0
株式会社 遠藤会計事務所,https://www.endo-ao.co.jp,〒997-0042 山形県鶴岡市新形町2,0235-22-2884,,SNS platform + operation service,https://www.endo-ao.co.jp/ceo/ | https://www.endo-ao.co.jp/about/ | https://www.endo-ao.co.jp/access/,C,0,0,0
株式会社システムクリエイト,https://syscre.jp,〒309-1611 茨城県笠間市笠間1,0296-71-0632,,SNS運用,https://syscre.jp/services/ | https://syscre.jp/profile/,C,0,0,0
合同会社ノースアドリサーチ,https://north-ad-research.com,〒053-0014 北海道苫小牧市浜町２,,,SNS platform + operation service,https://north-ad-research.com/company/ | https://north-ad-research.com/contact/,C,0,0,0
株式会社 サンテック,https://yamagata-suntec.co.jp,〒997-0011 山形県鶴岡市宝田3,0235-23-0377,,SNS platform + operation service,https://yamagata-suntec.co.jp/company/library/ | https://yamagata-suntec.co.jp/company/ | https://yamagata-suntec.co.jp/company/outline/ | https://yamagata-suntec.co.jp/company/greeting/,C,0,0,0
株式会社リブエス 本店,https://www.liv-estate.jp,〒017-0045 秋田県大館市中道１,0186-59-4701,,SNS platform + operation service,https://www.liv-estate.jp/pg-owner/ | https://www.liv-estate.jp/company/ | https://www.liv-estate.jp/contact/ | https://www.liv-estate.jp/contact/?companyId=26818,C,0,0,0
株式会社カクシン,https://kakushin.biz,〒106-0041 東京都港区麻布台1,03-6869-5741,,SNS platform + operation service,https://kakushin.biz/member_detail/Michio-Osaki | https://kakushin.biz/service | https://kakushin.biz/service/sales | https://kakushin.biz/service/sales-mindset,C,0,0,0
株式会社FACTORY,https://kiryu-factory.com,〒376-0034 群馬県桐生市東2,0277-32-4138,,SNS運用,https://kiryu-factory.com/ | https://kiryu-factory.com/contact/,C,0,0,0
All Copyrights Reserved. NEW-AD Inc.,https://www.orikomiweb.com,〒166-0004 東京都杉並区阿佐谷南1,03-3314-1513,,SNS platform + operation service,https://www.orikomiweb.com/topics/7188.html | https://www.orikomiweb.com/contact/ | https://www.orikomiweb.com/topics/7598.html | https://www.orikomiweb.com/company/index.html,C,0,0,0
株式会社 まちづくり熊谷,https://www.machi-dukurikumagaya.com,〒360-0024 埼玉県熊谷市問屋町2,048-501-8855,,SNS platform + operation service,https://www.machi-dukurikumagaya.com/category/news/page/2/ | https://www.machi-dukurikumagaya.com/company/ | https://www.machi-dukurikumagaya.com/contact/,C,0,0,0
株式会社ピーアイピー,https://pip-net.co.jp,〒360-0037 埼玉県熊谷市筑波1,048-524-1463,,SNS platform + operation service,https://pip-net.co.jp/company/ | https://pip-net.co.jp/contact/ | https://pip-net.co.jp/contact/,C,0,0,0
株式会社 トチナン,https://k-tochinan.com,〒329-0214 栃木県小山市乙女1,0285-45-8352,,SNS platform + operation service,https://k-tochinan.com/dx/ | https://k-tochinan.com/company/ | https://k-tochinan.com/contact/,C,0,0,0
株式会社Kirari,https://ota9.org,〒359-1162 埼玉県所沢市和ケ原1,04-2907-4564,,SNS運用支援,https://ota9.org/kirari-inc/,C,0,0,0
株式会社メディアパートナー,https://www.media-p.co.jp,〒335-0034 埼玉県戸田市笹目5,048-235-3982,,SNS platform + operation service,https://www.media-p.co.jp/concept.html | https://www.media-p.co.jp/company.html | https://www.media-p.co.jp/access.html | https://www.media-p.co.jp/contact.html,C,0,0,0
株式会社エイエヌオフセット,https://www.anoffset.co.jp,〒175-0081 東京都板橋区新河岸2,03-3938-9811,,SNS platform + operation service,https://www.anoffset.co.jp/service/web.php | https://www.anoffset.co.jp/service/ | https://www.anoffset.co.jp/service/picture.php | https://www.anoffset.co.jp/service/ar.php,C,0,0,0
株式会社T＆C,https://trueformpilates.jp,〒335-0021 埼玉県戸田市新曽5,048-211-6797,,SNS platform + operation service,https://trueformpilates.jp/about/company | https://trueformpilates.jp/ | https://trueformpilates.jp/about/tokusho | https://trueformpilates.jp/about/privacy,C,0,0,0
株式会社 storage green label,https://storage-green.co.jp,〒192-0082 東京都八王子市東町1,06-7176-7214,,SNS platform + operation service,https://storage-green.co.jp/share/share-salon-jam-hachioji/ | https://storage-green.co.jp/company/ | https://storage-green.co.jp/contact/ | https://storage-green.co.jp/group_company/%E6%A0%AA%E5%BC%8F%E4%BC%9A%E7%A4%BEstorage/,C,0,0,0
石巻産業創造株式会社,https://www.iss-net.jp,〒986-0032 宮城県石巻市開成1,0225-98-8782,,SNS運用,https://www.iss-net.jp/guide/ | https://www.iss-net.jp/company/ | https://www.iss-net.jp/access/ | https://www.iss-net.jp/company/,C,0,0,0
エクシム株式会社,https://saitama.pandastudio.tv,〒330-0801 埼玉県さいたま市大宮区土手町1,0120-78-5828,,SNS platform + operation service,https://saitama.pandastudio.tv/?page_id=2,C,0,0,0
x3d株式会社,https://x3d.jp,〒105-0012 東京都港区芝大門2,,,SNS platform + operation service,https://x3d.jp/news/202609-kisarazu-claude-code | https://x3d.jp/services/aidx | https://x3d.jp/services/bpr | https://x3d.jp/services/aidx/instructor-network,C,0,0,0
GOODLIFE TAMA 株式会社グッドライフ多摩,https://goodlife-tama.jp,〒190-0022 東京都立川市錦町2,042-519-3976,,SNS platform + operation service,https://goodlife-tama.jp/service/print-web/ | https://goodlife-tama.jp/service/ | https://goodlife-tama.jp/service/media/ | https://goodlife-tama.jp/service/pr/,C,0,0,0
イリュージョンアーツ株式会社,https://ill-arts.com,〒207-0031 東京都東大和市奈良橋3,,,SNS platform + operation service,https://ill-arts.com/seo-tachikawa.html | https://ill-arts.com/seo-service.html | https://ill-arts.com/about.html | https://ill-arts.com/services.html,C,0,0,0
リ・マスター合同会社,https://www.remaster-1.com,〒192-0913 東京都八王子市北野台2,042-638-8677,,SNS platform + operation service,https://www.remaster-1.com/vision | https://www.remaster-1.com/company | https://web.gogo.jp/re-master/form/contact,C,0,0,0
アンプルール株式会社,https://amp-leur.jp,〒190-0023 東京都立川市柴崎町2,,,SNS platform + operation service,https://amp-leur.jp/service/pr/ | https://amp-leur.jp/company/ | https://amp-leur.jp/service/ | https://amp-leur.jp/service/consulting/,C,0,0,0
セグナ株式会社,https://segna.jp,〒107-0062 東京都港区南青山2,03-4405-6909,,SNS platform + operation service,https://segna.jp/1015access | https://segna.jp/service | https://segna.jp/contact | https://segna.jp/1015access,C,0,0,5
契約ナビゲーションの鎌倉市の株式会社シンクパス,http://www.think-pass.com,〒247-0061 神奈川県鎌倉市台3,090-5284-1578,,SNS platform + operation service,http://www.think-pass.com/company.html | http://www.think-pass.com/contact/,C,0,0,0
株式会社THTマネジメント,https://tama-innovation-ecosystem.jp,〒100-8360 東京都千代田区丸の内3,03-6213-1251,,SNS platform + operation service,https://tama-innovation-ecosystem.jp/tama-area/interview/2648/ | https://tama-innovation-ecosystem.jp/about/ | https://tama-innovation-ecosystem.jp/about/support-list/ | https://tama-innovation-ecosystem.jp/tama-area/tama-company/,C,0,0,0
"Team-Chef, Little World Inc. All Rights Reserved.",https://team-chef.jp,〒150-0013 東京都渋谷区恵比寿2,03-6416-8657,,SNS platform + operation service,https://team-chef.jp/member/machida-miki.php | https://team-chef.jp/about/ | https://team-chef.jp/contact/ | https://team-chef.jp/company/,C,0,0,0
(c) Team Channel Inc. All rights reserved.,https://www.t-c.co.jp,〒150-0043 東京都渋谷区道玄坂1,03-5458-4206,,SNS platform + operation service,https://www.t-c.co.jp/hotpepper/blog/743.html | https://www.t-c.co.jp/hotpepper/ | https://www.t-c.co.jp/company/,C,0,0,0
株式会社タッチスペース,https://touchspace.jp,〒180-0004 東京都武蔵野市吉祥寺本町1,050-3578-2908,,SNSマーケティング / SNS運用,https://touchspace.jp/lp_sns1.html | https://touchspace.jp/qa.html | https://touchspace.jp/fan-lp.html | https://touchspace.jp/lp_bd.html,C,0,0,1
2024 POOL inc. All rights reserved.,https://pool-inc.net,〒190-0014 東京都立川市緑町3,,,SNS platform + operation service,https://pool-inc.net/works/4339 | https://pool-inc.net/about | https://pool-inc.net/contact,C,0,0,0
株式会社TREE,http://www.japangreen.tv,〒248-0012 神奈川県鎌倉市御成町1,,,SNS platform + operation service,http://www.japangreen.tv/company | http://www.japangreen.tv/about_us | http://www.japangreen.tv/contact | http://www.japangreen.tv/company/service,C,0,0,0
フランスベッド株式会社,https://www.francebed.co.jp,〒163-1105 東京都新宿区西新宿6,03-6741-5555,,SNS platform + operation service,https://www.francebed.co.jp/philosophy/ | https://www.francebed.co.jp/company/ | https://www.francebed.co.jp/company/about.html | https://www.francebed.co.jp/company/service.html,C,0,0,0
株式会社MCCマネジメント,https://matsukiyococokara-medical.com,〒101-0062 東京都千代田区神田駿河台4,0120-845-533,,SNS platform + operation service,https://matsukiyococokara-medical.com/opening_information/%E7%94%BA%E7%94%B0%E5%8C%97%E5%8F%A3%E6%B6%88%E5%8C%96%E5%99%A8%E3%83%BB%E5%86%85%E8%A6%96%E9%8F%A1%E5%86%85%E7%A7%91%E3%82%AF%E3%83%AA%E3%83%8B%E3%83%83%E3%82%AF-2025%E5%B9%B49%E6%9C%889%E6%97%A5/ | https://matsukiyococokara-medical.com/contact/ | https://matsukiyococokara-medical.com/regist/ | https://matsukiyococokara-medical.com/company/,C,0,0,0
株式会社フードビジネスロード,https://www.foodbusinessroad.com,〒144-0051 東京都大田区西蒲田 7,03-6424-7832,,SNS platform + operation service,https://www.foodbusinessroad.com/contact-us | https://www.foodbusinessroad.com/about-us | https://www.foodbusinessroad.com/services,C,0,0,0
湘南中央不動産株式会社,https://astlien.co.jp,〒238-0007 神奈川県横須賀市 若松町 1,046-845-6445,,SNS platform + operation service,https://astlien.co.jp/column/fea93e59-5718-40c0-a286-6cabe065d4a3 | https://astlien.co.jp/access/ | https://astlien.co.jp/contact/,C,0,0,0
NANOBRAND合同会社,https://nanobrand.co.jp,〒955-0044 新潟県三条市田島1,0256-55-1165,,SNS platform + operation service,https://nanobrand.co.jp/,C,0,0,0
株式会社リアル Real co.ltd,https://real-co.ltd,〒110-0005 東京都台東区上野1,,,SNS platform + operation service,https://real-co.ltd/,C,0,0,0
新生開発株式会社,https://shinseikaihatu.co.jp,〒933-0871 富山県高岡市駅南3,0766-24-8588,,SNS platform + operation service,https://shinseikaihatu.co.jp/leverage/ | https://shinseikaihatu.co.jp/contact1/ | https://shinseikaihatu.co.jp/contact2/ | https://shinseikaihatu.co.jp/contact3/,C,0,0,0
"会社の商号 ANAあきんど株式会社（ANA Akindo Co., Ltd.）",https://www.ana-akindo.co.jp,〒103-0027 東京都中央区日本橋2,,,SNS platform + operation service,https://www.ana-akindo.co.jp/news/akindo_crownplaza_niigata/ | https://www.ana-akindo.co.jp/company/ | https://www.ana-akindo.co.jp/company/message/ | https://www.ana-akindo.co.jp/company/officer/,C,0,0,0
マルト株式会社,https://marto.co.jp,〒923-0941 石川県小松市城南町1,0761-21-1223,,SNS platform + operation service,https://marto.co.jp/sv-print01.html | https://marto.co.jp/ | https://marto.co.jp/about.html | https://marto.co.jp/company.html,C,0,0,0
MOTTERU Inc. All Right Reserved.,https://motteru.co.jp,〒243-0425 神奈川県海老名市中野2,,,SNS platform + operation service,https://motteru.co.jp/concept/ | https://motteru.co.jp/product/desk_accessories/ | https://motteru.co.jp/product/accessory/ | https://motteru.co.jp/naireservice/,C,0,0,0
株式会社WAYTOGO,https://salonsupport.waytogo.co.jp,〒105-6923 東京都港区虎ノ門4,050-1746-2458,,SNS platform + operation service,https://salonsupport.waytogo.co.jp/,C,0,0,0
合同会社LODE,https://lode.jp,〒401-0303 山梨県南都留郡富士河口湖町浅川1,070-2314-6353,,SNS運用,https://lode.jp/hp-web/fujiyoshida/,C,0,0,0
株式会社傑さく,https://kessaku.jp,〒274-0825 千葉県船橋市前原西2,,,SNS platform + operation service,https://kessaku.jp/company/ | https://kessaku.jp/ | https://kessaku.jp/contact/,C,0,0,0
株式会社P’Sネットワーク,https://corp.psnw.co.jp,〒417-0801 静岡県富士市大渕3,0545-35-7300,,SNS platform + operation service,https://corp.psnw.co.jp/company/profile/ | https://corp.psnw.co.jp/company/ | https://corp.psnw.co.jp/company/philosophy/ | https://corp.psnw.co.jp/company/equipment/,C,0,0,0
"Yappli, Inc.",https://yapp.li,〒106-6241 東京都港区六本木3,03-6866-5730,,SNS platform + operation service,https://yapp.li/seminar/201217_retail_dx.html | https://yapp.li/aboutagreement.html,C,0,0,0
株式会社リビルドホールディングス,https://www.rebuild-jp.com,〒151-0053 東京都渋谷区代々木5,03-6407-8592,,SNS platform + operation service,https://www.rebuild-jp.com/news/ | https://www.rebuild-jp.com/aboutus/ | https://www.rebuild-jp.com/contact/,C,0,0,0
株式会社ニューアド社が運営する交通広告専門サイト：駅ポスター.com,https://eki-poster.com,〒166-0004 東京都杉並区阿佐谷南1,03-3314-1321,,SNS platform + operation service,https://eki-poster.com/kanto/line/tobu/tobu_ashikagashi/ | https://eki-poster.com/kanto/contact/ | https://eki-poster.com/kanto/line/keisei/keisei_naritaskyaccess/ | https://eki-poster.com/kanto/company_profile/,C,0,0,0
まちづくり上田株式会社,https://machizukuriueda.com,〒386-8522 長野県上田市大手1,0268-22-4500,,SNS platform + operation service,https://machizukuriueda.com/brand/ | https://machizukuriueda.com/about/ | https://machizukuriueda.com/contact/,C,0,0,0
合同会社 上田ブランド研究所,https://www.u-brand.jp,〒386-0012 ／長野県上田市中央4,0268-75-8728,,SNS platform + operation service,https://www.u-brand.jp/about | https://www.u-brand.jp/corporate | https://www.u-brand.jp/contact,C,0,0,0
クロスメディアグループ株式会社 クロスメディアHR総合研究所,https://good-companies.jp,〒151-0051 東京都渋谷区千駄ヶ谷4,,,SNS platform + operation service,https://good-companies.jp/2023/09/27/epson/ | https://good-companies.jp/about/ | https://good-companies.jp/contact/ | https://good-companies.jp/company-info/,C,0,0,0
株式会社 寺子屋,https://terakoya-iida.com,〒395-0003 長野県飯田市上郷別府2,0265-24-2036,,SNS platform + operation service,https://terakoya-iida.com/ | https://terakoya-iida.com/price/ | https://terakoya-iida.com/contact/ | https://terakoya-iida.com/survises/,C,0,0,0
2023 Meitoumokuzai Inc.,https://www.meitoumokuzai.com,〒476-0011 愛知県東海市富木島町池下1,052-603-5216,,SNS platform + operation service,https://www.meitoumokuzai.com/company/company-profile/000001.html | https://www.meitoumokuzai.com/company/ | https://www.meitoumokuzai.com/company/company-profile/ | https://www.meitoumokuzai.com/company/environmental-activities/,C,0,0,0
株式会社テンポスフィナンシャルトラスト,https://www.tenpos-ft.com,〒110-0006 東京都台東区秋葉原3,03-3525-4070,,SNS platform + operation service,https://www.tenpos-ft.com/example/20250109/5298/ | https://www.tenpos-ft.com/contact/ | https://www.tenpos-ft.com/contact-ch/ | https://www.tenpos-ft.com/company/,C,0,0,0
株式会社サービスマーケティング,https://s-mkg.com,〒112-0012 東京都文京区大塚２,03-3941-5639,,SNS platform + operation service,https://s-mkg.com/solution.html | https://s-mkg.com/ | https://s-mkg.com/contact.html,C,0,0,0
(C) 2026 IDOM Inc.,https://idom-inc.com,〒100-7026 東京都千代田区丸の内二丁目,,,SNS platform + operation service,https://idom-inc.com/news/notice/page/5/ | https://idom-inc.com/ir/ | https://idom-inc.com/ir/company/ | https://idom-inc.com/ir/company/message/,C,0,0,0
社名 株式会社名鉄犬山ホテル,https://www.m-inuyama-h.co.jp,〒484-0081 愛知県犬山市犬山富士見町1,0568-54-3111,,SNS platform + operation service,https://www.m-inuyama-h.co.jp/activity/72/ | https://www.m-inuyama-h.co.jp/access/ | https://www.m-inuyama-h.co.jp/company/ | https://www.m-inuyama-h.co.jp/contact/,C,0,0,0
木野瀬印刷株式会社,https://www.kinose.co.jp,〒486-0958 愛知県春日井市西本町三丁目,0568-31-3118,,SNS platform + operation service,https://www.kinose.co.jp/service.html | https://www.kinose.co.jp/company.html | https://www.kinose.co.jp/contact.html,C,0,0,0
株式会社田中組,https://kktanaka.com,〒417-0057 静岡県富士市瓜島町8,0545-21-2237,,SNS運用,https://kktanaka.com/work/work-215/ | https://kktanaka.com/profile/ | https://kktanaka.com/estate/ | https://kktanaka.com/inquiry/,C,0,0,0
株式会社ベルティス,https://www.vertice.ne.jp,〒700-0944 岡山県岡山市南区泉田4,086-242-0630,,SNS platform + operation service,https://www.vertice.ne.jp/company/overview/ | https://www.vertice.ne.jp/company/message/ | https://www.vertice.ne.jp/company/philosophy/ | https://www.vertice.ne.jp/company/history/,C,0,0,0
株式会社 南信州観光公社,https://www.mstb.jp,〒395-0001 長野県飯田市座光寺3,0265-49-4737,,SNS platform + operation service,https://www.mstb.jp/link/ | https://www.mstb.jp/about/ | https://www.mstb.jp/contact/ | https://www.mstb.jp/access/,C,0,0,0
株式会社東海道シグマ 教育事業部,https://iwata-de.com,〒420-0857 静岡県静岡市葵区御幸町8,0120-034-036,,SNS platform + operation service,https://iwata-de.com/corporate/ | https://iwata-de.com/corporatemenu/ | https://iwata-de.com/corporate/c194/ | https://iwata-de.com/corporate/c193/,C,0,0,0
Wao!net -株式会社ワオネット,http://www.wao.or.jp,〒611-0021 京都府宇治市宇治池森2,0774-39-8634,,SNS platform + operation service,http://www.wao.or.jp/wao/system.html | http://www.wao.or.jp/wao/company.html | http://www.wao.or.jp/wao/inquiry.html | http://www.wao.or.jp/wao/stipulation.html,C,0,0,0
合同会社Coming True,https://www.comingtrue.jp,〒410-0801 静岡県沼津市大手町5,055-951-5500,,SNS platform + operation service,https://www.comingtrue.jp/ | https://www.comingtrue.jp/service/ | https://www.comingtrue.jp/company/ | https://www.comingtrue.jp/contact/,C,0,0,2
株式会社クレバリュー,http://www.crevalue.net,〒150-0011 東京都渋谷区東4,06-4707-7488,,SNS platform + operation service,http://www.crevalue.net/service/ec-consulting.html | http://www.crevalue.net/company/index.html | http://www.crevalue.net/contact/index.html | http://www.crevalue.net/service/index.html,C,0,0,0
unitedworks 株式会社ユナイテッドワークス,https://www.unitedworks.co.jp,〒450-6321 愛知県名古屋市中村区名駅1,052-856-0482,,SNS platform + operation service,https://www.unitedworks.co.jp/company/,C,0,0,0
株式会社アールジャパン,https://logi.rjapan.co.jp,〒451-0042 愛知県名古屋市西区那古野2,052-414-4588,,SNS platform + operation service,https://logi.rjapan.co.jp/lp/2302a-2/company.html | https://logi.rjapan.co.jp/,C,0,0,0
株式会社,https://www.pritech-group.jp,〒445-0811 愛知県西尾市道光寺町山田 1,0563-55-0707,,SNS platform + operation service,https://www.pritech-group.jp/company/overview/ | https://www.pritech-group.jp/solution/ | https://www.pritech-group.jp/company/ | https://www.pritech-group.jp/contact/,C,0,0,0
シックス・アパート株式会社 （英語表記 ： Six Apart Ltd.）,https://www.sixapart.jp,〒101-0051 東京都千代田区神田神保町3,03-6261-4640,,SNS platform + operation service,https://www.sixapart.jp/business/w_movable_type_283.html | https://www.sixapart.jp/products/ | https://www.sixapart.jp/inquiry/ | https://www.sixapart.jp/about/,C,0,0,0
有限会社ポータル,http://portal-dev.info,〒596-0816 大阪府岸和田市尾生町１,072-424-9970,,SNS platform + operation service,http://portal-dev.info/consulting/index.html | http://portal-dev.info/contact/contact.html | http://portal-dev.info/consulting/log_analyse.html,C,0,0,0
株式会社ラズーム,https://www.razoom.net,〒540-0026 大阪府大阪市中央区内本町1,06-6314-6397,,SNS platform + operation service,https://www.razoom.net/web-consultants/ | https://www.razoom.net/web-consultants/contact.html | https://www.razoom.net/web-consultants/services.html | https://www.razoom.net/web-consultants/company.html,C,0,0,0
"株式会社エム・エヌ・シー MNC Co.,Ltd",https://www.mnc-ad.com,〒103-0013 東京都中央区日本橋人形町1,06-6241-1378,,SNS platform + operation service,https://www.mnc-ad.com/company/ | https://www.mnc-ad.com/service/ | https://www.mnc-ad.com/contact/ | https://www.mnc-ad.com/company/privacy.html,C,0,0,0
株式会社アクセスグループ・ホールディングス,https://www.access-t.co.jp,〒150-0002 東京都渋谷区渋谷２,03-5774-2310,,SNS platform + operation service,https://www.access-t.co.jp/pg/adp/campaign/ | https://www.access-t.co.jp/pg/ | https://www.access-t.co.jp/esg/governance.html,C,0,0,0
株式会社ジオニックプラス,https://www.geonic.jp,〒615-0872 京都府京都市右京区西京極南衣手町2,075-312-6811,,SNS platform + operation service,https://www.geonic.jp/seminar/ | https://www.geonic.jp/company/ | https://www.geonic.jp/about/ | https://www.geonic.jp/cloud/,C,0,0,0
2026 AZEL INC. All Rights Reserved.,https://www.azel.co.jp,〒565-0842 大阪府吹田市千里山東2,,,SNSマーケティング,https://www.azel.co.jp/,C,0,0,0
日広株式会社,https://www.hansoku-ichiba.com,〒581-0038 大阪府八尾市若林町2,072-948-1151,,SNS platform + operation service,https://www.hansoku-ichiba.com/profile/index.html | https://www.hansoku-ichiba.com/contact/index.html,C,0,0,0
2024 projectline Inc.,https://www.projectline.co.jp,〒770-8079 徳島県徳島市八万町大坪2,06-6543-3020,,SNS platform + operation service,https://www.projectline.co.jp/ | https://www.projectline.co.jp/company.html | https://www.projectline.co.jp/contact.php,C,0,0,0
合同会社Linkit,https://www.linkit2019.com,〒581-0038 大阪府八尾市若林町3,06-6703-2528,,SNS platform + operation service,https://www.linkit2019.com/services/boost-up | https://www.linkit2019.com/about | https://www.linkit2019.com/business | https://www.linkit2019.com/company,C,0,0,3
株式会社グッドフェローズ,https://goodf.co.jp,〒180-0004 東京都武蔵野市吉祥寺本町1,0422-27-8701,,SNS platform + operation service,https://goodf.co.jp/blog/message/1875/ | https://goodf.co.jp/business/ | https://goodf.co.jp/business/support/ | https://goodf.co.jp/company/,C,0,0,0
株式会社リボン,https://ribbon-reborn.com,〒939-0341 富山県射水市三ケ2,0766-57-0808,,SNS platform + operation service,https://ribbon-reborn.com/news/4383/ | https://ribbon-reborn.com/akichi-akiya-management/ | https://ribbon-reborn.com/company/ | https://ribbon-reborn.com/contact/,C,0,0,0
サンビット株式会社,https://www.sunbit.co.jp,〒812-0012 福岡県福岡市博多区博多駅中央街5,092-260-7261,,SNS platform + operation service,https://www.sunbit.co.jp/robotics-integration/ | https://www.sunbit.co.jp/about/ | https://www.sunbit.co.jp/ | https://www.sunbit.co.jp/company/,C,0,0,0
株式会社オーエーナイン,https://www.oa-9.com,〒160-0022 東京都新宿区新宿3,0120-090-949,,SNS platform + operation service,https://www.oa-9.com/jirei/general-office/1622/ | https://www.oa-9.com/contact/ | https://www.oa-9.com/company/ | https://www.oa-9.com/service/,C,0,0,0
Sankei Digital Inc.,https://www.sankei-digital.co.jp,〒100-8077 東京都千代田区大手町 1,,,SNS platform + operation service,https://www.sankei-digital.co.jp/topic-12643/ | https://www.sankei-digital.co.jp/corporate/ | https://www.sankei-digital.co.jp/corporate/ | https://www.sankei-digital.co.jp/contact_works-case/,C,0,0,0
株式会社BRIZE All Rights Reserved.,https://brize-inc.com,〒661-0979 兵庫県尼崎市上坂部1,06-6947-0541,,SNS platform + operation service,https://brize-inc.com/ | https://brize-inc.com/company.php | https://brize-inc.com/service.php | https://brize-inc.com/contact/,C,0,0,0
ソニービズネットワークス株式会社,https://biz.nuro.jp,〒150-0043 東京都渋谷区道玄坂1,0120-963-350,,SNS platform + operation service,https://biz.nuro.jp/case/gotop/ | https://biz.nuro.jp/service/nuroaccess-10g/feature/ | https://biz.nuro.jp/about/ | https://biz.nuro.jp/service/,C,0,0,0
株式会社稲沢商会,https://inasho.com,〒492-8142 愛知県稲沢市長野2,0120-173-414,,SNS platform + operation service,https://inasho.com/solution/solution-inventory/ | https://inasho.com/service/ | https://inasho.com/company/ | https://inasho.com/contact/,C,0,0,0
株式会社ナカハラプリンテックス,http://www.npweb.com,〒750-0067 山口県下関市大和町2,083-266-4601,,SNS platform + operation service,http://www.npweb.com/nakahara/kaisyagaiyou.html | http://www.npweb.com/nakahara/product_ticket.html | http://www.npweb.com/nakahara/printing-service.html | http://www.npweb.com/nakahara/salessupport.html,C,0,0,0
合同会社つなげる,https://tunageru.co.jp,〒615-0925 京都府京都市右京区梅津大繩場町6,,,SNS platform + operation service,https://tunageru.co.jp/,C,0,0,0
株式会社フォーバルアスカ（FORVAL ASUKA）,https://www.forval-asuka.co.jp,〒630-8451 奈良県奈良市北之庄町7,0742-61-0721,,SNS platform + operation service,https://www.forval-asuka.co.jp/sales/ | https://www.forval-asuka.co.jp/contact/ | https://www.forval-asuka.co.jp/company/,C,0,0,0
合同会社 SOZO STADIUM,https://sozo-std.com,〒665-0876 兵庫県宝塚市中山台1,090-3033-3916,,SNS platform + operation service,https://sozo-std.com/service | https://sozo-std.com/company | https://sozo-std.com/contact,C,0,0,0
合同会社CREA-DESIGN,https://www.crea-design.co,〒708-0007 岡山県津山市総社1,090-3631-1106,,SNS platform + operation service,https://www.crea-design.co/,C,0,0,0
株式会社アピオン,https://www.apionet.or.jp,〒682-0023 鳥取県倉吉市山根5,0858-26-7272,,SNS platform + operation service,https://www.apionet.or.jp/company/ | https://www.apionet.or.jp/company/recruit.html | https://www.apionet.or.jp/company/mvv.html | https://www.apionet.or.jp/company/dx.html,C,0,0,0
株式会社エヌ・アイ・プランニング,https://www.niplanning.jp,〒630-0201 奈良県生駒市小明町4,0743-73-8877,,SNS platform + operation service,https://www.niplanning.jp/results_cat/product/ | https://www.niplanning.jp/about/ | https://www.niplanning.jp/company/ | https://www.niplanning.jp/localism/,C,0,0,0
2026 Claris International Inc.,https://www.claris.com,〒106-6140 東京都港区六本木 6,0120-983-878,,SNS platform + operation service,https://www.claris.com/ja/blog/2022/storage | https://www.claris.com/ja/company/ | https://www.claris.com/ja/company/legal/terms.html | https://www.claris.com/ja/company/legal/privacy.html,C,0,0,0
ティンク株式会社,https://www.twinkweb.com,〒720-2106 広島県福山市神辺町十九軒屋2,084-960-5521,,SNS platform + operation service,https://www.twinkweb.com/ | https://www.twinkweb.com/twinkweb/company/index.html | https://www.twinkweb.com/twinkweb/contact/index.html,C,0,0,0
赤坂印刷株式会社本社内,https://aic-ymg.com,〒746-0105 山口県周南市馬神8,,,SNS platform + operation service,https://aic-ymg.com/service.html | https://aic-ymg.com/about.html | https://aic-ymg.com/contact.html,C,0,0,0
"広島県のデザイン制作&印刷会社,MPCグループ,三好印刷株式会社,株式会社メディアーツ",https://mpc-group.co.jp,〒722-0034 広島県尾道市十四日元町４,0848-62-2022,,SNS platform + operation service,https://mpc-group.co.jp/mediarts.html | https://mpc-group.co.jp/company.html | https://mpc-group.co.jp/service.html | https://mpc-group.co.jp/contact.html,C,0,0,0
GRAPH株式会社 広告制作・代理店 福岡,http://www.graph.co.jp,〒811-1343 福岡県福岡市南区和田4,092-555-7346,,SNS platform + operation service,http://www.graph.co.jp/,C,0,0,0
株式会社トランスワード,https://www.trw.co.jp,〒658-0032 兵庫県神戸市東灘区向洋町中6,078-858-6037,,SNS platform + operation service,https://www.trw.co.jp/page6.htm,C,0,0,0
株式会社スジヤ,http://www.sujiya.co.jp,〒794-0018 愛媛県今治市本町3,0898-32-4444,,SNS platform + operation service,http://www.sujiya.co.jp/page146 | http://www.sujiya.co.jp/page149 | http://www.sujiya.co.jp/form,C,0,0,0
株式会社岩国城下町サロン,https://iw-jyoukamachi.com,〒741-0062 山口県岩国市岩国1,0827-28-6600,,SNS platform + operation service,https://iw-jyoukamachi.com/about-us/ | https://iw-jyoukamachi.com/contact/,C,0,0,0
株式会社アースリンク,https://www.earthlink.co.jp,〒745-0034 山口県周南市御幸通2,042-355-8025,,SNS platform + operation service,https://www.earthlink.co.jp/end_event/9586/ | https://www.earthlink.co.jp/services/ | https://www.earthlink.co.jp/company/ | https://www.earthlink.co.jp/contact/,C,0,0,0
株式会社ケーブルテレビあなん,https://www.tv-anan.jp,〒774-0045 徳島県阿南市宝田町今市 イシン坊2,0120-088-377,,SNS platform + operation service,https://www.tv-anan.jp/cm/ | https://www.tv-anan.jp/price/ | https://www.tv-anan.jp/contact/ | https://www.tv-anan.jp/price/,C,0,0,0
株式会社スマートバリュー,https://www.smartvalue.ad.jp,〒541-0052 大阪府大阪市中央区安土町3,06-6227-5577,,SNS platform + operation service,https://www.smartvalue.ad.jp/news/6078/ | https://www.smartvalue.ad.jp/company/ | https://www.smartvalue.ad.jp/company/greeting/ | https://www.smartvalue.ad.jp/company/officer/,C,0,0,0
2022 JR Shikoku Marketing & Advertising Inc.,https://www.jr-shikoku.co.jp,〒760-0011 香川県高松市浜ノ町8,087-851-6885,,SNS platform + operation service,https://www.jr-shikoku.co.jp/jr-kikaku/works/ | https://www.jr-shikoku.co.jp/jr-kikaku/business/ | https://www.jr-shikoku.co.jp/jr-kikaku/works/about.html | https://www.jr-shikoku.co.jp/jr-kikaku/company/,C,0,0,0
株式会社HKオフィス,https://www.hk-office.co.jp,〒862-0903 熊本県熊本市東区若葉1,096-368-6313,,SNS platform + operation service,https://www.hk-office.co.jp/service/web_production/index.html | https://www.hk-office.co.jp/index.html | https://www.hk-office.co.jp/contact/index.html | https://www.hk-office.co.jp/contact/privacy/index.html,C,0,0,0
株式会社オールアバウト ライフマーケティング,https://www.lifemarketing.co.jp,〒150-0022 東京都渋谷区恵比寿南一丁目,03-6362-0810,,SNS platform + operation service,https://www.lifemarketing.co.jp/information/20260730_1.html | https://www.lifemarketing.co.jp/service.html | https://www.lifemarketing.co.jp/about.html | https://www.lifemarketing.co.jp/company.html,C,0,0,0
TOHOマーケティング株式会社,https://www.toho-marketing.jp,〒100-0006 東京都千代田区有楽町二丁目,,,SNS platform + operation service,https://www.toho-marketing.jp/works/kiminoiro-sasebo/ | https://www.toho-marketing.jp/services/ | https://www.toho-marketing.jp/aboutus/ | https://www.toho-marketing.jp/contact/,C,0,0,0
株式会社ハラプレックス,https://www.haraplex.co.jp,〒799-1594 愛媛県今治市喜田村1,0898-48-5511,,SNS platform + operation service,https://www.haraplex.co.jp/product/ | https://www.haraplex.co.jp/company/ | https://www.haraplex.co.jp/company/credo.html | https://www.haraplex.co.jp/company/office.html,C,0,0,0
1984年 商号を仁田ソイロック株式会社に変更,https://www.nita.co.jp,〒771-0122 徳島県徳島市川内町鈴江西3,088-665-5550,,SNS platform + operation service,https://www.nita.co.jp/project/ | https://www.nita.co.jp/company/ | https://www.nita.co.jp/company/profile/ | https://www.nita.co.jp/company/philosophy/,C,0,0,0
株式会社よかネット,https://yokanet.com,〒101-0032 東京都千代田区岩本町3,092-283-2121,,SNS platform + operation service,https://yokanet.com/staff/ys_43/ | https://yokanet.com/access/ | https://yokanet.com/company/,C,0,0,0
株式会社テイクファイブ,https://www.take5-net.jp,〒870-0006 大分県大分市王子中町1,097-537-2525,,SNS platform + operation service,https://www.take5-net.jp/3_1_1_results.html,C,0,0,0
株式会社CUBE,https://www.v-o-m.jp,〒870-0173 大分県大分市公園通り5,097-511-4108,,SNS platform + operation service,https://www.v-o-m.jp/about.html | https://www.v-o-m.jp/contact.html | https://www.v-o-m.jp/services.html | http://www.v-o-m.jp/light/,C,0,0,0
株式会社ジキヤ,https://jikiya.jp,〒885-0004 宮崎県都城市都北町1,0986-77-0116,,SNS platform + operation service,https://jikiya.jp/ | https://jikiya.jp/about/ | https://jikiya.jp/contact/ | https://jikiya.jp/contact/,C,0,0,0
THE FINAL VIEW INC.2010,http://beppupu.com,〒874-8558 大分県別府市北浜2,,,SNS platform + operation service,http://beppupu.com/project/index.html | http://beppupu.com/about/index.html | http://beppupu.com/contact/index.html,C,0,0,0
U-PROMO（株式会社ユープロモ）,https://u-promo.net,〒900-0022 沖縄県那覇市樋川1,080-6483-3227,,SNS platform + operation service,https://u-promo.net/chirashi_other/flyer_other.html | https://u-promo.net/,C,0,0,0
株式会社たらみ,https://www.tarami.co.jp,〒105-0004 東京都港区新橋5,095-839-1111,,SNS platform + operation service,https://www.tarami.co.jp/saiyo/works/marketing.html | https://www.tarami.co.jp/saiyo/ | https://www.tarami.co.jp/saiyo/about/ | https://www.tarami.co.jp/saiyo/company/,C,0,0,0
株式会社 まるごとオフィス,https://www.fanterview.net,〒160-0022 東京都新宿区新宿1,03-6825-5900,,SNS platform + operation service,https://www.fanterview.net/interview/5717/ | https://www.fanterview.net/contact/ | https://www.fanterview.net/company/ | https://www.fanterview.net/about/,C,0,0,0
株式会社グローバルリンク,https://www.gl-link.co.jp,〒901-2127 沖縄県浦添市屋富祖3,,,SNS platform + operation service,https://www.gl-link.co.jp/?page_id=1992 | https://www.gl-link.co.jp/?page_id=3360 | https://www.gl-link.co.jp/?page_id=1999 | https://www.gl-link.co.jp/?page_id=2053,C,0,0,0
株式会社ワイオーユー,https://www.you-group.co.jp,〒107-0062 東京都港区南青山1,03-5775-2297,,SNSマーケティング,https://www.you-group.co.jp/company/ | https://www.you-group.co.jp/service/ | https://www.you-group.co.jp/contact/,C,0,0,0
株式会社ことろど,https://www.miyakonjob.jp,〒887-0014 宮崎県日南市岩崎2,0986-22-2852,,SNS platform + operation service,https://www.miyakonjob.jp/blog/column/280 | https://www.miyakonjob.jp/about | https://www.miyakonjob.jp/contact/entry | https://www.miyakonjob.jp/company/login,C,0,0,0
株式会社 ヒラヤマ,https://hirayama.co.jp,〒901-0225 沖縄県豊見城市字豊崎3,098-995-6233,,SNS platform + operation service,https://hirayama.co.jp/glry_poster_04.html | https://hirayama.co.jp/contact.html | https://hirayama.co.jp/company.html | https://hirayama.co.jp/company/message.html,C,0,0,0
2026 Coraleon Inc.ALL RIGHT RESERVED,https://coraleon.co.jp,〒904-0004 沖縄県沖縄市中央１,,,SNS platform + operation service,https://coraleon.co.jp/ | https://coraleon.co.jp/about | https://coraleon.co.jp/service | https://coraleon.co.jp/contact,C,0,0,0
ユーミーコーポレーション株式会社 英語表記 You&Me Corporation,https://reform.you-me.co.jp,〒890-0008 鹿児島県鹿児島市伊敷一丁目,099-220-5750,,SNS platform + operation service,https://reform.you-me.co.jp/topics/4270/ | https://reform.you-me.co.jp/contact/ | https://reform.you-me.co.jp/about/ | https://reform.you-me.co.jp/contact/,C,0,0,0
2020 MQUA Inc. All Rights Reserved.,https://press.portal-th.com,〒787-0027 高知県四万十市中村天神橋2,0880-34-8182,,SNS platform + operation service,https://press.portal-th.com/archives/48451,C,0,0,0
