company_name,url,result
COMPANY,https://www.headroom.jp/company/,kept
この簡易版検索結果ページについて,https://support.yahoo-net.jp/PccSearch/s/article/H000011627,no_sns_service
プライバシーポリシー,https://www.lycorp.co.jp/ja/company/privacypolicy/,kept
専門家データベース【 マーケティング 】,https://www.iis-net.or.jp/senmonkaDB/market.html,kept
プライバシーセンター,https://privacy.lycorp.co.jp/ja/,no_sns_service
Graphic事業,https://iwoum.com/graphic/,kept
FUNC,https://showcase.studio.design/ja/website/func,no_sns_service
クリエイターインタビュー,https://note.lancerunit.jp/m/mcee2046a97ff/hashtag/256523,no_company
検索結果への広告掲載,https://www.lycbiz.com/jp/service/yahoo-ads/search_results,no_address
会社 概要,https://www.priodep.com/about/,kept
私たちについて,https://twentyinc.co.jp/about/,no_sns_service
株式 会社 いろや 詳細ページ,https://tsunaweb.book.mynavi.jp/tsunaweb/company/detail/id=1368,no_address
br /> つくば市 新事業となる店舗「融点」が市役所内にて6月27日 ...,https://www.heralbony.jp/topics/2440,kept
つくば市 若手・担い手農業者交流サロン「 SNS 実践講座」をつくば ...,https://go2senkyo.com/seijika/194216/posts/952687,no_address
会社 概要,https://gracekikaku.net/contact/%E4%BC%9A%E7%A4%BE%E6%A6%82%E8%A6%81/,kept
design,https://ichien.asia/index.php?design,kept
情報発信 支援,https://www.city.tsukuba.lg.jp/soshikikarasagasu/keizaibusangyoshinkoka/gyomuannai/3/2/2/1011815.html,no_sns_service
生物機能利用研究部門:アクセス,https://www.naro.go.jp/laboratory/nias/introduction/access.html,no_sns_service
関東で唯一有機いちごの栽培を行う企業！】ふるさと納税商品の ...,https://talent.direct.hipro-job.jp/talent/issue/14227/,no_sns_service
サービス,https://www.ictop.jp/service/,kept
導入事例,http://ibignet.com/?cat=2,kept
営業戦略部事務事業概要,https://www.pref.ibaraki.jp/soshiki/eigyo/documents/r8gaiyou_eigyou.pdf,fetch_failed
つくば市,https://iju-ibaraki.jp/area/tsukuba/,no_sns_service
新卒 採用,https://careerplus-tsukuba.com/shinsotsu.html,kept
【 つくば みらい市PRショート動画を公開！】,https://www.city.tsukubamirai.lg.jp/miraidaira-shimin-center/machidukuri/event-kouza/page006899.html,no_sns_service
株式 会社 アキュラホームの 採用 動画,https://reclive.jp/p/87,kept
株式会社eマーケティング,https://meetsmore.com/p/aJrib_dmUDavODho/owned-media-development,no_address
有価証券報告書,https://disclosure2dl.edinet-fsa.go.jp/searchdocument/pdf/S100BTBN.pdf,fetch_failed
アクシオンリサーチ株式会社の共創プロフィール,https://auba.eiicon.net/projects/11660,no_sns_service
店舗 ・施設の 集客 を強化する「MEO対策の秘訣」勉強会 〜Google ...,https://luma.com/xsx6ef94,no_address
茨城県 つくば みらい市事例,https://service.logosware.com/flipper/voice/tsukubamirai/,no_sns_service
独自のとりくみ,https://www.drug39.co.jp/company/c_efforts.html,no_sns_service
専門家登録者名簿,https://www.bic-akita.or.jp/uploads/File/%E5%B0%82%E9%96%80%E5%AE%B6%E6%B4%BE%E9%81%A3/210201_%E5%85%AC%E9%96%8B%E7%94%A8%E5%90%8D%E7%B0%BF.pdf,fetch_failed
東京国際フォーラム（東京・有楽町）,https://fit-tokyo.nikkin.co.jp/common/pdf/fit2024/FIT2024%E3%82%AC%E3%82%A4%E3%83%89%E3%83%96%E3%83%83%E3%82%AF.pdf,fetch_failed
株式 会社 アンバーブック,https://baseconnect.in/companies/b4c18467-b7d3-4024-8325-189ea0aedd65,kept
事業内容,https://www.frontier-gate.com/business,kept
パイプド HD,https://www.fisco.co.jp/wordpress/wp-content/uploads/pipedohd20181030.pdf,fetch_failed
募集・管理 桂不動産に お任せください,https://www.katsurahome.co.jp/wp-content/uploads/2026/01/00_PD-leaf_202601.pdf,fetch_failed
つくば ベンチャー協会,https://civicpower.jp/tva/,no_address
「iias（イーアス） つくば 」オープン,https://www.daiwahouse.co.jp/release/20080829115007.html,fetch_failed
カスミ、富士通、ADKが デジタル サイネージを活用した新たな店頭 ...,https://info.archives.global.fujitsu/jp/news/2008/10/30-1.html,no_address
中小商業や 商店 街の活性化を図るためには,https://ami-shoko.com/wp-content/uploads/2019/03/20180911_43-0.pdf,fetch_failed
デジタル 田園健康特区、連携“絆”特 区等における先端的サー,https://www.chisou.go.jp/tiiki/kokusentoc/supercity/pdf/supercity_260529_saitakukekka.pdf,fetch_failed
とっておきの,https://www.tsukuba-cci.or.jp/files/tsukubasangyoufea.pdf,fetch_failed
つくば市 行政組織規則,https://www1.g-reiki.net/tsukuba/reiki_honbun/e019RG00001114.html,no_address
茨城県 つくば市 のデザイン 会社 MPG,https://www.m-planet-design.com/company/index.html,kept
アディスミューズ 北関東営業所,https://www.addismuse.co.jp/company/network/area_kitakanto/,no_sns_service
BearTail、凸版 印刷 と共同で企業のマーケティング活動を 支援 する新 ...,https://corp.tokium.jp/news/article-1076/,no_address
おりいろ,https://oriiro.design/,no_company
会社 概要,https://www.hosodakousan.co.jp/rent/about/company/index.html,no_sns_service
とも家事」認知度向上 デジタルプロモーション 業務委託公募 ...,https://www.pref.tochigi.lg.jp/c07/tomokaji_digitalpromotion_qa.html,kept
メディア,https://curiver.com/media/,kept
宇都宮市 職員採用 デジタル マーケティング業務の公募型 ...,https://www.city.utsunomiya.lg.jp/sangyo/nyusatsu/koubo/1036144.html,kept
宇都宮市 との官民協働によるVR制作活動の 企画 ・実施,https://mediadevelopment.mori.co.jp/case_study/case21.html,no_sns_service
宇都宮PR サポーター企業,https://u-pride100.com/supporter/,no_address
宇都宮市 と PR TIMES が連携協定 宇都宮の魅力発信・発信力強化で ...,https://finance-frontend-pc-dist.west.edge.storage-yahoo.jp/disclosure/20260717/20260717595784.pdf,fetch_failed
企業情報,https://mainichieiga.co.jp/company/,no_sns_service
帝京大学と山田進太郎D&I財団、中高生女子のSTEM(理系)人材の ...,https://shinfdn.org/post/QH80txUM,no_sns_service
(有)リストリクト【ARKnets】の2027年度 会社 概要,https://job.mynavi.jp/28/pc/search/corp278287/outline.html,no_address
つくば市 凸版、アスコエパートナーと共同開発のスマートシティ ...,https://www.newprinet.co.jp/%E3%81%A4%E3%81%8F%E3%81%B0%E5%B8%82%E3%80%80%E5%87%B8%E7%89%88%E3%80%81%E3%82%A2%E3%82%B9%E3%82%B3%E3%82%A8%E3%83%91%E3%83%BC%E3%83%88%E3%83%8A%E3%83%BC%E3%81%A8%E5%85%B1%E5%90%8C%E9%96%8B%E7%99%BA,kept
スーパースマートシティ 宇都宮 体験型特設サイト,https://aqua-star.co.jp/works/SSC_site/,kept
【扉の先は、発想の異世界】 宇都宮 駅徒歩13分 アイデア創出が加速 ...,https://adv.tokyo-np.co.jp/prtimes/article52223/,no_sns_service
STRENGTHSシーデーピージャパンの強み,https://www.cdpjp.com/company/strengths/,kept
お知らせ,https://commuh.com/information/170,kept
AIエージェント、動画生成AIスマートアバターシリーズの研究・開発 ...,https://f-bond.co.jp/press_release/index.php,no_address
材料はそろってる？,https://www.event-marketing.co.jp/wp-content/uploads/2019/05/09go_web-min.pdf,fetch_failed
第17期定時株主総会招集ご通知,https://production-mkdd-news.s3.ap-northeast-1.amazonaws.com/urn%3Anewsml%3Atdnet.info%3A20210609444920/140120210609444920.pdf,fetch_failed
宇都宮 市立東図書館との連携セミナー「その SNS 運用合っています ...,https://tochigi-yorozu.go.jp/info/10715/,kept
ENGINA エンジーナ: 栃木のWebサイト制作・Webシステム開発 ...,https://engina.jp/,no_company
運営委員紹介,https://utsunomiya-ventures.com/support,no_sns_service
年間30万人を集客する観光いちご農園現地視察セミナー,https://www.funaisoken.co.jp/seminar/108214,no_address
ウェブAR付きポスターとチラシで訴求力アップ。 宇都宮 の地域 ...,https://less-ar.jp/media/case/miyalabo,no_address
【プレスリリース】サッポロライオンがビヤガーデンを本格開店 ...,https://www.ebica.jp/news/press/sapporolion-aireception/,no_address
【 宇都宮 西店】限定2区画！土地販売会／ 宇都宮 市野沢町,https://www.ie-miru.jp/cms/yoyaku/ehutsunomiyanishi/events/120111/reserve_time?date=2026-04-06,no_sns_service
真岡市複合交流施設 monaca 様,https://tmipstudio.com/case/monaca-moka-website-2025,no_sns_service
宇都宮商工会議所 「令和7（2025）年度 宇都宮市 への予算化 ...,https://www.u-cci.or.jp/wp/wp-content/uploads/2025/06/R7%E5%B8%82%E4%BA%88%E7%AE%97%E5%8C%96%E3%81%8A%E3%82%88%E3%81%B3%E6%8E%AA%E7%BD%AE%E8%A6%81%E6%9C%9B%E5%9B%9E%E7%AD%94%E6%9B%B8.pdf,fetch_failed
ホームぺージ制作,https://t-unique.jp/hp_seisaku/,no_company
デジタル サイネージを活用したプロモーションが足利銀行で採用,https://www.kyodoprinting.co.jp/release/2018/20180410-2297.html,no_address
デジタル サイネージの事なら、株式会社ハイクオリティにお任せ ...,https://h-quality-signage.com/,no_address
PROFILE SHEET 宮地 アンガス,https://www.cao.go.jp/cool_japan/cjproducer/r6_cjp_no26.pdf,fetch_failed
株式 会社 ベルモール様ご活用事例,https://www.glico.com/jp/business/sp/case/case37.html,no_sns_service
株式 会社 五光 宇都宮 店,https://www.signboard-navi.com/113tochigi/10286341255.html,kept
群馬・ 高崎 の WEB 制作・映像制作・ デザイン会社,https://n-suppo.com/,kept
予約 管理 システム デピザーブ導入事例,https://renaissance-gt.jp/case/depserve/,no_sns_service
シューズショップ POSレジ,https://systemdesignworks.co.jp/works/e382b7e383a5e383bce382bae382b7e383a7e38383e38397pose383ace382b8e38080,no_sns_service
【求職者支援訓練受講生募集情報】 群馬県6月19日開講コース,https://www.jeed.go.jp/location/shibu/gunma/f41obh0000004cy7-att/a1772688153026.pdf,fetch_failed
株式 会社 至誠堂,https://www.bizloop.jp/m447228/s1/,no_sns_service
七字 卓馬,https://designart-works.pref.gunma.jp/creator/590/,no_address
群馬県 高崎市 シティ プロモーション 2024,http://www.takasakiweb.jp/tcp/,kept
群馬県前橋市にある株式 会社 ステッチです。,https://e-stitch.jp/%E7%BE%A4%E9%A6%AC%E7%9C%8C%E5%89%8D%E6%A9%8B%E5%B8%82%E3%81%AB%E3%81%82%E3%82%8B%E6%A0%AA%E5%BC%8F%E4%BC%9A%E7%A4%BE%E3%82%B9%E3%83%86%E3%83%83%E3%83%81%E3%81%A7%E3%81%99%E3%80%82/,no_address
#21-3 企業の未来に貢献するインハウス デザイン 組織のカタチとは？,https://open.spotify.com/episode/0xDMlLoGSKSHJNhDUJd70R,no_sns_service
JAたかさき,http://www.jagunma.net/takasaki/whats-new.html,no_sns_service
2016年,https://group.ntt/jp/newsrelease/2016/backno2016.html,kept
シネマプロ,https://cinemapro.jp/02_gaiyou.html,kept
(株)エス・ プロモーション,https://www.sfkoutori.or.jp/sanjokaiin/%E6%A0%AA%E3%82%A8%E3%82%B9%E3%83%BB%E3%83%97%E3%83%AD%E3%83%A2%E3%83%BC%E3%82%B7%E3%83%A7%E3%83%B3/,kept
高崎市 公式 SNS アカウント,https://www.city.takasaki.gunma.jp/page/3311.html,no_sns_service
第11回 記者クラブとは？そのルールと活用法,https://www.bugin-eri.co.jp/report/report07/file/11cd9506fc89a1d9c9ddc1009c093596d43c7ce7.pdf,fetch_failed
【情報更新】第47回 QST 高崎 量子技術基盤研究所 施設公開,https://www.qst.go.jp/site/taka/20261025.html,no_sns_service
情報・デザインが学べる短大誕生！【 高崎 商科大学短期大学部】,https://juken.tuc.ac.jp/jc-digital/,kept
「Webプロモからマスメディアでも大成功の「絶メシ」、巨大大学 ...,https://dmi.jaa.or.jp/general-browse/view/2994/1,kept
本庄市 SNS 公式アカウント,https://www.city.honjo.lg.jp/soshiki/kikakuzaisei/hishokoho/osirase/official_sns.html,kept
栃木県下都賀郡野木町のポスティング,https://www.ato-co.jp/tochigi/nogi/,no_sns_service
会社 案内,https://www.haruad.co.jp/company-information/,no_sns_service
認知症世界の歩き方法人サポーター,https://issueplusdesign.jp/dementia_world/corporate-supporters/,no_sns_service
SNS グループ株式会社,https://initial.inc/investors/V10154,no_sns_service
第二新卒,https://team-prima.jp/job/%E7%AC%AC%E4%BA%8C%E6%96%B0%E5%8D%92/,kept
会社情報,https://check.cloudcircus.jp/company/info/,kept
会社 案内,https://www.d-ic.com/company,kept
SoftEye,https://www.smm.jp.net/2015/02/03/softeye/,no_address
GGCハッピーアイランドの 集客 策SNSやPOSデータの活用,https://www.compass-it.jp/pickup/2567,no_address
日本コンベンションサービス株式会社様（運営会社）G7群馬 高崎 ...,https://connect.panasonic.com/jp-ja/case-studies/jcs-g7-gunma,no_sns_service
地域の中小企業の「課題解決のパートナー」として在り続ける,https://niigata-kenshin.co.jp/uploads/20240708_glocal.pdf,fetch_failed
高崎 商工会議所の経営 支援 とIT活用 支援,https://www.chusho.meti.go.jp/koukai/kenkyukai/smartsme/2018/180330smartsme03.pdf,fetch_failed
導入事例公開のお知らせ：OEMパートナー様の声,https://gmo-app.jp/news/10080.html,no_address
新中期経営計画,https://www.jcraft-hd.co.jp/wordpress/wp-content/uploads/2022/11/220915-2.pdf,fetch_failed
R4Üc_5! éûÔáˆ(ê¹È_PDF _Ë Q.xlsm,https://jsh.go.jp/r4h/assets/pdf/05/adoption-M&A_business.pdf,fetch_failed
宣伝会議サミット,https://www.sendenkaigi.com/marketing/event/sendenkaigisummit2511/,no_sns_service
未来共創ワークショップ～ 高崎 安中～,https://www.pref.gunma.jp/page/641110.html,no_sns_service
こだわりの旅・株式 会社 トラベルプラザ 会社 概要,https://travel-plaza.co.jp/company_profile.html,no_address
令和元年度補正予算 小規模事業者持続化補助金＜一般型＞（第3回 ...,https://r1.jizokukahojokin.info/saitaku/doc/r1i_3_kanto.pdf,fetch_failed
トレーラーハウス製造・販売,https://herolife.jp/hotel-division/,no_sns_service
G7群馬 高崎デジタル ・技術大臣会合「 デジタル 技術展」にTHKの ...,https://www.thk.com/jp/ja/news/products/article-26042023-1.html,no_sns_service
補助金コンサルタントの群馬経営サポーター,https://k-supporterz.jp/10_Gumma/,no_address
総務環境委員会行政調査報告から,https://www.city.kagoshima.lg.jp/gikai/seimuchousa/shigikai/katsudo/hokoku/documents/r7-soukan.pdf,fetch_failed
目的別 支援 施策 補助金を利用したい,https://gtakasaki-sci.or.jp/measures_02/,no_company
デジタル サイネージの将来性を確信し サブスクビジネスへ Alledge ...,https://www.ricoh.co.jp/magazines/smb/casestudy/001296/,no_address
ニュース マーケティング・セールス プロモーション 85,https://www.dnp.co.jp/news/index.html?r=3%3A%E3%83%9E%E3%83%BC%E3%82%B1%E3%83%86%E3%82%A3%E3%83%B3%E3%82%B0%E3%83%BB%E3%82%BB%E3%83%BC%E3%83%AB%E3%82%B9%E3%83%97%E3%83%AD%E3%83%A2%E3%83%BC%E3%82%B7%E3%83%A7%E3%83%B3<p=56<c=10<o=0&p=85&c=10&o=0,no_sns_service
株式 会社 ザ・グンマ,https://www.thegunma.co.jp/,kept
マンスリー 集客 の強化・稼働率を向上させたい運営 会社 様ヘ,https://japan-monthly.com/jms/keisai/potal-index.php,no_sns_service
野島 印刷 株式 会社,https://eigyo-mfg.com/service/navi/company/F8iYzueoR9wz,fetch_failed
補助金活用,https://www.takasakicci.or.jp/management/hojokin/,no_sns_service
ちいきしんぶん,https://kubaru.jp/,no_sns_service
制作事例,https://www.yamazaki-pr.com/example/,kept
ナノデザイン/ショップカード・スタンプカード印刷・デザイン,https://www.signplan.jp/business_card/,no_address
ノガン株式 会社,https://creatorsdatabase.acy.yafjp.org/993,no_address
令和 8 年度 事業計画,https://www.maebashi-cvb.com/image/resource/Document/document/213,fetch_failed
シティ プロモーション,https://www.city.maebashi.gunma.jp/soshiki/seisaku/kohobrand/gyomu/2/index.html,no_company
WEBキャリア デザイン コース,https://www.wcd-iitc.jp/,no_company
about us,https://air-lounge.com/about,no_company
政策企画局戦略 広報 部会計年度任用職員 動画 制作 配信専門員（主任 ...,https://www.seisakukikaku.metro.tokyo.lg.jp/documents/d/seisakukikaku/202602-rcrt1-01,fetch_failed
【GINGHAM開催】(11/29)メディア編集者視点の 広報 PR講座,https://www.netsugen.jp/event/e00004658/,kept
TikTok、群馬県 前橋市 と連携のもと、シティ プロモーション ...,https://www.jt-tsushin.jp/articles/case/platform-tiktok-20240415,no_address
best-dayとは,https://best-day.net/about/,no_company
「令和4年度宮城県土木部技術職PR動画等 制作 業務委託」の企画 ...,https://www.pref.miyagi.jp/soshiki/dobokusom/movie-propo-sal.html,kept
群馬県 前橋市 より「ふるさと納税一括代行業務」を受託,https://locusbridge.jp/news/xBjIUBB8,no_sns_service
プレスリリース 活用セミナー,https://maebashi-cci.or.jp/wp-content/uploads/2025/06/press-release-seminar.pdf,fetch_failed
令和4年度Mサポ利用登録団体活動状況アンケート 調査結果報告書,https://maebashi-shiminkatsudo.jp/news/?attachment_id=30911,fetch_failed
JOETSUグループ 新卒採用サイト,https://joetsu-group.com/recruit/new/group/,kept
有限 会社 ライブフォー様,https://www3.jvckenwood.com/pro/solution/case/live-4/,no_address
群馬県 前橋市 におけるアカカミアリの確認について,https://www.env.go.jp/press/105725.html,no_sns_service
学生 広報 大使特設サイトを更新しました（医学部保健学科 ...,https://www.gunma-u.ac.jp/information/241390,no_address
あなたの才能を映す！動画編集と デザイン で新たなキャリアを,https://kyarikaku-maebashi.com/employment_support/bbbfa0a5-68d9-4920-b8d3-9b977789edd8/316f1444-ec50-40d3-ac2f-7a37f3d5753c,no_company
ハローキティを起用したフコク生命の取組みのご案内,https://www.fukoku-life.co.jp/about/activity/communication/kitty/,no_sns_service
メンバー,https://derta.co.jp/member,no_sns_service
めぶくPay 公式ページ（めぶく アプリ ）,https://www.mebukupay.com/,no_sns_service
群馬県 前橋市 の地域通貨「めぶくPay」とは？特徴やメリットを徹底 ...,https://furusele.com/pay/mebukupay/,no_sns_service
前橋 クリエイティブシティ 県庁- 前橋 駅都市空間デザイン 国際コンペ ...,https://creative-city.pref.gunma.jp/,no_sns_service
前橋市 の貸し会議室・レンタルオフィス・バーチャルオフィス,https://vsi-estate.co.jp/space.html,no_sns_service
前橋市 における地方都市型MaaS実証実験,https://www.mlit.go.jp/sogoseisaku/japanmaas/promotion/pdf/%E4%BB%A4%E5%92%8C%E5%85%83%E5%B9%B4%E5%BA%A619%E4%BA%8B%E6%A5%AD.pdf,fetch_failed
AI導入 支援 ・開発なら群馬県 前橋市 のナイヤガラ開発,https://www.naiyagaradev.com/,no_company
注文がどんどん入ってくる！LINEチャットボット システム,https://wataraseapp.net/,kept
広告宣伝・販売促進 販促 グッズ,http://maebashi.tenpokaigyougunma.com/ad/promotion.html,no_company
前橋市 関係者との意見交換会（5/18）での主な指摘事項への対応,https://www.soumu.go.jp/main_content/000557019.pdf,fetch_failed
創業に関する補助金,https://www.g-inf.or.jp/html/startup_002.html,fetch_failed
東京を中心に40店舗のカフェを展開する高倉町珈琲にLINEミニ ...,https://cs.valuedesign.jp/news/press-release/20241031,no_sns_service
RULE,https://hifilmie.com/rule/,kept
会社 概要,https://tutawaru.co.jp/company.html,no_address
群馬県 前橋市,https://bookmarkspace.jp/space/34884-5/,kept
株式会社ビージェント,https://partner.e-shops.jp/details/324/,no_contact
ホームページ制作運営事業,https://p4next.co.jp/web/,kept
しかけづくり: デジタルサイネージを起点とした 販促 ...,https://www.shikake.info/,no_company
埼玉 県加須市のWeb制作・ホームページ制作・ グラフィック ...,https://chiffre.jp/,no_address
Arts Inc. – 有限 会社 Arts,https://studio.timeweb.co.jp/,fetch_failed
事業内容 SERVICE,https://www.adseecom.com/service,no_sns_service
Graphic Design,https://connect-design.biz/service/service_graphic/,kept
会社 概要,https://g777.jp/company-2/,kept
さいたま 国際芸術祭2027 広報 戦略・プロモーション計画策定等 支援 ...,https://labid.jp/projects/ff63756c-59f8-4780-9c06-8b2bb11ffffd,no_sns_service
広報 課,https://www.city.saitama.lg.jp/soshiki/0010000/0010020/index.html,no_sns_service
動画×WEB プロモーション代行サービス「＃まるプロ」,https://www.sozo-saitama.or.jp/sozowp/wp-content/uploads/2023/01/%E3%83%9B%E3%83%BC%E3%83%97%E3%83%95%E3%82%A3%E3%83%AB%E3%83%A0%E3%82%BA%E3%80%80%E3%83%97%E3%83%AC%E3%82%B9%E3%83%AA%E3%83%AA%E3%83%BC%E3%82%B9.pdf,fetch_failed
報道発表,https://www.city.kitamoto.lg.jp/shisei/koho/koho/houdou/index.html,no_sns_service
デザイン だけでなく自分でスモール ビジネス をやってみた方がいい ...,https://sokalocal.com/okada/,no_sns_service
行政機関・団体等取引実績,https://camel3.com/cms/files/aap/kanri/1100/4B9CLZQr.pdf,fetch_failed
繊維業界の オウンドメディア 構築に強いマーケティング会社10選,https://by-independent.com/column4/textile-industry-owned-media-marketing-companies-mrktx_top5/,no_address
会社 案内 – 株式 会社 オンマーク,https://onmark.jp/aboutus,kept
株式 会社 KeyProCreative,https://www.saitamadx.com/dx-partner/solution/217/,kept
【LP・ アプリ 制作の狙いと壁】不動産業界の現場で明らかになった ...,https://www.nikkei.com/compass/content/PRTKDB000000109_000107850/preview,no_sns_service
埼玉 のパンフレット 制作 ・ 会社 案内・カタログのデザイン 制作会社 ...,https://www.print-solution.com/syutoken/saitama/,kept
地域に特化した戦略で高い入居率を誇る 埼玉 不動産株式 会社 に ...,https://gmoretech.com/news250217/,no_address
店舗集客アプリ 「UPLINK」の初期費用が無料！,https://a1s.co.jp/uplink/,kept
令和8年度米国市場向け デジタルプロモーション 活動業務の委託 ...,https://chocotabi-saitama.jp/business/business-topics/210796/,kept
“私だけのブランド アプリ ”が低価格で作れる「Biz Palette アプリ ...,https://group.gmo/news/article/4560/,kept
大衆焼肉ブランド『焼肉ホルモンたけ田』のスマートフォン アプリ ...,https://www.betrend.com/news/20241023/,no_sns_service
【サロン特化】予約・カルテ・売上管理・ 販促 を完全一元管理 ...,https://www.saloevo.com/,no_sns_service
出展者紹介 （川越） SAITAMA DX EXPO 2026,https://dx-expo.pref.saitama.lg.jp/pdf/kaw_seminar_ichiran.pdf,fetch_failed
全旅連協定商社会名簿(令和6年10月1日,https://www.zenryoren.jp/wp/wp-content/uploads/2024/10/R61001%E4%BB%A4%E5%92%8C6%E5%B9%B4%E5%BA%A6%E5%85%A8%E6%97%85%E9%80%A3%E5%8D%94%E5%AE%9A%E5%95%86%E7%A4%BE%E4%BC%9A%E5%90%8D%E7%B0%BF.pdf,fetch_failed
第46回 埼玉県 さいたま市 2009年（平成21年）開催,https://www.koho.or.jp/contest/past/46th/,no_sns_service
CRM /BI連携・導入 支援,https://interpia.ne.jp/ep01/,no_sns_service
Zoho Oneで営業,https://www.dxdn.jp/business-zohoone,no_sns_service
saitama-zuii-R6-4-6,https://opendata.pref.saitama.lg.jp/resource_download/5489,fetch_failed
MEO極～KIWAMI～,https://service.cygni.co.jp/lp/meo-kiwami/,no_address
「 さいたま市 みんなのアプリ」を活用した新たな取り組みを開始,https://felicapocketmk.co.jp/news/20260224/2603/,no_sns_service
ソリューション企業,https://www.kanto.meti.go.jp/seisaku/ryutsu/sisckanto/solution_enterprise.html,no_address
新たな連携事業で地域のさらなる魅力向上へ「第11回 東日本連携 ...,https://www.experienceeastjapan.jp/other/1010.html,no_address
Home,https://e-do.co.jp/,kept
SNS,https://waan.takusa.jp/category/achievements/sns/,kept
クリエイターズリスト,https://creatorslist.jp/,no_address
会社 概要,https://utsumi-sp.co.jp/company/profile/,kept
コーディネーター紹介,https://saitama-yorozu.go.jp/coordinator/,no_company
埼玉 の福祉 広報 「S・A・I」,https://www.fukushi-saitama.or.jp/site/council_62.html,no_company
地域密着型 販促支援 サイト  フィールプラス,https://www.feel-plus.jp/,no_address
さいたま市 内企業の副業特集,https://lotsful.jp/specials/saitama,no_address
株式 会社 リビコー（ さいたま市 大宮区）広告 プロモーション WEB ...,https://www.1saito.biz/company/liviko1,no_address
埼玉県川越市のホームページ制作,https://www.harenohidesign.website/works/,no_address
会員企業,https://www.kawagoehoujinkai.or.jp/members/,kept
共助の取組マッチング事業 専門家リスト（個人）,https://www.saitamaken-npo.net/html/160531_kojin_237.pdf,fetch_failed
会社 案内,https://www.kazmia.jp/about/,kept
ブランディングツール制作,https://sotozuke.co.jp/branding_promotionaltools/,no_address
025 DESIGN LAB. – デザイン ラボ オフィシャル,https://025designlab.com/,no_company
ポケットグラフについて,https://www.pocket-graph.com/about,no_sns_service
川越市 における周遊型謎解き イベント の実施について,https://www.resona-gr.co.jp/holdings/news/newsrelease_c/detail/20260423_872.html,no_address
COMPANY,https://relightstudio.jp/company/,no_address
川越市 グリーンツーリズム拠点施設指定管理者の選定結果について,https://www.city.kawagoe.saitama.jp/_res/projects/default_project/_page_/001/018/733/senteikekka.pdf,fetch_failed
SNS （ソーシャル・ネットワーキング・サービス）,http://www.city.kazo.lg.jp/soshiki/citypromo/kankou/index.html,no_company
ソーシャルメディア等,https://www.pref.mie.lg.jp/socialmedia/index.htm,kept
介護老人保健施設 瑞穂の里,https://mizuhokai.or.jp/mizuhono-sato/news/1770950316,no_sns_service
広報 ・報道,https://www.city.nishitokyo.lg.jp/siseizyoho/koho/index.html,no_address
川越市 （埼玉県）公式ホームページをリニューアル,https://www.hitachi-sis.co.jp/newsrelease/gp/150106.html,kept
サービス案内,https://eco-station.co.jp/service/,no_sns_service
【埼玉×台湾】埼玉りそな銀行と海外販路開拓事業者向けセミナーを ...,https://analogpr.co.jp/topics/event/1075/,kept
京都 コンテンツ制作 ・クリエイター支援業務 事業者募集要領,https://www.city.kyoto.lg.jp/sankan/cmsfiles/contents/0000260/260639/01bosyuyouko.pdf,fetch_failed
ex-studio 川越 オフィス webサイト デザイン 広告 制作 会社,https://kawagoe.exstudio.jp/,no_address
市公式 SNS,https://www.city.tsurugashima.lg.jp/gyousei/kouhou/page007460.html,no_company
about,https://studio-pastel.jp/about/,kept
採用広報 部・指導員 I先生,https://www.qolegroup.com/recruit/staff-detail/24/,no_sns_service
Yoshiyuki Kuraie,https://auuonline.com/yoshiyuki-kuraie/,no_address
株式会社リズク,https://lizck.com/,no_contact
グーチョキパース、企業向けオリジナル漫画 制作 サービス「マンガ ...,https://jinzainews.net/pressrelease/20260611-4/,no_address
資料2,https://www.city.funabashi.lg.jp/shisei/jouhoukoukai/004/02/0120/p138471_d/fil/2.pdf,fetch_failed
株式 会社 cantik,https://cantik.co.jp/seitai/,kept
建設経済常任委員会 行政視察報告,https://www.city.yaizu.lg.jp/documents/14815/202305_kensetsu.pdf,fetch_failed
会社 概要,https://www.dialog-inc.com/company/,no_sns_service
「giftee for Business」が令和7年度に実施される全国4自治体の ...,https://giftee.co.jp/press/news/pressrelease20251222/,no_address
生成AIで工務店のランディングページを自動生成,https://nadja.biz/%E7%94%9F%E6%88%90ai%E3%81%A7%E5%B7%A5%E5%8B%99%E5%BA%97%E3%81%AE%E3%83%A9%E3%83%B3%E3%83%87%E3%82%A3%E3%83%B3%E3%82%B0%E3%83%9A%E3%83%BC%E3%82%B8%E3%82%92%E8%87%AA%E5%8B%95%E7%94%9F%E6%88%90%EF%BD%9C/,no_address
販促支援 型「八王子コンタクトセンター」稼働開始,https://www.scroll360.jp/topics/20220824-5710/,no_address
昭和の里 川越 中台,https://www.satsuki-jutaku.mlit.go.jp/search/op_detail.php?house_id=102673,no_sns_service
株式 会社 ウィット ‖ 自治体のお仕事,https://wi-t.co.jp/jichitai/,kept
＜ 本章で紹介する 商店 街の事例 ＞,https://www.pref.saitama.lg.jp/documents/214269/06_2-3syoutengaimendan.pdf,fetch_failed
オンライン 集客システム を来店 予約 ・リモート接客 予約 に活用 自宅 ...,https://digital-shift.jp/flash_news/FN200605_2,kept
WEBマーケティング 事業,https://sonicgrow.co.jp/web.html,kept
WEBサイト・コンテンツ制作,http://www.isp-ac.co.jp/creative/,kept
イベント企画 の「イベんとや．ドットコム」,http://www.eventoya.com/,kept
埼玉県で開業・事業拡大を！「選ばれる」ための ホームページ ...,https://coreframe.co.jp/blog/lp-saitama/,no_address
株式 会社 グッド・スピード( 越谷市 :広告代理業),https://el.e-shops.jp/local/sh/1192457.html,kept
SP デザイン 株式 会社,https://spdesign.meisho-hp.jp/,kept
川越市 にてチャット、 Web フォームによる申請書事前作成の実証 ...,https://www.trans-cosmos.co.jp/company/news/200709.html,no_address
about us,https://saki-works.com/about/,no_company
静岡県でグラフィックデザイナーをお探しの企業様へ,https://www.latona-m.com/shizuoka-graphic-designer/,kept
株式 会社 マーケティングクリエーター:,https://mc-d.jp/,kept
地域 プロモーション,https://business.jcom.co.jp/ad/city_promotion.html,no_address
シティ プロモーション によるまちづくり,https://www.urlk.co.jp/var/rev0/0004/3673/URLinkage.pdf,fetch_failed
J-GoodTech [株式 会社 エクス・アドメディア],https://jgoodtech.smrj.go.jp/corp/info/JC0000000029704?preview=false&createdLocale=ja_JP,no_sns_service
きらポ（ 越谷 きらきらポイント）を始めよう！,https://www.city.koshigaya.saitama.jp/kurashi_shisei/fukushi/koureisha/koureisha_project/kirapo.html,no_sns_service
「水辺de創業 第2弾 トライアル」始動,https://www.lake-and-peace.jp/post/mizubedestartup2,no_sns_service
広報 誌・ SNS パンフレット,http://www.heitokukai.jp/magazine/,no_sns_service
越谷市 レイクタウンのデザイン 会社 DRESSERSについて,https://www.dressers.work/aboutus?srsltid=AfmBOopiHx0mBuTtN2eweJe7A1XW9ehYJM5ai_KxDyGHEOJKS28smxdy,no_address
2027年卒 ビジネス職（PR・ 広報 ） / 株式 会社 オトバンク,https://open.talentio.com/r/1/c/otobank/pages/123012,no_sns_service
常総市 SNS,https://www.city.joso.lg.jp/kurashi_gyousei/shisei/kouhou_kouchou/joso_sns/,no_sns_service
事業報告・収支決算報告 事業報告・収支決算報告,https://www.koshigaya-cci.or.jp/kodou/pdf_img/kodou202607.pdf,fetch_failed
越谷 市役所Z係メンバー向け SNS 講座を埼玉東萌美容専門学校で実施 ...,https://sheepluck.com/sns-course-saitama-koshigaya/,kept
一般社団法人 CRM 協議会,https://crma-j.org/,no_sns_service
拡大写本グループ,https://koshigaya-vr.com/group/shogai/kakudai/,no_sns_service
「南砂町ショッピングセンターSUNAMO（スナモ）」で 店舗集客 ...,https://iridge.jp/news/202301/33393/,kept
Direct In S4」にて ポイント 機能と 会員 ランク機能をリリース,https://www.dyn.co.jp/news/news-005/,no_address
ニュース,https://reservelink.co.jp/news,no_sns_service
会社 概要,https://broadtrust.co.jp/corporate.html,no_sns_service
会社 情報,https://techsphere.co.jp/company/,kept
全国の デジタル 実装事例,https://raida.go.jp/digitaldenen/cases/?field=%E4%BA%A4%E9%80%9A%E3%83%BB%E7%89%A9%E6%B5%81&service=%E4%BD%8F%E6%B0%91%E5%90%91%E3%81%91MaaS,no_sns_service
令和8年度 創業者 支援 補助金,https://hojokin.zenkoku-keiyukai.or.jp/subsidies/13304,no_company
株式 会社 アドバンの 会社 情報,https://macloud.jp/companies/447,no_address
一般質問・代表質問,https://koshigaya.gijiroku.com/g07_Shitsumon.asp,no_company
ポスティング・チラシ配布を埼玉県 越谷市 でお考えならエースへ ...,http://aotace.web.fc2.com/s3430000.html,no_sns_service
WEBマーケティングブログ,https://marketing.lill.co.jp/,kept
販促 ・販路拡大：アドバイザー検索,https://musashikoyama-sc.jp/adsearch/?category=20,kept
越谷市 のシェアサイクル,https://www.hellocycling.jp/station/saitama/%E8%B6%8A%E8%B0%B7%E5%B8%82,no_sns_service
会社 概要,https://www.goodsalespromotion.jp/company/detail/,kept
【終了】知らないと損する！ホームページやチラシの発注方法,https://chibayorozu.go.jp/seminar/pastseminars/20201217am/,kept
千葉市 男女共同参画センター,https://www.chp.or.jp/event/canva%E3%82%92%E5%88%A9%E7%94%A8%E3%81%97%E3%81%A6%E3%83%81%E3%83%A9%E3%82%B7%E3%82%92%E3%83%87%E3%82%B6%E3%82%A4%E3%83%B3/,no_company
WEBマスター,https://takusho-recruit.com/recruits/web%E3%83%9E%E3%82%B9%E3%82%BF%E3%83%BC/,fetch_failed
会社概要,https://www.dreamarts.co.jp/company/overview/,no_address
ミカヅキ合同 会社 市川市のクリエイティブファーム,https://mikazukidesign.com/about,no_sns_service
【中途採用】WEBマスター・ グラフィック デザイナー募集のお知らせ,https://takusho.co.jp/news/saiyou/recruits202505/,kept
Web デザイン コース,https://www.chiba-kaikeihoritsu.ac.jp/course/major_web_design/,kept
報道 広報 課,https://www.pref.chiba.lg.jp/kouhou/,no_sns_service
CS-Cart開発パートナー,https://cs-cart.jp/developers/,no_address
千葉市 ：千葉市議会,https://www.city.chiba.jp/shigikai/top.html,no_sns_service
2/19メインセッションvol.3（募集終了）,https://chibakoho.jp/recruiting/758/,no_sns_service
千葉 県警察公式 SNS 等の紹介,https://www.police.pref.chiba.jp/kohoka/sns_index.html,no_sns_service
会社 概要,https://officeplum.co.jp/company/,no_sns_service
アクセス,https://chiba-cci.or.jp/%E3%82%A2%E3%82%AF%E3%82%BB%E3%82%B9/,no_sns_service
プレスリリース （記者発表）資料／ 千葉 県佐倉市公式ウェブサイト,https://www.city.sakura.lg.jp/soshiki/kohoka/press/index.html,no_sns_service
あんしんホーム様,https://e-nexts.co.jp/works-post/anshin-homes/,kept
採用広報 の立ち上げ・運用を支援するサービス「StoryHub for 採用 ...,https://inquire.co.jp/news/StoryHub-for-Employer-Branding,no_address
株式 会社 Orga,https://www.orgajp.com/,no_sns_service
ピープルソフトウェア株式会社,https://fs-n.info/_assets/pdf/solution_03.pdf,fetch_failed
株式 会社 リップルアート,https://funusual.co.jp/service/movipro/companies/rippleart/,kept
「PESOモデル」時代PR×ソーシャル メディア が熱い,https://makuhari-play.jp/2020/01/24/pesomodel/,no_address
小売向けソーシャル CRM ソリューション ReBee,https://www.hitachi.co.jp/products/it/industry/seminar/information/rtj/rtj2015/pdf/ReBee_case.pdf,fetch_failed
WEB事業 – 事業内容,https://valueshare.jp/business/web/,kept
Yappli（ヤプリ）,https://yapp.li/news/news.html?id=01JAW53NKNF3GJF16BXECMT0Z4,no_sns_service
千葉 薬品グループ約 250 店舗で利用可能な 『ヤックス アプリ ...,https://buffett-code-archives.s3.ap-northeast-1.amazonaws.com/pr_reports/140120241216539175.pdf,fetch_failed
会社 概要,https://www.e-next.co.jp/company.html,kept
通販新聞記事_抜粋.pdf,https://www.dmsjp.co.jp/cms/files/documents/site/jp/news/detail/82/%E9%80%9A%E8%B2%A9%E6%96%B0%E8%81%9E%E8%A8%98%E4%BA%8B_%E6%8A%9C%E7%B2%8B.pdf,fetch_failed
Microsoft PowerPoint,https://www.chibashi-sangyo.or.jp/s_img/catalog/catalog_7_file_txt.pdf,fetch_failed
あなたのお店を地域No.1に！月額5000円の簡単 ...,https://polaris-lp.jp/douga/sumaho/,no_address
プロダクト紹介,https://www.product-think.co.jp/products.html,no_sns_service
診療 予約 に合わせてタクシー配  を  う医療 MaaS アプリを活用した ...,https://www.tokiomarine-nichido.co.jp/company/release/pdf/220329_01.pdf,fetch_failed
相談会・セミナー 予約 をSPIRAL®でWeb完結化。 集客 アップと事務 ...,https://www.spiral-platform.co.jp/case/chibakogyo-bank/,no_address
スポーツ指導者や元アスリートのためのホームページ制作！格安 ...,https://www.elevendesign.online/archives/11014,kept
インターネット 予約 受付 システム – 株式 会社 ジーウェイブ,https://ziwave.com/product/surph/,kept
イキイキするきっかけ,https://chiikinews.co.jp/wp-content/uploads/2018/09/gyosei.pdf,fetch_failed
「 千葉 都市モノレール沿線の新しいブランドを生み出す!C-VALUE ...,https://www.chibabank.co.jp/news/news20221006_01_001,fetch_failed
たばこの 販促プロモーション 活動が可能な商業施設特集を公開,https://counterworks.co.jp/news/4131/,kept
職種詳細,https://js03.jposting.net/career-os/u/job.phtml?job_code=662,no_address
【講座】2/1「オンライン時代の 広報 （PR）を考える」 （※終了 ...,https://chiba-npo.net/archives/8017/,no_sns_service
実績,https://alfa-consulting.co.jp/case-list/,kept
千葉 県でEC・ネットショップに強い制作 会社 7社,https://c-ree.com/partners/feature/ec/chiba,no_address
営業拠点,https://www.yamano-printing.co.jp/company/network,kept
イベント ・ 企画 運営,https://www.gpa-net.co.jp/ja/ads-promotion/productions/event_planning.html,no_address
【トレタ 予約 台帳】「焼肉赤門」「黒毛和牛焼肉凱旋門」（株式 ...,https://toreta.in/news/2025-2-11/,kept
広報 広聴担当,https://www.city.sumida.lg.jp/kuseijoho/kunosyoukai/sosiki/kouhou.html,no_sns_service
gTOMO合同 会社,https://sfh-net.or.jp/company/company-1404/,no_address
筆者プロフィール,https://chihousousei.blog/%E3%81%93%E3%81%AE%E3%82%B5%E3%82%A4%E3%83%88%E3%81%AB%E3%81%A4%E3%81%84%E3%81%A6/,no_sns_service
クリエイティブ・ 販促支援 サービス,https://www.bisho-group.co.jp/service/service04/,kept
地方創生官民連携,https://funmake.co.jp/services/consulting/,no_address
地方創生SDGs官民連携マッチング システム,"https://match.future-city.go.jp/pages/platform/c201?category=11,11041,11042,11043",no_sns_service
株式 会社 デキデザイン,https://www.e-funabashi.com/archives/fccimember/dekidezain,no_sns_service
宿泊 予約システム 「tripla Book」でエリア予約が可能に！持続可能な ...,https://travelspot.jp/742793/,no_address
市場開拓助成金交付決定状況,https://www.ccjc-net.or.jp/contents_detail.php?co=new&frmId=3040,kept
事業計画及び成長可能性に関する事項について,https://www2.jpx.co.jp/disc/92410/140120210817487186.pdf,fetch_failed
地域 活性化ビジネス- 販促 編-,https://partner-mypl.net/blog_entry/local-activities_20190605/,fetch_failed
松戸市長が新型コロナウイルス感染症対策で動画出演、 船橋市広報 ...,https://myfuna.net/archives/townnews/200314,no_sns_service
長谷川和也,https://hansokunodaigaku.com/author/hasegawa_kazuya/,kept
求む！「グラフィックデザイナー」「営業職」～パチンコ業界特化 ...,https://web-greenbelt.jp/post-55510/,kept
まいぷれの事業詳細,https://fc-owners.com/franchise/brand-detail?b=491,no_address
FONO DESIGN,https://chikait.com/introduction/10,no_address
千葉県 船橋市 で人気（高評価）・近くのSEO対策 会社 ...,https://www.zehitomo.com/business/tech/web/seo-specialist/chiba/funabashi-shi,kept
株式 会社 アドハウス 国内・海外の各種セールス プロモーション企画 ...,http://www.adhouse.jp/profile.html,kept
講座情報,https://base-webschool.work/course/,no_address
ヒューマンアカデミー柏校,https://haa.athuman.com/school/kashiwa/,no_address
会社 案内,https://system-planning-delivery.com/?page_id=959,kept
柏市 「家族まるごと！かしわ でビューン！」,https://kick.co.jp/works/detail_199.html,kept
総合職（ 企画 営業職）,https://riders.recruitment.jp/ng_job_detail/id=300&location=3,kept
令和7年度の消費生活に関する イベント 等,https://www.city.kashiwa.lg.jp/shohiseikatsu-c/living_environment/shohisekatsu/202505.html,no_sns_service
デジタルハリウッドSTUDIO柏 開校記念イベント 「柏で デザイン する,https://www.dhw.co.jp/press-release/20231004_studio_kashiwa/,kept
"広報かしわ – 株式 会社 文化工房 bunkaobo,Inc.",https://www.bun.co.jp/print/2832/,kept
広報,https://fp-planning.co.jp/outsourcing/pr.html,no_sns_service
広報 紙「しき社協だより」・ SNS,https://www.shiki-syakyo.or.jp/sk_toha/sk_shiki_dayori/,no_sns_service
企業情報,https://pr.mono.ipros.com/postal/information/,kept
&donutsのサービス,https://www.service.andonuts.jp/,no_sns_service
フラーとテスティー、「旅行アプリに関する調査」を実施,https://www.fuller-inc.com/news/research-testee-tripapp,no_sns_service
会社 概要,https://dspartners.jp/about/,kept
日本語コミュニティサービス“Sail”、および外国人の就職・移住 ...,https://helte.jp/23960/,no_sns_service
事業概要 — 千葉県 柏市 のグラフィックと WEBデザイン,https://canau.design/aboutme,no_sns_service
Webコンサルティング企業の売上規模などの情報を検索する,https://biz-maps.com/s/m-inds/277,kept
ヤプリ、フラー株式会社との資本業務提携のお知らせ,https://yappli.co.jp/news/news.html?id=01J0HW1ZACRPJKTKSQWF6T5F8D,no_sns_service
アウトドアブランド「ogawa」を運営する キャンパルジャパン株式 ...,https://www.chibakogyo-bank.co.jp/news/topics/assets/2804.pdf,fetch_failed
伊藤ハム米久プラント柏工場に 最適化AI搭載クラウド型生産 ...,https://www.virtualex.co.jp/news/2026/06/case-tenkei-itoham-yonekyu.html,no_address
広報 活動,https://www.ncc.go.jp/jp/information/index.html,no_sns_service
1 / 3,https://jigyou-saikouchiku.go.jp/pdf/result/plan/shukuhaku_inshoku_11.pdf,fetch_failed
【 会社 概要】千葉県 柏市 の日常の中の美容室 E/X-CEED'S ...,http://ex-ceeds.circle-inc.co.jp/company.html,no_sns_service
デジタル サイネージソリューション LEDビジョン・ デジタル ...,https://ds.comprime.co.jp/,kept
販売促進・ 印刷,https://www.kawawa-web.com/print/,kept
当 商店 会について,https://kashiwa-ginza.com/about/,no_sns_service
デザイン 無料相談,https://www.idec.or.jp/designsoudan/,no_address
DX 支援,https://kaidan.marketing/category/dx/,no_address
ネットショップ Web 制作.com,https://www.ecwebdev.com/,kept
自己紹介,https://marugao-design.com/about/,no_company
記者発表,https://www.city.yokohama.lg.jp/city-info/koho-kocho/press/,no_address
神奈川県 広報 戦略,https://www.pref.kanagawa.jp/docs/ie2/koho-plan/koho_plan.html,kept
ユース世代に届く SNS って？「 SNS での 広報 を考える」,https://yokohama-youth.jp/ikusei/event-information/5734/,no_sns_service
フィルズリンクス -,https://fills-web.sakura.ne.jp/fills2024/,kept
KOYO NEWS,https://koyo-net.co.jp/category/news/,kept
横浜 商工会議所公式 SNS 利用規約,https://www.yokohama-cci.or.jp/sns/,no_sns_service
事業実績例,https://www.fbc-yokohama.com/work,kept
賛助会員検索,https://business.yokohamajapan.com/ja/members/membersearch.php?page=6,kept
販路開拓セミナー【Googleビジネスプロフィール活用講座】の開催 ...,https://www.kashiwa-cci.or.jp/info/51415,kept
コンテンツマーケティング 運用 代行,https://www.art-works-ad.com/service/contents/,fetch_failed
Mintomo 株式 会社,https://matching.idec.or.jp/mintomo-%E6%A0%AA%E5%BC%8F%E4%BC%9A%E7%A4%BE,no_address
ワツウアフリ,https://industlink.jp/userfiles/files/solution/1728747701/jRmkakX65XkAJ0pNMi8NMgXnkafJP7Ox.pdf,fetch_failed
採用 について,https://pegasus.yokohama/recruit/,no_address
採用情報 – デザイン とDXで、未来を支える。,https://sunrise-mirai.com/recruit/,kept
採用広告に頼らない「定着型採用」を実現 「シン・ 採用広報 ...,https://kohogene.newsrooms.net/articles/10698/,no_address
お問い合わせ,https://delta-web.co.jp/contact/,kept
経営力強化 支援 セミナー,https://www.mapmarketing.co.jp/pdf/FXkanagawa_seminar.pdf,fetch_failed
（株）アペルザ,https://www.robo-navi.com/sier_search/sier_syousai.php?sier_id=279,no_sns_service
事業内容 – 横浜 の展示会/ イベント会社,https://www.ludens.be/solutions/,no_address
トヨタオートモールクリエイト カラフルタウン岐阜が「Mygru CRM ...,https://www.mygru.jp/customers/TjyXYp_e,no_sns_service
ピザハットの成功事例に学ぶ！「Googleマップ 集客 」の本質【7/21 ...,https://mov.am/news/post/5750,no_sns_service
【iOS（Swift）】銀行向け CRM システムiOS アプリ 導入開発,https://mid-works.com/projects/8050,no_sns_service
クラウド型入退室管理 システム 「ALLIGATE（アリゲイト）」と ...,https://mycaddy.co.jp/news/press-alligate,kept
神奈川県 横浜市 都筑区が施設利用・相談窓口に「RESERVA」を導入 ...,https://tech.controlgroup.jp/case-study-reserva-tsuzuki/,no_sns_service
事業を活性化する「新製品・新サービスのトライアル導入」のご案内,https://yoxo-o.jp/su-jisso/wp/wp-content/uploads/2023/01/%E3%83%88%E3%83%A9%E3%82%A4%E3%82%A2%E3%83%AB%E5%B0%8E%E5%85%A5%E3%81%AB%E9%96%A2%E3%81%99%E3%82%8B%E3%81%94%E6%A1%88%E5%86%85.pdf,fetch_failed
【3月29日(水)】まちbiz経営者の会,https://machibiz.com/keiei_20230329,no_address
販路 開拓 IT/IoT 資金 繰/資 金調 達 生産 改善 不動 産取 引 労務 大 ...,https://startup-station.jp/wp-content/uploads/r7_acceleration_program_expert.pdf,fetch_failed
株式 会社 BE様へ導入をいたしました,https://pr.wte.jp/column/release/release0709/,no_sns_service
Business,https://www.y-artist.co.jp/business.html,fetch_failed
横浜市 事務分掌規則,https://cgi.city.yokohama.lg.jp/somu/reiki/reiki_honbun/g202RG00000080.html,no_address
広告宣伝事業,https://www.yokohama-agc.com/ad/,no_address
会社 案内,https://yokohamasyukyaku.co.jp/about-us/,no_address
近くにある今すぐ入れる飲食店を 予約 できるサービス「Neee」の ...,https://dena.com/jp/news/4911/,no_address
【新サービスリリース】飲食店向けインバウンド 集客支援 ...,https://2twotop.jp/201/,kept
実績紹介,https://glamworks.co.jp/works,kept
中途採用 セールス プロモーション ・ イベント 総合制作 ...,http://www.a-kikaku.co.jp/recruit/chuto.html,no_address
サービス内容他,https://tycoon.co.jp/service-other/,no_address
結株式 会社,https://yuikk.co.jp/,no_sns_service
令和6年度 川崎市 商業者 PR 事業委託業務に関する公募型 企画 提案の ...,https://www.city.kawasaki.jp/280/page/0000164529.html,no_sns_service
株式 会社 事務局(神奈川県 川崎市 ),https://jimu-kyoku.com/,no_address
SHIROKURO design,https://www.shirokuro-design.jp/,no_address
企画 制作,https://sunphonix.jp/planning/,kept
SNS運用,https://team-henshin.com/works-cpt/sns%E9%81%8B%E7%94%A8-4,kept
WEB デザイナー,https://recruit.laka.co.jp/career/webdesigner/,no_sns_service
企業情報,https://medialaboratory-official.com/%E4%BC%9A%E7%A4%BE%E6%A6%82%E8%A6%81/,no_address
若年層の自殺対策について,https://aokinorio.com/cms/wp-content/uploads/2026/04/vol56%E6%A0%A1%E4%BA%86.pdf,fetch_failed
お知らせ アーカイブ,https://csw-kawasaki.or.jp/category/news/,no_sns_service
川崎市 ・富士通の脱炭素社会実現に向けた 行動変容を促す取り組み ...,https://segaxd.co.jp/news/newsrelease/6a5c67e0f79bcf04187ff4b7bc08d486736101c0.html,no_sns_service
SNS アカウント運用ポリシー,https://www.k-nic.jp/snspolicy/,no_company
COMPANY 横浜 の 印刷会社 株式 会社 グローバルプリント,https://www.globalprint.co.jp/company,kept
川崎南法人会,https://km-hojinkai.or.jp/,no_address
シニアのための暮らしに役立つスマホ講座,https://www.kawasaki-chikea.jp/?p=103241,no_sns_service
株式会社アイリ,https://www.ec-cube.net/integrate/partner/partner.php?partner_id=3014,no_address
ABOUT – 株式 会社 共同企画,https://www.kyodokikaku.co.jp/about/,no_sns_service
NPO広報代行・ 支援,https://nponews.jp/pr-support/,no_address
新百合ヶ丘エルミロードにて 川崎市 内の福祉事業所14団体が ...,https://www.odakyu.jp/news/b4fuqs0000000ds8-att/b4fuqs0000000dsf.pdf,fetch_failed
【テナント付賃貸住宅実例見学会&テナント個別相談会】～ 川崎市 ...,https://www.sekisuihouse.co.jp/event/detail.php?id=b591004-2607-10013,no_sns_service
表彰事業,https://kawasaki-seisansei.com/hyoushou.html,no_sns_service
運営元について,http://www.asaosyouren.com/company,no_address
ホームページ制作・デジタル マーケティング,https://www.shonan-itcare.jp/,no_address
tag,https://www.pr-today.net/a00547/tag/,no_contact
【久末居宅】 川崎市 プレミアム商品券,https://www.foryou.or.jp/corp4/hisasuekyotaku/blog/detail/20891/,kept
印刷物、出版物等の企画・デザイン・製造 コールドフォイル 疑似 ...,https://www.business-plus.net/interview/2107/k6304.html,no_sns_service
グラフィックデザイン 制作,https://creative.shonan-el.co.jp/graphic/,kept
SERVICE,https://kanon-story.com/service/,no_address
ALTRING.inc,https://altring.co.jp/,kept
官民連携によるスマホ初心者向け イベント 開催＆若宮正子さんふじ ...,https://www.city.fujisawa.kanagawa.jp/kouhou/shise/gaiyo/shicho/kishakaiken/2023/20231017_03.html,kept
ベルシステム24とBlueship、神奈川県 藤沢市 の デジタル 市役所の ...,https://www.bell24.co.jp/ja/news/bell24/20230825/,no_sns_service
株式 会社 Rapport One,https://rapportone.com/,no_sns_service
サービス案内,https://wizapp-solution.com/service,no_company
事務所案内・プロフィール,https://hiraishi.jp/zimusyoannai,kept
湘南・ 藤沢 の印刷 会社 「さんこうどう」,https://www.sankodo.ne.jp/,no_sns_service
MT SOLUTION: メインページ,https://mtsolution-shonan.com/,no_address
合同会社RE VENTと連携した SNS 動画発信実証実験,https://www.city.hirakata.osaka.jp/0000053369.html,kept
公益社団法人 藤沢市 観光協会様・ふじさわ観光通信,https://www.townnews.co.jp/pr/works/prm/719747,no_sns_service
イージーゴーについて,https://eggo.jp/about/,no_address
NPOがメディアを動かす プレスリリース （NPOマネジメント講座）,https://fujisawa-npo.jp/6624,no_sns_service
Salida Design (サリダ デザイン ),https://salidadesign.jp/,no_address
会社 ・施設・店舗紹介,https://porizon.jp/works/use/profile/,kept
江の島東浜海水浴場で大規模なO2O マーケティング を開始,https://agent-network.com/news/press-release_712/,kept
『体感料理レシピ アプリ 』 活用事例 & メリット,https://www.akademia.co.jp/page_assets/attachments/14/recipe-app.pdf,fetch_failed
プレスリリース の作り方,https://www.fujisawa-cci.or.jp/event/191209/,no_company
平成21年度事業報告,https://www.ksrp.or.jp/robo-dx/files/jigyou_report21.pdf,fetch_failed
新規株式上場,https://www.tdb-publish.com/uploads/20250107_202412_shinkijojo.xlsx,fetch_failed
rakumo for Salesforce の販売パートナーおよびパートナープログラム,https://sf.rakumo.com/partner/,no_sns_service
東京証券取引所JASDAQ (スタンダード),https://sdentertainment.jp/wp/wp-content/themes/sdentertainment/pdf/2015_profile.pdf,fetch_failed
会社 概要,https://www.office-angle2019.com/p/3/,no_sns_service
教えます！,https://www.kanagawa-yorozu.go.jp/file/yorozu_no_tsukaikata_2023.pdf,fetch_failed
2025年度公益社団法人 藤沢市 観光協会事業計画〔公益事業〕,https://www.fta-shonan.jp/global-image/units/upfiles/3125-1-20250707114531_b686b34cbefd81.pdf,fetch_failed
tocoluca,https://tocoluca.com/,no_address
売上拡大に繋げるEC専門のコールセンター/受注センター,https://on-sight.biz/ec-outsourcing,kept
藤沢市 産業振興計画 改定前後対照表,https://fujisawagikai.sakura.ne.jp/4101939520230217j0102.pdf,fetch_failed
6183）ベルシステム24ホールディングス 2024年2月期第2四半期 ...,http://www.bridge-salon.jp/report_bridge/archives/2023/11/231101_6183.html,no_address
コンタクトセンターのオムニチャネル化が 行政のDX化を加速させる,https://www.solution.bell24.co.jp/ja/case/fujisawa-city/,no_address
櫻井 淳,https://www.fujisawabf.com/sakurai/,no_address
藤沢市 でSEO対策ならレベニューシェア型SEOのLOCASEOへ,https://locaseo.info/area/kanagawa-fujisawa/,kept
2023年 地域 デザインファクトリー 藤沢,https://rethink-creator.jp/region/2023%E5%B9%B4-%E5%9C%B0%E5%9F%9F%E3%83%87%E3%82%B6%E3%82%A4%E3%83%B3%E3%83%95%E3%82%A1%E3%82%AF%E3%83%88%E3%83%AA%E3%83%BC%E8%97%A4%E6%B2%A2/,no_address
WEB 作成・ デザイン,https://ssz.or.jp/aruaru/topics/industry/i021,kept
会社 概要,https://launchpad-bestselection.jp/pages/company-profile,kept
会社 情報,https://media-presto.com/company/,no_address
mi-se デザイン スタジオの,https://mise-designstudio.com/,kept
9/13〜9/30 個展 長岡拓也「KIGOUMON」,https://lightup-lobby.com/event/20240913_takuyanagaoka/,kept
リクルート,https://150.60.176.28/recruit/,fetch_failed
デザイナーマツオミツヒデのホームページ: デザイン やさんT.M.P. ...,https://www.designyasan.com/,kept
相模原 アクセラレーションプログラム,https://sogyo.city.sagamihara.kanagawa.jp/sagamihara-acceleration-program/,no_sns_service
株式 会社 さんこうどう(神奈川県 藤沢市 ),https://tgnr.jp/company/sankodo/,kept
DIX PROMOTION INC. －業務案内－,http://www.dixpro.co.jp/service.html,kept
相模原市 緑区のチラシ・ポスター印刷・ホームページ制作,https://area87.design/sagamihara-midori/,kept
オーノクロス,https://onomin.jp/,no_sns_service
Ronk株式 会社,https://industry.city.sagamihara.kanagawa.jp/company/sgm-79/,no_sns_service
ホームページ作成,https://www.eibunsha.co.jp/?page_id=239,no_address
ニュース « 相模原市 印刷広告協同組合,https://www.soin.or.jp/category/news-release/others/,fetch_failed
相模原市 発表資料,https://www.city.sagamihara.kanagawa.jp/shisei/1026875/koho/1026878/houdo/index.html,no_sns_service
指定都市が一体となった情報発信 令和6年度の各市の取組結果,https://www.siteitosi.jp/pdf/ad9b880e461a3b611ed0e06bee9fd5861850b458.pdf,fetch_failed
さがみはら防災ポータル,https://sagamihara.portal.dmacs.jp/,no_sns_service
本とブランディング,https://studio-miin.com/about,no_address
株式会社カナエル,https://www.salesforce-assistant.com/jirei/c3_46.html,no_sns_service
公益財団法人湘南産業振興財団,https://shonan.or.jp/,no_sns_service
巻末資料 テクマトリックス株式会社,https://www.techmatrix.co.jp/ir/upload_file/m005-m005_17/20170208_2.pdf,fetch_failed
Robizy資料,https://www.sisco-consulting.co.jp/files/uploads/%E3%80%90Robizy%E8%B3%87%E6%96%99%E3%80%91.pdf,fetch_failed
相模原市 南区の地域密着Web制作・ 集客支援 › JMC-STUDIO,https://jmc-studio.jp/,no_company
たすかるバンクさがみはら,https://grant.community/sagami_assist,no_company
相模原市 自治会連合会,https://www.sagamihara-jichiren.jp/document/r7soukai.pdf,fetch_failed
賃貸住宅フェア2025 in 東京に出展します！,https://www.kandk-consulting.jp/news/?id=1751703861-991092,no_sns_service
市民版,https://www.sagamihara-cci.or.jp/wp3/wp-content/uploads/2014/11/2014kaihoshimonban.pdf,fetch_failed
全国シティ プロモーション サミット,https://www.t-kougei.ac.jp/static/file/promotion-summit_program.pdf,fetch_failed
会社 概要,http://www.ad-shinei.co.jp/page/gaiyou,no_address
印刷 市場.com,https://www.insatsu-ichiba.com/operatingcompany,fetch_failed
相模原 のスポット,https://coin.machino.co/regions/sagamihara/shops,no_address
藤沢市 とServiceNowがDX推進に関する包括連携協定を締結,https://www.servicenow.com/jp/company/media/press-room/fujisawa.html,fetch_failed
代理店・アライアンスパートナー募集,https://www.duotech.ai/partners?source=home-partner-callout,no_sns_service
相模原 で選ばれるチラシ・パンフレット制作,https://www.reiworks.co.jp/graphic,no_sns_service
WORKS,https://www.mpcreative.jp/works/,no_address
会社 概要,https://consulting-r.biz/company/,kept
採用情報,https://recruit.fuerubo.com/upsky-recruit/job-offer?work_location=%E3%80%92422-8067+%E9%9D%99%E5%B2%A1%E7%9C%8C%E9%9D%99%E5%B2%A1%E5%B8%82%E9%A7%BF%E6%B2%B3%E5%8C%BA%E5%8D%97%E7%94%BA10-6+%E6%9D%91%E4%B8%8A%E9%A7%85%E5%8D%97%E3%83%93%E3%83%AB3%E9%9A%8E,fetch_failed
近藤コーポレーション DMデザイン,https://www.wagle.co/portfolio/post-206/,no_address
静岡市 のホームページ作成・制作・ web 制作 デザイン スタジオ ...,https://phoenixdesign.jp/service/create/,no_address
株式 会社 ロエリマ,https://www.siip.jp/index/soho/intro/781,kept
OUR CAPABILITY,https://www.plan-r.jp/capability/,no_address
広報 戦略課,https://www.pref.shizuoka.jp/kensei/introduction/soshiki/1001836/1080313.html,no_sns_service
静岡市 の マーケティング ・コンサル・ デザイン会社,https://hansokuken.jp/company/,kept
静岡 支店,https://shizuoka.aap.co.jp/,kept
【質問に対する回答の公表】公募型プロポーザル「 静岡市 移住 ...,https://www.city.shizuoka.lg.jp/s2934/s013104.html,kept
事業案内,https://www.ekoukoku.co.jp/business/,kept
支援 事業の検索結果,https://www.b-nest.jp/search?tag=%E6%94%AF%E6%8F%B4%E4%BA%8B%E6%A5%AD,kept
WORKS 仕事を知る,https://www.satv.co.jp/0900recruit/works/,no_address
会社 を知る – 株式 会社 あんどぷらす,https://recruit.andplus.co.jp/company/,kept
静岡市 総合計画の 制作 事例,https://www.spdigital.net/case-study/%E3%82%A4%E3%83%A9%E3%82%B9%E3%83%88%E3%81%A8%E3%82%A2%E3%83%8B%E3%83%A1%E3%83%BC%E3%82%B7%E3%83%A7%E3%83%B3%E3%81%A7%E9%AD%85%E3%81%9B%E3%82%8B%E7%B7%8F%E5%90%88%E8%A8%88%E7%94%BB%E6%9B%B8/,no_address
海の湖観光戦略2024-2028に基づく 2025年度アクションプラン （5 ...,https://mice-hamamatsu.jp/pdf/r7_keikaku.pdf,fetch_failed
株式 会社 富士テレネット【テレビ 静岡 グループ】,https://sizcari.jp/portal/company/417/main,no_address
デザイン,https://strust-inc.co.jp/design/,kept
オウンドメディア （自社メディア）構築 サポート プラン,https://applied-g.jp/owned-media/,kept
マーケティング戦略および実行 支援 を行うNoSHAPEが 静岡 県裾野市 ...,https://noshape.jp/news/%E3%83%9E%E3%83%BC%E3%82%B1%E3%83%86%E3%82%A3%E3%83%B3%E3%82%B0%E6%88%A6%E7%95%A5%E3%81%8A%E3%82%88%E3%81%B3%E5%AE%9F%E8%A1%8C%E6%94%AF%E6%8F%B4%E3%82%92%E8%A1%8C%E3%81%86noshape%E3%81%8C%E9%9D%99/,kept
SNS 公式アカウント,https://www.u-shizuoka-ken.ac.jp/guide/public-relations/sns/official-account/,no_company
エントリー管理システム付き 採用,https://www.sjc-net.co.jp/business/shinsotsu/jinji.html,kept
Web マーケティング MEO対策サポート,https://www.lic-mydo.com/service/marketing/mymeo/,kept
Webアプリケーション開発,https://www.akindo2000.net/webapp/,kept
出展社・出展製品 検索結果,https://dxpo.jp/real/fox/tokyo26/sales/product.html?supplier_id=505,no_sns_service
クーポン利用率・LINE登録者数が約2倍に！「キャッシュレス ...,https://www.dgft.jp/case/case21.html,no_address
過去の実績,https://www.shizuoka-concierge.com/portfolio.php,no_address
予約 一元管理 システム の導入で手間とミスを削減 認知度アップで ...,https://digiwith.smrj.go.jp/cocoapp/case/c0jrhq00000002ra.html,no_address
会社 概要,https://arc-office.co.jp/company,no_sns_service
令和7年度 静岡市 経済局商工部の中小企業 支援 策,https://ishiikoji.net/wp-content/uploads/2025/06/r7.pdf,fetch_failed
アプリ 制作,https://bestscore.co.jp/app/,kept
WEB 制作実績 WEB マーケティング SEO 静岡 駅前 オックスクラブ ...,http://www.oxclub.com/works.html,kept
静岡 県よろず 支援 拠点 無料の経営相談所,https://shizuoka-yorozu.go.jp/,no_address
当社について,https://triunfill.com/about/,kept
静岡 初！「シェア型レストラン」を新 静岡 セノバに導入,https://www.cenova.jp/shop/pdfimage.jsp?id=98,fetch_failed
AML：株式 会社 エリアマーケティング研究所,https://www.aml-inc.jp/,no_contact
拠点紹介,https://bisow.co.jp/network/,kept
会社 紹介/ホームページ制作・WEB制作のウルトラワークス(静岡県 ...,https://www.ultraworks.jp/corporate/overview/index.html,kept
2025年度事業計画書(2025年4月1日~2026年3月31日),https://www.jagda.or.jp/wp/wp-content/uploads/2025/07/2025_01activity.pdf,fetch_failed
浜松 のホームページ・webサイト制作,https://sora-studio.jp/,no_company
Service,https://kots.jp/service/,kept
地域の魅力を伝える！『るるぶキッチン』を活用した食 ...,https://www.jtbbwt.com/government/service/solution/area-marketing/promotion/rurubukitchen/,no_address
音楽の都・ 浜松 ×初音ミク「マジカルミライ 2026」での観光 PR 施策 ...,https://www.city.hamamatsu.shizuoka.jp/kanko/event/excursion.html,no_address
プロモーション 会場,https://zazacity.jp/promotion/,no_address
会社 概要,https://o-2-o.jp/%E4%BC%9A%E7%A4%BE%E6%A6%82%E8%A6%81/,kept
特集3）対談（株式 会社PR TIMES・ファンピッキング株式 会社 ）,https://www.hamamatsu-cci.or.jp/news/show/1620/bMx4anWsFZOC3EuMblM5Cg==,no_sns_service
令和7年度 総務常任委員会視察レポート 発信母体は ...,https://www.city.kishiwada.lg.jp/uploaded/attachment/159079.pdf,fetch_failed
販売促進サービス,https://www.sugiyama-ms.co.jp/service/promotion/,kept
SNS 運用ポリシー,https://www.suac.ac.jp/about/pr/sns/socialmedia_sns/,no_company
浜松市 生活 支援 体制づくり協議体(第 2 層、三方原圏域),https://hamamatsu-syakyou.jp/wp/wp-content/uploads/2024/07/r3d1_mikatabara.pdf,fetch_failed
2025年度 浜松市 鴨江アートセンター制作場所提供事業アーティスト ...,https://air-j.info/program/2025kamoeartcenter_opencall/,no_sns_service
広報支援 ー PUBLIC RELATIONS ー,https://expact.jp/promotion/,kept
会員企業紹介／株式 会社 アドウィル,https://www.hama-sss.com/sys/members/show/39,no_sns_service
【IMAGE WORKS導入事例】 浜松市役所 様,https://sp-jp.fujifilm.com/image_works/case/case9.html,no_address
観光の決め手は SNS ×写真！インバウンド向け SNS運用 代行,https://tokyocameraclub.com/inboundsns/,no_address
浜松 支店,https://hamamatsu.aap.co.jp/,kept
スタートアップ都市推進協議会 ピッチイベント,http://startup-toshi.com/img/151112_pamphlet.pdf,fetch_failed
NTTデータ東海、遠州信用金庫、トイポの3社が 地域 店舗 の 集客 と ...,https://www.nttdata-tokai.co.jp/news/20250120_matitoypo.html,no_address
2017年2月期,https://ir.g-foot.co.jp/ja/library/presentation/main/03/teaserItems1/0/linkList/02/link/tanshin.pdf,fetch_failed
Webマーケティング 支援,https://kokoromi.co.jp/webmarketing,kept
ものづくり・商業・サービス生産性向上促進補助金 第20次締切 ...,https://portal.monodukuri-hojo.jp/common/bunsho/ippan/20th/%E6%8E%A1%E6%8A%9E%E8%80%85%E3%83%AA%E3%82%B9%E3%83%88_20%E6%AC%A1%E7%B7%A0%E5%88%87.pdf,fetch_failed
会社 情報 – kiple（キプル）- 個人や小規模オフィスのパソコン設定や ...,https://kiple.jp/about/,kept
導入事例,https://dentry.jp/voice/,no_sns_service
令和 4 年度 事業計画,https://www.hai.or.jp/aboutus/information/file/590/hamainno-r4_jigyoukeikaku.pdf,fetch_failed
静岡県 浜松市 の デザイン会社,https://gdc.jp/Service,no_address
Web 予約 を導入したことで 集客 ～ 予約 獲得の流れができた,https://www.syslife.co.jp/cases/case-17,kept
広告プラン,https://www.winde.jp/business/ad/,no_company
スクロール360×シッピーノ 【サブスクEC 支援 】／サービス連携 ...,https://www.scroll.jp/news/service/2022/1101_4176/,no_sns_service
名古屋 のホームページ制作・ WEB 集客,https://webropes.jp/,kept
販促 支援,https://www.sasatoku.co.jp/quality/quality_promotion.php,kept
事業内容,https://sugimoriprint.co.jp/business.html,kept
補助金・融資,https://www.hamamatsu-startup.com/subsidy.html,no_sns_service
idG株式 会社,https://cp.idcn.jp/companies/1241.html,kept
非対面型ビジネスへの転換,https://joho-hamamatsu.jimdofree.com/%E9%9D%9E%E5%AF%BE%E9%9D%A2%E5%9E%8B%E3%83%93%E3%82%B8%E3%83%8D%E3%82%B9%E6%94%AF%E6%8F%B4-%EF%BC%92%EF%BC%97%E7%A4%BE/,no_address
業務システム開発,https://ces-ind.com/contract-development/%E6%A5%AD%E5%8B%99%E3%82%B7%E3%82%B9%E3%83%86%E3%83%A0%E9%96%8B%E7%99%BA/,kept
江藤陽介,https://nagochu.jp/partner_yosukeeto/,kept
販促 支援事業,https://fc-premier.co.jp/promotion-support-business/,no_address
会社 概要,https://www.chuokoukoku.co.jp/company/about.html,kept
事業案内,https://efex.co.jp/business.html,kept
株式 会社 NE-IRO,https://www.eventstudio.jp/company/,no_address
web制作を。 名古屋 の亀山 デザイン,https://kame-d.co.jp/,kept
企画 ・制作,https://www.cue-inc.co.jp/creative/,no_address
ソーシャルメディア・アプリ,https://www.city.nagoya.jp/shisei/kouhou/1010579/index.html,no_sns_service
SERVICE,https://e-partners-inc.com/service/,no_contact
イベント のWEB プロモーション,https://eightlink.jp/service/promotion/,kept
26-119_売上アップ！生成AI 時代の 広報 戦略講座【 名古屋 】,https://www.smrj.go.jp/institute/seto/training/sme/2026/fqlu4c0000002qzc-att/fqlu4c0000002r2c.pdf,fetch_failed
セニスルWITHの販売代理店募集を プレスリリース にて配信！,https://www.senisuru.com/posts/press-release-introduction,no_sns_service
自社らしさを打ち出し、共感を与える 採用広報 戦略とは？,https://ps.pronexus.co.jp/seminar/11553.html,fetch_failed
活動実績,https://wo-one.jp/news/,no_address
動画 制作,https://www.arkw.co.jp/service/movie.html,no_address
学生募集 支援,https://www.educe-ac.com/service/recruitment/,fetch_failed
Design Department,https://synergy-effect.jp/design,no_sns_service
名古屋市 中小企業振興会館【吹上ホール】- 協賛登録事業者,https://www.nipc.or.jp/fukiage/sponsor/support/,kept
【スーパーマーケット】万惣 × テスク「Safri」導入事例,https://www.kktisc.co.jp/case/7456/,no_sns_service
本学における SNS 大学公式アカウントに係るポリシー,https://www.nagoya-u.ac.jp/contact/sns.html,no_sns_service
沿革,https://beblock.co.jp/company/history/,kept
スマホアプリ導入によりリーチ会員数が10倍に！,https://moduleapps.com/case/yamanaka/,no_sns_service
名古屋 テレビ放送（メ～テレ）株式 会社,https://www.content-tokyo.jp/tokyo/ja-jp/search/2026con0407/directory/directory-details.%E5%90%8D%E5%8F%A4%E5%B1%8B%E3%83%86%E3%83%AC%E3%83%93%E6%94%BE%E9%80%81%E3%83%A1%E3%83%86%E3%83%AC%E6%A0%AA%E5%BC%8F%E4%BC%9A%E7%A4%BE.org-09626a47-c069-4dfd-b3c8-1f85b432508e.html,no_sns_service
ブランドパートナー活動事例集,https://www.promotion.city.nagoya.jp/common/pdf/case.pdf?260327,fetch_failed
サービス,https://interrelite.co.jp/service/,kept
Digital Promotion,https://cbc-com.co.jp/service/digital/,no_address
機関名 部署名,https://www.meti.go.jp/policy/mono_info_service/mono/human-design/04_chubu_R4.pdf,fetch_failed
名古屋 で体感した活気あふれるセールス プロモーション ！ PR ...,https://www.center-flow.co.jp/voice/20250606-238/,kept
広告代理業務,https://www.alphapoint.co.jp/business/ad/,fetch_failed
GMOメディカル革命 正規販売代理店,https://brass-med.co.jp/medicalreserve/,kept
会社 案内,https://biz-mate.net/outline,kept
イベント総合広告代理店,http://www.nakanihonsogyo.jp/?a=6741378848802,no_address
会社 を知る,https://www.recruit.sansendo.co.jp/company/,kept
サービス内容,https://chunichi-bb.co.jp/service/,no_address
会社 案内,https://yamagiku.co.jp/company/index.html,kept
BtoBマーケティング事業,https://www.s-pri.co.jp/business-2/business-webmarketing.html,kept
紙媒体・ロゴ デザイン 制作,https://hub-labo.com/design/,no_sns_service
デザイン of TOYOIN-株式 会社豊橋 印刷社,https://www.toyoin.jp/design/index.html,kept
株式 会社 堀 商店,https://noroshi.jp/Detail_companies/show_detail_company/231002/23100255,no_sns_service
アドコネクト,https://ad-connect.jp/,no_company
業務内容,https://leoplanning.jp/service/,no_address
モアイ デザイン : 岡崎市 ホームページ 制作・チラシ・名刺・ロゴ ...,https://moai-design.com/,no_company
情報発信アドバイザーの募集,https://www.city.toyohashi.lg.jp/54415.htm,kept
「三河港eyeQカルタ」による未来に向けた港の応援団づくり～若手 ...,https://www.cbr.mlit.go.jp/kikaku/2020kannai/pdf/sa11.pdf,fetch_failed
【協業パートナーのお知らせ】aao Design & Strategy（水野威 氏 ...,https://fun-create.co.jp/partner-aao-mizuno-designer-recruit-2026/,kept
［第9回］Startup Weekend 豊橋,https://swtoyohashi.doorkeeper.jp/events/178983,kept
大型映像上映「2D-3D同時視聴体験実験」 −Hidden Stereo 技術 ...,https://www.imagicalab.co.jp/news/20210128/,no_address
オウンドメディア 「もっと！ものがたり」が「CONTENT ...,https://www.monogatari.co.jp/news/260331_motto/,no_sns_service
店舗アプリ,https://nextship.co.jp/service/store-app/,no_sns_service
国立大学法人 豊橋 技術科学大学 様,https://www.allied-telesis.co.jp/case-list/tut/,no_address
交通アクセス,https://www.aiplaza-toyohashi.jp/access/,no_sns_service
セルフブランディングセミナー&WEB マーケティング セミナー,https://select-type.com/ev/?ev=76K4kKpvPfQ,no_contact
市橋求Webサイト: Webと看板で集客します。,https://ichihashi2018.jimdofree.com/,no_company
営業 支援 の種類,https://cleavenext.jp/eigyoshien/1246/,fetch_failed
Login,https://sushitomo.akindo-sushiro.co.jp/,no_sns_service
カルテットコミュニケーションズ代表 堤氏にインタビュー,https://nagoyastartupnews.jp/quartet-communications-interview/,no_address
名刺制作実績,https://attcus.pro/category/production-results/business-card-production-results/,no_address
キャッシュレス化に向けて大阪のスーパー「食品館アプロ」が ...,https://gourmetpress.net/124280/,kept
「新規体験拠点開設」！愛知県 豊橋市 「脳梗塞リハビリスタジオ ...,https://jp.hypershell.tech/blogs/taiken-tenpo/260601,no_sns_service
『焼肉きんぐ』がコロナ禍でも勝ち続けられる理由とは！？,https://epark.mbtn.jp/landingpage/case/yakiniku/01.html,kept
野菜摂取量の増加および減塩に向けた食生活を提案～,https://www.toshibatec.co.jp/news/release/20251104-03.html,no_sns_service
TOYOPay公式HP,https://toyopay.com/,no_sns_service
第3回 東三河まち・ひと・しごと創生総合戦略推進協議会 議事録,https://www.east-mikawa.jp/secure/2408/%E7%AC%AC3%E5%9B%9E%E8%AD%B0%E4%BA%8B%E9%8C%B2%EF%BC%88%E7%99%BA%E8%A8%80%E8%A6%81%E6%97%A8%EF%BC%89.pdf,fetch_failed
第5章地域社会の各分野の デジタル 化（地域DX）の状況,https://www.city.tahara.aichi.jp/_res/projects/default_project/_page_/001/010/304/hakusyo_second.pdf,fetch_failed
2026 年度 中小企業 デジタル 化・DX 促進 補助金 採択事業 68 件,https://www.pref.aichi.jp/uploaded/attachment/623609.pdf,fetch_failed
次 次,https://hananokuni.jp/wp/wp-content/themes/fjc_theme2022/pdf/sp1/fv2017report_00.pdf,fetch_failed
終了【平屋の完成見学会】9/20~21 豊橋市 にて開催,https://natsumedesign.com/eventnews/%E3%80%90%E5%B9%B3%E5%B1%8B%E3%81%AE%E5%AE%8C%E6%88%90%E8%A6%8B%E5%AD%A6%E4%BC%9A%E3%80%919-2021-%E8%B1%8A%E6%A9%8B%E5%B8%82%E3%81%AB%E3%81%A6%E9%96%8B%E5%82%AC/,no_sns_service
お客様の買いたい感情をアゲる! マーケティング戦略設計講座,https://www.aibsc.jp/wp-content/uploads/2020/03/%E3%83%9E%E3%83%BC%E3%82%B1%E3%83%86%E3%82%A3%E3%83%B3%E3%82%B0%E3%82%BB%E3%83%9F%E3%83%8A%E3%83%BC%E3%83%81%E3%83%A9%E3%82%B7%EF%BC%88%E8%B1%8A%E6%A9%8B%EF%BC%89.pdf,fetch_failed
印刷 愛知企業全員集合！,https://ai-zen.net/kigyo/sv/printing.html,kept
販促 工房(愛知県 豊橋市 ),https://cloud.sogyotecho.jp/296,no_sns_service
【7/17 13:30～】よろずビジネスセミナー 実 店舗 のインスタ戦略と ...,https://www2.library.toyohashi.aichi.jp/eventUser/main/view/2239,no_sns_service
【名刺・チラシ・セルフマガジン制作実績】 印刷 デザインのプロ ...,https://portfolio-paper.sp-factory.site/,no_address
岡崎市 の動画制作ならNEXT ARROW,https://nextarrow.co.jp/video.html,kept
オリーズ デザイン について,https://www.oriese.com/company/,no_address
About,https://meritohari.com/about/,no_company
般社団法 岡崎市 観光協会 令和 2 年度 事業報告 （令和 2 年 4 1,https://okazaki-kanko.jp/documents/organization/202106/report_R2.pdf?v202106,fetch_failed
寺嶋梨里 デザイン 企画室,https://terarisdesign.com/,no_company
トヨタネ株式 会社 様の研究農場を見学させていただきました 2026年 ...,https://jutoku.jp/agri/farm-tour-of-toyotane-202606/,no_address
豊橋市 100人カイギ,https://100ninkaigi.com/area/toyohashi,no_address
株式 会社 ダッドの企業情報,https://shushoku.meidaisha.co.jp/?p=corp_detail&id=3165,no_sns_service
販売促進 企画,https://www.sunlight.co.jp/service_promotion.php,kept
松江の魅力を県外に伝える 広報 PR戦略,https://www.matsue.jp/wp-content/uploads/2025/02/e496844d7b15a032c1c7944167bfeb51.pdf,fetch_failed
社内 広報 （PR）育成,https://ltv39.com/pr/,no_company
令和7年度「 デジタル スキルで”できる”を増やす！テレワーカー育成 ...,https://www.city.okazaki.lg.jp/business/sangyo/1005240/1012682/1005285/1013139/1014319.html,kept
ディスプレイ広告 GDN・YDA（旧・YDN） 代行,https://seo-nagoya.net/display.html,kept
岡崎 商工会議所の漫画 制作 事例,https://ad-manga.com/case/voice012,kept
岡崎 ビジネスサポートセンター OKa-Biz（オカビズ）,https://www.oka-biz.net/tag/PR/%E3%83%8B%E3%83%A5%E3%83%BC%E3%82%B9%E3%83%AA%E3%83%AA%E3%83%BC%E3%82%B9/tpl/entry.html,kept
【 岡崎市 伊賀町】24時間ジム「エコフィット24岡崎北店」新規 ...,https://www.ecofit24.com/news/20250529-gym-ecofit24-open/,no_sns_service
株式 会社 システックス様 会社 案内,https://site.brother-p.com/archives/works/338,kept
会員 登録名 住所 業種 PR HPアドレス 岐阜県 ...,https://go-centraljapan.jp/ja/service/doc/prlist240104.pdf,fetch_failed
愛知県のインターネット附随サービス業を代表する企業,https://clip-corporation.com/column/internetservices-aichi/17/,no_address
3月8日更新 2022-23シーズン プラチナパートナー企業決定のお知らせ,https://nagoya-dolphins.jp/news/detail/id=16347,kept
クラウド 基幹システムRECORE（リコア）,https://recore-pos.com/,no_sns_service
アパレルECサイト「INGNI STORE」のメール配信システム導入事例 ...,https://www.webcas.jp/newsrelease/news398/,no_address
地域活性化・観光【活用事例】,https://www.coco-ar.jp/media/tag/tourism,no_address
自治会の連合体が支える公民連携まちづくり,https://www.g-mark.org/gallery/winners/20385,no_company
融資・補助金,https://www.nagoya-cci.or.jp/service_ichiran/shikin/index.html,no_company
インターネットサービス,https://www.city.tokoname.aichi.jp/service/index.html,no_sns_service
長竹道路株式 会社 マルキ通商 仮設資材リース事業部,https://www.nagatake.co.jp/mt/,no_sns_service
お問い合わせ,https://wp-operation.com/inquiry/,no_company
関西支店,https://kansai.aap.co.jp/,kept
ITで地方にもっと人を。進んでいく地方創生,https://www.co-lab.jp/interview/shibuyacast_mole/,no_address
事業案内,https://sogo-aichi.co.jp/business,kept
サービス,https://linkpath.jp/service/,no_address
制作実績 — 愛知県瀬戸市の映像制作・デジタル コンテンツ制作,https://yep-co.net/work/,kept
会社 概要・沿革,https://www.designlab.co.jp/company/profile/,kept
クリエイティブ リノベーション,https://willing.work/creative/,no_address
会社 概要,https://haluno.jp/company/,kept
くみまち構想」の実現に向け地域と共創し課題解決に挑む,https://www.cainz.co.jp/news/14271/,no_address
運営 会社,https://nine-feel.com/company/,kept
グラフィックデザイン の曙－加藤孝司とシルクスクリーン,https://kenbi.pref.gifu.lg.jp/events/thedawnofgraphicdesign/,no_address
Webとプログラミングで人生をもっと楽しくする,https://medicos-cp.jp/interview/p3061/,no_sns_service
令和4年度事業報告等について,https://www.gifucvb.or.jp/cmsdesigner/data/entry/kessan/kessan.00045.00000001.pdf,fetch_failed
応援企業WIN-WINリレーションシップ,https://www.city.gifu.lg.jp/info/kouhou/1008368/1013569.html,no_address
チューキョーP&G,https://gifukeikyo.org/myplan/company/detail.php?id=99,no_address
【受付終了】ビジネス 支援 セミナー 集客力UP！POP× SNS 演出 ...,https://g-mediacosmos.jp/lib/event/2025/12/post_839.html,no_sns_service
7/23「2時間でわかる！起業の「超」基本セミナー」開催（ 岐阜市 ）,https://www.gifu-yorozushien.go.jp/seminar-ninomiya2026050607/,fetch_failed
広報 ライブラリー・PR映像,https://www.city.hashima.lg.jp/3542.html,kept
採用 選考案内,https://www.pref.gifu.lg.jp/uploaded/attachment/428236.pdf,fetch_failed
コネクト メディア 新規事業開発実績,https://www.connectmedia.co.jp/case-study,no_address
アドミッションズ株式 会社,https://admissions.co.jp/inspa/,no_address
SERVICES,https://www.ad-kit.co.jp/service/,no_address
Google Cloud を活用したデータマーケティングソリューションを提供,https://www.densan-s.co.jp/wp/wp-content/uploads/2024/09/20240926.pdf,fetch_failed
豊富な実績・経験を活かしたWEB/ECソリューション,https://cellec.jp/services/,kept
PR パブリックリレーションズサービス,https://crosspublicity.net/service/pr.html,no_address
【インタビュー】スタジオレッスンで「席 予約 」 岐阜 の制作 会社 が ...,https://bthefit.com/news/post-10519,no_sns_service
岐阜 新聞社営業局,https://pr.gifu-np.co.jp/,kept
アイリッジ/「FANSHIP」利用ユーザー数は順調に推移,https://finance.logmi.jp/articles/377275,no_address
広報 各務原,https://www.city.kakamigahara.lg.jp/shisei/koho/1006566/index.html,no_company
よくある質問,https://www.489ban.net/services/489ban/faq_489ban/,kept
会社 案内,https://www.loman.co.jp/company/,no_contact
Slay it,https://www.slay-it.jp/,kept
ギフッシュ： 岐阜 県内企業の魅力を発信する求職者向けサイト,https://gifush.pref.gifu.lg.jp/companies/301,no_sns_service
2024年度事業報告,http://www.gcci.or.jp/outline/common/files/2024.report.pdf,fetch_failed
岐阜 県における 令和7年度商工労働施策について,https://gshc.go.jp/wp-content/uploads/2025/07/reiwa7-1-3.pdf,fetch_failed
予約 管理 システム でビジネスの成長に貢献,https://arch-digital.com/reservation_management/,no_sns_service
会社 案内,https://foodie-buddy.com/about,kept
商業施設・レジャー施設・デベロッパー向け 集客・活性化 支援,https://areapromotion.jtbcom.co.jp/,no_address
岐阜 県における 齢者・障がい者  守りネットワーク の構築に向けた ...,https://hayabusa.gifu.med.or.jp/kenshu/wp-content/uploads/2026/01/2-1.%E7%9C%8C%E6%B0%91%E7%94%9F%E6%B4%BB%E8%AA%B2.pdf,fetch_failed
デザイン 作成ツールで出来る,https://tsucci.or.jp/10/files/m02/2025/%E2%98%85%E3%83%87%E3%82%B6%E3%82%A4%E3%83%B3%E4%BD%9C%E6%88%90%E3%83%84%E3%83%BC%E3%83%AB%E3%81%A7%E5%87%BA%E6%9D%A5%E3%82%8B%E4%BC%9D%E3%82%8F%E3%82%8B%E3%83%87%E3%82%B6%E3%82%A4%E3%83%B3%E5%88%B6%E4%BD%9C%E3%80%80%E3%83%81%E3%83%A9%E3%82%B7.pdf,fetch_failed
WEBマーケティング ・ブランディングのコンサルタント 三重 /番頭 ...,https://www.bantousya.jp/,no_address
三重県 津市 印刷 会社,https://www.ptmt.jp/company/,no_sns_service
SERVICE,https://cactus-d.com/service/,no_company
兵庫県立兵庫津ミュージアム ひょうごはじまり館,https://www.nomurakougei.co.jp/achievements/page/hyogo-prefectural-hyogo-no-tsu-museum-the-house-of-hyogo-origins/,no_address
Mamski Academy,https://ies-world.com/mamski/pr/index_s_Tsu-shi_fukugyo_shippai_shinai_shufu.html,no_company
サービス内容,https://mietventerprise.com/services.php,kept
デザイン とは 何でしょうか ?,https://icatch-inc.jp/what-is-design/,no_address
株式会社 岐阜 文芸社,https://www.bungeisya.co.jp/product/cultural/,no_address
SNS,https://www.mie-u.ac.jp/about/pr/sns.html,no_company
5/11～5/17「URまちのたね」で三重県 津市 がPRイベントを実施 ...,https://www.ur-net.go.jp/news/20260507_cyubu_machinotane.html,no_sns_service
津市デジタル 採点システム導入及び利用に係るコンペの実施について,https://www.info.city.tsu.mie.jp/sangyou_shigoto/nyuusatsu_keiyaku/1004182/1013258.html,kept
お客さまの声 岐阜 のSEOサービスならSEOラボ,https://seo-r.jp/voice/,no_address
【6/27開催 イベント @TOKYO 三重テラス】三重の地域デザイン最前線,https://region.alphadrive.co.jp/baselaunchmie/news/event240627,no_address
松阪市公式 SNS,https://www.city.matsusaka.mie.jp/site/kouhou/list141.html,no_sns_service
広報 活動,https://www.city.nara.lg.jp/life/7/52/,no_address
令和6年度入札結果（委託）,https://www.city.yokkaichi.mie.jp/nyuusatsu-info/pdf/b-result/R06itaku.pdf,fetch_failed
SNS 公式アカウント,https://www.mcn.ac.jp/line-information/,no_company
2027新卒【間接部門】【営業促進課 企画販促(総合職・デザイナー ...,https://royal-gr.jp/recruit/recruit/2027%E6%96%B0%E5%8D%92%E3%80%90%E9%96%93%E6%8E%A5%E9%83%A8%E9%96%80%E3%80%91%E3%80%90%E5%96%B6%E6%A5%AD%E4%BF%83%E9%80%B2%E8%AA%B2-%E4%BC%81%E7%94%BB%E8%B2%A9%E4%BF%83%E7%B7%8F%E5%90%88%E8%81%B7/,no_sns_service
導入事例,https://p-kachi.jp/case/,no_address
とつとつbyLTS,https://totutotu.jp/,no_sns_service
株式 会社 千代田ビデオ 様,https://www2.njss.info/voc/view/8,no_address
生産性向上 支援 センター,https://www.yorozu-shimane.go.jp/files/original/20260515155242651caca00ed.pdf,fetch_failed
つばさ久居(三重県 津市 の就労継続 支援 B型事業所)の詳細情報,https://snabi.jp/facility/34171,no_sns_service
令和7年 新年号 (1),https://www.mie-seiei.jp/wp-content/uploads/2025/02/85.pdf,fetch_failed
強みを打ち出す情報発信で動物病院の 集客 力をアップ,https://mie-biz.jp/case/37,no_address
愛知・岐阜・三重のシステム開発 Web販促支援 システム開発事業,http://www.a-acx.co.jp/develop.php,no_address
レスポンス率アップ 販促プロモーション セミナー,https://www.sakawa.co.jp/pdf/web_dmpa.pdf,fetch_failed
補助金・助成金のご紹介,https://tsushi-shokokai.or.jp/2024/03/28/%E8%A3%9C%E5%8A%A9%E9%87%91%E6%A6%82%E8%A6%81/,no_sns_service
地域,https://www.33bank.co.jp/33ir/professional/innovsc_gaiyou.pdf,fetch_failed
販促 グッズ等、印刷以外のメディアも取扱っております。お気軽に ...,https://ainfo.jp/ib/,no_address
センターお知らせ20230705,http://www.utsube.jp/kankoubutu/centernews/mokuji.html,no_company
第13回中央通り再編関係者調整会議 事項書,https://www.city.yokkaichi.lg.jp/www/contents/1723602711760/files/kaigisiryo.pdf,fetch_failed
よんてつ開催告知,https://hatta-dai3.mie.jp/wp-content/uploads/2025/09/25.9.13tetuya.pdf,fetch_failed
株式 会社 アビ・コミュニティ,https://www.avi-com.jp/wp-content/uploads/panf.pdf,fetch_failed
SNS 運用方針,https://yokkaichi-shakyo.or.jp/sns-operation-policy/,no_company
四日市市 教育委員会会議案,https://city-yokkaichi-kyouiku.jp/sys/wp-content/uploads/2024/03/504dai6kaisiryou.pdf,fetch_failed
広報 誌・ SNS,https://tomidahama.jp/magazine,no_sns_service
新宿街 プロモーション,https://h14.co.jp/promotion/,no_address
“つなぐ”,https://www.ccj-gr.co.jp/wp22/wp-content/uploads/2024/10/20241028_news.pdf,fetch_failed
ホームページ等の各種 販促 物制作,https://bricksuk.biz/service/promotion/,kept
Webソリューション,https://merise.jp/websolution.html,no_address
商 工 春 秋 5,https://www.yokkaichi-cci.or.jp/shunjyu/pdf/1905/201905.pdf,fetch_failed
こんにちは☺︎ ホンダカーズ三重北 四日市 あかつき台店です！,https://www.threads.com/@hondacars_akatsukidai/post/DYMEc9xE6Na/%E3%81%93%E3%82%93%E3%81%AB%E3%81%A1%E3%81%AF%E3%83%9B%E3%83%B3%E3%83%80%E3%82%AB%E3%83%BC%E3%82%BA%E4%B8%89%E9%87%8D%E5%8C%97%E5%9B%9B%E6%97%A5%E5%B8%82%E3%81%82%E3%81%8B%E3%81%A4%E3%81%8D%E5%8F%B0%E5%BA%97%E3%81%A7%E3%81%99%E3%82%8F%E3%81%8F%E3%82%8F%E3%81%8F%E5%9B%9B%E6%97%A5%E5%B8%82%E3%82%AA%E3%83%BC%E3%83%88%E3%83%A2%E3%83%BC%E3%83%AB%E3%83%95%E3%82%A7%E3%82%B9%E9%96%8B%E5%82%AC523%E5%9C%9F524%E6%97%A5-%E3%81%AE2%E6%97%A5%E9%96%93%E5%9B%9B%E6%97%A5%E5%B8%82%E3%82%AA%E3%83%BC%E3%83%88%E3%83%A2%E3%83%BC%E3%83%AB%E3%81%A7%E3%82%A4%E3%83%99%E3%83%B3%E3%83%88%E3%82%92%E9%96%8B%E5%82%AC%E3%81%97%E3%81%BE%E3%81%99%C2%B3%E2%82%83%E5%AE%B6%E6%97%8F/,no_sns_service
中期経営計画,https://www.d-kintetsu.co.jp/corporate/ir/upload_file/m002-m002_02/cyukei2025.pdf,fetch_failed
運営者概要,https://obanprint110.com/staff.html?srsltid=AfmBOorBNBaTK3lGHyXBOX6sL6DrU-M-ZJ4Wfs3LYML7paAKbiKnZ32Z,kept
メンバー,https://piemedia.jp/member/,no_address
チケット販売 システム ・票券管理 システム ならGettii,https://www.gettii.jp/,kept
スマートシティ実装化  援事業の報告,https://www5.city.yokkaichi.mie.jp/www/contents/1776665896125/files/smart_R7_03_04.pdf,fetch_failed
情報カメラ（ 四日市市 ）,https://community.cty-cns.jp/livecamera/,no_sns_service
四日市市 まちづくりハッカソン2024実証実験,https://niwamichi-yokkaichi.com/archives/event/%E5%9B%9B%E6%97%A5%E5%B8%82%E5%B8%82%E3%81%BE%E3%81%A1%E3%81%A5%E3%81%8F%E3%82%8A%E3%83%8F%E3%83%83%E3%82%AB%E3%82%BD%E3%83%B32024%E5%AE%9F%E8%A8%BC%E5%AE%9F%E9%A8%93,no_sns_service
会社 案内,https://www.mizuku.co.jp/corporate/,kept
宮川印刷株式 会社,https://www.pref.shiga.lg.jp/file/attachment/5439568.pdf,fetch_failed
四日市 日永店,https://corollamie.co.jp/shop_post/hinaga/,no_sns_service
会社 概要,https://hokupri.com/company/,kept
SNAZZY（スナッジー）【ITコンサルティング・ホームページ制作 ...,https://www.snazzy.jp/,no_address
会社 概要,https://funfairfanfare.com/corporate-profile/,no_address
株式 会社 COMARS,https://www.comars-ltd.com/wp-content/uploads/2025/09/COMARS_CoLtd_CooporateProfile_2025.pdf,fetch_failed
登録専門家検索,https://www.shigaplaza.or.jp/senmonnw/pro20/page/4,kept
【令和8年7月】 大津市 男性の家事育児参画推進事業 イベント企画 ...,https://www.city.otsu.lg.jp/b/nk/pr/k/R8/76018.html,no_sns_service
MMSQUARE,https://mmsquare.net/,kept
令和6年度 通常総会提出議案書,https://otsu.or.jp/wp/wp-content/uploads/2024/08/457b8895a8c19488b1837802d6b51b5a.pdf,fetch_failed
よくあるご質問,https://free-section.com/faq/,kept
宮川印刷／滋賀県印刷工業組合,https://japan.paper-summit.com/vendor/48/miyagawa-printing/,kept
本部 ACCESS,https://www.life-lines.info/about-us/,kept
京都・滋賀 プレスリリース,https://localpr.jp/,no_address
滋賀県商工会連合会,https://www.shigasci.net/,no_sns_service
三重県よろず 支援 拠点: 三重県の無料経営相談,https://mie-yorozushien.go.jp/,kept
中小企業の売上を仕組みで伸ばすWeb制作,https://workersmark.net/,no_address
もりやま 広報支援 補助金の申請について,https://moriyama-cci.or.jp/2023/04/28/pr_hojo/,kept
事業内容 SERVICE  アイクリエイト株式会社,https://www.i-crea-te.co.jp/service/,no_address
「独自ドメイン携帯通販・開店攻略＆成功事例公開セミナー」を ...,https://mmdlabo.jp/seminar/detail_303.html,no_address
posts by tag,https://www.komatsumayo.com/tags/pr,no_sns_service
マーケティング・コミュニケーション,https://solution.toppan.co.jp/solutions/marketing.html,no_address
大津MICE,https://otsu-mice.jp/,no_company
観光マーケティングを デジタルで加速せよ！,https://jrc.jalan.net/wp-content/uploads/2021/06/13c18c4b8d453ef582dc2d87068b3493.pdf,fetch_failed
第77回 定時株主総会 招 集 ご 通 知,https://www.kisoji.co.jp/ir/media//ir/media-download/3362/f316b6bb74ee1e3d/PDF/,fetch_failed
会社 概要,https://www.kousoku-offset.co.jp/about/,no_address
DEKEEL,https://www.dekeel.net/,no_address
Tangerine「Store360 SDK for OMNICITY」を提供開始しました,https://corporate.tangerine.io/220829,kept
﹁大切 な 会社 を 未来 に 残 す た め に ﹂ ﹁大切 ...,https://www.otsucci.or.jp/cmscp/wp-content/uploads/4c66d166d8bdf32bdb693a400c3e8006.pdf,fetch_failed
コンサルタントを探す,https://www.leapath.jp/search-consultant/,no_address
制作実績,https://sunnyworks.site/works,no_sns_service
令和5年度 大津 予算(案)のポイント,https://www.taniyuji.jp/wp-content/uploads/01-11.%E8%B3%87%E6%96%991_%E4%BB%A4%E5%92%8C5%E5%B9%B4%E5%BA%A6%E5%A4%A7%E6%B4%A5%E4%BA%88%E7%AE%97%E6%A1%88%E3%81%AE%E3%83%9D%E3%82%A4%E3%83%B3%E3%83%88-1.pdf,fetch_failed
大津市 内および比叡山における 2020 年度 MaaS 実証実験の結果 ...,https://www.keihan.co.jp/corporate/info/release/assets/pdf/2021-03-30_kotokoto.pdf,fetch_failed
京都・大阪で SNS 広告 運用 代行ならPrime SEO+,https://primeseo.jp/service/sns-advertisement/,no_address
会社 概要 of メイクアド 名刺、封筒、はがき、ポスターの高品質 ...,http://make-ad.net/kaisya.html,kept
製造業の 会社 がつくるホームページ制作,https://ad.alphace.co.jp/mfg/,kept
株式 会社 アーチ・ヒーロー北海道,https://economy.clair.or.jp/wp-content/uploads/2024/04/d317d601f6ed4436e86f744bb3c5e58b.pdf,fetch_failed
ﾌﾘｶﾞﾅ 社名 所在地 担当者 企業理念 職場環境,https://workshiga.com/uploads/contents/83_filepath3.pdf,fetch_failed
組合員さまへ,https://www.shiga-ryokan-kumiai.jp/union-member,no_sns_service
株式 会社 ホッパーアド,https://hopper-ad.com/,no_sns_service
京都 の webマーケティング会社,https://kotomeet.com/,no_address
店舗導入事例,https://promo.kleen-tex.jp/case_studies_category/store/,kept
広報,https://www.city.hikone.lg.jp/shisei/koho/index.html,no_sns_service
COMPANY 会社 概要,https://www.omi-in.co.jp/company/,kept
広告／企画,https://www.kocci.or.jp/market/creatorclub/creatorclub_search/category/30233/,kept
株式 会社 伝,https://www.den-inc.jp/about/,kept
会社 概要,https://v-iew.co.jp/aboutus.html,no_address
コーポレートサイト,https://kyoto-ad-design.com/service/corporate_site/,kept
職員 採用広報 ツール パンフレット2021,https://www.waveltd.co.jp/works/%E4%BA%AC%E9%83%BD%E5%A4%A7%E5%AD%A6%EF%BC%8F%E8%81%B7%E5%93%A1%E6%8E%A1%E7%94%A8%E5%BA%83%E5%A0%B1%E3%83%84%E3%83%BC%E3%83%AB/,no_sns_service
フジヤの 会社 概要,https://s.evesul.jp/event_company/fujiya,no_sns_service
harenohi,https://www.80nohi.com/,kept
株式 会社 アデレック,https://www.nishinihon-venture.com/company/adelec/,kept
ABOUT,https://www.schefflera.net/about,no_address
事業内容,https://wr-inc.jp/service/,kept
採用 情報,https://tsukagoshi-saiyo.jp/17.html,no_address
売上向上を目指す情報発信強化・ 広報 担当人材育成コース,https://recurrent-kyoto.com/news/3864/,no_sns_service
就職実績,https://www.kid.ac.jp/feature/career_result/,no_company
株式 会社 アイエムジーの広告代理店としての役割と 京都 の広告市場 ...,https://img-a.jp/%E6%A0%AA%E5%BC%8F%E4%BC%9A%E7%A4%BE%E3%82%A2%E3%82%A4%E3%82%A8%E3%83%A0%E3%82%B8%E3%83%BC%E3%81%AE%E5%BA%83%E5%91%8A%E4%BB%A3%E7%90%86%E5%BA%97%E3%81%A8%E3%81%97%E3%81%A6%E3%81%AE%E5%BD%B9%E5%89%B2/,no_address
会社 情報,https://video.wind-mill.co.jp/company/,no_address
広報 誌「 京都市 産業技術研究所magazine」vol.10の発行,https://tc-kyoto.or.jp/info/post-23501/,no_sns_service
KYOTO CITY OPEN LABO,https://open-labo.city.kyoto.lg.jp/,no_address
京都 大学ソーシャルメディア公式アカウントに係るポリシー,https://www.kyoto-u.ac.jp/ja/about/public/sns,no_sns_service
令和4年4月 広報 資料,https://www.city.maizuru.kyoto.jp/shisei/0000009679.html,no_sns_service
イノベーションプランニング- 京都 での商品企画・製造・販売、独立 ...,https://inopla-japan.com/,no_sns_service
運営会社について,https://kids.kyomama.jp/%E9%81%8B%E5%96%B6%E4%BC%9A%E7%A4%BE%E3%81%AB%E3%81%A4%E3%81%84%E3%81%A6/,no_address
株式 会社 魁力屋の「事業再編計画」のポイント,https://www.maff.go.jp/j/shokusan/kikaku/attach/pdf/kyoukahou-79.pdf,fetch_failed
KYOTO Next Award,https://kyoto-nextaward.kyo.or.jp/,no_sns_service
SNS ・ オウンドメディア運用,https://owlet.kansaipado.co.jp/ownedmedia/,no_address
「最新 マーケティング ツールが実現する『おもてなし』とは ...,https://hd.gmotech.jp/news/6708/,no_address
費用ゼロで 集客 力を高める「food app,https://food.funfo.jp/index.php/restaurant/,no_sns_service
バリューデザイン、タイ初出店のプレミアム豚焼肉専門店 ...,https://www.valuedesign.jp/news/press/a17,no_sns_service
フライドポテト専門店が CRM 導入、30万人の 会員 属性に応じた 販促 ...,https://dxmagazine.jp/news/ucn7n/,fetch_failed
【提案依頼】「観光マナーの向上に向けた コンテンツ制作 及び 広報 ...,https://www.kyokanko.or.jp/news/20260520/,no_address
【 京都 】観光地の飲食店必見！ 集客 や改装に使える補助金ガイド ...,https://shiomi-gyosei.com/%E8%A3%9C%E5%8A%A9%E9%87%91%E3%83%BB%E5%8A%A9%E6%88%90%E9%87%91%E3%81%AB%E3%81%A4%E3%81%84%E3%81%A6/column-5/renovation-tourism-subsidy/,no_sns_service
組合せ 予約システム 1人予約ランド 株式 会社 バリューゴルフ,https://s.valuegolf.co.jp/one.html,no_address
Service事業紹介,https://kyoto-sanko.co.jp/service/,fetch_failed
28 ＜新＞ネットショップ＆デジタル マーケティング 入門 12月開講,https://www.labor.or.jp/gakuen/archives/kyoto-school/netshopmarketting,no_company
S23_16_kansai,https://s23.jizokukahojokin.info/doc/saitaku16/s23_16_kansai.pdf,fetch_failed
観光関連産業のコンサルティング（株）西河経営サポート,https://nishikawa-ks.jp/,no_company
ホームページ制作 京都,https://plus.revonet.co.jp/,kept
株式 会社 経営と デザイン,https://www.management-design.co.jp/,no_address
会社 案内,https://www.fisheye.co.jp/company,no_address
飲食店向け 予約 管理 システム 「ebica」と「funfo」、 システム 連携開始,https://www.funfo.jp/index.php/ebica/,no_sns_service
販促 DXならインパクトホールディングスグループ,https://impact-mirai.co.jp/solution/spdx/,kept
株式 会社 コトウリ,https://www.mebic.com/cluster/kotouri.html,no_address
会社 概要,https://otsum10.com/company/,kept
事業内容・実績,https://www.be-kyoto.jp/about/works,no_address
京都 発！ 印刷会社 が出会った新たな社会共創のかたち ～「 京都 ふぉ ...,https://www.takara.co.jp/story/1188650_2231.html,no_address
COMPANY GUIDE,https://asset.lmsg.jp/11490/CompanyProfile.pdf,fetch_failed
大阪 のwebサイト制作・ホームページ作成・ 運用 の株式 会社 alter,https://alter-inc.jp/,kept
東 大阪 の デザイン 事務所Hi BASE,https://hi-base.com/,kept
東京・ 大阪 の イベント 制作・ プロモーション企画 ・制作,http://enjine.jp/company/index.html,kept
新着情報,https://www.ki21.jp/informations/?source=2,kept
イベント企画 ・映像企画・WEB企画,https://click-inc.jp/,no_address
イベント企画 ・運営なら株式 会社 日本パルスへ！,https://www.pals.co.jp/plan/,kept
広報 広聴室 広報 課,https://www.city.higashiosaka.lg.jp/soshiki/40-1-0-0-0_51.html,no_sns_service
お問い合わせ,https://windom.ag/contact/,no_address
デザイン ＆マーケティング事業,https://theodor.co.jp/page-des_mark/,kept
大阪市広報 X（エックス）,https://www.city.osaka.lg.jp/seisakukikakushitsu/page/0000215096.html,no_address
大阪 府認定「ビジネス 広報 PR講座」,https://lpr-m.jp/course/,no_address
SNS ・ 広報 紙,https://osaka-kosodate-joto.net/document/,no_sns_service
報道提供資料（ プレスリリース ）,https://www.city.hannan.lg.jp/kakuka/mirai/mkatsu/baitai/houdouteikyou/index.html,no_sns_service
大阪 オフィス OSAKA BRANCH,https://powerpj.com/osaka/,kept
SNS ・ 広報 紙,https://osaka-kosodate-taisho.net/document/,no_sns_service
11月NPO 広報 ここだけの話し「ないないづくしの 広報 戦略」,https://kyodo-portal.city.osaka.jp/event/24000022014/,kept
SNS Marketing & Operation Support,https://mo-mentous.com/works/social-media-marketing/,no_company
SNS ・ 広報 紙,https://osaka-kosodate-chuo.net/document/,no_sns_service
小売業の アプリマーケティング を トータルコーディネート,https://appli.raku-za.jp/wp-content/uploads/2022/02/AppShips_ver1.0.pdf,fetch_failed
CRM システムの新定番「SatisfaCRM」登場！,https://www.vinx.co.jp/news/pdf/250929_01crm.pdf,fetch_failed
「第2回 マーケティング ・販促サミット」に出展致します！【2/16 ...,https://www.mk-design.co.jp/news/2022/02/marketing_hansoku_summit_2022,no_address
イベント 実績,https://kansaikikaku.ne.jp/promotion_area/event/,no_address
コンテンツ制作,https://rawcrew.jp/service/design/content-creation/,kept
飲食店等における外国人観光客受入環境高度化事業: 大阪市,https://dx-osakacity.com/,no_sns_service
大阪市 のイベント・セールスプロモーション 会社,https://tonakbuque.co.jp/osaka-marketing-company/,fetch_failed
顧客体験変革: 出展ソリューションのご紹介,https://jpn.nec.com/retail/event/rtj2026/catalog/CX.html,no_sns_service
アプリ 開発は 大阪アプリ 開発へ,https://osaka-app.com/,no_address
ABOUT,https://m-d-o.co.jp/index.php/about/,no_address
システム開発事業,https://www.world-pt.co.jp/business/develop/,kept
ISZ Booking日本版リリース： 大阪 発・あらゆる 店舗 の 集客 を自動化 ...,https://iszgroup.com/ja/insights/isz-booking-japan-launch-ja/,no_sns_service
【 販売促進 とは？】広告用語集,https://visipri.com/ad-dictionary/872-SalesPromotion.php?srsltid=AfmBOorQM2wtGIfeh9qKlVfMY7-GMz1RFopojhltVOs032HMfOJludii,kept
セールス プロモーション 事業,https://palfe.ne.jp/promotion/,kept
プチクリエイト--ホームページ作成/激安 印刷 /POP制作/看板作成 大阪 ...,http://www.puti-create.jp/,kept
令和6年度及び令和7年度 大阪 代表 商品販促 事業,https://www.pref.osaka.lg.jp/o110050/keieishien/daihyo_shohin/index.html,no_sns_service
広告代理店業務,https://www.mag-net.co.jp/service/advertising.html,kept
セールス プロモーション,https://www.osakaorikomi.co.jp/media/promotion/,kept
株式会社ビーツ、リテールテックJAPAN 2026 に出展 店舗販促 向け ...,https://www.beeats.co.jp/news/20260219/,no_address
FIDIAアジャスト堺東オフィス,https://fukucie.jp/business-detail/446,no_address
予約システム ・予約管理システムならリザエン,https://www.riza-en.jp/,no_sns_service
販促 プロモーションツール グラフィック デザイン / イオンモール ...,https://offstyle.net/2025/08/09/aeonmall-sakaiteppocho_scratch-card/,kept
サービスのご紹介,https://www.pageone-studio.co.jp/services/,no_address
堺 NeXt Drive（ 堺市 DX新規事業創出業務）,https://www.city.sakai.lg.jp/sangyo/shienyuushi/dx_shien/sakai_next_drive.html,no_address
Web サイト構築、動画制作、デジタルマーケティング、展示会 ...,https://www.konishi-p.co.jp/service/web.html,kept
会社 案内,https://gelatocms.com/about/,kept
運営 会社,https://honbako-cafe.com/company/,kept
会社 情報  グランピング・ イベント企画 ・タレントブッキングなら ...,https://www.keito-jp.com/office.php,kept
令和5年度 事業計画,https://www.sakai-tcb.or.jp/assets/pdf/profile/admission/r5_plan_jigyo.pdf,fetch_failed
販促支援 ・営業 支援 ／課題解決,https://www.kowa-dtp.com/seles/,kept
映像制作,https://www.totsu-plan.com/eizo.html,kept
株式 会社デジタル アックス,http://sakaipr.com/%E6%A0%AA%E5%BC%8F%E4%BC%9A%E7%A4%BE%E3%83%87%E3%82%B8%E3%82%BF%E3%83%AB%E3%82%A2%E3%83%83%E3%82%AF%E3%82%B9/,no_sns_service
デジタル コンテンツ制作,https://www.daiwa-skk.co.jp/products/item/digitalcontent/index.html,no_sns_service
たっぐ,https://tug168.net/,no_company
SNS 運用ポリシーについて,https://sakai-pta.jp/sns-policy/,no_address
サービスに関するお問い合わせ,https://www.braincenter.co.jp/contact/contact.html,no_address
映像 制作,https://www.astem-co.co.jp/video/,kept
10:30-16:30,https://www.sansokan.jp/eveoubo/250523_webhansoku_chirashi.pdf,fetch_failed
大阪府 堺市 、イノベーション創出や行政課題解決に向けた実証事業 ...,https://port.creww.me/innovation/136954,no_address
倉吉市デジタルしごと体験 コンテンツ制作 業務の公募型 ...,https://www.city.kurayoshi.lg.jp/12768.htm,no_sns_service
広告に頼らない！自分でできる 集客 の仕組み作りと 店舗 経営,http://www.power-k.jp/management/,kept
販売パートナー（販売代理店）,https://www.busicom.co.jp/support/agency_list.html,kept
中期経営計画の策定に関するお知らせ,https://www.hc-kohnan.com/wprnw/wp-content/uploads/2024/07/%E4%B8%AD%E6%9C%9F%E7%B5%8C%E5%96%B6%E8%A8%88%E7%94%BB%E3%81%AE%E7%AD%96%E5%AE%9A%E3%81%AB%E9%96%A2%E3%81%99%E3%82%8B%E3%81%8A%E7%9F%A5%E3%82%89%E3%81%9B-1.pdf,fetch_failed
株式 会社 grandioso,https://grandioso-sys.com/,kept
CRM 成功まで 支援 組織をした協力会社,https://www.jericho-group.co.jp/company.html,no_address
堺市,https://local-iot-lab.ipa.go.jp/lab/sakai-city-iot/assets/db2722e8412256deed9dde017a8383822ce9214b.pdf,fetch_failed
Real Store Conference ～ 店舗 の 集客 ・顧客体験をアップデート ...,https://biz-study.com/events/Real%20Store%20Conference%20%EF%BD%9E%E5%BA%97%E8%88%97%E3%81%AE%E9%9B%86%E5%AE%A2%E3%83%BB%E9%A1%A7%E5%AE%A2%E4%BD%93%E9%A8%93%E3%82%92%E3%82%A2%E3%83%83%E3%83%97%E3%83%87%E3%83%BC%E3%83%88%20%EF%BD%9E,no_address
集客,https://info-ligua.jp/services/attract/,no_sns_service
サービス,https://officeomori.com/?page_id=72,no_address
Marketingマーケティング,https://eightgroup.jp/marketing/,no_address
令和 5 年度 堺市 中小企業 デジタル 化 促進 補助金 募 集 要 領,https://taxlabor.com/web/wp-content/uploads/2023/04/73f149826847dc140aeab62b987458d3.pdf,fetch_failed
TOGU,https://togu-sakai.jp/,no_address
ブログ,https://nagi-office.jp/%E3%83%96%E3%83%AD%E3%82%B0/,no_sns_service
Spidea: 地域 を代表する企業100選,https://madeinlocal.jp/category/companies/senshu021,kept
サービス,https://dts-kobe.com/service/,kept
神戸のマーケティング・ Web 広告・SNSならS ...,https://s-suite.kobenp-printing.co.jp/,kept
COMPANY,https://twofive.com/company/,no_sns_service
広報媒体制作の包括的業務【事業者の決定】,https://www.city.kobe.lg.jp/a57337/kohosenryaku/boshu_hokatsu2026.html,no_address
SERVICE,https://monocoto-inc.jp/service/,kept
山本 哲也,https://www.sakai-ipc.jp/specialist/profile/88/,kept
令和6年能登半島地震 神戸市 による珠洲市 広報支援 の横展開,https://linegov.com/case/kobe-suzu.php,no_sns_service
イベント プランニング,https://winnist-power.net/?page_id=55,no_sns_service
[学内向け] プレスリリース の手順,https://www.kobe-u.ac.jp/ja/about/public-relations/press/guideline/,no_sns_service
ミナトメイワ 印刷 株式 会社 – 販促 企画／ WEB 制作／ 印刷 まで、一気 ...,https://www.minatomeiwa.jp/,kept
相川結さん デウソン 神戸SNS広報 大使 就任のお知らせ,https://deucaokobe.jp/post-34602/,kept
大学ブランド力強化のための 広報支援 サービス,https://pr.tfort.co.jp/%E5%A4%A7%E5%AD%A6%E5%BA%83%E5%A0%B1%E6%94%AF%E6%8F%B4/,no_address
採用 人材の半数以上は県外在住者 ～1月27日（水） 神戸市 ・副業者 ...,https://crowdworks.co.jp/news/mv2rwm7niu/,no_sns_service
三菱HCキャピタルと神戸新聞社が 神戸市 内の大学などで デジタル ...,https://www.mitsubishi-hc-capital.com/news/assets/pdf/2024102801.pdf,fetch_failed
神戸市 、副業として働く外部人材を40人募集 広報 スキル持つ 会社 員 ...,https://www.itmedia.co.jp/news/articles/2009/24/news174.html,no_sns_service
サイト分析・マーケティング,https://naveey.co.jp/marketing/,kept
藤沢市 市民ポータルサイト「ふじまど」 構築プロジェクト,https://www.deloitte.com/jp/ja/Industries/government-public/case-studies/fujimado.html,no_address
実績紹介,https://www.kobe-j.co.jp/works/,no_address
スタートアップ事業,https://kobe-bizmatch.jp/startup/st/,no_address
兵庫県 神戸市 がプール開放事業に「RESERVA」を導入しました,https://lg.reserva.be/case-study-reserva-kobe/,no_sns_service
会社 案内,https://signage.tescomsound.co.jp/company/,kept
2023年度事業計画,https://www.kobe-cci.or.jp/pdf/jigyokeikaku_2023.pdf,fetch_failed
神戸市 産業振興財団,https://kobe-ipc.or.jp/wp-content/uploads/2023/05/2305_zaidan_pamphlet.pdf,fetch_failed
KOBE BUSINESS PROGRAM So-I,https://growth.creww.me/5d78c83f-5453-11ef-b680-a55d200bb812.html,no_address
公共機関向けAgentforceで、住民の信頼とつながりを構築,https://www.salesforce.com/jp/government/,no_sns_service
沿革,https://www.kdl.co.jp/company/history/,no_sns_service
イベント用品レンタル/企画・運営/兵庫県・ 神戸市 /ダスキン ...,https://www.dra-kobewest.jp/,no_address
「 神戸 GPSスタンプラリー」にMygruを提供 交通課題の可視化と ...,https://www.gixo.jp/news-press/27356/,no_address
企業情報 COMPANY,https://oricomi-k.co.jp/company/,no_address
株式 会社 ジョージ,https://george.co.jp/,kept
kobe city archive,https://urban-innovation-japan.com/past/past-kobe-city/,no_contact
神戸 新聞ポスティング,https://kobe-posting.com/,fetch_failed
株式 会社 DLK 神戸,https://digilook-kobe.jp/,no_address
松尾 良彦,https://kobe-ssr.jp/archives/business_item/533,kept
会社 概要,https://www.word-world.com/gaiyou.html,no_address
神戸 の 商店 街から生まれた「 神戸 タータン」 「第11回日本 ...,https://kobecco.hpg.co.jp/42747/,no_address
営業部より,https://www.shichiou.co.jp/aboutus/sales.html,no_sns_service
「 神戸市 企業誘致に係るPR動画 制作 業務」に係る事業者を募集し ...,https://kobe-investment.jp/2020/12/11/009/,no_sns_service
多様なサービスでビジネスを支援,https://hpg.co.jp/service/index.html,no_address
イベント 動画制作に関する内容,https://company-croco.com/service-category/service-event/,kept
姫路 パンフレット制作.com,https://www.himeji-p.com/,kept
ネットメディアクリエイターコース,https://www.himejo.ac.jp/course-list/net-media/,kept
クリスマス プロモーション 事業（Hitototki Christmas）について,https://www.city.himeji.lg.jp/shisei/0000032078.html,kept
事例,https://fujikousoku.co.jp/case/,no_address
プロモーションサービス,https://www.meikodo.com/service/promotionservice/,no_address
未来を動かす体験デザイン〔播磨国際協議会 講演会〕,https://www.himeji-cci.or.jp/seminars_events/26060201.html,no_sns_service
広報 ・ SNS ・PR・マーケティング,https://career.nect.jp/job-list/public/,no_company
地域情報発信,https://www.shinkin.co.jp/himeshin/aboutus/chiiki/smile.html,no_address
「 広報 ひめじ」やさしい日本語,https://www.himeji-iec.or.jp/koho-himeji_yasashii-nihongo,no_company
姫路城だけじゃない！地元 姫路 の魅力を,https://www.yamatokogyo.co.jp/yamato/pdf/210430.pdf,fetch_failed
SNS ・メディア掲載,https://himeji.jrc.or.jp/category/gaiyou/media.html,no_sns_service
SNS 構築・ 広報 PR,https://endesign-group.jp/symbol-design/value-design/,kept
事業内容,https://www.himeji-kanko.jp/dmo/business/event/,no_company
公式 SNS,https://hgmc.hyogo.jp/about/sns.html,no_sns_service
5人以下の小さなお店がするべき 集客 の方法を大公開！,http://www.mediamix.biz/setsumeikai/,no_sns_service
国内有数のコレクションを誇る植物園,https://web.pref.hyogo.lg.jp/kk03/dayori2605/documents/passsumiinnsatuka1~7.pdf,fetch_failed
株式 会社 A.D.D: 創業20年、 姫路 のグラフィック・ウェブデザイン ...,https://www.add-projects.jp/,no_sns_service
姫路市 の飲食店が地域特化型 マーケティング 支援サービスTOCOYA ...,https://tocoya.net/%E5%A7%AB%E8%B7%AF%E5%B8%82%E3%81%AE%E9%A3%B2%E9%A3%9F%E5%BA%97%E3%81%8C%E5%9C%B0%E5%9F%9F%E7%89%B9%E5%8C%96%E5%9E%8B%E3%83%9E%E3%83%BC%E3%82%B1%E3%83%86%E3%82%A3%E3%83%B3%E3%82%B0%E6%94%AF%E6%8F%B4/,no_address
MIKAGE店舗コンサルティング,https://www.mikageconsul.jp/service/next_salon,no_sns_service
SERVICE,https://ropeth.com/service/,kept
令和4年度 姫路市 産業 デジタル 化 支援 補助金 募集要領【A型（大型 ...,https://himeji-shoko.jp/wp-content/uploads/2022/05/R4digitalyouryoua2.pdf,fetch_failed
兵庫県 姫路市 の映像制作 会社 新日本テレビスタジオ 事業内容,https://v-sts.com/service/index.html,fetch_failed
11・ 12,https://www.h-keikyo.gr.jp/cms/wp-content/uploads/2023/07/Bridge2021.11.12.pdf,fetch_failed
みつけて播磨情報サイト『 姫路 みたい』,https://www.victorina-vc.jp/sponsor/himeji-mitai/,no_address
業務効率化 システム で 姫路市 の中小企業のコスト削減と生産性向上 ...,https://cocon-inc.co.jp/himeji-gyomu-koryuka-system/,no_sns_service
加古川・神戸・明石・ 姫路 のホームページ制作・LINE 予約システム ...,https://en-graphiction.com/,kept
ゴダイドラッグ3 店舗 に電気自動車（EV）用普通充電器を計12口 ...,https://terra-charge.co.jp/press-release/2024112502/,kept
姫路 獨協大学 2024年度 広報,https://www.harimanics.co.jp/work/15/,kept
イベント用品レンタル/兵庫県・ 姫路市 /ダスキンレントオール姫路 ...,https://www.dra-himeji.jp/,no_address
行政視察報告書,https://www.city.nasushiobara.tochigi.jp/material/files/group/60/sihannokai_r5_1.pdf,fetch_failed
美容室hairs 姫路 広畑東新町店,https://www.e-salon.co.jp/search/hirohata-higashishinmachi/,no_sns_service
【月額0円】 姫路市 ホームページ制作,https://hp-clef.com/himeji-homepage-seisaku/,kept
三原 賢治,https://nara-sangyoshinko.or.jp/senmonka/disp.php?dno=78&y1=&y2=0&y3=0&y4=0&keyword=,no_address
トータルプランニング,https://meishin.co.jp/planning.html,kept
奈良市 PTA連合会,http://web1.kcn.jp/nara_city_pta_hp/kenshu.html,no_sns_service
デザイン QR,https://www.ksp-group.co.jp/service/qr/,kept
サクラインターナショナル株式 会社,https://www.chuokai-nara.or.jp/nara-job/www/home/customer_detail/00000115,no_sns_service
Nara Digital Strategy Office,https://ndso.jp/,no_company
About,https://creatorsbridge.work/nara/about,kept
入 会 の ご 案 内,https://narashikanko.or.jp/lsc/upfile/articleDetail/0000/0096/96_d005_file.pdf,fetch_failed
会社 概要,https://bigsize-scan.com/about/,kept
日本ユニセフ協会の主な活動— 広報 活動,https://www.unicef.or.jp/about_unicef/about_katudo_koho.html,no_sns_service
採用広報コンテンツ ・オウンドメディア 制作,https://cm-marketing.jp/service/web-creation-lp/,no_address
【Micoworks株式 会社 】ゼロからの新卒採用と 採用広報 支援。社内に ...,https://whom.jp/news/Micoworks,no_sns_service
ひょうご産業SDGs推進宣言事業・認証事業,https://web.hyogo-iic.ne.jp/sdgs/kigyou/page/72,no_sns_service
「候補者の“共感”と“理解”を深める 採用 狭報」に注力し、 コンテンツ ...,https://otogi-inc.co.jp/casestudy/6/,kept
アプリ が 集客 に強い理由,https://app-loop.com/shop/attract/,no_sns_service
令和6年度に重点的に取り組む施策,https://www.pref.nara.lg.jp/documents/11502/20251110171808.pdf,fetch_failed
吉野ファン・リピーターづくりにつなげるDX活用,https://www.kansai.meti.go.jp/3-1toukou/dx/jirei_3.pdf,fetch_failed
三井情報、南都銀行へ営業活動を自動 支援 する アプリ 「Vymo」を導入,https://www.mki.co.jp/news/solution/20230807-1.html,no_sns_service
お取組紹介：株式 会社 Tale Navi,https://chiikisyousya-network.go.jp/board/detail/52,no_address
市民に信頼される最先端の行政サービスを。 奈良市 が目指す ...,https://cxclip.karte.io/friends/story/nara-city/,no_company
経営 支援,https://www.nara-cci.or.jp/keiei/,no_sns_service
＜8/29＞バスケやろうぜ！ バスケの日 2026 in 奈良市 開催,https://bambitious.jp/news/detail/event260829/,no_sns_service
生駒市シティプロモーション施策の価値創造モデルを作成しました,https://www.city.ikoma.lg.jp/0000034519.html,no_address
印刷 会社 と 地域 活性化 （5） 新しい価値の発信基地へ,https://www.jagat.or.jp/past_archives/content/view/3563.html,no_address
About Us,https://placebranding.jp/aboutus/,no_address
採用広報コンテンツ のABCDE～企業の魅力を多面的に伝えるため ...,https://webpub.jp/2024/10/17/contentsabcde/,no_address
株式 会社 アスタリズム – 奈良 ・中南和 地域 の PR 専門 会社 です,https://asterizm.com/,kept
採用広報コンテンツ の立ち上げを支援,https://yosca.jp/cases/onboarding-article/,kept
運営 会社 情報,https://nara-sumai.com/about/,kept
ブランディング,https://yarukiouendan.or.jp/expert_category/branding/,no_company
WEB販促 なら神田 印刷 にお任せください,https://www.kanda-p.co.jp/digital-marketing/lp/,no_address
シティ プロモーション について,https://www.city.wakayama.wakayama.jp/shisei/1009206/1065428/index.html,no_address
WEBディレクター,https://www.clarenet-wakayama.com/rec/page-172/,kept
地方の課題をFireflyで生成したキャラクターで解決。 和歌山市 シティ ...,https://blog.adobe.com/jp/publish/2025/12/15/cc-wakayamashi-city-promotion-firefly-case-study,no_company
WEB 制作・マーケティング 支援,https://tokyosenden.com/services/web,kept
befriend株式 会社,https://www.wakayama-uiturn.jp/highschool/recruit/page/?slug=befriend,no_address
会社 概要,https://www.living-wakayama.jp/company/profile/,no_address
生駒市の 販促 ・ プロモーション の専門家・コンサルタント,https://mbp-japan.com/nara/search/area:29:29002:29209/genre:8:8017/,no_address
広報 塾,https://www.jsccs.jp/activity/lessons/,kept
和歌山市 消防団,https://www.fdma.go.jp/relocation/syobodan/welcome/search/item/pdf/01wakayamasisyouboudann.pdf,fetch_failed
3/20放送 和歌山市 消防団【公認】 広報 デザイン部②,https://genki-wakayamashi.wbs-sns.com/2025/03/20/3-20%E6%94%BE%E9%80%81%E3%80%80%E5%92%8C%E6%AD%8C%E5%B1%B1%E5%B8%82%E6%B6%88%E9%98%B2%E5%9B%A3%E3%80%90%E5%85%AC%E8%AA%8D%E3%80%91%E5%BA%83%E5%A0%B1%E3%83%87%E3%82%B6%E3%82%A4%E3%83%B3%E9%83%A8/,no_sns_service
令和8年度わかやまオープンファクトリー 支援 事業補助金について,https://www.pref.wakayama.lg.jp/prefg/061000/d00221860.html,no_sns_service
イベント企画 ・運営,https://dwr.jp/service/event/,no_address
和歌山 で デザイン ・取材原稿・業務支援,https://crop.wakayama.jp/page/20/,kept
和歌山 SEOオフィス,https://www.wakayama-seo.online/,no_company
サービス,https://smart-insight.jp/service/,kept
おぎの Directors Univ,https://directors-univ.co.jp/member/%E3%81%8A%E3%81%8E%E3%81%AE/,no_address
経営危機に陥った老舗旅館が経営資源とITを活かした改革で黒字化を ...,https://yorozu.smrj.go.jp/support/wakayamayorozu_oose/,no_sns_service
GATEウェイティング（飲食店・外食向け順番待ち受付 システム ...,https://gate-series.com/operation/waiting/,no_address
RICOH Event Solutions! 事例集,https://rdc.ricoh.co.jp/cms_dir/wp-content/themes/rdc/assets/pdf/20210224_webDL%E8%B3%87%E6%96%99_ver2.0.0.pdf,fetch_failed
永山 卓也,https://www.tokyo-adviser.jp/adviser/nagayama_takuya/,kept
飲食店がウィズコロナでV字回復する為の具体的 ノウハウ& デジタル ...,https://www.wakayama-cci.or.jp/cms/wp-wcci/wp-content/uploads/%E5%92%8C%E6%AD%8C%E5%B1%B1cci%E9%A3%B2%E9%A3%9F%E5%BA%97%E5%90%91%E3%81%91%E3%82%BB%E3%83%9F%E3%83%8A%E3%83%BC%E3%83%81%E3%83%A9%E3%82%B7.pdf,fetch_failed
販促 促進 支援,https://w-i-n-g.jp/service/service03.html,no_address
マーケティング,https://www.agcrm.com/features-v3/marketing-v3/,no_sns_service
会社 概要,https://www.nishioka.co.jp/shopcard/profile.html,no_address
業界初！！「試色」のできる屋外 印刷 専門サイト【ソトプリ ...,https://newsrelea.se/7DLKNq,kept
会社 概要,https://www.nengahonpo.com/gaiyou/,no_address
株式 会社 ウイング,https://wakayama-kosodate.com/mannaka/ouen/0133/,no_address
webマーケティング,https://www.naigai-net.co.jp/digital/web_marketing.html,kept
山本 和弘,https://www.okasci.or.jp/~keieishien/senmonka/search/index.cgi?c=zoom&pk=1159,no_company
リテールメディア戦略への提言 第11回／目指すは顧客価値最大化 ...,https://gekiryu-online.jp/2024/07/171090,no_company
会社 概要,https://www.printsassi.com/info,no_address
WEB ・ホームページ制作,https://www.system-ties.co.jp/web/,kept
岡山 のホームページ制作・Web デザイン ・ SNS運用,https://isense-inc.com/service/web-sns-design,no_company
岡山 の広告 運用 ・MEO対策,https://www.acromediadesign.com/,kept
会社 案内,http://www.wave-pro.net/company/,kept
クリップの SNS運用 代行,https://sns.clip-llc.com/,no_address
和歌山市 との関係人口創出実証事業で見えてきた「転出者を ...,https://corp.synergy-marketing.co.jp/press/2023/1031110000_10675.html,kept
岡山市 ・瀬戸内市インフルエンサーを活用した情報発信事業業務 ...,https://www.city.okayama.jp/jigyosha/0000081861.html,no_address
株式 会社 オリーズ デザイン,https://www.okayama-dx.com/oriese/,no_address
(株)ティ・シー・シーの 会社 概要・新卒採用情報,https://www.arc-navi.shikaku.co.jp/companyList/details.php?client_id=7483,no_address
河野 怜央,https://www.optic.or.jp/navi_senmonka/professional_detail/index/831.html,no_company
被害発生状況等について< 広報 第58報 平成30年7月11日19時発表>,http://210.236.107.218/kurashi/0000011722.html,no_sns_service
ソーシャルメディアのページ,https://www.pref.okayama.jp/page/354952.html,no_sns_service
会社 概要 – 岡山 ・香川の映像,https://ohk-ep.co.jp/about/,no_address
この度は 岡山市 が主催する令和6年度 岡山市 市民活動リーダー養成 ...,https://chugoku.esdcenter.jp/2024/06/18/okayamashiminleader/,no_sns_service
地元企業の魅力発信で採用力強化！ SNS 活用 支援 事業について,https://okayama-cci.or.jp/news/17722.html,no_company
岡山 脱っ破,https://okayama-dappa.com/about,no_sns_service
イラスト,https://o-design.studio.site/Creators_tag/Illustrator,no_sns_service
第33号,https://okayamanishi.or.jp/cgi-image/863/863_TUGhgeNPOntUlPcEvjepnisoeXJSLBCnDwarhQYGXBouamxLAX.pdf,fetch_failed
法人本部,https://www.okayama-hakuaikai.or.jp/outpatient/general/,no_sns_service
令和3年度事業計画,https://www.okayama-kanko.jp/asset/about-site/jigyo_keikaku_R3.pdf,fetch_failed
住宅業界専用 来場 集客 ツール KengakuCloud と システム 連携に向け ...,https://andpad.co.jp/news/8703/,kept
工務店向け 予約集客 ツール「ケンガククラウド」,https://kengakucloud.jp/2022/07/13/%E5%B7%A5%E5%8B%99%E5%BA%97%E5%90%91%E3%81%91%E4%BA%88%E7%B4%84%E9%9B%86%E5%AE%A2%E3%83%84%E3%83%BC%E3%83%AB%E3%80%8C%E3%82%B1%E3%83%B3%E3%82%AC%E3%82%AF%E3%82%AF%E3%83%A9%E3%82%A6%E3%83%89%E3%80%8D/,no_address
モールからのお知らせ,https://okayama.aeonmall.jp/news/mallnews/65259f22-3b1c-4ea5-bce7-36f23be89824,no_sns_service
岡山市 企業間交流 促進 シンポジウム,https://okayama-startupscrum.com/,no_address
イベント用品レンタル/岡山県・ 岡山市 /ダスキンレントオール岡山 ...,https://www.dra-okayama.jp/,no_address
POP デザインWEB セミナー,https://www.kura-cci.or.jp/event/pop/,no_sns_service
岡山市 印刷物 Web デザイン チラシ 株式 会社 PCK高速 印刷,https://www.pck-2662.com/,kept
企業情報,https://o-kplus.kwp.co.jp/about.html,kept
会社 概要/経営理念/代表メッセージ,https://iandf.ne.jp/about/,kept
SDGs 岡山 ダイハツの取り組み,https://okayama.dd.daihatsu.co.jp/Company/SDGs,no_address
ABOUT,https://hidetosato.com/about,no_address
岡山県 倉敷市 にて地方創生 イベント 「DenimTech（デニムテック）,https://www.geechs.com/newsrelease/20241112_denimtech/,no_sns_service
自社スマホアプリを手軽に導入できる ショッピングセンター向け ...,https://www.rhizome-e.com/news/000738.php,kept
倉敷市 観光 デジタル コンテンツ（3D都市モデル×FORTNITE）制作 ...,https://www.city.kurashiki.okayama.jp/business/contract/1013065/1014314/1025918.html,kept
事業内容,https://www.itamiarts.co.jp/business/,no_address
design,https://www.gp-staff.co.jp/design/,kept
玉島中央老健施設 秀明荘,https://www.tamashima-ch.or.jp/shumei/,no_sns_service
《 倉敷市 /カモ井加工紙》「mt」の大型 イベント 、今年も開催決定 ...,https://tjokayama.jp/event/kamoi202603go/,no_sns_service
第2号議案 令和4年度事業報告(案) （公益目的事業）,https://kankou-kurashiki.jp/wp-content/uploads/2020/07/b272b57ddb59c017cb5fe00b4679da9f.pdf,fetch_failed
岡山県内の地域おこし協力隊市町村募集状況,https://www.okayama-iju.jp/info/a1c0a7b16ae9e3bf3c6b00db8b28ddfae7340dae.pdf,fetch_failed
榊原建設で自分のやりたいことを極め、夢をかたちにして ...,https://www.dashimasu.com/posts/detail/sakakibara,no_sns_service
企業の メディア 化を 支援 する,https://www.4plus.co.jp/,no_sns_service
俳優・モデルの髙橋ひかるが、国産デニムの聖地・ 倉敷 の職人技を ...,https://corp.every.tv/news/20250501,no_address
広報 活動・ 広報 誌,https://www.kchnet.or.jp/about_us/knews/,no_company
@楽座 -@rakuza/あっと楽座- ピープルソフトウェア株式 会社,https://www.raku-za.jp/saas/,no_sns_service
レンタルサロン 倉敷,https://rentalsalon-lms-okayama-kurashiki.com/,no_sns_service
広報 紙を簡単に編集したい！,https://txing.jp/issue/00017,no_sns_service
倉敷 駅前エリアが免税タウン化。26商業施設、シェアトップクラス ...,https://pievat.com/ja/news/detail/0260729,no_address
カスタマイズ事例 « アプスタ,https://www.appsta.jp/customize/,no_address
LaBOLA 予約,https://p-grow-dx.jp/service/labola/,fetch_failed
平成25年度建設委員会地方都市行政視察調査報告書（案）,https://kugikai-nakano.jp/shiryou/14617115536.pdf,fetch_failed
（様式1－1） ① 申請者 倉敷市 ② タイプ 地域型 / シリアル型 A B ...,https://japan-heritage.bunka.go.jp/ja/datas/files/2023/07/14/ca75077198207116e07c2c6b8e3d9a49ce57872e.pdf,fetch_failed
地域連携,https://www.kurashiki-cu.ac.jp/kcc/index.php/chiiki/,no_sns_service
自宅,https://www.kurashiki-sogyo.jp/wp-content/uploads/2020/12/kigyoujuku2021.pdf,fetch_failed
日本遺産フェスティバル in 倉敷,https://www2.city.kurashiki.okayama.jp/jh_festival/,no_sns_service
平成30年度被災 地域 販路開拓支援事業 小規模事業者持続化補助金 ...,https://www.jizokukahojokin.info/doc/h30hsaitaku2.pdf,fetch_failed
倉敷 アイビースクエアに 「ホテル向けダイナミックプライシング ...,https://www.sanwa-comp.co.jp/new/20231220,no_address
倉敷市 真備町における 平成30年7月豪雨災害からの復興,https://www.okayama-u.ac.jp/user/civil/Labs/regional/ip_70/img/file70.pdf,fetch_failed
会社 概要,https://aljaro.jp/menu/profile-company/,kept
倉敷 中央病院内にセルフメディケーションを推進するヘルスケア ...,https://www.nicho.co.jp/corporate/newsrelease/18922/,no_sns_service
有限 会社 オオニシ,https://0024.co.jp/company/gaiyou.html,no_sns_service
代表挨拶,https://www.pck.co.jp/01_01_from_president.html,kept
Googleマイビジネス導入のメリット,https://studionaks.jp/blog/detail/20240416090000/,no_company
デザイン 事業,https://smile-me.studio.site/service/design,no_sns_service
クリエイター紹介,https://insatsubito.jp/hanareru-tsunagaru/creator.php,no_address
クリエイティブ(株)エル・コ 広島 の企画 マーケティング会社 (印刷 ...,https://www.l-co.co.jp/creative,fetch_failed
Annui design,https://www.annui-design.com/,no_company
デザイン 業,https://www.hitec.city.hiroshima.jp/ichiran.php?gyo=L&p=2,no_address
ホームページ制作 広島 / Web 制作 会社 原色美術印刷社,https://www.genshoku.co.jp/web/policy_03.php,no_address
事業内容,https://www.barth.co.jp/business.html,no_address
私たちの強みはノンフーズ分野の販促支援で,https://www.inseed.co.jp/pdf/company_guide.pdf,fetch_failed
広島 の イベント企画 ・運営、映像制作、ライブ配信はワーク ...,https://www.workholic.net/,no_contact
広島 県よろず 支援 拠点「集客・PR」相談窓口,https://www.yorozu-hiroshima.go.jp/coordinator-pr,no_sns_service
倉敷商店 街振興連盟について,https://www.kurashikisyotengai.jp/about/,no_sns_service
報道関係資料,https://www.city.hiroshima.lg.jp/shisei/kouhou/1004010/index.html,no_sns_service
Service,https://www.dia.ne.jp/service/,no_address
～ SNS 編～ 広報 力 セミナー,http://www.cf.city.hiroshima.jp/m-plaza/pdf/h29kouhouryokuup.pdf,fetch_failed
動画 制作 実績,http://www.tss-pro.co.jp/works/movie/,no_address
中谷 早織,https://hiroshima-starters.com/syoukai/post_108.html,no_company
株式 会社 ピーアンドピー: 広島 の総合広告 会社,https://ppad.co.jp/,no_address
プロモーション のご提案,https://www.tjtj.net/promotion/,no_address
管理本部 広報 室 募集のお知らせ,https://www.molten.co.jp/job/img/outlinecareer/pdf-kouhou.pdf,fetch_failed
東 広島 の SNS 集合！,https://www.city.higashihiroshima.lg.jp/soshiki/somu/1_1/4/3398.html,no_sns_service
名,https://www.pref.hiroshima.lg.jp/uploaded/attachment/669990.pdf,fetch_failed
【 広島 発】SNS動画とXR技術を活用した若者の新たな就活を実現 ...,https://berise.co.jp/blog/berise_clarkn/,no_address
既存加盟店へのデジタルマーケティングを活用した販売促進 支援 ...,https://information.nttdocomo-fresh.jp/fresh/internship/on-site-internship/M5-2025S.html,no_address
ネットマーケットジャパンコーポレーションは、 広島 で ...,https://nmj-corp.jp/,no_address
PowerPoint プレゼンテーション,https://corporate.gnavi.co.jp/assets/966b2f67af3e43d3b254686ffe2f391b/5d811db26bcb415dbac896b744cb9b5f/20230110.pdf,fetch_failed
会社 情報,https://careermore.co.jp/company/,no_sns_service
コストと拡張性が決め手！ 自社だけのテンプレート作成を手間なく ...,https://ultimablue.jp/case/859/,no_sns_service
事業内容,https://www.sogo-ad.net/services/,kept
無料相談,https://sogyo-s.jp/consul.html,kept
創 業 サ ポ ー タ ー,https://www.hiwave.or.jp/hsusc/wp-content/uploads/2022/03/%E2%91%A6%E5%B0%82%E9%96%80%E5%AE%B6%E3%83%BB%E5%85%88%E8%BC%A9%E7%B5%8C%E5%96%B6%E8%80%85%E3%83%BB%E5%85%88%E8%BC%A9%E8%B5%B7%E6%A5%AD%E5%AE%B6%EF%BC%88R4.3.28%EF%BC%89.pdf,fetch_failed
"【ウェビナー動画】『 アプリ 強化で累計DL数2,200万回超！KFCの ...",https://growth-marketing.jp/seminar/20221006_kfc_dearone_webinar_report/,no_address
経営 支援,https://www.economy.city.hiroshima.jp/guide/01/,no_address
実績紹介,https://seo-professional.jp/works/,kept
01表紙,https://image.dive-hiroshima.com/wp-content/uploads/2023/09/%E4%BB%A4%E5%92%8C4%E5%B9%B4%E5%BA%A6-%E4%BA%8B%E6%A5%AD%E5%A0%B1%E5%91%8A%E6%9B%B8.pdf,fetch_failed
第3回 びんご圏域活性化戦略会議 出席者名簿,https://www.city.fukuyama.hiroshima.jp/uploaded/life/291543_1663718_misc.pdf,fetch_failed
デジタル サイネージ,https://www.city.hatsukaichi.hiroshima.jp/soshiki/12/113178.html,kept
第 20 回世界バラ会議 福山 大会 2025 開催記念 市民・企業提案型 ...,https://wrc2025fukuyama.jp/rose/wp-content/uploads/2023/12/b53398e7a45e7195d6b6874ac937d947.pdf,fetch_failed
多様な手段で顧客の想い伝える感性マーケティング,https://zukan.biz/maker/universalpost/,no_address
オウンドメディア運用 代行,https://m-hands.net/service/marketing/owned-media/,kept
推進員の役割・関係者との連携に関する質問,https://www.dcnet.gr.jp/pdf/kensyu/r6_suishinin/r6_suishinin_session_question_06_tokyo.pdf,fetch_failed
地域安全,https://fukuyama-machisapo.com/group_field/chiikianzen/,no_sns_service
組合員名簿,http://hiroshima-pia.jp/register/link/,no_address
企業向けYoutubeチャンネル 運用 代行,https://youtasu.official.jp/,kept
小さなお店からチェーン店まで導入できる スマートなポイント 会員 ...,https://mobilenews.jp/release/44278.html,no_sns_service
サポートチーム,https://www.3door.jp/support/,kept
企業インタビュー#6 〜株式会社鈴木工務店〜,https://www.bingo-dx.jp/2023/12/11754/,no_sns_service
福山市 ・大阪で売り上げのアップするホームページ制作,https://fukuyamawork.com/50pack/,kept
100人インタビュー,https://hiroshima-dx.jp/100interview/,kept
Vol.17,https://studio.design/ja/lp/ambassador/report/2603_ishikawa,kept
運営代表ご挨拶,https://cocolofukuyama.com/kawamuu/,no_sns_service
会社 概要,https://miraicamera.co.jp/company/,no_address
「 福山 版サーキュラーエコノミー」、 福山 らしい新たな価値創造へ,https://cehub.jp/interview/fukuyama-city-circular-economy/,no_address
広報,https://www.city.yamaguchi.lg.jp/life/sub/11/28/123/,no_sns_service
デジタル ツール棚卸し＆AIフル活用セミナー,https://www.fukuyama.or.jp/seminar/open-seminar/digitaltoolai2025/,kept
情報デザイン科メディアデザインコース,https://www.yic.ac.jp/ib/course/design/,kept
,https://linksquare.biz/,no_company
アイデア No.377,https://www.idea-mag.com/ja/idea_magazine/377/,no_address
PROJECTS,https://act3-ad.com/projects/,kept
