company_name,url,address,phone,maps_url
共同印刷株式会社相模原工場,https://www.kyodoprinting.co.jp/company-profile/offices_plants/map_sagamihara.html,相模原市 大山町４−１,,https://www.google.com/maps/place/%E5%85%B1%E5%90%8C%E5%8D%B0%E5%88%B7%EF%BC%88%E6%A0%AA%EF%BC%89%E7%9B%B8%E6%A8%A1%E5%8E%9F%E5%B7%A5%E5%A0%B4/data=!4m7!3m6!1s0x601902b412400001:0x42553f69eb5545c1!8m2!3d35.5874989!4d139.3493801!16s%2Fg%2F11c74hbsyj!19sChIJAQBAErQCGWARwUVV62k_VUI?authuser=0&hl=ja&rclk=1
ワンプロモーション株式会社,https://www.onepro.co.jp,〒252-0311 神奈川県相模原市南区東林間6,042-815-1260,https://www.google.com/maps/place/%E3%83%AF%E3%83%B3%E3%83%97%E3%83%AD%E3%83%A2%E3%83%BC%E3%82%B7%E3%83%A7%E3%83%B3%E6%A0%AA%E5%BC%8F%E4%BC%9A%E7%A4%BE/data=!4m7!3m6!1s0x6018ff2ec1cadf81:0x75e4085a8d37fa24!8m2!3d35.518034!4d139.438456!16s%2Fg%2F1txfp5yn!19sChIJgd_KwS7_GGARJPo3jVoI5HU?authuser=0&hl=ja&rclk=1
株式会社PLOOF,https://ploof-co.com,〒252-0102 神奈川県相模原市緑区原宿3,042-851-2250,https://www.google.com/maps/place/%E6%A0%AA%E5%BC%8F%E4%BC%9A%E7%A4%BEPLOOF/data=!4m7!3m6!1s0x60191d519287bb3f:0x475682a2405a24da!8m2!3d35.5971679!4d139.3094355!16s%2Fg%2F11t81htgyl!19sChIJP7uHklEdGWAR2iRaQKKCVkc?authuser=0&hl=ja&rclk=1
株式会社 アイ・シー・エム,http://icm-net.com,相模原市 相模原２丁目１３−２ 服部相模原ビル,042-758-0351,https://www.google.com/maps/place/%E6%A0%AA%E5%BC%8F%E4%BC%9A%E7%A4%BE+%E3%82%A2%E3%82%A4%E3%83%BB%E3%82%B7%E3%83%BC%E3%83%BB%E3%82%A8%E3%83%A0/data=!4m7!3m6!1s0x6018fd611fa15555:0xb870354998fe7789!8m2!3d35.578397!4d139.3690235!16s%2Fg%2F11f54rkn81!19sChIJVVWhH2H9GGARiXf-mEk1cLg?authuser=0&hl=ja&rclk=1
株式会社オーサムプラネッツ,https://awesomeplanets-t.com,相模原市 相南２丁目２６−５ 205,,https://www.google.com/maps/place/%E6%A0%AA%E5%BC%8F%E4%BC%9A%E7%A4%BE%E3%82%AA%E3%83%BC%E3%82%B5%E3%83%A0%E3%83%97%E3%83%A9%E3%83%8D%E3%83%83%E3%83%84/data=!4m7!3m6!1s0x6018fedf4054603d:0xaea4ba93262cc0d5!8m2!3d35.514985!4d139.4302237!16s%2Fg%2F11vpzwzrt9!19sChIJPWBUQN_-GGAR1cAsJpO6pK4?authuser=0&hl=ja&rclk=1
株式会社スケロク,https://skrock.jp,〒252-0205 神奈川県相模原市中央区小山2,0428-16-2725,https://www.google.com/maps/place/%E6%A0%AA%E5%BC%8F%E4%BC%9A%E7%A4%BE%E3%82%B9%E3%82%B1%E3%83%AD%E3%82%AF/data=!4m7!3m6!1s0x601902a42f9b3f0f:0x4c08ba97c7f53e66!8m2!3d35.5833769!4d139.3597372!16s%2Fg%2F11w20yjy39!19sChIJDz-bL6QCGWARZj71x5e6CEw?authuser=0&hl=ja&rclk=1
01 Marketing,https://01marketing.co.jp,〒243-0032 神奈川県厚木市恩名2,046-225-6017,https://www.google.com/maps/place/01+Marketing/data=!4m7!3m6!1s0x6019aaa12cb4414b:0xd0c07d0707b440b5!8m2!3d35.4421674!4d139.3500726!16s%2Fg%2F11vrbqnp7v!19sChIJS0G0LKGqGWARtUC0Bwd9wNA?authuser=0&hl=ja&rclk=1
有限会社ラインドック,https://line-dock.com,厚木市 栄町２丁目２−３０−１０４,,https://www.google.com/maps/place/%E6%9C%89%E9%99%90%E4%BC%9A%E7%A4%BE%E3%83%A9%E3%82%A4%E3%83%B3%E3%83%89%E3%83%83%E3%82%AF/data=!4m7!3m6!1s0x6019abef8e34b479:0xe47d48cdb4cf307!8m2!3d35.4404552!4d139.3565222!16s%2Fg%2F11n7wh6gzk!19sChIJebQ0ju-rGWARB_NM24zURw4?authuser=0&hl=ja&rclk=1
株式会社カナオリ,https://kanaori.com/profile,〒243-0021 神奈川県厚木市岡田3,046-228-0339,https://www.google.com/maps/place/%E6%A0%AA%E5%BC%8F%E4%BC%9A%E7%A4%BE%E3%82%AB%E3%83%8A%E3%82%AA%E3%83%AA/data=!4m7!3m6!1s0x6019aad20ab56aaf:0x392f02ed4e3ee75a!8m2!3d35.4220657!4d139.3620648!16s%2Fg%2F1tn018vf!19sChIJr2q1CtKqGWARWuc-Tu0CLzk?authuser=0&hl=ja&rclk=1
KINKO,https://kiitenet.jp,〒410-0835 静岡県沼津市西島町2,055-932-8001,https://www.google.com/maps/place/KINKO/data=!4m7!3m6!1s0x60198f66b5d9b32b:0xe43bb484ad2ca33f!8m2!3d35.0888506!4d138.8632069!16s%2Fg%2F11px6skdhk!19sChIJK7PZtWaPGWARP6MsrYS0O-Q?authuser=0&hl=ja&rclk=1
アグリプロモーション,https://www.agri-promotion.org,富士市 大渕767—21,080-3010-4546,https://www.google.com/maps/place/%E3%82%A2%E3%82%B0%E3%83%AA%E3%83%97%E3%83%AD%E3%83%A2%E3%83%BC%E3%82%B7%E3%83%A7%E3%83%B3/data=!4m7!3m6!1s0x601a35c834e3c319:0x9eab057e5523bc43!8m2!3d35.2093713!4d138.70526!16s%2Fg%2F11h4qc0yg6!19sChIJGcPjNMg1GmARQ7wjVX4Fq54?authuser=0&hl=ja&rclk=1
モーションスタイル,http://www.motion-style.com,〒440-0814 愛知県豊橋市前田町1,0532-54-2405,https://www.google.com/maps/place/%E3%83%A2%E3%83%BC%E3%82%B7%E3%83%A7%E3%83%B3%E3%82%B9%E3%82%BF%E3%82%A4%E3%83%AB/data=!4m7!3m6!1s0x6004d26ef398f535:0xeb481ac10dd7a721!8m2!3d34.762092!4d137.396544!16s%2Fg%2F1tjkfrjs!19sChIJNfWY827SBGARIafXDcEaSOs?authuser=0&hl=ja&rclk=1
株式会社ストライヴ・プロモーション,https://strivepromotion.com,〒480-0135 愛知県丹羽郡大口町御供所2,0587-50-8200,https://www.google.com/maps/place/%E6%A0%AA%E5%BC%8F%E4%BC%9A%E7%A4%BE%E3%82%B9%E3%83%88%E3%83%A9%E3%82%A4%E3%83%B4%E3%83%BB%E3%83%97%E3%83%AD%E3%83%A2%E3%83%BC%E3%82%B7%E3%83%A7%E3%83%B3/data=!4m7!3m6!1s0x60030b3bfa54fe39:0xe3e750474f76080d!8m2!3d35.3135433!4d136.8860941!16s%2Fg%2F11hdsxy0q5!19sChIJOf5U-jsLA2ARDQh2T0dQ5-M?authuser=0&hl=ja&rclk=1
合同会社レゴリス,https://regorisu.jp,〒491-0851 愛知県一宮市大江3,0586-52-6346,https://www.google.com/maps/place/%E5%90%88%E5%90%8C%E4%BC%9A%E7%A4%BE%E3%83%AC%E3%82%B4%E3%83%AA%E3%82%B9/data=!4m7!3m6!1s0x6003a140ad0d60f5:0xf62649055f34e33d!8m2!3d35.3016695!4d136.8036635!16s%2Fg%2F11swzhff2t!19sChIJ9WANrUChA2ARPeM0XwVJJvY?authuser=0&hl=ja&rclk=1
㈱ワールドアライブ,http://world-alive.co.jp,〒491-0838 愛知県一宮市猿海道3,0586-64-8169,https://www.google.com/maps/place/%E3%88%B1%E3%83%AF%E3%83%BC%E3%83%AB%E3%83%89%E3%82%A2%E3%83%A9%E3%82%A4%E3%83%96/data=!4m7!3m6!1s0x6003a0858e315557:0x6cc3993af05071b!8m2!3d35.2834004!4d136.8161548!16s%2Fg%2F11fkcz90d4!19sChIJV1UxjoWgA2ARGwcFr5M5zAY?authuser=0&hl=ja&rclk=1
有限会社MARIBON,http://maribon.co.jp,〒510-0961 三重県四日市市波木町2,059-344-0150,https://www.google.com/maps/place/%E6%9C%89%E9%99%90%E4%BC%9A%E7%A4%BEMARIBON/data=!4m7!3m6!1s0x60038d38333517fd:0x1f8c31f2973457c5!8m2!3d34.9392404!4d136.5758488!16s%2Fg%2F11jd7sv_zd!19sChIJ_Rc1MziNA2ARxVc0l_IxjB8?authuser=0&hl=ja&rclk=1
株式会社サンマウスプラス 本社,https://sunmp.jp,〒510-0087 三重県四日市市西新地1,059-350-4141,https://www.google.com/maps/place/%E6%A0%AA%E5%BC%8F%E4%BC%9A%E7%A4%BE%E3%82%B5%E3%83%B3%E3%83%9E%E3%82%A6%E3%82%B9%E3%83%97%E3%83%A9%E3%82%B9+%E6%9C%AC%E7%A4%BE/data=!4m7!3m6!1s0x60038e64ffc33825:0x8074474857ba3b8b!8m2!3d34.9703758!4d136.6207448!16s%2Fg%2F1hc22456w!19sChIJJTjD_2SOA2ARizu6V0hHdIA?authuser=0&hl=ja&rclk=1
四日市印刷工業,https://yp-pack.jp,〒510-0806 三重県四日市市本郷町１,059-331-2111,https://www.google.com/maps/place/%E5%9B%9B%E6%97%A5%E5%B8%82%E5%8D%B0%E5%88%B7%E5%B7%A5%E6%A5%AD/data=!4m7!3m6!1s0x60038e57f2c2497d:0xb940827bfe91a36f!8m2!3d34.9775438!4d136.6226737!16s%2Fg%2F11btm7z0mb!19sChIJfUnC8leOA2ARb6OR_nuCQLk?authuser=0&hl=ja&rclk=1
株式会社アルファス,https://alphace.co.jp,〒520-0051 滋賀県大津市梅林1,077-524-2008,https://www.google.com/maps/place/%E6%A0%AA%E5%BC%8F%E4%BC%9A%E7%A4%BE%E3%82%A2%E3%83%AB%E3%83%95%E3%82%A1%E3%82%B9/data=!4m7!3m6!1s0x60010cf7423548a5:0x3ea185a297f96e16!8m2!3d35.0037158!4d135.8658841!16s%2Fg%2F1tf31932!19sChIJpUg1QvcMAWARFm75l6KFoT4?authuser=0&hl=ja&rclk=1
株式会社 BeViBi OTSU,https://bevibi.jp,〒520-0832 滋賀県大津市粟津町1,090-3948-1074,https://www.google.com/maps/place/%E6%A0%AA%E5%BC%8F%E4%BC%9A%E7%A4%BE+BeViBi+OTSU/data=!4m7!3m6!1s0x60010d53e8615555:0x1e4f02dd48b8ac2b!8m2!3d34.9788025!4d135.8998647!16s%2Fg%2F11qzzw9wl3!19sChIJVVVh6FMNAWARK6y4SN0CTx4?authuser=0&hl=ja&rclk=1
株式会社 モダンパラダイス,https://modern-paradise.co.jp,〒569-1123 大阪府高槻市芥川町二丁目,072-686-5568,https://www.google.com/maps/place/%E6%A0%AA%E5%BC%8F%E4%BC%9A%E7%A4%BE+%E3%83%A2%E3%83%80%E3%83%B3%E3%83%91%E3%83%A9%E3%83%80%E3%82%A4%E3%82%B9/data=!4m7!3m6!1s0x600102b9f0bf23b7:0xa6cc6cc6f8b497d8!8m2!3d34.8527773!4d135.6152336!16s%2Fg%2F1tj899_0!19sChIJtyO_8LkCAWAR2Je0-MZszKY?authuser=0&hl=ja&rclk=1
ティープロモーション株式会社 本社,https://kawachi-posting.com,〒572-0051 大阪府寝屋川市高柳1,0120-812-083,https://www.google.com/maps/place/%E3%83%86%E3%82%A3%E3%83%BC%E3%83%97%E3%83%AD%E3%83%A2%E3%83%BC%E3%82%B7%E3%83%A7%E3%83%B3%28%E6%A0%AA%29+%E6%9C%AC%E7%A4%BE/data=!4m7!3m6!1s0x6000e708664c45cd:0xf0288b90944e8a46!8m2!3d34.764693!4d135.6110183!16s%2Fg%2F1tkq_4d6!19sChIJzUVMZgjnAGARRopOlJCLKPA?authuser=0&hl=ja&rclk=1
株式会社bitset,https://bitset.jp,〒569-0805 大阪府高槻市上田辺町1,050-7119-2899,https://www.google.com/maps/place/%E6%A0%AA%E5%BC%8F%E4%BC%9A%E7%A4%BEbitset/data=!4m7!3m6!1s0x600102c98053d0e1:0x562c5c9e3157e4f0!8m2!3d34.8527924!4d135.6152328!16s%2Fg%2F11d_7vctb3!19sChIJ4dBTgMkCAWAR8ORXMZ5cLFY?authuser=0&hl=ja&rclk=1
株式会社ジョイサウンドプロモーション,http://www.joysoundpro.co.jp,〒577-0013 大阪府東大阪市長田中１,06-6618-3676,https://www.google.com/maps/place/%EF%BC%88%E6%A0%AA%EF%BC%89%E3%82%B8%E3%83%A7%E3%82%A4%E3%82%B5%E3%82%A6%E3%83%B3%E3%83%89%E3%83%97%E3%83%AD%E3%83%A2%E3%83%BC%E3%82%B7%E3%83%A7%E3%83%B3/data=!4m7!3m6!1s0x6000dfee3c7c5839:0x8aaa8b524e884445!8m2!3d34.67758!4d135.5905086!16s%2Fg%2F1tph1m8f!19sChIJOVh8PO7fAGARRUSITlKLqoo?authuser=0&hl=ja&rclk=1
ものづくりビジネスセンター大阪（MOBIO),https://m-osaka.com/jp,〒577-0011 大阪府東大阪市荒本北1,06-6748-1011,https://www.google.com/maps/place/%E3%82%82%E3%81%AE%E3%81%A5%E3%81%8F%E3%82%8A%E3%83%93%E3%82%B8%E3%83%8D%E3%82%B9%E3%82%BB%E3%83%B3%E3%82%BF%E3%83%BC%E5%A4%A7%E9%98%AA%EF%BC%88MOBIO%29/data=!4m7!3m6!1s0x6000dff5c4a90b01:0x6b49655a1058e0dc!8m2!3d34.6795949!4d135.5995682!16s%2Fg%2F11r9rxnpy!19sChIJAQupxPXfAGAR3OBYEFplSWs?authuser=0&hl=ja&rclk=1
コシオカ産業 株式会社,https://www.koshioka.co.jp,〒577-0817 大阪府東大阪市近江堂2,0120-577-665,https://www.google.com/maps/place/%E3%82%B3%E3%82%B7%E3%82%AA%E3%82%AB%E7%94%A3%E6%A5%AD+%E6%A0%AA%E5%BC%8F%E4%BC%9A%E7%A4%BE/data=!4m7!3m6!1s0x6000df0b538406b5:0x59ee5a3249c78f29!8m2!3d34.645719!4d135.581657!16s%2Fg%2F1w0p5hrh!19sChIJtQaEUwvfAGARKY_HSTJa7lk?authuser=0&hl=ja&rclk=1
株式会社ポスティングプロ,https://pospro.jp,〒663-8136 兵庫県西宮市笠屋町1,0120-69-1497,https://www.google.com/maps/place/%E6%A0%AA%E5%BC%8F%E4%BC%9A%E7%A4%BE%E3%83%9D%E3%82%B9%E3%83%86%E3%82%A3%E3%83%B3%E3%82%B0%E3%83%97%E3%83%AD/data=!4m7!3m6!1s0x6000ef6c1a518df7:0x45e315c444f3818e!8m2!3d34.7140337!4d135.3755464!16s%2Fg%2F11pv2_bz41!19sChIJ941RGmzvAGARjoHzRMQV40U?authuser=0&hl=ja&rclk=1
株式会社ZEST,https://zest8.net,〒662-0973 兵庫県西宮市田中町5,,https://www.google.com/maps/place/%E6%A0%AA%E5%BC%8F%E4%BC%9A%E7%A4%BEZEST/data=!4m7!3m6!1s0x6000f2f5e54c77cb:0x53a22473240b3237!8m2!3d34.7364415!4d135.3363468!16s%2Fg%2F11jt1wkz2y!19sChIJy3dM5fXyAGARNzILJHMkolM?authuser=0&hl=ja&rclk=1
有限会社ヴァンサンク,https://vingtcinq.com,明石市 西明石北町３丁目３−２６−１０７,078-965-6653,https://www.google.com/maps/place/%E6%9C%89%E9%99%90%E4%BC%9A%E7%A4%BE%E3%83%B4%E3%82%A1%E3%83%B3%E3%82%B5%E3%83%B3%E3%82%AF/data=!4m7!3m6!1s0x3554d4f6591d20cb:0x4dd511055ae7ca70!8m2!3d34.6692546!4d134.9648618!16s%2Fg%2F11gnq80_lm!19sChIJyyAdWfbUVDURcMrnWgUR1U0?authuser=0&hl=ja&rclk=1
株式会社LT,https://l-to.co.jp,明石市 西明石南町１丁目７−１６,,https://www.google.com/maps/place/%E6%A0%AA%E5%BC%8F%E4%BC%9A%E7%A4%BELT/data=!4m7!3m6!1s0x3554d7e32df60de1:0xd357936a95171c8e!8m2!3d34.663894!4d134.9608795!16s%2Fg%2F11g1tx0761!19sChIJ4Q32LePXVDURjhwXlWqTV9M?authuser=0&hl=ja&rclk=1
倉敷ベンチャーオフィス,https://kvo.jp,〒710-0055 岡山県倉敷市阿知1,086-427-0841,https://www.google.com/maps/place/%E5%80%89%E6%95%B7%E3%83%99%E3%83%B3%E3%83%81%E3%83%A3%E3%83%BC%E3%82%AA%E3%83%95%E3%82%A3%E3%82%B9/data=!4m7!3m6!1s0x355156440d5a8407:0x83d91adde03bea6f!8m2!3d34.6008714!4d133.7657638!16s%2Fg%2F11vyqwx485!19sChIJB4RaDURWUTURb-o74N0a2YM?authuser=0&hl=ja&rclk=1
株式会社ジャスト,https://just-coltd.jp,〒711-0907 岡山県倉敷市児島上の町1,086-472-7514,https://www.google.com/maps/place/%28%E6%A0%AA%29%E3%82%B8%E3%83%A3%E3%82%B9%E3%83%88/data=!4m7!3m6!1s0x3553e35029b2d5ef:0x49935c122c96983!8m2!3d34.4844926!4d133.8156724!16s%2Fg%2F1td409d9!19sChIJ79WyKVDjUzURg2nJIsE1mQQ?authuser=0&hl=ja&rclk=1
倉敷エンターテイメント合同会社,https://k-enta.com,〒710-0803 岡山県倉敷市中島2,086-441-8453,https://www.google.com/maps/place/%E5%80%89%E6%95%B7%E3%82%A8%E3%83%B3%E3%82%BF%E3%83%BC%E3%83%86%E3%82%A4%E3%83%A1%E3%83%B3%E3%83%88%E5%90%88%E5%90%8C%E4%BC%9A%E7%A4%BE/data=!4m7!3m6!1s0x355157719f9aaaab:0xb0876cef44ce5c1d!8m2!3d34.5731113!4d133.7402516!16s%2Fg%2F11fy8_kn4m!19sChIJq6qan3FXUTURHVzORO9sh7A?authuser=0&hl=ja&rclk=1
有限会社ワンステップ,https://onestep-tv.com,倉敷市 大島５４３,,https://www.google.com/maps/place/%28%E6%9C%89%29%E3%83%AF%E3%83%B3%E3%82%B9%E3%83%86%E3%83%83%E3%83%97/data=!4m7!3m6!1s0x35515613d75ce97b:0x54111b088f81849d!8m2!3d34.6073586!4d133.7763433!16s%2Fg%2F11h2hlzsnq!19sChIJe-lc1xNWUTURnYSBjwgbEVQ?authuser=0&hl=ja&rclk=1
有限会社アサオアドプランニング,http://www.asao.co.jp,〒739-0142 広島県東広島市八本松東２,082-497-0205,https://www.google.com/maps/place/%EF%BC%88%E6%9C%89%EF%BC%89%E3%82%A2%E3%82%B5%E3%82%AA%E3%82%A2%E3%83%89%E3%83%97%E3%83%A9%E3%83%B3%E3%83%8B%E3%83%B3%E3%82%B0/data=!4m7!3m6!1s0x3550700b20c2e51b:0x2ef05452977dbf13!8m2!3d34.4412757!4d132.7101924!16s%2Fg%2F1tt1f0y2!19sChIJG-XCIAtwUDURE799l1JU8C4?authuser=0&hl=ja&rclk=1
株式会社サニープロモーション,https://sunnypromotion8.com,〒731-0138 広島県広島市安佐南区祇園3,082-832-4771,https://www.google.com/maps/place/%E6%A0%AA%E5%BC%8F%E4%BC%9A%E7%A4%BE%E3%82%B5%E3%83%8B%E3%83%BC%E3%83%97%E3%83%AD%E3%83%A2%E3%83%BC%E3%82%B7%E3%83%A7%E3%83%B3/data=!4m7!3m6!1s0x355a99cae19a4827:0x84384b5cab7cc995!8m2!3d34.4367192!4d132.4596508!16s%2Fg%2F11yl8qfr3m!19sChIJJ0ia4cqZWjURlcl8q1xLOIQ?authuser=0&hl=ja&rclk=1
e-情報プロモーション株式会社,https://ejp.co.jp,東広島市 千田町１丁目３−４ 弘法ビル,082-249-5001,https://www.google.com/maps/place/e-%E6%83%85%E5%A0%B1%E3%83%97%E3%83%AD%E3%83%A2%E3%83%BC%E3%82%B7%E3%83%A7%E3%83%B3%E6%A0%AA%E5%BC%8F%E4%BC%9A%E7%A4%BE/data=!4m7!3m6!1s0x355aa23fdd2bff63:0xcf903f4fb0b7501a!8m2!3d34.382757!4d132.4541272!16s%2Fg%2F1th266z0!19sChIJY_8r3T-iWjURGlC3sE8_kM8?authuser=0&hl=ja&rclk=1
採用支援サポーター chefs3,https://chefs3.net,下関市 富任町２丁目３−３２,090-7899-4171,https://www.google.com/maps/place/%E6%8E%A1%E7%94%A8%E6%94%AF%E6%8F%B4%E3%82%B5%E3%83%9D%E3%83%BC%E3%82%BF%E3%83%BC+chefs3/data=!4m7!3m6!1s0x3543a3e53a306751:0x115b81c7c9a36f52!8m2!3d34.0200653!4d130.9192874!16s%2Fg%2F11pyc1mzcx!19sChIJUWcwOuWjQzURUm-jyceBWxE?authuser=0&hl=ja&rclk=1
サンクスラボ 下関オフィス | 就労継続支援Ａ型事業所,https://thankslab-shogaifukushi.jp/office/shimonoseki-office,〒750-0018 山口県下関市豊前田町3,083-250-7115,https://www.google.com/maps/place/%E3%82%B5%E3%83%B3%E3%82%AF%E3%82%B9%E3%83%A9%E3%83%9C+%E4%B8%8B%E9%96%A2%E3%82%AA%E3%83%95%E3%82%A3%E3%82%B9+%7C+%E5%B0%B1%E5%8A%B4%E7%B6%99%E7%B6%9A%E6%94%AF%E6%8F%B4%EF%BC%A1%E5%9E%8B%E4%BA%8B%E6%A5%AD%E6%89%80/data=!4m7!3m6!1s0x3543a304b6c4d5d7:0xe087d55dea0ca6b2!8m2!3d33.9501556!4d130.9295028!16s%2Fg%2F11sfd_f97_!19sChIJ19XEtgSjQzURsqYM6l3Vh-A?authuser=0&hl=ja&rclk=1
合同会社EMYSTI,https://www.emysti.net,下関市 南大坪町１１−３ 263番 36号,,https://www.google.com/maps/place/%E5%90%88%E5%90%8C%E4%BC%9A%E7%A4%BEEMYSTI/data=!4m7!3m6!1s0x3543bd007781cce5:0x458f8cc26315ae7e!8m2!3d33.9595102!4d130.9149213!16s%2Fg%2F11l_0ct3xh!19sChIJ5cyBdwC9QzURfq4VY8KMj0U?authuser=0&hl=ja&rclk=1
株式会社 cinepos（シネポス）,https://www.cinepos.com,〒750-0067 山口県下関市大和町1,083-242-1868,https://www.google.com/maps/place/%E6%A0%AA%E5%BC%8F%E4%BC%9A%E7%A4%BE+cinepos%EF%BC%88%E3%82%B7%E3%83%8D%E3%83%9D%E3%82%B9%EF%BC%89/data=!4m7!3m6!1s0x3543bd98db766337:0x49415d94dc74a534!8m2!3d33.9460418!4d130.9183863!16s%2Fg%2F11bztdfd92!19sChIJN2N225i9QzURNKV03JRdQUk?authuser=0&hl=ja&rclk=1
milkyway motion graphics（ミルキーウェイモーショングラフィックス）,https://milkywaysign.com,下関市 彦島向井町２丁目２１−１５,090-9465-0368,https://www.google.com/maps/place/milkyway+motion+graphics%EF%BC%88%E3%83%9F%E3%83%AB%E3%82%AD%E3%83%BC%E3%82%A6%E3%82%A7%E3%82%A4%E3%83%A2%E3%83%BC%E3%82%B7%E3%83%A7%E3%83%B3%E3%82%B0%E3%83%A9%E3%83%95%E3%82%A3%E3%83%83%E3%82%AF%E3%82%B9%EF%BC%89/data=!4m7!3m6!1s0x3543bf3b14915929:0x522cad5b316b9dc4!8m2!3d33.9166607!4d130.9176763!16s%2Fg%2F11r35y2qt6!19sChIJKVmRFDu_QzURxJ1rMVutLFI?authuser=0&hl=ja&rclk=1
株式会社 広尾メディアスタジオ 下関ブランチ,https://www.hiroo.biz,下関市 竹崎町３丁目５−２５ BRIDGE下関 2F,03-6721-7566,https://www.google.com/maps/place/%E6%A0%AA%E5%BC%8F%E4%BC%9A%E7%A4%BE+%E5%BA%83%E5%B0%BE%E3%83%A1%E3%83%87%E3%82%A3%E3%82%A2%E3%82%B9%E3%82%BF%E3%82%B8%E3%82%AA+%E4%B8%8B%E9%96%A2%E3%83%96%E3%83%A9%E3%83%B3%E3%83%81/data=!4m7!3m6!1s0x3543bd4f57b59d5b:0x2dfb60251e8d9f68!8m2!3d33.9523447!4d130.9222836!16s%2Fg%2F11vpyxzjk5!19sChIJW521V0-9QzURaJ-NHiVg-y0?authuser=0&hl=ja&rclk=1
株式会社ワークスタッフ 丸亀人材採用受付センター,https://navi.ws-gp.com,丸亀市 金倉町１４３２−３,,https://www.google.com/maps/place/%E6%A0%AA%E5%BC%8F%E4%BC%9A%E7%A4%BE%E3%83%AF%E3%83%BC%E3%82%AF%E3%82%B9%E3%82%BF%E3%83%83%E3%83%95+%E4%B8%B8%E4%BA%80%E4%BA%BA%E6%9D%90%E6%8E%A1%E7%94%A8%E5%8F%97%E4%BB%98%E3%82%BB%E3%83%B3%E3%82%BF%E3%83%BC/data=!4m7!3m6!1s0x3551639803d1a303:0x9981ea19bc1d4b83!8m2!3d34.2730059!4d133.7835877!16s%2Fg%2F11j02_t79z!19sChIJA6PRA5hjUTURg0sdvBnqgZk?authuser=0&hl=ja&rclk=1
株式会社スナック,http://snacksnack.jp,〒761-2407 香川県丸亀市綾歌町富熊4,0877-43-5155,https://www.google.com/maps/place/%28%E6%A0%AA%29%E3%82%B9%E3%83%8A%E3%83%83%E3%82%AF/data=!4m7!3m6!1s0x3553da2b20e813ff:0xaa0a6868337a8634!8m2!3d34.293719!4d133.7928306!16s%2Fg%2F11h6rrwnl6!19sChIJ_xPoICvaUzURNIZ6M2hoCqo?authuser=0&hl=ja&rclk=1
日本食研スマイルパートナーズ株式会社,https://www.nihonshokken.co.jp/profile.html,〒799-1582 愛媛県今治市富田新港一丁目,0898-24-1881,https://www.google.com/maps/place/%E6%97%A5%E6%9C%AC%E9%A3%9F%E7%A0%94%E3%82%B9%E3%83%9E%E3%82%A4%E3%83%AB%E3%83%91%E3%83%BC%E3%83%88%E3%83%8A%E3%83%BC%E3%82%BA%E6%A0%AA%E5%BC%8F%E4%BC%9A%E7%A4%BE/data=!4m7!3m6!1s0x35503b3b9d45f7c1:0x21b7c1bd117c5402!8m2!3d34.0496637!4d132.9691386!16s%2Fg%2F11jmc0_j_s!19sChIJwfdFnTs7UDURAlR8Eb3BtyE?authuser=0&hl=ja&rclk=1
ビデオプロ特機株式会社,https://videopro.jp,〒794-0065 愛媛県今治市別名1,0898-31-2575,https://www.google.com/maps/place/%E3%83%93%E3%83%87%E3%82%AA%E3%83%97%E3%83%AD%E7%89%B9%E6%A9%9F%EF%BC%88%E6%A0%AA%EF%BC%89/data=!4m7!3m6!1s0x35503b26f65ae4f9:0xc088cf2f51935ccf!8m2!3d34.0427095!4d132.9773405!16s%2Fg%2F1thxt0g9!19sChIJ-eRa9iY7UDURz1yTUS_PiMA?authuser=0&hl=ja&rclk=1
株式会社テイクワン,https://e-takeone.com,〒794-0024 愛媛県今治市共栄町2,0898-24-2020,https://www.google.com/maps/place/%28%E6%A0%AA%29%E3%83%86%E3%82%A4%E3%82%AF%E3%83%AF%E3%83%B3/data=!4m7!3m6!1s0x35503a42a2631fc3:0xf820354696a4066a!8m2!3d34.068231!4d132.999635!16s%2Fg%2F1tgnjwsw!19sChIJwx9jokI6UDURagaklkY1IPg?authuser=0&hl=ja&rclk=1
オフィスファイン,http://office-fine.net,〒820-0067 福岡県飯塚市川津4,0948-26-0067,https://www.google.com/maps/place/%E3%82%AA%E3%83%95%E3%82%A3%E3%82%B9%E3%83%95%E3%82%A1%E3%82%A4%E3%83%B3/data=!4m7!3m6!1s0x35417fcd7fc04e41:0xcb12fa95d009374d!8m2!3d33.64867!4d130.6728132!16s%2Fg%2F1vc_n3mg!19sChIJQU7Af81_QTURTTcJ0JX6Ess?authuser=0&hl=ja&rclk=1
株式会社翔栄プロダクション,https://shoei.pro,飯塚市 川津６８０−４１ 353号室 福岡県立飯塚研究開発センタ,0948-43-9260,https://www.google.com/maps/place/%E6%A0%AA%E5%BC%8F%E4%BC%9A%E7%A4%BE%E7%BF%94%E6%A0%84%E3%83%97%E3%83%AD%E3%83%80%E3%82%AF%E3%82%B7%E3%83%A7%E3%83%B3/data=!4m7!3m6!1s0x35417f033e5e5505:0xa8bb09d7420ae800!8m2!3d33.6508603!4d130.6713551!16s%2Fg%2F11h8c42t4w!19sChIJBVVePgN_QTURAOgKQtcJu6g?authuser=0&hl=ja&rclk=1
株式会社つむぎラボ,https://tsumugi-lab.co.jp,〒857-1165 長崎県佐世保市8,0956-56-7270,https://www.google.com/maps/place/%E6%A0%AA%E5%BC%8F%E4%BC%9A%E7%A4%BE%E3%81%A4%E3%82%80%E3%81%8E%E3%83%A9%E3%83%9C/data=!4m7!3m6!1s0x356a956b509436ab:0x3af020e6bc24ea16!8m2!3d33.1595051!4d129.7488228!16s%2Fg%2F11jgr5rjk6!19sChIJqzaUUGuVajURFuokvOYg8Do?authuser=0&hl=ja&rclk=1
障がい者就労支援事業所ホットライフ(就労移行支援･就労継続支援B型)佐世保市,https://isial.net,佐世保市 大黒町１１−２４,0957-56-8969,https://www.google.com/maps/place/%E9%9A%9C%E3%81%8C%E3%81%84%E8%80%85%E5%B0%B1%E5%8A%B4%E6%94%AF%E6%8F%B4%E4%BA%8B%E6%A5%AD%E6%89%80%E3%83%9B%E3%83%83%E3%83%88%E3%83%A9%E3%82%A4%E3%83%95%28%E5%B0%B1%E5%8A%B4%E7%A7%BB%E8%A1%8C%E6%94%AF%E6%8F%B4%EF%BD%A5%E5%B0%B1%E5%8A%B4%E7%B6%99%E7%B6%9A%E6%94%AF%E6%8F%B4B%E5%9E%8B%29%E4%BD%90%E4%B8%96%E4%BF%9D%E5%B8%82/data=!4m7!3m6!1s0x356a9566c8dd902b:0x2afa3f45d0f55bb7!8m2!3d33.1550927!4d129.7328108!16s%2Fg%2F11gk8y5tq0!19sChIJK5DdyGaVajURt1v10EU_-io?authuser=0&hl=ja&rclk=1
ティーズ・アート株式会社,https://teesart.com,〒857-0136 長崎県佐世保市田原町1,0956-42-9855,https://www.google.com/maps/place/%E3%83%86%E3%82%A3%E3%83%BC%E3%82%BA%E3%83%BB%E3%82%A2%E3%83%BC%E3%83%88%E6%A0%AA%E5%BC%8F%E4%BC%9A%E7%A4%BE/data=!4m7!3m6!1s0x356a93e5265c1e4d:0x387da415096c3ca6!8m2!3d33.2085076!4d129.7263805!16s%2Fg%2F11btrq_qfm!19sChIJTR5cJuWTajURpjxsCRWkfTg?authuser=0&hl=ja&rclk=1
株式会社コア・プログレスイノベーション,https://cp-innovation.co.jp,〒866-0824 熊本県八代市上日置町４,096-325-8820,https://www.google.com/maps/place/%E6%A0%AA%E5%BC%8F%E4%BC%9A%E7%A4%BE%E3%82%B3%E3%82%A2%E3%83%BB%E3%83%97%E3%83%AD%E3%82%B0%E3%83%AC%E3%82%B9%E3%82%A4%E3%83%8E%E3%83%99%E3%83%BC%E3%82%B7%E3%83%A7%E3%83%B3/data=!4m7!3m6!1s0x35407f8dbaf4ad35:0x71f16639bb6f7920!8m2!3d32.5192037!4d130.6354603!16s%2Fg%2F11g4dfrrkk!19sChIJNa30uo1_QDURIHlvuzlm8XE?authuser=0&hl=ja&rclk=1
株式会社ティミッション,http://tmission.site,〒866-0804 熊本県八代市西宮町 1,080-1773-2121,https://www.google.com/maps/place/%E6%A0%AA%E5%BC%8F%E4%BC%9A%E7%A4%BE%E3%83%86%E3%82%A3%E3%83%9F%E3%83%83%E3%82%B7%E3%83%A7%E3%83%B3/data=!4m7!3m6!1s0x3540807f12bf95bd:0x2fd66f6dd5446dba!8m2!3d32.5048832!4d130.6359541!16s%2Fg%2F11tcl58q4_!19sChIJvZW_En-AQDURum1E1W1v1i8?authuser=0&hl=ja&rclk=1
(一社)別府市産業連携·協働プラットフォーム B-biz LINK(ビービズ リンク),https://b-bizlink.or.jp,〒874-0938 大分県別府市末広町1,0977-77-4513,https://www.google.com/maps/place/%28%E4%B8%80%E7%A4%BE%29%E5%88%A5%E5%BA%9C%E5%B8%82%E7%94%A3%E6%A5%AD%E9%80%A3%E6%90%BA%C2%B7%E5%8D%94%E5%83%8D%E3%83%97%E3%83%A9%E3%83%83%E3%83%88%E3%83%95%E3%82%A9%E3%83%BC%E3%83%A0+B-biz+LINK%28%E3%83%93%E3%83%BC%E3%83%93%E3%82%BA+%E3%83%AA%E3%83%B3%E3%82%AF%29/data=!4m7!3m6!1s0x3546a77403291623:0x509b72483aa50187!8m2!3d33.2744342!4d131.5029229!16s%2Fg%2F11ghdpxdql!19sChIJIxYpA3SnRjURhwGlOkhym1A?authuser=0&hl=ja&rclk=1
株式会社IDM,https://idm-drone.co.jp,〒874-0934 大分県別府市駅前本町9,,https://www.google.com/maps/place/%E6%A0%AA%E5%BC%8F%E4%BC%9A%E7%A4%BEIDM/data=!4m7!3m6!1s0x3546a6df571ef611:0x8d6c8d620ddad8c3!8m2!3d33.2810137!4d131.5019132!16s%2Fg%2F11hcdv9kht!19sChIJEfYeV9-mRjURw9jaDWKNbI0?authuser=0&hl=ja&rclk=1
株式会社トスプロ,http://tospro.co.jp,〒870-0011 大分県大分市春日浦8,097-533-1968,https://www.google.com/maps/place/%E6%A0%AA%E5%BC%8F%E4%BC%9A%E7%A4%BE%E3%83%88%E3%82%B9%E3%83%97%E3%83%AD/data=!4m7!3m6!1s0x3546a1d45dc2a98d:0xbeb531d8d49f38a0!8m2!3d33.2468284!4d131.5971779!16s%2Fg%2F11dxdjgv7b!19sChIJjanCXdShRjURoDif1Ngxtb4?authuser=0&hl=ja&rclk=1
株式会社メッセージ,https://message-ado.co.jp,〒885-0019 宮崎県都城市祝吉3,0986-26-3455,https://www.google.com/maps/place/%E6%A0%AA%E5%BC%8F%E4%BC%9A%E7%A4%BE%E3%83%A1%E3%83%83%E3%82%BB%E3%83%BC%E3%82%B8/data=!4m7!3m6!1s0x353f265914fc6f17:0x713e3fec27e0cb92!8m2!3d31.7416267!4d131.0834066!16s%2Fg%2F1tpb8rgw!19sChIJF2_8FFkmPzURksvgJ-w_PnE?authuser=0&hl=ja&rclk=1
株式会社オフィス・サプリ,https://office-supple.info,都城市 五十町２４２１−１,0986-70-0311,https://www.google.com/maps/place/%E6%A0%AA%E5%BC%8F%E4%BC%9A%E7%A4%BE%E3%82%AA%E3%83%95%E3%82%A3%E3%82%B9%E3%83%BB%E3%82%B5%E3%83%97%E3%83%AA/data=!4m7!3m6!1s0x353e6754640d52c1:0xb70840b0b0b6b873!8m2!3d31.7129015!4d131.0339039!16s%2Fg%2F11rx8v0w6m!19sChIJwVINZFRnPjURc7i2sLBACLc?authuser=0&hl=ja&rclk=1
合同会社YOYE,https://www.yoye.jp,〒885-0054 宮崎県都城市若葉町1,0986-77-6633,https://www.google.com/maps/place/%E5%90%88%E5%90%8C%E4%BC%9A%E7%A4%BEYOYE/data=!4m7!3m6!1s0x353f275c3b572fe7:0xa99d11932d1c3660!8m2!3d31.7222101!4d131.0757419!16s%2Fg%2F11vm4b69r3!19sChIJ5y9XO1wnPzURYDYcLZMRnak?authuser=0&hl=ja&rclk=1
沖縄の就労継続支援A型 SOONESS山里,https://sooness.co.jp,〒903-0822 沖縄県那覇市首里桃原町1,098-911-1802,https://www.google.com/maps/place/%E6%B2%96%E7%B8%84%E3%81%AE%E5%B0%B1%E5%8A%B4%E7%B6%99%E7%B6%9A%E6%94%AF%E6%8F%B4A%E5%9E%8B+SOONESS%E5%B1%B1%E9%87%8C/data=!4m7!3m6!1s0x34e5130ad82e1ff9:0xb3695b313eaa1f2e!8m2!3d26.3230323!4d127.7930689!16s%2Fg%2F11q2f5qkzj!19sChIJ-R8u2AoT5TQRLh-qPjFbabM?authuser=0&hl=ja&rclk=1
琉球ミライ,https://ryukyumirai.jp,〒904-0004 沖縄県沖縄市中央1,,https://www.google.com/maps/place/%E7%90%89%E7%90%83%E3%83%9F%E3%83%A9%E3%82%A4/data=!4m7!3m6!1s0x34e513d06878c177:0xe3c54e794a85d611!8m2!3d26.3367807!4d127.8004108!16s%2Fg%2F11sx517s8k!19sChIJd8F4aNAT5TQREdaFSnlOxeM?authuser=0&hl=ja&rclk=1
株式会社アキプロモーション,https://aki-promotion.com,〒901-1104 沖縄県島尻郡南風原町字宮平6,090-4470-5881,https://www.google.com/maps/place/%E6%A0%AA%E5%BC%8F%E4%BC%9A%E7%A4%BE%E3%82%A2%E3%82%AD%E3%83%97%E3%83%AD%E3%83%A2%E3%83%BC%E3%82%B7%E3%83%A7%E3%83%B3/data=!4m7!3m6!1s0x34e56eb6b425294f:0x6afbcf6cbf3650cb!8m2!3d26.1969122!4d127.7301955!16s%2Fg%2F11h7dx0f1d!19sChIJTykltLZu5TQRy1A2v2zP-2o?authuser=0&hl=ja&rclk=1
株式会社ドリームプロダクション沖縄,https://www.okinawa-dreamer.net,〒901-221５ 沖縄県宜野湾市真栄原２,098-894-8470,https://www.google.com/maps/place/%E6%A0%AA%E5%BC%8F%E4%BC%9A%E7%A4%BE%E3%83%89%E3%83%AA%E3%83%BC%E3%83%A0%E3%83%97%E3%83%AD%E3%83%80%E3%82%AF%E3%82%B7%E3%83%A7%E3%83%B3%E6%B2%96%E7%B8%84/data=!4m7!3m6!1s0x34e56d04c9aa1ed7:0x6c0e7d9370a81f76!8m2!3d26.2594697!4d127.7423293!16s%2Fg%2F12hlxty7b!19sChIJ1x6qyQRt5TQRdh-ocJN9Dmw?authuser=0&hl=ja&rclk=1
㈱デルタマーケティング 札幌支社,https://www.deltamarketing.co.jp,〒104-0032 東京都中央区八丁堀4,03-4580-1234,https://www.google.com/maps/place/%E3%88%B1%E3%83%87%E3%83%AB%E3%82%BF%E3%83%9E%E3%83%BC%E3%82%B1%E3%83%86%E3%82%A3%E3%83%B3%E3%82%B0+%E6%9C%AD%E5%B9%8C%E6%94%AF%E7%A4%BE/data=!4m7!3m6!1s0x5f0b29bc1bf3b3f7:0x52e2a9abb3d6ba02!8m2!3d43.0587485!4d141.3487497!16s%2Fg%2F11gy1kd1y7!19sChIJ97PzG7wpC18RArrWs6up4lI?authuser=0&hl=ja&rclk=1
㈱ジョブマーケティング北海道,https://jm-hokkaido.com,札幌市 大通西９丁目１−１,0120-94-9292,https://www.google.com/maps/place/%E3%88%B1%E3%82%B8%E3%83%A7%E3%83%96%E3%83%9E%E3%83%BC%E3%82%B1%E3%83%86%E3%82%A3%E3%83%B3%E3%82%B0%E5%8C%97%E6%B5%B7%E9%81%93/data=!4m7!3m6!1s0x5f0b299a5d307fcb:0xf0d60cff1bfcf962!8m2!3d43.0587977!4d141.3441657!16s%2Fg%2F11b5qtwzbg!19sChIJy38wXZopC18RYvn8G_8M1vA?authuser=0&hl=ja&rclk=1
エイチ･アールエージェンシー,https://hragency.jimdoweb.com,札幌市 南１条西８丁目９−１,,https://www.google.com/maps/place/%E3%82%A8%E3%82%A4%E3%83%81%EF%BD%A5%E3%82%A2%E3%83%BC%E3%83%AB%E3%82%A8%E3%83%BC%E3%82%B8%E3%82%A7%E3%83%B3%E3%82%B7%E3%83%BC/data=!4m7!3m6!1s0x5f0b299a9c954d0d:0x7b0a0f53aa8ef12a!8m2!3d43.0575455!4d141.345115!16s%2Fg%2F1tw_n0sb!19sChIJDU2VnJopC18RKvGOqlMPCns?authuser=0&hl=ja&rclk=1
㈱パネット 札幌支社,https://panet-ad.co.jp,〒106-0045 東京都港区麻布十番,03-6665-8400,https://www.google.com/maps/place/%E3%88%B1%E3%83%91%E3%83%8D%E3%83%83%E3%83%88+%E6%9C%AD%E5%B9%8C%E6%94%AF%E7%A4%BE/data=!4m7!3m6!1s0x5f0b29a1949f3a4d:0x1f5916f7495c3838!8m2!3d43.0518554!4d141.3534409!16s%2Fg%2F11b7stmpk7!19sChIJTTqflKEpC18RODhcSfcWWR8?authuser=0&hl=ja&rclk=1
北海道広告社 / エイトノット㈱,http://h-ad.com,札幌市 北５条西９丁目11−番地 シャトーブラン59 2階,011-876-8221,https://www.google.com/maps/place/%E5%8C%97%E6%B5%B7%E9%81%93%E5%BA%83%E5%91%8A%E7%A4%BE+%2F+%E3%82%A8%E3%82%A4%E3%83%88%E3%83%8E%E3%83%83%E3%83%88%E3%88%B1/data=!4m7!3m6!1s0x5f0b298adb733397:0xa9c3fc3585144578!8m2!3d43.0662102!4d141.3412387!16s%2Fg%2F1tcwfsbd!19sChIJlzNz24opC18ReEUUhTX8w6k?authuser=0&hl=ja&rclk=1
㈱メディアコム,http://mediacoms.net,札幌市 南１条東４丁目７ 第２渡辺ビル,011-241-6111,https://www.google.com/maps/place/%E3%88%B1%E3%83%A1%E3%83%87%E3%82%A3%E3%82%A2%E3%82%B3%E3%83%A0/data=!4m7!3m6!1s0x5f0b297852d9d66b:0x45cfdfa303ae7178!8m2!3d43.0608306!4d141.3625084!16s%2Fg%2F11gw0r5b80!19sChIJa9bZUngpC18ReHGuA6Pfz0U?authuser=0&hl=ja&rclk=1
㈱エス･マーケティング･デザイン･ジャパン 札幌支社,https://www.smdj.jp/company,〒150-0001 東京都渋谷区神宮前6,03-6419-7730,https://www.google.com/maps/place/%E3%88%B1%E3%82%A8%E3%82%B9%EF%BD%A5%E3%83%9E%E3%83%BC%E3%82%B1%E3%83%86%E3%82%A3%E3%83%B3%E3%82%B0%EF%BD%A5%E3%83%87%E3%82%B6%E3%82%A4%E3%83%B3%EF%BD%A5%E3%82%B8%E3%83%A3%E3%83%91%E3%83%B3+%E6%9C%AD%E5%B9%8C%E6%94%AF%E7%A4%BE/data=!4m7!3m6!1s0x5f0b2937e88b65df:0x319fc8dbb749f2ba!8m2!3d43.060253!4d141.3577433!16s%2Fg%2F11rxhfj432!19sChIJ32WL6DcpC18RuvJJt9vInzE?authuser=0&hl=ja&rclk=1
㈱フォリウム 八戸オーグメンテーションセンター,https://www.folium.co.jp,〒031-0042 青森県八戸市十三日町１,,https://www.google.com/maps/place/%E3%88%B1%E3%83%95%E3%82%A9%E3%83%AA%E3%82%A6%E3%83%A0+%E5%85%AB%E6%88%B8%E3%82%AA%E3%83%BC%E3%82%B0%E3%83%A1%E3%83%B3%E3%83%86%E3%83%BC%E3%82%B7%E3%83%A7%E3%83%B3%E3%82%BB%E3%83%B3%E3%82%BF%E3%83%BC/data=!4m7!3m6!1s0x5f9b53d0a35bc1df:0xffdf60a89ab363c2!8m2!3d40.5085931!4d141.488081!16s%2Fg%2F11fhykv4zm!19sChIJ38Fbo9BTm18RwmOzmqhg3_8?authuser=0&hl=ja&rclk=1
ビーモード㈱,https://www.b-mode.info,〒980-0014 宮城県仙台市青葉区本町2,022-796-2575,https://www.google.com/maps/place/%E3%83%93%E3%83%BC%E3%83%A2%E3%83%BC%E3%83%89%E3%88%B1/data=!4m7!3m6!1s0x5f8a282c736dd9c9:0x6ea2c272f2b7456f!8m2!3d38.264046!4d140.877103!16s%2Fg%2F1tm68rmc!19sChIJydltcywoil8Rb0W38nLCom4?authuser=0&hl=ja&rclk=1
表示灯㈱ 仙台支社,https://www.hyojito.co.jp/corporate/access,〒107-0062 東京都港区南青山5,,https://www.google.com/maps/place/%E8%A1%A8%E7%A4%BA%E7%81%AF%E3%88%B1+%E4%BB%99%E5%8F%B0%E6%94%AF%E7%A4%BE/data=!4m7!3m6!1s0x5f8a28177aeb0897:0x3d0a0d312fe59ba5!8m2!3d38.2575974!4d140.8807739!16s%2Fg%2F1vxvhp6h!19sChIJlwjrehcoil8RpZvlLzENCj0?authuser=0&hl=ja&rclk=1
マゼンタ株式会社,https://www.on-net.co.jp/magenta,秋田市 中通４丁目１−２ 秋田スクエアビル 6C,018-893-5321,https://www.google.com/maps/place/%E3%83%9E%E3%82%BC%E3%83%B3%E3%82%BF%E6%A0%AA%E5%BC%8F%E4%BC%9A%E7%A4%BE/data=!4m7!3m6!1s0x5f8fc11a2ddfe9a1:0xa57526e5506437bd!8m2!3d39.7159649!4d140.1223718!16s%2Fg%2F1tfvsslt!19sChIJoenfLRrBj18RvTdkUOUmdaU?authuser=0&hl=ja&rclk=1
アークス,https://arcs-akita.com,〒010-0022 秋田県秋田市楢山南中町9,018-866-3966,https://www.google.com/maps/place/%E3%82%A2%E3%83%BC%E3%82%AF%E3%82%B9/data=!4m7!3m6!1s0x5f8fc341513f9087:0x2ab126607ddc3eb4!8m2!3d39.7052741!4d140.116936!16s%2Fg%2F11g22yxylh!19sChIJh5A_UUHDj18RtD7cfWAmsSo?authuser=0&hl=ja&rclk=1
㈱デジコンキューブ,https://www.dc3.jp,〒627-5150 山形県山形市薬師町1,023-627-5150,https://www.google.com/maps/place/%E3%88%B1%E3%83%87%E3%82%B8%E3%82%B3%E3%83%B3%E3%82%AD%E3%83%A5%E3%83%BC%E3%83%96/data=!4m7!3m6!1s0x5f8bc9e235704413:0x611835eccae33cff!8m2!3d38.2614602!4d140.340715!16s%2Fg%2F1tjfb2cr!19sChIJE0RwNeLJi18R_zzjyuw1GGE?authuser=0&hl=ja&rclk=1
デジタルクリエイションーフジワラ株式会社,http://dc-f.net,福島市 御山清次郎作り１１−２４,024-559-3593,https://www.google.com/maps/place/%E3%83%87%E3%82%B8%E3%82%BF%E3%83%AB%E3%82%AF%E3%83%AA%E3%82%A8%E3%82%A4%E3%82%B7%E3%83%A7%E3%83%B3%E3%83%BC%E3%83%95%E3%82%B8%E3%83%AF%E3%83%A9%E6%A0%AA%E5%BC%8F%E4%BC%9A%E7%A4%BE/data=!4m7!3m6!1s0x5f8a860395ceaaab:0xfe76c149ea4f0c75!8m2!3d37.7798402!4d140.4600481!16s%2Fg%2F11t2fhz0jw!19sChIJq6rOlQOGil8RdQxP6knBdv4?authuser=0&hl=ja&rclk=1
株式会社サムシングファン,https://www.somethingfun.co.jp,〒101-0054 東京都千代田区神田錦町3,03-6261-5375,https://www.google.com/maps/place/%E6%A0%AA%E5%BC%8F%E4%BC%9A%E7%A4%BE%E3%82%B5%E3%83%A0%E3%82%B7%E3%83%B3%E3%82%B0%E3%83%95%E3%82%A1%E3%83%B3/data=!4m7!3m6!1s0x6000e6dff44e522f:0xa553f55b1488b1f1!8m2!3d34.6960988!4d135.490029!16s%2Fg%2F1tfl02p7!19sChIJL1JO9N_mAGAR8bGIFFv1U6U?authuser=0&hl=ja&rclk=1
株式会社WAS MARKETING,https://wasm.co.jp,〒963-8044 福島県郡山市備前舘2,024-926-0246,https://www.google.com/maps/place/%E6%A0%AA%E5%BC%8F%E4%BC%9A%E7%A4%BEWAS+MARKETING/data=!4m7!3m6!1s0x60206cd95aaaaaab:0x44de5d507fcd8204!8m2!3d37.4161166!4d140.3619452!16s%2Fg%2F11r8wq0gxh!19sChIJq6qqWtlsIGARBILNf1Bd3kQ?authuser=0&hl=ja&rclk=1
㈱キャンバス,https://www.canvas-works.jp,〒162-0814 東京都新宿区新小川町6,03-5962-7252,https://www.google.com/maps/place/%E3%88%B1%E3%82%AD%E3%83%A3%E3%83%B3%E3%83%90%E3%82%B9/data=!4m7!3m6!1s0x5ff791af69e5eaeb:0xb0e3da46a2a577cc!8m2!3d36.6764861!4d137.2055428!16s%2Fg%2F11xvlftrc!19sChIJ6-rlaa-R918RzHelokba47A?authuser=0&hl=ja&rclk=1
Weeekend株式会社,https://weeekend.co.jp,〒920-0901 石川県金沢市彦三町1,076-293-1799,https://www.google.com/maps/place/Weeekend%E6%A0%AA%E5%BC%8F%E4%BC%9A%E7%A4%BE/data=!4m7!3m6!1s0x5ff8336dfe92cff5:0xfa251f207f07a19d!8m2!3d36.573533!4d136.657724!16s%2Fg%2F11g9j4mlls!19sChIJ9c-S_m0z-F8RnaEHfyAfJfo?authuser=0&hl=ja&rclk=1
LIFT合同会社,https://livefortoday.jp,金沢市 野町２丁目１３−７,,https://www.google.com/maps/place/LIFT%E5%90%88%E5%90%8C%E4%BC%9A%E7%A4%BE/data=!4m7!3m6!1s0x5ff835e027e5d7f5:0xfd026b91d3990f9c!8m2!3d36.556012!4d136.645906!16s%2Fg%2F11thnnsr99!19sChIJ9dflJ-A1-F8RnA-Z05FrAv0?authuser=0&hl=ja&rclk=1
株式会社SHIKAKERU,https://www.shikakeruai.com,〒910-0017 福井県福井市文京1,,https://www.google.com/maps/place/%E6%A0%AA%E5%BC%8F%E4%BC%9A%E7%A4%BESHIKAKERU/data=!4m7!3m6!1s0x5ff8bfbca937ed5d:0x17235405229f1b75!8m2!3d36.0782228!4d136.2212988!16s%2Fg%2F11z4zmsj44!19sChIJXe03qby_-F8RdRufIgVUIxc?authuser=0&hl=ja&rclk=1
株式会社Netuas,https://www.netuas.net,〒910-0005 福井県福井市手寄1,0776-43-1318,https://www.google.com/maps/place/%E6%A0%AA%E5%BC%8F%E4%BC%9A%E7%A4%BENetuas/data=!4m7!3m6!1s0x5ff8bffcb84d076b:0x59f863739fc25358!8m2!3d36.0593281!4d136.2233042!16s%2Fg%2F11yvhdgf8v!19sChIJawdNuPy_-F8RWFPCn3Nj-Fk?authuser=0&hl=ja&rclk=1
MAGMAG.inc,https://magmaginc.com,〒390-0812 長野県松本市県2,0263-50-8163,https://www.google.com/maps/place/MAGMAG.inc/data=!4m7!3m6!1s0x601d0f23d80eed5b:0x31b98bb9c11bee04!8m2!3d36.232151!4d137.987185!16s%2Fg%2F11fj_wgklk!19sChIJW-0O2CMPHWARBO4bwbmLuTE?authuser=0&hl=ja&rclk=1
株式会社Cynosura Holdings,https://cynosuraholdings.co.jp,〒310-0015 茨城県水戸市宮町１,,https://www.google.com/maps/place/%E6%A0%AA%E5%BC%8F%E4%BC%9A%E7%A4%BECynosura+Holdings/data=!4m7!3m6!1s0x60222511c29b5fd5:0x834ec1bd469dd2b6!8m2!3d36.3714806!4d140.4773904!16s%2Fg%2F11n44y3517!19sChIJ1V-bwhElImARttKdRr3BToM?authuser=0&hl=ja&rclk=1
㈲ネットワーカーズ,https://www.networkers.jp,水戸市 双葉台１丁目34−１０,029-306-7030,https://www.google.com/maps/place/%E3%88%B2%E3%83%8D%E3%83%83%E3%83%88%E3%83%AF%E3%83%BC%E3%82%AB%E3%83%BC%E3%82%BA/data=!4m7!3m6!1s0x602224e8e281c6f5:0x211402d21342c505!8m2!3d36.3919836!4d140.3968655!16s%2Fg%2F11cfc_3lc!19sChIJ9caB4ugkImARBcVCE9ICFCE?authuser=0&hl=ja&rclk=1
Reframe株式会社,https://r-frame.jp,高崎市 上大類町820番地8,027-387-0725,https://www.google.com/maps/place/Reframe%E6%A0%AA%E5%BC%8F%E4%BC%9A%E7%A4%BE/data=!4m7!3m6!1s0x601e93fd04f05a71:0xfd64f26e8663d81e!8m2!3d36.3354095!4d139.0275762!16s%2Fg%2F11q30z4n9y!19sChIJcVrwBP2THmARHthjhm7yZP0?authuser=0&hl=ja&rclk=1
株式会社コーエィ・エージェンシー,https://koei-agency.com,〒370-0845 群馬県高崎市新後閑町4,027-323-7417,https://www.google.com/maps/place/%E6%A0%AA%E5%BC%8F%E4%BC%9A%E7%A4%BE%E3%82%B3%E3%83%BC%E3%82%A8%E3%82%A3%E3%83%BB%E3%82%A8%E3%83%BC%E3%82%B8%E3%82%A7%E3%83%B3%E3%82%B7%E3%83%BC/data=!4m7!3m6!1s0x601e92a563450115:0x5d5858a417318596!8m2!3d36.3121395!4d139.0138893!16s%2Fg%2F1thtd6fp!19sChIJFQFFY6WSHmARloUxF6RYWF0?authuser=0&hl=ja&rclk=1
FunnyLAB,https://funnylab-0.com,高崎市 問屋町西１丁目3−１４,027-384-2290,https://www.google.com/maps/place/FunnyLAB/data=!4m7!3m6!1s0x601e8d9bb93ffdb5:0xc2aa5c271f9204e3!8m2!3d36.3496926!4d139.005211!16s%2Fg%2F11h6s5wgg2!19sChIJtf0_uZuNHmAR4wSSHydcqsI?authuser=0&hl=ja&rclk=1
JOETSUデジタルコミュニケーションズ,https://www.joetsu-dc.com,〒371-0854 群馬県前橋市大渡町2,027-226-6888,https://www.google.com/maps/place/JOETSU%E3%83%87%E3%82%B8%E3%82%BF%E3%83%AB%E3%82%B3%E3%83%9F%E3%83%A5%E3%83%8B%E3%82%B1%E3%83%BC%E3%82%B7%E3%83%A7%E3%83%B3%E3%82%BA/data=!4m7!3m6!1s0x601e934cbddf14e3:0xef706f9f2d83f8a2!8m2!3d36.3968027!4d139.0436623!16s%2Fg%2F11h5mksfy8!19sChIJ4xTfvUyTHmARoviDLZ9vcO8?authuser=0&hl=ja&rclk=1
株式会社JOETSU,https://www.joetsu-p.co.jp,〒371-0854 群馬県前橋市大渡町2,027-210-7000,https://www.google.com/maps/place/%E6%A0%AA%E5%BC%8F%E4%BC%9A%E7%A4%BEJOETSU/data=!4m7!3m6!1s0x601ef34b0604d9cd:0xba35f95ac9860729!8m2!3d36.3968371!4d139.0435059!16s%2Fg%2F1tsbm6dh!19sChIJzdkEBkvzHmARKQeGyVr5Nbo?authuser=0&hl=ja&rclk=1
株式会社 群馬読売IS,https://www.gyis.co.jp,〒370-0002 群馬県高崎市日高町3,027-370-0900,https://www.google.com/maps/place/%E6%A0%AA%E5%BC%8F%E4%BC%9A%E7%A4%BE+%E7%BE%A4%E9%A6%AC%E8%AA%AD%E5%A3%B2IS/data=!4m7!3m6!1s0x601ef29656aa6ff5:0xfe33cc2b779c0d7a!8m2!3d36.3668445!4d139.0776164!16s%2Fg%2F1tj2c2j8!19sChIJ9W-qVpbyHmAReg2cdyvMM_4?authuser=0&hl=ja&rclk=1
LINE・SNSマーケティング,https://sinteras.net,〒160-0023 東京都新宿区西新宿三丁目,03-6680-5315,https://www.google.com/maps/place/LINE%E3%83%BBSNS%E3%83%9E%E3%83%BC%E3%82%B1%E3%83%86%E3%82%A3%E3%83%B3%E3%82%B0/data=!4m7!3m6!1s0x4ecc87bd119f62e5:0x17efefa64eb21300!8m2!3d28.1607645!4d145.0282385!16s%2Fg%2F11sk3b3bz8!19sChIJ5WKfEb2HzE4RABOyTqbv7xc?authuser=0&hl=ja&rclk=1
メメント株式会社,https://memento.co.jp,さいたま市 宮町１丁目86−１ 702号室,,https://www.google.com/maps/place/%E3%83%A1%E3%83%A1%E3%83%B3%E3%83%88%E6%A0%AA%E5%BC%8F%E4%BC%9A%E7%A4%BE/data=!4m7!3m6!1s0x6018c198d7f669d3:0x9ab81f2f12cef241!8m2!3d35.9083842!4d139.6261428!16s%2Fg%2F11rmqv63l_!19sChIJ02n215jBGGARQfLOEi8fuJo?authuser=0&hl=ja&rclk=1
株式会社ループリンクス,https://looplinks.jp,さいたま市 美園６丁目９−１８,0120-966-606,https://www.google.com/maps/place/%E6%A0%AA%E5%BC%8F%E4%BC%9A%E7%A4%BE%E3%83%AB%E3%83%BC%E3%83%97%E3%83%AA%E3%83%B3%E3%82%AF%E3%82%B9/data=!4m7!3m6!1s0x60189583c873cb97:0x95635b7ce7ead198!8m2!3d35.8878534!4d139.7350998!16s%2Fg%2F11c2mcw5z_!19sChIJl8tzyIOVGGARmNHq53xbY5U?authuser=0&hl=ja&rclk=1
株式会社アーバンプランニング,https://urban-planning.jp,〒350-0045 埼玉県川越市南通町1,049-224-1370,https://www.google.com/maps/place/%E6%A0%AA%E5%BC%8F%E4%BC%9A%E7%A4%BE%E3%82%A2%E3%83%BC%E3%83%90%E3%83%B3%E3%83%97%E3%83%A9%E3%83%B3%E3%83%8B%E3%83%B3%E3%82%B0/data=!4m7!3m6!1s0x6018daf882c7e5f9:0xcd73c837091b077a!8m2!3d35.909528!4d139.4873455!16s%2Fg%2F1td0yh59!19sChIJ-eXHgvjaGGARegcbCTfIc80?authuser=0&hl=ja&rclk=1
株式会社ＨＡＬＵ,https://halu-koma.com,〒350-1142 埼玉県川越市藤間1,049-256-9496,https://www.google.com/maps/place/%E6%A0%AA%E5%BC%8F%E4%BC%9A%E7%A4%BE%EF%BC%A8%EF%BC%A1%EF%BC%AC%EF%BC%B5/data=!4m7!3m6!1s0x6018db4d4076b0b3:0xba7ac938a04e9839!8m2!3d35.88061!4d139.496865!16s%2Fg%2F11mhzlkrj0!19sChIJs7B2QE3bGGAROZhOoDjJero?authuser=0&hl=ja&rclk=1
株式会社Sokoage | あなたのクリエイティブパートナー,https://sokoage.com,越谷市 赤山本町３−２４ ライオンズグローベル越谷ステーションプラザ 越谷ステーションプラザ1201,,https://www.google.com/maps/place/%E6%A0%AA%E5%BC%8F%E4%BC%9A%E7%A4%BESokoage+%7C+%E3%81%82%E3%81%AA%E3%81%9F%E3%81%AE%E3%82%AF%E3%83%AA%E3%82%A8%E3%82%A4%E3%83%86%E3%82%A3%E3%83%96%E3%83%91%E3%83%BC%E3%83%88%E3%83%8A%E3%83%BC/data=!4m7!3m6!1s0x601896da76f0f465:0x3392befbdf8abbe!8m2!3d35.8877085!4d139.784579!16s%2Fg%2F11fy_092j4!19sChIJZfTwdtqWGGARvqv4ve8rOQM?authuser=0&hl=ja&rclk=1
株式会社ハイヴ・株式会社メルビータ,https://hive-melbeeta.jp,〒343-0031 埼玉県越谷市大里6,048-912-4187,https://www.google.com/maps/place/%E6%A0%AA%E5%BC%8F%E4%BC%9A%E7%A4%BE%E3%83%8F%E3%82%A4%E3%83%B4%E3%83%BB%E6%A0%AA%E5%BC%8F%E4%BC%9A%E7%A4%BE%E3%83%A1%E3%83%AB%E3%83%93%E3%83%BC%E3%82%BF/data=!4m7!3m6!1s0x60189647487709ed:0x8471ceed9b4e37da!8m2!3d35.9196355!4d139.7830242!16s%2Fg%2F1v9gj_r3!19sChIJ7Ql3SEeWGGAR2jdOm-3OcYQ?authuser=0&hl=ja&rclk=1
株式会社エンジョイワークス（埼玉営業所）,https://enjoyworks.co.jp,〒542-0081 大阪府大阪市中央区南船場二丁目,06-7712-1987,https://www.google.com/maps/place/%E6%A0%AA%E5%BC%8F%E4%BC%9A%E7%A4%BE%E3%82%A8%E3%83%B3%E3%82%B8%E3%83%A7%E3%82%A4%E3%83%AF%E3%83%BC%E3%82%AF%E3%82%B9%EF%BC%88%E5%9F%BC%E7%8E%89%E5%96%B6%E6%A5%AD%E6%89%80%EF%BC%89/data=!4m7!3m6!1s0x601896935383f4a7:0x660d715e4c8f88fb!8m2!3d35.8668889!4d139.7931886!16s%2Fg%2F11dfgw29x8!19sChIJp_SDU5OWGGAR-4iPTF5xDWY?authuser=0&hl=ja&rclk=1
FCマーケティング株式会社,https://fc-marke.co.jp,〒260-0013 千葉県千葉市中央区中央4,043-235-7546,https://www.google.com/maps/place/FC%E3%83%9E%E3%83%BC%E3%82%B1%E3%83%86%E3%82%A3%E3%83%B3%E3%82%B0%E6%A0%AA%E5%BC%8F%E4%BC%9A%E7%A4%BE/data=!4m7!3m6!1s0x60228520eae17157:0xefd79ec170eb347f!8m2!3d35.6074851!4d140.1224558!16s%2Fg%2F11x2k03p4f!19sChIJV3Hh6iCFImARfzTrcMGe1-8?authuser=0&hl=ja&rclk=1
株式会社千葉日報デジタル,https://chibadigi.com,〒260-0013 千葉県千葉市中央区中央4,043-227-0000,https://www.google.com/maps/place/%E6%A0%AA%E5%BC%8F%E4%BC%9A%E7%A4%BE%E5%8D%83%E8%91%89%E6%97%A5%E5%A0%B1%E3%83%87%E3%82%B8%E3%82%BF%E3%83%AB/data=!4m7!3m6!1s0x60229b95c8fb0a97:0x18f5630e60132a5e!8m2!3d35.6050503!4d140.122168!16s%2Fg%2F11q8jv8j8h!19sChIJlwr7yJWbImARXioTYA5j9Rg?authuser=0&hl=ja&rclk=1
スカイクルーズ株式会社 ポスティング千葉支社,https://sky-crews.com/lp01,千葉市 中央３丁目８−７ 中央スカイビル 3F,0120-219-610,https://www.google.com/maps/place/%E3%82%B9%E3%82%AB%E3%82%A4%E3%82%AF%E3%83%AB%E3%83%BC%E3%82%BA%E6%A0%AA%E5%BC%8F%E4%BC%9A%E7%A4%BE+%E3%83%9D%E3%82%B9%E3%83%86%E3%82%A3%E3%83%B3%E3%82%B0%E5%8D%83%E8%91%89%E6%94%AF%E7%A4%BE/data=!4m7!3m6!1s0x602284cae7ac8679:0xa328610f9f4f341!8m2!3d35.6088019!4d140.12358!16s%2Fg%2F11_pp5458!19sChIJeYas58qEImARQfP0-RCGMgo?authuser=0&hl=ja&rclk=1
株式会社クロスメディア,https://cross-m.jp,千葉市 富士見２丁目９−９,043-201-7701,https://www.google.com/maps/place/%E6%A0%AA%E5%BC%8F%E4%BC%9A%E7%A4%BE%E3%82%AF%E3%83%AD%E3%82%B9%E3%83%A1%E3%83%87%E3%82%A3%E3%82%A2/data=!4m7!3m6!1s0x602284b6812ad8e7:0x88a4a801e4ad31c0!8m2!3d35.6104561!4d140.1187287!16s%2Fg%2F11gy86v__m!19sChIJ59gqgbaEImARwDGt5AGopIg?authuser=0&hl=ja&rclk=1
株式会社ライドウェーブ 船橋営業所,https://www.ridewave.co.jp,〒123-0841 東京都足立区西新井 4,03-3857-8040,https://www.google.com/maps/place/%EF%BC%88%E6%A0%AA%EF%BC%89%E3%83%A9%E3%82%A4%E3%83%89%E3%82%A6%E3%82%A7%E3%83%BC%E3%83%96+%E8%88%B9%E6%A9%8B%E5%96%B6%E6%A5%AD%E6%89%80/data=!4m7!3m6!1s0x602281564ffd9585:0x6718087ab3e3e151!8m2!3d35.6941243!4d139.9833045!16s%2Fg%2F11rpdgv1z3!19sChIJhZX9T1aBImARUeHjs3oIGGc?authuser=0&hl=ja&rclk=1
デジタルブレンド株式会社 柏OFFICE,https://digitalblend-j.com,〒101-0061 東京都千代田区神田三崎町3,03-6261-7929,https://www.google.com/maps/place/%E3%83%87%E3%82%B8%E3%82%BF%E3%83%AB%E3%83%96%E3%83%AC%E3%83%B3%E3%83%89%E6%A0%AA%E5%BC%8F%E4%BC%9A%E7%A4%BE+%E6%9F%8FOFFICE/data=!4m7!3m6!1s0x60189d17c0eefeff:0x81fc25662d4d453c!8m2!3d35.8753167!4d139.9866684!16s%2Fg%2F11z678ld3n!19sChIJ__7uwBedGGARPEVNLWYl_IE?authuser=0&hl=ja&rclk=1
株式会社Mirai Digital,https://mirai-digital.jp,横浜市 沢渡５３−４０,,https://www.google.com/maps/place/%E6%A0%AA%E5%BC%8F%E4%BC%9A%E7%A4%BEMirai+Digital/data=!4m7!3m6!1s0x60185da04c92b5a1:0xe8f9bd187445859c!8m2!3d35.4729473!4d139.6138206!16s%2Fg%2F11mszn3hnw!19sChIJobWSTKBdGGARnIVFdBi9-eg?authuser=0&hl=ja&rclk=1
反響ポスティング川崎営業所,https://syukyaku.support,〒231-0026 神奈川県横浜市中区寿町1,0120-84-9119,https://www.google.com/maps/place/%E5%8F%8D%E9%9F%BF%E3%83%9D%E3%82%B9%E3%83%86%E3%82%A3%E3%83%B3%E3%82%B0%E5%B7%9D%E5%B4%8E%E5%96%B6%E6%A5%AD%E6%89%80/data=!4m7!3m6!1s0x601861c5f1c0239b:0x4d7a880f239bed24!8m2!3d35.5139362!4d139.6911574!16s%2Fg%2F11fv4hpdyl!19sChIJmyPA8cVhGGARJO2bIw-Iek0?authuser=0&hl=ja&rclk=1
ウエスタンデジタルテクノロジーズ合同会社,https://www.westerndigital.com/ja-jp,藤沢市 桐原町１,0120-893-009,https://www.google.com/maps/place/%E3%82%A6%E3%82%A8%E3%82%B9%E3%82%BF%E3%83%B3%E3%83%87%E3%82%B8%E3%82%BF%E3%83%AB%E3%83%86%E3%82%AF%E3%83%8E%E3%83%AD%E3%82%B8%E3%83%BC%E3%82%BA%E5%90%88%E5%90%8C%E4%BC%9A%E7%A4%BE/data=!4m7!3m6!1s0x6018517ae47b6e85:0x2cc99a7ca00953a!8m2!3d35.385569!4d139.4557976!16s%2Fg%2F11cjk6mfn3!19sChIJhW575HpRGGAROpUAyqeZzAI?authuser=0&hl=ja&rclk=1
ドルフィンスルー株式会社,https://www.dolphin-through.jp,〒251-0035 神奈川県藤沢市片瀬海岸1,,https://www.google.com/maps/place/%E3%83%89%E3%83%AB%E3%83%95%E3%82%A3%E3%83%B3%E3%82%B9%E3%83%AB%E3%83%BC%E6%A0%AA%E5%BC%8F%E4%BC%9A%E7%A4%BE/data=!4m7!3m6!1s0x60184fb1cb8e7239:0x2c3930b8b738806f!8m2!3d35.3078398!4d139.4858724!16s%2Fg%2F11gmccp0p8!19sChIJOXKOy7FPGGARb4A4t7gwOSw?authuser=0&hl=ja&rclk=1
ネットスクウェア㈱ 藤沢事業所,https://www.netsquare.jp,藤沢市 石川６丁目２６−１９,,https://www.google.com/maps/place/%E3%83%8D%E3%83%83%E3%83%88%E3%82%B9%E3%82%AF%E3%82%A6%E3%82%A7%E3%82%A2%E3%88%B1+%E8%97%A4%E6%B2%A2%E4%BA%8B%E6%A5%AD%E6%89%80/data=!4m7!3m6!1s0x60185163f068c81f:0x225d2f1c3a2a1273!8m2!3d35.3887401!4d139.4511778!16s%2Fg%2F1v62hmjk!19sChIJH8ho8GNRGGARcxIqOhwvXSI?authuser=0&hl=ja&rclk=1
株式会社フジマニパブリッシング,https://fujimani.com,〒251-0024 神奈川県藤沢市鵠沼橘1,0466-50-7009,https://www.google.com/maps/place/%EF%BC%88%E6%A0%AA%EF%BC%89%E3%83%95%E3%82%B8%E3%83%9E%E3%83%8B%E3%83%91%E3%83%96%E3%83%AA%E3%83%83%E3%82%B7%E3%83%B3%E3%82%B0/data=!4m7!3m6!1s0x60184e34e977f2a5:0x5d5ad3b7f1f0ca49!8m2!3d35.3375966!4d139.4858418!16s%2Fg%2F11c1_vj8wz!19sChIJpfJ36TROGGARScrw8bfTWl0?authuser=0&hl=ja&rclk=1
株式会社情熱の風,https://jonetsunokaze.co.jp,〒251-0025 神奈川県藤沢市鵠沼石上1,,https://www.google.com/maps/place/%E6%A0%AA%E5%BC%8F%E4%BC%9A%E7%A4%BE%E6%83%85%E7%86%B1%E3%81%AE%E9%A2%A8/data=!4m7!3m6!1s0x60184ff7cc66049d:0x6a2cbc6a104eae57!8m2!3d35.3359084!4d139.4896309!16s%2Fg%2F11x7xvns9q!19sChIJnQRmzPdPGGARV65OEGq8LGo?authuser=0&hl=ja&rclk=1
㈱分析屋,https://analytics-jp.com,〒251-0052 神奈川県藤沢市藤沢4,,https://www.google.com/maps/place/%E3%88%B1%E5%88%86%E6%9E%90%E5%B1%8B/data=!4m7!3m6!1s0x152122521cd7c695:0x30cfda548e6402c7!8m2!3d35.3398816!4d139.4856283!16s%2Fg%2F11b6_r1gcq!19sChIJlcbXHFIiIRURxwJkjlTazzA?authuser=0&hl=ja&rclk=1
FNパートナーズ合同会社,https://www.fnpartners.net,相模原市 西橋本５丁目４−２１ さがみはら産業創造センタ Desk10,042-816-2880,https://www.google.com/maps/place/FN%E3%83%91%E3%83%BC%E3%83%88%E3%83%8A%E3%83%BC%E3%82%BA%E5%90%88%E5%90%8C%E4%BC%9A%E7%A4%BE/data=!4m7!3m6!1s0x60191dbeac4e09a1:0xf99fb480e61dab87!8m2!3d35.5955403!4d139.3348037!16s%2Fg%2F11rc7wmpw3!19sChIJoQlOrL4dGWARh6sd5oC0n_k?authuser=0&hl=ja&rclk=1
メディア便 相模原デポ,https://www.media-mail.jp,〒164-0013 東京都中野区弥生町4,0120-828-567,https://www.google.com/maps/place/%E3%83%A1%E3%83%87%E3%82%A3%E3%82%A2%E4%BE%BF+%E7%9B%B8%E6%A8%A1%E5%8E%9F%E3%83%87%E3%83%9D/data=!4m7!3m6!1s0x6018ff426d745737:0xf6db15a409603f0a!8m2!3d35.5211121!4d139.4240939!16s%2Fg%2F11fpt4ypp5!19sChIJN1d0bUL_GGARCj9gCaQV2_Y?authuser=0&hl=ja&rclk=1
SPSエンタープライズ株式会社,https://s-ps.net,〒422-8005 静岡県静岡市駿河区池田2,0120-390-310,https://www.google.com/maps/place/SPS%E3%82%A8%E3%83%B3%E3%82%BF%E3%83%BC%E3%83%97%E3%83%A9%E3%82%A4%E3%82%BA%E6%A0%AA%E5%BC%8F%E4%BC%9A%E7%A4%BE/data=!4m7!3m6!1s0x601a36739d5be093:0xb06bd2f8b0b84726!8m2!3d34.9844024!4d138.4211793!16s%2Fg%2F1vr3d6w4!19sChIJk-BbnXM2GmARJke4sPjSa7A?authuser=0&hl=ja&rclk=1
株式会社ＳＢＳプロモーション,https://sbs-promotion.co.jp,〒422-8033 静岡県静岡市駿河区登呂3,054-260-7737,https://www.google.com/maps/place/%EF%BC%88%E6%A0%AA%EF%BC%89%EF%BC%B3%EF%BC%A2%EF%BC%B3%E3%83%97%E3%83%AD%E3%83%A2%E3%83%BC%E3%82%B7%E3%83%A7%E3%83%B3/data=!4m7!3m6!1s0x601a49fbbf30e585:0xe9462eb40cb201fa!8m2!3d34.9717704!4d138.392348!16s%2Fg%2F11b5pjlts3!19sChIJheUwv_tJGmAR-gGyDLQuRuk?authuser=0&hl=ja&rclk=1
株式会社USEN-ALMEX マーケティングセールス本部 静岡支店,https://www.usen-almex.jp,静岡市 中野新田３６９−１６ アルメックス 静岡支店,050-5811-6431,https://www.google.com/maps/place/%28%E6%A0%AA%29USEN-ALMEX+%E3%83%9E%E3%83%BC%E3%82%B1%E3%83%86%E3%82%A3%E3%83%B3%E3%82%B0%E3%82%BB%E3%83%BC%E3%83%AB%E3%82%B9%E6%9C%AC%E9%83%A8+%E9%9D%99%E5%B2%A1%E6%94%AF%E5%BA%97/data=!4m7!3m6!1s0x601a49d01ab4707f:0x82c9ef04b89ed99b!8m2!3d34.9483537!4d138.389388!16s%2Fg%2F1tlz_7b5!19sChIJf3C0GtBJGmARm9meuATvyYI?authuser=0&hl=ja&rclk=1
まいぷれ浜松編集部,https://hamamatsu.mypl.net/shop/00000358395,浜松市 卸本町２０００−２,053-441-2100,https://www.google.com/maps/place/%E3%81%BE%E3%81%84%E3%81%B7%E3%82%8C%E6%B5%9C%E6%9D%BE%E7%B7%A8%E9%9B%86%E9%83%A8/data=!4m7!3m6!1s0x601add5e12427d53:0xd2de988ebf28917f!8m2!3d34.6698718!4d137.7261428!16s%2Fg%2F11hfltmyk2!19sChIJU31CEl7dGmARf5Eov46Y3tI?authuser=0&hl=ja&rclk=1
スカイネット,https://sky-net.jpn.com,〒435-0007 静岡県浜松市中央区流通元町1,053-545-7646,https://www.google.com/maps/place/%E3%82%B9%E3%82%AB%E3%82%A4%E3%83%8D%E3%83%83%E3%83%88/data=!4m7!3m6!1s0x601ae183bee4467d:0x50fbabb3439ed4c8!8m2!3d34.7448686!4d137.7904234!16s%2Fg%2F11h080lc7c!19sChIJfUbkvoPhGmARyNSeQ7Or-1A?authuser=0&hl=ja&rclk=1
株式会社ベンチマーキング,https://www.benchmarking.jp,〒435-0054 静岡県浜松市中央区早出町1,053-545-7367,https://www.google.com/maps/place/%E6%A0%AA%E5%BC%8F%E4%BC%9A%E7%A4%BE%E3%83%99%E3%83%B3%E3%83%81%E3%83%9E%E3%83%BC%E3%82%AD%E3%83%B3%E3%82%B0/data=!4m7!3m6!1s0x601ade3b0821865f:0xb3324d1192fdb874!8m2!3d34.7319729!4d137.7513385!16s%2Fg%2F11btwvmxnp!19sChIJX4YhCDveGmARdLj9khFNMrM?authuser=0&hl=ja&rclk=1
サンディオス,https://sundios.jp,〒410-0011 静岡県沼津市岡宮1,055-924-6898,https://www.google.com/maps/place/%E3%82%B5%E3%83%B3%E3%83%87%E3%82%A3%E3%82%AA%E3%82%B9/data=!4m7!3m6!1s0x6019853e474a0fb5:0x50f4f7922325ff11!8m2!3d35.1269302!4d138.8647438!16s%2Fg%2F11b6dh63f2!19sChIJtQ9KRz6FGWAREf8lI5L39FA?authuser=0&hl=ja&rclk=1
ナインアース マーケティング事業部,https://nineearth-marketing.jp,〒460-0002 愛知県名古屋市中区丸の内１,052-253-7830,https://www.google.com/maps/place/%E3%83%8A%E3%82%A4%E3%83%B3%E3%82%A2%E3%83%BC%E3%82%B9+%E3%83%9E%E3%83%BC%E3%82%B1%E3%83%86%E3%82%A3%E3%83%B3%E3%82%B0%E4%BA%8B%E6%A5%AD%E9%83%A8/data=!4m7!3m6!1s0x600377d74446df59:0x33b3ea658d6d68c0!8m2!3d35.177208!4d136.8950088!16s%2Fg%2F11ml43q5js!19sChIJWd9GRNd3A2ARwGhtjWXqszM?authuser=0&hl=ja&rclk=1
㈱カプセル,https://capsulegraphics.jp,〒456-0018 愛知県名古屋市熱田区 新尾頭1,052-680-6620,https://www.google.com/maps/place/%E3%88%B1%E3%82%AB%E3%83%97%E3%82%BB%E3%83%AB/data=!4m7!3m6!1s0x600377523c6746dd:0xd5d11a67edf837ef!8m2!3d35.1421131!4d136.8986311!16s%2Fg%2F1tg3547m!19sChIJ3UZnPFJ3A2AR7zf47Wca0dU?authuser=0&hl=ja&rclk=1
ゲート,http://gates.co.jp,〒064-0824 北海道札幌市中央区北四条西2,011-300-7165,https://www.google.com/maps/place/%E3%82%B2%E3%83%BC%E3%83%88/data=!4m7!3m6!1s0x6003712b322019f1:0x6f1274c28d77f9a2!8m2!3d35.1751978!4d136.9031189!16s%2Fg%2F11cscc5ctr!19sChIJ8RkgMitxA2ARovl3jcJ0Em8?authuser=0&hl=ja&rclk=1
創工社,https://www.soukou.net,〒461-0005 愛知県名古屋市東区東桜1,052-228-4725,https://www.google.com/maps/place/%E5%89%B5%E5%B7%A5%E7%A4%BE/data=!4m7!3m6!1s0x600376dc0739e773:0x1baed9d7d717c183!8m2!3d35.1726045!4d136.910626!16s%2Fg%2F1tg_lkjb!19sChIJc-c5B9x2A2ARg8EX19fZrhs?authuser=0&hl=ja&rclk=1
株式会社 N.S.D 名古屋オフィス,https://n-s-design.net,〒512-0911 三重県四日市市生桑町1,059-327-5823,https://www.google.com/maps/place/%E6%A0%AA%E5%BC%8F%E4%BC%9A%E7%A4%BE+N.S.D+%E5%90%8D%E5%8F%A4%E5%B1%8B%E3%82%AA%E3%83%95%E3%82%A3%E3%82%B9/data=!4m7!3m6!1s0x600377005cc9e52d:0xb920183df04f7769!8m2!3d35.1578365!4d136.8702928!16s%2Fg%2F11x_4jcn91!19sChIJLeXJXAB3A2ARaXdP8D0YILk?authuser=0&hl=ja&rclk=1
ニューラルマーケティング株式会社 名古屋支店,https://www.digilook.jp,〒140-0002 東京都品川区東品川4,0120-281-795,https://www.google.com/maps/place/%E3%83%8B%E3%83%A5%E3%83%BC%E3%83%A9%E3%83%AB%E3%83%9E%E3%83%BC%E3%82%B1%E3%83%86%E3%82%A3%E3%83%B3%E3%82%B0%E6%A0%AA%E5%BC%8F%E4%BC%9A%E7%A4%BE+%E5%90%8D%E5%8F%A4%E5%B1%8B%E6%94%AF%E5%BA%97/data=!4m7!3m6!1s0x600376d445dec30d:0x7459bf0ce8a25db5!8m2!3d35.1735469!4d136.8995203!16s%2Fg%2F11c1vlq9nf!19sChIJDcPeRdR2A2ARtV2i6Ay_WXQ?authuser=0&hl=ja&rclk=1
株式会社スマートノート,https://smartnote.jp,〒460-0003 愛知県名古屋市中区錦2,052-253-5197,https://www.google.com/maps/place/%E6%A0%AA%E5%BC%8F%E4%BC%9A%E7%A4%BE%E3%82%B9%E3%83%9E%E3%83%BC%E3%83%88%E3%83%8E%E3%83%BC%E3%83%88/data=!4m7!3m6!1s0x600377867ecf5fef:0x29bfd6e00e7d3224!8m2!3d35.1723204!4d136.8985553!16s%2Fg%2F11h44dj5xz!19sChIJ71_PfoZ3A2ARJDJ9DuDWvyk?authuser=0&hl=ja&rclk=1
㈱マーケティングポスト,http://www.marketing-post.com/corporate,〒440-0891 愛知県豊橋市関屋町2,,https://www.google.com/maps/place/%E3%88%B1%E3%83%9E%E3%83%BC%E3%82%B1%E3%83%86%E3%82%A3%E3%83%B3%E3%82%B0%E3%83%9D%E3%82%B9%E3%83%88/data=!4m7!3m6!1s0x6004d20a50fc0c05:0xf3a58be7d3b0ea94!8m2!3d34.7679864!4d137.3873514!16s%2Fg%2F11btrsb0_3!19sChIJBQz8UArSBGARlOqw0-eLpfM?authuser=0&hl=ja&rclk=1
折込広告社,https://orikomi-ad.com,〒441-8042 愛知県豊橋市小池町字角田3,0533-86-1661,https://www.google.com/maps/place/%E6%8A%98%E8%BE%BC%E5%BA%83%E5%91%8A%E7%A4%BE/data=!4m7!3m6!1s0x6004d265f606b49d:0x352facc706e2cb17!8m2!3d34.7508731!4d137.3874111!16s%2Fg%2F1tkc6mwd!19sChIJnbQG9mXSBGARF8viBsesLzU?authuser=0&hl=ja&rclk=1
豊橋の売れる看板屋さん,https://toyokanban1.jimdoweb.com,〒440-0855 愛知県豊橋市 ■,,https://www.google.com/maps/place/%E8%B1%8A%E6%A9%8B%E3%81%AE%E5%A3%B2%E3%82%8C%E3%82%8B%E7%9C%8B%E6%9D%BF%E5%B1%8B%E3%81%95%E3%82%93/data=!4m7!3m6!1s0x60037aea966c5dd3:0x94eb96e0cef8911f!8m2!3d34.7506572!4d137.3937282!16s%2Fg%2F1thf8j4m!19sChIJ011slup6A2ARH5H4zuCW65Q?authuser=0&hl=ja&rclk=1
サイドキック,https://sidekick.co.jp,豊橋市 中浜町２１９−３０ シーキャットＰａｒｔ１,,https://www.google.com/maps/place/%E3%82%B5%E3%82%A4%E3%83%89%E3%82%AD%E3%83%83%E3%82%AF/data=!4m7!3m6!1s0x6004d3246aaa2493:0xaf786e87dd7591ec!8m2!3d34.7430642!4d137.3740801!16s%2Fg%2F11jmtvbzqs!19sChIJkySqaiTTBGAR7JF13YdueK8?authuser=0&hl=ja&rclk=1
ウチキカク,https://uchikikaku.com,〒444-0062 愛知県岡崎市松本町 4,090-3455-2952,https://www.google.com/maps/place/%E3%82%A6%E3%83%81%E3%82%AD%E3%82%AB%E3%82%AF/data=!4m7!3m6!1s0x6004a34694496d03:0x5989ba1255125c7a!8m2!3d34.9642379!4d137.1617456!16s%2Fg%2F11fls4fxvg!19sChIJA21JlEajBGARelwSVRK6iVk?authuser=0&hl=ja&rclk=1
㈱リクルーティング･デザイン 三河オフィス,https://www.rd-woods.co.jp,岡崎市 康生通南３丁目３ マルワ第1ビル 5階,0120-88-2478,https://www.google.com/maps/place/%E3%88%B1%E3%83%AA%E3%82%AF%E3%83%AB%E3%83%BC%E3%83%86%E3%82%A3%E3%83%B3%E3%82%B0%EF%BD%A5%E3%83%87%E3%82%B6%E3%82%A4%E3%83%B3+%E4%B8%89%E6%B2%B3%E3%82%AA%E3%83%95%E3%82%A3%E3%82%B9/data=!4m7!3m6!1s0x6004bdffc6edc0f3:0x418c5b051af7b351!8m2!3d34.9569291!4d137.1656558!16s%2Fg%2F11zcyywgjr!19sChIJ88Dtxv-9BGARUbP3GgVbjEE?authuser=0&hl=ja&rclk=1
株式会社Recopa岐阜支店,https://recopa.jp,〒454-0001 愛知県名古屋市中川区運河町1,0575-65-6144,https://www.google.com/maps/place/%E6%A0%AA%E5%BC%8F%E4%BC%9A%E7%A4%BERecopa%E5%B2%90%E9%98%9C%E6%94%AF%E5%BA%97/data=!4m7!3m6!1s0x600307001ff48a61:0x8e4a138a5af33840!8m2!3d35.4474987!4d136.8406995!16s%2Fg%2F11z2yyv63l!19sChIJYYr0HwAHA2ARQDjzWooTSo4?authuser=0&hl=ja&rclk=1
株式会社offton,https://offton.jp,〒520-2153 滋賀県大津市一里山2,077-576-6369,https://www.google.com/maps/place/%E6%A0%AA%E5%BC%8F%E4%BC%9A%E7%A4%BEoffton/data=!4m7!3m6!1s0x60016df216bf9499:0xfb0e7fe321974bb7!8m2!3d34.9818724!4d135.9296868!16s%2Fg%2F11n_z519h8!19sChIJmZS_FvJtAWARt0uXIeN_Dvs?authuser=0&hl=ja&rclk=1
協和広告,https://www.kyowa-ad.jp,〒520-0846 滋賀県大津市富士見台4,077-534-3690,https://www.google.com/maps/place/%E5%8D%94%E5%92%8C%E5%BA%83%E5%91%8A/data=!4m7!3m6!1s0x60010d40873bec25:0xf2642d59df845f87!8m2!3d34.9851728!4d135.8874556!16s%2Fg%2F1tdh8bnn!19sChIJJew7h0ANAWARh1-E31ktZPI?authuser=0&hl=ja&rclk=1
株式会社読売アルスR 大津支社,https://yomiarsr.co.jp,〒104-0045 東京都中央区築地 2,,https://www.google.com/maps/place/%EF%BC%88%E6%A0%AA%EF%BC%89%E8%AA%AD%E5%A3%B2%E3%82%A2%E3%83%AB%E3%82%B9R+%E5%A4%A7%E6%B4%A5%E6%94%AF%E7%A4%BE/data=!4m7!3m6!1s0x60010cfa0e8a8b43:0x7dea2ec781ac1f59!8m2!3d35.0045526!4d135.8715308!16s%2Fg%2F11q4k53m66!19sChIJQ4uKDvoMAWARWR-sgccu6n0?authuser=0&hl=ja&rclk=1
エイムハイ株式会社 (デジタルマーケティング事業部),https://aimhigh-co.jp,〒601-8024 京都府京都市南区東九条東札辻町2,075-644-4070,https://www.google.com/maps/place/%E3%82%A8%E3%82%A4%E3%83%A0%E3%83%8F%E3%82%A4%E6%A0%AA%E5%BC%8F%E4%BC%9A%E7%A4%BE+%28%E3%83%87%E3%82%B8%E3%82%BF%E3%83%AB%E3%83%9E%E3%83%BC%E3%82%B1%E3%83%86%E3%82%A3%E3%83%B3%E3%82%B0%E4%BA%8B%E6%A5%AD%E9%83%A8%29/data=!4m7!3m6!1s0x48fec75b066e4ca5:0xb6b352d694ff93da!8m2!3d34.9471128!4d135.7443437!16s%2Fg%2F11lck646h0!19sChIJpUxuBlvH_kgR2pP_lNZSs7Y?authuser=0&hl=ja&rclk=1
株式会社ギオンメディア,https://www.gionmedia.com,京都市 朱雀宝蔵町44番地 2階 京都朱雀スタジオ,,https://www.google.com/maps/place/%E6%A0%AA%E5%BC%8F%E4%BC%9A%E7%A4%BE%E3%82%AE%E3%82%AA%E3%83%B3%E3%83%A1%E3%83%87%E3%82%A3%E3%82%A2/data=!4m7!3m6!1s0x8f461451634d2e0d:0x26f1cd5b1df32821!8m2!3d34.9910774!4d135.7401614!16s%2Fg%2F11s3hsfbdy!19sChIJDS5NY1EURo8RISjzHVvN8SY?authuser=0&hl=ja&rclk=1
アド・プラネット,http://www.adplannet.com,京都市 溜池町３６０−２０２,075-741-7419,https://www.google.com/maps/place/%E3%82%A2%E3%83%89%E3%83%BB%E3%83%97%E3%83%A9%E3%83%8D%E3%83%83%E3%83%88/data=!4m7!3m6!1s0x600108ba73a621ff:0xa407fce7af43bc30!8m2!3d34.9922712!4d135.7649741!16s%2Fg%2F11fvxl623x!19sChIJ_yGmc7oIAWARMLxDr-f8B6Q?authuser=0&hl=ja&rclk=1
株式会社日本情報サービス,https://www.jis-post.com,京都市 吉祥院嶋笠井町４８,075-644-9573,https://www.google.com/maps/place/%28%E6%A0%AA%29%E6%97%A5%E6%9C%AC%E6%83%85%E5%A0%B1%E3%82%B5%E3%83%BC%E3%83%93%E3%82%B9/data=!4m7!3m6!1s0x60010f61b3d129f5:0x35d5ef8a5b65fabf!8m2!3d34.9584119!4d135.731032!16s%2Fg%2F1ptvxtlh7!19sChIJ9SnRs2EPAWARv_plW4rv1TU?authuser=0&hl=ja&rclk=1
株式会社データリレーションマーケティング,https://d-r-m.co.jp,大阪市 曾根崎１丁目１−２ JRWD梅新 7F,0120-426-603,https://www.google.com/maps/place/%E6%A0%AA%E5%BC%8F%E4%BC%9A%E7%A4%BE%E3%83%87%E3%83%BC%E3%82%BF%E3%83%AA%E3%83%AC%E3%83%BC%E3%82%B7%E3%83%A7%E3%83%B3%E3%83%9E%E3%83%BC%E3%82%B1%E3%83%86%E3%82%A3%E3%83%B3%E3%82%B0/data=!4m7!3m6!1s0x6000e7e8c7ecc40d:0x43c881e4fcadf93c!8m2!3d34.6983206!4d135.5037639!16s%2Fg%2F11q1p0qln0!19sChIJDcTsx-jnAGARPPmt_OSByEM?authuser=0&hl=ja&rclk=1
株式会社AOA,https://a-o-a.co.jp,〒530-0052 大阪府大阪市北区南扇町1,06-6809-2852,https://www.google.com/maps/place/%E6%A0%AA%E5%BC%8F%E4%BC%9A%E7%A4%BEAOA/data=!4m7!3m6!1s0x6000e6c3b57047d1:0x88f82072d7181ba4!8m2!3d34.7000553!4d135.5088387!16s%2Fg%2F12m9kvspd!19sChIJ0UdwtcPmAGARpBsY13Ig-Ig?authuser=0&hl=ja&rclk=1
エム・シー・アンド・ピー,https://www.mcp.co.jp,大阪市 中之島２丁目２−２ 大阪中之島ビル 12階 大阪 中之島 ビル 12F,,https://www.google.com/maps/place/%E3%82%A8%E3%83%A0%E3%83%BB%E3%82%B7%E3%83%BC%E3%83%BB%E3%82%A2%E3%83%B3%E3%83%89%E3%83%BB%E3%83%94%E3%83%BC/data=!4m7!3m6!1s0x6000e6efb1f902eb:0x37929354f1ac4b14!8m2!3d34.693683!4d135.4986589!16s%2Fg%2F1tw1dqgw!19sChIJ6wL5se_mAGARFEus8VSTkjc?authuser=0&hl=ja&rclk=1
中央広告株式会社,https://www.tyuokoukoku.co.jp,大阪市 東野田町４丁目１７−３,06-6351-7986,https://www.google.com/maps/place/%E4%B8%AD%E5%A4%AE%E5%BA%83%E5%91%8A%EF%BC%88%E6%A0%AA%EF%BC%89/data=!4m7!3m6!1s0x6000e12bf283d74d:0xe2bfc3603144d761!8m2!3d34.7007947!4d135.5288733!16s%2Fg%2F1tmy4yk0!19sChIJTdeD8ivhAGARYddEMWDDv-I?authuser=0&hl=ja&rclk=1
ネットメディア株式会社,https://net-media.jp,〒650-0037 兵庫県神戸市中央区明石町4,078-392-0635,https://www.google.com/maps/place/%E3%83%8D%E3%83%83%E3%83%88%E3%83%A1%E3%83%87%E3%82%A3%E3%82%A2%E6%A0%AA%E5%BC%8F%E4%BC%9A%E7%A4%BE/data=!4m7!3m6!1s0x60008efc7703fe35:0xa1e898a3050c164!8m2!3d34.6890241!4d135.1913514!16s%2Fg%2F1tx8t230!19sChIJNf4Dd_yOAGARZMFQMIqJHgo?authuser=0&hl=ja&rclk=1
Zept株式会社,https://www.zept7.com,〒670-0965 兵庫県姫路市東延末4,,https://www.google.com/maps/place/Zept%E6%A0%AA%E5%BC%8F%E4%BC%9A%E7%A4%BE/data=!4m7!3m6!1s0x3554e172ed30ecc9:0xaac715c37c2c5478!8m2!3d34.8207489!4d134.6830682!16s%2Fg%2F11lzny82y8!19sChIJyeww7XLhVDUReFQsfMMVx6o?authuser=0&hl=ja&rclk=1
ニコ株式会社,https://ni-ko.com,姫路市 御立中３丁目１−１３,,https://www.google.com/maps/place/%E3%83%8B%E3%82%B3%E6%A0%AA%E5%BC%8F%E4%BC%9A%E7%A4%BE/data=!4m7!3m6!1s0x3554e1c94ee159fd:0x662f8a8b291101a2!8m2!3d34.8650517!4d134.6691501!16s%2Fg%2F1th59dwj!19sChIJ_VnhTsnhVDURogERKYuKL2Y?authuser=0&hl=ja&rclk=1
名刺小僧・マックスプランニング,http://mp.vc,〒670-0051 兵庫県姫路市北今宿1,,https://www.google.com/maps/place/%E5%90%8D%E5%88%BA%E5%B0%8F%E5%83%A7%E3%83%BB%E3%83%9E%E3%83%83%E3%82%AF%E3%82%B9%E3%83%97%E3%83%A9%E3%83%B3%E3%83%8B%E3%83%B3%E3%82%B0/data=!4m7!3m6!1s0x3554f755ff712b9b:0x13c15339dcae3ebd!8m2!3d34.8422697!4d134.6698764!16s%2Fg%2F1tf6dgj2!19sChIJmytx_1X3VDURvT6u3DlTwRM?authuser=0&hl=ja&rclk=1
感動会社楽通,https://rakutsu.jp,〒672-8041 兵庫県姫路市三条町2,079-260-6837,https://www.google.com/maps/place/%E6%84%9F%E5%8B%95%E4%BC%9A%E7%A4%BE%E6%A5%BD%E9%80%9A/data=!4m7!3m6!1s0x3554e08a23ed9ddf:0x5a653b8e9205d687!8m2!3d34.809125!4d134.686064!16s%2Fg%2F1hf2lqxfk!19sChIJ353tI4rgVDURh9YFko47ZVo?authuser=0&hl=ja&rclk=1
YBS株式会社,https://ybs-inc.biz/contact,〒671-1116 兵庫県姫路市広畑区正門通3,079-236-1204,https://www.google.com/maps/place/YBS%E6%A0%AA%E5%BC%8F%E4%BC%9A%E7%A4%BE/data=!4m7!3m6!1s0x3554e6ab6eaaaaab:0x5b41f94d5d8a8e57!8m2!3d34.7990616!4d134.6292563!16s%2Fg%2F11s4908nj1!19sChIJq6qqbqvmVDURV46KXU35QVs?authuser=0&hl=ja&rclk=1
MSIN株式会社,http://mushin.co.jp,奈良市 醍醐町１８２,,https://www.google.com/maps/place/MSIN%E6%A0%AA%E5%BC%8F%E4%BC%9A%E7%A4%BE/data=!4m7!3m6!1s0x6001333421850bfb:0x714687f623df42f0!8m2!3d34.5064165!4d135.8055523!16s%2Fg%2F11h4yly4cs!19sChIJ-wuFITQzAWAR8ELfI_aHRnE?authuser=0&hl=ja&rclk=1
有限会社ホワイトベース,https://whitebase-ad.jp,〒640-8305 和歌山県和歌山市栗栖7,073-472-1188,https://www.google.com/maps/place/%EF%BC%88%E6%9C%89%EF%BC%89%E3%83%9B%E3%83%AF%E3%82%A4%E3%83%88%E3%83%99%E3%83%BC%E3%82%B9/data=!4m7!3m6!1s0x6000b351fe95f7b9:0x552d4b0416ead56b!8m2!3d34.2366647!4d135.2150471!16s%2Fg%2F1tdclt_9!19sChIJufeV_lGzAGARa9XqFgRLLVU?authuser=0&hl=ja&rclk=1
株式会社﻿CHAM,https://chamtomo.co.jp,〒700-0837 岡山県岡山市北区南中央町1,,https://www.google.com/maps/place/%E6%A0%AA%E5%BC%8F%E4%BC%9A%E7%A4%BE%EF%BB%BFCHAM/data=!4m7!3m6!1s0x35540799a48b90b9:0x2be63d1b21920c5e!8m2!3d34.6560483!4d133.9235825!16s%2Fg%2F11yt0sxf19!19sChIJuZCLpJkHVDURXgySIRs95is?authuser=0&hl=ja&rclk=1
株式会社ADKマーケティング・ソリューションズ 岡山支社,https://www.adk.jp,岡山市 中山下１丁目８−４５ NTTクレドビル １９階,,https://www.google.com/maps/place/%28%E6%A0%AA%29ADK%E3%83%9E%E3%83%BC%E3%82%B1%E3%83%86%E3%82%A3%E3%83%B3%E3%82%B0%E3%83%BB%E3%82%BD%E3%83%AA%E3%83%A5%E3%83%BC%E3%82%B7%E3%83%A7%E3%83%B3%E3%82%BA+%E5%B2%A1%E5%B1%B1%E6%94%AF%E7%A4%BE/data=!4m7!3m6!1s0x35540635cc549833:0x2a3ba3a837889de8!8m2!3d34.6627203!4d133.926725!16s%2Fg%2F1tjdtr5q!19sChIJM5hUzDUGVDUR6J2IN6ijOyo?authuser=0&hl=ja&rclk=1
株式会社山陽メディアネット,https://www.soac.co.jp,〒700-0986 岡山県岡山市北区新屋敷町1,086-241-5252,https://www.google.com/maps/place/%28%E6%A0%AA%29%E5%B1%B1%E9%99%BD%E3%83%A1%E3%83%87%E3%82%A3%E3%82%A2%E3%83%8D%E3%83%83%E3%83%88/data=!4m7!3m6!1s0x355407a7acaa0ccb:0xa39062e5de65694f!8m2!3d34.6564374!4d133.909919!16s%2Fg%2F1ts3cftb!19sChIJywyqrKcHVDURT2ll3uVikKM?authuser=0&hl=ja&rclk=1
株式会社玉島活版所,https://tama-katsu.com,〒710-0261 岡山県倉敷市船穂町船穂2,086-552-9494,https://www.google.com/maps/place/%28%E6%A0%AA%29%E7%8E%89%E5%B3%B6%E6%B4%BB%E7%89%88%E6%89%80/data=!4m7!3m6!1s0x35515a0be8ce0aa3:0x6b4bcaf55b00600f!8m2!3d34.5774576!4d133.6985719!16s%2Fg%2F1tl7ljl5!19sChIJowrO6AtaUTURD2AAW_XKS2s?authuser=0&hl=ja&rclk=1
ネットサービス,https://netservice.ne.jp,〒710-0055 岡山県阿知1,,https://www.google.com/maps/place/%E3%83%8D%E3%83%83%E3%83%88%E3%82%B5%E3%83%BC%E3%83%93%E3%82%B9/data=!4m7!3m6!1s0x3551571269d9ce53:0x4037aae662ea612f!8m2!3d34.6008978!4d133.7658!16s%2Fg%2F1tl0v4kw!19sChIJU87ZaRJXUTURL2HqYuaqN0A?authuser=0&hl=ja&rclk=1
株式会社ＫＳＢ マーケティング・セールス,https://www.ksbms.co.jp,〒761-8064 香川県高松市上之町2,087-866-1188,https://www.google.com/maps/place/%28%E6%A0%AA%29%EF%BC%AB%EF%BC%B3%EF%BC%A2+%E3%83%9E%E3%83%BC%E3%82%B1%E3%83%86%E3%82%A3%E3%83%B3%E3%82%B0%E3%83%BB%E3%82%BB%E3%83%BC%E3%83%AB%E3%82%B9/data=!4m7!3m6!1s0x3553ebc2da84e37f:0x5800fefbed01a568!8m2!3d34.3215937!4d134.0469115!16s%2Fg%2F11c58qy5y0!19sChIJf-OE2sLrUzURaKUB7fv-AFg?authuser=0&hl=ja&rclk=1
コピーマック 高松本店,https://copima.jp,高松市 東ハゼ町８−７,087-816-8903,https://www.google.com/maps/place/%E3%82%B3%E3%83%94%E3%83%BC%E3%83%9E%E3%83%83%E3%82%AF+%E9%AB%98%E6%9D%BE%E6%9C%AC%E5%BA%97/data=!4m7!3m6!1s0x3553eb06d1c7a47b:0xfc7f055ac80541fd!8m2!3d34.3197326!4d134.0413588!16s%2Fg%2F1tfq2gl0!19sChIJe6TH0QbrUzUR_UEFyFoFf_w?authuser=0&hl=ja&rclk=1
ニューラルマーケティング株式会社 高松支店,http://shihoushoshi-kantou.com,〒140-0002 東京都品川区東品川4,0120-668-625,https://www.google.com/maps/place/%E3%83%8B%E3%83%A5%E3%83%BC%E3%83%A9%E3%83%AB%E3%83%9E%E3%83%BC%E3%82%B1%E3%83%86%E3%82%A3%E3%83%B3%E3%82%B0%E6%A0%AA%E5%BC%8F%E4%BC%9A%E7%A4%BE+%E9%AB%98%E6%9D%BE%E6%94%AF%E5%BA%97/data=!4m7!3m6!1s0x3553ebbcf573b8cd:0x4af3d6a559d11397!8m2!3d34.3331929!4d134.0461544!16s%2Fg%2F11x1y7sjyv!19sChIJzbhz9bzrUzURlxPRWaXW80o?authuser=0&hl=ja&rclk=1
オーシャンズ株式会社,https://oceans-web.co.jp,〒790-0002 愛媛県松山市二番,,https://www.google.com/maps/place/%E3%82%AA%E3%83%BC%E3%82%B7%E3%83%A3%E3%83%B3%E3%82%BA%E6%A0%AA%E5%BC%8F%E4%BC%9A%E7%A4%BE/data=!4m7!3m6!1s0x354fe50b0ce69b9b:0x8013272c91b2e5b8!8m2!3d33.8389639!4d132.7676629!16s%2Fg%2F11qzk178wv!19sChIJm5vmDAvlTzURuOWykSwnE4A?authuser=0&hl=ja&rclk=1
株式会社ジーコム,https://www.gcom-net.co.jp,福岡市 天神４丁目１−１ 7F,092-761-0221,https://www.google.com/maps/place/%EF%BC%88%E6%A0%AA%EF%BC%89%E3%82%B8%E3%83%BC%E3%82%B3%E3%83%A0/data=!4m7!3m6!1s0x354191ec96959bfb:0xfd368b13ccee9746!8m2!3d33.5937136!4d130.401296!16s%2Fg%2F1vwllxtc!19sChIJ-5uVluyRQTURRpfuzBOLNv0?authuser=0&hl=ja&rclk=1
売れるネット広告社グループ株式会社福岡オフィス,http://www.ureru.co.jp,〒135-0091 東京都港区台場2,03-6459-0562,https://www.google.com/maps/place/%E5%A3%B2%E3%82%8C%E3%82%8B%E3%83%8D%E3%83%83%E3%83%88%E5%BA%83%E5%91%8A%E7%A4%BE%E3%82%B0%E3%83%AB%E3%83%BC%E3%83%97%EF%BC%88%E6%A0%AA%EF%BC%89%E7%A6%8F%E5%B2%A1%E3%82%AA%E3%83%95%E3%82%A3%E3%82%B9/data=!4m7!3m6!1s0x354193a8ccc0e3ed:0x3ab73172aac83a94!8m2!3d33.592681!4d130.350873!16s%2Fg%2F1tpln2j8!19sChIJ7ePAzKiTQTURlDrIqnIxtzo?authuser=0&hl=ja&rclk=1
Re:charm（リチャーム）福岡SNS運用/インスタグラム運用/TikTok運用会社,https://fukuoka-webmarke.com,〒810-0001 福岡県福岡市中央区天神2,092-600-1214,https://www.google.com/maps/place/Re:charm%EF%BC%88%E3%83%AA%E3%83%81%E3%83%A3%E3%83%BC%E3%83%A0%EF%BC%89%E7%A6%8F%E5%B2%A1SNS%E9%81%8B%E7%94%A8%2F%E3%82%A4%E3%83%B3%E3%82%B9%E3%82%BF%E3%82%B0%E3%83%A9%E3%83%A0%E9%81%8B%E7%94%A8%2FTikTok%E9%81%8B%E7%94%A8%E4%BC%9A%E7%A4%BE/data=!4m7!3m6!1s0x3541916e82997951:0xb18bc97c8f67fa7f!8m2!3d33.5872991!4d130.3994298!16s%2Fg%2F11zb5k9lzy!19sChIJUXmZgm6RQTURf_pnj3zJi7E?authuser=0&hl=ja&rclk=1
株式会社アンドストーリー,https://www.andstory.co.jp,福岡市 舞鶴２丁目１−１ 6F,092-406-8407,https://www.google.com/maps/place/%28%E6%A0%AA%29%E3%82%A2%E3%83%B3%E3%83%89%E3%82%B9%E3%83%88%E3%83%BC%E3%83%AA%E3%83%BC/data=!4m7!3m6!1s0x3541919059680921:0xb048b04960547817!8m2!3d33.5909161!4d130.3926439!16s%2Fg%2F11gd_nw94d!19sChIJIQloWZCRQTURF3hUYEmwSLA?authuser=0&hl=ja&rclk=1
株式会社ツナグ,https://tonug.com,福岡市 舞鶴２丁目１−１０ 7F,,https://www.google.com/maps/place/%E6%A0%AA%E5%BC%8F%E4%BC%9A%E7%A4%BE%E3%83%84%E3%83%8A%E3%82%B0/data=!4m7!3m6!1s0x354193b6ec3c0001:0xbaf14ba2b1d97a31!8m2!3d33.5907234!4d130.3916838!16s%2Fg%2F11cls7z65j!19sChIJAQA87LaTQTURMXrZsaJL8bo?authuser=0&hl=ja&rclk=1
STORE LABO,https://store-labo.com,北九州市 浅野３丁目８−１ AIMビル 6階,,https://www.google.com/maps/place/STORE+LABO/data=!4m7!3m6!1s0x3543bfdc87c82365:0x3d380d733d0fbd2d!8m2!3d33.8894086!4d130.886314!16s%2Fg%2F11rqy_vy1q!19sChIJZSPIh9y_QzURLb0PPXMNOD0?authuser=0&hl=ja&rclk=1
アポロサイン,https://www.apollosigns.co.jp,〒839-0809 福岡県久留米市東合川5,0120-07-2641,https://www.google.com/maps/place/%E3%82%A2%E3%83%9D%E3%83%AD%E3%82%B5%E3%82%A4%E3%83%B3/data=!4m7!3m6!1s0x3541a41d8b876c3d:0x77ad7693cbe17874!8m2!3d33.3181352!4d130.5530222!16s%2Fg%2F1tgf5kqf!19sChIJPWyHix2kQTURdHjhy5N2rXc?authuser=0&hl=ja&rclk=1
ダイワインクス株式会社,https://daiwa-inx.co.jp,〒839-0809 福岡県久留米市東合川6,0942-43-0331,https://www.google.com/maps/place/%E3%83%80%E3%82%A4%E3%83%AF%E3%82%A4%E3%83%B3%E3%82%AF%E3%82%B9%E6%A0%AA%E5%BC%8F%E4%BC%9A%E7%A4%BE/data=!4m7!3m6!1s0x3541a6a8cf20df1b:0x72a069fd23d745df!8m2!3d33.3204619!4d130.5586215!16s%2Fg%2F11bccmm5lf!19sChIJG98gz6imQTUR30XXI_1poHI?authuser=0&hl=ja&rclk=1
株式会社アイトリガー 佐賀オフィス,https://aitrigger.co.jp,〒160-0023 東京都新宿区西新宿6,03-5913-9110,https://www.google.com/maps/place/%E6%A0%AA%E5%BC%8F%E4%BC%9A%E7%A4%BE%E3%82%A2%E3%82%A4%E3%83%88%E3%83%AA%E3%82%AC%E3%83%BC+%E4%BD%90%E8%B3%80%E3%82%AA%E3%83%95%E3%82%A3%E3%82%B9/data=!4m7!3m6!1s0x3541cbe8780554c3:0x3d6f2e2ddbfc8f93!8m2!3d33.2531156!4d130.299805!16s%2Fg%2F11h3mfj6y8!19sChIJw1QFeOjLQTURk4_82y0ubz0?authuser=0&hl=ja&rclk=1
デジマグラフ株式会社,https://dejimagraph.com,長崎市 万屋町５−２９ 樋口ビル 2F,095-893-5560,https://www.google.com/maps/place/%E3%83%87%E3%82%B8%E3%83%9E%E3%82%B0%E3%83%A9%E3%83%95%28%E6%A0%AA%29/data=!4m7!3m6!1s0x3515534878995553:0xbdc8ab9fedcb9f23!8m2!3d32.7441358!4d129.8798087!16s%2Fg%2F11gfh_c8pl!19sChIJU1WZeEhTFTURI5_L7Z-ryL0?authuser=0&hl=ja&rclk=1
株式会社デザイングロウ,https://designglow.jp,熊本市 植木町鐙田１０３７−１ ALL JAPANビル Ⅱ104,096-221-5307,https://www.google.com/maps/place/%E6%A0%AA%E5%BC%8F%E4%BC%9A%E7%A4%BE%E3%83%87%E3%82%B6%E3%82%A4%E3%83%B3%E3%82%B0%E3%83%AD%E3%82%A6/data=!4m7!3m6!1s0x3540f40777f0625f:0x88c51bc0e6cfa22c!8m2!3d32.882103!4d130.6936567!16s%2Fg%2F11c6cjbb97!19sChIJX2Lwdwf0QDURLKLP5sAbxYg?authuser=0&hl=ja&rclk=1
有限会社九州中央エージェンシー,http://www.kc-ag.co.jp,〒860-0834 熊本県熊本市南区江越1,096-288-0690,https://www.google.com/maps/place/%E6%9C%89%E9%99%90%E4%BC%9A%E7%A4%BE%E4%B9%9D%E5%B7%9E%E4%B8%AD%E5%A4%AE%E3%82%A8%E3%83%BC%E3%82%B8%E3%82%A7%E3%83%B3%E3%82%B7%E3%83%BC/data=!4m7!3m6!1s0x3540f48e0a68f831:0xb44626a845a6d3c2!8m2!3d32.7758983!4d130.7007435!16s%2Fg%2F11c52ybz_4!19sChIJMfhoCo70QDURwtOmRagmRrQ?authuser=0&hl=ja&rclk=1
株式会社熊本エージェンシー,http://www.k-ag.co.jp,熊本市 水前寺３丁目１４−２９ 熊本エージェンシー,096-381-8611,https://www.google.com/maps/place/%EF%BC%88%E6%A0%AA%EF%BC%89%E7%86%8A%E6%9C%AC%E3%82%A8%E3%83%BC%E3%82%B8%E3%82%A7%E3%83%B3%E3%82%B7%E3%83%BC/data=!4m7!3m6!1s0x3540f3e974b3dde1:0x95f3817898c8a2a2!8m2!3d32.796229!4d130.73334!16s%2Fg%2F1xpwgk8s!19sChIJ4d2zdOnzQDURoqLImHiB85U?authuser=0&hl=ja&rclk=1
サインコサイン【看板ショールーム】,https://sign-cosign.com,大分市 都町２丁目１−７,080-4180-9021,https://www.google.com/maps/place/%E3%82%B5%E3%82%A4%E3%83%B3%E3%82%B3%E3%82%B5%E3%82%A4%E3%83%B3%E3%80%90%E7%9C%8B%E6%9D%BF%E3%82%B7%E3%83%A7%E3%83%BC%E3%83%AB%E3%83%BC%E3%83%A0%E3%80%91/data=!4m7!3m6!1s0x35469f80c5a8eb35:0x7609116d161b55f4!8m2!3d33.2394277!4d131.6056066!16s%2Fg%2F11z8h4l3_8!19sChIJNeuoxYCfRjUR9FUbFm0RCXY?authuser=0&hl=ja&rclk=1
株式会社イーエムアイ,https://emivideo.com,〒870-0917 大分県大分市高松2,097-558-2046,https://www.google.com/maps/place/%EF%BC%88%E6%A0%AA%EF%BC%89%E3%82%A4%E3%83%BC%E3%82%A8%E3%83%A0%E3%82%A2%E3%82%A4/data=!4m7!3m6!1s0x35469e3f157dbc95:0xbf6f5c568febc23!8m2!3d33.244823!4d131.657296!16s%2Fg%2F11b5pht46l!19sChIJlbx9FT-eRjURI7z-aMX19gs?authuser=0&hl=ja&rclk=1
株式会社ネットウェーブ,https://www.k-netwave.co.jp,鹿児島市 真砂町２−７ ネットウエーブ,099-255-7744,https://www.google.com/maps/place/%E6%A0%AA%E5%BC%8F%E4%BC%9A%E7%A4%BE%E3%83%8D%E3%83%83%E3%83%88%E3%82%A6%E3%82%A7%E3%83%BC%E3%83%96/data=!4m7!3m6!1s0x353e672c60fd8a0d:0x26af21729b53b37b!8m2!3d31.5604259!4d130.550697!16s%2Fg%2F1v41y68g!19sChIJDYr9YCxnPjURe7NTm3IhryY?authuser=0&hl=ja&rclk=1
マークメイザン,https://mark-meizan.io,鹿児島市 名山町９−１５,099-227-1214,https://www.google.com/maps/place/%E3%83%9E%E3%83%BC%E3%82%AF%E3%83%A1%E3%82%A4%E3%82%B6%E3%83%B3/data=!4m7!3m6!1s0x353e5f8fb5f25be1:0xa86812ae18dfdb2f!8m2!3d31.5947392!4d130.5590789!16s%2Fg%2F11h3dv6r5p!19sChIJ4VvytY9fPjURL9vfGK4SaKg?authuser=0&hl=ja&rclk=1
株式会社LocoNet(ロコネット),https://loco-net.co.jp,鹿児島市 泉町２−３ 5F,099-222-5557,https://www.google.com/maps/place/%E6%A0%AA%E5%BC%8F%E4%BC%9A%E7%A4%BELocoNet%28%E3%83%AD%E3%82%B3%E3%83%8D%E3%83%83%E3%83%88%29/data=!4m7!3m6!1s0x353e5f4997105a79:0xc87b10a4f932fd13!8m2!3d31.5927939!4d130.5585217!16s%2Fg%2F11ppm6lk1z!19sChIJeVoQl0lfPjURE_0y-aQQe8g?authuser=0&hl=ja&rclk=1
株式会社シーエー・アドバンス,https://www.ca-adv.co.jp,〒900-0006 沖縄県那覇市おもろまち1,098-863-3608,https://www.google.com/maps/place/%E6%A0%AA%E5%BC%8F%E4%BC%9A%E7%A4%BE%E3%82%B7%E3%83%BC%E3%82%A8%E3%83%BC%E3%83%BB%E3%82%A2%E3%83%89%E3%83%90%E3%83%B3%E3%82%B9/data=!4m7!3m6!1s0x34e56bd89bb90c9f:0x9314a7449a6eb04a!8m2!3d26.2230905!4d127.6952982!16s%2Fg%2F11fy4tny04!19sChIJnwy5m9hr5TQRSrBumkSnFJM?authuser=0&hl=ja&rclk=1
株式会社AJIMA,https://www.ajima34.com,那覇市 牧志２丁目３−２０ アーバン・コア 牧志 3F,,https://www.google.com/maps/place/%E6%A0%AA%E5%BC%8F%E4%BC%9A%E7%A4%BEAJIMA/data=!4m7!3m6!1s0x34e56bd9508cf29f:0x3cce570960335d9a!8m2!3d26.2170697!4d127.6893538!16s%2Fg%2F11bv1c87tc!19sChIJn_KMUNlr5TQRml0zYAlXzjw?authuser=0&hl=ja&rclk=1
マーケティング北海道㈱,https://tk39.com,〒006-0013 北海道札幌市手稲区富丘3,011-683-0274,https://www.google.com/maps/place/%E3%83%9E%E3%83%BC%E3%82%B1%E3%83%86%E3%82%A3%E3%83%B3%E3%82%B0%E5%8C%97%E6%B5%B7%E9%81%93%E3%88%B1/data=!4m7!3m6!1s0x5f0b27d07a0539cd:0xf9a67b06f8f1b2e6!8m2!3d43.098704!4d141.2542186!16s%2Fg%2F11hzsk8w4k!19sChIJzTkFetAnC18R5rLx-AZ7pvk?authuser=0&hl=ja&rclk=1
"㈱NEW｜NEW,Inc.",https://new-design.jp,札幌市 大通西１０丁目4−５ 大通メディカルビル 3-4階,,"https://www.google.com/maps/place/%E3%88%B1NEW%EF%BD%9CNEW,Inc./data=!4m7!3m6!1s0x5f0b293290e87105:0xa3aebf06c2c3529e!8m2!3d43.0583642!4d141.3427507!16s%2Fg%2F11h_82b5rl!19sChIJBXHokDIpC18RnlLDwga_rqM?authuser=0&hl=ja&rclk=1"
㈱リプロール,https://www.reproall.com,札幌市 東札幌２条５丁目２−１ 山忠ビル 2F,,https://www.google.com/maps/place/%E3%88%B1%E3%83%AA%E3%83%97%E3%83%AD%E3%83%BC%E3%83%AB/data=!4m7!3m6!1s0x5f0b2bda1afad80f:0x928790047b362502!8m2!3d43.04646!4d141.390376!16s%2Fg%2F1tyywxrt!19sChIJD9j6GtorC18RAiU2ewSQh5I?authuser=0&hl=ja&rclk=1
"パターンプランニング㈱（PATTERN PLANNING Co.,Ltd.）",https://pattern-p.com,〒060-0042 北海道札幌市 中央区大通西1,,"https://www.google.com/maps/place/%E3%83%91%E3%82%BF%E3%83%BC%E3%83%B3%E3%83%97%E3%83%A9%E3%83%B3%E3%83%8B%E3%83%B3%E3%82%B0%E3%88%B1%EF%BC%88PATTERN+PLANNING+Co.,Ltd.%EF%BC%89/data=!4m7!3m6!1s0x5f0b29060c2c692d:0xb6dcbe8b0132caf1!8m2!3d43.0583642!4d141.3427507!16s%2Fg%2F11k7k1f10g!19sChIJLWksDAYpC18R8coyAYu-3LY?authuser=0&hl=ja&rclk=1"
㈱ウィン,https://www.win-inc.jp,札幌市 南２条西１丁目 ２１きのしたビル 7階,011-231-6543,https://www.google.com/maps/place/%E3%88%B1%E3%82%A6%E3%82%A3%E3%83%B3/data=!4m7!3m6!1s0x5f0b2982fbeccebb:0x52770ada3c13db42!8m2!3d43.0586148!4d141.357158!16s%2Fg%2F1tdl5y0z!19sChIJu87s-4IpC18RQtsTPNoKd1I?authuser=0&hl=ja&rclk=1
CFGマーケティング㈱ 札幌本社,https://cfg-marketing.co.jp,〒060-0051 北海道札幌市中央区南1,011-590-4147,https://www.google.com/maps/place/CFG%E3%83%9E%E3%83%BC%E3%82%B1%E3%83%86%E3%82%A3%E3%83%B3%E3%82%B0%E3%88%B1+%E6%9C%AD%E5%B9%8C%E6%9C%AC%E7%A4%BE/data=!4m7!3m6!1s0x5f0b297b8ba961cd:0x67e71e879b30591d!8m2!3d43.0605007!4d141.3585236!16s%2Fg%2F11p0vc4sbq!19sChIJzWGpi3spC18RHVkwm4ce52c?authuser=0&hl=ja&rclk=1
㈱ラッツ994,https://www.lat994.co.jp,〒078-8217 北海道旭川市7,0166-35-4466,https://www.google.com/maps/place/%E3%88%B1%E3%83%A9%E3%83%83%E3%83%84994/data=!4m7!3m6!1s0x5f0ce6f168135ae9:0x797b707bd467f311!8m2!3d43.7675569!4d142.3780136!16s%2Fg%2F1thk8k53!19sChIJ6VoTaPHmDF8REfNn1Htwe3k?authuser=0&hl=ja&rclk=1
デザイン事務所カギカッコ,https://cagicacco.jp,旭川市 ６条通７丁目３１−２４ ＹＭＳ 2f,0166-73-6027,https://www.google.com/maps/place/%E3%83%87%E3%82%B6%E3%82%A4%E3%83%B3%E4%BA%8B%E5%8B%99%E6%89%80%E3%82%AB%E3%82%AE%E3%82%AB%E3%83%83%E3%82%B3/data=!4m7!3m6!1s0x5f0ce640319d9c6b:0x6f68788893286118!8m2!3d43.7715714!4d142.3610597!16s%2Fg%2F1hf2hs8b1!19sChIJa5ydMUDmDF8RGGEok4h4aG8?authuser=0&hl=ja&rclk=1
㈲デザインピークス,https://www.dpeaks.com,旭川市 ２条通８丁目左１,0166-22-4771,https://www.google.com/maps/place/%E3%88%B2%E3%83%87%E3%82%B6%E3%82%A4%E3%83%B3%E3%83%94%E3%83%BC%E3%82%AF%E3%82%B9/data=!4m7!3m6!1s0x5f0ce6126bf86e0b:0x7e6abb4e5db7808f!8m2!3d43.7670035!4d142.3602816!16s%2Fg%2F1tfjkyft!19sChIJC274axLmDF8Rj4C3XU67an4?authuser=0&hl=ja&rclk=1
㈱トンチ 函館営業所,https://tonch.jp,〒040-0064 北海道函館市大手町1,080-3697-6273,https://www.google.com/maps/place/%E3%88%B1%E3%83%88%E3%83%B3%E3%83%81+%E5%87%BD%E9%A4%A8%E5%96%B6%E6%A5%AD%E6%89%80/data=!4m7!3m6!1s0x5f9ef56ee786cb77:0x29497deacb68dddf!8m2!3d41.7699134!4d140.7257443!16s%2Fg%2F11rkglxdqs!19sChIJd8uG5271nl8R391oy-p9SSk?authuser=0&hl=ja&rclk=1
MoreBranding,https://morebranding.jp,青森市 幸畑５丁目２−７ LB HANGAR L7,090-4478-5086,https://www.google.com/maps/place/MoreBranding/data=!4m7!3m6!1s0x4baa42fb50b9d8c9:0x8f2e33f8b1ea877d!8m2!3d40.780482!4d140.7821515!16s%2Fg%2F11r_dzl_g4!19sChIJydi5UPtCqksRfYfqsfgzLo8?authuser=0&hl=ja&rclk=1
㈲夢･デザイン,https://yumedesign.jpn.com,〒038-0003 青森県青森市大字石江字江渡5,017-766-3955,https://www.google.com/maps/place/%E3%88%B2%E5%A4%A2%EF%BD%A5%E3%83%87%E3%82%B6%E3%82%A4%E3%83%B3/data=!4m7!3m6!1s0x5f9b9f51f5584ab3:0xb792ad72663434f8!8m2!3d40.8255695!4d140.6866723!16s%2Fg%2F1tfwdb3v!19sChIJs0pY9VGfm18R-DQ0ZnKtkrc?authuser=0&hl=ja&rclk=1
REGAIN GROUP 八戸マーケティングセンター,https://www.regain-group.com,八戸市 三日町４−１ エムジェビル,,https://www.google.com/maps/place/REGAIN+GROUP+%E5%85%AB%E6%88%B8%E3%83%9E%E3%83%BC%E3%82%B1%E3%83%86%E3%82%A3%E3%83%B3%E3%82%B0%E3%82%BB%E3%83%B3%E3%82%BF%E3%83%BC/data=!4m7!3m6!1s0x5f9b53c9550eebb7:0x554f0ec388d3fe40!8m2!3d40.5095168!4d141.489938!16s%2Fg%2F11s2j0k1r7!19sChIJt-sOVclTm18RQP7TiMMOT1U?authuser=0&hl=ja&rclk=1
㈱オズ( OZ-DigitalMagic ),https://www.oz-magic.co.jp,盛岡市 大通３丁目１−６ 金澤ビル,019-629-2177,https://www.google.com/maps/place/%E3%88%B1%E3%82%AA%E3%82%BA%28+OZ-DigitalMagic+%29/data=!4m7!3m6!1s0x5f8576304786416b:0xf6342de4d5d91593!8m2!3d39.703094!4d141.143871!16s%2Fg%2F1tsblygt!19sChIJa0GGRzB2hV8RkxXZ1eQtNPY?authuser=0&hl=ja&rclk=1
ジュークアンリミテッド㈱,https://19unltd.co.jp,〒020-0822 岩手県盛岡市茶畑一丁目,019-601-6619,https://www.google.com/maps/place/%E3%82%B8%E3%83%A5%E3%83%BC%E3%82%AF%E3%82%A2%E3%83%B3%E3%83%AA%E3%83%9F%E3%83%86%E3%83%83%E3%83%89%E3%88%B1/data=!4m7!3m6!1s0x5f859d3012ee178d:0xe617aec85b9fb3a!8m2!3d39.6939241!4d141.1611439!16s%2Fg%2F11j9f7kr0z!19sChIJjRfuEjCdhV8ROvu5hex6YQ4?authuser=0&hl=ja&rclk=1
合同会社ホームシックデザイン,https://homesickdesign.com,〒020-0024 岩手県盛岡市菜園1,019-613-6479,https://www.google.com/maps/place/%E5%90%88%E5%90%8C%E4%BC%9A%E7%A4%BE%E3%83%9B%E3%83%BC%E3%83%A0%E3%82%B7%E3%83%83%E3%82%AF%E3%83%87%E3%82%B6%E3%82%A4%E3%83%B3/data=!4m7!3m6!1s0x5f8577f7094abff5:0x36f2bdaf46c40e46!8m2!3d39.7005043!4d141.1475905!16s%2Fg%2F11kqgtjzps!19sChIJ9b9KCfd3hV8RRg7ERq-98jY?authuser=0&hl=ja&rclk=1
ポートランドオフィスデザイン,https://portland-office.com,〒020-0822 岩手県盛岡市茶畑1,019-601-6619,https://www.google.com/maps/place/%E3%83%9D%E3%83%BC%E3%83%88%E3%83%A9%E3%83%B3%E3%83%89%E3%82%AA%E3%83%95%E3%82%A3%E3%82%B9%E3%83%87%E3%82%B6%E3%82%A4%E3%83%B3/data=!4m7!3m6!1s0x5f859d4d70b2d639:0xd108960cf36aa3a1!8m2!3d39.6942516!4d141.16127!16s%2Fg%2F11gxsytklt!19sChIJOdaycE2dhV8RoaNq8wyWCNE?authuser=0&hl=ja&rclk=1
株式会社コミュニケーションズ･コ･ア,https://www.co-a.net,盛岡市 中ノ橋通１丁目４−２２ 3F,019-629-2175,https://www.google.com/maps/place/%28%E6%A0%AA%29%E3%82%B3%E3%83%9F%E3%83%A5%E3%83%8B%E3%82%B1%E3%83%BC%E3%82%B7%E3%83%A7%E3%83%B3%E3%82%BA%EF%BD%A5%E3%82%B3%EF%BD%A5%E3%82%A2/data=!4m7!3m6!1s0x5f857631988936af:0x7b07717e5cb35684!8m2!3d39.7003822!4d141.155615!16s%2Fg%2F1w0q_qly!19sChIJrzaJmDF2hV8RhFazXH5xB3s?authuser=0&hl=ja&rclk=1
株式会社ＬＵＣＫ ＳＨＯＷ,https://luck-show.com,仙台市 国分町３丁目８−１７ 日東ハイツ ２０２,,https://www.google.com/maps/place/%E6%A0%AA%E5%BC%8F%E4%BC%9A%E7%A4%BE%EF%BC%AC%EF%BC%B5%EF%BC%A3%EF%BC%AB+%EF%BC%B3%EF%BC%A8%EF%BC%AF%EF%BC%B7/data=!4m7!3m6!1s0x5f8a29130189433b:0xb9ce4bcf9bacd1e2!8m2!3d38.2681476!4d140.8684635!16s%2Fg%2F11mvw85qcv!19sChIJO0OJARMpil8R4tGsm89Lzrk?authuser=0&hl=ja&rclk=1
ブレイン・ワークス株式会社,https://bw-inc.co.jp,〒980-0811 宮城県仙台市青葉区一番,022-262-6196,https://www.google.com/maps/place/%E3%83%96%E3%83%AC%E3%82%A4%E3%83%B3%E3%83%BB%E3%83%AF%E3%83%BC%E3%82%AF%E3%82%B9%E6%A0%AA%E5%BC%8F%E4%BC%9A%E7%A4%BE/data=!4m7!3m6!1s0x5f8a283e76239e57:0x21afa1138b073f0c!8m2!3d38.258309!4d140.8717062!16s%2Fg%2F1wk4cwrx!19sChIJV54jdj4oil8RDD8HixOhryE?authuser=0&hl=ja&rclk=1
OPEN TOWN,https://opentown.jp,仙台市 一番町２丁目３−３３ 第八藤栄サンモール一番町ビル3F,080-1809-8949,https://www.google.com/maps/place/OPEN+TOWN/data=!4m7!3m6!1s0x5f8a28264a6efc71:0xae68adc8fa255e60!8m2!3d38.2589566!4d140.8728158!16s%2Fg%2F11g8cgvry2!19sChIJcfxuSiYoil8RYF4l-sitaK4?authuser=0&hl=ja&rclk=1
㈱ブライト,https://brt-inc.jp,仙台市 片平１丁目３−３５ 1to2BLDG,,https://www.google.com/maps/place/%E3%88%B1%E3%83%96%E3%83%A9%E3%82%A4%E3%83%88/data=!4m7!3m6!1s0x5f8a2984d8b50777:0x22862b46bfed2d7c!8m2!3d38.2586451!4d140.8655795!16s%2Fg%2F11kk0z_vz4!19sChIJdwe12IQpil8RfC3tv0YrhiI?authuser=0&hl=ja&rclk=1
採用コンサルティング,https://www.m-joy.co.jp,仙台市 新寺２丁目２−１１ 211ビル 2F,,https://www.google.com/maps/place/%E6%8E%A1%E7%94%A8%E3%82%B3%E3%83%B3%E3%82%B5%E3%83%AB%E3%83%86%E3%82%A3%E3%83%B3%E3%82%B0/data=!4m7!3m6!1s0x5f8a298bfe6491e1:0xf58043a849cf6544!8m2!3d38.2571249!4d140.886671!16s%2Fg%2F11nq3cffsp!19sChIJ4ZFk_ospil8RRGXPSahDgPU?authuser=0&hl=ja&rclk=1
HRDX株式会社,https://hrdx.jp,〒983-0852 宮城県仙台市宮城野区榴岡1,,https://www.google.com/maps/place/HRDX%E6%A0%AA%E5%BC%8F%E4%BC%9A%E7%A4%BE/data=!4m7!3m6!1s0x5f8a2994ac42dbd1:0x3db15f0a65d66c7!8m2!3d38.260533!4d140.8836395!16s%2Fg%2F11lcz0fww5!19sChIJ0dtCrJQpil8Rx2ZdpvAV2wM?authuser=0&hl=ja&rclk=1
㈱ハッピーエンドデザイン,http://happyenddesign.jp,秋田市 寺内三千刈３６１−２,018-853-6992,https://www.google.com/maps/place/%E3%88%B1%E3%83%8F%E3%83%83%E3%83%94%E3%83%BC%E3%82%A8%E3%83%B3%E3%83%89%E3%83%87%E3%82%B6%E3%82%A4%E3%83%B3/data=!4m7!3m6!1s0x5f8fc2b3dc6d4a8d:0x1910f06006b239f5!8m2!3d39.739869!4d140.0929825!16s%2Fg%2F11c1vldp_h!19sChIJjUpt3LPCj18R9TmyBmDwEBk?authuser=0&hl=ja&rclk=1
株式会社ハルメク・ビジネスソリューションズ 秋田センター,https://www.halmek-holdings.co.jp/company/group/halmek-business-solutions,〒101-0051 東京都千代田区神田神保町2,03-3261-1321,https://www.google.com/maps/place/%E6%A0%AA%E5%BC%8F%E4%BC%9A%E7%A4%BE%E3%83%8F%E3%83%AB%E3%83%A1%E3%82%AF%E3%83%BB%E3%83%93%E3%82%B8%E3%83%8D%E3%82%B9%E3%82%BD%E3%83%AA%E3%83%A5%E3%83%BC%E3%82%B7%E3%83%A7%E3%83%B3%E3%82%BA+%E7%A7%8B%E7%94%B0%E3%82%BB%E3%83%B3%E3%82%BF%E3%83%BC/data=!4m7!3m6!1s0x5f8fc3b8977f7eb5:0x1617cc322be9edfc!8m2!3d39.7158108!4d140.1249552!16s%2Fg%2F11ywcpxbcx!19sChIJtX5_l7jDj18R_O3pKzLMFxY?authuser=0&hl=ja&rclk=1
株式会社カック,http://kac.ne.jp,山形市 小白川町１丁目８−２９,023-633-3349,https://www.google.com/maps/place/%EF%BC%88%E6%A0%AA%EF%BC%89%E3%82%AB%E3%83%83%E3%82%AF/data=!4m7!3m6!1s0x5f8bb5f8eecfca4b:0x22671f08eb1ab9a6!8m2!3d38.245946!4d140.3535663!16s%2Fg%2F1tdhdv14!19sChIJS8rP7vi1i18Rprka6wgfZyI?authuser=0&hl=ja&rclk=1
Brand new day｜ブランニューデイ,https://brandnewday.world,〒990-0039 山形県山形市香澄町2,023-687-1125,https://www.google.com/maps/place/Brand+new+day%EF%BD%9C%E3%83%96%E3%83%A9%E3%83%B3%E3%83%8B%E3%83%A5%E3%83%BC%E3%83%87%E3%82%A4/data=!4m7!3m6!1s0x5f8bb7d7e0af377f:0x9003d9cacb28f79e!8m2!3d38.2468258!4d140.3327242!16s%2Fg%2F11r8p2s73d!19sChIJfzev4Ne3i18Rnvcoy8rZA5A?authuser=0&hl=ja&rclk=1
㈱リンクス,https://linx-corporation.co.jp,〒990-0861 山形県山形市江俣2,023-673-0265,https://www.google.com/maps/place/%E3%88%B1%E3%83%AA%E3%83%B3%E3%82%AF%E3%82%B9/data=!4m7!3m6!1s0x5f8bb6219a644c57:0x4f52b0553efb3762!8m2!3d38.2779156!4d140.3230492!16s%2Fg%2F1hf4mmn4y!19sChIJV0xkmiG2i18RYjf7PlWwUk8?authuser=0&hl=ja&rclk=1
株式会社デジアサ,https://digiasa.co.jp,福島市 福島２丁目４−３ ６Ｆ,,https://www.google.com/maps/place/%EF%BC%88%E6%A0%AA%EF%BC%89%E3%83%87%E3%82%B8%E3%82%A2%E3%82%B5/data=!4m7!3m6!1s0x6000e65f992fb6ef:0xd74e8834ec869e36!8m2!3d34.6932627!4d135.486535!16s%2Fg%2F1tftf60j!19sChIJ77YvmV_mAGARNp6G7DSITtc?authuser=0&hl=ja&rclk=1
株式会社サガデザインシーズ,http://saga-d.co.jp,〒960-1106 福島県福島市下鳥渡扇田3,024-597-6800,https://www.google.com/maps/place/%E6%A0%AA%E5%BC%8F%E4%BC%9A%E7%A4%BE%E3%82%B5%E3%82%AC%E3%83%87%E3%82%B6%E3%82%A4%E3%83%B3%E3%82%B7%E3%83%BC%E3%82%BA/data=!4m7!3m6!1s0x5f8a851fa3e90f1d:0xb0776236c8062218!8m2!3d37.734597!4d140.42387!16s%2Fg%2F1tfl00hh!19sChIJHQ_pox-Fil8RGCIGyDZid7A?authuser=0&hl=ja&rclk=1
アーク・オフィス,https://arc-office.jp,〒960-0231 福島県福島市飯坂町平野字林添1,024-511-0256,https://www.google.com/maps/place/%E3%82%A2%E3%83%BC%E3%82%AF%E3%83%BB%E3%82%AA%E3%83%95%E3%82%A3%E3%82%B9/data=!4m7!3m6!1s0x5f8a89beb362ef4b:0xd8278928629dbf8d!8m2!3d37.8128954!4d140.4465371!16s%2Fg%2F11lz8plq9w!19sChIJS-9is76Jil8Rjb-dYiiJJ9g?authuser=0&hl=ja&rclk=1
株式会社ワイアードブレインズ,https://wired-brains.co.jp,〒963-8833 福島県郡山市香久池 1,024-954-7990,https://www.google.com/maps/place/%E6%A0%AA%E5%BC%8F%E4%BC%9A%E7%A4%BE%E3%83%AF%E3%82%A4%E3%82%A2%E3%83%BC%E3%83%89%E3%83%96%E3%83%AC%E3%82%A4%E3%83%B3%E3%82%BA/data=!4m7!3m6!1s0x60206b675c53ffff:0x867880d037b338b1!8m2!3d37.3802532!4d140.3692756!16s%2Fg%2F11gcmzb5l7!19sChIJ__9TXGdrIGARsTizN9CAeIY?authuser=0&hl=ja&rclk=1
株式会社リーディングデザイン,https://leadingdesign.jp,〒951-8063 新潟県新潟市中央区古町通6,050-8885-0760,https://www.google.com/maps/place/%E6%A0%AA%E5%BC%8F%E4%BC%9A%E7%A4%BE%E3%83%AA%E3%83%BC%E3%83%87%E3%82%A3%E3%83%B3%E3%82%B0%E3%83%87%E3%82%B6%E3%82%A4%E3%83%B3/data=!4m7!3m6!1s0x5ff4c9ee61119f07:0x41d5559c777f9233!8m2!3d37.9210048!4d139.0442298!16s%2Fg%2F11g6yj9tg_!19sChIJB58RYe7J9F8RM5J_d5xV1UE?authuser=0&hl=ja&rclk=1
株式会社フレーム,http://frame-d.jp,新潟市 西船見町5932番 499,025-211-3900,https://www.google.com/maps/place/%E6%A0%AA%E5%BC%8F%E4%BC%9A%E7%A4%BE%E3%83%95%E3%83%AC%E3%83%BC%E3%83%A0/data=!4m7!3m6!1s0x5ff4c99ac417245d:0xa2ec34705c1b25dc!8m2!3d37.9353114!4d139.0469138!16s%2Fg%2F11g1ppfcwg!19sChIJXSQXxJrJ9F8R3CUbXHA07KI?authuser=0&hl=ja&rclk=1
katare Inc.（株式会社語れ。）,https://katare.co.jp,〒950-0984 新潟県新潟市中央区女池東1,,https://www.google.com/maps/place/katare+Inc.%EF%BC%88%E6%A0%AA%E5%BC%8F%E4%BC%9A%E7%A4%BE%E8%AA%9E%E3%82%8C%E3%80%82%EF%BC%89/data=!4m7!3m6!1s0x5ff4c9cab1d9095d:0x7443ffab8b0355ec!8m2!3d37.8966753!4d139.0523244!16s%2Fg%2F11nnlfh7l_!19sChIJXQnZscrJ9F8R7FUDi6v_Q3Q?authuser=0&hl=ja&rclk=1
有限会社カメガイアートデザイン,https://kamegaiartdesign.com,〒951-8124 新潟県新潟市中央区医学町通1,025-224-0202,https://www.google.com/maps/place/%EF%BC%88%E6%9C%89%EF%BC%89%E3%82%AB%E3%83%A1%E3%82%AC%E3%82%A4%E3%82%A2%E3%83%BC%E3%83%88%E3%83%87%E3%82%B6%E3%82%A4%E3%83%B3/data=!4m7!3m6!1s0x5ff4c8ec2ed38ec7:0x29ebaada6f484325!8m2!3d37.9173659!4d139.0381236!16s%2Fg%2F1tmqg167!19sChIJx47TLuzI9F8RJUNIb9qq6yk?authuser=0&hl=ja&rclk=1
株式会社memi+（ミミタス）,https://memi.co.jp,〒939-8058 富山県富山市大泉1,,https://www.google.com/maps/place/%E6%A0%AA%E5%BC%8F%E4%BC%9A%E7%A4%BEmemi%2B%EF%BC%88%E3%83%9F%E3%83%9F%E3%82%BF%E3%82%B9%EF%BC%89/data=!4m7!3m6!1s0x5ff79100256e0a7b:0xe70d7d90cba473f9!8m2!3d36.6748759!4d137.2273833!16s%2Fg%2F11y5jd_726!19sChIJewpuJQCR918R-XOky5B9Dec?authuser=0&hl=ja&rclk=1
株式会社タニデザイン,http://tani-design.com,〒930-0853 富山県富山市永楽町1,076-460-3123,https://www.google.com/maps/place/%E6%A0%AA%E5%BC%8F%E4%BC%9A%E7%A4%BE%E3%82%BF%E3%83%8B%E3%83%87%E3%82%B6%E3%82%A4%E3%83%B3/data=!4m7!3m6!1s0x5ff790a1e96fbe67:0x3e7fbbf908549a37!8m2!3d36.7047599!4d137.2216387!16s%2Fg%2F11c3k52w5n!19sChIJZ75v6aGQ918RN5pUCPm7fz4?authuser=0&hl=ja&rclk=1
株式会社プロジェクトタネ 金沢本社,https://www.protane.jp,〒100-6208 東京都千代田区丸の内1,,https://www.google.com/maps/place/%E6%A0%AA%E5%BC%8F%E4%BC%9A%E7%A4%BE%E3%83%97%E3%83%AD%E3%82%B8%E3%82%A7%E3%82%AF%E3%83%88%E3%82%BF%E3%83%8D+%E9%87%91%E6%B2%A2%E6%9C%AC%E7%A4%BE/data=!4m7!3m6!1s0x5ff8333b50ab388b:0x26599c6955cdde19!8m2!3d36.579958!4d136.6452887!16s%2Fg%2F11h6sjq62k!19sChIJizirUDsz-F8RGd7NVWmcWSY?authuser=0&hl=ja&rclk=1
合同会社DMM.com 金沢事業所,https://dmm-corp.com,金沢市 米泉町１０丁目1−１５２,,https://www.google.com/maps/place/%E5%90%88%E5%90%8C%E4%BC%9A%E7%A4%BEDMM.com+%E9%87%91%E6%B2%A2%E4%BA%8B%E6%A5%AD%E6%89%80/data=!4m7!3m6!1s0x5ff833690a8e6c39:0xa9b1a04aff58ceec!8m2!3d36.5554459!4d136.6235237!16s%2Fg%2F11b60d5kl2!19sChIJOWyOCmkz-F8R7M5Y_0qgsak?authuser=0&hl=ja&rclk=1
グロウプス,https://growpus.com,福井市 丸岡町熊堂３−７ リヴル総研 1-19 2F,0776-43-3235,https://www.google.com/maps/place/%E3%82%B0%E3%83%AD%E3%82%A6%E3%83%97%E3%82%B9/data=!4m7!3m6!1s0x5ff8be66354f375d:0xb82a020e6bee731b!8m2!3d36.1099173!4d136.2744172!16s%2Fg%2F1263_sj9g!19sChIJXTdPNWa--F8RG3Puaw4CKrg?authuser=0&hl=ja&rclk=1
株式会社TERRA works,https://www.terra-works.net,〒918-8237 福井県福井市和田東1,080-8991-0650,https://www.google.com/maps/place/%E6%A0%AA%E5%BC%8F%E4%BC%9A%E7%A4%BETERRA+works/data=!4m7!3m6!1s0x5ff895fe6093186d:0xa7760d0a2e80a47e!8m2!3d36.0532806!4d136.2494783!16s%2Fg%2F11rwwtptgz!19sChIJbRiTYP6V-F8RfqSALgoNdqc?authuser=0&hl=ja&rclk=1
株式会社トゥエルブ,https://www.twelve012.com,〒910-0374 福井県坂井市丸岡町北横地5,0776-97-6938,https://www.google.com/maps/place/%E6%A0%AA%E5%BC%8F%E4%BC%9A%E7%A4%BE%E3%83%88%E3%82%A5%E3%82%A8%E3%83%AB%E3%83%96/data=!4m7!3m6!1s0x5ff8bfcfaaaaaaab:0xffd280effe7ff4b4!8m2!3d36.1267632!4d136.249607!16s%2Fg%2F11h_k3vfmz!19sChIJq6qqqs-_-F8RtPR__u-A0v8?authuser=0&hl=ja&rclk=1
株式会社KOiKi,https://koiki.co.jp,〒910-0063 福井県福井市灯明寺1,0776-50-6278,https://www.google.com/maps/place/%E6%A0%AA%E5%BC%8F%E4%BC%9A%E7%A4%BEKOiKi/data=!4m7!3m6!1s0x5ff8bf61fa7717cd:0x2c2eec85faca90dd!8m2!3d36.0903882!4d136.2095122!16s%2Fg%2F11frdw_963!19sChIJzRd3-mG_-F8R3ZDK-oXsLiw?authuser=0&hl=ja&rclk=1
株式会社コンテンツビジョン,https://c-v.co.jp,〒380-0836 長野県長野市南県町6,026-238-7272,https://www.google.com/maps/place/%EF%BC%88%E6%A0%AA%EF%BC%89%E3%82%B3%E3%83%B3%E3%83%86%E3%83%B3%E3%83%84%E3%83%93%E3%82%B8%E3%83%A7%E3%83%B3/data=!4m7!3m6!1s0x601d86e89bdb8d09:0xba0a7473ee8036cb!8m2!3d36.6513372!4d138.183042!16s%2Fg%2F1tfppsd_!19sChIJCY3bm-iGHWARyzaA7nN0Cro?authuser=0&hl=ja&rclk=1
株式会社R,https://reach-d.net/works,〒381-0022 長野県長野市大豆島2,026-214-6586,https://www.google.com/maps/place/%E6%A0%AA%E5%BC%8F%E4%BC%9A%E7%A4%BER/data=!4m7!3m6!1s0x601d855d01fa44fb:0x48e9162ca45201e5!8m2!3d36.6333948!4d138.2346253!16s%2Fg%2F11hz6rmm7z!19sChIJ-0T6AV2FHWAR5QFSpCwW6Ug?authuser=0&hl=ja&rclk=1
合同会社MITMAC,https://mitmac.net,〒330-0062 埼玉県さいたま市浦和区仲町2,,https://www.google.com/maps/place/%E5%90%88%E5%90%8C%E4%BC%9A%E7%A4%BEMITMAC/data=!4m7!3m6!1s0x601d0f0de1e43327:0xdc8ff4d861aacf35!8m2!3d36.1976928!4d137.9702815!16s%2Fg%2F11y2nmsh3s!19sChIJJzPk4Q0PHWARNc-qYdj0j9w?authuser=0&hl=ja&rclk=1
JAMデザイン株式会社,http://jam-design.me,〒390-0221 長野県松本市里山辺1,0263-87-1537,https://www.google.com/maps/place/JAM%E3%83%87%E3%82%B6%E3%82%A4%E3%83%B3%E6%A0%AA%E5%BC%8F%E4%BC%9A%E7%A4%BE/data=!4m7!3m6!1s0x601d0ee4900ea4ab:0xdfb669bc7ba38635!8m2!3d36.2402779!4d138.0006654!16s%2Fg%2F11bc70z3jj!19sChIJq6QOkOQOHWARNYaje7xptt8?authuser=0&hl=ja&rclk=1
株式会社Sunday Graphics,https://sunday-graphics.com,〒390-0811 長野県松本市中央 4,0263-34-8321,https://www.google.com/maps/place/%E6%A0%AA%E5%BC%8F%E4%BC%9A%E7%A4%BESunday+Graphics/data=!4m7!3m6!1s0x601d0e949ac64cd9:0xbf6324b41bb27439!8m2!3d36.233604!4d137.9767702!16s%2Fg%2F1vppslsq!19sChIJ2UzGmpQOHWAROXSyG7QkY78?authuser=0&hl=ja&rclk=1
アルトノート株式会社,https://artnote.co.jp,〒390-0852 長野県松本市島立8,0263-87-5098,https://www.google.com/maps/place/%E3%82%A2%E3%83%AB%E3%83%88%E3%83%8E%E3%83%BC%E3%83%88%E6%A0%AA%E5%BC%8F%E4%BC%9A%E7%A4%BE/data=!4m7!3m6!1s0x601d0f57f40b3c6b:0x3875976f9da93313!8m2!3d36.2324629!4d137.944788!16s%2Fg%2F11j8n0dcjf!19sChIJazwL9FcPHWAREzOpnW-XdTg?authuser=0&hl=ja&rclk=1
デザイン会社 株式会社ジマンニ,https://jimanni.jp,〒310-0912 茨城県水戸市見川4,029-305-6761,https://www.google.com/maps/place/%E3%83%87%E3%82%B6%E3%82%A4%E3%83%B3%E4%BC%9A%E7%A4%BE+%E6%A0%AA%E5%BC%8F%E4%BC%9A%E7%A4%BE%E3%82%B8%E3%83%9E%E3%83%B3%E3%83%8B/data=!4m7!3m6!1s0x6022247608715555:0xaad440dab6c0b620!8m2!3d36.3679554!4d140.4314821!16s%2Fg%2F11g8f_vpj4!19sChIJVVVxCHYkImARILbAttpA1Ko?authuser=0&hl=ja&rclk=1
ランアットワークス株式会社,https://runat-works.jp,つくば市 上原７４７−１５,,https://www.google.com/maps/place/%E3%83%A9%E3%83%B3%E3%82%A2%E3%83%83%E3%83%88%E3%83%AF%E3%83%BC%E3%82%AF%E3%82%B9%E6%A0%AA%E5%BC%8F%E4%BC%9A%E7%A4%BE/data=!4m7!3m6!1s0x6022735593272fb3:0x6efd70a076f5f974!8m2!3d36.0567371!4d140.1204524!16s%2Fg%2F11hdp1prhd!19sChIJsy8nk1VzImARdPn1dqBw_W4?authuser=0&hl=ja&rclk=1
株式会社アースリーラフ,https://athreelaugh.co.jp,〒300-2655 茨城県 つくば市 島名2,029-879-5387,https://www.google.com/maps/place/%E6%A0%AA%E5%BC%8F%E4%BC%9A%E7%A4%BE%E3%82%A2%E3%83%BC%E3%82%B9%E3%83%AA%E3%83%BC%E3%83%A9%E3%83%95/data=!4m7!3m6!1s0x60220afe2a6a5a1b:0x36692b9ef7719564!8m2!3d36.0577694!4d140.0597716!16s%2Fg%2F11b6_dn9bd!19sChIJG1pqKv4KImARZJVx954raTY?authuser=0&hl=ja&rclk=1
株式会社キャンバス,http://canvas-tsukuba.jp,〒300-4213 茨城県つくば市平沢4,029-896-9886,https://www.google.com/maps/place/%E6%A0%AA%E5%BC%8F%E4%BC%9A%E7%A4%BE%E3%82%AD%E3%83%A3%E3%83%B3%E3%83%90%E3%82%B9/data=!4m7!3m6!1s0x60220f4da47cb209:0x97bce1846e87e320!8m2!3d36.1795189!4d140.1015667!16s%2Fg%2F11bzq32wl0!19sChIJCbJ8pE0PImARIOOHboThvJc?authuser=0&hl=ja&rclk=1
松浦デザインコンサルティング宇都宮市,https://www.matsuura.design,宇都宮市 元今泉４丁目１８−１,090-4594-9932,https://www.google.com/maps/place/%E6%9D%BE%E6%B5%A6%E3%83%87%E3%82%B6%E3%82%A4%E3%83%B3%E3%82%B3%E3%83%B3%E3%82%B5%E3%83%AB%E3%83%86%E3%82%A3%E3%83%B3%E3%82%B0%E5%AE%87%E9%83%BD%E5%AE%AE%E5%B8%82/data=!4m7!3m6!1s0x601f6721fc7c0a89:0xf99e27448ec75bed!8m2!3d36.5602903!4d139.9048322!16s%2Fg%2F11nhgw95kc!19sChIJiQp8_CFnH2AR7VvHjkQnnvk?authuser=0&hl=ja&rclk=1
empty design,https://empty.design,〒320-0056 栃木県宇都宮市戸祭1,028-688-7493,https://www.google.com/maps/place/empty+design/data=!4m7!3m6!1s0x601f6787a04467ef:0xd70f8bd069d4aeab!8m2!3d36.5729055!4d139.8701813!16s%2Fg%2F11r9g20215!19sChIJ72dEoIdnH2ARq67UadCLD9c?authuser=0&hl=ja&rclk=1
カケラデザイン,https://kakela.jp,宇都宮市 日の出２丁目４−１４,028-633-0909,https://www.google.com/maps/place/%E3%82%AB%E3%82%B1%E3%83%A9%E3%83%87%E3%82%B6%E3%82%A4%E3%83%B3/data=!4m7!3m6!1s0x601f67ed8f6809ab:0xaa51e8190e435294!8m2!3d36.5425015!4d139.8719261!16s%2Fg%2F11c6v6j_jp!19sChIJqwloj-1nH2ARlFJDDhnoUao?authuser=0&hl=ja&rclk=1
RICE株式会社（Design Studio RICE）,https://dsrice.jp,〒320-0041 栃木県宇都宮市松原2,028-678-3120,https://www.google.com/maps/place/RICE%E6%A0%AA%E5%BC%8F%E4%BC%9A%E7%A4%BE%EF%BC%88Design+Studio+RICE%EF%BC%89/data=!4m7!3m6!1s0x601f66340bc720fd:0x22f7be5832af5d66!8m2!3d36.5723136!4d139.8703589!16s%2Fg%2F11fylw0kfk!19sChIJ_SDHCzRmH2ARZl2vMli-9yI?authuser=0&hl=ja&rclk=1
KOREKARA DESIGN,https://www.korekaradesign.com,宇都宮市 千波町１７−１１,,https://www.google.com/maps/place/KOREKARA+DESIGN/data=!4m7!3m6!1s0x601f67a115c16731:0x74d7dc7243bf8c35!8m2!3d36.5621814!4d139.8919947!16s%2Fg%2F11h_k3tjxl!19sChIJMWfBFaFnH2ARNYy_Q3Lc13Q?authuser=0&hl=ja&rclk=1
株式会社グティ,https://guty.co.jp,高崎市 中尾町６９９−３,,https://www.google.com/maps/place/%E6%A0%AA%E5%BC%8F%E4%BC%9A%E7%A4%BE%E3%82%B0%E3%83%86%E3%82%A3/data=!4m7!3m6!1s0x601e8d223bb86561:0xbb3d497d28427283!8m2!3d36.3618788!4d139.0228104!16s%2Fg%2F11dxmb2vqc!19sChIJYWW4OyKNHmARg3JCKH1JPbs?authuser=0&hl=ja&rclk=1
motive Inc.,https://motive.co.jp,〒370-0844 群馬県高崎市和田多中町4,,https://www.google.com/maps/place/motive+Inc./data=!4m7!3m6!1s0x601e8d3545c10013:0x869a1ea61116fc21!8m2!3d36.3081328!4d139.0163325!16s%2Fg%2F11nmn5n0yw!19sChIJEwDBRTWNHmARIfwWEaYemoY?authuser=0&hl=ja&rclk=1
株式会社あさひデザインワークス,https://asahi-design.jp,前橋市 下新田町６５０−５,,https://www.google.com/maps/place/%28%E6%A0%AA%29%E3%81%82%E3%81%95%E3%81%B2%E3%83%87%E3%82%B6%E3%82%A4%E3%83%B3%E3%83%AF%E3%83%BC%E3%82%AF%E3%82%B9/data=!4m7!3m6!1s0x601ef29c68b93a6d:0xc50378e89078aaa6!8m2!3d36.3534945!4d139.0683952!16s%2Fg%2F11cnbbz1g0!19sChIJbTq5aJzyHmARpqp4kOh4A8U?authuser=0&hl=ja&rclk=1
ハイロックデザインオフィス,https://www.hirockdesignoffice.com,前橋市 千代田町２丁目１２−３ スズラン前橋店 新館 ２階,,https://www.google.com/maps/place/%E3%83%8F%E3%82%A4%E3%83%AD%E3%83%83%E3%82%AF%E3%83%87%E3%82%B6%E3%82%A4%E3%83%B3%E3%82%AA%E3%83%95%E3%82%A3%E3%82%B9/data=!4m7!3m6!1s0x601ef3747fb5873d:0xeed0e5c5823764c3!8m2!3d36.39241!4d139.0698742!16s%2Fg%2F11nxb9wxj4!19sChIJPYe1f3TzHmARw2Q3gsXl0O4?authuser=0&hl=ja&rclk=1
LLC Local Design Network,https://www.localdesign-net.jp,〒330-0802 埼玉県さいたま市大宮区宮町1,,https://www.google.com/maps/place/LLC+Local+Design+Network/data=!4m7!3m6!1s0x6018c1218acb7651:0xfd9c4a191bad9f72!8m2!3d35.9078361!4d139.6248065!16s%2Fg%2F11j4lm8271!19sChIJUXbLiiHBGGARcp-tGxlKnP0?authuser=0&hl=ja&rclk=1
株式会社プラスト,https://www.plust.jp,さいたま市 新都心11−２ 明治安田生命さいたま新都心ビル 20F,048-600-0011,https://www.google.com/maps/place/%E6%A0%AA%E5%BC%8F%E4%BC%9A%E7%A4%BE%E3%83%97%E3%83%A9%E3%82%B9%E3%83%88/data=!4m7!3m6!1s0x6018c10b804b7029:0xf570d6559cfe0d21!8m2!3d35.8934184!4d139.632562!16s%2Fg%2F11h4b7n_v1!19sChIJKXBLgAvBGGARIQ3-nFXWcPU?authuser=0&hl=ja&rclk=1
ストラマネジメントデザイン株式会社,http://stramd.com,〒350-1101 埼玉県川越市的場4,049-298-5771,https://www.google.com/maps/place/%E3%82%B9%E3%83%88%E3%83%A9%E3%83%9E%E3%83%8D%E3%82%B8%E3%83%A1%E3%83%B3%E3%83%88%E3%83%87%E3%82%B6%E3%82%A4%E3%83%B3%E6%A0%AA%E5%BC%8F%E4%BC%9A%E7%A4%BE/data=!4m7!3m6!1s0x6018d7fbde525a27:0x2e4b0e33885b8427!8m2!3d35.9101072!4d139.4335621!16s%2Fg%2F1tfxgq4j!19sChIJJ1pS3vvXGGARJ4RbiDMOSy4?authuser=0&hl=ja&rclk=1
株式会社ブランダーズ,https://www.brandersinc.net,〒350-0057 埼玉県川越市大手町1,090-5424-3146,https://www.google.com/maps/place/%E6%A0%AA%E5%BC%8F%E4%BC%9A%E7%A4%BE%E3%83%96%E3%83%A9%E3%83%B3%E3%83%80%E3%83%BC%E3%82%BA/data=!4m7!3m6!1s0x6018da61abffffff:0xfc134f4180bbc102!8m2!3d35.9227605!4d139.4861924!16s%2Fg%2F11jwfcmcg0!19sChIJ____q2HaGGARAsG7gEFPE_w?authuser=0&hl=ja&rclk=1
株式会社Rink.,https://rink-inc.jp,〒350-1167 埼玉県川越市大袋新田1,049-265-6218,https://www.google.com/maps/place/%E6%A0%AA%E5%BC%8F%E4%BC%9A%E7%A4%BERink./data=!4m7!3m6!1s0x6018da2a7e7e630d:0x21ee3ccf1c3964b7!8m2!3d35.8892581!4d139.4469013!16s%2Fg%2F11y408djm0!19sChIJDWN-firaGGARt2Q5HM887iE?authuser=0&hl=ja&rclk=1
日本ワントゥワンソリューションズ株式会社,http://www.japan121solutions.com,〒350-1123 埼玉県川越市脇田本町６,049-249-5761,https://www.google.com/maps/place/%E6%97%A5%E6%9C%AC%E3%83%AF%E3%83%B3%E3%83%88%E3%82%A5%E3%83%AF%E3%83%B3%E3%82%BD%E3%83%AA%E3%83%A5%E3%83%BC%E3%82%B7%E3%83%A7%E3%83%B3%E3%82%BA%28%E6%A0%AA%29/data=!4m7!3m6!1s0x6018da515376ff37:0x680ddb3eed2aa2c1!8m2!3d35.9060145!4d139.4820499!16s%2Fg%2F11bx1srpzj!19sChIJN_92U1HaGGARwaIq7T7bDWg?authuser=0&hl=ja&rclk=1
RKN,https://rrrrrrrrrrkn.com,千葉市 青葉町１２６９,,https://www.google.com/maps/place/RKN/data=!4m7!3m6!1s0x60229b24362f4285:0x193a7e8a8b54ebe4!8m2!3d35.6003478!4d140.1356839!16s%2Fg%2F11w29k4w98!19sChIJhUIvNiSbImAR5OtUi4p-Ohk?authuser=0&hl=ja&rclk=1
BELLRING DESIGN,https://bellring.jp,千葉市 誉田町１丁目９８０−５,050-5374-7507,https://www.google.com/maps/place/BELLRING+DESIGN/data=!4m7!3m6!1s0x6022974301a9ec13:0x6bb5a06c143f8d85!8m2!3d35.5606428!4d140.2036225!16s%2Fg%2F11ffm17_2l!19sChIJE-ypAUOXImARhY0_FGygtWs?authuser=0&hl=ja&rclk=1
Mozmene,https://www.mozmene.com,"横浜市 クロスビル, 201, ４丁目-１１２ 伊勢佐木町",,https://www.google.com/maps/place/Mozmene/data=!4m7!3m6!1s0x60185d4f562d358b:0x3611bf6da6ffa783!8m2!3d35.4417325!4d139.6292314!16s%2Fg%2F11h8938m9m!19sChIJizUtVk9dGGARg6f_pm2_ETY?authuser=0&hl=ja&rclk=1
株式会社セルディビジョン,https://celldivision.jp,横浜市 北仲通５丁目57−２ KITANAKA BRICK&WHITE 1F celldivision group × Dance Base Yokohama,045-548-6861,https://www.google.com/maps/place/%E6%A0%AA%E5%BC%8F%E4%BC%9A%E7%A4%BE%E3%82%BB%E3%83%AB%E3%83%87%E3%82%A3%E3%83%93%E3%82%B8%E3%83%A7%E3%83%B3/data=!4m7!3m6!1s0x60185c12d358abb9:0x974b4745ac722f8c!8m2!3d35.4510016!4d139.6362929!16s%2Fg%2F1thgbf64!19sChIJuatY0xJcGGARjC9yrEVHS5c?authuser=0&hl=ja&rclk=1
合同会社 ユアブランディング,https://yourbd.biz,〒310-8555 茨城県水戸市笠原町9,06-6944-6069,https://www.google.com/maps/place/%E5%90%88%E5%90%8C%E4%BC%9A%E7%A4%BE+%E3%83%A6%E3%82%A2%E3%83%96%E3%83%A9%E3%83%B3%E3%83%87%E3%82%A3%E3%83%B3%E3%82%B0/data=!4m7!3m6!1s0x60185d0b10cc618b:0x77adbb8aa57d735c!8m2!3d35.4677966!4d139.6188013!16s%2Fg%2F11g0tpjjn_!19sChIJi2HMEAtdGGARXHN9pYq7rXc?authuser=0&hl=ja&rclk=1
株式会社ジーン,https://jeandesign.co.jp,〒210-0023 神奈川県川崎市川崎区 小川町8,044-230-0057,https://www.google.com/maps/place/%E6%A0%AA%E5%BC%8F%E4%BC%9A%E7%A4%BE%E3%82%B8%E3%83%BC%E3%83%B3/data=!4m7!3m6!1s0x601860a178c781c3:0xdbbc23fe28099621!8m2!3d35.5268812!4d139.6958669!16s%2Fg%2F11c1wyf4y0!19sChIJw4HHeKFgGGARIZYJKP4jvNs?authuser=0&hl=ja&rclk=1
ID INC.,https://include.bz,〒213-0011 神奈川県川崎市高津区久本3,,https://www.google.com/maps/place/ID+INC./data=!4m7!3m6!1s0x60188ca8f55eaf6b:0xd6b08852aa3a218a!8m2!3d32.9998961!4d138.4293072!16s%2Fg%2F1tlgx_bg!19sChIJa69e9aiMGGARiiE6qlKIsNY?authuser=0&hl=ja&rclk=1
㈱ジー･サーチ,https://www.g-search.jp,川崎市 大宮町1番地5 JR川崎タワ,,https://www.google.com/maps/place/%E3%88%B1%E3%82%B8%E3%83%BC%EF%BD%A5%E3%82%B5%E3%83%BC%E3%83%81/data=!4m7!3m6!1s0x60188a3641f57ac7:0xca2363eb9628a781!8m2!3d35.5308213!4d139.6954982!16s%2Fg%2F1tlkcb__!19sChIJx3r1QTaKGGARgacolutjI8o?authuser=0&hl=ja&rclk=1
株式会社ニュービジョン・エージェンシー,https://www.posting-newvision.net,川崎市 土橋４丁目１０−６,044-982-9327,https://www.google.com/maps/place/%EF%BC%88%E6%A0%AA%EF%BC%89%E3%83%8B%E3%83%A5%E3%83%BC%E3%83%93%E3%82%B8%E3%83%A7%E3%83%B3%E3%83%BB%E3%82%A8%E3%83%BC%E3%82%B8%E3%82%A7%E3%83%B3%E3%82%B7%E3%83%BC/data=!4m7!3m6!1s0x6018f6e0289ba74f:0x55af3a8544f81b77!8m2!3d35.586645!4d139.569006!16s%2Fg%2F11ckvvzwnw!19sChIJT6ebKOD2GGARdxv4RIU6r1U?authuser=0&hl=ja&rclk=1
株式会社RENCOUNT（レンカウント）,https://rencount.co.jp,〒251-0041 神奈川県藤沢市辻堂神台2,0466-96-0281,https://www.google.com/maps/place/%E6%A0%AA%E5%BC%8F%E4%BC%9A%E7%A4%BERENCOUNT%EF%BC%88%E3%83%AC%E3%83%B3%E3%82%AB%E3%82%A6%E3%83%B3%E3%83%88%EF%BC%89/data=!4m7!3m6!1s0x601851d47fb99c8d:0x715d3701b8e1a565!8m2!3d35.3404739!4d139.4476786!16s%2Fg%2F11x5q_rts2!19sChIJjZy5f9RRGGARZaXhuAE3XXE?authuser=0&hl=ja&rclk=1
㈱JIN,https://jin.marketing,藤沢市 本鵠沼１丁目７−１１,,https://www.google.com/maps/place/%E3%88%B1JIN/data=!4m7!3m6!1s0x601859569b740b45:0x376c8a9c186ecac7!8m2!3d35.3363927!4d139.4800213!16s%2Fg%2F11gdjc9l13!19sChIJRQt0m1ZZGGARx8puGJyKbDc?authuser=0&hl=ja&rclk=1
デザイン事務所UFO INC.,https://www.ufoinc.jp,〒251-0045 神奈川県藤沢市辻堂東海岸1,,https://www.google.com/maps/place/%E3%83%87%E3%82%B6%E3%82%A4%E3%83%B3%E4%BA%8B%E5%8B%99%E6%89%80UFO+INC./data=!4m7!3m6!1s0x60184efd2206b8af:0x9f83258b2602542!8m2!3d35.3259735!4d139.4550892!16s%2Fg%2F119vznjth!19sChIJr7gGIv1OGGARQiVgslgy-Ak?authuser=0&hl=ja&rclk=1
株式会社フォービー,https://www.fourb.co.jp,藤沢市 南藤沢８−９ 湘南ビル 4F MK,0466-24-1555,https://www.google.com/maps/place/%E6%A0%AA%E5%BC%8F%E4%BC%9A%E7%A4%BE%E3%83%95%E3%82%A9%E3%83%BC%E3%83%93%E3%83%BC/data=!4m7!3m6!1s0x60184f7dfa24d977:0x242c351d69f6c455!8m2!3d35.33745!4d139.4917176!16s%2Fg%2F11ghdrcwr7!19sChIJd9kk-n1PGGARVcT2aR01LCQ?authuser=0&hl=ja&rclk=1
㈱LD,https://www.ld-design.co,〒251-0025 神奈川県藤沢市鵠沼石上2,,https://www.google.com/maps/place/%E3%88%B1LD/data=!4m7!3m6!1s0x601853880defb717:0xe1c4ec8d5e019807!8m2!3d35.3344867!4d139.4876634!16s%2Fg%2F11jsf6d18k!19sChIJF7fvDYhTGGARB5gBXo3sxOE?authuser=0&hl=ja&rclk=1
AFFORDANCE inc.,https://affordance.tokyo,〒251-0026 神奈川県藤沢市鵠沼東4,0466-47-9040,https://www.google.com/maps/place/AFFORDANCE+inc./data=!4m7!3m6!1s0x6018f4b8a1210001:0x290919fc492e22c2!8m2!3d35.3351805!4d139.4925921!16s%2Fg%2F11c521vhfk!19sChIJAQAhobj0GGARwiIuSfwZCSk?authuser=0&hl=ja&rclk=1
デザインスープ,https://d-soup.amebaownd.com,〒251-0876 神奈川県藤沢市善行坂1,0466-80-5787,https://www.google.com/maps/place/%E3%83%87%E3%82%B6%E3%82%A4%E3%83%B3%E3%82%B9%E3%83%BC%E3%83%97/data=!4m7!3m6!1s0x601851c1dee1183b:0xfe4e4ea0946bb6c5!8m2!3d35.3603951!4d139.4671475!16s%2Fg%2F12hlc3ytp!19sChIJOxjh3sFRGGARxbZrlKBOTv4?authuser=0&hl=ja&rclk=1
ファンディオ,https://www.fundio.co.jp,〒251-0055 神奈川県藤沢市南藤沢2,,https://www.google.com/maps/place/%E3%83%95%E3%82%A1%E3%83%B3%E3%83%87%E3%82%A3%E3%82%AA/data=!4m7!3m6!1s0x60184f79671263d3:0x857b83ee2259ddcf!8m2!3d35.3371407!4d139.4877429!16s%2Fg%2F11s92spywd!19sChIJ02MSZ3lPGGARz91ZIu6De4U?authuser=0&hl=ja&rclk=1
"合同会社ほんわか WEBコンテンツ制作(HP,SNS,LINE,漫画,広告等)",https://honwakallc.com,〒194-0013 東京都町田市原町田6,03-6555-5084,"https://www.google.com/maps/place/%E5%90%88%E5%90%8C%E4%BC%9A%E7%A4%BE%E3%81%BB%E3%82%93%E3%82%8F%E3%81%8B+WEB%E3%82%B3%E3%83%B3%E3%83%86%E3%83%B3%E3%83%84%E5%88%B6%E4%BD%9C%28HP,SNS,LINE,%E6%BC%AB%E7%94%BB,%E5%BA%83%E5%91%8A%E7%AD%89%29/data=!4m7!3m6!1s0x6018f9b3103248fd:0xe7007850e6a90b9f!8m2!3d35.5433827!4d139.4469812!16s%2Fg%2F11vd64fw25!19sChIJ_UgyELP5GGARnwup5lB4AOc?authuser=0&hl=ja&rclk=1"
グッドビー株式会社,https://www.goodbee.co.jp,〒252-0231 神奈川県相模原市中央区相模原6,042-707-8242,https://www.google.com/maps/place/%E3%82%B0%E3%83%83%E3%83%89%E3%83%93%E3%83%BC%E6%A0%AA%E5%BC%8F%E4%BC%9A%E7%A4%BE/data=!4m7!3m6!1s0x6018fda4600c81bf:0x6e660da25a65e8dc!8m2!3d35.5750596!4d139.3766909!16s%2Fg%2F11f7spd9t4!19sChIJv4EMYKT9GGAR3OhlWqINZm4?authuser=0&hl=ja&rclk=1
株式会社OH.inc,https://ohdot.jp,静岡市 松原町４−１０ 東磯社ビル 2F,054-659-4739,https://www.google.com/maps/place/%E6%A0%AA%E5%BC%8F%E4%BC%9A%E7%A4%BEOH.inc/data=!4m7!3m6!1s0x601a31dbfa41c639:0xe4d8d80fec2c58b9!8m2!3d35.011284!4d138.4900058!16s%2Fg%2F11t2z_m8dw!19sChIJOcZB-tsxGmARuVgs7A_Y2OQ?authuser=0&hl=ja&rclk=1
インタープランニング有限会社 未来公園_Divisions,https://miraiparks.jp,静岡市 両替町２丁目４−２ 小林ビル ２階,,https://www.google.com/maps/place/%E3%82%A4%E3%83%B3%E3%82%BF%E3%83%BC%E3%83%97%E3%83%A9%E3%83%B3%E3%83%8B%E3%83%B3%E3%82%B0%E6%9C%89%E9%99%90%E4%BC%9A%E7%A4%BE+%E6%9C%AA%E6%9D%A5%E5%85%AC%E5%9C%92_Divisions/data=!4m7!3m6!1s0x601a4a1e1f627d31:0x391bee05f6d29b36!8m2!3d34.9737329!4d138.3825845!16s%2Fg%2F1td5rb65!19sChIJMX1iHx5KGmARNpvS9gXuGzk?authuser=0&hl=ja&rclk=1
株式会社ネトラ,https://netra.jp,〒420-0858 静岡県静岡市葵区伝馬町1,050-3559-1476,https://www.google.com/maps/place/%E6%A0%AA%E5%BC%8F%E4%BC%9A%E7%A4%BE%E3%83%8D%E3%83%88%E3%83%A9/data=!4m7!3m6!1s0x601a4a1fc432623f:0xe1fa3e32326ba64!8m2!3d34.9749482!4d138.3867158!16s%2Fg%2F11h54n3pjp!19sChIJP2IyxB9KGmARZLomI-OjHw4?authuser=0&hl=ja&rclk=1
有限会社ブロス BROSS-PLANNING,http://www.bross.co.jp,〒420-0031 静岡県静岡市葵区呉服町2,054-272-5409,https://www.google.com/maps/place/%E6%9C%89%E9%99%90%E4%BC%9A%E7%A4%BE%E3%83%96%E3%83%AD%E3%82%B9+BROSS-PLANNING/data=!4m7!3m6!1s0x601a4a1e19f3fa05:0x55832888837fe732!8m2!3d34.974154!4d138.382893!16s%2Fg%2F1tgz0nfb!19sChIJBfrzGR5KGmARMud_g4gog1U?authuser=0&hl=ja&rclk=1
エス・カレパ,https://www.s-kalepa.co.jp,静岡市 南町１０−６ 村上駅南ビル 2F,054-266-9000,https://www.google.com/maps/place/%E3%82%A8%E3%82%B9%E3%83%BB%E3%82%AB%E3%83%AC%E3%83%91/data=!4m7!3m6!1s0x601a492f114512a3:0xfc37b3cb8da38612!8m2!3d34.9701268!4d138.3901248!16s%2Fg%2F11nmng1243!19sChIJoxJFES9JGmAREoajjcuzN_w?authuser=0&hl=ja&rclk=1
株式会社メディアトーク,https://media-talk.co.jp,〒433-8112 静岡県浜松市中央区初生町3,053-430-5700,https://www.google.com/maps/place/%E6%A0%AA%E5%BC%8F%E4%BC%9A%E7%A4%BE%E3%83%A1%E3%83%87%E3%82%A3%E3%82%A2%E3%83%88%E3%83%BC%E3%82%AF/data=!4m7!3m6!1s0x601adf9cfc46b865:0x87be3fcb7e173b3f!8m2!3d34.759062!4d137.7269823!16s%2Fg%2F11btlz9s64!19sChIJZbhG_JzfGmARPzsXfss_voc?authuser=0&hl=ja&rclk=1
55634 ブランディングデザイン,https://55634t.com,浜松市 佐鳴台５丁目２７−９ 1階,,https://www.google.com/maps/place/55634+%E3%83%96%E3%83%A9%E3%83%B3%E3%83%87%E3%82%A3%E3%83%B3%E3%82%B0%E3%83%87%E3%82%B6%E3%82%A4%E3%83%B3/data=!4m7!3m6!1s0x601ade64ce0486ef:0x564dca141bd7a566!8m2!3d34.7108614!4d137.6980031!16s%2Fg%2F11ggt50b20!19sChIJ74YEzmTeGmARZqXXGxTKTVY?authuser=0&hl=ja&rclk=1
株式会社 プラウドデザイン,https://proud-design.jp,〒431-3122 静岡県浜松市中央区有玉南町1,0804-0102-5345,https://www.google.com/maps/place/%E6%A0%AA%E5%BC%8F%E4%BC%9A%E7%A4%BE+%E3%83%97%E3%83%A9%E3%82%A6%E3%83%89%E3%83%87%E3%82%B6%E3%82%A4%E3%83%B3/data=!4m7!3m6!1s0x91fbdaf19f9160b:0x17c1a7be3d3af88e!8m2!3d34.7489742!4d137.7488706!16s%2Fg%2F11t1s9qzxx!19sChIJCxb5Ga-9HwkRjvg6Pb6nwRc?authuser=0&hl=ja&rclk=1
デザインスタジオ・ビーグル,https://www.ds-beagle.com,〒430-0904 静岡県浜松市中央区中沢町6,,https://www.google.com/maps/place/%E3%83%87%E3%82%B6%E3%82%A4%E3%83%B3%E3%82%B9%E3%82%BF%E3%82%B8%E3%82%AA%E3%83%BB%E3%83%93%E3%83%BC%E3%82%B0%E3%83%AB/data=!4m7!3m6!1s0x601adfbd16df7d01:0xc562edfa111ef1d6!8m2!3d34.7225241!4d137.7299354!16s%2Fg%2F11pwqxnr7f!19sChIJAX3fFr3fGmAR1vEeEfrtYsU?authuser=0&hl=ja&rclk=1
共感マーケティング株式会社,https://kyokan-m.co.jp/contact,〒500-8281 岐阜県岐阜市東鶉3,080-4532-6222,https://www.google.com/maps/place/%E5%85%B1%E6%84%9F%E3%83%9E%E3%83%BC%E3%82%B1%E3%83%86%E3%82%A3%E3%83%B3%E3%82%B0%E6%A0%AA%E5%BC%8F%E4%BC%9A%E7%A4%BE/data=!4m7!3m6!1s0x6003af28946e36ef:0xe826bdc5b48f41cd!8m2!3d35.3834097!4d136.7391982!16s%2Fg%2F11p0msc9xq!19sChIJ7zZulCivA2ARzUGPtMW9Jug?authuser=0&hl=ja&rclk=1
エクスラージ,https://www.x-large.co.jp,〒441-8019 愛知県豊橋市花田町越水1,0532-31-3780,https://www.google.com/maps/place/%E3%82%A8%E3%82%AF%E3%82%B9%E3%83%A9%E3%83%BC%E3%82%B8/data=!4m7!3m6!1s0x6004d1fe27dc5467:0xdb7ca27349d4fe3e!8m2!3d34.7611939!4d137.3675748!16s%2Fg%2F1v27vfy3!19sChIJZ1TcJ_7RBGARPv7USXOifNs?authuser=0&hl=ja&rclk=1
フーデザイン（hu-design）,https://hu-design2019.com,〒441-8111 愛知県豊橋市江島町8,070-6580-8859,https://www.google.com/maps/place/%E3%83%95%E3%83%BC%E3%83%87%E3%82%B6%E3%82%A4%E3%83%B3%EF%BC%88hu-design%EF%BC%89/data=!4m7!3m6!1s0x6004d758b835dc85:0x1efc72abb41f31f2!8m2!3d34.737386!4d137.4046906!16s%2Fg%2F11sfh391ff!19sChIJhdw1uFjXBGAR8jEftKty_B4?authuser=0&hl=ja&rclk=1
Zens-愛知県豊橋市のホームページ制作・グラフィックデザイン会社,https://zens.jp,〒440-0073 愛知県豊橋市湊町3,,https://www.google.com/maps/place/Zens-%E6%84%9B%E7%9F%A5%E7%9C%8C%E8%B1%8A%E6%A9%8B%E5%B8%82%E3%81%AE%E3%83%9B%E3%83%BC%E3%83%A0%E3%83%9A%E3%83%BC%E3%82%B8%E5%88%B6%E4%BD%9C%E3%83%BB%E3%82%B0%E3%83%A9%E3%83%95%E3%82%A3%E3%83%83%E3%82%AF%E3%83%87%E3%82%B6%E3%82%A4%E3%83%B3%E4%BC%9A%E7%A4%BE/data=!4m7!3m6!1s0x6004cdb2198d143b:0x777bfc2c7c78fdbb!8m2!3d34.7707602!4d137.384439!16s%2Fg%2F11h_x582ns!19sChIJOxSNGbLNBGARu_14fCz8e3c?authuser=0&hl=ja&rclk=1
DDR（オカプレ・マーケット）,https://www.ddr38.com,〒444-0034 愛知県岡崎市十王町1,0564-65-7533,https://www.google.com/maps/place/DDR%EF%BC%88%E3%82%AA%E3%82%AB%E3%83%97%E3%83%AC%E3%83%BB%E3%83%9E%E3%83%BC%E3%82%B1%E3%83%83%E3%83%88%EF%BC%89/data=!4m7!3m6!1s0x6004bd2f25382b83:0xdad506bef36b03ee!8m2!3d34.9561369!4d137.1728792!16s%2Fg%2F1vjdp_wy!19sChIJgys4JS-9BGAR7gNr874G1do?authuser=0&hl=ja&rclk=1
"GRAND.DESIGN OFFICE Co., Ltd.",https://design-grand.jp,〒470-1206 愛知県豊田市永覚新町３,0564-64-4830,"https://www.google.com/maps/place/GRAND.DESIGN+OFFICE+Co.,+Ltd./data=!4m7!3m6!1s0x6004bd0176a6ae37:0xbb34e6917fe1eb10!8m2!3d34.9330254!4d137.1692509!16s%2Fg%2F11btrr31jv!19sChIJN66mdgG9BGAREOvhf5HmNLs?authuser=0&hl=ja&rclk=1"
株式会社中広 岡崎フリモ編集室,https://chuco.co.jp/information-magazine/%E3%80%8E%E5%B2%A1%E5%B4%8E%E3%83%95%E3%83%AA%E3%83%A2%E3%80%8F,〒500-8137 岐阜県岐阜市東興町2,,https://www.google.com/maps/place/%E6%A0%AA%E5%BC%8F%E4%BC%9A%E7%A4%BE%E4%B8%AD%E5%BA%83+%E5%B2%A1%E5%B4%8E%E3%83%95%E3%83%AA%E3%83%A2%E7%B7%A8%E9%9B%86%E5%AE%A4/data=!4m7!3m6!1s0x6004bd3ad3353ff3:0xabd8974da73fbd78!8m2!3d34.952675!4d137.1675893!16s%2Fg%2F11tbtyrl8k!19sChIJ8z810zq9BGAReL0_p02X2Ks?authuser=0&hl=ja&rclk=1
CDS,https://www.cds-japan.jp/ja,岡崎市 舞木町市場４６,052-587-5410,https://www.google.com/maps/place/CDS/data=!4m7!3m6!1s0x6004b9115ad6cf7b:0x34d446f12fe87813!8m2!3d34.8998617!4d137.2393938!16s%2Fg%2F11c2q31755!19sChIJe8_WWhG5BGARE3joL_FG1DQ?authuser=0&hl=ja&rclk=1
レスポンス広告デザイン事務所 A-Writing,https://a-writing.com,〒512-0301 三重県四日市市 代表 森川淳 LINE Instagram X Facebook note お問い合わせ,,https://www.google.com/maps/place/%E3%83%AC%E3%82%B9%E3%83%9D%E3%83%B3%E3%82%B9%E5%BA%83%E5%91%8A%E3%83%87%E3%82%B6%E3%82%A4%E3%83%B3%E4%BA%8B%E5%8B%99%E6%89%80+A-Writing/data=!4m7!3m6!1s0x6003ede358c6bb87:0x14f039328b263a25!8m2!3d34.9648103!4d136.4756781!16s%2Fg%2F11j5qfb5y9!19sChIJh7vGWOPtA2ARJTomizI58BQ?authuser=0&hl=ja&rclk=1
ロゴス,https://www.logos-mie.jp,四日市市 中川原１丁目３−２３,059-354-0846,https://www.google.com/maps/place/%E3%83%AD%E3%82%B4%E3%82%B9/data=!4m7!3m6!1s0x60038e8940085d75:0xb8f5e88021e65962!8m2!3d34.9659119!4d136.6065848!16s%2Fg%2F1tcyrs00!19sChIJdV0IQImOA2ARYlnmIYDo9bg?authuser=0&hl=ja&rclk=1
株式会社ＯーＧＯＥ,https://www.o-goe.co.jp,〒512-8061 三重県四日市市広永町1,059-361-0005,https://www.google.com/maps/place/%E6%A0%AA%E5%BC%8F%E4%BC%9A%E7%A4%BE%EF%BC%AF%E3%83%BC%EF%BC%A7%EF%BC%AF%EF%BC%A5/data=!4m7!3m6!1s0x60038fc06b1e6ee1:0x5a34a5154f6c60d9!8m2!3d35.0284121!4d136.6414397!16s%2Fg%2F1ptz__lr7!19sChIJ4W4ea8CPA2AR2WBsTxWlNFo?authuser=0&hl=ja&rclk=1
lakdom,https://lakdom.com,大津市 下阪本４丁目２１−２０,,https://www.google.com/maps/place/lakdom/data=!4m7!3m6!1s0x60010bd1f714908b:0x2e3a15d08e61850b!8m2!3d35.0651093!4d135.8749461!16s%2Fg%2F11pycgwwsd!19sChIJi5AU99ELAWARC4VhjtAVOi4?authuser=0&hl=ja&rclk=1
KYOTO Atelier Design,https://kyoto-atelier.design,〒606-8004 滋賀県大津市打出浜2,080-9749-7845,https://www.google.com/maps/place/KYOTO+Atelier+Design/data=!4m7!3m6!1s0x60010d546c08a711:0x1c0f0fadddbc2c51!8m2!3d35.0065124!4d135.8755736!16s%2Fg%2F11fsq2f7tv!19sChIJEacIbFQNAWARUSy83a0PDxw?authuser=0&hl=ja&rclk=1
株式会社DECO PLANNING,https://www.deco-planning.com,〒520-0832 滋賀県大津市粟津町4,090-6550-8245,https://www.google.com/maps/place/%E6%A0%AA%E5%BC%8F%E4%BC%9A%E7%A4%BEDECO+PLANNING/data=!4m7!3m6!1s0x60010d5181fdf703:0x9edc9bce59c4d342!8m2!3d34.9795594!4d135.9011837!16s%2Fg%2F11cs4hw3g7!19sChIJA_f9gVENAWARQtPEWc6b3J4?authuser=0&hl=ja&rclk=1
リュトモス,https://www.rhythmos-works.jp,大津市 仰木の里４丁目１５−３,,https://www.google.com/maps/place/%E3%83%AA%E3%83%A5%E3%83%88%E3%83%A2%E3%82%B9/data=!4m7!3m6!1s0x60010aa587615d21:0x921d663de5bfa6eb!8m2!3d35.1069264!4d135.8944673!16s%2Fg%2F11fgkcs_q9!19sChIJIV1hh6UKAWAR66a_5T1mHZI?authuser=0&hl=ja&rclk=1
合同会社マーケティング京都,https://www.kyomono.com,京都市 西賀茂中川上町８４ ラフォーレ・ダイゴ,075-493-5548,https://www.google.com/maps/place/%E5%90%88%E5%90%8C%E4%BC%9A%E7%A4%BE%E3%83%9E%E3%83%BC%E3%82%B1%E3%83%86%E3%82%A3%E3%83%B3%E3%82%B0%E4%BA%AC%E9%83%BD/data=!4m7!3m6!1s0x6001a86e7775e427:0x6e523c3fc77c135b!8m2!3d35.0654392!4d135.7409213!16s%2Fg%2F11b6b91m3r!19sChIJJ-R1d26oAWARWxN8xz88Um4?authuser=0&hl=ja&rclk=1
コイズミデザインファクトリー,https://koizumidesignfactory.com,〒151-0051 東京都渋谷区千駄ヶ谷3,075-874-5062,https://www.google.com/maps/place/%E3%82%B3%E3%82%A4%E3%82%BA%E3%83%9F%E3%83%87%E3%82%B6%E3%82%A4%E3%83%B3%E3%83%95%E3%82%A1%E3%82%AF%E3%83%88%E3%83%AA%E3%83%BC/data=!4m7!3m6!1s0x6001066c338618e7:0x7e1496a752c0e6d5!8m2!3d34.9942531!4d135.734135!16s%2Fg%2F11bwptq9np!19sChIJ5xiGM2wGAWAR1ebAUqeWFH4?authuser=0&hl=ja&rclk=1
株式会社ユキサキ,https://yukisaki.co.jp,京都市 四条通麩屋町西入立売東町２８番地２ 大和証券ビル ６Ｆ 京都ビル,075-925-6626,https://www.google.com/maps/place/%E6%A0%AA%E5%BC%8F%E4%BC%9A%E7%A4%BE%E3%83%A6%E3%82%AD%E3%82%B5%E3%82%AD/data=!4m7!3m6!1s0x600107af4e902f89:0xfd162e5782a580ad!8m2!3d35.003825!4d135.7654855!16s%2Fg%2F11c2nzncz1!19sChIJiS-QTq8HAWARrYClglcuFv0?authuser=0&hl=ja&rclk=1
株式会社グロースデザイン,https://www.growth-d.co.jp,〒107-0052 東京都港区赤坂8,075-253-6966,https://www.google.com/maps/place/%E6%A0%AA%E5%BC%8F%E4%BC%9A%E7%A4%BE%E3%82%B0%E3%83%AD%E3%83%BC%E3%82%B9%E3%83%87%E3%82%B6%E3%82%A4%E3%83%B3/data=!4m7!3m6!1s0x6001088e9ad4e971:0x6430e917dcbd3a67!8m2!3d35.0104426!4d135.7637928!16s%2Fg%2F1tg7rxw5!19sChIJcenUmo4IAWARZzq93BfpMGQ?authuser=0&hl=ja&rclk=1
株式会社日商社,https://www.nisshosha.co.jp,京都市 下妙覚寺町195番地 Ｋ・Ｍ・Ｇビル ３階,,https://www.google.com/maps/place/%E6%A0%AA%E5%BC%8F%E4%BC%9A%E7%A4%BE%E6%97%A5%E5%95%86%E7%A4%BE/data=!4m7!3m6!1s0x600108859a5d204d:0x1e6b942c1bcbdd24!8m2!3d35.0117274!4d135.7573464!16s%2Fg%2F1vk6z3g_!19sChIJTSBdmoUIAWARJN3LGyyUax4?authuser=0&hl=ja&rclk=1
株式会社マーケティングテクノロジーズ,https://marke-t-ech.com,〒531-0074 大阪府大阪市北区本庄東２,,https://www.google.com/maps/place/%E6%A0%AA%E5%BC%8F%E4%BC%9A%E7%A4%BE%E3%83%9E%E3%83%BC%E3%82%B1%E3%83%86%E3%82%A3%E3%83%B3%E3%82%B0%E3%83%86%E3%82%AF%E3%83%8E%E3%83%AD%E3%82%B8%E3%83%BC%E3%82%BA/data=!4m7!3m6!1s0x6000e6e1f273297f:0x1928e848c0928956!8m2!3d34.7145078!4d135.5103668!16s%2Fg%2F11g675r6xc!19sChIJfylz8uHmAGARVomSwEjoKBk?authuser=0&hl=ja&rclk=1
株式会社KIZUNA本社,https://kizuna-group.jp,〒541-0056 大阪府大阪市中央区久太郎町2,06-6252-1500,https://www.google.com/maps/place/%E6%A0%AA%E5%BC%8F%E4%BC%9A%E7%A4%BEKIZUNA%E6%9C%AC%E7%A4%BE/data=!4m7!3m6!1s0x6000e7458da5da93:0x404573554e3ec8e0!8m2!3d34.6813201!4d135.5039084!16s%2Fg%2F11rzwnlxb9!19sChIJk9qljUXnAGAR4Mg-TlVzRUA?authuser=0&hl=ja&rclk=1
株式会社Ryuki Design（LP制作.jp）,https://rdlp.jp,〒541-0053 大阪府大阪市中央区本町1,050-3541-5719,https://www.google.com/maps/place/%E6%A0%AA%E5%BC%8F%E4%BC%9A%E7%A4%BERyuki+Design%EF%BC%88LP%E5%88%B6%E4%BD%9C.jp%EF%BC%89/data=!4m7!3m6!1s0x6000e721ec241b3f:0x5a54f24cfa290405!8m2!3d34.6832429!4d135.5072596!16s%2Fg%2F1tdl1fyr!19sChIJPxsk7CHnAGARBQQp-kzyVFo?authuser=0&hl=ja&rclk=1
ブランディングテクノロジー株式会社（大阪営業所）,https://www.branding-t.co.jp,〒150-0036 東京都渋谷区南平台町1,03-5457-1311,https://www.google.com/maps/place/%E3%83%96%E3%83%A9%E3%83%B3%E3%83%87%E3%82%A3%E3%83%B3%E3%82%B0%E3%83%86%E3%82%AF%E3%83%8E%E3%83%AD%E3%82%B8%E3%83%BC%E6%A0%AA%E5%BC%8F%E4%BC%9A%E7%A4%BE%EF%BC%88%E5%A4%A7%E9%98%AA%E5%96%B6%E6%A5%AD%E6%89%80%EF%BC%89/data=!4m7!3m6!1s0x6000e557284801c5:0xb9bf28c5619ad06d!8m2!3d34.7262008!4d135.5012619!16s%2Fg%2F11h1dq1220!19sChIJxQFIKFflAGARbdCaYcUov7k?authuser=0&hl=ja&rclk=1
株式会社スマイルマーケティング,https://www.smile-mk.com,大阪市 内平野町２丁目１−２ アイエスビル 4E,06-6966-2525,https://www.google.com/maps/place/%E6%A0%AA%E5%BC%8F%E4%BC%9A%E7%A4%BE%E3%82%B9%E3%83%9E%E3%82%A4%E3%83%AB%E3%83%9E%E3%83%BC%E3%82%B1%E3%83%86%E3%82%A3%E3%83%B3%E3%82%B0/data=!4m7!3m6!1s0x6000e7e6abdac277:0x700f5eee2d8f3f24!8m2!3d34.6872742!4d135.5144226!16s%2Fg%2F11h5vhthk2!19sChIJd8Laq-bnAGARJD-PLe5eD3A?authuser=0&hl=ja&rclk=1
株式会社ジャパンパシフィックマネージメント,https://jpm-marketing.jp,〒530-0001 大阪府大阪市北区梅田1,,https://www.google.com/maps/place/%E6%A0%AA%E5%BC%8F%E4%BC%9A%E7%A4%BE%E3%82%B8%E3%83%A3%E3%83%91%E3%83%B3%E3%83%91%E3%82%B7%E3%83%95%E3%82%A3%E3%83%83%E3%82%AF%E3%83%9E%E3%83%8D%E3%83%BC%E3%82%B8%E3%83%A1%E3%83%B3%E3%83%88/data=!4m7!3m6!1s0x6000e780b8c1d449:0xf9fdf79d617e06ed!8m2!3d34.7005117!4d135.4982745!16s%2Fg%2F11w7pcss6r!19sChIJSdTBuIDnAGAR7QZ-YZ33_fk?authuser=0&hl=ja&rclk=1
株式会社MERRY BEETLE,https://merrybeetle.com,〒591-8043 大阪府堺市北区北長尾町６,072-269-4677,https://www.google.com/maps/place/%E6%A0%AA%E5%BC%8F%E4%BC%9A%E7%A4%BEMERRY+BEETLE/data=!4m7!3m6!1s0x6000db8b6cba271f:0x47e1e0c67f3a423e!8m2!3d34.5756272!4d135.5048204!16s%2Fg%2F11c5bhvy55!19sChIJHye6bIvbAGARPkI6f8bg4Uc?authuser=0&hl=ja&rclk=1
プランニング&デザインNORTH.,https://north-design.jp,〒591-8033 大阪府堺市北区百舌鳥西之町 2,072-260-4471,https://www.google.com/maps/place/%E3%83%97%E3%83%A9%E3%83%B3%E3%83%8B%E3%83%B3%E3%82%B0%26%E3%83%87%E3%82%B6%E3%82%A4%E3%83%B3NORTH./data=!4m7!3m6!1s0x6000dba5a5555555:0x3ce7744b9e4bbc2e!8m2!3d34.548381!4d135.4919371!16s%2Fg%2F11jyl6d8t1!19sChIJVVVVpaXbAGARLrxLnkt05zw?authuser=0&hl=ja&rclk=1
合同会社ブランディングブレーン,https://www.branding-brain.jp/wp,神戸市 琴ノ緒町５丁目２−２ 4F 郵便受付専用 制作管理： 兵庫区大開通8丁目2-2,078-380-1237,https://www.google.com/maps/place/%E5%90%88%E5%90%8C%E4%BC%9A%E7%A4%BE%E3%83%96%E3%83%A9%E3%83%B3%E3%83%87%E3%82%A3%E3%83%B3%E3%82%B0%E3%83%96%E3%83%AC%E3%83%BC%E3%83%B3/data=!4m7!3m6!1s0x60008f7a04e8df4f:0x53d80168c389d76b!8m2!3d34.6955952!4d135.1951694!16s%2Fg%2F11f7q_nq1_!19sChIJT9_oBHqPAGARa9eJw2gB2FM?authuser=0&hl=ja&rclk=1
株式会社神戸デザインセンター,https://kobe-design.co.jp,〒650-0021 兵庫県神戸市中央区三宮町3,078-331-1933,https://www.google.com/maps/place/%E6%A0%AA%E5%BC%8F%E4%BC%9A%E7%A4%BE%E7%A5%9E%E6%88%B8%E3%83%87%E3%82%B6%E3%82%A4%E3%83%B3%E3%82%BB%E3%83%B3%E3%82%BF%E3%83%BC/data=!4m7!3m6!1s0x60008efc8a94e6ab:0x3fab41ab6dc8dfa0!8m2!3d34.6893326!4d135.1904415!16s%2Fg%2F11g6bd0t45!19sChIJq-aUivyOAGARoN_IbatBqz8?authuser=0&hl=ja&rclk=1
ブランディング・デザインPAVE,https://pave.jp,神戸市 波止場町６−８ 2F PAVE,,https://www.google.com/maps/place/%E3%83%96%E3%83%A9%E3%83%B3%E3%83%87%E3%82%A3%E3%83%B3%E3%82%B0%E3%83%BB%E3%83%87%E3%82%B6%E3%82%A4%E3%83%B3PAVE/data=!4m7!3m6!1s0x60008f7cda6dfb85:0xe57fee41d87be39!8m2!3d34.6835707!4d135.1836637!16s%2Fg%2F11q2tbspxr!19sChIJhftt2nyPAGAROb6HHeT-Vw4?authuser=0&hl=ja&rclk=1
株式会社ネクストページ,https://nxpg.net,〒104-0041 東京都中央区新富1,078-242-3307,https://www.google.com/maps/place/%E6%A0%AA%E5%BC%8F%E4%BC%9A%E7%A4%BE%E3%83%8D%E3%82%AF%E3%82%B9%E3%83%88%E3%83%9A%E3%83%BC%E3%82%B8/data=!4m7!3m6!1s0x60008ef14dfa3b53:0x5d297836cb217ba!8m2!3d34.6918375!4d135.2003182!16s%2Fg%2F11bbrlcjg4!19sChIJUzv6TfGOAGARuheybIOX0gU?authuser=0&hl=ja&rclk=1
エキストラ派遣会社 イヨクマン事務所 神戸,http://iyokuman.jp,〒657-0028 兵庫県神戸市灘区森後町1,090-9999-9615,https://www.google.com/maps/place/%E3%82%A8%E3%82%AD%E3%82%B9%E3%83%88%E3%83%A9%E6%B4%BE%E9%81%A3%E4%BC%9A%E7%A4%BE+%E3%82%A4%E3%83%A8%E3%82%AF%E3%83%9E%E3%83%B3%E4%BA%8B%E5%8B%99%E6%89%80+%E7%A5%9E%E6%88%B8/data=!4m7!3m6!1s0x60008c396a31df43:0xb34d4e76c2ea0ef0!8m2!3d34.7173732!4d135.2393318!16s%2Fg%2F12cntyzp4!19sChIJQ98xajmMAGAR8A7qwnZOTbM?authuser=0&hl=ja&rclk=1
株式会社アレッジ,https://all-e.co.jp,〒530-0001 大阪府大阪市北区梅田1,06-6342-8120,https://www.google.com/maps/place/%E6%A0%AA%E5%BC%8F%E4%BC%9A%E7%A4%BE%E3%82%A2%E3%83%AC%E3%83%83%E3%82%B8/data=!4m7!3m6!1s0x60008f783627a4db:0xca8cb2851bb0a0de!8m2!3d34.6788305!4d135.1765758!16s%2Fg%2F11h77w27jv!19sChIJ26QnNniPAGAR3qCwG4WyjMo?authuser=0&hl=ja&rclk=1
HAM株式会社,https://ham.co.jp,姫路市 久保町１２１ 播州ハム寮 １Ｆ,,https://www.google.com/maps/place/HAM%E6%A0%AA%E5%BC%8F%E4%BC%9A%E7%A4%BE/data=!4m7!3m6!1s0x3554e014b4345555:0x422289fd1d835c28!8m2!3d34.8290231!4d134.6854932!16s%2Fg%2F11df0wnhrd!19sChIJVVU0tBTgVDURKFyDHf2JIkI?authuser=0&hl=ja&rclk=1
株式会社ラフ,https://roughinc.com,〒670-0965 兵庫県姫路市東延末1,079-280-4450,https://www.google.com/maps/place/%E6%A0%AA%E5%BC%8F%E4%BC%9A%E7%A4%BE%E3%83%A9%E3%83%95/data=!4m7!3m6!1s0x3554e1f4e82b58b1:0x3eceb20b4ede9734!8m2!3d34.8235971!4d134.687707!16s%2Fg%2F11z9f4bknt!19sChIJsVgr6PThVDURNJfeTguyzj4?authuser=0&hl=ja&rclk=1
株式会社きらり✧,https://kilari.co.jp,〒671-1152 兵庫県姫路市広畑区小松町一丁目,090-5364-5609,https://www.google.com/maps/place/%E6%A0%AA%E5%BC%8F%E4%BC%9A%E7%A4%BE%E3%81%8D%E3%82%89%E3%82%8A%E2%9C%A7/data=!4m7!3m6!1s0x3554e7a33f167677:0xa1c15e42057ca341!8m2!3d34.8026897!4d134.6269882!16s%2Fg%2F11q4hwg143!19sChIJd3YWP6PnVDURQaN8BUJewaE?authuser=0&hl=ja&rclk=1
OFFICE WOOD,https://officewood.jp,奈良市 宝来１丁目２−３,050-3740-7322,https://www.google.com/maps/place/OFFICE+WOOD/data=!4m7!3m6!1s0x60013a32ddf87c2b:0xe0fb9faa1e28d0d8!8m2!3d34.6830895!4d135.7828141!16s%2Fg%2F11cs5mpkr7!19sChIJK3z43TI6AWAR2NAoHqqf--A?authuser=0&hl=ja&rclk=1
napnap design ナプナプデザイン,https://napnap-fuku.com,〒630-8141 奈良県奈良市南京終町7,090-9611-0177,https://www.google.com/maps/place/napnap+design+%E3%83%8A%E3%83%97%E3%83%8A%E3%83%97%E3%83%87%E3%82%B6%E3%82%A4%E3%83%B3/data=!4m7!3m6!1s0x60013be5dac9f981:0xfdfceee717164f2d!8m2!3d34.6649375!4d135.8250083!16s%2Fg%2F11h5rxchz_!19sChIJgfnJ2uU7AWARLU8WF-fu_P0?authuser=0&hl=ja&rclk=1
株式会社はりまぜデザイン,https://harimaze.com,〒640-8152 和歌山県和歌山市十番,073-488-2578,https://www.google.com/maps/place/%E6%A0%AA%E5%BC%8F%E4%BC%9A%E7%A4%BE%E3%81%AF%E3%82%8A%E3%81%BE%E3%81%9C%E3%83%87%E3%82%B6%E3%82%A4%E3%83%B3/data=!4m7!3m6!1s0x600749416ab619fd:0x71865b03fee6c123!8m2!3d34.2309072!4d135.1748571!16s%2Fg%2F1wcxd13q!19sChIJ_Rm2akFJB2ARI8Hm_gNbhnE?authuser=0&hl=ja&rclk=1
株式会社THB和歌山支店【採用窓口】,https://thbcoltd.jp,和歌山市 有本１１０ 森下ビルⅡ 2階,03-6912-8543,https://www.google.com/maps/place/%E6%A0%AA%E5%BC%8F%E4%BC%9A%E7%A4%BETHB%E5%92%8C%E6%AD%8C%E5%B1%B1%E6%94%AF%E5%BA%97%E3%80%90%E6%8E%A1%E7%94%A8%E7%AA%93%E5%8F%A3%E3%80%91/data=!4m7!3m6!1s0x6000b39249cc9e95:0x68fb3092b4c4465!8m2!3d34.2449961!4d135.1957836!16s%2Fg%2F11ydfh9zq8!19sChIJlZ7MSZKzAGARZURMKwmzjwY?authuser=0&hl=ja&rclk=1
"株式会社アイディーエイ 岡山本社 IDA Co., Ltd.",https://www.ida-web.com/okayama,〒700-0973 岡山県岡山市北区下中野5,086-244-1661,"https://www.google.com/maps/place/%E6%A0%AA%E5%BC%8F%E4%BC%9A%E7%A4%BE%E3%82%A2%E3%82%A4%E3%83%87%E3%82%A3%E3%83%BC%E3%82%A8%E3%82%A4+%E5%B2%A1%E5%B1%B1%E6%9C%AC%E7%A4%BE+IDA+Co.,+Ltd./data=!4m7!3m6!1s0x3554077936b6fe5d:0x3aa0beebef66099b!8m2!3d34.6390903!4d133.9022641!16s%2Fg%2F1tfrprfr!19sChIJXf62NnkHVDURmwlm7-u-oDo?authuser=0&hl=ja&rclk=1"
株式会社アジェクティヴ,https://adjective.jp,岡山市 中山下１丁目２−１２ 桃太郎大通りビル 502,,https://www.google.com/maps/place/%E6%A0%AA%E5%BC%8F%E4%BC%9A%E7%A4%BE%E3%82%A2%E3%82%B8%E3%82%A7%E3%82%AF%E3%83%86%E3%82%A3%E3%83%B4/data=!4m7!3m6!1s0x355406371e5ec0ad:0x5be7fc563b70a3b2!8m2!3d34.6652889!4d133.9279961!16s%2Fg%2F11d_72yf9b!19sChIJrcBeHjcGVDURsqNwO1b851s?authuser=0&hl=ja&rclk=1
株式会社クルネ,https://www.qulne.co.jp,岡山市 新保２９７−９,,https://www.google.com/maps/place/%28%E6%A0%AA%29%E3%82%AF%E3%83%AB%E3%83%8D/data=!4m7!3m6!1s0x3554077f2c136ae5:0x91f02ad11fd5af9c!8m2!3d34.6358553!4d133.9126862!16s%2Fg%2F1vntgqvz!19sChIJ5WoTLH8HVDURnK_VH9Eq8JE?authuser=0&hl=ja&rclk=1
株式会社 御来屋デザイン事務所,https://www.mikuriya-design.co.jp,〒700-0071 岡山県岡山市北区 phone : 0,086-251-6311,https://www.google.com/maps/place/%E6%A0%AA%E5%BC%8F%E4%BC%9A%E7%A4%BE+%E5%BE%A1%E6%9D%A5%E5%B1%8B%E3%83%87%E3%82%B6%E3%82%A4%E3%83%B3%E4%BA%8B%E5%8B%99%E6%89%80/data=!4m7!3m6!1s0x355406fb1e761f09:0xc09cd7196fab7226!8m2!3d34.678872!4d133.8974407!16s%2Fg%2F1tdg10tw!19sChIJCR92HvsGVDURJnKrbxnXnMA?authuser=0&hl=ja&rclk=1
株式会社Another Field,https://slinc.jp,岡山市 内山下１丁目１２−１２番７号 廣瀬ヴィルヌーブ ２Ｆ,,https://www.google.com/maps/place/%28%E6%A0%AA%29Another+Field/data=!4m7!3m6!1s0x355407fcaf7cdca3:0x1960783ae8753cd8!8m2!3d34.660404!4d133.9311696!16s%2Fg%2F11j_5vwksm!19sChIJo9x8r_wHVDUR2Dx16Dp4YBk?authuser=0&hl=ja&rclk=1
有限会社エヌティ・クリエイト,https://ntcreate.co.jp,〒700-0821 岡山県岡山市北区中山下1,086-238-9786,https://www.google.com/maps/place/%EF%BC%88%E6%9C%89%EF%BC%89%E3%82%A8%E3%83%8C%E3%83%86%E3%82%A3%E3%83%BB%E3%82%AF%E3%83%AA%E3%82%A8%E3%82%A4%E3%83%88/data=!4m7!3m6!1s0x355406371d79667b:0x4df013abae2acc82!8m2!3d34.6653291!4d133.9277314!16s%2Fg%2F11b6j0p41b!19sChIJe2Z5HTcGVDURgswqrqsT8E0?authuser=0&hl=ja&rclk=1
DCX株式会社,https://dcx.jp.net,岡山市 久米２２２−７ ガウディビル 303号室,050-8887-2560,https://www.google.com/maps/place/DCX%28%E6%A0%AA%29/data=!4m7!3m6!1s0x3553f96d72e6a2d3:0x37c6c9446653c0cb!8m2!3d34.6471438!4d133.8733499!16s%2Fg%2F11vf8b26t2!19sChIJ06Lmcm35UzURy8BTZkTJxjc?authuser=0&hl=ja&rclk=1
日本デザイン株式会社 本社,http://www.nihondesign.co.jp,〒710-0046 岡山県倉敷市中央２,086-423-0004,https://www.google.com/maps/place/%E6%97%A5%E6%9C%AC%E3%83%87%E3%82%B6%E3%82%A4%E3%83%B3%28%E6%A0%AA%29+%E6%9C%AC%E7%A4%BE/data=!4m7!3m6!1s0x355156407d0e70b9:0xa3e9176506853c36!8m2!3d34.5944505!4d133.7684551!16s%2Fg%2F1hf04qkdz!19sChIJuXAOfUBWUTURNjyFBmUX6aM?authuser=0&hl=ja&rclk=1
株式会社alank,https://alank.jp,〒713-8121 岡山県倉敷市 玉島乙島6,080-3606-9203,https://www.google.com/maps/place/%E6%A0%AA%E5%BC%8F%E4%BC%9A%E7%A4%BEalank/data=!4m7!3m6!1s0x2ec7d7c6dbcfc9d9:0x9e7bd15e498e8b48!8m2!3d34.5496616!4d133.6938186!16s%2Fg%2F11sj67dgj_!19sChIJ2cnP28bXxy4RSIuOSV7Re54?authuser=0&hl=ja&rclk=1
e-仕事のサンテク 倉敷,https://www.e-santech.jp,〒721-0973 広島県福山市南蔵王町4,0120-939-992,https://www.google.com/maps/place/e-%E4%BB%95%E4%BA%8B%E3%81%AE%E3%82%B5%E3%83%B3%E3%83%86%E3%82%AF+%E5%80%89%E6%95%B7/data=!4m7!3m6!1s0x355157b770a233c9:0xb37ee3560c7c7bb8!8m2!3d34.5507795!4d133.7392234!16s%2Fg%2F1tcxmh3f!19sChIJyTOicLdXUTURuHt8DFbjfrM?authuser=0&hl=ja&rclk=1
キズナデザイン株式会社,https://kizuna-design.com,〒730-0053 広島県広島市中区東千田町1,,https://www.google.com/maps/place/%E3%82%AD%E3%82%BA%E3%83%8A%E3%83%87%E3%82%B6%E3%82%A4%E3%83%B3%E6%A0%AA%E5%BC%8F%E4%BC%9A%E7%A4%BE/data=!4m7!3m6!1s0x355aa3b653bdec59:0x34d7ecfbf460ac44!8m2!3d34.3812119!4d132.4582283!16s%2Fg%2F11qg5q_4h1!19sChIJWey9U7ajWjURRKxg9Pvs1zQ?authuser=0&hl=ja&rclk=1
kirin inc.,https://www.kirin1.com,広島市 東白島町１８−１３ 東白島ビル 201,082-836-7693,https://www.google.com/maps/place/kirin+inc./data=!4m7!3m6!1s0x355a99bc8cc16c71:0xee21d4779ab5c5a6!8m2!3d34.4037582!4d132.4659554!16s%2Fg%2F11t4nd144f!19sChIJcWzBjLyZWjURpsW1mnfUIe4?authuser=0&hl=ja&rclk=1
株式会社 アンツデザイン,https://www.ants-d.com,〒732-0828 広島県広島市南区京橋町9,082-569-6588,https://www.google.com/maps/place/%E6%A0%AA%E5%BC%8F%E4%BC%9A%E7%A4%BE+%E3%82%A2%E3%83%B3%E3%83%84%E3%83%87%E3%82%B6%E3%82%A4%E3%83%B3/data=!4m7!3m6!1s0x355aa2000a6fd69f:0x6bfd362546ca75f2!8m2!3d34.3940984!4d132.4714438!16s%2Fg%2F11f130gz5d!19sChIJn9ZvCgCiWjUR8nXKRiU2_Ws?authuser=0&hl=ja&rclk=1
アーツェット有限会社,https://azco.jp,〒721-0964 広島県福山市港町2,084-999-5300,https://www.google.com/maps/place/%E3%82%A2%E3%83%BC%E3%83%84%E3%82%A7%E3%83%83%E3%83%88%E6%9C%89%E9%99%90%E4%BC%9A%E7%A4%BE/data=!4m7!3m6!1s0x355111121b9d59f1:0x2a5ee941b9a8c86d!8m2!3d34.4829613!4d133.3822235!16s%2Fg%2F1tm66rjb!19sChIJ8VmdGxIRUTURbciouUHpXio?authuser=0&hl=ja&rclk=1
アールコンサルティング株式会社,https://r-consul.co.jp,〒754-0011 山口県山口市小郡御幸町4,080-1131-0857,https://www.google.com/maps/place/%E3%82%A2%E3%83%BC%E3%83%AB%E3%82%B3%E3%83%B3%E3%82%B5%E3%83%AB%E3%83%86%E3%82%A3%E3%83%B3%E3%82%B0%EF%BC%88%E6%A0%AA%EF%BC%89/data=!4m7!3m6!1s0x354484df1e79b94d:0x93cc23f4016d9bee!8m2!3d34.0935554!4d131.3985743!16s%2Fg%2F11c1vqk4z5!19sChIJTbl5Ht-ERDUR7pttAfQjzJM?authuser=0&hl=ja&rclk=1
サンブランディング株式会社,https://www.sunbranding.co.jp,〒754-1277 山口県山口市阿知須4,0836-65-2728,https://www.google.com/maps/place/%E3%82%B5%E3%83%B3%E3%83%96%E3%83%A9%E3%83%B3%E3%83%87%E3%82%A3%E3%83%B3%E3%82%B0%E6%A0%AA%E5%BC%8F%E4%BC%9A%E7%A4%BE/data=!4m7!3m6!1s0x354480efffffffff:0x4b2bb4f1a65be5a3!8m2!3d34.0090728!4d131.3530282!16s%2Fg%2F11fl9m52jh!19sChIJ_____--ARDURo-VbpvG0K0s?authuser=0&hl=ja&rclk=1
株式会社リージョナルマネジメント 山口支社,https://www.tmr-inc.jp,〒750-0025 山口県下関市竹崎町4,083-227-4404,https://www.google.com/maps/place/%E6%A0%AA%E5%BC%8F%E4%BC%9A%E7%A4%BE%E3%83%AA%E3%83%BC%E3%82%B8%E3%83%A7%E3%83%8A%E3%83%AB%E3%83%9E%E3%83%8D%E3%82%B8%E3%83%A1%E3%83%B3%E3%83%88+%E5%B1%B1%E5%8F%A3%E6%94%AF%E7%A4%BE/data=!4m7!3m6!1s0x354484df0908b823:0x7e7ba8879279e807!8m2!3d34.0947189!4d131.3950241!16s%2Fg%2F11c0vxffk1!19sChIJI7gICd-ERDURB-h5koeoe34?authuser=0&hl=ja&rclk=1
ApaRTment LAB.,https://apartmentlab.com,〒751-0883 山口県下関市大字田倉6,080-9139-4196,https://www.google.com/maps/place/ApaRTment+LAB./data=!4m7!3m6!1s0x35439842d61ec13f:0xfbdbc311db134cec!8m2!3d34.0136911!4d130.9660582!16s%2Fg%2F1z44b1qbn!19sChIJP8Ee1kKYQzUR7EwT2xHD2_s?authuser=0&hl=ja&rclk=1
株式会社 パッケージ松浦,https://p-matsuura.co.jp,〒771-4261 徳島県徳島市丈六町山端 1,088-645-1000,https://www.google.com/maps/place/%E6%A0%AA%E5%BC%8F%E4%BC%9A%E7%A4%BE+%E3%83%91%E3%83%83%E3%82%B1%E3%83%BC%E3%82%B8%E6%9D%BE%E6%B5%A6/data=!4m7!3m6!1s0x35530d899b065cf5:0x8aa0c2e09db67e0c!8m2!3d34.0064396!4d134.5481442!16s%2Fg%2F1tfb4c_3!19sChIJ9VwGm4kNUzURDH62neDCoIo?authuser=0&hl=ja&rclk=1
合同会社コンフィデンス,https://confidence-llc.jp,〒760-0052 香川県高松市瓦町2,087-833-3887,https://www.google.com/maps/place/%E5%90%88%E5%90%8C%E4%BC%9A%E7%A4%BE%E3%82%B3%E3%83%B3%E3%83%95%E3%82%A3%E3%83%87%E3%83%B3%E3%82%B9/data=!4m7!3m6!1s0x3553eb6963e8b4d1:0x5efba2639703837e!8m2!3d34.3398915!4d134.0506567!16s%2Fg%2F11x6hkdyxq!19sChIJ0bToY2nrUzURfoMDl2Oi-14?authuser=0&hl=ja&rclk=1
合同会社くまでんディレクション＆デザイン,https://www.kumaden-dd.com,高松市 高松町１８１３−５,087-813-7962,https://www.google.com/maps/place/%E5%90%88%E5%90%8C%E4%BC%9A%E7%A4%BE%E3%81%8F%E3%81%BE%E3%81%A7%E3%82%93%E3%83%87%E3%82%A3%E3%83%AC%E3%82%AF%E3%82%B7%E3%83%A7%E3%83%B3%EF%BC%86%E3%83%87%E3%82%B6%E3%82%A4%E3%83%B3/data=!4m7!3m6!1s0x355393e9815986b3:0x1c293dda3f933dde!8m2!3d34.3366639!4d134.1128824!16s%2Fg%2F11mt40smj5!19sChIJs4ZZgemTUzUR3j2TP9o9KRw?authuser=0&hl=ja&rclk=1
株式会社アルファ,https://alpha087.com,〒760-0017 香川県高松市番,087-887-4555,https://www.google.com/maps/place/%E6%A0%AA%E5%BC%8F%E4%BC%9A%E7%A4%BE%E3%82%A2%E3%83%AB%E3%83%95%E3%82%A1/data=!4m7!3m6!1s0x3553eb8e5df8577f:0x6ea3b03482c9fa64!8m2!3d34.3411839!4d134.0406531!16s%2Fg%2F1tdy6w_6!19sChIJf1f4XY7rUzURZPrJgjSwo24?authuser=0&hl=ja&rclk=1
猪子デザイン研究室,https://www.inoko-design.com,〒760-0005 香川県高松市宮脇町1,087-861-4539,https://www.google.com/maps/place/%E7%8C%AA%E5%AD%90%E3%83%87%E3%82%B6%E3%82%A4%E3%83%B3%E7%A0%94%E7%A9%B6%E5%AE%A4/data=!4m7!3m6!1s0x3553ebc19b08ca23:0x5799ef2b46b1356a!8m2!3d34.3396077!4d134.0349643!16s%2Fg%2F1v3gpr4s!19sChIJI8oIm8HrUzURajWxRivvmVc?authuser=0&hl=ja&rclk=1
つながるネット株式会社,https://www.tsunagarunet.info/contact,〒760-0008 香川県高松市中野町2,087-805-5011,https://www.google.com/maps/place/%E3%81%A4%E3%81%AA%E3%81%8C%E3%82%8B%E3%83%8D%E3%83%83%E3%83%88%E6%A0%AA%E5%BC%8F%E4%BC%9A%E7%A4%BE/data=!4m7!3m6!1s0x3553e9fc39f60797:0x15ed1973aeb88b79!8m2!3d34.3331932!4d134.0461543!16s%2Fg%2F11h5dm_dnw!19sChIJlwf2OfzpUzUReYu4rnMZ7RU?authuser=0&hl=ja&rclk=1
"Dots.株式会社（Dots.Co.,Ltd）",https://dotsglobal.co.jp,〒791-1104 愛媛県松山市北土居5,080-9512-0246,"https://www.google.com/maps/place/Dots.%E6%A0%AA%E5%BC%8F%E4%BC%9A%E7%A4%BE%EF%BC%88Dots.Co.,Ltd%EF%BC%89/data=!4m7!3m6!1s0x354fef3c7d269295:0x32466b1af35ad189!8m2!3d33.7933651!4d132.7917847!16s%2Fg%2F11ld51b60p!19sChIJlZImfTzvTzURidFa8xprRjI?authuser=0&hl=ja&rclk=1"
ＢＩＮデザインオフィス有限会社,https://www.b-forest.co.jp,〒791-8025 愛媛県松山市衣山3,089-924-8218,https://www.google.com/maps/place/%EF%BC%A2%EF%BC%A9%EF%BC%AE%E3%83%87%E3%82%B6%E3%82%A4%E3%83%B3%E3%82%AA%E3%83%95%E3%82%A3%E3%82%B9%EF%BC%88%E6%9C%89%EF%BC%89/data=!4m7!3m6!1s0x354fe570994b0feb:0xc94ee81f263d4d75!8m2!3d33.8506884!4d132.7403822!16s%2Fg%2F1vq9k2jd!19sChIJ6w9LmXDlTzURdU09Jh_oTsk?authuser=0&hl=ja&rclk=1
MURATAデザイン事務所,https://muratahironari.com,〒150-0002 東京都渋谷区渋谷2,,https://www.google.com/maps/place/MURATA%E3%83%87%E3%82%B6%E3%82%A4%E3%83%B3%E4%BA%8B%E5%8B%99%E6%89%80/data=!4m7!3m6!1s0x354ff3556391e143:0xc5af71c698c15409!8m2!3d33.8366741!4d132.7652111!16s%2Fg%2F11sbmwb6xk!19sChIJQ-GRY1XzTzURCVTBmMZxr8U?authuser=0&hl=ja&rclk=1
株式会社and.,https://www.and-all.jp,高知市 上町２丁目２−１１,088-855-8530,https://www.google.com/maps/place/%E6%A0%AA%E5%BC%8F%E4%BC%9A%E7%A4%BEand./data=!4m7!3m6!1s0x354e19202501d639:0xac3601bb4f6118d1!8m2!3d33.557573!4d133.5238943!16s%2Fg%2F1tgnv09y!19sChIJOdYBJSAZTjUR0RhhT7sBNqw?authuser=0&hl=ja&rclk=1
㈱アクシスプラン,https://axisplan.jp,〒780-0862 高知県高知市鷹匠町1,088-821-6501,https://www.google.com/maps/place/%E3%88%B1%E3%82%A2%E3%82%AF%E3%82%B7%E3%82%B9%E3%83%97%E3%83%A9%E3%83%B3/data=!4m7!3m6!1s0x354e193ce38995e1:0x9ee0687da6cf946d!8m2!3d33.5555891!4d133.533504!16s%2Fg%2F11g4jrw8rh!19sChIJ4ZWJ4zwZTjURbZTPpn1o4J4?authuser=0&hl=ja&rclk=1
株式会社 コンテンツクリエイト博多,https://contentscreate.net,〒812-0038 福岡県福岡市博多区祇園町8,,https://www.google.com/maps/place/%E6%A0%AA%E5%BC%8F%E4%BC%9A%E7%A4%BE+%E3%82%B3%E3%83%B3%E3%83%86%E3%83%B3%E3%83%84%E3%82%AF%E3%83%AA%E3%82%A8%E3%82%A4%E3%83%88%E5%8D%9A%E5%A4%9A/data=!4m7!3m6!1s0x354191bfc6315555:0xa9a4a81747d211f7!8m2!3d33.5908425!4d130.4119716!16s%2Fg%2F11rn2jbkns!19sChIJVVUxxr-RQTUR9xHSRxeopKk?authuser=0&hl=ja&rclk=1
ビジネスコンテンツ株式会社,https://bizicon.co.jp,〒810-0001 福岡県福岡市中央区天神2,,https://www.google.com/maps/place/%E3%83%93%E3%82%B8%E3%83%8D%E3%82%B9%E3%82%B3%E3%83%B3%E3%83%86%E3%83%B3%E3%83%84%E6%A0%AA%E5%BC%8F%E4%BC%9A%E7%A4%BE/data=!4m7!3m6!1s0x35419109ca81e62d:0x19ff049ad414701d!8m2!3d33.5872705!4d130.3994289!16s%2Fg%2F11ghs3rcnv!19sChIJLeaBygmRQTURHXAU1JoE_xk?authuser=0&hl=ja&rclk=1
株式会社コメット,https://www.comet-ad.com,"福岡市 天神２丁目２−１２ Tenjin T&J Bldg, 7F",,https://www.google.com/maps/place/%E6%A0%AA%E5%BC%8F%E4%BC%9A%E7%A4%BE%E3%82%B3%E3%83%A1%E3%83%83%E3%83%88/data=!4m7!3m6!1s0x3543c7dd5e156e33:0x7127749d85827957!8m2!3d33.5872705!4d130.3994289!16s%2Fg%2F11r3v9c62t!19sChIJM24VXt3HQzURV3mChZ10J3E?authuser=0&hl=ja&rclk=1
ブランコ株式会社,https://bulan.co,〒150-0034 東京都渋谷区代官山町9,03-6675-3824,https://www.google.com/maps/place/%E3%83%96%E3%83%A9%E3%83%B3%E3%82%B3%E6%A0%AA%E5%BC%8F%E4%BC%9A%E7%A4%BE/data=!4m7!3m6!1s0x3541919881e7758d:0x9037009c03017605!8m2!3d33.59154!4d130.4036527!16s%2Fg%2F1v8y1twy!19sChIJjXXngZiRQTURBXYBA5wAN5A?authuser=0&hl=ja&rclk=1
カジワラブランディング株式会社,https://kajigra.com,福岡市 谷２丁目２−１３,092-791-5232,https://www.google.com/maps/place/%E3%82%AB%E3%82%B8%E3%83%AF%E3%83%A9%E3%83%96%E3%83%A9%E3%83%B3%E3%83%87%E3%82%A3%E3%83%B3%E3%82%B0%E6%A0%AA%E5%BC%8F%E4%BC%9A%E7%A4%BE/data=!4m7!3m6!1s0x3541917f5fc72bbd:0x9b51429f1176ca22!8m2!3d33.5742242!4d130.3840584!16s%2Fg%2F11qmq_dvkb!19sChIJvSvHX3-RQTURIsp2EZ9CUZs?authuser=0&hl=ja&rclk=1
株式会社スタジオグラム,https://studiogram.jp,〒812-0025 福岡県福岡市博多区店屋町4,,https://www.google.com/maps/place/%E6%A0%AA%E5%BC%8F%E4%BC%9A%E7%A4%BE%E3%82%B9%E3%82%BF%E3%82%B8%E3%82%AA%E3%82%B0%E3%83%A9%E3%83%A0/data=!4m7!3m6!1s0x354191d9e667d6b1:0xf09daa0627d29308!8m2!3d33.5948808!4d130.4097022!16s%2Fg%2F11ggrqjjqq!19sChIJsdZn5tmRQTURCJPSJwaqnfA?authuser=0&hl=ja&rclk=1
グランリッジ株式会社,https://granridge.co.jp,福岡市 天神２丁目３−１０ 天神パインクレスト,,https://www.google.com/maps/place/%E3%82%B0%E3%83%A9%E3%83%B3%E3%83%AA%E3%83%83%E3%82%B8%E6%A0%AA%E5%BC%8F%E4%BC%9A%E7%A4%BE/data=!4m7!3m6!1s0x354191d5e734bf19:0x97fc103f172d1bd!8m2!3d33.5868968!4d130.3980948!16s%2Fg%2F11fn6kt3kc!19sChIJGb8059WRQTURvdFy8QPBfwk?authuser=0&hl=ja&rclk=1
株式会社プライムブランディングデザイン,https://www.prime-brandingdesign.co.jp,〒810-0801 福岡県福岡市博多区中洲4,092-409-9930,https://www.google.com/maps/place/%E6%A0%AA%E5%BC%8F%E4%BC%9A%E7%A4%BE%E3%83%97%E3%83%A9%E3%82%A4%E3%83%A0%E3%83%96%E3%83%A9%E3%83%B3%E3%83%87%E3%82%A3%E3%83%B3%E3%82%B0%E3%83%87%E3%82%B6%E3%82%A4%E3%83%B3/data=!4m7!3m6!1s0x354191b7dac55555:0x6404a3fbf65ca37!8m2!3d33.5929539!4d130.4048644!16s%2Fg%2F11tbz4ns2d!19sChIJVVXF2reRQTURN8plvz9KQAY?authuser=0&hl=ja&rclk=1
福岡の越境EC支援会社｜株式会社マルコネクト,https://mul-connect.com,福岡市 大名２丁目６−１１ Fukuoka Growth Next,,https://www.google.com/maps/place/%E7%A6%8F%E5%B2%A1%E3%81%AE%E8%B6%8A%E5%A2%83EC%E6%94%AF%E6%8F%B4%E4%BC%9A%E7%A4%BE%EF%BD%9C%E6%A0%AA%E5%BC%8F%E4%BC%9A%E7%A4%BE%E3%83%9E%E3%83%AB%E3%82%B3%E3%83%8D%E3%82%AF%E3%83%88/data=!4m7!3m6!1s0x354191657021b4b9:0xe0a2d6509585efa!8m2!3d33.5891616!4d130.3953071!16s%2Fg%2F11fqc8x4fb!19sChIJubQhcGWRQTUR-l5YCWUtCg4?authuser=0&hl=ja&rclk=1
株式会社タグボートデザイン,http://tugboat-design.jp,北九州市 浅野２丁目１２−８,092-401-0555,https://www.google.com/maps/place/%28%E6%A0%AA%29%E3%82%BF%E3%82%B0%E3%83%9C%E3%83%BC%E3%83%88%E3%83%87%E3%82%B6%E3%82%A4%E3%83%B3/data=!4m7!3m6!1s0x3543bf4bbc8c1fe3:0x91ac963c99cf3147!8m2!3d33.8885983!4d130.8818673!16s%2Fg%2F1pp2vd47j!19sChIJ4x-MvEu_QzURRzHPmTyWrJE?authuser=0&hl=ja&rclk=1
株式会社ヒューマン・クリエイト 北九州オフィス,https://human100.co.jp,〒812-0011 福岡県福岡市博多区博多駅前2,092-452-4488,https://www.google.com/maps/place/%E6%A0%AA%E5%BC%8F%E4%BC%9A%E7%A4%BE%E3%83%92%E3%83%A5%E3%83%BC%E3%83%9E%E3%83%B3%E3%83%BB%E3%82%AF%E3%83%AA%E3%82%A8%E3%82%A4%E3%83%88+%E5%8C%97%E4%B9%9D%E5%B7%9E%E3%82%AA%E3%83%95%E3%82%A3%E3%82%B9/data=!4m7!3m6!1s0x3543b9912a82bb9f:0x30653b6245d7b662!8m2!3d33.8871127!4d130.87383!16s%2Fg%2F11v0mv4krm!19sChIJn7uCKpG5QzURYrbXRWI7ZTA?authuser=0&hl=ja&rclk=1
ウィンズゲート,https://winsgate.net,〒852-8134 長崎県長崎市大橋町3,095-843-8150,https://www.google.com/maps/place/%E3%82%A6%E3%82%A3%E3%83%B3%E3%82%BA%E3%82%B2%E3%83%BC%E3%83%88/data=!4m7!3m6!1s0x356aacd97531371d:0xe30a9dee7b972dba!8m2!3d32.7796628!4d129.8617977!16s%2Fg%2F11fj6s1lr2!19sChIJHTcxddmsajURui2Xe-6dCuM?authuser=0&hl=ja&rclk=1
株式会社読売西部アイエス 佐世保営業所,https://yomiuri-seibuis.com,佐世保市 白岳町１６６−１１ 秋月ビル ２０２,092-722-4025,https://www.google.com/maps/place/%28%E6%A0%AA%29%E8%AA%AD%E5%A3%B2%E8%A5%BF%E9%83%A8%E3%82%A2%E3%82%A4%E3%82%A8%E3%82%B9+%E4%BD%90%E4%B8%96%E4%BF%9D%E5%96%B6%E6%A5%AD%E6%89%80/data=!4m7!3m6!1s0x356a96fb59a3dbf7:0x4de2076b6652ea02!8m2!3d33.1557876!4d129.7522035!16s%2Fg%2F1vxz7ht8!19sChIJ99ujWfuWajURAupSZmsH4k0?authuser=0&hl=ja&rclk=1
株式会社メイク・センス,https://www.makesense.jp,〒870-0043 大分県大分市中島東1,097-538-8889,https://www.google.com/maps/place/%E6%A0%AA%E5%BC%8F%E4%BC%9A%E7%A4%BE%E3%83%A1%E3%82%A4%E3%82%AF%E3%83%BB%E3%82%BB%E3%83%B3%E3%82%B9/data=!4m7!3m6!1s0x35469f9ddcc010db:0x6806ba4e5707b706!8m2!3d33.2432331!4d131.6156693!16s%2Fg%2F11gjx52tf2!19sChIJ2xDA3J2fRjURBrcHV066Bmg?authuser=0&hl=ja&rclk=1
ユーンデ（unid）株式会社,https://unidrusu.com,大分市 大字 生石231-1,,https://www.google.com/maps/place/%E3%83%A6%E3%83%BC%E3%83%B3%E3%83%87%EF%BC%88unid%EF%BC%89%E6%A0%AA%E5%BC%8F%E4%BC%9A%E7%A4%BE/data=!4m7!3m6!1s0x3546a193afbeb827:0x7c0e0871dcb776c3!8m2!3d33.2450978!4d131.5821652!16s%2Fg%2F11h0_68svc!19sChIJJ7i-r5OhRjURw3a33HEIDnw?authuser=0&hl=ja&rclk=1
株式会社TMH,https://www.tmh-inc.co.jp,〒870-0952 大分県大分市下郡北3,097-576-7666,https://www.google.com/maps/place/%E6%A0%AA%E5%BC%8F%E4%BC%9A%E7%A4%BETMH/data=!4m7!3m6!1s0x35469f05aebeaaab:0x878a0cfe418bccf3!8m2!3d33.2281391!4d131.6332403!16s%2Fg%2F11cn74v3tv!19sChIJq6q-rgWfRjUR88yLQf4Mioc?authuser=0&hl=ja&rclk=1
Indigo Inc.,https://indigoinc.jp,〒880-0056 宮崎県宮崎市神宮東2,0985-71-4795,https://www.google.com/maps/place/Indigo+Inc./data=!4m7!3m6!1s0x3538b70e97af5191:0x9603a8bb8396469a!8m2!3d31.9367487!4d131.4292945!16s%2Fg%2F11j1sf34rr!19sChIJkVGvlw63ODURmkaWg7uoA5Y?authuser=0&hl=ja&rclk=1
株式会社アピール,https://appeal-ad.com,〒890-0045 鹿児島県鹿児島市武１,099-222-2846,https://www.google.com/maps/place/%E6%A0%AA%E5%BC%8F%E4%BC%9A%E7%A4%BE%E3%82%A2%E3%83%94%E3%83%BC%E3%83%AB/data=!4m7!3m6!1s0x353e5e0683dd463d:0x675f60265780692!8m2!3d31.5832468!4d130.5407764!16s%2Fg%2F1ptwg5zjf!19sChIJPUbdgwZePjURkgZ4ZQL2dQY?authuser=0&hl=ja&rclk=1
株式会社バウ・コミュニケーションズ 鹿児島営業所,https://bau-com.co.jp,〒101-0031 東京都千代田区東神田2,06-6446-1700,https://www.google.com/maps/place/%EF%BC%88%E6%A0%AA%EF%BC%89%E3%83%90%E3%82%A6%E3%83%BB%E3%82%B3%E3%83%9F%E3%83%A5%E3%83%8B%E3%82%B1%E3%83%BC%E3%82%B7%E3%83%A7%E3%83%B3%E3%82%BA+%E9%B9%BF%E5%85%90%E5%B3%B6%E5%96%B6%E6%A5%AD%E6%89%80/data=!4m7!3m6!1s0x353e6751a66681c5:0x8aaf8783fe988fbf!8m2!3d31.5868889!4d130.5465279!16s%2Fg%2F11ckvw0tl0!19sChIJxYFmplFnPjURv4-Y_oOHr4o?authuser=0&hl=ja&rclk=1
株式会社カフーブランディング,https://kafuu-branding.com,〒900-0015 沖縄県那覇市久茂地１,098-882-5208,https://www.google.com/maps/place/%E6%A0%AA%E5%BC%8F%E4%BC%9A%E7%A4%BE%E3%82%AB%E3%83%95%E3%83%BC%E3%83%96%E3%83%A9%E3%83%B3%E3%83%87%E3%82%A3%E3%83%B3%E3%82%B0/data=!4m7!3m6!1s0x34e569aa6d0fce83:0xaf282886efd035bb!8m2!3d26.2138009!4d127.6793009!16s%2Fg%2F11gy0g0tvg!19sChIJg84Pbapp5TQRuzXQ74YoKK8?authuser=0&hl=ja&rclk=1
株式会社ブライネス,https://braines.jp,〒900-0003 沖縄県那覇市安謝2,098-988-0210,https://www.google.com/maps/place/%E6%A0%AA%E5%BC%8F%E4%BC%9A%E7%A4%BE%E3%83%96%E3%83%A9%E3%82%A4%E3%83%8D%E3%82%B9/data=!4m7!3m6!1s0x34e56ba125f2ce4b:0xa5f704b8cd50baf4!8m2!3d26.2344345!4d127.6916369!16s%2Fg%2F11fpjnhq2n!19sChIJS87yJaFr5TQR9LpQzbgE96U?authuser=0&hl=ja&rclk=1
㈱コンセプション 空間デザインファーム∞パートナーズ,https://conception.zone,〒900-0003 沖縄県那覇市安謝1,098-868-8682,https://www.google.com/maps/place/%E3%88%B1%E3%82%B3%E3%83%B3%E3%82%BB%E3%83%97%E3%82%B7%E3%83%A7%E3%83%B3+%E7%A9%BA%E9%96%93%E3%83%87%E3%82%B6%E3%82%A4%E3%83%B3%E3%83%95%E3%82%A1%E3%83%BC%E3%83%A0%E2%88%9E%E3%83%91%E3%83%BC%E3%83%88%E3%83%8A%E3%83%BC%E3%82%BA/data=!4m7!3m6!1s0x34e56bc4256ff1b7:0xe52eb94b88e9d467!8m2!3d26.2375579!4d127.6952311!16s%2Fg%2F11cn322mtj!19sChIJt_FvJcRr5TQRZ9TpiEu5LuU?authuser=0&hl=ja&rclk=1
合同会社まとばクリエイト｜デザイン・マーケティング支援,https://matobacreate.com,那覇市 銘苅２１１−１ ユーカリ那覇 208,070-1427-2487,https://www.google.com/maps/place/%E5%90%88%E5%90%8C%E4%BC%9A%E7%A4%BE%E3%81%BE%E3%81%A8%E3%81%B0%E3%82%AF%E3%83%AA%E3%82%A8%E3%82%A4%E3%83%88%EF%BD%9C%E3%83%87%E3%82%B6%E3%82%A4%E3%83%B3%E3%83%BB%E3%83%9E%E3%83%BC%E3%82%B1%E3%83%86%E3%82%A3%E3%83%B3%E3%82%B0%E6%94%AF%E6%8F%B4/data=!4m7!3m6!1s0x34e56bc5b21aaaab:0xa21fd2fe5d27e975!8m2!3d26.2369117!4d127.7004947!16s%2Fg%2F11f1478l74!19sChIJq6oassVr5TQRdeknXf7SH6I?authuser=0&hl=ja&rclk=1
㈱えんれいしゃ,https://www.enleysha.co.jp,札幌市 北１条西２丁目１ 9F,011-223-3515,https://www.google.com/maps/place/%E3%88%B1%E3%81%88%E3%82%93%E3%82%8C%E3%81%84%E3%81%97%E3%82%83/data=!4m7!3m6!1s0x5f0b2983b9fe14d3:0xa65a4ccf0b6b701a!8m2!3d43.0631121!4d141.3534879!16s%2Fg%2F1tdkm08l!19sChIJ0xT-uYMpC18RGnBrC89MWqY?authuser=0&hl=ja&rclk=1
PMC㈱,http://pmc-h.jp,札幌市 北３条西２丁目２−１ Nx札幌ビル 8F,011-200-2805,https://www.google.com/maps/place/PMC%E3%88%B1/data=!4m7!3m6!1s0x5f0b2975c65be381:0x9b3ac23d9fa6841f!8m2!3d43.0656034!4d141.3534334!16s%2Fg%2F1tfzgkcd!19sChIJgeNbxnUpC18RH4Smnz3COps?authuser=0&hl=ja&rclk=1
エーザイ㈱ 札幌コミュニケーションオフィス,https://www.eisai.co.jp/index.html,札幌市 北３条西４丁目１−１ 日本生命札幌ビル 13F,,https://www.google.com/maps/place/%E3%82%A8%E3%83%BC%E3%82%B6%E3%82%A4%E3%88%B1+%E6%9C%AD%E5%B9%8C%E3%82%B3%E3%83%9F%E3%83%A5%E3%83%8B%E3%82%B1%E3%83%BC%E3%82%B7%E3%83%A7%E3%83%B3%E3%82%AA%E3%83%95%E3%82%A3%E3%82%B9/data=!4m7!3m6!1s0x5f0b299e213897af:0x1882da51a57e2e0c!8m2!3d43.0650314!4d141.3499099!16s%2Fg%2F11c136dgky!19sChIJr5c4IZ4pC18RDC5-pVHaghg?authuser=0&hl=ja&rclk=1
㈱リージョナルマーケティング,https://regionalmarketing.co.jp,札幌市 北８条東４丁目１−２０ サツドラホールディングス株式会社本社 2階,,https://www.google.com/maps/place/%E3%88%B1%E3%83%AA%E3%83%BC%E3%82%B8%E3%83%A7%E3%83%8A%E3%83%AB%E3%83%9E%E3%83%BC%E3%82%B1%E3%83%86%E3%82%A3%E3%83%B3%E3%82%B0/data=!4m7!3m6!1s0x5f0b2f581d3be373:0x4ae1075e88220f82!8m2!3d43.0719814!4d141.3603208!16s%2Fg%2F11hbq92y15!19sChIJc-M7HVgvC18Rgg8iiF4H4Uo?authuser=0&hl=ja&rclk=1
㈱EverGreen,https://evergreen-hakodate.com,〒041-0808 北海道函館市桔梗1,0138-76-8082,https://www.google.com/maps/place/%E3%88%B1EverGreen/data=!4m7!3m6!1s0x5f9ef70fa2e610c9:0x97b4d611cc6d1500!8m2!3d41.8297172!4d140.729428!16s%2Fg%2F11jyl9nflg!19sChIJyRDmog_3nl8RABVtzBHWtJc?authuser=0&hl=ja&rclk=1
㈱リッツ･コンピュータ,https://ritz-comp.jp,〒041-0811 北海道函館市富岡町3,0138-83-8222,https://www.google.com/maps/place/%E3%88%B1%E3%83%AA%E3%83%83%E3%83%84%EF%BD%A5%E3%82%B3%E3%83%B3%E3%83%94%E3%83%A5%E3%83%BC%E3%82%BF/data=!4m7!3m6!1s0x5f9ef4250804cf6d:0x8710fa103b9c2d0f!8m2!3d41.8119694!4d140.752935!16s%2Fg%2F11b6j6q39k!19sChIJbc8ECCX0nl8RDy2cOxD6EIc?authuser=0&hl=ja&rclk=1
㈱アパートナー 盛岡中央店,https://www.apartner-morioka.com,〒020-0024 岩手県盛岡市菜園2,019-606-3311,https://www.google.com/maps/place/%E3%88%B1%E3%82%A2%E3%83%91%E3%83%BC%E3%83%88%E3%83%8A%E3%83%BC+%E7%9B%9B%E5%B2%A1%E4%B8%AD%E5%A4%AE%E5%BA%97/data=!4m7!3m6!1s0x5f85762fb4767503:0x53fe40f077817e40!8m2!3d39.701228!4d141.1459794!16s%2Fg%2F11c1vlv0zy!19sChIJA3V2tC92hV8RQH6Bd_BA_lM?authuser=0&hl=ja&rclk=1
㈱日新,https://www.koukoku-nissin.com,仙台市 大町２丁目６−14 6F ７F,022-227-1261,https://www.google.com/maps/place/%E3%88%B1%E6%97%A5%E6%96%B0/data=!4m7!3m6!1s0x5f8a283be27d4d9d:0x2ce662d02be2fa3a!8m2!3d38.260628!4d140.8679365!16s%2Fg%2F1v27v9p8!19sChIJnU194jsoil8ROvriK9Bi5iw?authuser=0&hl=ja&rclk=1
株式会社リンクアンド不動産,https://linkand.co.jp,〒981-3109 宮城県仙台市泉区鶴が丘4,022-796-4640,https://www.google.com/maps/place/%E6%A0%AA%E5%BC%8F%E4%BC%9A%E7%A4%BE%E3%83%AA%E3%83%B3%E3%82%AF%E3%82%A2%E3%83%B3%E3%83%89%E4%B8%8D%E5%8B%95%E7%94%A3/data=!4m7!3m6!1s0x5f8a2943c481573d:0x1cf90e9b33d6b48!8m2!3d38.3276037!4d140.922079!16s%2Fg%2F11mvndn_4b!19sChIJPVeBxEMpil8RSGs9s-mQzwE?authuser=0&hl=ja&rclk=1
株式会社フジシン 仙台支店,https://fujishin.co.jp,〒162-0065 東京都新宿区住吉町8,03-3357-4141,https://www.google.com/maps/place/%E6%A0%AA%E5%BC%8F%E4%BC%9A%E7%A4%BE%E3%83%95%E3%82%B8%E3%82%B7%E3%83%B3+%E4%BB%99%E5%8F%B0%E6%94%AF%E5%BA%97/data=!4m7!3m6!1s0x5f89877b42811299:0x282b03f44f8b557d!8m2!3d38.2819429!4d140.8685234!16s%2Fg%2F1wv_s0h8!19sChIJmRKBQnuHiV8RfVWLT_QDKyg?authuser=0&hl=ja&rclk=1
㈱ドリームウィンドウ,https://dream-win.co.jp,〒983-0824 宮城県仙台市宮城野区鶴ケ谷1,022-781-5072,https://www.google.com/maps/place/%E3%88%B1%E3%83%89%E3%83%AA%E3%83%BC%E3%83%A0%E3%82%A6%E3%82%A3%E3%83%B3%E3%83%89%E3%82%A6/data=!4m7!3m6!1s0x5f8987072f4d0e4b:0xd811763e9f7107db!8m2!3d38.290168!4d140.9047738!16s%2Fg%2F11f0kw17jv!19sChIJSw5NLweHiV8R2wdxnz52Edg?authuser=0&hl=ja&rclk=1
ｗｄｍ合同会社,https://www.wdm.co.jp,仙台市 本町２丁目１−２９ ホンマビルディング2F,022-722-9610,https://www.google.com/maps/place/%EF%BD%97%EF%BD%84%EF%BD%8D%E5%90%88%E5%90%8C%E4%BC%9A%E7%A4%BE/data=!4m7!3m6!1s0x5f8a282465190dbf:0x1fc1b6fda1b6a2dd!8m2!3d38.2633991!4d140.8773748!16s%2Fg%2F1jgm0_lvk!19sChIJvw0ZZSQoil8R3aK2of22wR8?authuser=0&hl=ja&rclk=1
ノリット･ジャポン㈱,https://www.norit.jp,〒010-0921 秋田県秋田市大町3,,https://www.google.com/maps/place/%E3%83%8E%E3%83%AA%E3%83%83%E3%83%88%EF%BD%A5%E3%82%B8%E3%83%A3%E3%83%9D%E3%83%B3%E3%88%B1/data=!4m7!3m6!1s0x5f8fc2dd5d53cd9d:0x6a7473cef409a856!8m2!3d39.7182273!4d140.1130501!16s%2Fg%2F1hm2_jqgt!19sChIJnc1TXd3Cj18RVqgJ9M5zdGo?authuser=0&hl=ja&rclk=1
株式会社ランフォワード,https://run-forward.com,山形市 023-616-3584,090-7794-1700,https://www.google.com/maps/place/%E6%A0%AA%E5%BC%8F%E4%BC%9A%E7%A4%BE%E3%83%A9%E3%83%B3%E3%83%95%E3%82%A9%E3%83%AF%E3%83%BC%E3%83%89/data=!4m7!3m6!1s0x5f8bc92d3d064251:0x879df576f39bc04d!8m2!3d38.0034454!4d140.42106!16s%2Fg%2F11h8b6nkz3!19sChIJUUIGPS3Ji18RTcCb83b1nYc?authuser=0&hl=ja&rclk=1
CRAFH合同会社,http://crafh.co.jp,山形市 南館４丁目１２−４３,,https://www.google.com/maps/place/CRAFH%E5%90%88%E5%90%8C%E4%BC%9A%E7%A4%BE/data=!4m7!3m6!1s0x5f8bb5d510e13541:0x18f257290bc00526!8m2!3d38.2330925!4d140.3106482!16s%2Fg%2F11t6h8v5zb!19sChIJQTXhENW1i18RJgXACylX8hg?authuser=0&hl=ja&rclk=1
株式会社スタイル・ハート（本社）,https://www.style-db.com,〒960-8106 福島県福島市宮町2,080-1660-8944,https://www.google.com/maps/place/%E6%A0%AA%E5%BC%8F%E4%BC%9A%E7%A4%BE%E3%82%B9%E3%82%BF%E3%82%A4%E3%83%AB%E3%83%BB%E3%83%8F%E3%83%BC%E3%83%88%EF%BC%88%E6%9C%AC%E7%A4%BE%EF%BC%89/data=!4m7!3m6!1s0x5f8a85ce2b515555:0x151773f9431ced8b!8m2!3d37.7574548!4d140.4689188!16s%2Fg%2F11vsz2ffq4!19sChIJVVVRK86Fil8Ri-0cQ_lzFxU?authuser=0&hl=ja&rclk=1
株式会社メディア・エイジ,https://media-age.co.jp,〒963-8045 福島県郡山市新屋敷1,024-927-4770,https://www.google.com/maps/place/%EF%BC%88%E6%A0%AA%EF%BC%89%E3%83%A1%E3%83%87%E3%82%A3%E3%82%A2%E3%83%BB%E3%82%A8%E3%82%A4%E3%82%B8/data=!4m7!3m6!1s0x60206d28191b8957:0x455d139007ac01ef!8m2!3d37.4175243!4d140.3574026!16s%2Fg%2F1tt1ssxd!19sChIJV4kbGShtIGAR7wGsB5ATXUU?authuser=0&hl=ja&rclk=1
株式会社ケンオリ,https://kenori.com,〒963-0724 福島県郡山市田村町上行合字北川田2,024-944-8400,https://www.google.com/maps/place/%EF%BC%88%E6%A0%AA%EF%BC%89%E3%82%B1%E3%83%B3%E3%82%AA%E3%83%AA/data=!4m7!3m6!1s0x60206baff4aae439:0xe078a9ce4d5616b4!8m2!3d37.3699979!4d140.3985455!16s%2Fg%2F1tf245gy!19sChIJOeSq9K9rIGARtBZWTc6peOA?authuser=0&hl=ja&rclk=1
株式会社新潟博報堂,https://www.niigata.hakuhodo.co.jp,〒950-0917 新潟県新潟市中央区天神1,,https://www.google.com/maps/place/%EF%BC%88%E6%A0%AA%EF%BC%89%E6%96%B0%E6%BD%9F%E5%8D%9A%E5%A0%B1%E5%A0%82/data=!4m7!3m6!1s0x5ff4c99bc03740c3:0xff127e356cddc9aa!8m2!3d37.909974!4d139.061122!16s%2Fg%2F11r9l95dm!19sChIJw0A3wJvJ9F8RqsndbDV-Ev8?authuser=0&hl=ja&rclk=1
株式会社リンケージM.Iコンサルティング,https://www.linkagemic.com,〒950-0813 新潟県新潟市東区大形本町3,025-210-6238,https://www.google.com/maps/place/%E6%A0%AA%E5%BC%8F%E4%BC%9A%E7%A4%BE%E3%83%AA%E3%83%B3%E3%82%B1%E3%83%BC%E3%82%B8M.I%E3%82%B3%E3%83%B3%E3%82%B5%E3%83%AB%E3%83%86%E3%82%A3%E3%83%B3%E3%82%B0/data=!4m7!3m6!1s0x5ff4cbada757491d:0x1fb7ec3294a6e543!8m2!3d37.9247443!4d139.1162672!16s%2Fg%2F11cs9_l9_4!19sChIJHUlXp63L9F8RQ-WmlDLstx8?authuser=0&hl=ja&rclk=1
株式会社YU-SAY PLAN,https://yusayplan.com,新潟市 上大川前通８番町１２５３ パレスマンション多門 １F,025-211-8328,https://www.google.com/maps/place/%E6%A0%AA%E5%BC%8F%E4%BC%9A%E7%A4%BEYU-SAY+PLAN/data=!4m7!3m6!1s0x5ff4c93642040d89:0x74f9130b900294f!8m2!3d37.9237483!4d139.0488833!16s%2Fg%2F11rl5871h4!19sChIJiQ0EQjbJ9F8RTykAuTCRTwc?authuser=0&hl=ja&rclk=1
株式会社タチカワ,https://www.jbl-tachikawa.co.jp,〒950-0813 新潟県新潟市東区大形本町6,025-275-6666,https://www.google.com/maps/place/%E6%A0%AA%E5%BC%8F%E4%BC%9A%E7%A4%BE%E3%82%BF%E3%83%81%E3%82%AB%E3%83%AF/data=!4m7!3m6!1s0x5ff4cbbaa8d40359:0x7e700e15184748f0!8m2!3d37.919996!4d139.1214312!16s%2Fg%2F1tdc0g_w!19sChIJWQPUqLrL9F8R8EhHGBUOcH4?authuser=0&hl=ja&rclk=1
株式会社新潟読売ＩＳ 長岡営業所,https://www.niigata-yomiuri-is.co.jp,〒950-0951 新潟県新潟市中央区鳥屋野中沼3,025-285-4569,https://www.google.com/maps/place/%28%E6%A0%AA%29%E6%96%B0%E6%BD%9F%E8%AA%AD%E5%A3%B2%EF%BC%A9%EF%BC%B3+%E9%95%B7%E5%B2%A1%E5%96%B6%E6%A5%AD%E6%89%80/data=!4m7!3m6!1s0x5ff5a93470d23c85:0x774a3352291d9bac!8m2!3d37.44319!4d138.7921275!16s%2Fg%2F11btwv73n6!19sChIJhTzScDSp9V8RrJsdKVIzSnc?authuser=0&hl=ja&rclk=1
有限会社ブライトサクセス,https://bright-success.net,〒940-0023 新潟県長岡市新町一丁目,0258-35-2220,https://www.google.com/maps/place/%E6%9C%89%E9%99%90%E4%BC%9A%E7%A4%BE%E3%83%96%E3%83%A9%E3%82%A4%E3%83%88%E3%82%B5%E3%82%AF%E3%82%BB%E3%82%B9/data=!4m7!3m6!1s0x5ff5aece433cab53:0x3df1a6aa7055b3f6!8m2!3d37.4593988!4d138.8559629!16s%2Fg%2F1ptxjnjl2!19sChIJU6s8Q86u9V8R9rNVcKqm8T0?authuser=0&hl=ja&rclk=1
FARM8 Brewery Lab. / FARM8 STAND,https://farm8.jp,〒949-5411 新潟県長岡市来迎寺前田3,0258-94-5518,https://www.google.com/maps/place/FARM8+Brewery+Lab.+%2F+FARM8+STAND/data=!4m7!3m6!1s0x5ff5a8bc083e19b3:0x27ee57b250a5bca8!8m2!3d37.4217121!4d138.8408014!16s%2Fg%2F11bx1sk60v!19sChIJsxk-CLyo9V8RqLylULJX7ic?authuser=0&hl=ja&rclk=1
株式会社Shake,https://shakeinc.co.jp,富山市 076-424-7337,,https://www.google.com/maps/place/%E6%A0%AA%E5%BC%8F%E4%BC%9A%E7%A4%BEShake/data=!4m7!3m6!1s0x5ff791cb5d341069:0x38d5b8c8519df10f!8m2!3d36.6599252!4d137.210713!16s%2Fg%2F11x7csdzn7!19sChIJaRA0XcuR918RD_GdUci41Tg?authuser=0&hl=ja&rclk=1
株式会社ジェック経営コンサルタント,https://jeckc.com,〒930-0805 富山県富山市湊入船町3,076-444-0035,https://www.google.com/maps/place/%EF%BC%88%E6%A0%AA%EF%BC%89%E3%82%B8%E3%82%A7%E3%83%83%E3%82%AF%E7%B5%8C%E5%96%B6%E3%82%B3%E3%83%B3%E3%82%B5%E3%83%AB%E3%82%BF%E3%83%B3%E3%83%88/data=!4m7!3m6!1s0x5ff79a0c82133f9f:0xcac76dedde65f5a1!8m2!3d36.7096299!4d137.2143478!16s%2Fg%2F1vd94yvn!19sChIJnz8Tggya918RofVl3u1tx8o?authuser=0&hl=ja&rclk=1
株式会社彦田 富山支店,https://www.hikota.com,富山市 掛尾町５１３−１,076-264-3221,https://www.google.com/maps/place/%E6%A0%AA%E5%BC%8F%E4%BC%9A%E7%A4%BE%E5%BD%A6%E7%94%B0+%E5%AF%8C%E5%B1%B1%E6%94%AF%E5%BA%97/data=!4m7!3m6!1s0x5ff790344c312941:0x2fabfa0d89a979ac!8m2!3d36.6626176!4d137.2100776!16s%2Fg%2F1w3w2x1l!19sChIJQSkxTDSQ918RrHmpiQ36qy8?authuser=0&hl=ja&rclk=1
金沢日和,https://kanazawabiyori.jp,〒921-8172 石川県金沢市伏見新町2,076-255-7663,https://www.google.com/maps/place/%E9%87%91%E6%B2%A2%E6%97%A5%E5%92%8C/data=!4m7!3m6!1s0x5ff8343015a98ecd:0xcfede304b95336a9!8m2!3d36.5343891!4d136.6495026!16s%2Fg%2F11sw78q8yf!19sChIJzY6pFTA0-F8RqTZTuQTj7c8?authuser=0&hl=ja&rclk=1
株式会社福井新聞PRセンター,https://www.fprc.co.jp,〒910-0836 福井県福井市 大和田2,0776-54-1800,https://www.google.com/maps/place/%28%E6%A0%AA%29%E7%A6%8F%E4%BA%95%E6%96%B0%E8%81%9EPR%E3%82%BB%E3%83%B3%E3%82%BF%E3%83%BC/data=!4m7!3m6!1s0x5ff8beeffdeaaaab:0x759627aa7fdc9e7!8m2!3d36.0983963!4d136.250228!16s%2Fg%2F1thf8f11!19sChIJq6rq_e---F8R58n9p3piWQc?authuser=0&hl=ja&rclk=1
Laboratous株式会社,https://laboratous.com,長野市 026-217-8063,026-217-8063,https://www.google.com/maps/place/Laboratous%E6%A0%AA%E5%BC%8F%E4%BC%9A%E7%A4%BE/data=!4m7!3m6!1s0x601d87bb86842ed3:0xa4ec3b822ba83ef0!8m2!3d36.6504819!4d138.2244741!16s%2Fg%2F11w8pj6_jp!19sChIJ0y6EhruHHWAR8D6oK4I77KQ?authuser=0&hl=ja&rclk=1
株式会社早川美容商事,https://hayakawa-cosme.com,〒380-0917 長野県長野市稲葉南俣2,026-227-1800,https://www.google.com/maps/place/%E6%A0%AA%E5%BC%8F%E4%BC%9A%E7%A4%BE%E6%97%A9%E5%B7%9D%E7%BE%8E%E5%AE%B9%E5%95%86%E4%BA%8B/data=!4m7!3m6!1s0x601d867c0a664817:0x532bbcf45995a119!8m2!3d36.6394918!4d138.20449!16s%2Fg%2F1tkb55kg!19sChIJF0hmCnyGHWARGaGVWfS8K1M?authuser=0&hl=ja&rclk=1
アンリミテッド㈱,https://unlhr.com,〒310-0903 茨城県水戸市堀町2,029-303-8881,https://www.google.com/maps/place/%E3%82%A2%E3%83%B3%E3%83%AA%E3%83%9F%E3%83%86%E3%83%83%E3%83%89%E3%88%B1/data=!4m7!3m6!1s0x6022245204aaa5cf:0xa422609dd64def83!8m2!3d36.3971169!4d140.436368!16s%2Fg%2F1hhjtty0g!19sChIJz6WqBFIkImARg-9N1p1gIqQ?authuser=0&hl=ja&rclk=1
イエステーション水戸店 ㈲ランドワークス,https://landworks.co.jp,〒310-0836 茨城県水戸市元吉田町1,029-246-0366,https://www.google.com/maps/place/%E3%82%A4%E3%82%A8%E3%82%B9%E3%83%86%E3%83%BC%E3%82%B7%E3%83%A7%E3%83%B3%E6%B0%B4%E6%88%B8%E5%BA%97+%E3%88%B2%E3%83%A9%E3%83%B3%E3%83%89%E3%83%AF%E3%83%BC%E3%82%AF%E3%82%B9/data=!4m7!3m6!1s0x60222539c923d671:0xe8b9bbdc644b3781!8m2!3d36.3504378!4d140.4798836!16s%2Fg%2F1vm7bkqz!19sChIJcdYjyTklImARgTdLZNy7ueg?authuser=0&hl=ja&rclk=1
株式会社読売茨城広告社 つくば営業所,http://www.yoiko.co.jp,〒310-0851 茨城県水戸市千波町1,029-244-5555,https://www.google.com/maps/place/%EF%BC%88%E6%A0%AA%EF%BC%89%E8%AA%AD%E5%A3%B2%E8%8C%A8%E5%9F%8E%E5%BA%83%E5%91%8A%E7%A4%BE+%E3%81%A4%E3%81%8F%E3%81%B0%E5%96%B6%E6%A5%AD%E6%89%80/data=!4m7!3m6!1s0x602212a725992acb:0xe57c7e420514125d!8m2!3d36.086691!4d140.1853356!16s%2Fg%2F1w4vk0tp!19sChIJyyqZJacSImARXRIUBUJ-fOU?authuser=0&hl=ja&rclk=1
不動産サポーター株式会社,https://supporters.co.jp,〒305-0033 茨城県つくば市東新井8,029-886-7762,https://www.google.com/maps/place/%E4%B8%8D%E5%8B%95%E7%94%A3%E3%82%B5%E3%83%9D%E3%83%BC%E3%82%BF%E3%83%BC%E6%A0%AA%E5%BC%8F%E4%BC%9A%E7%A4%BE/data=!4m7!3m6!1s0x60220b52407bb09b:0xb839ecce8384370d!8m2!3d36.0747165!4d140.1115077!16s%2Fg%2F11h6q8jnbt!19sChIJm7B7QFILImARDTeEg87sObg?authuser=0&hl=ja&rclk=1
株式会社イデアル,https://idealnet.jp,宇都宮市 御幸本町４７３１−１９,028-689-2220,https://www.google.com/maps/place/%E6%A0%AA%E5%BC%8F%E4%BC%9A%E7%A4%BE%E3%82%A4%E3%83%87%E3%82%A2%E3%83%AB/data=!4m7!3m6!1s0x601f672e2e0d5d45:0x6d4b0bca8d4f67d8!8m2!3d36.5839214!4d139.9293765!16s%2Fg%2F1w665hp1!19sChIJRV0NLi5nH2AR2GdPjcoLS20?authuser=0&hl=ja&rclk=1
株式会社ユメウル不動産,https://yumeuru-fudousan.com,〒321-0984 栃木県宇都宮市御幸町1,028-688-7515,https://www.google.com/maps/place/%E6%A0%AA%E5%BC%8F%E4%BC%9A%E7%A4%BE%E3%83%A6%E3%83%A1%E3%82%A6%E3%83%AB%E4%B8%8D%E5%8B%95%E7%94%A3/data=!4m7!3m6!1s0x601f67694de6fcaf:0x6c18d328ef370755!8m2!3d36.5764803!4d139.9200762!16s%2Fg%2F11hzm58561!19sChIJr_zmTWlnH2ARVQc37yjTGGw?authuser=0&hl=ja&rclk=1
株式会社サクシード,https://succeed-biz.jp,〒101-0032 東京都千代田区岩本町3,0120-297-150,https://www.google.com/maps/place/%E6%A0%AA%E5%BC%8F%E4%BC%9A%E7%A4%BE%E3%82%B5%E3%82%AF%E3%82%B7%E3%83%BC%E3%83%89/data=!4m7!3m6!1s0x601f5d8854e71f21:0x496f5dd96e24c6ee!8m2!3d36.5455578!4d139.9084002!16s%2Fg%2F11dz5bwcf_!19sChIJIR_nVIhdH2AR7sYkbtldb0k?authuser=0&hl=ja&rclk=1
エルシーアール,https://lcr.jp,〒320-0851 栃木県宇都宮市鶴田町3,028-647-3301,https://www.google.com/maps/place/%E3%82%A8%E3%83%AB%E3%82%B7%E3%83%BC%E3%82%A2%E3%83%BC%E3%83%AB/data=!4m7!3m6!1s0x601f67e0728840f7:0x62a99867c80b7565!8m2!3d36.5442931!4d139.8561954!16s%2Fg%2F11btmq5gcb!19sChIJ90CIcuBnH2ARZXULyGeYqWI?authuser=0&hl=ja&rclk=1
consul & farm inc.,http://caf.co.jp,高崎市 石原町３９７５−１ AKUTU CITY21 #C,027-386-8833,https://www.google.com/maps/place/consul+%26+farm+inc./data=!4m7!3m6!1s0x601e9392c052d8db:0xf19ccc40270b7cb1!8m2!3d36.3027766!4d139.0051547!16s%2Fg%2F11h578fsq9!19sChIJ29hSwJKTHmARsXwLJ0DMnPE?authuser=0&hl=ja&rclk=1
株式会社グリッターイノベーション,https://www.glitter-innovation.jp,〒370-0801 ​群馬県高崎市上並榎町9,027-395-4261,https://www.google.com/maps/place/%EF%BC%88%E6%A0%AA%EF%BC%89%E3%82%B0%E3%83%AA%E3%83%83%E3%82%BF%E3%83%BC%E3%82%A4%E3%83%8E%E3%83%99%E3%83%BC%E3%82%B7%E3%83%A7%E3%83%B3/data=!4m7!3m6!1s0x601e8d072a63ef6f:0x633bc34f24cf7c75!8m2!3d36.3461538!4d138.9903129!16s%2Fg%2F1hf6n2lfj!19sChIJb-9jKgeNHmARdXzPJE_DO2M?authuser=0&hl=ja&rclk=1
帝国不動産株式会社 さいたま支店,https://teikokufudosan.jp/company,さいたま市 沼影１丁目１０−１ ラムザタワー B棟5階,03-3544-2650,https://www.google.com/maps/place/%E5%B8%9D%E5%9B%BD%E4%B8%8D%E5%8B%95%E7%94%A3%E6%A0%AA%E5%BC%8F%E4%BC%9A%E7%A4%BE+%E3%81%95%E3%81%84%E3%81%9F%E3%81%BE%E6%94%AF%E5%BA%97/data=!4m7!3m6!1s0x6018eb84a68272af:0x13bea64368470f1a!8m2!3d35.8440825!4d139.6466657!16s%2Fg%2F11jtyjc8sj!19sChIJr3KCpoTrGGARGg9HaEOmvhM?authuser=0&hl=ja&rclk=1
株式会社 エイム･トゥ,http://aim-to.co.jp,さいたま市 仲町３丁目５２ エッフェリア４Ｆ,,https://www.google.com/maps/place/%E6%A0%AA%E5%BC%8F%E4%BC%9A%E7%A4%BE+%E3%82%A8%E3%82%A4%E3%83%A0%EF%BD%A5%E3%83%88%E3%82%A5/data=!4m7!3m6!1s0x6018c1134f93ffff:0x96d738c04db94efe!8m2!3d35.9050339!4d139.6294626!16s%2Fg%2F11gbl2r1_p!19sChIJ__-TTxPBGGAR_k65TcA415Y?authuser=0&hl=ja&rclk=1
キヤノンマーケティングジャパン株式会社さいたま営業所,https://canon.jp,さいたま市 桜木町１丁目１０−１７ シーノ大宮サウスウィング 5F,,https://www.google.com/maps/place/%E3%82%AD%E3%83%A4%E3%83%8E%E3%83%B3%E3%83%9E%E3%83%BC%E3%82%B1%E3%83%86%E3%82%A3%E3%83%B3%E3%82%B0%E3%82%B8%E3%83%A3%E3%83%91%E3%83%B3%EF%BC%88%E6%A0%AA%EF%BC%89%E3%81%95%E3%81%84%E3%81%9F%E3%81%BE%E5%96%B6%E6%A5%AD%E6%89%80/data=!4m7!3m6!1s0x6018c15cc648d7b7:0xc0d216f4577404a4!8m2!3d35.9049789!4d139.618974!16s%2Fg%2F1vh_8d67!19sChIJt9dIxlzBGGARpAR0V_QW0sA?authuser=0&hl=ja&rclk=1
有限会社 アド・ベンチャー,https://www.adventure1998.com/index.html,〒350-1165 埼玉県川越市南台３,,https://www.google.com/maps/place/%E6%9C%89%E9%99%90%E4%BC%9A%E7%A4%BE+%E3%82%A2%E3%83%89%E3%83%BB%E3%83%99%E3%83%B3%E3%83%81%E3%83%A3%E3%83%BC/data=!4m7!3m6!1s0x6018da59505398ed:0xe3d2046feaeea9cd!8m2!3d35.8872922!4d139.4553704!16s%2Fg%2F113g691kz!19sChIJ7ZhTUFnaGGARzanu6m8E0uM?authuser=0&hl=ja&rclk=1
株式会社ロードサイド経営研究所,https://www.roadsidekeiei.jp,〒107-0062 東京都港区南青山1,048-700-4333,https://www.google.com/maps/place/%E6%A0%AA%E5%BC%8F%E4%BC%9A%E7%A4%BE%E3%83%AD%E3%83%BC%E3%83%89%E3%82%B5%E3%82%A4%E3%83%89%E7%B5%8C%E5%96%B6%E7%A0%94%E7%A9%B6%E6%89%80/data=!4m7!3m6!1s0x6018daf48ecb3d99:0x204184706303e124!8m2!3d35.9211463!4d139.4914385!16s%2Fg%2F11dymd8307!19sChIJmT3LjvTaGGARJOEDY3CEQSA?authuser=0&hl=ja&rclk=1
アドユニバース株式会社,https://www.ad-universe.co.jp,〒260-0031 千葉県千葉市中央区新千葉3,,https://www.google.com/maps/place/%E3%82%A2%E3%83%89%E3%83%A6%E3%83%8B%E3%83%90%E3%83%BC%E3%82%B9%EF%BC%88%E6%A0%AA%EF%BC%89/data=!4m7!3m6!1s0x602284a4869b8e29:0xd309d30e1c9180d2!8m2!3d35.6151413!4d140.1089598!16s%2Fg%2F11bx1svr9p!19sChIJKY6bhqSEImAR0oCRHA7TCdM?authuser=0&hl=ja&rclk=1
株式会社ワールドアーク,https://www.worldarc2025.net,〒260-0018 千葉県千葉市中央区院内2,043-305-4095,https://www.google.com/maps/place/%E6%A0%AA%E5%BC%8F%E4%BC%9A%E7%A4%BE%E3%83%AF%E3%83%BC%E3%83%AB%E3%83%89%E3%82%A2%E3%83%BC%E3%82%AF/data=!4m7!3m6!1s0x6022850e247723b5:0xb9e00a57f18b18b3!8m2!3d35.612175!4d140.1244918!16s%2Fg%2F11njng8brv!19sChIJtSN3JA6FImARsxiL8VcK4Lk?authuser=0&hl=ja&rclk=1
株式会社ブリッジ／千葉店,https://www.bridgeinc.co.jp,〒104-0045 東京都中央区築地6,0438-36-2225,https://www.google.com/maps/place/%E6%A0%AA%E5%BC%8F%E4%BC%9A%E7%A4%BE%E3%83%96%E3%83%AA%E3%83%83%E3%82%B8%EF%BC%8F%E5%8D%83%E8%91%89%E5%BA%97/data=!4m7!3m6!1s0x60229b09f2f9e48d:0xb6e17b4a9354c0cc!8m2!3d35.6067269!4d140.1220699!16s%2Fg%2F11y4_s6svz!19sChIJjeT58gmbImARzMBUk0p74bY?authuser=0&hl=ja&rclk=1
株式会社NEXT5コンサルティング,https://next5.co.jp,千葉市 043-238-6045,043-238-6045,https://www.google.com/maps/place/%E6%A0%AA%E5%BC%8F%E4%BC%9A%E7%A4%BENEXT5%E3%82%B3%E3%83%B3%E3%82%B5%E3%83%AB%E3%83%86%E3%82%A3%E3%83%B3%E3%82%B0/data=!4m7!3m6!1s0x49143738b6d6c82b:0xac85062775546bb2!8m2!3d35.5010264!4d140.3091766!16s%2Fg%2F11vztwnrnq!19sChIJK8jWtjg3FEkRsmtUdScGhaw?authuser=0&hl=ja&rclk=1
ULUKOTU株式会社,https://www.ulukotu.com,千葉市 打瀬１丁目２−３,043-216-2013,https://www.google.com/maps/place/ULUKOTU%E6%A0%AA%E5%BC%8F%E4%BC%9A%E7%A4%BE/data=!4m7!3m6!1s0x6022822472ea3143:0x823857830459f28c!8m2!3d35.6442191!4d140.0450182!16s%2Fg%2F11g9tr13yh!19sChIJQzHqciSCImARjPJZBINXOII?authuser=0&hl=ja&rclk=1
株式会社食文化【総合受付・サポートセンター（船橋事業所）】,https://www.shokubunka.co.jp,〒106-0044 東京都港区東麻布1,,https://www.google.com/maps/place/%E6%A0%AA%E5%BC%8F%E4%BC%9A%E7%A4%BE%E9%A3%9F%E6%96%87%E5%8C%96%E3%80%90%E7%B7%8F%E5%90%88%E5%8F%97%E4%BB%98%E3%83%BB%E3%82%B5%E3%83%9D%E3%83%BC%E3%83%88%E3%82%BB%E3%83%B3%E3%82%BF%E3%83%BC%EF%BC%88%E8%88%B9%E6%A9%8B%E4%BA%8B%E6%A5%AD%E6%89%80%EF%BC%89%E3%80%91/data=!4m7!3m6!1s0x60187fb0cd4fffff:0xa25e97b7bdf95e69!8m2!3d35.6771633!4d139.9859363!16s%2Fg%2F11f3vm2q2p!19sChIJ__9PzbB_GGARaV75vbeXXqI?authuser=0&hl=ja&rclk=1
ベストエフォートオフィス船橋,https://besteffortoffice-funabashi.com,〒273-0005 千葉県船橋市本町6,050-3593-1798,https://www.google.com/maps/place/%E3%83%99%E3%82%B9%E3%83%88%E3%82%A8%E3%83%95%E3%82%A9%E3%83%BC%E3%83%88%E3%82%AA%E3%83%95%E3%82%A3%E3%82%B9%E8%88%B9%E6%A9%8B/data=!4m7!3m6!1s0x601881ffc8d32a61:0x7f865dd4dc30777d!8m2!3d35.7034934!4d139.9878568!16s%2Fg%2F11v0jq6ys1!19sChIJYSrTyP-BGGARfXcw3NRdhn8?authuser=0&hl=ja&rclk=1
株式会社快美インターナショナル,https://kaivi.com,〒273-0005 千葉県船橋市本町4,047-422-7100,https://www.google.com/maps/place/%EF%BC%88%E6%A0%AA%EF%BC%89%E5%BF%AB%E7%BE%8E%E3%82%A4%E3%83%B3%E3%82%BF%E3%83%BC%E3%83%8A%E3%82%B7%E3%83%A7%E3%83%8A%E3%83%AB/data=!4m7!3m6!1s0x60187fd7fb5a432b:0x874420824cf9ac53!8m2!3d35.7005134!4d139.9874098!16s%2Fg%2F1tfpztqn!19sChIJK0Na-9d_GGARU6z5TIIgRIc?authuser=0&hl=ja&rclk=1
株式会社地域新聞社 柏支社,https://chiikinews.co.jp,柏市 柏４丁目６−３ 新栄ビル ４Ｆ,,https://www.google.com/maps/place/%EF%BC%88%E6%A0%AA%EF%BC%89%E5%9C%B0%E5%9F%9F%E6%96%B0%E8%81%9E%E7%A4%BE+%E6%9F%8F%E6%94%AF%E7%A4%BE/data=!4m7!3m6!1s0x60189b4bc6aca1db:0x6eb89ced557d23f0!8m2!3d35.8634162!4d139.9744455!16s%2Fg%2F11_rjqnmn!19sChIJ26GsxkubGGAR8CN9Ve2cuG4?authuser=0&hl=ja&rclk=1
株式会社ファルコンレストランイノベーション,http://www.falcon-restaurant-innovation.co.jp,〒221-0835 神奈川県横浜市神奈川区鶴屋町3,045-548-8146,https://www.google.com/maps/place/%E6%A0%AA%E5%BC%8F%E4%BC%9A%E7%A4%BE%E3%83%95%E3%82%A1%E3%83%AB%E3%82%B3%E3%83%B3%E3%83%AC%E3%82%B9%E3%83%88%E3%83%A9%E3%83%B3%E3%82%A4%E3%83%8E%E3%83%99%E3%83%BC%E3%82%B7%E3%83%A7%E3%83%B3/data=!4m7!3m6!1s0x60185db9580ef589:0xf4bc0d9d8d5eaecb!8m2!3d35.468659!4d139.6178496!16s%2Fg%2F11g2tfxbpr!19sChIJifUOWLldGGARy65ejZ0NvPQ?authuser=0&hl=ja&rclk=1
株式会社アンドネット,https://andnet.jp,〒220-0011 神奈川県横浜市西区高島２,045-594-8156,https://www.google.com/maps/place/%E6%A0%AA%E5%BC%8F%E4%BC%9A%E7%A4%BE%E3%82%A2%E3%83%B3%E3%83%89%E3%83%8D%E3%83%83%E3%83%88/data=!4m7!3m6!1s0x60185d77814f2eeb:0xb2fce09f79457aef!8m2!3d35.462873!4d139.6219796!16s%2Fg%2F11sb5qk01k!19sChIJ6y5PgXddGGAR73pFeZ_g_LI?authuser=0&hl=ja&rclk=1
NauticalStar Strategy & Analysis,https://www.nauticalstar-sa.com,横浜市 桜木町１丁目101番地 クロスゲート 7階,,https://www.google.com/maps/place/NauticalStar+Strategy+%26+Analysis/data=!4m7!3m6!1s0x60185d36af1bba25:0x92aa8c45e99e3822!8m2!3d35.4508365!4d139.6326034!16s%2Fg%2F11r40yh1kp!19sChIJJbobrzZdGGARIjie6UWMqpI?authuser=0&hl=ja&rclk=1
JETコンサルティング合同会社,https://www.jetconsulting.biz,〒231-0023 神奈川県横浜市中区山下町3,045-342-9005,https://www.google.com/maps/place/JET%E3%82%B3%E3%83%B3%E3%82%B5%E3%83%AB%E3%83%86%E3%82%A3%E3%83%B3%E3%82%B0%E5%90%88%E5%90%8C%E4%BC%9A%E7%A4%BE/data=!4m7!3m6!1s0x60185d1df0c00001:0x9d6047df9d6236c4!8m2!3d35.4427656!4d139.6507091!16s%2Fg%2F11ldtxtkb4!19sChIJAQDA8B1dGGARxDZind9HYJ0?authuser=0&hl=ja&rclk=1
株式会社 zikke【ポスティング・広告デザイン制作】,https://zikke.net,〒606-8436 京都府京都市左京区粟田口鳥居町5,044-223-8336,https://www.google.com/maps/place/%E6%A0%AA%E5%BC%8F%E4%BC%9A%E7%A4%BE+zikke%E3%80%90%E3%83%9D%E3%82%B9%E3%83%86%E3%82%A3%E3%83%B3%E3%82%B0%E3%83%BB%E5%BA%83%E5%91%8A%E3%83%87%E3%82%B6%E3%82%A4%E3%83%B3%E5%88%B6%E4%BD%9C%E3%80%91/data=!4m7!3m6!1s0x601861591ec24193:0x24cf50b40f493329!8m2!3d35.5237052!4d139.7172203!16s%2Fg%2F11w9g3x6p0!19sChIJk0HCHllhGGARKTNJD7RQzyQ?authuser=0&hl=ja&rclk=1
株式会社イーメディック,https://www.e-medic11.com,〒212-0015 神奈川県川崎市幸区柳町2,044-272-9088,https://www.google.com/maps/place/%E6%A0%AA%E5%BC%8F%E4%BC%9A%E7%A4%BE%E3%82%A4%E3%83%BC%E3%83%A1%E3%83%87%E3%82%A3%E3%83%83%E3%82%AF/data=!4m7!3m6!1s0x6018609d5b30e76b:0xe35f8c02be8c0a58!8m2!3d35.5301826!4d139.6921345!16s%2Fg%2F11jp_thymg!19sChIJa-cwW51gGGARWAqMvgKMX-M?authuser=0&hl=ja&rclk=1
日東精肌株式会社,https://nitto-seiki.jp,〒213-0032 神奈川県川崎市高津区久地1,044-455-4877,https://www.google.com/maps/place/%E6%97%A5%E6%9D%B1%E7%B2%BE%E8%82%8C%E6%A0%AA%E5%BC%8F%E4%BC%9A%E7%A4%BE/data=!4m7!3m6!1s0x60188ba222ca97fd:0x77559f11b5be08fd!8m2!3d35.6079217!4d139.6047925!16s%2Fg%2F11hf8r3tcv!19sChIJ_ZfKIqKLGGAR_Qi-tRGfVXc?authuser=0&hl=ja&rclk=1
レイズ&カンパニー株式会社,https://rays-company.co.jp,〒251-0025 神奈川県藤沢市鵠沼石上1,,https://www.google.com/maps/place/%E3%83%AC%E3%82%A4%E3%82%BA%26%E3%82%AB%E3%83%B3%E3%83%91%E3%83%8B%E3%83%BC%E6%A0%AA%E5%BC%8F%E4%BC%9A%E7%A4%BE/data=!4m7!3m6!1s0x60184fb8944ba3a9:0xb60cec79eb12a015!8m2!3d35.3363707!4d139.4868638!16s%2Fg%2F11bccmv19v!19sChIJqaNLlLhPGGARFaAS63nsDLY?authuser=0&hl=ja&rclk=1
有限会社相模広告社,https://sagamikoukoku.jp,〒252-0328 神奈川県相模原市南区麻溝台3,042-742-1275,https://www.google.com/maps/place/%E6%9C%89%E9%99%90%E4%BC%9A%E7%A4%BE%E7%9B%B8%E6%A8%A1%E5%BA%83%E5%91%8A%E7%A4%BE/data=!4m7!3m6!1s0x6018fe8763909dd7:0xdc8698938210272b!8m2!3d35.5348137!4d139.4061952!16s%2Fg%2F1v42fvp3!19sChIJ152QY4f-GGARKycQgpOYhtw?authuser=0&hl=ja&rclk=1
株式会社トラストスピード相模原営業所,https://www.trustspeed.co.jp,〒135-0045 東京都江東区古石場3,03-5875-9051,https://www.google.com/maps/place/%EF%BC%88%E6%A0%AA%EF%BC%89%E3%83%88%E3%83%A9%E3%82%B9%E3%83%88%E3%82%B9%E3%83%94%E3%83%BC%E3%83%89%E7%9B%B8%E6%A8%A1%E5%8E%9F%E5%96%B6%E6%A5%AD%E6%89%80/data=!4m7!3m6!1s0x6018fd0456cae971:0x1e9a1c013b107eb9!8m2!3d35.5810971!4d139.3988889!16s%2Fg%2F1hc1t8c03!19sChIJcenKVgT9GGARuX4QOwEcmh4?authuser=0&hl=ja&rclk=1
株式会社アミス．ビューティーカンパニー,https://www.amyth-beauty.com,〒252-0237 神奈川県相模原市中央区千代田2,042-757-0417,https://www.google.com/maps/place/%EF%BC%88%E6%A0%AA%EF%BC%89%E3%82%A2%E3%83%9F%E3%82%B9%EF%BC%8E%E3%83%93%E3%83%A5%E3%83%BC%E3%83%86%E3%82%A3%E3%83%BC%E3%82%AB%E3%83%B3%E3%83%91%E3%83%8B%E3%83%BC/data=!4m7!3m6!1s0x6018fd9953c9ce1b:0xb0e9a85d5246e01d!8m2!3d35.563582!4d139.373636!16s%2Fg%2F1tgz5jm0!19sChIJG87JU5n9GGARHeBGUl2o6bA?authuser=0&hl=ja&rclk=1
株式会社静岡博報堂,https://www.shizuoka.hakuhodo.co.jp,〒420-0858 静岡県静岡市葵区伝馬町8,054-652-2800,https://www.google.com/maps/place/%EF%BC%88%E6%A0%AA%EF%BC%89%E9%9D%99%E5%B2%A1%E5%8D%9A%E5%A0%B1%E5%A0%82/data=!4m7!3m6!1s0x601a49f7e827664f:0x68bae6021f48dc79!8m2!3d34.974901!4d138.387559!16s%2Fg%2F1w96gt4p!19sChIJT2Yn6PdJGmARedxIHwLmumg?authuser=0&hl=ja&rclk=1
静岡オリコミ 中野新田オフィス,https://www.shizuori.com,静岡市 中野新田３４６−２,054-283-1977,https://www.google.com/maps/place/%E9%9D%99%E5%B2%A1%E3%82%AA%E3%83%AA%E3%82%B3%E3%83%9F+%E4%B8%AD%E9%87%8E%E6%96%B0%E7%94%B0%E3%82%AA%E3%83%95%E3%82%A3%E3%82%B9/data=!4m7!3m6!1s0x601a49c53937c5c3:0x6ba279a491e9f67b!8m2!3d34.9497375!4d138.3879486!16s%2Fg%2F1tlqq16k!19sChIJw8U3OcVJGmARe_bpkaR5oms?authuser=0&hl=ja&rclk=1
ポスティング SOT,https://sot-posting.com,〒420-0016 静岡県静岡市葵区住吉町2,054-204-6940,https://www.google.com/maps/place/%E3%83%9D%E3%82%B9%E3%83%86%E3%82%A3%E3%83%B3%E3%82%B0+SOT/data=!4m7!3m6!1s0x601a372fb45c54d7:0x457d74e0fcdd6789!8m2!3d34.9770064!4d138.3651068!16s%2Fg%2F11fr3gcdrg!19sChIJ11RctC83GmARiWfd_OB0fUU?authuser=0&hl=ja&rclk=1
株式会社ＲＫコンサルティング,https://www.rkinc.co.jp,〒272-0023 千葉県市川市南八幡4,047-300-8700,https://www.google.com/maps/place/%EF%BC%88%E6%A0%AA%EF%BC%89%EF%BC%B2%EF%BC%AB%E3%82%B3%E3%83%B3%E3%82%B5%E3%83%AB%E3%83%86%E3%82%A3%E3%83%B3%E3%82%B0/data=!4m7!3m6!1s0x601a4a1f1fbd6bcb:0x9e4239d2966b31ee!8m2!3d34.9763008!4d138.381243!16s%2Fg%2F11b7swnbvc!19sChIJy2u9Hx9KGmAR7jFrltI5Qp4?authuser=0&hl=ja&rclk=1
はまぞう,https://hamazo.co.jp,〒432-8002 静岡県浜松市中区富塚町2,053-478-7116,https://www.google.com/maps/place/%E3%81%AF%E3%81%BE%E3%81%9E%E3%81%86/data=!4m7!3m6!1s0x601adedf555722ff:0x5e5c600c40d5aa58!8m2!3d34.723372!4d137.6980991!16s%2Fg%2F11cmtrj2lz!19sChIJ_yJXVd_eGmARWKrVQAxgXF4?authuser=0&hl=ja&rclk=1
"株式会社アリー allie Co., Ltd.",https://allie.site,〒435-0054 静岡県 浜松市中央区 早出町1,053-401-7507,"https://www.google.com/maps/place/%E6%A0%AA%E5%BC%8F%E4%BC%9A%E7%A4%BE%E3%82%A2%E3%83%AA%E3%83%BC+allie+Co.,+Ltd./data=!4m7!3m6!1s0x601ade16baae3a8f:0x980d5e5c0c72a49c!8m2!3d34.7320674!4d137.7514809!16s%2Fg%2F11cn5scrw5!19sChIJjzquuhbeGmARnKRyDFxeDZg?authuser=0&hl=ja&rclk=1"
株式会社アドライブ,https://www.adlv.co.jp,〒460-0002 愛知県名古屋市中区丸の内2,052-212-4525,https://www.google.com/maps/place/%E6%A0%AA%E5%BC%8F%E4%BC%9A%E7%A4%BE%E3%82%A2%E3%83%89%E3%83%A9%E3%82%A4%E3%83%96/data=!4m7!3m6!1s0x600376d37979a9c3:0x7f59ceb33dfddbcf!8m2!3d35.1760616!4d136.9006787!16s%2Fg%2F11_qgpsvh!19sChIJw6l5edN2A2ARz9v9PbPOWX8?authuser=0&hl=ja&rclk=1
東海廣告 本社,https://www.tokai-ad.co.jp,〒460-0012 愛知県名古屋市中区千代田3,052-321-5451,https://www.google.com/maps/place/%E6%9D%B1%E6%B5%B7%E5%BB%A3%E5%91%8A+%E6%9C%AC%E7%A4%BE/data=!4m7!3m6!1s0x600370b9d4f6af65:0xb49f29a3fde181c3!8m2!3d35.1561813!4d136.9127687!16s%2Fg%2F1tdfn5sk!19sChIJZa_21LlwA2ARw4Hh_aMpn7Q?authuser=0&hl=ja&rclk=1
株式会社Devotion,https://devotion-co.jp,〒450-0003 愛知県名古屋市中村区名駅南一丁目,080-7693-7156,https://www.google.com/maps/place/%E6%A0%AA%E5%BC%8F%E4%BC%9A%E7%A4%BEDevotion/data=!4m7!3m6!1s0x60037729f0a27367:0xa52726f57a1524a4!8m2!3d35.1662292!4d136.8884205!16s%2Fg%2F11zbmfzwgl!19sChIJZ3Oi8Cl3A2ARpCQVevUmJ6U?authuser=0&hl=ja&rclk=1
ブラッシュアップクリエイト,https://brush-up18.net,〒454-0804 愛知県名古屋市中村区黄金通一丁目,,https://www.google.com/maps/place/%E3%83%96%E3%83%A9%E3%83%83%E3%82%B7%E3%83%A5%E3%82%A2%E3%83%83%E3%83%97%E3%82%AF%E3%83%AA%E3%82%A8%E3%82%A4%E3%83%88/data=!4m7!3m6!1s0x6003627cd774d615:0xdac4e181431b75d!8m2!3d35.1660153!4d136.8723585!16s%2Fg%2F11fz9wljkq!19sChIJFdZ013xiA2ARXbcxFBhOrA0?authuser=0&hl=ja&rclk=1
アド・メーカー,http://www.admaker.co.jp,〒444-0938 愛知県岡崎市昭和町字落合3,0564-47-8228,https://www.google.com/maps/place/%E3%82%A2%E3%83%89%E3%83%BB%E3%83%A1%E3%83%BC%E3%82%AB%E3%83%BC/data=!4m7!3m6!1s0x6004981e7c5a7a95:0x4e7241ce60654dee!8m2!3d34.9455954!4d137.1210051!16s%2Fg%2F1th7y8z9!19sChIJlXpafB6YBGAR7k1lYM5Bck4?authuser=0&hl=ja&rclk=1
プロモート,https://promote55.com,〒444-2116 愛知県岡崎市寿町1,0564-22-8998,https://www.google.com/maps/place/%E3%83%97%E3%83%AD%E3%83%A2%E3%83%BC%E3%83%88/data=!4m7!3m6!1s0x6004a2e400602a41:0x8b133c41b71ddcab!8m2!3d34.9882446!4d137.1702736!16s%2Fg%2F12hqbt9pq!19sChIJQSpgAOSiBGARq9wdt0E8E4s?authuser=0&hl=ja&rclk=1
株式会社バイタル,https://vital-design.jp,〒514-0823 三重県津市半田1,059-223-7200,https://www.google.com/maps/place/%E6%A0%AA%E5%BC%8F%E4%BC%9A%E7%A4%BE%E3%83%90%E3%82%A4%E3%82%BF%E3%83%AB/data=!4m7!3m6!1s0x60040ce07a2ca15b:0xde304e9cf356a5b2!8m2!3d34.706808!4d136.4966545!16s%2Fg%2F1tpprxm1!19sChIJW6EseuAMBGARsqVW85xOMN4?authuser=0&hl=ja&rclk=1
株式会社グッドライフ,https://tsu-matsusaka.mypl.net/shop/00000376155,津市 東丸之内３３−１ 津フェニックスビル 5階,059-226-0022,https://www.google.com/maps/place/%E6%A0%AA%E5%BC%8F%E4%BC%9A%E7%A4%BE%E3%82%B0%E3%83%83%E3%83%89%E3%83%A9%E3%82%A4%E3%83%95/data=!4m7!3m6!1s0x60040cdb13f5cc09:0xeb42034ece7fbb62!8m2!3d34.7167648!4d136.5145324!16s%2Fg%2F11fj178vkt!19sChIJCcz1E9sMBGARYrt_zk4DQus?authuser=0&hl=ja&rclk=1
株式会社インファクト INFACT京都Office,https://www.infact1.co.jp,〒110-0008 東京都台東区池之端2,03-5685-7311,https://www.google.com/maps/place/%EF%BC%88%E6%A0%AA%EF%BC%89%E3%82%A4%E3%83%B3%E3%83%95%E3%82%A1%E3%82%AF%E3%83%88+INFACT%E4%BA%AC%E9%83%BDOffice/data=!4m7!3m6!1s0x6001069b4cfc9dc3:0xb1f5ad98f51ba066!8m2!3d35.0015825!4d135.7604285!16s%2Fg%2F11g71fb7sl!19sChIJw538TJsGAWARZqAb9Zit9bE?authuser=0&hl=ja&rclk=1
経営コンサル。地域創生、プロジェクションマッピング、ゼロカーボンデジタルエネルギー事業,https://fires.jp,京都市 烏丸通 四条下る水銀屋町６２０ ＣＯＣＯＮ ＫＡＲＡＳＵＭＡ ４Ｆ,075-361-6668,https://www.google.com/maps/place/%E7%B5%8C%E5%96%B6%E3%82%B3%E3%83%B3%E3%82%B5%E3%83%AB%E3%80%82%E5%9C%B0%E5%9F%9F%E5%89%B5%E7%94%9F%E3%80%81%E3%83%97%E3%83%AD%E3%82%B8%E3%82%A7%E3%82%AF%E3%82%B7%E3%83%A7%E3%83%B3%E3%83%9E%E3%83%83%E3%83%94%E3%83%B3%E3%82%B0%E3%80%81%E3%82%BC%E3%83%AD%E3%82%AB%E3%83%BC%E3%83%9C%E3%83%B3%E3%83%87%E3%82%B8%E3%82%BF%E3%83%AB%E3%82%A8%E3%83%8D%E3%83%AB%E3%82%AE%E3%83%BC%E4%BA%8B%E6%A5%AD/data=!4m7!3m6!1s0x6001092fa2d58ac7:0x42f7ab12f66f62f3!8m2!3d35.0031342!4d135.7591162!16s%2Fg%2F11ym0pszwb!19sChIJx4rVoi8JAWAR82Jv9hKr90I?authuser=0&hl=ja&rclk=1
株式会社東広,https://www.ad-toko.com,大阪市 中野町３丁目６−８,06-6352-5171,https://www.google.com/maps/place/%E6%A0%AA%E5%BC%8F%E4%BC%9A%E7%A4%BE%E6%9D%B1%E5%BA%83/data=!4m7!3m6!1s0x6000e12cfae62599:0x6e811faa93ee4b16!8m2!3d34.7022958!4d135.5270576!16s%2Fg%2F1v9lbnjg!19sChIJmSXm-izhAGARFkvuk6ofgW4?authuser=0&hl=ja&rclk=1
メディア・アーク株式会社,http://www.mediaark.net,〒540-0004 大阪府大阪市中央区玉造2,06-4392-7337,https://www.google.com/maps/place/%E3%83%A1%E3%83%87%E3%82%A3%E3%82%A2%E3%83%BB%E3%82%A2%E3%83%BC%E3%82%AF%E6%A0%AA%E5%BC%8F%E4%BC%9A%E7%A4%BE/data=!4m7!3m6!1s0x6000e662559f8059:0xecd036583e7d7f5a!8m2!3d34.6757912!4d135.5297369!16s%2Fg%2F1tczdsqs!19sChIJWYCfVWLmAGARWn99Plg20Ow?authuser=0&hl=ja&rclk=1
トレンドマーケティング株式会社,https://fc.doctor-h.jp,〒534-0021 大阪府大阪市都島区都島本通4,06-6348-2323,https://www.google.com/maps/place/%E3%83%88%E3%83%AC%E3%83%B3%E3%83%89%E3%83%9E%E3%83%BC%E3%82%B1%E3%83%86%E3%82%A3%E3%83%B3%E3%82%B0%E6%A0%AA%E5%BC%8F%E4%BC%9A%E7%A4%BE/data=!4m7!3m6!1s0x2da4ed3254e060a3:0xc830f3708595f23!8m2!3d34.6968041!4d135.500806!16s%2Fg%2F11y30cvfzd!19sChIJo2DgVDLtpC0RI19ZCDcPgww?authuser=0&hl=ja&rclk=1
コスメデザイン株式会社,https://www.cosmedesign.com,大阪市 天満３丁目１２−１９ 5F,090-5169-2249,https://www.google.com/maps/place/%E3%82%B3%E3%82%B9%E3%83%A1%E3%83%87%E3%82%B6%E3%82%A4%E3%83%B3%E6%A0%AA%E5%BC%8F%E4%BC%9A%E7%A4%BE/data=!4m7!3m6!1s0x6000e72cedfe8793:0xfe52f6d165564f4c!8m2!3d34.695499!4d135.5159702!16s%2Fg%2F11v5rs_36m!19sChIJk4f-7SznAGARTE9WZdH2Uv4?authuser=0&hl=ja&rclk=1
株式会社Cajon 大阪オフィス,https://cajon.co.jp,〒104-0031 東京都 中央区京橋2,03-4330-9320,https://www.google.com/maps/place/%E6%A0%AA%E5%BC%8F%E4%BC%9A%E7%A4%BECajon+%E5%A4%A7%E9%98%AA%E3%82%AA%E3%83%95%E3%82%A3%E3%82%B9/data=!4m7!3m6!1s0x6000e7e308bca8ff:0x563a48382cb080e1!8m2!3d34.7105521!4d135.4999532!16s%2Fg%2F11h0zbf7j0!19sChIJ_6i8COPnAGAR4YCwLDhIOlY?authuser=0&hl=ja&rclk=1
株式会社かいのホールディングス,https://kaino-hd.co.jp,〒599-8273 大阪府堺市中区深井清水町3,072-277-8877,https://www.google.com/maps/place/%E6%A0%AA%E5%BC%8F%E4%BC%9A%E7%A4%BE%E3%81%8B%E3%81%84%E3%81%AE%E3%83%9B%E3%83%BC%E3%83%AB%E3%83%87%E3%82%A3%E3%83%B3%E3%82%B0%E3%82%B9/data=!4m7!3m6!1s0x6000da4fe776aaab:0xec12b4975bafd363!8m2!3d34.5321431!4d135.4973356!16s%2Fg%2F11v077n5_s!19sChIJq6p250_aAGARY9OvW5e0Euw?authuser=0&hl=ja&rclk=1
合同会社With Feel,https://withfeel.co.jp,〒670-0835 兵庫県姫路市幸町1,079-227-3917,https://www.google.com/maps/place/%E5%90%88%E5%90%8C%E4%BC%9A%E7%A4%BEWith+Feel/data=!4m7!3m6!1s0x35552141ae4d054f:0x19cbf710e6a3a1f9!8m2!3d34.8326665!4d134.7047894!16s%2Fg%2F11j64tvqdt!19sChIJTwVNrkEhVTUR-aGj5hD3yxk?authuser=0&hl=ja&rclk=1
株式会社讀宣和歌山,https://yomi-wakayama.co.jp,和歌山市 西浜１６６０−１０４,073-447-3990,https://www.google.com/maps/place/%EF%BC%88%E6%A0%AA%EF%BC%89%E8%AE%80%E5%AE%A3%E5%92%8C%E6%AD%8C%E5%B1%B1/data=!4m7!3m6!1s0x6000b2a9ff4ebebd:0x2824602a4f8765f2!8m2!3d34.2081013!4d135.1488372!16s%2Fg%2F1tgp0nz9!19sChIJvb5O_6myAGAR8mWHTypgJCg?authuser=0&hl=ja&rclk=1
株式会社和歌山毎日広告社,http://www.w-mainichi-ad.com,和歌山市 073-423-9291,073-423-9291,https://www.google.com/maps/place/%EF%BC%88%E6%A0%AA%EF%BC%89%E5%92%8C%E6%AD%8C%E5%B1%B1%E6%AF%8E%E6%97%A5%E5%BA%83%E5%91%8A%E7%A4%BE/data=!4m7!3m6!1s0x6000b2eae8cdb611:0xbfea3bb13a4ac02e!8m2!3d34.2302795!4d135.1695957!16s%2Fg%2F1td7c099!19sChIJEbbN6OqyAGARLsBKOrE76r8?authuser=0&hl=ja&rclk=1
株式会社東宣エイディ 岡山営業所,https://tosenad.com,〒103-0027 東京都中央区日本橋2,052-752-4000,https://www.google.com/maps/place/%EF%BC%88%E6%A0%AA%EF%BC%89%E6%9D%B1%E5%AE%A3%E3%82%A8%E3%82%A4%E3%83%87%E3%82%A3+%E5%B2%A1%E5%B1%B1%E5%96%B6%E6%A5%AD%E6%89%80/data=!4m7!3m6!1s0x355408b6b8b3ed0b:0x36d170b147fa4fd4!8m2!3d34.6673736!4d133.921694!16s%2Fg%2F1td1z27r!19sChIJC-2zuLYIVDUR1E_6R7Fw0TY?authuser=0&hl=ja&rclk=1
株式会社カトレア 岡山支社,https://cattleya-group.com,〒734-0022 広島県広島市南区東雲3,082-281-3676,https://www.google.com/maps/place/%28%E6%A0%AA%29%E3%82%AB%E3%83%88%E3%83%AC%E3%82%A2+%E5%B2%A1%E5%B1%B1%E6%94%AF%E7%A4%BE/data=!4m7!3m6!1s0x35540766d4f6622f:0x74ac5db8b7321845!8m2!3d34.6448279!4d133.8890249!16s%2Fg%2F11btwvscd7!19sChIJL2L21GYHVDURRRgyt7hdrHQ?authuser=0&hl=ja&rclk=1
株式会社元屋廣告社 岡山オフィス,https://ad.motoya-united.co.jp,〒710-0821 岡山県倉敷市川西町1,086-441-3670,https://www.google.com/maps/place/%28%E6%A0%AA%29%E5%85%83%E5%B1%8B%E5%BB%A3%E5%91%8A%E7%A4%BE+%E5%B2%A1%E5%B1%B1%E3%82%AA%E3%83%95%E3%82%A3%E3%82%B9/data=!4m7!3m6!1s0x355407718371af71:0x54e6f94881562707!8m2!3d34.5967384!4d133.7641763!16s%2Fg%2F11fl136_n6!19sChIJca9xg3EHVDURBydWgUj55lQ?authuser=0&hl=ja&rclk=1
株式会社メディコム,https://www.medi-com.ne.jp,広島市 本川町２丁目６−１１ 5F,082-235-3220,https://www.google.com/maps/place/%EF%BC%88%E6%A0%AA%EF%BC%89%E3%83%A1%E3%83%87%E3%82%A3%E3%82%B3%E3%83%A0/data=!4m7!3m6!1s0x355aa27312c11053:0x7b721a6ed75fd12a!8m2!3d34.3971698!4d132.451091!16s%2Fg%2F1thvqjpd!19sChIJUxDBEnOiWjURKtFf124acns?authuser=0&hl=ja&rclk=1
広島税理士ジャックとまめの木,https://jackbean.co.jp,広島市 八丁堀５−２９ エム・ケイビル 8階,082-225-6215,https://www.google.com/maps/place/%E5%BA%83%E5%B3%B6%E7%A8%8E%E7%90%86%E5%A3%AB%E3%82%B8%E3%83%A3%E3%83%83%E3%82%AF%E3%81%A8%E3%81%BE%E3%82%81%E3%81%AE%E6%9C%A8/data=!4m7!3m6!1s0x355a98a827a3925d:0x3d37dbf80fca3c0a!8m2!3d34.3967175!4d132.4638831!16s%2Fg%2F11h6m9c2xv!19sChIJXZKjJ6iYWjURCjzKD_jbNz0?authuser=0&hl=ja&rclk=1
株式会社 成研,https://www.seiken-hiroshima.co.jp,広島市 横川町３丁目２−３６,082-533-7027,https://www.google.com/maps/place/%E6%A0%AA%E5%BC%8F%E4%BC%9A%E7%A4%BE+%E6%88%90%E7%A0%94/data=!4m7!3m6!1s0x355aa20de72d1be7:0x75b875ac7087c7b7!8m2!3d34.409681!4d132.448983!16s%2Fg%2F1wc45v91!19sChIJ5xst5w2iWjURt8eHcKx1uHU?authuser=0&hl=ja&rclk=1
株式会社 Next View,https://nextview-inc.jp,〒753-0831 山口県山口市平井5,0839-41-6821,https://www.google.com/maps/place/%E6%A0%AA%E5%BC%8F%E4%BC%9A%E7%A4%BE+Next+View/data=!4m7!3m6!1s0x35449749a9c40001:0xd445dd3ca2b5e936!8m2!3d34.154677!4d131.4650959!16s%2Fg%2F11l5tdr4g_!19sChIJAQDEqUmXRDURNum1ojzdRdQ?authuser=0&hl=ja&rclk=1
株式会社本州堂,https://honshudoh.jp,徳島市 一番町１丁目１０ 福助 54 2F,06-6245-7500,https://www.google.com/maps/place/%EF%BC%88%E6%A0%AA%EF%BC%89%E6%9C%AC%E5%B7%9E%E5%A0%82/data=!4m7!3m6!1s0x35536d5e757cbadb:0xfb3c6c66078516f0!8m2!3d34.0720255!4d134.5530441!16s%2Fg%2F1x6p_lcp!19sChIJ27p8dV5tUzUR8BaFB2ZsPPs?authuser=0&hl=ja&rclk=1
リッチハニカム株式会社,https://richhoneycomb.com,徳島市 佐古三番町１５−７,,https://www.google.com/maps/place/%E3%83%AA%E3%83%83%E3%83%81%E3%83%8F%E3%83%8B%E3%82%AB%E3%83%A0%EF%BC%88%E6%A0%AA%EF%BC%89/data=!4m7!3m6!1s0x3553729674c94c0b:0x97d7a6d834efadfd!8m2!3d34.0794446!4d134.5362666!16s%2Fg%2F11cs4nqgb4!19sChIJC0zJdJZyUzUR_a3vNNim15c?authuser=0&hl=ja&rclk=1
株式会社ハナブサ,https://www.e-hanabusa.com,〒761-0450 香川県高松市三谷町1,087-899-8723,https://www.google.com/maps/place/%EF%BC%88%E6%A0%AA%EF%BC%89%E3%83%8F%E3%83%8A%E3%83%96%E3%82%B5/data=!4m7!3m6!1s0x35536e7080bcbbfd:0x7851bfe10e170f55!8m2!3d34.1195368!4d134.5782349!16s%2Fg%2F11bx1s8m0c!19sChIJ_bu8gHBuUzURVQ8XDuG_UXg?authuser=0&hl=ja&rclk=1
株式会社ジェイ・オフィス西日本,http://j-officenishinihon.co.jp,〒760-0080 香川県高松市木太町2,087-812-1655,https://www.google.com/maps/place/%28%E6%A0%AA%29%E3%82%B8%E3%82%A7%E3%82%A4%E3%83%BB%E3%82%AA%E3%83%95%E3%82%A3%E3%82%B9%E8%A5%BF%E6%97%A5%E6%9C%AC/data=!4m7!3m6!1s0x3553eb5f7b4a317d:0x37cd998819e177a6!8m2!3d34.338797!4d134.079947!16s%2Fg%2F1tgkf33q!19sChIJfTFKe1_rUzURpnfhGYiZzTc?authuser=0&hl=ja&rclk=1
CM食堂有限会社,https://cm-syokudo.co.jp,〒799-2468 愛媛県松山市小川甲2,,https://www.google.com/maps/place/CM%E9%A3%9F%E5%A0%82%E6%9C%89%E9%99%90%E4%BC%9A%E7%A4%BE/data=!4m7!3m6!1s0x354fe5f3f43808cd:0xd0f8939b2855f82b!8m2!3d33.9276507!4d132.7603812!16s%2Fg%2F1tcypn7c!19sChIJzQg49PPlTzURK_hVKJuT-NA?authuser=0&hl=ja&rclk=1
GOLGO Consulting 合同会社,https://golgo-consulting.online,〒810-0022 福岡県福岡市中央区薬院3,092-231-8463,https://www.google.com/maps/place/GOLGO+Consulting+%E5%90%88%E5%90%8C%E4%BC%9A%E7%A4%BE/data=!4m7!3m6!1s0x6041cd35563fbdeb:0x95ec95db45524e70!8m2!3d33.5795963!4d130.3984134!16s%2Fg%2F11try0mmd7!19sChIJ670_VjXNQWARcE5SRduV7JU?authuser=0&hl=ja&rclk=1
センドグループ株式会社,https://www.sendo-group.co.jp,〒810-0014 福岡県福岡市中央区平尾3,,https://www.google.com/maps/place/%E3%82%BB%E3%83%B3%E3%83%89%E3%82%B0%E3%83%AB%E3%83%BC%E3%83%97%E6%A0%AA%E5%BC%8F%E4%BC%9A%E7%A4%BE/data=!4m7!3m6!1s0x354191cac2af590d:0x79e289940e9b2f63!8m2!3d33.5767104!4d130.4000282!16s%2Fg%2F11hc_8610_!19sChIJDVmvwsqRQTURYy-bDpSJ4nk?authuser=0&hl=ja&rclk=1
株式会社イーエスケイ,https://esk-syukyaku.com,福岡市 大名２丁目９−３５ トウセン天神ビル 7階,092-738-6184,https://www.google.com/maps/place/%EF%BC%88%E6%A0%AA%EF%BC%89%E3%82%A4%E3%83%BC%E3%82%A8%E3%82%B9%E3%82%B1%E3%82%A4/data=!4m7!3m6!1s0x3541918669da84cd:0xc88f9d06caf1d4e9!8m2!3d33.5907704!4d130.394192!16s%2Fg%2F1v6p6mzw!19sChIJzYTaaYaRQTUR6dTxygadj8g?authuser=0&hl=ja&rclk=1
株式会社ピュアクオリティ,https://pure-quality.co.jp,福岡市 高砂２丁目６−４ 第１０上村ビル ８階,092-531-5066,https://www.google.com/maps/place/%E6%A0%AA%E5%BC%8F%E4%BC%9A%E7%A4%BE%E3%83%94%E3%83%A5%E3%82%A2%E3%82%AF%E3%82%AA%E3%83%AA%E3%83%86%E3%82%A3/data=!4m7!3m6!1s0x354191327f4b396b:0xadd6064b3978f5c2!8m2!3d33.5778795!4d130.4098175!16s%2Fg%2F11k17f_b_d!19sChIJazlLfzKRQTURwvV4OUsG1q0?authuser=0&hl=ja&rclk=1
LISH株式会社,https://lishinc.co.jp,〒810-0021 福岡県福岡市中央区今泉１,,https://www.google.com/maps/place/LISH%E6%A0%AA%E5%BC%8F%E4%BC%9A%E7%A4%BE/data=!4m7!3m6!1s0x354191fb1dfa04c5:0x793430d887d0eb69!8m2!3d33.5867779!4d130.4003348!16s%2Fg%2F11wqzbsg75!19sChIJxQT6HfuRQTURaevQh9gwNHk?authuser=0&hl=ja&rclk=1
株式会社アドテック,https://www.ad-tech.biz/company,〒803-0841 福岡県北九州市小倉北区清水3,093-571-1222,https://www.google.com/maps/place/%EF%BC%88%E6%A0%AA%EF%BC%89%E3%82%A2%E3%83%89%E3%83%86%E3%83%83%E3%82%AF/data=!4m7!3m6!1s0x3543c768051b85d5:0xd94bcf81f7e79afa!8m2!3d33.873232!4d130.857115!16s%2Fg%2F1td2838f!19sChIJ1YUbBWjHQzUR-prn94HPS9k?authuser=0&hl=ja&rclk=1
筑陽株式会社 （旧筑陽美術）,https://chikuyo-kurume.co.jp,〒830-0014 福岡県久留米市寺町6,0942-33-5671,https://www.google.com/maps/place/%E7%AD%91%E9%99%BD%E6%A0%AA%E5%BC%8F%E4%BC%9A%E7%A4%BE+%EF%BC%88%E6%97%A7%E7%AD%91%E9%99%BD%E7%BE%8E%E8%A1%93%EF%BC%89/data=!4m7!3m6!1s0x3541a45b76b39f2d:0x1bc69e33942f76cd!8m2!3d33.319348!4d130.520661!16s%2Fg%2F1tdd_3rj!19sChIJLZ-zdlukQTURzXYvlDOexhs?authuser=0&hl=ja&rclk=1
有限会社 ビ・ムーブ 化粧品・健康食品コンサルティングオフィス,https://bmove.co.jp,久留米市 天神町1−１,0942-40-2622,https://www.google.com/maps/place/%E6%9C%89%E9%99%90%E4%BC%9A%E7%A4%BE+%E3%83%93%E3%83%BB%E3%83%A0%E3%83%BC%E3%83%96+%E5%8C%96%E7%B2%A7%E5%93%81%E3%83%BB%E5%81%A5%E5%BA%B7%E9%A3%9F%E5%93%81%E3%82%B3%E3%83%B3%E3%82%B5%E3%83%AB%E3%83%86%E3%82%A3%E3%83%B3%E3%82%B0%E3%82%AA%E3%83%95%E3%82%A3%E3%82%B9/data=!4m7!3m6!1s0x3541a4fc623d6653:0xf62e15e6e49057e5!8m2!3d33.3129426!4d130.5221874!16s%2Fg%2F1tc_hxrb!19sChIJU2Y9YvykQTUR5VeQ5OYVLvY?authuser=0&hl=ja&rclk=1
有限会社セピ,https://websepi.co.jp,佐賀市 久保田町大字徳万７９４−３,,https://www.google.com/maps/place/%28%E6%9C%89%29%E3%82%BB%E3%83%94/data=!4m7!3m6!1s0x3541cb430bfe9975:0xcbb6f4e04baae89!8m2!3d33.2432529!4d130.2396076!16s%2Fg%2F1ttp829r!19sChIJdZn-C0PLQTURia66BE5vuww?authuser=0&hl=ja&rclk=1
ポストイン長崎株式会社,https://post-in-nagasaki.com,〒857-1151 長崎県佐世保市日宇町 2,095-865-9231,https://www.google.com/maps/place/%E3%83%9D%E3%82%B9%E3%83%88%E3%82%A4%E3%83%B3%E9%95%B7%E5%B4%8E%E6%A0%AA%E5%BC%8F%E4%BC%9A%E7%A4%BE/data=!4m7!3m6!1s0x356aacef64063bc9:0xb83fc9407bdb0949!8m2!3d32.7924877!4d129.8738597!16s%2Fg%2F11ry7dhm5v!19sChIJyTsGZO-sajURSQnbe0DJP7g?authuser=0&hl=ja&rclk=1
株式会社毎日メディアサービス 佐世保営業所,https://m-media.co.jp/company/office,〒103-0027 東京都中央区日本橋2,092-471-1122,https://www.google.com/maps/place/%28%E6%A0%AA%29%E6%AF%8E%E6%97%A5%E3%83%A1%E3%83%87%E3%82%A3%E3%82%A2%E3%82%B5%E3%83%BC%E3%83%93%E3%82%B9+%E4%BD%90%E4%B8%96%E4%BF%9D%E5%96%B6%E6%A5%AD%E6%89%80/data=!4m7!3m6!1s0x356a968a5733d33b:0x6181e22822390ea6!8m2!3d33.1532976!4d129.7522388!16s%2Fg%2F1tfps4hj!19sChIJO9MzV4qWajURpg45IijigWE?authuser=0&hl=ja&rclk=1
おしゃれの泰徳,https://www.taitoku.co.jp,〒857-0871 長崎県佐世保市本島町3,,https://www.google.com/maps/place/%E3%81%8A%E3%81%97%E3%82%83%E3%82%8C%E3%81%AE%E6%B3%B0%E5%BE%B3/data=!4m7!3m6!1s0x356a943062553fb3:0x45ef6c855c4e0124!8m2!3d33.1710278!4d129.7216936!16s%2Fg%2F1tr79pt9!19sChIJsz9VYjCUajURJAFOXIVs70U?authuser=0&hl=ja&rclk=1
有限会社コスモ企画,https://www.cosmokikaku.net,〒860-0855 熊本県熊本市中央区北千反畑町5,096-343-8228,https://www.google.com/maps/place/%E6%9C%89%E9%99%90%E4%BC%9A%E7%A4%BE%E3%82%B3%E3%82%B9%E3%83%A2%E4%BC%81%E7%94%BB/data=!4m7!3m6!1s0x3540f407623b6147:0x383eeaef5164cb4b!8m2!3d32.809853!4d130.715763!16s%2Fg%2F1tcxmfpw!19sChIJR2E7Ygf0QDURS8tkUe_qPjg?authuser=0&hl=ja&rclk=1
㈱RITAマーケティングパートナーズ,https://rita-marketing.co.jp,〒860-0863 熊本県熊本市中央区 坪井2,096-342-4933,https://www.google.com/maps/place/%E3%88%B1RITA%E3%83%9E%E3%83%BC%E3%82%B1%E3%83%86%E3%82%A3%E3%83%B3%E3%82%B0%E3%83%91%E3%83%BC%E3%83%88%E3%83%8A%E3%83%BC%E3%82%BA/data=!4m7!3m6!1s0x3540f131910eb623:0xc8d8b680f7f5acb2!8m2!3d32.8089325!4d130.712325!16s%2Fg%2F11f5g5l73q!19sChIJI7YOkTHxQDURsqz194C22Mg?authuser=0&hl=ja&rclk=1
有限会社博栄社,https://hakueisha.jp,〒870-0946 大分県大分市曲 9,097-569-2107,https://www.google.com/maps/place/%E6%9C%89%E9%99%90%E4%BC%9A%E7%A4%BE%E5%8D%9A%E6%A0%84%E7%A4%BE/data=!4m7!3m6!1s0x354698b03772c11b:0xe07587427f3efb19!8m2!3d33.198665!4d131.6122254!16s%2Fg%2F1tffrqv_!19sChIJG8FyN7CYRjURGfs-f0KHdeA?authuser=0&hl=ja&rclk=1
ビューフィールド,https://www.beaufield.co.jp,〒889-1605 宮崎県宮崎市清武町加納甲2,0985-85-3031,https://www.google.com/maps/place/%E3%83%93%E3%83%A5%E3%83%BC%E3%83%95%E3%82%A3%E3%83%BC%E3%83%AB%E3%83%89/data=!4m7!3m6!1s0x3538b62b3caaf011:0xd738023ba37ef62c!8m2!3d31.8717267!4d131.400323!16s%2Fg%2F1v298sfv!19sChIJEfCqPCu2ODURLPZ-ozsCONc?authuser=0&hl=ja&rclk=1
株式会社conquistador,https://conquistador.work,鹿児島市 中町４−１９ SKF CORE 2F,099-295-4616,https://www.google.com/maps/place/%E6%A0%AA%E5%BC%8F%E4%BC%9A%E7%A4%BEconquistador/data=!4m7!3m6!1s0x353e5f29e3abcda1:0x5abd98afda80913e!8m2!3d31.592423!4d130.5560407!16s%2Fg%2F11vxjyg05b!19sChIJoc2r4ylfPjURPpGA2q-YvVo?authuser=0&hl=ja&rclk=1
株式会社Ｎｅｘｔｉｎｇ（ﾈｸｽﾃｨﾝｸﾞ）,https://www.nanocollo.com,鹿児島市 荒田１丁目３５−２４,,https://www.google.com/maps/place/%E6%A0%AA%E5%BC%8F%E4%BC%9A%E7%A4%BE%EF%BC%AE%EF%BD%85%EF%BD%98%EF%BD%94%EF%BD%89%EF%BD%8E%EF%BD%87%EF%BC%88%EF%BE%88%EF%BD%B8%EF%BD%BD%EF%BE%83%EF%BD%A8%EF%BE%9D%EF%BD%B8%EF%BE%9E%EF%BC%89/data=!4m7!3m6!1s0x353e674af9a58577:0x7c2ae265b9607118!8m2!3d31.575428!4d130.551058!16s%2Fg%2F11h_r8f33m!19sChIJd4Wl-UpnPjURGHFguWXiKnw?authuser=0&hl=ja&rclk=1
株式会社アドスタッフ博報堂,https://www.ad-staff.net,〒901-0151 沖縄県那覇市鏡原町1,098-859-7770,https://www.google.com/maps/place/%EF%BC%88%E6%A0%AA%EF%BC%89%E3%82%A2%E3%83%89%E3%82%B9%E3%82%BF%E3%83%83%E3%83%95%E5%8D%9A%E5%A0%B1%E5%A0%82/data=!4m7!3m6!1s0x34e56977df23c1d7:0xd99230766a260969!8m2!3d26.2011746!4d127.6774179!16s%2Fg%2F1v44n521!19sChIJ18Ej33dp5TQRaQkmanYwktk?authuser=0&hl=ja&rclk=1
株式会社 琉球新報開発,https://www.shimpo-k.co.jp,〒900-0005 沖縄県那覇市天久9,098-865-5272,https://www.google.com/maps/place/%28%E6%A0%AA%29+%E7%90%89%E7%90%83%E6%96%B0%E5%A0%B1%E9%96%8B%E7%99%BA/data=!4m7!3m6!1s0x34e5120bee4877d9:0xfa6c6f32a772280e!8m2!3d26.2342161!4d127.6854837!16s%2Fg%2F1xfslhc7!19sChIJ2XdI7gsS5TQRDihypzJvbPo?authuser=0&hl=ja&rclk=1
